DataType=double
version=3
OpenSimVersion=4.5.2-2025-05-03-6a4c6ec41
endheader
time	/forceset/addbrev_r|active_fiber_force	/forceset/addbrev_r|fiber_force	/forceset/addbrev_r|implicitresidual_normalized_tendon_force	/forceset/addbrev_r|passive_fiber_force	/forceset/addbrev_r|tendon_force	/forceset/addlong_r|active_fiber_force	/forceset/addlong_r|fiber_force	/forceset/addlong_r|implicitresidual_normalized_tendon_force	/forceset/addlong_r|passive_fiber_force	/forceset/addlong_r|tendon_force	/forceset/addmagDist_r|active_fiber_force	/forceset/addmagDist_r|fiber_force	/forceset/addmagDist_r|implicitresidual_normalized_tendon_force	/forceset/addmagDist_r|passive_fiber_force	/forceset/addmagDist_r|tendon_force	/forceset/addmagIsch_r|active_fiber_force	/forceset/addmagIsch_r|fiber_force	/forceset/addmagIsch_r|implicitresidual_normalized_tendon_force	/forceset/addmagIsch_r|passive_fiber_force	/forceset/addmagIsch_r|tendon_force	/forceset/addmagMid_r|active_fiber_force	/forceset/addmagMid_r|fiber_force	/forceset/addmagMid_r|implicitresidual_normalized_tendon_force	/forceset/addmagMid_r|passive_fiber_force	/forceset/addmagMid_r|tendon_force	/forceset/addmagProx_r|active_fiber_force	/forceset/addmagProx_r|fiber_force	/forceset/addmagProx_r|implicitresidual_normalized_tendon_force	/forceset/addmagProx_r|passive_fiber_force	/forceset/addmagProx_r|tendon_force	/forceset/bflh_r|active_fiber_force	/forceset/bflh_r|fiber_force	/forceset/bflh_r|implicitresidual_normalized_tendon_force	/forceset/bflh_r|passive_fiber_force	/forceset/bflh_r|tendon_force	/forceset/bfsh_r|active_fiber_force	/forceset/bfsh_r|fiber_force	/forceset/bfsh_r|implicitresidual_normalized_tendon_force	/forceset/bfsh_r|passive_fiber_force	/forceset/bfsh_r|tendon_force	/forceset/edl_r|active_fiber_force	/forceset/edl_r|fiber_force	/forceset/edl_r|implicitresidual_normalized_tendon_force	/forceset/edl_r|passive_fiber_force	/forceset/edl_r|tendon_force	/forceset/ehl_r|active_fiber_force	/forceset/ehl_r|fiber_force	/forceset/ehl_r|implicitresidual_normalized_tendon_force	/forceset/ehl_r|passive_fiber_force	/forceset/ehl_r|tendon_force	/forceset/fdl_r|active_fiber_force	/forceset/fdl_r|fiber_force	/forceset/fdl_r|implicitresidual_normalized_tendon_force	/forceset/fdl_r|passive_fiber_force	/forceset/fdl_r|tendon_force	/forceset/fhl_r|active_fiber_force	/forceset/fhl_r|fiber_force	/forceset/fhl_r|implicitresidual_normalized_tendon_force	/forceset/fhl_r|passive_fiber_force	/forceset/fhl_r|tendon_force	/forceset/gaslat_r|active_fiber_force	/forceset/gaslat_r|fiber_force	/forceset/gaslat_r|implicitresidual_normalized_tendon_force	/forceset/gaslat_r|passive_fiber_force	/forceset/gaslat_r|tendon_force	/forceset/gasmed_r|active_fiber_force	/forceset/gasmed_r|fiber_force	/forceset/gasmed_r|implicitresidual_normalized_tendon_force	/forceset/gasmed_r|passive_fiber_force	/forceset/gasmed_r|tendon_force	/forceset/glmax1_r|active_fiber_force	/forceset/glmax1_r|fiber_force	/forceset/glmax1_r|implicitresidual_normalized_tendon_force	/forceset/glmax1_r|passive_fiber_force	/forceset/glmax1_r|tendon_force	/forceset/glmax2_r|active_fiber_force	/forceset/glmax2_r|fiber_force	/forceset/glmax2_r|implicitresidual_normalized_tendon_force	/forceset/glmax2_r|passive_fiber_force	/forceset/glmax2_r|tendon_force	/forceset/glmax3_r|active_fiber_force	/forceset/glmax3_r|fiber_force	/forceset/glmax3_r|implicitresidual_normalized_tendon_force	/forceset/glmax3_r|passive_fiber_force	/forceset/glmax3_r|tendon_force	/forceset/glmed1_r|active_fiber_force	/forceset/glmed1_r|fiber_force	/forceset/glmed1_r|implicitresidual_normalized_tendon_force	/forceset/glmed1_r|passive_fiber_force	/forceset/glmed1_r|tendon_force	/forceset/glmed2_r|active_fiber_force	/forceset/glmed2_r|fiber_force	/forceset/glmed2_r|implicitresidual_normalized_tendon_force	/forceset/glmed2_r|passive_fiber_force	/forceset/glmed2_r|tendon_force	/forceset/glmed3_r|active_fiber_force	/forceset/glmed3_r|fiber_force	/forceset/glmed3_r|implicitresidual_normalized_tendon_force	/forceset/glmed3_r|passive_fiber_force	/forceset/glmed3_r|tendon_force	/forceset/glmin1_r|active_fiber_force	/forceset/glmin1_r|fiber_force	/forceset/glmin1_r|implicitresidual_normalized_tendon_force	/forceset/glmin1_r|passive_fiber_force	/forceset/glmin1_r|tendon_force	/forceset/glmin2_r|active_fiber_force	/forceset/glmin2_r|fiber_force	/forceset/glmin2_r|implicitresidual_normalized_tendon_force	/forceset/glmin2_r|passive_fiber_force	/forceset/glmin2_r|tendon_force	/forceset/glmin3_r|active_fiber_force	/forceset/glmin3_r|fiber_force	/forceset/glmin3_r|implicitresidual_normalized_tendon_force	/forceset/glmin3_r|passive_fiber_force	/forceset/glmin3_r|tendon_force	/forceset/grac_r|active_fiber_force	/forceset/grac_r|fiber_force	/forceset/grac_r|implicitresidual_normalized_tendon_force	/forceset/grac_r|passive_fiber_force	/forceset/grac_r|tendon_force	/forceset/iliacus_r|active_fiber_force	/forceset/iliacus_r|fiber_force	/forceset/iliacus_r|implicitresidual_normalized_tendon_force	/forceset/iliacus_r|passive_fiber_force	/forceset/iliacus_r|tendon_force	/forceset/perbrev_r|active_fiber_force	/forceset/perbrev_r|fiber_force	/forceset/perbrev_r|implicitresidual_normalized_tendon_force	/forceset/perbrev_r|passive_fiber_force	/forceset/perbrev_r|tendon_force	/forceset/perlong_r|active_fiber_force	/forceset/perlong_r|fiber_force	/forceset/perlong_r|implicitresidual_normalized_tendon_force	/forceset/perlong_r|passive_fiber_force	/forceset/perlong_r|tendon_force	/forceset/piri_r|active_fiber_force	/forceset/piri_r|fiber_force	/forceset/piri_r|implicitresidual_normalized_tendon_force	/forceset/piri_r|passive_fiber_force	/forceset/piri_r|tendon_force	/forceset/psoas_r|active_fiber_force	/forceset/psoas_r|fiber_force	/forceset/psoas_r|implicitresidual_normalized_tendon_force	/forceset/psoas_r|passive_fiber_force	/forceset/psoas_r|tendon_force	/forceset/recfem_r|active_fiber_force	/forceset/recfem_r|fiber_force	/forceset/recfem_r|implicitresidual_normalized_tendon_force	/forceset/recfem_r|passive_fiber_force	/forceset/recfem_r|tendon_force	/forceset/sart_r|active_fiber_force	/forceset/sart_r|fiber_force	/forceset/sart_r|implicitresidual_normalized_tendon_force	/forceset/sart_r|passive_fiber_force	/forceset/sart_r|tendon_force	/forceset/semimem_r|active_fiber_force	/forceset/semimem_r|fiber_force	/forceset/semimem_r|implicitresidual_normalized_tendon_force	/forceset/semimem_r|passive_fiber_force	/forceset/semimem_r|tendon_force	/forceset/semiten_r|active_fiber_force	/forceset/semiten_r|fiber_force	/forceset/semiten_r|implicitresidual_normalized_tendon_force	/forceset/semiten_r|passive_fiber_force	/forceset/semiten_r|tendon_force	/forceset/soleus_r|active_fiber_force	/forceset/soleus_r|fiber_force	/forceset/soleus_r|implicitresidual_normalized_tendon_force	/forceset/soleus_r|passive_fiber_force	/forceset/soleus_r|tendon_force	/forceset/tfl_r|active_fiber_force	/forceset/tfl_r|fiber_force	/forceset/tfl_r|implicitresidual_normalized_tendon_force	/forceset/tfl_r|passive_fiber_force	/forceset/tfl_r|tendon_force	/forceset/tibant_r|active_fiber_force	/forceset/tibant_r|fiber_force	/forceset/tibant_r|implicitresidual_normalized_tendon_force	/forceset/tibant_r|passive_fiber_force	/forceset/tibant_r|tendon_force	/forceset/tibpost_r|active_fiber_force	/forceset/tibpost_r|fiber_force	/forceset/tibpost_r|implicitresidual_normalized_tendon_force	/forceset/tibpost_r|passive_fiber_force	/forceset/tibpost_r|tendon_force	/forceset/vasint_r|active_fiber_force	/forceset/vasint_r|fiber_force	/forceset/vasint_r|implicitresidual_normalized_tendon_force	/forceset/vasint_r|passive_fiber_force	/forceset/vasint_r|tendon_force	/forceset/vaslat_r|active_fiber_force	/forceset/vaslat_r|fiber_force	/forceset/vaslat_r|implicitresidual_normalized_tendon_force	/forceset/vaslat_r|passive_fiber_force	/forceset/vaslat_r|tendon_force	/forceset/vasmed_r|active_fiber_force	/forceset/vasmed_r|fiber_force	/forceset/vasmed_r|implicitresidual_normalized_tendon_force	/forceset/vasmed_r|passive_fiber_force	/forceset/vasmed_r|tendon_force
32.69	13.57871777134364	56.20361336419616	0	42.62489559285252	55.9039126451126	18.05786967253285	77.26467462447172	0	59.20680495193889	76.66234451199297	13.02936707938482	25.75393334189876	0	12.72456626251394	25.15851009030367	13.31892511199453	30.24702592956712	0	16.92810081757258	29.77788085430555	12.56955843775267	22.45729941576524	0	9.887740978012571	21.80949733074586	17.35567820124662	27.22710847168989	0	9.871430270443277	25.46719520876205	29.68526831848826	87.64113448464359	0	57.95586616615533	86.36955435654572	12.22949804885392	45.86080738092195	0	33.63130933206804	44.52329407881491	457.4459675313599	469.6401179765916	0	12.19415044523162	455.8655835471079	5.822409678558631	13.30788079721714	0	7.485471118658506	13.01849479312631	14.30992571783728	36.80891246826526	0	22.49898675042798	35.99530821935922	29.81144109648956	70.6374904592699	0	40.82604936278035	68.46588378052576	30.2499699836368	150.967135369161	0	120.7171653855241	148.3754784997158	57.68721411822527	388.7321742007723	0	331.044960082547	384.966847098923	28.79164529940166	40.91380562331045	0	12.12216032390879	36.94431260133319	101.1178079088463	121.5043295966544	0	20.38652168780808	109.6732618561335	105.7793554520285	130.6754319365625	0	24.89607648453402	119.9092369506847	21.70947308923605	38.18145690876357	0	16.47198381952752	35.49462071550675	16.04937784289882	26.61859766964055	0	10.56921982674173	24.66009548206583	33.48237848683821	44.43541606844616	0	10.95303758160796	41.02588582262825	7.390539817651068	12.47459422366668	0	5.084054406015613	12.19855305246018	7.937517721270541	12.53666224769554	0	4.599144526425001	12.53666224769554	9.329417254762756	11.91030710864452	0	2.580889853881762	11.90629426750916	6.04196710056309	40.90178237275228	0	34.85981527218919	40.49324974843908	19.62919722396033	58.95034913116888	0	39.32115190720856	56.71558781583639	15.01173441241054	51.6642755646764	0	36.65254115226586	50.79380876715547	30.07918880851056	113.406612239192	0	83.32742343068145	110.6773484206447	20.77107563075512	23.11581957326792	0	2.344743942512803	21.64705877824693	331.3702952073078	419.0548192894597	0	87.68452408215185	410.9501511378256	369.4863844073888	409.0712993178462	0	39.58491491045742	396.6451308133923	94.23934966275166	108.7034625157644	0	14.46411285301274	108.671785919795	49.27500940429663	140.6873432611711	0	91.41233385687447	136.3423533421138	14.5109000507952	65.14035418637806	0	50.62945413558286	63.71545202964968	202.2413251746673	842.6128469690312	0	640.371521794364	799.7161681375366	19.46604387322495	25.49236485133736	0	6.026320978112413	25.44408146648665	414.9643672635589	432.645160794224	0	17.68079353066517	421.0605794919264	77.43859583719237	186.2192061112606	0	108.7806102740682	182.2643823875086	36.05030477629164	57.92858300350329	0	21.87827822721165	57.75422118529532	112.6625721693198	185.3164245552606	0	72.65385238594079	176.6841092707086	57.89868696656305	96.91336578402314	0	39.01467881746009	84.3231295598391
32.7215	14.84805648614482	53.16651852751898	0	38.31846204137416	52.87331819337231	34.38761128363437	83.827546351877	0	49.43993506824265	83.13542720613974	12.96035960560592	27.1385947286498	0	14.17823512304387	26.53679313860173	13.30298473011339	33.52219045674453	0	20.21920572663114	33.03505112865268	12.51407104920096	22.92242152004209	0	10.40835047084113	22.27441229191306	24.66401130897696	34.08690151298413	0	9.42289020400716	31.84066052774013	30.55889097568303	101.1364139947074	0	70.5775230190244	99.76381190628014	14.89507108050342	45.96308211993342	0	31.06801103943	44.58766242395756	334.4373014060309	346.0648511192857	0	11.62754971325474	335.7244585544353	26.55239223747772	33.68310269072968	0	7.130710453251958	32.93730689223714	12.27391576187525	34.97097105136996	0	22.69705528949471	34.20024014662992	25.54534963775682	67.0680595503562	0	41.52270991259937	65.0181059009189	29.78975280266808	144.4077227434398	0	114.6179699407717	141.8886333775336	56.56970251316242	366.0962527118164	0	309.5265501986539	362.4795053410658	26.1451519914853	40.14061691475667	0	13.99546492327136	36.494903738166	79.49518316093017	103.5965307839194	0	24.10134762298924	94.23299870599492	75.74731578352758	106.5569774110318	0	30.80966162750422	98.47529369438897	21.80695774171	39.87234432779137	0	18.06538658608138	37.17541154996215	16.11913387721139	28.41738397386878	0	12.2982500966574	26.46090219305506	66.09267425357676	78.82868903216963	0	12.73601477859287	73.17225536663443	7.332727089213074	12.5637297804947	0	5.231002691281621	12.28894445402101	7.866517300332215	12.75937430750475	0	4.89285700717254	12.75937430750475	9.198706338849703	12.15945630729793	0	2.960749968448225	12.15564260753677	5.927067526188486	39.40480349419862	0	33.47773596801014	39.00657326340748	21.47832475053442	55.06178293478125	0	33.58345818424682	52.85645382689878	13.32677262567405	50.4626097554211	0	37.13583712974705	49.61590438602314	27.00738050913905	111.6265542404651	0	84.61917373132601	108.953090248861	59.07215986629429	61.8429920278502	0	2.770832161555903	58.35556727989096	290.5499824162355	369.2601514660855	0	78.71016904984995	361.866476823484	419.929200748457	458.950564797522	0	39.02136404906498	444.9346658871244	66.70828877620745	79.80923281772689	0	13.10094404151944	79.78522643362818	48.51499565258163	154.6247571354019	0	106.1097614828202	150.0893739966943	13.5235520026264	67.9691397233908	0	54.4455877207644	66.51510432930475	168.2051411378154	851.5276095321203	0	683.3224683943049	809.0216883338452	15.13528078554237	20.17489427272181	0	5.039613487179433	20.13398028398275	487.507009699134	504.191708479026	0	16.68469877989201	490.3639882988298	61.23906788056178	171.4108093066985	0	110.1717414261367	167.7853897346292	36.03859433517895	62.0894354316206	0	26.05084109644164	61.91611119492515	111.6878917347214	198.4242900233385	0	86.7363982886171	189.8634722809601	57.94071068363542	103.7017647674328	0	45.76105408379743	91.16259712747372
32.753	16.7810708502821	51.28343771848304	0	34.50236686820094	50.99097291052188	60.94927574299	102.3207222349196	0	41.37144649192961	101.4253625639928	12.7384582104411	28.58102827606415	0	15.84257006562306	27.97328963852315	13.13530244887089	37.34188473057183	0	24.20658228170094	36.8327996222334	12.34747055032892	23.35815118675785	0	11.01068063642893	22.71231436916742	36.55082766219459	45.56533211208171	0	9.014504449887122	42.50725157664897	31.91651910899648	118.0175212790869	0	86.10100217009038	116.5165786265351	19.22865646027177	47.93036787783094	0	28.70171141755916	46.45824122843506	90.59122739266463	101.6514120516504	0	11.06018465898572	98.55559626207543	60.04140293768187	66.81947020284113	0	6.778067265159263	65.31229726283111	8.958172440348349	31.85005897707289	0	22.89188653672455	31.15007604001238	18.61524820440611	60.84977355959131	0	42.2345253551852	59.00050682244406	29.1165733995702	137.4235903738712	0	108.307016974301	134.9832206729619	54.90462682779214	341.2193840977419	0	286.3147572699497	337.7689741430705	21.37743528311287	37.50852730819432	0	16.13109202508146	34.3080732337999	41.30102643234834	69.70795160706575	0	28.40692517471741	63.83164577173205	23.80409613833208	61.77398226919196	0	37.96988613085988	57.43776399285289	21.82132494108485	41.57729352774465	0	19.75596858665981	38.86851493566279	16.05271865288942	30.42110132281201	0	14.3683826699226	28.45907508662173	121.2727536778263	136.2348689244099	0	14.9621152465835	127.1056267817399	7.219925583133427	12.61333952441703	0	5.393413941283604	12.34089023742167	7.721227953015001	12.94573649735447	0	5.224508544339465	12.94573649735447	8.876560696758286	12.31364997328862	0	3.43708927653034	12.31005736364811	5.68876780849428	37.97723946354071	0	32.28847165504642	37.58936193004183	24.30213449730732	52.88760220397341	0	28.58546770666609	50.64474931709277	10.60670746594093	48.23568134094565	0	37.62897387500472	47.42967467239995	22.07275373813932	108.0188663468168	0	85.9461126086775	105.4442972157429	129.975336011984	133.3716378238874	0	3.396301811903352	126.7355054486901	217.0370099595519	287.2857775882495	0	70.24876762869758	281.3162118740797	503.2590900531651	541.2745690899752	0	38.01547903681013	524.5938836615821	15.81548572956918	27.62162057992515	0	11.80613485035597	27.61302601753707	47.36432102260073	170.5446581408862	0	123.1803371182855	165.7865205023782	12.05257684017475	70.57477022137664	0	58.52219338120189	69.09759556183481	115.8080392270934	845.3508831648899	0	729.5428439377964	803.9693181049483	8.569386442428264	12.69387692085402	0	4.124490478425752	12.66606443810315	613.778559315318	629.4634099676756	0	15.68485065235764	611.7691107868236	34.78717609547852	146.3490494809786	0	111.5618733855001	143.2660628798532	35.33994543716008	66.2734485154229	0	30.93350307826282	66.10123467288801	107.8950190481307	210.974121862731	0	103.0791028146003	202.5050504950408	57.04105114656993	110.5815060148956	0	53.54045486832572	98.09269790017311
32.7845	16.45899126826176	47.50988617440525	0	31.05089490614349	47.22949744404492	52.20552678475397	86.8195300400716	0	34.61400325531763	86.01303594126411	12.91049303450095	30.6454689719233	0	17.73497593742235	30.02056098254748	13.03088619737919	42.03807875342316	0	29.00719255604397	41.49952891466943	17.7034521632358	29.39663159308686	0	11.69317942985106	28.60278261600723	70.51731728763551	79.15770503021578	0	8.640387742580275	73.74986611357781	33.70197836231283	138.78679701601	0	105.0848186536971	137.1297116878592	21.78634376434206	48.27292227376307	0	26.48657850942101	46.75022988428159	81.83035209572533	92.28212974756507	0	10.45177765183974	89.40994574129672	48.49846581652228	54.89853010282317	0	6.400064286300878	53.63379974785293	9.058645456593663	32.15900359744509	0	23.10035814085143	31.45432849063576	18.65521094732439	61.68339077464618	0	43.02817982732179	59.82048659005441	29.67742268357975	131.0780298791904	0	101.4006071956106	128.7014162899199	55.6985452021727	319.1399090424463	0	263.4413638402737	315.8307886609148	20.20884793023695	38.76524848107083	0	18.55640055083387	35.64918809696356	29.64991911560076	63.03484886118394	0	33.38492974558318	58.06045389730282	20.99445291367474	67.60208793880359	0	46.60763502512885	63.19021759999715	21.85509731695355	43.30599378420196	0	21.45089646724842	40.57980072222142	16.12500123550833	32.96117905972522	0	16.83617782421689	30.96844521459946	131.8691610456936	149.6500328168905	0	17.78087177119692	140.3105151138799	7.166004567800965	12.71418149201835	0	5.548176924217389	12.44284356982902	7.67498506237568	13.25551067449517	0	5.580525612119486	13.25551067449517	8.762467025248556	12.77995659583888	0	4.017489570590319	12.77649590438832	10.97755869876238	42.18000856349448	0	31.2024498647321	41.74487211420659	22.79986617857711	46.93302662334688	0	24.13316044476976	44.8164405155035	10.68622544829622	48.86753113791782	0	38.1813056896216	48.05467367992365	22.10945658701502	109.5536894578394	0	87.44423287082437	106.9565047872362	202.0248840820287	206.2689638760525	0	4.244079794023699	197.3127684879069	218.3933503082688	280.6800004551276	0	62.2866501468588	274.6102164208544	599.4827528608237	636.160737607462	0	36.67798474663833	616.2844499581659	9.23377984122221	19.82247441650808	0	10.58869457528587	19.81608078202709	46.47784705026693	189.3756326664537	0	142.8977856161868	184.3435541225692	11.56129178519431	74.42982955797457	0	62.86853777278026	72.90507532860181	114.4059539150464	898.891696354711	0	784.4857424396647	855.8229322812257	6.637932457727081	9.935888163958802	0	3.297955706231721	9.912119291905922	625.0589706883763	639.6828349247573	0	14.623864236381	621.1878483422433	34.80781956776993	147.8878238191291	0	113.0800042513591	144.7858137261742	35.58809994040649	72.22312268560724	0	36.63502274520075	72.04772194075737	108.105615202495	230.0403092653302	0	121.9346940628351	221.4061748514987	57.41763298088415	119.895011928601	0	62.47737894771684	107.1988272348987
32.816	14.94128974567317	42.92313334092153	0	27.98184359524836	42.66094811349495	23.96364129133545	53.01111975029561	0	29.04747845896016	52.4880310129552	13.27039715067578	33.12025490054473	0	19.84985774986896	32.47203691327146	12.90110234059328	47.57432319028859	0	34.6732208496953	47.00004512850654	26.5962755365885	39.04440219176044	0	12.44812665517193	38.01543745917265	120.4550164460566	128.7602614283217	0	8.305244982265139	119.8148198406187	35.82232829268172	163.0985675450388	0	127.2762392523571	161.2625467031263	23.81322234590734	48.17799748421447	0	24.36477513830713	46.61510469923353	229.3522478726722	239.1963523993984	0	9.844104526726209	231.5746745843891	9.86140791854875	15.88299716464945	0	6.021589246100703	15.50862618352281	10.84656318438896	34.15560581035575	0	23.30904262596679	33.40939208366829	22.10670699928577	65.96828339692138	0	43.86157639763562	63.98880746901183	30.90399487184477	120.4280083899307	0	89.52401351808592	118.1561173967226	57.70758004768598	297.3199844812719	0	239.612404433586	294.1468823601845	20.62330199433444	41.87703410798805	0	21.25373211365362	38.69454236592386	30.15645594460131	69.1829765763796	0	39.02652063177829	64.04984322300197	42.4719627238564	99.28580415329132	0	56.81384142943492	93.23067666826699	21.86865299192856	44.90497590028188	0	23.03632290835331	42.16013604938723	16.19756347428345	35.89337114079557	0	19.69580766651211	33.85399691761653	117.716844849262	139.0043171435142	0	21.28747229425224	130.9310046327485	7.128855481085338	12.80498119657376	0	5.676125715488423	12.53441028947651	7.656816992163988	13.59625140985322	0	5.93943441768923	13.59625140985322	8.693695661611033	13.39800770504053	0	4.704312043429502	13.39463740082951	19.80529268120664	49.96263105208823	0	30.15733837088159	49.44202252284708	19.10188166919657	39.34858663405068	0	20.24670496485411	37.45398317828835	12.13988283915228	50.90542587137116	0	38.76554303221888	50.06268076546428	24.56387282520465	113.607333882202	0	89.04346105699734	110.9291625195105	284.7779430839581	290.1488617973387	0	5.370918713380596	279.2174622943978	264.2762362945972	319.2317685387622	0	54.95553224416498	312.0297323688325	715.8360175220226	751.1279760109961	0	35.29195848897353	727.2975213393518	28.30310937980779	37.76424013620932	0	9.461130756401531	37.75158979027555	45.61531388528888	209.9259826253591	0	164.3106687400702	204.5923407936509	11.49503553381188	78.69042750377452	0	67.19539196996263	77.1099610823381	136.8033044901403	983.3473691650461	0	846.5440646749057	937.2705211763483	6.644640749121609	9.222812248477586	0	2.578171499355978	9.198475259005679	557.4414078999104	571.0236597047336	0	13.58225180482322	554.0019942701643	47.84784887459021	162.4859996305561	0	114.6381507559659	159.0926478463132	36.18001367153747	79.46144372256933	0	43.28143005103188	79.28048871763731	109.8648662309391	253.4678388652965	0	143.6029726343575	244.5365011033036	58.25145542255209	130.9692323293835	0	72.71777690683136	117.9227953749267
32.8475	13.8101909068766	39.12319316428049	0	25.31300225740388	38.87601257939493	17.28867082937867	41.82670388047001	0	24.53803305109134	41.38852765501761	13.13810537389859	35.33084295645228	0	22.19273758255369	34.66634545671314	12.6674419421967	53.92646747445657	0	41.25902553225987	53.31111776731304	23.6621515921869	36.9505132523517	0	13.2883616601648	36.00089765878241	130.7338260267307	138.7571490719936	0	8.023323045262972	128.9702312267026	137.4622680355736	290.0606027774766	0	152.598334741903	286.9673649528489	30.43247324617277	52.78397594178946	0	22.35150269561669	51.02063933366937	184.7381333985338	193.9923298046492	0	9.254196406115382	187.6579734183552	17.73485899780173	23.38917941860644	0	5.654320420804709	22.82458610353317	10.40026937087482	33.90943932061207	0	23.50916994973725	33.17068290359309	21.19909445459477	65.90524819948008	0	44.70615374488531	63.94029458265229	30.67360956950841	109.2216917258182	0	78.54808215630979	107.0717439584758	57.88377398832178	273.0871298558661	0	215.2033558675443	270.0741762188485	20.52193511291205	44.73615521538219	0	24.21422010247013	41.50956205480766	30.16532304648861	75.46369710488175	0	45.29837405839314	70.17463013890604	85.24253116344205	153.9122568796173	0	68.66972571617522	145.095010576823	21.78475528680859	46.12499980931999	0	24.34024452251139	43.36956328995613	16.21739959346979	39.09001429773729	0	22.8726147042675	36.99332772599794	86.32481608886783	111.8696160217343	0	25.54479993286648	105.8144400804501	7.075706718611611	12.81882330293357	0	5.743116584321959	12.54958625764796	7.624841923300024	13.87921736805429	0	6.254375444754264	13.87921736805429	8.714716161663455	14.18031714269703	0	5.465600981033575	14.17698811665711	16.91825075212838	46.10085439439601	0	29.18260364226763	45.61578950520373	17.98961875838644	34.88879457692919	0	16.89917581854275	33.08867636573888	11.76028186488012	51.1217806434679	0	39.36149877858777	50.27947180567867	23.88232296612197	114.5728412468803	0	90.69051828075835	111.8871943494183	327.0586449254828	333.8990574744529	0	6.840412548970165	322.9737057334963	294.094347235297	342.4140347571037	0	48.3196875218067	334.3384799975851	871.1077606196598	905.0439323152647	0	33.93617169560494	875.8762684089063	61.02635105730348	69.46034973768731	0	8.433998680383835	69.43614895647356	44.64238459928778	231.6996661552755	0	187.0572815559877	226.0473226134036	11.21662355850303	82.64570781880569	0	71.42908426030266	81.0153563510713	128.5230889226843	1042.707004678999	0	914.1839157563143	994.9238500482254	6.093067016286081	8.040852144003916	0	1.947785127717834	8.017161673373277	559.5724718389417	572.1561868273899	0	12.58371498844818	554.5483052507659	44.31800315551006	160.4928818946391	0	116.1748787391291	157.1553494794267	38.36644832803682	89.35765251175094	0	50.99120418371411	89.1662379906205	150.3809703977531	318.6938613852926	0	168.3128909875395	308.1105078551989	62.3434827266354	146.7508134708982	0	84.40733074426277	132.9570055482758
32.879	12.48169918767773	35.5143085054494	0	23.03260931777168	35.28255265883601	17.91849523113406	38.83663854114972	0	20.91814331001567	38.40540144305976	12.76235833614679	37.54145023792371	0	24.77909190177692	36.86208943869863	12.37474053898977	61.21783155739104	0	48.84309101840126	60.55537527706907	14.24743232869398	28.47342421429057	0	14.2259918855966	27.76042594013486	118.4412305885273	126.2391732795496	0	7.797942691022339	117.2209373289039	292.0865103067624	472.9547502381081	0	180.8682399313456	468.1540672604943	39.74216912959353	60.18004866636556	0	20.43787953677202	58.10668560706971	43.73382249025475	52.40228806054132	0	8.66846557028658	50.64619328787788	48.50096315182952	53.7912123677115	0	5.290249215881982	52.45942441760545	9.169062648665228	32.87219238668883	0	23.7031297380236	32.15796117665342	18.81243515757649	64.39059810075557	0	45.57816294317907	62.48316435903894	29.67871673267196	98.22180861150333	0	68.54309187883138	96.19921102179596	57.18148343312378	248.1638194447204	0	190.9823360115966	245.3212474051906	20.70001232743367	48.1727877967973	0	27.47277546936363	44.86506985461244	34.41532415387532	86.58111795079223	0	52.16579379691693	80.82231580739376	148.3883095588472	230.6700521145076	0	82.2817425556604	218.1975666746335	21.6660169444234	46.89925872234184	0	25.23324177791844	44.14000870222667	16.21991199244707	42.48183908793676	0	26.2619270954897	40.31806071951777	34.99930699994218	65.59580018695891	0	30.59649318701673	62.27649998578283	7.026019649951	12.75707204789076	0	5.731052397939756	12.4892668550527	7.602248958626568	14.09252408737715	0	6.490275128750584	14.09252408737715	8.817812529207497	15.08629045922114	0	6.268477930013639	15.08295909836464	7.442950828131258	35.73636908794229	0	28.29341825981103	35.35688383850067	17.66431587681364	31.70063944219788	0	14.03632356538424	29.94141471448516	10.73868675890973	50.71987966587809	0	39.98119290696836	49.88824108603495	22.13403320339948	114.5547542416067	0	92.42072103820723	111.8851393562916	335.9722916407251	344.7267351852411	0	8.754443544515976	334.8659504363602	325.8490497598066	368.2190235842417	0	42.36997382443509	359.1241199679729	1064.978413649612	1097.79349638513	0	32.81508273551746	1061.90836480799	112.1749862493032	119.679052575701	0	7.504066326397786	119.6356253190148	43.60570650501332	254.2844786141715	0	210.6787721091581	248.3040105934816	10.95367482349071	86.46104433259826	0	75.50736950910755	84.78284178724458	110.5824461176022	1099.977301594382	0	989.3948554767791	1050.696804075239	5.839631846755041	7.245475750068198	0	1.405843903313158	7.221271899141355	604.8499782464006	616.4525209935784	0	11.60254274717784	596.8262619775842	35.17044326206704	152.8836851686555	0	117.7132419065885	149.7176517821901	41.75152620787546	101.8167488180455	0	60.06522261017007	101.6111562096965	216.3630277073979	413.1918772844824	0	196.8288495770845	400.2242667717795	68.76909163405861	166.7377611313754	0	97.96866949731677	151.9204357027575
32.9105	12.01165985717838	33.01093981440864	0	20.99927995723025	32.78853276967273	16.50538879861319	34.41095779353684	0	17.90556899492365	34.00616240442938	12.62641775532009	40.24156890780174	0	27.61515115248165	39.53994008202154	12.04994170644919	69.57620133648918	0	57.52625963003997	68.860070668299	12.18815446752326	27.43045607815328	0	15.24230161063003	26.76129171638682	88.35588718932298	95.94763727889712	0	7.591750089574131	89.01423706549321	322.4076672598515	534.4080228101686	0	212.0003555503172	529.2222026361384	37.42273866392129	56.04015416442738	0	18.61741550050609	54.04541263022148	80.90262146171928	88.98219897227995	0	8.079577510560661	85.91501868261396	48.68580830418617	53.61027103034164	0	4.924462726155463	52.24592785759241	9.261763002116416	33.15375154347016	0	23.89198854135374	32.43527462694718	18.66294012152303	65.15598582770974	0	46.49304570618671	63.23862369774488	29.63701365490404	89.14124689420468	0	59.50423323930064	87.21573610877257	57.54573543250017	220.3984538875531	0	162.852718455053	217.7416993607543	20.75765049228605	51.87120550746803	0	31.11355501518197	48.47316701939194	33.32490976809743	93.11946209448742	0	59.79455232638998	87.22208507932356	239.4397592175783	337.2765905771836	0	97.83683135960527	319.9929378057572	21.58795838319506	47.38048627819292	0	25.79252789499786	44.6183877770802	16.21089184411558	46.14437680799421	0	29.93348496387863	43.90271837695924	19.48936142099854	56.16533700076529	0	36.67597557976675	53.50215507489071	6.988780500709122	12.65750733191945	0	5.668726831210334	12.39079452734129	7.597228463912741	14.27755390086365	0	6.680325436950906	14.27755390086365	8.923237256408809	16.08388873994003	0	7.160651483531216	16.08053038534936	5.265189209868508	32.71280909691875	0	27.44761988705024	32.36227358820285	17.08820102829507	28.65443830889847	0	11.56623728060341	26.9361520364847	10.7050790920425	51.34244724725346	0	40.63736815521096	50.50483982473938	21.96543703594014	116.238885654902	0	94.27344861896191	113.5465091984099	298.4550971107132	309.84364963641	0	11.38855252569684	302.0583257744066	241.5916919871731	278.5673580884782	0	36.97566610130499	271.3434438483312	1282.836474151558	1314.49005448116	0	31.65358032960187	1270.913963804013	119.4371157475166	126.0994536086796	0	6.662337861163018	126.0517283578346	42.67502014351156	277.6665457688543	0	234.9915256253428	271.3477346394433	10.78057647795928	90.18597131263353	0	79.40539483467424	88.46076216467311	106.6504525647996	1181.476406878495	0	1074.825954313696	1129.769644124088	5.432201900470126	6.382261825213162	0	0.9500599247430366	6.357654815803558	547.2770533667076	557.9060859128606	0	10.62903254615298	539.4751492756571	34.69916306831773	153.9706775742906	0	119.2715145059729	150.7954069613364	40.28548515088648	110.830921546884	0	70.5454363959975	110.619420233659	187.7991773599339	416.8365851626551	0	229.0374078027212	404.4339930141036	65.98623349809172	179.3673545276912	0	113.3811210295995	164.259894236953
32.942	12.06008189941121	31.23723862436582	0	19.17715672495461	31.01995319900771	16.52773150234616	31.9354763175815	0	15.40774481523534	31.53758478992521	12.54698205651252	43.21819776828475	0	30.67121571177223	42.49088986219748	11.68448745023801	78.97041445847812	0	67.28592700824011	78.19475754841449	12.5865692417603	28.9065507432886	0	16.3199815015283	28.21919191886609	39.44834012159546	46.85288711277304	0	7.404546991177588	43.42993304814727	294.1216039411247	539.8495538003962	0	245.7279498592714	534.8209995314415	28.52779415025784	45.45188633345489	0	16.92409218319705	43.77824422453536	218.9208460307007	226.4417104564511	0	7.520864425750486	218.4028312963169	36.99032071509517	41.56668907139962	0	4.576368356304448	40.47790763608802	9.899577780192374	33.96490698675709	0	24.06532920656472	33.23060072377895	19.36815773254654	66.77874051711055	0	47.41058278456401	64.82640314978578	29.90162798934596	81.35549583542424	0	51.45386784607827	79.50769333401792	58.10736472009671	196.3408787927392	0	138.2335140726425	193.8434352667321	20.79753420776136	55.95141770628753	0	35.15388349852617	52.44784629416024	30.37195695603112	98.61956782531196	0	68.24761086928083	92.65683550549019	353.276870168725	468.5800193180059	0	115.3031491492809	445.7291214857917	21.46964785317645	47.4832670837001	0	26.01361923052365	44.72653955113593	16.13720346237819	49.98837206025876	0	33.85116859788057	47.66352752900588	21.54195409162636	65.46030398224394	0	43.91834989061759	62.54497233529912	6.944800264535587	12.50320875871819	0	5.558408494182604	12.2378763260329	7.581481322763993	14.39850138209841	0	6.817020059334415	14.39850138209841	9.01345562791451	17.13246842522435	0	8.119012797309839	17.12907228282289	5.658118307777793	32.31251222085507	0	26.65439391307727	31.96320722148263	16.69683855202158	26.17043753150186	0	9.473598979480283	24.46655508142833	11.05130185886519	52.35501603229002	0	41.30371417342484	51.5051888845876	22.38212411367101	118.5605130847306	0	96.1783889710596	115.8312018131073	208.0711979952139	222.974035431592	0	14.90283743637814	218.0292670965487	74.77449867562639	106.9120293678663	0	32.13753069223993	103.9935580931987	1528.454620370473	1558.695288759755	0	30.24066838928194	1506.102862897171	98.43397983343891	104.34733991389	0	5.913360080451039	104.3061078456209	41.73543122711578	301.6344234285106	0	259.8989922013948	294.972468220057	10.65780156685776	93.8023390105441	0	83.14453744368635	92.03151596108988	107.4025320668164	1275.639457750686	0	1168.236925683869	1221.09819603765	4.94567808971435	5.525389696496969	0	0.57971160678262	5.500305835994422	414.0557123354671	423.7818329162334	0	9.726120580766262	409.2281865030952	37.62701695482067	158.400988660059	0	120.7739717052384	155.1473204591847	36.1569001659782	118.1899194639185	0	82.03301929794026	117.9757294990184	108.7800242791823	372.2051533788126	0	263.4251290996303	361.6499794267173	58.19218045204933	188.147243546937	0	129.9550630948877	173.0556231457763
32.9735	11.99327158674524	29.6435140667001	0	17.65024247995486	29.43105058103796	16.1932677327049	29.63410257398337	0	13.44083484127847	29.24428681645503	12.45436567544311	46.37534005824843	0	33.92097438280531	45.62052177176262	11.30660012879303	89.30092694822555	0	77.99432681943252	88.46080327799788	12.26838271200684	29.74726379883626	0	17.47888108682942	29.05757168317123	22.96452590704168	30.23449427488151	0	7.269968367839828	28.00609212515702	383.2273255105778	663.7045569898173	0	280.4772314792395	657.7407565379513	33.13883734395683	48.49376728749768	0	15.35492994354085	46.6443981596781	179.4904129439499	186.4928871626346	0	7.002474218684672	179.6723334183255	23.63805380368943	27.89151799030693	0	4.253464186617498	27.13934331830557	10.01831337954822	34.23487993491585	0	24.21656655536763	33.49626174699837	19.99130803885043	68.29064796048583	0	48.29933992163539	66.30641193675322	33.17207047550837	77.4164937280599	0	44.24442325255152	75.56218591958881	65.78271895602346	182.4839426933201	0	116.7012237372966	180.0271799073429	20.75313204316904	60.22851944449702	0	39.47538740132798	56.61227733707942	83.02476291335502	160.346426835728	0	77.32166392237293	151.0577776683746	336.9919341437168	471.3740985788472	0	134.3821644351303	449.4000894455311	21.2397818005102	46.9655278035558	0	25.7257460030456	44.23084927060181	15.96228657843213	53.6252695434748	0	37.66298296504267	51.22251730401175	18.53437039969288	70.60725223899877	0	52.07288183930588	67.63860803788185	6.86406306841713	12.23029511943501	0	5.366232051017878	11.96748628974051	7.511799604045542	14.3408891896342	0	6.829089585588661	14.3408891896342	9.004645525906707	18.00508727527937	0	9.000441749372657	18.00166814360137	5.297319997497301	31.23507021780388	0	25.93775022030658	30.8946266783754	16.29234881941389	24.0368072025811	0	7.744458383167212	22.3319626969428	11.43019144595037	53.3874834700953	0	41.95729202414493	52.52509856121807	23.19987741203552	121.2707464098632	0	98.07086899782763	118.4956716808337	129.4264773520416	148.6998157276084	0	19.27333837556676	145.7545466070208	26.09968188344849	54.02571658151028	0	27.92603469806179	52.4711052633704	1679.440931232897	1708.189491188692	0	28.74855995579485	1649.361190195991	104.3419511502779	109.5968668291341	0	5.254915678856189	109.5516359217674	40.75737755982614	324.577463820893	0	283.8200862610669	317.5915174019551	10.52805505367881	97.04523602749798	0	86.51718097381917	95.23391577967558	104.3262067681663	1370.994689723311	0	1266.668482955145	1313.673016589002	4.194579520691476	4.472598019744964	0	0.2780184990534874	4.448120427660852	424.5080681723502	433.4094313412524	0	8.901363168902138	417.9291574856711	38.1691696012256	160.3336841606785	0	122.1645145594529	157.0522560678131	46.00008194461259	140.3151724317721	0	94.31509048715945	140.0724360021806	309.7459401284764	608.8388953794295	0	299.092955250953	592.291808539422	102.3899332993618	249.7083982567331	0	147.3184649573713	230.5354680324283
33.005	11.99009748320192	28.34395846941688	0	16.35386098621496	28.1350991811488	16.07299831284768	27.93101387943452	0	11.85801556658683	27.54451257228925	12.37307199087131	49.69240253170202	0	37.31933054083071	48.90840558414896	10.92556193145125	100.397065496602	0	89.47150356515075	99.48889226526552	12.38787419285901	31.08566073421232	0	18.69778654135331	30.38250412489493	23.08624074001329	30.25666582214822	0	7.170425082134927	28.01220857046653	533.3126376465099	847.9526249665231	0	314.6399873200133	840.5638092127498	44.1541044698083	58.05500735589647	0	13.90090288608817	55.75886382118685	40.09446414534754	46.61457488366085	0	6.520110738313312	44.85766221949417	5.960237624206395	9.913288676533154	0	3.95305105232676	9.637937871765796	10.01183365764034	34.3578797355628	0	24.34604607792246	33.61790868573222	20.88170130002111	70.04208400315949	0	49.16038270313838	68.01885896209326	38.38634366651084	76.2029792266397	0	37.81663556012884	74.27157007572178	77.96842820464559	175.9155114365207	0	97.94708323187515	173.4001793786109	20.694041384216	64.72104941759748	0	44.02700803338148	60.98237739096751	168.6988482696634	255.641554107207	0	86.9427058375435	241.4032728714971	237.5438022259382	392.3798918633086	0	154.8360896373704	374.8191360290863	20.95889681784275	45.80945864435126	0	24.8505618265085	43.11039875858623	15.77817074424474	56.85868339653118	0	41.08051265228644	54.3858890427757	18.7025875017232	79.66730485588462	0	60.96471735416143	76.48647484050529	6.764532199757538	11.84564430653367	0	5.081112106776133	11.58592308992507	7.425196913884048	14.1158228145577	0	6.690625900673656	14.1158228145577	8.976194775276426	18.69710585167021	0	9.720911076393785	18.69366565365964	5.400301529406627	30.66626464571168	0	25.26596311630506	30.32936269333232	15.91557281239193	22.22638869795211	0	6.310815885560178	20.503634125957	11.97074717505324	54.57019315892021	0	42.59944598386698	53.69282899992285	24.48653656482899	124.4415517554526	0	99.9550151906236	121.6104361016073	51.53133446280663	76.12841502136496	0	24.59708055855834	74.76365426428926	34.07140893514212	58.34809993210961	0	24.27669099696748	56.57656060415652	1752.695950658274	1779.953227095799	0	27.25727643752531	1717.300761568948	126.3871536976146	131.0672742879329	0	4.680120590318367	131.0107752361375	39.89585346099197	345.1340300688816	0	305.2381766078896	337.8606538371639	10.4275470435489	99.76516683125058	0	89.33761978770168	97.92002073289383	100.7622491358174	1471.135734464332	0	1370.373485328515	1410.936426364742	3.195227395702888	3.236273748957924	0	0.04104635325503586	3.214295579541426	534.0925956625176	542.2384367213822	0	8.145841058864569	522.0835925515032	38.47163300982323	161.9164672633212	0	123.444834253498	158.6135737764745	63.32811711325225	170.5842830705452	0	107.2561659572929	170.3012807514004	661.2362099818281	996.6517341821558	0	335.4155242003277	970.5633550292637	176.2136254941746	341.445016726172	0	165.2313912319974	316.2338497210441
33.0365	11.96271212436847	27.20897268534131	0	15.24626056097284	27.00319257001826	15.92034954747477	26.5117540751124	0	10.59140452763762	26.12710041836842	12.24526138814289	53.03471166197767	0	40.78945027383478	52.22156550682653	10.53717863859571	111.9674269691221	0	101.4302483305264	110.9896028740887	12.34337311814326	32.28855265725673	0	19.94517953911347	31.57506200903217	36.16154227778762	43.26238803666824	0	7.100845758880622	40.03764258988248	538.5652918045088	885.7808943853075	0	347.2156025807989	878.2602379664481	35.15376684671288	47.74333777895904	0	12.58957093224616	45.78371498807098	35.61764785105065	41.68612326169751	0	6.068475410646863	40.06614338841352	13.60787850213761	17.27977811405868	0	3.671899611921065	16.78516310857878	9.647491132496096	34.10162356312306	0	24.45413243062696	33.36824358206611	20.11726779570564	70.11369020787045	0	49.99642241216481	68.09966679048603	35.50396639540155	67.82113070457729	0	32.31716430917574	65.99882774615435	72.13260261338858	154.3815335817777	0	82.24893096838919	152.0329889073117	20.55761244398028	69.31668155945796	0	48.75906911547769	65.4521371690866	208.4318947646865	305.4494835015867	0	97.01758873690022	289.0393390343065	345.4077649444537	521.8391247486635	0	176.4313598042097	499.3286009375585	20.69067724948857	44.19735191810909	0	23.50667466862051	41.54007045702084	15.58354045732288	59.51462564449025	0	43.93108518716738	56.98458564096703	17.80813788213814	88.18425246097074	0	70.3761145788326	84.82138094369188	6.665795619698474	11.3979834138136	0	4.732187794115126	11.14110782185124	7.330403043849122	13.75312145913532	0	6.422718415286198	13.75312145913532	8.90838721312571	19.1351145184191	0	10.22672730529339	19.13166678127855	5.350756445316524	29.99048148865285	0	24.63972504333633	29.65847937582637	15.55719905146369	20.70620115236499	0	5.149002100901301	18.94756147657379	11.48215126218809	54.71495095228343	0	43.23279969009535	53.83925031431873	23.58682392906238	125.4258489340469	0	101.8390250049845	122.5885338340815	22.43181183077628	53.2186183880179	0	30.78680655724163	52.34423872330117	25.77095857162706	46.92007452734421	0	21.14911595571715	45.41604650553122	1876.884713411096	1902.622501769249	0	25.73778835815285	1834.060207437897	121.0151727935045	125.201646605017	0	4.186473811512508	125.1453114157184	39.12052237900826	362.9305497077684	0	323.8100273287601	355.4106594777888	10.3185835552344	101.9484183879146	0	91.62983483268019	100.0763922582169	97.5593044428353	1577.423340003231	0	1479.864035560396	1514.202768703238	2.094405193902652	1.959825547200436	0	-0.1345796467022163	1.94274316689553	501.5426740083496	508.991511405689	0	7.448837397339353	489.2874544783642	36.97651971684161	161.594651918995	0	124.6181322021534	158.3081750007293	88.75888214579231	209.1791925158419	0	120.4203103700496	208.8447561534252	738.1545009897226	1109.163811737144	0	371.0093107474218	1081.058586180462	251.1582782826234	434.2179522045899	0	183.0596739219665	403.2372195340457
33.068	11.96546395936814	26.32488691983041	0	14.35942296046226	26.12121034726632	15.86470564109737	25.49642893540774	0	9.631723294310362	25.11078826807259	12.0979242819888	56.31769390379208	0	44.21976962180327	55.47606586455679	10.15991645488181	123.5870773855712	0	113.4271609306894	122.5405504298221	12.35842215572212	33.55399555648556	0	21.19557340076344	32.828539465136	63.21057114490108	70.27815169867927	0	7.067580553778189	65.02546342007243	455.8990235081732	832.3518215767264	0	376.4527980685532	825.4320922611652	15.4289566747801	26.87058830575049	0	11.44163163097039	25.72665854400964	104.1594327785199	109.8260806980487	0	5.666647919528761	105.427360588072	35.58665772022418	39.00740072064207	0	3.420743000417893	37.8571849939949	9.010990771197536	33.54883080376437	0	24.53784003256683	32.82815622043665	18.40471892647061	69.18334124561717	0	50.77862231914656	67.20623519598124	28.38265647067633	56.11379039186961	0	27.73113392119327	54.51540681834204	56.70450536698969	126.1405042008407	0	69.43599883385097	124.0992870575802	20.3634667690206	73.84149080477407	0	53.47802403575347	69.85274798763052	230.6527530585977	337.7968260792077	0	107.14407302061	320.2220225660149	572.305396397463	771.0890342009902	0	198.7836378035272	738.9075057354103	20.44377762946939	42.35010946404135	0	21.90633183457196	39.73556250523711	15.39572394061297	61.43685201202702	0	46.04112807141406	58.86617167754424	17.41001677423235	97.09222207262971	0	79.68220529839736	93.53087917792156	6.574286412935437	10.93573355746378	0	4.361447144528345	10.68110818355039	7.234427770501813	13.30002231862982	0	6.065594548128009	13.30002231862982	8.81592457804436	19.28715529636528	0	10.47123071832093	19.28371633150152	5.375234816422461	29.46329401116142	0	24.08805919473896	29.1348641742134	15.241119551437	19.49195178313796	0	4.250832231700964	17.67897690423857	10.40471190425783	54.24121542854535	0	43.83650352428752	53.37679893227649	21.48596608124676	125.1467426958866	0	103.6607766146398	122.3309900779084	27.15827885413674	64.50214992195883	0	37.34387106782208	63.51587137714684	26.42685840550212	44.99097853359929	0	18.56412012809716	43.47027205571361	2041.77160650015	2066.063669009485	0	24.29206250933488	1989.769130938008	96.59461109218098	100.3674980533281	0	3.772886961147153	100.3204446572387	38.39975982249311	377.2330635720123	0	338.8333037495192	369.517322906033	10.20613914999719	103.5803851793955	0	93.37424602939836	101.6885334317272	94.3216247570716	1685.822074822242	0	1591.500450065171	1619.560702528049	1.169447432906024	0.9216509738117306	0	-0.2477964590942937	0.9109765011997475	376.3566778530351	383.2021104399674	0	6.845432586932255	367.7589100379155	34.25892965136327	159.9061580793103	0	125.647228427947	156.6624887069941	121.60251296703	254.8278021948165	0	133.2252892277866	254.4331015120787	695.7071376165095	1099.969398643392	0	404.262261026882	1072.846160615741	337.3934710486017	537.4067295011259	0	200.0132584525242	500.1652165797876
33.0995	11.95299985604443	25.60563568844976	0	13.65263583240533	25.40365941169568	15.79384690794018	24.69276429564699	0	8.89891738770681	24.30583444652673	11.98578811591826	59.47673452014328	0	47.49094640422502	58.60757114929128	9.825425580328956	134.8019120348052	0	124.9764864544763	133.6901117205882	12.34127234496459	34.74523205467484	0	22.40395970971025	34.00869445662693	105.4893927495855	112.5461087137482	0	7.056715964162672	104.1258330285946	493.8529841717045	893.6322105381355	0	399.7792263664309	886.3175523333396	10.3992994083996	20.82192350131871	0	10.42262409291911	19.90297931938778	81.32608062746588	86.64090050019672	0	5.314819872730835	83.06962342791012	31.11715066084988	34.31778848920588	0	3.200637828356003	33.27674646322058	9.968878806221277	34.56632621254959	0	24.59744740632831	33.82439400477545	20.23365509632919	71.72087521712156	0	51.48722012079237	69.68062066667129	27.64535351661879	51.4345863676911	0	23.78923285107231	49.87997322440027	55.45330467488622	114.1016941074487	0	58.6483894325625	112.1358565650991	20.1810591010016	78.23222164297592	0	58.05116254197431	74.12133092961231	260.3783789810561	377.3948237929459	0	117.0164448118898	358.3023903654851	666.7864710997401	887.9159775293143	0	221.1295064295743	851.9188971528226	20.21908795536079	40.44130796952606	0	20.22222001416527	37.86654819144961	15.2574989625487	62.65529945670436	0	47.39780049415567	60.05916986569805	16.9197848443577	105.3426553780768	0	88.42287053371908	101.6002104240173	6.491510380554645	10.48850453376981	0	3.996994153215161	10.23539365835869	7.148774939827232	12.81382998806829	0	5.665055048241061	12.81382998806829	8.74025858332312	19.22340699634069	0	10.48314841301757	19.2199846595983	5.374380979566517	28.93162864223427	0	23.55724766266775	28.60693070825186	14.90739123630908	18.46487108667365	0	3.557479850364563	16.59024268718557	10.92735530357469	55.3210681857615	0	44.39371288218682	54.44286183937447	22.27928693110766	127.6453702485048	0	105.3660833173971	124.7876058461711	21.98469292961072	65.83010285951731	0	43.84540992990658	64.87958444978315	24.72060381530146	41.17457588626222	0	16.45397207096076	39.71106856898529	2206.380284164711	2229.444196320242	0	23.06391215553135	2145.206809958735	89.92374447264589	93.35077169898862	0	3.427027226342731	93.30528459488157	37.86754211224314	386.3689911985374	0	348.5014490862943	378.529686596644	10.15320251494467	104.4931329228319	0	94.33993040788722	102.5902251914864	113.3435327947343	1814.437830609169	0	1701.094297814435	1744.370419341405	0.6201515191215304	0.3045091056117822	0	-0.3156424135097483	0.2996645035300419	369.1254707600717	375.4520424458659	0	6.326571685794188	359.7285052859359	47.68014588995464	174.1945050023171	0	126.5143591123624	170.6686905265614	226.9458861473143	372.3905799775177	0	145.4446938302034	371.8291987422685	1124.436854236769	1559.025839353461	0	434.5889851166921	1521.443232492145	398.7777070686172	614.5696142618153	0	215.7919071931981	573.0155258608078
33.131	11.93873234366949	25.00865137587866	0	13.06991903220917	24.80803467185508	15.73440536163379	24.05718621153056	0	8.322780849896773	23.66854806840733	11.907192795787	62.50985074254543	0	50.60265794675843	61.61415202932756	9.538853771090919	145.5812210570251	0	136.0423672859342	144.4075362398055	12.34142774788802	35.90652968627425	0	23.56510193838622	35.15878008740094	163.4062651379153	170.4616913080053	0	7.055426170089973	157.7054301527999	609.4561939840995	1026.666479928887	0	417.2102859447879	1018.354397035458	11.15178579996042	20.66653739415482	0	9.514751594194394	19.72114771192448	21.46217455799266	26.4848088667378	0	5.022634308745138	25.36390995916114	14.44808388960723	17.46486922911241	0	3.016785339505177	16.92104414620674	11.83095616092738	36.46630442048082	0	24.63534825955344	35.68399597022205	23.93233801448799	76.0373987897861	0	52.10506077529812	73.88287847550431	29.30923314429421	49.66270237758949	0	20.35346923329528	48.06615646621491	59.54921093356791	108.9479751294888	0	49.39876419592088	106.9444034459199	20.02311905690793	82.59836255969515	0	62.57524350278723	78.36444982690323	290.0032463222294	416.75151336233	0	126.7482670401006	396.1887134531391	695.3348649427165	938.7711779953252	0	243.4363130526087	901.6819877947505	20.05166898704268	38.67646280371568	0	18.62479381667301	36.13230008662599	15.18416722565069	63.45133988644972	0	48.26717266079903	60.83809208005898	16.59675373131558	113.3242790868552	0	96.72752535553967	109.4058239969683	6.430243179561236	10.09862394767809	0	3.668380768116852	9.845827986749088	7.088656989658301	12.36643829607886	0	5.27778130642056	12.36643829607886	8.703393328790838	19.07931823184707	0	10.37592490305623	19.07590998624893	5.396065998373251	28.42696572155997	0	23.03089972318672	28.10571533340356	14.51529813588455	17.51996556260794	0	3.004667426723384	15.5838908023153	12.2348489136764	57.12434544885342	0	44.88949653517702	56.22060797923442	24.4359957899361	131.340445919341	0	106.9044501294049	128.4128789303011	22.62626947529908	72.95811819121015	0	50.33184871591106	71.95357680613196	24.67603937857701	39.35964148388703	0	14.68360210531002	37.89150400621588	2361.946957006285	2383.825712696301	0	21.8787556900167	2291.711305054022	94.48865687276174	97.6207585118741	0	3.132101639112364	97.57141316186505	37.64239036152524	391.0498287999591	0	353.4074384384339	383.1471588464923	10.16229981384516	104.802290505102	0	94.63999069125683	102.895513726997	145.0108621123908	1949.374358482534	0	1804.363496370143	1875.255287104707	0.3874402318026194	0.02596065096511346	0	-0.3614795808375059	0.02536904118199881	439.3905235081776	445.300063613815	0	5.90954010563742	425.979090969552	70.77206504825519	197.986166079321	0	127.2141010310658	193.9858054533659	379.4601953276278	536.3237103825802	0	156.8635150549524	535.5336149499767	1824.566670470972	2286.191576220657	0	461.6249057496847	2232.099066675837	448.0121540879157	678.1196883070309	0	230.1075342191151	633.2024379762878
33.1625	11.95405870964694	24.58074390843366	0	12.62668519878672	24.38081092873489	15.73275339326648	23.64137986993109	0	7.908626476664605	23.24978104702574	11.74657953677164	65.3210282225991	0	53.57444868582746	64.40129522725569	9.268676543890546	155.9380890262293	0	146.6694124823388	154.7057476073361	12.30309038424844	37.00303676017992	0	24.69994637593149	36.2449509753563	209.4549467431853	216.5304523554744	0	7.075505612289075	200.3385405174415	704.1907286724876	1134.117088622422	0	429.9263599499338	1125.005229138766	10.26114566843374	18.98546617370522	0	8.724320505271479	18.08609807335043	59.09400740004209	63.89024160128903	0	4.796234201246945	61.12470555053482	12.47620689954659	15.34961187898526	0	2.873404979438672	14.86086702997135	11.48747930412338	36.1428460552058	0	24.65536675108242	35.36769111313465	23.10460529804202	75.71120870264497	0	52.60660340460293	73.57273650261006	28.29296637522807	45.69581778207101	0	17.40285140684293	44.13025192640274	57.30751132284658	98.87074386997428	0	41.5632325471277	96.92549701260339	19.83471101959964	86.87871995489317	0	67.04400893529353	82.52478442111494	256.0516174475205	392.3302792714321	0	136.2786618239116	373.4019137236968	850.46384372914	1116.048946538229	0	265.5851028090893	1072.962366024139	19.92622676253089	37.14110081672078	0	17.21487405418989	34.61816638959136	15.1238992924704	63.95746932608281	0	48.83357003361241	61.33363877312532	16.24243027353903	120.8034790894202	0	104.5610488158811	116.7222379186207	6.387013832983279	9.778047025323573	0	3.391033192340295	9.524577659050399	7.039863946486544	11.9702891465253	0	4.930425200038757	11.9702891465253	8.663779687750356	18.86911944230526	0	10.20533975455491	18.86572918865072	5.405678090384495	27.96085630668741	0	22.55517821630292	27.64282946023516	14.10521513379299	16.69115115457686	0	2.585936020783877	14.69057844444936	12.1011469919836	57.40099624010954	0	45.29984924812594	56.49542472559876	24.09620413053404	132.2900211835947	0	108.1938170530606	129.352013229386	21.44765284254348	78.07317401820538	0	56.6255211756619	77.04012773244966	24.21098968260017	37.43008571202012	0	13.21909602941994	35.96807597823986	2566.12736435163	2586.853685317326	0	20.72632096569584	2484.522571600201	116.8923942694362	119.7729012485424	0	2.880506979106292	119.7102114714147	37.40886556113098	392.6540700021915	0	355.2452044410605	384.7309125482231	10.12077074821097	104.677207239342	0	94.556436491131	102.7722786277841	130.779811699391	2024.954725494621	0	1894.17491379523	1948.933927806242	0.2965620489954102	-0.08574444865137965	0	-0.3823064976467898	-0.08278474247081384	389.360434978987	394.957954440932	0	5.59751946194494	377.2946892818574	63.84203407675559	191.5808163419148	0	127.7387822651592	187.7149439740238	393.9590938408875	561.1517839068649	0	167.1926900659775	560.3408582203326	2504.083291692694	2990.835242232777	0	486.7519505400829	2921.207722476978	425.888419644331	668.5352052379909	0	242.6467855936599	624.99180969044
33.194	12.00768252619787	24.38372028832483	0	12.37603776212696	24.18364347961159	15.80283113050471	23.48327667414903	0	7.680445543644318	23.08769269412541	11.54673336498639	67.93177094817761	0	56.38503758319123	66.99004073075189	9.020520447037812	165.7599345974209	0	156.7394141503831	164.4726349635547	12.24731880472044	38.07966880799706	0	25.83235000327662	37.31146726782802	252.4941260559991	259.6307024157261	0	7.136576359727033	240.2727416307412	798.453933172417	1236.226290196816	0	437.772357024399	1226.339807065798	10.41214276255819	18.47354674298732	0	8.06140398042912	17.56938131437163	149.4940138274465	154.0996477777413	0	4.605633950294872	147.2987173471144	16.46033149202437	19.21383952879776	0	2.753508036773394	18.59015421524157	10.08158830964218	34.74548952592797	0	24.6639012162858	34.00039317399218	20.12963698409188	73.15342945460357	0	53.02379247051169	71.09257250582205	26.62739880894339	41.6072721624621	0	14.97987335351872	40.08858773804625	53.43414355573094	88.64768939765327	0	35.21354584192233	86.78209643882293	19.62791581135864	90.8399361420694	0	71.21202033071076	86.37566557637162	178.3231037494386	323.4302792325647	0	145.1071754831261	308.1234801002185	1102.239703117704	1389.050895571344	0	286.8111924536398	1336.495412541608	19.88894667289896	35.97764192226468	0	16.08869524936572	33.46205612992383	15.09258282049104	64.27056683988603	0	49.17798401939498	61.64002698201275	15.93178866836152	127.3763816573646	0	111.4445929890031	123.1532848595413	6.376814933381947	9.560886356529473	0	3.184071423147524	9.305444032015002	7.020011720733804	11.66878715040773	0	4.648775429673931	11.66878715040773	8.641396466197129	18.64418069197013	0	10.002784225773	18.64080597098139	5.413005640613839	27.58086203330044	0	22.16785639268661	27.26546014450179	13.71099594878082	16.00815346936231	0	2.297157520581483	13.94324971522943	11.3584336491992	57.0048062551672	0	45.646372605968	56.10758450015625	22.7142723671232	132.0083360203359	0	109.2940636532127	129.085543512753	21.2360288638948	83.32503304894249	0	62.08900418504768	82.25574292170869	24.13272086580258	36.20325440133842	0	12.07053353553584	34.72886273243221	2818.920311937004	2838.60751997157	0	19.6872080345659	2723.697992531811	155.2684027474201	157.9364978413509	0	2.66809509393075	157.8510979200933	37.19983917080491	391.6454118306671	0	354.4455726598622	383.7379656206747	10.05714470752276	104.2369409792227	0	94.17979627169997	102.3379357297108	94.48118430489144	2067.388360485308	0	1972.907176180416	1990.591107604292	0.2479707996264906	-0.1284037826027009	0	-0.3763745822291915	-0.1212504911509943	257.663625169373	262.9951203530607	0	5.331495183687696	250.9220326077113	41.34135588663636	169.4829368060235	0	128.1415809193871	166.0663820152787	330.6907788806424	507.1104702534137	0	176.4196913727712	506.3892955331753	3265.112814214599	3775.750661508314	0	510.637847293715	3689.116977866653	352.7165540335999	606.7857839684954	0	254.0692299348955	567.8293505210942
33.2255	12.07481092634805	24.39543521576463	0	12.32062428941658	24.19470824072778	15.90019809575477	23.51395406814828	0	7.613755972393507	23.11484837749125	11.43077176706256	70.52137919143846	0	59.0906074243759	69.55745781470178	8.817346894088319	175.2692596861039	0	166.4519127920155	173.9292533186718	12.22878914002008	39.23278794507231	0	27.00399880505223	38.4531748930113	311.1217987729223	318.3641533061106	0	7.242354533188307	294.7608219393569	988.5156994953611	1431.155380830468	0	442.6396813351066	1419.742038655189	10.18984452348129	17.71594023786104	0	7.526095714379757	16.82312532209612	131.7914410908346	136.2336170273031	0	4.442175936468419	130.1150847090633	19.83631290980106	22.48693613717568	0	2.650623227374619	21.74418577333369	9.763976370067954	34.42871935610085	0	24.66474298603289	33.69042824180552	19.17088547035577	72.55745819892337	0	53.3865727285676	70.51797123636146	26.06476093606744	39.1558574399864	0	13.09109650391896	37.63871809341851	52.17701093618464	82.50171325660386	0	30.32470232041922	80.65152567563277	19.45986203382513	94.48755658554452	0	75.02769455171939	89.92105080805476	114.6210720653159	267.6972578730318	0	153.0761858077159	255.2318916529485	1285.314137707918	1592.25042890636	0	306.9362911984413	1533.058190085338	19.91209258850013	35.20728377993681	0	15.29519119143669	32.68913632672415	15.10095374994742	64.66139546843939	0	49.56044171849199	62.02134070704113	15.69545444748529	133.1704238893014	0	117.4749694418161	128.8225835013888	6.390923053760399	9.444313697849594	0	3.053390644089195	9.186333971759943	7.028160082130079	11.48332059519776	0	4.455160513067678	11.48332059519776	8.655895344657877	18.50973527825128	0	9.853839933593402	18.50636453615557	5.431809449211773	27.35301165383311	0	21.92120220462133	27.03909847346284	13.30195833068496	15.38678991537069	0	2.084831584685729	13.27184039347062	10.99859612217271	56.95108476138422	0	45.9524886392115	56.05654198610069	22.0819483339911	132.3574544340808	0	110.2755061000897	129.4348345956016	20.84151554130665	87.56816830743432	0	66.72665276612767	86.47045957065671	23.94871134185706	35.10609836420009	0	11.15738702234303	33.62290648142156	3098.297219228874	3117.008307208561	0	18.71108797968748	2987.928636015708	185.9066713427122	188.3936436240576	0	2.486972281345425	188.2886465229626	37.27584398027116	390.3217802653952	0	353.0459362851241	382.4321227562806	10.0637202781946	103.8776730982475	0	93.81395282005288	101.9831149940948	85.16277340254913	2130.037559397711	0	2044.874785995162	2051.642182997684	0.2130404198765896	-0.1531099023999028	0	-0.3661503222764924	-0.138162862808897	233.4523682507539	238.5582335592219	0	5.105865308468037	227.3451692292036	35.70657875679352	164.1714924799822	0	128.4649137231887	160.8646489155182	374.0995236649177	559.1564774895173	0	185.0569538245996	558.3724409306365	3279.48762221513	3812.775322709275	0	533.287700494146	3726.42725378033	442.2364797562062	707.1572901653057	0	264.9208104090994	662.3432388735562
33.257	12.15489012316546	24.59388440094738	0	12.43899427778193	24.39207164283761	16.0241000016585	23.70774198945358	0	7.683641987795081	23.30564391680427	11.34515952611505	73.12762598473084	0	61.78246645861579	72.14130400849814	8.633908184064548	184.7694207794257	0	176.1355125953612	183.3772676421196	12.22246854688956	40.47698123963178	0	28.25451269274222	39.68482437920762	381.8582176631295	389.2545163361158	0	7.396298672986303	360.6352176777766	1261.055843929968	1708.071768809608	0	447.0159248796402	1694.483867558718	10.10111396468138	17.19995186299327	0	7.09883789831189	16.31086699074162	54.25189508095963	58.55390196629108	0	4.302006885331455	55.88264808571159	24.91618128167977	27.47857460614431	0	2.562393324464548	26.55667296054719	9.747192842723148	34.4072771554443	0	24.66008431272115	33.66940344714011	18.69552278466467	72.39595461328324	0	53.70043182861856	70.36492197447676	25.86536851717517	37.48912333062704	0	11.62375481345187	35.95516898827896	51.76854814706716	78.34347866380725	0	26.57493051674008	76.48141323944013	19.30238035637243	97.85779254251264	0	78.5554121861402	93.19698548537964	49.15677522094318	209.5076927771677	0	160.3509175562245	199.8872559676297	1416.757266338105	1743.233107002989	0	326.4758406648834	1679.449110912976	19.92129145022819	34.65460365194603	0	14.73331220171784	32.13355269463699	15.09384922383509	65.12813328301604	0	50.03428405918095	62.47713854628005	15.48777921657619	138.3840196164327	0	122.8962403998565	133.9246163638148	6.404253635799395	9.377661607880679	0	2.973407972081286	9.117703275534458	7.031472772055778	11.35275818925566	0	4.321285417199885	11.35275818925566	8.657785090951009	18.40779189601571	0	9.7500068050647	18.40442575698637	5.449578674087891	27.29324190275407	0	21.84366322866618	26.97963569880269	12.90499979139754	14.83438612181236	0	1.929386330414819	12.68033916889804	10.65495710465702	56.87625568269815	0	46.22129857804113	55.98448106325695	21.53327928303662	132.6783163356701	0	111.1450370526335	129.7555429508029	20.63099829844099	91.31640918928903	0	70.68541089084805	90.19278766780529	23.83015427519584	34.25278432905641	0	10.42263005386057	32.75770495753227	3414.781332210495	3432.672071138491	0	17.89073892799546	3287.509734540467	213.6952078186789	216.02533778583	0	2.330129967151047	215.901477501646	37.40598682773502	391.6105844965384	0	354.2045976688033	383.7016700628638	10.08224177309568	103.8126290807546	0	93.7303873076589	101.9187433241959	84.14216158684314	2194.130565974117	0	2109.988404387274	2114.024722571643	0.1876199987380392	-0.1519125638509031	0	-0.3395325625889423	-0.122257550466917	275.3087989589515	280.2227072361582	0	4.913908277206644	266.7693778076334	35.24031819744174	163.9628489450305	0	128.7225307475887	160.6623007943309	471.2812239625753	664.6270093473212	0	193.3457853847459	663.7069837162074	2680.061524770535	3234.983989075591	0	554.9224643050559	3162.586425433714	625.430875539832	900.7594390433221	0	275.3285635034902	844.3509603935801
33.2885	12.20794266121813	24.88082878016249	0	12.67288611894436	24.67803261827831	16.12017137048138	23.95450855334174	0	7.834337182860357	23.55106911852013	11.2416198569391	75.66745289698542	0	64.42583304004633	74.65951503008702	8.452542282255921	194.1281926732742	0	185.6756503910183	192.6851923080743	12.19196941652441	41.74019358167844	0	29.54822416515403	40.93553290729931	457.344207151568	464.9178264233682	0	7.573619271800218	431.0806698015908	1466.945682145503	1918.928811700026	0	451.9831295545229	1903.705887855676	10.17036959874556	16.9375446377753	0	6.767175039029745	16.04310825643664	129.888228961628	134.0669266764532	0	4.178697714825156	127.8631447481877	34.23510945654337	36.71996769565411	0	2.484858239110742	35.47039200070754	10.13968346091056	34.7911641997883	0	24.65148073887773	34.04497543862683	19.02046381681057	72.9975130599523	0	53.97704924314174	70.95305057593951	25.74871436408339	36.28066007768757	0	10.53194571360418	34.72318620567172	51.48166397503805	75.29175555179228	0	23.81009157675424	73.40826049844667	19.17046844155521	101.0051760572107	0	81.8347076156555	96.25603736362196	26.5251811494394	193.5259690590387	0	167.0007879095993	184.7465612542451	1479.059539145313	1824.411647243105	0	345.3521080977923	1758.608787785744	19.95970564594393	34.32314138396519	0	14.36343573802125	31.79572114438994	15.10561566432576	65.74019146962779	0	50.63457580530203	63.0743551240456	15.32759114071907	143.2360149285335	0	127.9084237878145	138.6729127492106	6.426831361650114	9.363120358451511	0	2.936288996801396	9.101362456298759	7.053735862831659	11.29986436010999	0	4.246128497278336	11.29986436010999	8.693924764209823	18.41315303578271	0	9.719228271572883	18.40977969468608	5.459923900875871	27.37170547307406	0	21.91178157219819	27.05747558877318	12.53710328290088	14.35226640644619	0	1.815163123545317	12.1687823952095	10.7725175444946	57.23405771653513	0	46.46154017204053	56.33809306807606	21.61085095846334	133.5393440243065	0	111.9284930658431	130.6038175476261	20.49276475488974	94.77203292192506	0	74.27926816703531	93.62399931772894	23.71967650354376	33.54483436838403	0	9.825157864840264	32.03796594459458	3690.922171273879	3708.127363543879	0	17.20519227000041	3548.34680188671	236.6462189199613	238.8438972927909	0	2.197678372829562	238.7033151535445	37.45849994146029	395.9744911230793	0	358.515991181619	388.0040674641788	10.09786503933657	104.0423597184424	0	93.9444946791058	102.1454614369639	82.94346555556162	2252.663783203785	0	2169.720317648224	2171.006943139548	0.181478576223922	-0.0710404083970974	0	-0.2525189846210194	-0.03903330743630315	196.7457028605373	201.4912024768271	0	4.745499616289789	191.6294539504136	37.92000384907764	166.8510683437235	0	128.9310644946459	163.4940988341947	409.7534675692414	610.9911717617628	0	201.2377041925213	610.1552059655533	2340.648148165081	2916.083256594358	0	575.4351084292771	2851.522980961056	554.7905506939268	840.0342444305576	0	285.2436937366309	787.9967579474851
33.32	12.23744800860947	25.18273518796784	0	12.94528717935837	24.9791360211129	16.18661124307832	24.20186017535873	0	8.015248932280411	23.79821817976157	11.1429454230818	78.0607021206843	0	66.9177566976025	77.03249532770648	8.285956416374688	202.984005774224	0	194.6980493578494	201.4933267468969	12.15357157866186	42.95788028855054	0	30.80430870988868	42.14121865584988	539.256863335716	547.0041223601987	0	7.747259024482686	507.5896454582378	1615.386218082904	2074.56735292152	0	459.1811348386158	2058.17490824115	10.38222171924714	16.89646467614102	0	6.514242956893874	15.98856446339215	296.0332963466781	300.1146257239376	0	4.081329377259434	286.0552550425859	47.04088517941396	49.46377739733663	0	2.422892217922668	47.75967515229642	10.90140968700506	35.54221511096055	0	24.64080542395549	34.77981141440419	20.02162771453865	74.22980484103122	0	54.20817712649259	72.15375506649714	25.75635660182342	35.46771596596558	0	9.711359364142165	33.88172965954167	51.44504468608117	73.19626073705582	0	21.75121605097466	71.28369235586506	19.05695958822336	104.0592127939353	0	85.00225320571195	99.22417811762801	29.58639819750254	202.8169846288178	0	173.2305864313153	193.7154398619193	1477.810710291156	1841.072708538274	0	363.2619982471187	1775.51492127634	19.98251683781994	34.10944580206328	0	14.12692896424335	31.5776350964903	15.10693978024031	66.53686554726265	0	51.42992576702234	63.85206206175665	15.18489632030203	148.1209066169974	0	132.9360102966953	143.4537508149378	6.443654940497749	9.368819227345515	0	2.925164286847766	9.106000457972737	7.07488785506508	11.29166947516202	0	4.21678162009694	11.29166947516202	8.734862448693647	18.5210920605849	0	9.786229611891249	18.51770568448554	5.465327990401929	27.53952597227642	0	22.07419798187449	27.22407515667731	12.19144004915805	13.91388988303147	0	1.722449833873429	11.71123303136188	11.18327581340258	57.84866211315679	0	46.66538629975421	56.94429061515187	22.104867195228	134.7033792749077	0	112.5985120796797	131.7475947994669	20.42163138074508	98.60479087681701	0	78.18315949607192	97.42923292703604	23.61918769050886	32.9405918009271	0	9.32140411041825	31.42234903476799	3927.223267705389	3943.854998402307	0	16.63173069691762	3771.09984173445	254.7765870048373	256.864289263848	0	2.087702259010686	256.7095042264545	37.43739524205505	402.9938887924176	0	365.5564935503626	394.9257985687964	10.11455944937744	104.5084496910352	0	94.3938902416578	102.6055735958613	84.45755903667866	2306.214126792653	0	2221.756567755975	2223.120920968081	0.1942637248820732	0.1011002520909567	0	-0.09316347279111654	0.001575169519609738	43.96078478023708	48.58017036863027	0	4.619385588393182	46.16241356146506	44.46985621598218	173.5610143876106	0	129.0911581716284	170.070419641962	246.1452439779849	454.6885668989389	0	208.543322920954	454.0728614056333	2144.839867285574	2739.189645471157	0	594.3497781855829	2679.123234337469	331.9601795056888	626.3885250379627	0	294.428345532274	587.9595637158404
33.3515	12.23785884885323	25.42927641037372	0	13.19141756152049	25.22521548908172	16.21248324068453	24.39365274680766	0	8.181169506123126	23.99075923561988	11.03607073373416	80.12956537596229	0	69.09349464222812	79.08403852856748	8.128323462616024	210.737718210597	0	202.6093947479809	209.2056713417699	12.08966863341209	44.00141313029419	0	31.91174449688209	43.17478169513374	626.4679098398442	634.3566610651001	0	7.88875122525582	589.0320206797264	1753.246331885464	2220.746890727076	0	467.5005588416121	2203.278439526622	10.44790018051308	16.77794403918719	0	6.330043858674107	15.86412104062607	254.2383023554185	258.2596673831202	0	4.021365027701698	246.0525945248243	36.19492464354932	38.57848272994626	0	2.383558086396934	37.23745303559227	10.58467902056667	35.21601072437432	0	24.63133170380765	34.4605084527073	20.45078242632424	74.82054777256134	0	54.3697653462371	72.73005403511198	25.7923712577523	34.90050865005416	0	9.10813739230186	33.28571100957316	51.42507525649265	71.66487041294536	0	20.23979515645271	69.72265517293773	18.92872389691697	106.9349660739359	0	88.00624217701893	102.0197648505666	25.46504782392624	204.3941046111148	0	178.9290567871885	195.3091074698162	1467.67024099411	1846.984682098527	0	379.3144411044173	1781.930022312908	20.02421067731263	34.02919629043402	0	14.00498561312139	31.49160586399978	15.09451163509288	67.47527305739325	0	52.38076142230037	64.76847189543315	15.0297757522854	153.0030723815119	0	137.9732966292265	148.2327118829002	6.461544403908093	9.395409929532551	0	2.933865525624459	9.131853354319684	7.102295102877013	11.32994530231991	0	4.227650199442897	11.32994530231991	8.780574856166551	18.73034295113303	0	9.949768094966474	18.72693776055198	5.457917495947737	27.72382034875038	0	22.26590285280264	27.40710695614941	11.90940125053145	13.5753067899953	0	1.665905539463849	11.35409073156268	11.48431406584449	58.29444006640576	0	46.81012600056127	57.38397142649465	23.25202531967586	136.3296289993067	0	113.0776036796308	133.3420190175559	20.30580221249937	102.8880372750765	0	82.58223506257713	101.6820282337959	23.57364057313305	32.50213421109648	0	8.92849363796342	30.97013713150783	4154.81071123227	4171.036394730699	0	16.22568349842813	3985.889667651584	279.291119723261	281.2950270202955	0	2.00390729703442	281.1221089447243	37.20283310790703	411.0743892068413	0	373.8715560989343	402.8959386874444	10.09243348136956	105.0049948326382	0	94.91256135126864	103.0960152387247	245.8433487331146	2505.485269493407	0	2259.641920760293	2415.601309139464	0.8226202581347497	0.8439616482049362	0	0.02134139007018658	-0.4006849215027827	169.7906931460943	174.3425814572611	0	4.551888311166836	165.5598999957627	42.67545350207826	171.8704880907612	0	129.1950345886829	168.4147841417456	221.4691779366696	436.4503744621631	0	214.9811965254935	435.8645436415267	1806.241088128763	2417.196612172992	0	610.9555240442292	2364.620488674215	352.7437796270806	655.2654218262172	0	302.5216421991366	615.3957710261021
33.383	12.21053141360154	25.56497387778404	0	13.3544424641825	25.36088780248471	16.19035959873894	24.47881285739292	0	8.288453258653988	24.07744194995948	10.94185600713241	81.73782557086187	0	70.79596956372946	80.67894292807048	7.99959024675551	216.8031808970738	0	208.8035906503183	215.2390017348005	12.02246723028193	44.79337689335889	0	32.77090966307696	43.95935799262245	719.3623165000288	727.3435242116716	0	7.981207711642836	675.6753713280663	1882.893875498363	2358.755091695268	0	475.8612161969049	2340.283385228663	10.4756995199865	16.68418012408009	0	6.208480604093587	15.76666551918305	62.88430231488844	66.85917979775002	0	3.974877482861572	63.67898409179029	9.306311559759104	11.66013444868087	0	2.353822888921769	11.25224383096272	9.720048574255925	34.34368035702329	0	24.62363178276736	33.60681704834622	20.77984074170421	75.2631279014746	0	54.48328715977039	73.16171394550649	25.97320153563779	34.71776078498499	0	8.744559249347207	33.06998442331158	51.69806173117058	71.02101135183601	0	19.32294962066543	69.0429945819498	18.80761870326449	109.5041517508492	0	90.69653304758474	104.5176412568264	25.8777778181741	209.7426274976579	0	183.8648496794839	200.4942551525001	1452.008892493937	1844.484090004556	0	392.4751975106185	1780.071621217189	20.01302651109031	33.92739385717765	0	13.91436734608734	31.39014119470622	15.05032619862117	68.36159760441645	0	53.31127140579527	65.63477879618112	14.87284460950737	157.5416087066241	0	142.6687640971167	152.6760184960446	6.458340994785385	9.396735897337679	0	2.938394902552294	9.133427866875566	7.106929571146244	11.35294736312302	0	4.246017791976776	11.35294736312302	8.795800376304934	18.94446863196755	0	10.14866825566261	18.94105003623748	5.447815025762914	27.88738207061844	0	22.43956704485553	27.56956876370083	11.66693705108947	13.28701475273057	0	1.620077701641099	11.05469922564414	11.83041979209199	58.74265448033987	0	46.91223468824789	57.82579805860593	24.9795607669062	138.3963164520864	0	113.4167556851802	135.3661556729777	20.1431187062968	107.3229010654791	0	87.17978235918231	106.085746108953	23.54301163510429	32.1641725781464	0	8.621160943042113	30.6196594660751	4360.558908941894	4376.480710987546	0	15.92180204565293	4180.266993706183	309.2788179126823	311.224347870704	0	1.945529958021677	311.0300829397061	36.92353685604095	419.1052857712438	0	382.1817489152029	410.8178612938539	10.06176385838545	105.4760699366533	0	95.41430607826781	103.5613517928119	506.775551543632	2793.3365225355	0	2286.560970991868	2693.427430579456	1.932399838278952	1.973702182673084	0	0.04130234439413258	-1.380222812281369	459.7197078978529	464.2132048207782	0	4.493496922925361	440.626506462491	37.03857774868994	166.3020934972454	0	129.2635157485554	162.9589125144814	270.0823430684422	490.1415036896273	0	220.059160621185	489.4880341498663	1374.65054256702	1998.660015260322	0	624.0094726933025	1955.45795551327	500.5848112117253	809.4854436536502	0	308.900632441925	760.5446631459743
33.4145	12.15842785802266	25.545213073026	0	13.38678521500334	25.34160904007702	16.12239676054266	24.42396532921632	0	8.301568568673657	24.02457937716883	10.8711080398811	82.72938302647047	0	71.85827498658938	81.66236677688072	7.902330616519233	220.965106015633	0	213.0627753991137	219.3790099629131	11.95775791527577	45.28745277928523	0	33.32969486400946	44.44907013951304	782.9583400467576	790.9699854298922	0	8.011645383134674	734.92529697441	1944.558631492336	2428.358562495824	0	483.7999310034875	2409.420488137438	10.53127053531971	16.66694584982392	0	6.135675314504205	15.74472384350517	10.16495864369445	14.07701220619284	0	3.912053562498383	13.40288030484388	5.076752104353165	7.392246552447074	0	2.315494448093908	7.131888676001278	9.871196023005908	34.48541433153317	0	24.61421830852726	33.74541993322518	20.60394886991378	75.21083272687484	0	54.60688385696105	73.11240284345199	26.103220739358	34.70465848387123	0	8.601437744513227	33.03305731223021	52.01656973506543	70.97739260286468	0	18.96082286779925	68.96956207872708	18.69841656531115	111.7431019177061	0	93.04468535239499	106.6946593160623	25.06950095708757	213.1417487056112	0	188.0722477485236	203.805654980377	1467.914888652709	1870.454100940998	0	402.5392122882898	1805.547432128026	19.97443698629072	33.76743924140519	0	13.79300225511448	31.23324882713134	15.0004769866302	69.03552020094075	0	54.03504321431056	66.29384740583998	14.73016851472409	161.5056428701202	0	146.7754743553961	156.5573596446334	6.441787037292272	9.367343699878216	0	2.925556662585943	9.104618489267219	7.098720380145406	11.34870680307342	0	4.249986422928019	11.34870680307342	8.796536463084154	19.12115244775934	0	10.32461598467519	19.11772477317736	5.435720734730102	27.99402527966253	0	22.55830454493243	27.67552973775519	11.45014816689342	13.02975500365389	0	1.579606836760471	10.79150832190721	11.69042282756074	58.71359365529989	0	47.02317082773915	57.79784149040841	24.25156944344311	138.0374002665608	0	113.7858308231177	135.0180092550228	19.96589223127262	111.6478853853178	0	91.68199315404517	110.3805677538964	23.4993343906382	31.87691081708192	0	8.377576426443731	30.32234636988131	4559.036565015233	4574.746411284165	0	15.70984626893195	4368.104628827668	318.1320796724443	320.0414078912887	0	1.90932821884433	319.8395201705333	36.71493119699298	426.4323990480757	0	389.7174678510827	418.0457546015048	10.05144325444331	105.9585387727107	0	95.90709551826741	104.0378387415468	399.078871064116	2714.792779720189	0	2315.713908656073	2618.003523225189	2.568659105669058	2.590227543222066	0	0.02156843755300838	-2.055435947820147	434.6649498150096	439.0641245508378	0	4.399174735828202	416.5484831041096	38.0995567064812	167.4330283980672	0	129.333471691586	164.067677203838	192.8538294502415	416.4127126951633	0	223.5588832449219	415.8600700697829	1342.690611273929	1975.673203113861	0	632.982591839932	1933.147827753749	368.1683648344402	681.461361025563	0	313.2929961911228	640.4379966715729
33.446	12.09888188759283	25.3857438002369	0	13.28686191264407	25.18296149404241	16.03291139807374	24.25512174253774	0	8.222210344463997	23.85757790731277	10.83614687686139	82.56722893313201	0	71.73108205627062	81.50183473288628	7.841896902331667	222.6373742790877	0	214.7954773767561	221.042559504633	11.89767430628262	45.45455892797322	0	33.5568846216906	44.61513296912258	819.6110353345633	827.5907537439845	0	7.979718409421102	768.9037649328507	1943.414645175732	2433.928558269805	0	490.5139130940726	2415.012434750104	10.59966667252257	16.71221333222364	0	6.112546659701072	15.78488170541302	40.57704422833177	44.4430820917761	0	3.866037863444324	42.30061200153208	11.40267346068892	13.68856290632309	0	2.285889445634171	13.20322581682802	10.46531921304097	35.06975196071259	0	24.60443274767162	34.31712033065658	20.05357637867476	74.77587223890976	0	54.72229586023501	72.69103183218522	26.21501023103414	34.85504673817596	0	8.640036507141815	33.16909778716389	52.35986239934571	71.40451255062719	0	19.04465015128148	69.37621798706989	18.58727642122808	113.4884882530938	0	94.90121183186572	108.3924549498227	25.11300598657909	216.4236465077883	0	191.3106405212092	206.9912202319183	1512.998681095233	1921.933056125388	0	408.9343750301552	1855.50262012912	19.95394476116502	33.622579096039	0	13.66863433487399	31.08931610947659	14.95647574819998	69.47804788175627	0	54.52157213355628	66.72687057318078	14.59811606379733	164.6359577796615	0	150.0378417158641	159.6229005452164	6.426661488936892	9.328966034348138	0	2.902304545411246	9.066547632270474	7.091802003834281	11.33621184252435	0	4.244409838690069	11.33621184252435	8.792596837012875	19.26021709628061	0	10.46762025926774	19.25678292734108	5.426984961311419	28.03483011511871	0	22.60784515380729	27.7160988530413	11.28586653405809	12.84461320179594	0	1.558746667737849	10.59845662258521	11.24889870337074	58.37751629198293	0	47.12861758861219	57.46763136867166	22.15703810780692	136.2958876356542	0	114.1388495278472	133.3173765889082	19.76261864902357	115.5053068965572	0	95.74268824753368	114.2114420619097	23.49075921759038	31.70620144511312	0	8.21544222752274	30.14146499107658	4745.393139645159	4760.945438603489	0	15.55229895833047	4544.713525410592	307.1193561486345	309.0155022566325	0	1.896146107998009	308.8194813302247	36.58176204474202	432.2212224561709	0	395.639460411429	423.7563069721643	10.05281714111366	106.3938379828326	0	96.34102084171893	104.4676869790647	79.89741429999638	2424.070293349315	0	2344.172879049318	2337.913434951879	2.955861795070077	2.933923486030541	0	-0.02193830903953679	-2.442695310315702	224.2542283583244	228.5974100916665	0	4.343181733342142	216.7683882530395	41.97648533283171	171.371527782136	0	129.3950424493043	167.9275353915966	49.71099822523591	274.9130034479728	0	225.2020052227369	274.5489406502912	1588.953368106215	2226.135858624119	0	637.1824905179037	2178.315036082151	77.79146554080047	393.1387219863751	0	315.3472564455747	369.5204288386047
33.4775	12.0321699944919	25.09474890947164	0	13.06257891497973	24.89311419385847	15.92278306034835	23.97617752291089	0	8.053394462562547	23.58034621763089	10.805124467419	82.29123357968969	0	71.48610911227068	81.22842110974734	7.808918667707988	222.496812325902	0	214.687893658194	220.9028444978225	11.84951843105834	45.29450143880512	0	33.44498300774678	44.45729716542026	819.0560690713241	826.9437484460037	0	7.887679374679598	768.0632557456635	1907.900662412568	2403.27866194371	0	495.3779995311417	2384.646890490314	10.7024903178606	16.8353511628538	0	6.132860844993202	15.90165494033046	30.87961755764846	34.73794050461489	0	3.858322946966424	33.05773062464919	13.63944226833329	15.91826656521109	0	2.278824296877803	15.35197641925899	10.31502286639176	34.9145647329486	0	24.59954186655684	34.16521094886897	20.04221061884724	74.81830303109018	0	54.77609241224295	72.73300209253333	26.3826556366206	35.16530808566014	0	8.78265244903953	33.47143550223446	52.72853323862463	72.11130375484608	0	19.38277051622146	70.07267684765935	18.49429602211285	114.6190994158706	0	96.12480339375779	109.4927523398746	24.84333255430996	218.1807383464862	0	193.3374057921762	208.7012447938353	1479.638664069189	1890.851027704417	0	411.2123636352278	1825.586483424097	19.94354037886614	33.50310285086881	0	13.55956247200267	30.96973148754013	14.92282882301521	69.70642630595484	0	54.78359748293963	66.95058737816247	14.49515343401922	166.7597308164521	0	152.2645773824329	161.703035786276	6.411839544705202	9.283775051086442	0	2.87193550638124	9.021505815463025	7.086201973976991	11.3197056841512	0	4.233503710174205	11.3197056841512	8.788914695142211	19.36868225076002	0	10.57976755561781	19.36524302108828	5.419607939157515	28.00325310004359	0	22.58364516088607	27.68479275417391	11.17566981584033	12.72663544719821	0	1.550965631357888	10.47255126047106	11.30747993796597	58.48665932738795	0	47.17917938942198	57.57538629915693	22.45364029244209	136.7631373410976	0	114.3094970486556	133.7758149424608	19.58132256584338	118.654826397114	0	99.07350383127067	117.3394311679783	23.53423865441572	31.6627383753449	0	8.128499720929179	30.08807463906897	4727.005966866156	4742.467733339622	0	15.46176647346641	4526.251875774769	304.3603141437144	306.2639563121658	0	1.903642168451326	306.0695953855544	36.36453417726225	435.7250705925186	0	399.3605364152563	427.213861440246	10.03762836363359	106.7044395295242	0	96.66681116589064	104.7745082157383	79.64140425905755	2438.040057217247	0	2358.398652958189	2351.520772299576	2.957858167782699	2.885089053180649	0	-0.07276911460204985	-2.430394608106234	217.6383388085432	221.9900947929028	0	4.351755984359654	210.4505755613034	40.7934303375424	170.2161090323589	0	129.4226786948165	166.795581256765	91.60728148346712	316.4525266700688	0	224.8452451866017	316.0332907002769	1557.776518881726	2194.036006871368	0	636.2594879896417	2146.88780114688	162.8897057982312	477.7788015740355	0	314.8890957758043	449.0650991727088
33.509	11.96445033047986	24.69834977098221	0	12.73389944050234	24.49807218612432	15.80343702513347	23.61441930489714	0	7.810982279763669	23.21992262887857	10.77700199863767	81.91416986615131	0	71.13716786751364	80.85479898113998	7.802018625480052	220.514260805794	0	212.712242180314	218.9308695338604	11.8105510377793	44.81793984538481	0	33.00738880760551	43.98615112805273	781.8613572201883	789.6045733405622	0	7.743216120373832	732.9822012759572	1839.131679671856	2336.191705590807	0	497.060025918951	2318.095674717647	10.82733800341246	17.01509849843252	0	6.187760495020063	16.07438556282773	21.3933066443399	25.28718917017637	0	3.893882525836464	24.06594170664279	17.14946051648061	19.44766588099399	0	2.298205364513385	18.75686908487168	9.856123675633979	34.45864215355289	0	24.60251847791891	33.71909740332785	20.23957252832729	74.9835275540065	0	54.74395502567921	72.89329438843569	26.55399301715337	35.53992489773113	0	8.985931880577755	33.84354509116263	53.07402311644222	72.93772493624677	0	19.86370181980455	70.8958706816957	18.41139780462573	115.02543395785	0	96.61403615322425	109.8893322555752	24.68928995258761	218.681892337766	0	193.9926023851784	209.1905074688234	1372.569012612103	1781.815475192519	0	409.2464625804161	1720.242505003404	19.94876798522055	33.42928298042323	0	13.48051499520269	30.89432297250678	14.89404143433536	69.72176301033572	0	54.82772157600038	66.96620650966096	14.41332905006082	167.7422557917618	0	153.328926741701	162.6658714281059	6.399631428047521	9.238171602835294	0	2.838540174787773	8.97584849979191	7.082503996135845	11.30295937117276	0	4.220455375036916	11.30295937117276	8.781196189044584	19.43989806075146	0	10.65870187170687	19.43645639033134	5.413740513041208	27.87750260297771	0	22.4637620899365	27.55997329907703	11.14014658651021	12.70554973290528	0	1.565403146395067	10.43947884003353	11.57534228940442	58.72687215678997	0	47.15152986738556	57.81171423831035	23.76732105111278	137.9854215202994	0	114.2181004691867	134.9707617791011	19.40378793358285	120.8320489310416	0	101.4282609974588	119.5020921706721	23.6399481309363	31.76992521524063	0	8.129977084304326	30.18511159448519	4516.177023272911	4531.673272926389	0	15.49624965347835	4324.890852660339	308.9273255282769	310.8577319157739	0	1.930406387497072	310.6612933766278	36.13319095645505	435.9093228305588	0	399.7761318741038	427.397415526603	10.01737955764322	106.76201449468	0	96.74463493703681	104.8315151036872	217.7559806005671	2569.399715717977	0	2351.64373511741	2478.154944414664	2.584944417687201	2.4554028401848	0	-0.129541577502401	-2.035346434962572	335.4418088059097	339.8665192876915	0	4.424710481781751	322.2359239264214	37.45348150236065	166.8605947823717	0	129.4071132800111	163.5073894687236	233.1188772143297	456.0435008815095	0	222.9246236671798	455.4378852439323	1384.466107071033	2015.795579357786	0	631.3294722867532	1972.381626764671	446.2267122408908	758.6936456958341	0	312.4669334549433	712.9941066582927
33.5405	11.8929740365216	24.21864056254433	0	12.32566652602273	24.01988769643145	15.6776980178724	23.19164558407601	0	7.513947566203619	22.7980746907303	10.75212243266151	81.46332470737659	0	70.71120227471508	80.40801752123043	7.82039999602735	216.8830782361099	0	209.0626782400825	215.3190151620772	11.77397626597202	44.03990225258623	0	32.26592598661421	43.21662868457702	720.4691675879129	728.0238507650263	0	7.554683177113357	675.3040501881023	1716.277440639662	2211.989720258867	0	495.7122796192052	2194.844316841356	10.75451287107977	17.04488536172089	0	6.290372490641126	16.10820821631503	103.6181380842242	107.6158298952695	0	3.997691811045282	102.46309093735	13.8686693491217	16.22749585499257	0	2.35882650587087	15.65605270629368	9.769896091576307	34.38607761972157	0	24.61618152814525	33.64821712602342	19.96533225863309	74.54833030250396	0	54.58299804387087	72.46834781704062	26.71427696347672	35.99882099114688	0	9.284544027670158	34.30266949609614	53.46676973100121	74.02042589654029	0	20.55365616553909	71.97608848572726	18.35504372459359	114.6271209554129	0	96.27207723081928	109.5037520555702	24.66803108648704	217.7805580340198	0	193.1125269475328	208.31641346287	1313.332095056715	1716.290282583146	0	402.9581875264315	1656.754043798617	19.9764064648	33.42320233412942	0	13.44679586932942	30.88461349004938	14.88015502404321	69.54126531584282	0	54.66111029179962	66.79030647493532	14.36918619515868	167.4692606640635	0	153.1000744689048	162.3992573160849	6.39333517659017	9.200521753307672	0	2.807186576717501	8.937866918382907	7.086494349779174	11.29792456393101	0	4.211430214151841	11.29792456393101	8.781431251895617	19.49057366402302	0	10.70914241212741	19.48712923474613	5.414872180627952	27.68424308765262	0	22.26937090702467	27.36807898740211	11.19299238654663	12.79578300553265	0	1.602790618986023	10.51430420911323	11.45546682440867	58.46331098505129	0	47.00784416064263	57.55144660296725	23.38559961670602	137.1251492129491	0	113.7395495962431	134.1256416330424	19.27951389091387	121.8556815205222	0	102.5761676296084	120.519110616924	23.7638086627838	31.98828296974356	0	8.22447430695976	30.39633280888056	4273.302991933973	4288.907107718427	0	15.6041157844539	4093.635917174663	292.2379332577732	294.2170150009192	0	1.979081743146052	294.0327686810459	36.10368249137649	433.2740368632231	0	397.1703543718466	424.7985695911296	10.01923868103843	106.6494527798776	0	96.63021409883913	104.7203578453018	186.8062903103339	2500.989392840323	0	2314.183102529988	2411.81577541201	1.91080451677832	1.728435580141	0	-0.1823689366373193	-1.351994808727052	308.1812069821791	312.7842573423264	0	4.603050360147319	296.7480159276256	36.61832638003918	165.9408652065782	0	129.322538826539	162.6054927690716	262.7855423853874	482.1981559253798	0	219.4126135399924	481.5549421623901	1510.710608853718	2133.015032320948	0	622.3044234672302	2086.886653143103	474.5658631937883	782.6058970292017	0	308.0400338354133	735.2670152991928
33.572	11.81461241862407	23.66566124626057	0	11.8510488276365	23.46859004499625	15.54691067604812	22.72420565165322	0	7.177294975605094	22.3311287649743	10.75779039399206	79.9226464933266	0	69.16485609933453	78.88068437817633	7.869583312899126	211.0689686862083	0	203.1993853733092	209.5359307688678	11.73695154924156	42.97355024533709	0	31.23659869609553	42.16179864196878	634.3188487590496	641.6382520075692	0	7.319403248519628	594.5812121406445	1534.375682977916	2026.939022054477	0	492.5633390765611	2011.203117081386	10.56306902478945	17.01464410702567	0	6.451575082236229	16.08876539598723	246.1887873492585	250.2980828943923	0	4.10929554513377	238.4664235602473	6.352505462688632	8.780227241442121	0	2.42772177875349	8.474993678246276	9.803811655433741	34.43652842747849	0	24.63271677204475	33.69774781113968	19.49438383176732	73.84297322423794	0	54.34858939247062	71.77981035817221	27.01560583515964	36.82416072506211	0	9.808554889902481	35.12519025737961	54.24145566222999	76.02981022804219	0	21.78835456581221	73.97566509764125	18.33252931096078	113.5366965372782	0	95.2041672263174	108.4451945404939	24.78076371646378	215.5594272476268	0	190.7786635311631	206.1592757593678	1296.594572908119	1689.060771687195	0	392.4661987790758	1630.083703466141	20.08250959453457	33.62427332016637	0	13.5417637256318	31.07467650654099	14.90450659891528	69.42296329209755	0	54.51845669318225	66.67426859214005	14.37213054790255	166.4001371994884	0	152.0280066515859	161.352747486969	6.411536034301372	9.210863818225352	0	2.799327783923979	8.947087640516537	7.124895324274259	11.36815013455243	0	4.243254810278168	11.36815013455243	8.828364325776311	19.65788695838335	0	10.82952263260704	19.65442535075901	5.417536187291912	27.45136724921773	0	22.03383106192582	27.13684036181732	11.3540602513998	13.02332717691917	0	1.669266925519377	10.72166329821449	11.18182386674094	57.97975239175589	0	46.79792852501495	57.0742060522534	22.34884485851761	135.3911225625191	0	113.0422777040015	132.424112197229	19.25710224539878	122.4891378192535	0	103.2320355738547	121.1481755133223	23.91860876219139	32.33376560717164	0	8.415156844980247	30.73730425041953	4001.719279658468	4017.535894227883	0	15.81661456941455	3835.501254796885	254.4797922757957	256.5314479722726	0	2.051655696476948	256.373058739811	36.15152009846649	428.9905532949613	0	392.8390331964948	420.5736365782839	10.02576324663147	106.523370404033	0	96.49760715740153	104.5958150864132	99.97009566945837	2359.073925760511	0	2259.103830091053	2274.445559699141	1.027248972147569	0.8081975618966595	0	-0.2190514102509094	-0.5332873828898959	197.7437132940077	202.5071458349789	0	4.763432540971217	192.3045858972818	36.58374126778241	165.768425930005	0	129.1846846622226	162.4354197635898	254.9853290152452	469.1640633906751	0	214.1787343754298	468.5339377598977	1833.233008360603	2442.061445791027	0	608.8284374304247	2388.914516359787	404.3619650371423	705.8088314609467	0	301.4468664238044	662.8391993875471
33.6035	11.7601146558426	23.12110540666367	0	11.36099075082108	22.92542164664102	15.45419665407064	22.30367936232555	0	6.849482708254913	21.90973804821865	10.79391644217108	77.82363582418188	0	67.0297193820108	76.79974799313879	7.955203030286309	203.6428332311931	0	195.6876302009068	202.1496062720826	11.72442509682277	41.72678275754372	0	30.00235766072095	40.92814747494786	543.2470950066017	550.3092434605185	0	7.062148453916794	509.3404632749632	1343.906201856289	1832.354457457595	0	488.4482556013057	1818.099382530303	10.52950412407544	17.2021039168275	0	6.672599792752067	16.27864493721788	211.547952432358	215.7765213366947	0	4.228568904336717	205.7108653550129	14.54419902693579	17.04549118698543	0	2.501292160049635	16.46073528013252	10.10594896628004	34.75222499483511	0	24.64627602855508	34.00680645943425	19.36550975430892	73.46487918388388	0	54.09936942957497	71.40923619769796	27.40896421560521	37.94784351942199	0	10.53887930381677	36.2502031608978	55.1563509394784	78.70295179555119	0	23.54660085607279	76.64494632219007	18.33447930842769	111.8779766131977	0	93.54349730477006	106.8342002006623	54.89667112416788	242.0886648063147	0	187.1919936821469	231.4737773192276	1264.940861854408	1643.486657467095	0	378.5457956126874	1585.580731596615	20.20370903218345	33.97641193126465	0	13.7727028990812	31.41586108470209	14.92177332936846	69.44461599814382	0	54.52284266877536	66.69502096670166	14.38944453649296	164.8160105142117	0	150.4265659777187	159.8020019931148	6.438862374498481	9.255837157265139	0	2.816974782766658	8.991014173409308	7.169907582542159	11.48921829370218	0	4.31931071116002	11.48921829370218	8.872891299520804	19.92208371984767	0	11.04919242032687	19.91860005237166	5.427247409756805	27.21755659734673	0	21.79030918758992	26.90463159474005	11.62507883523266	13.38651078568802	0	1.761431950455367	11.06336873790204	11.05632262872668	57.63425958570478	0	46.57793695697809	56.73282598371656	21.98973166308435	134.3067649536123	0	112.3170332905279	131.3578622519456	19.22271909951561	122.9896237789286	0	103.7669046794129	121.6452855440614	24.11535840985236	32.81230841261691	0	8.696950002764554	31.21359933243124	3683.531308870052	3699.668089317056	0	16.13678044700454	3533.37800251557	221.1423070176042	223.2871693424052	0	2.144862324800984	223.1518433528312	36.26128750199186	424.1064614385768	0	387.845173936585	415.7558833888747	10.02648430553544	106.4424489748479	0	96.4159646693125	104.51589169794	80.55096522277503	2283.215043617414	0	2202.664078394639	2200.779806849483	0.5647881153471447	0.3886226440374441	0	-0.1761654713097006	-0.1344620780001814	250.8484327378936	255.7844641222561	0	4.93603138436246	243.1275724425458	37.75652913899459	166.7781915425965	0	129.021662403602	163.4235719948556	313.7001243500363	521.4037825364837	0	207.7036581864475	520.6973252599196	2224.804988663242	2816.914880676019	0	592.1098920127774	2755.110824484524	451.5336232510949	744.8286603491107	0	293.2950370980158	699.1084553577765
33.635	11.71877962603878	22.6176352128159	0	10.89885558677713	22.42307502293948	15.3907747859652	21.95000488089663	0	6.559230094931436	21.5543596845946	10.84065400142971	75.42306450376397	0	64.58241050233427	74.41991135906579	8.061683882093023	195.1813863017001	0	187.119702419607	193.7338534384554	11.7151925978416	40.36251407647962	0	28.64732147863802	39.57815691757163	445.8258882204017	452.620885697817	0	6.794997477415353	418.3694595768795	1139.987761064299	1625.040088485715	0	485.0523274214165	1612.375697526935	10.56687253219365	17.54084713449914	0	6.97397460230549	16.61578624813776	49.51117845225924	53.86655088336469	0	4.355372431105453	51.38849680343795	31.4548745122423	34.03470290819488	0	2.579828395952575	32.88326644462687	10.62244006013763	35.27905651855244	0	24.65661645841481	34.52244311214221	19.37453106118418	73.20460059711132	0	53.83006953592714	71.15293071095405	27.96923248260685	39.54790304178109	0	11.57867055917424	37.8490543903028	56.42753748686077	82.50985956391823	0	26.08232207705746	80.44356557638939	18.35737612477466	109.7642881657204	0	91.40691204094577	104.7810010504253	104.1435224541435	286.6686093054972	0	182.5250868513538	274.0068480465741	1216.3024008162	1578.36673332596	0	362.0643325097594	1522.129879964046	20.42511638432151	34.65164933105198	0	14.22653294673046	32.07129119347169	14.96748838460611	69.79771439110478	0	54.83022600649867	67.03871648002834	14.43254133376678	162.9782764667703	0	148.5457351330035	158.0027557469601	6.501355655388997	9.38569864737555	0	2.884342991986554	9.119074025822792	7.257241435267305	11.73219674321004	0	4.474955307942731	11.73219674321004	8.963522419086607	20.40241578629647	0	11.43889336720986	20.39889017796778	5.441749013092434	27.03965280536362	0	21.59790379227119	26.72790279892064	12.02543565876167	13.91812568793339	0	1.892690029171715	11.57053246632998	10.96409154257238	57.30743182444179	0	46.34334028186942	56.40973713654888	21.8065029794031	133.3559064314339	0	111.5494034520308	130.4218707204706	19.24066197509713	123.7026582899123	0	104.4619963148152	122.3531467968515	24.3604624546097	33.44460714707456	0	9.084144692464864	31.84490471211117	3316.056574737818	3332.609395628661	0	16.55282089084312	3184.424286339298	191.7300099665943	193.9918925701761	0	2.261882603581839	193.8769251390797	36.41087511284908	420.4374691476901	0	384.026594034841	412.1361809761725	10.02643029150536	106.526270436112	0	96.49984014460662	104.5986318067623	84.99314237179577	2228.78891464636	0	2143.795772274565	2147.760856717227	0.3080787328338745	0.2933497790327998	0	-0.01472895380107478	0.07057842675405232	407.551227773407	412.6689462456209	0	5.11771847221392	392.6311334020194	39.98477057984674	168.8125235039792	0	128.8277529241324	165.4153995940487	408.0107700173207	608.2357898271966	0	200.225019809876	607.4029623557063	2721.132223097434	3293.863351029421	0	572.7311279319869	3220.888081061844	552.7897739538889	836.6737556787933	0	283.8839817249044	784.8077387948956
33.6665	11.70881225673285	22.21738254499033	0	10.50857028825748	22.02341602100327	15.37873326546242	21.71957339851633	0	6.34084013305391	21.32117750838465	10.91040331823714	72.78462641208975	0	61.87422309385262	71.80428789500033	8.19010399811134	185.8822181253711	0	177.6921141272597	184.4853360745755	11.7253841469103	38.94522713164238	0	27.21984298473208	38.17545147146716	403.8773611613498	410.4147912811586	0	6.537430119808797	378.8270656632199	922.7297410483147	1405.70922286859	0	482.9794818202749	1394.742348401158	10.66408069787773	18.03241822666502	0	7.368337528787292	17.1025673183839	37.4713360406618	41.96003966228464	0	4.488703621622842	40.0568093148608	31.5727140205479	34.23510803963269	0	2.662394019084796	33.09311461199054	10.54450220810291	35.20750077914866	0	24.66299857104575	34.45248798289187	19.35215469187967	72.90052557079017	0	53.54837087891049	70.85390415515565	28.59924273626487	41.56456633947397	0	12.9653236032091	39.8675710223465	57.83460275314302	87.35914672167517	0	29.52454396853215	85.28698938088279	18.37752291052754	107.1345869532663	0	88.75706404273872	102.2269917629824	219.1239221250479	395.8190371603775	0	176.6951150353296	378.1705709679583	1114.3458774889	1457.608719111827	0	343.2628416229274	1404.969635478647	20.67934007022501	35.62392830479278	0	14.94458823456778	33.02231212691852	14.9814998752168	70.49812321362295	0	55.51662333840615	67.72221594014	14.4580374797693	160.7633571702648	0	146.3053196904955	155.8347021767579	6.579511691164843	9.58643118277964	0	3.006919491614796	9.318353650764564	7.354159138072205	12.07325914936702	0	4.719100011294813	12.07325914936702	9.038571984226611	21.06072186163981	0	12.0221498774132	21.05714637708774	5.461004369746628	26.9513372745451	0	21.49033290479847	26.64010571131854	12.57367695449782	14.64807103337725	0	2.074394078879434	12.27568341684518	10.96777252590609	57.06910389074928	0	46.10133136484318	56.17372169307215	21.80473850751393	132.5684096935466	0	110.7636711860327	129.6455227372346	19.17348684697798	124.3104402316832	0	105.1369533847053	122.956974420087	24.67054390228583	34.28117045831808	0	9.610626556032248	32.68081423279239	2986.19273176005	3003.326545453006	0	17.1338136929556	2871.667641575098	168.8168132975171	171.2213802514247	0	2.404566953907679	171.1225211877698	36.54978735088977	418.7838774065514	0	382.2340900556617	410.5042816987257	10.03374017111151	106.8402495196724	0	96.80650934856084	104.9086211030932	82.2168915293081	2166.767788873208	0	2084.5508973439	2087.427505025489	0.2051264983965832	0.3665637805745744	0	0.1614372821779912	0.2549657181864157	450.6107106153353	455.9205917211074	0	5.309881105772059	434.2023048227712	39.58839824384286	168.1951647879066	0	128.6067665440637	164.8086594257296	423.1042279939584	615.0681251267957	0	191.9638971328373	614.2156194205176	3115.455856198083	3666.69858034355	0	551.242724145467	3584.542917263227	655.7809611111953	929.2813713149257	0	273.5004102037303	871.0180916804295
33.698	11.71670164997341	21.92652249044505	0	10.20982084047164	21.73277351301153	15.40018335378815	21.60079354428239	0	6.200610190494234	21.19943561930403	11.00002010311236	69.99627048600334	0	58.99625038289098	69.04008422911093	8.340868935381334	176.0358632695985	0	167.6949943342171	174.6931297341544	11.74959574549723	37.52878146574768	0	25.77918572025044	36.77333640319518	411.0135269879559	417.3160695292332	0	6.302542541277217	384.6662296638294	692.0292959006398	1173.990355584361	0	481.9610596837211	1164.82641981684	10.81902698066261	18.68017892448322	0	7.861151943820613	17.74222920736345	112.5478770000072	117.1948818183075	0	4.647004818300258	111.9603088112319	23.54220464945321	26.3017120833195	0	2.759507433866291	25.43770819085013	10.16937846349849	34.83454386618466	0	24.66516540268617	34.08755324521925	19.35472169770939	72.58448360320749	0	53.22976190549811	70.54281761015908	29.250220269264	43.95155554120337	0	14.70133527193937	42.25753579198972	59.2595982012264	93.16574305615421	0	33.90614485492782	91.08759374626996	18.42044031708735	104.0312004912662	0	85.61076017417885	99.21279751139465	386.5208708425884	556.3467010873937	0	169.8258302448052	531.2512575861709	955.7430460542851	1278.648832900156	0	322.9057868458705	1231.747834325875	20.92890446006599	36.81861272194489	0	15.8897082618789	34.19643729826648	14.97149121256547	71.36263197519865	0	56.39114076263319	68.56648427754789	14.49683364168301	157.8182313042051	0	143.3213976625221	152.9520199434047	6.66144742458345	9.837973655264271	0	3.176526230680821	9.569059087833931	7.44935498508666	12.48638149096759	0	5.037026505880933	12.4863814909676	9.094296600685873	21.83200000378229	0	12.73770340309642	21.82836995838598	5.483044915740032	26.96109024990216	0	21.47804533416213	26.64966870779492	13.22007555126764	15.51282479410635	0	2.292749242838703	13.12756566233353	11.04129218474429	56.87330399332891	0	45.83201180858462	55.97941263921447	21.97480654464094	131.8715269771536	0	109.8967204325127	128.9571794381285	19.10113508501508	124.1362885204128	0	105.0351534353977	122.7844592212569	25.00035414350304	35.26880858870778	0	10.26845444520474	33.67067242288451	2685.177150350216	2703.061686534319	0	17.88453618410218	2586.723845692087	152.1173501135534	154.6895712865924	0	2.572221173038951	154.6028091508834	36.69153516999569	419.3761141140209	0	382.6845789440252	411.087185918799	10.04701050414991	107.3339651890872	0	97.28695468493729	105.3960670162276	83.69390283916999	2104.248691996659	0	2020.554789157489	2026.578735398924	0.2662309749375247	0.5259500571038039	0	0.2597190821662792	0.4574497652088071	435.9820555394609	441.5287314706476	0	5.546675931186689	420.9291529723034	37.91816688753765	166.2547374607801	0	128.3365705732425	162.9051253764306	388.9916944672275	572.3299057229798	0	183.3382112557524	571.525947709676	3446.64911613175	3975.359440391935	0	528.7103242601853	3885.178956489246	777.2113749665368	1039.878495711568	0	262.667120745031	973.8694168510933
33.7295	11.7591882626739	21.79025116445496	0	10.03106290178106	21.5961421139757	15.48396806448607	21.65000142361689	0	6.166033359130815	21.2450892899571	11.13429348033294	67.14004517639817	0	56.00575169606523	66.20852743672914	8.504462074040591	165.8447023568371	0	157.3402402827965	164.5586387790402	11.80850665661155	36.16944220790482	0	24.36093555129327	35.42726739850238	386.0173251231889	392.1178401756104	0	6.100515052421448	360.9747862041054	559.5232532240399	1039.141655172722	0	479.6184019486823	1031.02054100967	10.94701280168776	19.41118023451272	0	8.464167432824961	18.46564114590712	128.0141193062646	132.8455349907204	0	4.831415684455783	127.0146346680046	28.16961113132491	31.04256227251024	0	2.872951141185324	30.04038439742386	10.17863003509269	34.84004257371328	0	24.6614125386206	34.09290140697347	19.14017757255081	71.99672728241816	0	52.85654970986734	69.96699078293823	29.9151158258673	46.77308817621611	0	16.85797235034881	45.07861842427481	60.7414166294045	100.1775141194006	0	39.43609748999607	98.08566824306146	18.46210305014625	100.4562596641766	0	81.99415661403032	95.74121089179508	423.4972500335601	585.4925981099553	0	161.9953480763952	558.7130911382918	850.1671038493594	1151.637696806789	0	301.4705929574293	1108.643761050269	21.25221216959639	38.38544091737702	0	17.13322874778062	35.73357234555898	14.96401840331806	72.36707111204848	0	57.40305270873041	69.54733988558606	14.54573207210101	153.9460714328821	0	139.4003393607811	149.1623337493608	6.773222619657917	10.18736007492305	0	3.414137455265128	9.917067101224436	7.570096967339721	13.02100238655134	0	5.450905419211621	13.02100238655134	9.156151333919047	22.74105763587088	0	13.58490630195183	22.73736218227268	5.500962181177526	27.07296738957515	0	21.57200520839763	26.76065408545107	13.96683905961412	16.54593072393461	0	2.579091664320488	14.15601592832153	10.91369487486387	56.43467004605369	0	45.52097517118982	55.54584196213743	21.8114075373634	130.7155432244573	0	108.904135687094	127.8188930172699	19.0251757493138	122.7275823963918	0	103.702406647078	121.3862073135516	25.3923474462529	36.49429286529211	0	11.10194541903921	34.89741700777784	2564.552799504519	2583.321408590382	0	18.76860908586296	2474.522851340573	114.0745775357914	116.8425351473026	0	2.767957611511173	116.7790221196105	36.71021901214793	422.2205062358439	0	385.5102872236959	413.8920974964308	10.04296885829839	107.9434992543641	0	97.9005303960657	105.9980039326122	83.92755448100529	2032.690104289727	0	1948.762549808722	1956.95850623661	0.286391882483693	0.6217976032377699	0	0.3354057207540768	0.5807871310864118	461.4192030098851	467.2409192618979	0	5.821716252012834	445.9495270195267	37.20598893503763	165.2003392711823	0	127.9943503361447	161.869218568846	428.9684199176581	603.3930501042305	0	174.4246301865723	602.5329919976068	3242.776254628693	3748.085346738994	0	505.3090921103008	3661.905020846219	714.5102531548768	965.9687919350246	0	251.4585387801478	903.8224314754771
33.761	11.8215312748157	21.80365829715835	0	9.982127022342654	21.60882471360165	15.61072788114827	21.85203918190468	0	6.24131130075641	21.44392623804704	11.3031181521902	64.22319552962827	0	52.92007737743806	63.31682793010769	8.684308701273007	155.401963241347	0	146.717654540074	154.1746632780502	11.89037462471993	34.86583548667198	0	22.97546086195205	34.1359396459148	336.8651052596085	342.794382365617	0	5.929277106008511	315.2037329868131	519.5373068522168	993.4245701570833	0	473.8872633048665	985.6375114489853	11.06664745877391	20.24581433148976	0	9.179166872715848	19.29184768808728	133.0177120682294	138.0643599380925	0	5.046647869863146	132.1209745686855	38.91272621677255	41.91805019073775	0	3.005323973965196	40.59061880126958	10.32187793870432	34.9712212603777	0	24.64934332167339	34.22115367949149	18.79815802044158	71.22391768987346	0	52.42575966943188	69.21065620628316	30.53726567993589	49.99253502980373	0	19.45526934986785	48.29402335057813	62.11389938582417	108.3335562366766	0	46.21965685085247	106.2206642452322	18.52434385849969	96.49474891851641	0	77.97040506001672	91.89432750077367	379.5712637387426	532.8407181255795	0	153.2694543868369	508.0658154298013	799.2236555399161	1078.346833365944	0	279.1231778260276	1037.277185291788	21.62953913853127	40.41833689090185	0	18.78879775237057	37.727649772158	14.95713537326995	73.59759318110149	0	58.64045780783152	70.74896000867756	14.62381293374149	149.1550960354477	0	134.5312831017063	144.4737067285608	6.910082237782984	10.65232124605637	0	3.74223900827339	10.38035126052603	7.712161920651552	13.70976004853966	0	5.99759812788811	13.70976004853966	9.223404410250177	23.84435265781804	0	14.62094824756786	23.84057695890997	5.513891077894169	27.27217890534096	0	21.75828782744679	26.95838745128518	14.75819826735292	17.68964783020011	0	2.931449562847185	15.31398156279535	10.68495611576241	55.85254051117051	0	45.1675843954081	54.97080098432261	21.50148750014907	129.2887953767214	0	107.7873078765723	126.4149056889519	18.99417476827418	120.0447470034979	0	101.0505722352237	118.7227167568038	25.80827059009067	37.93191880560845	0	12.12364821551778	36.33711850865626	2618.40238072742	2638.050705630868	0	19.64832490344828	2529.31495872835	55.9535889859031	58.9465428819198	0	2.992953896016707	58.9155492269219	36.56229922541817	425.3261565084129	0	388.7638572829948	416.9561430213596	10.03055504453991	108.5101702932749	0	98.47961524873494	106.5576880504288	85.00005874067202	1954.967405874982	0	1869.967347134309	1881.348676388603	0.3659747694346766	0.7715342982908661	0	0.4055595288561895	0.7423085774995319	508.1794281621537	514.3247556782208	0	6.145327516067098	491.4930916461777	36.63121196797417	164.1991589167494	0	127.5679469487752	160.8848041047215	511.5242145003116	676.4224003940295	0	164.898185893718	675.4421805944453	2537.884482985825	3018.850457746157	0	480.9659747603315	2948.401169171446	512.7929101565513	752.5861138162517	0	239.7932036597003	703.4502015560104
33.7925	11.91157091585695	21.98922136984304	0	10.07765045398609	21.79320680301048	15.79384666450724	22.23879287227745	0	6.44494620777021	21.82769343509876	11.37312834318951	61.14175961053933	0	49.76863126734982	60.26266330838022	8.867793998633836	144.815766240465	0	135.9479722418311	143.6488425953806	11.88036800383899	33.51457034708015	0	21.63420234324116	32.79823620706593	314.9396557987443	320.7338437282369	0	5.794187929492652	294.6255863415271	512.3707218673475	976.0129075307896	0	463.6421856634421	968.3204903445194	11.21035188103624	21.21624419877998	0	10.00589231774374	20.25100204483389	142.0876684060633	147.3815668294524	0	5.293898423389163	141.1713064459611	42.71644374036976	45.87412145119696	0	3.157677710827198	44.45186646479419	10.08635020887831	34.71263049476206	0	24.62628028588374	33.96789037699197	18.65076299470701	70.58407817527873	0	51.93331518057172	68.58280019944142	31.1720061048929	53.73206167442975	0	22.56005556953685	52.02054717106525	63.45190044965931	117.9248634351329	0	54.47296298547359	115.7771927719085	18.57307503851729	92.18535014397398	0	73.61227510545669	87.71064884106021	339.0526794662348	482.86112919458	0	143.8084497283452	459.9781731328823	728.2397160601241	984.4990602790854	0	256.2593442189613	946.1547900955376	21.99720111588264	42.91916717472289	0	20.92196605884025	40.18302044783186	14.90734185227947	74.92805668664634	0	60.02071483436687	72.04912166512538	14.69309231645502	143.2753018172501	0	128.5822095007951	138.7207553669298	7.054018453813785	11.22661950329102	0	4.172601049477235	10.95305014601231	7.845714593564307	14.53577566465641	0	6.690061071092106	14.53577566465641	9.246451227752253	25.06979792616346	0	15.82334669841121	25.06593752482603	5.522088652742319	27.55108311807724	0	22.02899446533493	27.23527627906315	15.55714586985868	18.92955649096062	0	3.372410621101937	16.58600754798028	10.60927192362704	55.37924667204654	0	44.76997474841951	54.50262899404871	21.43130121723216	127.9750527510959	0	106.5437515338638	125.1204425553108	18.89969773470281	115.6269758899099	0	96.72727815520712	114.3371988508819	26.26495957961671	39.63850739674494	0	13.37354781712823	38.04395567572236	2571.339950504516	2591.84100604847	0	20.50105554395463	2487.127825677013	72.94020243130848	76.19115053413151	0	3.250948102823027	76.15245818775863	36.4425006413251	426.6253033602604	0	390.1828027189354	418.2384861978895	10.0239755800779	108.9165213445113	0	98.89254576443341	106.9590401157153	86.05236823688222	1870.701858149438	0	1784.649489912556	1799.39401109073	0.4763783806029658	0.9576728428318391	0	0.4812944622288732	0.9348229169430584	553.2833647862499	559.8014136114879	0	6.518048825238005	535.6548562216501	35.92786164340431	162.9707030800108	0	127.0428414366065	159.6769351420923	453.9645185509528	608.2428393399922	0	154.2783207890394	607.3438534540526	1951.658372338082	2407.131139905937	0	455.4727675678549	2350.025383855631	471.2573592717602	698.0510289210143	0	226.793669649254	651.679221738251
33.824	12.03862187800791	22.39121100223798	0	10.35258912423007	22.19342949259877	16.04744621359975	22.85790057647828	0	6.810454362878523	22.4439638990255	11.38667094992092	57.92989590804489	0	46.54322495812397	57.07973522027418	9.054083186401826	134.0043605434992	0	124.9502773570974	132.9000177155569	11.82018091353733	32.16366834341557	0	20.34348742987825	31.46130012821877	314.3474071474325	320.0594190817809	0	5.712011934348366	293.7974785885937	541.5184743002861	988.2834623177424	0	446.7649880174563	980.4216692279554	11.35288817209747	22.2780392340058	0	10.92515106190834	21.29980149635587	151.334509922522	156.9191068591449	0	5.584596936622957	150.4609434111257	43.77784043153053	47.1144429470763	0	3.336602515545775	45.68737828493789	9.66038186137375	34.24903254630824	0	24.58865068493449	33.51388378176995	18.57630290949402	69.94318838539185	0	51.36688547589784	67.95303151791988	31.69469893631909	57.81850128116771	0	26.12380234484863	56.0886999758428	64.46858953271551	128.6024926080586	0	64.13390307534308	126.4109557717253	18.59286672316156	87.35949260576112	0	68.76662588259956	83.02717651791917	281.5232909915049	415.0226216898728	0	133.4993306983679	394.9081038211026	637.1753081941803	870.1544707640459	0	232.9791625698657	835.3974348135924	22.26058729615287	45.68530511696169	0	23.42471782080881	42.90243438293123	14.7916654327299	75.73439370422057	0	60.94272827149068	72.83890205217713	14.74785575758203	135.4481239004055	0	120.7002681428234	131.0645306395961	7.175690427458529	11.85888930931855	0	4.683198881860024	11.58413128020404	7.930542121136352	15.39861440114996	0	7.46807228001361	15.39861440114996	9.181586703184749	26.10558431598953	0	16.92399761280478	26.10166028833563	5.522390303369535	27.8839871697636	0	22.36159686639407	27.56583239297559	16.33792911134582	20.27013228032948	0	3.93220316898367	17.97479039921578	10.59176767046648	54.91217648872336	0	44.32040881825688	54.04028387194792	21.4552322497117	126.6088499052217	0	105.15361765551	123.7735522453409	18.69990850018001	107.9779293853401	0	89.27802088516009	106.7447132407838	26.78486453731311	41.71441685863504	0	14.92955232132192	40.11625145612834	2441.251530583111	2462.672696456625	0	21.42116587351402	2365.101709810141	144.7520469938898	148.2997982826072	0	3.547751288717332	148.227166260031	36.29877371503213	423.7317803803154	0	387.4330066652832	415.3862592177979	10.01288835278141	108.833873633798	0	98.82098528101659	106.8775698896422	87.36627026767745	1779.761778521294	0	1692.395508253616	1710.96990835852	0.782389956533035	1.35290669409162	0	0.570516737558585	1.331130780198494	602.0789083359724	609.0410344900879	0	6.962126154115489	583.5874651539699	35.19180274055155	161.5859870484849	0	126.3941843079333	158.3150202116245	297.7166812947631	440.4378144554859	0	142.7211331607228	439.7714799340553	1416.446307188938	1844.376463065543	0	427.9301558766053	1799.784277030386	516.9481983247266	729.1423918243679	0	212.1941934996413	679.6826194852014
33.8555	12.16220409212369	22.95759070098005	0	10.79538660885636	22.75793741776223	16.3185586560771	23.64779749456478	0	7.329238838487679	23.23243650834482	11.38546909338964	54.62284504479678	0	43.23737595140714	53.80277714797332	9.24762372891934	122.9251846693515	0	113.6775609404321	121.8860150189588	11.73342896880153	30.821391943169	0	19.08796297436747	30.13311315671944	273.8673097176849	279.5387748364331	0	5.671465118748181	256.5016766038522	584.3462139548337	1006.754362720902	0	422.4081487660678	998.6315614357485	12.78133400745479	24.7243911996593	0	11.94305719220452	23.67632602906786	164.9288814550123	170.8558909774915	0	5.927009522479229	164.0057455416394	43.32869427009912	46.87634936661856	0	3.547655096519434	45.49269148164094	9.48823214277342	34.01978747676748	0	24.53155533399405	33.2890206507805	18.5968915850889	69.30693651895423	0	50.71004493386532	67.32663525324331	32.24846920615688	62.41803611241549	0	30.1695669062586	60.65814313215321	65.42805484408954	140.7115605213848	0	75.28350567729528	138.459624023177	18.62787522714483	82.13232515636723	0	63.5044499292224	77.95456808958066	193.1772798930065	315.7204537997665	0	122.54317390676	300.0131176273294	581.4315043297773	791.0307464815628	0	209.5992421517855	758.5240706607615	22.42899273230799	48.58284674232184	0	26.15385401001384	45.75042861578861	14.68121052504122	75.61107085352546	0	60.92986032848425	72.72079932738971	14.86689246574968	125.6616425389499	0	110.7947500732002	121.4936866830026	7.276764213819586	12.52908074855507	0	5.252316534735487	12.25290254258779	7.983279025143798	16.256645086187	0	8.273366061043204	16.256645086187	9.092899133322968	26.78941464945944	0	17.69651551613647	26.78545236940466	5.514464183680692	28.24613624110076	0	22.73167205742007	27.92546881671199	17.0443951627758	21.6644268945188	0	4.620031731743	19.43296830081175	10.65241061415436	54.46024379970957	0	43.80783318555522	53.59246074740588	21.57580707396044	125.1636048297077	0	103.5877977557472	122.3479838734985	18.5993226127459	97.37618795732769	0	78.77686534458178	96.22142452113677	27.6373785934339	44.46158858419766	0	16.82420999076376	42.84561947288515	2365.003377633695	2387.438335287213	0	22.43495765351783	2294.766422112798	161.8460031753663	165.738004253033	0	3.892001077666676	165.6598378708279	36.25565940566621	415.1764470374087	0	378.9207876317425	406.9496628257847	9.994459643034229	108.0206328086769	0	98.0261731656427	106.0746602066295	88.84130291730249	1681.164388792013	0	1592.323085874711	1615.129055466706	1.548915515321523	2.228671284194204	0	0.6797557688726806	2.203129204859453	634.2019964940669	641.6909465137154	0	7.488950019648531	615.7948220594404	34.949620571502	160.5373572930204	0	125.5877367215184	157.2811559395614	180.358075209549	310.9059201607806	0	130.5478449512316	310.4226762742113	1075.303180999441	1472.741188633268	0	397.4380076338272	1436.318268299842	389.7935531082566	586.1760909665944	0	196.3825378583379	545.4249928413698
33.887	12.31472614304617	23.74093191937784	0	11.42620577633167	23.53881225558249	16.65921812873766	24.71180768318104	0	8.052589554443387	24.29465795312329	11.34582453373828	51.16573334770627	0	39.81990881396799	50.37759734014859	9.441274003448086	111.4818651178725	0	102.0405911144244	110.5112629820778	11.61062208615376	29.45364621599285	0	17.84302412983908	28.78001877375213	201.7496641333819	207.4273777104559	0	5.677713577073934	190.3167998886239	644.6955992746483	1035.978972646438	0	391.2833733717897	1027.456051429952	15.05982745849169	28.15264973204806	0	13.09282227355637	27.00106529123984	181.7373151653289	188.0515624269839	0	6.314247261654926	180.720317717244	40.83745477397279	44.62469677914911	0	3.787242005176322	43.34335578290975	9.407158319398292	33.85942455561275	0	24.45226623621446	33.1313506149977	18.70950720114834	68.68523901560447	0	49.97573181445613	66.71335095009684	32.85386761019139	67.76854663138796	0	34.91467902119658	65.96540820706322	66.38878710135879	154.9871727362181	0	88.59838563485928	152.6545563215819	18.62191996437716	76.51011020536643	0	57.88819024098927	72.50051100798582	77.09013441691627	188.1721789960327	0	111.0820445791164	178.5218803224192	559.4811419625496	745.7281260920887	0	186.2469841295391	714.0809440954856	22.46797248269339	51.36416510858206	0	28.89619262588868	48.48494052151973	14.5473819793612	74.17678902526499	0	59.6294070459038	71.32320730754223	14.98583359322935	114.1191319379031	0	99.1332983446737	110.2098306990703	7.346018365254299	13.19326132258117	0	5.847242957326868	12.91558310809227	7.985954667204624	17.01315923765877	0	9.027204570454145	17.01315923765877	8.947989838565972	26.88148373885695	0	17.93349390029098	26.87753046369902	5.502065959258974	28.65070850216085	0	23.14864254290188	28.32725125063742	17.71790992230819	23.21978493672453	0	5.501875014416338	21.05309548275741	10.7866842932541	54.03069327142934	0	43.24400897817524	53.1663422503059	21.7992161028747	123.6864972523927	0	101.887281149518	120.890150068167	18.39592333818709	84.48062465775067	0	66.08470131956358	83.42346583186696	28.77552078821648	47.94521921005434	0	19.16969842183785	46.29777346147633	2341.632718384879	2365.247426219335	0	23.61470783445534	2275.435825410304	149.4798302060399	153.7814256768199	0	4.301595470779978	153.7117382167537	36.26888331406008	400.8265863542755	0	364.5577030402155	392.799261350281	9.971954559930296	106.4405032423618	0	96.46854868243155	104.5145188024188	90.61634792786901	1578.763204756154	0	1488.146856828285	1515.621825349579	2.882370218762278	3.710515350358593	0	0.8281451315963144	3.678953842155287	651.381076983304	659.4670937423219	0	8.08601675901803	633.8294268336419	35.01243059462672	159.6360810593397	0	124.6236504647129	156.3903816213453	71.08458645747345	188.9218197964005	0	117.837233338927	188.6188045505645	891.7138420882823	1255.916499739819	0	364.2026576515365	1224.004132947221	160.89356846645	340.3704104095625	0	179.4768419431125	316.0137766563732
33.9185	12.4731438331078	24.73337804158763	0	12.26023420847983	24.52837467867892	17.03132224405741	26.0396990573814	0	9.008376813323993	25.6209875877006	11.37324061915053	47.70605738976543	0	36.3328167706149	46.94962714550734	9.665406598194005	99.86814385070041	0	90.2027372525064	98.96844713991416	11.55522552161375	28.17413483054174	0	16.61890930892799	27.51314360813375	177.2436289727072	182.9725357582492	0	5.728906785542009	167.9215837479929	624.4823537943563	978.6866019634853	0	354.2042481691291	970.4261183655973	14.49757501406481	28.87537923511413	0	14.37780422104932	27.73583443385956	140.2932011800737	147.04751274347	0	6.754311563396312	141.4812541606391	31.46373951678637	35.52333671122267	0	4.059597194436305	34.53244612350042	9.545093808245909	33.89296283700033	0	24.34786902875442	33.16316963526279	18.93000658572618	68.09675541429927	0	49.16674882857309	66.13131782576448	33.25470477957142	73.64665041453603	0	40.39194563496461	71.79481200397666	66.8739538819875	171.1870741410626	0	104.3131202590751	168.7607192411126	18.62910062355695	70.68247821986373	0	52.05337759630678	66.84710609677673	86.97775083014606	186.3457063792922	0	99.36795554914612	176.4483909959776	543.9402573641744	707.2671171736267	0	163.3268598094523	676.1397559385628	22.40393983909497	53.76413641376122	0	31.36019657466625	50.84505721614271	14.45185599085236	71.28082450900276	0	56.8289685181504	68.49799898172409	15.17136057371495	101.449467892909	0	86.27810731919404	97.82845700272281	7.384581164519005	13.8058258979951	0	6.421244733476092	13.52660824874095	7.956119947275587	17.59376271585047	0	9.637642768574882	17.59376271585047	8.800514807585525	26.28836975895905	0	17.48785495137352	26.28447494506319	5.495391318252317	29.10715479318322	0	23.6117634749309	28.7805281428343	18.31678445272188	24.91294017459198	0	6.596155721870099	22.81176596007273	10.95617969544287	53.5893174806919	0	42.63313778524904	52.72828828798563	22.05782199779146	122.1272173362817	0	100.0693953384902	119.3510241193486	18.23872637241647	70.77241818917976	0	52.5336918167633	69.82042360892859	40.3053589074136	62.32625191343071	0	22.02089300601711	60.30711435158828	2285.734944943601	2310.716687882979	0	24.98174293937832	2225.078122974055	143.546367899842	148.3326803359211	0	4.786312436079108	148.2682362338771	36.43801974404939	380.4926552176091	0	344.0546354735597	372.7491277821831	9.979086943276043	104.0257114900538	0	94.04662454677775	102.1301066783664	92.53210423306986	1474.600128784491	0	1382.068024551421	1414.439906067583	4.427806858277991	5.441104711477049	0	1.013297853199058	5.405513261041655	707.7036315309145	716.4774134578632	0	8.773781926948732	689.692999431876	35.50430438074316	158.9979651159621	0	123.493660735219	155.7560475855771	40.04560656270471	144.9813880488877	0	104.935781486183	144.7402924535218	583.6359725521696	912.7741320648586	0	329.138159512689	888.8311118882754	82.1080037133987	244.0531452405232	0	161.9451415271244	225.9933903108751
33.95	12.64301455154049	25.96056710682259	0	13.31755255528211	25.75203459850551	17.44884258212429	27.70105446881874	0	10.25221188669446	27.27986547036566	11.4316230074055	44.3378601684035	0	32.906237160998	43.61215002790399	9.909266550685924	88.61650475704525	0	78.70723820635932	87.7868992973716	11.53695708240188	26.98839040659175	0	15.45143332418987	26.33821876664731	186.8395283987144	192.6626726443653	0	5.823144245650921	176.9130213378696	528.5759721666168	842.3753979961159	0	313.7994258294991	835.0371094599343	12.39969059030717	28.18817720967521	0	15.78848661936804	27.11429738559073	51.76598896047814	58.99700631765525	0	7.231017357177109	56.82980946023203	16.4133037093081	20.76928629040059	0	4.355982581092497	20.20676188983341	9.856118044864026	34.07533311790566	0	24.21921507304164	33.34036088728082	19.26016458938966	67.56763505237484	0	48.30747046298518	65.60613640268787	33.55827284440482	80.19407329342678	0	46.63580044902197	78.28374079288177	67.09999023205351	189.7197293599011	0	122.6197391278476	187.1810734973804	18.62806193768428	64.93986879429205	0	46.31180685660777	61.27604223016554	173.693090612469	261.6132629187925	0	87.92017230632349	247.1632999680719	535.7510823145815	677.2373371634991	0	141.4862548489177	646.1991434039464	22.3249045257229	55.77942864148208	0	33.45452411575918	52.82510883221719	14.40686092262624	67.3046543502864	0	52.89779342766017	64.61772499491195	15.38220124223063	88.76826884296099	0	73.38606760073037	85.44105713384147	7.417728163834407	14.38611004844579	0	6.968381884611382	14.10484264902824	7.924184869625746	18.01734825935883	0	10.09316338973308	18.01734825935883	8.671980330475899	25.16057126954	0	16.4885909390641	25.1567717159517	5.493261967169935	29.62067642942497	0	24.12741446225504	29.29046524433878	18.87691830190415	26.82789593590043	0	7.950977633996276	24.78049444550565	11.17880192356511	53.17224140678051	0	41.9934394832154	52.31393421890425	22.38532490735947	120.5761115061711	0	98.19078659881158	117.819316626862	18.00475960133877	57.92267475951039	0	39.91791515817162	57.07069451545779	58.94158769038706	84.34848302098864	0	25.40689533060158	81.77345523358782	2196.460539143366	2222.903650755713	0	26.44311161234738	2142.545688412446	138.708601873111	144.0571534293618	0	5.348551556250859	143.9972113287273	36.77336458727335	355.6545404474295	0	318.8811758601561	348.2605119158857	10.01240709899827	100.8884749754501	0	90.87606787645178	99.03235729813017	94.7628020641189	1372.70778240826	0	1277.944980344141	1315.498664877254	5.732554259484107	6.98889621191466	0	1.256341952430553	6.95253718098886	794.3879009623778	803.9091258754643	0	9.521224913086479	775.0279871601243	36.38886230682755	158.6108156964988	0	122.2219533896712	155.3662898611473	61.95483982964421	154.2218391470845	0	92.26699931744029	153.9547037117063	220.782701753731	514.2290740349705	0	293.4463722812395	500.2370961733537	76.62158710974553	220.9886006914073	0	144.3670135816618	204.0004635640952
33.9815	12.80541452717834	27.41864277756475	0	14.6132282503864	27.20598389991747	17.88430741198362	29.71946197868427	0	11.83515456670065	29.29464364378147	11.56734406621481	41.18862697403243	0	29.62128290781762	40.49097908937136	10.15439266248623	78.04267660610664	0	67.88828394362041	77.28035467803485	11.72792501422865	26.08535738318918	0	14.35743236896053	25.43970186979596	207.5112342707322	213.471053072104	0	5.959818801371802	196.1844494150495	449.4006337175495	721.9524156554399	0	272.5517819378905	715.4235090969142	12.60340087853793	29.92333635590375	0	17.31993547736582	28.82180215605993	80.32303726962853	88.06494533815045	0	7.741908068521917	84.92434527069118	31.11153957780822	35.78527722794013	0	4.673737650131907	34.84376023989557	9.687217847462396	33.75648690698893	0	24.06926905952654	33.02693186976584	18.94145040041857	66.3637397334834	0	47.42228933306483	64.42541330592495	33.60518956481459	87.3000103947769	0	53.69482082996232	85.32509213426043	66.84239688296256	210.647301413693	0	143.8049045307305	207.9798386882836	18.609412586851	59.43885140210328	0	40.82943881525228	55.93868833132872	160.1097900232126	237.1496934067056	0	77.03990338349298	223.4741346868173	461.5753221183185	582.4731848511467	0	120.8978627328282	554.5406099327627	22.14030305400074	57.10150064400928	0	34.96119759000855	54.12875232120737	14.35878841963768	62.47568769857531	0	48.11689927893764	59.90586171800598	15.9938258710802	77.18101300538801	0	61.18718713430782	74.12057116624219	7.412144040868627	14.85450848945559	0	7.442364448586967	14.57194445350118	7.85689875842981	18.19953832903049	0	10.34263957060068	18.19953832903049	8.519468328045969	23.55424332775935	0	15.03477499971338	23.55057595141759	5.550376033110536	30.25506931686144	0	24.7046932837509	29.92019810694561	19.40791179571339	29.01612078143221	0	9.60820898571883	27.00619139033877	10.9145406239588	52.25821897675728	0	41.34367835279848	51.41060415706725	22.0779523880921	118.3855798077615	0	96.30762741966943	115.6628181406339	121.6003364348686	150.7377982987853	0	29.13746186391674	148.2722259916656	51.98853594259045	81.35610584057035	0	29.36756989797989	79.01375454760912	2008.832871707424	2036.77738931569	0	27.94451760826578	1964.902893120922	131.479424475208	137.4736613265269	0	5.994236851318853	137.4188924016807	37.26839406187283	327.9319738368753	0	290.6635797750025	320.9325024167815	10.10303462870341	97.20194915791404	0	87.09891452921063	95.3922072760524	96.72439400696743	1275.972476345756	0	1179.248082338789	1221.606785794039	6.594961754166941	8.164469710464651	0	1.569507956297711	8.129651377940672	765.0197393804892	775.3541897053628	0	10.33445032487361	748.5670180399125	35.81107201601111	156.6545013259517	0	120.8434293099407	153.4385674363149	52.6131177716009	132.7270214594449	0	80.11390368784403	132.486389883476	106.5838429605856	364.6435110522581	0	258.0596680916724	354.2989384203427	61.46657634697862	188.6243394144139	0	127.1577630674353	173.4887137476479
34.013	12.95636954549781	29.1171221849514	0	16.16075263945359	28.89962274481342	18.32685098562686	32.14912504055305	0	13.82227405492618	31.71874180679355	11.76335932049009	38.30968160370163	0	26.54632228321154	37.6368091864121	10.39942675405484	68.39149643862547	0	57.99206968457064	67.69183656147734	12.06609614133376	25.41829771811897	0	13.35220157678521	24.7718256831276	244.1942377272688	250.3318471798485	0	6.137609452579732	230.3102052397326	375.5370491791921	608.3634464546938	0	232.8263972755018	602.62212999955	13.71880312983345	32.68668449131562	0	18.96788136148217	31.52263306403215	180.1319567949922	188.4184337022396	0	8.28647690724736	181.8921474285993	64.08809868814848	69.10095249073956	0	5.012853802591075	67.33402631526768	9.278904552813803	33.17762733548174	0	23.89872278266793	32.45893142170755	18.25213790881635	64.76712890432161	0	46.51499099550526	62.8633078557868	33.45105037824202	95.01557989577485	0	61.56452951753282	92.96852467632664	66.19431515960196	234.1523855669025	0	167.9580704073006	231.3381963916302	18.57449677378304	54.30721942432832	0	35.73272265054529	50.9577581888563	105.3838333840876	172.3449470274863	0	66.96111364339869	161.9310783016076	323.0376701826225	425.1141877087315	0	102.0765175261091	403.6846549746296	21.94119561302249	57.64137869232743	0	35.70018307930494	54.66606296887201	14.33342277594457	57.14621336891104	0	42.81279059296646	54.70570288936833	16.85060373365549	67.06109166749474	0	50.21048793383925	64.22912625393349	7.393818511265654	15.20186602441227	0	7.808047513146613	14.91839906282958	7.786144287839916	18.14543461657832	0	10.3592903287384	18.14543461657832	8.371614097228129	21.65011682896479	0	13.27850273173667	21.64660070730994	5.646707067185942	31.00184388265592	0	25.35513681546997	30.66139215083907	19.91173885722131	31.51785534902172	0	11.60611649180041	29.52671142775206	10.35968354814768	51.04542760370553	0	40.68574405555784	50.21337046139991	21.38958321163356	115.814329646764	0	94.42474643513047	113.1345439981005	281.8014435146572	302.375646276112	0	20.57420276145481	296.787669123517	30.33089881656084	64.24763767734342	0	33.91673886078257	62.49983518535168	1722.074031331471	1751.448273723958	0	29.3742423924865	1690.991507704591	122.274244898229	129.0004378724512	0	6.726192974222267	128.9512147381459	37.92416102858712	299.1787991240763	0	261.2546380954892	292.5936285377257	10.24225074173475	93.15238341671349	0	82.91013267497874	91.39367444273611	98.55829997264462	1184.652463287958	0	1086.094163315314	1133.009395795058	7.104211482495472	9.069684872987025	0	1.965473390491553	9.037087811340792	633.140062657708	644.3527227325029	0	11.21266007479491	622.9298604655997	34.45266848828508	153.817127221221	0	119.3644587329359	150.6471829347866	42.29500355808517	111.0396449232523	0	68.74464136516711	110.8279152357505	138.9357402358629	362.9005340824185	0	223.9647938465556	352.1108745299443	65.20446034603499	175.9430531485439	0	110.7385928025089	161.1352720381823
34.0445	13.12441337707618	31.14305985980224	0	18.01864648272606	30.91952046029851	18.80443813870592	35.14913450505603	0	16.34469636635011	34.70979250283924	11.77336032959468	35.49938886404976	0	23.72602853445509	34.85182850890208	10.62161238044047	59.7956029457258	0	49.17399056528533	59.15284735652277	12.00257325645391	24.45420213600445	0	12.45162887955054	23.81549847785049	207.5471651131862	213.9132872372649	0	6.366122124078649	197.0655341793471	294.6497730132236	490.6079254326609	0	195.9581524194372	485.7519370351477	13.8089331328493	34.52465452766447	0	20.71572139481517	33.33344037195804	211.3490431517291	220.2060647122636	0	8.85702156053458	212.7909672743173	51.15285058578059	56.52130134891888	0	5.368450763138283	55.1153321465598	9.217744003904368	32.92933723910073	0	23.71159323519636	32.21419892978476	18.48455547099308	64.088577025337	0	45.60402155434393	62.19228917694938	33.64045344112431	103.8408605799064	0	70.20040713878208	101.7037445828961	65.71650093014213	260.7556192013278	0	195.0391182711857	257.771678082848	18.47564751844317	49.54280580854405	0	31.06715829010088	46.33199871353071	79.98122821796036	137.7378111644987	0	57.7565829465383	128.9855883263148	252.1433096259722	337.4073042585382	0	85.26399463256601	319.4483237818267	21.73324540679709	57.41663697159316	0	35.68339156479607	54.45505389763597	14.28664712945946	51.6324494973689	0	37.34580236790944	49.32660667619555	51.17865543087293	91.82188112852941	0	40.64322569765648	87.66625292155625	7.36876473722183	15.42980959072108	0	8.061044853499251	15.14591918463256	7.709716184400389	17.87204330489962	0	10.16232712049923	17.87204330489962	8.197555279826055	19.58348715668427	0	11.38593187685822	19.58013310243495	5.65250286623032	31.74281335822557	0	26.09031049199525	31.39721324285937	20.42800835974221	34.43886821518125	0	14.01085985543904	32.44430542999061	10.63588181919538	50.66808615167334	0	40.03220433247795	49.83802596604683	21.87100531339093	114.4479406945264	0	92.5769353811355	111.7836364441049	296.5571175006449	310.5903332519698	0	14.03321575132486	303.9988849579644	116.9132739725344	156.0127447451189	0	39.0994707725844	151.9929782433523	1482.053108008658	1512.872613408922	0	30.81950540026374	1461.695990137854	95.94391370690298	103.4888799587397	0	7.544966251836706	103.4510213990799	38.49458266843769	270.3561511766231	0	231.8615685081854	264.1939170953005	10.34005939978426	88.77669602000479	0	78.43663662022054	87.07390015510151	100.7448867719895	1100.675105816898	0	999.9302190449081	1051.564096438191	7.434079779015127	9.895135120253384	0	2.461055341238257	9.864441344730269	611.7816039049773	623.9272217724219	0	12.14561786744461	603.9374117247449	34.55268391822351	152.3706026521277	0	117.8179187339042	149.2175245077832	39.94567346000378	98.42782158386821	0	58.48214812386442	98.229604358906	149.514412464265	341.8936386124813	0	192.3792261482163	331.19095812265	62.29928113915413	157.946474607468	0	95.6471934683139	143.9461096859172
34.076	13.28792173711178	33.56067676148889	0	20.2727550243771	33.32979412188335	19.28239716207436	38.86906123370412	0	19.58666407162976	38.41689463498135	11.67617998842654	32.82232065313867	0	21.14614066471213	32.19951199129042	10.79877348877574	52.15379792919676	0	41.35502444042103	51.56258128671358	11.73864870457625	23.39048080499965	0	11.6518321004234	22.76371107876767	111.9066699361223	118.5650118587284	0	6.658341922606123	109.4021585766652	208.2103790888698	370.4030474116885	0	162.1926683228187	366.5353013380193	13.59437889023327	36.15395644707534	0	22.55957755684208	34.94351592278144	218.0221532299792	227.5224241169755	0	9.500270886996335	220.0776883871837	10.64794954400588	16.41564401933903	0	5.767694475333153	16.01857762394329	9.284025056153896	32.78111936579948	0	23.49709430964559	32.06710723753383	19.14414354232322	63.7820426401118	0	44.63789909778858	61.88140422130736	33.937386850556	113.2094247611711	0	79.27203791061513	110.9742626186257	65.43476588964481	282.3106826677692	0	216.8759167781243	279.1885596397918	18.30782421651632	45.09079707992194	0	26.78297286340562	42.00755721712722	61.99310650963022	111.3116088661995	0	49.31850235656933	103.8395751771752	233.7954621186629	304.1507368057872	0	70.35527468712429	286.9674234183923	21.437076474273	56.17926945221544	0	34.74219297794244	53.25681932215116	14.17609033248793	46.0092413493067	0	31.83315101681877	43.84211066693912	106.2052984133553	138.6127525941391	0	32.40745418078379	131.840992983674	7.311405445891724	15.46253538479884	0	8.151129938907111	15.17966639249019	7.601513921618179	17.31900602839089	0	9.717492106772717	17.31900602839089	7.970001294677227	17.39595449153107	0	9.425953196853843	17.39277066205592	5.615690990554348	32.53240327131366	0	26.91671228075931	32.18150468463156	20.93381217753002	37.84103045132469	0	16.90721827379467	35.82305276831413	11.32430805531194	50.67165148805402	0	39.34734343274209	49.83709139243297	22.93641320004824	113.6002979586131	0	90.66388475856483	110.9387158153484	238.5749693076463	247.7415166808025	0	9.166547373156156	241.5859507974872	268.6569162747535	313.6922008478916	0	45.03528457313806	306.0227800500323	1280.495372289368	1313.033385624435	0	32.53801333506716	1269.578072399863	54.73193314903465	63.194240102594	0	8.462306953559359	63.17205539411996	38.99654291157378	241.6218412246457	0	202.6252983130719	235.8891906476413	10.42393264544839	84.0628196417111	0	73.63888699626271	82.42094706773153	102.7702083853572	1018.986283867567	0	916.2160754822097	972.3767729376134	7.685185960236636	10.74908050812745	0	3.063894547890812	10.7197375869899	677.9707213865452	691.1947204677318	0	13.2239990811867	669.8653942388066	35.26462741784874	151.3834200941396	0	116.1187926762908	148.2364203391359	42.23214159605902	91.78877441728865	0	49.55663282122963	91.59301083228534	197.6568496471852	361.9446468615034	0	164.2877972143182	349.9755110861393	62.03578865959507	144.3571106895407	0	82.32132202994562	130.8445631416327
34.1075	13.54157978164647	36.5666211125379	0	23.02504133089142	36.32611780518544	19.82775613473522	43.61574010420943	0	23.78798396947422	43.14484450830201	11.64986860688203	30.47737107277113	0	18.8275024658891	29.87508743297867	10.97823681526448	45.52172375819156	0	34.54348694292708	44.97558948450899	11.66343804413048	22.6318677442061	0	10.96842970007563	22.01076792138746	58.66642612479291	65.69556845435221	0	7.02914232955931	60.73368664456802	128.202565194554	260.4415692063318	0	132.2390040117778	257.5557731352052	15.11784331413435	39.60994386114102	0	24.49210054700667	38.32117891016197	158.9584474648563	169.2254890324406	0	10.26704156758428	163.8586827146347	27.89405729722392	34.13756353838927	0	6.243506241165346	33.33660578577688	9.318573146886331	32.55451036543667	0	23.23593721855034	31.84286910569132	19.03618637246111	62.58191744924281	0	43.5457310767817	60.70166512979503	33.39693016335409	121.5576150566369	0	88.16068489328279	119.2417138109425	64.31157038723615	299.7353665667786	0	235.4237961795425	296.5059045752796	18.39667385815542	41.29780881964519	0	22.90113496148978	38.30535068460772	42.98201988894564	84.58544203383605	0	41.6034221448904	78.55296458324331	159.7487019083875	217.1270338249832	0	57.37833191659562	204.0348317334983	21.15556255954148	54.02289255777747	0	32.86732999823599	51.15877294633149	14.09433343722631	40.59262672544347	0	26.49829328821716	38.55683322621747	148.7450900244442	174.2409034363994	0	25.49581341195521	164.9847890784641	7.271160459246634	15.32951732509704	0	8.05835686585041	15.0482417201285	7.521876019513392	16.56286272625411	0	9.040986706740714	16.56286272625411	7.832044200884898	15.35186411910762	0	7.519819918222718	15.34881650433404	5.720337932597428	33.58205723598605	0	27.86171930338862	33.22354633255276	21.70227449460421	42.05793862763101	0	20.3556641330268	39.98359389731705	11.23805496296339	49.81867062307738	0	38.58061566011399	48.99314289994889	22.76950323515584	111.3177902842834	0	88.54828704912755	108.6906663163767	185.3377906372224	191.0166612975477	0	5.678870660325346	185.3431809898537	261.7276679721444	313.5098765918409	0	51.78220861969643	306.2225532889358	1070.477645746989	1105.031062797907	0	34.55341705091831	1069.348947543226	36.30751132959657	45.78606293472122	0	9.47855160512464	45.77061954632334	39.67046209215432	214.1604636684927	0	174.4900015763384	208.8432461446011	10.63302793819851	79.26713586281939	0	68.63410792462088	77.68698408490087	104.4236461550131	934.1783665476445	0	829.7547203926314	890.2125801916153	8.007959105650787	11.7694660446019	0	3.761506938951112	11.7406885477529	710.2413728313682	724.7725345937704	0	14.53116176240228	703.299784696017	35.25396896837016	149.3822882627307	0	114.1283192943605	146.2599319540341	38.20991543065978	80.16790561639399	0	41.95799018573421	79.98651413521519	276.5495028501339	416.4499884627986	0	139.9004856126647	401.8675464027245	57.63266422977014	128.4500408946008	0	70.81737666483063	115.7325614932645
34.139	13.81707597442719	40.15052540051342	0	26.33344942608624	39.89845929987878	20.33212011683986	49.50622039270154	0	29.17410027586169	49.0107502648736	11.63000239895897	28.42313110194043	0	16.79312870298146	27.8380533249742	11.13448872333634	39.91093758743257	0	28.77644886409623	39.40296918174284	11.62842193596408	22.03283876472932	0	10.40441682876523	21.41520006196276	28.00854884292039	35.4836198445584	0	7.475071001638018	32.87330978793173	52.4085130575277	159.3773135076129	0	106.9688004500852	157.4956234119801	17.62869998198063	44.15432779740114	0	26.5256278154205	42.75641074391465	36.84381154486379	47.95370489286137	0	11.10989334799759	46.48084089794121	76.7309439121893	83.50034584376134	0	6.769401931572039	81.60133881980805	9.387214373086149	32.32764525518293	0	22.94043088209678	31.61800887590034	18.6339760919919	61.02951369880263	0	42.39553760681073	59.17936747499419	32.60598579548457	129.6580335007619	0	97.05204770527733	127.2643415871697	63.19510376725213	314.3312348749182	0	251.136131107666	311.0120818838694	18.62978357916085	38.1085296788474	0	19.47874609968655	35.17193560953	26.05193392615742	60.79976631456279	0	34.74783238840536	56.16834454531533	52.54734326721354	98.94471311496442	0	46.39736984775088	92.54609127891622	20.8877092511649	51.20200594290138	0	30.31429669173648	48.4089793900767	14.0197302137468	35.6729742786464	0	21.6532440648996	33.75203241971963	190.414843391138	210.3276667447249	0	19.91282335358683	198.1073925866812	7.244747663108147	15.05682291058518	0	7.812075247477031	14.77760313827424	7.466038734850016	15.68674935603785	0	8.220710621187838	15.68674935603785	7.758170221588107	13.57829082462	0	5.820120603031889	13.57532696506138	5.894943403230552	34.86132253950227	0	28.96637913627172	34.49342410913363	22.5995859704061	46.97804189185043	0	24.37845592144433	44.82381000908519	10.8275520924085	48.6052210293863	0	37.7776689369778	47.79449466626856	22.07110985130352	108.4309008813535	0	86.35979103004993	105.8519588428958	123.5240539232585	126.8424946353385	0	3.318440712079986	122.25115206358	166.9171235190331	226.2029879548379	0	59.2858644358048	221.1904386919502	852.0732021600101	888.519728498149	0	36.44652633813897	860.4755906838687	32.59512798084711	43.17905286427521	0	10.5839248834281	43.16503400864296	40.44857132180537	189.5312671559486	0	149.0826958341432	184.5894203845792	10.92234801809779	74.65760755892393	0	63.73525954082613	73.13663068841899	106.4246089196129	853.0642039508197	0	746.6395950312068	811.6569793105233	8.382284884936304	12.91583466461487	0	4.533549779678566	12.88706508543623	723.3909896096583	739.3686440626781	0	15.97765445301985	718.355633569638	35.05445415303998	147.0069089340175	0	111.9524547809775	143.9153590507462	31.89293433811869	67.25078592654953	0	35.35785158843084	67.08889957375746	385.8542072027986	504.2137566019301	0	118.3595493991315	485.4535255274578	51.4824862747757	112.1498312024139	0	60.66734492763821	100.3733304295081
34.1705	13.73744249284738	44.04505128156637	0	30.30760878871899	43.78138650617107	20.45312259706362	56.55891593768292	0	36.1057933406193	56.03435235269465	11.5028707894181	26.52582475895932	0	15.02295396954122	25.95723078662694	11.1617120415051	35.09895432996795	0	23.93724228846284	34.62406234341517	11.49060778714778	21.4477447235609	0	9.957136936413125	20.83552501071732	12.211414397157	20.22622737333294	0	8.014812976175936	18.78156956591627	23.44259815721191	109.6057450974677	0	86.16314694025576	108.2224692736057	16.28796993474195	44.97341410621317	0	28.68544417147122	43.58670138677098	131.4114611097068	143.4065703879064	0	11.99510927819962	139.1351285563967	62.47070209287635	69.79298317373335	0	7.322281080856992	68.25240360879799	9.384995050413442	32.01374702471112	0	22.62875197429768	31.30784976468762	18.63121662692081	59.88883114181591	0	41.2576145148951	58.05653248672305	32.40826815370058	134.358917536446	0	101.9506493827454	131.9175595919115	62.62067789385573	327.7117798147548	0	265.0911019208991	324.3086410018613	26.71655038929543	43.13840679193591	0	16.42185640264048	39.58708127746895	44.4477485776985	73.17434491667152	0	28.72659633897301	67.18766381796416	17.22917907592221	54.45082973984967	0	37.22165066392746	50.65562170339212	20.62274512642246	47.82373027779565	0	27.20098515137319	45.11221527481195	20.35619623238417	37.73331313166241	0	17.37711689927825	35.5331340146509	160.0372912998362	175.5244884200027	0	15.48719712016654	164.3169642596892	7.290989481134482	14.70188561305879	0	7.410896131924308	14.42413920471956	7.766779670201368	15.06118580097079	0	7.294406130769418	15.06118580097079	11.5547067103426	15.9128142006897	0	4.358107490347097	15.90894152394035	5.732767753567429	35.99826434247245	0	30.26549658890503	35.62325464637699	22.76661113876217	51.7942789467901	0	29.02766780802792	49.57463297742233	10.83777110392823	47.82621376809809	0	36.98844266416986	47.02318465268974	22.09650221706961	106.3313050067597	0	84.23480278969008	103.7825860087952	96.61452096934386	98.37511029812801	0	1.760589328784158	93.95803419576335	109.6783763757627	177.2482758961751	0	67.56989952041238	173.4935067244551	763.6715274302062	801.7136564104479	0	38.04212898024174	776.8638182677223	26.20513910466454	37.98252304104592	0	11.77738393638139	37.97063037884688	40.78937275108584	167.5148332357035	0	126.7254604846177	162.9153569126888	11.00971022590688	70.07105522479156	0	59.06134499888468	68.610900927854	108.5307314660623	780.5361890698473	0	672.005457603785	741.444989599908	21.08292744755573	26.43498874257794	0	5.352061295022217	26.38052243055381	684.806978603942	702.3282678885452	0	17.52128928460327	683.1450735672903	35.10678118433995	144.8351087556175	0	109.7283275712775	141.7696800800961	34.26349647040157	63.83298372924918	0	29.56948725884761	63.66881014981232	297.6733482820604	396.8617315067319	0	99.18838322467154	381.0936194571574	88.220656232964	139.8373212559078	0	51.61666502294376	124.1985314782712
34.202	13.40875761387063	48.42939956648711	0	35.02064195261648	48.15305455372877	20.22277597926263	65.17701129596669	0	44.95423531670406	64.61646482240313	11.31643793624839	24.80761609856958	0	13.4911781623212	24.25421606658338	11.10606191596383	31.00953027200624	0	19.90346835604241	30.56268362993076	11.29488904147704	20.90676987387935	0	9.611880832402312	20.30110970751982	12.17771656252894	20.8228769142756	0	8.645160351746666	19.38266922627807	29.08515108639076	98.30850310733483	0	69.22335202094408	96.97836028895854	12.88524854788246	43.85208282295804	0	30.96683427507558	42.53399751347485	361.423935996211	374.3599855246127	0	12.93604952840163	363.5359428209397	13.07494482215621	20.98483378795123	0	7.909888965795025	20.5348038273496	9.34758192241874	31.64735812695614	0	22.29977620453739	30.9461830163427	18.75878480338306	58.88140764740304	0	40.12262284401998	57.06284603983512	32.40437405052619	136.9825434680041	0	104.578169417478	134.5138207895755	62.19174342360019	338.4302511478114	0	276.2385077242112	334.9600711065422	39.40963667965915	53.13927013640372	0	13.72963345674457	48.44130458698542	84.07609074237408	107.6067024312544	0	23.53061168888037	98.096807160819	23.23788337202225	52.88601718886914	0	29.64813381684689	48.89282322613364	20.40206152032343	44.15351968428259	0	23.75145816395916	41.52294586510128	30.38800462809606	44.1405236911278	0	13.75251906303175	41.33101128288804	80.28558914267909	92.37762132645619	0	12.09203218377711	85.87766939479461	7.401797514415847	14.28880495944091	0	6.887007445025068	14.01152994224423	8.305889419480202	14.64365278582792	0	6.337763366347724	14.64365278582793	17.48489974805521	20.66914037909145	0	3.184240631036247	20.66345867451331	5.384225498472704	37.13817436130502	0	31.75394886283231	36.7567041238774	22.47703424503402	56.79367635873933	0	34.31664211370531	54.50764034253357	10.98895477755626	47.19475648432092	0	36.20580170676466	46.39698624149858	22.36966101613754	104.5215811546902	0	82.15192013855263	101.9965497504947	86.29888849690076	87.14016752073728	0	0.841279023836522	82.23129106196384	54.65635546019203	131.2629610913106	0	76.60660563111857	128.5974657527777	780.4782979917422	819.9458865153907	0	39.46758852364854	794.9136463158794	21.90222847233851	34.95123338331101	0	13.0490049109725	34.94065776213027	40.85578865291531	147.9721662604125	0	107.1163776074972	143.6804700639316	10.9902581262662	65.57803529281273	0	54.58777716654653	64.17883465336472	110.4745303845597	714.8993443713443	0	604.4248139867847	677.9320631707023	41.92998222200863	48.12305656029419	0	6.193074338285553	48.03015147008079	597.8325323703435	617.0235446640866	0	19.19101229374305	600.8034038999207	35.23057422129349	142.6754831623288	0	107.4449089410353	139.6353926830336	41.08297238111684	65.7313413068722	0	24.64836892575535	65.55014048300657	98.86285948603569	181.540432976018	0	82.67757348998231	173.8069408568847	149.7819215687163	193.5828423655439	0	43.80092079682765	170.4540477660127
34.2335	13.46008110753238	53.92407843442336	0	40.46399732689098	53.63045757950853	20.26609737972226	76.29422187284369	0	56.02812449312142	75.68427634387905	11.29717237829193	23.47140464908936	0	12.17423227079743	22.92705967712356	11.0950146059473	27.67844162728681	0	16.58342702133951	27.25317657412383	11.38485872993568	20.73360327017841	0	9.348744540242725	20.12580475493483	11.81089987704009	21.16119776991017	0	9.350297892870078	19.74540256036533	23.87749241699335	79.6266508891499	0	55.74915847215654	78.46980343213563	13.54807701278874	46.94476090474377	0	33.39668389195503	45.56830702307309	315.05790605243	328.9847259218898	0	13.92681986945979	319.7418955526254	28.91225957531967	37.44160757263374	0	8.529347997314073	36.66072417837474	9.322694759680664	31.27952391812948	0	21.95682915844882	30.58295485644384	18.64046687606904	57.63919774254736	0	38.99873086647832	55.84169276304681	32.33905091131481	138.9797565867834	0	106.6407056754686	136.490480855787	61.85453720629686	346.2950027975817	0	284.4404655912848	342.7756734879462	33.06515377855924	44.48426738222998	0	11.41911360367074	40.24268476910993	67.02708608458815	86.17167207772972	0	19.14458599314158	77.90294531823596	16.85290019184493	40.34348003073708	0	23.49057983889215	37.02774017476484	29.31165423388189	49.67298304164646	0	20.36132880776457	46.53644769246169	45.94170754956287	56.7777426797549	0	10.83603513019203	52.81231017819859	82.54138424823108	92.10391485430179	0	9.562530606070702	84.96841436721047	10.53839685064725	16.86396579891428	0	6.325568948267029	16.52595787229279	13.97131419823303	19.4251778529645	0	5.453863654731471	19.4251778529645	20.09108040246266	22.39697760160002	0	2.30589719913737	22.38996994835461	5.452366159514978	38.92245299442807	0	33.47008683491309	38.52873957007156	70.96168357800941	111.351546458329	0	40.38986288031956	107.1252863198128	10.90662911428957	46.34017412055309	0	35.43354500626352	45.55150005597436	22.27393226292466	102.3930232058507	0	80.11909094292608	99.89986085567956	55.76096318588248	56.08948753410527	0	0.3285243482227882	52.12546067005999	36.15208457548484	122.4035169566108	0	86.25143238112594	120.0133258025735	766.2307477833708	806.8233695821334	0	40.59262179876249	782.4877752386674	17.38711939679878	31.768570134594	0	14.38145073779523	31.75925933219921	41.0218082983177	131.4299060065991	0	90.40809770828137	127.3950650923741	11.11377626759627	61.52662356941307	0	50.4128473018168	60.18172839638514	112.2384934480939	655.756360222927	0	543.517866774833	620.7243318171012	50.29440467766173	57.3304862617592	0	7.036081584097467	57.22568976799158	637.2430353097933	658.218321925572	0	20.97528661577867	641.5414451558757	35.08211246452203	140.2039062099898	0	105.1217937454678	137.195428791173	37.60366337670872	58.09628090514023	0	20.49261752843151	57.9241870324885	88.80874737934971	157.428337482258	0	68.61959010290833	150.213703377343	121.5885956282187	158.6949673634201	0	37.10637173520147	138.3900192895944
34.265	13.65870119414473	60.27728692520216	0	46.61858573105744	59.96347572844567	20.33818401894743	89.93736251197515	0	69.59917849302772	89.2665293282675	11.37454614315448	22.44168605537388	0	11.0671399122194	21.90163414704557	11.10798480974923	25.02344222067378	0	13.91545741092455	24.61371069967299	11.64049441024062	20.80878777939352	0	9.168293369152893	20.19349233057969	16.96067306014841	27.0762426673204	0	10.115569607172	25.32355709373241	24.45576634726313	69.84479536292817	0	45.38902901566503	68.75644596002181	15.99467709958167	52.01632136588346	0	36.02164426630178	50.52814189422361	78.47121779600836	93.41156336278642	0	14.94034556677807	90.85717805980163	79.85514676912082	89.01890442217849	0	9.163757653057667	87.21038044757861	9.293735318459513	30.90516993448803	0	21.61143461602852	30.21331982962519	18.418858133535	56.33680034810753	0	37.91794221457253	54.56289436699162	32.27431619277957	140.7544180735865	0	108.4801018808069	138.2468248341316	61.61238275991958	351.8923925760024	0	290.2800098160828	348.338086283657	17.14834747017442	26.63554939620483	0	9.487201926030414	23.8881784619002	23.7176265131915	39.2483361180383	0	15.5307096048468	35.1424272929425	16.77333950363277	35.36300136025174	0	18.58966185661896	32.18752018098862	43.58664497075194	60.90881915750708	0	17.32217418675513	56.81248906421013	66.06783668979699	74.63972173397471	0	8.57188504417773	68.90667368411867	126.0842592329152	133.7812013537993	0	7.696942120884108	122.4049492625898	15.53677744138795	21.331212196726	0	5.794434755338051	20.88870132694282	22.75186647004699	27.44531814364659	0	4.693451673599601	27.44531814364659	21.51138376343278	23.18165518756867	0	1.670271424135882	23.17337084912547	5.704682735915969	41.1589655054047	0	35.45428276948874	40.74950772761876	149.6767981592294	197.0665908303711	0	47.38979267114164	189.9940627341416	10.72919097651573	45.42171245085756	0	34.69252147434183	44.64347039433702	22.03784368929583	100.2262960142985	0	78.18845232500264	97.76701587111553	25.61496906317786	25.66526321326156	0	0.0502941500836982	23.40245108202739	41.09288789432542	137.3485326559044	0	96.25564476157895	134.7601834524845	747.7214096726258	788.8017362915579	0	41.080326618932	765.1556399262673	13.39714285331141	29.1383879876889	0	15.7412451343775	29.13009394272243	41.19696687248933	117.9897437628082	0	76.79277689031888	114.1574968435724	11.29496222398117	58.00607213387642	0	46.71110990989525	56.70795951826421	113.8608027455914	603.9453662943475	0	490.0845635487561	570.6222625126256	53.09154759975551	60.93078258693097	0	7.839234987175464	60.82431141315485	775.5669236377917	798.3936975418369	0	22.82677390404523	778.8529056462665	34.7917860596492	137.6239153510759	0	102.8321292914267	134.6497245521857	29.67732582595197	46.64792527149223	0	16.97059944554025	46.49897984296566	156.2828346055424	213.0263837184476	0	56.7435491129052	202.4875483174678	47.92314517388084	79.28148555322463	0	31.35834037934377	68.38666443174928
