[info] Loaded model PA26_complex from file ../../../../../data/Loone2025/PA26/scaling/PA26_complex.osim
[info] Storage: read data file = SRRun01_grf.mot (nr=10005 nc=19)
[info] ExternalForce::RightGRF Data source being set to SRRun01_grf
[info] ExternalForce::LeftGRF Data source being set to SRRun01_grf
[info] Storage: read data file = SRRun01_grf.mot (nr=10005 nc=19)
[info] ExternalForce::RightGRF Data source being set to SRRun01_grf
[info] ExternalForce::LeftGRF Data source being set to SRRun01_grf
[info] Loaded model PA26_complex from file PA26_SRRun_dynamic-optimisation_complex.osim
[info] Storage: read data file = SRRun01_grf.mot (nr=10005 nc=19)
[info] ExternalForce::RightGRF Data source being set to SRRun01_grf
[info] ExternalForce::LeftGRF Data source being set to SRRun01_grf
[info] Storage: read data file = SRRun01_grf.mot (nr=10005 nc=19)
[info] ExternalForce::RightGRF Data source being set to SRRun01_grf
[info] ExternalForce::LeftGRF Data source being set to SRRun01_grf
[info] Loaded model PA26_complex from file PA26_SRRun_dynamic-optimisation_complex.osim
[info] Storage: read data file = SRRun01_grf.mot (nr=10005 nc=19)
[info] ExternalForce::RightGRF Data source being set to SRRun01_grf
[info] ExternalForce::LeftGRF Data source being set to SRRun01_grf
[info] Storage: read data file = SRRun01_grf.mot (nr=10005 nc=19)
[info] ExternalForce::RightGRF Data source being set to SRRun01_grf
[info] ExternalForce::LeftGRF Data source being set to SRRun01_grf
[info] Storage: read data file = SRRun01_grf.mot (nr=10005 nc=19)
[info] ExternalForce::RightGRF Data source being set to SRRun01_grf
[info] ExternalForce::LeftGRF Data source being set to SRRun01_grf
[info] Storage: read data file = SRRun01_grf.mot (nr=10005 nc=19)
[info] ExternalForce::RightGRF Data source being set to SRRun01_grf
[info] ExternalForce::LeftGRF Data source being set to SRRun01_grf
[info] Storage: read data file = SRRun01_grf.mot (nr=10005 nc=19)
[info] ExternalForce::RightGRF Data source being set to SRRun01_grf
[info] ExternalForce::LeftGRF Data source being set to SRRun01_grf
[info] Storage: read data file = SRRun01_grf.mot (nr=10005 nc=19)
[info] ExternalForce::RightGRF Data source being set to SRRun01_grf
[info] ExternalForce::LeftGRF Data source being set to SRRun01_grf
[info] Storage: read data file = SRRun01_grf.mot (nr=10005 nc=19)
[info] ExternalForce::RightGRF Data source being set to SRRun01_grf
[info] ExternalForce::LeftGRF Data source being set to SRRun01_grf
[info] Storage: read data file = SRRun01_grf.mot (nr=10005 nc=19)
[info] ExternalForce::RightGRF Data source being set to SRRun01_grf
[info] ExternalForce::LeftGRF Data source being set to SRRun01_grf
[info] Storage: read data file = SRRun01_grf.mot (nr=10005 nc=19)
[info] ExternalForce::RightGRF Data source being set to SRRun01_grf
[info] ExternalForce::LeftGRF Data source being set to SRRun01_grf
[info] Storage: read data file = SRRun01_grf.mot (nr=10005 nc=19)
[info] ExternalForce::RightGRF Data source being set to SRRun01_grf
[info] ExternalForce::LeftGRF Data source being set to SRRun01_grf
[info] Storage: read data file = SRRun01_grf.mot (nr=10005 nc=19)
[info] ExternalForce::RightGRF Data source being set to SRRun01_grf
[info] ExternalForce::LeftGRF Data source being set to SRRun01_grf
[info] Storage: read data file = SRRun01_grf.mot (nr=10005 nc=19)
[info] ExternalForce::RightGRF Data source being set to SRRun01_grf
[info] ExternalForce::LeftGRF Data source being set to SRRun01_grf
[info] Storage: read data file = SRRun01_grf.mot (nr=10005 nc=19)
[info] ExternalForce::RightGRF Data source being set to SRRun01_grf
[info] ExternalForce::LeftGRF Data source being set to SRRun01_grf
[info] Storage: read data file = SRRun01_grf.mot (nr=10005 nc=19)
[info] ExternalForce::RightGRF Data source being set to SRRun01_grf
[info] ExternalForce::LeftGRF Data source being set to SRRun01_grf
[info] Storage: read data file = SRRun01_grf.mot (nr=10005 nc=19)
[info] ExternalForce::RightGRF Data source being set to SRRun01_grf
[info] ExternalForce::LeftGRF Data source being set to SRRun01_grf
[info] Storage: read data file = SRRun01_grf.mot (nr=10005 nc=19)
[info] ExternalForce::RightGRF Data source being set to SRRun01_grf
[info] ExternalForce::LeftGRF Data source being set to SRRun01_grf
[info] Storage: read data file = SRRun01_grf.mot (nr=10005 nc=19)
[info] ExternalForce::RightGRF Data source being set to SRRun01_grf
[info] ExternalForce::LeftGRF Data source being set to SRRun01_grf
[info] Storage: read data file = SRRun01_grf.mot (nr=10005 nc=19)
[info] ExternalForce::RightGRF Data source being set to SRRun01_grf
[info] ExternalForce::LeftGRF Data source being set to SRRun01_grf
[info] Storage: read data file = SRRun01_grf.mot (nr=10005 nc=19)
[info] ExternalForce::RightGRF Data source being set to SRRun01_grf
[info] ExternalForce::LeftGRF Data source being set to SRRun01_grf
[info] Storage: read data file = SRRun01_grf.mot (nr=10005 nc=19)
[info] ExternalForce::RightGRF Data source being set to SRRun01_grf
[info] ExternalForce::LeftGRF Data source being set to SRRun01_grf
[info] Storage: read data file = SRRun01_grf.mot (nr=10005 nc=19)
[info] ExternalForce::RightGRF Data source being set to SRRun01_grf
[info] ExternalForce::LeftGRF Data source being set to SRRun01_grf
[info] Storage: read data file = SRRun01_grf.mot (nr=10005 nc=19)
[info] ExternalForce::RightGRF Data source being set to SRRun01_grf
[info] ExternalForce::LeftGRF Data source being set to SRRun01_grf
[info] Storage: read data file = SRRun01_grf.mot (nr=10005 nc=19)
[info] ExternalForce::RightGRF Data source being set to SRRun01_grf
[info] ExternalForce::LeftGRF Data source being set to SRRun01_grf
[info] Storage: read data file = SRRun01_grf.mot (nr=10005 nc=19)
[info] ExternalForce::RightGRF Data source being set to SRRun01_grf
[info] ExternalForce::LeftGRF Data source being set to SRRun01_grf
[info] Storage: read data file = SRRun01_grf.mot (nr=10005 nc=19)
[info] ExternalForce::RightGRF Data source being set to SRRun01_grf
[info] ExternalForce::LeftGRF Data source being set to SRRun01_grf
[info] Storage: read data file = SRRun01_grf.mot (nr=10005 nc=19)
[info] ExternalForce::RightGRF Data source being set to SRRun01_grf
[info] ExternalForce::LeftGRF Data source being set to SRRun01_grf
[info] Storage: read data file = SRRun01_grf.mot (nr=10005 nc=19)
[info] ExternalForce::RightGRF Data source being set to SRRun01_grf
[info] ExternalForce::LeftGRF Data source being set to SRRun01_grf
[info] Storage: read data file = SRRun01_grf.mot (nr=10005 nc=19)
[info] ExternalForce::RightGRF Data source being set to SRRun01_grf
[info] ExternalForce::LeftGRF Data source being set to SRRun01_grf
[info] Storage: read data file = SRRun01_grf.mot (nr=10005 nc=19)
[info] ExternalForce::RightGRF Data source being set to SRRun01_grf
[info] ExternalForce::LeftGRF Data source being set to SRRun01_grf
[info] Storage: read data file = SRRun01_grf.mot (nr=10005 nc=19)
[info] ExternalForce::RightGRF Data source being set to SRRun01_grf
[info] ExternalForce::LeftGRF Data source being set to SRRun01_grf
[info] Storage: read data file = SRRun01_grf.mot (nr=10005 nc=19)
[info] ExternalForce::RightGRF Data source being set to SRRun01_grf
[info] ExternalForce::LeftGRF Data source being set to SRRun01_grf
[info] Storage: read data file = SRRun01_grf.mot (nr=10005 nc=19)
[info] ExternalForce::RightGRF Data source being set to SRRun01_grf
[info] ExternalForce::LeftGRF Data source being set to SRRun01_grf
[info] Storage: read data file = SRRun01_grf.mot (nr=10005 nc=19)
[info] ExternalForce::RightGRF Data source being set to SRRun01_grf
[info] ExternalForce::LeftGRF Data source being set to SRRun01_grf
[info] Storage: read data file = SRRun01_grf.mot (nr=10005 nc=19)
[info] ExternalForce::RightGRF Data source being set to SRRun01_grf
[info] ExternalForce::LeftGRF Data source being set to SRRun01_grf
[info] Storage: read data file = SRRun01_grf.mot (nr=10005 nc=19)
[info] ExternalForce::RightGRF Data source being set to SRRun01_grf
[info] ExternalForce::LeftGRF Data source being set to SRRun01_grf
[info] Storage: read data file = SRRun01_grf.mot (nr=10005 nc=19)
[info] ExternalForce::RightGRF Data source being set to SRRun01_grf
[info] ExternalForce::LeftGRF Data source being set to SRRun01_grf
[info] Storage: read data file = SRRun01_grf.mot (nr=10005 nc=19)
[info] ExternalForce::RightGRF Data source being set to SRRun01_grf
[info] ExternalForce::LeftGRF Data source being set to SRRun01_grf
[info] Storage: read data file = SRRun01_grf.mot (nr=10005 nc=19)
[info] ExternalForce::RightGRF Data source being set to SRRun01_grf
[info] ExternalForce::LeftGRF Data source being set to SRRun01_grf
[info] Storage: read data file = SRRun01_grf.mot (nr=10005 nc=19)
[info] ExternalForce::RightGRF Data source being set to SRRun01_grf
[info] ExternalForce::LeftGRF Data source being set to SRRun01_grf
[info] Storage: read data file = SRRun01_grf.mot (nr=10005 nc=19)
[info] ExternalForce::RightGRF Data source being set to SRRun01_grf
[info] ExternalForce::LeftGRF Data source being set to SRRun01_grf
[info] Storage: read data file = SRRun01_grf.mot (nr=10005 nc=19)
[info] ExternalForce::RightGRF Data source being set to SRRun01_grf
[info] ExternalForce::LeftGRF Data source being set to SRRun01_grf
[info] Storage: read data file = SRRun01_grf.mot (nr=10005 nc=19)
[info] ExternalForce::RightGRF Data source being set to SRRun01_grf
[info] ExternalForce::LeftGRF Data source being set to SRRun01_grf
[info] Storage: read data file = SRRun01_grf.mot (nr=10005 nc=19)
[info] ExternalForce::RightGRF Data source being set to SRRun01_grf
[info] ExternalForce::LeftGRF Data source being set to SRRun01_grf
[info] Storage: read data file = SRRun01_grf.mot (nr=10005 nc=19)
[info] ExternalForce::RightGRF Data source being set to SRRun01_grf
[info] ExternalForce::LeftGRF Data source being set to SRRun01_grf
[info] Storage: read data file = SRRun01_grf.mot (nr=10005 nc=19)
[info] ExternalForce::RightGRF Data source being set to SRRun01_grf
[info] ExternalForce::LeftGRF Data source being set to SRRun01_grf
[info] Storage: read data file = SRRun01_grf.mot (nr=10005 nc=19)
[info] ExternalForce::RightGRF Data source being set to SRRun01_grf
[info] ExternalForce::LeftGRF Data source being set to SRRun01_grf
[info] Storage: read data file = SRRun01_grf.mot (nr=10005 nc=19)
[info] ExternalForce::RightGRF Data source being set to SRRun01_grf
[info] ExternalForce::LeftGRF Data source being set to SRRun01_grf
[info] Storage: read data file = SRRun01_grf.mot (nr=10005 nc=19)
[info] ExternalForce::RightGRF Data source being set to SRRun01_grf
[info] ExternalForce::LeftGRF Data source being set to SRRun01_grf
[info] Storage: read data file = SRRun01_grf.mot (nr=10005 nc=19)
[info] ExternalForce::RightGRF Data source being set to SRRun01_grf
[info] ExternalForce::LeftGRF Data source being set to SRRun01_grf
[info] Storage: read data file = SRRun01_grf.mot (nr=10005 nc=19)
[info] ExternalForce::RightGRF Data source being set to SRRun01_grf
[info] ExternalForce::LeftGRF Data source being set to SRRun01_grf
[info] Storage: read data file = SRRun01_grf.mot (nr=10005 nc=19)
[info] ExternalForce::RightGRF Data source being set to SRRun01_grf
[info] ExternalForce::LeftGRF Data source being set to SRRun01_grf
[info] Storage: read data file = SRRun01_grf.mot (nr=10005 nc=19)
[info] ExternalForce::RightGRF Data source being set to SRRun01_grf
[info] ExternalForce::LeftGRF Data source being set to SRRun01_grf
[info] Storage: read data file = SRRun01_grf.mot (nr=10005 nc=19)
[info] ExternalForce::RightGRF Data source being set to SRRun01_grf
[info] ExternalForce::LeftGRF Data source being set to SRRun01_grf
[info] Storage: read data file = SRRun01_grf.mot (nr=10005 nc=19)
[info] ExternalForce::RightGRF Data source being set to SRRun01_grf
[info] ExternalForce::LeftGRF Data source being set to SRRun01_grf
[info] Storage: read data file = SRRun01_grf.mot (nr=10005 nc=19)
[info] ExternalForce::RightGRF Data source being set to SRRun01_grf
[info] ExternalForce::LeftGRF Data source being set to SRRun01_grf
[info] Storage: read data file = SRRun01_grf.mot (nr=10005 nc=19)
[info] ExternalForce::RightGRF Data source being set to SRRun01_grf
[info] ExternalForce::LeftGRF Data source being set to SRRun01_grf
[info] Storage: read data file = SRRun01_grf.mot (nr=10005 nc=19)
[info] ExternalForce::RightGRF Data source being set to SRRun01_grf
[info] ExternalForce::LeftGRF Data source being set to SRRun01_grf
[info] Storage: read data file = SRRun01_grf.mot (nr=10005 nc=19)
[info] ExternalForce::RightGRF Data source being set to SRRun01_grf
[info] ExternalForce::LeftGRF Data source being set to SRRun01_grf
[info] Storage: read data file = SRRun01_grf.mot (nr=10005 nc=19)
[info] ExternalForce::RightGRF Data source being set to SRRun01_grf
[info] ExternalForce::LeftGRF Data source being set to SRRun01_grf
[info] Storage: read data file = SRRun01_grf.mot (nr=10005 nc=19)
[info] ExternalForce::RightGRF Data source being set to SRRun01_grf
[info] ExternalForce::LeftGRF Data source being set to SRRun01_grf
[info] Storage: read data file = SRRun01_grf.mot (nr=10005 nc=19)
[info] ExternalForce::RightGRF Data source being set to SRRun01_grf
[info] ExternalForce::LeftGRF Data source being set to SRRun01_grf
[info] Storage: read data file = SRRun01_grf.mot (nr=10005 nc=19)
[info] ExternalForce::RightGRF Data source being set to SRRun01_grf
[info] ExternalForce::LeftGRF Data source being set to SRRun01_grf
[info] Storage: read data file = SRRun01_grf.mot (nr=10005 nc=19)
[info] ExternalForce::RightGRF Data source being set to SRRun01_grf
[info] ExternalForce::LeftGRF Data source being set to SRRun01_grf
[info] Storage: read data file = SRRun01_grf.mot (nr=10005 nc=19)
[info] ExternalForce::RightGRF Data source being set to SRRun01_grf
[info] ExternalForce::LeftGRF Data source being set to SRRun01_grf
[info] Storage: read data file = SRRun01_grf.mot (nr=10005 nc=19)
[info] ExternalForce::RightGRF Data source being set to SRRun01_grf
[info] ExternalForce::LeftGRF Data source being set to SRRun01_grf
[info] Storage: read data file = SRRun01_grf.mot (nr=10005 nc=19)
[info] ExternalForce::RightGRF Data source being set to SRRun01_grf
[info] ExternalForce::LeftGRF Data source being set to SRRun01_grf
[info] Storage: read data file = SRRun01_grf.mot (nr=10005 nc=19)
[info] ExternalForce::RightGRF Data source being set to SRRun01_grf
[info] ExternalForce::LeftGRF Data source being set to SRRun01_grf
[info] Storage: read data file = SRRun01_grf.mot (nr=10005 nc=19)
[info] ExternalForce::RightGRF Data source being set to SRRun01_grf
[info] ExternalForce::LeftGRF Data source being set to SRRun01_grf
[info] Storage: read data file = SRRun01_grf.mot (nr=10005 nc=19)
[info] ExternalForce::RightGRF Data source being set to SRRun01_grf
[info] ExternalForce::LeftGRF Data source being set to SRRun01_grf
[info] Storage: read data file = SRRun01_grf.mot (nr=10005 nc=19)
[info] ExternalForce::RightGRF Data source being set to SRRun01_grf
[info] ExternalForce::LeftGRF Data source being set to SRRun01_grf
[info] Storage: read data file = SRRun01_grf.mot (nr=10005 nc=19)
[info] ExternalForce::RightGRF Data source being set to SRRun01_grf
[info] ExternalForce::LeftGRF Data source being set to SRRun01_grf
[info] Storage: read data file = SRRun01_grf.mot (nr=10005 nc=19)
[info] ExternalForce::RightGRF Data source being set to SRRun01_grf
[info] ExternalForce::LeftGRF Data source being set to SRRun01_grf
[info] Storage: read data file = SRRun01_grf.mot (nr=10005 nc=19)
[info] ExternalForce::RightGRF Data source being set to SRRun01_grf
[info] ExternalForce::LeftGRF Data source being set to SRRun01_grf
[info] Storage: read data file = SRRun01_grf.mot (nr=10005 nc=19)
[info] ExternalForce::RightGRF Data source being set to SRRun01_grf
[info] ExternalForce::LeftGRF Data source being set to SRRun01_grf
[info] Storage: read data file = SRRun01_grf.mot (nr=10005 nc=19)
[info] ExternalForce::RightGRF Data source being set to SRRun01_grf
[info] ExternalForce::LeftGRF Data source being set to SRRun01_grf
[info] Storage: read data file = SRRun01_grf.mot (nr=10005 nc=19)
[info] ExternalForce::RightGRF Data source being set to SRRun01_grf
[info] ExternalForce::LeftGRF Data source being set to SRRun01_grf
[info] Storage: read data file = SRRun01_grf.mot (nr=10005 nc=19)
[info] ExternalForce::RightGRF Data source being set to SRRun01_grf
[info] ExternalForce::LeftGRF Data source being set to SRRun01_grf
[info] Storage: read data file = SRRun01_grf.mot (nr=10005 nc=19)
[info] ExternalForce::RightGRF Data source being set to SRRun01_grf
[info] ExternalForce::LeftGRF Data source being set to SRRun01_grf
[info] Storage: read data file = SRRun01_grf.mot (nr=10005 nc=19)
[info] ExternalForce::RightGRF Data source being set to SRRun01_grf
[info] ExternalForce::LeftGRF Data source being set to SRRun01_grf
[info] Storage: read data file = SRRun01_grf.mot (nr=10005 nc=19)
[info] ExternalForce::RightGRF Data source being set to SRRun01_grf
[info] ExternalForce::LeftGRF Data source being set to SRRun01_grf
[info] Storage: read data file = SRRun01_grf.mot (nr=10005 nc=19)
[info] ExternalForce::RightGRF Data source being set to SRRun01_grf
[info] ExternalForce::LeftGRF Data source being set to SRRun01_grf
[info] Storage: read data file = SRRun01_grf.mot (nr=10005 nc=19)
[info] ExternalForce::RightGRF Data source being set to SRRun01_grf
[info] ExternalForce::LeftGRF Data source being set to SRRun01_grf
[info] Storage: read data file = SRRun01_grf.mot (nr=10005 nc=19)
[info] ExternalForce::RightGRF Data source being set to SRRun01_grf
[info] ExternalForce::LeftGRF Data source being set to SRRun01_grf
[info] Storage: read data file = SRRun01_grf.mot (nr=10005 nc=19)
[info] ExternalForce::RightGRF Data source being set to SRRun01_grf
[info] ExternalForce::LeftGRF Data source being set to SRRun01_grf
[info] Storage: read data file = SRRun01_grf.mot (nr=10005 nc=19)
[info] ExternalForce::RightGRF Data source being set to SRRun01_grf
[info] ExternalForce::LeftGRF Data source being set to SRRun01_grf
[info] Storage: read data file = SRRun01_grf.mot (nr=10005 nc=19)
[info] ExternalForce::RightGRF Data source being set to SRRun01_grf
[info] ExternalForce::LeftGRF Data source being set to SRRun01_grf
[info] Storage: read data file = SRRun01_grf.mot (nr=10005 nc=19)
[info] ExternalForce::RightGRF Data source being set to SRRun01_grf
[info] ExternalForce::LeftGRF Data source being set to SRRun01_grf
[info] Storage: read data file = SRRun01_grf.mot (nr=10005 nc=19)
[info] ExternalForce::RightGRF Data source being set to SRRun01_grf
[info] ExternalForce::LeftGRF Data source being set to SRRun01_grf
[info] Storage: read data file = SRRun01_grf.mot (nr=10005 nc=19)
[info] ExternalForce::RightGRF Data source being set to SRRun01_grf
[info] ExternalForce::LeftGRF Data source being set to SRRun01_grf
[info] Storage: read data file = SRRun01_grf.mot (nr=10005 nc=19)
[info] ExternalForce::RightGRF Data source being set to SRRun01_grf
[info] ExternalForce::LeftGRF Data source being set to SRRun01_grf
[info] Storage: read data file = SRRun01_grf.mot (nr=10005 nc=19)
[info] ExternalForce::RightGRF Data source being set to SRRun01_grf
[info] ExternalForce::LeftGRF Data source being set to SRRun01_grf
[info] Storage: read data file = SRRun01_grf.mot (nr=10005 nc=19)
[info] ExternalForce::RightGRF Data source being set to SRRun01_grf
[info] ExternalForce::LeftGRF Data source being set to SRRun01_grf
[info] Storage: read data file = SRRun01_grf.mot (nr=10005 nc=19)
[info] ExternalForce::RightGRF Data source being set to SRRun01_grf
[info] ExternalForce::LeftGRF Data source being set to SRRun01_grf
[info] Storage: read data file = SRRun01_grf.mot (nr=10005 nc=19)
[info] ExternalForce::RightGRF Data source being set to SRRun01_grf
[info] ExternalForce::LeftGRF Data source being set to SRRun01_grf
[info] Storage: read data file = SRRun01_grf.mot (nr=10005 nc=19)
[info] ExternalForce::RightGRF Data source being set to SRRun01_grf
[info] ExternalForce::LeftGRF Data source being set to SRRun01_grf
[info] Storage: read data file = SRRun01_grf.mot (nr=10005 nc=19)
[info] ExternalForce::RightGRF Data source being set to SRRun01_grf
[info] ExternalForce::LeftGRF Data source being set to SRRun01_grf
[info] Storage: read data file = SRRun01_grf.mot (nr=10005 nc=19)
[info] ExternalForce::RightGRF Data source being set to SRRun01_grf
[info] ExternalForce::LeftGRF Data source being set to SRRun01_grf
[info] Storage: read data file = SRRun01_grf.mot (nr=10005 nc=19)
[info] ExternalForce::RightGRF Data source being set to SRRun01_grf
[info] ExternalForce::LeftGRF Data source being set to SRRun01_grf
[info] Storage: read data file = SRRun01_grf.mot (nr=10005 nc=19)
[info] ExternalForce::RightGRF Data source being set to SRRun01_grf
[info] ExternalForce::LeftGRF Data source being set to SRRun01_grf
[info] Storage: read data file = SRRun01_grf.mot (nr=10005 nc=19)
[info] ExternalForce::RightGRF Data source being set to SRRun01_grf
[info] ExternalForce::LeftGRF Data source being set to SRRun01_grf
[info] Storage: read data file = SRRun01_grf.mot (nr=10005 nc=19)
[info] ExternalForce::RightGRF Data source being set to SRRun01_grf
[info] ExternalForce::LeftGRF Data source being set to SRRun01_grf
[info] Storage: read data file = SRRun01_grf.mot (nr=10005 nc=19)
[info] ExternalForce::RightGRF Data source being set to SRRun01_grf
[info] ExternalForce::LeftGRF Data source being set to SRRun01_grf
[info] Storage: read data file = SRRun01_grf.mot (nr=10005 nc=19)
[info] ExternalForce::RightGRF Data source being set to SRRun01_grf
[info] ExternalForce::LeftGRF Data source being set to SRRun01_grf
[info] Storage: read data file = SRRun01_grf.mot (nr=10005 nc=19)
[info] ExternalForce::RightGRF Data source being set to SRRun01_grf
[info] ExternalForce::LeftGRF Data source being set to SRRun01_grf
[info] Storage: read data file = SRRun01_grf.mot (nr=10005 nc=19)
[info] ExternalForce::RightGRF Data source being set to SRRun01_grf
[info] ExternalForce::LeftGRF Data source being set to SRRun01_grf
[info] Storage: read data file = SRRun01_grf.mot (nr=10005 nc=19)
[info] ExternalForce::RightGRF Data source being set to SRRun01_grf
[info] ExternalForce::LeftGRF Data source being set to SRRun01_grf
[info] Storage: read data file = SRRun01_grf.mot (nr=10005 nc=19)
[info] ExternalForce::RightGRF Data source being set to SRRun01_grf
[info] ExternalForce::LeftGRF Data source being set to SRRun01_grf
[info] Storage: read data file = SRRun01_grf.mot (nr=10005 nc=19)
[info] ExternalForce::RightGRF Data source being set to SRRun01_grf
[info] ExternalForce::LeftGRF Data source being set to SRRun01_grf
[info] Storage: read data file = SRRun01_grf.mot (nr=10005 nc=19)
[info] ExternalForce::RightGRF Data source being set to SRRun01_grf
[info] ExternalForce::LeftGRF Data source being set to SRRun01_grf
[info] Storage: read data file = SRRun01_grf.mot (nr=10005 nc=19)
[info] ExternalForce::RightGRF Data source being set to SRRun01_grf
[info] ExternalForce::LeftGRF Data source being set to SRRun01_grf
[info] Storage: read data file = SRRun01_grf.mot (nr=10005 nc=19)
[info] ExternalForce::RightGRF Data source being set to SRRun01_grf
[info] ExternalForce::LeftGRF Data source being set to SRRun01_grf
[info] Storage: read data file = SRRun01_grf.mot (nr=10005 nc=19)
[info] ExternalForce::RightGRF Data source being set to SRRun01_grf
[info] ExternalForce::LeftGRF Data source being set to SRRun01_grf
[info] Storage: read data file = SRRun01_grf.mot (nr=10005 nc=19)
[info] ExternalForce::RightGRF Data source being set to SRRun01_grf
[info] ExternalForce::LeftGRF Data source being set to SRRun01_grf
[info] Storage: read data file = SRRun01_grf.mot (nr=10005 nc=19)
[info] ExternalForce::RightGRF Data source being set to SRRun01_grf
[info] ExternalForce::LeftGRF Data source being set to SRRun01_grf
[info] Storage: read data file = SRRun01_grf.mot (nr=10005 nc=19)
[info] ExternalForce::RightGRF Data source being set to SRRun01_grf
[info] ExternalForce::LeftGRF Data source being set to SRRun01_grf
[info] Storage: read data file = SRRun01_grf.mot (nr=10005 nc=19)
[info] ExternalForce::RightGRF Data source being set to SRRun01_grf
[info] ExternalForce::LeftGRF Data source being set to SRRun01_grf
[info] Storage: read data file = SRRun01_grf.mot (nr=10005 nc=19)
[info] ExternalForce::RightGRF Data source being set to SRRun01_grf
[info] ExternalForce::LeftGRF Data source being set to SRRun01_grf
[info] Storage: read data file = SRRun01_grf.mot (nr=10005 nc=19)
[info] ExternalForce::RightGRF Data source being set to SRRun01_grf
[info] ExternalForce::LeftGRF Data source being set to SRRun01_grf
[info] Storage: read data file = SRRun01_grf.mot (nr=10005 nc=19)
[info] ExternalForce::RightGRF Data source being set to SRRun01_grf
[info] ExternalForce::LeftGRF Data source being set to SRRun01_grf
[info] Storage: read data file = SRRun01_grf.mot (nr=10005 nc=19)
[info] ExternalForce::RightGRF Data source being set to SRRun01_grf
[info] ExternalForce::LeftGRF Data source being set to SRRun01_grf
[info] Storage: read data file = SRRun01_grf.mot (nr=10005 nc=19)
[info] ExternalForce::RightGRF Data source being set to SRRun01_grf
[info] ExternalForce::LeftGRF Data source being set to SRRun01_grf
[info] Storage: read data file = SRRun01_grf.mot (nr=10005 nc=19)
[info] ExternalForce::RightGRF Data source being set to SRRun01_grf
[info] ExternalForce::LeftGRF Data source being set to SRRun01_grf
[info] Storage: read data file = SRRun01_grf.mot (nr=10005 nc=19)
[info] ExternalForce::RightGRF Data source being set to SRRun01_grf
[info] ExternalForce::LeftGRF Data source being set to SRRun01_grf
[info] Storage: read data file = SRRun01_grf.mot (nr=10005 nc=19)
[info] ExternalForce::RightGRF Data source being set to SRRun01_grf
[info] ExternalForce::LeftGRF Data source being set to SRRun01_grf
[info] Storage: read data file = SRRun01_grf.mot (nr=10005 nc=19)
[info] ExternalForce::RightGRF Data source being set to SRRun01_grf
[info] ExternalForce::LeftGRF Data source being set to SRRun01_grf
[info] Storage: read data file = SRRun01_grf.mot (nr=10005 nc=19)
[info] ExternalForce::RightGRF Data source being set to SRRun01_grf
[info] ExternalForce::LeftGRF Data source being set to SRRun01_grf
[info] Storage: read data file = SRRun01_grf.mot (nr=10005 nc=19)
[info] ExternalForce::RightGRF Data source being set to SRRun01_grf
[info] ExternalForce::LeftGRF Data source being set to SRRun01_grf
[info] Storage: read data file = SRRun01_grf.mot (nr=10005 nc=19)
[info] ExternalForce::RightGRF Data source being set to SRRun01_grf
[info] ExternalForce::LeftGRF Data source being set to SRRun01_grf
[info] Storage: read data file = SRRun01_grf.mot (nr=10005 nc=19)
[info] ExternalForce::RightGRF Data source being set to SRRun01_grf
[info] ExternalForce::LeftGRF Data source being set to SRRun01_grf
[info] Storage: read data file = SRRun01_grf.mot (nr=10005 nc=19)
[info] ExternalForce::RightGRF Data source being set to SRRun01_grf
[info] ExternalForce::LeftGRF Data source being set to SRRun01_grf
[info] Storage: read data file = SRRun01_grf.mot (nr=10005 nc=19)
[info] ExternalForce::RightGRF Data source being set to SRRun01_grf
[info] ExternalForce::LeftGRF Data source being set to SRRun01_grf
[info] Storage: read data file = SRRun01_grf.mot (nr=10005 nc=19)
[info] ExternalForce::RightGRF Data source being set to SRRun01_grf
[info] ExternalForce::LeftGRF Data source being set to SRRun01_grf
[info] Storage: read data file = SRRun01_grf.mot (nr=10005 nc=19)
[info] ExternalForce::RightGRF Data source being set to SRRun01_grf
[info] ExternalForce::LeftGRF Data source being set to SRRun01_grf
[info] Storage: read data file = SRRun01_grf.mot (nr=10005 nc=19)
[info] ExternalForce::RightGRF Data source being set to SRRun01_grf
[info] ExternalForce::LeftGRF Data source being set to SRRun01_grf
[info] Storage: read data file = SRRun01_grf.mot (nr=10005 nc=19)
[info] ExternalForce::RightGRF Data source being set to SRRun01_grf
[info] ExternalForce::LeftGRF Data source being set to SRRun01_grf
[info] Storage: read data file = SRRun01_grf.mot (nr=10005 nc=19)
[info] ExternalForce::RightGRF Data source being set to SRRun01_grf
[info] ExternalForce::LeftGRF Data source being set to SRRun01_grf
[info] Storage: read data file = SRRun01_grf.mot (nr=10005 nc=19)
[info] ExternalForce::RightGRF Data source being set to SRRun01_grf
[info] ExternalForce::LeftGRF Data source being set to SRRun01_grf
[info] Storage: read data file = SRRun01_grf.mot (nr=10005 nc=19)
[info] ExternalForce::RightGRF Data source being set to SRRun01_grf
[info] ExternalForce::LeftGRF Data source being set to SRRun01_grf
[info] Storage: read data file = SRRun01_grf.mot (nr=10005 nc=19)
[info] ExternalForce::RightGRF Data source being set to SRRun01_grf
[info] ExternalForce::LeftGRF Data source being set to SRRun01_grf
[info] Storage: read data file = SRRun01_grf.mot (nr=10005 nc=19)
[info] ExternalForce::RightGRF Data source being set to SRRun01_grf
[info] ExternalForce::LeftGRF Data source being set to SRRun01_grf
[info] Storage: read data file = SRRun01_grf.mot (nr=10005 nc=19)
[info] ExternalForce::RightGRF Data source being set to SRRun01_grf
[info] ExternalForce::LeftGRF Data source being set to SRRun01_grf
[info] Storage: read data file = SRRun01_grf.mot (nr=10005 nc=19)
[info] ExternalForce::RightGRF Data source being set to SRRun01_grf
[info] ExternalForce::LeftGRF Data source being set to SRRun01_grf
[info] Storage: read data file = SRRun01_grf.mot (nr=10005 nc=19)
[info] ExternalForce::RightGRF Data source being set to SRRun01_grf
[info] ExternalForce::LeftGRF Data source being set to SRRun01_grf
[info] Storage: read data file = SRRun01_grf.mot (nr=10005 nc=19)
[info] ExternalForce::RightGRF Data source being set to SRRun01_grf
[info] ExternalForce::LeftGRF Data source being set to SRRun01_grf
[info] Storage: read data file = SRRun01_grf.mot (nr=10005 nc=19)
[info] ExternalForce::RightGRF Data source being set to SRRun01_grf
[info] ExternalForce::LeftGRF Data source being set to SRRun01_grf
[info] Storage: read data file = SRRun01_grf.mot (nr=10005 nc=19)
[info] ExternalForce::RightGRF Data source being set to SRRun01_grf
[info] ExternalForce::LeftGRF Data source being set to SRRun01_grf
[info] Storage: read data file = SRRun01_grf.mot (nr=10005 nc=19)
[info] ExternalForce::RightGRF Data source being set to SRRun01_grf
[info] ExternalForce::LeftGRF Data source being set to SRRun01_grf
[info] Storage: read data file = SRRun01_grf.mot (nr=10005 nc=19)
[info] ExternalForce::RightGRF Data source being set to SRRun01_grf
[info] ExternalForce::LeftGRF Data source being set to SRRun01_grf
[info] Storage: read data file = SRRun01_grf.mot (nr=10005 nc=19)
[info] ExternalForce::RightGRF Data source being set to SRRun01_grf
[info] ExternalForce::LeftGRF Data source being set to SRRun01_grf
[info] Storage: read data file = SRRun01_grf.mot (nr=10005 nc=19)
[info] ExternalForce::RightGRF Data source being set to SRRun01_grf
[info] ExternalForce::LeftGRF Data source being set to SRRun01_grf
[info] Storage: read data file = SRRun01_grf.mot (nr=10005 nc=19)
[info] ExternalForce::RightGRF Data source being set to SRRun01_grf
[info] ExternalForce::LeftGRF Data source being set to SRRun01_grf
[info] Storage: read data file = SRRun01_grf.mot (nr=10005 nc=19)
[info] ExternalForce::RightGRF Data source being set to SRRun01_grf
[info] ExternalForce::LeftGRF Data source being set to SRRun01_grf
[info] Storage: read data file = SRRun01_grf.mot (nr=10005 nc=19)
[info] ExternalForce::RightGRF Data source being set to SRRun01_grf
[info] ExternalForce::LeftGRF Data source being set to SRRun01_grf
[info] Storage: read data file = SRRun01_grf.mot (nr=10005 nc=19)
[info] ExternalForce::RightGRF Data source being set to SRRun01_grf
[info] ExternalForce::LeftGRF Data source being set to SRRun01_grf
[info] Storage: read data file = SRRun01_grf.mot (nr=10005 nc=19)
[info] ExternalForce::RightGRF Data source being set to SRRun01_grf
[info] ExternalForce::LeftGRF Data source being set to SRRun01_grf
[info] Storage: read data file = SRRun01_grf.mot (nr=10005 nc=19)
[info] ExternalForce::RightGRF Data source being set to SRRun01_grf
[info] ExternalForce::LeftGRF Data source being set to SRRun01_grf
[info] Storage: read data file = SRRun01_grf.mot (nr=10005 nc=19)
[info] ExternalForce::RightGRF Data source being set to SRRun01_grf
[info] ExternalForce::LeftGRF Data source being set to SRRun01_grf
[info] Storage: read data file = SRRun01_grf.mot (nr=10005 nc=19)
[info] ExternalForce::RightGRF Data source being set to SRRun01_grf
[info] ExternalForce::LeftGRF Data source being set to SRRun01_grf
[info] Storage: read data file = SRRun01_grf.mot (nr=10005 nc=19)
[info] ExternalForce::RightGRF Data source being set to SRRun01_grf
[info] ExternalForce::LeftGRF Data source being set to SRRun01_grf
[info] Storage: read data file = SRRun01_grf.mot (nr=10005 nc=19)
[info] ExternalForce::RightGRF Data source being set to SRRun01_grf
[info] ExternalForce::LeftGRF Data source being set to SRRun01_grf
[info] Storage: read data file = SRRun01_grf.mot (nr=10005 nc=19)
[info] ExternalForce::RightGRF Data source being set to SRRun01_grf
[info] ExternalForce::LeftGRF Data source being set to SRRun01_grf
[info] Storage: read data file = SRRun01_grf.mot (nr=10005 nc=19)
[info] ExternalForce::RightGRF Data source being set to SRRun01_grf
[info] ExternalForce::LeftGRF Data source being set to SRRun01_grf
[info] Storage: read data file = SRRun01_grf.mot (nr=10005 nc=19)
[info] ExternalForce::RightGRF Data source being set to SRRun01_grf
[info] ExternalForce::LeftGRF Data source being set to SRRun01_grf
[info] Storage: read data file = SRRun01_grf.mot (nr=10005 nc=19)
[info] ExternalForce::RightGRF Data source being set to SRRun01_grf
[info] ExternalForce::LeftGRF Data source being set to SRRun01_grf
[info] Storage: read data file = SRRun01_grf.mot (nr=10005 nc=19)
[info] ExternalForce::RightGRF Data source being set to SRRun01_grf
[info] ExternalForce::LeftGRF Data source being set to SRRun01_grf
[info] Storage: read data file = SRRun01_grf.mot (nr=10005 nc=19)
[info] ExternalForce::RightGRF Data source being set to SRRun01_grf
[info] ExternalForce::LeftGRF Data source being set to SRRun01_grf
[info] Storage: read data file = SRRun01_grf.mot (nr=10005 nc=19)
[info] ExternalForce::RightGRF Data source being set to SRRun01_grf
[info] ExternalForce::LeftGRF Data source being set to SRRun01_grf
[info] Storage: read data file = SRRun01_grf.mot (nr=10005 nc=19)
[info] ExternalForce::RightGRF Data source being set to SRRun01_grf
[info] ExternalForce::LeftGRF Data source being set to SRRun01_grf
[info] Storage: read data file = SRRun01_grf.mot (nr=10005 nc=19)
[info] ExternalForce::RightGRF Data source being set to SRRun01_grf
[info] ExternalForce::LeftGRF Data source being set to SRRun01_grf
[info] Storage: read data file = SRRun01_grf.mot (nr=10005 nc=19)
[info] ExternalForce::RightGRF Data source being set to SRRun01_grf
[info] ExternalForce::LeftGRF Data source being set to SRRun01_grf
[info] Storage: read data file = SRRun01_grf.mot (nr=10005 nc=19)
[info] ExternalForce::RightGRF Data source being set to SRRun01_grf
[info] ExternalForce::LeftGRF Data source being set to SRRun01_grf
[info] Storage: read data file = SRRun01_grf.mot (nr=10005 nc=19)
[info] ExternalForce::RightGRF Data source being set to SRRun01_grf
[info] ExternalForce::LeftGRF Data source being set to SRRun01_grf
[info] Storage: read data file = SRRun01_grf.mot (nr=10005 nc=19)
[info] ExternalForce::RightGRF Data source being set to SRRun01_grf
[info] ExternalForce::LeftGRF Data source being set to SRRun01_grf
[info] Storage: read data file = SRRun01_grf.mot (nr=10005 nc=19)
[info] ExternalForce::RightGRF Data source being set to SRRun01_grf
[info] ExternalForce::LeftGRF Data source being set to SRRun01_grf
[info] Storage: read data file = SRRun01_grf.mot (nr=10005 nc=19)
[info] ExternalForce::RightGRF Data source being set to SRRun01_grf
[info] ExternalForce::LeftGRF Data source being set to SRRun01_grf
[info] Storage: read data file = SRRun01_grf.mot (nr=10005 nc=19)
[info] ExternalForce::RightGRF Data source being set to SRRun01_grf
[info] ExternalForce::LeftGRF Data source being set to SRRun01_grf
[info] Storage: read data file = SRRun01_grf.mot (nr=10005 nc=19)
[info] ExternalForce::RightGRF Data source being set to SRRun01_grf
[info] ExternalForce::LeftGRF Data source being set to SRRun01_grf
[info] Storage: read data file = SRRun01_grf.mot (nr=10005 nc=19)
[info] ExternalForce::RightGRF Data source being set to SRRun01_grf
[info] ExternalForce::LeftGRF Data source being set to SRRun01_grf
[info] Storage: read data file = SRRun01_grf.mot (nr=10005 nc=19)
[info] ExternalForce::RightGRF Data source being set to SRRun01_grf
[info] ExternalForce::LeftGRF Data source being set to SRRun01_grf
[info] Storage: read data file = SRRun01_grf.mot (nr=10005 nc=19)
[info] ExternalForce::RightGRF Data source being set to SRRun01_grf
[info] ExternalForce::LeftGRF Data source being set to SRRun01_grf
[info] Storage: read data file = SRRun01_grf.mot (nr=10005 nc=19)
[info] ExternalForce::RightGRF Data source being set to SRRun01_grf
[info] ExternalForce::LeftGRF Data source being set to SRRun01_grf
[info] Storage: read data file = SRRun01_grf.mot (nr=10005 nc=19)
[info] ExternalForce::RightGRF Data source being set to SRRun01_grf
[info] ExternalForce::LeftGRF Data source being set to SRRun01_grf
[info] Storage: read data file = SRRun01_grf.mot (nr=10005 nc=19)
[info] ExternalForce::RightGRF Data source being set to SRRun01_grf
[info] ExternalForce::LeftGRF Data source being set to SRRun01_grf
[info] Storage: read data file = SRRun01_grf.mot (nr=10005 nc=19)
[info] ExternalForce::RightGRF Data source being set to SRRun01_grf
[info] ExternalForce::LeftGRF Data source being set to SRRun01_grf
[info] Storage: read data file = SRRun01_grf.mot (nr=10005 nc=19)
[info] ExternalForce::RightGRF Data source being set to SRRun01_grf
[info] ExternalForce::LeftGRF Data source being set to SRRun01_grf
[info] Storage: read data file = SRRun01_grf.mot (nr=10005 nc=19)
[info] ExternalForce::RightGRF Data source being set to SRRun01_grf
[info] ExternalForce::LeftGRF Data source being set to SRRun01_grf
[info] Storage: read data file = SRRun01_grf.mot (nr=10005 nc=19)
[info] ExternalForce::RightGRF Data source being set to SRRun01_grf
[info] ExternalForce::LeftGRF Data source being set to SRRun01_grf
[info] Storage: read data file = SRRun01_grf.mot (nr=10005 nc=19)
[info] ExternalForce::RightGRF Data source being set to SRRun01_grf
[info] ExternalForce::LeftGRF Data source being set to SRRun01_grf
[info] Storage: read data file = SRRun01_grf.mot (nr=10005 nc=19)
[info] ExternalForce::RightGRF Data source being set to SRRun01_grf
[info] ExternalForce::LeftGRF Data source being set to SRRun01_grf
[info] Storage: read data file = SRRun01_grf.mot (nr=10005 nc=19)
[info] ExternalForce::RightGRF Data source being set to SRRun01_grf
[info] ExternalForce::LeftGRF Data source being set to SRRun01_grf
[info] Storage: read data file = SRRun01_grf.mot (nr=10005 nc=19)
[info] ExternalForce::RightGRF Data source being set to SRRun01_grf
[info] ExternalForce::LeftGRF Data source being set to SRRun01_grf
[info] Storage: read data file = SRRun01_grf.mot (nr=10005 nc=19)
[info] ExternalForce::RightGRF Data source being set to SRRun01_grf
[info] ExternalForce::LeftGRF Data source being set to SRRun01_grf
[info] Storage: read data file = SRRun01_grf.mot (nr=10005 nc=19)
[info] ExternalForce::RightGRF Data source being set to SRRun01_grf
[info] ExternalForce::LeftGRF Data source being set to SRRun01_grf
[info] Storage: read data file = SRRun01_grf.mot (nr=10005 nc=19)
[info] ExternalForce::RightGRF Data source being set to SRRun01_grf
[info] ExternalForce::LeftGRF Data source being set to SRRun01_grf
[info] Storage: read data file = SRRun01_grf.mot (nr=10005 nc=19)
[info] ExternalForce::RightGRF Data source being set to SRRun01_grf
[info] ExternalForce::LeftGRF Data source being set to SRRun01_grf
[info] Storage: read data file = SRRun01_grf.mot (nr=10005 nc=19)
[info] ExternalForce::RightGRF Data source being set to SRRun01_grf
[info] ExternalForce::LeftGRF Data source being set to SRRun01_grf
[info] Storage: read data file = SRRun01_grf.mot (nr=10005 nc=19)
[info] ExternalForce::RightGRF Data source being set to SRRun01_grf
[info] ExternalForce::LeftGRF Data source being set to SRRun01_grf
[info] Storage: read data file = SRRun01_grf.mot (nr=10005 nc=19)
[info] ExternalForce::RightGRF Data source being set to SRRun01_grf
[info] ExternalForce::LeftGRF Data source being set to SRRun01_grf
[info] Storage: read data file = SRRun01_grf.mot (nr=10005 nc=19)
[info] ExternalForce::RightGRF Data source being set to SRRun01_grf
[info] ExternalForce::LeftGRF Data source being set to SRRun01_grf
[info] Storage: read data file = SRRun01_grf.mot (nr=10005 nc=19)
[info] ExternalForce::RightGRF Data source being set to SRRun01_grf
[info] ExternalForce::LeftGRF Data source being set to SRRun01_grf
[info] Storage: read data file = SRRun01_grf.mot (nr=10005 nc=19)
[info] ExternalForce::RightGRF Data source being set to SRRun01_grf
[info] ExternalForce::LeftGRF Data source being set to SRRun01_grf
[info] Storage: read data file = SRRun01_grf.mot (nr=10005 nc=19)
[info] ExternalForce::RightGRF Data source being set to SRRun01_grf
[info] ExternalForce::LeftGRF Data source being set to SRRun01_grf
[info] Storage: read data file = SRRun01_grf.mot (nr=10005 nc=19)
[info] ExternalForce::RightGRF Data source being set to SRRun01_grf
[info] ExternalForce::LeftGRF Data source being set to SRRun01_grf
[info] Storage: read data file = SRRun01_grf.mot (nr=10005 nc=19)
[info] ExternalForce::RightGRF Data source being set to SRRun01_grf
[info] ExternalForce::LeftGRF Data source being set to SRRun01_grf
[info] Storage: read data file = SRRun01_grf.mot (nr=10005 nc=19)
[info] ExternalForce::RightGRF Data source being set to SRRun01_grf
[info] ExternalForce::LeftGRF Data source being set to SRRun01_grf
[info] Storage: read data file = SRRun01_grf.mot (nr=10005 nc=19)
[info] ExternalForce::RightGRF Data source being set to SRRun01_grf
[info] ExternalForce::LeftGRF Data source being set to SRRun01_grf
[info] Storage: read data file = SRRun01_grf.mot (nr=10005 nc=19)
[info] ExternalForce::RightGRF Data source being set to SRRun01_grf
[info] ExternalForce::LeftGRF Data source being set to SRRun01_grf
[info] Storage: read data file = SRRun01_grf.mot (nr=10005 nc=19)
[info] ExternalForce::RightGRF Data source being set to SRRun01_grf
[info] ExternalForce::LeftGRF Data source being set to SRRun01_grf
[info] Storage: read data file = SRRun01_grf.mot (nr=10005 nc=19)
[info] ExternalForce::RightGRF Data source being set to SRRun01_grf
[info] ExternalForce::LeftGRF Data source being set to SRRun01_grf
[info] Storage: read data file = SRRun01_grf.mot (nr=10005 nc=19)
[info] ExternalForce::RightGRF Data source being set to SRRun01_grf
[info] ExternalForce::LeftGRF Data source being set to SRRun01_grf
[info] Storage: read data file = SRRun01_grf.mot (nr=10005 nc=19)
[info] ExternalForce::RightGRF Data source being set to SRRun01_grf
[info] ExternalForce::LeftGRF Data source being set to SRRun01_grf
[info] Storage: read data file = SRRun01_grf.mot (nr=10005 nc=19)
[info] ExternalForce::RightGRF Data source being set to SRRun01_grf
[info] ExternalForce::LeftGRF Data source being set to SRRun01_grf
[info] Storage: read data file = SRRun01_grf.mot (nr=10005 nc=19)
[info] ExternalForce::RightGRF Data source being set to SRRun01_grf
[info] ExternalForce::LeftGRF Data source being set to SRRun01_grf
[info] Storage: read data file = SRRun01_grf.mot (nr=10005 nc=19)
[info] ExternalForce::RightGRF Data source being set to SRRun01_grf
[info] ExternalForce::LeftGRF Data source being set to SRRun01_grf
[info] Storage: read data file = SRRun01_grf.mot (nr=10005 nc=19)
[info] ExternalForce::RightGRF Data source being set to SRRun01_grf
[info] ExternalForce::LeftGRF Data source being set to SRRun01_grf
[info] Storage: read data file = SRRun01_grf.mot (nr=10005 nc=19)
[info] ExternalForce::RightGRF Data source being set to SRRun01_grf
[info] ExternalForce::LeftGRF Data source being set to SRRun01_grf
[info] Storage: read data file = SRRun01_grf.mot (nr=10005 nc=19)
[info] ExternalForce::RightGRF Data source being set to SRRun01_grf
[info] ExternalForce::LeftGRF Data source being set to SRRun01_grf
[info] Storage: read data file = SRRun01_grf.mot (nr=10005 nc=19)
[info] ExternalForce::RightGRF Data source being set to SRRun01_grf
[info] ExternalForce::LeftGRF Data source being set to SRRun01_grf
[info] Storage: read data file = SRRun01_grf.mot (nr=10005 nc=19)
[info] ExternalForce::RightGRF Data source being set to SRRun01_grf
[info] ExternalForce::LeftGRF Data source being set to SRRun01_grf
[info] Storage: read data file = SRRun01_grf.mot (nr=10005 nc=19)
[info] ExternalForce::RightGRF Data source being set to SRRun01_grf
[info] ExternalForce::LeftGRF Data source being set to SRRun01_grf
[info] Storage: read data file = SRRun01_grf.mot (nr=10005 nc=19)
[info] ExternalForce::RightGRF Data source being set to SRRun01_grf
[info] ExternalForce::LeftGRF Data source being set to SRRun01_grf
[info] Storage: read data file = SRRun01_grf.mot (nr=10005 nc=19)
[info] ExternalForce::RightGRF Data source being set to SRRun01_grf
[info] ExternalForce::LeftGRF Data source being set to SRRun01_grf
[info] Storage: read data file = SRRun01_grf.mot (nr=10005 nc=19)
[info] ExternalForce::RightGRF Data source being set to SRRun01_grf
[info] ExternalForce::LeftGRF Data source being set to SRRun01_grf
[info] Storage: read data file = SRRun01_grf.mot (nr=10005 nc=19)
[info] ExternalForce::RightGRF Data source being set to SRRun01_grf
[info] ExternalForce::LeftGRF Data source being set to SRRun01_grf
[info] Storage: read data file = SRRun01_grf.mot (nr=10005 nc=19)
[info] ExternalForce::RightGRF Data source being set to SRRun01_grf
[info] ExternalForce::LeftGRF Data source being set to SRRun01_grf
[info] Storage: read data file = SRRun01_grf.mot (nr=10005 nc=19)
[info] ExternalForce::RightGRF Data source being set to SRRun01_grf
[info] ExternalForce::LeftGRF Data source being set to SRRun01_grf
[info] Storage: read data file = SRRun01_grf.mot (nr=10005 nc=19)
[info] ExternalForce::RightGRF Data source being set to SRRun01_grf
[info] ExternalForce::LeftGRF Data source being set to SRRun01_grf
[info] Storage: read data file = SRRun01_grf.mot (nr=10005 nc=19)
[info] ExternalForce::RightGRF Data source being set to SRRun01_grf
[info] ExternalForce::LeftGRF Data source being set to SRRun01_grf
[info] Storage: read data file = SRRun01_grf.mot (nr=10005 nc=19)
[info] ExternalForce::RightGRF Data source being set to SRRun01_grf
[info] ExternalForce::LeftGRF Data source being set to SRRun01_grf
[info] Storage: read data file = SRRun01_grf.mot (nr=10005 nc=19)
[info] ExternalForce::RightGRF Data source being set to SRRun01_grf
[info] ExternalForce::LeftGRF Data source being set to SRRun01_grf
[info] Storage: read data file = SRRun01_grf.mot (nr=10005 nc=19)
[info] ExternalForce::RightGRF Data source being set to SRRun01_grf
[info] ExternalForce::LeftGRF Data source being set to SRRun01_grf
[info] Storage: read data file = SRRun01_grf.mot (nr=10005 nc=19)
[info] ExternalForce::RightGRF Data source being set to SRRun01_grf
[info] ExternalForce::LeftGRF Data source being set to SRRun01_grf
[info] Storage: read data file = SRRun01_grf.mot (nr=10005 nc=19)
[info] ExternalForce::RightGRF Data source being set to SRRun01_grf
[info] ExternalForce::LeftGRF Data source being set to SRRun01_grf
[info] Storage: read data file = SRRun01_grf.mot (nr=10005 nc=19)
[info] ExternalForce::RightGRF Data source being set to SRRun01_grf
[info] ExternalForce::LeftGRF Data source being set to SRRun01_grf
[info] Storage: read data file = SRRun01_grf.mot (nr=10005 nc=19)
[info] ExternalForce::RightGRF Data source being set to SRRun01_grf
[info] ExternalForce::LeftGRF Data source being set to SRRun01_grf
[info] Storage: read data file = SRRun01_grf.mot (nr=10005 nc=19)
[info] ExternalForce::RightGRF Data source being set to SRRun01_grf
[info] ExternalForce::LeftGRF Data source being set to SRRun01_grf
[info] Storage: read data file = SRRun01_grf.mot (nr=10005 nc=19)
[info] ExternalForce::RightGRF Data source being set to SRRun01_grf
[info] ExternalForce::LeftGRF Data source being set to SRRun01_grf
[info] Storage: read data file = SRRun01_grf.mot (nr=10005 nc=19)
[info] ExternalForce::RightGRF Data source being set to SRRun01_grf
[info] ExternalForce::LeftGRF Data source being set to SRRun01_grf
[info] Storage: read data file = SRRun01_grf.mot (nr=10005 nc=19)
[info] ExternalForce::RightGRF Data source being set to SRRun01_grf
[info] ExternalForce::LeftGRF Data source being set to SRRun01_grf
[info] Storage: read data file = SRRun01_grf.mot (nr=10005 nc=19)
[info] ExternalForce::RightGRF Data source being set to SRRun01_grf
[info] ExternalForce::LeftGRF Data source being set to SRRun01_grf
[info] Storage: read data file = SRRun01_grf.mot (nr=10005 nc=19)
[info] ExternalForce::RightGRF Data source being set to SRRun01_grf
[info] ExternalForce::LeftGRF Data source being set to SRRun01_grf
[info] Storage: read data file = SRRun01_grf.mot (nr=10005 nc=19)
[info] ExternalForce::RightGRF Data source being set to SRRun01_grf
[info] ExternalForce::LeftGRF Data source being set to SRRun01_grf
[info] Storage: read data file = SRRun01_grf.mot (nr=10005 nc=19)
[info] ExternalForce::RightGRF Data source being set to SRRun01_grf
[info] ExternalForce::LeftGRF Data source being set to SRRun01_grf
[info] Storage: read data file = SRRun01_grf.mot (nr=10005 nc=19)
[info] ExternalForce::RightGRF Data source being set to SRRun01_grf
[info] ExternalForce::LeftGRF Data source being set to SRRun01_grf
[info] Storage: read data file = SRRun01_grf.mot (nr=10005 nc=19)
[info] ExternalForce::RightGRF Data source being set to SRRun01_grf
[info] ExternalForce::LeftGRF Data source being set to SRRun01_grf
[info] Storage: read data file = SRRun01_grf.mot (nr=10005 nc=19)
[info] ExternalForce::RightGRF Data source being set to SRRun01_grf
[info] ExternalForce::LeftGRF Data source being set to SRRun01_grf
[info] Storage: read data file = SRRun01_grf.mot (nr=10005 nc=19)
[info] ExternalForce::RightGRF Data source being set to SRRun01_grf
[info] ExternalForce::LeftGRF Data source being set to SRRun01_grf
[info] Storage: read data file = SRRun01_grf.mot (nr=10005 nc=19)
[info] ExternalForce::RightGRF Data source being set to SRRun01_grf
[info] ExternalForce::LeftGRF Data source being set to SRRun01_grf
[info] Storage: read data file = SRRun01_grf.mot (nr=10005 nc=19)
[info] ExternalForce::RightGRF Data source being set to SRRun01_grf
[info] ExternalForce::LeftGRF Data source being set to SRRun01_grf
[info] Storage: read data file = SRRun01_grf.mot (nr=10005 nc=19)
[info] ExternalForce::RightGRF Data source being set to SRRun01_grf
[info] ExternalForce::LeftGRF Data source being set to SRRun01_grf
[info] Storage: read data file = SRRun01_grf.mot (nr=10005 nc=19)
[info] ExternalForce::RightGRF Data source being set to SRRun01_grf
[info] ExternalForce::LeftGRF Data source being set to SRRun01_grf
[info] Storage: read data file = SRRun01_grf.mot (nr=10005 nc=19)
[info] ExternalForce::RightGRF Data source being set to SRRun01_grf
[info] ExternalForce::LeftGRF Data source being set to SRRun01_grf
[info] Storage: read data file = SRRun01_grf.mot (nr=10005 nc=19)
[info] ExternalForce::RightGRF Data source being set to SRRun01_grf
[info] ExternalForce::LeftGRF Data source being set to SRRun01_grf
[info] Storage: read data file = SRRun01_grf.mot (nr=10005 nc=19)
[info] ExternalForce::RightGRF Data source being set to SRRun01_grf
[info] ExternalForce::LeftGRF Data source being set to SRRun01_grf
[info] Storage: read data file = SRRun01_grf.mot (nr=10005 nc=19)
[info] ExternalForce::RightGRF Data source being set to SRRun01_grf
[info] ExternalForce::LeftGRF Data source being set to SRRun01_grf
[info] Storage: read data file = SRRun01_grf.mot (nr=10005 nc=19)
[info] ExternalForce::RightGRF Data source being set to SRRun01_grf
[info] ExternalForce::LeftGRF Data source being set to SRRun01_grf
[info] Storage: read data file = SRRun01_grf.mot (nr=10005 nc=19)
[info] ExternalForce::RightGRF Data source being set to SRRun01_grf
[info] ExternalForce::LeftGRF Data source being set to SRRun01_grf
[info] Storage: read data file = SRRun01_grf.mot (nr=10005 nc=19)
[info] ExternalForce::RightGRF Data source being set to SRRun01_grf
[info] ExternalForce::LeftGRF Data source being set to SRRun01_grf
[info] Storage: read data file = SRRun01_grf.mot (nr=10005 nc=19)
[info] ExternalForce::RightGRF Data source being set to SRRun01_grf
[info] ExternalForce::LeftGRF Data source being set to SRRun01_grf
[info] Storage: read data file = SRRun01_grf.mot (nr=10005 nc=19)
[info] ExternalForce::RightGRF Data source being set to SRRun01_grf
[info] ExternalForce::LeftGRF Data source being set to SRRun01_grf
[info] Storage: read data file = SRRun01_grf.mot (nr=10005 nc=19)
[info] ExternalForce::RightGRF Data source being set to SRRun01_grf
[info] ExternalForce::LeftGRF Data source being set to SRRun01_grf
[info] Storage: read data file = SRRun01_grf.mot (nr=10005 nc=19)
[info] ExternalForce::RightGRF Data source being set to SRRun01_grf
[info] ExternalForce::LeftGRF Data source being set to SRRun01_grf
[info] Storage: read data file = SRRun01_grf.mot (nr=10005 nc=19)
[info] ExternalForce::RightGRF Data source being set to SRRun01_grf
[info] ExternalForce::LeftGRF Data source being set to SRRun01_grf
[info] Storage: read data file = SRRun01_grf.mot (nr=10005 nc=19)
[info] ExternalForce::RightGRF Data source being set to SRRun01_grf
[info] ExternalForce::LeftGRF Data source being set to SRRun01_grf
[info] Storage: read data file = SRRun01_grf.mot (nr=10005 nc=19)
[info] ExternalForce::RightGRF Data source being set to SRRun01_grf
[info] ExternalForce::LeftGRF Data source being set to SRRun01_grf
[info] Storage: read data file = SRRun01_grf.mot (nr=10005 nc=19)
[info] ExternalForce::RightGRF Data source being set to SRRun01_grf
[info] ExternalForce::LeftGRF Data source being set to SRRun01_grf
[info] Storage: read data file = SRRun01_grf.mot (nr=10005 nc=19)
[info] ExternalForce::RightGRF Data source being set to SRRun01_grf
[info] ExternalForce::LeftGRF Data source being set to SRRun01_grf
[info] Storage: read data file = SRRun01_grf.mot (nr=10005 nc=19)
[info] ExternalForce::RightGRF Data source being set to SRRun01_grf
[info] ExternalForce::LeftGRF Data source being set to SRRun01_grf
[info] Storage: read data file = SRRun01_grf.mot (nr=10005 nc=19)
[info] ExternalForce::RightGRF Data source being set to SRRun01_grf
[info] ExternalForce::LeftGRF Data source being set to SRRun01_grf
[info] Storage: read data file = SRRun01_grf.mot (nr=10005 nc=19)
[info] ExternalForce::RightGRF Data source being set to SRRun01_grf
[info] ExternalForce::LeftGRF Data source being set to SRRun01_grf
[info] Storage: read data file = SRRun01_grf.mot (nr=10005 nc=19)
[info] ExternalForce::RightGRF Data source being set to SRRun01_grf
[info] ExternalForce::LeftGRF Data source being set to SRRun01_grf
[info] Storage: read data file = SRRun01_grf.mot (nr=10005 nc=19)
[info] ExternalForce::RightGRF Data source being set to SRRun01_grf
[info] ExternalForce::LeftGRF Data source being set to SRRun01_grf
[info] Storage: read data file = SRRun01_grf.mot (nr=10005 nc=19)
[info] ExternalForce::RightGRF Data source being set to SRRun01_grf
[info] ExternalForce::LeftGRF Data source being set to SRRun01_grf
[info] Storage: read data file = SRRun01_grf.mot (nr=10005 nc=19)
[info] ExternalForce::RightGRF Data source being set to SRRun01_grf
[info] ExternalForce::LeftGRF Data source being set to SRRun01_grf
[info] Storage: read data file = SRRun01_grf.mot (nr=10005 nc=19)
[info] ExternalForce::RightGRF Data source being set to SRRun01_grf
[info] ExternalForce::LeftGRF Data source being set to SRRun01_grf
[info] Storage: read data file = SRRun01_grf.mot (nr=10005 nc=19)
[info] ExternalForce::RightGRF Data source being set to SRRun01_grf
[info] ExternalForce::LeftGRF Data source being set to SRRun01_grf
[info] Storage: read data file = SRRun01_grf.mot (nr=10005 nc=19)
[info] ExternalForce::RightGRF Data source being set to SRRun01_grf
[info] ExternalForce::LeftGRF Data source being set to SRRun01_grf
[info] Storage: read data file = SRRun01_grf.mot (nr=10005 nc=19)
[info] ExternalForce::RightGRF Data source being set to SRRun01_grf
[info] ExternalForce::LeftGRF Data source being set to SRRun01_grf
[info] Storage: read data file = SRRun01_grf.mot (nr=10005 nc=19)
[info] ExternalForce::RightGRF Data source being set to SRRun01_grf
[info] ExternalForce::LeftGRF Data source being set to SRRun01_grf
[info] Storage: read data file = SRRun01_grf.mot (nr=10005 nc=19)
[info] ExternalForce::RightGRF Data source being set to SRRun01_grf
[info] ExternalForce::LeftGRF Data source being set to SRRun01_grf
[info] Storage: read data file = SRRun01_grf.mot (nr=10005 nc=19)
[info] ExternalForce::RightGRF Data source being set to SRRun01_grf
[info] ExternalForce::LeftGRF Data source being set to SRRun01_grf
[info] Storage: read data file = SRRun01_grf.mot (nr=10005 nc=19)
[info] ExternalForce::RightGRF Data source being set to SRRun01_grf
[info] ExternalForce::LeftGRF Data source being set to SRRun01_grf
[info] Storage: read data file = SRRun01_grf.mot (nr=10005 nc=19)
[info] ExternalForce::RightGRF Data source being set to SRRun01_grf
[info] ExternalForce::LeftGRF Data source being set to SRRun01_grf
[info] Storage: read data file = SRRun01_grf.mot (nr=10005 nc=19)
[info] ExternalForce::RightGRF Data source being set to SRRun01_grf
[info] ExternalForce::LeftGRF Data source being set to SRRun01_grf
[info] Storage: read data file = SRRun01_grf.mot (nr=10005 nc=19)
[info] ExternalForce::RightGRF Data source being set to SRRun01_grf
[info] ExternalForce::LeftGRF Data source being set to SRRun01_grf
[info] Storage: read data file = SRRun01_grf.mot (nr=10005 nc=19)
[info] ExternalForce::RightGRF Data source being set to SRRun01_grf
[info] ExternalForce::LeftGRF Data source being set to SRRun01_grf
[info] Storage: read data file = SRRun01_grf.mot (nr=10005 nc=19)
[info] ExternalForce::RightGRF Data source being set to SRRun01_grf
[info] ExternalForce::LeftGRF Data source being set to SRRun01_grf
[info] Storage: read data file = SRRun01_grf.mot (nr=10005 nc=19)
[info] ExternalForce::RightGRF Data source being set to SRRun01_grf
[info] ExternalForce::LeftGRF Data source being set to SRRun01_grf
[info] Storage: read data file = SRRun01_grf.mot (nr=10005 nc=19)
[info] ExternalForce::RightGRF Data source being set to SRRun01_grf
[info] ExternalForce::LeftGRF Data source being set to SRRun01_grf
[info] Storage: read data file = SRRun01_grf.mot (nr=10005 nc=19)
[info] ExternalForce::RightGRF Data source being set to SRRun01_grf
[info] ExternalForce::LeftGRF Data source being set to SRRun01_grf
[info] Storage: read data file = SRRun01_grf.mot (nr=10005 nc=19)
[info] ExternalForce::RightGRF Data source being set to SRRun01_grf
[info] ExternalForce::LeftGRF Data source being set to SRRun01_grf
[info] Storage: read data file = SRRun01_grf.mot (nr=10005 nc=19)
[info] ExternalForce::RightGRF Data source being set to SRRun01_grf
[info] ExternalForce::LeftGRF Data source being set to SRRun01_grf
[info] Storage: read data file = SRRun01_grf.mot (nr=10005 nc=19)
[info] ExternalForce::RightGRF Data source being set to SRRun01_grf
[info] ExternalForce::LeftGRF Data source being set to SRRun01_grf
[info] Storage: read data file = SRRun01_grf.mot (nr=10005 nc=19)
[info] ExternalForce::RightGRF Data source being set to SRRun01_grf
[info] ExternalForce::LeftGRF Data source being set to SRRun01_grf
[info] Storage: read data file = SRRun01_grf.mot (nr=10005 nc=19)
[info] ExternalForce::RightGRF Data source being set to SRRun01_grf
[info] ExternalForce::LeftGRF Data source being set to SRRun01_grf
[info] Storage: read data file = SRRun01_grf.mot (nr=10005 nc=19)
[info] ExternalForce::RightGRF Data source being set to SRRun01_grf
[info] ExternalForce::LeftGRF Data source being set to SRRun01_grf
[info] Storage: read data file = SRRun01_grf.mot (nr=10005 nc=19)
[info] ExternalForce::RightGRF Data source being set to SRRun01_grf
[info] ExternalForce::LeftGRF Data source being set to SRRun01_grf
[info] Storage: read data file = SRRun01_grf.mot (nr=10005 nc=19)
[info] ExternalForce::RightGRF Data source being set to SRRun01_grf
[info] ExternalForce::LeftGRF Data source being set to SRRun01_grf
[info] Storage: read data file = SRRun01_grf.mot (nr=10005 nc=19)
[info] ExternalForce::RightGRF Data source being set to SRRun01_grf
[info] ExternalForce::LeftGRF Data source being set to SRRun01_grf
[info] Storage: read data file = SRRun01_grf.mot (nr=10005 nc=19)
[info] ExternalForce::RightGRF Data source being set to SRRun01_grf
[info] ExternalForce::LeftGRF Data source being set to SRRun01_grf
[info] Storage: read data file = SRRun01_grf.mot (nr=10005 nc=19)
[info] ExternalForce::RightGRF Data source being set to SRRun01_grf
[info] ExternalForce::LeftGRF Data source being set to SRRun01_grf
[info] Storage: read data file = SRRun01_grf.mot (nr=10005 nc=19)
[info] ExternalForce::RightGRF Data source being set to SRRun01_grf
[info] ExternalForce::LeftGRF Data source being set to SRRun01_grf
[info] Storage: read data file = SRRun01_grf.mot (nr=10005 nc=19)
[info] ExternalForce::RightGRF Data source being set to SRRun01_grf
[info] ExternalForce::LeftGRF Data source being set to SRRun01_grf
[info] Storage: read data file = SRRun01_grf.mot (nr=10005 nc=19)
[info] ExternalForce::RightGRF Data source being set to SRRun01_grf
[info] ExternalForce::LeftGRF Data source being set to SRRun01_grf
[info] Storage: read data file = SRRun01_grf.mot (nr=10005 nc=19)
[info] ExternalForce::RightGRF Data source being set to SRRun01_grf
[info] ExternalForce::LeftGRF Data source being set to SRRun01_grf
[info] Storage: read data file = SRRun01_grf.mot (nr=10005 nc=19)
[info] ExternalForce::RightGRF Data source being set to SRRun01_grf
[info] ExternalForce::LeftGRF Data source being set to SRRun01_grf
[info] Storage: read data file = SRRun01_grf.mot (nr=10005 nc=19)
[info] ExternalForce::RightGRF Data source being set to SRRun01_grf
[info] ExternalForce::LeftGRF Data source being set to SRRun01_grf
[info] Storage: read data file = SRRun01_grf.mot (nr=10005 nc=19)
[info] ExternalForce::RightGRF Data source being set to SRRun01_grf
[info] ExternalForce::LeftGRF Data source being set to SRRun01_grf
[info] Storage: read data file = SRRun01_grf.mot (nr=10005 nc=19)
[info] ExternalForce::RightGRF Data source being set to SRRun01_grf
[info] ExternalForce::LeftGRF Data source being set to SRRun01_grf
[info] Storage: read data file = SRRun01_grf.mot (nr=10005 nc=19)
[info] ExternalForce::RightGRF Data source being set to SRRun01_grf
[info] ExternalForce::LeftGRF Data source being set to SRRun01_grf
[info] Storage: read data file = SRRun01_grf.mot (nr=10005 nc=19)
[info] ExternalForce::RightGRF Data source being set to SRRun01_grf
[info] ExternalForce::LeftGRF Data source being set to SRRun01_grf
[info] Storage: read data file = SRRun01_grf.mot (nr=10005 nc=19)
[info] ExternalForce::RightGRF Data source being set to SRRun01_grf
[info] ExternalForce::LeftGRF Data source being set to SRRun01_grf
[info] Storage: read data file = SRRun01_grf.mot (nr=10005 nc=19)
[info] ExternalForce::RightGRF Data source being set to SRRun01_grf
[info] ExternalForce::LeftGRF Data source being set to SRRun01_grf
[info] Storage: read data file = SRRun01_grf.mot (nr=10005 nc=19)
[info] ExternalForce::RightGRF Data source being set to SRRun01_grf
[info] ExternalForce::LeftGRF Data source being set to SRRun01_grf
[info] Storage: read data file = SRRun01_grf.mot (nr=10005 nc=19)
[info] ExternalForce::RightGRF Data source being set to SRRun01_grf
[info] ExternalForce::LeftGRF Data source being set to SRRun01_grf
[info] Storage: read data file = SRRun01_grf.mot (nr=10005 nc=19)
[info] ExternalForce::RightGRF Data source being set to SRRun01_grf
[info] ExternalForce::LeftGRF Data source being set to SRRun01_grf
[info] Storage: read data file = SRRun01_grf.mot (nr=10005 nc=19)
[info] ExternalForce::RightGRF Data source being set to SRRun01_grf
[info] ExternalForce::LeftGRF Data source being set to SRRun01_grf
[info] Storage: read data file = SRRun01_grf.mot (nr=10005 nc=19)
[info] ExternalForce::RightGRF Data source being set to SRRun01_grf
[info] ExternalForce::LeftGRF Data source being set to SRRun01_grf
[info] Storage: read data file = SRRun01_grf.mot (nr=10005 nc=19)
[info] ExternalForce::RightGRF Data source being set to SRRun01_grf
[info] ExternalForce::LeftGRF Data source being set to SRRun01_grf
[info] Storage: read data file = SRRun01_grf.mot (nr=10005 nc=19)
[info] ExternalForce::RightGRF Data source being set to SRRun01_grf
[info] ExternalForce::LeftGRF Data source being set to SRRun01_grf
[info] Storage: read data file = SRRun01_grf.mot (nr=10005 nc=19)
[info] ExternalForce::RightGRF Data source being set to SRRun01_grf
[info] ExternalForce::LeftGRF Data source being set to SRRun01_grf
[info] Storage: read data file = SRRun01_grf.mot (nr=10005 nc=19)
[info] ExternalForce::RightGRF Data source being set to SRRun01_grf
[info] ExternalForce::LeftGRF Data source being set to SRRun01_grf
[info] Storage: read data file = SRRun01_grf.mot (nr=10005 nc=19)
[info] ExternalForce::RightGRF Data source being set to SRRun01_grf
[info] ExternalForce::LeftGRF Data source being set to SRRun01_grf
[info] Storage: read data file = SRRun01_grf.mot (nr=10005 nc=19)
[info] ExternalForce::RightGRF Data source being set to SRRun01_grf
[info] ExternalForce::LeftGRF Data source being set to SRRun01_grf
[info] Storage: read data file = SRRun01_grf.mot (nr=10005 nc=19)
[info] ExternalForce::RightGRF Data source being set to SRRun01_grf
[info] ExternalForce::LeftGRF Data source being set to SRRun01_grf
[info] Storage: read data file = SRRun01_grf.mot (nr=10005 nc=19)
[info] ExternalForce::RightGRF Data source being set to SRRun01_grf
[info] ExternalForce::LeftGRF Data source being set to SRRun01_grf
[info] Storage: read data file = SRRun01_grf.mot (nr=10005 nc=19)
[info] ExternalForce::RightGRF Data source being set to SRRun01_grf
[info] ExternalForce::LeftGRF Data source being set to SRRun01_grf
[info] Storage: read data file = SRRun01_grf.mot (nr=10005 nc=19)
[info] ExternalForce::RightGRF Data source being set to SRRun01_grf
[info] ExternalForce::LeftGRF Data source being set to SRRun01_grf
[info] Storage: read data file = SRRun01_grf.mot (nr=10005 nc=19)
[info] ExternalForce::RightGRF Data source being set to SRRun01_grf
[info] ExternalForce::LeftGRF Data source being set to SRRun01_grf
[info] Storage: read data file = SRRun01_grf.mot (nr=10005 nc=19)
[info] ExternalForce::RightGRF Data source being set to SRRun01_grf
[info] ExternalForce::LeftGRF Data source being set to SRRun01_grf
[info] Storage: read data file = SRRun01_grf.mot (nr=10005 nc=19)
[info] ExternalForce::RightGRF Data source being set to SRRun01_grf
[info] ExternalForce::LeftGRF Data source being set to SRRun01_grf
[info] Storage: read data file = SRRun01_grf.mot (nr=10005 nc=19)
[info] ExternalForce::RightGRF Data source being set to SRRun01_grf
[info] ExternalForce::LeftGRF Data source being set to SRRun01_grf
[info] Storage: read data file = SRRun01_grf.mot (nr=10005 nc=19)
[info] ExternalForce::RightGRF Data source being set to SRRun01_grf
[info] ExternalForce::LeftGRF Data source being set to SRRun01_grf
[info] Storage: read data file = SRRun01_grf.mot (nr=10005 nc=19)
[info] ExternalForce::RightGRF Data source being set to SRRun01_grf
[info] ExternalForce::LeftGRF Data source being set to SRRun01_grf
[info] Storage: read data file = SRRun01_grf.mot (nr=10005 nc=19)
[info] ExternalForce::RightGRF Data source being set to SRRun01_grf
[info] ExternalForce::LeftGRF Data source being set to SRRun01_grf
[info] Storage: read data file = SRRun01_grf.mot (nr=10005 nc=19)
[info] ExternalForce::RightGRF Data source being set to SRRun01_grf
[info] ExternalForce::LeftGRF Data source being set to SRRun01_grf
[info] Storage: read data file = SRRun01_grf.mot (nr=10005 nc=19)
[info] ExternalForce::RightGRF Data source being set to SRRun01_grf
[info] ExternalForce::LeftGRF Data source being set to SRRun01_grf
[info] Storage: read data file = SRRun01_grf.mot (nr=10005 nc=19)
[info] ExternalForce::RightGRF Data source being set to SRRun01_grf
[info] ExternalForce::LeftGRF Data source being set to SRRun01_grf
[info] Storage: read data file = SRRun01_grf.mot (nr=10005 nc=19)
[info] ExternalForce::RightGRF Data source being set to SRRun01_grf
[info] ExternalForce::LeftGRF Data source being set to SRRun01_grf
[info] Storage: read data file = SRRun01_grf.mot (nr=10005 nc=19)
[info] ExternalForce::RightGRF Data source being set to SRRun01_grf
[info] ExternalForce::LeftGRF Data source being set to SRRun01_grf
[info] Storage: read data file = SRRun01_grf.mot (nr=10005 nc=19)
[info] ExternalForce::RightGRF Data source being set to SRRun01_grf
[info] ExternalForce::LeftGRF Data source being set to SRRun01_grf
[info] Storage: read data file = SRRun01_grf.mot (nr=10005 nc=19)
[info] ExternalForce::RightGRF Data source being set to SRRun01_grf
[info] ExternalForce::LeftGRF Data source being set to SRRun01_grf
[info] Storage: read data file = SRRun01_grf.mot (nr=10005 nc=19)
[info] ExternalForce::RightGRF Data source being set to SRRun01_grf
[info] ExternalForce::LeftGRF Data source being set to SRRun01_grf
[info] Storage: read data file = SRRun01_grf.mot (nr=10005 nc=19)
[info] ExternalForce::RightGRF Data source being set to SRRun01_grf
[info] ExternalForce::LeftGRF Data source being set to SRRun01_grf
[info] Storage: read data file = SRRun01_grf.mot (nr=10005 nc=19)
[info] ExternalForce::RightGRF Data source being set to SRRun01_grf
[info] ExternalForce::LeftGRF Data source being set to SRRun01_grf
[info] Storage: read data file = SRRun01_grf.mot (nr=10005 nc=19)
[info] ExternalForce::RightGRF Data source being set to SRRun01_grf
[info] ExternalForce::LeftGRF Data source being set to SRRun01_grf
[info] Storage: read data file = SRRun01_grf.mot (nr=10005 nc=19)
[info] ExternalForce::RightGRF Data source being set to SRRun01_grf
[info] ExternalForce::LeftGRF Data source being set to SRRun01_grf
[info] Storage: read data file = SRRun01_grf.mot (nr=10005 nc=19)
[info] ExternalForce::RightGRF Data source being set to SRRun01_grf
[info] ExternalForce::LeftGRF Data source being set to SRRun01_grf
[info] Storage: read data file = SRRun01_grf.mot (nr=10005 nc=19)
[info] ExternalForce::RightGRF Data source being set to SRRun01_grf
[info] ExternalForce::LeftGRF Data source being set to SRRun01_grf
[info] Storage: read data file = SRRun01_grf.mot (nr=10005 nc=19)
[info] ExternalForce::RightGRF Data source being set to SRRun01_grf
[info] ExternalForce::LeftGRF Data source being set to SRRun01_grf
[info] Storage: read data file = SRRun01_grf.mot (nr=10005 nc=19)
[info] ExternalForce::RightGRF Data source being set to SRRun01_grf
[info] ExternalForce::LeftGRF Data source being set to SRRun01_grf
[info] Storage: read data file = SRRun01_grf.mot (nr=10005 nc=19)
[info] ExternalForce::RightGRF Data source being set to SRRun01_grf
[info] ExternalForce::LeftGRF Data source being set to SRRun01_grf
[info] Storage: read data file = SRRun01_grf.mot (nr=10005 nc=19)
[info] ExternalForce::RightGRF Data source being set to SRRun01_grf
[info] ExternalForce::LeftGRF Data source being set to SRRun01_grf
[info] Storage: read data file = SRRun01_grf.mot (nr=10005 nc=19)
[info] ExternalForce::RightGRF Data source being set to SRRun01_grf
[info] ExternalForce::LeftGRF Data source being set to SRRun01_grf
[info] Storage: read data file = SRRun01_grf.mot (nr=10005 nc=19)
[info] ExternalForce::RightGRF Data source being set to SRRun01_grf
[info] ExternalForce::LeftGRF Data source being set to SRRun01_grf
[info] Storage: read data file = SRRun01_grf.mot (nr=10005 nc=19)
[info] ExternalForce::RightGRF Data source being set to SRRun01_grf
[info] ExternalForce::LeftGRF Data source being set to SRRun01_grf
[info] Storage: read data file = SRRun01_grf.mot (nr=10005 nc=19)
[info] ExternalForce::RightGRF Data source being set to SRRun01_grf
[info] ExternalForce::LeftGRF Data source being set to SRRun01_grf
[info] Storage: read data file = SRRun01_grf.mot (nr=10005 nc=19)
[info] ExternalForce::RightGRF Data source being set to SRRun01_grf
[info] ExternalForce::LeftGRF Data source being set to SRRun01_grf
[info] Storage: read data file = SRRun01_grf.mot (nr=10005 nc=19)
[info] ExternalForce::RightGRF Data source being set to SRRun01_grf
[info] ExternalForce::LeftGRF Data source being set to SRRun01_grf
[info] Storage: read data file = SRRun01_grf.mot (nr=10005 nc=19)
[info] ExternalForce::RightGRF Data source being set to SRRun01_grf
[info] ExternalForce::LeftGRF Data source being set to SRRun01_grf
[info] Storage: read data file = SRRun01_grf.mot (nr=10005 nc=19)
[info] ExternalForce::RightGRF Data source being set to SRRun01_grf
[info] ExternalForce::LeftGRF Data source being set to SRRun01_grf
[info] Storage: read data file = SRRun01_grf.mot (nr=10005 nc=19)
[info] ExternalForce::RightGRF Data source being set to SRRun01_grf
[info] ExternalForce::LeftGRF Data source being set to SRRun01_grf
[info] Storage: read data file = SRRun01_grf.mot (nr=10005 nc=19)
[info] ExternalForce::RightGRF Data source being set to SRRun01_grf
[info] ExternalForce::LeftGRF Data source being set to SRRun01_grf
[info] Storage: read data file = SRRun01_grf.mot (nr=10005 nc=19)
[info] ExternalForce::RightGRF Data source being set to SRRun01_grf
[info] ExternalForce::LeftGRF Data source being set to SRRun01_grf
[info] Storage: read data file = SRRun01_grf.mot (nr=10005 nc=19)
[info] ExternalForce::RightGRF Data source being set to SRRun01_grf
[info] ExternalForce::LeftGRF Data source being set to SRRun01_grf
[info] Storage: read data file = SRRun01_grf.mot (nr=10005 nc=19)
[info] ExternalForce::RightGRF Data source being set to SRRun01_grf
[info] ExternalForce::LeftGRF Data source being set to SRRun01_grf
[info] Storage: read data file = SRRun01_grf.mot (nr=10005 nc=19)
[info] ExternalForce::RightGRF Data source being set to SRRun01_grf
[info] ExternalForce::LeftGRF Data source being set to SRRun01_grf
[info] Storage: read data file = SRRun01_grf.mot (nr=10005 nc=19)
[info] ExternalForce::RightGRF Data source being set to SRRun01_grf
[info] ExternalForce::LeftGRF Data source being set to SRRun01_grf
[info] Storage: read data file = SRRun01_grf.mot (nr=10005 nc=19)
[info] ExternalForce::RightGRF Data source being set to SRRun01_grf
[info] ExternalForce::LeftGRF Data source being set to SRRun01_grf
[info] Storage: read data file = SRRun01_grf.mot (nr=10005 nc=19)
[info] ExternalForce::RightGRF Data source being set to SRRun01_grf
[info] ExternalForce::LeftGRF Data source being set to SRRun01_grf
[info] Storage: read data file = SRRun01_grf.mot (nr=10005 nc=19)
[info] ExternalForce::RightGRF Data source being set to SRRun01_grf
[info] ExternalForce::LeftGRF Data source being set to SRRun01_grf
[info] Storage: read data file = SRRun01_grf.mot (nr=10005 nc=19)
[info] ExternalForce::RightGRF Data source being set to SRRun01_grf
[info] ExternalForce::LeftGRF Data source being set to SRRun01_grf
[info] Storage: read data file = SRRun01_grf.mot (nr=10005 nc=19)
[info] ExternalForce::RightGRF Data source being set to SRRun01_grf
[info] ExternalForce::LeftGRF Data source being set to SRRun01_grf
[info] Storage: read data file = SRRun01_grf.mot (nr=10005 nc=19)
[info] ExternalForce::RightGRF Data source being set to SRRun01_grf
[info] ExternalForce::LeftGRF Data source being set to SRRun01_grf
[info] Storage: read data file = SRRun01_grf.mot (nr=10005 nc=19)
[info] ExternalForce::RightGRF Data source being set to SRRun01_grf
[info] ExternalForce::LeftGRF Data source being set to SRRun01_grf
[info] Storage: read data file = SRRun01_grf.mot (nr=10005 nc=19)
[info] ExternalForce::RightGRF Data source being set to SRRun01_grf
[info] ExternalForce::LeftGRF Data source being set to SRRun01_grf
[info] Storage: read data file = SRRun01_grf.mot (nr=10005 nc=19)
[info] ExternalForce::RightGRF Data source being set to SRRun01_grf
[info] ExternalForce::LeftGRF Data source being set to SRRun01_grf
[info] Storage: read data file = SRRun01_grf.mot (nr=10005 nc=19)
[info] ExternalForce::RightGRF Data source being set to SRRun01_grf
[info] ExternalForce::LeftGRF Data source being set to SRRun01_grf
[info] Storage: read data file = SRRun01_grf.mot (nr=10005 nc=19)
[info] ExternalForce::RightGRF Data source being set to SRRun01_grf
[info] ExternalForce::LeftGRF Data source being set to SRRun01_grf
[info] Storage: read data file = SRRun01_grf.mot (nr=10005 nc=19)
[info] ExternalForce::RightGRF Data source being set to SRRun01_grf
[info] ExternalForce::LeftGRF Data source being set to SRRun01_grf
[info] Storage: read data file = SRRun01_grf.mot (nr=10005 nc=19)
[info] ExternalForce::RightGRF Data source being set to SRRun01_grf
[info] ExternalForce::LeftGRF Data source being set to SRRun01_grf
[info] Storage: read data file = SRRun01_grf.mot (nr=10005 nc=19)
[info] ExternalForce::RightGRF Data source being set to SRRun01_grf
[info] ExternalForce::LeftGRF Data source being set to SRRun01_grf
[info] Storage: read data file = SRRun01_grf.mot (nr=10005 nc=19)
[info] ExternalForce::RightGRF Data source being set to SRRun01_grf
[info] ExternalForce::LeftGRF Data source being set to SRRun01_grf
[info] Storage: read data file = SRRun01_grf.mot (nr=10005 nc=19)
[info] ExternalForce::RightGRF Data source being set to SRRun01_grf
[info] ExternalForce::LeftGRF Data source being set to SRRun01_grf
[info] Storage: read data file = SRRun01_grf.mot (nr=10005 nc=19)
[info] ExternalForce::RightGRF Data source being set to SRRun01_grf
[info] ExternalForce::LeftGRF Data source being set to SRRun01_grf
[info] Storage: read data file = SRRun01_grf.mot (nr=10005 nc=19)
[info] ExternalForce::RightGRF Data source being set to SRRun01_grf
[info] ExternalForce::LeftGRF Data source being set to SRRun01_grf
[info] Storage: read data file = SRRun01_grf.mot (nr=10005 nc=19)
[info] ExternalForce::RightGRF Data source being set to SRRun01_grf
[info] ExternalForce::LeftGRF Data source being set to SRRun01_grf
[info] Storage: read data file = SRRun01_grf.mot (nr=10005 nc=19)
[info] ExternalForce::RightGRF Data source being set to SRRun01_grf
[info] ExternalForce::LeftGRF Data source being set to SRRun01_grf
[info] Storage: read data file = SRRun01_grf.mot (nr=10005 nc=19)
[info] ExternalForce::RightGRF Data source being set to SRRun01_grf
[info] ExternalForce::LeftGRF Data source being set to SRRun01_grf
[info] Storage: read data file = SRRun01_grf.mot (nr=10005 nc=19)
[info] ExternalForce::RightGRF Data source being set to SRRun01_grf
[info] ExternalForce::LeftGRF Data source being set to SRRun01_grf
[info] Storage: read data file = SRRun01_grf.mot (nr=10005 nc=19)
[info] ExternalForce::RightGRF Data source being set to SRRun01_grf
[info] ExternalForce::LeftGRF Data source being set to SRRun01_grf
[info] Storage: read data file = SRRun01_grf.mot (nr=10005 nc=19)
[info] ExternalForce::RightGRF Data source being set to SRRun01_grf
[info] ExternalForce::LeftGRF Data source being set to SRRun01_grf
[info] Storage: read data file = SRRun01_grf.mot (nr=10005 nc=19)
[info] ExternalForce::RightGRF Data source being set to SRRun01_grf
[info] ExternalForce::LeftGRF Data source being set to SRRun01_grf
[info] Storage: read data file = SRRun01_grf.mot (nr=10005 nc=19)
[info] ExternalForce::RightGRF Data source being set to SRRun01_grf
[info] ExternalForce::LeftGRF Data source being set to SRRun01_grf
[info] Storage: read data file = SRRun01_grf.mot (nr=10005 nc=19)
[info] ExternalForce::RightGRF Data source being set to SRRun01_grf
[info] ExternalForce::LeftGRF Data source being set to SRRun01_grf
[info] Storage: read data file = SRRun01_grf.mot (nr=10005 nc=19)
[info] ExternalForce::RightGRF Data source being set to SRRun01_grf
[info] ExternalForce::LeftGRF Data source being set to SRRun01_grf
[info] Storage: read data file = SRRun01_grf.mot (nr=10005 nc=19)
[info] ExternalForce::RightGRF Data source being set to SRRun01_grf
[info] ExternalForce::LeftGRF Data source being set to SRRun01_grf
[info] Storage: read data file = SRRun01_grf.mot (nr=10005 nc=19)
[info] ExternalForce::RightGRF Data source being set to SRRun01_grf
[info] ExternalForce::LeftGRF Data source being set to SRRun01_grf
[info] Storage: read data file = SRRun01_grf.mot (nr=10005 nc=19)
[info] ExternalForce::RightGRF Data source being set to SRRun01_grf
[info] ExternalForce::LeftGRF Data source being set to SRRun01_grf
[info] Storage: read data file = SRRun01_grf.mot (nr=10005 nc=19)
[info] ExternalForce::RightGRF Data source being set to SRRun01_grf
[info] ExternalForce::LeftGRF Data source being set to SRRun01_grf
[info] Storage: read data file = SRRun01_grf.mot (nr=10005 nc=19)
[info] ExternalForce::RightGRF Data source being set to SRRun01_grf
[info] ExternalForce::LeftGRF Data source being set to SRRun01_grf
[info] Storage: read data file = SRRun01_grf.mot (nr=10005 nc=19)
[info] ExternalForce::RightGRF Data source being set to SRRun01_grf
[info] ExternalForce::LeftGRF Data source being set to SRRun01_grf
[info] Storage: read data file = SRRun01_grf.mot (nr=10005 nc=19)
[info] ExternalForce::RightGRF Data source being set to SRRun01_grf
[info] ExternalForce::LeftGRF Data source being set to SRRun01_grf
[info] Storage: read data file = SRRun01_grf.mot (nr=10005 nc=19)
[info] ExternalForce::RightGRF Data source being set to SRRun01_grf
[info] ExternalForce::LeftGRF Data source being set to SRRun01_grf
[info] Storage: read data file = SRRun01_grf.mot (nr=10005 nc=19)
[info] ExternalForce::RightGRF Data source being set to SRRun01_grf
[info] ExternalForce::LeftGRF Data source being set to SRRun01_grf
[info] Storage: read data file = SRRun01_grf.mot (nr=10005 nc=19)
[info] ExternalForce::RightGRF Data source being set to SRRun01_grf
[info] ExternalForce::LeftGRF Data source being set to SRRun01_grf
[info] Storage: read data file = SRRun01_grf.mot (nr=10005 nc=19)
[info] ExternalForce::RightGRF Data source being set to SRRun01_grf
[info] ExternalForce::LeftGRF Data source being set to SRRun01_grf
[info] Storage: read data file = SRRun01_grf.mot (nr=10005 nc=19)
[info] ExternalForce::RightGRF Data source being set to SRRun01_grf
[info] ExternalForce::LeftGRF Data source being set to SRRun01_grf
[info] Storage: read data file = SRRun01_grf.mot (nr=10005 nc=19)
[info] ExternalForce::RightGRF Data source being set to SRRun01_grf
[info] ExternalForce::LeftGRF Data source being set to SRRun01_grf
[info] Storage: read data file = SRRun01_grf.mot (nr=10005 nc=19)
[info] ExternalForce::RightGRF Data source being set to SRRun01_grf
[info] ExternalForce::LeftGRF Data source being set to SRRun01_grf
[info] Storage: read data file = SRRun01_grf.mot (nr=10005 nc=19)
[info] ExternalForce::RightGRF Data source being set to SRRun01_grf
[info] ExternalForce::LeftGRF Data source being set to SRRun01_grf
[info] Storage: read data file = SRRun01_grf.mot (nr=10005 nc=19)
[info] ExternalForce::RightGRF Data source being set to SRRun01_grf
[info] ExternalForce::LeftGRF Data source being set to SRRun01_grf
[info] Storage: read data file = SRRun01_grf.mot (nr=10005 nc=19)
[info] ExternalForce::RightGRF Data source being set to SRRun01_grf
[info] ExternalForce::LeftGRF Data source being set to SRRun01_grf
[info] Storage: read data file = SRRun01_grf.mot (nr=10005 nc=19)
[info] ExternalForce::RightGRF Data source being set to SRRun01_grf
[info] ExternalForce::LeftGRF Data source being set to SRRun01_grf
[info] Storage: read data file = SRRun01_grf.mot (nr=10005 nc=19)
[info] ExternalForce::RightGRF Data source being set to SRRun01_grf
[info] ExternalForce::LeftGRF Data source being set to SRRun01_grf
[info] Storage: read data file = SRRun01_grf.mot (nr=10005 nc=19)
[info] ExternalForce::RightGRF Data source being set to SRRun01_grf
[info] ExternalForce::LeftGRF Data source being set to SRRun01_grf
[info] Storage: read data file = SRRun01_grf.mot (nr=10005 nc=19)
[info] ExternalForce::RightGRF Data source being set to SRRun01_grf
[info] ExternalForce::LeftGRF Data source being set to SRRun01_grf
[info] Storage: read data file = SRRun01_grf.mot (nr=10005 nc=19)
[info] ExternalForce::RightGRF Data source being set to SRRun01_grf
[info] ExternalForce::LeftGRF Data source being set to SRRun01_grf
[info] Storage: read data file = SRRun01_grf.mot (nr=10005 nc=19)
[info] ExternalForce::RightGRF Data source being set to SRRun01_grf
[info] ExternalForce::LeftGRF Data source being set to SRRun01_grf
[info] Storage: read data file = SRRun01_grf.mot (nr=10005 nc=19)
[info] ExternalForce::RightGRF Data source being set to SRRun01_grf
[info] ExternalForce::LeftGRF Data source being set to SRRun01_grf
[info] Storage: read data file = SRRun01_grf.mot (nr=10005 nc=19)
[info] ExternalForce::RightGRF Data source being set to SRRun01_grf
[info] ExternalForce::LeftGRF Data source being set to SRRun01_grf
[info] Storage: read data file = SRRun01_grf.mot (nr=10005 nc=19)
[info] ExternalForce::RightGRF Data source being set to SRRun01_grf
[info] ExternalForce::LeftGRF Data source being set to SRRun01_grf
[info] Storage: read data file = SRRun01_grf.mot (nr=10005 nc=19)
[info] ExternalForce::RightGRF Data source being set to SRRun01_grf
[info] ExternalForce::LeftGRF Data source being set to SRRun01_grf
[info] Storage: read data file = SRRun01_grf.mot (nr=10005 nc=19)
[info] ExternalForce::RightGRF Data source being set to SRRun01_grf
[info] ExternalForce::LeftGRF Data source being set to SRRun01_grf
[info] Storage: read data file = SRRun01_grf.mot (nr=10005 nc=19)
[info] ExternalForce::RightGRF Data source being set to SRRun01_grf
[info] ExternalForce::LeftGRF Data source being set to SRRun01_grf
[info] Storage: read data file = SRRun01_grf.mot (nr=10005 nc=19)
[info] ExternalForce::RightGRF Data source being set to SRRun01_grf
[info] ExternalForce::LeftGRF Data source being set to SRRun01_grf
[info] Storage: read data file = SRRun01_grf.mot (nr=10005 nc=19)
[info] ExternalForce::RightGRF Data source being set to SRRun01_grf
[info] ExternalForce::LeftGRF Data source being set to SRRun01_grf
[info] Storage: read data file = SRRun01_grf.mot (nr=10005 nc=19)
[info] ExternalForce::RightGRF Data source being set to SRRun01_grf
[info] ExternalForce::LeftGRF Data source being set to SRRun01_grf
[info] Storage: read data file = SRRun01_grf.mot (nr=10005 nc=19)
[info] ExternalForce::RightGRF Data source being set to SRRun01_grf
[info] ExternalForce::LeftGRF Data source being set to SRRun01_grf
[info] Storage: read data file = SRRun01_grf.mot (nr=10005 nc=19)
[info] ExternalForce::RightGRF Data source being set to SRRun01_grf
[info] ExternalForce::LeftGRF Data source being set to SRRun01_grf
[info] Storage: read data file = SRRun01_grf.mot (nr=10005 nc=19)
[info] ExternalForce::RightGRF Data source being set to SRRun01_grf
[info] ExternalForce::LeftGRF Data source being set to SRRun01_grf
[info] Storage: read data file = SRRun01_grf.mot (nr=10005 nc=19)
[info] ExternalForce::RightGRF Data source being set to SRRun01_grf
[info] ExternalForce::LeftGRF Data source being set to SRRun01_grf
[info] Storage: read data file = SRRun01_grf.mot (nr=10005 nc=19)
[info] ExternalForce::RightGRF Data source being set to SRRun01_grf
[info] ExternalForce::LeftGRF Data source being set to SRRun01_grf
[info] Storage: read data file = SRRun01_grf.mot (nr=10005 nc=19)
[info] ExternalForce::RightGRF Data source being set to SRRun01_grf
[info] ExternalForce::LeftGRF Data source being set to SRRun01_grf
[info] Storage: read data file = SRRun01_grf.mot (nr=10005 nc=19)
[info] ExternalForce::RightGRF Data source being set to SRRun01_grf
[info] ExternalForce::LeftGRF Data source being set to SRRun01_grf
[info] Storage: read data file = SRRun01_grf.mot (nr=10005 nc=19)
[info] ExternalForce::RightGRF Data source being set to SRRun01_grf
[info] ExternalForce::LeftGRF Data source being set to SRRun01_grf
[info] Storage: read data file = SRRun01_grf.mot (nr=10005 nc=19)
[info] ExternalForce::RightGRF Data source being set to SRRun01_grf
[info] ExternalForce::LeftGRF Data source being set to SRRun01_grf
[info] Storage: read data file = SRRun01_grf.mot (nr=10005 nc=19)
[info] ExternalForce::RightGRF Data source being set to SRRun01_grf
[info] ExternalForce::LeftGRF Data source being set to SRRun01_grf
[info] Storage: read data file = SRRun01_grf.mot (nr=10005 nc=19)
[info] ExternalForce::RightGRF Data source being set to SRRun01_grf
[info] ExternalForce::LeftGRF Data source being set to SRRun01_grf
[info] Storage: read data file = SRRun01_grf.mot (nr=10005 nc=19)
[info] ExternalForce::RightGRF Data source being set to SRRun01_grf
[info] ExternalForce::LeftGRF Data source being set to SRRun01_grf
[info] Storage: read data file = SRRun01_grf.mot (nr=10005 nc=19)
[info] ExternalForce::RightGRF Data source being set to SRRun01_grf
[info] ExternalForce::LeftGRF Data source being set to SRRun01_grf
[info] Storage: read data file = SRRun01_grf.mot (nr=10005 nc=19)
[info] ExternalForce::RightGRF Data source being set to SRRun01_grf
[info] ExternalForce::LeftGRF Data source being set to SRRun01_grf
[info] Storage: read data file = SRRun01_grf.mot (nr=10005 nc=19)
[info] ExternalForce::RightGRF Data source being set to SRRun01_grf
[info] ExternalForce::LeftGRF Data source being set to SRRun01_grf
[info] Storage: read data file = SRRun01_grf.mot (nr=10005 nc=19)
[info] ExternalForce::RightGRF Data source being set to SRRun01_grf
[info] ExternalForce::LeftGRF Data source being set to SRRun01_grf
[info] Storage: read data file = SRRun01_grf.mot (nr=10005 nc=19)
[info] ExternalForce::RightGRF Data source being set to SRRun01_grf
[info] ExternalForce::LeftGRF Data source being set to SRRun01_grf
[info] Storage: read data file = SRRun01_grf.mot (nr=10005 nc=19)
[info] ExternalForce::RightGRF Data source being set to SRRun01_grf
[info] ExternalForce::LeftGRF Data source being set to SRRun01_grf
[info] Storage: read data file = SRRun01_grf.mot (nr=10005 nc=19)
[info] ExternalForce::RightGRF Data source being set to SRRun01_grf
[info] ExternalForce::LeftGRF Data source being set to SRRun01_grf
[info] Storage: read data file = SRRun01_grf.mot (nr=10005 nc=19)
[info] ExternalForce::RightGRF Data source being set to SRRun01_grf
[info] ExternalForce::LeftGRF Data source being set to SRRun01_grf
[info] Storage: read data file = SRRun01_grf.mot (nr=10005 nc=19)
[info] ExternalForce::RightGRF Data source being set to SRRun01_grf
[info] ExternalForce::LeftGRF Data source being set to SRRun01_grf
[info] Storage: read data file = SRRun01_grf.mot (nr=10005 nc=19)
[info] ExternalForce::RightGRF Data source being set to SRRun01_grf
[info] ExternalForce::LeftGRF Data source being set to SRRun01_grf
[info] Storage: read data file = SRRun01_grf.mot (nr=10005 nc=19)
[info] ExternalForce::RightGRF Data source being set to SRRun01_grf
[info] ExternalForce::LeftGRF Data source being set to SRRun01_grf
[info] Storage: read data file = SRRun01_grf.mot (nr=10005 nc=19)
[info] ExternalForce::RightGRF Data source being set to SRRun01_grf
[info] ExternalForce::LeftGRF Data source being set to SRRun01_grf
[info] Storage: read data file = SRRun01_grf.mot (nr=10005 nc=19)
[info] ExternalForce::RightGRF Data source being set to SRRun01_grf
[info] ExternalForce::LeftGRF Data source being set to SRRun01_grf
[info] Storage: read data file = SRRun01_grf.mot (nr=10005 nc=19)
[info] ExternalForce::RightGRF Data source being set to SRRun01_grf
[info] ExternalForce::LeftGRF Data source being set to SRRun01_grf
[info] Storage: read data file = SRRun01_grf.mot (nr=10005 nc=19)
[info] ExternalForce::RightGRF Data source being set to SRRun01_grf
[info] ExternalForce::LeftGRF Data source being set to SRRun01_grf
[info] Storage: read data file = SRRun01_grf.mot (nr=10005 nc=19)
[info] ExternalForce::RightGRF Data source being set to SRRun01_grf
[info] ExternalForce::LeftGRF Data source being set to SRRun01_grf
[info] Storage: read data file = SRRun01_grf.mot (nr=10005 nc=19)
[info] ExternalForce::RightGRF Data source being set to SRRun01_grf
[info] ExternalForce::LeftGRF Data source being set to SRRun01_grf
[info] Storage: read data file = SRRun01_grf.mot (nr=10005 nc=19)
[info] ExternalForce::RightGRF Data source being set to SRRun01_grf
[info] ExternalForce::LeftGRF Data source being set to SRRun01_grf
[info] Storage: read data file = SRRun01_grf.mot (nr=10005 nc=19)
[info] ExternalForce::RightGRF Data source being set to SRRun01_grf
[info] ExternalForce::LeftGRF Data source being set to SRRun01_grf
[info] Storage: read data file = SRRun01_grf.mot (nr=10005 nc=19)
[info] ExternalForce::RightGRF Data source being set to SRRun01_grf
[info] ExternalForce::LeftGRF Data source being set to SRRun01_grf
[info] Storage: read data file = SRRun01_grf.mot (nr=10005 nc=19)
[info] ExternalForce::RightGRF Data source being set to SRRun01_grf
[info] ExternalForce::LeftGRF Data source being set to SRRun01_grf
[info] Storage: read data file = SRRun01_grf.mot (nr=10005 nc=19)
[info] ExternalForce::RightGRF Data source being set to SRRun01_grf
[info] ExternalForce::LeftGRF Data source being set to SRRun01_grf
[info] Storage: read data file = SRRun01_grf.mot (nr=10005 nc=19)
[info] ExternalForce::RightGRF Data source being set to SRRun01_grf
[info] ExternalForce::LeftGRF Data source being set to SRRun01_grf
[info] Storage: read data file = SRRun01_grf.mot (nr=10005 nc=19)
[info] ExternalForce::RightGRF Data source being set to SRRun01_grf
[info] ExternalForce::LeftGRF Data source being set to SRRun01_grf
[info] Storage: read data file = SRRun01_grf.mot (nr=10005 nc=19)
[info] ExternalForce::RightGRF Data source being set to SRRun01_grf
[info] ExternalForce::LeftGRF Data source being set to SRRun01_grf
[info] Storage: read data file = SRRun01_grf.mot (nr=10005 nc=19)
[info] ExternalForce::RightGRF Data source being set to SRRun01_grf
[info] ExternalForce::LeftGRF Data source being set to SRRun01_grf
[info] Storage: read data file = SRRun01_grf.mot (nr=10005 nc=19)
[info] ExternalForce::RightGRF Data source being set to SRRun01_grf
[info] ExternalForce::LeftGRF Data source being set to SRRun01_grf
[info] Storage: read data file = SRRun01_grf.mot (nr=10005 nc=19)
[info] ExternalForce::RightGRF Data source being set to SRRun01_grf
[info] ExternalForce::LeftGRF Data source being set to SRRun01_grf
[info] Storage: read data file = SRRun01_grf.mot (nr=10005 nc=19)
[info] ExternalForce::RightGRF Data source being set to SRRun01_grf
[info] ExternalForce::LeftGRF Data source being set to SRRun01_grf
[info] Storage: read data file = SRRun01_grf.mot (nr=10005 nc=19)
[info] ExternalForce::RightGRF Data source being set to SRRun01_grf
[info] ExternalForce::LeftGRF Data source being set to SRRun01_grf
[info] Storage: read data file = SRRun01_grf.mot (nr=10005 nc=19)
[info] ExternalForce::RightGRF Data source being set to SRRun01_grf
[info] ExternalForce::LeftGRF Data source being set to SRRun01_grf
[info] Storage: read data file = SRRun01_grf.mot (nr=10005 nc=19)
[info] ExternalForce::RightGRF Data source being set to SRRun01_grf
[info] ExternalForce::LeftGRF Data source being set to SRRun01_grf
[info] Storage: read data file = SRRun01_grf.mot (nr=10005 nc=19)
[info] ExternalForce::RightGRF Data source being set to SRRun01_grf
[info] ExternalForce::LeftGRF Data source being set to SRRun01_grf
[info] Storage: read data file = SRRun01_grf.mot (nr=10005 nc=19)
[info] ExternalForce::RightGRF Data source being set to SRRun01_grf
[info] ExternalForce::LeftGRF Data source being set to SRRun01_grf
[info] Storage: read data file = SRRun01_grf.mot (nr=10005 nc=19)
[info] ExternalForce::RightGRF Data source being set to SRRun01_grf
[info] ExternalForce::LeftGRF Data source being set to SRRun01_grf
[info] Storage: read data file = SRRun01_grf.mot (nr=10005 nc=19)
[info] ExternalForce::RightGRF Data source being set to SRRun01_grf
[info] ExternalForce::LeftGRF Data source being set to SRRun01_grf
[info] Storage: read data file = SRRun01_grf.mot (nr=10005 nc=19)
[info] ExternalForce::RightGRF Data source being set to SRRun01_grf
[info] ExternalForce::LeftGRF Data source being set to SRRun01_grf
[info] Storage: read data file = SRRun01_grf.mot (nr=10005 nc=19)
[info] ExternalForce::RightGRF Data source being set to SRRun01_grf
[info] ExternalForce::LeftGRF Data source being set to SRRun01_grf
[info] Storage: read data file = SRRun01_grf.mot (nr=10005 nc=19)
[info] ExternalForce::RightGRF Data source being set to SRRun01_grf
[info] ExternalForce::LeftGRF Data source being set to SRRun01_grf
[info] Storage: read data file = SRRun01_grf.mot (nr=10005 nc=19)
[info] ExternalForce::RightGRF Data source being set to SRRun01_grf
[info] ExternalForce::LeftGRF Data source being set to SRRun01_grf
[info] Storage: read data file = SRRun01_grf.mot (nr=10005 nc=19)
[info] ExternalForce::RightGRF Data source being set to SRRun01_grf
[info] ExternalForce::LeftGRF Data source being set to SRRun01_grf
[info] Storage: read data file = SRRun01_grf.mot (nr=10005 nc=19)
[info] ExternalForce::RightGRF Data source being set to SRRun01_grf
[info] ExternalForce::LeftGRF Data source being set to SRRun01_grf
[info] Storage: read data file = SRRun01_grf.mot (nr=10005 nc=19)
[info] ExternalForce::RightGRF Data source being set to SRRun01_grf
[info] ExternalForce::LeftGRF Data source being set to SRRun01_grf
[info] Storage: read data file = SRRun01_grf.mot (nr=10005 nc=19)
[info] ExternalForce::RightGRF Data source being set to SRRun01_grf
[info] ExternalForce::LeftGRF Data source being set to SRRun01_grf
[info] Storage: read data file = SRRun01_grf.mot (nr=10005 nc=19)
[info] ExternalForce::RightGRF Data source being set to SRRun01_grf
[info] ExternalForce::LeftGRF Data source being set to SRRun01_grf
[info] Storage: read data file = SRRun01_grf.mot (nr=10005 nc=19)
[info] ExternalForce::RightGRF Data source being set to SRRun01_grf
[info] ExternalForce::LeftGRF Data source being set to SRRun01_grf
[info] Storage: read data file = SRRun01_grf.mot (nr=10005 nc=19)
[info] ExternalForce::RightGRF Data source being set to SRRun01_grf
[info] ExternalForce::LeftGRF Data source being set to SRRun01_grf
[info] Storage: read data file = SRRun01_grf.mot (nr=10005 nc=19)
[info] ExternalForce::RightGRF Data source being set to SRRun01_grf
[info] ExternalForce::LeftGRF Data source being set to SRRun01_grf
[info] Storage: read data file = SRRun01_grf.mot (nr=10005 nc=19)
[info] ExternalForce::RightGRF Data source being set to SRRun01_grf
[info] ExternalForce::LeftGRF Data source being set to SRRun01_grf
[info] Storage: read data file = SRRun01_grf.mot (nr=10005 nc=19)
[info] ExternalForce::RightGRF Data source being set to SRRun01_grf
[info] ExternalForce::LeftGRF Data source being set to SRRun01_grf
[info] Storage: read data file = SRRun01_grf.mot (nr=10005 nc=19)
[info] ExternalForce::RightGRF Data source being set to SRRun01_grf
[info] ExternalForce::LeftGRF Data source being set to SRRun01_grf
[info] Storage: read data file = SRRun01_grf.mot (nr=10005 nc=19)
[info] ExternalForce::RightGRF Data source being set to SRRun01_grf
[info] ExternalForce::LeftGRF Data source being set to SRRun01_grf
[info] Storage: read data file = SRRun01_grf.mot (nr=10005 nc=19)
[info] ExternalForce::RightGRF Data source being set to SRRun01_grf
[info] ExternalForce::LeftGRF Data source being set to SRRun01_grf
[info] Storage: read data file = SRRun01_grf.mot (nr=10005 nc=19)
[info] ExternalForce::RightGRF Data source being set to SRRun01_grf
[info] ExternalForce::LeftGRF Data source being set to SRRun01_grf
[info] Storage: read data file = SRRun01_grf.mot (nr=10005 nc=19)
[info] ExternalForce::RightGRF Data source being set to SRRun01_grf
[info] ExternalForce::LeftGRF Data source being set to SRRun01_grf
[info] Storage: read data file = SRRun01_grf.mot (nr=10005 nc=19)
[info] ExternalForce::RightGRF Data source being set to SRRun01_grf
[info] ExternalForce::LeftGRF Data source being set to SRRun01_grf
[info] Storage: read data file = SRRun01_grf.mot (nr=10005 nc=19)
[info] ExternalForce::RightGRF Data source being set to SRRun01_grf
[info] ExternalForce::LeftGRF Data source being set to SRRun01_grf
[info] Storage: read data file = SRRun01_grf.mot (nr=10005 nc=19)
[info] ExternalForce::RightGRF Data source being set to SRRun01_grf
[info] ExternalForce::LeftGRF Data source being set to SRRun01_grf
[info] Storage: read data file = SRRun01_grf.mot (nr=10005 nc=19)
[info] ExternalForce::RightGRF Data source being set to SRRun01_grf
[info] ExternalForce::LeftGRF Data source being set to SRRun01_grf
[info] Storage: read data file = SRRun01_grf.mot (nr=10005 nc=19)
[info] ExternalForce::RightGRF Data source being set to SRRun01_grf
[info] ExternalForce::LeftGRF Data source being set to SRRun01_grf
[info] Storage: read data file = SRRun01_grf.mot (nr=10005 nc=19)
[info] ExternalForce::RightGRF Data source being set to SRRun01_grf
[info] ExternalForce::LeftGRF Data source being set to SRRun01_grf
[info] Storage: read data file = SRRun01_grf.mot (nr=10005 nc=19)
[info] ExternalForce::RightGRF Data source being set to SRRun01_grf
[info] ExternalForce::LeftGRF Data source being set to SRRun01_grf
[info] Storage: read data file = SRRun01_grf.mot (nr=10005 nc=19)
[info] ExternalForce::RightGRF Data source being set to SRRun01_grf
[info] ExternalForce::LeftGRF Data source being set to SRRun01_grf
[info] Storage: read data file = SRRun01_grf.mot (nr=10005 nc=19)
[info] ExternalForce::RightGRF Data source being set to SRRun01_grf
[info] ExternalForce::LeftGRF Data source being set to SRRun01_grf
[info] Storage: read data file = SRRun01_grf.mot (nr=10005 nc=19)
[info] ExternalForce::RightGRF Data source being set to SRRun01_grf
[info] ExternalForce::LeftGRF Data source being set to SRRun01_grf
[info] Storage: read data file = SRRun01_grf.mot (nr=10005 nc=19)
[info] ExternalForce::RightGRF Data source being set to SRRun01_grf
[info] ExternalForce::LeftGRF Data source being set to SRRun01_grf
[info] Storage: read data file = SRRun01_grf.mot (nr=10005 nc=19)
[info] ExternalForce::RightGRF Data source being set to SRRun01_grf
[info] ExternalForce::LeftGRF Data source being set to SRRun01_grf
[info] Storage: read data file = SRRun01_grf.mot (nr=10005 nc=19)
[info] ExternalForce::RightGRF Data source being set to SRRun01_grf
[info] ExternalForce::LeftGRF Data source being set to SRRun01_grf
[info] Storage: read data file = SRRun01_grf.mot (nr=10005 nc=19)
[info] ExternalForce::RightGRF Data source being set to SRRun01_grf
[info] ExternalForce::LeftGRF Data source being set to SRRun01_grf
[info] Storage: read data file = SRRun01_grf.mot (nr=10005 nc=19)
[info] ExternalForce::RightGRF Data source being set to SRRun01_grf
[info] ExternalForce::LeftGRF Data source being set to SRRun01_grf
[info] Storage: read data file = SRRun01_grf.mot (nr=10005 nc=19)
[info] ExternalForce::RightGRF Data source being set to SRRun01_grf
[info] ExternalForce::LeftGRF Data source being set to SRRun01_grf
[info] Storage: read data file = SRRun01_grf.mot (nr=10005 nc=19)
[info] ExternalForce::RightGRF Data source being set to SRRun01_grf
[info] ExternalForce::LeftGRF Data source being set to SRRun01_grf
[info] Storage: read data file = SRRun01_grf.mot (nr=10005 nc=19)
[info] ExternalForce::RightGRF Data source being set to SRRun01_grf
[info] ExternalForce::LeftGRF Data source being set to SRRun01_grf
[info] Storage: read data file = SRRun01_grf.mot (nr=10005 nc=19)
[info] ExternalForce::RightGRF Data source being set to SRRun01_grf
[info] ExternalForce::LeftGRF Data source being set to SRRun01_grf
[info] Storage: read data file = SRRun01_grf.mot (nr=10005 nc=19)
[info] ExternalForce::RightGRF Data source being set to SRRun01_grf
[info] ExternalForce::LeftGRF Data source being set to SRRun01_grf
[info] Storage: read data file = SRRun01_grf.mot (nr=10005 nc=19)
[info] ExternalForce::RightGRF Data source being set to SRRun01_grf
[info] ExternalForce::LeftGRF Data source being set to SRRun01_grf
[info] Storage: read data file = SRRun01_grf.mot (nr=10005 nc=19)
[info] ExternalForce::RightGRF Data source being set to SRRun01_grf
[info] ExternalForce::LeftGRF Data source being set to SRRun01_grf
[info] Storage: read data file = SRRun01_grf.mot (nr=10005 nc=19)
[info] ExternalForce::RightGRF Data source being set to SRRun01_grf
[info] ExternalForce::LeftGRF Data source being set to SRRun01_grf
[info] Storage: read data file = SRRun01_grf.mot (nr=10005 nc=19)
[info] ExternalForce::RightGRF Data source being set to SRRun01_grf
[info] ExternalForce::LeftGRF Data source being set to SRRun01_grf
[info] Storage: read data file = SRRun01_grf.mot (nr=10005 nc=19)
[info] ExternalForce::RightGRF Data source being set to SRRun01_grf
[info] ExternalForce::LeftGRF Data source being set to SRRun01_grf
[info] Storage: read data file = SRRun01_grf.mot (nr=10005 nc=19)
[info] ExternalForce::RightGRF Data source being set to SRRun01_grf
[info] ExternalForce::LeftGRF Data source being set to SRRun01_grf
[info] Storage: read data file = SRRun01_grf.mot (nr=10005 nc=19)
[info] ExternalForce::RightGRF Data source being set to SRRun01_grf
[info] ExternalForce::LeftGRF Data source being set to SRRun01_grf
[info] Storage: read data file = SRRun01_grf.mot (nr=10005 nc=19)
[info] ExternalForce::RightGRF Data source being set to SRRun01_grf
[info] ExternalForce::LeftGRF Data source being set to SRRun01_grf
[info] Storage: read data file = SRRun01_grf.mot (nr=10005 nc=19)
[info] ExternalForce::RightGRF Data source being set to SRRun01_grf
[info] ExternalForce::LeftGRF Data source being set to SRRun01_grf
[info] Storage: read data file = SRRun01_grf.mot (nr=10005 nc=19)
[info] ExternalForce::RightGRF Data source being set to SRRun01_grf
[info] ExternalForce::LeftGRF Data source being set to SRRun01_grf
[info] Storage: read data file = SRRun01_grf.mot (nr=10005 nc=19)
[info] ExternalForce::RightGRF Data source being set to SRRun01_grf
[info] ExternalForce::LeftGRF Data source being set to SRRun01_grf
[info] Storage: read data file = SRRun01_grf.mot (nr=10005 nc=19)
[info] ExternalForce::RightGRF Data source being set to SRRun01_grf
[info] ExternalForce::LeftGRF Data source being set to SRRun01_grf
[info] Storage: read data file = SRRun01_grf.mot (nr=10005 nc=19)
[info] ExternalForce::RightGRF Data source being set to SRRun01_grf
[info] ExternalForce::LeftGRF Data source being set to SRRun01_grf
[info] Storage: read data file = SRRun01_grf.mot (nr=10005 nc=19)
[info] ExternalForce::RightGRF Data source being set to SRRun01_grf
[info] ExternalForce::LeftGRF Data source being set to SRRun01_grf
[info] Storage: read data file = SRRun01_grf.mot (nr=10005 nc=19)
[info] ExternalForce::RightGRF Data source being set to SRRun01_grf
[info] ExternalForce::LeftGRF Data source being set to SRRun01_grf
[info] Storage: read data file = SRRun01_grf.mot (nr=10005 nc=19)
[info] ExternalForce::RightGRF Data source being set to SRRun01_grf
[info] ExternalForce::LeftGRF Data source being set to SRRun01_grf
[info] Storage: read data file = SRRun01_grf.mot (nr=10005 nc=19)
[info] ExternalForce::RightGRF Data source being set to SRRun01_grf
[info] ExternalForce::LeftGRF Data source being set to SRRun01_grf
[info] Storage: read data file = SRRun01_grf.mot (nr=10005 nc=19)
[info] ExternalForce::RightGRF Data source being set to SRRun01_grf
[info] ExternalForce::LeftGRF Data source being set to SRRun01_grf
[info] Storage: read data file = SRRun01_grf.mot (nr=10005 nc=19)
[info] ExternalForce::RightGRF Data source being set to SRRun01_grf
[info] ExternalForce::LeftGRF Data source being set to SRRun01_grf
[info] Storage: read data file = SRRun01_grf.mot (nr=10005 nc=19)
[info] ExternalForce::RightGRF Data source being set to SRRun01_grf
[info] ExternalForce::LeftGRF Data source being set to SRRun01_grf
[info] Storage: read data file = SRRun01_grf.mot (nr=10005 nc=19)
[info] ExternalForce::RightGRF Data source being set to SRRun01_grf
[info] ExternalForce::LeftGRF Data source being set to SRRun01_grf
[info] Storage: read data file = SRRun01_grf.mot (nr=10005 nc=19)
[info] ExternalForce::RightGRF Data source being set to SRRun01_grf
[info] ExternalForce::LeftGRF Data source being set to SRRun01_grf
[info] Storage: read data file = SRRun01_grf.mot (nr=10005 nc=19)
[info] ExternalForce::RightGRF Data source being set to SRRun01_grf
[info] ExternalForce::LeftGRF Data source being set to SRRun01_grf
[info] Storage: read data file = SRRun01_grf.mot (nr=10005 nc=19)
[info] ExternalForce::RightGRF Data source being set to SRRun01_grf
[info] ExternalForce::LeftGRF Data source being set to SRRun01_grf
[info] Storage: read data file = SRRun01_grf.mot (nr=10005 nc=19)
[info] ExternalForce::RightGRF Data source being set to SRRun01_grf
[info] ExternalForce::LeftGRF Data source being set to SRRun01_grf
[info] Storage: read data file = SRRun01_grf.mot (nr=10005 nc=19)
[info] ExternalForce::RightGRF Data source being set to SRRun01_grf
[info] ExternalForce::LeftGRF Data source being set to SRRun01_grf
[info] Storage: read data file = SRRun01_grf.mot (nr=10005 nc=19)
[info] ExternalForce::RightGRF Data source being set to SRRun01_grf
[info] ExternalForce::LeftGRF Data source being set to SRRun01_grf
[info] Storage: read data file = SRRun01_grf.mot (nr=10005 nc=19)
[info] ExternalForce::RightGRF Data source being set to SRRun01_grf
[info] ExternalForce::LeftGRF Data source being set to SRRun01_grf
[info] Storage: read data file = SRRun01_grf.mot (nr=10005 nc=19)
[info] ExternalForce::RightGRF Data source being set to SRRun01_grf
[info] ExternalForce::LeftGRF Data source being set to SRRun01_grf
[info] Storage: read data file = SRRun01_grf.mot (nr=10005 nc=19)
[info] ExternalForce::RightGRF Data source being set to SRRun01_grf
[info] ExternalForce::LeftGRF Data source being set to SRRun01_grf
[info] Storage: read data file = SRRun01_grf.mot (nr=10005 nc=19)
[info] ExternalForce::RightGRF Data source being set to SRRun01_grf
[info] ExternalForce::LeftGRF Data source being set to SRRun01_grf
[info] Storage: read data file = SRRun01_grf.mot (nr=10005 nc=19)
[info] ExternalForce::RightGRF Data source being set to SRRun01_grf
[info] ExternalForce::LeftGRF Data source being set to SRRun01_grf
[info] Storage: read data file = SRRun01_grf.mot (nr=10005 nc=19)
[info] ExternalForce::RightGRF Data source being set to SRRun01_grf
[info] ExternalForce::LeftGRF Data source being set to SRRun01_grf
[info] Storage: read data file = SRRun01_grf.mot (nr=10005 nc=19)
[info] ExternalForce::RightGRF Data source being set to SRRun01_grf
[info] ExternalForce::LeftGRF Data source being set to SRRun01_grf
[info] Storage: read data file = SRRun01_grf.mot (nr=10005 nc=19)
[info] ExternalForce::RightGRF Data source being set to SRRun01_grf
[info] ExternalForce::LeftGRF Data source being set to SRRun01_grf
[info] Storage: read data file = SRRun01_grf.mot (nr=10005 nc=19)
[info] ExternalForce::RightGRF Data source being set to SRRun01_grf
[info] ExternalForce::LeftGRF Data source being set to SRRun01_grf
[info] Storage: read data file = SRRun01_grf.mot (nr=10005 nc=19)
[info] ExternalForce::RightGRF Data source being set to SRRun01_grf
[info] ExternalForce::LeftGRF Data source being set to SRRun01_grf
[info] Storage: read data file = SRRun01_grf.mot (nr=10005 nc=19)
[info] ExternalForce::RightGRF Data source being set to SRRun01_grf
[info] ExternalForce::LeftGRF Data source being set to SRRun01_grf
[info] Storage: read data file = SRRun01_grf.mot (nr=10005 nc=19)
[info] ExternalForce::RightGRF Data source being set to SRRun01_grf
[info] ExternalForce::LeftGRF Data source being set to SRRun01_grf
[info] Storage: read data file = SRRun01_grf.mot (nr=10005 nc=19)
[info] ExternalForce::RightGRF Data source being set to SRRun01_grf
[info] ExternalForce::LeftGRF Data source being set to SRRun01_grf
[info] Storage: read data file = SRRun01_grf.mot (nr=10005 nc=19)
[info] ExternalForce::RightGRF Data source being set to SRRun01_grf
[info] ExternalForce::LeftGRF Data source being set to SRRun01_grf
[info] Storage: read data file = SRRun01_grf.mot (nr=10005 nc=19)
[info] ExternalForce::RightGRF Data source being set to SRRun01_grf
[info] ExternalForce::LeftGRF Data source being set to SRRun01_grf
[info] Storage: read data file = SRRun01_grf.mot (nr=10005 nc=19)
[info] ExternalForce::RightGRF Data source being set to SRRun01_grf
[info] ExternalForce::LeftGRF Data source being set to SRRun01_grf
[info] Storage: read data file = SRRun01_grf.mot (nr=10005 nc=19)
[info] ExternalForce::RightGRF Data source being set to SRRun01_grf
[info] ExternalForce::LeftGRF Data source being set to SRRun01_grf
[info] Storage: read data file = SRRun01_grf.mot (nr=10005 nc=19)
[info] ExternalForce::RightGRF Data source being set to SRRun01_grf
[info] ExternalForce::LeftGRF Data source being set to SRRun01_grf
[info] Storage: read data file = SRRun01_grf.mot (nr=10005 nc=19)
[info] ExternalForce::RightGRF Data source being set to SRRun01_grf
[info] ExternalForce::LeftGRF Data source being set to SRRun01_grf
[info] Storage: read data file = SRRun01_grf.mot (nr=10005 nc=19)
[info] ExternalForce::RightGRF Data source being set to SRRun01_grf
[info] ExternalForce::LeftGRF Data source being set to SRRun01_grf
[info] Storage: read data file = SRRun01_grf.mot (nr=10005 nc=19)
[info] ExternalForce::RightGRF Data source being set to SRRun01_grf
[info] ExternalForce::LeftGRF Data source being set to SRRun01_grf
[info] Storage: read data file = SRRun01_grf.mot (nr=10005 nc=19)
[info] ExternalForce::RightGRF Data source being set to SRRun01_grf
[info] ExternalForce::LeftGRF Data source being set to SRRun01_grf
[info] Storage: read data file = SRRun01_grf.mot (nr=10005 nc=19)
[info] ExternalForce::RightGRF Data source being set to SRRun01_grf
[info] ExternalForce::LeftGRF Data source being set to SRRun01_grf
[info] Storage: read data file = SRRun01_grf.mot (nr=10005 nc=19)
[info] ExternalForce::RightGRF Data source being set to SRRun01_grf
[info] ExternalForce::LeftGRF Data source being set to SRRun01_grf
[info] Storage: read data file = SRRun01_grf.mot (nr=10005 nc=19)
[info] ExternalForce::RightGRF Data source being set to SRRun01_grf
[info] ExternalForce::LeftGRF Data source being set to SRRun01_grf
[info] Storage: read data file = SRRun01_grf.mot (nr=10005 nc=19)
[info] ExternalForce::RightGRF Data source being set to SRRun01_grf
[info] ExternalForce::LeftGRF Data source being set to SRRun01_grf
[info] Storage: read data file = SRRun01_grf.mot (nr=10005 nc=19)
[info] ExternalForce::RightGRF Data source being set to SRRun01_grf
[info] ExternalForce::LeftGRF Data source being set to SRRun01_grf
[info] Storage: read data file = SRRun01_grf.mot (nr=10005 nc=19)
[info] ExternalForce::RightGRF Data source being set to SRRun01_grf
[info] ExternalForce::LeftGRF Data source being set to SRRun01_grf
[info] Storage: read data file = SRRun01_grf.mot (nr=10005 nc=19)
[info] ExternalForce::RightGRF Data source being set to SRRun01_grf
[info] ExternalForce::LeftGRF Data source being set to SRRun01_grf
[info] Storage: read data file = SRRun01_grf.mot (nr=10005 nc=19)
[info] ExternalForce::RightGRF Data source being set to SRRun01_grf
[info] ExternalForce::LeftGRF Data source being set to SRRun01_grf
[info] Storage: read data file = SRRun01_grf.mot (nr=10005 nc=19)
[info] ExternalForce::RightGRF Data source being set to SRRun01_grf
[info] ExternalForce::LeftGRF Data source being set to SRRun01_grf
[info] Storage: read data file = SRRun01_grf.mot (nr=10005 nc=19)
[info] ExternalForce::RightGRF Data source being set to SRRun01_grf
[info] ExternalForce::LeftGRF Data source being set to SRRun01_grf
[info] Storage: read data file = SRRun01_grf.mot (nr=10005 nc=19)
[info] ExternalForce::RightGRF Data source being set to SRRun01_grf
[info] ExternalForce::LeftGRF Data source being set to SRRun01_grf
[info] Storage: read data file = SRRun01_grf.mot (nr=10005 nc=19)
[info] ExternalForce::RightGRF Data source being set to SRRun01_grf
[info] ExternalForce::LeftGRF Data source being set to SRRun01_grf
[info] Storage: read data file = SRRun01_grf.mot (nr=10005 nc=19)
[info] ExternalForce::RightGRF Data source being set to SRRun01_grf
[info] ExternalForce::LeftGRF Data source being set to SRRun01_grf
[info] Storage: read data file = SRRun01_grf.mot (nr=10005 nc=19)
[info] ExternalForce::RightGRF Data source being set to SRRun01_grf
[info] ExternalForce::LeftGRF Data source being set to SRRun01_grf
[info] Storage: read data file = SRRun01_grf.mot (nr=10005 nc=19)
[info] ExternalForce::RightGRF Data source being set to SRRun01_grf
[info] ExternalForce::LeftGRF Data source being set to SRRun01_grf
[info] Storage: read data file = SRRun01_grf.mot (nr=10005 nc=19)
[info] ExternalForce::RightGRF Data source being set to SRRun01_grf
[info] ExternalForce::LeftGRF Data source being set to SRRun01_grf
[info] Storage: read data file = SRRun01_grf.mot (nr=10005 nc=19)
[info] ExternalForce::RightGRF Data source being set to SRRun01_grf
[info] ExternalForce::LeftGRF Data source being set to SRRun01_grf
[info] Storage: read data file = SRRun01_grf.mot (nr=10005 nc=19)
[info] ExternalForce::RightGRF Data source being set to SRRun01_grf
[info] ExternalForce::LeftGRF Data source being set to SRRun01_grf
[info] Storage: read data file = SRRun01_grf.mot (nr=10005 nc=19)
[info] ExternalForce::RightGRF Data source being set to SRRun01_grf
[info] ExternalForce::LeftGRF Data source being set to SRRun01_grf
[info] Storage: read data file = SRRun01_grf.mot (nr=10005 nc=19)
[info] ExternalForce::RightGRF Data source being set to SRRun01_grf
[info] ExternalForce::LeftGRF Data source being set to SRRun01_grf
[info] Storage: read data file = SRRun01_grf.mot (nr=10005 nc=19)
[info] ExternalForce::RightGRF Data source being set to SRRun01_grf
[info] ExternalForce::LeftGRF Data source being set to SRRun01_grf
[info] Storage: read data file = SRRun01_grf.mot (nr=10005 nc=19)
[info] ExternalForce::RightGRF Data source being set to SRRun01_grf
[info] ExternalForce::LeftGRF Data source being set to SRRun01_grf
[info] Storage: read data file = SRRun01_grf.mot (nr=10005 nc=19)
[info] ExternalForce::RightGRF Data source being set to SRRun01_grf
[info] ExternalForce::LeftGRF Data source being set to SRRun01_grf
[info] Storage: read data file = SRRun01_grf.mot (nr=10005 nc=19)
[info] ExternalForce::RightGRF Data source being set to SRRun01_grf
[info] ExternalForce::LeftGRF Data source being set to SRRun01_grf
[info] Storage: read data file = SRRun01_grf.mot (nr=10005 nc=19)
[info] ExternalForce::RightGRF Data source being set to SRRun01_grf
[info] ExternalForce::LeftGRF Data source being set to SRRun01_grf
[info] Storage: read data file = SRRun01_grf.mot (nr=10005 nc=19)
[info] ExternalForce::RightGRF Data source being set to SRRun01_grf
[info] ExternalForce::LeftGRF Data source being set to SRRun01_grf
[info] Storage: read data file = SRRun01_grf.mot (nr=10005 nc=19)
[info] ExternalForce::RightGRF Data source being set to SRRun01_grf
[info] ExternalForce::LeftGRF Data source being set to SRRun01_grf
[info] Storage: read data file = SRRun01_grf.mot (nr=10005 nc=19)
[info] ExternalForce::RightGRF Data source being set to SRRun01_grf
[info] ExternalForce::LeftGRF Data source being set to SRRun01_grf
[info] Storage: read data file = SRRun01_grf.mot (nr=10005 nc=19)
[info] ExternalForce::RightGRF Data source being set to SRRun01_grf
[info] ExternalForce::LeftGRF Data source being set to SRRun01_grf
[info] Storage: read data file = SRRun01_grf.mot (nr=10005 nc=19)
[info] ExternalForce::RightGRF Data source being set to SRRun01_grf
[info] ExternalForce::LeftGRF Data source being set to SRRun01_grf
[info] Storage: read data file = SRRun01_grf.mot (nr=10005 nc=19)
[info] ExternalForce::RightGRF Data source being set to SRRun01_grf
[info] ExternalForce::LeftGRF Data source being set to SRRun01_grf
[info] Storage: read data file = SRRun01_grf.mot (nr=10005 nc=19)
[info] ExternalForce::RightGRF Data source being set to SRRun01_grf
[info] ExternalForce::LeftGRF Data source being set to SRRun01_grf
[info] Storage: read data file = SRRun01_grf.mot (nr=10005 nc=19)
[info] ExternalForce::RightGRF Data source being set to SRRun01_grf
[info] ExternalForce::LeftGRF Data source being set to SRRun01_grf
[info] Storage: read data file = SRRun01_grf.mot (nr=10005 nc=19)
[info] ExternalForce::RightGRF Data source being set to SRRun01_grf
[info] ExternalForce::LeftGRF Data source being set to SRRun01_grf
[info] Storage: read data file = SRRun01_grf.mot (nr=10005 nc=19)
[info] ExternalForce::RightGRF Data source being set to SRRun01_grf
[info] ExternalForce::LeftGRF Data source being set to SRRun01_grf
[info] Storage: read data file = SRRun01_grf.mot (nr=10005 nc=19)
[info] ExternalForce::RightGRF Data source being set to SRRun01_grf
[info] ExternalForce::LeftGRF Data source being set to SRRun01_grf
[info] Storage: read data file = SRRun01_grf.mot (nr=10005 nc=19)
[info] ExternalForce::RightGRF Data source being set to SRRun01_grf
[info] ExternalForce::LeftGRF Data source being set to SRRun01_grf
[info] Storage: read data file = SRRun01_grf.mot (nr=10005 nc=19)
[info] ExternalForce::RightGRF Data source being set to SRRun01_grf
[info] ExternalForce::LeftGRF Data source being set to SRRun01_grf
[info] Storage: read data file = SRRun01_grf.mot (nr=10005 nc=19)
[info] ExternalForce::RightGRF Data source being set to SRRun01_grf
[info] ExternalForce::LeftGRF Data source being set to SRRun01_grf
[info] Storage: read data file = SRRun01_grf.mot (nr=10005 nc=19)
[info] ExternalForce::RightGRF Data source being set to SRRun01_grf
[info] ExternalForce::LeftGRF Data source being set to SRRun01_grf
[info] Storage: read data file = SRRun01_grf.mot (nr=10005 nc=19)
[info] ExternalForce::RightGRF Data source being set to SRRun01_grf
[info] ExternalForce::LeftGRF Data source being set to SRRun01_grf
[info] Storage: read data file = SRRun01_grf.mot (nr=10005 nc=19)
[info] ExternalForce::RightGRF Data source being set to SRRun01_grf
[info] ExternalForce::LeftGRF Data source being set to SRRun01_grf
[info] Storage: read data file = SRRun01_grf.mot (nr=10005 nc=19)
[info] ExternalForce::RightGRF Data source being set to SRRun01_grf
[info] ExternalForce::LeftGRF Data source being set to SRRun01_grf
[info] Storage: read data file = SRRun01_grf.mot (nr=10005 nc=19)
[info] ExternalForce::RightGRF Data source being set to SRRun01_grf
[info] ExternalForce::LeftGRF Data source being set to SRRun01_grf
[info] Storage: read data file = SRRun01_grf.mot (nr=10005 nc=19)
[info] ExternalForce::RightGRF Data source being set to SRRun01_grf
[info] ExternalForce::LeftGRF Data source being set to SRRun01_grf
[info] Storage: read data file = SRRun01_grf.mot (nr=10005 nc=19)
[info] ExternalForce::RightGRF Data source being set to SRRun01_grf
[info] ExternalForce::LeftGRF Data source being set to SRRun01_grf
[info] Storage: read data file = SRRun01_grf.mot (nr=10005 nc=19)
[info] ExternalForce::RightGRF Data source being set to SRRun01_grf
[info] ExternalForce::LeftGRF Data source being set to SRRun01_grf
[info] Storage: read data file = SRRun01_grf.mot (nr=10005 nc=19)
[info] ExternalForce::RightGRF Data source being set to SRRun01_grf
[info] ExternalForce::LeftGRF Data source being set to SRRun01_grf
[info] Storage: read data file = SRRun01_grf.mot (nr=10005 nc=19)
[info] ExternalForce::RightGRF Data source being set to SRRun01_grf
[info] ExternalForce::LeftGRF Data source being set to SRRun01_grf
[info] Storage: read data file = SRRun01_grf.mot (nr=10005 nc=19)
[info] ExternalForce::RightGRF Data source being set to SRRun01_grf
[info] ExternalForce::LeftGRF Data source being set to SRRun01_grf
[info] Storage: read data file = SRRun01_grf.mot (nr=10005 nc=19)
[info] ExternalForce::RightGRF Data source being set to SRRun01_grf
[info] ExternalForce::LeftGRF Data source being set to SRRun01_grf
[info] Storage: read data file = SRRun01_grf.mot (nr=10005 nc=19)
[info] ExternalForce::RightGRF Data source being set to SRRun01_grf
[info] ExternalForce::LeftGRF Data source being set to SRRun01_grf
[info] Storage: read data file = SRRun01_grf.mot (nr=10005 nc=19)
[info] ExternalForce::RightGRF Data source being set to SRRun01_grf
[info] ExternalForce::LeftGRF Data source being set to SRRun01_grf
[info] Storage: read data file = SRRun01_grf.mot (nr=10005 nc=19)
[info] ExternalForce::RightGRF Data source being set to SRRun01_grf
[info] ExternalForce::LeftGRF Data source being set to SRRun01_grf
[info] Storage: read data file = SRRun01_grf.mot (nr=10005 nc=19)
[info] ExternalForce::RightGRF Data source being set to SRRun01_grf
[info] ExternalForce::LeftGRF Data source being set to SRRun01_grf
[info] Storage: read data file = SRRun01_grf.mot (nr=10005 nc=19)
[info] ExternalForce::RightGRF Data source being set to SRRun01_grf
[info] ExternalForce::LeftGRF Data source being set to SRRun01_grf
[info] Storage: read data file = SRRun01_grf.mot (nr=10005 nc=19)
[info] ExternalForce::RightGRF Data source being set to SRRun01_grf
[info] ExternalForce::LeftGRF Data source being set to SRRun01_grf
[info] Storage: read data file = SRRun01_grf.mot (nr=10005 nc=19)
[info] ExternalForce::RightGRF Data source being set to SRRun01_grf
[info] ExternalForce::LeftGRF Data source being set to SRRun01_grf
[info] Storage: read data file = SRRun01_grf.mot (nr=10005 nc=19)
[info] ExternalForce::RightGRF Data source being set to SRRun01_grf
[info] ExternalForce::LeftGRF Data source being set to SRRun01_grf
[info] Storage: read data file = SRRun01_grf.mot (nr=10005 nc=19)
[info] ExternalForce::RightGRF Data source being set to SRRun01_grf
[info] ExternalForce::LeftGRF Data source being set to SRRun01_grf
[info] Storage: read data file = SRRun01_grf.mot (nr=10005 nc=19)
[info] ExternalForce::RightGRF Data source being set to SRRun01_grf
[info] ExternalForce::LeftGRF Data source being set to SRRun01_grf
[info] Storage: read data file = SRRun01_grf.mot (nr=10005 nc=19)
[info] ExternalForce::RightGRF Data source being set to SRRun01_grf
[info] ExternalForce::LeftGRF Data source being set to SRRun01_grf
[info] Storage: read data file = SRRun01_grf.mot (nr=10005 nc=19)
[info] ExternalForce::RightGRF Data source being set to SRRun01_grf
[info] ExternalForce::LeftGRF Data source being set to SRRun01_grf
[info] ========================================================================
[info] MocoCasADiSolver starting.
[info] Tue Jun  2 20:15:22 2026
[info] ------------------------------------------------------------------------
[info] Costs: (total: 2)
[info]   marker_tracking. MocoMarkerTrackingGoal, enabled: true, mode: cost, weight: 10
[info]         allow unused references: 
[info]         tracked marker(s):
[info]             C7, weight: 1
[info]             T10, weight: 1
[info]             CLAV, weight: 1
[info]             LSHO, weight: 1
[info]             RSHO, weight: 1
[info]             LASIS, weight: 5
[info]             RASIS, weight: 5
[info]             LPSIS, weight: 5
[info]             RPSIS, weight: 5
[info]             LILCR, weight: 2.5
[info]             RILCR, weight: 2.5
[info]             LGTR, weight: 1
[info]             LTHI, weight: 5
[info]             LLTHI, weight: 5
[info]             LLEP, weight: 1
[info]             LPSH, weight: 5
[info]             LLSH, weight: 5
[info]             LDSH, weight: 5
[info]             LLMAL, weight: 1
[info]             LTOE, weight: 10
[info]             L5TH, weight: 10
[info]             LHEE, weight: 5
[info]             RGTR, weight: 1
[info]             RTHI, weight: 5
[info]             RLTHI, weight: 5
[info]             RLEP, weight: 1
[info]             RPSH, weight: 5
[info]             RLSH, weight: 5
[info]             RDSH, weight: 5
[info]             RLMAL, weight: 1
[info]             RTOE, weight: 10
[info]             R5TH, weight: 10
[info]             RHEE, weight: 5
[info]   control_effort. MocoControlGoal, enabled: true, mode: cost, weight: 1
[info]         control: /forceset/addbrev_r, weight: 1
[info]         control: /forceset/addlong_r, weight: 1
[info]         control: /forceset/addmagDist_r, weight: 1
[info]         control: /forceset/addmagIsch_r, weight: 1
[info]         control: /forceset/addmagMid_r, weight: 1
[info]         control: /forceset/addmagProx_r, weight: 1
[info]         control: /forceset/bflh_r, weight: 1
[info]         control: /forceset/bfsh_r, weight: 1
[info]         control: /forceset/edl_r, weight: 1
[info]         control: /forceset/ehl_r, weight: 1
[info]         control: /forceset/fdl_r, weight: 1
[info]         control: /forceset/fhl_r, weight: 1
[info]         control: /forceset/gaslat_r, weight: 1
[info]         control: /forceset/gasmed_r, weight: 1
[info]         control: /forceset/glmax1_r, weight: 1
[info]         control: /forceset/glmax2_r, weight: 1
[info]         control: /forceset/glmax3_r, weight: 1
[info]         control: /forceset/glmed1_r, weight: 1
[info]         control: /forceset/glmed2_r, weight: 1
[info]         control: /forceset/glmed3_r, weight: 1
[info]         control: /forceset/glmin1_r, weight: 1
[info]         control: /forceset/glmin2_r, weight: 1
[info]         control: /forceset/glmin3_r, weight: 1
[info]         control: /forceset/grac_r, weight: 1
[info]         control: /forceset/iliacus_r, weight: 1
[info]         control: /forceset/perbrev_r, weight: 1
[info]         control: /forceset/perlong_r, weight: 1
[info]         control: /forceset/piri_r, weight: 1
[info]         control: /forceset/psoas_r, weight: 1
[info]         control: /forceset/recfem_r, weight: 1
[info]         control: /forceset/sart_r, weight: 1
[info]         control: /forceset/semimem_r, weight: 1
[info]         control: /forceset/semiten_r, weight: 1
[info]         control: /forceset/soleus_r, weight: 1
[info]         control: /forceset/tfl_r, weight: 1
[info]         control: /forceset/tibant_r, weight: 1
[info]         control: /forceset/tibpost_r, weight: 1
[info]         control: /forceset/vasint_r, weight: 1
[info]         control: /forceset/vaslat_r, weight: 1
[info]         control: /forceset/vasmed_r, weight: 1
[info]         control: /forceset/pelvis_tx_residual, weight: 10
[info]         control: /forceset/pelvis_ty_residual, weight: 10
[info]         control: /forceset/pelvis_tz_residual, weight: 10
[info]         control: /forceset/pelvis_tilt_residual, weight: 10
[info]         control: /forceset/pelvis_list_residual, weight: 10
[info]         control: /forceset/pelvis_rotation_residual, weight: 10
[info]         control: /forceset/hip_flexion_r_reserve, weight: 5
[info]         control: /forceset/hip_adduction_r_reserve, weight: 5
[info]         control: /forceset/hip_rotation_r_reserve, weight: 5
[info]         control: /forceset/knee_angle_r_reserve, weight: 5
[info]         control: /forceset/ankle_angle_r_reserve, weight: 5
[info]         control: /forceset/subtalar_angle_r_reserve, weight: 5
[info]         control: /forceset/hip_flexion_l_torque, weight: 0.01
[info]         control: /forceset/hip_adduction_l_torque, weight: 0.01
[info]         control: /forceset/hip_rotation_l_torque, weight: 0.01
[info]         control: /forceset/knee_angle_l_torque, weight: 0.01
[info]         control: /forceset/ankle_angle_l_torque, weight: 0.01
[info]         control: /forceset/subtalar_angle_l_torque, weight: 0.01
[info] Endpoint constraints: (total: 1)
[info]   initial_activation. MocoInitialActivationGoal, enabled: true, mode: endpoint_constraint
[info] Kinematic constraints: (total: 2)
[info]   kinematic_constraint_cid20. MocoConstraintInfo. number of scalar equations: 3. bounds: 0, 0, 0
[info]   kinematic_constraint_cid21. MocoConstraintInfo. number of scalar equations: 3. bounds: 0, 0, 0
[info] Path constraints: none
[info] States: (total: 80)
[info]   /jointset/subtalar_l/subtalar_angle_l/speed. bounds: [-50, 50]
[info]   /jointset/patellofemoral_l/knee_angle_l_beta/speed. bounds: [-50, 50]
[info]   /jointset/walker_knee_l/knee_angle_l/speed. bounds: [-50, 50]
[info]   /jointset/hip_l/hip_adduction_l/speed. bounds: [-50, 50]
[info]   /jointset/hip_l/hip_flexion_l/speed. bounds: [-50, 50]
[info]   /jointset/subtalar_r/subtalar_angle_r/speed. bounds: [-50, 50]
[info]   /jointset/ankle_r/ankle_angle_r/speed. bounds: [-50, 50]
[info]   /jointset/patellofemoral_r/knee_angle_r_beta/speed. bounds: [-50, 50]
[info]   /jointset/patellofemoral_l/knee_angle_l_beta/value. bounds: [-99999.9, 99999.9]
[info]   /jointset/patellofemoral_r/knee_angle_r_beta/value. bounds: [-99999.9, 99999.9]
[info]   /jointset/ground_pelvis/pelvis_tx/speed. bounds: [-50, 50]
[info]   /jointset/ground_pelvis/pelvis_rotation/speed. bounds: [-50, 50]
[info]   /jointset/subtalar_l/subtalar_angle_l/value. bounds: [-0.650313, 0.17779] initial: [-0.562492, -0.325891]
[info]   /jointset/ground_pelvis/pelvis_ty/speed. bounds: [-50, 50]
[info]   /jointset/ground_pelvis/pelvis_tilt/speed. bounds: [-50, 50]
[info]   /jointset/ankle_l/ankle_angle_l/value. bounds: [-0.67019, 0.632087] initial: [-0.282501, 0.0895776]
[info]   /jointset/hip_r/hip_adduction_r/speed. bounds: [-50, 50]
[info]   /jointset/hip_l/hip_rotation_l/value. bounds: [-0.252167, 0.336461] initial: [0.0297646, 0.197944]
[info]   /jointset/hip_l/hip_flexion_l/value. bounds: [-0.401619, 0.958759] initial: [0.540447, 0.929127]
[info]   /jointset/subtalar_r/subtalar_angle_r/value. bounds: [-0.698132, -0.0830747] initial: [-0.261542, -0.0830747]
[info]   /jointset/ground_pelvis/pelvis_tz/speed. bounds: [-50, 50]
[info]   /jointset/hip_r/hip_rotation_r/value. bounds: [-0.150577, 0.2693] initial: [0.00762849, 0.127593]
[info]   /jointset/ground_pelvis/pelvis_tz/value. bounds: [-0.366538, -0.31924] initial: [-0.343443, -0.329929]
[info]   /jointset/ground_pelvis/pelvis_rotation/value. bounds: [-0.236366, 0.15368] initial: [-0.0334796, 0.0779618]
[info]   /jointset/walker_knee_l/knee_angle_l/value. bounds: [0, 1.96025] initial: [0.865583, 1.48089]
[info]   /jointset/ground_pelvis/pelvis_list/value. bounds: [-0.292955, 0.14414] initial: [-0.121085, 0.00379898]
[info]   /jointset/ground_pelvis/pelvis_tilt/value. bounds: [-0.340101, -0.121138] initial: [-0.270481, -0.20792]
[info]   /forceset/vasmed_r/activation. bounds: [0.01, 1]
[info]   /forceset/vaslat_r/activation. bounds: [0.01, 1]
[info]   /forceset/vasint_r/activation. bounds: [0.01, 1]
[info]   /forceset/soleus_r/activation. bounds: [0.01, 1]
[info]   /jointset/ground_pelvis/pelvis_ty/value. bounds: [0.88635, 1.0234] initial: [0.945354, 0.984511]
[info]   /forceset/semiten_r/activation. bounds: [0.01, 1]
[info]   /forceset/semimem_r/activation. bounds: [0.01, 1]
[info]   /jointset/ground_pelvis/pelvis_list/speed. bounds: [-50, 50]
[info]   /forceset/recfem_r/activation. bounds: [0.01, 1]
[info]   /jointset/ankle_r/ankle_angle_r/value. bounds: [-0.596465, 0.615281] initial: [-0.0502602, 0.295953]
[info]   /forceset/psoas_r/activation. bounds: [0.01, 1]
[info]   /jointset/walker_knee_r/knee_angle_r/speed. bounds: [-50, 50]
[info]   /jointset/hip_l/hip_adduction_l/value. bounds: [-0.478795, 0.263073] initial: [-0.173819, 0.0381429]
[info]   /forceset/tibpost_r/activation. bounds: [0.01, 1]
[info]   /forceset/perlong_r/activation. bounds: [0.01, 1]
[info]   /forceset/perbrev_r/activation. bounds: [0.01, 1]
[info]   /jointset/hip_r/hip_rotation_r/speed. bounds: [-50, 50]
[info]   /jointset/hip_r/hip_flexion_r/speed. bounds: [-50, 50]
[info]   /forceset/iliacus_r/activation. bounds: [0.01, 1]
[info]   /forceset/sart_r/activation. bounds: [0.01, 1]
[info]   /forceset/grac_r/activation. bounds: [0.01, 1]
[info]   /forceset/glmin3_r/activation. bounds: [0.01, 1]
[info]   /jointset/ankle_l/ankle_angle_l/speed. bounds: [-50, 50]
[info]   /forceset/glmin2_r/activation. bounds: [0.01, 1]
[info]   /jointset/walker_knee_r/knee_angle_r/value. bounds: [0, 2.08953] initial: [0.0514369, 0.69424]
[info]   /forceset/glmin1_r/activation. bounds: [0.01, 1]
[info]   /forceset/glmed3_r/activation. bounds: [0.01, 1]
[info]   /forceset/glmed1_r/activation. bounds: [0.01, 1]
[info]   /forceset/piri_r/activation. bounds: [0.01, 1]
[info]   /forceset/glmax3_r/activation. bounds: [0.01, 1]
[info]   /forceset/glmax2_r/activation. bounds: [0.01, 1]
[info]   /forceset/tfl_r/activation. bounds: [0.01, 1]
[info]   /forceset/glmax1_r/activation. bounds: [0.01, 1]
[info]   /forceset/gasmed_r/activation. bounds: [0.01, 1]
[info]   /forceset/gaslat_r/activation. bounds: [0.01, 1]
[info]   /forceset/fhl_r/activation. bounds: [0.01, 1]
[info]   /forceset/fdl_r/activation. bounds: [0.01, 1]
[info]   /forceset/ehl_r/activation. bounds: [0.01, 1]
[info]   /forceset/tibant_r/activation. bounds: [0.01, 1]
[info]   /forceset/edl_r/activation. bounds: [0.01, 1]
[info]   /jointset/hip_r/hip_flexion_r/value. bounds: [-0.37297, 0.893906] initial: [-0.151699, 0.210265]
[info]   /jointset/ground_pelvis/pelvis_tx/value. bounds: [1.06246, 1.1432] initial: [1.09837, 1.12144]
[info]   /forceset/bfsh_r/activation. bounds: [0.01, 1]
[info]   /forceset/bflh_r/activation. bounds: [0.01, 1]
[info]   /forceset/addmagProx_r/activation. bounds: [0.01, 1]
[info]   /jointset/hip_l/hip_rotation_l/speed. bounds: [-50, 50]
[info]   /jointset/hip_r/hip_adduction_r/value. bounds: [-0.246549, 0.423828] initial: [0.0123753, 0.203912]
[info]   /forceset/addmagMid_r/activation. bounds: [0.01, 1]
[info]   /forceset/glmed2_r/activation. bounds: [0.01, 1]
[info]   /forceset/addmagIsch_r/activation. bounds: [0.01, 1]
[info]   /forceset/addmagDist_r/activation. bounds: [0.01, 1]
[info]   /forceset/addlong_r/activation. bounds: [0.01, 1]
[info]   /forceset/addbrev_r/activation. bounds: [0.01, 1]
[info] Controls: (total: 58)
[info]   /forceset/subtalar_angle_l_torque. bounds: [-inf, inf]
[info]   /forceset/ankle_angle_l_torque. bounds: [-inf, inf]
[info]   /forceset/knee_angle_l_torque. bounds: [-inf, inf]
[info]   /forceset/hip_rotation_l_torque. bounds: [-inf, inf]
[info]   /forceset/subtalar_angle_r_reserve. bounds: [-inf, inf]
[info]   /forceset/hip_rotation_r_reserve. bounds: [-inf, inf]
[info]   /forceset/knee_angle_r_reserve. bounds: [-inf, inf]
[info]   /forceset/pelvis_rotation_residual. bounds: [-inf, inf]
[info]   /forceset/pelvis_list_residual. bounds: [-inf, inf]
[info]   /forceset/pelvis_tz_residual. bounds: [-inf, inf]
[info]   /forceset/pelvis_tx_residual. bounds: [-inf, inf]
[info]   /forceset/psoas_r. bounds: [0.001, 1]
[info]   /forceset/perlong_r. bounds: [0.001, 1]
[info]   /forceset/glmed3_r. bounds: [0.001, 1]
[info]   /forceset/perbrev_r. bounds: [0.001, 1]
[info]   /forceset/iliacus_r. bounds: [0.001, 1]
[info]   /forceset/grac_r. bounds: [0.001, 1]
[info]   /forceset/vasint_r. bounds: [0.001, 1]
[info]   /forceset/hip_flexion_l_torque. bounds: [-inf, inf]
[info]   /forceset/glmin3_r. bounds: [0.001, 1]
[info]   /forceset/bfsh_r. bounds: [0.001, 1]
[info]   /forceset/glmin2_r. bounds: [0.001, 1]
[info]   /forceset/glmax3_r. bounds: [0.001, 1]
[info]   /forceset/ankle_angle_r_reserve. bounds: [-inf, inf]
[info]   /forceset/glmin1_r. bounds: [0.001, 1]
[info]   /forceset/glmed2_r. bounds: [0.001, 1]
[info]   /forceset/fhl_r. bounds: [0.001, 1]
[info]   /forceset/piri_r. bounds: [0.001, 1]
[info]   /forceset/addlong_r. bounds: [0.001, 1]
[info]   /forceset/addmagProx_r. bounds: [0.001, 1]
[info]   /forceset/gaslat_r. bounds: [0.001, 1]
[info]   /forceset/addmagDist_r. bounds: [0.001, 1]
[info]   /forceset/pelvis_tilt_residual. bounds: [-inf, inf]
[info]   /forceset/glmax1_r. bounds: [0.001, 1]
[info]   /forceset/edl_r. bounds: [0.001, 1]
[info]   /forceset/hip_adduction_l_torque. bounds: [-inf, inf]
[info]   /forceset/addmagIsch_r. bounds: [0.001, 1]
[info]   /forceset/bflh_r. bounds: [0.001, 1]
[info]   /forceset/pelvis_ty_residual. bounds: [-inf, inf]
[info]   /forceset/addmagMid_r. bounds: [0.001, 1]
[info]   /forceset/hip_adduction_r_reserve. bounds: [-inf, inf]
[info]   /forceset/hip_flexion_r_reserve. bounds: [-inf, inf]
[info]   /forceset/gasmed_r. bounds: [0.001, 1]
[info]   /forceset/ehl_r. bounds: [0.001, 1]
[info]   /forceset/glmed1_r. bounds: [0.001, 1]
[info]   /forceset/glmax2_r. bounds: [0.001, 1]
[info]   /forceset/vasmed_r. bounds: [0.001, 1]
[info]   /forceset/addbrev_r. bounds: [0.001, 1]
[info]   /forceset/semiten_r. bounds: [0.001, 1]
[info]   /forceset/fdl_r. bounds: [0.001, 1]
[info]   /forceset/recfem_r. bounds: [0.001, 1]
[info]   /forceset/tibpost_r. bounds: [0.001, 1]
[info]   /forceset/sart_r. bounds: [0.001, 1]
[info]   /forceset/semimem_r. bounds: [0.001, 1]
[info]   /forceset/soleus_r. bounds: [0.001, 1]
[info]   /forceset/tfl_r. bounds: [0.001, 1]
[info]   /forceset/tibant_r. bounds: [0.001, 1]
[info]   /forceset/vaslat_r. bounds: [0.001, 1]
[info] Input controls: none
[info] Parameters: none
[info] Storage: read data file = SRRun01_grf.mot (nr=10005 nc=19)
[info] ExternalForce::RightGRF Data source being set to SRRun01_grf
[info] ExternalForce::LeftGRF Data source being set to SRRun01_grf
[info] Storage: read data file = SRRun01_grf.mot (nr=10005 nc=19)
[info] ExternalForce::RightGRF Data source being set to SRRun01_grf
[info] ExternalForce::LeftGRF Data source being set to SRRun01_grf
[info] Storage: read data file = SRRun01_grf.mot (nr=10005 nc=19)
[info] ExternalForce::RightGRF Data source being set to SRRun01_grf
[info] ExternalForce::LeftGRF Data source being set to SRRun01_grf
[info] Storage: read data file = SRRun01_grf.mot (nr=10005 nc=19)
[info] ExternalForce::RightGRF Data source being set to SRRun01_grf
[info] ExternalForce::LeftGRF Data source being set to SRRun01_grf
[info] Storage: read data file = SRRun01_grf.mot (nr=10005 nc=19)
[info] ExternalForce::RightGRF Data source being set to SRRun01_grf
[info] ExternalForce::LeftGRF Data source being set to SRRun01_grf
[info] Storage: read data file = SRRun01_grf.mot (nr=10005 nc=19)
[info] ExternalForce::RightGRF Data source being set to SRRun01_grf
[info] ExternalForce::LeftGRF Data source being set to SRRun01_grf
[info] Storage: read data file = SRRun01_grf.mot (nr=10005 nc=19)
[info] ExternalForce::RightGRF Data source being set to SRRun01_grf
[info] ExternalForce::LeftGRF Data source being set to SRRun01_grf
[info] Storage: read data file = SRRun01_grf.mot (nr=10005 nc=19)
[info] ExternalForce::RightGRF Data source being set to SRRun01_grf
[info] ExternalForce::LeftGRF Data source being set to SRRun01_grf
[info] Storage: read data file = SRRun01_grf.mot (nr=10005 nc=19)
[info] ExternalForce::RightGRF Data source being set to SRRun01_grf
[info] ExternalForce::LeftGRF Data source being set to SRRun01_grf
[info] Storage: read data file = SRRun01_grf.mot (nr=10005 nc=19)
[info] ExternalForce::RightGRF Data source being set to SRRun01_grf
[info] ExternalForce::LeftGRF Data source being set to SRRun01_grf
[info] Storage: read data file = SRRun01_grf.mot (nr=10005 nc=19)
[info] ExternalForce::RightGRF Data source being set to SRRun01_grf
[info] ExternalForce::LeftGRF Data source being set to SRRun01_grf
[info] Storage: read data file = SRRun01_grf.mot (nr=10005 nc=19)
[info] ExternalForce::RightGRF Data source being set to SRRun01_grf
[info] ExternalForce::LeftGRF Data source being set to SRRun01_grf
[info] Storage: read data file = SRRun01_grf.mot (nr=10005 nc=19)
[info] ExternalForce::RightGRF Data source being set to SRRun01_grf
[info] ExternalForce::LeftGRF Data source being set to SRRun01_grf
[info] Storage: read data file = SRRun01_grf.mot (nr=10005 nc=19)
[info] ExternalForce::RightGRF Data source being set to SRRun01_grf
[info] ExternalForce::LeftGRF Data source being set to SRRun01_grf
[info] Storage: read data file = SRRun01_grf.mot (nr=10005 nc=19)
[info] ExternalForce::RightGRF Data source being set to SRRun01_grf
[info] ExternalForce::LeftGRF Data source being set to SRRun01_grf
[info] Storage: read data file = SRRun01_grf.mot (nr=10005 nc=19)
[info] ExternalForce::RightGRF Data source being set to SRRun01_grf
[info] ExternalForce::LeftGRF Data source being set to SRRun01_grf
[info] Storage: read data file = SRRun01_grf.mot (nr=10005 nc=19)
[info] ExternalForce::RightGRF Data source being set to SRRun01_grf
[info] ExternalForce::LeftGRF Data source being set to SRRun01_grf
[info] Storage: read data file = SRRun01_grf.mot (nr=10005 nc=19)
[info] ExternalForce::RightGRF Data source being set to SRRun01_grf
[info] ExternalForce::LeftGRF Data source being set to SRRun01_grf
[info] Storage: read data file = SRRun01_grf.mot (nr=10005 nc=19)
[info] ExternalForce::RightGRF Data source being set to SRRun01_grf
[info] ExternalForce::LeftGRF Data source being set to SRRun01_grf
[info] Storage: read data file = SRRun01_grf.mot (nr=10005 nc=19)
[info] ExternalForce::RightGRF Data source being set to SRRun01_grf
[info] ExternalForce::LeftGRF Data source being set to SRRun01_grf
[info] Storage: read data file = SRRun01_grf.mot (nr=10005 nc=19)
[info] ExternalForce::RightGRF Data source being set to SRRun01_grf
[info] ExternalForce::LeftGRF Data source being set to SRRun01_grf
[info] Storage: read data file = SRRun01_grf.mot (nr=10005 nc=19)
[info] ExternalForce::RightGRF Data source being set to SRRun01_grf
[info] ExternalForce::LeftGRF Data source being set to SRRun01_grf
[info] Storage: read data file = SRRun01_grf.mot (nr=10005 nc=19)
[info] ExternalForce::RightGRF Data source being set to SRRun01_grf
[info] ExternalForce::LeftGRF Data source being set to SRRun01_grf
[info] Storage: read data file = SRRun01_grf.mot (nr=10005 nc=19)
[info] ExternalForce::RightGRF Data source being set to SRRun01_grf
[info] ExternalForce::LeftGRF Data source being set to SRRun01_grf
[info] Storage: read data file = SRRun01_grf.mot (nr=10005 nc=19)
[info] ExternalForce::RightGRF Data source being set to SRRun01_grf
[info] ExternalForce::LeftGRF Data source being set to SRRun01_grf
[info] Storage: read data file = SRRun01_grf.mot (nr=10005 nc=19)
[info] ExternalForce::RightGRF Data source being set to SRRun01_grf
[info] ExternalForce::LeftGRF Data source being set to SRRun01_grf
[info] Storage: read data file = SRRun01_grf.mot (nr=10005 nc=19)
[info] ExternalForce::RightGRF Data source being set to SRRun01_grf
[info] ExternalForce::LeftGRF Data source being set to SRRun01_grf
[info] Storage: read data file = SRRun01_grf.mot (nr=10005 nc=19)
[info] ExternalForce::RightGRF Data source being set to SRRun01_grf
[info] ExternalForce::LeftGRF Data source being set to SRRun01_grf
[info] Storage: read data file = SRRun01_grf.mot (nr=10005 nc=19)
[info] ExternalForce::RightGRF Data source being set to SRRun01_grf
[info] ExternalForce::LeftGRF Data source being set to SRRun01_grf
[info] Storage: read data file = SRRun01_grf.mot (nr=10005 nc=19)
[info] ExternalForce::RightGRF Data source being set to SRRun01_grf
[info] ExternalForce::LeftGRF Data source being set to SRRun01_grf
[info] Storage: read data file = SRRun01_grf.mot (nr=10005 nc=19)
[info] ExternalForce::RightGRF Data source being set to SRRun01_grf
[info] ExternalForce::LeftGRF Data source being set to SRRun01_grf
[info] Storage: read data file = SRRun01_grf.mot (nr=10005 nc=19)
[info] ExternalForce::RightGRF Data source being set to SRRun01_grf
[info] ExternalForce::LeftGRF Data source being set to SRRun01_grf
[info] Storage: read data file = SRRun01_grf.mot (nr=10005 nc=19)
[info] ExternalForce::RightGRF Data source being set to SRRun01_grf
[info] ExternalForce::LeftGRF Data source being set to SRRun01_grf
[info] Storage: read data file = SRRun01_grf.mot (nr=10005 nc=19)
[info] ExternalForce::RightGRF Data source being set to SRRun01_grf
[info] ExternalForce::LeftGRF Data source being set to SRRun01_grf
[info] Storage: read data file = SRRun01_grf.mot (nr=10005 nc=19)
[info] ExternalForce::RightGRF Data source being set to SRRun01_grf
[info] ExternalForce::LeftGRF Data source being set to SRRun01_grf
[info] Storage: read data file = SRRun01_grf.mot (nr=10005 nc=19)
[info] ExternalForce::RightGRF Data source being set to SRRun01_grf
[info] ExternalForce::LeftGRF Data source being set to SRRun01_grf
[info] Storage: read data file = SRRun01_grf.mot (nr=10005 nc=19)
[info] ExternalForce::RightGRF Data source being set to SRRun01_grf
[info] ExternalForce::LeftGRF Data source being set to SRRun01_grf
[info] Storage: read data file = SRRun01_grf.mot (nr=10005 nc=19)
[info] ExternalForce::RightGRF Data source being set to SRRun01_grf
[info] ExternalForce::LeftGRF Data source being set to SRRun01_grf
[info] Storage: read data file = SRRun01_grf.mot (nr=10005 nc=19)
[info] ExternalForce::RightGRF Data source being set to SRRun01_grf
[info] ExternalForce::LeftGRF Data source being set to SRRun01_grf
[info] Storage: read data file = SRRun01_grf.mot (nr=10005 nc=19)
[info] ExternalForce::RightGRF Data source being set to SRRun01_grf
[info] ExternalForce::LeftGRF Data source being set to SRRun01_grf
[info] Storage: read data file = SRRun01_grf.mot (nr=10005 nc=19)
[info] ExternalForce::RightGRF Data source being set to SRRun01_grf
[info] ExternalForce::LeftGRF Data source being set to SRRun01_grf
[info] Storage: read data file = SRRun01_grf.mot (nr=10005 nc=19)
[info] ExternalForce::RightGRF Data source being set to SRRun01_grf
[info] ExternalForce::LeftGRF Data source being set to SRRun01_grf
[info] Storage: read data file = SRRun01_grf.mot (nr=10005 nc=19)
[info] ExternalForce::RightGRF Data source being set to SRRun01_grf
[info] ExternalForce::LeftGRF Data source being set to SRRun01_grf
[info] Storage: read data file = SRRun01_grf.mot (nr=10005 nc=19)
[info] ExternalForce::RightGRF Data source being set to SRRun01_grf
[info] ExternalForce::LeftGRF Data source being set to SRRun01_grf
[info] Storage: read data file = SRRun01_grf.mot (nr=10005 nc=19)
[info] ExternalForce::RightGRF Data source being set to SRRun01_grf
[info] ExternalForce::LeftGRF Data source being set to SRRun01_grf
[info] Storage: read data file = SRRun01_grf.mot (nr=10005 nc=19)
[info] ExternalForce::RightGRF Data source being set to SRRun01_grf
[info] ExternalForce::LeftGRF Data source being set to SRRun01_grf
[info] Storage: read data file = SRRun01_grf.mot (nr=10005 nc=19)
[info] ExternalForce::RightGRF Data source being set to SRRun01_grf
[info] ExternalForce::LeftGRF Data source being set to SRRun01_grf
[info] Storage: read data file = SRRun01_grf.mot (nr=10005 nc=19)
[info] ExternalForce::RightGRF Data source being set to SRRun01_grf
[info] ExternalForce::LeftGRF Data source being set to SRRun01_grf
[info] Storage: read data file = SRRun01_grf.mot (nr=10005 nc=19)
[info] ExternalForce::RightGRF Data source being set to SRRun01_grf
[info] ExternalForce::LeftGRF Data source being set to SRRun01_grf
[info] Storage: read data file = SRRun01_grf.mot (nr=10005 nc=19)
[info] ExternalForce::RightGRF Data source being set to SRRun01_grf
[info] ExternalForce::LeftGRF Data source being set to SRRun01_grf
[info] Storage: read data file = SRRun01_grf.mot (nr=10005 nc=19)
[info] ExternalForce::RightGRF Data source being set to SRRun01_grf
[info] ExternalForce::LeftGRF Data source being set to SRRun01_grf
[info] Storage: read data file = SRRun01_grf.mot (nr=10005 nc=19)
[info] ExternalForce::RightGRF Data source being set to SRRun01_grf
[info] ExternalForce::LeftGRF Data source being set to SRRun01_grf
[info] Storage: read data file = SRRun01_grf.mot (nr=10005 nc=19)
[info] ExternalForce::RightGRF Data source being set to SRRun01_grf
[info] ExternalForce::LeftGRF Data source being set to SRRun01_grf
[info] Storage: read data file = SRRun01_grf.mot (nr=10005 nc=19)
[info] ExternalForce::RightGRF Data source being set to SRRun01_grf
[info] ExternalForce::LeftGRF Data source being set to SRRun01_grf
[info] Storage: read data file = SRRun01_grf.mot (nr=10005 nc=19)
[info] ExternalForce::RightGRF Data source being set to SRRun01_grf
[info] ExternalForce::LeftGRF Data source being set to SRRun01_grf
[info] Storage: read data file = SRRun01_grf.mot (nr=10005 nc=19)
[info] ExternalForce::RightGRF Data source being set to SRRun01_grf
[info] ExternalForce::LeftGRF Data source being set to SRRun01_grf
[info] Storage: read data file = SRRun01_grf.mot (nr=10005 nc=19)
[info] ExternalForce::RightGRF Data source being set to SRRun01_grf
[info] ExternalForce::LeftGRF Data source being set to SRRun01_grf
[info] Storage: read data file = SRRun01_grf.mot (nr=10005 nc=19)
[info] ExternalForce::RightGRF Data source being set to SRRun01_grf
[info] ExternalForce::LeftGRF Data source being set to SRRun01_grf
[info] Storage: read data file = SRRun01_grf.mot (nr=10005 nc=19)
[info] ExternalForce::RightGRF Data source being set to SRRun01_grf
[info] ExternalForce::LeftGRF Data source being set to SRRun01_grf
[info] Storage: read data file = SRRun01_grf.mot (nr=10005 nc=19)
[info] ExternalForce::RightGRF Data source being set to SRRun01_grf
[info] ExternalForce::LeftGRF Data source being set to SRRun01_grf
[info] Storage: read data file = SRRun01_grf.mot (nr=10005 nc=19)
[info] ExternalForce::RightGRF Data source being set to SRRun01_grf
[info] ExternalForce::LeftGRF Data source being set to SRRun01_grf
[info] Storage: read data file = SRRun01_grf.mot (nr=10005 nc=19)
[info] ExternalForce::RightGRF Data source being set to SRRun01_grf
[info] ExternalForce::LeftGRF Data source being set to SRRun01_grf
[info] Storage: read data file = SRRun01_grf.mot (nr=10005 nc=19)
[info] ExternalForce::RightGRF Data source being set to SRRun01_grf
[info] ExternalForce::LeftGRF Data source being set to SRRun01_grf
[info] Storage: read data file = SRRun01_grf.mot (nr=10005 nc=19)
[info] ExternalForce::RightGRF Data source being set to SRRun01_grf
[info] ExternalForce::LeftGRF Data source being set to SRRun01_grf
[info] Storage: read data file = SRRun01_grf.mot (nr=10005 nc=19)
[info] ExternalForce::RightGRF Data source being set to SRRun01_grf
[info] ExternalForce::LeftGRF Data source being set to SRRun01_grf
[info] Storage: read data file = SRRun01_grf.mot (nr=10005 nc=19)
[info] ExternalForce::RightGRF Data source being set to SRRun01_grf
[info] ExternalForce::LeftGRF Data source being set to SRRun01_grf
[info] Storage: read data file = SRRun01_grf.mot (nr=10005 nc=19)
[info] ExternalForce::RightGRF Data source being set to SRRun01_grf
[info] ExternalForce::LeftGRF Data source being set to SRRun01_grf
[info] Storage: read data file = SRRun01_grf.mot (nr=10005 nc=19)
[info] ExternalForce::RightGRF Data source being set to SRRun01_grf
[info] ExternalForce::LeftGRF Data source being set to SRRun01_grf
[info] Storage: read data file = SRRun01_grf.mot (nr=10005 nc=19)
[info] ExternalForce::RightGRF Data source being set to SRRun01_grf
[info] ExternalForce::LeftGRF Data source being set to SRRun01_grf
[info] Storage: read data file = SRRun01_grf.mot (nr=10005 nc=19)
[info] ExternalForce::RightGRF Data source being set to SRRun01_grf
[info] ExternalForce::LeftGRF Data source being set to SRRun01_grf
[info] Storage: read data file = SRRun01_grf.mot (nr=10005 nc=19)
[info] ExternalForce::RightGRF Data source being set to SRRun01_grf
[info] ExternalForce::LeftGRF Data source being set to SRRun01_grf
[info] Storage: read data file = SRRun01_grf.mot (nr=10005 nc=19)
[info] ExternalForce::RightGRF Data source being set to SRRun01_grf
[info] ExternalForce::LeftGRF Data source being set to SRRun01_grf
[info] Storage: read data file = SRRun01_grf.mot (nr=10005 nc=19)
[info] ExternalForce::RightGRF Data source being set to SRRun01_grf
[info] ExternalForce::LeftGRF Data source being set to SRRun01_grf
[info] Storage: read data file = SRRun01_grf.mot (nr=10005 nc=19)
[info] ExternalForce::RightGRF Data source being set to SRRun01_grf
[info] ExternalForce::LeftGRF Data source being set to SRRun01_grf
[info] Storage: read data file = SRRun01_grf.mot (nr=10005 nc=19)
[info] ExternalForce::RightGRF Data source being set to SRRun01_grf
[info] ExternalForce::LeftGRF Data source being set to SRRun01_grf
[info] Storage: read data file = SRRun01_grf.mot (nr=10005 nc=19)
[info] ExternalForce::RightGRF Data source being set to SRRun01_grf
[info] ExternalForce::LeftGRF Data source being set to SRRun01_grf
[info] Storage: read data file = SRRun01_grf.mot (nr=10005 nc=19)
[info] ExternalForce::RightGRF Data source being set to SRRun01_grf
[info] ExternalForce::LeftGRF Data source being set to SRRun01_grf
[info] Storage: read data file = SRRun01_grf.mot (nr=10005 nc=19)
[info] ExternalForce::RightGRF Data source being set to SRRun01_grf
[info] ExternalForce::LeftGRF Data source being set to SRRun01_grf
[info] Storage: read data file = SRRun01_grf.mot (nr=10005 nc=19)
[info] ExternalForce::RightGRF Data source being set to SRRun01_grf
[info] ExternalForce::LeftGRF Data source being set to SRRun01_grf
[info] Storage: read data file = SRRun01_grf.mot (nr=10005 nc=19)
[info] ExternalForce::RightGRF Data source being set to SRRun01_grf
[info] ExternalForce::LeftGRF Data source being set to SRRun01_grf
[info] Storage: read data file = SRRun01_grf.mot (nr=10005 nc=19)
[info] ExternalForce::RightGRF Data source being set to SRRun01_grf
[info] ExternalForce::LeftGRF Data source being set to SRRun01_grf
[info] Storage: read data file = SRRun01_grf.mot (nr=10005 nc=19)
[info] ExternalForce::RightGRF Data source being set to SRRun01_grf
[info] ExternalForce::LeftGRF Data source being set to SRRun01_grf
[info] Storage: read data file = SRRun01_grf.mot (nr=10005 nc=19)
[info] ExternalForce::RightGRF Data source being set to SRRun01_grf
[info] ExternalForce::LeftGRF Data source being set to SRRun01_grf
[info] Storage: read data file = SRRun01_grf.mot (nr=10005 nc=19)
[info] ExternalForce::RightGRF Data source being set to SRRun01_grf
[info] ExternalForce::LeftGRF Data source being set to SRRun01_grf
[info] Storage: read data file = SRRun01_grf.mot (nr=10005 nc=19)
[info] ExternalForce::RightGRF Data source being set to SRRun01_grf
[info] ExternalForce::LeftGRF Data source being set to SRRun01_grf
[info] Storage: read data file = SRRun01_grf.mot (nr=10005 nc=19)
[info] ExternalForce::RightGRF Data source being set to SRRun01_grf
[info] ExternalForce::LeftGRF Data source being set to SRRun01_grf
[info] Storage: read data file = SRRun01_grf.mot (nr=10005 nc=19)
[info] ExternalForce::RightGRF Data source being set to SRRun01_grf
[info] ExternalForce::LeftGRF Data source being set to SRRun01_grf
[info] Storage: read data file = SRRun01_grf.mot (nr=10005 nc=19)
[info] ExternalForce::RightGRF Data source being set to SRRun01_grf
[info] ExternalForce::LeftGRF Data source being set to SRRun01_grf
[info] Storage: read data file = SRRun01_grf.mot (nr=10005 nc=19)
[info] ExternalForce::RightGRF Data source being set to SRRun01_grf
[info] ExternalForce::LeftGRF Data source being set to SRRun01_grf
[info] Storage: read data file = SRRun01_grf.mot (nr=10005 nc=19)
[info] ExternalForce::RightGRF Data source being set to SRRun01_grf
[info] ExternalForce::LeftGRF Data source being set to SRRun01_grf
[info] Storage: read data file = SRRun01_grf.mot (nr=10005 nc=19)
[info] ExternalForce::RightGRF Data source being set to SRRun01_grf
[info] ExternalForce::LeftGRF Data source being set to SRRun01_grf
[info] Storage: read data file = SRRun01_grf.mot (nr=10005 nc=19)
[info] ExternalForce::RightGRF Data source being set to SRRun01_grf
[info] ExternalForce::LeftGRF Data source being set to SRRun01_grf
[info] Storage: read data file = SRRun01_grf.mot (nr=10005 nc=19)
[info] ExternalForce::RightGRF Data source being set to SRRun01_grf
[info] ExternalForce::LeftGRF Data source being set to SRRun01_grf
[info] Storage: read data file = SRRun01_grf.mot (nr=10005 nc=19)
[info] ExternalForce::RightGRF Data source being set to SRRun01_grf
[info] ExternalForce::LeftGRF Data source being set to SRRun01_grf
[info] Storage: read data file = SRRun01_grf.mot (nr=10005 nc=19)
[info] ExternalForce::RightGRF Data source being set to SRRun01_grf
[info] ExternalForce::LeftGRF Data source being set to SRRun01_grf
[info] Storage: read data file = SRRun01_grf.mot (nr=10005 nc=19)
[info] ExternalForce::RightGRF Data source being set to SRRun01_grf
[info] ExternalForce::LeftGRF Data source being set to SRRun01_grf
[info] Storage: read data file = SRRun01_grf.mot (nr=10005 nc=19)
[info] ExternalForce::RightGRF Data source being set to SRRun01_grf
[info] ExternalForce::LeftGRF Data source being set to SRRun01_grf
[info] Storage: read data file = SRRun01_grf.mot (nr=10005 nc=19)
[info] ExternalForce::RightGRF Data source being set to SRRun01_grf
[info] ExternalForce::LeftGRF Data source being set to SRRun01_grf
[info] Storage: read data file = SRRun01_grf.mot (nr=10005 nc=19)
[info] ExternalForce::RightGRF Data source being set to SRRun01_grf
[info] ExternalForce::LeftGRF Data source being set to SRRun01_grf
[info] Storage: read data file = SRRun01_grf.mot (nr=10005 nc=19)
[info] ExternalForce::RightGRF Data source being set to SRRun01_grf
[info] ExternalForce::LeftGRF Data source being set to SRRun01_grf
[info] Storage: read data file = SRRun01_grf.mot (nr=10005 nc=19)
[info] ExternalForce::RightGRF Data source being set to SRRun01_grf
[info] ExternalForce::LeftGRF Data source being set to SRRun01_grf
[info] Storage: read data file = SRRun01_grf.mot (nr=10005 nc=19)
[info] ExternalForce::RightGRF Data source being set to SRRun01_grf
[info] ExternalForce::LeftGRF Data source being set to SRRun01_grf
[info] Storage: read data file = SRRun01_grf.mot (nr=10005 nc=19)
[info] ExternalForce::RightGRF Data source being set to SRRun01_grf
[info] ExternalForce::LeftGRF Data source being set to SRRun01_grf
[info] Storage: read data file = SRRun01_grf.mot (nr=10005 nc=19)
[info] ExternalForce::RightGRF Data source being set to SRRun01_grf
[info] ExternalForce::LeftGRF Data source being set to SRRun01_grf
[info] Storage: read data file = SRRun01_grf.mot (nr=10005 nc=19)
[info] ExternalForce::RightGRF Data source being set to SRRun01_grf
[info] ExternalForce::LeftGRF Data source being set to SRRun01_grf
[info] Storage: read data file = SRRun01_grf.mot (nr=10005 nc=19)
[info] ExternalForce::RightGRF Data source being set to SRRun01_grf
[info] ExternalForce::LeftGRF Data source being set to SRRun01_grf
[info] Storage: read data file = SRRun01_grf.mot (nr=10005 nc=19)
[info] ExternalForce::RightGRF Data source being set to SRRun01_grf
[info] ExternalForce::LeftGRF Data source being set to SRRun01_grf
[info] Storage: read data file = SRRun01_grf.mot (nr=10005 nc=19)
[info] ExternalForce::RightGRF Data source being set to SRRun01_grf
[info] ExternalForce::LeftGRF Data source being set to SRRun01_grf
[info] Storage: read data file = SRRun01_grf.mot (nr=10005 nc=19)
[info] ExternalForce::RightGRF Data source being set to SRRun01_grf
[info] ExternalForce::LeftGRF Data source being set to SRRun01_grf
[info] Storage: read data file = SRRun01_grf.mot (nr=10005 nc=19)
[info] ExternalForce::RightGRF Data source being set to SRRun01_grf
[info] ExternalForce::LeftGRF Data source being set to SRRun01_grf
[info] Storage: read data file = SRRun01_grf.mot (nr=10005 nc=19)
[info] ExternalForce::RightGRF Data source being set to SRRun01_grf
[info] ExternalForce::LeftGRF Data source being set to SRRun01_grf
[info] Storage: read data file = SRRun01_grf.mot (nr=10005 nc=19)
[info] ExternalForce::RightGRF Data source being set to SRRun01_grf
[info] ExternalForce::LeftGRF Data source being set to SRRun01_grf
[info] Storage: read data file = SRRun01_grf.mot (nr=10005 nc=19)
[info] ExternalForce::RightGRF Data source being set to SRRun01_grf
[info] ExternalForce::LeftGRF Data source being set to SRRun01_grf
[info] Storage: read data file = SRRun01_grf.mot (nr=10005 nc=19)
[info] ExternalForce::RightGRF Data source being set to SRRun01_grf
[info] ExternalForce::LeftGRF Data source being set to SRRun01_grf
[info] Storage: read data file = SRRun01_grf.mot (nr=10005 nc=19)
[info] ExternalForce::RightGRF Data source being set to SRRun01_grf
[info] ExternalForce::LeftGRF Data source being set to SRRun01_grf
[info] Storage: read data file = SRRun01_grf.mot (nr=10005 nc=19)
[info] ExternalForce::RightGRF Data source being set to SRRun01_grf
[info] ExternalForce::LeftGRF Data source being set to SRRun01_grf
[info] Storage: read data file = SRRun01_grf.mot (nr=10005 nc=19)
[info] ExternalForce::RightGRF Data source being set to SRRun01_grf
[info] ExternalForce::LeftGRF Data source being set to SRRun01_grf
[info] Storage: read data file = SRRun01_grf.mot (nr=10005 nc=19)
[info] ExternalForce::RightGRF Data source being set to SRRun01_grf
[info] ExternalForce::LeftGRF Data source being set to SRRun01_grf
[info] Storage: read data file = SRRun01_grf.mot (nr=10005 nc=19)
[info] ExternalForce::RightGRF Data source being set to SRRun01_grf
[info] ExternalForce::LeftGRF Data source being set to SRRun01_grf
[info] Storage: read data file = SRRun01_grf.mot (nr=10005 nc=19)
[info] ExternalForce::RightGRF Data source being set to SRRun01_grf
[info] ExternalForce::LeftGRF Data source being set to SRRun01_grf
[info] Storage: read data file = SRRun01_grf.mot (nr=10005 nc=19)
[info] ExternalForce::RightGRF Data source being set to SRRun01_grf
[info] ExternalForce::LeftGRF Data source being set to SRRun01_grf
[info] Storage: read data file = SRRun01_grf.mot (nr=10005 nc=19)
[info] ExternalForce::RightGRF Data source being set to SRRun01_grf
[info] ExternalForce::LeftGRF Data source being set to SRRun01_grf
[info] Storage: read data file = SRRun01_grf.mot (nr=10005 nc=19)
[info] ExternalForce::RightGRF Data source being set to SRRun01_grf
[info] ExternalForce::LeftGRF Data source being set to SRRun01_grf
[info] Storage: read data file = SRRun01_grf.mot (nr=10005 nc=19)
[info] ExternalForce::RightGRF Data source being set to SRRun01_grf
[info] ExternalForce::LeftGRF Data source being set to SRRun01_grf
[info] Storage: read data file = SRRun01_grf.mot (nr=10005 nc=19)
[info] ExternalForce::RightGRF Data source being set to SRRun01_grf
[info] ExternalForce::LeftGRF Data source being set to SRRun01_grf
[info] Storage: read data file = SRRun01_grf.mot (nr=10005 nc=19)
[info] ExternalForce::RightGRF Data source being set to SRRun01_grf
[info] ExternalForce::LeftGRF Data source being set to SRRun01_grf
[info] Storage: read data file = SRRun01_grf.mot (nr=10005 nc=19)
[info] ExternalForce::RightGRF Data source being set to SRRun01_grf
[info] ExternalForce::LeftGRF Data source being set to SRRun01_grf
[info] Storage: read data file = SRRun01_grf.mot (nr=10005 nc=19)
[info] ExternalForce::RightGRF Data source being set to SRRun01_grf
[info] ExternalForce::LeftGRF Data source being set to SRRun01_grf
[info] Storage: read data file = SRRun01_grf.mot (nr=10005 nc=19)
[info] ExternalForce::RightGRF Data source being set to SRRun01_grf
[info] ExternalForce::LeftGRF Data source being set to SRRun01_grf
[info] Storage: read data file = SRRun01_grf.mot (nr=10005 nc=19)
[info] ExternalForce::RightGRF Data source being set to SRRun01_grf
[info] ExternalForce::LeftGRF Data source being set to SRRun01_grf
[info] Storage: read data file = SRRun01_grf.mot (nr=10005 nc=19)
[info] ExternalForce::RightGRF Data source being set to SRRun01_grf
[info] ExternalForce::LeftGRF Data source being set to SRRun01_grf
[info] Storage: read data file = SRRun01_grf.mot (nr=10005 nc=19)
[info] ExternalForce::RightGRF Data source being set to SRRun01_grf
[info] ExternalForce::LeftGRF Data source being set to SRRun01_grf
[info] Storage: read data file = SRRun01_grf.mot (nr=10005 nc=19)
[info] ExternalForce::RightGRF Data source being set to SRRun01_grf
[info] ExternalForce::LeftGRF Data source being set to SRRun01_grf
[info] Storage: read data file = SRRun01_grf.mot (nr=10005 nc=19)
[info] ExternalForce::RightGRF Data source being set to SRRun01_grf
[info] ExternalForce::LeftGRF Data source being set to SRRun01_grf
[info] Storage: read data file = SRRun01_grf.mot (nr=10005 nc=19)
[info] ExternalForce::RightGRF Data source being set to SRRun01_grf
[info] ExternalForce::LeftGRF Data source being set to SRRun01_grf
[info] Storage: read data file = SRRun01_grf.mot (nr=10005 nc=19)
[info] ExternalForce::RightGRF Data source being set to SRRun01_grf
[info] ExternalForce::LeftGRF Data source being set to SRRun01_grf
[info] Storage: read data file = SRRun01_grf.mot (nr=10005 nc=19)
[info] ExternalForce::RightGRF Data source being set to SRRun01_grf
[info] ExternalForce::LeftGRF Data source being set to SRRun01_grf
[info] Storage: read data file = SRRun01_grf.mot (nr=10005 nc=19)
[info] ExternalForce::RightGRF Data source being set to SRRun01_grf
[info] ExternalForce::LeftGRF Data source being set to SRRun01_grf
[info] Storage: read data file = SRRun01_grf.mot (nr=10005 nc=19)
[info] ExternalForce::RightGRF Data source being set to SRRun01_grf
[info] ExternalForce::LeftGRF Data source being set to SRRun01_grf
[info] Storage: read data file = SRRun01_grf.mot (nr=10005 nc=19)
[info] ExternalForce::RightGRF Data source being set to SRRun01_grf
[info] ExternalForce::LeftGRF Data source being set to SRRun01_grf
[info] Storage: read data file = SRRun01_grf.mot (nr=10005 nc=19)
[info] ExternalForce::RightGRF Data source being set to SRRun01_grf
[info] ExternalForce::LeftGRF Data source being set to SRRun01_grf
[info] Storage: read data file = SRRun01_grf.mot (nr=10005 nc=19)
[info] ExternalForce::RightGRF Data source being set to SRRun01_grf
[info] ExternalForce::LeftGRF Data source being set to SRRun01_grf
[info] Storage: read data file = SRRun01_grf.mot (nr=10005 nc=19)
[info] ExternalForce::RightGRF Data source being set to SRRun01_grf
[info] ExternalForce::LeftGRF Data source being set to SRRun01_grf
[info] Storage: read data file = SRRun01_grf.mot (nr=10005 nc=19)
[info] ExternalForce::RightGRF Data source being set to SRRun01_grf
[info] ExternalForce::LeftGRF Data source being set to SRRun01_grf
[info] Storage: read data file = SRRun01_grf.mot (nr=10005 nc=19)
[info] ExternalForce::RightGRF Data source being set to SRRun01_grf
[info] ExternalForce::LeftGRF Data source being set to SRRun01_grf
[info] Storage: read data file = SRRun01_grf.mot (nr=10005 nc=19)
[info] ExternalForce::RightGRF Data source being set to SRRun01_grf
[info] ExternalForce::LeftGRF Data source being set to SRRun01_grf
[info] Storage: read data file = SRRun01_grf.mot (nr=10005 nc=19)
[info] ExternalForce::RightGRF Data source being set to SRRun01_grf
[info] ExternalForce::LeftGRF Data source being set to SRRun01_grf
[info] Storage: read data file = SRRun01_grf.mot (nr=10005 nc=19)
[info] ExternalForce::RightGRF Data source being set to SRRun01_grf
[info] ExternalForce::LeftGRF Data source being set to SRRun01_grf
[info] Storage: read data file = SRRun01_grf.mot (nr=10005 nc=19)
[info] ExternalForce::RightGRF Data source being set to SRRun01_grf
[info] ExternalForce::LeftGRF Data source being set to SRRun01_grf
[info] Storage: read data file = SRRun01_grf.mot (nr=10005 nc=19)
[info] ExternalForce::RightGRF Data source being set to SRRun01_grf
[info] ExternalForce::LeftGRF Data source being set to SRRun01_grf
[info] Storage: read data file = SRRun01_grf.mot (nr=10005 nc=19)
[info] ExternalForce::RightGRF Data source being set to SRRun01_grf
[info] ExternalForce::LeftGRF Data source being set to SRRun01_grf
[info] Storage: read data file = SRRun01_grf.mot (nr=10005 nc=19)
[info] ExternalForce::RightGRF Data source being set to SRRun01_grf
[info] ExternalForce::LeftGRF Data source being set to SRRun01_grf
[info] Storage: read data file = SRRun01_grf.mot (nr=10005 nc=19)
[info] ExternalForce::RightGRF Data source being set to SRRun01_grf
[info] ExternalForce::LeftGRF Data source being set to SRRun01_grf
[info] Storage: read data file = SRRun01_grf.mot (nr=10005 nc=19)
[info] ExternalForce::RightGRF Data source being set to SRRun01_grf
[info] ExternalForce::LeftGRF Data source being set to SRRun01_grf
[info] Storage: read data file = SRRun01_grf.mot (nr=10005 nc=19)
[info] ExternalForce::RightGRF Data source being set to SRRun01_grf
[info] ExternalForce::LeftGRF Data source being set to SRRun01_grf
[info] Storage: read data file = SRRun01_grf.mot (nr=10005 nc=19)
[info] ExternalForce::RightGRF Data source being set to SRRun01_grf
[info] ExternalForce::LeftGRF Data source being set to SRRun01_grf
[info] Storage: read data file = SRRun01_grf.mot (nr=10005 nc=19)
[info] ExternalForce::RightGRF Data source being set to SRRun01_grf
[info] ExternalForce::LeftGRF Data source being set to SRRun01_grf
[info] Storage: read data file = SRRun01_grf.mot (nr=10005 nc=19)
[info] ExternalForce::RightGRF Data source being set to SRRun01_grf
[info] ExternalForce::LeftGRF Data source being set to SRRun01_grf
[info] Storage: read data file = SRRun01_grf.mot (nr=10005 nc=19)
[info] ExternalForce::RightGRF Data source being set to SRRun01_grf
[info] ExternalForce::LeftGRF Data source being set to SRRun01_grf
[info] Storage: read data file = SRRun01_grf.mot (nr=10005 nc=19)
[info] ExternalForce::RightGRF Data source being set to SRRun01_grf
[info] ExternalForce::LeftGRF Data source being set to SRRun01_grf
[info] Storage: read data file = SRRun01_grf.mot (nr=10005 nc=19)
[info] ExternalForce::RightGRF Data source being set to SRRun01_grf
[info] ExternalForce::LeftGRF Data source being set to SRRun01_grf
[info] Storage: read data file = SRRun01_grf.mot (nr=10005 nc=19)
[info] ExternalForce::RightGRF Data source being set to SRRun01_grf
[info] ExternalForce::LeftGRF Data source being set to SRRun01_grf
[info] Storage: read data file = SRRun01_grf.mot (nr=10005 nc=19)
[info] ExternalForce::RightGRF Data source being set to SRRun01_grf
[info] ExternalForce::LeftGRF Data source being set to SRRun01_grf
[info] Storage: read data file = SRRun01_grf.mot (nr=10005 nc=19)
[info] ExternalForce::RightGRF Data source being set to SRRun01_grf
[info] ExternalForce::LeftGRF Data source being set to SRRun01_grf
[info] Storage: read data file = SRRun01_grf.mot (nr=10005 nc=19)
[info] ExternalForce::RightGRF Data source being set to SRRun01_grf
[info] ExternalForce::LeftGRF Data source being set to SRRun01_grf
[info] Storage: read data file = SRRun01_grf.mot (nr=10005 nc=19)
[info] ExternalForce::RightGRF Data source being set to SRRun01_grf
[info] ExternalForce::LeftGRF Data source being set to SRRun01_grf
[info] Storage: read data file = SRRun01_grf.mot (nr=10005 nc=19)
[info] ExternalForce::RightGRF Data source being set to SRRun01_grf
[info] ExternalForce::LeftGRF Data source being set to SRRun01_grf
[info] Storage: read data file = SRRun01_grf.mot (nr=10005 nc=19)
[info] ExternalForce::RightGRF Data source being set to SRRun01_grf
[info] ExternalForce::LeftGRF Data source being set to SRRun01_grf
[info] Storage: read data file = SRRun01_grf.mot (nr=10005 nc=19)
[info] ExternalForce::RightGRF Data source being set to SRRun01_grf
[info] ExternalForce::LeftGRF Data source being set to SRRun01_grf
[info] Storage: read data file = SRRun01_grf.mot (nr=10005 nc=19)
[info] ExternalForce::RightGRF Data source being set to SRRun01_grf
[info] ExternalForce::LeftGRF Data source being set to SRRun01_grf
[info] Storage: read data file = SRRun01_grf.mot (nr=10005 nc=19)
[info] ExternalForce::RightGRF Data source being set to SRRun01_grf
[info] ExternalForce::LeftGRF Data source being set to SRRun01_grf
[info] Storage: read data file = SRRun01_grf.mot (nr=10005 nc=19)
[info] ExternalForce::RightGRF Data source being set to SRRun01_grf
[info] ExternalForce::LeftGRF Data source being set to SRRun01_grf
[info] Storage: read data file = SRRun01_grf.mot (nr=10005 nc=19)
[info] ExternalForce::RightGRF Data source being set to SRRun01_grf
[info] ExternalForce::LeftGRF Data source being set to SRRun01_grf
[info] Storage: read data file = SRRun01_grf.mot (nr=10005 nc=19)
[info] ExternalForce::RightGRF Data source being set to SRRun01_grf
[info] ExternalForce::LeftGRF Data source being set to SRRun01_grf
[info] Storage: read data file = SRRun01_grf.mot (nr=10005 nc=19)
[info] ExternalForce::RightGRF Data source being set to SRRun01_grf
[info] ExternalForce::LeftGRF Data source being set to SRRun01_grf
[info] Storage: read data file = SRRun01_grf.mot (nr=10005 nc=19)
[info] ExternalForce::RightGRF Data source being set to SRRun01_grf
[info] ExternalForce::LeftGRF Data source being set to SRRun01_grf
[info] Storage: read data file = SRRun01_grf.mot (nr=10005 nc=19)
[info] ExternalForce::RightGRF Data source being set to SRRun01_grf
[info] ExternalForce::LeftGRF Data source being set to SRRun01_grf
[info] Storage: read data file = SRRun01_grf.mot (nr=10005 nc=19)
[info] ExternalForce::RightGRF Data source being set to SRRun01_grf
[info] ExternalForce::LeftGRF Data source being set to SRRun01_grf
[info] Storage: read data file = SRRun01_grf.mot (nr=10005 nc=19)
[info] ExternalForce::RightGRF Data source being set to SRRun01_grf
[info] ExternalForce::LeftGRF Data source being set to SRRun01_grf
[info] Storage: read data file = SRRun01_grf.mot (nr=10005 nc=19)
[info] ExternalForce::RightGRF Data source being set to SRRun01_grf
[info] ExternalForce::LeftGRF Data source being set to SRRun01_grf
[info] Storage: read data file = SRRun01_grf.mot (nr=10005 nc=19)
[info] ExternalForce::RightGRF Data source being set to SRRun01_grf
[info] ExternalForce::LeftGRF Data source being set to SRRun01_grf
[info] Storage: read data file = SRRun01_grf.mot (nr=10005 nc=19)
[info] ExternalForce::RightGRF Data source being set to SRRun01_grf
[info] ExternalForce::LeftGRF Data source being set to SRRun01_grf
[info] Storage: read data file = SRRun01_grf.mot (nr=10005 nc=19)
[info] ExternalForce::RightGRF Data source being set to SRRun01_grf
[info] ExternalForce::LeftGRF Data source being set to SRRun01_grf
[info] Storage: read data file = SRRun01_grf.mot (nr=10005 nc=19)
[info] ExternalForce::RightGRF Data source being set to SRRun01_grf
[info] ExternalForce::LeftGRF Data source being set to SRRun01_grf
[info] Storage: read data file = SRRun01_grf.mot (nr=10005 nc=19)
[info] ExternalForce::RightGRF Data source being set to SRRun01_grf
[info] ExternalForce::LeftGRF Data source being set to SRRun01_grf
[info] Storage: read data file = SRRun01_grf.mot (nr=10005 nc=19)
[info] ExternalForce::RightGRF Data source being set to SRRun01_grf
[info] ExternalForce::LeftGRF Data source being set to SRRun01_grf
[info] Storage: read data file = SRRun01_grf.mot (nr=10005 nc=19)
[info] ExternalForce::RightGRF Data source being set to SRRun01_grf
[info] ExternalForce::LeftGRF Data source being set to SRRun01_grf
[info] Storage: read data file = SRRun01_grf.mot (nr=10005 nc=19)
[info] ExternalForce::RightGRF Data source being set to SRRun01_grf
[info] ExternalForce::LeftGRF Data source being set to SRRun01_grf
[info] Storage: read data file = SRRun01_grf.mot (nr=10005 nc=19)
[info] ExternalForce::RightGRF Data source being set to SRRun01_grf
[info] ExternalForce::LeftGRF Data source being set to SRRun01_grf
[info] Storage: read data file = SRRun01_grf.mot (nr=10005 nc=19)
[info] ExternalForce::RightGRF Data source being set to SRRun01_grf
[info] ExternalForce::LeftGRF Data source being set to SRRun01_grf
[info] Storage: read data file = SRRun01_grf.mot (nr=10005 nc=19)
[info] ExternalForce::RightGRF Data source being set to SRRun01_grf
[info] ExternalForce::LeftGRF Data source being set to SRRun01_grf
[info] Storage: read data file = SRRun01_grf.mot (nr=10005 nc=19)
[info] ExternalForce::RightGRF Data source being set to SRRun01_grf
[info] ExternalForce::LeftGRF Data source being set to SRRun01_grf
[info] Storage: read data file = SRRun01_grf.mot (nr=10005 nc=19)
[info] ExternalForce::RightGRF Data source being set to SRRun01_grf
[info] ExternalForce::LeftGRF Data source being set to SRRun01_grf
[info] Storage: read data file = SRRun01_grf.mot (nr=10005 nc=19)
[info] ExternalForce::RightGRF Data source being set to SRRun01_grf
[info] ExternalForce::LeftGRF Data source being set to SRRun01_grf
[info] Storage: read data file = SRRun01_grf.mot (nr=10005 nc=19)
[info] ExternalForce::RightGRF Data source being set to SRRun01_grf
[info] ExternalForce::LeftGRF Data source being set to SRRun01_grf
[info] Storage: read data file = SRRun01_grf.mot (nr=10005 nc=19)
[info] ExternalForce::RightGRF Data source being set to SRRun01_grf
[info] ExternalForce::LeftGRF Data source being set to SRRun01_grf
[info] Storage: read data file = SRRun01_grf.mot (nr=10005 nc=19)
[info] ExternalForce::RightGRF Data source being set to SRRun01_grf
[info] ExternalForce::LeftGRF Data source being set to SRRun01_grf
[info] Storage: read data file = SRRun01_grf.mot (nr=10005 nc=19)
[info] ExternalForce::RightGRF Data source being set to SRRun01_grf
[info] ExternalForce::LeftGRF Data source being set to SRRun01_grf
[info] Storage: read data file = SRRun01_grf.mot (nr=10005 nc=19)
[info] ExternalForce::RightGRF Data source being set to SRRun01_grf
[info] ExternalForce::LeftGRF Data source being set to SRRun01_grf
[info] Storage: read data file = SRRun01_grf.mot (nr=10005 nc=19)
[info] ExternalForce::RightGRF Data source being set to SRRun01_grf
[info] ExternalForce::LeftGRF Data source being set to SRRun01_grf
[info] Storage: read data file = SRRun01_grf.mot (nr=10005 nc=19)
[info] ExternalForce::RightGRF Data source being set to SRRun01_grf
[info] ExternalForce::LeftGRF Data source being set to SRRun01_grf
[info] Storage: read data file = SRRun01_grf.mot (nr=10005 nc=19)
[info] ExternalForce::RightGRF Data source being set to SRRun01_grf
[info] ExternalForce::LeftGRF Data source being set to SRRun01_grf
[info] Storage: read data file = SRRun01_grf.mot (nr=10005 nc=19)
[info] ExternalForce::RightGRF Data source being set to SRRun01_grf
[info] ExternalForce::LeftGRF Data source being set to SRRun01_grf
[info] Storage: read data file = SRRun01_grf.mot (nr=10005 nc=19)
[info] ExternalForce::RightGRF Data source being set to SRRun01_grf
[info] ExternalForce::LeftGRF Data source being set to SRRun01_grf
[info] Storage: read data file = SRRun01_grf.mot (nr=10005 nc=19)
[info] ExternalForce::RightGRF Data source being set to SRRun01_grf
[info] ExternalForce::LeftGRF Data source being set to SRRun01_grf
[info] Storage: read data file = SRRun01_grf.mot (nr=10005 nc=19)
[info] ExternalForce::RightGRF Data source being set to SRRun01_grf
[info] ExternalForce::LeftGRF Data source being set to SRRun01_grf
[info] Storage: read data file = SRRun01_grf.mot (nr=10005 nc=19)
[info] ExternalForce::RightGRF Data source being set to SRRun01_grf
[info] ExternalForce::LeftGRF Data source being set to SRRun01_grf
[info] Storage: read data file = SRRun01_grf.mot (nr=10005 nc=19)
[info] ExternalForce::RightGRF Data source being set to SRRun01_grf
[info] ExternalForce::LeftGRF Data source being set to SRRun01_grf
[info] Storage: read data file = SRRun01_grf.mot (nr=10005 nc=19)
[info] ExternalForce::RightGRF Data source being set to SRRun01_grf
[info] ExternalForce::LeftGRF Data source being set to SRRun01_grf
[info] Storage: read data file = SRRun01_grf.mot (nr=10005 nc=19)
[info] ExternalForce::RightGRF Data source being set to SRRun01_grf
[info] ExternalForce::LeftGRF Data source being set to SRRun01_grf
[info] Storage: read data file = SRRun01_grf.mot (nr=10005 nc=19)
[info] ExternalForce::RightGRF Data source being set to SRRun01_grf
[info] ExternalForce::LeftGRF Data source being set to SRRun01_grf
[info] Storage: read data file = SRRun01_grf.mot (nr=10005 nc=19)
[info] ExternalForce::RightGRF Data source being set to SRRun01_grf
[info] ExternalForce::LeftGRF Data source being set to SRRun01_grf
[info] Storage: read data file = SRRun01_grf.mot (nr=10005 nc=19)
[info] ExternalForce::RightGRF Data source being set to SRRun01_grf
[info] ExternalForce::LeftGRF Data source being set to SRRun01_grf
[info] Storage: read data file = SRRun01_grf.mot (nr=10005 nc=19)
[info] ExternalForce::RightGRF Data source being set to SRRun01_grf
[info] ExternalForce::LeftGRF Data source being set to SRRun01_grf
[info] Storage: read data file = SRRun01_grf.mot (nr=10005 nc=19)
[info] ExternalForce::RightGRF Data source being set to SRRun01_grf
[info] ExternalForce::LeftGRF Data source being set to SRRun01_grf
[info] Storage: read data file = SRRun01_grf.mot (nr=10005 nc=19)
[info] ExternalForce::RightGRF Data source being set to SRRun01_grf
[info] ExternalForce::LeftGRF Data source being set to SRRun01_grf
[info] Storage: read data file = SRRun01_grf.mot (nr=10005 nc=19)
[info] ExternalForce::RightGRF Data source being set to SRRun01_grf
[info] ExternalForce::LeftGRF Data source being set to SRRun01_grf
[info] Storage: read data file = SRRun01_grf.mot (nr=10005 nc=19)
[info] ExternalForce::RightGRF Data source being set to SRRun01_grf
[info] ExternalForce::LeftGRF Data source being set to SRRun01_grf
[info] Storage: read data file = SRRun01_grf.mot (nr=10005 nc=19)
[info] ExternalForce::RightGRF Data source being set to SRRun01_grf
[info] ExternalForce::LeftGRF Data source being set to SRRun01_grf
[info] Storage: read data file = SRRun01_grf.mot (nr=10005 nc=19)
[info] ExternalForce::RightGRF Data source being set to SRRun01_grf
[info] ExternalForce::LeftGRF Data source being set to SRRun01_grf
[info] Storage: read data file = SRRun01_grf.mot (nr=10005 nc=19)
[info] ExternalForce::RightGRF Data source being set to SRRun01_grf
[info] ExternalForce::LeftGRF Data source being set to SRRun01_grf
[info] Storage: read data file = SRRun01_grf.mot (nr=10005 nc=19)
[info] ExternalForce::RightGRF Data source being set to SRRun01_grf
[info] ExternalForce::LeftGRF Data source being set to SRRun01_grf
[info] Storage: read data file = SRRun01_grf.mot (nr=10005 nc=19)
[info] ExternalForce::RightGRF Data source being set to SRRun01_grf
[info] ExternalForce::LeftGRF Data source being set to SRRun01_grf
[info] Storage: read data file = SRRun01_grf.mot (nr=10005 nc=19)
[info] ExternalForce::RightGRF Data source being set to SRRun01_grf
[info] ExternalForce::LeftGRF Data source being set to SRRun01_grf
[info] Storage: read data file = SRRun01_grf.mot (nr=10005 nc=19)
[info] ExternalForce::RightGRF Data source being set to SRRun01_grf
[info] ExternalForce::LeftGRF Data source being set to SRRun01_grf
[info] Storage: read data file = SRRun01_grf.mot (nr=10005 nc=19)
[info] ExternalForce::RightGRF Data source being set to SRRun01_grf
[info] ExternalForce::LeftGRF Data source being set to SRRun01_grf
[info] Storage: read data file = SRRun01_grf.mot (nr=10005 nc=19)
[info] ExternalForce::RightGRF Data source being set to SRRun01_grf
[info] ExternalForce::LeftGRF Data source being set to SRRun01_grf
[info] Storage: read data file = SRRun01_grf.mot (nr=10005 nc=19)
[info] ExternalForce::RightGRF Data source being set to SRRun01_grf
[info] ExternalForce::LeftGRF Data source being set to SRRun01_grf
[info] Storage: read data file = SRRun01_grf.mot (nr=10005 nc=19)
[info] ExternalForce::RightGRF Data source being set to SRRun01_grf
[info] ExternalForce::LeftGRF Data source being set to SRRun01_grf
[info] Storage: read data file = SRRun01_grf.mot (nr=10005 nc=19)
[info] ExternalForce::RightGRF Data source being set to SRRun01_grf
[info] ExternalForce::LeftGRF Data source being set to SRRun01_grf
[info] Storage: read data file = SRRun01_grf.mot (nr=10005 nc=19)
[info] ExternalForce::RightGRF Data source being set to SRRun01_grf
[info] ExternalForce::LeftGRF Data source being set to SRRun01_grf
[info] Storage: read data file = SRRun01_grf.mot (nr=10005 nc=19)
[info] ExternalForce::RightGRF Data source being set to SRRun01_grf
[info] ExternalForce::LeftGRF Data source being set to SRRun01_grf
[info] Storage: read data file = SRRun01_grf.mot (nr=10005 nc=19)
[info] ExternalForce::RightGRF Data source being set to SRRun01_grf
[info] ExternalForce::LeftGRF Data source being set to SRRun01_grf
[info] Storage: read data file = SRRun01_grf.mot (nr=10005 nc=19)
[info] ExternalForce::RightGRF Data source being set to SRRun01_grf
[info] ExternalForce::LeftGRF Data source being set to SRRun01_grf
[info] Storage: read data file = SRRun01_grf.mot (nr=10005 nc=19)
[info] ExternalForce::RightGRF Data source being set to SRRun01_grf
[info] ExternalForce::LeftGRF Data source being set to SRRun01_grf
[info] Storage: read data file = SRRun01_grf.mot (nr=10005 nc=19)
[info] ExternalForce::RightGRF Data source being set to SRRun01_grf
[info] ExternalForce::LeftGRF Data source being set to SRRun01_grf
[info] Storage: read data file = SRRun01_grf.mot (nr=10005 nc=19)
[info] ExternalForce::RightGRF Data source being set to SRRun01_grf
[info] ExternalForce::LeftGRF Data source being set to SRRun01_grf
[info] Storage: read data file = SRRun01_grf.mot (nr=10005 nc=19)
[info] ExternalForce::RightGRF Data source being set to SRRun01_grf
[info] ExternalForce::LeftGRF Data source being set to SRRun01_grf
[info] Storage: read data file = SRRun01_grf.mot (nr=10005 nc=19)
[info] ExternalForce::RightGRF Data source being set to SRRun01_grf
[info] ExternalForce::LeftGRF Data source being set to SRRun01_grf
[info] Storage: read data file = SRRun01_grf.mot (nr=10005 nc=19)
[info] ExternalForce::RightGRF Data source being set to SRRun01_grf
[info] ExternalForce::LeftGRF Data source being set to SRRun01_grf
[info] Storage: read data file = SRRun01_grf.mot (nr=10005 nc=19)
[info] ExternalForce::RightGRF Data source being set to SRRun01_grf
[info] ExternalForce::LeftGRF Data source being set to SRRun01_grf
[info] Storage: read data file = SRRun01_grf.mot (nr=10005 nc=19)
[info] ExternalForce::RightGRF Data source being set to SRRun01_grf
[info] ExternalForce::LeftGRF Data source being set to SRRun01_grf
[info] Storage: read data file = SRRun01_grf.mot (nr=10005 nc=19)
[info] ExternalForce::RightGRF Data source being set to SRRun01_grf
[info] ExternalForce::LeftGRF Data source being set to SRRun01_grf
[info] Storage: read data file = SRRun01_grf.mot (nr=10005 nc=19)
[info] ExternalForce::RightGRF Data source being set to SRRun01_grf
[info] ExternalForce::LeftGRF Data source being set to SRRun01_grf
[info] Storage: read data file = SRRun01_grf.mot (nr=10005 nc=19)
[info] ExternalForce::RightGRF Data source being set to SRRun01_grf
[info] ExternalForce::LeftGRF Data source being set to SRRun01_grf
[info] Storage: read data file = SRRun01_grf.mot (nr=10005 nc=19)
[info] ExternalForce::RightGRF Data source being set to SRRun01_grf
[info] ExternalForce::LeftGRF Data source being set to SRRun01_grf
[info] Storage: read data file = SRRun01_grf.mot (nr=10005 nc=19)
[info] ExternalForce::RightGRF Data source being set to SRRun01_grf
[info] ExternalForce::LeftGRF Data source being set to SRRun01_grf
[info] Storage: read data file = SRRun01_grf.mot (nr=10005 nc=19)
[info] ExternalForce::RightGRF Data source being set to SRRun01_grf
[info] ExternalForce::LeftGRF Data source being set to SRRun01_grf
[info] Storage: read data file = SRRun01_grf.mot (nr=10005 nc=19)
[info] ExternalForce::RightGRF Data source being set to SRRun01_grf
[info] ExternalForce::LeftGRF Data source being set to SRRun01_grf
[info] Storage: read data file = SRRun01_grf.mot (nr=10005 nc=19)
[info] ExternalForce::RightGRF Data source being set to SRRun01_grf
[info] ExternalForce::LeftGRF Data source being set to SRRun01_grf
[info] Storage: read data file = SRRun01_grf.mot (nr=10005 nc=19)
[info] ExternalForce::RightGRF Data source being set to SRRun01_grf
[info] ExternalForce::LeftGRF Data source being set to SRRun01_grf
[info] Storage: read data file = SRRun01_grf.mot (nr=10005 nc=19)
[info] ExternalForce::RightGRF Data source being set to SRRun01_grf
[info] ExternalForce::LeftGRF Data source being set to SRRun01_grf
[info] Storage: read data file = SRRun01_grf.mot (nr=10005 nc=19)
[info] ExternalForce::RightGRF Data source being set to SRRun01_grf
[info] ExternalForce::LeftGRF Data source being set to SRRun01_grf
[info] Storage: read data file = SRRun01_grf.mot (nr=10005 nc=19)
[info] ExternalForce::RightGRF Data source being set to SRRun01_grf
[info] ExternalForce::LeftGRF Data source being set to SRRun01_grf
[info] Storage: read data file = SRRun01_grf.mot (nr=10005 nc=19)
[info] ExternalForce::RightGRF Data source being set to SRRun01_grf
[info] ExternalForce::LeftGRF Data source being set to SRRun01_grf
[info] Storage: read data file = SRRun01_grf.mot (nr=10005 nc=19)
[info] ExternalForce::RightGRF Data source being set to SRRun01_grf
[info] ExternalForce::LeftGRF Data source being set to SRRun01_grf
[info] Storage: read data file = SRRun01_grf.mot (nr=10005 nc=19)
[info] ExternalForce::RightGRF Data source being set to SRRun01_grf
[info] ExternalForce::LeftGRF Data source being set to SRRun01_grf
[info] Storage: read data file = SRRun01_grf.mot (nr=10005 nc=19)
[info] ExternalForce::RightGRF Data source being set to SRRun01_grf
[info] ExternalForce::LeftGRF Data source being set to SRRun01_grf
[info] Storage: read data file = SRRun01_grf.mot (nr=10005 nc=19)
[info] ExternalForce::RightGRF Data source being set to SRRun01_grf
[info] ExternalForce::LeftGRF Data source being set to SRRun01_grf
[info] Storage: read data file = SRRun01_grf.mot (nr=10005 nc=19)
[info] ExternalForce::RightGRF Data source being set to SRRun01_grf
[info] ExternalForce::LeftGRF Data source being set to SRRun01_grf
[info] Storage: read data file = SRRun01_grf.mot (nr=10005 nc=19)
[info] ExternalForce::RightGRF Data source being set to SRRun01_grf
[info] ExternalForce::LeftGRF Data source being set to SRRun01_grf
[info] Storage: read data file = SRRun01_grf.mot (nr=10005 nc=19)
[info] ExternalForce::RightGRF Data source being set to SRRun01_grf
[info] ExternalForce::LeftGRF Data source being set to SRRun01_grf
[info] Storage: read data file = SRRun01_grf.mot (nr=10005 nc=19)
[info] ExternalForce::RightGRF Data source being set to SRRun01_grf
[info] ExternalForce::LeftGRF Data source being set to SRRun01_grf
[info] Storage: read data file = SRRun01_grf.mot (nr=10005 nc=19)
[info] ExternalForce::RightGRF Data source being set to SRRun01_grf
[info] ExternalForce::LeftGRF Data source being set to SRRun01_grf
[info] Storage: read data file = SRRun01_grf.mot (nr=10005 nc=19)
[info] ExternalForce::RightGRF Data source being set to SRRun01_grf
[info] ExternalForce::LeftGRF Data source being set to SRRun01_grf
[info] Storage: read data file = SRRun01_grf.mot (nr=10005 nc=19)
[info] ExternalForce::RightGRF Data source being set to SRRun01_grf
[info] ExternalForce::LeftGRF Data source being set to SRRun01_grf
[info] Storage: read data file = SRRun01_grf.mot (nr=10005 nc=19)
[info] ExternalForce::RightGRF Data source being set to SRRun01_grf
[info] ExternalForce::LeftGRF Data source being set to SRRun01_grf
[info] Storage: read data file = SRRun01_grf.mot (nr=10005 nc=19)
[info] ExternalForce::RightGRF Data source being set to SRRun01_grf
[info] ExternalForce::LeftGRF Data source being set to SRRun01_grf
[info] Storage: read data file = SRRun01_grf.mot (nr=10005 nc=19)
[info] ExternalForce::RightGRF Data source being set to SRRun01_grf
[info] ExternalForce::LeftGRF Data source being set to SRRun01_grf
[info] Storage: read data file = SRRun01_grf.mot (nr=10005 nc=19)
[info] ExternalForce::RightGRF Data source being set to SRRun01_grf
[info] ExternalForce::LeftGRF Data source being set to SRRun01_grf
[info] Storage: read data file = SRRun01_grf.mot (nr=10005 nc=19)
[info] ExternalForce::RightGRF Data source being set to SRRun01_grf
[info] ExternalForce::LeftGRF Data source being set to SRRun01_grf
[info] Storage: read data file = SRRun01_grf.mot (nr=10005 nc=19)
[info] ExternalForce::RightGRF Data source being set to SRRun01_grf
[info] ExternalForce::LeftGRF Data source being set to SRRun01_grf
[info] Storage: read data file = SRRun01_grf.mot (nr=10005 nc=19)
[info] ExternalForce::RightGRF Data source being set to SRRun01_grf
[info] ExternalForce::LeftGRF Data source being set to SRRun01_grf
[info] Storage: read data file = SRRun01_grf.mot (nr=10005 nc=19)
[info] ExternalForce::RightGRF Data source being set to SRRun01_grf
[info] ExternalForce::LeftGRF Data source being set to SRRun01_grf
[info] Storage: read data file = SRRun01_grf.mot (nr=10005 nc=19)
[info] ExternalForce::RightGRF Data source being set to SRRun01_grf
[info] ExternalForce::LeftGRF Data source being set to SRRun01_grf
[info] Storage: read data file = SRRun01_grf.mot (nr=10005 nc=19)
[info] ExternalForce::RightGRF Data source being set to SRRun01_grf
[info] ExternalForce::LeftGRF Data source being set to SRRun01_grf
[info] Storage: read data file = SRRun01_grf.mot (nr=10005 nc=19)
[info] ExternalForce::RightGRF Data source being set to SRRun01_grf
[info] ExternalForce::LeftGRF Data source being set to SRRun01_grf
[info] Storage: read data file = SRRun01_grf.mot (nr=10005 nc=19)
[info] ExternalForce::RightGRF Data source being set to SRRun01_grf
[info] ExternalForce::LeftGRF Data source being set to SRRun01_grf
[info] Storage: read data file = SRRun01_grf.mot (nr=10005 nc=19)
[info] ExternalForce::RightGRF Data source being set to SRRun01_grf
[info] ExternalForce::LeftGRF Data source being set to SRRun01_grf
[info] Storage: read data file = SRRun01_grf.mot (nr=10005 nc=19)
[info] ExternalForce::RightGRF Data source being set to SRRun01_grf
[info] ExternalForce::LeftGRF Data source being set to SRRun01_grf
[info] Storage: read data file = SRRun01_grf.mot (nr=10005 nc=19)
[info] ExternalForce::RightGRF Data source being set to SRRun01_grf
[info] ExternalForce::LeftGRF Data source being set to SRRun01_grf
[info] Storage: read data file = SRRun01_grf.mot (nr=10005 nc=19)
[info] ExternalForce::RightGRF Data source being set to SRRun01_grf
[info] ExternalForce::LeftGRF Data source being set to SRRun01_grf
[info] Storage: read data file = SRRun01_grf.mot (nr=10005 nc=19)
[info] ExternalForce::RightGRF Data source being set to SRRun01_grf
[info] ExternalForce::LeftGRF Data source being set to SRRun01_grf
[info] Storage: read data file = SRRun01_grf.mot (nr=10005 nc=19)
[info] ExternalForce::RightGRF Data source being set to SRRun01_grf
[info] ExternalForce::LeftGRF Data source being set to SRRun01_grf
[info] Storage: read data file = SRRun01_grf.mot (nr=10005 nc=19)
[info] ExternalForce::RightGRF Data source being set to SRRun01_grf
[info] ExternalForce::LeftGRF Data source being set to SRRun01_grf
[info] Storage: read data file = SRRun01_grf.mot (nr=10005 nc=19)
[info] ExternalForce::RightGRF Data source being set to SRRun01_grf
[info] ExternalForce::LeftGRF Data source being set to SRRun01_grf
[info] Storage: read data file = SRRun01_grf.mot (nr=10005 nc=19)
[info] ExternalForce::RightGRF Data source being set to SRRun01_grf
[info] ExternalForce::LeftGRF Data source being set to SRRun01_grf
[info] Storage: read data file = SRRun01_grf.mot (nr=10005 nc=19)
[info] ExternalForce::RightGRF Data source being set to SRRun01_grf
[info] ExternalForce::LeftGRF Data source being set to SRRun01_grf
[info] Storage: read data file = SRRun01_grf.mot (nr=10005 nc=19)
[info] ExternalForce::RightGRF Data source being set to SRRun01_grf
[info] ExternalForce::LeftGRF Data source being set to SRRun01_grf
[info] Storage: read data file = SRRun01_grf.mot (nr=10005 nc=19)
[info] ExternalForce::RightGRF Data source being set to SRRun01_grf
[info] ExternalForce::LeftGRF Data source being set to SRRun01_grf
[info] Storage: read data file = SRRun01_grf.mot (nr=10005 nc=19)
[info] ExternalForce::RightGRF Data source being set to SRRun01_grf
[info] ExternalForce::LeftGRF Data source being set to SRRun01_grf
[info] Storage: read data file = SRRun01_grf.mot (nr=10005 nc=19)
[info] ExternalForce::RightGRF Data source being set to SRRun01_grf
[info] ExternalForce::LeftGRF Data source being set to SRRun01_grf
[info] Storage: read data file = SRRun01_grf.mot (nr=10005 nc=19)
[info] ExternalForce::RightGRF Data source being set to SRRun01_grf
[info] ExternalForce::LeftGRF Data source being set to SRRun01_grf
[info] Storage: read data file = SRRun01_grf.mot (nr=10005 nc=19)
[info] ExternalForce::RightGRF Data source being set to SRRun01_grf
[info] ExternalForce::LeftGRF Data source being set to SRRun01_grf
[info] Storage: read data file = SRRun01_grf.mot (nr=10005 nc=19)
[info] ExternalForce::RightGRF Data source being set to SRRun01_grf
[info] ExternalForce::LeftGRF Data source being set to SRRun01_grf
[info] Storage: read data file = SRRun01_grf.mot (nr=10005 nc=19)
[info] ExternalForce::RightGRF Data source being set to SRRun01_grf
[info] ExternalForce::LeftGRF Data source being set to SRRun01_grf
[info] Storage: read data file = SRRun01_grf.mot (nr=10005 nc=19)
[info] ExternalForce::RightGRF Data source being set to SRRun01_grf
[info] ExternalForce::LeftGRF Data source being set to SRRun01_grf
[info] Storage: read data file = SRRun01_grf.mot (nr=10005 nc=19)
[info] ExternalForce::RightGRF Data source being set to SRRun01_grf
[info] ExternalForce::LeftGRF Data source being set to SRRun01_grf
[info] Storage: read data file = SRRun01_grf.mot (nr=10005 nc=19)
[info] ExternalForce::RightGRF Data source being set to SRRun01_grf
[info] ExternalForce::LeftGRF Data source being set to SRRun01_grf
[info] Storage: read data file = SRRun01_grf.mot (nr=10005 nc=19)
[info] ExternalForce::RightGRF Data source being set to SRRun01_grf
[info] ExternalForce::LeftGRF Data source being set to SRRun01_grf
[info] Storage: read data file = SRRun01_grf.mot (nr=10005 nc=19)
[info] ExternalForce::RightGRF Data source being set to SRRun01_grf
[info] ExternalForce::LeftGRF Data source being set to SRRun01_grf
[info] Storage: read data file = SRRun01_grf.mot (nr=10005 nc=19)
[info] ExternalForce::RightGRF Data source being set to SRRun01_grf
[info] ExternalForce::LeftGRF Data source being set to SRRun01_grf
[info] Storage: read data file = SRRun01_grf.mot (nr=10005 nc=19)
[info] ExternalForce::RightGRF Data source being set to SRRun01_grf
[info] ExternalForce::LeftGRF Data source being set to SRRun01_grf
[info] Storage: read data file = SRRun01_grf.mot (nr=10005 nc=19)
[info] ExternalForce::RightGRF Data source being set to SRRun01_grf
[info] ExternalForce::LeftGRF Data source being set to SRRun01_grf
[info] Storage: read data file = SRRun01_grf.mot (nr=10005 nc=19)
[info] ExternalForce::RightGRF Data source being set to SRRun01_grf
[info] ExternalForce::LeftGRF Data source being set to SRRun01_grf
[info] Storage: read data file = SRRun01_grf.mot (nr=10005 nc=19)
[info] ExternalForce::RightGRF Data source being set to SRRun01_grf
[info] ExternalForce::LeftGRF Data source being set to SRRun01_grf
[info] Storage: read data file = SRRun01_grf.mot (nr=10005 nc=19)
[info] ExternalForce::RightGRF Data source being set to SRRun01_grf
[info] ExternalForce::LeftGRF Data source being set to SRRun01_grf
[info] Storage: read data file = SRRun01_grf.mot (nr=10005 nc=19)
[info] ExternalForce::RightGRF Data source being set to SRRun01_grf
[info] ExternalForce::LeftGRF Data source being set to SRRun01_grf
[info] Storage: read data file = SRRun01_grf.mot (nr=10005 nc=19)
[info] ExternalForce::RightGRF Data source being set to SRRun01_grf
[info] ExternalForce::LeftGRF Data source being set to SRRun01_grf
[info] Storage: read data file = SRRun01_grf.mot (nr=10005 nc=19)
[info] ExternalForce::RightGRF Data source being set to SRRun01_grf
[info] ExternalForce::LeftGRF Data source being set to SRRun01_grf
[info] Storage: read data file = SRRun01_grf.mot (nr=10005 nc=19)
[info] ExternalForce::RightGRF Data source being set to SRRun01_grf
[info] ExternalForce::LeftGRF Data source being set to SRRun01_grf
[info] Storage: read data file = SRRun01_grf.mot (nr=10005 nc=19)
[info] ExternalForce::RightGRF Data source being set to SRRun01_grf
[info] ExternalForce::LeftGRF Data source being set to SRRun01_grf
[info] Storage: read data file = SRRun01_grf.mot (nr=10005 nc=19)
[info] ExternalForce::RightGRF Data source being set to SRRun01_grf
[info] ExternalForce::LeftGRF Data source being set to SRRun01_grf
[info] Storage: read data file = SRRun01_grf.mot (nr=10005 nc=19)
[info] ExternalForce::RightGRF Data source being set to SRRun01_grf
[info] ExternalForce::LeftGRF Data source being set to SRRun01_grf
[info] Storage: read data file = SRRun01_grf.mot (nr=10005 nc=19)
[info] ExternalForce::RightGRF Data source being set to SRRun01_grf
[info] ExternalForce::LeftGRF Data source being set to SRRun01_grf
[info] Storage: read data file = SRRun01_grf.mot (nr=10005 nc=19)
[info] ExternalForce::RightGRF Data source being set to SRRun01_grf
[info] ExternalForce::LeftGRF Data source being set to SRRun01_grf
[info] Storage: read data file = SRRun01_grf.mot (nr=10005 nc=19)
[info] ExternalForce::RightGRF Data source being set to SRRun01_grf
[info] ExternalForce::LeftGRF Data source being set to SRRun01_grf
[info] Storage: read data file = SRRun01_grf.mot (nr=10005 nc=19)
[info] ExternalForce::RightGRF Data source being set to SRRun01_grf
[info] ExternalForce::LeftGRF Data source being set to SRRun01_grf
[info] Storage: read data file = SRRun01_grf.mot (nr=10005 nc=19)
[info] ExternalForce::RightGRF Data source being set to SRRun01_grf
[info] ExternalForce::LeftGRF Data source being set to SRRun01_grf
[info] Storage: read data file = SRRun01_grf.mot (nr=10005 nc=19)
[info] ExternalForce::RightGRF Data source being set to SRRun01_grf
[info] ExternalForce::LeftGRF Data source being set to SRRun01_grf
[info] Storage: read data file = SRRun01_grf.mot (nr=10005 nc=19)
[info] ExternalForce::RightGRF Data source being set to SRRun01_grf
[info] ExternalForce::LeftGRF Data source being set to SRRun01_grf
[info] Storage: read data file = SRRun01_grf.mot (nr=10005 nc=19)
[info] ExternalForce::RightGRF Data source being set to SRRun01_grf
[info] ExternalForce::LeftGRF Data source being set to SRRun01_grf
[info] Storage: read data file = SRRun01_grf.mot (nr=10005 nc=19)
[info] ExternalForce::RightGRF Data source being set to SRRun01_grf
[info] ExternalForce::LeftGRF Data source being set to SRRun01_grf
[info] Storage: read data file = SRRun01_grf.mot (nr=10005 nc=19)
[info] ExternalForce::RightGRF Data source being set to SRRun01_grf
[info] ExternalForce::LeftGRF Data source being set to SRRun01_grf
[info] Storage: read data file = SRRun01_grf.mot (nr=10005 nc=19)
[info] ExternalForce::RightGRF Data source being set to SRRun01_grf
[info] ExternalForce::LeftGRF Data source being set to SRRun01_grf
[info] Storage: read data file = SRRun01_grf.mot (nr=10005 nc=19)
[info] ExternalForce::RightGRF Data source being set to SRRun01_grf
[info] ExternalForce::LeftGRF Data source being set to SRRun01_grf
[info] Storage: read data file = SRRun01_grf.mot (nr=10005 nc=19)
[info] ExternalForce::RightGRF Data source being set to SRRun01_grf
[info] ExternalForce::LeftGRF Data source being set to SRRun01_grf
[info] Storage: read data file = SRRun01_grf.mot (nr=10005 nc=19)
[info] ExternalForce::RightGRF Data source being set to SRRun01_grf
[info] ExternalForce::LeftGRF Data source being set to SRRun01_grf
[info] Storage: read data file = SRRun01_grf.mot (nr=10005 nc=19)
[info] ExternalForce::RightGRF Data source being set to SRRun01_grf
[info] ExternalForce::LeftGRF Data source being set to SRRun01_grf
[info] Storage: read data file = SRRun01_grf.mot (nr=10005 nc=19)
[info] ExternalForce::RightGRF Data source being set to SRRun01_grf
[info] ExternalForce::LeftGRF Data source being set to SRRun01_grf
[info] Storage: read data file = SRRun01_grf.mot (nr=10005 nc=19)
[info] ExternalForce::RightGRF Data source being set to SRRun01_grf
[info] ExternalForce::LeftGRF Data source being set to SRRun01_grf
[info] Storage: read data file = SRRun01_grf.mot (nr=10005 nc=19)
[info] ExternalForce::RightGRF Data source being set to SRRun01_grf
[info] ExternalForce::LeftGRF Data source being set to SRRun01_grf
[info] Storage: read data file = SRRun01_grf.mot (nr=10005 nc=19)
[info] ExternalForce::RightGRF Data source being set to SRRun01_grf
[info] ExternalForce::LeftGRF Data source being set to SRRun01_grf
[info] Storage: read data file = SRRun01_grf.mot (nr=10005 nc=19)
[info] ExternalForce::RightGRF Data source being set to SRRun01_grf
[info] ExternalForce::LeftGRF Data source being set to SRRun01_grf
[info] Storage: read data file = SRRun01_grf.mot (nr=10005 nc=19)
[info] ExternalForce::RightGRF Data source being set to SRRun01_grf
[info] ExternalForce::LeftGRF Data source being set to SRRun01_grf
[info] Storage: read data file = SRRun01_grf.mot (nr=10005 nc=19)
[info] ExternalForce::RightGRF Data source being set to SRRun01_grf
[info] ExternalForce::LeftGRF Data source being set to SRRun01_grf
[info] Storage: read data file = SRRun01_grf.mot (nr=10005 nc=19)
[info] ExternalForce::RightGRF Data source being set to SRRun01_grf
[info] ExternalForce::LeftGRF Data source being set to SRRun01_grf
[info] Storage: read data file = SRRun01_grf.mot (nr=10005 nc=19)
[info] ExternalForce::RightGRF Data source being set to SRRun01_grf
[info] ExternalForce::LeftGRF Data source being set to SRRun01_grf
[info] Storage: read data file = SRRun01_grf.mot (nr=10005 nc=19)
[info] ExternalForce::RightGRF Data source being set to SRRun01_grf
[info] ExternalForce::LeftGRF Data source being set to SRRun01_grf
[info] Storage: read data file = SRRun01_grf.mot (nr=10005 nc=19)
[info] ExternalForce::RightGRF Data source being set to SRRun01_grf
[info] ExternalForce::LeftGRF Data source being set to SRRun01_grf
[info] Storage: read data file = SRRun01_grf.mot (nr=10005 nc=19)
[info] ExternalForce::RightGRF Data source being set to SRRun01_grf
[info] ExternalForce::LeftGRF Data source being set to SRRun01_grf
[info] Storage: read data file = SRRun01_grf.mot (nr=10005 nc=19)
[info] ExternalForce::RightGRF Data source being set to SRRun01_grf
[info] ExternalForce::LeftGRF Data source being set to SRRun01_grf
[info] Storage: read data file = SRRun01_grf.mot (nr=10005 nc=19)
[info] ExternalForce::RightGRF Data source being set to SRRun01_grf
[info] ExternalForce::LeftGRF Data source being set to SRRun01_grf
[info] Storage: read data file = SRRun01_grf.mot (nr=10005 nc=19)
[info] ExternalForce::RightGRF Data source being set to SRRun01_grf
[info] ExternalForce::LeftGRF Data source being set to SRRun01_grf
[info] Storage: read data file = SRRun01_grf.mot (nr=10005 nc=19)
[info] ExternalForce::RightGRF Data source being set to SRRun01_grf
[info] ExternalForce::LeftGRF Data source being set to SRRun01_grf
[info] Storage: read data file = SRRun01_grf.mot (nr=10005 nc=19)
[info] ExternalForce::RightGRF Data source being set to SRRun01_grf
[info] ExternalForce::LeftGRF Data source being set to SRRun01_grf
[info] Storage: read data file = SRRun01_grf.mot (nr=10005 nc=19)
[info] ExternalForce::RightGRF Data source being set to SRRun01_grf
[info] ExternalForce::LeftGRF Data source being set to SRRun01_grf
[info] Storage: read data file = SRRun01_grf.mot (nr=10005 nc=19)
[info] ExternalForce::RightGRF Data source being set to SRRun01_grf
[info] ExternalForce::LeftGRF Data source being set to SRRun01_grf
[info] Storage: read data file = SRRun01_grf.mot (nr=10005 nc=19)
[info] ExternalForce::RightGRF Data source being set to SRRun01_grf
[info] ExternalForce::LeftGRF Data source being set to SRRun01_grf
[info] Storage: read data file = SRRun01_grf.mot (nr=10005 nc=19)
[info] ExternalForce::RightGRF Data source being set to SRRun01_grf
[info] ExternalForce::LeftGRF Data source being set to SRRun01_grf
[info] Storage: read data file = SRRun01_grf.mot (nr=10005 nc=19)
[info] ExternalForce::RightGRF Data source being set to SRRun01_grf
[info] ExternalForce::LeftGRF Data source being set to SRRun01_grf
[info] Storage: read data file = SRRun01_grf.mot (nr=10005 nc=19)
[info] ExternalForce::RightGRF Data source being set to SRRun01_grf
[info] ExternalForce::LeftGRF Data source being set to SRRun01_grf
[info] Storage: read data file = SRRun01_grf.mot (nr=10005 nc=19)
[info] ExternalForce::RightGRF Data source being set to SRRun01_grf
[info] ExternalForce::LeftGRF Data source being set to SRRun01_grf
[info] Storage: read data file = SRRun01_grf.mot (nr=10005 nc=19)
[info] ExternalForce::RightGRF Data source being set to SRRun01_grf
[info] ExternalForce::LeftGRF Data source being set to SRRun01_grf
[info] Storage: read data file = SRRun01_grf.mot (nr=10005 nc=19)
[info] ExternalForce::RightGRF Data source being set to SRRun01_grf
[info] ExternalForce::LeftGRF Data source being set to SRRun01_grf
[info] Storage: read data file = SRRun01_grf.mot (nr=10005 nc=19)
[info] ExternalForce::RightGRF Data source being set to SRRun01_grf
[info] ExternalForce::LeftGRF Data source being set to SRRun01_grf
[info] Storage: read data file = SRRun01_grf.mot (nr=10005 nc=19)
[info] ExternalForce::RightGRF Data source being set to SRRun01_grf
[info] ExternalForce::LeftGRF Data source being set to SRRun01_grf
[info] Storage: read data file = SRRun01_grf.mot (nr=10005 nc=19)
[info] ExternalForce::RightGRF Data source being set to SRRun01_grf
[info] ExternalForce::LeftGRF Data source being set to SRRun01_grf
[info] Storage: read data file = SRRun01_grf.mot (nr=10005 nc=19)
[info] ExternalForce::RightGRF Data source being set to SRRun01_grf
[info] ExternalForce::LeftGRF Data source being set to SRRun01_grf
[info] Storage: read data file = SRRun01_grf.mot (nr=10005 nc=19)
[info] ExternalForce::RightGRF Data source being set to SRRun01_grf
[info] ExternalForce::LeftGRF Data source being set to SRRun01_grf
[info] Storage: read data file = SRRun01_grf.mot (nr=10005 nc=19)
[info] ExternalForce::RightGRF Data source being set to SRRun01_grf
[info] ExternalForce::LeftGRF Data source being set to SRRun01_grf
[info] Storage: read data file = SRRun01_grf.mot (nr=10005 nc=19)
[info] ExternalForce::RightGRF Data source being set to SRRun01_grf
[info] ExternalForce::LeftGRF Data source being set to SRRun01_grf
[info] Storage: read data file = SRRun01_grf.mot (nr=10005 nc=19)
[info] ExternalForce::RightGRF Data source being set to SRRun01_grf
[info] ExternalForce::LeftGRF Data source being set to SRRun01_grf
[info] Storage: read data file = SRRun01_grf.mot (nr=10005 nc=19)
[info] ExternalForce::RightGRF Data source being set to SRRun01_grf
[info] ExternalForce::LeftGRF Data source being set to SRRun01_grf
[info] Storage: read data file = SRRun01_grf.mot (nr=10005 nc=19)
[info] ExternalForce::RightGRF Data source being set to SRRun01_grf
[info] ExternalForce::LeftGRF Data source being set to SRRun01_grf
[info] Storage: read data file = SRRun01_grf.mot (nr=10005 nc=19)
[info] ExternalForce::RightGRF Data source being set to SRRun01_grf
[info] ExternalForce::LeftGRF Data source being set to SRRun01_grf
[info] Storage: read data file = SRRun01_grf.mot (nr=10005 nc=19)
[info] ExternalForce::RightGRF Data source being set to SRRun01_grf
[info] ExternalForce::LeftGRF Data source being set to SRRun01_grf
[info] Storage: read data file = SRRun01_grf.mot (nr=10005 nc=19)
[info] ExternalForce::RightGRF Data source being set to SRRun01_grf
[info] ExternalForce::LeftGRF Data source being set to SRRun01_grf
[info] Storage: read data file = SRRun01_grf.mot (nr=10005 nc=19)
[info] ExternalForce::RightGRF Data source being set to SRRun01_grf
[info] ExternalForce::LeftGRF Data source being set to SRRun01_grf
[info] Storage: read data file = SRRun01_grf.mot (nr=10005 nc=19)
[info] ExternalForce::RightGRF Data source being set to SRRun01_grf
[info] ExternalForce::LeftGRF Data source being set to SRRun01_grf
[info] Storage: read data file = SRRun01_grf.mot (nr=10005 nc=19)
[info] ExternalForce::RightGRF Data source being set to SRRun01_grf
[info] ExternalForce::LeftGRF Data source being set to SRRun01_grf
[info] Storage: read data file = SRRun01_grf.mot (nr=10005 nc=19)
[info] ExternalForce::RightGRF Data source being set to SRRun01_grf
[info] ExternalForce::LeftGRF Data source being set to SRRun01_grf
[info] Storage: read data file = SRRun01_grf.mot (nr=10005 nc=19)
[info] ExternalForce::RightGRF Data source being set to SRRun01_grf
[info] ExternalForce::LeftGRF Data source being set to SRRun01_grf
[info] Storage: read data file = SRRun01_grf.mot (nr=10005 nc=19)
[info] ExternalForce::RightGRF Data source being set to SRRun01_grf
[info] ExternalForce::LeftGRF Data source being set to SRRun01_grf
[info] Storage: read data file = SRRun01_grf.mot (nr=10005 nc=19)
[info] ExternalForce::RightGRF Data source being set to SRRun01_grf
[info] ExternalForce::LeftGRF Data source being set to SRRun01_grf
[info] Storage: read data file = SRRun01_grf.mot (nr=10005 nc=19)
[info] ExternalForce::RightGRF Data source being set to SRRun01_grf
[info] ExternalForce::LeftGRF Data source being set to SRRun01_grf
[info] Storage: read data file = SRRun01_grf.mot (nr=10005 nc=19)
[info] ExternalForce::RightGRF Data source being set to SRRun01_grf
[info] ExternalForce::LeftGRF Data source being set to SRRun01_grf
[info] Storage: read data file = SRRun01_grf.mot (nr=10005 nc=19)
[info] ExternalForce::RightGRF Data source being set to SRRun01_grf
[info] ExternalForce::LeftGRF Data source being set to SRRun01_grf
[info] Storage: read data file = SRRun01_grf.mot (nr=10005 nc=19)
[info] ExternalForce::RightGRF Data source being set to SRRun01_grf
[info] ExternalForce::LeftGRF Data source being set to SRRun01_grf
[info] Storage: read data file = SRRun01_grf.mot (nr=10005 nc=19)
[info] ExternalForce::RightGRF Data source being set to SRRun01_grf
[info] ExternalForce::LeftGRF Data source being set to SRRun01_grf
[info] Storage: read data file = SRRun01_grf.mot (nr=10005 nc=19)
[info] ExternalForce::RightGRF Data source being set to SRRun01_grf
[info] ExternalForce::LeftGRF Data source being set to SRRun01_grf
[info] Storage: read data file = SRRun01_grf.mot (nr=10005 nc=19)
[info] ExternalForce::RightGRF Data source being set to SRRun01_grf
[info] ExternalForce::LeftGRF Data source being set to SRRun01_grf
[info] Storage: read data file = SRRun01_grf.mot (nr=10005 nc=19)
[info] ExternalForce::RightGRF Data source being set to SRRun01_grf
[info] ExternalForce::LeftGRF Data source being set to SRRun01_grf
[info] Storage: read data file = SRRun01_grf.mot (nr=10005 nc=19)
[info] ExternalForce::RightGRF Data source being set to SRRun01_grf
[info] ExternalForce::LeftGRF Data source being set to SRRun01_grf
[info] Storage: read data file = SRRun01_grf.mot (nr=10005 nc=19)
[info] ExternalForce::RightGRF Data source being set to SRRun01_grf
[info] ExternalForce::LeftGRF Data source being set to SRRun01_grf
[info] Storage: read data file = SRRun01_grf.mot (nr=10005 nc=19)
[info] ExternalForce::RightGRF Data source being set to SRRun01_grf
[info] ExternalForce::LeftGRF Data source being set to SRRun01_grf
[info] Storage: read data file = SRRun01_grf.mot (nr=10005 nc=19)
[info] ExternalForce::RightGRF Data source being set to SRRun01_grf
[info] ExternalForce::LeftGRF Data source being set to SRRun01_grf
[info] Storage: read data file = SRRun01_grf.mot (nr=10005 nc=19)
[info] ExternalForce::RightGRF Data source being set to SRRun01_grf
[info] ExternalForce::LeftGRF Data source being set to SRRun01_grf
[info] Storage: read data file = SRRun01_grf.mot (nr=10005 nc=19)
[info] ExternalForce::RightGRF Data source being set to SRRun01_grf
[info] ExternalForce::LeftGRF Data source being set to SRRun01_grf
[info] Storage: read data file = SRRun01_grf.mot (nr=10005 nc=19)
[info] ExternalForce::RightGRF Data source being set to SRRun01_grf
[info] ExternalForce::LeftGRF Data source being set to SRRun01_grf
[info] Storage: read data file = SRRun01_grf.mot (nr=10005 nc=19)
[info] ExternalForce::RightGRF Data source being set to SRRun01_grf
[info] ExternalForce::LeftGRF Data source being set to SRRun01_grf
[info] Storage: read data file = SRRun01_grf.mot (nr=10005 nc=19)
[info] ExternalForce::RightGRF Data source being set to SRRun01_grf
[info] ExternalForce::LeftGRF Data source being set to SRRun01_grf
[info] Storage: read data file = SRRun01_grf.mot (nr=10005 nc=19)
[info] ExternalForce::RightGRF Data source being set to SRRun01_grf
[info] ExternalForce::LeftGRF Data source being set to SRRun01_grf
[info] Storage: read data file = SRRun01_grf.mot (nr=10005 nc=19)
[info] ExternalForce::RightGRF Data source being set to SRRun01_grf
[info] ExternalForce::LeftGRF Data source being set to SRRun01_grf
[info] Storage: read data file = SRRun01_grf.mot (nr=10005 nc=19)
[info] ExternalForce::RightGRF Data source being set to SRRun01_grf
[info] ExternalForce::LeftGRF Data source being set to SRRun01_grf
[info] Storage: read data file = SRRun01_grf.mot (nr=10005 nc=19)
[info] ExternalForce::RightGRF Data source being set to SRRun01_grf
[info] ExternalForce::LeftGRF Data source being set to SRRun01_grf
[info] Storage: read data file = SRRun01_grf.mot (nr=10005 nc=19)
[info] ExternalForce::RightGRF Data source being set to SRRun01_grf
[info] ExternalForce::LeftGRF Data source being set to SRRun01_grf
[info] Storage: read data file = SRRun01_grf.mot (nr=10005 nc=19)
[info] ExternalForce::RightGRF Data source being set to SRRun01_grf
[info] ExternalForce::LeftGRF Data source being set to SRRun01_grf
[info] Storage: read data file = SRRun01_grf.mot (nr=10005 nc=19)
[info] ExternalForce::RightGRF Data source being set to SRRun01_grf
[info] ExternalForce::LeftGRF Data source being set to SRRun01_grf
[info] Storage: read data file = SRRun01_grf.mot (nr=10005 nc=19)
[info] ExternalForce::RightGRF Data source being set to SRRun01_grf
[info] ExternalForce::LeftGRF Data source being set to SRRun01_grf
[info] Storage: read data file = SRRun01_grf.mot (nr=10005 nc=19)
[info] ExternalForce::RightGRF Data source being set to SRRun01_grf
[info] ExternalForce::LeftGRF Data source being set to SRRun01_grf
[info] Storage: read data file = SRRun01_grf.mot (nr=10005 nc=19)
[info] ExternalForce::RightGRF Data source being set to SRRun01_grf
[info] ExternalForce::LeftGRF Data source being set to SRRun01_grf
[info] Storage: read data file = SRRun01_grf.mot (nr=10005 nc=19)
[info] ExternalForce::RightGRF Data source being set to SRRun01_grf
[info] ExternalForce::LeftGRF Data source being set to SRRun01_grf
[info] Storage: read data file = SRRun01_grf.mot (nr=10005 nc=19)
[info] ExternalForce::RightGRF Data source being set to SRRun01_grf
[info] ExternalForce::LeftGRF Data source being set to SRRun01_grf
[info] Storage: read data file = SRRun01_grf.mot (nr=10005 nc=19)
[info] ExternalForce::RightGRF Data source being set to SRRun01_grf
[info] ExternalForce::LeftGRF Data source being set to SRRun01_grf
[info] Storage: read data file = SRRun01_grf.mot (nr=10005 nc=19)
[info] ExternalForce::RightGRF Data source being set to SRRun01_grf
[info] ExternalForce::LeftGRF Data source being set to SRRun01_grf
[info] Storage: read data file = SRRun01_grf.mot (nr=10005 nc=19)
[info] ExternalForce::RightGRF Data source being set to SRRun01_grf
[info] ExternalForce::LeftGRF Data source being set to SRRun01_grf
[info] Storage: read data file = SRRun01_grf.mot (nr=10005 nc=19)
[info] ExternalForce::RightGRF Data source being set to SRRun01_grf
[info] ExternalForce::LeftGRF Data source being set to SRRun01_grf
[info] Storage: read data file = SRRun01_grf.mot (nr=10005 nc=19)
[info] ExternalForce::RightGRF Data source being set to SRRun01_grf
[info] ExternalForce::LeftGRF Data source being set to SRRun01_grf
[info] Storage: read data file = SRRun01_grf.mot (nr=10005 nc=19)
[info] ExternalForce::RightGRF Data source being set to SRRun01_grf
[info] ExternalForce::LeftGRF Data source being set to SRRun01_grf
[info] Storage: read data file = SRRun01_grf.mot (nr=10005 nc=19)
[info] ExternalForce::RightGRF Data source being set to SRRun01_grf
[info] ExternalForce::LeftGRF Data source being set to SRRun01_grf
[info] Storage: read data file = SRRun01_grf.mot (nr=10005 nc=19)
[info] ExternalForce::RightGRF Data source being set to SRRun01_grf
[info] ExternalForce::LeftGRF Data source being set to SRRun01_grf
[info] Storage: read data file = SRRun01_grf.mot (nr=10005 nc=19)
[info] ExternalForce::RightGRF Data source being set to SRRun01_grf
[info] ExternalForce::LeftGRF Data source being set to SRRun01_grf
[info] Storage: read data file = SRRun01_grf.mot (nr=10005 nc=19)
[info] ExternalForce::RightGRF Data source being set to SRRun01_grf
[info] ExternalForce::LeftGRF Data source being set to SRRun01_grf
[info] Storage: read data file = SRRun01_grf.mot (nr=10005 nc=19)
[info] ExternalForce::RightGRF Data source being set to SRRun01_grf
[info] ExternalForce::LeftGRF Data source being set to SRRun01_grf
[info] Storage: read data file = SRRun01_grf.mot (nr=10005 nc=19)
[info] ExternalForce::RightGRF Data source being set to SRRun01_grf
[info] ExternalForce::LeftGRF Data source being set to SRRun01_grf
[info] Storage: read data file = SRRun01_grf.mot (nr=10005 nc=19)
[info] ExternalForce::RightGRF Data source being set to SRRun01_grf
[info] ExternalForce::LeftGRF Data source being set to SRRun01_grf
[info] Storage: read data file = SRRun01_grf.mot (nr=10005 nc=19)
[info] ExternalForce::RightGRF Data source being set to SRRun01_grf
[info] ExternalForce::LeftGRF Data source being set to SRRun01_grf
[info] Storage: read data file = SRRun01_grf.mot (nr=10005 nc=19)
[info] ExternalForce::RightGRF Data source being set to SRRun01_grf
[info] ExternalForce::LeftGRF Data source being set to SRRun01_grf
[info] Storage: read data file = SRRun01_grf.mot (nr=10005 nc=19)
[info] ExternalForce::RightGRF Data source being set to SRRun01_grf
[info] ExternalForce::LeftGRF Data source being set to SRRun01_grf
[info] Storage: read data file = SRRun01_grf.mot (nr=10005 nc=19)
[info] ExternalForce::RightGRF Data source being set to SRRun01_grf
[info] ExternalForce::LeftGRF Data source being set to SRRun01_grf
[info] Storage: read data file = SRRun01_grf.mot (nr=10005 nc=19)
[info] ExternalForce::RightGRF Data source being set to SRRun01_grf
[info] ExternalForce::LeftGRF Data source being set to SRRun01_grf
[info] Storage: read data file = SRRun01_grf.mot (nr=10005 nc=19)
[info] ExternalForce::RightGRF Data source being set to SRRun01_grf
[info] ExternalForce::LeftGRF Data source being set to SRRun01_grf
[info] Storage: read data file = SRRun01_grf.mot (nr=10005 nc=19)
[info] ExternalForce::RightGRF Data source being set to SRRun01_grf
[info] ExternalForce::LeftGRF Data source being set to SRRun01_grf
[info] Storage: read data file = SRRun01_grf.mot (nr=10005 nc=19)
[info] ExternalForce::RightGRF Data source being set to SRRun01_grf
[info] ExternalForce::LeftGRF Data source being set to SRRun01_grf
[info] Storage: read data file = SRRun01_grf.mot (nr=10005 nc=19)
[info] ExternalForce::RightGRF Data source being set to SRRun01_grf
[info] ExternalForce::LeftGRF Data source being set to SRRun01_grf
[info] Storage: read data file = SRRun01_grf.mot (nr=10005 nc=19)
[info] ExternalForce::RightGRF Data source being set to SRRun01_grf
[info] ExternalForce::LeftGRF Data source being set to SRRun01_grf
[info] Storage: read data file = SRRun01_grf.mot (nr=10005 nc=19)
[info] ExternalForce::RightGRF Data source being set to SRRun01_grf
[info] ExternalForce::LeftGRF Data source being set to SRRun01_grf
[info] Storage: read data file = SRRun01_grf.mot (nr=10005 nc=19)
[info] ExternalForce::RightGRF Data source being set to SRRun01_grf
[info] ExternalForce::LeftGRF Data source being set to SRRun01_grf
[info] Storage: read data file = SRRun01_grf.mot (nr=10005 nc=19)
[info] ExternalForce::RightGRF Data source being set to SRRun01_grf
[info] ExternalForce::LeftGRF Data source being set to SRRun01_grf
[info] Storage: read data file = SRRun01_grf.mot (nr=10005 nc=19)
[info] ExternalForce::RightGRF Data source being set to SRRun01_grf
[info] ExternalForce::LeftGRF Data source being set to SRRun01_grf
[info] Storage: read data file = SRRun01_grf.mot (nr=10005 nc=19)
[info] ExternalForce::RightGRF Data source being set to SRRun01_grf
[info] ExternalForce::LeftGRF Data source being set to SRRun01_grf
[info] Storage: read data file = SRRun01_grf.mot (nr=10005 nc=19)
[info] ExternalForce::RightGRF Data source being set to SRRun01_grf
[info] ExternalForce::LeftGRF Data source being set to SRRun01_grf
[info] Storage: read data file = SRRun01_grf.mot (nr=10005 nc=19)
[info] ExternalForce::RightGRF Data source being set to SRRun01_grf
[info] ExternalForce::LeftGRF Data source being set to SRRun01_grf
[info] Storage: read data file = SRRun01_grf.mot (nr=10005 nc=19)
[info] ExternalForce::RightGRF Data source being set to SRRun01_grf
[info] ExternalForce::LeftGRF Data source being set to SRRun01_grf
[info] Storage: read data file = SRRun01_grf.mot (nr=10005 nc=19)
[info] ExternalForce::RightGRF Data source being set to SRRun01_grf
[info] ExternalForce::LeftGRF Data source being set to SRRun01_grf
[info] Storage: read data file = SRRun01_grf.mot (nr=10005 nc=19)
[info] ExternalForce::RightGRF Data source being set to SRRun01_grf
[info] ExternalForce::LeftGRF Data source being set to SRRun01_grf
[info] Storage: read data file = SRRun01_grf.mot (nr=10005 nc=19)
[info] ExternalForce::RightGRF Data source being set to SRRun01_grf
[info] ExternalForce::LeftGRF Data source being set to SRRun01_grf
[info] Storage: read data file = SRRun01_grf.mot (nr=10005 nc=19)
[info] ExternalForce::RightGRF Data source being set to SRRun01_grf
[info] ExternalForce::LeftGRF Data source being set to SRRun01_grf
[info] Storage: read data file = SRRun01_grf.mot (nr=10005 nc=19)
[info] ExternalForce::RightGRF Data source being set to SRRun01_grf
[info] ExternalForce::LeftGRF Data source being set to SRRun01_grf
[info] Storage: read data file = SRRun01_grf.mot (nr=10005 nc=19)
[info] ExternalForce::RightGRF Data source being set to SRRun01_grf
[info] ExternalForce::LeftGRF Data source being set to SRRun01_grf
[info] Storage: read data file = SRRun01_grf.mot (nr=10005 nc=19)
[info] ExternalForce::RightGRF Data source being set to SRRun01_grf
[info] ExternalForce::LeftGRF Data source being set to SRRun01_grf
[info] Storage: read data file = SRRun01_grf.mot (nr=10005 nc=19)
[info] ExternalForce::RightGRF Data source being set to SRRun01_grf
[info] ExternalForce::LeftGRF Data source being set to SRRun01_grf
[info] Storage: read data file = SRRun01_grf.mot (nr=10005 nc=19)
[info] ExternalForce::RightGRF Data source being set to SRRun01_grf
[info] ExternalForce::LeftGRF Data source being set to SRRun01_grf
[info] Storage: read data file = SRRun01_grf.mot (nr=10005 nc=19)
[info] ExternalForce::RightGRF Data source being set to SRRun01_grf
[info] ExternalForce::LeftGRF Data source being set to SRRun01_grf
[info] Storage: read data file = SRRun01_grf.mot (nr=10005 nc=19)
[info] ExternalForce::RightGRF Data source being set to SRRun01_grf
[info] ExternalForce::LeftGRF Data source being set to SRRun01_grf
[info] Storage: read data file = SRRun01_grf.mot (nr=10005 nc=19)
[info] ExternalForce::RightGRF Data source being set to SRRun01_grf
[info] ExternalForce::LeftGRF Data source being set to SRRun01_grf
[info] Storage: read data file = SRRun01_grf.mot (nr=10005 nc=19)
[info] ExternalForce::RightGRF Data source being set to SRRun01_grf
[info] ExternalForce::LeftGRF Data source being set to SRRun01_grf
[info] Storage: read data file = SRRun01_grf.mot (nr=10005 nc=19)
[info] ExternalForce::RightGRF Data source being set to SRRun01_grf
[info] ExternalForce::LeftGRF Data source being set to SRRun01_grf
[info] Storage: read data file = SRRun01_grf.mot (nr=10005 nc=19)
[info] ExternalForce::RightGRF Data source being set to SRRun01_grf
[info] ExternalForce::LeftGRF Data source being set to SRRun01_grf
[info] Storage: read data file = SRRun01_grf.mot (nr=10005 nc=19)
[info] ExternalForce::RightGRF Data source being set to SRRun01_grf
[info] ExternalForce::LeftGRF Data source being set to SRRun01_grf
[info] Storage: read data file = SRRun01_grf.mot (nr=10005 nc=19)
[info] ExternalForce::RightGRF Data source being set to SRRun01_grf
[info] ExternalForce::LeftGRF Data source being set to SRRun01_grf
[info] Storage: read data file = SRRun01_grf.mot (nr=10005 nc=19)
[info] ExternalForce::RightGRF Data source being set to SRRun01_grf
[info] ExternalForce::LeftGRF Data source being set to SRRun01_grf
[info] Storage: read data file = SRRun01_grf.mot (nr=10005 nc=19)
[info] ExternalForce::RightGRF Data source being set to SRRun01_grf
[info] ExternalForce::LeftGRF Data source being set to SRRun01_grf
[info] Storage: read data file = SRRun01_grf.mot (nr=10005 nc=19)
[info] ExternalForce::RightGRF Data source being set to SRRun01_grf
[info] ExternalForce::LeftGRF Data source being set to SRRun01_grf
[info] Storage: read data file = SRRun01_grf.mot (nr=10005 nc=19)
[info] ExternalForce::RightGRF Data source being set to SRRun01_grf
[info] ExternalForce::LeftGRF Data source being set to SRRun01_grf
[info] Storage: read data file = SRRun01_grf.mot (nr=10005 nc=19)
[info] ExternalForce::RightGRF Data source being set to SRRun01_grf
[info] ExternalForce::LeftGRF Data source being set to SRRun01_grf
[info] Storage: read data file = SRRun01_grf.mot (nr=10005 nc=19)
[info] ExternalForce::RightGRF Data source being set to SRRun01_grf
[info] ExternalForce::LeftGRF Data source being set to SRRun01_grf
[info] Storage: read data file = SRRun01_grf.mot (nr=10005 nc=19)
[info] ExternalForce::RightGRF Data source being set to SRRun01_grf
[info] ExternalForce::LeftGRF Data source being set to SRRun01_grf
[info] Storage: read data file = SRRun01_grf.mot (nr=10005 nc=19)
[info] ExternalForce::RightGRF Data source being set to SRRun01_grf
[info] ExternalForce::LeftGRF Data source being set to SRRun01_grf
[info] Storage: read data file = SRRun01_grf.mot (nr=10005 nc=19)
[info] ExternalForce::RightGRF Data source being set to SRRun01_grf
[info] ExternalForce::LeftGRF Data source being set to SRRun01_grf
[info] Storage: read data file = SRRun01_grf.mot (nr=10005 nc=19)
[info] ExternalForce::RightGRF Data source being set to SRRun01_grf
[info] ExternalForce::LeftGRF Data source being set to SRRun01_grf
[info] Storage: read data file = SRRun01_grf.mot (nr=10005 nc=19)
[info] ExternalForce::RightGRF Data source being set to SRRun01_grf
[info] ExternalForce::LeftGRF Data source being set to SRRun01_grf
[info] Storage: read data file = SRRun01_grf.mot (nr=10005 nc=19)
[info] ExternalForce::RightGRF Data source being set to SRRun01_grf
[info] ExternalForce::LeftGRF Data source being set to SRRun01_grf
[info] Storage: read data file = SRRun01_grf.mot (nr=10005 nc=19)
[info] ExternalForce::RightGRF Data source being set to SRRun01_grf
[info] ExternalForce::LeftGRF Data source being set to SRRun01_grf
[info] Storage: read data file = SRRun01_grf.mot (nr=10005 nc=19)
[info] ExternalForce::RightGRF Data source being set to SRRun01_grf
[info] ExternalForce::LeftGRF Data source being set to SRRun01_grf
[info] Storage: read data file = SRRun01_grf.mot (nr=10005 nc=19)
[info] ExternalForce::RightGRF Data source being set to SRRun01_grf
[info] ExternalForce::LeftGRF Data source being set to SRRun01_grf
[info] Storage: read data file = SRRun01_grf.mot (nr=10005 nc=19)
[info] ExternalForce::RightGRF Data source being set to SRRun01_grf
[info] ExternalForce::LeftGRF Data source being set to SRRun01_grf
[info] Storage: read data file = SRRun01_grf.mot (nr=10005 nc=19)
[info] ExternalForce::RightGRF Data source being set to SRRun01_grf
[info] ExternalForce::LeftGRF Data source being set to SRRun01_grf
[info] Storage: read data file = SRRun01_grf.mot (nr=10005 nc=19)
[info] ExternalForce::RightGRF Data source being set to SRRun01_grf
[info] ExternalForce::LeftGRF Data source being set to SRRun01_grf
[info] Storage: read data file = SRRun01_grf.mot (nr=10005 nc=19)
[info] ExternalForce::RightGRF Data source being set to SRRun01_grf
[info] ExternalForce::LeftGRF Data source being set to SRRun01_grf
[info] Storage: read data file = SRRun01_grf.mot (nr=10005 nc=19)
[info] ExternalForce::RightGRF Data source being set to SRRun01_grf
[info] ExternalForce::LeftGRF Data source being set to SRRun01_grf
[info] Storage: read data file = SRRun01_grf.mot (nr=10005 nc=19)
[info] ExternalForce::RightGRF Data source being set to SRRun01_grf
[info] ExternalForce::LeftGRF Data source being set to SRRun01_grf
[info] Storage: read data file = SRRun01_grf.mot (nr=10005 nc=19)
[info] ExternalForce::RightGRF Data source being set to SRRun01_grf
[info] ExternalForce::LeftGRF Data source being set to SRRun01_grf
[info] Storage: read data file = SRRun01_grf.mot (nr=10005 nc=19)
[info] ExternalForce::RightGRF Data source being set to SRRun01_grf
[info] ExternalForce::LeftGRF Data source being set to SRRun01_grf
[info] Storage: read data file = SRRun01_grf.mot (nr=10005 nc=19)
[info] ExternalForce::RightGRF Data source being set to SRRun01_grf
[info] ExternalForce::LeftGRF Data source being set to SRRun01_grf
[info] Storage: read data file = SRRun01_grf.mot (nr=10005 nc=19)
[info] ExternalForce::RightGRF Data source being set to SRRun01_grf
[info] ExternalForce::LeftGRF Data source being set to SRRun01_grf
[info] Storage: read data file = SRRun01_grf.mot (nr=10005 nc=19)
[info] ExternalForce::RightGRF Data source being set to SRRun01_grf
[info] ExternalForce::LeftGRF Data source being set to SRRun01_grf
[info] Storage: read data file = SRRun01_grf.mot (nr=10005 nc=19)
[info] ExternalForce::RightGRF Data source being set to SRRun01_grf
[info] ExternalForce::LeftGRF Data source being set to SRRun01_grf
[info] Storage: read data file = SRRun01_grf.mot (nr=10005 nc=19)
[info] ExternalForce::RightGRF Data source being set to SRRun01_grf
[info] ExternalForce::LeftGRF Data source being set to SRRun01_grf
[info] Storage: read data file = SRRun01_grf.mot (nr=10005 nc=19)
[info] ExternalForce::RightGRF Data source being set to SRRun01_grf
[info] ExternalForce::LeftGRF Data source being set to SRRun01_grf
[info] Storage: read data file = SRRun01_grf.mot (nr=10005 nc=19)
[info] ExternalForce::RightGRF Data source being set to SRRun01_grf
[info] ExternalForce::LeftGRF Data source being set to SRRun01_grf
[info] Storage: read data file = SRRun01_grf.mot (nr=10005 nc=19)
[info] ExternalForce::RightGRF Data source being set to SRRun01_grf
[info] ExternalForce::LeftGRF Data source being set to SRRun01_grf
[info] Storage: read data file = SRRun01_grf.mot (nr=10005 nc=19)
[info] ExternalForce::RightGRF Data source being set to SRRun01_grf
[info] ExternalForce::LeftGRF Data source being set to SRRun01_grf
[info] Storage: read data file = SRRun01_grf.mot (nr=10005 nc=19)
[info] ExternalForce::RightGRF Data source being set to SRRun01_grf
[info] ExternalForce::LeftGRF Data source being set to SRRun01_grf
[info] Storage: read data file = SRRun01_grf.mot (nr=10005 nc=19)
[info] ExternalForce::RightGRF Data source being set to SRRun01_grf
[info] ExternalForce::LeftGRF Data source being set to SRRun01_grf
[info] Storage: read data file = SRRun01_grf.mot (nr=10005 nc=19)
[info] ExternalForce::RightGRF Data source being set to SRRun01_grf
[info] ExternalForce::LeftGRF Data source being set to SRRun01_grf
[info] Storage: read data file = SRRun01_grf.mot (nr=10005 nc=19)
[info] ExternalForce::RightGRF Data source being set to SRRun01_grf
[info] ExternalForce::LeftGRF Data source being set to SRRun01_grf
[info] Storage: read data file = SRRun01_grf.mot (nr=10005 nc=19)
[info] ExternalForce::RightGRF Data source being set to SRRun01_grf
[info] ExternalForce::LeftGRF Data source being set to SRRun01_grf
[info] Storage: read data file = SRRun01_grf.mot (nr=10005 nc=19)
[info] ExternalForce::RightGRF Data source being set to SRRun01_grf
[info] ExternalForce::LeftGRF Data source being set to SRRun01_grf
[info] Storage: read data file = SRRun01_grf.mot (nr=10005 nc=19)
[info] ExternalForce::RightGRF Data source being set to SRRun01_grf
[info] ExternalForce::LeftGRF Data source being set to SRRun01_grf
[info] Storage: read data file = SRRun01_grf.mot (nr=10005 nc=19)
[info] ExternalForce::RightGRF Data source being set to SRRun01_grf
[info] ExternalForce::LeftGRF Data source being set to SRRun01_grf
[info] Storage: read data file = SRRun01_grf.mot (nr=10005 nc=19)
[info] ExternalForce::RightGRF Data source being set to SRRun01_grf
[info] ExternalForce::LeftGRF Data source being set to SRRun01_grf
[info] Storage: read data file = SRRun01_grf.mot (nr=10005 nc=19)
[info] ExternalForce::RightGRF Data source being set to SRRun01_grf
[info] ExternalForce::LeftGRF Data source being set to SRRun01_grf
[info] Storage: read data file = SRRun01_grf.mot (nr=10005 nc=19)
[info] ExternalForce::RightGRF Data source being set to SRRun01_grf
[info] ExternalForce::LeftGRF Data source being set to SRRun01_grf
[info] Storage: read data file = SRRun01_grf.mot (nr=10005 nc=19)
[info] ExternalForce::RightGRF Data source being set to SRRun01_grf
[info] ExternalForce::LeftGRF Data source being set to SRRun01_grf
[info] Storage: read data file = SRRun01_grf.mot (nr=10005 nc=19)
[info] ExternalForce::RightGRF Data source being set to SRRun01_grf
[info] ExternalForce::LeftGRF Data source being set to SRRun01_grf
[info] Storage: read data file = SRRun01_grf.mot (nr=10005 nc=19)
[info] ExternalForce::RightGRF Data source being set to SRRun01_grf
[info] ExternalForce::LeftGRF Data source being set to SRRun01_grf
[info] Storage: read data file = SRRun01_grf.mot (nr=10005 nc=19)
[info] ExternalForce::RightGRF Data source being set to SRRun01_grf
[info] ExternalForce::LeftGRF Data source being set to SRRun01_grf
[info] Storage: read data file = SRRun01_grf.mot (nr=10005 nc=19)
[info] ExternalForce::RightGRF Data source being set to SRRun01_grf
[info] ExternalForce::LeftGRF Data source being set to SRRun01_grf
[info] Storage: read data file = SRRun01_grf.mot (nr=10005 nc=19)
[info] ExternalForce::RightGRF Data source being set to SRRun01_grf
[info] ExternalForce::LeftGRF Data source being set to SRRun01_grf
[info] Storage: read data file = SRRun01_grf.mot (nr=10005 nc=19)
[info] ExternalForce::RightGRF Data source being set to SRRun01_grf
[info] ExternalForce::LeftGRF Data source being set to SRRun01_grf
[info] Storage: read data file = SRRun01_grf.mot (nr=10005 nc=19)
[info] ExternalForce::RightGRF Data source being set to SRRun01_grf
[info] ExternalForce::LeftGRF Data source being set to SRRun01_grf
[info] Storage: read data file = SRRun01_grf.mot (nr=10005 nc=19)
[info] ExternalForce::RightGRF Data source being set to SRRun01_grf
[info] ExternalForce::LeftGRF Data source being set to SRRun01_grf
[info] Storage: read data file = SRRun01_grf.mot (nr=10005 nc=19)
[info] ExternalForce::RightGRF Data source being set to SRRun01_grf
[info] ExternalForce::LeftGRF Data source being set to SRRun01_grf
[info] Storage: read data file = SRRun01_grf.mot (nr=10005 nc=19)
[info] ExternalForce::RightGRF Data source being set to SRRun01_grf
[info] ExternalForce::LeftGRF Data source being set to SRRun01_grf
[info] Storage: read data file = SRRun01_grf.mot (nr=10005 nc=19)
[info] ExternalForce::RightGRF Data source being set to SRRun01_grf
[info] ExternalForce::LeftGRF Data source being set to SRRun01_grf
[info] Storage: read data file = SRRun01_grf.mot (nr=10005 nc=19)
[info] ExternalForce::RightGRF Data source being set to SRRun01_grf
[info] ExternalForce::LeftGRF Data source being set to SRRun01_grf
[info] Storage: read data file = SRRun01_grf.mot (nr=10005 nc=19)
[info] ExternalForce::RightGRF Data source being set to SRRun01_grf
[info] ExternalForce::LeftGRF Data source being set to SRRun01_grf
[info] Storage: read data file = SRRun01_grf.mot (nr=10005 nc=19)
[info] ExternalForce::RightGRF Data source being set to SRRun01_grf
[info] ExternalForce::LeftGRF Data source being set to SRRun01_grf
[info] Storage: read data file = SRRun01_grf.mot (nr=10005 nc=19)
[info] ExternalForce::RightGRF Data source being set to SRRun01_grf
[info] ExternalForce::LeftGRF Data source being set to SRRun01_grf
[info] Storage: read data file = SRRun01_grf.mot (nr=10005 nc=19)
[info] ExternalForce::RightGRF Data source being set to SRRun01_grf
[info] ExternalForce::LeftGRF Data source being set to SRRun01_grf
[info] Storage: read data file = SRRun01_grf.mot (nr=10005 nc=19)
[info] ExternalForce::RightGRF Data source being set to SRRun01_grf
[info] ExternalForce::LeftGRF Data source being set to SRRun01_grf
[info] Storage: read data file = SRRun01_grf.mot (nr=10005 nc=19)
[info] ExternalForce::RightGRF Data source being set to SRRun01_grf
[info] ExternalForce::LeftGRF Data source being set to SRRun01_grf
[info] Storage: read data file = SRRun01_grf.mot (nr=10005 nc=19)
[info] ExternalForce::RightGRF Data source being set to SRRun01_grf
[info] ExternalForce::LeftGRF Data source being set to SRRun01_grf
[info] Storage: read data file = SRRun01_grf.mot (nr=10005 nc=19)
[info] ExternalForce::RightGRF Data source being set to SRRun01_grf
[info] ExternalForce::LeftGRF Data source being set to SRRun01_grf
[info] Storage: read data file = SRRun01_grf.mot (nr=10005 nc=19)
[info] ExternalForce::RightGRF Data source being set to SRRun01_grf
[info] ExternalForce::LeftGRF Data source being set to SRRun01_grf
[info] Storage: read data file = SRRun01_grf.mot (nr=10005 nc=19)
[info] ExternalForce::RightGRF Data source being set to SRRun01_grf
[info] ExternalForce::LeftGRF Data source being set to SRRun01_grf
[info] Storage: read data file = SRRun01_grf.mot (nr=10005 nc=19)
[info] ExternalForce::RightGRF Data source being set to SRRun01_grf
[info] ExternalForce::LeftGRF Data source being set to SRRun01_grf
[info] Storage: read data file = SRRun01_grf.mot (nr=10005 nc=19)
[info] ExternalForce::RightGRF Data source being set to SRRun01_grf
[info] ExternalForce::LeftGRF Data source being set to SRRun01_grf
[info] Storage: read data file = SRRun01_grf.mot (nr=10005 nc=19)
[info] ExternalForce::RightGRF Data source being set to SRRun01_grf
[info] ExternalForce::LeftGRF Data source being set to SRRun01_grf
[info] Storage: read data file = SRRun01_grf.mot (nr=10005 nc=19)
[info] ExternalForce::RightGRF Data source being set to SRRun01_grf
[info] ExternalForce::LeftGRF Data source being set to SRRun01_grf
[info] Storage: read data file = SRRun01_grf.mot (nr=10005 nc=19)
[info] ExternalForce::RightGRF Data source being set to SRRun01_grf
[info] ExternalForce::LeftGRF Data source being set to SRRun01_grf
[info] Storage: read data file = SRRun01_grf.mot (nr=10005 nc=19)
[info] ExternalForce::RightGRF Data source being set to SRRun01_grf
[info] ExternalForce::LeftGRF Data source being set to SRRun01_grf
[info] Storage: read data file = SRRun01_grf.mot (nr=10005 nc=19)
[info] ExternalForce::RightGRF Data source being set to SRRun01_grf
[info] ExternalForce::LeftGRF Data source being set to SRRun01_grf
[info] Storage: read data file = SRRun01_grf.mot (nr=10005 nc=19)
[info] ExternalForce::RightGRF Data source being set to SRRun01_grf
[info] ExternalForce::LeftGRF Data source being set to SRRun01_grf
[info] Storage: read data file = SRRun01_grf.mot (nr=10005 nc=19)
[info] ExternalForce::RightGRF Data source being set to SRRun01_grf
[info] ExternalForce::LeftGRF Data source being set to SRRun01_grf
[info] Storage: read data file = SRRun01_grf.mot (nr=10005 nc=19)
[info] ExternalForce::RightGRF Data source being set to SRRun01_grf
[info] ExternalForce::LeftGRF Data source being set to SRRun01_grf
[info] Storage: read data file = SRRun01_grf.mot (nr=10005 nc=19)
[info] ExternalForce::RightGRF Data source being set to SRRun01_grf
[info] ExternalForce::LeftGRF Data source being set to SRRun01_grf
[info] Storage: read data file = SRRun01_grf.mot (nr=10005 nc=19)
[info] ExternalForce::RightGRF Data source being set to SRRun01_grf
[info] ExternalForce::LeftGRF Data source being set to SRRun01_grf
[info] Storage: read data file = SRRun01_grf.mot (nr=10005 nc=19)
[info] ExternalForce::RightGRF Data source being set to SRRun01_grf
[info] ExternalForce::LeftGRF Data source being set to SRRun01_grf
[info] Storage: read data file = SRRun01_grf.mot (nr=10005 nc=19)
[info] ExternalForce::RightGRF Data source being set to SRRun01_grf
[info] ExternalForce::LeftGRF Data source being set to SRRun01_grf
[info] Storage: read data file = SRRun01_grf.mot (nr=10005 nc=19)
[info] ExternalForce::RightGRF Data source being set to SRRun01_grf
[info] ExternalForce::LeftGRF Data source being set to SRRun01_grf
[info] Storage: read data file = SRRun01_grf.mot (nr=10005 nc=19)
[info] ExternalForce::RightGRF Data source being set to SRRun01_grf
[info] ExternalForce::LeftGRF Data source being set to SRRun01_grf
[info] Storage: read data file = SRRun01_grf.mot (nr=10005 nc=19)
[info] ExternalForce::RightGRF Data source being set to SRRun01_grf
[info] ExternalForce::LeftGRF Data source being set to SRRun01_grf
[info] Storage: read data file = SRRun01_grf.mot (nr=10005 nc=19)
[info] ExternalForce::RightGRF Data source being set to SRRun01_grf
[info] ExternalForce::LeftGRF Data source being set to SRRun01_grf
[info] Storage: read data file = SRRun01_grf.mot (nr=10005 nc=19)
[info] ExternalForce::RightGRF Data source being set to SRRun01_grf
[info] ExternalForce::LeftGRF Data source being set to SRRun01_grf
[info] Storage: read data file = SRRun01_grf.mot (nr=10005 nc=19)
[info] ExternalForce::RightGRF Data source being set to SRRun01_grf
[info] ExternalForce::LeftGRF Data source being set to SRRun01_grf
[info] Storage: read data file = SRRun01_grf.mot (nr=10005 nc=19)
[info] ExternalForce::RightGRF Data source being set to SRRun01_grf
[info] ExternalForce::LeftGRF Data source being set to SRRun01_grf
[info] Storage: read data file = SRRun01_grf.mot (nr=10005 nc=19)
[info] ExternalForce::RightGRF Data source being set to SRRun01_grf
[info] ExternalForce::LeftGRF Data source being set to SRRun01_grf
[info] Storage: read data file = SRRun01_grf.mot (nr=10005 nc=19)
[info] ExternalForce::RightGRF Data source being set to SRRun01_grf
[info] ExternalForce::LeftGRF Data source being set to SRRun01_grf
[info] Storage: read data file = SRRun01_grf.mot (nr=10005 nc=19)
[info] ExternalForce::RightGRF Data source being set to SRRun01_grf
[info] ExternalForce::LeftGRF Data source being set to SRRun01_grf
[info] Storage: read data file = SRRun01_grf.mot (nr=10005 nc=19)
[info] ExternalForce::RightGRF Data source being set to SRRun01_grf
[info] ExternalForce::LeftGRF Data source being set to SRRun01_grf
[info] Storage: read data file = SRRun01_grf.mot (nr=10005 nc=19)
[info] ExternalForce::RightGRF Data source being set to SRRun01_grf
[info] ExternalForce::LeftGRF Data source being set to SRRun01_grf
[info] Storage: read data file = SRRun01_grf.mot (nr=10005 nc=19)
[info] ExternalForce::RightGRF Data source being set to SRRun01_grf
[info] ExternalForce::LeftGRF Data source being set to SRRun01_grf
[info] Storage: read data file = SRRun01_grf.mot (nr=10005 nc=19)
[info] ExternalForce::RightGRF Data source being set to SRRun01_grf
[info] ExternalForce::LeftGRF Data source being set to SRRun01_grf
[info] Storage: read data file = SRRun01_grf.mot (nr=10005 nc=19)
[info] ExternalForce::RightGRF Data source being set to SRRun01_grf
[info] ExternalForce::LeftGRF Data source being set to SRRun01_grf
[info] Storage: read data file = SRRun01_grf.mot (nr=10005 nc=19)
[info] ExternalForce::RightGRF Data source being set to SRRun01_grf
[info] ExternalForce::LeftGRF Data source being set to SRRun01_grf
[info] Storage: read data file = SRRun01_grf.mot (nr=10005 nc=19)
[info] ExternalForce::RightGRF Data source being set to SRRun01_grf
[info] ExternalForce::LeftGRF Data source being set to SRRun01_grf
[info] Storage: read data file = SRRun01_grf.mot (nr=10005 nc=19)
[info] ExternalForce::RightGRF Data source being set to SRRun01_grf
[info] ExternalForce::LeftGRF Data source being set to SRRun01_grf
[info] Storage: read data file = SRRun01_grf.mot (nr=10005 nc=19)
[info] ExternalForce::RightGRF Data source being set to SRRun01_grf
[info] ExternalForce::LeftGRF Data source being set to SRRun01_grf
[info] Storage: read data file = SRRun01_grf.mot (nr=10005 nc=19)
[info] ExternalForce::RightGRF Data source being set to SRRun01_grf
[info] ExternalForce::LeftGRF Data source being set to SRRun01_grf
[info] Storage: read data file = SRRun01_grf.mot (nr=10005 nc=19)
[info] ExternalForce::RightGRF Data source being set to SRRun01_grf
[info] ExternalForce::LeftGRF Data source being set to SRRun01_grf
[info] Storage: read data file = SRRun01_grf.mot (nr=10005 nc=19)
[info] ExternalForce::RightGRF Data source being set to SRRun01_grf
[info] ExternalForce::LeftGRF Data source being set to SRRun01_grf
[info] Storage: read data file = SRRun01_grf.mot (nr=10005 nc=19)
[info] ExternalForce::RightGRF Data source being set to SRRun01_grf
[info] ExternalForce::LeftGRF Data source being set to SRRun01_grf
[info] Storage: read data file = SRRun01_grf.mot (nr=10005 nc=19)
[info] ExternalForce::RightGRF Data source being set to SRRun01_grf
[info] ExternalForce::LeftGRF Data source being set to SRRun01_grf
[info] Storage: read data file = SRRun01_grf.mot (nr=10005 nc=19)
[info] ExternalForce::RightGRF Data source being set to SRRun01_grf
[info] ExternalForce::LeftGRF Data source being set to SRRun01_grf
[info] Storage: read data file = SRRun01_grf.mot (nr=10005 nc=19)
[info] ExternalForce::RightGRF Data source being set to SRRun01_grf
[info] ExternalForce::LeftGRF Data source being set to SRRun01_grf
[info] Storage: read data file = SRRun01_grf.mot (nr=10005 nc=19)
[info] ExternalForce::RightGRF Data source being set to SRRun01_grf
[info] ExternalForce::LeftGRF Data source being set to SRRun01_grf
[info] Storage: read data file = SRRun01_grf.mot (nr=10005 nc=19)
[info] ExternalForce::RightGRF Data source being set to SRRun01_grf
[info] ExternalForce::LeftGRF Data source being set to SRRun01_grf
[info] Storage: read data file = SRRun01_grf.mot (nr=10005 nc=19)
[info] ExternalForce::RightGRF Data source being set to SRRun01_grf
[info] ExternalForce::LeftGRF Data source being set to SRRun01_grf
[info] Storage: read data file = SRRun01_grf.mot (nr=10005 nc=19)
[info] ExternalForce::RightGRF Data source being set to SRRun01_grf
[info] ExternalForce::LeftGRF Data source being set to SRRun01_grf
[info] Storage: read data file = SRRun01_grf.mot (nr=10005 nc=19)
[info] ExternalForce::RightGRF Data source being set to SRRun01_grf
[info] ExternalForce::LeftGRF Data source being set to SRRun01_grf
[info] Storage: read data file = SRRun01_grf.mot (nr=10005 nc=19)
[info] ExternalForce::RightGRF Data source being set to SRRun01_grf
[info] ExternalForce::LeftGRF Data source being set to SRRun01_grf
[info] Storage: read data file = SRRun01_grf.mot (nr=10005 nc=19)
[info] ExternalForce::RightGRF Data source being set to SRRun01_grf
[info] ExternalForce::LeftGRF Data source being set to SRRun01_grf
[info] Storage: read data file = SRRun01_grf.mot (nr=10005 nc=19)
[info] ExternalForce::RightGRF Data source being set to SRRun01_grf
[info] ExternalForce::LeftGRF Data source being set to SRRun01_grf
[info] Storage: read data file = SRRun01_grf.mot (nr=10005 nc=19)
[info] ExternalForce::RightGRF Data source being set to SRRun01_grf
[info] ExternalForce::LeftGRF Data source being set to SRRun01_grf
[info] Storage: read data file = SRRun01_grf.mot (nr=10005 nc=19)
[info] ExternalForce::RightGRF Data source being set to SRRun01_grf
[info] ExternalForce::LeftGRF Data source being set to SRRun01_grf
[info] Storage: read data file = SRRun01_grf.mot (nr=10005 nc=19)
[info] ExternalForce::RightGRF Data source being set to SRRun01_grf
[info] ExternalForce::LeftGRF Data source being set to SRRun01_grf
[info] Storage: read data file = SRRun01_grf.mot (nr=10005 nc=19)
[info] ExternalForce::RightGRF Data source being set to SRRun01_grf
[info] ExternalForce::LeftGRF Data source being set to SRRun01_grf
[info] Storage: read data file = SRRun01_grf.mot (nr=10005 nc=19)
[info] ExternalForce::RightGRF Data source being set to SRRun01_grf
[info] ExternalForce::LeftGRF Data source being set to SRRun01_grf
[info] Storage: read data file = SRRun01_grf.mot (nr=10005 nc=19)
[info] ExternalForce::RightGRF Data source being set to SRRun01_grf
[info] ExternalForce::LeftGRF Data source being set to SRRun01_grf
[info] Storage: read data file = SRRun01_grf.mot (nr=10005 nc=19)
[info] ExternalForce::RightGRF Data source being set to SRRun01_grf
[info] ExternalForce::LeftGRF Data source being set to SRRun01_grf
[info] Storage: read data file = SRRun01_grf.mot (nr=10005 nc=19)
[info] ExternalForce::RightGRF Data source being set to SRRun01_grf
[info] ExternalForce::LeftGRF Data source being set to SRRun01_grf
[info] Storage: read data file = SRRun01_grf.mot (nr=10005 nc=19)
[info] ExternalForce::RightGRF Data source being set to SRRun01_grf
[info] ExternalForce::LeftGRF Data source being set to SRRun01_grf
[info] Storage: read data file = SRRun01_grf.mot (nr=10005 nc=19)
[info] ExternalForce::RightGRF Data source being set to SRRun01_grf
[info] ExternalForce::LeftGRF Data source being set to SRRun01_grf
[info] Number of threads: 96

List of user-set options:

                                    Name   Value                used
                acceptable_compl_inf_tol = 0.001                 yes
              acceptable_constr_viol_tol = 1                     yes
                 acceptable_dual_inf_tol = 0.001                 yes
                          acceptable_tol = 0.001                 yes
                           compl_inf_tol = 0.001                 yes
                         constr_viol_tol = 1                     yes
                            dual_inf_tol = 0.001                 yes
                   hessian_approximation = limited-memory        yes
                           linear_solver = mumps                 yes
                                max_iter = 3000                  yes
                      print_user_options = yes                   yes
                                     tol = 0.001                 yes

******************************************************************************
This program contains Ipopt, a library for large-scale nonlinear optimization.
 Ipopt is released as open source code under the Eclipse Public License (EPL).
         For more information visit https://github.com/coin-or/Ipopt
******************************************************************************

This is Ipopt version 3.14.16, running with linear solver MUMPS 5.6.2.

Number of nonzeros in equality constraint Jacobian...:  1036810
Number of nonzeros in inequality constraint Jacobian.:        0
Number of nonzeros in Lagrangian Hessian.............:        0

Total number of variables............................:     8210
                     variables with only lower bounds:        0
                variables with lower and upper bounds:     7292
                     variables with only upper bounds:        0
Total number of equality constraints.................:     6666
Total number of inequality constraints...............:        0
        inequality constraints with only lower bounds:        0
   inequality constraints with lower and upper bounds:        0
        inequality constraints with only upper bounds:        0

iter    objective    inf_pr   inf_du lg(mu)  ||d||  lg(rg) alpha_du alpha_pr  ls
   0  1.1417970e+00 3.38e+02 1.90e-02   0.0 0.00e+00    -  0.00e+00 0.00e+00   0
   1  1.7141124e+00 3.33e+02 2.28e+02  -2.8 1.40e+02    -  8.40e-03 1.49e-02h  1
   2  4.0572821e+00 3.23e+02 5.24e+02  -2.8 1.52e+02    -  2.50e-02 3.04e-02h  1
   3  1.0347131e+01 3.06e+02 1.26e+03  -2.8 1.62e+02    -  4.89e-02 5.31e-02h  1
   4  1.0755749e+01 3.04e+02 1.34e+03  -2.8 1.68e+02    -  4.10e-02 6.92e-03h  1
   5  3.1671121e+01 2.78e+02 2.32e+03  -2.9 1.75e+02    -  3.45e-02 8.57e-02h  1
   6  3.3135012e+01 2.72e+02 2.56e+03  -2.9 1.84e+02    -  5.38e-02 2.09e-02h  1
   7  3.6306370e+01 2.62e+02 2.99e+03  -2.9 1.91e+02    -  7.16e-02 3.71e-02h  1
   8  3.7888007e+01 2.55e+02 3.21e+03  -2.9 1.98e+02    -  7.12e-02 2.40e-02h  1
   9  4.2760819e+01 2.40e+02 3.77e+03  -3.0 2.04e+02    -  6.76e-02 6.16e-02h  1
iter    objective    inf_pr   inf_du lg(mu)  ||d||  lg(rg) alpha_du alpha_pr  ls
  10  4.4084270e+01 2.26e+02 4.17e+03  -3.0 2.10e+02    -  6.09e-02 5.58e-02h  1
  11  4.4038157e+01 2.17e+02 4.49e+03  -3.0 2.11e+02    -  6.35e-02 4.34e-02h  1
  12  4.2664890e+01 2.10e+02 4.64e+03  -3.1 2.09e+02    -  3.24e-02 3.22e-02h  1
  13  4.7251820e+01 1.91e+02 4.94e+03  -3.1 1.99e+02    -  6.27e-04 8.71e-02h  1
  14  4.8673080e+01 1.84e+02 5.09e+03  -3.1 1.86e+02    -  7.26e-02 3.77e-02h  1
  15  4.9588687e+01 1.76e+02 5.26e+03  -3.1 1.87e+02    -  3.01e-03 4.56e-02h  1
  16  5.2156585e+01 1.65e+02 5.52e+03  -3.1 1.83e+02    -  8.95e-02 6.13e-02h  1
  17  5.1605535e+01 1.62e+02 5.57e+03  -3.1 1.77e+02    -  1.19e-01 1.54e-02h  1
  18  4.9205654e+01 1.59e+02 5.69e+03  -3.2 1.86e+02    -  9.73e-02 2.25e-02h  1
  19  4.8465808e+01 1.37e+02 5.68e+03  -3.2 1.73e+02    -  5.53e-02 1.35e-01h  1
iter    objective    inf_pr   inf_du lg(mu)  ||d||  lg(rg) alpha_du alpha_pr  ls
  20  6.1444655e+01 1.24e+02 5.88e+03  -3.3 1.66e+02    -  3.54e-03 9.72e-02h  1
  21  6.0708958e+01 1.23e+02 5.87e+03  -3.3 1.42e+02    -  9.00e-02 9.27e-03h  1
  22  7.7062491e+01 1.06e+02 5.85e+03  -3.3 1.48e+02    -  5.52e-02 1.37e-01h  1
  23  6.8321221e+01 9.90e+01 5.75e+03  -3.3 1.18e+02    -  6.22e-02 6.61e-02h  1
  24  8.8058839e+01 8.71e+01 5.31e+03  -3.4 1.20e+02    -  8.61e-02 1.20e-01h  1
  25  8.6183874e+01 8.58e+01 5.25e+03  -3.4 1.01e+02    -  1.07e-01 1.46e-02h  1
  26  9.6657093e+01 8.09e+01 5.08e+03  -3.4 1.05e+02    -  7.76e-02 5.67e-02h  1
  27  9.4616287e+01 7.98e+01 5.03e+03  -3.5 9.53e+01    -  3.27e-02 1.39e-02h  1
  28  9.1744633e+01 7.96e+01 5.02e+03  -3.5 8.94e+01    -  4.56e-03 2.47e-03f  1
  29  8.8767914e+01 7.84e+01 4.97e+03  -3.5 9.45e+01    -  3.61e-03 1.47e-02h  1
iter    objective    inf_pr   inf_du lg(mu)  ||d||  lg(rg) alpha_du alpha_pr  ls
  30  8.3237739e+01 7.79e+01 4.95e+03  -3.5 8.89e+01    -  1.00e-03 6.19e-03f  1
  31  7.5767138e+01 7.38e+01 4.75e+03  -3.5 8.86e+01    -  3.51e-02 5.33e-02h  1
  32  6.6376517e+01 7.29e+01 4.69e+03  -3.5 9.26e+01    -  5.42e-03 1.19e-02f  1
  33  6.5953381e+01 7.26e+01 4.67e+03  -3.5 8.82e+01    -  7.15e-02 3.64e-03h  1
  34  6.4438805e+01 7.24e+01 4.66e+03  -3.6 1.06e+02    -  9.75e-03 2.69e-03f  1
  35  5.9708949e+01 6.91e+01 4.46e+03  -3.6 8.82e+01    -  2.59e-02 4.64e-02h  1
  36  5.4314088e+01 6.74e+01 4.37e+03  -3.6 9.42e+01    -  1.06e-03 2.40e-02f  1
  37  5.0794901e+01 6.49e+01 4.23e+03  -3.6 8.44e+01    -  1.83e-02 3.71e-02h  1
  38  4.6158780e+01 6.35e+01 4.15e+03  -3.6 9.03e+01    -  6.60e-03 2.10e-02f  1
  39  4.6023435e+01 6.34e+01 4.14e+03  -3.6 8.08e+01    -  4.44e-02 1.61e-03h  1
iter    objective    inf_pr   inf_du lg(mu)  ||d||  lg(rg) alpha_du alpha_pr  ls
  40  4.3454979e+01 6.19e+01 4.05e+03  -3.6 8.83e+01    -  3.84e-03 2.39e-02h  1
  41  3.9315096e+01 5.74e+01 3.78e+03  -3.6 8.18e+01    -  2.22e-02 7.21e-02h  1
  42  3.7078105e+01 5.65e+01 3.73e+03  -3.6 8.97e+01    -  3.81e-02 1.68e-02h  1
  43  3.4369375e+01 4.91e+01 3.29e+03  -3.6 7.70e+01    -  5.95e-03 1.30e-01h  1
  44  3.4158793e+01 4.54e+01 3.07e+03  -3.6 8.71e+01    -  4.67e-02 7.42e-02f  1
  45  3.3157170e+01 4.31e+01 2.92e+03  -3.6 6.54e+01    -  1.03e-01 5.14e-02h  1
  46  3.1325363e+01 4.16e+01 2.82e+03  -3.7 8.49e+01    -  7.82e-02 3.50e-02h  1
  47  2.9804115e+01 3.87e+01 2.63e+03  -3.7 6.81e+01    -  3.47e-03 7.04e-02h  1
  48  2.8521030e+01 3.80e+01 2.59e+03  -3.7 8.98e+01    -  4.34e-02 1.64e-02h  1
  49  2.6529973e+01 3.31e+01 2.24e+03  -3.8 7.87e+01    -  5.01e-02 1.30e-01h  1
iter    objective    inf_pr   inf_du lg(mu)  ||d||  lg(rg) alpha_du alpha_pr  ls
  50  2.5342933e+01 3.10e+01 2.09e+03  -3.8 7.73e+01    -  2.22e-02 6.41e-02h  1
  51  2.3126930e+01 2.84e+01 1.90e+03  -3.8 7.08e+01    -  1.21e-01 8.26e-02h  1
  52  2.2864514e+01 2.53e+01 1.64e+03  -3.8 9.56e+01    -  7.58e-02 1.10e-01f  1
  53  2.1234102e+01 2.39e+01 1.55e+03  -3.9 6.90e+01    -  4.05e-02 5.19e-02h  1
  54  2.0923574e+01 2.37e+01 1.53e+03  -3.9 5.23e+01    -  5.63e-02 1.01e-02h  1
  55  1.9424774e+01 2.16e+01 1.40e+03  -3.9 4.74e+01    -  5.47e-02 8.95e-02h  1
  56  1.8504887e+01 2.09e+01 1.35e+03  -3.9 4.56e+01    -  4.21e-02 3.07e-02h  1
  57  1.7908835e+01 1.75e+01 1.13e+03  -4.0 4.22e+01    -  1.07e-01 1.62e-01h  1
  58  1.7183334e+01 1.48e+01 9.45e+02  -4.0 3.73e+01    -  1.36e-01 1.55e-01h  1
  59  1.6929514e+01 1.46e+01 9.30e+02  -4.1 3.45e+01    -  1.25e-01 1.58e-02h  1
iter    objective    inf_pr   inf_du lg(mu)  ||d||  lg(rg) alpha_du alpha_pr  ls
  60  1.9363450e+01 1.14e+01 7.22e+02  -4.1 5.32e+01    -  7.80e-03 2.14e-01h  1
  61  1.7570315e+01 9.72e+00 6.11e+02  -4.1 3.75e+01    -  1.37e-01 1.49e-01h  1
  62  1.6347726e+01 9.24e+00 5.80e+02  -4.2 2.45e+01    -  6.67e-03 4.94e-02h  1
  63  1.5003592e+01 8.12e+00 5.09e+02  -4.2 1.92e+01    -  8.59e-02 1.21e-01h  1
  64  1.3795427e+01 7.67e+00 4.81e+02  -4.2 1.60e+01    -  7.67e-02 5.59e-02h  1
  65  1.3780876e+01 7.64e+00 4.79e+02  -4.3 1.56e+01    -  3.71e-02 3.88e-03h  1
  66  1.4497251e+01 7.07e+00 4.42e+02  -4.3 1.81e+01    -  1.07e-02 7.52e-02h  1
  67  1.3983299e+01 6.35e+00 3.97e+02  -4.3 1.41e+01    -  1.55e-03 1.02e-01h  1
  68  1.3602115e+01 6.27e+00 3.92e+02  -4.3 1.15e+01    -  3.42e-04 1.23e-02h  1
  69  1.3340098e+01 5.67e+00 3.54e+02  -4.3 1.26e+01    -  2.21e-01 9.62e-02h  1
iter    objective    inf_pr   inf_du lg(mu)  ||d||  lg(rg) alpha_du alpha_pr  ls
  70  1.3184064e+01 5.57e+00 3.48e+02  -4.4 1.60e+01    -  5.92e-03 1.74e-02h  1
  71  1.2794109e+01 4.37e+00 2.73e+02  -4.4 1.12e+01    -  1.55e-01 2.15e-01h  1
  72  1.3592461e+01 4.09e+00 2.56e+02  -4.5 1.59e+01    -  3.10e-02 6.43e-02h  1
  73  1.3580546e+01 4.08e+00 2.55e+02  -4.5 8.20e+00    -  2.79e-01 3.47e-03h  1
  74  1.3466587e+01 4.02e+00 2.51e+02  -4.6 9.04e+00    -  1.03e-02 1.51e-02h  1
  75  1.2447628e+01 2.79e+00 1.74e+02  -4.6 8.59e+00    -  1.57e-02 3.07e-01h  1
  76  1.2132567e+01 2.70e+00 1.69e+02  -4.6 1.11e+01    -  6.20e-02 3.13e-02h  1
  77  1.1774377e+01 1.66e+00 1.04e+02  -4.7 5.96e+00    -  2.26e-01 3.86e-01h  1
  78  1.1661917e+01 1.53e+00 9.54e+01  -4.8 1.21e+01    -  7.40e-02 7.99e-02h  1
  79  1.1522198e+01 1.39e+00 8.64e+01  -4.8 7.21e+00    -  1.56e-01 9.50e-02h  1
iter    objective    inf_pr   inf_du lg(mu)  ||d||  lg(rg) alpha_du alpha_pr  ls
  80  1.1511534e+01 1.38e+00 8.59e+01  -4.9 8.38e+00    -  1.35e-01 6.09e-03h  1
  81  1.1338798e+01 1.23e+00 7.48e+01  -5.0 1.72e+01    -  5.38e-02 1.31e-01h  1
  82  1.1221146e+01 1.21e+00 7.34e+01  -5.0 3.51e+01    -  8.90e-02 1.91e-02h  1
  83  1.0964867e+01 1.19e+00 7.08e+01  -5.0 6.58e+01    -  4.06e-02 3.76e-02h  1
  84  1.0737019e+01 1.15e+00 6.73e+01  -5.0 4.00e+01    -  5.64e-02 5.06e-02h  1
  85  1.0668899e+01 1.14e+00 6.66e+01  -5.1 3.82e+01    -  3.18e-02 9.79e-03h  1
  86  1.0439102e+01 1.09e+00 6.33e+01  -5.1 4.07e+01    -  7.12e-03 4.59e-02h  1
  87  1.0274295e+01 1.06e+00 6.14e+01  -5.1 3.10e+01    -  3.00e-02 2.76e-02h  1
  88  1.0073841e+01 1.03e+00 5.92e+01  -5.1 4.38e+01    -  2.82e-02 3.20e-02h  1
  89  1.0437808e+01 1.02e+00 5.64e+01  -5.1 7.75e+01    -  2.30e-02 3.92e-02h  1
iter    objective    inf_pr   inf_du lg(mu)  ||d||  lg(rg) alpha_du alpha_pr  ls
  90  1.0253055e+01 9.96e-01 5.43e+01  -5.1 3.79e+01    -  7.13e-02 3.33e-02h  1
  91  1.0023501e+01 9.92e-01 5.32e+01  -5.2 1.03e+02    -  3.47e-02 1.25e-02h  1
  92  9.7026751e+00 9.71e-01 5.09e+01  -5.2 4.36e+01    -  2.47e-02 3.77e-02h  1
  93  9.4815473e+00 9.56e-01 4.95e+01  -5.2 5.83e+01    -  1.22e-02 2.36e-02h  1
  94  9.3611589e+00 9.37e-01 4.83e+01  -5.2 2.87e+01    -  4.74e-02 2.13e-02h  1
  95  9.6634820e+00 8.91e-01 4.44e+01  -5.2 3.01e+01    -  3.56e-02 7.62e-02h  1
  96  9.6066726e+00 8.77e-01 4.36e+01  -5.2 1.65e+01    -  3.14e-02 1.64e-02h  1
  97  9.4082781e+00 8.66e-01 4.58e+01  -5.2 6.94e+01    -  8.18e-03 2.11e-02f  1
  98  9.2626678e+00 8.43e-01 4.60e+01  -5.2 2.69e+01    -  6.88e-02 2.95e-02h  1
  99  9.1621538e+00 8.33e-01 4.77e+01  -5.3 6.53e+01    -  1.81e-02 2.20e-02h  1
iter    objective    inf_pr   inf_du lg(mu)  ||d||  lg(rg) alpha_du alpha_pr  ls
 100  9.0854805e+00 8.16e-01 4.74e+01  -5.3 1.36e+01    -  3.94e-02 2.03e-02h  1
 101  8.9300638e+00 7.87e-01 4.74e+01  -5.3 2.03e+01    -  2.20e-02 3.73e-02h  1
 102  8.7497992e+00 7.56e-01 4.76e+01  -5.3 2.37e+01    -  5.59e-02 4.19e-02h  1
 103  8.5782711e+00 7.20e-01 4.77e+01  -5.3 2.15e+01    -  9.41e-03 4.82e-02h  1
 104  8.4861768e+00 6.96e-01 4.72e+01  -5.3 1.53e+01    -  4.89e-02 3.40e-02h  1
 105  8.4064801e+00 6.76e-01 4.71e+01  -5.4 2.01e+01    -  2.76e-02 2.85e-02h  1
 106  8.3997572e+00 6.74e-01 4.70e+01  -5.4 1.63e+01    -  6.68e-02 3.17e-03h  1
 107  8.3538301e+00 6.35e-01 4.57e+01  -5.4 2.07e+01    -  5.42e-03 5.55e-02h  1
 108  8.3118516e+00 6.18e-01 4.49e+01  -5.4 1.35e+01    -  1.92e-02 2.78e-02h  1
 109  8.2922838e+00 5.72e-01 4.41e+01  -5.4 3.20e+01    -  5.43e-03 6.53e-02h  1
iter    objective    inf_pr   inf_du lg(mu)  ||d||  lg(rg) alpha_du alpha_pr  ls
 110  8.1851178e+00 5.47e-01 4.40e+01  -5.4 3.62e+01    -  6.61e-02 3.92e-02h  1
 111  8.1514592e+00 5.32e-01 4.53e+01  -5.4 6.59e+01    -  1.66e-03 2.29e-02h  1
 112  8.0489459e+00 5.12e-01 4.51e+01  -5.4 3.50e+01    -  1.64e-02 3.49e-02h  1
 113  8.0259070e+00 5.10e-01 4.52e+01  -5.4 4.77e+01    -  3.27e-02 3.29e-03h  1
 114  7.9836891e+00 5.02e-01 4.51e+01  -5.5 2.77e+01    -  1.16e-02 1.51e-02h  1
 115  8.0720188e+00 4.92e-01 4.57e+01  -5.5 6.18e+01    -  6.52e-03 2.10e-02h  1
 116  8.0291149e+00 4.82e-01 4.51e+01  -5.5 1.75e+01    -  2.67e-02 2.00e-02h  1
 117  7.9548823e+00 4.79e-01 4.52e+01  -5.5 5.86e+01    -  3.48e-03 6.53e-03h  1
 118  7.9445198e+00 4.77e-01 4.51e+01  -5.5 2.41e+01    -  1.25e-02 3.00e-03h  1
 119  7.9965054e+00 4.67e-01 4.54e+01  -5.5 7.51e+01    -  1.05e-02 2.37e-02h  1
iter    objective    inf_pr   inf_du lg(mu)  ||d||  lg(rg) alpha_du alpha_pr  ls
 120  7.9670864e+00 4.63e-01 4.53e+01  -5.5 3.19e+01    -  2.72e-02 8.07e-03h  1
 121  7.8737651e+00 4.55e-01 4.55e+01  -5.5 8.00e+01    -  4.48e-03 1.96e-02h  1
 122  7.8702000e+00 4.54e-01 4.55e+01  -5.5 5.38e+01    -  4.56e-02 6.12e-04h  1
 123  7.8895523e+00 4.46e-01 4.58e+01  -5.5 8.98e+01    -  9.03e-03 1.84e-02h  1
 124  7.8275764e+00 4.38e-01 4.55e+01  -5.5 3.89e+01    -  5.45e-03 1.58e-02h  1
 125  7.7943672e+00 4.38e-01 4.55e+01  -5.5 8.15e+01    -  1.86e-03 1.17e-03h  1
 126  7.6329386e+00 3.91e-01 4.06e+01  -5.5 1.03e+01    -  1.00e-02 1.08e-01h  1
 127  7.6435970e+00 3.88e-01 4.09e+01  -5.5 8.89e+01    -  8.17e-03 8.09e-03h  3
 128  7.6058750e+00 3.80e-01 4.03e+01  -5.5 2.04e+01    -  4.40e-02 2.02e-02h  1
 129  8.1884543e+00 3.78e-01 4.07e+01  -5.6 1.16e+02    -  2.45e-02 1.13e-02h  1
iter    objective    inf_pr   inf_du lg(mu)  ||d||  lg(rg) alpha_du alpha_pr  ls
 130  8.1399363e+00 3.71e-01 4.01e+01  -5.6 1.69e+01    -  5.18e-02 1.70e-02h  1
 131  8.0534977e+00 3.71e-01 4.00e+01  -5.6 8.07e+01    -  3.39e-03 7.14e-04f  1
 132  7.9175980e+00 3.48e-01 3.76e+01  -5.6 1.22e+01    -  1.44e-03 6.20e-02h  1
 133  1.4175886e+01 3.49e-01 3.71e+01  -1.7 7.56e+02    -  7.00e-04 1.97e-03f  1
 134  1.4392372e+01 3.49e-01 3.69e+01   0.3 9.44e+03    -  1.38e-05 1.02e-04f  1
 135  1.5716238e+01 3.49e-01 3.68e+01   0.3 9.15e+03    -  8.42e-05 9.21e-05f  1
 136  1.6703827e+01 3.45e-01 3.57e+01   0.3 8.49e+03    -  2.24e-04 2.76e-04f  1
 137  2.1656495e+01 5.65e-01 3.47e+01   0.3 4.04e+03    -  4.16e-04 5.62e-04f  1
 138  2.4851301e+01 1.08e+00 3.41e+01   0.3 1.37e+03    -  1.12e-03 1.28e-03f  1
 139  2.9901331e+01 1.88e+00 3.14e+01   0.3 1.80e+03    -  2.15e-03 2.03e-03f  1
iter    objective    inf_pr   inf_du lg(mu)  ||d||  lg(rg) alpha_du alpha_pr  ls
 140  4.0087169e+01 1.67e+00 3.70e+01   0.3 1.08e+03    -  7.04e-03 4.68e-03f  1
 141  5.4354330e+01 1.80e+00 4.20e+01   0.3 6.85e+02    -  2.56e-02 1.13e-02f  1
 142  1.1652991e+02 5.28e+00 7.37e+01   0.3 3.40e+02    -  5.70e-02 4.72e-02f  1
 143  2.4419716e+02 7.74e+00 1.66e+02   0.3 1.33e+02    -  8.40e-02 1.32e-01f  1
 144  2.8357955e+02 7.13e+00 2.62e+02   0.3 5.67e+01    -  8.36e-01 1.84e-01f  1
 145  4.5324109e+02 5.54e+00 4.41e+02   0.3 2.14e+01    -  1.00e+00 8.26e-01h  1
 146  2.8786941e+02 2.73e+00 4.40e+02   0.3 1.54e+01    -  1.00e+00 6.67e-01f  1
 147  1.9528898e+02 5.18e-01 1.74e+02   0.3 6.30e+00    -  1.00e+00 1.00e+00f  1
 148  1.6422071e+02 2.62e-01 1.32e+02   0.3 3.59e+00    -  1.00e+00 1.00e+00f  1
 149  8.6028418e+01 1.47e-01 6.15e+01  -0.3 2.67e+00    -  9.91e-01 1.00e+00f  1
iter    objective    inf_pr   inf_du lg(mu)  ||d||  lg(rg) alpha_du alpha_pr  ls
 150  5.4171743e+01 3.04e-01 4.58e+01  -0.7 3.40e+00    -  9.97e-01 1.00e+00f  1
 151  3.6939731e+01 1.39e-01 2.48e+01  -1.1 1.97e+00    -  1.00e+00 1.00e+00f  1
 152  2.9897896e+01 3.75e-01 6.74e+00  -1.6 1.05e+00    -  1.00e+00 1.00e+00f  1
 153  2.5906069e+01 1.95e-01 6.98e+00  -1.6 1.37e+00    -  9.38e-01 6.67e-01f  1
 154  2.2381478e+01 3.29e-01 7.88e+00  -1.8 3.25e+00    -  9.96e-01 9.52e-01f  1
 155  2.3901536e+01 1.14e-01 2.31e+01  -1.9 5.78e+00    -  8.67e-01 1.00e+00H  1
 156  2.5073638e+01 9.82e-03 3.40e+01  -2.0 1.97e+00    -  9.92e-01 1.00e+00H  1
 157  1.7227066e+01 1.34e-01 1.15e+01  -2.3 2.23e+00    -  1.00e+00 1.00e+00f  1
 158  1.6982596e+01 7.36e-02 5.45e+00  -2.0 5.19e-01    -  1.00e+00 5.41e-01h  1
 159  1.6082867e+01 3.73e-02 1.53e+00  -2.7 8.53e-01    -  1.00e+00 1.00e+00h  1
iter    objective    inf_pr   inf_du lg(mu)  ||d||  lg(rg) alpha_du alpha_pr  ls
 160  1.5097570e+01 2.70e-01 9.46e+00  -2.7 4.63e+00    -  9.90e-01 4.97e-01f  1
 161  1.6801603e+01 5.12e-01 1.39e+01  -2.5 1.73e+00    -  1.00e+00 1.00e+00h  1
 162  1.4434158e+01 1.34e-01 5.81e+00  -2.6 1.26e+00    -  9.26e-01 1.00e+00f  1
 163  1.3377688e+01 8.97e-02 2.85e+00  -3.1 8.66e-01    -  1.00e+00 6.91e-01f  1
 164  1.2799694e+01 4.14e-02 1.42e+00  -3.1 1.10e+00    -  1.00e+00 5.74e-01h  1
 165  1.2455175e+01 1.05e-01 5.43e+00  -3.2 2.00e+00    -  1.00e+00 2.61e-01h  1
 166  1.2123683e+01 2.06e-02 4.49e+00  -3.2 1.51e+00    -  9.95e-01 1.00e+00H  1
 167  1.1826933e+01 7.38e-02 6.82e+00  -3.3 2.43e+00    -  6.77e-01 6.41e-01f  1
 168  1.2999999e+01 1.52e-01 4.99e+00  -2.9 9.70e-01    -  6.10e-01 1.00e+00f  1
 169  1.1576328e+01 3.17e-02 7.29e-01  -3.1 7.24e-01    -  1.00e+00 1.00e+00h  1
iter    objective    inf_pr   inf_du lg(mu)  ||d||  lg(rg) alpha_du alpha_pr  ls
 170  1.1251234e+01 2.48e-02 1.70e+00  -3.2 5.24e-01    -  1.00e+00 8.49e-01h  1
 171  1.0988148e+01 9.80e-02 1.96e+00  -3.4 1.08e+00    -  1.00e+00 8.21e-01h  1
 172  1.1308386e+01 1.61e-01 2.17e+00  -2.9 2.04e+00    -  5.96e-01 4.15e-01f  1
 173  1.1967607e+01 1.75e-01 1.52e+00  -3.1 1.56e+00    -  8.91e-01 7.71e-01h  1
 174  1.1273050e+01 8.00e-02 7.06e-01  -3.1 7.84e-01    -  1.00e+00 1.00e+00f  1
 175  1.0734750e+01 3.37e-02 1.08e+00  -3.2 4.39e-01    -  1.00e+00 5.60e-01h  1
 176  1.0340370e+01 3.68e-02 1.19e+00  -3.7 1.06e+00    -  1.00e+00 5.67e-01h  1
 177  1.1329974e+01 1.38e-01 1.02e+00  -2.8 2.52e+00    -  2.96e-01 3.34e-01f  1
 178  1.0703301e+01 1.19e-01 1.51e+00  -3.3 1.20e+00    -  1.00e+00 8.42e-01h  1
 179  1.0835301e+01 4.28e-02 9.04e-01  -3.3 8.53e-01    -  1.00e+00 7.13e-01h  1
iter    objective    inf_pr   inf_du lg(mu)  ||d||  lg(rg) alpha_du alpha_pr  ls
 180  1.0157249e+01 2.12e-02 2.89e-01  -3.3 4.58e-01    -  1.00e+00 1.00e+00f  1
 181  9.9649659e+00 1.03e-02 2.33e+00  -3.8 5.87e-01    -  1.00e+00 5.30e-01h  1
 182  9.8912130e+00 5.77e-02 2.52e+00  -3.5 5.01e+00    -  1.00e+00 1.34e-01h  1
 183  9.9528711e+00 1.05e-01 1.56e+00  -3.1 6.92e+00    -  3.80e-01 9.97e-02h  3
 184  9.8014151e+00 2.43e-01 1.95e+00  -3.4 4.01e+00    -  3.30e-01 3.10e-01h  2
 185  9.7744415e+00 7.09e-01 3.41e+00  -3.1 1.54e+01    -  3.06e-01 1.42e-01h  1
 186  9.7273982e+00 6.97e-01 5.59e+00  -3.0 9.72e+00    -  2.63e-01 6.89e-02h  2
 187  9.5392418e+00 5.50e-01 1.09e+01  -3.5 3.51e+00    -  5.32e-01 2.78e-01h  1
 188  9.5251124e+00 3.51e-01 4.36e+00  -3.3 1.34e+00    -  5.40e-01 3.50e-01h  1
 189  9.1503782e+00 1.02e-01 1.37e+00  -3.6 6.28e-01    -  9.05e-01 7.73e-01h  1
iter    objective    inf_pr   inf_du lg(mu)  ||d||  lg(rg) alpha_du alpha_pr  ls
 190  9.0958802e+00 9.48e-02 2.74e+01  -3.2 1.76e+00    -  1.00e+00 2.38e-01h  1
 191  9.3628799e+00 5.03e-02 5.68e+00  -3.2 1.60e+00    -  6.61e-01 8.07e-01H  1
 192  9.5906127e+00 2.13e-01 4.89e+00  -3.0 3.76e+00    -  7.60e-01 3.20e-01f  2
 193  9.8745496e+00 1.05e-01 3.37e+00  -3.1 2.53e+00    -  5.36e-01 5.01e-01H  1
 194  9.4600248e+00 6.77e-02 3.36e+00  -3.1 1.64e+00    -  2.01e-01 3.52e-01f  1
 195  9.1722360e+00 1.41e-02 6.48e+00  -3.1 5.14e-01    -  5.38e-01 1.00e+00f  1
 196  9.1578075e+00 8.55e-03 8.46e+00  -2.8 6.80e-01    -  1.00e+00 3.57e-01h  1
 197  9.2002102e+00 6.29e-04 4.07e-01  -3.2 4.50e-01    -  1.00e+00 9.84e-01H  1
 198  8.7019634e+00 4.77e-03 3.19e-01  -3.4 3.03e-01    -  1.00e+00 1.00e+00f  1
 199  8.8619914e+00 5.36e-03 1.83e-01  -3.1 2.11e-01    -  1.00e+00 1.00e+00h  1
iter    objective    inf_pr   inf_du lg(mu)  ||d||  lg(rg) alpha_du alpha_pr  ls
 200  8.7823974e+00 4.22e-03 1.41e-01  -3.2 1.28e-01    -  1.00e+00 1.00e+00h  1
 201  8.6101829e+00 3.18e-03 2.08e-01  -3.3 1.36e-01    -  1.00e+00 1.00e+00h  1
 202  8.4928629e+00 9.22e-03 1.99e-01  -3.4 3.41e-01    -  9.96e-01 1.00e+00h  1
 203  8.3853175e+00 1.00e-02 1.41e+00  -3.7 1.35e+00    -  1.00e+00 2.24e-01h  1
 204  8.3039012e+00 2.69e-02 9.55e+00  -3.4 3.89e+00    -  9.95e-01 2.12e-01h  2
 205  8.6606485e+00 9.38e-02 1.31e+01  -2.9 1.01e+01    -  4.03e-01 1.95e-01f  2
 206  8.6148312e+00 9.88e-02 1.37e+01  -3.2 7.70e+00    -  2.15e-01 1.32e-01h  3
 207  8.5053742e+00 1.08e-01 8.99e+00  -3.2 1.16e+01    -  3.62e-01 9.72e-02h  2
 208  8.9378984e+00 9.06e-02 4.32e+00  -3.2 3.72e+00    -  4.92e-01 2.72e-01h  1
 209  8.2939742e+00 1.12e-01 2.59e+00  -3.2 2.97e+00    -  4.50e-01 6.29e-01h  1
iter    objective    inf_pr   inf_du lg(mu)  ||d||  lg(rg) alpha_du alpha_pr  ls
 210  8.3865328e+00 9.59e-02 1.96e+00  -2.8 2.59e+00    -  1.68e-01 1.58e-01f  2
 211  8.3550728e+00 8.95e-03 1.96e-01  -3.2 3.83e-01    -  1.00e+00 1.00e+00h  1
 212  8.5323385e+00 2.13e-02 3.79e-01  -2.9 2.87e-01    -  1.00e+00 1.00e+00f  1
 213  8.5549726e+00 1.06e-02 1.69e+01  -2.9 5.90e-01    -  5.48e-01 1.00e+00h  1
 214  8.2003147e+00 5.64e-02 7.64e+00  -3.3 2.06e+00    -  1.00e+00 6.79e-01h  1
 215  9.0509521e+00 7.66e-02 5.59e+00  -3.0 4.27e+00    -  1.00e+00 5.89e-01H  1
 216  8.9620862e+00 4.46e-02 2.25e+00  -3.1 1.11e+00    -  6.37e-01 6.00e-01f  1
 217  8.2599733e+00 4.72e-02 7.44e+01  -3.1 1.05e+00    -  2.07e-01 1.00e+00f  1
 218  7.9353378e+00 2.04e-02 3.39e+01  -3.4 5.57e-01    -  1.00e+00 5.55e-01h  1
 219  7.8867681e+00 3.38e-02 1.81e-01  -3.1 5.44e-01    -  1.00e+00 1.00e+00h  1
iter    objective    inf_pr   inf_du lg(mu)  ||d||  lg(rg) alpha_du alpha_pr  ls
 220  7.7412868e+00 3.80e-02 4.00e+00  -3.3 2.15e+00    -  1.00e+00 5.02e-01h  1
 221  7.8140684e+00 5.94e-02 4.21e+00  -3.0 1.16e+01    -  7.10e-01 1.59e-01h  3
 222  7.7371770e+00 1.43e-01 3.57e+00  -3.2 2.62e+01    -  3.28e-01 1.13e-01h  2
 223  9.0121573e+00 2.84e-01 2.25e+00  -2.6 3.06e+01    -  4.01e-01 1.19e-01f  1
 224  1.1070143e+01 2.64e-01 1.53e+00  -2.9 2.92e+00    -  9.63e-01 1.00e+00h  1
 225  8.9866568e+00 1.12e-01 2.99e+00  -2.9 1.70e+00    -  4.69e-01 6.82e-01f  1
 226  7.9996270e+00 5.62e-02 7.23e+00  -2.9 1.43e+00    -  1.65e-01 5.46e-01f  1
 227  7.8521948e+00 2.34e-02 7.33e+00  -2.9 3.74e-01    -  1.00e+00 5.79e-01h  1
 228  7.8514188e+00 1.28e-03 6.04e-02  -2.9 1.09e-01    -  1.00e+00 1.00e+00h  1
 229  7.7293092e+00 2.72e-03 1.08e-01  -3.1 8.15e-02    -  9.79e-01 1.00e+00h  1
iter    objective    inf_pr   inf_du lg(mu)  ||d||  lg(rg) alpha_du alpha_pr  ls
 230  7.3243181e+00 3.54e-02 4.76e-01  -3.3 4.50e-01    -  9.92e-01 1.00e+00h  1
 231  7.1901847e+00 1.31e-02 4.94e-01  -3.4 2.21e-01    -  1.00e+00 9.83e-01h  1
 232  6.9875912e+00 8.71e-03 2.80e+00  -3.8 1.43e-01    -  1.00e+00 6.37e-01h  1
 233  6.8722046e+00 6.48e-03 2.10e+00  -3.9 1.19e-01    -  1.00e+00 5.42e-01h  1
 234  6.7691964e+00 1.12e-02 1.66e+00  -4.1 2.48e-01    -  1.00e+00 5.11e-01h  1
 235  6.7632043e+00 1.09e-02 3.09e-01  -3.9 1.59e-01    -  1.00e+00 1.00e+00h  1
 236  6.7022086e+00 3.21e-03 5.49e-01  -4.0 1.76e-01    -  1.00e+00 8.73e-01h  1
 237  6.6630672e+00 2.60e-03 1.77e+00  -4.4 1.00e-01    -  1.00e+00 4.00e-01h  1
 238  6.6182032e+00 7.25e-03 9.27e-01  -4.4 2.11e-01    -  1.00e+00 6.97e-01h  1
 239  6.6270013e+00 5.29e-03 2.05e-01  -4.1 2.26e-01    -  1.00e+00 9.42e-01h  1
iter    objective    inf_pr   inf_du lg(mu)  ||d||  lg(rg) alpha_du alpha_pr  ls
 240  6.5925945e+00 6.47e-03 2.59e-01  -4.4 3.01e-01    -  1.00e+00 7.54e-01h  1
 241  6.5653663e+00 4.89e-03 6.42e-01  -4.4 3.03e-01    -  1.00e+00 7.00e-01h  1
 242  6.5831486e+00 2.78e-03 1.12e-01  -4.1 1.71e-01    -  1.00e+00 1.00e+00h  1
 243  6.5542946e+00 3.30e-02 1.23e+04  -4.2 2.25e-01    -  1.00e+00 4.75e-01h  1
 244  6.5260068e+00 3.38e-03 8.75e+03  -4.3 2.29e-01    -  1.00e+00 9.76e-01h  1
 245  6.5246353e+00 6.33e-02 4.46e+03  -3.9 2.48e+00    -  4.37e-01 1.52e-01h  2
 246  6.5897692e+00 3.55e-02 7.00e+01  -3.8 7.84e-01    -  8.12e-01 4.39e-01h  1
 247  6.5573106e+00 1.97e-02 3.80e+01  -4.0 6.78e-01    -  1.27e-01 4.43e-01h  1
 248  6.5429062e+00 3.36e-02 8.22e+03  -4.0 7.72e-01    -  2.49e-01 4.23e-02h  1
 249  6.5354816e+00 2.79e-01 6.49e+04  -4.0 3.40e+00    -  1.62e-01 5.11e-02h  1
iter    objective    inf_pr   inf_du lg(mu)  ||d||  lg(rg) alpha_du alpha_pr  ls
 250  6.5164956e+00 2.17e-01 3.97e+04  -4.0 4.21e-01    -  4.30e-01 2.22e-01f  1
 251  6.6909073e+00 2.09e-02 7.29e+03  -3.7 2.20e-01    -  1.00e+00 1.00e+00f  1
 252  6.5842535e+00 1.22e-03 5.73e+03  -3.8 1.04e-01    -  1.00e+00 1.00e+00h  1
 253  6.4848640e+00 7.39e-03 3.20e+03  -4.2 1.19e-01    -  1.00e+00 8.63e-01h  1
 254  6.4281092e+00 7.54e-03 2.68e+03  -4.2 2.17e-01    -  1.00e+00 8.12e-01h  1
 255  6.4125005e+00 9.32e-03 1.84e+03  -4.2 1.08e+00    -  8.05e-01 2.98e-01h  2
 256  6.3980421e+00 1.18e-02 4.31e+02  -4.3 1.76e+00    -  7.67e-01 2.57e-01h  2
 257  6.3962271e+00 9.74e-03 2.27e+02  -4.0 2.86e+00    -  4.76e-01 1.62e-01h  2
 258  6.3940201e+00 4.85e-02 1.13e+02  -4.3 2.91e+00    -  5.04e-01 3.22e-01h  1
 259  6.3791699e+00 3.79e-02 7.55e+01  -3.9 6.46e+00    -  3.32e-01 1.15e-01h  1
iter    objective    inf_pr   inf_du lg(mu)  ||d||  lg(rg) alpha_du alpha_pr  ls
 260  6.3557494e+00 3.00e-02 6.07e+01  -4.1 7.41e+00    -  1.96e-01 1.45e-01h  1
 261  6.3311690e+00 2.71e-02 4.74e+01  -4.6 6.07e+00    -  2.20e-01 9.12e-02h  2
 262  6.3256976e+00 3.05e-02 2.18e+01  -3.8 3.59e+00    -  5.47e-01 3.06e-01h  1
 263  6.2705604e+00 3.36e-02 1.63e+01  -4.7 1.18e+01    -  2.62e-01 7.11e-02h  2
 264  6.3499775e+00 3.38e-02 1.32e+01  -3.5 8.61e+00    -  1.95e-01 1.29e-01h  2
 265  6.2963240e+00 3.77e-02 7.74e+00  -3.9 5.33e+00    -  4.30e-01 2.45e-01h  1
 266  6.2603677e+00 3.74e-02 7.15e+00  -3.9 9.82e+00    -  1.15e-01 7.53e-02h  3
 267  6.1708756e+00 3.89e-02 6.03e+00  -4.4 6.57e+00    -  3.26e-01 1.93e-01h  1
 268  6.1707063e+00 4.76e-02 3.93e+00  -3.7 1.53e+01    -  1.96e-01 8.56e-02h  2
 269  6.1711913e+00 4.62e-02 6.29e+00  -3.6 7.01e+00    -  5.37e-01 1.27e-01h  2
iter    objective    inf_pr   inf_du lg(mu)  ||d||  lg(rg) alpha_du alpha_pr  ls
 270  7.5184023e+00 9.75e-03 5.61e+00  -3.8 2.41e+00    -  3.22e-01 8.69e-01H  1
 271  6.4137430e+00 6.49e-03 2.07e+00  -3.8 1.20e+00    -  2.83e-01 5.23e-01f  1
 272  6.1571001e+00 1.52e-02 2.76e+00  -3.8 6.66e-01    -  6.34e-01 4.05e-01f  1
 273  6.0279024e+00 6.14e-03 4.21e+00  -3.9 1.24e+00    -  1.00e+00 6.14e-01f  1
 274  6.0119459e+00 1.09e-02 2.71e+00  -3.9 3.62e+00    -  7.93e-01 9.56e-02h  4
 275  6.0840568e+00 2.20e-03 2.40e-01  -4.1 1.32e+00    -  1.00e+00 9.67e-01H  1
 276  5.9697993e+00 2.89e-03 2.55e+00  -4.3 1.04e+00    -  1.00e+00 3.24e-01h  1
 277  5.9073702e+00 2.54e-03 1.62e+00  -4.0 6.07e-01    -  5.39e-01 3.38e-01f  1
 278  5.8509454e+00 1.44e-03 3.52e-01  -4.4 4.14e-01    -  1.00e+00 9.56e-01h  1
 279  5.9698903e+00 4.24e-04 9.65e-01  -4.0 8.02e-01    -  8.31e-01 1.00e+00H  1
iter    objective    inf_pr   inf_du lg(mu)  ||d||  lg(rg) alpha_du alpha_pr  ls
 280  5.9005361e+00 4.58e-03 1.37e+00  -4.5 1.20e+00    -  1.00e+00 3.04e-01f  1
 281  6.0430544e+00 2.00e-02 1.21e+00  -3.6 3.10e+00    -  4.49e-01 3.23e-01f  1
 282  5.9047177e+00 1.25e-02 1.72e+00  -4.0 1.97e-01    -  9.30e-01 5.58e-01h  1
 283  5.8331539e+00 8.91e-03 1.52e+00  -4.0 4.44e-01    -  7.44e-01 9.16e-01h  1
 284  5.7889520e+00 8.75e-03 4.11e-01  -4.4 1.15e+00    -  8.22e-01 7.86e-01h  1
 285  5.7726185e+00 9.54e-03 2.05e+00  -4.5 4.65e+00    -  7.16e-01 2.43e-01h  2
 286  5.7313932e+00 7.75e-02 2.77e+00  -4.1 2.27e+01    -  3.59e-01 1.51e-01h  1
 287  6.1853935e+00 2.67e-01 2.82e+00  -3.1 9.82e+01    -  4.03e-02 6.13e-02f  1
 288  6.1173473e+00 2.61e-01 2.69e+00  -4.2 4.69e+01    -  5.00e-02 3.22e-02h  1
 289  6.0832559e+00 2.57e-01 2.76e+00  -4.2 8.68e+01    -  5.87e-02 2.97e-02f  2
iter    objective    inf_pr   inf_du lg(mu)  ||d||  lg(rg) alpha_du alpha_pr  ls
 290  5.9902891e+00 2.41e-01 2.54e+00  -4.2 2.62e+01    -  1.17e-01 6.26e-02h  2
 291  5.6918231e+00 2.25e-01 2.10e+00  -4.2 5.08e+01    -  9.13e-02 8.75e-02h  1
 292  5.5878723e+00 2.22e-01 2.04e+00  -5.1 6.98e+01    -  6.19e-02 1.36e-02h  2
 293  5.5536501e+00 1.75e-01 1.67e+00  -4.8 4.02e+00    -  2.41e-01 2.23e-01h  1
 294  5.6118520e+00 1.05e-01 3.01e+00  -3.5 3.83e+00    -  2.25e-01 4.22e-01h  1
 295  7.5249826e+00 1.20e-01 2.97e+00  -3.6 2.93e+00    -  3.07e-01 4.23e-01H  1
 296  5.5202816e+00 7.46e-02 1.28e+00  -3.9 8.60e-01    -  1.55e-01 9.28e-01f  1
 297  5.7442398e+00 2.15e-02 3.90e-01  -3.5 1.48e+00    -  9.64e-01 1.00e+00f  1
 298  8.5781547e+00 9.37e-03 6.18e-01  -3.5 1.53e+00    -  8.42e-01 1.00e+00H  1
 299  5.6440898e+00 7.73e-02 1.88e-01  -3.6 8.22e-01    -  1.00e+00 1.00e+00f  1
iter    objective    inf_pr   inf_du lg(mu)  ||d||  lg(rg) alpha_du alpha_pr  ls
 300  5.4942855e+00 1.20e-02 8.81e-02  -3.9 1.21e+00    -  1.00e+00 9.97e-01h  1
 301  5.5271005e+00 1.22e-02 1.22e+00  -3.5 1.72e+00    -  6.30e-01 9.86e-02h  4
 302  5.4678027e+00 1.32e-02 2.21e-01  -3.8 7.10e-01    -  1.00e+00 9.66e-01h  1
 303  5.4602502e+00 1.21e-02 2.03e+00  -3.9 1.59e+00    -  8.14e-01 1.20e-01h  4
 304  5.4873254e+00 6.05e-04 1.79e+00  -3.9 6.53e-01    -  7.57e-01 1.00e+00H  1
 305  5.4276655e+00 2.30e-02 3.17e-01  -4.0 1.16e+00    -  1.00e+00 1.00e+00h  1
 306  5.4472697e+00 1.68e-02 4.50e+00  -3.7 1.57e+00    -  8.57e-01 2.58e-01h  1
 307  5.4987731e+00 4.52e-03 2.69e+00  -3.8 2.57e-01    -  6.68e-01 1.00e+00h  1
 308  5.4315901e+00 3.06e-03 4.99e-01  -3.8 2.29e-01    -  1.00e+00 8.75e-01h  1
 309  5.3828761e+00 1.35e-03 1.83e+00  -4.3 3.59e-01    -  1.00e+00 4.68e-01h  1
iter    objective    inf_pr   inf_du lg(mu)  ||d||  lg(rg) alpha_du alpha_pr  ls
 310  5.3283013e+00 5.18e-03 1.87e+00  -4.5 7.96e-01    -  1.00e+00 4.37e-01h  1
 311  5.3168021e+00 1.75e-03 5.57e-01  -4.2 9.83e-01    -  1.00e+00 8.20e-01H  1
 312  5.3337224e+00 4.60e-03 1.68e+00  -3.9 1.76e+00    -  7.18e-01 4.04e-01h  1
 313  5.6520466e+00 6.09e-04 5.30e+00  -4.1 9.77e-01    -  5.46e-01 9.50e-01H  1
 314  5.3076775e+00 7.98e-03 3.38e+00  -4.1 9.44e-01    -  1.11e-01 1.00e+00f  1
 315  5.3982247e+00 4.72e-03 7.30e-02  -4.1 3.86e-01    -  1.00e+00 1.00e+00h  1
 316  5.2637192e+00 1.97e-03 2.10e-02  -4.2 2.25e-01    -  1.00e+00 1.00e+00h  1
 317  5.2416259e+00 8.94e-04 1.05e+00  -4.6 3.06e-01    -  1.00e+00 8.41e-01h  1
 318  5.2537584e+00 8.50e-03 2.31e+00  -4.0 4.86e+00    -  8.99e-01 2.35e-01h  2
 319  5.2477752e+00 7.12e-02 2.03e+00  -4.2 2.10e+01    -  1.82e-01 1.54e-01h  1
iter    objective    inf_pr   inf_du lg(mu)  ||d||  lg(rg) alpha_du alpha_pr  ls
 320  5.2317832e+00 1.04e-01 2.92e+00  -4.2 5.64e+01    -  1.75e-01 4.48e-02h  2
 321  5.6294222e+00 3.90e-01 3.65e+00  -3.3 7.56e+01    -  1.51e-01 9.82e-02f  1
 322  5.5741599e+00 4.42e-01 5.67e+00  -4.0 4.52e+01    -  2.11e-01 8.93e-02h  1
 323  5.5099975e+00 4.58e-01 6.23e+00  -4.0 7.82e+01    -  8.99e-02 3.72e-02h  2
 324  5.4389001e+00 4.04e-01 4.08e+00  -4.0 1.78e+01    -  1.02e-01 1.43e-01h  1
 325  5.3565172e+00 3.89e-01 3.66e+00  -4.0 1.31e+01    -  1.02e-01 3.96e-02h  1
 326  5.2977645e+00 3.16e-01 1.90e+00  -4.0 7.01e+00    -  2.39e-01 2.02e-01f  1
 327  5.1808350e+00 2.19e-01 4.88e+00  -4.0 9.77e-01    -  9.99e-02 3.10e-01h  1
 328  5.0683553e+00 1.30e-01 6.10e+00  -9.9 5.35e-01    -  6.44e-01 4.09e-01h  1
 329  5.1041260e+00 1.91e-02 3.65e+00  -3.8 1.19e-01    -  1.00e+00 8.52e-01h  1
iter    objective    inf_pr   inf_du lg(mu)  ||d||  lg(rg) alpha_du alpha_pr  ls
 330  5.0456136e+00 2.20e-03 1.56e-01  -4.2 3.34e-01    -  1.00e+00 9.84e-01h  1
 331  5.0120979e+00 9.09e-03 1.43e+00  -4.4 6.70e-01    -  1.00e+00 8.01e-01h  1
 332  5.0148297e+00 3.60e-03 5.34e-01  -4.1 1.66e-01    -  1.00e+00 8.41e-01h  1
 333  5.0148747e+00 7.00e-04 2.08e-01  -4.1 1.03e-01    -  9.43e-01 1.00e+00h  1
 334  4.9703450e+00 2.20e-03 2.24e+00  -4.6 3.42e-01    -  1.00e+00 7.45e-01h  1
 335  4.9737467e+00 6.92e-04 9.52e-01  -4.3 5.24e-01    -  1.00e+00 8.24e-01H  1
 336  4.9573386e+00 1.90e-02 1.16e+00  -4.5 1.05e+00    -  1.00e+00 7.91e-01h  1
 337  4.9366684e+00 1.71e-02 2.12e+00  -5.2 2.36e+00    -  4.99e-01 9.73e-02h  1
 338  4.9182035e+00 1.45e-02 1.79e+00 -10.7 9.96e-01    -  1.22e-01 1.55e-01h  1
 339  4.9147179e+00 1.13e-02 1.38e+00  -4.5 2.05e-01    -  7.57e-01 5.62e-01h  1
iter    objective    inf_pr   inf_du lg(mu)  ||d||  lg(rg) alpha_du alpha_pr  ls
 340  4.8944637e+00 6.75e-03 2.15e+00  -5.2 3.91e-01    -  8.08e-01 4.07e-01h  1
 341  4.9047776e+00 3.64e-03 7.27e-01  -4.7 7.94e-01    -  8.58e-01 5.79e-01H  1
 342  4.8858350e+00 4.24e-03 2.09e-01  -4.7 8.21e-01    -  6.60e-01 5.56e-01h  1
 343  4.8753709e+00 3.99e-03 2.51e+00 -10.7 3.16e+00    -  3.10e-01 4.81e-02h  1
 344  4.8692491e+00 3.85e-03 2.62e+00  -5.4 1.29e+00    -  2.52e-01 1.54e-01h  2
 345  4.8674130e+00 2.23e-03 9.90e-01  -4.7 3.34e-01    -  1.00e+00 7.73e-01h  1
 346  4.8635413e+00 2.33e-03 6.47e-01  -4.8 7.21e-01    -  6.98e-01 5.58e-01h  1
 347  4.8665286e+00 2.94e-03 2.82e+00  -4.8 9.29e-01    -  1.00e+00 4.30e-01H  1
 348  4.8921296e+00 7.44e-05 4.67e+00  -4.5 4.68e-01    -  6.51e-01 1.00e+00H  1
 349  4.8525255e+00 4.52e-04 5.18e+00  -5.0 1.20e-01    -  1.00e+00 4.50e-01f  1
iter    objective    inf_pr   inf_du lg(mu)  ||d||  lg(rg) alpha_du alpha_pr  ls
 350  4.8319171e+00 3.81e-04 2.35e+00  -5.3 1.56e-01    -  1.00e+00 6.13e-01h  1
 351  4.8267892e+00 4.11e-04 2.54e+00  -5.4 4.29e-01    -  1.00e+00 2.89e-01h  1
 352  4.8229786e+00 4.34e-03 1.66e+00  -5.1 3.19e+00    -  3.79e-01 2.26e-01h  1
 353  4.8178727e+00 6.22e-03 1.35e+00  -5.3 9.84e+00    -  1.72e-01 5.85e-02h  1
 354  4.8195572e+00 6.15e-03 8.61e-01  -4.3 6.73e+00    -  1.99e-01 6.91e-02h  1
 355  4.8124872e+00 5.33e-03 4.01e-01  -5.0 2.47e+00    -  4.18e-01 1.44e-01h  1
 356  4.8132774e+00 5.39e-03 2.89e-01  -4.4 3.13e+00    -  2.02e-01 1.61e-01f  2
 357  4.8005820e+00 9.42e-03 4.26e-01  -4.9 9.40e+00    -  2.35e-01 1.53e-01h  1
 358  4.8016707e+00 9.39e-03 5.83e-01  -4.2 1.06e+01    -  2.00e-01 3.60e-02f  2
 359  4.7875120e+00 7.25e-03 3.47e+00  -4.8 2.08e+00    -  5.98e-01 3.05e-01h  1
iter    objective    inf_pr   inf_du lg(mu)  ||d||  lg(rg) alpha_du alpha_pr  ls
 360  4.7887583e+00 9.34e-03 3.22e+00  -4.4 3.90e+00    -  1.79e-01 1.21e-01h  2
 361  4.8020547e+00 1.12e-02 1.29e+00  -4.7 1.68e+00    -  5.88e-01 4.80e-01h  1
 362  4.7909967e+00 7.09e-03 1.18e+00  -4.4 1.97e-01    -  6.02e-01 3.67e-01f  1
 363  4.8015790e+00 4.00e-03 2.77e+00  -4.2 3.60e-01    -  5.95e-01 1.00e+00h  1
 364  4.8265633e+00 4.91e-03 2.22e-01  -4.4 4.62e-01    -  1.00e+00 9.53e-01h  1
 365  4.7629035e+00 1.55e-03 1.40e-01  -4.8 3.95e-01    -  1.00e+00 7.96e-01h  1
 366  4.7646632e+00 9.85e-04 4.93e-01  -4.8 2.60e-01    -  1.00e+00 6.32e-01h  1
 367  4.7442449e+00 3.17e-04 1.17e-02  -5.0 1.33e-01    -  1.00e+00 1.00e+00h  1
 368  4.7375515e+00 5.98e-04 1.81e-01  -5.5 1.77e-01    -  1.00e+00 7.04e-01h  1
 369  4.7422386e+00 1.52e-03 2.97e-01  -4.8 3.03e-01    -  8.56e-01 6.61e-01h  1
iter    objective    inf_pr   inf_du lg(mu)  ||d||  lg(rg) alpha_du alpha_pr  ls
 370  4.7379268e+00 5.92e-03 9.53e-02  -4.9 1.21e+00    -  5.29e-01 4.01e-01h  1
 371  4.7304860e+00 6.37e-03 3.92e-01  -4.9 3.24e+00    -  3.97e-01 1.33e-01h  1
 372  4.7304972e+00 7.59e-03 5.25e-01  -4.6 6.27e+00    -  4.14e-01 1.02e-01f  2
 373  4.7263035e+00 7.69e-03 4.21e-01  -4.8 4.82e+00    -  1.70e-01 1.19e-01h  3
 374  4.7230639e+00 9.82e-03 1.29e-01  -4.5 4.62e+00    -  2.56e-01 7.77e-02h  4
 375  4.7409022e+00 3.28e-02 1.59e-01  -4.2 4.21e+00    -  3.32e-01 2.92e-01h  2
 376  4.7371283e+00 2.95e-02 2.70e-01  -4.6 1.50e+01    -  2.02e-01 1.09e-01h  2
 377  4.7253157e+00 2.84e-02 3.16e-01  -4.6 2.63e+01    -  6.82e-02 4.30e-02h  2
 378  4.7235309e+00 2.92e-02 9.43e-01  -4.6 2.45e+01    -  1.36e-01 5.19e-02h  2
 379  4.7053637e+00 3.37e-02 1.01e+00  -4.6 2.40e+01    -  1.24e-01 9.32e-02h  1
iter    objective    inf_pr   inf_du lg(mu)  ||d||  lg(rg) alpha_du alpha_pr  ls
 380  4.8249827e+00 4.54e-02 1.58e+00  -3.7 6.81e+01    -  1.42e-01 6.96e-02f  1
 381  4.8111366e+00 4.39e-02 2.63e+00  -4.3 3.98e+01    -  1.20e-01 6.23e-02h  2
 382  4.7788552e+00 5.20e-02 3.82e+00  -4.3 6.53e+01    -  1.06e-01 6.09e-02h  1
 383  4.7399684e+00 5.52e-02 5.00e+00  -4.3 1.21e+02    -  6.95e-02 2.34e-02h  3
 384  4.7032681e+00 5.58e-02 5.59e+00  -4.3 1.00e+02    -  5.74e-02 2.67e-02h  3
 385  4.6878283e+00 5.32e-02 5.38e+00  -4.7 6.72e+01    -  5.77e-02 5.17e-02h  2
 386  4.6462227e+00 5.12e-02 4.59e+00  -4.7 5.16e+01    -  9.20e-02 4.67e-02h  2
 387  4.7326876e+00 4.94e-02 3.41e+00  -3.4 1.15e+01    -  9.27e-02 6.73e-02h  1
 388  4.6410161e+00 2.95e-02 6.19e+00  -4.2 1.00e+00    -  2.75e-01 4.06e-01h  1
 389  4.5903645e+00 1.48e-02 4.40e+00  -4.2 1.31e+00    -  9.81e-01 5.10e-01h  1
iter    objective    inf_pr   inf_du lg(mu)  ||d||  lg(rg) alpha_du alpha_pr  ls
 390  4.6058483e+00 4.49e-03 9.79e-01  -4.2 3.86e-01    -  1.00e+00 8.16e-01h  1
 391  4.6898293e+00 1.69e-02 3.70e+00  -3.6 3.15e-01    -  5.86e-01 8.88e-01h  1
 392  4.6913267e+00 7.97e-03 9.85e-01  -3.9 8.70e-01    -  7.55e-01 1.00e+00h  1
 393  4.9803014e+00 4.39e-02 2.05e+00  -3.5 2.84e-01    -  6.83e-01 1.00e+00h  1
 394  4.9335847e+00 4.73e-03 2.53e-01  -3.6 2.60e-01    -  9.67e-01 1.00e+00h  1
 395  4.7498068e+00 6.12e-03 3.94e-02  -3.6 1.62e-01    -  1.00e+00 1.00e+00h  1
 396  4.7547745e+00 7.32e-04 1.98e-02  -3.6 1.49e-01    -  1.00e+00 1.00e+00h  1
 397  4.5980479e+00 1.92e-02 1.01e-01  -4.0 3.55e-01    -  9.91e-01 9.87e-01f  1
 398  4.5967792e+00 2.66e-03 9.56e-02  -4.1 3.61e-01    -  1.00e+00 1.00e+00h  1
 399  4.5337971e+00 1.55e-03 1.60e-02  -4.3 2.16e-01    -  1.00e+00 1.00e+00h  1
iter    objective    inf_pr   inf_du lg(mu)  ||d||  lg(rg) alpha_du alpha_pr  ls
 400  4.5069515e+00 7.41e-04 9.88e-01  -4.8 9.64e-02    -  1.00e+00 5.44e-01h  1
 401  4.4939131e+00 6.83e-04 9.59e-02  -4.9 1.61e-01    -  1.00e+00 3.80e-01h  1
 402  4.4811275e+00 1.91e-03 3.17e-01  -4.9 4.96e-01    -  9.37e-01 3.64e-01h  1
 403  4.4791001e+00 3.22e-03 1.82e+00  -4.6 6.85e-01    -  8.31e-01 3.66e-01h  1
 404  4.4781583e+00 3.45e-03 1.25e+00  -4.6 5.22e-01    -  6.88e-01 4.50e-01h  1
 405  4.4680715e+00 3.59e-03 4.21e-01  -4.6 5.47e-01    -  7.97e-01 4.93e-01h  1
 406  4.5288545e+00 2.05e-03 1.51e-01  -4.4 5.61e-01    -  7.07e-01 6.03e-01H  1
 407  4.4713673e+00 2.71e-03 5.09e-01  -4.5 1.29e-01    -  6.85e-01 1.00e+00h  1
 408  4.4533915e+00 3.86e-04 2.98e-01  -4.6 6.25e-02    -  1.00e+00 9.24e-01h  1
 409  4.4450581e+00 3.99e-04 5.28e-01  -5.2 8.96e-02    -  1.00e+00 5.86e-01h  1
iter    objective    inf_pr   inf_du lg(mu)  ||d||  lg(rg) alpha_du alpha_pr  ls
 410  4.4326232e+00 2.52e-03 1.09e+00  -4.9 5.67e-01    -  1.00e+00 5.72e-01h  1
 411  4.4250602e+00 5.38e-03 6.20e-01  -5.0 5.38e+00    -  2.67e-01 7.84e-02h  1
 412  4.4255060e+00 7.96e-03 5.06e-01  -4.4 4.93e+00    -  2.37e-01 8.64e-02h  2
 413  4.4220016e+00 9.66e-03 4.00e-01  -4.8 2.96e+00    -  1.77e-01 1.40e-01h  2
 414  4.4194828e+00 1.04e-02 1.01e+00  -4.5 3.81e+00    -  3.45e-01 8.52e-02h  2
 415  4.4176564e+00 1.20e-02 1.54e+00  -5.3 2.97e+00    -  2.97e-01 1.95e-01h  1
 416  4.4355727e+00 1.04e-02 1.61e+00  -4.2 1.93e+00    -  2.76e-01 2.18e-01h  2
 417  4.4364346e+00 4.63e-03 3.93e-01  -4.6 3.98e-01    -  5.74e-01 5.97e-01h  1
 418  4.4141772e+00 2.61e-03 5.45e-01  -4.6 3.02e-01    -  6.94e-01 5.95e-01h  1
 419  4.4084134e+00 3.62e-03 4.58e+00  -4.8 1.14e-01    -  1.00e+00 4.10e-01h  1
iter    objective    inf_pr   inf_du lg(mu)  ||d||  lg(rg) alpha_du alpha_pr  ls
 420  4.4060221e+00 3.09e-03 1.43e+00  -5.2 1.11e-01    -  1.00e+00 1.46e-01h  1
 421  4.4004702e+00 2.54e-03 3.94e-01  -4.9 3.46e-01    -  1.00e+00 7.67e-01h  1
 422  4.4190712e+00 1.11e-04 5.91e-02  -4.7 5.23e-01    -  1.00e+00 1.00e+00H  1
 423  4.4589132e+00 5.55e-06 3.52e-01  -4.7 1.64e-01    -  8.97e-01 1.00e+00H  1
 424  4.3944546e+00 4.00e-03 6.79e-03  -4.8 2.62e-01    -  1.00e+00 1.00e+00f  1
 425  4.3883744e+00 4.89e-04 1.99e-01  -5.1 1.26e-01    -  1.00e+00 9.56e-01h  1
 426  4.3836587e+00 3.78e-04 1.45e+00  -5.3 4.49e-01    -  1.00e+00 4.69e-01h  1
 427  4.3817574e+00 9.92e-04 3.85e+00  -4.8 3.83e+00    -  7.73e-01 1.15e-01h  2
 428  4.3855230e+00 5.40e-03 3.42e+00  -4.6 8.32e+00    -  2.80e-01 1.23e-01h  2
 429  4.3843135e+00 7.64e-03 3.77e+00  -4.9 1.25e+01    -  9.87e-02 6.05e-02h  2
iter    objective    inf_pr   inf_du lg(mu)  ||d||  lg(rg) alpha_du alpha_pr  ls
 430  4.3817652e+00 7.79e-03 3.95e+00  -4.9 6.69e+00    -  1.88e-01 6.17e-02h  3
 431  4.3792772e+00 7.90e-03 4.84e+00  -4.9 5.75e+00    -  3.44e-01 8.30e-02h  2
 432  4.3847436e+00 2.06e-02 3.13e+00  -4.5 1.21e+01    -  3.76e-01 1.68e-01h  1
 433  4.3840754e+00 2.06e-02 2.96e+00  -4.8 1.44e+01    -  1.27e-01 4.34e-02h  3
 434  4.4931474e+00 1.83e-02 8.89e-01  -4.8 2.21e+00    -  3.27e-01 6.47e-01h  1
 435  4.4179224e+00 8.68e-03 1.20e+00  -4.8 2.72e-01    -  3.37e-01 5.14e-01h  1
 436  4.3708053e+00 5.74e-03 1.05e+00  -4.8 7.73e-01    -  3.42e-01 4.49e-01h  1
 437  4.3957348e+00 6.96e-03 6.73e-01  -4.2 2.94e-01    -  4.34e-01 4.08e-01f  2
 438  4.3670810e+00 4.75e-04 1.24e-02  -4.5 1.80e-01    -  1.00e+00 1.00e+00h  1
 439  4.3530838e+00 1.26e-03 1.60e-01  -5.0 1.31e-01    -  1.00e+00 8.71e-01h  1
iter    objective    inf_pr   inf_du lg(mu)  ||d||  lg(rg) alpha_du alpha_pr  ls
 440  4.3439321e+00 3.27e-04 2.83e-01  -5.1 1.28e-01    -  1.00e+00 8.02e-01h  1
 441  4.3459806e+00 1.28e-03 1.25e-02  -4.8 9.60e-02    -  1.00e+00 1.00e+00h  1
 442  4.3415086e+00 1.34e-04 9.70e-03  -4.9 4.12e-02    -  1.00e+00 1.00e+00h  1
 443  4.3336922e+00 2.62e-04 3.55e-01  -5.4 8.93e-02    -  1.00e+00 6.98e-01h  1
 444  4.3303968e+00 3.56e-03 3.55e-01  -5.5 2.17e-01    -  1.00e+00 5.11e-01h  1
 445  4.3289886e+00 1.72e-03 9.13e-01  -5.0 4.59e-01    -  7.23e-01 5.27e-01h  1
 446  4.3299255e+00 1.48e-03 3.63e-01  -4.7 1.80e+00    -  3.89e-01 1.75e-01h  2
 447  4.3280395e+00 1.33e-03 7.47e-01  -5.0 1.17e+00    -  2.74e-01 1.49e-01h  2
 448  4.3281179e+00 1.31e-03 2.39e+00  -4.7 6.38e-01    -  6.55e-01 2.63e-01h  1
 449  4.3252819e+00 1.47e-03 1.68e+00  -4.9 1.26e+00    -  2.95e-01 1.91e-01h  2
iter    objective    inf_pr   inf_du lg(mu)  ||d||  lg(rg) alpha_du alpha_pr  ls
 450  4.3289471e+00 1.48e-03 1.50e+00  -4.6 1.57e+00    -  5.69e-01 2.41e-01h  1
 451  4.3602865e+00 1.36e-03 5.39e-01  -4.8 1.06e+00    -  5.31e-01 6.59e-01H  1
 452  4.3408982e+00 1.62e-03 1.89e-01  -4.8 5.03e-01    -  5.70e-01 4.92e-01f  2
 453  4.3203019e+00 8.83e-04 8.75e-01  -4.8 1.77e-01    -  3.87e-01 5.84e-01h  1
 454  4.3112916e+00 4.23e-04 1.82e-02  -5.0 9.25e-02    -  1.00e+00 1.00e+00h  1
 455  4.3190658e+00 4.93e-04 9.97e-03  -4.7 1.84e-01    -  1.00e+00 1.00e+00h  1
 456  4.3213240e+00 2.90e-05 2.98e-02  -4.8 3.66e-01    -  1.00e+00 1.00e+00H  1
 457  4.3361343e+00 3.72e-05 6.28e-02  -4.9 7.83e-01    -  9.91e-01 1.00e+00H  1
 458  4.3249645e+00 1.13e-03 1.96e-01  -5.0 2.07e-01    -  7.05e-01 3.50e-01f  1
 459  4.3020723e+00 1.41e-03 1.09e+00  -5.1 3.58e-01    -  6.10e-01 8.50e-01h  1
iter    objective    inf_pr   inf_du lg(mu)  ||d||  lg(rg) alpha_du alpha_pr  ls
 460  4.3005571e+00 1.14e-03 2.48e+00  -5.1 1.02e-01    -  1.00e+00 2.32e-01h  3
 461  4.2958130e+00 1.05e-03 8.29e-02  -5.5 1.09e-01    -  1.00e+00 9.69e-01h  1
 462  4.2976939e+00 2.18e-03 7.64e-01  -4.8 2.96e+00    -  9.72e-01 2.52e-01h  1
 463  4.2965766e+00 3.20e-03 6.84e-01  -5.0 1.20e+01    -  1.76e-01 5.28e-02h  3
 464  4.2940176e+00 4.20e-03 3.84e-01  -5.0 1.24e+01    -  2.83e-01 5.20e-02h  3
 465  4.3211323e+00 2.11e-02 4.88e-01  -4.1 2.78e+01    -  1.47e-01 1.00e-01h  2
 466  4.3165991e+00 2.87e-02 8.20e-01  -4.8 5.43e+01    -  1.20e-01 3.71e-02h  3
 467  4.3132582e+00 3.51e-02 1.28e+00  -4.8 6.82e+01    -  9.84e-02 2.92e-02h  3
 468  4.3066207e+00 3.61e-02 1.32e+00  -4.8 5.80e+01    -  3.45e-02 1.85e-02h  4
 469  4.2952489e+00 3.85e-02 1.46e+00  -4.8 3.66e+01    -  7.74e-02 5.04e-02h  2
iter    objective    inf_pr   inf_du lg(mu)  ||d||  lg(rg) alpha_du alpha_pr  ls
 470  4.2839743e+00 3.90e-02 1.98e+00  -4.8 5.89e+01    -  8.11e-02 2.16e-02h  3
 471  4.3920572e+00 7.86e-02 1.86e+00  -3.7 7.59e+01    -  8.30e-02 7.52e-02h  1
 472  4.4119624e+00 7.72e-02 2.35e+00  -4.6 1.45e+01    -  1.40e-01 3.20e-02h  3
 473  4.2943651e+00 4.96e-02 2.64e+00  -4.6 4.64e+00    -  8.44e-01 5.23e-01h  1
 474  4.2977271e+00 4.86e-02 2.29e+00  -4.6 2.01e+01    -  9.60e-02 2.84e-02h  3
 475  4.2651788e+00 3.09e-02 1.55e+00  -4.6 9.40e-01    -  2.90e-01 3.72e-01h  1
 476  4.2816152e+00 1.76e-02 7.80e-01  -4.7 1.17e+00    -  8.75e-01 4.50e-01h  1
 477  4.2451730e+00 6.94e-04 3.26e-02  -4.7 1.17e-01    -  1.00e+00 9.98e-01h  1
 478  4.2285068e+00 1.43e-03 8.45e-03  -4.9 7.59e-02    -  1.00e+00 1.00e+00h  1
 479  4.2219930e+00 3.35e-04 3.54e-01  -5.3 2.36e-02    -  1.00e+00 7.64e-01h  1
iter    objective    inf_pr   inf_du lg(mu)  ||d||  lg(rg) alpha_du alpha_pr  ls
 480  4.2164412e+00 1.06e-03 3.28e-01  -5.0 1.46e-01    -  1.00e+00 5.53e-01h  1
 481  4.2127892e+00 3.58e-03 1.22e+00  -4.8 8.68e-01    -  8.79e-01 3.24e-01h  1
 482  4.2132890e+00 4.23e-03 2.18e+00  -4.5 2.31e+00    -  5.22e-01 1.39e-01h  1
 483  4.2092766e+00 3.75e-03 2.87e+00  -4.7 1.89e+00    -  3.98e-01 2.30e-01h  2
 484  4.2052788e+00 1.90e-02 2.82e+00  -6.8 5.64e+00    -  3.12e-01 1.36e-01h  2
 485  4.2006796e+00 1.78e-02 2.03e+00  -4.6 7.23e+00    -  3.98e-01 5.95e-02h  3
 486  4.2338150e+00 1.93e-02 1.37e+00  -4.1 9.56e+00    -  1.96e-01 1.46e-01h  2
 487  4.2252764e+00 1.64e-02 1.04e+00  -4.6 3.07e+00    -  2.20e-01 2.21e-01h  1
 488  4.2114280e+00 1.46e-02 1.80e+00  -4.6 1.84e+00    -  3.66e-01 1.16e-01h  1
 489  4.2207259e+00 3.82e-03 7.26e-01  -4.6 2.92e-01    -  6.65e-01 7.44e-01h  1
iter    objective    inf_pr   inf_du lg(mu)  ||d||  lg(rg) alpha_du alpha_pr  ls
 490  4.1857212e+00 4.00e-03 9.32e-02  -4.6 5.85e-01    -  1.00e+00 9.09e-01f  1
 491  4.1799211e+00 3.23e-03 1.14e+00 -10.6 5.31e-01    -  3.55e-01 1.98e-01h  1
 492  4.1696041e+00 1.28e-03 8.34e-02  -5.9 3.39e-02    -  6.83e-01 6.04e-01h  1
 493  4.1674534e+00 7.81e-04 1.62e-02  -5.0 1.27e-01    -  1.00e+00 1.00e+00h  1
 494  4.1638726e+00 1.18e-03 8.17e-01  -5.3 1.90e-01    -  1.00e+00 7.79e-01h  1
 495  4.1749259e+00 2.03e-03 6.92e-01  -4.7 8.51e-02    -  4.90e-01 9.37e-01h  1
 496  4.1625092e+00 1.22e-03 2.70e-02  -5.0 5.90e-02    -  1.00e+00 1.00e+00h  1
 497  4.1598626e+00 9.22e-04 8.98e-01  -5.2 1.17e-01    -  1.00e+00 3.33e-01h  1
 498  4.1552657e+00 6.17e-03 7.22e-01  -5.5 5.06e-01    -  1.00e+00 3.81e-01h  1
 499  4.1534788e+00 6.33e-03 2.10e+00  -5.1 1.99e+00    -  3.89e-01 2.04e-01h  1
iter    objective    inf_pr   inf_du lg(mu)  ||d||  lg(rg) alpha_du alpha_pr  ls
 500  4.1522522e+00 8.20e-03 2.93e+00  -4.7 3.94e+00    -  3.99e-01 8.46e-02h  2
 501  4.1516923e+00 8.99e-03 2.83e+00  -5.1 2.64e+00    -  4.01e-01 1.01e-01h  2
 502  4.1696681e+00 3.39e-03 1.07e+00  -4.8 4.79e-01    -  5.92e-01 6.09e-01H  1
 503  4.1673985e+00 5.08e-03 3.96e-01  -5.0 1.29e-01    -  9.06e-01 1.00e+00h  1
 504  4.1483287e+00 3.38e-03 1.15e+01  -5.0 1.07e-01    -  7.01e-02 7.26e-01h  1
 505  4.1443135e+00 2.22e-03 2.16e+00  -7.1 3.55e-02    -  7.70e-01 3.72e-01h  1
 506  4.1422074e+00 2.93e-04 4.66e-03  -5.2 9.53e-02    -  1.00e+00 1.00e+00h  1
 507  4.1410912e+00 1.20e-03 8.76e-01  -5.4 3.35e-01    -  9.99e-01 6.18e-01h  1
 508  4.1405499e+00 2.30e-03 2.37e+00  -5.5 3.20e-01    -  1.00e+00 5.54e-01h  1
 509  4.1383330e+00 1.82e-03 1.35e+00  -5.2 1.84e-01    -  8.17e-01 2.86e-01h  1
iter    objective    inf_pr   inf_du lg(mu)  ||d||  lg(rg) alpha_du alpha_pr  ls
 510  4.1349686e+00 8.60e-04 5.05e-01  -5.7 9.08e-02    -  7.98e-01 5.26e-01h  1
 511  4.1332684e+00 6.04e-04 3.97e-02  -5.6 1.51e-01    -  1.00e+00 9.73e-01h  1
 512  4.1329674e+00 5.71e-04 1.51e+00  -5.2 5.51e-01    -  9.03e-01 1.23e-01h  1
 513  4.1320009e+00 1.74e-03 9.79e-01  -5.5 9.25e-01    -  8.53e-01 5.55e-01h  1
 514  4.1286464e+00 2.18e-03 8.47e-01  -6.2 9.13e+00    -  1.56e-01 6.84e-02h  1
 515  4.1459604e+00 7.07e-03 8.19e-01  -4.4 2.54e+01    -  6.61e-02 5.43e-02h  2
 516  4.1444965e+00 8.50e-03 1.81e+00  -5.3 1.27e+01    -  1.57e-01 6.29e-02h  2
 517  4.1436072e+00 1.05e-02 1.66e+00  -5.3 7.96e+00    -  1.70e-01 1.58e-01h  1
 518  4.1313144e+00 1.45e-02 1.23e+00  -5.3 2.91e+01    -  7.63e-02 4.72e-02h  1
 519  4.1221988e+00 1.51e-02 1.09e+00  -5.3 3.17e+01    -  7.48e-02 2.02e-02h  2
iter    objective    inf_pr   inf_du lg(mu)  ||d||  lg(rg) alpha_du alpha_pr  ls
 520  4.1181371e+00 1.36e-02 2.24e+00  -4.5 5.03e+00    -  2.09e-01 1.02e-01h  2
 521  4.1433304e+00 8.22e-03 3.26e+00  -4.4 1.59e+00    -  1.93e-01 3.91e-01h  1
 522  4.1225759e+00 7.07e-03 1.48e+00  -4.9 2.30e+00    -  6.05e-01 4.98e-01h  1
 523  4.1118066e+00 6.73e-03 3.80e+00 -10.8 8.21e+00    -  1.82e-01 6.69e-02h  1
 524  4.1071445e+00 5.54e-03 2.23e+00  -4.5 1.85e+00    -  5.20e-01 1.68e-01f  2
 525  4.1334770e+00 3.64e-03 7.99e-01  -4.4 3.88e-01    -  5.76e-01 6.82e-01h  1
 526  4.1145044e+00 1.99e-03 6.66e-01  -4.6 1.15e-01    -  1.00e+00 4.71e-01h  1
 527  4.1009346e+00 8.30e-04 6.79e-01  -4.9 2.34e-01    -  1.00e+00 5.83e-01h  1
 528  4.0944700e+00 1.30e-03 1.65e+00  -4.9 9.60e-01    -  1.00e+00 4.77e-01h  1
 529  4.0909053e+00 1.90e-03 6.66e-01  -4.9 3.61e+00    -  1.00e+00 1.14e-01h  3
iter    objective    inf_pr   inf_du lg(mu)  ||d||  lg(rg) alpha_du alpha_pr  ls
 530  4.0926001e+00 7.50e-03 1.68e+00  -4.5 8.61e+00    -  6.24e-01 1.01e-01h  3
 531  4.0912701e+00 8.25e-03 1.16e+00  -4.7 6.06e+00    -  4.06e-01 9.37e-02h  2
 532  4.0887612e+00 7.44e-03 9.25e-01  -4.7 4.72e+00    -  3.46e-01 1.11e-01h  2
 533  4.0850520e+00 6.63e-03 8.50e-01  -5.1 5.13e+00    -  2.26e-01 1.27e-01h  2
 534  4.0827806e+00 1.07e-02 3.26e+00  -4.4 1.32e+01    -  3.44e-01 1.14e-01h  2
 535  4.1113712e+00 1.34e-02 7.78e-01  -4.0 3.62e+01    -  1.70e-01 6.56e-02h  1
 536  4.1057239e+00 1.26e-02 7.46e-01  -4.5 2.12e+01    -  1.10e-01 6.03e-02h  3
 537  4.0977336e+00 2.25e-02 8.08e-01  -4.5 4.29e+01    -  1.50e-01 6.48e-02h  1
 538  4.0957530e+00 4.73e-02 7.79e-01  -4.5 9.20e+01    -  4.57e-02 4.60e-02f  1
 539  4.0794494e+00 5.39e-02 1.42e+00  -4.5 1.52e+02    -  5.07e-02 2.11e-02h  2
iter    objective    inf_pr   inf_du lg(mu)  ||d||  lg(rg) alpha_du alpha_pr  ls
 540  4.0649831e+00 6.80e-02 1.60e+00 -10.5 1.32e+02    -  3.14e-02 2.78e-02h  1
 541  4.8674870e+00 2.11e-01 9.14e+00  -3.2 2.12e+02    -  2.82e-02 6.07e-02f  1
 542  5.0370430e+00 1.89e-01 8.49e+00  -4.4 5.27e+01    -  3.65e-02 8.11e-02h  1
 543  4.8142867e+00 1.70e-01 7.93e+00  -4.4 3.90e+01    -  2.45e-01 7.95e-02h  1
 544  4.5336902e+00 1.59e-01 7.61e+00  -4.4 8.26e+01    -  5.26e-02 3.97e-02f  1
 545  4.2797345e+00 1.63e-01 6.38e+00  -4.4 1.03e+01    -  1.08e-01 1.52e-01h  1
 546  4.1186997e+00 1.36e-01 4.21e+03  -4.4 5.18e+00    -  1.54e-01 1.78e-01h  1
 547  4.0444376e+00 1.05e-01 1.27e+03  -4.4 3.78e+00    -  1.82e-01 2.28e-01h  1
 548  4.3478335e+00 1.14e-01 1.12e+03  -3.4 9.65e+00    -  8.86e-02 3.37e-01f  1
 549  4.9148436e+00 5.58e-02 5.62e+02  -4.1 2.83e+00    -  3.56e-01 3.78e-01h  1
iter    objective    inf_pr   inf_du lg(mu)  ||d||  lg(rg) alpha_du alpha_pr  ls
 550  4.0973388e+00 2.82e-02 1.41e+01  -4.1 2.53e+00    -  4.45e-01 6.59e-01h  1
 551  4.0544979e+00 2.48e-02 7.79e+01  -4.1 9.65e-01    -  5.46e-01 1.37e-01h  1
 552  4.0411881e+00 2.21e-02 8.39e+02  -3.9 1.23e+00    -  1.00e+00 1.10e-01h  1
 553  3.9887755e+00 1.89e-02 3.40e+01  -9.9 1.76e+00    -  1.83e-01 1.55e-01h  1
 554  4.0200540e+00 1.19e-02 2.10e+01  -4.0 1.02e+00    -  8.10e-01 3.82e-01h  1
 555  3.9746622e+00 1.75e-03 1.42e-02  -4.0 9.37e-02    -  1.00e+00 1.00e+00h  1
 556  3.9344681e+00 7.94e-04 1.51e-02  -4.6 4.75e-01    -  1.00e+00 1.00e+00h  1
 557  3.9066469e+00 5.09e-03 1.20e+00  -4.6 9.00e-01    -  1.00e+00 4.34e-01h  1
 558  3.9357775e+00 2.95e-03 3.33e-02  -4.3 5.59e-01    -  1.00e+00 1.00e+00h  1
 559  3.9454142e+00 3.38e-03 9.25e-02  -4.4 1.91e-01    -  1.00e+00 9.30e-01h  1
iter    objective    inf_pr   inf_du lg(mu)  ||d||  lg(rg) alpha_du alpha_pr  ls
 560  3.9026765e+00 2.52e-03 9.75e+00  -4.4 2.95e-01    -  1.89e-02 7.13e-01f  1
 561  3.9007757e+00 2.03e-03 1.34e-02  -4.4 6.08e-02    -  9.99e-01 1.00e+00f  1
 562  3.8789734e+00 1.30e-03 3.94e-01  -4.8 2.44e-01    -  1.00e+00 8.01e-01h  1
 563  3.8732792e+00 1.18e-03 1.43e+00  -5.1 1.23e-01    -  1.00e+00 2.93e-01h  2
 564  3.8616212e+00 5.31e-03 2.81e-01  -5.2 7.70e-02    -  1.00e+00 7.48e-01h  1
 565  3.8640077e+00 2.14e-03 2.69e-01  -4.7 2.46e-01    -  1.00e+00 6.14e-01h  1
 566  3.8567216e+00 5.83e-04 3.65e-02  -5.1 7.05e-02    -  1.00e+00 9.32e-01h  1
 567  3.8501940e+00 6.91e-04 6.53e-01  -5.3 7.18e-02    -  1.00e+00 6.80e-01h  1
 568  3.8459306e+00 5.23e-04 8.26e-01  -5.6 1.32e-01    -  1.00e+00 6.17e-01h  1
 569  3.8439188e+00 6.64e-04 2.25e+00  -5.2 4.51e-01    -  1.00e+00 2.89e-01h  1
iter    objective    inf_pr   inf_du lg(mu)  ||d||  lg(rg) alpha_du alpha_pr  ls
 570  3.8418378e+00 9.96e-04 2.90e+00 -11.0 1.15e+00    -  2.79e-01 6.32e-02h  1
 571  3.8385942e+00 1.96e-03 2.80e+00  -5.0 3.81e+00    -  9.97e-02 6.77e-02h  1
 572  3.8364274e+00 5.53e-03 2.45e+00  -5.8 4.49e+00    -  1.12e-01 1.21e-01h  1
 573  3.8351912e+00 5.49e-03 2.73e+00  -5.0 5.02e+00    -  2.07e-01 1.06e-02h  1
 574  3.8336202e+00 6.41e-03 2.45e+00 -11.0 3.35e+00    -  7.31e-02 8.31e-02h  1
 575  3.8304490e+00 4.95e-03 2.28e+00  -5.0 1.28e+00    -  3.46e-01 2.70e-01h  1
 576  3.8267392e+00 4.42e-03 1.44e+00  -4.9 1.17e+00    -  2.36e-01 1.28e-01h  1
 577  3.8450005e+00 9.14e-03 9.47e-01  -4.5 4.36e-01    -  4.08e-01 4.27e-01h  1
 578  3.8305782e+00 5.36e-03 1.20e-01  -4.9 1.37e-01    -  6.14e-01 7.01e-01h  1
 579  3.8423423e+00 4.94e-03 9.84e-01  -4.5 6.16e-02    -  9.53e-01 7.57e-01f  1
iter    objective    inf_pr   inf_du lg(mu)  ||d||  lg(rg) alpha_du alpha_pr  ls
 580  3.8400756e+00 3.32e-04 7.72e-03  -4.6 3.01e-02    -  1.00e+00 1.00e+00h  1
 581  3.8288605e+00 5.15e-03 3.44e-01  -5.1 2.23e-02    -  1.00e+00 7.28e-01h  1
 582  3.8255843e+00 1.39e-04 6.48e-03  -4.9 5.47e-02    -  1.00e+00 1.00e+00h  1
 583  3.8228660e+00 5.13e-03 6.08e-01  -5.0 1.57e-01    -  1.00e+00 5.01e-01h  1
 584  3.8463819e+00 1.26e-04 1.40e-01  -4.7 3.40e-01    -  8.40e-01 1.00e+00H  1
 585  3.8831656e+00 9.34e-05 8.59e-02  -4.5 1.81e-01    -  1.00e+00 1.00e+00H  1
 586  3.8998102e+00 8.76e-03 4.98e-01  -4.2 2.97e-01    -  8.44e-01 1.00e+00f  1
 587  3.8756801e+00 4.11e-03 1.80e+00  -4.3 1.16e-01    -  9.43e-01 6.04e-01h  1
 588  3.8589231e+00 2.62e-03 1.85e-01  -4.3 1.97e-01    -  9.03e-01 1.00e+00f  1
 589  3.8756744e+00 5.05e-03 2.91e-02  -4.3 1.27e-01    -  1.00e+00 1.00e+00h  1
iter    objective    inf_pr   inf_du lg(mu)  ||d||  lg(rg) alpha_du alpha_pr  ls
 590  3.8586956e+00 4.97e-03 7.05e-03  -4.3 1.01e-01    -  1.00e+00 1.00e+00h  1
 591  3.8580356e+00 8.53e-05 4.08e-03  -4.3 1.73e-02    -  1.00e+00 1.00e+00h  1
 592  3.8371300e+00 1.04e-03 7.18e-02  -5.0 6.58e-02    -  9.99e-01 8.83e-01h  1
 593  3.8234266e+00 8.30e-04 7.31e-01  -5.0 3.50e-01    -  1.00e+00 3.60e-01h  1
 594  3.8238913e+00 4.59e-04 2.60e-01  -5.0 2.16e-01    -  9.12e-01 6.31e-01H  1
 595  3.8152781e+00 2.37e-04 8.19e-03  -5.0 5.99e-02    -  1.00e+00 1.00e+00f  1
 596  3.8101542e+00 8.68e-05 2.60e-01  -5.5 3.18e-02    -  1.00e+00 6.49e-01h  1
 597  3.8071912e+00 4.63e-05 3.00e-01  -5.9 5.29e-02    -  1.00e+00 6.49e-01h  1
 598  3.8083536e+00 4.64e-04 4.33e-01  -5.2 9.23e-02    -  7.42e-01 4.03e-01h  1
 599  3.8069648e+00 4.83e-04 3.53e-01  -5.4 4.31e-02    -  1.00e+00 6.24e-01h  1
iter    objective    inf_pr   inf_du lg(mu)  ||d||  lg(rg) alpha_du alpha_pr  ls
 600  3.8086396e+00 2.09e-04 1.21e-01  -5.0 4.29e-02    -  7.44e-01 5.56e-01f  1
 601  3.8075007e+00 3.10e-04 5.61e-02  -5.2 3.32e-02    -  1.00e+00 8.93e-01h  1
 602  3.8134263e+00 5.50e-04 9.21e-02  -4.8 4.88e-02    -  9.89e-01 7.93e-01f  1
 603  3.8125501e+00 2.79e-04 5.91e-02  -4.9 1.03e-01    -  1.00e+00 8.76e-01h  1
 604  3.8103320e+00 3.06e-04 5.10e-01  -4.9 1.54e-01    -  1.00e+00 5.00e-01f  2
 605  3.8093921e+00 2.00e-04 7.09e-01  -4.9 1.55e-01    -  1.00e+00 4.51e-01h  1
 606  3.8082858e+00 8.67e-05 6.47e-03  -4.9 6.86e-02    -  1.00e+00 1.00e+00f  1
 607  3.8103329e+00 4.40e-05 2.28e-01  -4.9 1.31e-01    -  6.85e-01 9.25e-01H  1
 608  3.8050182e+00 5.60e-05 5.57e-01  -5.4 1.33e-01    -  1.00e+00 3.70e-01f  1
 609  3.8024930e+00 1.08e-04 5.72e-01  -5.1 2.60e-01    -  1.00e+00 4.09e-01h  2
iter    objective    inf_pr   inf_du lg(mu)  ||d||  lg(rg) alpha_du alpha_pr  ls
 610  3.8004803e+00 6.84e-04 3.73e-01  -5.5 3.68e-01    -  1.00e+00 6.58e-01h  1
 611  3.8013653e+00 4.10e-04 6.45e-01  -5.3 5.28e-01    -  1.00e+00 5.27e-01H  1
 612  3.8002376e+00 4.16e-04 9.38e-01  -5.3 5.52e-01    -  7.58e-01 3.25e-01h  2
 613  3.8054246e+00 4.81e-04 3.34e-01  -5.4 8.65e-02    -  1.00e+00 7.86e-01h  1
 614  3.7919055e+00 2.57e-04 1.34e+00  -5.5 6.11e-02    -  1.62e-01 8.41e-01h  1
 615  3.7923879e+00 7.22e-04 8.79e-02  -5.2 1.27e-01    -  9.47e-01 1.00e+00f  1
 616  3.7931458e+00 6.56e-04 2.22e-01  -4.9 1.28e+00    -  3.87e-01 1.46e-01h  2
 617  3.7928357e+00 5.02e-04 2.64e-01  -5.2 2.37e+00    -  2.48e-01 1.27e-01h  2
 618  3.7918812e+00 6.12e-04 3.56e-01  -5.2 3.33e+00    -  1.33e-01 5.94e-02h  3
 619  3.8095417e+00 8.56e-03 1.71e-01  -4.4 3.09e+00    -  1.71e-01 2.14e-01h  1
iter    objective    inf_pr   inf_du lg(mu)  ||d||  lg(rg) alpha_du alpha_pr  ls
 620  3.8157434e+00 6.98e-03 1.29e-01  -5.0 1.57e+00    -  3.89e-01 3.69e-01H  1
 621  3.8062135e+00 5.96e-03 8.07e-01  -5.0 1.88e+00    -  5.01e-01 1.47e-01h  1
 622  3.7956086e+00 6.07e-03 6.36e-01  -5.0 3.26e-01    -  3.16e-01 2.30e-01h  2
 623  3.7886436e+00 4.36e-03 6.87e-01  -5.0 9.33e-02    -  9.65e-01 3.39e-01h  1
 624  3.7928877e+00 8.76e-04 1.87e-02  -4.7 3.80e-02    -  1.00e+00 1.00e+00f  1
 625  3.7899126e+00 5.69e-05 6.72e-03  -4.8 8.84e-02    -  1.00e+00 1.00e+00h  1
 626  3.7825042e+00 8.99e-04 5.37e-02  -5.2 2.61e-01    -  1.00e+00 8.11e-01h  1
 627  3.7817217e+00 7.54e-04 6.89e-01  -5.0 5.45e-01    -  1.00e+00 1.61e-01h  3
 628  3.7781764e+00 1.15e-03 8.15e-02  -5.4 2.39e-01    -  1.00e+00 9.19e-01h  1
 629  3.7954930e+00 1.78e-03 3.56e-02  -5.2 1.16e-01    -  1.00e+00 1.00e+00h  1
iter    objective    inf_pr   inf_du lg(mu)  ||d||  lg(rg) alpha_du alpha_pr  ls
 630  3.7754376e+00 8.51e-04 2.87e-02  -5.3 8.38e-02    -  9.37e-01 1.00e+00h  1
 631  3.7731348e+00 7.91e-05 1.35e-02  -5.4 1.24e-01    -  1.00e+00 9.46e-01h  1
 632  3.7748736e+00 7.67e-04 8.33e-02  -5.2 7.64e-01    -  1.00e+00 6.53e-01h  1
 633  3.7719364e+00 1.62e-03 6.41e-02  -5.3 1.07e+01    -  1.26e-01 6.26e-02h  1
 634  3.7915364e+00 7.40e-03 2.80e-01  -4.3 4.64e+01    -  9.67e-02 4.36e-02f  2
 635  3.7885639e+00 7.70e-03 8.10e-01  -5.1 2.32e+01    -  1.23e-01 2.89e-02h  3
 636  3.7873520e+00 8.35e-03 9.14e-01  -5.1 3.00e+01    -  5.62e-02 3.72e-02h  3
 637  3.7775120e+00 1.42e-02 1.02e+00  -5.1 8.37e+01    -  5.04e-02 2.88e-02h  2
 638  3.7727596e+00 1.83e-02 1.17e+00  -5.1 1.71e+02    -  3.18e-02 1.29e-02h  2
 639  3.7634801e+00 2.44e-02 1.16e+00  -5.1 1.02e+02    -  2.35e-02 2.72e-02h  2
iter    objective    inf_pr   inf_du lg(mu)  ||d||  lg(rg) alpha_du alpha_pr  ls
 640  3.7855851e+00 3.41e-02 1.02e+00  -3.8 1.88e+02    -  4.24e-02 1.85e-02h  2
 641  3.7813353e+00 3.38e-02 8.05e-01  -4.9 3.80e+01    -  3.46e-02 1.64e-02h  3
 642  3.7627370e+00 2.90e-02 1.51e+00  -4.9 8.04e+00    -  1.04e-01 1.72e-01h  1
 643  3.7780778e+00 3.24e-02 1.07e+00  -3.9 5.17e+01    -  6.79e-02 4.42e-02f  1
 644  3.7768045e+00 3.58e-02 7.44e-01  -4.8 4.11e+01    -  7.01e-02 5.67e-02h  2
 645  3.7777915e+00 3.49e-02 6.65e-01  -4.8 2.02e+01    -  4.10e-02 3.78e-02h  2
 646  3.7522892e+00 2.92e-02 5.73e-01  -4.8 1.56e+00    -  2.06e-01 1.65e-01h  1
 647  3.7289127e+00 2.34e-02 4.45e+00  -4.8 3.88e+00    -  3.87e-01 2.40e-01f  1
 648  4.1601430e+00 1.96e-02 3.53e+00  -3.6 4.09e+00    -  6.06e-02 1.86e-01f  1
 649  3.7667407e+00 1.19e-02 8.91e-01  -4.5 3.12e-01    -  5.75e-01 7.50e-01h  1
iter    objective    inf_pr   inf_du lg(mu)  ||d||  lg(rg) alpha_du alpha_pr  ls
 650  3.7206598e+00 7.32e-03 5.38e-01 -10.5 4.71e-01    -  4.08e-01 4.00e-01h  1
 651  3.7359871e+00 1.03e-03 2.63e-02  -4.5 3.81e-01    -  1.00e+00 1.00e+00h  1
 652  3.7196847e+00 5.20e-04 1.60e+00  -4.7 1.40e-01    -  1.00e+00 5.34e-01h  1
 653  3.7035878e+00 3.69e-04 7.40e-01  -5.1 2.09e-01    -  1.00e+00 7.08e-01h  1
 654  3.6963307e+00 7.84e-04 1.85e-01  -5.3 6.66e-02    -  1.00e+00 5.95e-01h  1
 655  3.6920293e+00 3.65e-04 1.71e-01  -5.3 4.86e-02    -  1.00e+00 6.96e-01h  1
 656  3.6894609e+00 6.61e-04 2.88e-01  -5.4 1.38e-01    -  1.00e+00 5.31e-01h  1
 657  3.6881079e+00 3.86e-04 8.95e-02  -5.5 1.92e-01    -  1.00e+00 8.19e-01h  1
 658  3.6861987e+00 3.75e-04 1.71e-01  -5.2 3.07e-01    -  1.00e+00 4.69e-01h  1
 659  3.6846098e+00 2.12e-03 2.35e-01  -5.3 1.00e+00    -  4.63e-01 2.21e-01h  1
iter    objective    inf_pr   inf_du lg(mu)  ||d||  lg(rg) alpha_du alpha_pr  ls
 660  3.6840711e+00 1.77e-03 3.92e-01  -5.3 5.58e-01    -  7.23e-01 2.64e-01h  1
 661  3.6875274e+00 1.97e-03 2.15e-02  -5.3 2.21e-01    -  1.00e+00 1.00e+00h  1
 662  3.6822529e+00 3.15e-03 3.88e-02  -5.4 2.59e-01    -  6.39e-01 5.60e-01h  1
 663  3.6749516e+00 8.70e-04 2.72e-01  -5.4 5.25e-02    -  8.54e-01 7.24e-01f  1
 664  3.6742308e+00 7.00e-04 8.46e-01  -5.5 9.78e-02    -  1.00e+00 1.96e-01h  1
 665  3.6736051e+00 5.98e-04 9.52e-01  -5.3 6.44e-01    -  6.10e-01 3.00e-01h  2
 666  3.6732838e+00 2.60e-03 6.98e-01  -5.1 2.37e+00    -  2.98e-01 2.91e-01h  1
 667  3.6715651e+00 6.29e-03 1.22e+00  -5.0 6.56e+00    -  1.92e-01 3.32e-02h  3
 668  3.6711617e+00 5.52e-03 1.66e+00  -5.6 2.08e+00    -  2.86e-01 1.56e-01h  2
 669  3.6974084e+00 2.56e-03 9.30e-01  -4.7 4.07e-01    -  2.86e-01 5.52e-01H  1
iter    objective    inf_pr   inf_du lg(mu)  ||d||  lg(rg) alpha_du alpha_pr  ls
 670  3.6731442e+00 3.42e-03 2.68e-02  -5.1 1.98e-01    -  1.00e+00 1.00e+00h  1
 671  3.6712724e+00 1.88e-03 2.42e-01  -4.5 5.53e-01    -  4.65e-01 4.16e-01h  1
 672  3.6711448e+00 1.58e-03 6.09e-01  -4.7 1.94e+00    -  6.14e-01 2.17e-01h  3
 673  3.6796247e+00 3.36e-03 6.55e-01  -4.4 5.28e+00    -  4.51e-01 1.40e-01h  3
 674  3.6804681e+00 4.83e-03 5.87e-01  -4.6 6.34e+00    -  2.54e-01 1.36e-01h  3
 675  3.6796495e+00 6.52e-03 9.80e-01  -4.6 9.47e+00    -  1.69e-01 7.48e-02h  3
 676  3.6750947e+00 6.98e-03 1.54e+00  -4.6 7.38e+00    -  1.99e-01 4.95e-02h  3
 677  3.6686417e+00 8.57e-03 1.43e+00  -4.6 9.64e+00    -  8.68e-02 7.37e-02h  3
 678  3.6911155e+00 1.52e-02 2.06e+00  -4.0 9.83e+00    -  2.22e-01 7.49e-02h  3
 679  3.7841222e+00 5.95e-03 1.63e+00  -4.5 5.53e-01    -  3.91e-01 7.29e-01H  1
iter    objective    inf_pr   inf_du lg(mu)  ||d||  lg(rg) alpha_du alpha_pr  ls
 680  3.6827708e+00 1.31e-02 5.22e-01  -4.5 6.75e-01    -  7.96e-01 6.37e-01f  1
 681  3.6821191e+00 8.82e-03 9.40e-01  -4.5 2.70e-01    -  5.92e-01 4.04e-01H  1
 682  3.6662292e+00 6.06e-04 1.21e-02  -4.5 2.37e-01    -  1.00e+00 1.00e+00h  1
 683  3.6587729e+00 6.61e-04 3.49e-01  -4.7 8.64e-02    -  1.00e+00 7.81e-01h  1
 684  3.6862967e+00 3.05e-03 1.05e+00  -4.2 2.61e-01    -  6.84e-01 9.54e-01h  1
 685  3.7140676e+00 3.48e-03 1.68e-01  -4.4 1.13e-01    -  9.38e-01 1.00e+00h  1
 686  3.6709166e+00 1.09e-03 7.68e-03  -4.4 1.36e-01    -  1.00e+00 1.00e+00h  1
 687  3.6710638e+00 6.22e-05 3.90e-03  -4.4 2.31e-02    -  1.00e+00 1.00e+00h  1
 688  3.6500506e+00 1.31e-03 4.82e-02  -4.9 1.30e-01    -  9.99e-01 8.05e-01h  1
 689  3.6699432e+00 1.29e-03 4.65e-02  -4.6 2.24e-01    -  1.00e+00 1.00e+00H  1
iter    objective    inf_pr   inf_du lg(mu)  ||d||  lg(rg) alpha_du alpha_pr  ls
 690  3.6389613e+00 1.78e-03 8.89e-02  -5.1 1.34e-01    -  1.00e+00 8.50e-01h  1
 691  3.6448559e+00 3.55e-03 1.25e-02  -4.8 5.57e-02    -  1.00e+00 1.00e+00h  1
 692  3.6363860e+00 3.58e-03 4.64e-03  -4.9 3.19e-02    -  1.00e+00 1.00e+00h  1
 693  3.6302577e+00 1.05e-03 1.51e-02  -5.2 2.57e-02    -  1.00e+00 9.91e-01h  1
 694  3.6283567e+00 3.22e-04 5.01e-02  -5.2 6.30e-02    -  1.00e+00 9.59e-01h  1
 695  3.6297607e+00 1.86e-03 7.35e-02  -5.0 3.66e-01    -  6.28e-01 5.39e-01h  1
 696  3.6288252e+00 1.62e-03 6.34e-01  -5.1 4.84e-01    -  5.47e-01 1.32e-01h  3
 697  3.6305302e+00 4.02e-04 2.26e-01  -5.1 8.04e-02    -  4.77e-01 1.00e+00h  1
 698  3.6257538e+00 2.04e-04 5.22e-01  -5.1 4.29e-02    -  1.00e+00 5.08e-01h  1
 699  3.6214106e+00 1.85e-04 1.08e+00  -5.7 8.37e-02    -  1.00e+00 5.85e-01h  1
iter    objective    inf_pr   inf_du lg(mu)  ||d||  lg(rg) alpha_du alpha_pr  ls
 700  3.6205313e+00 5.13e-04 1.34e+00  -5.7 2.73e-01    -  1.00e+00 3.26e-01h  1
 701  3.6191816e+00 4.19e-04 6.20e-01  -5.4 2.79e-01    -  1.00e+00 2.07e-01h  1
 702  3.6205567e+00 5.01e-03 4.48e-01  -4.9 6.31e-01    -  4.41e-01 1.76e-01h  2
 703  3.6246841e+00 7.53e-04 3.07e-01  -5.2 3.00e-01    -  7.32e-01 5.90e-01h  1
 704  3.6213763e+00 7.70e-04 4.25e-01  -5.2 1.22e-01    -  6.67e-01 3.45e-01f  1
 705  3.6191923e+00 6.31e-04 9.09e-01  -5.2 7.14e-02    -  4.08e-01 7.99e-01h  1
 706  3.6153820e+00 7.16e-04 2.63e-01  -5.6 5.63e-02    -  1.00e+00 9.43e-01f  1
 707  3.6154271e+00 7.63e-04 1.18e+00  -5.3 1.52e-01    -  1.00e+00 3.00e-01h  1
 708  3.6195495e+00 2.46e-05 1.17e-02  -5.5 2.96e-01    -  1.00e+00 1.00e+00H  1
 709  3.6170442e+00 6.17e-03 3.24e-01  -5.5 9.73e-01    -  5.75e-01 2.91e-01h  1
iter    objective    inf_pr   inf_du lg(mu)  ||d||  lg(rg) alpha_du alpha_pr  ls
 710  3.6137568e+00 6.40e-03 4.82e-01  -5.6 3.75e+00    -  1.37e-01 6.74e-02h  2
 711  3.6275425e+00 4.60e-03 4.46e-01  -4.7 2.31e+00    -  1.84e-01 1.63e-01h  2
 712  3.6250905e+00 6.50e-03 2.05e-01  -5.3 1.24e-01    -  4.04e-01 5.59e-01h  1
 713  3.6125952e+00 2.96e-03 1.11e+00  -5.3 1.81e-01    -  8.26e-01 6.06e-01f  1
 714  3.6121686e+00 1.95e-03 9.61e-01  -5.3 9.35e-02    -  6.49e-01 3.66e-01f  1
 715  3.6082239e+00 7.20e-03 1.52e-02  -5.7 3.77e-02    -  1.00e+00 9.85e-01h  1
 716  3.6072505e+00 4.00e-05 4.58e-03  -5.9 3.28e-02    -  1.00e+00 1.00e+00h  1
 717  3.6061981e+00 5.55e-05 2.07e-01  -6.3 4.86e-02    -  1.00e+00 6.07e-01h  1
 718  3.6058470e+00 1.94e-04 1.26e-01  -5.5 2.00e-01    -  7.67e-01 2.97e-01h  1
 719  3.6125308e+00 1.96e-04 4.23e-02  -5.6 2.67e-01    -  7.08e-01 8.13e-01H  1
iter    objective    inf_pr   inf_du lg(mu)  ||d||  lg(rg) alpha_du alpha_pr  ls
 720  3.6077425e+00 1.64e-04 2.92e-02  -5.7 1.14e-01    -  9.18e-01 9.66e-01h  1
 721  3.6045460e+00 1.24e-04 6.47e-01  -5.7 7.65e-02    -  5.57e-01 2.62e-01f  1
 722  3.6022839e+00 4.43e-05 3.12e-01  -5.9 4.47e-02    -  1.00e+00 8.27e-01f  1
 723  3.6018765e+00 6.98e-05 6.93e-02  -5.9 1.03e-01    -  9.52e-01 1.00e+00h  1
 724  3.6020313e+00 3.09e-04 5.23e-01  -5.2 7.42e-01    -  4.48e-01 2.46e-01h  1
 725  3.6013643e+00 9.05e-04 5.79e-01  -5.6 2.91e+00    -  9.88e-02 8.25e-02h  2
 726  3.6011483e+00 1.30e-03 1.72e+00  -6.4 2.38e+00    -  1.82e-01 6.91e-02h  2
 727  3.6008493e+00 1.71e-03 2.09e-01 -11.0 7.14e-01    -  1.20e-01 2.48e-01h  1
 728  3.6000209e+00 1.51e-03 1.54e+00  -5.4 5.17e-01    -  5.24e-01 1.64e-01h  1
 729  3.5994204e+00 1.49e-03 9.85e-01  -5.5 1.70e+00    -  3.00e-01 1.73e-02h  1
iter    objective    inf_pr   inf_du lg(mu)  ||d||  lg(rg) alpha_du alpha_pr  ls
 730  3.5983215e+00 1.54e-03 9.08e-01  -5.2 4.66e+00    -  1.95e-01 3.91e-02h  3
 731  3.5972236e+00 7.48e-03 1.47e+00  -5.4 2.34e+00    -  2.44e-01 7.23e-02h  3
 732  3.5969111e+00 6.67e-03 1.30e+00  -5.5 3.39e+00    -  1.58e-01 1.13e-01h  2
 733  3.5999855e+00 5.95e-03 1.17e+00  -4.9 7.03e+00    -  2.66e-01 9.86e-02h  2
 734  3.5989000e+00 5.68e-03 1.08e+00  -5.3 1.01e+01    -  6.68e-02 7.23e-02h  2
 735  3.5970089e+00 6.35e-03 2.38e+00  -5.3 1.75e+01    -  8.71e-02 2.40e-02h  3
 736  3.5961712e+00 6.92e-03 3.47e+00  -5.3 1.04e+01    -  1.12e-01 4.60e-02h  3
 737  3.5952109e+00 8.87e-03 1.84e+00  -4.9 1.06e+01    -  2.16e-01 8.12e-02h  2
 738  3.5973243e+00 1.35e-02 9.83e-01  -4.8 2.46e+01    -  1.51e-01 4.99e-02h  2
 739  3.5948269e+00 4.95e-02 1.38e+00  -5.2 1.97e+01    -  1.00e-01 3.44e-02h  3
iter    objective    inf_pr   inf_du lg(mu)  ||d||  lg(rg) alpha_du alpha_pr  ls
 740  3.6406425e+00 4.32e-02 1.14e+00  -4.1 1.41e+01    -  8.27e-02 1.26e-01h  1
 741  3.6561877e+00 3.66e-02 1.10e+00  -4.9 6.00e+00    -  2.98e-01 1.50e-01h  1
 742  3.6334655e+00 2.55e-02 5.41e-01  -4.9 1.52e+00    -  4.15e-01 3.55e-01h  1
 743  3.6051671e+00 3.45e-02 1.68e+00  -4.9 1.19e+00    -  5.97e-02 1.68e-01h  1
 744  3.5949685e+00 2.56e-02 1.06e+00  -4.9 1.94e+00    -  1.20e-01 2.99e-01h  1
 745  3.5848504e+00 2.23e-02 1.23e+00  -4.9 9.26e-01    -  3.62e-01 1.27e-01h  1
 746  3.5890561e+00 7.77e-03 5.30e-01  -4.7 4.39e-01    -  4.71e-01 7.28e-01f  1
 747  3.5805841e+00 4.14e-03 8.95e-01  -4.8 4.22e-01    -  1.00e+00 4.66e-01h  1
 748  3.5854744e+00 1.40e-03 1.02e+00  -4.8 1.69e-01    -  1.00e+00 8.36e-01h  1
 749  3.5678156e+00 4.91e-04 1.98e-01  -5.2 1.49e-01    -  1.00e+00 9.05e-01h  1
iter    objective    inf_pr   inf_du lg(mu)  ||d||  lg(rg) alpha_du alpha_pr  ls
 750  3.5654460e+00 4.70e-04 2.34e-02  -5.3 4.49e-02    -  9.19e-01 9.35e-01h  1
 751  3.5604158e+00 3.38e-04 4.58e-03  -5.7 5.44e-02    -  1.00e+00 9.95e-01h  1
 752  3.5596964e+00 5.17e-04 1.13e-01  -5.5 1.03e-01    -  1.00e+00 9.21e-01h  1
 753  3.5587678e+00 2.34e-03 4.60e-01  -5.2 4.58e-01    -  9.95e-01 3.78e-01h  2
 754  3.5595253e+00 1.89e-03 7.66e-01  -5.0 1.52e+00    -  6.00e-01 1.81e-01h  2
 755  3.5586547e+00 7.80e-03 5.66e-01  -5.1 1.58e+00    -  3.58e-01 1.02e-01h  3
 756  3.5576539e+00 7.20e-03 2.46e-01  -5.1 1.69e+00    -  6.33e-01 7.73e-02h  4
 757  3.5550875e+00 5.38e-03 2.02e-01  -6.3 8.82e-01    -  3.40e-01 2.49e-01h  2
 758  3.5526736e+00 4.87e-03 4.26e-01  -5.0 3.60e+00    -  3.71e-01 9.35e-02h  3
 759  3.5521302e+00 6.04e-03 4.42e-01  -5.5 5.39e+00    -  1.78e-01 8.50e-02h  1
iter    objective    inf_pr   inf_du lg(mu)  ||d||  lg(rg) alpha_du alpha_pr  ls
 760  3.5581363e+00 6.58e-03 4.46e-01  -4.5 4.41e+00    -  2.47e-01 1.17e-01h  3
 761  3.5564750e+00 6.78e-03 7.72e-01  -5.0 5.38e+00    -  2.76e-01 1.58e-01h  2
 762  3.5551657e+00 6.87e-03 1.21e+00  -5.0 1.19e+01    -  1.24e-01 3.12e-02h  3
 763  3.5524027e+00 6.45e-03 1.75e+00  -5.0 3.56e+00    -  1.92e-01 6.04e-02h  3
 764  3.5530357e+00 5.15e-03 1.55e+00  -5.0 1.17e+00    -  2.71e-01 2.09e-01h  2
 765  3.5576500e+00 3.77e-03 3.71e-01  -5.0 5.86e-01    -  4.91e-01 5.72e-01H  1
 766  3.5509690e+00 3.98e-03 1.39e+00  -5.0 3.85e-01    -  5.86e-01 2.84e-01h  1
 767  3.5697308e+00 3.01e-03 4.35e+00  -4.4 8.52e-01    -  2.45e-01 6.73e-01f  1
 768  3.5745364e+00 2.74e-03 2.48e+00  -4.8 1.28e+00    -  3.96e-01 2.93e-01H  1
 769  3.5619676e+00 1.48e-03 3.03e+00  -4.8 1.36e-01    -  1.00e+00 4.59e-01h  1
iter    objective    inf_pr   inf_du lg(mu)  ||d||  lg(rg) alpha_du alpha_pr  ls
 770  3.5488890e+00 1.83e-03 2.31e+00  -4.8 3.16e-01    -  3.73e-01 1.00e+00h  1
 771  3.6607225e+00 4.80e-04 4.54e-02  -4.6 1.50e-01    -  1.00e+00 1.00e+00H  1
 772  3.5533934e+00 4.74e-03 5.11e-02  -4.7 1.64e-01    -  8.20e-01 1.00e+00f  1
 773  3.5540914e+00 5.24e-05 2.47e-03  -4.7 4.61e-02    -  1.00e+00 1.00e+00h  1
 774  3.5443502e+00 3.06e-04 2.94e-01  -5.2 4.56e-02    -  1.00e+00 6.64e-01h  1
 775  3.5395539e+00 3.33e-04 4.64e-01  -5.3 6.34e-02    -  1.00e+00 4.70e-01h  1
 776  3.5360750e+00 3.08e-04 7.22e-02  -5.4 7.84e-02    -  1.00e+00 7.80e-01h  1
 777  3.5372265e+00 3.50e-04 3.50e-02  -5.4 1.42e-01    -  1.00e+00 9.10e-01h  1
 778  3.5338256e+00 2.42e-04 7.63e-01  -5.5 1.52e-01    -  1.00e+00 4.49e-01h  1
 779  3.5417078e+00 3.47e-04 2.74e-01  -5.2 1.70e-01    -  7.88e-01 8.83e-01H  1
iter    objective    inf_pr   inf_du lg(mu)  ||d||  lg(rg) alpha_du alpha_pr  ls
 780  3.5318454e+00 1.62e-04 1.03e-01  -5.5 5.51e-02    -  1.00e+00 9.15e-01h  1
 781  3.5298627e+00 4.40e-04 1.28e+00  -5.6 4.53e-02    -  1.00e+00 5.96e-01h  1
 782  3.5283561e+00 4.64e-04 1.13e-01  -5.9 1.08e-01    -  1.00e+00 9.40e-01h  1
 783  3.5272735e+00 5.65e-04 1.58e-01  -6.1 9.41e-01    -  5.76e-01 1.22e-01h  1
 784  3.5261509e+00 1.10e-03 1.82e-01  -5.7 4.57e+00    -  3.13e-01 4.59e-02h  2
 785  3.5258623e+00 1.18e-03 2.70e-01  -5.4 2.55e+00    -  2.14e-01 3.63e-02h  4
 786  3.5261983e+00 7.87e-03 1.55e-01  -5.3 7.73e-01    -  4.57e-01 1.81e-01h  3
 787  3.5254828e+00 7.25e-03 1.27e-01  -5.6 2.49e+00    -  1.75e-01 8.13e-02h  3
 788  3.5241301e+00 9.96e-03 1.35e-01  -5.2 8.23e+00    -  1.97e-01 8.44e-02h  1
 789  3.5238631e+00 1.12e-02 2.06e-01  -5.2 1.06e+01    -  9.29e-02 2.77e-02h  3
iter    objective    inf_pr   inf_du lg(mu)  ||d||  lg(rg) alpha_du alpha_pr  ls
 790  3.5278406e+00 1.33e-02 2.59e-01  -4.8 6.78e+00    -  1.31e-01 8.71e-02h  2
 791  3.5266643e+00 1.26e-02 4.40e-01  -5.4 5.51e+00    -  1.52e-01 5.57e-02h  3
 792  3.5246987e+00 1.03e-02 5.93e-01  -5.4 4.78e+00    -  2.11e-01 9.84e-02h  2
 793  3.5230712e+00 7.93e-03 9.64e-01  -5.4 3.92e+00    -  1.39e-01 6.70e-02h  2
 794  3.5360704e+00 4.58e-03 4.80e-01  -4.7 1.70e+00    -  2.59e-01 3.10e-01h  1
 795  3.5375591e+00 3.41e-03 2.71e+00  -5.2 3.00e-01    -  1.17e-01 3.08e-01h  1
 796  3.5178206e+00 1.70e-03 6.05e-01  -5.2 5.74e-01    -  4.14e-01 6.24e-01f  1
 797  3.5158076e+00 1.67e-03 4.90e+00  -4.9 7.60e-01    -  4.59e-01 5.68e-02f  3
 798  3.5129799e+00 4.76e-04 6.52e-01  -5.3 4.30e-02    -  8.92e-01 1.00e+00h  1
 799  3.5114349e+00 1.47e-04 1.02e-02  -5.3 5.43e-02    -  1.00e+00 1.00e+00h  1
iter    objective    inf_pr   inf_du lg(mu)  ||d||  lg(rg) alpha_du alpha_pr  ls
 800  3.5083977e+00 3.25e-04 7.23e-02  -5.9 9.87e-02    -  1.00e+00 8.47e-01h  1
 801  3.5076216e+00 5.53e-04 8.01e-01  -5.5 3.26e-01    -  1.00e+00 2.62e-01h  2
 802  3.5073083e+00 4.07e-04 6.43e-01  -5.3 6.26e-01    -  8.99e-01 2.98e-01h  2
 803  3.5104400e+00 1.14e-03 8.45e-01  -4.9 1.58e+00    -  4.59e-01 2.04e-01h  1
 804  3.5094177e+00 1.80e-03 1.42e+00  -5.2 1.27e+00    -  5.48e-01 1.71e-01h  3
 805  3.5090457e+00 3.13e-03 1.26e+00  -5.2 1.75e+00    -  1.43e-01 1.36e-01h  2
 806  3.5059228e+00 5.87e-03 1.21e+00  -5.2 3.68e+00    -  1.51e-01 1.23e-01h  2
 807  3.5038796e+00 6.19e-03 1.94e+00  -5.6 6.23e+00    -  1.74e-01 4.83e-02h  2
 808  3.5020955e+00 5.87e-03 3.12e+00  -5.7 2.43e+00    -  2.75e-01 1.01e-01h  2
 809  3.5033726e+00 4.98e-03 4.42e+00  -4.9 1.57e+00    -  4.67e-01 1.84e-01h  2
iter    objective    inf_pr   inf_du lg(mu)  ||d||  lg(rg) alpha_du alpha_pr  ls
 810  3.5007269e+00 4.80e-03 3.82e+00  -5.2 2.64e+00    -  3.56e-01 1.66e-01h  2
 811  3.4999606e+00 5.37e-03 3.38e+00  -5.1 8.66e+00    -  2.07e-01 4.03e-02h  2
 812  3.5002024e+00 5.41e-03 1.61e+00  -4.9 4.34e+00    -  5.14e-01 9.62e-02h  2
 813  3.4994572e+00 5.17e-03 2.02e+00  -5.1 5.02e+00    -  1.67e-01 6.85e-02h  3
 814  3.5115783e+00 4.18e-03 2.06e+00  -4.5 4.96e+00    -  2.27e-01 1.49e-01h  3
 815  3.5091844e+00 3.75e-03 7.94e-01  -4.9 4.12e+00    -  4.05e-01 1.11e-01h  1
 816  3.5089360e+00 5.91e-03 1.12e+00  -4.9 1.07e+01    -  1.99e-01 1.33e-01h  2
 817  3.5053165e+00 5.73e-03 2.37e+00  -4.9 2.04e+01    -  1.45e-01 2.01e-02h  3
 818  3.5017215e+00 6.63e-03 2.68e+00  -4.9 1.28e+01    -  1.09e-01 5.74e-02h  2
 819  3.5015471e+00 9.00e-03 2.56e+00  -4.9 1.80e+01    -  4.58e-02 5.60e-02h  3
iter    objective    inf_pr   inf_du lg(mu)  ||d||  lg(rg) alpha_du alpha_pr  ls
 820  3.5009427e+00 9.88e-03 2.28e+00  -4.9 1.51e+01    -  2.20e-01 4.97e-02h  2
 821  3.4959574e+00 2.53e-02 2.11e+00  -4.9 2.71e+01    -  1.55e-01 1.05e-01h  2
 822  3.5921805e+00 1.10e-01 2.11e+00  -3.7 2.66e+02    -  4.11e-02 2.81e-02f  2
 823  3.5894520e+00 1.11e-01 3.73e+00  -4.8 1.81e+02    -  4.34e-02 7.33e-03h  3
 824  3.5772791e+00 1.18e-01 3.27e+00  -4.8 8.27e+01    -  1.34e-01 4.09e-02h  3
 825  3.5645695e+00 1.25e-01 3.29e+00  -4.8 4.49e+02    -  2.49e-02 7.81e-03h  3
 826  3.5497314e+00 1.29e-01 3.46e+00  -4.8 4.83e+02    -  1.26e-02 5.81e-03h  3
 827  3.5346482e+00 1.32e-01 3.41e+00  -4.8 3.81e+02    -  2.87e-02 6.26e-03h  2
 828  3.5177144e+00 1.34e-01 3.40e+00  -4.8 3.12e+02    -  8.89e-03 5.68e-03h  3
 829  3.4741254e+00 1.34e-01 3.36e+00  -4.8 2.54e+02    -  2.24e-02 6.61e-03f  2
iter    objective    inf_pr   inf_du lg(mu)  ||d||  lg(rg) alpha_du alpha_pr  ls
 830  3.5355453e+00 1.19e-01 2.87e+00  -4.2 4.02e+00    -  1.41e-01 1.25e-01h  1
 831  3.4663871e+00 6.67e-02 1.80e+00  -4.7 1.34e+00    -  1.46e-01 4.39e-01h  1
 832  3.5528898e+00 5.23e-02 1.20e+00  -4.4 8.70e-01    -  3.02e-01 2.34e-01h  1
 833  3.4294605e+00 7.63e-04 6.34e-01  -4.6 1.55e-01    -  4.46e-01 1.00e+00h  1
 834  3.4205984e+00 1.18e-04 6.83e-03  -5.0 1.06e-01    -  1.00e+00 1.00e+00h  1
 835  3.4177793e+00 4.13e-03 2.45e-01  -4.7 1.34e+00    -  1.00e+00 5.16e-01h  1
 836  3.4252838e+00 9.72e-03 7.31e-01  -4.2 5.67e+00    -  3.22e-01 1.10e-01h  2
 837  3.4196521e+00 1.09e-02 8.54e-01  -4.6 5.25e+00    -  4.09e-01 7.93e-02h  2
 838  3.4199193e+00 1.76e-02 8.02e-01  -4.6 9.14e+00    -  1.28e-01 8.82e-02h  1
 839  3.4184926e+00 2.67e-02 6.87e-01  -4.6 6.72e+00    -  4.94e-02 8.66e-02h  2
iter    objective    inf_pr   inf_du lg(mu)  ||d||  lg(rg) alpha_du alpha_pr  ls
 840  3.4117283e+00 2.73e-02 1.88e+00  -4.6 3.97e+00    -  2.77e-01 7.12e-02h  2
 841  3.4508438e+00 3.02e-02 1.33e+00  -4.0 1.45e+00    -  2.21e-01 2.57e-01h  2
 842  3.4369403e+00 2.58e-02 9.48e-01  -4.4 3.68e-01    -  5.85e-01 1.48e-01h  1
 843  3.4076096e+00 7.44e-03 1.72e+00  -4.4 2.73e-01    -  5.17e-01 1.00e+00h  1
 844  3.4112740e+00 5.65e-03 7.49e-01  -4.6 1.62e-01    -  1.00e+00 6.59e-01h  1
 845  3.3845474e+00 2.26e-03 9.31e-03  -4.8 9.90e-02    -  1.00e+00 1.00e+00h  1
 846  3.3770917e+00 9.46e-04 5.58e-01  -5.0 6.65e-02    -  1.00e+00 6.00e-01h  1
 847  3.3681779e+00 5.75e-03 6.29e-01  -5.1 1.58e-01    -  1.00e+00 5.86e-01h  1
 848  3.3731015e+00 3.10e-03 4.81e-01  -4.7 2.79e-01    -  1.00e+00 4.96e-01h  1
 849  3.3843806e+00 1.08e-04 7.08e-02  -4.8 3.09e-01    -  1.00e+00 1.00e+00H  1
iter    objective    inf_pr   inf_du lg(mu)  ||d||  lg(rg) alpha_du alpha_pr  ls
 850  3.3749067e+00 3.84e-03 7.49e-01  -5.0 2.96e-01    -  1.00e+00 2.85e-01h  2
 851  3.3868141e+00 3.84e-03 8.12e-01  -4.6 1.95e-01    -  5.06e-01 1.00e+00h  1
 852  3.3733392e+00 1.84e-03 6.33e-01  -4.9 1.04e-01    -  1.00e+00 5.30e-01h  1
 853  3.3646505e+00 8.72e-04 1.86e-01  -4.9 1.21e-01    -  7.54e-01 1.00e+00h  1
 854  3.3626546e+00 8.97e-04 1.42e-01  -5.2 1.56e-01    -  1.00e+00 8.20e-01H  1
 855  3.3550511e+00 4.33e-04 7.78e-02  -5.4 4.63e-02    -  1.00e+00 8.97e-01h  1
 856  3.3560286e+00 3.53e-04 8.96e-02  -5.1 5.40e-02    -  8.66e-01 8.51e-01h  1
 857  3.3526376e+00 1.29e-04 3.04e-01  -5.7 4.54e-02    -  1.00e+00 6.33e-01h  1
 858  3.3504336e+00 3.20e-03 6.73e-01  -5.9 1.46e-01    -  1.00e+00 4.62e-01h  1
 859  3.3511585e+00 1.82e-03 4.65e-01  -5.3 2.16e-01    -  9.52e-01 4.31e-01h  1
iter    objective    inf_pr   inf_du lg(mu)  ||d||  lg(rg) alpha_du alpha_pr  ls
 860  3.3501698e+00 2.49e-03 5.30e-01  -5.4 3.14e-01    -  8.06e-01 2.78e-01h  1
 861  3.3484877e+00 2.06e-03 2.80e-01  -6.1 5.78e-01    -  5.46e-01 1.65e-01h  2
 862  3.3507544e+00 1.49e-03 2.83e-01  -4.9 3.29e-01    -  3.86e-01 2.64e-01h  1
 863  3.3530907e+00 1.74e-03 7.07e-02  -5.3 2.21e-01    -  7.40e-01 6.60e-01h  1
 864  3.3511714e+00 6.13e-04 9.57e-01  -5.3 1.02e-01    -  9.96e-01 6.65e-01f  1
 865  3.3460469e+00 2.98e-04 8.20e-01  -5.3 5.12e-02    -  9.34e-01 5.11e-01f  1
 866  3.3430162e+00 9.26e-04 4.51e-02  -5.8 3.76e-02    -  1.00e+00 9.05e-01h  1
 867  3.3425928e+00 2.84e-04 3.37e-02  -5.8 1.05e-01    -  1.00e+00 9.56e-01H  1
 868  3.3425206e+00 7.28e-04 1.44e-01  -5.4 4.04e-01    -  8.00e-01 4.76e-01h  1
 869  3.3405598e+00 1.11e-03 2.58e-01  -6.1 2.15e+00    -  2.49e-01 8.01e-02h  1
iter    objective    inf_pr   inf_du lg(mu)  ||d||  lg(rg) alpha_du alpha_pr  ls
 870  3.3469831e+00 1.58e-03 3.50e-01  -4.8 2.31e+00    -  2.10e-01 1.38e-01h  1
 871  3.3696705e+00 9.85e-04 8.17e-02  -5.4 5.16e-01    -  4.31e-01 4.65e-01H  1
 872  3.3531313e+00 1.02e-03 1.13e+00  -5.4 1.77e-01    -  5.31e-01 1.00e+00f  1
 873  3.3540591e+00 1.15e-03 2.16e+00  -5.4 2.64e-01    -  5.10e-01 8.35e-01h  1
 874  3.3423477e+00 6.44e-04 1.06e+00  -5.4 3.50e-01    -  5.22e-01 4.88e-01f  1
 875  3.3378231e+00 6.51e-04 1.35e+00  -5.4 6.70e-01    -  2.45e-01 1.37e-01h  2
 876  3.3422317e+00 2.34e-04 1.24e-02  -5.1 9.73e-02    -  1.00e+00 1.00e+00h  1
 877  3.3401932e+00 5.37e-05 5.02e-01  -5.2 5.28e-02    -  1.00e+00 7.85e-01h  1
 878  3.3360134e+00 8.79e-05 2.33e-03  -5.4 4.26e-02    -  1.00e+00 1.00e+00h  1
 879  3.3341942e+00 4.05e-05 1.92e-01  -5.8 1.41e-02    -  1.00e+00 8.09e-01h  1
iter    objective    inf_pr   inf_du lg(mu)  ||d||  lg(rg) alpha_du alpha_pr  ls
 880  3.3329696e+00 3.26e-05 2.45e-01  -6.3 3.76e-02    -  1.00e+00 6.66e-01h  1
 881  3.3327467e+00 1.97e-04 1.24e-01  -6.0 4.53e-01    -  6.39e-01 2.49e-01h  1
 882  3.3323519e+00 3.74e-04 2.21e-01  -6.5 6.71e-01    -  3.17e-01 1.65e-01h  1
 883  3.3327107e+00 2.38e-03 7.92e-02  -5.4 6.25e-01    -  3.53e-01 1.95e-01h  2
 884  3.3313133e+00 2.05e-03 7.66e-02  -5.9 6.27e-01    -  1.53e-01 1.84e-01h  2
 885  3.3317606e+00 1.82e-03 4.05e-01  -5.0 1.29e+00    -  2.53e-01 1.11e-01h  1
 886  3.3305842e+00 1.55e-03 8.13e-01  -5.5 8.31e-01    -  3.39e-01 1.44e-01h  2
 887  3.3300193e+00 1.47e-03 8.53e-01  -6.1 1.61e+00    -  1.92e-01 8.61e-02h  2
 888  3.3298058e+00 5.25e-03 6.87e-01  -5.3 1.34e+00    -  3.67e-01 2.55e-01h  1
 889  3.3289822e+00 7.99e-03 4.28e-01  -5.1 4.59e+00    -  2.19e-01 3.85e-02h  3
iter    objective    inf_pr   inf_du lg(mu)  ||d||  lg(rg) alpha_du alpha_pr  ls
 890  3.3275674e+00 7.61e-03 4.63e-01  -5.1 5.18e+00    -  2.82e-01 6.09e-02h  2
 891  3.3283334e+00 7.27e-03 6.75e-01  -4.7 5.56e+00    -  2.23e-01 4.74e-02h  3
 892  3.3270131e+00 6.93e-03 8.57e-01  -5.2 4.95e+00    -  1.58e-01 7.32e-02h  3
 893  3.3261496e+00 6.75e-03 1.08e+00  -5.1 9.25e+00    -  1.66e-01 2.50e-02h  4
 894  3.3257906e+00 6.64e-03 1.70e+00  -5.2 6.82e+00    -  2.43e-01 6.59e-02h  3
 895  3.3267320e+00 6.45e-03 1.81e+00  -6.1 2.80e+00    -  9.51e-02 3.47e-02h  3
 896  3.3230888e+00 3.00e-03 9.74e-01  -5.3 1.49e-01    -  7.86e-01 5.47e-01h  1
 897  3.3231891e+00 2.48e-03 1.05e+00  -5.0 5.76e-01    -  7.41e-01 2.50e-01f  3
 898  3.3518525e+00 4.77e-03 4.71e-01  -4.4 2.32e-01    -  2.40e-01 3.58e-01h  2
 899  3.3297326e+00 4.05e-03 7.64e-03  -4.9 1.23e-01    -  1.00e+00 1.00e+00h  1
iter    objective    inf_pr   inf_du lg(mu)  ||d||  lg(rg) alpha_du alpha_pr  ls
 900  3.3287233e+00 1.66e-03 9.19e-01  -4.9 3.06e-01    -  1.00e+00 3.78e-01h  1
 901  3.3628713e+00 2.91e-03 4.92e-02  -4.5 3.68e-01    -  9.19e-01 1.00e+00h  1
 902  3.3976929e+00 2.86e-03 6.76e-01  -4.6 2.23e-01    -  4.81e-01 1.00e+00h  1
 903  3.3502201e+00 1.20e-03 2.04e-02  -4.6 2.59e-01    -  1.00e+00 1.00e+00h  1
 904  3.3684949e+00 2.88e-03 3.29e-02  -4.6 1.45e-01    -  1.00e+00 1.00e+00h  1
 905  3.3406695e+00 1.66e-03 5.73e-03  -4.6 1.55e-01    -  1.00e+00 1.00e+00h  1
 906  3.3430004e+00 3.65e-04 1.07e-02  -4.6 5.56e-02    -  1.00e+00 1.00e+00h  1
 907  3.3396645e+00 3.74e-04 2.58e-03  -4.6 2.67e-02    -  1.00e+00 1.00e+00h  1
 908  3.3393562e+00 1.34e-05 1.16e-03  -4.6 7.31e-03    -  1.00e+00 1.00e+00h  1
 909  3.3270883e+00 2.55e-03 8.47e-02  -5.2 1.42e-02    -  9.92e-01 8.69e-01h  1
iter    objective    inf_pr   inf_du lg(mu)  ||d||  lg(rg) alpha_du alpha_pr  ls
 910  3.3260626e+00 1.07e-04 8.72e-03  -4.9 6.91e-02    -  1.00e+00 1.00e+00H  1
 911  3.3213305e+00 5.69e-04 1.03e-02  -5.2 6.66e-02    -  1.00e+00 1.00e+00h  1
 912  3.3173902e+00 4.74e-04 8.85e-02  -5.4 4.05e-02    -  1.00e+00 9.33e-01h  1
 913  3.3147484e+00 4.61e-05 1.49e-01  -5.5 2.58e-02    -  1.00e+00 9.03e-01h  1
 914  3.3133331e+00 2.18e-05 7.25e-02  -5.9 1.36e-02    -  1.00e+00 9.15e-01h  1
 915  3.3132922e+00 6.44e-05 3.03e-01  -5.5 7.48e-02    -  1.00e+00 3.55e-01h  1
 916  3.3127521e+00 7.88e-04 3.16e-01  -6.0 1.46e-01    -  7.87e-01 1.77e-01h  1
 917  3.3123065e+00 1.29e-03 4.24e-01  -5.6 2.56e-01    -  6.71e-01 3.47e-01h  1
 918  3.3214982e+00 6.50e-03 3.26e-01  -4.8 3.91e-01    -  2.29e-01 2.29e-01h  1
 919  3.3145413e+00 1.08e-03 2.34e-01  -5.3 4.19e-02    -  1.00e+00 8.33e-01h  1
iter    objective    inf_pr   inf_du lg(mu)  ||d||  lg(rg) alpha_du alpha_pr  ls
 920  3.3133417e+00 2.85e-04 5.17e-03  -5.3 3.19e-02    -  1.00e+00 1.00e+00f  1
 921  3.3132271e+00 7.30e-05 4.91e-03  -5.3 1.82e-02    -  1.00e+00 1.00e+00h  1
 922  3.3108814e+00 1.17e-04 8.11e-02  -5.8 2.66e-02    -  1.00e+00 8.35e-01h  1
 923  3.3099025e+00 4.75e-04 3.34e-01  -6.2 2.80e-02    -  1.00e+00 6.11e-01h  1
 924  3.3095294e+00 1.49e-05 1.69e-03  -5.9 1.08e-02    -  1.00e+00 1.00e+00h  1
 925  3.3087947e+00 1.74e-05 1.33e-01  -6.5 1.86e-02    -  1.00e+00 8.44e-01h  1
 926  3.3085221e+00 6.00e-05 2.58e-01  -6.7 3.72e-02    -  1.00e+00 4.01e-01h  1
 927  3.3082246e+00 8.96e-05 8.45e-01  -6.7 1.46e-01    -  1.00e+00 1.75e-01h  1
 928  3.3078554e+00 1.21e-03 9.69e-01  -5.6 1.04e+00    -  2.73e-01 7.08e-02h  1
 929  3.3076198e+00 1.18e-03 9.71e-01  -5.6 1.20e+00    -  1.47e-01 4.90e-02h  1
iter    objective    inf_pr   inf_du lg(mu)  ||d||  lg(rg) alpha_du alpha_pr  ls
 930  3.3071922e+00 1.07e-03 8.00e-01  -6.1 7.53e-01    -  2.99e-01 8.63e-02h  1
 931  3.3066467e+00 1.73e-03 7.18e-01 -11.0 1.94e+00    -  9.22e-02 7.33e-02h  1
 932  3.3059838e+00 3.08e-03 5.10e-01  -5.6 3.38e+00    -  1.17e-01 4.22e-02h  1
 933  3.3061157e+00 4.54e-03 3.83e-01  -5.6 4.08e+00    -  1.16e-01 4.11e-02h  2
 934  3.3056784e+00 4.89e-03 3.73e-01  -6.0 1.58e+00    -  7.10e-02 8.33e-02h  2
 935  3.3064176e+00 6.01e-03 3.59e-01  -4.8 3.41e+00    -  4.92e-02 5.94e-02h  1
 936  3.3057529e+00 5.90e-03 3.43e-01  -5.8 2.66e+00    -  1.42e-01 4.48e-02h  2
 937  3.3050355e+00 6.58e-03 3.66e-01  -5.8 2.53e+00    -  1.13e-01 5.02e-02h  3
 938  3.3054035e+00 5.91e-03 3.15e-01  -5.1 1.21e+00    -  1.70e-01 1.15e-01h  3
 939  3.3087265e+00 4.16e-03 1.56e-01  -5.0 5.53e-01    -  3.41e-01 3.18e-01h  2
iter    objective    inf_pr   inf_du lg(mu)  ||d||  lg(rg) alpha_du alpha_pr  ls
 940  3.3080696e+00 3.24e-03 3.37e-01  -5.4 1.46e-01    -  3.34e-01 4.60e-01h  1
 941  3.3055701e+00 1.63e-03 3.79e-01  -5.4 5.60e-02    -  5.92e-01 4.78e-01f  2
 942  3.3041011e+00 6.34e-04 2.57e-01  -5.4 4.17e-02    -  1.00e+00 9.11e-01h  1
 943  3.3058352e+00 3.48e-04 8.21e-03  -5.4 8.42e-02    -  1.00e+00 1.00e+00h  1
 944  3.3020038e+00 2.94e-04 5.84e-02  -5.8 3.05e-02    -  1.00e+00 8.42e-01h  1
 945  3.3015592e+00 1.39e-04 9.54e-02  -5.8 2.36e-02    -  1.00e+00 8.31e-01h  1
 946  3.3003613e+00 1.05e-05 9.51e-03  -6.3 1.20e-02    -  1.00e+00 9.53e-01h  1
 947  3.3000237e+00 4.14e-05 9.83e-02  -6.9 1.94e-02    -  1.00e+00 4.29e-01h  1
 948  3.2996708e+00 2.45e-05 1.42e-01  -7.0 4.37e-02    -  1.00e+00 4.87e-01h  1
 949  3.2994919e+00 4.49e-04 2.52e-01  -6.1 1.91e-01    -  8.16e-01 1.41e-01h  1
iter    objective    inf_pr   inf_du lg(mu)  ||d||  lg(rg) alpha_du alpha_pr  ls
 950  3.2993870e+00 3.87e-04 2.55e-01  -5.9 3.06e-01    -  3.65e-01 1.40e-01h  1
 951  3.2997862e+00 4.24e-03 2.27e-01  -5.7 2.58e-01    -  5.81e-01 3.07e-01h  2
 952  3.3022906e+00 1.27e-03 4.95e-02  -5.9 3.62e-01    -  5.30e-01 7.00e-01H  1
 953  3.3016800e+00 1.21e-03 2.21e-01  -5.9 1.18e+00    -  3.38e-01 3.89e-02h  4
 954  3.3013950e+00 1.21e-03 2.34e-01  -5.9 2.24e+00    -  4.18e-02 6.44e-03h  6
 955  3.3005904e+00 1.18e-03 2.40e-01  -5.9 9.85e-01    -  2.23e-01 3.72e-02h  3
 956  3.2988131e+00 2.62e-03 2.20e-01  -5.9 3.84e-01    -  1.86e-01 2.65e-01h  1
 957  3.2990270e+00 2.00e-03 2.39e-01  -5.2 6.43e-01    -  1.75e-01 2.51e-01f  2
 958  3.3153797e+00 8.85e-04 3.71e-01  -5.8 7.52e-01    -  3.21e-01 5.59e-01H  1
 959  3.3147459e+00 8.72e-04 1.86e-01  -5.8 6.54e-01    -  3.56e-01 1.45e-02h  7
iter    objective    inf_pr   inf_du lg(mu)  ||d||  lg(rg) alpha_du alpha_pr  ls
 960  3.3140195e+00 8.68e-04 4.37e-01  -5.8 3.97e-01    -  1.14e-01 4.97e-03h  6
 961  3.2968691e+00 1.97e-03 2.31e-01  -5.8 1.87e-01    -  3.58e-01 1.00e+00h  1
 962  3.3035466e+00 6.78e-04 1.70e-01  -5.2 1.71e-01    -  9.83e-01 8.23e-01h  1
 963  3.2988075e+00 5.08e-05 6.18e-03  -5.3 5.29e-02    -  1.00e+00 1.00e+00h  1
 964  3.2960737e+00 6.92e-04 4.74e-03  -5.7 2.84e-02    -  9.99e-01 1.00e+00h  1
 965  3.2947517e+00 4.21e-05 1.43e-03  -6.1 1.89e-02    -  1.00e+00 9.93e-01h  1
 966  3.2941982e+00 3.00e-04 1.88e-01  -6.5 2.39e-02    -  1.00e+00 6.38e-01h  1
 967  3.2941421e+00 1.15e-04 1.65e-01  -5.9 6.23e-02    -  1.00e+00 3.88e-01h  1
 968  3.2938251e+00 1.39e-04 1.09e-01  -5.9 2.57e-01    -  6.95e-01 2.28e-01h  2
 969  3.2945528e+00 1.34e-03 2.45e-01  -5.5 7.38e-01    -  6.48e-01 2.46e-01H  1
iter    objective    inf_pr   inf_du lg(mu)  ||d||  lg(rg) alpha_du alpha_pr  ls
 970  3.2940182e+00 1.59e-03 1.79e-01  -5.7 1.37e+00    -  2.11e-01 6.31e-02h  2
 971  3.2936005e+00 1.62e-03 2.19e-01  -5.7 7.49e-01    -  3.19e-01 1.31e-01h  2
 972  3.2945778e+00 2.23e-03 4.38e-01  -5.0 1.40e+00    -  3.48e-01 1.33e-01h  1
 973  3.3037452e+00 1.38e-03 2.07e-01  -5.4 4.69e-01    -  2.95e-01 4.04e-01H  1
 974  3.2963102e+00 1.34e-03 3.33e-01  -5.4 1.87e-01    -  2.16e-01 4.78e-01f  1
 975  3.2934159e+00 1.07e-03 5.42e-01  -5.4 3.04e-01    -  3.26e-01 2.26e-01f  2
 976  3.2943919e+00 7.58e-04 1.01e+00  -5.0 1.37e-01    -  6.24e-01 3.72e-01h  1
 977  3.2961164e+00 9.21e-05 8.88e-03  -5.3 5.20e-02    -  1.00e+00 1.00e+00h  1
 978  3.2939518e+00 5.32e-05 4.92e-03  -5.3 2.18e-02    -  1.00e+00 1.00e+00h  1
 979  3.2913009e+00 9.24e-05 6.39e-03  -5.7 1.07e-02    -  1.00e+00 9.79e-01h  1
iter    objective    inf_pr   inf_du lg(mu)  ||d||  lg(rg) alpha_du alpha_pr  ls
 980  3.2899311e+00 8.25e-05 1.62e-01  -6.1 8.46e-03    -  1.00e+00 7.27e-01h  1
 981  3.2892880e+00 6.03e-05 3.56e-01  -6.2 2.38e-02    -  1.00e+00 3.46e-01h  1
 982  3.2892262e+00 4.29e-04 3.36e-01  -5.7 1.04e-01    -  1.00e+00 4.30e-01h  1
 983  3.2890874e+00 3.38e-04 2.61e-01  -5.7 1.72e-01    -  9.21e-01 2.38e-01h  2
 984  3.2939188e+00 1.54e-04 1.10e-01  -5.7 1.95e-01    -  7.72e-01 9.54e-01H  1
 985  3.2924136e+00 2.62e-03 3.85e-02  -5.8 1.48e-01    -  8.01e-01 6.64e-01h  1
 986  3.2893797e+00 1.21e-03 3.52e-01  -5.8 8.12e-02    -  4.16e-01 5.40e-01f  1
 987  3.2878964e+00 4.42e-04 7.03e-01  -5.8 4.48e-02    -  4.51e-01 7.73e-01f  1
 988  3.2876042e+00 1.05e-04 3.66e-01  -5.8 2.53e-02    -  1.00e+00 7.61e-01f  1
 989  3.2866494e+00 5.69e-05 1.32e-02  -6.4 3.29e-02    -  1.00e+00 9.71e-01h  1
iter    objective    inf_pr   inf_du lg(mu)  ||d||  lg(rg) alpha_du alpha_pr  ls
 990  3.2864974e+00 4.96e-04 3.02e-01  -6.4 9.28e-02    -  1.00e+00 4.14e-01h  1
 991  3.2865425e+00 2.87e-04 1.67e-01  -6.1 1.12e-01    -  9.16e-01 4.13e-01h  1
 992  3.2863169e+00 1.95e-04 1.44e-01  -6.2 1.19e-01    -  6.26e-01 2.91e-01h  2
 993  3.2909220e+00 6.58e-05 2.34e-01  -5.6 9.71e-02    -  7.20e-01 1.00e+00H  1
 994  3.2882109e+00 8.63e-05 6.78e-03  -5.8 5.13e-02    -  1.00e+00 1.00e+00h  1
 995  3.2864815e+00 4.09e-03 1.08e+00  -5.9 4.48e-02    -  8.35e-01 3.63e-01h  1
 996  3.2860767e+00 4.17e-04 4.16e-03  -5.9 5.46e-02    -  1.00e+00 1.00e+00f  1
 997  3.2860441e+00 2.33e-04 3.33e-02  -6.0 6.31e-02    -  1.00e+00 9.11e-01h  1
 998  3.2876260e+00 4.83e-04 3.74e-02  -5.5 2.42e-02    -  9.63e-01 1.00e+00h  1
 999  3.2866399e+00 5.04e-04 3.45e-03  -5.6 1.86e-02    -  1.00e+00 1.00e+00h  1
iter    objective    inf_pr   inf_du lg(mu)  ||d||  lg(rg) alpha_du alpha_pr  ls
1000  3.2861612e+00 1.05e-05 7.88e-04  -5.6 2.49e-02    -  1.00e+00 1.00e+00h  1

Number of Iterations....: 1000

                                   (scaled)                 (unscaled)
Objective...............:   3.2861612483932636e+00    3.2861612483932636e+00
Dual infeasibility......:   7.8819093627413811e-04    7.8819093627413811e-04
Constraint violation....:   9.2691427631130807e-06    1.0509131570302088e-05
Variable bound violation:   0.0000000000000000e+00    0.0000000000000000e+00
Complementarity.........:   2.7187723250030176e-06    2.7187723250030176e-06
Overall NLP error.......:   7.8819093627413811e-04    7.8819093627413811e-04


Number of objective function evaluations             = 1862
Number of objective gradient evaluations             = 1001
Number of equality constraint evaluations            = 1862
Number of inequality constraint evaluations          = 0
Number of equality constraint Jacobian evaluations   = 1001
Number of inequality constraint Jacobian evaluations = 0
Number of Lagrangian Hessian evaluations             = 0
Total seconds in IPOPT                               = 3642.685

EXIT: Optimal Solution Found.
         nlp  :   t_proc      (avg)   t_wall      (avg)    n_eval
callback_fun  | 178.20ms (178.02us) 468.87ms (468.40us)      1001
       nlp_f  |  20.54 s ( 11.03ms)   5.52 s (  2.96ms)      1862
       nlp_g  | 167.01 s ( 89.69ms)  22.05 s ( 11.84ms)      1862
  nlp_grad_f  |   1.07ks (  1.07 s) 115.05 s (114.71ms)      1003
   nlp_jac_g  |  27.59ks ( 27.53 s)   2.67ks (  2.66 s)      1002
       total  |  37.22ks ( 37.22ks)   3.64ks (  3.64ks)         1

Breakdown of objective (including weights):
  marker_tracking: 2.45315
  control_effort: 0.722769
  accelerations: 0.110238
[info] Set log level to Info.
[info] ------------------------------------------------------------------------
[info] Elapsed real time: 3703 second(s) (1 hour(s), 1 minute(s), 43 second(s)).
[info] Tue Jun  2 21:17:05 2026
[info] MocoCasADiSolver succeeded!
[info] ========================================================================
[info] Storage: read data file = SRRun01_grf.mot (nr=10005 nc=19)
[info] ExternalForce::RightGRF Data source being set to SRRun01_grf
[info] ExternalForce::LeftGRF Data source being set to SRRun01_grf
[warning] Ignoring output /forceset/addbrev_r|implicitenabled_normalized_tendon_force of type bool.
[warning] Ignoring output /forceset/addbrev_r|statebounds_normalized_tendon_force of type Vec2.
[warning] Ignoring output /forceset/addlong_r|implicitenabled_normalized_tendon_force of type bool.
[warning] Ignoring output /forceset/addlong_r|statebounds_normalized_tendon_force of type Vec2.
[warning] Ignoring output /forceset/addmagDist_r|implicitenabled_normalized_tendon_force of type bool.
[warning] Ignoring output /forceset/addmagDist_r|statebounds_normalized_tendon_force of type Vec2.
[warning] Ignoring output /forceset/addmagIsch_r|implicitenabled_normalized_tendon_force of type bool.
[warning] Ignoring output /forceset/addmagIsch_r|statebounds_normalized_tendon_force of type Vec2.
[warning] Ignoring output /forceset/addmagMid_r|implicitenabled_normalized_tendon_force of type bool.
[warning] Ignoring output /forceset/addmagMid_r|statebounds_normalized_tendon_force of type Vec2.
[warning] Ignoring output /forceset/addmagProx_r|implicitenabled_normalized_tendon_force of type bool.
[warning] Ignoring output /forceset/addmagProx_r|statebounds_normalized_tendon_force of type Vec2.
[warning] Ignoring output /forceset/bflh_r|implicitenabled_normalized_tendon_force of type bool.
[warning] Ignoring output /forceset/bflh_r|statebounds_normalized_tendon_force of type Vec2.
[warning] Ignoring output /forceset/bfsh_r|implicitenabled_normalized_tendon_force of type bool.
[warning] Ignoring output /forceset/bfsh_r|statebounds_normalized_tendon_force of type Vec2.
[warning] Ignoring output /forceset/edl_r|implicitenabled_normalized_tendon_force of type bool.
[warning] Ignoring output /forceset/edl_r|statebounds_normalized_tendon_force of type Vec2.
[warning] Ignoring output /forceset/ehl_r|implicitenabled_normalized_tendon_force of type bool.
[warning] Ignoring output /forceset/ehl_r|statebounds_normalized_tendon_force of type Vec2.
[warning] Ignoring output /forceset/fdl_r|implicitenabled_normalized_tendon_force of type bool.
[warning] Ignoring output /forceset/fdl_r|statebounds_normalized_tendon_force of type Vec2.
[warning] Ignoring output /forceset/fhl_r|implicitenabled_normalized_tendon_force of type bool.
[warning] Ignoring output /forceset/fhl_r|statebounds_normalized_tendon_force of type Vec2.
[warning] Ignoring output /forceset/gaslat_r|implicitenabled_normalized_tendon_force of type bool.
[warning] Ignoring output /forceset/gaslat_r|statebounds_normalized_tendon_force of type Vec2.
[warning] Ignoring output /forceset/gasmed_r|implicitenabled_normalized_tendon_force of type bool.
[warning] Ignoring output /forceset/gasmed_r|statebounds_normalized_tendon_force of type Vec2.
[warning] Ignoring output /forceset/glmax1_r|implicitenabled_normalized_tendon_force of type bool.
[warning] Ignoring output /forceset/glmax1_r|statebounds_normalized_tendon_force of type Vec2.
[warning] Ignoring output /forceset/glmax2_r|implicitenabled_normalized_tendon_force of type bool.
[warning] Ignoring output /forceset/glmax2_r|statebounds_normalized_tendon_force of type Vec2.
[warning] Ignoring output /forceset/glmax3_r|implicitenabled_normalized_tendon_force of type bool.
[warning] Ignoring output /forceset/glmax3_r|statebounds_normalized_tendon_force of type Vec2.
[warning] Ignoring output /forceset/glmed1_r|implicitenabled_normalized_tendon_force of type bool.
[warning] Ignoring output /forceset/glmed1_r|statebounds_normalized_tendon_force of type Vec2.
[warning] Ignoring output /forceset/glmed2_r|implicitenabled_normalized_tendon_force of type bool.
[warning] Ignoring output /forceset/glmed2_r|statebounds_normalized_tendon_force of type Vec2.
[warning] Ignoring output /forceset/glmed3_r|implicitenabled_normalized_tendon_force of type bool.
[warning] Ignoring output /forceset/glmed3_r|statebounds_normalized_tendon_force of type Vec2.
[warning] Ignoring output /forceset/glmin1_r|implicitenabled_normalized_tendon_force of type bool.
[warning] Ignoring output /forceset/glmin1_r|statebounds_normalized_tendon_force of type Vec2.
[warning] Ignoring output /forceset/glmin2_r|implicitenabled_normalized_tendon_force of type bool.
[warning] Ignoring output /forceset/glmin2_r|statebounds_normalized_tendon_force of type Vec2.
[warning] Ignoring output /forceset/glmin3_r|implicitenabled_normalized_tendon_force of type bool.
[warning] Ignoring output /forceset/glmin3_r|statebounds_normalized_tendon_force of type Vec2.
[warning] Ignoring output /forceset/grac_r|implicitenabled_normalized_tendon_force of type bool.
[warning] Ignoring output /forceset/grac_r|statebounds_normalized_tendon_force of type Vec2.
[warning] Ignoring output /forceset/iliacus_r|implicitenabled_normalized_tendon_force of type bool.
[warning] Ignoring output /forceset/iliacus_r|statebounds_normalized_tendon_force of type Vec2.
[warning] Ignoring output /forceset/perbrev_r|implicitenabled_normalized_tendon_force of type bool.
[warning] Ignoring output /forceset/perbrev_r|statebounds_normalized_tendon_force of type Vec2.
[warning] Ignoring output /forceset/perlong_r|implicitenabled_normalized_tendon_force of type bool.
[warning] Ignoring output /forceset/perlong_r|statebounds_normalized_tendon_force of type Vec2.
[warning] Ignoring output /forceset/piri_r|implicitenabled_normalized_tendon_force of type bool.
[warning] Ignoring output /forceset/piri_r|statebounds_normalized_tendon_force of type Vec2.
[warning] Ignoring output /forceset/psoas_r|implicitenabled_normalized_tendon_force of type bool.
[warning] Ignoring output /forceset/psoas_r|statebounds_normalized_tendon_force of type Vec2.
[warning] Ignoring output /forceset/recfem_r|implicitenabled_normalized_tendon_force of type bool.
[warning] Ignoring output /forceset/recfem_r|statebounds_normalized_tendon_force of type Vec2.
[warning] Ignoring output /forceset/sart_r|implicitenabled_normalized_tendon_force of type bool.
[warning] Ignoring output /forceset/sart_r|statebounds_normalized_tendon_force of type Vec2.
[warning] Ignoring output /forceset/semimem_r|implicitenabled_normalized_tendon_force of type bool.
[warning] Ignoring output /forceset/semimem_r|statebounds_normalized_tendon_force of type Vec2.
[warning] Ignoring output /forceset/semiten_r|implicitenabled_normalized_tendon_force of type bool.
[warning] Ignoring output /forceset/semiten_r|statebounds_normalized_tendon_force of type Vec2.
[warning] Ignoring output /forceset/soleus_r|implicitenabled_normalized_tendon_force of type bool.
[warning] Ignoring output /forceset/soleus_r|statebounds_normalized_tendon_force of type Vec2.
[warning] Ignoring output /forceset/tfl_r|implicitenabled_normalized_tendon_force of type bool.
[warning] Ignoring output /forceset/tfl_r|statebounds_normalized_tendon_force of type Vec2.
[warning] Ignoring output /forceset/tibant_r|implicitenabled_normalized_tendon_force of type bool.
[warning] Ignoring output /forceset/tibant_r|statebounds_normalized_tendon_force of type Vec2.
[warning] Ignoring output /forceset/tibpost_r|implicitenabled_normalized_tendon_force of type bool.
[warning] Ignoring output /forceset/tibpost_r|statebounds_normalized_tendon_force of type Vec2.
[warning] Ignoring output /forceset/vasint_r|implicitenabled_normalized_tendon_force of type bool.
[warning] Ignoring output /forceset/vasint_r|statebounds_normalized_tendon_force of type Vec2.
[warning] Ignoring output /forceset/vaslat_r|implicitenabled_normalized_tendon_force of type bool.
[warning] Ignoring output /forceset/vaslat_r|statebounds_normalized_tendon_force of type Vec2.
[warning] Ignoring output /forceset/vasmed_r|implicitenabled_normalized_tendon_force of type bool.
[warning] Ignoring output /forceset/vasmed_r|statebounds_normalized_tendon_force of type Vec2.
[info] Storage: read data file = SRRun01_grf.mot (nr=10005 nc=19)
[info] ExternalForce::RightGRF Data source being set to SRRun01_grf
[info] ExternalForce::LeftGRF Data source being set to SRRun01_grf
[info] Storage: read data file = SRRun01_grf.mot (nr=10005 nc=19)
[info] ExternalForce::RightGRF Data source being set to SRRun01_grf
[info] ExternalForce::LeftGRF Data source being set to SRRun01_grf
[info] Storage: read data file = SRRun01_grf.mot (nr=10005 nc=19)
[info] ExternalForce::RightGRF Data source being set to SRRun01_grf
[info] ExternalForce::LeftGRF Data source being set to SRRun01_grf
[info] Storage: read data file = SRRun01_grf.mot (nr=10005 nc=19)
[info] ExternalForce::RightGRF Data source being set to SRRun01_grf
[info] ExternalForce::LeftGRF Data source being set to SRRun01_grf
[info] Storage: read data file = SRRun01_grf.mot (nr=10005 nc=19)
[info] ExternalForce::RightGRF Data source being set to SRRun01_grf
[info] ExternalForce::LeftGRF Data source being set to SRRun01_grf
