[info] Loaded model PA17_complex from file ../../../../../data/Loone2025/PA17/scaling/PA17_complex.osim
[info] Storage: read data file = SRRun01_grf.mot (nr=10005 nc=19)
[info] ExternalForce::RightGRF Data source being set to SRRun01_grf
[info] ExternalForce::LeftGRF Data source being set to SRRun01_grf
[info] Storage: read data file = SRRun01_grf.mot (nr=10005 nc=19)
[info] ExternalForce::RightGRF Data source being set to SRRun01_grf
[info] ExternalForce::LeftGRF Data source being set to SRRun01_grf
[info] Loaded model PA17_complex from file PA17_SRRun_dynamic-optimisation_complex.osim
[info] Storage: read data file = SRRun01_grf.mot (nr=10005 nc=19)
[info] ExternalForce::RightGRF Data source being set to SRRun01_grf
[info] ExternalForce::LeftGRF Data source being set to SRRun01_grf
[info] Storage: read data file = SRRun01_grf.mot (nr=10005 nc=19)
[info] ExternalForce::RightGRF Data source being set to SRRun01_grf
[info] ExternalForce::LeftGRF Data source being set to SRRun01_grf
[info] Loaded model PA17_complex from file PA17_SRRun_dynamic-optimisation_complex.osim
[info] Storage: read data file = SRRun01_grf.mot (nr=10005 nc=19)
[info] ExternalForce::RightGRF Data source being set to SRRun01_grf
[info] ExternalForce::LeftGRF Data source being set to SRRun01_grf
[info] Storage: read data file = SRRun01_grf.mot (nr=10005 nc=19)
[info] ExternalForce::RightGRF Data source being set to SRRun01_grf
[info] ExternalForce::LeftGRF Data source being set to SRRun01_grf
[info] Storage: read data file = SRRun01_grf.mot (nr=10005 nc=19)
[info] ExternalForce::RightGRF Data source being set to SRRun01_grf
[info] ExternalForce::LeftGRF Data source being set to SRRun01_grf
[info] Storage: read data file = SRRun01_grf.mot (nr=10005 nc=19)
[info] ExternalForce::RightGRF Data source being set to SRRun01_grf
[info] ExternalForce::LeftGRF Data source being set to SRRun01_grf
[info] Storage: read data file = SRRun01_grf.mot (nr=10005 nc=19)
[info] ExternalForce::RightGRF Data source being set to SRRun01_grf
[info] ExternalForce::LeftGRF Data source being set to SRRun01_grf
[info] Storage: read data file = SRRun01_grf.mot (nr=10005 nc=19)
[info] ExternalForce::RightGRF Data source being set to SRRun01_grf
[info] ExternalForce::LeftGRF Data source being set to SRRun01_grf
[info] Storage: read data file = SRRun01_grf.mot (nr=10005 nc=19)
[info] ExternalForce::RightGRF Data source being set to SRRun01_grf
[info] ExternalForce::LeftGRF Data source being set to SRRun01_grf
[info] Storage: read data file = SRRun01_grf.mot (nr=10005 nc=19)
[info] ExternalForce::RightGRF Data source being set to SRRun01_grf
[info] ExternalForce::LeftGRF Data source being set to SRRun01_grf
[info] Storage: read data file = SRRun01_grf.mot (nr=10005 nc=19)
[info] ExternalForce::RightGRF Data source being set to SRRun01_grf
[info] ExternalForce::LeftGRF Data source being set to SRRun01_grf
[info] Storage: read data file = SRRun01_grf.mot (nr=10005 nc=19)
[info] ExternalForce::RightGRF Data source being set to SRRun01_grf
[info] ExternalForce::LeftGRF Data source being set to SRRun01_grf
[info] Storage: read data file = SRRun01_grf.mot (nr=10005 nc=19)
[info] ExternalForce::RightGRF Data source being set to SRRun01_grf
[info] ExternalForce::LeftGRF Data source being set to SRRun01_grf
[info] Storage: read data file = SRRun01_grf.mot (nr=10005 nc=19)
[info] ExternalForce::RightGRF Data source being set to SRRun01_grf
[info] ExternalForce::LeftGRF Data source being set to SRRun01_grf
[info] Storage: read data file = SRRun01_grf.mot (nr=10005 nc=19)
[info] ExternalForce::RightGRF Data source being set to SRRun01_grf
[info] ExternalForce::LeftGRF Data source being set to SRRun01_grf
[info] Storage: read data file = SRRun01_grf.mot (nr=10005 nc=19)
[info] ExternalForce::RightGRF Data source being set to SRRun01_grf
[info] ExternalForce::LeftGRF Data source being set to SRRun01_grf
[info] Storage: read data file = SRRun01_grf.mot (nr=10005 nc=19)
[info] ExternalForce::RightGRF Data source being set to SRRun01_grf
[info] ExternalForce::LeftGRF Data source being set to SRRun01_grf
[info] Storage: read data file = SRRun01_grf.mot (nr=10005 nc=19)
[info] ExternalForce::RightGRF Data source being set to SRRun01_grf
[info] ExternalForce::LeftGRF Data source being set to SRRun01_grf
[info] Storage: read data file = SRRun01_grf.mot (nr=10005 nc=19)
[info] ExternalForce::RightGRF Data source being set to SRRun01_grf
[info] ExternalForce::LeftGRF Data source being set to SRRun01_grf
[info] Storage: read data file = SRRun01_grf.mot (nr=10005 nc=19)
[info] ExternalForce::RightGRF Data source being set to SRRun01_grf
[info] ExternalForce::LeftGRF Data source being set to SRRun01_grf
[info] Storage: read data file = SRRun01_grf.mot (nr=10005 nc=19)
[info] ExternalForce::RightGRF Data source being set to SRRun01_grf
[info] ExternalForce::LeftGRF Data source being set to SRRun01_grf
[info] Storage: read data file = SRRun01_grf.mot (nr=10005 nc=19)
[info] ExternalForce::RightGRF Data source being set to SRRun01_grf
[info] ExternalForce::LeftGRF Data source being set to SRRun01_grf
[info] Storage: read data file = SRRun01_grf.mot (nr=10005 nc=19)
[info] ExternalForce::RightGRF Data source being set to SRRun01_grf
[info] ExternalForce::LeftGRF Data source being set to SRRun01_grf
[info] Storage: read data file = SRRun01_grf.mot (nr=10005 nc=19)
[info] ExternalForce::RightGRF Data source being set to SRRun01_grf
[info] ExternalForce::LeftGRF Data source being set to SRRun01_grf
[info] Storage: read data file = SRRun01_grf.mot (nr=10005 nc=19)
[info] ExternalForce::RightGRF Data source being set to SRRun01_grf
[info] ExternalForce::LeftGRF Data source being set to SRRun01_grf
[info] Storage: read data file = SRRun01_grf.mot (nr=10005 nc=19)
[info] ExternalForce::RightGRF Data source being set to SRRun01_grf
[info] ExternalForce::LeftGRF Data source being set to SRRun01_grf
[info] Storage: read data file = SRRun01_grf.mot (nr=10005 nc=19)
[info] ExternalForce::RightGRF Data source being set to SRRun01_grf
[info] ExternalForce::LeftGRF Data source being set to SRRun01_grf
[info] Storage: read data file = SRRun01_grf.mot (nr=10005 nc=19)
[info] ExternalForce::RightGRF Data source being set to SRRun01_grf
[info] ExternalForce::LeftGRF Data source being set to SRRun01_grf
[info] Storage: read data file = SRRun01_grf.mot (nr=10005 nc=19)
[info] ExternalForce::RightGRF Data source being set to SRRun01_grf
[info] ExternalForce::LeftGRF Data source being set to SRRun01_grf
[info] Storage: read data file = SRRun01_grf.mot (nr=10005 nc=19)
[info] ExternalForce::RightGRF Data source being set to SRRun01_grf
[info] ExternalForce::LeftGRF Data source being set to SRRun01_grf
[info] Storage: read data file = SRRun01_grf.mot (nr=10005 nc=19)
[info] ExternalForce::RightGRF Data source being set to SRRun01_grf
[info] ExternalForce::LeftGRF Data source being set to SRRun01_grf
[info] Storage: read data file = SRRun01_grf.mot (nr=10005 nc=19)
[info] ExternalForce::RightGRF Data source being set to SRRun01_grf
[info] ExternalForce::LeftGRF Data source being set to SRRun01_grf
[info] Storage: read data file = SRRun01_grf.mot (nr=10005 nc=19)
[info] ExternalForce::RightGRF Data source being set to SRRun01_grf
[info] ExternalForce::LeftGRF Data source being set to SRRun01_grf
[info] Storage: read data file = SRRun01_grf.mot (nr=10005 nc=19)
[info] ExternalForce::RightGRF Data source being set to SRRun01_grf
[info] ExternalForce::LeftGRF Data source being set to SRRun01_grf
[info] Storage: read data file = SRRun01_grf.mot (nr=10005 nc=19)
[info] ExternalForce::RightGRF Data source being set to SRRun01_grf
[info] ExternalForce::LeftGRF Data source being set to SRRun01_grf
[info] Storage: read data file = SRRun01_grf.mot (nr=10005 nc=19)
[info] ExternalForce::RightGRF Data source being set to SRRun01_grf
[info] ExternalForce::LeftGRF Data source being set to SRRun01_grf
[info] Storage: read data file = SRRun01_grf.mot (nr=10005 nc=19)
[info] ExternalForce::RightGRF Data source being set to SRRun01_grf
[info] ExternalForce::LeftGRF Data source being set to SRRun01_grf
[info] Storage: read data file = SRRun01_grf.mot (nr=10005 nc=19)
[info] ExternalForce::RightGRF Data source being set to SRRun01_grf
[info] ExternalForce::LeftGRF Data source being set to SRRun01_grf
[info] Storage: read data file = SRRun01_grf.mot (nr=10005 nc=19)
[info] ExternalForce::RightGRF Data source being set to SRRun01_grf
[info] ExternalForce::LeftGRF Data source being set to SRRun01_grf
[info] Storage: read data file = SRRun01_grf.mot (nr=10005 nc=19)
[info] ExternalForce::RightGRF Data source being set to SRRun01_grf
[info] ExternalForce::LeftGRF Data source being set to SRRun01_grf
[info] Storage: read data file = SRRun01_grf.mot (nr=10005 nc=19)
[info] ExternalForce::RightGRF Data source being set to SRRun01_grf
[info] ExternalForce::LeftGRF Data source being set to SRRun01_grf
[info] Storage: read data file = SRRun01_grf.mot (nr=10005 nc=19)
[info] ExternalForce::RightGRF Data source being set to SRRun01_grf
[info] ExternalForce::LeftGRF Data source being set to SRRun01_grf
[info] Storage: read data file = SRRun01_grf.mot (nr=10005 nc=19)
[info] ExternalForce::RightGRF Data source being set to SRRun01_grf
[info] ExternalForce::LeftGRF Data source being set to SRRun01_grf
[info] Storage: read data file = SRRun01_grf.mot (nr=10005 nc=19)
[info] ExternalForce::RightGRF Data source being set to SRRun01_grf
[info] ExternalForce::LeftGRF Data source being set to SRRun01_grf
[info] Storage: read data file = SRRun01_grf.mot (nr=10005 nc=19)
[info] ExternalForce::RightGRF Data source being set to SRRun01_grf
[info] ExternalForce::LeftGRF Data source being set to SRRun01_grf
[info] Storage: read data file = SRRun01_grf.mot (nr=10005 nc=19)
[info] ExternalForce::RightGRF Data source being set to SRRun01_grf
[info] ExternalForce::LeftGRF Data source being set to SRRun01_grf
[info] Storage: read data file = SRRun01_grf.mot (nr=10005 nc=19)
[info] ExternalForce::RightGRF Data source being set to SRRun01_grf
[info] ExternalForce::LeftGRF Data source being set to SRRun01_grf
[info] Storage: read data file = SRRun01_grf.mot (nr=10005 nc=19)
[info] ExternalForce::RightGRF Data source being set to SRRun01_grf
[info] ExternalForce::LeftGRF Data source being set to SRRun01_grf
[info] Storage: read data file = SRRun01_grf.mot (nr=10005 nc=19)
[info] ExternalForce::RightGRF Data source being set to SRRun01_grf
[info] ExternalForce::LeftGRF Data source being set to SRRun01_grf
[info] Storage: read data file = SRRun01_grf.mot (nr=10005 nc=19)
[info] ExternalForce::RightGRF Data source being set to SRRun01_grf
[info] ExternalForce::LeftGRF Data source being set to SRRun01_grf
[info] Storage: read data file = SRRun01_grf.mot (nr=10005 nc=19)
[info] ExternalForce::RightGRF Data source being set to SRRun01_grf
[info] ExternalForce::LeftGRF Data source being set to SRRun01_grf
[info] Storage: read data file = SRRun01_grf.mot (nr=10005 nc=19)
[info] ExternalForce::RightGRF Data source being set to SRRun01_grf
[info] ExternalForce::LeftGRF Data source being set to SRRun01_grf
[info] Storage: read data file = SRRun01_grf.mot (nr=10005 nc=19)
[info] ExternalForce::RightGRF Data source being set to SRRun01_grf
[info] ExternalForce::LeftGRF Data source being set to SRRun01_grf
[info] Storage: read data file = SRRun01_grf.mot (nr=10005 nc=19)
[info] ExternalForce::RightGRF Data source being set to SRRun01_grf
[info] ExternalForce::LeftGRF Data source being set to SRRun01_grf
[info] Storage: read data file = SRRun01_grf.mot (nr=10005 nc=19)
[info] ExternalForce::RightGRF Data source being set to SRRun01_grf
[info] ExternalForce::LeftGRF Data source being set to SRRun01_grf
[info] Storage: read data file = SRRun01_grf.mot (nr=10005 nc=19)
[info] ExternalForce::RightGRF Data source being set to SRRun01_grf
[info] ExternalForce::LeftGRF Data source being set to SRRun01_grf
[info] Storage: read data file = SRRun01_grf.mot (nr=10005 nc=19)
[info] ExternalForce::RightGRF Data source being set to SRRun01_grf
[info] ExternalForce::LeftGRF Data source being set to SRRun01_grf
[info] Storage: read data file = SRRun01_grf.mot (nr=10005 nc=19)
[info] ExternalForce::RightGRF Data source being set to SRRun01_grf
[info] ExternalForce::LeftGRF Data source being set to SRRun01_grf
[info] Storage: read data file = SRRun01_grf.mot (nr=10005 nc=19)
[info] ExternalForce::RightGRF Data source being set to SRRun01_grf
[info] ExternalForce::LeftGRF Data source being set to SRRun01_grf
[info] Storage: read data file = SRRun01_grf.mot (nr=10005 nc=19)
[info] ExternalForce::RightGRF Data source being set to SRRun01_grf
[info] ExternalForce::LeftGRF Data source being set to SRRun01_grf
[info] Storage: read data file = SRRun01_grf.mot (nr=10005 nc=19)
[info] ExternalForce::RightGRF Data source being set to SRRun01_grf
[info] ExternalForce::LeftGRF Data source being set to SRRun01_grf
[info] Storage: read data file = SRRun01_grf.mot (nr=10005 nc=19)
[info] ExternalForce::RightGRF Data source being set to SRRun01_grf
[info] ExternalForce::LeftGRF Data source being set to SRRun01_grf
[info] Storage: read data file = SRRun01_grf.mot (nr=10005 nc=19)
[info] ExternalForce::RightGRF Data source being set to SRRun01_grf
[info] ExternalForce::LeftGRF Data source being set to SRRun01_grf
[info] Storage: read data file = SRRun01_grf.mot (nr=10005 nc=19)
[info] ExternalForce::RightGRF Data source being set to SRRun01_grf
[info] ExternalForce::LeftGRF Data source being set to SRRun01_grf
[info] Storage: read data file = SRRun01_grf.mot (nr=10005 nc=19)
[info] ExternalForce::RightGRF Data source being set to SRRun01_grf
[info] ExternalForce::LeftGRF Data source being set to SRRun01_grf
[info] Storage: read data file = SRRun01_grf.mot (nr=10005 nc=19)
[info] ExternalForce::RightGRF Data source being set to SRRun01_grf
[info] ExternalForce::LeftGRF Data source being set to SRRun01_grf
[info] Storage: read data file = SRRun01_grf.mot (nr=10005 nc=19)
[info] ExternalForce::RightGRF Data source being set to SRRun01_grf
[info] ExternalForce::LeftGRF Data source being set to SRRun01_grf
[info] Storage: read data file = SRRun01_grf.mot (nr=10005 nc=19)
[info] ExternalForce::RightGRF Data source being set to SRRun01_grf
[info] ExternalForce::LeftGRF Data source being set to SRRun01_grf
[info] Storage: read data file = SRRun01_grf.mot (nr=10005 nc=19)
[info] ExternalForce::RightGRF Data source being set to SRRun01_grf
[info] ExternalForce::LeftGRF Data source being set to SRRun01_grf
[info] Storage: read data file = SRRun01_grf.mot (nr=10005 nc=19)
[info] ExternalForce::RightGRF Data source being set to SRRun01_grf
[info] ExternalForce::LeftGRF Data source being set to SRRun01_grf
[info] Storage: read data file = SRRun01_grf.mot (nr=10005 nc=19)
[info] ExternalForce::RightGRF Data source being set to SRRun01_grf
[info] ExternalForce::LeftGRF Data source being set to SRRun01_grf
[info] Storage: read data file = SRRun01_grf.mot (nr=10005 nc=19)
[info] ExternalForce::RightGRF Data source being set to SRRun01_grf
[info] ExternalForce::LeftGRF Data source being set to SRRun01_grf
[info] Storage: read data file = SRRun01_grf.mot (nr=10005 nc=19)
[info] ExternalForce::RightGRF Data source being set to SRRun01_grf
[info] ExternalForce::LeftGRF Data source being set to SRRun01_grf
[info] Storage: read data file = SRRun01_grf.mot (nr=10005 nc=19)
[info] ExternalForce::RightGRF Data source being set to SRRun01_grf
[info] ExternalForce::LeftGRF Data source being set to SRRun01_grf
[info] Storage: read data file = SRRun01_grf.mot (nr=10005 nc=19)
[info] ExternalForce::RightGRF Data source being set to SRRun01_grf
[info] ExternalForce::LeftGRF Data source being set to SRRun01_grf
[info] Storage: read data file = SRRun01_grf.mot (nr=10005 nc=19)
[info] ExternalForce::RightGRF Data source being set to SRRun01_grf
[info] ExternalForce::LeftGRF Data source being set to SRRun01_grf
[info] Storage: read data file = SRRun01_grf.mot (nr=10005 nc=19)
[info] ExternalForce::RightGRF Data source being set to SRRun01_grf
[info] ExternalForce::LeftGRF Data source being set to SRRun01_grf
[info] Storage: read data file = SRRun01_grf.mot (nr=10005 nc=19)
[info] ExternalForce::RightGRF Data source being set to SRRun01_grf
[info] ExternalForce::LeftGRF Data source being set to SRRun01_grf
[info] Storage: read data file = SRRun01_grf.mot (nr=10005 nc=19)
[info] ExternalForce::RightGRF Data source being set to SRRun01_grf
[info] ExternalForce::LeftGRF Data source being set to SRRun01_grf
[info] Storage: read data file = SRRun01_grf.mot (nr=10005 nc=19)
[info] ExternalForce::RightGRF Data source being set to SRRun01_grf
[info] ExternalForce::LeftGRF Data source being set to SRRun01_grf
[info] Storage: read data file = SRRun01_grf.mot (nr=10005 nc=19)
[info] ExternalForce::RightGRF Data source being set to SRRun01_grf
[info] ExternalForce::LeftGRF Data source being set to SRRun01_grf
[info] Storage: read data file = SRRun01_grf.mot (nr=10005 nc=19)
[info] ExternalForce::RightGRF Data source being set to SRRun01_grf
[info] ExternalForce::LeftGRF Data source being set to SRRun01_grf
[info] Storage: read data file = SRRun01_grf.mot (nr=10005 nc=19)
[info] ExternalForce::RightGRF Data source being set to SRRun01_grf
[info] ExternalForce::LeftGRF Data source being set to SRRun01_grf
[info] Storage: read data file = SRRun01_grf.mot (nr=10005 nc=19)
[info] ExternalForce::RightGRF Data source being set to SRRun01_grf
[info] ExternalForce::LeftGRF Data source being set to SRRun01_grf
[info] Storage: read data file = SRRun01_grf.mot (nr=10005 nc=19)
[info] ExternalForce::RightGRF Data source being set to SRRun01_grf
[info] ExternalForce::LeftGRF Data source being set to SRRun01_grf
[info] Storage: read data file = SRRun01_grf.mot (nr=10005 nc=19)
[info] ExternalForce::RightGRF Data source being set to SRRun01_grf
[info] ExternalForce::LeftGRF Data source being set to SRRun01_grf
[info] Storage: read data file = SRRun01_grf.mot (nr=10005 nc=19)
[info] ExternalForce::RightGRF Data source being set to SRRun01_grf
[info] ExternalForce::LeftGRF Data source being set to SRRun01_grf
[info] Storage: read data file = SRRun01_grf.mot (nr=10005 nc=19)
[info] ExternalForce::RightGRF Data source being set to SRRun01_grf
[info] ExternalForce::LeftGRF Data source being set to SRRun01_grf
[info] Storage: read data file = SRRun01_grf.mot (nr=10005 nc=19)
[info] ExternalForce::RightGRF Data source being set to SRRun01_grf
[info] ExternalForce::LeftGRF Data source being set to SRRun01_grf
[info] Storage: read data file = SRRun01_grf.mot (nr=10005 nc=19)
[info] ExternalForce::RightGRF Data source being set to SRRun01_grf
[info] ExternalForce::LeftGRF Data source being set to SRRun01_grf
[info] Storage: read data file = SRRun01_grf.mot (nr=10005 nc=19)
[info] ExternalForce::RightGRF Data source being set to SRRun01_grf
[info] ExternalForce::LeftGRF Data source being set to SRRun01_grf
[info] Storage: read data file = SRRun01_grf.mot (nr=10005 nc=19)
[info] ExternalForce::RightGRF Data source being set to SRRun01_grf
[info] ExternalForce::LeftGRF Data source being set to SRRun01_grf
[info] Storage: read data file = SRRun01_grf.mot (nr=10005 nc=19)
[info] ExternalForce::RightGRF Data source being set to SRRun01_grf
[info] ExternalForce::LeftGRF Data source being set to SRRun01_grf
[info] Storage: read data file = SRRun01_grf.mot (nr=10005 nc=19)
[info] ExternalForce::RightGRF Data source being set to SRRun01_grf
[info] ExternalForce::LeftGRF Data source being set to SRRun01_grf
[info] Storage: read data file = SRRun01_grf.mot (nr=10005 nc=19)
[info] ExternalForce::RightGRF Data source being set to SRRun01_grf
[info] ExternalForce::LeftGRF Data source being set to SRRun01_grf
[info] Storage: read data file = SRRun01_grf.mot (nr=10005 nc=19)
[info] ExternalForce::RightGRF Data source being set to SRRun01_grf
[info] ExternalForce::LeftGRF Data source being set to SRRun01_grf
[info] Storage: read data file = SRRun01_grf.mot (nr=10005 nc=19)
[info] ExternalForce::RightGRF Data source being set to SRRun01_grf
[info] ExternalForce::LeftGRF Data source being set to SRRun01_grf
[info] Storage: read data file = SRRun01_grf.mot (nr=10005 nc=19)
[info] ExternalForce::RightGRF Data source being set to SRRun01_grf
[info] ExternalForce::LeftGRF Data source being set to SRRun01_grf
[info] Storage: read data file = SRRun01_grf.mot (nr=10005 nc=19)
[info] ExternalForce::RightGRF Data source being set to SRRun01_grf
[info] ExternalForce::LeftGRF Data source being set to SRRun01_grf
[info] Storage: read data file = SRRun01_grf.mot (nr=10005 nc=19)
[info] ExternalForce::RightGRF Data source being set to SRRun01_grf
[info] ExternalForce::LeftGRF Data source being set to SRRun01_grf
[info] Storage: read data file = SRRun01_grf.mot (nr=10005 nc=19)
[info] ExternalForce::RightGRF Data source being set to SRRun01_grf
[info] ExternalForce::LeftGRF Data source being set to SRRun01_grf
[info] Storage: read data file = SRRun01_grf.mot (nr=10005 nc=19)
[info] ExternalForce::RightGRF Data source being set to SRRun01_grf
[info] ExternalForce::LeftGRF Data source being set to SRRun01_grf
[info] Storage: read data file = SRRun01_grf.mot (nr=10005 nc=19)
[info] ExternalForce::RightGRF Data source being set to SRRun01_grf
[info] ExternalForce::LeftGRF Data source being set to SRRun01_grf
[info] Storage: read data file = SRRun01_grf.mot (nr=10005 nc=19)
[info] ExternalForce::RightGRF Data source being set to SRRun01_grf
[info] ExternalForce::LeftGRF Data source being set to SRRun01_grf
[info] Storage: read data file = SRRun01_grf.mot (nr=10005 nc=19)
[info] ExternalForce::RightGRF Data source being set to SRRun01_grf
[info] ExternalForce::LeftGRF Data source being set to SRRun01_grf
[info] Storage: read data file = SRRun01_grf.mot (nr=10005 nc=19)
[info] ExternalForce::RightGRF Data source being set to SRRun01_grf
[info] ExternalForce::LeftGRF Data source being set to SRRun01_grf
[info] Storage: read data file = SRRun01_grf.mot (nr=10005 nc=19)
[info] ExternalForce::RightGRF Data source being set to SRRun01_grf
[info] ExternalForce::LeftGRF Data source being set to SRRun01_grf
[info] Storage: read data file = SRRun01_grf.mot (nr=10005 nc=19)
[info] ExternalForce::RightGRF Data source being set to SRRun01_grf
[info] ExternalForce::LeftGRF Data source being set to SRRun01_grf
[info] Storage: read data file = SRRun01_grf.mot (nr=10005 nc=19)
[info] ExternalForce::RightGRF Data source being set to SRRun01_grf
[info] ExternalForce::LeftGRF Data source being set to SRRun01_grf
[info] Storage: read data file = SRRun01_grf.mot (nr=10005 nc=19)
[info] ExternalForce::RightGRF Data source being set to SRRun01_grf
[info] ExternalForce::LeftGRF Data source being set to SRRun01_grf
[info] Storage: read data file = SRRun01_grf.mot (nr=10005 nc=19)
[info] ExternalForce::RightGRF Data source being set to SRRun01_grf
[info] ExternalForce::LeftGRF Data source being set to SRRun01_grf
[info] Storage: read data file = SRRun01_grf.mot (nr=10005 nc=19)
[info] ExternalForce::RightGRF Data source being set to SRRun01_grf
[info] ExternalForce::LeftGRF Data source being set to SRRun01_grf
[info] Storage: read data file = SRRun01_grf.mot (nr=10005 nc=19)
[info] ExternalForce::RightGRF Data source being set to SRRun01_grf
[info] ExternalForce::LeftGRF Data source being set to SRRun01_grf
[info] Storage: read data file = SRRun01_grf.mot (nr=10005 nc=19)
[info] ExternalForce::RightGRF Data source being set to SRRun01_grf
[info] ExternalForce::LeftGRF Data source being set to SRRun01_grf
[info] Storage: read data file = SRRun01_grf.mot (nr=10005 nc=19)
[info] ExternalForce::RightGRF Data source being set to SRRun01_grf
[info] ExternalForce::LeftGRF Data source being set to SRRun01_grf
[info] Storage: read data file = SRRun01_grf.mot (nr=10005 nc=19)
[info] ExternalForce::RightGRF Data source being set to SRRun01_grf
[info] ExternalForce::LeftGRF Data source being set to SRRun01_grf
[info] Storage: read data file = SRRun01_grf.mot (nr=10005 nc=19)
[info] ExternalForce::RightGRF Data source being set to SRRun01_grf
[info] ExternalForce::LeftGRF Data source being set to SRRun01_grf
[info] Storage: read data file = SRRun01_grf.mot (nr=10005 nc=19)
[info] ExternalForce::RightGRF Data source being set to SRRun01_grf
[info] ExternalForce::LeftGRF Data source being set to SRRun01_grf
[info] Storage: read data file = SRRun01_grf.mot (nr=10005 nc=19)
[info] ExternalForce::RightGRF Data source being set to SRRun01_grf
[info] ExternalForce::LeftGRF Data source being set to SRRun01_grf
[info] Storage: read data file = SRRun01_grf.mot (nr=10005 nc=19)
[info] ExternalForce::RightGRF Data source being set to SRRun01_grf
[info] ExternalForce::LeftGRF Data source being set to SRRun01_grf
[info] Storage: read data file = SRRun01_grf.mot (nr=10005 nc=19)
[info] ExternalForce::RightGRF Data source being set to SRRun01_grf
[info] ExternalForce::LeftGRF Data source being set to SRRun01_grf
[info] Storage: read data file = SRRun01_grf.mot (nr=10005 nc=19)
[info] ExternalForce::RightGRF Data source being set to SRRun01_grf
[info] ExternalForce::LeftGRF Data source being set to SRRun01_grf
[info] Storage: read data file = SRRun01_grf.mot (nr=10005 nc=19)
[info] ExternalForce::RightGRF Data source being set to SRRun01_grf
[info] ExternalForce::LeftGRF Data source being set to SRRun01_grf
[info] Storage: read data file = SRRun01_grf.mot (nr=10005 nc=19)
[info] ExternalForce::RightGRF Data source being set to SRRun01_grf
[info] ExternalForce::LeftGRF Data source being set to SRRun01_grf
[info] Storage: read data file = SRRun01_grf.mot (nr=10005 nc=19)
[info] ExternalForce::RightGRF Data source being set to SRRun01_grf
[info] ExternalForce::LeftGRF Data source being set to SRRun01_grf
[info] Storage: read data file = SRRun01_grf.mot (nr=10005 nc=19)
[info] ExternalForce::RightGRF Data source being set to SRRun01_grf
[info] ExternalForce::LeftGRF Data source being set to SRRun01_grf
[info] Storage: read data file = SRRun01_grf.mot (nr=10005 nc=19)
[info] ExternalForce::RightGRF Data source being set to SRRun01_grf
[info] ExternalForce::LeftGRF Data source being set to SRRun01_grf
[info] Storage: read data file = SRRun01_grf.mot (nr=10005 nc=19)
[info] ExternalForce::RightGRF Data source being set to SRRun01_grf
[info] ExternalForce::LeftGRF Data source being set to SRRun01_grf
[info] Storage: read data file = SRRun01_grf.mot (nr=10005 nc=19)
[info] ExternalForce::RightGRF Data source being set to SRRun01_grf
[info] ExternalForce::LeftGRF Data source being set to SRRun01_grf
[info] Storage: read data file = SRRun01_grf.mot (nr=10005 nc=19)
[info] ExternalForce::RightGRF Data source being set to SRRun01_grf
[info] ExternalForce::LeftGRF Data source being set to SRRun01_grf
[info] Storage: read data file = SRRun01_grf.mot (nr=10005 nc=19)
[info] ExternalForce::RightGRF Data source being set to SRRun01_grf
[info] ExternalForce::LeftGRF Data source being set to SRRun01_grf
[info] Storage: read data file = SRRun01_grf.mot (nr=10005 nc=19)
[info] ExternalForce::RightGRF Data source being set to SRRun01_grf
[info] ExternalForce::LeftGRF Data source being set to SRRun01_grf
[info] Storage: read data file = SRRun01_grf.mot (nr=10005 nc=19)
[info] ExternalForce::RightGRF Data source being set to SRRun01_grf
[info] ExternalForce::LeftGRF Data source being set to SRRun01_grf
[info] Storage: read data file = SRRun01_grf.mot (nr=10005 nc=19)
[info] ExternalForce::RightGRF Data source being set to SRRun01_grf
[info] ExternalForce::LeftGRF Data source being set to SRRun01_grf
[info] Storage: read data file = SRRun01_grf.mot (nr=10005 nc=19)
[info] ExternalForce::RightGRF Data source being set to SRRun01_grf
[info] ExternalForce::LeftGRF Data source being set to SRRun01_grf
[info] Storage: read data file = SRRun01_grf.mot (nr=10005 nc=19)
[info] ExternalForce::RightGRF Data source being set to SRRun01_grf
[info] ExternalForce::LeftGRF Data source being set to SRRun01_grf
[info] Storage: read data file = SRRun01_grf.mot (nr=10005 nc=19)
[info] ExternalForce::RightGRF Data source being set to SRRun01_grf
[info] ExternalForce::LeftGRF Data source being set to SRRun01_grf
[info] Storage: read data file = SRRun01_grf.mot (nr=10005 nc=19)
[info] ExternalForce::RightGRF Data source being set to SRRun01_grf
[info] ExternalForce::LeftGRF Data source being set to SRRun01_grf
[info] Storage: read data file = SRRun01_grf.mot (nr=10005 nc=19)
[info] ExternalForce::RightGRF Data source being set to SRRun01_grf
[info] ExternalForce::LeftGRF Data source being set to SRRun01_grf
[info] Storage: read data file = SRRun01_grf.mot (nr=10005 nc=19)
[info] ExternalForce::RightGRF Data source being set to SRRun01_grf
[info] ExternalForce::LeftGRF Data source being set to SRRun01_grf
[info] Storage: read data file = SRRun01_grf.mot (nr=10005 nc=19)
[info] ExternalForce::RightGRF Data source being set to SRRun01_grf
[info] ExternalForce::LeftGRF Data source being set to SRRun01_grf
[info] Storage: read data file = SRRun01_grf.mot (nr=10005 nc=19)
[info] ExternalForce::RightGRF Data source being set to SRRun01_grf
[info] ExternalForce::LeftGRF Data source being set to SRRun01_grf
[info] Storage: read data file = SRRun01_grf.mot (nr=10005 nc=19)
[info] ExternalForce::RightGRF Data source being set to SRRun01_grf
[info] ExternalForce::LeftGRF Data source being set to SRRun01_grf
[info] Storage: read data file = SRRun01_grf.mot (nr=10005 nc=19)
[info] ExternalForce::RightGRF Data source being set to SRRun01_grf
[info] ExternalForce::LeftGRF Data source being set to SRRun01_grf
[info] Storage: read data file = SRRun01_grf.mot (nr=10005 nc=19)
[info] ExternalForce::RightGRF Data source being set to SRRun01_grf
[info] ExternalForce::LeftGRF Data source being set to SRRun01_grf
[info] Storage: read data file = SRRun01_grf.mot (nr=10005 nc=19)
[info] ExternalForce::RightGRF Data source being set to SRRun01_grf
[info] ExternalForce::LeftGRF Data source being set to SRRun01_grf
[info] Storage: read data file = SRRun01_grf.mot (nr=10005 nc=19)
[info] ExternalForce::RightGRF Data source being set to SRRun01_grf
[info] ExternalForce::LeftGRF Data source being set to SRRun01_grf
[info] Storage: read data file = SRRun01_grf.mot (nr=10005 nc=19)
[info] ExternalForce::RightGRF Data source being set to SRRun01_grf
[info] ExternalForce::LeftGRF Data source being set to SRRun01_grf
[info] Storage: read data file = SRRun01_grf.mot (nr=10005 nc=19)
[info] ExternalForce::RightGRF Data source being set to SRRun01_grf
[info] ExternalForce::LeftGRF Data source being set to SRRun01_grf
[info] Storage: read data file = SRRun01_grf.mot (nr=10005 nc=19)
[info] ExternalForce::RightGRF Data source being set to SRRun01_grf
[info] ExternalForce::LeftGRF Data source being set to SRRun01_grf
[info] Storage: read data file = SRRun01_grf.mot (nr=10005 nc=19)
[info] ExternalForce::RightGRF Data source being set to SRRun01_grf
[info] ExternalForce::LeftGRF Data source being set to SRRun01_grf
[info] Storage: read data file = SRRun01_grf.mot (nr=10005 nc=19)
[info] ExternalForce::RightGRF Data source being set to SRRun01_grf
[info] ExternalForce::LeftGRF Data source being set to SRRun01_grf
[info] Storage: read data file = SRRun01_grf.mot (nr=10005 nc=19)
[info] ExternalForce::RightGRF Data source being set to SRRun01_grf
[info] ExternalForce::LeftGRF Data source being set to SRRun01_grf
[info] Storage: read data file = SRRun01_grf.mot (nr=10005 nc=19)
[info] ExternalForce::RightGRF Data source being set to SRRun01_grf
[info] ExternalForce::LeftGRF Data source being set to SRRun01_grf
[info] Storage: read data file = SRRun01_grf.mot (nr=10005 nc=19)
[info] ExternalForce::RightGRF Data source being set to SRRun01_grf
[info] ExternalForce::LeftGRF Data source being set to SRRun01_grf
[info] Storage: read data file = SRRun01_grf.mot (nr=10005 nc=19)
[info] ExternalForce::RightGRF Data source being set to SRRun01_grf
[info] ExternalForce::LeftGRF Data source being set to SRRun01_grf
[info] Storage: read data file = SRRun01_grf.mot (nr=10005 nc=19)
[info] ExternalForce::RightGRF Data source being set to SRRun01_grf
[info] ExternalForce::LeftGRF Data source being set to SRRun01_grf
[info] Storage: read data file = SRRun01_grf.mot (nr=10005 nc=19)
[info] ExternalForce::RightGRF Data source being set to SRRun01_grf
[info] ExternalForce::LeftGRF Data source being set to SRRun01_grf
[info] Storage: read data file = SRRun01_grf.mot (nr=10005 nc=19)
[info] ExternalForce::RightGRF Data source being set to SRRun01_grf
[info] ExternalForce::LeftGRF Data source being set to SRRun01_grf
[info] Storage: read data file = SRRun01_grf.mot (nr=10005 nc=19)
[info] ExternalForce::RightGRF Data source being set to SRRun01_grf
[info] ExternalForce::LeftGRF Data source being set to SRRun01_grf
[info] Storage: read data file = SRRun01_grf.mot (nr=10005 nc=19)
[info] ExternalForce::RightGRF Data source being set to SRRun01_grf
[info] ExternalForce::LeftGRF Data source being set to SRRun01_grf
[info] Storage: read data file = SRRun01_grf.mot (nr=10005 nc=19)
[info] ExternalForce::RightGRF Data source being set to SRRun01_grf
[info] ExternalForce::LeftGRF Data source being set to SRRun01_grf
[info] Storage: read data file = SRRun01_grf.mot (nr=10005 nc=19)
[info] ExternalForce::RightGRF Data source being set to SRRun01_grf
[info] ExternalForce::LeftGRF Data source being set to SRRun01_grf
[info] Storage: read data file = SRRun01_grf.mot (nr=10005 nc=19)
[info] ExternalForce::RightGRF Data source being set to SRRun01_grf
[info] ExternalForce::LeftGRF Data source being set to SRRun01_grf
[info] Storage: read data file = SRRun01_grf.mot (nr=10005 nc=19)
[info] ExternalForce::RightGRF Data source being set to SRRun01_grf
[info] ExternalForce::LeftGRF Data source being set to SRRun01_grf
[info] Storage: read data file = SRRun01_grf.mot (nr=10005 nc=19)
[info] ExternalForce::RightGRF Data source being set to SRRun01_grf
[info] ExternalForce::LeftGRF Data source being set to SRRun01_grf
[info] Storage: read data file = SRRun01_grf.mot (nr=10005 nc=19)
[info] ExternalForce::RightGRF Data source being set to SRRun01_grf
[info] ExternalForce::LeftGRF Data source being set to SRRun01_grf
[info] Storage: read data file = SRRun01_grf.mot (nr=10005 nc=19)
[info] ExternalForce::RightGRF Data source being set to SRRun01_grf
[info] ExternalForce::LeftGRF Data source being set to SRRun01_grf
[info] Storage: read data file = SRRun01_grf.mot (nr=10005 nc=19)
[info] ExternalForce::RightGRF Data source being set to SRRun01_grf
[info] ExternalForce::LeftGRF Data source being set to SRRun01_grf
[info] Storage: read data file = SRRun01_grf.mot (nr=10005 nc=19)
[info] ExternalForce::RightGRF Data source being set to SRRun01_grf
[info] ExternalForce::LeftGRF Data source being set to SRRun01_grf
[info] Storage: read data file = SRRun01_grf.mot (nr=10005 nc=19)
[info] ExternalForce::RightGRF Data source being set to SRRun01_grf
[info] ExternalForce::LeftGRF Data source being set to SRRun01_grf
[info] Storage: read data file = SRRun01_grf.mot (nr=10005 nc=19)
[info] ExternalForce::RightGRF Data source being set to SRRun01_grf
[info] ExternalForce::LeftGRF Data source being set to SRRun01_grf
[info] Storage: read data file = SRRun01_grf.mot (nr=10005 nc=19)
[info] ExternalForce::RightGRF Data source being set to SRRun01_grf
[info] ExternalForce::LeftGRF Data source being set to SRRun01_grf
[info] Storage: read data file = SRRun01_grf.mot (nr=10005 nc=19)
[info] ExternalForce::RightGRF Data source being set to SRRun01_grf
[info] ExternalForce::LeftGRF Data source being set to SRRun01_grf
[info] Storage: read data file = SRRun01_grf.mot (nr=10005 nc=19)
[info] ExternalForce::RightGRF Data source being set to SRRun01_grf
[info] ExternalForce::LeftGRF Data source being set to SRRun01_grf
[info] Storage: read data file = SRRun01_grf.mot (nr=10005 nc=19)
[info] ExternalForce::RightGRF Data source being set to SRRun01_grf
[info] ExternalForce::LeftGRF Data source being set to SRRun01_grf
[info] Storage: read data file = SRRun01_grf.mot (nr=10005 nc=19)
[info] ExternalForce::RightGRF Data source being set to SRRun01_grf
[info] ExternalForce::LeftGRF Data source being set to SRRun01_grf
[info] Storage: read data file = SRRun01_grf.mot (nr=10005 nc=19)
[info] ExternalForce::RightGRF Data source being set to SRRun01_grf
[info] ExternalForce::LeftGRF Data source being set to SRRun01_grf
[info] Storage: read data file = SRRun01_grf.mot (nr=10005 nc=19)
[info] ExternalForce::RightGRF Data source being set to SRRun01_grf
[info] ExternalForce::LeftGRF Data source being set to SRRun01_grf
[info] Storage: read data file = SRRun01_grf.mot (nr=10005 nc=19)
[info] ExternalForce::RightGRF Data source being set to SRRun01_grf
[info] ExternalForce::LeftGRF Data source being set to SRRun01_grf
[info] Storage: read data file = SRRun01_grf.mot (nr=10005 nc=19)
[info] ExternalForce::RightGRF Data source being set to SRRun01_grf
[info] ExternalForce::LeftGRF Data source being set to SRRun01_grf
[info] Storage: read data file = SRRun01_grf.mot (nr=10005 nc=19)
[info] ExternalForce::RightGRF Data source being set to SRRun01_grf
[info] ExternalForce::LeftGRF Data source being set to SRRun01_grf
[info] Storage: read data file = SRRun01_grf.mot (nr=10005 nc=19)
[info] ExternalForce::RightGRF Data source being set to SRRun01_grf
[info] ExternalForce::LeftGRF Data source being set to SRRun01_grf
[info] Storage: read data file = SRRun01_grf.mot (nr=10005 nc=19)
[info] ExternalForce::RightGRF Data source being set to SRRun01_grf
[info] ExternalForce::LeftGRF Data source being set to SRRun01_grf
[info] Storage: read data file = SRRun01_grf.mot (nr=10005 nc=19)
[info] ExternalForce::RightGRF Data source being set to SRRun01_grf
[info] ExternalForce::LeftGRF Data source being set to SRRun01_grf
[info] Storage: read data file = SRRun01_grf.mot (nr=10005 nc=19)
[info] ExternalForce::RightGRF Data source being set to SRRun01_grf
[info] ExternalForce::LeftGRF Data source being set to SRRun01_grf
[info] Storage: read data file = SRRun01_grf.mot (nr=10005 nc=19)
[info] ExternalForce::RightGRF Data source being set to SRRun01_grf
[info] ExternalForce::LeftGRF Data source being set to SRRun01_grf
[info] Storage: read data file = SRRun01_grf.mot (nr=10005 nc=19)
[info] ExternalForce::RightGRF Data source being set to SRRun01_grf
[info] ExternalForce::LeftGRF Data source being set to SRRun01_grf
[info] Storage: read data file = SRRun01_grf.mot (nr=10005 nc=19)
[info] ExternalForce::RightGRF Data source being set to SRRun01_grf
[info] ExternalForce::LeftGRF Data source being set to SRRun01_grf
[info] Storage: read data file = SRRun01_grf.mot (nr=10005 nc=19)
[info] ExternalForce::RightGRF Data source being set to SRRun01_grf
[info] ExternalForce::LeftGRF Data source being set to SRRun01_grf
[info] Storage: read data file = SRRun01_grf.mot (nr=10005 nc=19)
[info] ExternalForce::RightGRF Data source being set to SRRun01_grf
[info] ExternalForce::LeftGRF Data source being set to SRRun01_grf
[info] Storage: read data file = SRRun01_grf.mot (nr=10005 nc=19)
[info] ExternalForce::RightGRF Data source being set to SRRun01_grf
[info] ExternalForce::LeftGRF Data source being set to SRRun01_grf
[info] Storage: read data file = SRRun01_grf.mot (nr=10005 nc=19)
[info] ExternalForce::RightGRF Data source being set to SRRun01_grf
[info] ExternalForce::LeftGRF Data source being set to SRRun01_grf
[info] Storage: read data file = SRRun01_grf.mot (nr=10005 nc=19)
[info] ExternalForce::RightGRF Data source being set to SRRun01_grf
[info] ExternalForce::LeftGRF Data source being set to SRRun01_grf
[info] Storage: read data file = SRRun01_grf.mot (nr=10005 nc=19)
[info] ExternalForce::RightGRF Data source being set to SRRun01_grf
[info] ExternalForce::LeftGRF Data source being set to SRRun01_grf
[info] Storage: read data file = SRRun01_grf.mot (nr=10005 nc=19)
[info] ExternalForce::RightGRF Data source being set to SRRun01_grf
[info] ExternalForce::LeftGRF Data source being set to SRRun01_grf
[info] Storage: read data file = SRRun01_grf.mot (nr=10005 nc=19)
[info] ExternalForce::RightGRF Data source being set to SRRun01_grf
[info] ExternalForce::LeftGRF Data source being set to SRRun01_grf
[info] Storage: read data file = SRRun01_grf.mot (nr=10005 nc=19)
[info] ExternalForce::RightGRF Data source being set to SRRun01_grf
[info] ExternalForce::LeftGRF Data source being set to SRRun01_grf
[info] Storage: read data file = SRRun01_grf.mot (nr=10005 nc=19)
[info] ExternalForce::RightGRF Data source being set to SRRun01_grf
[info] ExternalForce::LeftGRF Data source being set to SRRun01_grf
[info] Storage: read data file = SRRun01_grf.mot (nr=10005 nc=19)
[info] ExternalForce::RightGRF Data source being set to SRRun01_grf
[info] ExternalForce::LeftGRF Data source being set to SRRun01_grf
[info] Storage: read data file = SRRun01_grf.mot (nr=10005 nc=19)
[info] ExternalForce::RightGRF Data source being set to SRRun01_grf
[info] ExternalForce::LeftGRF Data source being set to SRRun01_grf
[info] Storage: read data file = SRRun01_grf.mot (nr=10005 nc=19)
[info] ExternalForce::RightGRF Data source being set to SRRun01_grf
[info] ExternalForce::LeftGRF Data source being set to SRRun01_grf
[info] Storage: read data file = SRRun01_grf.mot (nr=10005 nc=19)
[info] ExternalForce::RightGRF Data source being set to SRRun01_grf
[info] ExternalForce::LeftGRF Data source being set to SRRun01_grf
[info] Storage: read data file = SRRun01_grf.mot (nr=10005 nc=19)
[info] ExternalForce::RightGRF Data source being set to SRRun01_grf
[info] ExternalForce::LeftGRF Data source being set to SRRun01_grf
[info] Storage: read data file = SRRun01_grf.mot (nr=10005 nc=19)
[info] ExternalForce::RightGRF Data source being set to SRRun01_grf
[info] ExternalForce::LeftGRF Data source being set to SRRun01_grf
[info] Storage: read data file = SRRun01_grf.mot (nr=10005 nc=19)
[info] ExternalForce::RightGRF Data source being set to SRRun01_grf
[info] ExternalForce::LeftGRF Data source being set to SRRun01_grf
[info] Storage: read data file = SRRun01_grf.mot (nr=10005 nc=19)
[info] ExternalForce::RightGRF Data source being set to SRRun01_grf
[info] ExternalForce::LeftGRF Data source being set to SRRun01_grf
[info] Storage: read data file = SRRun01_grf.mot (nr=10005 nc=19)
[info] ExternalForce::RightGRF Data source being set to SRRun01_grf
[info] ExternalForce::LeftGRF Data source being set to SRRun01_grf
[info] Storage: read data file = SRRun01_grf.mot (nr=10005 nc=19)
[info] ExternalForce::RightGRF Data source being set to SRRun01_grf
[info] ExternalForce::LeftGRF Data source being set to SRRun01_grf
[info] Storage: read data file = SRRun01_grf.mot (nr=10005 nc=19)
[info] ExternalForce::RightGRF Data source being set to SRRun01_grf
[info] ExternalForce::LeftGRF Data source being set to SRRun01_grf
[info] Storage: read data file = SRRun01_grf.mot (nr=10005 nc=19)
[info] ExternalForce::RightGRF Data source being set to SRRun01_grf
[info] ExternalForce::LeftGRF Data source being set to SRRun01_grf
[info] Storage: read data file = SRRun01_grf.mot (nr=10005 nc=19)
[info] ExternalForce::RightGRF Data source being set to SRRun01_grf
[info] ExternalForce::LeftGRF Data source being set to SRRun01_grf
[info] Storage: read data file = SRRun01_grf.mot (nr=10005 nc=19)
[info] ExternalForce::RightGRF Data source being set to SRRun01_grf
[info] ExternalForce::LeftGRF Data source being set to SRRun01_grf
[info] Storage: read data file = SRRun01_grf.mot (nr=10005 nc=19)
[info] ExternalForce::RightGRF Data source being set to SRRun01_grf
[info] ExternalForce::LeftGRF Data source being set to SRRun01_grf
[info] Storage: read data file = SRRun01_grf.mot (nr=10005 nc=19)
[info] ExternalForce::RightGRF Data source being set to SRRun01_grf
[info] ExternalForce::LeftGRF Data source being set to SRRun01_grf
[info] Storage: read data file = SRRun01_grf.mot (nr=10005 nc=19)
[info] ExternalForce::RightGRF Data source being set to SRRun01_grf
[info] ExternalForce::LeftGRF Data source being set to SRRun01_grf
[info] Storage: read data file = SRRun01_grf.mot (nr=10005 nc=19)
[info] ExternalForce::RightGRF Data source being set to SRRun01_grf
[info] ExternalForce::LeftGRF Data source being set to SRRun01_grf
[info] Storage: read data file = SRRun01_grf.mot (nr=10005 nc=19)
[info] ExternalForce::RightGRF Data source being set to SRRun01_grf
[info] ExternalForce::LeftGRF Data source being set to SRRun01_grf
[info] Storage: read data file = SRRun01_grf.mot (nr=10005 nc=19)
[info] ExternalForce::RightGRF Data source being set to SRRun01_grf
[info] ExternalForce::LeftGRF Data source being set to SRRun01_grf
[info] Storage: read data file = SRRun01_grf.mot (nr=10005 nc=19)
[info] ExternalForce::RightGRF Data source being set to SRRun01_grf
[info] ExternalForce::LeftGRF Data source being set to SRRun01_grf
[info] Storage: read data file = SRRun01_grf.mot (nr=10005 nc=19)
[info] ExternalForce::RightGRF Data source being set to SRRun01_grf
[info] ExternalForce::LeftGRF Data source being set to SRRun01_grf
[info] Storage: read data file = SRRun01_grf.mot (nr=10005 nc=19)
[info] ExternalForce::RightGRF Data source being set to SRRun01_grf
[info] ExternalForce::LeftGRF Data source being set to SRRun01_grf
[info] Storage: read data file = SRRun01_grf.mot (nr=10005 nc=19)
[info] ExternalForce::RightGRF Data source being set to SRRun01_grf
[info] ExternalForce::LeftGRF Data source being set to SRRun01_grf
[info] Storage: read data file = SRRun01_grf.mot (nr=10005 nc=19)
[info] ExternalForce::RightGRF Data source being set to SRRun01_grf
[info] ExternalForce::LeftGRF Data source being set to SRRun01_grf
[info] Storage: read data file = SRRun01_grf.mot (nr=10005 nc=19)
[info] ExternalForce::RightGRF Data source being set to SRRun01_grf
[info] ExternalForce::LeftGRF Data source being set to SRRun01_grf
[info] Storage: read data file = SRRun01_grf.mot (nr=10005 nc=19)
[info] ExternalForce::RightGRF Data source being set to SRRun01_grf
[info] ExternalForce::LeftGRF Data source being set to SRRun01_grf
[info] Storage: read data file = SRRun01_grf.mot (nr=10005 nc=19)
[info] ExternalForce::RightGRF Data source being set to SRRun01_grf
[info] ExternalForce::LeftGRF Data source being set to SRRun01_grf
[info] Storage: read data file = SRRun01_grf.mot (nr=10005 nc=19)
[info] ExternalForce::RightGRF Data source being set to SRRun01_grf
[info] ExternalForce::LeftGRF Data source being set to SRRun01_grf
[info] Storage: read data file = SRRun01_grf.mot (nr=10005 nc=19)
[info] ExternalForce::RightGRF Data source being set to SRRun01_grf
[info] ExternalForce::LeftGRF Data source being set to SRRun01_grf
[info] Storage: read data file = SRRun01_grf.mot (nr=10005 nc=19)
[info] ExternalForce::RightGRF Data source being set to SRRun01_grf
[info] ExternalForce::LeftGRF Data source being set to SRRun01_grf
[info] Storage: read data file = SRRun01_grf.mot (nr=10005 nc=19)
[info] ExternalForce::RightGRF Data source being set to SRRun01_grf
[info] ExternalForce::LeftGRF Data source being set to SRRun01_grf
[info] Storage: read data file = SRRun01_grf.mot (nr=10005 nc=19)
[info] ExternalForce::RightGRF Data source being set to SRRun01_grf
[info] ExternalForce::LeftGRF Data source being set to SRRun01_grf
[info] Storage: read data file = SRRun01_grf.mot (nr=10005 nc=19)
[info] ExternalForce::RightGRF Data source being set to SRRun01_grf
[info] ExternalForce::LeftGRF Data source being set to SRRun01_grf
[info] Storage: read data file = SRRun01_grf.mot (nr=10005 nc=19)
[info] ExternalForce::RightGRF Data source being set to SRRun01_grf
[info] ExternalForce::LeftGRF Data source being set to SRRun01_grf
[info] Storage: read data file = SRRun01_grf.mot (nr=10005 nc=19)
[info] ExternalForce::RightGRF Data source being set to SRRun01_grf
[info] ExternalForce::LeftGRF Data source being set to SRRun01_grf
[info] Storage: read data file = SRRun01_grf.mot (nr=10005 nc=19)
[info] ExternalForce::RightGRF Data source being set to SRRun01_grf
[info] ExternalForce::LeftGRF Data source being set to SRRun01_grf
[info] Storage: read data file = SRRun01_grf.mot (nr=10005 nc=19)
[info] ExternalForce::RightGRF Data source being set to SRRun01_grf
[info] ExternalForce::LeftGRF Data source being set to SRRun01_grf
[info] Storage: read data file = SRRun01_grf.mot (nr=10005 nc=19)
[info] ExternalForce::RightGRF Data source being set to SRRun01_grf
[info] ExternalForce::LeftGRF Data source being set to SRRun01_grf
[info] Storage: read data file = SRRun01_grf.mot (nr=10005 nc=19)
[info] ExternalForce::RightGRF Data source being set to SRRun01_grf
[info] ExternalForce::LeftGRF Data source being set to SRRun01_grf
[info] Storage: read data file = SRRun01_grf.mot (nr=10005 nc=19)
[info] ExternalForce::RightGRF Data source being set to SRRun01_grf
[info] ExternalForce::LeftGRF Data source being set to SRRun01_grf
[info] Storage: read data file = SRRun01_grf.mot (nr=10005 nc=19)
[info] ExternalForce::RightGRF Data source being set to SRRun01_grf
[info] ExternalForce::LeftGRF Data source being set to SRRun01_grf
[info] Storage: read data file = SRRun01_grf.mot (nr=10005 nc=19)
[info] ExternalForce::RightGRF Data source being set to SRRun01_grf
[info] ExternalForce::LeftGRF Data source being set to SRRun01_grf
[info] Storage: read data file = SRRun01_grf.mot (nr=10005 nc=19)
[info] ExternalForce::RightGRF Data source being set to SRRun01_grf
[info] ExternalForce::LeftGRF Data source being set to SRRun01_grf
[info] Storage: read data file = SRRun01_grf.mot (nr=10005 nc=19)
[info] ExternalForce::RightGRF Data source being set to SRRun01_grf
[info] ExternalForce::LeftGRF Data source being set to SRRun01_grf
[info] Storage: read data file = SRRun01_grf.mot (nr=10005 nc=19)
[info] ExternalForce::RightGRF Data source being set to SRRun01_grf
[info] ExternalForce::LeftGRF Data source being set to SRRun01_grf
[info] Storage: read data file = SRRun01_grf.mot (nr=10005 nc=19)
[info] ExternalForce::RightGRF Data source being set to SRRun01_grf
[info] ExternalForce::LeftGRF Data source being set to SRRun01_grf
[info] Storage: read data file = SRRun01_grf.mot (nr=10005 nc=19)
[info] ExternalForce::RightGRF Data source being set to SRRun01_grf
[info] ExternalForce::LeftGRF Data source being set to SRRun01_grf
[info] Storage: read data file = SRRun01_grf.mot (nr=10005 nc=19)
[info] ExternalForce::RightGRF Data source being set to SRRun01_grf
[info] ExternalForce::LeftGRF Data source being set to SRRun01_grf
[info] Storage: read data file = SRRun01_grf.mot (nr=10005 nc=19)
[info] ExternalForce::RightGRF Data source being set to SRRun01_grf
[info] ExternalForce::LeftGRF Data source being set to SRRun01_grf
[info] Storage: read data file = SRRun01_grf.mot (nr=10005 nc=19)
[info] ExternalForce::RightGRF Data source being set to SRRun01_grf
[info] ExternalForce::LeftGRF Data source being set to SRRun01_grf
[info] Storage: read data file = SRRun01_grf.mot (nr=10005 nc=19)
[info] ExternalForce::RightGRF Data source being set to SRRun01_grf
[info] ExternalForce::LeftGRF Data source being set to SRRun01_grf
[info] Storage: read data file = SRRun01_grf.mot (nr=10005 nc=19)
[info] ExternalForce::RightGRF Data source being set to SRRun01_grf
[info] ExternalForce::LeftGRF Data source being set to SRRun01_grf
[info] Storage: read data file = SRRun01_grf.mot (nr=10005 nc=19)
[info] ExternalForce::RightGRF Data source being set to SRRun01_grf
[info] ExternalForce::LeftGRF Data source being set to SRRun01_grf
[info] Storage: read data file = SRRun01_grf.mot (nr=10005 nc=19)
[info] ExternalForce::RightGRF Data source being set to SRRun01_grf
[info] ExternalForce::LeftGRF Data source being set to SRRun01_grf
[info] Storage: read data file = SRRun01_grf.mot (nr=10005 nc=19)
[info] ExternalForce::RightGRF Data source being set to SRRun01_grf
[info] ExternalForce::LeftGRF Data source being set to SRRun01_grf
[info] Storage: read data file = SRRun01_grf.mot (nr=10005 nc=19)
[info] ExternalForce::RightGRF Data source being set to SRRun01_grf
[info] ExternalForce::LeftGRF Data source being set to SRRun01_grf
[info] Storage: read data file = SRRun01_grf.mot (nr=10005 nc=19)
[info] ExternalForce::RightGRF Data source being set to SRRun01_grf
[info] ExternalForce::LeftGRF Data source being set to SRRun01_grf
[info] Storage: read data file = SRRun01_grf.mot (nr=10005 nc=19)
[info] ExternalForce::RightGRF Data source being set to SRRun01_grf
[info] ExternalForce::LeftGRF Data source being set to SRRun01_grf
[info] Storage: read data file = SRRun01_grf.mot (nr=10005 nc=19)
[info] ExternalForce::RightGRF Data source being set to SRRun01_grf
[info] ExternalForce::LeftGRF Data source being set to SRRun01_grf
[info] Storage: read data file = SRRun01_grf.mot (nr=10005 nc=19)
[info] ExternalForce::RightGRF Data source being set to SRRun01_grf
[info] ExternalForce::LeftGRF Data source being set to SRRun01_grf
[info] Storage: read data file = SRRun01_grf.mot (nr=10005 nc=19)
[info] ExternalForce::RightGRF Data source being set to SRRun01_grf
[info] ExternalForce::LeftGRF Data source being set to SRRun01_grf
[info] Storage: read data file = SRRun01_grf.mot (nr=10005 nc=19)
[info] ExternalForce::RightGRF Data source being set to SRRun01_grf
[info] ExternalForce::LeftGRF Data source being set to SRRun01_grf
[info] Storage: read data file = SRRun01_grf.mot (nr=10005 nc=19)
[info] ExternalForce::RightGRF Data source being set to SRRun01_grf
[info] ExternalForce::LeftGRF Data source being set to SRRun01_grf
[info] Storage: read data file = SRRun01_grf.mot (nr=10005 nc=19)
[info] ExternalForce::RightGRF Data source being set to SRRun01_grf
[info] ExternalForce::LeftGRF Data source being set to SRRun01_grf
[info] Storage: read data file = SRRun01_grf.mot (nr=10005 nc=19)
[info] ExternalForce::RightGRF Data source being set to SRRun01_grf
[info] ExternalForce::LeftGRF Data source being set to SRRun01_grf
[info] Storage: read data file = SRRun01_grf.mot (nr=10005 nc=19)
[info] ExternalForce::RightGRF Data source being set to SRRun01_grf
[info] ExternalForce::LeftGRF Data source being set to SRRun01_grf
[info] Storage: read data file = SRRun01_grf.mot (nr=10005 nc=19)
[info] ExternalForce::RightGRF Data source being set to SRRun01_grf
[info] ExternalForce::LeftGRF Data source being set to SRRun01_grf
[info] Storage: read data file = SRRun01_grf.mot (nr=10005 nc=19)
[info] ExternalForce::RightGRF Data source being set to SRRun01_grf
[info] ExternalForce::LeftGRF Data source being set to SRRun01_grf
[info] Storage: read data file = SRRun01_grf.mot (nr=10005 nc=19)
[info] ExternalForce::RightGRF Data source being set to SRRun01_grf
[info] ExternalForce::LeftGRF Data source being set to SRRun01_grf
[info] Storage: read data file = SRRun01_grf.mot (nr=10005 nc=19)
[info] ExternalForce::RightGRF Data source being set to SRRun01_grf
[info] ExternalForce::LeftGRF Data source being set to SRRun01_grf
[info] Storage: read data file = SRRun01_grf.mot (nr=10005 nc=19)
[info] ExternalForce::RightGRF Data source being set to SRRun01_grf
[info] ExternalForce::LeftGRF Data source being set to SRRun01_grf
[info] Storage: read data file = SRRun01_grf.mot (nr=10005 nc=19)
[info] ExternalForce::RightGRF Data source being set to SRRun01_grf
[info] ExternalForce::LeftGRF Data source being set to SRRun01_grf
[info] Storage: read data file = SRRun01_grf.mot (nr=10005 nc=19)
[info] ExternalForce::RightGRF Data source being set to SRRun01_grf
[info] ExternalForce::LeftGRF Data source being set to SRRun01_grf
[info] Storage: read data file = SRRun01_grf.mot (nr=10005 nc=19)
[info] ExternalForce::RightGRF Data source being set to SRRun01_grf
[info] ExternalForce::LeftGRF Data source being set to SRRun01_grf
[info] Storage: read data file = SRRun01_grf.mot (nr=10005 nc=19)
[info] ExternalForce::RightGRF Data source being set to SRRun01_grf
[info] ExternalForce::LeftGRF Data source being set to SRRun01_grf
[info] Storage: read data file = SRRun01_grf.mot (nr=10005 nc=19)
[info] ExternalForce::RightGRF Data source being set to SRRun01_grf
[info] ExternalForce::LeftGRF Data source being set to SRRun01_grf
[info] Storage: read data file = SRRun01_grf.mot (nr=10005 nc=19)
[info] ExternalForce::RightGRF Data source being set to SRRun01_grf
[info] ExternalForce::LeftGRF Data source being set to SRRun01_grf
[info] Storage: read data file = SRRun01_grf.mot (nr=10005 nc=19)
[info] ExternalForce::RightGRF Data source being set to SRRun01_grf
[info] ExternalForce::LeftGRF Data source being set to SRRun01_grf
[info] Storage: read data file = SRRun01_grf.mot (nr=10005 nc=19)
[info] ExternalForce::RightGRF Data source being set to SRRun01_grf
[info] ExternalForce::LeftGRF Data source being set to SRRun01_grf
[info] Storage: read data file = SRRun01_grf.mot (nr=10005 nc=19)
[info] ExternalForce::RightGRF Data source being set to SRRun01_grf
[info] ExternalForce::LeftGRF Data source being set to SRRun01_grf
[info] Storage: read data file = SRRun01_grf.mot (nr=10005 nc=19)
[info] ExternalForce::RightGRF Data source being set to SRRun01_grf
[info] ExternalForce::LeftGRF Data source being set to SRRun01_grf
[info] Storage: read data file = SRRun01_grf.mot (nr=10005 nc=19)
[info] ExternalForce::RightGRF Data source being set to SRRun01_grf
[info] ExternalForce::LeftGRF Data source being set to SRRun01_grf
[info] Storage: read data file = SRRun01_grf.mot (nr=10005 nc=19)
[info] ExternalForce::RightGRF Data source being set to SRRun01_grf
[info] ExternalForce::LeftGRF Data source being set to SRRun01_grf
[info] Storage: read data file = SRRun01_grf.mot (nr=10005 nc=19)
[info] ExternalForce::RightGRF Data source being set to SRRun01_grf
[info] ExternalForce::LeftGRF Data source being set to SRRun01_grf
[info] Storage: read data file = SRRun01_grf.mot (nr=10005 nc=19)
[info] ExternalForce::RightGRF Data source being set to SRRun01_grf
[info] ExternalForce::LeftGRF Data source being set to SRRun01_grf
[info] Storage: read data file = SRRun01_grf.mot (nr=10005 nc=19)
[info] ExternalForce::RightGRF Data source being set to SRRun01_grf
[info] ExternalForce::LeftGRF Data source being set to SRRun01_grf
[info] Storage: read data file = SRRun01_grf.mot (nr=10005 nc=19)
[info] ExternalForce::RightGRF Data source being set to SRRun01_grf
[info] ExternalForce::LeftGRF Data source being set to SRRun01_grf
[info] Storage: read data file = SRRun01_grf.mot (nr=10005 nc=19)
[info] ExternalForce::RightGRF Data source being set to SRRun01_grf
[info] ExternalForce::LeftGRF Data source being set to SRRun01_grf
[info] Storage: read data file = SRRun01_grf.mot (nr=10005 nc=19)
[info] ExternalForce::RightGRF Data source being set to SRRun01_grf
[info] ExternalForce::LeftGRF Data source being set to SRRun01_grf
[info] Storage: read data file = SRRun01_grf.mot (nr=10005 nc=19)
[info] ExternalForce::RightGRF Data source being set to SRRun01_grf
[info] ExternalForce::LeftGRF Data source being set to SRRun01_grf
[info] Storage: read data file = SRRun01_grf.mot (nr=10005 nc=19)
[info] ExternalForce::RightGRF Data source being set to SRRun01_grf
[info] ExternalForce::LeftGRF Data source being set to SRRun01_grf
[info] Storage: read data file = SRRun01_grf.mot (nr=10005 nc=19)
[info] ExternalForce::RightGRF Data source being set to SRRun01_grf
[info] ExternalForce::LeftGRF Data source being set to SRRun01_grf
[info] Storage: read data file = SRRun01_grf.mot (nr=10005 nc=19)
[info] ExternalForce::RightGRF Data source being set to SRRun01_grf
[info] ExternalForce::LeftGRF Data source being set to SRRun01_grf
[info] Storage: read data file = SRRun01_grf.mot (nr=10005 nc=19)
[info] ExternalForce::RightGRF Data source being set to SRRun01_grf
[info] ExternalForce::LeftGRF Data source being set to SRRun01_grf
[info] Storage: read data file = SRRun01_grf.mot (nr=10005 nc=19)
[info] ExternalForce::RightGRF Data source being set to SRRun01_grf
[info] ExternalForce::LeftGRF Data source being set to SRRun01_grf
[info] Storage: read data file = SRRun01_grf.mot (nr=10005 nc=19)
[info] ExternalForce::RightGRF Data source being set to SRRun01_grf
[info] ExternalForce::LeftGRF Data source being set to SRRun01_grf
[info] Storage: read data file = SRRun01_grf.mot (nr=10005 nc=19)
[info] ExternalForce::RightGRF Data source being set to SRRun01_grf
[info] ExternalForce::LeftGRF Data source being set to SRRun01_grf
[info] Storage: read data file = SRRun01_grf.mot (nr=10005 nc=19)
[info] ExternalForce::RightGRF Data source being set to SRRun01_grf
[info] ExternalForce::LeftGRF Data source being set to SRRun01_grf
[info] Storage: read data file = SRRun01_grf.mot (nr=10005 nc=19)
[info] ExternalForce::RightGRF Data source being set to SRRun01_grf
[info] ExternalForce::LeftGRF Data source being set to SRRun01_grf
[info] Storage: read data file = SRRun01_grf.mot (nr=10005 nc=19)
[info] ExternalForce::RightGRF Data source being set to SRRun01_grf
[info] ExternalForce::LeftGRF Data source being set to SRRun01_grf
[info] Storage: read data file = SRRun01_grf.mot (nr=10005 nc=19)
[info] ExternalForce::RightGRF Data source being set to SRRun01_grf
[info] ExternalForce::LeftGRF Data source being set to SRRun01_grf
[info] Storage: read data file = SRRun01_grf.mot (nr=10005 nc=19)
[info] ExternalForce::RightGRF Data source being set to SRRun01_grf
[info] ExternalForce::LeftGRF Data source being set to SRRun01_grf
[info] Storage: read data file = SRRun01_grf.mot (nr=10005 nc=19)
[info] ExternalForce::RightGRF Data source being set to SRRun01_grf
[info] ExternalForce::LeftGRF Data source being set to SRRun01_grf
[info] Storage: read data file = SRRun01_grf.mot (nr=10005 nc=19)
[info] ExternalForce::RightGRF Data source being set to SRRun01_grf
[info] ExternalForce::LeftGRF Data source being set to SRRun01_grf
[info] Storage: read data file = SRRun01_grf.mot (nr=10005 nc=19)
[info] ExternalForce::RightGRF Data source being set to SRRun01_grf
[info] ExternalForce::LeftGRF Data source being set to SRRun01_grf
[info] Storage: read data file = SRRun01_grf.mot (nr=10005 nc=19)
[info] ExternalForce::RightGRF Data source being set to SRRun01_grf
[info] ExternalForce::LeftGRF Data source being set to SRRun01_grf
[info] Storage: read data file = SRRun01_grf.mot (nr=10005 nc=19)
[info] ExternalForce::RightGRF Data source being set to SRRun01_grf
[info] ExternalForce::LeftGRF Data source being set to SRRun01_grf
[info] Storage: read data file = SRRun01_grf.mot (nr=10005 nc=19)
[info] ExternalForce::RightGRF Data source being set to SRRun01_grf
[info] ExternalForce::LeftGRF Data source being set to SRRun01_grf
[info] Storage: read data file = SRRun01_grf.mot (nr=10005 nc=19)
[info] ExternalForce::RightGRF Data source being set to SRRun01_grf
[info] ExternalForce::LeftGRF Data source being set to SRRun01_grf
[info] Storage: read data file = SRRun01_grf.mot (nr=10005 nc=19)
[info] ExternalForce::RightGRF Data source being set to SRRun01_grf
[info] ExternalForce::LeftGRF Data source being set to SRRun01_grf
[info] Storage: read data file = SRRun01_grf.mot (nr=10005 nc=19)
[info] ExternalForce::RightGRF Data source being set to SRRun01_grf
[info] ExternalForce::LeftGRF Data source being set to SRRun01_grf
[info] Storage: read data file = SRRun01_grf.mot (nr=10005 nc=19)
[info] ExternalForce::RightGRF Data source being set to SRRun01_grf
[info] ExternalForce::LeftGRF Data source being set to SRRun01_grf
[info] Storage: read data file = SRRun01_grf.mot (nr=10005 nc=19)
[info] ExternalForce::RightGRF Data source being set to SRRun01_grf
[info] ExternalForce::LeftGRF Data source being set to SRRun01_grf
[info] Storage: read data file = SRRun01_grf.mot (nr=10005 nc=19)
[info] ExternalForce::RightGRF Data source being set to SRRun01_grf
[info] ExternalForce::LeftGRF Data source being set to SRRun01_grf
[info] Storage: read data file = SRRun01_grf.mot (nr=10005 nc=19)
[info] ExternalForce::RightGRF Data source being set to SRRun01_grf
[info] ExternalForce::LeftGRF Data source being set to SRRun01_grf
[info] Storage: read data file = SRRun01_grf.mot (nr=10005 nc=19)
[info] ExternalForce::RightGRF Data source being set to SRRun01_grf
[info] ExternalForce::LeftGRF Data source being set to SRRun01_grf
[info] Storage: read data file = SRRun01_grf.mot (nr=10005 nc=19)
[info] ExternalForce::RightGRF Data source being set to SRRun01_grf
[info] ExternalForce::LeftGRF Data source being set to SRRun01_grf
[info] Storage: read data file = SRRun01_grf.mot (nr=10005 nc=19)
[info] ExternalForce::RightGRF Data source being set to SRRun01_grf
[info] ExternalForce::LeftGRF Data source being set to SRRun01_grf
[info] Storage: read data file = SRRun01_grf.mot (nr=10005 nc=19)
[info] ExternalForce::RightGRF Data source being set to SRRun01_grf
[info] ExternalForce::LeftGRF Data source being set to SRRun01_grf
[info] Storage: read data file = SRRun01_grf.mot (nr=10005 nc=19)
[info] ExternalForce::RightGRF Data source being set to SRRun01_grf
[info] ExternalForce::LeftGRF Data source being set to SRRun01_grf
[info] Storage: read data file = SRRun01_grf.mot (nr=10005 nc=19)
[info] ExternalForce::RightGRF Data source being set to SRRun01_grf
[info] ExternalForce::LeftGRF Data source being set to SRRun01_grf
[info] Storage: read data file = SRRun01_grf.mot (nr=10005 nc=19)
[info] ExternalForce::RightGRF Data source being set to SRRun01_grf
[info] ExternalForce::LeftGRF Data source being set to SRRun01_grf
[info] Storage: read data file = SRRun01_grf.mot (nr=10005 nc=19)
[info] ExternalForce::RightGRF Data source being set to SRRun01_grf
[info] ExternalForce::LeftGRF Data source being set to SRRun01_grf
[info] Storage: read data file = SRRun01_grf.mot (nr=10005 nc=19)
[info] ExternalForce::RightGRF Data source being set to SRRun01_grf
[info] ExternalForce::LeftGRF Data source being set to SRRun01_grf
[info] Storage: read data file = SRRun01_grf.mot (nr=10005 nc=19)
[info] ExternalForce::RightGRF Data source being set to SRRun01_grf
[info] ExternalForce::LeftGRF Data source being set to SRRun01_grf
[info] Storage: read data file = SRRun01_grf.mot (nr=10005 nc=19)
[info] ExternalForce::RightGRF Data source being set to SRRun01_grf
[info] ExternalForce::LeftGRF Data source being set to SRRun01_grf
[info] Storage: read data file = SRRun01_grf.mot (nr=10005 nc=19)
[info] ExternalForce::RightGRF Data source being set to SRRun01_grf
[info] ExternalForce::LeftGRF Data source being set to SRRun01_grf
[info] Storage: read data file = SRRun01_grf.mot (nr=10005 nc=19)
[info] ExternalForce::RightGRF Data source being set to SRRun01_grf
[info] ExternalForce::LeftGRF Data source being set to SRRun01_grf
[info] Storage: read data file = SRRun01_grf.mot (nr=10005 nc=19)
[info] ExternalForce::RightGRF Data source being set to SRRun01_grf
[info] ExternalForce::LeftGRF Data source being set to SRRun01_grf
[info] Storage: read data file = SRRun01_grf.mot (nr=10005 nc=19)
[info] ExternalForce::RightGRF Data source being set to SRRun01_grf
[info] ExternalForce::LeftGRF Data source being set to SRRun01_grf
[info] Storage: read data file = SRRun01_grf.mot (nr=10005 nc=19)
[info] ExternalForce::RightGRF Data source being set to SRRun01_grf
[info] ExternalForce::LeftGRF Data source being set to SRRun01_grf
[info] Storage: read data file = SRRun01_grf.mot (nr=10005 nc=19)
[info] ExternalForce::RightGRF Data source being set to SRRun01_grf
[info] ExternalForce::LeftGRF Data source being set to SRRun01_grf
[info] Storage: read data file = SRRun01_grf.mot (nr=10005 nc=19)
[info] ExternalForce::RightGRF Data source being set to SRRun01_grf
[info] ExternalForce::LeftGRF Data source being set to SRRun01_grf
[info] Storage: read data file = SRRun01_grf.mot (nr=10005 nc=19)
[info] ExternalForce::RightGRF Data source being set to SRRun01_grf
[info] ExternalForce::LeftGRF Data source being set to SRRun01_grf
[info] Storage: read data file = SRRun01_grf.mot (nr=10005 nc=19)
[info] ExternalForce::RightGRF Data source being set to SRRun01_grf
[info] ExternalForce::LeftGRF Data source being set to SRRun01_grf
[info] Storage: read data file = SRRun01_grf.mot (nr=10005 nc=19)
[info] ExternalForce::RightGRF Data source being set to SRRun01_grf
[info] ExternalForce::LeftGRF Data source being set to SRRun01_grf
[info] Storage: read data file = SRRun01_grf.mot (nr=10005 nc=19)
[info] ExternalForce::RightGRF Data source being set to SRRun01_grf
[info] ExternalForce::LeftGRF Data source being set to SRRun01_grf
[info] Storage: read data file = SRRun01_grf.mot (nr=10005 nc=19)
[info] ExternalForce::RightGRF Data source being set to SRRun01_grf
[info] ExternalForce::LeftGRF Data source being set to SRRun01_grf
[info] Storage: read data file = SRRun01_grf.mot (nr=10005 nc=19)
[info] ExternalForce::RightGRF Data source being set to SRRun01_grf
[info] ExternalForce::LeftGRF Data source being set to SRRun01_grf
[info] Storage: read data file = SRRun01_grf.mot (nr=10005 nc=19)
[info] ExternalForce::RightGRF Data source being set to SRRun01_grf
[info] ExternalForce::LeftGRF Data source being set to SRRun01_grf
[info] Storage: read data file = SRRun01_grf.mot (nr=10005 nc=19)
[info] ExternalForce::RightGRF Data source being set to SRRun01_grf
[info] ExternalForce::LeftGRF Data source being set to SRRun01_grf
[info] Storage: read data file = SRRun01_grf.mot (nr=10005 nc=19)
[info] ExternalForce::RightGRF Data source being set to SRRun01_grf
[info] ExternalForce::LeftGRF Data source being set to SRRun01_grf
[info] Storage: read data file = SRRun01_grf.mot (nr=10005 nc=19)
[info] ExternalForce::RightGRF Data source being set to SRRun01_grf
[info] ExternalForce::LeftGRF Data source being set to SRRun01_grf
[info] Storage: read data file = SRRun01_grf.mot (nr=10005 nc=19)
[info] ExternalForce::RightGRF Data source being set to SRRun01_grf
[info] ExternalForce::LeftGRF Data source being set to SRRun01_grf
[info] Storage: read data file = SRRun01_grf.mot (nr=10005 nc=19)
[info] ExternalForce::RightGRF Data source being set to SRRun01_grf
[info] ExternalForce::LeftGRF Data source being set to SRRun01_grf
[info] Storage: read data file = SRRun01_grf.mot (nr=10005 nc=19)
[info] ExternalForce::RightGRF Data source being set to SRRun01_grf
[info] ExternalForce::LeftGRF Data source being set to SRRun01_grf
[info] Storage: read data file = SRRun01_grf.mot (nr=10005 nc=19)
[info] ExternalForce::RightGRF Data source being set to SRRun01_grf
[info] ExternalForce::LeftGRF Data source being set to SRRun01_grf
[info] Storage: read data file = SRRun01_grf.mot (nr=10005 nc=19)
[info] ExternalForce::RightGRF Data source being set to SRRun01_grf
[info] ExternalForce::LeftGRF Data source being set to SRRun01_grf
[info] Storage: read data file = SRRun01_grf.mot (nr=10005 nc=19)
[info] ExternalForce::RightGRF Data source being set to SRRun01_grf
[info] ExternalForce::LeftGRF Data source being set to SRRun01_grf
[info] Storage: read data file = SRRun01_grf.mot (nr=10005 nc=19)
[info] ExternalForce::RightGRF Data source being set to SRRun01_grf
[info] ExternalForce::LeftGRF Data source being set to SRRun01_grf
[info] Storage: read data file = SRRun01_grf.mot (nr=10005 nc=19)
[info] ExternalForce::RightGRF Data source being set to SRRun01_grf
[info] ExternalForce::LeftGRF Data source being set to SRRun01_grf
[info] Storage: read data file = SRRun01_grf.mot (nr=10005 nc=19)
[info] ExternalForce::RightGRF Data source being set to SRRun01_grf
[info] ExternalForce::LeftGRF Data source being set to SRRun01_grf
[info] Storage: read data file = SRRun01_grf.mot (nr=10005 nc=19)
[info] ExternalForce::RightGRF Data source being set to SRRun01_grf
[info] ExternalForce::LeftGRF Data source being set to SRRun01_grf
[info] Storage: read data file = SRRun01_grf.mot (nr=10005 nc=19)
[info] ExternalForce::RightGRF Data source being set to SRRun01_grf
[info] ExternalForce::LeftGRF Data source being set to SRRun01_grf
[info] Storage: read data file = SRRun01_grf.mot (nr=10005 nc=19)
[info] ExternalForce::RightGRF Data source being set to SRRun01_grf
[info] ExternalForce::LeftGRF Data source being set to SRRun01_grf
[info] Storage: read data file = SRRun01_grf.mot (nr=10005 nc=19)
[info] ExternalForce::RightGRF Data source being set to SRRun01_grf
[info] ExternalForce::LeftGRF Data source being set to SRRun01_grf
[info] Storage: read data file = SRRun01_grf.mot (nr=10005 nc=19)
[info] ExternalForce::RightGRF Data source being set to SRRun01_grf
[info] ExternalForce::LeftGRF Data source being set to SRRun01_grf
[info] Storage: read data file = SRRun01_grf.mot (nr=10005 nc=19)
[info] ExternalForce::RightGRF Data source being set to SRRun01_grf
[info] ExternalForce::LeftGRF Data source being set to SRRun01_grf
[info] Storage: read data file = SRRun01_grf.mot (nr=10005 nc=19)
[info] ExternalForce::RightGRF Data source being set to SRRun01_grf
[info] ExternalForce::LeftGRF Data source being set to SRRun01_grf
[info] Storage: read data file = SRRun01_grf.mot (nr=10005 nc=19)
[info] ExternalForce::RightGRF Data source being set to SRRun01_grf
[info] ExternalForce::LeftGRF Data source being set to SRRun01_grf
[info] Storage: read data file = SRRun01_grf.mot (nr=10005 nc=19)
[info] ExternalForce::RightGRF Data source being set to SRRun01_grf
[info] ExternalForce::LeftGRF Data source being set to SRRun01_grf
[info] Storage: read data file = SRRun01_grf.mot (nr=10005 nc=19)
[info] ExternalForce::RightGRF Data source being set to SRRun01_grf
[info] ExternalForce::LeftGRF Data source being set to SRRun01_grf
[info] Storage: read data file = SRRun01_grf.mot (nr=10005 nc=19)
[info] ExternalForce::RightGRF Data source being set to SRRun01_grf
[info] ExternalForce::LeftGRF Data source being set to SRRun01_grf
[info] Storage: read data file = SRRun01_grf.mot (nr=10005 nc=19)
[info] ExternalForce::RightGRF Data source being set to SRRun01_grf
[info] ExternalForce::LeftGRF Data source being set to SRRun01_grf
[info] Storage: read data file = SRRun01_grf.mot (nr=10005 nc=19)
[info] ExternalForce::RightGRF Data source being set to SRRun01_grf
[info] ExternalForce::LeftGRF Data source being set to SRRun01_grf
[info] Storage: read data file = SRRun01_grf.mot (nr=10005 nc=19)
[info] ExternalForce::RightGRF Data source being set to SRRun01_grf
[info] ExternalForce::LeftGRF Data source being set to SRRun01_grf
[info] Storage: read data file = SRRun01_grf.mot (nr=10005 nc=19)
[info] ExternalForce::RightGRF Data source being set to SRRun01_grf
[info] ExternalForce::LeftGRF Data source being set to SRRun01_grf
[info] Storage: read data file = SRRun01_grf.mot (nr=10005 nc=19)
[info] ExternalForce::RightGRF Data source being set to SRRun01_grf
[info] ExternalForce::LeftGRF Data source being set to SRRun01_grf
[info] Storage: read data file = SRRun01_grf.mot (nr=10005 nc=19)
[info] ExternalForce::RightGRF Data source being set to SRRun01_grf
[info] ExternalForce::LeftGRF Data source being set to SRRun01_grf
[info] Storage: read data file = SRRun01_grf.mot (nr=10005 nc=19)
[info] ExternalForce::RightGRF Data source being set to SRRun01_grf
[info] ExternalForce::LeftGRF Data source being set to SRRun01_grf
[info] Storage: read data file = SRRun01_grf.mot (nr=10005 nc=19)
[info] ExternalForce::RightGRF Data source being set to SRRun01_grf
[info] ExternalForce::LeftGRF Data source being set to SRRun01_grf
[info] Storage: read data file = SRRun01_grf.mot (nr=10005 nc=19)
[info] ExternalForce::RightGRF Data source being set to SRRun01_grf
[info] ExternalForce::LeftGRF Data source being set to SRRun01_grf
[info] Storage: read data file = SRRun01_grf.mot (nr=10005 nc=19)
[info] ExternalForce::RightGRF Data source being set to SRRun01_grf
[info] ExternalForce::LeftGRF Data source being set to SRRun01_grf
[info] Storage: read data file = SRRun01_grf.mot (nr=10005 nc=19)
[info] ExternalForce::RightGRF Data source being set to SRRun01_grf
[info] ExternalForce::LeftGRF Data source being set to SRRun01_grf
[info] Storage: read data file = SRRun01_grf.mot (nr=10005 nc=19)
[info] ExternalForce::RightGRF Data source being set to SRRun01_grf
[info] ExternalForce::LeftGRF Data source being set to SRRun01_grf
[info] Storage: read data file = SRRun01_grf.mot (nr=10005 nc=19)
[info] ExternalForce::RightGRF Data source being set to SRRun01_grf
[info] ExternalForce::LeftGRF Data source being set to SRRun01_grf
[info] Storage: read data file = SRRun01_grf.mot (nr=10005 nc=19)
[info] ExternalForce::RightGRF Data source being set to SRRun01_grf
[info] ExternalForce::LeftGRF Data source being set to SRRun01_grf
[info] Storage: read data file = SRRun01_grf.mot (nr=10005 nc=19)
[info] ExternalForce::RightGRF Data source being set to SRRun01_grf
[info] ExternalForce::LeftGRF Data source being set to SRRun01_grf
[info] Storage: read data file = SRRun01_grf.mot (nr=10005 nc=19)
[info] ExternalForce::RightGRF Data source being set to SRRun01_grf
[info] ExternalForce::LeftGRF Data source being set to SRRun01_grf
[info] Storage: read data file = SRRun01_grf.mot (nr=10005 nc=19)
[info] ExternalForce::RightGRF Data source being set to SRRun01_grf
[info] ExternalForce::LeftGRF Data source being set to SRRun01_grf
[info] Storage: read data file = SRRun01_grf.mot (nr=10005 nc=19)
[info] ExternalForce::RightGRF Data source being set to SRRun01_grf
[info] ExternalForce::LeftGRF Data source being set to SRRun01_grf
[info] Storage: read data file = SRRun01_grf.mot (nr=10005 nc=19)
[info] ExternalForce::RightGRF Data source being set to SRRun01_grf
[info] ExternalForce::LeftGRF Data source being set to SRRun01_grf
[info] Storage: read data file = SRRun01_grf.mot (nr=10005 nc=19)
[info] ExternalForce::RightGRF Data source being set to SRRun01_grf
[info] ExternalForce::LeftGRF Data source being set to SRRun01_grf
[info] Storage: read data file = SRRun01_grf.mot (nr=10005 nc=19)
[info] ExternalForce::RightGRF Data source being set to SRRun01_grf
[info] ExternalForce::LeftGRF Data source being set to SRRun01_grf
[info] Storage: read data file = SRRun01_grf.mot (nr=10005 nc=19)
[info] ExternalForce::RightGRF Data source being set to SRRun01_grf
[info] ExternalForce::LeftGRF Data source being set to SRRun01_grf
[info] Storage: read data file = SRRun01_grf.mot (nr=10005 nc=19)
[info] ExternalForce::RightGRF Data source being set to SRRun01_grf
[info] ExternalForce::LeftGRF Data source being set to SRRun01_grf
[info] Storage: read data file = SRRun01_grf.mot (nr=10005 nc=19)
[info] ExternalForce::RightGRF Data source being set to SRRun01_grf
[info] ExternalForce::LeftGRF Data source being set to SRRun01_grf
[info] Storage: read data file = SRRun01_grf.mot (nr=10005 nc=19)
[info] ExternalForce::RightGRF Data source being set to SRRun01_grf
[info] ExternalForce::LeftGRF Data source being set to SRRun01_grf
[info] Storage: read data file = SRRun01_grf.mot (nr=10005 nc=19)
[info] ExternalForce::RightGRF Data source being set to SRRun01_grf
[info] ExternalForce::LeftGRF Data source being set to SRRun01_grf
[info] Storage: read data file = SRRun01_grf.mot (nr=10005 nc=19)
[info] ExternalForce::RightGRF Data source being set to SRRun01_grf
[info] ExternalForce::LeftGRF Data source being set to SRRun01_grf
[info] Storage: read data file = SRRun01_grf.mot (nr=10005 nc=19)
[info] ExternalForce::RightGRF Data source being set to SRRun01_grf
[info] ExternalForce::LeftGRF Data source being set to SRRun01_grf
[info] Storage: read data file = SRRun01_grf.mot (nr=10005 nc=19)
[info] ExternalForce::RightGRF Data source being set to SRRun01_grf
[info] ExternalForce::LeftGRF Data source being set to SRRun01_grf
[info] Storage: read data file = SRRun01_grf.mot (nr=10005 nc=19)
[info] ExternalForce::RightGRF Data source being set to SRRun01_grf
[info] ExternalForce::LeftGRF Data source being set to SRRun01_grf
[info] Storage: read data file = SRRun01_grf.mot (nr=10005 nc=19)
[info] ExternalForce::RightGRF Data source being set to SRRun01_grf
[info] ExternalForce::LeftGRF Data source being set to SRRun01_grf
[info] Storage: read data file = SRRun01_grf.mot (nr=10005 nc=19)
[info] ExternalForce::RightGRF Data source being set to SRRun01_grf
[info] ExternalForce::LeftGRF Data source being set to SRRun01_grf
[info] Storage: read data file = SRRun01_grf.mot (nr=10005 nc=19)
[info] ExternalForce::RightGRF Data source being set to SRRun01_grf
[info] ExternalForce::LeftGRF Data source being set to SRRun01_grf
[info] Storage: read data file = SRRun01_grf.mot (nr=10005 nc=19)
[info] ExternalForce::RightGRF Data source being set to SRRun01_grf
[info] ExternalForce::LeftGRF Data source being set to SRRun01_grf
[info] Storage: read data file = SRRun01_grf.mot (nr=10005 nc=19)
[info] ExternalForce::RightGRF Data source being set to SRRun01_grf
[info] ExternalForce::LeftGRF Data source being set to SRRun01_grf
[info] Storage: read data file = SRRun01_grf.mot (nr=10005 nc=19)
[info] ExternalForce::RightGRF Data source being set to SRRun01_grf
[info] ExternalForce::LeftGRF Data source being set to SRRun01_grf
[info] Storage: read data file = SRRun01_grf.mot (nr=10005 nc=19)
[info] ExternalForce::RightGRF Data source being set to SRRun01_grf
[info] ExternalForce::LeftGRF Data source being set to SRRun01_grf
[info] Storage: read data file = SRRun01_grf.mot (nr=10005 nc=19)
[info] ExternalForce::RightGRF Data source being set to SRRun01_grf
[info] ExternalForce::LeftGRF Data source being set to SRRun01_grf
[info] Storage: read data file = SRRun01_grf.mot (nr=10005 nc=19)
[info] ExternalForce::RightGRF Data source being set to SRRun01_grf
[info] ExternalForce::LeftGRF Data source being set to SRRun01_grf
[info] Storage: read data file = SRRun01_grf.mot (nr=10005 nc=19)
[info] ExternalForce::RightGRF Data source being set to SRRun01_grf
[info] ExternalForce::LeftGRF Data source being set to SRRun01_grf
[info] Storage: read data file = SRRun01_grf.mot (nr=10005 nc=19)
[info] ExternalForce::RightGRF Data source being set to SRRun01_grf
[info] ExternalForce::LeftGRF Data source being set to SRRun01_grf
[info] Storage: read data file = SRRun01_grf.mot (nr=10005 nc=19)
[info] ExternalForce::RightGRF Data source being set to SRRun01_grf
[info] ExternalForce::LeftGRF Data source being set to SRRun01_grf
[info] Storage: read data file = SRRun01_grf.mot (nr=10005 nc=19)
[info] ExternalForce::RightGRF Data source being set to SRRun01_grf
[info] ExternalForce::LeftGRF Data source being set to SRRun01_grf
[info] Storage: read data file = SRRun01_grf.mot (nr=10005 nc=19)
[info] ExternalForce::RightGRF Data source being set to SRRun01_grf
[info] ExternalForce::LeftGRF Data source being set to SRRun01_grf
[info] Storage: read data file = SRRun01_grf.mot (nr=10005 nc=19)
[info] ExternalForce::RightGRF Data source being set to SRRun01_grf
[info] ExternalForce::LeftGRF Data source being set to SRRun01_grf
[info] Storage: read data file = SRRun01_grf.mot (nr=10005 nc=19)
[info] ExternalForce::RightGRF Data source being set to SRRun01_grf
[info] ExternalForce::LeftGRF Data source being set to SRRun01_grf
[info] Storage: read data file = SRRun01_grf.mot (nr=10005 nc=19)
[info] ExternalForce::RightGRF Data source being set to SRRun01_grf
[info] ExternalForce::LeftGRF Data source being set to SRRun01_grf
[info] Storage: read data file = SRRun01_grf.mot (nr=10005 nc=19)
[info] ExternalForce::RightGRF Data source being set to SRRun01_grf
[info] ExternalForce::LeftGRF Data source being set to SRRun01_grf
[info] Storage: read data file = SRRun01_grf.mot (nr=10005 nc=19)
[info] ExternalForce::RightGRF Data source being set to SRRun01_grf
[info] ExternalForce::LeftGRF Data source being set to SRRun01_grf
[info] Storage: read data file = SRRun01_grf.mot (nr=10005 nc=19)
[info] ExternalForce::RightGRF Data source being set to SRRun01_grf
[info] ExternalForce::LeftGRF Data source being set to SRRun01_grf
[info] Storage: read data file = SRRun01_grf.mot (nr=10005 nc=19)
[info] ExternalForce::RightGRF Data source being set to SRRun01_grf
[info] ExternalForce::LeftGRF Data source being set to SRRun01_grf
[info] Storage: read data file = SRRun01_grf.mot (nr=10005 nc=19)
[info] ExternalForce::RightGRF Data source being set to SRRun01_grf
[info] ExternalForce::LeftGRF Data source being set to SRRun01_grf
[info] Storage: read data file = SRRun01_grf.mot (nr=10005 nc=19)
[info] ExternalForce::RightGRF Data source being set to SRRun01_grf
[info] ExternalForce::LeftGRF Data source being set to SRRun01_grf
[info] Storage: read data file = SRRun01_grf.mot (nr=10005 nc=19)
[info] ExternalForce::RightGRF Data source being set to SRRun01_grf
[info] ExternalForce::LeftGRF Data source being set to SRRun01_grf
[info] Storage: read data file = SRRun01_grf.mot (nr=10005 nc=19)
[info] ExternalForce::RightGRF Data source being set to SRRun01_grf
[info] ExternalForce::LeftGRF Data source being set to SRRun01_grf
[info] Storage: read data file = SRRun01_grf.mot (nr=10005 nc=19)
[info] ExternalForce::RightGRF Data source being set to SRRun01_grf
[info] ExternalForce::LeftGRF Data source being set to SRRun01_grf
[info] Storage: read data file = SRRun01_grf.mot (nr=10005 nc=19)
[info] ExternalForce::RightGRF Data source being set to SRRun01_grf
[info] ExternalForce::LeftGRF Data source being set to SRRun01_grf
[info] Storage: read data file = SRRun01_grf.mot (nr=10005 nc=19)
[info] ExternalForce::RightGRF Data source being set to SRRun01_grf
[info] ExternalForce::LeftGRF Data source being set to SRRun01_grf
[info] Storage: read data file = SRRun01_grf.mot (nr=10005 nc=19)
[info] ExternalForce::RightGRF Data source being set to SRRun01_grf
[info] ExternalForce::LeftGRF Data source being set to SRRun01_grf
[info] Storage: read data file = SRRun01_grf.mot (nr=10005 nc=19)
[info] ExternalForce::RightGRF Data source being set to SRRun01_grf
[info] ExternalForce::LeftGRF Data source being set to SRRun01_grf
[info] Storage: read data file = SRRun01_grf.mot (nr=10005 nc=19)
[info] ExternalForce::RightGRF Data source being set to SRRun01_grf
[info] ExternalForce::LeftGRF Data source being set to SRRun01_grf
[info] Storage: read data file = SRRun01_grf.mot (nr=10005 nc=19)
[info] ExternalForce::RightGRF Data source being set to SRRun01_grf
[info] ExternalForce::LeftGRF Data source being set to SRRun01_grf
[info] Storage: read data file = SRRun01_grf.mot (nr=10005 nc=19)
[info] ExternalForce::RightGRF Data source being set to SRRun01_grf
[info] ExternalForce::LeftGRF Data source being set to SRRun01_grf
[info] Storage: read data file = SRRun01_grf.mot (nr=10005 nc=19)
[info] ExternalForce::RightGRF Data source being set to SRRun01_grf
[info] ExternalForce::LeftGRF Data source being set to SRRun01_grf
[info] Storage: read data file = SRRun01_grf.mot (nr=10005 nc=19)
[info] ExternalForce::RightGRF Data source being set to SRRun01_grf
[info] ExternalForce::LeftGRF Data source being set to SRRun01_grf
[info] Storage: read data file = SRRun01_grf.mot (nr=10005 nc=19)
[info] ExternalForce::RightGRF Data source being set to SRRun01_grf
[info] ExternalForce::LeftGRF Data source being set to SRRun01_grf
[info] Storage: read data file = SRRun01_grf.mot (nr=10005 nc=19)
[info] ExternalForce::RightGRF Data source being set to SRRun01_grf
[info] ExternalForce::LeftGRF Data source being set to SRRun01_grf
[info] Storage: read data file = SRRun01_grf.mot (nr=10005 nc=19)
[info] ExternalForce::RightGRF Data source being set to SRRun01_grf
[info] ExternalForce::LeftGRF Data source being set to SRRun01_grf
[info] Storage: read data file = SRRun01_grf.mot (nr=10005 nc=19)
[info] ExternalForce::RightGRF Data source being set to SRRun01_grf
[info] ExternalForce::LeftGRF Data source being set to SRRun01_grf
[info] Storage: read data file = SRRun01_grf.mot (nr=10005 nc=19)
[info] ExternalForce::RightGRF Data source being set to SRRun01_grf
[info] ExternalForce::LeftGRF Data source being set to SRRun01_grf
[info] Storage: read data file = SRRun01_grf.mot (nr=10005 nc=19)
[info] ExternalForce::RightGRF Data source being set to SRRun01_grf
[info] ExternalForce::LeftGRF Data source being set to SRRun01_grf
[info] Storage: read data file = SRRun01_grf.mot (nr=10005 nc=19)
[info] ExternalForce::RightGRF Data source being set to SRRun01_grf
[info] ExternalForce::LeftGRF Data source being set to SRRun01_grf
[info] Storage: read data file = SRRun01_grf.mot (nr=10005 nc=19)
[info] ExternalForce::RightGRF Data source being set to SRRun01_grf
[info] ExternalForce::LeftGRF Data source being set to SRRun01_grf
[info] Storage: read data file = SRRun01_grf.mot (nr=10005 nc=19)
[info] ExternalForce::RightGRF Data source being set to SRRun01_grf
[info] ExternalForce::LeftGRF Data source being set to SRRun01_grf
[info] Storage: read data file = SRRun01_grf.mot (nr=10005 nc=19)
[info] ExternalForce::RightGRF Data source being set to SRRun01_grf
[info] ExternalForce::LeftGRF Data source being set to SRRun01_grf
[info] Storage: read data file = SRRun01_grf.mot (nr=10005 nc=19)
[info] ExternalForce::RightGRF Data source being set to SRRun01_grf
[info] ExternalForce::LeftGRF Data source being set to SRRun01_grf
[info] Storage: read data file = SRRun01_grf.mot (nr=10005 nc=19)
[info] ExternalForce::RightGRF Data source being set to SRRun01_grf
[info] ExternalForce::LeftGRF Data source being set to SRRun01_grf
[info] Storage: read data file = SRRun01_grf.mot (nr=10005 nc=19)
[info] ExternalForce::RightGRF Data source being set to SRRun01_grf
[info] ExternalForce::LeftGRF Data source being set to SRRun01_grf
[info] Storage: read data file = SRRun01_grf.mot (nr=10005 nc=19)
[info] ExternalForce::RightGRF Data source being set to SRRun01_grf
[info] ExternalForce::LeftGRF Data source being set to SRRun01_grf
[info] Storage: read data file = SRRun01_grf.mot (nr=10005 nc=19)
[info] ExternalForce::RightGRF Data source being set to SRRun01_grf
[info] ExternalForce::LeftGRF Data source being set to SRRun01_grf
[info] Storage: read data file = SRRun01_grf.mot (nr=10005 nc=19)
[info] ExternalForce::RightGRF Data source being set to SRRun01_grf
[info] ExternalForce::LeftGRF Data source being set to SRRun01_grf
[info] Storage: read data file = SRRun01_grf.mot (nr=10005 nc=19)
[info] ExternalForce::RightGRF Data source being set to SRRun01_grf
[info] ExternalForce::LeftGRF Data source being set to SRRun01_grf
[info] Storage: read data file = SRRun01_grf.mot (nr=10005 nc=19)
[info] ExternalForce::RightGRF Data source being set to SRRun01_grf
[info] ExternalForce::LeftGRF Data source being set to SRRun01_grf
[info] Storage: read data file = SRRun01_grf.mot (nr=10005 nc=19)
[info] ExternalForce::RightGRF Data source being set to SRRun01_grf
[info] ExternalForce::LeftGRF Data source being set to SRRun01_grf
[info] Storage: read data file = SRRun01_grf.mot (nr=10005 nc=19)
[info] ExternalForce::RightGRF Data source being set to SRRun01_grf
[info] ExternalForce::LeftGRF Data source being set to SRRun01_grf
[info] Storage: read data file = SRRun01_grf.mot (nr=10005 nc=19)
[info] ExternalForce::RightGRF Data source being set to SRRun01_grf
[info] ExternalForce::LeftGRF Data source being set to SRRun01_grf
[info] Storage: read data file = SRRun01_grf.mot (nr=10005 nc=19)
[info] ExternalForce::RightGRF Data source being set to SRRun01_grf
[info] ExternalForce::LeftGRF Data source being set to SRRun01_grf
[info] Storage: read data file = SRRun01_grf.mot (nr=10005 nc=19)
[info] ExternalForce::RightGRF Data source being set to SRRun01_grf
[info] ExternalForce::LeftGRF Data source being set to SRRun01_grf
[info] Storage: read data file = SRRun01_grf.mot (nr=10005 nc=19)
[info] ExternalForce::RightGRF Data source being set to SRRun01_grf
[info] ExternalForce::LeftGRF Data source being set to SRRun01_grf
[info] Storage: read data file = SRRun01_grf.mot (nr=10005 nc=19)
[info] ExternalForce::RightGRF Data source being set to SRRun01_grf
[info] ExternalForce::LeftGRF Data source being set to SRRun01_grf
[info] Storage: read data file = SRRun01_grf.mot (nr=10005 nc=19)
[info] ExternalForce::RightGRF Data source being set to SRRun01_grf
[info] ExternalForce::LeftGRF Data source being set to SRRun01_grf
[info] Storage: read data file = SRRun01_grf.mot (nr=10005 nc=19)
[info] ExternalForce::RightGRF Data source being set to SRRun01_grf
[info] ExternalForce::LeftGRF Data source being set to SRRun01_grf
[info] Storage: read data file = SRRun01_grf.mot (nr=10005 nc=19)
[info] ExternalForce::RightGRF Data source being set to SRRun01_grf
[info] ExternalForce::LeftGRF Data source being set to SRRun01_grf
[info] Storage: read data file = SRRun01_grf.mot (nr=10005 nc=19)
[info] ExternalForce::RightGRF Data source being set to SRRun01_grf
[info] ExternalForce::LeftGRF Data source being set to SRRun01_grf
[info] Storage: read data file = SRRun01_grf.mot (nr=10005 nc=19)
[info] ExternalForce::RightGRF Data source being set to SRRun01_grf
[info] ExternalForce::LeftGRF Data source being set to SRRun01_grf
[info] Storage: read data file = SRRun01_grf.mot (nr=10005 nc=19)
[info] ExternalForce::RightGRF Data source being set to SRRun01_grf
[info] ExternalForce::LeftGRF Data source being set to SRRun01_grf
[info] Storage: read data file = SRRun01_grf.mot (nr=10005 nc=19)
[info] ExternalForce::RightGRF Data source being set to SRRun01_grf
[info] ExternalForce::LeftGRF Data source being set to SRRun01_grf
[info] Storage: read data file = SRRun01_grf.mot (nr=10005 nc=19)
[info] ExternalForce::RightGRF Data source being set to SRRun01_grf
[info] ExternalForce::LeftGRF Data source being set to SRRun01_grf
[info] Storage: read data file = SRRun01_grf.mot (nr=10005 nc=19)
[info] ExternalForce::RightGRF Data source being set to SRRun01_grf
[info] ExternalForce::LeftGRF Data source being set to SRRun01_grf
[info] Storage: read data file = SRRun01_grf.mot (nr=10005 nc=19)
[info] ExternalForce::RightGRF Data source being set to SRRun01_grf
[info] ExternalForce::LeftGRF Data source being set to SRRun01_grf
[info] Storage: read data file = SRRun01_grf.mot (nr=10005 nc=19)
[info] ExternalForce::RightGRF Data source being set to SRRun01_grf
[info] ExternalForce::LeftGRF Data source being set to SRRun01_grf
[info] Storage: read data file = SRRun01_grf.mot (nr=10005 nc=19)
[info] ExternalForce::RightGRF Data source being set to SRRun01_grf
[info] ExternalForce::LeftGRF Data source being set to SRRun01_grf
[info] Storage: read data file = SRRun01_grf.mot (nr=10005 nc=19)
[info] ExternalForce::RightGRF Data source being set to SRRun01_grf
[info] ExternalForce::LeftGRF Data source being set to SRRun01_grf
[info] Storage: read data file = SRRun01_grf.mot (nr=10005 nc=19)
[info] ExternalForce::RightGRF Data source being set to SRRun01_grf
[info] ExternalForce::LeftGRF Data source being set to SRRun01_grf
[info] Storage: read data file = SRRun01_grf.mot (nr=10005 nc=19)
[info] ExternalForce::RightGRF Data source being set to SRRun01_grf
[info] ExternalForce::LeftGRF Data source being set to SRRun01_grf
[info] Storage: read data file = SRRun01_grf.mot (nr=10005 nc=19)
[info] ExternalForce::RightGRF Data source being set to SRRun01_grf
[info] ExternalForce::LeftGRF Data source being set to SRRun01_grf
[info] Storage: read data file = SRRun01_grf.mot (nr=10005 nc=19)
[info] ExternalForce::RightGRF Data source being set to SRRun01_grf
[info] ExternalForce::LeftGRF Data source being set to SRRun01_grf
[info] Storage: read data file = SRRun01_grf.mot (nr=10005 nc=19)
[info] ExternalForce::RightGRF Data source being set to SRRun01_grf
[info] ExternalForce::LeftGRF Data source being set to SRRun01_grf
[info] Storage: read data file = SRRun01_grf.mot (nr=10005 nc=19)
[info] ExternalForce::RightGRF Data source being set to SRRun01_grf
[info] ExternalForce::LeftGRF Data source being set to SRRun01_grf
[info] Storage: read data file = SRRun01_grf.mot (nr=10005 nc=19)
[info] ExternalForce::RightGRF Data source being set to SRRun01_grf
[info] ExternalForce::LeftGRF Data source being set to SRRun01_grf
[info] Storage: read data file = SRRun01_grf.mot (nr=10005 nc=19)
[info] ExternalForce::RightGRF Data source being set to SRRun01_grf
[info] ExternalForce::LeftGRF Data source being set to SRRun01_grf
[info] Storage: read data file = SRRun01_grf.mot (nr=10005 nc=19)
[info] ExternalForce::RightGRF Data source being set to SRRun01_grf
[info] ExternalForce::LeftGRF Data source being set to SRRun01_grf
[info] Storage: read data file = SRRun01_grf.mot (nr=10005 nc=19)
[info] ExternalForce::RightGRF Data source being set to SRRun01_grf
[info] ExternalForce::LeftGRF Data source being set to SRRun01_grf
[info] Storage: read data file = SRRun01_grf.mot (nr=10005 nc=19)
[info] ExternalForce::RightGRF Data source being set to SRRun01_grf
[info] ExternalForce::LeftGRF Data source being set to SRRun01_grf
[info] Storage: read data file = SRRun01_grf.mot (nr=10005 nc=19)
[info] ExternalForce::RightGRF Data source being set to SRRun01_grf
[info] ExternalForce::LeftGRF Data source being set to SRRun01_grf
[info] Storage: read data file = SRRun01_grf.mot (nr=10005 nc=19)
[info] ExternalForce::RightGRF Data source being set to SRRun01_grf
[info] ExternalForce::LeftGRF Data source being set to SRRun01_grf
[info] Storage: read data file = SRRun01_grf.mot (nr=10005 nc=19)
[info] ExternalForce::RightGRF Data source being set to SRRun01_grf
[info] ExternalForce::LeftGRF Data source being set to SRRun01_grf
[info] Storage: read data file = SRRun01_grf.mot (nr=10005 nc=19)
[info] ExternalForce::RightGRF Data source being set to SRRun01_grf
[info] ExternalForce::LeftGRF Data source being set to SRRun01_grf
[info] Storage: read data file = SRRun01_grf.mot (nr=10005 nc=19)
[info] ExternalForce::RightGRF Data source being set to SRRun01_grf
[info] ExternalForce::LeftGRF Data source being set to SRRun01_grf
[info] Storage: read data file = SRRun01_grf.mot (nr=10005 nc=19)
[info] ExternalForce::RightGRF Data source being set to SRRun01_grf
[info] ExternalForce::LeftGRF Data source being set to SRRun01_grf
[info] Storage: read data file = SRRun01_grf.mot (nr=10005 nc=19)
[info] ExternalForce::RightGRF Data source being set to SRRun01_grf
[info] ExternalForce::LeftGRF Data source being set to SRRun01_grf
[info] Storage: read data file = SRRun01_grf.mot (nr=10005 nc=19)
[info] ExternalForce::RightGRF Data source being set to SRRun01_grf
[info] ExternalForce::LeftGRF Data source being set to SRRun01_grf
[info] Storage: read data file = SRRun01_grf.mot (nr=10005 nc=19)
[info] ExternalForce::RightGRF Data source being set to SRRun01_grf
[info] ExternalForce::LeftGRF Data source being set to SRRun01_grf
[info] Storage: read data file = SRRun01_grf.mot (nr=10005 nc=19)
[info] ExternalForce::RightGRF Data source being set to SRRun01_grf
[info] ExternalForce::LeftGRF Data source being set to SRRun01_grf
[info] Storage: read data file = SRRun01_grf.mot (nr=10005 nc=19)
[info] ExternalForce::RightGRF Data source being set to SRRun01_grf
[info] ExternalForce::LeftGRF Data source being set to SRRun01_grf
[info] Storage: read data file = SRRun01_grf.mot (nr=10005 nc=19)
[info] ExternalForce::RightGRF Data source being set to SRRun01_grf
[info] ExternalForce::LeftGRF Data source being set to SRRun01_grf
[info] Storage: read data file = SRRun01_grf.mot (nr=10005 nc=19)
[info] ExternalForce::RightGRF Data source being set to SRRun01_grf
[info] ExternalForce::LeftGRF Data source being set to SRRun01_grf
[info] Storage: read data file = SRRun01_grf.mot (nr=10005 nc=19)
[info] ExternalForce::RightGRF Data source being set to SRRun01_grf
[info] ExternalForce::LeftGRF Data source being set to SRRun01_grf
[info] Storage: read data file = SRRun01_grf.mot (nr=10005 nc=19)
[info] ExternalForce::RightGRF Data source being set to SRRun01_grf
[info] ExternalForce::LeftGRF Data source being set to SRRun01_grf
[info] Storage: read data file = SRRun01_grf.mot (nr=10005 nc=19)
[info] ExternalForce::RightGRF Data source being set to SRRun01_grf
[info] ExternalForce::LeftGRF Data source being set to SRRun01_grf
[info] Storage: read data file = SRRun01_grf.mot (nr=10005 nc=19)
[info] ExternalForce::RightGRF Data source being set to SRRun01_grf
[info] ExternalForce::LeftGRF Data source being set to SRRun01_grf
[info] Storage: read data file = SRRun01_grf.mot (nr=10005 nc=19)
[info] ExternalForce::RightGRF Data source being set to SRRun01_grf
[info] ExternalForce::LeftGRF Data source being set to SRRun01_grf
[info] Storage: read data file = SRRun01_grf.mot (nr=10005 nc=19)
[info] ExternalForce::RightGRF Data source being set to SRRun01_grf
[info] ExternalForce::LeftGRF Data source being set to SRRun01_grf
[info] Storage: read data file = SRRun01_grf.mot (nr=10005 nc=19)
[info] ExternalForce::RightGRF Data source being set to SRRun01_grf
[info] ExternalForce::LeftGRF Data source being set to SRRun01_grf
[info] Storage: read data file = SRRun01_grf.mot (nr=10005 nc=19)
[info] ExternalForce::RightGRF Data source being set to SRRun01_grf
[info] ExternalForce::LeftGRF Data source being set to SRRun01_grf
[info] Storage: read data file = SRRun01_grf.mot (nr=10005 nc=19)
[info] ExternalForce::RightGRF Data source being set to SRRun01_grf
[info] ExternalForce::LeftGRF Data source being set to SRRun01_grf
[info] Storage: read data file = SRRun01_grf.mot (nr=10005 nc=19)
[info] ExternalForce::RightGRF Data source being set to SRRun01_grf
[info] ExternalForce::LeftGRF Data source being set to SRRun01_grf
[info] Storage: read data file = SRRun01_grf.mot (nr=10005 nc=19)
[info] ExternalForce::RightGRF Data source being set to SRRun01_grf
[info] ExternalForce::LeftGRF Data source being set to SRRun01_grf
[info] Storage: read data file = SRRun01_grf.mot (nr=10005 nc=19)
[info] ExternalForce::RightGRF Data source being set to SRRun01_grf
[info] ExternalForce::LeftGRF Data source being set to SRRun01_grf
[info] Storage: read data file = SRRun01_grf.mot (nr=10005 nc=19)
[info] ExternalForce::RightGRF Data source being set to SRRun01_grf
[info] ExternalForce::LeftGRF Data source being set to SRRun01_grf
[info] Storage: read data file = SRRun01_grf.mot (nr=10005 nc=19)
[info] ExternalForce::RightGRF Data source being set to SRRun01_grf
[info] ExternalForce::LeftGRF Data source being set to SRRun01_grf
[info] Storage: read data file = SRRun01_grf.mot (nr=10005 nc=19)
[info] ExternalForce::RightGRF Data source being set to SRRun01_grf
[info] ExternalForce::LeftGRF Data source being set to SRRun01_grf
[info] Storage: read data file = SRRun01_grf.mot (nr=10005 nc=19)
[info] ExternalForce::RightGRF Data source being set to SRRun01_grf
[info] ExternalForce::LeftGRF Data source being set to SRRun01_grf
[info] Storage: read data file = SRRun01_grf.mot (nr=10005 nc=19)
[info] ExternalForce::RightGRF Data source being set to SRRun01_grf
[info] ExternalForce::LeftGRF Data source being set to SRRun01_grf
[info] Storage: read data file = SRRun01_grf.mot (nr=10005 nc=19)
[info] ExternalForce::RightGRF Data source being set to SRRun01_grf
[info] ExternalForce::LeftGRF Data source being set to SRRun01_grf
[info] Storage: read data file = SRRun01_grf.mot (nr=10005 nc=19)
[info] ExternalForce::RightGRF Data source being set to SRRun01_grf
[info] ExternalForce::LeftGRF Data source being set to SRRun01_grf
[info] Storage: read data file = SRRun01_grf.mot (nr=10005 nc=19)
[info] ExternalForce::RightGRF Data source being set to SRRun01_grf
[info] ExternalForce::LeftGRF Data source being set to SRRun01_grf
[info] Storage: read data file = SRRun01_grf.mot (nr=10005 nc=19)
[info] ExternalForce::RightGRF Data source being set to SRRun01_grf
[info] ExternalForce::LeftGRF Data source being set to SRRun01_grf
[info] Storage: read data file = SRRun01_grf.mot (nr=10005 nc=19)
[info] ExternalForce::RightGRF Data source being set to SRRun01_grf
[info] ExternalForce::LeftGRF Data source being set to SRRun01_grf
[info] Storage: read data file = SRRun01_grf.mot (nr=10005 nc=19)
[info] ExternalForce::RightGRF Data source being set to SRRun01_grf
[info] ExternalForce::LeftGRF Data source being set to SRRun01_grf
[info] Storage: read data file = SRRun01_grf.mot (nr=10005 nc=19)
[info] ExternalForce::RightGRF Data source being set to SRRun01_grf
[info] ExternalForce::LeftGRF Data source being set to SRRun01_grf
[info] Storage: read data file = SRRun01_grf.mot (nr=10005 nc=19)
[info] ExternalForce::RightGRF Data source being set to SRRun01_grf
[info] ExternalForce::LeftGRF Data source being set to SRRun01_grf
[info] Storage: read data file = SRRun01_grf.mot (nr=10005 nc=19)
[info] ExternalForce::RightGRF Data source being set to SRRun01_grf
[info] ExternalForce::LeftGRF Data source being set to SRRun01_grf
[info] Storage: read data file = SRRun01_grf.mot (nr=10005 nc=19)
[info] ExternalForce::RightGRF Data source being set to SRRun01_grf
[info] ExternalForce::LeftGRF Data source being set to SRRun01_grf
[info] Storage: read data file = SRRun01_grf.mot (nr=10005 nc=19)
[info] ExternalForce::RightGRF Data source being set to SRRun01_grf
[info] ExternalForce::LeftGRF Data source being set to SRRun01_grf
[info] Storage: read data file = SRRun01_grf.mot (nr=10005 nc=19)
[info] ExternalForce::RightGRF Data source being set to SRRun01_grf
[info] ExternalForce::LeftGRF Data source being set to SRRun01_grf
[info] Storage: read data file = SRRun01_grf.mot (nr=10005 nc=19)
[info] ExternalForce::RightGRF Data source being set to SRRun01_grf
[info] ExternalForce::LeftGRF Data source being set to SRRun01_grf
[info] Storage: read data file = SRRun01_grf.mot (nr=10005 nc=19)
[info] ExternalForce::RightGRF Data source being set to SRRun01_grf
[info] ExternalForce::LeftGRF Data source being set to SRRun01_grf
[info] Storage: read data file = SRRun01_grf.mot (nr=10005 nc=19)
[info] ExternalForce::RightGRF Data source being set to SRRun01_grf
[info] ExternalForce::LeftGRF Data source being set to SRRun01_grf
[info] Storage: read data file = SRRun01_grf.mot (nr=10005 nc=19)
[info] ExternalForce::RightGRF Data source being set to SRRun01_grf
[info] ExternalForce::LeftGRF Data source being set to SRRun01_grf
[info] Storage: read data file = SRRun01_grf.mot (nr=10005 nc=19)
[info] ExternalForce::RightGRF Data source being set to SRRun01_grf
[info] ExternalForce::LeftGRF Data source being set to SRRun01_grf
[info] Storage: read data file = SRRun01_grf.mot (nr=10005 nc=19)
[info] ExternalForce::RightGRF Data source being set to SRRun01_grf
[info] ExternalForce::LeftGRF Data source being set to SRRun01_grf
[info] Storage: read data file = SRRun01_grf.mot (nr=10005 nc=19)
[info] ExternalForce::RightGRF Data source being set to SRRun01_grf
[info] ExternalForce::LeftGRF Data source being set to SRRun01_grf
[info] Storage: read data file = SRRun01_grf.mot (nr=10005 nc=19)
[info] ExternalForce::RightGRF Data source being set to SRRun01_grf
[info] ExternalForce::LeftGRF Data source being set to SRRun01_grf
[info] Storage: read data file = SRRun01_grf.mot (nr=10005 nc=19)
[info] ExternalForce::RightGRF Data source being set to SRRun01_grf
[info] ExternalForce::LeftGRF Data source being set to SRRun01_grf
[info] Storage: read data file = SRRun01_grf.mot (nr=10005 nc=19)
[info] ExternalForce::RightGRF Data source being set to SRRun01_grf
[info] ExternalForce::LeftGRF Data source being set to SRRun01_grf
[info] Storage: read data file = SRRun01_grf.mot (nr=10005 nc=19)
[info] ExternalForce::RightGRF Data source being set to SRRun01_grf
[info] ExternalForce::LeftGRF Data source being set to SRRun01_grf
[info] Storage: read data file = SRRun01_grf.mot (nr=10005 nc=19)
[info] ExternalForce::RightGRF Data source being set to SRRun01_grf
[info] ExternalForce::LeftGRF Data source being set to SRRun01_grf
[info] Storage: read data file = SRRun01_grf.mot (nr=10005 nc=19)
[info] ExternalForce::RightGRF Data source being set to SRRun01_grf
[info] ExternalForce::LeftGRF Data source being set to SRRun01_grf
[info] Storage: read data file = SRRun01_grf.mot (nr=10005 nc=19)
[info] ExternalForce::RightGRF Data source being set to SRRun01_grf
[info] ExternalForce::LeftGRF Data source being set to SRRun01_grf
[info] Storage: read data file = SRRun01_grf.mot (nr=10005 nc=19)
[info] ExternalForce::RightGRF Data source being set to SRRun01_grf
[info] ExternalForce::LeftGRF Data source being set to SRRun01_grf
[info] Storage: read data file = SRRun01_grf.mot (nr=10005 nc=19)
[info] ExternalForce::RightGRF Data source being set to SRRun01_grf
[info] ExternalForce::LeftGRF Data source being set to SRRun01_grf
[info] Storage: read data file = SRRun01_grf.mot (nr=10005 nc=19)
[info] ExternalForce::RightGRF Data source being set to SRRun01_grf
[info] ExternalForce::LeftGRF Data source being set to SRRun01_grf
[info] Storage: read data file = SRRun01_grf.mot (nr=10005 nc=19)
[info] ExternalForce::RightGRF Data source being set to SRRun01_grf
[info] ExternalForce::LeftGRF Data source being set to SRRun01_grf
[info] Storage: read data file = SRRun01_grf.mot (nr=10005 nc=19)
[info] ExternalForce::RightGRF Data source being set to SRRun01_grf
[info] ExternalForce::LeftGRF Data source being set to SRRun01_grf
[info] Storage: read data file = SRRun01_grf.mot (nr=10005 nc=19)
[info] ExternalForce::RightGRF Data source being set to SRRun01_grf
[info] ExternalForce::LeftGRF Data source being set to SRRun01_grf
[info] Storage: read data file = SRRun01_grf.mot (nr=10005 nc=19)
[info] ExternalForce::RightGRF Data source being set to SRRun01_grf
[info] ExternalForce::LeftGRF Data source being set to SRRun01_grf
[info] Storage: read data file = SRRun01_grf.mot (nr=10005 nc=19)
[info] ExternalForce::RightGRF Data source being set to SRRun01_grf
[info] ExternalForce::LeftGRF Data source being set to SRRun01_grf
[info] Storage: read data file = SRRun01_grf.mot (nr=10005 nc=19)
[info] ExternalForce::RightGRF Data source being set to SRRun01_grf
[info] ExternalForce::LeftGRF Data source being set to SRRun01_grf
[info] Storage: read data file = SRRun01_grf.mot (nr=10005 nc=19)
[info] ExternalForce::RightGRF Data source being set to SRRun01_grf
[info] ExternalForce::LeftGRF Data source being set to SRRun01_grf
[info] Storage: read data file = SRRun01_grf.mot (nr=10005 nc=19)
[info] ExternalForce::RightGRF Data source being set to SRRun01_grf
[info] ExternalForce::LeftGRF Data source being set to SRRun01_grf
[info] Storage: read data file = SRRun01_grf.mot (nr=10005 nc=19)
[info] ExternalForce::RightGRF Data source being set to SRRun01_grf
[info] ExternalForce::LeftGRF Data source being set to SRRun01_grf
[info] Storage: read data file = SRRun01_grf.mot (nr=10005 nc=19)
[info] ExternalForce::RightGRF Data source being set to SRRun01_grf
[info] ExternalForce::LeftGRF Data source being set to SRRun01_grf
[info] Storage: read data file = SRRun01_grf.mot (nr=10005 nc=19)
[info] ExternalForce::RightGRF Data source being set to SRRun01_grf
[info] ExternalForce::LeftGRF Data source being set to SRRun01_grf
[info] Storage: read data file = SRRun01_grf.mot (nr=10005 nc=19)
[info] ExternalForce::RightGRF Data source being set to SRRun01_grf
[info] ExternalForce::LeftGRF Data source being set to SRRun01_grf
[info] Storage: read data file = SRRun01_grf.mot (nr=10005 nc=19)
[info] ExternalForce::RightGRF Data source being set to SRRun01_grf
[info] ExternalForce::LeftGRF Data source being set to SRRun01_grf
[info] Storage: read data file = SRRun01_grf.mot (nr=10005 nc=19)
[info] ExternalForce::RightGRF Data source being set to SRRun01_grf
[info] ExternalForce::LeftGRF Data source being set to SRRun01_grf
[info] Storage: read data file = SRRun01_grf.mot (nr=10005 nc=19)
[info] ExternalForce::RightGRF Data source being set to SRRun01_grf
[info] ExternalForce::LeftGRF Data source being set to SRRun01_grf
[info] Storage: read data file = SRRun01_grf.mot (nr=10005 nc=19)
[info] ExternalForce::RightGRF Data source being set to SRRun01_grf
[info] ExternalForce::LeftGRF Data source being set to SRRun01_grf
[info] Storage: read data file = SRRun01_grf.mot (nr=10005 nc=19)
[info] ExternalForce::RightGRF Data source being set to SRRun01_grf
[info] ExternalForce::LeftGRF Data source being set to SRRun01_grf
[info] Storage: read data file = SRRun01_grf.mot (nr=10005 nc=19)
[info] ExternalForce::RightGRF Data source being set to SRRun01_grf
[info] ExternalForce::LeftGRF Data source being set to SRRun01_grf
[info] Storage: read data file = SRRun01_grf.mot (nr=10005 nc=19)
[info] ExternalForce::RightGRF Data source being set to SRRun01_grf
[info] ExternalForce::LeftGRF Data source being set to SRRun01_grf
[info] Storage: read data file = SRRun01_grf.mot (nr=10005 nc=19)
[info] ExternalForce::RightGRF Data source being set to SRRun01_grf
[info] ExternalForce::LeftGRF Data source being set to SRRun01_grf
[info] Storage: read data file = SRRun01_grf.mot (nr=10005 nc=19)
[info] ExternalForce::RightGRF Data source being set to SRRun01_grf
[info] ExternalForce::LeftGRF Data source being set to SRRun01_grf
[info] Storage: read data file = SRRun01_grf.mot (nr=10005 nc=19)
[info] ExternalForce::RightGRF Data source being set to SRRun01_grf
[info] ExternalForce::LeftGRF Data source being set to SRRun01_grf
[info] Storage: read data file = SRRun01_grf.mot (nr=10005 nc=19)
[info] ExternalForce::RightGRF Data source being set to SRRun01_grf
[info] ExternalForce::LeftGRF Data source being set to SRRun01_grf
[info] Storage: read data file = SRRun01_grf.mot (nr=10005 nc=19)
[info] ExternalForce::RightGRF Data source being set to SRRun01_grf
[info] ExternalForce::LeftGRF Data source being set to SRRun01_grf
[info] Storage: read data file = SRRun01_grf.mot (nr=10005 nc=19)
[info] ExternalForce::RightGRF Data source being set to SRRun01_grf
[info] ExternalForce::LeftGRF Data source being set to SRRun01_grf
[info] Storage: read data file = SRRun01_grf.mot (nr=10005 nc=19)
[info] ExternalForce::RightGRF Data source being set to SRRun01_grf
[info] ExternalForce::LeftGRF Data source being set to SRRun01_grf
[info] Storage: read data file = SRRun01_grf.mot (nr=10005 nc=19)
[info] ExternalForce::RightGRF Data source being set to SRRun01_grf
[info] ExternalForce::LeftGRF Data source being set to SRRun01_grf
[info] Storage: read data file = SRRun01_grf.mot (nr=10005 nc=19)
[info] ExternalForce::RightGRF Data source being set to SRRun01_grf
[info] ExternalForce::LeftGRF Data source being set to SRRun01_grf
[info] Storage: read data file = SRRun01_grf.mot (nr=10005 nc=19)
[info] ExternalForce::RightGRF Data source being set to SRRun01_grf
[info] ExternalForce::LeftGRF Data source being set to SRRun01_grf
[info] Storage: read data file = SRRun01_grf.mot (nr=10005 nc=19)
[info] ExternalForce::RightGRF Data source being set to SRRun01_grf
[info] ExternalForce::LeftGRF Data source being set to SRRun01_grf
[info] Storage: read data file = SRRun01_grf.mot (nr=10005 nc=19)
[info] ExternalForce::RightGRF Data source being set to SRRun01_grf
[info] ExternalForce::LeftGRF Data source being set to SRRun01_grf
[info] Storage: read data file = SRRun01_grf.mot (nr=10005 nc=19)
[info] ExternalForce::RightGRF Data source being set to SRRun01_grf
[info] ExternalForce::LeftGRF Data source being set to SRRun01_grf
[info] Storage: read data file = SRRun01_grf.mot (nr=10005 nc=19)
[info] ExternalForce::RightGRF Data source being set to SRRun01_grf
[info] ExternalForce::LeftGRF Data source being set to SRRun01_grf
[info] Storage: read data file = SRRun01_grf.mot (nr=10005 nc=19)
[info] ExternalForce::RightGRF Data source being set to SRRun01_grf
[info] ExternalForce::LeftGRF Data source being set to SRRun01_grf
[info] Storage: read data file = SRRun01_grf.mot (nr=10005 nc=19)
[info] ExternalForce::RightGRF Data source being set to SRRun01_grf
[info] ExternalForce::LeftGRF Data source being set to SRRun01_grf
[info] Storage: read data file = SRRun01_grf.mot (nr=10005 nc=19)
[info] ExternalForce::RightGRF Data source being set to SRRun01_grf
[info] ExternalForce::LeftGRF Data source being set to SRRun01_grf
[info] Storage: read data file = SRRun01_grf.mot (nr=10005 nc=19)
[info] ExternalForce::RightGRF Data source being set to SRRun01_grf
[info] ExternalForce::LeftGRF Data source being set to SRRun01_grf
[info] Storage: read data file = SRRun01_grf.mot (nr=10005 nc=19)
[info] ExternalForce::RightGRF Data source being set to SRRun01_grf
[info] ExternalForce::LeftGRF Data source being set to SRRun01_grf
[info] Storage: read data file = SRRun01_grf.mot (nr=10005 nc=19)
[info] ExternalForce::RightGRF Data source being set to SRRun01_grf
[info] ExternalForce::LeftGRF Data source being set to SRRun01_grf
[info] Storage: read data file = SRRun01_grf.mot (nr=10005 nc=19)
[info] ExternalForce::RightGRF Data source being set to SRRun01_grf
[info] ExternalForce::LeftGRF Data source being set to SRRun01_grf
[info] Storage: read data file = SRRun01_grf.mot (nr=10005 nc=19)
[info] ExternalForce::RightGRF Data source being set to SRRun01_grf
[info] ExternalForce::LeftGRF Data source being set to SRRun01_grf
[info] Storage: read data file = SRRun01_grf.mot (nr=10005 nc=19)
[info] ExternalForce::RightGRF Data source being set to SRRun01_grf
[info] ExternalForce::LeftGRF Data source being set to SRRun01_grf
[info] Storage: read data file = SRRun01_grf.mot (nr=10005 nc=19)
[info] ExternalForce::RightGRF Data source being set to SRRun01_grf
[info] ExternalForce::LeftGRF Data source being set to SRRun01_grf
[info] Storage: read data file = SRRun01_grf.mot (nr=10005 nc=19)
[info] ExternalForce::RightGRF Data source being set to SRRun01_grf
[info] ExternalForce::LeftGRF Data source being set to SRRun01_grf
[info] Storage: read data file = SRRun01_grf.mot (nr=10005 nc=19)
[info] ExternalForce::RightGRF Data source being set to SRRun01_grf
[info] ExternalForce::LeftGRF Data source being set to SRRun01_grf
[info] Storage: read data file = SRRun01_grf.mot (nr=10005 nc=19)
[info] ExternalForce::RightGRF Data source being set to SRRun01_grf
[info] ExternalForce::LeftGRF Data source being set to SRRun01_grf
[info] Storage: read data file = SRRun01_grf.mot (nr=10005 nc=19)
[info] ExternalForce::RightGRF Data source being set to SRRun01_grf
[info] ExternalForce::LeftGRF Data source being set to SRRun01_grf
[info] Storage: read data file = SRRun01_grf.mot (nr=10005 nc=19)
[info] ExternalForce::RightGRF Data source being set to SRRun01_grf
[info] ExternalForce::LeftGRF Data source being set to SRRun01_grf
[info] Storage: read data file = SRRun01_grf.mot (nr=10005 nc=19)
[info] ExternalForce::RightGRF Data source being set to SRRun01_grf
[info] ExternalForce::LeftGRF Data source being set to SRRun01_grf
[info] Storage: read data file = SRRun01_grf.mot (nr=10005 nc=19)
[info] ExternalForce::RightGRF Data source being set to SRRun01_grf
[info] ExternalForce::LeftGRF Data source being set to SRRun01_grf
[info] Storage: read data file = SRRun01_grf.mot (nr=10005 nc=19)
[info] ExternalForce::RightGRF Data source being set to SRRun01_grf
[info] ExternalForce::LeftGRF Data source being set to SRRun01_grf
[info] Storage: read data file = SRRun01_grf.mot (nr=10005 nc=19)
[info] ExternalForce::RightGRF Data source being set to SRRun01_grf
[info] ExternalForce::LeftGRF Data source being set to SRRun01_grf
[info] Storage: read data file = SRRun01_grf.mot (nr=10005 nc=19)
[info] ExternalForce::RightGRF Data source being set to SRRun01_grf
[info] ExternalForce::LeftGRF Data source being set to SRRun01_grf
[info] Storage: read data file = SRRun01_grf.mot (nr=10005 nc=19)
[info] ExternalForce::RightGRF Data source being set to SRRun01_grf
[info] ExternalForce::LeftGRF Data source being set to SRRun01_grf
[info] Storage: read data file = SRRun01_grf.mot (nr=10005 nc=19)
[info] ExternalForce::RightGRF Data source being set to SRRun01_grf
[info] ExternalForce::LeftGRF Data source being set to SRRun01_grf
[info] Storage: read data file = SRRun01_grf.mot (nr=10005 nc=19)
[info] ExternalForce::RightGRF Data source being set to SRRun01_grf
[info] ExternalForce::LeftGRF Data source being set to SRRun01_grf
[info] Storage: read data file = SRRun01_grf.mot (nr=10005 nc=19)
[info] ExternalForce::RightGRF Data source being set to SRRun01_grf
[info] ExternalForce::LeftGRF Data source being set to SRRun01_grf
[info] Storage: read data file = SRRun01_grf.mot (nr=10005 nc=19)
[info] ExternalForce::RightGRF Data source being set to SRRun01_grf
[info] ExternalForce::LeftGRF Data source being set to SRRun01_grf
[info] Storage: read data file = SRRun01_grf.mot (nr=10005 nc=19)
[info] ExternalForce::RightGRF Data source being set to SRRun01_grf
[info] ExternalForce::LeftGRF Data source being set to SRRun01_grf
[info] Storage: read data file = SRRun01_grf.mot (nr=10005 nc=19)
[info] ExternalForce::RightGRF Data source being set to SRRun01_grf
[info] ExternalForce::LeftGRF Data source being set to SRRun01_grf
[info] Storage: read data file = SRRun01_grf.mot (nr=10005 nc=19)
[info] ExternalForce::RightGRF Data source being set to SRRun01_grf
[info] ExternalForce::LeftGRF Data source being set to SRRun01_grf
[info] Storage: read data file = SRRun01_grf.mot (nr=10005 nc=19)
[info] ExternalForce::RightGRF Data source being set to SRRun01_grf
[info] ExternalForce::LeftGRF Data source being set to SRRun01_grf
[info] Storage: read data file = SRRun01_grf.mot (nr=10005 nc=19)
[info] ExternalForce::RightGRF Data source being set to SRRun01_grf
[info] ExternalForce::LeftGRF Data source being set to SRRun01_grf
[info] Storage: read data file = SRRun01_grf.mot (nr=10005 nc=19)
[info] ExternalForce::RightGRF Data source being set to SRRun01_grf
[info] ExternalForce::LeftGRF Data source being set to SRRun01_grf
[info] Storage: read data file = SRRun01_grf.mot (nr=10005 nc=19)
[info] ExternalForce::RightGRF Data source being set to SRRun01_grf
[info] ExternalForce::LeftGRF Data source being set to SRRun01_grf
[info] Storage: read data file = SRRun01_grf.mot (nr=10005 nc=19)
[info] ExternalForce::RightGRF Data source being set to SRRun01_grf
[info] ExternalForce::LeftGRF Data source being set to SRRun01_grf
[info] Storage: read data file = SRRun01_grf.mot (nr=10005 nc=19)
[info] ExternalForce::RightGRF Data source being set to SRRun01_grf
[info] ExternalForce::LeftGRF Data source being set to SRRun01_grf
[info] Storage: read data file = SRRun01_grf.mot (nr=10005 nc=19)
[info] ExternalForce::RightGRF Data source being set to SRRun01_grf
[info] ExternalForce::LeftGRF Data source being set to SRRun01_grf
[info] Storage: read data file = SRRun01_grf.mot (nr=10005 nc=19)
[info] ExternalForce::RightGRF Data source being set to SRRun01_grf
[info] ExternalForce::LeftGRF Data source being set to SRRun01_grf
[info] Storage: read data file = SRRun01_grf.mot (nr=10005 nc=19)
[info] ExternalForce::RightGRF Data source being set to SRRun01_grf
[info] ExternalForce::LeftGRF Data source being set to SRRun01_grf
[info] Storage: read data file = SRRun01_grf.mot (nr=10005 nc=19)
[info] ExternalForce::RightGRF Data source being set to SRRun01_grf
[info] ExternalForce::LeftGRF Data source being set to SRRun01_grf
[info] Storage: read data file = SRRun01_grf.mot (nr=10005 nc=19)
[info] ExternalForce::RightGRF Data source being set to SRRun01_grf
[info] ExternalForce::LeftGRF Data source being set to SRRun01_grf
[info] Storage: read data file = SRRun01_grf.mot (nr=10005 nc=19)
[info] ExternalForce::RightGRF Data source being set to SRRun01_grf
[info] ExternalForce::LeftGRF Data source being set to SRRun01_grf
[info] Storage: read data file = SRRun01_grf.mot (nr=10005 nc=19)
[info] ExternalForce::RightGRF Data source being set to SRRun01_grf
[info] ExternalForce::LeftGRF Data source being set to SRRun01_grf
[info] Storage: read data file = SRRun01_grf.mot (nr=10005 nc=19)
[info] ExternalForce::RightGRF Data source being set to SRRun01_grf
[info] ExternalForce::LeftGRF Data source being set to SRRun01_grf
[info] Storage: read data file = SRRun01_grf.mot (nr=10005 nc=19)
[info] ExternalForce::RightGRF Data source being set to SRRun01_grf
[info] ExternalForce::LeftGRF Data source being set to SRRun01_grf
[info] Storage: read data file = SRRun01_grf.mot (nr=10005 nc=19)
[info] ExternalForce::RightGRF Data source being set to SRRun01_grf
[info] ExternalForce::LeftGRF Data source being set to SRRun01_grf
[info] Storage: read data file = SRRun01_grf.mot (nr=10005 nc=19)
[info] ExternalForce::RightGRF Data source being set to SRRun01_grf
[info] ExternalForce::LeftGRF Data source being set to SRRun01_grf
[info] Storage: read data file = SRRun01_grf.mot (nr=10005 nc=19)
[info] ExternalForce::RightGRF Data source being set to SRRun01_grf
[info] ExternalForce::LeftGRF Data source being set to SRRun01_grf
[info] Storage: read data file = SRRun01_grf.mot (nr=10005 nc=19)
[info] ExternalForce::RightGRF Data source being set to SRRun01_grf
[info] ExternalForce::LeftGRF Data source being set to SRRun01_grf
[info] Storage: read data file = SRRun01_grf.mot (nr=10005 nc=19)
[info] ExternalForce::RightGRF Data source being set to SRRun01_grf
[info] ExternalForce::LeftGRF Data source being set to SRRun01_grf
[info] Storage: read data file = SRRun01_grf.mot (nr=10005 nc=19)
[info] ExternalForce::RightGRF Data source being set to SRRun01_grf
[info] ExternalForce::LeftGRF Data source being set to SRRun01_grf
[info] Storage: read data file = SRRun01_grf.mot (nr=10005 nc=19)
[info] ExternalForce::RightGRF Data source being set to SRRun01_grf
[info] ExternalForce::LeftGRF Data source being set to SRRun01_grf
[info] Storage: read data file = SRRun01_grf.mot (nr=10005 nc=19)
[info] ExternalForce::RightGRF Data source being set to SRRun01_grf
[info] ExternalForce::LeftGRF Data source being set to SRRun01_grf
[info] Storage: read data file = SRRun01_grf.mot (nr=10005 nc=19)
[info] ExternalForce::RightGRF Data source being set to SRRun01_grf
[info] ExternalForce::LeftGRF Data source being set to SRRun01_grf
[info] Storage: read data file = SRRun01_grf.mot (nr=10005 nc=19)
[info] ExternalForce::RightGRF Data source being set to SRRun01_grf
[info] ExternalForce::LeftGRF Data source being set to SRRun01_grf
[info] Storage: read data file = SRRun01_grf.mot (nr=10005 nc=19)
[info] ExternalForce::RightGRF Data source being set to SRRun01_grf
[info] ExternalForce::LeftGRF Data source being set to SRRun01_grf
[info] Storage: read data file = SRRun01_grf.mot (nr=10005 nc=19)
[info] ExternalForce::RightGRF Data source being set to SRRun01_grf
[info] ExternalForce::LeftGRF Data source being set to SRRun01_grf
[info] Storage: read data file = SRRun01_grf.mot (nr=10005 nc=19)
[info] ExternalForce::RightGRF Data source being set to SRRun01_grf
[info] ExternalForce::LeftGRF Data source being set to SRRun01_grf
[info] Storage: read data file = SRRun01_grf.mot (nr=10005 nc=19)
[info] ExternalForce::RightGRF Data source being set to SRRun01_grf
[info] ExternalForce::LeftGRF Data source being set to SRRun01_grf
[info] Storage: read data file = SRRun01_grf.mot (nr=10005 nc=19)
[info] ExternalForce::RightGRF Data source being set to SRRun01_grf
[info] ExternalForce::LeftGRF Data source being set to SRRun01_grf
[info] Storage: read data file = SRRun01_grf.mot (nr=10005 nc=19)
[info] ExternalForce::RightGRF Data source being set to SRRun01_grf
[info] ExternalForce::LeftGRF Data source being set to SRRun01_grf
[info] Storage: read data file = SRRun01_grf.mot (nr=10005 nc=19)
[info] ExternalForce::RightGRF Data source being set to SRRun01_grf
[info] ExternalForce::LeftGRF Data source being set to SRRun01_grf
[info] ========================================================================
[info] MocoCasADiSolver starting.
[info] Sat May 30 12:16:00 2026
[info] ------------------------------------------------------------------------
[info] Costs: (total: 2)
[info]   marker_tracking. MocoMarkerTrackingGoal, enabled: true, mode: cost, weight: 10
[info]         allow unused references: 
[info]         tracked marker(s):
[info]             C7, weight: 1
[info]             T10, weight: 1
[info]             CLAV, weight: 1
[info]             LSHO, weight: 1
[info]             RSHO, weight: 1
[info]             LASIS, weight: 5
[info]             RASIS, weight: 5
[info]             LPSIS, weight: 5
[info]             RPSIS, weight: 5
[info]             LILCR, weight: 2.5
[info]             RILCR, weight: 2.5
[info]             LGTR, weight: 1
[info]             LTHI, weight: 5
[info]             LLTHI, weight: 5
[info]             LLEP, weight: 1
[info]             LPSH, weight: 5
[info]             LLSH, weight: 5
[info]             LDSH, weight: 5
[info]             LLMAL, weight: 1
[info]             LTOE, weight: 10
[info]             L5TH, weight: 10
[info]             LHEE, weight: 5
[info]             RGTR, weight: 1
[info]             RTHI, weight: 5
[info]             RLTHI, weight: 5
[info]             RLEP, weight: 1
[info]             RPSH, weight: 5
[info]             RLSH, weight: 5
[info]             RDSH, weight: 5
[info]             RLMAL, weight: 1
[info]             RTOE, weight: 10
[info]             R5TH, weight: 10
[info]             RHEE, weight: 5
[info]   control_effort. MocoControlGoal, enabled: true, mode: cost, weight: 1
[info]         control: /forceset/addbrev_r, weight: 1
[info]         control: /forceset/addlong_r, weight: 1
[info]         control: /forceset/addmagDist_r, weight: 1
[info]         control: /forceset/addmagIsch_r, weight: 1
[info]         control: /forceset/addmagMid_r, weight: 1
[info]         control: /forceset/addmagProx_r, weight: 1
[info]         control: /forceset/bflh_r, weight: 1
[info]         control: /forceset/bfsh_r, weight: 1
[info]         control: /forceset/edl_r, weight: 1
[info]         control: /forceset/ehl_r, weight: 1
[info]         control: /forceset/fdl_r, weight: 1
[info]         control: /forceset/fhl_r, weight: 1
[info]         control: /forceset/gaslat_r, weight: 1
[info]         control: /forceset/gasmed_r, weight: 1
[info]         control: /forceset/glmax1_r, weight: 1
[info]         control: /forceset/glmax2_r, weight: 1
[info]         control: /forceset/glmax3_r, weight: 1
[info]         control: /forceset/glmed1_r, weight: 1
[info]         control: /forceset/glmed2_r, weight: 1
[info]         control: /forceset/glmed3_r, weight: 1
[info]         control: /forceset/glmin1_r, weight: 1
[info]         control: /forceset/glmin2_r, weight: 1
[info]         control: /forceset/glmin3_r, weight: 1
[info]         control: /forceset/grac_r, weight: 1
[info]         control: /forceset/iliacus_r, weight: 1
[info]         control: /forceset/perbrev_r, weight: 1
[info]         control: /forceset/perlong_r, weight: 1
[info]         control: /forceset/piri_r, weight: 1
[info]         control: /forceset/psoas_r, weight: 1
[info]         control: /forceset/recfem_r, weight: 1
[info]         control: /forceset/sart_r, weight: 1
[info]         control: /forceset/semimem_r, weight: 1
[info]         control: /forceset/semiten_r, weight: 1
[info]         control: /forceset/soleus_r, weight: 1
[info]         control: /forceset/tfl_r, weight: 1
[info]         control: /forceset/tibant_r, weight: 1
[info]         control: /forceset/tibpost_r, weight: 1
[info]         control: /forceset/vasint_r, weight: 1
[info]         control: /forceset/vaslat_r, weight: 1
[info]         control: /forceset/vasmed_r, weight: 1
[info]         control: /forceset/pelvis_tx_residual, weight: 10
[info]         control: /forceset/pelvis_ty_residual, weight: 10
[info]         control: /forceset/pelvis_tz_residual, weight: 10
[info]         control: /forceset/pelvis_tilt_residual, weight: 10
[info]         control: /forceset/pelvis_list_residual, weight: 10
[info]         control: /forceset/pelvis_rotation_residual, weight: 10
[info]         control: /forceset/hip_flexion_r_reserve, weight: 5
[info]         control: /forceset/hip_adduction_r_reserve, weight: 5
[info]         control: /forceset/hip_rotation_r_reserve, weight: 5
[info]         control: /forceset/knee_angle_r_reserve, weight: 5
[info]         control: /forceset/ankle_angle_r_reserve, weight: 5
[info]         control: /forceset/subtalar_angle_r_reserve, weight: 5
[info]         control: /forceset/hip_flexion_l_torque, weight: 0.01
[info]         control: /forceset/hip_adduction_l_torque, weight: 0.01
[info]         control: /forceset/hip_rotation_l_torque, weight: 0.01
[info]         control: /forceset/knee_angle_l_torque, weight: 0.01
[info]         control: /forceset/ankle_angle_l_torque, weight: 0.01
[info]         control: /forceset/subtalar_angle_l_torque, weight: 0.01
[info] Endpoint constraints: (total: 1)
[info]   initial_activation. MocoInitialActivationGoal, enabled: true, mode: endpoint_constraint
[info] Kinematic constraints: (total: 2)
[info]   kinematic_constraint_cid20. MocoConstraintInfo. number of scalar equations: 3. bounds: 0, 0, 0
[info]   kinematic_constraint_cid21. MocoConstraintInfo. number of scalar equations: 3. bounds: 0, 0, 0
[info] Path constraints: none
[info] States: (total: 80)
[info]   /jointset/subtalar_l/subtalar_angle_l/speed. bounds: [-50, 50]
[info]   /jointset/patellofemoral_l/knee_angle_l_beta/speed. bounds: [-50, 50]
[info]   /jointset/walker_knee_l/knee_angle_l/speed. bounds: [-50, 50]
[info]   /jointset/hip_l/hip_adduction_l/speed. bounds: [-50, 50]
[info]   /jointset/hip_l/hip_flexion_l/speed. bounds: [-50, 50]
[info]   /jointset/subtalar_r/subtalar_angle_r/speed. bounds: [-50, 50]
[info]   /jointset/ankle_r/ankle_angle_r/speed. bounds: [-50, 50]
[info]   /jointset/patellofemoral_r/knee_angle_r_beta/speed. bounds: [-50, 50]
[info]   /jointset/patellofemoral_l/knee_angle_l_beta/value. bounds: [-99999.9, 99999.9]
[info]   /jointset/patellofemoral_r/knee_angle_r_beta/value. bounds: [-99999.9, 99999.9]
[info]   /jointset/ground_pelvis/pelvis_tx/speed. bounds: [-50, 50]
[info]   /jointset/ground_pelvis/pelvis_rotation/speed. bounds: [-50, 50]
[info]   /jointset/subtalar_l/subtalar_angle_l/value. bounds: [-0.698132, -0.150799] initial: [-0.698132, -0.556661]
[info]   /jointset/ground_pelvis/pelvis_ty/speed. bounds: [-50, 50]
[info]   /jointset/ground_pelvis/pelvis_tilt/speed. bounds: [-50, 50]
[info]   /jointset/ankle_l/ankle_angle_l/value. bounds: [-0.698132, 0.494269] initial: [-0.321836, 0.0556727]
[info]   /jointset/hip_r/hip_adduction_r/speed. bounds: [-50, 50]
[info]   /jointset/hip_l/hip_rotation_l/value. bounds: [-0.260628, 0.165572] initial: [-0.0119355, 0.109836]
[info]   /jointset/hip_l/hip_flexion_l/value. bounds: [-0.299186, 0.730974] initial: [0.433455, 0.727786]
[info]   /jointset/subtalar_r/subtalar_angle_r/value. bounds: [-0.698132, -0.0603077] initial: [-0.560083, -0.353309]
[info]   /jointset/ground_pelvis/pelvis_tz/speed. bounds: [-50, 50]
[info]   /jointset/hip_r/hip_rotation_r/value. bounds: [-0.155605, 0.263192] initial: [-0.0252074, 0.0944489]
[info]   /jointset/ground_pelvis/pelvis_tz/value. bounds: [-1.23485, -1.18415] initial: [-1.21639, -1.20191]
[info]   /jointset/ground_pelvis/pelvis_rotation/value. bounds: [1.30547, 1.5708] initial: [1.51596, 1.5708]
[info]   /jointset/walker_knee_l/knee_angle_l/value. bounds: [0, 1.67768] initial: [0.599344, 1.1131]
[info]   /jointset/ground_pelvis/pelvis_list/value. bounds: [-0.28086, -0.15619] initial: [-0.271676, -0.236056]
[info]   /jointset/ground_pelvis/pelvis_tilt/value. bounds: [-0.270659, 0.190409] initial: [-0.167556, -0.035822]
[info]   /forceset/vasmed_r/activation. bounds: [0.01, 1]
[info]   /forceset/vaslat_r/activation. bounds: [0.01, 1]
[info]   /forceset/vasint_r/activation. bounds: [0.01, 1]
[info]   /forceset/soleus_r/activation. bounds: [0.01, 1]
[info]   /jointset/ground_pelvis/pelvis_ty/value. bounds: [0.938057, 1.03487] initial: [0.982694, 1.01036]
[info]   /forceset/semiten_r/activation. bounds: [0.01, 1]
[info]   /forceset/semimem_r/activation. bounds: [0.01, 1]
[info]   /jointset/ground_pelvis/pelvis_list/speed. bounds: [-50, 50]
[info]   /forceset/recfem_r/activation. bounds: [0.01, 1]
[info]   /jointset/ankle_r/ankle_angle_r/value. bounds: [-0.698132, 0.469164] initial: [-0.240654, 0.0994066]
[info]   /forceset/psoas_r/activation. bounds: [0.01, 1]
[info]   /jointset/walker_knee_r/knee_angle_r/speed. bounds: [-50, 50]
[info]   /jointset/hip_l/hip_adduction_l/value. bounds: [-0.451343, 0.367642] initial: [-0.0814152, 0.152581]
[info]   /forceset/tibpost_r/activation. bounds: [0.01, 1]
[info]   /forceset/perlong_r/activation. bounds: [0.01, 1]
[info]   /forceset/perbrev_r/activation. bounds: [0.01, 1]
[info]   /jointset/hip_r/hip_rotation_r/speed. bounds: [-50, 50]
[info]   /jointset/hip_r/hip_flexion_r/speed. bounds: [-50, 50]
[info]   /forceset/iliacus_r/activation. bounds: [0.01, 1]
[info]   /forceset/sart_r/activation. bounds: [0.01, 1]
[info]   /forceset/grac_r/activation. bounds: [0.01, 1]
[info]   /forceset/glmin3_r/activation. bounds: [0.01, 1]
[info]   /jointset/ankle_l/ankle_angle_l/speed. bounds: [-50, 50]
[info]   /forceset/glmin2_r/activation. bounds: [0.01, 1]
[info]   /jointset/walker_knee_r/knee_angle_r/value. bounds: [0, 1.61811] initial: [0.0528383, 0.545418]
[info]   /forceset/glmin1_r/activation. bounds: [0.01, 1]
[info]   /forceset/glmed3_r/activation. bounds: [0.01, 1]
[info]   /forceset/glmed1_r/activation. bounds: [0.01, 1]
[info]   /forceset/piri_r/activation. bounds: [0.01, 1]
[info]   /forceset/glmax3_r/activation. bounds: [0.01, 1]
[info]   /forceset/glmax2_r/activation. bounds: [0.01, 1]
[info]   /forceset/tfl_r/activation. bounds: [0.01, 1]
[info]   /forceset/glmax1_r/activation. bounds: [0.01, 1]
[info]   /forceset/gasmed_r/activation. bounds: [0.01, 1]
[info]   /forceset/gaslat_r/activation. bounds: [0.01, 1]
[info]   /forceset/fhl_r/activation. bounds: [0.01, 1]
[info]   /forceset/fdl_r/activation. bounds: [0.01, 1]
[info]   /forceset/ehl_r/activation. bounds: [0.01, 1]
[info]   /forceset/tibant_r/activation. bounds: [0.01, 1]
[info]   /forceset/edl_r/activation. bounds: [0.01, 1]
[info]   /jointset/hip_r/hip_flexion_r/value. bounds: [-0.233542, 0.667101] initial: [-0.116913, 0.140413]
[info]   /jointset/ground_pelvis/pelvis_tx/value. bounds: [0.761316, 0.848267] initial: [0.797391, 0.822234]
[info]   /forceset/bfsh_r/activation. bounds: [0.01, 1]
[info]   /forceset/bflh_r/activation. bounds: [0.01, 1]
[info]   /forceset/addmagProx_r/activation. bounds: [0.01, 1]
[info]   /jointset/hip_l/hip_rotation_l/speed. bounds: [-50, 50]
[info]   /jointset/hip_r/hip_adduction_r/value. bounds: [-0.494846, 0.353351] initial: [-0.22442, 0.0179217]
[info]   /forceset/addmagMid_r/activation. bounds: [0.01, 1]
[info]   /forceset/glmed2_r/activation. bounds: [0.01, 1]
[info]   /forceset/addmagIsch_r/activation. bounds: [0.01, 1]
[info]   /forceset/addmagDist_r/activation. bounds: [0.01, 1]
[info]   /forceset/addlong_r/activation. bounds: [0.01, 1]
[info]   /forceset/addbrev_r/activation. bounds: [0.01, 1]
[info] Controls: (total: 58)
[info]   /forceset/subtalar_angle_l_torque. bounds: [-inf, inf]
[info]   /forceset/ankle_angle_l_torque. bounds: [-inf, inf]
[info]   /forceset/knee_angle_l_torque. bounds: [-inf, inf]
[info]   /forceset/hip_rotation_l_torque. bounds: [-inf, inf]
[info]   /forceset/subtalar_angle_r_reserve. bounds: [-inf, inf]
[info]   /forceset/hip_rotation_r_reserve. bounds: [-inf, inf]
[info]   /forceset/knee_angle_r_reserve. bounds: [-inf, inf]
[info]   /forceset/pelvis_rotation_residual. bounds: [-inf, inf]
[info]   /forceset/pelvis_list_residual. bounds: [-inf, inf]
[info]   /forceset/pelvis_tz_residual. bounds: [-inf, inf]
[info]   /forceset/pelvis_tx_residual. bounds: [-inf, inf]
[info]   /forceset/psoas_r. bounds: [0.001, 1]
[info]   /forceset/perlong_r. bounds: [0.001, 1]
[info]   /forceset/glmed3_r. bounds: [0.001, 1]
[info]   /forceset/perbrev_r. bounds: [0.001, 1]
[info]   /forceset/iliacus_r. bounds: [0.001, 1]
[info]   /forceset/grac_r. bounds: [0.001, 1]
[info]   /forceset/vasint_r. bounds: [0.001, 1]
[info]   /forceset/hip_flexion_l_torque. bounds: [-inf, inf]
[info]   /forceset/glmin3_r. bounds: [0.001, 1]
[info]   /forceset/bfsh_r. bounds: [0.001, 1]
[info]   /forceset/glmin2_r. bounds: [0.001, 1]
[info]   /forceset/glmax3_r. bounds: [0.001, 1]
[info]   /forceset/ankle_angle_r_reserve. bounds: [-inf, inf]
[info]   /forceset/glmin1_r. bounds: [0.001, 1]
[info]   /forceset/glmed2_r. bounds: [0.001, 1]
[info]   /forceset/fhl_r. bounds: [0.001, 1]
[info]   /forceset/piri_r. bounds: [0.001, 1]
[info]   /forceset/addlong_r. bounds: [0.001, 1]
[info]   /forceset/addmagProx_r. bounds: [0.001, 1]
[info]   /forceset/gaslat_r. bounds: [0.001, 1]
[info]   /forceset/addmagDist_r. bounds: [0.001, 1]
[info]   /forceset/pelvis_tilt_residual. bounds: [-inf, inf]
[info]   /forceset/glmax1_r. bounds: [0.001, 1]
[info]   /forceset/edl_r. bounds: [0.001, 1]
[info]   /forceset/hip_adduction_l_torque. bounds: [-inf, inf]
[info]   /forceset/addmagIsch_r. bounds: [0.001, 1]
[info]   /forceset/bflh_r. bounds: [0.001, 1]
[info]   /forceset/pelvis_ty_residual. bounds: [-inf, inf]
[info]   /forceset/addmagMid_r. bounds: [0.001, 1]
[info]   /forceset/hip_adduction_r_reserve. bounds: [-inf, inf]
[info]   /forceset/hip_flexion_r_reserve. bounds: [-inf, inf]
[info]   /forceset/gasmed_r. bounds: [0.001, 1]
[info]   /forceset/ehl_r. bounds: [0.001, 1]
[info]   /forceset/glmed1_r. bounds: [0.001, 1]
[info]   /forceset/glmax2_r. bounds: [0.001, 1]
[info]   /forceset/vasmed_r. bounds: [0.001, 1]
[info]   /forceset/addbrev_r. bounds: [0.001, 1]
[info]   /forceset/semiten_r. bounds: [0.001, 1]
[info]   /forceset/fdl_r. bounds: [0.001, 1]
[info]   /forceset/recfem_r. bounds: [0.001, 1]
[info]   /forceset/tibpost_r. bounds: [0.001, 1]
[info]   /forceset/sart_r. bounds: [0.001, 1]
[info]   /forceset/semimem_r. bounds: [0.001, 1]
[info]   /forceset/soleus_r. bounds: [0.001, 1]
[info]   /forceset/tfl_r. bounds: [0.001, 1]
[info]   /forceset/tibant_r. bounds: [0.001, 1]
[info]   /forceset/vaslat_r. bounds: [0.001, 1]
[info] Input controls: none
[info] Parameters: none
[info] Storage: read data file = SRRun01_grf.mot (nr=10005 nc=19)
[info] ExternalForce::RightGRF Data source being set to SRRun01_grf
[info] ExternalForce::LeftGRF Data source being set to SRRun01_grf
[info] Storage: read data file = SRRun01_grf.mot (nr=10005 nc=19)
[info] ExternalForce::RightGRF Data source being set to SRRun01_grf
[info] ExternalForce::LeftGRF Data source being set to SRRun01_grf
[info] Storage: read data file = SRRun01_grf.mot (nr=10005 nc=19)
[info] ExternalForce::RightGRF Data source being set to SRRun01_grf
[info] ExternalForce::LeftGRF Data source being set to SRRun01_grf
[info] Storage: read data file = SRRun01_grf.mot (nr=10005 nc=19)
[info] ExternalForce::RightGRF Data source being set to SRRun01_grf
[info] ExternalForce::LeftGRF Data source being set to SRRun01_grf
[info] Storage: read data file = SRRun01_grf.mot (nr=10005 nc=19)
[info] ExternalForce::RightGRF Data source being set to SRRun01_grf
[info] ExternalForce::LeftGRF Data source being set to SRRun01_grf
[info] Storage: read data file = SRRun01_grf.mot (nr=10005 nc=19)
[info] ExternalForce::RightGRF Data source being set to SRRun01_grf
[info] ExternalForce::LeftGRF Data source being set to SRRun01_grf
[info] Storage: read data file = SRRun01_grf.mot (nr=10005 nc=19)
[info] ExternalForce::RightGRF Data source being set to SRRun01_grf
[info] ExternalForce::LeftGRF Data source being set to SRRun01_grf
[info] Storage: read data file = SRRun01_grf.mot (nr=10005 nc=19)
[info] ExternalForce::RightGRF Data source being set to SRRun01_grf
[info] ExternalForce::LeftGRF Data source being set to SRRun01_grf
[info] Storage: read data file = SRRun01_grf.mot (nr=10005 nc=19)
[info] ExternalForce::RightGRF Data source being set to SRRun01_grf
[info] ExternalForce::LeftGRF Data source being set to SRRun01_grf
[info] Storage: read data file = SRRun01_grf.mot (nr=10005 nc=19)
[info] ExternalForce::RightGRF Data source being set to SRRun01_grf
[info] ExternalForce::LeftGRF Data source being set to SRRun01_grf
[info] Storage: read data file = SRRun01_grf.mot (nr=10005 nc=19)
[info] ExternalForce::RightGRF Data source being set to SRRun01_grf
[info] ExternalForce::LeftGRF Data source being set to SRRun01_grf
[info] Storage: read data file = SRRun01_grf.mot (nr=10005 nc=19)
[info] ExternalForce::RightGRF Data source being set to SRRun01_grf
[info] ExternalForce::LeftGRF Data source being set to SRRun01_grf
[info] Storage: read data file = SRRun01_grf.mot (nr=10005 nc=19)
[info] ExternalForce::RightGRF Data source being set to SRRun01_grf
[info] ExternalForce::LeftGRF Data source being set to SRRun01_grf
[info] Storage: read data file = SRRun01_grf.mot (nr=10005 nc=19)
[info] ExternalForce::RightGRF Data source being set to SRRun01_grf
[info] ExternalForce::LeftGRF Data source being set to SRRun01_grf
[info] Storage: read data file = SRRun01_grf.mot (nr=10005 nc=19)
[info] ExternalForce::RightGRF Data source being set to SRRun01_grf
[info] ExternalForce::LeftGRF Data source being set to SRRun01_grf
[info] Storage: read data file = SRRun01_grf.mot (nr=10005 nc=19)
[info] ExternalForce::RightGRF Data source being set to SRRun01_grf
[info] ExternalForce::LeftGRF Data source being set to SRRun01_grf
[info] Storage: read data file = SRRun01_grf.mot (nr=10005 nc=19)
[info] ExternalForce::RightGRF Data source being set to SRRun01_grf
[info] ExternalForce::LeftGRF Data source being set to SRRun01_grf
[info] Storage: read data file = SRRun01_grf.mot (nr=10005 nc=19)
[info] ExternalForce::RightGRF Data source being set to SRRun01_grf
[info] ExternalForce::LeftGRF Data source being set to SRRun01_grf
[info] Storage: read data file = SRRun01_grf.mot (nr=10005 nc=19)
[info] ExternalForce::RightGRF Data source being set to SRRun01_grf
[info] ExternalForce::LeftGRF Data source being set to SRRun01_grf
[info] Storage: read data file = SRRun01_grf.mot (nr=10005 nc=19)
[info] ExternalForce::RightGRF Data source being set to SRRun01_grf
[info] ExternalForce::LeftGRF Data source being set to SRRun01_grf
[info] Storage: read data file = SRRun01_grf.mot (nr=10005 nc=19)
[info] ExternalForce::RightGRF Data source being set to SRRun01_grf
[info] ExternalForce::LeftGRF Data source being set to SRRun01_grf
[info] Storage: read data file = SRRun01_grf.mot (nr=10005 nc=19)
[info] ExternalForce::RightGRF Data source being set to SRRun01_grf
[info] ExternalForce::LeftGRF Data source being set to SRRun01_grf
[info] Storage: read data file = SRRun01_grf.mot (nr=10005 nc=19)
[info] ExternalForce::RightGRF Data source being set to SRRun01_grf
[info] ExternalForce::LeftGRF Data source being set to SRRun01_grf
[info] Storage: read data file = SRRun01_grf.mot (nr=10005 nc=19)
[info] ExternalForce::RightGRF Data source being set to SRRun01_grf
[info] ExternalForce::LeftGRF Data source being set to SRRun01_grf
[info] Storage: read data file = SRRun01_grf.mot (nr=10005 nc=19)
[info] ExternalForce::RightGRF Data source being set to SRRun01_grf
[info] ExternalForce::LeftGRF Data source being set to SRRun01_grf
[info] Storage: read data file = SRRun01_grf.mot (nr=10005 nc=19)
[info] ExternalForce::RightGRF Data source being set to SRRun01_grf
[info] ExternalForce::LeftGRF Data source being set to SRRun01_grf
[info] Storage: read data file = SRRun01_grf.mot (nr=10005 nc=19)
[info] ExternalForce::RightGRF Data source being set to SRRun01_grf
[info] ExternalForce::LeftGRF Data source being set to SRRun01_grf
[info] Storage: read data file = SRRun01_grf.mot (nr=10005 nc=19)
[info] ExternalForce::RightGRF Data source being set to SRRun01_grf
[info] ExternalForce::LeftGRF Data source being set to SRRun01_grf
[info] Storage: read data file = SRRun01_grf.mot (nr=10005 nc=19)
[info] ExternalForce::RightGRF Data source being set to SRRun01_grf
[info] ExternalForce::LeftGRF Data source being set to SRRun01_grf
[info] Storage: read data file = SRRun01_grf.mot (nr=10005 nc=19)
[info] ExternalForce::RightGRF Data source being set to SRRun01_grf
[info] ExternalForce::LeftGRF Data source being set to SRRun01_grf
[info] Storage: read data file = SRRun01_grf.mot (nr=10005 nc=19)
[info] ExternalForce::RightGRF Data source being set to SRRun01_grf
[info] ExternalForce::LeftGRF Data source being set to SRRun01_grf
[info] Storage: read data file = SRRun01_grf.mot (nr=10005 nc=19)
[info] ExternalForce::RightGRF Data source being set to SRRun01_grf
[info] ExternalForce::LeftGRF Data source being set to SRRun01_grf
[info] Storage: read data file = SRRun01_grf.mot (nr=10005 nc=19)
[info] ExternalForce::RightGRF Data source being set to SRRun01_grf
[info] ExternalForce::LeftGRF Data source being set to SRRun01_grf
[info] Storage: read data file = SRRun01_grf.mot (nr=10005 nc=19)
[info] ExternalForce::RightGRF Data source being set to SRRun01_grf
[info] ExternalForce::LeftGRF Data source being set to SRRun01_grf
[info] Storage: read data file = SRRun01_grf.mot (nr=10005 nc=19)
[info] ExternalForce::RightGRF Data source being set to SRRun01_grf
[info] ExternalForce::LeftGRF Data source being set to SRRun01_grf
[info] Storage: read data file = SRRun01_grf.mot (nr=10005 nc=19)
[info] ExternalForce::RightGRF Data source being set to SRRun01_grf
[info] ExternalForce::LeftGRF Data source being set to SRRun01_grf
[info] Storage: read data file = SRRun01_grf.mot (nr=10005 nc=19)
[info] ExternalForce::RightGRF Data source being set to SRRun01_grf
[info] ExternalForce::LeftGRF Data source being set to SRRun01_grf
[info] Storage: read data file = SRRun01_grf.mot (nr=10005 nc=19)
[info] ExternalForce::RightGRF Data source being set to SRRun01_grf
[info] ExternalForce::LeftGRF Data source being set to SRRun01_grf
[info] Storage: read data file = SRRun01_grf.mot (nr=10005 nc=19)
[info] ExternalForce::RightGRF Data source being set to SRRun01_grf
[info] ExternalForce::LeftGRF Data source being set to SRRun01_grf
[info] Storage: read data file = SRRun01_grf.mot (nr=10005 nc=19)
[info] ExternalForce::RightGRF Data source being set to SRRun01_grf
[info] ExternalForce::LeftGRF Data source being set to SRRun01_grf
[info] Storage: read data file = SRRun01_grf.mot (nr=10005 nc=19)
[info] ExternalForce::RightGRF Data source being set to SRRun01_grf
[info] ExternalForce::LeftGRF Data source being set to SRRun01_grf
[info] Storage: read data file = SRRun01_grf.mot (nr=10005 nc=19)
[info] ExternalForce::RightGRF Data source being set to SRRun01_grf
[info] ExternalForce::LeftGRF Data source being set to SRRun01_grf
[info] Storage: read data file = SRRun01_grf.mot (nr=10005 nc=19)
[info] ExternalForce::RightGRF Data source being set to SRRun01_grf
[info] ExternalForce::LeftGRF Data source being set to SRRun01_grf
[info] Storage: read data file = SRRun01_grf.mot (nr=10005 nc=19)
[info] ExternalForce::RightGRF Data source being set to SRRun01_grf
[info] ExternalForce::LeftGRF Data source being set to SRRun01_grf
[info] Storage: read data file = SRRun01_grf.mot (nr=10005 nc=19)
[info] ExternalForce::RightGRF Data source being set to SRRun01_grf
[info] ExternalForce::LeftGRF Data source being set to SRRun01_grf
[info] Storage: read data file = SRRun01_grf.mot (nr=10005 nc=19)
[info] ExternalForce::RightGRF Data source being set to SRRun01_grf
[info] ExternalForce::LeftGRF Data source being set to SRRun01_grf
[info] Storage: read data file = SRRun01_grf.mot (nr=10005 nc=19)
[info] ExternalForce::RightGRF Data source being set to SRRun01_grf
[info] ExternalForce::LeftGRF Data source being set to SRRun01_grf
[info] Storage: read data file = SRRun01_grf.mot (nr=10005 nc=19)
[info] ExternalForce::RightGRF Data source being set to SRRun01_grf
[info] ExternalForce::LeftGRF Data source being set to SRRun01_grf
[info] Storage: read data file = SRRun01_grf.mot (nr=10005 nc=19)
[info] ExternalForce::RightGRF Data source being set to SRRun01_grf
[info] ExternalForce::LeftGRF Data source being set to SRRun01_grf
[info] Storage: read data file = SRRun01_grf.mot (nr=10005 nc=19)
[info] ExternalForce::RightGRF Data source being set to SRRun01_grf
[info] ExternalForce::LeftGRF Data source being set to SRRun01_grf
[info] Storage: read data file = SRRun01_grf.mot (nr=10005 nc=19)
[info] ExternalForce::RightGRF Data source being set to SRRun01_grf
[info] ExternalForce::LeftGRF Data source being set to SRRun01_grf
[info] Storage: read data file = SRRun01_grf.mot (nr=10005 nc=19)
[info] ExternalForce::RightGRF Data source being set to SRRun01_grf
[info] ExternalForce::LeftGRF Data source being set to SRRun01_grf
[info] Storage: read data file = SRRun01_grf.mot (nr=10005 nc=19)
[info] ExternalForce::RightGRF Data source being set to SRRun01_grf
[info] ExternalForce::LeftGRF Data source being set to SRRun01_grf
[info] Storage: read data file = SRRun01_grf.mot (nr=10005 nc=19)
[info] ExternalForce::RightGRF Data source being set to SRRun01_grf
[info] ExternalForce::LeftGRF Data source being set to SRRun01_grf
[info] Storage: read data file = SRRun01_grf.mot (nr=10005 nc=19)
[info] ExternalForce::RightGRF Data source being set to SRRun01_grf
[info] ExternalForce::LeftGRF Data source being set to SRRun01_grf
[info] Storage: read data file = SRRun01_grf.mot (nr=10005 nc=19)
[info] ExternalForce::RightGRF Data source being set to SRRun01_grf
[info] ExternalForce::LeftGRF Data source being set to SRRun01_grf
[info] Storage: read data file = SRRun01_grf.mot (nr=10005 nc=19)
[info] ExternalForce::RightGRF Data source being set to SRRun01_grf
[info] ExternalForce::LeftGRF Data source being set to SRRun01_grf
[info] Storage: read data file = SRRun01_grf.mot (nr=10005 nc=19)
[info] ExternalForce::RightGRF Data source being set to SRRun01_grf
[info] ExternalForce::LeftGRF Data source being set to SRRun01_grf
[info] Storage: read data file = SRRun01_grf.mot (nr=10005 nc=19)
[info] ExternalForce::RightGRF Data source being set to SRRun01_grf
[info] ExternalForce::LeftGRF Data source being set to SRRun01_grf
[info] Storage: read data file = SRRun01_grf.mot (nr=10005 nc=19)
[info] ExternalForce::RightGRF Data source being set to SRRun01_grf
[info] ExternalForce::LeftGRF Data source being set to SRRun01_grf
[info] Storage: read data file = SRRun01_grf.mot (nr=10005 nc=19)
[info] ExternalForce::RightGRF Data source being set to SRRun01_grf
[info] ExternalForce::LeftGRF Data source being set to SRRun01_grf
[info] Storage: read data file = SRRun01_grf.mot (nr=10005 nc=19)
[info] ExternalForce::RightGRF Data source being set to SRRun01_grf
[info] ExternalForce::LeftGRF Data source being set to SRRun01_grf
[info] Storage: read data file = SRRun01_grf.mot (nr=10005 nc=19)
[info] ExternalForce::RightGRF Data source being set to SRRun01_grf
[info] ExternalForce::LeftGRF Data source being set to SRRun01_grf
[info] Storage: read data file = SRRun01_grf.mot (nr=10005 nc=19)
[info] ExternalForce::RightGRF Data source being set to SRRun01_grf
[info] ExternalForce::LeftGRF Data source being set to SRRun01_grf
[info] Storage: read data file = SRRun01_grf.mot (nr=10005 nc=19)
[info] ExternalForce::RightGRF Data source being set to SRRun01_grf
[info] ExternalForce::LeftGRF Data source being set to SRRun01_grf
[info] Storage: read data file = SRRun01_grf.mot (nr=10005 nc=19)
[info] ExternalForce::RightGRF Data source being set to SRRun01_grf
[info] ExternalForce::LeftGRF Data source being set to SRRun01_grf
[info] Storage: read data file = SRRun01_grf.mot (nr=10005 nc=19)
[info] ExternalForce::RightGRF Data source being set to SRRun01_grf
[info] ExternalForce::LeftGRF Data source being set to SRRun01_grf
[info] Storage: read data file = SRRun01_grf.mot (nr=10005 nc=19)
[info] ExternalForce::RightGRF Data source being set to SRRun01_grf
[info] ExternalForce::LeftGRF Data source being set to SRRun01_grf
[info] Storage: read data file = SRRun01_grf.mot (nr=10005 nc=19)
[info] ExternalForce::RightGRF Data source being set to SRRun01_grf
[info] ExternalForce::LeftGRF Data source being set to SRRun01_grf
[info] Storage: read data file = SRRun01_grf.mot (nr=10005 nc=19)
[info] ExternalForce::RightGRF Data source being set to SRRun01_grf
[info] ExternalForce::LeftGRF Data source being set to SRRun01_grf
[info] Storage: read data file = SRRun01_grf.mot (nr=10005 nc=19)
[info] ExternalForce::RightGRF Data source being set to SRRun01_grf
[info] ExternalForce::LeftGRF Data source being set to SRRun01_grf
[info] Storage: read data file = SRRun01_grf.mot (nr=10005 nc=19)
[info] ExternalForce::RightGRF Data source being set to SRRun01_grf
[info] ExternalForce::LeftGRF Data source being set to SRRun01_grf
[info] Storage: read data file = SRRun01_grf.mot (nr=10005 nc=19)
[info] ExternalForce::RightGRF Data source being set to SRRun01_grf
[info] ExternalForce::LeftGRF Data source being set to SRRun01_grf
[info] Storage: read data file = SRRun01_grf.mot (nr=10005 nc=19)
[info] ExternalForce::RightGRF Data source being set to SRRun01_grf
[info] ExternalForce::LeftGRF Data source being set to SRRun01_grf
[info] Storage: read data file = SRRun01_grf.mot (nr=10005 nc=19)
[info] ExternalForce::RightGRF Data source being set to SRRun01_grf
[info] ExternalForce::LeftGRF Data source being set to SRRun01_grf
[info] Storage: read data file = SRRun01_grf.mot (nr=10005 nc=19)
[info] ExternalForce::RightGRF Data source being set to SRRun01_grf
[info] ExternalForce::LeftGRF Data source being set to SRRun01_grf
[info] Storage: read data file = SRRun01_grf.mot (nr=10005 nc=19)
[info] ExternalForce::RightGRF Data source being set to SRRun01_grf
[info] ExternalForce::LeftGRF Data source being set to SRRun01_grf
[info] Storage: read data file = SRRun01_grf.mot (nr=10005 nc=19)
[info] ExternalForce::RightGRF Data source being set to SRRun01_grf
[info] ExternalForce::LeftGRF Data source being set to SRRun01_grf
[info] Storage: read data file = SRRun01_grf.mot (nr=10005 nc=19)
[info] ExternalForce::RightGRF Data source being set to SRRun01_grf
[info] ExternalForce::LeftGRF Data source being set to SRRun01_grf
[info] Storage: read data file = SRRun01_grf.mot (nr=10005 nc=19)
[info] ExternalForce::RightGRF Data source being set to SRRun01_grf
[info] ExternalForce::LeftGRF Data source being set to SRRun01_grf
[info] Storage: read data file = SRRun01_grf.mot (nr=10005 nc=19)
[info] ExternalForce::RightGRF Data source being set to SRRun01_grf
[info] ExternalForce::LeftGRF Data source being set to SRRun01_grf
[info] Storage: read data file = SRRun01_grf.mot (nr=10005 nc=19)
[info] ExternalForce::RightGRF Data source being set to SRRun01_grf
[info] ExternalForce::LeftGRF Data source being set to SRRun01_grf
[info] Storage: read data file = SRRun01_grf.mot (nr=10005 nc=19)
[info] ExternalForce::RightGRF Data source being set to SRRun01_grf
[info] ExternalForce::LeftGRF Data source being set to SRRun01_grf
[info] Storage: read data file = SRRun01_grf.mot (nr=10005 nc=19)
[info] ExternalForce::RightGRF Data source being set to SRRun01_grf
[info] ExternalForce::LeftGRF Data source being set to SRRun01_grf
[info] Storage: read data file = SRRun01_grf.mot (nr=10005 nc=19)
[info] ExternalForce::RightGRF Data source being set to SRRun01_grf
[info] ExternalForce::LeftGRF Data source being set to SRRun01_grf
[info] Storage: read data file = SRRun01_grf.mot (nr=10005 nc=19)
[info] ExternalForce::RightGRF Data source being set to SRRun01_grf
[info] ExternalForce::LeftGRF Data source being set to SRRun01_grf
[info] Storage: read data file = SRRun01_grf.mot (nr=10005 nc=19)
[info] ExternalForce::RightGRF Data source being set to SRRun01_grf
[info] ExternalForce::LeftGRF Data source being set to SRRun01_grf
[info] Storage: read data file = SRRun01_grf.mot (nr=10005 nc=19)
[info] ExternalForce::RightGRF Data source being set to SRRun01_grf
[info] ExternalForce::LeftGRF Data source being set to SRRun01_grf
[info] Storage: read data file = SRRun01_grf.mot (nr=10005 nc=19)
[info] ExternalForce::RightGRF Data source being set to SRRun01_grf
[info] ExternalForce::LeftGRF Data source being set to SRRun01_grf
[info] Storage: read data file = SRRun01_grf.mot (nr=10005 nc=19)
[info] ExternalForce::RightGRF Data source being set to SRRun01_grf
[info] ExternalForce::LeftGRF Data source being set to SRRun01_grf
[info] Storage: read data file = SRRun01_grf.mot (nr=10005 nc=19)
[info] ExternalForce::RightGRF Data source being set to SRRun01_grf
[info] ExternalForce::LeftGRF Data source being set to SRRun01_grf
[info] Storage: read data file = SRRun01_grf.mot (nr=10005 nc=19)
[info] ExternalForce::RightGRF Data source being set to SRRun01_grf
[info] ExternalForce::LeftGRF Data source being set to SRRun01_grf
[info] Storage: read data file = SRRun01_grf.mot (nr=10005 nc=19)
[info] ExternalForce::RightGRF Data source being set to SRRun01_grf
[info] ExternalForce::LeftGRF Data source being set to SRRun01_grf
[info] Storage: read data file = SRRun01_grf.mot (nr=10005 nc=19)
[info] ExternalForce::RightGRF Data source being set to SRRun01_grf
[info] ExternalForce::LeftGRF Data source being set to SRRun01_grf
[info] Storage: read data file = SRRun01_grf.mot (nr=10005 nc=19)
[info] ExternalForce::RightGRF Data source being set to SRRun01_grf
[info] ExternalForce::LeftGRF Data source being set to SRRun01_grf
[info] Storage: read data file = SRRun01_grf.mot (nr=10005 nc=19)
[info] ExternalForce::RightGRF Data source being set to SRRun01_grf
[info] ExternalForce::LeftGRF Data source being set to SRRun01_grf
[info] Storage: read data file = SRRun01_grf.mot (nr=10005 nc=19)
[info] ExternalForce::RightGRF Data source being set to SRRun01_grf
[info] ExternalForce::LeftGRF Data source being set to SRRun01_grf
[info] Storage: read data file = SRRun01_grf.mot (nr=10005 nc=19)
[info] ExternalForce::RightGRF Data source being set to SRRun01_grf
[info] ExternalForce::LeftGRF Data source being set to SRRun01_grf
[info] Storage: read data file = SRRun01_grf.mot (nr=10005 nc=19)
[info] ExternalForce::RightGRF Data source being set to SRRun01_grf
[info] ExternalForce::LeftGRF Data source being set to SRRun01_grf
[info] Storage: read data file = SRRun01_grf.mot (nr=10005 nc=19)
[info] ExternalForce::RightGRF Data source being set to SRRun01_grf
[info] ExternalForce::LeftGRF Data source being set to SRRun01_grf
[info] Storage: read data file = SRRun01_grf.mot (nr=10005 nc=19)
[info] ExternalForce::RightGRF Data source being set to SRRun01_grf
[info] ExternalForce::LeftGRF Data source being set to SRRun01_grf
[info] Storage: read data file = SRRun01_grf.mot (nr=10005 nc=19)
[info] ExternalForce::RightGRF Data source being set to SRRun01_grf
[info] ExternalForce::LeftGRF Data source being set to SRRun01_grf
[info] Storage: read data file = SRRun01_grf.mot (nr=10005 nc=19)
[info] ExternalForce::RightGRF Data source being set to SRRun01_grf
[info] ExternalForce::LeftGRF Data source being set to SRRun01_grf
[info] Storage: read data file = SRRun01_grf.mot (nr=10005 nc=19)
[info] ExternalForce::RightGRF Data source being set to SRRun01_grf
[info] ExternalForce::LeftGRF Data source being set to SRRun01_grf
[info] Storage: read data file = SRRun01_grf.mot (nr=10005 nc=19)
[info] ExternalForce::RightGRF Data source being set to SRRun01_grf
[info] ExternalForce::LeftGRF Data source being set to SRRun01_grf
[info] Storage: read data file = SRRun01_grf.mot (nr=10005 nc=19)
[info] ExternalForce::RightGRF Data source being set to SRRun01_grf
[info] ExternalForce::LeftGRF Data source being set to SRRun01_grf
[info] Storage: read data file = SRRun01_grf.mot (nr=10005 nc=19)
[info] ExternalForce::RightGRF Data source being set to SRRun01_grf
[info] ExternalForce::LeftGRF Data source being set to SRRun01_grf
[info] Storage: read data file = SRRun01_grf.mot (nr=10005 nc=19)
[info] ExternalForce::RightGRF Data source being set to SRRun01_grf
[info] ExternalForce::LeftGRF Data source being set to SRRun01_grf
[info] Storage: read data file = SRRun01_grf.mot (nr=10005 nc=19)
[info] ExternalForce::RightGRF Data source being set to SRRun01_grf
[info] ExternalForce::LeftGRF Data source being set to SRRun01_grf
[info] Storage: read data file = SRRun01_grf.mot (nr=10005 nc=19)
[info] ExternalForce::RightGRF Data source being set to SRRun01_grf
[info] ExternalForce::LeftGRF Data source being set to SRRun01_grf
[info] Storage: read data file = SRRun01_grf.mot (nr=10005 nc=19)
[info] ExternalForce::RightGRF Data source being set to SRRun01_grf
[info] ExternalForce::LeftGRF Data source being set to SRRun01_grf
[info] Storage: read data file = SRRun01_grf.mot (nr=10005 nc=19)
[info] ExternalForce::RightGRF Data source being set to SRRun01_grf
[info] ExternalForce::LeftGRF Data source being set to SRRun01_grf
[info] Storage: read data file = SRRun01_grf.mot (nr=10005 nc=19)
[info] ExternalForce::RightGRF Data source being set to SRRun01_grf
[info] ExternalForce::LeftGRF Data source being set to SRRun01_grf
[info] Storage: read data file = SRRun01_grf.mot (nr=10005 nc=19)
[info] ExternalForce::RightGRF Data source being set to SRRun01_grf
[info] ExternalForce::LeftGRF Data source being set to SRRun01_grf
[info] Storage: read data file = SRRun01_grf.mot (nr=10005 nc=19)
[info] ExternalForce::RightGRF Data source being set to SRRun01_grf
[info] ExternalForce::LeftGRF Data source being set to SRRun01_grf
[info] Storage: read data file = SRRun01_grf.mot (nr=10005 nc=19)
[info] ExternalForce::RightGRF Data source being set to SRRun01_grf
[info] ExternalForce::LeftGRF Data source being set to SRRun01_grf
[info] Storage: read data file = SRRun01_grf.mot (nr=10005 nc=19)
[info] ExternalForce::RightGRF Data source being set to SRRun01_grf
[info] ExternalForce::LeftGRF Data source being set to SRRun01_grf
[info] Storage: read data file = SRRun01_grf.mot (nr=10005 nc=19)
[info] ExternalForce::RightGRF Data source being set to SRRun01_grf
[info] ExternalForce::LeftGRF Data source being set to SRRun01_grf
[info] Storage: read data file = SRRun01_grf.mot (nr=10005 nc=19)
[info] ExternalForce::RightGRF Data source being set to SRRun01_grf
[info] ExternalForce::LeftGRF Data source being set to SRRun01_grf
[info] Storage: read data file = SRRun01_grf.mot (nr=10005 nc=19)
[info] ExternalForce::RightGRF Data source being set to SRRun01_grf
[info] ExternalForce::LeftGRF Data source being set to SRRun01_grf
[info] Storage: read data file = SRRun01_grf.mot (nr=10005 nc=19)
[info] ExternalForce::RightGRF Data source being set to SRRun01_grf
[info] ExternalForce::LeftGRF Data source being set to SRRun01_grf
[info] Storage: read data file = SRRun01_grf.mot (nr=10005 nc=19)
[info] ExternalForce::RightGRF Data source being set to SRRun01_grf
[info] ExternalForce::LeftGRF Data source being set to SRRun01_grf
[info] Storage: read data file = SRRun01_grf.mot (nr=10005 nc=19)
[info] ExternalForce::RightGRF Data source being set to SRRun01_grf
[info] ExternalForce::LeftGRF Data source being set to SRRun01_grf
[info] Storage: read data file = SRRun01_grf.mot (nr=10005 nc=19)
[info] ExternalForce::RightGRF Data source being set to SRRun01_grf
[info] ExternalForce::LeftGRF Data source being set to SRRun01_grf
[info] Storage: read data file = SRRun01_grf.mot (nr=10005 nc=19)
[info] ExternalForce::RightGRF Data source being set to SRRun01_grf
[info] ExternalForce::LeftGRF Data source being set to SRRun01_grf
[info] Storage: read data file = SRRun01_grf.mot (nr=10005 nc=19)
[info] ExternalForce::RightGRF Data source being set to SRRun01_grf
[info] ExternalForce::LeftGRF Data source being set to SRRun01_grf
[info] Storage: read data file = SRRun01_grf.mot (nr=10005 nc=19)
[info] ExternalForce::RightGRF Data source being set to SRRun01_grf
[info] ExternalForce::LeftGRF Data source being set to SRRun01_grf
[info] Storage: read data file = SRRun01_grf.mot (nr=10005 nc=19)
[info] ExternalForce::RightGRF Data source being set to SRRun01_grf
[info] ExternalForce::LeftGRF Data source being set to SRRun01_grf
[info] Storage: read data file = SRRun01_grf.mot (nr=10005 nc=19)
[info] ExternalForce::RightGRF Data source being set to SRRun01_grf
[info] ExternalForce::LeftGRF Data source being set to SRRun01_grf
[info] Storage: read data file = SRRun01_grf.mot (nr=10005 nc=19)
[info] ExternalForce::RightGRF Data source being set to SRRun01_grf
[info] ExternalForce::LeftGRF Data source being set to SRRun01_grf
[info] Storage: read data file = SRRun01_grf.mot (nr=10005 nc=19)
[info] ExternalForce::RightGRF Data source being set to SRRun01_grf
[info] ExternalForce::LeftGRF Data source being set to SRRun01_grf
[info] Storage: read data file = SRRun01_grf.mot (nr=10005 nc=19)
[info] ExternalForce::RightGRF Data source being set to SRRun01_grf
[info] ExternalForce::LeftGRF Data source being set to SRRun01_grf
[info] Storage: read data file = SRRun01_grf.mot (nr=10005 nc=19)
[info] ExternalForce::RightGRF Data source being set to SRRun01_grf
[info] ExternalForce::LeftGRF Data source being set to SRRun01_grf
[info] Storage: read data file = SRRun01_grf.mot (nr=10005 nc=19)
[info] ExternalForce::RightGRF Data source being set to SRRun01_grf
[info] ExternalForce::LeftGRF Data source being set to SRRun01_grf
[info] Storage: read data file = SRRun01_grf.mot (nr=10005 nc=19)
[info] ExternalForce::RightGRF Data source being set to SRRun01_grf
[info] ExternalForce::LeftGRF Data source being set to SRRun01_grf
[info] Storage: read data file = SRRun01_grf.mot (nr=10005 nc=19)
[info] ExternalForce::RightGRF Data source being set to SRRun01_grf
[info] ExternalForce::LeftGRF Data source being set to SRRun01_grf
[info] Storage: read data file = SRRun01_grf.mot (nr=10005 nc=19)
[info] ExternalForce::RightGRF Data source being set to SRRun01_grf
[info] ExternalForce::LeftGRF Data source being set to SRRun01_grf
[info] Storage: read data file = SRRun01_grf.mot (nr=10005 nc=19)
[info] ExternalForce::RightGRF Data source being set to SRRun01_grf
[info] ExternalForce::LeftGRF Data source being set to SRRun01_grf
[info] Storage: read data file = SRRun01_grf.mot (nr=10005 nc=19)
[info] ExternalForce::RightGRF Data source being set to SRRun01_grf
[info] ExternalForce::LeftGRF Data source being set to SRRun01_grf
[info] Storage: read data file = SRRun01_grf.mot (nr=10005 nc=19)
[info] ExternalForce::RightGRF Data source being set to SRRun01_grf
[info] ExternalForce::LeftGRF Data source being set to SRRun01_grf
[info] Storage: read data file = SRRun01_grf.mot (nr=10005 nc=19)
[info] ExternalForce::RightGRF Data source being set to SRRun01_grf
[info] ExternalForce::LeftGRF Data source being set to SRRun01_grf
[info] Storage: read data file = SRRun01_grf.mot (nr=10005 nc=19)
[info] ExternalForce::RightGRF Data source being set to SRRun01_grf
[info] ExternalForce::LeftGRF Data source being set to SRRun01_grf
[info] Storage: read data file = SRRun01_grf.mot (nr=10005 nc=19)
[info] ExternalForce::RightGRF Data source being set to SRRun01_grf
[info] ExternalForce::LeftGRF Data source being set to SRRun01_grf
[info] Storage: read data file = SRRun01_grf.mot (nr=10005 nc=19)
[info] ExternalForce::RightGRF Data source being set to SRRun01_grf
[info] ExternalForce::LeftGRF Data source being set to SRRun01_grf
[info] Storage: read data file = SRRun01_grf.mot (nr=10005 nc=19)
[info] ExternalForce::RightGRF Data source being set to SRRun01_grf
[info] ExternalForce::LeftGRF Data source being set to SRRun01_grf
[info] Storage: read data file = SRRun01_grf.mot (nr=10005 nc=19)
[info] ExternalForce::RightGRF Data source being set to SRRun01_grf
[info] ExternalForce::LeftGRF Data source being set to SRRun01_grf
[info] Storage: read data file = SRRun01_grf.mot (nr=10005 nc=19)
[info] ExternalForce::RightGRF Data source being set to SRRun01_grf
[info] ExternalForce::LeftGRF Data source being set to SRRun01_grf
[info] Storage: read data file = SRRun01_grf.mot (nr=10005 nc=19)
[info] ExternalForce::RightGRF Data source being set to SRRun01_grf
[info] ExternalForce::LeftGRF Data source being set to SRRun01_grf
[info] Storage: read data file = SRRun01_grf.mot (nr=10005 nc=19)
[info] ExternalForce::RightGRF Data source being set to SRRun01_grf
[info] ExternalForce::LeftGRF Data source being set to SRRun01_grf
[info] Storage: read data file = SRRun01_grf.mot (nr=10005 nc=19)
[info] ExternalForce::RightGRF Data source being set to SRRun01_grf
[info] ExternalForce::LeftGRF Data source being set to SRRun01_grf
[info] Storage: read data file = SRRun01_grf.mot (nr=10005 nc=19)
[info] ExternalForce::RightGRF Data source being set to SRRun01_grf
[info] ExternalForce::LeftGRF Data source being set to SRRun01_grf
[info] Storage: read data file = SRRun01_grf.mot (nr=10005 nc=19)
[info] ExternalForce::RightGRF Data source being set to SRRun01_grf
[info] ExternalForce::LeftGRF Data source being set to SRRun01_grf
[info] Storage: read data file = SRRun01_grf.mot (nr=10005 nc=19)
[info] ExternalForce::RightGRF Data source being set to SRRun01_grf
[info] ExternalForce::LeftGRF Data source being set to SRRun01_grf
[info] Storage: read data file = SRRun01_grf.mot (nr=10005 nc=19)
[info] ExternalForce::RightGRF Data source being set to SRRun01_grf
[info] ExternalForce::LeftGRF Data source being set to SRRun01_grf
[info] Storage: read data file = SRRun01_grf.mot (nr=10005 nc=19)
[info] ExternalForce::RightGRF Data source being set to SRRun01_grf
[info] ExternalForce::LeftGRF Data source being set to SRRun01_grf
[info] Storage: read data file = SRRun01_grf.mot (nr=10005 nc=19)
[info] ExternalForce::RightGRF Data source being set to SRRun01_grf
[info] ExternalForce::LeftGRF Data source being set to SRRun01_grf
[info] Storage: read data file = SRRun01_grf.mot (nr=10005 nc=19)
[info] ExternalForce::RightGRF Data source being set to SRRun01_grf
[info] ExternalForce::LeftGRF Data source being set to SRRun01_grf
[info] Storage: read data file = SRRun01_grf.mot (nr=10005 nc=19)
[info] ExternalForce::RightGRF Data source being set to SRRun01_grf
[info] ExternalForce::LeftGRF Data source being set to SRRun01_grf
[info] Storage: read data file = SRRun01_grf.mot (nr=10005 nc=19)
[info] ExternalForce::RightGRF Data source being set to SRRun01_grf
[info] ExternalForce::LeftGRF Data source being set to SRRun01_grf
[info] Storage: read data file = SRRun01_grf.mot (nr=10005 nc=19)
[info] ExternalForce::RightGRF Data source being set to SRRun01_grf
[info] ExternalForce::LeftGRF Data source being set to SRRun01_grf
[info] Storage: read data file = SRRun01_grf.mot (nr=10005 nc=19)
[info] ExternalForce::RightGRF Data source being set to SRRun01_grf
[info] ExternalForce::LeftGRF Data source being set to SRRun01_grf
[info] Storage: read data file = SRRun01_grf.mot (nr=10005 nc=19)
[info] ExternalForce::RightGRF Data source being set to SRRun01_grf
[info] ExternalForce::LeftGRF Data source being set to SRRun01_grf
[info] Storage: read data file = SRRun01_grf.mot (nr=10005 nc=19)
[info] ExternalForce::RightGRF Data source being set to SRRun01_grf
[info] ExternalForce::LeftGRF Data source being set to SRRun01_grf
[info] Storage: read data file = SRRun01_grf.mot (nr=10005 nc=19)
[info] ExternalForce::RightGRF Data source being set to SRRun01_grf
[info] ExternalForce::LeftGRF Data source being set to SRRun01_grf
[info] Storage: read data file = SRRun01_grf.mot (nr=10005 nc=19)
[info] ExternalForce::RightGRF Data source being set to SRRun01_grf
[info] ExternalForce::LeftGRF Data source being set to SRRun01_grf
[info] Storage: read data file = SRRun01_grf.mot (nr=10005 nc=19)
[info] ExternalForce::RightGRF Data source being set to SRRun01_grf
[info] ExternalForce::LeftGRF Data source being set to SRRun01_grf
[info] Storage: read data file = SRRun01_grf.mot (nr=10005 nc=19)
[info] ExternalForce::RightGRF Data source being set to SRRun01_grf
[info] ExternalForce::LeftGRF Data source being set to SRRun01_grf
[info] Storage: read data file = SRRun01_grf.mot (nr=10005 nc=19)
[info] ExternalForce::RightGRF Data source being set to SRRun01_grf
[info] ExternalForce::LeftGRF Data source being set to SRRun01_grf
[info] Storage: read data file = SRRun01_grf.mot (nr=10005 nc=19)
[info] ExternalForce::RightGRF Data source being set to SRRun01_grf
[info] ExternalForce::LeftGRF Data source being set to SRRun01_grf
[info] Storage: read data file = SRRun01_grf.mot (nr=10005 nc=19)
[info] ExternalForce::RightGRF Data source being set to SRRun01_grf
[info] ExternalForce::LeftGRF Data source being set to SRRun01_grf
[info] Storage: read data file = SRRun01_grf.mot (nr=10005 nc=19)
[info] ExternalForce::RightGRF Data source being set to SRRun01_grf
[info] ExternalForce::LeftGRF Data source being set to SRRun01_grf
[info] Storage: read data file = SRRun01_grf.mot (nr=10005 nc=19)
[info] ExternalForce::RightGRF Data source being set to SRRun01_grf
[info] ExternalForce::LeftGRF Data source being set to SRRun01_grf
[info] Storage: read data file = SRRun01_grf.mot (nr=10005 nc=19)
[info] ExternalForce::RightGRF Data source being set to SRRun01_grf
[info] ExternalForce::LeftGRF Data source being set to SRRun01_grf
[info] Storage: read data file = SRRun01_grf.mot (nr=10005 nc=19)
[info] ExternalForce::RightGRF Data source being set to SRRun01_grf
[info] ExternalForce::LeftGRF Data source being set to SRRun01_grf
[info] Storage: read data file = SRRun01_grf.mot (nr=10005 nc=19)
[info] ExternalForce::RightGRF Data source being set to SRRun01_grf
[info] ExternalForce::LeftGRF Data source being set to SRRun01_grf
[info] Storage: read data file = SRRun01_grf.mot (nr=10005 nc=19)
[info] ExternalForce::RightGRF Data source being set to SRRun01_grf
[info] ExternalForce::LeftGRF Data source being set to SRRun01_grf
[info] Storage: read data file = SRRun01_grf.mot (nr=10005 nc=19)
[info] ExternalForce::RightGRF Data source being set to SRRun01_grf
[info] ExternalForce::LeftGRF Data source being set to SRRun01_grf
[info] Storage: read data file = SRRun01_grf.mot (nr=10005 nc=19)
[info] ExternalForce::RightGRF Data source being set to SRRun01_grf
[info] ExternalForce::LeftGRF Data source being set to SRRun01_grf
[info] Storage: read data file = SRRun01_grf.mot (nr=10005 nc=19)
[info] ExternalForce::RightGRF Data source being set to SRRun01_grf
[info] ExternalForce::LeftGRF Data source being set to SRRun01_grf
[info] Storage: read data file = SRRun01_grf.mot (nr=10005 nc=19)
[info] ExternalForce::RightGRF Data source being set to SRRun01_grf
[info] ExternalForce::LeftGRF Data source being set to SRRun01_grf
[info] Storage: read data file = SRRun01_grf.mot (nr=10005 nc=19)
[info] ExternalForce::RightGRF Data source being set to SRRun01_grf
[info] ExternalForce::LeftGRF Data source being set to SRRun01_grf
[info] Storage: read data file = SRRun01_grf.mot (nr=10005 nc=19)
[info] ExternalForce::RightGRF Data source being set to SRRun01_grf
[info] ExternalForce::LeftGRF Data source being set to SRRun01_grf
[info] Storage: read data file = SRRun01_grf.mot (nr=10005 nc=19)
[info] ExternalForce::RightGRF Data source being set to SRRun01_grf
[info] ExternalForce::LeftGRF Data source being set to SRRun01_grf
[info] Storage: read data file = SRRun01_grf.mot (nr=10005 nc=19)
[info] ExternalForce::RightGRF Data source being set to SRRun01_grf
[info] ExternalForce::LeftGRF Data source being set to SRRun01_grf
[info] Storage: read data file = SRRun01_grf.mot (nr=10005 nc=19)
[info] ExternalForce::RightGRF Data source being set to SRRun01_grf
[info] ExternalForce::LeftGRF Data source being set to SRRun01_grf
[info] Storage: read data file = SRRun01_grf.mot (nr=10005 nc=19)
[info] ExternalForce::RightGRF Data source being set to SRRun01_grf
[info] ExternalForce::LeftGRF Data source being set to SRRun01_grf
[info] Storage: read data file = SRRun01_grf.mot (nr=10005 nc=19)
[info] ExternalForce::RightGRF Data source being set to SRRun01_grf
[info] ExternalForce::LeftGRF Data source being set to SRRun01_grf
[info] Storage: read data file = SRRun01_grf.mot (nr=10005 nc=19)
[info] ExternalForce::RightGRF Data source being set to SRRun01_grf
[info] ExternalForce::LeftGRF Data source being set to SRRun01_grf
[info] Storage: read data file = SRRun01_grf.mot (nr=10005 nc=19)
[info] ExternalForce::RightGRF Data source being set to SRRun01_grf
[info] ExternalForce::LeftGRF Data source being set to SRRun01_grf
[info] Storage: read data file = SRRun01_grf.mot (nr=10005 nc=19)
[info] ExternalForce::RightGRF Data source being set to SRRun01_grf
[info] ExternalForce::LeftGRF Data source being set to SRRun01_grf
[info] Storage: read data file = SRRun01_grf.mot (nr=10005 nc=19)
[info] ExternalForce::RightGRF Data source being set to SRRun01_grf
[info] ExternalForce::LeftGRF Data source being set to SRRun01_grf
[info] Storage: read data file = SRRun01_grf.mot (nr=10005 nc=19)
[info] ExternalForce::RightGRF Data source being set to SRRun01_grf
[info] ExternalForce::LeftGRF Data source being set to SRRun01_grf
[info] Storage: read data file = SRRun01_grf.mot (nr=10005 nc=19)
[info] ExternalForce::RightGRF Data source being set to SRRun01_grf
[info] ExternalForce::LeftGRF Data source being set to SRRun01_grf
[info] Storage: read data file = SRRun01_grf.mot (nr=10005 nc=19)
[info] ExternalForce::RightGRF Data source being set to SRRun01_grf
[info] ExternalForce::LeftGRF Data source being set to SRRun01_grf
[info] Storage: read data file = SRRun01_grf.mot (nr=10005 nc=19)
[info] ExternalForce::RightGRF Data source being set to SRRun01_grf
[info] ExternalForce::LeftGRF Data source being set to SRRun01_grf
[info] Storage: read data file = SRRun01_grf.mot (nr=10005 nc=19)
[info] ExternalForce::RightGRF Data source being set to SRRun01_grf
[info] ExternalForce::LeftGRF Data source being set to SRRun01_grf
[info] Storage: read data file = SRRun01_grf.mot (nr=10005 nc=19)
[info] ExternalForce::RightGRF Data source being set to SRRun01_grf
[info] ExternalForce::LeftGRF Data source being set to SRRun01_grf
[info] Storage: read data file = SRRun01_grf.mot (nr=10005 nc=19)
[info] ExternalForce::RightGRF Data source being set to SRRun01_grf
[info] ExternalForce::LeftGRF Data source being set to SRRun01_grf
[info] Storage: read data file = SRRun01_grf.mot (nr=10005 nc=19)
[info] ExternalForce::RightGRF Data source being set to SRRun01_grf
[info] ExternalForce::LeftGRF Data source being set to SRRun01_grf
[info] Storage: read data file = SRRun01_grf.mot (nr=10005 nc=19)
[info] ExternalForce::RightGRF Data source being set to SRRun01_grf
[info] ExternalForce::LeftGRF Data source being set to SRRun01_grf
[info] Storage: read data file = SRRun01_grf.mot (nr=10005 nc=19)
[info] ExternalForce::RightGRF Data source being set to SRRun01_grf
[info] ExternalForce::LeftGRF Data source being set to SRRun01_grf
[info] Storage: read data file = SRRun01_grf.mot (nr=10005 nc=19)
[info] ExternalForce::RightGRF Data source being set to SRRun01_grf
[info] ExternalForce::LeftGRF Data source being set to SRRun01_grf
[info] Storage: read data file = SRRun01_grf.mot (nr=10005 nc=19)
[info] ExternalForce::RightGRF Data source being set to SRRun01_grf
[info] ExternalForce::LeftGRF Data source being set to SRRun01_grf
[info] Storage: read data file = SRRun01_grf.mot (nr=10005 nc=19)
[info] ExternalForce::RightGRF Data source being set to SRRun01_grf
[info] ExternalForce::LeftGRF Data source being set to SRRun01_grf
[info] Storage: read data file = SRRun01_grf.mot (nr=10005 nc=19)
[info] ExternalForce::RightGRF Data source being set to SRRun01_grf
[info] ExternalForce::LeftGRF Data source being set to SRRun01_grf
[info] Storage: read data file = SRRun01_grf.mot (nr=10005 nc=19)
[info] ExternalForce::RightGRF Data source being set to SRRun01_grf
[info] ExternalForce::LeftGRF Data source being set to SRRun01_grf
[info] Storage: read data file = SRRun01_grf.mot (nr=10005 nc=19)
[info] ExternalForce::RightGRF Data source being set to SRRun01_grf
[info] ExternalForce::LeftGRF Data source being set to SRRun01_grf
[info] Storage: read data file = SRRun01_grf.mot (nr=10005 nc=19)
[info] ExternalForce::RightGRF Data source being set to SRRun01_grf
[info] ExternalForce::LeftGRF Data source being set to SRRun01_grf
[info] Storage: read data file = SRRun01_grf.mot (nr=10005 nc=19)
[info] ExternalForce::RightGRF Data source being set to SRRun01_grf
[info] ExternalForce::LeftGRF Data source being set to SRRun01_grf
[info] Storage: read data file = SRRun01_grf.mot (nr=10005 nc=19)
[info] ExternalForce::RightGRF Data source being set to SRRun01_grf
[info] ExternalForce::LeftGRF Data source being set to SRRun01_grf
[info] Storage: read data file = SRRun01_grf.mot (nr=10005 nc=19)
[info] ExternalForce::RightGRF Data source being set to SRRun01_grf
[info] ExternalForce::LeftGRF Data source being set to SRRun01_grf
[info] Storage: read data file = SRRun01_grf.mot (nr=10005 nc=19)
[info] ExternalForce::RightGRF Data source being set to SRRun01_grf
[info] ExternalForce::LeftGRF Data source being set to SRRun01_grf
[info] Storage: read data file = SRRun01_grf.mot (nr=10005 nc=19)
[info] ExternalForce::RightGRF Data source being set to SRRun01_grf
[info] ExternalForce::LeftGRF Data source being set to SRRun01_grf
[info] Storage: read data file = SRRun01_grf.mot (nr=10005 nc=19)
[info] ExternalForce::RightGRF Data source being set to SRRun01_grf
[info] ExternalForce::LeftGRF Data source being set to SRRun01_grf
[info] Storage: read data file = SRRun01_grf.mot (nr=10005 nc=19)
[info] ExternalForce::RightGRF Data source being set to SRRun01_grf
[info] ExternalForce::LeftGRF Data source being set to SRRun01_grf
[info] Storage: read data file = SRRun01_grf.mot (nr=10005 nc=19)
[info] ExternalForce::RightGRF Data source being set to SRRun01_grf
[info] ExternalForce::LeftGRF Data source being set to SRRun01_grf
[info] Storage: read data file = SRRun01_grf.mot (nr=10005 nc=19)
[info] ExternalForce::RightGRF Data source being set to SRRun01_grf
[info] ExternalForce::LeftGRF Data source being set to SRRun01_grf
[info] Storage: read data file = SRRun01_grf.mot (nr=10005 nc=19)
[info] ExternalForce::RightGRF Data source being set to SRRun01_grf
[info] ExternalForce::LeftGRF Data source being set to SRRun01_grf
[info] Storage: read data file = SRRun01_grf.mot (nr=10005 nc=19)
[info] ExternalForce::RightGRF Data source being set to SRRun01_grf
[info] ExternalForce::LeftGRF Data source being set to SRRun01_grf
[info] Storage: read data file = SRRun01_grf.mot (nr=10005 nc=19)
[info] ExternalForce::RightGRF Data source being set to SRRun01_grf
[info] ExternalForce::LeftGRF Data source being set to SRRun01_grf
[info] Storage: read data file = SRRun01_grf.mot (nr=10005 nc=19)
[info] ExternalForce::RightGRF Data source being set to SRRun01_grf
[info] ExternalForce::LeftGRF Data source being set to SRRun01_grf
[info] Storage: read data file = SRRun01_grf.mot (nr=10005 nc=19)
[info] ExternalForce::RightGRF Data source being set to SRRun01_grf
[info] ExternalForce::LeftGRF Data source being set to SRRun01_grf
[info] Storage: read data file = SRRun01_grf.mot (nr=10005 nc=19)
[info] ExternalForce::RightGRF Data source being set to SRRun01_grf
[info] ExternalForce::LeftGRF Data source being set to SRRun01_grf
[info] Storage: read data file = SRRun01_grf.mot (nr=10005 nc=19)
[info] ExternalForce::RightGRF Data source being set to SRRun01_grf
[info] ExternalForce::LeftGRF Data source being set to SRRun01_grf
[info] Storage: read data file = SRRun01_grf.mot (nr=10005 nc=19)
[info] ExternalForce::RightGRF Data source being set to SRRun01_grf
[info] ExternalForce::LeftGRF Data source being set to SRRun01_grf
[info] Storage: read data file = SRRun01_grf.mot (nr=10005 nc=19)
[info] ExternalForce::RightGRF Data source being set to SRRun01_grf
[info] ExternalForce::LeftGRF Data source being set to SRRun01_grf
[info] Storage: read data file = SRRun01_grf.mot (nr=10005 nc=19)
[info] ExternalForce::RightGRF Data source being set to SRRun01_grf
[info] ExternalForce::LeftGRF Data source being set to SRRun01_grf
[info] Storage: read data file = SRRun01_grf.mot (nr=10005 nc=19)
[info] ExternalForce::RightGRF Data source being set to SRRun01_grf
[info] ExternalForce::LeftGRF Data source being set to SRRun01_grf
[info] Storage: read data file = SRRun01_grf.mot (nr=10005 nc=19)
[info] ExternalForce::RightGRF Data source being set to SRRun01_grf
[info] ExternalForce::LeftGRF Data source being set to SRRun01_grf
[info] Storage: read data file = SRRun01_grf.mot (nr=10005 nc=19)
[info] ExternalForce::RightGRF Data source being set to SRRun01_grf
[info] ExternalForce::LeftGRF Data source being set to SRRun01_grf
[info] Storage: read data file = SRRun01_grf.mot (nr=10005 nc=19)
[info] ExternalForce::RightGRF Data source being set to SRRun01_grf
[info] ExternalForce::LeftGRF Data source being set to SRRun01_grf
[info] Storage: read data file = SRRun01_grf.mot (nr=10005 nc=19)
[info] ExternalForce::RightGRF Data source being set to SRRun01_grf
[info] ExternalForce::LeftGRF Data source being set to SRRun01_grf
[info] Storage: read data file = SRRun01_grf.mot (nr=10005 nc=19)
[info] ExternalForce::RightGRF Data source being set to SRRun01_grf
[info] ExternalForce::LeftGRF Data source being set to SRRun01_grf
[info] Storage: read data file = SRRun01_grf.mot (nr=10005 nc=19)
[info] ExternalForce::RightGRF Data source being set to SRRun01_grf
[info] ExternalForce::LeftGRF Data source being set to SRRun01_grf
[info] Storage: read data file = SRRun01_grf.mot (nr=10005 nc=19)
[info] ExternalForce::RightGRF Data source being set to SRRun01_grf
[info] ExternalForce::LeftGRF Data source being set to SRRun01_grf
[info] Storage: read data file = SRRun01_grf.mot (nr=10005 nc=19)
[info] ExternalForce::RightGRF Data source being set to SRRun01_grf
[info] ExternalForce::LeftGRF Data source being set to SRRun01_grf
[info] Storage: read data file = SRRun01_grf.mot (nr=10005 nc=19)
[info] ExternalForce::RightGRF Data source being set to SRRun01_grf
[info] ExternalForce::LeftGRF Data source being set to SRRun01_grf
[info] Storage: read data file = SRRun01_grf.mot (nr=10005 nc=19)
[info] ExternalForce::RightGRF Data source being set to SRRun01_grf
[info] ExternalForce::LeftGRF Data source being set to SRRun01_grf
[info] Storage: read data file = SRRun01_grf.mot (nr=10005 nc=19)
[info] ExternalForce::RightGRF Data source being set to SRRun01_grf
[info] ExternalForce::LeftGRF Data source being set to SRRun01_grf
[info] Storage: read data file = SRRun01_grf.mot (nr=10005 nc=19)
[info] ExternalForce::RightGRF Data source being set to SRRun01_grf
[info] ExternalForce::LeftGRF Data source being set to SRRun01_grf
[info] Storage: read data file = SRRun01_grf.mot (nr=10005 nc=19)
[info] ExternalForce::RightGRF Data source being set to SRRun01_grf
[info] ExternalForce::LeftGRF Data source being set to SRRun01_grf
[info] Storage: read data file = SRRun01_grf.mot (nr=10005 nc=19)
[info] ExternalForce::RightGRF Data source being set to SRRun01_grf
[info] ExternalForce::LeftGRF Data source being set to SRRun01_grf
[info] Storage: read data file = SRRun01_grf.mot (nr=10005 nc=19)
[info] ExternalForce::RightGRF Data source being set to SRRun01_grf
[info] ExternalForce::LeftGRF Data source being set to SRRun01_grf
[info] Storage: read data file = SRRun01_grf.mot (nr=10005 nc=19)
[info] ExternalForce::RightGRF Data source being set to SRRun01_grf
[info] ExternalForce::LeftGRF Data source being set to SRRun01_grf
[info] Storage: read data file = SRRun01_grf.mot (nr=10005 nc=19)
[info] ExternalForce::RightGRF Data source being set to SRRun01_grf
[info] ExternalForce::LeftGRF Data source being set to SRRun01_grf
[info] Storage: read data file = SRRun01_grf.mot (nr=10005 nc=19)
[info] ExternalForce::RightGRF Data source being set to SRRun01_grf
[info] ExternalForce::LeftGRF Data source being set to SRRun01_grf
[info] Storage: read data file = SRRun01_grf.mot (nr=10005 nc=19)
[info] ExternalForce::RightGRF Data source being set to SRRun01_grf
[info] ExternalForce::LeftGRF Data source being set to SRRun01_grf
[info] Storage: read data file = SRRun01_grf.mot (nr=10005 nc=19)
[info] ExternalForce::RightGRF Data source being set to SRRun01_grf
[info] ExternalForce::LeftGRF Data source being set to SRRun01_grf
[info] Storage: read data file = SRRun01_grf.mot (nr=10005 nc=19)
[info] ExternalForce::RightGRF Data source being set to SRRun01_grf
[info] ExternalForce::LeftGRF Data source being set to SRRun01_grf
[info] Storage: read data file = SRRun01_grf.mot (nr=10005 nc=19)
[info] ExternalForce::RightGRF Data source being set to SRRun01_grf
[info] ExternalForce::LeftGRF Data source being set to SRRun01_grf
[info] Storage: read data file = SRRun01_grf.mot (nr=10005 nc=19)
[info] ExternalForce::RightGRF Data source being set to SRRun01_grf
[info] ExternalForce::LeftGRF Data source being set to SRRun01_grf
[info] Storage: read data file = SRRun01_grf.mot (nr=10005 nc=19)
[info] ExternalForce::RightGRF Data source being set to SRRun01_grf
[info] ExternalForce::LeftGRF Data source being set to SRRun01_grf
[info] Storage: read data file = SRRun01_grf.mot (nr=10005 nc=19)
[info] ExternalForce::RightGRF Data source being set to SRRun01_grf
[info] ExternalForce::LeftGRF Data source being set to SRRun01_grf
[info] Storage: read data file = SRRun01_grf.mot (nr=10005 nc=19)
[info] ExternalForce::RightGRF Data source being set to SRRun01_grf
[info] ExternalForce::LeftGRF Data source being set to SRRun01_grf
[info] Storage: read data file = SRRun01_grf.mot (nr=10005 nc=19)
[info] ExternalForce::RightGRF Data source being set to SRRun01_grf
[info] ExternalForce::LeftGRF Data source being set to SRRun01_grf
[info] Storage: read data file = SRRun01_grf.mot (nr=10005 nc=19)
[info] ExternalForce::RightGRF Data source being set to SRRun01_grf
[info] ExternalForce::LeftGRF Data source being set to SRRun01_grf
[info] Storage: read data file = SRRun01_grf.mot (nr=10005 nc=19)
[info] ExternalForce::RightGRF Data source being set to SRRun01_grf
[info] ExternalForce::LeftGRF Data source being set to SRRun01_grf
[info] Storage: read data file = SRRun01_grf.mot (nr=10005 nc=19)
[info] ExternalForce::RightGRF Data source being set to SRRun01_grf
[info] ExternalForce::LeftGRF Data source being set to SRRun01_grf
[info] Storage: read data file = SRRun01_grf.mot (nr=10005 nc=19)
[info] ExternalForce::RightGRF Data source being set to SRRun01_grf
[info] ExternalForce::LeftGRF Data source being set to SRRun01_grf
[info] Storage: read data file = SRRun01_grf.mot (nr=10005 nc=19)
[info] ExternalForce::RightGRF Data source being set to SRRun01_grf
[info] ExternalForce::LeftGRF Data source being set to SRRun01_grf
[info] Storage: read data file = SRRun01_grf.mot (nr=10005 nc=19)
[info] ExternalForce::RightGRF Data source being set to SRRun01_grf
[info] ExternalForce::LeftGRF Data source being set to SRRun01_grf
[info] Storage: read data file = SRRun01_grf.mot (nr=10005 nc=19)
[info] ExternalForce::RightGRF Data source being set to SRRun01_grf
[info] ExternalForce::LeftGRF Data source being set to SRRun01_grf
[info] Storage: read data file = SRRun01_grf.mot (nr=10005 nc=19)
[info] ExternalForce::RightGRF Data source being set to SRRun01_grf
[info] ExternalForce::LeftGRF Data source being set to SRRun01_grf
[info] Storage: read data file = SRRun01_grf.mot (nr=10005 nc=19)
[info] ExternalForce::RightGRF Data source being set to SRRun01_grf
[info] ExternalForce::LeftGRF Data source being set to SRRun01_grf
[info] Storage: read data file = SRRun01_grf.mot (nr=10005 nc=19)
[info] ExternalForce::RightGRF Data source being set to SRRun01_grf
[info] ExternalForce::LeftGRF Data source being set to SRRun01_grf
[info] Storage: read data file = SRRun01_grf.mot (nr=10005 nc=19)
[info] ExternalForce::RightGRF Data source being set to SRRun01_grf
[info] ExternalForce::LeftGRF Data source being set to SRRun01_grf
[info] Storage: read data file = SRRun01_grf.mot (nr=10005 nc=19)
[info] ExternalForce::RightGRF Data source being set to SRRun01_grf
[info] ExternalForce::LeftGRF Data source being set to SRRun01_grf
[info] Storage: read data file = SRRun01_grf.mot (nr=10005 nc=19)
[info] ExternalForce::RightGRF Data source being set to SRRun01_grf
[info] ExternalForce::LeftGRF Data source being set to SRRun01_grf
[info] Storage: read data file = SRRun01_grf.mot (nr=10005 nc=19)
[info] ExternalForce::RightGRF Data source being set to SRRun01_grf
[info] ExternalForce::LeftGRF Data source being set to SRRun01_grf
[info] Storage: read data file = SRRun01_grf.mot (nr=10005 nc=19)
[info] ExternalForce::RightGRF Data source being set to SRRun01_grf
[info] ExternalForce::LeftGRF Data source being set to SRRun01_grf
[info] Storage: read data file = SRRun01_grf.mot (nr=10005 nc=19)
[info] ExternalForce::RightGRF Data source being set to SRRun01_grf
[info] ExternalForce::LeftGRF Data source being set to SRRun01_grf
[info] Storage: read data file = SRRun01_grf.mot (nr=10005 nc=19)
[info] ExternalForce::RightGRF Data source being set to SRRun01_grf
[info] ExternalForce::LeftGRF Data source being set to SRRun01_grf
[info] Storage: read data file = SRRun01_grf.mot (nr=10005 nc=19)
[info] ExternalForce::RightGRF Data source being set to SRRun01_grf
[info] ExternalForce::LeftGRF Data source being set to SRRun01_grf
[info] Storage: read data file = SRRun01_grf.mot (nr=10005 nc=19)
[info] ExternalForce::RightGRF Data source being set to SRRun01_grf
[info] ExternalForce::LeftGRF Data source being set to SRRun01_grf
[info] Storage: read data file = SRRun01_grf.mot (nr=10005 nc=19)
[info] ExternalForce::RightGRF Data source being set to SRRun01_grf
[info] ExternalForce::LeftGRF Data source being set to SRRun01_grf
[info] Storage: read data file = SRRun01_grf.mot (nr=10005 nc=19)
[info] ExternalForce::RightGRF Data source being set to SRRun01_grf
[info] ExternalForce::LeftGRF Data source being set to SRRun01_grf
[info] Storage: read data file = SRRun01_grf.mot (nr=10005 nc=19)
[info] ExternalForce::RightGRF Data source being set to SRRun01_grf
[info] ExternalForce::LeftGRF Data source being set to SRRun01_grf
[info] Storage: read data file = SRRun01_grf.mot (nr=10005 nc=19)
[info] ExternalForce::RightGRF Data source being set to SRRun01_grf
[info] ExternalForce::LeftGRF Data source being set to SRRun01_grf
[info] Storage: read data file = SRRun01_grf.mot (nr=10005 nc=19)
[info] ExternalForce::RightGRF Data source being set to SRRun01_grf
[info] ExternalForce::LeftGRF Data source being set to SRRun01_grf
[info] Storage: read data file = SRRun01_grf.mot (nr=10005 nc=19)
[info] ExternalForce::RightGRF Data source being set to SRRun01_grf
[info] ExternalForce::LeftGRF Data source being set to SRRun01_grf
[info] Storage: read data file = SRRun01_grf.mot (nr=10005 nc=19)
[info] ExternalForce::RightGRF Data source being set to SRRun01_grf
[info] ExternalForce::LeftGRF Data source being set to SRRun01_grf
[info] Storage: read data file = SRRun01_grf.mot (nr=10005 nc=19)
[info] ExternalForce::RightGRF Data source being set to SRRun01_grf
[info] ExternalForce::LeftGRF Data source being set to SRRun01_grf
[info] Storage: read data file = SRRun01_grf.mot (nr=10005 nc=19)
[info] ExternalForce::RightGRF Data source being set to SRRun01_grf
[info] ExternalForce::LeftGRF Data source being set to SRRun01_grf
[info] Storage: read data file = SRRun01_grf.mot (nr=10005 nc=19)
[info] ExternalForce::RightGRF Data source being set to SRRun01_grf
[info] ExternalForce::LeftGRF Data source being set to SRRun01_grf
[info] Storage: read data file = SRRun01_grf.mot (nr=10005 nc=19)
[info] ExternalForce::RightGRF Data source being set to SRRun01_grf
[info] ExternalForce::LeftGRF Data source being set to SRRun01_grf
[info] Storage: read data file = SRRun01_grf.mot (nr=10005 nc=19)
[info] ExternalForce::RightGRF Data source being set to SRRun01_grf
[info] ExternalForce::LeftGRF Data source being set to SRRun01_grf
[info] Storage: read data file = SRRun01_grf.mot (nr=10005 nc=19)
[info] ExternalForce::RightGRF Data source being set to SRRun01_grf
[info] ExternalForce::LeftGRF Data source being set to SRRun01_grf
[info] Storage: read data file = SRRun01_grf.mot (nr=10005 nc=19)
[info] ExternalForce::RightGRF Data source being set to SRRun01_grf
[info] ExternalForce::LeftGRF Data source being set to SRRun01_grf
[info] Storage: read data file = SRRun01_grf.mot (nr=10005 nc=19)
[info] ExternalForce::RightGRF Data source being set to SRRun01_grf
[info] ExternalForce::LeftGRF Data source being set to SRRun01_grf
[info] Storage: read data file = SRRun01_grf.mot (nr=10005 nc=19)
[info] ExternalForce::RightGRF Data source being set to SRRun01_grf
[info] ExternalForce::LeftGRF Data source being set to SRRun01_grf
[info] Storage: read data file = SRRun01_grf.mot (nr=10005 nc=19)
[info] ExternalForce::RightGRF Data source being set to SRRun01_grf
[info] ExternalForce::LeftGRF Data source being set to SRRun01_grf
[info] Storage: read data file = SRRun01_grf.mot (nr=10005 nc=19)
[info] ExternalForce::RightGRF Data source being set to SRRun01_grf
[info] ExternalForce::LeftGRF Data source being set to SRRun01_grf
[info] Storage: read data file = SRRun01_grf.mot (nr=10005 nc=19)
[info] ExternalForce::RightGRF Data source being set to SRRun01_grf
[info] ExternalForce::LeftGRF Data source being set to SRRun01_grf
[info] Storage: read data file = SRRun01_grf.mot (nr=10005 nc=19)
[info] ExternalForce::RightGRF Data source being set to SRRun01_grf
[info] ExternalForce::LeftGRF Data source being set to SRRun01_grf
[info] Storage: read data file = SRRun01_grf.mot (nr=10005 nc=19)
[info] ExternalForce::RightGRF Data source being set to SRRun01_grf
[info] ExternalForce::LeftGRF Data source being set to SRRun01_grf
[info] Storage: read data file = SRRun01_grf.mot (nr=10005 nc=19)
[info] ExternalForce::RightGRF Data source being set to SRRun01_grf
[info] ExternalForce::LeftGRF Data source being set to SRRun01_grf
[info] Storage: read data file = SRRun01_grf.mot (nr=10005 nc=19)
[info] ExternalForce::RightGRF Data source being set to SRRun01_grf
[info] ExternalForce::LeftGRF Data source being set to SRRun01_grf
[info] Storage: read data file = SRRun01_grf.mot (nr=10005 nc=19)
[info] ExternalForce::RightGRF Data source being set to SRRun01_grf
[info] ExternalForce::LeftGRF Data source being set to SRRun01_grf
[info] Storage: read data file = SRRun01_grf.mot (nr=10005 nc=19)
[info] ExternalForce::RightGRF Data source being set to SRRun01_grf
[info] ExternalForce::LeftGRF Data source being set to SRRun01_grf
[info] Storage: read data file = SRRun01_grf.mot (nr=10005 nc=19)
[info] ExternalForce::RightGRF Data source being set to SRRun01_grf
[info] ExternalForce::LeftGRF Data source being set to SRRun01_grf
[info] Storage: read data file = SRRun01_grf.mot (nr=10005 nc=19)
[info] ExternalForce::RightGRF Data source being set to SRRun01_grf
[info] ExternalForce::LeftGRF Data source being set to SRRun01_grf
[info] Storage: read data file = SRRun01_grf.mot (nr=10005 nc=19)
[info] ExternalForce::RightGRF Data source being set to SRRun01_grf
[info] ExternalForce::LeftGRF Data source being set to SRRun01_grf
[info] Storage: read data file = SRRun01_grf.mot (nr=10005 nc=19)
[info] ExternalForce::RightGRF Data source being set to SRRun01_grf
[info] ExternalForce::LeftGRF Data source being set to SRRun01_grf
[info] Storage: read data file = SRRun01_grf.mot (nr=10005 nc=19)
[info] ExternalForce::RightGRF Data source being set to SRRun01_grf
[info] ExternalForce::LeftGRF Data source being set to SRRun01_grf
[info] Storage: read data file = SRRun01_grf.mot (nr=10005 nc=19)
[info] ExternalForce::RightGRF Data source being set to SRRun01_grf
[info] ExternalForce::LeftGRF Data source being set to SRRun01_grf
[info] Storage: read data file = SRRun01_grf.mot (nr=10005 nc=19)
[info] ExternalForce::RightGRF Data source being set to SRRun01_grf
[info] ExternalForce::LeftGRF Data source being set to SRRun01_grf
[info] Storage: read data file = SRRun01_grf.mot (nr=10005 nc=19)
[info] ExternalForce::RightGRF Data source being set to SRRun01_grf
[info] ExternalForce::LeftGRF Data source being set to SRRun01_grf
[info] Storage: read data file = SRRun01_grf.mot (nr=10005 nc=19)
[info] ExternalForce::RightGRF Data source being set to SRRun01_grf
[info] ExternalForce::LeftGRF Data source being set to SRRun01_grf
[info] Storage: read data file = SRRun01_grf.mot (nr=10005 nc=19)
[info] ExternalForce::RightGRF Data source being set to SRRun01_grf
[info] ExternalForce::LeftGRF Data source being set to SRRun01_grf
[info] Storage: read data file = SRRun01_grf.mot (nr=10005 nc=19)
[info] ExternalForce::RightGRF Data source being set to SRRun01_grf
[info] ExternalForce::LeftGRF Data source being set to SRRun01_grf
[info] Storage: read data file = SRRun01_grf.mot (nr=10005 nc=19)
[info] ExternalForce::RightGRF Data source being set to SRRun01_grf
[info] ExternalForce::LeftGRF Data source being set to SRRun01_grf
[info] Storage: read data file = SRRun01_grf.mot (nr=10005 nc=19)
[info] ExternalForce::RightGRF Data source being set to SRRun01_grf
[info] ExternalForce::LeftGRF Data source being set to SRRun01_grf
[info] Storage: read data file = SRRun01_grf.mot (nr=10005 nc=19)
[info] ExternalForce::RightGRF Data source being set to SRRun01_grf
[info] ExternalForce::LeftGRF Data source being set to SRRun01_grf
[info] Storage: read data file = SRRun01_grf.mot (nr=10005 nc=19)
[info] ExternalForce::RightGRF Data source being set to SRRun01_grf
[info] ExternalForce::LeftGRF Data source being set to SRRun01_grf
[info] Storage: read data file = SRRun01_grf.mot (nr=10005 nc=19)
[info] ExternalForce::RightGRF Data source being set to SRRun01_grf
[info] ExternalForce::LeftGRF Data source being set to SRRun01_grf
[info] Storage: read data file = SRRun01_grf.mot (nr=10005 nc=19)
[info] ExternalForce::RightGRF Data source being set to SRRun01_grf
[info] ExternalForce::LeftGRF Data source being set to SRRun01_grf
[info] Storage: read data file = SRRun01_grf.mot (nr=10005 nc=19)
[info] ExternalForce::RightGRF Data source being set to SRRun01_grf
[info] ExternalForce::LeftGRF Data source being set to SRRun01_grf
[info] Storage: read data file = SRRun01_grf.mot (nr=10005 nc=19)
[info] ExternalForce::RightGRF Data source being set to SRRun01_grf
[info] ExternalForce::LeftGRF Data source being set to SRRun01_grf
[info] Storage: read data file = SRRun01_grf.mot (nr=10005 nc=19)
[info] ExternalForce::RightGRF Data source being set to SRRun01_grf
[info] ExternalForce::LeftGRF Data source being set to SRRun01_grf
[info] Storage: read data file = SRRun01_grf.mot (nr=10005 nc=19)
[info] ExternalForce::RightGRF Data source being set to SRRun01_grf
[info] ExternalForce::LeftGRF Data source being set to SRRun01_grf
[info] Storage: read data file = SRRun01_grf.mot (nr=10005 nc=19)
[info] ExternalForce::RightGRF Data source being set to SRRun01_grf
[info] ExternalForce::LeftGRF Data source being set to SRRun01_grf
[info] Storage: read data file = SRRun01_grf.mot (nr=10005 nc=19)
[info] ExternalForce::RightGRF Data source being set to SRRun01_grf
[info] ExternalForce::LeftGRF Data source being set to SRRun01_grf
[info] Storage: read data file = SRRun01_grf.mot (nr=10005 nc=19)
[info] ExternalForce::RightGRF Data source being set to SRRun01_grf
[info] ExternalForce::LeftGRF Data source being set to SRRun01_grf
[info] Storage: read data file = SRRun01_grf.mot (nr=10005 nc=19)
[info] ExternalForce::RightGRF Data source being set to SRRun01_grf
[info] ExternalForce::LeftGRF Data source being set to SRRun01_grf
[info] Storage: read data file = SRRun01_grf.mot (nr=10005 nc=19)
[info] ExternalForce::RightGRF Data source being set to SRRun01_grf
[info] ExternalForce::LeftGRF Data source being set to SRRun01_grf
[info] Storage: read data file = SRRun01_grf.mot (nr=10005 nc=19)
[info] ExternalForce::RightGRF Data source being set to SRRun01_grf
[info] ExternalForce::LeftGRF Data source being set to SRRun01_grf
[info] Storage: read data file = SRRun01_grf.mot (nr=10005 nc=19)
[info] ExternalForce::RightGRF Data source being set to SRRun01_grf
[info] ExternalForce::LeftGRF Data source being set to SRRun01_grf
[info] Storage: read data file = SRRun01_grf.mot (nr=10005 nc=19)
[info] ExternalForce::RightGRF Data source being set to SRRun01_grf
[info] ExternalForce::LeftGRF Data source being set to SRRun01_grf
[info] Storage: read data file = SRRun01_grf.mot (nr=10005 nc=19)
[info] ExternalForce::RightGRF Data source being set to SRRun01_grf
[info] ExternalForce::LeftGRF Data source being set to SRRun01_grf
[info] Storage: read data file = SRRun01_grf.mot (nr=10005 nc=19)
[info] ExternalForce::RightGRF Data source being set to SRRun01_grf
[info] ExternalForce::LeftGRF Data source being set to SRRun01_grf
[info] Storage: read data file = SRRun01_grf.mot (nr=10005 nc=19)
[info] ExternalForce::RightGRF Data source being set to SRRun01_grf
[info] ExternalForce::LeftGRF Data source being set to SRRun01_grf
[info] Storage: read data file = SRRun01_grf.mot (nr=10005 nc=19)
[info] ExternalForce::RightGRF Data source being set to SRRun01_grf
[info] ExternalForce::LeftGRF Data source being set to SRRun01_grf
[info] Storage: read data file = SRRun01_grf.mot (nr=10005 nc=19)
[info] ExternalForce::RightGRF Data source being set to SRRun01_grf
[info] ExternalForce::LeftGRF Data source being set to SRRun01_grf
[info] Storage: read data file = SRRun01_grf.mot (nr=10005 nc=19)
[info] ExternalForce::RightGRF Data source being set to SRRun01_grf
[info] ExternalForce::LeftGRF Data source being set to SRRun01_grf
[info] Storage: read data file = SRRun01_grf.mot (nr=10005 nc=19)
[info] ExternalForce::RightGRF Data source being set to SRRun01_grf
[info] ExternalForce::LeftGRF Data source being set to SRRun01_grf
[info] Storage: read data file = SRRun01_grf.mot (nr=10005 nc=19)
[info] ExternalForce::RightGRF Data source being set to SRRun01_grf
[info] ExternalForce::LeftGRF Data source being set to SRRun01_grf
[info] Storage: read data file = SRRun01_grf.mot (nr=10005 nc=19)
[info] ExternalForce::RightGRF Data source being set to SRRun01_grf
[info] ExternalForce::LeftGRF Data source being set to SRRun01_grf
[info] Storage: read data file = SRRun01_grf.mot (nr=10005 nc=19)
[info] ExternalForce::RightGRF Data source being set to SRRun01_grf
[info] ExternalForce::LeftGRF Data source being set to SRRun01_grf
[info] Storage: read data file = SRRun01_grf.mot (nr=10005 nc=19)
[info] ExternalForce::RightGRF Data source being set to SRRun01_grf
[info] ExternalForce::LeftGRF Data source being set to SRRun01_grf
[info] Storage: read data file = SRRun01_grf.mot (nr=10005 nc=19)
[info] ExternalForce::RightGRF Data source being set to SRRun01_grf
[info] ExternalForce::LeftGRF Data source being set to SRRun01_grf
[info] Storage: read data file = SRRun01_grf.mot (nr=10005 nc=19)
[info] ExternalForce::RightGRF Data source being set to SRRun01_grf
[info] ExternalForce::LeftGRF Data source being set to SRRun01_grf
[info] Storage: read data file = SRRun01_grf.mot (nr=10005 nc=19)
[info] ExternalForce::RightGRF Data source being set to SRRun01_grf
[info] ExternalForce::LeftGRF Data source being set to SRRun01_grf
[info] Storage: read data file = SRRun01_grf.mot (nr=10005 nc=19)
[info] ExternalForce::RightGRF Data source being set to SRRun01_grf
[info] ExternalForce::LeftGRF Data source being set to SRRun01_grf
[info] Storage: read data file = SRRun01_grf.mot (nr=10005 nc=19)
[info] ExternalForce::RightGRF Data source being set to SRRun01_grf
[info] ExternalForce::LeftGRF Data source being set to SRRun01_grf
[info] Storage: read data file = SRRun01_grf.mot (nr=10005 nc=19)
[info] ExternalForce::RightGRF Data source being set to SRRun01_grf
[info] ExternalForce::LeftGRF Data source being set to SRRun01_grf
[info] Storage: read data file = SRRun01_grf.mot (nr=10005 nc=19)
[info] ExternalForce::RightGRF Data source being set to SRRun01_grf
[info] ExternalForce::LeftGRF Data source being set to SRRun01_grf
[info] Storage: read data file = SRRun01_grf.mot (nr=10005 nc=19)
[info] ExternalForce::RightGRF Data source being set to SRRun01_grf
[info] ExternalForce::LeftGRF Data source being set to SRRun01_grf
[info] Storage: read data file = SRRun01_grf.mot (nr=10005 nc=19)
[info] ExternalForce::RightGRF Data source being set to SRRun01_grf
[info] ExternalForce::LeftGRF Data source being set to SRRun01_grf
[info] Storage: read data file = SRRun01_grf.mot (nr=10005 nc=19)
[info] ExternalForce::RightGRF Data source being set to SRRun01_grf
[info] ExternalForce::LeftGRF Data source being set to SRRun01_grf
[info] Storage: read data file = SRRun01_grf.mot (nr=10005 nc=19)
[info] ExternalForce::RightGRF Data source being set to SRRun01_grf
[info] ExternalForce::LeftGRF Data source being set to SRRun01_grf
[info] Storage: read data file = SRRun01_grf.mot (nr=10005 nc=19)
[info] ExternalForce::RightGRF Data source being set to SRRun01_grf
[info] ExternalForce::LeftGRF Data source being set to SRRun01_grf
[info] Storage: read data file = SRRun01_grf.mot (nr=10005 nc=19)
[info] ExternalForce::RightGRF Data source being set to SRRun01_grf
[info] ExternalForce::LeftGRF Data source being set to SRRun01_grf
[info] Storage: read data file = SRRun01_grf.mot (nr=10005 nc=19)
[info] ExternalForce::RightGRF Data source being set to SRRun01_grf
[info] ExternalForce::LeftGRF Data source being set to SRRun01_grf
[info] Storage: read data file = SRRun01_grf.mot (nr=10005 nc=19)
[info] ExternalForce::RightGRF Data source being set to SRRun01_grf
[info] ExternalForce::LeftGRF Data source being set to SRRun01_grf
[info] Storage: read data file = SRRun01_grf.mot (nr=10005 nc=19)
[info] ExternalForce::RightGRF Data source being set to SRRun01_grf
[info] ExternalForce::LeftGRF Data source being set to SRRun01_grf
[info] Storage: read data file = SRRun01_grf.mot (nr=10005 nc=19)
[info] ExternalForce::RightGRF Data source being set to SRRun01_grf
[info] ExternalForce::LeftGRF Data source being set to SRRun01_grf
[info] Storage: read data file = SRRun01_grf.mot (nr=10005 nc=19)
[info] ExternalForce::RightGRF Data source being set to SRRun01_grf
[info] ExternalForce::LeftGRF Data source being set to SRRun01_grf
[info] Storage: read data file = SRRun01_grf.mot (nr=10005 nc=19)
[info] ExternalForce::RightGRF Data source being set to SRRun01_grf
[info] ExternalForce::LeftGRF Data source being set to SRRun01_grf
[info] Storage: read data file = SRRun01_grf.mot (nr=10005 nc=19)
[info] ExternalForce::RightGRF Data source being set to SRRun01_grf
[info] ExternalForce::LeftGRF Data source being set to SRRun01_grf
[info] Storage: read data file = SRRun01_grf.mot (nr=10005 nc=19)
[info] ExternalForce::RightGRF Data source being set to SRRun01_grf
[info] ExternalForce::LeftGRF Data source being set to SRRun01_grf
[info] Storage: read data file = SRRun01_grf.mot (nr=10005 nc=19)
[info] ExternalForce::RightGRF Data source being set to SRRun01_grf
[info] ExternalForce::LeftGRF Data source being set to SRRun01_grf
[info] Storage: read data file = SRRun01_grf.mot (nr=10005 nc=19)
[info] ExternalForce::RightGRF Data source being set to SRRun01_grf
[info] ExternalForce::LeftGRF Data source being set to SRRun01_grf
[info] Storage: read data file = SRRun01_grf.mot (nr=10005 nc=19)
[info] ExternalForce::RightGRF Data source being set to SRRun01_grf
[info] ExternalForce::LeftGRF Data source being set to SRRun01_grf
[info] Storage: read data file = SRRun01_grf.mot (nr=10005 nc=19)
[info] ExternalForce::RightGRF Data source being set to SRRun01_grf
[info] ExternalForce::LeftGRF Data source being set to SRRun01_grf
[info] Storage: read data file = SRRun01_grf.mot (nr=10005 nc=19)
[info] ExternalForce::RightGRF Data source being set to SRRun01_grf
[info] ExternalForce::LeftGRF Data source being set to SRRun01_grf
[info] Storage: read data file = SRRun01_grf.mot (nr=10005 nc=19)
[info] ExternalForce::RightGRF Data source being set to SRRun01_grf
[info] ExternalForce::LeftGRF Data source being set to SRRun01_grf
[info] Storage: read data file = SRRun01_grf.mot (nr=10005 nc=19)
[info] ExternalForce::RightGRF Data source being set to SRRun01_grf
[info] ExternalForce::LeftGRF Data source being set to SRRun01_grf
[info] Storage: read data file = SRRun01_grf.mot (nr=10005 nc=19)
[info] ExternalForce::RightGRF Data source being set to SRRun01_grf
[info] ExternalForce::LeftGRF Data source being set to SRRun01_grf
[info] Storage: read data file = SRRun01_grf.mot (nr=10005 nc=19)
[info] ExternalForce::RightGRF Data source being set to SRRun01_grf
[info] ExternalForce::LeftGRF Data source being set to SRRun01_grf
[info] Storage: read data file = SRRun01_grf.mot (nr=10005 nc=19)
[info] ExternalForce::RightGRF Data source being set to SRRun01_grf
[info] ExternalForce::LeftGRF Data source being set to SRRun01_grf
[info] Storage: read data file = SRRun01_grf.mot (nr=10005 nc=19)
[info] ExternalForce::RightGRF Data source being set to SRRun01_grf
[info] ExternalForce::LeftGRF Data source being set to SRRun01_grf
[info] Storage: read data file = SRRun01_grf.mot (nr=10005 nc=19)
[info] ExternalForce::RightGRF Data source being set to SRRun01_grf
[info] ExternalForce::LeftGRF Data source being set to SRRun01_grf
[info] Storage: read data file = SRRun01_grf.mot (nr=10005 nc=19)
[info] ExternalForce::RightGRF Data source being set to SRRun01_grf
[info] ExternalForce::LeftGRF Data source being set to SRRun01_grf
[info] Storage: read data file = SRRun01_grf.mot (nr=10005 nc=19)
[info] ExternalForce::RightGRF Data source being set to SRRun01_grf
[info] ExternalForce::LeftGRF Data source being set to SRRun01_grf
[info] Storage: read data file = SRRun01_grf.mot (nr=10005 nc=19)
[info] ExternalForce::RightGRF Data source being set to SRRun01_grf
[info] ExternalForce::LeftGRF Data source being set to SRRun01_grf
[info] Storage: read data file = SRRun01_grf.mot (nr=10005 nc=19)
[info] ExternalForce::RightGRF Data source being set to SRRun01_grf
[info] ExternalForce::LeftGRF Data source being set to SRRun01_grf
[info] Storage: read data file = SRRun01_grf.mot (nr=10005 nc=19)
[info] ExternalForce::RightGRF Data source being set to SRRun01_grf
[info] ExternalForce::LeftGRF Data source being set to SRRun01_grf
[info] Storage: read data file = SRRun01_grf.mot (nr=10005 nc=19)
[info] ExternalForce::RightGRF Data source being set to SRRun01_grf
[info] ExternalForce::LeftGRF Data source being set to SRRun01_grf
[info] Storage: read data file = SRRun01_grf.mot (nr=10005 nc=19)
[info] ExternalForce::RightGRF Data source being set to SRRun01_grf
[info] ExternalForce::LeftGRF Data source being set to SRRun01_grf
[info] Storage: read data file = SRRun01_grf.mot (nr=10005 nc=19)
[info] ExternalForce::RightGRF Data source being set to SRRun01_grf
[info] ExternalForce::LeftGRF Data source being set to SRRun01_grf
[info] Storage: read data file = SRRun01_grf.mot (nr=10005 nc=19)
[info] ExternalForce::RightGRF Data source being set to SRRun01_grf
[info] ExternalForce::LeftGRF Data source being set to SRRun01_grf
[info] Storage: read data file = SRRun01_grf.mot (nr=10005 nc=19)
[info] ExternalForce::RightGRF Data source being set to SRRun01_grf
[info] ExternalForce::LeftGRF Data source being set to SRRun01_grf
[info] Storage: read data file = SRRun01_grf.mot (nr=10005 nc=19)
[info] ExternalForce::RightGRF Data source being set to SRRun01_grf
[info] ExternalForce::LeftGRF Data source being set to SRRun01_grf
[info] Storage: read data file = SRRun01_grf.mot (nr=10005 nc=19)
[info] ExternalForce::RightGRF Data source being set to SRRun01_grf
[info] ExternalForce::LeftGRF Data source being set to SRRun01_grf
[info] Storage: read data file = SRRun01_grf.mot (nr=10005 nc=19)
[info] ExternalForce::RightGRF Data source being set to SRRun01_grf
[info] ExternalForce::LeftGRF Data source being set to SRRun01_grf
[info] Storage: read data file = SRRun01_grf.mot (nr=10005 nc=19)
[info] ExternalForce::RightGRF Data source being set to SRRun01_grf
[info] ExternalForce::LeftGRF Data source being set to SRRun01_grf
[info] Storage: read data file = SRRun01_grf.mot (nr=10005 nc=19)
[info] ExternalForce::RightGRF Data source being set to SRRun01_grf
[info] ExternalForce::LeftGRF Data source being set to SRRun01_grf
[info] Storage: read data file = SRRun01_grf.mot (nr=10005 nc=19)
[info] ExternalForce::RightGRF Data source being set to SRRun01_grf
[info] ExternalForce::LeftGRF Data source being set to SRRun01_grf
[info] Storage: read data file = SRRun01_grf.mot (nr=10005 nc=19)
[info] ExternalForce::RightGRF Data source being set to SRRun01_grf
[info] ExternalForce::LeftGRF Data source being set to SRRun01_grf
[info] Storage: read data file = SRRun01_grf.mot (nr=10005 nc=19)
[info] ExternalForce::RightGRF Data source being set to SRRun01_grf
[info] ExternalForce::LeftGRF Data source being set to SRRun01_grf
[info] Storage: read data file = SRRun01_grf.mot (nr=10005 nc=19)
[info] ExternalForce::RightGRF Data source being set to SRRun01_grf
[info] ExternalForce::LeftGRF Data source being set to SRRun01_grf
[info] Storage: read data file = SRRun01_grf.mot (nr=10005 nc=19)
[info] ExternalForce::RightGRF Data source being set to SRRun01_grf
[info] ExternalForce::LeftGRF Data source being set to SRRun01_grf
[info] Storage: read data file = SRRun01_grf.mot (nr=10005 nc=19)
[info] ExternalForce::RightGRF Data source being set to SRRun01_grf
[info] ExternalForce::LeftGRF Data source being set to SRRun01_grf
[info] Storage: read data file = SRRun01_grf.mot (nr=10005 nc=19)
[info] ExternalForce::RightGRF Data source being set to SRRun01_grf
[info] ExternalForce::LeftGRF Data source being set to SRRun01_grf
[info] Storage: read data file = SRRun01_grf.mot (nr=10005 nc=19)
[info] ExternalForce::RightGRF Data source being set to SRRun01_grf
[info] ExternalForce::LeftGRF Data source being set to SRRun01_grf
[info] Storage: read data file = SRRun01_grf.mot (nr=10005 nc=19)
[info] ExternalForce::RightGRF Data source being set to SRRun01_grf
[info] ExternalForce::LeftGRF Data source being set to SRRun01_grf
[info] Storage: read data file = SRRun01_grf.mot (nr=10005 nc=19)
[info] ExternalForce::RightGRF Data source being set to SRRun01_grf
[info] ExternalForce::LeftGRF Data source being set to SRRun01_grf
[info] Storage: read data file = SRRun01_grf.mot (nr=10005 nc=19)
[info] ExternalForce::RightGRF Data source being set to SRRun01_grf
[info] ExternalForce::LeftGRF Data source being set to SRRun01_grf
[info] Storage: read data file = SRRun01_grf.mot (nr=10005 nc=19)
[info] ExternalForce::RightGRF Data source being set to SRRun01_grf
[info] ExternalForce::LeftGRF Data source being set to SRRun01_grf
[info] Storage: read data file = SRRun01_grf.mot (nr=10005 nc=19)
[info] ExternalForce::RightGRF Data source being set to SRRun01_grf
[info] ExternalForce::LeftGRF Data source being set to SRRun01_grf
[info] Storage: read data file = SRRun01_grf.mot (nr=10005 nc=19)
[info] ExternalForce::RightGRF Data source being set to SRRun01_grf
[info] ExternalForce::LeftGRF Data source being set to SRRun01_grf
[info] Storage: read data file = SRRun01_grf.mot (nr=10005 nc=19)
[info] ExternalForce::RightGRF Data source being set to SRRun01_grf
[info] ExternalForce::LeftGRF Data source being set to SRRun01_grf
[info] Storage: read data file = SRRun01_grf.mot (nr=10005 nc=19)
[info] ExternalForce::RightGRF Data source being set to SRRun01_grf
[info] ExternalForce::LeftGRF Data source being set to SRRun01_grf
[info] Storage: read data file = SRRun01_grf.mot (nr=10005 nc=19)
[info] ExternalForce::RightGRF Data source being set to SRRun01_grf
[info] ExternalForce::LeftGRF Data source being set to SRRun01_grf
[info] Storage: read data file = SRRun01_grf.mot (nr=10005 nc=19)
[info] ExternalForce::RightGRF Data source being set to SRRun01_grf
[info] ExternalForce::LeftGRF Data source being set to SRRun01_grf
[info] Storage: read data file = SRRun01_grf.mot (nr=10005 nc=19)
[info] ExternalForce::RightGRF Data source being set to SRRun01_grf
[info] ExternalForce::LeftGRF Data source being set to SRRun01_grf
[info] Storage: read data file = SRRun01_grf.mot (nr=10005 nc=19)
[info] ExternalForce::RightGRF Data source being set to SRRun01_grf
[info] ExternalForce::LeftGRF Data source being set to SRRun01_grf
[info] Storage: read data file = SRRun01_grf.mot (nr=10005 nc=19)
[info] ExternalForce::RightGRF Data source being set to SRRun01_grf
[info] ExternalForce::LeftGRF Data source being set to SRRun01_grf
[info] Storage: read data file = SRRun01_grf.mot (nr=10005 nc=19)
[info] ExternalForce::RightGRF Data source being set to SRRun01_grf
[info] ExternalForce::LeftGRF Data source being set to SRRun01_grf
[info] Storage: read data file = SRRun01_grf.mot (nr=10005 nc=19)
[info] ExternalForce::RightGRF Data source being set to SRRun01_grf
[info] ExternalForce::LeftGRF Data source being set to SRRun01_grf
[info] Storage: read data file = SRRun01_grf.mot (nr=10005 nc=19)
[info] ExternalForce::RightGRF Data source being set to SRRun01_grf
[info] ExternalForce::LeftGRF Data source being set to SRRun01_grf
[info] Storage: read data file = SRRun01_grf.mot (nr=10005 nc=19)
[info] ExternalForce::RightGRF Data source being set to SRRun01_grf
[info] ExternalForce::LeftGRF Data source being set to SRRun01_grf
[info] Storage: read data file = SRRun01_grf.mot (nr=10005 nc=19)
[info] ExternalForce::RightGRF Data source being set to SRRun01_grf
[info] ExternalForce::LeftGRF Data source being set to SRRun01_grf
[info] Storage: read data file = SRRun01_grf.mot (nr=10005 nc=19)
[info] ExternalForce::RightGRF Data source being set to SRRun01_grf
[info] ExternalForce::LeftGRF Data source being set to SRRun01_grf
[info] Storage: read data file = SRRun01_grf.mot (nr=10005 nc=19)
[info] ExternalForce::RightGRF Data source being set to SRRun01_grf
[info] ExternalForce::LeftGRF Data source being set to SRRun01_grf
[info] Storage: read data file = SRRun01_grf.mot (nr=10005 nc=19)
[info] ExternalForce::RightGRF Data source being set to SRRun01_grf
[info] ExternalForce::LeftGRF Data source being set to SRRun01_grf
[info] Storage: read data file = SRRun01_grf.mot (nr=10005 nc=19)
[info] ExternalForce::RightGRF Data source being set to SRRun01_grf
[info] ExternalForce::LeftGRF Data source being set to SRRun01_grf
[info] Storage: read data file = SRRun01_grf.mot (nr=10005 nc=19)
[info] ExternalForce::RightGRF Data source being set to SRRun01_grf
[info] ExternalForce::LeftGRF Data source being set to SRRun01_grf
[info] Storage: read data file = SRRun01_grf.mot (nr=10005 nc=19)
[info] ExternalForce::RightGRF Data source being set to SRRun01_grf
[info] ExternalForce::LeftGRF Data source being set to SRRun01_grf
[info] Storage: read data file = SRRun01_grf.mot (nr=10005 nc=19)
[info] ExternalForce::RightGRF Data source being set to SRRun01_grf
[info] ExternalForce::LeftGRF Data source being set to SRRun01_grf
[info] Storage: read data file = SRRun01_grf.mot (nr=10005 nc=19)
[info] ExternalForce::RightGRF Data source being set to SRRun01_grf
[info] ExternalForce::LeftGRF Data source being set to SRRun01_grf
[info] Storage: read data file = SRRun01_grf.mot (nr=10005 nc=19)
[info] ExternalForce::RightGRF Data source being set to SRRun01_grf
[info] ExternalForce::LeftGRF Data source being set to SRRun01_grf
[info] Storage: read data file = SRRun01_grf.mot (nr=10005 nc=19)
[info] ExternalForce::RightGRF Data source being set to SRRun01_grf
[info] ExternalForce::LeftGRF Data source being set to SRRun01_grf
[info] Storage: read data file = SRRun01_grf.mot (nr=10005 nc=19)
[info] ExternalForce::RightGRF Data source being set to SRRun01_grf
[info] ExternalForce::LeftGRF Data source being set to SRRun01_grf
[info] Storage: read data file = SRRun01_grf.mot (nr=10005 nc=19)
[info] ExternalForce::RightGRF Data source being set to SRRun01_grf
[info] ExternalForce::LeftGRF Data source being set to SRRun01_grf
[info] Storage: read data file = SRRun01_grf.mot (nr=10005 nc=19)
[info] ExternalForce::RightGRF Data source being set to SRRun01_grf
[info] ExternalForce::LeftGRF Data source being set to SRRun01_grf
[info] Storage: read data file = SRRun01_grf.mot (nr=10005 nc=19)
[info] ExternalForce::RightGRF Data source being set to SRRun01_grf
[info] ExternalForce::LeftGRF Data source being set to SRRun01_grf
[info] Storage: read data file = SRRun01_grf.mot (nr=10005 nc=19)
[info] ExternalForce::RightGRF Data source being set to SRRun01_grf
[info] ExternalForce::LeftGRF Data source being set to SRRun01_grf
[info] Storage: read data file = SRRun01_grf.mot (nr=10005 nc=19)
[info] ExternalForce::RightGRF Data source being set to SRRun01_grf
[info] ExternalForce::LeftGRF Data source being set to SRRun01_grf
[info] Storage: read data file = SRRun01_grf.mot (nr=10005 nc=19)
[info] ExternalForce::RightGRF Data source being set to SRRun01_grf
[info] ExternalForce::LeftGRF Data source being set to SRRun01_grf
[info] Storage: read data file = SRRun01_grf.mot (nr=10005 nc=19)
[info] ExternalForce::RightGRF Data source being set to SRRun01_grf
[info] ExternalForce::LeftGRF Data source being set to SRRun01_grf
[info] Storage: read data file = SRRun01_grf.mot (nr=10005 nc=19)
[info] ExternalForce::RightGRF Data source being set to SRRun01_grf
[info] ExternalForce::LeftGRF Data source being set to SRRun01_grf
[info] Storage: read data file = SRRun01_grf.mot (nr=10005 nc=19)
[info] ExternalForce::RightGRF Data source being set to SRRun01_grf
[info] ExternalForce::LeftGRF Data source being set to SRRun01_grf
[info] Storage: read data file = SRRun01_grf.mot (nr=10005 nc=19)
[info] ExternalForce::RightGRF Data source being set to SRRun01_grf
[info] ExternalForce::LeftGRF Data source being set to SRRun01_grf
[info] Storage: read data file = SRRun01_grf.mot (nr=10005 nc=19)
[info] ExternalForce::RightGRF Data source being set to SRRun01_grf
[info] ExternalForce::LeftGRF Data source being set to SRRun01_grf
[info] Storage: read data file = SRRun01_grf.mot (nr=10005 nc=19)
[info] ExternalForce::RightGRF Data source being set to SRRun01_grf
[info] ExternalForce::LeftGRF Data source being set to SRRun01_grf
[info] Storage: read data file = SRRun01_grf.mot (nr=10005 nc=19)
[info] ExternalForce::RightGRF Data source being set to SRRun01_grf
[info] ExternalForce::LeftGRF Data source being set to SRRun01_grf
[info] Storage: read data file = SRRun01_grf.mot (nr=10005 nc=19)
[info] ExternalForce::RightGRF Data source being set to SRRun01_grf
[info] ExternalForce::LeftGRF Data source being set to SRRun01_grf
[info] Storage: read data file = SRRun01_grf.mot (nr=10005 nc=19)
[info] ExternalForce::RightGRF Data source being set to SRRun01_grf
[info] ExternalForce::LeftGRF Data source being set to SRRun01_grf
[info] Storage: read data file = SRRun01_grf.mot (nr=10005 nc=19)
[info] ExternalForce::RightGRF Data source being set to SRRun01_grf
[info] ExternalForce::LeftGRF Data source being set to SRRun01_grf
[info] Storage: read data file = SRRun01_grf.mot (nr=10005 nc=19)
[info] ExternalForce::RightGRF Data source being set to SRRun01_grf
[info] ExternalForce::LeftGRF Data source being set to SRRun01_grf
[info] Storage: read data file = SRRun01_grf.mot (nr=10005 nc=19)
[info] ExternalForce::RightGRF Data source being set to SRRun01_grf
[info] ExternalForce::LeftGRF Data source being set to SRRun01_grf
[info] Storage: read data file = SRRun01_grf.mot (nr=10005 nc=19)
[info] ExternalForce::RightGRF Data source being set to SRRun01_grf
[info] ExternalForce::LeftGRF Data source being set to SRRun01_grf
[info] Storage: read data file = SRRun01_grf.mot (nr=10005 nc=19)
[info] ExternalForce::RightGRF Data source being set to SRRun01_grf
[info] ExternalForce::LeftGRF Data source being set to SRRun01_grf
[info] Storage: read data file = SRRun01_grf.mot (nr=10005 nc=19)
[info] ExternalForce::RightGRF Data source being set to SRRun01_grf
[info] ExternalForce::LeftGRF Data source being set to SRRun01_grf
[info] Storage: read data file = SRRun01_grf.mot (nr=10005 nc=19)
[info] ExternalForce::RightGRF Data source being set to SRRun01_grf
[info] ExternalForce::LeftGRF Data source being set to SRRun01_grf
[info] Storage: read data file = SRRun01_grf.mot (nr=10005 nc=19)
[info] ExternalForce::RightGRF Data source being set to SRRun01_grf
[info] ExternalForce::LeftGRF Data source being set to SRRun01_grf
[info] Storage: read data file = SRRun01_grf.mot (nr=10005 nc=19)
[info] ExternalForce::RightGRF Data source being set to SRRun01_grf
[info] ExternalForce::LeftGRF Data source being set to SRRun01_grf
[info] Storage: read data file = SRRun01_grf.mot (nr=10005 nc=19)
[info] ExternalForce::RightGRF Data source being set to SRRun01_grf
[info] ExternalForce::LeftGRF Data source being set to SRRun01_grf
[info] Storage: read data file = SRRun01_grf.mot (nr=10005 nc=19)
[info] ExternalForce::RightGRF Data source being set to SRRun01_grf
[info] ExternalForce::LeftGRF Data source being set to SRRun01_grf
[info] Storage: read data file = SRRun01_grf.mot (nr=10005 nc=19)
[info] ExternalForce::RightGRF Data source being set to SRRun01_grf
[info] ExternalForce::LeftGRF Data source being set to SRRun01_grf
[info] Storage: read data file = SRRun01_grf.mot (nr=10005 nc=19)
[info] ExternalForce::RightGRF Data source being set to SRRun01_grf
[info] ExternalForce::LeftGRF Data source being set to SRRun01_grf
[info] Storage: read data file = SRRun01_grf.mot (nr=10005 nc=19)
[info] ExternalForce::RightGRF Data source being set to SRRun01_grf
[info] ExternalForce::LeftGRF Data source being set to SRRun01_grf
[info] Storage: read data file = SRRun01_grf.mot (nr=10005 nc=19)
[info] ExternalForce::RightGRF Data source being set to SRRun01_grf
[info] ExternalForce::LeftGRF Data source being set to SRRun01_grf
[info] Storage: read data file = SRRun01_grf.mot (nr=10005 nc=19)
[info] ExternalForce::RightGRF Data source being set to SRRun01_grf
[info] ExternalForce::LeftGRF Data source being set to SRRun01_grf
[info] Storage: read data file = SRRun01_grf.mot (nr=10005 nc=19)
[info] ExternalForce::RightGRF Data source being set to SRRun01_grf
[info] ExternalForce::LeftGRF Data source being set to SRRun01_grf
[info] Storage: read data file = SRRun01_grf.mot (nr=10005 nc=19)
[info] ExternalForce::RightGRF Data source being set to SRRun01_grf
[info] ExternalForce::LeftGRF Data source being set to SRRun01_grf
[info] Storage: read data file = SRRun01_grf.mot (nr=10005 nc=19)
[info] ExternalForce::RightGRF Data source being set to SRRun01_grf
[info] ExternalForce::LeftGRF Data source being set to SRRun01_grf
[info] Storage: read data file = SRRun01_grf.mot (nr=10005 nc=19)
[info] ExternalForce::RightGRF Data source being set to SRRun01_grf
[info] ExternalForce::LeftGRF Data source being set to SRRun01_grf
[info] Storage: read data file = SRRun01_grf.mot (nr=10005 nc=19)
[info] ExternalForce::RightGRF Data source being set to SRRun01_grf
[info] ExternalForce::LeftGRF Data source being set to SRRun01_grf
[info] Storage: read data file = SRRun01_grf.mot (nr=10005 nc=19)
[info] ExternalForce::RightGRF Data source being set to SRRun01_grf
[info] ExternalForce::LeftGRF Data source being set to SRRun01_grf
[info] Storage: read data file = SRRun01_grf.mot (nr=10005 nc=19)
[info] ExternalForce::RightGRF Data source being set to SRRun01_grf
[info] ExternalForce::LeftGRF Data source being set to SRRun01_grf
[info] Storage: read data file = SRRun01_grf.mot (nr=10005 nc=19)
[info] ExternalForce::RightGRF Data source being set to SRRun01_grf
[info] ExternalForce::LeftGRF Data source being set to SRRun01_grf
[info] Storage: read data file = SRRun01_grf.mot (nr=10005 nc=19)
[info] ExternalForce::RightGRF Data source being set to SRRun01_grf
[info] ExternalForce::LeftGRF Data source being set to SRRun01_grf
[info] Storage: read data file = SRRun01_grf.mot (nr=10005 nc=19)
[info] ExternalForce::RightGRF Data source being set to SRRun01_grf
[info] ExternalForce::LeftGRF Data source being set to SRRun01_grf
[info] Storage: read data file = SRRun01_grf.mot (nr=10005 nc=19)
[info] ExternalForce::RightGRF Data source being set to SRRun01_grf
[info] ExternalForce::LeftGRF Data source being set to SRRun01_grf
[info] Storage: read data file = SRRun01_grf.mot (nr=10005 nc=19)
[info] ExternalForce::RightGRF Data source being set to SRRun01_grf
[info] ExternalForce::LeftGRF Data source being set to SRRun01_grf
[info] Storage: read data file = SRRun01_grf.mot (nr=10005 nc=19)
[info] ExternalForce::RightGRF Data source being set to SRRun01_grf
[info] ExternalForce::LeftGRF Data source being set to SRRun01_grf
[info] Storage: read data file = SRRun01_grf.mot (nr=10005 nc=19)
[info] ExternalForce::RightGRF Data source being set to SRRun01_grf
[info] ExternalForce::LeftGRF Data source being set to SRRun01_grf
[info] Storage: read data file = SRRun01_grf.mot (nr=10005 nc=19)
[info] ExternalForce::RightGRF Data source being set to SRRun01_grf
[info] ExternalForce::LeftGRF Data source being set to SRRun01_grf
[info] Storage: read data file = SRRun01_grf.mot (nr=10005 nc=19)
[info] ExternalForce::RightGRF Data source being set to SRRun01_grf
[info] ExternalForce::LeftGRF Data source being set to SRRun01_grf
[info] Storage: read data file = SRRun01_grf.mot (nr=10005 nc=19)
[info] ExternalForce::RightGRF Data source being set to SRRun01_grf
[info] ExternalForce::LeftGRF Data source being set to SRRun01_grf
[info] Storage: read data file = SRRun01_grf.mot (nr=10005 nc=19)
[info] ExternalForce::RightGRF Data source being set to SRRun01_grf
[info] ExternalForce::LeftGRF Data source being set to SRRun01_grf
[info] Storage: read data file = SRRun01_grf.mot (nr=10005 nc=19)
[info] ExternalForce::RightGRF Data source being set to SRRun01_grf
[info] ExternalForce::LeftGRF Data source being set to SRRun01_grf
[info] Storage: read data file = SRRun01_grf.mot (nr=10005 nc=19)
[info] ExternalForce::RightGRF Data source being set to SRRun01_grf
[info] ExternalForce::LeftGRF Data source being set to SRRun01_grf
[info] Storage: read data file = SRRun01_grf.mot (nr=10005 nc=19)
[info] ExternalForce::RightGRF Data source being set to SRRun01_grf
[info] ExternalForce::LeftGRF Data source being set to SRRun01_grf
[info] Storage: read data file = SRRun01_grf.mot (nr=10005 nc=19)
[info] ExternalForce::RightGRF Data source being set to SRRun01_grf
[info] ExternalForce::LeftGRF Data source being set to SRRun01_grf
[info] Storage: read data file = SRRun01_grf.mot (nr=10005 nc=19)
[info] ExternalForce::RightGRF Data source being set to SRRun01_grf
[info] ExternalForce::LeftGRF Data source being set to SRRun01_grf
[info] Storage: read data file = SRRun01_grf.mot (nr=10005 nc=19)
[info] ExternalForce::RightGRF Data source being set to SRRun01_grf
[info] ExternalForce::LeftGRF Data source being set to SRRun01_grf
[info] Storage: read data file = SRRun01_grf.mot (nr=10005 nc=19)
[info] ExternalForce::RightGRF Data source being set to SRRun01_grf
[info] ExternalForce::LeftGRF Data source being set to SRRun01_grf
[info] Storage: read data file = SRRun01_grf.mot (nr=10005 nc=19)
[info] ExternalForce::RightGRF Data source being set to SRRun01_grf
[info] ExternalForce::LeftGRF Data source being set to SRRun01_grf
[info] Storage: read data file = SRRun01_grf.mot (nr=10005 nc=19)
[info] ExternalForce::RightGRF Data source being set to SRRun01_grf
[info] ExternalForce::LeftGRF Data source being set to SRRun01_grf
[info] Storage: read data file = SRRun01_grf.mot (nr=10005 nc=19)
[info] ExternalForce::RightGRF Data source being set to SRRun01_grf
[info] ExternalForce::LeftGRF Data source being set to SRRun01_grf
[info] Storage: read data file = SRRun01_grf.mot (nr=10005 nc=19)
[info] ExternalForce::RightGRF Data source being set to SRRun01_grf
[info] ExternalForce::LeftGRF Data source being set to SRRun01_grf
[info] Storage: read data file = SRRun01_grf.mot (nr=10005 nc=19)
[info] ExternalForce::RightGRF Data source being set to SRRun01_grf
[info] ExternalForce::LeftGRF Data source being set to SRRun01_grf
[info] Storage: read data file = SRRun01_grf.mot (nr=10005 nc=19)
[info] ExternalForce::RightGRF Data source being set to SRRun01_grf
[info] ExternalForce::LeftGRF Data source being set to SRRun01_grf
[info] Storage: read data file = SRRun01_grf.mot (nr=10005 nc=19)
[info] ExternalForce::RightGRF Data source being set to SRRun01_grf
[info] ExternalForce::LeftGRF Data source being set to SRRun01_grf
[info] Storage: read data file = SRRun01_grf.mot (nr=10005 nc=19)
[info] ExternalForce::RightGRF Data source being set to SRRun01_grf
[info] ExternalForce::LeftGRF Data source being set to SRRun01_grf
[info] Storage: read data file = SRRun01_grf.mot (nr=10005 nc=19)
[info] ExternalForce::RightGRF Data source being set to SRRun01_grf
[info] ExternalForce::LeftGRF Data source being set to SRRun01_grf
[info] Storage: read data file = SRRun01_grf.mot (nr=10005 nc=19)
[info] ExternalForce::RightGRF Data source being set to SRRun01_grf
[info] ExternalForce::LeftGRF Data source being set to SRRun01_grf
[info] Storage: read data file = SRRun01_grf.mot (nr=10005 nc=19)
[info] ExternalForce::RightGRF Data source being set to SRRun01_grf
[info] ExternalForce::LeftGRF Data source being set to SRRun01_grf
[info] Storage: read data file = SRRun01_grf.mot (nr=10005 nc=19)
[info] ExternalForce::RightGRF Data source being set to SRRun01_grf
[info] ExternalForce::LeftGRF Data source being set to SRRun01_grf
[info] Storage: read data file = SRRun01_grf.mot (nr=10005 nc=19)
[info] ExternalForce::RightGRF Data source being set to SRRun01_grf
[info] ExternalForce::LeftGRF Data source being set to SRRun01_grf
[info] Storage: read data file = SRRun01_grf.mot (nr=10005 nc=19)
[info] ExternalForce::RightGRF Data source being set to SRRun01_grf
[info] ExternalForce::LeftGRF Data source being set to SRRun01_grf
[info] Storage: read data file = SRRun01_grf.mot (nr=10005 nc=19)
[info] ExternalForce::RightGRF Data source being set to SRRun01_grf
[info] ExternalForce::LeftGRF Data source being set to SRRun01_grf
[info] Storage: read data file = SRRun01_grf.mot (nr=10005 nc=19)
[info] ExternalForce::RightGRF Data source being set to SRRun01_grf
[info] ExternalForce::LeftGRF Data source being set to SRRun01_grf
[info] Storage: read data file = SRRun01_grf.mot (nr=10005 nc=19)
[info] ExternalForce::RightGRF Data source being set to SRRun01_grf
[info] ExternalForce::LeftGRF Data source being set to SRRun01_grf
[info] Storage: read data file = SRRun01_grf.mot (nr=10005 nc=19)
[info] ExternalForce::RightGRF Data source being set to SRRun01_grf
[info] ExternalForce::LeftGRF Data source being set to SRRun01_grf
[info] Storage: read data file = SRRun01_grf.mot (nr=10005 nc=19)
[info] ExternalForce::RightGRF Data source being set to SRRun01_grf
[info] ExternalForce::LeftGRF Data source being set to SRRun01_grf
[info] Storage: read data file = SRRun01_grf.mot (nr=10005 nc=19)
[info] ExternalForce::RightGRF Data source being set to SRRun01_grf
[info] ExternalForce::LeftGRF Data source being set to SRRun01_grf
[info] Storage: read data file = SRRun01_grf.mot (nr=10005 nc=19)
[info] ExternalForce::RightGRF Data source being set to SRRun01_grf
[info] ExternalForce::LeftGRF Data source being set to SRRun01_grf
[info] Storage: read data file = SRRun01_grf.mot (nr=10005 nc=19)
[info] ExternalForce::RightGRF Data source being set to SRRun01_grf
[info] ExternalForce::LeftGRF Data source being set to SRRun01_grf
[info] Storage: read data file = SRRun01_grf.mot (nr=10005 nc=19)
[info] ExternalForce::RightGRF Data source being set to SRRun01_grf
[info] ExternalForce::LeftGRF Data source being set to SRRun01_grf
[info] Storage: read data file = SRRun01_grf.mot (nr=10005 nc=19)
[info] ExternalForce::RightGRF Data source being set to SRRun01_grf
[info] ExternalForce::LeftGRF Data source being set to SRRun01_grf
[info] Storage: read data file = SRRun01_grf.mot (nr=10005 nc=19)
[info] ExternalForce::RightGRF Data source being set to SRRun01_grf
[info] ExternalForce::LeftGRF Data source being set to SRRun01_grf
[info] Storage: read data file = SRRun01_grf.mot (nr=10005 nc=19)
[info] ExternalForce::RightGRF Data source being set to SRRun01_grf
[info] ExternalForce::LeftGRF Data source being set to SRRun01_grf
[info] Storage: read data file = SRRun01_grf.mot (nr=10005 nc=19)
[info] ExternalForce::RightGRF Data source being set to SRRun01_grf
[info] ExternalForce::LeftGRF Data source being set to SRRun01_grf
[info] Storage: read data file = SRRun01_grf.mot (nr=10005 nc=19)
[info] ExternalForce::RightGRF Data source being set to SRRun01_grf
[info] ExternalForce::LeftGRF Data source being set to SRRun01_grf
[info] Storage: read data file = SRRun01_grf.mot (nr=10005 nc=19)
[info] ExternalForce::RightGRF Data source being set to SRRun01_grf
[info] ExternalForce::LeftGRF Data source being set to SRRun01_grf
[info] Storage: read data file = SRRun01_grf.mot (nr=10005 nc=19)
[info] ExternalForce::RightGRF Data source being set to SRRun01_grf
[info] ExternalForce::LeftGRF Data source being set to SRRun01_grf
[info] Storage: read data file = SRRun01_grf.mot (nr=10005 nc=19)
[info] ExternalForce::RightGRF Data source being set to SRRun01_grf
[info] ExternalForce::LeftGRF Data source being set to SRRun01_grf
[info] Storage: read data file = SRRun01_grf.mot (nr=10005 nc=19)
[info] ExternalForce::RightGRF Data source being set to SRRun01_grf
[info] ExternalForce::LeftGRF Data source being set to SRRun01_grf
[info] Storage: read data file = SRRun01_grf.mot (nr=10005 nc=19)
[info] ExternalForce::RightGRF Data source being set to SRRun01_grf
[info] ExternalForce::LeftGRF Data source being set to SRRun01_grf
[info] Storage: read data file = SRRun01_grf.mot (nr=10005 nc=19)
[info] ExternalForce::RightGRF Data source being set to SRRun01_grf
[info] ExternalForce::LeftGRF Data source being set to SRRun01_grf
[info] Storage: read data file = SRRun01_grf.mot (nr=10005 nc=19)
[info] ExternalForce::RightGRF Data source being set to SRRun01_grf
[info] ExternalForce::LeftGRF Data source being set to SRRun01_grf
[info] Storage: read data file = SRRun01_grf.mot (nr=10005 nc=19)
[info] ExternalForce::RightGRF Data source being set to SRRun01_grf
[info] ExternalForce::LeftGRF Data source being set to SRRun01_grf
[info] Storage: read data file = SRRun01_grf.mot (nr=10005 nc=19)
[info] ExternalForce::RightGRF Data source being set to SRRun01_grf
[info] ExternalForce::LeftGRF Data source being set to SRRun01_grf
[info] Storage: read data file = SRRun01_grf.mot (nr=10005 nc=19)
[info] ExternalForce::RightGRF Data source being set to SRRun01_grf
[info] ExternalForce::LeftGRF Data source being set to SRRun01_grf
[info] Storage: read data file = SRRun01_grf.mot (nr=10005 nc=19)
[info] ExternalForce::RightGRF Data source being set to SRRun01_grf
[info] ExternalForce::LeftGRF Data source being set to SRRun01_grf
[info] Storage: read data file = SRRun01_grf.mot (nr=10005 nc=19)
[info] ExternalForce::RightGRF Data source being set to SRRun01_grf
[info] ExternalForce::LeftGRF Data source being set to SRRun01_grf
[info] Storage: read data file = SRRun01_grf.mot (nr=10005 nc=19)
[info] ExternalForce::RightGRF Data source being set to SRRun01_grf
[info] ExternalForce::LeftGRF Data source being set to SRRun01_grf
[info] Storage: read data file = SRRun01_grf.mot (nr=10005 nc=19)
[info] ExternalForce::RightGRF Data source being set to SRRun01_grf
[info] ExternalForce::LeftGRF Data source being set to SRRun01_grf
[info] Storage: read data file = SRRun01_grf.mot (nr=10005 nc=19)
[info] ExternalForce::RightGRF Data source being set to SRRun01_grf
[info] ExternalForce::LeftGRF Data source being set to SRRun01_grf
[info] Storage: read data file = SRRun01_grf.mot (nr=10005 nc=19)
[info] ExternalForce::RightGRF Data source being set to SRRun01_grf
[info] ExternalForce::LeftGRF Data source being set to SRRun01_grf
[info] Storage: read data file = SRRun01_grf.mot (nr=10005 nc=19)
[info] ExternalForce::RightGRF Data source being set to SRRun01_grf
[info] ExternalForce::LeftGRF Data source being set to SRRun01_grf
[info] Storage: read data file = SRRun01_grf.mot (nr=10005 nc=19)
[info] ExternalForce::RightGRF Data source being set to SRRun01_grf
[info] ExternalForce::LeftGRF Data source being set to SRRun01_grf
[info] Storage: read data file = SRRun01_grf.mot (nr=10005 nc=19)
[info] ExternalForce::RightGRF Data source being set to SRRun01_grf
[info] ExternalForce::LeftGRF Data source being set to SRRun01_grf
[info] Storage: read data file = SRRun01_grf.mot (nr=10005 nc=19)
[info] ExternalForce::RightGRF Data source being set to SRRun01_grf
[info] ExternalForce::LeftGRF Data source being set to SRRun01_grf
[info] Storage: read data file = SRRun01_grf.mot (nr=10005 nc=19)
[info] ExternalForce::RightGRF Data source being set to SRRun01_grf
[info] ExternalForce::LeftGRF Data source being set to SRRun01_grf
[info] Storage: read data file = SRRun01_grf.mot (nr=10005 nc=19)
[info] ExternalForce::RightGRF Data source being set to SRRun01_grf
[info] ExternalForce::LeftGRF Data source being set to SRRun01_grf
[info] Storage: read data file = SRRun01_grf.mot (nr=10005 nc=19)
[info] ExternalForce::RightGRF Data source being set to SRRun01_grf
[info] ExternalForce::LeftGRF Data source being set to SRRun01_grf
[info] Storage: read data file = SRRun01_grf.mot (nr=10005 nc=19)
[info] ExternalForce::RightGRF Data source being set to SRRun01_grf
[info] ExternalForce::LeftGRF Data source being set to SRRun01_grf
[info] Storage: read data file = SRRun01_grf.mot (nr=10005 nc=19)
[info] ExternalForce::RightGRF Data source being set to SRRun01_grf
[info] ExternalForce::LeftGRF Data source being set to SRRun01_grf
[info] Storage: read data file = SRRun01_grf.mot (nr=10005 nc=19)
[info] ExternalForce::RightGRF Data source being set to SRRun01_grf
[info] ExternalForce::LeftGRF Data source being set to SRRun01_grf
[info] Storage: read data file = SRRun01_grf.mot (nr=10005 nc=19)
[info] ExternalForce::RightGRF Data source being set to SRRun01_grf
[info] ExternalForce::LeftGRF Data source being set to SRRun01_grf
[info] Storage: read data file = SRRun01_grf.mot (nr=10005 nc=19)
[info] ExternalForce::RightGRF Data source being set to SRRun01_grf
[info] ExternalForce::LeftGRF Data source being set to SRRun01_grf
[info] Storage: read data file = SRRun01_grf.mot (nr=10005 nc=19)
[info] ExternalForce::RightGRF Data source being set to SRRun01_grf
[info] ExternalForce::LeftGRF Data source being set to SRRun01_grf
[info] Storage: read data file = SRRun01_grf.mot (nr=10005 nc=19)
[info] ExternalForce::RightGRF Data source being set to SRRun01_grf
[info] ExternalForce::LeftGRF Data source being set to SRRun01_grf
[info] Storage: read data file = SRRun01_grf.mot (nr=10005 nc=19)
[info] ExternalForce::RightGRF Data source being set to SRRun01_grf
[info] ExternalForce::LeftGRF Data source being set to SRRun01_grf
[info] Storage: read data file = SRRun01_grf.mot (nr=10005 nc=19)
[info] ExternalForce::RightGRF Data source being set to SRRun01_grf
[info] ExternalForce::LeftGRF Data source being set to SRRun01_grf
[info] Storage: read data file = SRRun01_grf.mot (nr=10005 nc=19)
[info] ExternalForce::RightGRF Data source being set to SRRun01_grf
[info] ExternalForce::LeftGRF Data source being set to SRRun01_grf
[info] Storage: read data file = SRRun01_grf.mot (nr=10005 nc=19)
[info] ExternalForce::RightGRF Data source being set to SRRun01_grf
[info] ExternalForce::LeftGRF Data source being set to SRRun01_grf
[info] Storage: read data file = SRRun01_grf.mot (nr=10005 nc=19)
[info] ExternalForce::RightGRF Data source being set to SRRun01_grf
[info] ExternalForce::LeftGRF Data source being set to SRRun01_grf
[info] Storage: read data file = SRRun01_grf.mot (nr=10005 nc=19)
[info] ExternalForce::RightGRF Data source being set to SRRun01_grf
[info] ExternalForce::LeftGRF Data source being set to SRRun01_grf
[info] Storage: read data file = SRRun01_grf.mot (nr=10005 nc=19)
[info] ExternalForce::RightGRF Data source being set to SRRun01_grf
[info] ExternalForce::LeftGRF Data source being set to SRRun01_grf
[info] Storage: read data file = SRRun01_grf.mot (nr=10005 nc=19)
[info] ExternalForce::RightGRF Data source being set to SRRun01_grf
[info] ExternalForce::LeftGRF Data source being set to SRRun01_grf
[info] Storage: read data file = SRRun01_grf.mot (nr=10005 nc=19)
[info] ExternalForce::RightGRF Data source being set to SRRun01_grf
[info] ExternalForce::LeftGRF Data source being set to SRRun01_grf
[info] Storage: read data file = SRRun01_grf.mot (nr=10005 nc=19)
[info] ExternalForce::RightGRF Data source being set to SRRun01_grf
[info] ExternalForce::LeftGRF Data source being set to SRRun01_grf
[info] Storage: read data file = SRRun01_grf.mot (nr=10005 nc=19)
[info] ExternalForce::RightGRF Data source being set to SRRun01_grf
[info] ExternalForce::LeftGRF Data source being set to SRRun01_grf
[info] Storage: read data file = SRRun01_grf.mot (nr=10005 nc=19)
[info] ExternalForce::RightGRF Data source being set to SRRun01_grf
[info] ExternalForce::LeftGRF Data source being set to SRRun01_grf
[info] Storage: read data file = SRRun01_grf.mot (nr=10005 nc=19)
[info] ExternalForce::RightGRF Data source being set to SRRun01_grf
[info] ExternalForce::LeftGRF Data source being set to SRRun01_grf
[info] Storage: read data file = SRRun01_grf.mot (nr=10005 nc=19)
[info] ExternalForce::RightGRF Data source being set to SRRun01_grf
[info] ExternalForce::LeftGRF Data source being set to SRRun01_grf
[info] Storage: read data file = SRRun01_grf.mot (nr=10005 nc=19)
[info] ExternalForce::RightGRF Data source being set to SRRun01_grf
[info] ExternalForce::LeftGRF Data source being set to SRRun01_grf
[info] Storage: read data file = SRRun01_grf.mot (nr=10005 nc=19)
[info] ExternalForce::RightGRF Data source being set to SRRun01_grf
[info] ExternalForce::LeftGRF Data source being set to SRRun01_grf
[info] Storage: read data file = SRRun01_grf.mot (nr=10005 nc=19)
[info] ExternalForce::RightGRF Data source being set to SRRun01_grf
[info] ExternalForce::LeftGRF Data source being set to SRRun01_grf
[info] Storage: read data file = SRRun01_grf.mot (nr=10005 nc=19)
[info] ExternalForce::RightGRF Data source being set to SRRun01_grf
[info] ExternalForce::LeftGRF Data source being set to SRRun01_grf
[info] Storage: read data file = SRRun01_grf.mot (nr=10005 nc=19)
[info] ExternalForce::RightGRF Data source being set to SRRun01_grf
[info] ExternalForce::LeftGRF Data source being set to SRRun01_grf
[info] Storage: read data file = SRRun01_grf.mot (nr=10005 nc=19)
[info] ExternalForce::RightGRF Data source being set to SRRun01_grf
[info] ExternalForce::LeftGRF Data source being set to SRRun01_grf
[info] Storage: read data file = SRRun01_grf.mot (nr=10005 nc=19)
[info] ExternalForce::RightGRF Data source being set to SRRun01_grf
[info] ExternalForce::LeftGRF Data source being set to SRRun01_grf
[info] Storage: read data file = SRRun01_grf.mot (nr=10005 nc=19)
[info] ExternalForce::RightGRF Data source being set to SRRun01_grf
[info] ExternalForce::LeftGRF Data source being set to SRRun01_grf
[info] Storage: read data file = SRRun01_grf.mot (nr=10005 nc=19)
[info] ExternalForce::RightGRF Data source being set to SRRun01_grf
[info] ExternalForce::LeftGRF Data source being set to SRRun01_grf
[info] Storage: read data file = SRRun01_grf.mot (nr=10005 nc=19)
[info] ExternalForce::RightGRF Data source being set to SRRun01_grf
[info] ExternalForce::LeftGRF Data source being set to SRRun01_grf
[info] Storage: read data file = SRRun01_grf.mot (nr=10005 nc=19)
[info] ExternalForce::RightGRF Data source being set to SRRun01_grf
[info] ExternalForce::LeftGRF Data source being set to SRRun01_grf
[info] Storage: read data file = SRRun01_grf.mot (nr=10005 nc=19)
[info] ExternalForce::RightGRF Data source being set to SRRun01_grf
[info] ExternalForce::LeftGRF Data source being set to SRRun01_grf
[info] Storage: read data file = SRRun01_grf.mot (nr=10005 nc=19)
[info] ExternalForce::RightGRF Data source being set to SRRun01_grf
[info] ExternalForce::LeftGRF Data source being set to SRRun01_grf
[info] Storage: read data file = SRRun01_grf.mot (nr=10005 nc=19)
[info] ExternalForce::RightGRF Data source being set to SRRun01_grf
[info] ExternalForce::LeftGRF Data source being set to SRRun01_grf
[info] Storage: read data file = SRRun01_grf.mot (nr=10005 nc=19)
[info] ExternalForce::RightGRF Data source being set to SRRun01_grf
[info] ExternalForce::LeftGRF Data source being set to SRRun01_grf
[info] Storage: read data file = SRRun01_grf.mot (nr=10005 nc=19)
[info] ExternalForce::RightGRF Data source being set to SRRun01_grf
[info] ExternalForce::LeftGRF Data source being set to SRRun01_grf
[info] Storage: read data file = SRRun01_grf.mot (nr=10005 nc=19)
[info] ExternalForce::RightGRF Data source being set to SRRun01_grf
[info] ExternalForce::LeftGRF Data source being set to SRRun01_grf
[info] Storage: read data file = SRRun01_grf.mot (nr=10005 nc=19)
[info] ExternalForce::RightGRF Data source being set to SRRun01_grf
[info] ExternalForce::LeftGRF Data source being set to SRRun01_grf
[info] Storage: read data file = SRRun01_grf.mot (nr=10005 nc=19)
[info] ExternalForce::RightGRF Data source being set to SRRun01_grf
[info] ExternalForce::LeftGRF Data source being set to SRRun01_grf
[info] Storage: read data file = SRRun01_grf.mot (nr=10005 nc=19)
[info] ExternalForce::RightGRF Data source being set to SRRun01_grf
[info] ExternalForce::LeftGRF Data source being set to SRRun01_grf
[info] Storage: read data file = SRRun01_grf.mot (nr=10005 nc=19)
[info] ExternalForce::RightGRF Data source being set to SRRun01_grf
[info] ExternalForce::LeftGRF Data source being set to SRRun01_grf
[info] Storage: read data file = SRRun01_grf.mot (nr=10005 nc=19)
[info] ExternalForce::RightGRF Data source being set to SRRun01_grf
[info] ExternalForce::LeftGRF Data source being set to SRRun01_grf
[info] Storage: read data file = SRRun01_grf.mot (nr=10005 nc=19)
[info] ExternalForce::RightGRF Data source being set to SRRun01_grf
[info] ExternalForce::LeftGRF Data source being set to SRRun01_grf
[info] Storage: read data file = SRRun01_grf.mot (nr=10005 nc=19)
[info] ExternalForce::RightGRF Data source being set to SRRun01_grf
[info] ExternalForce::LeftGRF Data source being set to SRRun01_grf
[info] Number of threads: 96

List of user-set options:

                                    Name   Value                used
                acceptable_compl_inf_tol = 0.001                 yes
              acceptable_constr_viol_tol = 1                     yes
                 acceptable_dual_inf_tol = 0.001                 yes
                          acceptable_tol = 0.001                 yes
                           compl_inf_tol = 0.001                 yes
                         constr_viol_tol = 1                     yes
                            dual_inf_tol = 0.001                 yes
                   hessian_approximation = limited-memory        yes
                           linear_solver = mumps                 yes
                                max_iter = 3000                  yes
                      print_user_options = yes                   yes
                                     tol = 0.001                 yes

******************************************************************************
This program contains Ipopt, a library for large-scale nonlinear optimization.
 Ipopt is released as open source code under the Eclipse Public License (EPL).
         For more information visit https://github.com/coin-or/Ipopt
******************************************************************************

This is Ipopt version 3.14.16, running with linear solver MUMPS 5.6.2.

Number of nonzeros in equality constraint Jacobian...:  1036810
Number of nonzeros in inequality constraint Jacobian.:        0
Number of nonzeros in Lagrangian Hessian.............:        0

Total number of variables............................:     8210
                     variables with only lower bounds:        0
                variables with lower and upper bounds:     7292
                     variables with only upper bounds:        0
Total number of equality constraints.................:     6666
Total number of inequality constraints...............:        0
        inequality constraints with only lower bounds:        0
   inequality constraints with lower and upper bounds:        0
        inequality constraints with only upper bounds:        0

iter    objective    inf_pr   inf_du lg(mu)  ||d||  lg(rg) alpha_du alpha_pr  ls
   0  1.2592370e+00 3.33e+02 1.73e-02   0.0 0.00e+00    -  0.00e+00 0.00e+00   0
   1  1.3189845e+00 3.32e+02 8.05e+00  -2.8 1.21e+02    -  7.48e-03 4.55e-03h  1
   2  4.1555562e+00 3.20e+02 8.10e+01  -2.8 1.32e+02    -  1.68e-02 3.56e-02h  1
   3  6.9216459e+00 3.09e+02 1.41e+02  -2.8 1.37e+02    -  4.74e-02 3.31e-02h  1
   4  1.8616481e+01 2.85e+02 2.79e+02  -2.8 1.43e+02    -  5.23e-02 7.85e-02h  1
   5  1.9472174e+01 2.82e+02 2.96e+02  -2.9 1.38e+02    -  8.51e-02 1.16e-02h  1
   6  2.8312813e+01 2.62e+02 3.97e+02  -2.9 1.37e+02    -  4.52e-02 7.20e-02h  1
   7  3.1999688e+01 2.52e+02 4.45e+02  -2.9 1.31e+02    -  9.35e-02 3.87e-02h  1
   8  3.3571040e+01 2.45e+02 4.82e+02  -3.0 1.34e+02    -  9.50e-02 2.70e-02h  1
   9  3.4791992e+01 2.31e+02 5.46e+02  -3.0 1.36e+02    -  4.05e-02 5.69e-02h  1
iter    objective    inf_pr   inf_du lg(mu)  ||d||  lg(rg) alpha_du alpha_pr  ls
  10  3.8397155e+01 2.07e+02 6.37e+02  -3.0 1.34e+02    -  6.06e-02 1.07e-01h  1
  11  3.7228622e+01 2.05e+02 6.39e+02  -3.1 1.15e+02    -  1.12e-01 1.12e-02h  1
  12  3.6196024e+01 1.94e+02 6.57e+02  -3.1 1.15e+02    -  2.28e-03 5.63e-02h  1
  13  3.5167065e+01 1.92e+02 6.61e+02  -3.1 1.17e+02    -  1.13e-01 1.09e-02h  1
  14  3.3371057e+01 1.83e+02 6.75e+02  -3.2 1.14e+02    -  7.05e-02 4.79e-02h  1
  15  3.2231189e+01 1.81e+02 6.80e+02  -3.2 1.25e+02    -  3.60e-02 1.12e-02h  1
  16  3.0387898e+01 1.68e+02 8.37e+02  -3.2 1.21e+02    -  3.70e-03 7.58e-02h  1
  17  2.9813687e+01 1.58e+02 1.05e+03  -3.2 1.08e+02    -  1.30e-01 6.14e-02h  1
  18  2.8474598e+01 1.50e+02 1.22e+03  -3.3 1.02e+02    -  1.00e-01 5.56e-02h  1
  19  6.3321906e+01 1.24e+02 1.69e+03  -3.3 1.13e+02    -  1.20e-01 2.01e-01h  1
iter    objective    inf_pr   inf_du lg(mu)  ||d||  lg(rg) alpha_du alpha_pr  ls
  20  5.8700165e+01 1.17e+02 1.75e+03  -3.4 8.12e+01    -  9.34e-02 6.07e-02h  1
  21  5.1534102e+01 1.13e+02 1.78e+03  -3.4 9.17e+01    -  9.38e-02 2.80e-02f  1
  22  4.3268392e+01 1.04e+02 1.78e+03  -3.5 7.73e+01    -  4.41e-02 8.76e-02h  1
  23  3.9872221e+01 1.03e+02 1.80e+03  -3.5 9.42e+01    -  7.51e-02 1.07e-02f  1
  24  3.7325472e+01 9.76e+01 1.75e+03  -3.5 7.72e+01    -  4.50e-03 5.60e-02h  1
  25  3.6767115e+01 9.74e+01 1.75e+03  -3.5 1.33e+02    -  7.42e-02 1.67e-03h  1
  26  3.6740379e+01 9.73e+01 1.75e+03  -3.5 8.31e+01    -  4.04e-02 9.11e-04h  1
  27  3.3092990e+01 9.16e+01 1.76e+03  -3.6 1.42e+02    -  3.24e-02 6.21e-02f  1
  28  3.2575910e+01 9.08e+01 1.75e+03  -3.6 9.24e+01    -  2.54e-02 8.73e-03h  1
  29  3.0721917e+01 8.53e+01 1.73e+03  -3.6 1.39e+02    -  2.88e-02 6.15e-02f  1
iter    objective    inf_pr   inf_du lg(mu)  ||d||  lg(rg) alpha_du alpha_pr  ls
  30  2.9986597e+01 8.35e+01 1.71e+03  -3.6 8.62e+01    -  1.74e-02 2.16e-02h  1
  31  3.0694124e+01 7.84e+01 1.61e+03  -3.6 1.15e+02    -  1.03e-01 6.03e-02h  1
  32  2.8827562e+01 7.26e+01 1.52e+03  -3.7 8.14e+01    -  1.13e-01 7.43e-02h  1
  33  6.0028091e+01 6.70e+01 1.30e+03  -3.7 1.18e+02    -  3.18e-02 7.29e-02h  1
  34  5.9452114e+01 6.62e+01 1.29e+03  -3.7 6.52e+01    -  6.98e-02 1.17e-02h  1
  35  7.1093095e+01 5.99e+01 1.11e+03  -3.8 1.12e+02    -  3.05e-03 9.31e-02h  1
  36  7.1004285e+01 5.98e+01 1.10e+03  -3.8 8.28e+01    -  1.68e-02 1.59e-03h  1
  37  5.8963774e+01 5.72e+01 1.07e+03  -3.8 1.17e+02    -  6.89e-03 4.38e-02f  1
  38  5.8407655e+01 5.70e+01 1.07e+03  -3.8 1.03e+02    -  3.23e-02 3.20e-03h  1
  39  5.1599420e+01 5.54e+01 1.05e+03  -3.8 1.15e+02    -  2.99e-02 2.95e-02f  1
iter    objective    inf_pr   inf_du lg(mu)  ||d||  lg(rg) alpha_du alpha_pr  ls
  40  4.5827818e+01 5.31e+01 1.01e+03  -3.8 1.07e+02    -  3.58e-02 4.13e-02f  1
  41  4.5514542e+01 5.31e+01 1.01e+03  -3.8 1.19e+02    -  3.03e-02 1.21e-03h  1
  42  4.2821690e+01 5.11e+01 9.68e+02  -3.8 9.99e+01    -  4.63e-04 3.71e-02h  1
  43  3.4288383e+01 4.93e+01 9.31e+02  -3.8 1.32e+02    -  8.32e-03 3.43e-02f  1
  44  3.3945337e+01 4.91e+01 9.26e+02  -3.8 1.08e+02    -  3.15e-02 4.96e-03h  1
  45  2.8757558e+01 4.61e+01 8.72e+02  -3.8 1.60e+02    -  5.44e-03 6.14e-02f  1
  46  2.8558469e+01 4.60e+01 8.69e+02  -3.8 1.27e+02    -  8.83e-03 2.60e-03h  1
  47  2.5742047e+01 4.36e+01 8.21e+02  -3.8 1.45e+02    -  1.99e-02 5.10e-02h  1
  48  2.5089665e+01 4.29e+01 8.05e+02  -3.9 1.14e+02    -  9.24e-02 1.59e-02h  1
  49  2.3972187e+01 3.96e+01 7.40e+02  -3.9 1.28e+02    -  3.83e-03 7.43e-02h  1
iter    objective    inf_pr   inf_du lg(mu)  ||d||  lg(rg) alpha_du alpha_pr  ls
  50  2.3706537e+01 3.56e+01 6.58e+02  -3.9 1.02e+02    -  1.13e-01 9.61e-02h  1
  51  2.2537227e+01 3.43e+01 6.30e+02  -3.9 9.93e+01    -  1.34e-01 3.62e-02h  1
  52  2.4960790e+01 3.07e+01 6.20e+02  -4.0 1.10e+02    -  1.53e-03 9.67e-02h  1
  53  2.4348162e+01 3.02e+01 6.29e+02  -4.0 1.00e+02    -  8.94e-02 1.72e-02h  1
  54  2.6677405e+01 2.66e+01 7.08e+02  -4.1 1.46e+02    -  1.54e-02 9.50e-02h  1
  55  2.5323605e+01 2.59e+01 7.12e+02  -4.1 8.56e+01    -  6.47e-02 2.77e-02h  1
  56  2.2956735e+01 2.52e+01 7.20e+02  -4.1 9.51e+01    -  2.51e-02 2.47e-02f  1
  57  2.2277771e+01 2.48e+01 7.17e+02  -4.1 7.46e+01    -  3.40e-02 1.93e-02h  1
  58  1.9766872e+01 2.39e+01 7.26e+02  -4.1 1.16e+02    -  1.55e-02 3.20e-02f  1
  59  1.8972701e+01 2.32e+01 7.23e+02  -4.1 8.19e+01    -  4.31e-02 2.98e-02h  1
iter    objective    inf_pr   inf_du lg(mu)  ||d||  lg(rg) alpha_du alpha_pr  ls
  60  2.6357170e+01 2.11e+01 7.22e+02  -4.1 1.21e+02    -  2.56e-02 8.04e-02h  1
  61  2.5218677e+01 2.03e+01 7.09e+02  -4.2 7.08e+01    -  2.85e-02 3.96e-02h  1
  62  3.1208358e+01 1.95e+01 6.86e+02  -4.2 9.05e+01    -  2.07e-02 3.47e-02h  1
  63  3.1065998e+01 1.95e+01 6.84e+02  -4.2 6.53e+01    -  1.00e-01 3.69e-03h  1
  64  3.0591493e+01 1.94e+01 6.84e+02  -4.2 1.17e+02    -  2.31e-02 4.58e-03h  1
  65  2.9904372e+01 1.90e+01 6.73e+02  -4.2 6.51e+01    -  7.11e-04 1.87e-02h  1
  66  2.9844341e+01 1.90e+01 6.70e+02  -0.3 5.03e+03    -  5.40e-04 4.37e-04f  1
  67  2.6719888e+01 1.74e+01 6.22e+02  -4.2 6.56e+01    -  3.12e-03 8.23e-02h  1
  68  3.9402196e+01 1.65e+01 5.78e+02  -4.2 5.26e+01    -  3.71e-02 5.33e-02h  1
  69  3.8651350e+01 1.62e+01 5.72e+02  -4.2 5.57e+01    -  2.84e-02 1.24e-02h  1
iter    objective    inf_pr   inf_du lg(mu)  ||d||  lg(rg) alpha_du alpha_pr  ls
  70  3.5114487e+01 1.55e+01 5.59e+02  -4.3 7.28e+01    -  1.19e-02 4.82e-02f  1
  71  2.8696698e+01 1.40e+01 5.17e+02  -4.3 5.87e+01    -  1.46e-02 8.85e-02f  1
  72  2.7667651e+01 1.39e+01 5.14e+02  -4.3 6.33e+01    -  1.75e-02 7.62e-03h  1
  73  2.5591532e+01 1.32e+01 4.93e+02  -4.3 5.20e+01    -  5.17e-02 5.15e-02h  1
  74  2.3256453e+01 1.29e+01 4.85e+02  -4.3 7.46e+01    -  5.43e-02 2.55e-02f  1
  75  2.3181830e+01 1.28e+01 4.85e+02  -4.3 4.50e+01    -  1.02e-01 2.56e-03h  1
  76  2.1216001e+01 1.24e+01 4.80e+02  -4.4 8.22e+01    -  2.26e-02 3.12e-02f  1
  77  2.1195081e+01 1.24e+01 4.80e+02  -4.4 4.13e+01    -  2.24e-02 5.73e-04h  1
  78  2.0811504e+01 1.23e+01 4.77e+02  -4.4 4.50e+01    -  2.67e-03 7.41e-03h  1
  79  1.9928338e+01 1.20e+01 4.70e+02  -4.4 4.48e+01    -  1.34e-04 2.11e-02h  1
iter    objective    inf_pr   inf_du lg(mu)  ||d||  lg(rg) alpha_du alpha_pr  ls
  80  1.7368041e+01 9.53e+00 3.90e+02  -4.4 4.61e+01    -  2.38e-02 1.96e-01h  1
  81  1.7237123e+01 9.49e+00 3.89e+02  -4.4 3.31e+01    -  5.21e-02 4.14e-03h  1
  82  1.6509146e+01 9.21e+00 3.80e+02  -4.4 3.68e+01    -  7.78e-03 2.96e-02h  1
  83  1.5607609e+01 8.56e+00 3.60e+02  -4.4 3.35e+01    -  3.12e-02 6.85e-02h  1
  84  1.5004810e+01 8.31e+00 3.53e+02  -4.4 3.90e+01    -  2.40e-02 2.89e-02h  1
  85  1.4010232e+01 7.44e+00 3.25e+02  -4.5 3.07e+01    -  4.92e-03 1.02e-01h  1
  86  1.3984972e+01 7.42e+00 3.24e+02  -4.5 2.53e+01    -  9.82e-02 2.35e-03h  1
  87  1.3529923e+01 6.47e+00 2.92e+02  -4.5 2.48e+01    -  2.95e-03 1.25e-01h  1
  88  1.3135683e+01 6.10e+00 2.81e+02  -4.5 3.16e+01    -  5.38e-02 5.54e-02h  1
  89  1.2762999e+01 5.80e+00 2.72e+02  -4.5 3.24e+01    -  1.38e-01 4.96e-02h  1
iter    objective    inf_pr   inf_du lg(mu)  ||d||  lg(rg) alpha_du alpha_pr  ls
  90  1.2529846e+01 5.34e+00 2.59e+02  -4.6 3.00e+01    -  3.03e-03 7.67e-02h  1
  91  1.2464237e+01 5.25e+00 2.57e+02  -4.6 2.67e+01    -  1.45e-01 1.72e-02h  1
  92  1.3505538e+01 4.48e+00 2.43e+02  -4.7 3.34e+01    -  2.92e-02 1.33e-01h  1
  93  1.3149911e+01 4.16e+00 2.34e+02  -4.7 1.92e+01    -  6.64e-02 7.01e-02h  1
  94  1.2924507e+01 4.13e+00 2.34e+02  -4.7 6.16e+01    -  4.35e-02 5.80e-03h  1
  95  1.2616483e+01 3.13e+00 1.87e+02  -4.7 1.96e+01    -  6.80e-02 2.28e-01h  1
  96  1.2597577e+01 3.13e+00 1.87e+02  -4.8 1.80e+01    -  1.30e-01 1.64e-03h  1
  97  1.2135225e+01 2.50e+00 1.52e+02  -4.8 1.35e+01    -  5.79e-02 1.95e-01h  1
  98  1.1985549e+01 2.45e+00 1.49e+02  -4.8 1.38e+01    -  1.32e-02 2.08e-02h  1
  99  1.1574725e+01 2.14e+00 1.36e+02  -4.8 2.17e+01    -  1.56e-01 1.20e-01h  1
iter    objective    inf_pr   inf_du lg(mu)  ||d||  lg(rg) alpha_du alpha_pr  ls
 100  1.1303416e+01 1.91e+00 1.27e+02  -4.9 2.34e+01    -  3.05e-02 1.03e-01h  1
 101  1.1093378e+01 1.73e+00 1.17e+02  -4.9 1.33e+01    -  4.54e-02 9.16e-02h  1
 102  1.1033432e+01 1.69e+00 1.14e+02  -5.0 1.12e+01    -  3.96e-02 2.63e-02h  1
 103  1.0812575e+01 1.59e+00 1.10e+02  -5.0 2.67e+01    -  1.02e-01 5.49e-02h  1
 104  1.0682745e+01 1.44e+00 1.02e+02  -5.0 2.09e+01    -  8.24e-03 9.08e-02h  1
 105  1.0493061e+01 1.28e+00 9.27e+01  -5.0 1.81e+01    -  1.29e-01 1.09e-01h  1
 106  1.0518416e+01 1.18e+00 8.87e+01  -5.1 5.25e+01    -  2.41e-02 6.69e-02h  1
 107  1.0416704e+01 1.15e+00 8.67e+01  -5.1 3.22e+01    -  8.37e-02 2.82e-02h  1
 108  1.0300065e+01 1.11e+00 8.45e+01  -5.1 3.42e+01    -  4.36e-02 2.89e-02h  1
 109  1.0195483e+01 1.06e+00 8.07e+01  -5.1 1.54e+01    -  4.19e-02 4.86e-02h  1
iter    objective    inf_pr   inf_du lg(mu)  ||d||  lg(rg) alpha_du alpha_pr  ls
 110  1.0162157e+01 1.04e+00 7.93e+01  -5.2 1.49e+01    -  4.76e-02 1.84e-02h  1
 111  1.0106972e+01 1.02e+00 7.79e+01  -5.2 1.97e+01    -  7.53e-03 1.83e-02h  1
 112  9.9874693e+00 8.95e-01 6.90e+01  -5.2 1.20e+01    -  2.32e-02 1.18e-01h  1
 113  9.9182173e+00 8.31e-01 6.44e+01  -5.2 2.07e+01    -  4.93e-02 6.81e-02h  1
 114  9.8720384e+00 8.10e-01 6.29e+01  -5.2 2.38e+01    -  8.35e-02 2.48e-02h  1
 115  9.9022671e+00 8.37e-01 5.81e+01  -5.3 5.14e+01    -  4.15e-02 8.20e-02h  1
 116  9.8668655e+00 8.31e-01 5.76e+01  -5.3 5.40e+01    -  4.84e-02 7.84e-03h  1
 117  9.8415023e+00 8.27e-01 5.73e+01  -5.3 5.14e+01    -  2.95e-02 5.22e-03h  1
 118  9.6779433e+00 8.07e-01 5.46e+01  -5.3 5.45e+01    -  1.31e-02 4.83e-02h  1
 119  9.5348422e+00 7.93e-01 5.32e+01  -5.3 8.30e+01    -  3.33e-02 3.37e-02h  1
iter    objective    inf_pr   inf_du lg(mu)  ||d||  lg(rg) alpha_du alpha_pr  ls
 120  9.3424428e+00 7.78e-01 5.09e+01  -5.3 5.52e+01    -  1.11e-02 6.40e-02h  1
 121  9.2466400e+00 7.69e-01 5.06e+01  -5.3 7.08e+01    -  2.51e-03 1.13e-02h  1
 122  9.2345460e+00 7.67e-01 5.04e+01  -5.3 1.67e+01    -  6.98e-02 2.96e-03h  1
 123  9.1263067e+00 6.86e-01 4.51e+01  -5.4 7.64e+00    -  4.90e-02 1.03e-01h  1
 124  9.0172696e+00 6.50e-01 4.28e+01  -5.4 3.65e+01    -  4.97e-02 4.60e-02h  1
 125  8.8638341e+00 5.87e-01 3.86e+01  -5.4 4.06e+01    -  4.44e-02 8.22e-02h  1
 126  8.8280466e+00 5.75e-01 3.71e+01  -5.4 7.66e+01    -  2.41e-02 2.72e-02h  2
 127  8.7126994e+00 5.68e-01 3.50e+01  -5.4 5.34e+01    -  9.29e-03 4.27e-02h  1
 128  8.7311361e+00 5.76e-01 3.32e+01  -5.5 8.26e+01    -  3.97e-02 3.31e-02h  1
 129  8.7041129e+00 5.72e-01 3.28e+01  -5.5 4.94e+01    -  5.33e-02 8.09e-03h  1
iter    objective    inf_pr   inf_du lg(mu)  ||d||  lg(rg) alpha_du alpha_pr  ls
 130  8.6546431e+00 5.65e-01 3.20e+01  -5.5 5.45e+01    -  2.51e-02 1.51e-02h  1
 131  8.6401687e+00 5.60e-01 3.17e+01  -5.5 1.35e+01    -  1.08e-01 8.33e-03h  1
 132  8.5246164e+00 5.41e-01 2.98e+01  -5.6 4.15e+01    -  1.99e-02 4.31e-02h  1
 133  8.4497450e+00 5.29e-01 2.87e+01  -5.6 5.69e+01    -  2.07e-02 2.44e-02h  1
 134  8.4224404e+00 5.25e-01 2.84e+01  -5.6 4.24e+01    -  3.89e-02 9.10e-03h  1
 135  8.4243601e+00 5.16e-01 2.70e+01  -5.6 9.30e+01    -  9.10e-03 2.75e-02h  2
 136  8.3377711e+00 4.96e-01 2.46e+01  -5.6 5.33e+01    -  7.46e-02 6.05e-02h  1
 137  8.2818646e+00 4.93e-01 2.33e+01  -5.6 1.13e+02    -  4.56e-04 2.68e-02h  1
 138  8.2438953e+00 4.87e-01 2.25e+01  -5.6 1.01e+02    -  1.73e-03 1.59e-02h  2
 139  8.1951346e+00 4.81e-01 2.19e+01  -5.6 6.19e+01    -  1.34e-01 1.77e-02h  1
iter    objective    inf_pr   inf_du lg(mu)  ||d||  lg(rg) alpha_du alpha_pr  ls
 140  8.2276816e+00 4.79e-01 2.17e+01  -5.7 1.69e+02    -  3.87e-03 7.55e-03h  3
 141  8.2248102e+00 4.78e-01 2.17e+01  -5.7 4.03e+01    -  1.11e-02 9.39e-04h  1
 142  9.9969390e+00 4.85e-01 2.07e+01  -5.7 7.40e+01    -  2.01e-02 3.95e-02h  1
 143  9.9090358e+00 4.77e-01 2.03e+01  -5.7 1.44e+01    -  5.37e-02 1.80e-02h  1
 144  1.0017888e+01 4.67e-01 1.97e+01  -5.7 2.78e+01    -  1.99e-03 1.98e-02h  1
 145  9.8673853e+00 4.51e-01 1.91e+01  -5.7 5.44e+00    -  7.84e-02 3.42e-02h  1
 146  9.7467934e+00 4.40e-01 1.87e+01  -5.8 6.55e+00    -  1.41e-02 2.43e-02h  1
 147  9.4722207e+00 4.24e-01 1.79e+01  -5.8 8.06e+00    -  1.60e-02 3.80e-02h  1
 148  9.2386020e+00 4.11e-01 1.73e+01  -5.8 1.25e+01    -  1.34e-02 3.00e-02h  1
 149  9.0796768e+00 3.98e-01 1.68e+01  -5.8 8.82e+00    -  4.15e-02 3.13e-02h  1
iter    objective    inf_pr   inf_du lg(mu)  ||d||  lg(rg) alpha_du alpha_pr  ls
 150  9.0444093e+00 3.97e-01 1.67e+01  -5.8 2.46e+01    -  5.04e-02 2.65e-03h  1
 151  8.8911000e+00 3.88e-01 1.63e+01  -5.8 1.40e+01    -  4.32e-02 2.34e-02h  1
 152  8.8157072e+00 3.83e-01 1.61e+01  -5.8 1.28e+01    -  5.47e-02 1.31e-02h  1
 153  8.5353759e+00 3.69e-01 1.54e+01  -5.9 2.07e+01    -  4.58e-02 3.76e-02h  1
 154  8.2523405e+00 3.59e-01 1.57e+01  -5.9 3.86e+01    -  3.34e-03 3.62e-02h  1
 155  8.1976103e+00 3.58e-01 1.52e+01  -5.9 6.19e+01    -  1.63e-02 4.35e-03h  1
 156  8.0739071e+00 3.51e-01 1.49e+01  -5.9 4.55e+01    -  5.85e-03 2.49e-02h  1
 157  8.0449536e+00 3.50e-01 1.49e+01  -5.9 1.54e+02    -  5.39e-03 1.75e-03h  1
 158  7.9608176e+00 3.51e-01 1.48e+01  -5.9 2.60e+02    -  6.82e-04 4.44e-03h  1
 159  7.9591198e+00 3.51e-01 1.49e+01  -5.9 2.57e+02    -  2.69e-03 6.30e-05h  1
iter    objective    inf_pr   inf_du lg(mu)  ||d||  lg(rg) alpha_du alpha_pr  ls
 160  7.8486754e+00 3.52e-01 1.44e+01  -5.9 1.38e+02    -  3.06e-03 1.30e-02h  1
 161  7.8363463e+00 3.52e-01 1.45e+01  -5.9 1.62e+02    -  9.79e-03 7.33e-04h  1
 162  7.7423038e+00 3.68e-01 1.41e+01  -5.9 1.14e+02    -  7.66e-03 3.53e-02h  1
 163  7.6659203e+00 3.70e-01 1.41e+01  -5.9 1.64e+02    -  2.39e-03 8.49e-03h  2
 164  7.5507150e+00 3.68e-01 1.36e+01  -5.9 9.05e+01    -  2.33e-02 9.94e-03h  1
 165  7.5136983e+00 3.67e-01 1.37e+01  -5.9 9.14e+01    -  6.90e-04 4.49e-03h  1
 166  7.5082006e+00 3.77e-01 1.35e+01  -5.9 1.41e+02    -  1.61e-02 2.58e-02h  1
 167  7.4914242e+00 3.76e-01 1.33e+01  -5.9 8.71e+01    -  1.55e-02 4.57e-03h  1
 168  7.4351970e+00 3.77e-01 1.32e+01  -5.9 2.83e+02    -  4.94e-03 4.68e-03h  3
 169  7.3684100e+00 3.74e-01 1.30e+01  -5.9 8.35e+01    -  2.58e-02 1.20e-02h  1
iter    objective    inf_pr   inf_du lg(mu)  ||d||  lg(rg) alpha_du alpha_pr  ls
 170  7.2863714e+00 3.99e-01 1.28e+01  -6.0 1.75e+02    -  1.04e-02 2.59e-02h  1
 171  7.2411799e+00 3.99e-01 1.27e+01  -6.0 2.54e+02    -  1.90e-02 2.67e-03h  3
 172  7.1417568e+00 3.96e-01 1.23e+01  -6.0 7.42e+01    -  2.89e-02 3.16e-02h  1
 173  7.5451770e+00 3.96e-01 1.22e+01  -6.0 1.24e+02    -  4.26e-03 9.85e-03h  1
 174  7.5799470e+00 3.96e-01 4.35e+01  -0.1 1.41e+04    -  2.08e-06 3.67e-05f  1
 175  7.6941818e+00 4.02e-01 4.36e+01  -0.1 4.15e+04    -  4.42e-05 3.87e-05f  1
 176  8.1990263e+00 4.40e-01 4.28e+01  -0.1 2.21e+04    -  8.28e-05 1.60e-04f  1
 177  8.7043443e+00 4.59e-01 4.22e+01  -0.1 1.04e+04    -  1.82e-04 1.82e-04f  1
 178  1.0296476e+01 2.30e+00 4.11e+01  -0.1 4.44e+03    -  3.59e-04 5.83e-04f  1
 179  1.2010063e+01 4.32e+00 4.04e+01  -0.1 2.09e+03    -  7.78e-04 9.86e-04f  1
iter    objective    inf_pr   inf_du lg(mu)  ||d||  lg(rg) alpha_du alpha_pr  ls
 180  1.4479898e+01 6.73e+00 3.98e+01  -0.1 1.56e+03    -  2.48e-03 1.86e-03f  1
 181  1.7753253e+01 8.04e+00 3.92e+01  -0.1 7.73e+02    -  3.94e-03 3.86e-03f  1
 182  2.3388838e+01 8.41e+00 3.90e+01  -0.1 4.47e+02    -  1.11e-02 8.91e-03f  1
 183  3.6138808e+01 8.77e+00 1.20e+02  -0.1 4.16e+02    -  5.13e-02 2.03e-02f  1
 184  5.7114341e+01 8.76e+00 9.58e+02  -0.1 2.00e+02    -  6.48e-01 4.80e-02f  1
 185  2.0862811e+02 8.17e+00 5.27e+02  -0.1 3.84e+01    -  6.41e-01 4.50e-01f  1
 186  2.5148426e+02 4.51e+00 4.84e+02  -0.1 1.89e+01    -  6.80e-01 1.00e+00f  1
 187  4.5147438e+02 2.19e+00 4.12e+02  -0.1 1.45e+01    -  1.00e+00 1.00e+00h  1
 188  8.5302059e+01 1.41e+00 7.57e+01  -0.1 1.16e+01    -  1.00e+00 1.00e+00f  1
 189  9.0239811e+01 2.63e-01 6.57e+01  -0.1 4.35e+00    -  1.00e+00 1.00e+00f  1
iter    objective    inf_pr   inf_du lg(mu)  ||d||  lg(rg) alpha_du alpha_pr  ls
 190  6.9016196e+01 2.60e-02 5.83e+01  -0.5 4.83e+00    -  9.89e-01 1.00e+00H  1
 191  4.8175823e+01 5.60e-01 5.05e+01  -0.9 4.56e+00    -  9.98e-01 1.00e+00f  1
 192  3.2452818e+01 1.85e-01 2.23e+01  -1.0 2.87e+00    -  1.00e+00 1.00e+00f  1
 193  2.4662104e+01 1.06e-01 1.24e+01  -1.6 1.17e+00    -  1.00e+00 1.00e+00f  1
 194  1.9427134e+01 1.91e-01 1.28e+01  -2.0 1.46e+00    -  1.00e+00 8.06e-01f  1
 195  1.6754769e+01 2.07e-01 1.83e+01  -2.0 2.52e+00    -  1.00e+00 4.82e-01f  1
 196  1.6915578e+01 2.22e-01 1.28e+01  -1.8 1.15e+00    -  1.00e+00 1.00e+00f  1
 197  1.5313987e+01 1.07e-01 9.87e+00  -2.1 1.02e+00    -  9.97e-01 1.00e+00f  1
 198  1.3619405e+01 5.46e-02 6.66e+00  -2.5 5.63e-01    -  1.00e+00 8.96e-01f  1
 199  1.2605735e+01 1.04e-01 2.90e+00  -2.8 6.36e-01    -  9.99e-01 1.00e+00h  1
iter    objective    inf_pr   inf_du lg(mu)  ||d||  lg(rg) alpha_du alpha_pr  ls
 200  1.2418293e+01 9.40e-02 4.06e+00  -2.4 1.02e+00    -  9.07e-01 7.46e-01h  1
 201  1.1635721e+01 1.94e-01 3.50e+00  -2.9 1.28e+00    -  8.46e-01 1.00e+00h  1
 202  1.1812689e+01 2.14e-01 4.20e+00  -2.8 1.46e+00    -  1.00e+00 9.01e-01h  1
 203  1.0564368e+01 2.16e-02 1.22e+00  -2.9 8.90e-01    -  1.00e+00 1.00e+00h  1
 204  1.0809222e+01 4.02e-02 4.93e-01  -2.7 4.01e-01    -  9.72e-01 1.00e+00h  1
 205  1.0510318e+01 2.65e-02 8.85e-01  -2.8 5.60e-01    -  1.00e+00 1.00e+00h  1
 206  1.0339551e+01 1.09e-01 2.45e+00  -2.9 3.74e+00    -  9.97e-01 3.11e-01h  1
 207  1.1908849e+01 4.66e-02 7.06e+00  -2.6 3.08e+00    -  1.00e+00 1.00e+00H  1
 208  1.4285823e+01 3.73e-02 1.19e+01  -2.7 2.26e+00    -  7.95e-01 9.22e-01H  1
 209  1.1058023e+01 8.49e-01 5.55e+00  -2.7 2.73e+00    -  2.44e-01 1.00e+00f  1
iter    objective    inf_pr   inf_du lg(mu)  ||d||  lg(rg) alpha_du alpha_pr  ls
 210  1.0319247e+01 5.73e-01 1.03e+01  -2.7 1.57e+00    -  7.62e-01 3.32e-01h  2
 211  9.6923251e+00 2.30e-01 4.04e+00  -3.0 1.63e+00    -  1.00e+00 1.00e+00h  1
 212  1.3890931e+01 6.53e-02 3.68e+00  -2.7 2.13e+00    -  1.00e+00 8.59e-01H  1
 213  9.6945754e+00 1.74e-01 1.73e+00  -2.8 9.99e-01    -  5.16e-01 1.00e+00f  1
 214  9.2675135e+00 3.11e-02 6.31e-01  -3.3 3.78e-01    -  1.00e+00 9.58e-01h  1
 215  8.8513527e+00 5.56e-02 1.05e+00  -3.3 6.02e-01    -  1.00e+00 7.60e-01h  1
 216  9.5676311e+00 2.25e-02 2.09e+00  -2.9 1.48e+00    -  1.00e+00 7.83e-01H  1
 217  8.7842993e+00 5.95e-02 1.77e+00  -3.3 4.11e-01    -  1.00e+00 7.64e-01f  1
 218  8.2842784e+00 2.87e-02 6.04e-01  -3.4 4.93e-01    -  1.00e+00 8.31e-01h  1
 219  8.2309134e+00 1.70e-02 3.45e+00  -3.4 2.82e-01    -  1.00e+00 4.41e-01h  1
iter    objective    inf_pr   inf_du lg(mu)  ||d||  lg(rg) alpha_du alpha_pr  ls
 220  8.1354607e+00 2.31e-02 1.09e+00  -3.5 1.35e+00    -  1.00e+00 3.66e-01h  2
 221  7.9945719e+00 1.17e-01 2.00e+00  -3.6 3.94e+00    -  9.25e-01 3.21e-01h  1
 222  7.9503279e+00 1.08e-01 4.14e+00  -3.3 8.30e+00    -  5.76e-01 1.05e-01h  2
 223  8.0252079e+00 9.57e-02 6.26e+00  -3.1 5.27e+00    -  5.22e-01 1.99e-01h  2
 224  9.0245781e+00 1.77e-01 1.43e+00  -3.3 1.80e+00    -  9.94e-01 8.67e-01h  1
 225  7.9159761e+00 3.09e-02 8.19e+00  -3.3 7.77e-01    -  3.19e-01 1.00e+00f  1
 226  7.8085171e+00 3.89e-02 9.20e+00  -3.3 1.27e+00    -  1.00e+00 2.98e-01h  1
 227  7.7930531e+00 6.10e-02 3.64e+00  -3.4 2.04e+00    -  9.80e-01 4.62e-01H  1
 228  7.9005338e+00 2.34e-02 6.25e-01  -3.6 2.24e+00    -  1.00e+00 8.43e-01H  1
 229  7.6725579e+00 4.15e-02 1.11e+00  -3.3 2.95e+00    -  8.29e-01 4.09e-01f  1
iter    objective    inf_pr   inf_du lg(mu)  ||d||  lg(rg) alpha_du alpha_pr  ls
 230  8.1478810e+00 4.49e-02 1.55e+00  -3.5 1.04e+00    -  6.62e-01 4.98e-01H  1
 231  7.4090213e+00 2.92e-02 7.92e+00  -3.5 4.51e-01    -  3.39e-01 9.33e-01f  1
 232  7.2923066e+00 1.71e-02 1.83e+00  -3.9 7.65e-01    -  1.00e+00 6.00e-01h  1
 233  7.2718770e+00 1.61e-02 2.86e+00  -3.5 3.43e+00    -  7.40e-01 8.23e-02h  2
 234  7.2978875e+00 5.86e-02 3.51e+00  -3.3 2.00e+00    -  1.00e+00 2.98e-01h  1
 235  7.2808413e+00 7.56e-02 4.06e+00  -3.5 6.39e+00    -  4.21e-01 1.59e-01h  1
 236  7.2530414e+00 8.09e-02 3.73e+00  -3.5 6.19e+00    -  7.74e-02 1.05e-01h  3
 237  7.2225621e+00 7.35e-02 2.32e+00  -3.4 4.77e+00    -  7.06e-01 1.15e-01h  3
 238  7.5277915e+00 8.12e-02 2.14e+00  -3.0 6.20e+00    -  2.69e-01 2.06e-01f  2
 239  7.7792873e+00 8.30e-02 2.10e+00  -3.4 1.82e+00    -  1.00e+00 6.63e-01h  1
iter    objective    inf_pr   inf_du lg(mu)  ||d||  lg(rg) alpha_du alpha_pr  ls
 240  8.6135357e+00 4.13e-02 8.90e+00  -3.4 8.77e-01    -  2.37e-01 1.00e+00h  1
 241  7.1898067e+00 3.45e-02 1.29e+00  -3.4 9.83e-01    -  8.83e-01 8.47e-01f  1
 242  7.4570561e+00 1.88e-02 2.73e+00  -3.1 5.88e-01    -  1.00e+00 6.46e-01f  1
 243  7.3038450e+00 2.81e-02 2.50e-01  -3.2 2.06e-01    -  1.00e+00 1.00e+00h  1
 244  7.1197087e+00 3.10e-02 1.75e-01  -3.7 2.47e-01    -  9.97e-01 1.00e+00h  1
 245  7.0269963e+00 5.56e-04 2.35e-01  -3.4 2.81e-01    -  1.00e+00 1.00e+00H  1
 246  6.8852755e+00 1.64e-02 1.04e+00  -4.0 3.46e-01    -  1.00e+00 4.50e-01f  1
 247  6.7869606e+00 3.58e-02 3.54e-01  -3.9 1.91e-01    -  1.00e+00 9.32e-01h  1
 248  6.6884711e+00 7.95e-03 1.67e-01  -4.2 2.00e-01    -  1.00e+00 9.93e-01h  1
 249  6.6668386e+00 3.38e-03 7.24e-02  -4.2 9.37e-02    -  1.00e+00 9.64e-01h  1
iter    objective    inf_pr   inf_du lg(mu)  ||d||  lg(rg) alpha_du alpha_pr  ls
 250  6.6272344e+00 8.18e-03 4.78e-01  -4.5 2.39e-01    -  1.00e+00 7.68e-01h  1
 251  6.6151121e+00 1.44e-02 1.15e+00  -4.1 7.47e-01    -  1.00e+00 3.59e-01h  1
 252  6.5984584e+00 2.16e-02 1.34e+00  -4.1 1.89e+00    -  5.82e-01 1.64e-01h  1
 253  6.5902924e+00 2.25e-02 3.30e+00  -4.2 1.85e+00    -  5.10e-01 1.47e-01h  2
 254  6.5930387e+00 1.92e-02 4.07e+00  -4.2 1.30e+00    -  1.00e+00 5.25e-01h  1
 255  6.5874225e+00 3.15e-02 4.15e+00  -4.3 4.76e+00    -  4.99e-01 1.69e-01h  1
 256  6.5743168e+00 2.94e-02 4.65e+00  -3.8 4.93e+00    -  3.69e-01 1.36e-01h  2
 257  6.5493493e+00 2.65e-02 7.20e+00  -4.0 3.43e+00    -  4.16e-01 1.30e-01h  1
 258  6.5275477e+00 4.48e-02 4.93e+00  -4.7 3.85e+00    -  3.08e-01 3.12e-01h  1
 259  6.4928751e+00 4.36e-02 5.80e+00  -4.6 2.99e+00    -  3.37e-01 1.36e-01h  1
iter    objective    inf_pr   inf_du lg(mu)  ||d||  lg(rg) alpha_du alpha_pr  ls
 260  6.6857884e+00 5.06e-02 2.30e+00  -3.6 3.89e-01    -  2.71e-01 6.71e-01h  1
 261  6.4795919e+00 1.01e-02 2.34e-01  -4.0 2.71e-01    -  1.00e+00 1.00e+00h  1
 262  6.4255716e+00 3.28e-03 1.32e+00  -4.1 2.69e-01    -  1.00e+00 7.41e-01h  1
 263  6.4876372e+00 1.36e-02 1.79e-01  -3.8 2.93e-01    -  1.00e+00 1.00e+00h  1
 264  6.4650641e+00 7.90e-03 3.71e-01  -3.9 5.93e-01    -  1.00e+00 8.98e-01h  1
 265  6.4784199e+00 5.77e-03 4.83e+00  -3.9 9.46e-01    -  8.55e-01 3.35e-01H  1
 266  6.4108386e+00 3.32e-02 1.93e+00  -3.9 2.47e-01    -  4.97e-01 1.00e+00h  1
 267  6.3808417e+00 2.50e-03 5.74e-01  -4.1 1.73e-01    -  1.00e+00 9.26e-01h  1
 268  6.3377097e+00 2.03e-03 1.12e+00  -4.3 2.14e-01    -  1.00e+00 7.69e-01h  1
 269  6.5002174e+00 6.37e-04 1.00e+00  -3.9 5.28e-01    -  7.14e-01 1.00e+00H  1
iter    objective    inf_pr   inf_du lg(mu)  ||d||  lg(rg) alpha_du alpha_pr  ls
 270  6.5032811e+00 7.16e-03 1.71e+00  -3.7 3.42e-01    -  1.00e+00 5.00e-01f  2
 271  6.4318031e+00 4.38e-03 4.33e+00  -3.8 2.01e-01    -  1.00e+00 5.55e-01h  1
 272  6.4096688e+00 9.20e-04 1.72e-02  -3.8 8.01e-02    -  1.00e+00 1.00e+00h  1
 273  6.3317014e+00 4.77e-03 1.07e+00  -4.4 9.22e-02    -  9.99e-01 8.18e-01h  1
 274  6.3213257e+00 2.32e-03 4.04e-01  -4.0 3.22e-01    -  1.00e+00 8.57e-01h  1
 275  6.5508595e+00 1.13e-03 5.98e-01  -3.8 1.03e+00    -  5.73e-01 1.00e+00H  1
 276  6.6254203e+00 5.85e-02 1.24e+00  -3.6 2.11e+00    -  8.08e-01 4.40e-01f  2
 277  8.0971683e+00 1.47e-02 1.03e+00  -3.7 8.93e-01    -  5.37e-01 7.61e-01h  1
 278  6.3573765e+00 4.00e-02 1.28e-01  -3.7 5.87e-01    -  1.00e+00 1.00e+00f  1
 279  6.3609377e+00 2.66e-03 7.40e-02  -3.7 3.51e-01    -  1.00e+00 1.00e+00h  1
iter    objective    inf_pr   inf_du lg(mu)  ||d||  lg(rg) alpha_du alpha_pr  ls
 280  6.3495696e+00 1.18e-02 4.86e-01  -3.7 4.37e+00    -  6.31e-01 1.71e-01h  3
 281  6.3376846e+00 1.84e-02 6.60e-01  -3.7 1.93e+01    -  3.80e-01 5.50e-02h  3
 282  6.3277538e+00 6.42e-02 9.77e-01  -3.7 2.08e+01    -  3.44e-01 9.61e-02h  2
 283  6.3119796e+00 6.72e-02 1.07e+00  -3.7 3.45e+01    -  1.08e-01 1.97e-02h  3
 284  6.3361301e+00 1.11e-01 2.12e+00  -3.4 2.53e+01    -  4.05e-01 1.04e-01h  1
 285  6.3233576e+00 1.15e-01 2.54e+00  -3.7 4.02e+01    -  1.76e-01 2.80e-02h  4
 286  6.2878306e+00 1.34e-01 2.68e+00  -3.7 2.25e+01    -  2.70e-01 8.71e-02h  3
 287  6.2668938e+00 1.43e-01 2.42e+00  -3.8 2.74e+01    -  2.16e-01 5.50e-02h  3
 288  6.2456621e+00 1.89e-01 2.15e+00  -4.6 1.64e+01    -  8.14e-02 1.38e-01h  2
 289  6.2577267e+00 2.02e-01 1.56e+00  -3.4 1.82e+01    -  3.61e-01 8.40e-02h  2
iter    objective    inf_pr   inf_du lg(mu)  ||d||  lg(rg) alpha_du alpha_pr  ls
 290  6.3124558e+00 2.16e-01 4.89e+00  -3.3 1.15e+01    -  5.83e-01 1.59e-01h  1
 291  9.4607429e+00 1.32e-01 3.20e+00  -3.5 5.51e+00    -  3.32e-01 5.30e-01H  1
 292  6.6210506e+00 7.22e-02 7.93e-01  -3.5 1.94e+00    -  7.95e-01 6.44e-01f  1
 293  6.9715630e+00 2.35e-02 4.89e+00  -3.5 1.62e+00    -  4.80e-01 7.70e-01H  1
 294  6.3904342e+00 1.48e-02 5.64e+00  -3.5 7.53e-01    -  1.00e+00 3.93e-01f  1
 295  6.1392816e+00 6.59e-03 1.91e+00  -3.5 7.19e-01    -  1.00e+00 8.50e-01f  1
 296  6.6000304e+00 5.18e-02 2.79e+00  -3.1 1.17e+00    -  7.20e-01 1.00e+00f  1
 297  6.5709973e+00 8.63e-03 2.30e-01  -3.3 4.27e-01    -  1.00e+00 1.00e+00h  1
 298  6.2671272e+00 5.94e-03 8.49e-02  -3.3 3.33e-01    -  1.00e+00 1.00e+00h  1
 299  6.2260460e+00 5.82e-04 2.96e-02  -3.4 7.30e-02    -  1.00e+00 1.00e+00h  1
iter    objective    inf_pr   inf_du lg(mu)  ||d||  lg(rg) alpha_du alpha_pr  ls
 300  6.0697533e+00 6.36e-03 7.56e-02  -3.9 2.73e-01    -  9.96e-01 1.00e+00h  1
 301  5.9953397e+00 8.07e-03 1.66e+00  -4.0 4.67e-01    -  1.00e+00 2.03e-01h  2
 302  5.8824302e+00 8.10e-03 3.49e-01  -4.0 1.73e-01    -  1.00e+00 8.11e-01h  1
 303  5.8268409e+00 5.31e-03 2.73e-01  -4.1 1.06e-01    -  1.00e+00 8.61e-01h  1
 304  5.7800231e+00 7.39e-03 1.56e-01  -4.3 8.15e-02    -  1.00e+00 9.19e-01h  1
 305  5.7536828e+00 2.22e-03 4.03e-01  -4.5 6.32e-02    -  1.00e+00 8.10e-01h  1
 306  5.7363690e+00 7.79e-04 1.36e-01  -4.6 5.55e-02    -  1.00e+00 8.42e-01h  1
 307  5.7248304e+00 1.46e-03 1.31e+00  -4.7 1.19e-01    -  1.00e+00 5.23e-01h  1
 308  5.7171299e+00 3.27e-03 4.00e-01  -4.7 1.91e-01    -  8.28e-01 5.12e-01h  1
 309  5.7065510e+00 4.10e-03 1.02e+00  -4.8 4.42e-01    -  7.57e-01 3.08e-01h  1
iter    objective    inf_pr   inf_du lg(mu)  ||d||  lg(rg) alpha_du alpha_pr  ls
 310  5.6917282e+00 9.49e-03 8.10e-01  -4.8 1.40e+00    -  3.78e-01 1.98e-01h  1
 311  5.6842571e+00 1.56e-02 5.88e-01  -4.8 2.56e+00    -  3.31e-01 4.63e-02h  1
 312  5.6809171e+00 1.92e-02 8.96e-01  -4.4 2.44e+00    -  5.30e-01 1.57e-01h  1
 313  5.6764700e+00 1.46e-02 7.18e-01  -5.0 1.66e+00    -  3.37e-01 2.11e-01h  1
 314  5.6630838e+00 1.22e-02 6.29e-01  -4.6 9.06e-01    -  5.18e-01 4.30e-01h  1
 315  5.7060259e+00 6.24e-03 6.44e-01  -4.0 6.19e-01    -  3.47e-01 4.26e-01h  1
 316  5.6756807e+00 2.46e-03 1.67e-01  -4.4 1.53e-01    -  8.81e-01 8.20e-01h  1
 317  5.6545803e+00 2.30e-03 6.05e-01  -4.4 8.41e-02    -  1.00e+00 7.99e-01h  1
 318  5.6360093e+00 1.99e-03 2.91e-01  -5.1 1.25e-01    -  1.00e+00 7.59e-01h  1
 319  5.6294562e+00 3.59e-03 3.50e-01  -4.7 4.78e-01    -  1.00e+00 5.32e-01h  1
iter    objective    inf_pr   inf_du lg(mu)  ||d||  lg(rg) alpha_du alpha_pr  ls
 320  5.6173031e+00 5.06e-03 4.35e-01  -4.8 9.26e-01    -  7.97e-01 3.49e-01h  1
 321  5.6106638e+00 4.72e-03 7.82e-01  -4.9 1.94e+00    -  4.24e-01 9.06e-02h  1
 322  5.6150601e+00 2.89e-03 7.10e-01  -4.8 6.28e-01    -  7.92e-01 4.21e-01h  1
 323  5.6055672e+00 2.83e-03 2.45e-01  -4.9 3.83e-01    -  7.38e-01 7.14e-01h  1
 324  5.5971185e+00 1.78e-03 8.39e-01  -4.6 2.28e-01    -  6.61e-01 2.06e-01h  1
 325  5.5878271e+00 2.28e-03 3.66e-02  -4.8 8.37e-02    -  1.00e+00 9.87e-01h  1
 326  5.5829466e+00 5.29e-04 3.88e-01  -4.9 1.92e-01    -  1.00e+00 6.96e-01h  1
 327  5.5830517e+00 2.50e-03 4.04e-01  -4.6 1.30e+00    -  7.20e-01 2.39e-01h  2
 328  5.5798321e+00 2.87e-03 4.67e-01  -4.8 2.80e+00    -  3.25e-01 1.74e-01h  2
 329  5.5769177e+00 5.58e-03 5.50e-01  -4.7 6.98e+00    -  3.22e-01 7.90e-02h  2
iter    objective    inf_pr   inf_du lg(mu)  ||d||  lg(rg) alpha_du alpha_pr  ls
 330  5.5792076e+00 8.29e-03 4.32e-01  -4.3 6.96e+00    -  2.75e-01 9.52e-02h  2
 331  5.5784117e+00 8.28e-03 5.52e-01  -4.7 5.32e+00    -  2.25e-01 1.19e-01h  2
 332  5.5636381e+00 1.09e-02 6.45e-01  -4.7 1.22e+01    -  1.41e-01 6.84e-02h  1
 333  5.8903760e+00 4.25e-02 8.42e-01  -3.6 1.65e+01    -  9.63e-02 1.50e-01f  1
 334  5.7852234e+00 3.78e-02 9.58e-01  -4.4 6.95e+00    -  3.27e-01 1.64e-01h  1
 335  5.7706952e+00 3.43e-02 1.25e+00  -4.4 2.26e+01    -  5.24e-02 9.78e-02f  1
 336  5.6661010e+00 3.21e-02 1.30e+00  -4.4 6.93e+00    -  1.51e-01 1.14e-01h  1
 337  5.5711514e+00 2.62e-02 1.17e+00  -4.4 2.87e+00    -  3.22e-01 2.08e-01h  1
 338  5.6322107e+00 1.66e-02 9.55e+00  -4.4 8.10e-01    -  5.09e-01 5.59e-01h  1
 339  5.4781961e+00 9.94e-03 5.81e-01  -4.4 2.47e-01    -  5.67e-01 6.56e-01h  1
iter    objective    inf_pr   inf_du lg(mu)  ||d||  lg(rg) alpha_du alpha_pr  ls
 340  5.4881879e+00 3.04e-03 3.02e+00  -4.1 1.30e-01    -  1.00e+00 1.00e+00f  1
 341  5.4615800e+00 1.99e-03 1.78e+00  -4.8 2.92e-01    -  1.00e+00 5.13e-01h  1
 342  5.4517965e+00 2.47e-03 1.36e+00  -4.5 7.30e-01    -  8.41e-01 1.98e-01h  3
 343  5.4400510e+00 3.23e-03 3.83e-01  -4.6 6.74e-01    -  1.00e+00 8.47e-01H  1
 344  5.4474622e+00 1.15e-02 8.91e-01  -4.4 7.09e-01    -  7.87e-01 4.36e-01h  2
 345  5.4667952e+00 2.96e-03 2.90e-01  -4.5 1.71e-01    -  5.00e-01 8.37e-01h  1
 346  5.4153432e+00 2.15e-03 4.21e-02  -4.5 2.28e-01    -  1.00e+00 1.00e+00f  1
 347  5.4132768e+00 2.61e-03 1.60e-01  -4.6 1.76e-01    -  1.00e+00 9.25e-01h  1
 348  5.3950241e+00 1.81e-03 9.42e-02  -4.8 3.69e-01    -  1.00e+00 8.45e-01h  1
 349  5.4028027e+00 2.50e-03 2.92e-01  -4.4 1.34e+00    -  8.17e-01 2.52e-01h  2
iter    objective    inf_pr   inf_du lg(mu)  ||d||  lg(rg) alpha_du alpha_pr  ls
 350  5.4443075e+00 2.54e-03 9.92e-02  -4.6 3.67e-01    -  1.00e+00 1.00e+00h  1
 351  5.3951017e+00 6.91e-04 6.03e-02  -4.6 1.57e-01    -  9.89e-01 1.00e+00h  1
 352  5.3693091e+00 7.25e-04 6.51e-01  -5.0 2.94e-01    -  1.00e+00 7.12e-01h  1
 353  5.3630968e+00 1.09e-03 1.63e+00  -5.0 1.01e+00    -  1.00e+00 2.20e-01h  2
 354  5.3538307e+00 6.70e-03 1.54e+00  -4.8 3.32e+00    -  5.57e-01 1.96e-01h  1
 355  5.3608853e+00 1.21e-02 1.41e+00  -3.9 1.98e+01    -  1.12e-01 4.94e-02h  1
 356  5.3482996e+00 6.43e-02 1.38e+00  -4.7 1.90e+01    -  1.11e-01 7.62e-02h  1
 357  5.3407773e+00 6.30e-02 1.79e+00  -4.2 3.06e+01    -  1.11e-01 2.10e-02h  3
 358  5.4267627e+00 6.54e-02 1.68e+00  -3.7 2.24e+01    -  1.34e-01 9.34e-02f  1
 359  5.4018889e+00 8.19e-02 1.64e+00  -4.4 2.52e+01    -  8.29e-02 6.39e-02h  2
iter    objective    inf_pr   inf_du lg(mu)  ||d||  lg(rg) alpha_du alpha_pr  ls
 360  5.3801467e+00 9.45e-02 1.61e+00  -4.4 3.87e+01    -  4.49e-02 3.94e-02h  2
 361  5.3594912e+00 1.03e-01 1.68e+00  -4.4 2.78e+01    -  7.80e-02 4.73e-02h  2
 362  5.3191582e+00 1.10e-01 1.77e+00  -4.4 2.05e+01    -  6.97e-02 7.03e-02h  2
 363  5.3118131e+00 1.15e-01 2.18e+00  -3.8 3.27e+01    -  1.56e-01 3.95e-02h  2
 364  5.3197502e+00 1.10e-01 2.33e+00  -4.3 1.39e+01    -  1.99e-01 9.30e-02h  2
 365  5.4722282e+00 7.42e-02 1.60e+00  -4.3 2.65e+00    -  2.83e-01 3.23e-01h  1
 366  5.2518074e+00 6.75e-03 3.34e+00  -4.3 4.38e-01    -  3.74e-01 1.00e+00h  1
 367  5.2339606e+00 2.49e-03 1.61e+00  -4.3 1.41e-01    -  8.40e-01 6.33e-01h  1
 368  5.2068798e+00 1.34e-03 1.09e-01  -4.9 3.01e-01    -  1.00e+00 8.11e-01h  1
 369  5.2105676e+00 3.62e-03 6.21e-01  -4.3 1.83e+00    -  1.00e+00 2.56e-01h  2
iter    objective    inf_pr   inf_du lg(mu)  ||d||  lg(rg) alpha_du alpha_pr  ls
 370  5.2063665e+00 6.59e-02 3.43e-01  -4.4 2.65e+00    -  3.84e-01 2.47e-01h  2
 371  5.2033775e+00 5.75e-02 2.94e-01  -4.1 6.75e+00    -  3.32e-01 1.19e-01h  2
 372  5.2152439e+00 5.18e-02 1.42e+00  -4.0 7.49e+00    -  4.30e-01 9.31e-02h  3
 373  5.2328678e+00 4.02e-02 1.33e+00  -4.2 3.00e+00    -  4.40e-01 2.17e-01h  2
 374  5.2563262e+00 1.31e-02 3.93e-01  -4.2 1.08e+00    -  7.08e-01 6.70e-01h  1
 375  5.2054692e+00 7.37e-03 2.33e-01  -4.2 8.22e-01    -  4.43e-01 4.39e-01h  1
 376  5.1818772e+00 5.04e-03 1.65e+00  -4.2 2.88e-01    -  5.06e-01 3.16e-01f  1
 377  5.1646064e+00 2.26e-03 6.78e-01  -4.3 2.65e-01    -  1.00e+00 7.46e-01h  1
 378  5.1355095e+00 2.09e-03 4.84e-01  -4.7 4.45e-01    -  1.00e+00 7.43e-01h  1
 379  5.1213462e+00 1.91e-03 5.55e-01  -4.7 5.92e-01    -  1.00e+00 5.56e-01h  1
iter    objective    inf_pr   inf_du lg(mu)  ||d||  lg(rg) alpha_du alpha_pr  ls
 380  5.1133042e+00 1.30e-03 7.85e-01  -4.4 3.57e-01    -  1.00e+00 4.00e-01h  1
 381  5.0955483e+00 5.31e-03 9.54e-01  -5.0 2.32e-01    -  9.51e-01 5.21e-01h  1
 382  5.0897241e+00 3.14e-03 4.29e-01  -4.7 2.07e-01    -  1.00e+00 4.10e-01h  1
 383  5.0779209e+00 5.09e-03 1.71e-01  -4.9 5.37e-01    -  1.00e+00 8.94e-01h  1
 384  5.0768351e+00 4.21e-03 6.33e-01  -4.5 2.80e+00    -  5.39e-01 1.75e-01h  1
 385  5.1171503e+00 1.19e-02 4.28e-01  -4.0 4.33e+00    -  1.36e-01 2.31e-01h  1
 386  5.1073630e+00 1.29e-02 6.83e-01  -4.6 6.05e+00    -  3.68e-01 1.13e-01h  1
 387  5.0941653e+00 1.24e-02 1.02e+00  -4.6 7.73e+00    -  1.72e-01 5.77e-02h  3
 388  5.0780135e+00 1.73e-02 8.47e-01  -4.6 9.91e+00    -  3.12e-01 1.18e-01h  1
 389  5.0832918e+00 1.75e-02 8.60e-01  -4.6 9.03e+00    -  1.03e-01 5.87e-02h  3
iter    objective    inf_pr   inf_du lg(mu)  ||d||  lg(rg) alpha_du alpha_pr  ls
 390  5.0706927e+00 1.57e-02 5.23e-01  -4.6 2.82e+00    -  3.26e-01 3.76e-01h  1
 391  5.1639015e+00 1.80e-02 4.83e-01  -3.8 2.32e+00    -  2.76e-01 2.35e-01f  2
 392  5.0851644e+00 1.81e-03 1.77e+00  -4.3 3.15e-01    -  4.75e-01 9.57e-01h  1
 393  5.0378297e+00 1.20e-03 1.22e+00  -4.7 1.75e-01    -  1.00e+00 5.54e-01h  1
 394  5.0135724e+00 1.62e-03 2.28e-01  -4.8 1.85e-01    -  1.00e+00 7.16e-01h  1
 395  5.0251587e+00 2.02e-04 7.06e-02  -4.5 3.38e-01    -  1.00e+00 1.00e+00H  1
 396  4.9971956e+00 3.02e-03 4.78e-01  -5.0 5.15e-01    -  1.00e+00 6.66e-01h  1
 397  5.1649777e+00 2.15e-03 4.13e-01  -4.6 9.16e-01    -  9.98e-01 7.87e-01H  1
 398  5.0389456e+00 2.25e-03 1.50e-01  -4.7 4.60e-01    -  7.59e-01 4.39e-01h  1
 399  4.9929803e+00 2.17e-03 9.85e-02  -4.7 3.10e-01    -  5.13e-01 5.39e-01f  1
iter    objective    inf_pr   inf_du lg(mu)  ||d||  lg(rg) alpha_du alpha_pr  ls
 400  4.9787087e+00 1.58e-03 1.48e-01  -4.8 8.39e-02    -  1.00e+00 9.30e-01f  1
 401  4.9668204e+00 1.21e-03 1.61e-02  -5.2 1.25e-01    -  1.00e+00 9.89e-01h  1
 402  4.9618547e+00 7.61e-04 1.39e+00  -5.3 4.00e-01    -  1.00e+00 3.66e-01h  1
 403  4.9808438e+00 9.99e-04 1.17e+00  -4.4 1.12e+00    -  2.99e-01 1.92e-01h  2
 404  4.9683443e+00 1.42e-03 8.60e-01  -4.9 5.31e-01    -  1.00e+00 3.57e-01h  1
 405  4.9620123e+00 1.34e-03 1.09e+00  -4.9 2.37e+00    -  3.97e-01 5.82e-02h  2
 406  4.9714892e+00 2.81e-04 2.30e-01  -4.9 7.05e-01    -  7.98e-01 9.44e-01H  1
 407  4.9673250e+00 3.08e-04 1.06e+00  -4.5 3.00e+00    -  4.19e-01 4.33e-02f  1
 408  4.9587878e+00 5.25e-03 1.06e+00  -5.8 9.88e+00    -  1.35e-01 7.48e-02h  2
 409  4.9814723e+00 9.15e-03 9.83e-01  -4.1 8.32e+00    -  1.70e-01 9.49e-02f  2
iter    objective    inf_pr   inf_du lg(mu)  ||d||  lg(rg) alpha_du alpha_pr  ls
 410  4.9785196e+00 1.10e-02 6.62e-01  -4.7 3.18e+00    -  4.31e-01 2.90e-01h  2
 411  4.9507734e+00 3.12e-02 8.05e-01  -4.7 1.73e+01    -  1.60e-01 9.79e-02h  1
 412  4.9521755e+00 3.16e-02 1.46e+00  -4.0 1.46e+01    -  1.38e-01 2.59e-02f  3
 413  4.9199368e+00 4.03e-02 7.47e-01  -4.6 6.95e+00    -  3.06e-01 2.30e-01h  1
 414  4.9153647e+00 4.79e-02 7.76e-01  -4.0 6.46e+01    -  5.24e-02 1.94e-02f  3
 415  4.9264965e+00 5.20e-02 9.95e-01  -4.1 1.69e+01    -  1.60e-01 6.27e-02h  3
 416  4.9210204e+00 1.01e-01 8.99e-01  -4.5 3.03e+01    -  1.01e-01 1.05e-01h  2
 417  4.9190892e+00 1.27e-01 8.02e-01  -4.5 8.20e+01    -  5.14e-02 2.98e-02h  2
 418  4.9013164e+00 1.34e-01 8.96e-01  -4.5 7.92e+01    -  6.23e-02 1.99e-02h  2
 419  4.9719600e+00 2.57e-01 1.09e+00  -3.5 1.26e+02    -  7.35e-02 4.81e-02f  1
iter    objective    inf_pr   inf_du lg(mu)  ||d||  lg(rg) alpha_du alpha_pr  ls
 420  4.9493637e+00 2.77e-01 1.19e+00  -4.3 1.91e+02    -  4.30e-02 1.62e-02h  2
 421  4.9276063e+00 2.78e-01 1.23e+00  -4.3 1.41e+02    -  1.79e-02 8.68e-03h  3
 422  4.9085714e+00 2.76e-01 1.31e+00  -4.3 6.79e+01    -  8.44e-02 3.35e-02h  2
 423  4.8835917e+00 2.74e-01 1.48e+00  -4.3 7.56e+01    -  2.78e-02 1.09e-02h  4
 424  4.9142048e+00 2.51e-01 1.33e+00  -3.7 2.40e+01    -  2.05e-01 1.16e-01h  2
 425  4.8780542e+00 2.43e-01 1.47e+00  -4.2 4.02e+01    -  1.21e-01 5.05e-02h  3
 426  5.3373349e+00 2.43e-01 1.30e+00  -3.1 3.54e+01    -  7.03e-02 3.55e-02f  2
 427  5.0494549e+00 1.72e-01 1.26e+00  -4.0 9.05e-01    -  4.77e-01 2.94e-01h  1
 428  4.8015143e+00 5.79e-02 1.03e+00  -4.0 1.11e+00    -  7.93e-01 6.78e-01h  1
 429  4.9922255e+00 1.06e-02 2.13e-01  -3.7 1.60e+00    -  1.00e+00 1.00e+00h  1
iter    objective    inf_pr   inf_du lg(mu)  ||d||  lg(rg) alpha_du alpha_pr  ls
 430  5.5626517e+00 1.57e-02 9.01e-01  -3.8 1.48e+00    -  6.43e-01 1.00e+00h  1
 431  4.8996092e+00 9.55e-03 6.38e-01  -3.8 5.51e-01    -  9.11e-01 1.00e+00f  1
 432  4.7559158e+00 4.63e-03 4.56e-01  -4.0 2.39e-01    -  1.00e+00 8.47e-01h  1
 433  4.7087904e+00 1.09e-03 2.04e-01  -4.5 5.82e-02    -  1.00e+00 8.67e-01h  1
 434  4.6612861e+00 2.26e-03 5.17e-01  -4.7 1.24e-01    -  1.00e+00 3.53e-01h  1
 435  4.6384087e+00 2.20e-03 3.98e-01  -4.4 4.83e-01    -  1.00e+00 6.18e-01H  1
 436  4.6310743e+00 1.98e-03 4.04e-01  -4.6 1.78e-01    -  1.00e+00 7.72e-01h  1
 437  4.5931203e+00 2.25e-03 1.06e-01  -4.8 1.02e-01    -  1.00e+00 9.42e-01h  1
 438  4.5836686e+00 2.25e-04 6.51e-02  -5.0 6.16e-02    -  1.00e+00 9.16e-01h  1
 439  4.5823319e+00 2.19e-03 2.38e-01  -4.8 2.33e-01    -  9.13e-01 6.25e-01h  1
iter    objective    inf_pr   inf_du lg(mu)  ||d||  lg(rg) alpha_du alpha_pr  ls
 440  4.5814483e+00 2.08e-03 2.04e-01  -4.5 8.63e-01    -  3.95e-01 2.84e-01h  1
 441  4.5800352e+00 5.49e-03 1.65e+00  -4.4 1.90e+00    -  5.55e-01 1.23e-01h  1
 442  4.5777934e+00 6.24e-03 1.22e+00  -4.5 1.99e+00    -  4.57e-01 1.98e-01h  2
 443  4.5892970e+00 4.89e-02 7.76e-01  -4.3 3.33e+00    -  2.99e-01 1.76e-01h  2
 444  4.5822237e+00 4.12e-02 6.78e-01  -4.5 2.52e+00    -  4.10e-01 1.29e-01h  3
 445  4.5757694e+00 3.74e-02 5.96e-01  -4.5 2.62e+00    -  3.56e-01 9.21e-02h  3
 446  4.6254647e+00 3.99e-02 3.81e-01  -4.1 2.32e+00    -  4.28e-01 4.46e-01h  1
 447  4.8734605e+00 2.36e-02 5.10e-01  -4.4 2.00e+00    -  4.95e-01 5.59e-01H  1
 448  4.6143702e+00 1.68e-02 1.09e+00  -4.4 8.26e-01    -  2.89e-01 6.68e-01f  1
 449  4.5773630e+00 1.44e-02 9.54e-01  -4.4 7.93e-01    -  3.66e-01 1.55e-01h  1
iter    objective    inf_pr   inf_du lg(mu)  ||d||  lg(rg) alpha_du alpha_pr  ls
 450  4.5608146e+00 4.32e-03 1.30e+00  -4.4 3.14e-01    -  1.00e+00 7.44e-01f  1
 451  4.6013636e+00 1.51e-03 2.48e-01  -4.4 3.32e-01    -  9.77e-01 7.44e-01h  1
 452  4.5534700e+00 1.01e-03 1.48e-02  -4.5 1.81e-01    -  1.00e+00 1.00e+00h  1
 453  4.5404590e+00 1.54e-04 7.36e-02  -4.9 4.00e-02    -  9.99e-01 8.82e-01h  1
 454  4.5241439e+00 9.60e-04 1.86e-01  -4.9 3.60e-01    -  9.99e-01 4.66e-01h  1
 455  4.5403729e+00 1.69e-04 5.17e-02  -4.6 3.38e-01    -  1.00e+00 1.00e+00H  1
 456  4.5426578e+00 4.70e-05 5.69e-02  -4.9 3.35e-01    -  9.98e-01 1.00e+00H  1
 457  4.5307182e+00 8.67e-04 8.40e-01  -4.6 1.67e-01    -  7.12e-01 5.00e-01f  2
 458  4.5126281e+00 7.47e-04 9.05e-01  -5.1 9.59e-02    -  1.00e+00 5.79e-01h  1
 459  4.5075168e+00 5.28e-04 1.48e-01  -5.1 8.47e-02    -  1.00e+00 8.26e-01h  1
iter    objective    inf_pr   inf_du lg(mu)  ||d||  lg(rg) alpha_du alpha_pr  ls
 460  4.5193045e+00 3.22e-05 1.68e-02  -4.8 1.57e-01    -  9.89e-01 1.00e+00H  1
 461  4.5060575e+00 1.65e-03 8.27e-02  -5.4 1.43e-01    -  1.00e+00 5.71e-01h  1
 462  4.5126623e+00 7.71e-05 3.00e-01  -5.1 1.40e-01    -  1.00e+00 7.88e-01H  1
 463  4.4968781e+00 1.62e-03 1.47e-01  -5.4 7.79e-02    -  1.00e+00 9.22e-01h  1
 464  4.4937399e+00 1.80e-04 1.74e-02  -5.6 1.03e-01    -  1.00e+00 9.80e-01h  1
 465  4.4927265e+00 4.88e-04 7.61e-02  -5.0 9.93e-01    -  3.98e-01 2.20e-01h  1
 466  4.4971742e+00 3.71e-02 1.70e-01  -4.4 7.88e+00    -  1.14e-01 6.54e-02h  1
 467  4.4928861e+00 3.37e-02 2.71e-01  -5.1 4.78e+00    -  1.66e-01 9.33e-02h  1
 468  4.4917662e+00 3.22e-02 3.96e-01  -5.1 8.91e+00    -  1.27e-01 5.73e-02h  2
 469  4.4865401e+00 3.01e-02 5.78e-01  -4.8 8.00e+00    -  2.54e-01 9.77e-02h  2
iter    objective    inf_pr   inf_du lg(mu)  ||d||  lg(rg) alpha_du alpha_pr  ls
 470  4.4841294e+00 3.07e-02 8.62e-01  -5.4 2.93e+01    -  8.93e-02 4.12e-02h  1
 471  4.4774413e+00 2.99e-02 1.01e+00  -4.6 1.96e+01    -  1.30e-01 3.70e-02h  2
 472  4.4870927e+00 2.76e-02 1.12e+00  -4.2 1.49e+01    -  1.18e-01 6.61e-02h  1
 473  4.4824308e+00 2.71e-02 1.17e+00  -4.9 8.23e+00    -  2.15e-01 1.84e-02h  1
 474  4.4801823e+00 3.72e-02 1.26e+00  -4.9 1.67e+01    -  4.71e-02 9.40e-02h  1
 475  4.4668241e+00 3.99e-02 1.33e+00  -4.9 2.13e+01    -  6.13e-02 3.77e-02h  2
 476  4.4538582e+00 4.19e-02 1.42e+00  -5.5 2.14e+01    -  6.99e-02 3.82e-02h  2
 477  4.4538937e+00 4.13e-02 1.59e+00  -4.1 1.74e+01    -  1.41e-01 4.15e-02h  2
 478  4.4417316e+00 3.93e-02 1.52e+00  -4.7 1.08e+01    -  1.04e-01 8.27e-02h  1
 479  4.4953848e+00 3.37e-02 1.51e+00  -4.0 1.97e+01    -  1.03e-01 7.75e-02f  2
iter    objective    inf_pr   inf_du lg(mu)  ||d||  lg(rg) alpha_du alpha_pr  ls
 480  4.5325215e+00 2.80e-02 1.36e+00  -4.6 8.85e+00    -  2.24e-01 2.00e-01H  1
 481  4.6475795e+00 2.90e-02 1.19e+00  -4.6 9.45e+00    -  1.28e-01 1.48e-01H  1
 482  4.5570458e+00 2.43e-02 9.11e-01  -4.6 3.01e+00    -  3.97e-01 1.62e-01h  1
 483  4.4852981e+00 2.26e-02 8.38e-01  -4.6 1.40e+00    -  8.36e-02 8.22e-02h  1
 484  4.4254741e+00 1.32e-02 5.66e-01  -4.6 1.55e-01    -  6.38e-01 4.08e-01f  1
 485  4.4124662e+00 5.09e-03 8.48e-01  -4.2 4.33e-01    -  9.18e-01 5.84e-01f  1
 486  4.5209811e+00 3.25e-03 6.46e-02  -4.3 6.03e-01    -  1.00e+00 1.00e+00h  1
 487  4.4103778e+00 9.95e-04 4.23e-01  -4.4 1.59e-01    -  7.02e-01 1.00e+00h  1
 488  4.4232452e+00 4.87e-04 2.00e-02  -4.1 1.08e-01    -  1.00e+00 1.00e+00h  1
 489  4.3986155e+00 1.27e-03 5.02e-02  -4.6 1.05e-01    -  9.97e-01 9.72e-01h  1
iter    objective    inf_pr   inf_du lg(mu)  ||d||  lg(rg) alpha_du alpha_pr  ls
 490  4.3828504e+00 9.21e-04 3.80e-01  -4.9 1.16e-01    -  1.00e+00 5.56e-01h  1
 491  4.3721708e+00 1.01e-03 2.18e-02  -4.9 1.16e-01    -  1.00e+00 9.12e-01h  1
 492  4.3879467e+00 4.39e-02 3.09e-02  -4.6 2.73e-01    -  9.87e-01 1.00e+00h  1
 493  4.4009234e+00 1.42e-03 3.44e-02  -4.7 1.30e-01    -  1.00e+00 1.00e+00h  1
 494  4.3749936e+00 1.42e-03 9.32e-03  -4.7 1.15e-01    -  1.00e+00 1.00e+00h  1
 495  4.3654694e+00 1.09e-03 1.52e-01  -4.9 4.72e-02    -  1.00e+00 7.98e-01h  1
 496  4.3560000e+00 1.67e-03 3.00e-02  -5.1 1.75e-01    -  1.00e+00 9.15e-01h  1
 497  4.3520904e+00 5.23e-03 1.15e-01  -5.1 1.80e+00    -  4.27e-01 2.87e-01h  1
 498  4.3557152e+00 5.20e-02 1.78e-01  -4.5 7.39e+00    -  2.20e-01 1.26e-01h  1
 499  4.3557645e+00 4.94e-02 2.36e-01  -5.0 7.57e+00    -  1.39e-01 6.83e-02h  2
iter    objective    inf_pr   inf_du lg(mu)  ||d||  lg(rg) alpha_du alpha_pr  ls
 500  4.3512099e+00 4.56e-02 2.56e-01  -5.0 3.66e+00    -  1.63e-01 8.65e-02h  3
 501  4.3523009e+00 3.94e-02 2.56e-01  -4.6 2.54e+00    -  2.57e-01 1.66e-01h  2
 502  4.3721044e+00 2.75e-02 2.80e-01  -4.9 2.82e+00    -  3.23e-01 2.83e-01h  1
 503  4.4062349e+00 1.78e-02 2.41e-01  -4.9 1.14e+00    -  1.50e-01 3.88e-01h  1
 504  4.3752014e+00 1.45e-02 2.44e-01  -4.9 7.04e-01    -  4.61e-01 1.82e-01h  1
 505  4.3885098e+00 7.26e-03 4.41e-01  -4.9 6.50e-01    -  2.26e-01 4.27e-01h  1
 506  4.3344283e+00 1.00e-03 3.33e-01  -4.9 1.77e-01    -  7.67e-01 1.00e+00f  1
 507  4.3214839e+00 1.12e-03 4.43e-01  -5.0 1.09e-01    -  1.00e+00 6.13e-01h  1
 508  4.3135513e+00 3.00e-03 8.21e-02  -5.5 1.49e-01    -  1.00e+00 8.65e-01h  1
 509  4.3143295e+00 1.35e-03 4.51e-01  -4.9 2.83e-01    -  1.00e+00 4.62e-01h  1
iter    objective    inf_pr   inf_du lg(mu)  ||d||  lg(rg) alpha_du alpha_pr  ls
 510  4.3118735e+00 7.65e-04 1.42e+00  -5.4 1.26e-01    -  1.00e+00 4.47e-01h  1
 511  4.3059629e+00 2.94e-03 3.94e-02  -5.5 3.63e-02    -  1.00e+00 9.67e-01h  1
 512  4.3034598e+00 2.92e-03 8.55e-03  -5.6 4.35e-02    -  1.00e+00 1.00e+00h  1
 513  4.3056136e+00 5.43e-04 8.24e-02  -5.1 1.00e-01    -  7.59e-01 8.18e-01h  1
 514  4.3036795e+00 6.48e-04 1.05e-01  -5.3 5.02e-01    -  2.57e-01 4.03e-01h  1
 515  4.3021296e+00 4.72e-03 1.11e-01  -5.3 3.57e+00    -  1.27e-01 1.14e-01f  1
 516  4.3108142e+00 6.21e-03 1.82e-01  -4.6 5.39e+00    -  1.97e-01 1.36e-01f  1
 517  4.3079175e+00 6.28e-03 1.88e-01  -5.1 3.54e+00    -  1.80e-01 9.03e-02h  3
 518  4.3049449e+00 1.12e-02 2.24e-01  -5.1 6.28e+00    -  1.79e-01 8.42e-02h  2
 519  4.3023825e+00 1.01e-02 2.19e-01  -5.1 3.39e+00    -  1.46e-01 1.08e-01h  2
iter    objective    inf_pr   inf_du lg(mu)  ||d||  lg(rg) alpha_du alpha_pr  ls
 520  4.2930871e+00 1.39e-02 2.33e-01  -5.1 4.36e+00    -  2.73e-01 1.32e-01h  1
 521  4.3439420e+00 1.54e-02 1.97e-01  -4.2 3.00e+00    -  1.31e-01 1.97e-01f  1
 522  4.3193549e+00 4.35e-03 1.10e-01  -4.9 1.37e-01    -  7.92e-01 7.38e-01h  1
 523  4.2859835e+00 1.96e-03 2.29e-01  -4.9 1.56e-01    -  4.89e-01 6.30e-01h  1
 524  4.2773054e+00 3.84e-03 1.61e-02  -5.2 8.71e-02    -  1.00e+00 1.00e+00h  1
 525  4.2799884e+00 3.89e-03 1.82e-02  -4.9 1.54e-01    -  9.98e-01 1.00e+00h  1
 526  4.2764125e+00 3.21e-03 1.87e-02  -5.2 2.60e-01    -  1.00e+00 9.91e-01h  1
 527  4.2966511e+00 2.01e-04 2.74e-02  -5.0 2.20e-01    -  1.00e+00 1.00e+00H  1
 528  4.2828454e+00 2.60e-03 1.51e-02  -4.7 1.55e-01    -  1.00e+00 1.00e+00h  1
 529  4.2810715e+00 2.07e-04 1.77e-02  -4.8 8.90e-02    -  1.00e+00 1.00e+00h  1
iter    objective    inf_pr   inf_du lg(mu)  ||d||  lg(rg) alpha_du alpha_pr  ls
 530  4.2675046e+00 1.83e-03 3.66e-02  -5.2 1.45e-01    -  1.00e+00 9.39e-01h  1
 531  4.2755356e+00 1.15e-05 1.91e-02  -5.0 2.31e-01    -  1.00e+00 1.00e+00H  1
 532  4.2644040e+00 1.31e-02 9.39e-02  -5.5 2.89e-01    -  1.00e+00 7.19e-01h  1
 533  4.3185979e+00 2.29e-03 3.19e-02  -4.9 3.89e-01    -  8.08e-01 8.25e-01H  1
 534  4.2628852e+00 2.87e-03 6.30e-02  -5.0 1.65e-01    -  1.00e+00 8.78e-01h  1
 535  4.2704617e+00 2.88e-03 3.02e-02  -4.7 4.00e-02    -  9.72e-01 1.00e+00f  1
 536  4.2669388e+00 1.17e-03 8.86e-03  -4.8 1.16e-01    -  1.00e+00 1.00e+00h  1
 537  4.2706934e+00 2.50e-03 4.00e-01  -4.5 7.68e-01    -  9.88e-01 2.20e-01h  3
 538  4.2901675e+00 9.12e-04 5.31e-02  -4.6 7.64e-01    -  1.00e+00 1.00e+00H  1
 539  4.2855242e+00 9.78e-04 2.17e-01  -4.6 2.46e+00    -  5.52e-01 7.68e-02h  4
iter    objective    inf_pr   inf_du lg(mu)  ||d||  lg(rg) alpha_du alpha_pr  ls
 540  4.2789404e+00 1.32e-03 1.25e-01  -4.6 4.78e+00    -  3.19e-01 5.18e-02h  3
 541  4.2728985e+00 1.20e-03 8.52e-01  -4.6 1.70e+00    -  6.77e-01 1.20e-01h  3
 542  4.2683088e+00 1.01e-03 8.18e-01  -4.6 6.43e-01    -  1.00e+00 3.77e-01h  1
 543  4.2651497e+00 8.74e-04 3.87e-01  -4.6 7.89e-01    -  6.77e-01 2.48e-01f  2
 544  4.2617779e+00 6.70e-04 9.33e-01  -4.6 1.26e+00    -  8.26e-01 2.69e-01h  2
 545  4.2647809e+00 1.86e-03 5.53e-01  -4.3 4.41e+00    -  6.95e-01 1.29e-01h  1
 546  4.2616446e+00 2.15e-03 3.81e-01  -4.5 1.57e+01    -  1.96e-01 4.69e-02h  3
 547  4.3026762e+00 6.76e-03 6.51e-01  -3.8 2.17e+01    -  2.12e-01 6.17e-02h  3
 548  4.3061953e+00 7.35e-03 1.26e+00  -4.3 5.77e+00    -  7.43e-01 1.52e-01h  3
 549  4.3075198e+00 1.19e-02 1.11e+00  -4.3 1.66e+01    -  3.18e-01 1.28e-01h  2
iter    objective    inf_pr   inf_du lg(mu)  ||d||  lg(rg) alpha_du alpha_pr  ls
 550  4.3001986e+00 1.95e-02 1.29e+00  -4.3 5.29e+01    -  1.07e-01 4.17e-02h  3
 551  4.2871519e+00 1.99e-02 1.34e+00  -4.3 3.12e+01    -  3.48e-02 2.39e-02h  4
 552  4.2800979e+00 2.01e-02 8.25e-01  -4.3 1.04e+01    -  3.29e-01 6.85e-02h  3
 553  4.2807066e+00 1.77e-02 6.88e-01  -4.3 1.43e+00    -  4.81e-01 1.33e-01h  3
 554  4.2493992e+00 5.02e-03 2.39e-01  -4.3 8.20e-01    -  1.00e+00 1.00e+00h  1
 555  4.2807872e+00 5.45e-03 5.83e-01  -3.9 4.33e+00    -  4.82e-01 2.27e-01h  2
 556  4.2784554e+00 5.65e-03 1.79e+00  -4.2 6.51e+00    -  5.80e-01 1.72e-01h  2
 557  4.2757433e+00 1.07e-02 1.72e+00  -4.2 2.56e+01    -  3.48e-01 7.55e-02h  2
 558  4.2676264e+00 1.40e-02 1.19e+00  -4.2 4.60e+01    -  2.04e-01 3.47e-02h  3
 559  4.2534795e+00 1.53e-02 1.06e+00  -4.2 4.54e+01    -  2.35e-01 2.46e-02h  4
iter    objective    inf_pr   inf_du lg(mu)  ||d||  lg(rg) alpha_du alpha_pr  ls
 560  4.2478524e+00 1.66e-02 1.18e+00  -4.2 4.91e+01    -  1.72e-01 2.23e-02h  4
 561  4.3391279e+00 2.43e-02 9.15e-01  -3.6 2.82e+01    -  2.78e-01 1.01e-01h  3
 562  4.3375741e+00 4.16e-02 7.44e-01  -4.1 3.85e+01    -  2.29e-01 9.90e-02h  3
 563  4.3319061e+00 4.59e-02 8.01e-01  -4.1 1.94e+02    -  5.25e-02 1.09e-02h  4
 564  4.3279428e+00 4.96e-02 8.47e-01  -4.1 1.03e+02    -  1.30e-01 1.91e-02h  4
 565  4.3147473e+00 5.37e-02 1.31e+00  -4.1 5.54e+01    -  2.38e-01 4.37e-02h  3
 566  4.3044586e+00 1.26e-01 1.21e+00  -4.1 1.11e+02    -  1.55e-01 7.45e-02h  2
 567  4.3008654e+00 1.30e-01 1.04e+00  -4.1 3.61e+02    -  6.75e-02 7.78e-03h  3
 568  4.2854278e+00 1.29e-01 9.39e-01  -4.1 3.76e+01    -  1.26e-01 1.57e-02h  4
 569  4.2823966e+00 9.52e-02 7.44e-01  -4.1 5.46e+00    -  4.57e-01 3.14e-01h  2
iter    objective    inf_pr   inf_du lg(mu)  ||d||  lg(rg) alpha_du alpha_pr  ls
 570  4.2455754e+00 8.56e-02 6.98e-01  -4.1 6.45e+00    -  2.39e-01 1.12e-01h  3
 571  4.6791459e+00 3.45e-02 3.58e-01  -3.7 1.19e+00    -  5.93e-01 5.84e-01h  1
 572  4.1790970e+00 2.04e-02 1.80e-01  -3.9 2.36e+00    -  8.75e-01 1.00e+00h  1
 573  7.1749769e+00 6.27e-03 9.70e-01  -3.6 8.34e-01    -  7.30e-01 1.00e+00H  1
 574  4.1986179e+00 3.16e-02 2.41e-01  -3.8 7.65e-01    -  1.00e+00 1.00e+00f  1
 575  4.2058591e+00 4.68e-04 2.52e-02  -3.8 1.60e-01    -  1.00e+00 1.00e+00h  1
 576  4.1718920e+00 4.67e-03 2.60e-01  -4.0 1.11e+00    -  9.25e-01 4.93e-01h  2
 577  4.5223057e+00 3.91e-03 3.42e-01  -3.7 3.25e+00    -  1.00e+00 1.00e+00H  1
 578  4.4780455e+00 1.68e-02 4.53e-01  -3.8 5.80e+00    -  6.28e-01 3.63e-01f  2
 579  4.3711819e+00 1.56e-02 4.43e-01  -3.8 7.36e+00    -  2.35e-01 9.52e-02f  3
iter    objective    inf_pr   inf_du lg(mu)  ||d||  lg(rg) alpha_du alpha_pr  ls
 580  4.2524266e+00 1.86e-02 4.70e-01  -3.8 2.93e+00    -  2.01e-01 3.41e-01h  2
 581  4.3050490e+00 1.36e-02 2.24e+00  -3.8 8.92e-01    -  6.89e-01 2.76e-01h  2
 582  4.1789896e+00 3.15e-03 4.81e-02  -3.8 2.69e-01    -  1.00e+00 1.00e+00h  1
 583  4.1138642e+00 1.06e-02 1.39e-01  -4.3 6.21e-01    -  1.00e+00 1.00e+00h  1
 584  4.1060892e+00 1.01e-02 6.87e-01  -4.0 2.16e+00    -  1.00e+00 7.71e-02h  3
 585  4.0573916e+00 6.66e-03 1.27e-01  -4.3 5.58e-01    -  1.00e+00 9.70e-01h  1
 586  4.2347641e+00 2.41e-03 1.24e-01  -4.0 1.21e+00    -  1.00e+00 1.00e+00H  1
 587  4.1408091e+00 1.78e-03 9.29e-01  -4.1 3.12e-01    -  1.00e+00 5.00e-01h  2
 588  4.1375200e+00 8.03e-03 1.31e+00  -3.9 3.36e-01    -  6.08e-01 1.00e+00h  1
 589  4.0960346e+00 1.01e-02 6.96e-02  -4.1 4.84e-01    -  1.00e+00 1.00e+00h  1
iter    objective    inf_pr   inf_du lg(mu)  ||d||  lg(rg) alpha_du alpha_pr  ls
 590  4.0882392e+00 1.44e-03 1.68e-01  -4.3 5.77e-01    -  1.00e+00 9.14e-01H  1
 591  4.0837840e+00 1.71e-04 8.64e-02  -4.4 2.93e-01    -  9.88e-01 1.00e+00H  1
 592  4.0111541e+00 3.51e-03 3.90e-01  -4.7 2.02e-01    -  7.58e-01 1.00e+00f  1
 593  3.9972464e+00 1.56e-03 2.67e-01  -5.0 1.36e-01    -  1.00e+00 5.70e-01h  1
 594  3.9919602e+00 5.79e-03 1.47e-01  -4.7 6.73e-02    -  1.00e+00 9.12e-01h  1
 595  3.9784774e+00 1.76e-03 5.39e-02  -4.9 7.03e-02    -  1.00e+00 9.60e-01h  1
 596  3.9757263e+00 1.01e-03 5.95e-01  -4.9 1.06e-01    -  1.00e+00 7.32e-01h  1
 597  3.9656478e+00 4.31e-03 2.68e-02  -5.3 5.33e-02    -  1.00e+00 9.61e-01h  1
 598  3.9689802e+00 4.47e-04 2.52e-02  -5.0 8.32e-02    -  1.00e+00 1.00e+00h  1
 599  3.9644610e+00 5.55e-04 9.86e-01  -5.6 6.62e-02    -  1.00e+00 2.99e-01h  1
iter    objective    inf_pr   inf_du lg(mu)  ||d||  lg(rg) alpha_du alpha_pr  ls
 600  3.9584334e+00 1.79e-03 8.54e-01  -5.6 1.68e-01    -  1.00e+00 4.36e-01h  1
 601  3.9557210e+00 1.27e-03 6.59e-01  -5.2 2.09e-01    -  1.00e+00 2.91e-01h  1
 602  3.9540207e+00 5.06e-03 9.67e-01  -5.2 3.56e-01    -  8.53e-01 3.57e-01h  1
 603  3.9518889e+00 4.06e-03 3.30e-01  -5.2 4.04e-01    -  7.53e-01 1.99e-01h  1
 604  3.9494453e+00 3.24e-03 1.41e-01  -5.2 3.37e-01    -  5.72e-01 2.04e-01h  1
 605  3.9480377e+00 1.45e-02 8.07e-02  -4.9 5.12e-01    -  3.55e-01 4.25e-01h  1
 606  3.9586385e+00 1.14e-02 7.09e-02  -4.4 6.39e-01    -  1.93e-01 2.09e-01h  1
 607  3.9506020e+00 4.01e-03 1.18e-01  -4.9 1.11e-01    -  1.00e+00 6.50e-01h  1
 608  3.9439427e+00 9.36e-04 6.41e-02  -4.9 7.10e-02    -  1.00e+00 8.32e-01f  1
 609  3.9368386e+00 1.07e-03 2.90e-02  -5.4 7.34e-02    -  1.00e+00 9.40e-01h  1
iter    objective    inf_pr   inf_du lg(mu)  ||d||  lg(rg) alpha_du alpha_pr  ls
 610  3.9343793e+00 7.62e-04 3.25e-01  -5.6 9.84e-02    -  1.00e+00 2.86e-01h  1
 611  3.9321237e+00 4.20e-03 1.94e-01  -5.2 2.77e-01    -  1.00e+00 3.53e-01h  1
 612  3.9334802e+00 3.18e-03 1.43e-01  -5.0 5.46e-01    -  4.61e-01 2.56e-01h  1
 613  3.9317158e+00 3.84e-03 1.31e-01  -5.2 3.40e-01    -  6.15e-01 3.15e-01h  2
 614  3.9343074e+00 3.75e-03 3.46e-01  -4.8 3.44e-01    -  7.27e-01 4.05e-01h  1
 615  3.9548817e+00 1.11e-03 1.24e-01  -5.0 3.10e-01    -  7.81e-01 7.08e-01H  1
 616  3.9362159e+00 5.74e-04 3.32e-01  -5.0 1.66e-01    -  1.00e+00 6.36e-01f  1
 617  3.9339950e+00 6.00e-04 1.77e-01  -5.0 2.07e-01    -  8.53e-01 9.56e-01f  1
 618  3.9256339e+00 2.72e-04 1.16e-02  -5.0 7.62e-02    -  1.00e+00 1.00e+00f  1
 619  3.9207615e+00 2.99e-04 2.72e-01  -5.5 8.83e-02    -  1.00e+00 8.12e-01h  1
iter    objective    inf_pr   inf_du lg(mu)  ||d||  lg(rg) alpha_du alpha_pr  ls
 620  3.9167905e+00 3.43e-04 5.81e-02  -5.5 8.95e-02    -  1.00e+00 7.98e-01h  1
 621  3.9224924e+00 8.92e-04 5.70e-02  -5.1 1.63e-01    -  9.04e-01 7.54e-01H  1
 622  3.9189379e+00 8.90e-05 2.38e-02  -5.2 6.46e-02    -  1.00e+00 1.00e+00h  1
 623  3.9137729e+00 7.80e-05 3.21e-01  -5.8 5.98e-02    -  1.00e+00 5.11e-01h  1
 624  3.9106878e+00 3.07e-04 8.80e-02  -5.9 1.40e-01    -  1.00e+00 6.68e-01h  1
 625  3.9092248e+00 1.54e-03 1.43e-01  -6.3 1.16e+00    -  2.90e-01 1.02e-01h  1
 626  3.9087184e+00 3.81e-03 1.65e-01  -5.7 8.97e-01    -  4.84e-01 7.81e-02h  2
 627  3.9075743e+00 2.78e-03 1.76e-01  -5.8 3.81e-01    -  1.00e+00 2.47e-01h  1
 628  3.9045706e+00 2.46e-03 1.74e-01  -6.2 2.23e+00    -  1.89e-01 1.04e-01h  1
 629  3.9023779e+00 5.08e-03 2.21e-01  -6.3 8.47e+00    -  4.65e-02 1.87e-02h  1
iter    objective    inf_pr   inf_du lg(mu)  ||d||  lg(rg) alpha_du alpha_pr  ls
 630  3.9064941e+00 6.19e-03 3.36e-01  -4.6 5.79e+00    -  7.16e-02 6.29e-02h  1
 631  3.9055415e+00 1.90e-02 4.07e-01  -5.6 3.46e+00    -  7.44e-02 7.73e-02h  1
 632  3.9022806e+00 1.78e-02 4.84e-01  -5.6 4.08e+00    -  1.51e-01 6.72e-02h  1
 633  3.8992774e+00 1.73e-02 5.74e-01  -4.7 1.14e+01    -  4.48e-02 2.54e-02f  1
 634  3.9104236e+00 1.65e-02 6.23e-01  -4.1 4.17e+00    -  4.95e-02 5.07e-02f  1
 635  3.9030813e+00 1.37e-02 6.07e-01  -5.2 1.20e+00    -  2.02e-01 1.72e-01h  1
 636  3.8989738e+00 1.31e-02 6.14e-01  -5.2 2.41e+00    -  1.10e-01 4.29e-02h  2
 637  3.8992040e+00 1.01e-02 5.16e-01  -4.6 5.26e-01    -  4.88e-01 2.22e-01h  1
 638  3.9088712e+00 8.39e-03 3.81e-01  -4.4 5.36e-01    -  3.24e-01 2.40e-01h  1
 639  3.9116790e+00 3.12e-03 1.31e-01  -4.7 2.92e-01    -  7.82e-01 1.00e+00h  1
iter    objective    inf_pr   inf_du lg(mu)  ||d||  lg(rg) alpha_du alpha_pr  ls
 640  3.9551592e+00 1.31e-04 3.75e-02  -4.7 1.71e-01    -  1.00e+00 1.00e+00H  1
 641  3.9007395e+00 3.09e-03 5.07e-01  -4.7 1.48e-01    -  6.34e-01 1.00e+00f  1
 642  3.8926556e+00 2.97e-03 3.31e-02  -5.1 3.35e-02    -  1.00e+00 9.54e-01h  1
 643  3.8871467e+00 1.55e-04 9.76e-03  -5.3 1.60e-02    -  1.00e+00 9.48e-01h  1
 644  3.8886697e+00 4.31e-05 5.38e-03  -5.1 4.06e-02    -  1.00e+00 1.00e+00h  1
 645  3.8841674e+00 1.95e-02 1.29e-01  -5.7 1.23e-01    -  1.00e+00 6.29e-01h  1
 646  3.8939013e+00 5.89e-03 1.10e-01  -5.0 5.38e-01    -  1.00e+00 6.99e-01H  1
 647  3.8913284e+00 4.77e-03 1.50e-01  -5.1 8.46e-01    -  7.88e-01 1.85e-01h  3
 648  3.8876938e+00 5.58e-03 1.08e-01  -5.1 5.39e-01    -  3.03e-01 2.82e-01h  2
 649  3.9010309e+00 1.41e-04 2.57e-01  -5.1 8.92e-02    -  7.68e-01 1.00e+00H  1
iter    objective    inf_pr   inf_du lg(mu)  ||d||  lg(rg) alpha_du alpha_pr  ls
 650  3.8807948e+00 5.55e-03 1.84e-02  -5.1 1.42e-01    -  9.48e-01 9.61e-01h  1
 651  3.8795028e+00 2.81e-03 5.47e-01  -5.2 1.54e-01    -  1.00e+00 4.97e-01h  2
 652  3.8764381e+00 2.19e-04 1.86e-02  -5.4 1.64e-01    -  1.00e+00 9.85e-01h  1
 653  3.8755537e+00 1.98e-03 2.07e-01  -5.1 1.43e+00    -  6.03e-01 1.35e-01h  2
 654  3.8777881e+00 1.77e-03 2.01e-01  -4.9 1.69e+00    -  4.72e-01 1.07e-01h  3
 655  3.8986655e+00 1.26e-03 6.71e-02  -5.1 3.00e-01    -  7.99e-01 1.00e+00H  1
 656  3.8797836e+00 4.19e-04 2.75e-02  -5.1 9.33e-02    -  1.00e+00 1.00e+00h  1
 657  3.8748356e+00 3.47e-03 4.51e-02  -5.1 1.95e-01    -  1.00e+00 9.07e-01h  1
 658  3.8725481e+00 2.16e-03 2.03e-01  -5.3 8.17e-01    -  7.40e-01 3.69e-01f  2
 659  3.8717211e+00 1.65e-03 1.57e-01  -4.9 6.08e+00    -  3.55e-01 5.02e-02h  3
iter    objective    inf_pr   inf_du lg(mu)  ||d||  lg(rg) alpha_du alpha_pr  ls
 660  3.8727467e+00 2.50e-03 1.72e-01  -4.8 1.01e+01    -  1.95e-01 5.54e-02h  2
 661  3.8713378e+00 2.57e-03 1.62e-01  -5.1 1.01e+01    -  1.73e-01 2.82e-02h  3
 662  3.8833200e+00 3.80e-03 2.09e-01  -4.3 7.77e+00    -  1.86e-01 8.80e-02h  2
 663  3.8817118e+00 5.51e-03 2.49e-01  -4.9 8.86e+00    -  1.13e-01 5.40e-02h  3
 664  3.8760588e+00 6.76e-03 4.12e-01  -4.9 2.10e+01    -  1.46e-01 8.48e-02h  2
 665  3.8736990e+00 6.80e-03 4.36e-01  -4.9 4.15e+01    -  4.76e-02 6.03e-03h  5
 666  3.8711772e+00 7.69e-03 5.01e-01  -4.9 9.15e+00    -  1.62e-01 1.23e-01h  2
 667  3.8734354e+00 8.33e-03 5.51e-01  -4.6 1.41e+01    -  1.26e-01 4.81e-02h  3
 668  3.8705104e+00 9.90e-03 6.22e-01  -4.9 8.98e+00    -  1.19e-01 1.15e-01h  2
 669  3.8742454e+00 1.35e-02 7.01e-01  -4.3 1.63e+01    -  1.50e-01 5.06e-02h  3
iter    objective    inf_pr   inf_du lg(mu)  ||d||  lg(rg) alpha_du alpha_pr  ls
 670  3.8706740e+00 1.27e-02 7.77e-01  -4.8 1.25e+01    -  2.17e-01 6.30e-02h  3
 671  3.8699089e+00 1.22e-02 8.50e-01  -4.8 1.70e+01    -  1.31e-01 3.85e-02h  3
 672  3.8684062e+00 1.08e-02 9.12e-01  -4.7 7.59e+00    -  2.86e-01 1.25e-01h  1
 673  3.8686694e+00 1.00e-02 9.15e-01  -4.3 4.57e+00    -  2.27e-01 7.68e-02h  2
 674  3.8985170e+00 6.47e-03 6.15e-01  -4.3 5.57e-01    -  6.90e-01 4.62e-01h  1
 675  3.8735963e+00 4.35e-03 4.78e-01  -4.5 8.41e-01    -  3.98e-01 6.73e-01h  1
 676  3.8684945e+00 3.16e-03 3.70e-01  -4.5 1.25e+00    -  2.65e-01 1.58e-01h  2
 677  3.8630193e+00 8.10e-04 1.33e-01  -4.5 1.27e-01    -  1.00e+00 8.69e-01h  1
 678  3.8527316e+00 7.53e-04 1.90e-02  -4.6 2.17e-01    -  1.00e+00 1.00e+00h  1
 679  3.8493782e+00 5.02e-04 3.65e-01  -5.0 1.87e-01    -  1.00e+00 6.45e-01H  1
iter    objective    inf_pr   inf_du lg(mu)  ||d||  lg(rg) alpha_du alpha_pr  ls
 680  3.8374305e+00 7.26e-04 4.19e-01  -6.1 9.25e-02    -  8.28e-01 4.37e-01h  1
 681  3.8310959e+00 6.06e-03 3.24e-01  -5.3 6.50e-02    -  1.00e+00 4.92e-01h  1
 682  3.8303220e+00 6.48e-05 7.56e-03  -5.0 2.94e-02    -  1.00e+00 1.00e+00h  1
 683  3.8263794e+00 4.04e-04 1.86e-01  -5.7 3.54e-02    -  1.00e+00 6.76e-01h  1
 684  3.8237778e+00 1.03e-03 1.04e-01  -5.7 1.40e-01    -  1.00e+00 5.04e-01h  1
 685  3.8224403e+00 4.47e-03 2.52e-01  -5.3 4.23e-01    -  1.00e+00 4.22e-01h  1
 686  3.8211731e+00 2.05e-03 2.55e-01  -6.1 9.75e-01    -  5.26e-01 1.18e-01h  2
 687  3.8257479e+00 1.77e-03 1.15e-01  -5.3 4.84e-01    -  5.50e-01 5.48e-01H  1
 688  3.8218082e+00 3.17e-03 8.85e-02  -5.5 3.82e-01    -  4.92e-01 4.51e-01h  1
 689  3.8199960e+00 1.94e-03 1.95e-01  -5.5 2.63e-01    -  6.45e-01 3.95e-01f  1
iter    objective    inf_pr   inf_du lg(mu)  ||d||  lg(rg) alpha_du alpha_pr  ls
 690  3.8159504e+00 1.03e-03 1.28e-01  -5.2 1.83e-01    -  6.79e-01 4.56e-01f  1
 691  3.8141545e+00 4.08e-03 1.30e-02  -5.5 8.87e-02    -  1.00e+00 1.00e+00h  1
 692  3.8115069e+00 2.38e-02 5.23e-01  -5.6 1.41e-01    -  9.96e-01 5.70e-01h  1
 693  3.8136752e+00 8.40e-03 1.16e-01  -5.2 2.52e-01    -  9.01e-01 6.48e-01h  1
 694  3.8272905e+00 2.37e-04 4.63e-02  -5.0 3.21e-01    -  1.00e+00 1.00e+00H  1
 695  3.8402945e+00 1.68e-04 1.06e-01  -5.1 2.21e-01    -  6.83e-01 9.63e-01H  1
 696  3.8159919e+00 5.06e-03 2.38e-01  -5.1 1.31e-01    -  4.34e-01 5.91e-01f  1
 697  3.8133415e+00 1.21e-03 4.16e-01  -5.1 8.51e-02    -  6.82e-01 1.00e+00f  1
 698  3.8057556e+00 1.28e-04 2.06e-02  -5.5 5.35e-02    -  1.00e+00 9.79e-01h  1
 699  3.8034311e+00 9.85e-04 2.90e-01  -5.8 4.31e-02    -  1.00e+00 6.81e-01h  1
iter    objective    inf_pr   inf_du lg(mu)  ||d||  lg(rg) alpha_du alpha_pr  ls
 700  3.8029532e+00 5.36e-03 2.40e-03  -5.4 6.53e-02    -  1.00e+00 1.00e+00h  1
 701  3.8015789e+00 4.37e-03 2.32e-01  -5.4 8.58e-01    -  6.08e-01 1.37e-01h  2
 702  3.8017968e+00 3.87e-03 2.21e-01  -5.2 9.91e-01    -  7.45e-01 1.36e-01h  3
 703  3.8215192e+00 6.67e-04 9.67e-02  -5.3 5.01e-01    -  4.41e-01 9.53e-01H  1
 704  3.8126066e+00 7.15e-04 4.43e-01  -5.3 4.85e-01    -  9.35e-01 1.93e-01f  3
 705  3.8005565e+00 6.44e-04 3.17e-01  -5.3 5.54e-01    -  8.47e-02 1.47e-01h  2
 706  3.8058827e+00 9.42e-04 1.87e-01  -4.8 2.21e-01    -  6.57e-01 8.11e-01h  1
 707  3.8086714e+00 5.86e-03 1.52e-01  -5.0 2.50e-01    -  7.08e-01 1.00e+00H  1
 708  3.8182728e+00 1.17e-05 2.43e-02  -5.0 1.44e-01    -  9.72e-01 1.00e+00H  1
 709  3.8007028e+00 4.94e-04 5.52e-01  -5.1 1.26e-01    -  1.00e+00 4.87e-01f  1
iter    objective    inf_pr   inf_du lg(mu)  ||d||  lg(rg) alpha_du alpha_pr  ls
 710  3.7938035e+00 1.25e-03 2.75e-01  -5.6 7.28e-02    -  1.00e+00 4.98e-01h  1
 711  3.7893367e+00 5.53e-03 1.01e-02  -5.6 2.53e-02    -  1.00e+00 9.70e-01h  1
 712  3.7879302e+00 5.09e-04 2.12e-03  -5.9 2.92e-02    -  1.00e+00 9.99e-01h  1
 713  3.7897072e+00 3.94e-03 2.68e-02  -5.4 1.73e-01    -  1.00e+00 9.02e-01h  1
 714  3.7889493e+00 3.74e-03 2.76e-01  -5.5 5.06e-01    -  9.85e-01 2.43e-01h  2
 715  3.7874498e+00 4.48e-03 2.43e-01  -5.5 7.80e-01    -  7.15e-01 2.20e-01h  2
 716  3.7965164e+00 2.81e-03 5.39e-02  -5.2 5.50e-01    -  6.98e-01 3.72e-01H  1
 717  3.7892138e+00 2.03e-04 3.05e-02  -5.4 1.05e-01    -  1.00e+00 1.00e+00h  1
 718  3.7828424e+00 1.67e-04 1.09e-01  -5.4 1.13e-01    -  7.15e-01 9.61e-01h  1
 719  3.7822457e+00 1.41e-04 3.60e-01  -5.4 4.28e-01    -  9.33e-01 2.50e-01f  3
iter    objective    inf_pr   inf_du lg(mu)  ||d||  lg(rg) alpha_du alpha_pr  ls
 720  3.7816448e+00 1.36e-03 2.61e-01  -5.2 2.13e+00    -  4.26e-01 2.23e-01h  1
 721  3.8344080e+00 7.00e-03 2.42e-01  -3.8 1.55e+01    -  3.60e-02 5.50e-02f  1
 722  3.8121999e+00 7.87e-03 1.65e-01  -5.0 4.02e+00    -  3.63e-01 3.42e-01h  1
 723  3.8003620e+00 8.52e-03 1.74e-01  -5.0 2.91e+01    -  3.74e-02 1.59e-02h  3
 724  3.7991648e+00 6.58e-03 2.62e-01  -5.0 6.38e-01    -  6.57e-02 2.17e-01H  1
 725  3.7795312e+00 2.78e-03 9.47e-02  -5.0 5.72e-01    -  4.98e-01 6.49e-01h  1
 726  3.7742236e+00 2.64e-03 1.71e-01  -7.1 1.83e+00    -  2.07e-01 1.31e-01h  2
 727  3.8153897e+00 1.92e-03 4.67e-02  -5.1 1.87e-01    -  7.62e-01 7.46e-01h  1
 728  3.7702145e+00 2.11e-03 4.29e-02  -5.2 1.84e-01    -  7.30e-01 1.00e+00h  1
 729  3.7685239e+00 2.17e-04 6.19e-03  -5.5 2.97e-02    -  1.00e+00 9.95e-01h  1
iter    objective    inf_pr   inf_du lg(mu)  ||d||  lg(rg) alpha_du alpha_pr  ls
 730  3.7656594e+00 3.87e-04 1.09e-02  -5.9 1.42e-02    -  1.00e+00 7.94e-01h  1
 731  3.7644803e+00 1.05e-04 3.20e-02  -5.8 5.59e-02    -  1.00e+00 7.28e-01h  1
 732  3.7641614e+00 1.17e-04 1.65e-01  -5.6 2.20e-01    -  1.00e+00 3.42e-01h  1
 733  3.7640004e+00 1.22e-03 1.18e-01  -6.0 5.62e-01    -  4.50e-01 3.02e-01h  1
 734  3.7637104e+00 1.60e-03 1.34e-01  -5.5 8.61e-01    -  4.47e-01 1.52e-01h  2
 735  3.7629932e+00 1.10e-03 1.35e-01  -5.6 9.08e-01    -  4.31e-01 1.93e-01h  1
 736  3.7623358e+00 5.06e-03 9.44e-02  -5.4 1.25e+00    -  3.07e-01 1.34e-01h  2
 737  3.7666907e+00 3.83e-03 1.00e-01  -5.0 1.04e+00    -  3.13e-01 2.43e-01h  1
 738  3.7752073e+00 1.20e-03 3.63e-02  -5.4 1.05e-01    -  7.20e-01 6.89e-01h  1
 739  3.7614413e+00 3.11e-03 7.14e-03  -5.4 1.51e-01    -  1.00e+00 1.00e+00f  1
iter    objective    inf_pr   inf_du lg(mu)  ||d||  lg(rg) alpha_du alpha_pr  ls
 740  3.7656047e+00 4.62e-04 1.40e-02  -5.5 8.82e-02    -  1.00e+00 9.75e-01h  1
 741  3.7592129e+00 3.13e-03 4.03e-02  -5.6 3.96e-02    -  1.00e+00 8.92e-01h  1
 742  3.7575735e+00 5.99e-04 2.49e-03  -6.0 3.52e-02    -  1.00e+00 1.00e+00h  1
 743  3.7573246e+00 9.38e-05 3.49e-02  -5.7 1.28e-01    -  1.00e+00 8.48e-01h  1
 744  3.7570158e+00 5.11e-04 6.44e-02  -5.3 1.32e+00    -  3.51e-01 1.14e-01h  2
 745  3.7568018e+00 3.14e-03 1.27e-01  -5.5 1.24e+00    -  3.64e-01 1.18e-01h  3
 746  3.7575691e+00 2.48e-03 7.61e-02  -5.2 9.68e-01    -  5.75e-01 2.01e-01h  3
 747  3.7576097e+00 1.77e-03 8.54e-02  -5.4 1.24e+00    -  3.98e-01 2.75e-01h  2
 748  3.7563474e+00 2.31e-03 1.05e-01  -5.4 4.92e+00    -  1.73e-01 7.07e-02h  2
 749  3.7558927e+00 2.87e-03 1.80e-01  -5.0 7.39e+00    -  2.20e-01 5.08e-02h  2
iter    objective    inf_pr   inf_du lg(mu)  ||d||  lg(rg) alpha_du alpha_pr  ls
 750  3.7546404e+00 4.02e-03 2.18e-01  -5.0 4.20e+00    -  1.55e-01 5.24e-02h  3
 751  3.7551097e+00 3.90e-03 1.98e-01  -4.9 6.10e+00    -  2.11e-01 9.46e-02h  3
 752  3.7548923e+00 3.88e-03 2.11e-01  -5.2 1.02e+01    -  1.19e-01 6.01e-02h  3
 753  3.7539103e+00 7.44e-03 2.55e-01  -5.2 1.33e+01    -  1.69e-01 7.20e-02h  2
 754  3.7537160e+00 1.03e-02 2.62e-01  -4.7 2.04e+01    -  1.19e-01 3.82e-02h  2
 755  3.7533856e+00 1.32e-02 3.01e-01  -5.8 2.36e+01    -  8.04e-02 5.49e-02h  1
 756  3.7513642e+00 1.45e-02 4.03e-01  -5.3 4.35e+01    -  4.38e-02 3.40e-02h  2
 757  3.7523447e+00 1.47e-02 4.83e-01  -4.5 5.32e+01    -  5.20e-02 2.30e-02h  2
 758  3.7484649e+00 1.45e-02 5.05e-01  -5.2 2.50e+01    -  6.23e-02 1.67e-02h  3
 759  3.8175887e+00 1.51e-02 5.98e-01  -4.0 1.64e+01    -  7.95e-02 1.20e-01h  1
iter    objective    inf_pr   inf_du lg(mu)  ||d||  lg(rg) alpha_du alpha_pr  ls
 760  3.8167055e+00 1.35e-02 5.86e-01  -4.9 4.14e+00    -  7.89e-02 8.51e-02h  2
 761  3.7644976e+00 1.24e-02 2.88e-01  -4.9 2.72e+00    -  4.97e-01 4.69e-01h  1
 762  3.7616846e+00 1.23e-02 2.04e-01  -4.9 1.58e+01    -  7.29e-02 5.17e-02h  2
 763  3.7472432e+00 1.15e-02 2.93e-01  -4.9 5.60e+00    -  2.14e-01 9.80e-02h  2
 764  3.9050481e+00 1.19e-02 1.77e-01  -4.5 1.30e+00    -  3.83e-01 3.71e-01H  1
 765  3.7528827e+00 5.46e-03 7.42e-01  -4.8 6.21e-01    -  6.99e-02 6.65e-01h  1
 766  3.7568211e+00 5.24e-03 3.28e-01  -4.4 1.16e+00    -  7.07e-01 4.93e-01f  1
 767  3.8512968e+00 4.20e-03 5.53e-02  -4.6 7.97e-01    -  6.78e-01 8.43e-01h  1
 768  3.7645631e+00 3.29e-03 1.66e-01  -4.6 2.99e-01    -  7.38e-01 1.00e+00f  1
 769  3.7544520e+00 8.28e-04 2.53e-02  -4.6 2.54e-01    -  1.00e+00 1.00e+00h  1
iter    objective    inf_pr   inf_du lg(mu)  ||d||  lg(rg) alpha_du alpha_pr  ls
 770  3.7319627e+00 1.95e-04 1.02e-01  -5.0 8.57e-02    -  1.00e+00 9.06e-01h  1
 771  3.7230041e+00 1.11e-04 9.01e-02  -5.3 5.11e-02    -  1.00e+00 8.91e-01h  1
 772  3.7198386e+00 2.62e-04 2.44e-01  -5.4 1.51e-02    -  1.00e+00 6.30e-01h  1
 773  3.7173578e+00 8.00e-04 6.39e-02  -5.2 4.01e-02    -  1.00e+00 6.86e-01h  1
 774  3.7163517e+00 3.74e-04 8.19e-02  -5.2 5.28e-02    -  1.00e+00 6.97e-01h  1
 775  3.7130939e+00 1.76e-04 6.74e-02  -5.5 5.97e-02    -  1.00e+00 7.46e-01h  1
 776  3.7115446e+00 6.57e-04 1.66e-01  -5.5 9.19e-02    -  1.00e+00 5.11e-01h  1
 777  3.7108387e+00 3.10e-04 2.94e-02  -5.5 8.96e-02    -  1.00e+00 8.04e-01h  1
 778  3.7095942e+00 3.12e-04 3.98e-02  -5.6 7.16e-02    -  1.00e+00 8.89e-01h  1
 779  3.7080035e+00 8.42e-04 2.81e-01  -5.6 7.38e-02    -  1.00e+00 5.66e-01h  1
iter    objective    inf_pr   inf_du lg(mu)  ||d||  lg(rg) alpha_du alpha_pr  ls
 780  3.7072594e+00 2.07e-04 2.69e-02  -5.6 5.92e-02    -  1.00e+00 9.14e-01h  1
 781  3.7068629e+00 1.96e-04 2.63e-01 -11.0 6.33e-02    -  6.37e-01 5.67e-02h  1
 782  3.7046042e+00 6.85e-04 3.47e-01  -5.8 1.51e-01    -  1.00e+00 3.97e-01h  1
 783  3.7049907e+00 6.40e-04 1.74e-01  -5.3 2.45e-01    -  6.38e-01 4.00e-01h  1
 784  3.7042839e+00 4.68e-04 1.77e-01  -5.5 2.89e-01    -  6.47e-01 2.62e-01h  2
 785  3.7074709e+00 3.23e-04 6.89e-02  -5.7 2.34e-01    -  1.00e+00 6.14e-01H  1
 786  3.7031079e+00 1.70e-04 1.78e-01  -5.8 6.07e-02    -  8.60e-01 5.21e-01h  1
 787  3.7010485e+00 1.03e-04 1.16e-01  -5.5 4.14e-02    -  6.23e-01 4.32e-01f  1
 788  3.6998166e+00 1.66e-03 1.83e-01  -5.8 1.08e-01    -  1.00e+00 3.82e-01h  1
 789  3.6990594e+00 1.52e-03 1.50e-01 -11.0 1.25e+00    -  2.73e-01 1.12e-01h  1
iter    objective    inf_pr   inf_du lg(mu)  ||d||  lg(rg) alpha_du alpha_pr  ls
 790  3.6987256e+00 1.39e-03 1.41e-01  -5.7 1.08e+00    -  6.27e-01 1.07e-01h  1
 791  3.6983569e+00 4.79e-03 8.77e-02  -5.9 9.89e-01    -  3.42e-01 3.58e-01h  1
 792  3.7000904e+00 4.69e-03 7.27e-02  -4.9 2.96e+00    -  1.89e-01 1.05e-01h  1
 793  3.6990198e+00 4.47e-03 1.14e-01  -5.5 1.60e+00    -  2.38e-01 1.22e-01h  2
 794  3.7028002e+00 3.12e-03 8.49e-02  -5.5 3.93e-01    -  1.97e-01 3.20e-01h  1
 795  3.6947748e+00 1.35e-03 4.85e-02  -5.5 1.09e-01    -  5.61e-01 5.91e-01f  1
 796  3.6939368e+00 7.08e-04 8.86e-02  -5.3 7.64e-02    -  7.28e-01 5.00e-01f  2
 797  3.6918343e+00 8.13e-05 3.46e-03  -5.8 2.57e-02    -  1.00e+00 9.95e-01h  1
 798  3.6906510e+00 8.90e-05 1.15e-01  -6.3 2.86e-02    -  1.00e+00 7.05e-01h  1
 799  3.6903063e+00 1.11e-04 4.79e-02  -6.0 5.16e-02    -  1.00e+00 6.90e-01h  1
iter    objective    inf_pr   inf_du lg(mu)  ||d||  lg(rg) alpha_du alpha_pr  ls
 800  3.6900073e+00 1.08e-04 5.99e-02  -6.1 6.94e-02    -  1.00e+00 7.11e-01h  1
 801  3.6905298e+00 3.87e-05 1.23e-02  -5.9 7.67e-02    -  1.00e+00 9.33e-01H  1
 802  3.6895535e+00 1.36e-04 9.48e-02  -6.6 6.72e-02    -  8.61e-01 3.32e-01h  1
 803  3.6885430e+00 6.29e-04 7.93e-02  -7.0 3.20e-02    -  6.73e-01 4.78e-01h  1
 804  3.6886754e+00 1.17e-04 2.72e-02  -5.9 2.23e-02    -  1.00e+00 8.65e-01h  1
 805  3.6907548e+00 1.93e-04 1.60e-01  -5.4 4.44e-02    -  6.24e-01 1.00e+00h  1
 806  3.6894830e+00 6.28e-04 3.36e-02  -5.7 1.09e-01    -  1.00e+00 8.39e-01h  1
 807  3.6889444e+00 6.98e-04 9.29e-02  -5.7 6.89e-01    -  4.00e-01 1.01e-01f  3
 808  3.6886748e+00 6.31e-04 2.68e-01  -5.7 4.68e-01    -  1.00e+00 1.38e-01h  3
 809  3.6909904e+00 4.93e-05 3.45e-02  -5.7 2.98e-01    -  1.00e+00 8.75e-01H  1
iter    objective    inf_pr   inf_du lg(mu)  ||d||  lg(rg) alpha_du alpha_pr  ls
 810  3.6898719e+00 6.64e-05 7.66e-02  -5.7 7.90e-01    -  3.75e-01 8.95e-02f  3
 811  3.6876245e+00 4.08e-03 1.19e-01  -5.7 1.42e+00    -  4.19e-01 1.87e-01h  2
 812  3.6859759e+00 4.12e-03 1.16e-01  -5.4 4.07e+00    -  1.59e-01 7.50e-02h  2
 813  3.6871847e+00 3.96e-03 2.72e-01  -4.9 2.80e+00    -  2.28e-01 9.14e-02h  2
 814  3.6881596e+00 3.26e-03 2.52e-01  -5.4 9.59e-01    -  2.99e-01 2.10e-01h  2
 815  3.6864856e+00 6.05e-03 1.09e-01  -5.4 1.17e+00    -  4.17e-01 1.61e-01h  2
 816  3.6840778e+00 4.52e-03 1.19e-01  -5.4 3.32e+00    -  2.53e-01 2.04e-01h  1
 817  3.6845818e+00 3.89e-03 1.43e-01  -4.9 1.24e+01    -  1.49e-01 3.48e-02f  3
 818  3.6843819e+00 3.16e-03 1.45e-01  -5.4 2.75e+00    -  2.33e-01 1.18e-01h  2
 819  3.6872974e+00 2.54e-03 1.35e-01  -5.4 1.97e+00    -  2.98e-01 2.19e-01H  1
iter    objective    inf_pr   inf_du lg(mu)  ||d||  lg(rg) alpha_du alpha_pr  ls
 820  3.6835266e+00 2.70e-03 1.56e-01  -5.4 4.92e+00    -  3.16e-01 7.70e-02h  3
 821  3.6788951e+00 4.40e-03 1.82e-01  -5.1 2.18e+01    -  1.03e-01 3.66e-02h  2
 822  3.6776770e+00 5.40e-03 2.15e-01  -5.5 2.86e+01    -  5.81e-02 2.43e-02h  3
 823  3.6809720e+00 7.93e-03 3.01e-01  -4.5 2.00e+01    -  1.39e-01 5.03e-02h  2
 824  3.6782948e+00 8.67e-03 2.99e-01  -5.2 3.46e+01    -  8.16e-02 1.89e-02h  3
 825  3.6773110e+00 1.21e-02 3.83e-01  -5.2 5.12e+01    -  8.90e-02 3.15e-02h  2
 826  3.6767160e+00 1.22e-02 4.13e-01  -4.5 5.27e+01    -  7.60e-02 8.82e-03h  4
 827  3.6743679e+00 2.24e-02 5.29e-01  -5.2 1.62e+01    -  9.85e-02 1.74e-01h  1
 828  3.6714237e+00 2.36e-02 5.67e-01  -5.3 1.49e+02    -  3.08e-02 5.69e-03h  4
 829  3.6702302e+00 2.66e-02 6.20e-01  -4.8 7.37e+01    -  7.32e-02 1.81e-02h  3
iter    objective    inf_pr   inf_du lg(mu)  ||d||  lg(rg) alpha_du alpha_pr  ls
 830  3.6687079e+00 2.72e-02 6.38e-01  -4.5 4.64e+01    -  8.90e-02 1.37e-02h  4
 831  3.6748748e+00 3.25e-02 6.59e-01  -4.4 2.05e+01    -  1.05e-01 1.01e-01h  2
 832  3.6733274e+00 3.23e-02 6.58e-01  -4.9 3.01e+01    -  7.01e-02 1.21e-02h  4
 833  3.6865027e+00 2.51e-02 5.28e-01  -4.9 4.67e+00    -  3.22e-01 4.04e-01h  1
 834  3.6830970e+00 2.47e-02 5.30e-01  -4.9 1.17e+01    -  1.19e-01 2.35e-02h  3
 835  3.6574325e+00 1.82e-02 3.52e-01  -4.9 1.76e+00    -  5.76e-01 8.05e-01h  1
 836  3.6635336e+00 1.71e-02 6.33e-01  -4.3 7.14e+00    -  2.22e-01 5.80e-02f  2
 837  3.6671371e+00 1.56e-02 3.52e-01  -4.8 9.92e-01    -  4.61e-01 6.96e-01h  1
 838  3.6590941e+00 1.08e-02 1.67e-01  -4.7 3.55e+00    -  3.88e-01 3.07e-01f  2
 839  3.6583379e+00 1.00e-02 1.16e-01  -4.2 1.86e+01    -  1.10e-01 6.04e-02h  3
iter    objective    inf_pr   inf_du lg(mu)  ||d||  lg(rg) alpha_du alpha_pr  ls
 840  3.6540908e+00 9.67e-03 1.84e-01  -4.4 1.65e+01    -  2.18e-01 2.99e-02h  3
 841  3.6570602e+00 8.76e-03 1.85e-01  -4.2 4.46e+00    -  3.74e-01 7.20e-02h  3
 842  4.0633779e+00 2.37e-03 3.97e-01  -4.2 1.71e+00    -  5.37e-01 1.00e+00H  1
 843  3.9052341e+00 4.27e-03 2.67e-01  -4.3 2.17e+00    -  8.53e-01 8.25e-01f  1
 844  3.7655000e+00 5.68e-03 3.14e-01  -4.3 6.95e+00    -  2.66e-01 1.83e-01f  2
 845  3.8569183e+00 5.84e-03 3.06e-01  -4.3 2.10e+00    -  2.85e-01 4.93e-01H  1
 846  3.7277201e+00 3.55e-03 1.33e-01  -4.3 4.18e-01    -  5.25e-01 4.14e-01f  1
 847  3.6647096e+00 3.36e-03 9.11e-01  -4.3 4.44e-01    -  3.61e-01 1.00e+00f  1
 848  3.6781396e+00 3.78e-03 3.65e-01  -4.5 2.32e-01    -  1.00e+00 8.02e-01h  1
 849  3.6342958e+00 3.29e-03 1.67e-02  -4.6 2.20e-01    -  1.00e+00 1.00e+00h  1
iter    objective    inf_pr   inf_du lg(mu)  ||d||  lg(rg) alpha_du alpha_pr  ls
 850  3.6147488e+00 5.22e-04 2.82e-02  -4.8 1.28e-01    -  1.00e+00 9.51e-01h  1
 851  3.6054183e+00 1.45e-03 1.16e-01  -4.9 4.11e-01    -  1.00e+00 3.16e-01h  1
 852  3.6086155e+00 3.81e-04 6.36e-02  -4.9 1.44e-01    -  1.00e+00 8.79e-01H  1
 853  3.5944468e+00 2.09e-04 4.55e-01  -5.4 8.10e-02    -  1.00e+00 6.27e-01h  1
 854  3.5887330e+00 1.22e-03 1.41e-01  -5.8 4.62e-02    -  1.00e+00 6.24e-01h  1
 855  3.5891577e+00 3.22e-04 3.23e-02  -5.2 1.53e-02    -  1.00e+00 7.21e-01h  1
 856  3.5867258e+00 3.34e-04 4.20e-02  -5.7 5.32e-02    -  1.00e+00 5.98e-01h  1
 857  3.5919388e+00 1.13e-03 3.53e-02  -4.8 4.14e-01    -  1.92e-01 2.66e-01h  1
 858  3.5903181e+00 3.29e-03 6.38e-01  -5.4 2.30e-01    -  7.61e-01 8.26e-02h  1
 859  3.5840621e+00 3.86e-03 3.43e-01  -5.4 4.03e-01    -  5.74e-01 2.29e-01f  1
iter    objective    inf_pr   inf_du lg(mu)  ||d||  lg(rg) alpha_du alpha_pr  ls
 860  3.5829651e+00 2.78e-03 3.64e-01  -5.2 2.01e-01    -  1.00e+00 2.78e-01f  2
 861  3.5836209e+00 2.80e-03 2.85e-02  -5.2 9.98e-02    -  1.00e+00 9.93e-01h  1
 862  3.5807889e+00 6.68e-04 2.94e-02  -5.2 6.49e-02    -  1.00e+00 9.86e-01h  1
 863  3.5772153e+00 1.76e-04 9.80e-02  -5.5 3.87e-02    -  1.00e+00 8.98e-01h  1
 864  3.5748662e+00 2.04e-04 8.29e-02  -5.5 3.92e-02    -  1.00e+00 8.27e-01h  1
 865  3.5734554e+00 7.04e-04 1.85e-01  -5.8 1.60e-01    -  1.00e+00 3.16e-01h  1
 866  3.5719049e+00 2.59e-02 1.16e-01  -5.4 6.96e-01    -  1.00e+00 2.07e-01h  1
 867  3.5708210e+00 2.49e-02 1.56e-01  -5.0 2.69e+00    -  1.53e-01 8.08e-02h  1
 868  3.5686707e+00 2.28e-02 2.15e-01  -5.6 3.16e+00    -  2.06e-01 7.83e-02h  1
 869  3.5678354e+00 2.04e-02 1.49e-01  -4.9 3.58e+00    -  2.07e-01 6.67e-02h  1
iter    objective    inf_pr   inf_du lg(mu)  ||d||  lg(rg) alpha_du alpha_pr  ls
 870  3.5691126e+00 1.91e-02 1.51e-01  -4.6 3.40e+00    -  1.75e-01 6.35e-02h  3
 871  3.5662512e+00 1.71e-02 1.83e-01  -5.2 4.50e+00    -  1.16e-01 9.32e-02h  2
 872  3.5783170e+00 1.55e-02 2.03e-01  -4.5 3.11e+00    -  1.92e-01 9.35e-02h  1
 873  3.5779821e+00 1.06e-02 1.52e-01  -5.0 6.22e-01    -  3.51e-01 4.28e-01h  1
 874  3.5877884e+00 1.32e-02 1.68e-01  -5.0 2.49e-01    -  2.45e-01 4.42e-01H  1
 875  3.5617003e+00 2.79e-03 2.56e-01  -5.0 2.52e-01    -  3.41e-01 8.40e-01f  1
 876  3.5642611e+00 2.25e-03 1.21e-01  -5.1 1.91e-01    -  2.23e-01 2.73e-01h  2
 877  3.5547040e+00 2.36e-03 3.60e-03  -5.4 5.12e-02    -  1.00e+00 9.99e-01h  1
 878  3.5557400e+00 5.25e-04 5.60e-03  -5.2 4.35e-02    -  1.00e+00 1.00e+00h  1
 879  3.5627992e+00 8.92e-04 1.87e-02  -4.8 1.19e-01    -  9.97e-01 1.00e+00h  1
iter    objective    inf_pr   inf_du lg(mu)  ||d||  lg(rg) alpha_du alpha_pr  ls
 880  3.5837816e+00 1.35e-03 9.86e-02  -4.9 4.99e-01    -  5.63e-01 9.18e-01H  1
 881  3.5791213e+00 1.24e-03 4.52e-01  -4.9 3.20e-01    -  1.00e+00 7.86e-02h  4
 882  3.5609981e+00 1.38e-02 8.02e-01  -4.9 1.37e-01    -  2.64e-01 6.05e-01h  1
 883  3.5561968e+00 6.91e-03 4.15e-01  -4.9 8.36e-02    -  6.56e-01 5.00e-01f  2
 884  3.5553951e+00 4.85e-03 3.62e-03  -4.9 4.19e-02    -  1.00e+00 1.00e+00h  1
 885  3.5505128e+00 1.32e-05 1.55e-02  -5.2 8.68e-02    -  1.00e+00 1.00e+00H  1
 886  3.5453193e+00 7.75e-04 7.86e-02  -5.5 7.96e-02    -  1.00e+00 8.32e-01h  1
 887  3.5561333e+00 7.06e-04 1.84e-02  -5.1 7.98e-02    -  1.00e+00 1.00e+00h  1
 888  3.5452436e+00 5.39e-05 1.91e-03  -5.2 5.45e-02    -  1.00e+00 1.00e+00h  1
 889  3.5438558e+00 3.72e-05 1.66e-01  -5.8 4.32e-02    -  9.99e-01 3.98e-01h  1
iter    objective    inf_pr   inf_du lg(mu)  ||d||  lg(rg) alpha_du alpha_pr  ls
 890  3.5509899e+00 1.53e-02 6.29e-02  -5.0 5.30e-01    -  6.59e-01 5.83e-01h  1
 891  3.5491087e+00 1.37e-02 1.09e-01  -5.2 2.62e+00    -  3.20e-01 1.19e-01h  2
 892  3.5462676e+00 1.17e-02 1.17e-01  -5.2 6.51e+00    -  9.72e-02 4.41e-02h  3
 893  3.5448545e+00 1.13e-02 1.61e-01  -5.2 1.19e+01    -  8.01e-02 3.25e-02h  3
 894  3.5423083e+00 1.07e-02 1.80e-01  -5.2 5.37e+00    -  1.19e-01 4.98e-02h  2
 895  3.5399497e+00 1.03e-02 1.89e-01  -4.9 5.62e+00    -  1.93e-01 3.75e-02h  3
 896  3.5381066e+00 9.68e-03 1.82e-01  -5.1 2.09e+00    -  1.66e-01 5.91e-02h  3
 897  3.5391824e+00 5.46e-03 1.15e-01  -6.2 1.17e+00    -  2.91e-01 4.23e-01H  1
 898  3.5384250e+00 4.92e-03 3.04e-01  -5.0 1.48e+00    -  3.30e-01 8.95e-02h  2
 899  3.5755952e+00 1.38e-03 4.94e-01  -4.8 1.76e-01    -  5.94e-01 1.00e+00H  1
iter    objective    inf_pr   inf_du lg(mu)  ||d||  lg(rg) alpha_du alpha_pr  ls
 900  3.5389594e+00 1.82e-03 2.91e-01  -5.0 2.04e-01    -  3.48e-01 9.79e-01h  1
 901  3.5830566e+00 2.84e-03 7.57e-01  -4.4 9.17e-02    -  5.68e-01 1.00e+00f  1
 902  3.5508128e+00 1.29e-03 1.53e-02  -4.6 8.87e-02    -  1.00e+00 1.00e+00h  1
 903  3.5511452e+00 6.81e-05 7.83e-03  -4.6 4.29e-02    -  1.00e+00 1.00e+00h  1
 904  3.5495412e+00 4.65e-04 1.11e-03  -4.6 2.22e-02    -  1.00e+00 1.00e+00h  1
 905  3.5379978e+00 4.31e-04 3.73e-02  -5.1 1.79e-02    -  9.99e-01 9.02e-01h  1
 906  3.5312332e+00 2.46e-04 5.82e-02  -5.4 4.58e-02    -  1.00e+00 4.92e-01h  1
 907  3.5278700e+00 2.38e-04 9.87e-02  -5.4 3.19e-02    -  1.00e+00 6.74e-01h  1
 908  3.5250597e+00 7.30e-04 6.23e-03  -5.7 2.18e-02    -  1.00e+00 1.00e+00h  1
 909  3.5238196e+00 2.12e-05 3.15e-03  -6.0 1.32e-02    -  1.00e+00 9.91e-01h  1
iter    objective    inf_pr   inf_du lg(mu)  ||d||  lg(rg) alpha_du alpha_pr  ls
 910  3.5233203e+00 2.60e-05 9.23e-02  -6.2 1.87e-02    -  1.00e+00 5.85e-01h  1
 911  3.5230071e+00 3.16e-05 1.26e-01  -6.0 6.27e-02    -  1.00e+00 2.67e-01h  1
 912  3.5225181e+00 7.70e-04 1.47e-01  -6.3 2.33e-01    -  3.09e-01 1.07e-01h  1
 913  3.5221670e+00 6.91e-04 2.34e-01  -5.5 4.04e-01    -  3.26e-01 1.14e-01h  1
 914  3.5227083e+00 9.27e-04 1.87e-01  -5.2 4.03e-01    -  2.03e-01 2.05e-01h  1
 915  3.5222907e+00 1.06e-03 1.20e-01  -5.7 3.82e-01    -  3.62e-01 1.61e-01h  2
 916  3.5219002e+00 1.04e-03 1.39e-01  -5.7 3.32e-01    -  5.43e-01 1.32e-01h  2
 917  3.5216887e+00 8.99e-04 3.89e-01  -5.7 1.89e-01    -  1.00e+00 3.05e-01h  1
 918  3.5242521e+00 5.46e-04 4.81e-02  -5.4 3.86e-02    -  9.36e-01 1.00e+00h  1
 919  3.5215705e+00 4.96e-04 7.87e-03  -5.5 4.15e-02    -  1.00e+00 1.00e+00h  1
iter    objective    inf_pr   inf_du lg(mu)  ||d||  lg(rg) alpha_du alpha_pr  ls
 920  3.5197087e+00 1.04e-04 9.44e-02  -6.0 2.65e-02    -  1.00e+00 8.70e-01h  1
 921  3.5193287e+00 9.96e-05 1.81e-01  -6.0 5.04e-02    -  1.00e+00 6.91e-01h  1
 922  3.5187539e+00 2.28e-04 5.38e-02  -6.1 1.14e-01    -  1.00e+00 6.54e-01h  1
 923  3.5184853e+00 4.84e-04 1.15e-01  -5.8 2.45e-01    -  7.30e-01 1.55e-01h  2
 924  3.5181280e+00 3.36e-04 1.22e-01  -6.8 8.64e-02    -  5.34e-01 3.08e-01h  1
 925  3.5175781e+00 1.78e-04 4.66e-01  -6.4 3.48e-02    -  8.88e-01 4.79e-01h  1
 926  3.5176766e+00 6.52e-05 2.98e-03  -6.0 2.07e-02    -  1.00e+00 1.00e+00h  1
 927  3.5171619e+00 7.31e-04 5.16e-03  -6.2 6.27e-02    -  1.00e+00 1.00e+00h  1
 928  3.5167498e+00 8.52e-04 9.47e-02  -6.4 3.77e-01    -  4.03e-01 2.30e-01h  1
 929  3.5164659e+00 8.10e-04 2.37e-01  -5.9 1.30e+00    -  4.47e-01 5.27e-02h  2
iter    objective    inf_pr   inf_du lg(mu)  ||d||  lg(rg) alpha_du alpha_pr  ls
 930  3.5163088e+00 7.05e-04 2.05e-01  -5.7 6.69e-01    -  2.57e-01 1.35e-01h  2
 931  3.5170356e+00 6.49e-04 2.03e-01  -5.1 1.34e+00    -  1.67e-01 1.02e-01h  1
 932  3.5168787e+00 5.85e-04 1.65e-01  -5.8 6.54e-01    -  4.03e-01 9.77e-02h  3
 933  3.5155696e+00 3.43e-03 1.96e-01  -5.8 8.53e-01    -  3.21e-01 2.23e-01h  1
 934  3.5226404e+00 2.31e-03 1.72e-01  -4.9 3.63e+00    -  1.38e-01 1.07e-01f  1
 935  3.5214453e+00 1.70e-03 9.02e-02  -5.6 8.09e-01    -  5.30e-01 2.71e-01h  1
 936  3.5188252e+00 2.42e-03 1.21e-01  -5.6 6.53e-01    -  1.50e-01 2.33e-01h  1
 937  3.5148488e+00 2.18e-03 9.92e-02  -5.6 1.26e-01    -  5.01e-01 3.50e-01f  1
 938  3.5131546e+00 1.24e-03 2.53e-01  -5.6 6.59e-02    -  6.70e-01 4.30e-01f  1
 939  3.5154487e+00 2.70e-03 5.17e-03  -5.3 2.98e-02    -  1.00e+00 1.00e+00h  1
iter    objective    inf_pr   inf_du lg(mu)  ||d||  lg(rg) alpha_du alpha_pr  ls
 940  3.5119555e+00 2.77e-03 1.84e-03  -5.8 5.78e-02    -  1.00e+00 9.97e-01h  1
 941  3.5121831e+00 2.20e-04 3.04e-02  -5.8 1.21e-01    -  1.00e+00 8.97e-01H  1
 942  3.5109720e+00 2.03e-03 4.33e-02  -5.9 1.84e-01    -  1.00e+00 4.83e-01h  1
 943  3.5107455e+00 2.18e-03 1.74e-01  -5.4 6.14e-01    -  4.52e-01 2.05e-01h  2
 944  3.5181650e+00 7.41e-04 3.62e-02  -5.7 2.43e-01    -  7.75e-01 7.38e-01H  1
 945  3.5100014e+00 4.56e-04 1.93e-02  -5.8 4.27e-02    -  9.20e-01 1.00e+00h  1
 946  3.5087822e+00 1.73e-04 6.24e-02  -5.8 5.42e-02    -  1.00e+00 8.73e-01h  1
 947  3.5082180e+00 3.16e-04 1.18e-01  -6.0 1.05e-01    -  1.00e+00 4.26e-01h  1
 948  3.5081848e+00 8.66e-04 1.14e-01  -5.5 9.56e-01    -  5.95e-01 2.42e-01h  2
 949  3.5092460e+00 3.15e-03 1.14e-01  -5.1 5.26e+00    -  1.58e-01 7.70e-02h  2
iter    objective    inf_pr   inf_du lg(mu)  ||d||  lg(rg) alpha_du alpha_pr  ls
 950  3.5091588e+00 3.04e-03 1.30e-01  -5.6 3.59e+00    -  2.02e-01 5.96e-02h  3
 951  3.5086418e+00 2.74e-03 1.20e-01  -5.6 1.34e+00    -  1.97e-01 8.85e-02h  3
 952  3.5077147e+00 2.46e-03 1.09e-01  -5.6 2.41e+00    -  1.90e-01 1.16e-01h  2
 953  3.5064916e+00 1.27e-02 1.43e-01  -5.3 1.31e+01    -  1.28e-01 7.29e-02h  1
 954  3.5055166e+00 1.26e-02 1.60e-01  -5.2 2.17e+01    -  6.27e-02 1.15e-02h  4
 955  3.5062763e+00 1.15e-02 1.83e-01  -4.9 5.51e+00    -  1.50e-01 8.77e-02h  3
 956  3.5047053e+00 1.07e-02 2.21e-01  -5.4 9.93e+00    -  1.18e-01 8.33e-02h  2
 957  3.5066878e+00 4.67e-02 3.04e-01  -4.6 3.70e+01    -  1.06e-01 4.44e-02h  1
 958  3.5052897e+00 4.57e-02 3.59e-01  -5.3 5.86e+01    -  4.35e-02 1.90e-02h  2
 959  3.5032655e+00 4.52e-02 3.84e-01  -5.3 5.58e+01    -  6.39e-02 9.44e-03h  3
iter    objective    inf_pr   inf_du lg(mu)  ||d||  lg(rg) alpha_du alpha_pr  ls
 960  3.5022190e+00 4.55e-02 4.12e-01  -6.2 3.02e+01    -  7.57e-02 2.08e-02h  3
 961  3.5345254e+00 5.26e-02 5.52e-01  -4.3 2.75e+01    -  1.21e-01 1.23e-01h  1
 962  3.5323598e+00 5.28e-02 5.81e-01  -5.1 4.16e+01    -  8.29e-02 1.53e-02h  2
 963  3.5383080e+00 5.42e-02 6.36e-01  -5.1 1.99e+01    -  1.33e-01 6.85e-02h  2
 964  3.5477063e+00 5.18e-02 6.64e-01  -5.1 9.93e+00    -  1.18e-01 5.37e-02h  2
 965  3.5187431e+00 3.65e-02 5.02e-01  -5.1 1.47e+00    -  3.18e-01 3.21e-01h  1
 966  3.4942021e+00 3.27e-02 4.17e-01  -5.1 3.74e+00    -  2.20e-01 1.38e-01h  1
 967  3.4867734e+00 3.03e-02 3.72e-01  -4.8 1.73e+00    -  1.55e-01 8.08e-02f  2
 968  3.4802609e+00 9.28e-03 1.05e-01  -5.0 3.14e-01    -  8.02e-01 7.03e-01h  1
 969  3.4881602e+00 4.61e-03 4.69e-01  -4.8 1.38e-01    -  9.75e-01 5.04e-01h  1
iter    objective    inf_pr   inf_du lg(mu)  ||d||  lg(rg) alpha_du alpha_pr  ls
 970  3.4763839e+00 9.82e-04 5.17e-03  -5.0 1.06e-01    -  1.00e+00 9.87e-01h  1
 971  3.4764132e+00 4.38e-04 9.99e-03  -5.1 4.15e-02    -  9.97e-01 1.00e+00h  1
 972  3.4711730e+00 9.79e-04 2.62e-03  -5.4 2.32e-02    -  1.00e+00 1.00e+00h  1
 973  3.4686846e+00 8.88e-04 1.10e-02  -5.6 1.56e-02    -  1.00e+00 9.20e-01h  1
 974  3.4666523e+00 2.98e-04 1.25e-01  -5.6 8.00e-02    -  9.98e-01 4.05e-01h  1
 975  3.4716760e+00 3.25e-04 3.08e-02  -5.1 1.35e-01    -  7.19e-01 8.55e-01H  1
 976  3.4696609e+00 5.07e-02 6.44e-02  -5.3 1.36e-01    -  9.98e-01 8.55e-01h  1
 977  3.4673554e+00 2.75e-02 8.55e-02  -5.3 1.18e-01    -  2.84e-01 4.57e-01f  1
 978  3.4643407e+00 1.30e-03 4.16e-03  -5.3 4.67e-02    -  1.00e+00 1.00e+00f  1
 979  3.4627876e+00 2.29e-04 4.28e-02  -5.6 3.55e-02    -  1.00e+00 8.49e-01h  1
iter    objective    inf_pr   inf_du lg(mu)  ||d||  lg(rg) alpha_du alpha_pr  ls
 980  3.4604282e+00 4.66e-04 1.14e-01  -5.9 3.53e-02    -  1.00e+00 7.49e-01h  1
 981  3.4608571e+00 5.99e-04 8.68e-03  -5.6 6.09e-02    -  1.00e+00 1.00e+00H  1
 982  3.4600605e+00 2.00e-04 1.57e-01  -5.4 1.77e-01    -  9.68e-01 1.88e-01h  1
 983  3.4605417e+00 3.90e-04 1.58e-01  -5.0 4.51e-01    -  4.84e-01 1.39e-01h  2
 984  3.4652607e+00 1.36e-04 5.22e-02  -5.3 1.31e-01    -  6.56e-01 9.44e-01H  1
 985  3.4615275e+00 2.99e-04 1.36e-01  -5.3 8.14e-02    -  1.00e+00 5.00e-01f  2
 986  3.4590085e+00 2.31e-04 2.35e-02  -5.3 6.22e-02    -  1.00e+00 9.57e-01h  1
 987  3.4560218e+00 5.72e-03 3.36e-02  -5.9 2.95e-02    -  1.00e+00 8.94e-01h  1
 988  3.4583151e+00 2.20e-03 1.20e-01  -5.2 1.39e-01    -  1.00e+00 6.14e-01h  1
 989  3.4581677e+00 1.66e-03 8.30e-02  -5.3 5.18e-01    -  4.53e-01 2.40e-01h  2
iter    objective    inf_pr   inf_du lg(mu)  ||d||  lg(rg) alpha_du alpha_pr  ls
 990  3.4571425e+00 1.64e-03 1.70e-01  -5.3 1.25e+00    -  4.89e-01 1.12e-01h  2
 991  3.4564684e+00 2.43e-03 1.30e-01  -5.3 1.46e+00    -  4.69e-01 1.04e-01h  1
 992  3.4559729e+00 2.49e-03 2.38e-01  -5.3 7.15e-01    -  4.71e-01 1.01e-01h  3
 993  3.4822401e+00 3.53e-04 7.81e-02  -4.9 2.26e-01    -  6.57e-01 1.00e+00H  1
 994  3.4649603e+00 1.47e-03 1.79e-02  -5.1 1.62e-01    -  9.66e-01 1.00e+00h  1
 995  3.4581787e+00 1.07e-03 2.02e-01  -5.1 1.26e-01    -  6.18e-01 2.83e-01h  1
 996  3.4566461e+00 7.20e-04 6.98e-02  -5.1 7.72e-02    -  1.00e+00 7.34e-01f  1
 997  3.4566591e+00 5.39e-04 3.34e-01  -5.1 9.76e-02    -  1.00e+00 2.50e-01f  3
 998  3.4564723e+00 2.64e-04 5.97e-03  -5.1 3.15e-02    -  1.00e+00 1.00e+00h  1
 999  3.4518176e+00 7.47e-04 3.94e-02  -5.7 3.36e-02    -  9.99e-01 7.95e-01h  1
iter    objective    inf_pr   inf_du lg(mu)  ||d||  lg(rg) alpha_du alpha_pr  ls
1000  3.4503100e+00 2.15e-04 1.91e-02  -5.6 2.27e-02    -  1.00e+00 9.17e-01h  1
1001  3.4488397e+00 1.12e-04 2.16e-02  -6.0 1.49e-02    -  1.00e+00 8.87e-01h  1
1002  3.4482496e+00 1.29e-04 5.57e-02  -6.3 2.91e-02    -  1.00e+00 6.15e-01h  1
1003  3.4481170e+00 4.21e-04 2.50e-01  -5.8 1.51e-01    -  1.00e+00 3.23e-01h  1
1004  3.4478379e+00 7.43e-04 2.41e-01  -5.8 5.21e-01    -  4.95e-01 2.54e-01h  1
1005  3.4474437e+00 1.73e-03 1.45e-01  -5.8 1.56e+00    -  2.38e-01 6.28e-02h  3
1006  3.4474479e+00 1.50e-03 8.83e-02  -5.5 1.75e+00    -  2.32e-01 1.27e-01h  2
1007  3.4472688e+00 1.37e-03 7.88e-02  -5.8 2.90e+00    -  1.18e-01 6.60e-02h  2
1008  3.4474034e+00 1.19e-03 8.92e-02  -5.5 2.62e+00    -  2.92e-01 8.57e-02h  2
1009  3.4467924e+00 3.60e-03 1.15e-01  -5.7 2.48e+00    -  2.65e-01 9.19e-02h  2
iter    objective    inf_pr   inf_du lg(mu)  ||d||  lg(rg) alpha_du alpha_pr  ls
1010  3.4460051e+00 1.94e-03 1.04e-01  -5.7 1.87e+00    -  1.15e-01 1.10e-01h  2
1011  3.4460825e+00 2.09e-03 9.69e-02  -5.3 1.47e+00    -  2.16e-01 1.09e-01h  2
1012  3.4455405e+00 1.46e-03 8.07e-02  -5.6 6.23e-01    -  1.99e-01 2.90e-01h  1
1013  3.4504498e+00 1.59e-03 5.91e-02  -5.1 3.87e-01    -  3.39e-01 3.98e-01f  1
1014  3.4477204e+00 1.60e-03 4.13e-02  -5.4 9.40e-02    -  6.75e-01 9.09e-01h  1
1015  3.4442362e+00 6.80e-04 6.51e-03  -5.4 6.20e-02    -  1.00e+00 1.00e+00f  1
1016  3.4417169e+00 2.73e-03 3.86e-03  -5.7 4.82e-02    -  1.00e+00 1.00e+00h  1
1017  3.4425448e+00 9.42e-05 3.54e-03  -5.5 3.76e-02    -  1.00e+00 1.00e+00h  1
1018  3.4402851e+00 2.60e-05 3.33e-02  -6.0 1.79e-02    -  1.00e+00 9.16e-01h  1
1019  3.4394500e+00 8.49e-05 6.61e-02  -6.5 1.24e-02    -  1.00e+00 6.62e-01h  1
iter    objective    inf_pr   inf_du lg(mu)  ||d||  lg(rg) alpha_du alpha_pr  ls
1020  3.4389975e+00 4.01e-05 3.63e-02  -6.5 2.91e-02    -  1.00e+00 5.22e-01h  1
1021  3.4388269e+00 1.75e-03 1.91e-01  -5.8 1.41e-01    -  1.00e+00 2.84e-01h  1
1022  3.4386805e+00 1.41e-03 1.49e-01  -5.8 3.63e-01    -  5.58e-01 1.90e-01h  2
1023  3.4393594e+00 9.66e-04 3.49e-02  -5.6 4.10e-01    -  6.40e-01 3.43e-01h  2
1024  3.4393351e+00 1.37e-03 2.88e-02  -5.7 6.74e-01    -  2.96e-01 2.06e-01h  2
1025  3.4388811e+00 2.67e-03 2.82e-02  -5.7 1.05e+00    -  3.63e-01 1.50e-01h  2
1026  3.4383980e+00 2.41e-03 7.13e-02  -5.7 9.19e-01    -  3.50e-01 9.93e-02h  2
1027  3.4381137e+00 1.39e-03 4.86e-02  -5.7 1.16e-01    -  4.74e-01 4.25e-01h  1
1028  3.4408441e+00 7.37e-04 6.40e-03  -5.3 3.78e-02    -  1.00e+00 9.66e-01h  1
1029  3.4389477e+00 8.77e-05 4.89e-03  -5.4 3.33e-02    -  1.00e+00 1.00e+00h  1
iter    objective    inf_pr   inf_du lg(mu)  ||d||  lg(rg) alpha_du alpha_pr  ls
1030  3.4366160e+00 9.17e-04 3.23e-03  -5.8 8.00e-02    -  1.00e+00 1.00e+00h  1
1031  3.4395992e+00 9.37e-05 9.50e-03  -5.6 1.31e-01    -  1.00e+00 9.24e-01h  1
1032  3.4369393e+00 2.78e-04 1.01e-02  -5.7 3.67e-02    -  1.00e+00 1.00e+00h  1
1033  3.4356575e+00 5.27e-05 1.09e-02  -5.7 2.27e-02    -  1.00e+00 8.66e-01h  1
1034  3.4347464e+00 2.02e-05 6.36e-02  -6.3 4.03e-02    -  1.00e+00 6.61e-01h  1
1035  3.4343797e+00 4.38e-05 1.87e-01  -6.0 3.13e-01    -  1.00e+00 1.84e-01h  1
1036  3.4346626e+00 8.23e-04 1.63e-01  -5.4 2.42e+00    -  4.59e-01 1.85e-01h  1
1037  3.4345252e+00 9.17e-04 1.47e-01  -5.8 7.48e+00    -  1.64e-01 3.82e-02h  2
1038  3.4336664e+00 1.43e-03 1.68e-01  -5.8 6.37e+00    -  1.74e-01 4.26e-02h  2
1039  3.4380590e+00 5.13e-03 1.55e-01  -4.7 1.26e+01    -  9.48e-02 5.98e-02h  2
iter    objective    inf_pr   inf_du lg(mu)  ||d||  lg(rg) alpha_du alpha_pr  ls
1040  3.4369514e+00 1.21e-02 2.76e-01  -5.5 1.81e+01    -  1.35e-01 2.90e-02h  2
1041  3.4352343e+00 1.15e-02 3.46e-01  -5.5 2.70e+01    -  1.02e-01 2.16e-02h  3
1042  3.4340183e+00 1.09e-02 3.39e-01  -5.5 1.83e+01    -  2.96e-02 3.15e-02h  3
1043  3.4321892e+00 1.06e-02 2.54e-01  -5.5 1.30e+01    -  6.29e-02 2.51e-02h  2
1044  3.4298445e+00 9.86e-03 1.82e-01  -5.2 8.60e+00    -  1.30e-01 6.97e-02h  1
1045  3.4265200e+00 9.37e-03 1.99e-01  -5.9 2.88e+01    -  6.66e-02 2.55e-02h  1
1046  3.4247440e+00 9.27e-03 2.12e-01  -5.2 4.43e+01    -  6.34e-02 6.35e-03h  4
1047  3.4228685e+00 8.40e-03 2.38e-01  -5.2 1.02e+01    -  1.66e-01 8.35e-02h  2
1048  3.4211938e+00 9.20e-03 2.80e-01  -5.1 4.26e+01    -  5.25e-02 2.16e-02h  3
1049  3.4234257e+00 1.17e-02 3.44e-01  -4.4 5.82e+01    -  8.37e-02 1.95e-02h  3
iter    objective    inf_pr   inf_du lg(mu)  ||d||  lg(rg) alpha_du alpha_pr  ls
1050  3.4230791e+00 1.43e-02 3.76e-01  -5.2 4.16e+01    -  6.30e-02 3.26e-02h  3
1051  3.4211247e+00 1.49e-02 4.11e-01  -5.2 7.41e+01    -  4.22e-02 1.22e-02h  4
1052  3.4356838e+00 2.60e-02 5.61e-01  -4.4 8.01e+01    -  9.50e-02 4.80e-02h  2
1053  3.4325458e+00 2.68e-02 6.26e-01  -5.1 1.82e+02    -  4.30e-02 8.96e-03h  3
1054  3.4287933e+00 2.69e-02 6.68e-01  -5.1 2.07e+02    -  2.98e-02 5.54e-03h  4
1055  3.4235452e+00 2.96e-02 7.26e-01  -5.1 1.42e+02    -  4.99e-02 1.27e-02h  3
1056  3.4170433e+00 2.94e-02 7.52e-01  -5.1 1.42e+02    -  3.88e-02 6.58e-03h  4
1057  3.4098433e+00 2.85e-02 7.77e-01  -4.6 6.04e+01    -  7.95e-02 1.89e-02h  3
1058  3.4371978e+00 3.34e-02 8.74e-01  -4.1 8.69e+01    -  6.29e-02 4.50e-02h  2
1059  3.4254870e+00 3.34e-02 8.55e-01  -4.9 3.53e+01    -  2.13e-02 5.26e-03h  3
iter    objective    inf_pr   inf_du lg(mu)  ||d||  lg(rg) alpha_du alpha_pr  ls
1060  3.3915514e+00 1.80e-02 4.59e-01  -4.9 2.14e+00    -  4.70e-01 4.83e-01h  1
1061  3.3892063e+00 1.76e-02 4.53e-01 -10.9 3.94e+00    -  6.71e-02 2.16e-02h  3
1062  3.3711056e+00 1.25e-03 1.58e-02  -5.0 5.66e-01    -  1.00e+00 1.00e+00h  1
1063  3.3721543e+00 3.02e-03 2.13e-01  -4.7 6.43e+00    -  5.50e-01 1.09e-01h  3
1064  3.3708953e+00 8.04e-03 2.07e-01  -4.9 3.31e+01    -  1.41e-01 1.02e-01h  2
1065  3.4126700e+00 3.54e-02 4.40e-01  -3.3 6.65e+02    -  2.54e-02 9.55e-03f  1
1066  3.4111330e+00 4.37e-02 5.86e-01  -4.7 3.43e+02    -  4.12e-02 9.17e-03h  2
1067  3.4046335e+00 5.47e-02 7.53e-01  -4.7 5.62e+02    -  4.39e-02 6.37e-03h  3
1068  3.3949974e+00 6.30e-02 9.08e-01  -4.7 8.81e+02    -  2.47e-02 3.67e-03h  3
1069  3.3910249e+00 8.36e-02 1.17e+00  -4.7 1.39e+03    -  9.52e-03 3.77e-03h  4
iter    objective    inf_pr   inf_du lg(mu)  ||d||  lg(rg) alpha_du alpha_pr  ls
1070  3.3864979e+00 8.55e-02 1.26e+00  -4.7 9.38e+02    -  7.43e-03 2.06e-03h  5
1071  3.3726817e+00 8.64e-02 1.34e+00  -4.7 3.13e+02    -  2.08e-02 5.99e-03h  4
1072  3.3527538e+00 8.50e-02 1.32e+00  -4.7 5.29e+01    -  1.46e-02 7.60e-03h  3
1073  3.3311829e+00 5.18e-02 8.50e-01  -4.2 1.25e+00    -  3.69e-01 3.94e-01h  1
1074  3.4880331e+00 3.68e-02 7.30e-01  -4.0 6.66e+00    -  3.03e-01 3.25e-01h  1
1075  3.4525377e+00 4.07e-02 8.73e-01  -4.4 2.21e+01    -  4.12e-01 1.82e-01h  2
1076  3.4020960e+00 7.71e-02 1.27e+00  -4.4 4.17e+02    -  3.42e-02 1.60e-02f  3
1077  3.3571598e+00 1.02e-01 1.57e+00  -4.4 1.43e+03    -  2.39e-02 3.64e-03f  3
1078  3.3224295e+00 1.17e-01 1.80e+00  -4.4 1.21e+03    -  2.86e-02 3.33e-03f  3
1079  3.8784305e+00 2.17e-01 2.45e+00  -2.9 7.36e+02    -  2.73e-02 1.59e-02f  2
iter    objective    inf_pr   inf_du lg(mu)  ||d||  lg(rg) alpha_du alpha_pr  ls
1080  3.8531454e+00 2.19e-01 2.56e+00  -4.2 2.18e+02    -  8.03e-02 9.80e-03h  4
1081  3.8421601e+00 2.20e-01 2.67e+00  -4.2 1.09e+02    -  9.36e-02 1.98e-02h  4
1082  3.7853722e+00 2.33e-01 2.85e+00  -4.2 1.63e+02    -  8.70e-02 2.28e-02h  3
1083  3.7797038e+00 2.62e-01 3.08e+00  -4.2 2.27e+02    -  4.10e-02 2.03e-02f  2
1084  3.7239803e+00 3.07e-01 3.30e+00  -4.2 9.10e+01    -  7.03e-02 5.64e-02f  1
1085  3.5593365e+00 3.13e-01 3.37e+00  -4.2 9.68e+01    -  7.52e-02 2.14e-02h  1
1086  3.4526953e+00 3.10e-01 3.22e+00  -4.2 6.73e+01    -  7.80e-02 1.99e-02f  2
1087  3.7377286e+00 2.76e-01 2.28e+00  -4.2 2.20e+01    -  1.64e-01 2.24e-01h  1
1088  3.7771606e+00 2.71e-01 1.91e+00  -4.2 4.10e+01    -  4.68e-02 7.37e-02h  2
1089  3.8174878e+00 2.62e-01 1.46e+00  -4.2 2.96e+01    -  2.45e-01 1.16e-01h  1
iter    objective    inf_pr   inf_du lg(mu)  ||d||  lg(rg) alpha_du alpha_pr  ls
1090  5.7003410e+00 2.34e-01 1.06e+00  -4.2 1.96e+01    -  5.07e-02 1.50e-01h  1
1091  4.0435213e+00 1.33e-01 6.06e-01  -4.2 6.26e+00    -  7.67e-02 4.87e-01f  1
1092  3.4912243e+00 1.30e-01 4.60e-01  -4.2 2.59e+01    -  8.60e-02 1.11e-01f  1
1093  3.6604603e+00 1.15e-01 5.81e-01  -4.2 9.95e+00    -  1.68e-01 3.02e-01h  1
1094  3.7700855e+00 8.92e-02 4.90e-01  -4.2 2.15e+00    -  2.35e-01 2.51e-01h  1
1095  3.2353722e+00 3.07e-02 1.51e+00  -4.2 1.98e+00    -  4.49e-02 9.33e-01f  1
1096  3.3150038e+00 2.29e-02 1.26e+00  -4.4 1.38e+00    -  1.74e-01 2.68e-01h  1
1097  3.1923399e+00 8.98e-04 3.43e-02  -4.4 3.19e-01    -  9.80e-01 1.00e+00h  1
1098  3.1756421e+00 5.02e-04 2.51e-01  -4.9 9.78e-02    -  1.00e+00 6.66e-01h  1
1099  3.1603022e+00 4.58e-04 6.41e-02  -5.1 2.51e-02    -  1.00e+00 6.16e-01h  1
iter    objective    inf_pr   inf_du lg(mu)  ||d||  lg(rg) alpha_du alpha_pr  ls
1100  3.1517128e+00 1.42e-03 3.50e-02  -4.7 8.45e-02    -  1.00e+00 5.85e-01h  1
1101  3.1440729e+00 9.72e-04 3.00e-02  -5.0 4.70e-02    -  1.00e+00 9.55e-01h  1
1102  3.1388268e+00 2.03e-03 1.62e-02  -5.1 7.11e-02    -  1.00e+00 9.60e-01h  1
1103  3.1372422e+00 3.47e-02 1.64e-02  -5.2 5.19e-02    -  1.00e+00 9.96e-01h  1
1104  3.1315482e+00 1.21e-03 5.86e-03  -5.4 3.23e-02    -  1.00e+00 1.00e+00h  1
1105  3.1290664e+00 3.03e-04 1.07e-01  -5.5 3.26e-02    -  1.00e+00 8.94e-01h  1
1106  3.1282829e+00 2.93e-04 1.80e-01  -5.3 9.37e-02    -  1.00e+00 3.48e-01h  1
1107  3.1269722e+00 4.14e-04 2.20e-01  -5.3 4.47e-01    -  4.09e-01 7.81e-02h  1
1108  3.1260492e+00 2.36e-03 1.98e-01  -4.8 1.10e+00    -  1.37e-01 1.19e-01h  1
1109  3.1288464e+00 1.20e-02 1.44e-01  -4.6 7.87e-01    -  2.38e-01 1.47e-01h  1
iter    objective    inf_pr   inf_du lg(mu)  ||d||  lg(rg) alpha_du alpha_pr  ls
1110  3.1262110e+00 9.33e-03 1.29e-01  -5.1 3.20e-01    -  7.05e-01 2.20e-01h  1
1111  3.1276256e+00 5.70e-03 1.70e-01  -5.1 3.45e-01    -  6.66e-01 3.60e-01H  1
1112  3.1303332e+00 1.70e-03 2.91e-01  -5.1 1.11e-01    -  1.00e+00 6.60e-01h  1
1113  3.1199636e+00 7.41e-04 7.36e-03  -5.1 6.78e-02    -  1.00e+00 1.00e+00f  1
1114  3.1187565e+00 5.31e-04 2.01e-02  -5.2 3.75e-02    -  1.00e+00 9.63e-01h  1
1115  3.1135390e+00 3.22e-04 3.73e-02  -5.7 3.61e-02    -  1.00e+00 8.70e-01h  1
1116  3.1120852e+00 3.53e-03 2.97e-02  -5.7 8.58e-02    -  1.00e+00 7.76e-01h  1
1117  3.1145164e+00 1.15e-03 5.10e-02  -5.3 1.79e-01    -  1.00e+00 6.46e-01H  1
1118  3.1128242e+00 1.24e-03 8.44e-02  -5.4 2.27e-01    -  6.78e-01 4.75e-01h  1
1119  3.1111767e+00 9.53e-04 4.81e-02  -5.4 1.92e-01    -  4.20e-01 3.04e-01f  2
iter    objective    inf_pr   inf_du lg(mu)  ||d||  lg(rg) alpha_du alpha_pr  ls
1120  3.1070207e+00 6.57e-04 2.34e-02  -5.9 3.86e-02    -  7.85e-01 7.33e-01h  1
1121  3.1061506e+00 2.45e-03 7.21e-02  -5.7 2.81e-02    -  1.00e+00 7.74e-01h  1
1122  3.1055938e+00 3.16e-04 4.23e-02  -5.7 9.03e-02    -  1.00e+00 8.91e-01h  1
1123  3.1048430e+00 5.97e-03 1.64e-01  -5.1 7.90e-01    -  3.63e-01 9.74e-02h  1
1124  3.1120484e+00 5.67e-03 1.36e-01  -4.4 2.41e+00    -  7.41e-02 8.36e-02h  1
1125  3.1185297e+00 1.09e-02 1.22e-01  -5.3 5.23e-01    -  3.69e-01 5.25e-01H  1
1126  3.1150039e+00 1.01e-02 3.21e-01  -5.3 3.99e-01    -  6.37e-01 6.90e-02h  1
1127  3.1060631e+00 7.04e-03 2.22e-01  -5.3 2.11e-01    -  3.05e-01 3.06e-01h  1
1128  3.1049017e+00 5.47e-04 6.57e-01  -5.3 4.16e-02    -  3.21e-01 1.00e+00f  1
1129  3.1011373e+00 1.19e-04 6.18e-03  -5.4 3.70e-02    -  1.00e+00 1.00e+00h  1
iter    objective    inf_pr   inf_du lg(mu)  ||d||  lg(rg) alpha_du alpha_pr  ls
1130  3.0993700e+00 4.60e-05 2.65e-03  -5.6 1.42e-02    -  1.00e+00 1.00e+00h  1
1131  3.0981864e+00 4.60e-05 9.25e-02  -6.2 2.92e-02    -  1.00e+00 4.70e-01h  1
1132  3.0973956e+00 4.08e-04 2.14e-01  -5.9 1.18e-01    -  1.00e+00 3.39e-01h  1
1133  3.0992878e+00 4.26e-05 9.63e-03  -5.9 6.86e-02    -  1.00e+00 9.72e-01H  1
1134  3.0967401e+00 3.40e-05 2.22e-01  -6.0 3.75e-02    -  1.00e+00 5.45e-01h  1
1135  3.0962918e+00 1.56e-03 1.81e-02  -5.7 3.90e-02    -  9.25e-01 9.31e-01h  1
1136  3.0954066e+00 1.35e-03 2.23e-03  -5.9 1.92e-02    -  1.00e+00 9.92e-01h  1
1137  3.0948747e+00 1.55e-03 6.12e-03  -6.1 4.54e-02    -  1.00e+00 9.88e-01h  1
1138  3.0993155e+00 1.88e-05 1.28e-02  -5.7 9.68e-02    -  1.00e+00 1.00e+00H  1
1139  3.0949279e+00 1.36e-04 1.59e-02  -6.4 7.41e-02    -  7.39e-01 6.72e-01h  1
iter    objective    inf_pr   inf_du lg(mu)  ||d||  lg(rg) alpha_du alpha_pr  ls
1140  3.0929824e+00 9.06e-05 3.22e-02  -5.8 6.14e-02    -  4.65e-01 3.36e-01h  1
1141  3.0930172e+00 1.06e-04 1.63e-02  -5.6 3.27e-02    -  9.41e-01 1.00e+00h  1
1142  3.0927516e+00 1.57e-03 6.80e-02  -5.6 3.01e-01    -  4.76e-01 1.65e-01h  2
1143  3.0925156e+00 1.37e-03 1.04e-01  -5.3 6.22e-01    -  4.30e-01 1.53e-01h  2
1144  3.0954935e+00 1.57e-02 9.39e-02  -4.8 2.06e+00    -  2.45e-01 1.33e-01h  1
1145  3.0944850e+00 1.42e-02 1.10e-01  -5.3 1.79e+00    -  2.33e-01 9.02e-02h  1
1146  3.0943945e+00 1.32e-02 1.50e-01  -5.3 2.38e+00    -  2.40e-01 7.09e-02h  1
1147  3.0938384e+00 1.14e-02 1.51e-01  -5.3 8.07e-01    -  2.45e-01 1.34e-01h  1
1148  3.0915336e+00 8.46e-03 1.25e-01  -5.3 2.36e-01    -  1.97e-01 2.63e-01f  1
1149  3.0905478e+00 3.89e-03 6.55e-02  -5.4 1.12e-01    -  6.48e-01 5.40e-01f  1
iter    objective    inf_pr   inf_du lg(mu)  ||d||  lg(rg) alpha_du alpha_pr  ls
1150  3.0920468e+00 5.43e-04 6.06e-02  -5.1 7.47e-02    -  1.00e+00 9.27e-01h  1
1151  3.0901205e+00 5.05e-04 8.01e-02  -5.2 1.09e-01    -  1.00e+00 5.63e-01h  1
1152  3.1064157e+00 1.89e-03 1.44e-01  -4.7 5.61e-02    -  6.51e-01 9.67e-01h  1
1153  3.0973963e+00 7.06e-04 1.04e-02  -4.9 7.45e-02    -  1.00e+00 1.00e+00h  1
1154  3.1038993e+00 4.38e-04 1.54e-02  -4.9 7.97e-02    -  1.00e+00 1.00e+00h  1
1155  3.0949180e+00 3.03e-04 5.52e-03  -4.9 7.81e-02    -  1.00e+00 1.00e+00h  1
1156  3.0953082e+00 9.42e-06 3.57e-03  -4.9 1.50e-02    -  1.00e+00 1.00e+00h  1
1157  3.0887707e+00 3.10e-04 4.34e-03  -5.2 1.28e-02    -  1.00e+00 1.00e+00h  1
1158  3.0857310e+00 3.76e-04 9.81e-02  -5.6 3.47e-02    -  1.00e+00 6.52e-01h  1
1159  3.0829684e+00 1.30e-04 2.93e-03  -5.8 1.68e-02    -  1.00e+00 9.68e-01h  1
iter    objective    inf_pr   inf_du lg(mu)  ||d||  lg(rg) alpha_du alpha_pr  ls
1160  3.0823622e+00 1.08e-04 1.27e-01  -6.1 2.90e-02    -  1.00e+00 6.95e-01h  1
1161  3.0829725e+00 1.23e-05 8.97e-04  -5.6 1.03e-02    -  1.00e+00 1.00e+00h  1

Number of Iterations....: 1161

                                   (scaled)                 (unscaled)
Objective...............:   3.0829724842004005e+00    3.0829724842004005e+00
Dual infeasibility......:   8.9710372547455359e-04    8.9710372547455359e-04
Constraint violation....:   1.2307829954316674e-05    1.2307829954316674e-05
Variable bound violation:   0.0000000000000000e+00    0.0000000000000000e+00
Complementarity.........:   3.3535581084919530e-06    3.3535581084919530e-06
Overall NLP error.......:   8.9710372547455359e-04    8.9710372547455359e-04


Number of objective function evaluations             = 2330
Number of objective gradient evaluations             = 1162
Number of equality constraint evaluations            = 2330
Number of inequality constraint evaluations          = 0
Number of equality constraint Jacobian evaluations   = 1162
Number of inequality constraint Jacobian evaluations = 0
Number of Lagrangian Hessian evaluations             = 0
Total seconds in IPOPT                               = 5442.376

EXIT: Optimal Solution Found.
         nlp  :   t_proc      (avg)   t_wall      (avg)    n_eval
callback_fun  | 221.69ms (190.78us) 524.30ms (451.20us)      1162
       nlp_f  |  30.57 s ( 13.12ms)   8.03 s (  3.45ms)      2330
       nlp_g  | 254.65 s (109.29ms)  33.52 s ( 14.39ms)      2330
  nlp_grad_f  |   1.51ks (  1.30 s) 165.21 s (141.94ms)      1164
   nlp_jac_g  |  41.92ks ( 36.04 s)   4.00ks (  3.44 s)      1163
       total  |  55.72ks ( 55.72ks)   5.44ks (  5.44ks)         1

Breakdown of objective (including weights):
  marker_tracking: 2.34257
  control_effort: 0.60321
  accelerations: 0.137196
[info] Set log level to Info.
[info] ------------------------------------------------------------------------
[info] Elapsed real time: 5512 second(s) (1 hour(s), 31 minute(s), 52 second(s)).
[info] Sat May 30 13:47:53 2026
[info] MocoCasADiSolver succeeded!
[info] ========================================================================
[info] Storage: read data file = SRRun01_grf.mot (nr=10005 nc=19)
[info] ExternalForce::RightGRF Data source being set to SRRun01_grf
[info] ExternalForce::LeftGRF Data source being set to SRRun01_grf
[warning] Ignoring output /forceset/addbrev_r|implicitenabled_normalized_tendon_force of type bool.
[warning] Ignoring output /forceset/addbrev_r|statebounds_normalized_tendon_force of type Vec2.
[warning] Ignoring output /forceset/addlong_r|implicitenabled_normalized_tendon_force of type bool.
[warning] Ignoring output /forceset/addlong_r|statebounds_normalized_tendon_force of type Vec2.
[warning] Ignoring output /forceset/addmagDist_r|implicitenabled_normalized_tendon_force of type bool.
[warning] Ignoring output /forceset/addmagDist_r|statebounds_normalized_tendon_force of type Vec2.
[warning] Ignoring output /forceset/addmagIsch_r|implicitenabled_normalized_tendon_force of type bool.
[warning] Ignoring output /forceset/addmagIsch_r|statebounds_normalized_tendon_force of type Vec2.
[warning] Ignoring output /forceset/addmagMid_r|implicitenabled_normalized_tendon_force of type bool.
[warning] Ignoring output /forceset/addmagMid_r|statebounds_normalized_tendon_force of type Vec2.
[warning] Ignoring output /forceset/addmagProx_r|implicitenabled_normalized_tendon_force of type bool.
[warning] Ignoring output /forceset/addmagProx_r|statebounds_normalized_tendon_force of type Vec2.
[warning] Ignoring output /forceset/bflh_r|implicitenabled_normalized_tendon_force of type bool.
[warning] Ignoring output /forceset/bflh_r|statebounds_normalized_tendon_force of type Vec2.
[warning] Ignoring output /forceset/bfsh_r|implicitenabled_normalized_tendon_force of type bool.
[warning] Ignoring output /forceset/bfsh_r|statebounds_normalized_tendon_force of type Vec2.
[warning] Ignoring output /forceset/edl_r|implicitenabled_normalized_tendon_force of type bool.
[warning] Ignoring output /forceset/edl_r|statebounds_normalized_tendon_force of type Vec2.
[warning] Ignoring output /forceset/ehl_r|implicitenabled_normalized_tendon_force of type bool.
[warning] Ignoring output /forceset/ehl_r|statebounds_normalized_tendon_force of type Vec2.
[warning] Ignoring output /forceset/fdl_r|implicitenabled_normalized_tendon_force of type bool.
[warning] Ignoring output /forceset/fdl_r|statebounds_normalized_tendon_force of type Vec2.
[warning] Ignoring output /forceset/fhl_r|implicitenabled_normalized_tendon_force of type bool.
[warning] Ignoring output /forceset/fhl_r|statebounds_normalized_tendon_force of type Vec2.
[warning] Ignoring output /forceset/gaslat_r|implicitenabled_normalized_tendon_force of type bool.
[warning] Ignoring output /forceset/gaslat_r|statebounds_normalized_tendon_force of type Vec2.
[warning] Ignoring output /forceset/gasmed_r|implicitenabled_normalized_tendon_force of type bool.
[warning] Ignoring output /forceset/gasmed_r|statebounds_normalized_tendon_force of type Vec2.
[warning] Ignoring output /forceset/glmax1_r|implicitenabled_normalized_tendon_force of type bool.
[warning] Ignoring output /forceset/glmax1_r|statebounds_normalized_tendon_force of type Vec2.
[warning] Ignoring output /forceset/glmax2_r|implicitenabled_normalized_tendon_force of type bool.
[warning] Ignoring output /forceset/glmax2_r|statebounds_normalized_tendon_force of type Vec2.
[warning] Ignoring output /forceset/glmax3_r|implicitenabled_normalized_tendon_force of type bool.
[warning] Ignoring output /forceset/glmax3_r|statebounds_normalized_tendon_force of type Vec2.
[warning] Ignoring output /forceset/glmed1_r|implicitenabled_normalized_tendon_force of type bool.
[warning] Ignoring output /forceset/glmed1_r|statebounds_normalized_tendon_force of type Vec2.
[warning] Ignoring output /forceset/glmed2_r|implicitenabled_normalized_tendon_force of type bool.
[warning] Ignoring output /forceset/glmed2_r|statebounds_normalized_tendon_force of type Vec2.
[warning] Ignoring output /forceset/glmed3_r|implicitenabled_normalized_tendon_force of type bool.
[warning] Ignoring output /forceset/glmed3_r|statebounds_normalized_tendon_force of type Vec2.
[warning] Ignoring output /forceset/glmin1_r|implicitenabled_normalized_tendon_force of type bool.
[warning] Ignoring output /forceset/glmin1_r|statebounds_normalized_tendon_force of type Vec2.
[warning] Ignoring output /forceset/glmin2_r|implicitenabled_normalized_tendon_force of type bool.
[warning] Ignoring output /forceset/glmin2_r|statebounds_normalized_tendon_force of type Vec2.
[warning] Ignoring output /forceset/glmin3_r|implicitenabled_normalized_tendon_force of type bool.
[warning] Ignoring output /forceset/glmin3_r|statebounds_normalized_tendon_force of type Vec2.
[warning] Ignoring output /forceset/grac_r|implicitenabled_normalized_tendon_force of type bool.
[warning] Ignoring output /forceset/grac_r|statebounds_normalized_tendon_force of type Vec2.
[warning] Ignoring output /forceset/iliacus_r|implicitenabled_normalized_tendon_force of type bool.
[warning] Ignoring output /forceset/iliacus_r|statebounds_normalized_tendon_force of type Vec2.
[warning] Ignoring output /forceset/perbrev_r|implicitenabled_normalized_tendon_force of type bool.
[warning] Ignoring output /forceset/perbrev_r|statebounds_normalized_tendon_force of type Vec2.
[warning] Ignoring output /forceset/perlong_r|implicitenabled_normalized_tendon_force of type bool.
[warning] Ignoring output /forceset/perlong_r|statebounds_normalized_tendon_force of type Vec2.
[warning] Ignoring output /forceset/piri_r|implicitenabled_normalized_tendon_force of type bool.
[warning] Ignoring output /forceset/piri_r|statebounds_normalized_tendon_force of type Vec2.
[warning] Ignoring output /forceset/psoas_r|implicitenabled_normalized_tendon_force of type bool.
[warning] Ignoring output /forceset/psoas_r|statebounds_normalized_tendon_force of type Vec2.
[warning] Ignoring output /forceset/recfem_r|implicitenabled_normalized_tendon_force of type bool.
[warning] Ignoring output /forceset/recfem_r|statebounds_normalized_tendon_force of type Vec2.
[warning] Ignoring output /forceset/sart_r|implicitenabled_normalized_tendon_force of type bool.
[warning] Ignoring output /forceset/sart_r|statebounds_normalized_tendon_force of type Vec2.
[warning] Ignoring output /forceset/semimem_r|implicitenabled_normalized_tendon_force of type bool.
[warning] Ignoring output /forceset/semimem_r|statebounds_normalized_tendon_force of type Vec2.
[warning] Ignoring output /forceset/semiten_r|implicitenabled_normalized_tendon_force of type bool.
[warning] Ignoring output /forceset/semiten_r|statebounds_normalized_tendon_force of type Vec2.
[warning] Ignoring output /forceset/soleus_r|implicitenabled_normalized_tendon_force of type bool.
[warning] Ignoring output /forceset/soleus_r|statebounds_normalized_tendon_force of type Vec2.
[warning] Ignoring output /forceset/tfl_r|implicitenabled_normalized_tendon_force of type bool.
[warning] Ignoring output /forceset/tfl_r|statebounds_normalized_tendon_force of type Vec2.
[warning] Ignoring output /forceset/tibant_r|implicitenabled_normalized_tendon_force of type bool.
[warning] Ignoring output /forceset/tibant_r|statebounds_normalized_tendon_force of type Vec2.
[warning] Ignoring output /forceset/tibpost_r|implicitenabled_normalized_tendon_force of type bool.
[warning] Ignoring output /forceset/tibpost_r|statebounds_normalized_tendon_force of type Vec2.
[warning] Ignoring output /forceset/vasint_r|implicitenabled_normalized_tendon_force of type bool.
[warning] Ignoring output /forceset/vasint_r|statebounds_normalized_tendon_force of type Vec2.
[warning] Ignoring output /forceset/vaslat_r|implicitenabled_normalized_tendon_force of type bool.
[warning] Ignoring output /forceset/vaslat_r|statebounds_normalized_tendon_force of type Vec2.
[warning] Ignoring output /forceset/vasmed_r|implicitenabled_normalized_tendon_force of type bool.
[warning] Ignoring output /forceset/vasmed_r|statebounds_normalized_tendon_force of type Vec2.
[info] Storage: read data file = SRRun01_grf.mot (nr=10005 nc=19)
[info] ExternalForce::RightGRF Data source being set to SRRun01_grf
[info] ExternalForce::LeftGRF Data source being set to SRRun01_grf
[info] Storage: read data file = SRRun01_grf.mot (nr=10005 nc=19)
[info] ExternalForce::RightGRF Data source being set to SRRun01_grf
[info] ExternalForce::LeftGRF Data source being set to SRRun01_grf
[info] Storage: read data file = SRRun01_grf.mot (nr=10005 nc=19)
[info] ExternalForce::RightGRF Data source being set to SRRun01_grf
[info] ExternalForce::LeftGRF Data source being set to SRRun01_grf
[info] Storage: read data file = SRRun01_grf.mot (nr=10005 nc=19)
[info] ExternalForce::RightGRF Data source being set to SRRun01_grf
[info] ExternalForce::LeftGRF Data source being set to SRRun01_grf
[info] Storage: read data file = SRRun01_grf.mot (nr=10005 nc=19)
[info] ExternalForce::RightGRF Data source being set to SRRun01_grf
[info] ExternalForce::LeftGRF Data source being set to SRRun01_grf
