[info] Loaded model HA28_complex from file ../../../../../data/Loone2025/HA28/scaling/HA28_complex.osim
[info] Storage: read data file = SRRun01_grf.mot (nr=10005 nc=19)
[info] ExternalForce::RightGRF Data source being set to SRRun01_grf
[info] ExternalForce::LeftGRF Data source being set to SRRun01_grf
[info] Storage: read data file = SRRun01_grf.mot (nr=10005 nc=19)
[info] ExternalForce::RightGRF Data source being set to SRRun01_grf
[info] ExternalForce::LeftGRF Data source being set to SRRun01_grf
[info] Loaded model HA28_complex from file HA28_SRRun_dynamic-optimisation_complex.osim
[info] Storage: read data file = SRRun01_grf.mot (nr=10005 nc=19)
[info] ExternalForce::RightGRF Data source being set to SRRun01_grf
[info] ExternalForce::LeftGRF Data source being set to SRRun01_grf
[info] Storage: read data file = SRRun01_grf.mot (nr=10005 nc=19)
[info] ExternalForce::RightGRF Data source being set to SRRun01_grf
[info] ExternalForce::LeftGRF Data source being set to SRRun01_grf
[info] Loaded model HA28_complex from file HA28_SRRun_dynamic-optimisation_complex.osim
[info] Storage: read data file = SRRun01_grf.mot (nr=10005 nc=19)
[info] ExternalForce::RightGRF Data source being set to SRRun01_grf
[info] ExternalForce::LeftGRF Data source being set to SRRun01_grf
[info] Storage: read data file = SRRun01_grf.mot (nr=10005 nc=19)
[info] ExternalForce::RightGRF Data source being set to SRRun01_grf
[info] ExternalForce::LeftGRF Data source being set to SRRun01_grf
[info] Storage: read data file = SRRun01_grf.mot (nr=10005 nc=19)
[info] ExternalForce::RightGRF Data source being set to SRRun01_grf
[info] ExternalForce::LeftGRF Data source being set to SRRun01_grf
[info] Storage: read data file = SRRun01_grf.mot (nr=10005 nc=19)
[info] ExternalForce::RightGRF Data source being set to SRRun01_grf
[info] ExternalForce::LeftGRF Data source being set to SRRun01_grf
[info] Storage: read data file = SRRun01_grf.mot (nr=10005 nc=19)
[info] ExternalForce::RightGRF Data source being set to SRRun01_grf
[info] ExternalForce::LeftGRF Data source being set to SRRun01_grf
[info] Storage: read data file = SRRun01_grf.mot (nr=10005 nc=19)
[info] ExternalForce::RightGRF Data source being set to SRRun01_grf
[info] ExternalForce::LeftGRF Data source being set to SRRun01_grf
[info] Storage: read data file = SRRun01_grf.mot (nr=10005 nc=19)
[info] ExternalForce::RightGRF Data source being set to SRRun01_grf
[info] ExternalForce::LeftGRF Data source being set to SRRun01_grf
[info] Storage: read data file = SRRun01_grf.mot (nr=10005 nc=19)
[info] ExternalForce::RightGRF Data source being set to SRRun01_grf
[info] ExternalForce::LeftGRF Data source being set to SRRun01_grf
[info] Storage: read data file = SRRun01_grf.mot (nr=10005 nc=19)
[info] ExternalForce::RightGRF Data source being set to SRRun01_grf
[info] ExternalForce::LeftGRF Data source being set to SRRun01_grf
[info] Storage: read data file = SRRun01_grf.mot (nr=10005 nc=19)
[info] ExternalForce::RightGRF Data source being set to SRRun01_grf
[info] ExternalForce::LeftGRF Data source being set to SRRun01_grf
[info] Storage: read data file = SRRun01_grf.mot (nr=10005 nc=19)
[info] ExternalForce::RightGRF Data source being set to SRRun01_grf
[info] ExternalForce::LeftGRF Data source being set to SRRun01_grf
[info] Storage: read data file = SRRun01_grf.mot (nr=10005 nc=19)
[info] ExternalForce::RightGRF Data source being set to SRRun01_grf
[info] ExternalForce::LeftGRF Data source being set to SRRun01_grf
[info] Storage: read data file = SRRun01_grf.mot (nr=10005 nc=19)
[info] ExternalForce::RightGRF Data source being set to SRRun01_grf
[info] ExternalForce::LeftGRF Data source being set to SRRun01_grf
[info] Storage: read data file = SRRun01_grf.mot (nr=10005 nc=19)
[info] ExternalForce::RightGRF Data source being set to SRRun01_grf
[info] ExternalForce::LeftGRF Data source being set to SRRun01_grf
[info] Storage: read data file = SRRun01_grf.mot (nr=10005 nc=19)
[info] ExternalForce::RightGRF Data source being set to SRRun01_grf
[info] ExternalForce::LeftGRF Data source being set to SRRun01_grf
[info] Storage: read data file = SRRun01_grf.mot (nr=10005 nc=19)
[info] ExternalForce::RightGRF Data source being set to SRRun01_grf
[info] ExternalForce::LeftGRF Data source being set to SRRun01_grf
[info] Storage: read data file = SRRun01_grf.mot (nr=10005 nc=19)
[info] ExternalForce::RightGRF Data source being set to SRRun01_grf
[info] ExternalForce::LeftGRF Data source being set to SRRun01_grf
[info] Storage: read data file = SRRun01_grf.mot (nr=10005 nc=19)
[info] ExternalForce::RightGRF Data source being set to SRRun01_grf
[info] ExternalForce::LeftGRF Data source being set to SRRun01_grf
[info] Storage: read data file = SRRun01_grf.mot (nr=10005 nc=19)
[info] ExternalForce::RightGRF Data source being set to SRRun01_grf
[info] ExternalForce::LeftGRF Data source being set to SRRun01_grf
[info] Storage: read data file = SRRun01_grf.mot (nr=10005 nc=19)
[info] ExternalForce::RightGRF Data source being set to SRRun01_grf
[info] ExternalForce::LeftGRF Data source being set to SRRun01_grf
[info] Storage: read data file = SRRun01_grf.mot (nr=10005 nc=19)
[info] ExternalForce::RightGRF Data source being set to SRRun01_grf
[info] ExternalForce::LeftGRF Data source being set to SRRun01_grf
[info] Storage: read data file = SRRun01_grf.mot (nr=10005 nc=19)
[info] ExternalForce::RightGRF Data source being set to SRRun01_grf
[info] ExternalForce::LeftGRF Data source being set to SRRun01_grf
[info] Storage: read data file = SRRun01_grf.mot (nr=10005 nc=19)
[info] ExternalForce::RightGRF Data source being set to SRRun01_grf
[info] ExternalForce::LeftGRF Data source being set to SRRun01_grf
[info] Storage: read data file = SRRun01_grf.mot (nr=10005 nc=19)
[info] ExternalForce::RightGRF Data source being set to SRRun01_grf
[info] ExternalForce::LeftGRF Data source being set to SRRun01_grf
[info] Storage: read data file = SRRun01_grf.mot (nr=10005 nc=19)
[info] ExternalForce::RightGRF Data source being set to SRRun01_grf
[info] ExternalForce::LeftGRF Data source being set to SRRun01_grf
[info] Storage: read data file = SRRun01_grf.mot (nr=10005 nc=19)
[info] ExternalForce::RightGRF Data source being set to SRRun01_grf
[info] ExternalForce::LeftGRF Data source being set to SRRun01_grf
[info] Storage: read data file = SRRun01_grf.mot (nr=10005 nc=19)
[info] ExternalForce::RightGRF Data source being set to SRRun01_grf
[info] ExternalForce::LeftGRF Data source being set to SRRun01_grf
[info] Storage: read data file = SRRun01_grf.mot (nr=10005 nc=19)
[info] ExternalForce::RightGRF Data source being set to SRRun01_grf
[info] ExternalForce::LeftGRF Data source being set to SRRun01_grf
[info] Storage: read data file = SRRun01_grf.mot (nr=10005 nc=19)
[info] ExternalForce::RightGRF Data source being set to SRRun01_grf
[info] ExternalForce::LeftGRF Data source being set to SRRun01_grf
[info] Storage: read data file = SRRun01_grf.mot (nr=10005 nc=19)
[info] ExternalForce::RightGRF Data source being set to SRRun01_grf
[info] ExternalForce::LeftGRF Data source being set to SRRun01_grf
[info] Storage: read data file = SRRun01_grf.mot (nr=10005 nc=19)
[info] ExternalForce::RightGRF Data source being set to SRRun01_grf
[info] ExternalForce::LeftGRF Data source being set to SRRun01_grf
[info] Storage: read data file = SRRun01_grf.mot (nr=10005 nc=19)
[info] ExternalForce::RightGRF Data source being set to SRRun01_grf
[info] ExternalForce::LeftGRF Data source being set to SRRun01_grf
[info] Storage: read data file = SRRun01_grf.mot (nr=10005 nc=19)
[info] ExternalForce::RightGRF Data source being set to SRRun01_grf
[info] ExternalForce::LeftGRF Data source being set to SRRun01_grf
[info] Storage: read data file = SRRun01_grf.mot (nr=10005 nc=19)
[info] ExternalForce::RightGRF Data source being set to SRRun01_grf
[info] ExternalForce::LeftGRF Data source being set to SRRun01_grf
[info] Storage: read data file = SRRun01_grf.mot (nr=10005 nc=19)
[info] ExternalForce::RightGRF Data source being set to SRRun01_grf
[info] ExternalForce::LeftGRF Data source being set to SRRun01_grf
[info] Storage: read data file = SRRun01_grf.mot (nr=10005 nc=19)
[info] ExternalForce::RightGRF Data source being set to SRRun01_grf
[info] ExternalForce::LeftGRF Data source being set to SRRun01_grf
[info] Storage: read data file = SRRun01_grf.mot (nr=10005 nc=19)
[info] ExternalForce::RightGRF Data source being set to SRRun01_grf
[info] ExternalForce::LeftGRF Data source being set to SRRun01_grf
[info] Storage: read data file = SRRun01_grf.mot (nr=10005 nc=19)
[info] ExternalForce::RightGRF Data source being set to SRRun01_grf
[info] ExternalForce::LeftGRF Data source being set to SRRun01_grf
[info] Storage: read data file = SRRun01_grf.mot (nr=10005 nc=19)
[info] ExternalForce::RightGRF Data source being set to SRRun01_grf
[info] ExternalForce::LeftGRF Data source being set to SRRun01_grf
[info] Storage: read data file = SRRun01_grf.mot (nr=10005 nc=19)
[info] ExternalForce::RightGRF Data source being set to SRRun01_grf
[info] ExternalForce::LeftGRF Data source being set to SRRun01_grf
[info] Storage: read data file = SRRun01_grf.mot (nr=10005 nc=19)
[info] ExternalForce::RightGRF Data source being set to SRRun01_grf
[info] ExternalForce::LeftGRF Data source being set to SRRun01_grf
[info] Storage: read data file = SRRun01_grf.mot (nr=10005 nc=19)
[info] ExternalForce::RightGRF Data source being set to SRRun01_grf
[info] ExternalForce::LeftGRF Data source being set to SRRun01_grf
[info] Storage: read data file = SRRun01_grf.mot (nr=10005 nc=19)
[info] ExternalForce::RightGRF Data source being set to SRRun01_grf
[info] ExternalForce::LeftGRF Data source being set to SRRun01_grf
[info] Storage: read data file = SRRun01_grf.mot (nr=10005 nc=19)
[info] ExternalForce::RightGRF Data source being set to SRRun01_grf
[info] ExternalForce::LeftGRF Data source being set to SRRun01_grf
[info] Storage: read data file = SRRun01_grf.mot (nr=10005 nc=19)
[info] ExternalForce::RightGRF Data source being set to SRRun01_grf
[info] ExternalForce::LeftGRF Data source being set to SRRun01_grf
[info] Storage: read data file = SRRun01_grf.mot (nr=10005 nc=19)
[info] ExternalForce::RightGRF Data source being set to SRRun01_grf
[info] ExternalForce::LeftGRF Data source being set to SRRun01_grf
[info] Storage: read data file = SRRun01_grf.mot (nr=10005 nc=19)
[info] ExternalForce::RightGRF Data source being set to SRRun01_grf
[info] ExternalForce::LeftGRF Data source being set to SRRun01_grf
[info] Storage: read data file = SRRun01_grf.mot (nr=10005 nc=19)
[info] ExternalForce::RightGRF Data source being set to SRRun01_grf
[info] ExternalForce::LeftGRF Data source being set to SRRun01_grf
[info] Storage: read data file = SRRun01_grf.mot (nr=10005 nc=19)
[info] ExternalForce::RightGRF Data source being set to SRRun01_grf
[info] ExternalForce::LeftGRF Data source being set to SRRun01_grf
[info] Storage: read data file = SRRun01_grf.mot (nr=10005 nc=19)
[info] ExternalForce::RightGRF Data source being set to SRRun01_grf
[info] ExternalForce::LeftGRF Data source being set to SRRun01_grf
[info] Storage: read data file = SRRun01_grf.mot (nr=10005 nc=19)
[info] ExternalForce::RightGRF Data source being set to SRRun01_grf
[info] ExternalForce::LeftGRF Data source being set to SRRun01_grf
[info] Storage: read data file = SRRun01_grf.mot (nr=10005 nc=19)
[info] ExternalForce::RightGRF Data source being set to SRRun01_grf
[info] ExternalForce::LeftGRF Data source being set to SRRun01_grf
[info] Storage: read data file = SRRun01_grf.mot (nr=10005 nc=19)
[info] ExternalForce::RightGRF Data source being set to SRRun01_grf
[info] ExternalForce::LeftGRF Data source being set to SRRun01_grf
[info] Storage: read data file = SRRun01_grf.mot (nr=10005 nc=19)
[info] ExternalForce::RightGRF Data source being set to SRRun01_grf
[info] ExternalForce::LeftGRF Data source being set to SRRun01_grf
[info] Storage: read data file = SRRun01_grf.mot (nr=10005 nc=19)
[info] ExternalForce::RightGRF Data source being set to SRRun01_grf
[info] ExternalForce::LeftGRF Data source being set to SRRun01_grf
[info] Storage: read data file = SRRun01_grf.mot (nr=10005 nc=19)
[info] ExternalForce::RightGRF Data source being set to SRRun01_grf
[info] ExternalForce::LeftGRF Data source being set to SRRun01_grf
[info] Storage: read data file = SRRun01_grf.mot (nr=10005 nc=19)
[info] ExternalForce::RightGRF Data source being set to SRRun01_grf
[info] ExternalForce::LeftGRF Data source being set to SRRun01_grf
[info] Storage: read data file = SRRun01_grf.mot (nr=10005 nc=19)
[info] ExternalForce::RightGRF Data source being set to SRRun01_grf
[info] ExternalForce::LeftGRF Data source being set to SRRun01_grf
[info] Storage: read data file = SRRun01_grf.mot (nr=10005 nc=19)
[info] ExternalForce::RightGRF Data source being set to SRRun01_grf
[info] ExternalForce::LeftGRF Data source being set to SRRun01_grf
[info] Storage: read data file = SRRun01_grf.mot (nr=10005 nc=19)
[info] ExternalForce::RightGRF Data source being set to SRRun01_grf
[info] ExternalForce::LeftGRF Data source being set to SRRun01_grf
[info] Storage: read data file = SRRun01_grf.mot (nr=10005 nc=19)
[info] ExternalForce::RightGRF Data source being set to SRRun01_grf
[info] ExternalForce::LeftGRF Data source being set to SRRun01_grf
[info] Storage: read data file = SRRun01_grf.mot (nr=10005 nc=19)
[info] ExternalForce::RightGRF Data source being set to SRRun01_grf
[info] ExternalForce::LeftGRF Data source being set to SRRun01_grf
[info] Storage: read data file = SRRun01_grf.mot (nr=10005 nc=19)
[info] ExternalForce::RightGRF Data source being set to SRRun01_grf
[info] ExternalForce::LeftGRF Data source being set to SRRun01_grf
[info] Storage: read data file = SRRun01_grf.mot (nr=10005 nc=19)
[info] ExternalForce::RightGRF Data source being set to SRRun01_grf
[info] ExternalForce::LeftGRF Data source being set to SRRun01_grf
[info] Storage: read data file = SRRun01_grf.mot (nr=10005 nc=19)
[info] ExternalForce::RightGRF Data source being set to SRRun01_grf
[info] ExternalForce::LeftGRF Data source being set to SRRun01_grf
[info] Storage: read data file = SRRun01_grf.mot (nr=10005 nc=19)
[info] ExternalForce::RightGRF Data source being set to SRRun01_grf
[info] ExternalForce::LeftGRF Data source being set to SRRun01_grf
[info] Storage: read data file = SRRun01_grf.mot (nr=10005 nc=19)
[info] ExternalForce::RightGRF Data source being set to SRRun01_grf
[info] ExternalForce::LeftGRF Data source being set to SRRun01_grf
[info] Storage: read data file = SRRun01_grf.mot (nr=10005 nc=19)
[info] ExternalForce::RightGRF Data source being set to SRRun01_grf
[info] ExternalForce::LeftGRF Data source being set to SRRun01_grf
[info] Storage: read data file = SRRun01_grf.mot (nr=10005 nc=19)
[info] ExternalForce::RightGRF Data source being set to SRRun01_grf
[info] ExternalForce::LeftGRF Data source being set to SRRun01_grf
[info] Storage: read data file = SRRun01_grf.mot (nr=10005 nc=19)
[info] ExternalForce::RightGRF Data source being set to SRRun01_grf
[info] ExternalForce::LeftGRF Data source being set to SRRun01_grf
[info] Storage: read data file = SRRun01_grf.mot (nr=10005 nc=19)
[info] ExternalForce::RightGRF Data source being set to SRRun01_grf
[info] ExternalForce::LeftGRF Data source being set to SRRun01_grf
[info] Storage: read data file = SRRun01_grf.mot (nr=10005 nc=19)
[info] ExternalForce::RightGRF Data source being set to SRRun01_grf
[info] ExternalForce::LeftGRF Data source being set to SRRun01_grf
[info] Storage: read data file = SRRun01_grf.mot (nr=10005 nc=19)
[info] ExternalForce::RightGRF Data source being set to SRRun01_grf
[info] ExternalForce::LeftGRF Data source being set to SRRun01_grf
[info] Storage: read data file = SRRun01_grf.mot (nr=10005 nc=19)
[info] ExternalForce::RightGRF Data source being set to SRRun01_grf
[info] ExternalForce::LeftGRF Data source being set to SRRun01_grf
[info] Storage: read data file = SRRun01_grf.mot (nr=10005 nc=19)
[info] ExternalForce::RightGRF Data source being set to SRRun01_grf
[info] ExternalForce::LeftGRF Data source being set to SRRun01_grf
[info] Storage: read data file = SRRun01_grf.mot (nr=10005 nc=19)
[info] ExternalForce::RightGRF Data source being set to SRRun01_grf
[info] ExternalForce::LeftGRF Data source being set to SRRun01_grf
[info] Storage: read data file = SRRun01_grf.mot (nr=10005 nc=19)
[info] ExternalForce::RightGRF Data source being set to SRRun01_grf
[info] ExternalForce::LeftGRF Data source being set to SRRun01_grf
[info] Storage: read data file = SRRun01_grf.mot (nr=10005 nc=19)
[info] ExternalForce::RightGRF Data source being set to SRRun01_grf
[info] ExternalForce::LeftGRF Data source being set to SRRun01_grf
[info] Storage: read data file = SRRun01_grf.mot (nr=10005 nc=19)
[info] ExternalForce::RightGRF Data source being set to SRRun01_grf
[info] ExternalForce::LeftGRF Data source being set to SRRun01_grf
[info] Storage: read data file = SRRun01_grf.mot (nr=10005 nc=19)
[info] ExternalForce::RightGRF Data source being set to SRRun01_grf
[info] ExternalForce::LeftGRF Data source being set to SRRun01_grf
[info] Storage: read data file = SRRun01_grf.mot (nr=10005 nc=19)
[info] ExternalForce::RightGRF Data source being set to SRRun01_grf
[info] ExternalForce::LeftGRF Data source being set to SRRun01_grf
[info] Storage: read data file = SRRun01_grf.mot (nr=10005 nc=19)
[info] ExternalForce::RightGRF Data source being set to SRRun01_grf
[info] ExternalForce::LeftGRF Data source being set to SRRun01_grf
[info] Storage: read data file = SRRun01_grf.mot (nr=10005 nc=19)
[info] ExternalForce::RightGRF Data source being set to SRRun01_grf
[info] ExternalForce::LeftGRF Data source being set to SRRun01_grf
[info] Storage: read data file = SRRun01_grf.mot (nr=10005 nc=19)
[info] ExternalForce::RightGRF Data source being set to SRRun01_grf
[info] ExternalForce::LeftGRF Data source being set to SRRun01_grf
[info] Storage: read data file = SRRun01_grf.mot (nr=10005 nc=19)
[info] ExternalForce::RightGRF Data source being set to SRRun01_grf
[info] ExternalForce::LeftGRF Data source being set to SRRun01_grf
[info] Storage: read data file = SRRun01_grf.mot (nr=10005 nc=19)
[info] ExternalForce::RightGRF Data source being set to SRRun01_grf
[info] ExternalForce::LeftGRF Data source being set to SRRun01_grf
[info] Storage: read data file = SRRun01_grf.mot (nr=10005 nc=19)
[info] ExternalForce::RightGRF Data source being set to SRRun01_grf
[info] ExternalForce::LeftGRF Data source being set to SRRun01_grf
[info] Storage: read data file = SRRun01_grf.mot (nr=10005 nc=19)
[info] ExternalForce::RightGRF Data source being set to SRRun01_grf
[info] ExternalForce::LeftGRF Data source being set to SRRun01_grf
[info] Storage: read data file = SRRun01_grf.mot (nr=10005 nc=19)
[info] ExternalForce::RightGRF Data source being set to SRRun01_grf
[info] ExternalForce::LeftGRF Data source being set to SRRun01_grf
[info] Storage: read data file = SRRun01_grf.mot (nr=10005 nc=19)
[info] ExternalForce::RightGRF Data source being set to SRRun01_grf
[info] ExternalForce::LeftGRF Data source being set to SRRun01_grf
[info] Storage: read data file = SRRun01_grf.mot (nr=10005 nc=19)
[info] ExternalForce::RightGRF Data source being set to SRRun01_grf
[info] ExternalForce::LeftGRF Data source being set to SRRun01_grf
[info] Storage: read data file = SRRun01_grf.mot (nr=10005 nc=19)
[info] ExternalForce::RightGRF Data source being set to SRRun01_grf
[info] ExternalForce::LeftGRF Data source being set to SRRun01_grf
[info] Storage: read data file = SRRun01_grf.mot (nr=10005 nc=19)
[info] ExternalForce::RightGRF Data source being set to SRRun01_grf
[info] ExternalForce::LeftGRF Data source being set to SRRun01_grf
[info] Storage: read data file = SRRun01_grf.mot (nr=10005 nc=19)
[info] ExternalForce::RightGRF Data source being set to SRRun01_grf
[info] ExternalForce::LeftGRF Data source being set to SRRun01_grf
[info] Storage: read data file = SRRun01_grf.mot (nr=10005 nc=19)
[info] ExternalForce::RightGRF Data source being set to SRRun01_grf
[info] ExternalForce::LeftGRF Data source being set to SRRun01_grf
[info] Storage: read data file = SRRun01_grf.mot (nr=10005 nc=19)
[info] ExternalForce::RightGRF Data source being set to SRRun01_grf
[info] ExternalForce::LeftGRF Data source being set to SRRun01_grf
[info] Storage: read data file = SRRun01_grf.mot (nr=10005 nc=19)
[info] ExternalForce::RightGRF Data source being set to SRRun01_grf
[info] ExternalForce::LeftGRF Data source being set to SRRun01_grf
[info] Storage: read data file = SRRun01_grf.mot (nr=10005 nc=19)
[info] ExternalForce::RightGRF Data source being set to SRRun01_grf
[info] ExternalForce::LeftGRF Data source being set to SRRun01_grf
[info] Storage: read data file = SRRun01_grf.mot (nr=10005 nc=19)
[info] ExternalForce::RightGRF Data source being set to SRRun01_grf
[info] ExternalForce::LeftGRF Data source being set to SRRun01_grf
[info] Storage: read data file = SRRun01_grf.mot (nr=10005 nc=19)
[info] ExternalForce::RightGRF Data source being set to SRRun01_grf
[info] ExternalForce::LeftGRF Data source being set to SRRun01_grf
[info] Storage: read data file = SRRun01_grf.mot (nr=10005 nc=19)
[info] ExternalForce::RightGRF Data source being set to SRRun01_grf
[info] ExternalForce::LeftGRF Data source being set to SRRun01_grf
[info] Storage: read data file = SRRun01_grf.mot (nr=10005 nc=19)
[info] ExternalForce::RightGRF Data source being set to SRRun01_grf
[info] ExternalForce::LeftGRF Data source being set to SRRun01_grf
[info] Storage: read data file = SRRun01_grf.mot (nr=10005 nc=19)
[info] ExternalForce::RightGRF Data source being set to SRRun01_grf
[info] ExternalForce::LeftGRF Data source being set to SRRun01_grf
[info] Storage: read data file = SRRun01_grf.mot (nr=10005 nc=19)
[info] ExternalForce::RightGRF Data source being set to SRRun01_grf
[info] ExternalForce::LeftGRF Data source being set to SRRun01_grf
[info] Storage: read data file = SRRun01_grf.mot (nr=10005 nc=19)
[info] ExternalForce::RightGRF Data source being set to SRRun01_grf
[info] ExternalForce::LeftGRF Data source being set to SRRun01_grf
[info] Storage: read data file = SRRun01_grf.mot (nr=10005 nc=19)
[info] ExternalForce::RightGRF Data source being set to SRRun01_grf
[info] ExternalForce::LeftGRF Data source being set to SRRun01_grf
[info] Storage: read data file = SRRun01_grf.mot (nr=10005 nc=19)
[info] ExternalForce::RightGRF Data source being set to SRRun01_grf
[info] ExternalForce::LeftGRF Data source being set to SRRun01_grf
[info] Storage: read data file = SRRun01_grf.mot (nr=10005 nc=19)
[info] ExternalForce::RightGRF Data source being set to SRRun01_grf
[info] ExternalForce::LeftGRF Data source being set to SRRun01_grf
[info] Storage: read data file = SRRun01_grf.mot (nr=10005 nc=19)
[info] ExternalForce::RightGRF Data source being set to SRRun01_grf
[info] ExternalForce::LeftGRF Data source being set to SRRun01_grf
[info] Storage: read data file = SRRun01_grf.mot (nr=10005 nc=19)
[info] ExternalForce::RightGRF Data source being set to SRRun01_grf
[info] ExternalForce::LeftGRF Data source being set to SRRun01_grf
[info] Storage: read data file = SRRun01_grf.mot (nr=10005 nc=19)
[info] ExternalForce::RightGRF Data source being set to SRRun01_grf
[info] ExternalForce::LeftGRF Data source being set to SRRun01_grf
[info] Storage: read data file = SRRun01_grf.mot (nr=10005 nc=19)
[info] ExternalForce::RightGRF Data source being set to SRRun01_grf
[info] ExternalForce::LeftGRF Data source being set to SRRun01_grf
[info] Storage: read data file = SRRun01_grf.mot (nr=10005 nc=19)
[info] ExternalForce::RightGRF Data source being set to SRRun01_grf
[info] ExternalForce::LeftGRF Data source being set to SRRun01_grf
[info] Storage: read data file = SRRun01_grf.mot (nr=10005 nc=19)
[info] ExternalForce::RightGRF Data source being set to SRRun01_grf
[info] ExternalForce::LeftGRF Data source being set to SRRun01_grf
[info] Storage: read data file = SRRun01_grf.mot (nr=10005 nc=19)
[info] ExternalForce::RightGRF Data source being set to SRRun01_grf
[info] ExternalForce::LeftGRF Data source being set to SRRun01_grf
[info] Storage: read data file = SRRun01_grf.mot (nr=10005 nc=19)
[info] ExternalForce::RightGRF Data source being set to SRRun01_grf
[info] ExternalForce::LeftGRF Data source being set to SRRun01_grf
[info] Storage: read data file = SRRun01_grf.mot (nr=10005 nc=19)
[info] ExternalForce::RightGRF Data source being set to SRRun01_grf
[info] ExternalForce::LeftGRF Data source being set to SRRun01_grf
[info] Storage: read data file = SRRun01_grf.mot (nr=10005 nc=19)
[info] ExternalForce::RightGRF Data source being set to SRRun01_grf
[info] ExternalForce::LeftGRF Data source being set to SRRun01_grf
[info] Storage: read data file = SRRun01_grf.mot (nr=10005 nc=19)
[info] ExternalForce::RightGRF Data source being set to SRRun01_grf
[info] ExternalForce::LeftGRF Data source being set to SRRun01_grf
[info] Storage: read data file = SRRun01_grf.mot (nr=10005 nc=19)
[info] ExternalForce::RightGRF Data source being set to SRRun01_grf
[info] ExternalForce::LeftGRF Data source being set to SRRun01_grf
[info] Storage: read data file = SRRun01_grf.mot (nr=10005 nc=19)
[info] ExternalForce::RightGRF Data source being set to SRRun01_grf
[info] ExternalForce::LeftGRF Data source being set to SRRun01_grf
[info] Storage: read data file = SRRun01_grf.mot (nr=10005 nc=19)
[info] ExternalForce::RightGRF Data source being set to SRRun01_grf
[info] ExternalForce::LeftGRF Data source being set to SRRun01_grf
[info] Storage: read data file = SRRun01_grf.mot (nr=10005 nc=19)
[info] ExternalForce::RightGRF Data source being set to SRRun01_grf
[info] ExternalForce::LeftGRF Data source being set to SRRun01_grf
[info] Storage: read data file = SRRun01_grf.mot (nr=10005 nc=19)
[info] ExternalForce::RightGRF Data source being set to SRRun01_grf
[info] ExternalForce::LeftGRF Data source being set to SRRun01_grf
[info] Storage: read data file = SRRun01_grf.mot (nr=10005 nc=19)
[info] ExternalForce::RightGRF Data source being set to SRRun01_grf
[info] ExternalForce::LeftGRF Data source being set to SRRun01_grf
[info] Storage: read data file = SRRun01_grf.mot (nr=10005 nc=19)
[info] ExternalForce::RightGRF Data source being set to SRRun01_grf
[info] ExternalForce::LeftGRF Data source being set to SRRun01_grf
[info] Storage: read data file = SRRun01_grf.mot (nr=10005 nc=19)
[info] ExternalForce::RightGRF Data source being set to SRRun01_grf
[info] ExternalForce::LeftGRF Data source being set to SRRun01_grf
[info] Storage: read data file = SRRun01_grf.mot (nr=10005 nc=19)
[info] ExternalForce::RightGRF Data source being set to SRRun01_grf
[info] ExternalForce::LeftGRF Data source being set to SRRun01_grf
[info] Storage: read data file = SRRun01_grf.mot (nr=10005 nc=19)
[info] ExternalForce::RightGRF Data source being set to SRRun01_grf
[info] ExternalForce::LeftGRF Data source being set to SRRun01_grf
[info] Storage: read data file = SRRun01_grf.mot (nr=10005 nc=19)
[info] ExternalForce::RightGRF Data source being set to SRRun01_grf
[info] ExternalForce::LeftGRF Data source being set to SRRun01_grf
[info] Storage: read data file = SRRun01_grf.mot (nr=10005 nc=19)
[info] ExternalForce::RightGRF Data source being set to SRRun01_grf
[info] ExternalForce::LeftGRF Data source being set to SRRun01_grf
[info] Storage: read data file = SRRun01_grf.mot (nr=10005 nc=19)
[info] ExternalForce::RightGRF Data source being set to SRRun01_grf
[info] ExternalForce::LeftGRF Data source being set to SRRun01_grf
[info] Storage: read data file = SRRun01_grf.mot (nr=10005 nc=19)
[info] ExternalForce::RightGRF Data source being set to SRRun01_grf
[info] ExternalForce::LeftGRF Data source being set to SRRun01_grf
[info] Storage: read data file = SRRun01_grf.mot (nr=10005 nc=19)
[info] ExternalForce::RightGRF Data source being set to SRRun01_grf
[info] ExternalForce::LeftGRF Data source being set to SRRun01_grf
[info] Storage: read data file = SRRun01_grf.mot (nr=10005 nc=19)
[info] ExternalForce::RightGRF Data source being set to SRRun01_grf
[info] ExternalForce::LeftGRF Data source being set to SRRun01_grf
[info] Storage: read data file = SRRun01_grf.mot (nr=10005 nc=19)
[info] ExternalForce::RightGRF Data source being set to SRRun01_grf
[info] ExternalForce::LeftGRF Data source being set to SRRun01_grf
[info] Storage: read data file = SRRun01_grf.mot (nr=10005 nc=19)
[info] ExternalForce::RightGRF Data source being set to SRRun01_grf
[info] ExternalForce::LeftGRF Data source being set to SRRun01_grf
[info] Storage: read data file = SRRun01_grf.mot (nr=10005 nc=19)
[info] ExternalForce::RightGRF Data source being set to SRRun01_grf
[info] ExternalForce::LeftGRF Data source being set to SRRun01_grf
[info] Storage: read data file = SRRun01_grf.mot (nr=10005 nc=19)
[info] ExternalForce::RightGRF Data source being set to SRRun01_grf
[info] ExternalForce::LeftGRF Data source being set to SRRun01_grf
[info] Storage: read data file = SRRun01_grf.mot (nr=10005 nc=19)
[info] ExternalForce::RightGRF Data source being set to SRRun01_grf
[info] ExternalForce::LeftGRF Data source being set to SRRun01_grf
[info] Storage: read data file = SRRun01_grf.mot (nr=10005 nc=19)
[info] ExternalForce::RightGRF Data source being set to SRRun01_grf
[info] ExternalForce::LeftGRF Data source being set to SRRun01_grf
[info] Storage: read data file = SRRun01_grf.mot (nr=10005 nc=19)
[info] ExternalForce::RightGRF Data source being set to SRRun01_grf
[info] ExternalForce::LeftGRF Data source being set to SRRun01_grf
[info] Storage: read data file = SRRun01_grf.mot (nr=10005 nc=19)
[info] ExternalForce::RightGRF Data source being set to SRRun01_grf
[info] ExternalForce::LeftGRF Data source being set to SRRun01_grf
[info] Storage: read data file = SRRun01_grf.mot (nr=10005 nc=19)
[info] ExternalForce::RightGRF Data source being set to SRRun01_grf
[info] ExternalForce::LeftGRF Data source being set to SRRun01_grf
[info] Storage: read data file = SRRun01_grf.mot (nr=10005 nc=19)
[info] ExternalForce::RightGRF Data source being set to SRRun01_grf
[info] ExternalForce::LeftGRF Data source being set to SRRun01_grf
[info] Storage: read data file = SRRun01_grf.mot (nr=10005 nc=19)
[info] ExternalForce::RightGRF Data source being set to SRRun01_grf
[info] ExternalForce::LeftGRF Data source being set to SRRun01_grf
[info] Storage: read data file = SRRun01_grf.mot (nr=10005 nc=19)
[info] ExternalForce::RightGRF Data source being set to SRRun01_grf
[info] ExternalForce::LeftGRF Data source being set to SRRun01_grf
[info] Storage: read data file = SRRun01_grf.mot (nr=10005 nc=19)
[info] ExternalForce::RightGRF Data source being set to SRRun01_grf
[info] ExternalForce::LeftGRF Data source being set to SRRun01_grf
[info] Storage: read data file = SRRun01_grf.mot (nr=10005 nc=19)
[info] ExternalForce::RightGRF Data source being set to SRRun01_grf
[info] ExternalForce::LeftGRF Data source being set to SRRun01_grf
[info] Storage: read data file = SRRun01_grf.mot (nr=10005 nc=19)
[info] ExternalForce::RightGRF Data source being set to SRRun01_grf
[info] ExternalForce::LeftGRF Data source being set to SRRun01_grf
[info] Storage: read data file = SRRun01_grf.mot (nr=10005 nc=19)
[info] ExternalForce::RightGRF Data source being set to SRRun01_grf
[info] ExternalForce::LeftGRF Data source being set to SRRun01_grf
[info] Storage: read data file = SRRun01_grf.mot (nr=10005 nc=19)
[info] ExternalForce::RightGRF Data source being set to SRRun01_grf
[info] ExternalForce::LeftGRF Data source being set to SRRun01_grf
[info] Storage: read data file = SRRun01_grf.mot (nr=10005 nc=19)
[info] ExternalForce::RightGRF Data source being set to SRRun01_grf
[info] ExternalForce::LeftGRF Data source being set to SRRun01_grf
[info] Storage: read data file = SRRun01_grf.mot (nr=10005 nc=19)
[info] ExternalForce::RightGRF Data source being set to SRRun01_grf
[info] ExternalForce::LeftGRF Data source being set to SRRun01_grf
[info] Storage: read data file = SRRun01_grf.mot (nr=10005 nc=19)
[info] ExternalForce::RightGRF Data source being set to SRRun01_grf
[info] ExternalForce::LeftGRF Data source being set to SRRun01_grf
[info] Storage: read data file = SRRun01_grf.mot (nr=10005 nc=19)
[info] ExternalForce::RightGRF Data source being set to SRRun01_grf
[info] ExternalForce::LeftGRF Data source being set to SRRun01_grf
[info] Storage: read data file = SRRun01_grf.mot (nr=10005 nc=19)
[info] ExternalForce::RightGRF Data source being set to SRRun01_grf
[info] ExternalForce::LeftGRF Data source being set to SRRun01_grf
[info] Storage: read data file = SRRun01_grf.mot (nr=10005 nc=19)
[info] ExternalForce::RightGRF Data source being set to SRRun01_grf
[info] ExternalForce::LeftGRF Data source being set to SRRun01_grf
[info] Storage: read data file = SRRun01_grf.mot (nr=10005 nc=19)
[info] ExternalForce::RightGRF Data source being set to SRRun01_grf
[info] ExternalForce::LeftGRF Data source being set to SRRun01_grf
[info] Storage: read data file = SRRun01_grf.mot (nr=10005 nc=19)
[info] ExternalForce::RightGRF Data source being set to SRRun01_grf
[info] ExternalForce::LeftGRF Data source being set to SRRun01_grf
[info] Storage: read data file = SRRun01_grf.mot (nr=10005 nc=19)
[info] ExternalForce::RightGRF Data source being set to SRRun01_grf
[info] ExternalForce::LeftGRF Data source being set to SRRun01_grf
[info] Storage: read data file = SRRun01_grf.mot (nr=10005 nc=19)
[info] ExternalForce::RightGRF Data source being set to SRRun01_grf
[info] ExternalForce::LeftGRF Data source being set to SRRun01_grf
[info] Storage: read data file = SRRun01_grf.mot (nr=10005 nc=19)
[info] ExternalForce::RightGRF Data source being set to SRRun01_grf
[info] ExternalForce::LeftGRF Data source being set to SRRun01_grf
[info] Storage: read data file = SRRun01_grf.mot (nr=10005 nc=19)
[info] ExternalForce::RightGRF Data source being set to SRRun01_grf
[info] ExternalForce::LeftGRF Data source being set to SRRun01_grf
[info] Storage: read data file = SRRun01_grf.mot (nr=10005 nc=19)
[info] ExternalForce::RightGRF Data source being set to SRRun01_grf
[info] ExternalForce::LeftGRF Data source being set to SRRun01_grf
[info] Storage: read data file = SRRun01_grf.mot (nr=10005 nc=19)
[info] ExternalForce::RightGRF Data source being set to SRRun01_grf
[info] ExternalForce::LeftGRF Data source being set to SRRun01_grf
[info] Storage: read data file = SRRun01_grf.mot (nr=10005 nc=19)
[info] ExternalForce::RightGRF Data source being set to SRRun01_grf
[info] ExternalForce::LeftGRF Data source being set to SRRun01_grf
[info] Storage: read data file = SRRun01_grf.mot (nr=10005 nc=19)
[info] ExternalForce::RightGRF Data source being set to SRRun01_grf
[info] ExternalForce::LeftGRF Data source being set to SRRun01_grf
[info] Storage: read data file = SRRun01_grf.mot (nr=10005 nc=19)
[info] ExternalForce::RightGRF Data source being set to SRRun01_grf
[info] ExternalForce::LeftGRF Data source being set to SRRun01_grf
[info] Storage: read data file = SRRun01_grf.mot (nr=10005 nc=19)
[info] ExternalForce::RightGRF Data source being set to SRRun01_grf
[info] ExternalForce::LeftGRF Data source being set to SRRun01_grf
[info] Storage: read data file = SRRun01_grf.mot (nr=10005 nc=19)
[info] ExternalForce::RightGRF Data source being set to SRRun01_grf
[info] ExternalForce::LeftGRF Data source being set to SRRun01_grf
[info] Storage: read data file = SRRun01_grf.mot (nr=10005 nc=19)
[info] ExternalForce::RightGRF Data source being set to SRRun01_grf
[info] ExternalForce::LeftGRF Data source being set to SRRun01_grf
[info] Storage: read data file = SRRun01_grf.mot (nr=10005 nc=19)
[info] ExternalForce::RightGRF Data source being set to SRRun01_grf
[info] ExternalForce::LeftGRF Data source being set to SRRun01_grf
[info] Storage: read data file = SRRun01_grf.mot (nr=10005 nc=19)
[info] ExternalForce::RightGRF Data source being set to SRRun01_grf
[info] ExternalForce::LeftGRF Data source being set to SRRun01_grf
[info] Storage: read data file = SRRun01_grf.mot (nr=10005 nc=19)
[info] ExternalForce::RightGRF Data source being set to SRRun01_grf
[info] ExternalForce::LeftGRF Data source being set to SRRun01_grf
[info] Storage: read data file = SRRun01_grf.mot (nr=10005 nc=19)
[info] ExternalForce::RightGRF Data source being set to SRRun01_grf
[info] ExternalForce::LeftGRF Data source being set to SRRun01_grf
[info] Storage: read data file = SRRun01_grf.mot (nr=10005 nc=19)
[info] ExternalForce::RightGRF Data source being set to SRRun01_grf
[info] ExternalForce::LeftGRF Data source being set to SRRun01_grf
[info] Storage: read data file = SRRun01_grf.mot (nr=10005 nc=19)
[info] ExternalForce::RightGRF Data source being set to SRRun01_grf
[info] ExternalForce::LeftGRF Data source being set to SRRun01_grf
[info] Storage: read data file = SRRun01_grf.mot (nr=10005 nc=19)
[info] ExternalForce::RightGRF Data source being set to SRRun01_grf
[info] ExternalForce::LeftGRF Data source being set to SRRun01_grf
[info] Storage: read data file = SRRun01_grf.mot (nr=10005 nc=19)
[info] ExternalForce::RightGRF Data source being set to SRRun01_grf
[info] ExternalForce::LeftGRF Data source being set to SRRun01_grf
[info] Storage: read data file = SRRun01_grf.mot (nr=10005 nc=19)
[info] ExternalForce::RightGRF Data source being set to SRRun01_grf
[info] ExternalForce::LeftGRF Data source being set to SRRun01_grf
[info] Storage: read data file = SRRun01_grf.mot (nr=10005 nc=19)
[info] ExternalForce::RightGRF Data source being set to SRRun01_grf
[info] ExternalForce::LeftGRF Data source being set to SRRun01_grf
[info] Storage: read data file = SRRun01_grf.mot (nr=10005 nc=19)
[info] ExternalForce::RightGRF Data source being set to SRRun01_grf
[info] ExternalForce::LeftGRF Data source being set to SRRun01_grf
[info] Storage: read data file = SRRun01_grf.mot (nr=10005 nc=19)
[info] ExternalForce::RightGRF Data source being set to SRRun01_grf
[info] ExternalForce::LeftGRF Data source being set to SRRun01_grf
[info] Storage: read data file = SRRun01_grf.mot (nr=10005 nc=19)
[info] ExternalForce::RightGRF Data source being set to SRRun01_grf
[info] ExternalForce::LeftGRF Data source being set to SRRun01_grf
[info] Storage: read data file = SRRun01_grf.mot (nr=10005 nc=19)
[info] ExternalForce::RightGRF Data source being set to SRRun01_grf
[info] ExternalForce::LeftGRF Data source being set to SRRun01_grf
[info] Storage: read data file = SRRun01_grf.mot (nr=10005 nc=19)
[info] ExternalForce::RightGRF Data source being set to SRRun01_grf
[info] ExternalForce::LeftGRF Data source being set to SRRun01_grf
[info] Storage: read data file = SRRun01_grf.mot (nr=10005 nc=19)
[info] ExternalForce::RightGRF Data source being set to SRRun01_grf
[info] ExternalForce::LeftGRF Data source being set to SRRun01_grf
[info] Storage: read data file = SRRun01_grf.mot (nr=10005 nc=19)
[info] ExternalForce::RightGRF Data source being set to SRRun01_grf
[info] ExternalForce::LeftGRF Data source being set to SRRun01_grf
[info] Storage: read data file = SRRun01_grf.mot (nr=10005 nc=19)
[info] ExternalForce::RightGRF Data source being set to SRRun01_grf
[info] ExternalForce::LeftGRF Data source being set to SRRun01_grf
[info] Storage: read data file = SRRun01_grf.mot (nr=10005 nc=19)
[info] ExternalForce::RightGRF Data source being set to SRRun01_grf
[info] ExternalForce::LeftGRF Data source being set to SRRun01_grf
[info] Storage: read data file = SRRun01_grf.mot (nr=10005 nc=19)
[info] ExternalForce::RightGRF Data source being set to SRRun01_grf
[info] ExternalForce::LeftGRF Data source being set to SRRun01_grf
[info] Storage: read data file = SRRun01_grf.mot (nr=10005 nc=19)
[info] ExternalForce::RightGRF Data source being set to SRRun01_grf
[info] ExternalForce::LeftGRF Data source being set to SRRun01_grf
[info] Storage: read data file = SRRun01_grf.mot (nr=10005 nc=19)
[info] ExternalForce::RightGRF Data source being set to SRRun01_grf
[info] ExternalForce::LeftGRF Data source being set to SRRun01_grf
[info] Storage: read data file = SRRun01_grf.mot (nr=10005 nc=19)
[info] ExternalForce::RightGRF Data source being set to SRRun01_grf
[info] ExternalForce::LeftGRF Data source being set to SRRun01_grf
[info] Storage: read data file = SRRun01_grf.mot (nr=10005 nc=19)
[info] ExternalForce::RightGRF Data source being set to SRRun01_grf
[info] ExternalForce::LeftGRF Data source being set to SRRun01_grf
[info] Storage: read data file = SRRun01_grf.mot (nr=10005 nc=19)
[info] ExternalForce::RightGRF Data source being set to SRRun01_grf
[info] ExternalForce::LeftGRF Data source being set to SRRun01_grf
[info] Storage: read data file = SRRun01_grf.mot (nr=10005 nc=19)
[info] ExternalForce::RightGRF Data source being set to SRRun01_grf
[info] ExternalForce::LeftGRF Data source being set to SRRun01_grf
[info] Storage: read data file = SRRun01_grf.mot (nr=10005 nc=19)
[info] ExternalForce::RightGRF Data source being set to SRRun01_grf
[info] ExternalForce::LeftGRF Data source being set to SRRun01_grf
[info] Storage: read data file = SRRun01_grf.mot (nr=10005 nc=19)
[info] ExternalForce::RightGRF Data source being set to SRRun01_grf
[info] ExternalForce::LeftGRF Data source being set to SRRun01_grf
[info] Storage: read data file = SRRun01_grf.mot (nr=10005 nc=19)
[info] ExternalForce::RightGRF Data source being set to SRRun01_grf
[info] ExternalForce::LeftGRF Data source being set to SRRun01_grf
[info] Storage: read data file = SRRun01_grf.mot (nr=10005 nc=19)
[info] ExternalForce::RightGRF Data source being set to SRRun01_grf
[info] ExternalForce::LeftGRF Data source being set to SRRun01_grf
[info] Storage: read data file = SRRun01_grf.mot (nr=10005 nc=19)
[info] ExternalForce::RightGRF Data source being set to SRRun01_grf
[info] ExternalForce::LeftGRF Data source being set to SRRun01_grf
[info] Storage: read data file = SRRun01_grf.mot (nr=10005 nc=19)
[info] ExternalForce::RightGRF Data source being set to SRRun01_grf
[info] ExternalForce::LeftGRF Data source being set to SRRun01_grf
[info] Storage: read data file = SRRun01_grf.mot (nr=10005 nc=19)
[info] ExternalForce::RightGRF Data source being set to SRRun01_grf
[info] ExternalForce::LeftGRF Data source being set to SRRun01_grf
[info] Storage: read data file = SRRun01_grf.mot (nr=10005 nc=19)
[info] ExternalForce::RightGRF Data source being set to SRRun01_grf
[info] ExternalForce::LeftGRF Data source being set to SRRun01_grf
[info] Storage: read data file = SRRun01_grf.mot (nr=10005 nc=19)
[info] ExternalForce::RightGRF Data source being set to SRRun01_grf
[info] ExternalForce::LeftGRF Data source being set to SRRun01_grf
[info] Storage: read data file = SRRun01_grf.mot (nr=10005 nc=19)
[info] ExternalForce::RightGRF Data source being set to SRRun01_grf
[info] ExternalForce::LeftGRF Data source being set to SRRun01_grf
[info] Storage: read data file = SRRun01_grf.mot (nr=10005 nc=19)
[info] ExternalForce::RightGRF Data source being set to SRRun01_grf
[info] ExternalForce::LeftGRF Data source being set to SRRun01_grf
[info] Storage: read data file = SRRun01_grf.mot (nr=10005 nc=19)
[info] ExternalForce::RightGRF Data source being set to SRRun01_grf
[info] ExternalForce::LeftGRF Data source being set to SRRun01_grf
[info] Storage: read data file = SRRun01_grf.mot (nr=10005 nc=19)
[info] ExternalForce::RightGRF Data source being set to SRRun01_grf
[info] ExternalForce::LeftGRF Data source being set to SRRun01_grf
[info] Storage: read data file = SRRun01_grf.mot (nr=10005 nc=19)
[info] ExternalForce::RightGRF Data source being set to SRRun01_grf
[info] ExternalForce::LeftGRF Data source being set to SRRun01_grf
[info] Storage: read data file = SRRun01_grf.mot (nr=10005 nc=19)
[info] ExternalForce::RightGRF Data source being set to SRRun01_grf
[info] ExternalForce::LeftGRF Data source being set to SRRun01_grf
[info] Storage: read data file = SRRun01_grf.mot (nr=10005 nc=19)
[info] ExternalForce::RightGRF Data source being set to SRRun01_grf
[info] ExternalForce::LeftGRF Data source being set to SRRun01_grf
[info] Storage: read data file = SRRun01_grf.mot (nr=10005 nc=19)
[info] ExternalForce::RightGRF Data source being set to SRRun01_grf
[info] ExternalForce::LeftGRF Data source being set to SRRun01_grf
[info] Storage: read data file = SRRun01_grf.mot (nr=10005 nc=19)
[info] ExternalForce::RightGRF Data source being set to SRRun01_grf
[info] ExternalForce::LeftGRF Data source being set to SRRun01_grf
[info] Storage: read data file = SRRun01_grf.mot (nr=10005 nc=19)
[info] ExternalForce::RightGRF Data source being set to SRRun01_grf
[info] ExternalForce::LeftGRF Data source being set to SRRun01_grf
[info] Storage: read data file = SRRun01_grf.mot (nr=10005 nc=19)
[info] ExternalForce::RightGRF Data source being set to SRRun01_grf
[info] ExternalForce::LeftGRF Data source being set to SRRun01_grf
[info] Storage: read data file = SRRun01_grf.mot (nr=10005 nc=19)
[info] ExternalForce::RightGRF Data source being set to SRRun01_grf
[info] ExternalForce::LeftGRF Data source being set to SRRun01_grf
[info] Storage: read data file = SRRun01_grf.mot (nr=10005 nc=19)
[info] ExternalForce::RightGRF Data source being set to SRRun01_grf
[info] ExternalForce::LeftGRF Data source being set to SRRun01_grf
[info] Storage: read data file = SRRun01_grf.mot (nr=10005 nc=19)
[info] ExternalForce::RightGRF Data source being set to SRRun01_grf
[info] ExternalForce::LeftGRF Data source being set to SRRun01_grf
[info] Storage: read data file = SRRun01_grf.mot (nr=10005 nc=19)
[info] ExternalForce::RightGRF Data source being set to SRRun01_grf
[info] ExternalForce::LeftGRF Data source being set to SRRun01_grf
[info] Storage: read data file = SRRun01_grf.mot (nr=10005 nc=19)
[info] ExternalForce::RightGRF Data source being set to SRRun01_grf
[info] ExternalForce::LeftGRF Data source being set to SRRun01_grf
[info] Storage: read data file = SRRun01_grf.mot (nr=10005 nc=19)
[info] ExternalForce::RightGRF Data source being set to SRRun01_grf
[info] ExternalForce::LeftGRF Data source being set to SRRun01_grf
[info] Storage: read data file = SRRun01_grf.mot (nr=10005 nc=19)
[info] ExternalForce::RightGRF Data source being set to SRRun01_grf
[info] ExternalForce::LeftGRF Data source being set to SRRun01_grf
[info] Storage: read data file = SRRun01_grf.mot (nr=10005 nc=19)
[info] ExternalForce::RightGRF Data source being set to SRRun01_grf
[info] ExternalForce::LeftGRF Data source being set to SRRun01_grf
[info] Storage: read data file = SRRun01_grf.mot (nr=10005 nc=19)
[info] ExternalForce::RightGRF Data source being set to SRRun01_grf
[info] ExternalForce::LeftGRF Data source being set to SRRun01_grf
[info] Storage: read data file = SRRun01_grf.mot (nr=10005 nc=19)
[info] ExternalForce::RightGRF Data source being set to SRRun01_grf
[info] ExternalForce::LeftGRF Data source being set to SRRun01_grf
[info] Storage: read data file = SRRun01_grf.mot (nr=10005 nc=19)
[info] ExternalForce::RightGRF Data source being set to SRRun01_grf
[info] ExternalForce::LeftGRF Data source being set to SRRun01_grf
[info] Storage: read data file = SRRun01_grf.mot (nr=10005 nc=19)
[info] ExternalForce::RightGRF Data source being set to SRRun01_grf
[info] ExternalForce::LeftGRF Data source being set to SRRun01_grf
[info] Storage: read data file = SRRun01_grf.mot (nr=10005 nc=19)
[info] ExternalForce::RightGRF Data source being set to SRRun01_grf
[info] ExternalForce::LeftGRF Data source being set to SRRun01_grf
[info] Storage: read data file = SRRun01_grf.mot (nr=10005 nc=19)
[info] ExternalForce::RightGRF Data source being set to SRRun01_grf
[info] ExternalForce::LeftGRF Data source being set to SRRun01_grf
[info] Storage: read data file = SRRun01_grf.mot (nr=10005 nc=19)
[info] ExternalForce::RightGRF Data source being set to SRRun01_grf
[info] ExternalForce::LeftGRF Data source being set to SRRun01_grf
[info] Storage: read data file = SRRun01_grf.mot (nr=10005 nc=19)
[info] ExternalForce::RightGRF Data source being set to SRRun01_grf
[info] ExternalForce::LeftGRF Data source being set to SRRun01_grf
[info] Storage: read data file = SRRun01_grf.mot (nr=10005 nc=19)
[info] ExternalForce::RightGRF Data source being set to SRRun01_grf
[info] ExternalForce::LeftGRF Data source being set to SRRun01_grf
[info] Storage: read data file = SRRun01_grf.mot (nr=10005 nc=19)
[info] ExternalForce::RightGRF Data source being set to SRRun01_grf
[info] ExternalForce::LeftGRF Data source being set to SRRun01_grf
[info] Storage: read data file = SRRun01_grf.mot (nr=10005 nc=19)
[info] ExternalForce::RightGRF Data source being set to SRRun01_grf
[info] ExternalForce::LeftGRF Data source being set to SRRun01_grf
[info] Storage: read data file = SRRun01_grf.mot (nr=10005 nc=19)
[info] ExternalForce::RightGRF Data source being set to SRRun01_grf
[info] ExternalForce::LeftGRF Data source being set to SRRun01_grf
[info] Storage: read data file = SRRun01_grf.mot (nr=10005 nc=19)
[info] ExternalForce::RightGRF Data source being set to SRRun01_grf
[info] ExternalForce::LeftGRF Data source being set to SRRun01_grf
[info] Storage: read data file = SRRun01_grf.mot (nr=10005 nc=19)
[info] ExternalForce::RightGRF Data source being set to SRRun01_grf
[info] ExternalForce::LeftGRF Data source being set to SRRun01_grf
[info] Storage: read data file = SRRun01_grf.mot (nr=10005 nc=19)
[info] ExternalForce::RightGRF Data source being set to SRRun01_grf
[info] ExternalForce::LeftGRF Data source being set to SRRun01_grf
[info] Storage: read data file = SRRun01_grf.mot (nr=10005 nc=19)
[info] ExternalForce::RightGRF Data source being set to SRRun01_grf
[info] ExternalForce::LeftGRF Data source being set to SRRun01_grf
[info] Storage: read data file = SRRun01_grf.mot (nr=10005 nc=19)
[info] ExternalForce::RightGRF Data source being set to SRRun01_grf
[info] ExternalForce::LeftGRF Data source being set to SRRun01_grf
[info] Storage: read data file = SRRun01_grf.mot (nr=10005 nc=19)
[info] ExternalForce::RightGRF Data source being set to SRRun01_grf
[info] ExternalForce::LeftGRF Data source being set to SRRun01_grf
[info] Storage: read data file = SRRun01_grf.mot (nr=10005 nc=19)
[info] ExternalForce::RightGRF Data source being set to SRRun01_grf
[info] ExternalForce::LeftGRF Data source being set to SRRun01_grf
[info] Storage: read data file = SRRun01_grf.mot (nr=10005 nc=19)
[info] ExternalForce::RightGRF Data source being set to SRRun01_grf
[info] ExternalForce::LeftGRF Data source being set to SRRun01_grf
[info] Storage: read data file = SRRun01_grf.mot (nr=10005 nc=19)
[info] ExternalForce::RightGRF Data source being set to SRRun01_grf
[info] ExternalForce::LeftGRF Data source being set to SRRun01_grf
[info] Storage: read data file = SRRun01_grf.mot (nr=10005 nc=19)
[info] ExternalForce::RightGRF Data source being set to SRRun01_grf
[info] ExternalForce::LeftGRF Data source being set to SRRun01_grf
[info] Storage: read data file = SRRun01_grf.mot (nr=10005 nc=19)
[info] ExternalForce::RightGRF Data source being set to SRRun01_grf
[info] ExternalForce::LeftGRF Data source being set to SRRun01_grf
[info] Storage: read data file = SRRun01_grf.mot (nr=10005 nc=19)
[info] ExternalForce::RightGRF Data source being set to SRRun01_grf
[info] ExternalForce::LeftGRF Data source being set to SRRun01_grf
[info] Storage: read data file = SRRun01_grf.mot (nr=10005 nc=19)
[info] ExternalForce::RightGRF Data source being set to SRRun01_grf
[info] ExternalForce::LeftGRF Data source being set to SRRun01_grf
[info] Storage: read data file = SRRun01_grf.mot (nr=10005 nc=19)
[info] ExternalForce::RightGRF Data source being set to SRRun01_grf
[info] ExternalForce::LeftGRF Data source being set to SRRun01_grf
[info] Storage: read data file = SRRun01_grf.mot (nr=10005 nc=19)
[info] ExternalForce::RightGRF Data source being set to SRRun01_grf
[info] ExternalForce::LeftGRF Data source being set to SRRun01_grf
[info] Storage: read data file = SRRun01_grf.mot (nr=10005 nc=19)
[info] ExternalForce::RightGRF Data source being set to SRRun01_grf
[info] ExternalForce::LeftGRF Data source being set to SRRun01_grf
[info] Storage: read data file = SRRun01_grf.mot (nr=10005 nc=19)
[info] ExternalForce::RightGRF Data source being set to SRRun01_grf
[info] ExternalForce::LeftGRF Data source being set to SRRun01_grf
[info] Storage: read data file = SRRun01_grf.mot (nr=10005 nc=19)
[info] ExternalForce::RightGRF Data source being set to SRRun01_grf
[info] ExternalForce::LeftGRF Data source being set to SRRun01_grf
[info] Storage: read data file = SRRun01_grf.mot (nr=10005 nc=19)
[info] ExternalForce::RightGRF Data source being set to SRRun01_grf
[info] ExternalForce::LeftGRF Data source being set to SRRun01_grf
[info] Storage: read data file = SRRun01_grf.mot (nr=10005 nc=19)
[info] ExternalForce::RightGRF Data source being set to SRRun01_grf
[info] ExternalForce::LeftGRF Data source being set to SRRun01_grf
[info] Storage: read data file = SRRun01_grf.mot (nr=10005 nc=19)
[info] ExternalForce::RightGRF Data source being set to SRRun01_grf
[info] ExternalForce::LeftGRF Data source being set to SRRun01_grf
[info] Storage: read data file = SRRun01_grf.mot (nr=10005 nc=19)
[info] ExternalForce::RightGRF Data source being set to SRRun01_grf
[info] ExternalForce::LeftGRF Data source being set to SRRun01_grf
[info] Storage: read data file = SRRun01_grf.mot (nr=10005 nc=19)
[info] ExternalForce::RightGRF Data source being set to SRRun01_grf
[info] ExternalForce::LeftGRF Data source being set to SRRun01_grf
[info] Storage: read data file = SRRun01_grf.mot (nr=10005 nc=19)
[info] ExternalForce::RightGRF Data source being set to SRRun01_grf
[info] ExternalForce::LeftGRF Data source being set to SRRun01_grf
[info] Storage: read data file = SRRun01_grf.mot (nr=10005 nc=19)
[info] ExternalForce::RightGRF Data source being set to SRRun01_grf
[info] ExternalForce::LeftGRF Data source being set to SRRun01_grf
[info] Storage: read data file = SRRun01_grf.mot (nr=10005 nc=19)
[info] ExternalForce::RightGRF Data source being set to SRRun01_grf
[info] ExternalForce::LeftGRF Data source being set to SRRun01_grf
[info] Storage: read data file = SRRun01_grf.mot (nr=10005 nc=19)
[info] ExternalForce::RightGRF Data source being set to SRRun01_grf
[info] ExternalForce::LeftGRF Data source being set to SRRun01_grf
[info] Storage: read data file = SRRun01_grf.mot (nr=10005 nc=19)
[info] ExternalForce::RightGRF Data source being set to SRRun01_grf
[info] ExternalForce::LeftGRF Data source being set to SRRun01_grf
[info] Storage: read data file = SRRun01_grf.mot (nr=10005 nc=19)
[info] ExternalForce::RightGRF Data source being set to SRRun01_grf
[info] ExternalForce::LeftGRF Data source being set to SRRun01_grf
[info] Storage: read data file = SRRun01_grf.mot (nr=10005 nc=19)
[info] ExternalForce::RightGRF Data source being set to SRRun01_grf
[info] ExternalForce::LeftGRF Data source being set to SRRun01_grf
[info] Storage: read data file = SRRun01_grf.mot (nr=10005 nc=19)
[info] ExternalForce::RightGRF Data source being set to SRRun01_grf
[info] ExternalForce::LeftGRF Data source being set to SRRun01_grf
[info] Storage: read data file = SRRun01_grf.mot (nr=10005 nc=19)
[info] ExternalForce::RightGRF Data source being set to SRRun01_grf
[info] ExternalForce::LeftGRF Data source being set to SRRun01_grf
[info] Storage: read data file = SRRun01_grf.mot (nr=10005 nc=19)
[info] ExternalForce::RightGRF Data source being set to SRRun01_grf
[info] ExternalForce::LeftGRF Data source being set to SRRun01_grf
[info] Storage: read data file = SRRun01_grf.mot (nr=10005 nc=19)
[info] ExternalForce::RightGRF Data source being set to SRRun01_grf
[info] ExternalForce::LeftGRF Data source being set to SRRun01_grf
[info] Storage: read data file = SRRun01_grf.mot (nr=10005 nc=19)
[info] ExternalForce::RightGRF Data source being set to SRRun01_grf
[info] ExternalForce::LeftGRF Data source being set to SRRun01_grf
[info] Storage: read data file = SRRun01_grf.mot (nr=10005 nc=19)
[info] ExternalForce::RightGRF Data source being set to SRRun01_grf
[info] ExternalForce::LeftGRF Data source being set to SRRun01_grf
[info] Storage: read data file = SRRun01_grf.mot (nr=10005 nc=19)
[info] ExternalForce::RightGRF Data source being set to SRRun01_grf
[info] ExternalForce::LeftGRF Data source being set to SRRun01_grf
[info] Storage: read data file = SRRun01_grf.mot (nr=10005 nc=19)
[info] ExternalForce::RightGRF Data source being set to SRRun01_grf
[info] ExternalForce::LeftGRF Data source being set to SRRun01_grf
[info] Storage: read data file = SRRun01_grf.mot (nr=10005 nc=19)
[info] ExternalForce::RightGRF Data source being set to SRRun01_grf
[info] ExternalForce::LeftGRF Data source being set to SRRun01_grf
[info] Storage: read data file = SRRun01_grf.mot (nr=10005 nc=19)
[info] ExternalForce::RightGRF Data source being set to SRRun01_grf
[info] ExternalForce::LeftGRF Data source being set to SRRun01_grf
[info] Storage: read data file = SRRun01_grf.mot (nr=10005 nc=19)
[info] ExternalForce::RightGRF Data source being set to SRRun01_grf
[info] ExternalForce::LeftGRF Data source being set to SRRun01_grf
[info] Storage: read data file = SRRun01_grf.mot (nr=10005 nc=19)
[info] ExternalForce::RightGRF Data source being set to SRRun01_grf
[info] ExternalForce::LeftGRF Data source being set to SRRun01_grf
[info] Storage: read data file = SRRun01_grf.mot (nr=10005 nc=19)
[info] ExternalForce::RightGRF Data source being set to SRRun01_grf
[info] ExternalForce::LeftGRF Data source being set to SRRun01_grf
[info] Storage: read data file = SRRun01_grf.mot (nr=10005 nc=19)
[info] ExternalForce::RightGRF Data source being set to SRRun01_grf
[info] ExternalForce::LeftGRF Data source being set to SRRun01_grf
[info] Storage: read data file = SRRun01_grf.mot (nr=10005 nc=19)
[info] ExternalForce::RightGRF Data source being set to SRRun01_grf
[info] ExternalForce::LeftGRF Data source being set to SRRun01_grf
[info] Storage: read data file = SRRun01_grf.mot (nr=10005 nc=19)
[info] ExternalForce::RightGRF Data source being set to SRRun01_grf
[info] ExternalForce::LeftGRF Data source being set to SRRun01_grf
[info] Storage: read data file = SRRun01_grf.mot (nr=10005 nc=19)
[info] ExternalForce::RightGRF Data source being set to SRRun01_grf
[info] ExternalForce::LeftGRF Data source being set to SRRun01_grf
[info] Storage: read data file = SRRun01_grf.mot (nr=10005 nc=19)
[info] ExternalForce::RightGRF Data source being set to SRRun01_grf
[info] ExternalForce::LeftGRF Data source being set to SRRun01_grf
[info] Storage: read data file = SRRun01_grf.mot (nr=10005 nc=19)
[info] ExternalForce::RightGRF Data source being set to SRRun01_grf
[info] ExternalForce::LeftGRF Data source being set to SRRun01_grf
[info] Storage: read data file = SRRun01_grf.mot (nr=10005 nc=19)
[info] ExternalForce::RightGRF Data source being set to SRRun01_grf
[info] ExternalForce::LeftGRF Data source being set to SRRun01_grf
[info] Storage: read data file = SRRun01_grf.mot (nr=10005 nc=19)
[info] ExternalForce::RightGRF Data source being set to SRRun01_grf
[info] ExternalForce::LeftGRF Data source being set to SRRun01_grf
[info] Storage: read data file = SRRun01_grf.mot (nr=10005 nc=19)
[info] ExternalForce::RightGRF Data source being set to SRRun01_grf
[info] ExternalForce::LeftGRF Data source being set to SRRun01_grf
[info] Storage: read data file = SRRun01_grf.mot (nr=10005 nc=19)
[info] ExternalForce::RightGRF Data source being set to SRRun01_grf
[info] ExternalForce::LeftGRF Data source being set to SRRun01_grf
[info] Storage: read data file = SRRun01_grf.mot (nr=10005 nc=19)
[info] ExternalForce::RightGRF Data source being set to SRRun01_grf
[info] ExternalForce::LeftGRF Data source being set to SRRun01_grf
[info] Storage: read data file = SRRun01_grf.mot (nr=10005 nc=19)
[info] ExternalForce::RightGRF Data source being set to SRRun01_grf
[info] ExternalForce::LeftGRF Data source being set to SRRun01_grf
[info] Storage: read data file = SRRun01_grf.mot (nr=10005 nc=19)
[info] ExternalForce::RightGRF Data source being set to SRRun01_grf
[info] ExternalForce::LeftGRF Data source being set to SRRun01_grf
[info] Storage: read data file = SRRun01_grf.mot (nr=10005 nc=19)
[info] ExternalForce::RightGRF Data source being set to SRRun01_grf
[info] ExternalForce::LeftGRF Data source being set to SRRun01_grf
[info] Storage: read data file = SRRun01_grf.mot (nr=10005 nc=19)
[info] ExternalForce::RightGRF Data source being set to SRRun01_grf
[info] ExternalForce::LeftGRF Data source being set to SRRun01_grf
[info] Storage: read data file = SRRun01_grf.mot (nr=10005 nc=19)
[info] ExternalForce::RightGRF Data source being set to SRRun01_grf
[info] ExternalForce::LeftGRF Data source being set to SRRun01_grf
[info] Storage: read data file = SRRun01_grf.mot (nr=10005 nc=19)
[info] ExternalForce::RightGRF Data source being set to SRRun01_grf
[info] ExternalForce::LeftGRF Data source being set to SRRun01_grf
[info] Storage: read data file = SRRun01_grf.mot (nr=10005 nc=19)
[info] ExternalForce::RightGRF Data source being set to SRRun01_grf
[info] ExternalForce::LeftGRF Data source being set to SRRun01_grf
[info] Storage: read data file = SRRun01_grf.mot (nr=10005 nc=19)
[info] ExternalForce::RightGRF Data source being set to SRRun01_grf
[info] ExternalForce::LeftGRF Data source being set to SRRun01_grf
[info] Storage: read data file = SRRun01_grf.mot (nr=10005 nc=19)
[info] ExternalForce::RightGRF Data source being set to SRRun01_grf
[info] ExternalForce::LeftGRF Data source being set to SRRun01_grf
[info] Storage: read data file = SRRun01_grf.mot (nr=10005 nc=19)
[info] ExternalForce::RightGRF Data source being set to SRRun01_grf
[info] ExternalForce::LeftGRF Data source being set to SRRun01_grf
[info] Storage: read data file = SRRun01_grf.mot (nr=10005 nc=19)
[info] ExternalForce::RightGRF Data source being set to SRRun01_grf
[info] ExternalForce::LeftGRF Data source being set to SRRun01_grf
[info] Storage: read data file = SRRun01_grf.mot (nr=10005 nc=19)
[info] ExternalForce::RightGRF Data source being set to SRRun01_grf
[info] ExternalForce::LeftGRF Data source being set to SRRun01_grf
[info] Storage: read data file = SRRun01_grf.mot (nr=10005 nc=19)
[info] ExternalForce::RightGRF Data source being set to SRRun01_grf
[info] ExternalForce::LeftGRF Data source being set to SRRun01_grf
[info] Storage: read data file = SRRun01_grf.mot (nr=10005 nc=19)
[info] ExternalForce::RightGRF Data source being set to SRRun01_grf
[info] ExternalForce::LeftGRF Data source being set to SRRun01_grf
[info] Storage: read data file = SRRun01_grf.mot (nr=10005 nc=19)
[info] ExternalForce::RightGRF Data source being set to SRRun01_grf
[info] ExternalForce::LeftGRF Data source being set to SRRun01_grf
[info] Storage: read data file = SRRun01_grf.mot (nr=10005 nc=19)
[info] ExternalForce::RightGRF Data source being set to SRRun01_grf
[info] ExternalForce::LeftGRF Data source being set to SRRun01_grf
[info] Storage: read data file = SRRun01_grf.mot (nr=10005 nc=19)
[info] ExternalForce::RightGRF Data source being set to SRRun01_grf
[info] ExternalForce::LeftGRF Data source being set to SRRun01_grf
[info] Storage: read data file = SRRun01_grf.mot (nr=10005 nc=19)
[info] ExternalForce::RightGRF Data source being set to SRRun01_grf
[info] ExternalForce::LeftGRF Data source being set to SRRun01_grf
[info] Storage: read data file = SRRun01_grf.mot (nr=10005 nc=19)
[info] ExternalForce::RightGRF Data source being set to SRRun01_grf
[info] ExternalForce::LeftGRF Data source being set to SRRun01_grf
[info] Storage: read data file = SRRun01_grf.mot (nr=10005 nc=19)
[info] ExternalForce::RightGRF Data source being set to SRRun01_grf
[info] ExternalForce::LeftGRF Data source being set to SRRun01_grf
[info] Storage: read data file = SRRun01_grf.mot (nr=10005 nc=19)
[info] ExternalForce::RightGRF Data source being set to SRRun01_grf
[info] ExternalForce::LeftGRF Data source being set to SRRun01_grf
[info] Storage: read data file = SRRun01_grf.mot (nr=10005 nc=19)
[info] ExternalForce::RightGRF Data source being set to SRRun01_grf
[info] ExternalForce::LeftGRF Data source being set to SRRun01_grf
[info] Storage: read data file = SRRun01_grf.mot (nr=10005 nc=19)
[info] ExternalForce::RightGRF Data source being set to SRRun01_grf
[info] ExternalForce::LeftGRF Data source being set to SRRun01_grf
[info] Storage: read data file = SRRun01_grf.mot (nr=10005 nc=19)
[info] ExternalForce::RightGRF Data source being set to SRRun01_grf
[info] ExternalForce::LeftGRF Data source being set to SRRun01_grf
[info] Storage: read data file = SRRun01_grf.mot (nr=10005 nc=19)
[info] ExternalForce::RightGRF Data source being set to SRRun01_grf
[info] ExternalForce::LeftGRF Data source being set to SRRun01_grf
[info] Storage: read data file = SRRun01_grf.mot (nr=10005 nc=19)
[info] ExternalForce::RightGRF Data source being set to SRRun01_grf
[info] ExternalForce::LeftGRF Data source being set to SRRun01_grf
[info] Storage: read data file = SRRun01_grf.mot (nr=10005 nc=19)
[info] ExternalForce::RightGRF Data source being set to SRRun01_grf
[info] ExternalForce::LeftGRF Data source being set to SRRun01_grf
[info] Storage: read data file = SRRun01_grf.mot (nr=10005 nc=19)
[info] ExternalForce::RightGRF Data source being set to SRRun01_grf
[info] ExternalForce::LeftGRF Data source being set to SRRun01_grf
[info] Storage: read data file = SRRun01_grf.mot (nr=10005 nc=19)
[info] ExternalForce::RightGRF Data source being set to SRRun01_grf
[info] ExternalForce::LeftGRF Data source being set to SRRun01_grf
[info] Storage: read data file = SRRun01_grf.mot (nr=10005 nc=19)
[info] ExternalForce::RightGRF Data source being set to SRRun01_grf
[info] ExternalForce::LeftGRF Data source being set to SRRun01_grf
[info] Storage: read data file = SRRun01_grf.mot (nr=10005 nc=19)
[info] ExternalForce::RightGRF Data source being set to SRRun01_grf
[info] ExternalForce::LeftGRF Data source being set to SRRun01_grf
[info] Storage: read data file = SRRun01_grf.mot (nr=10005 nc=19)
[info] ExternalForce::RightGRF Data source being set to SRRun01_grf
[info] ExternalForce::LeftGRF Data source being set to SRRun01_grf
[info] Storage: read data file = SRRun01_grf.mot (nr=10005 nc=19)
[info] ExternalForce::RightGRF Data source being set to SRRun01_grf
[info] ExternalForce::LeftGRF Data source being set to SRRun01_grf
[info] Storage: read data file = SRRun01_grf.mot (nr=10005 nc=19)
[info] ExternalForce::RightGRF Data source being set to SRRun01_grf
[info] ExternalForce::LeftGRF Data source being set to SRRun01_grf
[info] Storage: read data file = SRRun01_grf.mot (nr=10005 nc=19)
[info] ExternalForce::RightGRF Data source being set to SRRun01_grf
[info] ExternalForce::LeftGRF Data source being set to SRRun01_grf
[info] Storage: read data file = SRRun01_grf.mot (nr=10005 nc=19)
[info] ExternalForce::RightGRF Data source being set to SRRun01_grf
[info] ExternalForce::LeftGRF Data source being set to SRRun01_grf
[info] Storage: read data file = SRRun01_grf.mot (nr=10005 nc=19)
[info] ExternalForce::RightGRF Data source being set to SRRun01_grf
[info] ExternalForce::LeftGRF Data source being set to SRRun01_grf
[info] Storage: read data file = SRRun01_grf.mot (nr=10005 nc=19)
[info] ExternalForce::RightGRF Data source being set to SRRun01_grf
[info] ExternalForce::LeftGRF Data source being set to SRRun01_grf
[info] Storage: read data file = SRRun01_grf.mot (nr=10005 nc=19)
[info] ExternalForce::RightGRF Data source being set to SRRun01_grf
[info] ExternalForce::LeftGRF Data source being set to SRRun01_grf
[info] Storage: read data file = SRRun01_grf.mot (nr=10005 nc=19)
[info] ExternalForce::RightGRF Data source being set to SRRun01_grf
[info] ExternalForce::LeftGRF Data source being set to SRRun01_grf
[info] Storage: read data file = SRRun01_grf.mot (nr=10005 nc=19)
[info] ExternalForce::RightGRF Data source being set to SRRun01_grf
[info] ExternalForce::LeftGRF Data source being set to SRRun01_grf
[info] Storage: read data file = SRRun01_grf.mot (nr=10005 nc=19)
[info] ExternalForce::RightGRF Data source being set to SRRun01_grf
[info] ExternalForce::LeftGRF Data source being set to SRRun01_grf
[info] Storage: read data file = SRRun01_grf.mot (nr=10005 nc=19)
[info] ExternalForce::RightGRF Data source being set to SRRun01_grf
[info] ExternalForce::LeftGRF Data source being set to SRRun01_grf
[info] Storage: read data file = SRRun01_grf.mot (nr=10005 nc=19)
[info] ExternalForce::RightGRF Data source being set to SRRun01_grf
[info] ExternalForce::LeftGRF Data source being set to SRRun01_grf
[info] Storage: read data file = SRRun01_grf.mot (nr=10005 nc=19)
[info] ExternalForce::RightGRF Data source being set to SRRun01_grf
[info] ExternalForce::LeftGRF Data source being set to SRRun01_grf
[info] Storage: read data file = SRRun01_grf.mot (nr=10005 nc=19)
[info] ExternalForce::RightGRF Data source being set to SRRun01_grf
[info] ExternalForce::LeftGRF Data source being set to SRRun01_grf
[info] Storage: read data file = SRRun01_grf.mot (nr=10005 nc=19)
[info] ExternalForce::RightGRF Data source being set to SRRun01_grf
[info] ExternalForce::LeftGRF Data source being set to SRRun01_grf
[info] Storage: read data file = SRRun01_grf.mot (nr=10005 nc=19)
[info] ExternalForce::RightGRF Data source being set to SRRun01_grf
[info] ExternalForce::LeftGRF Data source being set to SRRun01_grf
[info] Storage: read data file = SRRun01_grf.mot (nr=10005 nc=19)
[info] ExternalForce::RightGRF Data source being set to SRRun01_grf
[info] ExternalForce::LeftGRF Data source being set to SRRun01_grf
[info] Storage: read data file = SRRun01_grf.mot (nr=10005 nc=19)
[info] ExternalForce::RightGRF Data source being set to SRRun01_grf
[info] ExternalForce::LeftGRF Data source being set to SRRun01_grf
[info] Storage: read data file = SRRun01_grf.mot (nr=10005 nc=19)
[info] ExternalForce::RightGRF Data source being set to SRRun01_grf
[info] ExternalForce::LeftGRF Data source being set to SRRun01_grf
[info] Storage: read data file = SRRun01_grf.mot (nr=10005 nc=19)
[info] ExternalForce::RightGRF Data source being set to SRRun01_grf
[info] ExternalForce::LeftGRF Data source being set to SRRun01_grf
[info] Storage: read data file = SRRun01_grf.mot (nr=10005 nc=19)
[info] ExternalForce::RightGRF Data source being set to SRRun01_grf
[info] ExternalForce::LeftGRF Data source being set to SRRun01_grf
[info] Storage: read data file = SRRun01_grf.mot (nr=10005 nc=19)
[info] ExternalForce::RightGRF Data source being set to SRRun01_grf
[info] ExternalForce::LeftGRF Data source being set to SRRun01_grf
[info] Storage: read data file = SRRun01_grf.mot (nr=10005 nc=19)
[info] ExternalForce::RightGRF Data source being set to SRRun01_grf
[info] ExternalForce::LeftGRF Data source being set to SRRun01_grf
[info] Storage: read data file = SRRun01_grf.mot (nr=10005 nc=19)
[info] ExternalForce::RightGRF Data source being set to SRRun01_grf
[info] ExternalForce::LeftGRF Data source being set to SRRun01_grf
[info] Storage: read data file = SRRun01_grf.mot (nr=10005 nc=19)
[info] ExternalForce::RightGRF Data source being set to SRRun01_grf
[info] ExternalForce::LeftGRF Data source being set to SRRun01_grf
[info] Storage: read data file = SRRun01_grf.mot (nr=10005 nc=19)
[info] ExternalForce::RightGRF Data source being set to SRRun01_grf
[info] ExternalForce::LeftGRF Data source being set to SRRun01_grf
[info] Storage: read data file = SRRun01_grf.mot (nr=10005 nc=19)
[info] ExternalForce::RightGRF Data source being set to SRRun01_grf
[info] ExternalForce::LeftGRF Data source being set to SRRun01_grf
[info] Storage: read data file = SRRun01_grf.mot (nr=10005 nc=19)
[info] ExternalForce::RightGRF Data source being set to SRRun01_grf
[info] ExternalForce::LeftGRF Data source being set to SRRun01_grf
[info] Storage: read data file = SRRun01_grf.mot (nr=10005 nc=19)
[info] ExternalForce::RightGRF Data source being set to SRRun01_grf
[info] ExternalForce::LeftGRF Data source being set to SRRun01_grf
[info] Storage: read data file = SRRun01_grf.mot (nr=10005 nc=19)
[info] ExternalForce::RightGRF Data source being set to SRRun01_grf
[info] ExternalForce::LeftGRF Data source being set to SRRun01_grf
[info] Storage: read data file = SRRun01_grf.mot (nr=10005 nc=19)
[info] ExternalForce::RightGRF Data source being set to SRRun01_grf
[info] ExternalForce::LeftGRF Data source being set to SRRun01_grf
[info] Storage: read data file = SRRun01_grf.mot (nr=10005 nc=19)
[info] ExternalForce::RightGRF Data source being set to SRRun01_grf
[info] ExternalForce::LeftGRF Data source being set to SRRun01_grf
[info] Storage: read data file = SRRun01_grf.mot (nr=10005 nc=19)
[info] ExternalForce::RightGRF Data source being set to SRRun01_grf
[info] ExternalForce::LeftGRF Data source being set to SRRun01_grf
[info] Storage: read data file = SRRun01_grf.mot (nr=10005 nc=19)
[info] ExternalForce::RightGRF Data source being set to SRRun01_grf
[info] ExternalForce::LeftGRF Data source being set to SRRun01_grf
[info] Storage: read data file = SRRun01_grf.mot (nr=10005 nc=19)
[info] ExternalForce::RightGRF Data source being set to SRRun01_grf
[info] ExternalForce::LeftGRF Data source being set to SRRun01_grf
[info] Storage: read data file = SRRun01_grf.mot (nr=10005 nc=19)
[info] ExternalForce::RightGRF Data source being set to SRRun01_grf
[info] ExternalForce::LeftGRF Data source being set to SRRun01_grf
[info] Storage: read data file = SRRun01_grf.mot (nr=10005 nc=19)
[info] ExternalForce::RightGRF Data source being set to SRRun01_grf
[info] ExternalForce::LeftGRF Data source being set to SRRun01_grf
[info] Storage: read data file = SRRun01_grf.mot (nr=10005 nc=19)
[info] ExternalForce::RightGRF Data source being set to SRRun01_grf
[info] ExternalForce::LeftGRF Data source being set to SRRun01_grf
[info] Storage: read data file = SRRun01_grf.mot (nr=10005 nc=19)
[info] ExternalForce::RightGRF Data source being set to SRRun01_grf
[info] ExternalForce::LeftGRF Data source being set to SRRun01_grf
[info] Storage: read data file = SRRun01_grf.mot (nr=10005 nc=19)
[info] ExternalForce::RightGRF Data source being set to SRRun01_grf
[info] ExternalForce::LeftGRF Data source being set to SRRun01_grf
[info] Storage: read data file = SRRun01_grf.mot (nr=10005 nc=19)
[info] ExternalForce::RightGRF Data source being set to SRRun01_grf
[info] ExternalForce::LeftGRF Data source being set to SRRun01_grf
[info] Storage: read data file = SRRun01_grf.mot (nr=10005 nc=19)
[info] ExternalForce::RightGRF Data source being set to SRRun01_grf
[info] ExternalForce::LeftGRF Data source being set to SRRun01_grf
[info] Storage: read data file = SRRun01_grf.mot (nr=10005 nc=19)
[info] ExternalForce::RightGRF Data source being set to SRRun01_grf
[info] ExternalForce::LeftGRF Data source being set to SRRun01_grf
[info] Storage: read data file = SRRun01_grf.mot (nr=10005 nc=19)
[info] ExternalForce::RightGRF Data source being set to SRRun01_grf
[info] ExternalForce::LeftGRF Data source being set to SRRun01_grf
[info] Storage: read data file = SRRun01_grf.mot (nr=10005 nc=19)
[info] ExternalForce::RightGRF Data source being set to SRRun01_grf
[info] ExternalForce::LeftGRF Data source being set to SRRun01_grf
[info] Storage: read data file = SRRun01_grf.mot (nr=10005 nc=19)
[info] ExternalForce::RightGRF Data source being set to SRRun01_grf
[info] ExternalForce::LeftGRF Data source being set to SRRun01_grf
[info] Storage: read data file = SRRun01_grf.mot (nr=10005 nc=19)
[info] ExternalForce::RightGRF Data source being set to SRRun01_grf
[info] ExternalForce::LeftGRF Data source being set to SRRun01_grf
[info] Storage: read data file = SRRun01_grf.mot (nr=10005 nc=19)
[info] ExternalForce::RightGRF Data source being set to SRRun01_grf
[info] ExternalForce::LeftGRF Data source being set to SRRun01_grf
[info] Storage: read data file = SRRun01_grf.mot (nr=10005 nc=19)
[info] ExternalForce::RightGRF Data source being set to SRRun01_grf
[info] ExternalForce::LeftGRF Data source being set to SRRun01_grf
[info] Storage: read data file = SRRun01_grf.mot (nr=10005 nc=19)
[info] ExternalForce::RightGRF Data source being set to SRRun01_grf
[info] ExternalForce::LeftGRF Data source being set to SRRun01_grf
[info] Storage: read data file = SRRun01_grf.mot (nr=10005 nc=19)
[info] ExternalForce::RightGRF Data source being set to SRRun01_grf
[info] ExternalForce::LeftGRF Data source being set to SRRun01_grf
[info] Storage: read data file = SRRun01_grf.mot (nr=10005 nc=19)
[info] ExternalForce::RightGRF Data source being set to SRRun01_grf
[info] ExternalForce::LeftGRF Data source being set to SRRun01_grf
[info] Storage: read data file = SRRun01_grf.mot (nr=10005 nc=19)
[info] ExternalForce::RightGRF Data source being set to SRRun01_grf
[info] ExternalForce::LeftGRF Data source being set to SRRun01_grf
[info] Storage: read data file = SRRun01_grf.mot (nr=10005 nc=19)
[info] ExternalForce::RightGRF Data source being set to SRRun01_grf
[info] ExternalForce::LeftGRF Data source being set to SRRun01_grf
[info] Storage: read data file = SRRun01_grf.mot (nr=10005 nc=19)
[info] ExternalForce::RightGRF Data source being set to SRRun01_grf
[info] ExternalForce::LeftGRF Data source being set to SRRun01_grf
[info] Storage: read data file = SRRun01_grf.mot (nr=10005 nc=19)
[info] ExternalForce::RightGRF Data source being set to SRRun01_grf
[info] ExternalForce::LeftGRF Data source being set to SRRun01_grf
[info] Storage: read data file = SRRun01_grf.mot (nr=10005 nc=19)
[info] ExternalForce::RightGRF Data source being set to SRRun01_grf
[info] ExternalForce::LeftGRF Data source being set to SRRun01_grf
[info] Storage: read data file = SRRun01_grf.mot (nr=10005 nc=19)
[info] ExternalForce::RightGRF Data source being set to SRRun01_grf
[info] ExternalForce::LeftGRF Data source being set to SRRun01_grf
[info] Storage: read data file = SRRun01_grf.mot (nr=10005 nc=19)
[info] ExternalForce::RightGRF Data source being set to SRRun01_grf
[info] ExternalForce::LeftGRF Data source being set to SRRun01_grf
[info] Storage: read data file = SRRun01_grf.mot (nr=10005 nc=19)
[info] ExternalForce::RightGRF Data source being set to SRRun01_grf
[info] ExternalForce::LeftGRF Data source being set to SRRun01_grf
[info] Storage: read data file = SRRun01_grf.mot (nr=10005 nc=19)
[info] ExternalForce::RightGRF Data source being set to SRRun01_grf
[info] ExternalForce::LeftGRF Data source being set to SRRun01_grf
[info] Storage: read data file = SRRun01_grf.mot (nr=10005 nc=19)
[info] ExternalForce::RightGRF Data source being set to SRRun01_grf
[info] ExternalForce::LeftGRF Data source being set to SRRun01_grf
[info] Storage: read data file = SRRun01_grf.mot (nr=10005 nc=19)
[info] ExternalForce::RightGRF Data source being set to SRRun01_grf
[info] ExternalForce::LeftGRF Data source being set to SRRun01_grf
[info] Storage: read data file = SRRun01_grf.mot (nr=10005 nc=19)
[info] ExternalForce::RightGRF Data source being set to SRRun01_grf
[info] ExternalForce::LeftGRF Data source being set to SRRun01_grf
[info] Storage: read data file = SRRun01_grf.mot (nr=10005 nc=19)
[info] ExternalForce::RightGRF Data source being set to SRRun01_grf
[info] ExternalForce::LeftGRF Data source being set to SRRun01_grf
[info] Storage: read data file = SRRun01_grf.mot (nr=10005 nc=19)
[info] ExternalForce::RightGRF Data source being set to SRRun01_grf
[info] ExternalForce::LeftGRF Data source being set to SRRun01_grf
[info] Storage: read data file = SRRun01_grf.mot (nr=10005 nc=19)
[info] ExternalForce::RightGRF Data source being set to SRRun01_grf
[info] ExternalForce::LeftGRF Data source being set to SRRun01_grf
[info] Storage: read data file = SRRun01_grf.mot (nr=10005 nc=19)
[info] ExternalForce::RightGRF Data source being set to SRRun01_grf
[info] ExternalForce::LeftGRF Data source being set to SRRun01_grf
[info] Storage: read data file = SRRun01_grf.mot (nr=10005 nc=19)
[info] ExternalForce::RightGRF Data source being set to SRRun01_grf
[info] ExternalForce::LeftGRF Data source being set to SRRun01_grf
[info] Storage: read data file = SRRun01_grf.mot (nr=10005 nc=19)
[info] ExternalForce::RightGRF Data source being set to SRRun01_grf
[info] ExternalForce::LeftGRF Data source being set to SRRun01_grf
[info] Storage: read data file = SRRun01_grf.mot (nr=10005 nc=19)
[info] ExternalForce::RightGRF Data source being set to SRRun01_grf
[info] ExternalForce::LeftGRF Data source being set to SRRun01_grf
[info] Storage: read data file = SRRun01_grf.mot (nr=10005 nc=19)
[info] ExternalForce::RightGRF Data source being set to SRRun01_grf
[info] ExternalForce::LeftGRF Data source being set to SRRun01_grf
[info] Storage: read data file = SRRun01_grf.mot (nr=10005 nc=19)
[info] ExternalForce::RightGRF Data source being set to SRRun01_grf
[info] ExternalForce::LeftGRF Data source being set to SRRun01_grf
[info] Storage: read data file = SRRun01_grf.mot (nr=10005 nc=19)
[info] ExternalForce::RightGRF Data source being set to SRRun01_grf
[info] ExternalForce::LeftGRF Data source being set to SRRun01_grf
[info] Storage: read data file = SRRun01_grf.mot (nr=10005 nc=19)
[info] ExternalForce::RightGRF Data source being set to SRRun01_grf
[info] ExternalForce::LeftGRF Data source being set to SRRun01_grf
[info] Storage: read data file = SRRun01_grf.mot (nr=10005 nc=19)
[info] ExternalForce::RightGRF Data source being set to SRRun01_grf
[info] ExternalForce::LeftGRF Data source being set to SRRun01_grf
[info] Storage: read data file = SRRun01_grf.mot (nr=10005 nc=19)
[info] ExternalForce::RightGRF Data source being set to SRRun01_grf
[info] ExternalForce::LeftGRF Data source being set to SRRun01_grf
[info] Storage: read data file = SRRun01_grf.mot (nr=10005 nc=19)
[info] ExternalForce::RightGRF Data source being set to SRRun01_grf
[info] ExternalForce::LeftGRF Data source being set to SRRun01_grf
[info] Storage: read data file = SRRun01_grf.mot (nr=10005 nc=19)
[info] ExternalForce::RightGRF Data source being set to SRRun01_grf
[info] ExternalForce::LeftGRF Data source being set to SRRun01_grf
[info] Storage: read data file = SRRun01_grf.mot (nr=10005 nc=19)
[info] ExternalForce::RightGRF Data source being set to SRRun01_grf
[info] ExternalForce::LeftGRF Data source being set to SRRun01_grf
[info] Storage: read data file = SRRun01_grf.mot (nr=10005 nc=19)
[info] ExternalForce::RightGRF Data source being set to SRRun01_grf
[info] ExternalForce::LeftGRF Data source being set to SRRun01_grf
[info] Storage: read data file = SRRun01_grf.mot (nr=10005 nc=19)
[info] ExternalForce::RightGRF Data source being set to SRRun01_grf
[info] ExternalForce::LeftGRF Data source being set to SRRun01_grf
[info] Storage: read data file = SRRun01_grf.mot (nr=10005 nc=19)
[info] ExternalForce::RightGRF Data source being set to SRRun01_grf
[info] ExternalForce::LeftGRF Data source being set to SRRun01_grf
[info] Storage: read data file = SRRun01_grf.mot (nr=10005 nc=19)
[info] ExternalForce::RightGRF Data source being set to SRRun01_grf
[info] ExternalForce::LeftGRF Data source being set to SRRun01_grf
[info] Storage: read data file = SRRun01_grf.mot (nr=10005 nc=19)
[info] ExternalForce::RightGRF Data source being set to SRRun01_grf
[info] ExternalForce::LeftGRF Data source being set to SRRun01_grf
[info] Storage: read data file = SRRun01_grf.mot (nr=10005 nc=19)
[info] ExternalForce::RightGRF Data source being set to SRRun01_grf
[info] ExternalForce::LeftGRF Data source being set to SRRun01_grf
[info] Storage: read data file = SRRun01_grf.mot (nr=10005 nc=19)
[info] ExternalForce::RightGRF Data source being set to SRRun01_grf
[info] ExternalForce::LeftGRF Data source being set to SRRun01_grf
[info] Storage: read data file = SRRun01_grf.mot (nr=10005 nc=19)
[info] ExternalForce::RightGRF Data source being set to SRRun01_grf
[info] ExternalForce::LeftGRF Data source being set to SRRun01_grf
[info] Storage: read data file = SRRun01_grf.mot (nr=10005 nc=19)
[info] ExternalForce::RightGRF Data source being set to SRRun01_grf
[info] ExternalForce::LeftGRF Data source being set to SRRun01_grf
[info] Storage: read data file = SRRun01_grf.mot (nr=10005 nc=19)
[info] ExternalForce::RightGRF Data source being set to SRRun01_grf
[info] ExternalForce::LeftGRF Data source being set to SRRun01_grf
[info] Storage: read data file = SRRun01_grf.mot (nr=10005 nc=19)
[info] ExternalForce::RightGRF Data source being set to SRRun01_grf
[info] ExternalForce::LeftGRF Data source being set to SRRun01_grf
[info] Storage: read data file = SRRun01_grf.mot (nr=10005 nc=19)
[info] ExternalForce::RightGRF Data source being set to SRRun01_grf
[info] ExternalForce::LeftGRF Data source being set to SRRun01_grf
[info] Storage: read data file = SRRun01_grf.mot (nr=10005 nc=19)
[info] ExternalForce::RightGRF Data source being set to SRRun01_grf
[info] ExternalForce::LeftGRF Data source being set to SRRun01_grf
[info] Storage: read data file = SRRun01_grf.mot (nr=10005 nc=19)
[info] ExternalForce::RightGRF Data source being set to SRRun01_grf
[info] ExternalForce::LeftGRF Data source being set to SRRun01_grf
[info] Storage: read data file = SRRun01_grf.mot (nr=10005 nc=19)
[info] ExternalForce::RightGRF Data source being set to SRRun01_grf
[info] ExternalForce::LeftGRF Data source being set to SRRun01_grf
[info] Storage: read data file = SRRun01_grf.mot (nr=10005 nc=19)
[info] ExternalForce::RightGRF Data source being set to SRRun01_grf
[info] ExternalForce::LeftGRF Data source being set to SRRun01_grf
[info] Storage: read data file = SRRun01_grf.mot (nr=10005 nc=19)
[info] ExternalForce::RightGRF Data source being set to SRRun01_grf
[info] ExternalForce::LeftGRF Data source being set to SRRun01_grf
[info] Storage: read data file = SRRun01_grf.mot (nr=10005 nc=19)
[info] ExternalForce::RightGRF Data source being set to SRRun01_grf
[info] ExternalForce::LeftGRF Data source being set to SRRun01_grf
[info] Storage: read data file = SRRun01_grf.mot (nr=10005 nc=19)
[info] ExternalForce::RightGRF Data source being set to SRRun01_grf
[info] ExternalForce::LeftGRF Data source being set to SRRun01_grf
[info] Storage: read data file = SRRun01_grf.mot (nr=10005 nc=19)
[info] ExternalForce::RightGRF Data source being set to SRRun01_grf
[info] ExternalForce::LeftGRF Data source being set to SRRun01_grf
[info] Storage: read data file = SRRun01_grf.mot (nr=10005 nc=19)
[info] ExternalForce::RightGRF Data source being set to SRRun01_grf
[info] ExternalForce::LeftGRF Data source being set to SRRun01_grf
[info] Storage: read data file = SRRun01_grf.mot (nr=10005 nc=19)
[info] ExternalForce::RightGRF Data source being set to SRRun01_grf
[info] ExternalForce::LeftGRF Data source being set to SRRun01_grf
[info] Storage: read data file = SRRun01_grf.mot (nr=10005 nc=19)
[info] ExternalForce::RightGRF Data source being set to SRRun01_grf
[info] ExternalForce::LeftGRF Data source being set to SRRun01_grf
[info] Storage: read data file = SRRun01_grf.mot (nr=10005 nc=19)
[info] ExternalForce::RightGRF Data source being set to SRRun01_grf
[info] ExternalForce::LeftGRF Data source being set to SRRun01_grf
[info] Storage: read data file = SRRun01_grf.mot (nr=10005 nc=19)
[info] ExternalForce::RightGRF Data source being set to SRRun01_grf
[info] ExternalForce::LeftGRF Data source being set to SRRun01_grf
[info] Storage: read data file = SRRun01_grf.mot (nr=10005 nc=19)
[info] ExternalForce::RightGRF Data source being set to SRRun01_grf
[info] ExternalForce::LeftGRF Data source being set to SRRun01_grf
[info] Storage: read data file = SRRun01_grf.mot (nr=10005 nc=19)
[info] ExternalForce::RightGRF Data source being set to SRRun01_grf
[info] ExternalForce::LeftGRF Data source being set to SRRun01_grf
[info] Storage: read data file = SRRun01_grf.mot (nr=10005 nc=19)
[info] ExternalForce::RightGRF Data source being set to SRRun01_grf
[info] ExternalForce::LeftGRF Data source being set to SRRun01_grf
[info] Storage: read data file = SRRun01_grf.mot (nr=10005 nc=19)
[info] ExternalForce::RightGRF Data source being set to SRRun01_grf
[info] ExternalForce::LeftGRF Data source being set to SRRun01_grf
[info] Storage: read data file = SRRun01_grf.mot (nr=10005 nc=19)
[info] ExternalForce::RightGRF Data source being set to SRRun01_grf
[info] ExternalForce::LeftGRF Data source being set to SRRun01_grf
[info] Storage: read data file = SRRun01_grf.mot (nr=10005 nc=19)
[info] ExternalForce::RightGRF Data source being set to SRRun01_grf
[info] ExternalForce::LeftGRF Data source being set to SRRun01_grf
[info] Storage: read data file = SRRun01_grf.mot (nr=10005 nc=19)
[info] ExternalForce::RightGRF Data source being set to SRRun01_grf
[info] ExternalForce::LeftGRF Data source being set to SRRun01_grf
[info] Storage: read data file = SRRun01_grf.mot (nr=10005 nc=19)
[info] ExternalForce::RightGRF Data source being set to SRRun01_grf
[info] ExternalForce::LeftGRF Data source being set to SRRun01_grf
[info] Storage: read data file = SRRun01_grf.mot (nr=10005 nc=19)
[info] ExternalForce::RightGRF Data source being set to SRRun01_grf
[info] ExternalForce::LeftGRF Data source being set to SRRun01_grf
[info] Storage: read data file = SRRun01_grf.mot (nr=10005 nc=19)
[info] ExternalForce::RightGRF Data source being set to SRRun01_grf
[info] ExternalForce::LeftGRF Data source being set to SRRun01_grf
[info] Storage: read data file = SRRun01_grf.mot (nr=10005 nc=19)
[info] ExternalForce::RightGRF Data source being set to SRRun01_grf
[info] ExternalForce::LeftGRF Data source being set to SRRun01_grf
[info] Storage: read data file = SRRun01_grf.mot (nr=10005 nc=19)
[info] ExternalForce::RightGRF Data source being set to SRRun01_grf
[info] ExternalForce::LeftGRF Data source being set to SRRun01_grf
[info] Storage: read data file = SRRun01_grf.mot (nr=10005 nc=19)
[info] ExternalForce::RightGRF Data source being set to SRRun01_grf
[info] ExternalForce::LeftGRF Data source being set to SRRun01_grf
[info] Storage: read data file = SRRun01_grf.mot (nr=10005 nc=19)
[info] ExternalForce::RightGRF Data source being set to SRRun01_grf
[info] ExternalForce::LeftGRF Data source being set to SRRun01_grf
[info] Storage: read data file = SRRun01_grf.mot (nr=10005 nc=19)
[info] ExternalForce::RightGRF Data source being set to SRRun01_grf
[info] ExternalForce::LeftGRF Data source being set to SRRun01_grf
[info] Storage: read data file = SRRun01_grf.mot (nr=10005 nc=19)
[info] ExternalForce::RightGRF Data source being set to SRRun01_grf
[info] ExternalForce::LeftGRF Data source being set to SRRun01_grf
[info] Storage: read data file = SRRun01_grf.mot (nr=10005 nc=19)
[info] ExternalForce::RightGRF Data source being set to SRRun01_grf
[info] ExternalForce::LeftGRF Data source being set to SRRun01_grf
[info] Storage: read data file = SRRun01_grf.mot (nr=10005 nc=19)
[info] ExternalForce::RightGRF Data source being set to SRRun01_grf
[info] ExternalForce::LeftGRF Data source being set to SRRun01_grf
[info] Storage: read data file = SRRun01_grf.mot (nr=10005 nc=19)
[info] ExternalForce::RightGRF Data source being set to SRRun01_grf
[info] ExternalForce::LeftGRF Data source being set to SRRun01_grf
[info] Storage: read data file = SRRun01_grf.mot (nr=10005 nc=19)
[info] ExternalForce::RightGRF Data source being set to SRRun01_grf
[info] ExternalForce::LeftGRF Data source being set to SRRun01_grf
[info] Storage: read data file = SRRun01_grf.mot (nr=10005 nc=19)
[info] ExternalForce::RightGRF Data source being set to SRRun01_grf
[info] ExternalForce::LeftGRF Data source being set to SRRun01_grf
[info] Storage: read data file = SRRun01_grf.mot (nr=10005 nc=19)
[info] ExternalForce::RightGRF Data source being set to SRRun01_grf
[info] ExternalForce::LeftGRF Data source being set to SRRun01_grf
[info] Storage: read data file = SRRun01_grf.mot (nr=10005 nc=19)
[info] ExternalForce::RightGRF Data source being set to SRRun01_grf
[info] ExternalForce::LeftGRF Data source being set to SRRun01_grf
[info] Storage: read data file = SRRun01_grf.mot (nr=10005 nc=19)
[info] ExternalForce::RightGRF Data source being set to SRRun01_grf
[info] ExternalForce::LeftGRF Data source being set to SRRun01_grf
[info] Storage: read data file = SRRun01_grf.mot (nr=10005 nc=19)
[info] ExternalForce::RightGRF Data source being set to SRRun01_grf
[info] ExternalForce::LeftGRF Data source being set to SRRun01_grf
[info] Storage: read data file = SRRun01_grf.mot (nr=10005 nc=19)
[info] ExternalForce::RightGRF Data source being set to SRRun01_grf
[info] ExternalForce::LeftGRF Data source being set to SRRun01_grf
[info] Storage: read data file = SRRun01_grf.mot (nr=10005 nc=19)
[info] ExternalForce::RightGRF Data source being set to SRRun01_grf
[info] ExternalForce::LeftGRF Data source being set to SRRun01_grf
[info] Storage: read data file = SRRun01_grf.mot (nr=10005 nc=19)
[info] ExternalForce::RightGRF Data source being set to SRRun01_grf
[info] ExternalForce::LeftGRF Data source being set to SRRun01_grf
[info] Storage: read data file = SRRun01_grf.mot (nr=10005 nc=19)
[info] ExternalForce::RightGRF Data source being set to SRRun01_grf
[info] ExternalForce::LeftGRF Data source being set to SRRun01_grf
[info] Storage: read data file = SRRun01_grf.mot (nr=10005 nc=19)
[info] ExternalForce::RightGRF Data source being set to SRRun01_grf
[info] ExternalForce::LeftGRF Data source being set to SRRun01_grf
[info] Storage: read data file = SRRun01_grf.mot (nr=10005 nc=19)
[info] ExternalForce::RightGRF Data source being set to SRRun01_grf
[info] ExternalForce::LeftGRF Data source being set to SRRun01_grf
[info] Storage: read data file = SRRun01_grf.mot (nr=10005 nc=19)
[info] ExternalForce::RightGRF Data source being set to SRRun01_grf
[info] ExternalForce::LeftGRF Data source being set to SRRun01_grf
[info] Storage: read data file = SRRun01_grf.mot (nr=10005 nc=19)
[info] ExternalForce::RightGRF Data source being set to SRRun01_grf
[info] ExternalForce::LeftGRF Data source being set to SRRun01_grf
[info] Storage: read data file = SRRun01_grf.mot (nr=10005 nc=19)
[info] ExternalForce::RightGRF Data source being set to SRRun01_grf
[info] ExternalForce::LeftGRF Data source being set to SRRun01_grf
[info] Storage: read data file = SRRun01_grf.mot (nr=10005 nc=19)
[info] ExternalForce::RightGRF Data source being set to SRRun01_grf
[info] ExternalForce::LeftGRF Data source being set to SRRun01_grf
[info] Storage: read data file = SRRun01_grf.mot (nr=10005 nc=19)
[info] ExternalForce::RightGRF Data source being set to SRRun01_grf
[info] ExternalForce::LeftGRF Data source being set to SRRun01_grf
[info] Storage: read data file = SRRun01_grf.mot (nr=10005 nc=19)
[info] ExternalForce::RightGRF Data source being set to SRRun01_grf
[info] ExternalForce::LeftGRF Data source being set to SRRun01_grf
[info] Storage: read data file = SRRun01_grf.mot (nr=10005 nc=19)
[info] ExternalForce::RightGRF Data source being set to SRRun01_grf
[info] ExternalForce::LeftGRF Data source being set to SRRun01_grf
[info] Storage: read data file = SRRun01_grf.mot (nr=10005 nc=19)
[info] ExternalForce::RightGRF Data source being set to SRRun01_grf
[info] ExternalForce::LeftGRF Data source being set to SRRun01_grf
[info] Storage: read data file = SRRun01_grf.mot (nr=10005 nc=19)
[info] ExternalForce::RightGRF Data source being set to SRRun01_grf
[info] ExternalForce::LeftGRF Data source being set to SRRun01_grf
[info] Storage: read data file = SRRun01_grf.mot (nr=10005 nc=19)
[info] ExternalForce::RightGRF Data source being set to SRRun01_grf
[info] ExternalForce::LeftGRF Data source being set to SRRun01_grf
[info] Storage: read data file = SRRun01_grf.mot (nr=10005 nc=19)
[info] ExternalForce::RightGRF Data source being set to SRRun01_grf
[info] ExternalForce::LeftGRF Data source being set to SRRun01_grf
[info] Storage: read data file = SRRun01_grf.mot (nr=10005 nc=19)
[info] ExternalForce::RightGRF Data source being set to SRRun01_grf
[info] ExternalForce::LeftGRF Data source being set to SRRun01_grf
[info] Storage: read data file = SRRun01_grf.mot (nr=10005 nc=19)
[info] ExternalForce::RightGRF Data source being set to SRRun01_grf
[info] ExternalForce::LeftGRF Data source being set to SRRun01_grf
[info] Storage: read data file = SRRun01_grf.mot (nr=10005 nc=19)
[info] ExternalForce::RightGRF Data source being set to SRRun01_grf
[info] ExternalForce::LeftGRF Data source being set to SRRun01_grf
[info] Storage: read data file = SRRun01_grf.mot (nr=10005 nc=19)
[info] ExternalForce::RightGRF Data source being set to SRRun01_grf
[info] ExternalForce::LeftGRF Data source being set to SRRun01_grf
[info] Storage: read data file = SRRun01_grf.mot (nr=10005 nc=19)
[info] ExternalForce::RightGRF Data source being set to SRRun01_grf
[info] ExternalForce::LeftGRF Data source being set to SRRun01_grf
[info] Storage: read data file = SRRun01_grf.mot (nr=10005 nc=19)
[info] ExternalForce::RightGRF Data source being set to SRRun01_grf
[info] ExternalForce::LeftGRF Data source being set to SRRun01_grf
[info] Storage: read data file = SRRun01_grf.mot (nr=10005 nc=19)
[info] ExternalForce::RightGRF Data source being set to SRRun01_grf
[info] ExternalForce::LeftGRF Data source being set to SRRun01_grf
[info] Storage: read data file = SRRun01_grf.mot (nr=10005 nc=19)
[info] ExternalForce::RightGRF Data source being set to SRRun01_grf
[info] ExternalForce::LeftGRF Data source being set to SRRun01_grf
[info] Storage: read data file = SRRun01_grf.mot (nr=10005 nc=19)
[info] ExternalForce::RightGRF Data source being set to SRRun01_grf
[info] ExternalForce::LeftGRF Data source being set to SRRun01_grf
[info] Storage: read data file = SRRun01_grf.mot (nr=10005 nc=19)
[info] ExternalForce::RightGRF Data source being set to SRRun01_grf
[info] ExternalForce::LeftGRF Data source being set to SRRun01_grf
[info] Storage: read data file = SRRun01_grf.mot (nr=10005 nc=19)
[info] ExternalForce::RightGRF Data source being set to SRRun01_grf
[info] ExternalForce::LeftGRF Data source being set to SRRun01_grf
[info] Storage: read data file = SRRun01_grf.mot (nr=10005 nc=19)
[info] ExternalForce::RightGRF Data source being set to SRRun01_grf
[info] ExternalForce::LeftGRF Data source being set to SRRun01_grf
[info] Storage: read data file = SRRun01_grf.mot (nr=10005 nc=19)
[info] ExternalForce::RightGRF Data source being set to SRRun01_grf
[info] ExternalForce::LeftGRF Data source being set to SRRun01_grf
[info] Storage: read data file = SRRun01_grf.mot (nr=10005 nc=19)
[info] ExternalForce::RightGRF Data source being set to SRRun01_grf
[info] ExternalForce::LeftGRF Data source being set to SRRun01_grf
[info] Storage: read data file = SRRun01_grf.mot (nr=10005 nc=19)
[info] ExternalForce::RightGRF Data source being set to SRRun01_grf
[info] ExternalForce::LeftGRF Data source being set to SRRun01_grf
[info] Storage: read data file = SRRun01_grf.mot (nr=10005 nc=19)
[info] ExternalForce::RightGRF Data source being set to SRRun01_grf
[info] ExternalForce::LeftGRF Data source being set to SRRun01_grf
[info] Storage: read data file = SRRun01_grf.mot (nr=10005 nc=19)
[info] ExternalForce::RightGRF Data source being set to SRRun01_grf
[info] ExternalForce::LeftGRF Data source being set to SRRun01_grf
[info] Storage: read data file = SRRun01_grf.mot (nr=10005 nc=19)
[info] ExternalForce::RightGRF Data source being set to SRRun01_grf
[info] ExternalForce::LeftGRF Data source being set to SRRun01_grf
[info] Storage: read data file = SRRun01_grf.mot (nr=10005 nc=19)
[info] ExternalForce::RightGRF Data source being set to SRRun01_grf
[info] ExternalForce::LeftGRF Data source being set to SRRun01_grf
[info] Storage: read data file = SRRun01_grf.mot (nr=10005 nc=19)
[info] ExternalForce::RightGRF Data source being set to SRRun01_grf
[info] ExternalForce::LeftGRF Data source being set to SRRun01_grf
[info] Storage: read data file = SRRun01_grf.mot (nr=10005 nc=19)
[info] ExternalForce::RightGRF Data source being set to SRRun01_grf
[info] ExternalForce::LeftGRF Data source being set to SRRun01_grf
[info] Storage: read data file = SRRun01_grf.mot (nr=10005 nc=19)
[info] ExternalForce::RightGRF Data source being set to SRRun01_grf
[info] ExternalForce::LeftGRF Data source being set to SRRun01_grf
[info] Storage: read data file = SRRun01_grf.mot (nr=10005 nc=19)
[info] ExternalForce::RightGRF Data source being set to SRRun01_grf
[info] ExternalForce::LeftGRF Data source being set to SRRun01_grf
[info] Storage: read data file = SRRun01_grf.mot (nr=10005 nc=19)
[info] ExternalForce::RightGRF Data source being set to SRRun01_grf
[info] ExternalForce::LeftGRF Data source being set to SRRun01_grf
[info] Storage: read data file = SRRun01_grf.mot (nr=10005 nc=19)
[info] ExternalForce::RightGRF Data source being set to SRRun01_grf
[info] ExternalForce::LeftGRF Data source being set to SRRun01_grf
[info] Storage: read data file = SRRun01_grf.mot (nr=10005 nc=19)
[info] ExternalForce::RightGRF Data source being set to SRRun01_grf
[info] ExternalForce::LeftGRF Data source being set to SRRun01_grf
[info] Storage: read data file = SRRun01_grf.mot (nr=10005 nc=19)
[info] ExternalForce::RightGRF Data source being set to SRRun01_grf
[info] ExternalForce::LeftGRF Data source being set to SRRun01_grf
[info] Storage: read data file = SRRun01_grf.mot (nr=10005 nc=19)
[info] ExternalForce::RightGRF Data source being set to SRRun01_grf
[info] ExternalForce::LeftGRF Data source being set to SRRun01_grf
[info] Storage: read data file = SRRun01_grf.mot (nr=10005 nc=19)
[info] ExternalForce::RightGRF Data source being set to SRRun01_grf
[info] ExternalForce::LeftGRF Data source being set to SRRun01_grf
[info] Storage: read data file = SRRun01_grf.mot (nr=10005 nc=19)
[info] ExternalForce::RightGRF Data source being set to SRRun01_grf
[info] ExternalForce::LeftGRF Data source being set to SRRun01_grf
[info] Storage: read data file = SRRun01_grf.mot (nr=10005 nc=19)
[info] ExternalForce::RightGRF Data source being set to SRRun01_grf
[info] ExternalForce::LeftGRF Data source being set to SRRun01_grf
[info] Storage: read data file = SRRun01_grf.mot (nr=10005 nc=19)
[info] ExternalForce::RightGRF Data source being set to SRRun01_grf
[info] ExternalForce::LeftGRF Data source being set to SRRun01_grf
[info] Storage: read data file = SRRun01_grf.mot (nr=10005 nc=19)
[info] ExternalForce::RightGRF Data source being set to SRRun01_grf
[info] ExternalForce::LeftGRF Data source being set to SRRun01_grf
[info] Storage: read data file = SRRun01_grf.mot (nr=10005 nc=19)
[info] ExternalForce::RightGRF Data source being set to SRRun01_grf
[info] ExternalForce::LeftGRF Data source being set to SRRun01_grf
[info] Storage: read data file = SRRun01_grf.mot (nr=10005 nc=19)
[info] ExternalForce::RightGRF Data source being set to SRRun01_grf
[info] ExternalForce::LeftGRF Data source being set to SRRun01_grf
[info] Storage: read data file = SRRun01_grf.mot (nr=10005 nc=19)
[info] ExternalForce::RightGRF Data source being set to SRRun01_grf
[info] ExternalForce::LeftGRF Data source being set to SRRun01_grf
[info] Storage: read data file = SRRun01_grf.mot (nr=10005 nc=19)
[info] ExternalForce::RightGRF Data source being set to SRRun01_grf
[info] ExternalForce::LeftGRF Data source being set to SRRun01_grf
[info] Storage: read data file = SRRun01_grf.mot (nr=10005 nc=19)
[info] ExternalForce::RightGRF Data source being set to SRRun01_grf
[info] ExternalForce::LeftGRF Data source being set to SRRun01_grf
[info] Storage: read data file = SRRun01_grf.mot (nr=10005 nc=19)
[info] ExternalForce::RightGRF Data source being set to SRRun01_grf
[info] ExternalForce::LeftGRF Data source being set to SRRun01_grf
[info] Storage: read data file = SRRun01_grf.mot (nr=10005 nc=19)
[info] ExternalForce::RightGRF Data source being set to SRRun01_grf
[info] ExternalForce::LeftGRF Data source being set to SRRun01_grf
[info] Storage: read data file = SRRun01_grf.mot (nr=10005 nc=19)
[info] ExternalForce::RightGRF Data source being set to SRRun01_grf
[info] ExternalForce::LeftGRF Data source being set to SRRun01_grf
[info] Storage: read data file = SRRun01_grf.mot (nr=10005 nc=19)
[info] ExternalForce::RightGRF Data source being set to SRRun01_grf
[info] ExternalForce::LeftGRF Data source being set to SRRun01_grf
[info] Storage: read data file = SRRun01_grf.mot (nr=10005 nc=19)
[info] ExternalForce::RightGRF Data source being set to SRRun01_grf
[info] ExternalForce::LeftGRF Data source being set to SRRun01_grf
[info] Storage: read data file = SRRun01_grf.mot (nr=10005 nc=19)
[info] ExternalForce::RightGRF Data source being set to SRRun01_grf
[info] ExternalForce::LeftGRF Data source being set to SRRun01_grf
[info] Storage: read data file = SRRun01_grf.mot (nr=10005 nc=19)
[info] ExternalForce::RightGRF Data source being set to SRRun01_grf
[info] ExternalForce::LeftGRF Data source being set to SRRun01_grf
[info] Storage: read data file = SRRun01_grf.mot (nr=10005 nc=19)
[info] ExternalForce::RightGRF Data source being set to SRRun01_grf
[info] ExternalForce::LeftGRF Data source being set to SRRun01_grf
[info] Storage: read data file = SRRun01_grf.mot (nr=10005 nc=19)
[info] ExternalForce::RightGRF Data source being set to SRRun01_grf
[info] ExternalForce::LeftGRF Data source being set to SRRun01_grf
[info] Storage: read data file = SRRun01_grf.mot (nr=10005 nc=19)
[info] ExternalForce::RightGRF Data source being set to SRRun01_grf
[info] ExternalForce::LeftGRF Data source being set to SRRun01_grf
[info] Storage: read data file = SRRun01_grf.mot (nr=10005 nc=19)
[info] ExternalForce::RightGRF Data source being set to SRRun01_grf
[info] ExternalForce::LeftGRF Data source being set to SRRun01_grf
[info] Storage: read data file = SRRun01_grf.mot (nr=10005 nc=19)
[info] ExternalForce::RightGRF Data source being set to SRRun01_grf
[info] ExternalForce::LeftGRF Data source being set to SRRun01_grf
[info] Storage: read data file = SRRun01_grf.mot (nr=10005 nc=19)
[info] ExternalForce::RightGRF Data source being set to SRRun01_grf
[info] ExternalForce::LeftGRF Data source being set to SRRun01_grf
[info] Storage: read data file = SRRun01_grf.mot (nr=10005 nc=19)
[info] ExternalForce::RightGRF Data source being set to SRRun01_grf
[info] ExternalForce::LeftGRF Data source being set to SRRun01_grf
[info] Storage: read data file = SRRun01_grf.mot (nr=10005 nc=19)
[info] ExternalForce::RightGRF Data source being set to SRRun01_grf
[info] ExternalForce::LeftGRF Data source being set to SRRun01_grf
[info] Storage: read data file = SRRun01_grf.mot (nr=10005 nc=19)
[info] ExternalForce::RightGRF Data source being set to SRRun01_grf
[info] ExternalForce::LeftGRF Data source being set to SRRun01_grf
[info] Storage: read data file = SRRun01_grf.mot (nr=10005 nc=19)
[info] ExternalForce::RightGRF Data source being set to SRRun01_grf
[info] ExternalForce::LeftGRF Data source being set to SRRun01_grf
[info] Storage: read data file = SRRun01_grf.mot (nr=10005 nc=19)
[info] ExternalForce::RightGRF Data source being set to SRRun01_grf
[info] ExternalForce::LeftGRF Data source being set to SRRun01_grf
[info] Storage: read data file = SRRun01_grf.mot (nr=10005 nc=19)
[info] ExternalForce::RightGRF Data source being set to SRRun01_grf
[info] ExternalForce::LeftGRF Data source being set to SRRun01_grf
[info] Storage: read data file = SRRun01_grf.mot (nr=10005 nc=19)
[info] ExternalForce::RightGRF Data source being set to SRRun01_grf
[info] ExternalForce::LeftGRF Data source being set to SRRun01_grf
[info] Storage: read data file = SRRun01_grf.mot (nr=10005 nc=19)
[info] ExternalForce::RightGRF Data source being set to SRRun01_grf
[info] ExternalForce::LeftGRF Data source being set to SRRun01_grf
[info] Storage: read data file = SRRun01_grf.mot (nr=10005 nc=19)
[info] ExternalForce::RightGRF Data source being set to SRRun01_grf
[info] ExternalForce::LeftGRF Data source being set to SRRun01_grf
[info] Storage: read data file = SRRun01_grf.mot (nr=10005 nc=19)
[info] ExternalForce::RightGRF Data source being set to SRRun01_grf
[info] ExternalForce::LeftGRF Data source being set to SRRun01_grf
[info] Storage: read data file = SRRun01_grf.mot (nr=10005 nc=19)
[info] ExternalForce::RightGRF Data source being set to SRRun01_grf
[info] ExternalForce::LeftGRF Data source being set to SRRun01_grf
[info] Storage: read data file = SRRun01_grf.mot (nr=10005 nc=19)
[info] ExternalForce::RightGRF Data source being set to SRRun01_grf
[info] ExternalForce::LeftGRF Data source being set to SRRun01_grf
[info] Storage: read data file = SRRun01_grf.mot (nr=10005 nc=19)
[info] ExternalForce::RightGRF Data source being set to SRRun01_grf
[info] ExternalForce::LeftGRF Data source being set to SRRun01_grf
[info] Storage: read data file = SRRun01_grf.mot (nr=10005 nc=19)
[info] ExternalForce::RightGRF Data source being set to SRRun01_grf
[info] ExternalForce::LeftGRF Data source being set to SRRun01_grf
[info] Storage: read data file = SRRun01_grf.mot (nr=10005 nc=19)
[info] ExternalForce::RightGRF Data source being set to SRRun01_grf
[info] ExternalForce::LeftGRF Data source being set to SRRun01_grf
[info] Storage: read data file = SRRun01_grf.mot (nr=10005 nc=19)
[info] ExternalForce::RightGRF Data source being set to SRRun01_grf
[info] ExternalForce::LeftGRF Data source being set to SRRun01_grf
[info] Storage: read data file = SRRun01_grf.mot (nr=10005 nc=19)
[info] ExternalForce::RightGRF Data source being set to SRRun01_grf
[info] ExternalForce::LeftGRF Data source being set to SRRun01_grf
[info] Storage: read data file = SRRun01_grf.mot (nr=10005 nc=19)
[info] ExternalForce::RightGRF Data source being set to SRRun01_grf
[info] ExternalForce::LeftGRF Data source being set to SRRun01_grf
[info] Storage: read data file = SRRun01_grf.mot (nr=10005 nc=19)
[info] ExternalForce::RightGRF Data source being set to SRRun01_grf
[info] ExternalForce::LeftGRF Data source being set to SRRun01_grf
[info] Storage: read data file = SRRun01_grf.mot (nr=10005 nc=19)
[info] ExternalForce::RightGRF Data source being set to SRRun01_grf
[info] ExternalForce::LeftGRF Data source being set to SRRun01_grf
[info] Storage: read data file = SRRun01_grf.mot (nr=10005 nc=19)
[info] ExternalForce::RightGRF Data source being set to SRRun01_grf
[info] ExternalForce::LeftGRF Data source being set to SRRun01_grf
[info] Storage: read data file = SRRun01_grf.mot (nr=10005 nc=19)
[info] ExternalForce::RightGRF Data source being set to SRRun01_grf
[info] ExternalForce::LeftGRF Data source being set to SRRun01_grf
[info] Storage: read data file = SRRun01_grf.mot (nr=10005 nc=19)
[info] ExternalForce::RightGRF Data source being set to SRRun01_grf
[info] ExternalForce::LeftGRF Data source being set to SRRun01_grf
[info] Storage: read data file = SRRun01_grf.mot (nr=10005 nc=19)
[info] ExternalForce::RightGRF Data source being set to SRRun01_grf
[info] ExternalForce::LeftGRF Data source being set to SRRun01_grf
[info] Storage: read data file = SRRun01_grf.mot (nr=10005 nc=19)
[info] ExternalForce::RightGRF Data source being set to SRRun01_grf
[info] ExternalForce::LeftGRF Data source being set to SRRun01_grf
[info] Storage: read data file = SRRun01_grf.mot (nr=10005 nc=19)
[info] ExternalForce::RightGRF Data source being set to SRRun01_grf
[info] ExternalForce::LeftGRF Data source being set to SRRun01_grf
[info] Storage: read data file = SRRun01_grf.mot (nr=10005 nc=19)
[info] ExternalForce::RightGRF Data source being set to SRRun01_grf
[info] ExternalForce::LeftGRF Data source being set to SRRun01_grf
[info] Storage: read data file = SRRun01_grf.mot (nr=10005 nc=19)
[info] ExternalForce::RightGRF Data source being set to SRRun01_grf
[info] ExternalForce::LeftGRF Data source being set to SRRun01_grf
[info] Storage: read data file = SRRun01_grf.mot (nr=10005 nc=19)
[info] ExternalForce::RightGRF Data source being set to SRRun01_grf
[info] ExternalForce::LeftGRF Data source being set to SRRun01_grf
[info] Storage: read data file = SRRun01_grf.mot (nr=10005 nc=19)
[info] ExternalForce::RightGRF Data source being set to SRRun01_grf
[info] ExternalForce::LeftGRF Data source being set to SRRun01_grf
[info] Storage: read data file = SRRun01_grf.mot (nr=10005 nc=19)
[info] ExternalForce::RightGRF Data source being set to SRRun01_grf
[info] ExternalForce::LeftGRF Data source being set to SRRun01_grf
[info] Storage: read data file = SRRun01_grf.mot (nr=10005 nc=19)
[info] ExternalForce::RightGRF Data source being set to SRRun01_grf
[info] ExternalForce::LeftGRF Data source being set to SRRun01_grf
[info] Storage: read data file = SRRun01_grf.mot (nr=10005 nc=19)
[info] ExternalForce::RightGRF Data source being set to SRRun01_grf
[info] ExternalForce::LeftGRF Data source being set to SRRun01_grf
[info] Storage: read data file = SRRun01_grf.mot (nr=10005 nc=19)
[info] ExternalForce::RightGRF Data source being set to SRRun01_grf
[info] ExternalForce::LeftGRF Data source being set to SRRun01_grf
[info] Storage: read data file = SRRun01_grf.mot (nr=10005 nc=19)
[info] ExternalForce::RightGRF Data source being set to SRRun01_grf
[info] ExternalForce::LeftGRF Data source being set to SRRun01_grf
[info] Storage: read data file = SRRun01_grf.mot (nr=10005 nc=19)
[info] ExternalForce::RightGRF Data source being set to SRRun01_grf
[info] ExternalForce::LeftGRF Data source being set to SRRun01_grf
[info] Storage: read data file = SRRun01_grf.mot (nr=10005 nc=19)
[info] ExternalForce::RightGRF Data source being set to SRRun01_grf
[info] ExternalForce::LeftGRF Data source being set to SRRun01_grf
[info] Storage: read data file = SRRun01_grf.mot (nr=10005 nc=19)
[info] ExternalForce::RightGRF Data source being set to SRRun01_grf
[info] ExternalForce::LeftGRF Data source being set to SRRun01_grf
[info] Storage: read data file = SRRun01_grf.mot (nr=10005 nc=19)
[info] ExternalForce::RightGRF Data source being set to SRRun01_grf
[info] ExternalForce::LeftGRF Data source being set to SRRun01_grf
[info] Storage: read data file = SRRun01_grf.mot (nr=10005 nc=19)
[info] ExternalForce::RightGRF Data source being set to SRRun01_grf
[info] ExternalForce::LeftGRF Data source being set to SRRun01_grf
[info] Storage: read data file = SRRun01_grf.mot (nr=10005 nc=19)
[info] ExternalForce::RightGRF Data source being set to SRRun01_grf
[info] ExternalForce::LeftGRF Data source being set to SRRun01_grf
[info] Storage: read data file = SRRun01_grf.mot (nr=10005 nc=19)
[info] ExternalForce::RightGRF Data source being set to SRRun01_grf
[info] ExternalForce::LeftGRF Data source being set to SRRun01_grf
[info] Storage: read data file = SRRun01_grf.mot (nr=10005 nc=19)
[info] ExternalForce::RightGRF Data source being set to SRRun01_grf
[info] ExternalForce::LeftGRF Data source being set to SRRun01_grf
[info] Storage: read data file = SRRun01_grf.mot (nr=10005 nc=19)
[info] ExternalForce::RightGRF Data source being set to SRRun01_grf
[info] ExternalForce::LeftGRF Data source being set to SRRun01_grf
[info] Storage: read data file = SRRun01_grf.mot (nr=10005 nc=19)
[info] ExternalForce::RightGRF Data source being set to SRRun01_grf
[info] ExternalForce::LeftGRF Data source being set to SRRun01_grf
[info] Storage: read data file = SRRun01_grf.mot (nr=10005 nc=19)
[info] ExternalForce::RightGRF Data source being set to SRRun01_grf
[info] ExternalForce::LeftGRF Data source being set to SRRun01_grf
[info] Storage: read data file = SRRun01_grf.mot (nr=10005 nc=19)
[info] ExternalForce::RightGRF Data source being set to SRRun01_grf
[info] ExternalForce::LeftGRF Data source being set to SRRun01_grf
[info] Storage: read data file = SRRun01_grf.mot (nr=10005 nc=19)
[info] ExternalForce::RightGRF Data source being set to SRRun01_grf
[info] ExternalForce::LeftGRF Data source being set to SRRun01_grf
[info] Storage: read data file = SRRun01_grf.mot (nr=10005 nc=19)
[info] ExternalForce::RightGRF Data source being set to SRRun01_grf
[info] ExternalForce::LeftGRF Data source being set to SRRun01_grf
[info] Storage: read data file = SRRun01_grf.mot (nr=10005 nc=19)
[info] ExternalForce::RightGRF Data source being set to SRRun01_grf
[info] ExternalForce::LeftGRF Data source being set to SRRun01_grf
[info] Storage: read data file = SRRun01_grf.mot (nr=10005 nc=19)
[info] ExternalForce::RightGRF Data source being set to SRRun01_grf
[info] ExternalForce::LeftGRF Data source being set to SRRun01_grf
[info] Storage: read data file = SRRun01_grf.mot (nr=10005 nc=19)
[info] ExternalForce::RightGRF Data source being set to SRRun01_grf
[info] ExternalForce::LeftGRF Data source being set to SRRun01_grf
[info] Storage: read data file = SRRun01_grf.mot (nr=10005 nc=19)
[info] ExternalForce::RightGRF Data source being set to SRRun01_grf
[info] ExternalForce::LeftGRF Data source being set to SRRun01_grf
[info] Storage: read data file = SRRun01_grf.mot (nr=10005 nc=19)
[info] ExternalForce::RightGRF Data source being set to SRRun01_grf
[info] ExternalForce::LeftGRF Data source being set to SRRun01_grf
[info] Storage: read data file = SRRun01_grf.mot (nr=10005 nc=19)
[info] ExternalForce::RightGRF Data source being set to SRRun01_grf
[info] ExternalForce::LeftGRF Data source being set to SRRun01_grf
[info] Storage: read data file = SRRun01_grf.mot (nr=10005 nc=19)
[info] ExternalForce::RightGRF Data source being set to SRRun01_grf
[info] ExternalForce::LeftGRF Data source being set to SRRun01_grf
[info] Storage: read data file = SRRun01_grf.mot (nr=10005 nc=19)
[info] ExternalForce::RightGRF Data source being set to SRRun01_grf
[info] ExternalForce::LeftGRF Data source being set to SRRun01_grf
[info] Storage: read data file = SRRun01_grf.mot (nr=10005 nc=19)
[info] ExternalForce::RightGRF Data source being set to SRRun01_grf
[info] ExternalForce::LeftGRF Data source being set to SRRun01_grf
[info] Storage: read data file = SRRun01_grf.mot (nr=10005 nc=19)
[info] ExternalForce::RightGRF Data source being set to SRRun01_grf
[info] ExternalForce::LeftGRF Data source being set to SRRun01_grf
[info] Storage: read data file = SRRun01_grf.mot (nr=10005 nc=19)
[info] ExternalForce::RightGRF Data source being set to SRRun01_grf
[info] ExternalForce::LeftGRF Data source being set to SRRun01_grf
[info] Storage: read data file = SRRun01_grf.mot (nr=10005 nc=19)
[info] ExternalForce::RightGRF Data source being set to SRRun01_grf
[info] ExternalForce::LeftGRF Data source being set to SRRun01_grf
[info] Storage: read data file = SRRun01_grf.mot (nr=10005 nc=19)
[info] ExternalForce::RightGRF Data source being set to SRRun01_grf
[info] ExternalForce::LeftGRF Data source being set to SRRun01_grf
[info] Storage: read data file = SRRun01_grf.mot (nr=10005 nc=19)
[info] ExternalForce::RightGRF Data source being set to SRRun01_grf
[info] ExternalForce::LeftGRF Data source being set to SRRun01_grf
[info] Storage: read data file = SRRun01_grf.mot (nr=10005 nc=19)
[info] ExternalForce::RightGRF Data source being set to SRRun01_grf
[info] ExternalForce::LeftGRF Data source being set to SRRun01_grf
[info] Storage: read data file = SRRun01_grf.mot (nr=10005 nc=19)
[info] ExternalForce::RightGRF Data source being set to SRRun01_grf
[info] ExternalForce::LeftGRF Data source being set to SRRun01_grf
[info] Storage: read data file = SRRun01_grf.mot (nr=10005 nc=19)
[info] ExternalForce::RightGRF Data source being set to SRRun01_grf
[info] ExternalForce::LeftGRF Data source being set to SRRun01_grf
[info] Storage: read data file = SRRun01_grf.mot (nr=10005 nc=19)
[info] ExternalForce::RightGRF Data source being set to SRRun01_grf
[info] ExternalForce::LeftGRF Data source being set to SRRun01_grf
[info] Storage: read data file = SRRun01_grf.mot (nr=10005 nc=19)
[info] ExternalForce::RightGRF Data source being set to SRRun01_grf
[info] ExternalForce::LeftGRF Data source being set to SRRun01_grf
[info] Storage: read data file = SRRun01_grf.mot (nr=10005 nc=19)
[info] ExternalForce::RightGRF Data source being set to SRRun01_grf
[info] ExternalForce::LeftGRF Data source being set to SRRun01_grf
[info] Storage: read data file = SRRun01_grf.mot (nr=10005 nc=19)
[info] ExternalForce::RightGRF Data source being set to SRRun01_grf
[info] ExternalForce::LeftGRF Data source being set to SRRun01_grf
[info] Storage: read data file = SRRun01_grf.mot (nr=10005 nc=19)
[info] ExternalForce::RightGRF Data source being set to SRRun01_grf
[info] ExternalForce::LeftGRF Data source being set to SRRun01_grf
[info] Storage: read data file = SRRun01_grf.mot (nr=10005 nc=19)
[info] ExternalForce::RightGRF Data source being set to SRRun01_grf
[info] ExternalForce::LeftGRF Data source being set to SRRun01_grf
[info] Storage: read data file = SRRun01_grf.mot (nr=10005 nc=19)
[info] ExternalForce::RightGRF Data source being set to SRRun01_grf
[info] ExternalForce::LeftGRF Data source being set to SRRun01_grf
[info] Storage: read data file = SRRun01_grf.mot (nr=10005 nc=19)
[info] ExternalForce::RightGRF Data source being set to SRRun01_grf
[info] ExternalForce::LeftGRF Data source being set to SRRun01_grf
[info] Storage: read data file = SRRun01_grf.mot (nr=10005 nc=19)
[info] ExternalForce::RightGRF Data source being set to SRRun01_grf
[info] ExternalForce::LeftGRF Data source being set to SRRun01_grf
[info] Storage: read data file = SRRun01_grf.mot (nr=10005 nc=19)
[info] ExternalForce::RightGRF Data source being set to SRRun01_grf
[info] ExternalForce::LeftGRF Data source being set to SRRun01_grf
[info] Storage: read data file = SRRun01_grf.mot (nr=10005 nc=19)
[info] ExternalForce::RightGRF Data source being set to SRRun01_grf
[info] ExternalForce::LeftGRF Data source being set to SRRun01_grf
[info] Storage: read data file = SRRun01_grf.mot (nr=10005 nc=19)
[info] ExternalForce::RightGRF Data source being set to SRRun01_grf
[info] ExternalForce::LeftGRF Data source being set to SRRun01_grf
[info] Storage: read data file = SRRun01_grf.mot (nr=10005 nc=19)
[info] ExternalForce::RightGRF Data source being set to SRRun01_grf
[info] ExternalForce::LeftGRF Data source being set to SRRun01_grf
[info] Storage: read data file = SRRun01_grf.mot (nr=10005 nc=19)
[info] ExternalForce::RightGRF Data source being set to SRRun01_grf
[info] ExternalForce::LeftGRF Data source being set to SRRun01_grf
[info] Storage: read data file = SRRun01_grf.mot (nr=10005 nc=19)
[info] ExternalForce::RightGRF Data source being set to SRRun01_grf
[info] ExternalForce::LeftGRF Data source being set to SRRun01_grf
[info] Storage: read data file = SRRun01_grf.mot (nr=10005 nc=19)
[info] ExternalForce::RightGRF Data source being set to SRRun01_grf
[info] ExternalForce::LeftGRF Data source being set to SRRun01_grf
[info] Storage: read data file = SRRun01_grf.mot (nr=10005 nc=19)
[info] ExternalForce::RightGRF Data source being set to SRRun01_grf
[info] ExternalForce::LeftGRF Data source being set to SRRun01_grf
[info] Storage: read data file = SRRun01_grf.mot (nr=10005 nc=19)
[info] ExternalForce::RightGRF Data source being set to SRRun01_grf
[info] ExternalForce::LeftGRF Data source being set to SRRun01_grf
[info] Storage: read data file = SRRun01_grf.mot (nr=10005 nc=19)
[info] ExternalForce::RightGRF Data source being set to SRRun01_grf
[info] ExternalForce::LeftGRF Data source being set to SRRun01_grf
[info] Storage: read data file = SRRun01_grf.mot (nr=10005 nc=19)
[info] ExternalForce::RightGRF Data source being set to SRRun01_grf
[info] ExternalForce::LeftGRF Data source being set to SRRun01_grf
[info] Storage: read data file = SRRun01_grf.mot (nr=10005 nc=19)
[info] ExternalForce::RightGRF Data source being set to SRRun01_grf
[info] ExternalForce::LeftGRF Data source being set to SRRun01_grf
[info] Storage: read data file = SRRun01_grf.mot (nr=10005 nc=19)
[info] ExternalForce::RightGRF Data source being set to SRRun01_grf
[info] ExternalForce::LeftGRF Data source being set to SRRun01_grf
[info] Storage: read data file = SRRun01_grf.mot (nr=10005 nc=19)
[info] ExternalForce::RightGRF Data source being set to SRRun01_grf
[info] ExternalForce::LeftGRF Data source being set to SRRun01_grf
[info] Storage: read data file = SRRun01_grf.mot (nr=10005 nc=19)
[info] ExternalForce::RightGRF Data source being set to SRRun01_grf
[info] ExternalForce::LeftGRF Data source being set to SRRun01_grf
[info] Storage: read data file = SRRun01_grf.mot (nr=10005 nc=19)
[info] ExternalForce::RightGRF Data source being set to SRRun01_grf
[info] ExternalForce::LeftGRF Data source being set to SRRun01_grf
[info] Storage: read data file = SRRun01_grf.mot (nr=10005 nc=19)
[info] ExternalForce::RightGRF Data source being set to SRRun01_grf
[info] ExternalForce::LeftGRF Data source being set to SRRun01_grf
[info] Storage: read data file = SRRun01_grf.mot (nr=10005 nc=19)
[info] ExternalForce::RightGRF Data source being set to SRRun01_grf
[info] ExternalForce::LeftGRF Data source being set to SRRun01_grf
[info] Storage: read data file = SRRun01_grf.mot (nr=10005 nc=19)
[info] ExternalForce::RightGRF Data source being set to SRRun01_grf
[info] ExternalForce::LeftGRF Data source being set to SRRun01_grf
[info] Storage: read data file = SRRun01_grf.mot (nr=10005 nc=19)
[info] ExternalForce::RightGRF Data source being set to SRRun01_grf
[info] ExternalForce::LeftGRF Data source being set to SRRun01_grf
[info] Storage: read data file = SRRun01_grf.mot (nr=10005 nc=19)
[info] ExternalForce::RightGRF Data source being set to SRRun01_grf
[info] ExternalForce::LeftGRF Data source being set to SRRun01_grf
[info] Storage: read data file = SRRun01_grf.mot (nr=10005 nc=19)
[info] ExternalForce::RightGRF Data source being set to SRRun01_grf
[info] ExternalForce::LeftGRF Data source being set to SRRun01_grf
[info] Storage: read data file = SRRun01_grf.mot (nr=10005 nc=19)
[info] ExternalForce::RightGRF Data source being set to SRRun01_grf
[info] ExternalForce::LeftGRF Data source being set to SRRun01_grf
[info] Storage: read data file = SRRun01_grf.mot (nr=10005 nc=19)
[info] ExternalForce::RightGRF Data source being set to SRRun01_grf
[info] ExternalForce::LeftGRF Data source being set to SRRun01_grf
[info] Storage: read data file = SRRun01_grf.mot (nr=10005 nc=19)
[info] ExternalForce::RightGRF Data source being set to SRRun01_grf
[info] ExternalForce::LeftGRF Data source being set to SRRun01_grf
[info] Storage: read data file = SRRun01_grf.mot (nr=10005 nc=19)
[info] ExternalForce::RightGRF Data source being set to SRRun01_grf
[info] ExternalForce::LeftGRF Data source being set to SRRun01_grf
[info] Storage: read data file = SRRun01_grf.mot (nr=10005 nc=19)
[info] ExternalForce::RightGRF Data source being set to SRRun01_grf
[info] ExternalForce::LeftGRF Data source being set to SRRun01_grf
[info] Storage: read data file = SRRun01_grf.mot (nr=10005 nc=19)
[info] ExternalForce::RightGRF Data source being set to SRRun01_grf
[info] ExternalForce::LeftGRF Data source being set to SRRun01_grf
[info] Storage: read data file = SRRun01_grf.mot (nr=10005 nc=19)
[info] ExternalForce::RightGRF Data source being set to SRRun01_grf
[info] ExternalForce::LeftGRF Data source being set to SRRun01_grf
[info] Storage: read data file = SRRun01_grf.mot (nr=10005 nc=19)
[info] ExternalForce::RightGRF Data source being set to SRRun01_grf
[info] ExternalForce::LeftGRF Data source being set to SRRun01_grf
[info] ========================================================================
[info] MocoCasADiSolver starting.
[info] Tue Jun  2 17:18:09 2026
[info] ------------------------------------------------------------------------
[info] Costs: (total: 2)
[info]   marker_tracking. MocoMarkerTrackingGoal, enabled: true, mode: cost, weight: 10
[info]         allow unused references: 
[info]         tracked marker(s):
[info]             C7, weight: 1
[info]             T10, weight: 1
[info]             CLAV, weight: 1
[info]             LSHO, weight: 1
[info]             RSHO, weight: 1
[info]             LASIS, weight: 5
[info]             RASIS, weight: 5
[info]             LPSIS, weight: 5
[info]             RPSIS, weight: 5
[info]             LILCR, weight: 2.5
[info]             RILCR, weight: 2.5
[info]             LGTR, weight: 1
[info]             LTHI, weight: 5
[info]             LLTHI, weight: 5
[info]             LLEP, weight: 1
[info]             LPSH, weight: 5
[info]             LLSH, weight: 5
[info]             LDSH, weight: 5
[info]             LLMAL, weight: 1
[info]             LTOE, weight: 10
[info]             L5TH, weight: 10
[info]             LHEE, weight: 5
[info]             RGTR, weight: 1
[info]             RTHI, weight: 5
[info]             RLTHI, weight: 5
[info]             RLEP, weight: 1
[info]             RPSH, weight: 5
[info]             RLSH, weight: 5
[info]             RDSH, weight: 5
[info]             RLMAL, weight: 1
[info]             RTOE, weight: 10
[info]             R5TH, weight: 10
[info]             RHEE, weight: 5
[info]   control_effort. MocoControlGoal, enabled: true, mode: cost, weight: 1
[info]         control: /forceset/addbrev_r, weight: 1
[info]         control: /forceset/addlong_r, weight: 1
[info]         control: /forceset/addmagDist_r, weight: 1
[info]         control: /forceset/addmagIsch_r, weight: 1
[info]         control: /forceset/addmagMid_r, weight: 1
[info]         control: /forceset/addmagProx_r, weight: 1
[info]         control: /forceset/bflh_r, weight: 1
[info]         control: /forceset/bfsh_r, weight: 1
[info]         control: /forceset/edl_r, weight: 1
[info]         control: /forceset/ehl_r, weight: 1
[info]         control: /forceset/fdl_r, weight: 1
[info]         control: /forceset/fhl_r, weight: 1
[info]         control: /forceset/gaslat_r, weight: 1
[info]         control: /forceset/gasmed_r, weight: 1
[info]         control: /forceset/glmax1_r, weight: 1
[info]         control: /forceset/glmax2_r, weight: 1
[info]         control: /forceset/glmax3_r, weight: 1
[info]         control: /forceset/glmed1_r, weight: 1
[info]         control: /forceset/glmed2_r, weight: 1
[info]         control: /forceset/glmed3_r, weight: 1
[info]         control: /forceset/glmin1_r, weight: 1
[info]         control: /forceset/glmin2_r, weight: 1
[info]         control: /forceset/glmin3_r, weight: 1
[info]         control: /forceset/grac_r, weight: 1
[info]         control: /forceset/iliacus_r, weight: 1
[info]         control: /forceset/perbrev_r, weight: 1
[info]         control: /forceset/perlong_r, weight: 1
[info]         control: /forceset/piri_r, weight: 1
[info]         control: /forceset/psoas_r, weight: 1
[info]         control: /forceset/recfem_r, weight: 1
[info]         control: /forceset/sart_r, weight: 1
[info]         control: /forceset/semimem_r, weight: 1
[info]         control: /forceset/semiten_r, weight: 1
[info]         control: /forceset/soleus_r, weight: 1
[info]         control: /forceset/tfl_r, weight: 1
[info]         control: /forceset/tibant_r, weight: 1
[info]         control: /forceset/tibpost_r, weight: 1
[info]         control: /forceset/vasint_r, weight: 1
[info]         control: /forceset/vaslat_r, weight: 1
[info]         control: /forceset/vasmed_r, weight: 1
[info]         control: /forceset/pelvis_tx_residual, weight: 10
[info]         control: /forceset/pelvis_ty_residual, weight: 10
[info]         control: /forceset/pelvis_tz_residual, weight: 10
[info]         control: /forceset/pelvis_tilt_residual, weight: 10
[info]         control: /forceset/pelvis_list_residual, weight: 10
[info]         control: /forceset/pelvis_rotation_residual, weight: 10
[info]         control: /forceset/hip_flexion_r_reserve, weight: 5
[info]         control: /forceset/hip_adduction_r_reserve, weight: 5
[info]         control: /forceset/hip_rotation_r_reserve, weight: 5
[info]         control: /forceset/knee_angle_r_reserve, weight: 5
[info]         control: /forceset/ankle_angle_r_reserve, weight: 5
[info]         control: /forceset/subtalar_angle_r_reserve, weight: 5
[info]         control: /forceset/hip_flexion_l_torque, weight: 0.01
[info]         control: /forceset/hip_adduction_l_torque, weight: 0.01
[info]         control: /forceset/hip_rotation_l_torque, weight: 0.01
[info]         control: /forceset/knee_angle_l_torque, weight: 0.01
[info]         control: /forceset/ankle_angle_l_torque, weight: 0.01
[info]         control: /forceset/subtalar_angle_l_torque, weight: 0.01
[info] Endpoint constraints: (total: 1)
[info]   initial_activation. MocoInitialActivationGoal, enabled: true, mode: endpoint_constraint
[info] Kinematic constraints: (total: 2)
[info]   kinematic_constraint_cid20. MocoConstraintInfo. number of scalar equations: 3. bounds: 0, 0, 0
[info]   kinematic_constraint_cid21. MocoConstraintInfo. number of scalar equations: 3. bounds: 0, 0, 0
[info] Path constraints: none
[info] States: (total: 80)
[info]   /jointset/subtalar_l/subtalar_angle_l/speed. bounds: [-50, 50]
[info]   /jointset/patellofemoral_l/knee_angle_l_beta/speed. bounds: [-50, 50]
[info]   /jointset/walker_knee_l/knee_angle_l/speed. bounds: [-50, 50]
[info]   /jointset/hip_l/hip_adduction_l/speed. bounds: [-50, 50]
[info]   /jointset/hip_l/hip_flexion_l/speed. bounds: [-50, 50]
[info]   /jointset/subtalar_r/subtalar_angle_r/speed. bounds: [-50, 50]
[info]   /jointset/ankle_r/ankle_angle_r/speed. bounds: [-50, 50]
[info]   /jointset/patellofemoral_r/knee_angle_r_beta/speed. bounds: [-50, 50]
[info]   /jointset/patellofemoral_l/knee_angle_l_beta/value. bounds: [-99999.9, 99999.9]
[info]   /jointset/patellofemoral_r/knee_angle_r_beta/value. bounds: [-99999.9, 99999.9]
[info]   /jointset/ground_pelvis/pelvis_tx/speed. bounds: [-50, 50]
[info]   /jointset/ground_pelvis/pelvis_rotation/speed. bounds: [-50, 50]
[info]   /jointset/subtalar_l/subtalar_angle_l/value. bounds: [-0.68055, -0.0624515] initial: [-0.553393, -0.376794]
[info]   /jointset/ground_pelvis/pelvis_ty/speed. bounds: [-50, 50]
[info]   /jointset/ground_pelvis/pelvis_tilt/speed. bounds: [-50, 50]
[info]   /jointset/ankle_l/ankle_angle_l/value. bounds: [-0.698132, 0.417877] initial: [-0.490963, -0.133335]
[info]   /jointset/hip_r/hip_adduction_r/speed. bounds: [-50, 50]
[info]   /jointset/hip_l/hip_rotation_l/value. bounds: [-0.161889, 0.168083] initial: [-0.0280378, 0.0662401]
[info]   /jointset/hip_l/hip_flexion_l/value. bounds: [-0.43428, 0.721019] initial: [0.334039, 0.664124]
[info]   /jointset/subtalar_r/subtalar_angle_r/value. bounds: [-0.698132, -0.176997] initial: [-0.459233, -0.307906]
[info]   /jointset/ground_pelvis/pelvis_tz/speed. bounds: [-50, 50]
[info]   /jointset/hip_r/hip_rotation_r/value. bounds: [-0.185182, 0.216709] initial: [-0.0593101, 0.0555161]
[info]   /jointset/ground_pelvis/pelvis_tz/value. bounds: [-0.705454, -0.636884] initial: [-0.663349, -0.643758]
[info]   /jointset/ground_pelvis/pelvis_rotation/value. bounds: [1.34133, 1.5708] initial: [1.51288, 1.5708]
[info]   /jointset/walker_knee_l/knee_angle_l/value. bounds: [0, 1.72002] initial: [0.864741, 1.36833]
[info]   /jointset/ground_pelvis/pelvis_list/value. bounds: [-0.237934, 0.0239319] initial: [-0.104262, -0.0294426]
[info]   /jointset/ground_pelvis/pelvis_tilt/value. bounds: [-0.184322, 0.29017] initial: [-0.0618721, 0.0736969]
[info]   /forceset/vasmed_r/activation. bounds: [0.01, 1]
[info]   /forceset/vaslat_r/activation. bounds: [0.01, 1]
[info]   /forceset/vasint_r/activation. bounds: [0.01, 1]
[info]   /forceset/soleus_r/activation. bounds: [0.01, 1]
[info]   /jointset/ground_pelvis/pelvis_ty/value. bounds: [0.870164, 0.990028] initial: [0.921687, 0.955934]
[info]   /forceset/semiten_r/activation. bounds: [0.01, 1]
[info]   /forceset/semimem_r/activation. bounds: [0.01, 1]
[info]   /jointset/ground_pelvis/pelvis_list/speed. bounds: [-50, 50]
[info]   /forceset/recfem_r/activation. bounds: [0.01, 1]
[info]   /jointset/ankle_r/ankle_angle_r/value. bounds: [-0.698132, 0.366155] initial: [-0.362885, -0.0139858]
[info]   /forceset/psoas_r/activation. bounds: [0.01, 1]
[info]   /jointset/walker_knee_r/knee_angle_r/speed. bounds: [-50, 50]
[info]   /jointset/hip_l/hip_adduction_l/value. bounds: [-0.550274, 0.312508] initial: [-0.215612, 0.0308977]
[info]   /forceset/tibpost_r/activation. bounds: [0.01, 1]
[info]   /forceset/perlong_r/activation. bounds: [0.01, 1]
[info]   /forceset/perbrev_r/activation. bounds: [0.01, 1]
[info]   /jointset/hip_r/hip_rotation_r/speed. bounds: [-50, 50]
[info]   /jointset/hip_r/hip_flexion_r/speed. bounds: [-50, 50]
[info]   /forceset/iliacus_r/activation. bounds: [0.01, 1]
[info]   /forceset/sart_r/activation. bounds: [0.01, 1]
[info]   /forceset/grac_r/activation. bounds: [0.01, 1]
[info]   /forceset/glmin3_r/activation. bounds: [0.01, 1]
[info]   /jointset/ankle_l/ankle_angle_l/speed. bounds: [-50, 50]
[info]   /forceset/glmin2_r/activation. bounds: [0.01, 1]
[info]   /jointset/walker_knee_r/knee_angle_r/value. bounds: [0, 1.70392] initial: [0.0786543, 0.580619]
[info]   /forceset/glmin1_r/activation. bounds: [0.01, 1]
[info]   /forceset/glmed3_r/activation. bounds: [0.01, 1]
[info]   /forceset/glmed1_r/activation. bounds: [0.01, 1]
[info]   /forceset/piri_r/activation. bounds: [0.01, 1]
[info]   /forceset/glmax3_r/activation. bounds: [0.01, 1]
[info]   /forceset/glmax2_r/activation. bounds: [0.01, 1]
[info]   /forceset/tfl_r/activation. bounds: [0.01, 1]
[info]   /forceset/glmax1_r/activation. bounds: [0.01, 1]
[info]   /forceset/gasmed_r/activation. bounds: [0.01, 1]
[info]   /forceset/gaslat_r/activation. bounds: [0.01, 1]
[info]   /forceset/fhl_r/activation. bounds: [0.01, 1]
[info]   /forceset/fdl_r/activation. bounds: [0.01, 1]
[info]   /forceset/ehl_r/activation. bounds: [0.01, 1]
[info]   /forceset/tibant_r/activation. bounds: [0.01, 1]
[info]   /forceset/edl_r/activation. bounds: [0.01, 1]
[info]   /jointset/hip_r/hip_flexion_r/value. bounds: [-0.43026, 0.70455] initial: [-0.344401, -0.0201696]
[info]   /jointset/ground_pelvis/pelvis_tx/value. bounds: [0.777622, 0.843604] initial: [0.790638, 0.80949]
[info]   /forceset/bfsh_r/activation. bounds: [0.01, 1]
[info]   /forceset/bflh_r/activation. bounds: [0.01, 1]
[info]   /forceset/addmagProx_r/activation. bounds: [0.01, 1]
[info]   /jointset/hip_l/hip_rotation_l/speed. bounds: [-50, 50]
[info]   /jointset/hip_r/hip_adduction_r/value. bounds: [-0.400166, 0.470654] initial: [-0.0621337, 0.186672]
[info]   /forceset/addmagMid_r/activation. bounds: [0.01, 1]
[info]   /forceset/glmed2_r/activation. bounds: [0.01, 1]
[info]   /forceset/addmagIsch_r/activation. bounds: [0.01, 1]
[info]   /forceset/addmagDist_r/activation. bounds: [0.01, 1]
[info]   /forceset/addlong_r/activation. bounds: [0.01, 1]
[info]   /forceset/addbrev_r/activation. bounds: [0.01, 1]
[info] Controls: (total: 58)
[info]   /forceset/subtalar_angle_l_torque. bounds: [-inf, inf]
[info]   /forceset/ankle_angle_l_torque. bounds: [-inf, inf]
[info]   /forceset/knee_angle_l_torque. bounds: [-inf, inf]
[info]   /forceset/hip_rotation_l_torque. bounds: [-inf, inf]
[info]   /forceset/subtalar_angle_r_reserve. bounds: [-inf, inf]
[info]   /forceset/hip_rotation_r_reserve. bounds: [-inf, inf]
[info]   /forceset/knee_angle_r_reserve. bounds: [-inf, inf]
[info]   /forceset/pelvis_rotation_residual. bounds: [-inf, inf]
[info]   /forceset/pelvis_list_residual. bounds: [-inf, inf]
[info]   /forceset/pelvis_tz_residual. bounds: [-inf, inf]
[info]   /forceset/pelvis_tx_residual. bounds: [-inf, inf]
[info]   /forceset/psoas_r. bounds: [0.001, 1]
[info]   /forceset/perlong_r. bounds: [0.001, 1]
[info]   /forceset/glmed3_r. bounds: [0.001, 1]
[info]   /forceset/perbrev_r. bounds: [0.001, 1]
[info]   /forceset/iliacus_r. bounds: [0.001, 1]
[info]   /forceset/grac_r. bounds: [0.001, 1]
[info]   /forceset/vasint_r. bounds: [0.001, 1]
[info]   /forceset/hip_flexion_l_torque. bounds: [-inf, inf]
[info]   /forceset/glmin3_r. bounds: [0.001, 1]
[info]   /forceset/bfsh_r. bounds: [0.001, 1]
[info]   /forceset/glmin2_r. bounds: [0.001, 1]
[info]   /forceset/glmax3_r. bounds: [0.001, 1]
[info]   /forceset/ankle_angle_r_reserve. bounds: [-inf, inf]
[info]   /forceset/glmin1_r. bounds: [0.001, 1]
[info]   /forceset/glmed2_r. bounds: [0.001, 1]
[info]   /forceset/fhl_r. bounds: [0.001, 1]
[info]   /forceset/piri_r. bounds: [0.001, 1]
[info]   /forceset/addlong_r. bounds: [0.001, 1]
[info]   /forceset/addmagProx_r. bounds: [0.001, 1]
[info]   /forceset/gaslat_r. bounds: [0.001, 1]
[info]   /forceset/addmagDist_r. bounds: [0.001, 1]
[info]   /forceset/pelvis_tilt_residual. bounds: [-inf, inf]
[info]   /forceset/glmax1_r. bounds: [0.001, 1]
[info]   /forceset/edl_r. bounds: [0.001, 1]
[info]   /forceset/hip_adduction_l_torque. bounds: [-inf, inf]
[info]   /forceset/addmagIsch_r. bounds: [0.001, 1]
[info]   /forceset/bflh_r. bounds: [0.001, 1]
[info]   /forceset/pelvis_ty_residual. bounds: [-inf, inf]
[info]   /forceset/addmagMid_r. bounds: [0.001, 1]
[info]   /forceset/hip_adduction_r_reserve. bounds: [-inf, inf]
[info]   /forceset/hip_flexion_r_reserve. bounds: [-inf, inf]
[info]   /forceset/gasmed_r. bounds: [0.001, 1]
[info]   /forceset/ehl_r. bounds: [0.001, 1]
[info]   /forceset/glmed1_r. bounds: [0.001, 1]
[info]   /forceset/glmax2_r. bounds: [0.001, 1]
[info]   /forceset/vasmed_r. bounds: [0.001, 1]
[info]   /forceset/addbrev_r. bounds: [0.001, 1]
[info]   /forceset/semiten_r. bounds: [0.001, 1]
[info]   /forceset/fdl_r. bounds: [0.001, 1]
[info]   /forceset/recfem_r. bounds: [0.001, 1]
[info]   /forceset/tibpost_r. bounds: [0.001, 1]
[info]   /forceset/sart_r. bounds: [0.001, 1]
[info]   /forceset/semimem_r. bounds: [0.001, 1]
[info]   /forceset/soleus_r. bounds: [0.001, 1]
[info]   /forceset/tfl_r. bounds: [0.001, 1]
[info]   /forceset/tibant_r. bounds: [0.001, 1]
[info]   /forceset/vaslat_r. bounds: [0.001, 1]
[info] Input controls: none
[info] Parameters: none
[info] Storage: read data file = SRRun01_grf.mot (nr=10005 nc=19)
[info] ExternalForce::RightGRF Data source being set to SRRun01_grf
[info] ExternalForce::LeftGRF Data source being set to SRRun01_grf
[info] Storage: read data file = SRRun01_grf.mot (nr=10005 nc=19)
[info] ExternalForce::RightGRF Data source being set to SRRun01_grf
[info] ExternalForce::LeftGRF Data source being set to SRRun01_grf
[info] Storage: read data file = SRRun01_grf.mot (nr=10005 nc=19)
[info] ExternalForce::RightGRF Data source being set to SRRun01_grf
[info] ExternalForce::LeftGRF Data source being set to SRRun01_grf
[info] Storage: read data file = SRRun01_grf.mot (nr=10005 nc=19)
[info] ExternalForce::RightGRF Data source being set to SRRun01_grf
[info] ExternalForce::LeftGRF Data source being set to SRRun01_grf
[info] Storage: read data file = SRRun01_grf.mot (nr=10005 nc=19)
[info] ExternalForce::RightGRF Data source being set to SRRun01_grf
[info] ExternalForce::LeftGRF Data source being set to SRRun01_grf
[info] Storage: read data file = SRRun01_grf.mot (nr=10005 nc=19)
[info] ExternalForce::RightGRF Data source being set to SRRun01_grf
[info] ExternalForce::LeftGRF Data source being set to SRRun01_grf
[info] Storage: read data file = SRRun01_grf.mot (nr=10005 nc=19)
[info] ExternalForce::RightGRF Data source being set to SRRun01_grf
[info] ExternalForce::LeftGRF Data source being set to SRRun01_grf
[info] Storage: read data file = SRRun01_grf.mot (nr=10005 nc=19)
[info] ExternalForce::RightGRF Data source being set to SRRun01_grf
[info] ExternalForce::LeftGRF Data source being set to SRRun01_grf
[info] Storage: read data file = SRRun01_grf.mot (nr=10005 nc=19)
[info] ExternalForce::RightGRF Data source being set to SRRun01_grf
[info] ExternalForce::LeftGRF Data source being set to SRRun01_grf
[info] Storage: read data file = SRRun01_grf.mot (nr=10005 nc=19)
[info] ExternalForce::RightGRF Data source being set to SRRun01_grf
[info] ExternalForce::LeftGRF Data source being set to SRRun01_grf
[info] Storage: read data file = SRRun01_grf.mot (nr=10005 nc=19)
[info] ExternalForce::RightGRF Data source being set to SRRun01_grf
[info] ExternalForce::LeftGRF Data source being set to SRRun01_grf
[info] Storage: read data file = SRRun01_grf.mot (nr=10005 nc=19)
[info] ExternalForce::RightGRF Data source being set to SRRun01_grf
[info] ExternalForce::LeftGRF Data source being set to SRRun01_grf
[info] Storage: read data file = SRRun01_grf.mot (nr=10005 nc=19)
[info] ExternalForce::RightGRF Data source being set to SRRun01_grf
[info] ExternalForce::LeftGRF Data source being set to SRRun01_grf
[info] Storage: read data file = SRRun01_grf.mot (nr=10005 nc=19)
[info] ExternalForce::RightGRF Data source being set to SRRun01_grf
[info] ExternalForce::LeftGRF Data source being set to SRRun01_grf
[info] Storage: read data file = SRRun01_grf.mot (nr=10005 nc=19)
[info] ExternalForce::RightGRF Data source being set to SRRun01_grf
[info] ExternalForce::LeftGRF Data source being set to SRRun01_grf
[info] Storage: read data file = SRRun01_grf.mot (nr=10005 nc=19)
[info] ExternalForce::RightGRF Data source being set to SRRun01_grf
[info] ExternalForce::LeftGRF Data source being set to SRRun01_grf
[info] Storage: read data file = SRRun01_grf.mot (nr=10005 nc=19)
[info] ExternalForce::RightGRF Data source being set to SRRun01_grf
[info] ExternalForce::LeftGRF Data source being set to SRRun01_grf
[info] Storage: read data file = SRRun01_grf.mot (nr=10005 nc=19)
[info] ExternalForce::RightGRF Data source being set to SRRun01_grf
[info] ExternalForce::LeftGRF Data source being set to SRRun01_grf
[info] Storage: read data file = SRRun01_grf.mot (nr=10005 nc=19)
[info] ExternalForce::RightGRF Data source being set to SRRun01_grf
[info] ExternalForce::LeftGRF Data source being set to SRRun01_grf
[info] Storage: read data file = SRRun01_grf.mot (nr=10005 nc=19)
[info] ExternalForce::RightGRF Data source being set to SRRun01_grf
[info] ExternalForce::LeftGRF Data source being set to SRRun01_grf
[info] Storage: read data file = SRRun01_grf.mot (nr=10005 nc=19)
[info] ExternalForce::RightGRF Data source being set to SRRun01_grf
[info] ExternalForce::LeftGRF Data source being set to SRRun01_grf
[info] Storage: read data file = SRRun01_grf.mot (nr=10005 nc=19)
[info] ExternalForce::RightGRF Data source being set to SRRun01_grf
[info] ExternalForce::LeftGRF Data source being set to SRRun01_grf
[info] Storage: read data file = SRRun01_grf.mot (nr=10005 nc=19)
[info] ExternalForce::RightGRF Data source being set to SRRun01_grf
[info] ExternalForce::LeftGRF Data source being set to SRRun01_grf
[info] Storage: read data file = SRRun01_grf.mot (nr=10005 nc=19)
[info] ExternalForce::RightGRF Data source being set to SRRun01_grf
[info] ExternalForce::LeftGRF Data source being set to SRRun01_grf
[info] Storage: read data file = SRRun01_grf.mot (nr=10005 nc=19)
[info] ExternalForce::RightGRF Data source being set to SRRun01_grf
[info] ExternalForce::LeftGRF Data source being set to SRRun01_grf
[info] Storage: read data file = SRRun01_grf.mot (nr=10005 nc=19)
[info] ExternalForce::RightGRF Data source being set to SRRun01_grf
[info] ExternalForce::LeftGRF Data source being set to SRRun01_grf
[info] Storage: read data file = SRRun01_grf.mot (nr=10005 nc=19)
[info] ExternalForce::RightGRF Data source being set to SRRun01_grf
[info] ExternalForce::LeftGRF Data source being set to SRRun01_grf
[info] Storage: read data file = SRRun01_grf.mot (nr=10005 nc=19)
[info] ExternalForce::RightGRF Data source being set to SRRun01_grf
[info] ExternalForce::LeftGRF Data source being set to SRRun01_grf
[info] Storage: read data file = SRRun01_grf.mot (nr=10005 nc=19)
[info] ExternalForce::RightGRF Data source being set to SRRun01_grf
[info] ExternalForce::LeftGRF Data source being set to SRRun01_grf
[info] Storage: read data file = SRRun01_grf.mot (nr=10005 nc=19)
[info] ExternalForce::RightGRF Data source being set to SRRun01_grf
[info] ExternalForce::LeftGRF Data source being set to SRRun01_grf
[info] Storage: read data file = SRRun01_grf.mot (nr=10005 nc=19)
[info] ExternalForce::RightGRF Data source being set to SRRun01_grf
[info] ExternalForce::LeftGRF Data source being set to SRRun01_grf
[info] Storage: read data file = SRRun01_grf.mot (nr=10005 nc=19)
[info] ExternalForce::RightGRF Data source being set to SRRun01_grf
[info] ExternalForce::LeftGRF Data source being set to SRRun01_grf
[info] Storage: read data file = SRRun01_grf.mot (nr=10005 nc=19)
[info] ExternalForce::RightGRF Data source being set to SRRun01_grf
[info] ExternalForce::LeftGRF Data source being set to SRRun01_grf
[info] Storage: read data file = SRRun01_grf.mot (nr=10005 nc=19)
[info] ExternalForce::RightGRF Data source being set to SRRun01_grf
[info] ExternalForce::LeftGRF Data source being set to SRRun01_grf
[info] Storage: read data file = SRRun01_grf.mot (nr=10005 nc=19)
[info] ExternalForce::RightGRF Data source being set to SRRun01_grf
[info] ExternalForce::LeftGRF Data source being set to SRRun01_grf
[info] Storage: read data file = SRRun01_grf.mot (nr=10005 nc=19)
[info] ExternalForce::RightGRF Data source being set to SRRun01_grf
[info] ExternalForce::LeftGRF Data source being set to SRRun01_grf
[info] Storage: read data file = SRRun01_grf.mot (nr=10005 nc=19)
[info] ExternalForce::RightGRF Data source being set to SRRun01_grf
[info] ExternalForce::LeftGRF Data source being set to SRRun01_grf
[info] Storage: read data file = SRRun01_grf.mot (nr=10005 nc=19)
[info] ExternalForce::RightGRF Data source being set to SRRun01_grf
[info] ExternalForce::LeftGRF Data source being set to SRRun01_grf
[info] Storage: read data file = SRRun01_grf.mot (nr=10005 nc=19)
[info] ExternalForce::RightGRF Data source being set to SRRun01_grf
[info] ExternalForce::LeftGRF Data source being set to SRRun01_grf
[info] Storage: read data file = SRRun01_grf.mot (nr=10005 nc=19)
[info] ExternalForce::RightGRF Data source being set to SRRun01_grf
[info] ExternalForce::LeftGRF Data source being set to SRRun01_grf
[info] Storage: read data file = SRRun01_grf.mot (nr=10005 nc=19)
[info] ExternalForce::RightGRF Data source being set to SRRun01_grf
[info] ExternalForce::LeftGRF Data source being set to SRRun01_grf
[info] Storage: read data file = SRRun01_grf.mot (nr=10005 nc=19)
[info] ExternalForce::RightGRF Data source being set to SRRun01_grf
[info] ExternalForce::LeftGRF Data source being set to SRRun01_grf
[info] Storage: read data file = SRRun01_grf.mot (nr=10005 nc=19)
[info] ExternalForce::RightGRF Data source being set to SRRun01_grf
[info] ExternalForce::LeftGRF Data source being set to SRRun01_grf
[info] Storage: read data file = SRRun01_grf.mot (nr=10005 nc=19)
[info] ExternalForce::RightGRF Data source being set to SRRun01_grf
[info] ExternalForce::LeftGRF Data source being set to SRRun01_grf
[info] Storage: read data file = SRRun01_grf.mot (nr=10005 nc=19)
[info] ExternalForce::RightGRF Data source being set to SRRun01_grf
[info] ExternalForce::LeftGRF Data source being set to SRRun01_grf
[info] Storage: read data file = SRRun01_grf.mot (nr=10005 nc=19)
[info] ExternalForce::RightGRF Data source being set to SRRun01_grf
[info] ExternalForce::LeftGRF Data source being set to SRRun01_grf
[info] Storage: read data file = SRRun01_grf.mot (nr=10005 nc=19)
[info] ExternalForce::RightGRF Data source being set to SRRun01_grf
[info] ExternalForce::LeftGRF Data source being set to SRRun01_grf
[info] Storage: read data file = SRRun01_grf.mot (nr=10005 nc=19)
[info] ExternalForce::RightGRF Data source being set to SRRun01_grf
[info] ExternalForce::LeftGRF Data source being set to SRRun01_grf
[info] Storage: read data file = SRRun01_grf.mot (nr=10005 nc=19)
[info] ExternalForce::RightGRF Data source being set to SRRun01_grf
[info] ExternalForce::LeftGRF Data source being set to SRRun01_grf
[info] Storage: read data file = SRRun01_grf.mot (nr=10005 nc=19)
[info] ExternalForce::RightGRF Data source being set to SRRun01_grf
[info] ExternalForce::LeftGRF Data source being set to SRRun01_grf
[info] Storage: read data file = SRRun01_grf.mot (nr=10005 nc=19)
[info] ExternalForce::RightGRF Data source being set to SRRun01_grf
[info] ExternalForce::LeftGRF Data source being set to SRRun01_grf
[info] Storage: read data file = SRRun01_grf.mot (nr=10005 nc=19)
[info] ExternalForce::RightGRF Data source being set to SRRun01_grf
[info] ExternalForce::LeftGRF Data source being set to SRRun01_grf
[info] Storage: read data file = SRRun01_grf.mot (nr=10005 nc=19)
[info] ExternalForce::RightGRF Data source being set to SRRun01_grf
[info] ExternalForce::LeftGRF Data source being set to SRRun01_grf
[info] Storage: read data file = SRRun01_grf.mot (nr=10005 nc=19)
[info] ExternalForce::RightGRF Data source being set to SRRun01_grf
[info] ExternalForce::LeftGRF Data source being set to SRRun01_grf
[info] Storage: read data file = SRRun01_grf.mot (nr=10005 nc=19)
[info] ExternalForce::RightGRF Data source being set to SRRun01_grf
[info] ExternalForce::LeftGRF Data source being set to SRRun01_grf
[info] Storage: read data file = SRRun01_grf.mot (nr=10005 nc=19)
[info] ExternalForce::RightGRF Data source being set to SRRun01_grf
[info] ExternalForce::LeftGRF Data source being set to SRRun01_grf
[info] Storage: read data file = SRRun01_grf.mot (nr=10005 nc=19)
[info] ExternalForce::RightGRF Data source being set to SRRun01_grf
[info] ExternalForce::LeftGRF Data source being set to SRRun01_grf
[info] Storage: read data file = SRRun01_grf.mot (nr=10005 nc=19)
[info] ExternalForce::RightGRF Data source being set to SRRun01_grf
[info] ExternalForce::LeftGRF Data source being set to SRRun01_grf
[info] Storage: read data file = SRRun01_grf.mot (nr=10005 nc=19)
[info] ExternalForce::RightGRF Data source being set to SRRun01_grf
[info] ExternalForce::LeftGRF Data source being set to SRRun01_grf
[info] Storage: read data file = SRRun01_grf.mot (nr=10005 nc=19)
[info] ExternalForce::RightGRF Data source being set to SRRun01_grf
[info] ExternalForce::LeftGRF Data source being set to SRRun01_grf
[info] Storage: read data file = SRRun01_grf.mot (nr=10005 nc=19)
[info] ExternalForce::RightGRF Data source being set to SRRun01_grf
[info] ExternalForce::LeftGRF Data source being set to SRRun01_grf
[info] Storage: read data file = SRRun01_grf.mot (nr=10005 nc=19)
[info] ExternalForce::RightGRF Data source being set to SRRun01_grf
[info] ExternalForce::LeftGRF Data source being set to SRRun01_grf
[info] Storage: read data file = SRRun01_grf.mot (nr=10005 nc=19)
[info] ExternalForce::RightGRF Data source being set to SRRun01_grf
[info] ExternalForce::LeftGRF Data source being set to SRRun01_grf
[info] Storage: read data file = SRRun01_grf.mot (nr=10005 nc=19)
[info] ExternalForce::RightGRF Data source being set to SRRun01_grf
[info] ExternalForce::LeftGRF Data source being set to SRRun01_grf
[info] Storage: read data file = SRRun01_grf.mot (nr=10005 nc=19)
[info] ExternalForce::RightGRF Data source being set to SRRun01_grf
[info] ExternalForce::LeftGRF Data source being set to SRRun01_grf
[info] Storage: read data file = SRRun01_grf.mot (nr=10005 nc=19)
[info] ExternalForce::RightGRF Data source being set to SRRun01_grf
[info] ExternalForce::LeftGRF Data source being set to SRRun01_grf
[info] Storage: read data file = SRRun01_grf.mot (nr=10005 nc=19)
[info] ExternalForce::RightGRF Data source being set to SRRun01_grf
[info] ExternalForce::LeftGRF Data source being set to SRRun01_grf
[info] Storage: read data file = SRRun01_grf.mot (nr=10005 nc=19)
[info] ExternalForce::RightGRF Data source being set to SRRun01_grf
[info] ExternalForce::LeftGRF Data source being set to SRRun01_grf
[info] Storage: read data file = SRRun01_grf.mot (nr=10005 nc=19)
[info] ExternalForce::RightGRF Data source being set to SRRun01_grf
[info] ExternalForce::LeftGRF Data source being set to SRRun01_grf
[info] Storage: read data file = SRRun01_grf.mot (nr=10005 nc=19)
[info] ExternalForce::RightGRF Data source being set to SRRun01_grf
[info] ExternalForce::LeftGRF Data source being set to SRRun01_grf
[info] Storage: read data file = SRRun01_grf.mot (nr=10005 nc=19)
[info] ExternalForce::RightGRF Data source being set to SRRun01_grf
[info] ExternalForce::LeftGRF Data source being set to SRRun01_grf
[info] Storage: read data file = SRRun01_grf.mot (nr=10005 nc=19)
[info] ExternalForce::RightGRF Data source being set to SRRun01_grf
[info] ExternalForce::LeftGRF Data source being set to SRRun01_grf
[info] Storage: read data file = SRRun01_grf.mot (nr=10005 nc=19)
[info] ExternalForce::RightGRF Data source being set to SRRun01_grf
[info] ExternalForce::LeftGRF Data source being set to SRRun01_grf
[info] Storage: read data file = SRRun01_grf.mot (nr=10005 nc=19)
[info] ExternalForce::RightGRF Data source being set to SRRun01_grf
[info] ExternalForce::LeftGRF Data source being set to SRRun01_grf
[info] Storage: read data file = SRRun01_grf.mot (nr=10005 nc=19)
[info] ExternalForce::RightGRF Data source being set to SRRun01_grf
[info] ExternalForce::LeftGRF Data source being set to SRRun01_grf
[info] Storage: read data file = SRRun01_grf.mot (nr=10005 nc=19)
[info] ExternalForce::RightGRF Data source being set to SRRun01_grf
[info] ExternalForce::LeftGRF Data source being set to SRRun01_grf
[info] Storage: read data file = SRRun01_grf.mot (nr=10005 nc=19)
[info] ExternalForce::RightGRF Data source being set to SRRun01_grf
[info] ExternalForce::LeftGRF Data source being set to SRRun01_grf
[info] Storage: read data file = SRRun01_grf.mot (nr=10005 nc=19)
[info] ExternalForce::RightGRF Data source being set to SRRun01_grf
[info] ExternalForce::LeftGRF Data source being set to SRRun01_grf
[info] Storage: read data file = SRRun01_grf.mot (nr=10005 nc=19)
[info] ExternalForce::RightGRF Data source being set to SRRun01_grf
[info] ExternalForce::LeftGRF Data source being set to SRRun01_grf
[info] Storage: read data file = SRRun01_grf.mot (nr=10005 nc=19)
[info] ExternalForce::RightGRF Data source being set to SRRun01_grf
[info] ExternalForce::LeftGRF Data source being set to SRRun01_grf
[info] Storage: read data file = SRRun01_grf.mot (nr=10005 nc=19)
[info] ExternalForce::RightGRF Data source being set to SRRun01_grf
[info] ExternalForce::LeftGRF Data source being set to SRRun01_grf
[info] Storage: read data file = SRRun01_grf.mot (nr=10005 nc=19)
[info] ExternalForce::RightGRF Data source being set to SRRun01_grf
[info] ExternalForce::LeftGRF Data source being set to SRRun01_grf
[info] Storage: read data file = SRRun01_grf.mot (nr=10005 nc=19)
[info] ExternalForce::RightGRF Data source being set to SRRun01_grf
[info] ExternalForce::LeftGRF Data source being set to SRRun01_grf
[info] Storage: read data file = SRRun01_grf.mot (nr=10005 nc=19)
[info] ExternalForce::RightGRF Data source being set to SRRun01_grf
[info] ExternalForce::LeftGRF Data source being set to SRRun01_grf
[info] Storage: read data file = SRRun01_grf.mot (nr=10005 nc=19)
[info] ExternalForce::RightGRF Data source being set to SRRun01_grf
[info] ExternalForce::LeftGRF Data source being set to SRRun01_grf
[info] Storage: read data file = SRRun01_grf.mot (nr=10005 nc=19)
[info] ExternalForce::RightGRF Data source being set to SRRun01_grf
[info] ExternalForce::LeftGRF Data source being set to SRRun01_grf
[info] Storage: read data file = SRRun01_grf.mot (nr=10005 nc=19)
[info] ExternalForce::RightGRF Data source being set to SRRun01_grf
[info] ExternalForce::LeftGRF Data source being set to SRRun01_grf
[info] Storage: read data file = SRRun01_grf.mot (nr=10005 nc=19)
[info] ExternalForce::RightGRF Data source being set to SRRun01_grf
[info] ExternalForce::LeftGRF Data source being set to SRRun01_grf
[info] Storage: read data file = SRRun01_grf.mot (nr=10005 nc=19)
[info] ExternalForce::RightGRF Data source being set to SRRun01_grf
[info] ExternalForce::LeftGRF Data source being set to SRRun01_grf
[info] Storage: read data file = SRRun01_grf.mot (nr=10005 nc=19)
[info] ExternalForce::RightGRF Data source being set to SRRun01_grf
[info] ExternalForce::LeftGRF Data source being set to SRRun01_grf
[info] Storage: read data file = SRRun01_grf.mot (nr=10005 nc=19)
[info] ExternalForce::RightGRF Data source being set to SRRun01_grf
[info] ExternalForce::LeftGRF Data source being set to SRRun01_grf
[info] Storage: read data file = SRRun01_grf.mot (nr=10005 nc=19)
[info] ExternalForce::RightGRF Data source being set to SRRun01_grf
[info] ExternalForce::LeftGRF Data source being set to SRRun01_grf
[info] Storage: read data file = SRRun01_grf.mot (nr=10005 nc=19)
[info] ExternalForce::RightGRF Data source being set to SRRun01_grf
[info] ExternalForce::LeftGRF Data source being set to SRRun01_grf
[info] Storage: read data file = SRRun01_grf.mot (nr=10005 nc=19)
[info] ExternalForce::RightGRF Data source being set to SRRun01_grf
[info] ExternalForce::LeftGRF Data source being set to SRRun01_grf
[info] Storage: read data file = SRRun01_grf.mot (nr=10005 nc=19)
[info] ExternalForce::RightGRF Data source being set to SRRun01_grf
[info] ExternalForce::LeftGRF Data source being set to SRRun01_grf
[info] Storage: read data file = SRRun01_grf.mot (nr=10005 nc=19)
[info] ExternalForce::RightGRF Data source being set to SRRun01_grf
[info] ExternalForce::LeftGRF Data source being set to SRRun01_grf
[info] Storage: read data file = SRRun01_grf.mot (nr=10005 nc=19)
[info] ExternalForce::RightGRF Data source being set to SRRun01_grf
[info] ExternalForce::LeftGRF Data source being set to SRRun01_grf
[info] Storage: read data file = SRRun01_grf.mot (nr=10005 nc=19)
[info] ExternalForce::RightGRF Data source being set to SRRun01_grf
[info] ExternalForce::LeftGRF Data source being set to SRRun01_grf
[info] Storage: read data file = SRRun01_grf.mot (nr=10005 nc=19)
[info] ExternalForce::RightGRF Data source being set to SRRun01_grf
[info] ExternalForce::LeftGRF Data source being set to SRRun01_grf
[info] Storage: read data file = SRRun01_grf.mot (nr=10005 nc=19)
[info] ExternalForce::RightGRF Data source being set to SRRun01_grf
[info] ExternalForce::LeftGRF Data source being set to SRRun01_grf
[info] Storage: read data file = SRRun01_grf.mot (nr=10005 nc=19)
[info] ExternalForce::RightGRF Data source being set to SRRun01_grf
[info] ExternalForce::LeftGRF Data source being set to SRRun01_grf
[info] Storage: read data file = SRRun01_grf.mot (nr=10005 nc=19)
[info] ExternalForce::RightGRF Data source being set to SRRun01_grf
[info] ExternalForce::LeftGRF Data source being set to SRRun01_grf
[info] Storage: read data file = SRRun01_grf.mot (nr=10005 nc=19)
[info] ExternalForce::RightGRF Data source being set to SRRun01_grf
[info] ExternalForce::LeftGRF Data source being set to SRRun01_grf
[info] Storage: read data file = SRRun01_grf.mot (nr=10005 nc=19)
[info] ExternalForce::RightGRF Data source being set to SRRun01_grf
[info] ExternalForce::LeftGRF Data source being set to SRRun01_grf
[info] Storage: read data file = SRRun01_grf.mot (nr=10005 nc=19)
[info] ExternalForce::RightGRF Data source being set to SRRun01_grf
[info] ExternalForce::LeftGRF Data source being set to SRRun01_grf
[info] Storage: read data file = SRRun01_grf.mot (nr=10005 nc=19)
[info] ExternalForce::RightGRF Data source being set to SRRun01_grf
[info] ExternalForce::LeftGRF Data source being set to SRRun01_grf
[info] Storage: read data file = SRRun01_grf.mot (nr=10005 nc=19)
[info] ExternalForce::RightGRF Data source being set to SRRun01_grf
[info] ExternalForce::LeftGRF Data source being set to SRRun01_grf
[info] Storage: read data file = SRRun01_grf.mot (nr=10005 nc=19)
[info] ExternalForce::RightGRF Data source being set to SRRun01_grf
[info] ExternalForce::LeftGRF Data source being set to SRRun01_grf
[info] Storage: read data file = SRRun01_grf.mot (nr=10005 nc=19)
[info] ExternalForce::RightGRF Data source being set to SRRun01_grf
[info] ExternalForce::LeftGRF Data source being set to SRRun01_grf
[info] Storage: read data file = SRRun01_grf.mot (nr=10005 nc=19)
[info] ExternalForce::RightGRF Data source being set to SRRun01_grf
[info] ExternalForce::LeftGRF Data source being set to SRRun01_grf
[info] Storage: read data file = SRRun01_grf.mot (nr=10005 nc=19)
[info] ExternalForce::RightGRF Data source being set to SRRun01_grf
[info] ExternalForce::LeftGRF Data source being set to SRRun01_grf
[info] Storage: read data file = SRRun01_grf.mot (nr=10005 nc=19)
[info] ExternalForce::RightGRF Data source being set to SRRun01_grf
[info] ExternalForce::LeftGRF Data source being set to SRRun01_grf
[info] Storage: read data file = SRRun01_grf.mot (nr=10005 nc=19)
[info] ExternalForce::RightGRF Data source being set to SRRun01_grf
[info] ExternalForce::LeftGRF Data source being set to SRRun01_grf
[info] Storage: read data file = SRRun01_grf.mot (nr=10005 nc=19)
[info] ExternalForce::RightGRF Data source being set to SRRun01_grf
[info] ExternalForce::LeftGRF Data source being set to SRRun01_grf
[info] Storage: read data file = SRRun01_grf.mot (nr=10005 nc=19)
[info] ExternalForce::RightGRF Data source being set to SRRun01_grf
[info] ExternalForce::LeftGRF Data source being set to SRRun01_grf
[info] Storage: read data file = SRRun01_grf.mot (nr=10005 nc=19)
[info] ExternalForce::RightGRF Data source being set to SRRun01_grf
[info] ExternalForce::LeftGRF Data source being set to SRRun01_grf
[info] Storage: read data file = SRRun01_grf.mot (nr=10005 nc=19)
[info] ExternalForce::RightGRF Data source being set to SRRun01_grf
[info] ExternalForce::LeftGRF Data source being set to SRRun01_grf
[info] Storage: read data file = SRRun01_grf.mot (nr=10005 nc=19)
[info] ExternalForce::RightGRF Data source being set to SRRun01_grf
[info] ExternalForce::LeftGRF Data source being set to SRRun01_grf
[info] Storage: read data file = SRRun01_grf.mot (nr=10005 nc=19)
[info] ExternalForce::RightGRF Data source being set to SRRun01_grf
[info] ExternalForce::LeftGRF Data source being set to SRRun01_grf
[info] Storage: read data file = SRRun01_grf.mot (nr=10005 nc=19)
[info] ExternalForce::RightGRF Data source being set to SRRun01_grf
[info] ExternalForce::LeftGRF Data source being set to SRRun01_grf
[info] Storage: read data file = SRRun01_grf.mot (nr=10005 nc=19)
[info] ExternalForce::RightGRF Data source being set to SRRun01_grf
[info] ExternalForce::LeftGRF Data source being set to SRRun01_grf
[info] Storage: read data file = SRRun01_grf.mot (nr=10005 nc=19)
[info] ExternalForce::RightGRF Data source being set to SRRun01_grf
[info] ExternalForce::LeftGRF Data source being set to SRRun01_grf
[info] Storage: read data file = SRRun01_grf.mot (nr=10005 nc=19)
[info] ExternalForce::RightGRF Data source being set to SRRun01_grf
[info] ExternalForce::LeftGRF Data source being set to SRRun01_grf
[info] Storage: read data file = SRRun01_grf.mot (nr=10005 nc=19)
[info] ExternalForce::RightGRF Data source being set to SRRun01_grf
[info] ExternalForce::LeftGRF Data source being set to SRRun01_grf
[info] Storage: read data file = SRRun01_grf.mot (nr=10005 nc=19)
[info] ExternalForce::RightGRF Data source being set to SRRun01_grf
[info] ExternalForce::LeftGRF Data source being set to SRRun01_grf
[info] Storage: read data file = SRRun01_grf.mot (nr=10005 nc=19)
[info] ExternalForce::RightGRF Data source being set to SRRun01_grf
[info] ExternalForce::LeftGRF Data source being set to SRRun01_grf
[info] Storage: read data file = SRRun01_grf.mot (nr=10005 nc=19)
[info] ExternalForce::RightGRF Data source being set to SRRun01_grf
[info] ExternalForce::LeftGRF Data source being set to SRRun01_grf
[info] Storage: read data file = SRRun01_grf.mot (nr=10005 nc=19)
[info] ExternalForce::RightGRF Data source being set to SRRun01_grf
[info] ExternalForce::LeftGRF Data source being set to SRRun01_grf
[info] Storage: read data file = SRRun01_grf.mot (nr=10005 nc=19)
[info] ExternalForce::RightGRF Data source being set to SRRun01_grf
[info] ExternalForce::LeftGRF Data source being set to SRRun01_grf
[info] Storage: read data file = SRRun01_grf.mot (nr=10005 nc=19)
[info] ExternalForce::RightGRF Data source being set to SRRun01_grf
[info] ExternalForce::LeftGRF Data source being set to SRRun01_grf
[info] Storage: read data file = SRRun01_grf.mot (nr=10005 nc=19)
[info] ExternalForce::RightGRF Data source being set to SRRun01_grf
[info] ExternalForce::LeftGRF Data source being set to SRRun01_grf
[info] Storage: read data file = SRRun01_grf.mot (nr=10005 nc=19)
[info] ExternalForce::RightGRF Data source being set to SRRun01_grf
[info] ExternalForce::LeftGRF Data source being set to SRRun01_grf
[info] Storage: read data file = SRRun01_grf.mot (nr=10005 nc=19)
[info] ExternalForce::RightGRF Data source being set to SRRun01_grf
[info] ExternalForce::LeftGRF Data source being set to SRRun01_grf
[info] Storage: read data file = SRRun01_grf.mot (nr=10005 nc=19)
[info] ExternalForce::RightGRF Data source being set to SRRun01_grf
[info] ExternalForce::LeftGRF Data source being set to SRRun01_grf
[info] Storage: read data file = SRRun01_grf.mot (nr=10005 nc=19)
[info] ExternalForce::RightGRF Data source being set to SRRun01_grf
[info] ExternalForce::LeftGRF Data source being set to SRRun01_grf
[info] Storage: read data file = SRRun01_grf.mot (nr=10005 nc=19)
[info] ExternalForce::RightGRF Data source being set to SRRun01_grf
[info] ExternalForce::LeftGRF Data source being set to SRRun01_grf
[info] Storage: read data file = SRRun01_grf.mot (nr=10005 nc=19)
[info] ExternalForce::RightGRF Data source being set to SRRun01_grf
[info] ExternalForce::LeftGRF Data source being set to SRRun01_grf
[info] Storage: read data file = SRRun01_grf.mot (nr=10005 nc=19)
[info] ExternalForce::RightGRF Data source being set to SRRun01_grf
[info] ExternalForce::LeftGRF Data source being set to SRRun01_grf
[info] Storage: read data file = SRRun01_grf.mot (nr=10005 nc=19)
[info] ExternalForce::RightGRF Data source being set to SRRun01_grf
[info] ExternalForce::LeftGRF Data source being set to SRRun01_grf
[info] Storage: read data file = SRRun01_grf.mot (nr=10005 nc=19)
[info] ExternalForce::RightGRF Data source being set to SRRun01_grf
[info] ExternalForce::LeftGRF Data source being set to SRRun01_grf
[info] Storage: read data file = SRRun01_grf.mot (nr=10005 nc=19)
[info] ExternalForce::RightGRF Data source being set to SRRun01_grf
[info] ExternalForce::LeftGRF Data source being set to SRRun01_grf
[info] Storage: read data file = SRRun01_grf.mot (nr=10005 nc=19)
[info] ExternalForce::RightGRF Data source being set to SRRun01_grf
[info] ExternalForce::LeftGRF Data source being set to SRRun01_grf
[info] Storage: read data file = SRRun01_grf.mot (nr=10005 nc=19)
[info] ExternalForce::RightGRF Data source being set to SRRun01_grf
[info] ExternalForce::LeftGRF Data source being set to SRRun01_grf
[info] Storage: read data file = SRRun01_grf.mot (nr=10005 nc=19)
[info] ExternalForce::RightGRF Data source being set to SRRun01_grf
[info] ExternalForce::LeftGRF Data source being set to SRRun01_grf
[info] Storage: read data file = SRRun01_grf.mot (nr=10005 nc=19)
[info] ExternalForce::RightGRF Data source being set to SRRun01_grf
[info] ExternalForce::LeftGRF Data source being set to SRRun01_grf
[info] Storage: read data file = SRRun01_grf.mot (nr=10005 nc=19)
[info] ExternalForce::RightGRF Data source being set to SRRun01_grf
[info] ExternalForce::LeftGRF Data source being set to SRRun01_grf
[info] Storage: read data file = SRRun01_grf.mot (nr=10005 nc=19)
[info] ExternalForce::RightGRF Data source being set to SRRun01_grf
[info] ExternalForce::LeftGRF Data source being set to SRRun01_grf
[info] Storage: read data file = SRRun01_grf.mot (nr=10005 nc=19)
[info] ExternalForce::RightGRF Data source being set to SRRun01_grf
[info] ExternalForce::LeftGRF Data source being set to SRRun01_grf
[info] Storage: read data file = SRRun01_grf.mot (nr=10005 nc=19)
[info] ExternalForce::RightGRF Data source being set to SRRun01_grf
[info] ExternalForce::LeftGRF Data source being set to SRRun01_grf
[info] Storage: read data file = SRRun01_grf.mot (nr=10005 nc=19)
[info] ExternalForce::RightGRF Data source being set to SRRun01_grf
[info] ExternalForce::LeftGRF Data source being set to SRRun01_grf
[info] Storage: read data file = SRRun01_grf.mot (nr=10005 nc=19)
[info] ExternalForce::RightGRF Data source being set to SRRun01_grf
[info] ExternalForce::LeftGRF Data source being set to SRRun01_grf
[info] Storage: read data file = SRRun01_grf.mot (nr=10005 nc=19)
[info] ExternalForce::RightGRF Data source being set to SRRun01_grf
[info] ExternalForce::LeftGRF Data source being set to SRRun01_grf
[info] Storage: read data file = SRRun01_grf.mot (nr=10005 nc=19)
[info] ExternalForce::RightGRF Data source being set to SRRun01_grf
[info] ExternalForce::LeftGRF Data source being set to SRRun01_grf
[info] Storage: read data file = SRRun01_grf.mot (nr=10005 nc=19)
[info] ExternalForce::RightGRF Data source being set to SRRun01_grf
[info] ExternalForce::LeftGRF Data source being set to SRRun01_grf
[info] Storage: read data file = SRRun01_grf.mot (nr=10005 nc=19)
[info] ExternalForce::RightGRF Data source being set to SRRun01_grf
[info] ExternalForce::LeftGRF Data source being set to SRRun01_grf
[info] Storage: read data file = SRRun01_grf.mot (nr=10005 nc=19)
[info] ExternalForce::RightGRF Data source being set to SRRun01_grf
[info] ExternalForce::LeftGRF Data source being set to SRRun01_grf
[info] Storage: read data file = SRRun01_grf.mot (nr=10005 nc=19)
[info] ExternalForce::RightGRF Data source being set to SRRun01_grf
[info] ExternalForce::LeftGRF Data source being set to SRRun01_grf
[info] Storage: read data file = SRRun01_grf.mot (nr=10005 nc=19)
[info] ExternalForce::RightGRF Data source being set to SRRun01_grf
[info] ExternalForce::LeftGRF Data source being set to SRRun01_grf
[info] Storage: read data file = SRRun01_grf.mot (nr=10005 nc=19)
[info] ExternalForce::RightGRF Data source being set to SRRun01_grf
[info] ExternalForce::LeftGRF Data source being set to SRRun01_grf
[info] Storage: read data file = SRRun01_grf.mot (nr=10005 nc=19)
[info] ExternalForce::RightGRF Data source being set to SRRun01_grf
[info] ExternalForce::LeftGRF Data source being set to SRRun01_grf
[info] Storage: read data file = SRRun01_grf.mot (nr=10005 nc=19)
[info] ExternalForce::RightGRF Data source being set to SRRun01_grf
[info] ExternalForce::LeftGRF Data source being set to SRRun01_grf
[info] Storage: read data file = SRRun01_grf.mot (nr=10005 nc=19)
[info] ExternalForce::RightGRF Data source being set to SRRun01_grf
[info] ExternalForce::LeftGRF Data source being set to SRRun01_grf
[info] Storage: read data file = SRRun01_grf.mot (nr=10005 nc=19)
[info] ExternalForce::RightGRF Data source being set to SRRun01_grf
[info] ExternalForce::LeftGRF Data source being set to SRRun01_grf
[info] Storage: read data file = SRRun01_grf.mot (nr=10005 nc=19)
[info] ExternalForce::RightGRF Data source being set to SRRun01_grf
[info] ExternalForce::LeftGRF Data source being set to SRRun01_grf
[info] Storage: read data file = SRRun01_grf.mot (nr=10005 nc=19)
[info] ExternalForce::RightGRF Data source being set to SRRun01_grf
[info] ExternalForce::LeftGRF Data source being set to SRRun01_grf
[info] Storage: read data file = SRRun01_grf.mot (nr=10005 nc=19)
[info] ExternalForce::RightGRF Data source being set to SRRun01_grf
[info] ExternalForce::LeftGRF Data source being set to SRRun01_grf
[info] Storage: read data file = SRRun01_grf.mot (nr=10005 nc=19)
[info] ExternalForce::RightGRF Data source being set to SRRun01_grf
[info] ExternalForce::LeftGRF Data source being set to SRRun01_grf
[info] Storage: read data file = SRRun01_grf.mot (nr=10005 nc=19)
[info] ExternalForce::RightGRF Data source being set to SRRun01_grf
[info] ExternalForce::LeftGRF Data source being set to SRRun01_grf
[info] Storage: read data file = SRRun01_grf.mot (nr=10005 nc=19)
[info] ExternalForce::RightGRF Data source being set to SRRun01_grf
[info] ExternalForce::LeftGRF Data source being set to SRRun01_grf
[info] Storage: read data file = SRRun01_grf.mot (nr=10005 nc=19)
[info] ExternalForce::RightGRF Data source being set to SRRun01_grf
[info] ExternalForce::LeftGRF Data source being set to SRRun01_grf
[info] Storage: read data file = SRRun01_grf.mot (nr=10005 nc=19)
[info] ExternalForce::RightGRF Data source being set to SRRun01_grf
[info] ExternalForce::LeftGRF Data source being set to SRRun01_grf
[info] Storage: read data file = SRRun01_grf.mot (nr=10005 nc=19)
[info] ExternalForce::RightGRF Data source being set to SRRun01_grf
[info] ExternalForce::LeftGRF Data source being set to SRRun01_grf
[info] Storage: read data file = SRRun01_grf.mot (nr=10005 nc=19)
[info] ExternalForce::RightGRF Data source being set to SRRun01_grf
[info] ExternalForce::LeftGRF Data source being set to SRRun01_grf
[info] Storage: read data file = SRRun01_grf.mot (nr=10005 nc=19)
[info] ExternalForce::RightGRF Data source being set to SRRun01_grf
[info] ExternalForce::LeftGRF Data source being set to SRRun01_grf
[info] Storage: read data file = SRRun01_grf.mot (nr=10005 nc=19)
[info] ExternalForce::RightGRF Data source being set to SRRun01_grf
[info] ExternalForce::LeftGRF Data source being set to SRRun01_grf
[info] Storage: read data file = SRRun01_grf.mot (nr=10005 nc=19)
[info] ExternalForce::RightGRF Data source being set to SRRun01_grf
[info] ExternalForce::LeftGRF Data source being set to SRRun01_grf
[info] Storage: read data file = SRRun01_grf.mot (nr=10005 nc=19)
[info] ExternalForce::RightGRF Data source being set to SRRun01_grf
[info] ExternalForce::LeftGRF Data source being set to SRRun01_grf
[info] Storage: read data file = SRRun01_grf.mot (nr=10005 nc=19)
[info] ExternalForce::RightGRF Data source being set to SRRun01_grf
[info] ExternalForce::LeftGRF Data source being set to SRRun01_grf
[info] Storage: read data file = SRRun01_grf.mot (nr=10005 nc=19)
[info] ExternalForce::RightGRF Data source being set to SRRun01_grf
[info] ExternalForce::LeftGRF Data source being set to SRRun01_grf
[info] Storage: read data file = SRRun01_grf.mot (nr=10005 nc=19)
[info] ExternalForce::RightGRF Data source being set to SRRun01_grf
[info] ExternalForce::LeftGRF Data source being set to SRRun01_grf
[info] Storage: read data file = SRRun01_grf.mot (nr=10005 nc=19)
[info] ExternalForce::RightGRF Data source being set to SRRun01_grf
[info] ExternalForce::LeftGRF Data source being set to SRRun01_grf
[info] Storage: read data file = SRRun01_grf.mot (nr=10005 nc=19)
[info] ExternalForce::RightGRF Data source being set to SRRun01_grf
[info] ExternalForce::LeftGRF Data source being set to SRRun01_grf
[info] Storage: read data file = SRRun01_grf.mot (nr=10005 nc=19)
[info] ExternalForce::RightGRF Data source being set to SRRun01_grf
[info] ExternalForce::LeftGRF Data source being set to SRRun01_grf
[info] Storage: read data file = SRRun01_grf.mot (nr=10005 nc=19)
[info] ExternalForce::RightGRF Data source being set to SRRun01_grf
[info] ExternalForce::LeftGRF Data source being set to SRRun01_grf
[info] Storage: read data file = SRRun01_grf.mot (nr=10005 nc=19)
[info] ExternalForce::RightGRF Data source being set to SRRun01_grf
[info] ExternalForce::LeftGRF Data source being set to SRRun01_grf
[info] Storage: read data file = SRRun01_grf.mot (nr=10005 nc=19)
[info] ExternalForce::RightGRF Data source being set to SRRun01_grf
[info] ExternalForce::LeftGRF Data source being set to SRRun01_grf
[info] Storage: read data file = SRRun01_grf.mot (nr=10005 nc=19)
[info] ExternalForce::RightGRF Data source being set to SRRun01_grf
[info] ExternalForce::LeftGRF Data source being set to SRRun01_grf
[info] Storage: read data file = SRRun01_grf.mot (nr=10005 nc=19)
[info] ExternalForce::RightGRF Data source being set to SRRun01_grf
[info] ExternalForce::LeftGRF Data source being set to SRRun01_grf
[info] Storage: read data file = SRRun01_grf.mot (nr=10005 nc=19)
[info] ExternalForce::RightGRF Data source being set to SRRun01_grf
[info] ExternalForce::LeftGRF Data source being set to SRRun01_grf
[info] Storage: read data file = SRRun01_grf.mot (nr=10005 nc=19)
[info] ExternalForce::RightGRF Data source being set to SRRun01_grf
[info] ExternalForce::LeftGRF Data source being set to SRRun01_grf
[info] Storage: read data file = SRRun01_grf.mot (nr=10005 nc=19)
[info] ExternalForce::RightGRF Data source being set to SRRun01_grf
[info] ExternalForce::LeftGRF Data source being set to SRRun01_grf
[info] Storage: read data file = SRRun01_grf.mot (nr=10005 nc=19)
[info] ExternalForce::RightGRF Data source being set to SRRun01_grf
[info] ExternalForce::LeftGRF Data source being set to SRRun01_grf
[info] Storage: read data file = SRRun01_grf.mot (nr=10005 nc=19)
[info] ExternalForce::RightGRF Data source being set to SRRun01_grf
[info] ExternalForce::LeftGRF Data source being set to SRRun01_grf
[info] Storage: read data file = SRRun01_grf.mot (nr=10005 nc=19)
[info] ExternalForce::RightGRF Data source being set to SRRun01_grf
[info] ExternalForce::LeftGRF Data source being set to SRRun01_grf
[info] Storage: read data file = SRRun01_grf.mot (nr=10005 nc=19)
[info] ExternalForce::RightGRF Data source being set to SRRun01_grf
[info] ExternalForce::LeftGRF Data source being set to SRRun01_grf
[info] Storage: read data file = SRRun01_grf.mot (nr=10005 nc=19)
[info] ExternalForce::RightGRF Data source being set to SRRun01_grf
[info] ExternalForce::LeftGRF Data source being set to SRRun01_grf
[info] Storage: read data file = SRRun01_grf.mot (nr=10005 nc=19)
[info] ExternalForce::RightGRF Data source being set to SRRun01_grf
[info] ExternalForce::LeftGRF Data source being set to SRRun01_grf
[info] Storage: read data file = SRRun01_grf.mot (nr=10005 nc=19)
[info] ExternalForce::RightGRF Data source being set to SRRun01_grf
[info] ExternalForce::LeftGRF Data source being set to SRRun01_grf
[info] Storage: read data file = SRRun01_grf.mot (nr=10005 nc=19)
[info] ExternalForce::RightGRF Data source being set to SRRun01_grf
[info] ExternalForce::LeftGRF Data source being set to SRRun01_grf
[info] Storage: read data file = SRRun01_grf.mot (nr=10005 nc=19)
[info] ExternalForce::RightGRF Data source being set to SRRun01_grf
[info] ExternalForce::LeftGRF Data source being set to SRRun01_grf
[info] Storage: read data file = SRRun01_grf.mot (nr=10005 nc=19)
[info] ExternalForce::RightGRF Data source being set to SRRun01_grf
[info] ExternalForce::LeftGRF Data source being set to SRRun01_grf
[info] Storage: read data file = SRRun01_grf.mot (nr=10005 nc=19)
[info] ExternalForce::RightGRF Data source being set to SRRun01_grf
[info] ExternalForce::LeftGRF Data source being set to SRRun01_grf
[info] Storage: read data file = SRRun01_grf.mot (nr=10005 nc=19)
[info] ExternalForce::RightGRF Data source being set to SRRun01_grf
[info] ExternalForce::LeftGRF Data source being set to SRRun01_grf
[info] Storage: read data file = SRRun01_grf.mot (nr=10005 nc=19)
[info] ExternalForce::RightGRF Data source being set to SRRun01_grf
[info] ExternalForce::LeftGRF Data source being set to SRRun01_grf
[info] Storage: read data file = SRRun01_grf.mot (nr=10005 nc=19)
[info] ExternalForce::RightGRF Data source being set to SRRun01_grf
[info] ExternalForce::LeftGRF Data source being set to SRRun01_grf
[info] Storage: read data file = SRRun01_grf.mot (nr=10005 nc=19)
[info] ExternalForce::RightGRF Data source being set to SRRun01_grf
[info] ExternalForce::LeftGRF Data source being set to SRRun01_grf
[info] Storage: read data file = SRRun01_grf.mot (nr=10005 nc=19)
[info] ExternalForce::RightGRF Data source being set to SRRun01_grf
[info] ExternalForce::LeftGRF Data source being set to SRRun01_grf
[info] Storage: read data file = SRRun01_grf.mot (nr=10005 nc=19)
[info] ExternalForce::RightGRF Data source being set to SRRun01_grf
[info] ExternalForce::LeftGRF Data source being set to SRRun01_grf
[info] Storage: read data file = SRRun01_grf.mot (nr=10005 nc=19)
[info] ExternalForce::RightGRF Data source being set to SRRun01_grf
[info] ExternalForce::LeftGRF Data source being set to SRRun01_grf
[info] Storage: read data file = SRRun01_grf.mot (nr=10005 nc=19)
[info] ExternalForce::RightGRF Data source being set to SRRun01_grf
[info] ExternalForce::LeftGRF Data source being set to SRRun01_grf
[info] Storage: read data file = SRRun01_grf.mot (nr=10005 nc=19)
[info] ExternalForce::RightGRF Data source being set to SRRun01_grf
[info] ExternalForce::LeftGRF Data source being set to SRRun01_grf
[info] Storage: read data file = SRRun01_grf.mot (nr=10005 nc=19)
[info] ExternalForce::RightGRF Data source being set to SRRun01_grf
[info] ExternalForce::LeftGRF Data source being set to SRRun01_grf
[info] Storage: read data file = SRRun01_grf.mot (nr=10005 nc=19)
[info] ExternalForce::RightGRF Data source being set to SRRun01_grf
[info] ExternalForce::LeftGRF Data source being set to SRRun01_grf
[info] Storage: read data file = SRRun01_grf.mot (nr=10005 nc=19)
[info] ExternalForce::RightGRF Data source being set to SRRun01_grf
[info] ExternalForce::LeftGRF Data source being set to SRRun01_grf
[info] Storage: read data file = SRRun01_grf.mot (nr=10005 nc=19)
[info] ExternalForce::RightGRF Data source being set to SRRun01_grf
[info] ExternalForce::LeftGRF Data source being set to SRRun01_grf
[info] Storage: read data file = SRRun01_grf.mot (nr=10005 nc=19)
[info] ExternalForce::RightGRF Data source being set to SRRun01_grf
[info] ExternalForce::LeftGRF Data source being set to SRRun01_grf
[info] Storage: read data file = SRRun01_grf.mot (nr=10005 nc=19)
[info] ExternalForce::RightGRF Data source being set to SRRun01_grf
[info] ExternalForce::LeftGRF Data source being set to SRRun01_grf
[info] Storage: read data file = SRRun01_grf.mot (nr=10005 nc=19)
[info] ExternalForce::RightGRF Data source being set to SRRun01_grf
[info] ExternalForce::LeftGRF Data source being set to SRRun01_grf
[info] Storage: read data file = SRRun01_grf.mot (nr=10005 nc=19)
[info] ExternalForce::RightGRF Data source being set to SRRun01_grf
[info] ExternalForce::LeftGRF Data source being set to SRRun01_grf
[info] Storage: read data file = SRRun01_grf.mot (nr=10005 nc=19)
[info] ExternalForce::RightGRF Data source being set to SRRun01_grf
[info] ExternalForce::LeftGRF Data source being set to SRRun01_grf
[info] Storage: read data file = SRRun01_grf.mot (nr=10005 nc=19)
[info] ExternalForce::RightGRF Data source being set to SRRun01_grf
[info] ExternalForce::LeftGRF Data source being set to SRRun01_grf
[info] Storage: read data file = SRRun01_grf.mot (nr=10005 nc=19)
[info] ExternalForce::RightGRF Data source being set to SRRun01_grf
[info] ExternalForce::LeftGRF Data source being set to SRRun01_grf
[info] Storage: read data file = SRRun01_grf.mot (nr=10005 nc=19)
[info] ExternalForce::RightGRF Data source being set to SRRun01_grf
[info] ExternalForce::LeftGRF Data source being set to SRRun01_grf
[info] Storage: read data file = SRRun01_grf.mot (nr=10005 nc=19)
[info] ExternalForce::RightGRF Data source being set to SRRun01_grf
[info] ExternalForce::LeftGRF Data source being set to SRRun01_grf
[info] Storage: read data file = SRRun01_grf.mot (nr=10005 nc=19)
[info] ExternalForce::RightGRF Data source being set to SRRun01_grf
[info] ExternalForce::LeftGRF Data source being set to SRRun01_grf
[info] Storage: read data file = SRRun01_grf.mot (nr=10005 nc=19)
[info] ExternalForce::RightGRF Data source being set to SRRun01_grf
[info] ExternalForce::LeftGRF Data source being set to SRRun01_grf
[info] Storage: read data file = SRRun01_grf.mot (nr=10005 nc=19)
[info] ExternalForce::RightGRF Data source being set to SRRun01_grf
[info] ExternalForce::LeftGRF Data source being set to SRRun01_grf
[info] Storage: read data file = SRRun01_grf.mot (nr=10005 nc=19)
[info] ExternalForce::RightGRF Data source being set to SRRun01_grf
[info] ExternalForce::LeftGRF Data source being set to SRRun01_grf
[info] Storage: read data file = SRRun01_grf.mot (nr=10005 nc=19)
[info] ExternalForce::RightGRF Data source being set to SRRun01_grf
[info] ExternalForce::LeftGRF Data source being set to SRRun01_grf
[info] Storage: read data file = SRRun01_grf.mot (nr=10005 nc=19)
[info] ExternalForce::RightGRF Data source being set to SRRun01_grf
[info] ExternalForce::LeftGRF Data source being set to SRRun01_grf
[info] Storage: read data file = SRRun01_grf.mot (nr=10005 nc=19)
[info] ExternalForce::RightGRF Data source being set to SRRun01_grf
[info] ExternalForce::LeftGRF Data source being set to SRRun01_grf
[info] Storage: read data file = SRRun01_grf.mot (nr=10005 nc=19)
[info] ExternalForce::RightGRF Data source being set to SRRun01_grf
[info] ExternalForce::LeftGRF Data source being set to SRRun01_grf
[info] Storage: read data file = SRRun01_grf.mot (nr=10005 nc=19)
[info] ExternalForce::RightGRF Data source being set to SRRun01_grf
[info] ExternalForce::LeftGRF Data source being set to SRRun01_grf
[info] Storage: read data file = SRRun01_grf.mot (nr=10005 nc=19)
[info] ExternalForce::RightGRF Data source being set to SRRun01_grf
[info] ExternalForce::LeftGRF Data source being set to SRRun01_grf
[info] Storage: read data file = SRRun01_grf.mot (nr=10005 nc=19)
[info] ExternalForce::RightGRF Data source being set to SRRun01_grf
[info] ExternalForce::LeftGRF Data source being set to SRRun01_grf
[info] Storage: read data file = SRRun01_grf.mot (nr=10005 nc=19)
[info] ExternalForce::RightGRF Data source being set to SRRun01_grf
[info] ExternalForce::LeftGRF Data source being set to SRRun01_grf
[info] Storage: read data file = SRRun01_grf.mot (nr=10005 nc=19)
[info] ExternalForce::RightGRF Data source being set to SRRun01_grf
[info] ExternalForce::LeftGRF Data source being set to SRRun01_grf
[info] Storage: read data file = SRRun01_grf.mot (nr=10005 nc=19)
[info] ExternalForce::RightGRF Data source being set to SRRun01_grf
[info] ExternalForce::LeftGRF Data source being set to SRRun01_grf
[info] Storage: read data file = SRRun01_grf.mot (nr=10005 nc=19)
[info] ExternalForce::RightGRF Data source being set to SRRun01_grf
[info] ExternalForce::LeftGRF Data source being set to SRRun01_grf
[info] Storage: read data file = SRRun01_grf.mot (nr=10005 nc=19)
[info] ExternalForce::RightGRF Data source being set to SRRun01_grf
[info] ExternalForce::LeftGRF Data source being set to SRRun01_grf
[info] Storage: read data file = SRRun01_grf.mot (nr=10005 nc=19)
[info] ExternalForce::RightGRF Data source being set to SRRun01_grf
[info] ExternalForce::LeftGRF Data source being set to SRRun01_grf
[info] Storage: read data file = SRRun01_grf.mot (nr=10005 nc=19)
[info] ExternalForce::RightGRF Data source being set to SRRun01_grf
[info] ExternalForce::LeftGRF Data source being set to SRRun01_grf
[info] Storage: read data file = SRRun01_grf.mot (nr=10005 nc=19)
[info] ExternalForce::RightGRF Data source being set to SRRun01_grf
[info] ExternalForce::LeftGRF Data source being set to SRRun01_grf
[info] Storage: read data file = SRRun01_grf.mot (nr=10005 nc=19)
[info] ExternalForce::RightGRF Data source being set to SRRun01_grf
[info] ExternalForce::LeftGRF Data source being set to SRRun01_grf
[info] Storage: read data file = SRRun01_grf.mot (nr=10005 nc=19)
[info] ExternalForce::RightGRF Data source being set to SRRun01_grf
[info] ExternalForce::LeftGRF Data source being set to SRRun01_grf
[info] Storage: read data file = SRRun01_grf.mot (nr=10005 nc=19)
[info] ExternalForce::RightGRF Data source being set to SRRun01_grf
[info] ExternalForce::LeftGRF Data source being set to SRRun01_grf
[info] Storage: read data file = SRRun01_grf.mot (nr=10005 nc=19)
[info] ExternalForce::RightGRF Data source being set to SRRun01_grf
[info] ExternalForce::LeftGRF Data source being set to SRRun01_grf
[info] Storage: read data file = SRRun01_grf.mot (nr=10005 nc=19)
[info] ExternalForce::RightGRF Data source being set to SRRun01_grf
[info] ExternalForce::LeftGRF Data source being set to SRRun01_grf
[info] Storage: read data file = SRRun01_grf.mot (nr=10005 nc=19)
[info] ExternalForce::RightGRF Data source being set to SRRun01_grf
[info] ExternalForce::LeftGRF Data source being set to SRRun01_grf
[info] Storage: read data file = SRRun01_grf.mot (nr=10005 nc=19)
[info] ExternalForce::RightGRF Data source being set to SRRun01_grf
[info] ExternalForce::LeftGRF Data source being set to SRRun01_grf
[info] Storage: read data file = SRRun01_grf.mot (nr=10005 nc=19)
[info] ExternalForce::RightGRF Data source being set to SRRun01_grf
[info] ExternalForce::LeftGRF Data source being set to SRRun01_grf
[info] Storage: read data file = SRRun01_grf.mot (nr=10005 nc=19)
[info] ExternalForce::RightGRF Data source being set to SRRun01_grf
[info] ExternalForce::LeftGRF Data source being set to SRRun01_grf
[info] Storage: read data file = SRRun01_grf.mot (nr=10005 nc=19)
[info] ExternalForce::RightGRF Data source being set to SRRun01_grf
[info] ExternalForce::LeftGRF Data source being set to SRRun01_grf
[info] Storage: read data file = SRRun01_grf.mot (nr=10005 nc=19)
[info] ExternalForce::RightGRF Data source being set to SRRun01_grf
[info] ExternalForce::LeftGRF Data source being set to SRRun01_grf
[info] Storage: read data file = SRRun01_grf.mot (nr=10005 nc=19)
[info] ExternalForce::RightGRF Data source being set to SRRun01_grf
[info] ExternalForce::LeftGRF Data source being set to SRRun01_grf
[info] Storage: read data file = SRRun01_grf.mot (nr=10005 nc=19)
[info] ExternalForce::RightGRF Data source being set to SRRun01_grf
[info] ExternalForce::LeftGRF Data source being set to SRRun01_grf
[info] Storage: read data file = SRRun01_grf.mot (nr=10005 nc=19)
[info] ExternalForce::RightGRF Data source being set to SRRun01_grf
[info] ExternalForce::LeftGRF Data source being set to SRRun01_grf
[info] Storage: read data file = SRRun01_grf.mot (nr=10005 nc=19)
[info] ExternalForce::RightGRF Data source being set to SRRun01_grf
[info] ExternalForce::LeftGRF Data source being set to SRRun01_grf
[info] Storage: read data file = SRRun01_grf.mot (nr=10005 nc=19)
[info] ExternalForce::RightGRF Data source being set to SRRun01_grf
[info] ExternalForce::LeftGRF Data source being set to SRRun01_grf
[info] Storage: read data file = SRRun01_grf.mot (nr=10005 nc=19)
[info] ExternalForce::RightGRF Data source being set to SRRun01_grf
[info] ExternalForce::LeftGRF Data source being set to SRRun01_grf
[info] Storage: read data file = SRRun01_grf.mot (nr=10005 nc=19)
[info] ExternalForce::RightGRF Data source being set to SRRun01_grf
[info] ExternalForce::LeftGRF Data source being set to SRRun01_grf
[info] Storage: read data file = SRRun01_grf.mot (nr=10005 nc=19)
[info] ExternalForce::RightGRF Data source being set to SRRun01_grf
[info] ExternalForce::LeftGRF Data source being set to SRRun01_grf
[info] Storage: read data file = SRRun01_grf.mot (nr=10005 nc=19)
[info] ExternalForce::RightGRF Data source being set to SRRun01_grf
[info] ExternalForce::LeftGRF Data source being set to SRRun01_grf
[info] Storage: read data file = SRRun01_grf.mot (nr=10005 nc=19)
[info] ExternalForce::RightGRF Data source being set to SRRun01_grf
[info] ExternalForce::LeftGRF Data source being set to SRRun01_grf
[info] Storage: read data file = SRRun01_grf.mot (nr=10005 nc=19)
[info] ExternalForce::RightGRF Data source being set to SRRun01_grf
[info] ExternalForce::LeftGRF Data source being set to SRRun01_grf
[info] Storage: read data file = SRRun01_grf.mot (nr=10005 nc=19)
[info] ExternalForce::RightGRF Data source being set to SRRun01_grf
[info] ExternalForce::LeftGRF Data source being set to SRRun01_grf
[info] Storage: read data file = SRRun01_grf.mot (nr=10005 nc=19)
[info] ExternalForce::RightGRF Data source being set to SRRun01_grf
[info] ExternalForce::LeftGRF Data source being set to SRRun01_grf
[info] Storage: read data file = SRRun01_grf.mot (nr=10005 nc=19)
[info] ExternalForce::RightGRF Data source being set to SRRun01_grf
[info] ExternalForce::LeftGRF Data source being set to SRRun01_grf
[info] Storage: read data file = SRRun01_grf.mot (nr=10005 nc=19)
[info] ExternalForce::RightGRF Data source being set to SRRun01_grf
[info] ExternalForce::LeftGRF Data source being set to SRRun01_grf
[info] Storage: read data file = SRRun01_grf.mot (nr=10005 nc=19)
[info] ExternalForce::RightGRF Data source being set to SRRun01_grf
[info] ExternalForce::LeftGRF Data source being set to SRRun01_grf
[info] Storage: read data file = SRRun01_grf.mot (nr=10005 nc=19)
[info] ExternalForce::RightGRF Data source being set to SRRun01_grf
[info] ExternalForce::LeftGRF Data source being set to SRRun01_grf
[info] Storage: read data file = SRRun01_grf.mot (nr=10005 nc=19)
[info] ExternalForce::RightGRF Data source being set to SRRun01_grf
[info] ExternalForce::LeftGRF Data source being set to SRRun01_grf
[info] Storage: read data file = SRRun01_grf.mot (nr=10005 nc=19)
[info] ExternalForce::RightGRF Data source being set to SRRun01_grf
[info] ExternalForce::LeftGRF Data source being set to SRRun01_grf
[info] Storage: read data file = SRRun01_grf.mot (nr=10005 nc=19)
[info] ExternalForce::RightGRF Data source being set to SRRun01_grf
[info] ExternalForce::LeftGRF Data source being set to SRRun01_grf
[info] Storage: read data file = SRRun01_grf.mot (nr=10005 nc=19)
[info] ExternalForce::RightGRF Data source being set to SRRun01_grf
[info] ExternalForce::LeftGRF Data source being set to SRRun01_grf
[info] Storage: read data file = SRRun01_grf.mot (nr=10005 nc=19)
[info] ExternalForce::RightGRF Data source being set to SRRun01_grf
[info] ExternalForce::LeftGRF Data source being set to SRRun01_grf
[info] Storage: read data file = SRRun01_grf.mot (nr=10005 nc=19)
[info] ExternalForce::RightGRF Data source being set to SRRun01_grf
[info] ExternalForce::LeftGRF Data source being set to SRRun01_grf
[info] Storage: read data file = SRRun01_grf.mot (nr=10005 nc=19)
[info] ExternalForce::RightGRF Data source being set to SRRun01_grf
[info] ExternalForce::LeftGRF Data source being set to SRRun01_grf
[info] Storage: read data file = SRRun01_grf.mot (nr=10005 nc=19)
[info] ExternalForce::RightGRF Data source being set to SRRun01_grf
[info] ExternalForce::LeftGRF Data source being set to SRRun01_grf
[info] Storage: read data file = SRRun01_grf.mot (nr=10005 nc=19)
[info] ExternalForce::RightGRF Data source being set to SRRun01_grf
[info] ExternalForce::LeftGRF Data source being set to SRRun01_grf
[info] Storage: read data file = SRRun01_grf.mot (nr=10005 nc=19)
[info] ExternalForce::RightGRF Data source being set to SRRun01_grf
[info] ExternalForce::LeftGRF Data source being set to SRRun01_grf
[info] Storage: read data file = SRRun01_grf.mot (nr=10005 nc=19)
[info] ExternalForce::RightGRF Data source being set to SRRun01_grf
[info] ExternalForce::LeftGRF Data source being set to SRRun01_grf
[info] Storage: read data file = SRRun01_grf.mot (nr=10005 nc=19)
[info] ExternalForce::RightGRF Data source being set to SRRun01_grf
[info] ExternalForce::LeftGRF Data source being set to SRRun01_grf
[info] Storage: read data file = SRRun01_grf.mot (nr=10005 nc=19)
[info] ExternalForce::RightGRF Data source being set to SRRun01_grf
[info] ExternalForce::LeftGRF Data source being set to SRRun01_grf
[info] Storage: read data file = SRRun01_grf.mot (nr=10005 nc=19)
[info] ExternalForce::RightGRF Data source being set to SRRun01_grf
[info] ExternalForce::LeftGRF Data source being set to SRRun01_grf
[info] Storage: read data file = SRRun01_grf.mot (nr=10005 nc=19)
[info] ExternalForce::RightGRF Data source being set to SRRun01_grf
[info] ExternalForce::LeftGRF Data source being set to SRRun01_grf
[info] Storage: read data file = SRRun01_grf.mot (nr=10005 nc=19)
[info] ExternalForce::RightGRF Data source being set to SRRun01_grf
[info] ExternalForce::LeftGRF Data source being set to SRRun01_grf
[info] Storage: read data file = SRRun01_grf.mot (nr=10005 nc=19)
[info] ExternalForce::RightGRF Data source being set to SRRun01_grf
[info] ExternalForce::LeftGRF Data source being set to SRRun01_grf
[info] Storage: read data file = SRRun01_grf.mot (nr=10005 nc=19)
[info] ExternalForce::RightGRF Data source being set to SRRun01_grf
[info] ExternalForce::LeftGRF Data source being set to SRRun01_grf
[info] Storage: read data file = SRRun01_grf.mot (nr=10005 nc=19)
[info] ExternalForce::RightGRF Data source being set to SRRun01_grf
[info] ExternalForce::LeftGRF Data source being set to SRRun01_grf
[info] Storage: read data file = SRRun01_grf.mot (nr=10005 nc=19)
[info] ExternalForce::RightGRF Data source being set to SRRun01_grf
[info] ExternalForce::LeftGRF Data source being set to SRRun01_grf
[info] Storage: read data file = SRRun01_grf.mot (nr=10005 nc=19)
[info] ExternalForce::RightGRF Data source being set to SRRun01_grf
[info] ExternalForce::LeftGRF Data source being set to SRRun01_grf
[info] Storage: read data file = SRRun01_grf.mot (nr=10005 nc=19)
[info] ExternalForce::RightGRF Data source being set to SRRun01_grf
[info] ExternalForce::LeftGRF Data source being set to SRRun01_grf
[info] Storage: read data file = SRRun01_grf.mot (nr=10005 nc=19)
[info] ExternalForce::RightGRF Data source being set to SRRun01_grf
[info] ExternalForce::LeftGRF Data source being set to SRRun01_grf
[info] Storage: read data file = SRRun01_grf.mot (nr=10005 nc=19)
[info] ExternalForce::RightGRF Data source being set to SRRun01_grf
[info] ExternalForce::LeftGRF Data source being set to SRRun01_grf
[info] Storage: read data file = SRRun01_grf.mot (nr=10005 nc=19)
[info] ExternalForce::RightGRF Data source being set to SRRun01_grf
[info] ExternalForce::LeftGRF Data source being set to SRRun01_grf
[info] Storage: read data file = SRRun01_grf.mot (nr=10005 nc=19)
[info] ExternalForce::RightGRF Data source being set to SRRun01_grf
[info] ExternalForce::LeftGRF Data source being set to SRRun01_grf
[info] Storage: read data file = SRRun01_grf.mot (nr=10005 nc=19)
[info] ExternalForce::RightGRF Data source being set to SRRun01_grf
[info] ExternalForce::LeftGRF Data source being set to SRRun01_grf
[info] Storage: read data file = SRRun01_grf.mot (nr=10005 nc=19)
[info] ExternalForce::RightGRF Data source being set to SRRun01_grf
[info] ExternalForce::LeftGRF Data source being set to SRRun01_grf
[info] Storage: read data file = SRRun01_grf.mot (nr=10005 nc=19)
[info] ExternalForce::RightGRF Data source being set to SRRun01_grf
[info] ExternalForce::LeftGRF Data source being set to SRRun01_grf
[info] Storage: read data file = SRRun01_grf.mot (nr=10005 nc=19)
[info] ExternalForce::RightGRF Data source being set to SRRun01_grf
[info] ExternalForce::LeftGRF Data source being set to SRRun01_grf
[info] Storage: read data file = SRRun01_grf.mot (nr=10005 nc=19)
[info] ExternalForce::RightGRF Data source being set to SRRun01_grf
[info] ExternalForce::LeftGRF Data source being set to SRRun01_grf
[info] Storage: read data file = SRRun01_grf.mot (nr=10005 nc=19)
[info] ExternalForce::RightGRF Data source being set to SRRun01_grf
[info] ExternalForce::LeftGRF Data source being set to SRRun01_grf
[info] Storage: read data file = SRRun01_grf.mot (nr=10005 nc=19)
[info] ExternalForce::RightGRF Data source being set to SRRun01_grf
[info] ExternalForce::LeftGRF Data source being set to SRRun01_grf
[info] Storage: read data file = SRRun01_grf.mot (nr=10005 nc=19)
[info] ExternalForce::RightGRF Data source being set to SRRun01_grf
[info] ExternalForce::LeftGRF Data source being set to SRRun01_grf
[info] Storage: read data file = SRRun01_grf.mot (nr=10005 nc=19)
[info] ExternalForce::RightGRF Data source being set to SRRun01_grf
[info] ExternalForce::LeftGRF Data source being set to SRRun01_grf
[info] Storage: read data file = SRRun01_grf.mot (nr=10005 nc=19)
[info] ExternalForce::RightGRF Data source being set to SRRun01_grf
[info] ExternalForce::LeftGRF Data source being set to SRRun01_grf
[info] Storage: read data file = SRRun01_grf.mot (nr=10005 nc=19)
[info] ExternalForce::RightGRF Data source being set to SRRun01_grf
[info] ExternalForce::LeftGRF Data source being set to SRRun01_grf
[info] Storage: read data file = SRRun01_grf.mot (nr=10005 nc=19)
[info] ExternalForce::RightGRF Data source being set to SRRun01_grf
[info] ExternalForce::LeftGRF Data source being set to SRRun01_grf
[info] Storage: read data file = SRRun01_grf.mot (nr=10005 nc=19)
[info] ExternalForce::RightGRF Data source being set to SRRun01_grf
[info] ExternalForce::LeftGRF Data source being set to SRRun01_grf
[info] Storage: read data file = SRRun01_grf.mot (nr=10005 nc=19)
[info] ExternalForce::RightGRF Data source being set to SRRun01_grf
[info] ExternalForce::LeftGRF Data source being set to SRRun01_grf
[info] Storage: read data file = SRRun01_grf.mot (nr=10005 nc=19)
[info] ExternalForce::RightGRF Data source being set to SRRun01_grf
[info] ExternalForce::LeftGRF Data source being set to SRRun01_grf
[info] Storage: read data file = SRRun01_grf.mot (nr=10005 nc=19)
[info] ExternalForce::RightGRF Data source being set to SRRun01_grf
[info] ExternalForce::LeftGRF Data source being set to SRRun01_grf
[info] Storage: read data file = SRRun01_grf.mot (nr=10005 nc=19)
[info] ExternalForce::RightGRF Data source being set to SRRun01_grf
[info] ExternalForce::LeftGRF Data source being set to SRRun01_grf
[info] Storage: read data file = SRRun01_grf.mot (nr=10005 nc=19)
[info] ExternalForce::RightGRF Data source being set to SRRun01_grf
[info] ExternalForce::LeftGRF Data source being set to SRRun01_grf
[info] Storage: read data file = SRRun01_grf.mot (nr=10005 nc=19)
[info] ExternalForce::RightGRF Data source being set to SRRun01_grf
[info] ExternalForce::LeftGRF Data source being set to SRRun01_grf
[info] Storage: read data file = SRRun01_grf.mot (nr=10005 nc=19)
[info] ExternalForce::RightGRF Data source being set to SRRun01_grf
[info] ExternalForce::LeftGRF Data source being set to SRRun01_grf
[info] Storage: read data file = SRRun01_grf.mot (nr=10005 nc=19)
[info] ExternalForce::RightGRF Data source being set to SRRun01_grf
[info] ExternalForce::LeftGRF Data source being set to SRRun01_grf
[info] Storage: read data file = SRRun01_grf.mot (nr=10005 nc=19)
[info] ExternalForce::RightGRF Data source being set to SRRun01_grf
[info] ExternalForce::LeftGRF Data source being set to SRRun01_grf
[info] Storage: read data file = SRRun01_grf.mot (nr=10005 nc=19)
[info] ExternalForce::RightGRF Data source being set to SRRun01_grf
[info] ExternalForce::LeftGRF Data source being set to SRRun01_grf
[info] Storage: read data file = SRRun01_grf.mot (nr=10005 nc=19)
[info] ExternalForce::RightGRF Data source being set to SRRun01_grf
[info] ExternalForce::LeftGRF Data source being set to SRRun01_grf
[info] Storage: read data file = SRRun01_grf.mot (nr=10005 nc=19)
[info] ExternalForce::RightGRF Data source being set to SRRun01_grf
[info] ExternalForce::LeftGRF Data source being set to SRRun01_grf
[info] Storage: read data file = SRRun01_grf.mot (nr=10005 nc=19)
[info] ExternalForce::RightGRF Data source being set to SRRun01_grf
[info] ExternalForce::LeftGRF Data source being set to SRRun01_grf
[info] Storage: read data file = SRRun01_grf.mot (nr=10005 nc=19)
[info] ExternalForce::RightGRF Data source being set to SRRun01_grf
[info] ExternalForce::LeftGRF Data source being set to SRRun01_grf
[info] Storage: read data file = SRRun01_grf.mot (nr=10005 nc=19)
[info] ExternalForce::RightGRF Data source being set to SRRun01_grf
[info] ExternalForce::LeftGRF Data source being set to SRRun01_grf
[info] Storage: read data file = SRRun01_grf.mot (nr=10005 nc=19)
[info] ExternalForce::RightGRF Data source being set to SRRun01_grf
[info] ExternalForce::LeftGRF Data source being set to SRRun01_grf
[info] Storage: read data file = SRRun01_grf.mot (nr=10005 nc=19)
[info] ExternalForce::RightGRF Data source being set to SRRun01_grf
[info] ExternalForce::LeftGRF Data source being set to SRRun01_grf
[info] Storage: read data file = SRRun01_grf.mot (nr=10005 nc=19)
[info] ExternalForce::RightGRF Data source being set to SRRun01_grf
[info] ExternalForce::LeftGRF Data source being set to SRRun01_grf
[info] Storage: read data file = SRRun01_grf.mot (nr=10005 nc=19)
[info] ExternalForce::RightGRF Data source being set to SRRun01_grf
[info] ExternalForce::LeftGRF Data source being set to SRRun01_grf
[info] Storage: read data file = SRRun01_grf.mot (nr=10005 nc=19)
[info] ExternalForce::RightGRF Data source being set to SRRun01_grf
[info] ExternalForce::LeftGRF Data source being set to SRRun01_grf
[info] Storage: read data file = SRRun01_grf.mot (nr=10005 nc=19)
[info] ExternalForce::RightGRF Data source being set to SRRun01_grf
[info] ExternalForce::LeftGRF Data source being set to SRRun01_grf
[info] Storage: read data file = SRRun01_grf.mot (nr=10005 nc=19)
[info] ExternalForce::RightGRF Data source being set to SRRun01_grf
[info] ExternalForce::LeftGRF Data source being set to SRRun01_grf
[info] Storage: read data file = SRRun01_grf.mot (nr=10005 nc=19)
[info] ExternalForce::RightGRF Data source being set to SRRun01_grf
[info] ExternalForce::LeftGRF Data source being set to SRRun01_grf
[info] Storage: read data file = SRRun01_grf.mot (nr=10005 nc=19)
[info] ExternalForce::RightGRF Data source being set to SRRun01_grf
[info] ExternalForce::LeftGRF Data source being set to SRRun01_grf
[info] Storage: read data file = SRRun01_grf.mot (nr=10005 nc=19)
[info] ExternalForce::RightGRF Data source being set to SRRun01_grf
[info] ExternalForce::LeftGRF Data source being set to SRRun01_grf
[info] Storage: read data file = SRRun01_grf.mot (nr=10005 nc=19)
[info] ExternalForce::RightGRF Data source being set to SRRun01_grf
[info] ExternalForce::LeftGRF Data source being set to SRRun01_grf
[info] Storage: read data file = SRRun01_grf.mot (nr=10005 nc=19)
[info] ExternalForce::RightGRF Data source being set to SRRun01_grf
[info] ExternalForce::LeftGRF Data source being set to SRRun01_grf
[info] Storage: read data file = SRRun01_grf.mot (nr=10005 nc=19)
[info] ExternalForce::RightGRF Data source being set to SRRun01_grf
[info] ExternalForce::LeftGRF Data source being set to SRRun01_grf
[info] Storage: read data file = SRRun01_grf.mot (nr=10005 nc=19)
[info] ExternalForce::RightGRF Data source being set to SRRun01_grf
[info] ExternalForce::LeftGRF Data source being set to SRRun01_grf
[info] Storage: read data file = SRRun01_grf.mot (nr=10005 nc=19)
[info] ExternalForce::RightGRF Data source being set to SRRun01_grf
[info] ExternalForce::LeftGRF Data source being set to SRRun01_grf
[info] Storage: read data file = SRRun01_grf.mot (nr=10005 nc=19)
[info] ExternalForce::RightGRF Data source being set to SRRun01_grf
[info] ExternalForce::LeftGRF Data source being set to SRRun01_grf
[info] Storage: read data file = SRRun01_grf.mot (nr=10005 nc=19)
[info] ExternalForce::RightGRF Data source being set to SRRun01_grf
[info] ExternalForce::LeftGRF Data source being set to SRRun01_grf
[info] Storage: read data file = SRRun01_grf.mot (nr=10005 nc=19)
[info] ExternalForce::RightGRF Data source being set to SRRun01_grf
[info] ExternalForce::LeftGRF Data source being set to SRRun01_grf
[info] Storage: read data file = SRRun01_grf.mot (nr=10005 nc=19)
[info] ExternalForce::RightGRF Data source being set to SRRun01_grf
[info] ExternalForce::LeftGRF Data source being set to SRRun01_grf
[info] Storage: read data file = SRRun01_grf.mot (nr=10005 nc=19)
[info] ExternalForce::RightGRF Data source being set to SRRun01_grf
[info] ExternalForce::LeftGRF Data source being set to SRRun01_grf
[info] Storage: read data file = SRRun01_grf.mot (nr=10005 nc=19)
[info] ExternalForce::RightGRF Data source being set to SRRun01_grf
[info] ExternalForce::LeftGRF Data source being set to SRRun01_grf
[info] Storage: read data file = SRRun01_grf.mot (nr=10005 nc=19)
[info] ExternalForce::RightGRF Data source being set to SRRun01_grf
[info] ExternalForce::LeftGRF Data source being set to SRRun01_grf
[info] Storage: read data file = SRRun01_grf.mot (nr=10005 nc=19)
[info] ExternalForce::RightGRF Data source being set to SRRun01_grf
[info] ExternalForce::LeftGRF Data source being set to SRRun01_grf
[info] Storage: read data file = SRRun01_grf.mot (nr=10005 nc=19)
[info] ExternalForce::RightGRF Data source being set to SRRun01_grf
[info] ExternalForce::LeftGRF Data source being set to SRRun01_grf
[info] Storage: read data file = SRRun01_grf.mot (nr=10005 nc=19)
[info] ExternalForce::RightGRF Data source being set to SRRun01_grf
[info] ExternalForce::LeftGRF Data source being set to SRRun01_grf
[info] Storage: read data file = SRRun01_grf.mot (nr=10005 nc=19)
[info] ExternalForce::RightGRF Data source being set to SRRun01_grf
[info] ExternalForce::LeftGRF Data source being set to SRRun01_grf
[info] Storage: read data file = SRRun01_grf.mot (nr=10005 nc=19)
[info] ExternalForce::RightGRF Data source being set to SRRun01_grf
[info] ExternalForce::LeftGRF Data source being set to SRRun01_grf
[info] Storage: read data file = SRRun01_grf.mot (nr=10005 nc=19)
[info] ExternalForce::RightGRF Data source being set to SRRun01_grf
[info] ExternalForce::LeftGRF Data source being set to SRRun01_grf
[info] Storage: read data file = SRRun01_grf.mot (nr=10005 nc=19)
[info] ExternalForce::RightGRF Data source being set to SRRun01_grf
[info] ExternalForce::LeftGRF Data source being set to SRRun01_grf
[info] Storage: read data file = SRRun01_grf.mot (nr=10005 nc=19)
[info] ExternalForce::RightGRF Data source being set to SRRun01_grf
[info] ExternalForce::LeftGRF Data source being set to SRRun01_grf
[info] Storage: read data file = SRRun01_grf.mot (nr=10005 nc=19)
[info] ExternalForce::RightGRF Data source being set to SRRun01_grf
[info] ExternalForce::LeftGRF Data source being set to SRRun01_grf
[info] Storage: read data file = SRRun01_grf.mot (nr=10005 nc=19)
[info] ExternalForce::RightGRF Data source being set to SRRun01_grf
[info] ExternalForce::LeftGRF Data source being set to SRRun01_grf
[info] Storage: read data file = SRRun01_grf.mot (nr=10005 nc=19)
[info] ExternalForce::RightGRF Data source being set to SRRun01_grf
[info] ExternalForce::LeftGRF Data source being set to SRRun01_grf
[info] Storage: read data file = SRRun01_grf.mot (nr=10005 nc=19)
[info] ExternalForce::RightGRF Data source being set to SRRun01_grf
[info] ExternalForce::LeftGRF Data source being set to SRRun01_grf
[info] Storage: read data file = SRRun01_grf.mot (nr=10005 nc=19)
[info] ExternalForce::RightGRF Data source being set to SRRun01_grf
[info] ExternalForce::LeftGRF Data source being set to SRRun01_grf
[info] Storage: read data file = SRRun01_grf.mot (nr=10005 nc=19)
[info] ExternalForce::RightGRF Data source being set to SRRun01_grf
[info] ExternalForce::LeftGRF Data source being set to SRRun01_grf
[info] Storage: read data file = SRRun01_grf.mot (nr=10005 nc=19)
[info] ExternalForce::RightGRF Data source being set to SRRun01_grf
[info] ExternalForce::LeftGRF Data source being set to SRRun01_grf
[info] Storage: read data file = SRRun01_grf.mot (nr=10005 nc=19)
[info] ExternalForce::RightGRF Data source being set to SRRun01_grf
[info] ExternalForce::LeftGRF Data source being set to SRRun01_grf
[info] Storage: read data file = SRRun01_grf.mot (nr=10005 nc=19)
[info] ExternalForce::RightGRF Data source being set to SRRun01_grf
[info] ExternalForce::LeftGRF Data source being set to SRRun01_grf
[info] Storage: read data file = SRRun01_grf.mot (nr=10005 nc=19)
[info] ExternalForce::RightGRF Data source being set to SRRun01_grf
[info] ExternalForce::LeftGRF Data source being set to SRRun01_grf
[info] Storage: read data file = SRRun01_grf.mot (nr=10005 nc=19)
[info] ExternalForce::RightGRF Data source being set to SRRun01_grf
[info] ExternalForce::LeftGRF Data source being set to SRRun01_grf
[info] Storage: read data file = SRRun01_grf.mot (nr=10005 nc=19)
[info] ExternalForce::RightGRF Data source being set to SRRun01_grf
[info] ExternalForce::LeftGRF Data source being set to SRRun01_grf
[info] Storage: read data file = SRRun01_grf.mot (nr=10005 nc=19)
[info] ExternalForce::RightGRF Data source being set to SRRun01_grf
[info] ExternalForce::LeftGRF Data source being set to SRRun01_grf
[info] Storage: read data file = SRRun01_grf.mot (nr=10005 nc=19)
[info] ExternalForce::RightGRF Data source being set to SRRun01_grf
[info] ExternalForce::LeftGRF Data source being set to SRRun01_grf
[info] Storage: read data file = SRRun01_grf.mot (nr=10005 nc=19)
[info] ExternalForce::RightGRF Data source being set to SRRun01_grf
[info] ExternalForce::LeftGRF Data source being set to SRRun01_grf
[info] Storage: read data file = SRRun01_grf.mot (nr=10005 nc=19)
[info] ExternalForce::RightGRF Data source being set to SRRun01_grf
[info] ExternalForce::LeftGRF Data source being set to SRRun01_grf
[info] Storage: read data file = SRRun01_grf.mot (nr=10005 nc=19)
[info] ExternalForce::RightGRF Data source being set to SRRun01_grf
[info] ExternalForce::LeftGRF Data source being set to SRRun01_grf
[info] Storage: read data file = SRRun01_grf.mot (nr=10005 nc=19)
[info] ExternalForce::RightGRF Data source being set to SRRun01_grf
[info] ExternalForce::LeftGRF Data source being set to SRRun01_grf
[info] Storage: read data file = SRRun01_grf.mot (nr=10005 nc=19)
[info] ExternalForce::RightGRF Data source being set to SRRun01_grf
[info] ExternalForce::LeftGRF Data source being set to SRRun01_grf
[info] Storage: read data file = SRRun01_grf.mot (nr=10005 nc=19)
[info] ExternalForce::RightGRF Data source being set to SRRun01_grf
[info] ExternalForce::LeftGRF Data source being set to SRRun01_grf
[info] Storage: read data file = SRRun01_grf.mot (nr=10005 nc=19)
[info] ExternalForce::RightGRF Data source being set to SRRun01_grf
[info] ExternalForce::LeftGRF Data source being set to SRRun01_grf
[info] Storage: read data file = SRRun01_grf.mot (nr=10005 nc=19)
[info] ExternalForce::RightGRF Data source being set to SRRun01_grf
[info] ExternalForce::LeftGRF Data source being set to SRRun01_grf
[info] Storage: read data file = SRRun01_grf.mot (nr=10005 nc=19)
[info] ExternalForce::RightGRF Data source being set to SRRun01_grf
[info] ExternalForce::LeftGRF Data source being set to SRRun01_grf
[info] Storage: read data file = SRRun01_grf.mot (nr=10005 nc=19)
[info] ExternalForce::RightGRF Data source being set to SRRun01_grf
[info] ExternalForce::LeftGRF Data source being set to SRRun01_grf
[info] Storage: read data file = SRRun01_grf.mot (nr=10005 nc=19)
[info] ExternalForce::RightGRF Data source being set to SRRun01_grf
[info] ExternalForce::LeftGRF Data source being set to SRRun01_grf
[info] Storage: read data file = SRRun01_grf.mot (nr=10005 nc=19)
[info] ExternalForce::RightGRF Data source being set to SRRun01_grf
[info] ExternalForce::LeftGRF Data source being set to SRRun01_grf
[info] Storage: read data file = SRRun01_grf.mot (nr=10005 nc=19)
[info] ExternalForce::RightGRF Data source being set to SRRun01_grf
[info] ExternalForce::LeftGRF Data source being set to SRRun01_grf
[info] Storage: read data file = SRRun01_grf.mot (nr=10005 nc=19)
[info] ExternalForce::RightGRF Data source being set to SRRun01_grf
[info] ExternalForce::LeftGRF Data source being set to SRRun01_grf
[info] Storage: read data file = SRRun01_grf.mot (nr=10005 nc=19)
[info] ExternalForce::RightGRF Data source being set to SRRun01_grf
[info] ExternalForce::LeftGRF Data source being set to SRRun01_grf
[info] Storage: read data file = SRRun01_grf.mot (nr=10005 nc=19)
[info] ExternalForce::RightGRF Data source being set to SRRun01_grf
[info] ExternalForce::LeftGRF Data source being set to SRRun01_grf
[info] Storage: read data file = SRRun01_grf.mot (nr=10005 nc=19)
[info] ExternalForce::RightGRF Data source being set to SRRun01_grf
[info] ExternalForce::LeftGRF Data source being set to SRRun01_grf
[info] Storage: read data file = SRRun01_grf.mot (nr=10005 nc=19)
[info] ExternalForce::RightGRF Data source being set to SRRun01_grf
[info] ExternalForce::LeftGRF Data source being set to SRRun01_grf
[info] Storage: read data file = SRRun01_grf.mot (nr=10005 nc=19)
[info] ExternalForce::RightGRF Data source being set to SRRun01_grf
[info] ExternalForce::LeftGRF Data source being set to SRRun01_grf
[info] Storage: read data file = SRRun01_grf.mot (nr=10005 nc=19)
[info] ExternalForce::RightGRF Data source being set to SRRun01_grf
[info] ExternalForce::LeftGRF Data source being set to SRRun01_grf
[info] Storage: read data file = SRRun01_grf.mot (nr=10005 nc=19)
[info] ExternalForce::RightGRF Data source being set to SRRun01_grf
[info] ExternalForce::LeftGRF Data source being set to SRRun01_grf
[info] Storage: read data file = SRRun01_grf.mot (nr=10005 nc=19)
[info] ExternalForce::RightGRF Data source being set to SRRun01_grf
[info] ExternalForce::LeftGRF Data source being set to SRRun01_grf
[info] Storage: read data file = SRRun01_grf.mot (nr=10005 nc=19)
[info] ExternalForce::RightGRF Data source being set to SRRun01_grf
[info] ExternalForce::LeftGRF Data source being set to SRRun01_grf
[info] Storage: read data file = SRRun01_grf.mot (nr=10005 nc=19)
[info] ExternalForce::RightGRF Data source being set to SRRun01_grf
[info] ExternalForce::LeftGRF Data source being set to SRRun01_grf
[info] Storage: read data file = SRRun01_grf.mot (nr=10005 nc=19)
[info] ExternalForce::RightGRF Data source being set to SRRun01_grf
[info] ExternalForce::LeftGRF Data source being set to SRRun01_grf
[info] Storage: read data file = SRRun01_grf.mot (nr=10005 nc=19)
[info] ExternalForce::RightGRF Data source being set to SRRun01_grf
[info] ExternalForce::LeftGRF Data source being set to SRRun01_grf
[info] Storage: read data file = SRRun01_grf.mot (nr=10005 nc=19)
[info] ExternalForce::RightGRF Data source being set to SRRun01_grf
[info] ExternalForce::LeftGRF Data source being set to SRRun01_grf
[info] Storage: read data file = SRRun01_grf.mot (nr=10005 nc=19)
[info] ExternalForce::RightGRF Data source being set to SRRun01_grf
[info] ExternalForce::LeftGRF Data source being set to SRRun01_grf
[info] Storage: read data file = SRRun01_grf.mot (nr=10005 nc=19)
[info] ExternalForce::RightGRF Data source being set to SRRun01_grf
[info] ExternalForce::LeftGRF Data source being set to SRRun01_grf
[info] Storage: read data file = SRRun01_grf.mot (nr=10005 nc=19)
[info] ExternalForce::RightGRF Data source being set to SRRun01_grf
[info] ExternalForce::LeftGRF Data source being set to SRRun01_grf
[info] Storage: read data file = SRRun01_grf.mot (nr=10005 nc=19)
[info] ExternalForce::RightGRF Data source being set to SRRun01_grf
[info] ExternalForce::LeftGRF Data source being set to SRRun01_grf
[info] Storage: read data file = SRRun01_grf.mot (nr=10005 nc=19)
[info] ExternalForce::RightGRF Data source being set to SRRun01_grf
[info] ExternalForce::LeftGRF Data source being set to SRRun01_grf
[info] Storage: read data file = SRRun01_grf.mot (nr=10005 nc=19)
[info] ExternalForce::RightGRF Data source being set to SRRun01_grf
[info] ExternalForce::LeftGRF Data source being set to SRRun01_grf
[info] Storage: read data file = SRRun01_grf.mot (nr=10005 nc=19)
[info] ExternalForce::RightGRF Data source being set to SRRun01_grf
[info] ExternalForce::LeftGRF Data source being set to SRRun01_grf
[info] Storage: read data file = SRRun01_grf.mot (nr=10005 nc=19)
[info] ExternalForce::RightGRF Data source being set to SRRun01_grf
[info] ExternalForce::LeftGRF Data source being set to SRRun01_grf
[info] Storage: read data file = SRRun01_grf.mot (nr=10005 nc=19)
[info] ExternalForce::RightGRF Data source being set to SRRun01_grf
[info] ExternalForce::LeftGRF Data source being set to SRRun01_grf
[info] Storage: read data file = SRRun01_grf.mot (nr=10005 nc=19)
[info] ExternalForce::RightGRF Data source being set to SRRun01_grf
[info] ExternalForce::LeftGRF Data source being set to SRRun01_grf
[info] Storage: read data file = SRRun01_grf.mot (nr=10005 nc=19)
[info] ExternalForce::RightGRF Data source being set to SRRun01_grf
[info] ExternalForce::LeftGRF Data source being set to SRRun01_grf
[info] Storage: read data file = SRRun01_grf.mot (nr=10005 nc=19)
[info] ExternalForce::RightGRF Data source being set to SRRun01_grf
[info] ExternalForce::LeftGRF Data source being set to SRRun01_grf
[info] Storage: read data file = SRRun01_grf.mot (nr=10005 nc=19)
[info] ExternalForce::RightGRF Data source being set to SRRun01_grf
[info] ExternalForce::LeftGRF Data source being set to SRRun01_grf
[info] Storage: read data file = SRRun01_grf.mot (nr=10005 nc=19)
[info] ExternalForce::RightGRF Data source being set to SRRun01_grf
[info] ExternalForce::LeftGRF Data source being set to SRRun01_grf
[info] Storage: read data file = SRRun01_grf.mot (nr=10005 nc=19)
[info] ExternalForce::RightGRF Data source being set to SRRun01_grf
[info] ExternalForce::LeftGRF Data source being set to SRRun01_grf
[info] Storage: read data file = SRRun01_grf.mot (nr=10005 nc=19)
[info] ExternalForce::RightGRF Data source being set to SRRun01_grf
[info] ExternalForce::LeftGRF Data source being set to SRRun01_grf
[info] Storage: read data file = SRRun01_grf.mot (nr=10005 nc=19)
[info] ExternalForce::RightGRF Data source being set to SRRun01_grf
[info] ExternalForce::LeftGRF Data source being set to SRRun01_grf
[info] Storage: read data file = SRRun01_grf.mot (nr=10005 nc=19)
[info] ExternalForce::RightGRF Data source being set to SRRun01_grf
[info] ExternalForce::LeftGRF Data source being set to SRRun01_grf
[info] Storage: read data file = SRRun01_grf.mot (nr=10005 nc=19)
[info] ExternalForce::RightGRF Data source being set to SRRun01_grf
[info] ExternalForce::LeftGRF Data source being set to SRRun01_grf
[info] Storage: read data file = SRRun01_grf.mot (nr=10005 nc=19)
[info] ExternalForce::RightGRF Data source being set to SRRun01_grf
[info] ExternalForce::LeftGRF Data source being set to SRRun01_grf
[info] Storage: read data file = SRRun01_grf.mot (nr=10005 nc=19)
[info] ExternalForce::RightGRF Data source being set to SRRun01_grf
[info] ExternalForce::LeftGRF Data source being set to SRRun01_grf
[info] Storage: read data file = SRRun01_grf.mot (nr=10005 nc=19)
[info] ExternalForce::RightGRF Data source being set to SRRun01_grf
[info] ExternalForce::LeftGRF Data source being set to SRRun01_grf
[info] Storage: read data file = SRRun01_grf.mot (nr=10005 nc=19)
[info] ExternalForce::RightGRF Data source being set to SRRun01_grf
[info] ExternalForce::LeftGRF Data source being set to SRRun01_grf
[info] Storage: read data file = SRRun01_grf.mot (nr=10005 nc=19)
[info] ExternalForce::RightGRF Data source being set to SRRun01_grf
[info] ExternalForce::LeftGRF Data source being set to SRRun01_grf
[info] Storage: read data file = SRRun01_grf.mot (nr=10005 nc=19)
[info] ExternalForce::RightGRF Data source being set to SRRun01_grf
[info] ExternalForce::LeftGRF Data source being set to SRRun01_grf
[info] Storage: read data file = SRRun01_grf.mot (nr=10005 nc=19)
[info] ExternalForce::RightGRF Data source being set to SRRun01_grf
[info] ExternalForce::LeftGRF Data source being set to SRRun01_grf
[info] Storage: read data file = SRRun01_grf.mot (nr=10005 nc=19)
[info] ExternalForce::RightGRF Data source being set to SRRun01_grf
[info] ExternalForce::LeftGRF Data source being set to SRRun01_grf
[info] Storage: read data file = SRRun01_grf.mot (nr=10005 nc=19)
[info] ExternalForce::RightGRF Data source being set to SRRun01_grf
[info] ExternalForce::LeftGRF Data source being set to SRRun01_grf
[info] Storage: read data file = SRRun01_grf.mot (nr=10005 nc=19)
[info] ExternalForce::RightGRF Data source being set to SRRun01_grf
[info] ExternalForce::LeftGRF Data source being set to SRRun01_grf
[info] Storage: read data file = SRRun01_grf.mot (nr=10005 nc=19)
[info] ExternalForce::RightGRF Data source being set to SRRun01_grf
[info] ExternalForce::LeftGRF Data source being set to SRRun01_grf
[info] Storage: read data file = SRRun01_grf.mot (nr=10005 nc=19)
[info] ExternalForce::RightGRF Data source being set to SRRun01_grf
[info] ExternalForce::LeftGRF Data source being set to SRRun01_grf
[info] Storage: read data file = SRRun01_grf.mot (nr=10005 nc=19)
[info] ExternalForce::RightGRF Data source being set to SRRun01_grf
[info] ExternalForce::LeftGRF Data source being set to SRRun01_grf
[info] Storage: read data file = SRRun01_grf.mot (nr=10005 nc=19)
[info] ExternalForce::RightGRF Data source being set to SRRun01_grf
[info] ExternalForce::LeftGRF Data source being set to SRRun01_grf
[info] Storage: read data file = SRRun01_grf.mot (nr=10005 nc=19)
[info] ExternalForce::RightGRF Data source being set to SRRun01_grf
[info] ExternalForce::LeftGRF Data source being set to SRRun01_grf
[info] Storage: read data file = SRRun01_grf.mot (nr=10005 nc=19)
[info] ExternalForce::RightGRF Data source being set to SRRun01_grf
[info] ExternalForce::LeftGRF Data source being set to SRRun01_grf
[info] Storage: read data file = SRRun01_grf.mot (nr=10005 nc=19)
[info] ExternalForce::RightGRF Data source being set to SRRun01_grf
[info] ExternalForce::LeftGRF Data source being set to SRRun01_grf
[info] Storage: read data file = SRRun01_grf.mot (nr=10005 nc=19)
[info] ExternalForce::RightGRF Data source being set to SRRun01_grf
[info] ExternalForce::LeftGRF Data source being set to SRRun01_grf
[info] Storage: read data file = SRRun01_grf.mot (nr=10005 nc=19)
[info] ExternalForce::RightGRF Data source being set to SRRun01_grf
[info] ExternalForce::LeftGRF Data source being set to SRRun01_grf
[info] Storage: read data file = SRRun01_grf.mot (nr=10005 nc=19)
[info] ExternalForce::RightGRF Data source being set to SRRun01_grf
[info] ExternalForce::LeftGRF Data source being set to SRRun01_grf
[info] Storage: read data file = SRRun01_grf.mot (nr=10005 nc=19)
[info] ExternalForce::RightGRF Data source being set to SRRun01_grf
[info] ExternalForce::LeftGRF Data source being set to SRRun01_grf
[info] Storage: read data file = SRRun01_grf.mot (nr=10005 nc=19)
[info] ExternalForce::RightGRF Data source being set to SRRun01_grf
[info] ExternalForce::LeftGRF Data source being set to SRRun01_grf
[info] Storage: read data file = SRRun01_grf.mot (nr=10005 nc=19)
[info] ExternalForce::RightGRF Data source being set to SRRun01_grf
[info] ExternalForce::LeftGRF Data source being set to SRRun01_grf
[info] Storage: read data file = SRRun01_grf.mot (nr=10005 nc=19)
[info] ExternalForce::RightGRF Data source being set to SRRun01_grf
[info] ExternalForce::LeftGRF Data source being set to SRRun01_grf
[info] Storage: read data file = SRRun01_grf.mot (nr=10005 nc=19)
[info] ExternalForce::RightGRF Data source being set to SRRun01_grf
[info] ExternalForce::LeftGRF Data source being set to SRRun01_grf
[info] Storage: read data file = SRRun01_grf.mot (nr=10005 nc=19)
[info] ExternalForce::RightGRF Data source being set to SRRun01_grf
[info] ExternalForce::LeftGRF Data source being set to SRRun01_grf
[info] Storage: read data file = SRRun01_grf.mot (nr=10005 nc=19)
[info] ExternalForce::RightGRF Data source being set to SRRun01_grf
[info] ExternalForce::LeftGRF Data source being set to SRRun01_grf
[info] Storage: read data file = SRRun01_grf.mot (nr=10005 nc=19)
[info] ExternalForce::RightGRF Data source being set to SRRun01_grf
[info] ExternalForce::LeftGRF Data source being set to SRRun01_grf
[info] Storage: read data file = SRRun01_grf.mot (nr=10005 nc=19)
[info] ExternalForce::RightGRF Data source being set to SRRun01_grf
[info] ExternalForce::LeftGRF Data source being set to SRRun01_grf
[info] Storage: read data file = SRRun01_grf.mot (nr=10005 nc=19)
[info] ExternalForce::RightGRF Data source being set to SRRun01_grf
[info] ExternalForce::LeftGRF Data source being set to SRRun01_grf
[info] Storage: read data file = SRRun01_grf.mot (nr=10005 nc=19)
[info] ExternalForce::RightGRF Data source being set to SRRun01_grf
[info] ExternalForce::LeftGRF Data source being set to SRRun01_grf
[info] Storage: read data file = SRRun01_grf.mot (nr=10005 nc=19)
[info] ExternalForce::RightGRF Data source being set to SRRun01_grf
[info] ExternalForce::LeftGRF Data source being set to SRRun01_grf
[info] Storage: read data file = SRRun01_grf.mot (nr=10005 nc=19)
[info] ExternalForce::RightGRF Data source being set to SRRun01_grf
[info] ExternalForce::LeftGRF Data source being set to SRRun01_grf
[info] Storage: read data file = SRRun01_grf.mot (nr=10005 nc=19)
[info] ExternalForce::RightGRF Data source being set to SRRun01_grf
[info] ExternalForce::LeftGRF Data source being set to SRRun01_grf
[info] Storage: read data file = SRRun01_grf.mot (nr=10005 nc=19)
[info] ExternalForce::RightGRF Data source being set to SRRun01_grf
[info] ExternalForce::LeftGRF Data source being set to SRRun01_grf
[info] Storage: read data file = SRRun01_grf.mot (nr=10005 nc=19)
[info] ExternalForce::RightGRF Data source being set to SRRun01_grf
[info] ExternalForce::LeftGRF Data source being set to SRRun01_grf
[info] Storage: read data file = SRRun01_grf.mot (nr=10005 nc=19)
[info] ExternalForce::RightGRF Data source being set to SRRun01_grf
[info] ExternalForce::LeftGRF Data source being set to SRRun01_grf
[info] Storage: read data file = SRRun01_grf.mot (nr=10005 nc=19)
[info] ExternalForce::RightGRF Data source being set to SRRun01_grf
[info] ExternalForce::LeftGRF Data source being set to SRRun01_grf
[info] Storage: read data file = SRRun01_grf.mot (nr=10005 nc=19)
[info] ExternalForce::RightGRF Data source being set to SRRun01_grf
[info] ExternalForce::LeftGRF Data source being set to SRRun01_grf
[info] Storage: read data file = SRRun01_grf.mot (nr=10005 nc=19)
[info] ExternalForce::RightGRF Data source being set to SRRun01_grf
[info] ExternalForce::LeftGRF Data source being set to SRRun01_grf
[info] Storage: read data file = SRRun01_grf.mot (nr=10005 nc=19)
[info] ExternalForce::RightGRF Data source being set to SRRun01_grf
[info] ExternalForce::LeftGRF Data source being set to SRRun01_grf
[info] Storage: read data file = SRRun01_grf.mot (nr=10005 nc=19)
[info] ExternalForce::RightGRF Data source being set to SRRun01_grf
[info] ExternalForce::LeftGRF Data source being set to SRRun01_grf
[info] Storage: read data file = SRRun01_grf.mot (nr=10005 nc=19)
[info] ExternalForce::RightGRF Data source being set to SRRun01_grf
[info] ExternalForce::LeftGRF Data source being set to SRRun01_grf
[info] Storage: read data file = SRRun01_grf.mot (nr=10005 nc=19)
[info] ExternalForce::RightGRF Data source being set to SRRun01_grf
[info] ExternalForce::LeftGRF Data source being set to SRRun01_grf
[info] Storage: read data file = SRRun01_grf.mot (nr=10005 nc=19)
[info] ExternalForce::RightGRF Data source being set to SRRun01_grf
[info] ExternalForce::LeftGRF Data source being set to SRRun01_grf
[info] Storage: read data file = SRRun01_grf.mot (nr=10005 nc=19)
[info] ExternalForce::RightGRF Data source being set to SRRun01_grf
[info] ExternalForce::LeftGRF Data source being set to SRRun01_grf
[info] Storage: read data file = SRRun01_grf.mot (nr=10005 nc=19)
[info] ExternalForce::RightGRF Data source being set to SRRun01_grf
[info] ExternalForce::LeftGRF Data source being set to SRRun01_grf
[info] Storage: read data file = SRRun01_grf.mot (nr=10005 nc=19)
[info] ExternalForce::RightGRF Data source being set to SRRun01_grf
[info] ExternalForce::LeftGRF Data source being set to SRRun01_grf
[info] Storage: read data file = SRRun01_grf.mot (nr=10005 nc=19)
[info] ExternalForce::RightGRF Data source being set to SRRun01_grf
[info] ExternalForce::LeftGRF Data source being set to SRRun01_grf
[info] Storage: read data file = SRRun01_grf.mot (nr=10005 nc=19)
[info] ExternalForce::RightGRF Data source being set to SRRun01_grf
[info] ExternalForce::LeftGRF Data source being set to SRRun01_grf
[info] Storage: read data file = SRRun01_grf.mot (nr=10005 nc=19)
[info] ExternalForce::RightGRF Data source being set to SRRun01_grf
[info] ExternalForce::LeftGRF Data source being set to SRRun01_grf
[info] Storage: read data file = SRRun01_grf.mot (nr=10005 nc=19)
[info] ExternalForce::RightGRF Data source being set to SRRun01_grf
[info] ExternalForce::LeftGRF Data source being set to SRRun01_grf
[info] Storage: read data file = SRRun01_grf.mot (nr=10005 nc=19)
[info] ExternalForce::RightGRF Data source being set to SRRun01_grf
[info] ExternalForce::LeftGRF Data source being set to SRRun01_grf
[info] Storage: read data file = SRRun01_grf.mot (nr=10005 nc=19)
[info] ExternalForce::RightGRF Data source being set to SRRun01_grf
[info] ExternalForce::LeftGRF Data source being set to SRRun01_grf
[info] Storage: read data file = SRRun01_grf.mot (nr=10005 nc=19)
[info] ExternalForce::RightGRF Data source being set to SRRun01_grf
[info] ExternalForce::LeftGRF Data source being set to SRRun01_grf
[info] Storage: read data file = SRRun01_grf.mot (nr=10005 nc=19)
[info] ExternalForce::RightGRF Data source being set to SRRun01_grf
[info] ExternalForce::LeftGRF Data source being set to SRRun01_grf
[info] Storage: read data file = SRRun01_grf.mot (nr=10005 nc=19)
[info] ExternalForce::RightGRF Data source being set to SRRun01_grf
[info] ExternalForce::LeftGRF Data source being set to SRRun01_grf
[info] Storage: read data file = SRRun01_grf.mot (nr=10005 nc=19)
[info] ExternalForce::RightGRF Data source being set to SRRun01_grf
[info] ExternalForce::LeftGRF Data source being set to SRRun01_grf
[info] Storage: read data file = SRRun01_grf.mot (nr=10005 nc=19)
[info] ExternalForce::RightGRF Data source being set to SRRun01_grf
[info] ExternalForce::LeftGRF Data source being set to SRRun01_grf
[info] Storage: read data file = SRRun01_grf.mot (nr=10005 nc=19)
[info] ExternalForce::RightGRF Data source being set to SRRun01_grf
[info] ExternalForce::LeftGRF Data source being set to SRRun01_grf
[info] Storage: read data file = SRRun01_grf.mot (nr=10005 nc=19)
[info] ExternalForce::RightGRF Data source being set to SRRun01_grf
[info] ExternalForce::LeftGRF Data source being set to SRRun01_grf
[info] Storage: read data file = SRRun01_grf.mot (nr=10005 nc=19)
[info] ExternalForce::RightGRF Data source being set to SRRun01_grf
[info] ExternalForce::LeftGRF Data source being set to SRRun01_grf
[info] Storage: read data file = SRRun01_grf.mot (nr=10005 nc=19)
[info] ExternalForce::RightGRF Data source being set to SRRun01_grf
[info] ExternalForce::LeftGRF Data source being set to SRRun01_grf
[info] Storage: read data file = SRRun01_grf.mot (nr=10005 nc=19)
[info] ExternalForce::RightGRF Data source being set to SRRun01_grf
[info] ExternalForce::LeftGRF Data source being set to SRRun01_grf
[info] Storage: read data file = SRRun01_grf.mot (nr=10005 nc=19)
[info] ExternalForce::RightGRF Data source being set to SRRun01_grf
[info] ExternalForce::LeftGRF Data source being set to SRRun01_grf
[info] Storage: read data file = SRRun01_grf.mot (nr=10005 nc=19)
[info] ExternalForce::RightGRF Data source being set to SRRun01_grf
[info] ExternalForce::LeftGRF Data source being set to SRRun01_grf
[info] Storage: read data file = SRRun01_grf.mot (nr=10005 nc=19)
[info] ExternalForce::RightGRF Data source being set to SRRun01_grf
[info] ExternalForce::LeftGRF Data source being set to SRRun01_grf
[info] Storage: read data file = SRRun01_grf.mot (nr=10005 nc=19)
[info] ExternalForce::RightGRF Data source being set to SRRun01_grf
[info] ExternalForce::LeftGRF Data source being set to SRRun01_grf
[info] Storage: read data file = SRRun01_grf.mot (nr=10005 nc=19)
[info] ExternalForce::RightGRF Data source being set to SRRun01_grf
[info] ExternalForce::LeftGRF Data source being set to SRRun01_grf
[info] Storage: read data file = SRRun01_grf.mot (nr=10005 nc=19)
[info] ExternalForce::RightGRF Data source being set to SRRun01_grf
[info] ExternalForce::LeftGRF Data source being set to SRRun01_grf
[info] Storage: read data file = SRRun01_grf.mot (nr=10005 nc=19)
[info] ExternalForce::RightGRF Data source being set to SRRun01_grf
[info] ExternalForce::LeftGRF Data source being set to SRRun01_grf
[info] Storage: read data file = SRRun01_grf.mot (nr=10005 nc=19)
[info] ExternalForce::RightGRF Data source being set to SRRun01_grf
[info] ExternalForce::LeftGRF Data source being set to SRRun01_grf
[info] Storage: read data file = SRRun01_grf.mot (nr=10005 nc=19)
[info] ExternalForce::RightGRF Data source being set to SRRun01_grf
[info] ExternalForce::LeftGRF Data source being set to SRRun01_grf
[info] Storage: read data file = SRRun01_grf.mot (nr=10005 nc=19)
[info] ExternalForce::RightGRF Data source being set to SRRun01_grf
[info] ExternalForce::LeftGRF Data source being set to SRRun01_grf
[info] Storage: read data file = SRRun01_grf.mot (nr=10005 nc=19)
[info] ExternalForce::RightGRF Data source being set to SRRun01_grf
[info] ExternalForce::LeftGRF Data source being set to SRRun01_grf
[info] Storage: read data file = SRRun01_grf.mot (nr=10005 nc=19)
[info] ExternalForce::RightGRF Data source being set to SRRun01_grf
[info] ExternalForce::LeftGRF Data source being set to SRRun01_grf
[info] Storage: read data file = SRRun01_grf.mot (nr=10005 nc=19)
[info] ExternalForce::RightGRF Data source being set to SRRun01_grf
[info] ExternalForce::LeftGRF Data source being set to SRRun01_grf
[info] Storage: read data file = SRRun01_grf.mot (nr=10005 nc=19)
[info] ExternalForce::RightGRF Data source being set to SRRun01_grf
[info] ExternalForce::LeftGRF Data source being set to SRRun01_grf
[info] Storage: read data file = SRRun01_grf.mot (nr=10005 nc=19)
[info] ExternalForce::RightGRF Data source being set to SRRun01_grf
[info] ExternalForce::LeftGRF Data source being set to SRRun01_grf
[info] Storage: read data file = SRRun01_grf.mot (nr=10005 nc=19)
[info] ExternalForce::RightGRF Data source being set to SRRun01_grf
[info] ExternalForce::LeftGRF Data source being set to SRRun01_grf
[info] Storage: read data file = SRRun01_grf.mot (nr=10005 nc=19)
[info] ExternalForce::RightGRF Data source being set to SRRun01_grf
[info] ExternalForce::LeftGRF Data source being set to SRRun01_grf
[info] Storage: read data file = SRRun01_grf.mot (nr=10005 nc=19)
[info] ExternalForce::RightGRF Data source being set to SRRun01_grf
[info] ExternalForce::LeftGRF Data source being set to SRRun01_grf
[info] Storage: read data file = SRRun01_grf.mot (nr=10005 nc=19)
[info] ExternalForce::RightGRF Data source being set to SRRun01_grf
[info] ExternalForce::LeftGRF Data source being set to SRRun01_grf
[info] Storage: read data file = SRRun01_grf.mot (nr=10005 nc=19)
[info] ExternalForce::RightGRF Data source being set to SRRun01_grf
[info] ExternalForce::LeftGRF Data source being set to SRRun01_grf
[info] Storage: read data file = SRRun01_grf.mot (nr=10005 nc=19)
[info] ExternalForce::RightGRF Data source being set to SRRun01_grf
[info] ExternalForce::LeftGRF Data source being set to SRRun01_grf
[info] Storage: read data file = SRRun01_grf.mot (nr=10005 nc=19)
[info] ExternalForce::RightGRF Data source being set to SRRun01_grf
[info] ExternalForce::LeftGRF Data source being set to SRRun01_grf
[info] Storage: read data file = SRRun01_grf.mot (nr=10005 nc=19)
[info] ExternalForce::RightGRF Data source being set to SRRun01_grf
[info] ExternalForce::LeftGRF Data source being set to SRRun01_grf
[info] Storage: read data file = SRRun01_grf.mot (nr=10005 nc=19)
[info] ExternalForce::RightGRF Data source being set to SRRun01_grf
[info] ExternalForce::LeftGRF Data source being set to SRRun01_grf
[info] Storage: read data file = SRRun01_grf.mot (nr=10005 nc=19)
[info] ExternalForce::RightGRF Data source being set to SRRun01_grf
[info] ExternalForce::LeftGRF Data source being set to SRRun01_grf
[info] Storage: read data file = SRRun01_grf.mot (nr=10005 nc=19)
[info] ExternalForce::RightGRF Data source being set to SRRun01_grf
[info] ExternalForce::LeftGRF Data source being set to SRRun01_grf
[info] Storage: read data file = SRRun01_grf.mot (nr=10005 nc=19)
[info] ExternalForce::RightGRF Data source being set to SRRun01_grf
[info] ExternalForce::LeftGRF Data source being set to SRRun01_grf
[info] Storage: read data file = SRRun01_grf.mot (nr=10005 nc=19)
[info] ExternalForce::RightGRF Data source being set to SRRun01_grf
[info] ExternalForce::LeftGRF Data source being set to SRRun01_grf
[info] Storage: read data file = SRRun01_grf.mot (nr=10005 nc=19)
[info] ExternalForce::RightGRF Data source being set to SRRun01_grf
[info] ExternalForce::LeftGRF Data source being set to SRRun01_grf
[info] Storage: read data file = SRRun01_grf.mot (nr=10005 nc=19)
[info] ExternalForce::RightGRF Data source being set to SRRun01_grf
[info] ExternalForce::LeftGRF Data source being set to SRRun01_grf
[info] Storage: read data file = SRRun01_grf.mot (nr=10005 nc=19)
[info] ExternalForce::RightGRF Data source being set to SRRun01_grf
[info] ExternalForce::LeftGRF Data source being set to SRRun01_grf
[info] Storage: read data file = SRRun01_grf.mot (nr=10005 nc=19)
[info] ExternalForce::RightGRF Data source being set to SRRun01_grf
[info] ExternalForce::LeftGRF Data source being set to SRRun01_grf
[info] Storage: read data file = SRRun01_grf.mot (nr=10005 nc=19)
[info] ExternalForce::RightGRF Data source being set to SRRun01_grf
[info] ExternalForce::LeftGRF Data source being set to SRRun01_grf
[info] Storage: read data file = SRRun01_grf.mot (nr=10005 nc=19)
[info] ExternalForce::RightGRF Data source being set to SRRun01_grf
[info] ExternalForce::LeftGRF Data source being set to SRRun01_grf
[info] Storage: read data file = SRRun01_grf.mot (nr=10005 nc=19)
[info] ExternalForce::RightGRF Data source being set to SRRun01_grf
[info] ExternalForce::LeftGRF Data source being set to SRRun01_grf
[info] Storage: read data file = SRRun01_grf.mot (nr=10005 nc=19)
[info] ExternalForce::RightGRF Data source being set to SRRun01_grf
[info] ExternalForce::LeftGRF Data source being set to SRRun01_grf
[info] Storage: read data file = SRRun01_grf.mot (nr=10005 nc=19)
[info] ExternalForce::RightGRF Data source being set to SRRun01_grf
[info] ExternalForce::LeftGRF Data source being set to SRRun01_grf
[info] Storage: read data file = SRRun01_grf.mot (nr=10005 nc=19)
[info] ExternalForce::RightGRF Data source being set to SRRun01_grf
[info] ExternalForce::LeftGRF Data source being set to SRRun01_grf
[info] Storage: read data file = SRRun01_grf.mot (nr=10005 nc=19)
[info] ExternalForce::RightGRF Data source being set to SRRun01_grf
[info] ExternalForce::LeftGRF Data source being set to SRRun01_grf
[info] Storage: read data file = SRRun01_grf.mot (nr=10005 nc=19)
[info] ExternalForce::RightGRF Data source being set to SRRun01_grf
[info] ExternalForce::LeftGRF Data source being set to SRRun01_grf
[info] Storage: read data file = SRRun01_grf.mot (nr=10005 nc=19)
[info] ExternalForce::RightGRF Data source being set to SRRun01_grf
[info] ExternalForce::LeftGRF Data source being set to SRRun01_grf
[info] Storage: read data file = SRRun01_grf.mot (nr=10005 nc=19)
[info] ExternalForce::RightGRF Data source being set to SRRun01_grf
[info] ExternalForce::LeftGRF Data source being set to SRRun01_grf
[info] Storage: read data file = SRRun01_grf.mot (nr=10005 nc=19)
[info] ExternalForce::RightGRF Data source being set to SRRun01_grf
[info] ExternalForce::LeftGRF Data source being set to SRRun01_grf
[info] Storage: read data file = SRRun01_grf.mot (nr=10005 nc=19)
[info] ExternalForce::RightGRF Data source being set to SRRun01_grf
[info] ExternalForce::LeftGRF Data source being set to SRRun01_grf
[info] Storage: read data file = SRRun01_grf.mot (nr=10005 nc=19)
[info] ExternalForce::RightGRF Data source being set to SRRun01_grf
[info] ExternalForce::LeftGRF Data source being set to SRRun01_grf
[info] Storage: read data file = SRRun01_grf.mot (nr=10005 nc=19)
[info] ExternalForce::RightGRF Data source being set to SRRun01_grf
[info] ExternalForce::LeftGRF Data source being set to SRRun01_grf
[info] Storage: read data file = SRRun01_grf.mot (nr=10005 nc=19)
[info] ExternalForce::RightGRF Data source being set to SRRun01_grf
[info] ExternalForce::LeftGRF Data source being set to SRRun01_grf
[info] Storage: read data file = SRRun01_grf.mot (nr=10005 nc=19)
[info] ExternalForce::RightGRF Data source being set to SRRun01_grf
[info] ExternalForce::LeftGRF Data source being set to SRRun01_grf
[info] Storage: read data file = SRRun01_grf.mot (nr=10005 nc=19)
[info] ExternalForce::RightGRF Data source being set to SRRun01_grf
[info] ExternalForce::LeftGRF Data source being set to SRRun01_grf
[info] Storage: read data file = SRRun01_grf.mot (nr=10005 nc=19)
[info] ExternalForce::RightGRF Data source being set to SRRun01_grf
[info] ExternalForce::LeftGRF Data source being set to SRRun01_grf
[info] Storage: read data file = SRRun01_grf.mot (nr=10005 nc=19)
[info] ExternalForce::RightGRF Data source being set to SRRun01_grf
[info] ExternalForce::LeftGRF Data source being set to SRRun01_grf
[info] Storage: read data file = SRRun01_grf.mot (nr=10005 nc=19)
[info] ExternalForce::RightGRF Data source being set to SRRun01_grf
[info] ExternalForce::LeftGRF Data source being set to SRRun01_grf
[info] Storage: read data file = SRRun01_grf.mot (nr=10005 nc=19)
[info] ExternalForce::RightGRF Data source being set to SRRun01_grf
[info] ExternalForce::LeftGRF Data source being set to SRRun01_grf
[info] Storage: read data file = SRRun01_grf.mot (nr=10005 nc=19)
[info] ExternalForce::RightGRF Data source being set to SRRun01_grf
[info] ExternalForce::LeftGRF Data source being set to SRRun01_grf
[info] Storage: read data file = SRRun01_grf.mot (nr=10005 nc=19)
[info] ExternalForce::RightGRF Data source being set to SRRun01_grf
[info] ExternalForce::LeftGRF Data source being set to SRRun01_grf
[info] Storage: read data file = SRRun01_grf.mot (nr=10005 nc=19)
[info] ExternalForce::RightGRF Data source being set to SRRun01_grf
[info] ExternalForce::LeftGRF Data source being set to SRRun01_grf
[info] Storage: read data file = SRRun01_grf.mot (nr=10005 nc=19)
[info] ExternalForce::RightGRF Data source being set to SRRun01_grf
[info] ExternalForce::LeftGRF Data source being set to SRRun01_grf
[info] Storage: read data file = SRRun01_grf.mot (nr=10005 nc=19)
[info] ExternalForce::RightGRF Data source being set to SRRun01_grf
[info] ExternalForce::LeftGRF Data source being set to SRRun01_grf
[info] Storage: read data file = SRRun01_grf.mot (nr=10005 nc=19)
[info] ExternalForce::RightGRF Data source being set to SRRun01_grf
[info] ExternalForce::LeftGRF Data source being set to SRRun01_grf
[info] Storage: read data file = SRRun01_grf.mot (nr=10005 nc=19)
[info] ExternalForce::RightGRF Data source being set to SRRun01_grf
[info] ExternalForce::LeftGRF Data source being set to SRRun01_grf
[info] Storage: read data file = SRRun01_grf.mot (nr=10005 nc=19)
[info] ExternalForce::RightGRF Data source being set to SRRun01_grf
[info] ExternalForce::LeftGRF Data source being set to SRRun01_grf
[info] Storage: read data file = SRRun01_grf.mot (nr=10005 nc=19)
[info] ExternalForce::RightGRF Data source being set to SRRun01_grf
[info] ExternalForce::LeftGRF Data source being set to SRRun01_grf
[info] Storage: read data file = SRRun01_grf.mot (nr=10005 nc=19)
[info] ExternalForce::RightGRF Data source being set to SRRun01_grf
[info] ExternalForce::LeftGRF Data source being set to SRRun01_grf
[info] Storage: read data file = SRRun01_grf.mot (nr=10005 nc=19)
[info] ExternalForce::RightGRF Data source being set to SRRun01_grf
[info] ExternalForce::LeftGRF Data source being set to SRRun01_grf
[info] Storage: read data file = SRRun01_grf.mot (nr=10005 nc=19)
[info] ExternalForce::RightGRF Data source being set to SRRun01_grf
[info] ExternalForce::LeftGRF Data source being set to SRRun01_grf
[info] Storage: read data file = SRRun01_grf.mot (nr=10005 nc=19)
[info] ExternalForce::RightGRF Data source being set to SRRun01_grf
[info] ExternalForce::LeftGRF Data source being set to SRRun01_grf
[info] Storage: read data file = SRRun01_grf.mot (nr=10005 nc=19)
[info] ExternalForce::RightGRF Data source being set to SRRun01_grf
[info] ExternalForce::LeftGRF Data source being set to SRRun01_grf
[info] Storage: read data file = SRRun01_grf.mot (nr=10005 nc=19)
[info] ExternalForce::RightGRF Data source being set to SRRun01_grf
[info] ExternalForce::LeftGRF Data source being set to SRRun01_grf
[info] Storage: read data file = SRRun01_grf.mot (nr=10005 nc=19)
[info] ExternalForce::RightGRF Data source being set to SRRun01_grf
[info] ExternalForce::LeftGRF Data source being set to SRRun01_grf
[info] Storage: read data file = SRRun01_grf.mot (nr=10005 nc=19)
[info] ExternalForce::RightGRF Data source being set to SRRun01_grf
[info] ExternalForce::LeftGRF Data source being set to SRRun01_grf
[info] Storage: read data file = SRRun01_grf.mot (nr=10005 nc=19)
[info] ExternalForce::RightGRF Data source being set to SRRun01_grf
[info] ExternalForce::LeftGRF Data source being set to SRRun01_grf
[info] Storage: read data file = SRRun01_grf.mot (nr=10005 nc=19)
[info] ExternalForce::RightGRF Data source being set to SRRun01_grf
[info] ExternalForce::LeftGRF Data source being set to SRRun01_grf
[info] Storage: read data file = SRRun01_grf.mot (nr=10005 nc=19)
[info] ExternalForce::RightGRF Data source being set to SRRun01_grf
[info] ExternalForce::LeftGRF Data source being set to SRRun01_grf
[info] Storage: read data file = SRRun01_grf.mot (nr=10005 nc=19)
[info] ExternalForce::RightGRF Data source being set to SRRun01_grf
[info] ExternalForce::LeftGRF Data source being set to SRRun01_grf
[info] Storage: read data file = SRRun01_grf.mot (nr=10005 nc=19)
[info] ExternalForce::RightGRF Data source being set to SRRun01_grf
[info] ExternalForce::LeftGRF Data source being set to SRRun01_grf
[info] Storage: read data file = SRRun01_grf.mot (nr=10005 nc=19)
[info] ExternalForce::RightGRF Data source being set to SRRun01_grf
[info] ExternalForce::LeftGRF Data source being set to SRRun01_grf
[info] Storage: read data file = SRRun01_grf.mot (nr=10005 nc=19)
[info] ExternalForce::RightGRF Data source being set to SRRun01_grf
[info] ExternalForce::LeftGRF Data source being set to SRRun01_grf
[info] Storage: read data file = SRRun01_grf.mot (nr=10005 nc=19)
[info] ExternalForce::RightGRF Data source being set to SRRun01_grf
[info] ExternalForce::LeftGRF Data source being set to SRRun01_grf
[info] Storage: read data file = SRRun01_grf.mot (nr=10005 nc=19)
[info] ExternalForce::RightGRF Data source being set to SRRun01_grf
[info] ExternalForce::LeftGRF Data source being set to SRRun01_grf
[info] Storage: read data file = SRRun01_grf.mot (nr=10005 nc=19)
[info] ExternalForce::RightGRF Data source being set to SRRun01_grf
[info] ExternalForce::LeftGRF Data source being set to SRRun01_grf
[info] Storage: read data file = SRRun01_grf.mot (nr=10005 nc=19)
[info] ExternalForce::RightGRF Data source being set to SRRun01_grf
[info] ExternalForce::LeftGRF Data source being set to SRRun01_grf
[info] Storage: read data file = SRRun01_grf.mot (nr=10005 nc=19)
[info] ExternalForce::RightGRF Data source being set to SRRun01_grf
[info] ExternalForce::LeftGRF Data source being set to SRRun01_grf
[info] Storage: read data file = SRRun01_grf.mot (nr=10005 nc=19)
[info] ExternalForce::RightGRF Data source being set to SRRun01_grf
[info] ExternalForce::LeftGRF Data source being set to SRRun01_grf
[info] Storage: read data file = SRRun01_grf.mot (nr=10005 nc=19)
[info] ExternalForce::RightGRF Data source being set to SRRun01_grf
[info] ExternalForce::LeftGRF Data source being set to SRRun01_grf
[info] Storage: read data file = SRRun01_grf.mot (nr=10005 nc=19)
[info] ExternalForce::RightGRF Data source being set to SRRun01_grf
[info] ExternalForce::LeftGRF Data source being set to SRRun01_grf
[info] Storage: read data file = SRRun01_grf.mot (nr=10005 nc=19)
[info] ExternalForce::RightGRF Data source being set to SRRun01_grf
[info] ExternalForce::LeftGRF Data source being set to SRRun01_grf
[info] Storage: read data file = SRRun01_grf.mot (nr=10005 nc=19)
[info] ExternalForce::RightGRF Data source being set to SRRun01_grf
[info] ExternalForce::LeftGRF Data source being set to SRRun01_grf
[info] Storage: read data file = SRRun01_grf.mot (nr=10005 nc=19)
[info] ExternalForce::RightGRF Data source being set to SRRun01_grf
[info] ExternalForce::LeftGRF Data source being set to SRRun01_grf
[info] Storage: read data file = SRRun01_grf.mot (nr=10005 nc=19)
[info] ExternalForce::RightGRF Data source being set to SRRun01_grf
[info] ExternalForce::LeftGRF Data source being set to SRRun01_grf
[info] Storage: read data file = SRRun01_grf.mot (nr=10005 nc=19)
[info] ExternalForce::RightGRF Data source being set to SRRun01_grf
[info] ExternalForce::LeftGRF Data source being set to SRRun01_grf
[info] Storage: read data file = SRRun01_grf.mot (nr=10005 nc=19)
[info] ExternalForce::RightGRF Data source being set to SRRun01_grf
[info] ExternalForce::LeftGRF Data source being set to SRRun01_grf
[info] Storage: read data file = SRRun01_grf.mot (nr=10005 nc=19)
[info] ExternalForce::RightGRF Data source being set to SRRun01_grf
[info] ExternalForce::LeftGRF Data source being set to SRRun01_grf
[info] Storage: read data file = SRRun01_grf.mot (nr=10005 nc=19)
[info] ExternalForce::RightGRF Data source being set to SRRun01_grf
[info] ExternalForce::LeftGRF Data source being set to SRRun01_grf
[info] Storage: read data file = SRRun01_grf.mot (nr=10005 nc=19)
[info] ExternalForce::RightGRF Data source being set to SRRun01_grf
[info] ExternalForce::LeftGRF Data source being set to SRRun01_grf
[info] Storage: read data file = SRRun01_grf.mot (nr=10005 nc=19)
[info] ExternalForce::RightGRF Data source being set to SRRun01_grf
[info] ExternalForce::LeftGRF Data source being set to SRRun01_grf
[info] Storage: read data file = SRRun01_grf.mot (nr=10005 nc=19)
[info] ExternalForce::RightGRF Data source being set to SRRun01_grf
[info] ExternalForce::LeftGRF Data source being set to SRRun01_grf
[info] Storage: read data file = SRRun01_grf.mot (nr=10005 nc=19)
[info] ExternalForce::RightGRF Data source being set to SRRun01_grf
[info] ExternalForce::LeftGRF Data source being set to SRRun01_grf
[info] Number of threads: 96

List of user-set options:

                                    Name   Value                used
                acceptable_compl_inf_tol = 0.001                 yes
              acceptable_constr_viol_tol = 1                     yes
                 acceptable_dual_inf_tol = 0.001                 yes
                          acceptable_tol = 0.001                 yes
                           compl_inf_tol = 0.001                 yes
                         constr_viol_tol = 1                     yes
                            dual_inf_tol = 0.001                 yes
                   hessian_approximation = limited-memory        yes
                           linear_solver = mumps                 yes
                                max_iter = 3000                  yes
                      print_user_options = yes                   yes
                                     tol = 0.001                 yes

******************************************************************************
This program contains Ipopt, a library for large-scale nonlinear optimization.
 Ipopt is released as open source code under the Eclipse Public License (EPL).
         For more information visit https://github.com/coin-or/Ipopt
******************************************************************************

This is Ipopt version 3.14.16, running with linear solver MUMPS 5.6.2.

Number of nonzeros in equality constraint Jacobian...:  1036810
Number of nonzeros in inequality constraint Jacobian.:        0
Number of nonzeros in Lagrangian Hessian.............:        0

Total number of variables............................:     8210
                     variables with only lower bounds:        0
                variables with lower and upper bounds:     7292
                     variables with only upper bounds:        0
Total number of equality constraints.................:     6666
Total number of inequality constraints...............:        0
        inequality constraints with only lower bounds:        0
   inequality constraints with lower and upper bounds:        0
        inequality constraints with only upper bounds:        0

iter    objective    inf_pr   inf_du lg(mu)  ||d||  lg(rg) alpha_du alpha_pr  ls
   0  1.1533908e+00 2.07e+02 1.60e-02   0.0 0.00e+00    -  0.00e+00 0.00e+00   0
   1  1.5628446e+00 2.06e+02 3.88e+01  -2.8 2.49e+02    -  5.08e-03 3.03e-03h  1
   2  2.6368012e+00 2.05e+02 9.57e+01  -2.8 2.85e+02    -  6.01e-03 4.44e-03h  1
   3  3.1282610e+00 2.05e+02 1.27e+02  -2.8 4.51e+02    -  1.29e-02 1.81e-03h  1
   4  4.9070256e+00 2.04e+02 2.36e+02  -2.8 5.14e+02    -  6.70e-03 5.58e-03h  1
   5  6.0626178e+00 2.03e+02 3.06e+02  -2.8 5.68e+02    -  5.06e-03 3.63e-03h  1
   6  1.6338770e+01 1.99e+02 6.96e+02  -2.8 6.11e+02    -  2.40e-04 2.02e-02h  1
   7  1.8971138e+01 1.98e+02 8.40e+02  -2.8 6.30e+02    -  4.04e-02 6.32e-03h  1
   8  3.0837877e+01 1.94e+02 1.28e+03  -2.8 6.40e+02    -  2.31e-02 1.81e-02h  1
   9  3.3653243e+01 1.93e+02 1.41e+03  -2.9 6.58e+02    -  8.98e-03 5.76e-03h  1
iter    objective    inf_pr   inf_du lg(mu)  ||d||  lg(rg) alpha_du alpha_pr  ls
  10  4.2252432e+01 1.90e+02 1.81e+03  -2.9 6.75e+02    -  2.01e-03 1.62e-02h  1
  11  9.4481001e+01 1.78e+02 3.40e+03  -2.9 6.51e+02    -  5.74e-02 6.20e-02h  1
  12  1.6777522e+02 1.66e+02 5.15e+03  -2.9 5.86e+02    -  3.90e-02 6.88e-02h  1
  13  1.7045541e+02 1.65e+02 5.37e+03  -2.9 5.76e+02    -  2.70e-02 8.48e-03h  1
  14  1.9502067e+02 1.56e+02 6.73e+03  -2.9 5.68e+02    -  2.29e-02 5.25e-02h  1
  15  1.9574603e+02 1.55e+02 6.89e+03  -2.9 5.85e+02    -  3.90e-02 7.55e-03h  1
  16  2.0085451e+02 1.53e+02 7.21e+03  -2.9 5.48e+02    -  2.84e-02 1.48e-02h  1
  17  2.3004525e+02 1.47e+02 8.21e+03  -3.0 5.34e+02    -  7.22e-02 4.21e-02h  1
  18  2.3112589e+02 1.46e+02 8.24e+03  -3.0 4.78e+02    -  7.38e-03 2.05e-03h  1
  19  2.6906429e+02 1.46e+02 8.82e+03   0.9 1.02e+04    -  4.22e-04 1.86e-03f  1
iter    objective    inf_pr   inf_du lg(mu)  ||d||  lg(rg) alpha_du alpha_pr  ls
  20  2.6924984e+02 1.46e+02 8.85e+03  -3.0 5.25e+02    -  1.61e-02 1.37e-03h  1
  21  9.7761648e+02 1.42e+02 8.93e+03  -3.0 6.39e+02    -  1.42e-03 2.96e-02h  1
  22  9.5533209e+02 1.39e+02 8.93e+03  -3.0 5.06e+02    -  3.26e-02 1.76e-02f  1
  23  9.8658113e+02 1.38e+02 9.13e+03  -3.0 6.89e+02    -  9.01e-03 1.43e-02h  1
  24  9.7049773e+02 1.36e+02 9.13e+03  -3.0 4.98e+02    -  2.62e-02 9.81e-03f  1
  25  9.2863309e+02 1.35e+02 9.11e+03  -3.0 5.73e+02    -  4.13e-02 6.08e-03f  1
  26  8.8531716e+02 1.32e+02 9.15e+03  -3.0 4.90e+02    -  2.43e-02 2.72e-02f  1
  27  8.9409110e+02 1.27e+02 8.29e+03  -3.1 6.59e+02    -  1.88e-02 4.19e-02h  1
  28  8.8171951e+02 1.25e+02 8.19e+03  -3.1 4.44e+02    -  8.84e-03 9.21e-03f  1
  29  9.2332706e+02 1.25e+02 8.20e+03   0.8 9.81e+03    -  2.89e-04 1.24e-03f  1
iter    objective    inf_pr   inf_du lg(mu)  ||d||  lg(rg) alpha_du alpha_pr  ls
  30  9.1805339e+02 1.25e+02 8.17e+03  -3.1 4.31e+02    -  3.08e-02 3.62e-03f  1
  31  8.9504682e+02 1.25e+02 8.15e+03  -3.1 9.01e+02    -  4.03e-02 1.26e-03f  1
  32  8.7879865e+02 1.24e+02 8.12e+03  -3.1 4.58e+02    -  2.01e-02 8.33e-03f  1
  33  7.9508560e+02 1.22e+02 7.97e+03  -3.1 6.10e+02    -  2.04e-02 1.11e-02f  1
  34  7.4285096e+02 1.18e+02 7.79e+03  -3.1 4.51e+02    -  5.53e-03 3.24e-02f  1
  35  7.0877803e+02 1.17e+02 7.72e+03  -3.1 5.94e+02    -  1.63e-02 1.02e-02f  1
  36  7.0838734e+02 1.17e+02 7.72e+03  -3.1 4.19e+02    -  2.18e-02 2.91e-04h  1
  37  6.1483517e+02 1.16e+02 7.64e+03  -3.1 5.03e+02    -  3.42e-02 1.12e-02f  1
  38  6.1452387e+02 1.16e+02 7.64e+03  -3.1 4.25e+02    -  8.41e-03 2.20e-04h  1
  39  5.6786310e+02 1.15e+02 7.65e+03   0.8 2.84e+03    -  5.14e-04 7.71e-04f  1
iter    objective    inf_pr   inf_du lg(mu)  ||d||  lg(rg) alpha_du alpha_pr  ls
  40  5.6169725e+02 1.15e+02 7.62e+03  -3.2 4.23e+02    -  4.25e-02 4.65e-03f  1
  41  5.1449008e+02 1.12e+02 7.43e+03  -3.2 5.40e+02    -  3.34e-03 2.09e-02f  1
  42  5.1231789e+02 1.12e+02 7.41e+03  -3.2 4.04e+02    -  4.18e-02 2.42e-03f  1
  43  4.1654878e+02 1.11e+02 7.28e+03  -3.2 6.32e+02    -  1.66e-02 1.10e-02f  1
  44  3.8914236e+02 1.06e+02 7.05e+03  -3.2 4.08e+02    -  1.25e-04 4.01e-02f  1
  45  4.8943461e+02 1.04e+02 6.73e+03  -3.2 6.85e+02    -  6.00e-03 2.32e-02h  1
  46  4.8924620e+02 1.04e+02 6.73e+03  -3.2 3.92e+02    -  9.78e-03 2.07e-04h  1
  47  4.4584244e+02 1.03e+02 6.63e+03  -3.2 5.65e+02    -  8.60e-04 1.19e-02f  1
  48  4.4168956e+02 1.02e+02 6.62e+03  -3.2 3.97e+02    -  4.32e-04 3.60e-03f  1
  49  4.3415133e+02 1.02e+02 6.61e+03  -3.2 4.68e+02    -  4.07e-03 2.39e-03f  1
iter    objective    inf_pr   inf_du lg(mu)  ||d||  lg(rg) alpha_du alpha_pr  ls
  50  4.3400555e+02 1.02e+02 6.61e+03  -3.2 4.12e+02    -  1.35e-04 1.09e-04h  1
  51  4.3136582e+02 1.02e+02 6.60e+03  -3.2 4.64e+02    -  5.03e-03 1.04e-03f  1
  52  4.1482253e+02 1.01e+02 6.55e+03  -3.2 4.10e+02    -  7.80e-04 1.27e-02f  1
  53  3.8428997e+02 9.95e+01 6.49e+03  -3.2 4.53e+02    -  4.27e-03 1.21e-02f  1
  54  3.7143220e+02 9.79e+01 6.43e+03  -3.2 4.02e+02    -  1.38e-03 1.62e-02f  1
  55  3.1997198e+02 9.68e+01 6.37e+03  -3.2 5.03e+02    -  1.68e-02 1.10e-02f  1
  56  3.1945780e+02 9.67e+01 6.37e+03  -3.2 3.77e+02    -  3.96e-02 1.06e-03h  1
  57  4.8105018e+02 9.26e+01 6.21e+03  -3.2 5.08e+02    -  1.64e-02 4.90e-02h  1
  58  4.7842456e+02 9.23e+01 6.20e+03  -3.2 3.52e+02    -  7.33e-03 3.55e-03f  1
  59  4.4124858e+02 9.20e+01 6.17e+03  -3.2 5.59e+02    -  3.08e-04 3.84e-03f  1
iter    objective    inf_pr   inf_du lg(mu)  ||d||  lg(rg) alpha_du alpha_pr  ls
  60  4.4117118e+02 9.20e+01 6.17e+03  -3.2 3.45e+02    -  8.90e-03 7.55e-05h  1
  61  4.3177088e+02 9.18e+01 6.16e+03  -3.3 4.31e+02    -  3.87e-03 1.73e-03f  1
  62  4.3164341e+02 9.18e+01 6.16e+03  -3.3 3.51e+02    -  3.10e-04 1.39e-04h  1
  63  3.9277268e+02 8.94e+01 6.00e+03  -3.3 4.82e+02    -  2.14e-03 2.73e-02f  1
  64  3.9226366e+02 8.93e+01 6.00e+03  -3.3 3.55e+02    -  4.67e-04 5.88e-04h  1
  65  3.9068749e+02 8.93e+01 5.99e+03  -3.3 4.79e+02    -  4.22e-04 3.23e-04f  1
  66  3.5303692e+02 8.40e+01 5.73e+03  -3.3 3.52e+02    -  9.88e-04 5.80e-02f  1
  67  3.3813344e+02 8.25e+01 5.58e+03  -3.3 4.71e+02    -  1.43e-03 1.82e-02f  1
  68  3.3776276e+02 8.25e+01 5.58e+03  -3.3 3.24e+02    -  1.40e-02 7.65e-04h  1
  69  3.0815644e+02 8.20e+01 5.52e+03  -3.3 4.98e+02    -  6.19e-03 5.51e-03f  1
iter    objective    inf_pr   inf_du lg(mu)  ||d||  lg(rg) alpha_du alpha_pr  ls
  70  3.0778874e+02 8.19e+01 5.52e+03  -3.3 3.24e+02    -  1.49e-04 8.76e-04h  1
  71  3.0533437e+02 8.19e+01 5.51e+03  -3.3 4.75e+02    -  6.45e-04 9.06e-04f  1
  72  2.9197684e+02 7.92e+01 5.36e+03  -3.3 3.31e+02    -  1.16e-04 3.19e-02f  1
  73  2.8184656e+02 7.88e+01 5.31e+03  -3.3 5.17e+02    -  4.09e-04 4.88e-03f  1
  74  2.8176934e+02 7.88e+01 5.31e+03  -3.3 3.28e+02    -  7.07e-03 1.73e-04h  1
  75  2.7136342e+02 7.84e+01 5.27e+03  -3.3 4.15e+02    -  9.51e-04 5.65e-03f  1
  76  2.7128356e+02 7.84e+01 5.27e+03  -3.3 3.36e+02    -  1.21e-04 1.53e-04h  1
  77  2.7107325e+02 7.84e+01 5.27e+03  -3.3 4.57e+02    -  1.06e-03 1.10e-04h  1
  78  2.6280714e+02 7.69e+01 5.19e+03  -3.3 3.37e+02    -  8.09e-03 1.86e-02f  1
  79  2.9080569e+02 7.50e+01 5.04e+03  -3.3 4.81e+02    -  9.87e-03 2.49e-02h  1
iter    objective    inf_pr   inf_du lg(mu)  ||d||  lg(rg) alpha_du alpha_pr  ls
  80  2.8977915e+02 7.48e+01 5.03e+03  -3.3 3.19e+02    -  1.31e-02 2.48e-03h  1
  81  2.8336189e+02 7.46e+01 5.02e+03  -3.3 4.56e+02    -  2.77e-03 1.78e-03f  1
  82  2.7930190e+02 7.38e+01 4.97e+03  -3.3 3.18e+02    -  1.69e-02 1.07e-02f  1
  83  2.7106617e+02 7.31e+01 4.88e+03  -3.3 4.35e+02    -  8.73e-03 9.54e-03f  1
  84  2.6977559e+02 7.29e+01 4.86e+03  -3.3 3.16e+02    -  8.91e-03 3.49e-03h  1
  85  2.5825913e+02 7.20e+01 4.75e+03  -3.3 4.65e+02    -  4.56e-03 1.15e-02f  1
  86  2.5769745e+02 7.20e+01 4.75e+03  -3.3 3.21e+02    -  1.92e-03 1.15e-03h  1
  87  2.5922018e+02 6.96e+01 4.49e+03  -3.3 4.07e+02    -  1.41e-03 3.12e-02h  1
  88  2.5846532e+02 6.95e+01 4.48e+03  -3.3 3.17e+02    -  3.01e-03 1.40e-03h  1
  89  2.5648744e+02 6.94e+01 4.48e+03  -3.3 3.75e+02    -  2.63e-04 1.02e-03f  1
iter    objective    inf_pr   inf_du lg(mu)  ||d||  lg(rg) alpha_du alpha_pr  ls
  90  2.5041367e+02 6.84e+01 4.42e+03  -3.3 3.06e+02    -  2.30e-02 1.57e-02f  1
  91  2.5239821e+02 6.76e+01 4.32e+03  -3.3 4.86e+02    -  1.24e-03 1.18e-02h  1
  92  2.5002448e+02 6.71e+01 4.30e+03  -3.3 2.97e+02    -  3.34e-02 6.78e-03h  1
  93  2.4283445e+02 6.66e+01 4.20e+03  -3.3 4.42e+02    -  3.00e-03 7.80e-03f  1
  94  2.4017830e+02 6.61e+01 4.17e+03  -3.3 3.01e+02    -  2.76e-03 7.11e-03h  1
  95  2.3424415e+02 6.57e+01 4.11e+03  -3.3 4.27e+02    -  1.12e-03 5.80e-03f  1
  96  2.2769753e+02 6.47e+01 4.04e+03  -3.3 3.05e+02    -  6.59e-03 1.54e-02f  1
  97  2.2273226e+02 6.44e+01 4.00e+03  -3.3 3.83e+02    -  7.66e-04 4.46e-03f  1
  98  2.1078547e+02 6.28e+01 3.89e+03  -3.3 3.06e+02    -  3.43e-02 2.51e-02f  1
  99  2.0002129e+02 6.23e+01 3.85e+03  -3.4 3.55e+02    -  8.56e-04 8.62e-03f  1
iter    objective    inf_pr   inf_du lg(mu)  ||d||  lg(rg) alpha_du alpha_pr  ls
 100  1.9406740e+02 6.12e+01 3.78e+03  -3.4 2.89e+02    -  2.65e-03 1.77e-02f  1
 101  2.6265895e+02 5.93e+01 3.76e+03  -3.4 3.45e+02    -  4.04e-03 3.40e-02h  1
 102  2.6188215e+02 5.91e+01 3.76e+03  -3.4 2.68e+02    -  2.67e-02 1.98e-03h  1
 103  2.5877271e+02 5.91e+01 3.76e+03  -3.4 3.49e+02    -  4.35e-03 1.09e-03f  1
 104  2.5468295e+02 5.85e+01 3.74e+03  -3.4 2.69e+02    -  4.65e-02 9.48e-03f  1
 105  2.4586520e+02 5.81e+01 3.76e+03  -3.4 3.31e+02    -  1.47e-02 7.00e-03f  1
 106  2.4570189e+02 5.81e+01 3.76e+03  -3.4 2.68e+02    -  3.68e-02 3.72e-04h  1
 107  2.3684657e+02 5.76e+01 3.75e+03  -3.4 3.41e+02    -  1.38e-03 8.89e-03f  1
 108  2.1959784e+02 5.57e+01 3.73e+03  -3.4 2.76e+02    -  5.79e-03 3.21e-02f  1
 109  2.0178736e+02 5.49e+01 3.76e+03  -3.4 2.98e+02    -  6.47e-04 1.50e-02f  1
iter    objective    inf_pr   inf_du lg(mu)  ||d||  lg(rg) alpha_du alpha_pr  ls
 110  1.8394826e+02 5.22e+01 3.75e+03  -3.4 2.61e+02    -  4.66e-03 4.96e-02f  1
 111  1.7190989e+02 5.17e+01 3.72e+03  -3.4 3.00e+02    -  2.16e-02 1.07e-02f  1
 112  1.7176141e+02 5.17e+01 3.72e+03  -3.4 2.42e+02    -  3.35e-02 6.07e-04h  1
 113  1.6475837e+02 5.12e+01 3.72e+03  -3.4 3.08e+02    -  1.42e-02 9.11e-03f  1
 114  1.6377317e+02 5.10e+01 3.71e+03  -3.4 2.40e+02    -  1.16e-03 4.15e-03h  1
 115  2.2746580e+02 4.94e+01 3.68e+03  -3.4 2.77e+02    -  1.66e-02 3.32e-02h  1
 116  2.2553579e+02 4.91e+01 3.67e+03  -3.5 2.31e+02    -  2.39e-02 5.36e-03h  1
 117  2.2308841e+02 4.90e+01 3.66e+03  -3.5 2.35e+02    -  1.31e-03 2.10e-03f  1
 118  2.2132468e+02 4.88e+01 3.66e+03  -3.5 2.29e+02    -  9.82e-03 4.11e-03h  1
 119  2.1973314e+02 4.88e+01 3.66e+03  -3.5 2.64e+02    -  3.83e-03 9.90e-04f  1
iter    objective    inf_pr   inf_du lg(mu)  ||d||  lg(rg) alpha_du alpha_pr  ls
 120  2.1384226e+02 4.82e+01 3.65e+03  -3.5 2.29e+02    -  2.49e-02 1.29e-02f  1
 121  2.0294637e+02 4.78e+01 3.64e+03  -3.5 2.44e+02    -  2.30e-03 8.00e-03f  1
 122  2.0257352e+02 4.77e+01 3.64e+03  -3.5 2.27e+02    -  2.16e-02 9.38e-04h  1
 123  1.8653375e+02 4.70e+01 3.58e+03  -3.5 2.54e+02    -  3.97e-04 1.72e-02f  1
 124  1.8213544e+02 4.63e+01 3.56e+03  -3.5 2.21e+02    -  2.54e-02 1.37e-02f  1
 125  1.7749852e+02 4.62e+01 3.56e+03  -3.5 2.34e+02    -  6.91e-05 2.59e-03f  1
 126  1.7741574e+02 4.62e+01 3.55e+03  -3.5 2.15e+02    -  1.86e-02 2.94e-04h  1
 127  1.7515780e+02 4.61e+01 3.55e+03  -3.5 2.71e+02    -  7.96e-03 9.96e-04f  1
 128  1.6576389e+02 4.45e+01 3.48e+03  -3.5 2.17e+02    -  5.05e-04 3.71e-02f  1
 129  2.8351260e+02 4.28e+01 3.38e+03  -3.5 2.13e+02    -  8.81e-04 3.84e-02h  1
iter    objective    inf_pr   inf_du lg(mu)  ||d||  lg(rg) alpha_du alpha_pr  ls
 130  2.8246050e+02 4.27e+01 3.37e+03  -3.5 1.97e+02    -  2.37e-03 2.28e-03h  1
 131  2.7885315e+02 4.27e+01 3.37e+03  -3.5 3.14e+02    -  1.14e-03 1.14e-03f  1
 132  2.7869148e+02 4.27e+01 3.37e+03  -3.5 2.00e+02    -  1.06e-02 2.71e-04h  1
 133  2.7118375e+02 4.25e+01 3.37e+03  -3.5 2.11e+02    -  4.17e-03 3.73e-03f  1
 134  2.6932872e+02 4.24e+01 3.36e+03  -3.5 2.07e+02    -  1.99e-04 3.16e-03f  1
 135  2.6902562e+02 4.24e+01 3.36e+03  -3.5 1.95e+02    -  1.95e-03 2.50e-04h  1
 136  2.5529435e+02 4.16e+01 3.33e+03  -3.5 1.99e+02    -  3.22e-04 2.01e-02f  1
 137  2.5319192e+02 4.15e+01 3.33e+03  -3.5 1.84e+02    -  8.71e-04 1.31e-03f  1
 138  2.4968602e+02 4.13e+01 3.32e+03  -3.5 1.90e+02    -  1.08e-02 5.86e-03f  1
 139  2.2774779e+02 4.06e+01 3.32e+03  -3.5 2.50e+02    -  5.02e-05 1.54e-02f  1
iter    objective    inf_pr   inf_du lg(mu)  ||d||  lg(rg) alpha_du alpha_pr  ls
 140  2.2654258e+02 4.06e+01 3.32e+03  -3.5 1.93e+02    -  1.96e-02 2.33e-03h  1
 141  2.2209354e+02 4.05e+01 3.32e+03  -3.5 2.05e+02    -  1.52e-04 2.07e-03f  1
 142  2.2202640e+02 4.05e+01 3.31e+03  -3.5 1.94e+02    -  1.95e-02 1.53e-04h  1
 143  2.2011007e+02 4.04e+01 3.31e+03  -3.5 2.15e+02    -  8.90e-04 9.69e-04f  1
 144  2.1618321e+02 4.01e+01 3.30e+03  -3.5 1.88e+02    -  4.56e-05 7.99e-03f  1
 145  2.1420036e+02 4.01e+01 3.30e+03  -3.5 2.20e+02    -  4.42e-04 1.12e-03f  1
 146  2.1042032e+02 3.97e+01 3.28e+03  -3.5 1.88e+02    -  1.76e-03 9.66e-03f  1
 147  2.0902069e+02 3.96e+01 3.28e+03  -3.5 2.50e+02    -  3.02e-03 8.35e-04f  1
 148  2.0852868e+02 3.96e+01 3.27e+03  -3.6 1.89e+02    -  5.76e-04 1.21e-03h  1
 149  2.0792651e+02 3.96e+01 3.27e+03  -3.6 2.01e+02    -  6.73e-04 4.60e-04f  1
iter    objective    inf_pr   inf_du lg(mu)  ||d||  lg(rg) alpha_du alpha_pr  ls
 150  1.9834736e+02 3.88e+01 3.24e+03  -3.6 1.92e+02    -  1.41e-04 1.98e-02f  1
 151  1.8854185e+02 3.84e+01 3.22e+03  -3.6 1.89e+02    -  2.64e-04 9.84e-03f  1
 152  1.8841449e+02 3.84e+01 3.22e+03  -3.6 1.81e+02    -  1.32e-02 2.70e-04h  1
 153  1.8727871e+02 3.84e+01 3.22e+03  -3.6 2.04e+02    -  1.59e-03 8.94e-04f  1
 154  1.8287228e+02 3.79e+01 3.20e+03  -3.6 1.82e+02    -  6.45e-03 1.29e-02f  1
 155  1.8185747e+02 3.79e+01 3.20e+03  -3.6 2.14e+02    -  1.00e-04 4.70e-04f  1
 156  1.8142680e+02 3.78e+01 3.20e+03  -3.6 1.82e+02    -  7.27e-04 1.31e-03h  1
 157  1.8074194e+02 3.78e+01 3.20e+03  -3.6 2.10e+02    -  3.23e-03 3.14e-04f  1
 158  1.8029521e+02 3.78e+01 3.20e+03  -3.6 1.82e+02    -  6.74e-04 1.23e-03h  1
 159  1.7974370e+02 3.78e+01 3.20e+03  -3.6 1.89e+02    -  5.69e-05 2.32e-04f  1
iter    objective    inf_pr   inf_du lg(mu)  ||d||  lg(rg) alpha_du alpha_pr  ls
 160  1.7946007e+02 3.77e+01 3.19e+03  -3.6 1.79e+02    -  6.57e-03 8.58e-04h  1
 161  1.7896583e+02 3.77e+01 3.19e+03  -3.6 2.40e+02    -  1.15e-03 4.17e-04f  1
 162  1.7485321e+02 3.72e+01 3.17e+03  -3.6 1.81e+02    -  1.99e-03 1.34e-02f  1
 163  1.7425295e+02 3.72e+01 3.16e+03  -3.6 1.79e+02    -  1.76e-03 4.31e-04f  1
 164  1.7154287e+02 3.69e+01 3.15e+03  -3.6 1.80e+02    -  3.32e-02 8.69e-03f  1
 165  1.6128512e+02 3.57e+01 3.04e+03  -3.6 1.82e+02    -  8.71e-05 3.24e-02f  1
 166  1.5554248e+02 3.52e+01 3.01e+03  -3.6 1.76e+02    -  6.22e-03 1.44e-02f  1
 167  1.4663047e+02 3.51e+01 3.00e+03  -3.6 1.76e+02    -  6.07e-03 3.86e-03f  1
 168  1.4474565e+02 3.48e+01 2.98e+03  -3.6 1.69e+02    -  7.00e-03 7.57e-03h  1
 169  1.4514618e+02 3.43e+01 2.93e+03  -3.6 2.41e+02    -  2.24e-02 1.78e-02h  1
iter    objective    inf_pr   inf_du lg(mu)  ||d||  lg(rg) alpha_du alpha_pr  ls
 170  1.4220690e+02 3.39e+01 2.90e+03  -3.6 1.67e+02    -  2.38e-04 1.27e-02h  1
 171  1.3178121e+02 3.35e+01 2.86e+03  -3.6 2.52e+02    -  5.51e-04 1.15e-02f  1
 172  1.2061742e+02 3.19e+01 2.73e+03  -3.6 1.64e+02    -  3.64e-02 5.09e-02f  1
 173  1.2818777e+02 3.10e+01 2.68e+03  -3.6 1.62e+02    -  8.40e-03 3.09e-02h  1
 174  1.2588750e+02 3.06e+01 2.66e+03  -3.6 1.53e+02    -  1.95e-02 1.05e-02h  1
 175  1.2250367e+02 3.06e+01 2.65e+03  -3.6 1.70e+02    -  3.25e-03 2.80e-03f  1
 176  1.2192389e+02 3.05e+01 2.65e+03  -3.6 1.53e+02    -  1.12e-02 2.65e-03h  1
 177  1.1717026e+02 3.03e+01 2.64e+03  -3.6 2.73e+02    -  2.70e-03 5.19e-03f  1
 178  1.1689834e+02 3.03e+01 2.64e+03  -3.6 1.68e+02    -  2.33e-03 1.19e-03h  1
 179  1.1498866e+02 3.02e+01 2.63e+03  -3.6 1.77e+02    -  1.41e-03 2.68e-03f  1
iter    objective    inf_pr   inf_du lg(mu)  ||d||  lg(rg) alpha_du alpha_pr  ls
 180  9.6027684e+01 2.78e+01 2.46e+03  -3.6 1.71e+02    -  9.90e-05 9.39e-02f  1
 181  8.8546328e+01 2.76e+01 2.44e+03  -3.6 2.11e+02    -  1.93e-02 7.80e-03f  1
 182  8.5476963e+01 2.69e+01 2.39e+03  -3.6 1.50e+02    -  2.66e-02 2.69e-02h  1
 183  7.9764491e+01 2.67e+01 2.38e+03  -3.7 1.68e+02    -  2.21e-03 6.92e-03f  1
 184  7.9632645e+01 2.67e+01 2.38e+03  -3.7 1.47e+02    -  9.10e-03 1.43e-03h  1
 185  7.9291030e+01 2.67e+01 2.37e+03  -3.7 1.86e+02    -  3.40e-05 7.16e-04h  1
 186  7.5490125e+01 2.61e+01 2.34e+03  -3.7 1.52e+02    -  3.82e-02 2.10e-02f  1
 187  7.0528864e+01 2.54e+01 2.27e+03  -3.7 1.47e+02    -  2.90e-02 2.87e-02f  1
 188  6.8910698e+01 2.52e+01 2.25e+03  -3.7 1.46e+02    -  9.01e-02 9.27e-03h  1
 189  6.3164678e+01 2.46e+01 2.20e+03  -3.7 1.85e+02    -  4.34e-02 2.38e-02f  1
iter    objective    inf_pr   inf_du lg(mu)  ||d||  lg(rg) alpha_du alpha_pr  ls
 190  5.9967719e+01 2.38e+01 2.14e+03  -3.8 1.42e+02    -  2.12e-02 3.11e-02h  1
 191  5.1238945e+01 2.21e+01 1.97e+03  -3.8 1.84e+02    -  1.00e-02 7.68e-02f  1
 192  5.1083888e+01 2.21e+01 1.97e+03  -3.8 1.74e+02    -  3.04e-02 8.50e-04h  1
 193  4.7778382e+01 2.13e+01 1.88e+03  -3.8 1.58e+02    -  1.36e-02 3.76e-02h  1
 194  4.4329708e+01 1.99e+01 1.75e+03  -3.8 1.76e+02    -  8.78e-03 6.34e-02f  1
 195  4.3649240e+01 1.97e+01 1.73e+03  -3.8 1.50e+02    -  1.45e-01 1.07e-02h  1
 196  4.2129341e+01 1.76e+01 1.52e+03  -3.9 1.62e+02    -  3.62e-02 1.13e-01f  1
 197  4.1943667e+01 1.76e+01 1.52e+03  -3.9 1.31e+02    -  4.47e-02 1.84e-03h  1
 198  3.9157449e+01 1.66e+01 1.43e+03  -3.9 1.33e+02    -  3.86e-03 5.66e-02h  1
 199  3.9035622e+01 1.66e+01 1.43e+03  -3.9 1.16e+02    -  5.84e-04 9.08e-04h  1
iter    objective    inf_pr   inf_du lg(mu)  ||d||  lg(rg) alpha_du alpha_pr  ls
 200  3.5376190e+01 1.49e+01 1.28e+03  -3.9 1.15e+02    -  1.38e-02 9.89e-02h  1
 201  3.4895210e+01 1.49e+01 1.28e+03  -3.9 1.03e+02    -  2.41e-02 2.44e-03h  1
 202  3.4409683e+01 1.46e+01 1.26e+03  -3.9 9.72e+01    -  1.04e-02 1.71e-02h  1
 203  3.4365768e+01 1.46e+01 1.26e+03  -3.9 1.03e+02    -  6.78e-02 2.21e-04h  1
 204  3.2961959e+01 1.37e+01 1.18e+03  -3.9 9.37e+01    -  9.53e-02 6.23e-02h  1
 205  4.0399878e+01 1.35e+01 1.16e+03  -4.0 1.81e+02    -  5.22e-03 2.51e-02h  1
 206  4.0326983e+01 1.35e+01 1.16e+03  -4.0 8.07e+01    -  1.26e-02 1.26e-03h  1
 207  3.9830797e+01 1.34e+01 1.16e+03  -4.0 7.42e+01    -  4.31e-04 2.69e-03h  1
 208  3.8207581e+01 1.32e+01 1.13e+03  -4.0 7.63e+01    -  2.66e-03 2.07e-02h  1
 209  3.6966578e+01 1.32e+01 1.13e+03  -0.1 1.03e+03    -  2.51e-04 5.91e-04f  1
iter    objective    inf_pr   inf_du lg(mu)  ||d||  lg(rg) alpha_du alpha_pr  ls
 210  3.5638383e+01 1.26e+01 1.08e+03  -4.0 7.84e+01    -  3.33e-03 4.26e-02h  1
 211  3.5128397e+01 1.26e+01 1.08e+03  -4.0 1.14e+02    -  1.58e-02 8.18e-04f  1
 212  3.5080897e+01 1.26e+01 1.08e+03  -4.0 7.40e+01    -  4.68e-02 1.50e-03h  1
 213  3.3974668e+01 1.25e+01 1.07e+03  -4.0 1.27e+02    -  1.78e-02 5.98e-03f  1
 214  3.3960138e+01 1.25e+01 1.07e+03  -4.0 7.38e+01    -  3.77e-04 4.52e-04h  1
 215  1.4843447e+02 1.11e+01 9.10e+02  -4.0 1.05e+02    -  4.66e-04 1.42e-01h  1
 216  1.4484951e+02 1.09e+01 8.98e+02  -4.0 6.10e+01    -  2.71e-03 1.32e-02f  1
 217  1.4262834e+02 1.09e+01 8.96e+02  -4.0 7.47e+01    -  1.24e-03 1.97e-03f  1
 218  1.4078308e+02 1.08e+01 8.90e+02  -4.0 5.90e+01    -  4.02e-03 7.15e-03f  1
 219  1.4055199e+02 1.08e+01 8.89e+02  -4.0 7.64e+01    -  1.05e-04 3.55e-04f  1
iter    objective    inf_pr   inf_du lg(mu)  ||d||  lg(rg) alpha_du alpha_pr  ls
 220  1.3171935e+02 1.04e+01 8.57e+02  -4.0 5.94e+01    -  1.35e-02 3.64e-02f  1
 221  1.2875884e+02 1.03e+01 8.48e+02  -4.0 7.13e+01    -  3.72e-03 9.81e-03f  1
 222  1.2819032e+02 1.03e+01 8.47e+02  -4.0 7.00e+01    -  3.41e-02 1.73e-03f  1
 223  1.2445485e+02 1.03e+01 8.43e+02  -4.1 6.93e+01    -  5.79e-03 5.08e-03f  1
 224  1.2356891e+02 1.02e+01 8.39e+02  -4.1 5.98e+01    -  3.13e-02 3.78e-03f  1
 225  1.2021150e+02 1.02e+01 8.34e+02  -4.1 1.02e+02    -  1.72e-04 6.05e-03f  1
 226  1.1649142e+02 1.01e+01 8.30e+02  -4.1 7.13e+01    -  1.94e-04 4.88e-03f  1
 227  1.0232074e+02 9.54e+00 7.83e+02  -4.1 6.04e+01    -  3.43e-04 5.60e-02f  1
 228  8.9747321e+01 9.33e+00 7.67e+02  -4.1 7.76e+01    -  2.86e-02 2.24e-02f  1
 229  8.8900271e+01 9.28e+00 7.63e+02  -4.1 5.45e+01    -  2.31e-02 5.06e-03h  1
iter    objective    inf_pr   inf_du lg(mu)  ||d||  lg(rg) alpha_du alpha_pr  ls
 230  8.5155032e+01 9.19e+00 7.56e+02  -4.1 7.46e+01    -  4.10e-03 9.68e-03f  1
 231  8.4985941e+01 9.18e+00 7.55e+02  -4.1 5.52e+01    -  1.94e-03 1.01e-03h  1
 232  8.4798149e+01 9.18e+00 7.55e+02  -4.1 4.89e+01    -  6.09e-04 3.57e-04h  1
 233  7.5649049e+01 8.69e+00 7.14e+02  -4.1 5.52e+01    -  3.53e-04 5.36e-02f  1
 234  7.4050429e+01 8.64e+00 7.10e+02  -4.1 6.41e+01    -  1.03e-02 5.41e-03f  1
 235  7.3951583e+01 8.63e+00 7.10e+02  -4.1 4.95e+01    -  4.95e-02 6.13e-04h  1
 236  7.1399166e+01 8.59e+00 7.07e+02  -4.1 6.10e+01    -  1.63e-02 4.75e-03f  1
 237  6.4985483e+01 8.16e+00 6.72e+02  -4.1 5.02e+01    -  5.20e-02 4.98e-02f  1
 238  5.8009387e+01 7.91e+00 6.50e+02  -4.2 7.75e+01    -  1.25e-02 3.03e-02f  1
 239  5.5170078e+01 7.71e+00 6.33e+02  -4.2 4.46e+01    -  3.08e-02 2.61e-02f  1
iter    objective    inf_pr   inf_du lg(mu)  ||d||  lg(rg) alpha_du alpha_pr  ls
 240  5.2069861e+01 7.65e+00 6.28e+02  -4.2 7.55e+01    -  1.28e-03 6.96e-03f  1
 241  4.8651016e+01 7.42e+00 6.09e+02  -4.2 4.60e+01    -  4.47e-03 3.00e-02f  1
 242  4.7928375e+01 7.41e+00 6.08e+02  -4.2 4.88e+01    -  1.39e-02 2.38e-03f  1
 243  4.6098379e+01 7.27e+00 5.96e+02  -4.2 4.07e+01    -  4.03e-04 1.88e-02f  1
 244  3.9748345e+01 6.80e+00 5.57e+02  -4.2 4.64e+01    -  4.78e-02 6.32e-02f  1
 245  3.8826154e+01 6.72e+00 5.50e+02  -4.2 3.79e+01    -  5.89e-02 1.24e-02h  1
 246  3.7743584e+01 6.65e+00 5.45e+02  -4.2 4.18e+01    -  1.37e-03 1.07e-02h  1
 247  3.4999974e+01 6.39e+00 5.24e+02  -4.2 4.15e+01    -  3.07e-02 3.87e-02f  1
 248  3.1575071e+01 6.20e+00 5.07e+02  -4.3 4.00e+01    -  2.52e-02 3.08e-02f  1
 249  2.9665315e+01 5.98e+00 4.90e+02  -4.3 3.36e+01    -  7.84e-04 3.50e-02h  1
iter    objective    inf_pr   inf_du lg(mu)  ||d||  lg(rg) alpha_du alpha_pr  ls
 250  2.7516001e+01 5.78e+00 4.74e+02  -4.3 4.06e+01    -  4.96e-02 3.24e-02f  1
 251  2.5891928e+01 5.49e+00 4.50e+02  -4.3 3.40e+01    -  4.47e-02 5.09e-02h  1
 252  2.2936791e+01 4.89e+00 4.00e+02  -4.3 3.90e+01    -  3.90e-02 1.12e-01f  1
 253  2.1414521e+01 4.23e+00 3.45e+02  -4.3 2.95e+01    -  1.33e-01 1.37e-01h  1
 254  2.0760612e+01 4.08e+00 3.33e+02  -4.4 2.83e+01    -  4.03e-02 3.46e-02h  1
 255  2.0152620e+01 4.08e+00 3.32e+02  -0.5 1.02e+03    -  5.07e-04 1.02e-03f  1
 256  1.9557880e+01 3.50e+00 2.85e+02  -4.4 2.12e+01    -  2.47e-01 1.42e-01h  1
 257  1.9654193e+01 3.14e+00 2.54e+02  -4.5 3.22e+01    -  7.24e-02 1.09e-01h  1
 258  1.9380913e+01 3.02e+00 2.44e+02  -4.6 1.99e+01    -  7.42e-02 3.84e-02h  1
 259  1.8965575e+01 2.78e+00 2.24e+02  -4.6 2.35e+01    -  8.69e-02 8.24e-02h  1
iter    objective    inf_pr   inf_du lg(mu)  ||d||  lg(rg) alpha_du alpha_pr  ls
 260  1.8683458e+01 2.70e+00 2.18e+02  -4.6 4.65e+01    -  1.22e-02 2.96e-02h  1
 261  1.8582979e+01 2.64e+00 2.12e+02  -4.6 2.09e+01    -  4.59e-02 2.33e-02h  1
 262  2.0898766e+01 2.41e+00 1.94e+02  -4.7 3.45e+01    -  4.28e-03 9.57e-02h  1
 263  1.9245523e+01 1.82e+00 1.45e+02  -4.7 1.78e+01    -  2.71e-02 2.55e-01h  1
 264  1.9157422e+01 1.82e+00 1.45e+02  -4.7 2.97e+01    -  2.91e-02 9.81e-04h  1
 265  1.8884771e+01 1.71e+00 1.36e+02  -4.7 1.35e+01    -  1.86e-01 5.90e-02h  1
 266  1.9824572e+01 1.63e+00 1.29e+02  -4.8 3.34e+01    -  6.43e-02 4.86e-02h  1
 267  1.7838082e+01 1.04e+00 7.87e+01  -4.8 1.35e+01    -  1.01e-01 3.89e-01h  1
 268  1.7771006e+01 1.03e+00 7.85e+01  -4.8 3.53e+01    -  3.65e-03 2.56e-03h  1
 269  1.7482408e+01 9.36e-01 7.10e+01  -4.9 8.79e+00    -  5.79e-03 9.52e-02h  1
iter    objective    inf_pr   inf_du lg(mu)  ||d||  lg(rg) alpha_du alpha_pr  ls
 270  1.7422802e+01 9.29e-01 7.05e+01  -4.9 1.39e+01    -  7.56e-02 7.68e-03h  1
 271  1.7167767e+01 8.43e-01 6.38e+01  -4.9 1.03e+01    -  2.98e-02 9.43e-02h  1
 272  1.6997908e+01 8.20e-01 6.18e+01  -4.9 2.86e+01    -  4.17e-02 3.02e-02h  1
 273  1.6845224e+01 7.72e-01 5.81e+01  -4.9 1.31e+01    -  7.53e-02 6.08e-02h  1
 274  1.6821724e+01 7.69e-01 5.79e+01  -5.0 3.10e+01    -  2.29e-02 3.35e-03h  1
 275  1.6588260e+01 7.18e-01 5.33e+01  -5.0 3.00e+01    -  7.85e-02 8.22e-02h  1
 276  1.6333476e+01 6.87e-01 5.01e+01  -5.0 3.97e+01    -  8.97e-02 6.32e-02h  1
 277  1.6156686e+01 6.79e-01 4.93e+01  -5.0 7.11e+01    -  8.20e-02 1.64e-02h  1
 278  1.5910510e+01 6.69e-01 4.80e+01  -5.1 6.21e+01    -  2.29e-02 2.80e-02h  1
 279  1.5567415e+01 6.85e-01 4.58e+01  -5.1 8.85e+01    -  2.21e-02 4.96e-02h  1
iter    objective    inf_pr   inf_du lg(mu)  ||d||  lg(rg) alpha_du alpha_pr  ls
 280  1.5451826e+01 6.80e-01 4.54e+01  -5.1 5.77e+01    -  1.95e-02 9.80e-03h  1
 281  1.5084169e+01 6.75e-01 4.30e+01  -5.1 5.79e+01    -  1.06e-02 5.38e-02h  1
 282  1.4954872e+01 6.70e-01 4.25e+01  -5.1 6.83e+01    -  1.06e-02 1.21e-02h  1
 283  1.4779071e+01 6.62e-01 4.16e+01  -5.1 5.92e+01    -  2.39e-03 2.19e-02h  1
 284  1.4755485e+01 6.59e-01 4.01e+01  -5.1 6.92e+01    -  9.71e-02 3.77e-02h  2
 285  1.4398279e+01 7.08e-01 3.72e+01  -5.2 5.77e+01    -  5.62e-02 7.57e-02h  1
 286  1.4306129e+01 7.11e-01 3.65e+01  -5.2 7.23e+01    -  3.03e-02 2.13e-02h  1
 287  1.4292339e+01 7.09e-01 3.64e+01  -5.2 2.80e+01    -  1.76e-02 2.27e-03h  1
 288  1.4254244e+01 7.07e-01 3.63e+01  -5.2 6.35e+01    -  3.35e-04 4.24e-03h  1
 289  1.4182870e+01 7.06e-01 3.62e+01  -5.2 1.51e+02    -  7.50e-03 2.26e-03h  1
iter    objective    inf_pr   inf_du lg(mu)  ||d||  lg(rg) alpha_du alpha_pr  ls
 290  1.3938751e+01 7.15e-01 3.54e+01  -5.2 8.10e+01    -  2.20e-04 2.70e-02h  1
 291  1.3850878e+01 7.03e-01 3.44e+01  -5.2 6.08e+01    -  3.79e-02 2.59e-02h  1
 292  1.3511162e+01 7.08e-01 3.19e+01  -5.2 4.40e+01    -  1.06e-01 7.65e-02h  1
 293  1.3476418e+01 7.08e-01 3.14e+01  -5.3 1.46e+02    -  3.01e-02 1.36e-02f  2
 294  1.3147952e+01 7.07e-01 2.94e+01  -5.3 4.41e+01    -  8.01e-02 6.79e-02h  1
 295  1.3158027e+01 7.23e-01 2.91e+01  -5.3 1.11e+02    -  1.23e-02 1.65e-02h  2
 296  1.3064052e+01 7.13e-01 2.86e+01  -5.3 4.43e+01    -  1.60e-02 1.82e-02h  1
 297  1.3013669e+01 7.11e-01 2.85e+01  -5.3 9.55e+01    -  5.29e-02 2.95e-03h  1
 298  1.2775087e+01 6.98e-01 2.76e+01  -5.4 4.98e+01    -  2.74e-02 3.56e-02h  1
 299  1.2923805e+01 7.28e-01 2.74e+01  -1.5 9.17e+02    -  1.10e-03 4.06e-03f  1
iter    objective    inf_pr   inf_du lg(mu)  ||d||  lg(rg) alpha_du alpha_pr  ls
 300  1.3113019e+01 7.29e-01 2.73e+01   0.5 1.21e+04    -  5.40e-05 2.74e-05f  1
 301  1.3779849e+01 7.28e-01 2.68e+01   0.5 6.46e+03    -  9.90e-05 2.27e-04f  1
 302  1.6057175e+01 7.33e-01 2.56e+01   0.5 5.91e+03    -  2.30e-04 3.83e-04f  1
 303  1.7549100e+01 7.45e-01 2.43e+01   0.5 3.55e+03    -  4.75e-04 4.62e-04f  1
 304  2.4072444e+01 1.30e+00 2.21e+01   0.5 2.73e+03    -  1.84e-03 1.39e-03f  1
 305  3.8409329e+01 1.86e+00 2.51e+01   0.5 1.57e+03    -  4.14e-03 4.11e-03f  1
 306  6.0533875e+01 2.11e+00 3.28e+01   0.5 7.77e+02    -  7.88e-03 8.64e-03f  1
 307  1.1097977e+02 2.92e+00 6.58e+01   0.5 4.67e+02    -  4.06e-02 2.14e-02f  1
 308  5.4859635e+02 1.13e+01 2.73e+02   0.5 2.85e+02    -  8.35e-02 9.29e-02f  1
 309  5.7728823e+02 1.03e+01 1.30e+03   0.5 6.12e+01    -  1.00e+00 8.22e-02f  1
iter    objective    inf_pr   inf_du lg(mu)  ||d||  lg(rg) alpha_du alpha_pr  ls
 310  9.7410182e+02 5.94e+00 1.04e+03   0.5 2.26e+01    -  9.39e-01 1.00e+00f  1
 311  1.3283021e+03 9.11e+00 1.12e+03   0.5 1.71e+01    -  1.00e+00 1.00e+00h  1
 312  4.9277838e+02 2.99e+00 4.26e+02   0.5 1.28e+01    -  1.00e+00 1.00e+00f  1
 313  4.7590918e+02 8.70e-01 1.86e+02   0.5 4.68e+00    -  1.00e+00 1.00e+00f  1
 314  1.9264216e+02 6.76e-01 1.94e+02   0.0 5.28e+00    -  9.92e-01 1.00e+00f  1
 315  1.0027591e+02 1.19e+00 1.52e+02  -0.5 7.09e+00    -  1.00e+00 1.00e+00f  1
 316  6.2567775e+01 3.63e-01 1.06e+02  -0.6 4.85e+00    -  1.00e+00 1.00e+00f  1
 317  4.2506240e+01 1.15e-01 2.49e+01  -1.2 1.35e+00    -  1.00e+00 1.00e+00f  1
 318  3.3205618e+01 8.35e-02 1.91e+01  -1.6 1.39e+00    -  1.00e+00 1.00e+00f  1
 319  2.8421953e+01 1.24e-01 2.48e+01  -1.4 2.07e+00    -  1.00e+00 6.30e-01f  1
iter    objective    inf_pr   inf_du lg(mu)  ||d||  lg(rg) alpha_du alpha_pr  ls
 320  3.7305023e+01 1.33e-01 5.22e+01  -1.1 4.14e+00    -  1.00e+00 1.00e+00H  1
 321  3.1141630e+01 7.61e-02 1.85e+01  -1.4 1.93e+00    -  1.00e+00 1.00e+00f  1
 322  2.7107314e+01 1.87e-01 1.37e+01  -1.2 1.63e+00    -  1.00e+00 1.00e+00f  1
 323  2.4544859e+01 7.25e-02 6.68e+00  -1.6 1.34e+00    -  9.88e-01 6.91e-01f  1
 324  2.2067453e+01 2.34e-01 1.48e+01  -1.9 1.89e+00    -  9.97e-01 1.00e+00f  1
 325  2.3131797e+01 2.52e-02 1.18e+01  -2.2 1.44e+00    -  9.39e-01 1.00e+00H  1
 326  2.0546850e+01 6.11e-02 5.86e+00  -1.9 9.25e-01    -  1.00e+00 1.00e+00f  1
 327  1.9532055e+01 4.30e-02 2.44e+00  -2.4 6.76e-01    -  1.00e+00 1.00e+00h  1
 328  1.8340182e+01 9.50e-02 2.37e+00  -2.9 1.66e+00    -  1.00e+00 5.10e-01f  1
 329  1.7693505e+01 1.29e-01 3.54e+00  -2.6 3.18e+00    -  1.00e+00 2.51e-01h  2
iter    objective    inf_pr   inf_du lg(mu)  ||d||  lg(rg) alpha_du alpha_pr  ls
 330  1.8735300e+01 1.97e-02 3.05e+00  -2.4 1.67e+00    -  1.00e+00 1.00e+00H  1
 331  1.8309812e+01 2.23e-02 1.28e+00  -2.5 7.99e-01    -  1.00e+00 1.00e+00f  1
 332  1.6400408e+01 1.96e-02 7.37e-01  -2.7 6.91e-01    -  9.97e-01 1.00e+00f  1
 333  1.5732663e+01 8.49e-02 6.61e-01  -3.0 9.65e-01    -  1.00e+00 1.00e+00h  1
 334  1.5622120e+01 9.23e-02 4.58e+00  -2.7 3.95e+00    -  9.96e-01 1.33e-01h  1
 335  1.5618193e+01 5.58e-01 4.07e+00  -2.8 5.97e+00    -  6.95e-01 3.56e-01f  1
 336  1.5401952e+01 7.14e-01 2.86e+00  -3.8 5.48e+00    -  2.93e-01 2.77e-01h  2
 337  1.4677773e+01 4.76e-01 2.13e+00  -3.3 2.87e+00    -  8.94e-01 4.15e-01h  1
 338  1.4074237e+01 2.95e-01 1.86e+00  -3.8 1.79e+00    -  3.44e-01 3.58e-01h  1
 339  1.4820797e+01 1.21e-01 2.39e+00  -2.9 7.79e-01    -  4.71e-01 1.00e+00h  1
iter    objective    inf_pr   inf_du lg(mu)  ||d||  lg(rg) alpha_du alpha_pr  ls
 340  1.4168688e+01 5.49e-02 5.14e-01  -3.1 4.63e-01    -  1.00e+00 9.21e-01h  1
 341  1.4184126e+01 4.71e-02 3.47e-01  -2.9 5.77e-01    -  1.00e+00 1.00e+00h  1
 342  1.3716989e+01 7.40e-02 5.77e-01  -3.3 1.10e+00    -  1.00e+00 7.00e-01h  1
 343  1.6570955e+01 3.86e-02 1.36e+00  -2.8 1.12e+00    -  9.88e-01 9.64e-01H  1
 344  1.4052019e+01 8.50e-02 4.14e-01  -2.9 6.78e-01    -  1.00e+00 1.00e+00f  1
 345  1.3879162e+01 1.23e-02 1.91e-01  -2.9 3.12e-01    -  1.00e+00 1.00e+00h  1
 346  1.3377195e+01 8.86e-02 8.68e-01  -3.4 8.72e-01    -  9.95e-01 7.54e-01h  1
 347  1.4059319e+01 7.76e-01 2.29e+00  -2.8 3.87e+00    -  6.99e-01 5.97e-01f  1
 348  1.4006070e+01 7.36e-01 3.08e+00  -3.0 1.04e+01    -  4.41e-01 1.18e-01h  1
 349  1.7313580e+01 1.46e-01 2.46e+00  -3.0 1.34e+00    -  5.31e-01 9.60e-01h  1
iter    objective    inf_pr   inf_du lg(mu)  ||d||  lg(rg) alpha_du alpha_pr  ls
 350  1.3262126e+01 8.62e-02 5.77e+00  -3.0 1.74e+00    -  1.79e-01 9.49e-01f  1
 351  1.3222151e+01 5.80e-02 3.12e-01  -3.2 4.09e-01    -  1.00e+00 9.76e-01h  1
 352  1.2676699e+01 2.79e-02 5.17e-01  -3.5 7.35e-01    -  1.00e+00 7.75e-01h  1
 353  1.2885079e+01 2.08e-02 1.69e+00  -3.2 8.24e-01    -  1.00e+00 4.41e-01h  1
 354  1.2515274e+01 4.31e-03 7.03e-02  -3.5 2.38e-01    -  1.00e+00 1.00e+00h  1
 355  1.2421710e+01 4.08e-03 1.79e+00  -4.2 3.61e-01    -  1.00e+00 3.96e-01h  1
 356  1.2281673e+01 4.91e-02 1.90e+00  -3.8 2.60e+00    -  1.00e+00 2.57e-01h  1
 357  1.2246331e+01 6.61e-02 3.48e+00  -3.4 4.93e+00    -  6.21e-01 1.89e-01h  2
 358  1.2245889e+01 1.55e-01 3.60e+00  -3.2 7.05e+00    -  2.41e-01 1.40e-01h  2
 359  1.2159594e+01 1.47e-01 3.53e+00  -4.1 8.73e+00    -  2.79e-01 5.70e-02h  3
iter    objective    inf_pr   inf_du lg(mu)  ||d||  lg(rg) alpha_du alpha_pr  ls
 360  1.2019619e+01 1.91e-01 1.94e+00  -4.8 2.76e+00    -  2.26e-01 4.12e-01h  1
 361  1.1931230e+01 1.86e-01 2.37e+00  -3.8 5.20e+00    -  4.34e-01 4.59e-02h  1
 362  1.1784498e+01 1.40e-01 1.55e+00  -4.0 9.58e-01    -  3.96e-01 2.65e-01h  1
 363  1.1957483e+01 3.29e-02 6.92e-01  -3.5 5.01e-01    -  7.40e-01 9.35e-01h  1
 364  1.1835945e+01 2.51e-02 9.58e-01  -3.8 3.33e-01    -  6.23e-01 2.41e-01h  1
 365  1.1669768e+01 9.50e-03 2.34e+00  -3.7 2.10e-01    -  1.00e+00 7.26e-01h  1
 366  1.1587084e+01 1.88e-02 5.43e-01  -4.2 3.11e-01    -  1.00e+00 7.30e-01h  1
 367  1.1562440e+01 1.40e-02 2.09e+00  -3.8 2.13e+00    -  1.00e+00 3.36e-01h  2
 368  1.1965133e+01 1.02e-01 2.11e+00  -3.1 4.20e+00    -  2.83e-01 2.69e-01f  1
 369  1.2030982e+01 1.00e-01 2.26e+00  -3.6 1.68e+00    -  2.74e-01 5.26e-01h  1
iter    objective    inf_pr   inf_du lg(mu)  ||d||  lg(rg) alpha_du alpha_pr  ls
 370  1.1826328e+01 6.74e-02 1.18e+00  -3.6 1.14e+00    -  3.35e-01 5.51e-01h  1
 371  1.1618605e+01 5.37e-02 3.17e+00  -3.6 6.39e-01    -  5.07e-01 2.09e-01f  1
 372  1.1400939e+01 3.16e-02 1.97e+00  -3.6 8.92e-01    -  5.66e-01 6.55e-01h  1
 373  1.1373422e+01 3.18e-02 3.27e+00  -3.6 2.77e+00    -  1.00e+00 1.59e-01h  2
 374  1.2323757e+01 1.03e-02 9.36e-01  -3.3 1.80e+00    -  9.71e-01 1.00e+00H  1
 375  1.1812144e+01 8.40e-03 2.43e+00  -3.4 9.70e-01    -  1.00e+00 5.00e-01f  2
 376  1.1377283e+01 2.08e-02 1.30e+01  -3.4 8.57e-01    -  9.28e-02 5.65e-01f  1
 377  1.1762008e+01 7.78e-04 3.27e-01  -3.2 3.75e-01    -  1.00e+00 1.00e+00H  1
 378  1.1337816e+01 7.74e-03 4.08e-01  -3.6 3.01e-01    -  9.97e-01 7.77e-01f  1
 379  1.1799672e+01 5.07e-02 6.18e-01  -3.0 6.53e-01    -  1.00e+00 1.00e+00h  1
iter    objective    inf_pr   inf_du lg(mu)  ||d||  lg(rg) alpha_du alpha_pr  ls
 380  1.2040977e+01 3.10e-02 1.10e+00  -3.1 8.82e-01    -  8.20e-01 3.96e-01h  1
 381  1.1607612e+01 6.20e-03 2.49e-01  -3.1 3.02e-01    -  1.00e+00 1.00e+00f  1
 382  1.1603883e+01 1.65e-03 1.63e-01  -3.1 9.58e-02    -  1.00e+00 1.00e+00h  1
 383  1.1341094e+01 1.53e-02 1.43e-01  -3.3 1.09e-01    -  1.00e+00 1.00e+00h  1
 384  1.1125423e+01 3.43e-02 2.84e-01  -3.8 7.01e-01    -  1.00e+00 5.15e-01h  1
 385  1.1092884e+01 2.48e-02 7.75e-01  -3.4 1.30e+00    -  1.00e+00 2.51e-01h  1
 386  1.1478496e+01 1.49e-01 1.35e+00  -3.0 7.54e+00    -  3.47e-01 2.73e-01f  1
 387  1.1766920e+01 9.33e-02 1.60e+00  -3.3 4.67e+00    -  3.19e-01 3.44e-01H  1
 388  1.3860804e+01 3.97e-02 2.11e+00  -3.3 2.25e+00    -  9.27e-01 9.97e-01H  1
 389  1.1487153e+01 9.05e-02 1.64e+00  -3.3 1.94e+00    -  7.56e-02 6.39e-01f  1
iter    objective    inf_pr   inf_du lg(mu)  ||d||  lg(rg) alpha_du alpha_pr  ls
 390  1.1522564e+01 5.08e-02 4.38e+00  -3.3 1.30e+00    -  1.27e-01 6.11e-01h  1
 391  1.0928598e+01 6.78e-02 4.86e-01  -3.3 8.94e-01    -  1.00e+00 1.00e+00f  1
 392  1.0911812e+01 3.02e-02 1.04e+00  -3.7 7.09e-01    -  1.00e+00 5.47e-01h  1
 393  1.0605718e+01 4.77e-03 3.82e-01  -3.9 2.03e-01    -  1.00e+00 9.13e-01h  1
 394  1.0502034e+01 2.94e-03 4.41e-01  -4.0 1.43e-01    -  1.00e+00 7.68e-01h  1
 395  1.0479460e+01 4.61e-03 1.06e-01  -3.7 1.90e-01    -  1.00e+00 1.00e+00h  1
 396  1.0398095e+01 1.02e-02 9.91e-01  -4.0 9.53e-01    -  1.00e+00 4.43e-01h  1
 397  1.0365585e+01 7.88e-02 1.31e+00  -3.7 4.99e+00    -  1.00e+00 2.85e-01h  1
 398  1.0415440e+01 8.35e-02 1.47e+00  -3.4 1.51e+01    -  3.18e-01 1.17e-01h  2
 399  1.0388001e+01 1.08e-01 1.83e+00  -3.7 1.21e+01    -  2.60e-01 1.10e-01h  2
iter    objective    inf_pr   inf_du lg(mu)  ||d||  lg(rg) alpha_du alpha_pr  ls
 400  1.0339299e+01 1.37e-01 2.07e+00  -3.7 1.40e+01    -  2.57e-01 8.52e-02h  3
 401  1.0255944e+01 1.60e-01 3.02e+00  -3.4 1.84e+01    -  3.76e-01 7.39e-02h  3
 402  1.0777090e+01 1.04e-01 2.73e+00  -2.9 1.27e+01    -  1.55e-01 1.65e-01f  1
 403  1.1569878e+01 9.10e-02 2.42e+00  -3.5 1.94e+00    -  4.76e-01 7.03e-01h  1
 404  1.0662422e+01 5.88e-02 1.97e+00  -3.5 6.01e-01    -  3.03e-01 3.57e-01f  1
 405  1.0128568e+01 2.39e-02 3.92e-01  -3.5 4.36e-01    -  1.00e+00 8.90e-01f  1
 406  9.9947019e+00 2.89e-03 7.71e-02  -3.8 1.92e-01    -  1.00e+00 1.00e+00h  1
 407  9.8579886e+00 8.18e-03 5.61e-01  -4.2 3.52e-01    -  1.00e+00 7.19e-01h  1
 408  9.8019959e+00 3.19e-02 1.77e+00  -3.8 1.09e+00    -  1.00e+00 5.98e-01h  1
 409  9.8032848e+00 2.00e-02 5.92e-01  -3.5 1.52e+00    -  8.13e-01 2.91e-01h  1
iter    objective    inf_pr   inf_du lg(mu)  ||d||  lg(rg) alpha_du alpha_pr  ls
 410  1.0142435e+01 1.10e-03 5.05e-01  -3.8 7.41e-01    -  1.00e+00 9.50e-01H  1
 411  9.6795738e+00 2.47e-02 2.60e-01  -4.2 3.67e-01    -  1.00e+00 7.68e-01f  1
 412  9.6639534e+00 4.78e-04 8.91e-02  -3.9 2.09e-01    -  1.00e+00 1.00e+00h  1
 413  9.6123437e+00 1.72e-03 9.70e-01  -4.5 3.53e-01    -  1.00e+00 4.35e-01h  1
 414  9.5917784e+00 4.16e-03 3.82e-01  -4.2 1.29e+00    -  1.00e+00 2.30e-01h  2
 415  9.5874857e+00 1.49e-02 8.13e-01  -3.9 2.34e+00    -  9.05e-01 2.09e-01h  1
 416  9.5755563e+00 1.35e-02 2.21e+00  -3.9 3.69e+00    -  9.92e-01 1.12e-01h  3
 417  9.5756856e+00 1.16e-02 1.59e+00  -4.0 2.86e+00    -  7.61e-01 1.55e-01h  3
 418  9.5998639e+00 6.87e-03 7.14e-01  -4.0 1.85e+00    -  6.09e-01 5.70e-01H  1
 419  9.5465684e+00 8.52e-03 8.86e-01  -4.0 3.82e+00    -  6.29e-01 1.39e-01h  1
iter    objective    inf_pr   inf_du lg(mu)  ||d||  lg(rg) alpha_du alpha_pr  ls
 420  9.6690686e+00 1.46e-01 1.32e+00  -2.9 1.10e+01    -  9.27e-02 1.13e-01f  1
 421  9.5857409e+00 1.27e-01 1.57e+00  -3.8 7.74e+00    -  2.94e-01 1.18e-01h  1
 422  9.5636718e+00 1.11e-01 1.67e+00  -3.8 6.06e+00    -  3.25e-01 1.25e-01h  1
 423  9.8919848e+00 7.71e-02 7.64e-01  -3.8 1.91e+00    -  7.96e-01 8.52e-01h  1
 424  9.6289670e+00 4.96e-02 8.77e-01  -3.8 1.93e+00    -  6.69e-01 3.44e-01h  1
 425  9.4864053e+00 4.60e-02 8.50e-01  -3.8 2.16e+00    -  1.83e-01 7.64e-02h  1
 426  9.3035322e+00 3.22e-02 4.21e-01  -4.3 9.80e-01    -  4.41e-01 4.42e-01h  1
 427  9.5483895e+00 2.49e-02 2.25e-01  -3.5 5.12e-01    -  7.48e-01 7.37e-01h  1
 428  9.3163576e+00 7.88e-03 1.51e-01  -3.6 2.75e-01    -  1.00e+00 9.37e-01h  1
 429  9.2395544e+00 1.11e-02 1.42e-01  -4.0 3.73e-01    -  1.00e+00 1.00e+00h  1
iter    objective    inf_pr   inf_du lg(mu)  ||d||  lg(rg) alpha_du alpha_pr  ls
 430  9.1880243e+00 5.35e-03 1.64e-01  -4.0 3.74e-01    -  1.00e+00 9.63e-01h  1
 431  9.1350674e+00 1.82e-03 9.81e-01  -4.3 2.41e-01    -  9.03e-01 4.93e-01h  1
 432  9.1652111e+00 3.05e-03 5.37e-02  -3.9 1.09e-01    -  1.00e+00 1.00e+00h  1
 433  9.1100683e+00 3.84e-03 3.79e-01  -4.4 2.61e-01    -  1.00e+00 7.23e-01h  1
 434  9.1090563e+00 2.54e-03 6.69e-01  -4.1 6.96e-01    -  1.00e+00 5.08e-01H  1
 435  9.0869008e+00 3.77e-03 3.45e-01  -4.2 9.17e-01    -  1.00e+00 6.28e-01h  1
 436  9.1132345e+00 6.33e-03 1.94e+00  -4.0 2.84e+00    -  8.21e-01 2.98e-01h  2
 437  1.0034789e+01 1.92e-02 9.78e-01  -4.1 1.76e+00    -  5.69e-01 1.00e+00H  1
 438  9.1646697e+00 4.13e-03 3.08e-01  -4.1 1.12e+00    -  9.30e-01 8.61e-01F  1
 439  9.0581122e+00 3.60e-03 4.70e-01  -4.9 6.23e-01    -  4.03e-01 1.32e-01f  1
iter    objective    inf_pr   inf_du lg(mu)  ||d||  lg(rg) alpha_du alpha_pr  ls
 440  8.9912788e+00 2.94e-02 4.83e+00  -4.4 7.85e-01    -  1.00e+00 4.30e-01h  1
 441  8.9840271e+00 2.49e-02 6.13e-01  -4.0 4.81e+00    -  7.34e-01 1.56e-01h  2
 442  8.9644205e+00 2.25e-02 1.52e+00  -4.3 7.09e+00    -  4.51e-01 9.69e-02h  2
 443  9.0705056e+00 3.46e-02 1.47e+00  -3.7 1.14e+01    -  3.97e-01 1.95e-01h  1
 444  9.0467661e+00 3.39e-02 1.42e+00  -4.0 1.11e+01    -  8.84e-02 2.92e-02h  1
 445  8.9939012e+00 1.83e-01 1.41e+00  -4.0 3.06e+01    -  1.69e-01 5.01e-02f  2
 446  8.9412937e+00 1.73e-01 1.44e+00  -4.0 2.25e+01    -  1.53e-01 5.47e-02h  2
 447  8.9266743e+00 1.60e-01 1.73e+00  -3.2 2.19e+01    -  1.43e-01 7.47e-02f  1
 448  8.9576370e+00 1.50e-01 1.70e+00  -3.2 2.14e+01    -  1.46e-01 6.15e-02h  3
 449  9.4083131e+00 8.89e-02 1.17e+00  -3.7 5.82e+00    -  4.51e-01 3.91e-01h  1
iter    objective    inf_pr   inf_du lg(mu)  ||d||  lg(rg) alpha_du alpha_pr  ls
 450  9.2791554e+00 1.15e-01 1.31e+00  -3.7 4.53e+00    -  2.22e-01 7.52e-01F  1
 451  9.0571523e+00 1.03e-01 1.38e+00  -3.7 3.98e+00    -  1.40e-01 1.07e-01f  1
 452  8.8058356e+00 5.32e-02 1.04e+00  -3.7 7.37e-01    -  3.46e-01 4.81e-01h  1
 453  8.7133438e+00 3.63e-02 1.45e+00  -4.0 1.30e+00    -  5.58e-01 3.18e-01h  1
 454  8.9485549e+00 1.45e-02 4.64e-01  -3.6 5.23e-01    -  1.00e+00 7.89e-01h  1
 455  8.6315960e+00 7.38e-03 1.10e-01  -4.1 2.34e-01    -  1.00e+00 9.45e-01h  1
 456  8.5756000e+00 2.88e-03 1.13e+00  -4.5 2.80e-01    -  9.99e-01 6.33e-01h  1
 457  8.5140088e+00 7.39e-03 3.41e+00  -4.2 8.87e-01    -  1.00e+00 3.71e-01h  1
 458  8.6848368e+00 3.50e-03 2.74e-01  -4.0 1.89e+00    -  1.00e+00 1.00e+00H  1
 459  8.6327194e+00 6.63e-03 4.25e-01  -4.1 2.79e+00    -  6.81e-01 2.67e-01h  2
iter    objective    inf_pr   inf_du lg(mu)  ||d||  lg(rg) alpha_du alpha_pr  ls
 460  8.6366421e+00 9.92e-03 1.23e+00  -4.1 7.29e-01    -  3.14e-01 4.66e-01f  1
 461  8.4623497e+00 7.40e-03 2.83e+00  -4.1 8.55e-01    -  3.36e-01 8.88e-01f  1
 462  8.4438544e+00 6.50e-03 2.60e+00  -4.2 7.30e-01    -  7.19e-01 1.47e-01h  1
 463  8.4075977e+00 3.57e-03 1.10e-01  -4.4 2.95e-01    -  1.00e+00 9.84e-01h  1
 464  8.4892582e+00 8.88e-04 1.08e-01  -4.1 7.67e-01    -  1.00e+00 8.37e-01H  1
 465  8.5973290e+00 1.77e-02 5.87e-01  -3.8 4.97e-01    -  8.03e-01 1.00e+00f  1
 466  8.5174671e+00 8.79e-03 8.31e-01  -4.0 5.40e-01    -  3.27e-01 9.80e-01h  1
 467  8.4192512e+00 4.40e-03 6.39e-01  -4.0 2.62e-01    -  1.00e+00 6.90e-01h  1
 468  8.4232623e+00 1.16e-03 3.07e-02  -4.0 4.14e-01    -  1.00e+00 1.00e+00h  1
 469  8.3765491e+00 9.19e-03 3.83e-01  -4.2 1.05e+00    -  9.98e-01 7.34e-01h  1
iter    objective    inf_pr   inf_du lg(mu)  ||d||  lg(rg) alpha_du alpha_pr  ls
 470  8.4817512e+00 1.94e-02 3.70e-01  -3.7 4.02e+00    -  5.78e-01 3.71e-01h  1
 471  8.6754618e+00 1.38e-02 4.16e-01  -4.0 4.48e+00    -  4.74e-01 4.58e-01H  1
 472  8.5691477e+00 1.04e-02 5.42e-01  -4.0 6.72e-01    -  3.23e-01 2.50e-01f  3
 473  8.3644929e+00 7.03e-03 1.94e+00  -4.0 1.06e+00    -  5.06e-01 6.88e-01h  1
 474  8.4042458e+00 1.21e-02 2.64e+00  -4.0 1.23e+00    -  1.00e+00 4.96e-01h  1
 475  8.2902952e+00 1.36e-02 8.24e-01  -4.1 1.69e+00    -  1.00e+00 7.34e-01h  1
 476  8.2838596e+00 1.31e-02 1.01e+00  -3.9 1.47e+01    -  3.05e-01 8.77e-02h  2
 477  8.2817940e+00 1.22e-02 8.53e-01  -4.1 5.77e+00    -  8.50e-01 9.88e-02h  4
 478  8.2664007e+00 2.20e-02 6.27e-01  -4.1 1.04e+00    -  9.94e-01 6.48e-01h  1
 479  8.2552271e+00 1.51e-02 4.42e-01  -3.9 2.26e+00    -  7.09e-01 3.07e-01h  2
iter    objective    inf_pr   inf_du lg(mu)  ||d||  lg(rg) alpha_du alpha_pr  ls
 480  8.2952628e+00 1.10e-02 4.51e-01  -3.7 3.79e+00    -  4.19e-01 2.53e-01h  2
 481  8.2683026e+00 9.24e-03 5.42e-01  -3.9 1.03e+01    -  6.62e-01 1.40e-01h  3
 482  8.2475285e+00 1.82e-02 6.76e-01  -3.9 5.79e+01    -  1.70e-01 3.78e-02h  3
 483  8.2261131e+00 5.05e-02 1.19e+00  -3.9 1.05e+02    -  1.32e-01 4.35e-02h  2
 484  8.3239412e+00 1.16e-01 1.90e+00  -3.3 1.61e+02    -  1.56e-01 4.25e-02f  2
 485  8.2982721e+00 1.19e-01 2.06e+00  -3.8 1.02e+02    -  1.21e-01 1.53e-02h  4
 486  8.2609211e+00 1.38e-01 2.32e+00  -3.8 7.24e+01    -  1.96e-01 5.04e-02h  3
 487  8.2200763e+00 1.38e-01 2.40e+00  -3.8 8.35e+01    -  1.07e-01 1.93e-02h  4
 488  8.2030199e+00 1.39e-01 2.61e+00  -3.5 5.91e+01    -  1.46e-01 6.34e-02h  2
 489  9.3596415e+00 1.62e-01 2.64e+00  -2.7 3.99e+01    -  1.02e-01 8.13e-02f  2
iter    objective    inf_pr   inf_du lg(mu)  ||d||  lg(rg) alpha_du alpha_pr  ls
 490  8.9572963e+00 1.28e-01 2.12e+00  -3.5 1.78e+00    -  5.98e-01 2.16e-01h  1
 491  8.3343252e+00 8.27e-02 1.12e+00  -3.5 3.75e+00    -  4.61e-01 4.21e-01h  1
 492  8.2228864e+00 7.22e-02 9.85e-01  -3.5 1.52e+00    -  5.48e-01 1.25e-01h  1
 493  7.9925641e+00 1.43e-02 1.17e-01  -4.1 9.00e-01    -  1.00e+00 9.98e-01h  1
 494  8.4845676e+00 7.32e-03 2.27e-01  -3.5 3.41e+00    -  8.45e-01 1.00e+00H  1
 495  8.3743755e+00 7.97e-03 1.15e+00  -3.6 2.99e+00    -  1.00e+00 3.75e-01f  1
 496  8.2215870e+00 4.56e-02 2.30e+00  -3.6 2.19e+00    -  3.78e-01 6.52e-01f  1
 497  8.0624254e+00 1.10e-02 3.36e-01  -3.6 8.89e-01    -  9.73e-01 7.60e-01f  1
 498  8.1964975e+00 1.51e-02 1.29e-01  -3.4 6.95e-01    -  1.00e+00 1.00e+00f  1
 499  8.1086433e+00 2.65e-03 5.63e-02  -3.5 5.63e-01    -  9.76e-01 9.55e-01h  1
iter    objective    inf_pr   inf_du lg(mu)  ||d||  lg(rg) alpha_du alpha_pr  ls
 500  7.9429252e+00 1.25e-02 1.63e-01  -3.9 2.18e-01    -  9.97e-01 8.97e-01h  1
 501  7.8411572e+00 1.60e-03 1.13e-01  -4.0 1.34e-01    -  1.00e+00 9.78e-01h  1
 502  7.7732735e+00 1.56e-03 4.12e-01  -4.4 8.73e-02    -  1.00e+00 8.52e-01h  1
 503  7.7374251e+00 2.07e-03 2.69e-01  -4.2 3.09e-01    -  1.00e+00 7.66e-01h  1
 504  7.6990300e+00 1.79e-03 9.52e-02  -4.5 1.01e-01    -  1.00e+00 7.10e-01h  1
 505  7.6789305e+00 1.22e-03 3.19e-01  -4.6 8.82e-02    -  1.00e+00 6.30e-01h  1
 506  7.6651164e+00 7.72e-04 5.11e-01  -4.7 6.62e-02    -  1.00e+00 6.36e-01h  1
 507  7.6573281e+00 1.07e-03 9.40e-01  -4.9 2.03e-01    -  1.00e+00 2.21e-01h  1
 508  7.6497682e+00 4.71e-02 8.15e-01  -4.6 4.40e-01    -  9.22e-01 2.36e-01h  1
 509  7.6423376e+00 3.98e-02 4.41e-01  -4.6 9.98e-01    -  5.43e-01 1.56e-01h  1
iter    objective    inf_pr   inf_du lg(mu)  ||d||  lg(rg) alpha_du alpha_pr  ls
 510  7.6379982e+00 3.10e-02 6.44e-01  -4.6 1.87e+00    -  5.10e-01 2.27e-01h  1
 511  7.6782697e+00 2.41e-02 4.93e-01  -3.9 2.02e+00    -  2.11e-01 2.25e-01h  1
 512  7.6501326e+00 1.47e-02 1.01e+00  -4.4 1.42e+00    -  9.36e-01 2.92e-01h  1
 513  7.7293662e+00 1.04e-02 4.36e-01  -4.4 1.75e+00    -  4.52e-01 3.34e-01H  1
 514  7.6637139e+00 7.63e-03 3.69e-01  -4.4 2.23e-01    -  7.69e-01 9.62e-01h  1
 515  7.6191866e+00 4.32e-03 5.22e-01  -4.4 1.49e-01    -  5.43e-01 4.37e-01f  1
 516  7.5851113e+00 1.36e-03 5.18e-01  -4.9 8.73e-02    -  1.00e+00 6.82e-01h  1
 517  7.5714980e+00 7.39e-04 2.14e-01  -5.2 1.36e-01    -  1.00e+00 4.89e-01h  1
 518  7.5638342e+00 7.32e-03 2.68e-01  -4.8 5.81e-01    -  1.00e+00 3.16e-01h  1
 519  7.5564650e+00 5.64e-03 6.97e-01  -4.9 1.14e+00    -  6.51e-01 2.15e-01h  2
iter    objective    inf_pr   inf_du lg(mu)  ||d||  lg(rg) alpha_du alpha_pr  ls
 520  7.5503386e+00 8.54e-03 5.05e-01  -4.6 2.78e+00    -  6.11e-01 2.77e-01h  1
 521  7.5462637e+00 8.07e-03 8.09e-01  -4.4 4.48e+00    -  3.74e-01 5.29e-02h  2
 522  7.5339256e+00 6.14e-03 9.10e-01  -4.9 1.92e+00    -  5.26e-01 2.15e-01h  1
 523  7.5309416e+00 4.90e-03 9.22e-01  -4.7 2.12e+00    -  4.47e-01 1.64e-01h  2
 524  7.5242599e+00 5.23e-03 1.57e+00  -4.3 2.74e+00    -  5.51e-01 1.63e-01h  2
 525  7.5543278e+00 5.55e-03 9.70e-01  -4.6 1.86e+00    -  5.99e-01 4.25e-01H  1
 526  7.5569703e+00 4.81e-03 9.31e-01  -4.7 1.10e+00    -  8.44e-01 4.80e-01h  1
 527  7.5369504e+00 4.47e-03 7.01e-01  -4.8 1.33e+00    -  5.84e-01 8.36e-02h  1
 528  7.5138273e+00 3.17e-03 3.04e-01  -4.3 3.57e-01    -  5.27e-01 3.45e-01f  2
 529  7.5234402e+00 2.02e-03 2.01e-01  -4.1 5.23e-01    -  1.00e+00 9.11e-01h  1
iter    objective    inf_pr   inf_du lg(mu)  ||d||  lg(rg) alpha_du alpha_pr  ls
 530  7.6181431e+00 5.46e-04 5.98e-02  -4.3 6.81e-01    -  8.03e-01 8.56e-01H  1
 531  7.5046009e+00 7.65e-04 3.10e-02  -4.3 2.36e-01    -  1.00e+00 1.00e+00f  1
 532  7.4919644e+00 1.94e-04 2.36e-02  -4.4 6.29e-02    -  9.97e-01 1.00e+00h  1
 533  7.4732959e+00 1.29e-04 1.47e-01  -5.1 2.38e-02    -  1.00e+00 8.60e-01h  1
 534  7.4658460e+00 1.92e-04 3.08e-01  -4.8 2.01e-01    -  1.00e+00 4.33e-01h  1
 535  7.4627422e+00 1.14e-03 2.80e-01  -4.5 2.21e+00    -  6.00e-01 2.38e-01h  2
 536  7.4668060e+00 2.48e-02 5.58e-01  -4.4 4.47e+00    -  7.86e-01 2.07e-01h  2
 537  7.4619025e+00 2.35e-02 3.47e-01  -4.5 1.02e+01    -  3.16e-01 6.45e-02h  3
 538  7.4610006e+00 2.18e-02 3.84e-01  -4.2 1.16e+01    -  2.50e-01 7.30e-02h  3
 539  7.4551154e+00 5.02e-02 5.17e-01  -5.0 1.36e+01    -  1.52e-01 1.23e-01h  2
iter    objective    inf_pr   inf_du lg(mu)  ||d||  lg(rg) alpha_du alpha_pr  ls
 540  7.4623124e+00 4.93e-02 6.25e-01  -3.9 2.86e+01    -  1.48e-01 4.59e-02h  2
 541  7.4502858e+00 4.76e-02 6.76e-01  -4.4 1.57e+01    -  2.21e-01 4.76e-02h  2
 542  7.4693727e+00 4.43e-02 5.53e+01  -3.8 1.54e+01    -  2.16e-01 1.14e-01h  1
 543  7.4649583e+00 2.43e-01 7.14e-01  -4.2 8.05e+00    -  2.94e-01 1.88e-01h  2
 544  7.4425670e+00 2.08e-01 6.62e-01  -4.2 6.36e+00    -  1.93e-01 1.42e-01h  2
 545  7.5375992e+00 1.28e-01 5.01e-01  -3.9 3.74e+00    -  4.65e-01 3.84e-01h  1
 546  7.5369424e+00 6.64e-02 1.45e+00  -4.2 7.08e-01    -  5.74e-01 4.83e-01h  1
 547  7.4474934e+00 4.66e-02 1.96e+00  -4.2 4.46e-01    -  5.46e-01 2.94e-01h  1
 548  7.5536897e+00 2.24e-02 1.85e+01  -3.8 1.13e+00    -  3.80e-01 1.00e+00f  1
 549  7.5273172e+00 1.42e-02 9.08e+00  -4.0 3.11e+00    -  7.65e-01 4.24e-01h  1
iter    objective    inf_pr   inf_du lg(mu)  ||d||  lg(rg) alpha_du alpha_pr  ls
 550  7.5152386e+00 8.80e-03 5.80e+00  -4.0 5.27e+00    -  5.67e-01 3.61e-01h  1
 551  7.4779504e+00 7.52e-03 4.88e+00  -4.0 3.54e+00    -  3.80e-01 1.59e-01h  2
 552  7.4666726e+00 8.16e-03 9.82e-01  -4.0 1.19e+00    -  4.45e-01 1.00e+00h  1
 553  7.5003091e+00 5.10e-03 3.99e-01  -4.0 1.64e+00    -  5.12e-01 6.07e-01h  1
 554  7.4238143e+00 2.06e-03 1.32e-01  -4.0 1.01e+00    -  9.03e-01 7.40e-01f  1
 555  7.4135736e+00 4.09e-03 1.06e-01  -4.0 1.87e+00    -  7.12e-01 6.48e-01f  1
 556  7.7924704e+00 2.95e-03 2.79e-01  -4.0 2.07e+00    -  9.36e-01 8.61e-01H  1
 557  7.4437106e+00 4.83e-03 1.17e-01  -4.1 1.15e+00    -  1.00e+00 1.00e+00f  1
 558  7.3885905e+00 7.75e-03 1.84e+00  -4.1 9.13e-01    -  2.91e-01 5.67e-01h  1
 559  7.4127897e+00 5.75e-03 1.19e-01  -3.8 4.41e-01    -  1.00e+00 1.00e+00f  1
iter    objective    inf_pr   inf_du lg(mu)  ||d||  lg(rg) alpha_du alpha_pr  ls
 560  7.4169864e+00 1.23e-03 4.97e-02  -3.9 4.98e-01    -  1.00e+00 1.00e+00h  1
 561  7.3632538e+00 5.68e-03 2.42e-01  -4.1 1.15e-01    -  9.20e-01 1.00e+00h  1
 562  7.3394143e+00 5.48e-03 3.17e-02  -4.1 1.84e-01    -  1.00e+00 1.00e+00h  1
 563  7.2973776e+00 4.83e-03 1.19e-01  -4.7 4.31e-02    -  1.00e+00 8.37e-01h  1
 564  7.2731593e+00 3.93e-03 8.18e-02  -4.4 2.00e-01    -  1.00e+00 6.72e-01h  1
 565  7.2690586e+00 8.28e-04 1.79e-01  -4.4 1.99e-01    -  1.00e+00 7.89e-01h  1
 566  7.2471523e+00 2.49e-03 1.81e-01  -5.0 2.17e-01    -  1.00e+00 6.33e-01h  1
 567  7.2520353e+00 6.27e-05 5.66e-02  -4.7 2.59e-01    -  1.00e+00 1.00e+00H  1
 568  7.2344169e+00 2.89e-04 4.08e-01  -5.3 1.46e-01    -  1.00e+00 4.33e-01h  1
 569  7.2229845e+00 2.72e-03 5.22e-01  -5.3 2.27e-01    -  1.00e+00 4.25e-01h  1
iter    objective    inf_pr   inf_du lg(mu)  ||d||  lg(rg) alpha_du alpha_pr  ls
 570  7.2177453e+00 1.31e-03 1.68e-01  -5.3 3.58e-01    -  1.00e+00 7.19e-01h  1
 571  7.2148528e+00 3.97e-03 1.01e-01  -5.0 9.08e-01    -  5.86e-01 4.08e-01h  1
 572  7.2094988e+00 3.39e-03 1.16e-01  -4.8 2.39e+00    -  4.29e-01 1.37e-01h  1
 573  7.2084621e+00 4.85e-03 1.77e-01  -4.7 2.21e+00    -  3.65e-01 1.80e-01h  1
 574  7.2014993e+00 5.21e-03 1.95e-01  -4.8 1.43e+00    -  4.28e-01 1.86e-01h  2
 575  7.2077237e+00 7.31e-03 6.18e-01  -4.6 2.59e+00    -  7.15e-01 2.53e-01h  2
 576  7.2025162e+00 1.66e-02 4.48e-01  -4.8 2.73e+00    -  3.36e-01 1.73e-01h  2
 577  7.1879953e+00 1.35e-02 5.32e-01  -4.8 4.47e+00    -  2.08e-01 1.13e-01h  1
 578  7.1821089e+00 1.31e-02 5.03e-01  -4.2 8.58e+00    -  1.53e-01 8.91e-02f  2
 579  7.1955079e+00 1.40e-02 4.75e-01  -4.2 5.12e+00    -  2.74e-01 1.27e-01h  2
iter    objective    inf_pr   inf_du lg(mu)  ||d||  lg(rg) alpha_du alpha_pr  ls
 580  7.1896033e+00 1.72e-02 4.56e-01  -4.6 3.82e+00    -  2.66e-01 2.77e-01h  1
 581  7.1877575e+00 1.44e-02 4.17e-01  -4.6 2.29e+00    -  2.47e-01 1.68e-01h  2
 582  7.1573725e+00 2.36e-02 7.31e+03  -4.6 1.49e+00    -  7.21e-01 4.70e-01h  1
 583  7.2152545e+00 7.19e-01 1.41e+04  -4.0 4.05e-01    -  7.42e-01 4.71e-01h  2
 584  7.1711000e+00 1.65e-01 8.16e+03  -4.2 1.26e-01    -  1.00e+00 7.71e-01h  1
 585  7.1461511e+00 8.32e-04 1.72e+03  -4.7 1.29e-01    -  1.00e+00 9.98e-01h  1
 586  7.1292513e+00 4.62e-03 2.38e+01  -5.5 3.28e-01    -  8.51e-01 4.63e-01h  1
 587  7.1172957e+00 3.86e-03 5.09e+00 -11.0 1.95e+00    -  3.18e-02 1.66e-01h  1
 588  7.1251436e+00 3.69e-03 4.83e+00  -4.3 2.08e+00    -  1.44e-01 4.46e-02h  2
 589  7.1195124e+00 3.18e-03 4.59e+00  -5.0 6.36e-01    -  7.93e-01 1.40e-01h  1
iter    objective    inf_pr   inf_du lg(mu)  ||d||  lg(rg) alpha_du alpha_pr  ls
 590  7.1163105e+00 2.76e-03 3.59e+00  -5.0 3.16e+00    -  4.73e-01 1.58e-01f  1
 591  7.1080156e+00 3.20e-03 2.59e+00  -5.6 1.62e+00    -  5.84e-01 2.83e-01h  1
 592  7.0995270e+00 3.48e-03 1.84e+00  -5.2 2.70e+00    -  4.08e-01 3.05e-01h  1
 593  7.0919679e+00 4.20e-03 1.55e+00  -5.0 4.50e+00    -  2.38e-01 1.41e-01h  1
 594  7.0914998e+00 4.67e-03 1.24e+00  -4.7 1.59e+00    -  2.03e-01 1.99e-01h  1
 595  7.0912137e+00 2.16e-03 5.16e-01  -4.5 2.24e-01    -  5.43e-01 5.82e-01h  1
 596  7.0813058e+00 1.59e-03 8.69e-01  -4.4 1.55e-01    -  1.00e+00 4.36e-01h  1
 597  7.0781464e+00 3.25e-03 7.09e-01  -4.4 6.33e-01    -  8.37e-01 1.00e+00h  1
 598  7.1260907e+00 6.11e-03 8.68e-01  -3.9 7.90e+00    -  2.94e-01 1.92e-01h  2
 599  7.1212446e+00 7.05e-03 1.38e+00  -4.3 9.70e+00    -  3.99e-01 8.48e-02h  3
iter    objective    inf_pr   inf_du lg(mu)  ||d||  lg(rg) alpha_du alpha_pr  ls
 600  7.1123320e+00 7.22e-03 1.94e+00  -4.3 1.14e+01    -  3.58e-01 4.55e-02h  4
 601  7.0946964e+00 8.05e-03 2.14e+00  -4.3 6.98e+00    -  4.35e-01 1.14e-01h  3
 602  7.0723768e+00 7.38e-03 2.27e+00  -4.3 6.72e+00    -  3.52e-01 9.08e-02h  3
 603  7.0565139e+00 9.74e-03 2.39e+00  -4.3 1.53e+01    -  3.80e-01 7.66e-02h  3
 604  7.0517880e+00 9.80e-03 2.43e+00  -4.3 1.24e+01    -  5.08e-01 4.57e-02h  4
 605  7.1031978e+00 8.28e-02 1.60e+00  -3.9 1.57e+01    -  4.60e-01 3.22e-01h  1
 606  7.0975053e+00 8.19e-02 1.57e+00  -4.2 6.21e+01    -  1.02e-01 1.02e-02h  4
 607  7.0746541e+00 4.99e-02 1.44e+00  -4.2 2.56e+01    -  3.30e-01 9.80e-02h  2
 608  7.0713559e+00 5.06e-02 1.47e+00  -4.2 9.51e+01    -  6.72e-02 1.86e-02h  3
 609  7.0338498e+00 5.12e-02 1.54e+00  -4.2 3.50e+01    -  1.49e-01 8.78e-02h  2
iter    objective    inf_pr   inf_du lg(mu)  ||d||  lg(rg) alpha_du alpha_pr  ls
 610  7.0671303e+00 6.17e-02 1.67e+00  -3.6 1.28e+02    -  8.44e-02 3.79e-02h  3
 611  7.0436548e+00 6.23e-02 1.69e+00  -4.2 9.70e+01    -  1.09e-01 1.62e-02h  4
 612  7.0157815e+00 6.52e-02 1.72e+00  -4.2 7.43e+01    -  9.19e-02 3.51e-02h  3
 613  7.0162066e+00 8.59e-02 1.80e+00  -3.4 1.69e+02    -  6.30e-02 3.21e-02h  3
 614  6.9914332e+00 8.95e-02 1.83e+00  -4.1 2.39e+02    -  4.45e-02 1.07e-02h  4
 615  7.0083425e+00 9.28e-02 1.83e+00  -3.4 1.34e+02    -  1.06e-01 2.31e-02h  3
 616  6.9657436e+00 9.32e-02 1.85e+00  -4.0 7.07e+01    -  1.10e-01 3.55e-02h  3
 617  7.0833185e+00 9.10e-02 1.85e+00  -4.1 1.99e+01    -  1.14e-01 2.39e-02h  3
 618  6.8441474e+00 1.84e-02 4.15e-01  -4.0 2.08e+00    -  8.55e-01 8.25e-01h  1
 619  7.7630761e+00 2.63e-02 5.29e-01  -3.6 8.56e+00    -  5.50e-01 6.52e-01H  1
iter    objective    inf_pr   inf_du lg(mu)  ||d||  lg(rg) alpha_du alpha_pr  ls
 620  7.2986532e+00 3.47e-02 1.13e+00  -3.8 1.22e+01    -  5.86e-01 5.72e-01f  1
 621  7.1372471e+00 6.50e-02 1.38e+00  -3.8 1.17e+02    -  1.14e-01 4.52e-02f  1
 622  7.2103835e+00 5.64e-02 1.43e+00  -3.8 1.20e+01    -  1.64e-01 1.28e-01h  1
 623  6.9378135e+00 2.23e-02 9.11e-01  -3.8 3.87e+00    -  2.80e-01 1.00e+00h  1
 624  7.0315316e+00 2.29e-02 7.38e-01  -3.3 9.59e+00    -  2.16e-01 1.70e-01f  2
 625  7.0190662e+00 7.19e-03 2.19e-01  -3.8 1.90e+00    -  9.24e-01 8.98e-01h  1
 626  7.0086883e+00 2.03e-02 7.50e-01  -3.3 3.12e+00    -  7.04e-01 4.54e-01f  1
 627  7.0008726e+00 1.30e-02 3.16e-01  -4.1 3.13e+00    -  6.42e-01 4.65e-01h  1
 628  6.9761273e+00 1.66e-02 1.02e-01  -3.7 8.00e-01    -  9.99e-01 1.00e+00h  1
 629  7.0327982e+00 3.93e-02 8.54e-01  -3.4 5.02e-01    -  6.54e-01 1.00e+00f  1
iter    objective    inf_pr   inf_du lg(mu)  ||d||  lg(rg) alpha_du alpha_pr  ls
 630  6.9042865e+00 4.77e-03 3.89e-02  -3.5 5.91e-01    -  1.00e+00 1.00e+00h  1
 631  6.7583021e+00 2.75e-02 1.38e-01  -3.8 4.65e-01    -  9.95e-01 1.00e+00h  1
 632  6.6659814e+00 3.73e-03 1.61e-01  -4.1 3.54e-01    -  1.00e+00 9.89e-01h  1
 633  6.5981625e+00 1.00e-03 8.28e-02  -4.4 1.11e-01    -  1.00e+00 9.11e-01h  1
 634  6.5609294e+00 8.65e-04 6.66e-01  -4.8 2.32e-01    -  1.00e+00 6.23e-01h  1
 635  6.5446122e+00 2.18e-03 5.00e-01  -4.5 1.90e-01    -  1.00e+00 5.30e-01h  1
 636  6.5336326e+00 4.43e-03 3.91e-01  -4.5 1.58e-01    -  1.00e+00 6.43e-01h  1
 637  6.5293548e+00 1.16e-03 8.05e-02  -4.5 1.40e-01    -  1.00e+00 8.46e-01h  1
 638  6.5164239e+00 7.39e-04 3.08e-01  -5.1 1.32e-01    -  1.00e+00 4.29e-01h  1
 639  6.5096838e+00 1.74e-03 2.22e-01  -4.7 2.70e-01    -  7.71e-01 5.54e-01h  1
iter    objective    inf_pr   inf_du lg(mu)  ||d||  lg(rg) alpha_du alpha_pr  ls
 640  6.5051320e+00 1.46e-03 7.12e-01  -4.7 2.77e-01    -  1.00e+00 1.91e-01h  1
 641  6.5052723e+00 1.63e-03 3.18e-01  -4.5 5.70e-01    -  7.82e-01 4.73e-01h  1
 642  6.4982978e+00 5.05e-03 5.40e-01  -4.6 6.57e-01    -  8.93e-01 3.35e-01h  1
 643  6.4910129e+00 3.83e-03 3.19e-01  -4.6 8.15e-01    -  7.70e-01 2.81e-01h  2
 644  6.4804733e+00 4.01e-03 7.91e-01  -4.8 7.49e-01    -  9.18e-01 3.21e-01h  1
 645  6.5152131e+00 4.37e-03 4.78e-01  -4.5 7.67e-01    -  7.16e-01 5.36e-01H  1
 646  6.4979144e+00 7.28e-03 1.89e-01  -4.7 3.14e-01    -  1.00e+00 1.00e+00h  1
 647  6.4674847e+00 3.62e-03 1.21e+00  -4.7 1.90e-01    -  9.80e-01 5.99e-01h  1
 648  6.4658915e+00 5.67e-03 1.95e-02  -4.4 5.90e-02    -  1.00e+00 1.00e+00f  1
 649  6.4553351e+00 5.83e-03 3.47e-02  -4.7 1.25e-01    -  1.00e+00 9.62e-01h  1
iter    objective    inf_pr   inf_du lg(mu)  ||d||  lg(rg) alpha_du alpha_pr  ls
 650  6.4561830e+00 5.16e-03 2.98e-01  -4.5 7.66e-01    -  7.05e-01 2.14e-01h  2
 651  6.4543400e+00 7.29e-03 6.81e-01  -4.6 1.48e+00    -  5.65e-01 2.77e-01h  1
 652  6.4458040e+00 8.86e-03 8.12e-01  -4.9 2.15e+00    -  3.96e-01 1.51e-01h  1
 653  6.4336231e+00 9.12e-03 5.30e-01  -6.0 2.97e+00    -  2.56e-01 8.85e-02h  1
 654  6.4272966e+00 8.12e-03 3.25e-01  -4.9 1.92e+00    -  3.68e-01 1.47e-01h  1
 655  6.4351544e+00 6.57e-03 4.85e-01  -4.5 8.56e-01    -  9.07e-01 3.66e-01h  1
 656  6.5059599e+00 3.71e-03 2.20e-01  -4.3 1.89e-01    -  8.51e-01 1.00e+00h  1
 657  6.4332059e+00 1.34e-03 5.66e-01  -4.4 1.51e-01    -  1.00e+00 7.58e-01h  1
 658  6.4180848e+00 3.52e-03 3.24e-01  -4.6 1.51e-01    -  1.00e+00 7.11e-01h  1
 659  6.4043753e+00 6.75e-03 1.07e-01  -4.9 3.76e-01    -  1.00e+00 7.20e-01h  1
iter    objective    inf_pr   inf_du lg(mu)  ||d||  lg(rg) alpha_du alpha_pr  ls
 660  6.4530818e+00 1.66e-03 2.30e-01  -4.5 8.54e-01    -  8.06e-01 1.00e+00H  1
 661  6.4385020e+00 3.45e-03 2.48e-01  -4.7 9.71e-01    -  5.24e-01 1.68e-01h  3
 662  6.4077176e+00 2.43e-03 8.12e-01  -4.7 4.66e-01    -  8.15e-01 2.93e-01h  1
 663  6.4015020e+00 2.68e-03 5.08e-01  -4.4 5.30e-01    -  9.97e-01 2.50e-01f  3
 664  6.4632153e+00 6.15e-03 6.72e-02  -4.2 1.65e-01    -  9.46e-01 1.00e+00h  1
 665  6.4328248e+00 1.04e-03 3.74e-02  -4.3 1.79e-01    -  1.00e+00 1.00e+00h  1
 666  6.4056331e+00 3.69e-03 1.41e-01  -4.6 2.28e-01    -  1.00e+00 5.69e-01h  1
 667  6.3910665e+00 2.64e-03 8.89e-02  -4.7 1.57e-01    -  1.00e+00 8.30e-01h  1
 668  6.3839508e+00 2.42e-03 3.52e-02  -4.8 6.93e-02    -  1.00e+00 9.58e-01h  1
 669  6.3714882e+00 2.47e-03 1.23e-02  -5.1 5.97e-02    -  1.00e+00 9.57e-01h  1
iter    objective    inf_pr   inf_du lg(mu)  ||d||  lg(rg) alpha_du alpha_pr  ls
 670  6.3673364e+00 2.46e-04 6.40e-03  -5.1 6.84e-02    -  1.00e+00 9.75e-01h  1
 671  6.3688912e+00 1.11e-03 1.90e-02  -4.9 1.32e-01    -  1.00e+00 9.09e-01h  1
 672  6.3715244e+00 4.59e-04 2.70e-02  -5.0 1.62e-01    -  1.00e+00 9.82e-01h  1
 673  6.3659471e+00 1.58e-03 2.50e-02  -5.0 6.01e-02    -  1.00e+00 1.00e+00f  1
 674  6.3581431e+00 1.50e-04 2.41e-02  -5.2 4.42e-02    -  1.00e+00 9.52e-01h  1
 675  6.3555708e+00 1.16e-04 1.33e-01  -5.8 1.08e-01    -  1.00e+00 4.38e-01h  1
 676  6.3549669e+00 2.77e-04 1.14e-01  -4.9 8.01e-01    -  5.79e-01 1.22e-01h  1
 677  6.3517208e+00 6.80e-03 1.54e-01  -5.1 2.69e+00    -  2.67e-01 2.69e-01h  1
 678  6.3500636e+00 7.46e-03 2.29e-01  -4.7 9.95e+00    -  1.26e-01 4.39e-02h  2
 679  6.3459615e+00 8.21e-03 3.02e-01  -5.1 6.89e+00    -  1.79e-01 7.39e-02h  2
iter    objective    inf_pr   inf_du lg(mu)  ||d||  lg(rg) alpha_du alpha_pr  ls
 680  6.3478689e+00 2.88e-02 4.37e-01  -4.4 1.60e+01    -  1.83e-01 5.56e-02h  2
 681  6.3433127e+00 2.69e-02 5.09e-01  -4.9 1.07e+01    -  1.72e-01 5.55e-02h  2
 682  6.3418212e+00 2.52e-02 5.72e-01  -4.4 1.42e+01    -  1.22e-01 5.85e-02h  2
 683  6.3646832e+00 2.30e-02 6.39e-01  -3.8 1.71e+01    -  1.15e-01 7.18e-02h  1
 684  6.3556464e+00 2.01e-02 6.22e-01  -4.6 6.54e+00    -  2.78e-01 1.59e-01h  2
 685  6.3456802e+00 2.35e-02 6.48e-01  -4.6 1.58e+01    -  1.05e-01 6.98e-02h  2
 686  6.3359112e+00 2.80e-02 6.88e-01  -4.6 1.43e+01    -  1.33e-01 9.23e-02h  2
 687  6.3657368e+00 3.60e-02 8.45e-01  -4.1 1.57e+01    -  2.22e-01 1.17e-01h  1
 688  6.3524562e+00 3.44e-02 7.77e-01  -4.5 8.38e+00    -  1.99e-01 6.95e-02h  3
 689  6.3974292e+00 2.78e-02 6.67e-01  -4.5 4.76e+00    -  2.56e-01 3.24e-01h  1
iter    objective    inf_pr   inf_du lg(mu)  ||d||  lg(rg) alpha_du alpha_pr  ls
 690  6.4096867e+00 2.62e-02 5.47e-01  -4.5 4.66e+00    -  9.94e-02 3.65e-01h  1
 691  6.4023682e+00 1.94e-02 4.90e-01  -4.5 1.30e+00    -  2.50e-01 2.75e-01f  1
 692  6.3156469e+00 5.05e-02 3.47e-01  -4.5 1.18e+00    -  4.18e-01 4.17e-01h  1
 693  6.4031498e+00 2.33e-02 2.42e-01  -3.9 9.93e-01    -  3.64e-01 3.44e-01f  1
 694  6.3007564e+00 5.20e-03 2.47e-02  -4.3 1.36e-01    -  1.00e+00 1.00e+00h  1
 695  6.2816798e+00 4.09e-04 3.84e-02  -4.8 8.25e-02    -  1.00e+00 9.23e-01h  1
 696  6.2630883e+00 7.48e-04 1.63e-01  -5.1 1.90e-01    -  1.00e+00 5.12e-01h  1
 697  6.2544019e+00 5.24e-02 1.51e-01  -4.8 2.44e-01    -  1.00e+00 6.08e-01h  1
 698  6.2699269e+00 5.24e-02 3.61e-02  -4.5 2.27e-01    -  1.00e+00 1.00e+00h  1
 699  6.2724614e+00 5.36e-03 5.24e-02  -4.6 1.22e-01    -  1.00e+00 1.00e+00h  1
iter    objective    inf_pr   inf_du lg(mu)  ||d||  lg(rg) alpha_du alpha_pr  ls
 700  6.2526841e+00 3.79e-04 2.16e-02  -4.6 9.03e-02    -  1.00e+00 9.82e-01h  1
 701  6.2462100e+00 2.46e-04 1.52e-01  -5.2 1.62e-01    -  1.00e+00 3.43e-01h  1
 702  6.2353700e+00 2.54e-03 1.32e-01  -5.3 6.30e-01    -  1.00e+00 5.58e-01h  1
 703  6.2293226e+00 5.44e-03 1.33e-01  -5.0 3.51e+00    -  3.40e-01 1.19e-01h  1
 704  6.2347236e+00 5.04e-03 1.80e-01  -4.3 5.13e+00    -  2.11e-01 8.82e-02h  2
 705  6.2310977e+00 4.19e-03 1.90e-01  -4.9 2.11e+00    -  2.77e-01 1.69e-01h  2
 706  6.2276600e+00 3.85e-03 1.84e-01  -4.9 2.18e+00    -  2.46e-01 2.19e-01h  2
 707  6.2375942e+00 2.67e-03 2.19e-01  -5.0 2.01e+00    -  3.39e-01 3.16e-01H  1
 708  6.2512631e+00 1.39e-02 2.22e-01  -5.0 1.33e+00    -  4.01e-01 5.16e-01H  1
 709  6.2280921e+00 8.21e-03 5.06e-01  -5.0 7.11e-01    -  2.02e-01 3.76e-01h  1
iter    objective    inf_pr   inf_du lg(mu)  ||d||  lg(rg) alpha_du alpha_pr  ls
 710  6.2186493e+00 2.58e-03 4.11e-01  -4.5 1.50e-01    -  4.86e-01 8.74e-01f  1
 711  6.2059169e+00 1.24e-03 2.62e-01  -4.7 4.75e-01    -  1.00e+00 5.74e-01h  1
 712  6.2797965e+00 6.21e-04 4.91e-01  -4.2 6.73e-01    -  5.34e-01 7.93e-01H  1
 713  6.2292095e+00 1.31e-02 3.89e-02  -4.5 4.73e-01    -  1.00e+00 8.62e-01h  1
 714  6.2666824e+00 2.19e-03 2.20e-01  -4.5 2.68e-01    -  6.84e-01 8.31e-01H  1
 715  6.2060174e+00 1.21e-03 1.18e-02  -4.5 1.74e-01    -  1.00e+00 1.00e+00f  1
 716  6.1925051e+00 2.70e-04 1.00e-02  -4.8 7.60e-02    -  1.00e+00 9.85e-01h  1
 717  6.1794122e+00 1.40e-03 9.54e-02  -4.9 7.39e-01    -  9.98e-01 4.80e-01h  1
 718  6.1769220e+00 1.00e-03 4.48e-01  -4.6 3.77e+00    -  5.95e-01 1.56e-01h  2
 719  6.1731687e+00 2.85e-03 6.93e-01  -4.4 1.02e+01    -  2.85e-01 8.76e-02h  2
iter    objective    inf_pr   inf_du lg(mu)  ||d||  lg(rg) alpha_du alpha_pr  ls
 720  6.1775186e+00 3.98e-02 8.33e-01  -4.1 2.44e+01    -  1.94e-01 5.53e-02h  1
 721  6.1729999e+00 3.75e-02 8.61e-01  -4.6 2.17e+01    -  1.95e-01 4.07e-02h  3
 722  6.1662750e+00 3.58e-02 8.56e-01  -4.7 2.40e+01    -  1.53e-01 3.03e-02h  3
 723  6.1681635e+00 3.05e-02 8.01e-01  -4.3 2.80e+01    -  1.45e-01 6.97e-02h  1
 724  6.1681700e+00 3.16e-02 7.43e-01  -4.6 4.58e+01    -  8.37e-02 5.33e-02h  2
 725  6.1580278e+00 3.32e-02 8.02e-01  -4.6 5.33e+01    -  9.82e-02 2.23e-02h  3
 726  6.1533089e+00 5.52e-02 9.74e-01  -4.1 4.93e+01    -  8.34e-02 3.87e-02h  3
 727  6.1699464e+00 5.27e-02 1.09e+00  -3.8 3.17e+01    -  8.48e-02 4.69e-02h  3
 728  6.1601387e+00 4.77e-02 1.21e+00  -4.4 1.82e+01    -  1.81e-01 9.42e-02h  2
 729  6.1424765e+00 5.23e-02 1.38e+00  -4.4 3.58e+01    -  5.47e-02 5.04e-02h  2
iter    objective    inf_pr   inf_du lg(mu)  ||d||  lg(rg) alpha_du alpha_pr  ls
 730  6.1294461e+00 5.04e-02 1.44e+00  -5.2 1.78e+01    -  8.77e-02 3.37e-02h  2
 731  6.2256324e+00 3.03e-02 9.75e-01  -4.1 8.57e-01    -  3.66e-01 3.93e-01h  1
 732  6.0966385e+00 5.49e-03 1.94e-01  -4.4 1.38e+00    -  1.00e+00 1.00e+00h  1
 733  6.2083183e+00 4.87e-03 2.79e-01  -4.1 1.75e+00    -  3.28e-01 3.06e-01H  1
 734  6.0874297e+00 2.52e-03 1.24e-01  -4.4 1.04e+00    -  1.00e+00 1.00e+00h  1
 735  6.3352132e+00 7.21e-02 5.22e-01  -3.7 1.55e+00    -  3.22e-01 4.87e-01f  1
 736  6.1511678e+00 1.49e-02 9.56e-02  -4.1 3.59e-01    -  1.00e+00 1.00e+00h  1
 737  6.1419194e+00 1.04e-02 8.83e-02  -4.1 2.51e-01    -  1.00e+00 1.00e+00h  1
 738  6.1217479e+00 3.65e-03 2.37e-02  -4.1 2.30e-01    -  1.00e+00 1.00e+00h  1
 739  6.0786760e+00 6.21e-03 6.36e-02  -4.6 7.78e-02    -  1.00e+00 9.01e-01h  1
iter    objective    inf_pr   inf_du lg(mu)  ||d||  lg(rg) alpha_du alpha_pr  ls
 740  6.0538548e+00 6.03e-03 6.97e-02  -4.6 5.30e-02    -  1.00e+00 9.63e-01h  1
 741  6.0503606e+00 2.02e-04 2.29e-02  -4.7 5.48e-02    -  1.00e+00 9.75e-01h  1
 742  6.0388494e+00 6.74e-04 1.17e-01  -5.4 3.17e-02    -  1.00e+00 5.60e-01h  1
 743  6.0379548e+00 6.45e-03 2.57e-02  -4.8 1.22e-01    -  1.00e+00 1.00e+00h  1
 744  6.0372790e+00 5.22e-02 1.41e-01  -4.8 2.10e-01    -  1.00e+00 7.15e-01h  1
 745  6.0370484e+00 2.42e-03 2.86e-02  -4.9 1.25e-01    -  1.00e+00 1.00e+00h  1
 746  6.0244437e+00 3.34e-04 4.52e-02  -5.0 4.85e-02    -  1.00e+00 9.73e-01h  1
 747  6.0204159e+00 2.84e-04 2.96e-01  -5.6 1.00e-01    -  1.00e+00 4.30e-01h  1
 748  6.0289450e+00 5.11e-02 1.50e-01  -4.7 3.24e-01    -  5.83e-01 4.80e-01h  1
 749  6.0234717e+00 3.83e-02 4.64e-01  -5.0 3.94e-01    -  9.80e-01 2.50e-01h  1
iter    objective    inf_pr   inf_du lg(mu)  ||d||  lg(rg) alpha_du alpha_pr  ls
 750  6.0183570e+00 3.21e-02 4.36e-01  -5.0 1.42e+00    -  5.55e-01 1.64e-01h  2
 751  6.0167481e+00 2.25e-02 4.30e-01  -5.0 9.49e-01    -  7.07e-01 3.00e-01H  1
 752  6.0303368e+00 6.23e-03 1.67e-01  -4.7 5.38e-01    -  6.20e-01 7.87e-01H  1
 753  6.0202975e+00 5.21e-03 2.94e-01  -4.9 8.66e-01    -  7.78e-01 1.63e-01h  1
 754  6.0194182e+00 4.49e-03 6.41e-01  -4.5 6.75e-01    -  7.82e-01 3.05e-01f  2
 755  6.0071564e+00 2.29e-03 7.19e-02  -4.9 3.57e-01    -  1.00e+00 8.51e-01h  1
 756  6.0044420e+00 1.61e-03 1.33e+00  -4.6 6.56e-01    -  1.00e+00 3.03e-01h  1
 757  6.0204183e+00 2.09e-03 4.04e-01  -4.8 4.70e-01    -  1.00e+00 7.62e-01H  1
 758  6.0292042e+00 1.13e-04 4.91e-01  -4.9 2.88e-01    -  5.42e-01 1.00e+00H  1
 759  5.9969633e+00 2.95e-03 3.36e-02  -5.1 1.45e-01    -  1.00e+00 1.00e+00f  1
iter    objective    inf_pr   inf_du lg(mu)  ||d||  lg(rg) alpha_du alpha_pr  ls
 760  5.9817998e+00 1.30e-03 2.83e-01  -5.1 1.51e-01    -  1.00e+00 6.60e-01h  1
 761  5.9738203e+00 1.63e-03 4.54e-02  -5.3 3.27e-01    -  1.00e+00 9.06e-01h  1
 762  5.9768921e+00 2.41e-03 1.76e-01  -4.7 3.54e+00    -  5.35e-01 1.68e-01h  2
 763  5.9758849e+00 1.99e-03 3.54e-01  -5.0 2.50e+00    -  3.91e-01 7.06e-02h  4
 764  6.0625115e+00 1.07e-03 9.58e-02  -5.0 7.63e-01    -  9.52e-01 1.00e+00H  1
 765  5.9780329e+00 1.38e-03 1.38e-01  -5.0 3.87e-01    -  7.34e-01 8.66e-01f  1
 766  5.9607330e+00 9.31e-04 2.31e-01  -5.0 3.24e-01    -  6.23e-01 3.74e-01f  1
 767  5.9582656e+00 5.68e-03 1.89e-01  -4.7 9.46e-01    -  1.00e+00 8.12e-01f  1
 768  5.9553899e+00 4.99e-03 1.37e-01 -10.7 1.94e+01    -  1.19e-01 3.95e-02h  1
 769  5.9618175e+00 1.06e-01 2.35e-01  -4.2 2.44e+01    -  2.51e-01 7.31e-02h  2
iter    objective    inf_pr   inf_du lg(mu)  ||d||  lg(rg) alpha_du alpha_pr  ls
 770  5.9590104e+00 1.04e-01 2.71e-01  -4.7 4.19e+01    -  1.40e-01 1.26e-02h  4
 771  5.9547965e+00 9.76e-02 3.41e-01  -4.7 2.84e+01    -  8.08e-02 4.28e-02h  3
 772  6.1589747e+00 1.01e-01 5.77e-01  -3.6 6.65e+01    -  7.97e-02 5.99e-02f  1
 773  6.1469192e+00 9.90e-02 5.80e-01  -4.5 6.92e+00    -  3.52e-01 2.13e-02h  1
 774  6.1442004e+00 6.49e-02 4.88e-01  -4.5 5.02e+00    -  2.03e-01 3.85e-01h  1
 775  6.0513487e+00 4.89e-02 5.26e-01  -4.5 6.98e-01    -  1.14e-02 2.52e-01h  1
 776  5.9555394e+00 2.45e-02 6.68e-01  -4.5 1.80e+00    -  1.27e-01 6.70e-01f  1
 777  5.9411208e+00 2.43e-02 4.95e-01  -4.5 8.30e+00    -  2.06e-01 6.16e-02h  3
 778  6.0719097e+00 1.18e-02 3.73e-01  -3.9 8.84e-01    -  4.94e-01 3.92e-01H  1
 779  5.9680381e+00 2.28e-03 2.13e-02  -4.2 2.45e-01    -  1.00e+00 1.00e+00h  1
iter    objective    inf_pr   inf_du lg(mu)  ||d||  lg(rg) alpha_du alpha_pr  ls
 780  5.9730305e+00 7.92e-04 2.28e-02  -4.2 7.72e-02    -  1.00e+00 1.00e+00h  1
 781  5.9396034e+00 6.63e-04 1.65e-02  -4.7 1.06e-01    -  1.00e+00 1.00e+00h  1
 782  5.9206696e+00 1.10e-03 4.52e-02  -5.1 1.66e-01    -  1.00e+00 6.30e-01h  1
 783  5.9202783e+00 1.76e-03 1.15e-01  -4.7 2.83e-01    -  1.00e+00 7.17e-01H  1
 784  5.9061367e+00 4.03e-03 4.31e-02  -4.9 1.16e-01    -  1.00e+00 9.38e-01h  1
 785  5.8958685e+00 2.21e-03 3.97e-02 -10.9 6.32e-02    -  3.76e-01 4.48e-01h  1
 786  5.8920357e+00 5.51e-04 8.37e-03  -5.3 2.67e-02    -  1.00e+00 1.00e+00h  1
 787  5.8894123e+00 1.84e-04 9.43e-02  -5.8 3.35e-02    -  1.00e+00 6.80e-01h  1
 788  5.8878784e+00 5.54e-04 1.25e-01  -5.6 1.46e-01    -  6.64e-01 3.58e-01h  1
 789  5.8866990e+00 1.37e-03 3.50e-01  -5.1 2.59e-01    -  5.37e-01 2.37e-01h  1
iter    objective    inf_pr   inf_du lg(mu)  ||d||  lg(rg) alpha_du alpha_pr  ls
 790  5.8847421e+00 1.99e-03 3.63e-01  -5.3 5.57e-01    -  2.99e-01 1.55e-01h  1
 791  5.8862487e+00 2.45e-03 2.54e-01  -4.8 1.21e+00    -  3.59e-01 1.59e-01h  1
 792  5.8831866e+00 3.95e-03 3.09e-01  -5.1 8.08e-01    -  5.62e-01 2.22e-01h  1
 793  5.8876054e+00 1.05e-02 2.77e-01  -4.7 2.19e+00    -  3.40e-01 1.83e-01f  1
 794  5.8842134e+00 9.86e-03 1.76e-01  -5.0 2.56e+00    -  3.42e-01 6.78e-02h  2
 795  5.8784095e+00 8.36e-03 8.02e+02  -5.0 1.39e+00    -  8.07e-01 1.47e-01h  1
 796  5.8757951e+00 4.34e-02 8.36e+02  -5.5 2.96e-01    -  3.31e-01 6.17e-01h  1
 797  5.8710667e+00 3.79e-02 8.86e+02  -6.3 2.72e-01    -  4.36e-01 1.27e-01h  1
 798  5.8659601e+00 2.36e-02 6.11e+02  -5.7 1.18e-01    -  6.66e-01 3.77e-01h  1
 799  5.8635471e+00 1.86e-04 3.91e+02  -5.2 9.95e-02    -  6.34e-01 1.00e+00h  1
iter    objective    inf_pr   inf_du lg(mu)  ||d||  lg(rg) alpha_du alpha_pr  ls
 800  5.8729239e+00 2.64e-03 1.64e+00  -4.9 3.37e-01    -  8.08e-01 1.00e+00H  1
 801  5.9651982e+00 4.16e-02 8.49e-01  -4.2 1.56e+00    -  2.63e-01 7.11e-01f  1
 802  5.9687685e+00 2.53e-02 1.08e+00  -4.7 2.16e+00    -  1.21e-01 4.25e-01h  1
 803  5.9208738e+00 2.29e-02 7.95e-01  -4.7 4.80e-01    -  2.44e-01 2.78e-01h  1
 804  5.8755737e+00 1.14e-02 2.07e-01  -4.7 8.30e-01    -  6.99e-01 7.45e-01h  1
 805  5.8700895e+00 1.16e-02 3.13e-01  -4.7 2.73e+00    -  3.75e-01 7.54e-02h  3
 806  5.9231229e+00 7.88e-03 1.31e-01  -4.7 4.31e-01    -  1.00e+00 1.00e+00h  1
 807  5.8696190e+00 9.14e-03 2.84e-02  -4.7 3.62e-01    -  1.00e+00 1.00e+00h  1
 808  5.8887258e+00 2.23e-03 6.38e-02  -4.7 4.44e-01    -  8.05e-01 7.05e-01H  1
 809  5.8685269e+00 5.67e-04 8.04e-02  -4.7 9.95e-02    -  1.00e+00 8.55e-01f  1
iter    objective    inf_pr   inf_du lg(mu)  ||d||  lg(rg) alpha_du alpha_pr  ls
 810  5.8650572e+00 5.46e-04 1.63e-01  -4.7 7.83e-02    -  7.52e-01 1.00e+00f  1
 811  5.8637929e+00 5.50e-04 8.85e-03  -4.7 2.98e-02    -  1.00e+00 1.00e+00h  1
 812  5.8552171e+00 8.74e-05 4.25e-02  -5.4 1.51e-02    -  9.99e-01 9.24e-01h  1
 813  5.8505679e+00 1.72e-04 1.20e-01  -5.4 2.24e-02    -  1.00e+00 4.82e-01h  1
 814  5.8486940e+00 4.24e-04 1.19e-01  -5.1 6.72e-02    -  1.00e+00 6.60e-01h  1
 815  5.8461732e+00 4.50e-04 2.79e-02  -5.2 1.36e-01    -  1.00e+00 8.63e-01h  1
 816  5.8475240e+00 4.83e-04 1.30e-01  -5.0 2.73e-01    -  1.00e+00 5.61e-01h  1
 817  5.8489240e+00 2.61e-04 1.03e-01  -5.1 2.79e-01    -  7.81e-01 6.66e-01H  1
 818  5.8446013e+00 1.79e-04 2.82e-01  -5.2 1.28e-01    -  1.00e+00 3.14e-01h  1
 819  5.8379409e+00 7.94e-04 1.90e-01  -5.5 4.70e-02    -  1.00e+00 7.13e-01h  1
iter    objective    inf_pr   inf_du lg(mu)  ||d||  lg(rg) alpha_du alpha_pr  ls
 820  5.8360419e+00 4.41e-04 7.31e-02  -5.6 6.88e-02    -  1.00e+00 7.44e-01h  1
 821  5.8341058e+00 9.18e-04 1.28e-01  -6.0 1.56e-01    -  1.00e+00 7.29e-01h  1
 822  5.8323762e+00 8.64e-04 2.31e-01  -5.5 1.85e+00    -  4.05e-01 9.34e-02h  1
 823  5.8319525e+00 8.54e-04 8.69e-01  -5.1 3.22e+00    -  3.24e-01 1.29e-02h  1
 824  5.8309220e+00 8.29e-04 8.58e-01  -4.8 5.68e+00    -  9.26e-02 4.08e-02h  1
 825  5.8307090e+00 8.09e-04 7.84e-01  -5.6 5.18e+00    -  1.06e-01 9.33e-02h  2
 826  5.8316972e+00 1.83e-03 6.51e-01  -4.8 5.74e+00    -  2.73e-01 1.05e-01h  2
 827  5.8294995e+00 2.55e-03 6.03e-01  -5.2 1.21e+01    -  6.51e-02 7.02e-02h  1
 828  5.8238947e+00 3.23e-03 5.64e-01  -6.5 2.08e+01    -  8.78e-02 4.56e-02h  1
 829  5.8399538e+00 8.62e-03 5.27e-01  -4.2 3.18e+01    -  7.90e-02 4.92e-02h  1
iter    objective    inf_pr   inf_du lg(mu)  ||d||  lg(rg) alpha_du alpha_pr  ls
 830  5.8335220e+00 7.53e-03 4.27e-01  -5.1 1.44e+01    -  1.32e-01 3.30e-02h  1
 831  5.8279506e+00 8.31e-03 4.56e-01  -5.1 2.75e+01    -  1.78e-02 5.92e-02f  1
 832  5.8164130e+00 8.21e-03 5.61e-01  -5.1 3.62e+01    -  5.75e-02 3.29e-02h  1
 833  5.8065864e+00 8.69e-03 7.07e-01  -4.5 4.21e+01    -  5.03e-02 4.33e-02f  1
 834  5.8335959e+00 2.12e-02 9.48e-01  -4.0 6.88e+01    -  5.83e-02 4.60e-02h  1
 835  5.8205467e+00 2.15e-02 1.02e+00  -4.9 5.35e+01    -  6.75e-02 2.31e-02h  1
 836  5.8061904e+00 2.38e-02 1.11e+00  -4.9 4.88e+01    -  4.95e-02 3.83e-02h  2
 837  5.8155317e+00 3.42e-02 1.40e+00  -4.1 9.01e+01    -  9.45e-02 5.72e-02h  1
 838  5.8063748e+00 3.42e-02 1.41e+00  -4.8 9.56e+01    -  4.96e-02 4.06e-03h  1
 839  5.7962269e+00 4.12e-02 1.42e+00  -4.8 2.01e+01    -  1.48e-02 2.09e-01h  1
iter    objective    inf_pr   inf_du lg(mu)  ||d||  lg(rg) alpha_du alpha_pr  ls
 840  5.8143178e+00 4.35e-02 1.50e+00  -3.8 7.95e+01    -  8.37e-02 2.96e-02f  2
 841  5.8253278e+00 4.29e-02 1.39e+00  -4.6 5.15e+00    -  9.52e-02 6.00e-02h  2
 842  5.7268394e+00 2.24e-02 7.26e-01  -4.6 2.98e+00    -  3.01e-01 5.53e-01h  1
 843  5.7516783e+00 2.16e-02 8.48e-01  -3.8 3.62e+00    -  1.42e-01 6.20e-02f  2
 844  5.7127201e+00 9.54e-03 8.40e-01  -4.4 2.05e-01    -  1.00e+00 5.72e-01h  1
 845  5.6829840e+00 3.66e-03 5.06e-01  -5.8 5.46e-01    -  5.54e-01 6.19e-01h  1
 846  5.7383228e+00 3.68e-03 7.83e-02  -4.5 2.31e+00    -  1.00e+00 1.00e+00h  1
 847  5.7540049e+00 1.59e-02 2.98e-01  -4.0 2.31e+01    -  3.87e-01 1.70e-01h  2
 848  5.7377650e+00 2.96e-02 3.26e-01  -4.3 1.90e+02    -  6.07e-02 2.27e-02h  3
 849  5.7184351e+00 3.55e-02 4.10e-01  -4.3 3.01e+02    -  3.73e-02 9.86e-03h  4
iter    objective    inf_pr   inf_du lg(mu)  ||d||  lg(rg) alpha_du alpha_pr  ls
 850  5.6964160e+00 3.97e-02 4.74e-01  -4.3 2.16e+02    -  5.01e-02 1.13e-02h  4
 851  5.6402268e+00 8.08e-02 6.96e-01  -4.3 7.95e+02    -  3.58e-02 9.60e-03f  3
 852  6.1957534e+00 2.74e-01 1.25e+00  -2.9 9.08e+02    -  3.52e-02 1.79e-02f  2
 853  6.1493268e+00 2.82e-01 1.39e+00  -4.1 3.63e+02    -  6.27e-02 1.08e-02h  3
 854  6.1036165e+00 3.00e-01 1.55e+00  -4.1 5.81e+02    -  3.42e-02 9.87e-03h  3
 855  6.0801501e+00 3.24e-01 1.74e+00  -4.1 6.04e+02    -  2.25e-02 1.03e-02h  3
 856  6.0232995e+00 3.58e-01 1.98e+00  -4.1 5.42e+02    -  5.21e-02 1.32e-02h  3
 857  5.9359303e+00 4.54e-01 2.35e+00  -4.1 9.90e+02    -  2.11e-02 1.15e-02h  3
 858  5.9208826e+00 5.50e-01 2.72e+00  -4.1 2.72e+03    -  1.25e-02 3.93e-03f  3
 859  5.5527886e+00 5.62e-01 2.54e+00  -4.1 1.45e+03    -  1.48e-02 2.62e-03f  3
iter    objective    inf_pr   inf_du lg(mu)  ||d||  lg(rg) alpha_du alpha_pr  ls
 860  5.6605892e+00 5.02e-01 2.42e+00  -4.1 1.31e+01    -  1.27e-01 1.11e-01h  1
 861  5.4601330e+00 3.54e-01 1.86e+00  -4.1 1.68e+00    -  4.73e-01 2.97e-01h  1
 862  5.3274940e+00 2.88e-01 1.54e+00 -10.1 1.38e+00    -  2.78e-01 1.87e-01h  1
 863  5.2450994e+00 1.73e-01 9.72e-01  -4.5 2.35e+00    -  6.83e-01 3.99e-01h  1
 864  5.3629007e+00 1.71e-01 1.16e+00  -4.4 2.94e+01    -  3.20e-01 2.29e-01h  1
 865  5.3634175e+00 1.70e-01 1.35e+00  -3.9 7.64e+01    -  2.60e-01 3.66e-02h  3
 866  5.3643938e+00 1.68e-01 1.53e+00  -3.9 6.05e+01    -  2.70e-01 4.26e-02h  3
 867  5.3607796e+00 1.65e-01 1.84e+00  -4.3 4.48e+01    -  2.50e-01 8.32e-02h  2
 868  5.3625082e+00 1.68e-01 2.25e+00  -3.7 7.97e+01    -  1.30e-01 4.82e-02h  2
 869  5.3040654e+00 1.74e-01 2.61e+00  -4.1 1.37e+02    -  1.14e-01 2.94e-02h  2
iter    objective    inf_pr   inf_du lg(mu)  ||d||  lg(rg) alpha_du alpha_pr  ls
 870  5.2480282e+00 1.74e-01 2.80e+00 -10.1 1.00e+02    -  6.88e-02 2.93e-02h  3
 871  5.2190957e+00 1.69e-01 2.66e+00  -4.2 2.40e+01    -  4.37e-02 3.12e-02h  3
 872  5.1731793e+00 4.86e-02 1.10e+00  -4.1 1.09e+00    -  5.84e-01 7.15e-01h  1
 873  5.5159657e+00 9.33e-03 7.57e-01  -3.7 3.64e-01    -  6.94e-01 1.00e+00h  1
 874  5.1927393e+00 8.26e-03 9.97e-02  -3.5 4.88e-01    -  1.00e+00 1.00e+00h  1
 875  5.1466285e+00 2.98e-03 3.48e-02  -4.1 3.82e-01    -  1.00e+00 9.96e-01h  1
 876  5.0726952e+00 2.93e-03 1.64e-01  -4.4 4.37e-01    -  1.00e+00 7.25e-01h  1
 877  5.1156882e+00 2.77e-04 9.40e-02  -4.1 5.75e-01    -  1.00e+00 1.00e+00H  1
 878  5.0062262e+00 2.61e-03 6.78e-02  -4.6 1.40e-01    -  1.00e+00 9.95e-01f  1
 879  4.9881411e+00 5.43e-04 3.54e-02  -4.7 9.75e-02    -  1.00e+00 9.03e-01h  1
iter    objective    inf_pr   inf_du lg(mu)  ||d||  lg(rg) alpha_du alpha_pr  ls
 880  4.9946030e+00 2.96e-03 1.90e-02  -4.4 1.87e-02    -  1.00e+00 1.00e+00h  1
 881  4.9760494e+00 8.40e-04 3.47e-02  -4.8 2.36e-01    -  1.00e+00 9.00e-01h  1
 882  4.9711268e+00 4.33e-03 3.00e-01  -4.4 3.25e+00    -  5.10e-01 1.13e-01h  2
 883  4.9657101e+00 4.22e-03 6.14e-01  -4.7 3.29e+00    -  7.77e-01 9.42e-02h  2
 884  4.9598820e+00 1.07e-02 4.94e-01  -4.7 3.17e+00    -  5.92e-01 2.40e-01h  2
 885  4.9506269e+00 1.31e-02 3.64e-01  -4.7 6.94e+00    -  4.41e-01 7.62e-02h  3
 886  4.9473889e+00 1.47e-02 6.38e-01  -4.3 6.53e+00    -  3.30e-01 6.23e-02h  3
 887  4.9441611e+00 1.49e-02 6.16e-01  -4.5 4.09e+00    -  5.02e-01 7.54e-02h  4
 888  5.0229236e+00 2.90e-03 1.50e-01  -4.5 1.13e+00    -  9.08e-01 8.23e-01H  1
 889  4.9737758e+00 3.41e-03 2.27e-01  -4.6 1.22e+00    -  9.80e-01 5.68e-01h  1
iter    objective    inf_pr   inf_du lg(mu)  ||d||  lg(rg) alpha_du alpha_pr  ls
 890  4.9369194e+00 3.65e-03 1.87e-01  -4.6 8.64e-01    -  2.89e-01 2.61e-01f  2
 891  4.9197396e+00 2.24e-03 3.35e-01  -4.6 2.25e-01    -  1.00e+00 4.62e-01h  1
 892  4.9075150e+00 2.00e-04 1.66e-02  -4.9 3.93e-02    -  1.00e+00 1.00e+00h  1
 893  4.8983600e+00 1.16e-03 4.55e-02  -5.2 1.66e-01    -  1.00e+00 8.21e-01h  1
 894  4.8967939e+00 5.26e-03 1.22e-01  -4.6 1.35e+00    -  6.83e-01 3.70e-01h  1
 895  4.9072517e+00 1.76e-02 1.68e-01  -4.2 3.43e+00    -  2.84e-01 1.86e-01h  1
 896  4.9008144e+00 2.46e-02 2.39e-01  -4.6 5.01e+00    -  3.03e-01 1.18e-01h  2
 897  4.8976840e+00 2.88e-02 2.89e-01  -4.6 6.51e+00    -  2.34e-01 8.56e-02h  2
 898  4.8916549e+00 2.75e-02 3.79e-01  -4.6 3.12e+00    -  2.42e-01 1.02e-01h  3
 899  4.9546343e+00 1.99e-02 2.89e-01  -4.3 1.94e+00    -  5.74e-01 5.01e-01H  1
iter    objective    inf_pr   inf_du lg(mu)  ||d||  lg(rg) alpha_du alpha_pr  ls
 900  4.9429929e+00 3.26e-02 2.27e-01  -4.5 7.98e-01    -  5.99e-01 1.00e+00h  1
 901  4.9122572e+00 2.41e-02 6.06e-01  -4.5 4.01e-01    -  5.04e-01 2.71e-01h  1
 902  4.8761572e+00 1.08e-02 5.96e-02  -4.5 5.13e-01    -  1.00e+00 9.84e-01h  1
 903  5.0033355e+00 3.97e-03 6.99e-02  -4.5 4.36e-01    -  1.00e+00 9.93e-01h  1
 904  4.8670443e+00 4.06e-03 1.60e-02  -4.6 3.75e-01    -  1.00e+00 1.00e+00h  1
 905  4.8586103e+00 3.40e-04 1.18e-02  -5.0 3.48e-02    -  1.00e+00 9.95e-01h  1
 906  4.8518140e+00 2.00e-04 1.61e-01  -5.4 2.93e-02    -  1.00e+00 5.49e-01h  1
 907  4.8469311e+00 7.63e-04 1.54e-01  -5.1 5.30e-02    -  1.00e+00 6.76e-01h  1
 908  4.8431289e+00 4.13e-04 1.54e-01  -5.4 7.79e-02    -  1.00e+00 7.30e-01h  1
 909  4.8411362e+00 5.09e-04 5.58e-02  -5.4 7.70e-02    -  1.00e+00 7.70e-01h  1
iter    objective    inf_pr   inf_du lg(mu)  ||d||  lg(rg) alpha_du alpha_pr  ls
 910  4.8389050e+00 5.11e-04 2.34e-01  -5.4 9.41e-02    -  1.00e+00 5.68e-01h  1
 911  4.8373769e+00 6.90e-04 9.45e-02  -5.4 1.36e-01    -  1.00e+00 4.13e-01h  1
 912  4.8415809e+00 7.77e-06 1.95e-02  -5.1 6.95e-02    -  1.00e+00 1.00e+00H  1
 913  4.8380529e+00 3.87e-04 2.14e-01  -5.6 4.93e-02    -  1.00e+00 3.22e-01h  1
 914  4.8330739e+00 4.10e-04 2.35e-01  -5.9 8.99e-02    -  1.00e+00 6.07e-01h  1
 915  4.8327110e+00 1.50e-03 1.11e-01  -5.4 1.08e-01    -  1.00e+00 6.93e-01h  1
 916  4.8371292e+00 2.31e-04 3.47e-02  -5.5 1.49e-01    -  1.00e+00 8.49e-01H  1
 917  4.8299429e+00 4.96e-04 2.56e-02  -5.9 5.92e-02    -  1.00e+00 9.71e-01h  1
 918  4.8279838e+00 9.13e-05 6.45e-02  -5.7 3.10e-02    -  9.57e-01 8.32e-01h  1
 919  4.8270429e+00 5.44e-05 1.42e-01  -6.4 4.94e-02    -  1.00e+00 5.19e-01h  1
iter    objective    inf_pr   inf_du lg(mu)  ||d||  lg(rg) alpha_du alpha_pr  ls
 920  4.8260912e+00 5.82e-04 3.81e-01  -5.5 1.37e+00    -  5.54e-01 5.62e-02h  1
 921  4.8250151e+00 3.63e-03 4.16e-01  -5.4 4.60e+00    -  1.72e-01 5.27e-02h  1
 922  4.8239991e+00 3.54e-03 3.96e-01  -5.0 3.39e+00    -  7.39e-02 2.57e-02h  1
 923  4.8241394e+00 4.54e-03 3.66e-01  -5.0 5.75e+00    -  4.79e-02 9.23e-02h  1
 924  4.8210804e+00 6.01e-03 3.45e-01  -5.6 8.40e+00    -  6.80e-02 4.27e-02h  1
 925  4.8183240e+00 8.28e-03 3.28e-01  -4.2 1.37e+01    -  4.56e-02 3.10e-02f  1
 926  4.8190416e+00 1.11e-02 4.08e-01  -4.5 9.76e+00    -  9.90e-02 5.25e-02h  1
 927  4.8163050e+00 1.10e-02 4.22e-01  -5.2 4.99e+00    -  9.87e-02 2.02e-02h  1
 928  4.8115869e+00 1.08e-02 4.49e-01  -4.8 3.81e+00    -  1.59e-01 8.17e-02f  2
 929  4.8106901e+00 1.04e-02 4.89e-01  -5.7 2.94e+00    -  1.72e-01 2.29e-01H  1
iter    objective    inf_pr   inf_du lg(mu)  ||d||  lg(rg) alpha_du alpha_pr  ls
 930  4.8399979e+00 8.47e-03 4.63e-01  -4.6 1.99e+00    -  1.58e-01 2.15e-01H  1
 931  4.8075888e+00 3.83e-03 3.02e-01  -5.1 1.19e-01    -  2.95e-01 5.45e-01h  1
 932  4.7994268e+00 2.01e-03 1.21e-01  -4.8 2.95e-01    -  6.44e-01 6.00e-01f  1
 933  4.8328776e+00 1.14e-03 9.55e-02  -4.9 1.37e-01    -  4.98e-01 7.10e-01H  1
 934  4.7945035e+00 2.27e-03 6.33e-03  -5.0 7.49e-02    -  1.00e+00 1.00e+00h  1
 935  4.7897553e+00 2.94e-04 9.76e-03  -5.3 1.15e-01    -  1.00e+00 9.78e-01h  1
 936  4.7966739e+00 2.40e-03 1.02e-01  -4.8 1.42e+00    -  5.53e-01 4.88e-01h  1
 937  4.7927525e+00 3.77e-03 1.78e-01  -5.0 1.05e+01    -  1.28e-01 5.38e-02h  1
 938  4.7909383e+00 9.04e-03 3.21e-01  -5.0 1.78e+01    -  1.39e-01 6.15e-02h  2
 939  4.7861726e+00 1.07e-02 4.05e-01  -5.0 3.02e+01    -  4.43e-02 1.96e-02h  3
iter    objective    inf_pr   inf_du lg(mu)  ||d||  lg(rg) alpha_du alpha_pr  ls
 940  4.7858378e+00 1.34e-02 4.98e-01  -4.4 2.38e+01    -  1.46e-01 3.21e-02h  2
 941  4.7821842e+00 1.40e-02 5.50e-01  -4.8 2.19e+01    -  8.97e-02 1.99e-02h  3
 942  4.7936078e+00 2.15e-02 6.26e-01  -4.3 1.04e+01    -  1.15e-01 1.08e-01h  2
 943  4.7897523e+00 2.15e-02 6.32e-01  -4.8 6.45e+00    -  1.73e-01 9.04e-02h  2
 944  4.7872108e+00 2.09e-02 6.45e-01  -4.8 5.54e+00    -  1.42e-01 2.14e-01h  1
 945  4.7833680e+00 1.96e-02 1.04e+03  -4.8 2.68e+00    -  1.97e-01 6.69e-02h  1
 946  4.7785562e+00 9.29e-02 4.02e+02  -4.8 8.76e+00    -  7.95e-02 2.93e-02h  3
 947  4.7609432e+00 3.90e-02 4.80e+02  -4.8 9.16e-01    -  7.19e-01 5.80e-01h  1
 948  4.7857848e+00 3.41e-02 4.21e+02  -4.0 4.19e+00    -  2.06e-01 1.20e-01h  2
 949  4.8467039e+00 2.20e-03 6.06e-02  -4.6 5.13e-01    -  9.90e-01 1.00e+00h  1
iter    objective    inf_pr   inf_du lg(mu)  ||d||  lg(rg) alpha_du alpha_pr  ls
 950  4.8437287e+00 2.03e-03 1.87e+01  -4.6 2.04e+00    -  1.65e-01 4.61e-02h  3
 951  4.7890223e+00 2.17e-03 2.14e+01  -4.6 3.24e+00    -  1.60e-01 8.83e-02h  1
 952  4.7960972e+00 2.25e-03 1.92e+01  -5.7 5.73e-01    -  1.31e-01 3.19e-01H  1
 953  4.7527900e+00 7.63e-04 6.29e+00  -4.7 1.04e-01    -  6.64e-01 8.99e-01h  1
 954  4.7802094e+00 1.35e-03 2.67e-01  -4.2 2.57e-01    -  9.58e-01 1.00e+00f  1
 955  4.8778912e+00 6.16e-04 5.20e-02  -4.3 5.38e-01    -  9.85e-01 1.00e+00H  1
 956  4.7891416e+00 1.48e-03 4.25e-02  -4.3 3.21e-01    -  1.00e+00 1.00e+00f  1
 957  4.7958300e+00 2.23e-03 2.55e-02  -4.3 7.23e-02    -  1.00e+00 1.00e+00h  1
 958  4.7870067e+00 5.99e-04 2.91e-03  -4.3 5.23e-02    -  1.00e+00 1.00e+00h  1
 959  4.7652871e+00 1.02e-03 2.47e-02  -4.6 1.71e-01    -  9.87e-01 1.00e+00h  1
iter    objective    inf_pr   inf_du lg(mu)  ||d||  lg(rg) alpha_du alpha_pr  ls
 960  4.7716488e+00 1.13e-03 6.59e-02  -4.7 2.71e-01    -  8.66e-01 9.26e-01H  1
 961  4.7537130e+00 6.19e-04 3.35e-02  -4.7 8.55e-02    -  1.00e+00 1.00e+00f  1
 962  4.7487335e+00 3.92e-04 1.14e-02  -4.7 4.31e-02    -  1.00e+00 1.00e+00h  1
 963  4.7382676e+00 2.50e-04 8.16e-02  -5.2 1.64e-01    -  1.00e+00 6.67e-01h  1
 964  4.7350535e+00 5.96e-04 1.02e-01  -5.2 3.79e-01    -  1.00e+00 2.73e-01h  2
 965  4.7311246e+00 1.72e-03 1.40e-01  -5.2 3.73e-01    -  1.00e+00 5.01e-01h  1
 966  4.7411469e+00 1.78e-03 9.77e-02  -5.2 4.59e-01    -  7.78e-01 6.48e-01H  1
 967  4.7327192e+00 1.02e-03 7.20e-02  -5.3 1.20e-01    -  1.00e+00 1.00e+00h  1
 968  4.7239951e+00 2.68e-03 2.51e-02  -5.3 8.41e-02    -  8.33e-01 8.97e-01h  1
 969  4.7225256e+00 2.55e-03 2.05e-02  -5.3 6.98e-02    -  1.00e+00 9.65e-01h  1
iter    objective    inf_pr   inf_du lg(mu)  ||d||  lg(rg) alpha_du alpha_pr  ls
 970  4.7209797e+00 2.50e-04 1.91e-02  -5.4 7.42e-02    -  1.00e+00 9.35e-01h  1
 971  4.7229423e+00 1.06e-04 2.45e-02  -5.4 2.48e-01    -  9.95e-01 8.52e-01H  1
 972  4.7200609e+00 2.83e-03 5.09e-02  -5.9 3.25e-01    -  1.00e+00 7.21e-01h  1
 973  4.7168948e+00 1.98e-03 1.96e-01  -5.6 4.73e-01    -  8.10e-01 3.05e-01h  1
 974  4.7260274e+00 8.93e-04 4.76e-02  -5.4 1.17e-01    -  8.66e-01 9.03e-01h  1
 975  4.7135986e+00 2.83e-04 1.11e-02  -5.5 4.44e-02    -  9.44e-01 9.53e-01h  1
 976  4.7121035e+00 3.66e-04 7.19e-02  -5.7 1.13e-01    -  1.00e+00 8.33e-01f  1
 977  4.7131032e+00 1.12e-03 5.66e-02  -5.0 2.23e+00    -  3.28e-01 2.44e-01h  1
 978  4.7129846e+00 1.92e-03 1.07e-01  -5.5 9.04e+00    -  1.51e-01 6.18e-02h  2
 979  4.7117004e+00 1.97e-03 1.25e-01  -5.5 6.49e+00    -  1.89e-01 3.45e-02h  3
iter    objective    inf_pr   inf_du lg(mu)  ||d||  lg(rg) alpha_du alpha_pr  ls
 980  4.7228736e+00 4.53e-03 1.67e-01  -4.6 3.15e+00    -  1.98e-01 2.33e-01h  1
 981  4.7192854e+00 4.33e-03 1.75e-01  -5.2 2.78e+00    -  2.62e-01 5.95e-02h  1
 982  4.7133496e+00 7.32e-03 2.78e-01  -5.2 1.31e+01    -  2.29e-01 1.02e-01h  1
 983  4.7107514e+00 7.23e-03 3.05e-01  -5.2 1.56e+01    -  1.23e-01 3.14e-02h  3
 984  4.7091025e+00 7.32e-03 3.32e-01  -4.6 5.24e+00    -  2.43e-01 1.55e-01h  2
 985  4.7045782e+00 7.56e-03 3.59e-01  -4.6 1.13e+01    -  1.86e-01 5.41e-02h  2
 986  4.7116456e+00 6.73e-03 3.42e-01  -4.4 2.79e+00    -  2.91e-01 1.20e-01h  2
 987  4.7147597e+00 4.85e-03 2.83e-01  -4.8 1.86e+00    -  7.62e-01 4.97e-01h  1
 988  4.7145832e+00 5.25e-03 3.12e-01  -4.8 3.88e+00    -  3.00e-01 2.04e-01h  2
 989  4.7235676e+00 5.97e-03 2.96e-01  -4.8 1.55e+00    -  1.93e-01 2.94e-01H  1
iter    objective    inf_pr   inf_du lg(mu)  ||d||  lg(rg) alpha_du alpha_pr  ls
 990  4.7138615e+00 4.88e-03 2.49e-01  -4.8 2.60e-01    -  4.98e-01 7.63e-01f  1
 991  4.6869827e+00 2.67e-03 1.74e-01  -4.8 1.37e-01    -  7.08e-01 5.58e-01f  1
 992  4.6819094e+00 9.12e-04 3.12e-02  -4.9 2.11e-01    -  1.00e+00 9.69e-01f  1
 993  4.6829847e+00 3.16e-05 4.69e-02  -4.9 5.68e-01    -  9.92e-01 1.00e+00H  1
 994  4.6828572e+00 5.12e-03 2.42e-01  -4.5 1.40e+00    -  7.62e-01 1.60e-01h  2
 995  4.7683997e+00 6.28e-04 2.29e-01  -4.3 1.62e-01    -  3.89e-01 9.57e-01H  1
 996  4.6989864e+00 3.23e-03 2.98e-02  -4.5 2.28e-01    -  9.73e-01 1.00e+00h  1
 997  4.6926576e+00 1.80e-03 1.82e-02  -4.5 2.52e-01    -  1.00e+00 1.00e+00h  1
 998  4.6920237e+00 2.64e-03 2.12e-02  -4.5 3.27e-01    -  1.00e+00 1.00e+00h  1
 999  4.7656302e+00 3.02e-04 6.74e-02  -4.5 9.13e-01    -  1.00e+00 1.00e+00H  1
iter    objective    inf_pr   inf_du lg(mu)  ||d||  lg(rg) alpha_du alpha_pr  ls
1000  4.7446735e+00 8.63e-05 4.12e-02  -4.5 1.60e-01    -  1.00e+00 1.00e+00F  1
1001  4.6814473e+00 8.43e-04 3.09e-02  -4.5 1.74e-01    -  1.00e+00 1.00e+00f  1
1002  4.6685284e+00 2.67e-04 7.31e-02  -5.0 1.69e-01    -  1.00e+00 8.56e-01h  1
1003  4.6597268e+00 1.05e-03 2.73e-01  -5.2 5.50e-01    -  1.00e+00 5.69e-01h  1
1004  4.6779477e+00 7.50e-04 1.07e-01  -4.8 1.62e+00    -  1.00e+00 8.84e-01H  1
1005  4.6726697e+00 1.60e-03 1.42e-01  -4.9 1.19e+01    -  1.69e-01 5.12e-02h  2
1006  4.6689014e+00 1.87e-03 1.65e-01  -4.9 7.51e+00    -  1.13e-01 5.30e-02h  3
1007  4.6625418e+00 1.61e-03 1.61e-01  -4.9 1.38e+00    -  4.46e-01 1.74e-01h  3
1008  4.6560346e+00 1.89e-03 1.60e-01  -4.9 1.73e+00    -  6.52e-01 4.40e-01h  1
1009  4.6940672e+00 3.64e-03 9.21e-02  -4.1 2.32e+00    -  1.73e-01 2.54e-01f  1
iter    objective    inf_pr   inf_du lg(mu)  ||d||  lg(rg) alpha_du alpha_pr  ls
1010  4.7098673e+00 7.74e-03 1.98e-01  -4.7 5.09e+00    -  6.96e-01 4.72e-01H  1
1011  4.6981542e+00 8.49e-03 2.38e-01  -4.7 3.13e+01    -  2.95e-01 2.16e-02h  4
1012  4.6875160e+00 1.33e-02 3.38e-01  -4.7 1.06e+02    -  6.62e-02 1.47e-02h  4
1013  4.6825682e+00 1.56e-02 4.11e-01  -4.7 3.93e+01    -  1.43e-01 2.93e-02h  3
1014  4.6797384e+00 1.69e-02 4.67e-01  -4.7 2.14e+01    -  1.92e-01 5.06e-02h  3
1015  4.6669924e+00 1.90e-02 5.39e-01  -4.7 1.97e+01    -  2.69e-01 7.08e-02h  3
1016  4.6622864e+00 8.75e-02 9.43e-01  -4.7 1.21e+02    -  4.37e-02 4.96e-02h  2
1017  4.6508531e+00 8.68e-02 9.60e-01  -4.7 1.29e+01    -  2.87e-02 7.31e-03h  3
1018  4.6336895e+00 4.26e-02 4.94e-01  -4.2 3.06e+00    -  8.24e-01 5.80e-01h  1
1019  4.7721713e+00 4.67e-02 5.84e-01  -3.3 4.33e+01    -  7.28e-02 3.92e-02f  3
iter    objective    inf_pr   inf_du lg(mu)  ||d||  lg(rg) alpha_du alpha_pr  ls
1020  4.8932675e+00 6.50e-03 8.85e-01  -4.1 8.05e+00    -  9.05e-01 9.46e-01H  1
1021  4.8692679e+00 4.30e-02 1.33e+00  -4.1 1.51e+02    -  8.48e-02 2.92e-02f  2
1022  4.8417771e+00 4.44e-02 1.43e+00  -4.1 3.89e+01    -  1.63e-01 3.13e-02h  3
1023  5.1711018e+00 2.93e-02 1.15e+00  -4.1 2.54e+00    -  2.78e-01 3.80e-01h  1
1024  4.6380859e+00 4.77e-02 2.15e-01  -4.1 4.91e+00    -  6.78e-01 1.00e+00f  1
1025  4.7243977e+00 4.36e-02 1.93e-01  -4.1 2.47e+00    -  1.45e-01 8.69e-02h  2
1026  4.6133057e+00 4.01e-03 8.02e-02  -4.1 1.39e+00    -  1.00e+00 1.00e+00h  1
1027  4.6831724e+00 5.35e-03 4.51e-01  -4.3 4.70e+00    -  1.00e+00 8.04e-01H  1
1028  4.6712218e+00 8.93e-03 6.51e-01  -4.4 2.83e+01    -  2.77e-01 5.67e-02h  3
1029  4.6197428e+00 5.01e-02 1.33e+00  -4.4 1.58e+02    -  9.61e-02 3.41e-02f  1
iter    objective    inf_pr   inf_du lg(mu)  ||d||  lg(rg) alpha_du alpha_pr  ls
1030  4.5894986e+00 7.42e-02 1.84e+00  -4.4 9.14e+02    -  2.29e-02 4.68e-03f  2
1031  5.2653227e+00 1.41e-01 2.57e+00  -2.4 4.41e+02    -  1.59e-02 1.74e-02f  1
1032  5.1723266e+00 1.64e-01 3.02e+00  -4.1 1.23e+02    -  1.15e-01 3.99e-02h  1
1033  5.1653821e+00 1.68e-01 3.11e+00  -4.1 1.63e+02    -  6.77e-02 1.89e-02h  3
1034  5.1211074e+00 1.60e-01 2.88e+00  -4.1 2.66e+01    -  1.68e-01 1.97e-01h  1
1035  4.9458110e+00 1.61e-01 2.88e+00  -4.1 5.19e+01    -  1.42e-01 8.93e-02h  1
1036  4.7927502e+00 1.58e-01 2.86e+00  -4.1 5.08e+01    -  4.80e-02 5.42e-02h  1
1037  4.7603599e+00 1.40e-01 2.61e+00  -4.1 4.13e+00    -  1.72e-01 1.23e-01h  1
1038  4.5025140e+00 2.17e-02 2.74e+00  -4.1 3.53e+00    -  2.00e-01 1.00e+00h  1
1039  4.5733193e+00 2.06e-02 2.31e+00  -4.0 5.96e+00    -  2.88e-01 1.16e-01h  2
iter    objective    inf_pr   inf_du lg(mu)  ||d||  lg(rg) alpha_du alpha_pr  ls
1040  4.4703293e+00 2.62e-03 1.32e-01  -4.0 8.97e-01    -  9.57e-01 1.00e+00h  1
1041  4.5979373e+00 1.79e-03 2.95e-01  -4.1 1.82e+00    -  9.92e-01 6.78e-01H  1
1042  4.4376953e+00 9.69e-04 4.50e-01  -4.4 2.35e-01    -  1.00e+00 5.96e-01h  1
1043  4.4082374e+00 6.39e-04 4.40e-02  -4.0 4.49e-01    -  1.00e+00 1.00e+00h  1
1044  4.3829082e+00 8.83e-04 1.12e-01  -4.6 1.47e-01    -  1.00e+00 8.59e-01h  1
1045  4.3484163e+00 1.42e-03 1.09e-01  -4.8 2.78e-01    -  1.00e+00 8.43e-01h  1
1046  4.3664265e+00 3.20e-04 6.04e-02  -4.5 4.96e-01    -  1.00e+00 7.71e-01H  1
1047  4.3330822e+00 2.71e-04 1.06e-01  -5.1 1.03e-01    -  1.00e+00 6.94e-01h  1
1048  4.3222728e+00 3.49e-04 2.63e-01  -5.5 5.51e-02    -  9.61e-01 5.04e-01h  1
1049  4.3181104e+00 2.89e-04 3.91e-01  -5.2 1.07e-01    -  1.00e+00 5.08e-01h  1
iter    objective    inf_pr   inf_du lg(mu)  ||d||  lg(rg) alpha_du alpha_pr  ls
1050  4.3156422e+00 5.43e-04 3.51e-01  -4.9 4.30e-01    -  8.50e-01 3.30e-01h  1
1051  4.3122201e+00 1.35e-03 2.26e-01  -5.1 8.30e-01    -  1.00e+00 2.09e-01h  1
1052  4.3145054e+00 8.72e-03 2.34e-01  -4.7 1.73e+00    -  6.16e-01 3.61e-01h  1
1053  4.3086020e+00 9.79e-03 2.62e-01  -4.9 2.84e+00    -  3.97e-01 9.27e-02h  1
1054  4.3081179e+00 1.01e-02 3.29e-01  -4.6 2.30e+00    -  3.72e-01 1.27e-01f  2
1055  4.3137004e+00 5.19e-03 1.34e-01  -4.8 4.45e-01    -  6.44e-01 5.66e-01h  1
1056  4.2996535e+00 1.50e-03 1.42e-01  -4.9 2.47e-01    -  9.91e-01 6.64e-01h  1
1057  4.2927653e+00 4.49e-04 4.30e-01  -4.9 8.30e-02    -  1.00e+00 7.18e-01f  1
1058  4.2870905e+00 1.10e-04 2.63e-01  -5.1 4.56e-02    -  1.00e+00 7.51e-01h  1
1059  4.2822613e+00 2.08e-04 1.27e-01  -5.6 1.46e-01    -  1.00e+00 5.90e-01h  1
iter    objective    inf_pr   inf_du lg(mu)  ||d||  lg(rg) alpha_du alpha_pr  ls
1060  4.2812911e+00 1.57e-03 1.44e-01  -4.9 1.05e+00    -  9.96e-01 2.28e-01h  1
1061  4.2815967e+00 2.08e-03 3.78e-01  -4.9 8.80e-01    -  4.94e-01 2.21e-01h  2
1062  4.2790405e+00 3.14e-03 1.48e-01  -5.0 7.44e-01    -  7.96e-01 3.21e-01h  2
1063  4.2732840e+00 2.47e-03 1.55e-01  -6.8 9.88e-01    -  2.68e-01 2.00e-01h  2
1064  4.3089232e+00 7.48e-04 9.86e-02  -4.7 3.75e-01    -  8.05e-01 6.79e-01H  1
1065  4.2772959e+00 7.20e-04 1.40e-01  -4.9 1.60e-01    -  1.00e+00 6.56e-01h  1
1066  4.2681160e+00 3.00e-04 2.34e-01  -5.2 9.81e-02    -  1.00e+00 6.18e-01h  1
1067  4.2626418e+00 4.80e-04 4.59e-02  -5.5 1.25e-01    -  1.00e+00 8.10e-01h  1
1068  4.2605624e+00 2.80e-04 1.34e-01  -5.5 3.63e-01    -  1.00e+00 3.51e-01h  1
1069  4.2618144e+00 6.47e-04 2.32e-01  -5.0 5.68e-01    -  9.15e-01 3.96e-01h  1
iter    objective    inf_pr   inf_du lg(mu)  ||d||  lg(rg) alpha_du alpha_pr  ls
1070  4.2612979e+00 9.73e-04 1.98e-01  -5.1 8.49e-01    -  4.48e-01 2.18e-01h  1
1071  4.2590571e+00 9.05e-04 1.81e-01  -5.1 4.54e-01    -  4.98e-01 2.02e-01h  2
1072  4.2644561e+00 2.90e-03 2.05e-01  -4.8 1.09e-01    -  7.98e-01 6.04e-01h  1
1073  4.2575882e+00 2.99e-03 1.04e-02  -5.0 5.24e-02    -  1.00e+00 1.00e+00h  1
1074  4.2523859e+00 1.15e-03 7.94e-03  -5.3 1.16e-01    -  1.00e+00 9.80e-01h  1
1075  4.2554227e+00 2.47e-04 5.12e-02  -5.0 3.91e-01    -  1.00e+00 7.91e-01H  1
1076  4.2519576e+00 8.01e-04 6.36e-02 -11.0 1.91e+00    -  2.02e-01 9.15e-02h  1
1077  4.2667271e+00 5.52e-03 1.46e-01  -4.3 5.19e+00    -  1.92e-01 1.80e-01f  1
1078  4.2648146e+00 5.10e-03 1.82e-01  -4.9 5.30e+00    -  1.96e-01 9.02e-02h  2
1079  4.2608248e+00 7.97e-03 2.06e-01  -4.9 2.80e+00    -  2.31e-01 1.36e-01h  2
iter    objective    inf_pr   inf_du lg(mu)  ||d||  lg(rg) alpha_du alpha_pr  ls
1080  4.2676455e+00 6.07e-03 2.17e-01  -4.9 2.10e+00    -  3.02e-01 2.41e-01h  1
1081  4.2540297e+00 5.09e-03 2.25e-01  -4.9 1.84e+00    -  2.99e-01 1.58e-01h  1
1082  4.2720785e+00 3.66e-03 2.56e-01  -4.9 2.51e+00    -  5.46e-01 3.80e-01H  1
1083  4.2835627e+00 3.11e-03 1.63e-01  -4.9 4.51e-01    -  2.96e-01 3.61e-01H  1
1084  4.2441959e+00 1.83e-03 1.61e-01  -4.9 1.67e-01    -  8.20e-01 4.16e-01h  1
1085  4.2540448e+00 1.17e-03 1.59e-01  -4.1 3.20e-01    -  4.72e-01 5.02e-01f  1
1086  4.2924007e+00 2.83e-03 2.71e-02  -4.4 1.88e-01    -  1.00e+00 1.00e+00h  1
1087  4.2537893e+00 2.95e-03 1.76e-02  -4.4 7.27e-02    -  1.00e+00 1.00e+00h  1
1088  4.2523841e+00 9.10e-05 5.01e-03  -4.4 2.74e-02    -  1.00e+00 1.00e+00h  1
1089  4.2349289e+00 2.45e-04 1.98e-02  -4.8 8.78e-02    -  1.00e+00 1.00e+00h  1
iter    objective    inf_pr   inf_du lg(mu)  ||d||  lg(rg) alpha_du alpha_pr  ls
1090  4.2260912e+00 1.74e-03 1.87e-01  -5.2 3.27e-01    -  9.99e-01 4.92e-01h  1
1091  4.2255640e+00 1.21e-04 3.88e-02  -4.9 2.79e-01    -  1.00e+00 1.00e+00H  1
1092  4.2216727e+00 3.12e-04 1.48e-01  -5.2 3.06e-01    -  7.78e-01 2.98e-01h  2
1093  4.2326074e+00 2.83e-03 1.56e-01  -4.6 1.87e-01    -  6.86e-01 1.00e+00h  1
1094  4.2356500e+00 5.44e-04 8.09e-02  -4.8 9.50e-02    -  1.00e+00 8.07e-01h  1
1095  4.2204011e+00 6.23e-04 5.67e-03  -4.8 9.01e-02    -  1.00e+00 1.00e+00f  1
1096  4.2123127e+00 6.50e-04 3.66e-02  -5.3 1.58e-01    -  1.00e+00 8.56e-01h  1
1097  4.2221501e+00 4.48e-04 4.92e-02  -5.0 8.04e-01    -  1.00e+00 8.94e-01H  1
1098  4.2195132e+00 1.40e-03 7.38e-02  -5.1 3.36e+00    -  3.52e-01 1.41e-01h  2
1099  4.2191110e+00 2.91e-03 8.84e-02  -5.1 4.09e+00    -  2.67e-01 1.00e-01h  2
iter    objective    inf_pr   inf_du lg(mu)  ||d||  lg(rg) alpha_du alpha_pr  ls
1100  4.2134904e+00 2.59e-03 8.55e-02  -5.1 1.11e+00    -  2.37e-01 1.23e-01h  2
1101  4.2101103e+00 2.96e-03 8.18e-02  -5.1 4.23e-01    -  5.39e-01 7.40e-01h  1
1102  4.2074554e+00 2.89e-03 3.88e-01  -5.1 6.76e-01    -  5.60e-01 1.68e-01h  3
1103  4.2264472e+00 2.30e-03 2.54e-02  -4.9 8.30e-02    -  1.00e+00 1.00e+00h  1
1104  4.2051781e+00 1.09e-03 8.98e-03  -5.0 1.74e-01    -  9.74e-01 1.00e+00h  1
1105  4.2015255e+00 2.55e-04 1.36e-02  -5.4 1.33e-01    -  1.00e+00 9.70e-01h  1
1106  4.1971285e+00 5.59e-04 5.19e-02  -5.6 8.82e-02    -  1.00e+00 7.54e-01h  1
1107  4.1987615e+00 1.20e-04 1.02e-01  -5.4 8.63e-02    -  7.67e-01 8.74e-01H  1
1108  4.1941642e+00 3.34e-04 3.22e-02  -5.9 5.39e-02    -  1.00e+00 8.77e-01h  1
1109  4.1931646e+00 1.72e-04 1.71e-01  -6.1 7.11e-02    -  1.00e+00 4.82e-01h  1
iter    objective    inf_pr   inf_du lg(mu)  ||d||  lg(rg) alpha_du alpha_pr  ls
1110  4.1922724e+00 7.92e-05 3.64e-02  -6.1 1.26e-01    -  1.00e+00 5.39e-01h  1
1111  4.1909447e+00 3.63e-04 2.26e-01  -5.6 1.35e+00    -  8.42e-01 1.40e-01h  1
1112  4.1897463e+00 2.84e-03 2.25e-01  -5.4 4.23e+00    -  1.73e-01 5.94e-02h  1
1113  4.1896947e+00 7.77e-03 2.43e-01  -5.7 5.27e+00    -  1.90e-01 8.49e-02h  2
1114  4.1924368e+00 6.70e-03 2.12e-01  -5.1 5.14e+00    -  1.48e-01 1.36e-01h  1
1115  4.1885319e+00 8.90e-03 1.57e-01  -5.6 2.10e+01    -  8.51e-02 2.94e-02h  1
1116  4.1869678e+00 9.46e-03 1.47e-01  -5.5 2.08e+01    -  5.67e-02 2.24e-02h  2
1117  4.1913138e+00 8.63e-03 1.27e-01  -4.5 8.68e+00    -  1.12e-01 8.05e-02h  1
1118  4.1947364e+00 7.44e-03 1.17e-01  -5.3 4.42e+00    -  2.69e-01 1.96e-01H  1
1119  4.1893076e+00 7.83e-03 1.25e-01  -5.3 5.09e+00    -  1.96e-01 7.63e-02h  2
iter    objective    inf_pr   inf_du lg(mu)  ||d||  lg(rg) alpha_du alpha_pr  ls
1120  4.1819793e+00 9.97e-03 1.28e-01  -5.3 2.90e+00    -  2.13e-01 1.39e-01h  1
1121  4.1774871e+00 1.56e-02 1.21e-01  -5.0 1.09e+00    -  2.41e-01 2.80e-01f  1
1122  4.1685104e+00 1.24e-02 1.08e-01  -5.5 6.48e-01    -  2.18e-01 2.97e-01h  1
1123  4.1636406e+00 1.04e-02 9.11e-02  -6.9 1.23e-01    -  2.57e-01 1.57e-01h  1
1124  4.1600516e+00 5.65e-03 1.74e-01  -5.4 2.23e-01    -  1.00e+00 4.63e-01h  1
1125  4.1836905e+00 2.55e-03 3.14e-01  -4.6 7.76e-01    -  1.65e-01 5.47e-01h  1
1126  4.1694666e+00 2.26e-03 3.14e-02  -5.2 2.11e-01    -  1.00e+00 9.86e-01h  1
1127  4.1682333e+00 1.40e-03 9.98e-02  -4.9 1.12e-01    -  1.00e+00 8.95e-01f  1
1128  4.1594748e+00 1.95e-04 7.01e-03  -5.0 4.15e-02    -  1.00e+00 1.00e+00h  1
1129  4.1546804e+00 1.35e-04 4.41e-02  -5.6 2.69e-02    -  9.99e-01 8.86e-01h  1
iter    objective    inf_pr   inf_du lg(mu)  ||d||  lg(rg) alpha_du alpha_pr  ls
1130  4.1517321e+00 3.76e-04 6.69e-02  -5.6 8.85e-02    -  1.00e+00 6.30e-01h  1
1131  4.1551276e+00 1.47e-03 4.42e-02  -5.1 5.10e-01    -  1.00e+00 8.40e-01h  1
1132  4.1540020e+00 2.07e-03 8.58e-02  -5.2 3.36e+00    -  3.84e-01 1.24e-01h  1
1133  4.1525723e+00 4.65e-03 1.65e-01  -5.2 5.46e+00    -  1.70e-01 1.57e-01h  1
1134  4.1500401e+00 4.66e-03 1.76e-01  -5.2 7.86e+00    -  1.13e-01 3.56e-02h  1
1135  4.1486309e+00 5.32e-03 1.99e-01  -7.3 8.38e+00    -  1.25e-01 8.16e-02h  2
1136  4.1497969e+00 5.08e-03 1.97e-01  -4.8 5.22e+00    -  1.91e-01 8.74e-02h  1
1137  4.1553709e+00 4.98e-03 1.98e-01  -5.2 3.65e+00    -  1.97e-01 2.14e-01h  1
1138  4.1490849e+00 4.84e-03 2.02e-01  -5.2 5.77e+00    -  1.83e-01 8.15e-02h  2
1139  4.1411596e+00 4.87e-03 2.12e-01  -5.2 1.19e+01    -  1.35e-01 4.72e-02h  2
iter    objective    inf_pr   inf_du lg(mu)  ||d||  lg(rg) alpha_du alpha_pr  ls
1140  4.1376440e+00 4.69e-03 2.13e-01  -4.6 8.60e+00    -  2.01e-01 8.05e-02h  2
1141  4.1329195e+00 4.45e-03 2.20e-01  -5.9 7.25e+00    -  1.75e-01 6.24e-02h  2
1142  4.1276767e+00 4.32e-03 2.15e-01  -5.4 1.01e+01    -  1.63e-01 7.13e-02h  2
1143  4.1241616e+00 4.52e-03 2.31e-01  -4.8 2.72e+01    -  7.85e-02 3.53e-02h  3
1144  4.1226237e+00 8.98e-03 2.73e-01  -5.3 3.78e+01    -  1.03e-01 5.42e-02h  2
1145  4.1199409e+00 1.52e-02 3.34e-01  -4.6 1.01e+02    -  6.10e-02 2.00e-02h  3
1146  4.1142484e+00 1.92e-02 4.01e-01  -5.0 1.56e+02    -  2.82e-02 1.31e-02h  3
1147  4.2068029e+00 4.00e-02 5.94e-01  -3.8 1.85e+02    -  4.54e-02 3.37e-02f  1
1148  4.1962811e+00 4.28e-02 6.66e-01  -4.9 1.32e+02    -  3.92e-02 1.77e-02h  2
1149  4.1905433e+00 4.70e-02 7.60e-01  -4.9 2.25e+02    -  3.98e-02 1.21e-02h  1
iter    objective    inf_pr   inf_du lg(mu)  ||d||  lg(rg) alpha_du alpha_pr  ls
1150  4.1821388e+00 4.76e-02 8.12e-01  -4.9 9.29e+01    -  5.58e-02 1.31e-02h  3
1151  4.1561734e+00 4.74e-02 8.59e-01  -4.9 4.17e+01    -  4.65e-02 3.14e-02h  2
1152  4.1291480e+00 4.70e-02 9.07e-01  -4.9 2.69e+01    -  8.25e-02 3.60e-02h  1
1153  4.0962706e+00 4.49e-02 9.11e-01  -4.9 1.16e+01    -  9.14e-02 6.35e-02h  1
1154  4.0804341e+00 4.63e-02 7.59e-01  -3.9 3.99e+01    -  6.66e-02 5.50e-02f  2
1155  4.1521452e+00 4.36e-02 6.33e-01  -3.5 1.29e+01    -  7.74e-02 8.43e-02f  1
1156  4.5931688e+00 2.81e-02 2.75e-01  -4.4 4.85e+00    -  2.64e-01 3.97e-01h  1
1157  4.2068698e+00 7.03e-03 7.13e-02  -4.4 1.61e+00    -  8.22e-01 8.33e-01f  1
1158  4.1925079e+00 1.22e-02 2.74e-01  -4.4 4.13e+00    -  2.44e-01 4.85e-01f  1
1159  4.1669966e+00 9.34e-03 2.02e-01  -4.4 3.92e+00    -  2.82e-01 2.81e-01h  1
iter    objective    inf_pr   inf_du lg(mu)  ||d||  lg(rg) alpha_du alpha_pr  ls
1160  4.1218937e+00 6.43e-03 1.41e-01  -4.4 7.10e-01    -  4.79e-01 3.96e-01h  1
1161  4.0523010e+00 1.39e-03 2.22e-01  -4.4 1.08e+00    -  7.60e-01 9.15e-01f  1
1162  4.0926422e+00 1.25e-03 6.92e-01  -4.2 1.28e+00    -  9.14e-01 2.42e-01h  2
1163  4.0393183e+00 4.04e-04 8.57e-02  -4.7 2.07e-01    -  1.00e+00 8.80e-01h  1
1164  4.0301810e+00 3.77e-04 1.60e-02  -4.8 1.81e-01    -  1.00e+00 1.00e+00h  1
1165  4.0199812e+00 4.06e-04 5.84e-02  -5.1 1.19e-01    -  1.00e+00 6.94e-01h  1
1166  4.0140369e+00 6.69e-04 9.50e-02  -5.2 8.68e-02    -  1.00e+00 6.15e-01h  1
1167  4.0091065e+00 3.78e-04 1.15e-02  -5.5 6.73e-02    -  1.00e+00 9.46e-01h  1
1168  4.0064712e+00 1.91e-04 1.18e-01  -5.5 1.02e-01    -  1.00e+00 5.54e-01h  1
1169  4.0043532e+00 3.17e-04 2.61e-01  -5.6 2.76e-01    -  1.00e+00 3.03e-01h  1
iter    objective    inf_pr   inf_du lg(mu)  ||d||  lg(rg) alpha_du alpha_pr  ls
1170  4.0026206e+00 3.28e-04 3.39e-01  -5.8 4.49e-01    -  1.00e+00 2.39e-01h  1
1171  4.0010463e+00 7.89e-04 2.50e-01  -5.5 6.78e-01    -  5.62e-01 2.81e-01h  1
1172  3.9991629e+00 8.96e-04 1.84e-01  -5.8 1.45e+00    -  4.04e-01 1.09e-01h  1
1173  3.9980463e+00 1.04e-03 2.87e-01  -5.4 1.60e+00    -  5.55e-01 1.24e-01h  2
1174  3.9957489e+00 1.08e-03 1.88e-01  -5.5 1.81e+00    -  1.89e-01 1.26e-01h  2
1175  3.9975963e+00 1.17e-03 3.47e-01  -4.9 2.48e+00    -  3.10e-01 1.10e-01h  1
1176  3.9988267e+00 1.12e-03 2.50e-01  -5.3 3.28e-01    -  2.55e-01 4.67e-01h  1
1177  3.9939683e+00 1.17e-03 3.12e-01  -5.3 8.54e-02    -  3.95e-01 5.47e-01f  1
1178  3.9907321e+00 1.37e-04 4.02e-03  -5.5 3.51e-02    -  1.00e+00 1.00e+00h  1
1179  3.9890340e+00 1.72e-04 2.00e-02  -5.9 2.15e-02    -  1.00e+00 8.79e-01h  1
iter    objective    inf_pr   inf_du lg(mu)  ||d||  lg(rg) alpha_du alpha_pr  ls
1180  3.9879100e+00 4.56e-05 1.97e-02  -6.0 6.42e-02    -  1.00e+00 8.15e-01h  1
1181  3.9899211e+00 1.33e-03 7.65e-02  -5.3 6.81e-01    -  5.31e-01 3.35e-01h  1
1182  3.9914334e+00 6.61e-04 3.93e-02  -5.6 4.41e-01    -  6.50e-01 4.67e-01H  1
1183  3.9881614e+00 4.45e-04 6.11e-02  -5.6 2.73e-01    -  6.08e-01 4.33e-01f  2
1184  3.9877810e+00 1.08e-03 2.66e-02  -5.6 1.25e-01    -  6.34e-01 6.24e-01h  1
1185  3.9854443e+00 9.41e-04 4.42e-03  -5.3 4.09e-02    -  1.00e+00 1.00e+00f  1
1186  3.9833895e+00 1.37e-03 5.56e-03  -5.6 1.18e-01    -  1.00e+00 9.76e-01h  1
1187  3.9839572e+00 1.12e-03 1.24e-01  -5.1 1.03e+00    -  9.70e-01 1.67e-01h  2
1188  3.9827803e+00 3.56e-04 9.58e-02  -5.2 1.71e+00    -  4.18e-01 1.40e-01h  1
1189  3.9815564e+00 1.46e-03 1.24e-01  -5.1 8.28e+00    -  1.79e-01 4.02e-02h  3
iter    objective    inf_pr   inf_du lg(mu)  ||d||  lg(rg) alpha_du alpha_pr  ls
1190  3.9851401e+00 1.45e-03 1.01e-01  -4.8 4.08e+00    -  2.02e-01 1.03e-01h  2
1191  3.9839438e+00 1.23e-03 1.02e-01  -5.1 1.72e+00    -  4.54e-01 1.74e-01h  2
1192  3.9804041e+00 1.68e-03 1.13e-01  -5.1 9.33e+00    -  1.73e-01 7.77e-02h  2
1193  3.9825392e+00 1.80e-03 1.15e-01  -4.6 1.17e+01    -  2.52e-01 3.27e-02h  4
1194  3.9793100e+00 1.73e-03 1.09e-01  -5.0 3.09e+00    -  5.67e-01 1.53e-01h  3
1195  3.9779712e+00 1.69e-03 1.41e-01  -4.7 7.69e+00    -  1.91e-01 3.40e-02h  4
1196  3.9766739e+00 1.72e-03 8.30e-02  -5.1 1.72e+00    -  3.10e-01 1.71e-01h  2
1197  3.9774215e+00 2.28e-03 7.19e-02  -5.3 1.76e+00    -  4.96e-01 4.22e-01H  1
1198  3.9743316e+00 2.02e-03 8.52e-02  -5.3 3.46e+00    -  3.57e-01 1.32e-01h  2
1199  3.9696378e+00 1.86e-03 9.64e-02  -7.3 4.20e+00    -  1.61e-01 8.02e-02h  2
iter    objective    inf_pr   inf_du lg(mu)  ||d||  lg(rg) alpha_du alpha_pr  ls
1200  3.9657522e+00 3.21e-03 2.05e-01  -4.7 8.41e+00    -  3.80e-01 1.66e-01h  1
1201  3.9727039e+00 4.50e-03 2.13e-01  -4.2 2.94e+01    -  1.20e-01 3.54e-02h  2
1202  3.9719035e+00 4.44e-03 2.96e-01  -4.9 9.69e+00    -  2.56e-01 5.60e-02h  2
1203  3.9679679e+00 5.53e-03 5.67e-01  -4.9 1.25e+01    -  3.09e-01 8.49e-02h  2
1204  3.9633226e+00 9.58e-03 5.97e-01  -4.9 3.15e+01    -  1.04e-01 6.35e-02h  2
1205  3.9586162e+00 1.08e-02 6.24e-01 -10.8 7.05e+01    -  4.29e-02 1.51e-02h  3
1206  3.9853992e+00 2.19e-02 5.92e-01  -4.1 4.98e+01    -  6.51e-02 5.92e-02h  2
1207  3.9827115e+00 2.15e-02 4.08e-01  -4.8 2.33e+01    -  1.16e-01 2.84e-02h  3
1208  4.0576877e+00 1.58e-02 3.77e-01  -4.8 4.52e+00    -  1.89e-01 2.78e-01H  1
1209  3.9987352e+00 1.00e-02 2.37e-01  -4.8 5.07e-01    -  3.68e-01 3.79e-01f  1
iter    objective    inf_pr   inf_du lg(mu)  ||d||  lg(rg) alpha_du alpha_pr  ls
1210  3.9426531e+00 5.96e-03 2.07e-01  -4.8 1.69e+00    -  1.10e-01 4.72e-01f  1
1211  3.9344053e+00 5.62e-03 2.68e-01  -4.8 2.57e+00    -  1.74e-01 6.04e-02h  1
1212  3.9897044e+00 5.51e-03 6.67e-01  -4.3 1.01e+00    -  6.04e-01 1.00e+00h  1
1213  3.9939506e+00 3.64e-03 9.04e-01  -4.5 2.06e+00    -  8.41e-01 4.02e-01h  1
1214  3.9883776e+00 4.41e-03 6.39e-01  -4.5 2.92e+00    -  9.82e-02 3.64e-01f  2
1215  3.9726084e+00 3.87e-03 5.07e-01  -4.5 1.71e+00    -  5.31e-01 1.74e-01h  2
1216  3.9514827e+00 4.51e-03 3.43e-01  -4.5 4.38e-01    -  6.97e-01 1.00e+00h  1
1217  4.0405442e+00 5.33e-04 2.07e-01  -4.1 8.51e-01    -  7.70e-01 1.00e+00H  1
1218  4.0573641e+00 1.77e-04 6.35e-02  -4.3 2.26e-01    -  1.00e+00 8.94e-01H  1
1219  3.9526262e+00 9.19e-04 1.55e-01  -4.3 1.68e-01    -  8.67e-01 1.00e+00f  1
iter    objective    inf_pr   inf_du lg(mu)  ||d||  lg(rg) alpha_du alpha_pr  ls
1220  3.9299639e+00 1.08e-03 4.27e-02  -4.8 7.69e-02    -  1.00e+00 9.64e-01h  1
1221  3.9155216e+00 7.24e-04 1.24e-01  -4.8 5.94e-02    -  1.00e+00 7.97e-01h  1
1222  3.9105559e+00 7.52e-04 9.54e-02  -4.9 1.58e-01    -  1.00e+00 8.28e-01h  1
1223  3.9058476e+00 3.77e-04 7.72e-02  -5.1 4.40e-02    -  1.00e+00 6.73e-01h  1
1224  3.8996978e+00 3.07e-04 2.54e-02  -5.3 3.88e-02    -  1.00e+00 8.78e-01h  1
1225  3.8976384e+00 6.76e-04 1.04e-01  -5.4 3.82e-02    -  1.00e+00 7.52e-01h  1
1226  3.8954344e+00 9.10e-04 3.02e-02  -5.4 7.00e-02    -  1.00e+00 8.86e-01h  1
1227  3.8943651e+00 8.75e-04 3.40e-01  -5.1 4.12e-01    -  8.29e-01 2.45e-01h  1
1228  3.8936801e+00 7.12e-04 4.21e-01  -5.2 3.87e-01    -  6.55e-01 1.93e-01h  1
1229  3.8905612e+00 6.64e-04 2.22e-01  -5.9 3.19e-01    -  6.02e-01 4.60e-01h  1
iter    objective    inf_pr   inf_du lg(mu)  ||d||  lg(rg) alpha_du alpha_pr  ls
1230  3.8888725e+00 7.28e-04 4.15e-01  -5.5 9.33e-01    -  7.42e-01 9.01e-02h  1
1231  3.8916755e+00 5.80e-03 1.23e+01  -5.0 8.97e-01    -  3.05e-01 3.24e-01h  1
1232  3.8884799e+00 5.13e-03 3.32e-01  -5.4 9.28e-01    -  6.22e-01 1.34e-01h  1
1233  3.9058219e+00 5.47e-03 3.19e-01  -4.3 9.16e-01    -  1.42e-01 1.63e-01f  2
1234  3.9047787e+00 5.31e-03 4.58e-01  -5.1 9.71e-02    -  4.67e-01 2.79e-02h  1
1235  3.8922659e+00 3.57e-03 1.28e+00  -5.1 1.02e-01    -  9.28e-02 3.28e-01f  1
1236  3.8921497e+00 3.55e-03 1.39e+00  -5.1 1.01e-01    -  6.33e-01 4.21e-03h  1
1237  3.8838609e+00 7.15e-04 3.03e-01  -5.1 3.15e-02    -  5.09e-01 9.59e-01f  1
1238  3.8833934e+00 4.77e-04 5.23e-01  -5.1 1.22e-01    -  1.00e+00 1.00e+00f  1
1239  3.8846315e+00 9.23e-04 5.79e-01  -4.9 9.98e-01    -  7.54e-01 1.57e-01h  3
iter    objective    inf_pr   inf_du lg(mu)  ||d||  lg(rg) alpha_du alpha_pr  ls
1240  3.8854015e+00 5.69e-03 2.91e-01  -5.0 1.18e+00    -  5.41e-01 5.08e-01h  1
1241  3.8835632e+00 5.62e-03 2.72e-01  -5.0 6.59e+00    -  2.24e-01 6.88e-02h  2
1242  3.8813280e+00 5.34e-03 2.83e-01  -5.0 3.88e+00    -  1.89e-01 5.30e-02h  3
1243  3.8811531e+00 4.74e-03 2.72e-01  -4.6 1.32e+00    -  4.25e-01 1.11e-01h  3
1244  3.9948649e+00 2.11e-03 2.82e-01  -4.5 3.84e-01    -  4.61e-01 9.56e-01H  1
1245  3.9098531e+00 4.40e-03 3.46e-02  -4.7 1.62e-01    -  1.00e+00 1.00e+00h  1
1246  3.8918817e+00 2.69e-03 6.86e-02  -4.7 1.46e-01    -  9.88e-01 8.33e-01h  1
1247  3.8846797e+00 1.65e-03 8.45e-03  -4.7 9.32e-02    -  1.00e+00 1.00e+00f  1
1248  3.8864739e+00 1.81e-03 1.18e-02  -4.7 4.13e-02    -  1.00e+00 1.00e+00h  1
1249  3.8739932e+00 1.63e-03 4.93e-02  -5.3 5.14e-02    -  1.00e+00 9.03e-01h  1
iter    objective    inf_pr   inf_du lg(mu)  ||d||  lg(rg) alpha_du alpha_pr  ls
1250  3.8714290e+00 2.34e-04 8.69e-03  -5.1 3.75e-02    -  1.00e+00 1.00e+00h  1
1251  3.8656661e+00 1.59e-03 2.87e-02  -5.4 5.09e-02    -  1.00e+00 8.31e-01h  1
1252  3.8691175e+00 3.23e-04 2.10e-02  -5.1 7.29e-02    -  1.00e+00 1.00e+00h  1
1253  3.8671292e+00 5.80e-05 9.78e-03  -5.1 2.80e-02    -  1.00e+00 1.00e+00h  1
1254  3.8623962e+00 3.97e-04 2.08e-02  -5.6 3.00e-02    -  1.00e+00 8.26e-01h  1
1255  3.8611534e+00 2.07e-04 2.51e-02  -5.6 7.94e-02    -  1.00e+00 8.26e-01h  1
1256  3.8596745e+00 1.03e-03 1.09e-01  -5.6 4.48e-01    -  5.06e-01 2.32e-01h  1
1257  3.8591602e+00 1.55e-03 3.19e-01  -5.3 1.59e+00    -  2.98e-01 5.92e-02h  2
1258  3.8597456e+00 1.18e-03 4.03e-01  -5.1 5.39e-01    -  6.35e-01 1.78e-01h  1
1259  3.8677939e+00 3.91e-04 3.28e-01  -5.3 3.21e-01    -  4.79e-01 9.14e-01H  1
iter    objective    inf_pr   inf_du lg(mu)  ||d||  lg(rg) alpha_du alpha_pr  ls
1260  3.8642959e+00 3.06e-04 1.55e-01  -5.3 4.44e-01    -  6.76e-01 2.34e-01f  2
1261  3.8865401e+00 1.84e-04 1.53e-01  -5.1 1.00e-01    -  7.12e-01 1.00e+00H  1
1262  3.8659188e+00 4.20e-04 1.92e-01  -5.2 6.62e-02    -  1.00e+00 4.99e-01h  1
1263  3.8583432e+00 1.33e-04 4.31e-03  -5.2 4.15e-02    -  9.91e-01 1.00e+00f  1
1264  3.8562953e+00 4.72e-05 1.34e-01  -5.8 1.33e-02    -  1.00e+00 6.48e-01h  1
1265  3.8549749e+00 2.44e-04 1.81e-01  -6.3 2.42e-02    -  1.00e+00 3.96e-01h  1
1266  3.8539204e+00 1.32e-03 1.07e-01  -5.7 1.85e-01    -  1.00e+00 3.26e-01h  1
1267  3.8548127e+00 5.53e-04 6.43e-02  -5.2 2.54e-01    -  7.15e-01 4.00e-01h  1
1268  3.8598121e+00 1.33e-04 2.75e-02  -5.4 3.60e-01    -  1.00e+00 8.58e-01H  1
1269  3.8578538e+00 6.22e-04 7.18e-02  -5.4 3.38e-01    -  9.94e-01 5.50e-01F  1
iter    objective    inf_pr   inf_du lg(mu)  ||d||  lg(rg) alpha_du alpha_pr  ls
1270  3.8535706e+00 1.11e-03 5.42e-02  -5.4 9.98e-02    -  2.63e-01 4.18e-01f  2
1271  3.8565873e+00 1.40e-03 1.19e-01  -5.2 8.18e-02    -  7.38e-01 1.00e+00h  1
1272  3.8533885e+00 1.35e-03 6.23e-03  -5.3 1.13e-01    -  1.00e+00 1.00e+00h  1
1273  3.8511534e+00 9.36e-04 2.04e-01  -5.8 2.12e-01    -  1.00e+00 3.06e-01h  1
1274  3.8512582e+00 1.61e-04 6.11e-02  -5.8 2.63e-01    -  1.00e+00 8.24e-01H  1
1275  3.8492423e+00 4.70e-04 1.66e-01  -6.1 3.26e-01    -  1.00e+00 4.81e-01h  1
1276  3.8518939e+00 1.27e-03 8.49e-02  -5.1 1.33e-01    -  4.88e-01 5.25e-01h  1
1277  3.8477281e+00 5.03e-05 7.78e-03  -5.5 2.91e-02    -  1.00e+00 1.00e+00h  1
1278  3.8452515e+00 1.29e-03 1.27e-01  -6.1 1.56e-01    -  1.00e+00 5.62e-01h  1
1279  3.8443474e+00 1.10e-03 1.22e-01  -5.8 1.24e+00    -  1.00e+00 1.46e-01h  1
iter    objective    inf_pr   inf_du lg(mu)  ||d||  lg(rg) alpha_du alpha_pr  ls
1280  3.8479170e+00 8.70e-04 1.40e-01  -4.8 7.03e+00    -  1.78e-01 9.83e-02h  1
1281  3.8474775e+00 8.66e-04 1.30e-01  -5.5 5.94e+00    -  1.88e-01 9.27e-03h  1
1282  3.8457509e+00 1.00e-03 1.72e-01  -5.5 9.57e+00    -  2.33e-01 3.63e-02f  3
1283  3.8433037e+00 1.20e-03 1.79e-01  -5.5 9.05e+00    -  1.35e-01 4.81e-02h  3
1284  3.8412824e+00 3.15e-03 2.23e-01  -5.0 3.58e+01    -  1.01e-01 3.33e-02h  1
1285  3.8379953e+00 3.61e-03 4.18e-01  -4.7 3.08e+01    -  1.85e-01 1.99e-02h  1
1286  3.8385532e+00 3.70e-03 3.93e-01  -4.8 1.49e+01    -  1.02e-01 2.84e-02h  4
1287  3.8388649e+00 6.57e-03 3.27e-01  -5.2 6.83e+00    -  1.38e-01 2.57e-01h  1
1288  3.8350969e+00 8.05e-03 3.54e-01  -5.2 6.01e+01    -  5.00e-02 2.00e-02h  2
1289  3.8385009e+00 1.96e-02 5.27e-01  -4.1 1.09e+02    -  7.15e-02 2.92e-02h  2
iter    objective    inf_pr   inf_du lg(mu)  ||d||  lg(rg) alpha_du alpha_pr  ls
1290  3.8333460e+00 2.19e-02 6.07e-01  -5.0 1.35e+02    -  2.93e-02 1.15e-02h  3
1291  3.8370181e+00 2.63e-02 6.95e-01  -4.1 9.77e+01    -  4.48e-02 2.11e-02h  2
1292  3.8307459e+00 3.11e-02 7.85e-01  -4.9 8.63e+01    -  5.09e-02 2.48e-02h  2
1293  3.8277211e+00 3.63e-02 8.68e-01  -4.2 1.54e+02    -  5.99e-02 1.26e-02h  3
1294  3.8374094e+00 3.66e-02 8.86e-01  -3.9 6.75e+01    -  3.33e-02 9.03e-03h  3
1295  3.8214676e+00 2.72e-02 7.09e-01  -4.8 7.75e-01    -  2.12e-01 2.60e-01h  1
1296  3.8308873e+00 1.53e-02 3.46e-01  -4.4 2.59e+00    -  6.15e-01 5.05e-01f  1
1297  3.8253579e+00 1.45e-02 2.75e-01  -4.3 7.72e+00    -  2.34e-01 1.08e-01h  2
1298  3.8434382e+00 1.31e-02 2.63e-01  -4.2 5.65e+00    -  1.80e-01 1.30e-01h  2
1299  3.9931131e+00 2.96e-03 1.35e-01  -4.5 2.98e+00    -  7.11e-01 9.17e-01H  1
iter    objective    inf_pr   inf_du lg(mu)  ||d||  lg(rg) alpha_du alpha_pr  ls
1300  3.9612054e+00 1.01e-02 2.27e-01  -4.5 8.94e+00    -  2.80e-01 2.28e-01f  2
1301  3.9145271e+00 1.24e-02 2.70e-01  -4.5 1.59e+01    -  1.29e-01 7.37e-02h  2
1302  3.8554023e+00 2.20e-02 2.85e-01  -4.5 2.70e+00    -  2.54e-01 1.68e-01h  1
1303  3.8378958e+00 1.18e-02 1.95e-01  -4.5 5.57e-01    -  4.40e-01 5.15e-01f  1
1304  3.8437376e+00 8.63e-03 4.68e-01  -4.0 2.06e-01    -  7.68e-01 1.00e+00f  1
1305  3.8386234e+00 1.02e-03 1.11e-01  -4.2 6.30e-01    -  1.00e+00 9.30e-01h  1
1306  3.8887400e+00 3.38e-03 3.60e-01  -3.8 2.72e+00    -  8.09e-01 2.50e-01f  3
1307  4.0158600e+00 2.65e-04 2.25e-01  -4.0 1.44e+00    -  1.00e+00 1.00e+00H  1
1308  3.9561526e+00 1.06e-03 2.20e-01  -4.0 3.74e-01    -  7.59e-01 3.68e-01f  2
1309  3.8873691e+00 6.37e-03 3.49e-02  -4.0 6.04e-01    -  1.00e+00 1.00e+00h  1
iter    objective    inf_pr   inf_du lg(mu)  ||d||  lg(rg) alpha_du alpha_pr  ls
1310  3.9226410e+00 7.32e-04 4.36e-02  -4.0 2.65e-01    -  1.00e+00 8.90e-01h  1
1311  3.8812975e+00 7.96e-04 1.33e-02  -4.0 1.19e-01    -  1.00e+00 1.00e+00f  1
1312  3.8819439e+00 5.96e-05 5.38e-03  -4.0 1.21e-01    -  1.00e+00 1.00e+00h  1
1313  3.8099293e+00 6.48e-03 8.87e-02  -4.4 7.71e-02    -  9.97e-01 9.79e-01h  1
1314  3.7972241e+00 6.14e-03 7.26e-02  -4.4 1.78e-01    -  1.00e+00 9.87e-01h  1
1315  3.7904692e+00 1.69e-03 6.89e-02  -4.4 6.07e-02    -  8.26e-01 1.00e+00h  1
1316  3.7685209e+00 1.55e-03 7.01e-02  -4.9 3.41e-02    -  1.00e+00 6.90e-01h  1
1317  3.7574159e+00 4.76e-04 1.58e-02  -4.9 6.99e-02    -  1.00e+00 8.35e-01h  1
1318  3.7492205e+00 1.94e-03 8.68e-02  -5.1 1.74e-01    -  1.00e+00 7.22e-01h  1
1319  3.7672806e+00 1.48e-04 2.90e-02  -4.8 1.62e-01    -  8.16e-01 9.56e-01H  1
iter    objective    inf_pr   inf_du lg(mu)  ||d||  lg(rg) alpha_du alpha_pr  ls
1320  3.7493650e+00 3.33e-04 5.84e-02  -5.2 4.87e-02    -  1.00e+00 5.53e-01h  1
1321  3.7415901e+00 2.76e-04 1.42e-01  -5.5 4.85e-02    -  7.34e-01 5.43e-01h  1
1322  3.7387101e+00 7.93e-04 4.51e-01  -5.8 9.44e-02    -  1.00e+00 3.54e-01h  1
1323  3.7373588e+00 5.77e-04 3.33e-01  -6.0 2.51e-01    -  9.35e-01 1.05e-01h  1
1324  3.7370574e+00 6.96e-04 2.66e-01  -5.0 4.13e-01    -  4.57e-01 1.93e-01h  1
1325  3.7353428e+00 7.09e-04 4.08e-01 -11.0 2.58e-01    -  6.17e-01 1.25e-01h  1
1326  3.7318116e+00 2.21e-03 2.39e-01  -5.8 7.07e-01    -  5.97e-01 1.98e-01h  1
1327  3.7433074e+00 3.37e-03 2.10e-01  -4.3 3.71e-01    -  9.60e-02 1.27e-01f  1
1328  3.7366828e+00 2.34e-03 1.70e-01  -5.3 3.01e-01    -  6.01e-01 3.04e-01h  1
1329  3.7357776e+00 2.10e-03 1.98e-01  -5.3 9.18e-01    -  3.25e-01 1.32e-01h  1
iter    objective    inf_pr   inf_du lg(mu)  ||d||  lg(rg) alpha_du alpha_pr  ls
1330  3.7303234e+00 1.30e-03 2.22e-01  -5.3 9.67e-02    -  1.00e+00 3.91e-01h  1
1331  3.7300789e+00 1.62e-03 7.65e-03  -5.0 3.59e-02    -  1.00e+00 1.00e+00f  1
1332  3.7278450e+00 1.11e-03 1.29e-01  -5.5 5.43e-02    -  1.00e+00 3.49e-01h  1
1333  3.7266642e+00 8.45e-04 9.51e-02  -5.2 2.02e-01    -  1.00e+00 2.78e-01h  2
1334  3.7236963e+00 5.30e-04 1.79e-01  -5.5 3.51e-01    -  1.00e+00 3.19e-01h  1
1335  3.7215894e+00 1.26e-03 1.43e-01  -5.7 1.43e+00    -  5.10e-01 9.19e-02h  1
1336  3.7214008e+00 1.76e-03 2.15e-01  -5.1 7.46e-01    -  7.02e-01 2.04e-01h  2
1337  3.7196985e+00 1.59e-03 1.62e-01  -5.5 6.68e-01    -  7.57e-01 1.83e-01h  1
1338  3.7184662e+00 1.19e-03 2.16e-01  -5.1 6.49e-01    -  6.04e-01 2.65e-01h  2
1339  3.7164987e+00 1.12e-03 1.89e-01  -4.9 1.57e+00    -  5.04e-01 1.30e-01h  2
iter    objective    inf_pr   inf_du lg(mu)  ||d||  lg(rg) alpha_du alpha_pr  ls
1340  3.7168247e+00 1.63e-03 1.93e-01  -4.7 2.29e+00    -  4.22e-01 1.29e-01h  2
1341  3.7162150e+00 1.70e-03 1.92e-01  -5.0 2.12e+00    -  3.88e-01 7.07e-02h  4
1342  3.7151930e+00 1.95e-03 2.05e-01  -5.2 1.63e+00    -  8.04e-01 1.32e-01h  3
1343  3.7120586e+00 3.06e-03 2.53e-01  -5.1 3.50e+00    -  2.27e-01 1.04e-01h  3
1344  3.7109416e+00 3.69e-03 3.05e-01  -4.7 7.14e+00    -  1.85e-01 4.05e-02h  3
1345  3.7592179e+00 1.32e-02 2.52e-01  -4.2 4.86e+00    -  1.84e-01 2.06e-01h  1
1346  3.7732317e+00 1.20e-02 1.02e-01  -4.8 1.83e+00    -  6.91e-01 5.44e-01h  1
1347  3.7678124e+00 1.12e-02 1.09e-01  -4.8 2.34e+00    -  3.00e-01 2.41e-01h  1
1348  3.7344299e+00 7.04e-03 4.35e-01  -4.8 7.91e-01    -  1.92e-01 4.70e-01h  1
1349  3.7212310e+00 5.92e-03 2.39e-01  -4.8 1.04e+00    -  3.44e-01 3.98e-01h  1
iter    objective    inf_pr   inf_du lg(mu)  ||d||  lg(rg) alpha_du alpha_pr  ls
1350  3.7151328e+00 5.82e-03 1.39e-01  -4.8 7.11e-01    -  5.80e-01 3.30e-01f  1
1351  3.7096895e+00 3.35e-03 1.07e-01  -4.8 2.74e-01    -  7.75e-01 4.33e-01h  2
1352  3.7143173e+00 6.46e-03 9.41e-02  -4.6 2.93e-01    -  1.00e+00 7.03e-01h  1
1353  3.7270475e+00 9.39e-04 2.20e-02  -4.9 2.90e-01    -  1.00e+00 9.31e-01h  1
1354  3.7032455e+00 1.26e-03 1.11e-02  -5.0 2.02e-01    -  1.00e+00 1.00e+00h  1
1355  3.7245360e+00 1.00e-04 2.57e-02  -4.7 1.67e-01    -  1.00e+00 1.00e+00H  1
1356  3.6996566e+00 8.42e-04 4.82e-02  -5.2 1.46e-01    -  1.00e+00 8.31e-01h  1
1357  3.7032299e+00 1.92e-04 1.66e-02  -5.0 1.07e-01    -  1.00e+00 1.00e+00h  1
1358  3.6953278e+00 1.24e-04 4.54e-02  -5.5 3.68e-02    -  1.00e+00 7.13e-01h  1
1359  3.6921334e+00 2.30e-04 8.40e-02  -6.0 2.11e-02    -  1.00e+00 6.74e-01h  1
iter    objective    inf_pr   inf_du lg(mu)  ||d||  lg(rg) alpha_du alpha_pr  ls
1360  3.6910523e+00 9.65e-05 7.18e-02  -5.7 2.12e-02    -  1.00e+00 5.82e-01h  1
1361  3.6906576e+00 3.08e-04 7.45e-02  -5.5 3.96e-02    -  1.00e+00 5.44e-01h  1
1362  3.6898630e+00 2.23e-04 1.75e-01  -5.6 1.76e-01    -  1.00e+00 2.52e-01h  1
1363  3.6905995e+00 4.46e-04 8.93e-02  -5.3 3.59e-01    -  1.00e+00 6.12e-01h  1
1364  3.6890800e+00 7.00e-04 9.83e-02  -5.4 9.77e-01    -  5.08e-01 1.71e-01h  2
1365  3.6886231e+00 3.97e-03 1.22e-01  -5.1 2.89e+00    -  4.18e-01 1.84e-01h  1
1366  3.6947501e+00 7.37e-03 1.45e-01  -4.8 5.23e+00    -  1.88e-01 1.07e-01h  2
1367  3.6990524e+00 6.36e-03 1.57e-01  -5.2 1.35e+00    -  3.24e-01 2.39e-01H  1
1368  3.6920996e+00 3.97e-03 7.49e-02  -5.2 1.94e-01    -  6.63e-01 6.51e-01h  1
1369  3.6844434e+00 1.95e-03 1.93e-01  -5.2 2.99e-01    -  8.49e-01 5.20e-01f  1
iter    objective    inf_pr   inf_du lg(mu)  ||d||  lg(rg) alpha_du alpha_pr  ls
1370  3.6875705e+00 2.13e-03 1.07e-01  -5.3 4.52e-01    -  9.24e-01 5.26e-01h  1
1371  3.6848563e+00 5.81e-04 2.20e-02  -5.4 9.32e-02    -  1.00e+00 9.92e-01h  1
1372  3.6846660e+00 1.13e-03 2.84e-02  -4.9 4.41e-02    -  9.43e-01 1.00e+00h  1
1373  3.6807497e+00 6.73e-05 3.40e-02  -5.4 2.38e-02    -  1.00e+00 9.36e-01h  1
1374  3.6784952e+00 3.97e-05 5.98e-02  -5.9 1.91e-02    -  1.00e+00 5.40e-01h  1
1375  3.6768383e+00 2.57e-04 3.67e-02  -5.6 5.67e-02    -  1.00e+00 7.15e-01h  1
1376  3.6761497e+00 2.94e-04 1.39e-01  -5.8 1.60e-01    -  1.00e+00 2.20e-01h  1
1377  3.6753737e+00 1.06e-03 1.17e-01  -6.3 2.82e-01    -  4.91e-01 3.07e-01h  2
1378  3.6751073e+00 1.15e-03 9.18e-02  -5.7 3.15e-01    -  1.00e+00 4.49e-01h  1
1379  3.6796050e+00 2.00e-03 6.31e-02  -4.9 6.88e-01    -  3.42e-01 3.74e-01h  1
iter    objective    inf_pr   inf_du lg(mu)  ||d||  lg(rg) alpha_du alpha_pr  ls
1380  3.6811621e+00 1.77e-03 4.81e-02  -5.3 9.52e-01    -  2.74e-01 2.75e-01H  1
1381  3.6810096e+00 1.34e-03 4.37e-02  -5.3 5.52e-01    -  3.43e-01 2.86e-01h  2
1382  3.6789018e+00 9.96e-04 1.55e-01  -5.3 1.92e-01    -  7.53e-01 1.00e+00h  1
1383  3.6826709e+00 8.79e-04 1.50e-01  -5.3 1.84e-01    -  1.00e+00 7.68e-01h  1
1384  3.6749727e+00 1.29e-03 8.12e-03  -5.3 2.12e-01    -  1.00e+00 1.00e+00f  1
1385  3.7043399e+00 3.07e-04 3.69e-02  -5.0 3.88e-01    -  8.78e-01 1.00e+00H  1
1386  3.6788925e+00 6.61e-03 3.34e-02  -5.1 1.75e-01    -  1.00e+00 8.72e-01h  1
1387  3.6762916e+00 2.70e-03 1.37e-02  -5.1 1.40e-01    -  5.97e-01 5.91e-01f  1
1388  3.6761795e+00 3.04e-04 4.67e-03  -5.1 2.54e-02    -  1.00e+00 1.00e+00f  1
1389  3.6724007e+00 5.09e-04 4.31e-03  -5.6 1.12e-02    -  1.00e+00 1.00e+00h  1
iter    objective    inf_pr   inf_du lg(mu)  ||d||  lg(rg) alpha_du alpha_pr  ls
1390  3.6708149e+00 4.65e-04 9.88e-03  -5.7 1.09e-02    -  1.00e+00 9.12e-01h  1
1391  3.6711371e+00 5.56e-05 3.68e-03  -5.4 4.26e-02    -  1.00e+00 1.00e+00h  1
1392  3.6717411e+00 5.23e-05 1.22e-02  -5.6 1.51e-01    -  9.88e-01 8.92e-01H  1
1393  3.6687596e+00 1.49e-03 1.76e-02  -6.0 1.29e-01    -  1.00e+00 7.94e-01h  1
1394  3.6670221e+00 1.11e-03 8.04e-02 -11.0 6.50e-02    -  4.78e-01 2.51e-01h  1
1395  3.6663053e+00 5.44e-04 2.65e-02  -6.9 1.14e-02    -  6.66e-01 5.10e-01h  1
1396  3.6660024e+00 2.91e-04 1.57e-01  -6.5 2.01e-02    -  1.00e+00 4.65e-01h  1
1397  3.6658351e+00 2.26e-04 6.62e-02  -6.6 6.33e-02    -  7.16e-01 2.22e-01h  1
1398  3.6655244e+00 1.61e-04 5.91e-02  -6.2 2.37e-01    -  6.61e-01 2.67e-01h  1
1399  3.6654021e+00 3.73e-04 3.99e-02  -5.8 5.14e-01    -  2.61e-01 1.11e-01h  1
iter    objective    inf_pr   inf_du lg(mu)  ||d||  lg(rg) alpha_du alpha_pr  ls
1400  3.6664096e+00 1.27e-04 1.14e-02  -5.9 2.14e-01    -  5.80e-01 6.77e-01H  1
1401  3.6656795e+00 1.11e-04 2.51e-02  -6.0 2.85e-01    -  2.71e-01 3.75e-01h  2
1402  3.6653154e+00 1.08e-04 8.99e-02  -6.0 3.42e-01    -  2.69e-01 4.29e-02h  1
1403  3.6646769e+00 4.70e-04 1.27e-01  -5.7 1.85e-01    -  8.31e-01 3.70e-01f  1
1404  3.6755112e+00 1.40e-04 5.72e-02  -6.0 4.29e-01    -  5.65e-01 8.01e-01H  1
1405  3.6649967e+00 3.73e-04 1.01e-02  -6.0 7.78e-02    -  9.38e-01 1.00e+00h  1
1406  3.6621943e+00 1.37e-04 9.21e-02  -6.0 3.14e-02    -  4.17e-01 7.57e-01h  1
1407  3.6619118e+00 9.07e-05 1.79e-01  -6.0 7.38e-02    -  1.00e+00 3.46e-01f  1
1408  3.6619409e+00 1.20e-04 1.48e-01  -5.7 6.63e-01    -  9.24e-01 3.82e-01h  1
1409  3.6606801e+00 1.74e-03 1.23e-01  -5.8 4.05e+00    -  3.33e-01 1.40e-01h  1
iter    objective    inf_pr   inf_du lg(mu)  ||d||  lg(rg) alpha_du alpha_pr  ls
1410  3.6604851e+00 1.81e-03 1.63e-01  -5.0 2.08e+01    -  1.54e-01 2.64e-02f  2
1411  3.6605599e+00 1.94e-03 1.86e-01  -5.0 1.49e+01    -  1.35e-01 4.54e-02h  1
1412  3.6597559e+00 2.04e-03 1.88e-01  -5.5 1.02e+01    -  1.72e-01 2.76e-02h  3
1413  3.6595165e+00 6.48e-03 2.84e-01  -4.9 1.53e+01    -  2.30e-01 7.34e-02h  2
1414  3.6652973e+00 1.35e-02 2.76e-01  -4.4 6.02e+01    -  8.03e-02 3.72e-02h  2
1415  3.6630566e+00 1.45e-02 2.89e-01  -5.2 5.25e+01    -  7.29e-02 1.94e-02h  3
1416  3.6598748e+00 1.50e-02 3.02e-01  -5.2 4.29e+01    -  9.77e-02 2.05e-02h  3
1417  3.6560453e+00 1.49e-02 3.26e-01  -5.2 3.92e+01    -  6.08e-02 1.87e-02h  3
1418  3.6524221e+00 1.37e-02 3.50e-01  -5.7 3.56e+01    -  6.63e-02 3.08e-02h  2
1419  3.6479609e+00 1.14e-02 3.17e-01  -6.4 3.68e+01    -  2.87e-02 4.92e-02h  1
iter    objective    inf_pr   inf_du lg(mu)  ||d||  lg(rg) alpha_du alpha_pr  ls
1420  3.6713233e+00 1.73e-02 3.13e-01  -4.0 7.49e+01    -  5.79e-02 3.04e-02f  2
1421  3.6658735e+00 1.75e-02 3.20e-01  -5.0 1.83e+01    -  6.35e-02 1.30e-02h  4
1422  3.6432527e+00 1.33e-02 2.55e-01  -5.0 2.30e-01    -  2.49e-01 3.22e-01h  1
1423  3.6325913e+00 6.05e-03 1.88e-01  -4.7 1.60e+00    -  6.93e-01 5.52e-01f  1
1424  3.6486753e+00 6.33e-03 1.01e-01  -4.1 1.94e+00    -  1.81e-01 9.47e-02h  3
1425  3.6340666e+00 9.13e-04 3.82e-01  -4.7 7.50e-01    -  6.37e-01 1.00e+00h  1
1426  3.6312989e+00 1.19e-03 5.66e-01  -4.7 7.34e+00    -  4.73e-01 5.23e-02h  1
1427  3.6305384e+00 2.00e-03 1.16e+00  -4.7 2.60e+00    -  1.00e+00 1.69e-01h  2
1428  3.6452713e+00 6.55e-03 3.66e-01  -4.3 5.04e+00    -  6.03e-01 2.23e-01h  3
1429  3.6400288e+00 7.75e-03 3.21e-01  -4.5 1.48e+01    -  2.89e-01 7.32e-02h  4
iter    objective    inf_pr   inf_du lg(mu)  ||d||  lg(rg) alpha_du alpha_pr  ls
1430  3.6396602e+00 1.17e-02 3.47e-01  -4.5 6.63e+01    -  1.01e-01 4.07e-02h  3
1431  3.6341441e+00 1.19e-02 3.00e-01  -4.5 1.04e+02    -  9.78e-02 1.09e-02h  4
1432  3.6297011e+00 1.16e-02 2.68e-01  -4.5 8.26e+01    -  1.07e-01 2.48e-02h  3
1433  3.6575797e+00 2.29e-02 4.61e-01  -3.7 1.30e+02    -  1.31e-01 2.75e-02f  2
1434  3.6479146e+00 2.39e-02 4.47e-01  -4.4 1.20e+02    -  4.09e-02 1.92e-02h  3
1435  3.6470979e+00 2.33e-02 4.00e-01  -4.4 1.90e+02    -  6.32e-02 1.12e-02h  4
1436  3.6349541e+00 3.84e-02 4.48e-01  -4.4 1.73e+02    -  5.07e-02 3.54e-02h  3
1437  3.6347596e+00 3.90e-02 4.67e-01  -4.4 4.85e+02    -  4.61e-02 2.91e-03h  5
1438  3.6126578e+00 4.15e-02 5.08e-01  -4.4 6.75e+01    -  9.51e-02 4.92e-02h  1
1439  3.6112712e+00 4.42e-02 5.62e-01  -3.8 3.82e+02    -  8.75e-02 7.43e-03f  4
iter    objective    inf_pr   inf_du lg(mu)  ||d||  lg(rg) alpha_du alpha_pr  ls
1440  3.6278002e+00 4.34e-02 5.64e-01 -10.2 1.14e+01    -  7.61e-02 1.73e-02h  3
1441  3.5780080e+00 2.62e-02 3.56e-01  -4.4 1.38e+00    -  8.98e-01 4.01e-01h  1
1442  3.5843473e+00 2.37e-02 3.29e-01  -4.1 1.19e+01    -  5.06e-01 1.41e-01h  3
1443  3.8859023e+00 8.08e-02 5.73e-01  -3.6 6.57e+01    -  3.06e-01 1.83e-01f  2
1444  3.8605156e+00 9.34e-02 6.98e-01  -4.0 2.96e+02    -  1.59e-01 1.82e-02h  4
1445  3.8333943e+00 1.51e-01 9.10e-01  -4.0 1.62e+03    -  1.64e-02 6.68e-03h  3
1446  3.8067551e+00 1.64e-01 9.89e-01  -4.0 1.72e+03    -  2.92e-02 2.96e-03h  4
1447  3.7669879e+00 1.83e-01 1.07e+00  -4.0 1.19e+03    -  1.32e-02 5.27e-03h  4
1448  3.7532160e+00 2.93e-01 1.32e+00  -4.0 2.08e+03    -  3.08e-02 7.38e-03f  3
1449  3.7325466e+00 3.09e-01 1.46e+00  -4.0 2.45e+03    -  9.69e-03 2.34e-03h  4
iter    objective    inf_pr   inf_du lg(mu)  ||d||  lg(rg) alpha_du alpha_pr  ls
1450  3.7038094e+00 3.09e-01 1.50e+00  -4.0 4.13e+02    -  2.02e-02 3.25e-03f  4
1451  3.5207281e+00 1.38e-01 7.74e-01  -4.0 6.69e+00    -  2.28e-01 5.72e-01h  1
1452  3.7708930e+00 1.25e-01 7.22e-01  -3.5 1.78e+01    -  2.28e-01 9.92e-02h  1
1453  3.7250079e+00 1.26e-02 3.97e-01  -3.9 3.97e+00    -  3.92e-01 9.72e-01h  1
1454  3.6429806e+00 2.26e-02 6.23e-01  -3.9 3.67e+01    -  2.59e-01 1.24e-01f  2
1455  3.5934627e+00 2.65e-02 7.83e-01  -3.9 9.65e+01    -  1.28e-01 2.96e-02f  4
1456  3.5603965e+00 2.99e-02 9.15e-01  -3.9 9.92e+01    -  9.97e-02 2.88e-02h  3
1457  3.5924343e+00 3.21e-02 1.05e+00  -3.2 8.86e+01    -  1.59e-01 2.87e-02f  3
1458  3.5424876e+00 3.58e-02 1.19e+00  -3.8 4.05e+01    -  2.87e-01 9.25e-02h  3
1459  4.8724080e+00 3.31e-01 2.58e+00  -2.6 4.77e+02    -  4.81e-02 4.99e-02f  1
iter    objective    inf_pr   inf_du lg(mu)  ||d||  lg(rg) alpha_du alpha_pr  ls
1460  1.0812521e+01 3.19e-01 2.50e+00  -3.6 2.51e+01    -  1.99e-02 4.93e-02h  1
1461  3.4890347e+00 1.70e-01 1.17e+00  -3.6 1.83e+01    -  3.74e-01 1.00e+00f  1
1462  6.0015821e+00 1.33e-01 7.64e-01  -3.6 1.71e+01    -  6.88e-01 3.81e-01h  1
1463  3.6639147e+00 9.99e-03 2.69e-01  -3.7 4.58e+00    -  1.00e+00 1.00e+00f  1
1464  3.5350765e+00 9.72e-03 5.18e-01  -3.7 5.83e+00    -  2.64e-01 1.50e-01f  2
1465  3.7667835e+00 2.48e-02 3.56e-01  -3.4 6.19e+00    -  1.00e+00 1.00e+00h  1
1466  3.7554797e+00 2.42e-02 1.54e+00  -3.5 4.10e+01    -  4.20e-01 3.02e-02h  1
1467  6.3011635e+00 1.21e-02 4.78e-01  -3.5 2.75e+00    -  8.45e-01 7.98e-01H  1
1468  3.6560151e+00 4.00e-02 1.49e+00  -3.5 1.99e+00    -  1.96e-01 1.00e+00f  1
1469  3.7414062e+00 2.26e-02 4.55e-01  -3.5 7.37e-01    -  8.67e-01 5.90e-01h  1
iter    objective    inf_pr   inf_du lg(mu)  ||d||  lg(rg) alpha_du alpha_pr  ls
1470  3.5629502e+00 1.35e-03 5.45e-02  -3.5 5.48e-01    -  1.00e+00 1.00e+00f  1
1471  3.5428234e+00 1.38e-04 4.21e-02  -3.6 3.07e-01    -  1.00e+00 1.00e+00H  1
1472  3.4159552e+00 3.56e-03 1.43e-01  -4.2 8.83e-02    -  1.00e+00 9.43e-01f  1
1473  3.3229506e+00 6.42e-03 2.34e-01  -4.1 1.79e-01    -  1.00e+00 6.29e-01h  1
1474  3.2671685e+00 2.52e-03 2.53e-01  -4.2 1.35e-01    -  1.00e+00 9.79e-01h  1
1475  3.2367675e+00 1.40e-03 1.56e-01  -4.4 1.51e-01    -  1.00e+00 9.49e-01h  1
1476  3.2175249e+00 2.53e-03 1.98e-01  -4.5 5.74e-02    -  1.00e+00 9.28e-01h  1
1477  3.2021668e+00 1.87e-03 8.38e-02  -5.2 5.77e-02    -  1.00e+00 5.73e-01h  1
1478  3.1922927e+00 5.38e-03 3.50e-01  -4.9 2.08e-01    -  1.00e+00 3.69e-01h  1
1479  3.1883201e+00 1.06e-02 2.26e-01  -4.5 3.81e-01    -  4.93e-01 4.07e-01h  1
iter    objective    inf_pr   inf_du lg(mu)  ||d||  lg(rg) alpha_du alpha_pr  ls
1480  3.1830737e+00 1.04e-02 3.44e-01  -5.0 7.22e-01    -  4.96e-01 7.97e-02h  1
1481  3.1729594e+00 1.19e-02 6.39e-01  -4.8 9.45e-01    -  7.14e-01 1.85e-01h  1
1482  3.1889158e+00 1.46e-02 4.38e-01  -4.2 9.38e-01    -  3.11e-01 3.58e-01h  1
1483  3.1737771e+00 1.18e-02 3.36e-01  -4.6 8.20e-01    -  7.18e-01 2.96e-01h  1
1484  3.1697909e+00 1.26e-02 5.40e-01  -4.6 9.43e-01    -  5.43e-01 2.62e-01h  1
1485  3.1909412e+00 5.37e-03 4.32e-02  -4.3 1.06e-01    -  9.36e-01 1.00e+00f  1
1486  3.1626327e+00 3.29e-03 2.04e-02  -4.5 9.25e-02    -  9.91e-01 1.00e+00h  1
1487  3.1479082e+00 1.65e-03 4.76e-01  -5.0 1.65e-01    -  1.00e+00 5.17e-01h  1
1488  3.1392308e+00 2.71e-04 3.68e-02  -4.7 1.85e-01    -  1.00e+00 9.70e-01H  1
1489  3.1881217e+00 6.75e-03 2.84e-01  -4.3 2.06e-01    -  6.57e-01 1.00e+00h  1
iter    objective    inf_pr   inf_du lg(mu)  ||d||  lg(rg) alpha_du alpha_pr  ls
1490  3.1609689e+00 2.91e-03 2.59e-02  -4.5 1.42e-01    -  1.00e+00 1.00e+00h  1
1491  3.1410949e+00 9.13e-04 1.93e-01  -4.5 6.86e-02    -  7.66e-01 1.00e+00h  1
1492  3.1392660e+00 3.03e-03 4.33e-03  -4.5 3.08e-02    -  1.00e+00 1.00e+00h  1
1493  3.1384838e+00 3.71e-04 2.47e-03  -4.5 2.72e-02    -  1.00e+00 1.00e+00h  1
1494  3.1283747e+00 1.68e-03 1.25e-01  -4.8 3.92e-01    -  1.00e+00 3.26e-01h  1
1495  3.1381368e+00 3.03e-03 1.65e-01  -4.3 1.30e+00    -  5.85e-01 2.06e-01h  2
1496  3.1327757e+00 3.89e-03 3.15e-01  -4.6 9.26e-01    -  7.39e-01 2.64e-01h  2
1497  3.1285470e+00 4.31e-03 3.24e-01  -4.6 8.28e-01    -  5.35e-01 2.24e-01h  2
1498  3.1242782e+00 2.62e-03 1.85e-01  -4.6 1.58e-01    -  9.76e-01 3.57e-01h  2
1499  3.1172576e+00 1.41e-03 2.12e-01  -4.6 1.12e-01    -  1.00e+00 5.18e-01h  1
iter    objective    inf_pr   inf_du lg(mu)  ||d||  lg(rg) alpha_du alpha_pr  ls
1500  3.1049884e+00 7.37e-04 1.06e-01  -4.8 7.71e-02    -  1.00e+00 8.60e-01h  1
1501  3.0970355e+00 1.20e-03 1.40e-01  -5.1 1.24e-01    -  1.00e+00 6.57e-01h  1
1502  3.0923871e+00 1.01e-03 2.82e-01  -5.1 2.14e-01    -  1.00e+00 3.81e-01h  1
1503  3.0901607e+00 2.51e-03 4.68e-01  -5.1 8.65e-01    -  8.74e-01 1.86e-01h  1
1504  3.0922871e+00 2.18e-03 5.96e-01  -4.8 3.51e-01    -  8.05e-01 2.82e-01h  1
1505  3.0872467e+00 8.31e-04 1.47e-01  -5.1 1.20e-01    -  9.45e-01 7.46e-01h  1
1506  3.0789610e+00 8.19e-04 2.95e-01  -5.9 1.14e-01    -  8.32e-01 4.01e-01h  1
1507  3.0805913e+00 1.69e-03 1.87e-02  -5.1 8.78e-02    -  1.00e+00 9.08e-01h  1
1508  3.0794229e+00 1.52e-03 3.80e-01  -4.8 1.44e-01    -  9.99e-01 4.98e-01h  1
1509  3.1061094e+00 1.76e-03 2.56e-01  -4.3 1.66e-01    -  4.60e-01 5.00e-01h  1
iter    objective    inf_pr   inf_du lg(mu)  ||d||  lg(rg) alpha_du alpha_pr  ls
1510  3.0955590e+00 6.20e-04 1.16e-01  -4.6 8.32e-02    -  1.00e+00 7.18e-01h  1
1511  3.0886982e+00 6.66e-04 2.30e-01  -4.6 5.92e-02    -  1.00e+00 4.58e-01f  1
1512  3.0874863e+00 2.94e-03 5.64e-03  -4.6 4.64e-02    -  1.00e+00 1.00e+00f  1
1513  3.0762350e+00 2.06e-03 7.92e-02  -5.1 1.50e-01    -  1.00e+00 7.98e-01h  1
1514  3.0812699e+00 1.11e-04 3.90e-02  -4.8 2.32e-01    -  1.00e+00 1.00e+00H  1
1515  3.0815858e+00 8.59e-04 3.38e-01  -4.6 5.34e-01    -  6.02e-01 2.27e-01h  2
1516  3.0877849e+00 6.30e-04 9.50e-02  -4.8 1.91e-01    -  8.16e-01 6.08e-01H  1
1517  3.0706124e+00 3.09e-04 1.05e-02  -4.8 7.53e-02    -  1.00e+00 1.00e+00f  1
1518  3.0661641e+00 2.15e-04 1.78e-01  -5.3 1.21e-01    -  1.00e+00 3.33e-01h  1
1519  3.0615032e+00 2.59e-03 2.55e-01  -5.3 6.24e-01    -  1.00e+00 3.18e-01h  1
iter    objective    inf_pr   inf_du lg(mu)  ||d||  lg(rg) alpha_du alpha_pr  ls
1520  3.0646061e+00 4.62e-03 1.48e-01  -4.5 3.24e+00    -  2.71e-01 1.03e-01h  1
1521  3.0611396e+00 5.66e-03 1.30e-01  -5.0 6.55e+00    -  1.25e-01 5.38e-02h  1
1522  3.0626940e+00 6.64e-03 1.66e-01  -4.3 1.32e+01    -  1.73e-01 3.20e-02f  2
1523  3.0611101e+00 8.44e-03 1.75e-01  -4.8 5.72e+00    -  1.63e-01 6.99e-02h  2
1524  3.0566981e+00 9.31e-03 4.67e-01  -6.1 7.15e+00    -  1.40e-01 3.98e-02h  2
1525  3.2212493e+00 4.71e-02 3.18e-01  -3.8 6.53e+00    -  7.86e-02 1.45e-01f  1
1526  3.1799595e+00 2.97e-02 1.84e-01  -4.7 3.35e-01    -  3.95e-01 6.00e-01h  1
1527  3.1086145e+00 2.28e-02 1.46e-01  -4.7 2.89e-01    -  2.97e-01 2.37e-01h  1
1528  3.0602196e+00 8.11e-03 3.74e-02  -4.7 2.56e-01    -  6.47e-01 6.54e-01h  1
1529  3.0613626e+00 6.05e-03 5.53e-01  -4.4 1.87e-01    -  8.95e-01 2.50e-01f  3
iter    objective    inf_pr   inf_du lg(mu)  ||d||  lg(rg) alpha_du alpha_pr  ls
1530  3.0597618e+00 5.21e-05 9.16e-03  -4.5 2.64e-02    -  1.00e+00 1.00e+00h  1
1531  3.0465867e+00 6.33e-04 2.14e-02  -5.1 9.42e-02    -  1.00e+00 1.00e+00h  1
1532  3.0420436e+00 7.06e-04 1.90e-01  -5.0 1.75e-01    -  1.00e+00 2.37e-01h  2
1533  3.0419627e+00 1.16e-03 3.77e-02  -5.0 6.23e-02    -  1.00e+00 8.42e-01h  1
1534  3.0321721e+00 8.94e-05 8.45e-03  -5.4 3.64e-02    -  1.00e+00 9.66e-01h  1
1535  3.0301691e+00 5.52e-05 9.37e-02  -5.8 2.73e-02    -  1.00e+00 5.23e-01h  1
1536  3.0285271e+00 1.05e-04 1.22e-01  -5.9 5.12e-02    -  1.00e+00 4.55e-01h  1
1537  3.0277355e+00 8.86e-05 2.49e-01  -5.9 1.64e-01    -  1.00e+00 1.61e-01h  1
1538  3.0269584e+00 6.09e-04 1.65e-01  -5.7 8.31e-01    -  5.04e-01 1.54e-01h  1
1539  3.0262776e+00 8.54e-04 2.19e-01  -5.8 7.78e-01    -  4.39e-01 1.41e-01h  1
iter    objective    inf_pr   inf_du lg(mu)  ||d||  lg(rg) alpha_du alpha_pr  ls
1540  3.0251280e+00 7.73e-04 2.77e-01  -5.8 8.52e-01    -  5.58e-01 1.01e-01h  1
1541  3.0242331e+00 6.38e-03 2.86e-01  -5.3 2.14e+00    -  2.15e-01 8.08e-02h  2
1542  3.0235863e+00 8.48e-03 2.52e-01  -4.8 3.83e+00    -  1.40e-01 6.63e-02h  1
1543  3.0253163e+00 7.53e-03 2.18e-01  -5.0 1.74e+00    -  3.00e-01 1.11e-01h  2
1544  3.0242719e+00 6.20e-03 2.05e-01  -5.3 1.00e+00    -  3.74e-01 1.63e-01h  2
1545  3.0239686e+00 6.38e-03 1.65e-01  -5.3 2.20e+00    -  1.98e-01 2.37e-01h  1
1546  3.0230388e+00 6.92e-03 1.39e-01  -5.3 3.26e+00    -  2.30e-01 8.40e-02h  1
1547  3.0213221e+00 5.99e-03 1.65e-01  -5.0 4.71e-01    -  4.52e-01 1.52e-01f  2
1548  3.0312438e+00 5.90e-03 6.13e-02  -4.9 9.23e-02    -  7.40e-01 9.41e-01h  1
1549  3.0230862e+00 3.80e-04 1.17e-02  -5.0 7.70e-02    -  1.00e+00 1.00e+00h  1
iter    objective    inf_pr   inf_du lg(mu)  ||d||  lg(rg) alpha_du alpha_pr  ls
1550  3.0174840e+00 1.58e-03 1.45e-02  -5.2 1.95e-01    -  1.00e+00 9.16e-01h  1
1551  3.0301184e+00 2.97e-04 4.08e-02  -5.2 3.48e-01    -  1.00e+00 8.85e-01H  1
1552  3.0253068e+00 2.30e-03 2.49e-02  -5.3 1.25e-01    -  1.00e+00 1.00e+00h  1
1553  3.0163918e+00 7.92e-04 5.47e-02  -5.3 2.23e-01    -  7.86e-01 8.74e-01h  1
1554  3.0130987e+00 4.49e-04 1.06e-01  -5.3 6.55e-02    -  1.00e+00 4.38e-01f  2
1555  3.0088389e+00 8.19e-04 1.25e-02  -5.7 1.18e-01    -  1.00e+00 9.71e-01h  1
1556  3.0162275e+00 1.80e-04 5.17e-02  -5.4 3.76e-01    -  1.00e+00 7.98e-01H  1
1557  3.0327869e+00 2.52e-03 1.82e-01  -4.7 1.32e-01    -  3.93e-01 9.12e-01h  1
1558  3.0276648e+00 1.20e-03 4.38e-02  -5.1 8.17e-02    -  9.82e-01 8.10e-01h  1
1559  3.0131867e+00 1.27e-03 7.54e-03  -5.1 4.70e-02    -  1.00e+00 1.00e+00f  1
iter    objective    inf_pr   inf_du lg(mu)  ||d||  lg(rg) alpha_du alpha_pr  ls
1560  3.0128398e+00 9.95e-04 7.67e-03  -5.1 9.15e-02    -  1.00e+00 1.00e+00h  1
1561  3.0086064e+00 1.45e-03 2.52e-02  -5.3 4.77e-01    -  1.00e+00 8.54e-01h  1
1562  3.0260686e+00 4.53e-03 4.28e-02  -4.4 3.52e+00    -  1.91e-01 1.42e-01h  2
1563  3.0237762e+00 3.43e-03 9.22e-02  -5.0 3.00e+00    -  3.85e-01 1.14e-01h  3
1564  3.0222625e+00 5.06e-03 8.54e-02  -5.0 5.04e+00    -  2.44e-01 1.34e-01h  2
1565  3.0195714e+00 4.76e-03 1.31e-01  -5.0 1.73e+00    -  2.67e-01 7.25e-02h  3
1566  3.0167566e+00 3.24e-03 1.15e-01  -5.0 4.96e-01    -  3.83e-01 5.91e-01h  1
1567  3.0170221e+00 4.09e-03 7.53e-02  -5.0 2.15e-01    -  7.87e-01 4.49e-01h  1
1568  3.0043674e+00 2.56e-03 1.32e-01  -5.0 2.36e-01    -  7.28e-01 1.00e+00f  1
1569  3.0181514e+00 4.94e-05 2.28e-02  -5.2 2.95e-01    -  1.00e+00 1.00e+00H  1
iter    objective    inf_pr   inf_du lg(mu)  ||d||  lg(rg) alpha_du alpha_pr  ls
1570  2.9981208e+00 2.59e-03 6.59e-02  -5.7 7.75e-02    -  1.00e+00 7.48e-01h  1
1571  2.9992887e+00 3.74e-04 7.69e-03  -5.2 3.43e-02    -  1.00e+00 1.00e+00h  1
1572  2.9954103e+00 3.29e-04 3.11e-02  -5.6 5.23e-02    -  1.00e+00 8.78e-01h  1
1573  2.9960075e+00 1.12e-04 4.11e-03  -5.3 5.78e-02    -  1.00e+00 1.00e+00h  1
1574  2.9978640e+00 2.76e-03 1.14e-01  -5.1 4.17e-01    -  1.00e+00 7.18e-01h  1
1575  2.9973348e+00 2.65e-03 8.11e-02  -5.2 2.91e+00    -  3.66e-01 6.03e-02h  3
1576  2.9966306e+00 2.41e-03 1.36e-01  -5.2 1.60e+00    -  6.00e-01 1.02e-01h  3
1577  2.9959062e+00 2.44e-03 2.40e-01  -5.2 1.85e+00    -  6.06e-01 8.76e-02h  3
1578  2.9949255e+00 2.84e-03 2.03e-01  -5.2 7.15e-01    -  1.00e+00 2.54e-01h  2
1579  2.9971152e+00 8.67e-03 3.87e-01  -4.7 2.98e+00    -  5.01e-01 1.34e-01h  1
iter    objective    inf_pr   inf_du lg(mu)  ||d||  lg(rg) alpha_du alpha_pr  ls
1580  2.9981708e+00 7.46e-03 3.32e-01  -5.0 2.10e+00    -  2.01e-01 1.41e-01h  3
1581  2.9960239e+00 5.92e-03 3.86e-01  -5.0 1.77e+00    -  5.70e-01 2.12e-01h  2
1582  2.9954444e+00 5.52e-03 3.90e-01  -5.0 4.16e+00    -  2.17e-01 7.18e-02h  3
1583  2.9946378e+00 5.60e-03 2.71e-01  -5.0 1.97e+00    -  2.85e-01 1.38e-01h  2
1584  3.0122263e+00 4.00e-03 1.12e-01  -4.5 1.09e+00    -  5.60e-01 3.04e-01h  2
1585  3.0312494e+00 9.49e-04 6.34e-02  -4.7 1.02e-01    -  7.35e-01 1.00e+00h  1
1586  2.9980032e+00 8.88e-04 3.04e-02  -4.7 1.03e-01    -  8.20e-01 8.98e-01h  1
1587  2.9979468e+00 8.98e-04 8.18e-03  -4.7 1.57e-01    -  1.00e+00 1.00e+00f  1
1588  3.0023532e+00 1.39e-05 1.77e-02  -4.7 2.76e-01    -  1.00e+00 1.00e+00H  1
1589  3.0149744e+00 1.77e-03 5.62e-02  -4.5 5.24e-01    -  9.51e-01 6.13e-01f  1
iter    objective    inf_pr   inf_du lg(mu)  ||d||  lg(rg) alpha_du alpha_pr  ls
1590  3.1184046e+00 8.64e-04 4.68e-02  -4.6 2.12e-01    -  9.61e-01 1.00e+00H  1
1591  3.0032747e+00 5.39e-03 8.13e-03  -4.6 2.98e-01    -  1.00e+00 1.00e+00f  1
1592  3.0056175e+00 8.89e-05 8.06e-03  -4.6 1.10e-01    -  1.00e+00 1.00e+00h  1
1593  3.0037648e+00 2.46e-04 4.57e-03  -4.6 7.70e-02    -  1.00e+00 1.00e+00h  1
1594  3.0065292e+00 7.85e-06 8.11e-03  -4.6 1.22e-01    -  1.00e+00 1.00e+00H  1
1595  2.9898413e+00 1.00e-03 6.26e-03  -4.9 1.26e-01    -  9.98e-01 1.00e+00h  1
1596  2.9905889e+00 4.13e-04 7.34e-02  -4.9 7.73e-02    -  1.00e+00 5.80e-01h  1
1597  2.9842608e+00 2.69e-04 2.04e-03  -5.1 5.19e-02    -  1.00e+00 1.00e+00h  1
1598  2.9793565e+00 8.95e-05 1.71e-02  -5.6 2.36e-02    -  1.00e+00 7.94e-01h  1
1599  2.9775692e+00 3.29e-04 6.80e-02  -5.3 1.15e-01    -  1.00e+00 6.87e-01h  1
iter    objective    inf_pr   inf_du lg(mu)  ||d||  lg(rg) alpha_du alpha_pr  ls
1600  2.9785338e+00 3.07e-04 4.38e-02  -5.1 4.49e-01    -  9.37e-01 3.90e-01h  1
1601  2.9786571e+00 9.74e-04 8.14e-02  -5.2 8.01e-01    -  7.08e-01 2.48e-01h  2
1602  2.9785021e+00 8.38e-04 1.08e-01  -5.2 1.24e+00    -  7.17e-01 2.11e-01h  2
1603  2.9775768e+00 2.68e-03 1.30e-01  -5.2 1.42e+00    -  2.23e-01 1.06e-01h  3
1604  2.9773165e+00 2.34e-03 2.04e-01  -5.2 7.93e-01    -  7.18e-01 1.27e-01h  3
1605  2.9786245e+00 5.06e-04 2.37e-02  -5.2 1.27e-01    -  1.00e+00 9.13e-01h  1
1606  2.9744366e+00 2.04e-04 1.38e-01  -5.3 5.33e-02    -  1.00e+00 5.79e-01h  1
1607  2.9805525e+00 4.88e-04 1.09e-02  -4.8 1.33e-01    -  1.00e+00 1.00e+00f  1
1608  2.9859749e+00 4.51e-04 1.49e-02  -4.9 2.57e-01    -  1.00e+00 1.00e+00h  1
1609  2.9854140e+00 2.02e-04 3.08e-02  -4.9 3.74e-01    -  1.00e+00 9.26e-01H  1
iter    objective    inf_pr   inf_du lg(mu)  ||d||  lg(rg) alpha_du alpha_pr  ls
1610  2.9849203e+00 6.39e-04 3.44e-02  -4.9 4.06e-01    -  3.55e-01 2.72e-01f  2
1611  2.9796897e+00 9.49e-04 8.05e-02  -4.9 1.26e-01    -  6.59e-01 1.00e+00h  1
1612  2.9817566e+00 3.01e-04 1.04e-02  -4.9 6.82e-02    -  1.00e+00 1.00e+00h  1
1613  2.9777240e+00 1.36e-04 2.40e-03  -4.9 7.02e-02    -  1.00e+00 1.00e+00h  1
1614  2.9716352e+00 1.25e-04 1.78e-02  -5.5 5.24e-02    -  1.00e+00 8.84e-01h  1
1615  2.9679658e+00 1.07e-04 1.22e-01  -5.7 8.39e-02    -  1.00e+00 5.79e-01h  1
1616  2.9677937e+00 1.05e-03 6.11e-02  -5.3 1.89e-01    -  1.00e+00 5.48e-01h  1
1617  2.9663585e+00 2.05e-04 3.85e-02  -5.6 7.76e-02    -  1.00e+00 8.07e-01h  1
1618  2.9651064e+00 4.30e-05 5.62e-03  -5.6 3.10e-02    -  1.00e+00 1.00e+00h  1
1619  2.9631708e+00 1.57e-05 2.85e-02  -6.1 3.79e-02    -  1.00e+00 7.51e-01h  1
iter    objective    inf_pr   inf_du lg(mu)  ||d||  lg(rg) alpha_du alpha_pr  ls
1620  2.9624768e+00 1.59e-04 6.44e-02  -6.4 7.36e-02    -  1.00e+00 6.44e-01h  1
1621  2.9619423e+00 1.39e-04 1.10e-01  -6.6 2.42e-01    -  8.92e-01 2.69e-01h  1
1622  2.9616992e+00 6.47e-04 1.02e-01  -5.6 7.36e-01    -  5.38e-01 1.24e-01h  1
1623  2.9614048e+00 6.97e-04 9.48e-02  -6.0 1.04e+00    -  3.35e-01 9.23e-02h  2
1624  2.9624599e+00 5.12e-04 8.37e-02  -5.5 5.82e-01    -  3.52e-01 2.64e-01h  1
1625  2.9618768e+00 4.60e-04 9.33e-02  -5.8 3.72e-01    -  5.65e-01 3.51e-01h  1
1626  2.9603416e+00 5.88e-04 8.96e-02  -5.8 1.45e+00    -  1.89e-01 1.38e-01h  1
1627  2.9607107e+00 6.24e-04 1.60e-01  -5.2 1.76e+00    -  4.52e-01 9.20e-02f  2
1628  2.9702733e+00 7.57e-04 5.42e-02  -5.5 3.65e-01    -  7.26e-01 6.84e-01H  1
1629  2.9647066e+00 5.80e-04 6.10e-02  -5.5 1.08e-01    -  8.08e-01 1.00e+00f  1
iter    objective    inf_pr   inf_du lg(mu)  ||d||  lg(rg) alpha_du alpha_pr  ls
1630  2.9592277e+00 2.09e-04 3.90e-02  -5.5 8.22e-02    -  6.06e-01 6.69e-01h  1
1631  2.9582812e+00 6.95e-05 1.04e-01  -5.6 1.21e-01    -  1.00e+00 7.23e-01f  1
1632  2.9594402e+00 1.78e-04 4.63e-02  -5.7 4.41e-01    -  1.00e+00 7.17e-01H  1
1633  2.9581757e+00 9.80e-04 5.32e-02  -5.8 1.56e+00    -  4.00e-01 1.86e-01h  2
1634  2.9614433e+00 6.62e-03 4.71e-02  -4.6 4.50e+00    -  1.92e-01 1.23e-01h  1
1635  2.9598828e+00 6.09e-03 6.07e-02  -5.3 6.56e+00    -  2.09e-01 7.74e-02h  2
1636  2.9581654e+00 8.43e-03 7.30e-02  -5.3 1.20e+01    -  1.46e-01 3.33e-02h  3
1637  2.9689061e+00 7.74e-03 1.07e-01  -4.5 1.50e+01    -  1.85e-01 6.73e-02h  2
1638  2.9668466e+00 7.56e-03 1.17e-01  -5.1 1.40e+01    -  1.76e-01 2.85e-02h  4
1639  2.9591314e+00 1.70e-02 1.82e-01  -5.1 3.04e+01    -  7.36e-02 7.16e-02h  2
iter    objective    inf_pr   inf_du lg(mu)  ||d||  lg(rg) alpha_du alpha_pr  ls
1640  2.9578828e+00 1.80e-02 2.11e-01  -5.1 1.79e+02    -  3.53e-02 5.09e-03h  4
1641  2.9551110e+00 2.28e-02 2.58e-01  -5.6 5.00e+01    -  4.77e-02 3.81e-02h  2
1642  2.9646241e+00 3.02e-02 3.18e-01  -4.2 1.12e+02    -  3.07e-02 2.34e-02h  2
1643  2.9606917e+00 3.10e-02 3.44e-01  -5.1 9.37e+01    -  4.31e-02 1.42e-02h  2
1644  2.9579515e+00 3.08e-02 3.37e-01  -5.1 4.44e+00    -  7.63e-02 9.71e-03h  4
1645  2.9367312e+00 9.73e-03 8.57e-02  -5.1 2.20e+00    -  5.31e-01 8.68e-01h  1
1646  2.9424294e+00 1.00e-02 8.08e-02  -4.2 3.26e+01    -  1.36e-01 1.69e-02f  3
1647  2.9379724e+00 1.22e-02 9.80e-02  -4.9 8.36e+00    -  3.71e-01 2.01e-01h  1
1648  2.9345280e+00 1.49e-02 1.44e-01  -4.9 1.23e+02    -  4.31e-02 1.17e-02h  4
1649  2.9318245e+00 2.31e-02 2.27e-01  -4.4 1.46e+02    -  5.79e-02 1.71e-02h  3
iter    objective    inf_pr   inf_du lg(mu)  ||d||  lg(rg) alpha_du alpha_pr  ls
1650  2.9279387e+00 2.43e-02 2.62e-01 -10.8 2.02e+02    -  2.00e-02 5.13e-03h  4
1651  2.9481055e+00 4.25e-02 3.91e-01  -3.9 1.43e+02    -  7.01e-02 2.69e-02h  2
1652  2.9443663e+00 4.35e-02 4.24e-01  -4.7 1.11e+02    -  6.39e-02 9.45e-03h  3
1653  2.9433363e+00 4.37e-02 4.42e-01  -4.7 4.99e+01    -  3.93e-02 1.83e-02h  3
1654  2.9426548e+00 4.42e-02 4.65e-01  -4.7 3.29e+01    -  7.56e-02 4.16e-02h  2
1655  2.9408715e+00 4.32e-02 4.88e-01  -4.7 1.81e+01    -  9.09e-02 2.91e-02h  3
1656  3.0296689e+00 2.87e-02 3.16e-01  -4.7 7.90e-01    -  3.07e-01 3.43e-01h  1
1657  2.9124945e+00 8.66e-03 1.06e-01  -4.7 2.67e+00    -  5.37e-01 9.90e-01h  1
1658  2.9062859e+00 8.49e-03 1.50e-01  -4.7 3.10e+00    -  2.26e-01 1.90e-02h  3
1659  2.9007036e+00 1.59e-04 7.29e-03  -4.9 3.25e-01    -  1.00e+00 9.94e-01h  1
iter    objective    inf_pr   inf_du lg(mu)  ||d||  lg(rg) alpha_du alpha_pr  ls
1660  2.8977711e+00 5.31e-04 3.66e-01  -5.0 3.93e+00    -  9.98e-01 1.54e-01h  3
1661  2.9897330e+00 4.82e-02 3.48e-01  -4.0 3.52e+01    -  1.47e-01 1.10e-01f  1
1662  2.9832516e+00 4.71e-02 3.32e-01  -4.7 2.01e+01    -  8.20e-02 2.72e-02h  1
1663  2.9640287e+00 4.49e-02 3.16e-01  -4.7 4.84e+01    -  5.71e-02 3.51e-02h  3
1664  2.9389796e+00 4.39e-02 3.76e-01  -4.7 1.19e+02    -  4.51e-02 1.72e-02h  3
1665  2.9223180e+00 4.30e-02 3.78e-01  -4.7 8.50e+01    -  4.07e-02 1.82e-02h  3
1666  2.9120689e+00 4.13e-02 3.25e-01  -4.7 3.96e+01    -  1.01e-01 5.30e-02h  2
1667  2.9013014e+00 4.18e-02 3.50e-01  -4.7 2.22e+01    -  1.43e-01 2.98e-02h  3
1668  2.9103497e+00 3.69e-02 2.76e-01  -4.7 1.70e+00    -  2.45e-01 1.94e-01h  1
1669  2.8830967e+00 1.72e-02 1.28e-01  -4.7 2.51e-01    -  6.33e-01 5.29e-01h  1
iter    objective    inf_pr   inf_du lg(mu)  ||d||  lg(rg) alpha_du alpha_pr  ls
1670  2.8986306e+00 4.69e-03 1.92e-01  -4.2 1.05e-01    -  1.00e+00 8.78e-01f  1
1671  2.9012913e+00 2.65e-04 2.02e-02  -4.3 1.40e-01    -  1.00e+00 1.00e+00h  1
1672  2.8976345e+00 6.55e-04 8.03e-03  -4.3 1.82e-01    -  1.00e+00 1.00e+00h  1
1673  2.9106161e+00 1.44e-04 3.55e-02  -4.5 4.76e-01    -  9.97e-01 1.00e+00H  1
1674  2.8636469e+00 2.00e-03 5.25e-02  -4.9 1.70e-01    -  1.00e+00 7.14e-01h  1
1675  2.8649107e+00 1.94e-03 6.44e-02  -4.7 1.17e-01    -  1.00e+00 8.95e-01h  1
1676  2.8502080e+00 5.10e-04 2.45e-02  -5.1 8.21e-02    -  1.00e+00 8.93e-01h  1
1677  2.8468146e+00 1.94e-03 1.53e-02  -5.2 9.11e-02    -  1.00e+00 9.14e-01h  1
1678  2.8424467e+00 2.20e-04 2.85e-02  -5.3 1.04e-01    -  1.00e+00 9.79e-01h  1
1679  2.8404708e+00 2.59e-04 2.69e-01  -5.6 1.94e-01    -  8.33e-01 2.69e-01h  1
iter    objective    inf_pr   inf_du lg(mu)  ||d||  lg(rg) alpha_du alpha_pr  ls
1680  2.8394596e+00 5.32e-04 2.88e-02  -5.6 9.57e-02    -  1.00e+00 8.67e-01h  1
1681  2.8385540e+00 3.63e-03 1.06e-01  -5.3 7.87e-02    -  1.00e+00 6.59e-01h  1
1682  2.8374224e+00 1.44e-03 1.56e-01  -5.3 6.99e-02    -  1.00e+00 6.02e-01h  1
1683  2.8365442e+00 3.50e-04 3.44e-02  -5.4 3.86e-02    -  1.00e+00 7.56e-01h  1
1684  2.8343149e+00 1.07e-02 5.27e-02  -5.9 1.26e-01    -  1.00e+00 6.06e-01h  1
1685  2.8345784e+00 8.46e-03 1.82e-01  -5.2 3.17e-01    -  9.94e-01 2.13e-01h  1
1686  2.8414080e+00 1.22e-03 4.01e-02  -5.3 3.33e-01    -  7.32e-01 8.29e-01H  1
1687  2.8380635e+00 3.84e-04 6.26e-02  -5.3 1.96e-01    -  1.00e+00 7.41e-01F  1
1688  2.8372470e+00 3.62e-04 4.37e-02  -5.3 1.14e-01    -  5.78e-01 5.00e-01f  2
1689  2.8327549e+00 1.71e-04 1.27e-01  -5.3 3.95e-02    -  1.00e+00 6.04e-01h  1
iter    objective    inf_pr   inf_du lg(mu)  ||d||  lg(rg) alpha_du alpha_pr  ls
1690  2.8294033e+00 3.24e-04 7.22e-02  -5.9 5.76e-02    -  1.00e+00 7.96e-01h  1
1691  2.8287611e+00 5.57e-04 5.96e-02  -5.6 1.38e-01    -  1.00e+00 6.71e-01h  1
1692  2.8286785e+00 7.51e-04 9.91e-02  -5.3 2.22e-01    -  1.00e+00 3.23e-01h  1
1693  2.8315102e+00 3.39e-03 4.63e-02  -5.1 6.56e-01    -  5.32e-01 5.19e-01h  1
1694  2.8306102e+00 3.37e-03 4.93e-02  -5.3 1.25e+00    -  2.10e-01 9.40e-02h  3
1695  2.8332237e+00 3.74e-03 9.23e-02  -5.3 3.20e-01    -  7.78e-01 5.20e-01h  1
1696  2.8287533e+00 4.09e-03 9.51e-03  -5.3 5.99e-02    -  1.00e+00 1.00e+00f  1
1697  2.8261584e+00 4.10e-03 7.10e-03  -5.3 8.62e-02    -  1.00e+00 1.00e+00h  1
1698  2.8246617e+00 5.52e-04 6.11e-03  -5.3 1.81e-01    -  1.00e+00 1.00e+00h  1
1699  2.8252012e+00 4.59e-03 1.40e-01  -5.1 5.22e-01    -  8.77e-01 1.99e-01h  3
iter    objective    inf_pr   inf_du lg(mu)  ||d||  lg(rg) alpha_du alpha_pr  ls
1700  2.8312369e+00 8.15e-05 1.77e-02  -5.2 2.13e-01    -  1.00e+00 1.00e+00H  1
1701  2.8249392e+00 1.06e-03 1.96e-02  -5.6 7.48e-02    -  1.00e+00 8.98e-01h  1
1702  2.8194455e+00 5.85e-04 8.08e-02  -5.7 5.54e-02    -  8.21e-01 7.07e-01h  1
1703  2.8180336e+00 4.53e-04 5.70e-03  -5.9 1.38e-01    -  1.00e+00 9.90e-01h  1
1704  2.8171501e+00 9.36e-04 8.59e-02  -6.1 1.20e+00    -  6.66e-01 2.52e-01h  1
1705  2.8164166e+00 5.91e-04 9.86e-02  -5.4 6.48e+00    -  1.38e-01 4.80e-02h  1
1706  2.8159708e+00 1.11e-02 1.56e-01  -5.4 7.68e+00    -  1.31e-01 3.84e-02h  2
1707  2.8164514e+00 1.01e-02 1.60e-01  -5.3 5.46e+00    -  1.60e-01 8.76e-02h  1
1708  2.8156472e+00 9.67e-03 1.06e-01  -5.7 6.01e+00    -  1.34e-01 3.83e-02h  1
1709  2.8132805e+00 8.52e-03 1.50e-01  -5.4 9.53e+00    -  1.51e-01 9.09e-02f  1
iter    objective    inf_pr   inf_du lg(mu)  ||d||  lg(rg) alpha_du alpha_pr  ls
1710  2.8140866e+00 8.13e-03 1.75e-01  -5.0 2.67e+01    -  7.57e-02 2.72e-02h  2
1711  2.8128125e+00 7.97e-03 1.56e-01  -5.6 9.72e+00    -  3.81e-02 1.94e-02h  4
1712  2.8183349e+00 6.62e-03 1.65e-01  -5.0 4.86e+00    -  9.46e-02 1.82e-01h  1
1713  2.8158313e+00 6.43e-03 1.67e-01  -5.5 3.99e+00    -  5.86e-02 4.63e-02h  1
1714  2.8136496e+00 4.84e-03 1.37e-01  -5.5 5.28e-01    -  2.51e-01 2.22e-01h  1
1715  2.8080603e+00 3.96e-03 1.11e-01  -5.5 3.76e-01    -  2.69e-01 2.15e-01h  1
1716  2.8074556e+00 5.51e-03 7.88e-02  -5.0 5.84e-01    -  3.53e-01 3.05e-01f  1
1717  2.8092542e+00 3.07e-03 4.70e-02  -5.2 1.91e-01    -  5.44e-01 6.49e-01h  1
1718  2.8048865e+00 1.37e-03 8.80e-03  -5.3 1.52e-01    -  1.00e+00 9.95e-01h  1
1719  2.8056309e+00 3.07e-04 2.11e-02  -5.3 1.35e-01    -  1.00e+00 8.62e-01H  1
iter    objective    inf_pr   inf_du lg(mu)  ||d||  lg(rg) alpha_du alpha_pr  ls
1720  2.8013375e+00 4.09e-04 7.48e-03  -5.6 5.85e-02    -  1.00e+00 1.00e+00h  1
1721  2.7998458e+00 6.05e-04 4.12e-03  -5.6 3.96e-02    -  9.99e-01 1.00e+00h  1
1722  2.7988500e+00 5.98e-04 2.91e-03  -5.7 3.62e-02    -  1.00e+00 9.78e-01h  1
1723  2.7977939e+00 2.74e-05 4.10e-03  -6.1 3.14e-02    -  1.00e+00 9.86e-01h  1
1724  2.7970443e+00 6.12e-04 2.79e-02  -6.4 2.76e-02    -  1.00e+00 6.26e-01h  1
1725  2.7968937e+00 2.83e-04 7.16e-02  -5.8 3.37e-02    -  8.97e-01 5.37e-01h  1
1726  2.7967405e+00 2.45e-04 4.49e-03  -5.9 4.33e-02    -  1.00e+00 9.45e-01h  1
1727  2.7968645e+00 4.50e-04 5.62e-02  -5.7 1.05e-01    -  1.00e+00 6.49e-01h  1
1728  2.7966494e+00 8.77e-04 7.15e-02  -5.8 3.14e-01    -  6.35e-01 4.45e-01h  1
1729  2.7974546e+00 3.04e-03 6.63e-02  -5.4 3.63e-01    -  5.01e-01 2.56e-01f  2
iter    objective    inf_pr   inf_du lg(mu)  ||d||  lg(rg) alpha_du alpha_pr  ls
1730  2.7983747e+00 6.74e-04 8.18e-03  -5.6 3.62e-02    -  9.63e-01 1.00e+00h  1
1731  2.7952446e+00 5.61e-04 1.78e+02  -5.6 2.53e-02    -  7.80e-01 1.00e+00h  1
1732  2.7951559e+00 2.33e-03 2.60e-02  -5.8 5.23e-02    -  1.00e+00 9.67e-01h  1
1733  2.7940443e+00 3.97e-04 6.58e-02  -5.9 6.66e-02    -  1.00e+00 1.00e+00h  1
1734  2.7940081e+00 2.35e-04 6.87e-02 -11.0 3.99e-01    -  1.24e-01 2.45e-02h  4
1735  2.7949105e+00 1.61e-04 3.15e-01  -5.1 2.43e-01    -  4.28e-01 1.96e-01h  1
1736  2.7954068e+00 2.80e-04 3.09e-01  -5.5 3.74e-02    -  6.10e-01 1.00e+00h  1
1737  2.7947970e+00 3.86e-04 3.58e-03  -5.5 3.21e-02    -  1.00e+00 1.00e+00h  1
1738  2.7942363e+00 7.30e-04 4.94e-01  -5.5 6.52e-01    -  3.69e-01 2.72e-01h  1
1739  2.7940160e+00 7.07e-04 4.78e-01  -5.5 3.24e+00    -  2.73e-01 3.09e-02h  3
iter    objective    inf_pr   inf_du lg(mu)  ||d||  lg(rg) alpha_du alpha_pr  ls
1740  2.7934944e+00 2.05e-03 4.26e-01  -5.5 1.94e+00    -  2.89e-01 1.07e-01h  2
1741  2.8028187e+00 3.79e-03 3.74e-01  -4.7 6.15e+00    -  2.22e-01 1.20e-01h  1
1742  2.8018645e+00 1.04e-02 3.55e-01  -5.3 2.89e+00    -  1.97e-01 5.12e-02h  4
1743  2.7995282e+00 7.85e-03 2.88e-01  -5.3 1.97e+00    -  2.19e-01 1.84e-01h  2
1744  2.8000396e+00 6.77e-03 2.44e-01  -5.3 7.54e-01    -  2.03e-01 1.51e-01H  1
1745  2.7940552e+00 5.71e-03 6.12e-02  -5.3 5.02e-01    -  5.76e-01 7.80e-01f  1
1746  2.7928801e+00 5.44e-03 1.16e-01  -5.3 1.66e+00    -  2.77e-01 5.25e-02h  3
1747  2.8005435e+00 6.25e-04 1.09e-02  -5.0 9.47e-02    -  1.00e+00 1.00e+00h  1
1748  2.7960399e+00 3.87e-04 5.22e-03  -5.1 8.94e-02    -  1.00e+00 1.00e+00h  1
1749  2.7970326e+00 3.15e-04 9.74e-03  -5.1 6.43e-02    -  1.00e+00 1.00e+00h  1
iter    objective    inf_pr   inf_du lg(mu)  ||d||  lg(rg) alpha_du alpha_pr  ls
1750  2.7944681e+00 2.02e-04 2.25e-03  -5.1 6.58e-02    -  1.00e+00 1.00e+00h  1
1751  2.7947330e+00 1.51e-05 3.68e-03  -5.1 2.77e-02    -  1.00e+00 1.00e+00h  1
1752  2.7901986e+00 5.70e-05 1.19e-02  -5.6 1.67e-02    -  1.00e+00 9.11e-01h  1
1753  2.7890183e+00 5.72e-05 3.83e-02  -5.7 3.22e-02    -  1.00e+00 6.38e-01h  1
1754  2.7877522e+00 1.94e-04 2.71e-02  -6.0 3.90e-02    -  1.00e+00 6.60e-01h  1
1755  2.7879044e+00 3.73e-05 3.21e-02  -5.7 1.10e-01    -  1.00e+00 8.27e-01H  1
1756  2.7874017e+00 5.20e-04 1.98e-02  -6.1 8.39e-02    -  1.00e+00 7.96e-01h  1
1757  2.7870247e+00 3.60e-05 4.07e-03  -5.8 2.08e-02    -  1.00e+00 1.00e+00h  1
1758  2.7858685e+00 1.50e-05 5.39e-02  -6.4 1.81e-02    -  1.00e+00 6.57e-01h  1
1759  2.7854604e+00 1.75e-05 1.14e-01  -6.4 4.25e-02    -  1.00e+00 5.97e-01h  1
iter    objective    inf_pr   inf_du lg(mu)  ||d||  lg(rg) alpha_du alpha_pr  ls
1760  2.7853466e+00 7.88e-04 1.96e-01  -6.1 3.34e-01    -  7.50e-01 2.30e-01h  1
1761  2.7852449e+00 5.52e-04 1.01e-01  -6.3 3.47e-01    -  1.00e+00 2.90e-01h  2
1762  2.7845889e+00 6.73e-04 8.19e-02  -6.1 8.26e-01    -  4.42e-01 2.55e-01h  1
1763  2.7843749e+00 7.06e-03 1.06e-01  -5.4 4.30e+00    -  2.38e-01 5.57e-02h  2
1764  2.7842202e+00 6.76e-03 1.43e-01  -5.9 2.07e+00    -  3.89e-01 4.34e-02h  3
1765  2.7876050e+00 2.72e-03 2.87e-02  -5.6 2.21e-01    -  8.41e-01 7.82e-01h  1
1766  2.7856217e+00 1.96e-03 9.28e-02  -5.8 5.27e-01    -  9.40e-01 2.77e-01h  1
1767  2.7853174e+00 6.22e-03 1.03e-01  -5.8 8.18e-01    -  7.85e-02 2.43e-01h  1
1768  2.7842675e+00 4.70e-03 9.10e-02  -5.8 2.86e-01    -  6.84e-01 2.44e-01f  2
1769  2.7827963e+00 7.02e-03 4.61e-03  -5.8 2.94e-02    -  1.00e+00 9.93e-01h  1
iter    objective    inf_pr   inf_du lg(mu)  ||d||  lg(rg) alpha_du alpha_pr  ls
1770  2.7830237e+00 6.00e-05 1.86e-03  -5.5 5.11e-02    -  1.00e+00 1.00e+00h  1
1771  2.7817099e+00 2.70e-03 5.12e-02  -6.0 8.18e-02    -  1.00e+00 8.02e-01h  1
1772  2.7900155e+00 1.12e-04 3.78e-02  -5.3 6.72e-01    -  1.00e+00 8.86e-01H  1
1773  2.7896663e+00 2.68e-03 9.33e-02  -5.4 1.60e+00    -  6.79e-01 2.55e-01h  2
1774  2.7867241e+00 3.09e-03 1.20e-01  -5.4 1.55e+00    -  2.12e-01 9.37e-02h  2
1775  2.7864522e+00 1.90e-03 5.91e-02  -5.4 1.52e-01    -  2.79e-01 3.87e-01h  1
1776  2.7812378e+00 3.03e-03 3.19e-02  -5.4 1.77e-01    -  8.88e-01 1.00e+00f  1
1777  2.7948220e+00 2.08e-05 1.87e-02  -5.2 5.69e-02    -  1.00e+00 1.00e+00H  1
1778  2.7816674e+00 2.62e-03 2.59e-03  -5.3 1.18e-01    -  1.00e+00 1.00e+00h  1
1779  2.7792624e+00 7.41e-05 2.24e-03  -5.7 4.70e-02    -  1.00e+00 1.00e+00h  1
iter    objective    inf_pr   inf_du lg(mu)  ||d||  lg(rg) alpha_du alpha_pr  ls
1780  2.7775392e+00 3.10e-03 7.40e-02  -6.0 1.14e-01    -  1.00e+00 5.80e-01h  1
1781  2.7838658e+00 4.53e-04 3.72e-02  -5.3 2.72e-01    -  9.31e-01 8.16e-01H  1
1782  2.7825934e+00 2.59e-03 4.87e-02  -5.5 1.31e-01    -  6.74e-01 1.00e+00h  1
1783  2.7790854e+00 3.03e-03 1.48e-01  -5.5 9.27e-02    -  4.70e-01 8.15e-01h  1
1784  2.7779246e+00 4.77e-04 6.14e-03  -5.5 3.89e-02    -  1.00e+00 1.00e+00f  1
1785  2.7796868e+00 3.03e-03 2.55e-03  -5.2 2.27e-02    -  1.00e+00 1.00e+00h  1
1786  2.7785959e+00 3.04e-03 1.87e-03  -5.3 3.88e-02    -  1.00e+00 1.00e+00h  1
1787  2.7789744e+00 4.79e-04 5.55e-03  -5.3 1.03e-01    -  1.00e+00 1.00e+00h  1
1788  2.7830119e+00 5.98e-04 5.90e-03  -5.0 1.55e-01    -  1.00e+00 1.00e+00h  1
1789  2.8052262e+00 3.82e-05 2.22e-02  -5.1 2.97e-01    -  1.00e+00 1.00e+00H  1
iter    objective    inf_pr   inf_du lg(mu)  ||d||  lg(rg) alpha_du alpha_pr  ls
1790  2.7813550e+00 9.34e-04 5.84e-03  -5.1 2.20e-01    -  1.00e+00 1.00e+00f  1
1791  2.7882356e+00 3.11e-04 1.54e-02  -5.1 5.56e-02    -  1.00e+00 1.00e+00h  1
1792  2.7799853e+00 1.22e-04 1.36e-03  -5.1 5.71e-02    -  1.00e+00 1.00e+00h  1
1793  2.7799286e+00 6.43e-06 5.90e-04  -5.1 4.06e-02    -  1.00e+00 1.00e+00h  1

Number of Iterations....: 1793

                                   (scaled)                 (unscaled)
Objective...............:   2.7799285988740761e+00    2.7799285988740761e+00
Dual infeasibility......:   5.9048327496166015e-04    5.9048327496166015e-04
Constraint violation....:   6.4283419921006002e-06    6.4283419921006002e-06
Variable bound violation:   0.0000000000000000e+00    0.0000000000000000e+00
Complementarity.........:   7.3237731206808010e-06    7.3237731206808010e-06
Overall NLP error.......:   5.9048327496166015e-04    5.9048327496166015e-04


Number of objective function evaluations             = 3360
Number of objective gradient evaluations             = 1794
Number of equality constraint evaluations            = 3360
Number of inequality constraint evaluations          = 0
Number of equality constraint Jacobian evaluations   = 1794
Number of inequality constraint Jacobian evaluations = 0
Number of Lagrangian Hessian evaluations             = 0
Total seconds in IPOPT                               = 6690.313

EXIT: Optimal Solution Found.
         nlp  :   t_proc      (avg)   t_wall      (avg)    n_eval
callback_fun  | 305.77ms (170.44us) 707.17ms (394.19us)      1794
       nlp_f  |  37.21 s ( 11.07ms)  10.14 s (  3.02ms)      3360
       nlp_g  | 307.49 s ( 91.52ms)  40.02 s ( 11.91ms)      3360
  nlp_grad_f  |   1.87ks (  1.04 s) 201.37 s (112.12ms)      1796
   nlp_jac_g  |  52.54ks ( 29.27 s)   5.02ks (  2.80 s)      1795
       total  |  68.85ks ( 68.85ks)   6.69ks (  6.69ks)         1

Breakdown of objective (including weights):
  marker_tracking: 1.91279
  control_effort: 0.621553
  accelerations: 0.245584
[info] Set log level to Info.
[info] ------------------------------------------------------------------------
[info] Elapsed real time: 6754 second(s) (1 hour(s), 52 minute(s), 34 second(s)).
[info] Tue Jun  2 19:10:43 2026
[info] MocoCasADiSolver succeeded!
[info] ========================================================================
[info] Storage: read data file = SRRun01_grf.mot (nr=10005 nc=19)
[info] ExternalForce::RightGRF Data source being set to SRRun01_grf
[info] ExternalForce::LeftGRF Data source being set to SRRun01_grf
[warning] Ignoring output /forceset/addbrev_r|implicitenabled_normalized_tendon_force of type bool.
[warning] Ignoring output /forceset/addbrev_r|statebounds_normalized_tendon_force of type Vec2.
[warning] Ignoring output /forceset/addlong_r|implicitenabled_normalized_tendon_force of type bool.
[warning] Ignoring output /forceset/addlong_r|statebounds_normalized_tendon_force of type Vec2.
[warning] Ignoring output /forceset/addmagDist_r|implicitenabled_normalized_tendon_force of type bool.
[warning] Ignoring output /forceset/addmagDist_r|statebounds_normalized_tendon_force of type Vec2.
[warning] Ignoring output /forceset/addmagIsch_r|implicitenabled_normalized_tendon_force of type bool.
[warning] Ignoring output /forceset/addmagIsch_r|statebounds_normalized_tendon_force of type Vec2.
[warning] Ignoring output /forceset/addmagMid_r|implicitenabled_normalized_tendon_force of type bool.
[warning] Ignoring output /forceset/addmagMid_r|statebounds_normalized_tendon_force of type Vec2.
[warning] Ignoring output /forceset/addmagProx_r|implicitenabled_normalized_tendon_force of type bool.
[warning] Ignoring output /forceset/addmagProx_r|statebounds_normalized_tendon_force of type Vec2.
[warning] Ignoring output /forceset/bflh_r|implicitenabled_normalized_tendon_force of type bool.
[warning] Ignoring output /forceset/bflh_r|statebounds_normalized_tendon_force of type Vec2.
[warning] Ignoring output /forceset/bfsh_r|implicitenabled_normalized_tendon_force of type bool.
[warning] Ignoring output /forceset/bfsh_r|statebounds_normalized_tendon_force of type Vec2.
[warning] Ignoring output /forceset/edl_r|implicitenabled_normalized_tendon_force of type bool.
[warning] Ignoring output /forceset/edl_r|statebounds_normalized_tendon_force of type Vec2.
[warning] Ignoring output /forceset/ehl_r|implicitenabled_normalized_tendon_force of type bool.
[warning] Ignoring output /forceset/ehl_r|statebounds_normalized_tendon_force of type Vec2.
[warning] Ignoring output /forceset/fdl_r|implicitenabled_normalized_tendon_force of type bool.
[warning] Ignoring output /forceset/fdl_r|statebounds_normalized_tendon_force of type Vec2.
[warning] Ignoring output /forceset/fhl_r|implicitenabled_normalized_tendon_force of type bool.
[warning] Ignoring output /forceset/fhl_r|statebounds_normalized_tendon_force of type Vec2.
[warning] Ignoring output /forceset/gaslat_r|implicitenabled_normalized_tendon_force of type bool.
[warning] Ignoring output /forceset/gaslat_r|statebounds_normalized_tendon_force of type Vec2.
[warning] Ignoring output /forceset/gasmed_r|implicitenabled_normalized_tendon_force of type bool.
[warning] Ignoring output /forceset/gasmed_r|statebounds_normalized_tendon_force of type Vec2.
[warning] Ignoring output /forceset/glmax1_r|implicitenabled_normalized_tendon_force of type bool.
[warning] Ignoring output /forceset/glmax1_r|statebounds_normalized_tendon_force of type Vec2.
[warning] Ignoring output /forceset/glmax2_r|implicitenabled_normalized_tendon_force of type bool.
[warning] Ignoring output /forceset/glmax2_r|statebounds_normalized_tendon_force of type Vec2.
[warning] Ignoring output /forceset/glmax3_r|implicitenabled_normalized_tendon_force of type bool.
[warning] Ignoring output /forceset/glmax3_r|statebounds_normalized_tendon_force of type Vec2.
[warning] Ignoring output /forceset/glmed1_r|implicitenabled_normalized_tendon_force of type bool.
[warning] Ignoring output /forceset/glmed1_r|statebounds_normalized_tendon_force of type Vec2.
[warning] Ignoring output /forceset/glmed2_r|implicitenabled_normalized_tendon_force of type bool.
[warning] Ignoring output /forceset/glmed2_r|statebounds_normalized_tendon_force of type Vec2.
[warning] Ignoring output /forceset/glmed3_r|implicitenabled_normalized_tendon_force of type bool.
[warning] Ignoring output /forceset/glmed3_r|statebounds_normalized_tendon_force of type Vec2.
[warning] Ignoring output /forceset/glmin1_r|implicitenabled_normalized_tendon_force of type bool.
[warning] Ignoring output /forceset/glmin1_r|statebounds_normalized_tendon_force of type Vec2.
[warning] Ignoring output /forceset/glmin2_r|implicitenabled_normalized_tendon_force of type bool.
[warning] Ignoring output /forceset/glmin2_r|statebounds_normalized_tendon_force of type Vec2.
[warning] Ignoring output /forceset/glmin3_r|implicitenabled_normalized_tendon_force of type bool.
[warning] Ignoring output /forceset/glmin3_r|statebounds_normalized_tendon_force of type Vec2.
[warning] Ignoring output /forceset/grac_r|implicitenabled_normalized_tendon_force of type bool.
[warning] Ignoring output /forceset/grac_r|statebounds_normalized_tendon_force of type Vec2.
[warning] Ignoring output /forceset/iliacus_r|implicitenabled_normalized_tendon_force of type bool.
[warning] Ignoring output /forceset/iliacus_r|statebounds_normalized_tendon_force of type Vec2.
[warning] Ignoring output /forceset/perbrev_r|implicitenabled_normalized_tendon_force of type bool.
[warning] Ignoring output /forceset/perbrev_r|statebounds_normalized_tendon_force of type Vec2.
[warning] Ignoring output /forceset/perlong_r|implicitenabled_normalized_tendon_force of type bool.
[warning] Ignoring output /forceset/perlong_r|statebounds_normalized_tendon_force of type Vec2.
[warning] Ignoring output /forceset/piri_r|implicitenabled_normalized_tendon_force of type bool.
[warning] Ignoring output /forceset/piri_r|statebounds_normalized_tendon_force of type Vec2.
[warning] Ignoring output /forceset/psoas_r|implicitenabled_normalized_tendon_force of type bool.
[warning] Ignoring output /forceset/psoas_r|statebounds_normalized_tendon_force of type Vec2.
[warning] Ignoring output /forceset/recfem_r|implicitenabled_normalized_tendon_force of type bool.
[warning] Ignoring output /forceset/recfem_r|statebounds_normalized_tendon_force of type Vec2.
[warning] Ignoring output /forceset/sart_r|implicitenabled_normalized_tendon_force of type bool.
[warning] Ignoring output /forceset/sart_r|statebounds_normalized_tendon_force of type Vec2.
[warning] Ignoring output /forceset/semimem_r|implicitenabled_normalized_tendon_force of type bool.
[warning] Ignoring output /forceset/semimem_r|statebounds_normalized_tendon_force of type Vec2.
[warning] Ignoring output /forceset/semiten_r|implicitenabled_normalized_tendon_force of type bool.
[warning] Ignoring output /forceset/semiten_r|statebounds_normalized_tendon_force of type Vec2.
[warning] Ignoring output /forceset/soleus_r|implicitenabled_normalized_tendon_force of type bool.
[warning] Ignoring output /forceset/soleus_r|statebounds_normalized_tendon_force of type Vec2.
[warning] Ignoring output /forceset/tfl_r|implicitenabled_normalized_tendon_force of type bool.
[warning] Ignoring output /forceset/tfl_r|statebounds_normalized_tendon_force of type Vec2.
[warning] Ignoring output /forceset/tibant_r|implicitenabled_normalized_tendon_force of type bool.
[warning] Ignoring output /forceset/tibant_r|statebounds_normalized_tendon_force of type Vec2.
[warning] Ignoring output /forceset/tibpost_r|implicitenabled_normalized_tendon_force of type bool.
[warning] Ignoring output /forceset/tibpost_r|statebounds_normalized_tendon_force of type Vec2.
[warning] Ignoring output /forceset/vasint_r|implicitenabled_normalized_tendon_force of type bool.
[warning] Ignoring output /forceset/vasint_r|statebounds_normalized_tendon_force of type Vec2.
[warning] Ignoring output /forceset/vaslat_r|implicitenabled_normalized_tendon_force of type bool.
[warning] Ignoring output /forceset/vaslat_r|statebounds_normalized_tendon_force of type Vec2.
[warning] Ignoring output /forceset/vasmed_r|implicitenabled_normalized_tendon_force of type bool.
[warning] Ignoring output /forceset/vasmed_r|statebounds_normalized_tendon_force of type Vec2.
[info] Storage: read data file = SRRun01_grf.mot (nr=10005 nc=19)
[info] ExternalForce::RightGRF Data source being set to SRRun01_grf
[info] ExternalForce::LeftGRF Data source being set to SRRun01_grf
[info] Storage: read data file = SRRun01_grf.mot (nr=10005 nc=19)
[info] ExternalForce::RightGRF Data source being set to SRRun01_grf
[info] ExternalForce::LeftGRF Data source being set to SRRun01_grf
[info] Storage: read data file = SRRun01_grf.mot (nr=10005 nc=19)
[info] ExternalForce::RightGRF Data source being set to SRRun01_grf
[info] ExternalForce::LeftGRF Data source being set to SRRun01_grf
[info] Storage: read data file = SRRun01_grf.mot (nr=10005 nc=19)
[info] ExternalForce::RightGRF Data source being set to SRRun01_grf
[info] ExternalForce::LeftGRF Data source being set to SRRun01_grf
[info] Storage: read data file = SRRun01_grf.mot (nr=10005 nc=19)
[info] ExternalForce::RightGRF Data source being set to SRRun01_grf
[info] ExternalForce::LeftGRF Data source being set to SRRun01_grf
