[info] Loaded model HA21_complex from file ../../../../../data/Loone2025/HA21/scaling/HA21_complex.osim
[info] Storage: read data file = SRRun01_grf.mot (nr=16005 nc=19)
[info] ExternalForce::RightGRF Data source being set to SRRun01_grf
[info] ExternalForce::LeftGRF Data source being set to SRRun01_grf
[info] Storage: read data file = SRRun01_grf.mot (nr=16005 nc=19)
[info] ExternalForce::RightGRF Data source being set to SRRun01_grf
[info] ExternalForce::LeftGRF Data source being set to SRRun01_grf
[info] Loaded model HA21_complex from file HA21_SRRun_dynamic-optimisation_complex.osim
[info] Storage: read data file = SRRun01_grf.mot (nr=16005 nc=19)
[info] ExternalForce::RightGRF Data source being set to SRRun01_grf
[info] ExternalForce::LeftGRF Data source being set to SRRun01_grf
[info] Storage: read data file = SRRun01_grf.mot (nr=16005 nc=19)
[info] ExternalForce::RightGRF Data source being set to SRRun01_grf
[info] ExternalForce::LeftGRF Data source being set to SRRun01_grf
[info] Loaded model HA21_complex from file HA21_SRRun_dynamic-optimisation_complex.osim
[info] Storage: read data file = SRRun01_grf.mot (nr=16005 nc=19)
[info] ExternalForce::RightGRF Data source being set to SRRun01_grf
[info] ExternalForce::LeftGRF Data source being set to SRRun01_grf
[info] Storage: read data file = SRRun01_grf.mot (nr=16005 nc=19)
[info] ExternalForce::RightGRF Data source being set to SRRun01_grf
[info] ExternalForce::LeftGRF Data source being set to SRRun01_grf
[info] Storage: read data file = SRRun01_grf.mot (nr=16005 nc=19)
[info] ExternalForce::RightGRF Data source being set to SRRun01_grf
[info] ExternalForce::LeftGRF Data source being set to SRRun01_grf
[info] Storage: read data file = SRRun01_grf.mot (nr=16005 nc=19)
[info] ExternalForce::RightGRF Data source being set to SRRun01_grf
[info] ExternalForce::LeftGRF Data source being set to SRRun01_grf
[info] Storage: read data file = SRRun01_grf.mot (nr=16005 nc=19)
[info] ExternalForce::RightGRF Data source being set to SRRun01_grf
[info] ExternalForce::LeftGRF Data source being set to SRRun01_grf
[info] Storage: read data file = SRRun01_grf.mot (nr=16005 nc=19)
[info] ExternalForce::RightGRF Data source being set to SRRun01_grf
[info] ExternalForce::LeftGRF Data source being set to SRRun01_grf
[info] Storage: read data file = SRRun01_grf.mot (nr=16005 nc=19)
[info] ExternalForce::RightGRF Data source being set to SRRun01_grf
[info] ExternalForce::LeftGRF Data source being set to SRRun01_grf
[info] Storage: read data file = SRRun01_grf.mot (nr=16005 nc=19)
[info] ExternalForce::RightGRF Data source being set to SRRun01_grf
[info] ExternalForce::LeftGRF Data source being set to SRRun01_grf
[info] Storage: read data file = SRRun01_grf.mot (nr=16005 nc=19)
[info] ExternalForce::RightGRF Data source being set to SRRun01_grf
[info] ExternalForce::LeftGRF Data source being set to SRRun01_grf
[info] Storage: read data file = SRRun01_grf.mot (nr=16005 nc=19)
[info] ExternalForce::RightGRF Data source being set to SRRun01_grf
[info] ExternalForce::LeftGRF Data source being set to SRRun01_grf
[info] Storage: read data file = SRRun01_grf.mot (nr=16005 nc=19)
[info] ExternalForce::RightGRF Data source being set to SRRun01_grf
[info] ExternalForce::LeftGRF Data source being set to SRRun01_grf
[info] Storage: read data file = SRRun01_grf.mot (nr=16005 nc=19)
[info] ExternalForce::RightGRF Data source being set to SRRun01_grf
[info] ExternalForce::LeftGRF Data source being set to SRRun01_grf
[info] Storage: read data file = SRRun01_grf.mot (nr=16005 nc=19)
[info] ExternalForce::RightGRF Data source being set to SRRun01_grf
[info] ExternalForce::LeftGRF Data source being set to SRRun01_grf
[info] Storage: read data file = SRRun01_grf.mot (nr=16005 nc=19)
[info] ExternalForce::RightGRF Data source being set to SRRun01_grf
[info] ExternalForce::LeftGRF Data source being set to SRRun01_grf
[info] Storage: read data file = SRRun01_grf.mot (nr=16005 nc=19)
[info] ExternalForce::RightGRF Data source being set to SRRun01_grf
[info] ExternalForce::LeftGRF Data source being set to SRRun01_grf
[info] Storage: read data file = SRRun01_grf.mot (nr=16005 nc=19)
[info] ExternalForce::RightGRF Data source being set to SRRun01_grf
[info] ExternalForce::LeftGRF Data source being set to SRRun01_grf
[info] Storage: read data file = SRRun01_grf.mot (nr=16005 nc=19)
[info] ExternalForce::RightGRF Data source being set to SRRun01_grf
[info] ExternalForce::LeftGRF Data source being set to SRRun01_grf
[info] Storage: read data file = SRRun01_grf.mot (nr=16005 nc=19)
[info] ExternalForce::RightGRF Data source being set to SRRun01_grf
[info] ExternalForce::LeftGRF Data source being set to SRRun01_grf
[info] Storage: read data file = SRRun01_grf.mot (nr=16005 nc=19)
[info] ExternalForce::RightGRF Data source being set to SRRun01_grf
[info] ExternalForce::LeftGRF Data source being set to SRRun01_grf
[info] Storage: read data file = SRRun01_grf.mot (nr=16005 nc=19)
[info] ExternalForce::RightGRF Data source being set to SRRun01_grf
[info] ExternalForce::LeftGRF Data source being set to SRRun01_grf
[info] Storage: read data file = SRRun01_grf.mot (nr=16005 nc=19)
[info] ExternalForce::RightGRF Data source being set to SRRun01_grf
[info] ExternalForce::LeftGRF Data source being set to SRRun01_grf
[info] Storage: read data file = SRRun01_grf.mot (nr=16005 nc=19)
[info] ExternalForce::RightGRF Data source being set to SRRun01_grf
[info] ExternalForce::LeftGRF Data source being set to SRRun01_grf
[info] Storage: read data file = SRRun01_grf.mot (nr=16005 nc=19)
[info] ExternalForce::RightGRF Data source being set to SRRun01_grf
[info] ExternalForce::LeftGRF Data source being set to SRRun01_grf
[info] Storage: read data file = SRRun01_grf.mot (nr=16005 nc=19)
[info] ExternalForce::RightGRF Data source being set to SRRun01_grf
[info] ExternalForce::LeftGRF Data source being set to SRRun01_grf
[info] Storage: read data file = SRRun01_grf.mot (nr=16005 nc=19)
[info] ExternalForce::RightGRF Data source being set to SRRun01_grf
[info] ExternalForce::LeftGRF Data source being set to SRRun01_grf
[info] Storage: read data file = SRRun01_grf.mot (nr=16005 nc=19)
[info] ExternalForce::RightGRF Data source being set to SRRun01_grf
[info] ExternalForce::LeftGRF Data source being set to SRRun01_grf
[info] Storage: read data file = SRRun01_grf.mot (nr=16005 nc=19)
[info] ExternalForce::RightGRF Data source being set to SRRun01_grf
[info] ExternalForce::LeftGRF Data source being set to SRRun01_grf
[info] Storage: read data file = SRRun01_grf.mot (nr=16005 nc=19)
[info] ExternalForce::RightGRF Data source being set to SRRun01_grf
[info] ExternalForce::LeftGRF Data source being set to SRRun01_grf
[info] Storage: read data file = SRRun01_grf.mot (nr=16005 nc=19)
[info] ExternalForce::RightGRF Data source being set to SRRun01_grf
[info] ExternalForce::LeftGRF Data source being set to SRRun01_grf
[info] Storage: read data file = SRRun01_grf.mot (nr=16005 nc=19)
[info] ExternalForce::RightGRF Data source being set to SRRun01_grf
[info] ExternalForce::LeftGRF Data source being set to SRRun01_grf
[info] Storage: read data file = SRRun01_grf.mot (nr=16005 nc=19)
[info] ExternalForce::RightGRF Data source being set to SRRun01_grf
[info] ExternalForce::LeftGRF Data source being set to SRRun01_grf
[info] Storage: read data file = SRRun01_grf.mot (nr=16005 nc=19)
[info] ExternalForce::RightGRF Data source being set to SRRun01_grf
[info] ExternalForce::LeftGRF Data source being set to SRRun01_grf
[info] Storage: read data file = SRRun01_grf.mot (nr=16005 nc=19)
[info] ExternalForce::RightGRF Data source being set to SRRun01_grf
[info] ExternalForce::LeftGRF Data source being set to SRRun01_grf
[info] Storage: read data file = SRRun01_grf.mot (nr=16005 nc=19)
[info] ExternalForce::RightGRF Data source being set to SRRun01_grf
[info] ExternalForce::LeftGRF Data source being set to SRRun01_grf
[info] Storage: read data file = SRRun01_grf.mot (nr=16005 nc=19)
[info] ExternalForce::RightGRF Data source being set to SRRun01_grf
[info] ExternalForce::LeftGRF Data source being set to SRRun01_grf
[info] Storage: read data file = SRRun01_grf.mot (nr=16005 nc=19)
[info] ExternalForce::RightGRF Data source being set to SRRun01_grf
[info] ExternalForce::LeftGRF Data source being set to SRRun01_grf
[info] Storage: read data file = SRRun01_grf.mot (nr=16005 nc=19)
[info] ExternalForce::RightGRF Data source being set to SRRun01_grf
[info] ExternalForce::LeftGRF Data source being set to SRRun01_grf
[info] Storage: read data file = SRRun01_grf.mot (nr=16005 nc=19)
[info] ExternalForce::RightGRF Data source being set to SRRun01_grf
[info] ExternalForce::LeftGRF Data source being set to SRRun01_grf
[info] Storage: read data file = SRRun01_grf.mot (nr=16005 nc=19)
[info] ExternalForce::RightGRF Data source being set to SRRun01_grf
[info] ExternalForce::LeftGRF Data source being set to SRRun01_grf
[info] Storage: read data file = SRRun01_grf.mot (nr=16005 nc=19)
[info] ExternalForce::RightGRF Data source being set to SRRun01_grf
[info] ExternalForce::LeftGRF Data source being set to SRRun01_grf
[info] Storage: read data file = SRRun01_grf.mot (nr=16005 nc=19)
[info] ExternalForce::RightGRF Data source being set to SRRun01_grf
[info] ExternalForce::LeftGRF Data source being set to SRRun01_grf
[info] Storage: read data file = SRRun01_grf.mot (nr=16005 nc=19)
[info] ExternalForce::RightGRF Data source being set to SRRun01_grf
[info] ExternalForce::LeftGRF Data source being set to SRRun01_grf
[info] Storage: read data file = SRRun01_grf.mot (nr=16005 nc=19)
[info] ExternalForce::RightGRF Data source being set to SRRun01_grf
[info] ExternalForce::LeftGRF Data source being set to SRRun01_grf
[info] Storage: read data file = SRRun01_grf.mot (nr=16005 nc=19)
[info] ExternalForce::RightGRF Data source being set to SRRun01_grf
[info] ExternalForce::LeftGRF Data source being set to SRRun01_grf
[info] Storage: read data file = SRRun01_grf.mot (nr=16005 nc=19)
[info] ExternalForce::RightGRF Data source being set to SRRun01_grf
[info] ExternalForce::LeftGRF Data source being set to SRRun01_grf
[info] Storage: read data file = SRRun01_grf.mot (nr=16005 nc=19)
[info] ExternalForce::RightGRF Data source being set to SRRun01_grf
[info] ExternalForce::LeftGRF Data source being set to SRRun01_grf
[info] Storage: read data file = SRRun01_grf.mot (nr=16005 nc=19)
[info] ExternalForce::RightGRF Data source being set to SRRun01_grf
[info] ExternalForce::LeftGRF Data source being set to SRRun01_grf
[info] Storage: read data file = SRRun01_grf.mot (nr=16005 nc=19)
[info] ExternalForce::RightGRF Data source being set to SRRun01_grf
[info] ExternalForce::LeftGRF Data source being set to SRRun01_grf
[info] Storage: read data file = SRRun01_grf.mot (nr=16005 nc=19)
[info] ExternalForce::RightGRF Data source being set to SRRun01_grf
[info] ExternalForce::LeftGRF Data source being set to SRRun01_grf
[info] Storage: read data file = SRRun01_grf.mot (nr=16005 nc=19)
[info] ExternalForce::RightGRF Data source being set to SRRun01_grf
[info] ExternalForce::LeftGRF Data source being set to SRRun01_grf
[info] Storage: read data file = SRRun01_grf.mot (nr=16005 nc=19)
[info] ExternalForce::RightGRF Data source being set to SRRun01_grf
[info] ExternalForce::LeftGRF Data source being set to SRRun01_grf
[info] Storage: read data file = SRRun01_grf.mot (nr=16005 nc=19)
[info] ExternalForce::RightGRF Data source being set to SRRun01_grf
[info] ExternalForce::LeftGRF Data source being set to SRRun01_grf
[info] Storage: read data file = SRRun01_grf.mot (nr=16005 nc=19)
[info] ExternalForce::RightGRF Data source being set to SRRun01_grf
[info] ExternalForce::LeftGRF Data source being set to SRRun01_grf
[info] Storage: read data file = SRRun01_grf.mot (nr=16005 nc=19)
[info] ExternalForce::RightGRF Data source being set to SRRun01_grf
[info] ExternalForce::LeftGRF Data source being set to SRRun01_grf
[info] Storage: read data file = SRRun01_grf.mot (nr=16005 nc=19)
[info] ExternalForce::RightGRF Data source being set to SRRun01_grf
[info] ExternalForce::LeftGRF Data source being set to SRRun01_grf
[info] Storage: read data file = SRRun01_grf.mot (nr=16005 nc=19)
[info] ExternalForce::RightGRF Data source being set to SRRun01_grf
[info] ExternalForce::LeftGRF Data source being set to SRRun01_grf
[info] Storage: read data file = SRRun01_grf.mot (nr=16005 nc=19)
[info] ExternalForce::RightGRF Data source being set to SRRun01_grf
[info] ExternalForce::LeftGRF Data source being set to SRRun01_grf
[info] Storage: read data file = SRRun01_grf.mot (nr=16005 nc=19)
[info] ExternalForce::RightGRF Data source being set to SRRun01_grf
[info] ExternalForce::LeftGRF Data source being set to SRRun01_grf
[info] Storage: read data file = SRRun01_grf.mot (nr=16005 nc=19)
[info] ExternalForce::RightGRF Data source being set to SRRun01_grf
[info] ExternalForce::LeftGRF Data source being set to SRRun01_grf
[info] Storage: read data file = SRRun01_grf.mot (nr=16005 nc=19)
[info] ExternalForce::RightGRF Data source being set to SRRun01_grf
[info] ExternalForce::LeftGRF Data source being set to SRRun01_grf
[info] Storage: read data file = SRRun01_grf.mot (nr=16005 nc=19)
[info] ExternalForce::RightGRF Data source being set to SRRun01_grf
[info] ExternalForce::LeftGRF Data source being set to SRRun01_grf
[info] Storage: read data file = SRRun01_grf.mot (nr=16005 nc=19)
[info] ExternalForce::RightGRF Data source being set to SRRun01_grf
[info] ExternalForce::LeftGRF Data source being set to SRRun01_grf
[info] Storage: read data file = SRRun01_grf.mot (nr=16005 nc=19)
[info] ExternalForce::RightGRF Data source being set to SRRun01_grf
[info] ExternalForce::LeftGRF Data source being set to SRRun01_grf
[info] Storage: read data file = SRRun01_grf.mot (nr=16005 nc=19)
[info] ExternalForce::RightGRF Data source being set to SRRun01_grf
[info] ExternalForce::LeftGRF Data source being set to SRRun01_grf
[info] Storage: read data file = SRRun01_grf.mot (nr=16005 nc=19)
[info] ExternalForce::RightGRF Data source being set to SRRun01_grf
[info] ExternalForce::LeftGRF Data source being set to SRRun01_grf
[info] Storage: read data file = SRRun01_grf.mot (nr=16005 nc=19)
[info] ExternalForce::RightGRF Data source being set to SRRun01_grf
[info] ExternalForce::LeftGRF Data source being set to SRRun01_grf
[info] Storage: read data file = SRRun01_grf.mot (nr=16005 nc=19)
[info] ExternalForce::RightGRF Data source being set to SRRun01_grf
[info] ExternalForce::LeftGRF Data source being set to SRRun01_grf
[info] Storage: read data file = SRRun01_grf.mot (nr=16005 nc=19)
[info] ExternalForce::RightGRF Data source being set to SRRun01_grf
[info] ExternalForce::LeftGRF Data source being set to SRRun01_grf
[info] Storage: read data file = SRRun01_grf.mot (nr=16005 nc=19)
[info] ExternalForce::RightGRF Data source being set to SRRun01_grf
[info] ExternalForce::LeftGRF Data source being set to SRRun01_grf
[info] Storage: read data file = SRRun01_grf.mot (nr=16005 nc=19)
[info] ExternalForce::RightGRF Data source being set to SRRun01_grf
[info] ExternalForce::LeftGRF Data source being set to SRRun01_grf
[info] Storage: read data file = SRRun01_grf.mot (nr=16005 nc=19)
[info] ExternalForce::RightGRF Data source being set to SRRun01_grf
[info] ExternalForce::LeftGRF Data source being set to SRRun01_grf
[info] Storage: read data file = SRRun01_grf.mot (nr=16005 nc=19)
[info] ExternalForce::RightGRF Data source being set to SRRun01_grf
[info] ExternalForce::LeftGRF Data source being set to SRRun01_grf
[info] Storage: read data file = SRRun01_grf.mot (nr=16005 nc=19)
[info] ExternalForce::RightGRF Data source being set to SRRun01_grf
[info] ExternalForce::LeftGRF Data source being set to SRRun01_grf
[info] Storage: read data file = SRRun01_grf.mot (nr=16005 nc=19)
[info] ExternalForce::RightGRF Data source being set to SRRun01_grf
[info] ExternalForce::LeftGRF Data source being set to SRRun01_grf
[info] Storage: read data file = SRRun01_grf.mot (nr=16005 nc=19)
[info] ExternalForce::RightGRF Data source being set to SRRun01_grf
[info] ExternalForce::LeftGRF Data source being set to SRRun01_grf
[info] Storage: read data file = SRRun01_grf.mot (nr=16005 nc=19)
[info] ExternalForce::RightGRF Data source being set to SRRun01_grf
[info] ExternalForce::LeftGRF Data source being set to SRRun01_grf
[info] Storage: read data file = SRRun01_grf.mot (nr=16005 nc=19)
[info] ExternalForce::RightGRF Data source being set to SRRun01_grf
[info] ExternalForce::LeftGRF Data source being set to SRRun01_grf
[info] Storage: read data file = SRRun01_grf.mot (nr=16005 nc=19)
[info] ExternalForce::RightGRF Data source being set to SRRun01_grf
[info] ExternalForce::LeftGRF Data source being set to SRRun01_grf
[info] Storage: read data file = SRRun01_grf.mot (nr=16005 nc=19)
[info] ExternalForce::RightGRF Data source being set to SRRun01_grf
[info] ExternalForce::LeftGRF Data source being set to SRRun01_grf
[info] Storage: read data file = SRRun01_grf.mot (nr=16005 nc=19)
[info] ExternalForce::RightGRF Data source being set to SRRun01_grf
[info] ExternalForce::LeftGRF Data source being set to SRRun01_grf
[info] Storage: read data file = SRRun01_grf.mot (nr=16005 nc=19)
[info] ExternalForce::RightGRF Data source being set to SRRun01_grf
[info] ExternalForce::LeftGRF Data source being set to SRRun01_grf
[info] Storage: read data file = SRRun01_grf.mot (nr=16005 nc=19)
[info] ExternalForce::RightGRF Data source being set to SRRun01_grf
[info] ExternalForce::LeftGRF Data source being set to SRRun01_grf
[info] Storage: read data file = SRRun01_grf.mot (nr=16005 nc=19)
[info] ExternalForce::RightGRF Data source being set to SRRun01_grf
[info] ExternalForce::LeftGRF Data source being set to SRRun01_grf
[info] Storage: read data file = SRRun01_grf.mot (nr=16005 nc=19)
[info] ExternalForce::RightGRF Data source being set to SRRun01_grf
[info] ExternalForce::LeftGRF Data source being set to SRRun01_grf
[info] Storage: read data file = SRRun01_grf.mot (nr=16005 nc=19)
[info] ExternalForce::RightGRF Data source being set to SRRun01_grf
[info] ExternalForce::LeftGRF Data source being set to SRRun01_grf
[info] Storage: read data file = SRRun01_grf.mot (nr=16005 nc=19)
[info] ExternalForce::RightGRF Data source being set to SRRun01_grf
[info] ExternalForce::LeftGRF Data source being set to SRRun01_grf
[info] Storage: read data file = SRRun01_grf.mot (nr=16005 nc=19)
[info] ExternalForce::RightGRF Data source being set to SRRun01_grf
[info] ExternalForce::LeftGRF Data source being set to SRRun01_grf
[info] Storage: read data file = SRRun01_grf.mot (nr=16005 nc=19)
[info] ExternalForce::RightGRF Data source being set to SRRun01_grf
[info] ExternalForce::LeftGRF Data source being set to SRRun01_grf
[info] Storage: read data file = SRRun01_grf.mot (nr=16005 nc=19)
[info] ExternalForce::RightGRF Data source being set to SRRun01_grf
[info] ExternalForce::LeftGRF Data source being set to SRRun01_grf
[info] Storage: read data file = SRRun01_grf.mot (nr=16005 nc=19)
[info] ExternalForce::RightGRF Data source being set to SRRun01_grf
[info] ExternalForce::LeftGRF Data source being set to SRRun01_grf
[info] Storage: read data file = SRRun01_grf.mot (nr=16005 nc=19)
[info] ExternalForce::RightGRF Data source being set to SRRun01_grf
[info] ExternalForce::LeftGRF Data source being set to SRRun01_grf
[info] Storage: read data file = SRRun01_grf.mot (nr=16005 nc=19)
[info] ExternalForce::RightGRF Data source being set to SRRun01_grf
[info] ExternalForce::LeftGRF Data source being set to SRRun01_grf
[info] Storage: read data file = SRRun01_grf.mot (nr=16005 nc=19)
[info] ExternalForce::RightGRF Data source being set to SRRun01_grf
[info] ExternalForce::LeftGRF Data source being set to SRRun01_grf
[info] Storage: read data file = SRRun01_grf.mot (nr=16005 nc=19)
[info] ExternalForce::RightGRF Data source being set to SRRun01_grf
[info] ExternalForce::LeftGRF Data source being set to SRRun01_grf
[info] Storage: read data file = SRRun01_grf.mot (nr=16005 nc=19)
[info] ExternalForce::RightGRF Data source being set to SRRun01_grf
[info] ExternalForce::LeftGRF Data source being set to SRRun01_grf
[info] Storage: read data file = SRRun01_grf.mot (nr=16005 nc=19)
[info] ExternalForce::RightGRF Data source being set to SRRun01_grf
[info] ExternalForce::LeftGRF Data source being set to SRRun01_grf
[info] Storage: read data file = SRRun01_grf.mot (nr=16005 nc=19)
[info] ExternalForce::RightGRF Data source being set to SRRun01_grf
[info] ExternalForce::LeftGRF Data source being set to SRRun01_grf
[info] Storage: read data file = SRRun01_grf.mot (nr=16005 nc=19)
[info] ExternalForce::RightGRF Data source being set to SRRun01_grf
[info] ExternalForce::LeftGRF Data source being set to SRRun01_grf
[info] Storage: read data file = SRRun01_grf.mot (nr=16005 nc=19)
[info] ExternalForce::RightGRF Data source being set to SRRun01_grf
[info] ExternalForce::LeftGRF Data source being set to SRRun01_grf
[info] Storage: read data file = SRRun01_grf.mot (nr=16005 nc=19)
[info] ExternalForce::RightGRF Data source being set to SRRun01_grf
[info] ExternalForce::LeftGRF Data source being set to SRRun01_grf
[info] Storage: read data file = SRRun01_grf.mot (nr=16005 nc=19)
[info] ExternalForce::RightGRF Data source being set to SRRun01_grf
[info] ExternalForce::LeftGRF Data source being set to SRRun01_grf
[info] Storage: read data file = SRRun01_grf.mot (nr=16005 nc=19)
[info] ExternalForce::RightGRF Data source being set to SRRun01_grf
[info] ExternalForce::LeftGRF Data source being set to SRRun01_grf
[info] Storage: read data file = SRRun01_grf.mot (nr=16005 nc=19)
[info] ExternalForce::RightGRF Data source being set to SRRun01_grf
[info] ExternalForce::LeftGRF Data source being set to SRRun01_grf
[info] Storage: read data file = SRRun01_grf.mot (nr=16005 nc=19)
[info] ExternalForce::RightGRF Data source being set to SRRun01_grf
[info] ExternalForce::LeftGRF Data source being set to SRRun01_grf
[info] Storage: read data file = SRRun01_grf.mot (nr=16005 nc=19)
[info] ExternalForce::RightGRF Data source being set to SRRun01_grf
[info] ExternalForce::LeftGRF Data source being set to SRRun01_grf
[info] Storage: read data file = SRRun01_grf.mot (nr=16005 nc=19)
[info] ExternalForce::RightGRF Data source being set to SRRun01_grf
[info] ExternalForce::LeftGRF Data source being set to SRRun01_grf
[info] Storage: read data file = SRRun01_grf.mot (nr=16005 nc=19)
[info] ExternalForce::RightGRF Data source being set to SRRun01_grf
[info] ExternalForce::LeftGRF Data source being set to SRRun01_grf
[info] Storage: read data file = SRRun01_grf.mot (nr=16005 nc=19)
[info] ExternalForce::RightGRF Data source being set to SRRun01_grf
[info] ExternalForce::LeftGRF Data source being set to SRRun01_grf
[info] Storage: read data file = SRRun01_grf.mot (nr=16005 nc=19)
[info] ExternalForce::RightGRF Data source being set to SRRun01_grf
[info] ExternalForce::LeftGRF Data source being set to SRRun01_grf
[info] Storage: read data file = SRRun01_grf.mot (nr=16005 nc=19)
[info] ExternalForce::RightGRF Data source being set to SRRun01_grf
[info] ExternalForce::LeftGRF Data source being set to SRRun01_grf
[info] Storage: read data file = SRRun01_grf.mot (nr=16005 nc=19)
[info] ExternalForce::RightGRF Data source being set to SRRun01_grf
[info] ExternalForce::LeftGRF Data source being set to SRRun01_grf
[info] Storage: read data file = SRRun01_grf.mot (nr=16005 nc=19)
[info] ExternalForce::RightGRF Data source being set to SRRun01_grf
[info] ExternalForce::LeftGRF Data source being set to SRRun01_grf
[info] Storage: read data file = SRRun01_grf.mot (nr=16005 nc=19)
[info] ExternalForce::RightGRF Data source being set to SRRun01_grf
[info] ExternalForce::LeftGRF Data source being set to SRRun01_grf
[info] Storage: read data file = SRRun01_grf.mot (nr=16005 nc=19)
[info] ExternalForce::RightGRF Data source being set to SRRun01_grf
[info] ExternalForce::LeftGRF Data source being set to SRRun01_grf
[info] Storage: read data file = SRRun01_grf.mot (nr=16005 nc=19)
[info] ExternalForce::RightGRF Data source being set to SRRun01_grf
[info] ExternalForce::LeftGRF Data source being set to SRRun01_grf
[info] Storage: read data file = SRRun01_grf.mot (nr=16005 nc=19)
[info] ExternalForce::RightGRF Data source being set to SRRun01_grf
[info] ExternalForce::LeftGRF Data source being set to SRRun01_grf
[info] Storage: read data file = SRRun01_grf.mot (nr=16005 nc=19)
[info] ExternalForce::RightGRF Data source being set to SRRun01_grf
[info] ExternalForce::LeftGRF Data source being set to SRRun01_grf
[info] Storage: read data file = SRRun01_grf.mot (nr=16005 nc=19)
[info] ExternalForce::RightGRF Data source being set to SRRun01_grf
[info] ExternalForce::LeftGRF Data source being set to SRRun01_grf
[info] Storage: read data file = SRRun01_grf.mot (nr=16005 nc=19)
[info] ExternalForce::RightGRF Data source being set to SRRun01_grf
[info] ExternalForce::LeftGRF Data source being set to SRRun01_grf
[info] Storage: read data file = SRRun01_grf.mot (nr=16005 nc=19)
[info] ExternalForce::RightGRF Data source being set to SRRun01_grf
[info] ExternalForce::LeftGRF Data source being set to SRRun01_grf
[info] Storage: read data file = SRRun01_grf.mot (nr=16005 nc=19)
[info] ExternalForce::RightGRF Data source being set to SRRun01_grf
[info] ExternalForce::LeftGRF Data source being set to SRRun01_grf
[info] Storage: read data file = SRRun01_grf.mot (nr=16005 nc=19)
[info] ExternalForce::RightGRF Data source being set to SRRun01_grf
[info] ExternalForce::LeftGRF Data source being set to SRRun01_grf
[info] Storage: read data file = SRRun01_grf.mot (nr=16005 nc=19)
[info] ExternalForce::RightGRF Data source being set to SRRun01_grf
[info] ExternalForce::LeftGRF Data source being set to SRRun01_grf
[info] Storage: read data file = SRRun01_grf.mot (nr=16005 nc=19)
[info] ExternalForce::RightGRF Data source being set to SRRun01_grf
[info] ExternalForce::LeftGRF Data source being set to SRRun01_grf
[info] Storage: read data file = SRRun01_grf.mot (nr=16005 nc=19)
[info] ExternalForce::RightGRF Data source being set to SRRun01_grf
[info] ExternalForce::LeftGRF Data source being set to SRRun01_grf
[info] Storage: read data file = SRRun01_grf.mot (nr=16005 nc=19)
[info] ExternalForce::RightGRF Data source being set to SRRun01_grf
[info] ExternalForce::LeftGRF Data source being set to SRRun01_grf
[info] Storage: read data file = SRRun01_grf.mot (nr=16005 nc=19)
[info] ExternalForce::RightGRF Data source being set to SRRun01_grf
[info] ExternalForce::LeftGRF Data source being set to SRRun01_grf
[info] Storage: read data file = SRRun01_grf.mot (nr=16005 nc=19)
[info] ExternalForce::RightGRF Data source being set to SRRun01_grf
[info] ExternalForce::LeftGRF Data source being set to SRRun01_grf
[info] Storage: read data file = SRRun01_grf.mot (nr=16005 nc=19)
[info] ExternalForce::RightGRF Data source being set to SRRun01_grf
[info] ExternalForce::LeftGRF Data source being set to SRRun01_grf
[info] Storage: read data file = SRRun01_grf.mot (nr=16005 nc=19)
[info] ExternalForce::RightGRF Data source being set to SRRun01_grf
[info] ExternalForce::LeftGRF Data source being set to SRRun01_grf
[info] Storage: read data file = SRRun01_grf.mot (nr=16005 nc=19)
[info] ExternalForce::RightGRF Data source being set to SRRun01_grf
[info] ExternalForce::LeftGRF Data source being set to SRRun01_grf
[info] Storage: read data file = SRRun01_grf.mot (nr=16005 nc=19)
[info] ExternalForce::RightGRF Data source being set to SRRun01_grf
[info] ExternalForce::LeftGRF Data source being set to SRRun01_grf
[info] Storage: read data file = SRRun01_grf.mot (nr=16005 nc=19)
[info] ExternalForce::RightGRF Data source being set to SRRun01_grf
[info] ExternalForce::LeftGRF Data source being set to SRRun01_grf
[info] Storage: read data file = SRRun01_grf.mot (nr=16005 nc=19)
[info] ExternalForce::RightGRF Data source being set to SRRun01_grf
[info] ExternalForce::LeftGRF Data source being set to SRRun01_grf
[info] Storage: read data file = SRRun01_grf.mot (nr=16005 nc=19)
[info] ExternalForce::RightGRF Data source being set to SRRun01_grf
[info] ExternalForce::LeftGRF Data source being set to SRRun01_grf
[info] Storage: read data file = SRRun01_grf.mot (nr=16005 nc=19)
[info] ExternalForce::RightGRF Data source being set to SRRun01_grf
[info] ExternalForce::LeftGRF Data source being set to SRRun01_grf
[info] Storage: read data file = SRRun01_grf.mot (nr=16005 nc=19)
[info] ExternalForce::RightGRF Data source being set to SRRun01_grf
[info] ExternalForce::LeftGRF Data source being set to SRRun01_grf
[info] Storage: read data file = SRRun01_grf.mot (nr=16005 nc=19)
[info] ExternalForce::RightGRF Data source being set to SRRun01_grf
[info] ExternalForce::LeftGRF Data source being set to SRRun01_grf
[info] Storage: read data file = SRRun01_grf.mot (nr=16005 nc=19)
[info] ExternalForce::RightGRF Data source being set to SRRun01_grf
[info] ExternalForce::LeftGRF Data source being set to SRRun01_grf
[info] Storage: read data file = SRRun01_grf.mot (nr=16005 nc=19)
[info] ExternalForce::RightGRF Data source being set to SRRun01_grf
[info] ExternalForce::LeftGRF Data source being set to SRRun01_grf
[info] Storage: read data file = SRRun01_grf.mot (nr=16005 nc=19)
[info] ExternalForce::RightGRF Data source being set to SRRun01_grf
[info] ExternalForce::LeftGRF Data source being set to SRRun01_grf
[info] Storage: read data file = SRRun01_grf.mot (nr=16005 nc=19)
[info] ExternalForce::RightGRF Data source being set to SRRun01_grf
[info] ExternalForce::LeftGRF Data source being set to SRRun01_grf
[info] Storage: read data file = SRRun01_grf.mot (nr=16005 nc=19)
[info] ExternalForce::RightGRF Data source being set to SRRun01_grf
[info] ExternalForce::LeftGRF Data source being set to SRRun01_grf
[info] Storage: read data file = SRRun01_grf.mot (nr=16005 nc=19)
[info] ExternalForce::RightGRF Data source being set to SRRun01_grf
[info] ExternalForce::LeftGRF Data source being set to SRRun01_grf
[info] Storage: read data file = SRRun01_grf.mot (nr=16005 nc=19)
[info] ExternalForce::RightGRF Data source being set to SRRun01_grf
[info] ExternalForce::LeftGRF Data source being set to SRRun01_grf
[info] Storage: read data file = SRRun01_grf.mot (nr=16005 nc=19)
[info] ExternalForce::RightGRF Data source being set to SRRun01_grf
[info] ExternalForce::LeftGRF Data source being set to SRRun01_grf
[info] Storage: read data file = SRRun01_grf.mot (nr=16005 nc=19)
[info] ExternalForce::RightGRF Data source being set to SRRun01_grf
[info] ExternalForce::LeftGRF Data source being set to SRRun01_grf
[info] Storage: read data file = SRRun01_grf.mot (nr=16005 nc=19)
[info] ExternalForce::RightGRF Data source being set to SRRun01_grf
[info] ExternalForce::LeftGRF Data source being set to SRRun01_grf
[info] Storage: read data file = SRRun01_grf.mot (nr=16005 nc=19)
[info] ExternalForce::RightGRF Data source being set to SRRun01_grf
[info] ExternalForce::LeftGRF Data source being set to SRRun01_grf
[info] Storage: read data file = SRRun01_grf.mot (nr=16005 nc=19)
[info] ExternalForce::RightGRF Data source being set to SRRun01_grf
[info] ExternalForce::LeftGRF Data source being set to SRRun01_grf
[info] Storage: read data file = SRRun01_grf.mot (nr=16005 nc=19)
[info] ExternalForce::RightGRF Data source being set to SRRun01_grf
[info] ExternalForce::LeftGRF Data source being set to SRRun01_grf
[info] Storage: read data file = SRRun01_grf.mot (nr=16005 nc=19)
[info] ExternalForce::RightGRF Data source being set to SRRun01_grf
[info] ExternalForce::LeftGRF Data source being set to SRRun01_grf
[info] Storage: read data file = SRRun01_grf.mot (nr=16005 nc=19)
[info] ExternalForce::RightGRF Data source being set to SRRun01_grf
[info] ExternalForce::LeftGRF Data source being set to SRRun01_grf
[info] Storage: read data file = SRRun01_grf.mot (nr=16005 nc=19)
[info] ExternalForce::RightGRF Data source being set to SRRun01_grf
[info] ExternalForce::LeftGRF Data source being set to SRRun01_grf
[info] Storage: read data file = SRRun01_grf.mot (nr=16005 nc=19)
[info] ExternalForce::RightGRF Data source being set to SRRun01_grf
[info] ExternalForce::LeftGRF Data source being set to SRRun01_grf
[info] Storage: read data file = SRRun01_grf.mot (nr=16005 nc=19)
[info] ExternalForce::RightGRF Data source being set to SRRun01_grf
[info] ExternalForce::LeftGRF Data source being set to SRRun01_grf
[info] Storage: read data file = SRRun01_grf.mot (nr=16005 nc=19)
[info] ExternalForce::RightGRF Data source being set to SRRun01_grf
[info] ExternalForce::LeftGRF Data source being set to SRRun01_grf
[info] Storage: read data file = SRRun01_grf.mot (nr=16005 nc=19)
[info] ExternalForce::RightGRF Data source being set to SRRun01_grf
[info] ExternalForce::LeftGRF Data source being set to SRRun01_grf
[info] Storage: read data file = SRRun01_grf.mot (nr=16005 nc=19)
[info] ExternalForce::RightGRF Data source being set to SRRun01_grf
[info] ExternalForce::LeftGRF Data source being set to SRRun01_grf
[info] Storage: read data file = SRRun01_grf.mot (nr=16005 nc=19)
[info] ExternalForce::RightGRF Data source being set to SRRun01_grf
[info] ExternalForce::LeftGRF Data source being set to SRRun01_grf
[info] Storage: read data file = SRRun01_grf.mot (nr=16005 nc=19)
[info] ExternalForce::RightGRF Data source being set to SRRun01_grf
[info] ExternalForce::LeftGRF Data source being set to SRRun01_grf
[info] Storage: read data file = SRRun01_grf.mot (nr=16005 nc=19)
[info] ExternalForce::RightGRF Data source being set to SRRun01_grf
[info] ExternalForce::LeftGRF Data source being set to SRRun01_grf
[info] Storage: read data file = SRRun01_grf.mot (nr=16005 nc=19)
[info] ExternalForce::RightGRF Data source being set to SRRun01_grf
[info] ExternalForce::LeftGRF Data source being set to SRRun01_grf
[info] Storage: read data file = SRRun01_grf.mot (nr=16005 nc=19)
[info] ExternalForce::RightGRF Data source being set to SRRun01_grf
[info] ExternalForce::LeftGRF Data source being set to SRRun01_grf
[info] Storage: read data file = SRRun01_grf.mot (nr=16005 nc=19)
[info] ExternalForce::RightGRF Data source being set to SRRun01_grf
[info] ExternalForce::LeftGRF Data source being set to SRRun01_grf
[info] Storage: read data file = SRRun01_grf.mot (nr=16005 nc=19)
[info] ExternalForce::RightGRF Data source being set to SRRun01_grf
[info] ExternalForce::LeftGRF Data source being set to SRRun01_grf
[info] Storage: read data file = SRRun01_grf.mot (nr=16005 nc=19)
[info] ExternalForce::RightGRF Data source being set to SRRun01_grf
[info] ExternalForce::LeftGRF Data source being set to SRRun01_grf
[info] Storage: read data file = SRRun01_grf.mot (nr=16005 nc=19)
[info] ExternalForce::RightGRF Data source being set to SRRun01_grf
[info] ExternalForce::LeftGRF Data source being set to SRRun01_grf
[info] Storage: read data file = SRRun01_grf.mot (nr=16005 nc=19)
[info] ExternalForce::RightGRF Data source being set to SRRun01_grf
[info] ExternalForce::LeftGRF Data source being set to SRRun01_grf
[info] Storage: read data file = SRRun01_grf.mot (nr=16005 nc=19)
[info] ExternalForce::RightGRF Data source being set to SRRun01_grf
[info] ExternalForce::LeftGRF Data source being set to SRRun01_grf
[info] Storage: read data file = SRRun01_grf.mot (nr=16005 nc=19)
[info] ExternalForce::RightGRF Data source being set to SRRun01_grf
[info] ExternalForce::LeftGRF Data source being set to SRRun01_grf
[info] Storage: read data file = SRRun01_grf.mot (nr=16005 nc=19)
[info] ExternalForce::RightGRF Data source being set to SRRun01_grf
[info] ExternalForce::LeftGRF Data source being set to SRRun01_grf
[info] Storage: read data file = SRRun01_grf.mot (nr=16005 nc=19)
[info] ExternalForce::RightGRF Data source being set to SRRun01_grf
[info] ExternalForce::LeftGRF Data source being set to SRRun01_grf
[info] Storage: read data file = SRRun01_grf.mot (nr=16005 nc=19)
[info] ExternalForce::RightGRF Data source being set to SRRun01_grf
[info] ExternalForce::LeftGRF Data source being set to SRRun01_grf
[info] Storage: read data file = SRRun01_grf.mot (nr=16005 nc=19)
[info] ExternalForce::RightGRF Data source being set to SRRun01_grf
[info] ExternalForce::LeftGRF Data source being set to SRRun01_grf
[info] Storage: read data file = SRRun01_grf.mot (nr=16005 nc=19)
[info] ExternalForce::RightGRF Data source being set to SRRun01_grf
[info] ExternalForce::LeftGRF Data source being set to SRRun01_grf
[info] Storage: read data file = SRRun01_grf.mot (nr=16005 nc=19)
[info] ExternalForce::RightGRF Data source being set to SRRun01_grf
[info] ExternalForce::LeftGRF Data source being set to SRRun01_grf
[info] Storage: read data file = SRRun01_grf.mot (nr=16005 nc=19)
[info] ExternalForce::RightGRF Data source being set to SRRun01_grf
[info] ExternalForce::LeftGRF Data source being set to SRRun01_grf
[info] Storage: read data file = SRRun01_grf.mot (nr=16005 nc=19)
[info] ExternalForce::RightGRF Data source being set to SRRun01_grf
[info] ExternalForce::LeftGRF Data source being set to SRRun01_grf
[info] Storage: read data file = SRRun01_grf.mot (nr=16005 nc=19)
[info] ExternalForce::RightGRF Data source being set to SRRun01_grf
[info] ExternalForce::LeftGRF Data source being set to SRRun01_grf
[info] Storage: read data file = SRRun01_grf.mot (nr=16005 nc=19)
[info] ExternalForce::RightGRF Data source being set to SRRun01_grf
[info] ExternalForce::LeftGRF Data source being set to SRRun01_grf
[info] Storage: read data file = SRRun01_grf.mot (nr=16005 nc=19)
[info] ExternalForce::RightGRF Data source being set to SRRun01_grf
[info] ExternalForce::LeftGRF Data source being set to SRRun01_grf
[info] Storage: read data file = SRRun01_grf.mot (nr=16005 nc=19)
[info] ExternalForce::RightGRF Data source being set to SRRun01_grf
[info] ExternalForce::LeftGRF Data source being set to SRRun01_grf
[info] Storage: read data file = SRRun01_grf.mot (nr=16005 nc=19)
[info] ExternalForce::RightGRF Data source being set to SRRun01_grf
[info] ExternalForce::LeftGRF Data source being set to SRRun01_grf
[info] Storage: read data file = SRRun01_grf.mot (nr=16005 nc=19)
[info] ExternalForce::RightGRF Data source being set to SRRun01_grf
[info] ExternalForce::LeftGRF Data source being set to SRRun01_grf
[info] Storage: read data file = SRRun01_grf.mot (nr=16005 nc=19)
[info] ExternalForce::RightGRF Data source being set to SRRun01_grf
[info] ExternalForce::LeftGRF Data source being set to SRRun01_grf
[info] Storage: read data file = SRRun01_grf.mot (nr=16005 nc=19)
[info] ExternalForce::RightGRF Data source being set to SRRun01_grf
[info] ExternalForce::LeftGRF Data source being set to SRRun01_grf
[info] Storage: read data file = SRRun01_grf.mot (nr=16005 nc=19)
[info] ExternalForce::RightGRF Data source being set to SRRun01_grf
[info] ExternalForce::LeftGRF Data source being set to SRRun01_grf
[info] Storage: read data file = SRRun01_grf.mot (nr=16005 nc=19)
[info] ExternalForce::RightGRF Data source being set to SRRun01_grf
[info] ExternalForce::LeftGRF Data source being set to SRRun01_grf
[info] Storage: read data file = SRRun01_grf.mot (nr=16005 nc=19)
[info] ExternalForce::RightGRF Data source being set to SRRun01_grf
[info] ExternalForce::LeftGRF Data source being set to SRRun01_grf
[info] Storage: read data file = SRRun01_grf.mot (nr=16005 nc=19)
[info] ExternalForce::RightGRF Data source being set to SRRun01_grf
[info] ExternalForce::LeftGRF Data source being set to SRRun01_grf
[info] Storage: read data file = SRRun01_grf.mot (nr=16005 nc=19)
[info] ExternalForce::RightGRF Data source being set to SRRun01_grf
[info] ExternalForce::LeftGRF Data source being set to SRRun01_grf
[info] Storage: read data file = SRRun01_grf.mot (nr=16005 nc=19)
[info] ExternalForce::RightGRF Data source being set to SRRun01_grf
[info] ExternalForce::LeftGRF Data source being set to SRRun01_grf
[info] Storage: read data file = SRRun01_grf.mot (nr=16005 nc=19)
[info] ExternalForce::RightGRF Data source being set to SRRun01_grf
[info] ExternalForce::LeftGRF Data source being set to SRRun01_grf
[info] Storage: read data file = SRRun01_grf.mot (nr=16005 nc=19)
[info] ExternalForce::RightGRF Data source being set to SRRun01_grf
[info] ExternalForce::LeftGRF Data source being set to SRRun01_grf
[info] Storage: read data file = SRRun01_grf.mot (nr=16005 nc=19)
[info] ExternalForce::RightGRF Data source being set to SRRun01_grf
[info] ExternalForce::LeftGRF Data source being set to SRRun01_grf
[info] Storage: read data file = SRRun01_grf.mot (nr=16005 nc=19)
[info] ExternalForce::RightGRF Data source being set to SRRun01_grf
[info] ExternalForce::LeftGRF Data source being set to SRRun01_grf
[info] Storage: read data file = SRRun01_grf.mot (nr=16005 nc=19)
[info] ExternalForce::RightGRF Data source being set to SRRun01_grf
[info] ExternalForce::LeftGRF Data source being set to SRRun01_grf
[info] Storage: read data file = SRRun01_grf.mot (nr=16005 nc=19)
[info] ExternalForce::RightGRF Data source being set to SRRun01_grf
[info] ExternalForce::LeftGRF Data source being set to SRRun01_grf
[info] Storage: read data file = SRRun01_grf.mot (nr=16005 nc=19)
[info] ExternalForce::RightGRF Data source being set to SRRun01_grf
[info] ExternalForce::LeftGRF Data source being set to SRRun01_grf
[info] Storage: read data file = SRRun01_grf.mot (nr=16005 nc=19)
[info] ExternalForce::RightGRF Data source being set to SRRun01_grf
[info] ExternalForce::LeftGRF Data source being set to SRRun01_grf
[info] Storage: read data file = SRRun01_grf.mot (nr=16005 nc=19)
[info] ExternalForce::RightGRF Data source being set to SRRun01_grf
[info] ExternalForce::LeftGRF Data source being set to SRRun01_grf
[info] Storage: read data file = SRRun01_grf.mot (nr=16005 nc=19)
[info] ExternalForce::RightGRF Data source being set to SRRun01_grf
[info] ExternalForce::LeftGRF Data source being set to SRRun01_grf
[info] Storage: read data file = SRRun01_grf.mot (nr=16005 nc=19)
[info] ExternalForce::RightGRF Data source being set to SRRun01_grf
[info] ExternalForce::LeftGRF Data source being set to SRRun01_grf
[info] Storage: read data file = SRRun01_grf.mot (nr=16005 nc=19)
[info] ExternalForce::RightGRF Data source being set to SRRun01_grf
[info] ExternalForce::LeftGRF Data source being set to SRRun01_grf
[info] Storage: read data file = SRRun01_grf.mot (nr=16005 nc=19)
[info] ExternalForce::RightGRF Data source being set to SRRun01_grf
[info] ExternalForce::LeftGRF Data source being set to SRRun01_grf
[info] Storage: read data file = SRRun01_grf.mot (nr=16005 nc=19)
[info] ExternalForce::RightGRF Data source being set to SRRun01_grf
[info] ExternalForce::LeftGRF Data source being set to SRRun01_grf
[info] Storage: read data file = SRRun01_grf.mot (nr=16005 nc=19)
[info] ExternalForce::RightGRF Data source being set to SRRun01_grf
[info] ExternalForce::LeftGRF Data source being set to SRRun01_grf
[info] Storage: read data file = SRRun01_grf.mot (nr=16005 nc=19)
[info] ExternalForce::RightGRF Data source being set to SRRun01_grf
[info] ExternalForce::LeftGRF Data source being set to SRRun01_grf
[info] Storage: read data file = SRRun01_grf.mot (nr=16005 nc=19)
[info] ExternalForce::RightGRF Data source being set to SRRun01_grf
[info] ExternalForce::LeftGRF Data source being set to SRRun01_grf
[info] Storage: read data file = SRRun01_grf.mot (nr=16005 nc=19)
[info] ExternalForce::RightGRF Data source being set to SRRun01_grf
[info] ExternalForce::LeftGRF Data source being set to SRRun01_grf
[info] Storage: read data file = SRRun01_grf.mot (nr=16005 nc=19)
[info] ExternalForce::RightGRF Data source being set to SRRun01_grf
[info] ExternalForce::LeftGRF Data source being set to SRRun01_grf
[info] Storage: read data file = SRRun01_grf.mot (nr=16005 nc=19)
[info] ExternalForce::RightGRF Data source being set to SRRun01_grf
[info] ExternalForce::LeftGRF Data source being set to SRRun01_grf
[info] Storage: read data file = SRRun01_grf.mot (nr=16005 nc=19)
[info] ExternalForce::RightGRF Data source being set to SRRun01_grf
[info] ExternalForce::LeftGRF Data source being set to SRRun01_grf
[info] Storage: read data file = SRRun01_grf.mot (nr=16005 nc=19)
[info] ExternalForce::RightGRF Data source being set to SRRun01_grf
[info] ExternalForce::LeftGRF Data source being set to SRRun01_grf
[info] Storage: read data file = SRRun01_grf.mot (nr=16005 nc=19)
[info] ExternalForce::RightGRF Data source being set to SRRun01_grf
[info] ExternalForce::LeftGRF Data source being set to SRRun01_grf
[info] Storage: read data file = SRRun01_grf.mot (nr=16005 nc=19)
[info] ExternalForce::RightGRF Data source being set to SRRun01_grf
[info] ExternalForce::LeftGRF Data source being set to SRRun01_grf
[info] Storage: read data file = SRRun01_grf.mot (nr=16005 nc=19)
[info] ExternalForce::RightGRF Data source being set to SRRun01_grf
[info] ExternalForce::LeftGRF Data source being set to SRRun01_grf
[info] Storage: read data file = SRRun01_grf.mot (nr=16005 nc=19)
[info] ExternalForce::RightGRF Data source being set to SRRun01_grf
[info] ExternalForce::LeftGRF Data source being set to SRRun01_grf
[info] Storage: read data file = SRRun01_grf.mot (nr=16005 nc=19)
[info] ExternalForce::RightGRF Data source being set to SRRun01_grf
[info] ExternalForce::LeftGRF Data source being set to SRRun01_grf
[info] Storage: read data file = SRRun01_grf.mot (nr=16005 nc=19)
[info] ExternalForce::RightGRF Data source being set to SRRun01_grf
[info] ExternalForce::LeftGRF Data source being set to SRRun01_grf
[info] Storage: read data file = SRRun01_grf.mot (nr=16005 nc=19)
[info] ExternalForce::RightGRF Data source being set to SRRun01_grf
[info] ExternalForce::LeftGRF Data source being set to SRRun01_grf
[info] Storage: read data file = SRRun01_grf.mot (nr=16005 nc=19)
[info] ExternalForce::RightGRF Data source being set to SRRun01_grf
[info] ExternalForce::LeftGRF Data source being set to SRRun01_grf
[info] Storage: read data file = SRRun01_grf.mot (nr=16005 nc=19)
[info] ExternalForce::RightGRF Data source being set to SRRun01_grf
[info] ExternalForce::LeftGRF Data source being set to SRRun01_grf
[info] Storage: read data file = SRRun01_grf.mot (nr=16005 nc=19)
[info] ExternalForce::RightGRF Data source being set to SRRun01_grf
[info] ExternalForce::LeftGRF Data source being set to SRRun01_grf
[info] Storage: read data file = SRRun01_grf.mot (nr=16005 nc=19)
[info] ExternalForce::RightGRF Data source being set to SRRun01_grf
[info] ExternalForce::LeftGRF Data source being set to SRRun01_grf
[info] Storage: read data file = SRRun01_grf.mot (nr=16005 nc=19)
[info] ExternalForce::RightGRF Data source being set to SRRun01_grf
[info] ExternalForce::LeftGRF Data source being set to SRRun01_grf
[info] Storage: read data file = SRRun01_grf.mot (nr=16005 nc=19)
[info] ExternalForce::RightGRF Data source being set to SRRun01_grf
[info] ExternalForce::LeftGRF Data source being set to SRRun01_grf
[info] Storage: read data file = SRRun01_grf.mot (nr=16005 nc=19)
[info] ExternalForce::RightGRF Data source being set to SRRun01_grf
[info] ExternalForce::LeftGRF Data source being set to SRRun01_grf
[info] Storage: read data file = SRRun01_grf.mot (nr=16005 nc=19)
[info] ExternalForce::RightGRF Data source being set to SRRun01_grf
[info] ExternalForce::LeftGRF Data source being set to SRRun01_grf
[info] Storage: read data file = SRRun01_grf.mot (nr=16005 nc=19)
[info] ExternalForce::RightGRF Data source being set to SRRun01_grf
[info] ExternalForce::LeftGRF Data source being set to SRRun01_grf
[info] Storage: read data file = SRRun01_grf.mot (nr=16005 nc=19)
[info] ExternalForce::RightGRF Data source being set to SRRun01_grf
[info] ExternalForce::LeftGRF Data source being set to SRRun01_grf
[info] Storage: read data file = SRRun01_grf.mot (nr=16005 nc=19)
[info] ExternalForce::RightGRF Data source being set to SRRun01_grf
[info] ExternalForce::LeftGRF Data source being set to SRRun01_grf
[info] Storage: read data file = SRRun01_grf.mot (nr=16005 nc=19)
[info] ExternalForce::RightGRF Data source being set to SRRun01_grf
[info] ExternalForce::LeftGRF Data source being set to SRRun01_grf
[info] Storage: read data file = SRRun01_grf.mot (nr=16005 nc=19)
[info] ExternalForce::RightGRF Data source being set to SRRun01_grf
[info] ExternalForce::LeftGRF Data source being set to SRRun01_grf
[info] Storage: read data file = SRRun01_grf.mot (nr=16005 nc=19)
[info] ExternalForce::RightGRF Data source being set to SRRun01_grf
[info] ExternalForce::LeftGRF Data source being set to SRRun01_grf
[info] Storage: read data file = SRRun01_grf.mot (nr=16005 nc=19)
[info] ExternalForce::RightGRF Data source being set to SRRun01_grf
[info] ExternalForce::LeftGRF Data source being set to SRRun01_grf
[info] Storage: read data file = SRRun01_grf.mot (nr=16005 nc=19)
[info] ExternalForce::RightGRF Data source being set to SRRun01_grf
[info] ExternalForce::LeftGRF Data source being set to SRRun01_grf
[info] Storage: read data file = SRRun01_grf.mot (nr=16005 nc=19)
[info] ExternalForce::RightGRF Data source being set to SRRun01_grf
[info] ExternalForce::LeftGRF Data source being set to SRRun01_grf
[info] Storage: read data file = SRRun01_grf.mot (nr=16005 nc=19)
[info] ExternalForce::RightGRF Data source being set to SRRun01_grf
[info] ExternalForce::LeftGRF Data source being set to SRRun01_grf
[info] Storage: read data file = SRRun01_grf.mot (nr=16005 nc=19)
[info] ExternalForce::RightGRF Data source being set to SRRun01_grf
[info] ExternalForce::LeftGRF Data source being set to SRRun01_grf
[info] Storage: read data file = SRRun01_grf.mot (nr=16005 nc=19)
[info] ExternalForce::RightGRF Data source being set to SRRun01_grf
[info] ExternalForce::LeftGRF Data source being set to SRRun01_grf
[info] Storage: read data file = SRRun01_grf.mot (nr=16005 nc=19)
[info] ExternalForce::RightGRF Data source being set to SRRun01_grf
[info] ExternalForce::LeftGRF Data source being set to SRRun01_grf
[info] Storage: read data file = SRRun01_grf.mot (nr=16005 nc=19)
[info] ExternalForce::RightGRF Data source being set to SRRun01_grf
[info] ExternalForce::LeftGRF Data source being set to SRRun01_grf
[info] Storage: read data file = SRRun01_grf.mot (nr=16005 nc=19)
[info] ExternalForce::RightGRF Data source being set to SRRun01_grf
[info] ExternalForce::LeftGRF Data source being set to SRRun01_grf
[info] Storage: read data file = SRRun01_grf.mot (nr=16005 nc=19)
[info] ExternalForce::RightGRF Data source being set to SRRun01_grf
[info] ExternalForce::LeftGRF Data source being set to SRRun01_grf
[info] Storage: read data file = SRRun01_grf.mot (nr=16005 nc=19)
[info] ExternalForce::RightGRF Data source being set to SRRun01_grf
[info] ExternalForce::LeftGRF Data source being set to SRRun01_grf
[info] Storage: read data file = SRRun01_grf.mot (nr=16005 nc=19)
[info] ExternalForce::RightGRF Data source being set to SRRun01_grf
[info] ExternalForce::LeftGRF Data source being set to SRRun01_grf
[info] Storage: read data file = SRRun01_grf.mot (nr=16005 nc=19)
[info] ExternalForce::RightGRF Data source being set to SRRun01_grf
[info] ExternalForce::LeftGRF Data source being set to SRRun01_grf
[info] Storage: read data file = SRRun01_grf.mot (nr=16005 nc=19)
[info] ExternalForce::RightGRF Data source being set to SRRun01_grf
[info] ExternalForce::LeftGRF Data source being set to SRRun01_grf
[info] Storage: read data file = SRRun01_grf.mot (nr=16005 nc=19)
[info] ExternalForce::RightGRF Data source being set to SRRun01_grf
[info] ExternalForce::LeftGRF Data source being set to SRRun01_grf
[info] Storage: read data file = SRRun01_grf.mot (nr=16005 nc=19)
[info] ExternalForce::RightGRF Data source being set to SRRun01_grf
[info] ExternalForce::LeftGRF Data source being set to SRRun01_grf
[info] Storage: read data file = SRRun01_grf.mot (nr=16005 nc=19)
[info] ExternalForce::RightGRF Data source being set to SRRun01_grf
[info] ExternalForce::LeftGRF Data source being set to SRRun01_grf
[info] Storage: read data file = SRRun01_grf.mot (nr=16005 nc=19)
[info] ExternalForce::RightGRF Data source being set to SRRun01_grf
[info] ExternalForce::LeftGRF Data source being set to SRRun01_grf
[info] Storage: read data file = SRRun01_grf.mot (nr=16005 nc=19)
[info] ExternalForce::RightGRF Data source being set to SRRun01_grf
[info] ExternalForce::LeftGRF Data source being set to SRRun01_grf
[info] Storage: read data file = SRRun01_grf.mot (nr=16005 nc=19)
[info] ExternalForce::RightGRF Data source being set to SRRun01_grf
[info] ExternalForce::LeftGRF Data source being set to SRRun01_grf
[info] Storage: read data file = SRRun01_grf.mot (nr=16005 nc=19)
[info] ExternalForce::RightGRF Data source being set to SRRun01_grf
[info] ExternalForce::LeftGRF Data source being set to SRRun01_grf
[info] Storage: read data file = SRRun01_grf.mot (nr=16005 nc=19)
[info] ExternalForce::RightGRF Data source being set to SRRun01_grf
[info] ExternalForce::LeftGRF Data source being set to SRRun01_grf
[info] Storage: read data file = SRRun01_grf.mot (nr=16005 nc=19)
[info] ExternalForce::RightGRF Data source being set to SRRun01_grf
[info] ExternalForce::LeftGRF Data source being set to SRRun01_grf
[info] Storage: read data file = SRRun01_grf.mot (nr=16005 nc=19)
[info] ExternalForce::RightGRF Data source being set to SRRun01_grf
[info] ExternalForce::LeftGRF Data source being set to SRRun01_grf
[info] Storage: read data file = SRRun01_grf.mot (nr=16005 nc=19)
[info] ExternalForce::RightGRF Data source being set to SRRun01_grf
[info] ExternalForce::LeftGRF Data source being set to SRRun01_grf
[info] Storage: read data file = SRRun01_grf.mot (nr=16005 nc=19)
[info] ExternalForce::RightGRF Data source being set to SRRun01_grf
[info] ExternalForce::LeftGRF Data source being set to SRRun01_grf
[info] Storage: read data file = SRRun01_grf.mot (nr=16005 nc=19)
[info] ExternalForce::RightGRF Data source being set to SRRun01_grf
[info] ExternalForce::LeftGRF Data source being set to SRRun01_grf
[info] Storage: read data file = SRRun01_grf.mot (nr=16005 nc=19)
[info] ExternalForce::RightGRF Data source being set to SRRun01_grf
[info] ExternalForce::LeftGRF Data source being set to SRRun01_grf
[info] Storage: read data file = SRRun01_grf.mot (nr=16005 nc=19)
[info] ExternalForce::RightGRF Data source being set to SRRun01_grf
[info] ExternalForce::LeftGRF Data source being set to SRRun01_grf
[info] Storage: read data file = SRRun01_grf.mot (nr=16005 nc=19)
[info] ExternalForce::RightGRF Data source being set to SRRun01_grf
[info] ExternalForce::LeftGRF Data source being set to SRRun01_grf
[info] Storage: read data file = SRRun01_grf.mot (nr=16005 nc=19)
[info] ExternalForce::RightGRF Data source being set to SRRun01_grf
[info] ExternalForce::LeftGRF Data source being set to SRRun01_grf
[info] Storage: read data file = SRRun01_grf.mot (nr=16005 nc=19)
[info] ExternalForce::RightGRF Data source being set to SRRun01_grf
[info] ExternalForce::LeftGRF Data source being set to SRRun01_grf
[info] Storage: read data file = SRRun01_grf.mot (nr=16005 nc=19)
[info] ExternalForce::RightGRF Data source being set to SRRun01_grf
[info] ExternalForce::LeftGRF Data source being set to SRRun01_grf
[info] Storage: read data file = SRRun01_grf.mot (nr=16005 nc=19)
[info] ExternalForce::RightGRF Data source being set to SRRun01_grf
[info] ExternalForce::LeftGRF Data source being set to SRRun01_grf
[info] Storage: read data file = SRRun01_grf.mot (nr=16005 nc=19)
[info] ExternalForce::RightGRF Data source being set to SRRun01_grf
[info] ExternalForce::LeftGRF Data source being set to SRRun01_grf
[info] Storage: read data file = SRRun01_grf.mot (nr=16005 nc=19)
[info] ExternalForce::RightGRF Data source being set to SRRun01_grf
[info] ExternalForce::LeftGRF Data source being set to SRRun01_grf
[info] Storage: read data file = SRRun01_grf.mot (nr=16005 nc=19)
[info] ExternalForce::RightGRF Data source being set to SRRun01_grf
[info] ExternalForce::LeftGRF Data source being set to SRRun01_grf
[info] Storage: read data file = SRRun01_grf.mot (nr=16005 nc=19)
[info] ExternalForce::RightGRF Data source being set to SRRun01_grf
[info] ExternalForce::LeftGRF Data source being set to SRRun01_grf
[info] Storage: read data file = SRRun01_grf.mot (nr=16005 nc=19)
[info] ExternalForce::RightGRF Data source being set to SRRun01_grf
[info] ExternalForce::LeftGRF Data source being set to SRRun01_grf
[info] Storage: read data file = SRRun01_grf.mot (nr=16005 nc=19)
[info] ExternalForce::RightGRF Data source being set to SRRun01_grf
[info] ExternalForce::LeftGRF Data source being set to SRRun01_grf
[info] Storage: read data file = SRRun01_grf.mot (nr=16005 nc=19)
[info] ExternalForce::RightGRF Data source being set to SRRun01_grf
[info] ExternalForce::LeftGRF Data source being set to SRRun01_grf
[info] Storage: read data file = SRRun01_grf.mot (nr=16005 nc=19)
[info] ExternalForce::RightGRF Data source being set to SRRun01_grf
[info] ExternalForce::LeftGRF Data source being set to SRRun01_grf
[info] Storage: read data file = SRRun01_grf.mot (nr=16005 nc=19)
[info] ExternalForce::RightGRF Data source being set to SRRun01_grf
[info] ExternalForce::LeftGRF Data source being set to SRRun01_grf
[info] Storage: read data file = SRRun01_grf.mot (nr=16005 nc=19)
[info] ExternalForce::RightGRF Data source being set to SRRun01_grf
[info] ExternalForce::LeftGRF Data source being set to SRRun01_grf
[info] Storage: read data file = SRRun01_grf.mot (nr=16005 nc=19)
[info] ExternalForce::RightGRF Data source being set to SRRun01_grf
[info] ExternalForce::LeftGRF Data source being set to SRRun01_grf
[info] Storage: read data file = SRRun01_grf.mot (nr=16005 nc=19)
[info] ExternalForce::RightGRF Data source being set to SRRun01_grf
[info] ExternalForce::LeftGRF Data source being set to SRRun01_grf
[info] Storage: read data file = SRRun01_grf.mot (nr=16005 nc=19)
[info] ExternalForce::RightGRF Data source being set to SRRun01_grf
[info] ExternalForce::LeftGRF Data source being set to SRRun01_grf
[info] Storage: read data file = SRRun01_grf.mot (nr=16005 nc=19)
[info] ExternalForce::RightGRF Data source being set to SRRun01_grf
[info] ExternalForce::LeftGRF Data source being set to SRRun01_grf
[info] Storage: read data file = SRRun01_grf.mot (nr=16005 nc=19)
[info] ExternalForce::RightGRF Data source being set to SRRun01_grf
[info] ExternalForce::LeftGRF Data source being set to SRRun01_grf
[info] Storage: read data file = SRRun01_grf.mot (nr=16005 nc=19)
[info] ExternalForce::RightGRF Data source being set to SRRun01_grf
[info] ExternalForce::LeftGRF Data source being set to SRRun01_grf
[info] Storage: read data file = SRRun01_grf.mot (nr=16005 nc=19)
[info] ExternalForce::RightGRF Data source being set to SRRun01_grf
[info] ExternalForce::LeftGRF Data source being set to SRRun01_grf
[info] Storage: read data file = SRRun01_grf.mot (nr=16005 nc=19)
[info] ExternalForce::RightGRF Data source being set to SRRun01_grf
[info] ExternalForce::LeftGRF Data source being set to SRRun01_grf
[info] Storage: read data file = SRRun01_grf.mot (nr=16005 nc=19)
[info] ExternalForce::RightGRF Data source being set to SRRun01_grf
[info] ExternalForce::LeftGRF Data source being set to SRRun01_grf
[info] Storage: read data file = SRRun01_grf.mot (nr=16005 nc=19)
[info] ExternalForce::RightGRF Data source being set to SRRun01_grf
[info] ExternalForce::LeftGRF Data source being set to SRRun01_grf
[info] Storage: read data file = SRRun01_grf.mot (nr=16005 nc=19)
[info] ExternalForce::RightGRF Data source being set to SRRun01_grf
[info] ExternalForce::LeftGRF Data source being set to SRRun01_grf
[info] Storage: read data file = SRRun01_grf.mot (nr=16005 nc=19)
[info] ExternalForce::RightGRF Data source being set to SRRun01_grf
[info] ExternalForce::LeftGRF Data source being set to SRRun01_grf
[info] Storage: read data file = SRRun01_grf.mot (nr=16005 nc=19)
[info] ExternalForce::RightGRF Data source being set to SRRun01_grf
[info] ExternalForce::LeftGRF Data source being set to SRRun01_grf
[info] Storage: read data file = SRRun01_grf.mot (nr=16005 nc=19)
[info] ExternalForce::RightGRF Data source being set to SRRun01_grf
[info] ExternalForce::LeftGRF Data source being set to SRRun01_grf
[info] Storage: read data file = SRRun01_grf.mot (nr=16005 nc=19)
[info] ExternalForce::RightGRF Data source being set to SRRun01_grf
[info] ExternalForce::LeftGRF Data source being set to SRRun01_grf
[info] Storage: read data file = SRRun01_grf.mot (nr=16005 nc=19)
[info] ExternalForce::RightGRF Data source being set to SRRun01_grf
[info] ExternalForce::LeftGRF Data source being set to SRRun01_grf
[info] Storage: read data file = SRRun01_grf.mot (nr=16005 nc=19)
[info] ExternalForce::RightGRF Data source being set to SRRun01_grf
[info] ExternalForce::LeftGRF Data source being set to SRRun01_grf
[info] Storage: read data file = SRRun01_grf.mot (nr=16005 nc=19)
[info] ExternalForce::RightGRF Data source being set to SRRun01_grf
[info] ExternalForce::LeftGRF Data source being set to SRRun01_grf
[info] Storage: read data file = SRRun01_grf.mot (nr=16005 nc=19)
[info] ExternalForce::RightGRF Data source being set to SRRun01_grf
[info] ExternalForce::LeftGRF Data source being set to SRRun01_grf
[info] Storage: read data file = SRRun01_grf.mot (nr=16005 nc=19)
[info] ExternalForce::RightGRF Data source being set to SRRun01_grf
[info] ExternalForce::LeftGRF Data source being set to SRRun01_grf
[info] Storage: read data file = SRRun01_grf.mot (nr=16005 nc=19)
[info] ExternalForce::RightGRF Data source being set to SRRun01_grf
[info] ExternalForce::LeftGRF Data source being set to SRRun01_grf
[info] Storage: read data file = SRRun01_grf.mot (nr=16005 nc=19)
[info] ExternalForce::RightGRF Data source being set to SRRun01_grf
[info] ExternalForce::LeftGRF Data source being set to SRRun01_grf
[info] Storage: read data file = SRRun01_grf.mot (nr=16005 nc=19)
[info] ExternalForce::RightGRF Data source being set to SRRun01_grf
[info] ExternalForce::LeftGRF Data source being set to SRRun01_grf
[info] Storage: read data file = SRRun01_grf.mot (nr=16005 nc=19)
[info] ExternalForce::RightGRF Data source being set to SRRun01_grf
[info] ExternalForce::LeftGRF Data source being set to SRRun01_grf
[info] Storage: read data file = SRRun01_grf.mot (nr=16005 nc=19)
[info] ExternalForce::RightGRF Data source being set to SRRun01_grf
[info] ExternalForce::LeftGRF Data source being set to SRRun01_grf
[info] Storage: read data file = SRRun01_grf.mot (nr=16005 nc=19)
[info] ExternalForce::RightGRF Data source being set to SRRun01_grf
[info] ExternalForce::LeftGRF Data source being set to SRRun01_grf
[info] Storage: read data file = SRRun01_grf.mot (nr=16005 nc=19)
[info] ExternalForce::RightGRF Data source being set to SRRun01_grf
[info] ExternalForce::LeftGRF Data source being set to SRRun01_grf
[info] Storage: read data file = SRRun01_grf.mot (nr=16005 nc=19)
[info] ExternalForce::RightGRF Data source being set to SRRun01_grf
[info] ExternalForce::LeftGRF Data source being set to SRRun01_grf
[info] Storage: read data file = SRRun01_grf.mot (nr=16005 nc=19)
[info] ExternalForce::RightGRF Data source being set to SRRun01_grf
[info] ExternalForce::LeftGRF Data source being set to SRRun01_grf
[info] Storage: read data file = SRRun01_grf.mot (nr=16005 nc=19)
[info] ExternalForce::RightGRF Data source being set to SRRun01_grf
[info] ExternalForce::LeftGRF Data source being set to SRRun01_grf
[info] Storage: read data file = SRRun01_grf.mot (nr=16005 nc=19)
[info] ExternalForce::RightGRF Data source being set to SRRun01_grf
[info] ExternalForce::LeftGRF Data source being set to SRRun01_grf
[info] Storage: read data file = SRRun01_grf.mot (nr=16005 nc=19)
[info] ExternalForce::RightGRF Data source being set to SRRun01_grf
[info] ExternalForce::LeftGRF Data source being set to SRRun01_grf
[info] Storage: read data file = SRRun01_grf.mot (nr=16005 nc=19)
[info] ExternalForce::RightGRF Data source being set to SRRun01_grf
[info] ExternalForce::LeftGRF Data source being set to SRRun01_grf
[info] Storage: read data file = SRRun01_grf.mot (nr=16005 nc=19)
[info] ExternalForce::RightGRF Data source being set to SRRun01_grf
[info] ExternalForce::LeftGRF Data source being set to SRRun01_grf
[info] Storage: read data file = SRRun01_grf.mot (nr=16005 nc=19)
[info] ExternalForce::RightGRF Data source being set to SRRun01_grf
[info] ExternalForce::LeftGRF Data source being set to SRRun01_grf
[info] Storage: read data file = SRRun01_grf.mot (nr=16005 nc=19)
[info] ExternalForce::RightGRF Data source being set to SRRun01_grf
[info] ExternalForce::LeftGRF Data source being set to SRRun01_grf
[info] Storage: read data file = SRRun01_grf.mot (nr=16005 nc=19)
[info] ExternalForce::RightGRF Data source being set to SRRun01_grf
[info] ExternalForce::LeftGRF Data source being set to SRRun01_grf
[info] Storage: read data file = SRRun01_grf.mot (nr=16005 nc=19)
[info] ExternalForce::RightGRF Data source being set to SRRun01_grf
[info] ExternalForce::LeftGRF Data source being set to SRRun01_grf
[info] Storage: read data file = SRRun01_grf.mot (nr=16005 nc=19)
[info] ExternalForce::RightGRF Data source being set to SRRun01_grf
[info] ExternalForce::LeftGRF Data source being set to SRRun01_grf
[info] Storage: read data file = SRRun01_grf.mot (nr=16005 nc=19)
[info] ExternalForce::RightGRF Data source being set to SRRun01_grf
[info] ExternalForce::LeftGRF Data source being set to SRRun01_grf
[info] Storage: read data file = SRRun01_grf.mot (nr=16005 nc=19)
[info] ExternalForce::RightGRF Data source being set to SRRun01_grf
[info] ExternalForce::LeftGRF Data source being set to SRRun01_grf
[info] Storage: read data file = SRRun01_grf.mot (nr=16005 nc=19)
[info] ExternalForce::RightGRF Data source being set to SRRun01_grf
[info] ExternalForce::LeftGRF Data source being set to SRRun01_grf
[info] Storage: read data file = SRRun01_grf.mot (nr=16005 nc=19)
[info] ExternalForce::RightGRF Data source being set to SRRun01_grf
[info] ExternalForce::LeftGRF Data source being set to SRRun01_grf
[info] Storage: read data file = SRRun01_grf.mot (nr=16005 nc=19)
[info] ExternalForce::RightGRF Data source being set to SRRun01_grf
[info] ExternalForce::LeftGRF Data source being set to SRRun01_grf
[info] Storage: read data file = SRRun01_grf.mot (nr=16005 nc=19)
[info] ExternalForce::RightGRF Data source being set to SRRun01_grf
[info] ExternalForce::LeftGRF Data source being set to SRRun01_grf
[info] Storage: read data file = SRRun01_grf.mot (nr=16005 nc=19)
[info] ExternalForce::RightGRF Data source being set to SRRun01_grf
[info] ExternalForce::LeftGRF Data source being set to SRRun01_grf
[info] Storage: read data file = SRRun01_grf.mot (nr=16005 nc=19)
[info] ExternalForce::RightGRF Data source being set to SRRun01_grf
[info] ExternalForce::LeftGRF Data source being set to SRRun01_grf
[info] Storage: read data file = SRRun01_grf.mot (nr=16005 nc=19)
[info] ExternalForce::RightGRF Data source being set to SRRun01_grf
[info] ExternalForce::LeftGRF Data source being set to SRRun01_grf
[info] Storage: read data file = SRRun01_grf.mot (nr=16005 nc=19)
[info] ExternalForce::RightGRF Data source being set to SRRun01_grf
[info] ExternalForce::LeftGRF Data source being set to SRRun01_grf
[info] Storage: read data file = SRRun01_grf.mot (nr=16005 nc=19)
[info] ExternalForce::RightGRF Data source being set to SRRun01_grf
[info] ExternalForce::LeftGRF Data source being set to SRRun01_grf
[info] Storage: read data file = SRRun01_grf.mot (nr=16005 nc=19)
[info] ExternalForce::RightGRF Data source being set to SRRun01_grf
[info] ExternalForce::LeftGRF Data source being set to SRRun01_grf
[info] Storage: read data file = SRRun01_grf.mot (nr=16005 nc=19)
[info] ExternalForce::RightGRF Data source being set to SRRun01_grf
[info] ExternalForce::LeftGRF Data source being set to SRRun01_grf
[info] Storage: read data file = SRRun01_grf.mot (nr=16005 nc=19)
[info] ExternalForce::RightGRF Data source being set to SRRun01_grf
[info] ExternalForce::LeftGRF Data source being set to SRRun01_grf
[info] Storage: read data file = SRRun01_grf.mot (nr=16005 nc=19)
[info] ExternalForce::RightGRF Data source being set to SRRun01_grf
[info] ExternalForce::LeftGRF Data source being set to SRRun01_grf
[info] Storage: read data file = SRRun01_grf.mot (nr=16005 nc=19)
[info] ExternalForce::RightGRF Data source being set to SRRun01_grf
[info] ExternalForce::LeftGRF Data source being set to SRRun01_grf
[info] Storage: read data file = SRRun01_grf.mot (nr=16005 nc=19)
[info] ExternalForce::RightGRF Data source being set to SRRun01_grf
[info] ExternalForce::LeftGRF Data source being set to SRRun01_grf
[info] Storage: read data file = SRRun01_grf.mot (nr=16005 nc=19)
[info] ExternalForce::RightGRF Data source being set to SRRun01_grf
[info] ExternalForce::LeftGRF Data source being set to SRRun01_grf
[info] Storage: read data file = SRRun01_grf.mot (nr=16005 nc=19)
[info] ExternalForce::RightGRF Data source being set to SRRun01_grf
[info] ExternalForce::LeftGRF Data source being set to SRRun01_grf
[info] Storage: read data file = SRRun01_grf.mot (nr=16005 nc=19)
[info] ExternalForce::RightGRF Data source being set to SRRun01_grf
[info] ExternalForce::LeftGRF Data source being set to SRRun01_grf
[info] Storage: read data file = SRRun01_grf.mot (nr=16005 nc=19)
[info] ExternalForce::RightGRF Data source being set to SRRun01_grf
[info] ExternalForce::LeftGRF Data source being set to SRRun01_grf
[info] Storage: read data file = SRRun01_grf.mot (nr=16005 nc=19)
[info] ExternalForce::RightGRF Data source being set to SRRun01_grf
[info] ExternalForce::LeftGRF Data source being set to SRRun01_grf
[info] Storage: read data file = SRRun01_grf.mot (nr=16005 nc=19)
[info] ExternalForce::RightGRF Data source being set to SRRun01_grf
[info] ExternalForce::LeftGRF Data source being set to SRRun01_grf
[info] Storage: read data file = SRRun01_grf.mot (nr=16005 nc=19)
[info] ExternalForce::RightGRF Data source being set to SRRun01_grf
[info] ExternalForce::LeftGRF Data source being set to SRRun01_grf
[info] Storage: read data file = SRRun01_grf.mot (nr=16005 nc=19)
[info] ExternalForce::RightGRF Data source being set to SRRun01_grf
[info] ExternalForce::LeftGRF Data source being set to SRRun01_grf
[info] Storage: read data file = SRRun01_grf.mot (nr=16005 nc=19)
[info] ExternalForce::RightGRF Data source being set to SRRun01_grf
[info] ExternalForce::LeftGRF Data source being set to SRRun01_grf
[info] Storage: read data file = SRRun01_grf.mot (nr=16005 nc=19)
[info] ExternalForce::RightGRF Data source being set to SRRun01_grf
[info] ExternalForce::LeftGRF Data source being set to SRRun01_grf
[info] Storage: read data file = SRRun01_grf.mot (nr=16005 nc=19)
[info] ExternalForce::RightGRF Data source being set to SRRun01_grf
[info] ExternalForce::LeftGRF Data source being set to SRRun01_grf
[info] Storage: read data file = SRRun01_grf.mot (nr=16005 nc=19)
[info] ExternalForce::RightGRF Data source being set to SRRun01_grf
[info] ExternalForce::LeftGRF Data source being set to SRRun01_grf
[info] Storage: read data file = SRRun01_grf.mot (nr=16005 nc=19)
[info] ExternalForce::RightGRF Data source being set to SRRun01_grf
[info] ExternalForce::LeftGRF Data source being set to SRRun01_grf
[info] Storage: read data file = SRRun01_grf.mot (nr=16005 nc=19)
[info] ExternalForce::RightGRF Data source being set to SRRun01_grf
[info] ExternalForce::LeftGRF Data source being set to SRRun01_grf
[info] Storage: read data file = SRRun01_grf.mot (nr=16005 nc=19)
[info] ExternalForce::RightGRF Data source being set to SRRun01_grf
[info] ExternalForce::LeftGRF Data source being set to SRRun01_grf
[info] Storage: read data file = SRRun01_grf.mot (nr=16005 nc=19)
[info] ExternalForce::RightGRF Data source being set to SRRun01_grf
[info] ExternalForce::LeftGRF Data source being set to SRRun01_grf
[info] Storage: read data file = SRRun01_grf.mot (nr=16005 nc=19)
[info] ExternalForce::RightGRF Data source being set to SRRun01_grf
[info] ExternalForce::LeftGRF Data source being set to SRRun01_grf
[info] Storage: read data file = SRRun01_grf.mot (nr=16005 nc=19)
[info] ExternalForce::RightGRF Data source being set to SRRun01_grf
[info] ExternalForce::LeftGRF Data source being set to SRRun01_grf
[info] Storage: read data file = SRRun01_grf.mot (nr=16005 nc=19)
[info] ExternalForce::RightGRF Data source being set to SRRun01_grf
[info] ExternalForce::LeftGRF Data source being set to SRRun01_grf
[info] Storage: read data file = SRRun01_grf.mot (nr=16005 nc=19)
[info] ExternalForce::RightGRF Data source being set to SRRun01_grf
[info] ExternalForce::LeftGRF Data source being set to SRRun01_grf
[info] Storage: read data file = SRRun01_grf.mot (nr=16005 nc=19)
[info] ExternalForce::RightGRF Data source being set to SRRun01_grf
[info] ExternalForce::LeftGRF Data source being set to SRRun01_grf
[info] Storage: read data file = SRRun01_grf.mot (nr=16005 nc=19)
[info] ExternalForce::RightGRF Data source being set to SRRun01_grf
[info] ExternalForce::LeftGRF Data source being set to SRRun01_grf
[info] Storage: read data file = SRRun01_grf.mot (nr=16005 nc=19)
[info] ExternalForce::RightGRF Data source being set to SRRun01_grf
[info] ExternalForce::LeftGRF Data source being set to SRRun01_grf
[info] Storage: read data file = SRRun01_grf.mot (nr=16005 nc=19)
[info] ExternalForce::RightGRF Data source being set to SRRun01_grf
[info] ExternalForce::LeftGRF Data source being set to SRRun01_grf
[info] Storage: read data file = SRRun01_grf.mot (nr=16005 nc=19)
[info] ExternalForce::RightGRF Data source being set to SRRun01_grf
[info] ExternalForce::LeftGRF Data source being set to SRRun01_grf
[info] Storage: read data file = SRRun01_grf.mot (nr=16005 nc=19)
[info] ExternalForce::RightGRF Data source being set to SRRun01_grf
[info] ExternalForce::LeftGRF Data source being set to SRRun01_grf
[info] Storage: read data file = SRRun01_grf.mot (nr=16005 nc=19)
[info] ExternalForce::RightGRF Data source being set to SRRun01_grf
[info] ExternalForce::LeftGRF Data source being set to SRRun01_grf
[info] Storage: read data file = SRRun01_grf.mot (nr=16005 nc=19)
[info] ExternalForce::RightGRF Data source being set to SRRun01_grf
[info] ExternalForce::LeftGRF Data source being set to SRRun01_grf
[info] Storage: read data file = SRRun01_grf.mot (nr=16005 nc=19)
[info] ExternalForce::RightGRF Data source being set to SRRun01_grf
[info] ExternalForce::LeftGRF Data source being set to SRRun01_grf
[info] Storage: read data file = SRRun01_grf.mot (nr=16005 nc=19)
[info] ExternalForce::RightGRF Data source being set to SRRun01_grf
[info] ExternalForce::LeftGRF Data source being set to SRRun01_grf
[info] Storage: read data file = SRRun01_grf.mot (nr=16005 nc=19)
[info] ExternalForce::RightGRF Data source being set to SRRun01_grf
[info] ExternalForce::LeftGRF Data source being set to SRRun01_grf
[info] Storage: read data file = SRRun01_grf.mot (nr=16005 nc=19)
[info] ExternalForce::RightGRF Data source being set to SRRun01_grf
[info] ExternalForce::LeftGRF Data source being set to SRRun01_grf
[info] Storage: read data file = SRRun01_grf.mot (nr=16005 nc=19)
[info] ExternalForce::RightGRF Data source being set to SRRun01_grf
[info] ExternalForce::LeftGRF Data source being set to SRRun01_grf
[info] Storage: read data file = SRRun01_grf.mot (nr=16005 nc=19)
[info] ExternalForce::RightGRF Data source being set to SRRun01_grf
[info] ExternalForce::LeftGRF Data source being set to SRRun01_grf
[info] Storage: read data file = SRRun01_grf.mot (nr=16005 nc=19)
[info] ExternalForce::RightGRF Data source being set to SRRun01_grf
[info] ExternalForce::LeftGRF Data source being set to SRRun01_grf
[info] Storage: read data file = SRRun01_grf.mot (nr=16005 nc=19)
[info] ExternalForce::RightGRF Data source being set to SRRun01_grf
[info] ExternalForce::LeftGRF Data source being set to SRRun01_grf
[info] Storage: read data file = SRRun01_grf.mot (nr=16005 nc=19)
[info] ExternalForce::RightGRF Data source being set to SRRun01_grf
[info] ExternalForce::LeftGRF Data source being set to SRRun01_grf
[info] Storage: read data file = SRRun01_grf.mot (nr=16005 nc=19)
[info] ExternalForce::RightGRF Data source being set to SRRun01_grf
[info] ExternalForce::LeftGRF Data source being set to SRRun01_grf
[info] Storage: read data file = SRRun01_grf.mot (nr=16005 nc=19)
[info] ExternalForce::RightGRF Data source being set to SRRun01_grf
[info] ExternalForce::LeftGRF Data source being set to SRRun01_grf
[info] Storage: read data file = SRRun01_grf.mot (nr=16005 nc=19)
[info] ExternalForce::RightGRF Data source being set to SRRun01_grf
[info] ExternalForce::LeftGRF Data source being set to SRRun01_grf
[info] Storage: read data file = SRRun01_grf.mot (nr=16005 nc=19)
[info] ExternalForce::RightGRF Data source being set to SRRun01_grf
[info] ExternalForce::LeftGRF Data source being set to SRRun01_grf
[info] Storage: read data file = SRRun01_grf.mot (nr=16005 nc=19)
[info] ExternalForce::RightGRF Data source being set to SRRun01_grf
[info] ExternalForce::LeftGRF Data source being set to SRRun01_grf
[info] Storage: read data file = SRRun01_grf.mot (nr=16005 nc=19)
[info] ExternalForce::RightGRF Data source being set to SRRun01_grf
[info] ExternalForce::LeftGRF Data source being set to SRRun01_grf
[info] Storage: read data file = SRRun01_grf.mot (nr=16005 nc=19)
[info] ExternalForce::RightGRF Data source being set to SRRun01_grf
[info] ExternalForce::LeftGRF Data source being set to SRRun01_grf
[info] Storage: read data file = SRRun01_grf.mot (nr=16005 nc=19)
[info] ExternalForce::RightGRF Data source being set to SRRun01_grf
[info] ExternalForce::LeftGRF Data source being set to SRRun01_grf
[info] Storage: read data file = SRRun01_grf.mot (nr=16005 nc=19)
[info] ExternalForce::RightGRF Data source being set to SRRun01_grf
[info] ExternalForce::LeftGRF Data source being set to SRRun01_grf
[info] Storage: read data file = SRRun01_grf.mot (nr=16005 nc=19)
[info] ExternalForce::RightGRF Data source being set to SRRun01_grf
[info] ExternalForce::LeftGRF Data source being set to SRRun01_grf
[info] Storage: read data file = SRRun01_grf.mot (nr=16005 nc=19)
[info] ExternalForce::RightGRF Data source being set to SRRun01_grf
[info] ExternalForce::LeftGRF Data source being set to SRRun01_grf
[info] Storage: read data file = SRRun01_grf.mot (nr=16005 nc=19)
[info] ExternalForce::RightGRF Data source being set to SRRun01_grf
[info] ExternalForce::LeftGRF Data source being set to SRRun01_grf
[info] Storage: read data file = SRRun01_grf.mot (nr=16005 nc=19)
[info] ExternalForce::RightGRF Data source being set to SRRun01_grf
[info] ExternalForce::LeftGRF Data source being set to SRRun01_grf
[info] Storage: read data file = SRRun01_grf.mot (nr=16005 nc=19)
[info] ExternalForce::RightGRF Data source being set to SRRun01_grf
[info] ExternalForce::LeftGRF Data source being set to SRRun01_grf
[info] Storage: read data file = SRRun01_grf.mot (nr=16005 nc=19)
[info] ExternalForce::RightGRF Data source being set to SRRun01_grf
[info] ExternalForce::LeftGRF Data source being set to SRRun01_grf
[info] Storage: read data file = SRRun01_grf.mot (nr=16005 nc=19)
[info] ExternalForce::RightGRF Data source being set to SRRun01_grf
[info] ExternalForce::LeftGRF Data source being set to SRRun01_grf
[info] Storage: read data file = SRRun01_grf.mot (nr=16005 nc=19)
[info] ExternalForce::RightGRF Data source being set to SRRun01_grf
[info] ExternalForce::LeftGRF Data source being set to SRRun01_grf
[info] Storage: read data file = SRRun01_grf.mot (nr=16005 nc=19)
[info] ExternalForce::RightGRF Data source being set to SRRun01_grf
[info] ExternalForce::LeftGRF Data source being set to SRRun01_grf
[info] Storage: read data file = SRRun01_grf.mot (nr=16005 nc=19)
[info] ExternalForce::RightGRF Data source being set to SRRun01_grf
[info] ExternalForce::LeftGRF Data source being set to SRRun01_grf
[info] Storage: read data file = SRRun01_grf.mot (nr=16005 nc=19)
[info] ExternalForce::RightGRF Data source being set to SRRun01_grf
[info] ExternalForce::LeftGRF Data source being set to SRRun01_grf
[info] Storage: read data file = SRRun01_grf.mot (nr=16005 nc=19)
[info] ExternalForce::RightGRF Data source being set to SRRun01_grf
[info] ExternalForce::LeftGRF Data source being set to SRRun01_grf
[info] Storage: read data file = SRRun01_grf.mot (nr=16005 nc=19)
[info] ExternalForce::RightGRF Data source being set to SRRun01_grf
[info] ExternalForce::LeftGRF Data source being set to SRRun01_grf
[info] Storage: read data file = SRRun01_grf.mot (nr=16005 nc=19)
[info] ExternalForce::RightGRF Data source being set to SRRun01_grf
[info] ExternalForce::LeftGRF Data source being set to SRRun01_grf
[info] Storage: read data file = SRRun01_grf.mot (nr=16005 nc=19)
[info] ExternalForce::RightGRF Data source being set to SRRun01_grf
[info] ExternalForce::LeftGRF Data source being set to SRRun01_grf
[info] Storage: read data file = SRRun01_grf.mot (nr=16005 nc=19)
[info] ExternalForce::RightGRF Data source being set to SRRun01_grf
[info] ExternalForce::LeftGRF Data source being set to SRRun01_grf
[info] Storage: read data file = SRRun01_grf.mot (nr=16005 nc=19)
[info] ExternalForce::RightGRF Data source being set to SRRun01_grf
[info] ExternalForce::LeftGRF Data source being set to SRRun01_grf
[info] Storage: read data file = SRRun01_grf.mot (nr=16005 nc=19)
[info] ExternalForce::RightGRF Data source being set to SRRun01_grf
[info] ExternalForce::LeftGRF Data source being set to SRRun01_grf
[info] Storage: read data file = SRRun01_grf.mot (nr=16005 nc=19)
[info] ExternalForce::RightGRF Data source being set to SRRun01_grf
[info] ExternalForce::LeftGRF Data source being set to SRRun01_grf
[info] Storage: read data file = SRRun01_grf.mot (nr=16005 nc=19)
[info] ExternalForce::RightGRF Data source being set to SRRun01_grf
[info] ExternalForce::LeftGRF Data source being set to SRRun01_grf
[info] Storage: read data file = SRRun01_grf.mot (nr=16005 nc=19)
[info] ExternalForce::RightGRF Data source being set to SRRun01_grf
[info] ExternalForce::LeftGRF Data source being set to SRRun01_grf
[info] Storage: read data file = SRRun01_grf.mot (nr=16005 nc=19)
[info] ExternalForce::RightGRF Data source being set to SRRun01_grf
[info] ExternalForce::LeftGRF Data source being set to SRRun01_grf
[info] Storage: read data file = SRRun01_grf.mot (nr=16005 nc=19)
[info] ExternalForce::RightGRF Data source being set to SRRun01_grf
[info] ExternalForce::LeftGRF Data source being set to SRRun01_grf
[info] Storage: read data file = SRRun01_grf.mot (nr=16005 nc=19)
[info] ExternalForce::RightGRF Data source being set to SRRun01_grf
[info] ExternalForce::LeftGRF Data source being set to SRRun01_grf
[info] Storage: read data file = SRRun01_grf.mot (nr=16005 nc=19)
[info] ExternalForce::RightGRF Data source being set to SRRun01_grf
[info] ExternalForce::LeftGRF Data source being set to SRRun01_grf
[info] Storage: read data file = SRRun01_grf.mot (nr=16005 nc=19)
[info] ExternalForce::RightGRF Data source being set to SRRun01_grf
[info] ExternalForce::LeftGRF Data source being set to SRRun01_grf
[info] Storage: read data file = SRRun01_grf.mot (nr=16005 nc=19)
[info] ExternalForce::RightGRF Data source being set to SRRun01_grf
[info] ExternalForce::LeftGRF Data source being set to SRRun01_grf
[info] Storage: read data file = SRRun01_grf.mot (nr=16005 nc=19)
[info] ExternalForce::RightGRF Data source being set to SRRun01_grf
[info] ExternalForce::LeftGRF Data source being set to SRRun01_grf
[info] Storage: read data file = SRRun01_grf.mot (nr=16005 nc=19)
[info] ExternalForce::RightGRF Data source being set to SRRun01_grf
[info] ExternalForce::LeftGRF Data source being set to SRRun01_grf
[info] Storage: read data file = SRRun01_grf.mot (nr=16005 nc=19)
[info] ExternalForce::RightGRF Data source being set to SRRun01_grf
[info] ExternalForce::LeftGRF Data source being set to SRRun01_grf
[info] Storage: read data file = SRRun01_grf.mot (nr=16005 nc=19)
[info] ExternalForce::RightGRF Data source being set to SRRun01_grf
[info] ExternalForce::LeftGRF Data source being set to SRRun01_grf
[info] Storage: read data file = SRRun01_grf.mot (nr=16005 nc=19)
[info] ExternalForce::RightGRF Data source being set to SRRun01_grf
[info] ExternalForce::LeftGRF Data source being set to SRRun01_grf
[info] Storage: read data file = SRRun01_grf.mot (nr=16005 nc=19)
[info] ExternalForce::RightGRF Data source being set to SRRun01_grf
[info] ExternalForce::LeftGRF Data source being set to SRRun01_grf
[info] Storage: read data file = SRRun01_grf.mot (nr=16005 nc=19)
[info] ExternalForce::RightGRF Data source being set to SRRun01_grf
[info] ExternalForce::LeftGRF Data source being set to SRRun01_grf
[info] Storage: read data file = SRRun01_grf.mot (nr=16005 nc=19)
[info] ExternalForce::RightGRF Data source being set to SRRun01_grf
[info] ExternalForce::LeftGRF Data source being set to SRRun01_grf
[info] Storage: read data file = SRRun01_grf.mot (nr=16005 nc=19)
[info] ExternalForce::RightGRF Data source being set to SRRun01_grf
[info] ExternalForce::LeftGRF Data source being set to SRRun01_grf
[info] Storage: read data file = SRRun01_grf.mot (nr=16005 nc=19)
[info] ExternalForce::RightGRF Data source being set to SRRun01_grf
[info] ExternalForce::LeftGRF Data source being set to SRRun01_grf
[info] Storage: read data file = SRRun01_grf.mot (nr=16005 nc=19)
[info] ExternalForce::RightGRF Data source being set to SRRun01_grf
[info] ExternalForce::LeftGRF Data source being set to SRRun01_grf
[info] Storage: read data file = SRRun01_grf.mot (nr=16005 nc=19)
[info] ExternalForce::RightGRF Data source being set to SRRun01_grf
[info] ExternalForce::LeftGRF Data source being set to SRRun01_grf
[info] Storage: read data file = SRRun01_grf.mot (nr=16005 nc=19)
[info] ExternalForce::RightGRF Data source being set to SRRun01_grf
[info] ExternalForce::LeftGRF Data source being set to SRRun01_grf
[info] Storage: read data file = SRRun01_grf.mot (nr=16005 nc=19)
[info] ExternalForce::RightGRF Data source being set to SRRun01_grf
[info] ExternalForce::LeftGRF Data source being set to SRRun01_grf
[info] Storage: read data file = SRRun01_grf.mot (nr=16005 nc=19)
[info] ExternalForce::RightGRF Data source being set to SRRun01_grf
[info] ExternalForce::LeftGRF Data source being set to SRRun01_grf
[info] Storage: read data file = SRRun01_grf.mot (nr=16005 nc=19)
[info] ExternalForce::RightGRF Data source being set to SRRun01_grf
[info] ExternalForce::LeftGRF Data source being set to SRRun01_grf
[info] Storage: read data file = SRRun01_grf.mot (nr=16005 nc=19)
[info] ExternalForce::RightGRF Data source being set to SRRun01_grf
[info] ExternalForce::LeftGRF Data source being set to SRRun01_grf
[info] Storage: read data file = SRRun01_grf.mot (nr=16005 nc=19)
[info] ExternalForce::RightGRF Data source being set to SRRun01_grf
[info] ExternalForce::LeftGRF Data source being set to SRRun01_grf
[info] Storage: read data file = SRRun01_grf.mot (nr=16005 nc=19)
[info] ExternalForce::RightGRF Data source being set to SRRun01_grf
[info] ExternalForce::LeftGRF Data source being set to SRRun01_grf
[info] Storage: read data file = SRRun01_grf.mot (nr=16005 nc=19)
[info] ExternalForce::RightGRF Data source being set to SRRun01_grf
[info] ExternalForce::LeftGRF Data source being set to SRRun01_grf
[info] Storage: read data file = SRRun01_grf.mot (nr=16005 nc=19)
[info] ExternalForce::RightGRF Data source being set to SRRun01_grf
[info] ExternalForce::LeftGRF Data source being set to SRRun01_grf
[info] Storage: read data file = SRRun01_grf.mot (nr=16005 nc=19)
[info] ExternalForce::RightGRF Data source being set to SRRun01_grf
[info] ExternalForce::LeftGRF Data source being set to SRRun01_grf
[info] Storage: read data file = SRRun01_grf.mot (nr=16005 nc=19)
[info] ExternalForce::RightGRF Data source being set to SRRun01_grf
[info] ExternalForce::LeftGRF Data source being set to SRRun01_grf
[info] Storage: read data file = SRRun01_grf.mot (nr=16005 nc=19)
[info] ExternalForce::RightGRF Data source being set to SRRun01_grf
[info] ExternalForce::LeftGRF Data source being set to SRRun01_grf
[info] Storage: read data file = SRRun01_grf.mot (nr=16005 nc=19)
[info] ExternalForce::RightGRF Data source being set to SRRun01_grf
[info] ExternalForce::LeftGRF Data source being set to SRRun01_grf
[info] Storage: read data file = SRRun01_grf.mot (nr=16005 nc=19)
[info] ExternalForce::RightGRF Data source being set to SRRun01_grf
[info] ExternalForce::LeftGRF Data source being set to SRRun01_grf
[info] Storage: read data file = SRRun01_grf.mot (nr=16005 nc=19)
[info] ExternalForce::RightGRF Data source being set to SRRun01_grf
[info] ExternalForce::LeftGRF Data source being set to SRRun01_grf
[info] Storage: read data file = SRRun01_grf.mot (nr=16005 nc=19)
[info] ExternalForce::RightGRF Data source being set to SRRun01_grf
[info] ExternalForce::LeftGRF Data source being set to SRRun01_grf
[info] Storage: read data file = SRRun01_grf.mot (nr=16005 nc=19)
[info] ExternalForce::RightGRF Data source being set to SRRun01_grf
[info] ExternalForce::LeftGRF Data source being set to SRRun01_grf
[info] Storage: read data file = SRRun01_grf.mot (nr=16005 nc=19)
[info] ExternalForce::RightGRF Data source being set to SRRun01_grf
[info] ExternalForce::LeftGRF Data source being set to SRRun01_grf
[info] Storage: read data file = SRRun01_grf.mot (nr=16005 nc=19)
[info] ExternalForce::RightGRF Data source being set to SRRun01_grf
[info] ExternalForce::LeftGRF Data source being set to SRRun01_grf
[info] Storage: read data file = SRRun01_grf.mot (nr=16005 nc=19)
[info] ExternalForce::RightGRF Data source being set to SRRun01_grf
[info] ExternalForce::LeftGRF Data source being set to SRRun01_grf
[info] Storage: read data file = SRRun01_grf.mot (nr=16005 nc=19)
[info] ExternalForce::RightGRF Data source being set to SRRun01_grf
[info] ExternalForce::LeftGRF Data source being set to SRRun01_grf
[info] Storage: read data file = SRRun01_grf.mot (nr=16005 nc=19)
[info] ExternalForce::RightGRF Data source being set to SRRun01_grf
[info] ExternalForce::LeftGRF Data source being set to SRRun01_grf
[info] Storage: read data file = SRRun01_grf.mot (nr=16005 nc=19)
[info] ExternalForce::RightGRF Data source being set to SRRun01_grf
[info] ExternalForce::LeftGRF Data source being set to SRRun01_grf
[info] Storage: read data file = SRRun01_grf.mot (nr=16005 nc=19)
[info] ExternalForce::RightGRF Data source being set to SRRun01_grf
[info] ExternalForce::LeftGRF Data source being set to SRRun01_grf
[info] Storage: read data file = SRRun01_grf.mot (nr=16005 nc=19)
[info] ExternalForce::RightGRF Data source being set to SRRun01_grf
[info] ExternalForce::LeftGRF Data source being set to SRRun01_grf
[info] Storage: read data file = SRRun01_grf.mot (nr=16005 nc=19)
[info] ExternalForce::RightGRF Data source being set to SRRun01_grf
[info] ExternalForce::LeftGRF Data source being set to SRRun01_grf
[info] Storage: read data file = SRRun01_grf.mot (nr=16005 nc=19)
[info] ExternalForce::RightGRF Data source being set to SRRun01_grf
[info] ExternalForce::LeftGRF Data source being set to SRRun01_grf
[info] Storage: read data file = SRRun01_grf.mot (nr=16005 nc=19)
[info] ExternalForce::RightGRF Data source being set to SRRun01_grf
[info] ExternalForce::LeftGRF Data source being set to SRRun01_grf
[info] Storage: read data file = SRRun01_grf.mot (nr=16005 nc=19)
[info] ExternalForce::RightGRF Data source being set to SRRun01_grf
[info] ExternalForce::LeftGRF Data source being set to SRRun01_grf
[info] Storage: read data file = SRRun01_grf.mot (nr=16005 nc=19)
[info] ExternalForce::RightGRF Data source being set to SRRun01_grf
[info] ExternalForce::LeftGRF Data source being set to SRRun01_grf
[info] Storage: read data file = SRRun01_grf.mot (nr=16005 nc=19)
[info] ExternalForce::RightGRF Data source being set to SRRun01_grf
[info] ExternalForce::LeftGRF Data source being set to SRRun01_grf
[info] Storage: read data file = SRRun01_grf.mot (nr=16005 nc=19)
[info] ExternalForce::RightGRF Data source being set to SRRun01_grf
[info] ExternalForce::LeftGRF Data source being set to SRRun01_grf
[info] Storage: read data file = SRRun01_grf.mot (nr=16005 nc=19)
[info] ExternalForce::RightGRF Data source being set to SRRun01_grf
[info] ExternalForce::LeftGRF Data source being set to SRRun01_grf
[info] Storage: read data file = SRRun01_grf.mot (nr=16005 nc=19)
[info] ExternalForce::RightGRF Data source being set to SRRun01_grf
[info] ExternalForce::LeftGRF Data source being set to SRRun01_grf
[info] Storage: read data file = SRRun01_grf.mot (nr=16005 nc=19)
[info] ExternalForce::RightGRF Data source being set to SRRun01_grf
[info] ExternalForce::LeftGRF Data source being set to SRRun01_grf
[info] Storage: read data file = SRRun01_grf.mot (nr=16005 nc=19)
[info] ExternalForce::RightGRF Data source being set to SRRun01_grf
[info] ExternalForce::LeftGRF Data source being set to SRRun01_grf
[info] Storage: read data file = SRRun01_grf.mot (nr=16005 nc=19)
[info] ExternalForce::RightGRF Data source being set to SRRun01_grf
[info] ExternalForce::LeftGRF Data source being set to SRRun01_grf
[info] Storage: read data file = SRRun01_grf.mot (nr=16005 nc=19)
[info] ExternalForce::RightGRF Data source being set to SRRun01_grf
[info] ExternalForce::LeftGRF Data source being set to SRRun01_grf
[info] Storage: read data file = SRRun01_grf.mot (nr=16005 nc=19)
[info] ExternalForce::RightGRF Data source being set to SRRun01_grf
[info] ExternalForce::LeftGRF Data source being set to SRRun01_grf
[info] Storage: read data file = SRRun01_grf.mot (nr=16005 nc=19)
[info] ExternalForce::RightGRF Data source being set to SRRun01_grf
[info] ExternalForce::LeftGRF Data source being set to SRRun01_grf
[info] Storage: read data file = SRRun01_grf.mot (nr=16005 nc=19)
[info] ExternalForce::RightGRF Data source being set to SRRun01_grf
[info] ExternalForce::LeftGRF Data source being set to SRRun01_grf
[info] Storage: read data file = SRRun01_grf.mot (nr=16005 nc=19)
[info] ExternalForce::RightGRF Data source being set to SRRun01_grf
[info] ExternalForce::LeftGRF Data source being set to SRRun01_grf
[info] Storage: read data file = SRRun01_grf.mot (nr=16005 nc=19)
[info] ExternalForce::RightGRF Data source being set to SRRun01_grf
[info] ExternalForce::LeftGRF Data source being set to SRRun01_grf
[info] Storage: read data file = SRRun01_grf.mot (nr=16005 nc=19)
[info] ExternalForce::RightGRF Data source being set to SRRun01_grf
[info] ExternalForce::LeftGRF Data source being set to SRRun01_grf
[info] Storage: read data file = SRRun01_grf.mot (nr=16005 nc=19)
[info] ExternalForce::RightGRF Data source being set to SRRun01_grf
[info] ExternalForce::LeftGRF Data source being set to SRRun01_grf
[info] Storage: read data file = SRRun01_grf.mot (nr=16005 nc=19)
[info] ExternalForce::RightGRF Data source being set to SRRun01_grf
[info] ExternalForce::LeftGRF Data source being set to SRRun01_grf
[info] Storage: read data file = SRRun01_grf.mot (nr=16005 nc=19)
[info] ExternalForce::RightGRF Data source being set to SRRun01_grf
[info] ExternalForce::LeftGRF Data source being set to SRRun01_grf
[info] Storage: read data file = SRRun01_grf.mot (nr=16005 nc=19)
[info] ExternalForce::RightGRF Data source being set to SRRun01_grf
[info] ExternalForce::LeftGRF Data source being set to SRRun01_grf
[info] Storage: read data file = SRRun01_grf.mot (nr=16005 nc=19)
[info] ExternalForce::RightGRF Data source being set to SRRun01_grf
[info] ExternalForce::LeftGRF Data source being set to SRRun01_grf
[info] Storage: read data file = SRRun01_grf.mot (nr=16005 nc=19)
[info] ExternalForce::RightGRF Data source being set to SRRun01_grf
[info] ExternalForce::LeftGRF Data source being set to SRRun01_grf
[info] Storage: read data file = SRRun01_grf.mot (nr=16005 nc=19)
[info] ExternalForce::RightGRF Data source being set to SRRun01_grf
[info] ExternalForce::LeftGRF Data source being set to SRRun01_grf
[info] Storage: read data file = SRRun01_grf.mot (nr=16005 nc=19)
[info] ExternalForce::RightGRF Data source being set to SRRun01_grf
[info] ExternalForce::LeftGRF Data source being set to SRRun01_grf
[info] Storage: read data file = SRRun01_grf.mot (nr=16005 nc=19)
[info] ExternalForce::RightGRF Data source being set to SRRun01_grf
[info] ExternalForce::LeftGRF Data source being set to SRRun01_grf
[info] Storage: read data file = SRRun01_grf.mot (nr=16005 nc=19)
[info] ExternalForce::RightGRF Data source being set to SRRun01_grf
[info] ExternalForce::LeftGRF Data source being set to SRRun01_grf
[info] Storage: read data file = SRRun01_grf.mot (nr=16005 nc=19)
[info] ExternalForce::RightGRF Data source being set to SRRun01_grf
[info] ExternalForce::LeftGRF Data source being set to SRRun01_grf
[info] Storage: read data file = SRRun01_grf.mot (nr=16005 nc=19)
[info] ExternalForce::RightGRF Data source being set to SRRun01_grf
[info] ExternalForce::LeftGRF Data source being set to SRRun01_grf
[info] Storage: read data file = SRRun01_grf.mot (nr=16005 nc=19)
[info] ExternalForce::RightGRF Data source being set to SRRun01_grf
[info] ExternalForce::LeftGRF Data source being set to SRRun01_grf
[info] Storage: read data file = SRRun01_grf.mot (nr=16005 nc=19)
[info] ExternalForce::RightGRF Data source being set to SRRun01_grf
[info] ExternalForce::LeftGRF Data source being set to SRRun01_grf
[info] Storage: read data file = SRRun01_grf.mot (nr=16005 nc=19)
[info] ExternalForce::RightGRF Data source being set to SRRun01_grf
[info] ExternalForce::LeftGRF Data source being set to SRRun01_grf
[info] Storage: read data file = SRRun01_grf.mot (nr=16005 nc=19)
[info] ExternalForce::RightGRF Data source being set to SRRun01_grf
[info] ExternalForce::LeftGRF Data source being set to SRRun01_grf
[info] Storage: read data file = SRRun01_grf.mot (nr=16005 nc=19)
[info] ExternalForce::RightGRF Data source being set to SRRun01_grf
[info] ExternalForce::LeftGRF Data source being set to SRRun01_grf
[info] Storage: read data file = SRRun01_grf.mot (nr=16005 nc=19)
[info] ExternalForce::RightGRF Data source being set to SRRun01_grf
[info] ExternalForce::LeftGRF Data source being set to SRRun01_grf
[info] Storage: read data file = SRRun01_grf.mot (nr=16005 nc=19)
[info] ExternalForce::RightGRF Data source being set to SRRun01_grf
[info] ExternalForce::LeftGRF Data source being set to SRRun01_grf
[info] Storage: read data file = SRRun01_grf.mot (nr=16005 nc=19)
[info] ExternalForce::RightGRF Data source being set to SRRun01_grf
[info] ExternalForce::LeftGRF Data source being set to SRRun01_grf
[info] Storage: read data file = SRRun01_grf.mot (nr=16005 nc=19)
[info] ExternalForce::RightGRF Data source being set to SRRun01_grf
[info] ExternalForce::LeftGRF Data source being set to SRRun01_grf
[info] Storage: read data file = SRRun01_grf.mot (nr=16005 nc=19)
[info] ExternalForce::RightGRF Data source being set to SRRun01_grf
[info] ExternalForce::LeftGRF Data source being set to SRRun01_grf
[info] Storage: read data file = SRRun01_grf.mot (nr=16005 nc=19)
[info] ExternalForce::RightGRF Data source being set to SRRun01_grf
[info] ExternalForce::LeftGRF Data source being set to SRRun01_grf
[info] Storage: read data file = SRRun01_grf.mot (nr=16005 nc=19)
[info] ExternalForce::RightGRF Data source being set to SRRun01_grf
[info] ExternalForce::LeftGRF Data source being set to SRRun01_grf
[info] Storage: read data file = SRRun01_grf.mot (nr=16005 nc=19)
[info] ExternalForce::RightGRF Data source being set to SRRun01_grf
[info] ExternalForce::LeftGRF Data source being set to SRRun01_grf
[info] Storage: read data file = SRRun01_grf.mot (nr=16005 nc=19)
[info] ExternalForce::RightGRF Data source being set to SRRun01_grf
[info] ExternalForce::LeftGRF Data source being set to SRRun01_grf
[info] Storage: read data file = SRRun01_grf.mot (nr=16005 nc=19)
[info] ExternalForce::RightGRF Data source being set to SRRun01_grf
[info] ExternalForce::LeftGRF Data source being set to SRRun01_grf
[info] Storage: read data file = SRRun01_grf.mot (nr=16005 nc=19)
[info] ExternalForce::RightGRF Data source being set to SRRun01_grf
[info] ExternalForce::LeftGRF Data source being set to SRRun01_grf
[info] Storage: read data file = SRRun01_grf.mot (nr=16005 nc=19)
[info] ExternalForce::RightGRF Data source being set to SRRun01_grf
[info] ExternalForce::LeftGRF Data source being set to SRRun01_grf
[info] Storage: read data file = SRRun01_grf.mot (nr=16005 nc=19)
[info] ExternalForce::RightGRF Data source being set to SRRun01_grf
[info] ExternalForce::LeftGRF Data source being set to SRRun01_grf
[info] Storage: read data file = SRRun01_grf.mot (nr=16005 nc=19)
[info] ExternalForce::RightGRF Data source being set to SRRun01_grf
[info] ExternalForce::LeftGRF Data source being set to SRRun01_grf
[info] Storage: read data file = SRRun01_grf.mot (nr=16005 nc=19)
[info] ExternalForce::RightGRF Data source being set to SRRun01_grf
[info] ExternalForce::LeftGRF Data source being set to SRRun01_grf
[info] Storage: read data file = SRRun01_grf.mot (nr=16005 nc=19)
[info] ExternalForce::RightGRF Data source being set to SRRun01_grf
[info] ExternalForce::LeftGRF Data source being set to SRRun01_grf
[info] Storage: read data file = SRRun01_grf.mot (nr=16005 nc=19)
[info] ExternalForce::RightGRF Data source being set to SRRun01_grf
[info] ExternalForce::LeftGRF Data source being set to SRRun01_grf
[info] Storage: read data file = SRRun01_grf.mot (nr=16005 nc=19)
[info] ExternalForce::RightGRF Data source being set to SRRun01_grf
[info] ExternalForce::LeftGRF Data source being set to SRRun01_grf
[info] Storage: read data file = SRRun01_grf.mot (nr=16005 nc=19)
[info] ExternalForce::RightGRF Data source being set to SRRun01_grf
[info] ExternalForce::LeftGRF Data source being set to SRRun01_grf
[info] Storage: read data file = SRRun01_grf.mot (nr=16005 nc=19)
[info] ExternalForce::RightGRF Data source being set to SRRun01_grf
[info] ExternalForce::LeftGRF Data source being set to SRRun01_grf
[info] Storage: read data file = SRRun01_grf.mot (nr=16005 nc=19)
[info] ExternalForce::RightGRF Data source being set to SRRun01_grf
[info] ExternalForce::LeftGRF Data source being set to SRRun01_grf
[info] Storage: read data file = SRRun01_grf.mot (nr=16005 nc=19)
[info] ExternalForce::RightGRF Data source being set to SRRun01_grf
[info] ExternalForce::LeftGRF Data source being set to SRRun01_grf
[info] Storage: read data file = SRRun01_grf.mot (nr=16005 nc=19)
[info] ExternalForce::RightGRF Data source being set to SRRun01_grf
[info] ExternalForce::LeftGRF Data source being set to SRRun01_grf
[info] Storage: read data file = SRRun01_grf.mot (nr=16005 nc=19)
[info] ExternalForce::RightGRF Data source being set to SRRun01_grf
[info] ExternalForce::LeftGRF Data source being set to SRRun01_grf
[info] Storage: read data file = SRRun01_grf.mot (nr=16005 nc=19)
[info] ExternalForce::RightGRF Data source being set to SRRun01_grf
[info] ExternalForce::LeftGRF Data source being set to SRRun01_grf
[info] Storage: read data file = SRRun01_grf.mot (nr=16005 nc=19)
[info] ExternalForce::RightGRF Data source being set to SRRun01_grf
[info] ExternalForce::LeftGRF Data source being set to SRRun01_grf
[info] Storage: read data file = SRRun01_grf.mot (nr=16005 nc=19)
[info] ExternalForce::RightGRF Data source being set to SRRun01_grf
[info] ExternalForce::LeftGRF Data source being set to SRRun01_grf
[info] Storage: read data file = SRRun01_grf.mot (nr=16005 nc=19)
[info] ExternalForce::RightGRF Data source being set to SRRun01_grf
[info] ExternalForce::LeftGRF Data source being set to SRRun01_grf
[info] Storage: read data file = SRRun01_grf.mot (nr=16005 nc=19)
[info] ExternalForce::RightGRF Data source being set to SRRun01_grf
[info] ExternalForce::LeftGRF Data source being set to SRRun01_grf
[info] Storage: read data file = SRRun01_grf.mot (nr=16005 nc=19)
[info] ExternalForce::RightGRF Data source being set to SRRun01_grf
[info] ExternalForce::LeftGRF Data source being set to SRRun01_grf
[info] Storage: read data file = SRRun01_grf.mot (nr=16005 nc=19)
[info] ExternalForce::RightGRF Data source being set to SRRun01_grf
[info] ExternalForce::LeftGRF Data source being set to SRRun01_grf
[info] Storage: read data file = SRRun01_grf.mot (nr=16005 nc=19)
[info] ExternalForce::RightGRF Data source being set to SRRun01_grf
[info] ExternalForce::LeftGRF Data source being set to SRRun01_grf
[info] Storage: read data file = SRRun01_grf.mot (nr=16005 nc=19)
[info] ExternalForce::RightGRF Data source being set to SRRun01_grf
[info] ExternalForce::LeftGRF Data source being set to SRRun01_grf
[info] Storage: read data file = SRRun01_grf.mot (nr=16005 nc=19)
[info] ExternalForce::RightGRF Data source being set to SRRun01_grf
[info] ExternalForce::LeftGRF Data source being set to SRRun01_grf
[info] Storage: read data file = SRRun01_grf.mot (nr=16005 nc=19)
[info] ExternalForce::RightGRF Data source being set to SRRun01_grf
[info] ExternalForce::LeftGRF Data source being set to SRRun01_grf
[info] Storage: read data file = SRRun01_grf.mot (nr=16005 nc=19)
[info] ExternalForce::RightGRF Data source being set to SRRun01_grf
[info] ExternalForce::LeftGRF Data source being set to SRRun01_grf
[info] Storage: read data file = SRRun01_grf.mot (nr=16005 nc=19)
[info] ExternalForce::RightGRF Data source being set to SRRun01_grf
[info] ExternalForce::LeftGRF Data source being set to SRRun01_grf
[info] Storage: read data file = SRRun01_grf.mot (nr=16005 nc=19)
[info] ExternalForce::RightGRF Data source being set to SRRun01_grf
[info] ExternalForce::LeftGRF Data source being set to SRRun01_grf
[info] Storage: read data file = SRRun01_grf.mot (nr=16005 nc=19)
[info] ExternalForce::RightGRF Data source being set to SRRun01_grf
[info] ExternalForce::LeftGRF Data source being set to SRRun01_grf
[info] Storage: read data file = SRRun01_grf.mot (nr=16005 nc=19)
[info] ExternalForce::RightGRF Data source being set to SRRun01_grf
[info] ExternalForce::LeftGRF Data source being set to SRRun01_grf
[info] Storage: read data file = SRRun01_grf.mot (nr=16005 nc=19)
[info] ExternalForce::RightGRF Data source being set to SRRun01_grf
[info] ExternalForce::LeftGRF Data source being set to SRRun01_grf
[info] Storage: read data file = SRRun01_grf.mot (nr=16005 nc=19)
[info] ExternalForce::RightGRF Data source being set to SRRun01_grf
[info] ExternalForce::LeftGRF Data source being set to SRRun01_grf
[info] Storage: read data file = SRRun01_grf.mot (nr=16005 nc=19)
[info] ExternalForce::RightGRF Data source being set to SRRun01_grf
[info] ExternalForce::LeftGRF Data source being set to SRRun01_grf
[info] Storage: read data file = SRRun01_grf.mot (nr=16005 nc=19)
[info] ExternalForce::RightGRF Data source being set to SRRun01_grf
[info] ExternalForce::LeftGRF Data source being set to SRRun01_grf
[info] Storage: read data file = SRRun01_grf.mot (nr=16005 nc=19)
[info] ExternalForce::RightGRF Data source being set to SRRun01_grf
[info] ExternalForce::LeftGRF Data source being set to SRRun01_grf
[info] Storage: read data file = SRRun01_grf.mot (nr=16005 nc=19)
[info] ExternalForce::RightGRF Data source being set to SRRun01_grf
[info] ExternalForce::LeftGRF Data source being set to SRRun01_grf
[info] Storage: read data file = SRRun01_grf.mot (nr=16005 nc=19)
[info] ExternalForce::RightGRF Data source being set to SRRun01_grf
[info] ExternalForce::LeftGRF Data source being set to SRRun01_grf
[info] Storage: read data file = SRRun01_grf.mot (nr=16005 nc=19)
[info] ExternalForce::RightGRF Data source being set to SRRun01_grf
[info] ExternalForce::LeftGRF Data source being set to SRRun01_grf
[info] Storage: read data file = SRRun01_grf.mot (nr=16005 nc=19)
[info] ExternalForce::RightGRF Data source being set to SRRun01_grf
[info] ExternalForce::LeftGRF Data source being set to SRRun01_grf
[info] Storage: read data file = SRRun01_grf.mot (nr=16005 nc=19)
[info] ExternalForce::RightGRF Data source being set to SRRun01_grf
[info] ExternalForce::LeftGRF Data source being set to SRRun01_grf
[info] Storage: read data file = SRRun01_grf.mot (nr=16005 nc=19)
[info] ExternalForce::RightGRF Data source being set to SRRun01_grf
[info] ExternalForce::LeftGRF Data source being set to SRRun01_grf
[info] Storage: read data file = SRRun01_grf.mot (nr=16005 nc=19)
[info] ExternalForce::RightGRF Data source being set to SRRun01_grf
[info] ExternalForce::LeftGRF Data source being set to SRRun01_grf
[info] Storage: read data file = SRRun01_grf.mot (nr=16005 nc=19)
[info] ExternalForce::RightGRF Data source being set to SRRun01_grf
[info] ExternalForce::LeftGRF Data source being set to SRRun01_grf
[info] Storage: read data file = SRRun01_grf.mot (nr=16005 nc=19)
[info] ExternalForce::RightGRF Data source being set to SRRun01_grf
[info] ExternalForce::LeftGRF Data source being set to SRRun01_grf
[info] Storage: read data file = SRRun01_grf.mot (nr=16005 nc=19)
[info] ExternalForce::RightGRF Data source being set to SRRun01_grf
[info] ExternalForce::LeftGRF Data source being set to SRRun01_grf
[info] Storage: read data file = SRRun01_grf.mot (nr=16005 nc=19)
[info] ExternalForce::RightGRF Data source being set to SRRun01_grf
[info] ExternalForce::LeftGRF Data source being set to SRRun01_grf
[info] Storage: read data file = SRRun01_grf.mot (nr=16005 nc=19)
[info] ExternalForce::RightGRF Data source being set to SRRun01_grf
[info] ExternalForce::LeftGRF Data source being set to SRRun01_grf
[info] Storage: read data file = SRRun01_grf.mot (nr=16005 nc=19)
[info] ExternalForce::RightGRF Data source being set to SRRun01_grf
[info] ExternalForce::LeftGRF Data source being set to SRRun01_grf
[info] Storage: read data file = SRRun01_grf.mot (nr=16005 nc=19)
[info] ExternalForce::RightGRF Data source being set to SRRun01_grf
[info] ExternalForce::LeftGRF Data source being set to SRRun01_grf
[info] Storage: read data file = SRRun01_grf.mot (nr=16005 nc=19)
[info] ExternalForce::RightGRF Data source being set to SRRun01_grf
[info] ExternalForce::LeftGRF Data source being set to SRRun01_grf
[info] Storage: read data file = SRRun01_grf.mot (nr=16005 nc=19)
[info] ExternalForce::RightGRF Data source being set to SRRun01_grf
[info] ExternalForce::LeftGRF Data source being set to SRRun01_grf
[info] Storage: read data file = SRRun01_grf.mot (nr=16005 nc=19)
[info] ExternalForce::RightGRF Data source being set to SRRun01_grf
[info] ExternalForce::LeftGRF Data source being set to SRRun01_grf
[info] Storage: read data file = SRRun01_grf.mot (nr=16005 nc=19)
[info] ExternalForce::RightGRF Data source being set to SRRun01_grf
[info] ExternalForce::LeftGRF Data source being set to SRRun01_grf
[info] Storage: read data file = SRRun01_grf.mot (nr=16005 nc=19)
[info] ExternalForce::RightGRF Data source being set to SRRun01_grf
[info] ExternalForce::LeftGRF Data source being set to SRRun01_grf
[info] Storage: read data file = SRRun01_grf.mot (nr=16005 nc=19)
[info] ExternalForce::RightGRF Data source being set to SRRun01_grf
[info] ExternalForce::LeftGRF Data source being set to SRRun01_grf
[info] Storage: read data file = SRRun01_grf.mot (nr=16005 nc=19)
[info] ExternalForce::RightGRF Data source being set to SRRun01_grf
[info] ExternalForce::LeftGRF Data source being set to SRRun01_grf
[info] Storage: read data file = SRRun01_grf.mot (nr=16005 nc=19)
[info] ExternalForce::RightGRF Data source being set to SRRun01_grf
[info] ExternalForce::LeftGRF Data source being set to SRRun01_grf
[info] Storage: read data file = SRRun01_grf.mot (nr=16005 nc=19)
[info] ExternalForce::RightGRF Data source being set to SRRun01_grf
[info] ExternalForce::LeftGRF Data source being set to SRRun01_grf
[info] Storage: read data file = SRRun01_grf.mot (nr=16005 nc=19)
[info] ExternalForce::RightGRF Data source being set to SRRun01_grf
[info] ExternalForce::LeftGRF Data source being set to SRRun01_grf
[info] Storage: read data file = SRRun01_grf.mot (nr=16005 nc=19)
[info] ExternalForce::RightGRF Data source being set to SRRun01_grf
[info] ExternalForce::LeftGRF Data source being set to SRRun01_grf
[info] Storage: read data file = SRRun01_grf.mot (nr=16005 nc=19)
[info] ExternalForce::RightGRF Data source being set to SRRun01_grf
[info] ExternalForce::LeftGRF Data source being set to SRRun01_grf
[info] Storage: read data file = SRRun01_grf.mot (nr=16005 nc=19)
[info] ExternalForce::RightGRF Data source being set to SRRun01_grf
[info] ExternalForce::LeftGRF Data source being set to SRRun01_grf
[info] Storage: read data file = SRRun01_grf.mot (nr=16005 nc=19)
[info] ExternalForce::RightGRF Data source being set to SRRun01_grf
[info] ExternalForce::LeftGRF Data source being set to SRRun01_grf
[info] Storage: read data file = SRRun01_grf.mot (nr=16005 nc=19)
[info] ExternalForce::RightGRF Data source being set to SRRun01_grf
[info] ExternalForce::LeftGRF Data source being set to SRRun01_grf
[info] Storage: read data file = SRRun01_grf.mot (nr=16005 nc=19)
[info] ExternalForce::RightGRF Data source being set to SRRun01_grf
[info] ExternalForce::LeftGRF Data source being set to SRRun01_grf
[info] Storage: read data file = SRRun01_grf.mot (nr=16005 nc=19)
[info] ExternalForce::RightGRF Data source being set to SRRun01_grf
[info] ExternalForce::LeftGRF Data source being set to SRRun01_grf
[info] Storage: read data file = SRRun01_grf.mot (nr=16005 nc=19)
[info] ExternalForce::RightGRF Data source being set to SRRun01_grf
[info] ExternalForce::LeftGRF Data source being set to SRRun01_grf
[info] Storage: read data file = SRRun01_grf.mot (nr=16005 nc=19)
[info] ExternalForce::RightGRF Data source being set to SRRun01_grf
[info] ExternalForce::LeftGRF Data source being set to SRRun01_grf
[info] Storage: read data file = SRRun01_grf.mot (nr=16005 nc=19)
[info] ExternalForce::RightGRF Data source being set to SRRun01_grf
[info] ExternalForce::LeftGRF Data source being set to SRRun01_grf
[info] Storage: read data file = SRRun01_grf.mot (nr=16005 nc=19)
[info] ExternalForce::RightGRF Data source being set to SRRun01_grf
[info] ExternalForce::LeftGRF Data source being set to SRRun01_grf
[info] Storage: read data file = SRRun01_grf.mot (nr=16005 nc=19)
[info] ExternalForce::RightGRF Data source being set to SRRun01_grf
[info] ExternalForce::LeftGRF Data source being set to SRRun01_grf
[info] Storage: read data file = SRRun01_grf.mot (nr=16005 nc=19)
[info] ExternalForce::RightGRF Data source being set to SRRun01_grf
[info] ExternalForce::LeftGRF Data source being set to SRRun01_grf
[info] Storage: read data file = SRRun01_grf.mot (nr=16005 nc=19)
[info] ExternalForce::RightGRF Data source being set to SRRun01_grf
[info] ExternalForce::LeftGRF Data source being set to SRRun01_grf
[info] Storage: read data file = SRRun01_grf.mot (nr=16005 nc=19)
[info] ExternalForce::RightGRF Data source being set to SRRun01_grf
[info] ExternalForce::LeftGRF Data source being set to SRRun01_grf
[info] Storage: read data file = SRRun01_grf.mot (nr=16005 nc=19)
[info] ExternalForce::RightGRF Data source being set to SRRun01_grf
[info] ExternalForce::LeftGRF Data source being set to SRRun01_grf
[info] Storage: read data file = SRRun01_grf.mot (nr=16005 nc=19)
[info] ExternalForce::RightGRF Data source being set to SRRun01_grf
[info] ExternalForce::LeftGRF Data source being set to SRRun01_grf
[info] Storage: read data file = SRRun01_grf.mot (nr=16005 nc=19)
[info] ExternalForce::RightGRF Data source being set to SRRun01_grf
[info] ExternalForce::LeftGRF Data source being set to SRRun01_grf
[info] Storage: read data file = SRRun01_grf.mot (nr=16005 nc=19)
[info] ExternalForce::RightGRF Data source being set to SRRun01_grf
[info] ExternalForce::LeftGRF Data source being set to SRRun01_grf
[info] Storage: read data file = SRRun01_grf.mot (nr=16005 nc=19)
[info] ExternalForce::RightGRF Data source being set to SRRun01_grf
[info] ExternalForce::LeftGRF Data source being set to SRRun01_grf
[info] Storage: read data file = SRRun01_grf.mot (nr=16005 nc=19)
[info] ExternalForce::RightGRF Data source being set to SRRun01_grf
[info] ExternalForce::LeftGRF Data source being set to SRRun01_grf
[info] Storage: read data file = SRRun01_grf.mot (nr=16005 nc=19)
[info] ExternalForce::RightGRF Data source being set to SRRun01_grf
[info] ExternalForce::LeftGRF Data source being set to SRRun01_grf
[info] Storage: read data file = SRRun01_grf.mot (nr=16005 nc=19)
[info] ExternalForce::RightGRF Data source being set to SRRun01_grf
[info] ExternalForce::LeftGRF Data source being set to SRRun01_grf
[info] Storage: read data file = SRRun01_grf.mot (nr=16005 nc=19)
[info] ExternalForce::RightGRF Data source being set to SRRun01_grf
[info] ExternalForce::LeftGRF Data source being set to SRRun01_grf
[info] Storage: read data file = SRRun01_grf.mot (nr=16005 nc=19)
[info] ExternalForce::RightGRF Data source being set to SRRun01_grf
[info] ExternalForce::LeftGRF Data source being set to SRRun01_grf
[info] Storage: read data file = SRRun01_grf.mot (nr=16005 nc=19)
[info] ExternalForce::RightGRF Data source being set to SRRun01_grf
[info] ExternalForce::LeftGRF Data source being set to SRRun01_grf
[info] Storage: read data file = SRRun01_grf.mot (nr=16005 nc=19)
[info] ExternalForce::RightGRF Data source being set to SRRun01_grf
[info] ExternalForce::LeftGRF Data source being set to SRRun01_grf
[info] Storage: read data file = SRRun01_grf.mot (nr=16005 nc=19)
[info] ExternalForce::RightGRF Data source being set to SRRun01_grf
[info] ExternalForce::LeftGRF Data source being set to SRRun01_grf
[info] Storage: read data file = SRRun01_grf.mot (nr=16005 nc=19)
[info] ExternalForce::RightGRF Data source being set to SRRun01_grf
[info] ExternalForce::LeftGRF Data source being set to SRRun01_grf
[info] Storage: read data file = SRRun01_grf.mot (nr=16005 nc=19)
[info] ExternalForce::RightGRF Data source being set to SRRun01_grf
[info] ExternalForce::LeftGRF Data source being set to SRRun01_grf
[info] Storage: read data file = SRRun01_grf.mot (nr=16005 nc=19)
[info] ExternalForce::RightGRF Data source being set to SRRun01_grf
[info] ExternalForce::LeftGRF Data source being set to SRRun01_grf
[info] Storage: read data file = SRRun01_grf.mot (nr=16005 nc=19)
[info] ExternalForce::RightGRF Data source being set to SRRun01_grf
[info] ExternalForce::LeftGRF Data source being set to SRRun01_grf
[info] Storage: read data file = SRRun01_grf.mot (nr=16005 nc=19)
[info] ExternalForce::RightGRF Data source being set to SRRun01_grf
[info] ExternalForce::LeftGRF Data source being set to SRRun01_grf
[info] Storage: read data file = SRRun01_grf.mot (nr=16005 nc=19)
[info] ExternalForce::RightGRF Data source being set to SRRun01_grf
[info] ExternalForce::LeftGRF Data source being set to SRRun01_grf
[info] Storage: read data file = SRRun01_grf.mot (nr=16005 nc=19)
[info] ExternalForce::RightGRF Data source being set to SRRun01_grf
[info] ExternalForce::LeftGRF Data source being set to SRRun01_grf
[info] Storage: read data file = SRRun01_grf.mot (nr=16005 nc=19)
[info] ExternalForce::RightGRF Data source being set to SRRun01_grf
[info] ExternalForce::LeftGRF Data source being set to SRRun01_grf
[info] Storage: read data file = SRRun01_grf.mot (nr=16005 nc=19)
[info] ExternalForce::RightGRF Data source being set to SRRun01_grf
[info] ExternalForce::LeftGRF Data source being set to SRRun01_grf
[info] Storage: read data file = SRRun01_grf.mot (nr=16005 nc=19)
[info] ExternalForce::RightGRF Data source being set to SRRun01_grf
[info] ExternalForce::LeftGRF Data source being set to SRRun01_grf
[info] Storage: read data file = SRRun01_grf.mot (nr=16005 nc=19)
[info] ExternalForce::RightGRF Data source being set to SRRun01_grf
[info] ExternalForce::LeftGRF Data source being set to SRRun01_grf
[info] Storage: read data file = SRRun01_grf.mot (nr=16005 nc=19)
[info] ExternalForce::RightGRF Data source being set to SRRun01_grf
[info] ExternalForce::LeftGRF Data source being set to SRRun01_grf
[info] Storage: read data file = SRRun01_grf.mot (nr=16005 nc=19)
[info] ExternalForce::RightGRF Data source being set to SRRun01_grf
[info] ExternalForce::LeftGRF Data source being set to SRRun01_grf
[info] Storage: read data file = SRRun01_grf.mot (nr=16005 nc=19)
[info] ExternalForce::RightGRF Data source being set to SRRun01_grf
[info] ExternalForce::LeftGRF Data source being set to SRRun01_grf
[info] Storage: read data file = SRRun01_grf.mot (nr=16005 nc=19)
[info] ExternalForce::RightGRF Data source being set to SRRun01_grf
[info] ExternalForce::LeftGRF Data source being set to SRRun01_grf
[info] Storage: read data file = SRRun01_grf.mot (nr=16005 nc=19)
[info] ExternalForce::RightGRF Data source being set to SRRun01_grf
[info] ExternalForce::LeftGRF Data source being set to SRRun01_grf
[info] Storage: read data file = SRRun01_grf.mot (nr=16005 nc=19)
[info] ExternalForce::RightGRF Data source being set to SRRun01_grf
[info] ExternalForce::LeftGRF Data source being set to SRRun01_grf
[info] Storage: read data file = SRRun01_grf.mot (nr=16005 nc=19)
[info] ExternalForce::RightGRF Data source being set to SRRun01_grf
[info] ExternalForce::LeftGRF Data source being set to SRRun01_grf
[info] Storage: read data file = SRRun01_grf.mot (nr=16005 nc=19)
[info] ExternalForce::RightGRF Data source being set to SRRun01_grf
[info] ExternalForce::LeftGRF Data source being set to SRRun01_grf
[info] Storage: read data file = SRRun01_grf.mot (nr=16005 nc=19)
[info] ExternalForce::RightGRF Data source being set to SRRun01_grf
[info] ExternalForce::LeftGRF Data source being set to SRRun01_grf
[info] Storage: read data file = SRRun01_grf.mot (nr=16005 nc=19)
[info] ExternalForce::RightGRF Data source being set to SRRun01_grf
[info] ExternalForce::LeftGRF Data source being set to SRRun01_grf
[info] Storage: read data file = SRRun01_grf.mot (nr=16005 nc=19)
[info] ExternalForce::RightGRF Data source being set to SRRun01_grf
[info] ExternalForce::LeftGRF Data source being set to SRRun01_grf
[info] Storage: read data file = SRRun01_grf.mot (nr=16005 nc=19)
[info] ExternalForce::RightGRF Data source being set to SRRun01_grf
[info] ExternalForce::LeftGRF Data source being set to SRRun01_grf
[info] Storage: read data file = SRRun01_grf.mot (nr=16005 nc=19)
[info] ExternalForce::RightGRF Data source being set to SRRun01_grf
[info] ExternalForce::LeftGRF Data source being set to SRRun01_grf
[info] Storage: read data file = SRRun01_grf.mot (nr=16005 nc=19)
[info] ExternalForce::RightGRF Data source being set to SRRun01_grf
[info] ExternalForce::LeftGRF Data source being set to SRRun01_grf
[info] Storage: read data file = SRRun01_grf.mot (nr=16005 nc=19)
[info] ExternalForce::RightGRF Data source being set to SRRun01_grf
[info] ExternalForce::LeftGRF Data source being set to SRRun01_grf
[info] Storage: read data file = SRRun01_grf.mot (nr=16005 nc=19)
[info] ExternalForce::RightGRF Data source being set to SRRun01_grf
[info] ExternalForce::LeftGRF Data source being set to SRRun01_grf
[info] Storage: read data file = SRRun01_grf.mot (nr=16005 nc=19)
[info] ExternalForce::RightGRF Data source being set to SRRun01_grf
[info] ExternalForce::LeftGRF Data source being set to SRRun01_grf
[info] Storage: read data file = SRRun01_grf.mot (nr=16005 nc=19)
[info] ExternalForce::RightGRF Data source being set to SRRun01_grf
[info] ExternalForce::LeftGRF Data source being set to SRRun01_grf
[info] Storage: read data file = SRRun01_grf.mot (nr=16005 nc=19)
[info] ExternalForce::RightGRF Data source being set to SRRun01_grf
[info] ExternalForce::LeftGRF Data source being set to SRRun01_grf
[info] Storage: read data file = SRRun01_grf.mot (nr=16005 nc=19)
[info] ExternalForce::RightGRF Data source being set to SRRun01_grf
[info] ExternalForce::LeftGRF Data source being set to SRRun01_grf
[info] Storage: read data file = SRRun01_grf.mot (nr=16005 nc=19)
[info] ExternalForce::RightGRF Data source being set to SRRun01_grf
[info] ExternalForce::LeftGRF Data source being set to SRRun01_grf
[info] Storage: read data file = SRRun01_grf.mot (nr=16005 nc=19)
[info] ExternalForce::RightGRF Data source being set to SRRun01_grf
[info] ExternalForce::LeftGRF Data source being set to SRRun01_grf
[info] Storage: read data file = SRRun01_grf.mot (nr=16005 nc=19)
[info] ExternalForce::RightGRF Data source being set to SRRun01_grf
[info] ExternalForce::LeftGRF Data source being set to SRRun01_grf
[info] Storage: read data file = SRRun01_grf.mot (nr=16005 nc=19)
[info] ExternalForce::RightGRF Data source being set to SRRun01_grf
[info] ExternalForce::LeftGRF Data source being set to SRRun01_grf
[info] Storage: read data file = SRRun01_grf.mot (nr=16005 nc=19)
[info] ExternalForce::RightGRF Data source being set to SRRun01_grf
[info] ExternalForce::LeftGRF Data source being set to SRRun01_grf
[info] Storage: read data file = SRRun01_grf.mot (nr=16005 nc=19)
[info] ExternalForce::RightGRF Data source being set to SRRun01_grf
[info] ExternalForce::LeftGRF Data source being set to SRRun01_grf
[info] Storage: read data file = SRRun01_grf.mot (nr=16005 nc=19)
[info] ExternalForce::RightGRF Data source being set to SRRun01_grf
[info] ExternalForce::LeftGRF Data source being set to SRRun01_grf
[info] Storage: read data file = SRRun01_grf.mot (nr=16005 nc=19)
[info] ExternalForce::RightGRF Data source being set to SRRun01_grf
[info] ExternalForce::LeftGRF Data source being set to SRRun01_grf
[info] Storage: read data file = SRRun01_grf.mot (nr=16005 nc=19)
[info] ExternalForce::RightGRF Data source being set to SRRun01_grf
[info] ExternalForce::LeftGRF Data source being set to SRRun01_grf
[info] Storage: read data file = SRRun01_grf.mot (nr=16005 nc=19)
[info] ExternalForce::RightGRF Data source being set to SRRun01_grf
[info] ExternalForce::LeftGRF Data source being set to SRRun01_grf
[info] Storage: read data file = SRRun01_grf.mot (nr=16005 nc=19)
[info] ExternalForce::RightGRF Data source being set to SRRun01_grf
[info] ExternalForce::LeftGRF Data source being set to SRRun01_grf
[info] Storage: read data file = SRRun01_grf.mot (nr=16005 nc=19)
[info] ExternalForce::RightGRF Data source being set to SRRun01_grf
[info] ExternalForce::LeftGRF Data source being set to SRRun01_grf
[info] Storage: read data file = SRRun01_grf.mot (nr=16005 nc=19)
[info] ExternalForce::RightGRF Data source being set to SRRun01_grf
[info] ExternalForce::LeftGRF Data source being set to SRRun01_grf
[info] Storage: read data file = SRRun01_grf.mot (nr=16005 nc=19)
[info] ExternalForce::RightGRF Data source being set to SRRun01_grf
[info] ExternalForce::LeftGRF Data source being set to SRRun01_grf
[info] Storage: read data file = SRRun01_grf.mot (nr=16005 nc=19)
[info] ExternalForce::RightGRF Data source being set to SRRun01_grf
[info] ExternalForce::LeftGRF Data source being set to SRRun01_grf
[info] Storage: read data file = SRRun01_grf.mot (nr=16005 nc=19)
[info] ExternalForce::RightGRF Data source being set to SRRun01_grf
[info] ExternalForce::LeftGRF Data source being set to SRRun01_grf
[info] Storage: read data file = SRRun01_grf.mot (nr=16005 nc=19)
[info] ExternalForce::RightGRF Data source being set to SRRun01_grf
[info] ExternalForce::LeftGRF Data source being set to SRRun01_grf
[info] ========================================================================
[info] MocoCasADiSolver starting.
[info] Tue Aug 11 13:00:02 2026
[info] ------------------------------------------------------------------------
[info] Costs: (total: 2)
[info]   marker_tracking. MocoMarkerTrackingGoal, enabled: true, mode: cost, weight: 10.0
[info]         allow unused references: 
[info]         tracked marker(s):
[info]             C7, weight: 1.0
[info]             T10, weight: 1.0
[info]             CLAV, weight: 1.0
[info]             LSHO, weight: 1.0
[info]             RSHO, weight: 1.0
[info]             LASIS, weight: 5.0
[info]             RASIS, weight: 5.0
[info]             LPSIS, weight: 5.0
[info]             RPSIS, weight: 5.0
[info]             LILCR, weight: 2.5
[info]             RILCR, weight: 2.5
[info]             LGTR, weight: 1.0
[info]             LTHI, weight: 5.0
[info]             LLTHI, weight: 5.0
[info]             LLEP, weight: 1.0
[info]             LPSH, weight: 5.0
[info]             LLSH, weight: 5.0
[info]             LDSH, weight: 5.0
[info]             LLMAL, weight: 1.0
[info]             LTOE, weight: 10.0
[info]             L5TH, weight: 10.0
[info]             LHEE, weight: 5.0
[info]             RGTR, weight: 1.0
[info]             RTHI, weight: 5.0
[info]             RLTHI, weight: 5.0
[info]             RLEP, weight: 1.0
[info]             RPSH, weight: 5.0
[info]             RLSH, weight: 5.0
[info]             RDSH, weight: 5.0
[info]             RLMAL, weight: 1.0
[info]             RTOE, weight: 10.0
[info]             R5TH, weight: 10.0
[info]             RHEE, weight: 5.0
[info]   control_effort. MocoControlGoal, enabled: true, mode: cost, weight: 1.0
[info]         control: /forceset/addbrev_r, weight: 1.0
[info]         control: /forceset/addlong_r, weight: 1.0
[info]         control: /forceset/addmagDist_r, weight: 1.0
[info]         control: /forceset/addmagIsch_r, weight: 1.0
[info]         control: /forceset/addmagMid_r, weight: 1.0
[info]         control: /forceset/addmagProx_r, weight: 1.0
[info]         control: /forceset/bflh_r, weight: 1.0
[info]         control: /forceset/bfsh_r, weight: 1.0
[info]         control: /forceset/edl_r, weight: 1.0
[info]         control: /forceset/ehl_r, weight: 1.0
[info]         control: /forceset/fdl_r, weight: 1.0
[info]         control: /forceset/fhl_r, weight: 1.0
[info]         control: /forceset/gaslat_r, weight: 1.0
[info]         control: /forceset/gasmed_r, weight: 1.0
[info]         control: /forceset/glmax1_r, weight: 1.0
[info]         control: /forceset/glmax2_r, weight: 1.0
[info]         control: /forceset/glmax3_r, weight: 1.0
[info]         control: /forceset/glmed1_r, weight: 1.0
[info]         control: /forceset/glmed2_r, weight: 1.0
[info]         control: /forceset/glmed3_r, weight: 1.0
[info]         control: /forceset/glmin1_r, weight: 1.0
[info]         control: /forceset/glmin2_r, weight: 1.0
[info]         control: /forceset/glmin3_r, weight: 1.0
[info]         control: /forceset/grac_r, weight: 1.0
[info]         control: /forceset/iliacus_r, weight: 1.0
[info]         control: /forceset/perbrev_r, weight: 1.0
[info]         control: /forceset/perlong_r, weight: 1.0
[info]         control: /forceset/piri_r, weight: 1.0
[info]         control: /forceset/psoas_r, weight: 1.0
[info]         control: /forceset/recfem_r, weight: 1.0
[info]         control: /forceset/sart_r, weight: 1.0
[info]         control: /forceset/semimem_r, weight: 1.0
[info]         control: /forceset/semiten_r, weight: 1.0
[info]         control: /forceset/soleus_r, weight: 1.0
[info]         control: /forceset/tfl_r, weight: 1.0
[info]         control: /forceset/tibant_r, weight: 1.0
[info]         control: /forceset/tibpost_r, weight: 1.0
[info]         control: /forceset/vasint_r, weight: 1.0
[info]         control: /forceset/vaslat_r, weight: 1.0
[info]         control: /forceset/vasmed_r, weight: 1.0
[info]         control: /forceset/pelvis_tx_residual, weight: 10.0
[info]         control: /forceset/pelvis_ty_residual, weight: 10.0
[info]         control: /forceset/pelvis_tz_residual, weight: 10.0
[info]         control: /forceset/pelvis_tilt_residual, weight: 10.0
[info]         control: /forceset/pelvis_list_residual, weight: 10.0
[info]         control: /forceset/pelvis_rotation_residual, weight: 10.0
[info]         control: /forceset/hip_flexion_r_reserve, weight: 5.0
[info]         control: /forceset/hip_adduction_r_reserve, weight: 5.0
[info]         control: /forceset/hip_rotation_r_reserve, weight: 5.0
[info]         control: /forceset/knee_angle_r_reserve, weight: 5.0
[info]         control: /forceset/ankle_angle_r_reserve, weight: 5.0
[info]         control: /forceset/subtalar_angle_r_reserve, weight: 5.0
[info]         control: /forceset/hip_flexion_l_torque, weight: 0.01
[info]         control: /forceset/hip_adduction_l_torque, weight: 0.01
[info]         control: /forceset/hip_rotation_l_torque, weight: 0.01
[info]         control: /forceset/knee_angle_l_torque, weight: 0.01
[info]         control: /forceset/ankle_angle_l_torque, weight: 0.01
[info]         control: /forceset/subtalar_angle_l_torque, weight: 0.01
[info] Endpoint constraints: (total: 1)
[info]   initial_activation. MocoInitialActivationGoal, enabled: true, mode: endpoint_constraint
[info] Kinematic constraints: (total: 2)
[info]   kinematic_constraint_cid20. MocoConstraintInfo. number of scalar equations: 3. bounds: 0, 0, 0
[info]   kinematic_constraint_cid21. MocoConstraintInfo. number of scalar equations: 3. bounds: 0, 0, 0
[info] Path constraints: none
[info] States: (total: 80)
[info]   /jointset/subtalar_l/subtalar_angle_l/speed. bounds: [-50, 50]
[info]   /jointset/patellofemoral_l/knee_angle_l_beta/speed. bounds: [-50, 50]
[info]   /jointset/walker_knee_l/knee_angle_l/speed. bounds: [-50, 50]
[info]   /jointset/hip_l/hip_adduction_l/speed. bounds: [-50, 50]
[info]   /jointset/hip_l/hip_flexion_l/speed. bounds: [-50, 50]
[info]   /jointset/subtalar_r/subtalar_angle_r/speed. bounds: [-50, 50]
[info]   /jointset/ankle_r/ankle_angle_r/speed. bounds: [-50, 50]
[info]   /jointset/patellofemoral_r/knee_angle_r_beta/speed. bounds: [-50, 50]
[info]   /jointset/patellofemoral_l/knee_angle_l_beta/value. bounds: [-99999.9, 99999.9]
[info]   /jointset/patellofemoral_r/knee_angle_r_beta/value. bounds: [-99999.9, 99999.9]
[info]   /jointset/ground_pelvis/pelvis_tx/speed. bounds: [-50, 50]
[info]   /jointset/ground_pelvis/pelvis_rotation/speed. bounds: [-50, 50]
[info]   /jointset/subtalar_l/subtalar_angle_l/value. bounds: [-0.501181, -0.0224744] initial: [-0.501131, -0.364357]
[info]   /jointset/ground_pelvis/pelvis_ty/speed. bounds: [-50, 50]
[info]   /jointset/ground_pelvis/pelvis_tilt/speed. bounds: [-50, 50]
[info]   /jointset/ankle_l/ankle_angle_l/value. bounds: [-0.610509, 0.48591] initial: [-0.29706, 0.0162026]
[info]   /jointset/hip_r/hip_adduction_r/speed. bounds: [-50, 50]
[info]   /jointset/hip_l/hip_rotation_l/value. bounds: [-0.21383, 0.0269935] initial: [-0.0599274, 0.00887937]
[info]   /jointset/hip_l/hip_flexion_l/value. bounds: [-0.436669, 0.745623] initial: [0.340582, 0.67838]
[info]   /jointset/subtalar_r/subtalar_angle_r/value. bounds: [-0.614122, 0.0385872] initial: [-0.209599, -0.0231107]
[info]   /jointset/ground_pelvis/pelvis_tz/speed. bounds: [-50, 50]
[info]   /jointset/hip_r/hip_rotation_r/value. bounds: [-0.177037, 0.151583] initial: [-0.0697242, 0.0241673]
[info]   /jointset/ground_pelvis/pelvis_tz/value. bounds: [-1.01973, -0.959527] initial: [-1.00968, -0.992477]
[info]   /jointset/ground_pelvis/pelvis_rotation/value. bounds: [1.35826, 1.5708] initial: [1.50091, 1.57008]
[info]   /jointset/walker_knee_l/knee_angle_l/value. bounds: [0, 1.92824] initial: [0.927248, 1.50964]
[info]   /jointset/ground_pelvis/pelvis_list/value. bounds: [-0.208697, -0.00103023] initial: [-0.118371, -0.0590373]
[info]   /jointset/ground_pelvis/pelvis_tilt/value. bounds: [-0.139285, 0.0896125] initial: [-0.0576372, 0.0077621]
[info]   /forceset/vasmed_r/activation. bounds: [0.01, 1]
[info]   /forceset/vaslat_r/activation. bounds: [0.01, 1]
[info]   /forceset/vasint_r/activation. bounds: [0.01, 1]
[info]   /forceset/soleus_r/activation. bounds: [0.01, 1]
[info]   /jointset/ground_pelvis/pelvis_ty/value. bounds: [0.925586, 1.06047] initial: [0.979105, 1.01764]
[info]   /forceset/semiten_r/activation. bounds: [0.01, 1]
[info]   /forceset/semimem_r/activation. bounds: [0.01, 1]
[info]   /jointset/ground_pelvis/pelvis_list/speed. bounds: [-50, 50]
[info]   /forceset/recfem_r/activation. bounds: [0.01, 1]
[info]   /jointset/ankle_r/ankle_angle_r/value. bounds: [-0.698132, 0.541429] initial: [-0.224391, 0.13473]
[info]   /forceset/psoas_r/activation. bounds: [0.01, 1]
[info]   /jointset/walker_knee_r/knee_angle_r/speed. bounds: [-50, 50]
[info]   /jointset/hip_l/hip_adduction_l/value. bounds: [-0.173666, 0.170899] initial: [-0.067402, 0.0310452]
[info]   /forceset/tibpost_r/activation. bounds: [0.01, 1]
[info]   /forceset/perlong_r/activation. bounds: [0.01, 1]
[info]   /forceset/perbrev_r/activation. bounds: [0.01, 1]
[info]   /jointset/hip_r/hip_rotation_r/speed. bounds: [-50, 50]
[info]   /jointset/hip_r/hip_flexion_r/speed. bounds: [-50, 50]
[info]   /forceset/iliacus_r/activation. bounds: [0.01, 1]
[info]   /forceset/sart_r/activation. bounds: [0.01, 1]
[info]   /forceset/grac_r/activation. bounds: [0.01, 1]
[info]   /forceset/glmin3_r/activation. bounds: [0.01, 1]
[info]   /jointset/ankle_l/ankle_angle_l/speed. bounds: [-50, 50]
[info]   /forceset/glmin2_r/activation. bounds: [0.01, 1]
[info]   /jointset/walker_knee_r/knee_angle_r/value. bounds: [0, 2.0944] initial: [0, 0.616877]
[info]   /forceset/glmin1_r/activation. bounds: [0.01, 1]
[info]   /forceset/glmed3_r/activation. bounds: [0.01, 1]
[info]   /forceset/glmed1_r/activation. bounds: [0.01, 1]
[info]   /forceset/piri_r/activation. bounds: [0.01, 1]
[info]   /forceset/glmax3_r/activation. bounds: [0.01, 1]
[info]   /forceset/glmax2_r/activation. bounds: [0.01, 1]
[info]   /forceset/tfl_r/activation. bounds: [0.01, 1]
[info]   /forceset/glmax1_r/activation. bounds: [0.01, 1]
[info]   /forceset/gasmed_r/activation. bounds: [0.01, 1]
[info]   /forceset/gaslat_r/activation. bounds: [0.01, 1]
[info]   /forceset/fhl_r/activation. bounds: [0.01, 1]
[info]   /forceset/fdl_r/activation. bounds: [0.01, 1]
[info]   /forceset/ehl_r/activation. bounds: [0.01, 1]
[info]   /forceset/tibant_r/activation. bounds: [0.01, 1]
[info]   /forceset/edl_r/activation. bounds: [0.01, 1]
[info]   /jointset/hip_r/hip_flexion_r/value. bounds: [-0.475467, 0.88904] initial: [-0.337983, 0.0518763]
[info]   /jointset/ground_pelvis/pelvis_tx/value. bounds: [0.793121, 0.820298] initial: [0.803093, 0.810858]
[info]   /forceset/bfsh_r/activation. bounds: [0.01, 1]
[info]   /forceset/bflh_r/activation. bounds: [0.01, 1]
[info]   /forceset/addmagProx_r/activation. bounds: [0.01, 1]
[info]   /jointset/hip_l/hip_rotation_l/speed. bounds: [-50, 50]
[info]   /jointset/hip_r/hip_adduction_r/value. bounds: [-0.237796, 0.118515] initial: [-0.0920084, 0.00979495]
[info]   /forceset/addmagMid_r/activation. bounds: [0.01, 1]
[info]   /forceset/glmed2_r/activation. bounds: [0.01, 1]
[info]   /forceset/addmagIsch_r/activation. bounds: [0.01, 1]
[info]   /forceset/addmagDist_r/activation. bounds: [0.01, 1]
[info]   /forceset/addlong_r/activation. bounds: [0.01, 1]
[info]   /forceset/addbrev_r/activation. bounds: [0.01, 1]
[info] Controls: (total: 58)
[info]   /forceset/subtalar_angle_l_torque. bounds: [-inf, inf]
[info]   /forceset/ankle_angle_l_torque. bounds: [-inf, inf]
[info]   /forceset/knee_angle_l_torque. bounds: [-inf, inf]
[info]   /forceset/hip_rotation_l_torque. bounds: [-inf, inf]
[info]   /forceset/subtalar_angle_r_reserve. bounds: [-inf, inf]
[info]   /forceset/hip_rotation_r_reserve. bounds: [-inf, inf]
[info]   /forceset/knee_angle_r_reserve. bounds: [-inf, inf]
[info]   /forceset/pelvis_rotation_residual. bounds: [-inf, inf]
[info]   /forceset/pelvis_list_residual. bounds: [-inf, inf]
[info]   /forceset/pelvis_tz_residual. bounds: [-inf, inf]
[info]   /forceset/pelvis_tx_residual. bounds: [-inf, inf]
[info]   /forceset/psoas_r. bounds: [0.001, 1]
[info]   /forceset/perlong_r. bounds: [0.001, 1]
[info]   /forceset/glmed3_r. bounds: [0.001, 1]
[info]   /forceset/perbrev_r. bounds: [0.001, 1]
[info]   /forceset/iliacus_r. bounds: [0.001, 1]
[info]   /forceset/grac_r. bounds: [0.001, 1]
[info]   /forceset/vasint_r. bounds: [0.001, 1]
[info]   /forceset/hip_flexion_l_torque. bounds: [-inf, inf]
[info]   /forceset/glmin3_r. bounds: [0.001, 1]
[info]   /forceset/bfsh_r. bounds: [0.001, 1]
[info]   /forceset/glmin2_r. bounds: [0.001, 1]
[info]   /forceset/glmax3_r. bounds: [0.001, 1]
[info]   /forceset/ankle_angle_r_reserve. bounds: [-inf, inf]
[info]   /forceset/glmin1_r. bounds: [0.001, 1]
[info]   /forceset/glmed2_r. bounds: [0.001, 1]
[info]   /forceset/fhl_r. bounds: [0.001, 1]
[info]   /forceset/piri_r. bounds: [0.001, 1]
[info]   /forceset/addlong_r. bounds: [0.001, 1]
[info]   /forceset/addmagProx_r. bounds: [0.001, 1]
[info]   /forceset/gaslat_r. bounds: [0.001, 1]
[info]   /forceset/addmagDist_r. bounds: [0.001, 1]
[info]   /forceset/pelvis_tilt_residual. bounds: [-inf, inf]
[info]   /forceset/glmax1_r. bounds: [0.001, 1]
[info]   /forceset/edl_r. bounds: [0.001, 1]
[info]   /forceset/hip_adduction_l_torque. bounds: [-inf, inf]
[info]   /forceset/addmagIsch_r. bounds: [0.001, 1]
[info]   /forceset/bflh_r. bounds: [0.001, 1]
[info]   /forceset/pelvis_ty_residual. bounds: [-inf, inf]
[info]   /forceset/addmagMid_r. bounds: [0.001, 1]
[info]   /forceset/hip_adduction_r_reserve. bounds: [-inf, inf]
[info]   /forceset/hip_flexion_r_reserve. bounds: [-inf, inf]
[info]   /forceset/gasmed_r. bounds: [0.001, 1]
[info]   /forceset/ehl_r. bounds: [0.001, 1]
[info]   /forceset/glmed1_r. bounds: [0.001, 1]
[info]   /forceset/glmax2_r. bounds: [0.001, 1]
[info]   /forceset/vasmed_r. bounds: [0.001, 1]
[info]   /forceset/addbrev_r. bounds: [0.001, 1]
[info]   /forceset/semiten_r. bounds: [0.001, 1]
[info]   /forceset/fdl_r. bounds: [0.001, 1]
[info]   /forceset/recfem_r. bounds: [0.001, 1]
[info]   /forceset/tibpost_r. bounds: [0.001, 1]
[info]   /forceset/sart_r. bounds: [0.001, 1]
[info]   /forceset/semimem_r. bounds: [0.001, 1]
[info]   /forceset/soleus_r. bounds: [0.001, 1]
[info]   /forceset/tfl_r. bounds: [0.001, 1]
[info]   /forceset/tibant_r. bounds: [0.001, 1]
[info]   /forceset/vaslat_r. bounds: [0.001, 1]
[info] Input controls: none
[info] Parameters: none
[info] Storage: read data file = SRRun01_grf.mot (nr=16005 nc=19)
[info] ExternalForce::RightGRF Data source being set to SRRun01_grf
[info] ExternalForce::LeftGRF Data source being set to SRRun01_grf
[info] Storage: read data file = SRRun01_grf.mot (nr=16005 nc=19)
[info] ExternalForce::RightGRF Data source being set to SRRun01_grf
[info] ExternalForce::LeftGRF Data source being set to SRRun01_grf
[info] Storage: read data file = SRRun01_grf.mot (nr=16005 nc=19)
[info] ExternalForce::RightGRF Data source being set to SRRun01_grf
[info] ExternalForce::LeftGRF Data source being set to SRRun01_grf
[info] Storage: read data file = SRRun01_grf.mot (nr=16005 nc=19)
[info] ExternalForce::RightGRF Data source being set to SRRun01_grf
[info] ExternalForce::LeftGRF Data source being set to SRRun01_grf
[info] Storage: read data file = SRRun01_grf.mot (nr=16005 nc=19)
[info] ExternalForce::RightGRF Data source being set to SRRun01_grf
[info] ExternalForce::LeftGRF Data source being set to SRRun01_grf
[info] Storage: read data file = SRRun01_grf.mot (nr=16005 nc=19)
[info] ExternalForce::RightGRF Data source being set to SRRun01_grf
[info] ExternalForce::LeftGRF Data source being set to SRRun01_grf
[info] Storage: read data file = SRRun01_grf.mot (nr=16005 nc=19)
[info] ExternalForce::RightGRF Data source being set to SRRun01_grf
[info] ExternalForce::LeftGRF Data source being set to SRRun01_grf
[info] Storage: read data file = SRRun01_grf.mot (nr=16005 nc=19)
[info] ExternalForce::RightGRF Data source being set to SRRun01_grf
[info] ExternalForce::LeftGRF Data source being set to SRRun01_grf
[info] Storage: read data file = SRRun01_grf.mot (nr=16005 nc=19)
[info] ExternalForce::RightGRF Data source being set to SRRun01_grf
[info] ExternalForce::LeftGRF Data source being set to SRRun01_grf
[info] Storage: read data file = SRRun01_grf.mot (nr=16005 nc=19)
[info] ExternalForce::RightGRF Data source being set to SRRun01_grf
[info] ExternalForce::LeftGRF Data source being set to SRRun01_grf
[info] Storage: read data file = SRRun01_grf.mot (nr=16005 nc=19)
[info] ExternalForce::RightGRF Data source being set to SRRun01_grf
[info] ExternalForce::LeftGRF Data source being set to SRRun01_grf
[info] Storage: read data file = SRRun01_grf.mot (nr=16005 nc=19)
[info] ExternalForce::RightGRF Data source being set to SRRun01_grf
[info] ExternalForce::LeftGRF Data source being set to SRRun01_grf
[info] Storage: read data file = SRRun01_grf.mot (nr=16005 nc=19)
[info] ExternalForce::RightGRF Data source being set to SRRun01_grf
[info] ExternalForce::LeftGRF Data source being set to SRRun01_grf
[info] Storage: read data file = SRRun01_grf.mot (nr=16005 nc=19)
[info] ExternalForce::RightGRF Data source being set to SRRun01_grf
[info] ExternalForce::LeftGRF Data source being set to SRRun01_grf
[info] Storage: read data file = SRRun01_grf.mot (nr=16005 nc=19)
[info] ExternalForce::RightGRF Data source being set to SRRun01_grf
[info] ExternalForce::LeftGRF Data source being set to SRRun01_grf
[info] Storage: read data file = SRRun01_grf.mot (nr=16005 nc=19)
[info] ExternalForce::RightGRF Data source being set to SRRun01_grf
[info] ExternalForce::LeftGRF Data source being set to SRRun01_grf
[info] Storage: read data file = SRRun01_grf.mot (nr=16005 nc=19)
[info] ExternalForce::RightGRF Data source being set to SRRun01_grf
[info] ExternalForce::LeftGRF Data source being set to SRRun01_grf
[info] Storage: read data file = SRRun01_grf.mot (nr=16005 nc=19)
[info] ExternalForce::RightGRF Data source being set to SRRun01_grf
[info] ExternalForce::LeftGRF Data source being set to SRRun01_grf
[info] Storage: read data file = SRRun01_grf.mot (nr=16005 nc=19)
[info] ExternalForce::RightGRF Data source being set to SRRun01_grf
[info] ExternalForce::LeftGRF Data source being set to SRRun01_grf
[info] Storage: read data file = SRRun01_grf.mot (nr=16005 nc=19)
[info] ExternalForce::RightGRF Data source being set to SRRun01_grf
[info] ExternalForce::LeftGRF Data source being set to SRRun01_grf
[info] Storage: read data file = SRRun01_grf.mot (nr=16005 nc=19)
[info] ExternalForce::RightGRF Data source being set to SRRun01_grf
[info] ExternalForce::LeftGRF Data source being set to SRRun01_grf
[info] Storage: read data file = SRRun01_grf.mot (nr=16005 nc=19)
[info] ExternalForce::RightGRF Data source being set to SRRun01_grf
[info] ExternalForce::LeftGRF Data source being set to SRRun01_grf
[info] Storage: read data file = SRRun01_grf.mot (nr=16005 nc=19)
[info] ExternalForce::RightGRF Data source being set to SRRun01_grf
[info] ExternalForce::LeftGRF Data source being set to SRRun01_grf
[info] Storage: read data file = SRRun01_grf.mot (nr=16005 nc=19)
[info] ExternalForce::RightGRF Data source being set to SRRun01_grf
[info] ExternalForce::LeftGRF Data source being set to SRRun01_grf
[info] Storage: read data file = SRRun01_grf.mot (nr=16005 nc=19)
[info] ExternalForce::RightGRF Data source being set to SRRun01_grf
[info] ExternalForce::LeftGRF Data source being set to SRRun01_grf
[info] Storage: read data file = SRRun01_grf.mot (nr=16005 nc=19)
[info] ExternalForce::RightGRF Data source being set to SRRun01_grf
[info] ExternalForce::LeftGRF Data source being set to SRRun01_grf
[info] Storage: read data file = SRRun01_grf.mot (nr=16005 nc=19)
[info] ExternalForce::RightGRF Data source being set to SRRun01_grf
[info] ExternalForce::LeftGRF Data source being set to SRRun01_grf
[info] Storage: read data file = SRRun01_grf.mot (nr=16005 nc=19)
[info] ExternalForce::RightGRF Data source being set to SRRun01_grf
[info] ExternalForce::LeftGRF Data source being set to SRRun01_grf
[info] Storage: read data file = SRRun01_grf.mot (nr=16005 nc=19)
[info] ExternalForce::RightGRF Data source being set to SRRun01_grf
[info] ExternalForce::LeftGRF Data source being set to SRRun01_grf
[info] Storage: read data file = SRRun01_grf.mot (nr=16005 nc=19)
[info] ExternalForce::RightGRF Data source being set to SRRun01_grf
[info] ExternalForce::LeftGRF Data source being set to SRRun01_grf
[info] Storage: read data file = SRRun01_grf.mot (nr=16005 nc=19)
[info] ExternalForce::RightGRF Data source being set to SRRun01_grf
[info] ExternalForce::LeftGRF Data source being set to SRRun01_grf
[info] Storage: read data file = SRRun01_grf.mot (nr=16005 nc=19)
[info] ExternalForce::RightGRF Data source being set to SRRun01_grf
[info] ExternalForce::LeftGRF Data source being set to SRRun01_grf
[info] Storage: read data file = SRRun01_grf.mot (nr=16005 nc=19)
[info] ExternalForce::RightGRF Data source being set to SRRun01_grf
[info] ExternalForce::LeftGRF Data source being set to SRRun01_grf
[info] Storage: read data file = SRRun01_grf.mot (nr=16005 nc=19)
[info] ExternalForce::RightGRF Data source being set to SRRun01_grf
[info] ExternalForce::LeftGRF Data source being set to SRRun01_grf
[info] Storage: read data file = SRRun01_grf.mot (nr=16005 nc=19)
[info] ExternalForce::RightGRF Data source being set to SRRun01_grf
[info] ExternalForce::LeftGRF Data source being set to SRRun01_grf
[info] Storage: read data file = SRRun01_grf.mot (nr=16005 nc=19)
[info] ExternalForce::RightGRF Data source being set to SRRun01_grf
[info] ExternalForce::LeftGRF Data source being set to SRRun01_grf
[info] Storage: read data file = SRRun01_grf.mot (nr=16005 nc=19)
[info] ExternalForce::RightGRF Data source being set to SRRun01_grf
[info] ExternalForce::LeftGRF Data source being set to SRRun01_grf
[info] Storage: read data file = SRRun01_grf.mot (nr=16005 nc=19)
[info] ExternalForce::RightGRF Data source being set to SRRun01_grf
[info] ExternalForce::LeftGRF Data source being set to SRRun01_grf
[info] Storage: read data file = SRRun01_grf.mot (nr=16005 nc=19)
[info] ExternalForce::RightGRF Data source being set to SRRun01_grf
[info] ExternalForce::LeftGRF Data source being set to SRRun01_grf
[info] Storage: read data file = SRRun01_grf.mot (nr=16005 nc=19)
[info] ExternalForce::RightGRF Data source being set to SRRun01_grf
[info] ExternalForce::LeftGRF Data source being set to SRRun01_grf
[info] Storage: read data file = SRRun01_grf.mot (nr=16005 nc=19)
[info] ExternalForce::RightGRF Data source being set to SRRun01_grf
[info] ExternalForce::LeftGRF Data source being set to SRRun01_grf
[info] Storage: read data file = SRRun01_grf.mot (nr=16005 nc=19)
[info] ExternalForce::RightGRF Data source being set to SRRun01_grf
[info] ExternalForce::LeftGRF Data source being set to SRRun01_grf
[info] Storage: read data file = SRRun01_grf.mot (nr=16005 nc=19)
[info] ExternalForce::RightGRF Data source being set to SRRun01_grf
[info] ExternalForce::LeftGRF Data source being set to SRRun01_grf
[info] Storage: read data file = SRRun01_grf.mot (nr=16005 nc=19)
[info] ExternalForce::RightGRF Data source being set to SRRun01_grf
[info] ExternalForce::LeftGRF Data source being set to SRRun01_grf
[info] Storage: read data file = SRRun01_grf.mot (nr=16005 nc=19)
[info] ExternalForce::RightGRF Data source being set to SRRun01_grf
[info] ExternalForce::LeftGRF Data source being set to SRRun01_grf
[info] Storage: read data file = SRRun01_grf.mot (nr=16005 nc=19)
[info] ExternalForce::RightGRF Data source being set to SRRun01_grf
[info] ExternalForce::LeftGRF Data source being set to SRRun01_grf
[info] Storage: read data file = SRRun01_grf.mot (nr=16005 nc=19)
[info] ExternalForce::RightGRF Data source being set to SRRun01_grf
[info] ExternalForce::LeftGRF Data source being set to SRRun01_grf
[info] Storage: read data file = SRRun01_grf.mot (nr=16005 nc=19)
[info] ExternalForce::RightGRF Data source being set to SRRun01_grf
[info] ExternalForce::LeftGRF Data source being set to SRRun01_grf
[info] Storage: read data file = SRRun01_grf.mot (nr=16005 nc=19)
[info] ExternalForce::RightGRF Data source being set to SRRun01_grf
[info] ExternalForce::LeftGRF Data source being set to SRRun01_grf
[info] Storage: read data file = SRRun01_grf.mot (nr=16005 nc=19)
[info] ExternalForce::RightGRF Data source being set to SRRun01_grf
[info] ExternalForce::LeftGRF Data source being set to SRRun01_grf
[info] Storage: read data file = SRRun01_grf.mot (nr=16005 nc=19)
[info] ExternalForce::RightGRF Data source being set to SRRun01_grf
[info] ExternalForce::LeftGRF Data source being set to SRRun01_grf
[info] Storage: read data file = SRRun01_grf.mot (nr=16005 nc=19)
[info] ExternalForce::RightGRF Data source being set to SRRun01_grf
[info] ExternalForce::LeftGRF Data source being set to SRRun01_grf
[info] Storage: read data file = SRRun01_grf.mot (nr=16005 nc=19)
[info] ExternalForce::RightGRF Data source being set to SRRun01_grf
[info] ExternalForce::LeftGRF Data source being set to SRRun01_grf
[info] Storage: read data file = SRRun01_grf.mot (nr=16005 nc=19)
[info] ExternalForce::RightGRF Data source being set to SRRun01_grf
[info] ExternalForce::LeftGRF Data source being set to SRRun01_grf
[info] Storage: read data file = SRRun01_grf.mot (nr=16005 nc=19)
[info] ExternalForce::RightGRF Data source being set to SRRun01_grf
[info] ExternalForce::LeftGRF Data source being set to SRRun01_grf
[info] Storage: read data file = SRRun01_grf.mot (nr=16005 nc=19)
[info] ExternalForce::RightGRF Data source being set to SRRun01_grf
[info] ExternalForce::LeftGRF Data source being set to SRRun01_grf
[info] Storage: read data file = SRRun01_grf.mot (nr=16005 nc=19)
[info] ExternalForce::RightGRF Data source being set to SRRun01_grf
[info] ExternalForce::LeftGRF Data source being set to SRRun01_grf
[info] Storage: read data file = SRRun01_grf.mot (nr=16005 nc=19)
[info] ExternalForce::RightGRF Data source being set to SRRun01_grf
[info] ExternalForce::LeftGRF Data source being set to SRRun01_grf
[info] Storage: read data file = SRRun01_grf.mot (nr=16005 nc=19)
[info] ExternalForce::RightGRF Data source being set to SRRun01_grf
[info] ExternalForce::LeftGRF Data source being set to SRRun01_grf
[info] Storage: read data file = SRRun01_grf.mot (nr=16005 nc=19)
[info] ExternalForce::RightGRF Data source being set to SRRun01_grf
[info] ExternalForce::LeftGRF Data source being set to SRRun01_grf
[info] Storage: read data file = SRRun01_grf.mot (nr=16005 nc=19)
[info] ExternalForce::RightGRF Data source being set to SRRun01_grf
[info] ExternalForce::LeftGRF Data source being set to SRRun01_grf
[info] Storage: read data file = SRRun01_grf.mot (nr=16005 nc=19)
[info] ExternalForce::RightGRF Data source being set to SRRun01_grf
[info] ExternalForce::LeftGRF Data source being set to SRRun01_grf
[info] Storage: read data file = SRRun01_grf.mot (nr=16005 nc=19)
[info] ExternalForce::RightGRF Data source being set to SRRun01_grf
[info] ExternalForce::LeftGRF Data source being set to SRRun01_grf
[info] Storage: read data file = SRRun01_grf.mot (nr=16005 nc=19)
[info] ExternalForce::RightGRF Data source being set to SRRun01_grf
[info] ExternalForce::LeftGRF Data source being set to SRRun01_grf
[info] Storage: read data file = SRRun01_grf.mot (nr=16005 nc=19)
[info] ExternalForce::RightGRF Data source being set to SRRun01_grf
[info] ExternalForce::LeftGRF Data source being set to SRRun01_grf
[info] Storage: read data file = SRRun01_grf.mot (nr=16005 nc=19)
[info] ExternalForce::RightGRF Data source being set to SRRun01_grf
[info] ExternalForce::LeftGRF Data source being set to SRRun01_grf
[info] Storage: read data file = SRRun01_grf.mot (nr=16005 nc=19)
[info] ExternalForce::RightGRF Data source being set to SRRun01_grf
[info] ExternalForce::LeftGRF Data source being set to SRRun01_grf
[info] Storage: read data file = SRRun01_grf.mot (nr=16005 nc=19)
[info] ExternalForce::RightGRF Data source being set to SRRun01_grf
[info] ExternalForce::LeftGRF Data source being set to SRRun01_grf
[info] Storage: read data file = SRRun01_grf.mot (nr=16005 nc=19)
[info] ExternalForce::RightGRF Data source being set to SRRun01_grf
[info] ExternalForce::LeftGRF Data source being set to SRRun01_grf
[info] Storage: read data file = SRRun01_grf.mot (nr=16005 nc=19)
[info] ExternalForce::RightGRF Data source being set to SRRun01_grf
[info] ExternalForce::LeftGRF Data source being set to SRRun01_grf
[info] Storage: read data file = SRRun01_grf.mot (nr=16005 nc=19)
[info] ExternalForce::RightGRF Data source being set to SRRun01_grf
[info] ExternalForce::LeftGRF Data source being set to SRRun01_grf
[info] Storage: read data file = SRRun01_grf.mot (nr=16005 nc=19)
[info] ExternalForce::RightGRF Data source being set to SRRun01_grf
[info] ExternalForce::LeftGRF Data source being set to SRRun01_grf
[info] Storage: read data file = SRRun01_grf.mot (nr=16005 nc=19)
[info] ExternalForce::RightGRF Data source being set to SRRun01_grf
[info] ExternalForce::LeftGRF Data source being set to SRRun01_grf
[info] Storage: read data file = SRRun01_grf.mot (nr=16005 nc=19)
[info] ExternalForce::RightGRF Data source being set to SRRun01_grf
[info] ExternalForce::LeftGRF Data source being set to SRRun01_grf
[info] Storage: read data file = SRRun01_grf.mot (nr=16005 nc=19)
[info] ExternalForce::RightGRF Data source being set to SRRun01_grf
[info] ExternalForce::LeftGRF Data source being set to SRRun01_grf
[info] Storage: read data file = SRRun01_grf.mot (nr=16005 nc=19)
[info] ExternalForce::RightGRF Data source being set to SRRun01_grf
[info] ExternalForce::LeftGRF Data source being set to SRRun01_grf
[info] Storage: read data file = SRRun01_grf.mot (nr=16005 nc=19)
[info] ExternalForce::RightGRF Data source being set to SRRun01_grf
[info] ExternalForce::LeftGRF Data source being set to SRRun01_grf
[info] Storage: read data file = SRRun01_grf.mot (nr=16005 nc=19)
[info] ExternalForce::RightGRF Data source being set to SRRun01_grf
[info] ExternalForce::LeftGRF Data source being set to SRRun01_grf
[info] Storage: read data file = SRRun01_grf.mot (nr=16005 nc=19)
[info] ExternalForce::RightGRF Data source being set to SRRun01_grf
[info] ExternalForce::LeftGRF Data source being set to SRRun01_grf
[info] Storage: read data file = SRRun01_grf.mot (nr=16005 nc=19)
[info] ExternalForce::RightGRF Data source being set to SRRun01_grf
[info] ExternalForce::LeftGRF Data source being set to SRRun01_grf
[info] Storage: read data file = SRRun01_grf.mot (nr=16005 nc=19)
[info] ExternalForce::RightGRF Data source being set to SRRun01_grf
[info] ExternalForce::LeftGRF Data source being set to SRRun01_grf
[info] Storage: read data file = SRRun01_grf.mot (nr=16005 nc=19)
[info] ExternalForce::RightGRF Data source being set to SRRun01_grf
[info] ExternalForce::LeftGRF Data source being set to SRRun01_grf
[info] Storage: read data file = SRRun01_grf.mot (nr=16005 nc=19)
[info] ExternalForce::RightGRF Data source being set to SRRun01_grf
[info] ExternalForce::LeftGRF Data source being set to SRRun01_grf
[info] Storage: read data file = SRRun01_grf.mot (nr=16005 nc=19)
[info] ExternalForce::RightGRF Data source being set to SRRun01_grf
[info] ExternalForce::LeftGRF Data source being set to SRRun01_grf
[info] Storage: read data file = SRRun01_grf.mot (nr=16005 nc=19)
[info] ExternalForce::RightGRF Data source being set to SRRun01_grf
[info] ExternalForce::LeftGRF Data source being set to SRRun01_grf
[info] Storage: read data file = SRRun01_grf.mot (nr=16005 nc=19)
[info] ExternalForce::RightGRF Data source being set to SRRun01_grf
[info] ExternalForce::LeftGRF Data source being set to SRRun01_grf
[info] Storage: read data file = SRRun01_grf.mot (nr=16005 nc=19)
[info] ExternalForce::RightGRF Data source being set to SRRun01_grf
[info] ExternalForce::LeftGRF Data source being set to SRRun01_grf
[info] Storage: read data file = SRRun01_grf.mot (nr=16005 nc=19)
[info] ExternalForce::RightGRF Data source being set to SRRun01_grf
[info] ExternalForce::LeftGRF Data source being set to SRRun01_grf
[info] Storage: read data file = SRRun01_grf.mot (nr=16005 nc=19)
[info] ExternalForce::RightGRF Data source being set to SRRun01_grf
[info] ExternalForce::LeftGRF Data source being set to SRRun01_grf
[info] Storage: read data file = SRRun01_grf.mot (nr=16005 nc=19)
[info] ExternalForce::RightGRF Data source being set to SRRun01_grf
[info] ExternalForce::LeftGRF Data source being set to SRRun01_grf
[info] Storage: read data file = SRRun01_grf.mot (nr=16005 nc=19)
[info] ExternalForce::RightGRF Data source being set to SRRun01_grf
[info] ExternalForce::LeftGRF Data source being set to SRRun01_grf
[info] Storage: read data file = SRRun01_grf.mot (nr=16005 nc=19)
[info] ExternalForce::RightGRF Data source being set to SRRun01_grf
[info] ExternalForce::LeftGRF Data source being set to SRRun01_grf
[info] Storage: read data file = SRRun01_grf.mot (nr=16005 nc=19)
[info] ExternalForce::RightGRF Data source being set to SRRun01_grf
[info] ExternalForce::LeftGRF Data source being set to SRRun01_grf
[info] Storage: read data file = SRRun01_grf.mot (nr=16005 nc=19)
[info] ExternalForce::RightGRF Data source being set to SRRun01_grf
[info] ExternalForce::LeftGRF Data source being set to SRRun01_grf
[info] Storage: read data file = SRRun01_grf.mot (nr=16005 nc=19)
[info] ExternalForce::RightGRF Data source being set to SRRun01_grf
[info] ExternalForce::LeftGRF Data source being set to SRRun01_grf
[info] Storage: read data file = SRRun01_grf.mot (nr=16005 nc=19)
[info] ExternalForce::RightGRF Data source being set to SRRun01_grf
[info] ExternalForce::LeftGRF Data source being set to SRRun01_grf
[info] Storage: read data file = SRRun01_grf.mot (nr=16005 nc=19)
[info] ExternalForce::RightGRF Data source being set to SRRun01_grf
[info] ExternalForce::LeftGRF Data source being set to SRRun01_grf
[info] Storage: read data file = SRRun01_grf.mot (nr=16005 nc=19)
[info] ExternalForce::RightGRF Data source being set to SRRun01_grf
[info] ExternalForce::LeftGRF Data source being set to SRRun01_grf
[info] Storage: read data file = SRRun01_grf.mot (nr=16005 nc=19)
[info] ExternalForce::RightGRF Data source being set to SRRun01_grf
[info] ExternalForce::LeftGRF Data source being set to SRRun01_grf
[info] Storage: read data file = SRRun01_grf.mot (nr=16005 nc=19)
[info] ExternalForce::RightGRF Data source being set to SRRun01_grf
[info] ExternalForce::LeftGRF Data source being set to SRRun01_grf
[info] Storage: read data file = SRRun01_grf.mot (nr=16005 nc=19)
[info] ExternalForce::RightGRF Data source being set to SRRun01_grf
[info] ExternalForce::LeftGRF Data source being set to SRRun01_grf
[info] Storage: read data file = SRRun01_grf.mot (nr=16005 nc=19)
[info] ExternalForce::RightGRF Data source being set to SRRun01_grf
[info] ExternalForce::LeftGRF Data source being set to SRRun01_grf
[info] Storage: read data file = SRRun01_grf.mot (nr=16005 nc=19)
[info] ExternalForce::RightGRF Data source being set to SRRun01_grf
[info] ExternalForce::LeftGRF Data source being set to SRRun01_grf
[info] Storage: read data file = SRRun01_grf.mot (nr=16005 nc=19)
[info] ExternalForce::RightGRF Data source being set to SRRun01_grf
[info] ExternalForce::LeftGRF Data source being set to SRRun01_grf
[info] Storage: read data file = SRRun01_grf.mot (nr=16005 nc=19)
[info] ExternalForce::RightGRF Data source being set to SRRun01_grf
[info] ExternalForce::LeftGRF Data source being set to SRRun01_grf
[info] Storage: read data file = SRRun01_grf.mot (nr=16005 nc=19)
[info] ExternalForce::RightGRF Data source being set to SRRun01_grf
[info] ExternalForce::LeftGRF Data source being set to SRRun01_grf
[info] Storage: read data file = SRRun01_grf.mot (nr=16005 nc=19)
[info] ExternalForce::RightGRF Data source being set to SRRun01_grf
[info] ExternalForce::LeftGRF Data source being set to SRRun01_grf
[info] Storage: read data file = SRRun01_grf.mot (nr=16005 nc=19)
[info] ExternalForce::RightGRF Data source being set to SRRun01_grf
[info] ExternalForce::LeftGRF Data source being set to SRRun01_grf
[info] Storage: read data file = SRRun01_grf.mot (nr=16005 nc=19)
[info] ExternalForce::RightGRF Data source being set to SRRun01_grf
[info] ExternalForce::LeftGRF Data source being set to SRRun01_grf
[info] Storage: read data file = SRRun01_grf.mot (nr=16005 nc=19)
[info] ExternalForce::RightGRF Data source being set to SRRun01_grf
[info] ExternalForce::LeftGRF Data source being set to SRRun01_grf
[info] Storage: read data file = SRRun01_grf.mot (nr=16005 nc=19)
[info] ExternalForce::RightGRF Data source being set to SRRun01_grf
[info] ExternalForce::LeftGRF Data source being set to SRRun01_grf
[info] Storage: read data file = SRRun01_grf.mot (nr=16005 nc=19)
[info] ExternalForce::RightGRF Data source being set to SRRun01_grf
[info] ExternalForce::LeftGRF Data source being set to SRRun01_grf
[info] Storage: read data file = SRRun01_grf.mot (nr=16005 nc=19)
[info] ExternalForce::RightGRF Data source being set to SRRun01_grf
[info] ExternalForce::LeftGRF Data source being set to SRRun01_grf
[info] Storage: read data file = SRRun01_grf.mot (nr=16005 nc=19)
[info] ExternalForce::RightGRF Data source being set to SRRun01_grf
[info] ExternalForce::LeftGRF Data source being set to SRRun01_grf
[info] Storage: read data file = SRRun01_grf.mot (nr=16005 nc=19)
[info] ExternalForce::RightGRF Data source being set to SRRun01_grf
[info] ExternalForce::LeftGRF Data source being set to SRRun01_grf
[info] Storage: read data file = SRRun01_grf.mot (nr=16005 nc=19)
[info] ExternalForce::RightGRF Data source being set to SRRun01_grf
[info] ExternalForce::LeftGRF Data source being set to SRRun01_grf
[info] Storage: read data file = SRRun01_grf.mot (nr=16005 nc=19)
[info] ExternalForce::RightGRF Data source being set to SRRun01_grf
[info] ExternalForce::LeftGRF Data source being set to SRRun01_grf
[info] Storage: read data file = SRRun01_grf.mot (nr=16005 nc=19)
[info] ExternalForce::RightGRF Data source being set to SRRun01_grf
[info] ExternalForce::LeftGRF Data source being set to SRRun01_grf
[info] Storage: read data file = SRRun01_grf.mot (nr=16005 nc=19)
[info] ExternalForce::RightGRF Data source being set to SRRun01_grf
[info] ExternalForce::LeftGRF Data source being set to SRRun01_grf
[info] Storage: read data file = SRRun01_grf.mot (nr=16005 nc=19)
[info] ExternalForce::RightGRF Data source being set to SRRun01_grf
[info] ExternalForce::LeftGRF Data source being set to SRRun01_grf
[info] Storage: read data file = SRRun01_grf.mot (nr=16005 nc=19)
[info] ExternalForce::RightGRF Data source being set to SRRun01_grf
[info] ExternalForce::LeftGRF Data source being set to SRRun01_grf
[info] Storage: read data file = SRRun01_grf.mot (nr=16005 nc=19)
[info] ExternalForce::RightGRF Data source being set to SRRun01_grf
[info] ExternalForce::LeftGRF Data source being set to SRRun01_grf
[info] Storage: read data file = SRRun01_grf.mot (nr=16005 nc=19)
[info] ExternalForce::RightGRF Data source being set to SRRun01_grf
[info] ExternalForce::LeftGRF Data source being set to SRRun01_grf
[info] Storage: read data file = SRRun01_grf.mot (nr=16005 nc=19)
[info] ExternalForce::RightGRF Data source being set to SRRun01_grf
[info] ExternalForce::LeftGRF Data source being set to SRRun01_grf
[info] Storage: read data file = SRRun01_grf.mot (nr=16005 nc=19)
[info] ExternalForce::RightGRF Data source being set to SRRun01_grf
[info] ExternalForce::LeftGRF Data source being set to SRRun01_grf
[info] Storage: read data file = SRRun01_grf.mot (nr=16005 nc=19)
[info] ExternalForce::RightGRF Data source being set to SRRun01_grf
[info] ExternalForce::LeftGRF Data source being set to SRRun01_grf
[info] Storage: read data file = SRRun01_grf.mot (nr=16005 nc=19)
[info] ExternalForce::RightGRF Data source being set to SRRun01_grf
[info] ExternalForce::LeftGRF Data source being set to SRRun01_grf
[info] Storage: read data file = SRRun01_grf.mot (nr=16005 nc=19)
[info] ExternalForce::RightGRF Data source being set to SRRun01_grf
[info] ExternalForce::LeftGRF Data source being set to SRRun01_grf
[info] Storage: read data file = SRRun01_grf.mot (nr=16005 nc=19)
[info] ExternalForce::RightGRF Data source being set to SRRun01_grf
[info] ExternalForce::LeftGRF Data source being set to SRRun01_grf
[info] Storage: read data file = SRRun01_grf.mot (nr=16005 nc=19)
[info] ExternalForce::RightGRF Data source being set to SRRun01_grf
[info] ExternalForce::LeftGRF Data source being set to SRRun01_grf
[info] Storage: read data file = SRRun01_grf.mot (nr=16005 nc=19)
[info] ExternalForce::RightGRF Data source being set to SRRun01_grf
[info] ExternalForce::LeftGRF Data source being set to SRRun01_grf
[info] Storage: read data file = SRRun01_grf.mot (nr=16005 nc=19)
[info] ExternalForce::RightGRF Data source being set to SRRun01_grf
[info] ExternalForce::LeftGRF Data source being set to SRRun01_grf
[info] Storage: read data file = SRRun01_grf.mot (nr=16005 nc=19)
[info] ExternalForce::RightGRF Data source being set to SRRun01_grf
[info] ExternalForce::LeftGRF Data source being set to SRRun01_grf
[info] Storage: read data file = SRRun01_grf.mot (nr=16005 nc=19)
[info] ExternalForce::RightGRF Data source being set to SRRun01_grf
[info] ExternalForce::LeftGRF Data source being set to SRRun01_grf
[info] Storage: read data file = SRRun01_grf.mot (nr=16005 nc=19)
[info] ExternalForce::RightGRF Data source being set to SRRun01_grf
[info] ExternalForce::LeftGRF Data source being set to SRRun01_grf
[info] Storage: read data file = SRRun01_grf.mot (nr=16005 nc=19)
[info] ExternalForce::RightGRF Data source being set to SRRun01_grf
[info] ExternalForce::LeftGRF Data source being set to SRRun01_grf
[info] Storage: read data file = SRRun01_grf.mot (nr=16005 nc=19)
[info] ExternalForce::RightGRF Data source being set to SRRun01_grf
[info] ExternalForce::LeftGRF Data source being set to SRRun01_grf
[info] Storage: read data file = SRRun01_grf.mot (nr=16005 nc=19)
[info] ExternalForce::RightGRF Data source being set to SRRun01_grf
[info] ExternalForce::LeftGRF Data source being set to SRRun01_grf
[info] Storage: read data file = SRRun01_grf.mot (nr=16005 nc=19)
[info] ExternalForce::RightGRF Data source being set to SRRun01_grf
[info] ExternalForce::LeftGRF Data source being set to SRRun01_grf
[info] Storage: read data file = SRRun01_grf.mot (nr=16005 nc=19)
[info] ExternalForce::RightGRF Data source being set to SRRun01_grf
[info] ExternalForce::LeftGRF Data source being set to SRRun01_grf
[info] Storage: read data file = SRRun01_grf.mot (nr=16005 nc=19)
[info] ExternalForce::RightGRF Data source being set to SRRun01_grf
[info] ExternalForce::LeftGRF Data source being set to SRRun01_grf
[info] Storage: read data file = SRRun01_grf.mot (nr=16005 nc=19)
[info] ExternalForce::RightGRF Data source being set to SRRun01_grf
[info] ExternalForce::LeftGRF Data source being set to SRRun01_grf
[info] Storage: read data file = SRRun01_grf.mot (nr=16005 nc=19)
[info] ExternalForce::RightGRF Data source being set to SRRun01_grf
[info] ExternalForce::LeftGRF Data source being set to SRRun01_grf
[info] Storage: read data file = SRRun01_grf.mot (nr=16005 nc=19)
[info] ExternalForce::RightGRF Data source being set to SRRun01_grf
[info] ExternalForce::LeftGRF Data source being set to SRRun01_grf
[info] Storage: read data file = SRRun01_grf.mot (nr=16005 nc=19)
[info] ExternalForce::RightGRF Data source being set to SRRun01_grf
[info] ExternalForce::LeftGRF Data source being set to SRRun01_grf
[info] Storage: read data file = SRRun01_grf.mot (nr=16005 nc=19)
[info] ExternalForce::RightGRF Data source being set to SRRun01_grf
[info] ExternalForce::LeftGRF Data source being set to SRRun01_grf
[info] Storage: read data file = SRRun01_grf.mot (nr=16005 nc=19)
[info] ExternalForce::RightGRF Data source being set to SRRun01_grf
[info] ExternalForce::LeftGRF Data source being set to SRRun01_grf
[info] Storage: read data file = SRRun01_grf.mot (nr=16005 nc=19)
[info] ExternalForce::RightGRF Data source being set to SRRun01_grf
[info] ExternalForce::LeftGRF Data source being set to SRRun01_grf
[info] Storage: read data file = SRRun01_grf.mot (nr=16005 nc=19)
[info] ExternalForce::RightGRF Data source being set to SRRun01_grf
[info] ExternalForce::LeftGRF Data source being set to SRRun01_grf
[info] Storage: read data file = SRRun01_grf.mot (nr=16005 nc=19)
[info] ExternalForce::RightGRF Data source being set to SRRun01_grf
[info] ExternalForce::LeftGRF Data source being set to SRRun01_grf
[info] Storage: read data file = SRRun01_grf.mot (nr=16005 nc=19)
[info] ExternalForce::RightGRF Data source being set to SRRun01_grf
[info] ExternalForce::LeftGRF Data source being set to SRRun01_grf
[info] Storage: read data file = SRRun01_grf.mot (nr=16005 nc=19)
[info] ExternalForce::RightGRF Data source being set to SRRun01_grf
[info] ExternalForce::LeftGRF Data source being set to SRRun01_grf
[info] Storage: read data file = SRRun01_grf.mot (nr=16005 nc=19)
[info] ExternalForce::RightGRF Data source being set to SRRun01_grf
[info] ExternalForce::LeftGRF Data source being set to SRRun01_grf
[info] Storage: read data file = SRRun01_grf.mot (nr=16005 nc=19)
[info] ExternalForce::RightGRF Data source being set to SRRun01_grf
[info] ExternalForce::LeftGRF Data source being set to SRRun01_grf
[info] Storage: read data file = SRRun01_grf.mot (nr=16005 nc=19)
[info] ExternalForce::RightGRF Data source being set to SRRun01_grf
[info] ExternalForce::LeftGRF Data source being set to SRRun01_grf
[info] Storage: read data file = SRRun01_grf.mot (nr=16005 nc=19)
[info] ExternalForce::RightGRF Data source being set to SRRun01_grf
[info] ExternalForce::LeftGRF Data source being set to SRRun01_grf
[info] Storage: read data file = SRRun01_grf.mot (nr=16005 nc=19)
[info] ExternalForce::RightGRF Data source being set to SRRun01_grf
[info] ExternalForce::LeftGRF Data source being set to SRRun01_grf
[info] Storage: read data file = SRRun01_grf.mot (nr=16005 nc=19)
[info] ExternalForce::RightGRF Data source being set to SRRun01_grf
[info] ExternalForce::LeftGRF Data source being set to SRRun01_grf
[info] Storage: read data file = SRRun01_grf.mot (nr=16005 nc=19)
[info] ExternalForce::RightGRF Data source being set to SRRun01_grf
[info] ExternalForce::LeftGRF Data source being set to SRRun01_grf
[info] Storage: read data file = SRRun01_grf.mot (nr=16005 nc=19)
[info] ExternalForce::RightGRF Data source being set to SRRun01_grf
[info] ExternalForce::LeftGRF Data source being set to SRRun01_grf
[info] Storage: read data file = SRRun01_grf.mot (nr=16005 nc=19)
[info] ExternalForce::RightGRF Data source being set to SRRun01_grf
[info] ExternalForce::LeftGRF Data source being set to SRRun01_grf
[info] Storage: read data file = SRRun01_grf.mot (nr=16005 nc=19)
[info] ExternalForce::RightGRF Data source being set to SRRun01_grf
[info] ExternalForce::LeftGRF Data source being set to SRRun01_grf
[info] Storage: read data file = SRRun01_grf.mot (nr=16005 nc=19)
[info] ExternalForce::RightGRF Data source being set to SRRun01_grf
[info] ExternalForce::LeftGRF Data source being set to SRRun01_grf
[info] Storage: read data file = SRRun01_grf.mot (nr=16005 nc=19)
[info] ExternalForce::RightGRF Data source being set to SRRun01_grf
[info] ExternalForce::LeftGRF Data source being set to SRRun01_grf
[info] Storage: read data file = SRRun01_grf.mot (nr=16005 nc=19)
[info] ExternalForce::RightGRF Data source being set to SRRun01_grf
[info] ExternalForce::LeftGRF Data source being set to SRRun01_grf
[info] Storage: read data file = SRRun01_grf.mot (nr=16005 nc=19)
[info] ExternalForce::RightGRF Data source being set to SRRun01_grf
[info] ExternalForce::LeftGRF Data source being set to SRRun01_grf
[info] Storage: read data file = SRRun01_grf.mot (nr=16005 nc=19)
[info] ExternalForce::RightGRF Data source being set to SRRun01_grf
[info] ExternalForce::LeftGRF Data source being set to SRRun01_grf
[info] Storage: read data file = SRRun01_grf.mot (nr=16005 nc=19)
[info] ExternalForce::RightGRF Data source being set to SRRun01_grf
[info] ExternalForce::LeftGRF Data source being set to SRRun01_grf
[info] Storage: read data file = SRRun01_grf.mot (nr=16005 nc=19)
[info] ExternalForce::RightGRF Data source being set to SRRun01_grf
[info] ExternalForce::LeftGRF Data source being set to SRRun01_grf
[info] Storage: read data file = SRRun01_grf.mot (nr=16005 nc=19)
[info] ExternalForce::RightGRF Data source being set to SRRun01_grf
[info] ExternalForce::LeftGRF Data source being set to SRRun01_grf
[info] Storage: read data file = SRRun01_grf.mot (nr=16005 nc=19)
[info] ExternalForce::RightGRF Data source being set to SRRun01_grf
[info] ExternalForce::LeftGRF Data source being set to SRRun01_grf
[info] Storage: read data file = SRRun01_grf.mot (nr=16005 nc=19)
[info] ExternalForce::RightGRF Data source being set to SRRun01_grf
[info] ExternalForce::LeftGRF Data source being set to SRRun01_grf
[info] Storage: read data file = SRRun01_grf.mot (nr=16005 nc=19)
[info] ExternalForce::RightGRF Data source being set to SRRun01_grf
[info] ExternalForce::LeftGRF Data source being set to SRRun01_grf
[info] Storage: read data file = SRRun01_grf.mot (nr=16005 nc=19)
[info] ExternalForce::RightGRF Data source being set to SRRun01_grf
[info] ExternalForce::LeftGRF Data source being set to SRRun01_grf
[info] Storage: read data file = SRRun01_grf.mot (nr=16005 nc=19)
[info] ExternalForce::RightGRF Data source being set to SRRun01_grf
[info] ExternalForce::LeftGRF Data source being set to SRRun01_grf
[info] Storage: read data file = SRRun01_grf.mot (nr=16005 nc=19)
[info] ExternalForce::RightGRF Data source being set to SRRun01_grf
[info] ExternalForce::LeftGRF Data source being set to SRRun01_grf
[info] Storage: read data file = SRRun01_grf.mot (nr=16005 nc=19)
[info] ExternalForce::RightGRF Data source being set to SRRun01_grf
[info] ExternalForce::LeftGRF Data source being set to SRRun01_grf
[info] Storage: read data file = SRRun01_grf.mot (nr=16005 nc=19)
[info] ExternalForce::RightGRF Data source being set to SRRun01_grf
[info] ExternalForce::LeftGRF Data source being set to SRRun01_grf
[info] Storage: read data file = SRRun01_grf.mot (nr=16005 nc=19)
[info] ExternalForce::RightGRF Data source being set to SRRun01_grf
[info] ExternalForce::LeftGRF Data source being set to SRRun01_grf
[info] Storage: read data file = SRRun01_grf.mot (nr=16005 nc=19)
[info] ExternalForce::RightGRF Data source being set to SRRun01_grf
[info] ExternalForce::LeftGRF Data source being set to SRRun01_grf
[info] Storage: read data file = SRRun01_grf.mot (nr=16005 nc=19)
[info] ExternalForce::RightGRF Data source being set to SRRun01_grf
[info] ExternalForce::LeftGRF Data source being set to SRRun01_grf
[info] Storage: read data file = SRRun01_grf.mot (nr=16005 nc=19)
[info] ExternalForce::RightGRF Data source being set to SRRun01_grf
[info] ExternalForce::LeftGRF Data source being set to SRRun01_grf
[info] Storage: read data file = SRRun01_grf.mot (nr=16005 nc=19)
[info] ExternalForce::RightGRF Data source being set to SRRun01_grf
[info] ExternalForce::LeftGRF Data source being set to SRRun01_grf
[info] Storage: read data file = SRRun01_grf.mot (nr=16005 nc=19)
[info] ExternalForce::RightGRF Data source being set to SRRun01_grf
[info] ExternalForce::LeftGRF Data source being set to SRRun01_grf
[info] Storage: read data file = SRRun01_grf.mot (nr=16005 nc=19)
[info] ExternalForce::RightGRF Data source being set to SRRun01_grf
[info] ExternalForce::LeftGRF Data source being set to SRRun01_grf
[info] Storage: read data file = SRRun01_grf.mot (nr=16005 nc=19)
[info] ExternalForce::RightGRF Data source being set to SRRun01_grf
[info] ExternalForce::LeftGRF Data source being set to SRRun01_grf
[info] Storage: read data file = SRRun01_grf.mot (nr=16005 nc=19)
[info] ExternalForce::RightGRF Data source being set to SRRun01_grf
[info] ExternalForce::LeftGRF Data source being set to SRRun01_grf
[info] Storage: read data file = SRRun01_grf.mot (nr=16005 nc=19)
[info] ExternalForce::RightGRF Data source being set to SRRun01_grf
[info] ExternalForce::LeftGRF Data source being set to SRRun01_grf
[info] Storage: read data file = SRRun01_grf.mot (nr=16005 nc=19)
[info] ExternalForce::RightGRF Data source being set to SRRun01_grf
[info] ExternalForce::LeftGRF Data source being set to SRRun01_grf
[info] Storage: read data file = SRRun01_grf.mot (nr=16005 nc=19)
[info] ExternalForce::RightGRF Data source being set to SRRun01_grf
[info] ExternalForce::LeftGRF Data source being set to SRRun01_grf
[info] Storage: read data file = SRRun01_grf.mot (nr=16005 nc=19)
[info] ExternalForce::RightGRF Data source being set to SRRun01_grf
[info] ExternalForce::LeftGRF Data source being set to SRRun01_grf
[info] Storage: read data file = SRRun01_grf.mot (nr=16005 nc=19)
[info] ExternalForce::RightGRF Data source being set to SRRun01_grf
[info] ExternalForce::LeftGRF Data source being set to SRRun01_grf
[info] Storage: read data file = SRRun01_grf.mot (nr=16005 nc=19)
[info] ExternalForce::RightGRF Data source being set to SRRun01_grf
[info] ExternalForce::LeftGRF Data source being set to SRRun01_grf
[info] Storage: read data file = SRRun01_grf.mot (nr=16005 nc=19)
[info] ExternalForce::RightGRF Data source being set to SRRun01_grf
[info] ExternalForce::LeftGRF Data source being set to SRRun01_grf
[info] Storage: read data file = SRRun01_grf.mot (nr=16005 nc=19)
[info] ExternalForce::RightGRF Data source being set to SRRun01_grf
[info] ExternalForce::LeftGRF Data source being set to SRRun01_grf
[info] Storage: read data file = SRRun01_grf.mot (nr=16005 nc=19)
[info] ExternalForce::RightGRF Data source being set to SRRun01_grf
[info] ExternalForce::LeftGRF Data source being set to SRRun01_grf
[info] Storage: read data file = SRRun01_grf.mot (nr=16005 nc=19)
[info] ExternalForce::RightGRF Data source being set to SRRun01_grf
[info] ExternalForce::LeftGRF Data source being set to SRRun01_grf
[info] Storage: read data file = SRRun01_grf.mot (nr=16005 nc=19)
[info] ExternalForce::RightGRF Data source being set to SRRun01_grf
[info] ExternalForce::LeftGRF Data source being set to SRRun01_grf
[info] Storage: read data file = SRRun01_grf.mot (nr=16005 nc=19)
[info] ExternalForce::RightGRF Data source being set to SRRun01_grf
[info] ExternalForce::LeftGRF Data source being set to SRRun01_grf
[info] Storage: read data file = SRRun01_grf.mot (nr=16005 nc=19)
[info] ExternalForce::RightGRF Data source being set to SRRun01_grf
[info] ExternalForce::LeftGRF Data source being set to SRRun01_grf
[info] Storage: read data file = SRRun01_grf.mot (nr=16005 nc=19)
[info] ExternalForce::RightGRF Data source being set to SRRun01_grf
[info] ExternalForce::LeftGRF Data source being set to SRRun01_grf
[info] Storage: read data file = SRRun01_grf.mot (nr=16005 nc=19)
[info] ExternalForce::RightGRF Data source being set to SRRun01_grf
[info] ExternalForce::LeftGRF Data source being set to SRRun01_grf
[info] Storage: read data file = SRRun01_grf.mot (nr=16005 nc=19)
[info] ExternalForce::RightGRF Data source being set to SRRun01_grf
[info] ExternalForce::LeftGRF Data source being set to SRRun01_grf
[info] Storage: read data file = SRRun01_grf.mot (nr=16005 nc=19)
[info] ExternalForce::RightGRF Data source being set to SRRun01_grf
[info] ExternalForce::LeftGRF Data source being set to SRRun01_grf
[info] Storage: read data file = SRRun01_grf.mot (nr=16005 nc=19)
[info] ExternalForce::RightGRF Data source being set to SRRun01_grf
[info] ExternalForce::LeftGRF Data source being set to SRRun01_grf
[info] Storage: read data file = SRRun01_grf.mot (nr=16005 nc=19)
[info] ExternalForce::RightGRF Data source being set to SRRun01_grf
[info] ExternalForce::LeftGRF Data source being set to SRRun01_grf
[info] Storage: read data file = SRRun01_grf.mot (nr=16005 nc=19)
[info] ExternalForce::RightGRF Data source being set to SRRun01_grf
[info] ExternalForce::LeftGRF Data source being set to SRRun01_grf
[info] Storage: read data file = SRRun01_grf.mot (nr=16005 nc=19)
[info] ExternalForce::RightGRF Data source being set to SRRun01_grf
[info] ExternalForce::LeftGRF Data source being set to SRRun01_grf
[info] Storage: read data file = SRRun01_grf.mot (nr=16005 nc=19)
[info] ExternalForce::RightGRF Data source being set to SRRun01_grf
[info] ExternalForce::LeftGRF Data source being set to SRRun01_grf
[info] Storage: read data file = SRRun01_grf.mot (nr=16005 nc=19)
[info] ExternalForce::RightGRF Data source being set to SRRun01_grf
[info] ExternalForce::LeftGRF Data source being set to SRRun01_grf
[info] Storage: read data file = SRRun01_grf.mot (nr=16005 nc=19)
[info] ExternalForce::RightGRF Data source being set to SRRun01_grf
[info] ExternalForce::LeftGRF Data source being set to SRRun01_grf
[info] Storage: read data file = SRRun01_grf.mot (nr=16005 nc=19)
[info] ExternalForce::RightGRF Data source being set to SRRun01_grf
[info] ExternalForce::LeftGRF Data source being set to SRRun01_grf
[info] Storage: read data file = SRRun01_grf.mot (nr=16005 nc=19)
[info] ExternalForce::RightGRF Data source being set to SRRun01_grf
[info] ExternalForce::LeftGRF Data source being set to SRRun01_grf
[info] Storage: read data file = SRRun01_grf.mot (nr=16005 nc=19)
[info] ExternalForce::RightGRF Data source being set to SRRun01_grf
[info] ExternalForce::LeftGRF Data source being set to SRRun01_grf
[info] Storage: read data file = SRRun01_grf.mot (nr=16005 nc=19)
[info] ExternalForce::RightGRF Data source being set to SRRun01_grf
[info] ExternalForce::LeftGRF Data source being set to SRRun01_grf
[info] Storage: read data file = SRRun01_grf.mot (nr=16005 nc=19)
[info] ExternalForce::RightGRF Data source being set to SRRun01_grf
[info] ExternalForce::LeftGRF Data source being set to SRRun01_grf
[info] Storage: read data file = SRRun01_grf.mot (nr=16005 nc=19)
[info] ExternalForce::RightGRF Data source being set to SRRun01_grf
[info] ExternalForce::LeftGRF Data source being set to SRRun01_grf
[info] Storage: read data file = SRRun01_grf.mot (nr=16005 nc=19)
[info] ExternalForce::RightGRF Data source being set to SRRun01_grf
[info] ExternalForce::LeftGRF Data source being set to SRRun01_grf
[info] Storage: read data file = SRRun01_grf.mot (nr=16005 nc=19)
[info] ExternalForce::RightGRF Data source being set to SRRun01_grf
[info] ExternalForce::LeftGRF Data source being set to SRRun01_grf
[info] Storage: read data file = SRRun01_grf.mot (nr=16005 nc=19)
[info] ExternalForce::RightGRF Data source being set to SRRun01_grf
[info] ExternalForce::LeftGRF Data source being set to SRRun01_grf
[info] Storage: read data file = SRRun01_grf.mot (nr=16005 nc=19)
[info] ExternalForce::RightGRF Data source being set to SRRun01_grf
[info] ExternalForce::LeftGRF Data source being set to SRRun01_grf
[info] Storage: read data file = SRRun01_grf.mot (nr=16005 nc=19)
[info] ExternalForce::RightGRF Data source being set to SRRun01_grf
[info] ExternalForce::LeftGRF Data source being set to SRRun01_grf
[info] Storage: read data file = SRRun01_grf.mot (nr=16005 nc=19)
[info] ExternalForce::RightGRF Data source being set to SRRun01_grf
[info] ExternalForce::LeftGRF Data source being set to SRRun01_grf
[info] Storage: read data file = SRRun01_grf.mot (nr=16005 nc=19)
[info] ExternalForce::RightGRF Data source being set to SRRun01_grf
[info] ExternalForce::LeftGRF Data source being set to SRRun01_grf
[info] Storage: read data file = SRRun01_grf.mot (nr=16005 nc=19)
[info] ExternalForce::RightGRF Data source being set to SRRun01_grf
[info] ExternalForce::LeftGRF Data source being set to SRRun01_grf
[info] Storage: read data file = SRRun01_grf.mot (nr=16005 nc=19)
[info] ExternalForce::RightGRF Data source being set to SRRun01_grf
[info] ExternalForce::LeftGRF Data source being set to SRRun01_grf
[info] Storage: read data file = SRRun01_grf.mot (nr=16005 nc=19)
[info] ExternalForce::RightGRF Data source being set to SRRun01_grf
[info] ExternalForce::LeftGRF Data source being set to SRRun01_grf
[info] Storage: read data file = SRRun01_grf.mot (nr=16005 nc=19)
[info] ExternalForce::RightGRF Data source being set to SRRun01_grf
[info] ExternalForce::LeftGRF Data source being set to SRRun01_grf
[info] Storage: read data file = SRRun01_grf.mot (nr=16005 nc=19)
[info] ExternalForce::RightGRF Data source being set to SRRun01_grf
[info] ExternalForce::LeftGRF Data source being set to SRRun01_grf
[info] Storage: read data file = SRRun01_grf.mot (nr=16005 nc=19)
[info] ExternalForce::RightGRF Data source being set to SRRun01_grf
[info] ExternalForce::LeftGRF Data source being set to SRRun01_grf
[info] Storage: read data file = SRRun01_grf.mot (nr=16005 nc=19)
[info] ExternalForce::RightGRF Data source being set to SRRun01_grf
[info] ExternalForce::LeftGRF Data source being set to SRRun01_grf
[info] Storage: read data file = SRRun01_grf.mot (nr=16005 nc=19)
[info] ExternalForce::RightGRF Data source being set to SRRun01_grf
[info] ExternalForce::LeftGRF Data source being set to SRRun01_grf
[info] Storage: read data file = SRRun01_grf.mot (nr=16005 nc=19)
[info] ExternalForce::RightGRF Data source being set to SRRun01_grf
[info] ExternalForce::LeftGRF Data source being set to SRRun01_grf
[info] Storage: read data file = SRRun01_grf.mot (nr=16005 nc=19)
[info] ExternalForce::RightGRF Data source being set to SRRun01_grf
[info] ExternalForce::LeftGRF Data source being set to SRRun01_grf
[info] Storage: read data file = SRRun01_grf.mot (nr=16005 nc=19)
[info] ExternalForce::RightGRF Data source being set to SRRun01_grf
[info] ExternalForce::LeftGRF Data source being set to SRRun01_grf
[info] Storage: read data file = SRRun01_grf.mot (nr=16005 nc=19)
[info] ExternalForce::RightGRF Data source being set to SRRun01_grf
[info] ExternalForce::LeftGRF Data source being set to SRRun01_grf
[info] Storage: read data file = SRRun01_grf.mot (nr=16005 nc=19)
[info] ExternalForce::RightGRF Data source being set to SRRun01_grf
[info] ExternalForce::LeftGRF Data source being set to SRRun01_grf
[info] Storage: read data file = SRRun01_grf.mot (nr=16005 nc=19)
[info] ExternalForce::RightGRF Data source being set to SRRun01_grf
[info] ExternalForce::LeftGRF Data source being set to SRRun01_grf
[info] Storage: read data file = SRRun01_grf.mot (nr=16005 nc=19)
[info] ExternalForce::RightGRF Data source being set to SRRun01_grf
[info] ExternalForce::LeftGRF Data source being set to SRRun01_grf
[info] Storage: read data file = SRRun01_grf.mot (nr=16005 nc=19)
[info] ExternalForce::RightGRF Data source being set to SRRun01_grf
[info] ExternalForce::LeftGRF Data source being set to SRRun01_grf
[info] Storage: read data file = SRRun01_grf.mot (nr=16005 nc=19)
[info] ExternalForce::RightGRF Data source being set to SRRun01_grf
[info] ExternalForce::LeftGRF Data source being set to SRRun01_grf
[info] Storage: read data file = SRRun01_grf.mot (nr=16005 nc=19)
[info] ExternalForce::RightGRF Data source being set to SRRun01_grf
[info] ExternalForce::LeftGRF Data source being set to SRRun01_grf
[info] Storage: read data file = SRRun01_grf.mot (nr=16005 nc=19)
[info] ExternalForce::RightGRF Data source being set to SRRun01_grf
[info] ExternalForce::LeftGRF Data source being set to SRRun01_grf
[info] Storage: read data file = SRRun01_grf.mot (nr=16005 nc=19)
[info] ExternalForce::RightGRF Data source being set to SRRun01_grf
[info] ExternalForce::LeftGRF Data source being set to SRRun01_grf
[info] Storage: read data file = SRRun01_grf.mot (nr=16005 nc=19)
[info] ExternalForce::RightGRF Data source being set to SRRun01_grf
[info] ExternalForce::LeftGRF Data source being set to SRRun01_grf
[info] Storage: read data file = SRRun01_grf.mot (nr=16005 nc=19)
[info] ExternalForce::RightGRF Data source being set to SRRun01_grf
[info] ExternalForce::LeftGRF Data source being set to SRRun01_grf
[info] Storage: read data file = SRRun01_grf.mot (nr=16005 nc=19)
[info] ExternalForce::RightGRF Data source being set to SRRun01_grf
[info] ExternalForce::LeftGRF Data source being set to SRRun01_grf
[info] Storage: read data file = SRRun01_grf.mot (nr=16005 nc=19)
[info] ExternalForce::RightGRF Data source being set to SRRun01_grf
[info] ExternalForce::LeftGRF Data source being set to SRRun01_grf
[info] Storage: read data file = SRRun01_grf.mot (nr=16005 nc=19)
[info] ExternalForce::RightGRF Data source being set to SRRun01_grf
[info] ExternalForce::LeftGRF Data source being set to SRRun01_grf
[info] Storage: read data file = SRRun01_grf.mot (nr=16005 nc=19)
[info] ExternalForce::RightGRF Data source being set to SRRun01_grf
[info] ExternalForce::LeftGRF Data source being set to SRRun01_grf
[info] Storage: read data file = SRRun01_grf.mot (nr=16005 nc=19)
[info] ExternalForce::RightGRF Data source being set to SRRun01_grf
[info] ExternalForce::LeftGRF Data source being set to SRRun01_grf
[info] Storage: read data file = SRRun01_grf.mot (nr=16005 nc=19)
[info] ExternalForce::RightGRF Data source being set to SRRun01_grf
[info] ExternalForce::LeftGRF Data source being set to SRRun01_grf
[info] Storage: read data file = SRRun01_grf.mot (nr=16005 nc=19)
[info] ExternalForce::RightGRF Data source being set to SRRun01_grf
[info] ExternalForce::LeftGRF Data source being set to SRRun01_grf
[info] Storage: read data file = SRRun01_grf.mot (nr=16005 nc=19)
[info] ExternalForce::RightGRF Data source being set to SRRun01_grf
[info] ExternalForce::LeftGRF Data source being set to SRRun01_grf
[info] Storage: read data file = SRRun01_grf.mot (nr=16005 nc=19)
[info] ExternalForce::RightGRF Data source being set to SRRun01_grf
[info] ExternalForce::LeftGRF Data source being set to SRRun01_grf
[info] Storage: read data file = SRRun01_grf.mot (nr=16005 nc=19)
[info] ExternalForce::RightGRF Data source being set to SRRun01_grf
[info] ExternalForce::LeftGRF Data source being set to SRRun01_grf
[info] Storage: read data file = SRRun01_grf.mot (nr=16005 nc=19)
[info] ExternalForce::RightGRF Data source being set to SRRun01_grf
[info] ExternalForce::LeftGRF Data source being set to SRRun01_grf
[info] Storage: read data file = SRRun01_grf.mot (nr=16005 nc=19)
[info] ExternalForce::RightGRF Data source being set to SRRun01_grf
[info] ExternalForce::LeftGRF Data source being set to SRRun01_grf
[info] Storage: read data file = SRRun01_grf.mot (nr=16005 nc=19)
[info] ExternalForce::RightGRF Data source being set to SRRun01_grf
[info] ExternalForce::LeftGRF Data source being set to SRRun01_grf
[info] Storage: read data file = SRRun01_grf.mot (nr=16005 nc=19)
[info] ExternalForce::RightGRF Data source being set to SRRun01_grf
[info] ExternalForce::LeftGRF Data source being set to SRRun01_grf
[info] Storage: read data file = SRRun01_grf.mot (nr=16005 nc=19)
[info] ExternalForce::RightGRF Data source being set to SRRun01_grf
[info] ExternalForce::LeftGRF Data source being set to SRRun01_grf
[info] Storage: read data file = SRRun01_grf.mot (nr=16005 nc=19)
[info] ExternalForce::RightGRF Data source being set to SRRun01_grf
[info] ExternalForce::LeftGRF Data source being set to SRRun01_grf
[info] Storage: read data file = SRRun01_grf.mot (nr=16005 nc=19)
[info] ExternalForce::RightGRF Data source being set to SRRun01_grf
[info] ExternalForce::LeftGRF Data source being set to SRRun01_grf
[info] Storage: read data file = SRRun01_grf.mot (nr=16005 nc=19)
[info] ExternalForce::RightGRF Data source being set to SRRun01_grf
[info] ExternalForce::LeftGRF Data source being set to SRRun01_grf
[info] Storage: read data file = SRRun01_grf.mot (nr=16005 nc=19)
[info] ExternalForce::RightGRF Data source being set to SRRun01_grf
[info] ExternalForce::LeftGRF Data source being set to SRRun01_grf
[info] Storage: read data file = SRRun01_grf.mot (nr=16005 nc=19)
[info] ExternalForce::RightGRF Data source being set to SRRun01_grf
[info] ExternalForce::LeftGRF Data source being set to SRRun01_grf
[info] Storage: read data file = SRRun01_grf.mot (nr=16005 nc=19)
[info] ExternalForce::RightGRF Data source being set to SRRun01_grf
[info] ExternalForce::LeftGRF Data source being set to SRRun01_grf
[info] Storage: read data file = SRRun01_grf.mot (nr=16005 nc=19)
[info] ExternalForce::RightGRF Data source being set to SRRun01_grf
[info] ExternalForce::LeftGRF Data source being set to SRRun01_grf
[info] Storage: read data file = SRRun01_grf.mot (nr=16005 nc=19)
[info] ExternalForce::RightGRF Data source being set to SRRun01_grf
[info] ExternalForce::LeftGRF Data source being set to SRRun01_grf
[info] Storage: read data file = SRRun01_grf.mot (nr=16005 nc=19)
[info] ExternalForce::RightGRF Data source being set to SRRun01_grf
[info] ExternalForce::LeftGRF Data source being set to SRRun01_grf
[info] Storage: read data file = SRRun01_grf.mot (nr=16005 nc=19)
[info] ExternalForce::RightGRF Data source being set to SRRun01_grf
[info] ExternalForce::LeftGRF Data source being set to SRRun01_grf
[info] Storage: read data file = SRRun01_grf.mot (nr=16005 nc=19)
[info] ExternalForce::RightGRF Data source being set to SRRun01_grf
[info] ExternalForce::LeftGRF Data source being set to SRRun01_grf
[info] Storage: read data file = SRRun01_grf.mot (nr=16005 nc=19)
[info] ExternalForce::RightGRF Data source being set to SRRun01_grf
[info] ExternalForce::LeftGRF Data source being set to SRRun01_grf
[info] Storage: read data file = SRRun01_grf.mot (nr=16005 nc=19)
[info] ExternalForce::RightGRF Data source being set to SRRun01_grf
[info] ExternalForce::LeftGRF Data source being set to SRRun01_grf
[info] Storage: read data file = SRRun01_grf.mot (nr=16005 nc=19)
[info] ExternalForce::RightGRF Data source being set to SRRun01_grf
[info] ExternalForce::LeftGRF Data source being set to SRRun01_grf
[info] Storage: read data file = SRRun01_grf.mot (nr=16005 nc=19)
[info] ExternalForce::RightGRF Data source being set to SRRun01_grf
[info] ExternalForce::LeftGRF Data source being set to SRRun01_grf
[info] Storage: read data file = SRRun01_grf.mot (nr=16005 nc=19)
[info] ExternalForce::RightGRF Data source being set to SRRun01_grf
[info] ExternalForce::LeftGRF Data source being set to SRRun01_grf
[info] Storage: read data file = SRRun01_grf.mot (nr=16005 nc=19)
[info] ExternalForce::RightGRF Data source being set to SRRun01_grf
[info] ExternalForce::LeftGRF Data source being set to SRRun01_grf
[info] Storage: read data file = SRRun01_grf.mot (nr=16005 nc=19)
[info] ExternalForce::RightGRF Data source being set to SRRun01_grf
[info] ExternalForce::LeftGRF Data source being set to SRRun01_grf
[info] Storage: read data file = SRRun01_grf.mot (nr=16005 nc=19)
[info] ExternalForce::RightGRF Data source being set to SRRun01_grf
[info] ExternalForce::LeftGRF Data source being set to SRRun01_grf
[info] Storage: read data file = SRRun01_grf.mot (nr=16005 nc=19)
[info] ExternalForce::RightGRF Data source being set to SRRun01_grf
[info] ExternalForce::LeftGRF Data source being set to SRRun01_grf
[info] Storage: read data file = SRRun01_grf.mot (nr=16005 nc=19)
[info] ExternalForce::RightGRF Data source being set to SRRun01_grf
[info] ExternalForce::LeftGRF Data source being set to SRRun01_grf
[info] Storage: read data file = SRRun01_grf.mot (nr=16005 nc=19)
[info] ExternalForce::RightGRF Data source being set to SRRun01_grf
[info] ExternalForce::LeftGRF Data source being set to SRRun01_grf
[info] Storage: read data file = SRRun01_grf.mot (nr=16005 nc=19)
[info] ExternalForce::RightGRF Data source being set to SRRun01_grf
[info] ExternalForce::LeftGRF Data source being set to SRRun01_grf
[info] Storage: read data file = SRRun01_grf.mot (nr=16005 nc=19)
[info] ExternalForce::RightGRF Data source being set to SRRun01_grf
[info] ExternalForce::LeftGRF Data source being set to SRRun01_grf
[info] Storage: read data file = SRRun01_grf.mot (nr=16005 nc=19)
[info] ExternalForce::RightGRF Data source being set to SRRun01_grf
[info] ExternalForce::LeftGRF Data source being set to SRRun01_grf
[info] Storage: read data file = SRRun01_grf.mot (nr=16005 nc=19)
[info] ExternalForce::RightGRF Data source being set to SRRun01_grf
[info] ExternalForce::LeftGRF Data source being set to SRRun01_grf
[info] Storage: read data file = SRRun01_grf.mot (nr=16005 nc=19)
[info] ExternalForce::RightGRF Data source being set to SRRun01_grf
[info] ExternalForce::LeftGRF Data source being set to SRRun01_grf
[info] Storage: read data file = SRRun01_grf.mot (nr=16005 nc=19)
[info] ExternalForce::RightGRF Data source being set to SRRun01_grf
[info] ExternalForce::LeftGRF Data source being set to SRRun01_grf
[info] Storage: read data file = SRRun01_grf.mot (nr=16005 nc=19)
[info] ExternalForce::RightGRF Data source being set to SRRun01_grf
[info] ExternalForce::LeftGRF Data source being set to SRRun01_grf
[info] Storage: read data file = SRRun01_grf.mot (nr=16005 nc=19)
[info] ExternalForce::RightGRF Data source being set to SRRun01_grf
[info] ExternalForce::LeftGRF Data source being set to SRRun01_grf
[info] Storage: read data file = SRRun01_grf.mot (nr=16005 nc=19)
[info] ExternalForce::RightGRF Data source being set to SRRun01_grf
[info] ExternalForce::LeftGRF Data source being set to SRRun01_grf
[info] Storage: read data file = SRRun01_grf.mot (nr=16005 nc=19)
[info] ExternalForce::RightGRF Data source being set to SRRun01_grf
[info] ExternalForce::LeftGRF Data source being set to SRRun01_grf
[info] Storage: read data file = SRRun01_grf.mot (nr=16005 nc=19)
[info] ExternalForce::RightGRF Data source being set to SRRun01_grf
[info] ExternalForce::LeftGRF Data source being set to SRRun01_grf
[info] Storage: read data file = SRRun01_grf.mot (nr=16005 nc=19)
[info] ExternalForce::RightGRF Data source being set to SRRun01_grf
[info] ExternalForce::LeftGRF Data source being set to SRRun01_grf
[info] Storage: read data file = SRRun01_grf.mot (nr=16005 nc=19)
[info] ExternalForce::RightGRF Data source being set to SRRun01_grf
[info] ExternalForce::LeftGRF Data source being set to SRRun01_grf
[info] Storage: read data file = SRRun01_grf.mot (nr=16005 nc=19)
[info] ExternalForce::RightGRF Data source being set to SRRun01_grf
[info] ExternalForce::LeftGRF Data source being set to SRRun01_grf
[info] Storage: read data file = SRRun01_grf.mot (nr=16005 nc=19)
[info] ExternalForce::RightGRF Data source being set to SRRun01_grf
[info] ExternalForce::LeftGRF Data source being set to SRRun01_grf
[info] Storage: read data file = SRRun01_grf.mot (nr=16005 nc=19)
[info] ExternalForce::RightGRF Data source being set to SRRun01_grf
[info] ExternalForce::LeftGRF Data source being set to SRRun01_grf
[info] Storage: read data file = SRRun01_grf.mot (nr=16005 nc=19)
[info] ExternalForce::RightGRF Data source being set to SRRun01_grf
[info] ExternalForce::LeftGRF Data source being set to SRRun01_grf
[info] Storage: read data file = SRRun01_grf.mot (nr=16005 nc=19)
[info] ExternalForce::RightGRF Data source being set to SRRun01_grf
[info] ExternalForce::LeftGRF Data source being set to SRRun01_grf
[info] Storage: read data file = SRRun01_grf.mot (nr=16005 nc=19)
[info] ExternalForce::RightGRF Data source being set to SRRun01_grf
[info] ExternalForce::LeftGRF Data source being set to SRRun01_grf
[info] Storage: read data file = SRRun01_grf.mot (nr=16005 nc=19)
[info] ExternalForce::RightGRF Data source being set to SRRun01_grf
[info] ExternalForce::LeftGRF Data source being set to SRRun01_grf
[info] Storage: read data file = SRRun01_grf.mot (nr=16005 nc=19)
[info] ExternalForce::RightGRF Data source being set to SRRun01_grf
[info] ExternalForce::LeftGRF Data source being set to SRRun01_grf
[info] Storage: read data file = SRRun01_grf.mot (nr=16005 nc=19)
[info] ExternalForce::RightGRF Data source being set to SRRun01_grf
[info] ExternalForce::LeftGRF Data source being set to SRRun01_grf
[info] Storage: read data file = SRRun01_grf.mot (nr=16005 nc=19)
[info] ExternalForce::RightGRF Data source being set to SRRun01_grf
[info] ExternalForce::LeftGRF Data source being set to SRRun01_grf
[info] Storage: read data file = SRRun01_grf.mot (nr=16005 nc=19)
[info] ExternalForce::RightGRF Data source being set to SRRun01_grf
[info] ExternalForce::LeftGRF Data source being set to SRRun01_grf
[info] Storage: read data file = SRRun01_grf.mot (nr=16005 nc=19)
[info] ExternalForce::RightGRF Data source being set to SRRun01_grf
[info] ExternalForce::LeftGRF Data source being set to SRRun01_grf
[info] Storage: read data file = SRRun01_grf.mot (nr=16005 nc=19)
[info] ExternalForce::RightGRF Data source being set to SRRun01_grf
[info] ExternalForce::LeftGRF Data source being set to SRRun01_grf
[info] Storage: read data file = SRRun01_grf.mot (nr=16005 nc=19)
[info] ExternalForce::RightGRF Data source being set to SRRun01_grf
[info] ExternalForce::LeftGRF Data source being set to SRRun01_grf
[info] Storage: read data file = SRRun01_grf.mot (nr=16005 nc=19)
[info] ExternalForce::RightGRF Data source being set to SRRun01_grf
[info] ExternalForce::LeftGRF Data source being set to SRRun01_grf
[info] Storage: read data file = SRRun01_grf.mot (nr=16005 nc=19)
[info] ExternalForce::RightGRF Data source being set to SRRun01_grf
[info] ExternalForce::LeftGRF Data source being set to SRRun01_grf
[info] Storage: read data file = SRRun01_grf.mot (nr=16005 nc=19)
[info] ExternalForce::RightGRF Data source being set to SRRun01_grf
[info] ExternalForce::LeftGRF Data source being set to SRRun01_grf
[info] Storage: read data file = SRRun01_grf.mot (nr=16005 nc=19)
[info] ExternalForce::RightGRF Data source being set to SRRun01_grf
[info] ExternalForce::LeftGRF Data source being set to SRRun01_grf
[info] Storage: read data file = SRRun01_grf.mot (nr=16005 nc=19)
[info] ExternalForce::RightGRF Data source being set to SRRun01_grf
[info] ExternalForce::LeftGRF Data source being set to SRRun01_grf
[info] Storage: read data file = SRRun01_grf.mot (nr=16005 nc=19)
[info] ExternalForce::RightGRF Data source being set to SRRun01_grf
[info] ExternalForce::LeftGRF Data source being set to SRRun01_grf
[info] Storage: read data file = SRRun01_grf.mot (nr=16005 nc=19)
[info] ExternalForce::RightGRF Data source being set to SRRun01_grf
[info] ExternalForce::LeftGRF Data source being set to SRRun01_grf
[info] Storage: read data file = SRRun01_grf.mot (nr=16005 nc=19)
[info] ExternalForce::RightGRF Data source being set to SRRun01_grf
[info] ExternalForce::LeftGRF Data source being set to SRRun01_grf
[info] Storage: read data file = SRRun01_grf.mot (nr=16005 nc=19)
[info] ExternalForce::RightGRF Data source being set to SRRun01_grf
[info] ExternalForce::LeftGRF Data source being set to SRRun01_grf
[info] Storage: read data file = SRRun01_grf.mot (nr=16005 nc=19)
[info] ExternalForce::RightGRF Data source being set to SRRun01_grf
[info] ExternalForce::LeftGRF Data source being set to SRRun01_grf
[info] Storage: read data file = SRRun01_grf.mot (nr=16005 nc=19)
[info] ExternalForce::RightGRF Data source being set to SRRun01_grf
[info] ExternalForce::LeftGRF Data source being set to SRRun01_grf
[info] Storage: read data file = SRRun01_grf.mot (nr=16005 nc=19)
[info] ExternalForce::RightGRF Data source being set to SRRun01_grf
[info] ExternalForce::LeftGRF Data source being set to SRRun01_grf
[info] Storage: read data file = SRRun01_grf.mot (nr=16005 nc=19)
[info] ExternalForce::RightGRF Data source being set to SRRun01_grf
[info] ExternalForce::LeftGRF Data source being set to SRRun01_grf
[info] Storage: read data file = SRRun01_grf.mot (nr=16005 nc=19)
[info] ExternalForce::RightGRF Data source being set to SRRun01_grf
[info] ExternalForce::LeftGRF Data source being set to SRRun01_grf
[info] Storage: read data file = SRRun01_grf.mot (nr=16005 nc=19)
[info] ExternalForce::RightGRF Data source being set to SRRun01_grf
[info] ExternalForce::LeftGRF Data source being set to SRRun01_grf
[info] Storage: read data file = SRRun01_grf.mot (nr=16005 nc=19)
[info] ExternalForce::RightGRF Data source being set to SRRun01_grf
[info] ExternalForce::LeftGRF Data source being set to SRRun01_grf
[info] Storage: read data file = SRRun01_grf.mot (nr=16005 nc=19)
[info] ExternalForce::RightGRF Data source being set to SRRun01_grf
[info] ExternalForce::LeftGRF Data source being set to SRRun01_grf
[info] Storage: read data file = SRRun01_grf.mot (nr=16005 nc=19)
[info] ExternalForce::RightGRF Data source being set to SRRun01_grf
[info] ExternalForce::LeftGRF Data source being set to SRRun01_grf
[info] Storage: read data file = SRRun01_grf.mot (nr=16005 nc=19)
[info] ExternalForce::RightGRF Data source being set to SRRun01_grf
[info] ExternalForce::LeftGRF Data source being set to SRRun01_grf
[info] Storage: read data file = SRRun01_grf.mot (nr=16005 nc=19)
[info] ExternalForce::RightGRF Data source being set to SRRun01_grf
[info] ExternalForce::LeftGRF Data source being set to SRRun01_grf
[info] Storage: read data file = SRRun01_grf.mot (nr=16005 nc=19)
[info] ExternalForce::RightGRF Data source being set to SRRun01_grf
[info] ExternalForce::LeftGRF Data source being set to SRRun01_grf
[info] Storage: read data file = SRRun01_grf.mot (nr=16005 nc=19)
[info] ExternalForce::RightGRF Data source being set to SRRun01_grf
[info] ExternalForce::LeftGRF Data source being set to SRRun01_grf
[info] Storage: read data file = SRRun01_grf.mot (nr=16005 nc=19)
[info] ExternalForce::RightGRF Data source being set to SRRun01_grf
[info] ExternalForce::LeftGRF Data source being set to SRRun01_grf
[info] Storage: read data file = SRRun01_grf.mot (nr=16005 nc=19)
[info] ExternalForce::RightGRF Data source being set to SRRun01_grf
[info] ExternalForce::LeftGRF Data source being set to SRRun01_grf
[info] Storage: read data file = SRRun01_grf.mot (nr=16005 nc=19)
[info] ExternalForce::RightGRF Data source being set to SRRun01_grf
[info] ExternalForce::LeftGRF Data source being set to SRRun01_grf
[info] Storage: read data file = SRRun01_grf.mot (nr=16005 nc=19)
[info] ExternalForce::RightGRF Data source being set to SRRun01_grf
[info] ExternalForce::LeftGRF Data source being set to SRRun01_grf
[info] Storage: read data file = SRRun01_grf.mot (nr=16005 nc=19)
[info] ExternalForce::RightGRF Data source being set to SRRun01_grf
[info] ExternalForce::LeftGRF Data source being set to SRRun01_grf
[info] Storage: read data file = SRRun01_grf.mot (nr=16005 nc=19)
[info] ExternalForce::RightGRF Data source being set to SRRun01_grf
[info] ExternalForce::LeftGRF Data source being set to SRRun01_grf
[info] Storage: read data file = SRRun01_grf.mot (nr=16005 nc=19)
[info] ExternalForce::RightGRF Data source being set to SRRun01_grf
[info] ExternalForce::LeftGRF Data source being set to SRRun01_grf
[info] Storage: read data file = SRRun01_grf.mot (nr=16005 nc=19)
[info] ExternalForce::RightGRF Data source being set to SRRun01_grf
[info] ExternalForce::LeftGRF Data source being set to SRRun01_grf
[info] Storage: read data file = SRRun01_grf.mot (nr=16005 nc=19)
[info] ExternalForce::RightGRF Data source being set to SRRun01_grf
[info] ExternalForce::LeftGRF Data source being set to SRRun01_grf
[info] Storage: read data file = SRRun01_grf.mot (nr=16005 nc=19)
[info] ExternalForce::RightGRF Data source being set to SRRun01_grf
[info] ExternalForce::LeftGRF Data source being set to SRRun01_grf
[info] Storage: read data file = SRRun01_grf.mot (nr=16005 nc=19)
[info] ExternalForce::RightGRF Data source being set to SRRun01_grf
[info] ExternalForce::LeftGRF Data source being set to SRRun01_grf
[info] Storage: read data file = SRRun01_grf.mot (nr=16005 nc=19)
[info] ExternalForce::RightGRF Data source being set to SRRun01_grf
[info] ExternalForce::LeftGRF Data source being set to SRRun01_grf
[info] Storage: read data file = SRRun01_grf.mot (nr=16005 nc=19)
[info] ExternalForce::RightGRF Data source being set to SRRun01_grf
[info] ExternalForce::LeftGRF Data source being set to SRRun01_grf
[info] Storage: read data file = SRRun01_grf.mot (nr=16005 nc=19)
[info] ExternalForce::RightGRF Data source being set to SRRun01_grf
[info] ExternalForce::LeftGRF Data source being set to SRRun01_grf
[info] Storage: read data file = SRRun01_grf.mot (nr=16005 nc=19)
[info] ExternalForce::RightGRF Data source being set to SRRun01_grf
[info] ExternalForce::LeftGRF Data source being set to SRRun01_grf
[info] Storage: read data file = SRRun01_grf.mot (nr=16005 nc=19)
[info] ExternalForce::RightGRF Data source being set to SRRun01_grf
[info] ExternalForce::LeftGRF Data source being set to SRRun01_grf
[info] Storage: read data file = SRRun01_grf.mot (nr=16005 nc=19)
[info] ExternalForce::RightGRF Data source being set to SRRun01_grf
[info] ExternalForce::LeftGRF Data source being set to SRRun01_grf
[info] Storage: read data file = SRRun01_grf.mot (nr=16005 nc=19)
[info] ExternalForce::RightGRF Data source being set to SRRun01_grf
[info] ExternalForce::LeftGRF Data source being set to SRRun01_grf
[info] Storage: read data file = SRRun01_grf.mot (nr=16005 nc=19)
[info] ExternalForce::RightGRF Data source being set to SRRun01_grf
[info] ExternalForce::LeftGRF Data source being set to SRRun01_grf
[info] Storage: read data file = SRRun01_grf.mot (nr=16005 nc=19)
[info] ExternalForce::RightGRF Data source being set to SRRun01_grf
[info] ExternalForce::LeftGRF Data source being set to SRRun01_grf
[info] Storage: read data file = SRRun01_grf.mot (nr=16005 nc=19)
[info] ExternalForce::RightGRF Data source being set to SRRun01_grf
[info] ExternalForce::LeftGRF Data source being set to SRRun01_grf
[info] Storage: read data file = SRRun01_grf.mot (nr=16005 nc=19)
[info] ExternalForce::RightGRF Data source being set to SRRun01_grf
[info] ExternalForce::LeftGRF Data source being set to SRRun01_grf
[info] Storage: read data file = SRRun01_grf.mot (nr=16005 nc=19)
[info] ExternalForce::RightGRF Data source being set to SRRun01_grf
[info] ExternalForce::LeftGRF Data source being set to SRRun01_grf
[info] Storage: read data file = SRRun01_grf.mot (nr=16005 nc=19)
[info] ExternalForce::RightGRF Data source being set to SRRun01_grf
[info] ExternalForce::LeftGRF Data source being set to SRRun01_grf
[info] Storage: read data file = SRRun01_grf.mot (nr=16005 nc=19)
[info] ExternalForce::RightGRF Data source being set to SRRun01_grf
[info] ExternalForce::LeftGRF Data source being set to SRRun01_grf
[info] Storage: read data file = SRRun01_grf.mot (nr=16005 nc=19)
[info] ExternalForce::RightGRF Data source being set to SRRun01_grf
[info] ExternalForce::LeftGRF Data source being set to SRRun01_grf
[info] Storage: read data file = SRRun01_grf.mot (nr=16005 nc=19)
[info] ExternalForce::RightGRF Data source being set to SRRun01_grf
[info] ExternalForce::LeftGRF Data source being set to SRRun01_grf
[info] Storage: read data file = SRRun01_grf.mot (nr=16005 nc=19)
[info] ExternalForce::RightGRF Data source being set to SRRun01_grf
[info] ExternalForce::LeftGRF Data source being set to SRRun01_grf
[info] Storage: read data file = SRRun01_grf.mot (nr=16005 nc=19)
[info] ExternalForce::RightGRF Data source being set to SRRun01_grf
[info] ExternalForce::LeftGRF Data source being set to SRRun01_grf
[info] Storage: read data file = SRRun01_grf.mot (nr=16005 nc=19)
[info] ExternalForce::RightGRF Data source being set to SRRun01_grf
[info] ExternalForce::LeftGRF Data source being set to SRRun01_grf
[info] Storage: read data file = SRRun01_grf.mot (nr=16005 nc=19)
[info] ExternalForce::RightGRF Data source being set to SRRun01_grf
[info] ExternalForce::LeftGRF Data source being set to SRRun01_grf
[info] Storage: read data file = SRRun01_grf.mot (nr=16005 nc=19)
[info] ExternalForce::RightGRF Data source being set to SRRun01_grf
[info] ExternalForce::LeftGRF Data source being set to SRRun01_grf
[info] Storage: read data file = SRRun01_grf.mot (nr=16005 nc=19)
[info] ExternalForce::RightGRF Data source being set to SRRun01_grf
[info] ExternalForce::LeftGRF Data source being set to SRRun01_grf
[info] Storage: read data file = SRRun01_grf.mot (nr=16005 nc=19)
[info] ExternalForce::RightGRF Data source being set to SRRun01_grf
[info] ExternalForce::LeftGRF Data source being set to SRRun01_grf
[info] Storage: read data file = SRRun01_grf.mot (nr=16005 nc=19)
[info] ExternalForce::RightGRF Data source being set to SRRun01_grf
[info] ExternalForce::LeftGRF Data source being set to SRRun01_grf
[info] Storage: read data file = SRRun01_grf.mot (nr=16005 nc=19)
[info] ExternalForce::RightGRF Data source being set to SRRun01_grf
[info] ExternalForce::LeftGRF Data source being set to SRRun01_grf
[info] Storage: read data file = SRRun01_grf.mot (nr=16005 nc=19)
[info] ExternalForce::RightGRF Data source being set to SRRun01_grf
[info] ExternalForce::LeftGRF Data source being set to SRRun01_grf
[info] Storage: read data file = SRRun01_grf.mot (nr=16005 nc=19)
[info] ExternalForce::RightGRF Data source being set to SRRun01_grf
[info] ExternalForce::LeftGRF Data source being set to SRRun01_grf
[info] Storage: read data file = SRRun01_grf.mot (nr=16005 nc=19)
[info] ExternalForce::RightGRF Data source being set to SRRun01_grf
[info] ExternalForce::LeftGRF Data source being set to SRRun01_grf
[info] Storage: read data file = SRRun01_grf.mot (nr=16005 nc=19)
[info] ExternalForce::RightGRF Data source being set to SRRun01_grf
[info] ExternalForce::LeftGRF Data source being set to SRRun01_grf
[info] Storage: read data file = SRRun01_grf.mot (nr=16005 nc=19)
[info] ExternalForce::RightGRF Data source being set to SRRun01_grf
[info] ExternalForce::LeftGRF Data source being set to SRRun01_grf
[info] Storage: read data file = SRRun01_grf.mot (nr=16005 nc=19)
[info] ExternalForce::RightGRF Data source being set to SRRun01_grf
[info] ExternalForce::LeftGRF Data source being set to SRRun01_grf
[info] Storage: read data file = SRRun01_grf.mot (nr=16005 nc=19)
[info] ExternalForce::RightGRF Data source being set to SRRun01_grf
[info] ExternalForce::LeftGRF Data source being set to SRRun01_grf
[info] Storage: read data file = SRRun01_grf.mot (nr=16005 nc=19)
[info] ExternalForce::RightGRF Data source being set to SRRun01_grf
[info] ExternalForce::LeftGRF Data source being set to SRRun01_grf
[info] Storage: read data file = SRRun01_grf.mot (nr=16005 nc=19)
[info] ExternalForce::RightGRF Data source being set to SRRun01_grf
[info] ExternalForce::LeftGRF Data source being set to SRRun01_grf
[info] Storage: read data file = SRRun01_grf.mot (nr=16005 nc=19)
[info] ExternalForce::RightGRF Data source being set to SRRun01_grf
[info] ExternalForce::LeftGRF Data source being set to SRRun01_grf
[info] Storage: read data file = SRRun01_grf.mot (nr=16005 nc=19)
[info] ExternalForce::RightGRF Data source being set to SRRun01_grf
[info] ExternalForce::LeftGRF Data source being set to SRRun01_grf
[info] Storage: read data file = SRRun01_grf.mot (nr=16005 nc=19)
[info] ExternalForce::RightGRF Data source being set to SRRun01_grf
[info] ExternalForce::LeftGRF Data source being set to SRRun01_grf
[info] Storage: read data file = SRRun01_grf.mot (nr=16005 nc=19)
[info] ExternalForce::RightGRF Data source being set to SRRun01_grf
[info] ExternalForce::LeftGRF Data source being set to SRRun01_grf
[info] Storage: read data file = SRRun01_grf.mot (nr=16005 nc=19)
[info] ExternalForce::RightGRF Data source being set to SRRun01_grf
[info] ExternalForce::LeftGRF Data source being set to SRRun01_grf
[info] Storage: read data file = SRRun01_grf.mot (nr=16005 nc=19)
[info] ExternalForce::RightGRF Data source being set to SRRun01_grf
[info] ExternalForce::LeftGRF Data source being set to SRRun01_grf
[info] Storage: read data file = SRRun01_grf.mot (nr=16005 nc=19)
[info] ExternalForce::RightGRF Data source being set to SRRun01_grf
[info] ExternalForce::LeftGRF Data source being set to SRRun01_grf
[info] Storage: read data file = SRRun01_grf.mot (nr=16005 nc=19)
[info] ExternalForce::RightGRF Data source being set to SRRun01_grf
[info] ExternalForce::LeftGRF Data source being set to SRRun01_grf
[info] Storage: read data file = SRRun01_grf.mot (nr=16005 nc=19)
[info] ExternalForce::RightGRF Data source being set to SRRun01_grf
[info] ExternalForce::LeftGRF Data source being set to SRRun01_grf
[info] Storage: read data file = SRRun01_grf.mot (nr=16005 nc=19)
[info] ExternalForce::RightGRF Data source being set to SRRun01_grf
[info] ExternalForce::LeftGRF Data source being set to SRRun01_grf
[info] Storage: read data file = SRRun01_grf.mot (nr=16005 nc=19)
[info] ExternalForce::RightGRF Data source being set to SRRun01_grf
[info] ExternalForce::LeftGRF Data source being set to SRRun01_grf
[info] Storage: read data file = SRRun01_grf.mot (nr=16005 nc=19)
[info] ExternalForce::RightGRF Data source being set to SRRun01_grf
[info] ExternalForce::LeftGRF Data source being set to SRRun01_grf
[info] Storage: read data file = SRRun01_grf.mot (nr=16005 nc=19)
[info] ExternalForce::RightGRF Data source being set to SRRun01_grf
[info] ExternalForce::LeftGRF Data source being set to SRRun01_grf
[info] Storage: read data file = SRRun01_grf.mot (nr=16005 nc=19)
[info] ExternalForce::RightGRF Data source being set to SRRun01_grf
[info] ExternalForce::LeftGRF Data source being set to SRRun01_grf
[info] Storage: read data file = SRRun01_grf.mot (nr=16005 nc=19)
[info] ExternalForce::RightGRF Data source being set to SRRun01_grf
[info] ExternalForce::LeftGRF Data source being set to SRRun01_grf
[info] Storage: read data file = SRRun01_grf.mot (nr=16005 nc=19)
[info] ExternalForce::RightGRF Data source being set to SRRun01_grf
[info] ExternalForce::LeftGRF Data source being set to SRRun01_grf
[info] Storage: read data file = SRRun01_grf.mot (nr=16005 nc=19)
[info] ExternalForce::RightGRF Data source being set to SRRun01_grf
[info] ExternalForce::LeftGRF Data source being set to SRRun01_grf
[info] Storage: read data file = SRRun01_grf.mot (nr=16005 nc=19)
[info] ExternalForce::RightGRF Data source being set to SRRun01_grf
[info] ExternalForce::LeftGRF Data source being set to SRRun01_grf
[info] Storage: read data file = SRRun01_grf.mot (nr=16005 nc=19)
[info] ExternalForce::RightGRF Data source being set to SRRun01_grf
[info] ExternalForce::LeftGRF Data source being set to SRRun01_grf
[info] Storage: read data file = SRRun01_grf.mot (nr=16005 nc=19)
[info] ExternalForce::RightGRF Data source being set to SRRun01_grf
[info] ExternalForce::LeftGRF Data source being set to SRRun01_grf
[info] Storage: read data file = SRRun01_grf.mot (nr=16005 nc=19)
[info] ExternalForce::RightGRF Data source being set to SRRun01_grf
[info] ExternalForce::LeftGRF Data source being set to SRRun01_grf
[info] Storage: read data file = SRRun01_grf.mot (nr=16005 nc=19)
[info] ExternalForce::RightGRF Data source being set to SRRun01_grf
[info] ExternalForce::LeftGRF Data source being set to SRRun01_grf
[info] Storage: read data file = SRRun01_grf.mot (nr=16005 nc=19)
[info] ExternalForce::RightGRF Data source being set to SRRun01_grf
[info] ExternalForce::LeftGRF Data source being set to SRRun01_grf
[info] Storage: read data file = SRRun01_grf.mot (nr=16005 nc=19)
[info] ExternalForce::RightGRF Data source being set to SRRun01_grf
[info] ExternalForce::LeftGRF Data source being set to SRRun01_grf
[info] Storage: read data file = SRRun01_grf.mot (nr=16005 nc=19)
[info] ExternalForce::RightGRF Data source being set to SRRun01_grf
[info] ExternalForce::LeftGRF Data source being set to SRRun01_grf
[info] Storage: read data file = SRRun01_grf.mot (nr=16005 nc=19)
[info] ExternalForce::RightGRF Data source being set to SRRun01_grf
[info] ExternalForce::LeftGRF Data source being set to SRRun01_grf
[info] Storage: read data file = SRRun01_grf.mot (nr=16005 nc=19)
[info] ExternalForce::RightGRF Data source being set to SRRun01_grf
[info] ExternalForce::LeftGRF Data source being set to SRRun01_grf
[info] Storage: read data file = SRRun01_grf.mot (nr=16005 nc=19)
[info] ExternalForce::RightGRF Data source being set to SRRun01_grf
[info] ExternalForce::LeftGRF Data source being set to SRRun01_grf
[info] Storage: read data file = SRRun01_grf.mot (nr=16005 nc=19)
[info] ExternalForce::RightGRF Data source being set to SRRun01_grf
[info] ExternalForce::LeftGRF Data source being set to SRRun01_grf
[info] Storage: read data file = SRRun01_grf.mot (nr=16005 nc=19)
[info] ExternalForce::RightGRF Data source being set to SRRun01_grf
[info] ExternalForce::LeftGRF Data source being set to SRRun01_grf
[info] Storage: read data file = SRRun01_grf.mot (nr=16005 nc=19)
[info] ExternalForce::RightGRF Data source being set to SRRun01_grf
[info] ExternalForce::LeftGRF Data source being set to SRRun01_grf
[info] Storage: read data file = SRRun01_grf.mot (nr=16005 nc=19)
[info] ExternalForce::RightGRF Data source being set to SRRun01_grf
[info] ExternalForce::LeftGRF Data source being set to SRRun01_grf
[info] Storage: read data file = SRRun01_grf.mot (nr=16005 nc=19)
[info] ExternalForce::RightGRF Data source being set to SRRun01_grf
[info] ExternalForce::LeftGRF Data source being set to SRRun01_grf
[info] Storage: read data file = SRRun01_grf.mot (nr=16005 nc=19)
[info] ExternalForce::RightGRF Data source being set to SRRun01_grf
[info] ExternalForce::LeftGRF Data source being set to SRRun01_grf
[info] Storage: read data file = SRRun01_grf.mot (nr=16005 nc=19)
[info] ExternalForce::RightGRF Data source being set to SRRun01_grf
[info] ExternalForce::LeftGRF Data source being set to SRRun01_grf
[info] Storage: read data file = SRRun01_grf.mot (nr=16005 nc=19)
[info] ExternalForce::RightGRF Data source being set to SRRun01_grf
[info] ExternalForce::LeftGRF Data source being set to SRRun01_grf
[info] Storage: read data file = SRRun01_grf.mot (nr=16005 nc=19)
[info] ExternalForce::RightGRF Data source being set to SRRun01_grf
[info] ExternalForce::LeftGRF Data source being set to SRRun01_grf
[info] Storage: read data file = SRRun01_grf.mot (nr=16005 nc=19)
[info] ExternalForce::RightGRF Data source being set to SRRun01_grf
[info] ExternalForce::LeftGRF Data source being set to SRRun01_grf
[info] Storage: read data file = SRRun01_grf.mot (nr=16005 nc=19)
[info] ExternalForce::RightGRF Data source being set to SRRun01_grf
[info] ExternalForce::LeftGRF Data source being set to SRRun01_grf
[info] Storage: read data file = SRRun01_grf.mot (nr=16005 nc=19)
[info] ExternalForce::RightGRF Data source being set to SRRun01_grf
[info] ExternalForce::LeftGRF Data source being set to SRRun01_grf
[info] Storage: read data file = SRRun01_grf.mot (nr=16005 nc=19)
[info] ExternalForce::RightGRF Data source being set to SRRun01_grf
[info] ExternalForce::LeftGRF Data source being set to SRRun01_grf
[info] Storage: read data file = SRRun01_grf.mot (nr=16005 nc=19)
[info] ExternalForce::RightGRF Data source being set to SRRun01_grf
[info] ExternalForce::LeftGRF Data source being set to SRRun01_grf
[info] Storage: read data file = SRRun01_grf.mot (nr=16005 nc=19)
[info] ExternalForce::RightGRF Data source being set to SRRun01_grf
[info] ExternalForce::LeftGRF Data source being set to SRRun01_grf
[info] Storage: read data file = SRRun01_grf.mot (nr=16005 nc=19)
[info] ExternalForce::RightGRF Data source being set to SRRun01_grf
[info] ExternalForce::LeftGRF Data source being set to SRRun01_grf
[info] Storage: read data file = SRRun01_grf.mot (nr=16005 nc=19)
[info] ExternalForce::RightGRF Data source being set to SRRun01_grf
[info] ExternalForce::LeftGRF Data source being set to SRRun01_grf
[info] Storage: read data file = SRRun01_grf.mot (nr=16005 nc=19)
[info] ExternalForce::RightGRF Data source being set to SRRun01_grf
[info] ExternalForce::LeftGRF Data source being set to SRRun01_grf
[info] Storage: read data file = SRRun01_grf.mot (nr=16005 nc=19)
[info] ExternalForce::RightGRF Data source being set to SRRun01_grf
[info] ExternalForce::LeftGRF Data source being set to SRRun01_grf
[info] Storage: read data file = SRRun01_grf.mot (nr=16005 nc=19)
[info] ExternalForce::RightGRF Data source being set to SRRun01_grf
[info] ExternalForce::LeftGRF Data source being set to SRRun01_grf
[info] Storage: read data file = SRRun01_grf.mot (nr=16005 nc=19)
[info] ExternalForce::RightGRF Data source being set to SRRun01_grf
[info] ExternalForce::LeftGRF Data source being set to SRRun01_grf
[info] Storage: read data file = SRRun01_grf.mot (nr=16005 nc=19)
[info] ExternalForce::RightGRF Data source being set to SRRun01_grf
[info] ExternalForce::LeftGRF Data source being set to SRRun01_grf
[info] Storage: read data file = SRRun01_grf.mot (nr=16005 nc=19)
[info] ExternalForce::RightGRF Data source being set to SRRun01_grf
[info] ExternalForce::LeftGRF Data source being set to SRRun01_grf
[info] Storage: read data file = SRRun01_grf.mot (nr=16005 nc=19)
[info] ExternalForce::RightGRF Data source being set to SRRun01_grf
[info] ExternalForce::LeftGRF Data source being set to SRRun01_grf
[info] Storage: read data file = SRRun01_grf.mot (nr=16005 nc=19)
[info] ExternalForce::RightGRF Data source being set to SRRun01_grf
[info] ExternalForce::LeftGRF Data source being set to SRRun01_grf
[info] Storage: read data file = SRRun01_grf.mot (nr=16005 nc=19)
[info] ExternalForce::RightGRF Data source being set to SRRun01_grf
[info] ExternalForce::LeftGRF Data source being set to SRRun01_grf
[info] Storage: read data file = SRRun01_grf.mot (nr=16005 nc=19)
[info] ExternalForce::RightGRF Data source being set to SRRun01_grf
[info] ExternalForce::LeftGRF Data source being set to SRRun01_grf
[info] Storage: read data file = SRRun01_grf.mot (nr=16005 nc=19)
[info] ExternalForce::RightGRF Data source being set to SRRun01_grf
[info] ExternalForce::LeftGRF Data source being set to SRRun01_grf
[info] Storage: read data file = SRRun01_grf.mot (nr=16005 nc=19)
[info] ExternalForce::RightGRF Data source being set to SRRun01_grf
[info] ExternalForce::LeftGRF Data source being set to SRRun01_grf
[info] Storage: read data file = SRRun01_grf.mot (nr=16005 nc=19)
[info] ExternalForce::RightGRF Data source being set to SRRun01_grf
[info] ExternalForce::LeftGRF Data source being set to SRRun01_grf
[info] Storage: read data file = SRRun01_grf.mot (nr=16005 nc=19)
[info] ExternalForce::RightGRF Data source being set to SRRun01_grf
[info] ExternalForce::LeftGRF Data source being set to SRRun01_grf
[info] Storage: read data file = SRRun01_grf.mot (nr=16005 nc=19)
[info] ExternalForce::RightGRF Data source being set to SRRun01_grf
[info] ExternalForce::LeftGRF Data source being set to SRRun01_grf
[info] Storage: read data file = SRRun01_grf.mot (nr=16005 nc=19)
[info] ExternalForce::RightGRF Data source being set to SRRun01_grf
[info] ExternalForce::LeftGRF Data source being set to SRRun01_grf
[info] Storage: read data file = SRRun01_grf.mot (nr=16005 nc=19)
[info] ExternalForce::RightGRF Data source being set to SRRun01_grf
[info] ExternalForce::LeftGRF Data source being set to SRRun01_grf
[info] Storage: read data file = SRRun01_grf.mot (nr=16005 nc=19)
[info] ExternalForce::RightGRF Data source being set to SRRun01_grf
[info] ExternalForce::LeftGRF Data source being set to SRRun01_grf
[info] Storage: read data file = SRRun01_grf.mot (nr=16005 nc=19)
[info] ExternalForce::RightGRF Data source being set to SRRun01_grf
[info] ExternalForce::LeftGRF Data source being set to SRRun01_grf
[info] Storage: read data file = SRRun01_grf.mot (nr=16005 nc=19)
[info] ExternalForce::RightGRF Data source being set to SRRun01_grf
[info] ExternalForce::LeftGRF Data source being set to SRRun01_grf
[info] Storage: read data file = SRRun01_grf.mot (nr=16005 nc=19)
[info] ExternalForce::RightGRF Data source being set to SRRun01_grf
[info] ExternalForce::LeftGRF Data source being set to SRRun01_grf
[info] Storage: read data file = SRRun01_grf.mot (nr=16005 nc=19)
[info] ExternalForce::RightGRF Data source being set to SRRun01_grf
[info] ExternalForce::LeftGRF Data source being set to SRRun01_grf
[info] Storage: read data file = SRRun01_grf.mot (nr=16005 nc=19)
[info] ExternalForce::RightGRF Data source being set to SRRun01_grf
[info] ExternalForce::LeftGRF Data source being set to SRRun01_grf
[info] Storage: read data file = SRRun01_grf.mot (nr=16005 nc=19)
[info] ExternalForce::RightGRF Data source being set to SRRun01_grf
[info] ExternalForce::LeftGRF Data source being set to SRRun01_grf
[info] Storage: read data file = SRRun01_grf.mot (nr=16005 nc=19)
[info] ExternalForce::RightGRF Data source being set to SRRun01_grf
[info] ExternalForce::LeftGRF Data source being set to SRRun01_grf
[info] Storage: read data file = SRRun01_grf.mot (nr=16005 nc=19)
[info] ExternalForce::RightGRF Data source being set to SRRun01_grf
[info] ExternalForce::LeftGRF Data source being set to SRRun01_grf
[info] Storage: read data file = SRRun01_grf.mot (nr=16005 nc=19)
[info] ExternalForce::RightGRF Data source being set to SRRun01_grf
[info] ExternalForce::LeftGRF Data source being set to SRRun01_grf
[info] Storage: read data file = SRRun01_grf.mot (nr=16005 nc=19)
[info] ExternalForce::RightGRF Data source being set to SRRun01_grf
[info] ExternalForce::LeftGRF Data source being set to SRRun01_grf
[info] Storage: read data file = SRRun01_grf.mot (nr=16005 nc=19)
[info] ExternalForce::RightGRF Data source being set to SRRun01_grf
[info] ExternalForce::LeftGRF Data source being set to SRRun01_grf
[info] Storage: read data file = SRRun01_grf.mot (nr=16005 nc=19)
[info] ExternalForce::RightGRF Data source being set to SRRun01_grf
[info] ExternalForce::LeftGRF Data source being set to SRRun01_grf
[info] Storage: read data file = SRRun01_grf.mot (nr=16005 nc=19)
[info] ExternalForce::RightGRF Data source being set to SRRun01_grf
[info] ExternalForce::LeftGRF Data source being set to SRRun01_grf
[info] Storage: read data file = SRRun01_grf.mot (nr=16005 nc=19)
[info] ExternalForce::RightGRF Data source being set to SRRun01_grf
[info] ExternalForce::LeftGRF Data source being set to SRRun01_grf
[info] Storage: read data file = SRRun01_grf.mot (nr=16005 nc=19)
[info] ExternalForce::RightGRF Data source being set to SRRun01_grf
[info] ExternalForce::LeftGRF Data source being set to SRRun01_grf
[info] Storage: read data file = SRRun01_grf.mot (nr=16005 nc=19)
[info] ExternalForce::RightGRF Data source being set to SRRun01_grf
[info] ExternalForce::LeftGRF Data source being set to SRRun01_grf
[info] Storage: read data file = SRRun01_grf.mot (nr=16005 nc=19)
[info] ExternalForce::RightGRF Data source being set to SRRun01_grf
[info] ExternalForce::LeftGRF Data source being set to SRRun01_grf
[info] Storage: read data file = SRRun01_grf.mot (nr=16005 nc=19)
[info] ExternalForce::RightGRF Data source being set to SRRun01_grf
[info] ExternalForce::LeftGRF Data source being set to SRRun01_grf
[info] Storage: read data file = SRRun01_grf.mot (nr=16005 nc=19)
[info] ExternalForce::RightGRF Data source being set to SRRun01_grf
[info] ExternalForce::LeftGRF Data source being set to SRRun01_grf
[info] Storage: read data file = SRRun01_grf.mot (nr=16005 nc=19)
[info] ExternalForce::RightGRF Data source being set to SRRun01_grf
[info] ExternalForce::LeftGRF Data source being set to SRRun01_grf
[info] Storage: read data file = SRRun01_grf.mot (nr=16005 nc=19)
[info] ExternalForce::RightGRF Data source being set to SRRun01_grf
[info] ExternalForce::LeftGRF Data source being set to SRRun01_grf
[info] Storage: read data file = SRRun01_grf.mot (nr=16005 nc=19)
[info] ExternalForce::RightGRF Data source being set to SRRun01_grf
[info] ExternalForce::LeftGRF Data source being set to SRRun01_grf
[info] Storage: read data file = SRRun01_grf.mot (nr=16005 nc=19)
[info] ExternalForce::RightGRF Data source being set to SRRun01_grf
[info] ExternalForce::LeftGRF Data source being set to SRRun01_grf
[info] Storage: read data file = SRRun01_grf.mot (nr=16005 nc=19)
[info] ExternalForce::RightGRF Data source being set to SRRun01_grf
[info] ExternalForce::LeftGRF Data source being set to SRRun01_grf
[info] Storage: read data file = SRRun01_grf.mot (nr=16005 nc=19)
[info] ExternalForce::RightGRF Data source being set to SRRun01_grf
[info] ExternalForce::LeftGRF Data source being set to SRRun01_grf
[info] Storage: read data file = SRRun01_grf.mot (nr=16005 nc=19)
[info] ExternalForce::RightGRF Data source being set to SRRun01_grf
[info] ExternalForce::LeftGRF Data source being set to SRRun01_grf
[info] Storage: read data file = SRRun01_grf.mot (nr=16005 nc=19)
[info] ExternalForce::RightGRF Data source being set to SRRun01_grf
[info] ExternalForce::LeftGRF Data source being set to SRRun01_grf
[info] Storage: read data file = SRRun01_grf.mot (nr=16005 nc=19)
[info] ExternalForce::RightGRF Data source being set to SRRun01_grf
[info] ExternalForce::LeftGRF Data source being set to SRRun01_grf
[info] Storage: read data file = SRRun01_grf.mot (nr=16005 nc=19)
[info] ExternalForce::RightGRF Data source being set to SRRun01_grf
[info] ExternalForce::LeftGRF Data source being set to SRRun01_grf
[info] Storage: read data file = SRRun01_grf.mot (nr=16005 nc=19)
[info] ExternalForce::RightGRF Data source being set to SRRun01_grf
[info] ExternalForce::LeftGRF Data source being set to SRRun01_grf
[info] Storage: read data file = SRRun01_grf.mot (nr=16005 nc=19)
[info] ExternalForce::RightGRF Data source being set to SRRun01_grf
[info] ExternalForce::LeftGRF Data source being set to SRRun01_grf
[info] Storage: read data file = SRRun01_grf.mot (nr=16005 nc=19)
[info] ExternalForce::RightGRF Data source being set to SRRun01_grf
[info] ExternalForce::LeftGRF Data source being set to SRRun01_grf
[info] Storage: read data file = SRRun01_grf.mot (nr=16005 nc=19)
[info] ExternalForce::RightGRF Data source being set to SRRun01_grf
[info] ExternalForce::LeftGRF Data source being set to SRRun01_grf
[info] Storage: read data file = SRRun01_grf.mot (nr=16005 nc=19)
[info] ExternalForce::RightGRF Data source being set to SRRun01_grf
[info] ExternalForce::LeftGRF Data source being set to SRRun01_grf
[info] Storage: read data file = SRRun01_grf.mot (nr=16005 nc=19)
[info] ExternalForce::RightGRF Data source being set to SRRun01_grf
[info] ExternalForce::LeftGRF Data source being set to SRRun01_grf
[info] Storage: read data file = SRRun01_grf.mot (nr=16005 nc=19)
[info] ExternalForce::RightGRF Data source being set to SRRun01_grf
[info] ExternalForce::LeftGRF Data source being set to SRRun01_grf
[info] Storage: read data file = SRRun01_grf.mot (nr=16005 nc=19)
[info] ExternalForce::RightGRF Data source being set to SRRun01_grf
[info] ExternalForce::LeftGRF Data source being set to SRRun01_grf
[info] Storage: read data file = SRRun01_grf.mot (nr=16005 nc=19)
[info] ExternalForce::RightGRF Data source being set to SRRun01_grf
[info] ExternalForce::LeftGRF Data source being set to SRRun01_grf
[info] Storage: read data file = SRRun01_grf.mot (nr=16005 nc=19)
[info] ExternalForce::RightGRF Data source being set to SRRun01_grf
[info] ExternalForce::LeftGRF Data source being set to SRRun01_grf
[info] Storage: read data file = SRRun01_grf.mot (nr=16005 nc=19)
[info] ExternalForce::RightGRF Data source being set to SRRun01_grf
[info] ExternalForce::LeftGRF Data source being set to SRRun01_grf
[info] Storage: read data file = SRRun01_grf.mot (nr=16005 nc=19)
[info] ExternalForce::RightGRF Data source being set to SRRun01_grf
[info] ExternalForce::LeftGRF Data source being set to SRRun01_grf
[info] Storage: read data file = SRRun01_grf.mot (nr=16005 nc=19)
[info] ExternalForce::RightGRF Data source being set to SRRun01_grf
[info] ExternalForce::LeftGRF Data source being set to SRRun01_grf
[info] Storage: read data file = SRRun01_grf.mot (nr=16005 nc=19)
[info] ExternalForce::RightGRF Data source being set to SRRun01_grf
[info] ExternalForce::LeftGRF Data source being set to SRRun01_grf
[info] Storage: read data file = SRRun01_grf.mot (nr=16005 nc=19)
[info] ExternalForce::RightGRF Data source being set to SRRun01_grf
[info] ExternalForce::LeftGRF Data source being set to SRRun01_grf
[info] Storage: read data file = SRRun01_grf.mot (nr=16005 nc=19)
[info] ExternalForce::RightGRF Data source being set to SRRun01_grf
[info] ExternalForce::LeftGRF Data source being set to SRRun01_grf
[info] Storage: read data file = SRRun01_grf.mot (nr=16005 nc=19)
[info] ExternalForce::RightGRF Data source being set to SRRun01_grf
[info] ExternalForce::LeftGRF Data source being set to SRRun01_grf
[info] Storage: read data file = SRRun01_grf.mot (nr=16005 nc=19)
[info] ExternalForce::RightGRF Data source being set to SRRun01_grf
[info] ExternalForce::LeftGRF Data source being set to SRRun01_grf
[info] Storage: read data file = SRRun01_grf.mot (nr=16005 nc=19)
[info] ExternalForce::RightGRF Data source being set to SRRun01_grf
[info] ExternalForce::LeftGRF Data source being set to SRRun01_grf
[info] Storage: read data file = SRRun01_grf.mot (nr=16005 nc=19)
[info] ExternalForce::RightGRF Data source being set to SRRun01_grf
[info] ExternalForce::LeftGRF Data source being set to SRRun01_grf
[info] Storage: read data file = SRRun01_grf.mot (nr=16005 nc=19)
[info] ExternalForce::RightGRF Data source being set to SRRun01_grf
[info] ExternalForce::LeftGRF Data source being set to SRRun01_grf
[info] Storage: read data file = SRRun01_grf.mot (nr=16005 nc=19)
[info] ExternalForce::RightGRF Data source being set to SRRun01_grf
[info] ExternalForce::LeftGRF Data source being set to SRRun01_grf
[info] Storage: read data file = SRRun01_grf.mot (nr=16005 nc=19)
[info] ExternalForce::RightGRF Data source being set to SRRun01_grf
[info] ExternalForce::LeftGRF Data source being set to SRRun01_grf
[info] Storage: read data file = SRRun01_grf.mot (nr=16005 nc=19)
[info] ExternalForce::RightGRF Data source being set to SRRun01_grf
[info] ExternalForce::LeftGRF Data source being set to SRRun01_grf
[info] Storage: read data file = SRRun01_grf.mot (nr=16005 nc=19)
[info] ExternalForce::RightGRF Data source being set to SRRun01_grf
[info] ExternalForce::LeftGRF Data source being set to SRRun01_grf
[info] Storage: read data file = SRRun01_grf.mot (nr=16005 nc=19)
[info] ExternalForce::RightGRF Data source being set to SRRun01_grf
[info] ExternalForce::LeftGRF Data source being set to SRRun01_grf
[info] Storage: read data file = SRRun01_grf.mot (nr=16005 nc=19)
[info] ExternalForce::RightGRF Data source being set to SRRun01_grf
[info] ExternalForce::LeftGRF Data source being set to SRRun01_grf
[info] Storage: read data file = SRRun01_grf.mot (nr=16005 nc=19)
[info] ExternalForce::RightGRF Data source being set to SRRun01_grf
[info] ExternalForce::LeftGRF Data source being set to SRRun01_grf
[info] Storage: read data file = SRRun01_grf.mot (nr=16005 nc=19)
[info] ExternalForce::RightGRF Data source being set to SRRun01_grf
[info] ExternalForce::LeftGRF Data source being set to SRRun01_grf
[info] Storage: read data file = SRRun01_grf.mot (nr=16005 nc=19)
[info] ExternalForce::RightGRF Data source being set to SRRun01_grf
[info] ExternalForce::LeftGRF Data source being set to SRRun01_grf
[info] Storage: read data file = SRRun01_grf.mot (nr=16005 nc=19)
[info] ExternalForce::RightGRF Data source being set to SRRun01_grf
[info] ExternalForce::LeftGRF Data source being set to SRRun01_grf
[info] Storage: read data file = SRRun01_grf.mot (nr=16005 nc=19)
[info] ExternalForce::RightGRF Data source being set to SRRun01_grf
[info] ExternalForce::LeftGRF Data source being set to SRRun01_grf
[info] Storage: read data file = SRRun01_grf.mot (nr=16005 nc=19)
[info] ExternalForce::RightGRF Data source being set to SRRun01_grf
[info] ExternalForce::LeftGRF Data source being set to SRRun01_grf
[info] Storage: read data file = SRRun01_grf.mot (nr=16005 nc=19)
[info] ExternalForce::RightGRF Data source being set to SRRun01_grf
[info] ExternalForce::LeftGRF Data source being set to SRRun01_grf
[info] Storage: read data file = SRRun01_grf.mot (nr=16005 nc=19)
[info] ExternalForce::RightGRF Data source being set to SRRun01_grf
[info] ExternalForce::LeftGRF Data source being set to SRRun01_grf
[info] Storage: read data file = SRRun01_grf.mot (nr=16005 nc=19)
[info] ExternalForce::RightGRF Data source being set to SRRun01_grf
[info] ExternalForce::LeftGRF Data source being set to SRRun01_grf
[info] Storage: read data file = SRRun01_grf.mot (nr=16005 nc=19)
[info] ExternalForce::RightGRF Data source being set to SRRun01_grf
[info] ExternalForce::LeftGRF Data source being set to SRRun01_grf
[info] Storage: read data file = SRRun01_grf.mot (nr=16005 nc=19)
[info] ExternalForce::RightGRF Data source being set to SRRun01_grf
[info] ExternalForce::LeftGRF Data source being set to SRRun01_grf
[info] Storage: read data file = SRRun01_grf.mot (nr=16005 nc=19)
[info] ExternalForce::RightGRF Data source being set to SRRun01_grf
[info] ExternalForce::LeftGRF Data source being set to SRRun01_grf
[info] Storage: read data file = SRRun01_grf.mot (nr=16005 nc=19)
[info] ExternalForce::RightGRF Data source being set to SRRun01_grf
[info] ExternalForce::LeftGRF Data source being set to SRRun01_grf
[info] Storage: read data file = SRRun01_grf.mot (nr=16005 nc=19)
[info] ExternalForce::RightGRF Data source being set to SRRun01_grf
[info] ExternalForce::LeftGRF Data source being set to SRRun01_grf
[info] Storage: read data file = SRRun01_grf.mot (nr=16005 nc=19)
[info] ExternalForce::RightGRF Data source being set to SRRun01_grf
[info] ExternalForce::LeftGRF Data source being set to SRRun01_grf
[info] Storage: read data file = SRRun01_grf.mot (nr=16005 nc=19)
[info] ExternalForce::RightGRF Data source being set to SRRun01_grf
[info] ExternalForce::LeftGRF Data source being set to SRRun01_grf
[info] Storage: read data file = SRRun01_grf.mot (nr=16005 nc=19)
[info] ExternalForce::RightGRF Data source being set to SRRun01_grf
[info] ExternalForce::LeftGRF Data source being set to SRRun01_grf
[info] Storage: read data file = SRRun01_grf.mot (nr=16005 nc=19)
[info] ExternalForce::RightGRF Data source being set to SRRun01_grf
[info] ExternalForce::LeftGRF Data source being set to SRRun01_grf
[info] Storage: read data file = SRRun01_grf.mot (nr=16005 nc=19)
[info] ExternalForce::RightGRF Data source being set to SRRun01_grf
[info] ExternalForce::LeftGRF Data source being set to SRRun01_grf
[info] Storage: read data file = SRRun01_grf.mot (nr=16005 nc=19)
[info] ExternalForce::RightGRF Data source being set to SRRun01_grf
[info] ExternalForce::LeftGRF Data source being set to SRRun01_grf
[info] Storage: read data file = SRRun01_grf.mot (nr=16005 nc=19)
[info] ExternalForce::RightGRF Data source being set to SRRun01_grf
[info] ExternalForce::LeftGRF Data source being set to SRRun01_grf
[info] Storage: read data file = SRRun01_grf.mot (nr=16005 nc=19)
[info] ExternalForce::RightGRF Data source being set to SRRun01_grf
[info] ExternalForce::LeftGRF Data source being set to SRRun01_grf
[info] Storage: read data file = SRRun01_grf.mot (nr=16005 nc=19)
[info] ExternalForce::RightGRF Data source being set to SRRun01_grf
[info] ExternalForce::LeftGRF Data source being set to SRRun01_grf
[info] Storage: read data file = SRRun01_grf.mot (nr=16005 nc=19)
[info] ExternalForce::RightGRF Data source being set to SRRun01_grf
[info] ExternalForce::LeftGRF Data source being set to SRRun01_grf
[info] Storage: read data file = SRRun01_grf.mot (nr=16005 nc=19)
[info] ExternalForce::RightGRF Data source being set to SRRun01_grf
[info] ExternalForce::LeftGRF Data source being set to SRRun01_grf
[info] Storage: read data file = SRRun01_grf.mot (nr=16005 nc=19)
[info] ExternalForce::RightGRF Data source being set to SRRun01_grf
[info] ExternalForce::LeftGRF Data source being set to SRRun01_grf
[info] Storage: read data file = SRRun01_grf.mot (nr=16005 nc=19)
[info] ExternalForce::RightGRF Data source being set to SRRun01_grf
[info] ExternalForce::LeftGRF Data source being set to SRRun01_grf
[info] Storage: read data file = SRRun01_grf.mot (nr=16005 nc=19)
[info] ExternalForce::RightGRF Data source being set to SRRun01_grf
[info] ExternalForce::LeftGRF Data source being set to SRRun01_grf
[info] Storage: read data file = SRRun01_grf.mot (nr=16005 nc=19)
[info] ExternalForce::RightGRF Data source being set to SRRun01_grf
[info] ExternalForce::LeftGRF Data source being set to SRRun01_grf
[info] Storage: read data file = SRRun01_grf.mot (nr=16005 nc=19)
[info] ExternalForce::RightGRF Data source being set to SRRun01_grf
[info] ExternalForce::LeftGRF Data source being set to SRRun01_grf
[info] Storage: read data file = SRRun01_grf.mot (nr=16005 nc=19)
[info] ExternalForce::RightGRF Data source being set to SRRun01_grf
[info] ExternalForce::LeftGRF Data source being set to SRRun01_grf
[info] Storage: read data file = SRRun01_grf.mot (nr=16005 nc=19)
[info] ExternalForce::RightGRF Data source being set to SRRun01_grf
[info] ExternalForce::LeftGRF Data source being set to SRRun01_grf
[info] Storage: read data file = SRRun01_grf.mot (nr=16005 nc=19)
[info] ExternalForce::RightGRF Data source being set to SRRun01_grf
[info] ExternalForce::LeftGRF Data source being set to SRRun01_grf
[info] Storage: read data file = SRRun01_grf.mot (nr=16005 nc=19)
[info] ExternalForce::RightGRF Data source being set to SRRun01_grf
[info] ExternalForce::LeftGRF Data source being set to SRRun01_grf
[info] Storage: read data file = SRRun01_grf.mot (nr=16005 nc=19)
[info] ExternalForce::RightGRF Data source being set to SRRun01_grf
[info] ExternalForce::LeftGRF Data source being set to SRRun01_grf
[info] Storage: read data file = SRRun01_grf.mot (nr=16005 nc=19)
[info] ExternalForce::RightGRF Data source being set to SRRun01_grf
[info] ExternalForce::LeftGRF Data source being set to SRRun01_grf
[info] Storage: read data file = SRRun01_grf.mot (nr=16005 nc=19)
[info] ExternalForce::RightGRF Data source being set to SRRun01_grf
[info] ExternalForce::LeftGRF Data source being set to SRRun01_grf
[info] Storage: read data file = SRRun01_grf.mot (nr=16005 nc=19)
[info] ExternalForce::RightGRF Data source being set to SRRun01_grf
[info] ExternalForce::LeftGRF Data source being set to SRRun01_grf
[info] Storage: read data file = SRRun01_grf.mot (nr=16005 nc=19)
[info] ExternalForce::RightGRF Data source being set to SRRun01_grf
[info] ExternalForce::LeftGRF Data source being set to SRRun01_grf
[info] Storage: read data file = SRRun01_grf.mot (nr=16005 nc=19)
[info] ExternalForce::RightGRF Data source being set to SRRun01_grf
[info] ExternalForce::LeftGRF Data source being set to SRRun01_grf
[info] Storage: read data file = SRRun01_grf.mot (nr=16005 nc=19)
[info] ExternalForce::RightGRF Data source being set to SRRun01_grf
[info] ExternalForce::LeftGRF Data source being set to SRRun01_grf
[info] Storage: read data file = SRRun01_grf.mot (nr=16005 nc=19)
[info] ExternalForce::RightGRF Data source being set to SRRun01_grf
[info] ExternalForce::LeftGRF Data source being set to SRRun01_grf
[info] Storage: read data file = SRRun01_grf.mot (nr=16005 nc=19)
[info] ExternalForce::RightGRF Data source being set to SRRun01_grf
[info] ExternalForce::LeftGRF Data source being set to SRRun01_grf
[info] Storage: read data file = SRRun01_grf.mot (nr=16005 nc=19)
[info] ExternalForce::RightGRF Data source being set to SRRun01_grf
[info] ExternalForce::LeftGRF Data source being set to SRRun01_grf
[info] Storage: read data file = SRRun01_grf.mot (nr=16005 nc=19)
[info] ExternalForce::RightGRF Data source being set to SRRun01_grf
[info] ExternalForce::LeftGRF Data source being set to SRRun01_grf
[info] Storage: read data file = SRRun01_grf.mot (nr=16005 nc=19)
[info] ExternalForce::RightGRF Data source being set to SRRun01_grf
[info] ExternalForce::LeftGRF Data source being set to SRRun01_grf
[info] Storage: read data file = SRRun01_grf.mot (nr=16005 nc=19)
[info] ExternalForce::RightGRF Data source being set to SRRun01_grf
[info] ExternalForce::LeftGRF Data source being set to SRRun01_grf
[info] Storage: read data file = SRRun01_grf.mot (nr=16005 nc=19)
[info] ExternalForce::RightGRF Data source being set to SRRun01_grf
[info] ExternalForce::LeftGRF Data source being set to SRRun01_grf
[info] Storage: read data file = SRRun01_grf.mot (nr=16005 nc=19)
[info] ExternalForce::RightGRF Data source being set to SRRun01_grf
[info] ExternalForce::LeftGRF Data source being set to SRRun01_grf
[info] Storage: read data file = SRRun01_grf.mot (nr=16005 nc=19)
[info] ExternalForce::RightGRF Data source being set to SRRun01_grf
[info] ExternalForce::LeftGRF Data source being set to SRRun01_grf
[info] Storage: read data file = SRRun01_grf.mot (nr=16005 nc=19)
[info] ExternalForce::RightGRF Data source being set to SRRun01_grf
[info] ExternalForce::LeftGRF Data source being set to SRRun01_grf
[info] Storage: read data file = SRRun01_grf.mot (nr=16005 nc=19)
[info] ExternalForce::RightGRF Data source being set to SRRun01_grf
[info] ExternalForce::LeftGRF Data source being set to SRRun01_grf
[info] Storage: read data file = SRRun01_grf.mot (nr=16005 nc=19)
[info] ExternalForce::RightGRF Data source being set to SRRun01_grf
[info] ExternalForce::LeftGRF Data source being set to SRRun01_grf
[info] Storage: read data file = SRRun01_grf.mot (nr=16005 nc=19)
[info] ExternalForce::RightGRF Data source being set to SRRun01_grf
[info] ExternalForce::LeftGRF Data source being set to SRRun01_grf
[info] Storage: read data file = SRRun01_grf.mot (nr=16005 nc=19)
[info] ExternalForce::RightGRF Data source being set to SRRun01_grf
[info] ExternalForce::LeftGRF Data source being set to SRRun01_grf
[info] Storage: read data file = SRRun01_grf.mot (nr=16005 nc=19)
[info] ExternalForce::RightGRF Data source being set to SRRun01_grf
[info] ExternalForce::LeftGRF Data source being set to SRRun01_grf
[info] Storage: read data file = SRRun01_grf.mot (nr=16005 nc=19)
[info] ExternalForce::RightGRF Data source being set to SRRun01_grf
[info] ExternalForce::LeftGRF Data source being set to SRRun01_grf
[info] Storage: read data file = SRRun01_grf.mot (nr=16005 nc=19)
[info] ExternalForce::RightGRF Data source being set to SRRun01_grf
[info] ExternalForce::LeftGRF Data source being set to SRRun01_grf
[info] Storage: read data file = SRRun01_grf.mot (nr=16005 nc=19)
[info] ExternalForce::RightGRF Data source being set to SRRun01_grf
[info] ExternalForce::LeftGRF Data source being set to SRRun01_grf
[info] Storage: read data file = SRRun01_grf.mot (nr=16005 nc=19)
[info] ExternalForce::RightGRF Data source being set to SRRun01_grf
[info] ExternalForce::LeftGRF Data source being set to SRRun01_grf
[info] Storage: read data file = SRRun01_grf.mot (nr=16005 nc=19)
[info] ExternalForce::RightGRF Data source being set to SRRun01_grf
[info] ExternalForce::LeftGRF Data source being set to SRRun01_grf
[info] Storage: read data file = SRRun01_grf.mot (nr=16005 nc=19)
[info] ExternalForce::RightGRF Data source being set to SRRun01_grf
[info] ExternalForce::LeftGRF Data source being set to SRRun01_grf
[info] Storage: read data file = SRRun01_grf.mot (nr=16005 nc=19)
[info] ExternalForce::RightGRF Data source being set to SRRun01_grf
[info] ExternalForce::LeftGRF Data source being set to SRRun01_grf
[info] Storage: read data file = SRRun01_grf.mot (nr=16005 nc=19)
[info] ExternalForce::RightGRF Data source being set to SRRun01_grf
[info] ExternalForce::LeftGRF Data source being set to SRRun01_grf
[info] Storage: read data file = SRRun01_grf.mot (nr=16005 nc=19)
[info] ExternalForce::RightGRF Data source being set to SRRun01_grf
[info] ExternalForce::LeftGRF Data source being set to SRRun01_grf
[info] Storage: read data file = SRRun01_grf.mot (nr=16005 nc=19)
[info] ExternalForce::RightGRF Data source being set to SRRun01_grf
[info] ExternalForce::LeftGRF Data source being set to SRRun01_grf
[info] Storage: read data file = SRRun01_grf.mot (nr=16005 nc=19)
[info] ExternalForce::RightGRF Data source being set to SRRun01_grf
[info] ExternalForce::LeftGRF Data source being set to SRRun01_grf
[info] Storage: read data file = SRRun01_grf.mot (nr=16005 nc=19)
[info] ExternalForce::RightGRF Data source being set to SRRun01_grf
[info] ExternalForce::LeftGRF Data source being set to SRRun01_grf
[info] Storage: read data file = SRRun01_grf.mot (nr=16005 nc=19)
[info] ExternalForce::RightGRF Data source being set to SRRun01_grf
[info] ExternalForce::LeftGRF Data source being set to SRRun01_grf
[info] Storage: read data file = SRRun01_grf.mot (nr=16005 nc=19)
[info] ExternalForce::RightGRF Data source being set to SRRun01_grf
[info] ExternalForce::LeftGRF Data source being set to SRRun01_grf
[info] Storage: read data file = SRRun01_grf.mot (nr=16005 nc=19)
[info] ExternalForce::RightGRF Data source being set to SRRun01_grf
[info] ExternalForce::LeftGRF Data source being set to SRRun01_grf
[info] Storage: read data file = SRRun01_grf.mot (nr=16005 nc=19)
[info] ExternalForce::RightGRF Data source being set to SRRun01_grf
[info] ExternalForce::LeftGRF Data source being set to SRRun01_grf
[info] Storage: read data file = SRRun01_grf.mot (nr=16005 nc=19)
[info] ExternalForce::RightGRF Data source being set to SRRun01_grf
[info] ExternalForce::LeftGRF Data source being set to SRRun01_grf
[info] Storage: read data file = SRRun01_grf.mot (nr=16005 nc=19)
[info] ExternalForce::RightGRF Data source being set to SRRun01_grf
[info] ExternalForce::LeftGRF Data source being set to SRRun01_grf
[info] Storage: read data file = SRRun01_grf.mot (nr=16005 nc=19)
[info] ExternalForce::RightGRF Data source being set to SRRun01_grf
[info] ExternalForce::LeftGRF Data source being set to SRRun01_grf
[info] Storage: read data file = SRRun01_grf.mot (nr=16005 nc=19)
[info] ExternalForce::RightGRF Data source being set to SRRun01_grf
[info] ExternalForce::LeftGRF Data source being set to SRRun01_grf
[info] Storage: read data file = SRRun01_grf.mot (nr=16005 nc=19)
[info] ExternalForce::RightGRF Data source being set to SRRun01_grf
[info] ExternalForce::LeftGRF Data source being set to SRRun01_grf
[info] Storage: read data file = SRRun01_grf.mot (nr=16005 nc=19)
[info] ExternalForce::RightGRF Data source being set to SRRun01_grf
[info] ExternalForce::LeftGRF Data source being set to SRRun01_grf
[info] Storage: read data file = SRRun01_grf.mot (nr=16005 nc=19)
[info] ExternalForce::RightGRF Data source being set to SRRun01_grf
[info] ExternalForce::LeftGRF Data source being set to SRRun01_grf
[info] Storage: read data file = SRRun01_grf.mot (nr=16005 nc=19)
[info] ExternalForce::RightGRF Data source being set to SRRun01_grf
[info] ExternalForce::LeftGRF Data source being set to SRRun01_grf
[info] Number of threads: 96

List of user-set options:

                                    Name   Value                used
                acceptable_compl_inf_tol = 0.001                 yes
              acceptable_constr_viol_tol = 1                     yes
                 acceptable_dual_inf_tol = 0.001                 yes
                          acceptable_tol = 0.001                 yes
                           compl_inf_tol = 0.001                 yes
                         constr_viol_tol = 1                     yes
                            dual_inf_tol = 0.001                 yes
                   hessian_approximation = limited-memory        yes
                           linear_solver = mumps                 yes
                                max_iter = 3000                  yes
                      print_user_options = yes                   yes
                                     tol = 0.001                 yes

******************************************************************************
This program contains Ipopt, a library for large-scale nonlinear optimization.
 Ipopt is released as open source code under the Eclipse Public License (EPL).
         For more information visit https://github.com/coin-or/Ipopt
******************************************************************************

This is Ipopt version 3.14.16, running with linear solver MUMPS 5.6.2.

Number of nonzeros in equality constraint Jacobian...:  1036810
Number of nonzeros in inequality constraint Jacobian.:        0
Number of nonzeros in Lagrangian Hessian.............:        0

Total number of variables............................:     8210
                     variables with only lower bounds:        0
                variables with lower and upper bounds:     7292
                     variables with only upper bounds:        0
Total number of equality constraints.................:     6666
Total number of inequality constraints...............:        0
        inequality constraints with only lower bounds:        0
   inequality constraints with lower and upper bounds:        0
        inequality constraints with only upper bounds:        0

iter    objective    inf_pr   inf_du lg(mu)  ||d||  lg(rg) alpha_du alpha_pr  ls
   0  1.1115724e+00 2.99e+02 1.55e-02   0.0 0.00e+00    -  0.00e+00 0.00e+00   0
   1  1.2685160e+00 2.97e+02 9.07e+01  -2.8 1.50e+02    -  4.47e-03 6.98e-03h  1
   2  2.8615435e+00 2.91e+02 2.32e+02  -2.8 1.61e+02    -  1.47e-02 2.09e-02h  1
   3  4.1201732e+00 2.87e+02 2.67e+02  -2.8 1.60e+02    -  2.90e-02 1.51e-02h  1
   4  7.3814107e+00 2.78e+02 4.03e+02  -2.8 1.56e+02    -  3.35e-02 2.83e-02h  1
   5  2.1611871e+01 2.61e+02 7.58e+02  -2.8 1.49e+02    -  4.56e-02 6.15e-02h  1
   6  2.1770941e+01 2.61e+02 7.65e+02  -2.9 1.42e+02    -  4.49e-02 1.72e-03h  1
   7  2.4800213e+01 2.55e+02 8.25e+02  -2.9 1.56e+02    -  3.48e-02 2.14e-02h  1
   8  3.4560641e+01 2.40e+02 9.87e+02  -2.9 1.58e+02    -  4.08e-02 5.78e-02h  1
   9  3.8372494e+01 2.33e+02 1.06e+03  -2.9 1.82e+02    -  5.80e-02 2.93e-02h  1
iter    objective    inf_pr   inf_du lg(mu)  ||d||  lg(rg) alpha_du alpha_pr  ls
  10  4.4213942e+01 2.23e+02 1.16e+03  -2.9 2.04e+02    -  8.16e-02 4.59e-02h  1
  11  4.7912236e+01 2.11e+02 1.24e+03  -3.0 2.17e+02    -  5.22e-02 5.19e-02h  1
  12  4.6065299e+01 2.03e+02 1.27e+03  -3.0 2.34e+02    -  2.02e-02 4.10e-02h  1
  13  4.6602397e+01 2.00e+02 1.29e+03  -3.0 1.98e+02    -  1.94e-02 1.22e-02h  1
  14  4.5603076e+01 1.99e+02 1.30e+03  -3.0 2.46e+02    -  3.25e-02 6.65e-03h  1
  15  4.6972085e+01 1.89e+02 1.35e+03  -3.0 2.03e+02    -  3.64e-03 5.19e-02h  1
  16  5.1945821e+01 1.83e+02 1.37e+03  -3.0 1.81e+02    -  3.88e-02 3.13e-02h  1
  17  5.1833645e+01 1.82e+02 1.37e+03  -3.1 1.90e+02    -  8.16e-03 5.14e-03h  1
  18  5.1650169e+01 1.81e+02 1.37e+03  -3.1 1.58e+02    -  1.65e-03 5.49e-03h  1
  19  5.1593403e+01 1.80e+02 1.37e+03  -3.1 2.02e+02    -  3.24e-03 2.96e-03h  1
iter    objective    inf_pr   inf_du lg(mu)  ||d||  lg(rg) alpha_du alpha_pr  ls
  20  5.0846471e+01 1.78e+02 1.37e+03  -3.1 2.30e+02    -  1.41e-02 1.19e-02h  1
  21  5.0363378e+01 1.74e+02 1.36e+03  -3.1 2.27e+02    -  2.40e-03 2.22e-02h  1
  22  5.0291671e+01 1.73e+02 1.35e+03  -3.1 2.33e+02    -  4.80e-02 8.67e-03h  1
  23  4.7643684e+01 1.72e+02 1.35e+03  -3.1 2.61e+02    -  1.11e-02 7.86e-03f  1
  24  4.7663454e+01 1.71e+02 1.35e+03  -3.1 2.20e+02    -  2.56e-02 8.93e-04h  1
  25  4.6680627e+01 1.71e+02 1.35e+03  -3.1 2.47e+02    -  5.91e-03 1.83e-03h  1
  26  4.7740221e+01 1.62e+02 1.48e+03  -3.1 2.20e+02    -  9.63e-04 5.44e-02h  1
  27  4.8041306e+01 1.62e+02 1.49e+03  -3.1 1.02e+03    -  3.18e-02 7.09e-04h  1
  28  4.8259396e+01 1.60e+02 1.78e+03  -3.1 2.11e+02    -  5.60e-04 1.08e-02h  1
  29  9.4266978e+01 1.59e+02 1.77e+03  -3.1 7.37e+02    -  7.25e-04 5.05e-03h  1
iter    objective    inf_pr   inf_du lg(mu)  ||d||  lg(rg) alpha_du alpha_pr  ls
  30  9.3305787e+01 1.57e+02 1.76e+03  -3.1 2.11e+02    -  7.09e-04 1.32e-02h  1
  31  9.1134603e+01 1.57e+02 1.75e+03  -3.1 2.74e+02    -  9.67e-03 2.75e-03f  1
  32  9.0157094e+01 1.56e+02 1.74e+03  -3.1 2.08e+02    -  6.22e-04 6.47e-03h  1
  33  8.9472217e+01 1.56e+02 1.74e+03  -3.1 1.80e+02    -  3.65e-03 7.49e-04h  1
  34  8.9252465e+01 1.55e+02 1.75e+03  -3.1 2.07e+02    -  7.60e-04 1.61e-03h  1
  35  9.7443523e+01 1.53e+02 1.78e+03  -3.1 2.02e+02    -  9.22e-05 1.59e-02h  1
  36  9.7113532e+01 1.53e+02 1.78e+03  -3.1 2.01e+02    -  4.85e-03 2.69e-03h  1
  37  9.4239986e+01 1.52e+02 1.77e+03  -3.1 3.85e+02    -  1.36e-02 8.84e-04f  1
  38  8.9584641e+01 1.47e+02 1.74e+03  -3.1 2.01e+02    -  3.56e-02 3.68e-02h  1
  39  8.7464619e+01 1.47e+02 1.73e+03  -3.2 2.07e+02    -  9.65e-03 2.21e-03f  1
iter    objective    inf_pr   inf_du lg(mu)  ||d||  lg(rg) alpha_du alpha_pr  ls
  40  8.5709132e+01 1.45e+02 1.72e+03  -3.2 1.94e+02    -  8.75e-03 1.27e-02h  1
  41  8.2064138e+01 1.44e+02 1.70e+03  -3.2 1.97e+02    -  8.65e-04 8.26e-03f  1
  42  8.1828858e+01 1.43e+02 1.70e+03  -3.2 1.86e+02    -  3.36e-02 1.39e-03h  1
  43  8.5757134e+01 1.39e+02 1.67e+03  -3.2 2.15e+02    -  3.22e-02 3.19e-02h  1
  44  8.4010915e+01 1.37e+02 1.66e+03  -3.2 1.80e+02    -  3.10e-02 1.71e-02h  1
  45  9.8792297e+01 1.33e+02 1.65e+03  -3.2 2.50e+02    -  4.81e-03 2.11e-02h  1
  46  9.8113980e+01 1.33e+02 1.65e+03  -3.2 1.74e+02    -  2.66e-02 4.85e-03h  1
  47  9.2448170e+01 1.32e+02 1.64e+03  -3.2 2.18e+02    -  4.52e-03 4.47e-03f  1
  48  9.0900490e+01 1.31e+02 1.64e+03  -3.2 1.69e+02    -  9.71e-03 9.95e-03h  1
  49  8.1415691e+01 1.29e+02 1.64e+03  -3.2 2.31e+02    -  6.83e-03 1.69e-02f  1
iter    objective    inf_pr   inf_du lg(mu)  ||d||  lg(rg) alpha_du alpha_pr  ls
  50  7.9591614e+01 1.27e+02 1.63e+03  -3.2 1.48e+02    -  4.66e-03 9.84e-03h  1
  51  7.9397306e+01 1.27e+02 1.63e+03  -3.2 2.19e+02    -  8.74e-03 2.92e-04h  1
  52  7.8441432e+01 1.27e+02 1.63e+03  -3.2 1.93e+02    -  1.38e-02 2.64e-03h  1
  53  7.5814106e+01 1.26e+02 1.63e+03  -3.2 2.03e+02    -  1.65e-02 1.12e-02h  1
  54  7.2540888e+01 1.24e+02 1.62e+03  -3.2 2.17e+02    -  2.11e-02 1.44e-02h  1
  55  6.9300511e+01 1.22e+02 1.61e+03  -3.3 2.34e+02    -  6.44e-03 1.22e-02h  1
  56  6.5647937e+01 1.18e+02 1.59e+03  -3.3 2.04e+02    -  5.29e-04 3.18e-02h  1
  57  6.3344719e+01 1.17e+02 1.58e+03  -3.3 2.26e+02    -  1.34e-02 1.20e-02h  1
  58  7.2888037e+01 1.07e+02 1.52e+03  -3.3 2.28e+02    -  2.18e-02 8.76e-02h  1
  59  7.0759735e+01 1.03e+02 1.50e+03  -3.3 1.99e+02    -  2.86e-02 3.92e-02h  1
iter    objective    inf_pr   inf_du lg(mu)  ||d||  lg(rg) alpha_du alpha_pr  ls
  60  7.3800207e+01 9.78e+01 1.47e+03  -3.3 2.20e+02    -  2.79e-02 5.01e-02h  1
  61  7.3743966e+01 9.76e+01 1.47e+03  -3.3 1.76e+02    -  1.62e-02 1.85e-03h  1
  62  6.5553035e+01 9.56e+01 1.45e+03  -3.3 2.35e+02    -  4.66e-03 2.05e-02f  1
  63  6.5373992e+01 9.55e+01 1.45e+03  -3.3 1.99e+02    -  3.21e-02 1.17e-03h  1
  64  6.2604497e+01 9.12e+01 1.41e+03  -3.3 2.23e+02    -  2.45e-02 4.55e-02f  1
  65  6.0599831e+01 8.82e+01 1.39e+03  -3.3 1.94e+02    -  5.84e-03 3.31e-02h  1
  66  5.7707293e+01 8.59e+01 1.37e+03  -3.3 2.26e+02    -  1.48e-03 2.67e-02f  1
  67  5.7367445e+01 8.41e+01 1.36e+03  -3.3 1.78e+02    -  3.29e-02 2.05e-02h  1
  68  5.5687293e+01 8.14e+01 1.38e+03  -3.3 1.88e+02    -  5.24e-03 3.17e-02f  1
  69  5.5622113e+01 8.07e+01 1.37e+03  -3.4 1.72e+02    -  4.29e-02 9.13e-03h  1
iter    objective    inf_pr   inf_du lg(mu)  ||d||  lg(rg) alpha_du alpha_pr  ls
  70  5.2910857e+01 7.96e+01 1.38e+03  -3.4 2.24e+02    -  8.75e-03 1.37e-02f  1
  71  5.2998824e+01 7.91e+01 1.38e+03  -3.4 1.63e+02    -  1.46e-03 6.55e-03h  1
  72  5.2263218e+01 7.83e+01 1.37e+03  -3.4 2.02e+02    -  2.55e-02 9.19e-03h  1
  73  5.4828923e+01 7.10e+01 1.31e+03  -3.4 2.01e+02    -  6.42e-03 9.72e-02h  1
  74  5.3411845e+01 6.65e+01 1.40e+03  -3.4 2.22e+02    -  4.36e-02 6.79e-02h  1
  75  5.6975708e+01 6.17e+01 1.57e+03  -3.4 2.01e+02    -  2.17e-02 7.42e-02h  1
  76  5.6709868e+01 6.02e+01 1.62e+03  -3.4 1.75e+02    -  3.43e-02 2.52e-02h  1
  77  6.5884769e+01 5.71e+01 1.73e+03  -3.4 2.35e+02    -  1.94e-02 5.21e-02h  1
  78  6.4784607e+01 5.57e+01 1.76e+03  -3.4 1.68e+02    -  2.46e-02 2.46e-02h  1
  79  6.2130743e+01 5.37e+01 1.83e+03  -3.5 2.08e+02    -  2.38e-03 3.57e-02f  1
iter    objective    inf_pr   inf_du lg(mu)  ||d||  lg(rg) alpha_du alpha_pr  ls
  80  6.0631358e+01 5.25e+01 1.84e+03  -3.5 1.61e+02    -  5.60e-03 2.23e-02h  1
  81  5.5690088e+01 5.14e+01 1.81e+03  -3.5 1.71e+02    -  1.66e-02 2.11e-02f  1
  82  5.5562348e+01 5.12e+01 1.81e+03  -3.5 1.46e+02    -  4.93e-03 3.29e-03h  1
  83  5.4302401e+01 4.99e+01 1.81e+03  -3.5 2.11e+02    -  4.77e-04 2.40e-02f  1
  84  5.4263515e+01 4.98e+01 1.81e+03  -3.5 1.31e+02    -  1.39e-02 3.33e-03h  1
  85  5.2690403e+01 4.95e+01 1.81e+03  -3.5 2.04e+02    -  7.75e-02 5.06e-03h  1
  86  5.1254101e+01 4.79e+01 1.78e+03  -3.5 1.37e+02    -  9.05e-03 3.25e-02h  1
  87  4.8046255e+01 4.73e+01 1.76e+03  -3.5 2.20e+02    -  2.46e-02 1.38e-02f  1
  88  4.6472277e+01 4.57e+01 1.71e+03  -3.5 1.39e+02    -  1.58e-02 3.36e-02h  1
  89  4.5143607e+01 4.54e+01 1.69e+03  -3.5 2.02e+02    -  2.22e-02 6.68e-03h  1
iter    objective    inf_pr   inf_du lg(mu)  ||d||  lg(rg) alpha_du alpha_pr  ls
  90  4.3468939e+01 4.29e+01 1.63e+03  -3.5 1.41e+02    -  4.37e-03 5.39e-02h  1
  91  4.2829779e+01 4.26e+01 1.62e+03  -3.5 1.73e+02    -  3.76e-02 8.22e-03h  1
  92  4.3964128e+01 4.26e+01 1.58e+03   0.3 1.77e+03    -  7.19e-04 5.85e-04f  1
  93  4.3842940e+01 4.24e+01 1.84e+03  -3.6 1.40e+02    -  3.93e-02 4.53e-03h  1
  94  4.2912906e+01 4.15e+01 2.11e+03  -3.6 2.01e+02    -  3.37e-02 1.92e-02f  1
  95  4.1348813e+01 3.99e+01 1.49e+03  -3.6 1.49e+02    -  9.61e-04 3.88e-02h  1
  96  4.0122055e+01 3.97e+01 1.47e+03  -3.6 1.84e+02    -  1.59e-02 6.70e-03h  1
  97  3.8842303e+01 3.81e+01 1.63e+03  -3.6 1.48e+02    -  5.47e-02 3.90e-02h  1
  98  4.8315771e+01 3.68e+01 1.35e+03  -3.6 1.88e+02    -  1.75e-02 3.55e-02h  1
  99  4.8042245e+01 3.65e+01 1.35e+03  -3.6 1.29e+02    -  6.40e-03 6.88e-03h  1
iter    objective    inf_pr   inf_du lg(mu)  ||d||  lg(rg) alpha_du alpha_pr  ls
 100  3.0870988e+02 3.63e+01 1.77e+03   0.3 2.41e+03    -  1.59e-03 3.27e-03f  1
 101  2.7770017e+02 3.43e+01 1.68e+03  -3.6 1.26e+02    -  1.09e-01 5.61e-02f  1
 102  2.6240628e+02 3.35e+01 1.65e+03  -3.7 1.44e+02    -  2.67e-02 2.25e-02f  1
 103  2.5473268e+02 3.32e+01 1.63e+03  -3.7 1.29e+02    -  1.75e-02 1.12e-02f  1
 104  2.3713244e+02 3.28e+01 1.60e+03  -3.7 1.16e+02    -  1.83e-02 1.21e-02f  1
 105  2.2931945e+02 3.23e+01 1.57e+03  -3.7 1.24e+02    -  1.92e-04 1.50e-02f  1
 106  2.2887674e+02 3.23e+01 1.57e+03   0.2 1.22e+03    -  1.45e-04 2.78e-05f  1
 107  2.2050642e+02 3.18e+01 1.55e+03  -3.7 1.17e+02    -  2.72e-02 1.52e-02f  1
 108  2.0024237e+02 3.12e+01 1.52e+03  -3.7 1.30e+02    -  8.70e-03 1.65e-02f  1
 109  1.9368394e+02 3.09e+01 1.50e+03  -3.7 1.05e+02    -  9.71e-03 1.26e-02f  1
iter    objective    inf_pr   inf_du lg(mu)  ||d||  lg(rg) alpha_du alpha_pr  ls
 110  1.7986101e+02 3.04e+01 1.48e+03  -3.7 8.97e+01    -  1.57e-02 1.48e-02f  1
 111  1.7919600e+02 3.03e+01 1.50e+03  -3.7 1.01e+02    -  8.07e-02 1.80e-03h  1
 112  1.7085820e+02 3.00e+01 1.49e+03  -3.8 1.25e+02    -  8.21e-03 1.01e-02f  1
 113  1.7043710e+02 3.00e+01 1.49e+03  -3.8 1.00e+02    -  5.40e-03 1.15e-03h  1
 114  1.6735305e+02 2.99e+01 1.49e+03  -3.8 1.41e+02    -  7.88e-05 1.99e-03f  1
 115  1.6697545e+02 2.99e+01 1.49e+03  -3.8 1.07e+02    -  4.15e-03 8.39e-04h  1
 116  1.6646767e+02 2.99e+01 1.49e+03  -3.8 1.41e+02    -  4.69e-04 2.54e-04f  1
 117  1.6466151e+02 2.97e+01 1.48e+03  -3.8 1.02e+02    -  2.05e-03 5.53e-03f  1
 118  1.4874662e+02 2.89e+01 1.40e+03  -3.8 1.44e+02    -  8.45e-05 2.83e-02f  1
 119  1.4094318e+02 2.82e+01 1.35e+03  -3.8 9.96e+01    -  6.17e-04 2.58e-02f  1
iter    objective    inf_pr   inf_du lg(mu)  ||d||  lg(rg) alpha_du alpha_pr  ls
 120  1.4063694e+02 2.81e+01 1.36e+03  -3.8 1.21e+02    -  2.60e-02 2.28e-04f  1
 121  1.1102323e+02 2.46e+01 1.16e+03  -3.8 9.85e+01    -  4.48e-02 1.26e-01f  1
 122  9.8399794e+01 2.42e+01 1.15e+03  -3.8 1.61e+02    -  2.51e-03 1.56e-02f  1
 123  8.9993569e+01 2.31e+01 1.13e+03  -3.8 8.44e+01    -  7.88e-03 4.54e-02f  1
 124  8.2765576e+01 2.30e+01 1.15e+03  -3.8 1.31e+02    -  6.68e-04 6.58e-03f  1
 125  5.6997358e+01 1.80e+01 1.48e+03  -3.8 8.03e+01    -  1.47e-02 2.13e-01f  1
 126  4.3676691e+01 1.75e+01 1.52e+03  -3.8 7.77e+01    -  7.91e-03 2.88e-02f  1
 127  4.2147126e+01 1.71e+01 1.42e+03  -3.8 6.29e+01    -  7.67e-02 2.26e-02h  1
 128  3.9838710e+01 1.69e+01 1.39e+03  -3.9 7.93e+01    -  1.87e-02 1.26e-02f  1
 129  3.6337888e+01 1.57e+01 1.31e+03  -3.9 6.02e+01    -  6.23e-02 6.80e-02h  1
iter    objective    inf_pr   inf_du lg(mu)  ||d||  lg(rg) alpha_du alpha_pr  ls
 130  3.5288885e+01 1.44e+01 1.15e+03  -3.9 8.07e+01    -  1.06e-01 8.73e-02f  1
 131  3.4882928e+01 1.42e+01 1.13e+03  -3.9 5.31e+01    -  2.11e-02 8.06e-03h  1
 132  3.1407474e+01 1.38e+01 1.10e+03  -4.0 6.67e+01    -  2.60e-02 3.30e-02f  1
 133  3.1268724e+01 1.37e+01 1.10e+03  -4.0 4.83e+01    -  4.06e-03 4.11e-03h  1
 134  2.9549360e+01 1.36e+01 1.10e+03  -4.0 1.09e+02    -  3.08e-03 8.52e-03f  1
 135  2.5006374e+01 1.15e+01 1.07e+03  -4.0 5.43e+01    -  5.11e-02 1.49e-01h  1
 136  2.5103648e+01 1.08e+01 9.66e+02  -4.0 6.62e+01    -  8.10e-02 6.65e-02h  1
 137  2.3647914e+01 9.66e+00 9.49e+02  -4.0 4.10e+01    -  5.67e-02 1.02e-01h  1
 138  3.2959607e+01 8.54e+00 8.63e+02  -4.1 8.14e+01    -  9.13e-02 9.32e-02h  1
 139  2.9049852e+01 7.50e+00 9.74e+02  -4.1 2.93e+01    -  5.33e-03 1.22e-01h  1
iter    objective    inf_pr   inf_du lg(mu)  ||d||  lg(rg) alpha_du alpha_pr  ls
 140  2.7988556e+01 7.43e+00 9.52e+02  -4.1 1.72e+01    -  1.62e-02 8.46e-03f  1
 141  2.7852162e+01 7.39e+00 8.48e+02  -4.1 2.35e+01    -  7.63e-02 5.76e-03h  1
 142  2.7008590e+01 7.29e+00 8.21e+02  -4.1 3.24e+01    -  2.43e-02 1.42e-02h  1
 143  2.1535225e+01 4.73e+00 1.03e+03  -4.2 2.71e+01    -  9.50e-03 3.50e-01h  1
 144  2.4158991e+01 4.27e+00 1.09e+03  -4.2 3.08e+01    -  1.02e-02 9.61e-02h  1
 145  2.1686973e+01 3.40e+00 9.54e+02  -4.2 1.60e+01    -  1.47e-01 2.05e-01h  1
 146  2.0839530e+01 3.13e+00 8.59e+02  -4.2 1.73e+01    -  9.30e-02 8.01e-02h  1
 147  2.0026771e+01 2.76e+00 7.80e+02  -4.3 1.16e+01    -  1.00e-01 1.18e-01h  1
 148  1.9715922e+01 2.68e+00 7.27e+02  -4.3 1.52e+01    -  5.34e-02 2.78e-02h  1
 149  1.9564690e+01 2.60e+00 6.87e+02  -4.3 1.14e+01    -  4.63e-02 2.83e-02h  1
iter    objective    inf_pr   inf_du lg(mu)  ||d||  lg(rg) alpha_du alpha_pr  ls
 150  1.9509798e+01 2.60e+00 6.59e+02  -4.4 3.28e+01    -  2.95e-02 1.84e-03h  1
 151  1.9153577e+01 2.44e+00 5.97e+02  -4.4 1.19e+01    -  8.02e-02 6.18e-02h  1
 152  1.8936690e+01 2.40e+00 6.00e+02  -4.4 1.96e+01    -  3.34e-03 1.63e-02h  1
 153  1.7791754e+01 1.64e+00 5.99e+02  -4.4 1.19e+01    -  1.13e-01 3.15e-01h  1
 154  1.7268168e+01 1.55e+00 6.17e+02  -4.5 2.20e+01    -  7.65e-04 5.42e-02h  1
 155  1.6968104e+01 1.27e+00 5.11e+02  -4.5 8.83e+00    -  1.74e-01 1.78e-01h  1
 156  1.6616534e+01 8.81e-01 5.64e+02  -4.5 1.41e+01    -  3.12e-02 2.79e-01h  1
 157  1.6334546e+01 8.08e-01 5.29e+02  -4.6 2.35e+01    -  6.67e-02 8.16e-02h  1
 158  1.6127847e+01 7.51e-01 4.32e+02  -4.6 2.09e+01    -  1.54e-01 7.37e-02h  1
 159  1.5795931e+01 6.58e-01 3.48e+02  -4.7 2.60e+01    -  1.71e-01 1.23e-01h  1
iter    objective    inf_pr   inf_du lg(mu)  ||d||  lg(rg) alpha_du alpha_pr  ls
 160  1.5208183e+01 1.18e+00 3.53e+02  -4.7 5.79e+01    -  4.01e-02 1.28e-01h  1
 161  1.5158092e+01 1.18e+00 2.95e+02  -4.8 7.28e+01    -  1.07e-01 3.05e-03h  1
 162  1.4902486e+01 1.14e+00 3.02e+02  -4.8 2.71e+01    -  7.76e-03 5.30e-02h  1
 163  1.4416986e+01 1.21e+00 2.80e+02  -4.8 4.84e+01    -  7.81e-02 8.67e-02h  1
 164  1.4115040e+01 1.16e+00 2.45e+02  -4.9 4.62e+01    -  8.53e-02 4.33e-02h  1
 165  1.3757736e+01 1.07e+00 2.35e+02  -4.9 2.35e+01    -  6.33e-02 9.01e-02h  1
 166  1.3566863e+01 1.05e+00 2.43e+02  -4.9 4.99e+01    -  1.14e-03 8.04e-02h  2
 167  1.3337323e+01 1.02e+00 2.39e+02  -4.9 5.39e+01    -  2.03e-02 4.37e-02h  1
 168  1.3390913e+01 1.02e+00 2.35e+02  -1.0 9.60e+02    -  1.40e-03 6.86e-04f  1
 169  1.3906727e+01 1.03e+00 2.27e+02   1.0 1.22e+04    -  2.04e-05 8.43e-05f  1
iter    objective    inf_pr   inf_du lg(mu)  ||d||  lg(rg) alpha_du alpha_pr  ls
 170  1.4511696e+01 1.03e+00 2.27e+02   1.0 5.04e+03    -  1.26e-04 1.25e-04f  1
 171  1.6010750e+01 1.03e+00 2.20e+02   1.0 3.52e+03    -  1.91e-04 2.90e-04f  1
 172  1.9079055e+01 1.35e+00 2.19e+02   1.0 4.89e+03    -  6.42e-04 5.45e-04f  1
 173  2.4549946e+01 1.73e+00 2.31e+02   1.0 3.74e+03    -  1.18e-03 8.63e-04f  1
 174  2.9091509e+01 1.81e+00 2.25e+02   1.0 2.60e+03    -  2.19e-03 1.07e-03f  1
 175  7.4745391e+01 2.86e+00 2.16e+02   1.0 2.70e+03    -  3.09e-03 5.05e-03f  1
 176  1.7552162e+02 4.93e+00 1.95e+02   1.0 1.62e+03    -  9.92e-03 1.18e-02f  1
 177  4.8279500e+02 1.07e+01 4.25e+02   1.0 8.44e+02    -  4.72e-02 3.68e-02f  1
 178  8.5168327e+02 1.14e+01 1.29e+03   1.0 2.87e+02    -  2.30e-01 8.64e-02f  1
 179  1.8213299e+03 1.62e+01 3.99e+03   1.0 1.20e+02    -  1.00e+00 4.65e-01f  1
iter    objective    inf_pr   inf_du lg(mu)  ||d||  lg(rg) alpha_du alpha_pr  ls
 180  3.7162543e+03 1.53e+01 1.67e+03   1.0 7.82e+01    -  1.00e+00 1.00e+00h  1
 181  1.9812410e+03 3.63e+00 1.21e+03   1.0 2.00e+01    -  1.00e+00 1.00e+00f  1
 182  1.2998767e+03 1.90e+00 3.62e+02   1.0 1.26e+01    -  1.00e+00 1.00e+00f  1
 183  1.2347554e+03 5.95e-01 1.59e+02   1.0 1.76e+01    -  1.00e+00 1.00e+00f  1
 184  2.5499566e+03 4.10e-01 7.24e+02   0.4 4.72e+01    -  8.74e-01 1.00e+00H  1
 185  3.8784522e+02 3.53e+00 3.32e+02   0.4 3.14e+01    -  9.85e-01 1.00e+00f  1
 186  2.6050868e+02 5.44e-01 1.43e+02   0.3 1.08e+01    -  9.13e-01 1.00e+00f  1
 187  1.1599527e+02 2.21e-01 4.57e+01  -0.5 4.17e+00    -  9.97e-01 1.00e+00f  1
 188  7.3508864e+01 5.28e-01 3.73e+01  -0.6 4.11e+00    -  9.97e-01 1.00e+00f  1
 189  5.3502060e+01 4.21e-01 3.10e+01  -0.8 4.88e+00    -  9.96e-01 6.97e-01f  1
iter    objective    inf_pr   inf_du lg(mu)  ||d||  lg(rg) alpha_du alpha_pr  ls
 190  3.8454233e+01 4.68e-01 2.88e+01  -1.1 5.01e+00    -  1.00e+00 1.00e+00f  1
 191  4.9827170e+01 2.40e-02 2.19e+01  -1.3 6.16e+00    -  9.91e-01 1.00e+00H  1
 192  2.8877898e+01 1.15e-01 1.15e+01  -1.4 2.39e+00    -  9.97e-01 1.00e+00f  1
 193  2.5532015e+01 1.78e-02 3.91e+00  -2.0 1.12e+00    -  9.99e-01 1.00e+00f  1
 194  2.4079598e+01 4.12e-02 5.74e+00  -2.3 7.76e-01    -  9.98e-01 6.08e-01f  1
 195  2.2967905e+01 4.63e-02 7.06e+00  -1.9 1.41e+00    -  9.59e-01 4.71e-01f  1
 196  2.6661128e+01 4.77e-01 4.25e+00  -1.5 2.00e+00    -  1.00e+00 1.00e+00f  1
 197  2.4415152e+01 8.97e-02 2.00e+01  -1.6 1.07e+00    -  4.61e-01 1.00e+00f  1
 198  2.3392345e+01 2.56e-02 5.05e+00  -1.6 7.60e-01    -  1.00e+00 1.00e+00h  1
 199  2.2496477e+01 3.77e-02 2.23e+00  -2.0 5.36e-01    -  9.94e-01 1.00e+00h  1
iter    objective    inf_pr   inf_du lg(mu)  ||d||  lg(rg) alpha_du alpha_pr  ls
 200  2.1957687e+01 3.20e-02 8.10e+00  -1.9 1.74e+00    -  7.29e-01 5.00e-01h  2
 201  2.1546218e+01 1.95e-02 3.35e+00  -2.2 1.79e+00    -  9.35e-01 1.00e+00H  1
 202  2.1359193e+01 1.20e-01 1.94e+01  -1.9 2.84e+00    -  6.44e-01 4.24e-01f  1
 203  2.5119353e+01 7.23e-02 6.11e+01  -1.7 1.92e+00    -  1.43e-01 9.00e-01H  1
 204  2.1145611e+01 8.06e-02 1.51e+00  -2.0 1.30e+00    -  1.00e+00 1.00e+00f  1
 205  1.9601396e+01 1.91e-01 1.48e+00  -2.3 1.83e+00    -  9.75e-01 9.82e-01f  1
 206  2.0664264e+01 9.42e-02 2.25e+00  -2.1 9.64e-01    -  1.00e+00 1.00e+00h  1
 207  1.9524321e+01 7.35e-02 1.29e+00  -2.2 6.49e-01    -  1.00e+00 1.00e+00f  1
 208  1.9888261e+01 5.48e-02 1.89e+00  -2.0 7.40e-01    -  1.00e+00 1.00e+00f  1
 209  1.9479279e+01 3.36e-02 8.84e-01  -2.1 3.86e-01    -  1.00e+00 1.00e+00h  1
iter    objective    inf_pr   inf_du lg(mu)  ||d||  lg(rg) alpha_du alpha_pr  ls
 210  1.8901895e+01 1.64e-02 5.88e-01  -2.2 3.79e-01    -  9.64e-01 1.00e+00h  1
 211  1.8125797e+01 9.19e-02 2.33e+00  -2.7 1.06e+00    -  9.95e-01 7.60e-01f  1
 212  1.7445548e+01 1.73e-01 8.12e+00  -2.7 2.82e+00    -  9.98e-01 3.97e-01h  1
 213  1.7254282e+01 4.76e-01 3.04e+01  -2.4 6.90e+00    -  1.00e+00 2.95e-01h  2
 214  1.7515502e+01 5.99e-01 2.67e+01  -2.2 1.43e+01    -  5.59e-01 1.26e-01f  3
 215  2.0761346e+01 1.05e-01 1.45e+01  -2.4 4.16e+00    -  7.44e-01 1.00e+00H  1
 216  1.8688780e+01 5.26e-02 1.38e+01  -2.4 2.15e+00    -  9.44e-01 5.00e-01f  2
 217  1.6704324e+01 4.19e-02 1.84e+00  -2.4 9.22e-01    -  1.00e+00 8.70e-01f  1
 218  1.5895966e+01 2.12e-01 5.07e+00  -2.8 2.06e+00    -  1.00e+00 8.16e-01h  1
 219  1.7586840e+01 3.75e-01 9.16e+00  -2.0 3.18e+00    -  4.44e-01 2.22e-01f  2
iter    objective    inf_pr   inf_du lg(mu)  ||d||  lg(rg) alpha_du alpha_pr  ls
 220  1.6293751e+01 3.04e-01 2.45e+00  -2.4 2.08e+00    -  1.00e+00 1.00e+00h  1
 221  3.3882994e+01 7.81e-02 2.36e+00  -2.4 4.91e+00    -  1.00e+00 8.60e-01H  1
 222  1.6026858e+01 1.54e-01 2.52e+00  -2.4 2.68e+00    -  1.00e+00 1.00e+00f  1
 223  1.6526247e+01 4.40e-02 1.07e+01  -2.4 1.08e+00    -  5.70e-01 1.00e+00h  1
 224  1.5296843e+01 1.17e-01 4.63e+00  -2.9 1.74e+00    -  9.99e-01 6.33e-01f  1
 225  1.5016663e+01 1.69e-01 9.21e+00  -3.3 5.04e+00    -  5.28e-01 2.23e-01f  2
 226  1.4829277e+01 8.80e-02 8.04e-01  -2.8 1.69e+00    -  1.00e+00 1.00e+00h  1
 227  1.7663305e+01 2.30e-02 2.07e+00  -2.8 2.85e+00    -  9.50e-01 9.47e-01H  1
 228  1.4259026e+01 6.59e-02 9.05e+00  -3.0 9.55e-01    -  6.40e-01 9.22e-01f  1
 229  1.3711809e+01 1.47e-02 5.76e-01  -3.0 6.08e-01    -  1.00e+00 1.00e+00h  1
iter    objective    inf_pr   inf_du lg(mu)  ||d||  lg(rg) alpha_du alpha_pr  ls
 230  1.3326104e+01 3.52e-02 5.38e+00  -3.6 1.32e+00    -  1.00e+00 5.18e-01h  1
 231  1.3130941e+01 5.37e-02 1.07e+01  -3.6 9.56e+00    -  5.20e-01 1.12e-01f  2
 232  1.2987531e+01 8.74e-02 8.05e+00  -3.3 7.75e+00    -  9.10e-01 1.97e-01h  2
 233  1.4280490e+01 4.63e-01 5.47e+00  -2.7 1.46e+01    -  3.78e-01 3.09e-01f  1
 234  1.3870075e+01 4.88e-01 5.59e+00  -3.1 1.84e+01    -  2.04e-01 1.02e-01h  1
 235  1.3356889e+01 5.40e-01 6.76e+00  -3.1 2.90e+01    -  1.81e-01 9.05e-02f  2
 236  1.2907859e+01 4.56e-01 6.41e+00  -3.1 7.91e+00    -  4.89e-01 2.15e-01h  1
 237  1.2439477e+01 3.93e-01 6.11e+00  -3.0 7.66e+00    -  4.96e-01 2.44e-01h  1
 238  2.0542074e+01 1.30e-01 1.14e+01  -2.7 6.22e+00    -  3.08e-01 8.00e-01H  1
 239  1.2985598e+01 9.41e-02 8.54e+00  -3.0 2.21e+00    -  5.67e-02 8.07e-01f  1
iter    objective    inf_pr   inf_du lg(mu)  ||d||  lg(rg) alpha_du alpha_pr  ls
 240  1.2447971e+01 2.56e-02 2.68e+00  -2.6 8.11e-01    -  1.00e+00 7.58e-01f  1
 241  1.2120824e+01 1.71e-02 3.68e-01  -2.8 6.69e-01    -  1.00e+00 1.00e+00h  1
 242  1.1830318e+01 3.21e-02 9.28e-01  -3.2 1.61e+00    -  1.00e+00 8.09e-01h  1
 243  1.1327020e+01 1.47e-01 4.64e+00  -3.4 8.81e+00    -  1.00e+00 3.75e-01h  1
 244  1.4409970e+01 7.43e-01 3.94e+00  -2.3 1.82e+01    -  1.65e-01 1.92e-01f  1
 245  1.2920316e+01 5.23e-01 4.03e+00  -3.0 9.70e+00    -  6.03e-01 3.04e-01h  1
 246  1.2739098e+01 4.94e-01 3.61e+00  -3.0 1.71e+01    -  1.12e-01 9.00e-02f  1
 247  1.2086698e+01 3.81e-01 1.17e+01  -3.0 1.00e+00    -  8.28e-01 2.37e-01h  1
 248  1.1545800e+01 2.57e-01 8.25e+00  -3.0 1.22e+00    -  5.78e-01 3.29e-01h  1
 249  1.1637684e+01 6.52e-02 6.02e+00  -3.0 9.79e-01    -  6.63e-01 9.66e-01h  1
iter    objective    inf_pr   inf_du lg(mu)  ||d||  lg(rg) alpha_du alpha_pr  ls
 250  1.0879000e+01 2.56e-02 6.27e+00  -3.3 5.33e-01    -  1.00e+00 6.13e-01h  1
 251  1.0608614e+01 1.20e-02 2.02e+00  -3.8 5.72e-01    -  1.00e+00 6.64e-01h  1
 252  1.0720289e+01 1.61e-02 2.26e-01  -3.3 4.26e-01    -  1.00e+00 1.00e+00H  1
 253  1.0309171e+01 7.44e-03 9.85e-01  -3.9 3.55e-01    -  1.00e+00 7.26e-01f  1
 254  1.0203346e+01 5.75e-03 2.62e+00  -3.9 3.72e-01    -  1.00e+00 4.14e-01h  1
 255  1.0374551e+01 6.37e-03 1.44e-01  -3.4 2.07e-01    -  9.68e-01 1.00e+00h  1
 256  1.0258566e+01 5.45e-03 9.82e-02  -3.5 2.91e-01    -  1.00e+00 1.00e+00h  1
 257  1.0081791e+01 2.77e-02 8.82e-01  -3.8 6.98e-01    -  1.00e+00 7.91e-01h  1
 258  1.0376416e+01 1.37e-02 3.64e-01  -3.8 9.11e-01    -  1.00e+00 9.89e-01H  1
 259  9.9726692e+00 2.98e-03 2.47e-01  -3.9 3.94e-01    -  1.00e+00 1.00e+00f  1
iter    objective    inf_pr   inf_du lg(mu)  ||d||  lg(rg) alpha_du alpha_pr  ls
 260  9.9080542e+00 2.02e-03 6.96e+00  -4.2 3.05e-01    -  1.00e+00 3.40e-01h  1
 261  9.8485354e+00 7.63e-03 2.55e+00  -3.9 6.88e-01    -  6.50e-01 4.72e-01h  1
 262  9.8314430e+00 4.56e-02 3.78e+00  -3.5 4.04e+00    -  2.67e-01 1.40e-01f  1
 263  9.8066770e+00 4.32e-02 6.83e+00  -3.8 3.12e+00    -  4.05e-01 7.29e-02h  1
 264  9.7443039e+00 3.68e-02 3.29e+00  -3.9 4.43e+00    -  7.82e-01 2.42e-01h  1
 265  9.6699584e+00 5.45e-02 2.15e+00  -3.6 2.17e+01    -  2.51e-01 7.06e-02h  1
 266  9.6302230e+00 1.07e-01 4.43e+00  -3.2 3.81e+01    -  1.69e-01 5.24e-02f  1
 267  1.0432068e+01 5.43e-01 3.90e+00  -2.6 4.36e+01    -  6.31e-02 9.20e-02f  1
 268  1.0396538e+01 5.37e-01 4.62e+00  -3.5 1.54e+01    -  4.34e-01 9.52e-03h  1
 269  9.8945076e+00 4.38e-01 3.65e+00  -3.5 3.03e+01    -  1.40e-01 1.22e-01h  2
iter    objective    inf_pr   inf_du lg(mu)  ||d||  lg(rg) alpha_du alpha_pr  ls
 270  9.8474498e+00 4.08e-01 2.96e+00  -3.5 4.50e+01    -  7.18e-02 5.72e-02f  2
 271  9.5225376e+00 3.31e-01 2.52e+00  -3.5 1.22e+01    -  1.34e-01 1.31e-01h  1
 272  9.5280551e+00 2.84e-01 2.86e+00  -3.1 6.60e+00    -  2.81e-01 1.59e-01f  1
 273  9.3945476e+00 1.49e-01 1.43e+01  -3.1 6.06e-01    -  1.00e+00 4.37e-01h  1
 274  9.2709597e+00 9.92e-03 2.10e+00  -3.2 5.06e-01    -  9.28e-01 1.00e+00h  1
 275  9.1455138e+00 1.17e-02 2.75e+00  -3.3 1.78e+00    -  8.95e-01 7.89e-01h  1
 276  9.3074592e+00 2.08e-02 1.16e+01  -2.9 1.30e+01    -  5.85e-01 1.33e-01f  2
 277  9.3145118e+00 3.76e-02 1.20e+01  -3.1 1.21e+01    -  5.20e-01 1.90e-01h  2
 278  9.2914394e+00 5.44e-02 1.27e+01  -3.1 1.57e+01    -  3.54e-01 1.44e-01h  3
 279  9.2273229e+00 5.59e-02 1.30e+01  -3.1 1.50e+01    -  2.27e-01 7.65e-02h  4
iter    objective    inf_pr   inf_du lg(mu)  ||d||  lg(rg) alpha_du alpha_pr  ls
 280  1.1457971e+01 2.25e-02 1.81e+00  -3.1 2.60e+00    -  6.13e-01 1.00e+00H  1
 281  9.5291583e+00 3.43e-02 8.14e+00  -3.1 5.19e+00    -  8.20e-01 5.49e-01F  1
 282  9.1383238e+00 1.05e-01 4.42e+00  -3.1 5.78e+00    -  2.32e-01 1.38e-01f  1
 283  9.0673602e+00 4.82e-02 3.84e+00  -2.9 3.52e+00    -  5.35e-01 5.82e-01f  1
 284  9.0011566e+00 4.24e-02 1.38e+01  -3.0 5.25e+00    -  7.07e-01 1.60e-01h  1
 285  8.6445364e+00 2.82e-02 7.50e+00  -4.8 1.77e+00    -  5.67e-01 5.07e-01h  1
 286  8.4114736e+00 2.53e-02 4.31e+00  -3.6 5.12e-01    -  6.07e-01 7.37e-01h  1
 287  8.1693568e+00 1.06e-02 1.71e+00  -4.1 2.13e-01    -  7.81e-01 6.02e-01h  1
 288  8.1970436e+00 5.50e-03 9.76e-01  -3.5 3.39e-01    -  9.40e-01 1.00e+00h  1
 289  8.0819738e+00 5.36e-03 4.69e+00  -3.9 1.10e+00    -  1.00e+00 5.29e-01h  1
iter    objective    inf_pr   inf_du lg(mu)  ||d||  lg(rg) alpha_du alpha_pr  ls
 290  8.3251976e+00 1.86e-02 4.06e+00  -3.2 2.15e+00    -  5.60e-01 3.79e-01f  1
 291  8.2135400e+00 5.13e-02 9.47e-01  -3.5 2.17e+00    -  9.95e-01 1.00e+00h  1
 292  8.1714899e+00 4.35e-02 3.66e+00  -3.5 4.63e+00    -  3.61e-01 1.34e-01h  3
 293  8.0929125e+00 5.86e-03 3.94e-01  -3.5 3.78e-01    -  1.00e+00 1.00e+00h  1
 294  7.9915187e+00 1.37e-02 5.30e-01  -3.5 9.12e-01    -  9.74e-01 1.00e+00h  1
 295  7.9510003e+00 1.19e-02 4.48e+00  -3.6 4.33e+00    -  9.42e-01 1.58e-01h  1
 296  8.4774843e+00 1.18e-01 2.11e+00  -3.1 9.80e+00    -  5.27e-01 3.48e-01f  1
 297  8.3829825e+00 1.04e-01 2.19e+00  -3.4 1.57e+01    -  2.98e-01 1.32e-01h  2
 298  8.1779287e+00 3.45e-01 4.02e+00  -3.4 5.50e+01    -  9.87e-02 1.04e-01h  1
 299  8.0194962e+00 3.54e-01 4.51e+00  -3.4 7.54e+01    -  1.44e-01 2.74e-02h  3
iter    objective    inf_pr   inf_du lg(mu)  ||d||  lg(rg) alpha_du alpha_pr  ls
 300  7.9067640e+00 3.42e-01 4.82e+00  -3.4 2.68e+01    -  2.69e-01 7.06e-02h  3
 301  9.0161438e+00 2.85e-01 4.04e+00  -3.5 9.38e+00    -  3.00e-01 4.69e-01h  1
 302  8.5884263e+00 3.38e-02 1.26e+00  -3.5 1.40e+00    -  6.70e-01 1.00e+00f  1
 303  7.5592166e+00 7.61e-02 3.62e+00  -3.5 2.09e+00    -  5.26e-01 7.36e-01f  1
 304  7.7564672e+00 5.51e-02 5.07e+00  -2.8 2.49e+00    -  3.74e-01 2.72e-01f  1
 305  7.9264276e+00 2.39e-02 5.66e-01  -3.2 2.20e+00    -  1.00e+00 9.26e-01h  1
 306  8.6439606e+00 1.63e-03 2.46e+00  -3.2 3.78e+00    -  7.93e-01 1.00e+00H  1
 307  8.0841442e+00 3.28e-02 3.35e+00  -3.4 1.87e+00    -  1.00e+00 5.86e-01f  1
 308  7.4617420e+00 1.73e-02 8.98e-01  -3.5 1.68e+00    -  5.22e-01 5.66e-01f  1
 309  7.3227014e+00 1.62e-02 1.02e+00  -4.0 9.37e-01    -  5.96e-01 6.28e-01h  1
iter    objective    inf_pr   inf_du lg(mu)  ||d||  lg(rg) alpha_du alpha_pr  ls
 310  7.2495773e+00 1.33e-02 5.35e+00  -4.3 8.48e-01    -  1.00e+00 1.86e-01h  1
 311  7.1128454e+00 1.62e-02 4.28e+00  -4.2 3.08e+00    -  1.00e+00 4.03e-01h  1
 312  7.0859348e+00 2.12e-02 2.21e+00  -3.6 7.18e+00    -  7.91e-01 1.82e-01h  2
 313  7.1300579e+00 2.63e-02 4.28e+00  -3.4 7.36e+00    -  6.44e-01 1.59e-01h  2
 314  7.4720989e+00 1.67e-02 8.62e-01  -3.6 3.76e+00    -  1.00e+00 6.75e-01H  1
 315  7.3982938e+00 8.98e-03 6.47e-01  -3.6 6.13e-01    -  4.41e-01 5.00e-01f  2
 316  7.0505241e+00 6.92e-03 3.32e-01  -3.7 1.18e+00    -  1.00e+00 8.99e-01f  1
 317  7.0627624e+00 8.27e-03 7.32e+00  -3.4 4.23e+00    -  9.49e-01 2.62e-01h  1
 318  7.0625579e+00 1.14e-02 4.24e+00  -3.5 1.18e+01    -  6.42e-01 1.02e-01h  3
 319  7.0171056e+00 6.52e-02 3.47e+00  -3.5 1.84e+01    -  2.20e-01 1.67e-01h  2
iter    objective    inf_pr   inf_du lg(mu)  ||d||  lg(rg) alpha_du alpha_pr  ls
 320  7.5905943e+00 1.67e-01 5.61e+00  -2.6 6.07e+01    -  1.57e-01 7.18e-02f  1
 321  7.4387175e+00 3.59e-01 6.81e+00  -3.3 2.73e+01    -  3.39e-02 2.69e-01h  1
 322  7.3575278e+00 3.72e-01 6.68e+00  -3.3 8.24e+01    -  1.03e-01 2.53e-02h  3
 323  7.1532599e+00 3.09e-01 5.45e+00  -3.3 1.03e+01    -  3.28e-01 1.92e-01h  2
 324  7.4253246e+00 1.95e-01 4.05e+00  -3.3 2.82e+00    -  2.39e-01 3.49e-01h  1
 325  6.9722032e+00 3.42e-02 8.53e-01  -3.3 1.93e+00    -  1.00e+00 1.00e+00h  1
 326  8.0063196e+00 5.46e-03 1.14e+00  -3.3 1.28e+00    -  7.13e-01 8.53e-01H  1
 327  6.7471957e+00 3.28e-02 2.66e-01  -3.6 2.63e+00    -  1.00e+00 1.00e+00f  1
 328  7.4073727e+00 1.11e-02 1.98e-01  -3.3 1.20e+00    -  1.00e+00 1.00e+00h  1
 329  6.7017162e+00 7.49e-03 1.06e-01  -3.4 6.54e-01    -  1.00e+00 1.00e+00f  1
iter    objective    inf_pr   inf_du lg(mu)  ||d||  lg(rg) alpha_du alpha_pr  ls
 330  6.5899249e+00 3.16e-03 6.84e-02  -4.0 8.50e-02    -  1.00e+00 1.00e+00h  1
 331  6.4624296e+00 6.92e-03 4.56e+00  -4.2 6.80e-01    -  1.00e+00 3.37e-01h  1
 332  6.4289795e+00 9.10e-03 2.43e+00  -3.8 8.79e-01    -  1.00e+00 3.18e-01h  2
 333  6.3848169e+00 1.42e-02 4.46e-01  -3.9 1.12e+00    -  1.00e+00 8.10e-01h  1
 334  6.3702501e+00 1.42e-02 4.17e+00  -3.9 3.22e+00    -  7.35e-01 1.80e-01h  2
 335  6.3701157e+00 1.33e-02 1.71e+00  -4.1 2.38e+00    -  1.00e+00 6.67e-01H  1
 336  6.3673504e+00 1.26e-02 1.91e+00  -3.9 3.01e+00    -  6.96e-01 2.50e-01h  1
 337  6.2793164e+00 5.00e-03 2.38e-01  -4.2 3.51e-01    -  7.71e-01 6.20e-01h  1
 338  6.2263981e+00 1.24e-03 6.47e-02  -4.1 1.47e-01    -  9.94e-01 1.00e+00h  1
 339  6.2137503e+00 1.23e-03 3.33e+00  -4.7 6.32e-01    -  1.00e+00 2.23e-01h  1
iter    objective    inf_pr   inf_du lg(mu)  ||d||  lg(rg) alpha_du alpha_pr  ls
 340  6.2412341e+00 3.16e-02 3.26e+00  -3.9 9.24e+00    -  4.80e-01 2.30e-01h  2
 341  6.2106864e+00 4.40e-02 3.29e+00  -4.3 2.43e+01    -  2.15e-01 9.88e-02h  2
 342  6.2475781e+00 1.24e-01 3.20e+00  -3.4 7.91e+01    -  1.25e-01 6.08e-02f  2
 343  6.2017176e+00 1.44e-01 2.72e+00  -4.1 8.74e+01    -  8.05e-02 3.07e-02h  2
 344  6.1992830e+00 1.42e-01 2.47e+00  -3.4 6.64e+01    -  1.60e-01 3.94e-02h  2
 345  6.1168304e+00 1.71e-01 2.15e+00  -4.9 7.06e+01    -  9.25e-02 5.75e-02h  1
 346  6.3928949e+00 2.54e-01 2.79e+00  -2.9 9.91e+01    -  7.71e-02 4.86e-02f  2
 347  6.3620646e+00 2.39e-01 2.46e+00  -3.8 3.79e+01    -  1.36e-01 1.82e-01H  1
 348  6.2432388e+00 2.46e-01 1.67e+00  -3.8 7.27e+01    -  1.41e-01 3.04e-02h  3
 349  6.9206542e+00 2.31e-01 1.76e+00  -3.8 1.99e+01    -  2.01e-01 2.02e-01h  1
iter    objective    inf_pr   inf_du lg(mu)  ||d||  lg(rg) alpha_du alpha_pr  ls
 350  6.3034376e+00 1.56e-01 1.52e+00  -3.8 4.75e+00    -  3.70e-01 3.29e-01h  1
 351  5.8889278e+00 1.29e-01 1.14e+00  -3.8 3.63e+00    -  2.67e-01 3.36e-01f  1
 352  6.1586664e+00 4.10e-02 5.09e+00  -3.4 7.01e-01    -  5.02e-01 7.29e-01f  1
 353  6.3644981e+00 4.72e-02 1.08e+00  -3.0 1.55e+00    -  8.00e-01 7.97e-01h  1
 354  6.8954030e+00 2.21e-02 6.13e-01  -3.2 6.24e-01    -  9.15e-01 1.00e+00h  1
 355  6.1812066e+00 1.64e-02 8.27e+00  -3.2 6.44e-01    -  6.70e-01 1.00e+00f  1
 356  5.9844656e+00 1.37e-02 1.23e-01  -3.5 5.79e-01    -  1.00e+00 1.00e+00h  1
 357  5.7874275e+00 3.13e-02 6.03e-01  -3.9 1.35e+00    -  1.00e+00 4.31e-01h  1
 358  5.8042829e+00 1.01e-02 6.81e-01  -3.6 2.33e-01    -  1.00e+00 8.19e-01h  1
 359  5.6513092e+00 6.50e-03 6.55e-01  -4.0 3.26e-01    -  1.00e+00 8.41e-01h  1
iter    objective    inf_pr   inf_du lg(mu)  ||d||  lg(rg) alpha_du alpha_pr  ls
 360  5.5809876e+00 1.05e-02 6.82e-01  -4.2 4.16e-01    -  1.00e+00 7.33e-01h  1
 361  5.5537041e+00 9.72e-03 7.69e+00  -4.2 6.19e-01    -  1.00e+00 2.99e-01h  1
 362  5.5410390e+00 3.76e-03 2.00e+00  -4.2 3.07e-01    -  1.00e+00 6.75e-01h  1
 363  5.5274678e+00 3.03e-03 2.14e+00  -4.2 2.14e-01    -  1.00e+00 5.42e-01h  1
 364  5.5060300e+00 8.86e-03 1.35e+00  -4.4 3.17e-01    -  1.00e+00 7.92e-01h  1
 365  5.5013961e+00 1.42e-03 3.58e-01  -4.5 3.40e-01    -  1.00e+00 8.74e-01H  1
 366  5.4782499e+00 1.66e-03 2.27e+00  -4.5 2.37e-01    -  1.00e+00 6.45e-01h  1
 367  5.4616922e+00 1.72e-03 1.36e+00  -4.7 2.53e-01    -  1.00e+00 7.01e-01h  1
 368  5.4471651e+00 5.11e-03 2.55e-01  -5.0 4.36e-01    -  1.00e+00 7.25e-01h  1
 369  5.4434459e+00 1.08e-02 3.72e+00  -4.6 1.31e+00    -  1.00e+00 2.97e-01h  1
iter    objective    inf_pr   inf_du lg(mu)  ||d||  lg(rg) alpha_du alpha_pr  ls
 370  5.4368934e+00 2.21e-02 1.98e+00  -4.3 2.30e+00    -  6.65e-01 2.68e-01h  2
 371  5.4284961e+00 2.62e-02 1.17e+00  -4.4 4.84e+00    -  2.62e-01 9.18e-02h  2
 372  5.4283632e+00 2.46e-02 1.28e+00  -4.2 2.92e+00    -  4.50e-01 1.19e-01h  2
 373  5.4273930e+00 1.64e-02 9.21e-01  -5.2 1.20e+00    -  5.29e-01 4.47e-01h  1
 374  5.4219555e+00 1.97e-02 1.33e+00  -4.2 2.86e+00    -  5.74e-01 2.27e-01h  2
 375  5.4065276e+00 2.65e-02 1.65e+00  -4.3 4.42e+00    -  3.03e-01 1.61e-01h  2
 376  5.4022373e+00 3.00e-02 3.71e+00  -4.1 5.01e+00    -  4.55e-01 1.29e-01h  2
 377  5.4499651e+00 3.37e-02 4.77e+00  -4.0 3.48e+00    -  5.28e-01 2.83e-01h  2
 378  5.5122692e+00 3.09e-02 2.34e+00  -4.2 1.79e+00    -  7.43e-01 5.61e-01h  1
 379  5.4938177e+00 2.93e-02 1.65e+00  -4.2 5.09e-01    -  8.03e-01 5.28e-02h  1
iter    objective    inf_pr   inf_du lg(mu)  ||d||  lg(rg) alpha_du alpha_pr  ls
 380  5.3867372e+00 2.77e-03 1.15e+01  -4.2 2.49e-01    -  4.94e-01 1.00e+00f  1
 381  5.3547341e+00 8.24e-04 3.78e+00  -4.9 1.21e-01    -  1.00e+00 7.31e-01h  1
 382  5.3387806e+00 6.00e-04 2.89e+00  -4.9 2.83e-01    -  1.00e+00 4.53e-01h  1
 383  5.3243483e+00 3.11e-03 3.48e+00  -4.6 1.76e+00    -  1.00e+00 2.60e-01h  1
 384  5.3913722e+00 3.29e-02 2.04e+00  -4.0 4.07e+00    -  4.11e-01 4.21e-01h  1
 385  5.3703227e+00 3.43e-02 3.41e+00  -4.3 6.80e+00    -  4.34e-01 1.81e-01h  1
 386  5.3285031e+00 3.95e-02 3.12e+00  -4.3 1.84e+01    -  6.10e-02 7.32e-02h  2
 387  5.3134707e+00 7.24e-02 3.16e+00  -4.3 2.16e+01    -  1.97e-01 7.05e-02h  2
 388  5.3456058e+00 6.47e-02 3.70e+00  -4.0 6.08e+00    -  3.22e-01 1.71e-01h  2
 389  5.5007135e+00 5.17e-02 1.41e+00  -4.3 1.28e+00    -  4.40e-01 6.06e-01h  1
iter    objective    inf_pr   inf_du lg(mu)  ||d||  lg(rg) alpha_du alpha_pr  ls
 390  5.2489019e+00 3.21e-02 2.66e-01  -4.3 6.72e-01    -  8.01e-01 8.85e-01h  1
 391  5.2407283e+00 2.56e-02 5.85e+00  -3.9 1.64e+00    -  8.02e-01 1.69e-01f  1
 392  5.3565524e+00 1.66e-02 1.95e+00  -4.0 4.17e+00    -  6.19e-01 7.07e-01H  1
 393  5.3201035e+00 2.79e-02 2.23e+00  -4.1 1.51e+01    -  3.64e-01 1.48e-01h  1
 394  5.2660547e+00 4.02e-02 9.03e+00  -4.1 6.98e+01    -  1.18e-01 3.65e-02h  2
 395  5.2595499e+00 9.48e-02 6.74e+00  -4.1 8.15e+01    -  2.21e-02 5.09e-02h  1
 396  5.2238679e+00 9.51e-02 6.22e+00  -4.1 4.36e+01    -  1.20e-01 2.68e-02h  2
 397  5.3467044e+00 7.86e-02 4.65e+00  -3.7 1.35e+01    -  2.82e-01 1.79e-01h  1
 398  5.8228496e+00 6.02e-02 2.85e+00  -4.0 1.02e+01    -  3.54e-01 3.70e-01h  1
 399  5.5940060e+00 5.20e-02 3.01e+00  -4.0 4.02e+00    -  4.49e-01 1.31e-01h  1
iter    objective    inf_pr   inf_du lg(mu)  ||d||  lg(rg) alpha_du alpha_pr  ls
 400  5.3192132e+00 3.58e-02 2.34e+00  -4.0 6.50e+00    -  2.89e-01 2.63e-01f  1
 401  5.1295298e+00 4.06e-02 1.56e+00  -4.0 3.14e+00    -  3.35e-01 3.63e-01h  1
 402  5.0590274e+00 3.50e-02 1.79e+01  -4.0 3.58e+00    -  7.33e-01 1.37e-01h  1
 403  5.7297108e+00 9.71e-03 1.14e+01  -3.7 4.14e+00    -  3.47e-01 6.95e-01H  1
 404  5.2671040e+00 8.05e-03 2.70e+00  -3.9 7.44e-01    -  7.06e-01 5.11e-01f  1
 405  5.0734875e+00 5.42e-03 1.94e+00  -3.9 7.32e-01    -  4.38e-01 3.97e-01h  1
 406  4.9781270e+00 5.90e-03 2.75e-01  -4.2 2.28e-01    -  1.00e+00 9.51e-01h  1
 407  4.9290020e+00 4.50e-03 3.26e-01  -4.3 1.28e-01    -  1.00e+00 8.99e-01h  1
 408  4.9095450e+00 3.47e-03 1.95e+00  -4.7 1.41e-01    -  1.00e+00 5.97e-01h  1
 409  4.8849785e+00 7.31e-03 1.45e+00  -4.4 7.29e-01    -  1.00e+00 4.45e-01h  1
iter    objective    inf_pr   inf_du lg(mu)  ||d||  lg(rg) alpha_du alpha_pr  ls
 410  4.9334875e+00 9.66e-04 9.77e-02  -4.1 8.73e-01    -  1.00e+00 1.00e+00H  1
 411  5.0233033e+00 4.99e-04 1.43e-01  -4.2 7.79e-01    -  1.00e+00 1.00e+00H  1
 412  4.8892761e+00 2.30e-03 4.48e+00  -4.5 3.39e-01    -  8.57e-01 4.93e-01f  1
 413  4.8707501e+00 7.79e-03 2.01e-02  -4.2 1.94e-01    -  1.00e+00 1.00e+00h  1
 414  4.8317796e+00 6.93e-03 6.07e-01  -4.4 5.22e-01    -  1.00e+00 9.31e-01h  1
 415  5.0950156e+00 5.73e-02 9.79e-01  -3.8 1.50e+00    -  3.89e-01 6.07e-01f  1
 416  4.8877263e+00 9.46e-03 5.48e-01  -4.1 8.23e-01    -  1.00e+00 8.44e-01h  1
 417  4.9082947e+00 6.47e-03 9.78e-01  -4.1 6.43e-01    -  1.00e+00 6.36e-01h  1
 418  4.8485367e+00 6.64e-03 3.15e-02  -4.1 3.56e-01    -  1.00e+00 1.00e+00h  1
 419  4.8201152e+00 4.21e-03 2.93e+00  -4.5 7.34e-01    -  1.00e+00 3.65e-01h  1
iter    objective    inf_pr   inf_du lg(mu)  ||d||  lg(rg) alpha_du alpha_pr  ls
 420  4.8167435e+00 1.58e-02 1.69e+00  -4.2 2.87e+00    -  1.00e+00 3.16e-01h  1
 421  4.8220980e+00 1.48e-02 1.22e+00  -3.8 1.05e+01    -  4.82e-01 6.03e-02h  3
 422  4.8154085e+00 3.43e-02 1.02e+00  -4.1 9.38e+00    -  7.77e-01 2.42e-01h  2
 423  4.8098733e+00 4.09e-02 6.28e-01  -3.7 5.02e+01    -  1.49e-01 2.28e-02h  3
 424  4.7978111e+00 4.53e-02 1.62e+00  -4.3 2.43e+01    -  1.73e-01 5.18e-02h  3
 425  4.7813701e+00 1.39e-01 9.48e-01  -4.1 6.43e+01    -  1.58e-01 5.93e-02h  2
 426  4.7732720e+00 1.37e-01 1.01e+00  -3.8 6.15e+01    -  1.06e-01 1.30e-02h  5
 427  4.7627709e+00 1.25e-01 1.27e+00  -4.0 2.63e+01    -  3.04e-01 1.10e-01h  3
 428  4.7705010e+00 1.20e-01 1.32e+00  -3.8 7.43e+01    -  2.04e-01 4.28e-02h  3
 429  4.7584138e+00 1.18e-01 1.53e+00  -4.1 5.62e+01    -  1.11e-01 1.50e-02h  5
iter    objective    inf_pr   inf_du lg(mu)  ||d||  lg(rg) alpha_du alpha_pr  ls
 430  4.8129398e+00 1.30e-01 2.76e+00  -3.7 4.06e+01    -  2.59e-01 1.52e-01h  2
 431  4.8089013e+00 1.31e-01 3.66e+00  -4.0 8.53e+01    -  1.18e-01 2.52e-02h  3
 432  4.8269279e+00 1.27e-01 4.05e+00  -4.0 2.92e+01    -  1.70e-01 7.90e-02h  3
 433  4.8014397e+00 1.77e-01 2.65e+00  -4.0 2.96e+01    -  8.28e-02 2.28e-01h  1
 434  4.7545974e+00 1.81e-01 3.65e+00  -4.0 5.27e+01    -  8.93e-02 1.96e-02h  3
 435  5.0140434e+00 1.55e-01 2.26e+00  -3.4 7.55e+00    -  3.27e-01 3.78e-01h  1
 436  5.1534154e+00 1.23e-01 2.07e+00  -3.7 6.81e+00    -  3.61e-01 4.63e-01h  1
 437  4.9294818e+00 9.98e-02 1.85e+00  -3.7 6.25e+00    -  2.72e-01 2.61e-01h  1
 438  4.7268894e+00 8.07e-02 8.86e-01  -3.7 2.32e+00    -  3.06e-01 2.02e-01h  1
 439  4.6359664e+00 3.38e-02 1.02e+01  -3.8 2.82e+00    -  3.99e-01 6.06e-01f  1
iter    objective    inf_pr   inf_du lg(mu)  ||d||  lg(rg) alpha_du alpha_pr  ls
 440  4.6378038e+00 2.45e-02 1.11e+01  -3.8 3.29e+00    -  7.01e-01 3.07e-01h  1
 441  4.5547851e+00 6.11e-03 9.36e-01  -3.8 4.39e-01    -  7.34e-01 8.05e-01h  1
 442  4.4853859e+00 3.09e-03 1.73e+00  -4.1 2.57e-01    -  1.00e+00 5.41e-01h  1
 443  4.4193127e+00 1.23e-02 8.72e-01  -4.4 7.89e-01    -  1.00e+00 7.01e-01h  1
 444  4.4005037e+00 8.30e-03 3.34e+00  -4.1 1.47e+00    -  1.00e+00 3.26e-01h  2
 445  4.3888241e+00 6.74e-03 1.13e+00  -4.2 1.27e+00    -  1.00e+00 5.81e-01H  1
 446  4.4564195e+00 3.94e-03 3.40e-01  -4.5 1.08e+00    -  1.00e+00 8.64e-01H  1
 447  4.3345012e+00 4.18e-03 5.02e-01  -4.5 4.14e-01    -  1.00e+00 7.03e-01h  1
 448  4.3004015e+00 1.89e-03 9.31e-01  -4.6 2.79e-01    -  7.18e-01 5.16e-01h  1
 449  4.2828073e+00 1.20e-02 1.73e+00  -4.8 6.37e-01    -  1.00e+00 6.04e-01h  1
iter    objective    inf_pr   inf_du lg(mu)  ||d||  lg(rg) alpha_du alpha_pr  ls
 450  4.2789947e+00 8.87e-03 1.25e+00  -4.5 2.47e+00    -  9.16e-01 2.42e-01h  1
 451  4.3068641e+00 1.56e-02 9.48e-01  -3.8 3.18e+00    -  1.07e-01 1.77e-01f  1
 452  4.2912172e+00 1.64e-02 6.85e-01  -4.5 3.65e+00    -  2.74e-01 2.75e-01h  1
 453  4.2808286e+00 1.55e-02 1.01e+00  -4.5 9.40e+00    -  1.20e-01 3.75e-02h  1
 454  4.2742503e+00 2.74e-02 2.83e+00  -4.5 4.43e+00    -  4.95e-01 1.82e-01f  2
 455  4.4381204e+00 6.50e-02 2.74e+00  -3.6 8.50e+00    -  1.53e-01 2.08e-01f  1
 456  4.3764702e+00 3.79e-02 1.57e+00  -4.2 3.18e+00    -  5.73e-01 3.14e-01h  1
 457  4.3580449e+00 2.15e-02 1.83e+00  -4.2 2.35e+00    -  6.80e-01 3.65e-01h  1
 458  4.2749183e+00 1.19e-02 3.06e+00  -4.2 3.35e-01    -  9.13e-01 4.41e-01h  1
 459  4.2407268e+00 1.01e-03 4.15e-02  -4.2 2.05e-01    -  1.00e+00 1.00e+00h  1
iter    objective    inf_pr   inf_du lg(mu)  ||d||  lg(rg) alpha_du alpha_pr  ls
 460  4.2102329e+00 7.17e-04 4.99e-01  -4.6 7.89e-02    -  1.00e+00 7.44e-01h  1
 461  4.1904066e+00 9.62e-04 5.40e-01  -5.0 2.88e-01    -  1.00e+00 3.75e-01h  1
 462  4.1834402e+00 2.87e-03 1.22e+00  -4.7 6.22e-01    -  1.00e+00 4.54e-01h  1
 463  4.1777430e+00 4.17e-03 2.06e+00  -4.7 3.87e-01    -  1.00e+00 3.57e-01h  1
 464  4.1690464e+00 2.65e-03 2.57e+00  -4.8 1.93e-01    -  9.45e-01 3.52e-01h  1
 465  4.1661304e+00 1.17e-03 3.61e-01  -4.8 1.21e-01    -  1.00e+00 7.44e-01h  1
 466  4.1569552e+00 8.97e-04 2.13e-02  -4.9 1.33e-01    -  1.00e+00 9.95e-01h  1
 467  4.1591853e+00 1.78e-04 8.52e-02  -4.9 2.61e-01    -  1.00e+00 9.06e-01H  1
 468  4.1498852e+00 1.62e-03 1.70e+00  -5.4 1.93e-01    -  1.00e+00 4.32e-01h  1
 469  4.1456092e+00 4.19e-04 6.39e-01  -5.0 1.30e-01    -  1.00e+00 7.28e-01h  1
iter    objective    inf_pr   inf_du lg(mu)  ||d||  lg(rg) alpha_du alpha_pr  ls
 470  4.1483540e+00 2.41e-04 1.18e-02  -4.8 6.74e-02    -  1.00e+00 1.00e+00h  1
 471  4.1394736e+00 1.16e-03 3.03e-01  -5.2 1.78e-01    -  1.00e+00 9.11e-01h  1
 472  4.1413000e+00 6.48e-03 4.63e-01  -4.7 4.57e-01    -  7.30e-01 2.49e-01h  2
 473  4.1407454e+00 4.86e-03 3.52e-01  -4.9 2.82e-01    -  1.00e+00 6.95e-01h  1
 474  4.1379863e+00 2.97e-03 3.83e-01  -4.9 9.15e-01    -  6.09e-01 2.98e-01f  1
 475  4.1345535e+00 2.92e-03 1.00e+00  -4.9 1.10e+00    -  8.86e-01 1.32e-01h  3
 476  4.1651724e+00 2.30e-03 2.85e-01  -4.9 5.68e-01    -  7.65e-01 8.28e-01H  1
 477  4.1565637e+00 2.13e-03 7.69e-01  -5.0 8.24e-01    -  3.06e-01 7.85e-02h  1
 478  4.1321111e+00 1.42e-03 6.71e-01  -5.0 8.67e-01    -  2.04e-01 2.23e-01f  1
 479  4.1196179e+00 5.61e-03 4.12e+00  -4.9 7.84e-01    -  5.78e-01 1.63e-01f  1
iter    objective    inf_pr   inf_du lg(mu)  ||d||  lg(rg) alpha_du alpha_pr  ls
 480  4.1299275e+00 7.53e-03 1.76e+00  -4.4 6.70e-01    -  5.87e-01 3.73e-01h  2
 481  4.1388216e+00 1.11e-04 3.20e+00  -4.7 5.20e-01    -  3.97e-01 1.00e+00H  1
 482  4.1515798e+00 4.53e-03 5.37e-01  -4.4 5.27e-01    -  8.00e-01 5.00e-01f  2
 483  4.1415994e+00 5.63e-04 7.49e-01  -4.5 1.44e-01    -  6.72e-01 8.77e-01h  1
 484  4.1224558e+00 6.79e-04 2.76e-02  -4.5 8.38e-02    -  1.00e+00 1.00e+00f  1
 485  4.1084953e+00 5.35e-04 1.29e+00  -5.3 2.69e-02    -  1.00e+00 7.81e-01h  1
 486  4.0997990e+00 2.71e-04 4.35e-01  -5.4 1.02e-01    -  1.00e+00 4.57e-01h  1
 487  4.0931835e+00 3.18e-03 4.84e-01  -5.0 6.95e-01    -  1.00e+00 4.07e-01h  1
 488  4.0943756e+00 5.75e-03 1.77e-01  -4.4 5.90e+00    -  3.09e-01 1.18e-01h  1
 489  4.0905526e+00 6.16e-03 3.05e-01  -4.8 1.39e+01    -  2.14e-01 1.97e-02h  1
iter    objective    inf_pr   inf_du lg(mu)  ||d||  lg(rg) alpha_du alpha_pr  ls
 490  4.1146810e+00 4.47e-02 3.55e-01  -4.0 3.69e+01    -  7.63e-02 6.44e-02f  1
 491  4.1063536e+00 5.20e-02 4.43e-01  -4.7 3.09e+01    -  1.60e-02 4.68e-02h  1
 492  4.0976274e+00 5.28e-02 5.24e-01  -4.7 4.99e+01    -  8.19e-02 1.70e-02h  2
 493  4.0892055e+00 5.16e-02 5.18e-01  -4.7 3.19e+01    -  5.07e-02 5.09e-02h  2
 494  4.0876498e+00 6.73e-02 7.89e-01  -3.9 3.68e+01    -  1.50e-01 4.91e-02h  1
 495  4.0706274e+00 6.45e-02 9.67e-01  -4.2 3.00e+01    -  8.27e-02 4.13e-02h  2
 496  4.0592430e+00 6.23e-02 1.43e+00  -4.0 2.72e+01    -  1.45e-01 3.57e-02h  3
 497  4.0566335e+00 5.88e-02 1.41e+00  -4.0 1.56e+01    -  1.61e-01 5.50e-02h  3
 498  4.0957024e+00 5.32e-02 1.56e+00  -3.9 9.69e+00    -  3.12e-01 1.56e-01h  2
 499  4.0814248e+00 5.42e-02 1.59e+00  -4.2 1.09e+01    -  3.03e-01 1.12e-01h  2
iter    objective    inf_pr   inf_du lg(mu)  ||d||  lg(rg) alpha_du alpha_pr  ls
 500  4.1049209e+00 5.82e-02 1.56e+00  -3.7 1.67e+01    -  2.49e-01 5.89e-02h  2
 501  4.2330285e+00 5.52e-02 9.25e-01  -4.1 3.88e+00    -  5.90e-01 3.71e-01h  1
 502  4.2578454e+00 2.07e-02 3.29e-01  -4.1 7.40e-01    -  7.46e-01 7.12e-01h  1
 503  4.0641155e+00 2.46e-02 7.06e-01  -4.1 1.59e+00    -  6.08e-01 1.00e+00f  1
 504  4.0682697e+00 1.86e-02 4.88e-01  -6.2 1.01e+00    -  2.86e-01 3.06e-01h  1
 505  3.9964726e+00 8.92e-03 4.50e-01  -4.2 6.72e-01    -  9.46e-01 1.00e+00h  1
 506  3.9970139e+00 6.59e-03 2.81e+00  -4.2 6.18e-01    -  8.63e-01 2.61e-01h  1
 507  3.9615469e+00 1.95e-03 4.66e-02  -4.6 6.17e-02    -  1.00e+00 1.00e+00h  1
 508  3.9461969e+00 8.62e-04 1.58e-01  -4.7 7.64e-02    -  1.00e+00 8.20e-01h  1
 509  3.9318749e+00 8.68e-04 9.53e-02  -5.0 8.40e-02    -  1.00e+00 9.38e-01h  1
iter    objective    inf_pr   inf_du lg(mu)  ||d||  lg(rg) alpha_du alpha_pr  ls
 510  3.9387253e+00 5.70e-04 1.01e-01  -4.7 2.88e-01    -  1.00e+00 9.01e-01H  1
 511  3.9299871e+00 1.55e-02 3.61e-01  -5.1 1.79e-01    -  1.00e+00 8.21e-01h  1
 512  3.9292398e+00 1.18e-03 7.32e-02  -4.8 1.32e-01    -  9.09e-01 1.00e+00h  1
 513  3.9177221e+00 7.45e-04 5.98e-01  -5.3 8.02e-02    -  1.00e+00 6.86e-01h  1
 514  3.9165073e+00 7.42e-04 8.09e-03  -5.0 1.43e-01    -  1.00e+00 1.00e+00h  1
 515  3.9207730e+00 2.36e-04 2.29e-02  -5.1 2.79e-01    -  1.00e+00 9.83e-01H  1
 516  3.9133679e+00 1.16e-03 1.57e-01  -5.2 3.69e-01    -  9.37e-01 6.28e-01h  1
 517  3.9264321e+00 7.04e-04 1.42e-01  -5.2 2.47e-01    -  8.13e-01 6.42e-01H  1
 518  3.9062039e+00 3.41e-04 3.65e-01  -5.3 7.17e-02    -  9.77e-01 5.20e-01h  1
 519  3.9007041e+00 9.29e-04 5.46e-03  -5.0 1.08e-01    -  1.00e+00 1.00e+00f  1
iter    objective    inf_pr   inf_du lg(mu)  ||d||  lg(rg) alpha_du alpha_pr  ls
 520  3.8973995e+00 1.38e-03 2.33e-02  -5.3 2.54e-01    -  9.98e-01 1.00e+00h  1
 521  3.8952285e+00 1.86e-02 2.31e-01  -5.0 2.10e+00    -  4.79e-01 1.87e-01h  1
 522  3.8909543e+00 1.52e-02 2.82e-01  -4.8 7.64e+00    -  1.71e-01 1.02e-01h  1
 523  3.8900157e+00 3.11e-02 2.53e-01  -4.5 1.46e+01    -  1.33e-01 4.42e-02h  2
 524  3.8836488e+00 2.92e-02 2.69e-01  -6.5 1.02e+01    -  1.11e-01 6.65e-02h  1
 525  3.8819066e+00 2.90e-02 3.24e-01  -6.1 9.51e+00    -  7.28e-02 6.82e-03h  1
 526  3.8769006e+00 1.22e-02 6.20e-01  -4.7 8.55e+00    -  1.69e-01 5.23e-02h  3
 527  3.9083921e+00 1.90e-02 5.93e-01  -3.6 1.59e+01    -  3.60e-02 6.18e-02f  1
 528  3.9020164e+00 1.83e-02 5.89e-01  -4.8 1.03e+01    -  1.62e-01 8.55e-02h  1
 529  3.8928466e+00 1.92e-02 5.92e-01  -4.8 1.87e+01    -  1.06e-01 5.22e-02h  2
iter    objective    inf_pr   inf_du lg(mu)  ||d||  lg(rg) alpha_du alpha_pr  ls
 530  3.8889614e+00 3.47e-02 6.45e-01  -4.8 2.67e+01    -  1.14e-01 5.86e-02h  1
 531  3.8835401e+00 3.63e-02 7.86e-01  -4.8 2.56e+01    -  1.33e-01 5.54e-02h  2
 532  3.8747104e+00 3.41e-02 6.85e-01  -4.8 2.30e+01    -  8.98e-02 5.82e-02h  1
 533  3.8911730e+00 3.21e-02 1.09e+00  -4.1 1.96e+01    -  2.27e-01 6.96e-02f  2
 534  3.8830696e+00 3.83e-02 9.82e-01  -4.6 1.96e+01    -  1.53e-01 9.71e-02h  1
 535  3.8719302e+00 3.83e-02 8.46e-01  -4.6 3.38e+01    -  1.38e-01 2.66e-02h  3
 536  3.8669417e+00 3.67e-02 1.60e+00  -4.3 1.41e+01    -  2.05e-01 6.62e-02h  3
 537  4.0913386e+00 2.89e-02 1.34e+00  -4.2 3.99e+00    -  1.87e-01 2.22e-01H  1
 538  3.9246749e+00 1.74e-02 9.09e-01  -4.5 1.69e+00    -  5.91e-01 3.96e-01h  1
 539  3.9010343e+00 1.87e-02 6.88e-01  -4.5 4.58e+00    -  1.38e-01 1.67e-01h  2
iter    objective    inf_pr   inf_du lg(mu)  ||d||  lg(rg) alpha_du alpha_pr  ls
 540  3.8970863e+00 6.88e-03 8.38e-01  -4.5 4.68e-01    -  5.12e-01 6.59e-01h  1
 541  3.8436966e+00 4.47e-03 3.59e+00  -4.5 3.42e-01    -  7.22e-01 4.02e-01f  1
 542  3.8342206e+00 4.99e-03 4.38e-01  -4.5 3.01e-01    -  9.04e-01 9.86e-01h  1
 543  3.8417273e+00 5.23e-03 3.73e-01  -4.5 1.09e-01    -  8.24e-01 9.55e-01h  1
 544  3.8065471e+00 7.05e-04 2.59e-01  -4.9 1.24e-01    -  1.00e+00 9.10e-01h  1
 545  3.7984338e+00 2.55e-04 7.51e-01  -5.1 1.43e-02    -  1.00e+00 5.99e-01h  1
 546  3.7903230e+00 3.55e-04 3.36e-01  -5.2 5.36e-02    -  1.00e+00 3.77e-01h  1
 547  3.7838689e+00 1.52e-03 1.11e+00  -5.3 1.05e-01    -  1.00e+00 4.36e-01h  1
 548  3.7821885e+00 3.48e-03 4.48e-01  -4.9 1.89e-01    -  8.32e-01 5.00e-01h  1
 549  3.7922718e+00 1.77e-04 5.79e-01  -5.0 1.94e-01    -  6.05e-01 1.00e+00H  1
iter    objective    inf_pr   inf_du lg(mu)  ||d||  lg(rg) alpha_du alpha_pr  ls
 550  3.7836320e+00 3.95e-03 3.46e-01  -5.0 1.31e-01    -  7.35e-01 5.45e-01h  1
 551  3.7811741e+00 1.03e-03 2.25e-02  -5.0 1.11e-01    -  1.00e+00 1.00e+00h  1
 552  3.7733771e+00 6.44e-04 6.39e-01  -5.3 6.22e-02    -  1.00e+00 4.42e-01h  1
 553  3.7664864e+00 9.81e-04 1.06e-01  -5.4 8.56e-02    -  1.00e+00 8.57e-01h  1
 554  3.7659930e+00 1.88e-03 7.03e-01  -5.1 2.51e-01    -  8.36e-01 2.68e-01h  2
 555  3.7635523e+00 2.04e-03 1.54e-02  -5.4 9.46e-02    -  1.00e+00 1.00e+00h  1
 556  3.7605978e+00 3.83e-03 3.10e-01  -5.2 4.88e-01    -  6.31e-01 2.54e-01h  1
 557  3.7642956e+00 3.84e-03 5.87e-01  -4.9 5.47e-01    -  6.53e-01 2.04e-01h  2
 558  3.7623944e+00 7.15e-03 2.11e-02  -5.1 1.15e-01    -  1.00e+00 1.00e+00h  1
 559  3.7689754e+00 1.24e-03 3.81e-02  -4.8 1.88e-01    -  7.35e-01 7.25e-01H  1
iter    objective    inf_pr   inf_du lg(mu)  ||d||  lg(rg) alpha_du alpha_pr  ls
 560  3.7581974e+00 2.70e-03 4.88e-01  -5.1 7.51e-02    -  1.00e+00 7.91e-01h  1
 561  3.7598628e+00 1.66e-02 1.33e-02  -4.8 1.18e-01    -  1.00e+00 1.00e+00h  1
 562  3.7630345e+00 1.22e-03 1.21e-01  -4.9 1.67e-01    -  1.00e+00 9.45e-01h  1
 563  3.7619756e+00 8.20e-05 4.43e-02  -4.9 1.66e-01    -  1.00e+00 1.00e+00F  1
 564  3.7542903e+00 6.10e-04 1.06e-01  -5.4 1.05e-01    -  1.00e+00 7.89e-01h  1
 565  3.7507404e+00 2.57e-04 1.19e-02  -4.9 5.60e-02    -  1.00e+00 1.00e+00h  1
 566  3.7455141e+00 2.54e-04 2.10e-01  -5.4 9.85e-02    -  1.00e+00 6.64e-01h  1
 567  3.7432688e+00 4.25e-02 3.66e-01  -5.1 1.10e+00    -  1.00e+00 3.36e-01h  1
 568  3.7446987e+00 3.80e-02 3.04e-01  -4.6 3.35e+00    -  3.32e-01 1.04e-01h  1
 569  3.7438395e+00 1.26e-02 2.71e-01  -5.0 3.67e+00    -  4.30e-02 8.71e-02h  2
iter    objective    inf_pr   inf_du lg(mu)  ||d||  lg(rg) alpha_du alpha_pr  ls
 570  3.7434585e+00 1.24e-02 1.98e-01  -5.0 2.11e+00    -  2.90e-01 9.04e-02h  2
 571  3.7673009e+00 3.96e-02 6.53e+02  -5.0 3.15e-01    -  5.33e-01 7.56e-01h  1
 572  3.7414946e+00 9.98e-03 3.25e+03  -5.0 2.31e-01    -  4.12e-01 7.55e-01h  1
 573  3.7356040e+00 7.19e-04 1.65e+03  -5.1 6.89e-02    -  1.00e+00 1.00e+00f  1
 574  3.7345590e+00 6.33e-04 4.27e+02  -5.2 1.18e-01    -  1.00e+00 1.00e+00h  1
 575  3.7468016e+00 5.82e-04 3.84e+00  -4.7 1.04e-01    -  7.58e-01 1.00e+00h  1
 576  3.7514860e+00 5.41e-04 1.27e+00  -4.8 9.41e-02    -  2.28e-02 1.00e+00h  1
 577  3.7418549e+00 3.99e-02 1.68e+02  -4.8 7.63e-02    -  1.00e+00 5.98e-01h  1
 578  3.7394319e+00 1.09e-01 1.49e+05  -4.8 2.35e-01    -  9.79e-01 5.00e-01h  2
 579  3.7393792e+00 9.93e-02 1.41e+04  -4.8 5.63e-01    -  1.00e+00 9.30e-02h  1
iter    objective    inf_pr   inf_du lg(mu)  ||d||  lg(rg) alpha_du alpha_pr  ls
 580  3.7392694e+00 3.90e-05 1.09e+04  -4.8 1.12e-01    -  1.00e+00 1.00e+00f  1
 581  3.7662661e+00 1.65e-03 2.98e+02  -4.0 5.67e-01    -  2.27e-01 2.66e-01f  1
 582  3.9320743e+00 1.86e-02 3.27e+00  -4.6 6.35e-01    -  5.29e-02 5.60e-01H  1
 583  3.7572019e+00 3.65e-02 5.24e+01  -4.6 3.79e-01    -  6.94e-01 8.68e-01f  1
 584  3.7544075e+00 1.40e-02 1.74e+02  -4.6 9.92e-02    -  3.72e-01 7.06e-01h  1
 585  3.7510898e+00 5.94e-03 1.53e+00  -4.6 3.70e-02    -  1.00e+00 5.76e-01f  1
 586  3.7509549e+00 4.23e-02 2.68e-03  -4.6 1.68e-02    -  1.00e+00 1.00e+00f  1
 587  3.7510018e+00 3.67e-02 1.60e-01  -4.6 4.85e-02    -  1.00e+00 8.68e-01h  1
 588  3.7498569e+00 2.40e-02 7.16e-01  -4.6 9.79e-02    -  1.00e+00 5.00e-01f  2
 589  3.7477481e+00 5.40e-03 3.97e-02  -4.6 2.86e-01    -  1.00e+00 1.00e+00h  1
iter    objective    inf_pr   inf_du lg(mu)  ||d||  lg(rg) alpha_du alpha_pr  ls
 590  3.7476191e+00 5.00e-03 5.56e-01  -4.6 2.15e+00    -  4.72e-01 1.57e-01h  1
 591  3.7462425e+00 4.61e-03 5.83e-01  -4.6 1.89e+00    -  1.72e-01 8.40e-02h  4
 592  3.7462716e+00 4.14e-03 1.15e+00  -4.6 9.21e-01    -  8.60e-01 2.02e-01h  3
 593  3.7894544e+00 4.69e-04 8.06e-02  -4.6 4.11e-01    -  1.00e+00 1.00e+00H  1
 594  3.7476687e+00 1.96e-03 2.67e-01  -4.6 1.41e-01    -  1.00e+00 8.80e-01h  1
 595  3.7377257e+00 1.21e-02 3.57e-01  -4.6 1.20e-01    -  4.72e-01 5.45e-01f  1
 596  3.7366216e+00 6.20e-03 1.63e+00  -4.6 1.61e-01    -  1.00e+00 5.00e-01f  2
 597  3.7410278e+00 4.29e-05 4.15e-02  -4.6 3.00e-01    -  1.00e+00 1.00e+00H  1
 598  3.7371311e+00 1.38e-02 5.72e-01  -4.6 9.60e-01    -  1.00e+00 3.86e-01h  2
 599  3.7343440e+00 1.27e-02 1.15e+00  -4.7 2.49e+00    -  2.95e-01 7.27e-02h  4
iter    objective    inf_pr   inf_du lg(mu)  ||d||  lg(rg) alpha_du alpha_pr  ls
 600  3.7612555e+00 5.26e-04 1.13e-01  -4.7 1.69e-01    -  1.00e+00 9.57e-01H  1
 601  3.7203490e+00 8.77e-04 1.69e+00  -4.8 9.99e-02    -  6.68e-01 1.00e+00h  1
 602  3.7154431e+00 1.75e-02 1.45e-02  -5.0 1.98e-01    -  1.00e+00 1.00e+00h  1
 603  3.7245984e+00 2.41e-05 2.17e-02  -4.8 5.19e-01    -  1.00e+00 1.00e+00H  1
 604  3.7272649e+00 1.04e-03 3.46e-01  -4.5 2.96e+00    -  7.73e-01 1.89e-01f  2
 605  3.7261955e+00 2.38e-03 8.08e-01  -4.7 5.41e+00    -  3.66e-01 1.03e-01h  3
 606  3.7237248e+00 2.30e-03 1.70e+00  -4.7 1.76e+00    -  5.74e-01 7.16e-02h  4
 607  3.7260589e+00 1.21e-03 2.06e-02  -4.7 3.16e-01    -  1.00e+00 1.00e+00h  1
 608  3.7397540e+00 6.57e-04 4.17e-01  -4.7 1.51e-01    -  7.21e-01 8.03e-01h  1
 609  3.7111785e+00 2.14e-03 9.55e-03  -4.7 5.54e-01    -  1.00e+00 1.00e+00f  1
iter    objective    inf_pr   inf_du lg(mu)  ||d||  lg(rg) alpha_du alpha_pr  ls
 610  3.8064522e+00 9.79e-03 3.47e-01  -4.7 1.47e+00    -  9.82e-01 7.09e-01H  1
 611  3.7152708e+00 3.77e-03 1.97e-01  -4.8 1.81e-01    -  1.00e+00 6.24e-01h  1
 612  3.7049942e+00 7.52e-04 1.28e-01  -4.5 9.30e-02    -  8.62e-01 8.08e-01f  1
 613  3.7020593e+00 5.39e-04 6.02e-01  -5.0 9.56e-02    -  1.00e+00 2.85e-01h  1
 614  3.6935847e+00 4.66e-04 9.23e-01  -5.4 4.63e-01    -  1.00e+00 3.31e-01h  1
 615  3.6887262e+00 2.42e-03 1.82e+00  -5.0 3.13e+00    -  1.00e+00 1.79e-01h  2
 616  3.6881751e+00 5.36e-03 2.05e+00  -4.8 1.85e+01    -  2.46e-01 4.69e-02h  2
 617  3.6883144e+00 6.51e-03 1.68e+00  -4.6 2.56e+01    -  2.57e-01 2.99e-02h  3
 618  3.6867216e+00 6.43e-03 1.57e+00  -4.9 2.22e+01    -  1.81e-01 2.09e-02h  4
 619  3.6864111e+00 6.53e-03 1.81e+00  -4.4 3.73e+01    -  3.18e-01 2.27e-02h  4
iter    objective    inf_pr   inf_du lg(mu)  ||d||  lg(rg) alpha_du alpha_pr  ls
 620  3.6875921e+00 7.63e-02 1.67e+00  -3.8 1.35e+02    -  5.94e-02 5.08e-02f  1
 621  3.6853444e+00 7.84e-02 1.66e+00  -4.6 3.21e+02    -  7.31e-03 4.33e-03h  3
 622  3.6768646e+00 8.14e-02 1.59e+00  -4.5 1.89e+02    -  7.92e-02 8.75e-03h  3
 623  3.6758136e+00 8.48e-02 1.37e+00  -3.8 1.57e+02    -  6.47e-02 1.05e-02h  4
 624  3.6736815e+00 9.36e-02 1.47e+00  -4.4 9.08e+01    -  7.06e-02 3.24e-02h  3
 625  3.6650880e+00 1.02e-01 2.47e+00  -4.6 1.92e+02    -  7.81e-02 1.48e-02h  3
 626  4.6953721e+00 2.62e-01 2.65e+00  -2.9 4.11e+02    -  1.81e-02 2.63e-02f  1
 627  4.7022418e+00 2.58e-01 2.95e+00  -4.3 9.55e+01    -  4.42e-02 3.52e-02h  2
 628  4.8417648e+00 2.74e-01 1.66e+00  -4.3 4.56e+01    -  8.96e-02 1.32e-01h  1
 629  4.4655827e+00 2.77e-01 1.33e+00  -4.3 7.11e+01    -  5.55e-02 4.48e-02h  1
iter    objective    inf_pr   inf_du lg(mu)  ||d||  lg(rg) alpha_du alpha_pr  ls
 630  4.1568164e+00 2.74e-01 1.82e+00  -4.3 5.22e+01    -  3.25e-02 3.94e-02f  1
 631  3.9412055e+00 2.51e-01 2.08e+00  -4.3 3.67e+00    -  1.25e-01 8.25e-02h  1
 632  3.6734886e+00 1.45e-01 5.02e+00  -4.3 3.25e+00    -  1.91e-01 4.36e-01h  1
 633  3.6094622e+00 1.31e-01 5.25e+00  -4.3 1.40e+01    -  1.77e-01 1.07e-01h  1
 634  3.7146512e+00 1.05e-01 4.40e+00  -3.6 7.49e+00    -  2.53e-01 2.32e-01f  1
 635  3.8365022e+00 6.40e-02 2.72e+00  -4.1 2.19e+00    -  4.84e-01 4.03e-01h  1
 636  3.6328884e+00 3.05e-02 2.20e+00  -4.1 1.10e+00    -  6.27e-01 5.39e-01h  1
 637  3.5867816e+00 2.27e-02 5.52e+00  -4.1 2.37e+00    -  4.62e-01 3.06e-01h  1
 638  3.9287864e+00 1.14e-02 2.97e+00  -3.8 1.25e+00    -  9.61e-01 6.92e-01h  1
 639  3.6163670e+00 4.50e-03 3.96e-02  -3.9 5.24e-01    -  1.00e+00 1.00e+00h  1
iter    objective    inf_pr   inf_du lg(mu)  ||d||  lg(rg) alpha_du alpha_pr  ls
 640  3.5856690e+00 4.03e-03 1.10e+01  -4.1 1.24e-01    -  1.00e+00 5.58e-01h  1
 641  3.5557382e+00 1.41e-03 1.70e+00  -4.5 4.91e-02    -  1.00e+00 6.77e-01h  1
 642  3.5308441e+00 7.93e-04 3.39e-02  -4.2 4.74e-02    -  1.00e+00 1.00e+00h  1
 643  3.5056073e+00 1.01e-02 2.07e+00  -4.6 5.08e-02    -  1.00e+00 8.44e-01h  1
 644  3.4908868e+00 1.67e-03 1.12e-01  -4.7 5.66e-02    -  1.00e+00 9.57e-01h  1
 645  3.4783387e+00 6.81e-04 2.38e-02  -5.0 3.24e-02    -  1.00e+00 9.80e-01h  1
 646  3.4738663e+00 3.49e-04 3.63e-01  -5.1 3.04e-02    -  1.00e+00 9.05e-01h  1
 647  3.4690798e+00 3.68e-04 2.26e-01  -5.5 4.28e-02    -  1.00e+00 6.89e-01h  1
 648  3.4669037e+00 4.32e-03 7.58e-01  -5.1 1.44e-01    -  7.59e-01 2.76e-01h  1
 649  3.4644040e+00 3.81e-03 1.74e+00  -5.5 2.90e-01    -  4.69e-01 1.41e-01h  1
iter    objective    inf_pr   inf_du lg(mu)  ||d||  lg(rg) alpha_du alpha_pr  ls
 650  3.4629620e+00 4.00e-03 2.04e+00  -5.1 5.33e-01    -  3.68e-01 2.31e-01h  1
 651  3.4600787e+00 3.89e-03 2.57e+00  -5.3 6.34e-01    -  5.17e-01 1.02e-01h  1
 652  3.4564025e+00 5.80e-03 2.28e+00  -5.3 1.86e+00    -  1.66e-01 9.94e-02h  1
 653  3.4608475e+00 6.11e-03 2.13e+00  -4.2 1.46e+00    -  6.75e-02 7.06e-02h  1
 654  3.4568337e+00 6.04e-03 2.59e+00  -5.1 7.12e-01    -  6.65e-01 1.68e-01h  1
 655  3.4570759e+00 4.35e-03 1.01e+00  -5.1 3.93e-01    -  3.44e-01 4.96e-01H  1
 656  3.4604668e+00 4.43e-03 6.55e-01  -4.8 2.80e-01    -  7.27e-01 6.04e-01f  1
 657  3.4463905e+00 2.22e-03 5.26e-01  -5.0 1.57e-01    -  6.47e-01 5.53e-01h  1
 658  3.4486804e+00 8.44e-04 4.70e-01  -4.7 6.57e-02    -  7.07e-01 6.40e-01f  1
 659  3.4397244e+00 5.98e-04 1.49e-01  -5.2 3.96e-02    -  1.00e+00 9.50e-01h  1
iter    objective    inf_pr   inf_du lg(mu)  ||d||  lg(rg) alpha_du alpha_pr  ls
 660  3.4360202e+00 9.39e-04 6.24e-01  -5.2 8.19e-02    -  1.00e+00 8.00e-01h  1
 661  3.4326469e+00 2.50e-03 6.47e-01  -5.3 1.83e-01    -  1.00e+00 6.71e-01h  1
 662  3.4302657e+00 2.61e-03 9.16e-01  -5.5 6.76e-01    -  5.28e-01 8.66e-02h  1
 663  3.4289967e+00 2.66e-03 1.98e+00  -5.4 4.59e-01    -  4.28e-01 1.55e-01h  2
 664  3.4358857e+00 6.11e-03 3.77e-01  -5.4 2.63e-01    -  5.93e-01 6.87e-01H  1
 665  3.4277847e+00 2.74e-03 7.80e-01  -5.5 1.55e-01    -  8.95e-01 5.61e-01h  1
 666  3.4232150e+00 2.10e-03 3.08e+00  -5.6 1.83e-01    -  5.58e-01 2.51e-01h  1
 667  3.4297341e+00 8.70e-04 4.72e-01  -5.1 5.54e-02    -  8.62e-01 1.00e+00h  1
 668  3.4233981e+00 3.84e-04 7.04e-01  -5.4 3.71e-02    -  1.00e+00 6.44e-01h  1
 669  3.4203113e+00 4.34e-04 2.07e-01  -5.6 5.79e-02    -  1.00e+00 9.48e-01h  1
iter    objective    inf_pr   inf_du lg(mu)  ||d||  lg(rg) alpha_du alpha_pr  ls
 670  3.4196529e+00 4.67e-04 1.98e+00  -5.6 2.19e-01    -  1.00e+00 3.88e-01h  1
 671  3.4196278e+00 3.19e-04 3.20e+00  -5.3 1.97e-01    -  1.00e+00 2.25e-01h  1
 672  3.4176613e+00 2.09e-04 1.63e+00  -5.7 8.32e-02    -  7.71e-01 4.86e-01h  1
 673  3.4174921e+00 4.33e-04 3.49e+00  -5.3 1.73e-01    -  1.00e+00 2.97e-01h  2
 674  3.4310139e+00 1.57e-03 1.04e+00  -4.8 5.01e-02    -  4.25e-01 9.73e-01h  1
 675  3.4218667e+00 1.10e-03 1.37e+00  -5.1 9.03e-02    -  1.00e+00 7.58e-01h  1
 676  3.4244987e+00 1.21e-03 1.05e+00  -5.1 1.56e-01    -  5.36e-01 5.00e-01h  2
 677  3.4192554e+00 4.07e-04 6.25e-03  -5.1 3.76e-02    -  1.00e+00 1.00e+00h  1
 678  3.4149454e+00 6.87e-05 7.18e-01  -5.6 2.09e-02    -  1.00e+00 9.34e-01h  1
 679  3.4134789e+00 5.67e-05 3.39e-01  -5.9 2.07e-02    -  1.00e+00 5.37e-01h  1
iter    objective    inf_pr   inf_du lg(mu)  ||d||  lg(rg) alpha_du alpha_pr  ls
 680  3.4122255e+00 3.08e-04 1.51e+00  -5.7 1.47e-01    -  8.38e-01 4.68e-01h  1
 681  3.4115168e+00 5.81e-04 1.56e+00  -5.4 3.27e-01    -  9.68e-01 3.89e-01h  1
 682  3.4110776e+00 5.71e-04 2.29e+00  -5.5 7.61e-01    -  4.17e-01 2.17e-02h  1
 683  3.4099419e+00 5.32e-04 3.22e+00  -5.5 5.80e-01    -  4.80e-01 2.59e-01h  2
 684  3.4101613e+00 7.20e-04 2.53e+00  -5.2 1.33e+00    -  3.22e-01 1.31e-01h  2
 685  3.4091844e+00 3.69e-03 7.39e-01  -5.5 1.16e+00    -  2.27e-01 1.05e-01h  2
 686  3.4102864e+00 2.98e-03 1.14e+00  -4.9 1.22e+00    -  3.07e-01 1.54e-01h  1
 687  3.4093585e+00 2.93e-02 9.57e-01  -5.3 2.36e+00    -  1.72e-01 1.69e-01h  1
 688  3.4085075e+00 2.66e-02 9.81e-01  -5.3 4.37e+00    -  1.19e-01 8.55e-02h  2
 689  3.4066330e+00 2.47e-02 1.19e+00  -7.3 6.38e+00    -  3.83e-02 6.54e-02h  2
iter    objective    inf_pr   inf_du lg(mu)  ||d||  lg(rg) alpha_du alpha_pr  ls
 690  3.4084712e+00 2.30e-02 3.45e-01  -4.7 3.54e+00    -  2.16e-01 7.28e-02h  1
 691  3.4143434e+00 1.48e-02 2.09e-01  -5.2 1.44e+00    -  1.37e-01 3.59e-01H  1
 692  3.4100194e+00 1.22e-02 2.89e+00  -5.2 6.76e-01    -  4.98e-01 1.74e-01h  2
 693  3.4021190e+00 4.62e-03 4.95e-01  -5.2 1.91e-01    -  3.42e-01 6.19e-01h  1
 694  3.4013546e+00 2.35e-03 1.74e+00  -4.9 1.62e-01    -  7.92e-01 5.00e-01f  2
 695  3.4039277e+00 6.84e-04 2.53e-01  -4.9 9.71e-02    -  1.00e+00 8.98e-01h  1
 696  3.3965890e+00 5.70e-04 6.14e-01  -5.6 7.51e-02    -  1.00e+00 6.32e-01h  1
 697  3.3956845e+00 1.93e-04 8.38e-03  -5.2 5.91e-02    -  1.00e+00 1.00e+00h  1
 698  3.3920246e+00 1.33e-04 3.22e-01  -5.8 2.57e-02    -  1.00e+00 8.09e-01h  1
 699  3.3905312e+00 8.35e-05 6.29e-01  -6.0 1.98e-02    -  1.00e+00 4.67e-01h  1
iter    objective    inf_pr   inf_du lg(mu)  ||d||  lg(rg) alpha_du alpha_pr  ls
 700  3.3892508e+00 1.57e-04 6.40e-01  -6.1 5.60e-02    -  1.00e+00 5.20e-01h  1
 701  3.3888165e+00 6.33e-04 3.08e+00  -5.8 2.64e-01    -  1.00e+00 3.49e-01h  1
 702  3.3881345e+00 8.30e-04 2.33e+00  -5.8 2.83e-01    -  1.00e+00 1.73e-01h  1
 703  3.3872388e+00 9.95e-04 5.61e-01  -5.6 6.68e-01    -  5.72e-01 1.87e-01h  2
 704  3.3870436e+00 9.27e-03 8.03e-01  -5.3 1.06e+00    -  2.79e-01 1.46e-01h  2
 705  3.3895202e+00 7.34e-03 7.95e-01  -5.0 5.88e-01    -  2.35e-01 2.02e-01h  2
 706  3.3882413e+00 4.40e-03 2.92e-01  -5.4 2.32e-01    -  6.64e-01 3.99e-01h  1
 707  3.3865094e+00 3.68e-03 3.38e+00  -5.4 3.77e-01    -  7.76e-01 1.61e-01f  1
 708  3.3871579e+00 1.04e-02 3.38e+00  -5.0 1.36e+00    -  3.58e-01 2.36e-01f  1
 709  3.3958163e+00 8.42e-03 3.18e+00  -5.3 1.10e+00    -  2.97e-01 1.89e-01h  2
iter    objective    inf_pr   inf_du lg(mu)  ||d||  lg(rg) alpha_du alpha_pr  ls
 710  3.3850727e+00 1.83e-03 4.88e-01  -5.3 9.29e-02    -  1.00e+00 7.84e-01h  1
 711  3.3939954e+00 4.97e-03 5.42e+00  -4.6 2.44e-01    -  2.77e-01 5.52e-01f  1
 712  3.4466047e+00 4.59e-03 1.96e+00  -5.1 2.63e-01    -  2.89e-01 1.00e+00h  1
 713  3.3870241e+00 4.88e-03 3.30e-01  -5.1 2.03e-01    -  7.84e-01 1.00e+00h  1
 714  3.3823185e+00 1.40e-04 4.32e-03  -5.4 1.64e-02    -  1.00e+00 9.92e-01h  1
 715  3.3802916e+00 1.06e-04 8.63e-02  -5.6 4.81e-02    -  1.00e+00 7.78e-01h  1
 716  3.3807498e+00 4.57e-03 2.43e-01  -5.3 2.36e-01    -  1.00e+00 5.80e-01h  1
 717  3.3804246e+00 4.69e-03 2.08e+00  -5.4 6.22e-01    -  6.35e-01 1.59e-01h  3
 718  3.3798961e+00 4.15e-03 1.01e+00  -5.4 9.01e-01    -  7.81e-01 1.00e-01h  2
 719  3.3796792e+00 3.91e-03 2.85e+00  -5.2 8.10e-01    -  7.35e-01 3.44e-02h  1
iter    objective    inf_pr   inf_du lg(mu)  ||d||  lg(rg) alpha_du alpha_pr  ls
 720  3.3906080e+00 4.35e-03 2.31e+00  -4.8 3.44e+00    -  1.95e-01 1.91e-01h  1
 721  3.3899976e+00 8.99e-03 1.91e+00  -5.2 4.40e+00    -  3.19e-01 1.22e-01h  1
 722  3.3868832e+00 8.41e-03 1.96e+00  -5.2 3.01e+00    -  3.88e-02 7.65e-02h  3
 723  3.3792343e+00 8.04e-03 5.88e-01  -5.2 4.74e+00    -  2.52e-01 1.27e-01h  1
 724  3.3824034e+00 8.90e-03 7.58e-01  -4.3 1.68e+01    -  1.02e-01 3.91e-02f  2
 725  3.3924250e+00 7.73e-03 1.64e+00  -5.1 1.69e+00    -  4.86e-02 1.71e-01h  2
 726  3.3853974e+00 2.78e-03 6.48e-01  -5.1 4.25e-01    -  5.41e-01 8.79e-01h  1
 727  3.3782312e+00 1.51e-03 1.13e+00  -5.1 2.70e-01    -  5.65e-01 3.24e-01f  1
 728  3.3815462e+00 2.07e-03 3.00e-01  -4.6 2.20e-01    -  7.54e-01 7.90e-01f  1
 729  3.4013424e+00 2.30e-03 2.13e-02  -4.7 4.29e-01    -  1.00e+00 1.00e+00h  1
iter    objective    inf_pr   inf_du lg(mu)  ||d||  lg(rg) alpha_du alpha_pr  ls
 730  3.3888339e+00 5.18e-03 3.42e-02  -4.7 3.32e-01    -  1.00e+00 1.00e+00h  1
 731  3.4174115e+00 1.31e-03 5.67e+00  -4.7 1.79e-01    -  1.00e-01 7.03e-01H  1
 732  3.3788582e+00 5.19e-04 5.34e-03  -4.7 1.14e-01    -  1.00e+00 1.00e+00f  1
 733  3.3701907e+00 9.98e-04 2.66e-02  -5.2 3.95e-02    -  9.98e-01 9.74e-01h  1
 734  3.3653423e+00 5.36e-04 1.41e-01  -5.2 4.43e-02    -  1.00e+00 7.12e-01h  1
 735  3.3648485e+00 9.34e-04 3.13e-02  -5.3 1.21e-01    -  1.00e+00 9.71e-01h  1
 736  3.3636621e+00 5.52e-03 3.01e-01  -5.3 5.74e-02    -  8.03e-01 1.00e+00h  1
 737  3.3670179e+00 2.86e-04 7.06e-01  -5.0 2.84e-02    -  6.19e-01 1.00e+00h  1
 738  3.3632839e+00 1.92e-04 3.17e-03  -5.2 1.82e-02    -  1.00e+00 1.00e+00h  1
 739  3.3608855e+00 1.38e-04 2.44e-01  -5.4 5.52e-02    -  1.00e+00 7.97e-01h  1
iter    objective    inf_pr   inf_du lg(mu)  ||d||  lg(rg) alpha_du alpha_pr  ls
 740  3.3588366e+00 2.19e-03 4.30e-02  -5.7 7.43e-02    -  1.00e+00 9.19e-01h  1
 741  3.3597534e+00 1.44e-03 2.52e-02  -5.7 1.14e-01    -  1.00e+00 9.83e-01h  1
 742  3.3579541e+00 1.45e-03 1.93e-01  -5.7 3.30e-02    -  8.14e-01 1.00e+00h  1
 743  3.3579246e+00 2.38e-05 2.57e-03  -5.5 2.27e-02    -  1.00e+00 1.00e+00h  1
 744  3.3572480e+00 1.45e-03 1.52e+00  -6.2 5.65e-02    -  1.00e+00 2.51e-01h  1
 745  3.3573347e+00 1.01e-03 6.51e-01  -5.5 4.08e-01    -  1.00e+00 3.15e-01h  1
 746  3.3565832e+00 1.34e-03 5.98e-01  -5.6 8.44e-01    -  2.59e-01 9.88e-02h  1
 747  3.3564149e+00 8.28e-03 3.98e-01  -5.1 5.00e+00    -  1.67e-01 6.49e-02f  1
 748  3.3554186e+00 7.89e-03 1.64e+00  -5.7 3.15e+00    -  3.16e-01 5.54e-02h  1
 749  3.3546006e+00 7.59e-03 1.97e+00  -5.5 2.14e+00    -  3.51e-01 9.94e-02h  2
iter    objective    inf_pr   inf_du lg(mu)  ||d||  lg(rg) alpha_du alpha_pr  ls
 750  3.3548058e+00 1.26e-02 6.52e-01  -5.1 2.83e+00    -  3.71e-01 1.04e-01h  2
 751  3.3534515e+00 1.20e-02 7.82e-01  -5.4 3.70e+00    -  5.25e-02 6.38e-02h  2
 752  3.3555343e+00 1.34e-02 1.07e+00  -4.8 8.82e+00    -  2.49e-01 1.30e-01h  1
 753  3.3543057e+00 1.31e-02 1.71e+00  -5.3 1.83e+01    -  7.65e-02 1.35e-02h  4
 754  3.3528414e+00 1.20e-02 8.56e-01  -5.3 1.09e+01    -  3.90e-02 8.90e-02h  2
 755  3.3512755e+00 1.18e-02 2.11e+00  -4.9 2.57e+01    -  1.26e-01 2.22e-02h  3
 756  3.3498732e+00 1.58e-02 2.37e+00  -4.8 1.75e+01    -  1.46e-01 3.11e-02h  3
 757  3.3501052e+00 1.59e-02 2.13e+00  -4.7 1.45e+01    -  1.26e-01 5.08e-02h  3
 758  3.3475857e+00 1.61e-02 1.33e+00  -5.1 1.56e+01    -  1.51e-01 6.46e-02h  3
 759  3.3710605e+00 1.55e-02 1.05e+00  -4.0 2.09e+01    -  9.47e-02 3.62e-02h  2
iter    objective    inf_pr   inf_du lg(mu)  ||d||  lg(rg) alpha_du alpha_pr  ls
 760  3.3663592e+00 6.41e-03 5.52e-01  -4.9 2.64e+00    -  4.62e-01 5.14e-01h  1
 761  3.3576535e+00 6.34e-03 6.57e-01  -4.9 1.13e+01    -  1.48e-01 4.32e-02h  2
 762  3.3783895e+00 6.43e-03 2.92e-01  -4.9 6.23e-01    -  4.58e-01 3.51e-01h  1
 763  3.3423351e+00 2.41e-03 6.42e+00  -4.9 9.19e-01    -  2.98e-01 7.37e-01h  1
 764  3.4480567e+00 1.42e-02 5.01e+00  -4.1 1.55e+00    -  2.06e-01 2.86e-01f  1
 765  3.3519396e+00 5.31e-03 1.50e-02  -4.6 2.44e-01    -  1.00e+00 1.00e+00h  1
 766  3.3641030e+00 1.12e-03 4.18e-01  -4.6 1.20e-01    -  7.78e-01 1.00e+00h  1
 767  3.3463435e+00 8.64e-04 5.78e-03  -4.6 7.74e-02    -  1.00e+00 1.00e+00h  1
 768  3.3375099e+00 5.58e-04 3.11e-02  -5.1 3.84e-02    -  1.00e+00 9.68e-01h  1
 769  3.3299356e+00 5.61e-04 4.40e-01  -5.3 6.47e-02    -  1.00e+00 4.35e-01h  1
iter    objective    inf_pr   inf_du lg(mu)  ||d||  lg(rg) alpha_du alpha_pr  ls
 770  3.3288042e+00 9.15e-04 1.31e-02  -5.0 1.22e-01    -  1.00e+00 1.00e+00h  1
 771  3.3423276e+00 3.48e-04 1.60e-02  -4.8 1.23e-01    -  9.90e-01 1.00e+00H  1
 772  3.3264492e+00 6.30e-04 1.66e-02  -5.1 7.83e-02    -  1.00e+00 9.65e-01h  1
 773  3.3269613e+00 7.64e-04 4.24e-01  -5.1 3.48e-02    -  9.16e-01 1.00e+00h  1
 774  3.3209842e+00 7.95e-04 1.40e-01  -5.4 2.37e-02    -  1.00e+00 9.09e-01h  1
 775  3.3189932e+00 2.03e-03 3.48e-02  -5.7 6.26e-02    -  1.00e+00 9.73e-01h  1
 776  3.3182403e+00 1.36e-03 9.76e-01  -5.4 3.39e-01    -  7.65e-01 3.41e-01h  1
 777  3.3248353e+00 9.28e-03 5.22e-01  -5.0 1.43e+00    -  2.84e-01 3.19e-01h  1
 778  3.3232491e+00 1.01e-02 2.03e+00  -5.4 1.07e+00    -  5.74e-01 1.32e-01h  2
 779  3.3343254e+00 3.01e-03 5.79e-01  -5.4 2.13e-01    -  9.10e-01 6.91e-01h  1
iter    objective    inf_pr   inf_du lg(mu)  ||d||  lg(rg) alpha_du alpha_pr  ls
 780  3.3173177e+00 1.97e-03 2.01e+00  -5.4 1.88e-01    -  5.80e-01 1.00e+00f  1
 781  3.3191250e+00 8.37e-04 1.33e+00  -5.0 2.10e-01    -  8.16e-01 5.05e-01h  1
 782  3.3171019e+00 4.00e-04 2.24e-01  -5.1 7.29e-02    -  8.13e-01 9.03e-01h  1
 783  3.3155883e+00 3.90e-04 1.47e-02  -5.2 4.84e-02    -  1.00e+00 1.00e+00f  1
 784  3.3120215e+00 3.82e-04 1.23e-01  -5.7 2.32e-02    -  1.00e+00 8.61e-01h  1
 785  3.3109854e+00 3.46e-04 6.14e-01  -5.8 1.23e-02    -  1.00e+00 6.66e-01h  1
 786  3.3099855e+00 1.76e-04 1.23e-01  -6.1 4.30e-02    -  1.00e+00 4.92e-01h  1
 787  3.3095709e+00 4.71e-04 4.78e-01  -5.6 2.78e-01    -  1.00e+00 2.57e-01h  1
 788  3.3098095e+00 1.94e-03 1.86e-01  -5.3 5.63e-01    -  6.48e-01 2.54e-01h  2
 789  3.3093108e+00 3.65e-03 1.28e-01  -5.5 1.08e+00    -  3.38e-01 1.53e-01h  3
iter    objective    inf_pr   inf_du lg(mu)  ||d||  lg(rg) alpha_du alpha_pr  ls
 790  3.3088116e+00 7.00e-03 2.23e-01  -5.2 2.17e+00    -  3.74e-01 9.33e-02h  3
 791  3.3089620e+00 6.50e-03 3.33e-01  -5.0 4.00e+00    -  3.32e-01 6.64e-02h  3
 792  3.3084003e+00 6.21e-03 6.29e-01  -5.3 2.32e+00    -  2.49e-01 4.33e-02h  4
 793  3.3072033e+00 5.11e-03 1.05e+00  -5.7 1.29e+00    -  4.42e-01 1.74e-01h  2
 794  3.3067930e+00 6.23e-03 7.40e-01  -5.4 3.71e+00    -  2.37e-01 6.71e-02h  3
 795  3.3079603e+00 2.70e-02 4.19e-01  -5.1 4.14e+00    -  2.84e-01 1.14e-01h  2
 796  3.3069763e+00 2.57e-02 5.01e-01  -5.4 2.98e+00    -  2.44e-01 4.22e-02h  3
 797  3.3195901e+00 1.21e-02 5.45e-01  -5.4 3.52e-01    -  6.31e-01 5.12e-01H  1
 798  3.3080887e+00 4.08e-03 2.10e-01  -5.4 2.18e-01    -  7.72e-01 1.00e+00h  1
 799  3.3074433e+00 1.92e-03 3.51e-01  -5.1 9.99e-02    -  4.26e-01 5.10e-01h  1
iter    objective    inf_pr   inf_du lg(mu)  ||d||  lg(rg) alpha_du alpha_pr  ls
 800  3.3024823e+00 2.89e-03 1.34e-02  -5.6 1.31e-01    -  1.00e+00 9.94e-01h  1
 801  3.3060008e+00 2.77e-03 2.60e-01  -5.1 2.82e-01    -  1.00e+00 7.97e-01h  1
 802  3.3232884e+00 1.70e-03 3.78e-02  -5.2 1.60e-01    -  1.00e+00 9.81e-01H  1
 803  3.3042248e+00 2.74e-03 1.51e-02  -5.2 2.07e-01    -  7.44e-01 7.28e-01f  1
 804  3.3039704e+00 2.11e-03 3.21e-01  -5.2 8.83e-02    -  8.71e-01 5.00e-01f  2
 805  3.3022352e+00 2.40e-04 2.00e-03  -5.2 3.35e-02    -  1.00e+00 1.00e+00h  1
 806  3.2995857e+00 3.24e-05 2.38e-02  -5.7 2.73e-02    -  1.00e+00 9.55e-01h  1
 807  3.2982731e+00 2.13e-03 5.44e-01  -6.0 1.38e-01    -  1.00e+00 3.94e-01h  1
 808  3.2977554e+00 5.34e-03 2.38e-01  -5.4 7.17e-01    -  1.00e+00 1.95e-01h  1
 809  3.2972232e+00 5.17e-03 3.35e-01  -6.6 1.77e+00    -  4.09e-01 3.05e-02h  1
iter    objective    inf_pr   inf_du lg(mu)  ||d||  lg(rg) alpha_du alpha_pr  ls
 810  3.2971522e+00 4.77e-03 7.40e-01  -5.6 2.33e+00    -  3.52e-01 8.56e-02h  3
 811  3.2964852e+00 4.27e-03 7.39e-01  -5.8 1.84e+00    -  2.83e-01 1.18e-01h  3
 812  3.2957346e+00 4.15e-03 8.80e-01  -5.3 5.26e+00    -  2.25e-01 6.76e-02h  2
 813  3.2952713e+00 8.36e-03 8.30e-01  -5.5 8.80e+00    -  1.21e-01 6.07e-02h  2
 814  3.2940798e+00 8.12e-03 7.95e-01 -11.0 1.14e+01    -  7.58e-02 3.02e-02h  2
 815  3.2933629e+00 7.62e-03 7.54e-01  -5.9 1.37e+01    -  7.69e-02 5.66e-02h  1
 816  3.2946183e+00 1.64e-02 8.51e-01  -4.9 1.26e+01    -  1.16e-01 5.10e-02h  1
 817  3.2925300e+00 1.51e-02 8.43e-01  -5.5 1.10e+01    -  6.92e-02 5.92e-02h  2
 818  3.3222578e+00 1.34e-02 6.27e-01  -3.7 1.51e+01    -  2.14e-02 3.84e-02f  1
 819  3.3107132e+00 1.04e-02 4.30e-01  -5.2 1.90e+00    -  3.53e-01 2.03e-01h  1
iter    objective    inf_pr   inf_du lg(mu)  ||d||  lg(rg) alpha_du alpha_pr  ls
 820  3.3012508e+00 8.97e-03 3.78e-01  -5.2 9.33e-01    -  1.17e-01 1.10e-01h  1
 821  3.2917419e+00 6.42e-03 2.63e+00  -5.2 5.17e-01    -  5.24e-01 2.76e-01h  1
 822  3.3038161e+00 4.25e-03 1.78e+00  -4.5 9.96e-01    -  2.52e-01 2.70e-01f  2
 823  3.3033508e+00 3.33e-03 6.59e-01  -4.9 1.32e-01    -  6.33e-01 6.32e-01h  1
 824  3.2888018e+00 2.00e-03 3.98e+00  -4.9 2.51e-01    -  7.72e-01 1.00e+00h  1
 825  3.3386448e+00 2.43e-05 3.37e+00  -4.9 2.09e-01    -  3.88e-01 1.00e+00H  1
 826  3.2852115e+00 1.34e-03 8.94e-03  -5.0 1.90e-01    -  1.00e+00 1.00e+00f  1
 827  3.2830444e+00 1.19e-04 4.77e-01  -5.2 2.09e-02    -  7.98e-01 9.50e-01h  1
 828  3.2787100e+00 9.11e-05 1.19e-01  -5.6 5.44e-02    -  1.00e+00 9.15e-01h  1
 829  3.2780435e+00 1.86e-04 1.41e+00  -5.4 1.88e-01    -  1.00e+00 3.91e-01h  2
iter    objective    inf_pr   inf_du lg(mu)  ||d||  lg(rg) alpha_du alpha_pr  ls
 830  3.2771876e+00 1.67e-04 6.02e+00  -5.7 1.25e-01    -  1.00e+00 2.06e-01h  1
 831  3.2759561e+00 6.80e-04 4.45e+00  -5.8 3.32e-01    -  1.00e+00 4.11e-01h  1
 832  3.2866033e+00 2.10e-04 2.52e-01  -5.2 2.12e-01    -  5.01e-01 8.98e-01H  1
 833  3.2765689e+00 1.69e-03 9.84e-01  -5.5 1.02e-01    -  1.00e+00 7.04e-01h  1
 834  3.2760066e+00 5.36e-05 1.23e-01  -5.2 3.44e-02    -  9.86e-01 1.00e+00f  1
 835  3.2730945e+00 1.76e-03 1.94e-01  -5.7 9.81e-02    -  1.00e+00 8.59e-01h  1
 836  3.2732487e+00 1.39e-03 1.52e+00  -5.3 5.33e-01    -  1.00e+00 2.08e-01h  3
 837  3.2731978e+00 1.47e-03 1.59e+00  -5.4 1.28e+00    -  3.69e-01 2.33e-01h  2
 838  3.2725960e+00 1.65e-03 1.84e+00  -5.4 3.34e+00    -  2.68e-01 4.50e-02h  4
 839  3.2745230e+00 1.57e-03 5.77e-01  -4.9 1.53e+00    -  2.78e-01 1.11e-01h  3
iter    objective    inf_pr   inf_du lg(mu)  ||d||  lg(rg) alpha_du alpha_pr  ls
 840  3.2943659e+00 4.77e-04 3.28e+00  -5.3 3.85e-01    -  5.94e-01 1.00e+00H  1
 841  3.2808544e+00 1.11e-03 2.08e+00  -5.3 7.86e-01    -  3.35e-01 3.74e-01h  1
 842  3.2769319e+00 1.07e-03 2.01e+00  -5.3 5.47e-01    -  1.80e-01 2.99e-02h  1
 843  3.2710923e+00 5.14e-04 6.52e+00  -5.3 7.15e-02    -  2.26e-01 5.75e-01f  1
 844  3.2703778e+00 4.63e-04 3.42e+00  -5.4 5.16e-02    -  1.00e+00 1.01e-01h  1
 845  3.2668444e+00 2.60e-04 7.38e-01  -5.8 2.94e-02    -  1.00e+00 8.34e-01h  1
 846  3.2679215e+00 1.67e-04 9.79e-03  -5.5 5.88e-02    -  1.00e+00 1.00e+00h  1
 847  3.2652690e+00 3.92e-05 3.71e-01  -6.0 2.10e-02    -  1.00e+00 8.13e-01h  1
 848  3.2645022e+00 2.47e-05 1.15e+00  -6.6 1.58e-02    -  1.00e+00 5.15e-01h  1
 849  3.2641615e+00 2.41e-05 2.94e-01  -6.9 4.15e-02    -  1.00e+00 2.16e-01h  1
iter    objective    inf_pr   inf_du lg(mu)  ||d||  lg(rg) alpha_du alpha_pr  ls
 850  3.2637295e+00 1.63e-04 1.10e+00  -6.5 1.95e-01    -  1.00e+00 1.47e-01h  1
 851  3.2633550e+00 2.85e-04 2.10e-01  -6.2 1.83e-01    -  6.09e-01 3.19e-01h  1
 852  3.2632996e+00 4.37e-04 2.03e-01  -5.8 2.32e-01    -  7.76e-01 3.15e-01h  2
 853  3.2637844e+00 1.19e-03 5.38e-01  -5.6 3.20e-01    -  6.52e-01 3.87e-01h  1
 854  3.2635968e+00 2.03e-03 9.20e-01  -5.8 3.71e-01    -  7.04e-01 1.92e-01h  2
 855  3.2628133e+00 9.29e-04 2.48e-01  -5.8 3.06e-02    -  9.36e-01 5.43e-01h  1
 856  3.2625785e+00 1.79e-03 5.26e-03  -5.8 2.12e-02    -  1.00e+00 1.00e+00f  1
 857  3.2616700e+00 1.79e-03 2.63e-03  -5.9 1.25e-02    -  1.00e+00 9.99e-01h  1
 858  3.2613056e+00 5.80e-06 2.00e-03  -6.1 1.99e-02    -  1.00e+00 9.98e-01h  1
 859  3.2619908e+00 1.17e-03 1.06e-01  -5.4 1.14e+00    -  3.40e-01 1.53e-01h  2
iter    objective    inf_pr   inf_du lg(mu)  ||d||  lg(rg) alpha_du alpha_pr  ls
 860  3.2618027e+00 1.76e-03 5.73e-01  -5.8 8.38e-01    -  4.64e-01 1.10e-01h  3
 861  3.2614611e+00 1.41e-03 2.69e-01  -5.8 6.39e-01    -  6.72e-01 1.99e-01h  2
 862  3.2611366e+00 1.22e-03 3.30e-01  -5.8 4.36e-01    -  4.87e-01 2.74e-01h  1
 863  3.2605552e+00 9.82e-04 5.56e-01  -5.5 1.47e-01    -  8.41e-01 1.96e-01f  2
 864  3.2609033e+00 2.04e-04 2.13e-01  -5.6 8.29e-02    -  8.19e-01 8.48e-01h  1
 865  3.2658222e+00 9.01e-06 2.27e-02  -5.2 5.72e-02    -  1.00e+00 1.00e+00H  1
 866  3.2622337e+00 1.16e-04 8.56e-02  -5.3 2.70e-02    -  9.56e-01 9.73e-01h  1
 867  3.2617514e+00 2.08e-05 3.80e-03  -5.3 3.93e-02    -  1.00e+00 1.00e+00f  1
 868  3.2617688e+00 7.00e-05 2.69e-03  -5.3 7.22e-02    -  1.00e+00 1.00e+00h  1
 869  3.2614964e+00 3.89e-04 3.13e-01  -5.3 8.18e-01    -  6.35e-01 2.10e-01h  3
iter    objective    inf_pr   inf_du lg(mu)  ||d||  lg(rg) alpha_du alpha_pr  ls
 870  3.2613955e+00 4.42e-03 1.67e+00  -5.3 1.96e+00    -  7.50e-01 7.27e-02h  4
 871  3.2611609e+00 3.96e-03 1.54e+00  -5.3 9.07e-01    -  9.94e-01 1.10e-01h  3
 872  3.2732417e+00 5.61e-06 9.51e-02  -5.3 5.84e-01    -  1.00e+00 1.00e+00H  1
 873  3.2752770e+00 4.53e-03 1.64e-01  -5.0 1.79e+00    -  7.72e-01 3.17e-01f  1
 874  3.2676921e+00 4.10e-03 1.26e+00  -5.2 6.51e+00    -  2.38e-01 9.54e-02h  1
 875  3.2666311e+00 3.97e-03 1.03e+00  -5.2 3.22e+00    -  5.88e-02 6.83e-02h  2
 876  3.2689865e+00 1.97e-03 1.53e+00  -5.2 1.47e-01    -  3.73e-01 5.75e-01h  1
 877  3.2569695e+00 5.42e-04 9.73e-01  -5.2 2.36e-01    -  7.80e-01 1.00e+00f  1
 878  3.2691453e+00 4.89e-04 3.00e-01  -4.9 7.66e-02    -  1.00e+00 8.28e-01h  1
 879  3.2575101e+00 3.66e-04 8.10e-03  -5.0 2.23e-01    -  9.90e-01 1.00e+00h  1
iter    objective    inf_pr   inf_du lg(mu)  ||d||  lg(rg) alpha_du alpha_pr  ls
 880  3.2544757e+00 8.65e-04 3.91e-02  -5.5 2.26e-01    -  1.00e+00 9.28e-01h  1
 881  3.2545600e+00 3.58e-03 6.56e-02  -5.3 4.61e-01    -  1.00e+00 8.45e-01h  1
 882  3.2532507e+00 3.53e-03 3.81e-01  -5.4 1.20e+00    -  2.48e-01 1.16e-01h  1
 883  3.2519939e+00 2.51e-03 5.11e-01  -5.3 2.14e-01    -  6.81e-01 3.01e-01f  2
 884  3.2535831e+00 1.65e-03 3.96e-01  -5.0 2.16e-01    -  6.44e-01 1.00e+00h  1
 885  3.2918287e+00 1.04e-03 9.38e-02  -5.1 2.54e-01    -  6.62e-01 7.89e-01H  1
 886  3.2503651e+00 3.80e-03 6.42e-01  -5.2 3.09e-01    -  5.32e-01 1.00e+00h  1
 887  3.2631204e+00 3.50e-04 4.02e-02  -4.9 9.93e-02    -  1.00e+00 1.00e+00h  1
 888  3.2532633e+00 1.45e-04 5.03e-03  -5.0 6.38e-02    -  1.00e+00 1.00e+00h  1
 889  3.2487169e+00 3.50e-04 5.57e-03  -5.5 8.30e-02    -  1.00e+00 9.94e-01h  1
iter    objective    inf_pr   inf_du lg(mu)  ||d||  lg(rg) alpha_du alpha_pr  ls
 890  3.2476577e+00 9.90e-05 2.58e-02  -5.5 1.53e-01    -  1.00e+00 8.84e-01H  1
 891  3.2529869e+00 4.55e-05 1.77e-02  -5.3 1.58e-01    -  1.00e+00 1.00e+00H  1
 892  3.2565670e+00 9.39e-04 3.14e-02  -5.0 1.00e-01    -  1.00e+00 1.00e+00h  1
 893  3.2520871e+00 2.17e-04 1.45e-02  -5.1 4.68e-02    -  1.00e+00 1.00e+00h  1
 894  3.2494372e+00 6.51e-05 9.01e-03  -5.1 8.12e-02    -  1.00e+00 1.00e+00h  1
 895  3.2456788e+00 3.46e-04 3.14e-01  -5.6 1.56e-01    -  1.00e+00 8.02e-01h  1
 896  3.2526402e+00 1.14e-04 9.87e-02  -5.3 6.47e-01    -  1.00e+00 8.98e-01H  1
 897  3.2495891e+00 1.16e-03 2.82e-01  -5.4 2.62e+00    -  4.84e-01 1.83e-01h  1
 898  3.2469158e+00 1.30e-03 3.63e-01  -5.4 6.96e+00    -  1.34e-01 6.41e-02h  2
 899  3.2455046e+00 1.19e-03 4.90e-01  -5.4 2.41e+00    -  1.44e-01 1.10e-01h  2
iter    objective    inf_pr   inf_du lg(mu)  ||d||  lg(rg) alpha_du alpha_pr  ls
 900  3.2674767e+00 8.23e-04 1.17e+00  -5.4 1.33e-01    -  3.96e-01 7.34e-01H  1
 901  3.2415952e+00 7.84e-04 7.88e-01  -5.5 1.06e-01    -  1.89e-01 6.35e-01h  1
 902  3.2389956e+00 4.29e-04 1.73e+00  -5.2 1.65e-01    -  1.00e+00 5.48e-01f  1
 903  3.2577255e+00 2.81e-05 1.19e+00  -4.9 6.74e-01    -  4.72e-01 1.00e+00H  1
 904  3.3074339e+00 9.07e-05 8.28e-01  -5.1 7.13e-01    -  5.32e-01 1.00e+00H  1
 905  3.2942909e+00 8.33e-05 8.43e-01  -5.1 6.90e-01    -  4.85e-01 8.38e-02f  3
 906  3.2915348e+00 9.37e-05 9.91e-01  -5.1 8.25e-01    -  3.56e-01 1.73e-02h  6
 907  3.2556484e+00 9.81e-04 8.19e-01  -5.1 6.09e-01    -  7.28e-01 4.77e-01f  1
 908  3.2418981e+00 5.51e-04 1.12e+00  -5.1 1.71e-01    -  9.92e-02 4.44e-01f  2
 909  3.2378526e+00 3.60e-05 2.46e-03  -5.1 3.49e-02    -  1.00e+00 1.00e+00h  1
iter    objective    inf_pr   inf_du lg(mu)  ||d||  lg(rg) alpha_du alpha_pr  ls
 910  3.2347471e+00 7.47e-05 9.41e-02  -5.7 8.87e-03    -  9.99e-01 9.32e-01h  1
 911  3.2329035e+00 2.50e-04 1.10e-01  -5.5 6.09e-02    -  1.00e+00 7.93e-01h  1
 912  3.2322631e+00 2.57e-04 1.38e+00  -5.5 1.16e-01    -  1.00e+00 9.69e-01h  1
 913  3.2340449e+00 2.23e-02 6.85e-01  -5.6 2.41e-01    -  1.00e+00 7.55e-01H  1
 914  3.2346945e+00 8.30e-05 1.07e-01  -5.7 5.34e-02    -  8.92e-01 1.00e+00h  1
 915  3.2306359e+00 6.66e-05 1.26e+00  -6.1 6.06e-02    -  6.45e-01 4.52e-01h  1
 916  3.2285291e+00 3.03e-05 3.56e-02  -6.1 3.99e-02    -  1.00e+00 9.04e-01h  1
 917  3.2280405e+00 6.71e-05 1.35e-01  -6.4 3.54e-02    -  1.00e+00 8.64e-01h  1
 918  3.2277095e+00 3.60e-05 4.60e-01  -6.9 8.31e-02    -  1.00e+00 4.55e-01h  1
 919  3.2273161e+00 5.97e-04 6.71e-02  -5.7 2.05e+00    -  2.75e-01 4.16e-02h  1
iter    objective    inf_pr   inf_du lg(mu)  ||d||  lg(rg) alpha_du alpha_pr  ls
 920  3.2290514e+00 1.10e-03 6.93e-02  -5.5 3.08e+00    -  1.10e-01 1.22e-01h  1
 921  3.2285702e+00 1.04e-03 1.41e-01  -6.1 2.38e+00    -  1.38e-01 4.95e-02h  3
 922  3.2283766e+00 1.12e-03 9.55e-02  -6.1 1.39e+00    -  2.45e-01 2.25e-01h  1
 923  3.2269893e+00 4.19e-03 7.76e-02  -6.1 2.45e+00    -  1.08e-01 9.30e-02h  2
 924  3.2250391e+00 3.87e-03 3.53e-01  -5.8 5.93e+00    -  1.08e-01 5.41e-02h  1
 925  3.2242727e+00 3.65e-03 1.92e-01  -6.1 1.37e+01    -  6.32e-02 1.45e-02h  2
 926  3.2246175e+00 3.00e-03 2.12e-01  -5.2 1.49e+00    -  2.08e-01 1.59e-01h  1
 927  3.2218661e+00 2.88e-03 1.99e-01  -5.8 4.93e+00    -  1.57e-01 1.43e-01h  1
 928  3.2219867e+00 3.02e-03 2.08e-01  -4.7 6.55e+01    -  5.06e-02 1.59e-02f  2
 929  3.2202277e+00 3.86e-03 2.27e-01  -5.7 4.40e+01    -  3.96e-02 1.52e-02h  3
iter    objective    inf_pr   inf_du lg(mu)  ||d||  lg(rg) alpha_du alpha_pr  ls
 930  3.2225439e+00 1.19e-02 2.80e-01  -4.6 7.40e+01    -  5.94e-02 2.53e-02h  2
 931  3.2223778e+00 1.59e-02 4.51e-01  -5.5 9.27e+01    -  5.86e-02 1.73e-02h  3
 932  3.2192005e+00 1.74e-02 7.32e-01  -5.5 1.25e+02    -  6.30e-02 1.20e-02h  3
 933  3.2140561e+00 1.97e-02 8.92e-01  -4.8 2.62e+02    -  5.23e-02 1.02e-02h  3
 934  3.2100101e+00 2.23e-02 1.02e+00  -4.3 5.47e+02    -  1.94e-02 4.47e-03h  3
 935  3.2096714e+00 2.39e-02 1.16e+00  -4.8 3.88e+02    -  2.19e-02 5.74e-03h  3
 936  3.2394791e+00 7.23e-02 1.21e+00  -4.0 2.40e+02    -  3.34e-02 3.45e-02f  1
 937  3.2428509e+00 7.22e-02 1.69e+00  -5.2 1.26e+02    -  3.75e-02 2.93e-03h  4
 938  3.2106880e+00 4.75e-02 8.72e-01  -5.2 1.39e+00    -  1.17e-01 3.43e-01h  1
 939  3.1869804e+00 4.26e-02 1.26e+00  -5.2 4.16e-01    -  1.32e-01 1.04e-01h  1
iter    objective    inf_pr   inf_du lg(mu)  ||d||  lg(rg) alpha_du alpha_pr  ls
 940  3.1731677e+00 2.44e-02 9.79e-01  -4.7 1.33e+00    -  4.56e-01 4.35e-01f  1
 941  3.2410142e+00 2.05e-02 7.03e-01  -4.9 3.26e+00    -  1.84e-01 1.56e-01h  1
 942  3.2117317e+00 1.68e-02 1.82e+00  -5.0 1.99e+00    -  5.96e-01 1.88e-01h  1
 943  3.2066687e+00 1.63e-02 6.47e-01  -4.5 1.33e+01    -  1.80e-01 3.71e-02f  2
 944  3.1868727e+00 1.34e-02 4.71e-01  -5.0 4.33e+00    -  5.01e-01 2.12e-01h  1
 945  3.1667906e+00 1.40e-02 5.66e-01  -4.1 2.21e+01    -  9.38e-02 7.03e-02h  1
 946  3.2624621e+00 1.73e-02 7.21e-01  -3.7 3.83e+01    -  1.08e-01 6.00e-02f  1
 947  3.7041008e+00 1.23e-02 1.24e+00  -4.5 2.86e+00    -  4.08e-01 5.39e-01h  1
 948  3.3705933e+00 9.00e-03 8.81e-01  -4.5 2.65e+00    -  1.81e-01 3.71e-01f  1
 949  3.3246673e+00 7.67e-03 7.16e-01  -4.5 1.71e+00    -  1.59e-01 1.60e-01f  1
iter    objective    inf_pr   inf_du lg(mu)  ||d||  lg(rg) alpha_du alpha_pr  ls
 950  3.1630208e+00 2.14e-03 3.74e+00  -4.5 4.90e-01    -  3.43e-01 9.09e-01f  1
 951  3.1561149e+00 1.30e-03 2.74e+00  -4.5 1.74e-01    -  9.49e-01 4.01e-01f  1
 952  3.1453311e+00 2.94e-04 3.04e-01  -5.0 6.36e-02    -  1.00e+00 8.66e-01h  1
 953  3.1348190e+00 3.66e-04 1.44e+00  -5.0 8.06e-02    -  1.00e+00 5.31e-01h  1
 954  3.1290479e+00 8.38e-04 2.22e+00  -5.2 1.80e-01    -  1.00e+00 6.14e-01h  1
 955  3.1355879e+00 2.70e-04 8.23e-02  -4.9 3.73e-01    -  1.00e+00 9.07e-01H  1
 956  3.1327124e+00 1.58e-04 1.12e+00  -4.9 2.95e-01    -  1.00e+00 3.76e-01h  2
 957  3.1459821e+00 1.05e-03 9.46e-01  -4.7 1.15e-01    -  6.75e-01 7.93e-01h  1
 958  3.1313933e+00 3.30e-04 1.90e-01  -4.8 5.10e-02    -  1.00e+00 8.88e-01h  1
 959  3.1239044e+00 1.07e-03 6.76e-01  -5.2 1.32e-01    -  1.00e+00 6.13e-01h  1
iter    objective    inf_pr   inf_du lg(mu)  ||d||  lg(rg) alpha_du alpha_pr  ls
 960  3.1305790e+00 5.67e-05 1.56e-02  -5.0 4.42e-01    -  1.00e+00 1.00e+00H  1
 961  3.1383817e+00 8.00e-03 3.75e-01  -4.6 1.51e+00    -  6.69e-01 5.14e-01h  1
 962  3.1355184e+00 1.08e-02 4.88e-01  -4.8 8.66e+00    -  9.84e-02 8.66e-02h  2
 963  3.1344857e+00 1.13e-02 1.23e+00  -4.8 7.69e+00    -  1.35e-01 6.91e-02h  2
 964  3.1309361e+00 1.03e-02 1.62e+00  -4.8 2.32e+00    -  4.25e-01 8.48e-02h  3
 965  3.1639172e+00 2.11e-03 1.23e+00  -4.8 2.01e-01    -  6.18e-01 7.77e-01h  1
 966  3.1201322e+00 1.35e-03 1.07e+00  -4.8 2.64e-01    -  5.25e-01 8.62e-01h  1
 967  3.1162057e+00 7.33e-04 9.82e-03  -5.0 2.67e-01    -  1.00e+00 1.00e+00h  1
 968  3.1136673e+00 6.99e-04 1.81e+00  -5.0 1.46e+00    -  1.00e+00 2.62e-01h  2
 969  3.1133106e+00 1.41e-03 3.16e+00  -4.8 4.84e+00    -  3.73e-01 7.34e-02h  3
iter    objective    inf_pr   inf_du lg(mu)  ||d||  lg(rg) alpha_du alpha_pr  ls
 970  3.1606500e+00 1.02e-02 2.36e+00  -4.3 3.18e+00    -  2.64e-01 2.58e-01h  2
 971  3.1762878e+00 2.32e-03 3.38e-02  -4.7 2.83e-01    -  1.00e+00 1.00e+00h  1
 972  3.1286643e+00 4.25e-03 2.73e+00  -4.7 3.07e-01    -  6.13e-01 1.00e+00h  1
 973  3.1215769e+00 1.86e-03 1.24e+00  -4.7 6.27e-01    -  1.00e+00 7.15e-01h  1
 974  3.1189270e+00 1.47e-03 1.34e+00  -4.7 1.03e+00    -  3.96e-01 2.05e-01f  3
 975  3.1547898e+00 9.09e-04 3.87e-01  -4.7 7.27e-01    -  7.21e-01 8.83e-01H  1
 976  3.1385180e+00 1.22e-03 3.01e-02  -4.7 2.73e-01    -  1.00e+00 1.00e+00f  1
 977  3.1229774e+00 1.03e-03 3.84e-01  -4.7 2.50e-01    -  1.00e+00 8.63e-01h  1
 978  3.1211312e+00 1.08e-04 1.60e-02  -4.7 1.26e-01    -  1.00e+00 1.00e+00f  1
 979  3.1092258e+00 1.81e-04 6.38e-03  -5.0 6.46e-02    -  1.00e+00 1.00e+00h  1
iter    objective    inf_pr   inf_du lg(mu)  ||d||  lg(rg) alpha_du alpha_pr  ls
 980  3.1034705e+00 9.78e-05 1.37e-01  -5.5 4.02e-02    -  1.00e+00 7.99e-01h  1
 981  3.1009054e+00 1.79e-04 7.75e-02  -5.2 1.42e-02    -  1.00e+00 8.76e-01h  1
 982  3.0991395e+00 4.55e-04 1.25e-02  -5.3 3.33e-02    -  1.00e+00 1.00e+00h  1
 983  3.0969984e+00 9.42e-03 1.80e-01  -5.5 4.65e-02    -  1.00e+00 8.84e-01h  1
 984  3.0955288e+00 3.16e-04 1.71e-02  -5.7 4.76e-02    -  1.00e+00 1.00e+00h  1
 985  3.0944740e+00 6.99e-05 1.21e-02  -5.8 2.05e-02    -  1.00e+00 9.70e-01h  1
 986  3.0932658e+00 4.71e-05 1.14e-01  -6.0 1.97e-02    -  1.00e+00 7.71e-01h  1
 987  3.0927367e+00 5.72e-05 3.39e-01  -6.2 4.45e-02    -  1.00e+00 4.77e-01h  1
 988  3.0922012e+00 1.30e-04 2.12e-01  -6.0 3.69e-01    -  6.90e-01 1.43e-01h  1
 989  3.0917488e+00 4.17e-04 2.25e-01 -11.0 7.02e-01    -  2.14e-01 5.35e-02h  1
iter    objective    inf_pr   inf_du lg(mu)  ||d||  lg(rg) alpha_du alpha_pr  ls
 990  3.0914513e+00 4.13e-04 1.69e-01  -5.5 8.23e-01    -  2.69e-01 1.04e-01h  1
 991  3.0909789e+00 6.14e-04 5.14e-01  -5.9 5.64e-01    -  3.98e-01 8.22e-02h  1
 992  3.0907927e+00 5.47e-04 1.03e+00  -5.5 4.46e-01    -  4.34e-01 1.03e-01h  1
 993  3.0904340e+00 4.52e-04 3.20e-01  -5.7 3.77e-01    -  6.04e-01 1.67e-01h  1
 994  3.0899796e+00 4.02e-04 5.01e-01  -5.8 3.63e-01    -  5.33e-01 1.68e-01h  2
 995  3.0912303e+00 3.03e-04 2.22e-01  -5.5 1.28e-01    -  8.52e-01 5.87e-01h  1
 996  3.0902852e+00 1.92e-04 3.69e-02  -5.8 1.27e-01    -  1.00e+00 9.81e-01h  1
 997  3.0944779e+00 4.08e-04 8.87e-01  -5.3 1.70e-01    -  3.33e-01 6.99e-01h  1
 998  3.0905681e+00 2.15e-04 1.32e-01  -5.6 4.87e-02    -  7.55e-01 8.04e-01h  1
 999  3.0914883e+00 7.41e-05 3.08e-01  -5.1 2.25e-02    -  1.00e+00 6.58e-01f  1
iter    objective    inf_pr   inf_du lg(mu)  ||d||  lg(rg) alpha_du alpha_pr  ls
1000  3.0895265e+00 2.13e-05 3.47e-01  -5.7 2.59e-02    -  1.00e+00 7.94e-01h  1
1001  3.0880373e+00 6.07e-05 6.83e-02  -5.9 5.41e-02    -  1.00e+00 6.73e-01h  1
1002  3.0870012e+00 1.40e-04 5.45e-01  -6.1 1.68e-01    -  1.00e+00 6.14e-01h  1
1003  3.0871359e+00 2.68e-04 6.99e-01  -5.6 9.17e-01    -  5.20e-01 2.05e-01h  1
1004  3.0868466e+00 2.69e-04 1.08e+00  -5.8 9.43e-01    -  3.37e-01 9.81e-02h  2
1005  3.0950920e+00 4.06e-04 2.10e-01  -5.8 4.63e-01    -  4.54e-01 6.18e-01H  1
1006  3.0894594e+00 2.42e-04 8.24e-01  -5.9 6.92e-02    -  7.28e-01 4.00e-01h  1
1007  3.0867778e+00 6.21e-04 1.58e+00  -5.9 6.10e-02    -  5.12e-01 3.32e-01f  1
1008  3.0859852e+00 1.42e-04 3.30e-03  -5.6 4.39e-02    -  1.00e+00 9.97e-01f  1
1009  3.0852866e+00 5.05e-05 9.80e-01  -5.9 6.52e-02    -  1.00e+00 6.49e-01h  1
iter    objective    inf_pr   inf_du lg(mu)  ||d||  lg(rg) alpha_du alpha_pr  ls
1010  3.0843933e+00 4.58e-05 1.88e-01  -6.3 9.43e-02    -  1.00e+00 8.03e-01h  1
1011  3.0841647e+00 8.93e-05 3.79e-01  -6.0 4.06e-01    -  8.81e-01 3.31e-01h  1
1012  3.0839992e+00 9.47e-05 1.96e+00  -6.1 9.07e-01    -  5.27e-01 8.89e-02h  3
1013  3.0839000e+00 8.69e-05 2.25e+00  -6.1 5.26e-01    -  7.87e-01 1.21e-01h  3
1014  3.0834573e+00 3.10e-04 1.32e+00  -6.6 2.30e-01    -  4.00e-01 6.40e-01h  1
1015  3.0833020e+00 9.11e-03 3.39e-01  -5.8 1.17e+00    -  4.13e-01 1.82e-01h  1
1016  3.0831533e+00 8.26e-03 2.38e-01  -5.4 3.05e+00    -  2.16e-01 9.55e-02h  2
1017  3.0824012e+00 7.94e-03 4.23e-01  -5.4 8.19e+00    -  1.66e-01 4.20e-02h  2
1018  3.0815248e+00 7.72e-03 4.72e-01  -5.5 1.51e+01    -  4.73e-02 3.13e-02h  1
1019  3.0809991e+00 7.54e-03 8.00e-01  -5.8 1.98e+01    -  9.32e-02 3.28e-02h  2
iter    objective    inf_pr   inf_du lg(mu)  ||d||  lg(rg) alpha_du alpha_pr  ls
1020  3.0818335e+00 7.46e-03 8.16e-01  -5.2 2.78e+01    -  5.77e-02 3.52e-02h  2
1021  3.0813110e+00 5.94e-03 7.80e-01  -5.8 2.29e+01    -  6.20e-02 3.73e-02h  2
1022  3.0803995e+00 5.87e-03 8.14e-01  -5.8 2.78e+01    -  4.52e-02 1.26e-02h  3
1023  3.0796696e+00 5.63e-03 7.50e-01  -7.8 1.60e+01    -  5.06e-02 3.76e-02h  2
1024  3.0795570e+00 7.53e-03 6.75e-01  -5.0 1.78e+01    -  7.03e-02 5.70e-02h  1
1025  3.0799674e+00 8.69e-03 5.34e-01  -5.0 2.99e+01    -  5.25e-02 3.20e-02h  2
1026  3.0779605e+00 8.55e-03 4.43e-01  -5.6 1.36e+01    -  3.83e-02 2.25e-02h  3
1027  3.0797839e+00 7.70e-03 4.08e-01  -5.6 5.96e-01    -  1.10e-01 8.72e-02h  2
1028  3.0739051e+00 5.24e-03 7.40e-01  -5.6 9.16e-01    -  4.98e-01 3.65e-01h  1
1029  3.0779182e+00 5.04e-03 1.01e+00  -4.8 5.60e+00    -  9.62e-02 4.66e-02f  3
iter    objective    inf_pr   inf_du lg(mu)  ||d||  lg(rg) alpha_du alpha_pr  ls
1030  3.0723411e+00 1.55e-03 1.22e-01  -5.5 7.27e-02    -  5.78e-01 6.71e-01h  1
1031  3.0712807e+00 1.54e-04 1.35e-02  -5.2 1.83e-01    -  1.00e+00 1.00e+00f  1
1032  3.0869270e+00 3.30e-05 5.58e-01  -4.8 2.83e-01    -  5.85e-01 1.00e+00H  1
1033  3.0775506e+00 8.44e-05 2.21e-01  -5.0 4.81e-02    -  9.17e-01 6.83e-01h  1
1034  3.0702472e+00 2.47e-04 1.56e-01  -5.5 4.98e-02    -  1.00e+00 9.35e-01f  1
1035  3.0680967e+00 4.16e-05 1.51e-01  -5.5 1.55e-02    -  1.00e+00 9.08e-01h  1
1036  3.0668559e+00 2.63e-05 2.06e-01  -5.7 2.84e-02    -  1.00e+00 8.13e-01h  1
1037  3.0660801e+00 2.46e-04 5.30e-02  -5.7 1.37e-01    -  1.00e+00 8.37e-01h  1
1038  3.0711706e+00 4.40e-05 1.39e-02  -5.5 3.98e-01    -  1.00e+00 1.00e+00H  1
1039  3.0706529e+00 5.31e-04 4.21e-01  -5.5 6.43e-01    -  8.31e-01 4.27e-01h  2
iter    objective    inf_pr   inf_du lg(mu)  ||d||  lg(rg) alpha_du alpha_pr  ls
1040  3.0750145e+00 2.50e-04 3.53e-01  -5.6 2.93e-01    -  3.28e-01 4.81e-01H  1
1041  3.0644081e+00 4.08e-04 1.51e+00  -5.6 2.45e-01    -  3.19e-01 1.00e+00f  1
1042  3.0644850e+00 3.02e-04 9.08e-01  -5.2 1.21e-01    -  8.04e-01 3.01e-01h  1
1043  3.0619639e+00 2.50e-04 9.23e-02  -5.7 2.20e-01    -  1.00e+00 9.38e-01h  1
1044  3.0623613e+00 3.78e-04 3.22e-01  -5.1 3.55e+00    -  3.13e-01 6.58e-02h  3
1045  3.0621660e+00 2.52e-02 2.01e-01  -5.5 2.99e+00    -  2.12e-01 8.36e-02h  3
1046  3.0612175e+00 2.25e-02 1.72e-01  -5.5 4.66e+00    -  1.20e-01 1.10e-01h  2
1047  3.0628215e+00 2.14e-02 1.48e-01  -5.0 1.64e+01    -  1.17e-01 5.08e-02h  1
1048  3.0614108e+00 2.09e-02 1.55e-01  -5.5 2.34e+01    -  4.30e-02 2.56e-02h  2
1049  3.0606978e+00 2.05e-02 2.55e-01  -5.5 3.16e+01    -  6.25e-02 3.21e-02h  2
iter    objective    inf_pr   inf_du lg(mu)  ||d||  lg(rg) alpha_du alpha_pr  ls
1050  3.0628944e+00 2.01e-02 3.21e-01  -4.8 3.19e+01    -  7.07e-02 3.22e-02h  2
1051  3.0609986e+00 1.94e-02 2.89e-01  -5.4 1.72e+01    -  8.82e-02 3.47e-02h  3
1052  3.0589645e+00 1.90e-02 3.11e-01  -5.4 2.64e+01    -  4.02e-02 2.48e-02h  3
1053  3.0626257e+00 1.86e-02 3.42e-01  -4.4 3.59e+01    -  5.48e-02 3.93e-02h  2
1054  3.0640671e+00 1.83e-02 4.30e-01  -5.3 5.06e+00    -  6.28e-02 1.95e-02h  3
1055  3.0529415e+00 5.04e-03 7.24e-01  -5.3 1.21e+00    -  5.62e-01 7.35e-01h  1
1056  3.0519472e+00 4.98e-03 6.81e-01  -5.3 7.02e+00    -  1.36e-01 1.53e-02h  4
1057  3.0545579e+00 1.32e-03 2.62e-02  -5.2 2.24e-01    -  9.96e-01 1.00e+00h  1
1058  3.0528585e+00 1.24e-03 5.70e-01  -5.0 1.10e+00    -  8.32e-01 5.33e-01h  1
1059  3.0563298e+00 2.69e-03 9.86e-01  -4.5 1.35e+01    -  2.01e-01 6.46e-02h  3
iter    objective    inf_pr   inf_du lg(mu)  ||d||  lg(rg) alpha_du alpha_pr  ls
1060  3.0554065e+00 2.51e-03 1.98e+00  -5.0 6.90e+00    -  3.50e-01 3.48e-02h  4
1061  3.0934656e+00 1.08e-03 1.22e+00  -5.0 3.20e+00    -  7.00e-01 5.01e-01H  1
1062  3.0902726e+00 9.52e-04 9.09e-01  -5.0 6.03e+00    -  4.33e-01 1.39e-01h  2
1063  3.0750348e+00 8.82e-04 1.54e+00  -5.0 2.99e+00    -  2.62e-01 7.36e-02h  1
1064  3.0576922e+00 9.40e-04 1.35e+00  -5.0 3.73e+00    -  3.12e-01 2.05e-01f  1
1065  3.0517501e+00 1.65e-03 1.20e+00  -5.0 1.20e+00    -  9.22e-02 1.16e-01f  2
1066  3.0488097e+00 1.30e-03 1.92e+00  -4.7 3.43e-01    -  1.00e+00 2.50e-01h  1
1067  3.0481020e+00 1.55e-04 1.72e-02  -5.0 1.45e-01    -  1.00e+00 1.00e+00h  1
1068  3.0412450e+00 4.83e-04 1.45e+00  -5.4 1.85e-01    -  1.00e+00 6.41e-01h  1
1069  3.0484048e+00 1.20e-05 1.76e-02  -5.1 2.44e-01    -  1.00e+00 1.00e+00H  1
iter    objective    inf_pr   inf_du lg(mu)  ||d||  lg(rg) alpha_du alpha_pr  ls
1070  3.0379820e+00 1.91e-04 1.40e-01  -5.6 5.28e-02    -  1.00e+00 8.28e-01h  1
1071  3.0387073e+00 7.36e-05 2.01e-01  -5.1 5.99e-02    -  9.52e-01 1.00e+00h  1
1072  3.0370655e+00 4.91e-05 8.48e-01  -5.6 7.46e-02    -  1.00e+00 4.08e-01h  1
1073  3.0349720e+00 3.32e-04 1.02e+00  -5.8 3.05e-01    -  9.99e-01 5.26e-01h  1
1074  3.0346468e+00 3.21e-04 8.22e-01  -5.4 3.71e-01    -  1.00e+00 5.53e-01h  1
1075  3.0344953e+00 3.33e-04 1.17e+00  -5.4 1.32e+00    -  6.64e-01 1.80e-01h  2
1076  3.0340632e+00 2.35e-04 9.79e-01  -5.2 4.35e-01    -  7.26e-01 1.72e-01h  3
1077  3.0337330e+00 4.84e-04 1.85e-01  -5.6 4.34e-02    -  9.74e-01 8.63e-01h  1
1078  3.0288208e+00 1.12e-04 3.65e-01  -5.7 1.21e-01    -  9.99e-01 9.11e-01h  1
1079  3.0345694e+00 2.94e-05 1.91e+00  -5.3 2.62e-01    -  6.12e-01 1.00e+00H  1
iter    objective    inf_pr   inf_du lg(mu)  ||d||  lg(rg) alpha_du alpha_pr  ls
1080  3.0320008e+00 4.19e-04 1.72e+00  -5.5 8.12e-01    -  8.44e-01 2.51e-01h  1
1081  3.0283767e+00 1.13e-03 1.56e+00  -5.2 3.61e+00    -  3.34e-01 1.33e-01h  1
1082  3.0265159e+00 1.27e-03 1.22e+00  -6.0 5.76e+00    -  9.27e-02 3.15e-02h  2
1083  3.0288926e+00 1.20e-03 8.47e-01  -5.8 7.94e-01    -  3.90e-01 2.40e-01h  1
1084  3.0253014e+00 5.84e-04 4.85e-01  -5.6 1.13e-01    -  1.00e+00 5.13e-01h  1
1085  3.0236507e+00 4.69e-04 2.68e+00  -6.2 8.42e-02    -  4.61e-01 1.95e-01h  1
1086  3.0217273e+00 2.74e-04 1.78e+00  -5.8 2.78e-01    -  1.00e+00 4.77e-01h  1
1087  3.0213604e+00 3.38e-04 1.76e+00  -5.5 3.01e+00    -  2.97e-01 6.09e-02h  3
1088  3.0210751e+00 3.79e-04 1.44e+00  -5.4 2.12e+00    -  4.01e-01 5.96e-02h  4
1089  3.0210683e+00 4.13e-04 1.51e+00  -5.6 1.50e+00    -  3.69e-01 1.10e-01h  3
iter    objective    inf_pr   inf_du lg(mu)  ||d||  lg(rg) alpha_du alpha_pr  ls
1090  3.0201760e+00 8.30e-04 1.17e+00  -5.7 1.42e+00    -  3.94e-01 1.77e-01h  2
1091  3.0192589e+00 1.78e-03 1.09e+00  -5.3 4.70e+00    -  1.62e-01 5.66e-02h  3
1092  3.0194118e+00 1.59e-03 1.03e+00  -5.1 9.63e+00    -  1.25e-01 4.98e-02h  3
1093  3.0186626e+00 1.69e-03 1.00e+00  -5.5 8.37e+00    -  9.50e-02 4.14e-02h  3
1094  3.0179981e+00 2.07e-03 1.27e+00  -5.1 1.31e+01    -  1.14e-01 3.33e-02h  3
1095  3.0322561e+00 9.74e-03 1.24e+00  -4.5 1.52e+01    -  1.16e-01 8.00e-02h  1
1096  3.0302503e+00 9.01e-03 1.32e+00  -5.2 5.51e+00    -  2.17e-01 7.95e-02h  2
1097  3.0274794e+00 8.50e-03 1.25e+00  -5.2 8.48e+00    -  1.23e-01 6.73e-02h  2
1098  3.0247918e+00 7.72e-03 1.02e+00  -5.2 3.45e+00    -  1.53e-01 9.69e-02h  2
1099  3.0195789e+00 5.32e-03 3.28e+01  -5.2 5.41e-01    -  3.58e-01 2.31e-01h  1
iter    objective    inf_pr   inf_du lg(mu)  ||d||  lg(rg) alpha_du alpha_pr  ls
1100  3.0191237e+00 9.53e-02 8.41e+02  -5.2 1.45e+00    -  3.88e-02 2.40e-02h  1
1101  3.0178525e+00 9.08e-02 6.50e+02  -5.2 3.08e+00    -  1.68e-01 4.81e-02h  3
1102  3.0264743e+00 3.25e-02 1.13e+02  -4.7 6.89e-01    -  4.38e-01 6.43e-01h  1
1103  3.0239188e+00 2.75e-02 5.64e+00  -5.0 8.52e-01    -  2.00e-01 1.54e-01h  1
1104  3.0210861e+00 1.49e-02 3.03e+00  -5.0 1.86e-01    -  4.14e-01 4.58e-01f  1
1105  3.0170552e+00 6.03e-03 9.28e+00  -5.0 2.35e-01    -  1.00e+00 5.98e-01h  1
1106  3.0165450e+00 5.24e-03 3.53e+00  -5.0 4.02e-01    -  1.00e+00 1.32e-01f  3
1107  3.0155189e+00 9.22e-03 5.11e-03  -5.1 9.29e-02    -  1.00e+00 1.00e+00h  1
1108  3.0141028e+00 4.29e-04 5.44e-02  -5.1 2.66e-02    -  1.00e+00 9.54e-01h  1
1109  3.0262623e+00 9.18e-03 1.75e-01  -4.6 1.99e-01    -  8.95e-01 9.64e-01h  1
iter    objective    inf_pr   inf_du lg(mu)  ||d||  lg(rg) alpha_du alpha_pr  ls
1110  3.0389288e+00 4.97e-04 1.51e-02  -4.7 1.83e-01    -  1.00e+00 1.00e+00h  1
1111  3.0258212e+00 9.90e-05 9.93e-03  -4.7 4.74e-02    -  1.00e+00 1.00e+00h  1
1112  3.0256358e+00 5.60e-06 1.58e-03  -4.7 1.34e-02    -  1.00e+00 1.00e+00h  1
1113  3.0160834e+00 2.51e-04 6.58e-03  -5.1 1.30e-01    -  9.95e-01 1.00e+00h  1
1114  3.0153374e+00 2.52e-04 1.33e+00  -5.1 3.82e-01    -  1.00e+00 3.08e-01H  1
1115  3.0129002e+00 1.72e-04 6.78e-01  -5.1 1.78e-01    -  4.91e-01 5.00e-01f  2
1116  3.0105470e+00 8.84e-04 9.05e-01  -5.4 2.93e-01    -  1.00e+00 3.46e-01h  2
1117  3.0142016e+00 2.97e-04 1.42e+00  -5.0 6.78e-02    -  9.65e-01 6.53e-01h  1
1118  3.0102177e+00 4.58e-05 2.00e-03  -5.1 3.67e-02    -  1.00e+00 1.00e+00h  1
1119  3.0064262e+00 1.16e-04 4.74e-01  -5.6 1.40e-01    -  9.99e-01 8.16e-01h  1
iter    objective    inf_pr   inf_du lg(mu)  ||d||  lg(rg) alpha_du alpha_pr  ls
1120  3.0055330e+00 1.81e-04 8.24e-01  -5.7 1.18e+00    -  7.45e-01 1.71e-01h  2
1121  3.0051098e+00 9.22e-03 1.09e+00  -5.8 5.01e+00    -  3.10e-01 1.34e-01h  1
1122  3.0072561e+00 8.72e-03 1.12e+00  -4.8 1.34e+01    -  1.07e-01 5.71e-02h  2
1123  3.0069773e+00 8.23e-03 9.46e-01  -5.5 1.19e+01    -  1.36e-01 6.03e-02h  2
1124  3.0067135e+00 7.87e-03 8.87e-01  -5.5 1.67e+01    -  6.65e-02 4.76e-02h  2
1125  3.0062991e+00 7.52e-03 6.81e-01  -5.5 1.45e+01    -  8.92e-02 4.94e-02h  2
1126  3.0046506e+00 7.31e-03 5.49e-01  -5.5 1.16e+01    -  5.14e-02 3.10e-02h  2
1127  3.0051709e+00 6.73e-03 3.91e-01  -4.8 5.51e+00    -  1.38e-01 8.24e-02h  1
1128  3.0075719e+00 5.54e-03 2.75e-01  -5.4 1.23e+00    -  9.51e-02 1.80e-01H  1
1129  3.0034064e+00 4.09e-03 6.29e-01  -5.4 1.21e+00    -  4.07e-01 2.57e-01h  2
iter    objective    inf_pr   inf_du lg(mu)  ||d||  lg(rg) alpha_du alpha_pr  ls
1130  3.0011916e+00 5.42e-03 1.96e+00  -5.1 3.27e+00    -  3.31e-01 1.06e-01h  2
1131  3.0115998e+00 4.35e-03 1.57e+00  -4.7 1.87e+00    -  1.84e-01 1.94e-01h  2
1132  3.0147775e+00 9.26e-04 1.12e+00  -5.2 1.11e-01    -  4.79e-01 8.57e-01h  1
1133  3.0008132e+00 5.30e-04 1.36e+00  -5.2 2.25e-01    -  2.40e-01 7.06e-01f  1
1134  3.0028086e+00 3.16e-04 8.75e-01  -4.9 1.90e-01    -  9.39e-01 4.42e-01f  2
1135  2.9988099e+00 4.48e-04 8.91e-02  -5.3 5.03e-02    -  1.00e+00 8.96e-01h  1
1136  2.9964709e+00 9.09e-03 5.25e-01  -5.6 1.83e-02    -  1.00e+00 7.26e-01h  1
1137  2.9950537e+00 4.33e-05 2.14e-03  -5.7 2.10e-02    -  1.00e+00 1.00e+00h  1
1138  2.9941354e+00 7.88e-04 6.68e-01  -6.1 5.05e-02    -  1.00e+00 4.85e-01h  1
1139  2.9951827e+00 2.18e-04 2.75e-01  -5.5 4.62e-02    -  1.00e+00 7.96e-01h  1
iter    objective    inf_pr   inf_du lg(mu)  ||d||  lg(rg) alpha_du alpha_pr  ls
1140  2.9944509e+00 3.55e-04 1.90e-03  -5.6 1.61e-02    -  1.00e+00 1.00e+00h  1
1141  2.9933648e+00 7.62e-03 9.41e-02  -5.9 2.10e-02    -  1.00e+00 9.31e-01h  1
1142  2.9930771e+00 5.97e-04 6.24e-02  -5.9 4.89e-02    -  1.00e+00 9.21e-01h  1
1143  2.9933431e+00 9.10e-03 3.14e-01  -5.5 2.36e-01    -  6.84e-01 4.84e-01h  1
1144  2.9928814e+00 8.06e-03 4.27e-01  -5.7 1.07e+00    -  2.72e-01 1.17e-01h  2
1145  2.9990154e+00 6.31e-03 3.03e-01  -4.9 6.69e-01    -  2.37e-01 2.26e-01h  1
1146  2.9958479e+00 2.14e-03 1.72e-01  -5.4 9.13e-02    -  7.38e-01 6.61e-01h  1
1147  2.9945173e+00 2.38e-04 6.95e-03  -5.4 3.08e-02    -  1.00e+00 1.00e+00f  1
1148  2.9930377e+00 1.52e-04 2.69e-03  -5.4 2.51e-02    -  1.00e+00 1.00e+00h  1
1149  2.9914835e+00 1.52e-04 1.13e-03  -5.8 1.06e-02    -  1.00e+00 1.00e+00h  1
iter    objective    inf_pr   inf_du lg(mu)  ||d||  lg(rg) alpha_du alpha_pr  ls
1150  2.9905300e+00 3.48e-05 1.25e-01  -6.1 3.13e-02    -  1.00e+00 7.76e-01h  1
1151  2.9902617e+00 7.67e-05 4.38e-01  -6.2 1.62e-01    -  1.00e+00 3.60e-01h  1
1152  2.9906034e+00 4.64e-06 5.96e-03  -5.9 8.58e-02    -  1.00e+00 1.00e+00H  1
1153  2.9943784e+00 4.85e-07 4.55e-01  -5.5 3.36e-02    -  5.69e-01 1.00e+00H  1
1154  2.9903446e+00 6.63e-05 3.18e-01  -5.9 3.02e-02    -  1.00e+00 7.35e-01h  1
1155  2.9893853e+00 2.80e-05 8.42e-02  -6.1 3.10e-02    -  1.00e+00 9.06e-01h  1
1156  2.9891474e+00 1.51e-05 6.47e-01  -6.3 6.32e-02    -  1.00e+00 5.78e-01h  1
1157  2.9888620e+00 3.34e-05 4.40e-02  -6.8 6.73e-02    -  1.00e+00 9.19e-01h  1
1158  2.9886904e+00 2.46e-04 1.32e-01  -6.4 2.02e-01    -  8.40e-01 5.91e-01h  1
1159  2.9883724e+00 4.88e-04 6.67e-01  -6.9 6.24e-01    -  2.37e-01 1.35e-01h  1
iter    objective    inf_pr   inf_du lg(mu)  ||d||  lg(rg) alpha_du alpha_pr  ls
1160  2.9884695e+00 3.23e-04 3.18e-01 -11.0 2.46e-01    -  1.91e-01 2.61e-01h  1
1161  2.9879184e+00 1.82e-04 4.09e-01  -6.6 6.38e-02    -  7.16e-01 3.95e-01h  1
1162  2.9874920e+00 2.43e-04 1.77e+00  -6.7 1.83e-01    -  6.28e-01 2.80e-01h  1
1163  2.9881082e+00 3.44e-04 5.60e-01  -6.0 3.62e-01    -  2.15e-01 4.27e-01h  1
1164  2.9878698e+00 3.01e-04 4.40e-01  -6.5 1.11e+00    -  1.66e-01 1.10e-01h  1
1165  2.9876504e+00 4.72e-04 1.94e+01  -6.5 1.93e+00    -  1.54e-01 9.46e-02f  1
1166  2.9874371e+00 2.00e-02 2.50e-01  -6.5 1.62e-01    -  4.04e-01 5.12e-01f  1
1167  2.9869789e+00 1.75e-02 6.32e-01  -5.9 1.23e+00    -  3.46e-01 9.99e-02f  1
1168  2.9867555e+00 1.70e-02 6.48e-01  -5.7 3.02e+00    -  2.35e-01 2.98e-02h  3
1169  2.9864341e+00 1.01e-02 1.84e+00  -6.3 3.49e-02    -  9.95e-01 4.06e-01h  1
iter    objective    inf_pr   inf_du lg(mu)  ||d||  lg(rg) alpha_du alpha_pr  ls
1170  2.9860740e+00 3.58e-03 6.38e-01  -6.3 9.32e-02    -  8.71e-01 6.45e-01h  1
1171  2.9859959e+00 3.37e-03 5.33e-01  -6.3 4.69e-01    -  7.73e-01 5.83e-02h  1
1172  2.9871163e+00 3.65e-03 6.41e-01  -5.2 9.88e+00    -  1.34e-01 4.64e-02h  1
1173  2.9867688e+00 3.13e-03 5.38e-01  -6.0 3.98e+00    -  1.69e-01 1.31e-01h  2
1174  2.9865263e+00 2.94e-03 5.04e-01  -6.0 2.72e+01    -  5.64e-02 3.70e-02h  1
1175  2.9855227e+00 4.40e-03 4.97e-01  -6.0 4.48e+01    -  2.29e-02 1.59e-02h  2
1176  2.9854973e+00 4.59e-03 3.64e-01  -5.0 4.39e+01    -  4.00e-02 1.97e-02h  2
1177  2.9890321e+00 4.70e-03 2.02e-01  -4.7 3.40e+01    -  5.64e-02 3.26e-02h  2
1178  2.9876354e+00 4.50e-03 5.16e-01  -5.7 1.47e+01    -  1.19e-01 3.43e-02h  2
1179  2.9855203e+00 4.29e-03 4.81e-01  -5.7 1.92e+01    -  5.71e-02 4.13e-02h  1
iter    objective    inf_pr   inf_du lg(mu)  ||d||  lg(rg) alpha_du alpha_pr  ls
1180  2.9853897e+00 3.81e-03 3.79e-01  -5.7 5.94e+01    -  4.72e-02 2.31e-02h  2
1181  2.9863992e+00 6.14e-03 1.24e-01  -4.9 5.35e+01    -  9.45e-02 1.93e-02h  2
1182  2.9840536e+00 5.16e-03 1.25e-01  -5.6 2.17e+01    -  4.14e-02 4.88e-02h  2
1183  2.9855550e+00 4.74e-03 1.75e-01  -4.8 2.67e+01    -  5.74e-02 3.60e-02h  2
1184  2.9828423e+00 4.64e-03 1.63e-01  -5.5 4.95e+00    -  1.94e-02 2.33e-02h  3
1185  2.9765168e+00 2.66e-03 1.66e-01  -5.2 4.71e-01    -  4.11e-01 4.32e-01h  1
1186  2.9778366e+00 2.17e-03 9.95e-02  -4.6 1.82e+00    -  2.82e-01 2.49e-01h  1
1187  3.1004462e+00 6.92e-03 1.56e+00  -4.7 4.73e-01    -  2.86e-01 6.18e-01H  1
1188  2.9789282e+00 4.50e-03 4.07e-01  -5.0 2.23e-01    -  7.79e-01 8.80e-01h  1
1189  2.9834901e+00 3.29e-04 9.16e-03  -4.7 2.62e-01    -  1.00e+00 1.00e+00f  1
iter    objective    inf_pr   inf_du lg(mu)  ||d||  lg(rg) alpha_du alpha_pr  ls
1190  2.9899822e+00 1.66e-04 5.58e-01  -5.2 8.08e-01    -  7.35e-01 9.00e-01H  1
1191  2.9842819e+00 2.20e-04 8.52e-01  -5.1 5.63e-01    -  9.88e-01 2.45e-01h  2
1192  2.9726830e+00 1.96e-04 1.49e+00  -5.1 4.07e-01    -  9.33e-01 4.78e-01h  1
1193  2.9754305e+00 2.55e-04 1.24e+00  -5.5 3.88e-01    -  8.57e-01 6.39e-01H  1
1194  2.9657158e+00 9.30e-05 8.13e-02  -5.7 1.69e-01    -  1.00e+00 8.51e-01h  1
1195  2.9637162e+00 1.11e-04 8.90e-01  -6.0 2.51e-01    -  9.15e-01 6.00e-01h  1
1196  2.9660293e+00 1.01e-04 3.69e-01  -5.1 1.21e-01    -  4.98e-01 4.82e-01h  1
1197  2.9645940e+00 2.15e-05 3.26e-03  -5.4 1.87e-02    -  1.00e+00 1.00e+00h  1
1198  2.9621306e+00 3.61e-05 5.04e-01  -5.9 1.67e-02    -  8.90e-01 1.00e+00h  1
1199  2.9612356e+00 3.64e-05 2.59e-01  -6.1 6.36e-02    -  1.00e+00 6.50e-01h  1
iter    objective    inf_pr   inf_du lg(mu)  ||d||  lg(rg) alpha_du alpha_pr  ls
1200  2.9605085e+00 1.12e-04 1.47e+00  -5.8 5.24e-01    -  1.00e+00 3.06e-01h  1
1201  2.9598560e+00 9.09e-03 1.61e+00  -5.5 4.43e+00    -  2.81e-01 8.46e-02h  1
1202  2.9595992e+00 8.68e-03 1.53e+00  -5.4 6.98e+00    -  1.42e-01 4.59e-02h  2
1203  2.9625363e+00 7.59e-03 1.30e+00  -5.1 8.21e+00    -  1.75e-01 1.26e-01h  1
1204  2.9617166e+00 7.44e-03 1.42e+00  -5.6 1.96e+01    -  5.89e-02 1.98e-02h  3
1205  2.9606149e+00 7.18e-03 1.36e+00  -5.6 1.82e+01    -  5.00e-02 3.95e-02h  2
1206  2.9594857e+00 7.06e-03 1.42e+00  -5.6 1.86e+01    -  5.66e-02 1.84e-02h  3
1207  2.9578811e+00 6.78e-03 1.34e+00  -5.6 7.26e+00    -  7.31e-02 6.76e-02h  1
1208  2.9569347e+00 9.59e-03 1.28e+00  -6.3 7.47e+00    -  8.85e-02 1.09e-02h  1
1209  2.9552199e+00 6.18e-03 9.12e-01  -6.2 2.75e+00    -  1.79e-01 4.85e-02h  1
iter    objective    inf_pr   inf_du lg(mu)  ||d||  lg(rg) alpha_du alpha_pr  ls
1210  2.9580383e+00 5.64e-03 9.61e-01  -5.0 9.59e-01    -  1.80e-01 8.72e-02h  2
1211  2.9541051e+00 3.83e-03 9.72e-01 -11.0 1.30e-01    -  4.39e-01 3.22e-01h  1
1212  2.9520253e+00 1.91e-03 3.77e-01  -5.7 1.20e-01    -  4.83e-01 5.00e-01h  1
1213  2.9503431e+00 9.13e-04 2.87e-01  -6.0 1.36e-01    -  1.00e+00 5.23e-01h  1
1214  2.9581136e+00 7.97e-04 1.74e-02  -5.8 1.69e-01    -  1.00e+00 1.00e+00h  1
1215  2.9494267e+00 2.42e-04 4.63e-03  -6.0 4.48e-02    -  1.00e+00 1.00e+00h  1
1216  2.9488687e+00 2.15e-05 2.10e-03  -6.1 1.60e-02    -  1.00e+00 1.00e+00h  1
1217  2.9484606e+00 9.54e-06 1.28e-01  -6.6 2.12e-02    -  1.00e+00 6.82e-01h  1
1218  2.9480648e+00 9.28e-05 1.27e+00  -6.3 3.00e-01    -  1.00e+00 2.51e-01h  1
1219  2.9477821e+00 3.03e-04 1.03e+00  -5.5 1.48e+00    -  3.00e-01 7.35e-02h  1
iter    objective    inf_pr   inf_du lg(mu)  ||d||  lg(rg) alpha_du alpha_pr  ls
1220  2.9475036e+00 3.31e-03 1.37e+00  -5.6 2.09e+00    -  2.86e-01 6.28e-02h  1
1221  2.9479882e+00 2.97e-03 2.09e+00  -5.3 1.99e+00    -  3.30e-01 1.08e-01h  2
1222  2.9478120e+00 2.72e-03 1.96e+00  -5.7 9.68e-01    -  1.32e-01 8.28e-02h  3
1223  2.9480604e+00 1.53e-03 1.28e+00  -5.7 3.55e-01    -  5.33e-01 4.38e-01h  1
1224  2.9473977e+00 1.36e-03 2.53e+00  -5.7 9.25e-01    -  3.14e-01 1.13e-01h  2
1225  2.9495093e+00 8.16e-04 1.04e+00  -5.6 2.43e-01    -  5.63e-01 3.98e-01H  1
1226  2.9467460e+00 1.45e-04 9.52e-01  -5.7 6.97e-02    -  4.77e-01 8.23e-01h  1
1227  2.9493387e+00 1.20e-03 6.76e-01  -4.7 3.37e-01    -  3.05e-01 2.57e-01f  1
1228  2.9509245e+00 1.00e-03 1.83e+00  -5.2 3.59e-01    -  8.86e-01 1.58e-01h  3
1229  2.9490975e+00 1.38e-05 1.72e-03  -5.2 2.77e-02    -  1.00e+00 1.00e+00h  1
iter    objective    inf_pr   inf_du lg(mu)  ||d||  lg(rg) alpha_du alpha_pr  ls
1230  2.9489938e+00 5.37e-06 1.34e-03  -5.2 2.39e-02    -  1.00e+00 1.00e+00h  1
1231  2.9487750e+00 7.08e-05 4.29e-03  -5.2 1.09e-01    -  1.00e+00 1.00e+00h  1
1232  2.9486093e+00 4.64e-04 1.24e-01  -5.2 1.70e+00    -  2.49e-01 1.65e-01h  2
1233  2.9485528e+00 7.99e-04 4.49e-01  -5.2 3.59e+00    -  2.71e-01 7.63e-02h  3
1234  2.9481569e+00 1.86e-03 7.45e-01  -5.2 2.69e+00    -  2.04e-01 5.17e-02h  4
1235  2.9479489e+00 1.65e-03 6.75e-01  -5.2 2.15e+00    -  4.24e-01 1.08e-01h  3
1236  2.9477796e+00 1.50e-03 1.66e+00  -5.2 2.19e+00    -  5.36e-01 9.38e-02h  3
1237  2.9471522e+00 1.25e-03 1.38e+00  -5.2 1.11e+00    -  3.56e-01 1.77e-01h  2
1238  2.9473726e+00 9.89e-04 1.42e+00  -5.2 9.11e-01    -  8.13e-01 2.18e-01h  2
1239  2.9463435e+00 7.47e-04 1.09e+00  -5.2 3.36e-01    -  9.23e-01 2.50e-01h  3
iter    objective    inf_pr   inf_du lg(mu)  ||d||  lg(rg) alpha_du alpha_pr  ls
1240  2.9478192e+00 1.70e-03 1.15e-01  -5.3 8.52e-02    -  1.00e+00 9.55e-01h  1
1241  2.9434854e+00 3.18e-04 6.56e-01  -5.4 3.34e-02    -  7.34e-01 1.00e+00h  1
1242  2.9414704e+00 8.94e-05 2.02e-01  -5.8 1.14e-01    -  1.00e+00 9.35e-01h  1
1243  2.9408706e+00 6.78e-05 1.13e+00  -6.0 3.42e-01    -  1.00e+00 2.28e-01h  2
1244  2.9403655e+00 3.62e-04 5.40e-01  -5.7 2.44e-01    -  1.00e+00 7.41e-01h  1
1245  2.9407256e+00 1.94e-03 3.09e+00  -5.4 4.59e-01    -  1.00e+00 2.59e-01h  1
1246  2.9455274e+00 1.63e-04 1.77e-01  -5.5 7.07e-02    -  9.06e-01 9.88e-01h  1
1247  2.9402304e+00 1.38e-04 8.94e-02  -5.5 9.17e-02    -  6.98e-01 7.15e-01f  1
1248  2.9394852e+00 5.44e-05 1.07e+00  -5.6 9.99e-02    -  1.00e+00 7.28e-01f  1
1249  2.9386139e+00 6.45e-05 5.91e-01  -5.8 1.76e-01    -  1.00e+00 7.23e-01h  1
iter    objective    inf_pr   inf_du lg(mu)  ||d||  lg(rg) alpha_du alpha_pr  ls
1250  2.9475478e+00 2.64e-05 1.91e-02  -5.6 2.84e-01    -  1.00e+00 1.00e+00H  1
1251  2.9402788e+00 3.08e-05 7.85e-01  -6.1 1.42e-01    -  1.00e+00 4.99e-01h  1
1252  2.9381598e+00 4.28e-05 1.80e+00  -5.8 1.08e-01    -  1.00e+00 4.57e-01h  1
1253  2.9378386e+00 3.83e-05 2.59e+00  -6.4 4.65e-02    -  1.00e+00 1.06e-01h  1
1254  2.9365636e+00 3.23e-05 1.63e-03  -6.1 1.04e-01    -  1.00e+00 1.00e+00h  1
1255  2.9365816e+00 2.71e-05 1.63e+00  -5.8 4.54e-01    -  1.00e+00 1.76e-01h  2
1256  2.9410470e+00 1.77e-05 5.12e-01  -5.9 4.34e-01    -  4.85e-01 1.00e+00H  1
1257  2.9405978e+00 2.61e-04 9.67e-01  -5.4 1.16e+00    -  6.04e-01 3.03e-01h  2
1258  2.9401625e+00 6.05e-04 1.64e+00  -5.6 4.09e+00    -  2.46e-01 1.39e-01h  2
1259  2.9388846e+00 5.74e-04 2.55e+00  -5.6 1.87e+00    -  2.22e-01 7.46e-02h  2
iter    objective    inf_pr   inf_du lg(mu)  ||d||  lg(rg) alpha_du alpha_pr  ls
1260  2.9368128e+00 3.59e-04 4.44e-01  -5.6 8.04e-02    -  8.28e-01 4.09e-01h  1
1261  2.9352176e+00 1.09e-04 2.54e-01  -5.6 8.24e-02    -  1.00e+00 8.25e-01f  1
1262  2.9343032e+00 7.69e-05 1.67e-01 -11.0 7.80e-02    -  3.01e-01 2.98e-01h  1
1263  2.9332219e+00 4.93e-05 7.02e-01  -6.5 3.45e-01    -  6.67e-01 5.63e-01h  1
1264  2.9332483e+00 2.90e-04 1.33e-01  -5.5 7.16e+00    -  4.10e-01 8.78e-02h  2
1265  2.9328394e+00 8.97e-03 6.89e-01  -5.8 2.56e+01    -  9.47e-02 1.37e-02h  3
1266  2.9327926e+00 8.78e-03 2.17e+00  -5.4 1.18e+01    -  2.27e-01 2.16e-02h  4
1267  2.9343704e+00 8.02e-03 2.55e+00  -5.1 5.68e+00    -  3.32e-01 8.61e-02h  3
1268  2.9330364e+00 7.74e-03 2.16e+00  -5.5 3.08e+01    -  7.96e-02 3.52e-02h  2
1269  2.9305919e+00 7.63e-03 2.08e+00  -5.5 2.54e+02    -  1.65e-02 1.11e-02h  2
iter    objective    inf_pr   inf_du lg(mu)  ||d||  lg(rg) alpha_du alpha_pr  ls
1270  2.9329184e+00 1.40e-02 1.84e+00  -4.4 3.60e+02    -  3.72e-02 8.75e-03h  1
1271  2.9328276e+00 1.41e-02 1.84e+00  -5.4 1.45e+02    -  3.82e-03 3.57e-03h  4
1272  2.9325694e+00 3.49e-02 1.60e+00  -5.4 4.26e+01    -  1.13e-01 1.27e-01h  1
1273  2.9321119e+00 3.65e-02 1.60e+00  -5.4 4.43e+02    -  1.60e-02 3.74e-03h  3
1274  2.9294256e+00 3.75e-02 1.54e+00  -5.4 2.10e+02    -  3.11e-02 6.27e-03h  3
1275  2.9326929e+00 5.44e-02 1.65e+00  -4.5 1.79e+02    -  6.35e-02 2.57e-02h  1
1276  2.9314987e+00 5.52e-02 1.82e+00  -5.3 2.50e+02    -  2.39e-02 4.44e-03h  4
1277  2.9420717e+00 5.37e-02 2.09e+00  -5.3 2.78e+01    -  5.54e-02 3.62e-02h  2
1278  2.9354414e+00 4.56e-02 1.84e+00  -5.3 7.33e+00    -  6.97e-02 1.56e-01h  1
1279  2.9759791e+00 4.19e-02 1.71e+00  -5.3 1.36e+01    -  6.96e-02 6.93e-02h  1
iter    objective    inf_pr   inf_du lg(mu)  ||d||  lg(rg) alpha_du alpha_pr  ls
1280  2.9397457e+00 3.18e-02 3.35e+01  -5.3 1.97e+00    -  9.69e-02 2.52e-01h  1
1281  2.9226995e+00 7.40e-02 1.64e+02  -5.3 6.61e+00    -  1.11e-01 4.19e-02h  1
1282  2.9168193e+00 6.60e-02 1.22e+02  -4.5 4.47e+00    -  1.30e-01 1.09e-01f  1
1283  2.9321663e+00 4.31e-02 5.64e+01  -4.4 2.10e+00    -  2.43e-01 3.44e-01h  1
1284  2.9602986e+00 2.46e-02 4.35e+00  -4.9 3.38e-01    -  2.91e-01 4.27e-01h  1
1285  2.9055536e+00 4.14e-03 1.78e+00  -4.9 2.48e-01    -  8.17e-02 8.30e-01h  1
1286  2.9066390e+00 4.03e-03 2.60e+00  -4.1 1.63e+00    -  3.29e-01 2.71e-02f  1
1287  2.9151572e+00 1.13e-03 4.09e+00  -4.7 9.36e-02    -  1.00e+00 7.19e-01h  1
1288  2.9396132e+00 1.97e-03 1.29e+00  -4.2 2.65e-01    -  6.98e-01 6.63e-01h  1
1289  2.9513040e+00 9.32e-03 9.97e-01  -4.4 2.49e-01    -  1.00e+00 6.22e-01h  1
iter    objective    inf_pr   inf_du lg(mu)  ||d||  lg(rg) alpha_du alpha_pr  ls
1290  2.9360854e+00 9.13e-05 6.67e-03  -4.4 7.26e-02    -  1.00e+00 1.00e+00f  1
1291  2.9166742e+00 9.11e-03 1.07e-02  -4.7 8.33e-02    -  1.00e+00 1.00e+00h  1
1292  2.9062561e+00 5.92e-04 2.63e-02  -4.8 6.22e-02    -  1.00e+00 1.00e+00h  1
1293  2.9013763e+00 7.80e-05 2.04e-02  -4.9 3.94e-02    -  1.00e+00 1.00e+00h  1
1294  2.8940088e+00 2.07e-04 1.79e-01  -5.4 5.68e-02    -  1.00e+00 7.41e-01h  1
1295  2.8942439e+00 8.83e-05 4.46e-03  -5.1 1.77e-02    -  1.00e+00 1.00e+00h  1
1296  2.8904149e+00 1.08e-04 2.21e-01  -5.6 3.89e-02    -  1.00e+00 6.45e-01h  1
1297  2.8886053e+00 2.81e-04 8.35e-01  -5.8 5.18e-02    -  1.00e+00 5.62e-01h  1
1298  2.8871964e+00 1.25e-04 9.08e-02  -5.8 3.17e-02    -  1.00e+00 9.09e-01h  1
1299  2.8862292e+00 8.19e-05 1.59e-01  -6.0 3.51e-02    -  1.00e+00 8.07e-01h  1
iter    objective    inf_pr   inf_du lg(mu)  ||d||  lg(rg) alpha_du alpha_pr  ls
1300  2.8853649e+00 3.55e-05 1.29e-01  -6.1 1.44e-02    -  1.00e+00 6.04e-01h  1
1301  2.8847326e+00 3.28e-05 4.05e-01  -6.7 2.33e-02    -  1.00e+00 4.56e-01h  1
1302  2.8844309e+00 5.41e-05 3.77e-01  -5.9 1.06e-01    -  8.21e-01 2.18e-01h  1
1303  2.8837079e+00 1.48e-04 1.75e-01  -6.9 2.60e-01    -  3.43e-01 1.47e-01h  1
1304  2.8832229e+00 5.37e-04 3.71e-01  -5.4 9.85e-01    -  2.35e-01 6.11e-02h  1
1305  2.8834839e+00 8.40e-04 6.95e-01  -5.5 5.03e-01    -  2.89e-01 1.36e-01h  2
1306  2.8831842e+00 9.02e-04 3.61e-01  -5.8 2.68e-01    -  5.21e-01 3.41e-01h  1
1307  2.8828581e+00 9.91e-04 6.03e-01  -5.4 5.85e-01    -  5.21e-01 9.81e-02f  3
1308  2.8826698e+00 3.89e-03 5.12e-01  -5.5 8.41e-01    -  3.21e-01 2.53e-01h  1
1309  2.8837245e+00 1.00e-02 4.78e-01  -5.0 5.55e-01    -  2.88e-01 8.29e-02h  3
iter    objective    inf_pr   inf_du lg(mu)  ||d||  lg(rg) alpha_du alpha_pr  ls
1310  2.8832948e+00 9.90e-03 2.14e-01  -5.4 7.39e-02    -  6.33e-01 1.00e+00h  1
1311  2.8889730e+00 2.32e-03 3.93e-01  -5.4 9.53e-02    -  9.44e-01 7.61e-01h  1
1312  2.8814631e+00 9.59e-03 2.74e-03  -5.4 8.69e-02    -  1.00e+00 1.00e+00f  1
1313  2.8850780e+00 6.82e-03 1.26e-02  -5.6 5.14e-02    -  1.00e+00 1.00e+00h  1
1314  2.8796153e+00 1.31e-04 1.61e-03  -5.7 3.51e-02    -  1.00e+00 1.00e+00h  1
1315  2.8786812e+00 1.37e-05 5.42e-02  -6.2 4.50e-03    -  1.00e+00 8.96e-01h  1
1316  2.8781405e+00 3.62e-05 3.33e-01  -6.2 3.10e-02    -  1.00e+00 3.64e-01h  1
1317  2.8781190e+00 2.36e-04 3.86e-01  -5.8 6.28e-02    -  1.00e+00 5.29e-01h  1
1318  2.8783526e+00 1.37e-05 2.82e-02  -6.0 6.65e-02    -  9.78e-01 1.00e+00H  1
1319  2.8781416e+00 1.33e-04 6.93e-01  -5.7 5.69e-02    -  9.91e-01 4.10e-01h  2
iter    objective    inf_pr   inf_du lg(mu)  ||d||  lg(rg) alpha_du alpha_pr  ls
1320  2.8782577e+00 2.41e-04 1.80e-01  -5.7 2.46e-02    -  5.73e-01 7.41e-01h  1
1321  2.8776360e+00 1.34e-04 1.54e-03  -5.8 9.96e-03    -  1.00e+00 1.00e+00h  1
1322  2.8768423e+00 7.04e-05 9.86e-04  -6.1 2.94e-02    -  1.00e+00 1.00e+00h  1

Number of Iterations....: 1322

                                   (scaled)                 (unscaled)
Objective...............:   2.8768423046712188e+00    2.8768423046712188e+00
Dual infeasibility......:   9.8603300791402435e-04    9.8603300791402435e-04
Constraint violation....:   7.0364045732785457e-05    7.0364045732785457e-05
Variable bound violation:   0.0000000000000000e+00    0.0000000000000000e+00
Complementarity.........:   9.0266452719585553e-07    9.0266452719585553e-07
Overall NLP error.......:   9.8603300791402435e-04    9.8603300791402435e-04


Number of objective function evaluations             = 2497
Number of objective gradient evaluations             = 1323
Number of equality constraint evaluations            = 2497
Number of inequality constraint evaluations          = 0
Number of equality constraint Jacobian evaluations   = 1323
Number of inequality constraint Jacobian evaluations = 0
Number of Lagrangian Hessian evaluations             = 0
Total seconds in IPOPT                               = 8258.021

EXIT: Optimal Solution Found.
         nlp  :   t_proc      (avg)   t_wall      (avg)    n_eval
callback_fun  | 291.43ms (220.28us) 652.35ms (493.08us)      1323
       nlp_f  |  37.37 s ( 14.96ms)  10.37 s (  4.15ms)      2497
       nlp_g  | 244.15 s ( 97.78ms)  41.03 s ( 16.43ms)      2497
  nlp_grad_f  |   1.72ks (  1.30 s) 216.02 s (163.03ms)      1325
   nlp_jac_g  |  41.40ks ( 31.27 s)   5.26ks (  3.97 s)      1324
       total  |  64.76ks ( 64.76ks)   8.26ks (  8.26ks)         1

Breakdown of objective (including weights):
  marker_tracking: 2.23453
  control_effort: 0.518358
  accelerations: 0.123957
[info] Set log level to Info.
[info] ------------------------------------------------------------------------
[info] Elapsed real time: 8379 second(s) (2 hour(s), 19 minute(s), 39 second(s)).
[info] Tue Aug 11 15:19:42 2026
[info] MocoCasADiSolver succeeded!
[info] ========================================================================
[info] Storage: read data file = SRRun01_grf.mot (nr=16005 nc=19)
[info] ExternalForce::RightGRF Data source being set to SRRun01_grf
[info] ExternalForce::LeftGRF Data source being set to SRRun01_grf
[warning] Ignoring output /forceset/addbrev_r|implicitenabled_normalized_tendon_force of type bool.
[warning] Ignoring output /forceset/addbrev_r|statebounds_normalized_tendon_force of type Vec2.
[warning] Ignoring output /forceset/addlong_r|implicitenabled_normalized_tendon_force of type bool.
[warning] Ignoring output /forceset/addlong_r|statebounds_normalized_tendon_force of type Vec2.
[warning] Ignoring output /forceset/addmagDist_r|implicitenabled_normalized_tendon_force of type bool.
[warning] Ignoring output /forceset/addmagDist_r|statebounds_normalized_tendon_force of type Vec2.
[warning] Ignoring output /forceset/addmagIsch_r|implicitenabled_normalized_tendon_force of type bool.
[warning] Ignoring output /forceset/addmagIsch_r|statebounds_normalized_tendon_force of type Vec2.
[warning] Ignoring output /forceset/addmagMid_r|implicitenabled_normalized_tendon_force of type bool.
[warning] Ignoring output /forceset/addmagMid_r|statebounds_normalized_tendon_force of type Vec2.
[warning] Ignoring output /forceset/addmagProx_r|implicitenabled_normalized_tendon_force of type bool.
[warning] Ignoring output /forceset/addmagProx_r|statebounds_normalized_tendon_force of type Vec2.
[warning] Ignoring output /forceset/bflh_r|implicitenabled_normalized_tendon_force of type bool.
[warning] Ignoring output /forceset/bflh_r|statebounds_normalized_tendon_force of type Vec2.
[warning] Ignoring output /forceset/bfsh_r|implicitenabled_normalized_tendon_force of type bool.
[warning] Ignoring output /forceset/bfsh_r|statebounds_normalized_tendon_force of type Vec2.
[warning] Ignoring output /forceset/edl_r|implicitenabled_normalized_tendon_force of type bool.
[warning] Ignoring output /forceset/edl_r|statebounds_normalized_tendon_force of type Vec2.
[warning] Ignoring output /forceset/ehl_r|implicitenabled_normalized_tendon_force of type bool.
[warning] Ignoring output /forceset/ehl_r|statebounds_normalized_tendon_force of type Vec2.
[warning] Ignoring output /forceset/fdl_r|implicitenabled_normalized_tendon_force of type bool.
[warning] Ignoring output /forceset/fdl_r|statebounds_normalized_tendon_force of type Vec2.
[warning] Ignoring output /forceset/fhl_r|implicitenabled_normalized_tendon_force of type bool.
[warning] Ignoring output /forceset/fhl_r|statebounds_normalized_tendon_force of type Vec2.
[warning] Ignoring output /forceset/gaslat_r|implicitenabled_normalized_tendon_force of type bool.
[warning] Ignoring output /forceset/gaslat_r|statebounds_normalized_tendon_force of type Vec2.
[warning] Ignoring output /forceset/gasmed_r|implicitenabled_normalized_tendon_force of type bool.
[warning] Ignoring output /forceset/gasmed_r|statebounds_normalized_tendon_force of type Vec2.
[warning] Ignoring output /forceset/glmax1_r|implicitenabled_normalized_tendon_force of type bool.
[warning] Ignoring output /forceset/glmax1_r|statebounds_normalized_tendon_force of type Vec2.
[warning] Ignoring output /forceset/glmax2_r|implicitenabled_normalized_tendon_force of type bool.
[warning] Ignoring output /forceset/glmax2_r|statebounds_normalized_tendon_force of type Vec2.
[warning] Ignoring output /forceset/glmax3_r|implicitenabled_normalized_tendon_force of type bool.
[warning] Ignoring output /forceset/glmax3_r|statebounds_normalized_tendon_force of type Vec2.
[warning] Ignoring output /forceset/glmed1_r|implicitenabled_normalized_tendon_force of type bool.
[warning] Ignoring output /forceset/glmed1_r|statebounds_normalized_tendon_force of type Vec2.
[warning] Ignoring output /forceset/glmed2_r|implicitenabled_normalized_tendon_force of type bool.
[warning] Ignoring output /forceset/glmed2_r|statebounds_normalized_tendon_force of type Vec2.
[warning] Ignoring output /forceset/glmed3_r|implicitenabled_normalized_tendon_force of type bool.
[warning] Ignoring output /forceset/glmed3_r|statebounds_normalized_tendon_force of type Vec2.
[warning] Ignoring output /forceset/glmin1_r|implicitenabled_normalized_tendon_force of type bool.
[warning] Ignoring output /forceset/glmin1_r|statebounds_normalized_tendon_force of type Vec2.
[warning] Ignoring output /forceset/glmin2_r|implicitenabled_normalized_tendon_force of type bool.
[warning] Ignoring output /forceset/glmin2_r|statebounds_normalized_tendon_force of type Vec2.
[warning] Ignoring output /forceset/glmin3_r|implicitenabled_normalized_tendon_force of type bool.
[warning] Ignoring output /forceset/glmin3_r|statebounds_normalized_tendon_force of type Vec2.
[warning] Ignoring output /forceset/grac_r|implicitenabled_normalized_tendon_force of type bool.
[warning] Ignoring output /forceset/grac_r|statebounds_normalized_tendon_force of type Vec2.
[warning] Ignoring output /forceset/iliacus_r|implicitenabled_normalized_tendon_force of type bool.
[warning] Ignoring output /forceset/iliacus_r|statebounds_normalized_tendon_force of type Vec2.
[warning] Ignoring output /forceset/perbrev_r|implicitenabled_normalized_tendon_force of type bool.
[warning] Ignoring output /forceset/perbrev_r|statebounds_normalized_tendon_force of type Vec2.
[warning] Ignoring output /forceset/perlong_r|implicitenabled_normalized_tendon_force of type bool.
[warning] Ignoring output /forceset/perlong_r|statebounds_normalized_tendon_force of type Vec2.
[warning] Ignoring output /forceset/piri_r|implicitenabled_normalized_tendon_force of type bool.
[warning] Ignoring output /forceset/piri_r|statebounds_normalized_tendon_force of type Vec2.
[warning] Ignoring output /forceset/psoas_r|implicitenabled_normalized_tendon_force of type bool.
[warning] Ignoring output /forceset/psoas_r|statebounds_normalized_tendon_force of type Vec2.
[warning] Ignoring output /forceset/recfem_r|implicitenabled_normalized_tendon_force of type bool.
[warning] Ignoring output /forceset/recfem_r|statebounds_normalized_tendon_force of type Vec2.
[warning] Ignoring output /forceset/sart_r|implicitenabled_normalized_tendon_force of type bool.
[warning] Ignoring output /forceset/sart_r|statebounds_normalized_tendon_force of type Vec2.
[warning] Ignoring output /forceset/semimem_r|implicitenabled_normalized_tendon_force of type bool.
[warning] Ignoring output /forceset/semimem_r|statebounds_normalized_tendon_force of type Vec2.
[warning] Ignoring output /forceset/semiten_r|implicitenabled_normalized_tendon_force of type bool.
[warning] Ignoring output /forceset/semiten_r|statebounds_normalized_tendon_force of type Vec2.
[warning] Ignoring output /forceset/soleus_r|implicitenabled_normalized_tendon_force of type bool.
[warning] Ignoring output /forceset/soleus_r|statebounds_normalized_tendon_force of type Vec2.
[warning] Ignoring output /forceset/tfl_r|implicitenabled_normalized_tendon_force of type bool.
[warning] Ignoring output /forceset/tfl_r|statebounds_normalized_tendon_force of type Vec2.
[warning] Ignoring output /forceset/tibant_r|implicitenabled_normalized_tendon_force of type bool.
[warning] Ignoring output /forceset/tibant_r|statebounds_normalized_tendon_force of type Vec2.
[warning] Ignoring output /forceset/tibpost_r|implicitenabled_normalized_tendon_force of type bool.
[warning] Ignoring output /forceset/tibpost_r|statebounds_normalized_tendon_force of type Vec2.
[warning] Ignoring output /forceset/vasint_r|implicitenabled_normalized_tendon_force of type bool.
[warning] Ignoring output /forceset/vasint_r|statebounds_normalized_tendon_force of type Vec2.
[warning] Ignoring output /forceset/vaslat_r|implicitenabled_normalized_tendon_force of type bool.
[warning] Ignoring output /forceset/vaslat_r|statebounds_normalized_tendon_force of type Vec2.
[warning] Ignoring output /forceset/vasmed_r|implicitenabled_normalized_tendon_force of type bool.
[warning] Ignoring output /forceset/vasmed_r|statebounds_normalized_tendon_force of type Vec2.
[info] Storage: read data file = SRRun01_grf.mot (nr=16005 nc=19)
[info] ExternalForce::RightGRF Data source being set to SRRun01_grf
[info] ExternalForce::LeftGRF Data source being set to SRRun01_grf
[info] Storage: read data file = SRRun01_grf.mot (nr=16005 nc=19)
[info] ExternalForce::RightGRF Data source being set to SRRun01_grf
[info] ExternalForce::LeftGRF Data source being set to SRRun01_grf
[info] Storage: read data file = SRRun01_grf.mot (nr=16005 nc=19)
[info] ExternalForce::RightGRF Data source being set to SRRun01_grf
[info] ExternalForce::LeftGRF Data source being set to SRRun01_grf
[info] Storage: read data file = SRRun01_grf.mot (nr=16005 nc=19)
[info] ExternalForce::RightGRF Data source being set to SRRun01_grf
[info] ExternalForce::LeftGRF Data source being set to SRRun01_grf
[info] Storage: read data file = SRRun01_grf.mot (nr=16005 nc=19)
[info] ExternalForce::RightGRF Data source being set to SRRun01_grf
[info] ExternalForce::LeftGRF Data source being set to SRRun01_grf
[info] Loaded model HA21_complex from file ../../../../../data/Loone2025/HA21/scaling/HA21_complex.osim
[info] AbstractTool HA21_SRRun loading model HA21_SRRun_static_optimisation_complex.osim
[info] Loaded model HA21_complex from file HA21_SRRun_static_optimisation_complex.osim
[info] Storage: read data file = SRRun01_grf.mot (nr=16005 nc=19)
[info] ExternalForce::RightGRF Data source being set to SRRun01_grf
[info] ExternalForce::LeftGRF Data source being set to SRRun01_grf
[info] Loading states from file 'HA21_SRRun_states.sto'.
[info] Found 51 state vectors with time stamps ranging from 150.992 to 151.76.
[info] Executing the analyses from 150.992 to 151.76...
[info] Storage: read data file = SRRun01_grf.mot (nr=16005 nc=19)
[info] ExternalForce::RightGRF Data source being set to SRRun01_grf
[info] ExternalForce::LeftGRF Data source being set to SRRun01_grf
[info] Storage: read data file = SRRun01_grf.mot (nr=16005 nc=19)
[info] ExternalForce::RightGRF Data source being set to SRRun01_grf
[info] ExternalForce::LeftGRF Data source being set to SRRun01_grf
time = 150.992 Performance = 3124.9 Constraint violation = 1.25754e-10
[info] Bounds for 'addbrev_r': 0.01 to inf.
[info] Bounds for 'addlong_r': 0.01 to inf.
[info] Bounds for 'addmagDist_r': 0.01 to inf.
[info] Bounds for 'addmagIsch_r': 0.01 to inf.
[info] Bounds for 'addmagMid_r': 0.01 to inf.
[info] Bounds for 'addmagProx_r': 0.01 to inf.
[info] Bounds for 'bflh_r': 0.01 to inf.
[info] Bounds for 'bfsh_r': 0.01 to inf.
[info] Bounds for 'edl_r': 0.01 to inf.
[info] Bounds for 'ehl_r': 0.01 to inf.
[info] Bounds for 'fdl_r': 0.01 to inf.
[info] Bounds for 'fhl_r': 0.01 to inf.
[info] Bounds for 'gaslat_r': 0.01 to inf.
[info] Bounds for 'gasmed_r': 0.01 to inf.
[info] Bounds for 'glmax1_r': 0.01 to inf.
[info] Bounds for 'glmax2_r': 0.01 to inf.
[info] Bounds for 'glmax3_r': 0.01 to inf.
[info] Bounds for 'glmed1_r': 0.01 to inf.
[info] Bounds for 'glmed2_r': 0.01 to inf.
[info] Bounds for 'glmed3_r': 0.01 to inf.
[info] Bounds for 'glmin1_r': 0.01 to inf.
[info] Bounds for 'glmin2_r': 0.01 to inf.
[info] Bounds for 'glmin3_r': 0.01 to inf.
[info] Bounds for 'grac_r': 0.01 to inf.
[info] Bounds for 'iliacus_r': 0.01 to inf.
[info] Bounds for 'perbrev_r': 0.01 to inf.
[info] Bounds for 'perlong_r': 0.01 to inf.
[info] Bounds for 'piri_r': 0.01 to inf.
[info] Bounds for 'psoas_r': 0.01 to inf.
[info] Bounds for 'recfem_r': 0.01 to inf.
[info] Bounds for 'sart_r': 0.01 to inf.
[info] Bounds for 'semimem_r': 0.01 to inf.
[info] Bounds for 'semiten_r': 0.01 to inf.
[info] Bounds for 'soleus_r': 0.01 to inf.
[info] Bounds for 'tfl_r': 0.01 to inf.
[info] Bounds for 'tibant_r': 0.01 to inf.
[info] Bounds for 'tibpost_r': 0.01 to inf.
[info] Bounds for 'vasint_r': 0.01 to inf.
[info] Bounds for 'vaslat_r': 0.01 to inf.
[info] Bounds for 'vasmed_r': 0.01 to inf.
[info] Bounds for 'pelvis_tx_residual': -inf to inf.
[info] Bounds for 'pelvis_ty_residual': -inf to inf.
[info] Bounds for 'pelvis_tz_residual': -inf to inf.
[info] Bounds for 'pelvis_tilt_residual': -inf to inf.
[info] Bounds for 'pelvis_list_residual': -inf to inf.
[info] Bounds for 'pelvis_rotation_residual': -inf to inf.
[info] Bounds for 'hip_flexion_r_reserve': -inf to inf.
[info] Bounds for 'hip_adduction_r_reserve': -inf to inf.
[info] Bounds for 'hip_rotation_r_reserve': -inf to inf.
[info] Bounds for 'knee_angle_r_reserve': -inf to inf.
[info] Bounds for 'ankle_angle_r_reserve': -inf to inf.
[info] Bounds for 'subtalar_angle_r_reserve': -inf to inf.
[info] Bounds for 'hip_flexion_l_torque': -inf to inf.
[info] Bounds for 'hip_adduction_l_torque': -inf to inf.
[info] Bounds for 'hip_rotation_l_torque': -inf to inf.
[info] Bounds for 'knee_angle_l_torque': -inf to inf.
[info] Bounds for 'ankle_angle_l_torque': -inf to inf.
[info] Bounds for 'subtalar_angle_l_torque': -inf to inf.
time = 151.007 Performance = 61.9412 Constraint violation = 1.48513e-11
time = 151.023 Performance = 491.883 Constraint violation = 2.21913e-10
time = 151.038 Performance = 326.172 Constraint violation = 2.34134e-09
time = 151.053 Performance = 67.1355 Constraint violation = 1.07016e-10
time = 151.069 Performance = 17.2498 Constraint violation = 1.46823e-10
time = 151.084 Performance = 11.5249 Constraint violation = 4.11056e-12
time = 151.1 Performance = 5.66227 Constraint violation = 4.85236e-12
time = 151.115 Performance = 35.7746 Constraint violation = 1.83688e-12
time = 151.13 Performance = 185.001 Constraint violation = 9.36677e-11
time = 151.146 Performance = 149.689 Constraint violation = 7.46633e-11
time = 151.161 Performance = 483.92 Constraint violation = 4.45573e-10
time = 151.176 Performance = 2283.56 Constraint violation = 1.44204e-10
time = 151.192 Performance = 1527.69 Constraint violation = 7.60679e-09
time = 151.207 Performance = 2474.39 Constraint violation = 6.60589e-09
time = 151.222 Performance = 3733.22 Constraint violation = 3.70883e-10
time = 151.238 Performance = 1426.56 Constraint violation = 1.30696e-09
time = 151.253 Performance = 148.571 Constraint violation = 1.07069e-10
time = 151.268 Performance = 3065.4 Constraint violation = 5.19565e-09
time = 151.284 Performance = 287.766 Constraint violation = 3.57038e-10
time = 151.299 Performance = 432.021 Constraint violation = 5.29368e-09
time = 151.315 Performance = 137.257 Constraint violation = 7.19096e-11
time = 151.33 Performance = 37.8471 Constraint violation = 2.85051e-10
time = 151.345 Performance = 38.8062 Constraint violation = 1.97329e-10
time = 151.361 Performance = 24.6845 Constraint violation = 9.97608e-11
time = 151.376 Performance = 67.2431 Constraint violation = 2.17439e-10
time = 151.391 Performance = 28.3452 Constraint violation = 4.06241e-10
time = 151.407 Performance = 45.5917 Constraint violation = 1.47667e-10
time = 151.422 Performance = 44.9523 Constraint violation = 6.67136e-11
time = 151.437 Performance = 116.938 Constraint violation = 1.47088e-09
time = 151.453 Performance = 162.533 Constraint violation = 4.31971e-10
time = 151.468 Performance = 244.701 Constraint violation = 1.05592e-10
time = 151.484 Performance = 392.14 Constraint violation = 5.4348e-10
time = 151.499 Performance = 1257.4 Constraint violation = 7.78024e-10
time = 151.514 Performance = 6677.51 Constraint violation = 8.61636e-10
time = 151.53 Performance = 1502.82 Constraint violation = 1.30362e-09
time = 151.545 Performance = 3901.73 Constraint violation = 4.04637e-10
time = 151.56 Performance = 2127.53 Constraint violation = 2.17228e-09
time = 151.576 Performance = 1415.86 Constraint violation = 5.39269e-09
time = 151.591 Performance = 298.263 Constraint violation = 7.04365e-09
time = 151.606 Performance = 55.5946 Constraint violation = 2.82126e-10
time = 151.622 Performance = 126.95 Constraint violation = 1.01269e-09
time = 151.637 Performance = 645.202 Constraint violation = 3.06551e-09
time = 151.652 Performance = 64.588 Constraint violation = 2.12502e-10
time = 151.668 Performance = 221.556 Constraint violation = 1.03766e-11
time = 151.683 Performance = 128.727 Constraint violation = 5.81418e-12
time = 151.699 Performance = 146.058 Constraint violation = 1.72084e-09
time = 151.714 Performance = 88.0672 Constraint violation = 3.29322e-11
time = 151.729 Performance = 10.0238 Constraint violation = 2.29076e-12
time = 151.745 Performance = 20.8089 Constraint violation = 2.53694e-12
time = 151.76 Performance = 157.198 Constraint violation = 6.99175e-10
[info] Printing results of investigation HA21_SRRun to .
[info] Loaded model HA21_complex from file ../../../../../data/Loone2025/HA21/scaling/HA21_complex.osim
[info] Loaded model HA21_complex from file HA21_SRRun_inverse_dynamics_complex.osim

               MODEL: HA21_complex
         coordinates: 20
              forces: 0
           actuators: 0
             muscles: 0
            analyses: 0
              probes: 0
              bodies: 13
              joints: 13
         constraints: 2
             markers: 32
         controllers: 0
  contact geometries: 0
misc modelcomponents: 0
[info] Running tool HA21_SRRun...
[info] Storage: read data file = SRRun01_grf.mot (nr=16005 nc=19)
[info] ExternalForce::RightGRF Data source being set to SRRun01_grf
[info] ExternalForce::LeftGRF Data source being set to SRRun01_grf
[info] InverseDynamicsTool: 51 time frames in 2 second(s).
