[info] Loaded model HA23_complex from file ../../../../../data/Loone2025/HA23/scaling/HA23_complex.osim
[info] Storage: read data file = SRRun01_grf.mot (nr=10005 nc=19)
[info] ExternalForce::RightGRF Data source being set to SRRun01_grf
[info] ExternalForce::LeftGRF Data source being set to SRRun01_grf
[info] Storage: read data file = SRRun01_grf.mot (nr=10005 nc=19)
[info] ExternalForce::RightGRF Data source being set to SRRun01_grf
[info] ExternalForce::LeftGRF Data source being set to SRRun01_grf
[info] Loaded model HA23_complex from file HA23_SRRun_dynamic-optimisation_complex.osim
[info] Storage: read data file = SRRun01_grf.mot (nr=10005 nc=19)
[info] ExternalForce::RightGRF Data source being set to SRRun01_grf
[info] ExternalForce::LeftGRF Data source being set to SRRun01_grf
[info] Storage: read data file = SRRun01_grf.mot (nr=10005 nc=19)
[info] ExternalForce::RightGRF Data source being set to SRRun01_grf
[info] ExternalForce::LeftGRF Data source being set to SRRun01_grf
[info] Loaded model HA23_complex from file HA23_SRRun_dynamic-optimisation_complex.osim
[info] Storage: read data file = SRRun01_grf.mot (nr=10005 nc=19)
[info] ExternalForce::RightGRF Data source being set to SRRun01_grf
[info] ExternalForce::LeftGRF Data source being set to SRRun01_grf
[info] Storage: read data file = SRRun01_grf.mot (nr=10005 nc=19)
[info] ExternalForce::RightGRF Data source being set to SRRun01_grf
[info] ExternalForce::LeftGRF Data source being set to SRRun01_grf
[info] Storage: read data file = SRRun01_grf.mot (nr=10005 nc=19)
[info] ExternalForce::RightGRF Data source being set to SRRun01_grf
[info] ExternalForce::LeftGRF Data source being set to SRRun01_grf
[info] Storage: read data file = SRRun01_grf.mot (nr=10005 nc=19)
[info] ExternalForce::RightGRF Data source being set to SRRun01_grf
[info] ExternalForce::LeftGRF Data source being set to SRRun01_grf
[info] Storage: read data file = SRRun01_grf.mot (nr=10005 nc=19)
[info] ExternalForce::RightGRF Data source being set to SRRun01_grf
[info] ExternalForce::LeftGRF Data source being set to SRRun01_grf
[info] Storage: read data file = SRRun01_grf.mot (nr=10005 nc=19)
[info] ExternalForce::RightGRF Data source being set to SRRun01_grf
[info] ExternalForce::LeftGRF Data source being set to SRRun01_grf
[info] Storage: read data file = SRRun01_grf.mot (nr=10005 nc=19)
[info] ExternalForce::RightGRF Data source being set to SRRun01_grf
[info] ExternalForce::LeftGRF Data source being set to SRRun01_grf
[info] Storage: read data file = SRRun01_grf.mot (nr=10005 nc=19)
[info] ExternalForce::RightGRF Data source being set to SRRun01_grf
[info] ExternalForce::LeftGRF Data source being set to SRRun01_grf
[info] Storage: read data file = SRRun01_grf.mot (nr=10005 nc=19)
[info] ExternalForce::RightGRF Data source being set to SRRun01_grf
[info] ExternalForce::LeftGRF Data source being set to SRRun01_grf
[info] Storage: read data file = SRRun01_grf.mot (nr=10005 nc=19)
[info] ExternalForce::RightGRF Data source being set to SRRun01_grf
[info] ExternalForce::LeftGRF Data source being set to SRRun01_grf
[info] Storage: read data file = SRRun01_grf.mot (nr=10005 nc=19)
[info] ExternalForce::RightGRF Data source being set to SRRun01_grf
[info] ExternalForce::LeftGRF Data source being set to SRRun01_grf
[info] Storage: read data file = SRRun01_grf.mot (nr=10005 nc=19)
[info] ExternalForce::RightGRF Data source being set to SRRun01_grf
[info] ExternalForce::LeftGRF Data source being set to SRRun01_grf
[info] Storage: read data file = SRRun01_grf.mot (nr=10005 nc=19)
[info] ExternalForce::RightGRF Data source being set to SRRun01_grf
[info] ExternalForce::LeftGRF Data source being set to SRRun01_grf
[info] Storage: read data file = SRRun01_grf.mot (nr=10005 nc=19)
[info] ExternalForce::RightGRF Data source being set to SRRun01_grf
[info] ExternalForce::LeftGRF Data source being set to SRRun01_grf
[info] Storage: read data file = SRRun01_grf.mot (nr=10005 nc=19)
[info] ExternalForce::RightGRF Data source being set to SRRun01_grf
[info] ExternalForce::LeftGRF Data source being set to SRRun01_grf
[info] Storage: read data file = SRRun01_grf.mot (nr=10005 nc=19)
[info] ExternalForce::RightGRF Data source being set to SRRun01_grf
[info] ExternalForce::LeftGRF Data source being set to SRRun01_grf
[info] Storage: read data file = SRRun01_grf.mot (nr=10005 nc=19)
[info] ExternalForce::RightGRF Data source being set to SRRun01_grf
[info] ExternalForce::LeftGRF Data source being set to SRRun01_grf
[info] Storage: read data file = SRRun01_grf.mot (nr=10005 nc=19)
[info] ExternalForce::RightGRF Data source being set to SRRun01_grf
[info] ExternalForce::LeftGRF Data source being set to SRRun01_grf
[info] Storage: read data file = SRRun01_grf.mot (nr=10005 nc=19)
[info] ExternalForce::RightGRF Data source being set to SRRun01_grf
[info] ExternalForce::LeftGRF Data source being set to SRRun01_grf
[info] Storage: read data file = SRRun01_grf.mot (nr=10005 nc=19)
[info] ExternalForce::RightGRF Data source being set to SRRun01_grf
[info] ExternalForce::LeftGRF Data source being set to SRRun01_grf
[info] Storage: read data file = SRRun01_grf.mot (nr=10005 nc=19)
[info] ExternalForce::RightGRF Data source being set to SRRun01_grf
[info] ExternalForce::LeftGRF Data source being set to SRRun01_grf
[info] Storage: read data file = SRRun01_grf.mot (nr=10005 nc=19)
[info] ExternalForce::RightGRF Data source being set to SRRun01_grf
[info] ExternalForce::LeftGRF Data source being set to SRRun01_grf
[info] Storage: read data file = SRRun01_grf.mot (nr=10005 nc=19)
[info] ExternalForce::RightGRF Data source being set to SRRun01_grf
[info] ExternalForce::LeftGRF Data source being set to SRRun01_grf
[info] Storage: read data file = SRRun01_grf.mot (nr=10005 nc=19)
[info] ExternalForce::RightGRF Data source being set to SRRun01_grf
[info] ExternalForce::LeftGRF Data source being set to SRRun01_grf
[info] Storage: read data file = SRRun01_grf.mot (nr=10005 nc=19)
[info] ExternalForce::RightGRF Data source being set to SRRun01_grf
[info] ExternalForce::LeftGRF Data source being set to SRRun01_grf
[info] Storage: read data file = SRRun01_grf.mot (nr=10005 nc=19)
[info] ExternalForce::RightGRF Data source being set to SRRun01_grf
[info] ExternalForce::LeftGRF Data source being set to SRRun01_grf
[info] Storage: read data file = SRRun01_grf.mot (nr=10005 nc=19)
[info] ExternalForce::RightGRF Data source being set to SRRun01_grf
[info] ExternalForce::LeftGRF Data source being set to SRRun01_grf
[info] Storage: read data file = SRRun01_grf.mot (nr=10005 nc=19)
[info] ExternalForce::RightGRF Data source being set to SRRun01_grf
[info] ExternalForce::LeftGRF Data source being set to SRRun01_grf
[info] Storage: read data file = SRRun01_grf.mot (nr=10005 nc=19)
[info] ExternalForce::RightGRF Data source being set to SRRun01_grf
[info] ExternalForce::LeftGRF Data source being set to SRRun01_grf
[info] Storage: read data file = SRRun01_grf.mot (nr=10005 nc=19)
[info] ExternalForce::RightGRF Data source being set to SRRun01_grf
[info] ExternalForce::LeftGRF Data source being set to SRRun01_grf
[info] Storage: read data file = SRRun01_grf.mot (nr=10005 nc=19)
[info] ExternalForce::RightGRF Data source being set to SRRun01_grf
[info] ExternalForce::LeftGRF Data source being set to SRRun01_grf
[info] Storage: read data file = SRRun01_grf.mot (nr=10005 nc=19)
[info] ExternalForce::RightGRF Data source being set to SRRun01_grf
[info] ExternalForce::LeftGRF Data source being set to SRRun01_grf
[info] Storage: read data file = SRRun01_grf.mot (nr=10005 nc=19)
[info] ExternalForce::RightGRF Data source being set to SRRun01_grf
[info] ExternalForce::LeftGRF Data source being set to SRRun01_grf
[info] Storage: read data file = SRRun01_grf.mot (nr=10005 nc=19)
[info] ExternalForce::RightGRF Data source being set to SRRun01_grf
[info] ExternalForce::LeftGRF Data source being set to SRRun01_grf
[info] Storage: read data file = SRRun01_grf.mot (nr=10005 nc=19)
[info] ExternalForce::RightGRF Data source being set to SRRun01_grf
[info] ExternalForce::LeftGRF Data source being set to SRRun01_grf
[info] Storage: read data file = SRRun01_grf.mot (nr=10005 nc=19)
[info] ExternalForce::RightGRF Data source being set to SRRun01_grf
[info] ExternalForce::LeftGRF Data source being set to SRRun01_grf
[info] Storage: read data file = SRRun01_grf.mot (nr=10005 nc=19)
[info] ExternalForce::RightGRF Data source being set to SRRun01_grf
[info] ExternalForce::LeftGRF Data source being set to SRRun01_grf
[info] Storage: read data file = SRRun01_grf.mot (nr=10005 nc=19)
[info] ExternalForce::RightGRF Data source being set to SRRun01_grf
[info] ExternalForce::LeftGRF Data source being set to SRRun01_grf
[info] Storage: read data file = SRRun01_grf.mot (nr=10005 nc=19)
[info] ExternalForce::RightGRF Data source being set to SRRun01_grf
[info] ExternalForce::LeftGRF Data source being set to SRRun01_grf
[info] Storage: read data file = SRRun01_grf.mot (nr=10005 nc=19)
[info] ExternalForce::RightGRF Data source being set to SRRun01_grf
[info] ExternalForce::LeftGRF Data source being set to SRRun01_grf
[info] Storage: read data file = SRRun01_grf.mot (nr=10005 nc=19)
[info] ExternalForce::RightGRF Data source being set to SRRun01_grf
[info] ExternalForce::LeftGRF Data source being set to SRRun01_grf
[info] Storage: read data file = SRRun01_grf.mot (nr=10005 nc=19)
[info] ExternalForce::RightGRF Data source being set to SRRun01_grf
[info] ExternalForce::LeftGRF Data source being set to SRRun01_grf
[info] Storage: read data file = SRRun01_grf.mot (nr=10005 nc=19)
[info] ExternalForce::RightGRF Data source being set to SRRun01_grf
[info] ExternalForce::LeftGRF Data source being set to SRRun01_grf
[info] Storage: read data file = SRRun01_grf.mot (nr=10005 nc=19)
[info] ExternalForce::RightGRF Data source being set to SRRun01_grf
[info] ExternalForce::LeftGRF Data source being set to SRRun01_grf
[info] Storage: read data file = SRRun01_grf.mot (nr=10005 nc=19)
[info] ExternalForce::RightGRF Data source being set to SRRun01_grf
[info] ExternalForce::LeftGRF Data source being set to SRRun01_grf
[info] Storage: read data file = SRRun01_grf.mot (nr=10005 nc=19)
[info] ExternalForce::RightGRF Data source being set to SRRun01_grf
[info] ExternalForce::LeftGRF Data source being set to SRRun01_grf
[info] Storage: read data file = SRRun01_grf.mot (nr=10005 nc=19)
[info] ExternalForce::RightGRF Data source being set to SRRun01_grf
[info] ExternalForce::LeftGRF Data source being set to SRRun01_grf
[info] Storage: read data file = SRRun01_grf.mot (nr=10005 nc=19)
[info] ExternalForce::RightGRF Data source being set to SRRun01_grf
[info] ExternalForce::LeftGRF Data source being set to SRRun01_grf
[info] Storage: read data file = SRRun01_grf.mot (nr=10005 nc=19)
[info] ExternalForce::RightGRF Data source being set to SRRun01_grf
[info] ExternalForce::LeftGRF Data source being set to SRRun01_grf
[info] Storage: read data file = SRRun01_grf.mot (nr=10005 nc=19)
[info] ExternalForce::RightGRF Data source being set to SRRun01_grf
[info] ExternalForce::LeftGRF Data source being set to SRRun01_grf
[info] Storage: read data file = SRRun01_grf.mot (nr=10005 nc=19)
[info] ExternalForce::RightGRF Data source being set to SRRun01_grf
[info] ExternalForce::LeftGRF Data source being set to SRRun01_grf
[info] Storage: read data file = SRRun01_grf.mot (nr=10005 nc=19)
[info] ExternalForce::RightGRF Data source being set to SRRun01_grf
[info] ExternalForce::LeftGRF Data source being set to SRRun01_grf
[info] Storage: read data file = SRRun01_grf.mot (nr=10005 nc=19)
[info] ExternalForce::RightGRF Data source being set to SRRun01_grf
[info] ExternalForce::LeftGRF Data source being set to SRRun01_grf
[info] Storage: read data file = SRRun01_grf.mot (nr=10005 nc=19)
[info] ExternalForce::RightGRF Data source being set to SRRun01_grf
[info] ExternalForce::LeftGRF Data source being set to SRRun01_grf
[info] Storage: read data file = SRRun01_grf.mot (nr=10005 nc=19)
[info] ExternalForce::RightGRF Data source being set to SRRun01_grf
[info] ExternalForce::LeftGRF Data source being set to SRRun01_grf
[info] Storage: read data file = SRRun01_grf.mot (nr=10005 nc=19)
[info] ExternalForce::RightGRF Data source being set to SRRun01_grf
[info] ExternalForce::LeftGRF Data source being set to SRRun01_grf
[info] Storage: read data file = SRRun01_grf.mot (nr=10005 nc=19)
[info] ExternalForce::RightGRF Data source being set to SRRun01_grf
[info] ExternalForce::LeftGRF Data source being set to SRRun01_grf
[info] Storage: read data file = SRRun01_grf.mot (nr=10005 nc=19)
[info] ExternalForce::RightGRF Data source being set to SRRun01_grf
[info] ExternalForce::LeftGRF Data source being set to SRRun01_grf
[info] Storage: read data file = SRRun01_grf.mot (nr=10005 nc=19)
[info] ExternalForce::RightGRF Data source being set to SRRun01_grf
[info] ExternalForce::LeftGRF Data source being set to SRRun01_grf
[info] Storage: read data file = SRRun01_grf.mot (nr=10005 nc=19)
[info] ExternalForce::RightGRF Data source being set to SRRun01_grf
[info] ExternalForce::LeftGRF Data source being set to SRRun01_grf
[info] Storage: read data file = SRRun01_grf.mot (nr=10005 nc=19)
[info] ExternalForce::RightGRF Data source being set to SRRun01_grf
[info] ExternalForce::LeftGRF Data source being set to SRRun01_grf
[info] Storage: read data file = SRRun01_grf.mot (nr=10005 nc=19)
[info] ExternalForce::RightGRF Data source being set to SRRun01_grf
[info] ExternalForce::LeftGRF Data source being set to SRRun01_grf
[info] Storage: read data file = SRRun01_grf.mot (nr=10005 nc=19)
[info] ExternalForce::RightGRF Data source being set to SRRun01_grf
[info] ExternalForce::LeftGRF Data source being set to SRRun01_grf
[info] Storage: read data file = SRRun01_grf.mot (nr=10005 nc=19)
[info] ExternalForce::RightGRF Data source being set to SRRun01_grf
[info] ExternalForce::LeftGRF Data source being set to SRRun01_grf
[info] Storage: read data file = SRRun01_grf.mot (nr=10005 nc=19)
[info] ExternalForce::RightGRF Data source being set to SRRun01_grf
[info] ExternalForce::LeftGRF Data source being set to SRRun01_grf
[info] Storage: read data file = SRRun01_grf.mot (nr=10005 nc=19)
[info] ExternalForce::RightGRF Data source being set to SRRun01_grf
[info] ExternalForce::LeftGRF Data source being set to SRRun01_grf
[info] Storage: read data file = SRRun01_grf.mot (nr=10005 nc=19)
[info] ExternalForce::RightGRF Data source being set to SRRun01_grf
[info] ExternalForce::LeftGRF Data source being set to SRRun01_grf
[info] Storage: read data file = SRRun01_grf.mot (nr=10005 nc=19)
[info] ExternalForce::RightGRF Data source being set to SRRun01_grf
[info] ExternalForce::LeftGRF Data source being set to SRRun01_grf
[info] Storage: read data file = SRRun01_grf.mot (nr=10005 nc=19)
[info] ExternalForce::RightGRF Data source being set to SRRun01_grf
[info] ExternalForce::LeftGRF Data source being set to SRRun01_grf
[info] Storage: read data file = SRRun01_grf.mot (nr=10005 nc=19)
[info] ExternalForce::RightGRF Data source being set to SRRun01_grf
[info] ExternalForce::LeftGRF Data source being set to SRRun01_grf
[info] Storage: read data file = SRRun01_grf.mot (nr=10005 nc=19)
[info] ExternalForce::RightGRF Data source being set to SRRun01_grf
[info] ExternalForce::LeftGRF Data source being set to SRRun01_grf
[info] Storage: read data file = SRRun01_grf.mot (nr=10005 nc=19)
[info] ExternalForce::RightGRF Data source being set to SRRun01_grf
[info] ExternalForce::LeftGRF Data source being set to SRRun01_grf
[info] Storage: read data file = SRRun01_grf.mot (nr=10005 nc=19)
[info] ExternalForce::RightGRF Data source being set to SRRun01_grf
[info] ExternalForce::LeftGRF Data source being set to SRRun01_grf
[info] Storage: read data file = SRRun01_grf.mot (nr=10005 nc=19)
[info] ExternalForce::RightGRF Data source being set to SRRun01_grf
[info] ExternalForce::LeftGRF Data source being set to SRRun01_grf
[info] Storage: read data file = SRRun01_grf.mot (nr=10005 nc=19)
[info] ExternalForce::RightGRF Data source being set to SRRun01_grf
[info] ExternalForce::LeftGRF Data source being set to SRRun01_grf
[info] Storage: read data file = SRRun01_grf.mot (nr=10005 nc=19)
[info] ExternalForce::RightGRF Data source being set to SRRun01_grf
[info] ExternalForce::LeftGRF Data source being set to SRRun01_grf
[info] Storage: read data file = SRRun01_grf.mot (nr=10005 nc=19)
[info] ExternalForce::RightGRF Data source being set to SRRun01_grf
[info] ExternalForce::LeftGRF Data source being set to SRRun01_grf
[info] Storage: read data file = SRRun01_grf.mot (nr=10005 nc=19)
[info] ExternalForce::RightGRF Data source being set to SRRun01_grf
[info] ExternalForce::LeftGRF Data source being set to SRRun01_grf
[info] Storage: read data file = SRRun01_grf.mot (nr=10005 nc=19)
[info] ExternalForce::RightGRF Data source being set to SRRun01_grf
[info] ExternalForce::LeftGRF Data source being set to SRRun01_grf
[info] Storage: read data file = SRRun01_grf.mot (nr=10005 nc=19)
[info] ExternalForce::RightGRF Data source being set to SRRun01_grf
[info] ExternalForce::LeftGRF Data source being set to SRRun01_grf
[info] Storage: read data file = SRRun01_grf.mot (nr=10005 nc=19)
[info] ExternalForce::RightGRF Data source being set to SRRun01_grf
[info] ExternalForce::LeftGRF Data source being set to SRRun01_grf
[info] Storage: read data file = SRRun01_grf.mot (nr=10005 nc=19)
[info] ExternalForce::RightGRF Data source being set to SRRun01_grf
[info] ExternalForce::LeftGRF Data source being set to SRRun01_grf
[info] Storage: read data file = SRRun01_grf.mot (nr=10005 nc=19)
[info] ExternalForce::RightGRF Data source being set to SRRun01_grf
[info] ExternalForce::LeftGRF Data source being set to SRRun01_grf
[info] Storage: read data file = SRRun01_grf.mot (nr=10005 nc=19)
[info] ExternalForce::RightGRF Data source being set to SRRun01_grf
[info] ExternalForce::LeftGRF Data source being set to SRRun01_grf
[info] Storage: read data file = SRRun01_grf.mot (nr=10005 nc=19)
[info] ExternalForce::RightGRF Data source being set to SRRun01_grf
[info] ExternalForce::LeftGRF Data source being set to SRRun01_grf
[info] Storage: read data file = SRRun01_grf.mot (nr=10005 nc=19)
[info] ExternalForce::RightGRF Data source being set to SRRun01_grf
[info] ExternalForce::LeftGRF Data source being set to SRRun01_grf
[info] Storage: read data file = SRRun01_grf.mot (nr=10005 nc=19)
[info] ExternalForce::RightGRF Data source being set to SRRun01_grf
[info] ExternalForce::LeftGRF Data source being set to SRRun01_grf
[info] Storage: read data file = SRRun01_grf.mot (nr=10005 nc=19)
[info] ExternalForce::RightGRF Data source being set to SRRun01_grf
[info] ExternalForce::LeftGRF Data source being set to SRRun01_grf
[info] Storage: read data file = SRRun01_grf.mot (nr=10005 nc=19)
[info] ExternalForce::RightGRF Data source being set to SRRun01_grf
[info] ExternalForce::LeftGRF Data source being set to SRRun01_grf
[info] Storage: read data file = SRRun01_grf.mot (nr=10005 nc=19)
[info] ExternalForce::RightGRF Data source being set to SRRun01_grf
[info] ExternalForce::LeftGRF Data source being set to SRRun01_grf
[info] Storage: read data file = SRRun01_grf.mot (nr=10005 nc=19)
[info] ExternalForce::RightGRF Data source being set to SRRun01_grf
[info] ExternalForce::LeftGRF Data source being set to SRRun01_grf
[info] Storage: read data file = SRRun01_grf.mot (nr=10005 nc=19)
[info] ExternalForce::RightGRF Data source being set to SRRun01_grf
[info] ExternalForce::LeftGRF Data source being set to SRRun01_grf
[info] Storage: read data file = SRRun01_grf.mot (nr=10005 nc=19)
[info] ExternalForce::RightGRF Data source being set to SRRun01_grf
[info] ExternalForce::LeftGRF Data source being set to SRRun01_grf
[info] Storage: read data file = SRRun01_grf.mot (nr=10005 nc=19)
[info] ExternalForce::RightGRF Data source being set to SRRun01_grf
[info] ExternalForce::LeftGRF Data source being set to SRRun01_grf
[info] Storage: read data file = SRRun01_grf.mot (nr=10005 nc=19)
[info] ExternalForce::RightGRF Data source being set to SRRun01_grf
[info] ExternalForce::LeftGRF Data source being set to SRRun01_grf
[info] Storage: read data file = SRRun01_grf.mot (nr=10005 nc=19)
[info] ExternalForce::RightGRF Data source being set to SRRun01_grf
[info] ExternalForce::LeftGRF Data source being set to SRRun01_grf
[info] Storage: read data file = SRRun01_grf.mot (nr=10005 nc=19)
[info] ExternalForce::RightGRF Data source being set to SRRun01_grf
[info] ExternalForce::LeftGRF Data source being set to SRRun01_grf
[info] Storage: read data file = SRRun01_grf.mot (nr=10005 nc=19)
[info] ExternalForce::RightGRF Data source being set to SRRun01_grf
[info] ExternalForce::LeftGRF Data source being set to SRRun01_grf
[info] Storage: read data file = SRRun01_grf.mot (nr=10005 nc=19)
[info] ExternalForce::RightGRF Data source being set to SRRun01_grf
[info] ExternalForce::LeftGRF Data source being set to SRRun01_grf
[info] Storage: read data file = SRRun01_grf.mot (nr=10005 nc=19)
[info] ExternalForce::RightGRF Data source being set to SRRun01_grf
[info] ExternalForce::LeftGRF Data source being set to SRRun01_grf
[info] Storage: read data file = SRRun01_grf.mot (nr=10005 nc=19)
[info] ExternalForce::RightGRF Data source being set to SRRun01_grf
[info] ExternalForce::LeftGRF Data source being set to SRRun01_grf
[info] Storage: read data file = SRRun01_grf.mot (nr=10005 nc=19)
[info] ExternalForce::RightGRF Data source being set to SRRun01_grf
[info] ExternalForce::LeftGRF Data source being set to SRRun01_grf
[info] Storage: read data file = SRRun01_grf.mot (nr=10005 nc=19)
[info] ExternalForce::RightGRF Data source being set to SRRun01_grf
[info] ExternalForce::LeftGRF Data source being set to SRRun01_grf
[info] Storage: read data file = SRRun01_grf.mot (nr=10005 nc=19)
[info] ExternalForce::RightGRF Data source being set to SRRun01_grf
[info] ExternalForce::LeftGRF Data source being set to SRRun01_grf
[info] Storage: read data file = SRRun01_grf.mot (nr=10005 nc=19)
[info] ExternalForce::RightGRF Data source being set to SRRun01_grf
[info] ExternalForce::LeftGRF Data source being set to SRRun01_grf
[info] Storage: read data file = SRRun01_grf.mot (nr=10005 nc=19)
[info] ExternalForce::RightGRF Data source being set to SRRun01_grf
[info] ExternalForce::LeftGRF Data source being set to SRRun01_grf
[info] Storage: read data file = SRRun01_grf.mot (nr=10005 nc=19)
[info] ExternalForce::RightGRF Data source being set to SRRun01_grf
[info] ExternalForce::LeftGRF Data source being set to SRRun01_grf
[info] Storage: read data file = SRRun01_grf.mot (nr=10005 nc=19)
[info] ExternalForce::RightGRF Data source being set to SRRun01_grf
[info] ExternalForce::LeftGRF Data source being set to SRRun01_grf
[info] Storage: read data file = SRRun01_grf.mot (nr=10005 nc=19)
[info] ExternalForce::RightGRF Data source being set to SRRun01_grf
[info] ExternalForce::LeftGRF Data source being set to SRRun01_grf
[info] Storage: read data file = SRRun01_grf.mot (nr=10005 nc=19)
[info] ExternalForce::RightGRF Data source being set to SRRun01_grf
[info] ExternalForce::LeftGRF Data source being set to SRRun01_grf
[info] Storage: read data file = SRRun01_grf.mot (nr=10005 nc=19)
[info] ExternalForce::RightGRF Data source being set to SRRun01_grf
[info] ExternalForce::LeftGRF Data source being set to SRRun01_grf
[info] Storage: read data file = SRRun01_grf.mot (nr=10005 nc=19)
[info] ExternalForce::RightGRF Data source being set to SRRun01_grf
[info] ExternalForce::LeftGRF Data source being set to SRRun01_grf
[info] Storage: read data file = SRRun01_grf.mot (nr=10005 nc=19)
[info] ExternalForce::RightGRF Data source being set to SRRun01_grf
[info] ExternalForce::LeftGRF Data source being set to SRRun01_grf
[info] Storage: read data file = SRRun01_grf.mot (nr=10005 nc=19)
[info] ExternalForce::RightGRF Data source being set to SRRun01_grf
[info] ExternalForce::LeftGRF Data source being set to SRRun01_grf
[info] Storage: read data file = SRRun01_grf.mot (nr=10005 nc=19)
[info] ExternalForce::RightGRF Data source being set to SRRun01_grf
[info] ExternalForce::LeftGRF Data source being set to SRRun01_grf
[info] Storage: read data file = SRRun01_grf.mot (nr=10005 nc=19)
[info] ExternalForce::RightGRF Data source being set to SRRun01_grf
[info] ExternalForce::LeftGRF Data source being set to SRRun01_grf
[info] Storage: read data file = SRRun01_grf.mot (nr=10005 nc=19)
[info] ExternalForce::RightGRF Data source being set to SRRun01_grf
[info] ExternalForce::LeftGRF Data source being set to SRRun01_grf
[info] Storage: read data file = SRRun01_grf.mot (nr=10005 nc=19)
[info] ExternalForce::RightGRF Data source being set to SRRun01_grf
[info] ExternalForce::LeftGRF Data source being set to SRRun01_grf
[info] Storage: read data file = SRRun01_grf.mot (nr=10005 nc=19)
[info] ExternalForce::RightGRF Data source being set to SRRun01_grf
[info] ExternalForce::LeftGRF Data source being set to SRRun01_grf
[info] Storage: read data file = SRRun01_grf.mot (nr=10005 nc=19)
[info] ExternalForce::RightGRF Data source being set to SRRun01_grf
[info] ExternalForce::LeftGRF Data source being set to SRRun01_grf
[info] Storage: read data file = SRRun01_grf.mot (nr=10005 nc=19)
[info] ExternalForce::RightGRF Data source being set to SRRun01_grf
[info] ExternalForce::LeftGRF Data source being set to SRRun01_grf
[info] Storage: read data file = SRRun01_grf.mot (nr=10005 nc=19)
[info] ExternalForce::RightGRF Data source being set to SRRun01_grf
[info] ExternalForce::LeftGRF Data source being set to SRRun01_grf
[info] Storage: read data file = SRRun01_grf.mot (nr=10005 nc=19)
[info] ExternalForce::RightGRF Data source being set to SRRun01_grf
[info] ExternalForce::LeftGRF Data source being set to SRRun01_grf
[info] Storage: read data file = SRRun01_grf.mot (nr=10005 nc=19)
[info] ExternalForce::RightGRF Data source being set to SRRun01_grf
[info] ExternalForce::LeftGRF Data source being set to SRRun01_grf
[info] Storage: read data file = SRRun01_grf.mot (nr=10005 nc=19)
[info] ExternalForce::RightGRF Data source being set to SRRun01_grf
[info] ExternalForce::LeftGRF Data source being set to SRRun01_grf
[info] Storage: read data file = SRRun01_grf.mot (nr=10005 nc=19)
[info] ExternalForce::RightGRF Data source being set to SRRun01_grf
[info] ExternalForce::LeftGRF Data source being set to SRRun01_grf
[info] Storage: read data file = SRRun01_grf.mot (nr=10005 nc=19)
[info] ExternalForce::RightGRF Data source being set to SRRun01_grf
[info] ExternalForce::LeftGRF Data source being set to SRRun01_grf
[info] Storage: read data file = SRRun01_grf.mot (nr=10005 nc=19)
[info] ExternalForce::RightGRF Data source being set to SRRun01_grf
[info] ExternalForce::LeftGRF Data source being set to SRRun01_grf
[info] Storage: read data file = SRRun01_grf.mot (nr=10005 nc=19)
[info] ExternalForce::RightGRF Data source being set to SRRun01_grf
[info] ExternalForce::LeftGRF Data source being set to SRRun01_grf
[info] Storage: read data file = SRRun01_grf.mot (nr=10005 nc=19)
[info] ExternalForce::RightGRF Data source being set to SRRun01_grf
[info] ExternalForce::LeftGRF Data source being set to SRRun01_grf
[info] Storage: read data file = SRRun01_grf.mot (nr=10005 nc=19)
[info] ExternalForce::RightGRF Data source being set to SRRun01_grf
[info] ExternalForce::LeftGRF Data source being set to SRRun01_grf
[info] Storage: read data file = SRRun01_grf.mot (nr=10005 nc=19)
[info] ExternalForce::RightGRF Data source being set to SRRun01_grf
[info] ExternalForce::LeftGRF Data source being set to SRRun01_grf
[info] Storage: read data file = SRRun01_grf.mot (nr=10005 nc=19)
[info] ExternalForce::RightGRF Data source being set to SRRun01_grf
[info] ExternalForce::LeftGRF Data source being set to SRRun01_grf
[info] Storage: read data file = SRRun01_grf.mot (nr=10005 nc=19)
[info] ExternalForce::RightGRF Data source being set to SRRun01_grf
[info] ExternalForce::LeftGRF Data source being set to SRRun01_grf
[info] Storage: read data file = SRRun01_grf.mot (nr=10005 nc=19)
[info] ExternalForce::RightGRF Data source being set to SRRun01_grf
[info] ExternalForce::LeftGRF Data source being set to SRRun01_grf
[info] Storage: read data file = SRRun01_grf.mot (nr=10005 nc=19)
[info] ExternalForce::RightGRF Data source being set to SRRun01_grf
[info] ExternalForce::LeftGRF Data source being set to SRRun01_grf
[info] Storage: read data file = SRRun01_grf.mot (nr=10005 nc=19)
[info] ExternalForce::RightGRF Data source being set to SRRun01_grf
[info] ExternalForce::LeftGRF Data source being set to SRRun01_grf
[info] Storage: read data file = SRRun01_grf.mot (nr=10005 nc=19)
[info] ExternalForce::RightGRF Data source being set to SRRun01_grf
[info] ExternalForce::LeftGRF Data source being set to SRRun01_grf
[info] Storage: read data file = SRRun01_grf.mot (nr=10005 nc=19)
[info] ExternalForce::RightGRF Data source being set to SRRun01_grf
[info] ExternalForce::LeftGRF Data source being set to SRRun01_grf
[info] Storage: read data file = SRRun01_grf.mot (nr=10005 nc=19)
[info] ExternalForce::RightGRF Data source being set to SRRun01_grf
[info] ExternalForce::LeftGRF Data source being set to SRRun01_grf
[info] Storage: read data file = SRRun01_grf.mot (nr=10005 nc=19)
[info] ExternalForce::RightGRF Data source being set to SRRun01_grf
[info] ExternalForce::LeftGRF Data source being set to SRRun01_grf
[info] Storage: read data file = SRRun01_grf.mot (nr=10005 nc=19)
[info] ExternalForce::RightGRF Data source being set to SRRun01_grf
[info] ExternalForce::LeftGRF Data source being set to SRRun01_grf
[info] Storage: read data file = SRRun01_grf.mot (nr=10005 nc=19)
[info] ExternalForce::RightGRF Data source being set to SRRun01_grf
[info] ExternalForce::LeftGRF Data source being set to SRRun01_grf
[info] Storage: read data file = SRRun01_grf.mot (nr=10005 nc=19)
[info] ExternalForce::RightGRF Data source being set to SRRun01_grf
[info] ExternalForce::LeftGRF Data source being set to SRRun01_grf
[info] Storage: read data file = SRRun01_grf.mot (nr=10005 nc=19)
[info] ExternalForce::RightGRF Data source being set to SRRun01_grf
[info] ExternalForce::LeftGRF Data source being set to SRRun01_grf
[info] Storage: read data file = SRRun01_grf.mot (nr=10005 nc=19)
[info] ExternalForce::RightGRF Data source being set to SRRun01_grf
[info] ExternalForce::LeftGRF Data source being set to SRRun01_grf
[info] Storage: read data file = SRRun01_grf.mot (nr=10005 nc=19)
[info] ExternalForce::RightGRF Data source being set to SRRun01_grf
[info] ExternalForce::LeftGRF Data source being set to SRRun01_grf
[info] Storage: read data file = SRRun01_grf.mot (nr=10005 nc=19)
[info] ExternalForce::RightGRF Data source being set to SRRun01_grf
[info] ExternalForce::LeftGRF Data source being set to SRRun01_grf
[info] Storage: read data file = SRRun01_grf.mot (nr=10005 nc=19)
[info] ExternalForce::RightGRF Data source being set to SRRun01_grf
[info] ExternalForce::LeftGRF Data source being set to SRRun01_grf
[info] Storage: read data file = SRRun01_grf.mot (nr=10005 nc=19)
[info] ExternalForce::RightGRF Data source being set to SRRun01_grf
[info] ExternalForce::LeftGRF Data source being set to SRRun01_grf
[info] Storage: read data file = SRRun01_grf.mot (nr=10005 nc=19)
[info] ExternalForce::RightGRF Data source being set to SRRun01_grf
[info] ExternalForce::LeftGRF Data source being set to SRRun01_grf
[info] Storage: read data file = SRRun01_grf.mot (nr=10005 nc=19)
[info] ExternalForce::RightGRF Data source being set to SRRun01_grf
[info] ExternalForce::LeftGRF Data source being set to SRRun01_grf
[info] Storage: read data file = SRRun01_grf.mot (nr=10005 nc=19)
[info] ExternalForce::RightGRF Data source being set to SRRun01_grf
[info] ExternalForce::LeftGRF Data source being set to SRRun01_grf
[info] Storage: read data file = SRRun01_grf.mot (nr=10005 nc=19)
[info] ExternalForce::RightGRF Data source being set to SRRun01_grf
[info] ExternalForce::LeftGRF Data source being set to SRRun01_grf
[info] Storage: read data file = SRRun01_grf.mot (nr=10005 nc=19)
[info] ExternalForce::RightGRF Data source being set to SRRun01_grf
[info] ExternalForce::LeftGRF Data source being set to SRRun01_grf
[info] Storage: read data file = SRRun01_grf.mot (nr=10005 nc=19)
[info] ExternalForce::RightGRF Data source being set to SRRun01_grf
[info] ExternalForce::LeftGRF Data source being set to SRRun01_grf
[info] Storage: read data file = SRRun01_grf.mot (nr=10005 nc=19)
[info] ExternalForce::RightGRF Data source being set to SRRun01_grf
[info] ExternalForce::LeftGRF Data source being set to SRRun01_grf
[info] Storage: read data file = SRRun01_grf.mot (nr=10005 nc=19)
[info] ExternalForce::RightGRF Data source being set to SRRun01_grf
[info] ExternalForce::LeftGRF Data source being set to SRRun01_grf
[info] Storage: read data file = SRRun01_grf.mot (nr=10005 nc=19)
[info] ExternalForce::RightGRF Data source being set to SRRun01_grf
[info] ExternalForce::LeftGRF Data source being set to SRRun01_grf
[info] Storage: read data file = SRRun01_grf.mot (nr=10005 nc=19)
[info] ExternalForce::RightGRF Data source being set to SRRun01_grf
[info] ExternalForce::LeftGRF Data source being set to SRRun01_grf
[info] Storage: read data file = SRRun01_grf.mot (nr=10005 nc=19)
[info] ExternalForce::RightGRF Data source being set to SRRun01_grf
[info] ExternalForce::LeftGRF Data source being set to SRRun01_grf
[info] Storage: read data file = SRRun01_grf.mot (nr=10005 nc=19)
[info] ExternalForce::RightGRF Data source being set to SRRun01_grf
[info] ExternalForce::LeftGRF Data source being set to SRRun01_grf
[info] Storage: read data file = SRRun01_grf.mot (nr=10005 nc=19)
[info] ExternalForce::RightGRF Data source being set to SRRun01_grf
[info] ExternalForce::LeftGRF Data source being set to SRRun01_grf
[info] Storage: read data file = SRRun01_grf.mot (nr=10005 nc=19)
[info] ExternalForce::RightGRF Data source being set to SRRun01_grf
[info] ExternalForce::LeftGRF Data source being set to SRRun01_grf
[info] Storage: read data file = SRRun01_grf.mot (nr=10005 nc=19)
[info] ExternalForce::RightGRF Data source being set to SRRun01_grf
[info] ExternalForce::LeftGRF Data source being set to SRRun01_grf
[info] Storage: read data file = SRRun01_grf.mot (nr=10005 nc=19)
[info] ExternalForce::RightGRF Data source being set to SRRun01_grf
[info] ExternalForce::LeftGRF Data source being set to SRRun01_grf
[info] Storage: read data file = SRRun01_grf.mot (nr=10005 nc=19)
[info] ExternalForce::RightGRF Data source being set to SRRun01_grf
[info] ExternalForce::LeftGRF Data source being set to SRRun01_grf
[info] Storage: read data file = SRRun01_grf.mot (nr=10005 nc=19)
[info] ExternalForce::RightGRF Data source being set to SRRun01_grf
[info] ExternalForce::LeftGRF Data source being set to SRRun01_grf
[info] Storage: read data file = SRRun01_grf.mot (nr=10005 nc=19)
[info] ExternalForce::RightGRF Data source being set to SRRun01_grf
[info] ExternalForce::LeftGRF Data source being set to SRRun01_grf
[info] Storage: read data file = SRRun01_grf.mot (nr=10005 nc=19)
[info] ExternalForce::RightGRF Data source being set to SRRun01_grf
[info] ExternalForce::LeftGRF Data source being set to SRRun01_grf
[info] Storage: read data file = SRRun01_grf.mot (nr=10005 nc=19)
[info] ExternalForce::RightGRF Data source being set to SRRun01_grf
[info] ExternalForce::LeftGRF Data source being set to SRRun01_grf
[info] Storage: read data file = SRRun01_grf.mot (nr=10005 nc=19)
[info] ExternalForce::RightGRF Data source being set to SRRun01_grf
[info] ExternalForce::LeftGRF Data source being set to SRRun01_grf
[info] Storage: read data file = SRRun01_grf.mot (nr=10005 nc=19)
[info] ExternalForce::RightGRF Data source being set to SRRun01_grf
[info] ExternalForce::LeftGRF Data source being set to SRRun01_grf
[info] Storage: read data file = SRRun01_grf.mot (nr=10005 nc=19)
[info] ExternalForce::RightGRF Data source being set to SRRun01_grf
[info] ExternalForce::LeftGRF Data source being set to SRRun01_grf
[info] Storage: read data file = SRRun01_grf.mot (nr=10005 nc=19)
[info] ExternalForce::RightGRF Data source being set to SRRun01_grf
[info] ExternalForce::LeftGRF Data source being set to SRRun01_grf
[info] Storage: read data file = SRRun01_grf.mot (nr=10005 nc=19)
[info] ExternalForce::RightGRF Data source being set to SRRun01_grf
[info] ExternalForce::LeftGRF Data source being set to SRRun01_grf
[info] Storage: read data file = SRRun01_grf.mot (nr=10005 nc=19)
[info] ExternalForce::RightGRF Data source being set to SRRun01_grf
[info] ExternalForce::LeftGRF Data source being set to SRRun01_grf
[info] Storage: read data file = SRRun01_grf.mot (nr=10005 nc=19)
[info] ExternalForce::RightGRF Data source being set to SRRun01_grf
[info] ExternalForce::LeftGRF Data source being set to SRRun01_grf
[info] Storage: read data file = SRRun01_grf.mot (nr=10005 nc=19)
[info] ExternalForce::RightGRF Data source being set to SRRun01_grf
[info] ExternalForce::LeftGRF Data source being set to SRRun01_grf
[info] Storage: read data file = SRRun01_grf.mot (nr=10005 nc=19)
[info] ExternalForce::RightGRF Data source being set to SRRun01_grf
[info] ExternalForce::LeftGRF Data source being set to SRRun01_grf
[info] Storage: read data file = SRRun01_grf.mot (nr=10005 nc=19)
[info] ExternalForce::RightGRF Data source being set to SRRun01_grf
[info] ExternalForce::LeftGRF Data source being set to SRRun01_grf
[info] Storage: read data file = SRRun01_grf.mot (nr=10005 nc=19)
[info] ExternalForce::RightGRF Data source being set to SRRun01_grf
[info] ExternalForce::LeftGRF Data source being set to SRRun01_grf
[info] Storage: read data file = SRRun01_grf.mot (nr=10005 nc=19)
[info] ExternalForce::RightGRF Data source being set to SRRun01_grf
[info] ExternalForce::LeftGRF Data source being set to SRRun01_grf
[info] Storage: read data file = SRRun01_grf.mot (nr=10005 nc=19)
[info] ExternalForce::RightGRF Data source being set to SRRun01_grf
[info] ExternalForce::LeftGRF Data source being set to SRRun01_grf
[info] Storage: read data file = SRRun01_grf.mot (nr=10005 nc=19)
[info] ExternalForce::RightGRF Data source being set to SRRun01_grf
[info] ExternalForce::LeftGRF Data source being set to SRRun01_grf
[info] Storage: read data file = SRRun01_grf.mot (nr=10005 nc=19)
[info] ExternalForce::RightGRF Data source being set to SRRun01_grf
[info] ExternalForce::LeftGRF Data source being set to SRRun01_grf
[info] Storage: read data file = SRRun01_grf.mot (nr=10005 nc=19)
[info] ExternalForce::RightGRF Data source being set to SRRun01_grf
[info] ExternalForce::LeftGRF Data source being set to SRRun01_grf
[info] Storage: read data file = SRRun01_grf.mot (nr=10005 nc=19)
[info] ExternalForce::RightGRF Data source being set to SRRun01_grf
[info] ExternalForce::LeftGRF Data source being set to SRRun01_grf
[info] Storage: read data file = SRRun01_grf.mot (nr=10005 nc=19)
[info] ExternalForce::RightGRF Data source being set to SRRun01_grf
[info] ExternalForce::LeftGRF Data source being set to SRRun01_grf
[info] Storage: read data file = SRRun01_grf.mot (nr=10005 nc=19)
[info] ExternalForce::RightGRF Data source being set to SRRun01_grf
[info] ExternalForce::LeftGRF Data source being set to SRRun01_grf
[info] Storage: read data file = SRRun01_grf.mot (nr=10005 nc=19)
[info] ExternalForce::RightGRF Data source being set to SRRun01_grf
[info] ExternalForce::LeftGRF Data source being set to SRRun01_grf
[info] Storage: read data file = SRRun01_grf.mot (nr=10005 nc=19)
[info] ExternalForce::RightGRF Data source being set to SRRun01_grf
[info] ExternalForce::LeftGRF Data source being set to SRRun01_grf
[info] Storage: read data file = SRRun01_grf.mot (nr=10005 nc=19)
[info] ExternalForce::RightGRF Data source being set to SRRun01_grf
[info] ExternalForce::LeftGRF Data source being set to SRRun01_grf
[info] Storage: read data file = SRRun01_grf.mot (nr=10005 nc=19)
[info] ExternalForce::RightGRF Data source being set to SRRun01_grf
[info] ExternalForce::LeftGRF Data source being set to SRRun01_grf
[info] Storage: read data file = SRRun01_grf.mot (nr=10005 nc=19)
[info] ExternalForce::RightGRF Data source being set to SRRun01_grf
[info] ExternalForce::LeftGRF Data source being set to SRRun01_grf
[info] Storage: read data file = SRRun01_grf.mot (nr=10005 nc=19)
[info] ExternalForce::RightGRF Data source being set to SRRun01_grf
[info] ExternalForce::LeftGRF Data source being set to SRRun01_grf
[info] Storage: read data file = SRRun01_grf.mot (nr=10005 nc=19)
[info] ExternalForce::RightGRF Data source being set to SRRun01_grf
[info] ExternalForce::LeftGRF Data source being set to SRRun01_grf
[info] Storage: read data file = SRRun01_grf.mot (nr=10005 nc=19)
[info] ExternalForce::RightGRF Data source being set to SRRun01_grf
[info] ExternalForce::LeftGRF Data source being set to SRRun01_grf
[info] Storage: read data file = SRRun01_grf.mot (nr=10005 nc=19)
[info] ExternalForce::RightGRF Data source being set to SRRun01_grf
[info] ExternalForce::LeftGRF Data source being set to SRRun01_grf
[info] Storage: read data file = SRRun01_grf.mot (nr=10005 nc=19)
[info] ExternalForce::RightGRF Data source being set to SRRun01_grf
[info] ExternalForce::LeftGRF Data source being set to SRRun01_grf
[info] Storage: read data file = SRRun01_grf.mot (nr=10005 nc=19)
[info] ExternalForce::RightGRF Data source being set to SRRun01_grf
[info] ExternalForce::LeftGRF Data source being set to SRRun01_grf
[info] Storage: read data file = SRRun01_grf.mot (nr=10005 nc=19)
[info] ExternalForce::RightGRF Data source being set to SRRun01_grf
[info] ExternalForce::LeftGRF Data source being set to SRRun01_grf
[info] Storage: read data file = SRRun01_grf.mot (nr=10005 nc=19)
[info] ExternalForce::RightGRF Data source being set to SRRun01_grf
[info] ExternalForce::LeftGRF Data source being set to SRRun01_grf
[info] Storage: read data file = SRRun01_grf.mot (nr=10005 nc=19)
[info] ExternalForce::RightGRF Data source being set to SRRun01_grf
[info] ExternalForce::LeftGRF Data source being set to SRRun01_grf
[info] Storage: read data file = SRRun01_grf.mot (nr=10005 nc=19)
[info] ExternalForce::RightGRF Data source being set to SRRun01_grf
[info] ExternalForce::LeftGRF Data source being set to SRRun01_grf
[info] Storage: read data file = SRRun01_grf.mot (nr=10005 nc=19)
[info] ExternalForce::RightGRF Data source being set to SRRun01_grf
[info] ExternalForce::LeftGRF Data source being set to SRRun01_grf
[info] Storage: read data file = SRRun01_grf.mot (nr=10005 nc=19)
[info] ExternalForce::RightGRF Data source being set to SRRun01_grf
[info] ExternalForce::LeftGRF Data source being set to SRRun01_grf
[info] Storage: read data file = SRRun01_grf.mot (nr=10005 nc=19)
[info] ExternalForce::RightGRF Data source being set to SRRun01_grf
[info] ExternalForce::LeftGRF Data source being set to SRRun01_grf
[info] Storage: read data file = SRRun01_grf.mot (nr=10005 nc=19)
[info] ExternalForce::RightGRF Data source being set to SRRun01_grf
[info] ExternalForce::LeftGRF Data source being set to SRRun01_grf
[info] Storage: read data file = SRRun01_grf.mot (nr=10005 nc=19)
[info] ExternalForce::RightGRF Data source being set to SRRun01_grf
[info] ExternalForce::LeftGRF Data source being set to SRRun01_grf
[info] Storage: read data file = SRRun01_grf.mot (nr=10005 nc=19)
[info] ExternalForce::RightGRF Data source being set to SRRun01_grf
[info] ExternalForce::LeftGRF Data source being set to SRRun01_grf
[info] Storage: read data file = SRRun01_grf.mot (nr=10005 nc=19)
[info] ExternalForce::RightGRF Data source being set to SRRun01_grf
[info] ExternalForce::LeftGRF Data source being set to SRRun01_grf
[info] Storage: read data file = SRRun01_grf.mot (nr=10005 nc=19)
[info] ExternalForce::RightGRF Data source being set to SRRun01_grf
[info] ExternalForce::LeftGRF Data source being set to SRRun01_grf
[info] Storage: read data file = SRRun01_grf.mot (nr=10005 nc=19)
[info] ExternalForce::RightGRF Data source being set to SRRun01_grf
[info] ExternalForce::LeftGRF Data source being set to SRRun01_grf
[info] Storage: read data file = SRRun01_grf.mot (nr=10005 nc=19)
[info] ExternalForce::RightGRF Data source being set to SRRun01_grf
[info] ExternalForce::LeftGRF Data source being set to SRRun01_grf
[info] Storage: read data file = SRRun01_grf.mot (nr=10005 nc=19)
[info] ExternalForce::RightGRF Data source being set to SRRun01_grf
[info] ExternalForce::LeftGRF Data source being set to SRRun01_grf
[info] Storage: read data file = SRRun01_grf.mot (nr=10005 nc=19)
[info] ExternalForce::RightGRF Data source being set to SRRun01_grf
[info] ExternalForce::LeftGRF Data source being set to SRRun01_grf
[info] Storage: read data file = SRRun01_grf.mot (nr=10005 nc=19)
[info] ExternalForce::RightGRF Data source being set to SRRun01_grf
[info] ExternalForce::LeftGRF Data source being set to SRRun01_grf
[info] Storage: read data file = SRRun01_grf.mot (nr=10005 nc=19)
[info] ExternalForce::RightGRF Data source being set to SRRun01_grf
[info] ExternalForce::LeftGRF Data source being set to SRRun01_grf
[info] Storage: read data file = SRRun01_grf.mot (nr=10005 nc=19)
[info] ExternalForce::RightGRF Data source being set to SRRun01_grf
[info] ExternalForce::LeftGRF Data source being set to SRRun01_grf
[info] Storage: read data file = SRRun01_grf.mot (nr=10005 nc=19)
[info] ExternalForce::RightGRF Data source being set to SRRun01_grf
[info] ExternalForce::LeftGRF Data source being set to SRRun01_grf
[info] Storage: read data file = SRRun01_grf.mot (nr=10005 nc=19)
[info] ExternalForce::RightGRF Data source being set to SRRun01_grf
[info] ExternalForce::LeftGRF Data source being set to SRRun01_grf
[info] Storage: read data file = SRRun01_grf.mot (nr=10005 nc=19)
[info] ExternalForce::RightGRF Data source being set to SRRun01_grf
[info] ExternalForce::LeftGRF Data source being set to SRRun01_grf
[info] Storage: read data file = SRRun01_grf.mot (nr=10005 nc=19)
[info] ExternalForce::RightGRF Data source being set to SRRun01_grf
[info] ExternalForce::LeftGRF Data source being set to SRRun01_grf
[info] Storage: read data file = SRRun01_grf.mot (nr=10005 nc=19)
[info] ExternalForce::RightGRF Data source being set to SRRun01_grf
[info] ExternalForce::LeftGRF Data source being set to SRRun01_grf
[info] Storage: read data file = SRRun01_grf.mot (nr=10005 nc=19)
[info] ExternalForce::RightGRF Data source being set to SRRun01_grf
[info] ExternalForce::LeftGRF Data source being set to SRRun01_grf
[info] Storage: read data file = SRRun01_grf.mot (nr=10005 nc=19)
[info] ExternalForce::RightGRF Data source being set to SRRun01_grf
[info] ExternalForce::LeftGRF Data source being set to SRRun01_grf
[info] Storage: read data file = SRRun01_grf.mot (nr=10005 nc=19)
[info] ExternalForce::RightGRF Data source being set to SRRun01_grf
[info] ExternalForce::LeftGRF Data source being set to SRRun01_grf
[info] Storage: read data file = SRRun01_grf.mot (nr=10005 nc=19)
[info] ExternalForce::RightGRF Data source being set to SRRun01_grf
[info] ExternalForce::LeftGRF Data source being set to SRRun01_grf
[info] Storage: read data file = SRRun01_grf.mot (nr=10005 nc=19)
[info] ExternalForce::RightGRF Data source being set to SRRun01_grf
[info] ExternalForce::LeftGRF Data source being set to SRRun01_grf
[info] Storage: read data file = SRRun01_grf.mot (nr=10005 nc=19)
[info] ExternalForce::RightGRF Data source being set to SRRun01_grf
[info] ExternalForce::LeftGRF Data source being set to SRRun01_grf
[info] Storage: read data file = SRRun01_grf.mot (nr=10005 nc=19)
[info] ExternalForce::RightGRF Data source being set to SRRun01_grf
[info] ExternalForce::LeftGRF Data source being set to SRRun01_grf
[info] Storage: read data file = SRRun01_grf.mot (nr=10005 nc=19)
[info] ExternalForce::RightGRF Data source being set to SRRun01_grf
[info] ExternalForce::LeftGRF Data source being set to SRRun01_grf
[info] Storage: read data file = SRRun01_grf.mot (nr=10005 nc=19)
[info] ExternalForce::RightGRF Data source being set to SRRun01_grf
[info] ExternalForce::LeftGRF Data source being set to SRRun01_grf
[info] Storage: read data file = SRRun01_grf.mot (nr=10005 nc=19)
[info] ExternalForce::RightGRF Data source being set to SRRun01_grf
[info] ExternalForce::LeftGRF Data source being set to SRRun01_grf
[info] Storage: read data file = SRRun01_grf.mot (nr=10005 nc=19)
[info] ExternalForce::RightGRF Data source being set to SRRun01_grf
[info] ExternalForce::LeftGRF Data source being set to SRRun01_grf
[info] Storage: read data file = SRRun01_grf.mot (nr=10005 nc=19)
[info] ExternalForce::RightGRF Data source being set to SRRun01_grf
[info] ExternalForce::LeftGRF Data source being set to SRRun01_grf
[info] Storage: read data file = SRRun01_grf.mot (nr=10005 nc=19)
[info] ExternalForce::RightGRF Data source being set to SRRun01_grf
[info] ExternalForce::LeftGRF Data source being set to SRRun01_grf
[info] Storage: read data file = SRRun01_grf.mot (nr=10005 nc=19)
[info] ExternalForce::RightGRF Data source being set to SRRun01_grf
[info] ExternalForce::LeftGRF Data source being set to SRRun01_grf
[info] Storage: read data file = SRRun01_grf.mot (nr=10005 nc=19)
[info] ExternalForce::RightGRF Data source being set to SRRun01_grf
[info] ExternalForce::LeftGRF Data source being set to SRRun01_grf
[info] Storage: read data file = SRRun01_grf.mot (nr=10005 nc=19)
[info] ExternalForce::RightGRF Data source being set to SRRun01_grf
[info] ExternalForce::LeftGRF Data source being set to SRRun01_grf
[info] Storage: read data file = SRRun01_grf.mot (nr=10005 nc=19)
[info] ExternalForce::RightGRF Data source being set to SRRun01_grf
[info] ExternalForce::LeftGRF Data source being set to SRRun01_grf
[info] Storage: read data file = SRRun01_grf.mot (nr=10005 nc=19)
[info] ExternalForce::RightGRF Data source being set to SRRun01_grf
[info] ExternalForce::LeftGRF Data source being set to SRRun01_grf
[info] Storage: read data file = SRRun01_grf.mot (nr=10005 nc=19)
[info] ExternalForce::RightGRF Data source being set to SRRun01_grf
[info] ExternalForce::LeftGRF Data source being set to SRRun01_grf
[info] Storage: read data file = SRRun01_grf.mot (nr=10005 nc=19)
[info] ExternalForce::RightGRF Data source being set to SRRun01_grf
[info] ExternalForce::LeftGRF Data source being set to SRRun01_grf
[info] Storage: read data file = SRRun01_grf.mot (nr=10005 nc=19)
[info] ExternalForce::RightGRF Data source being set to SRRun01_grf
[info] ExternalForce::LeftGRF Data source being set to SRRun01_grf
[info] Storage: read data file = SRRun01_grf.mot (nr=10005 nc=19)
[info] ExternalForce::RightGRF Data source being set to SRRun01_grf
[info] ExternalForce::LeftGRF Data source being set to SRRun01_grf
[info] Storage: read data file = SRRun01_grf.mot (nr=10005 nc=19)
[info] ExternalForce::RightGRF Data source being set to SRRun01_grf
[info] ExternalForce::LeftGRF Data source being set to SRRun01_grf
[info] Storage: read data file = SRRun01_grf.mot (nr=10005 nc=19)
[info] ExternalForce::RightGRF Data source being set to SRRun01_grf
[info] ExternalForce::LeftGRF Data source being set to SRRun01_grf
[info] Storage: read data file = SRRun01_grf.mot (nr=10005 nc=19)
[info] ExternalForce::RightGRF Data source being set to SRRun01_grf
[info] ExternalForce::LeftGRF Data source being set to SRRun01_grf
[info] Storage: read data file = SRRun01_grf.mot (nr=10005 nc=19)
[info] ExternalForce::RightGRF Data source being set to SRRun01_grf
[info] ExternalForce::LeftGRF Data source being set to SRRun01_grf
[info] Storage: read data file = SRRun01_grf.mot (nr=10005 nc=19)
[info] ExternalForce::RightGRF Data source being set to SRRun01_grf
[info] ExternalForce::LeftGRF Data source being set to SRRun01_grf
[info] Storage: read data file = SRRun01_grf.mot (nr=10005 nc=19)
[info] ExternalForce::RightGRF Data source being set to SRRun01_grf
[info] ExternalForce::LeftGRF Data source being set to SRRun01_grf
[info] Storage: read data file = SRRun01_grf.mot (nr=10005 nc=19)
[info] ExternalForce::RightGRF Data source being set to SRRun01_grf
[info] ExternalForce::LeftGRF Data source being set to SRRun01_grf
[info] Storage: read data file = SRRun01_grf.mot (nr=10005 nc=19)
[info] ExternalForce::RightGRF Data source being set to SRRun01_grf
[info] ExternalForce::LeftGRF Data source being set to SRRun01_grf
[info] Storage: read data file = SRRun01_grf.mot (nr=10005 nc=19)
[info] ExternalForce::RightGRF Data source being set to SRRun01_grf
[info] ExternalForce::LeftGRF Data source being set to SRRun01_grf
[info] Storage: read data file = SRRun01_grf.mot (nr=10005 nc=19)
[info] ExternalForce::RightGRF Data source being set to SRRun01_grf
[info] ExternalForce::LeftGRF Data source being set to SRRun01_grf
[info] Storage: read data file = SRRun01_grf.mot (nr=10005 nc=19)
[info] ExternalForce::RightGRF Data source being set to SRRun01_grf
[info] ExternalForce::LeftGRF Data source being set to SRRun01_grf
[info] Storage: read data file = SRRun01_grf.mot (nr=10005 nc=19)
[info] ExternalForce::RightGRF Data source being set to SRRun01_grf
[info] ExternalForce::LeftGRF Data source being set to SRRun01_grf
[info] Storage: read data file = SRRun01_grf.mot (nr=10005 nc=19)
[info] ExternalForce::RightGRF Data source being set to SRRun01_grf
[info] ExternalForce::LeftGRF Data source being set to SRRun01_grf
[info] Storage: read data file = SRRun01_grf.mot (nr=10005 nc=19)
[info] ExternalForce::RightGRF Data source being set to SRRun01_grf
[info] ExternalForce::LeftGRF Data source being set to SRRun01_grf
[info] Storage: read data file = SRRun01_grf.mot (nr=10005 nc=19)
[info] ExternalForce::RightGRF Data source being set to SRRun01_grf
[info] ExternalForce::LeftGRF Data source being set to SRRun01_grf
[info] Storage: read data file = SRRun01_grf.mot (nr=10005 nc=19)
[info] ExternalForce::RightGRF Data source being set to SRRun01_grf
[info] ExternalForce::LeftGRF Data source being set to SRRun01_grf
[info] Storage: read data file = SRRun01_grf.mot (nr=10005 nc=19)
[info] ExternalForce::RightGRF Data source being set to SRRun01_grf
[info] ExternalForce::LeftGRF Data source being set to SRRun01_grf
[info] Storage: read data file = SRRun01_grf.mot (nr=10005 nc=19)
[info] ExternalForce::RightGRF Data source being set to SRRun01_grf
[info] ExternalForce::LeftGRF Data source being set to SRRun01_grf
[info] Storage: read data file = SRRun01_grf.mot (nr=10005 nc=19)
[info] ExternalForce::RightGRF Data source being set to SRRun01_grf
[info] ExternalForce::LeftGRF Data source being set to SRRun01_grf
[info] Storage: read data file = SRRun01_grf.mot (nr=10005 nc=19)
[info] ExternalForce::RightGRF Data source being set to SRRun01_grf
[info] ExternalForce::LeftGRF Data source being set to SRRun01_grf
[info] Storage: read data file = SRRun01_grf.mot (nr=10005 nc=19)
[info] ExternalForce::RightGRF Data source being set to SRRun01_grf
[info] ExternalForce::LeftGRF Data source being set to SRRun01_grf
[info] Storage: read data file = SRRun01_grf.mot (nr=10005 nc=19)
[info] ExternalForce::RightGRF Data source being set to SRRun01_grf
[info] ExternalForce::LeftGRF Data source being set to SRRun01_grf
[info] Storage: read data file = SRRun01_grf.mot (nr=10005 nc=19)
[info] ExternalForce::RightGRF Data source being set to SRRun01_grf
[info] ExternalForce::LeftGRF Data source being set to SRRun01_grf
[info] Storage: read data file = SRRun01_grf.mot (nr=10005 nc=19)
[info] ExternalForce::RightGRF Data source being set to SRRun01_grf
[info] ExternalForce::LeftGRF Data source being set to SRRun01_grf
[info] Storage: read data file = SRRun01_grf.mot (nr=10005 nc=19)
[info] ExternalForce::RightGRF Data source being set to SRRun01_grf
[info] ExternalForce::LeftGRF Data source being set to SRRun01_grf
[info] Storage: read data file = SRRun01_grf.mot (nr=10005 nc=19)
[info] ExternalForce::RightGRF Data source being set to SRRun01_grf
[info] ExternalForce::LeftGRF Data source being set to SRRun01_grf
[info] Storage: read data file = SRRun01_grf.mot (nr=10005 nc=19)
[info] ExternalForce::RightGRF Data source being set to SRRun01_grf
[info] ExternalForce::LeftGRF Data source being set to SRRun01_grf
[info] Storage: read data file = SRRun01_grf.mot (nr=10005 nc=19)
[info] ExternalForce::RightGRF Data source being set to SRRun01_grf
[info] ExternalForce::LeftGRF Data source being set to SRRun01_grf
[info] Storage: read data file = SRRun01_grf.mot (nr=10005 nc=19)
[info] ExternalForce::RightGRF Data source being set to SRRun01_grf
[info] ExternalForce::LeftGRF Data source being set to SRRun01_grf
[info] Storage: read data file = SRRun01_grf.mot (nr=10005 nc=19)
[info] ExternalForce::RightGRF Data source being set to SRRun01_grf
[info] ExternalForce::LeftGRF Data source being set to SRRun01_grf
[info] Storage: read data file = SRRun01_grf.mot (nr=10005 nc=19)
[info] ExternalForce::RightGRF Data source being set to SRRun01_grf
[info] ExternalForce::LeftGRF Data source being set to SRRun01_grf
[info] Storage: read data file = SRRun01_grf.mot (nr=10005 nc=19)
[info] ExternalForce::RightGRF Data source being set to SRRun01_grf
[info] ExternalForce::LeftGRF Data source being set to SRRun01_grf
[info] Storage: read data file = SRRun01_grf.mot (nr=10005 nc=19)
[info] ExternalForce::RightGRF Data source being set to SRRun01_grf
[info] ExternalForce::LeftGRF Data source being set to SRRun01_grf
[info] Storage: read data file = SRRun01_grf.mot (nr=10005 nc=19)
[info] ExternalForce::RightGRF Data source being set to SRRun01_grf
[info] ExternalForce::LeftGRF Data source being set to SRRun01_grf
[info] Storage: read data file = SRRun01_grf.mot (nr=10005 nc=19)
[info] ExternalForce::RightGRF Data source being set to SRRun01_grf
[info] ExternalForce::LeftGRF Data source being set to SRRun01_grf
[info] Storage: read data file = SRRun01_grf.mot (nr=10005 nc=19)
[info] ExternalForce::RightGRF Data source being set to SRRun01_grf
[info] ExternalForce::LeftGRF Data source being set to SRRun01_grf
[info] Storage: read data file = SRRun01_grf.mot (nr=10005 nc=19)
[info] ExternalForce::RightGRF Data source being set to SRRun01_grf
[info] ExternalForce::LeftGRF Data source being set to SRRun01_grf
[info] Storage: read data file = SRRun01_grf.mot (nr=10005 nc=19)
[info] ExternalForce::RightGRF Data source being set to SRRun01_grf
[info] ExternalForce::LeftGRF Data source being set to SRRun01_grf
[info] Storage: read data file = SRRun01_grf.mot (nr=10005 nc=19)
[info] ExternalForce::RightGRF Data source being set to SRRun01_grf
[info] ExternalForce::LeftGRF Data source being set to SRRun01_grf
[info] Storage: read data file = SRRun01_grf.mot (nr=10005 nc=19)
[info] ExternalForce::RightGRF Data source being set to SRRun01_grf
[info] ExternalForce::LeftGRF Data source being set to SRRun01_grf
[info] Storage: read data file = SRRun01_grf.mot (nr=10005 nc=19)
[info] ExternalForce::RightGRF Data source being set to SRRun01_grf
[info] ExternalForce::LeftGRF Data source being set to SRRun01_grf
[info] Storage: read data file = SRRun01_grf.mot (nr=10005 nc=19)
[info] ExternalForce::RightGRF Data source being set to SRRun01_grf
[info] ExternalForce::LeftGRF Data source being set to SRRun01_grf
[info] Storage: read data file = SRRun01_grf.mot (nr=10005 nc=19)
[info] ExternalForce::RightGRF Data source being set to SRRun01_grf
[info] ExternalForce::LeftGRF Data source being set to SRRun01_grf
[info] Storage: read data file = SRRun01_grf.mot (nr=10005 nc=19)
[info] ExternalForce::RightGRF Data source being set to SRRun01_grf
[info] ExternalForce::LeftGRF Data source being set to SRRun01_grf
[info] Storage: read data file = SRRun01_grf.mot (nr=10005 nc=19)
[info] ExternalForce::RightGRF Data source being set to SRRun01_grf
[info] ExternalForce::LeftGRF Data source being set to SRRun01_grf
[info] Storage: read data file = SRRun01_grf.mot (nr=10005 nc=19)
[info] ExternalForce::RightGRF Data source being set to SRRun01_grf
[info] ExternalForce::LeftGRF Data source being set to SRRun01_grf
[info] Storage: read data file = SRRun01_grf.mot (nr=10005 nc=19)
[info] ExternalForce::RightGRF Data source being set to SRRun01_grf
[info] ExternalForce::LeftGRF Data source being set to SRRun01_grf
[info] Storage: read data file = SRRun01_grf.mot (nr=10005 nc=19)
[info] ExternalForce::RightGRF Data source being set to SRRun01_grf
[info] ExternalForce::LeftGRF Data source being set to SRRun01_grf
[info] Storage: read data file = SRRun01_grf.mot (nr=10005 nc=19)
[info] ExternalForce::RightGRF Data source being set to SRRun01_grf
[info] ExternalForce::LeftGRF Data source being set to SRRun01_grf
[info] Storage: read data file = SRRun01_grf.mot (nr=10005 nc=19)
[info] ExternalForce::RightGRF Data source being set to SRRun01_grf
[info] ExternalForce::LeftGRF Data source being set to SRRun01_grf
[info] Storage: read data file = SRRun01_grf.mot (nr=10005 nc=19)
[info] ExternalForce::RightGRF Data source being set to SRRun01_grf
[info] ExternalForce::LeftGRF Data source being set to SRRun01_grf
[info] Storage: read data file = SRRun01_grf.mot (nr=10005 nc=19)
[info] ExternalForce::RightGRF Data source being set to SRRun01_grf
[info] ExternalForce::LeftGRF Data source being set to SRRun01_grf
[info] Storage: read data file = SRRun01_grf.mot (nr=10005 nc=19)
[info] ExternalForce::RightGRF Data source being set to SRRun01_grf
[info] ExternalForce::LeftGRF Data source being set to SRRun01_grf
[info] Storage: read data file = SRRun01_grf.mot (nr=10005 nc=19)
[info] ExternalForce::RightGRF Data source being set to SRRun01_grf
[info] ExternalForce::LeftGRF Data source being set to SRRun01_grf
[info] Storage: read data file = SRRun01_grf.mot (nr=10005 nc=19)
[info] ExternalForce::RightGRF Data source being set to SRRun01_grf
[info] ExternalForce::LeftGRF Data source being set to SRRun01_grf
[info] Storage: read data file = SRRun01_grf.mot (nr=10005 nc=19)
[info] ExternalForce::RightGRF Data source being set to SRRun01_grf
[info] ExternalForce::LeftGRF Data source being set to SRRun01_grf
[info] Storage: read data file = SRRun01_grf.mot (nr=10005 nc=19)
[info] ExternalForce::RightGRF Data source being set to SRRun01_grf
[info] ExternalForce::LeftGRF Data source being set to SRRun01_grf
[info] Storage: read data file = SRRun01_grf.mot (nr=10005 nc=19)
[info] ExternalForce::RightGRF Data source being set to SRRun01_grf
[info] ExternalForce::LeftGRF Data source being set to SRRun01_grf
[info] Storage: read data file = SRRun01_grf.mot (nr=10005 nc=19)
[info] ExternalForce::RightGRF Data source being set to SRRun01_grf
[info] ExternalForce::LeftGRF Data source being set to SRRun01_grf
[info] Storage: read data file = SRRun01_grf.mot (nr=10005 nc=19)
[info] ExternalForce::RightGRF Data source being set to SRRun01_grf
[info] ExternalForce::LeftGRF Data source being set to SRRun01_grf
[info] Storage: read data file = SRRun01_grf.mot (nr=10005 nc=19)
[info] ExternalForce::RightGRF Data source being set to SRRun01_grf
[info] ExternalForce::LeftGRF Data source being set to SRRun01_grf
[info] Storage: read data file = SRRun01_grf.mot (nr=10005 nc=19)
[info] ExternalForce::RightGRF Data source being set to SRRun01_grf
[info] ExternalForce::LeftGRF Data source being set to SRRun01_grf
[info] Storage: read data file = SRRun01_grf.mot (nr=10005 nc=19)
[info] ExternalForce::RightGRF Data source being set to SRRun01_grf
[info] ExternalForce::LeftGRF Data source being set to SRRun01_grf
[info] Storage: read data file = SRRun01_grf.mot (nr=10005 nc=19)
[info] ExternalForce::RightGRF Data source being set to SRRun01_grf
[info] ExternalForce::LeftGRF Data source being set to SRRun01_grf
[info] Storage: read data file = SRRun01_grf.mot (nr=10005 nc=19)
[info] ExternalForce::RightGRF Data source being set to SRRun01_grf
[info] ExternalForce::LeftGRF Data source being set to SRRun01_grf
[info] Storage: read data file = SRRun01_grf.mot (nr=10005 nc=19)
[info] ExternalForce::RightGRF Data source being set to SRRun01_grf
[info] ExternalForce::LeftGRF Data source being set to SRRun01_grf
[info] Storage: read data file = SRRun01_grf.mot (nr=10005 nc=19)
[info] ExternalForce::RightGRF Data source being set to SRRun01_grf
[info] ExternalForce::LeftGRF Data source being set to SRRun01_grf
[info] Storage: read data file = SRRun01_grf.mot (nr=10005 nc=19)
[info] ExternalForce::RightGRF Data source being set to SRRun01_grf
[info] ExternalForce::LeftGRF Data source being set to SRRun01_grf
[info] Storage: read data file = SRRun01_grf.mot (nr=10005 nc=19)
[info] ExternalForce::RightGRF Data source being set to SRRun01_grf
[info] ExternalForce::LeftGRF Data source being set to SRRun01_grf
[info] Storage: read data file = SRRun01_grf.mot (nr=10005 nc=19)
[info] ExternalForce::RightGRF Data source being set to SRRun01_grf
[info] ExternalForce::LeftGRF Data source being set to SRRun01_grf
[info] Storage: read data file = SRRun01_grf.mot (nr=10005 nc=19)
[info] ExternalForce::RightGRF Data source being set to SRRun01_grf
[info] ExternalForce::LeftGRF Data source being set to SRRun01_grf
[info] Storage: read data file = SRRun01_grf.mot (nr=10005 nc=19)
[info] ExternalForce::RightGRF Data source being set to SRRun01_grf
[info] ExternalForce::LeftGRF Data source being set to SRRun01_grf
[info] Storage: read data file = SRRun01_grf.mot (nr=10005 nc=19)
[info] ExternalForce::RightGRF Data source being set to SRRun01_grf
[info] ExternalForce::LeftGRF Data source being set to SRRun01_grf
[info] Storage: read data file = SRRun01_grf.mot (nr=10005 nc=19)
[info] ExternalForce::RightGRF Data source being set to SRRun01_grf
[info] ExternalForce::LeftGRF Data source being set to SRRun01_grf
[info] Storage: read data file = SRRun01_grf.mot (nr=10005 nc=19)
[info] ExternalForce::RightGRF Data source being set to SRRun01_grf
[info] ExternalForce::LeftGRF Data source being set to SRRun01_grf
[info] Storage: read data file = SRRun01_grf.mot (nr=10005 nc=19)
[info] ExternalForce::RightGRF Data source being set to SRRun01_grf
[info] ExternalForce::LeftGRF Data source being set to SRRun01_grf
[info] Storage: read data file = SRRun01_grf.mot (nr=10005 nc=19)
[info] ExternalForce::RightGRF Data source being set to SRRun01_grf
[info] ExternalForce::LeftGRF Data source being set to SRRun01_grf
[info] Storage: read data file = SRRun01_grf.mot (nr=10005 nc=19)
[info] ExternalForce::RightGRF Data source being set to SRRun01_grf
[info] ExternalForce::LeftGRF Data source being set to SRRun01_grf
[info] Storage: read data file = SRRun01_grf.mot (nr=10005 nc=19)
[info] ExternalForce::RightGRF Data source being set to SRRun01_grf
[info] ExternalForce::LeftGRF Data source being set to SRRun01_grf
[info] Storage: read data file = SRRun01_grf.mot (nr=10005 nc=19)
[info] ExternalForce::RightGRF Data source being set to SRRun01_grf
[info] ExternalForce::LeftGRF Data source being set to SRRun01_grf
[info] Storage: read data file = SRRun01_grf.mot (nr=10005 nc=19)
[info] ExternalForce::RightGRF Data source being set to SRRun01_grf
[info] ExternalForce::LeftGRF Data source being set to SRRun01_grf
[info] Storage: read data file = SRRun01_grf.mot (nr=10005 nc=19)
[info] ExternalForce::RightGRF Data source being set to SRRun01_grf
[info] ExternalForce::LeftGRF Data source being set to SRRun01_grf
[info] Storage: read data file = SRRun01_grf.mot (nr=10005 nc=19)
[info] ExternalForce::RightGRF Data source being set to SRRun01_grf
[info] ExternalForce::LeftGRF Data source being set to SRRun01_grf
[info] Storage: read data file = SRRun01_grf.mot (nr=10005 nc=19)
[info] ExternalForce::RightGRF Data source being set to SRRun01_grf
[info] ExternalForce::LeftGRF Data source being set to SRRun01_grf
[info] Storage: read data file = SRRun01_grf.mot (nr=10005 nc=19)
[info] ExternalForce::RightGRF Data source being set to SRRun01_grf
[info] ExternalForce::LeftGRF Data source being set to SRRun01_grf
[info] Storage: read data file = SRRun01_grf.mot (nr=10005 nc=19)
[info] ExternalForce::RightGRF Data source being set to SRRun01_grf
[info] ExternalForce::LeftGRF Data source being set to SRRun01_grf
[info] Storage: read data file = SRRun01_grf.mot (nr=10005 nc=19)
[info] ExternalForce::RightGRF Data source being set to SRRun01_grf
[info] ExternalForce::LeftGRF Data source being set to SRRun01_grf
[info] Storage: read data file = SRRun01_grf.mot (nr=10005 nc=19)
[info] ExternalForce::RightGRF Data source being set to SRRun01_grf
[info] ExternalForce::LeftGRF Data source being set to SRRun01_grf
[info] Storage: read data file = SRRun01_grf.mot (nr=10005 nc=19)
[info] ExternalForce::RightGRF Data source being set to SRRun01_grf
[info] ExternalForce::LeftGRF Data source being set to SRRun01_grf
[info] Storage: read data file = SRRun01_grf.mot (nr=10005 nc=19)
[info] ExternalForce::RightGRF Data source being set to SRRun01_grf
[info] ExternalForce::LeftGRF Data source being set to SRRun01_grf
[info] Storage: read data file = SRRun01_grf.mot (nr=10005 nc=19)
[info] ExternalForce::RightGRF Data source being set to SRRun01_grf
[info] ExternalForce::LeftGRF Data source being set to SRRun01_grf
[info] Storage: read data file = SRRun01_grf.mot (nr=10005 nc=19)
[info] ExternalForce::RightGRF Data source being set to SRRun01_grf
[info] ExternalForce::LeftGRF Data source being set to SRRun01_grf
[info] Storage: read data file = SRRun01_grf.mot (nr=10005 nc=19)
[info] ExternalForce::RightGRF Data source being set to SRRun01_grf
[info] ExternalForce::LeftGRF Data source being set to SRRun01_grf
[info] Storage: read data file = SRRun01_grf.mot (nr=10005 nc=19)
[info] ExternalForce::RightGRF Data source being set to SRRun01_grf
[info] ExternalForce::LeftGRF Data source being set to SRRun01_grf
[info] Storage: read data file = SRRun01_grf.mot (nr=10005 nc=19)
[info] ExternalForce::RightGRF Data source being set to SRRun01_grf
[info] ExternalForce::LeftGRF Data source being set to SRRun01_grf
[info] Storage: read data file = SRRun01_grf.mot (nr=10005 nc=19)
[info] ExternalForce::RightGRF Data source being set to SRRun01_grf
[info] ExternalForce::LeftGRF Data source being set to SRRun01_grf
[info] Storage: read data file = SRRun01_grf.mot (nr=10005 nc=19)
[info] ExternalForce::RightGRF Data source being set to SRRun01_grf
[info] ExternalForce::LeftGRF Data source being set to SRRun01_grf
[info] Storage: read data file = SRRun01_grf.mot (nr=10005 nc=19)
[info] ExternalForce::RightGRF Data source being set to SRRun01_grf
[info] ExternalForce::LeftGRF Data source being set to SRRun01_grf
[info] Storage: read data file = SRRun01_grf.mot (nr=10005 nc=19)
[info] ExternalForce::RightGRF Data source being set to SRRun01_grf
[info] ExternalForce::LeftGRF Data source being set to SRRun01_grf
[info] Storage: read data file = SRRun01_grf.mot (nr=10005 nc=19)
[info] ExternalForce::RightGRF Data source being set to SRRun01_grf
[info] ExternalForce::LeftGRF Data source being set to SRRun01_grf
[info] Storage: read data file = SRRun01_grf.mot (nr=10005 nc=19)
[info] ExternalForce::RightGRF Data source being set to SRRun01_grf
[info] ExternalForce::LeftGRF Data source being set to SRRun01_grf
[info] Storage: read data file = SRRun01_grf.mot (nr=10005 nc=19)
[info] ExternalForce::RightGRF Data source being set to SRRun01_grf
[info] ExternalForce::LeftGRF Data source being set to SRRun01_grf
[info] Storage: read data file = SRRun01_grf.mot (nr=10005 nc=19)
[info] ExternalForce::RightGRF Data source being set to SRRun01_grf
[info] ExternalForce::LeftGRF Data source being set to SRRun01_grf
[info] Storage: read data file = SRRun01_grf.mot (nr=10005 nc=19)
[info] ExternalForce::RightGRF Data source being set to SRRun01_grf
[info] ExternalForce::LeftGRF Data source being set to SRRun01_grf
[info] Storage: read data file = SRRun01_grf.mot (nr=10005 nc=19)
[info] ExternalForce::RightGRF Data source being set to SRRun01_grf
[info] ExternalForce::LeftGRF Data source being set to SRRun01_grf
[info] Storage: read data file = SRRun01_grf.mot (nr=10005 nc=19)
[info] ExternalForce::RightGRF Data source being set to SRRun01_grf
[info] ExternalForce::LeftGRF Data source being set to SRRun01_grf
[info] Storage: read data file = SRRun01_grf.mot (nr=10005 nc=19)
[info] ExternalForce::RightGRF Data source being set to SRRun01_grf
[info] ExternalForce::LeftGRF Data source being set to SRRun01_grf
[info] Storage: read data file = SRRun01_grf.mot (nr=10005 nc=19)
[info] ExternalForce::RightGRF Data source being set to SRRun01_grf
[info] ExternalForce::LeftGRF Data source being set to SRRun01_grf
[info] Storage: read data file = SRRun01_grf.mot (nr=10005 nc=19)
[info] ExternalForce::RightGRF Data source being set to SRRun01_grf
[info] ExternalForce::LeftGRF Data source being set to SRRun01_grf
[info] Storage: read data file = SRRun01_grf.mot (nr=10005 nc=19)
[info] ExternalForce::RightGRF Data source being set to SRRun01_grf
[info] ExternalForce::LeftGRF Data source being set to SRRun01_grf
[info] Storage: read data file = SRRun01_grf.mot (nr=10005 nc=19)
[info] ExternalForce::RightGRF Data source being set to SRRun01_grf
[info] ExternalForce::LeftGRF Data source being set to SRRun01_grf
[info] Storage: read data file = SRRun01_grf.mot (nr=10005 nc=19)
[info] ExternalForce::RightGRF Data source being set to SRRun01_grf
[info] ExternalForce::LeftGRF Data source being set to SRRun01_grf
[info] Storage: read data file = SRRun01_grf.mot (nr=10005 nc=19)
[info] ExternalForce::RightGRF Data source being set to SRRun01_grf
[info] ExternalForce::LeftGRF Data source being set to SRRun01_grf
[info] Storage: read data file = SRRun01_grf.mot (nr=10005 nc=19)
[info] ExternalForce::RightGRF Data source being set to SRRun01_grf
[info] ExternalForce::LeftGRF Data source being set to SRRun01_grf
[info] Storage: read data file = SRRun01_grf.mot (nr=10005 nc=19)
[info] ExternalForce::RightGRF Data source being set to SRRun01_grf
[info] ExternalForce::LeftGRF Data source being set to SRRun01_grf
[info] Storage: read data file = SRRun01_grf.mot (nr=10005 nc=19)
[info] ExternalForce::RightGRF Data source being set to SRRun01_grf
[info] ExternalForce::LeftGRF Data source being set to SRRun01_grf
[info] Storage: read data file = SRRun01_grf.mot (nr=10005 nc=19)
[info] ExternalForce::RightGRF Data source being set to SRRun01_grf
[info] ExternalForce::LeftGRF Data source being set to SRRun01_grf
[info] Storage: read data file = SRRun01_grf.mot (nr=10005 nc=19)
[info] ExternalForce::RightGRF Data source being set to SRRun01_grf
[info] ExternalForce::LeftGRF Data source being set to SRRun01_grf
[info] Storage: read data file = SRRun01_grf.mot (nr=10005 nc=19)
[info] ExternalForce::RightGRF Data source being set to SRRun01_grf
[info] ExternalForce::LeftGRF Data source being set to SRRun01_grf
[info] Storage: read data file = SRRun01_grf.mot (nr=10005 nc=19)
[info] ExternalForce::RightGRF Data source being set to SRRun01_grf
[info] ExternalForce::LeftGRF Data source being set to SRRun01_grf
[info] Storage: read data file = SRRun01_grf.mot (nr=10005 nc=19)
[info] ExternalForce::RightGRF Data source being set to SRRun01_grf
[info] ExternalForce::LeftGRF Data source being set to SRRun01_grf
[info] Storage: read data file = SRRun01_grf.mot (nr=10005 nc=19)
[info] ExternalForce::RightGRF Data source being set to SRRun01_grf
[info] ExternalForce::LeftGRF Data source being set to SRRun01_grf
[info] Storage: read data file = SRRun01_grf.mot (nr=10005 nc=19)
[info] ExternalForce::RightGRF Data source being set to SRRun01_grf
[info] ExternalForce::LeftGRF Data source being set to SRRun01_grf
[info] Storage: read data file = SRRun01_grf.mot (nr=10005 nc=19)
[info] ExternalForce::RightGRF Data source being set to SRRun01_grf
[info] ExternalForce::LeftGRF Data source being set to SRRun01_grf
[info] Storage: read data file = SRRun01_grf.mot (nr=10005 nc=19)
[info] ExternalForce::RightGRF Data source being set to SRRun01_grf
[info] ExternalForce::LeftGRF Data source being set to SRRun01_grf
[info] Storage: read data file = SRRun01_grf.mot (nr=10005 nc=19)
[info] ExternalForce::RightGRF Data source being set to SRRun01_grf
[info] ExternalForce::LeftGRF Data source being set to SRRun01_grf
[info] Storage: read data file = SRRun01_grf.mot (nr=10005 nc=19)
[info] ExternalForce::RightGRF Data source being set to SRRun01_grf
[info] ExternalForce::LeftGRF Data source being set to SRRun01_grf
[info] Storage: read data file = SRRun01_grf.mot (nr=10005 nc=19)
[info] ExternalForce::RightGRF Data source being set to SRRun01_grf
[info] ExternalForce::LeftGRF Data source being set to SRRun01_grf
[info] Storage: read data file = SRRun01_grf.mot (nr=10005 nc=19)
[info] ExternalForce::RightGRF Data source being set to SRRun01_grf
[info] ExternalForce::LeftGRF Data source being set to SRRun01_grf
[info] Storage: read data file = SRRun01_grf.mot (nr=10005 nc=19)
[info] ExternalForce::RightGRF Data source being set to SRRun01_grf
[info] ExternalForce::LeftGRF Data source being set to SRRun01_grf
[info] Storage: read data file = SRRun01_grf.mot (nr=10005 nc=19)
[info] ExternalForce::RightGRF Data source being set to SRRun01_grf
[info] ExternalForce::LeftGRF Data source being set to SRRun01_grf
[info] Storage: read data file = SRRun01_grf.mot (nr=10005 nc=19)
[info] ExternalForce::RightGRF Data source being set to SRRun01_grf
[info] ExternalForce::LeftGRF Data source being set to SRRun01_grf
[info] Storage: read data file = SRRun01_grf.mot (nr=10005 nc=19)
[info] ExternalForce::RightGRF Data source being set to SRRun01_grf
[info] ExternalForce::LeftGRF Data source being set to SRRun01_grf
[info] Storage: read data file = SRRun01_grf.mot (nr=10005 nc=19)
[info] ExternalForce::RightGRF Data source being set to SRRun01_grf
[info] ExternalForce::LeftGRF Data source being set to SRRun01_grf
[info] Storage: read data file = SRRun01_grf.mot (nr=10005 nc=19)
[info] ExternalForce::RightGRF Data source being set to SRRun01_grf
[info] ExternalForce::LeftGRF Data source being set to SRRun01_grf
[info] Storage: read data file = SRRun01_grf.mot (nr=10005 nc=19)
[info] ExternalForce::RightGRF Data source being set to SRRun01_grf
[info] ExternalForce::LeftGRF Data source being set to SRRun01_grf
[info] Storage: read data file = SRRun01_grf.mot (nr=10005 nc=19)
[info] ExternalForce::RightGRF Data source being set to SRRun01_grf
[info] ExternalForce::LeftGRF Data source being set to SRRun01_grf
[info] Storage: read data file = SRRun01_grf.mot (nr=10005 nc=19)
[info] ExternalForce::RightGRF Data source being set to SRRun01_grf
[info] ExternalForce::LeftGRF Data source being set to SRRun01_grf
[info] Storage: read data file = SRRun01_grf.mot (nr=10005 nc=19)
[info] ExternalForce::RightGRF Data source being set to SRRun01_grf
[info] ExternalForce::LeftGRF Data source being set to SRRun01_grf
[info] Storage: read data file = SRRun01_grf.mot (nr=10005 nc=19)
[info] ExternalForce::RightGRF Data source being set to SRRun01_grf
[info] ExternalForce::LeftGRF Data source being set to SRRun01_grf
[info] Storage: read data file = SRRun01_grf.mot (nr=10005 nc=19)
[info] ExternalForce::RightGRF Data source being set to SRRun01_grf
[info] ExternalForce::LeftGRF Data source being set to SRRun01_grf
[info] Storage: read data file = SRRun01_grf.mot (nr=10005 nc=19)
[info] ExternalForce::RightGRF Data source being set to SRRun01_grf
[info] ExternalForce::LeftGRF Data source being set to SRRun01_grf
[info] Storage: read data file = SRRun01_grf.mot (nr=10005 nc=19)
[info] ExternalForce::RightGRF Data source being set to SRRun01_grf
[info] ExternalForce::LeftGRF Data source being set to SRRun01_grf
[info] Storage: read data file = SRRun01_grf.mot (nr=10005 nc=19)
[info] ExternalForce::RightGRF Data source being set to SRRun01_grf
[info] ExternalForce::LeftGRF Data source being set to SRRun01_grf
[info] Storage: read data file = SRRun01_grf.mot (nr=10005 nc=19)
[info] ExternalForce::RightGRF Data source being set to SRRun01_grf
[info] ExternalForce::LeftGRF Data source being set to SRRun01_grf
[info] Storage: read data file = SRRun01_grf.mot (nr=10005 nc=19)
[info] ExternalForce::RightGRF Data source being set to SRRun01_grf
[info] ExternalForce::LeftGRF Data source being set to SRRun01_grf
[info] Storage: read data file = SRRun01_grf.mot (nr=10005 nc=19)
[info] ExternalForce::RightGRF Data source being set to SRRun01_grf
[info] ExternalForce::LeftGRF Data source being set to SRRun01_grf
[info] Storage: read data file = SRRun01_grf.mot (nr=10005 nc=19)
[info] ExternalForce::RightGRF Data source being set to SRRun01_grf
[info] ExternalForce::LeftGRF Data source being set to SRRun01_grf
[info] Storage: read data file = SRRun01_grf.mot (nr=10005 nc=19)
[info] ExternalForce::RightGRF Data source being set to SRRun01_grf
[info] ExternalForce::LeftGRF Data source being set to SRRun01_grf
[info] Storage: read data file = SRRun01_grf.mot (nr=10005 nc=19)
[info] ExternalForce::RightGRF Data source being set to SRRun01_grf
[info] ExternalForce::LeftGRF Data source being set to SRRun01_grf
[info] Storage: read data file = SRRun01_grf.mot (nr=10005 nc=19)
[info] ExternalForce::RightGRF Data source being set to SRRun01_grf
[info] ExternalForce::LeftGRF Data source being set to SRRun01_grf
[info] Storage: read data file = SRRun01_grf.mot (nr=10005 nc=19)
[info] ExternalForce::RightGRF Data source being set to SRRun01_grf
[info] ExternalForce::LeftGRF Data source being set to SRRun01_grf
[info] Storage: read data file = SRRun01_grf.mot (nr=10005 nc=19)
[info] ExternalForce::RightGRF Data source being set to SRRun01_grf
[info] ExternalForce::LeftGRF Data source being set to SRRun01_grf
[info] Storage: read data file = SRRun01_grf.mot (nr=10005 nc=19)
[info] ExternalForce::RightGRF Data source being set to SRRun01_grf
[info] ExternalForce::LeftGRF Data source being set to SRRun01_grf
[info] Storage: read data file = SRRun01_grf.mot (nr=10005 nc=19)
[info] ExternalForce::RightGRF Data source being set to SRRun01_grf
[info] ExternalForce::LeftGRF Data source being set to SRRun01_grf
[info] Storage: read data file = SRRun01_grf.mot (nr=10005 nc=19)
[info] ExternalForce::RightGRF Data source being set to SRRun01_grf
[info] ExternalForce::LeftGRF Data source being set to SRRun01_grf
[info] Storage: read data file = SRRun01_grf.mot (nr=10005 nc=19)
[info] ExternalForce::RightGRF Data source being set to SRRun01_grf
[info] ExternalForce::LeftGRF Data source being set to SRRun01_grf
[info] Storage: read data file = SRRun01_grf.mot (nr=10005 nc=19)
[info] ExternalForce::RightGRF Data source being set to SRRun01_grf
[info] ExternalForce::LeftGRF Data source being set to SRRun01_grf
[info] Storage: read data file = SRRun01_grf.mot (nr=10005 nc=19)
[info] ExternalForce::RightGRF Data source being set to SRRun01_grf
[info] ExternalForce::LeftGRF Data source being set to SRRun01_grf
[info] Storage: read data file = SRRun01_grf.mot (nr=10005 nc=19)
[info] ExternalForce::RightGRF Data source being set to SRRun01_grf
[info] ExternalForce::LeftGRF Data source being set to SRRun01_grf
[info] Storage: read data file = SRRun01_grf.mot (nr=10005 nc=19)
[info] ExternalForce::RightGRF Data source being set to SRRun01_grf
[info] ExternalForce::LeftGRF Data source being set to SRRun01_grf
[info] Storage: read data file = SRRun01_grf.mot (nr=10005 nc=19)
[info] ExternalForce::RightGRF Data source being set to SRRun01_grf
[info] ExternalForce::LeftGRF Data source being set to SRRun01_grf
[info] Storage: read data file = SRRun01_grf.mot (nr=10005 nc=19)
[info] ExternalForce::RightGRF Data source being set to SRRun01_grf
[info] ExternalForce::LeftGRF Data source being set to SRRun01_grf
[info] Storage: read data file = SRRun01_grf.mot (nr=10005 nc=19)
[info] ExternalForce::RightGRF Data source being set to SRRun01_grf
[info] ExternalForce::LeftGRF Data source being set to SRRun01_grf
[info] Storage: read data file = SRRun01_grf.mot (nr=10005 nc=19)
[info] ExternalForce::RightGRF Data source being set to SRRun01_grf
[info] ExternalForce::LeftGRF Data source being set to SRRun01_grf
[info] Storage: read data file = SRRun01_grf.mot (nr=10005 nc=19)
[info] ExternalForce::RightGRF Data source being set to SRRun01_grf
[info] ExternalForce::LeftGRF Data source being set to SRRun01_grf
[info] Storage: read data file = SRRun01_grf.mot (nr=10005 nc=19)
[info] ExternalForce::RightGRF Data source being set to SRRun01_grf
[info] ExternalForce::LeftGRF Data source being set to SRRun01_grf
[info] Storage: read data file = SRRun01_grf.mot (nr=10005 nc=19)
[info] ExternalForce::RightGRF Data source being set to SRRun01_grf
[info] ExternalForce::LeftGRF Data source being set to SRRun01_grf
[info] Storage: read data file = SRRun01_grf.mot (nr=10005 nc=19)
[info] ExternalForce::RightGRF Data source being set to SRRun01_grf
[info] ExternalForce::LeftGRF Data source being set to SRRun01_grf
[info] Storage: read data file = SRRun01_grf.mot (nr=10005 nc=19)
[info] ExternalForce::RightGRF Data source being set to SRRun01_grf
[info] ExternalForce::LeftGRF Data source being set to SRRun01_grf
[info] Storage: read data file = SRRun01_grf.mot (nr=10005 nc=19)
[info] ExternalForce::RightGRF Data source being set to SRRun01_grf
[info] ExternalForce::LeftGRF Data source being set to SRRun01_grf
[info] Storage: read data file = SRRun01_grf.mot (nr=10005 nc=19)
[info] ExternalForce::RightGRF Data source being set to SRRun01_grf
[info] ExternalForce::LeftGRF Data source being set to SRRun01_grf
[info] Storage: read data file = SRRun01_grf.mot (nr=10005 nc=19)
[info] ExternalForce::RightGRF Data source being set to SRRun01_grf
[info] ExternalForce::LeftGRF Data source being set to SRRun01_grf
[info] Storage: read data file = SRRun01_grf.mot (nr=10005 nc=19)
[info] ExternalForce::RightGRF Data source being set to SRRun01_grf
[info] ExternalForce::LeftGRF Data source being set to SRRun01_grf
[info] Storage: read data file = SRRun01_grf.mot (nr=10005 nc=19)
[info] ExternalForce::RightGRF Data source being set to SRRun01_grf
[info] ExternalForce::LeftGRF Data source being set to SRRun01_grf
[info] Storage: read data file = SRRun01_grf.mot (nr=10005 nc=19)
[info] ExternalForce::RightGRF Data source being set to SRRun01_grf
[info] ExternalForce::LeftGRF Data source being set to SRRun01_grf
[info] Storage: read data file = SRRun01_grf.mot (nr=10005 nc=19)
[info] ExternalForce::RightGRF Data source being set to SRRun01_grf
[info] ExternalForce::LeftGRF Data source being set to SRRun01_grf
[info] Storage: read data file = SRRun01_grf.mot (nr=10005 nc=19)
[info] ExternalForce::RightGRF Data source being set to SRRun01_grf
[info] ExternalForce::LeftGRF Data source being set to SRRun01_grf
[info] Storage: read data file = SRRun01_grf.mot (nr=10005 nc=19)
[info] ExternalForce::RightGRF Data source being set to SRRun01_grf
[info] ExternalForce::LeftGRF Data source being set to SRRun01_grf
[info] Storage: read data file = SRRun01_grf.mot (nr=10005 nc=19)
[info] ExternalForce::RightGRF Data source being set to SRRun01_grf
[info] ExternalForce::LeftGRF Data source being set to SRRun01_grf
[info] Storage: read data file = SRRun01_grf.mot (nr=10005 nc=19)
[info] ExternalForce::RightGRF Data source being set to SRRun01_grf
[info] ExternalForce::LeftGRF Data source being set to SRRun01_grf
[info] Storage: read data file = SRRun01_grf.mot (nr=10005 nc=19)
[info] ExternalForce::RightGRF Data source being set to SRRun01_grf
[info] ExternalForce::LeftGRF Data source being set to SRRun01_grf
[info] Storage: read data file = SRRun01_grf.mot (nr=10005 nc=19)
[info] ExternalForce::RightGRF Data source being set to SRRun01_grf
[info] ExternalForce::LeftGRF Data source being set to SRRun01_grf
[info] Storage: read data file = SRRun01_grf.mot (nr=10005 nc=19)
[info] ExternalForce::RightGRF Data source being set to SRRun01_grf
[info] ExternalForce::LeftGRF Data source being set to SRRun01_grf
[info] Storage: read data file = SRRun01_grf.mot (nr=10005 nc=19)
[info] ExternalForce::RightGRF Data source being set to SRRun01_grf
[info] ExternalForce::LeftGRF Data source being set to SRRun01_grf
[info] Storage: read data file = SRRun01_grf.mot (nr=10005 nc=19)
[info] ExternalForce::RightGRF Data source being set to SRRun01_grf
[info] ExternalForce::LeftGRF Data source being set to SRRun01_grf
[info] Storage: read data file = SRRun01_grf.mot (nr=10005 nc=19)
[info] ExternalForce::RightGRF Data source being set to SRRun01_grf
[info] ExternalForce::LeftGRF Data source being set to SRRun01_grf
[info] Storage: read data file = SRRun01_grf.mot (nr=10005 nc=19)
[info] ExternalForce::RightGRF Data source being set to SRRun01_grf
[info] ExternalForce::LeftGRF Data source being set to SRRun01_grf
[info] Storage: read data file = SRRun01_grf.mot (nr=10005 nc=19)
[info] ExternalForce::RightGRF Data source being set to SRRun01_grf
[info] ExternalForce::LeftGRF Data source being set to SRRun01_grf
[info] Storage: read data file = SRRun01_grf.mot (nr=10005 nc=19)
[info] ExternalForce::RightGRF Data source being set to SRRun01_grf
[info] ExternalForce::LeftGRF Data source being set to SRRun01_grf
[info] Storage: read data file = SRRun01_grf.mot (nr=10005 nc=19)
[info] ExternalForce::RightGRF Data source being set to SRRun01_grf
[info] ExternalForce::LeftGRF Data source being set to SRRun01_grf
[info] Storage: read data file = SRRun01_grf.mot (nr=10005 nc=19)
[info] ExternalForce::RightGRF Data source being set to SRRun01_grf
[info] ExternalForce::LeftGRF Data source being set to SRRun01_grf
[info] Storage: read data file = SRRun01_grf.mot (nr=10005 nc=19)
[info] ExternalForce::RightGRF Data source being set to SRRun01_grf
[info] ExternalForce::LeftGRF Data source being set to SRRun01_grf
[info] Storage: read data file = SRRun01_grf.mot (nr=10005 nc=19)
[info] ExternalForce::RightGRF Data source being set to SRRun01_grf
[info] ExternalForce::LeftGRF Data source being set to SRRun01_grf
[info] Storage: read data file = SRRun01_grf.mot (nr=10005 nc=19)
[info] ExternalForce::RightGRF Data source being set to SRRun01_grf
[info] ExternalForce::LeftGRF Data source being set to SRRun01_grf
[info] Storage: read data file = SRRun01_grf.mot (nr=10005 nc=19)
[info] ExternalForce::RightGRF Data source being set to SRRun01_grf
[info] ExternalForce::LeftGRF Data source being set to SRRun01_grf
[info] Storage: read data file = SRRun01_grf.mot (nr=10005 nc=19)
[info] ExternalForce::RightGRF Data source being set to SRRun01_grf
[info] ExternalForce::LeftGRF Data source being set to SRRun01_grf
[info] Storage: read data file = SRRun01_grf.mot (nr=10005 nc=19)
[info] ExternalForce::RightGRF Data source being set to SRRun01_grf
[info] ExternalForce::LeftGRF Data source being set to SRRun01_grf
[info] Storage: read data file = SRRun01_grf.mot (nr=10005 nc=19)
[info] ExternalForce::RightGRF Data source being set to SRRun01_grf
[info] ExternalForce::LeftGRF Data source being set to SRRun01_grf
[info] Storage: read data file = SRRun01_grf.mot (nr=10005 nc=19)
[info] ExternalForce::RightGRF Data source being set to SRRun01_grf
[info] ExternalForce::LeftGRF Data source being set to SRRun01_grf
[info] Storage: read data file = SRRun01_grf.mot (nr=10005 nc=19)
[info] ExternalForce::RightGRF Data source being set to SRRun01_grf
[info] ExternalForce::LeftGRF Data source being set to SRRun01_grf
[info] Storage: read data file = SRRun01_grf.mot (nr=10005 nc=19)
[info] ExternalForce::RightGRF Data source being set to SRRun01_grf
[info] ExternalForce::LeftGRF Data source being set to SRRun01_grf
[info] Storage: read data file = SRRun01_grf.mot (nr=10005 nc=19)
[info] ExternalForce::RightGRF Data source being set to SRRun01_grf
[info] ExternalForce::LeftGRF Data source being set to SRRun01_grf
[info] Storage: read data file = SRRun01_grf.mot (nr=10005 nc=19)
[info] ExternalForce::RightGRF Data source being set to SRRun01_grf
[info] ExternalForce::LeftGRF Data source being set to SRRun01_grf
[info] Storage: read data file = SRRun01_grf.mot (nr=10005 nc=19)
[info] ExternalForce::RightGRF Data source being set to SRRun01_grf
[info] ExternalForce::LeftGRF Data source being set to SRRun01_grf
[info] Storage: read data file = SRRun01_grf.mot (nr=10005 nc=19)
[info] ExternalForce::RightGRF Data source being set to SRRun01_grf
[info] ExternalForce::LeftGRF Data source being set to SRRun01_grf
[info] Storage: read data file = SRRun01_grf.mot (nr=10005 nc=19)
[info] ExternalForce::RightGRF Data source being set to SRRun01_grf
[info] ExternalForce::LeftGRF Data source being set to SRRun01_grf
[info] Storage: read data file = SRRun01_grf.mot (nr=10005 nc=19)
[info] ExternalForce::RightGRF Data source being set to SRRun01_grf
[info] ExternalForce::LeftGRF Data source being set to SRRun01_grf
[info] Storage: read data file = SRRun01_grf.mot (nr=10005 nc=19)
[info] ExternalForce::RightGRF Data source being set to SRRun01_grf
[info] ExternalForce::LeftGRF Data source being set to SRRun01_grf
[info] Storage: read data file = SRRun01_grf.mot (nr=10005 nc=19)
[info] ExternalForce::RightGRF Data source being set to SRRun01_grf
[info] ExternalForce::LeftGRF Data source being set to SRRun01_grf
[info] Storage: read data file = SRRun01_grf.mot (nr=10005 nc=19)
[info] ExternalForce::RightGRF Data source being set to SRRun01_grf
[info] ExternalForce::LeftGRF Data source being set to SRRun01_grf
[info] Storage: read data file = SRRun01_grf.mot (nr=10005 nc=19)
[info] ExternalForce::RightGRF Data source being set to SRRun01_grf
[info] ExternalForce::LeftGRF Data source being set to SRRun01_grf
[info] Storage: read data file = SRRun01_grf.mot (nr=10005 nc=19)
[info] ExternalForce::RightGRF Data source being set to SRRun01_grf
[info] ExternalForce::LeftGRF Data source being set to SRRun01_grf
[info] Storage: read data file = SRRun01_grf.mot (nr=10005 nc=19)
[info] ExternalForce::RightGRF Data source being set to SRRun01_grf
[info] ExternalForce::LeftGRF Data source being set to SRRun01_grf
[info] Storage: read data file = SRRun01_grf.mot (nr=10005 nc=19)
[info] ExternalForce::RightGRF Data source being set to SRRun01_grf
[info] ExternalForce::LeftGRF Data source being set to SRRun01_grf
[info] Storage: read data file = SRRun01_grf.mot (nr=10005 nc=19)
[info] ExternalForce::RightGRF Data source being set to SRRun01_grf
[info] ExternalForce::LeftGRF Data source being set to SRRun01_grf
[info] Storage: read data file = SRRun01_grf.mot (nr=10005 nc=19)
[info] ExternalForce::RightGRF Data source being set to SRRun01_grf
[info] ExternalForce::LeftGRF Data source being set to SRRun01_grf
[info] Storage: read data file = SRRun01_grf.mot (nr=10005 nc=19)
[info] ExternalForce::RightGRF Data source being set to SRRun01_grf
[info] ExternalForce::LeftGRF Data source being set to SRRun01_grf
[info] Storage: read data file = SRRun01_grf.mot (nr=10005 nc=19)
[info] ExternalForce::RightGRF Data source being set to SRRun01_grf
[info] ExternalForce::LeftGRF Data source being set to SRRun01_grf
[info] Storage: read data file = SRRun01_grf.mot (nr=10005 nc=19)
[info] ExternalForce::RightGRF Data source being set to SRRun01_grf
[info] ExternalForce::LeftGRF Data source being set to SRRun01_grf
[info] Storage: read data file = SRRun01_grf.mot (nr=10005 nc=19)
[info] ExternalForce::RightGRF Data source being set to SRRun01_grf
[info] ExternalForce::LeftGRF Data source being set to SRRun01_grf
[info] Storage: read data file = SRRun01_grf.mot (nr=10005 nc=19)
[info] ExternalForce::RightGRF Data source being set to SRRun01_grf
[info] ExternalForce::LeftGRF Data source being set to SRRun01_grf
[info] Storage: read data file = SRRun01_grf.mot (nr=10005 nc=19)
[info] ExternalForce::RightGRF Data source being set to SRRun01_grf
[info] ExternalForce::LeftGRF Data source being set to SRRun01_grf
[info] Storage: read data file = SRRun01_grf.mot (nr=10005 nc=19)
[info] ExternalForce::RightGRF Data source being set to SRRun01_grf
[info] ExternalForce::LeftGRF Data source being set to SRRun01_grf
[info] Storage: read data file = SRRun01_grf.mot (nr=10005 nc=19)
[info] ExternalForce::RightGRF Data source being set to SRRun01_grf
[info] ExternalForce::LeftGRF Data source being set to SRRun01_grf
[info] Storage: read data file = SRRun01_grf.mot (nr=10005 nc=19)
[info] ExternalForce::RightGRF Data source being set to SRRun01_grf
[info] ExternalForce::LeftGRF Data source being set to SRRun01_grf
[info] Storage: read data file = SRRun01_grf.mot (nr=10005 nc=19)
[info] ExternalForce::RightGRF Data source being set to SRRun01_grf
[info] ExternalForce::LeftGRF Data source being set to SRRun01_grf
[info] Storage: read data file = SRRun01_grf.mot (nr=10005 nc=19)
[info] ExternalForce::RightGRF Data source being set to SRRun01_grf
[info] ExternalForce::LeftGRF Data source being set to SRRun01_grf
[info] Storage: read data file = SRRun01_grf.mot (nr=10005 nc=19)
[info] ExternalForce::RightGRF Data source being set to SRRun01_grf
[info] ExternalForce::LeftGRF Data source being set to SRRun01_grf
[info] Storage: read data file = SRRun01_grf.mot (nr=10005 nc=19)
[info] ExternalForce::RightGRF Data source being set to SRRun01_grf
[info] ExternalForce::LeftGRF Data source being set to SRRun01_grf
[info] Storage: read data file = SRRun01_grf.mot (nr=10005 nc=19)
[info] ExternalForce::RightGRF Data source being set to SRRun01_grf
[info] ExternalForce::LeftGRF Data source being set to SRRun01_grf
[info] Storage: read data file = SRRun01_grf.mot (nr=10005 nc=19)
[info] ExternalForce::RightGRF Data source being set to SRRun01_grf
[info] ExternalForce::LeftGRF Data source being set to SRRun01_grf
[info] Storage: read data file = SRRun01_grf.mot (nr=10005 nc=19)
[info] ExternalForce::RightGRF Data source being set to SRRun01_grf
[info] ExternalForce::LeftGRF Data source being set to SRRun01_grf
[info] Storage: read data file = SRRun01_grf.mot (nr=10005 nc=19)
[info] ExternalForce::RightGRF Data source being set to SRRun01_grf
[info] ExternalForce::LeftGRF Data source being set to SRRun01_grf
[info] Storage: read data file = SRRun01_grf.mot (nr=10005 nc=19)
[info] ExternalForce::RightGRF Data source being set to SRRun01_grf
[info] ExternalForce::LeftGRF Data source being set to SRRun01_grf
[info] Storage: read data file = SRRun01_grf.mot (nr=10005 nc=19)
[info] ExternalForce::RightGRF Data source being set to SRRun01_grf
[info] ExternalForce::LeftGRF Data source being set to SRRun01_grf
[info] Storage: read data file = SRRun01_grf.mot (nr=10005 nc=19)
[info] ExternalForce::RightGRF Data source being set to SRRun01_grf
[info] ExternalForce::LeftGRF Data source being set to SRRun01_grf
[info] Storage: read data file = SRRun01_grf.mot (nr=10005 nc=19)
[info] ExternalForce::RightGRF Data source being set to SRRun01_grf
[info] ExternalForce::LeftGRF Data source being set to SRRun01_grf
[info] Storage: read data file = SRRun01_grf.mot (nr=10005 nc=19)
[info] ExternalForce::RightGRF Data source being set to SRRun01_grf
[info] ExternalForce::LeftGRF Data source being set to SRRun01_grf
[info] Storage: read data file = SRRun01_grf.mot (nr=10005 nc=19)
[info] ExternalForce::RightGRF Data source being set to SRRun01_grf
[info] ExternalForce::LeftGRF Data source being set to SRRun01_grf
[info] Storage: read data file = SRRun01_grf.mot (nr=10005 nc=19)
[info] ExternalForce::RightGRF Data source being set to SRRun01_grf
[info] ExternalForce::LeftGRF Data source being set to SRRun01_grf
[info] Storage: read data file = SRRun01_grf.mot (nr=10005 nc=19)
[info] ExternalForce::RightGRF Data source being set to SRRun01_grf
[info] ExternalForce::LeftGRF Data source being set to SRRun01_grf
[info] Storage: read data file = SRRun01_grf.mot (nr=10005 nc=19)
[info] ExternalForce::RightGRF Data source being set to SRRun01_grf
[info] ExternalForce::LeftGRF Data source being set to SRRun01_grf
[info] Storage: read data file = SRRun01_grf.mot (nr=10005 nc=19)
[info] ExternalForce::RightGRF Data source being set to SRRun01_grf
[info] ExternalForce::LeftGRF Data source being set to SRRun01_grf
[info] Storage: read data file = SRRun01_grf.mot (nr=10005 nc=19)
[info] ExternalForce::RightGRF Data source being set to SRRun01_grf
[info] ExternalForce::LeftGRF Data source being set to SRRun01_grf
[info] Storage: read data file = SRRun01_grf.mot (nr=10005 nc=19)
[info] ExternalForce::RightGRF Data source being set to SRRun01_grf
[info] ExternalForce::LeftGRF Data source being set to SRRun01_grf
[info] Storage: read data file = SRRun01_grf.mot (nr=10005 nc=19)
[info] ExternalForce::RightGRF Data source being set to SRRun01_grf
[info] ExternalForce::LeftGRF Data source being set to SRRun01_grf
[info] Storage: read data file = SRRun01_grf.mot (nr=10005 nc=19)
[info] ExternalForce::RightGRF Data source being set to SRRun01_grf
[info] ExternalForce::LeftGRF Data source being set to SRRun01_grf
[info] Storage: read data file = SRRun01_grf.mot (nr=10005 nc=19)
[info] ExternalForce::RightGRF Data source being set to SRRun01_grf
[info] ExternalForce::LeftGRF Data source being set to SRRun01_grf
[info] Storage: read data file = SRRun01_grf.mot (nr=10005 nc=19)
[info] ExternalForce::RightGRF Data source being set to SRRun01_grf
[info] ExternalForce::LeftGRF Data source being set to SRRun01_grf
[info] Storage: read data file = SRRun01_grf.mot (nr=10005 nc=19)
[info] ExternalForce::RightGRF Data source being set to SRRun01_grf
[info] ExternalForce::LeftGRF Data source being set to SRRun01_grf
[info] Storage: read data file = SRRun01_grf.mot (nr=10005 nc=19)
[info] ExternalForce::RightGRF Data source being set to SRRun01_grf
[info] ExternalForce::LeftGRF Data source being set to SRRun01_grf
[info] Storage: read data file = SRRun01_grf.mot (nr=10005 nc=19)
[info] ExternalForce::RightGRF Data source being set to SRRun01_grf
[info] ExternalForce::LeftGRF Data source being set to SRRun01_grf
[info] Storage: read data file = SRRun01_grf.mot (nr=10005 nc=19)
[info] ExternalForce::RightGRF Data source being set to SRRun01_grf
[info] ExternalForce::LeftGRF Data source being set to SRRun01_grf
[info] Storage: read data file = SRRun01_grf.mot (nr=10005 nc=19)
[info] ExternalForce::RightGRF Data source being set to SRRun01_grf
[info] ExternalForce::LeftGRF Data source being set to SRRun01_grf
[info] Storage: read data file = SRRun01_grf.mot (nr=10005 nc=19)
[info] ExternalForce::RightGRF Data source being set to SRRun01_grf
[info] ExternalForce::LeftGRF Data source being set to SRRun01_grf
[info] Storage: read data file = SRRun01_grf.mot (nr=10005 nc=19)
[info] ExternalForce::RightGRF Data source being set to SRRun01_grf
[info] ExternalForce::LeftGRF Data source being set to SRRun01_grf
[info] Storage: read data file = SRRun01_grf.mot (nr=10005 nc=19)
[info] ExternalForce::RightGRF Data source being set to SRRun01_grf
[info] ExternalForce::LeftGRF Data source being set to SRRun01_grf
[info] Storage: read data file = SRRun01_grf.mot (nr=10005 nc=19)
[info] ExternalForce::RightGRF Data source being set to SRRun01_grf
[info] ExternalForce::LeftGRF Data source being set to SRRun01_grf
[info] Storage: read data file = SRRun01_grf.mot (nr=10005 nc=19)
[info] ExternalForce::RightGRF Data source being set to SRRun01_grf
[info] ExternalForce::LeftGRF Data source being set to SRRun01_grf
[info] Storage: read data file = SRRun01_grf.mot (nr=10005 nc=19)
[info] ExternalForce::RightGRF Data source being set to SRRun01_grf
[info] ExternalForce::LeftGRF Data source being set to SRRun01_grf
[info] Storage: read data file = SRRun01_grf.mot (nr=10005 nc=19)
[info] ExternalForce::RightGRF Data source being set to SRRun01_grf
[info] ExternalForce::LeftGRF Data source being set to SRRun01_grf
[info] Storage: read data file = SRRun01_grf.mot (nr=10005 nc=19)
[info] ExternalForce::RightGRF Data source being set to SRRun01_grf
[info] ExternalForce::LeftGRF Data source being set to SRRun01_grf
[info] Storage: read data file = SRRun01_grf.mot (nr=10005 nc=19)
[info] ExternalForce::RightGRF Data source being set to SRRun01_grf
[info] ExternalForce::LeftGRF Data source being set to SRRun01_grf
[info] Storage: read data file = SRRun01_grf.mot (nr=10005 nc=19)
[info] ExternalForce::RightGRF Data source being set to SRRun01_grf
[info] ExternalForce::LeftGRF Data source being set to SRRun01_grf
[info] Storage: read data file = SRRun01_grf.mot (nr=10005 nc=19)
[info] ExternalForce::RightGRF Data source being set to SRRun01_grf
[info] ExternalForce::LeftGRF Data source being set to SRRun01_grf
[info] Storage: read data file = SRRun01_grf.mot (nr=10005 nc=19)
[info] ExternalForce::RightGRF Data source being set to SRRun01_grf
[info] ExternalForce::LeftGRF Data source being set to SRRun01_grf
[info] Storage: read data file = SRRun01_grf.mot (nr=10005 nc=19)
[info] ExternalForce::RightGRF Data source being set to SRRun01_grf
[info] ExternalForce::LeftGRF Data source being set to SRRun01_grf
[info] Storage: read data file = SRRun01_grf.mot (nr=10005 nc=19)
[info] ExternalForce::RightGRF Data source being set to SRRun01_grf
[info] ExternalForce::LeftGRF Data source being set to SRRun01_grf
[info] Storage: read data file = SRRun01_grf.mot (nr=10005 nc=19)
[info] ExternalForce::RightGRF Data source being set to SRRun01_grf
[info] ExternalForce::LeftGRF Data source being set to SRRun01_grf
[info] Storage: read data file = SRRun01_grf.mot (nr=10005 nc=19)
[info] ExternalForce::RightGRF Data source being set to SRRun01_grf
[info] ExternalForce::LeftGRF Data source being set to SRRun01_grf
[info] Storage: read data file = SRRun01_grf.mot (nr=10005 nc=19)
[info] ExternalForce::RightGRF Data source being set to SRRun01_grf
[info] ExternalForce::LeftGRF Data source being set to SRRun01_grf
[info] Storage: read data file = SRRun01_grf.mot (nr=10005 nc=19)
[info] ExternalForce::RightGRF Data source being set to SRRun01_grf
[info] ExternalForce::LeftGRF Data source being set to SRRun01_grf
[info] Storage: read data file = SRRun01_grf.mot (nr=10005 nc=19)
[info] ExternalForce::RightGRF Data source being set to SRRun01_grf
[info] ExternalForce::LeftGRF Data source being set to SRRun01_grf
[info] Storage: read data file = SRRun01_grf.mot (nr=10005 nc=19)
[info] ExternalForce::RightGRF Data source being set to SRRun01_grf
[info] ExternalForce::LeftGRF Data source being set to SRRun01_grf
[info] Storage: read data file = SRRun01_grf.mot (nr=10005 nc=19)
[info] ExternalForce::RightGRF Data source being set to SRRun01_grf
[info] ExternalForce::LeftGRF Data source being set to SRRun01_grf
[info] Storage: read data file = SRRun01_grf.mot (nr=10005 nc=19)
[info] ExternalForce::RightGRF Data source being set to SRRun01_grf
[info] ExternalForce::LeftGRF Data source being set to SRRun01_grf
[info] Storage: read data file = SRRun01_grf.mot (nr=10005 nc=19)
[info] ExternalForce::RightGRF Data source being set to SRRun01_grf
[info] ExternalForce::LeftGRF Data source being set to SRRun01_grf
[info] Storage: read data file = SRRun01_grf.mot (nr=10005 nc=19)
[info] ExternalForce::RightGRF Data source being set to SRRun01_grf
[info] ExternalForce::LeftGRF Data source being set to SRRun01_grf
[info] Storage: read data file = SRRun01_grf.mot (nr=10005 nc=19)
[info] ExternalForce::RightGRF Data source being set to SRRun01_grf
[info] ExternalForce::LeftGRF Data source being set to SRRun01_grf
[info] Storage: read data file = SRRun01_grf.mot (nr=10005 nc=19)
[info] ExternalForce::RightGRF Data source being set to SRRun01_grf
[info] ExternalForce::LeftGRF Data source being set to SRRun01_grf
[info] Storage: read data file = SRRun01_grf.mot (nr=10005 nc=19)
[info] ExternalForce::RightGRF Data source being set to SRRun01_grf
[info] ExternalForce::LeftGRF Data source being set to SRRun01_grf
[info] Storage: read data file = SRRun01_grf.mot (nr=10005 nc=19)
[info] ExternalForce::RightGRF Data source being set to SRRun01_grf
[info] ExternalForce::LeftGRF Data source being set to SRRun01_grf
[info] Storage: read data file = SRRun01_grf.mot (nr=10005 nc=19)
[info] ExternalForce::RightGRF Data source being set to SRRun01_grf
[info] ExternalForce::LeftGRF Data source being set to SRRun01_grf
[info] Storage: read data file = SRRun01_grf.mot (nr=10005 nc=19)
[info] ExternalForce::RightGRF Data source being set to SRRun01_grf
[info] ExternalForce::LeftGRF Data source being set to SRRun01_grf
[info] Storage: read data file = SRRun01_grf.mot (nr=10005 nc=19)
[info] ExternalForce::RightGRF Data source being set to SRRun01_grf
[info] ExternalForce::LeftGRF Data source being set to SRRun01_grf
[info] Storage: read data file = SRRun01_grf.mot (nr=10005 nc=19)
[info] ExternalForce::RightGRF Data source being set to SRRun01_grf
[info] ExternalForce::LeftGRF Data source being set to SRRun01_grf
[info] Storage: read data file = SRRun01_grf.mot (nr=10005 nc=19)
[info] ExternalForce::RightGRF Data source being set to SRRun01_grf
[info] ExternalForce::LeftGRF Data source being set to SRRun01_grf
[info] Storage: read data file = SRRun01_grf.mot (nr=10005 nc=19)
[info] ExternalForce::RightGRF Data source being set to SRRun01_grf
[info] ExternalForce::LeftGRF Data source being set to SRRun01_grf
[info] Storage: read data file = SRRun01_grf.mot (nr=10005 nc=19)
[info] ExternalForce::RightGRF Data source being set to SRRun01_grf
[info] ExternalForce::LeftGRF Data source being set to SRRun01_grf
[info] Storage: read data file = SRRun01_grf.mot (nr=10005 nc=19)
[info] ExternalForce::RightGRF Data source being set to SRRun01_grf
[info] ExternalForce::LeftGRF Data source being set to SRRun01_grf
[info] Storage: read data file = SRRun01_grf.mot (nr=10005 nc=19)
[info] ExternalForce::RightGRF Data source being set to SRRun01_grf
[info] ExternalForce::LeftGRF Data source being set to SRRun01_grf
[info] Storage: read data file = SRRun01_grf.mot (nr=10005 nc=19)
[info] ExternalForce::RightGRF Data source being set to SRRun01_grf
[info] ExternalForce::LeftGRF Data source being set to SRRun01_grf
[info] Storage: read data file = SRRun01_grf.mot (nr=10005 nc=19)
[info] ExternalForce::RightGRF Data source being set to SRRun01_grf
[info] ExternalForce::LeftGRF Data source being set to SRRun01_grf
[info] Storage: read data file = SRRun01_grf.mot (nr=10005 nc=19)
[info] ExternalForce::RightGRF Data source being set to SRRun01_grf
[info] ExternalForce::LeftGRF Data source being set to SRRun01_grf
[info] Storage: read data file = SRRun01_grf.mot (nr=10005 nc=19)
[info] ExternalForce::RightGRF Data source being set to SRRun01_grf
[info] ExternalForce::LeftGRF Data source being set to SRRun01_grf
[info] Storage: read data file = SRRun01_grf.mot (nr=10005 nc=19)
[info] ExternalForce::RightGRF Data source being set to SRRun01_grf
[info] ExternalForce::LeftGRF Data source being set to SRRun01_grf
[info] Storage: read data file = SRRun01_grf.mot (nr=10005 nc=19)
[info] ExternalForce::RightGRF Data source being set to SRRun01_grf
[info] ExternalForce::LeftGRF Data source being set to SRRun01_grf
[info] Storage: read data file = SRRun01_grf.mot (nr=10005 nc=19)
[info] ExternalForce::RightGRF Data source being set to SRRun01_grf
[info] ExternalForce::LeftGRF Data source being set to SRRun01_grf
[info] Storage: read data file = SRRun01_grf.mot (nr=10005 nc=19)
[info] ExternalForce::RightGRF Data source being set to SRRun01_grf
[info] ExternalForce::LeftGRF Data source being set to SRRun01_grf
[info] Storage: read data file = SRRun01_grf.mot (nr=10005 nc=19)
[info] ExternalForce::RightGRF Data source being set to SRRun01_grf
[info] ExternalForce::LeftGRF Data source being set to SRRun01_grf
[info] Storage: read data file = SRRun01_grf.mot (nr=10005 nc=19)
[info] ExternalForce::RightGRF Data source being set to SRRun01_grf
[info] ExternalForce::LeftGRF Data source being set to SRRun01_grf
[info] Storage: read data file = SRRun01_grf.mot (nr=10005 nc=19)
[info] ExternalForce::RightGRF Data source being set to SRRun01_grf
[info] ExternalForce::LeftGRF Data source being set to SRRun01_grf
[info] Storage: read data file = SRRun01_grf.mot (nr=10005 nc=19)
[info] ExternalForce::RightGRF Data source being set to SRRun01_grf
[info] ExternalForce::LeftGRF Data source being set to SRRun01_grf
[info] Storage: read data file = SRRun01_grf.mot (nr=10005 nc=19)
[info] ExternalForce::RightGRF Data source being set to SRRun01_grf
[info] ExternalForce::LeftGRF Data source being set to SRRun01_grf
[info] Storage: read data file = SRRun01_grf.mot (nr=10005 nc=19)
[info] ExternalForce::RightGRF Data source being set to SRRun01_grf
[info] ExternalForce::LeftGRF Data source being set to SRRun01_grf
[info] Storage: read data file = SRRun01_grf.mot (nr=10005 nc=19)
[info] ExternalForce::RightGRF Data source being set to SRRun01_grf
[info] ExternalForce::LeftGRF Data source being set to SRRun01_grf
[info] Storage: read data file = SRRun01_grf.mot (nr=10005 nc=19)
[info] ExternalForce::RightGRF Data source being set to SRRun01_grf
[info] ExternalForce::LeftGRF Data source being set to SRRun01_grf
[info] Storage: read data file = SRRun01_grf.mot (nr=10005 nc=19)
[info] ExternalForce::RightGRF Data source being set to SRRun01_grf
[info] ExternalForce::LeftGRF Data source being set to SRRun01_grf
[info] Storage: read data file = SRRun01_grf.mot (nr=10005 nc=19)
[info] ExternalForce::RightGRF Data source being set to SRRun01_grf
[info] ExternalForce::LeftGRF Data source being set to SRRun01_grf
[info] Storage: read data file = SRRun01_grf.mot (nr=10005 nc=19)
[info] ExternalForce::RightGRF Data source being set to SRRun01_grf
[info] ExternalForce::LeftGRF Data source being set to SRRun01_grf
[info] Storage: read data file = SRRun01_grf.mot (nr=10005 nc=19)
[info] ExternalForce::RightGRF Data source being set to SRRun01_grf
[info] ExternalForce::LeftGRF Data source being set to SRRun01_grf
[info] Storage: read data file = SRRun01_grf.mot (nr=10005 nc=19)
[info] ExternalForce::RightGRF Data source being set to SRRun01_grf
[info] ExternalForce::LeftGRF Data source being set to SRRun01_grf
[info] Storage: read data file = SRRun01_grf.mot (nr=10005 nc=19)
[info] ExternalForce::RightGRF Data source being set to SRRun01_grf
[info] ExternalForce::LeftGRF Data source being set to SRRun01_grf
[info] Storage: read data file = SRRun01_grf.mot (nr=10005 nc=19)
[info] ExternalForce::RightGRF Data source being set to SRRun01_grf
[info] ExternalForce::LeftGRF Data source being set to SRRun01_grf
[info] Storage: read data file = SRRun01_grf.mot (nr=10005 nc=19)
[info] ExternalForce::RightGRF Data source being set to SRRun01_grf
[info] ExternalForce::LeftGRF Data source being set to SRRun01_grf
[info] Storage: read data file = SRRun01_grf.mot (nr=10005 nc=19)
[info] ExternalForce::RightGRF Data source being set to SRRun01_grf
[info] ExternalForce::LeftGRF Data source being set to SRRun01_grf
[info] Storage: read data file = SRRun01_grf.mot (nr=10005 nc=19)
[info] ExternalForce::RightGRF Data source being set to SRRun01_grf
[info] ExternalForce::LeftGRF Data source being set to SRRun01_grf
[info] Storage: read data file = SRRun01_grf.mot (nr=10005 nc=19)
[info] ExternalForce::RightGRF Data source being set to SRRun01_grf
[info] ExternalForce::LeftGRF Data source being set to SRRun01_grf
[info] Storage: read data file = SRRun01_grf.mot (nr=10005 nc=19)
[info] ExternalForce::RightGRF Data source being set to SRRun01_grf
[info] ExternalForce::LeftGRF Data source being set to SRRun01_grf
[info] Storage: read data file = SRRun01_grf.mot (nr=10005 nc=19)
[info] ExternalForce::RightGRF Data source being set to SRRun01_grf
[info] ExternalForce::LeftGRF Data source being set to SRRun01_grf
[info] Storage: read data file = SRRun01_grf.mot (nr=10005 nc=19)
[info] ExternalForce::RightGRF Data source being set to SRRun01_grf
[info] ExternalForce::LeftGRF Data source being set to SRRun01_grf
[info] Storage: read data file = SRRun01_grf.mot (nr=10005 nc=19)
[info] ExternalForce::RightGRF Data source being set to SRRun01_grf
[info] ExternalForce::LeftGRF Data source being set to SRRun01_grf
[info] Storage: read data file = SRRun01_grf.mot (nr=10005 nc=19)
[info] ExternalForce::RightGRF Data source being set to SRRun01_grf
[info] ExternalForce::LeftGRF Data source being set to SRRun01_grf
[info] Storage: read data file = SRRun01_grf.mot (nr=10005 nc=19)
[info] ExternalForce::RightGRF Data source being set to SRRun01_grf
[info] ExternalForce::LeftGRF Data source being set to SRRun01_grf
[info] Storage: read data file = SRRun01_grf.mot (nr=10005 nc=19)
[info] ExternalForce::RightGRF Data source being set to SRRun01_grf
[info] ExternalForce::LeftGRF Data source being set to SRRun01_grf
[info] Storage: read data file = SRRun01_grf.mot (nr=10005 nc=19)
[info] ExternalForce::RightGRF Data source being set to SRRun01_grf
[info] ExternalForce::LeftGRF Data source being set to SRRun01_grf
[info] Storage: read data file = SRRun01_grf.mot (nr=10005 nc=19)
[info] ExternalForce::RightGRF Data source being set to SRRun01_grf
[info] ExternalForce::LeftGRF Data source being set to SRRun01_grf
[info] Storage: read data file = SRRun01_grf.mot (nr=10005 nc=19)
[info] ExternalForce::RightGRF Data source being set to SRRun01_grf
[info] ExternalForce::LeftGRF Data source being set to SRRun01_grf
[info] Storage: read data file = SRRun01_grf.mot (nr=10005 nc=19)
[info] ExternalForce::RightGRF Data source being set to SRRun01_grf
[info] ExternalForce::LeftGRF Data source being set to SRRun01_grf
[info] Storage: read data file = SRRun01_grf.mot (nr=10005 nc=19)
[info] ExternalForce::RightGRF Data source being set to SRRun01_grf
[info] ExternalForce::LeftGRF Data source being set to SRRun01_grf
[info] Storage: read data file = SRRun01_grf.mot (nr=10005 nc=19)
[info] ExternalForce::RightGRF Data source being set to SRRun01_grf
[info] ExternalForce::LeftGRF Data source being set to SRRun01_grf
[info] Storage: read data file = SRRun01_grf.mot (nr=10005 nc=19)
[info] ExternalForce::RightGRF Data source being set to SRRun01_grf
[info] ExternalForce::LeftGRF Data source being set to SRRun01_grf
[info] Storage: read data file = SRRun01_grf.mot (nr=10005 nc=19)
[info] ExternalForce::RightGRF Data source being set to SRRun01_grf
[info] ExternalForce::LeftGRF Data source being set to SRRun01_grf
[info] Storage: read data file = SRRun01_grf.mot (nr=10005 nc=19)
[info] ExternalForce::RightGRF Data source being set to SRRun01_grf
[info] ExternalForce::LeftGRF Data source being set to SRRun01_grf
[info] Storage: read data file = SRRun01_grf.mot (nr=10005 nc=19)
[info] ExternalForce::RightGRF Data source being set to SRRun01_grf
[info] ExternalForce::LeftGRF Data source being set to SRRun01_grf
[info] Storage: read data file = SRRun01_grf.mot (nr=10005 nc=19)
[info] ExternalForce::RightGRF Data source being set to SRRun01_grf
[info] ExternalForce::LeftGRF Data source being set to SRRun01_grf
[info] Storage: read data file = SRRun01_grf.mot (nr=10005 nc=19)
[info] ExternalForce::RightGRF Data source being set to SRRun01_grf
[info] ExternalForce::LeftGRF Data source being set to SRRun01_grf
[info] Storage: read data file = SRRun01_grf.mot (nr=10005 nc=19)
[info] ExternalForce::RightGRF Data source being set to SRRun01_grf
[info] ExternalForce::LeftGRF Data source being set to SRRun01_grf
[info] Storage: read data file = SRRun01_grf.mot (nr=10005 nc=19)
[info] ExternalForce::RightGRF Data source being set to SRRun01_grf
[info] ExternalForce::LeftGRF Data source being set to SRRun01_grf
[info] Storage: read data file = SRRun01_grf.mot (nr=10005 nc=19)
[info] ExternalForce::RightGRF Data source being set to SRRun01_grf
[info] ExternalForce::LeftGRF Data source being set to SRRun01_grf
[info] Storage: read data file = SRRun01_grf.mot (nr=10005 nc=19)
[info] ExternalForce::RightGRF Data source being set to SRRun01_grf
[info] ExternalForce::LeftGRF Data source being set to SRRun01_grf
[info] Storage: read data file = SRRun01_grf.mot (nr=10005 nc=19)
[info] ExternalForce::RightGRF Data source being set to SRRun01_grf
[info] ExternalForce::LeftGRF Data source being set to SRRun01_grf
[info] Storage: read data file = SRRun01_grf.mot (nr=10005 nc=19)
[info] ExternalForce::RightGRF Data source being set to SRRun01_grf
[info] ExternalForce::LeftGRF Data source being set to SRRun01_grf
[info] Storage: read data file = SRRun01_grf.mot (nr=10005 nc=19)
[info] ExternalForce::RightGRF Data source being set to SRRun01_grf
[info] ExternalForce::LeftGRF Data source being set to SRRun01_grf
[info] Storage: read data file = SRRun01_grf.mot (nr=10005 nc=19)
[info] ExternalForce::RightGRF Data source being set to SRRun01_grf
[info] ExternalForce::LeftGRF Data source being set to SRRun01_grf
[info] Storage: read data file = SRRun01_grf.mot (nr=10005 nc=19)
[info] ExternalForce::RightGRF Data source being set to SRRun01_grf
[info] ExternalForce::LeftGRF Data source being set to SRRun01_grf
[info] Storage: read data file = SRRun01_grf.mot (nr=10005 nc=19)
[info] ExternalForce::RightGRF Data source being set to SRRun01_grf
[info] ExternalForce::LeftGRF Data source being set to SRRun01_grf
[info] Storage: read data file = SRRun01_grf.mot (nr=10005 nc=19)
[info] ExternalForce::RightGRF Data source being set to SRRun01_grf
[info] ExternalForce::LeftGRF Data source being set to SRRun01_grf
[info] Storage: read data file = SRRun01_grf.mot (nr=10005 nc=19)
[info] ExternalForce::RightGRF Data source being set to SRRun01_grf
[info] ExternalForce::LeftGRF Data source being set to SRRun01_grf
[info] Storage: read data file = SRRun01_grf.mot (nr=10005 nc=19)
[info] ExternalForce::RightGRF Data source being set to SRRun01_grf
[info] ExternalForce::LeftGRF Data source being set to SRRun01_grf
[info] Storage: read data file = SRRun01_grf.mot (nr=10005 nc=19)
[info] ExternalForce::RightGRF Data source being set to SRRun01_grf
[info] ExternalForce::LeftGRF Data source being set to SRRun01_grf
[info] Storage: read data file = SRRun01_grf.mot (nr=10005 nc=19)
[info] ExternalForce::RightGRF Data source being set to SRRun01_grf
[info] ExternalForce::LeftGRF Data source being set to SRRun01_grf
[info] Storage: read data file = SRRun01_grf.mot (nr=10005 nc=19)
[info] ExternalForce::RightGRF Data source being set to SRRun01_grf
[info] ExternalForce::LeftGRF Data source being set to SRRun01_grf
[info] Storage: read data file = SRRun01_grf.mot (nr=10005 nc=19)
[info] ExternalForce::RightGRF Data source being set to SRRun01_grf
[info] ExternalForce::LeftGRF Data source being set to SRRun01_grf
[info] Storage: read data file = SRRun01_grf.mot (nr=10005 nc=19)
[info] ExternalForce::RightGRF Data source being set to SRRun01_grf
[info] ExternalForce::LeftGRF Data source being set to SRRun01_grf
[info] Storage: read data file = SRRun01_grf.mot (nr=10005 nc=19)
[info] ExternalForce::RightGRF Data source being set to SRRun01_grf
[info] ExternalForce::LeftGRF Data source being set to SRRun01_grf
[info] Storage: read data file = SRRun01_grf.mot (nr=10005 nc=19)
[info] ExternalForce::RightGRF Data source being set to SRRun01_grf
[info] ExternalForce::LeftGRF Data source being set to SRRun01_grf
[info] Storage: read data file = SRRun01_grf.mot (nr=10005 nc=19)
[info] ExternalForce::RightGRF Data source being set to SRRun01_grf
[info] ExternalForce::LeftGRF Data source being set to SRRun01_grf
[info] Storage: read data file = SRRun01_grf.mot (nr=10005 nc=19)
[info] ExternalForce::RightGRF Data source being set to SRRun01_grf
[info] ExternalForce::LeftGRF Data source being set to SRRun01_grf
[info] Storage: read data file = SRRun01_grf.mot (nr=10005 nc=19)
[info] ExternalForce::RightGRF Data source being set to SRRun01_grf
[info] ExternalForce::LeftGRF Data source being set to SRRun01_grf
[info] Storage: read data file = SRRun01_grf.mot (nr=10005 nc=19)
[info] ExternalForce::RightGRF Data source being set to SRRun01_grf
[info] ExternalForce::LeftGRF Data source being set to SRRun01_grf
[info] Storage: read data file = SRRun01_grf.mot (nr=10005 nc=19)
[info] ExternalForce::RightGRF Data source being set to SRRun01_grf
[info] ExternalForce::LeftGRF Data source being set to SRRun01_grf
[info] Storage: read data file = SRRun01_grf.mot (nr=10005 nc=19)
[info] ExternalForce::RightGRF Data source being set to SRRun01_grf
[info] ExternalForce::LeftGRF Data source being set to SRRun01_grf
[info] Storage: read data file = SRRun01_grf.mot (nr=10005 nc=19)
[info] ExternalForce::RightGRF Data source being set to SRRun01_grf
[info] ExternalForce::LeftGRF Data source being set to SRRun01_grf
[info] Storage: read data file = SRRun01_grf.mot (nr=10005 nc=19)
[info] ExternalForce::RightGRF Data source being set to SRRun01_grf
[info] ExternalForce::LeftGRF Data source being set to SRRun01_grf
[info] Storage: read data file = SRRun01_grf.mot (nr=10005 nc=19)
[info] ExternalForce::RightGRF Data source being set to SRRun01_grf
[info] ExternalForce::LeftGRF Data source being set to SRRun01_grf
[info] Storage: read data file = SRRun01_grf.mot (nr=10005 nc=19)
[info] ExternalForce::RightGRF Data source being set to SRRun01_grf
[info] ExternalForce::LeftGRF Data source being set to SRRun01_grf
[info] Storage: read data file = SRRun01_grf.mot (nr=10005 nc=19)
[info] ExternalForce::RightGRF Data source being set to SRRun01_grf
[info] ExternalForce::LeftGRF Data source being set to SRRun01_grf
[info] Storage: read data file = SRRun01_grf.mot (nr=10005 nc=19)
[info] ExternalForce::RightGRF Data source being set to SRRun01_grf
[info] ExternalForce::LeftGRF Data source being set to SRRun01_grf
[info] Storage: read data file = SRRun01_grf.mot (nr=10005 nc=19)
[info] ExternalForce::RightGRF Data source being set to SRRun01_grf
[info] ExternalForce::LeftGRF Data source being set to SRRun01_grf
[info] Storage: read data file = SRRun01_grf.mot (nr=10005 nc=19)
[info] ExternalForce::RightGRF Data source being set to SRRun01_grf
[info] ExternalForce::LeftGRF Data source being set to SRRun01_grf
[info] Storage: read data file = SRRun01_grf.mot (nr=10005 nc=19)
[info] ExternalForce::RightGRF Data source being set to SRRun01_grf
[info] ExternalForce::LeftGRF Data source being set to SRRun01_grf
[info] Storage: read data file = SRRun01_grf.mot (nr=10005 nc=19)
[info] ExternalForce::RightGRF Data source being set to SRRun01_grf
[info] ExternalForce::LeftGRF Data source being set to SRRun01_grf
[info] Storage: read data file = SRRun01_grf.mot (nr=10005 nc=19)
[info] ExternalForce::RightGRF Data source being set to SRRun01_grf
[info] ExternalForce::LeftGRF Data source being set to SRRun01_grf
[info] Storage: read data file = SRRun01_grf.mot (nr=10005 nc=19)
[info] ExternalForce::RightGRF Data source being set to SRRun01_grf
[info] ExternalForce::LeftGRF Data source being set to SRRun01_grf
[info] Storage: read data file = SRRun01_grf.mot (nr=10005 nc=19)
[info] ExternalForce::RightGRF Data source being set to SRRun01_grf
[info] ExternalForce::LeftGRF Data source being set to SRRun01_grf
[info] Storage: read data file = SRRun01_grf.mot (nr=10005 nc=19)
[info] ExternalForce::RightGRF Data source being set to SRRun01_grf
[info] ExternalForce::LeftGRF Data source being set to SRRun01_grf
[info] Storage: read data file = SRRun01_grf.mot (nr=10005 nc=19)
[info] ExternalForce::RightGRF Data source being set to SRRun01_grf
[info] ExternalForce::LeftGRF Data source being set to SRRun01_grf
[info] Storage: read data file = SRRun01_grf.mot (nr=10005 nc=19)
[info] ExternalForce::RightGRF Data source being set to SRRun01_grf
[info] ExternalForce::LeftGRF Data source being set to SRRun01_grf
[info] ========================================================================
[info] MocoCasADiSolver starting.
[info] Tue Jun  2 17:00:22 2026
[info] ------------------------------------------------------------------------
[info] Costs: (total: 2)
[info]   marker_tracking. MocoMarkerTrackingGoal, enabled: true, mode: cost, weight: 10
[info]         allow unused references: 
[info]         tracked marker(s):
[info]             C7, weight: 1
[info]             T10, weight: 1
[info]             CLAV, weight: 1
[info]             LSHO, weight: 1
[info]             RSHO, weight: 1
[info]             LASIS, weight: 5
[info]             RASIS, weight: 5
[info]             LPSIS, weight: 5
[info]             RPSIS, weight: 5
[info]             LILCR, weight: 2.5
[info]             RILCR, weight: 2.5
[info]             LGTR, weight: 1
[info]             LTHI, weight: 5
[info]             LLTHI, weight: 5
[info]             LLEP, weight: 1
[info]             LPSH, weight: 5
[info]             LLSH, weight: 5
[info]             LDSH, weight: 5
[info]             LLMAL, weight: 1
[info]             LTOE, weight: 10
[info]             L5TH, weight: 10
[info]             LHEE, weight: 5
[info]             RGTR, weight: 1
[info]             RTHI, weight: 5
[info]             RLTHI, weight: 5
[info]             RLEP, weight: 1
[info]             RPSH, weight: 5
[info]             RLSH, weight: 5
[info]             RDSH, weight: 5
[info]             RLMAL, weight: 1
[info]             RTOE, weight: 10
[info]             R5TH, weight: 10
[info]             RHEE, weight: 5
[info]   control_effort. MocoControlGoal, enabled: true, mode: cost, weight: 1
[info]         control: /forceset/addbrev_r, weight: 1
[info]         control: /forceset/addlong_r, weight: 1
[info]         control: /forceset/addmagDist_r, weight: 1
[info]         control: /forceset/addmagIsch_r, weight: 1
[info]         control: /forceset/addmagMid_r, weight: 1
[info]         control: /forceset/addmagProx_r, weight: 1
[info]         control: /forceset/bflh_r, weight: 1
[info]         control: /forceset/bfsh_r, weight: 1
[info]         control: /forceset/edl_r, weight: 1
[info]         control: /forceset/ehl_r, weight: 1
[info]         control: /forceset/fdl_r, weight: 1
[info]         control: /forceset/fhl_r, weight: 1
[info]         control: /forceset/gaslat_r, weight: 1
[info]         control: /forceset/gasmed_r, weight: 1
[info]         control: /forceset/glmax1_r, weight: 1
[info]         control: /forceset/glmax2_r, weight: 1
[info]         control: /forceset/glmax3_r, weight: 1
[info]         control: /forceset/glmed1_r, weight: 1
[info]         control: /forceset/glmed2_r, weight: 1
[info]         control: /forceset/glmed3_r, weight: 1
[info]         control: /forceset/glmin1_r, weight: 1
[info]         control: /forceset/glmin2_r, weight: 1
[info]         control: /forceset/glmin3_r, weight: 1
[info]         control: /forceset/grac_r, weight: 1
[info]         control: /forceset/iliacus_r, weight: 1
[info]         control: /forceset/perbrev_r, weight: 1
[info]         control: /forceset/perlong_r, weight: 1
[info]         control: /forceset/piri_r, weight: 1
[info]         control: /forceset/psoas_r, weight: 1
[info]         control: /forceset/recfem_r, weight: 1
[info]         control: /forceset/sart_r, weight: 1
[info]         control: /forceset/semimem_r, weight: 1
[info]         control: /forceset/semiten_r, weight: 1
[info]         control: /forceset/soleus_r, weight: 1
[info]         control: /forceset/tfl_r, weight: 1
[info]         control: /forceset/tibant_r, weight: 1
[info]         control: /forceset/tibpost_r, weight: 1
[info]         control: /forceset/vasint_r, weight: 1
[info]         control: /forceset/vaslat_r, weight: 1
[info]         control: /forceset/vasmed_r, weight: 1
[info]         control: /forceset/pelvis_tx_residual, weight: 10
[info]         control: /forceset/pelvis_ty_residual, weight: 10
[info]         control: /forceset/pelvis_tz_residual, weight: 10
[info]         control: /forceset/pelvis_tilt_residual, weight: 10
[info]         control: /forceset/pelvis_list_residual, weight: 10
[info]         control: /forceset/pelvis_rotation_residual, weight: 10
[info]         control: /forceset/hip_flexion_r_reserve, weight: 5
[info]         control: /forceset/hip_adduction_r_reserve, weight: 5
[info]         control: /forceset/hip_rotation_r_reserve, weight: 5
[info]         control: /forceset/knee_angle_r_reserve, weight: 5
[info]         control: /forceset/ankle_angle_r_reserve, weight: 5
[info]         control: /forceset/subtalar_angle_r_reserve, weight: 5
[info]         control: /forceset/hip_flexion_l_torque, weight: 0.01
[info]         control: /forceset/hip_adduction_l_torque, weight: 0.01
[info]         control: /forceset/hip_rotation_l_torque, weight: 0.01
[info]         control: /forceset/knee_angle_l_torque, weight: 0.01
[info]         control: /forceset/ankle_angle_l_torque, weight: 0.01
[info]         control: /forceset/subtalar_angle_l_torque, weight: 0.01
[info] Endpoint constraints: (total: 1)
[info]   initial_activation. MocoInitialActivationGoal, enabled: true, mode: endpoint_constraint
[info] Kinematic constraints: (total: 2)
[info]   kinematic_constraint_cid20. MocoConstraintInfo. number of scalar equations: 3. bounds: 0, 0, 0
[info]   kinematic_constraint_cid21. MocoConstraintInfo. number of scalar equations: 3. bounds: 0, 0, 0
[info] Path constraints: none
[info] States: (total: 80)
[info]   /jointset/subtalar_l/subtalar_angle_l/speed. bounds: [-50, 50]
[info]   /jointset/patellofemoral_l/knee_angle_l_beta/speed. bounds: [-50, 50]
[info]   /jointset/walker_knee_l/knee_angle_l/speed. bounds: [-50, 50]
[info]   /jointset/hip_l/hip_adduction_l/speed. bounds: [-50, 50]
[info]   /jointset/hip_l/hip_flexion_l/speed. bounds: [-50, 50]
[info]   /jointset/subtalar_r/subtalar_angle_r/speed. bounds: [-50, 50]
[info]   /jointset/ankle_r/ankle_angle_r/speed. bounds: [-50, 50]
[info]   /jointset/patellofemoral_r/knee_angle_r_beta/speed. bounds: [-50, 50]
[info]   /jointset/patellofemoral_l/knee_angle_l_beta/value. bounds: [-99999.9, 99999.9]
[info]   /jointset/patellofemoral_r/knee_angle_r_beta/value. bounds: [-99999.9, 99999.9]
[info]   /jointset/ground_pelvis/pelvis_tx/speed. bounds: [-50, 50]
[info]   /jointset/ground_pelvis/pelvis_rotation/speed. bounds: [-50, 50]
[info]   /jointset/subtalar_l/subtalar_angle_l/value. bounds: [-0.532556, 0.262094] initial: [-0.523345, -0.296302]
[info]   /jointset/ground_pelvis/pelvis_ty/speed. bounds: [-50, 50]
[info]   /jointset/ground_pelvis/pelvis_tilt/speed. bounds: [-50, 50]
[info]   /jointset/ankle_l/ankle_angle_l/value. bounds: [-0.655468, 0.62337] initial: [-0.214555, 0.150828]
[info]   /jointset/hip_r/hip_adduction_r/speed. bounds: [-50, 50]
[info]   /jointset/hip_l/hip_rotation_l/value. bounds: [-0.170896, 0.137987] initial: [-0.0472888, 0.0409636]
[info]   /jointset/hip_l/hip_flexion_l/value. bounds: [-0.431944, 0.728905] initial: [0.330151, 0.661823]
[info]   /jointset/subtalar_r/subtalar_angle_r/value. bounds: [-0.343914, 0.147076] initial: [-0.141643, -0.00136019]
[info]   /jointset/ground_pelvis/pelvis_tz/speed. bounds: [-50, 50]
[info]   /jointset/hip_r/hip_rotation_r/value. bounds: [0.0625051, 0.19556] initial: [0.0756911, 0.113707]
[info]   /jointset/ground_pelvis/pelvis_tz/value. bounds: [-1.27157, -1.18644] initial: [-1.25384, -1.22952]
[info]   /jointset/ground_pelvis/pelvis_rotation/value. bounds: [1.33128, 1.5708] initial: [1.51758, 1.5708]
[info]   /jointset/walker_knee_l/knee_angle_l/value. bounds: [0, 1.94571] initial: [0.777675, 1.3611]
[info]   /jointset/ground_pelvis/pelvis_list/value. bounds: [-0.149437, 0.0449572] initial: [-0.0802377, -0.0246965]
[info]   /jointset/ground_pelvis/pelvis_tilt/value. bounds: [-0.283961, 0.225391] initial: [-0.0586289, 0.0869003]
[info]   /forceset/vasmed_r/activation. bounds: [0.01, 1]
[info]   /forceset/vaslat_r/activation. bounds: [0.01, 1]
[info]   /forceset/vasint_r/activation. bounds: [0.01, 1]
[info]   /forceset/soleus_r/activation. bounds: [0.01, 1]
[info]   /jointset/ground_pelvis/pelvis_ty/value. bounds: [0.902974, 1.03587] initial: [0.962094, 1.00006]
[info]   /forceset/semiten_r/activation. bounds: [0.01, 1]
[info]   /forceset/semimem_r/activation. bounds: [0.01, 1]
[info]   /jointset/ground_pelvis/pelvis_list/speed. bounds: [-50, 50]
[info]   /forceset/recfem_r/activation. bounds: [0.01, 1]
[info]   /jointset/ankle_r/ankle_angle_r/value. bounds: [-0.533503, 0.675828] initial: [-0.0995253, 0.245998]
[info]   /forceset/psoas_r/activation. bounds: [0.01, 1]
[info]   /jointset/walker_knee_r/knee_angle_r/speed. bounds: [-50, 50]
[info]   /jointset/hip_l/hip_adduction_l/value. bounds: [-0.417355, 0.389536] initial: [-0.193123, 0.0374175]
[info]   /forceset/tibpost_r/activation. bounds: [0.01, 1]
[info]   /forceset/perlong_r/activation. bounds: [0.01, 1]
[info]   /forceset/perbrev_r/activation. bounds: [0.01, 1]
[info]   /jointset/hip_r/hip_rotation_r/speed. bounds: [-50, 50]
[info]   /jointset/hip_r/hip_flexion_r/speed. bounds: [-50, 50]
[info]   /forceset/iliacus_r/activation. bounds: [0.01, 1]
[info]   /forceset/sart_r/activation. bounds: [0.01, 1]
[info]   /forceset/grac_r/activation. bounds: [0.01, 1]
[info]   /forceset/glmin3_r/activation. bounds: [0.01, 1]
[info]   /jointset/ankle_l/ankle_angle_l/speed. bounds: [-50, 50]
[info]   /forceset/glmin2_r/activation. bounds: [0.01, 1]
[info]   /jointset/walker_knee_r/knee_angle_r/value. bounds: [0, 2.02048] initial: [0.0651806, 0.687537]
[info]   /forceset/glmin1_r/activation. bounds: [0.01, 1]
[info]   /forceset/glmed3_r/activation. bounds: [0.01, 1]
[info]   /forceset/glmed1_r/activation. bounds: [0.01, 1]
[info]   /forceset/piri_r/activation. bounds: [0.01, 1]
[info]   /forceset/glmax3_r/activation. bounds: [0.01, 1]
[info]   /forceset/glmax2_r/activation. bounds: [0.01, 1]
[info]   /forceset/tfl_r/activation. bounds: [0.01, 1]
[info]   /forceset/glmax1_r/activation. bounds: [0.01, 1]
[info]   /forceset/gasmed_r/activation. bounds: [0.01, 1]
[info]   /forceset/gaslat_r/activation. bounds: [0.01, 1]
[info]   /forceset/fhl_r/activation. bounds: [0.01, 1]
[info]   /forceset/fdl_r/activation. bounds: [0.01, 1]
[info]   /forceset/ehl_r/activation. bounds: [0.01, 1]
[info]   /forceset/tibant_r/activation. bounds: [0.01, 1]
[info]   /forceset/edl_r/activation. bounds: [0.01, 1]
[info]   /jointset/hip_r/hip_flexion_r/value. bounds: [-0.460068, 0.733455] initial: [-0.28859, 0.0524166]
[info]   /jointset/ground_pelvis/pelvis_tx/value. bounds: [0.871506, 0.909403] initial: [0.872503, 0.88333]
[info]   /forceset/bfsh_r/activation. bounds: [0.01, 1]
[info]   /forceset/bflh_r/activation. bounds: [0.01, 1]
[info]   /forceset/addmagProx_r/activation. bounds: [0.01, 1]
[info]   /jointset/hip_l/hip_rotation_l/speed. bounds: [-50, 50]
[info]   /jointset/hip_r/hip_adduction_r/value. bounds: [-0.458264, 0.386473] initial: [-0.0565666, 0.184787]
[info]   /forceset/addmagMid_r/activation. bounds: [0.01, 1]
[info]   /forceset/glmed2_r/activation. bounds: [0.01, 1]
[info]   /forceset/addmagIsch_r/activation. bounds: [0.01, 1]
[info]   /forceset/addmagDist_r/activation. bounds: [0.01, 1]
[info]   /forceset/addlong_r/activation. bounds: [0.01, 1]
[info]   /forceset/addbrev_r/activation. bounds: [0.01, 1]
[info] Controls: (total: 58)
[info]   /forceset/subtalar_angle_l_torque. bounds: [-inf, inf]
[info]   /forceset/ankle_angle_l_torque. bounds: [-inf, inf]
[info]   /forceset/knee_angle_l_torque. bounds: [-inf, inf]
[info]   /forceset/hip_rotation_l_torque. bounds: [-inf, inf]
[info]   /forceset/subtalar_angle_r_reserve. bounds: [-inf, inf]
[info]   /forceset/hip_rotation_r_reserve. bounds: [-inf, inf]
[info]   /forceset/knee_angle_r_reserve. bounds: [-inf, inf]
[info]   /forceset/pelvis_rotation_residual. bounds: [-inf, inf]
[info]   /forceset/pelvis_list_residual. bounds: [-inf, inf]
[info]   /forceset/pelvis_tz_residual. bounds: [-inf, inf]
[info]   /forceset/pelvis_tx_residual. bounds: [-inf, inf]
[info]   /forceset/psoas_r. bounds: [0.001, 1]
[info]   /forceset/perlong_r. bounds: [0.001, 1]
[info]   /forceset/glmed3_r. bounds: [0.001, 1]
[info]   /forceset/perbrev_r. bounds: [0.001, 1]
[info]   /forceset/iliacus_r. bounds: [0.001, 1]
[info]   /forceset/grac_r. bounds: [0.001, 1]
[info]   /forceset/vasint_r. bounds: [0.001, 1]
[info]   /forceset/hip_flexion_l_torque. bounds: [-inf, inf]
[info]   /forceset/glmin3_r. bounds: [0.001, 1]
[info]   /forceset/bfsh_r. bounds: [0.001, 1]
[info]   /forceset/glmin2_r. bounds: [0.001, 1]
[info]   /forceset/glmax3_r. bounds: [0.001, 1]
[info]   /forceset/ankle_angle_r_reserve. bounds: [-inf, inf]
[info]   /forceset/glmin1_r. bounds: [0.001, 1]
[info]   /forceset/glmed2_r. bounds: [0.001, 1]
[info]   /forceset/fhl_r. bounds: [0.001, 1]
[info]   /forceset/piri_r. bounds: [0.001, 1]
[info]   /forceset/addlong_r. bounds: [0.001, 1]
[info]   /forceset/addmagProx_r. bounds: [0.001, 1]
[info]   /forceset/gaslat_r. bounds: [0.001, 1]
[info]   /forceset/addmagDist_r. bounds: [0.001, 1]
[info]   /forceset/pelvis_tilt_residual. bounds: [-inf, inf]
[info]   /forceset/glmax1_r. bounds: [0.001, 1]
[info]   /forceset/edl_r. bounds: [0.001, 1]
[info]   /forceset/hip_adduction_l_torque. bounds: [-inf, inf]
[info]   /forceset/addmagIsch_r. bounds: [0.001, 1]
[info]   /forceset/bflh_r. bounds: [0.001, 1]
[info]   /forceset/pelvis_ty_residual. bounds: [-inf, inf]
[info]   /forceset/addmagMid_r. bounds: [0.001, 1]
[info]   /forceset/hip_adduction_r_reserve. bounds: [-inf, inf]
[info]   /forceset/hip_flexion_r_reserve. bounds: [-inf, inf]
[info]   /forceset/gasmed_r. bounds: [0.001, 1]
[info]   /forceset/ehl_r. bounds: [0.001, 1]
[info]   /forceset/glmed1_r. bounds: [0.001, 1]
[info]   /forceset/glmax2_r. bounds: [0.001, 1]
[info]   /forceset/vasmed_r. bounds: [0.001, 1]
[info]   /forceset/addbrev_r. bounds: [0.001, 1]
[info]   /forceset/semiten_r. bounds: [0.001, 1]
[info]   /forceset/fdl_r. bounds: [0.001, 1]
[info]   /forceset/recfem_r. bounds: [0.001, 1]
[info]   /forceset/tibpost_r. bounds: [0.001, 1]
[info]   /forceset/sart_r. bounds: [0.001, 1]
[info]   /forceset/semimem_r. bounds: [0.001, 1]
[info]   /forceset/soleus_r. bounds: [0.001, 1]
[info]   /forceset/tfl_r. bounds: [0.001, 1]
[info]   /forceset/tibant_r. bounds: [0.001, 1]
[info]   /forceset/vaslat_r. bounds: [0.001, 1]
[info] Input controls: none
[info] Parameters: none
[info] Storage: read data file = SRRun01_grf.mot (nr=10005 nc=19)
[info] ExternalForce::RightGRF Data source being set to SRRun01_grf
[info] ExternalForce::LeftGRF Data source being set to SRRun01_grf
[info] Storage: read data file = SRRun01_grf.mot (nr=10005 nc=19)
[info] ExternalForce::RightGRF Data source being set to SRRun01_grf
[info] ExternalForce::LeftGRF Data source being set to SRRun01_grf
[info] Storage: read data file = SRRun01_grf.mot (nr=10005 nc=19)
[info] ExternalForce::RightGRF Data source being set to SRRun01_grf
[info] ExternalForce::LeftGRF Data source being set to SRRun01_grf
[info] Storage: read data file = SRRun01_grf.mot (nr=10005 nc=19)
[info] ExternalForce::RightGRF Data source being set to SRRun01_grf
[info] ExternalForce::LeftGRF Data source being set to SRRun01_grf
[info] Storage: read data file = SRRun01_grf.mot (nr=10005 nc=19)
[info] ExternalForce::RightGRF Data source being set to SRRun01_grf
[info] ExternalForce::LeftGRF Data source being set to SRRun01_grf
[info] Storage: read data file = SRRun01_grf.mot (nr=10005 nc=19)
[info] ExternalForce::RightGRF Data source being set to SRRun01_grf
[info] ExternalForce::LeftGRF Data source being set to SRRun01_grf
[info] Storage: read data file = SRRun01_grf.mot (nr=10005 nc=19)
[info] ExternalForce::RightGRF Data source being set to SRRun01_grf
[info] ExternalForce::LeftGRF Data source being set to SRRun01_grf
[info] Storage: read data file = SRRun01_grf.mot (nr=10005 nc=19)
[info] ExternalForce::RightGRF Data source being set to SRRun01_grf
[info] ExternalForce::LeftGRF Data source being set to SRRun01_grf
[info] Storage: read data file = SRRun01_grf.mot (nr=10005 nc=19)
[info] ExternalForce::RightGRF Data source being set to SRRun01_grf
[info] ExternalForce::LeftGRF Data source being set to SRRun01_grf
[info] Storage: read data file = SRRun01_grf.mot (nr=10005 nc=19)
[info] ExternalForce::RightGRF Data source being set to SRRun01_grf
[info] ExternalForce::LeftGRF Data source being set to SRRun01_grf
[info] Storage: read data file = SRRun01_grf.mot (nr=10005 nc=19)
[info] ExternalForce::RightGRF Data source being set to SRRun01_grf
[info] ExternalForce::LeftGRF Data source being set to SRRun01_grf
[info] Storage: read data file = SRRun01_grf.mot (nr=10005 nc=19)
[info] ExternalForce::RightGRF Data source being set to SRRun01_grf
[info] ExternalForce::LeftGRF Data source being set to SRRun01_grf
[info] Storage: read data file = SRRun01_grf.mot (nr=10005 nc=19)
[info] ExternalForce::RightGRF Data source being set to SRRun01_grf
[info] ExternalForce::LeftGRF Data source being set to SRRun01_grf
[info] Storage: read data file = SRRun01_grf.mot (nr=10005 nc=19)
[info] ExternalForce::RightGRF Data source being set to SRRun01_grf
[info] ExternalForce::LeftGRF Data source being set to SRRun01_grf
[info] Storage: read data file = SRRun01_grf.mot (nr=10005 nc=19)
[info] ExternalForce::RightGRF Data source being set to SRRun01_grf
[info] ExternalForce::LeftGRF Data source being set to SRRun01_grf
[info] Storage: read data file = SRRun01_grf.mot (nr=10005 nc=19)
[info] ExternalForce::RightGRF Data source being set to SRRun01_grf
[info] ExternalForce::LeftGRF Data source being set to SRRun01_grf
[info] Storage: read data file = SRRun01_grf.mot (nr=10005 nc=19)
[info] ExternalForce::RightGRF Data source being set to SRRun01_grf
[info] ExternalForce::LeftGRF Data source being set to SRRun01_grf
[info] Storage: read data file = SRRun01_grf.mot (nr=10005 nc=19)
[info] ExternalForce::RightGRF Data source being set to SRRun01_grf
[info] ExternalForce::LeftGRF Data source being set to SRRun01_grf
[info] Storage: read data file = SRRun01_grf.mot (nr=10005 nc=19)
[info] ExternalForce::RightGRF Data source being set to SRRun01_grf
[info] ExternalForce::LeftGRF Data source being set to SRRun01_grf
[info] Storage: read data file = SRRun01_grf.mot (nr=10005 nc=19)
[info] ExternalForce::RightGRF Data source being set to SRRun01_grf
[info] ExternalForce::LeftGRF Data source being set to SRRun01_grf
[info] Storage: read data file = SRRun01_grf.mot (nr=10005 nc=19)
[info] ExternalForce::RightGRF Data source being set to SRRun01_grf
[info] ExternalForce::LeftGRF Data source being set to SRRun01_grf
[info] Storage: read data file = SRRun01_grf.mot (nr=10005 nc=19)
[info] ExternalForce::RightGRF Data source being set to SRRun01_grf
[info] ExternalForce::LeftGRF Data source being set to SRRun01_grf
[info] Storage: read data file = SRRun01_grf.mot (nr=10005 nc=19)
[info] ExternalForce::RightGRF Data source being set to SRRun01_grf
[info] ExternalForce::LeftGRF Data source being set to SRRun01_grf
[info] Storage: read data file = SRRun01_grf.mot (nr=10005 nc=19)
[info] ExternalForce::RightGRF Data source being set to SRRun01_grf
[info] ExternalForce::LeftGRF Data source being set to SRRun01_grf
[info] Storage: read data file = SRRun01_grf.mot (nr=10005 nc=19)
[info] ExternalForce::RightGRF Data source being set to SRRun01_grf
[info] ExternalForce::LeftGRF Data source being set to SRRun01_grf
[info] Storage: read data file = SRRun01_grf.mot (nr=10005 nc=19)
[info] ExternalForce::RightGRF Data source being set to SRRun01_grf
[info] ExternalForce::LeftGRF Data source being set to SRRun01_grf
[info] Storage: read data file = SRRun01_grf.mot (nr=10005 nc=19)
[info] ExternalForce::RightGRF Data source being set to SRRun01_grf
[info] ExternalForce::LeftGRF Data source being set to SRRun01_grf
[info] Storage: read data file = SRRun01_grf.mot (nr=10005 nc=19)
[info] ExternalForce::RightGRF Data source being set to SRRun01_grf
[info] ExternalForce::LeftGRF Data source being set to SRRun01_grf
[info] Storage: read data file = SRRun01_grf.mot (nr=10005 nc=19)
[info] ExternalForce::RightGRF Data source being set to SRRun01_grf
[info] ExternalForce::LeftGRF Data source being set to SRRun01_grf
[info] Storage: read data file = SRRun01_grf.mot (nr=10005 nc=19)
[info] ExternalForce::RightGRF Data source being set to SRRun01_grf
[info] ExternalForce::LeftGRF Data source being set to SRRun01_grf
[info] Storage: read data file = SRRun01_grf.mot (nr=10005 nc=19)
[info] ExternalForce::RightGRF Data source being set to SRRun01_grf
[info] ExternalForce::LeftGRF Data source being set to SRRun01_grf
[info] Storage: read data file = SRRun01_grf.mot (nr=10005 nc=19)
[info] ExternalForce::RightGRF Data source being set to SRRun01_grf
[info] ExternalForce::LeftGRF Data source being set to SRRun01_grf
[info] Storage: read data file = SRRun01_grf.mot (nr=10005 nc=19)
[info] ExternalForce::RightGRF Data source being set to SRRun01_grf
[info] ExternalForce::LeftGRF Data source being set to SRRun01_grf
[info] Storage: read data file = SRRun01_grf.mot (nr=10005 nc=19)
[info] ExternalForce::RightGRF Data source being set to SRRun01_grf
[info] ExternalForce::LeftGRF Data source being set to SRRun01_grf
[info] Storage: read data file = SRRun01_grf.mot (nr=10005 nc=19)
[info] ExternalForce::RightGRF Data source being set to SRRun01_grf
[info] ExternalForce::LeftGRF Data source being set to SRRun01_grf
[info] Storage: read data file = SRRun01_grf.mot (nr=10005 nc=19)
[info] ExternalForce::RightGRF Data source being set to SRRun01_grf
[info] ExternalForce::LeftGRF Data source being set to SRRun01_grf
[info] Storage: read data file = SRRun01_grf.mot (nr=10005 nc=19)
[info] ExternalForce::RightGRF Data source being set to SRRun01_grf
[info] ExternalForce::LeftGRF Data source being set to SRRun01_grf
[info] Storage: read data file = SRRun01_grf.mot (nr=10005 nc=19)
[info] ExternalForce::RightGRF Data source being set to SRRun01_grf
[info] ExternalForce::LeftGRF Data source being set to SRRun01_grf
[info] Storage: read data file = SRRun01_grf.mot (nr=10005 nc=19)
[info] ExternalForce::RightGRF Data source being set to SRRun01_grf
[info] ExternalForce::LeftGRF Data source being set to SRRun01_grf
[info] Storage: read data file = SRRun01_grf.mot (nr=10005 nc=19)
[info] ExternalForce::RightGRF Data source being set to SRRun01_grf
[info] ExternalForce::LeftGRF Data source being set to SRRun01_grf
[info] Storage: read data file = SRRun01_grf.mot (nr=10005 nc=19)
[info] ExternalForce::RightGRF Data source being set to SRRun01_grf
[info] ExternalForce::LeftGRF Data source being set to SRRun01_grf
[info] Storage: read data file = SRRun01_grf.mot (nr=10005 nc=19)
[info] ExternalForce::RightGRF Data source being set to SRRun01_grf
[info] ExternalForce::LeftGRF Data source being set to SRRun01_grf
[info] Storage: read data file = SRRun01_grf.mot (nr=10005 nc=19)
[info] ExternalForce::RightGRF Data source being set to SRRun01_grf
[info] ExternalForce::LeftGRF Data source being set to SRRun01_grf
[info] Storage: read data file = SRRun01_grf.mot (nr=10005 nc=19)
[info] ExternalForce::RightGRF Data source being set to SRRun01_grf
[info] ExternalForce::LeftGRF Data source being set to SRRun01_grf
[info] Storage: read data file = SRRun01_grf.mot (nr=10005 nc=19)
[info] ExternalForce::RightGRF Data source being set to SRRun01_grf
[info] ExternalForce::LeftGRF Data source being set to SRRun01_grf
[info] Storage: read data file = SRRun01_grf.mot (nr=10005 nc=19)
[info] ExternalForce::RightGRF Data source being set to SRRun01_grf
[info] ExternalForce::LeftGRF Data source being set to SRRun01_grf
[info] Storage: read data file = SRRun01_grf.mot (nr=10005 nc=19)
[info] ExternalForce::RightGRF Data source being set to SRRun01_grf
[info] ExternalForce::LeftGRF Data source being set to SRRun01_grf
[info] Storage: read data file = SRRun01_grf.mot (nr=10005 nc=19)
[info] ExternalForce::RightGRF Data source being set to SRRun01_grf
[info] ExternalForce::LeftGRF Data source being set to SRRun01_grf
[info] Storage: read data file = SRRun01_grf.mot (nr=10005 nc=19)
[info] ExternalForce::RightGRF Data source being set to SRRun01_grf
[info] ExternalForce::LeftGRF Data source being set to SRRun01_grf
[info] Storage: read data file = SRRun01_grf.mot (nr=10005 nc=19)
[info] ExternalForce::RightGRF Data source being set to SRRun01_grf
[info] ExternalForce::LeftGRF Data source being set to SRRun01_grf
[info] Storage: read data file = SRRun01_grf.mot (nr=10005 nc=19)
[info] ExternalForce::RightGRF Data source being set to SRRun01_grf
[info] ExternalForce::LeftGRF Data source being set to SRRun01_grf
[info] Storage: read data file = SRRun01_grf.mot (nr=10005 nc=19)
[info] ExternalForce::RightGRF Data source being set to SRRun01_grf
[info] ExternalForce::LeftGRF Data source being set to SRRun01_grf
[info] Storage: read data file = SRRun01_grf.mot (nr=10005 nc=19)
[info] ExternalForce::RightGRF Data source being set to SRRun01_grf
[info] ExternalForce::LeftGRF Data source being set to SRRun01_grf
[info] Storage: read data file = SRRun01_grf.mot (nr=10005 nc=19)
[info] ExternalForce::RightGRF Data source being set to SRRun01_grf
[info] ExternalForce::LeftGRF Data source being set to SRRun01_grf
[info] Storage: read data file = SRRun01_grf.mot (nr=10005 nc=19)
[info] ExternalForce::RightGRF Data source being set to SRRun01_grf
[info] ExternalForce::LeftGRF Data source being set to SRRun01_grf
[info] Storage: read data file = SRRun01_grf.mot (nr=10005 nc=19)
[info] ExternalForce::RightGRF Data source being set to SRRun01_grf
[info] ExternalForce::LeftGRF Data source being set to SRRun01_grf
[info] Storage: read data file = SRRun01_grf.mot (nr=10005 nc=19)
[info] ExternalForce::RightGRF Data source being set to SRRun01_grf
[info] ExternalForce::LeftGRF Data source being set to SRRun01_grf
[info] Storage: read data file = SRRun01_grf.mot (nr=10005 nc=19)
[info] ExternalForce::RightGRF Data source being set to SRRun01_grf
[info] ExternalForce::LeftGRF Data source being set to SRRun01_grf
[info] Storage: read data file = SRRun01_grf.mot (nr=10005 nc=19)
[info] ExternalForce::RightGRF Data source being set to SRRun01_grf
[info] ExternalForce::LeftGRF Data source being set to SRRun01_grf
[info] Storage: read data file = SRRun01_grf.mot (nr=10005 nc=19)
[info] ExternalForce::RightGRF Data source being set to SRRun01_grf
[info] ExternalForce::LeftGRF Data source being set to SRRun01_grf
[info] Storage: read data file = SRRun01_grf.mot (nr=10005 nc=19)
[info] ExternalForce::RightGRF Data source being set to SRRun01_grf
[info] ExternalForce::LeftGRF Data source being set to SRRun01_grf
[info] Storage: read data file = SRRun01_grf.mot (nr=10005 nc=19)
[info] ExternalForce::RightGRF Data source being set to SRRun01_grf
[info] ExternalForce::LeftGRF Data source being set to SRRun01_grf
[info] Storage: read data file = SRRun01_grf.mot (nr=10005 nc=19)
[info] ExternalForce::RightGRF Data source being set to SRRun01_grf
[info] ExternalForce::LeftGRF Data source being set to SRRun01_grf
[info] Storage: read data file = SRRun01_grf.mot (nr=10005 nc=19)
[info] ExternalForce::RightGRF Data source being set to SRRun01_grf
[info] ExternalForce::LeftGRF Data source being set to SRRun01_grf
[info] Storage: read data file = SRRun01_grf.mot (nr=10005 nc=19)
[info] ExternalForce::RightGRF Data source being set to SRRun01_grf
[info] ExternalForce::LeftGRF Data source being set to SRRun01_grf
[info] Storage: read data file = SRRun01_grf.mot (nr=10005 nc=19)
[info] ExternalForce::RightGRF Data source being set to SRRun01_grf
[info] ExternalForce::LeftGRF Data source being set to SRRun01_grf
[info] Storage: read data file = SRRun01_grf.mot (nr=10005 nc=19)
[info] ExternalForce::RightGRF Data source being set to SRRun01_grf
[info] ExternalForce::LeftGRF Data source being set to SRRun01_grf
[info] Storage: read data file = SRRun01_grf.mot (nr=10005 nc=19)
[info] ExternalForce::RightGRF Data source being set to SRRun01_grf
[info] ExternalForce::LeftGRF Data source being set to SRRun01_grf
[info] Storage: read data file = SRRun01_grf.mot (nr=10005 nc=19)
[info] ExternalForce::RightGRF Data source being set to SRRun01_grf
[info] ExternalForce::LeftGRF Data source being set to SRRun01_grf
[info] Storage: read data file = SRRun01_grf.mot (nr=10005 nc=19)
[info] ExternalForce::RightGRF Data source being set to SRRun01_grf
[info] ExternalForce::LeftGRF Data source being set to SRRun01_grf
[info] Storage: read data file = SRRun01_grf.mot (nr=10005 nc=19)
[info] ExternalForce::RightGRF Data source being set to SRRun01_grf
[info] ExternalForce::LeftGRF Data source being set to SRRun01_grf
[info] Storage: read data file = SRRun01_grf.mot (nr=10005 nc=19)
[info] ExternalForce::RightGRF Data source being set to SRRun01_grf
[info] ExternalForce::LeftGRF Data source being set to SRRun01_grf
[info] Storage: read data file = SRRun01_grf.mot (nr=10005 nc=19)
[info] ExternalForce::RightGRF Data source being set to SRRun01_grf
[info] ExternalForce::LeftGRF Data source being set to SRRun01_grf
[info] Storage: read data file = SRRun01_grf.mot (nr=10005 nc=19)
[info] ExternalForce::RightGRF Data source being set to SRRun01_grf
[info] ExternalForce::LeftGRF Data source being set to SRRun01_grf
[info] Storage: read data file = SRRun01_grf.mot (nr=10005 nc=19)
[info] ExternalForce::RightGRF Data source being set to SRRun01_grf
[info] ExternalForce::LeftGRF Data source being set to SRRun01_grf
[info] Storage: read data file = SRRun01_grf.mot (nr=10005 nc=19)
[info] ExternalForce::RightGRF Data source being set to SRRun01_grf
[info] ExternalForce::LeftGRF Data source being set to SRRun01_grf
[info] Storage: read data file = SRRun01_grf.mot (nr=10005 nc=19)
[info] ExternalForce::RightGRF Data source being set to SRRun01_grf
[info] ExternalForce::LeftGRF Data source being set to SRRun01_grf
[info] Storage: read data file = SRRun01_grf.mot (nr=10005 nc=19)
[info] ExternalForce::RightGRF Data source being set to SRRun01_grf
[info] ExternalForce::LeftGRF Data source being set to SRRun01_grf
[info] Storage: read data file = SRRun01_grf.mot (nr=10005 nc=19)
[info] ExternalForce::RightGRF Data source being set to SRRun01_grf
[info] ExternalForce::LeftGRF Data source being set to SRRun01_grf
[info] Storage: read data file = SRRun01_grf.mot (nr=10005 nc=19)
[info] ExternalForce::RightGRF Data source being set to SRRun01_grf
[info] ExternalForce::LeftGRF Data source being set to SRRun01_grf
[info] Storage: read data file = SRRun01_grf.mot (nr=10005 nc=19)
[info] ExternalForce::RightGRF Data source being set to SRRun01_grf
[info] ExternalForce::LeftGRF Data source being set to SRRun01_grf
[info] Storage: read data file = SRRun01_grf.mot (nr=10005 nc=19)
[info] ExternalForce::RightGRF Data source being set to SRRun01_grf
[info] ExternalForce::LeftGRF Data source being set to SRRun01_grf
[info] Storage: read data file = SRRun01_grf.mot (nr=10005 nc=19)
[info] ExternalForce::RightGRF Data source being set to SRRun01_grf
[info] ExternalForce::LeftGRF Data source being set to SRRun01_grf
[info] Storage: read data file = SRRun01_grf.mot (nr=10005 nc=19)
[info] ExternalForce::RightGRF Data source being set to SRRun01_grf
[info] ExternalForce::LeftGRF Data source being set to SRRun01_grf
[info] Storage: read data file = SRRun01_grf.mot (nr=10005 nc=19)
[info] ExternalForce::RightGRF Data source being set to SRRun01_grf
[info] ExternalForce::LeftGRF Data source being set to SRRun01_grf
[info] Storage: read data file = SRRun01_grf.mot (nr=10005 nc=19)
[info] ExternalForce::RightGRF Data source being set to SRRun01_grf
[info] ExternalForce::LeftGRF Data source being set to SRRun01_grf
[info] Storage: read data file = SRRun01_grf.mot (nr=10005 nc=19)
[info] ExternalForce::RightGRF Data source being set to SRRun01_grf
[info] ExternalForce::LeftGRF Data source being set to SRRun01_grf
[info] Storage: read data file = SRRun01_grf.mot (nr=10005 nc=19)
[info] ExternalForce::RightGRF Data source being set to SRRun01_grf
[info] ExternalForce::LeftGRF Data source being set to SRRun01_grf
[info] Storage: read data file = SRRun01_grf.mot (nr=10005 nc=19)
[info] ExternalForce::RightGRF Data source being set to SRRun01_grf
[info] ExternalForce::LeftGRF Data source being set to SRRun01_grf
[info] Storage: read data file = SRRun01_grf.mot (nr=10005 nc=19)
[info] ExternalForce::RightGRF Data source being set to SRRun01_grf
[info] ExternalForce::LeftGRF Data source being set to SRRun01_grf
[info] Storage: read data file = SRRun01_grf.mot (nr=10005 nc=19)
[info] ExternalForce::RightGRF Data source being set to SRRun01_grf
[info] ExternalForce::LeftGRF Data source being set to SRRun01_grf
[info] Storage: read data file = SRRun01_grf.mot (nr=10005 nc=19)
[info] ExternalForce::RightGRF Data source being set to SRRun01_grf
[info] ExternalForce::LeftGRF Data source being set to SRRun01_grf
[info] Storage: read data file = SRRun01_grf.mot (nr=10005 nc=19)
[info] ExternalForce::RightGRF Data source being set to SRRun01_grf
[info] ExternalForce::LeftGRF Data source being set to SRRun01_grf
[info] Storage: read data file = SRRun01_grf.mot (nr=10005 nc=19)
[info] ExternalForce::RightGRF Data source being set to SRRun01_grf
[info] ExternalForce::LeftGRF Data source being set to SRRun01_grf
[info] Storage: read data file = SRRun01_grf.mot (nr=10005 nc=19)
[info] ExternalForce::RightGRF Data source being set to SRRun01_grf
[info] ExternalForce::LeftGRF Data source being set to SRRun01_grf
[info] Storage: read data file = SRRun01_grf.mot (nr=10005 nc=19)
[info] ExternalForce::RightGRF Data source being set to SRRun01_grf
[info] ExternalForce::LeftGRF Data source being set to SRRun01_grf
[info] Storage: read data file = SRRun01_grf.mot (nr=10005 nc=19)
[info] ExternalForce::RightGRF Data source being set to SRRun01_grf
[info] ExternalForce::LeftGRF Data source being set to SRRun01_grf
[info] Storage: read data file = SRRun01_grf.mot (nr=10005 nc=19)
[info] ExternalForce::RightGRF Data source being set to SRRun01_grf
[info] ExternalForce::LeftGRF Data source being set to SRRun01_grf
[info] Storage: read data file = SRRun01_grf.mot (nr=10005 nc=19)
[info] ExternalForce::RightGRF Data source being set to SRRun01_grf
[info] ExternalForce::LeftGRF Data source being set to SRRun01_grf
[info] Storage: read data file = SRRun01_grf.mot (nr=10005 nc=19)
[info] ExternalForce::RightGRF Data source being set to SRRun01_grf
[info] ExternalForce::LeftGRF Data source being set to SRRun01_grf
[info] Storage: read data file = SRRun01_grf.mot (nr=10005 nc=19)
[info] ExternalForce::RightGRF Data source being set to SRRun01_grf
[info] ExternalForce::LeftGRF Data source being set to SRRun01_grf
[info] Storage: read data file = SRRun01_grf.mot (nr=10005 nc=19)
[info] ExternalForce::RightGRF Data source being set to SRRun01_grf
[info] ExternalForce::LeftGRF Data source being set to SRRun01_grf
[info] Storage: read data file = SRRun01_grf.mot (nr=10005 nc=19)
[info] ExternalForce::RightGRF Data source being set to SRRun01_grf
[info] ExternalForce::LeftGRF Data source being set to SRRun01_grf
[info] Storage: read data file = SRRun01_grf.mot (nr=10005 nc=19)
[info] ExternalForce::RightGRF Data source being set to SRRun01_grf
[info] ExternalForce::LeftGRF Data source being set to SRRun01_grf
[info] Storage: read data file = SRRun01_grf.mot (nr=10005 nc=19)
[info] ExternalForce::RightGRF Data source being set to SRRun01_grf
[info] ExternalForce::LeftGRF Data source being set to SRRun01_grf
[info] Storage: read data file = SRRun01_grf.mot (nr=10005 nc=19)
[info] ExternalForce::RightGRF Data source being set to SRRun01_grf
[info] ExternalForce::LeftGRF Data source being set to SRRun01_grf
[info] Storage: read data file = SRRun01_grf.mot (nr=10005 nc=19)
[info] ExternalForce::RightGRF Data source being set to SRRun01_grf
[info] ExternalForce::LeftGRF Data source being set to SRRun01_grf
[info] Storage: read data file = SRRun01_grf.mot (nr=10005 nc=19)
[info] ExternalForce::RightGRF Data source being set to SRRun01_grf
[info] ExternalForce::LeftGRF Data source being set to SRRun01_grf
[info] Storage: read data file = SRRun01_grf.mot (nr=10005 nc=19)
[info] ExternalForce::RightGRF Data source being set to SRRun01_grf
[info] ExternalForce::LeftGRF Data source being set to SRRun01_grf
[info] Storage: read data file = SRRun01_grf.mot (nr=10005 nc=19)
[info] ExternalForce::RightGRF Data source being set to SRRun01_grf
[info] ExternalForce::LeftGRF Data source being set to SRRun01_grf
[info] Storage: read data file = SRRun01_grf.mot (nr=10005 nc=19)
[info] ExternalForce::RightGRF Data source being set to SRRun01_grf
[info] ExternalForce::LeftGRF Data source being set to SRRun01_grf
[info] Storage: read data file = SRRun01_grf.mot (nr=10005 nc=19)
[info] ExternalForce::RightGRF Data source being set to SRRun01_grf
[info] ExternalForce::LeftGRF Data source being set to SRRun01_grf
[info] Storage: read data file = SRRun01_grf.mot (nr=10005 nc=19)
[info] ExternalForce::RightGRF Data source being set to SRRun01_grf
[info] ExternalForce::LeftGRF Data source being set to SRRun01_grf
[info] Storage: read data file = SRRun01_grf.mot (nr=10005 nc=19)
[info] ExternalForce::RightGRF Data source being set to SRRun01_grf
[info] ExternalForce::LeftGRF Data source being set to SRRun01_grf
[info] Storage: read data file = SRRun01_grf.mot (nr=10005 nc=19)
[info] ExternalForce::RightGRF Data source being set to SRRun01_grf
[info] ExternalForce::LeftGRF Data source being set to SRRun01_grf
[info] Storage: read data file = SRRun01_grf.mot (nr=10005 nc=19)
[info] ExternalForce::RightGRF Data source being set to SRRun01_grf
[info] ExternalForce::LeftGRF Data source being set to SRRun01_grf
[info] Storage: read data file = SRRun01_grf.mot (nr=10005 nc=19)
[info] ExternalForce::RightGRF Data source being set to SRRun01_grf
[info] ExternalForce::LeftGRF Data source being set to SRRun01_grf
[info] Storage: read data file = SRRun01_grf.mot (nr=10005 nc=19)
[info] ExternalForce::RightGRF Data source being set to SRRun01_grf
[info] ExternalForce::LeftGRF Data source being set to SRRun01_grf
[info] Storage: read data file = SRRun01_grf.mot (nr=10005 nc=19)
[info] ExternalForce::RightGRF Data source being set to SRRun01_grf
[info] ExternalForce::LeftGRF Data source being set to SRRun01_grf
[info] Storage: read data file = SRRun01_grf.mot (nr=10005 nc=19)
[info] ExternalForce::RightGRF Data source being set to SRRun01_grf
[info] ExternalForce::LeftGRF Data source being set to SRRun01_grf
[info] Storage: read data file = SRRun01_grf.mot (nr=10005 nc=19)
[info] ExternalForce::RightGRF Data source being set to SRRun01_grf
[info] ExternalForce::LeftGRF Data source being set to SRRun01_grf
[info] Storage: read data file = SRRun01_grf.mot (nr=10005 nc=19)
[info] ExternalForce::RightGRF Data source being set to SRRun01_grf
[info] ExternalForce::LeftGRF Data source being set to SRRun01_grf
[info] Storage: read data file = SRRun01_grf.mot (nr=10005 nc=19)
[info] ExternalForce::RightGRF Data source being set to SRRun01_grf
[info] ExternalForce::LeftGRF Data source being set to SRRun01_grf
[info] Storage: read data file = SRRun01_grf.mot (nr=10005 nc=19)
[info] ExternalForce::RightGRF Data source being set to SRRun01_grf
[info] ExternalForce::LeftGRF Data source being set to SRRun01_grf
[info] Storage: read data file = SRRun01_grf.mot (nr=10005 nc=19)
[info] ExternalForce::RightGRF Data source being set to SRRun01_grf
[info] ExternalForce::LeftGRF Data source being set to SRRun01_grf
[info] Storage: read data file = SRRun01_grf.mot (nr=10005 nc=19)
[info] ExternalForce::RightGRF Data source being set to SRRun01_grf
[info] ExternalForce::LeftGRF Data source being set to SRRun01_grf
[info] Storage: read data file = SRRun01_grf.mot (nr=10005 nc=19)
[info] ExternalForce::RightGRF Data source being set to SRRun01_grf
[info] ExternalForce::LeftGRF Data source being set to SRRun01_grf
[info] Storage: read data file = SRRun01_grf.mot (nr=10005 nc=19)
[info] ExternalForce::RightGRF Data source being set to SRRun01_grf
[info] ExternalForce::LeftGRF Data source being set to SRRun01_grf
[info] Storage: read data file = SRRun01_grf.mot (nr=10005 nc=19)
[info] ExternalForce::RightGRF Data source being set to SRRun01_grf
[info] ExternalForce::LeftGRF Data source being set to SRRun01_grf
[info] Storage: read data file = SRRun01_grf.mot (nr=10005 nc=19)
[info] ExternalForce::RightGRF Data source being set to SRRun01_grf
[info] ExternalForce::LeftGRF Data source being set to SRRun01_grf
[info] Storage: read data file = SRRun01_grf.mot (nr=10005 nc=19)
[info] ExternalForce::RightGRF Data source being set to SRRun01_grf
[info] ExternalForce::LeftGRF Data source being set to SRRun01_grf
[info] Storage: read data file = SRRun01_grf.mot (nr=10005 nc=19)
[info] ExternalForce::RightGRF Data source being set to SRRun01_grf
[info] ExternalForce::LeftGRF Data source being set to SRRun01_grf
[info] Storage: read data file = SRRun01_grf.mot (nr=10005 nc=19)
[info] ExternalForce::RightGRF Data source being set to SRRun01_grf
[info] ExternalForce::LeftGRF Data source being set to SRRun01_grf
[info] Storage: read data file = SRRun01_grf.mot (nr=10005 nc=19)
[info] ExternalForce::RightGRF Data source being set to SRRun01_grf
[info] ExternalForce::LeftGRF Data source being set to SRRun01_grf
[info] Storage: read data file = SRRun01_grf.mot (nr=10005 nc=19)
[info] ExternalForce::RightGRF Data source being set to SRRun01_grf
[info] ExternalForce::LeftGRF Data source being set to SRRun01_grf
[info] Storage: read data file = SRRun01_grf.mot (nr=10005 nc=19)
[info] ExternalForce::RightGRF Data source being set to SRRun01_grf
[info] ExternalForce::LeftGRF Data source being set to SRRun01_grf
[info] Storage: read data file = SRRun01_grf.mot (nr=10005 nc=19)
[info] ExternalForce::RightGRF Data source being set to SRRun01_grf
[info] ExternalForce::LeftGRF Data source being set to SRRun01_grf
[info] Storage: read data file = SRRun01_grf.mot (nr=10005 nc=19)
[info] ExternalForce::RightGRF Data source being set to SRRun01_grf
[info] ExternalForce::LeftGRF Data source being set to SRRun01_grf
[info] Storage: read data file = SRRun01_grf.mot (nr=10005 nc=19)
[info] ExternalForce::RightGRF Data source being set to SRRun01_grf
[info] ExternalForce::LeftGRF Data source being set to SRRun01_grf
[info] Storage: read data file = SRRun01_grf.mot (nr=10005 nc=19)
[info] ExternalForce::RightGRF Data source being set to SRRun01_grf
[info] ExternalForce::LeftGRF Data source being set to SRRun01_grf
[info] Storage: read data file = SRRun01_grf.mot (nr=10005 nc=19)
[info] ExternalForce::RightGRF Data source being set to SRRun01_grf
[info] ExternalForce::LeftGRF Data source being set to SRRun01_grf
[info] Storage: read data file = SRRun01_grf.mot (nr=10005 nc=19)
[info] ExternalForce::RightGRF Data source being set to SRRun01_grf
[info] ExternalForce::LeftGRF Data source being set to SRRun01_grf
[info] Storage: read data file = SRRun01_grf.mot (nr=10005 nc=19)
[info] ExternalForce::RightGRF Data source being set to SRRun01_grf
[info] ExternalForce::LeftGRF Data source being set to SRRun01_grf
[info] Storage: read data file = SRRun01_grf.mot (nr=10005 nc=19)
[info] ExternalForce::RightGRF Data source being set to SRRun01_grf
[info] ExternalForce::LeftGRF Data source being set to SRRun01_grf
[info] Storage: read data file = SRRun01_grf.mot (nr=10005 nc=19)
[info] ExternalForce::RightGRF Data source being set to SRRun01_grf
[info] ExternalForce::LeftGRF Data source being set to SRRun01_grf
[info] Storage: read data file = SRRun01_grf.mot (nr=10005 nc=19)
[info] ExternalForce::RightGRF Data source being set to SRRun01_grf
[info] ExternalForce::LeftGRF Data source being set to SRRun01_grf
[info] Storage: read data file = SRRun01_grf.mot (nr=10005 nc=19)
[info] ExternalForce::RightGRF Data source being set to SRRun01_grf
[info] ExternalForce::LeftGRF Data source being set to SRRun01_grf
[info] Storage: read data file = SRRun01_grf.mot (nr=10005 nc=19)
[info] ExternalForce::RightGRF Data source being set to SRRun01_grf
[info] ExternalForce::LeftGRF Data source being set to SRRun01_grf
[info] Storage: read data file = SRRun01_grf.mot (nr=10005 nc=19)
[info] ExternalForce::RightGRF Data source being set to SRRun01_grf
[info] ExternalForce::LeftGRF Data source being set to SRRun01_grf
[info] Storage: read data file = SRRun01_grf.mot (nr=10005 nc=19)
[info] ExternalForce::RightGRF Data source being set to SRRun01_grf
[info] ExternalForce::LeftGRF Data source being set to SRRun01_grf
[info] Storage: read data file = SRRun01_grf.mot (nr=10005 nc=19)
[info] ExternalForce::RightGRF Data source being set to SRRun01_grf
[info] ExternalForce::LeftGRF Data source being set to SRRun01_grf
[info] Storage: read data file = SRRun01_grf.mot (nr=10005 nc=19)
[info] ExternalForce::RightGRF Data source being set to SRRun01_grf
[info] ExternalForce::LeftGRF Data source being set to SRRun01_grf
[info] Storage: read data file = SRRun01_grf.mot (nr=10005 nc=19)
[info] ExternalForce::RightGRF Data source being set to SRRun01_grf
[info] ExternalForce::LeftGRF Data source being set to SRRun01_grf
[info] Storage: read data file = SRRun01_grf.mot (nr=10005 nc=19)
[info] ExternalForce::RightGRF Data source being set to SRRun01_grf
[info] ExternalForce::LeftGRF Data source being set to SRRun01_grf
[info] Storage: read data file = SRRun01_grf.mot (nr=10005 nc=19)
[info] ExternalForce::RightGRF Data source being set to SRRun01_grf
[info] ExternalForce::LeftGRF Data source being set to SRRun01_grf
[info] Storage: read data file = SRRun01_grf.mot (nr=10005 nc=19)
[info] ExternalForce::RightGRF Data source being set to SRRun01_grf
[info] ExternalForce::LeftGRF Data source being set to SRRun01_grf
[info] Storage: read data file = SRRun01_grf.mot (nr=10005 nc=19)
[info] ExternalForce::RightGRF Data source being set to SRRun01_grf
[info] ExternalForce::LeftGRF Data source being set to SRRun01_grf
[info] Storage: read data file = SRRun01_grf.mot (nr=10005 nc=19)
[info] ExternalForce::RightGRF Data source being set to SRRun01_grf
[info] ExternalForce::LeftGRF Data source being set to SRRun01_grf
[info] Storage: read data file = SRRun01_grf.mot (nr=10005 nc=19)
[info] ExternalForce::RightGRF Data source being set to SRRun01_grf
[info] ExternalForce::LeftGRF Data source being set to SRRun01_grf
[info] Storage: read data file = SRRun01_grf.mot (nr=10005 nc=19)
[info] ExternalForce::RightGRF Data source being set to SRRun01_grf
[info] ExternalForce::LeftGRF Data source being set to SRRun01_grf
[info] Storage: read data file = SRRun01_grf.mot (nr=10005 nc=19)
[info] ExternalForce::RightGRF Data source being set to SRRun01_grf
[info] ExternalForce::LeftGRF Data source being set to SRRun01_grf
[info] Storage: read data file = SRRun01_grf.mot (nr=10005 nc=19)
[info] ExternalForce::RightGRF Data source being set to SRRun01_grf
[info] ExternalForce::LeftGRF Data source being set to SRRun01_grf
[info] Storage: read data file = SRRun01_grf.mot (nr=10005 nc=19)
[info] ExternalForce::RightGRF Data source being set to SRRun01_grf
[info] ExternalForce::LeftGRF Data source being set to SRRun01_grf
[info] Storage: read data file = SRRun01_grf.mot (nr=10005 nc=19)
[info] ExternalForce::RightGRF Data source being set to SRRun01_grf
[info] ExternalForce::LeftGRF Data source being set to SRRun01_grf
[info] Storage: read data file = SRRun01_grf.mot (nr=10005 nc=19)
[info] ExternalForce::RightGRF Data source being set to SRRun01_grf
[info] ExternalForce::LeftGRF Data source being set to SRRun01_grf
[info] Storage: read data file = SRRun01_grf.mot (nr=10005 nc=19)
[info] ExternalForce::RightGRF Data source being set to SRRun01_grf
[info] ExternalForce::LeftGRF Data source being set to SRRun01_grf
[info] Storage: read data file = SRRun01_grf.mot (nr=10005 nc=19)
[info] ExternalForce::RightGRF Data source being set to SRRun01_grf
[info] ExternalForce::LeftGRF Data source being set to SRRun01_grf
[info] Storage: read data file = SRRun01_grf.mot (nr=10005 nc=19)
[info] ExternalForce::RightGRF Data source being set to SRRun01_grf
[info] ExternalForce::LeftGRF Data source being set to SRRun01_grf
[info] Storage: read data file = SRRun01_grf.mot (nr=10005 nc=19)
[info] ExternalForce::RightGRF Data source being set to SRRun01_grf
[info] ExternalForce::LeftGRF Data source being set to SRRun01_grf
[info] Storage: read data file = SRRun01_grf.mot (nr=10005 nc=19)
[info] ExternalForce::RightGRF Data source being set to SRRun01_grf
[info] ExternalForce::LeftGRF Data source being set to SRRun01_grf
[info] Storage: read data file = SRRun01_grf.mot (nr=10005 nc=19)
[info] ExternalForce::RightGRF Data source being set to SRRun01_grf
[info] ExternalForce::LeftGRF Data source being set to SRRun01_grf
[info] Storage: read data file = SRRun01_grf.mot (nr=10005 nc=19)
[info] ExternalForce::RightGRF Data source being set to SRRun01_grf
[info] ExternalForce::LeftGRF Data source being set to SRRun01_grf
[info] Storage: read data file = SRRun01_grf.mot (nr=10005 nc=19)
[info] ExternalForce::RightGRF Data source being set to SRRun01_grf
[info] ExternalForce::LeftGRF Data source being set to SRRun01_grf
[info] Storage: read data file = SRRun01_grf.mot (nr=10005 nc=19)
[info] ExternalForce::RightGRF Data source being set to SRRun01_grf
[info] ExternalForce::LeftGRF Data source being set to SRRun01_grf
[info] Storage: read data file = SRRun01_grf.mot (nr=10005 nc=19)
[info] ExternalForce::RightGRF Data source being set to SRRun01_grf
[info] ExternalForce::LeftGRF Data source being set to SRRun01_grf
[info] Storage: read data file = SRRun01_grf.mot (nr=10005 nc=19)
[info] ExternalForce::RightGRF Data source being set to SRRun01_grf
[info] ExternalForce::LeftGRF Data source being set to SRRun01_grf
[info] Storage: read data file = SRRun01_grf.mot (nr=10005 nc=19)
[info] ExternalForce::RightGRF Data source being set to SRRun01_grf
[info] ExternalForce::LeftGRF Data source being set to SRRun01_grf
[info] Storage: read data file = SRRun01_grf.mot (nr=10005 nc=19)
[info] ExternalForce::RightGRF Data source being set to SRRun01_grf
[info] ExternalForce::LeftGRF Data source being set to SRRun01_grf
[info] Storage: read data file = SRRun01_grf.mot (nr=10005 nc=19)
[info] ExternalForce::RightGRF Data source being set to SRRun01_grf
[info] ExternalForce::LeftGRF Data source being set to SRRun01_grf
[info] Storage: read data file = SRRun01_grf.mot (nr=10005 nc=19)
[info] ExternalForce::RightGRF Data source being set to SRRun01_grf
[info] ExternalForce::LeftGRF Data source being set to SRRun01_grf
[info] Storage: read data file = SRRun01_grf.mot (nr=10005 nc=19)
[info] ExternalForce::RightGRF Data source being set to SRRun01_grf
[info] ExternalForce::LeftGRF Data source being set to SRRun01_grf
[info] Storage: read data file = SRRun01_grf.mot (nr=10005 nc=19)
[info] ExternalForce::RightGRF Data source being set to SRRun01_grf
[info] ExternalForce::LeftGRF Data source being set to SRRun01_grf
[info] Storage: read data file = SRRun01_grf.mot (nr=10005 nc=19)
[info] ExternalForce::RightGRF Data source being set to SRRun01_grf
[info] ExternalForce::LeftGRF Data source being set to SRRun01_grf
[info] Storage: read data file = SRRun01_grf.mot (nr=10005 nc=19)
[info] ExternalForce::RightGRF Data source being set to SRRun01_grf
[info] ExternalForce::LeftGRF Data source being set to SRRun01_grf
[info] Storage: read data file = SRRun01_grf.mot (nr=10005 nc=19)
[info] ExternalForce::RightGRF Data source being set to SRRun01_grf
[info] ExternalForce::LeftGRF Data source being set to SRRun01_grf
[info] Storage: read data file = SRRun01_grf.mot (nr=10005 nc=19)
[info] ExternalForce::RightGRF Data source being set to SRRun01_grf
[info] ExternalForce::LeftGRF Data source being set to SRRun01_grf
[info] Storage: read data file = SRRun01_grf.mot (nr=10005 nc=19)
[info] ExternalForce::RightGRF Data source being set to SRRun01_grf
[info] ExternalForce::LeftGRF Data source being set to SRRun01_grf
[info] Storage: read data file = SRRun01_grf.mot (nr=10005 nc=19)
[info] ExternalForce::RightGRF Data source being set to SRRun01_grf
[info] ExternalForce::LeftGRF Data source being set to SRRun01_grf
[info] Storage: read data file = SRRun01_grf.mot (nr=10005 nc=19)
[info] ExternalForce::RightGRF Data source being set to SRRun01_grf
[info] ExternalForce::LeftGRF Data source being set to SRRun01_grf
[info] Storage: read data file = SRRun01_grf.mot (nr=10005 nc=19)
[info] ExternalForce::RightGRF Data source being set to SRRun01_grf
[info] ExternalForce::LeftGRF Data source being set to SRRun01_grf
[info] Storage: read data file = SRRun01_grf.mot (nr=10005 nc=19)
[info] ExternalForce::RightGRF Data source being set to SRRun01_grf
[info] ExternalForce::LeftGRF Data source being set to SRRun01_grf
[info] Storage: read data file = SRRun01_grf.mot (nr=10005 nc=19)
[info] ExternalForce::RightGRF Data source being set to SRRun01_grf
[info] ExternalForce::LeftGRF Data source being set to SRRun01_grf
[info] Storage: read data file = SRRun01_grf.mot (nr=10005 nc=19)
[info] ExternalForce::RightGRF Data source being set to SRRun01_grf
[info] ExternalForce::LeftGRF Data source being set to SRRun01_grf
[info] Storage: read data file = SRRun01_grf.mot (nr=10005 nc=19)
[info] ExternalForce::RightGRF Data source being set to SRRun01_grf
[info] ExternalForce::LeftGRF Data source being set to SRRun01_grf
[info] Storage: read data file = SRRun01_grf.mot (nr=10005 nc=19)
[info] ExternalForce::RightGRF Data source being set to SRRun01_grf
[info] ExternalForce::LeftGRF Data source being set to SRRun01_grf
[info] Storage: read data file = SRRun01_grf.mot (nr=10005 nc=19)
[info] ExternalForce::RightGRF Data source being set to SRRun01_grf
[info] ExternalForce::LeftGRF Data source being set to SRRun01_grf
[info] Storage: read data file = SRRun01_grf.mot (nr=10005 nc=19)
[info] ExternalForce::RightGRF Data source being set to SRRun01_grf
[info] ExternalForce::LeftGRF Data source being set to SRRun01_grf
[info] Storage: read data file = SRRun01_grf.mot (nr=10005 nc=19)
[info] ExternalForce::RightGRF Data source being set to SRRun01_grf
[info] ExternalForce::LeftGRF Data source being set to SRRun01_grf
[info] Storage: read data file = SRRun01_grf.mot (nr=10005 nc=19)
[info] ExternalForce::RightGRF Data source being set to SRRun01_grf
[info] ExternalForce::LeftGRF Data source being set to SRRun01_grf
[info] Storage: read data file = SRRun01_grf.mot (nr=10005 nc=19)
[info] ExternalForce::RightGRF Data source being set to SRRun01_grf
[info] ExternalForce::LeftGRF Data source being set to SRRun01_grf
[info] Storage: read data file = SRRun01_grf.mot (nr=10005 nc=19)
[info] ExternalForce::RightGRF Data source being set to SRRun01_grf
[info] ExternalForce::LeftGRF Data source being set to SRRun01_grf
[info] Storage: read data file = SRRun01_grf.mot (nr=10005 nc=19)
[info] ExternalForce::RightGRF Data source being set to SRRun01_grf
[info] ExternalForce::LeftGRF Data source being set to SRRun01_grf
[info] Storage: read data file = SRRun01_grf.mot (nr=10005 nc=19)
[info] ExternalForce::RightGRF Data source being set to SRRun01_grf
[info] ExternalForce::LeftGRF Data source being set to SRRun01_grf
[info] Storage: read data file = SRRun01_grf.mot (nr=10005 nc=19)
[info] ExternalForce::RightGRF Data source being set to SRRun01_grf
[info] ExternalForce::LeftGRF Data source being set to SRRun01_grf
[info] Storage: read data file = SRRun01_grf.mot (nr=10005 nc=19)
[info] ExternalForce::RightGRF Data source being set to SRRun01_grf
[info] ExternalForce::LeftGRF Data source being set to SRRun01_grf
[info] Storage: read data file = SRRun01_grf.mot (nr=10005 nc=19)
[info] ExternalForce::RightGRF Data source being set to SRRun01_grf
[info] ExternalForce::LeftGRF Data source being set to SRRun01_grf
[info] Storage: read data file = SRRun01_grf.mot (nr=10005 nc=19)
[info] ExternalForce::RightGRF Data source being set to SRRun01_grf
[info] ExternalForce::LeftGRF Data source being set to SRRun01_grf
[info] Storage: read data file = SRRun01_grf.mot (nr=10005 nc=19)
[info] ExternalForce::RightGRF Data source being set to SRRun01_grf
[info] ExternalForce::LeftGRF Data source being set to SRRun01_grf
[info] Storage: read data file = SRRun01_grf.mot (nr=10005 nc=19)
[info] ExternalForce::RightGRF Data source being set to SRRun01_grf
[info] ExternalForce::LeftGRF Data source being set to SRRun01_grf
[info] Storage: read data file = SRRun01_grf.mot (nr=10005 nc=19)
[info] ExternalForce::RightGRF Data source being set to SRRun01_grf
[info] ExternalForce::LeftGRF Data source being set to SRRun01_grf
[info] Storage: read data file = SRRun01_grf.mot (nr=10005 nc=19)
[info] ExternalForce::RightGRF Data source being set to SRRun01_grf
[info] ExternalForce::LeftGRF Data source being set to SRRun01_grf
[info] Storage: read data file = SRRun01_grf.mot (nr=10005 nc=19)
[info] ExternalForce::RightGRF Data source being set to SRRun01_grf
[info] ExternalForce::LeftGRF Data source being set to SRRun01_grf
[info] Storage: read data file = SRRun01_grf.mot (nr=10005 nc=19)
[info] ExternalForce::RightGRF Data source being set to SRRun01_grf
[info] ExternalForce::LeftGRF Data source being set to SRRun01_grf
[info] Storage: read data file = SRRun01_grf.mot (nr=10005 nc=19)
[info] ExternalForce::RightGRF Data source being set to SRRun01_grf
[info] ExternalForce::LeftGRF Data source being set to SRRun01_grf
[info] Storage: read data file = SRRun01_grf.mot (nr=10005 nc=19)
[info] ExternalForce::RightGRF Data source being set to SRRun01_grf
[info] ExternalForce::LeftGRF Data source being set to SRRun01_grf
[info] Storage: read data file = SRRun01_grf.mot (nr=10005 nc=19)
[info] ExternalForce::RightGRF Data source being set to SRRun01_grf
[info] ExternalForce::LeftGRF Data source being set to SRRun01_grf
[info] Storage: read data file = SRRun01_grf.mot (nr=10005 nc=19)
[info] ExternalForce::RightGRF Data source being set to SRRun01_grf
[info] ExternalForce::LeftGRF Data source being set to SRRun01_grf
[info] Storage: read data file = SRRun01_grf.mot (nr=10005 nc=19)
[info] ExternalForce::RightGRF Data source being set to SRRun01_grf
[info] ExternalForce::LeftGRF Data source being set to SRRun01_grf
[info] Storage: read data file = SRRun01_grf.mot (nr=10005 nc=19)
[info] ExternalForce::RightGRF Data source being set to SRRun01_grf
[info] ExternalForce::LeftGRF Data source being set to SRRun01_grf
[info] Storage: read data file = SRRun01_grf.mot (nr=10005 nc=19)
[info] ExternalForce::RightGRF Data source being set to SRRun01_grf
[info] ExternalForce::LeftGRF Data source being set to SRRun01_grf
[info] Storage: read data file = SRRun01_grf.mot (nr=10005 nc=19)
[info] ExternalForce::RightGRF Data source being set to SRRun01_grf
[info] ExternalForce::LeftGRF Data source being set to SRRun01_grf
[info] Storage: read data file = SRRun01_grf.mot (nr=10005 nc=19)
[info] ExternalForce::RightGRF Data source being set to SRRun01_grf
[info] ExternalForce::LeftGRF Data source being set to SRRun01_grf
[info] Storage: read data file = SRRun01_grf.mot (nr=10005 nc=19)
[info] ExternalForce::RightGRF Data source being set to SRRun01_grf
[info] ExternalForce::LeftGRF Data source being set to SRRun01_grf
[info] Storage: read data file = SRRun01_grf.mot (nr=10005 nc=19)
[info] ExternalForce::RightGRF Data source being set to SRRun01_grf
[info] ExternalForce::LeftGRF Data source being set to SRRun01_grf
[info] Storage: read data file = SRRun01_grf.mot (nr=10005 nc=19)
[info] ExternalForce::RightGRF Data source being set to SRRun01_grf
[info] ExternalForce::LeftGRF Data source being set to SRRun01_grf
[info] Storage: read data file = SRRun01_grf.mot (nr=10005 nc=19)
[info] ExternalForce::RightGRF Data source being set to SRRun01_grf
[info] ExternalForce::LeftGRF Data source being set to SRRun01_grf
[info] Storage: read data file = SRRun01_grf.mot (nr=10005 nc=19)
[info] ExternalForce::RightGRF Data source being set to SRRun01_grf
[info] ExternalForce::LeftGRF Data source being set to SRRun01_grf
[info] Storage: read data file = SRRun01_grf.mot (nr=10005 nc=19)
[info] ExternalForce::RightGRF Data source being set to SRRun01_grf
[info] ExternalForce::LeftGRF Data source being set to SRRun01_grf
[info] Storage: read data file = SRRun01_grf.mot (nr=10005 nc=19)
[info] ExternalForce::RightGRF Data source being set to SRRun01_grf
[info] ExternalForce::LeftGRF Data source being set to SRRun01_grf
[info] Storage: read data file = SRRun01_grf.mot (nr=10005 nc=19)
[info] ExternalForce::RightGRF Data source being set to SRRun01_grf
[info] ExternalForce::LeftGRF Data source being set to SRRun01_grf
[info] Storage: read data file = SRRun01_grf.mot (nr=10005 nc=19)
[info] ExternalForce::RightGRF Data source being set to SRRun01_grf
[info] ExternalForce::LeftGRF Data source being set to SRRun01_grf
[info] Storage: read data file = SRRun01_grf.mot (nr=10005 nc=19)
[info] ExternalForce::RightGRF Data source being set to SRRun01_grf
[info] ExternalForce::LeftGRF Data source being set to SRRun01_grf
[info] Storage: read data file = SRRun01_grf.mot (nr=10005 nc=19)
[info] ExternalForce::RightGRF Data source being set to SRRun01_grf
[info] ExternalForce::LeftGRF Data source being set to SRRun01_grf
[info] Storage: read data file = SRRun01_grf.mot (nr=10005 nc=19)
[info] ExternalForce::RightGRF Data source being set to SRRun01_grf
[info] ExternalForce::LeftGRF Data source being set to SRRun01_grf
[info] Storage: read data file = SRRun01_grf.mot (nr=10005 nc=19)
[info] ExternalForce::RightGRF Data source being set to SRRun01_grf
[info] ExternalForce::LeftGRF Data source being set to SRRun01_grf
[info] Storage: read data file = SRRun01_grf.mot (nr=10005 nc=19)
[info] ExternalForce::RightGRF Data source being set to SRRun01_grf
[info] ExternalForce::LeftGRF Data source being set to SRRun01_grf
[info] Storage: read data file = SRRun01_grf.mot (nr=10005 nc=19)
[info] ExternalForce::RightGRF Data source being set to SRRun01_grf
[info] ExternalForce::LeftGRF Data source being set to SRRun01_grf
[info] Storage: read data file = SRRun01_grf.mot (nr=10005 nc=19)
[info] ExternalForce::RightGRF Data source being set to SRRun01_grf
[info] ExternalForce::LeftGRF Data source being set to SRRun01_grf
[info] Storage: read data file = SRRun01_grf.mot (nr=10005 nc=19)
[info] ExternalForce::RightGRF Data source being set to SRRun01_grf
[info] ExternalForce::LeftGRF Data source being set to SRRun01_grf
[info] Storage: read data file = SRRun01_grf.mot (nr=10005 nc=19)
[info] ExternalForce::RightGRF Data source being set to SRRun01_grf
[info] ExternalForce::LeftGRF Data source being set to SRRun01_grf
[info] Storage: read data file = SRRun01_grf.mot (nr=10005 nc=19)
[info] ExternalForce::RightGRF Data source being set to SRRun01_grf
[info] ExternalForce::LeftGRF Data source being set to SRRun01_grf
[info] Storage: read data file = SRRun01_grf.mot (nr=10005 nc=19)
[info] ExternalForce::RightGRF Data source being set to SRRun01_grf
[info] ExternalForce::LeftGRF Data source being set to SRRun01_grf
[info] Storage: read data file = SRRun01_grf.mot (nr=10005 nc=19)
[info] ExternalForce::RightGRF Data source being set to SRRun01_grf
[info] ExternalForce::LeftGRF Data source being set to SRRun01_grf
[info] Storage: read data file = SRRun01_grf.mot (nr=10005 nc=19)
[info] ExternalForce::RightGRF Data source being set to SRRun01_grf
[info] ExternalForce::LeftGRF Data source being set to SRRun01_grf
[info] Storage: read data file = SRRun01_grf.mot (nr=10005 nc=19)
[info] ExternalForce::RightGRF Data source being set to SRRun01_grf
[info] ExternalForce::LeftGRF Data source being set to SRRun01_grf
[info] Storage: read data file = SRRun01_grf.mot (nr=10005 nc=19)
[info] ExternalForce::RightGRF Data source being set to SRRun01_grf
[info] ExternalForce::LeftGRF Data source being set to SRRun01_grf
[info] Storage: read data file = SRRun01_grf.mot (nr=10005 nc=19)
[info] ExternalForce::RightGRF Data source being set to SRRun01_grf
[info] ExternalForce::LeftGRF Data source being set to SRRun01_grf
[info] Storage: read data file = SRRun01_grf.mot (nr=10005 nc=19)
[info] ExternalForce::RightGRF Data source being set to SRRun01_grf
[info] ExternalForce::LeftGRF Data source being set to SRRun01_grf
[info] Storage: read data file = SRRun01_grf.mot (nr=10005 nc=19)
[info] ExternalForce::RightGRF Data source being set to SRRun01_grf
[info] ExternalForce::LeftGRF Data source being set to SRRun01_grf
[info] Storage: read data file = SRRun01_grf.mot (nr=10005 nc=19)
[info] ExternalForce::RightGRF Data source being set to SRRun01_grf
[info] ExternalForce::LeftGRF Data source being set to SRRun01_grf
[info] Storage: read data file = SRRun01_grf.mot (nr=10005 nc=19)
[info] ExternalForce::RightGRF Data source being set to SRRun01_grf
[info] ExternalForce::LeftGRF Data source being set to SRRun01_grf
[info] Storage: read data file = SRRun01_grf.mot (nr=10005 nc=19)
[info] ExternalForce::RightGRF Data source being set to SRRun01_grf
[info] ExternalForce::LeftGRF Data source being set to SRRun01_grf
[info] Storage: read data file = SRRun01_grf.mot (nr=10005 nc=19)
[info] ExternalForce::RightGRF Data source being set to SRRun01_grf
[info] ExternalForce::LeftGRF Data source being set to SRRun01_grf
[info] Storage: read data file = SRRun01_grf.mot (nr=10005 nc=19)
[info] ExternalForce::RightGRF Data source being set to SRRun01_grf
[info] ExternalForce::LeftGRF Data source being set to SRRun01_grf
[info] Storage: read data file = SRRun01_grf.mot (nr=10005 nc=19)
[info] ExternalForce::RightGRF Data source being set to SRRun01_grf
[info] ExternalForce::LeftGRF Data source being set to SRRun01_grf
[info] Storage: read data file = SRRun01_grf.mot (nr=10005 nc=19)
[info] ExternalForce::RightGRF Data source being set to SRRun01_grf
[info] ExternalForce::LeftGRF Data source being set to SRRun01_grf
[info] Storage: read data file = SRRun01_grf.mot (nr=10005 nc=19)
[info] ExternalForce::RightGRF Data source being set to SRRun01_grf
[info] ExternalForce::LeftGRF Data source being set to SRRun01_grf
[info] Storage: read data file = SRRun01_grf.mot (nr=10005 nc=19)
[info] ExternalForce::RightGRF Data source being set to SRRun01_grf
[info] ExternalForce::LeftGRF Data source being set to SRRun01_grf
[info] Storage: read data file = SRRun01_grf.mot (nr=10005 nc=19)
[info] ExternalForce::RightGRF Data source being set to SRRun01_grf
[info] ExternalForce::LeftGRF Data source being set to SRRun01_grf
[info] Storage: read data file = SRRun01_grf.mot (nr=10005 nc=19)
[info] ExternalForce::RightGRF Data source being set to SRRun01_grf
[info] ExternalForce::LeftGRF Data source being set to SRRun01_grf
[info] Storage: read data file = SRRun01_grf.mot (nr=10005 nc=19)
[info] ExternalForce::RightGRF Data source being set to SRRun01_grf
[info] ExternalForce::LeftGRF Data source being set to SRRun01_grf
[info] Storage: read data file = SRRun01_grf.mot (nr=10005 nc=19)
[info] ExternalForce::RightGRF Data source being set to SRRun01_grf
[info] ExternalForce::LeftGRF Data source being set to SRRun01_grf
[info] Storage: read data file = SRRun01_grf.mot (nr=10005 nc=19)
[info] ExternalForce::RightGRF Data source being set to SRRun01_grf
[info] ExternalForce::LeftGRF Data source being set to SRRun01_grf
[info] Storage: read data file = SRRun01_grf.mot (nr=10005 nc=19)
[info] ExternalForce::RightGRF Data source being set to SRRun01_grf
[info] ExternalForce::LeftGRF Data source being set to SRRun01_grf
[info] Storage: read data file = SRRun01_grf.mot (nr=10005 nc=19)
[info] ExternalForce::RightGRF Data source being set to SRRun01_grf
[info] ExternalForce::LeftGRF Data source being set to SRRun01_grf
[info] Storage: read data file = SRRun01_grf.mot (nr=10005 nc=19)
[info] ExternalForce::RightGRF Data source being set to SRRun01_grf
[info] ExternalForce::LeftGRF Data source being set to SRRun01_grf
[info] Storage: read data file = SRRun01_grf.mot (nr=10005 nc=19)
[info] ExternalForce::RightGRF Data source being set to SRRun01_grf
[info] ExternalForce::LeftGRF Data source being set to SRRun01_grf
[info] Storage: read data file = SRRun01_grf.mot (nr=10005 nc=19)
[info] ExternalForce::RightGRF Data source being set to SRRun01_grf
[info] ExternalForce::LeftGRF Data source being set to SRRun01_grf
[info] Storage: read data file = SRRun01_grf.mot (nr=10005 nc=19)
[info] ExternalForce::RightGRF Data source being set to SRRun01_grf
[info] ExternalForce::LeftGRF Data source being set to SRRun01_grf
[info] Storage: read data file = SRRun01_grf.mot (nr=10005 nc=19)
[info] ExternalForce::RightGRF Data source being set to SRRun01_grf
[info] ExternalForce::LeftGRF Data source being set to SRRun01_grf
[info] Storage: read data file = SRRun01_grf.mot (nr=10005 nc=19)
[info] ExternalForce::RightGRF Data source being set to SRRun01_grf
[info] ExternalForce::LeftGRF Data source being set to SRRun01_grf
[info] Storage: read data file = SRRun01_grf.mot (nr=10005 nc=19)
[info] ExternalForce::RightGRF Data source being set to SRRun01_grf
[info] ExternalForce::LeftGRF Data source being set to SRRun01_grf
[info] Storage: read data file = SRRun01_grf.mot (nr=10005 nc=19)
[info] ExternalForce::RightGRF Data source being set to SRRun01_grf
[info] ExternalForce::LeftGRF Data source being set to SRRun01_grf
[info] Storage: read data file = SRRun01_grf.mot (nr=10005 nc=19)
[info] ExternalForce::RightGRF Data source being set to SRRun01_grf
[info] ExternalForce::LeftGRF Data source being set to SRRun01_grf
[info] Storage: read data file = SRRun01_grf.mot (nr=10005 nc=19)
[info] ExternalForce::RightGRF Data source being set to SRRun01_grf
[info] ExternalForce::LeftGRF Data source being set to SRRun01_grf
[info] Storage: read data file = SRRun01_grf.mot (nr=10005 nc=19)
[info] ExternalForce::RightGRF Data source being set to SRRun01_grf
[info] ExternalForce::LeftGRF Data source being set to SRRun01_grf
[info] Storage: read data file = SRRun01_grf.mot (nr=10005 nc=19)
[info] ExternalForce::RightGRF Data source being set to SRRun01_grf
[info] ExternalForce::LeftGRF Data source being set to SRRun01_grf
[info] Storage: read data file = SRRun01_grf.mot (nr=10005 nc=19)
[info] ExternalForce::RightGRF Data source being set to SRRun01_grf
[info] ExternalForce::LeftGRF Data source being set to SRRun01_grf
[info] Storage: read data file = SRRun01_grf.mot (nr=10005 nc=19)
[info] ExternalForce::RightGRF Data source being set to SRRun01_grf
[info] ExternalForce::LeftGRF Data source being set to SRRun01_grf
[info] Storage: read data file = SRRun01_grf.mot (nr=10005 nc=19)
[info] ExternalForce::RightGRF Data source being set to SRRun01_grf
[info] ExternalForce::LeftGRF Data source being set to SRRun01_grf
[info] Storage: read data file = SRRun01_grf.mot (nr=10005 nc=19)
[info] ExternalForce::RightGRF Data source being set to SRRun01_grf
[info] ExternalForce::LeftGRF Data source being set to SRRun01_grf
[info] Storage: read data file = SRRun01_grf.mot (nr=10005 nc=19)
[info] ExternalForce::RightGRF Data source being set to SRRun01_grf
[info] ExternalForce::LeftGRF Data source being set to SRRun01_grf
[info] Storage: read data file = SRRun01_grf.mot (nr=10005 nc=19)
[info] ExternalForce::RightGRF Data source being set to SRRun01_grf
[info] ExternalForce::LeftGRF Data source being set to SRRun01_grf
[info] Storage: read data file = SRRun01_grf.mot (nr=10005 nc=19)
[info] ExternalForce::RightGRF Data source being set to SRRun01_grf
[info] ExternalForce::LeftGRF Data source being set to SRRun01_grf
[info] Storage: read data file = SRRun01_grf.mot (nr=10005 nc=19)
[info] ExternalForce::RightGRF Data source being set to SRRun01_grf
[info] ExternalForce::LeftGRF Data source being set to SRRun01_grf
[info] Storage: read data file = SRRun01_grf.mot (nr=10005 nc=19)
[info] ExternalForce::RightGRF Data source being set to SRRun01_grf
[info] ExternalForce::LeftGRF Data source being set to SRRun01_grf
[info] Storage: read data file = SRRun01_grf.mot (nr=10005 nc=19)
[info] ExternalForce::RightGRF Data source being set to SRRun01_grf
[info] ExternalForce::LeftGRF Data source being set to SRRun01_grf
[info] Storage: read data file = SRRun01_grf.mot (nr=10005 nc=19)
[info] ExternalForce::RightGRF Data source being set to SRRun01_grf
[info] ExternalForce::LeftGRF Data source being set to SRRun01_grf
[info] Storage: read data file = SRRun01_grf.mot (nr=10005 nc=19)
[info] ExternalForce::RightGRF Data source being set to SRRun01_grf
[info] ExternalForce::LeftGRF Data source being set to SRRun01_grf
[info] Storage: read data file = SRRun01_grf.mot (nr=10005 nc=19)
[info] ExternalForce::RightGRF Data source being set to SRRun01_grf
[info] ExternalForce::LeftGRF Data source being set to SRRun01_grf
[info] Storage: read data file = SRRun01_grf.mot (nr=10005 nc=19)
[info] ExternalForce::RightGRF Data source being set to SRRun01_grf
[info] ExternalForce::LeftGRF Data source being set to SRRun01_grf
[info] Storage: read data file = SRRun01_grf.mot (nr=10005 nc=19)
[info] ExternalForce::RightGRF Data source being set to SRRun01_grf
[info] ExternalForce::LeftGRF Data source being set to SRRun01_grf
[info] Storage: read data file = SRRun01_grf.mot (nr=10005 nc=19)
[info] ExternalForce::RightGRF Data source being set to SRRun01_grf
[info] ExternalForce::LeftGRF Data source being set to SRRun01_grf
[info] Storage: read data file = SRRun01_grf.mot (nr=10005 nc=19)
[info] ExternalForce::RightGRF Data source being set to SRRun01_grf
[info] ExternalForce::LeftGRF Data source being set to SRRun01_grf
[info] Storage: read data file = SRRun01_grf.mot (nr=10005 nc=19)
[info] ExternalForce::RightGRF Data source being set to SRRun01_grf
[info] ExternalForce::LeftGRF Data source being set to SRRun01_grf
[info] Storage: read data file = SRRun01_grf.mot (nr=10005 nc=19)
[info] ExternalForce::RightGRF Data source being set to SRRun01_grf
[info] ExternalForce::LeftGRF Data source being set to SRRun01_grf
[info] Storage: read data file = SRRun01_grf.mot (nr=10005 nc=19)
[info] ExternalForce::RightGRF Data source being set to SRRun01_grf
[info] ExternalForce::LeftGRF Data source being set to SRRun01_grf
[info] Storage: read data file = SRRun01_grf.mot (nr=10005 nc=19)
[info] ExternalForce::RightGRF Data source being set to SRRun01_grf
[info] ExternalForce::LeftGRF Data source being set to SRRun01_grf
[info] Storage: read data file = SRRun01_grf.mot (nr=10005 nc=19)
[info] ExternalForce::RightGRF Data source being set to SRRun01_grf
[info] ExternalForce::LeftGRF Data source being set to SRRun01_grf
[info] Storage: read data file = SRRun01_grf.mot (nr=10005 nc=19)
[info] ExternalForce::RightGRF Data source being set to SRRun01_grf
[info] ExternalForce::LeftGRF Data source being set to SRRun01_grf
[info] Storage: read data file = SRRun01_grf.mot (nr=10005 nc=19)
[info] ExternalForce::RightGRF Data source being set to SRRun01_grf
[info] ExternalForce::LeftGRF Data source being set to SRRun01_grf
[info] Storage: read data file = SRRun01_grf.mot (nr=10005 nc=19)
[info] ExternalForce::RightGRF Data source being set to SRRun01_grf
[info] ExternalForce::LeftGRF Data source being set to SRRun01_grf
[info] Storage: read data file = SRRun01_grf.mot (nr=10005 nc=19)
[info] ExternalForce::RightGRF Data source being set to SRRun01_grf
[info] ExternalForce::LeftGRF Data source being set to SRRun01_grf
[info] Storage: read data file = SRRun01_grf.mot (nr=10005 nc=19)
[info] ExternalForce::RightGRF Data source being set to SRRun01_grf
[info] ExternalForce::LeftGRF Data source being set to SRRun01_grf
[info] Storage: read data file = SRRun01_grf.mot (nr=10005 nc=19)
[info] ExternalForce::RightGRF Data source being set to SRRun01_grf
[info] ExternalForce::LeftGRF Data source being set to SRRun01_grf
[info] Storage: read data file = SRRun01_grf.mot (nr=10005 nc=19)
[info] ExternalForce::RightGRF Data source being set to SRRun01_grf
[info] ExternalForce::LeftGRF Data source being set to SRRun01_grf
[info] Storage: read data file = SRRun01_grf.mot (nr=10005 nc=19)
[info] ExternalForce::RightGRF Data source being set to SRRun01_grf
[info] ExternalForce::LeftGRF Data source being set to SRRun01_grf
[info] Storage: read data file = SRRun01_grf.mot (nr=10005 nc=19)
[info] ExternalForce::RightGRF Data source being set to SRRun01_grf
[info] ExternalForce::LeftGRF Data source being set to SRRun01_grf
[info] Storage: read data file = SRRun01_grf.mot (nr=10005 nc=19)
[info] ExternalForce::RightGRF Data source being set to SRRun01_grf
[info] ExternalForce::LeftGRF Data source being set to SRRun01_grf
[info] Storage: read data file = SRRun01_grf.mot (nr=10005 nc=19)
[info] ExternalForce::RightGRF Data source being set to SRRun01_grf
[info] ExternalForce::LeftGRF Data source being set to SRRun01_grf
[info] Storage: read data file = SRRun01_grf.mot (nr=10005 nc=19)
[info] ExternalForce::RightGRF Data source being set to SRRun01_grf
[info] ExternalForce::LeftGRF Data source being set to SRRun01_grf
[info] Storage: read data file = SRRun01_grf.mot (nr=10005 nc=19)
[info] ExternalForce::RightGRF Data source being set to SRRun01_grf
[info] ExternalForce::LeftGRF Data source being set to SRRun01_grf
[info] Storage: read data file = SRRun01_grf.mot (nr=10005 nc=19)
[info] ExternalForce::RightGRF Data source being set to SRRun01_grf
[info] ExternalForce::LeftGRF Data source being set to SRRun01_grf
[info] Storage: read data file = SRRun01_grf.mot (nr=10005 nc=19)
[info] ExternalForce::RightGRF Data source being set to SRRun01_grf
[info] ExternalForce::LeftGRF Data source being set to SRRun01_grf
[info] Storage: read data file = SRRun01_grf.mot (nr=10005 nc=19)
[info] ExternalForce::RightGRF Data source being set to SRRun01_grf
[info] ExternalForce::LeftGRF Data source being set to SRRun01_grf
[info] Storage: read data file = SRRun01_grf.mot (nr=10005 nc=19)
[info] ExternalForce::RightGRF Data source being set to SRRun01_grf
[info] ExternalForce::LeftGRF Data source being set to SRRun01_grf
[info] Storage: read data file = SRRun01_grf.mot (nr=10005 nc=19)
[info] ExternalForce::RightGRF Data source being set to SRRun01_grf
[info] ExternalForce::LeftGRF Data source being set to SRRun01_grf
[info] Storage: read data file = SRRun01_grf.mot (nr=10005 nc=19)
[info] ExternalForce::RightGRF Data source being set to SRRun01_grf
[info] ExternalForce::LeftGRF Data source being set to SRRun01_grf
[info] Storage: read data file = SRRun01_grf.mot (nr=10005 nc=19)
[info] ExternalForce::RightGRF Data source being set to SRRun01_grf
[info] ExternalForce::LeftGRF Data source being set to SRRun01_grf
[info] Storage: read data file = SRRun01_grf.mot (nr=10005 nc=19)
[info] ExternalForce::RightGRF Data source being set to SRRun01_grf
[info] ExternalForce::LeftGRF Data source being set to SRRun01_grf
[info] Storage: read data file = SRRun01_grf.mot (nr=10005 nc=19)
[info] ExternalForce::RightGRF Data source being set to SRRun01_grf
[info] ExternalForce::LeftGRF Data source being set to SRRun01_grf
[info] Storage: read data file = SRRun01_grf.mot (nr=10005 nc=19)
[info] ExternalForce::RightGRF Data source being set to SRRun01_grf
[info] ExternalForce::LeftGRF Data source being set to SRRun01_grf
[info] Storage: read data file = SRRun01_grf.mot (nr=10005 nc=19)
[info] ExternalForce::RightGRF Data source being set to SRRun01_grf
[info] ExternalForce::LeftGRF Data source being set to SRRun01_grf
[info] Storage: read data file = SRRun01_grf.mot (nr=10005 nc=19)
[info] ExternalForce::RightGRF Data source being set to SRRun01_grf
[info] ExternalForce::LeftGRF Data source being set to SRRun01_grf
[info] Storage: read data file = SRRun01_grf.mot (nr=10005 nc=19)
[info] ExternalForce::RightGRF Data source being set to SRRun01_grf
[info] ExternalForce::LeftGRF Data source being set to SRRun01_grf
[info] Storage: read data file = SRRun01_grf.mot (nr=10005 nc=19)
[info] ExternalForce::RightGRF Data source being set to SRRun01_grf
[info] ExternalForce::LeftGRF Data source being set to SRRun01_grf
[info] Storage: read data file = SRRun01_grf.mot (nr=10005 nc=19)
[info] ExternalForce::RightGRF Data source being set to SRRun01_grf
[info] ExternalForce::LeftGRF Data source being set to SRRun01_grf
[info] Storage: read data file = SRRun01_grf.mot (nr=10005 nc=19)
[info] ExternalForce::RightGRF Data source being set to SRRun01_grf
[info] ExternalForce::LeftGRF Data source being set to SRRun01_grf
[info] Storage: read data file = SRRun01_grf.mot (nr=10005 nc=19)
[info] ExternalForce::RightGRF Data source being set to SRRun01_grf
[info] ExternalForce::LeftGRF Data source being set to SRRun01_grf
[info] Storage: read data file = SRRun01_grf.mot (nr=10005 nc=19)
[info] ExternalForce::RightGRF Data source being set to SRRun01_grf
[info] ExternalForce::LeftGRF Data source being set to SRRun01_grf
[info] Storage: read data file = SRRun01_grf.mot (nr=10005 nc=19)
[info] ExternalForce::RightGRF Data source being set to SRRun01_grf
[info] ExternalForce::LeftGRF Data source being set to SRRun01_grf
[info] Storage: read data file = SRRun01_grf.mot (nr=10005 nc=19)
[info] ExternalForce::RightGRF Data source being set to SRRun01_grf
[info] ExternalForce::LeftGRF Data source being set to SRRun01_grf
[info] Storage: read data file = SRRun01_grf.mot (nr=10005 nc=19)
[info] ExternalForce::RightGRF Data source being set to SRRun01_grf
[info] ExternalForce::LeftGRF Data source being set to SRRun01_grf
[info] Storage: read data file = SRRun01_grf.mot (nr=10005 nc=19)
[info] ExternalForce::RightGRF Data source being set to SRRun01_grf
[info] ExternalForce::LeftGRF Data source being set to SRRun01_grf
[info] Storage: read data file = SRRun01_grf.mot (nr=10005 nc=19)
[info] ExternalForce::RightGRF Data source being set to SRRun01_grf
[info] ExternalForce::LeftGRF Data source being set to SRRun01_grf
[info] Storage: read data file = SRRun01_grf.mot (nr=10005 nc=19)
[info] ExternalForce::RightGRF Data source being set to SRRun01_grf
[info] ExternalForce::LeftGRF Data source being set to SRRun01_grf
[info] Storage: read data file = SRRun01_grf.mot (nr=10005 nc=19)
[info] ExternalForce::RightGRF Data source being set to SRRun01_grf
[info] ExternalForce::LeftGRF Data source being set to SRRun01_grf
[info] Storage: read data file = SRRun01_grf.mot (nr=10005 nc=19)
[info] ExternalForce::RightGRF Data source being set to SRRun01_grf
[info] ExternalForce::LeftGRF Data source being set to SRRun01_grf
[info] Storage: read data file = SRRun01_grf.mot (nr=10005 nc=19)
[info] ExternalForce::RightGRF Data source being set to SRRun01_grf
[info] ExternalForce::LeftGRF Data source being set to SRRun01_grf
[info] Storage: read data file = SRRun01_grf.mot (nr=10005 nc=19)
[info] ExternalForce::RightGRF Data source being set to SRRun01_grf
[info] ExternalForce::LeftGRF Data source being set to SRRun01_grf
[info] Storage: read data file = SRRun01_grf.mot (nr=10005 nc=19)
[info] ExternalForce::RightGRF Data source being set to SRRun01_grf
[info] ExternalForce::LeftGRF Data source being set to SRRun01_grf
[info] Storage: read data file = SRRun01_grf.mot (nr=10005 nc=19)
[info] ExternalForce::RightGRF Data source being set to SRRun01_grf
[info] ExternalForce::LeftGRF Data source being set to SRRun01_grf
[info] Storage: read data file = SRRun01_grf.mot (nr=10005 nc=19)
[info] ExternalForce::RightGRF Data source being set to SRRun01_grf
[info] ExternalForce::LeftGRF Data source being set to SRRun01_grf
[info] Storage: read data file = SRRun01_grf.mot (nr=10005 nc=19)
[info] ExternalForce::RightGRF Data source being set to SRRun01_grf
[info] ExternalForce::LeftGRF Data source being set to SRRun01_grf
[info] Storage: read data file = SRRun01_grf.mot (nr=10005 nc=19)
[info] ExternalForce::RightGRF Data source being set to SRRun01_grf
[info] ExternalForce::LeftGRF Data source being set to SRRun01_grf
[info] Storage: read data file = SRRun01_grf.mot (nr=10005 nc=19)
[info] ExternalForce::RightGRF Data source being set to SRRun01_grf
[info] ExternalForce::LeftGRF Data source being set to SRRun01_grf
[info] Storage: read data file = SRRun01_grf.mot (nr=10005 nc=19)
[info] ExternalForce::RightGRF Data source being set to SRRun01_grf
[info] ExternalForce::LeftGRF Data source being set to SRRun01_grf
[info] Storage: read data file = SRRun01_grf.mot (nr=10005 nc=19)
[info] ExternalForce::RightGRF Data source being set to SRRun01_grf
[info] ExternalForce::LeftGRF Data source being set to SRRun01_grf
[info] Storage: read data file = SRRun01_grf.mot (nr=10005 nc=19)
[info] ExternalForce::RightGRF Data source being set to SRRun01_grf
[info] ExternalForce::LeftGRF Data source being set to SRRun01_grf
[info] Storage: read data file = SRRun01_grf.mot (nr=10005 nc=19)
[info] ExternalForce::RightGRF Data source being set to SRRun01_grf
[info] ExternalForce::LeftGRF Data source being set to SRRun01_grf
[info] Storage: read data file = SRRun01_grf.mot (nr=10005 nc=19)
[info] ExternalForce::RightGRF Data source being set to SRRun01_grf
[info] ExternalForce::LeftGRF Data source being set to SRRun01_grf
[info] Storage: read data file = SRRun01_grf.mot (nr=10005 nc=19)
[info] ExternalForce::RightGRF Data source being set to SRRun01_grf
[info] ExternalForce::LeftGRF Data source being set to SRRun01_grf
[info] Storage: read data file = SRRun01_grf.mot (nr=10005 nc=19)
[info] ExternalForce::RightGRF Data source being set to SRRun01_grf
[info] ExternalForce::LeftGRF Data source being set to SRRun01_grf
[info] Storage: read data file = SRRun01_grf.mot (nr=10005 nc=19)
[info] ExternalForce::RightGRF Data source being set to SRRun01_grf
[info] ExternalForce::LeftGRF Data source being set to SRRun01_grf
[info] Storage: read data file = SRRun01_grf.mot (nr=10005 nc=19)
[info] ExternalForce::RightGRF Data source being set to SRRun01_grf
[info] ExternalForce::LeftGRF Data source being set to SRRun01_grf
[info] Storage: read data file = SRRun01_grf.mot (nr=10005 nc=19)
[info] ExternalForce::RightGRF Data source being set to SRRun01_grf
[info] ExternalForce::LeftGRF Data source being set to SRRun01_grf
[info] Storage: read data file = SRRun01_grf.mot (nr=10005 nc=19)
[info] ExternalForce::RightGRF Data source being set to SRRun01_grf
[info] ExternalForce::LeftGRF Data source being set to SRRun01_grf
[info] Storage: read data file = SRRun01_grf.mot (nr=10005 nc=19)
[info] ExternalForce::RightGRF Data source being set to SRRun01_grf
[info] ExternalForce::LeftGRF Data source being set to SRRun01_grf
[info] Storage: read data file = SRRun01_grf.mot (nr=10005 nc=19)
[info] ExternalForce::RightGRF Data source being set to SRRun01_grf
[info] ExternalForce::LeftGRF Data source being set to SRRun01_grf
[info] Storage: read data file = SRRun01_grf.mot (nr=10005 nc=19)
[info] ExternalForce::RightGRF Data source being set to SRRun01_grf
[info] ExternalForce::LeftGRF Data source being set to SRRun01_grf
[info] Storage: read data file = SRRun01_grf.mot (nr=10005 nc=19)
[info] ExternalForce::RightGRF Data source being set to SRRun01_grf
[info] ExternalForce::LeftGRF Data source being set to SRRun01_grf
[info] Storage: read data file = SRRun01_grf.mot (nr=10005 nc=19)
[info] ExternalForce::RightGRF Data source being set to SRRun01_grf
[info] ExternalForce::LeftGRF Data source being set to SRRun01_grf
[info] Storage: read data file = SRRun01_grf.mot (nr=10005 nc=19)
[info] ExternalForce::RightGRF Data source being set to SRRun01_grf
[info] ExternalForce::LeftGRF Data source being set to SRRun01_grf
[info] Storage: read data file = SRRun01_grf.mot (nr=10005 nc=19)
[info] ExternalForce::RightGRF Data source being set to SRRun01_grf
[info] ExternalForce::LeftGRF Data source being set to SRRun01_grf
[info] Storage: read data file = SRRun01_grf.mot (nr=10005 nc=19)
[info] ExternalForce::RightGRF Data source being set to SRRun01_grf
[info] ExternalForce::LeftGRF Data source being set to SRRun01_grf
[info] Storage: read data file = SRRun01_grf.mot (nr=10005 nc=19)
[info] ExternalForce::RightGRF Data source being set to SRRun01_grf
[info] ExternalForce::LeftGRF Data source being set to SRRun01_grf
[info] Storage: read data file = SRRun01_grf.mot (nr=10005 nc=19)
[info] ExternalForce::RightGRF Data source being set to SRRun01_grf
[info] ExternalForce::LeftGRF Data source being set to SRRun01_grf
[info] Storage: read data file = SRRun01_grf.mot (nr=10005 nc=19)
[info] ExternalForce::RightGRF Data source being set to SRRun01_grf
[info] ExternalForce::LeftGRF Data source being set to SRRun01_grf
[info] Storage: read data file = SRRun01_grf.mot (nr=10005 nc=19)
[info] ExternalForce::RightGRF Data source being set to SRRun01_grf
[info] ExternalForce::LeftGRF Data source being set to SRRun01_grf
[info] Storage: read data file = SRRun01_grf.mot (nr=10005 nc=19)
[info] ExternalForce::RightGRF Data source being set to SRRun01_grf
[info] ExternalForce::LeftGRF Data source being set to SRRun01_grf
[info] Storage: read data file = SRRun01_grf.mot (nr=10005 nc=19)
[info] ExternalForce::RightGRF Data source being set to SRRun01_grf
[info] ExternalForce::LeftGRF Data source being set to SRRun01_grf
[info] Storage: read data file = SRRun01_grf.mot (nr=10005 nc=19)
[info] ExternalForce::RightGRF Data source being set to SRRun01_grf
[info] ExternalForce::LeftGRF Data source being set to SRRun01_grf
[info] Storage: read data file = SRRun01_grf.mot (nr=10005 nc=19)
[info] ExternalForce::RightGRF Data source being set to SRRun01_grf
[info] ExternalForce::LeftGRF Data source being set to SRRun01_grf
[info] Storage: read data file = SRRun01_grf.mot (nr=10005 nc=19)
[info] ExternalForce::RightGRF Data source being set to SRRun01_grf
[info] ExternalForce::LeftGRF Data source being set to SRRun01_grf
[info] Storage: read data file = SRRun01_grf.mot (nr=10005 nc=19)
[info] ExternalForce::RightGRF Data source being set to SRRun01_grf
[info] ExternalForce::LeftGRF Data source being set to SRRun01_grf
[info] Storage: read data file = SRRun01_grf.mot (nr=10005 nc=19)
[info] ExternalForce::RightGRF Data source being set to SRRun01_grf
[info] ExternalForce::LeftGRF Data source being set to SRRun01_grf
[info] Storage: read data file = SRRun01_grf.mot (nr=10005 nc=19)
[info] ExternalForce::RightGRF Data source being set to SRRun01_grf
[info] ExternalForce::LeftGRF Data source being set to SRRun01_grf
[info] Storage: read data file = SRRun01_grf.mot (nr=10005 nc=19)
[info] ExternalForce::RightGRF Data source being set to SRRun01_grf
[info] ExternalForce::LeftGRF Data source being set to SRRun01_grf
[info] Storage: read data file = SRRun01_grf.mot (nr=10005 nc=19)
[info] ExternalForce::RightGRF Data source being set to SRRun01_grf
[info] ExternalForce::LeftGRF Data source being set to SRRun01_grf
[info] Storage: read data file = SRRun01_grf.mot (nr=10005 nc=19)
[info] ExternalForce::RightGRF Data source being set to SRRun01_grf
[info] ExternalForce::LeftGRF Data source being set to SRRun01_grf
[info] Storage: read data file = SRRun01_grf.mot (nr=10005 nc=19)
[info] ExternalForce::RightGRF Data source being set to SRRun01_grf
[info] ExternalForce::LeftGRF Data source being set to SRRun01_grf
[info] Storage: read data file = SRRun01_grf.mot (nr=10005 nc=19)
[info] ExternalForce::RightGRF Data source being set to SRRun01_grf
[info] ExternalForce::LeftGRF Data source being set to SRRun01_grf
[info] Storage: read data file = SRRun01_grf.mot (nr=10005 nc=19)
[info] ExternalForce::RightGRF Data source being set to SRRun01_grf
[info] ExternalForce::LeftGRF Data source being set to SRRun01_grf
[info] Storage: read data file = SRRun01_grf.mot (nr=10005 nc=19)
[info] ExternalForce::RightGRF Data source being set to SRRun01_grf
[info] ExternalForce::LeftGRF Data source being set to SRRun01_grf
[info] Storage: read data file = SRRun01_grf.mot (nr=10005 nc=19)
[info] ExternalForce::RightGRF Data source being set to SRRun01_grf
[info] ExternalForce::LeftGRF Data source being set to SRRun01_grf
[info] Storage: read data file = SRRun01_grf.mot (nr=10005 nc=19)
[info] ExternalForce::RightGRF Data source being set to SRRun01_grf
[info] ExternalForce::LeftGRF Data source being set to SRRun01_grf
[info] Storage: read data file = SRRun01_grf.mot (nr=10005 nc=19)
[info] ExternalForce::RightGRF Data source being set to SRRun01_grf
[info] ExternalForce::LeftGRF Data source being set to SRRun01_grf
[info] Storage: read data file = SRRun01_grf.mot (nr=10005 nc=19)
[info] ExternalForce::RightGRF Data source being set to SRRun01_grf
[info] ExternalForce::LeftGRF Data source being set to SRRun01_grf
[info] Storage: read data file = SRRun01_grf.mot (nr=10005 nc=19)
[info] ExternalForce::RightGRF Data source being set to SRRun01_grf
[info] ExternalForce::LeftGRF Data source being set to SRRun01_grf
[info] Storage: read data file = SRRun01_grf.mot (nr=10005 nc=19)
[info] ExternalForce::RightGRF Data source being set to SRRun01_grf
[info] ExternalForce::LeftGRF Data source being set to SRRun01_grf
[info] Storage: read data file = SRRun01_grf.mot (nr=10005 nc=19)
[info] ExternalForce::RightGRF Data source being set to SRRun01_grf
[info] ExternalForce::LeftGRF Data source being set to SRRun01_grf
[info] Storage: read data file = SRRun01_grf.mot (nr=10005 nc=19)
[info] ExternalForce::RightGRF Data source being set to SRRun01_grf
[info] ExternalForce::LeftGRF Data source being set to SRRun01_grf
[info] Storage: read data file = SRRun01_grf.mot (nr=10005 nc=19)
[info] ExternalForce::RightGRF Data source being set to SRRun01_grf
[info] ExternalForce::LeftGRF Data source being set to SRRun01_grf
[info] Storage: read data file = SRRun01_grf.mot (nr=10005 nc=19)
[info] ExternalForce::RightGRF Data source being set to SRRun01_grf
[info] ExternalForce::LeftGRF Data source being set to SRRun01_grf
[info] Storage: read data file = SRRun01_grf.mot (nr=10005 nc=19)
[info] ExternalForce::RightGRF Data source being set to SRRun01_grf
[info] ExternalForce::LeftGRF Data source being set to SRRun01_grf
[info] Storage: read data file = SRRun01_grf.mot (nr=10005 nc=19)
[info] ExternalForce::RightGRF Data source being set to SRRun01_grf
[info] ExternalForce::LeftGRF Data source being set to SRRun01_grf
[info] Storage: read data file = SRRun01_grf.mot (nr=10005 nc=19)
[info] ExternalForce::RightGRF Data source being set to SRRun01_grf
[info] ExternalForce::LeftGRF Data source being set to SRRun01_grf
[info] Storage: read data file = SRRun01_grf.mot (nr=10005 nc=19)
[info] ExternalForce::RightGRF Data source being set to SRRun01_grf
[info] ExternalForce::LeftGRF Data source being set to SRRun01_grf
[info] Storage: read data file = SRRun01_grf.mot (nr=10005 nc=19)
[info] ExternalForce::RightGRF Data source being set to SRRun01_grf
[info] ExternalForce::LeftGRF Data source being set to SRRun01_grf
[info] Storage: read data file = SRRun01_grf.mot (nr=10005 nc=19)
[info] ExternalForce::RightGRF Data source being set to SRRun01_grf
[info] ExternalForce::LeftGRF Data source being set to SRRun01_grf
[info] Storage: read data file = SRRun01_grf.mot (nr=10005 nc=19)
[info] ExternalForce::RightGRF Data source being set to SRRun01_grf
[info] ExternalForce::LeftGRF Data source being set to SRRun01_grf
[info] Storage: read data file = SRRun01_grf.mot (nr=10005 nc=19)
[info] ExternalForce::RightGRF Data source being set to SRRun01_grf
[info] ExternalForce::LeftGRF Data source being set to SRRun01_grf
[info] Storage: read data file = SRRun01_grf.mot (nr=10005 nc=19)
[info] ExternalForce::RightGRF Data source being set to SRRun01_grf
[info] ExternalForce::LeftGRF Data source being set to SRRun01_grf
[info] Storage: read data file = SRRun01_grf.mot (nr=10005 nc=19)
[info] ExternalForce::RightGRF Data source being set to SRRun01_grf
[info] ExternalForce::LeftGRF Data source being set to SRRun01_grf
[info] Storage: read data file = SRRun01_grf.mot (nr=10005 nc=19)
[info] ExternalForce::RightGRF Data source being set to SRRun01_grf
[info] ExternalForce::LeftGRF Data source being set to SRRun01_grf
[info] Storage: read data file = SRRun01_grf.mot (nr=10005 nc=19)
[info] ExternalForce::RightGRF Data source being set to SRRun01_grf
[info] ExternalForce::LeftGRF Data source being set to SRRun01_grf
[info] Storage: read data file = SRRun01_grf.mot (nr=10005 nc=19)
[info] ExternalForce::RightGRF Data source being set to SRRun01_grf
[info] ExternalForce::LeftGRF Data source being set to SRRun01_grf
[info] Storage: read data file = SRRun01_grf.mot (nr=10005 nc=19)
[info] ExternalForce::RightGRF Data source being set to SRRun01_grf
[info] ExternalForce::LeftGRF Data source being set to SRRun01_grf
[info] Storage: read data file = SRRun01_grf.mot (nr=10005 nc=19)
[info] ExternalForce::RightGRF Data source being set to SRRun01_grf
[info] ExternalForce::LeftGRF Data source being set to SRRun01_grf
[info] Storage: read data file = SRRun01_grf.mot (nr=10005 nc=19)
[info] ExternalForce::RightGRF Data source being set to SRRun01_grf
[info] ExternalForce::LeftGRF Data source being set to SRRun01_grf
[info] Storage: read data file = SRRun01_grf.mot (nr=10005 nc=19)
[info] ExternalForce::RightGRF Data source being set to SRRun01_grf
[info] ExternalForce::LeftGRF Data source being set to SRRun01_grf
[info] Storage: read data file = SRRun01_grf.mot (nr=10005 nc=19)
[info] ExternalForce::RightGRF Data source being set to SRRun01_grf
[info] ExternalForce::LeftGRF Data source being set to SRRun01_grf
[info] Storage: read data file = SRRun01_grf.mot (nr=10005 nc=19)
[info] ExternalForce::RightGRF Data source being set to SRRun01_grf
[info] ExternalForce::LeftGRF Data source being set to SRRun01_grf
[info] Storage: read data file = SRRun01_grf.mot (nr=10005 nc=19)
[info] ExternalForce::RightGRF Data source being set to SRRun01_grf
[info] ExternalForce::LeftGRF Data source being set to SRRun01_grf
[info] Storage: read data file = SRRun01_grf.mot (nr=10005 nc=19)
[info] ExternalForce::RightGRF Data source being set to SRRun01_grf
[info] ExternalForce::LeftGRF Data source being set to SRRun01_grf
[info] Storage: read data file = SRRun01_grf.mot (nr=10005 nc=19)
[info] ExternalForce::RightGRF Data source being set to SRRun01_grf
[info] ExternalForce::LeftGRF Data source being set to SRRun01_grf
[info] Storage: read data file = SRRun01_grf.mot (nr=10005 nc=19)
[info] ExternalForce::RightGRF Data source being set to SRRun01_grf
[info] ExternalForce::LeftGRF Data source being set to SRRun01_grf
[info] Storage: read data file = SRRun01_grf.mot (nr=10005 nc=19)
[info] ExternalForce::RightGRF Data source being set to SRRun01_grf
[info] ExternalForce::LeftGRF Data source being set to SRRun01_grf
[info] Storage: read data file = SRRun01_grf.mot (nr=10005 nc=19)
[info] ExternalForce::RightGRF Data source being set to SRRun01_grf
[info] ExternalForce::LeftGRF Data source being set to SRRun01_grf
[info] Storage: read data file = SRRun01_grf.mot (nr=10005 nc=19)
[info] ExternalForce::RightGRF Data source being set to SRRun01_grf
[info] ExternalForce::LeftGRF Data source being set to SRRun01_grf
[info] Storage: read data file = SRRun01_grf.mot (nr=10005 nc=19)
[info] ExternalForce::RightGRF Data source being set to SRRun01_grf
[info] ExternalForce::LeftGRF Data source being set to SRRun01_grf
[info] Storage: read data file = SRRun01_grf.mot (nr=10005 nc=19)
[info] ExternalForce::RightGRF Data source being set to SRRun01_grf
[info] ExternalForce::LeftGRF Data source being set to SRRun01_grf
[info] Storage: read data file = SRRun01_grf.mot (nr=10005 nc=19)
[info] ExternalForce::RightGRF Data source being set to SRRun01_grf
[info] ExternalForce::LeftGRF Data source being set to SRRun01_grf
[info] Storage: read data file = SRRun01_grf.mot (nr=10005 nc=19)
[info] ExternalForce::RightGRF Data source being set to SRRun01_grf
[info] ExternalForce::LeftGRF Data source being set to SRRun01_grf
[info] Storage: read data file = SRRun01_grf.mot (nr=10005 nc=19)
[info] ExternalForce::RightGRF Data source being set to SRRun01_grf
[info] ExternalForce::LeftGRF Data source being set to SRRun01_grf
[info] Storage: read data file = SRRun01_grf.mot (nr=10005 nc=19)
[info] ExternalForce::RightGRF Data source being set to SRRun01_grf
[info] ExternalForce::LeftGRF Data source being set to SRRun01_grf
[info] Storage: read data file = SRRun01_grf.mot (nr=10005 nc=19)
[info] ExternalForce::RightGRF Data source being set to SRRun01_grf
[info] ExternalForce::LeftGRF Data source being set to SRRun01_grf
[info] Storage: read data file = SRRun01_grf.mot (nr=10005 nc=19)
[info] ExternalForce::RightGRF Data source being set to SRRun01_grf
[info] ExternalForce::LeftGRF Data source being set to SRRun01_grf
[info] Storage: read data file = SRRun01_grf.mot (nr=10005 nc=19)
[info] ExternalForce::RightGRF Data source being set to SRRun01_grf
[info] ExternalForce::LeftGRF Data source being set to SRRun01_grf
[info] Storage: read data file = SRRun01_grf.mot (nr=10005 nc=19)
[info] ExternalForce::RightGRF Data source being set to SRRun01_grf
[info] ExternalForce::LeftGRF Data source being set to SRRun01_grf
[info] Storage: read data file = SRRun01_grf.mot (nr=10005 nc=19)
[info] ExternalForce::RightGRF Data source being set to SRRun01_grf
[info] ExternalForce::LeftGRF Data source being set to SRRun01_grf
[info] Storage: read data file = SRRun01_grf.mot (nr=10005 nc=19)
[info] ExternalForce::RightGRF Data source being set to SRRun01_grf
[info] ExternalForce::LeftGRF Data source being set to SRRun01_grf
[info] Storage: read data file = SRRun01_grf.mot (nr=10005 nc=19)
[info] ExternalForce::RightGRF Data source being set to SRRun01_grf
[info] ExternalForce::LeftGRF Data source being set to SRRun01_grf
[info] Storage: read data file = SRRun01_grf.mot (nr=10005 nc=19)
[info] ExternalForce::RightGRF Data source being set to SRRun01_grf
[info] ExternalForce::LeftGRF Data source being set to SRRun01_grf
[info] Storage: read data file = SRRun01_grf.mot (nr=10005 nc=19)
[info] ExternalForce::RightGRF Data source being set to SRRun01_grf
[info] ExternalForce::LeftGRF Data source being set to SRRun01_grf
[info] Storage: read data file = SRRun01_grf.mot (nr=10005 nc=19)
[info] ExternalForce::RightGRF Data source being set to SRRun01_grf
[info] ExternalForce::LeftGRF Data source being set to SRRun01_grf
[info] Storage: read data file = SRRun01_grf.mot (nr=10005 nc=19)
[info] ExternalForce::RightGRF Data source being set to SRRun01_grf
[info] ExternalForce::LeftGRF Data source being set to SRRun01_grf
[info] Storage: read data file = SRRun01_grf.mot (nr=10005 nc=19)
[info] ExternalForce::RightGRF Data source being set to SRRun01_grf
[info] ExternalForce::LeftGRF Data source being set to SRRun01_grf
[info] Storage: read data file = SRRun01_grf.mot (nr=10005 nc=19)
[info] ExternalForce::RightGRF Data source being set to SRRun01_grf
[info] ExternalForce::LeftGRF Data source being set to SRRun01_grf
[info] Storage: read data file = SRRun01_grf.mot (nr=10005 nc=19)
[info] ExternalForce::RightGRF Data source being set to SRRun01_grf
[info] ExternalForce::LeftGRF Data source being set to SRRun01_grf
[info] Storage: read data file = SRRun01_grf.mot (nr=10005 nc=19)
[info] ExternalForce::RightGRF Data source being set to SRRun01_grf
[info] ExternalForce::LeftGRF Data source being set to SRRun01_grf
[info] Storage: read data file = SRRun01_grf.mot (nr=10005 nc=19)
[info] ExternalForce::RightGRF Data source being set to SRRun01_grf
[info] ExternalForce::LeftGRF Data source being set to SRRun01_grf
[info] Storage: read data file = SRRun01_grf.mot (nr=10005 nc=19)
[info] ExternalForce::RightGRF Data source being set to SRRun01_grf
[info] ExternalForce::LeftGRF Data source being set to SRRun01_grf
[info] Storage: read data file = SRRun01_grf.mot (nr=10005 nc=19)
[info] ExternalForce::RightGRF Data source being set to SRRun01_grf
[info] ExternalForce::LeftGRF Data source being set to SRRun01_grf
[info] Storage: read data file = SRRun01_grf.mot (nr=10005 nc=19)
[info] ExternalForce::RightGRF Data source being set to SRRun01_grf
[info] ExternalForce::LeftGRF Data source being set to SRRun01_grf
[info] Storage: read data file = SRRun01_grf.mot (nr=10005 nc=19)
[info] ExternalForce::RightGRF Data source being set to SRRun01_grf
[info] ExternalForce::LeftGRF Data source being set to SRRun01_grf
[info] Storage: read data file = SRRun01_grf.mot (nr=10005 nc=19)
[info] ExternalForce::RightGRF Data source being set to SRRun01_grf
[info] ExternalForce::LeftGRF Data source being set to SRRun01_grf
[info] Storage: read data file = SRRun01_grf.mot (nr=10005 nc=19)
[info] ExternalForce::RightGRF Data source being set to SRRun01_grf
[info] ExternalForce::LeftGRF Data source being set to SRRun01_grf
[info] Storage: read data file = SRRun01_grf.mot (nr=10005 nc=19)
[info] ExternalForce::RightGRF Data source being set to SRRun01_grf
[info] ExternalForce::LeftGRF Data source being set to SRRun01_grf
[info] Storage: read data file = SRRun01_grf.mot (nr=10005 nc=19)
[info] ExternalForce::RightGRF Data source being set to SRRun01_grf
[info] ExternalForce::LeftGRF Data source being set to SRRun01_grf
[info] Storage: read data file = SRRun01_grf.mot (nr=10005 nc=19)
[info] ExternalForce::RightGRF Data source being set to SRRun01_grf
[info] ExternalForce::LeftGRF Data source being set to SRRun01_grf
[info] Storage: read data file = SRRun01_grf.mot (nr=10005 nc=19)
[info] ExternalForce::RightGRF Data source being set to SRRun01_grf
[info] ExternalForce::LeftGRF Data source being set to SRRun01_grf
[info] Storage: read data file = SRRun01_grf.mot (nr=10005 nc=19)
[info] ExternalForce::RightGRF Data source being set to SRRun01_grf
[info] ExternalForce::LeftGRF Data source being set to SRRun01_grf
[info] Storage: read data file = SRRun01_grf.mot (nr=10005 nc=19)
[info] ExternalForce::RightGRF Data source being set to SRRun01_grf
[info] ExternalForce::LeftGRF Data source being set to SRRun01_grf
[info] Storage: read data file = SRRun01_grf.mot (nr=10005 nc=19)
[info] ExternalForce::RightGRF Data source being set to SRRun01_grf
[info] ExternalForce::LeftGRF Data source being set to SRRun01_grf
[info] Storage: read data file = SRRun01_grf.mot (nr=10005 nc=19)
[info] ExternalForce::RightGRF Data source being set to SRRun01_grf
[info] ExternalForce::LeftGRF Data source being set to SRRun01_grf
[info] Storage: read data file = SRRun01_grf.mot (nr=10005 nc=19)
[info] ExternalForce::RightGRF Data source being set to SRRun01_grf
[info] ExternalForce::LeftGRF Data source being set to SRRun01_grf
[info] Storage: read data file = SRRun01_grf.mot (nr=10005 nc=19)
[info] ExternalForce::RightGRF Data source being set to SRRun01_grf
[info] ExternalForce::LeftGRF Data source being set to SRRun01_grf
[info] Storage: read data file = SRRun01_grf.mot (nr=10005 nc=19)
[info] ExternalForce::RightGRF Data source being set to SRRun01_grf
[info] ExternalForce::LeftGRF Data source being set to SRRun01_grf
[info] Storage: read data file = SRRun01_grf.mot (nr=10005 nc=19)
[info] ExternalForce::RightGRF Data source being set to SRRun01_grf
[info] ExternalForce::LeftGRF Data source being set to SRRun01_grf
[info] Storage: read data file = SRRun01_grf.mot (nr=10005 nc=19)
[info] ExternalForce::RightGRF Data source being set to SRRun01_grf
[info] ExternalForce::LeftGRF Data source being set to SRRun01_grf
[info] Storage: read data file = SRRun01_grf.mot (nr=10005 nc=19)
[info] ExternalForce::RightGRF Data source being set to SRRun01_grf
[info] ExternalForce::LeftGRF Data source being set to SRRun01_grf
[info] Storage: read data file = SRRun01_grf.mot (nr=10005 nc=19)
[info] ExternalForce::RightGRF Data source being set to SRRun01_grf
[info] ExternalForce::LeftGRF Data source being set to SRRun01_grf
[info] Storage: read data file = SRRun01_grf.mot (nr=10005 nc=19)
[info] ExternalForce::RightGRF Data source being set to SRRun01_grf
[info] ExternalForce::LeftGRF Data source being set to SRRun01_grf
[info] Storage: read data file = SRRun01_grf.mot (nr=10005 nc=19)
[info] ExternalForce::RightGRF Data source being set to SRRun01_grf
[info] ExternalForce::LeftGRF Data source being set to SRRun01_grf
[info] Storage: read data file = SRRun01_grf.mot (nr=10005 nc=19)
[info] ExternalForce::RightGRF Data source being set to SRRun01_grf
[info] ExternalForce::LeftGRF Data source being set to SRRun01_grf
[info] Storage: read data file = SRRun01_grf.mot (nr=10005 nc=19)
[info] ExternalForce::RightGRF Data source being set to SRRun01_grf
[info] ExternalForce::LeftGRF Data source being set to SRRun01_grf
[info] Storage: read data file = SRRun01_grf.mot (nr=10005 nc=19)
[info] ExternalForce::RightGRF Data source being set to SRRun01_grf
[info] ExternalForce::LeftGRF Data source being set to SRRun01_grf
[info] Storage: read data file = SRRun01_grf.mot (nr=10005 nc=19)
[info] ExternalForce::RightGRF Data source being set to SRRun01_grf
[info] ExternalForce::LeftGRF Data source being set to SRRun01_grf
[info] Storage: read data file = SRRun01_grf.mot (nr=10005 nc=19)
[info] ExternalForce::RightGRF Data source being set to SRRun01_grf
[info] ExternalForce::LeftGRF Data source being set to SRRun01_grf
[info] Storage: read data file = SRRun01_grf.mot (nr=10005 nc=19)
[info] ExternalForce::RightGRF Data source being set to SRRun01_grf
[info] ExternalForce::LeftGRF Data source being set to SRRun01_grf
[info] Storage: read data file = SRRun01_grf.mot (nr=10005 nc=19)
[info] ExternalForce::RightGRF Data source being set to SRRun01_grf
[info] ExternalForce::LeftGRF Data source being set to SRRun01_grf
[info] Storage: read data file = SRRun01_grf.mot (nr=10005 nc=19)
[info] ExternalForce::RightGRF Data source being set to SRRun01_grf
[info] ExternalForce::LeftGRF Data source being set to SRRun01_grf
[info] Storage: read data file = SRRun01_grf.mot (nr=10005 nc=19)
[info] ExternalForce::RightGRF Data source being set to SRRun01_grf
[info] ExternalForce::LeftGRF Data source being set to SRRun01_grf
[info] Storage: read data file = SRRun01_grf.mot (nr=10005 nc=19)
[info] ExternalForce::RightGRF Data source being set to SRRun01_grf
[info] ExternalForce::LeftGRF Data source being set to SRRun01_grf
[info] Storage: read data file = SRRun01_grf.mot (nr=10005 nc=19)
[info] ExternalForce::RightGRF Data source being set to SRRun01_grf
[info] ExternalForce::LeftGRF Data source being set to SRRun01_grf
[info] Storage: read data file = SRRun01_grf.mot (nr=10005 nc=19)
[info] ExternalForce::RightGRF Data source being set to SRRun01_grf
[info] ExternalForce::LeftGRF Data source being set to SRRun01_grf
[info] Storage: read data file = SRRun01_grf.mot (nr=10005 nc=19)
[info] ExternalForce::RightGRF Data source being set to SRRun01_grf
[info] ExternalForce::LeftGRF Data source being set to SRRun01_grf
[info] Storage: read data file = SRRun01_grf.mot (nr=10005 nc=19)
[info] ExternalForce::RightGRF Data source being set to SRRun01_grf
[info] ExternalForce::LeftGRF Data source being set to SRRun01_grf
[info] Storage: read data file = SRRun01_grf.mot (nr=10005 nc=19)
[info] ExternalForce::RightGRF Data source being set to SRRun01_grf
[info] ExternalForce::LeftGRF Data source being set to SRRun01_grf
[info] Storage: read data file = SRRun01_grf.mot (nr=10005 nc=19)
[info] ExternalForce::RightGRF Data source being set to SRRun01_grf
[info] ExternalForce::LeftGRF Data source being set to SRRun01_grf
[info] Storage: read data file = SRRun01_grf.mot (nr=10005 nc=19)
[info] ExternalForce::RightGRF Data source being set to SRRun01_grf
[info] ExternalForce::LeftGRF Data source being set to SRRun01_grf
[info] Storage: read data file = SRRun01_grf.mot (nr=10005 nc=19)
[info] ExternalForce::RightGRF Data source being set to SRRun01_grf
[info] ExternalForce::LeftGRF Data source being set to SRRun01_grf
[info] Storage: read data file = SRRun01_grf.mot (nr=10005 nc=19)
[info] ExternalForce::RightGRF Data source being set to SRRun01_grf
[info] ExternalForce::LeftGRF Data source being set to SRRun01_grf
[info] Storage: read data file = SRRun01_grf.mot (nr=10005 nc=19)
[info] ExternalForce::RightGRF Data source being set to SRRun01_grf
[info] ExternalForce::LeftGRF Data source being set to SRRun01_grf
[info] Storage: read data file = SRRun01_grf.mot (nr=10005 nc=19)
[info] ExternalForce::RightGRF Data source being set to SRRun01_grf
[info] ExternalForce::LeftGRF Data source being set to SRRun01_grf
[info] Storage: read data file = SRRun01_grf.mot (nr=10005 nc=19)
[info] ExternalForce::RightGRF Data source being set to SRRun01_grf
[info] ExternalForce::LeftGRF Data source being set to SRRun01_grf
[info] Storage: read data file = SRRun01_grf.mot (nr=10005 nc=19)
[info] ExternalForce::RightGRF Data source being set to SRRun01_grf
[info] ExternalForce::LeftGRF Data source being set to SRRun01_grf
[info] Storage: read data file = SRRun01_grf.mot (nr=10005 nc=19)
[info] ExternalForce::RightGRF Data source being set to SRRun01_grf
[info] ExternalForce::LeftGRF Data source being set to SRRun01_grf
[info] Storage: read data file = SRRun01_grf.mot (nr=10005 nc=19)
[info] ExternalForce::RightGRF Data source being set to SRRun01_grf
[info] ExternalForce::LeftGRF Data source being set to SRRun01_grf
[info] Storage: read data file = SRRun01_grf.mot (nr=10005 nc=19)
[info] ExternalForce::RightGRF Data source being set to SRRun01_grf
[info] ExternalForce::LeftGRF Data source being set to SRRun01_grf
[info] Storage: read data file = SRRun01_grf.mot (nr=10005 nc=19)
[info] ExternalForce::RightGRF Data source being set to SRRun01_grf
[info] ExternalForce::LeftGRF Data source being set to SRRun01_grf
[info] Storage: read data file = SRRun01_grf.mot (nr=10005 nc=19)
[info] ExternalForce::RightGRF Data source being set to SRRun01_grf
[info] ExternalForce::LeftGRF Data source being set to SRRun01_grf
[info] Storage: read data file = SRRun01_grf.mot (nr=10005 nc=19)
[info] ExternalForce::RightGRF Data source being set to SRRun01_grf
[info] ExternalForce::LeftGRF Data source being set to SRRun01_grf
[info] Storage: read data file = SRRun01_grf.mot (nr=10005 nc=19)
[info] ExternalForce::RightGRF Data source being set to SRRun01_grf
[info] ExternalForce::LeftGRF Data source being set to SRRun01_grf
[info] Storage: read data file = SRRun01_grf.mot (nr=10005 nc=19)
[info] ExternalForce::RightGRF Data source being set to SRRun01_grf
[info] ExternalForce::LeftGRF Data source being set to SRRun01_grf
[info] Storage: read data file = SRRun01_grf.mot (nr=10005 nc=19)
[info] ExternalForce::RightGRF Data source being set to SRRun01_grf
[info] ExternalForce::LeftGRF Data source being set to SRRun01_grf
[info] Storage: read data file = SRRun01_grf.mot (nr=10005 nc=19)
[info] ExternalForce::RightGRF Data source being set to SRRun01_grf
[info] ExternalForce::LeftGRF Data source being set to SRRun01_grf
[info] Storage: read data file = SRRun01_grf.mot (nr=10005 nc=19)
[info] ExternalForce::RightGRF Data source being set to SRRun01_grf
[info] ExternalForce::LeftGRF Data source being set to SRRun01_grf
[info] Storage: read data file = SRRun01_grf.mot (nr=10005 nc=19)
[info] ExternalForce::RightGRF Data source being set to SRRun01_grf
[info] ExternalForce::LeftGRF Data source being set to SRRun01_grf
[info] Storage: read data file = SRRun01_grf.mot (nr=10005 nc=19)
[info] ExternalForce::RightGRF Data source being set to SRRun01_grf
[info] ExternalForce::LeftGRF Data source being set to SRRun01_grf
[info] Storage: read data file = SRRun01_grf.mot (nr=10005 nc=19)
[info] ExternalForce::RightGRF Data source being set to SRRun01_grf
[info] ExternalForce::LeftGRF Data source being set to SRRun01_grf
[info] Storage: read data file = SRRun01_grf.mot (nr=10005 nc=19)
[info] ExternalForce::RightGRF Data source being set to SRRun01_grf
[info] ExternalForce::LeftGRF Data source being set to SRRun01_grf
[info] Storage: read data file = SRRun01_grf.mot (nr=10005 nc=19)
[info] ExternalForce::RightGRF Data source being set to SRRun01_grf
[info] ExternalForce::LeftGRF Data source being set to SRRun01_grf
[info] Storage: read data file = SRRun01_grf.mot (nr=10005 nc=19)
[info] ExternalForce::RightGRF Data source being set to SRRun01_grf
[info] ExternalForce::LeftGRF Data source being set to SRRun01_grf
[info] Storage: read data file = SRRun01_grf.mot (nr=10005 nc=19)
[info] ExternalForce::RightGRF Data source being set to SRRun01_grf
[info] ExternalForce::LeftGRF Data source being set to SRRun01_grf
[info] Storage: read data file = SRRun01_grf.mot (nr=10005 nc=19)
[info] ExternalForce::RightGRF Data source being set to SRRun01_grf
[info] ExternalForce::LeftGRF Data source being set to SRRun01_grf
[info] Storage: read data file = SRRun01_grf.mot (nr=10005 nc=19)
[info] ExternalForce::RightGRF Data source being set to SRRun01_grf
[info] ExternalForce::LeftGRF Data source being set to SRRun01_grf
[info] Storage: read data file = SRRun01_grf.mot (nr=10005 nc=19)
[info] ExternalForce::RightGRF Data source being set to SRRun01_grf
[info] ExternalForce::LeftGRF Data source being set to SRRun01_grf
[info] Storage: read data file = SRRun01_grf.mot (nr=10005 nc=19)
[info] ExternalForce::RightGRF Data source being set to SRRun01_grf
[info] ExternalForce::LeftGRF Data source being set to SRRun01_grf
[info] Storage: read data file = SRRun01_grf.mot (nr=10005 nc=19)
[info] ExternalForce::RightGRF Data source being set to SRRun01_grf
[info] ExternalForce::LeftGRF Data source being set to SRRun01_grf
[info] Storage: read data file = SRRun01_grf.mot (nr=10005 nc=19)
[info] ExternalForce::RightGRF Data source being set to SRRun01_grf
[info] ExternalForce::LeftGRF Data source being set to SRRun01_grf
[info] Storage: read data file = SRRun01_grf.mot (nr=10005 nc=19)
[info] ExternalForce::RightGRF Data source being set to SRRun01_grf
[info] ExternalForce::LeftGRF Data source being set to SRRun01_grf
[info] Storage: read data file = SRRun01_grf.mot (nr=10005 nc=19)
[info] ExternalForce::RightGRF Data source being set to SRRun01_grf
[info] ExternalForce::LeftGRF Data source being set to SRRun01_grf
[info] Storage: read data file = SRRun01_grf.mot (nr=10005 nc=19)
[info] ExternalForce::RightGRF Data source being set to SRRun01_grf
[info] ExternalForce::LeftGRF Data source being set to SRRun01_grf
[info] Storage: read data file = SRRun01_grf.mot (nr=10005 nc=19)
[info] ExternalForce::RightGRF Data source being set to SRRun01_grf
[info] ExternalForce::LeftGRF Data source being set to SRRun01_grf
[info] Storage: read data file = SRRun01_grf.mot (nr=10005 nc=19)
[info] ExternalForce::RightGRF Data source being set to SRRun01_grf
[info] ExternalForce::LeftGRF Data source being set to SRRun01_grf
[info] Storage: read data file = SRRun01_grf.mot (nr=10005 nc=19)
[info] ExternalForce::RightGRF Data source being set to SRRun01_grf
[info] ExternalForce::LeftGRF Data source being set to SRRun01_grf
[info] Storage: read data file = SRRun01_grf.mot (nr=10005 nc=19)
[info] ExternalForce::RightGRF Data source being set to SRRun01_grf
[info] ExternalForce::LeftGRF Data source being set to SRRun01_grf
[info] Storage: read data file = SRRun01_grf.mot (nr=10005 nc=19)
[info] ExternalForce::RightGRF Data source being set to SRRun01_grf
[info] ExternalForce::LeftGRF Data source being set to SRRun01_grf
[info] Storage: read data file = SRRun01_grf.mot (nr=10005 nc=19)
[info] ExternalForce::RightGRF Data source being set to SRRun01_grf
[info] ExternalForce::LeftGRF Data source being set to SRRun01_grf
[info] Storage: read data file = SRRun01_grf.mot (nr=10005 nc=19)
[info] ExternalForce::RightGRF Data source being set to SRRun01_grf
[info] ExternalForce::LeftGRF Data source being set to SRRun01_grf
[info] Storage: read data file = SRRun01_grf.mot (nr=10005 nc=19)
[info] ExternalForce::RightGRF Data source being set to SRRun01_grf
[info] ExternalForce::LeftGRF Data source being set to SRRun01_grf
[info] Storage: read data file = SRRun01_grf.mot (nr=10005 nc=19)
[info] ExternalForce::RightGRF Data source being set to SRRun01_grf
[info] ExternalForce::LeftGRF Data source being set to SRRun01_grf
[info] Storage: read data file = SRRun01_grf.mot (nr=10005 nc=19)
[info] ExternalForce::RightGRF Data source being set to SRRun01_grf
[info] ExternalForce::LeftGRF Data source being set to SRRun01_grf
[info] Storage: read data file = SRRun01_grf.mot (nr=10005 nc=19)
[info] ExternalForce::RightGRF Data source being set to SRRun01_grf
[info] ExternalForce::LeftGRF Data source being set to SRRun01_grf
[info] Storage: read data file = SRRun01_grf.mot (nr=10005 nc=19)
[info] ExternalForce::RightGRF Data source being set to SRRun01_grf
[info] ExternalForce::LeftGRF Data source being set to SRRun01_grf
[info] Storage: read data file = SRRun01_grf.mot (nr=10005 nc=19)
[info] ExternalForce::RightGRF Data source being set to SRRun01_grf
[info] ExternalForce::LeftGRF Data source being set to SRRun01_grf
[info] Storage: read data file = SRRun01_grf.mot (nr=10005 nc=19)
[info] ExternalForce::RightGRF Data source being set to SRRun01_grf
[info] ExternalForce::LeftGRF Data source being set to SRRun01_grf
[info] Storage: read data file = SRRun01_grf.mot (nr=10005 nc=19)
[info] ExternalForce::RightGRF Data source being set to SRRun01_grf
[info] ExternalForce::LeftGRF Data source being set to SRRun01_grf
[info] Storage: read data file = SRRun01_grf.mot (nr=10005 nc=19)
[info] ExternalForce::RightGRF Data source being set to SRRun01_grf
[info] ExternalForce::LeftGRF Data source being set to SRRun01_grf
[info] Storage: read data file = SRRun01_grf.mot (nr=10005 nc=19)
[info] ExternalForce::RightGRF Data source being set to SRRun01_grf
[info] ExternalForce::LeftGRF Data source being set to SRRun01_grf
[info] Storage: read data file = SRRun01_grf.mot (nr=10005 nc=19)
[info] ExternalForce::RightGRF Data source being set to SRRun01_grf
[info] ExternalForce::LeftGRF Data source being set to SRRun01_grf
[info] Storage: read data file = SRRun01_grf.mot (nr=10005 nc=19)
[info] ExternalForce::RightGRF Data source being set to SRRun01_grf
[info] ExternalForce::LeftGRF Data source being set to SRRun01_grf
[info] Storage: read data file = SRRun01_grf.mot (nr=10005 nc=19)
[info] ExternalForce::RightGRF Data source being set to SRRun01_grf
[info] ExternalForce::LeftGRF Data source being set to SRRun01_grf
[info] Storage: read data file = SRRun01_grf.mot (nr=10005 nc=19)
[info] ExternalForce::RightGRF Data source being set to SRRun01_grf
[info] ExternalForce::LeftGRF Data source being set to SRRun01_grf
[info] Storage: read data file = SRRun01_grf.mot (nr=10005 nc=19)
[info] ExternalForce::RightGRF Data source being set to SRRun01_grf
[info] ExternalForce::LeftGRF Data source being set to SRRun01_grf
[info] Storage: read data file = SRRun01_grf.mot (nr=10005 nc=19)
[info] ExternalForce::RightGRF Data source being set to SRRun01_grf
[info] ExternalForce::LeftGRF Data source being set to SRRun01_grf
[info] Storage: read data file = SRRun01_grf.mot (nr=10005 nc=19)
[info] ExternalForce::RightGRF Data source being set to SRRun01_grf
[info] ExternalForce::LeftGRF Data source being set to SRRun01_grf
[info] Storage: read data file = SRRun01_grf.mot (nr=10005 nc=19)
[info] ExternalForce::RightGRF Data source being set to SRRun01_grf
[info] ExternalForce::LeftGRF Data source being set to SRRun01_grf
[info] Storage: read data file = SRRun01_grf.mot (nr=10005 nc=19)
[info] ExternalForce::RightGRF Data source being set to SRRun01_grf
[info] ExternalForce::LeftGRF Data source being set to SRRun01_grf
[info] Storage: read data file = SRRun01_grf.mot (nr=10005 nc=19)
[info] ExternalForce::RightGRF Data source being set to SRRun01_grf
[info] ExternalForce::LeftGRF Data source being set to SRRun01_grf
[info] Storage: read data file = SRRun01_grf.mot (nr=10005 nc=19)
[info] ExternalForce::RightGRF Data source being set to SRRun01_grf
[info] ExternalForce::LeftGRF Data source being set to SRRun01_grf
[info] Storage: read data file = SRRun01_grf.mot (nr=10005 nc=19)
[info] ExternalForce::RightGRF Data source being set to SRRun01_grf
[info] ExternalForce::LeftGRF Data source being set to SRRun01_grf
[info] Storage: read data file = SRRun01_grf.mot (nr=10005 nc=19)
[info] ExternalForce::RightGRF Data source being set to SRRun01_grf
[info] ExternalForce::LeftGRF Data source being set to SRRun01_grf
[info] Storage: read data file = SRRun01_grf.mot (nr=10005 nc=19)
[info] ExternalForce::RightGRF Data source being set to SRRun01_grf
[info] ExternalForce::LeftGRF Data source being set to SRRun01_grf
[info] Storage: read data file = SRRun01_grf.mot (nr=10005 nc=19)
[info] ExternalForce::RightGRF Data source being set to SRRun01_grf
[info] ExternalForce::LeftGRF Data source being set to SRRun01_grf
[info] Storage: read data file = SRRun01_grf.mot (nr=10005 nc=19)
[info] ExternalForce::RightGRF Data source being set to SRRun01_grf
[info] ExternalForce::LeftGRF Data source being set to SRRun01_grf
[info] Storage: read data file = SRRun01_grf.mot (nr=10005 nc=19)
[info] ExternalForce::RightGRF Data source being set to SRRun01_grf
[info] ExternalForce::LeftGRF Data source being set to SRRun01_grf
[info] Storage: read data file = SRRun01_grf.mot (nr=10005 nc=19)
[info] ExternalForce::RightGRF Data source being set to SRRun01_grf
[info] ExternalForce::LeftGRF Data source being set to SRRun01_grf
[info] Storage: read data file = SRRun01_grf.mot (nr=10005 nc=19)
[info] ExternalForce::RightGRF Data source being set to SRRun01_grf
[info] ExternalForce::LeftGRF Data source being set to SRRun01_grf
[info] Storage: read data file = SRRun01_grf.mot (nr=10005 nc=19)
[info] ExternalForce::RightGRF Data source being set to SRRun01_grf
[info] ExternalForce::LeftGRF Data source being set to SRRun01_grf
[info] Storage: read data file = SRRun01_grf.mot (nr=10005 nc=19)
[info] ExternalForce::RightGRF Data source being set to SRRun01_grf
[info] ExternalForce::LeftGRF Data source being set to SRRun01_grf
[info] Storage: read data file = SRRun01_grf.mot (nr=10005 nc=19)
[info] ExternalForce::RightGRF Data source being set to SRRun01_grf
[info] ExternalForce::LeftGRF Data source being set to SRRun01_grf
[info] Storage: read data file = SRRun01_grf.mot (nr=10005 nc=19)
[info] ExternalForce::RightGRF Data source being set to SRRun01_grf
[info] ExternalForce::LeftGRF Data source being set to SRRun01_grf
[info] Storage: read data file = SRRun01_grf.mot (nr=10005 nc=19)
[info] ExternalForce::RightGRF Data source being set to SRRun01_grf
[info] ExternalForce::LeftGRF Data source being set to SRRun01_grf
[info] Storage: read data file = SRRun01_grf.mot (nr=10005 nc=19)
[info] ExternalForce::RightGRF Data source being set to SRRun01_grf
[info] ExternalForce::LeftGRF Data source being set to SRRun01_grf
[info] Storage: read data file = SRRun01_grf.mot (nr=10005 nc=19)
[info] ExternalForce::RightGRF Data source being set to SRRun01_grf
[info] ExternalForce::LeftGRF Data source being set to SRRun01_grf
[info] Storage: read data file = SRRun01_grf.mot (nr=10005 nc=19)
[info] ExternalForce::RightGRF Data source being set to SRRun01_grf
[info] ExternalForce::LeftGRF Data source being set to SRRun01_grf
[info] Storage: read data file = SRRun01_grf.mot (nr=10005 nc=19)
[info] ExternalForce::RightGRF Data source being set to SRRun01_grf
[info] ExternalForce::LeftGRF Data source being set to SRRun01_grf
[info] Storage: read data file = SRRun01_grf.mot (nr=10005 nc=19)
[info] ExternalForce::RightGRF Data source being set to SRRun01_grf
[info] ExternalForce::LeftGRF Data source being set to SRRun01_grf
[info] Storage: read data file = SRRun01_grf.mot (nr=10005 nc=19)
[info] ExternalForce::RightGRF Data source being set to SRRun01_grf
[info] ExternalForce::LeftGRF Data source being set to SRRun01_grf
[info] Storage: read data file = SRRun01_grf.mot (nr=10005 nc=19)
[info] ExternalForce::RightGRF Data source being set to SRRun01_grf
[info] ExternalForce::LeftGRF Data source being set to SRRun01_grf
[info] Storage: read data file = SRRun01_grf.mot (nr=10005 nc=19)
[info] ExternalForce::RightGRF Data source being set to SRRun01_grf
[info] ExternalForce::LeftGRF Data source being set to SRRun01_grf
[info] Storage: read data file = SRRun01_grf.mot (nr=10005 nc=19)
[info] ExternalForce::RightGRF Data source being set to SRRun01_grf
[info] ExternalForce::LeftGRF Data source being set to SRRun01_grf
[info] Storage: read data file = SRRun01_grf.mot (nr=10005 nc=19)
[info] ExternalForce::RightGRF Data source being set to SRRun01_grf
[info] ExternalForce::LeftGRF Data source being set to SRRun01_grf
[info] Storage: read data file = SRRun01_grf.mot (nr=10005 nc=19)
[info] ExternalForce::RightGRF Data source being set to SRRun01_grf
[info] ExternalForce::LeftGRF Data source being set to SRRun01_grf
[info] Storage: read data file = SRRun01_grf.mot (nr=10005 nc=19)
[info] ExternalForce::RightGRF Data source being set to SRRun01_grf
[info] ExternalForce::LeftGRF Data source being set to SRRun01_grf
[info] Storage: read data file = SRRun01_grf.mot (nr=10005 nc=19)
[info] ExternalForce::RightGRF Data source being set to SRRun01_grf
[info] ExternalForce::LeftGRF Data source being set to SRRun01_grf
[info] Storage: read data file = SRRun01_grf.mot (nr=10005 nc=19)
[info] ExternalForce::RightGRF Data source being set to SRRun01_grf
[info] ExternalForce::LeftGRF Data source being set to SRRun01_grf
[info] Storage: read data file = SRRun01_grf.mot (nr=10005 nc=19)
[info] ExternalForce::RightGRF Data source being set to SRRun01_grf
[info] ExternalForce::LeftGRF Data source being set to SRRun01_grf
[info] Storage: read data file = SRRun01_grf.mot (nr=10005 nc=19)
[info] ExternalForce::RightGRF Data source being set to SRRun01_grf
[info] ExternalForce::LeftGRF Data source being set to SRRun01_grf
[info] Storage: read data file = SRRun01_grf.mot (nr=10005 nc=19)
[info] ExternalForce::RightGRF Data source being set to SRRun01_grf
[info] ExternalForce::LeftGRF Data source being set to SRRun01_grf
[info] Storage: read data file = SRRun01_grf.mot (nr=10005 nc=19)
[info] ExternalForce::RightGRF Data source being set to SRRun01_grf
[info] ExternalForce::LeftGRF Data source being set to SRRun01_grf
[info] Storage: read data file = SRRun01_grf.mot (nr=10005 nc=19)
[info] ExternalForce::RightGRF Data source being set to SRRun01_grf
[info] ExternalForce::LeftGRF Data source being set to SRRun01_grf
[info] Storage: read data file = SRRun01_grf.mot (nr=10005 nc=19)
[info] ExternalForce::RightGRF Data source being set to SRRun01_grf
[info] ExternalForce::LeftGRF Data source being set to SRRun01_grf
[info] Number of threads: 96

List of user-set options:

                                    Name   Value                used
                acceptable_compl_inf_tol = 0.001                 yes
              acceptable_constr_viol_tol = 1                     yes
                 acceptable_dual_inf_tol = 0.001                 yes
                          acceptable_tol = 0.001                 yes
                           compl_inf_tol = 0.001                 yes
                         constr_viol_tol = 1                     yes
                            dual_inf_tol = 0.001                 yes
                   hessian_approximation = limited-memory        yes
                           linear_solver = mumps                 yes
                                max_iter = 3000                  yes
                      print_user_options = yes                   yes
                                     tol = 0.001                 yes

******************************************************************************
This program contains Ipopt, a library for large-scale nonlinear optimization.
 Ipopt is released as open source code under the Eclipse Public License (EPL).
         For more information visit https://github.com/coin-or/Ipopt
******************************************************************************

This is Ipopt version 3.14.16, running with linear solver MUMPS 5.6.2.

Number of nonzeros in equality constraint Jacobian...:  1036810
Number of nonzeros in inequality constraint Jacobian.:        0
Number of nonzeros in Lagrangian Hessian.............:        0

Total number of variables............................:     8210
                     variables with only lower bounds:        0
                variables with lower and upper bounds:     7292
                     variables with only upper bounds:        0
Total number of equality constraints.................:     6666
Total number of inequality constraints...............:        0
        inequality constraints with only lower bounds:        0
   inequality constraints with lower and upper bounds:        0
        inequality constraints with only upper bounds:        0

iter    objective    inf_pr   inf_du lg(mu)  ||d||  lg(rg) alpha_du alpha_pr  ls
   0  1.3062329e+00 3.15e+02 1.65e-02   0.0 0.00e+00    -  0.00e+00 0.00e+00   0
   1  1.4263561e+00 3.14e+02 1.41e+02  -2.8 1.63e+02    -  6.45e-03 4.95e-03h  1
   2  4.0190724e+00 3.06e+02 7.28e+02  -2.8 2.01e+02    -  2.09e-02 2.40e-02h  1
   3  4.7392703e+00 3.04e+02 9.03e+02  -2.8 2.26e+02    -  3.11e-02 8.40e-03h  1
   4  5.8897333e+00 3.00e+02 1.14e+03  -2.8 2.42e+02    -  1.54e-02 1.14e-02h  1
   5  1.0148487e+01 2.92e+02 1.71e+03  -2.8 2.53e+02    -  2.20e-02 2.73e-02h  1
   6  1.0839804e+01 2.90e+02 1.83e+03  -2.8 2.50e+02    -  1.51e-02 5.72e-03h  1
   7  1.3353840e+01 2.85e+02 2.14e+03  -2.9 2.49e+02    -  3.57e-02 1.71e-02h  1
   8  2.4783815e+01 2.69e+02 3.24e+03  -2.9 2.52e+02    -  4.72e-02 5.79e-02h  1
   9  2.5286017e+01 2.67e+02 3.35e+03  -2.9 2.43e+02    -  7.49e-02 6.44e-03h  1
iter    objective    inf_pr   inf_du lg(mu)  ||d||  lg(rg) alpha_du alpha_pr  ls
  10  3.2458435e+01 2.54e+02 4.10e+03  -2.9 2.40e+02    -  5.69e-02 4.85e-02h  1
  11  3.8206650e+01 2.45e+02 4.61e+03  -3.0 2.25e+02    -  6.51e-02 3.56e-02h  1
  12  4.6259087e+01 2.28e+02 5.47e+03  -3.0 2.21e+02    -  6.70e-03 7.27e-02h  1
  13  5.6328978e+01 2.14e+02 6.01e+03  -3.0 2.09e+02    -  3.92e-02 6.35e-02h  1
  14  5.8547856e+01 2.08e+02 6.15e+03  -3.0 1.99e+02    -  1.09e-01 2.51e-02h  1
  15  5.8643955e+01 2.04e+02 6.16e+03  -3.1 2.12e+02    -  2.74e-02 2.13e-02h  1
  16  5.8787672e+01 1.98e+02 6.14e+03  -3.1 2.15e+02    -  4.63e-03 2.91e-02h  1
  17  6.1746306e+01 1.86e+02 6.04e+03  -3.1 2.21e+02    -  9.80e-02 6.27e-02h  1
  18  6.4803618e+01 1.69e+02 5.81e+03  -3.1 2.22e+02    -  6.38e-02 9.10e-02h  1
  19  6.6613118e+01 1.50e+02 5.42e+03  -3.1 2.25e+02    -  5.60e-02 1.14e-01h  1
iter    objective    inf_pr   inf_du lg(mu)  ||d||  lg(rg) alpha_du alpha_pr  ls
  20  6.3674018e+01 1.41e+02 5.19e+03  -3.2 2.06e+02    -  6.88e-03 5.74e-02h  1
  21  6.0803673e+01 1.36e+02 5.03e+03  -3.2 1.94e+02    -  8.50e-02 4.18e-02h  1
  22  5.9395776e+01 1.34e+02 4.99e+03  -3.2 1.98e+02    -  3.97e-02 9.72e-03h  1
  23  5.7949350e+01 1.28e+02 4.80e+03  -3.2 1.80e+02    -  7.37e-02 4.46e-02h  1
  24  5.6099099e+01 1.26e+02 4.72e+03  -3.3 1.75e+02    -  5.32e-03 1.84e-02h  1
  25  5.4767845e+01 1.24e+02 4.66e+03  -3.3 1.61e+02    -  6.85e-02 1.63e-02h  1
  26  5.3466733e+01 1.20e+02 4.54e+03  -3.3 1.49e+02    -  3.33e-02 2.98e-02h  1
  27  5.3190027e+01 1.20e+02 4.51e+03  -3.3 1.49e+02    -  4.79e-03 5.54e-03h  1
  28  2.4363970e+02 1.01e+02 3.90e+03  -3.3 1.54e+02    -  3.47e-02 1.53e-01h  1
  29  2.3223741e+02 9.78e+01 3.80e+03  -3.3 1.31e+02    -  5.70e-02 2.78e-02f  1
iter    objective    inf_pr   inf_du lg(mu)  ||d||  lg(rg) alpha_du alpha_pr  ls
  30  2.5348453e+02 9.54e+01 3.64e+03  -3.3 2.79e+02    -  2.08e-02 2.65e-02h  1
  31  2.2723888e+02 8.98e+01 3.42e+03  -3.4 1.22e+02    -  1.56e-03 5.85e-02f  1
  32  2.1389493e+02 8.75e+01 3.34e+03  -3.4 1.16e+02    -  4.88e-02 2.65e-02f  1
  33  2.1029954e+02 8.68e+01 3.31e+03  -3.4 9.42e+01    -  2.58e-02 8.26e-03f  1
  34  1.8926221e+02 8.57e+01 3.27e+03  -3.4 1.39e+02    -  1.78e-02 1.18e-02f  1
  35  1.8892329e+02 8.57e+01 3.27e+03  -3.4 9.08e+01    -  1.27e-02 6.34e-04h  1
  36  1.7336659e+02 8.47e+01 3.23e+03  -3.4 1.22e+02    -  4.11e-03 1.18e-02f  1
  37  1.6584819e+02 8.35e+01 3.20e+03  -3.4 9.76e+01    -  4.33e-03 1.39e-02f  1
  38  1.6554937e+02 8.35e+01 3.20e+03  -3.4 1.41e+02    -  7.38e-03 2.78e-04h  1
  39  1.6262952e+02 8.32e+01 3.19e+03  -3.4 1.38e+02    -  7.41e-03 3.96e-03f  1
iter    objective    inf_pr   inf_du lg(mu)  ||d||  lg(rg) alpha_du alpha_pr  ls
  40  1.6105978e+02 8.30e+01 3.18e+03  -3.4 1.60e+02    -  2.94e-03 2.23e-03f  1
  41  1.5548823e+02 8.24e+01 3.16e+03  -3.4 1.46e+02    -  1.80e-03 6.49e-03f  1
  42  1.1749306e+02 7.57e+01 2.90e+03  -3.4 1.53e+02    -  1.85e-02 8.09e-02f  1
  43  1.0864107e+02 7.41e+01 2.82e+03  -3.4 1.29e+02    -  7.30e-03 2.15e-02f  1
  44  9.3911802e+01 7.22e+01 2.73e+03  -3.4 1.56e+02    -  4.57e-02 2.59e-02f  1
  45  8.5394039e+01 7.09e+01 2.66e+03  -3.4 1.57e+02    -  5.09e-02 1.83e-02f  1
  46  7.8939099e+01 6.93e+01 2.59e+03  -3.5 1.44e+02    -  1.72e-02 2.16e-02f  1
  47  7.6091821e+01 6.86e+01 2.56e+03  -3.5 1.42e+02    -  3.00e-03 1.00e-02h  1
  48  6.8253324e+01 6.72e+01 2.45e+03  -3.5 1.80e+02    -  1.62e-02 2.01e-02f  1
  49  6.5462019e+01 6.66e+01 2.41e+03  -3.5 1.74e+02    -  4.21e-02 1.01e-02h  1
iter    objective    inf_pr   inf_du lg(mu)  ||d||  lg(rg) alpha_du alpha_pr  ls
  50  5.4033090e+01 6.26e+01 2.16e+03  -3.5 1.99e+02    -  5.87e-02 5.83e-02f  1
  51  4.2944400e+01 5.89e+01 1.99e+03  -3.5 2.07e+02    -  9.77e-02 5.88e-02f  1
  52  3.9557952e+01 5.76e+01 1.94e+03  -3.6 1.52e+02    -  3.41e-02 2.18e-02h  1
  53  3.6978092e+01 5.58e+01 1.87e+03  -3.6 1.26e+02    -  7.69e-03 3.05e-02h  1
  54  3.5779741e+01 5.49e+01 1.83e+03  -3.6 1.29e+02    -  6.36e-02 1.60e-02h  1
  55  3.5056958e+01 4.97e+01 1.83e+03  -3.6 1.54e+02    -  3.84e-02 9.08e-02f  1
  56  3.3388205e+01 4.81e+01 1.85e+03  -3.6 1.36e+02    -  4.52e-02 3.30e-02h  1
  57  3.6052638e+01 4.36e+01 1.90e+03  -3.7 1.55e+02    -  4.93e-02 9.01e-02h  1
  58  3.4577362e+01 4.20e+01 1.90e+03  -3.7 1.21e+02    -  5.06e-02 3.61e-02h  1
  59  3.9462502e+01 3.87e+01 1.87e+03  -3.7 1.54e+02    -  6.83e-02 7.92e-02h  1
iter    objective    inf_pr   inf_du lg(mu)  ||d||  lg(rg) alpha_du alpha_pr  ls
  60  3.8945151e+01 3.83e+01 1.87e+03  -3.7 1.19e+02    -  5.75e-02 1.14e-02h  1
  61  4.7919861e+01 3.62e+01 1.77e+03  -3.8 1.88e+02    -  6.99e-02 5.52e-02h  1
  62  4.7000138e+01 3.56e+01 1.75e+03  -3.8 1.16e+02    -  2.96e-02 1.56e-02h  1
  63  3.5522594e+01 3.43e+01 1.67e+03  -3.8 1.95e+02    -  1.03e-03 3.65e-02f  1
  64  3.5480613e+01 3.43e+01 1.67e+03  -3.8 1.11e+02    -  3.13e-02 3.79e-04h  1
  65  3.0382704e+01 3.32e+01 1.62e+03  -3.8 1.52e+02    -  1.83e-03 3.17e-02f  1
  66  2.9159095e+01 3.20e+01 1.57e+03  -3.8 1.21e+02    -  1.37e-02 3.63e-02h  1
  67  2.7319003e+01 3.16e+01 1.56e+03  -3.8 1.77e+02    -  2.02e-02 1.11e-02f  1
  68  2.5261471e+01 2.85e+01 1.42e+03  -3.8 1.23e+02    -  4.24e-03 1.00e-01h  1
  69  2.4618109e+01 2.80e+01 1.42e+03  -3.8 1.84e+02    -  3.31e-02 1.75e-02f  1
iter    objective    inf_pr   inf_du lg(mu)  ||d||  lg(rg) alpha_du alpha_pr  ls
  70  2.4604829e+01 2.80e+01 1.42e+03  -3.9 1.19e+02    -  1.79e-02 1.10e-03h  1
  71  2.3792783e+01 2.78e+01 1.42e+03  -3.9 1.57e+02    -  1.24e-02 4.94e-03h  1
  72  2.3767360e+01 2.78e+01 1.41e+03  -3.9 1.20e+02    -  3.54e-02 1.96e-03h  1
  73  2.2600357e+01 2.72e+01 1.41e+03  -3.9 1.54e+02    -  7.87e-03 1.93e-02h  1
  74  2.2316603e+01 2.67e+01 1.38e+03  -3.9 1.20e+02    -  4.98e-04 2.08e-02h  1
  75  2.2195684e+01 2.66e+01 1.38e+03  -3.9 1.87e+02    -  2.20e-02 1.16e-03h  1
  76  2.1366921e+01 2.49e+01 1.32e+03  -3.9 1.34e+02    -  1.10e-02 6.55e-02h  1
  77  2.3008361e+01 2.39e+01 1.29e+03  -3.9 1.81e+02    -  1.89e-03 4.08e-02h  1
  78  2.2876937e+01 2.38e+01 1.29e+03  -3.9 1.25e+02    -  3.13e-02 6.07e-03h  1
  79  2.1902104e+01 2.35e+01 1.28e+03  -3.9 1.74e+02    -  2.91e-03 1.03e-02h  1
iter    objective    inf_pr   inf_du lg(mu)  ||d||  lg(rg) alpha_du alpha_pr  ls
  80  2.1896015e+01 2.35e+01 1.28e+03  -3.9 1.47e+02    -  7.44e-04 1.49e-04h  1
  81  2.1860520e+01 2.35e+01 1.28e+03  -3.9 1.50e+02    -  1.20e-03 5.94e-04h  1
  82  2.0065460e+01 2.09e+01 1.17e+03  -3.9 1.35e+02    -  3.86e-04 1.09e-01h  1
  83  1.8904857e+01 2.06e+01 1.15e+03  -3.9 1.46e+02    -  8.41e-02 1.77e-02h  1
  84  1.7593073e+01 1.76e+01 1.01e+03  -4.0 1.12e+02    -  2.04e-02 1.46e-01h  1
  85  5.1562491e+01 1.63e+01 9.41e+02  -4.0 1.17e+02    -  2.56e-03 7.87e-02h  1
  86  5.0789978e+01 1.61e+01 9.32e+02  -4.0 8.91e+01    -  3.30e-02 1.08e-02h  1
  87  4.8786510e+01 1.61e+01 9.27e+02  -4.0 1.35e+02    -  2.54e-02 3.15e-03f  1
  88  3.9526323e+01 1.37e+01 7.90e+02  -4.0 8.80e+01    -  3.73e-02 1.47e-01f  1
  89  4.3049561e+01 1.29e+01 7.42e+02  -4.0 6.61e+01    -  3.53e-02 6.65e-02h  1
iter    objective    inf_pr   inf_du lg(mu)  ||d||  lg(rg) alpha_du alpha_pr  ls
  90  3.9963775e+01 1.22e+01 7.04e+02  -4.0 6.85e+01    -  1.48e-02 5.13e-02h  1
  91  3.9177162e+01 1.22e+01 7.02e+02  -4.0 1.33e+02    -  3.72e-02 2.77e-03f  1
  92  3.7894562e+01 1.19e+01 6.87e+02  -4.0 6.43e+01    -  2.14e-03 2.18e-02h  1
  93  3.5008861e+01 1.17e+01 6.79e+02  -4.0 7.02e+01    -  3.35e-04 1.36e-02f  1
  94  3.4659574e+01 1.17e+01 6.76e+02  -4.0 6.15e+01    -  3.73e-02 5.98e-03h  1
  95  3.4046359e+01 1.16e+01 6.73e+02  -4.1 7.33e+01    -  7.05e-04 3.89e-03h  1
  96  3.3576401e+01 1.15e+01 6.68e+02  -4.1 6.06e+01    -  1.50e-03 8.28e-03h  1
  97  3.3150682e+01 1.15e+01 6.67e+02  -4.1 6.91e+01    -  2.57e-03 2.21e-03h  1
  98  2.8392394e+01 1.03e+01 5.98e+02  -4.1 5.95e+01    -  1.02e-03 1.08e-01f  1
  99  2.6892471e+01 1.02e+01 5.93e+02  -4.1 9.91e+01    -  1.51e-02 1.13e-02f  1
iter    objective    inf_pr   inf_du lg(mu)  ||d||  lg(rg) alpha_du alpha_pr  ls
 100  2.4263511e+01 9.26e+00 5.43e+02  -4.1 5.25e+01    -  9.22e-02 8.78e-02h  1
 101  2.2651401e+01 8.92e+00 5.25e+02  -4.1 8.19e+01    -  1.15e-02 3.72e-02f  1
 102  2.2603092e+01 8.90e+00 5.24e+02  -4.1 4.53e+01    -  1.13e-01 1.88e-03h  1
 103  2.0877786e+01 8.58e+00 5.05e+02  -4.2 6.77e+01    -  1.62e-02 3.68e-02f  1
 104  1.9455626e+01 7.90e+00 4.67e+02  -4.2 4.09e+01    -  1.40e-03 7.91e-02h  1
 105  1.8006406e+01 7.66e+00 4.54e+02  -4.2 5.47e+01    -  1.59e-02 3.06e-02f  1
 106  1.7836215e+01 7.51e+00 4.46e+02  -4.2 3.65e+01    -  4.70e-02 1.90e-02h  1
 107  1.7427260e+01 7.28e+00 4.37e+02  -4.2 8.00e+01    -  5.99e-02 3.03e-02f  1
 108  1.7324278e+01 7.19e+00 4.32e+02  -4.2 3.53e+01    -  3.33e-02 1.23e-02h  1
 109  1.7123301e+01 7.16e+00 4.30e+02  -4.2 3.52e+01    -  6.78e-03 4.84e-03h  1
iter    objective    inf_pr   inf_du lg(mu)  ||d||  lg(rg) alpha_du alpha_pr  ls
 110  1.6577860e+01 6.59e+00 3.97e+02  -4.3 3.43e+01    -  1.99e-02 7.91e-02h  1
 111  1.6269371e+01 6.53e+00 3.93e+02  -4.3 2.82e+01    -  1.09e-02 9.48e-03h  1
 112  1.5253556e+01 4.58e+00 2.78e+02  -4.3 3.21e+01    -  7.19e-02 3.02e-01h  1
 113  1.5171053e+01 4.50e+00 2.74e+02  -4.3 4.92e+01    -  3.05e-02 1.82e-02h  1
 114  1.4964043e+01 3.99e+00 2.43e+02  -4.3 2.26e+01    -  3.95e-02 1.14e-01h  1
 115  1.5067615e+01 3.80e+00 2.33e+02  -4.3 2.64e+01    -  5.96e-02 4.65e-02h  1
 116  1.4898177e+01 3.47e+00 2.13e+02  -4.4 1.99e+01    -  2.56e-02 8.83e-02h  1
 117  1.7124219e+01 3.18e+00 1.98e+02  -4.4 3.72e+01    -  2.19e-02 8.89e-02h  1
 118  1.6945378e+01 3.09e+00 1.93e+02  -4.4 1.66e+01    -  2.84e-01 2.65e-02h  1
 119  1.6685259e+01 3.07e+00 1.92e+02  -4.5 2.03e+01    -  2.53e-02 6.04e-03h  1
iter    objective    inf_pr   inf_du lg(mu)  ||d||  lg(rg) alpha_du alpha_pr  ls
 120  1.5442091e+01 2.35e+00 1.47e+02  -4.5 1.60e+01    -  1.84e-01 2.36e-01h  1
 121  1.5117687e+01 2.22e+00 1.39e+02  -4.6 3.00e+01    -  1.03e-02 5.56e-02h  1
 122  1.5090401e+01 2.21e+00 1.39e+02  -4.6 1.20e+01    -  8.92e-02 5.37e-03h  1
 123  1.5020771e+01 2.19e+00 1.38e+02  -4.7 1.83e+01    -  2.05e-02 8.62e-03h  1
 124  1.4846178e+01 1.70e+00 1.07e+02  -4.7 7.16e+00    -  4.20e-04 2.25e-01h  1
 125  1.3910214e+01 1.18e+00 1.15e+02  -4.7 1.08e+01    -  4.11e-02 3.05e-01h  1
 126  1.3631730e+01 1.14e+00 1.13e+02  -4.7 2.18e+01    -  1.66e-02 3.69e-02h  1
 127  1.3496230e+01 1.08e+00 1.11e+02  -4.7 1.06e+01    -  2.98e-02 5.30e-02h  1
 128  1.3302428e+01 9.60e-01 1.09e+02  -4.7 1.11e+01    -  4.82e-02 1.13e-01h  1
 129  1.3173146e+01 9.17e-01 9.37e+01  -4.7 1.60e+01    -  1.11e-01 4.55e-02h  1
iter    objective    inf_pr   inf_du lg(mu)  ||d||  lg(rg) alpha_du alpha_pr  ls
 130  1.2915761e+01 8.51e-01 9.37e+01  -4.8 2.57e+01    -  3.33e-02 7.71e-02h  1
 131  1.2989689e+01 7.49e-01 8.43e+01  -4.8 1.94e+01    -  1.13e-01 1.29e-01h  1
 132  1.2713334e+01 6.79e-01 8.98e+01  -4.9 2.00e+01    -  1.69e-03 1.00e-01h  1
 133  1.2706225e+01 6.79e-01 8.38e+01  -4.9 4.37e+01    -  3.71e-02 7.25e-04h  1
 134  1.2590601e+01 6.68e-01 8.45e+01  -4.9 4.23e+01    -  4.20e-03 1.62e-02h  1
 135  1.2505902e+01 6.65e-01 8.20e+01  -4.9 9.58e+01    -  1.71e-02 4.99e-03h  1
 136  1.2199263e+01 6.12e-01 8.56e+01  -4.9 3.81e+01    -  5.22e-02 1.21e-01h  1
 137  1.1984136e+01 5.81e-01 7.90e+01  -4.9 3.15e+01    -  6.68e-02 5.68e-02h  1
 138  1.1567477e+01 5.56e-01 6.86e+01  -4.9 5.43e+01    -  1.18e-01 7.15e-02h  1
 139  1.1312256e+01 5.51e-01 6.76e+01  -5.0 1.70e+02    -  1.37e-02 1.65e-02f  1
iter    objective    inf_pr   inf_du lg(mu)  ||d||  lg(rg) alpha_du alpha_pr  ls
 140  1.1297106e+01 5.50e-01 6.70e+01  -5.0 6.72e+01    -  2.44e-02 2.07e-03h  1
 141  1.1257894e+01 5.33e-01 6.38e+01  -5.0 7.49e+01    -  3.44e-02 4.90e-02h  2
 142  1.1171636e+01 5.23e-01 6.20e+01  -5.0 5.05e+01    -  6.21e-02 2.12e-02h  1
 143  1.1000219e+01 5.16e-01 5.97e+01  -5.0 9.38e+01    -  3.29e-02 3.99e-02h  2
 144  1.0797580e+01 5.04e-01 5.57e+01  -5.1 8.01e+01    -  6.56e-02 4.37e-02h  1
 145  1.0707636e+01 5.00e-01 5.40e+01  -5.1 7.86e+01    -  2.07e-02 9.00e-03h  1
 146  1.0598158e+01 4.85e-01 5.51e+01  -5.1 4.54e+01    -  3.91e-03 3.15e-02h  1
 147  1.0520325e+01 4.79e-01 5.08e+01  -5.1 1.16e+02    -  4.64e-02 1.93e-02h  3
 148  1.0263965e+01 4.44e-01 5.70e+01  -5.1 4.74e+01    -  1.12e-02 1.06e-01h  1
 149  1.0215559e+01 4.41e-01 5.59e+01  -5.1 1.51e+02    -  1.40e-02 8.58e-03h  3
iter    objective    inf_pr   inf_du lg(mu)  ||d||  lg(rg) alpha_du alpha_pr  ls
 150  1.0109646e+01 4.23e-01 5.43e+01  -5.1 4.64e+01    -  3.79e-02 4.74e-02h  1
 151  1.0046621e+01 4.21e-01 5.19e+01  -5.1 2.09e+02    -  2.66e-02 4.59e-03h  1
 152  9.8429932e+00 4.51e-01 5.26e+01  -5.2 6.87e+01    -  1.05e-02 6.64e-02h  1
 153  9.8266517e+00 4.51e-01 4.65e+01  -5.2 1.09e+02    -  8.43e-02 1.45e-03h  1
 154  9.7683578e+00 4.27e-01 4.21e+01  -5.2 1.26e+01    -  8.48e-02 5.33e-02h  1
 155  9.6548094e+00 4.40e-01 4.17e+01  -5.2 4.99e+01    -  2.18e-02 5.66e-02h  1
 156  9.5422220e+00 5.04e-01 3.89e+01  -5.3 8.70e+01    -  6.36e-02 4.98e-02h  1
 157  9.3722175e+00 6.50e-01 3.66e+01  -5.3 1.54e+02    -  5.48e-02 4.25e-02h  1
 158  9.3309786e+00 6.48e-01 3.61e+01  -5.3 1.72e+02    -  1.44e-02 4.87e-03h  1
 159  9.2115191e+00 6.47e-01 3.55e+01  -5.3 1.52e+02    -  1.72e-02 1.87e-02h  1
iter    objective    inf_pr   inf_du lg(mu)  ||d||  lg(rg) alpha_du alpha_pr  ls
 160  9.0390257e+00 6.33e-01 3.50e+01  -5.3 2.44e+02    -  1.38e-02 2.08e-02h  1
 161  9.0325587e+00 6.32e-01 3.49e+01  -5.3 1.84e+02    -  7.79e-04 5.67e-04h  1
 162  9.0201512e+00 6.31e-01 3.47e+01  -5.3 9.64e+01    -  6.50e-03 2.06e-03h  1
 163  8.8862385e+00 5.92e-01 3.46e+01  -5.3 1.25e+02    -  8.75e-04 4.61e-02h  1
 164  8.8748977e+00 5.92e-01 3.39e+01  -5.3 1.60e+02    -  2.20e-02 1.18e-03h  1
 165  8.7262356e+00 5.68e-01 3.35e+01  -5.3 1.65e+02    -  1.07e-03 2.89e-02h  1
 166  8.6166159e+00 5.32e-01 3.28e+01  -5.3 2.91e+02    -  2.61e-02 2.08e-02h  2
 167  8.3893425e+00 5.39e-01 3.16e+01  -5.3 2.54e+02    -  4.07e-02 3.49e-02h  1
 168  8.3560875e+00 5.38e-01 3.15e+01  -5.4 2.92e+02    -  2.30e-02 4.62e-03h  1
 169  8.3311833e+00 5.31e-01 3.11e+01  -5.4 3.68e+01    -  3.23e-02 1.24e-02h  1
iter    objective    inf_pr   inf_du lg(mu)  ||d||  lg(rg) alpha_du alpha_pr  ls
 170  8.3525023e+00 5.25e-01 3.02e+01  -5.4 1.40e+02    -  3.77e-03 1.88e-02h  1
 171  8.3500012e+00 5.24e-01 3.15e+01  -5.4 2.45e+01    -  7.67e-02 1.06e-03h  1
 172  8.1969531e+00 4.64e-01 2.73e+01  -5.4 2.16e+01    -  3.63e-03 1.16e-01h  1
 173  8.1135028e+00 4.56e-01 2.58e+01  -5.4 4.88e+01    -  5.29e-02 1.95e-02h  1
 174  7.9685810e+00 4.17e-01 2.69e+01  -5.5 3.68e+01    -  3.24e-02 9.34e-02h  1
 175  7.8859977e+00 4.07e-01 2.90e+01  -5.5 8.40e+01    -  7.81e-04 4.00e-02h  1
 176  7.8394607e+00 4.02e-01 2.50e+01  -5.5 1.04e+02    -  5.99e-02 1.35e-02h  1
 177  7.7443044e+00 4.01e-01 2.51e+01  -5.5 1.80e+02    -  1.28e-02 2.85e-02h  1
 178  7.7381120e+00 4.01e-01 2.45e+01  -5.5 1.50e+02    -  2.12e-02 8.26e-04h  1
 179  7.7268144e+00 3.95e-01 2.38e+01  -5.5 2.39e+01    -  2.57e-02 1.47e-02h  1
iter    objective    inf_pr   inf_du lg(mu)  ||d||  lg(rg) alpha_du alpha_pr  ls
 180  8.1230904e+00 3.83e-01 2.18e+01  -5.5 1.34e+02    -  5.79e-04 5.07e-02h  1
 181  8.0826397e+00 3.81e-01 2.24e+01  -5.5 1.15e+02    -  4.62e-02 1.27e-02h  1
 182  8.0405049e+00 3.80e-01 2.23e+01  -5.5 3.87e+02    -  7.70e-04 1.46e-03h  1
 183  7.7646591e+00 4.33e-01 1.83e+01  -5.5 1.55e+02    -  1.65e-03 6.36e-02h  1
 184  8.2484244e+00 4.46e-01 1.83e+01   0.4 5.22e+04    -  4.64e-06 2.31e-05f  1
 185  8.2837914e+00 4.46e-01 1.83e+01   0.4 8.89e+03    -  1.62e-05 1.75e-05f  1
 186  8.8443952e+00 4.63e-01 1.58e+01   0.4 2.69e+04    -  4.93e-05 1.26e-04f  1
 187  9.6572695e+00 5.13e-01 1.57e+01   0.4 4.15e+04    -  1.47e-04 1.55e-04f  1
 188  1.4244495e+01 1.36e+00 1.55e+01   0.4 2.34e+04    -  1.84e-04 4.34e-04f  1
 189  1.7345660e+01 1.86e+00 1.83e+01   0.4 6.04e+03    -  1.14e-03 7.19e-04f  1
iter    objective    inf_pr   inf_du lg(mu)  ||d||  lg(rg) alpha_du alpha_pr  ls
 190  2.3404522e+01 1.99e+00 2.64e+01   0.4 2.51e+03    -  2.62e-03 1.84e-03f  1
 191  3.5858264e+01 3.22e+00 2.56e+01   0.4 1.43e+03    -  4.67e-03 4.73e-03f  1
 192  4.5591306e+01 4.09e+00 9.41e+01   0.4 8.73e+02    -  1.54e-02 5.47e-03f  1
 193  9.6113879e+01 9.52e+00 1.19e+02   0.4 6.93e+02    -  3.28e-02 2.65e-02f  1
 194  2.9646436e+02 1.09e+01 2.07e+02   0.4 3.59e+02    -  1.22e-01 7.09e-02f  1
 195  3.2697115e+02 9.95e+00 5.43e+02   0.4 9.97e+01    -  3.70e-01 9.02e-02f  1
 196  4.8811532e+02 7.63e+00 3.92e+02   0.4 5.66e+01    -  6.97e-01 4.53e-01f  1
 197  4.9870747e+02 6.76e+00 4.17e+02   0.4 3.20e+01    -  1.00e+00 4.59e-01f  1
 198  4.9095607e+02 3.05e+00 4.37e+02   0.4 1.64e+01    -  1.00e+00 1.00e+00h  1
 199  2.4518363e+02 6.77e-01 1.58e+02   0.4 1.39e+01    -  1.00e+00 1.00e+00f  1
iter    objective    inf_pr   inf_du lg(mu)  ||d||  lg(rg) alpha_du alpha_pr  ls
 200  1.2809024e+02 1.51e-01 4.99e+01  -0.1 4.07e+00    -  9.87e-01 1.00e+00f  1
 201  7.0683998e+01 1.54e-01 2.35e+01  -0.6 2.70e+00    -  9.94e-01 1.00e+00f  1
 202  4.3734034e+01 4.35e-01 2.55e+01  -0.8 4.33e+00    -  9.56e-01 1.00e+00f  1
 203  5.7226410e+01 6.56e-02 6.64e+01  -1.1 5.52e+00    -  9.85e-01 1.00e+00H  1
 204  2.8620778e+01 2.33e-01 3.95e+01  -1.2 2.56e+00    -  1.00e+00 1.00e+00f  1
 205  2.4425823e+01 1.87e-02 2.85e+00  -1.6 1.17e+00    -  9.99e-01 1.00e+00f  1
 206  2.1642600e+01 4.28e-02 5.02e+00  -2.2 7.69e-01    -  1.00e+00 1.00e+00f  1
 207  1.9737763e+01 7.22e-02 2.16e+01  -2.3 2.88e+00    -  1.00e+00 2.89e-01f  1
 208  1.9131096e+01 3.31e-01 1.98e+01  -1.7 3.95e+00    -  9.61e-01 4.57e-01f  1
 209  3.5529770e+01 1.25e-01 2.06e+01  -1.4 4.54e+00    -  1.00e+00 9.22e-01H  1
iter    objective    inf_pr   inf_du lg(mu)  ||d||  lg(rg) alpha_du alpha_pr  ls
 210  1.9286047e+01 3.76e-01 1.24e+01  -1.5 1.98e+00    -  1.00e+00 1.00e+00f  1
 211  2.0992766e+01 1.14e-01 6.84e+00  -1.3 9.53e-01    -  9.26e-01 1.00e+00f  1
 212  1.9255409e+01 6.93e-02 3.14e+00  -1.4 1.12e+00    -  1.00e+00 1.00e+00h  1
 213  2.2878010e+01 1.82e-02 9.38e+00  -1.8 3.47e+00    -  9.97e-01 1.00e+00H  1
 214  1.7768024e+01 6.84e-02 6.60e+00  -1.5 1.02e+00    -  1.00e+00 1.00e+00f  1
 215  1.6215318e+01 1.55e-02 1.29e+00  -2.1 6.09e-01    -  9.99e-01 1.00e+00f  1
 216  1.4953683e+01 5.90e-02 1.11e+00  -2.6 9.13e-01    -  9.99e-01 1.00e+00f  1
 217  1.3475248e+01 2.02e-01 2.80e+00  -2.8 1.79e+00    -  1.00e+00 7.51e-01f  1
 218  1.3034363e+01 1.29e-01 3.39e+00  -2.6 8.19e-01    -  1.00e+00 1.00e+00h  1
 219  1.2868894e+01 1.98e-02 7.47e-01  -2.6 4.76e-01    -  9.41e-01 1.00e+00h  1
iter    objective    inf_pr   inf_du lg(mu)  ||d||  lg(rg) alpha_du alpha_pr  ls
 220  1.2051861e+01 3.50e-02 1.23e+00  -3.2 7.54e-01    -  9.97e-01 6.95e-01h  1
 221  1.1726679e+01 3.22e-02 1.05e+00  -2.9 1.15e+00    -  1.00e+00 7.74e-01H  1
 222  1.1210862e+01 1.57e-01 1.29e+00  -3.0 1.21e+00    -  1.00e+00 1.00e+00f  1
 223  1.4338256e+01 4.09e-02 1.71e+00  -2.6 1.00e+00    -  5.51e-01 1.00e+00H  1
 224  1.1282052e+01 6.43e-02 8.83e-01  -2.8 7.07e-01    -  1.00e+00 1.00e+00f  1
 225  1.0800567e+01 5.53e-02 5.85e-01  -3.0 7.21e-01    -  1.00e+00 9.40e-01h  1
 226  1.1661090e+01 4.76e-03 1.31e+00  -2.7 7.86e-01    -  1.00e+00 1.00e+00H  1
 227  1.1087508e+01 1.39e-01 2.58e+00  -2.8 1.41e+00    -  9.99e-01 1.00e+00f  1
 228  1.0881117e+01 1.03e-01 2.30e+00  -2.9 1.46e+00    -  5.38e-01 4.53e-01h  1
 229  1.0270300e+01 5.48e-03 7.26e-01  -2.9 5.19e-01    -  1.00e+00 1.00e+00h  1
iter    objective    inf_pr   inf_du lg(mu)  ||d||  lg(rg) alpha_du alpha_pr  ls
 230  9.9774704e+00 1.42e-02 2.17e+00  -3.3 6.97e-01    -  9.97e-01 5.60e-01h  1
 231  9.8791259e+00 3.01e-02 8.73e+00  -3.1 3.43e+00    -  1.00e+00 1.86e-01h  2
 232  9.6754505e+00 7.65e-02 1.04e+01  -3.2 3.82e+00    -  1.00e+00 2.64e-01h  1
 233  9.4806862e+00 2.51e-01 7.86e+00  -3.2 7.83e+00    -  5.45e-01 2.54e-01h  1
 234  9.4380072e+00 2.50e-01 4.13e+00  -2.9 1.08e+01    -  5.16e-01 5.82e-02h  3
 235  1.0095541e+01 6.39e-02 2.41e+00  -3.0 2.87e+00    -  6.02e-01 8.02e-01H  1
 236  9.7042886e+00 1.61e-01 1.79e+01  -3.1 4.73e+00    -  1.00e+00 3.03e-01f  2
 237  9.2712693e+00 6.69e-02 1.05e+01  -3.1 1.33e+00    -  8.03e-01 5.05e-01f  1
 238  8.8822173e+00 4.06e-02 9.05e+00  -3.5 5.05e-01    -  8.06e-01 3.61e-01h  1
 239  8.7224789e+00 4.19e-03 1.87e-01  -3.2 1.60e-01    -  1.00e+00 1.00e+00h  1
iter    objective    inf_pr   inf_du lg(mu)  ||d||  lg(rg) alpha_du alpha_pr  ls
 240  8.5211878e+00 3.83e-02 5.15e-01  -3.8 5.56e-01    -  1.00e+00 1.00e+00h  1
 241  8.3450921e+00 2.17e-01 3.46e+00  -3.5 7.18e+00    -  1.00e+00 2.97e-01h  1
 242  1.2899805e+01 1.05e-01 5.57e+00  -2.9 2.75e+00    -  2.89e-01 7.64e-01H  1
 243  9.3879014e+00 1.47e-01 9.98e+00  -3.3 1.67e+00    -  1.00e+00 5.81e-01f  1
 244  8.6319492e+00 4.11e-02 4.24e+00  -3.3 1.53e+00    -  2.50e-01 5.68e-01F  1
 245  8.3980728e+00 1.98e-02 1.48e+00  -3.3 7.37e-01    -  7.92e-01 1.00e+00f  1
 246  8.1737726e+00 1.40e-02 3.84e+00  -3.5 9.77e-01    -  1.00e+00 3.40e-01h  1
 247  8.1727865e+00 2.32e-02 1.80e+00  -3.3 1.12e+00    -  1.00e+00 4.77e-01h  1
 248  7.9544133e+00 1.55e-02 2.05e+00  -3.8 5.71e-01    -  9.13e-01 5.85e-01h  1
 249  7.9762911e+00 4.20e-03 1.73e-01  -3.5 3.53e-01    -  1.00e+00 1.00e+00h  1
iter    objective    inf_pr   inf_du lg(mu)  ||d||  lg(rg) alpha_du alpha_pr  ls
 250  7.7777958e+00 3.31e-03 7.68e-01  -3.9 1.72e-01    -  1.00e+00 8.46e-01h  1
 251  7.6547378e+00 9.24e-03 9.63e-01  -4.2 4.77e-01    -  1.00e+00 7.07e-01h  1
 252  7.6648428e+00 6.07e-02 3.14e+00  -3.7 1.39e+00    -  1.00e+00 7.72e-01h  1
 253  7.6181199e+00 6.35e-02 1.87e+00  -3.8 6.96e+00    -  3.57e-01 6.05e-02h  1
 254  7.5293691e+00 1.22e-01 5.21e+00  -3.4 1.41e+01    -  2.82e-01 1.20e-01f  1
 255  7.4635410e+00 1.97e-01 5.95e+00  -3.3 3.24e+01    -  1.35e-01 5.87e-02h  1
 256  9.2910687e+00 5.37e-01 5.06e+00  -2.7 1.02e+01    -  1.26e-01 2.06e-01f  1
 257  8.4268257e+00 3.41e-01 2.54e+00  -3.4 2.70e+00    -  6.05e-01 3.45e-01h  1
 258  7.8132334e+00 2.53e-01 1.51e+00  -3.4 1.44e+00    -  4.49e-01 3.65e-01h  1
 259  7.5337761e+00 1.53e-01 1.39e+00  -3.4 4.44e-01    -  5.39e-01 4.00e-01h  1
iter    objective    inf_pr   inf_du lg(mu)  ||d||  lg(rg) alpha_du alpha_pr  ls
 260  7.4477497e+00 9.86e-02 3.77e+00  -3.4 2.11e-01    -  1.00e+00 3.53e-01h  1
 261  7.2647039e+00 1.03e-02 1.58e-01  -3.7 4.59e-01    -  1.00e+00 9.96e-01h  1
 262  7.6119127e+00 4.45e-04 3.56e-01  -3.4 8.01e-01    -  1.00e+00 1.00e+00H  1
 263  7.1668290e+00 1.11e-02 9.77e-01  -3.9 2.55e-01    -  1.00e+00 7.18e-01f  1
 264  7.3867542e+00 1.79e-02 5.65e-01  -3.4 3.04e-01    -  8.74e-01 1.00e+00h  1
 265  7.1945391e+00 5.00e-03 1.10e-01  -3.5 3.48e-01    -  1.00e+00 1.00e+00h  1
 266  7.0658270e+00 1.44e-02 7.46e-01  -4.0 7.52e-01    -  1.00e+00 6.14e-01h  1
 267  7.0649159e+00 1.37e-02 3.53e-01  -3.7 8.34e-01    -  1.00e+00 1.00e+00h  1
 268  7.1772529e+00 2.25e-02 5.95e-01  -3.4 1.65e+00    -  5.63e-01 5.48e-01h  1
 269  7.5893780e+00 9.21e-03 2.04e+00  -3.6 4.76e-01    -  4.66e-01 1.00e+00h  1
iter    objective    inf_pr   inf_du lg(mu)  ||d||  lg(rg) alpha_du alpha_pr  ls
 270  7.0142306e+00 9.73e-03 5.75e-01  -3.6 3.22e-01    -  1.00e+00 7.92e-01f  1
 271  6.8855764e+00 1.35e-02 1.00e+00  -4.0 6.00e-01    -  1.00e+00 7.61e-01h  1
 272  6.8873349e+00 1.17e-02 1.42e+00  -3.6 1.69e+00    -  6.71e-01 1.39e-01h  1
 273  6.8578408e+00 9.02e-03 4.09e+00  -3.9 1.46e+00    -  1.00e+00 2.65e-01h  1
 274  6.9223246e+00 3.48e-02 3.46e+00  -3.4 1.21e+01    -  1.41e-01 1.69e-01f  2
 275  6.8615488e+00 9.99e-02 3.18e+00  -3.9 3.53e+01    -  1.04e-01 8.68e-02h  2
 276  6.8067769e+00 1.24e-01 2.97e+00  -3.9 5.12e+01    -  9.71e-02 3.82e-02h  2
 277  6.7725250e+00 1.31e-01 2.41e+00  -3.3 3.28e+01    -  1.69e-01 4.22e-02h  2
 278  6.8419803e+00 3.27e-01 2.71e+00  -3.2 4.29e+01    -  1.95e-01 1.29e-01h  1
 279  6.7592375e+00 3.33e-01 4.54e+00  -3.6 5.50e+01    -  1.31e-01 2.65e-02h  3
iter    objective    inf_pr   inf_du lg(mu)  ||d||  lg(rg) alpha_du alpha_pr  ls
 280  6.6942113e+00 3.18e-01 9.78e+00  -3.3 1.74e+01    -  3.50e-01 7.48e-02h  3
 281  7.5785297e+00 2.29e-01 6.46e+00  -3.1 8.87e+00    -  3.71e-01 3.47e-01H  1
 282  7.6177160e+00 9.11e-02 5.31e+00  -3.4 2.67e+00    -  1.00e+00 6.96e-01h  1
 283  7.1160911e+00 7.00e-02 1.49e+01  -3.4 1.09e+00    -  3.15e-01 7.49e-01f  1
 284  6.5884019e+00 1.38e-02 6.12e+00  -3.4 7.48e-01    -  6.12e-01 8.37e-01f  1
 285  6.4210871e+00 5.50e-03 2.33e-01  -3.6 4.50e-01    -  1.00e+00 1.00e+00h  1
 286  6.3532750e+00 3.94e-03 1.07e-01  -3.6 1.71e-01    -  9.62e-01 1.00e+00h  1
 287  6.1981705e+00 5.92e-03 1.05e-01  -4.0 2.10e-01    -  1.00e+00 1.00e+00h  1
 288  6.1477590e+00 4.30e-03 6.34e-01  -4.0 3.04e-01    -  1.00e+00 7.11e-01H  1
 289  6.0542527e+00 3.88e-03 1.21e-01  -4.2 1.35e-01    -  1.00e+00 9.05e-01h  1
iter    objective    inf_pr   inf_du lg(mu)  ||d||  lg(rg) alpha_du alpha_pr  ls
 290  6.0282556e+00 1.15e-03 1.03e+00  -4.3 1.43e-01    -  1.00e+00 7.14e-01h  1
 291  6.0031795e+00 1.73e-03 3.41e-01  -4.5 8.25e-02    -  1.00e+00 6.11e-01h  1
 292  5.9820172e+00 2.93e-03 9.81e-01  -4.6 3.28e-01    -  1.00e+00 3.18e-01h  1
 293  5.9704714e+00 5.73e-03 7.12e-01  -4.3 6.58e-01    -  8.37e-01 3.87e-01h  1
 294  5.9591436e+00 1.06e-02 4.85e-01  -4.7 1.07e+00    -  5.13e-01 2.82e-01h  1
 295  5.9462972e+00 1.21e-02 4.73e-01  -4.2 1.53e+00    -  5.73e-01 1.77e-01h  1
 296  5.9188314e+00 2.35e-02 4.27e-01  -5.1 3.48e+00    -  2.36e-01 1.81e-01h  1
 297  5.8952263e+00 2.49e-02 3.67e-01  -4.9 5.04e+00    -  1.95e-01 5.74e-02h  1
 298  5.8786627e+00 2.48e-02 1.53e+00  -4.5 5.47e+00    -  3.78e-01 3.68e-02h  1
 299  5.8608380e+00 2.27e-02 1.24e+00  -6.1 3.25e+00    -  1.80e-01 1.81e-01h  2
iter    objective    inf_pr   inf_du lg(mu)  ||d||  lg(rg) alpha_du alpha_pr  ls
 300  5.8464864e+00 2.74e-02 1.22e+00  -4.1 8.01e+00    -  2.21e-01 8.38e-02h  2
 301  5.8815939e+00 9.30e-02 1.09e+00  -3.5 1.36e+01    -  7.03e-02 1.12e-01f  1
 302  5.8618392e+00 9.69e-02 8.91e-01  -4.3 1.52e+01    -  1.82e-01 6.84e-02h  1
 303  5.8212035e+00 9.44e-02 9.14e-01  -4.3 1.72e+01    -  7.41e-02 6.80e-02h  1
 304  5.8854215e+00 1.00e-01 1.14e+00  -3.4 2.13e+01    -  1.28e-01 7.76e-02f  2
 305  5.8650338e+00 9.13e-02 1.17e+00  -4.1 8.68e+00    -  1.64e-01 1.25e-01h  2
 306  5.9674824e+00 9.73e-02 1.47e+00  -4.1 5.95e+00    -  3.20e-01 2.96e-01h  1
 307  5.8707041e+00 8.89e-02 1.53e+00  -4.1 4.09e+00    -  2.28e-01 1.08e-01h  1
 308  5.7492297e+00 7.73e-02 1.42e+00  -4.1 1.75e+00    -  1.37e-01 1.38e-01h  1
 309  6.0556989e+00 3.85e-02 2.82e+00  -3.7 6.68e-01    -  3.37e-01 9.97e-01h  1
iter    objective    inf_pr   inf_du lg(mu)  ||d||  lg(rg) alpha_du alpha_pr  ls
 310  5.7029452e+00 9.74e-03 3.37e-01  -4.0 3.30e-01    -  7.63e-01 8.72e-01h  1
 311  5.6564963e+00 3.77e-03 1.34e+00  -4.0 3.72e-01    -  1.00e+00 6.50e-01h  1
 312  5.6510358e+00 4.38e-03 1.43e-01  -4.1 3.67e-01    -  1.00e+00 8.86e-01h  1
 313  5.5838556e+00 1.00e-02 1.55e-01  -4.3 4.18e-01    -  1.00e+00 9.41e-01h  1
 314  5.8106584e+00 8.22e-04 1.42e-01  -4.1 5.09e-01    -  9.83e-01 9.45e-01H  1
 315  5.5374565e+00 5.32e-03 6.22e-02  -4.4 3.93e-01    -  1.00e+00 9.72e-01f  1
 316  5.5477577e+00 1.94e-04 2.68e-02  -4.1 6.84e-02    -  1.00e+00 1.00e+00h  1
 317  5.5256025e+00 6.20e-04 1.12e+00  -4.7 2.35e-01    -  1.00e+00 5.22e-01h  1
 318  5.5923649e+00 2.54e-02 6.21e-01  -3.9 2.42e+00    -  7.20e-01 3.89e-01f  2
 319  5.5745051e+00 2.28e-02 6.07e-01  -4.2 3.19e+00    -  4.15e-01 1.12e-01h  3
iter    objective    inf_pr   inf_du lg(mu)  ||d||  lg(rg) alpha_du alpha_pr  ls
 320  5.6470754e+00 2.00e-02 3.15e-01  -4.2 1.99e+00    -  4.78e-01 4.89e-01H  1
 321  5.5982881e+00 1.73e-02 5.22e-01  -4.2 9.65e-01    -  5.76e-01 4.69e-01h  1
 322  5.4792971e+00 9.48e-03 1.73e+00  -4.2 3.64e-01    -  2.73e-01 4.95e-01h  1
 323  5.6376775e+00 1.48e-02 2.29e+00  -3.7 4.04e-01    -  5.11e-01 1.00e+00f  1
 324  5.6944673e+00 3.52e-02 9.92e-02  -3.9 9.42e-01    -  1.00e+00 1.00e+00h  1
 325  5.5744436e+00 2.68e-02 9.52e-01  -3.9 1.08e+00    -  1.00e+00 7.43e-01h  1
 326  5.4786820e+00 2.05e-02 6.90e-01  -3.9 9.26e-01    -  2.24e-01 2.49e-01h  2
 327  5.3988970e+00 5.54e-03 2.44e-01  -4.5 1.51e-01    -  9.07e-01 8.35e-01h  1
 328  5.3683519e+00 7.39e-04 2.39e-01  -4.4 7.53e-02    -  1.00e+00 8.58e-01h  1
 329  5.3494481e+00 9.91e-03 3.50e-02  -4.5 1.59e-01    -  9.99e-01 1.00e+00h  1
iter    objective    inf_pr   inf_du lg(mu)  ||d||  lg(rg) alpha_du alpha_pr  ls
 330  5.3434132e+00 6.27e-03 7.18e-01  -4.6 8.56e-01    -  1.00e+00 3.12e-01h  1
 331  5.3430866e+00 2.19e-02 2.94e-01  -4.3 1.09e+00    -  7.98e-01 3.35e-01h  1
 332  5.3479012e+00 1.12e-02 6.94e-01  -4.1 2.17e+00    -  6.56e-01 2.27e-01h  2
 333  5.3398797e+00 1.33e-02 6.12e-01  -4.3 3.23e+00    -  6.31e-01 1.36e-01h  2
 334  5.3319162e+00 1.45e-02 6.94e-01  -4.2 2.70e+00    -  6.11e-01 1.34e-01h  3
 335  5.3174020e+00 1.64e-02 7.91e-01  -4.2 4.27e+00    -  4.04e-01 9.17e-02h  3
 336  5.3158391e+00 1.62e-02 1.21e+00  -4.0 3.67e+00    -  7.05e-01 7.55e-02h  4
 337  5.3091935e+00 6.07e-02 1.00e+00  -4.3 6.14e+00    -  5.16e-01 2.61e-01h  1
 338  5.2928901e+00 7.12e-02 1.61e+00  -4.3 2.85e+01    -  2.19e-01 3.10e-02h  3
 339  5.2746405e+00 1.31e-01 1.95e+00  -3.9 3.37e+01    -  1.81e-01 7.02e-02h  2
iter    objective    inf_pr   inf_du lg(mu)  ||d||  lg(rg) alpha_du alpha_pr  ls
 340  5.6643177e+00 2.09e-01 1.83e+00  -3.0 5.30e+01    -  5.16e-02 5.42e-02f  2
 341  5.5277292e+00 2.38e-01 1.44e+00  -4.0 1.80e+01    -  1.95e-01 1.54e-01h  1
 342  5.4839073e+00 3.04e-01 1.33e+00  -4.0 9.37e+01    -  7.21e-02 3.20e-02f  2
 343  5.3743781e+00 3.04e-01 1.31e+00  -4.0 2.89e+01    -  6.81e-02 5.01e-02h  2
 344  5.3550484e+00 2.82e-01 1.29e+00  -4.0 1.12e+01    -  2.20e-01 1.40e-01h  1
 345  5.2641446e+00 2.27e-01 9.19e-01  -4.0 1.67e+00    -  1.48e-01 1.99e-01h  1
 346  5.2909389e+00 6.86e-02 6.74e-01  -3.6 1.91e+00    -  8.19e-01 1.00e+00f  1
 347  5.3576895e+00 6.88e-02 3.32e+00  -3.3 2.56e+00    -  4.68e-01 1.11e-01h  3
 348  5.2601344e+00 6.46e-03 1.62e-01  -3.5 7.22e-01    -  1.00e+00 1.00e+00h  1
 349  5.4036569e+00 5.10e-03 3.01e+00  -3.2 8.03e-01    -  9.01e-01 2.50e-01h  3
iter    objective    inf_pr   inf_du lg(mu)  ||d||  lg(rg) alpha_du alpha_pr  ls
 350  5.4125114e+00 1.83e-03 8.52e-02  -3.3 1.30e-01    -  1.00e+00 1.00e+00h  1
 351  5.4531012e+00 4.03e-03 3.96e-02  -3.3 2.07e-01    -  1.00e+00 1.00e+00h  1
 352  5.5046668e+00 1.25e-04 1.67e-01  -3.3 2.46e-01    -  1.00e+00 1.00e+00H  1
 353  5.2096851e+00 3.32e-02 1.40e-01  -3.7 5.44e-01    -  1.00e+00 1.00e+00f  1
 354  5.5740027e+00 2.37e-03 1.84e-01  -3.8 6.01e-01    -  1.00e+00 9.68e-01H  1
 355  5.0888641e+00 4.20e-03 7.33e-02  -3.9 3.61e-01    -  1.00e+00 1.00e+00f  1
 356  5.0128319e+00 2.43e-03 9.50e-01  -4.4 2.18e-01    -  1.00e+00 7.03e-01h  1
 357  4.9729370e+00 2.31e-03 7.97e-01  -4.6 2.91e-01    -  1.00e+00 4.41e-01h  1
 358  4.9460936e+00 6.05e-03 4.23e-01  -4.3 7.39e-01    -  1.00e+00 3.71e-01h  1
 359  4.9486516e+00 1.32e-02 3.97e-01  -4.1 1.72e+00    -  5.69e-01 1.97e-01h  2
iter    objective    inf_pr   inf_du lg(mu)  ||d||  lg(rg) alpha_du alpha_pr  ls
 360  4.9494144e+00 1.50e-02 1.69e+00  -4.3 1.29e+00    -  6.69e-01 1.73e-01h  3
 361  4.9604298e+00 6.33e-03 5.80e-01  -4.3 5.69e-01    -  1.00e+00 7.62e-01H  1
 362  4.9633745e+00 3.71e-03 1.56e+00  -4.0 5.20e-01    -  8.03e-01 3.00e-01f  2
 363  4.9215296e+00 1.71e-03 5.56e-01  -4.3 1.99e-01    -  1.00e+00 5.41e-01h  1
 364  4.8872719e+00 1.39e-03 4.28e-01  -4.7 8.79e-02    -  1.00e+00 7.06e-01h  1
 365  4.8701286e+00 9.33e-04 3.72e-01  -4.7 1.36e-01    -  1.00e+00 6.08e-01h  1
 366  4.8723574e+00 7.46e-03 1.78e-01  -4.4 4.01e-01    -  1.00e+00 7.52e-01h  1
 367  4.8625152e+00 1.00e-02 2.85e-01  -4.5 1.83e+00    -  3.73e-01 2.15e-01h  1
 368  4.8516128e+00 1.97e-02 9.86e-01  -4.5 3.65e+00    -  4.43e-01 7.00e-02h  1
 369  4.9684260e+00 9.40e-02 5.38e-01  -3.7 1.80e+00    -  1.62e-01 2.50e-01h  1
iter    objective    inf_pr   inf_du lg(mu)  ||d||  lg(rg) alpha_du alpha_pr  ls
 370  4.9062119e+00 5.28e-02 9.47e-01  -4.3 2.33e-01    -  9.43e-01 4.40e-01h  1
 371  4.8474893e+00 1.27e-02 3.56e+00  -4.3 2.44e-01    -  2.67e-01 7.57e-01h  1
 372  4.9330448e+00 6.70e-03 9.01e-01  -4.0 1.00e-01    -  1.00e+00 9.03e-01f  1
 373  4.8958804e+00 1.30e-03 2.58e-01  -4.0 8.81e-02    -  1.00e+00 8.46e-01h  1
 374  4.8835302e+00 8.98e-04 1.51e-02  -4.0 4.19e-02    -  1.00e+00 1.00e+00f  1
 375  4.8452243e+00 1.95e-03 6.86e-01  -4.5 1.06e-01    -  1.00e+00 7.18e-01h  1
 376  4.8253733e+00 4.11e-04 2.26e-01  -4.6 2.07e-01    -  1.00e+00 8.85e-01H  1
 377  4.8147569e+00 1.95e-04 2.08e-02  -4.7 8.10e-02    -  1.00e+00 1.00e+00h  1
 378  4.8022240e+00 1.95e-04 5.02e-01  -5.2 3.95e-02    -  1.00e+00 6.70e-01h  1
 379  4.7968349e+00 1.78e-04 8.26e-02  -5.2 2.90e-02    -  1.00e+00 7.35e-01h  1
iter    objective    inf_pr   inf_du lg(mu)  ||d||  lg(rg) alpha_du alpha_pr  ls
 380  4.7934928e+00 4.49e-04 3.20e-01  -5.2 1.38e-01    -  1.00e+00 3.75e-01h  1
 381  4.7910033e+00 7.88e-04 4.53e-01  -5.4 2.30e-01    -  1.00e+00 2.05e-01h  1
 382  4.7875985e+00 2.43e-03 2.97e-01  -4.9 6.71e-01    -  5.76e-01 1.98e-01h  1
 383  4.7876954e+00 2.11e-02 4.97e-01  -4.8 1.71e+00    -  2.62e-01 1.51e-01h  1
 384  4.7833135e+00 1.89e-02 5.53e-01  -5.1 1.33e+00    -  2.83e-01 1.03e-01h  1
 385  4.7778295e+00 1.74e-02 1.34e+00  -5.0 1.59e+00    -  4.13e-01 7.94e-02h  1
 386  4.7712353e+00 1.66e-02 1.32e+00  -4.2 4.05e+00    -  2.44e-01 4.41e-02h  1
 387  4.7822649e+00 1.53e-02 1.46e+00  -4.1 3.53e+00    -  1.34e-01 8.07e-02h  2
 388  4.7770300e+00 9.62e-03 5.82e-01  -4.6 1.01e+00    -  2.92e-01 3.73e-01h  1
 389  4.7732510e+00 6.99e-03 9.96e-01  -4.6 1.46e+00    -  1.86e-01 2.76e-01h  1
iter    objective    inf_pr   inf_du lg(mu)  ||d||  lg(rg) alpha_du alpha_pr  ls
 390  4.7602876e+00 5.27e-03 1.04e+00  -4.6 1.56e+00    -  1.81e-01 2.43e-01f  1
 391  4.7562435e+00 4.86e-03 1.65e+00  -4.2 1.47e+00    -  6.30e-01 7.77e-02f  1
 392  4.8271711e+00 2.39e-03 4.06e-01  -4.6 4.95e-01    -  6.64e-01 9.62e-01H  1
 393  4.7815783e+00 2.17e-03 3.20e+00  -4.6 2.27e-01    -  9.96e-01 2.77e-01h  1
 394  4.7589854e+00 1.76e-03 2.69e+00  -4.1 1.69e-01    -  7.38e-01 4.20e-01f  1
 395  4.7345343e+00 1.83e-03 1.33e+00  -5.1 2.55e-01    -  7.06e-01 5.63e-01h  1
 396  4.7807067e+00 2.64e-04 6.20e-02  -4.3 5.69e-01    -  1.00e+00 1.00e+00H  1
 397  4.8040991e+00 3.93e-03 8.28e-01  -4.1 5.84e-01    -  8.64e-01 5.00e-01f  2
 398  4.7752640e+00 1.24e-03 3.37e-01  -4.2 3.45e-01    -  6.20e-01 6.48e-01h  1
 399  4.7611669e+00 9.43e-04 1.21e+00  -4.2 3.10e-01    -  9.96e-01 6.33e-01h  1
iter    objective    inf_pr   inf_du lg(mu)  ||d||  lg(rg) alpha_du alpha_pr  ls
 400  4.7328103e+00 1.31e-03 1.27e+00  -4.7 1.59e-01    -  1.00e+00 5.01e-01h  1
 401  4.7424084e+00 2.28e-04 3.90e-02  -4.3 5.02e-01    -  1.00e+00 1.00e+00H  1
 402  4.7643691e+00 4.52e-03 6.40e-01  -4.1 1.37e+00    -  7.82e-01 4.11e-01f  2
 403  4.7554516e+00 4.34e-03 7.60e-01  -4.2 2.44e+00    -  5.87e-01 1.11e-01h  4
 404  5.2291963e+00 1.36e-03 1.60e-01  -4.2 1.14e+00    -  8.99e-01 9.69e-01H  1
 405  5.0225364e+00 9.42e-04 1.91e+00  -4.2 4.37e-01    -  9.01e-01 2.28e-01f  1
 406  4.7541540e+00 6.18e-03 3.60e+00  -4.2 3.60e-01    -  2.91e-01 6.28e-01f  1
 407  4.7038751e+00 3.00e-03 9.74e-01  -4.2 5.38e-01    -  8.98e-01 6.94e-01f  1
 408  4.7248696e+00 5.86e-03 1.86e+00  -4.0 1.31e+00    -  1.00e+00 3.58e-01f  2
 409  4.9841702e+00 5.94e-03 4.53e-01  -4.1 1.85e+00    -  1.00e+00 8.29e-01H  1
iter    objective    inf_pr   inf_du lg(mu)  ||d||  lg(rg) alpha_du alpha_pr  ls
 410  4.8700466e+00 5.42e-03 7.95e-01  -4.1 1.08e+00    -  8.07e-01 2.44e-01f  3
 411  4.7292878e+00 4.03e-03 5.57e-01  -4.1 9.33e-01    -  2.32e-01 2.42e-01f  2
 412  4.6809040e+00 1.71e-03 1.04e-01  -4.1 4.20e-01    -  9.49e-01 1.00e+00h  1
 413  4.7046123e+00 3.41e-03 2.12e+00  -3.9 1.53e+00    -  1.00e+00 3.55e-01h  2
 414  4.6977537e+00 3.80e-03 6.00e-01  -4.0 2.71e+00    -  1.00e+00 1.13e-01h  4
 415  4.6857622e+00 1.71e-02 1.65e+00  -4.0 7.59e+00    -  4.73e-01 1.62e-01h  3
 416  4.6656950e+00 3.16e-02 1.43e+00  -4.0 4.24e+01    -  1.39e-01 2.91e-02h  3
 417  4.7009248e+00 5.11e-02 1.06e+00  -3.3 5.67e+01    -  1.15e-01 2.75e-02f  3
 418  4.6919359e+00 5.10e-02 1.08e+00  -3.9 1.63e+01    -  2.11e-01 2.29e-02h  5
 419  4.6744919e+00 8.34e-02 1.18e+00  -3.9 3.30e+01    -  1.34e-01 6.44e-02h  3
iter    objective    inf_pr   inf_du lg(mu)  ||d||  lg(rg) alpha_du alpha_pr  ls
 420  4.6485449e+00 3.84e-01 1.08e+00  -3.9 1.00e+02    -  5.09e-02 6.30e-02h  2
 421  4.7099152e+00 3.95e-01 1.10e+00  -3.0 1.32e+02    -  1.07e-01 1.01e-02h  4
 422  4.8593786e+00 3.91e-01 1.04e+00  -3.8 2.26e+01    -  2.71e-01 9.59e-02h  2
 423  5.1771607e+00 3.80e-01 1.10e+00  -3.8 1.71e+01    -  2.46e-01 1.98e-01H  1
 424  5.8667998e+00 3.27e-01 1.06e+00  -3.8 9.41e+00    -  1.44e-01 1.53e-01h  1
 425  4.9987805e+00 2.15e-01 8.37e-01  -3.8 9.60e-01    -  4.39e-01 3.40e-01h  1
 426  4.5447394e+00 9.79e-02 1.38e+00  -3.8 4.33e-01    -  8.68e-01 5.47e-01h  1
 427  4.5739711e+00 3.93e-03 6.98e-01  -3.4 2.69e-01    -  8.83e-01 1.00e+00f  1
 428  4.5700283e+00 8.17e-04 8.11e-02  -3.6 1.86e-01    -  1.00e+00 1.00e+00h  1
 429  4.4619195e+00 1.77e-03 7.80e-02  -4.1 1.30e-01    -  9.99e-01 1.00e+00h  1
iter    objective    inf_pr   inf_du lg(mu)  ||d||  lg(rg) alpha_du alpha_pr  ls
 430  4.3986156e+00 1.27e-03 5.95e-01  -4.4 6.59e-02    -  1.00e+00 5.28e-01h  1
 431  4.3274213e+00 3.54e-03 8.82e-01  -4.5 2.71e-01    -  1.00e+00 3.34e-01h  1
 432  4.2921516e+00 3.39e-03 9.81e-02  -4.2 1.18e-01    -  1.00e+00 1.00e+00h  1
 433  4.2801487e+00 1.75e-03 1.30e-01  -4.4 1.05e-01    -  1.00e+00 8.87e-01h  1
 434  4.2554247e+00 1.28e-03 5.30e-01  -4.9 5.32e-02    -  1.00e+00 6.15e-01h  1
 435  4.2422421e+00 5.98e-04 2.19e-01  -5.3 4.87e-02    -  1.00e+00 5.33e-01h  1
 436  4.2420114e+00 6.31e-04 2.74e-01  -4.7 1.44e-01    -  1.00e+00 5.40e-01H  1
 437  4.2339638e+00 4.00e-04 6.27e-01  -5.2 7.66e-02    -  1.00e+00 3.74e-01h  1
 438  4.2280860e+00 1.60e-03 2.35e-01  -4.9 1.49e-01    -  1.00e+00 6.07e-01h  1
 439  4.2206928e+00 1.85e-03 2.44e-01  -5.0 2.16e-01    -  1.00e+00 6.48e-01h  1
iter    objective    inf_pr   inf_du lg(mu)  ||d||  lg(rg) alpha_du alpha_pr  ls
 440  4.2291265e+00 2.40e-03 2.92e-01  -5.0 2.72e-01    -  1.00e+00 6.55e-01h  1
 441  4.2095629e+00 2.59e-04 4.11e-02  -5.1 5.09e-02    -  1.00e+00 1.00e+00h  1
 442  4.2037667e+00 3.47e-04 3.28e-01  -5.3 7.78e-02    -  1.00e+00 7.20e-01h  1
 443  4.2004029e+00 3.38e-03 1.23e-01  -5.0 4.58e-01    -  7.32e-01 4.14e-01h  1
 444  4.1969173e+00 4.17e-03 2.39e-01  -4.5 1.40e+00    -  4.26e-01 1.65e-01h  1
 445  4.1975597e+00 3.72e-03 4.22e-01  -4.4 2.76e+00    -  2.92e-01 1.09e-01h  1
 446  4.1954018e+00 3.41e-03 6.70e-01  -4.7 1.34e+00    -  5.39e-01 1.59e-01h  1
 447  4.1922057e+00 3.65e-03 4.75e-01  -4.7 9.69e-01    -  7.57e-01 2.49e-01h  2
 448  4.1962525e+00 3.01e-03 1.68e-01  -4.7 1.04e+00    -  7.02e-01 3.52e-01H  1
 449  4.1893656e+00 3.07e-03 6.82e-01  -4.8 1.24e+00    -  6.44e-01 2.85e-01h  1
iter    objective    inf_pr   inf_du lg(mu)  ||d||  lg(rg) alpha_du alpha_pr  ls
 450  4.2652892e+00 1.70e-03 5.31e-01  -4.4 7.14e-01    -  4.13e-01 7.59e-01H  1
 451  4.2016083e+00 2.41e-03 4.73e-01  -4.7 3.42e-01    -  5.96e-01 9.37e-01h  1
 452  4.1802852e+00 1.71e-03 1.20e+00  -4.7 2.06e-01    -  5.89e-01 2.97e-01h  1
 453  4.1680100e+00 1.22e-03 5.08e-02  -5.0 2.20e-01    -  1.00e+00 9.66e-01h  1
 454  4.1682306e+00 1.06e-03 2.72e-01  -5.0 2.89e-01    -  1.00e+00 8.01e-01h  1
 455  4.1796598e+00 1.34e-03 6.85e-02  -4.6 9.65e-02    -  9.30e-01 1.00e+00h  1
 456  4.1652845e+00 5.42e-04 9.01e-03  -4.7 1.33e-01    -  1.00e+00 1.00e+00h  1
 457  4.1570279e+00 2.78e-04 2.49e-01  -5.2 4.60e-02    -  1.00e+00 7.89e-01h  1
 458  4.1507087e+00 2.43e-04 5.41e-02  -5.5 9.71e-02    -  1.00e+00 7.99e-01h  1
 459  4.1494412e+00 8.50e-04 3.70e-01  -5.1 3.00e-01    -  1.00e+00 3.81e-01h  2
iter    objective    inf_pr   inf_du lg(mu)  ||d||  lg(rg) alpha_du alpha_pr  ls
 460  4.1554905e+00 1.03e-03 7.60e-02  -5.3 3.97e-01    -  9.66e-01 8.61e-01H  1
 461  4.1471677e+00 2.98e-03 2.43e-01  -5.4 7.52e-01    -  5.41e-01 2.60e-01h  1
 462  4.1421690e+00 3.82e-03 2.13e-01  -4.7 2.09e+00    -  1.40e-01 1.24e-01f  1
 463  4.1377273e+00 2.63e-03 1.99e-01  -4.8 8.14e-01    -  2.78e-01 1.48e-01h  1
 464  4.1416130e+00 1.21e-03 1.04e-01  -4.7 1.10e-01    -  6.13e-01 5.42e-01h  1
 465  4.1342775e+00 8.19e-04 4.69e-01  -5.1 1.85e-01    -  9.70e-01 3.76e-01h  1
 466  4.1339230e+00 7.28e-04 6.78e-01  -5.0 2.43e-01    -  1.00e+00 5.55e-01h  1
 467  4.1348931e+00 1.02e-03 2.62e-01  -4.8 2.18e-01    -  1.00e+00 7.56e-01h  1
 468  4.1415118e+00 1.47e-03 1.69e-01  -4.9 1.45e-01    -  1.00e+00 7.80e-01h  1
 469  4.1361909e+00 5.53e-04 9.54e-02  -4.6 1.02e-01    -  1.00e+00 7.08e-01f  1
iter    objective    inf_pr   inf_du lg(mu)  ||d||  lg(rg) alpha_du alpha_pr  ls
 470  4.1250494e+00 1.59e-04 1.76e-02  -5.0 5.47e-02    -  1.00e+00 9.68e-01h  1
 471  4.1203408e+00 8.23e-05 3.39e-01  -5.6 5.58e-02    -  1.00e+00 6.13e-01h  1
 472  4.1168987e+00 2.44e-03 2.69e-01  -5.2 3.58e-01    -  1.00e+00 3.47e-01h  1
 473  4.1162748e+00 3.00e-03 3.27e-01  -5.0 1.29e+00    -  7.86e-01 1.92e-01h  2
 474  4.1175165e+00 4.60e-03 3.81e-01  -4.6 3.54e+00    -  2.36e-01 7.76e-02h  3
 475  4.1161570e+00 4.78e-03 4.44e-01  -5.0 2.46e+00    -  2.45e-01 7.31e-02h  3
 476  4.1292262e+00 7.48e-03 3.25e-01  -4.4 3.25e+00    -  2.88e-01 1.16e-01h  2
 477  4.1203544e+00 8.83e-03 3.19e-01  -4.8 4.80e+00    -  1.49e-01 7.57e-02h  1
 478  4.1205874e+00 1.09e-02 3.43e-01  -4.8 9.29e+00    -  1.07e-01 4.44e-02h  2
 479  4.1124195e+00 1.13e-02 2.35e-01  -4.8 2.44e+00    -  8.04e-02 1.33e-01h  2
iter    objective    inf_pr   inf_du lg(mu)  ||d||  lg(rg) alpha_du alpha_pr  ls
 480  4.1294585e+00 1.60e-02 1.99e-01  -4.2 1.44e+00    -  2.65e-01 2.38e-01h  2
 481  4.1736823e+00 9.92e-03 1.23e-01  -4.6 7.36e-01    -  6.04e-01 7.46e-01h  1
 482  4.1412296e+00 7.90e-03 1.00e+00  -4.6 2.82e-01    -  8.53e-01 2.34e-01h  1
 483  4.0985393e+00 3.53e-03 3.87e-01  -4.6 1.80e-01    -  5.73e-01 6.56e-01h  1
 484  4.0847645e+00 1.33e-03 2.43e-01  -5.8 9.96e-02    -  6.90e-01 5.88e-01h  1
 485  4.0772140e+00 6.62e-04 2.99e-01  -5.0 1.66e-01    -  1.00e+00 6.72e-01h  1
 486  4.0772170e+00 2.76e-03 1.83e-01  -4.8 7.33e-01    -  1.00e+00 3.88e-01h  2
 487  4.0753825e+00 3.11e-03 3.91e-01  -4.9 2.03e+00    -  5.15e-01 1.11e-01h  3
 488  4.0908516e+00 4.86e-03 2.05e-01  -4.5 1.74e+00    -  4.77e-01 3.73e-01h  1
 489  4.0854003e+00 4.57e-03 3.40e-01  -4.7 2.57e+00    -  4.18e-01 1.01e-01h  3
iter    objective    inf_pr   inf_du lg(mu)  ||d||  lg(rg) alpha_du alpha_pr  ls
 490  4.0843193e+00 5.31e-03 3.20e-01  -4.7 3.17e+00    -  2.34e-01 1.60e-01h  2
 491  4.0900881e+00 4.94e-03 2.15e-01  -4.7 1.35e+00    -  3.13e-01 1.72e-01h  2
 492  4.0814801e+00 2.38e-03 7.52e-01  -4.7 4.31e-01    -  7.71e-01 5.66e-01h  1
 493  4.0681956e+00 1.42e-03 2.41e-01  -4.7 1.73e-01    -  1.00e+00 5.00e-01h  2
 494  4.0585606e+00 5.41e-04 1.64e-01  -4.8 5.08e-02    -  1.00e+00 6.48e-01h  1
 495  4.0506978e+00 8.51e-04 1.48e-01  -5.3 8.98e-02    -  1.00e+00 6.71e-01h  1
 496  4.0478835e+00 1.39e-03 6.06e-01  -4.9 3.92e-01    -  1.00e+00 2.62e-01h  2
 497  4.0512372e+00 1.40e-03 7.19e-01  -4.6 4.74e-01    -  8.84e-01 3.67e-01h  2
 498  4.0495580e+00 1.65e-03 8.21e-01  -4.7 1.11e+00    -  4.15e-01 1.17e-01h  3
 499  4.0496091e+00 2.21e-03 1.51e+00  -4.7 1.28e+00    -  1.00e+00 1.60e-01h  3
iter    objective    inf_pr   inf_du lg(mu)  ||d||  lg(rg) alpha_du alpha_pr  ls
 500  4.1767507e+00 2.48e-03 1.30e-01  -4.7 9.26e-01    -  8.11e-01 9.73e-01H  1
 501  4.1502051e+00 1.79e-03 9.35e-02  -4.7 2.52e-01    -  8.36e-01 1.00e+00F  1
 502  4.0600727e+00 8.45e-04 1.75e+00  -4.7 2.58e-01    -  2.16e-01 4.94e-01F  1
 503  4.0426487e+00 9.57e-04 3.27e-01  -4.7 1.81e-01    -  3.43e-01 5.00e-01f  2
 504  4.0294694e+00 4.70e-04 2.10e-01  -5.1 6.80e-02    -  1.00e+00 5.57e-01h  1
 505  4.0224051e+00 1.64e-04 1.73e-01  -5.4 4.58e-02    -  1.00e+00 8.83e-01h  1
 506  4.0192690e+00 8.00e-04 3.29e-01  -5.2 1.23e-01    -  1.00e+00 7.32e-01h  1
 507  4.0171251e+00 1.48e-03 6.96e-01  -4.9 5.51e-01    -  1.00e+00 2.82e-01h  1
 508  4.0147634e+00 2.44e-03 5.00e-01  -4.9 1.37e+00    -  5.48e-01 1.32e-01h  2
 509  4.0132028e+00 3.59e-03 4.22e-01  -4.9 1.61e+00    -  6.30e-01 1.06e-01h  3
iter    objective    inf_pr   inf_du lg(mu)  ||d||  lg(rg) alpha_du alpha_pr  ls
 510  4.0192003e+00 5.43e-03 8.33e-01  -4.6 1.02e+00    -  5.36e-01 2.19e-01h  2
 511  4.0332207e+00 2.89e-03 3.13e-01  -4.8 6.68e-01    -  8.59e-01 5.60e-01H  1
 512  4.0251994e+00 2.43e-03 3.85e-01  -4.8 8.66e-01    -  7.45e-01 1.77e-01h  3
 513  4.0148674e+00 2.10e-03 1.66e-01  -4.8 4.78e-01    -  3.50e-01 2.55e-01h  2
 514  4.0276333e+00 1.30e-03 6.54e-01  -4.8 2.58e-01    -  5.70e-01 8.77e-01H  1
 515  4.0052417e+00 2.34e-03 6.60e-02  -4.8 1.46e-01    -  1.00e+00 8.82e-01f  1
 516  4.0016351e+00 5.96e-03 2.01e-01  -5.0 1.17e-01    -  1.00e+00 5.00e-01h  2
 517  3.9963264e+00 6.78e-04 1.09e-02  -5.1 1.45e-01    -  1.00e+00 9.92e-01h  1
 518  3.9959127e+00 5.18e-03 8.50e-01  -4.7 9.97e-01    -  9.68e-01 2.10e-01h  2
 519  4.0064034e+00 5.40e-03 8.60e-01  -4.5 1.67e+00    -  5.68e-01 2.44e-01h  2
iter    objective    inf_pr   inf_du lg(mu)  ||d||  lg(rg) alpha_du alpha_pr  ls
 520  4.0061370e+00 5.14e-03 1.41e+00  -4.7 1.28e+00    -  7.03e-01 1.31e-01h  3
 521  4.0829663e+00 5.16e-04 3.38e-01  -4.7 2.54e-01    -  7.06e-01 1.00e+00H  1
 522  3.9988817e+00 1.44e-03 8.93e-02  -4.7 1.98e-01    -  8.98e-01 1.00e+00f  1
 523  3.9950020e+00 3.77e-04 2.42e-02  -4.7 1.59e-01    -  1.00e+00 1.00e+00h  1
 524  3.9844177e+00 5.23e-04 4.33e-01  -5.2 2.55e-01    -  1.00e+00 5.85e-01h  1
 525  3.9794852e+00 1.38e-03 7.31e-01  -4.9 8.22e-01    -  1.00e+00 1.72e-01h  3
 526  3.9781523e+00 1.18e-03 9.20e-01  -4.9 6.39e-01    -  1.00e+00 1.75e-01h  3
 527  3.9839951e+00 2.03e-04 2.38e-02  -5.1 2.05e-01    -  9.95e-01 1.00e+00H  1
 528  3.9705906e+00 1.12e-03 2.99e-01  -5.3 1.35e-01    -  1.00e+00 6.58e-01h  1
 529  3.9631430e+00 6.73e-04 2.27e+02  -5.3 1.56e-01    -  6.81e-01 4.22e-01h  1
iter    objective    inf_pr   inf_du lg(mu)  ||d||  lg(rg) alpha_du alpha_pr  ls
 530  3.9595246e+00 3.21e-02 4.23e-01  -5.3 3.19e-01    -  1.00e+00 5.88e-01h  1
 531  3.9632698e+00 3.15e-02 3.88e-01 -11.0 2.09e+00    -  1.02e-01 1.81e-02h  3
 532  3.9609168e+00 2.70e-02 4.39e-01  -5.5 4.50e-01    -  1.59e-01 1.43e-01h  1
 533  3.9588431e+00 2.68e-02 4.33e-01  -6.2 5.62e+00    -  1.75e-01 8.03e-03h  1
 534  3.9531184e+00 1.90e-02 5.98e-01  -5.8 2.40e+00    -  1.98e-01 2.45e-01h  1
 535  3.9444703e+00 1.96e-02 5.98e-01  -4.9 5.90e+01    -  3.99e-02 1.70e-02h  1
 536  3.9652130e+00 1.91e-02 5.87e-01  -4.0 9.64e+01    -  3.34e-02 9.55e-03f  1
 537  3.9603716e+00 1.89e-02 5.82e-01  -5.3 3.18e+01    -  7.76e-03 8.96e-03h  1
 538  3.9590745e+00 1.85e-02 5.78e-01  -5.3 1.43e+02    -  2.46e-02 6.64e-03f  2
 539  3.9412831e+00 2.93e-02 5.69e-01  -5.3 9.47e+01    -  9.20e-03 1.57e-02h  1
iter    objective    inf_pr   inf_du lg(mu)  ||d||  lg(rg) alpha_du alpha_pr  ls
 540  3.9283261e+00 4.29e-02 5.81e-01  -4.8 1.87e+02    -  3.22e-02 7.59e-03h  1
 541  3.9213338e+00 5.18e-02 6.81e-01  -4.4 1.66e+02    -  2.61e-02 6.90e-03h  2
 542  3.9460504e+00 9.00e-02 8.80e-01  -4.1 7.53e+01    -  3.08e-02 3.04e-02h  1
 543  3.9406529e+00 8.98e-02 8.97e-01  -5.1 3.39e+01    -  6.32e-03 7.50e-03h  1
 544  3.9228423e+00 8.26e-02 8.48e-01  -5.1 7.16e-01    -  1.25e-01 8.07e-02f  1
 545  3.8914766e+00 6.99e-02 7.40e-01  -5.1 3.95e-01    -  2.56e-01 1.54e-01h  1
 546  3.8693609e+00 5.70e-02 8.68e-01  -4.7 2.89e-01    -  4.03e-01 1.84e-01f  1
 547  3.8564466e+00 4.30e-02 4.61e-01  -5.0 3.18e-01    -  4.24e-01 2.45e-01h  1
 548  3.8486168e+00 3.21e-02 3.62e-01  -4.9 1.13e+00    -  3.68e-01 2.54e-01h  1
 549  3.8674632e+00 2.44e-02 3.20e-01  -5.6 1.99e+00    -  2.07e-01 2.37e-01h  1
iter    objective    inf_pr   inf_du lg(mu)  ||d||  lg(rg) alpha_du alpha_pr  ls
 550  3.8604235e+00 1.42e-02 2.24e-01  -5.0 7.24e-01    -  5.02e-01 4.15e-01h  1
 551  3.8623766e+00 7.99e-03 3.59e-01  -4.6 3.28e-01    -  2.95e-01 4.48e-01h  1
 552  3.8465089e+00 2.85e-03 2.65e-02  -4.5 2.60e-01    -  1.00e+00 1.00e+00h  1
 553  3.9777631e+00 1.73e-04 5.84e-01  -4.2 1.93e-01    -  8.09e-01 1.00e+00H  1
 554  3.8452629e+00 1.82e-03 1.22e-02  -4.6 1.83e-01    -  1.00e+00 1.00e+00f  1
 555  3.8350105e+00 7.25e-04 2.01e-02  -4.9 8.48e-02    -  1.00e+00 9.65e-01h  1
 556  3.8263702e+00 9.49e-04 2.04e-01  -4.9 4.00e-01    -  9.73e-01 5.65e-01h  1
 557  3.8236711e+00 1.40e-03 9.57e-02  -4.6 3.45e+00    -  3.36e-01 8.98e-02h  2
 558  3.8285561e+00 2.77e-03 1.29e-01  -4.3 6.91e+00    -  2.18e-01 6.21e-02h  3
 559  3.8256204e+00 3.23e-03 1.65e-01  -4.7 6.18e+00    -  2.18e-01 3.75e-02h  4
iter    objective    inf_pr   inf_du lg(mu)  ||d||  lg(rg) alpha_du alpha_pr  ls
 560  3.8235654e+00 3.52e-03 2.60e-01  -4.7 2.97e+00    -  2.71e-01 7.32e-02h  4
 561  3.8169612e+00 6.14e-03 3.32e-01  -4.4 1.11e+01    -  1.73e-01 5.09e-02h  3
 562  3.8239633e+00 2.27e-02 3.54e-01  -4.3 2.69e+01    -  1.10e-01 4.76e-02h  2
 563  3.8202372e+00 2.27e-02 5.57e-01  -4.7 1.30e+01    -  1.12e-01 1.38e-02h  4
 564  3.8081515e+00 2.68e-02 3.27e-01  -4.7 4.89e+00    -  1.41e-01 2.46e-01h  1
 565  3.8077141e+00 2.63e-02 2.61e-01  -3.9 1.38e+01    -  1.60e-01 2.73e-02f  3
 566  3.7936016e+00 2.43e-02 2.83e-01  -5.2 5.28e+00    -  1.95e-01 1.24e-01h  2
 567  3.8127730e+00 2.92e-02 3.39e-01  -3.9 9.81e+00    -  2.47e-01 7.62e-02h  2
 568  3.8067652e+00 2.90e-02 9.46e-01  -4.4 5.09e+00    -  3.52e-01 8.11e-02h  3
 569  4.1154858e+00 2.44e-02 2.69e-01  -4.4 2.19e+00    -  2.54e-01 4.52e-01H  1
iter    objective    inf_pr   inf_du lg(mu)  ||d||  lg(rg) alpha_du alpha_pr  ls
 570  3.8474132e+00 8.20e-03 1.96e-01  -4.4 3.91e-01    -  7.89e-01 7.13e-01f  1
 571  3.7712213e+00 5.42e-03 1.23e+00  -4.4 4.48e-01    -  4.90e-01 8.09e-01f  1
 572  3.7880783e+00 3.31e-03 5.14e-01  -4.4 2.46e-01    -  9.12e-01 4.33e-01h  2
 573  3.7496065e+00 8.99e-04 1.05e-02  -4.8 7.42e-02    -  1.00e+00 1.00e+00h  1
 574  3.7384767e+00 2.49e-04 1.14e-01  -5.1 4.46e-02    -  1.00e+00 7.21e-01h  1
 575  3.7331998e+00 9.76e-04 1.03e-01  -4.7 1.46e-01    -  1.00e+00 8.01e-01h  1
 576  3.7660402e+00 6.27e-04 6.32e-02  -4.5 2.54e-01    -  8.69e-01 1.00e+00H  1
 577  3.7796252e+00 1.01e-04 6.38e-02  -4.6 1.73e-01    -  1.00e+00 1.00e+00H  1
 578  3.7374440e+00 3.03e-03 1.75e-01  -4.7 1.69e-01    -  1.00e+00 9.03e-01f  1
 579  3.7531937e+00 2.67e-03 3.77e-02  -4.8 1.14e-01    -  1.00e+00 1.00e+00h  1
iter    objective    inf_pr   inf_du lg(mu)  ||d||  lg(rg) alpha_du alpha_pr  ls
 580  3.7251429e+00 1.61e-03 6.21e-03  -4.8 9.71e-02    -  1.00e+00 1.00e+00h  1
 581  3.7176236e+00 5.99e-04 3.46e-02  -5.2 4.48e-02    -  1.00e+00 9.55e-01h  1
 582  3.7136256e+00 3.02e-04 9.61e-02  -5.2 4.04e-02    -  1.00e+00 7.47e-01h  1
 583  3.7114605e+00 1.45e-03 3.53e-01  -5.5 1.18e-01    -  1.00e+00 2.52e-01h  2
 584  3.7090112e+00 4.87e-04 1.39e-01  -5.4 8.52e-02    -  1.00e+00 7.23e-01h  1
 585  3.7091279e+00 8.58e-04 2.41e-01  -4.9 3.48e-01    -  7.12e-01 2.74e-01h  1
 586  3.7075300e+00 2.73e-03 2.00e-01  -5.1 8.04e-01    -  3.32e-01 1.57e-01h  2
 587  3.7088764e+00 2.31e-03 1.51e-01  -4.8 1.00e+00    -  3.33e-01 1.55e-01h  2
 588  3.7085785e+00 2.26e-03 2.23e-01  -5.0 6.35e-01    -  6.74e-01 2.15e-01h  2
 589  3.7050836e+00 3.22e-03 3.01e-01  -5.0 1.49e+00    -  5.02e-01 1.35e-01h  1
iter    objective    inf_pr   inf_du lg(mu)  ||d||  lg(rg) alpha_du alpha_pr  ls
 590  3.7036645e+00 4.42e-03 3.72e-01  -5.1 1.51e+00    -  4.99e-01 1.38e-01h  1
 591  3.7042384e+00 5.94e-03 5.50e-01  -4.7 1.29e+00    -  6.30e-01 1.29e-01h  2
 592  3.7214069e+00 4.57e-03 3.36e-01  -4.9 5.13e-01    -  4.22e-01 5.09e-01H  1
 593  3.7249432e+00 1.78e-03 3.64e-02  -4.9 1.54e-01    -  7.80e-01 8.92e-01h  1
 594  3.7012897e+00 9.65e-04 2.87e-01  -4.9 1.09e-01    -  7.11e-01 4.62e-01f  1
 595  3.7020309e+00 1.05e-03 9.43e-03  -4.6 9.61e-02    -  1.00e+00 1.00e+00f  1
 596  3.7024851e+00 7.29e-04 4.73e-02  -5.1 7.71e-02    -  9.62e-01 9.17e-01h  1
 597  3.6907962e+00 2.05e-04 1.64e-01  -5.8 7.20e-02    -  8.23e-01 5.47e-01h  1
 598  3.6883744e+00 2.85e-04 7.48e-02  -5.3 4.53e-02    -  1.00e+00 8.13e-01h  1
 599  3.6846338e+00 1.39e-04 1.87e-01  -5.9 2.49e-02    -  1.00e+00 6.13e-01h  1
iter    objective    inf_pr   inf_du lg(mu)  ||d||  lg(rg) alpha_du alpha_pr  ls
 600  3.6830795e+00 2.53e-05 4.12e-02  -5.9 1.46e-02    -  1.00e+00 8.08e-01h  1
 601  3.6827033e+00 4.70e-05 7.61e-02  -5.6 4.36e-02    -  1.00e+00 6.02e-01h  1
 602  3.6819000e+00 9.44e-05 3.28e-01  -5.6 1.90e-01    -  9.95e-01 1.76e-01h  1
 603  3.6839520e+00 5.96e-04 2.85e-01  -5.1 6.24e-01    -  2.73e-01 2.07e-01h  1
 604  3.6824882e+00 8.24e-04 2.69e-01  -5.5 3.47e-01    -  5.48e-01 2.57e-01h  2
 605  3.6804534e+00 1.23e-03 7.86e-02  -5.5 6.35e-01    -  5.32e-01 2.40e-01h  2
 606  3.6788090e+00 1.51e-03 3.88e-01  -5.4 7.06e-01    -  4.56e-01 1.40e-01h  2
 607  3.6788363e+00 1.49e-03 3.46e-01  -5.1 5.11e-01    -  3.20e-01 2.06e-01h  1
 608  3.6774483e+00 1.18e-03 7.67e-01  -5.3 8.98e-02    -  1.00e+00 2.15e-01h  1
 609  3.6758952e+00 1.75e-03 8.62e-03  -5.3 3.23e-02    -  1.00e+00 1.00e+00h  1
iter    objective    inf_pr   inf_du lg(mu)  ||d||  lg(rg) alpha_du alpha_pr  ls
 610  3.6759493e+00 1.23e-03 1.04e+00  -5.0 6.05e-02    -  1.00e+00 2.98e-01h  1
 611  3.6814797e+00 1.68e-05 2.95e-02  -5.0 1.25e-01    -  9.54e-01 1.00e+00H  1
 612  3.6771918e+00 2.74e-03 4.44e-01  -5.4 1.84e-01    -  1.00e+00 4.75e-01h  2
 613  3.6734839e+00 1.33e-03 3.61e-01  -5.5 1.32e-01    -  7.44e-01 5.17e-01h  1
 614  3.6726679e+00 6.63e-04 5.17e-01  -5.2 4.14e-02    -  1.00e+00 5.00e-01f  2
 615  3.6709523e+00 7.34e-04 2.11e-03  -5.4 1.85e-02    -  1.00e+00 1.00e+00h  1
 616  3.6696483e+00 2.49e-04 4.83e-03  -5.5 9.06e-02    -  1.00e+00 1.00e+00h  1
 617  3.6712461e+00 3.26e-03 6.47e-02  -4.8 2.20e+00    -  2.97e-01 1.34e-01h  1
 618  3.6699516e+00 3.08e-03 4.68e-02  -5.2 5.84e+00    -  1.96e-01 4.99e-02h  3
 619  3.6690568e+00 3.18e-03 9.94e-02  -5.2 8.15e+00    -  1.42e-01 2.95e-02h  3
iter    objective    inf_pr   inf_du lg(mu)  ||d||  lg(rg) alpha_du alpha_pr  ls
 620  3.6683713e+00 3.25e-03 2.08e-01  -4.9 3.99e+00    -  2.96e-01 3.61e-02h  4
 621  3.6675527e+00 3.31e-03 2.25e-01  -5.1 2.80e+00    -  3.08e-01 7.84e-02h  3
 622  3.6651146e+00 3.49e-02 1.88e-01  -4.7 1.47e+01    -  1.54e-01 1.18e-01h  1
 623  3.6708518e+00 3.63e-02 2.11e-01  -4.3 3.15e+01    -  9.84e-02 1.89e-02h  1
 624  3.6717246e+00 3.33e-02 2.15e-01  -5.0 6.12e+00    -  1.24e-01 1.17e-01h  1
 625  3.6691262e+00 2.99e-02 2.85e-01  -5.0 1.01e+01    -  4.01e-02 9.38e-02h  1
 626  3.6642372e+00 3.05e-02 3.00e-01  -5.0 2.29e+01    -  7.79e-02 4.12e-02h  2
 627  3.6565343e+00 3.12e-02 3.32e-01  -4.5 3.27e+01    -  1.01e-01 2.24e-02h  3
 628  3.6506687e+00 3.14e-02 3.53e-01  -4.5 2.82e+01    -  8.47e-02 2.13e-02h  3
 629  3.6434432e+00 3.08e-02 5.60e-01  -5.6 1.53e+01    -  1.06e-01 2.93e-02h  3
iter    objective    inf_pr   inf_du lg(mu)  ||d||  lg(rg) alpha_du alpha_pr  ls
 630  3.6378383e+00 2.98e-02 5.54e-01  -4.5 1.34e+01    -  1.60e-01 3.68e-02h  3
 631  3.7189367e+00 3.02e-02 5.61e-01  -3.9 1.25e+01    -  8.84e-02 6.53e-02h  2
 632  3.7400424e+00 2.30e-02 2.77e-01  -4.7 1.33e+00    -  1.70e-01 2.40e-01h  1
 633  3.6623111e+00 1.35e-02 1.93e-01  -4.7 1.27e+00    -  6.47e-01 4.82e-01h  1
 634  3.6609011e+00 1.48e-02 3.71e-01  -4.1 5.37e+00    -  2.03e-01 1.50e-01f  2
 635  3.6604127e+00 1.38e-02 1.08e+00  -4.1 2.12e+00    -  3.63e-01 8.39e-02h  3
 636  3.6373818e+00 7.09e-03 4.54e-01  -4.9 2.96e-01    -  8.44e-01 5.03e-01h  1
 637  3.6197309e+00 4.84e-03 3.63e-01  -5.4 4.86e-01    -  7.17e-01 3.36e-01h  1
 638  3.6813101e+00 2.83e-03 8.68e-02  -4.4 5.38e-01    -  8.44e-01 7.27e-01h  1
 639  3.6503297e+00 9.38e-04 3.02e-02  -4.6 1.28e-01    -  1.00e+00 1.00e+00h  1
iter    objective    inf_pr   inf_du lg(mu)  ||d||  lg(rg) alpha_du alpha_pr  ls
 640  3.6361168e+00 1.61e-03 3.73e-02  -4.3 2.52e-01    -  1.00e+00 1.00e+00h  1
 641  3.6753691e+00 3.50e-04 2.90e-01  -4.6 2.44e-01    -  9.98e-01 7.86e-01H  1
 642  3.6160089e+00 5.56e-04 1.40e-02  -4.7 9.78e-02    -  1.00e+00 1.00e+00h  1
 643  3.6075744e+00 1.35e-03 6.59e-02  -5.4 7.19e-02    -  1.00e+00 7.74e-01h  1
 644  3.6058140e+00 1.20e-03 4.05e-01  -5.0 2.54e-01    -  1.00e+00 1.38e-01h  3
 645  3.5987360e+00 1.09e-03 6.00e-02  -5.3 1.33e-01    -  1.00e+00 8.36e-01h  1
 646  3.5981124e+00 7.56e-04 5.75e-01  -4.9 8.55e-01    -  1.00e+00 1.87e-01h  2
 647  3.5972944e+00 1.79e-03 5.22e-01  -4.9 1.35e+00    -  5.88e-01 8.69e-02h  4
 648  3.5996557e+00 2.46e-03 3.86e-01  -4.7 1.39e+00    -  4.02e-01 2.36e-01h  3
 649  3.5985555e+00 2.72e-03 4.16e-01  -4.9 4.47e+00    -  2.19e-01 3.73e-02h  4
iter    objective    inf_pr   inf_du lg(mu)  ||d||  lg(rg) alpha_du alpha_pr  ls
 650  3.5969177e+00 2.85e-03 2.62e-01  -4.9 3.34e+00    -  3.43e-01 4.89e-02h  4
 651  3.6508565e+00 5.53e-02 3.43e-01  -4.1 1.06e+01    -  9.95e-02 1.57e-01f  1
 652  3.6436327e+00 5.48e-02 3.92e-01  -4.8 1.50e+01    -  1.95e-01 4.09e-02h  2
 653  3.6352667e+00 5.46e-02 2.88e-01  -4.8 2.04e+01    -  1.26e-01 3.84e-02h  1
 654  3.6262672e+00 5.37e-02 2.46e-01  -4.8 2.54e+01    -  7.88e-02 3.26e-02h  3
 655  3.6144218e+00 5.16e-02 2.60e-01  -4.8 2.14e+01    -  7.08e-02 3.22e-02h  3
 656  3.6061183e+00 4.84e-02 2.73e-01  -4.8 1.85e+01    -  5.92e-02 5.88e-02h  2
 657  3.6086264e+00 4.62e-02 2.72e-01  -4.8 1.46e+01    -  5.87e-02 4.55e-02h  2
 658  3.6789363e+00 4.08e-02 1.86e-01  -4.8 2.43e+00    -  1.81e-01 2.17e-01H  1
 659  3.5914436e+00 1.47e-02 3.87e-01  -4.8 2.60e-01    -  4.85e-01 6.55e-01h  1
iter    objective    inf_pr   inf_du lg(mu)  ||d||  lg(rg) alpha_du alpha_pr  ls
 660  3.5898674e+00 6.07e-03 3.96e-01  -4.2 2.95e-01    -  7.02e-01 8.89e-01f  1
 661  3.6617908e+00 1.03e-03 5.55e-02  -4.3 1.22e-01    -  9.65e-01 1.00e+00h  1
 662  3.5828805e+00 7.96e-04 1.30e-02  -4.4 1.11e-01    -  1.00e+00 1.00e+00h  1
 663  3.5659879e+00 7.34e-04 9.52e-03  -4.8 8.75e-02    -  1.00e+00 1.00e+00h  1
 664  3.5718339e+00 2.20e-04 6.51e-02  -4.6 1.65e-01    -  1.00e+00 1.00e+00H  1
 665  3.5594247e+00 2.58e-03 1.97e-01  -4.9 1.84e-01    -  1.00e+00 8.02e-01h  1
 666  3.6045296e+00 9.09e-05 5.00e-01  -4.5 1.25e-01    -  6.00e-01 1.00e+00H  1
 667  3.5554615e+00 3.58e-04 1.16e-02  -4.7 1.05e-01    -  1.00e+00 9.85e-01h  1
 668  3.5445789e+00 1.11e-03 2.23e-01  -5.0 1.01e-01    -  1.00e+00 8.27e-01h  1
 669  3.5416617e+00 1.00e-03 2.70e-01  -5.0 1.32e-01    -  1.00e+00 7.02e-01h  1
iter    objective    inf_pr   inf_du lg(mu)  ||d||  lg(rg) alpha_du alpha_pr  ls
 670  3.5427487e+00 4.58e-04 6.04e-02  -5.0 2.68e-01    -  1.00e+00 8.77e-01H  1
 671  3.5427448e+00 1.19e-03 5.46e-01  -5.0 3.75e-01    -  7.42e-01 2.59e-01h  2
 672  3.5431524e+00 4.60e-05 1.50e-01  -5.1 7.52e-02    -  7.44e-01 1.00e+00H  1
 673  3.5310964e+00 4.71e-04 5.74e-01  -5.6 6.33e-02    -  1.00e+00 5.50e-01h  1
 674  3.5283330e+00 3.32e-04 6.57e-03  -5.4 6.61e-02    -  1.00e+00 1.00e+00h  1
 675  3.5311642e+00 3.08e-04 2.02e-02  -5.4 1.22e-01    -  8.92e-01 7.84e-01H  1
 676  3.5264124e+00 2.21e-04 9.58e-02  -5.8 9.78e-02    -  1.00e+00 5.96e-01h  1
 677  3.5250399e+00 4.94e-04 2.32e-01  -5.5 1.29e-01    -  1.00e+00 2.40e-01h  2
 678  3.5229791e+00 5.71e-04 7.93e-03  -6.0 4.64e-02    -  1.00e+00 9.48e-01h  1
 679  3.5226277e+00 1.33e-03 1.59e-01  -6.2 1.59e-01    -  9.28e-01 4.21e-01h  1
iter    objective    inf_pr   inf_du lg(mu)  ||d||  lg(rg) alpha_du alpha_pr  ls
 680  3.5221525e+00 1.15e-03 4.39e-01  -5.7 2.58e-01    -  1.00e+00 1.31e-01h  1
 681  3.5216288e+00 1.23e-03 3.93e-01  -5.4 1.50e+00    -  1.13e-01 1.25e-01h  1
 682  3.5229598e+00 3.00e-03 3.01e-01  -5.1 2.26e+00    -  1.80e-01 1.25e-01h  1
 683  3.5219298e+00 3.04e-03 2.55e-01  -5.6 1.69e+00    -  1.98e-01 3.85e-02h  3
 684  3.5329132e+00 3.07e-03 1.22e-01  -5.6 5.92e-01    -  2.78e-01 4.23e-01H  1
 685  3.5275139e+00 1.20e-03 5.69e-02  -5.6 1.28e-01    -  4.83e-01 5.93e-01h  1
 686  3.5198364e+00 8.63e-04 2.12e-01  -5.6 8.86e-02    -  5.33e-01 2.80e-01f  1
 687  3.5182065e+00 7.03e-04 1.26e+00  -5.3 6.98e-02    -  9.26e-01 1.84e-01f  1
 688  3.5176790e+00 3.41e-04 3.68e-01  -5.4 9.42e-02    -  7.71e-01 1.00e+00h  1
 689  3.5249894e+00 1.52e-04 1.62e-01  -5.0 1.19e-01    -  8.22e-01 6.73e-01H  1
iter    objective    inf_pr   inf_du lg(mu)  ||d||  lg(rg) alpha_du alpha_pr  ls
 690  3.5177213e+00 1.86e-04 5.72e-03  -5.1 6.12e-02    -  1.00e+00 1.00e+00h  1
 691  3.5199138e+00 7.28e-05 1.73e-02  -5.1 4.98e-02    -  9.89e-01 1.00e+00h  1
 692  3.5137983e+00 4.81e-05 6.29e-02  -5.8 3.72e-02    -  1.00e+00 8.59e-01h  1
 693  3.5125854e+00 2.05e-05 2.63e-01  -6.0 9.16e-03    -  1.00e+00 6.71e-01h  1
 694  3.5117380e+00 3.74e-05 6.71e-02  -6.0 3.59e-02    -  1.00e+00 4.36e-01h  1
 695  3.5110327e+00 1.58e-04 3.95e-01  -6.1 1.12e-01    -  1.00e+00 2.52e-01h  1
 696  3.5104125e+00 7.44e-04 1.82e-01  -5.7 3.91e-01    -  7.90e-01 1.58e-01h  2
 697  3.5106171e+00 6.66e-04 1.66e-01  -5.5 5.29e-01    -  5.28e-01 2.01e-01h  2
 698  3.5097766e+00 9.71e-04 1.52e-01  -5.7 5.67e-01    -  4.15e-01 2.12e-01h  2
 699  3.5101602e+00 1.50e-03 1.72e-01  -5.4 1.17e+00    -  3.28e-01 1.55e-01h  2
iter    objective    inf_pr   inf_du lg(mu)  ||d||  lg(rg) alpha_du alpha_pr  ls
 700  3.5085345e+00 3.41e-03 1.49e-01  -5.6 2.29e+00    -  1.40e-01 1.20e-01h  1
 701  3.5081875e+00 3.35e-03 2.25e-01  -5.1 1.25e+00    -  1.91e-01 5.63e-02f  2
 702  3.5132399e+00 1.45e-03 5.52e-02  -5.1 1.05e-01    -  5.10e-01 6.12e-01h  1
 703  3.5093255e+00 6.34e-04 2.21e-02  -5.3 7.05e-02    -  9.23e-01 9.02e-01h  1
 704  3.5070809e+00 3.63e-04 8.02e-01  -5.4 6.25e-02    -  1.00e+00 4.61e-01f  2
 705  3.5042560e+00 4.09e-04 5.73e-02  -5.6 6.12e-02    -  1.00e+00 9.49e-01h  1
 706  3.5039234e+00 3.84e-04 5.13e-01  -5.6 2.02e-01    -  1.00e+00 2.89e-01h  2
 707  3.5036625e+00 3.87e-04 2.37e-01  -5.7 1.66e-01    -  1.00e+00 5.93e-01H  1
 708  3.5029422e+00 3.62e-04 1.99e-01  -7.8 2.20e-01    -  3.73e-01 7.32e-02h  1
 709  3.5017783e+00 2.57e-04 3.99e-01  -5.5 2.05e-01    -  8.70e-01 2.34e-01h  2
iter    objective    inf_pr   inf_du lg(mu)  ||d||  lg(rg) alpha_du alpha_pr  ls
 710  3.5109562e+00 3.82e-04 9.05e-02  -5.2 1.45e-01    -  7.76e-01 7.76e-01H  1
 711  3.5036230e+00 1.29e-03 1.38e-01  -5.4 6.34e-02    -  8.29e-01 1.00e+00h  1
 712  3.5048265e+00 1.52e-04 9.92e-03  -5.4 5.54e-02    -  1.00e+00 1.00e+00h  1
 713  3.5008959e+00 5.02e-05 3.35e-03  -5.4 3.95e-02    -  1.00e+00 1.00e+00h  1
 714  3.4988756e+00 5.41e-05 1.05e-01  -6.1 2.55e-02    -  1.00e+00 8.18e-01h  1
 715  3.4978163e+00 5.31e-05 1.12e-01  -6.1 6.24e-02    -  1.00e+00 5.59e-01h  1
 716  3.4971779e+00 4.71e-04 2.06e-01  -5.8 2.90e-01    -  9.04e-01 3.90e-01h  1
 717  3.5053662e+00 2.40e-03 1.68e-01  -4.5 7.29e-01    -  9.93e-02 1.68e-01f  1
 718  3.5023356e+00 2.12e-03 1.32e-01  -5.4 5.52e-01    -  2.44e-01 2.05e-01h  1
 719  3.5018645e+00 2.11e-03 3.68e-01  -5.4 1.06e+00    -  3.29e-01 1.13e-01h  1
iter    objective    inf_pr   inf_du lg(mu)  ||d||  lg(rg) alpha_du alpha_pr  ls
 720  3.4981763e+00 1.21e-03 2.55e-01  -5.4 4.45e-01    -  2.91e-01 2.69e-01h  1
 721  3.4986728e+00 8.17e-04 2.05e-01  -5.4 1.63e-01    -  4.13e-01 3.53e-01H  1
 722  3.4948636e+00 6.93e-05 7.03e-02  -5.4 6.39e-02    -  9.30e-01 1.00e+00f  1
 723  3.4925958e+00 6.44e-05 3.98e-01  -6.2 5.47e-02    -  1.00e+00 6.24e-01h  1
 724  3.4919794e+00 1.51e-04 2.45e-01  -5.9 1.65e-01    -  1.00e+00 4.76e-01h  1
 725  3.4918858e+00 1.36e-04 2.80e-01  -5.5 3.94e-01    -  8.99e-01 1.92e-01h  2
 726  3.4911963e+00 1.53e-03 3.93e-01  -5.6 5.03e-01    -  5.94e-01 2.33e-01h  2
 727  3.4908610e+00 1.20e-03 2.25e-01  -5.3 1.70e+00    -  2.99e-01 6.67e-02h  3
 728  3.4900503e+00 8.59e-04 2.40e-01  -6.9 1.02e+00    -  1.87e-01 9.98e-02h  3
 729  3.4928290e+00 1.09e-03 2.50e-01  -4.9 1.68e+00    -  2.79e-01 1.55e-01h  2
iter    objective    inf_pr   inf_du lg(mu)  ||d||  lg(rg) alpha_du alpha_pr  ls
 730  3.4928934e+00 2.89e-03 2.29e-01  -5.4 3.64e+00    -  1.40e-01 6.83e-02h  2
 731  3.4912303e+00 2.62e-03 2.82e-01  -5.4 4.04e+00    -  2.36e-01 8.06e-02h  1
 732  3.4892460e+00 6.44e-03 2.83e-01  -5.4 1.56e+01    -  9.66e-02 4.30e-02h  2
 733  3.4883521e+00 1.17e-02 2.57e-01  -5.1 1.97e+01    -  6.08e-02 3.22e-02h  2
 734  3.4861218e+00 1.70e-02 2.19e-01  -5.3 2.13e+01    -  7.27e-02 3.22e-02h  1
 735  3.4840524e+00 1.79e-02 2.19e-01  -5.0 1.66e+01    -  7.09e-02 2.10e-02h  3
 736  3.4851305e+00 3.22e-02 3.06e-01  -4.5 2.37e+01    -  9.04e-02 4.72e-02h  2
 737  3.4841314e+00 3.81e-02 3.61e-01  -5.2 4.72e+01    -  5.06e-02 1.52e-02h  2
 738  3.4805504e+00 4.17e-02 4.04e-01  -5.2 4.09e+01    -  7.19e-02 1.58e-02h  2
 739  3.4777913e+00 4.23e-02 4.20e-01  -7.2 4.82e+01    -  2.47e-02 6.12e-03h  4
iter    objective    inf_pr   inf_du lg(mu)  ||d||  lg(rg) alpha_du alpha_pr  ls
 740  3.4766570e+00 4.12e-02 4.16e-01  -4.6 7.11e+00    -  1.01e-01 5.97e-02h  2
 741  3.4766004e+00 4.00e-02 5.05e-01  -4.4 6.70e+00    -  2.80e-01 7.39e-02h  2
 742  3.4837121e+00 3.64e-02 5.57e-01  -4.5 3.87e+00    -  3.69e-01 1.25e-01h  2
 743  3.6547369e+00 2.74e-02 3.99e-01  -4.7 1.46e+00    -  3.25e-01 2.89e-01h  1
 744  3.4903719e+00 1.02e-02 5.52e-01  -4.8 6.47e-01    -  2.60e-01 6.50e-01h  1
 745  3.5443981e+00 6.97e-03 2.61e-01  -4.8 8.81e-01    -  3.30e-01 4.20e-01h  1
 746  3.4745564e+00 5.55e-04 5.42e-01  -4.8 1.88e-01    -  3.31e-01 1.00e+00h  1
 747  3.4589360e+00 1.43e-04 1.27e+00  -5.2 5.26e-02    -  1.00e+00 6.40e-01h  1
 748  3.4557095e+00 3.30e-04 5.09e-01  -5.7 2.74e-02    -  1.00e+00 3.04e-01h  1
 749  3.4511263e+00 3.17e-04 6.27e-01  -5.7 2.31e-02    -  1.00e+00 3.98e-01h  1
iter    objective    inf_pr   inf_du lg(mu)  ||d||  lg(rg) alpha_du alpha_pr  ls
 750  3.4492427e+00 8.09e-04 3.66e-01  -5.2 5.14e-02    -  1.00e+00 6.34e-01h  1
 751  3.4475804e+00 1.05e-03 4.88e-02  -5.3 4.02e-02    -  1.00e+00 7.97e-01h  1
 752  3.4469149e+00 1.50e-03 6.35e-02  -5.3 5.60e-02    -  1.00e+00 9.11e-01h  1
 753  3.4449391e+00 2.89e-04 1.18e-02  -5.7 3.57e-02    -  1.00e+00 9.76e-01h  1
 754  3.4424045e+00 9.14e-05 2.54e-02  -6.0 2.34e-02    -  1.00e+00 9.22e-01h  1
 755  3.4419516e+00 1.12e-03 1.99e-01  -6.2 2.63e-02    -  1.00e+00 5.26e-01h  1
 756  3.4419385e+00 9.84e-04 8.27e-02  -5.5 1.73e-01    -  5.54e-01 3.33e-01h  1
 757  3.4411552e+00 5.84e-04 2.07e-01  -5.7 3.95e-01    -  4.40e-01 1.59e-01h  1
 758  3.4417138e+00 1.91e-03 1.67e-01  -5.5 1.08e+00    -  1.93e-01 1.91e-01h  1
 759  3.4407107e+00 2.03e-03 3.57e-01  -5.7 1.35e+00    -  3.40e-01 7.47e-02h  2
iter    objective    inf_pr   inf_du lg(mu)  ||d||  lg(rg) alpha_du alpha_pr  ls
 760  3.4421377e+00 1.73e-03 2.96e-01  -5.1 6.62e-01    -  2.19e-01 1.74e-01h  2
 761  3.4425257e+00 1.23e-03 2.18e-01  -5.6 2.71e-01    -  4.93e-01 5.20e-01h  1
 762  3.4397746e+00 1.11e-03 1.13e-01  -5.6 4.80e-01    -  3.05e-01 1.84e-01h  2
 763  3.4383473e+00 7.31e-04 3.09e-01  -5.8 1.19e-01    -  5.05e-01 3.51e-01h  1
 764  3.4374602e+00 1.07e-03 7.10e-01  -5.4 9.00e-02    -  5.38e-01 1.00e+00h  1
 765  3.4503164e+00 5.42e-05 2.02e-01  -5.2 1.07e-01    -  8.06e-01 9.61e-01H  1
 766  3.4362788e+00 5.50e-04 6.66e-03  -5.5 6.80e-02    -  1.00e+00 1.00e+00h  1
 767  3.4348549e+00 9.63e-05 5.52e-02  -5.7 1.77e-02    -  1.00e+00 9.50e-01h  1
 768  3.4338815e+00 5.86e-04 1.54e-01  -6.3 3.91e-02    -  1.00e+00 5.58e-01h  1
 769  3.4348320e+00 1.03e-03 1.96e-01  -5.6 2.06e-01    -  1.00e+00 6.23e-01h  1
iter    objective    inf_pr   inf_du lg(mu)  ||d||  lg(rg) alpha_du alpha_pr  ls
 770  3.4340199e+00 1.23e-03 1.65e-01  -5.7 1.18e+00    -  2.51e-01 9.77e-02h  2
 771  3.4332792e+00 9.56e-04 2.04e-01  -5.7 3.65e+00    -  1.71e-01 2.93e-02h  3
 772  3.4330585e+00 1.05e-02 1.82e-01  -5.6 2.73e+00    -  2.14e-01 6.24e-02h  2
 773  3.4328284e+00 9.83e-03 2.20e-01  -5.6 3.47e+00    -  1.97e-01 6.16e-02h  2
 774  3.4425819e+00 8.24e-03 1.70e-01  -4.8 3.15e+00    -  1.21e-01 1.49e-01h  1
 775  3.4412124e+00 7.60e-03 1.86e-01  -5.5 2.69e+00    -  1.89e-01 7.42e-02h  2
 776  3.4380629e+00 7.61e-03 2.41e-01  -5.5 3.31e+00    -  2.98e-01 1.79e-01h  1
 777  3.4342604e+00 7.77e-03 2.55e-01  -5.5 6.84e+00    -  7.99e-02 2.69e-02h  2
 778  3.4352104e+00 7.11e-03 2.48e-01  -5.5 1.87e+00    -  1.41e-01 1.21e-01h  1
 779  3.4307889e+00 5.20e-03 2.14e-01  -5.5 3.34e-01    -  1.27e-01 2.67e-01h  1
iter    objective    inf_pr   inf_du lg(mu)  ||d||  lg(rg) alpha_du alpha_pr  ls
 780  3.4373298e+00 2.99e-03 3.82e-01  -4.6 1.44e-01    -  2.95e-01 5.31e-01f  1
 781  3.4497732e+00 1.15e-03 3.68e-02  -5.1 1.29e-01    -  9.27e-01 1.00e+00h  1
 782  3.4278935e+00 5.88e-04 5.39e-03  -5.1 7.28e-02    -  1.00e+00 1.00e+00h  1
 783  3.4242502e+00 1.01e-04 1.25e-01  -5.4 6.04e-02    -  1.00e+00 8.15e-01h  1
 784  3.4220644e+00 2.09e-04 1.81e-01  -5.7 9.33e-02    -  1.00e+00 5.25e-01h  1
 785  3.4221764e+00 1.76e-04 1.40e-01  -5.4 1.22e-01    -  1.00e+00 7.05e-01H  1
 786  3.4271364e+00 1.39e-04 1.84e-01  -5.4 1.17e-01    -  9.41e-01 7.49e-01H  1
 787  3.4251258e+00 6.95e-04 2.29e-01  -5.1 8.11e-02    -  7.87e-01 1.00e+00h  1
 788  3.4270372e+00 1.74e-04 4.84e-02  -5.3 7.52e-02    -  8.76e-01 8.96e-01h  1
 789  3.4200790e+00 2.02e-04 3.05e-03  -5.3 6.28e-02    -  1.00e+00 1.00e+00f  1
iter    objective    inf_pr   inf_du lg(mu)  ||d||  lg(rg) alpha_du alpha_pr  ls
 790  3.4190878e+00 2.44e-04 1.71e-02  -5.6 6.79e-02    -  1.00e+00 9.39e-01h  1
 791  3.4182132e+00 1.44e-04 9.46e-03  -5.4 4.81e-02    -  1.00e+00 1.00e+00h  1
 792  3.4378201e+00 4.14e-05 2.86e-02  -5.4 1.39e-01    -  9.84e-01 9.90e-01H  1
 793  3.4174327e+00 1.36e-04 5.32e-02  -5.5 7.63e-02    -  1.00e+00 7.60e-01h  1
 794  3.4150383e+00 6.99e-05 4.33e-01  -5.9 3.59e-02    -  1.00e+00 4.91e-01h  1
 795  3.4134028e+00 1.97e-04 1.82e-01  -6.2 8.59e-02    -  1.00e+00 6.55e-01h  1
 796  3.4130045e+00 1.97e-04 1.63e-01  -5.9 3.02e-01    -  7.29e-01 1.55e-01h  2
 797  3.4125406e+00 4.87e-04 2.50e-01  -5.7 4.71e-01    -  5.41e-01 2.20e-01h  1
 798  3.4120049e+00 8.93e-04 2.63e-01  -7.5 1.26e+00    -  1.01e-01 2.60e-02h  1
 799  3.4117071e+00 8.51e-04 1.49e-01  -5.4 1.55e+00    -  2.65e-01 5.46e-02h  3
iter    objective    inf_pr   inf_du lg(mu)  ||d||  lg(rg) alpha_du alpha_pr  ls
 800  3.4111735e+00 7.51e-04 1.23e-01  -6.3 6.62e-01    -  1.43e-01 8.10e-02h  3
 801  3.4131620e+00 2.92e-03 1.14e-01  -4.5 2.48e+00    -  9.61e-02 9.39e-02f  1
 802  3.4125488e+00 2.70e-03 2.09e-01  -5.4 1.94e+00    -  2.74e-01 6.73e-02h  2
 803  3.4112447e+00 2.98e-03 3.94e-01  -5.4 1.86e+00    -  2.59e-01 7.74e-02h  3
 804  3.4100831e+00 3.46e-03 3.86e-01  -5.4 3.00e+00    -  1.24e-01 5.19e-02h  3
 805  3.4126628e+00 4.69e-03 4.01e-01  -4.8 2.54e+00    -  2.58e-01 1.04e-01h  2
 806  3.4115179e+00 4.41e-03 4.12e-01  -5.3 1.47e+00    -  1.76e-01 7.64e-02h  3
 807  3.4287240e+00 3.11e-03 2.33e-01  -5.3 7.66e-01    -  4.41e-01 3.60e-01H  1
 808  3.4169242e+00 2.71e-03 1.58e-01  -5.3 1.40e-01    -  9.28e-01 7.61e-01h  1
 809  3.4077930e+00 1.64e-03 1.26e-01  -5.3 1.49e-01    -  3.41e-01 3.77e-01f  1
iter    objective    inf_pr   inf_du lg(mu)  ||d||  lg(rg) alpha_du alpha_pr  ls
 810  3.4056183e+00 9.48e-04 1.74e-01  -5.3 7.32e-02    -  1.00e+00 5.00e-01f  2
 811  3.4040254e+00 2.33e-04 8.05e-03  -5.5 5.49e-02    -  1.00e+00 1.00e+00h  1
 812  3.4026845e+00 1.70e-04 1.54e-01  -5.8 7.42e-02    -  1.00e+00 3.62e-01h  1
 813  3.4011402e+00 2.24e-04 2.86e-01  -6.2 7.05e-02    -  1.00e+00 5.60e-01h  1
 814  3.4021583e+00 1.71e-05 3.07e-02  -5.7 3.88e-02    -  1.00e+00 9.50e-01H  1
 815  3.4001105e+00 4.06e-05 4.71e-02  -6.1 3.60e-02    -  1.00e+00 8.55e-01h  1
 816  3.3997145e+00 5.15e-05 2.51e-02  -6.4 3.06e-02    -  1.00e+00 8.74e-01h  1
 817  3.3987197e+00 2.65e-05 1.16e-01  -6.4 2.90e-02    -  1.00e+00 6.33e-01h  1
 818  3.3982614e+00 5.00e-05 1.51e-01  -6.6 7.56e-02    -  1.00e+00 4.44e-01h  1
 819  3.3978897e+00 7.74e-05 3.83e-01  -6.6 2.67e-01    -  6.26e-01 1.11e-01h  1
iter    objective    inf_pr   inf_du lg(mu)  ||d||  lg(rg) alpha_du alpha_pr  ls
 820  3.3977222e+00 6.02e-04 3.75e-01  -5.8 7.73e-01    -  1.80e-01 1.35e-01h  1
 821  3.3974589e+00 6.14e-04 3.40e-01  -6.0 5.27e-01    -  2.12e-01 6.23e-02h  1
 822  3.3972659e+00 8.65e-04 1.19e-01  -5.7 3.07e-01    -  4.63e-01 2.73e-01h  2
 823  3.3970385e+00 1.60e-03 9.13e-02  -5.7 7.20e-01    -  2.40e-01 1.83e-01h  1
 824  3.3962385e+00 2.40e-03 8.48e-02  -5.1 2.23e+00    -  1.73e-01 5.34e-02h  1
 825  3.3962017e+00 2.50e-03 1.10e-01  -5.4 1.56e+00    -  1.88e-01 4.13e-02h  3
 826  3.4015039e+00 2.76e-03 5.50e-02  -5.7 3.96e-01    -  4.73e-01 4.86e-01h  1
 827  3.3974870e+00 2.04e-03 1.27e-01  -5.7 3.59e-01    -  6.92e-01 4.33e-01h  1
 828  3.3960536e+00 1.89e-03 1.32e-01  -5.7 3.14e-01    -  1.22e-01 1.41e-01h  1
 829  3.3935808e+00 3.10e-04 1.06e-01  -5.9 6.29e-02    -  8.30e-01 1.00e+00f  1
iter    objective    inf_pr   inf_du lg(mu)  ||d||  lg(rg) alpha_du alpha_pr  ls
 830  3.3980323e+00 4.38e-04 9.79e-03  -5.3 3.81e-02    -  9.99e-01 1.00e+00h  1
 831  3.3951248e+00 2.14e-05 1.79e-03  -5.4 2.42e-02    -  1.00e+00 1.00e+00h  1
 832  3.3932091e+00 1.07e-05 1.52e-03  -5.8 1.10e-02    -  1.00e+00 1.00e+00h  1
 833  3.3921322e+00 8.92e-05 1.00e-01  -6.3 3.03e-02    -  1.00e+00 6.87e-01h  1
 834  3.3918620e+00 1.98e-04 2.04e-01  -5.8 1.88e-01    -  1.00e+00 3.79e-01h  1
 835  3.3916292e+00 1.96e-04 1.28e-01  -5.2 6.00e-01    -  4.07e-01 1.15e-01h  1
 836  3.3922454e+00 1.37e-03 1.82e-01  -5.2 1.37e+00    -  3.38e-01 8.82e-02h  3
 837  3.3922893e+00 1.16e-03 6.64e-02  -5.5 7.45e-01    -  4.69e-01 1.55e-01h  3
 838  3.3914918e+00 1.05e-03 5.73e-02  -5.5 1.38e+00    -  2.68e-01 9.78e-02h  3
 839  3.3960179e+00 3.88e-03 8.94e-02  -4.9 5.56e+00    -  1.55e-01 9.73e-02h  1
iter    objective    inf_pr   inf_du lg(mu)  ||d||  lg(rg) alpha_du alpha_pr  ls
 840  3.3949671e+00 3.91e-03 1.40e-01  -5.4 4.06e+00    -  1.23e-01 3.49e-02h  4
 841  3.3935009e+00 4.14e-03 2.00e-01  -5.4 4.04e+00    -  2.11e-01 6.21e-02h  3
 842  3.3913924e+00 4.18e-03 1.92e-01  -5.4 4.87e+00    -  3.58e-02 3.69e-02h  3
 843  3.3913200e+00 6.25e-03 1.76e-01  -4.8 7.18e+00    -  8.66e-02 9.06e-02h  2
 844  3.3916815e+00 7.45e-03 1.96e-01  -5.0 1.50e+01    -  7.69e-02 3.54e-02h  2
 845  3.3904383e+00 7.70e-03 1.84e-01  -5.3 8.30e+00    -  9.41e-02 3.89e-02h  2
 846  3.3918724e+00 7.34e-03 1.45e-01  -4.6 3.45e+00    -  2.17e-01 8.18e-02h  2
 847  3.3891483e+00 1.08e-02 1.20e-01  -5.1 4.02e+00    -  1.54e-01 1.71e-01h  2
 848  3.3902719e+00 1.42e-02 1.34e-01  -4.4 2.06e+01    -  1.43e-01 2.88e-02h  3
 849  3.3903136e+00 1.81e-02 1.94e-01  -5.0 1.25e+01    -  1.59e-01 6.12e-02h  3
iter    objective    inf_pr   inf_du lg(mu)  ||d||  lg(rg) alpha_du alpha_pr  ls
 850  3.3901115e+00 1.78e-02 2.15e-01  -5.0 1.09e+01    -  1.18e-01 3.60e-02h  3
 851  3.3856257e+00 1.70e-02 3.83e-01  -5.0 5.39e+00    -  3.04e-01 6.89e-02h  3
 852  3.3837760e+00 1.76e-02 4.06e-01  -5.3 1.08e+01    -  1.69e-01 7.10e-02h  2
 853  3.4567630e+00 4.84e-02 3.70e-01  -3.8 2.41e+01    -  5.81e-02 9.17e-02f  1
 854  3.4633515e+00 4.98e-02 3.35e-01  -4.8 2.15e+01    -  7.51e-02 3.05e-02h  3
 855  3.5302520e+00 4.18e-02 3.25e-01  -4.8 2.91e+00    -  1.78e-01 2.18e-01h  1
 856  3.4440271e+00 2.96e-02 3.20e-01  -4.8 1.84e+00    -  2.72e-01 4.15e-01h  1
 857  3.3941346e+00 3.17e-02 2.81e-01  -4.8 7.97e+00    -  1.01e-01 9.42e-02h  2
 858  3.3840974e+00 3.05e-02 2.04e-01  -4.8 5.72e+00    -  1.16e-01 8.34e-02h  1
 859  3.3759979e+00 2.54e-02 1.97e-01  -4.8 7.35e-01    -  2.15e-01 1.66e-01f  1
iter    objective    inf_pr   inf_du lg(mu)  ||d||  lg(rg) alpha_du alpha_pr  ls
 860  3.3896828e+00 2.11e-03 2.71e-01  -4.5 4.36e-01    -  8.08e-01 1.00e+00f  1
 861  3.5294082e+00 1.43e-03 2.75e-01  -4.5 7.73e-01    -  5.92e-01 7.67e-01H  1
 862  3.3999602e+00 2.09e-03 1.28e-01  -4.6 3.79e-01    -  7.96e-01 1.00e+00f  1
 863  3.3835118e+00 1.72e-03 8.28e-02  -4.6 5.17e-01    -  4.85e-01 5.40e-01h  1
 864  3.3707400e+00 1.93e-03 1.04e+00  -4.8 1.46e-01    -  1.00e+00 4.47e-01h  2
 865  3.3704156e+00 5.45e-04 1.80e-02  -4.5 1.61e-01    -  1.00e+00 1.00e+00h  1
 866  3.3628913e+00 3.61e-04 1.56e-01  -5.1 6.25e-02    -  1.00e+00 7.17e-01h  1
 867  3.3506237e+00 1.73e-04 3.52e-02  -5.3 4.89e-02    -  1.00e+00 8.96e-01h  1
 868  3.3504275e+00 1.09e-04 7.90e-03  -5.2 3.81e-02    -  1.00e+00 1.00e+00h  1
 869  3.3452896e+00 2.68e-05 6.99e-02  -5.8 2.45e-02    -  1.00e+00 7.63e-01h  1
iter    objective    inf_pr   inf_du lg(mu)  ||d||  lg(rg) alpha_du alpha_pr  ls
 870  3.3440391e+00 3.20e-05 1.83e-01  -6.0 3.18e-02    -  1.00e+00 4.89e-01h  1
 871  3.3433089e+00 1.32e-04 1.71e-01  -5.7 1.36e-01    -  1.00e+00 3.40e-01h  1
 872  3.3418854e+00 5.57e-04 2.19e-01  -5.8 2.58e-01    -  1.00e+00 3.14e-01h  1
 873  3.3412890e+00 5.96e-04 2.13e-01  -5.5 8.74e-01    -  5.79e-01 9.36e-02h  2
 874  3.3411125e+00 8.18e-04 1.89e-01  -5.4 3.88e-01    -  6.38e-01 2.27e-01h  2
 875  3.3404691e+00 6.90e-04 1.85e-01  -5.4 5.84e-01    -  4.65e-01 1.54e-01h  2
 876  3.3393990e+00 6.88e-04 1.81e-01  -5.4 6.95e-01    -  5.92e-01 1.93e-01h  2
 877  3.3372226e+00 1.67e-03 5.75e+01  -5.1 2.94e+00    -  3.18e-01 8.84e-02h  2
 878  3.3418965e+00 1.56e-03 3.40e-01  -4.9 4.65e-01    -  2.83e-01 1.08e-01h  2
 879  3.3372240e+00 1.63e-03 1.38e+00  -5.3 1.72e+00    -  1.52e-01 4.66e-02h  1
iter    objective    inf_pr   inf_du lg(mu)  ||d||  lg(rg) alpha_du alpha_pr  ls
 880  3.3368883e+00 1.49e-03 1.23e+00  -5.3 1.13e-01    -  9.99e-01 8.65e-02h  1
 881  3.3348815e+00 1.53e-03 5.94e-01  -5.7 2.48e-01    -  4.03e-01 6.04e-01h  1
 882  3.3372042e+00 1.78e-03 5.88e-01  -4.9 1.06e+00    -  3.40e-01 1.42e-01h  2
 883  3.3410048e+00 1.61e-03 1.99e-01  -5.3 3.26e-01    -  5.56e-01 6.20e-01h  1
 884  3.3380051e+00 1.42e-03 9.05e-01  -5.3 4.55e-01    -  7.48e-01 2.19e-01h  2
 885  3.3729373e+00 3.39e-04 5.94e-02  -4.9 1.56e-01    -  7.95e-01 8.86e-01H  1
 886  3.3366161e+00 6.50e-04 1.11e+00  -5.0 1.09e-01    -  1.14e-01 1.00e+00h  1
 887  3.3329490e+00 3.98e-04 4.28e-02  -5.4 8.07e-02    -  1.00e+00 9.70e-01h  1
 888  3.3374348e+00 1.89e-05 2.56e-02  -5.2 1.93e-01    -  1.00e+00 1.00e+00H  1
 889  3.3340237e+00 2.04e-03 5.15e-02  -5.6 9.98e-01    -  4.87e-01 3.35e-01h  1
iter    objective    inf_pr   inf_du lg(mu)  ||d||  lg(rg) alpha_du alpha_pr  ls
 890  3.3324616e+00 2.18e-03 1.39e-01  -5.4 3.83e+00    -  1.62e-01 3.67e-02h  2
 891  3.3355633e+00 1.83e-03 3.91e-01  -4.8 7.80e-01    -  4.65e-01 1.40e-01h  2
 892  3.3385159e+00 9.50e-04 1.30e-01  -5.1 9.18e-02    -  7.62e-01 9.11e-01h  1
 893  3.3316146e+00 4.26e-04 3.88e-01  -5.1 4.98e-02    -  6.04e-01 7.89e-01f  1
 894  3.3286019e+00 3.32e-04 5.20e-01  -5.6 1.99e-01    -  1.00e+00 4.72e-01h  1
 895  3.3282483e+00 3.56e-04 6.34e-01  -5.3 2.22e+00    -  6.70e-01 3.83e-02h  4
 896  3.3358102e+00 1.23e-03 4.06e-01  -4.8 1.30e+00    -  5.23e-01 2.82e-01h  2
 897  3.3345365e+00 1.77e-03 3.59e-01  -5.1 3.46e+00    -  3.70e-01 1.01e-01h  2
 898  3.3340079e+00 5.00e-03 3.34e-01  -5.1 1.75e+01    -  7.27e-02 3.69e-02h  2
 899  3.3327623e+00 6.07e-03 3.01e-01  -5.1 1.46e+01    -  8.62e-02 2.89e-02h  3
iter    objective    inf_pr   inf_du lg(mu)  ||d||  lg(rg) alpha_du alpha_pr  ls
 900  3.3312500e+00 6.45e-03 3.02e-01  -5.1 7.65e+00    -  1.30e-01 2.89e-02h  4
 901  3.3303323e+00 6.80e-03 2.56e-01  -5.1 2.26e+00    -  2.76e-01 8.41e-02h  3
 902  3.3324167e+00 5.89e-03 1.51e-01  -5.1 3.43e-01    -  4.54e-01 2.72e-01h  2
 903  3.3253218e+00 1.44e-03 8.54e-02  -5.1 2.77e-01    -  9.18e-01 1.00e+00h  1
 904  3.3235428e+00 1.32e-03 2.69e-01  -4.8 5.25e-01    -  3.44e-01 9.96e-02h  3
 905  3.3216562e+00 6.48e-04 1.66e-02  -5.3 2.23e-01    -  1.00e+00 9.82e-01h  1
 906  3.3229955e+00 1.58e-03 6.19e-01  -4.9 1.25e+00    -  8.85e-01 2.61e-01h  2
 907  3.3224216e+00 2.92e-03 6.63e-01  -5.0 5.66e+00    -  2.81e-01 6.01e-02h  3
 908  3.3227011e+00 4.24e-03 4.18e-01  -5.0 4.46e+00    -  2.32e-01 6.52e-02h  3
 909  3.3219914e+00 4.55e-03 1.87e-01  -5.0 1.91e+00    -  4.23e-01 7.07e-02h  4
iter    objective    inf_pr   inf_du lg(mu)  ||d||  lg(rg) alpha_du alpha_pr  ls
 910  3.3190474e+00 9.02e-03 2.84e-01  -5.0 4.19e+00    -  5.01e-01 1.43e-01h  3
 911  3.3178246e+00 8.92e-03 3.91e-01  -5.0 4.60e+00    -  1.37e-01 1.50e-02h  4
 912  3.3151172e+00 1.73e-02 3.56e-01  -5.0 2.86e+00    -  9.26e-01 3.02e-01h  2
 913  3.3165410e+00 1.82e-02 3.56e-01  -4.5 2.23e+01    -  1.29e-01 1.52e-02h  3
 914  3.3156109e+00 1.83e-02 3.81e-01  -5.0 6.45e+00    -  1.33e-01 4.87e-02h  3
 915  3.3155248e+00 1.83e-02 5.09e-01  -5.0 7.01e+00    -  2.34e-01 4.82e-02h  3
 916  3.3144278e+00 1.78e-02 5.73e-01  -5.0 5.46e+00    -  2.83e-01 6.68e-02h  3
 917  3.3127582e+00 1.79e-02 5.45e-01  -4.7 9.28e+00    -  1.26e-01 3.88e-02h  4
 918  3.3136194e+00 2.73e-02 4.99e-01  -4.3 2.60e+01    -  2.20e-01 4.64e-02h  3
 919  3.3123542e+00 2.72e-02 5.02e-01  -4.8 2.75e+01    -  1.22e-01 4.44e-03h  6
iter    objective    inf_pr   inf_du lg(mu)  ||d||  lg(rg) alpha_du alpha_pr  ls
 920  3.3301547e+00 2.70e-02 4.72e-01  -4.7 3.82e+00    -  6.17e-01 2.39e-01h  2
 921  3.3267713e+00 2.72e-02 5.87e-01  -4.8 1.13e+01    -  3.16e-01 4.12e-02h  4
 922  3.3240777e+00 2.70e-02 4.87e-01  -4.8 1.58e+01    -  1.24e-01 1.73e-02h  4
 923  3.4229133e+00 1.81e-02 3.25e-01  -4.8 3.39e+00    -  3.22e-01 3.45e-01H  1
 924  3.3804635e+00 1.54e-02 2.82e-01  -4.8 3.48e+00    -  1.97e-01 2.20e-01h  1
 925  3.3428882e+00 1.57e-02 3.01e-01  -4.8 9.47e+00    -  1.35e-01 5.64e-02f  2
 926  3.3721667e+00 1.30e-02 2.74e-01  -4.8 2.15e+00    -  8.16e-02 3.12e-01H  1
 927  3.3800274e+00 2.04e-02 3.53e-01  -4.8 2.85e+00    -  3.20e-01 5.02e-01H  1
 928  3.3698204e+00 1.82e-02 5.46e-01  -4.8 3.25e+00    -  1.98e-01 9.93e-02h  2
 929  3.3192728e+00 9.89e-03 4.10e-01  -4.8 6.73e-01    -  1.88e-01 5.59e-01h  1
iter    objective    inf_pr   inf_du lg(mu)  ||d||  lg(rg) alpha_du alpha_pr  ls
 930  3.2993140e+00 8.97e-03 4.55e-01  -4.8 6.03e-01    -  3.18e-01 1.02e-01h  1
 931  3.2846885e+00 1.49e-03 1.19e-02  -5.0 1.72e-01    -  1.00e+00 1.00e+00f  1
 932  3.2794670e+00 7.30e-04 1.07e-02  -5.4 4.43e-02    -  1.00e+00 9.93e-01h  1
 933  3.2760067e+00 4.40e-05 2.09e-02  -5.6 3.25e-02    -  1.00e+00 9.70e-01h  1
 934  3.2747154e+00 2.53e-05 4.50e-02  -5.9 1.45e-02    -  1.00e+00 4.47e-01h  1
 935  3.2734438e+00 8.22e-04 2.35e-01  -6.0 3.68e-02    -  1.00e+00 3.16e-01h  1
 936  3.2721110e+00 9.14e-04 2.12e-01  -5.7 1.41e-01    -  4.47e-01 1.76e-01h  1
 937  3.2711217e+00 8.13e-04 1.08e-01  -5.5 2.09e-01    -  6.48e-01 1.21e-01h  1
 938  3.2712985e+00 8.31e-04 1.28e-01  -4.8 2.43e-01    -  2.24e-01 1.39e-01h  1
 939  3.2695544e+00 6.00e-03 3.02e-01  -5.4 4.46e-01    -  2.65e-01 1.79e-01h  1
iter    objective    inf_pr   inf_du lg(mu)  ||d||  lg(rg) alpha_du alpha_pr  ls
 940  3.2771013e+00 6.81e-03 2.26e-01  -4.5 9.28e-01    -  1.69e-01 2.05e-01f  1
 941  3.2739026e+00 7.13e-03 2.21e-01  -5.1 7.55e-01    -  3.08e-01 2.42e-01h  1
 942  3.2719022e+00 6.77e-03 1.89e-01  -5.1 8.01e-01    -  1.80e-01 1.45e-01h  3
 943  3.3033967e+00 5.13e-03 9.67e-01  -5.1 4.33e-01    -  2.54e-01 7.63e-01H  1
 944  3.2868931e+00 5.64e-03 4.52e-01  -5.1 2.63e-01    -  3.79e-01 8.68e-01F  1
 945  3.2735020e+00 3.60e-03 3.34e-01  -5.1 2.84e-01    -  2.69e-01 3.92e-01f  1
 946  3.2631182e+00 4.48e-03 2.64e-01  -5.1 2.28e-01    -  1.00e+00 8.73e-01f  1
 947  3.2638564e+00 5.06e-03 1.36e+00  -4.9 7.13e-01    -  8.01e-01 1.61e-01f  3
 948  3.2646426e+00 2.27e-03 5.55e-01  -5.0 1.03e-01    -  9.29e-01 6.16e-01h  1
 949  3.2609093e+00 1.63e-03 1.19e-02  -5.3 9.85e-02    -  1.00e+00 1.00e+00h  1
iter    objective    inf_pr   inf_du lg(mu)  ||d||  lg(rg) alpha_du alpha_pr  ls
 950  3.2603221e+00 5.06e-04 1.16e-02  -5.4 5.31e-02    -  1.00e+00 9.87e-01h  1
 951  3.2586391e+00 6.71e-04 5.26e-03  -5.1 7.31e-02    -  1.00e+00 1.00e+00h  1
 952  3.2607653e+00 2.18e-03 2.19e-02  -5.5 6.46e-02    -  1.00e+00 9.70e-01h  1
 953  3.2541082e+00 2.20e-03 8.05e-03  -5.6 3.82e-02    -  1.00e+00 1.00e+00h  1
 954  3.2530555e+00 2.43e-04 3.31e-03  -5.8 1.16e-02    -  1.00e+00 9.96e-01h  1
 955  3.2521260e+00 1.25e-04 7.68e-02  -6.0 1.62e-02    -  1.00e+00 8.37e-01h  1
 956  3.2526778e+00 2.30e-03 1.22e-01  -5.4 1.06e-01    -  1.00e+00 5.65e-01h  1
 957  3.2521488e+00 1.94e-03 1.94e-01  -5.5 2.66e-01    -  8.65e-01 1.68e-01h  1
 958  3.2515672e+00 1.67e-03 3.22e-01  -5.5 5.27e-01    -  8.03e-01 1.34e-01h  3
 959  3.2516309e+00 2.40e-03 2.38e-01  -5.5 7.81e-01    -  3.27e-01 2.10e-01h  2
iter    objective    inf_pr   inf_du lg(mu)  ||d||  lg(rg) alpha_du alpha_pr  ls
 960  3.2505614e+00 2.86e-03 2.95e-01  -5.6 1.08e+00    -  2.80e-01 8.63e-02h  2
 961  3.2497910e+00 5.80e-03 1.69e-01  -6.0 1.76e+00    -  2.82e-01 1.08e-01h  1
 962  3.2492737e+00 5.85e-03 2.45e-01  -5.3 1.49e+00    -  3.23e-01 3.69e-02h  4
 963  3.2518443e+00 1.33e-02 2.39e-01  -4.8 8.39e-01    -  4.02e-01 3.88e-01h  1
 964  3.2616990e+00 1.20e-02 2.63e-01  -5.2 1.20e+00    -  2.98e-01 1.44e-01h  2
 965  3.2517823e+00 6.10e-03 9.85e-02  -5.2 1.61e-01    -  6.60e-01 7.29e-01h  1
 966  3.2478443e+00 4.76e-03 6.18e-01  -5.2 2.01e-01    -  6.56e-01 2.55e-01h  2
 967  3.2467406e+00 1.99e-04 8.05e-03  -5.5 5.17e-02    -  1.00e+00 9.99e-01h  1
 968  3.2440950e+00 3.43e-04 1.40e-02  -5.5 4.53e-02    -  1.00e+00 1.00e+00h  1
 969  3.2427127e+00 2.45e-04 3.66e-02  -6.0 3.04e-02    -  1.00e+00 6.95e-01h  1
iter    objective    inf_pr   inf_du lg(mu)  ||d||  lg(rg) alpha_du alpha_pr  ls
 970  3.2417537e+00 4.28e-05 2.67e-02  -6.0 1.64e-02    -  1.00e+00 8.48e-01h  1
 971  3.2411096e+00 2.61e-05 3.98e-02  -6.2 2.56e-02    -  1.00e+00 6.67e-01h  1
 972  3.2407512e+00 2.83e-05 1.28e-01  -6.5 3.79e-02    -  1.00e+00 4.06e-01h  1
 973  3.2403192e+00 7.97e-05 2.04e-01  -6.2 8.45e-02    -  1.00e+00 3.80e-01h  1
 974  3.2397064e+00 3.11e-04 8.11e-02  -6.3 4.18e-01    -  3.57e-01 1.38e-01h  1
 975  3.2390861e+00 1.53e-03 1.82e-01  -5.9 9.91e-01    -  2.48e-01 6.83e-02h  1
 976  3.2386504e+00 1.40e-03 2.31e-01  -5.9 8.86e-01    -  2.11e-01 8.82e-02h  1
 977  3.2379195e+00 1.80e-03 3.31e-01  -6.0 1.11e+00    -  2.03e-01 7.42e-02h  1
 978  3.2380314e+00 2.05e-03 2.91e-01  -5.3 1.62e+00    -  1.31e-01 1.02e-01h  1
 979  3.2374871e+00 1.99e-03 2.64e-01  -6.0 1.41e+00    -  8.91e-02 2.83e-02h  1
iter    objective    inf_pr   inf_du lg(mu)  ||d||  lg(rg) alpha_du alpha_pr  ls
 980  3.2370579e+00 1.95e-03 2.22e-01  -8.0 9.77e-01    -  1.41e-01 1.19e-01h  2
 981  3.2365243e+00 2.45e-03 2.07e-01  -6.1 9.97e-01    -  2.28e-01 1.09e-01h  2
 982  3.2373984e+00 3.76e-03 2.04e-01  -5.3 1.16e+00    -  2.05e-01 1.36e-01h  1
 983  3.2362984e+00 3.92e-03 1.84e-01  -5.8 1.13e+00    -  1.75e-01 8.71e-02h  1
 984  3.2354476e+00 3.80e-03 1.62e-01  -7.8 8.81e-01    -  1.22e-01 1.27e-01h  1
 985  3.2385031e+00 2.74e-03 1.01e-01  -5.2 2.44e-01    -  4.70e-01 5.28e-01h  1
 986  3.2422727e+00 1.07e-03 1.43e-01  -5.5 9.02e-02    -  4.77e-01 6.87e-01h  1
 987  3.2340024e+00 4.76e-04 3.02e-01  -5.5 6.98e-02    -  4.60e-01 1.00e+00f  1
 988  3.2397113e+00 2.39e-04 1.83e-02  -5.1 5.27e-02    -  9.56e-01 1.00e+00h  1
 989  3.2360348e+00 5.95e-05 3.59e-03  -5.2 2.17e-02    -  1.00e+00 1.00e+00h  1
iter    objective    inf_pr   inf_du lg(mu)  ||d||  lg(rg) alpha_du alpha_pr  ls
 990  3.2333162e+00 4.90e-05 6.34e-02  -5.9 1.73e-02    -  1.00e+00 7.75e-01h  1
 991  3.2321803e+00 2.28e-05 1.17e-01  -6.2 1.46e-02    -  1.00e+00 5.45e-01h  1
 992  3.2314061e+00 4.94e-05 8.85e-02  -6.4 2.53e-02    -  1.00e+00 4.21e-01h  1
 993  3.2311147e+00 5.06e-05 1.42e-01  -6.1 3.26e-02    -  1.00e+00 3.42e-01h  1
 994  3.2312691e+00 1.26e-04 8.53e-02  -5.8 6.09e-02    -  1.00e+00 7.06e-01h  1
 995  3.2310459e+00 2.58e-04 3.65e-02  -5.9 1.89e-01    -  4.54e-01 2.88e-01h  2
 996  3.2307326e+00 7.86e-04 1.51e-01  -5.9 3.08e-01    -  5.27e-01 1.24e-01h  3
 997  3.2312369e+00 4.97e-04 3.30e-01  -5.5 4.14e-01    -  5.55e-01 2.07e-01h  2
 998  3.2308838e+00 4.45e-04 3.01e-01  -5.7 2.18e-01    -  4.14e-01 1.20e-01h  3
 999  3.2309186e+00 6.96e-04 1.24e-01  -5.7 6.64e-02    -  5.92e-01 5.95e-01h  1
iter    objective    inf_pr   inf_du lg(mu)  ||d||  lg(rg) alpha_du alpha_pr  ls
1000  3.2307228e+00 1.22e-04 8.13e-03  -5.7 3.03e-02    -  9.80e-01 1.00e+00f  1
1001  3.2292674e+00 7.36e-05 8.29e-02  -6.2 1.86e-02    -  1.00e+00 9.00e-01h  1
1002  3.2289492e+00 1.13e-04 1.92e-01  -6.4 2.34e-02    -  1.00e+00 5.31e-01h  1
1003  3.2286601e+00 1.25e-04 1.64e-01  -6.8 4.42e-02    -  8.00e-01 4.19e-01h  1
1004  3.2285017e+00 1.68e-04 1.13e-01  -6.2 1.12e-01    -  1.00e+00 2.66e-01h  1
1005  3.2289201e+00 6.05e-04 7.14e-02  -5.6 1.99e-01    -  3.85e-01 2.97e-01h  2
1006  3.2287666e+00 5.77e-04 1.35e-01  -6.0 1.93e-01    -  6.34e-01 1.51e-01h  3
1007  3.2306442e+00 1.10e-04 3.56e-02  -6.0 1.17e-01    -  1.00e+00 8.33e-01H  1
1008  3.2295271e+00 4.09e-04 1.03e-01  -6.0 2.87e-01    -  5.67e-01 2.16e-01f  1
1009  3.2291900e+00 3.26e-04 8.51e-02  -6.0 2.47e-01    -  2.86e-01 2.21e-01f  1
iter    objective    inf_pr   inf_du lg(mu)  ||d||  lg(rg) alpha_du alpha_pr  ls
1010  3.2290756e+00 5.20e-04 3.53e-01  -6.0 3.88e-02    -  3.85e-01 1.00e+00f  1
1011  3.2277688e+00 4.85e-04 5.04e-01  -6.0 3.17e-02    -  1.00e+00 3.82e-01h  1
1012  3.2270517e+00 2.16e-04 8.03e-03  -6.3 5.63e-02    -  1.00e+00 1.00e+00f  1
1013  3.2287427e+00 6.55e-05 5.37e-02  -6.4 1.34e-01    -  1.00e+00 7.88e-01H  1
1014  3.2275587e+00 1.47e-04 3.09e-02  -6.5 4.31e-02    -  8.18e-01 6.15e-01h  1
1015  3.2261975e+00 6.44e-05 1.37e-01  -6.1 5.31e-02    -  6.53e-01 1.00e+00f  1
1016  3.2261175e+00 2.02e-04 1.49e-02  -6.6 2.18e-02    -  1.00e+00 9.40e-01h  1
1017  3.2254097e+00 7.09e-05 7.20e-02  -7.1 2.59e-02    -  1.00e+00 6.54e-01h  1
1018  3.2252613e+00 4.78e-05 1.72e-01  -6.6 5.21e-02    -  1.00e+00 3.31e-01h  1
1019  3.2252877e+00 4.00e-04 6.97e-02  -6.1 3.25e-01    -  8.16e-01 3.85e-01h  1
iter    objective    inf_pr   inf_du lg(mu)  ||d||  lg(rg) alpha_du alpha_pr  ls
1020  3.2252129e+00 1.16e-03 1.10e-01  -6.2 2.46e+00    -  2.26e-01 7.03e-02h  1
1021  3.2258538e+00 1.89e-03 1.27e-01  -5.3 4.21e+00    -  2.31e-01 4.96e-02f  2
1022  3.2256637e+00 1.86e-03 1.47e-01  -5.9 2.31e+00    -  3.03e-01 4.36e-02h  3
1023  3.2253543e+00 1.66e-03 1.92e-01  -5.9 7.27e-01    -  3.79e-01 1.10e-01h  3
1024  3.2232184e+00 3.09e-03 1.33e-01  -5.9 5.02e+00    -  1.81e-01 6.13e-02h  1
1025  3.2226046e+00 5.01e-03 1.72e-01  -5.4 3.48e+01    -  6.77e-02 1.04e-02f  3
1026  3.2261198e+00 1.06e-02 2.17e-01  -5.0 8.49e+00    -  1.22e-01 7.96e-02h  2
1027  3.2251225e+00 1.25e-02 2.53e-01  -5.7 1.61e+01    -  3.25e-02 2.36e-02h  2
1028  3.2229846e+00 1.50e-02 2.97e-01  -5.7 2.45e+01    -  3.28e-02 1.94e-02h  1
1029  3.2205154e+00 1.74e-02 3.43e-01  -5.7 5.61e+01    -  2.09e-02 1.01e-02h  2
iter    objective    inf_pr   inf_du lg(mu)  ||d||  lg(rg) alpha_du alpha_pr  ls
1030  3.2453585e+00 4.28e-02 4.39e-01  -4.0 4.77e+01    -  2.88e-02 2.80e-02f  1
1031  3.2449272e+00 4.45e-02 4.69e-01  -5.4 1.89e+01    -  1.08e-01 3.02e-02h  2
1032  3.2427286e+00 4.49e-02 4.83e-01  -5.4 1.70e+01    -  8.88e-02 2.16e-02h  3
1033  3.2503653e+00 4.09e-02 4.44e-01  -5.4 4.03e+00    -  3.48e-02 7.34e-02h  1
1034  3.2254742e+00 2.60e-02 3.77e-01  -5.4 1.01e+00    -  2.34e-01 4.96e-01h  1
1035  3.2125481e+00 2.66e-02 3.49e-01  -5.4 6.02e+00    -  8.52e-02 5.29e-02h  2
1036  3.2204077e+00 2.25e-02 2.84e-01  -5.6 6.82e-01    -  1.59e-01 1.81e-01h  1
1037  3.2117160e+00 1.88e-03 2.65e-02  -5.1 2.07e-01    -  1.00e+00 9.75e-01h  1
1038  3.2219953e+00 1.45e-03 4.03e-01  -5.3 3.73e-01    -  6.87e-01 4.26e-01h  1
1039  3.2071448e+00 6.36e-04 7.15e-03  -5.6 9.12e-02    -  1.00e+00 9.89e-01h  1
iter    objective    inf_pr   inf_du lg(mu)  ||d||  lg(rg) alpha_du alpha_pr  ls
1040  3.2126775e+00 3.85e-04 1.37e-02  -5.3 4.49e-02    -  1.00e+00 1.00e+00h  1
1041  3.2051416e+00 2.90e-04 9.67e-02  -5.8 3.13e-02    -  1.00e+00 8.56e-01h  1
1042  3.2039065e+00 4.62e-05 5.10e-02  -6.1 9.26e-03    -  1.00e+00 8.40e-01h  1
1043  3.2032710e+00 3.94e-05 7.72e-02  -6.2 2.74e-02    -  1.00e+00 5.39e-01h  1
1044  3.2027362e+00 9.72e-05 1.38e-01  -6.3 7.88e-02    -  1.00e+00 3.40e-01h  1
1045  3.2024505e+00 3.24e-04 1.36e-01  -5.7 2.89e-01    -  5.40e-01 2.08e-01h  1
1046  3.2022746e+00 8.40e-04 1.65e-01  -6.1 4.21e-01    -  6.20e-01 2.31e-01h  1
1047  3.2018761e+00 1.12e-03 1.04e-01  -6.0 3.62e-01    -  5.25e-01 2.14e-01h  2
1048  3.2014274e+00 1.21e-03 1.10e-01  -5.6 3.55e-01    -  3.96e-01 1.77e-01h  2
1049  3.2006933e+00 1.29e-03 7.46e-02  -5.8 4.82e-01    -  2.07e-01 1.04e-01h  2
iter    objective    inf_pr   inf_du lg(mu)  ||d||  lg(rg) alpha_du alpha_pr  ls
1050  3.2002650e+00 1.35e-03 7.83e-02  -5.9 2.67e-01    -  2.77e-01 2.25e-01h  1
1051  3.1999750e+00 1.34e-03 1.61e-01  -6.0 1.88e-01    -  5.11e-01 3.05e-01h  1
1052  3.2016555e+00 9.67e-04 9.24e-02  -5.7 1.43e-01    -  8.68e-01 5.82e-01H  1
1053  3.2007914e+00 1.54e-03 1.48e-01  -5.4 2.69e-01    -  7.93e-01 3.23e-01h  2
1054  3.2027127e+00 1.41e-03 1.20e-01  -5.1 2.96e-01    -  5.55e-01 2.85e-01h  2
1055  3.2042218e+00 3.68e-04 4.41e-02  -5.4 5.34e-02    -  8.50e-01 7.53e-01h  1
1056  3.1997583e+00 1.82e-04 3.16e-03  -5.4 4.20e-02    -  1.00e+00 1.00e+00f  1
1057  3.1993030e+00 9.45e-05 3.36e-02  -5.5 2.32e-02    -  9.99e-01 9.16e-01h  1
1058  3.1972064e+00 6.76e-05 1.14e-01  -6.0 1.42e-02    -  1.00e+00 8.49e-01h  1
1059  3.1964421e+00 5.26e-05 3.64e-02  -6.2 1.62e-02    -  1.00e+00 6.71e-01h  1
iter    objective    inf_pr   inf_du lg(mu)  ||d||  lg(rg) alpha_du alpha_pr  ls
1060  3.1959959e+00 5.77e-05 1.08e-01  -6.5 3.89e-02    -  1.00e+00 3.58e-01h  1
1061  3.1961255e+00 5.64e-05 9.16e-02  -5.5 1.02e-01    -  8.17e-01 2.63e-01h  1
1062  3.1959732e+00 2.68e-04 6.78e-02  -5.7 3.69e-01    -  4.71e-01 1.69e-01h  2
1063  3.1962017e+00 4.89e-04 1.38e-01  -5.4 5.08e-01    -  5.77e-01 1.31e-01h  3
1064  3.1958937e+00 7.77e-04 1.60e-01  -5.6 4.94e-01    -  5.04e-01 1.68e-01h  3
1065  3.1959818e+00 1.37e-03 2.20e-01  -5.3 1.52e+00    -  3.25e-01 7.71e-02h  2
1066  3.1956585e+00 1.56e-03 2.02e-01  -5.6 9.95e-01    -  1.03e-01 9.54e-02h  2
1067  3.1961911e+00 1.59e-03 3.28e-01  -5.1 8.46e-01    -  4.19e-01 9.17e-02h  3
1068  3.2015884e+00 6.51e-04 1.28e-01  -5.4 1.72e-01    -  5.31e-01 5.96e-01H  1
1069  3.1978352e+00 3.27e-04 1.48e-01  -5.4 6.27e-02    -  1.00e+00 5.00e-01f  2
iter    objective    inf_pr   inf_du lg(mu)  ||d||  lg(rg) alpha_du alpha_pr  ls
1070  3.1954138e+00 1.80e-04 4.37e-03  -5.4 3.85e-02    -  1.00e+00 1.00e+00h  1
1071  3.1944978e+00 8.76e-05 1.13e-02  -5.7 2.28e-02    -  1.00e+00 9.37e-01h  1
1072  3.1925159e+00 2.57e-05 9.98e-03  -6.1 2.55e-02    -  1.00e+00 9.25e-01h  1
1073  3.1920415e+00 1.99e-05 9.56e-02  -6.4 2.02e-02    -  1.00e+00 8.02e-01h  1
1074  3.1917922e+00 1.44e-05 1.01e-01  -6.7 1.47e-02    -  1.00e+00 3.37e-01h  1
1075  3.1918178e+00 2.77e-05 6.53e-02  -5.9 2.90e-02    -  6.85e-01 5.09e-01h  1
1076  3.1916626e+00 9.42e-05 6.00e-02  -6.1 3.98e-02    -  1.00e+00 6.69e-01h  1
1077  3.1913801e+00 1.13e-04 1.07e-01  -6.3 5.73e-02    -  1.00e+00 4.62e-01f  2
1078  3.1919284e+00 2.18e-04 2.81e-02  -6.4 5.79e-02    -  1.00e+00 7.97e-01H  1
1079  3.1909929e+00 1.41e-05 4.50e-03  -6.5 2.00e-02    -  1.00e+00 1.00e+00h  1
iter    objective    inf_pr   inf_du lg(mu)  ||d||  lg(rg) alpha_du alpha_pr  ls
1080  3.1906013e+00 7.14e-06 5.47e-02  -6.2 1.19e-02    -  1.00e+00 7.97e-01h  1
1081  3.1903359e+00 3.91e-05 1.18e-03  -6.4 2.02e-02    -  1.00e+00 1.00e+00h  1
1082  3.1907404e+00 2.50e-04 5.43e-02  -5.8 2.63e-01    -  7.05e-01 2.56e-01h  1
1083  3.1905976e+00 3.09e-04 4.74e-02  -6.1 2.70e-01    -  3.80e-01 2.11e-01h  2
1084  3.1903788e+00 3.71e-04 6.29e-02  -6.1 2.56e-01    -  5.17e-01 2.02e-01h  3
1085  3.2003278e+00 1.00e-04 1.15e-01  -6.1 1.66e-01    -  3.28e-01 9.46e-01H  1
1086  3.1910264e+00 2.64e-05 1.33e-02  -6.1 1.01e-01    -  8.72e-01 1.00e+00F  1
1087  3.1896030e+00 6.19e-05 1.72e-01  -6.1 7.47e-02    -  7.91e-01 3.68e-01h  1
1088  3.1889821e+00 8.60e-05 1.34e-02  -6.4 4.71e-02    -  1.00e+00 9.29e-01h  1
1089  3.1888973e+00 1.11e-04 1.31e-01  -6.2 1.70e-01    -  1.00e+00 2.01e-01h  3
iter    objective    inf_pr   inf_du lg(mu)  ||d||  lg(rg) alpha_du alpha_pr  ls
1090  3.1890098e+00 2.34e-04 1.27e-01  -5.8 3.29e-01    -  6.70e-01 2.08e-01h  2
1091  3.1889058e+00 4.01e-04 6.83e-02  -6.0 6.18e-01    -  4.78e-01 1.46e-01h  2
1092  3.1888855e+00 6.32e-04 6.34e-02  -6.0 8.93e-01    -  1.72e-01 1.46e-01h  2
1093  3.1882730e+00 1.38e-03 1.33e-01  -5.6 3.19e+00    -  2.07e-01 6.00e-02h  1
1094  3.1881535e+00 1.59e-03 1.26e-01  -5.2 5.60e+00    -  2.16e-01 2.24e-02h  4
1095  3.1876587e+00 2.97e-03 1.18e-01  -6.3 5.49e+00    -  9.25e-02 5.18e-02h  2
1096  3.1879198e+00 4.02e-03 1.19e-01  -5.2 7.00e+00    -  9.64e-02 3.85e-02h  3
1097  3.1872715e+00 4.71e-03 1.71e-01  -5.7 9.35e+00    -  5.56e-02 2.29e-02h  3
1098  3.1875075e+00 6.41e-03 4.14e-01  -5.0 1.12e+01    -  1.43e-01 2.96e-02h  3
1099  3.1871429e+00 6.46e-03 4.26e-01  -5.6 4.94e+00    -  9.93e-02 1.49e-02h  4
iter    objective    inf_pr   inf_du lg(mu)  ||d||  lg(rg) alpha_du alpha_pr  ls
1100  3.1878065e+00 6.09e-03 3.20e-01  -6.3 6.92e-01    -  2.61e-01 3.00e-01H  1
1101  3.1871618e+00 5.77e-03 2.43e-01  -5.7 5.00e-01    -  1.94e-01 1.62e-01h  1
1102  3.1864625e+00 6.93e-03 1.78e-01  -5.3 6.93e-01    -  3.71e-01 2.63e-01f  2
1103  3.1852558e+00 6.36e-03 1.54e-01  -6.8 1.72e+00    -  2.23e-01 8.21e-02h  2
1104  3.1850739e+00 5.70e-03 9.29e-02  -5.2 4.93e-01    -  3.72e-01 1.03e-01h  3
1105  3.1921888e+00 9.04e-04 1.87e-01  -5.2 1.30e-01    -  7.51e-01 1.00e+00h  1
1106  3.1956779e+00 5.26e-04 1.76e-02  -5.3 2.45e-01    -  1.00e+00 9.99e-01H  1
1107  3.1911072e+00 5.68e-04 1.76e-02  -5.3 1.89e-01    -  2.90e-01 2.18e-01f  2
1108  3.1857678e+00 6.53e-03 3.69e-01  -5.3 1.86e-01    -  3.35e-01 1.00e+00h  1
1109  3.1924480e+00 4.90e-03 3.44e-01  -4.9 3.30e-01    -  6.41e-01 2.50e-01h  3
iter    objective    inf_pr   inf_du lg(mu)  ||d||  lg(rg) alpha_du alpha_pr  ls
1110  3.1872834e+00 2.88e-04 3.82e-03  -5.1 9.99e-02    -  1.00e+00 1.00e+00h  1
1111  3.1996668e+00 2.31e-05 3.31e-02  -5.4 1.29e-01    -  9.99e-01 9.42e-01H  1
1112  3.1839480e+00 1.51e-04 3.40e-03  -5.5 8.67e-02    -  1.00e+00 1.00e+00h  1
1113  3.1828071e+00 5.36e-05 9.54e-02  -5.9 2.99e-02    -  1.00e+00 5.95e-01h  1
1114  3.1815894e+00 1.09e-04 2.72e-02  -6.2 8.12e-03    -  1.00e+00 7.99e-01h  1
1115  3.1811918e+00 6.44e-05 1.60e-01  -6.3 1.58e-02    -  1.00e+00 3.94e-01h  1
1116  3.1808577e+00 3.74e-05 9.24e-02  -6.4 3.24e-02    -  1.00e+00 3.58e-01h  1
1117  3.1805868e+00 6.76e-05 8.78e-02  -6.7 6.72e-02    -  1.00e+00 2.89e-01h  1
1118  3.1805853e+00 7.79e-05 4.21e-02  -6.0 4.51e-02    -  1.00e+00 4.06e-01h  1
1119  3.1806197e+00 2.80e-04 1.68e-02  -6.0 6.65e-02    -  8.09e-01 6.23e-01h  1
iter    objective    inf_pr   inf_du lg(mu)  ||d||  lg(rg) alpha_du alpha_pr  ls
1120  3.1803784e+00 3.04e-04 1.07e-01  -6.1 1.37e-01    -  6.78e-01 2.77e-01h  2
1121  3.1805103e+00 1.52e-04 8.50e-02  -6.1 1.12e-01    -  9.53e-01 4.89e-01H  1
1122  3.1806587e+00 1.20e-04 2.65e-02  -6.2 8.24e-02    -  7.78e-01 6.95e-01H  1
1123  3.1792765e+00 1.68e-04 5.16e-02  -6.3 4.12e-02    -  6.37e-01 5.12e-01h  1
1124  3.1789211e+00 1.44e-04 3.02e-01  -6.0 5.56e-02    -  1.00e+00 2.34e-01f  1
1125  3.1800505e+00 4.16e-04 1.54e-01  -5.6 1.44e-01    -  4.82e-01 4.98e-01h  1
1126  3.1835243e+00 1.10e-05 7.11e-02  -5.9 1.77e-01    -  8.18e-01 1.00e+00H  1
1127  3.1831486e+00 1.78e-03 1.21e-01  -6.5 4.04e-01    -  5.46e-01 4.16e-01h  1
1128  3.1862259e+00 1.20e-03 5.72e-02  -6.2 2.12e-01    -  3.39e-01 3.64e-01h  1
1129  3.1776325e+00 7.47e-04 3.01e-01  -6.2 1.31e-01    -  3.67e-01 7.54e-01f  1
iter    objective    inf_pr   inf_du lg(mu)  ||d||  lg(rg) alpha_du alpha_pr  ls
1130  3.1781783e+00 5.56e-04 1.44e-01  -5.6 5.07e-02    -  8.15e-01 3.63e-01f  2
1131  3.1772861e+00 5.36e-05 3.77e-03  -6.0 2.28e-02    -  1.00e+00 9.92e-01h  1
1132  3.1768506e+00 2.14e-04 7.55e-03  -6.4 4.49e-02    -  1.00e+00 1.00e+00h  1
1133  3.1778285e+00 1.33e-04 3.54e-02  -6.0 1.33e-01    -  1.00e+00 7.72e-01H  1
1134  3.1849637e+00 3.88e-05 2.25e-01  -6.1 3.51e-01    -  3.69e-01 1.00e+00H  1
1135  3.1836197e+00 6.55e-05 1.91e-01  -6.1 6.60e-01    -  2.40e-01 5.48e-02h  4
1136  3.1813106e+00 8.36e-05 1.75e-01  -6.1 1.98e-01    -  1.91e-01 1.07e-01h  3
1137  3.1773420e+00 6.87e-04 1.19e-01  -6.1 3.29e-01    -  3.47e-01 3.38e-01h  1
1138  3.1767958e+00 5.95e-04 1.38e-01  -6.1 1.36e-01    -  6.89e-01 2.22e-01f  1
1139  3.1762065e+00 2.05e-04 1.45e-01  -5.9 6.18e-02    -  7.72e-01 1.00e+00f  1
iter    objective    inf_pr   inf_du lg(mu)  ||d||  lg(rg) alpha_du alpha_pr  ls
1140  3.1818587e+00 6.39e-06 4.34e-02  -5.6 1.55e-01    -  8.98e-01 1.00e+00H  1
1141  3.1779766e+00 3.12e-05 4.48e-02  -6.1 4.72e-02    -  1.00e+00 5.18e-01h  1
1142  3.1757398e+00 3.64e-05 3.02e-01  -6.2 5.67e-02    -  7.20e-01 5.49e-01h  1
1143  3.1753969e+00 3.12e-05 1.86e-01  -6.3 2.72e-02    -  1.00e+00 6.39e-01f  1
1144  3.1747476e+00 9.73e-06 2.99e-02  -6.6 1.38e-02    -  1.00e+00 9.14e-01h  1
1145  3.1744922e+00 3.70e-06 1.00e-03  -7.0 1.27e-02    -  1.00e+00 1.00e+00h  1
1146  3.1743805e+00 2.69e-06 7.77e-02  -7.5 4.63e-02    -  1.00e+00 3.14e-01h  1
1147  3.1741858e+00 1.45e-05 1.83e-01  -6.7 3.60e-01    -  4.88e-01 1.02e-01h  1
1148  3.1739305e+00 5.02e-05 2.27e-01  -6.3 1.43e+00    -  3.68e-01 4.23e-02h  1
1149  3.1734693e+00 3.17e-04 2.00e-01  -6.4 2.75e+00    -  2.42e-01 6.51e-02h  1
iter    objective    inf_pr   inf_du lg(mu)  ||d||  lg(rg) alpha_du alpha_pr  ls
1150  3.1731101e+00 3.91e-04 1.79e-01  -5.9 5.79e+00    -  1.62e-01 2.12e-02h  3
1151  3.1720113e+00 1.47e-03 2.04e-01  -5.6 1.30e+01    -  1.18e-01 3.34e-02h  1
1152  3.1711632e+00 5.09e-03 2.00e-01  -5.0 5.14e+01    -  3.33e-02 1.51e-02h  2
1153  3.1727493e+00 7.20e-03 1.94e-01  -4.7 4.86e+01    -  3.59e-02 1.40e-02h  2
1154  3.1716258e+00 7.43e-03 2.01e-01  -5.9 1.89e+01    -  1.92e-02 1.71e-02h  3
1155  3.1699708e+00 8.19e-03 2.32e-01  -5.9 2.77e+01    -  2.29e-02 2.16e-02h  2
1156  3.1707300e+00 8.92e-03 2.57e-01  -5.1 4.17e+01    -  3.60e-02 1.57e-02h  2
1157  3.1703273e+00 1.21e-02 2.86e-01  -5.9 2.49e+01    -  1.80e-02 3.98e-02h  1
1158  3.1684491e+00 1.32e-02 3.01e-01  -5.9 5.40e+01    -  2.48e-02 8.92e-03h  2
1159  3.1670659e+00 1.34e-02 2.97e-01  -5.4 2.83e+01    -  2.35e-02 1.17e-02h  2
iter    objective    inf_pr   inf_du lg(mu)  ||d||  lg(rg) alpha_du alpha_pr  ls
1160  3.1658091e+00 1.28e-02 2.79e-01  -4.6 2.67e+00    -  6.17e-02 3.08e-02h  1
1161  3.1632904e+00 6.72e-03 3.76e-01  -5.2 1.26e-01    -  2.67e-01 4.46e-01h  1
1162  3.1601786e+00 4.99e-03 1.29e-01  -5.4 7.32e-01    -  5.33e-01 3.55e-01h  1
1163  3.1595103e+00 4.99e-03 2.19e-01  -5.0 1.28e+00    -  1.67e-01 3.72e-02h  4
1164  3.1572754e+00 2.89e-03 2.18e-01  -5.9 8.04e-02    -  9.08e-01 4.40e-01h  1
1165  3.1578832e+00 1.57e-03 1.12e-01  -5.4 1.24e-01    -  7.26e-01 6.39e-01h  1
1166  3.1598927e+00 6.96e-04 1.72e-02  -5.2 1.69e-01    -  9.89e-01 1.00e+00h  1
1167  3.1587683e+00 5.85e-04 4.09e-01  -5.2 6.93e-01    -  6.76e-01 2.51e-01h  1
1168  3.1569630e+00 4.98e-04 3.10e-01  -6.6 9.31e-01    -  4.30e-01 1.47e-01h  2
1169  3.1579403e+00 3.98e-04 3.73e-01  -5.1 4.24e-01    -  8.28e-01 2.91e-01h  2
iter    objective    inf_pr   inf_du lg(mu)  ||d||  lg(rg) alpha_du alpha_pr  ls
1170  3.1660068e+00 6.36e-05 1.07e-01  -5.2 1.21e-01    -  8.71e-01 1.00e+00H  1
1171  3.1530512e+00 2.86e-04 1.51e-01  -5.3 6.89e-02    -  1.00e+00 9.14e-01h  1
1172  3.1506068e+00 1.19e-04 2.04e-01  -5.7 1.13e-01    -  1.00e+00 6.16e-01h  1
1173  3.1501797e+00 1.07e-04 1.85e-01  -5.4 5.49e-01    -  1.00e+00 1.69e-01h  3
1174  3.1518783e+00 1.73e-03 3.55e-01  -4.9 2.13e+00    -  5.10e-01 1.75e-01h  1
1175  3.1520999e+00 2.58e-03 4.06e-01  -5.1 9.68e+00    -  1.78e-01 5.50e-02h  2
1176  3.1509432e+00 3.55e-03 3.46e-01  -5.1 2.26e+01    -  1.35e-01 1.76e-02h  4
1177  3.1502159e+00 6.51e-03 3.37e-01  -5.1 2.58e+01    -  7.60e-02 2.74e-02h  3
1178  3.1490157e+00 8.00e-03 3.46e-01  -5.1 5.41e+01    -  5.70e-02 9.64e-03h  4
1179  3.1481951e+00 9.16e-03 4.89e-01  -4.8 3.37e+01    -  1.13e-01 1.48e-02h  4
iter    objective    inf_pr   inf_du lg(mu)  ||d||  lg(rg) alpha_du alpha_pr  ls
1180  3.1465277e+00 1.00e-02 5.39e-01  -4.8 3.06e+01    -  4.76e-02 1.59e-02h  3
1181  3.1972998e+00 4.30e-02 5.42e-01  -4.0 4.79e+01    -  5.41e-02 3.86e-02f  1
1182  3.2261585e+00 4.08e-02 5.06e-01  -5.0 2.83e+00    -  8.37e-02 5.62e-02h  3
1183  3.1444532e+00 5.31e-02 2.88e-01  -5.0 1.69e+00    -  6.91e-01 9.89e-01h  1
1184  3.1446524e+00 5.20e-02 3.63e-01  -4.6 1.08e+01    -  1.83e-01 2.42e-02h  4
1185  3.2197537e+00 1.89e-02 2.01e-01  -5.1 2.49e+00    -  4.24e-01 7.38e-01H  1
1186  3.2120054e+00 1.89e-02 1.55e-01  -5.0 9.65e+00    -  2.34e-01 2.27e-01h  1
1187  3.1917969e+00 1.87e-02 5.32e-01  -5.0 6.14e+01    -  8.62e-03 2.09e-02h  1
1188  3.1672999e+00 1.79e-02 5.12e-01  -5.0 2.54e+01    -  4.39e-02 3.73e-02h  1
1189  3.1682284e+00 1.63e-02 4.80e-01  -5.0 7.88e+00    -  1.17e-01 6.52e-02h  1
iter    objective    inf_pr   inf_du lg(mu)  ||d||  lg(rg) alpha_du alpha_pr  ls
1190  3.1728383e+00 3.29e-02 3.81e-01  -5.0 1.49e+00    -  1.64e-01 4.55e-01h  1
1191  3.1559933e+00 2.98e-02 3.47e-01  -5.0 8.91e-01    -  9.36e-02 9.40e-02h  1
1192  3.1362209e+00 2.25e-02 6.04e-01  -5.0 1.90e-01    -  4.86e-01 2.44e-01f  1
1193  3.1223234e+00 1.31e-02 1.99e-01  -5.7 2.75e-01    -  5.56e-01 4.20e-01h  1
1194  3.1330616e+00 5.91e-03 2.15e-01  -5.0 2.45e-01    -  7.27e-01 5.38e-01h  1
1195  3.1161501e+00 1.37e-04 8.79e-03  -5.5 5.77e-02    -  1.00e+00 1.00e+00h  1
1196  3.1137241e+00 1.10e-05 2.11e-02  -5.7 2.18e-02    -  1.00e+00 9.61e-01h  1
1197  3.1126094e+00 1.37e-05 7.45e-02  -6.2 1.36e-02    -  1.00e+00 7.78e-01h  1
1198  3.1119143e+00 7.82e-05 1.95e-01  -5.5 1.12e-01    -  1.00e+00 2.22e-01h  1
1199  3.1105728e+00 9.91e-04 1.51e-01  -5.6 3.86e-01    -  4.19e-01 2.84e-01h  1
iter    objective    inf_pr   inf_du lg(mu)  ||d||  lg(rg) alpha_du alpha_pr  ls
1200  3.1140622e+00 1.27e-02 9.68e-02  -5.1 4.70e-01    -  3.09e-01 3.53e-01h  1
1201  3.1125769e+00 3.01e-02 1.25e-01  -5.4 3.74e-01    -  5.22e-01 3.44e-01h  1
1202  3.1121783e+00 2.16e-02 1.64e-01  -5.4 3.04e-01    -  3.61e-01 2.74e-01h  1
1203  3.1136629e+00 2.46e-03 4.99e-01  -5.4 1.44e-01    -  4.19e-01 9.07e-01h  1
1204  3.1104377e+00 1.55e-04 3.49e-01  -5.4 6.35e-02    -  5.51e-01 1.00e+00f  1
1205  3.1037312e+00 2.05e-04 7.02e-02  -5.8 6.43e-02    -  1.00e+00 8.25e-01h  1
1206  3.1036796e+00 1.31e-04 6.99e-02  -5.8 3.82e-02    -  1.00e+00 8.93e-01h  1
1207  3.1012116e+00 6.78e-05 2.92e-02  -6.2 1.92e-02    -  1.00e+00 9.45e-01h  1
1208  3.1022896e+00 6.21e-05 1.17e-02  -5.6 1.96e-02    -  1.00e+00 9.74e-01h  1
1209  3.1007410e+00 3.91e-04 6.07e-02  -6.1 9.52e-03    -  9.76e-01 8.61e-01h  1
iter    objective    inf_pr   inf_du lg(mu)  ||d||  lg(rg) alpha_du alpha_pr  ls
1210  3.1000359e+00 1.49e-04 4.20e-02  -6.4 2.23e-02    -  1.00e+00 7.21e-01h  1
1211  3.0997344e+00 4.43e-04 1.51e-01  -5.9 1.50e-01    -  9.03e-01 1.56e-01h  1
1212  3.0999774e+00 1.27e-03 4.05e-01  -5.7 3.80e-01    -  4.75e-01 1.23e-01h  2
1213  3.0997214e+00 3.09e-03 5.50e-01  -5.9 1.32e-01    -  8.79e-01 4.45e-01h  1
1214  3.0992611e+00 2.44e-03 4.30e-01  -5.5 4.30e-01    -  2.46e-01 1.70e-01f  1
1215  3.0987766e+00 2.32e-03 3.44e-01 -11.0 4.11e-01    -  1.96e-01 4.90e-02h  1
1216  3.0990314e+00 1.46e-03 1.87e-01  -6.2 1.63e-01    -  6.92e-01 3.89e-01h  1
1217  3.1023652e+00 6.04e-04 7.01e-02  -5.3 4.82e-02    -  6.25e-01 6.33e-01h  1
1218  3.0991507e+00 5.45e-04 2.76e-03  -5.6 3.74e-02    -  1.00e+00 1.00e+00h  1
1219  3.0985887e+00 2.75e-04 6.13e-02  -5.9 4.78e-02    -  1.00e+00 8.59e-01h  1
iter    objective    inf_pr   inf_du lg(mu)  ||d||  lg(rg) alpha_du alpha_pr  ls
1220  3.0977227e+00 1.20e-04 2.88e-02  -5.9 4.69e-02    -  1.00e+00 8.60e-01h  1
1221  3.1030930e+00 7.49e-06 3.22e-01  -5.7 7.24e-02    -  4.16e-01 1.00e+00H  1
1222  3.0973077e+00 1.46e-04 4.49e-03  -6.1 4.31e-02    -  1.00e+00 9.87e-01h  1
1223  3.0968171e+00 5.14e-05 3.07e-01  -6.1 2.14e-02    -  1.00e+00 6.43e-01h  1
1224  3.0964261e+00 7.56e-06 8.30e-04  -6.5 1.34e-02    -  1.00e+00 1.00e+00h  1

Number of Iterations....: 1224

                                   (scaled)                 (unscaled)
Objective...............:   3.0964260762632110e+00    3.0964260762632110e+00
Dual infeasibility......:   8.3023920791036631e-04    8.3023920791036631e-04
Constraint violation....:   6.2959900771697842e-06    7.5637631979930120e-06
Variable bound violation:   0.0000000000000000e+00    0.0000000000000000e+00
Complementarity.........:   4.0047630420244425e-07    4.0047630420244425e-07
Overall NLP error.......:   8.3023920791036631e-04    8.3023920791036631e-04


Number of objective function evaluations             = 2463
Number of objective gradient evaluations             = 1225
Number of equality constraint evaluations            = 2463
Number of inequality constraint evaluations          = 0
Number of equality constraint Jacobian evaluations   = 1225
Number of inequality constraint Jacobian evaluations = 0
Number of Lagrangian Hessian evaluations             = 0
Total seconds in IPOPT                               = 4830.332

EXIT: Optimal Solution Found.
         nlp  :   t_proc      (avg)   t_wall      (avg)    n_eval
callback_fun  | 212.19ms (173.22us) 474.92ms (387.69us)      1225
       nlp_f  |  27.99 s ( 11.37ms)   7.54 s (  3.06ms)      2463
       nlp_g  | 234.63 s ( 95.26ms)  31.58 s ( 12.82ms)      2463
  nlp_grad_f  |   1.32ks (  1.08 s) 143.36 s (116.84ms)      1227
   nlp_jac_g  |  37.75ks ( 30.79 s)   3.60ks (  2.94 s)      1226
       total  |  49.65ks ( 49.65ks)   4.83ks (  4.83ks)         1

Breakdown of objective (including weights):
  marker_tracking: 2.31392
  control_effort: 0.634486
  accelerations: 0.148025
[info] Set log level to Info.
[info] ------------------------------------------------------------------------
[info] Elapsed real time: 4895 second(s) (1 hour(s), 21 minute(s), 35 second(s)).
[info] Tue Jun  2 18:21:57 2026
[info] MocoCasADiSolver succeeded!
[info] ========================================================================
[info] Storage: read data file = SRRun01_grf.mot (nr=10005 nc=19)
[info] ExternalForce::RightGRF Data source being set to SRRun01_grf
[info] ExternalForce::LeftGRF Data source being set to SRRun01_grf
[warning] Ignoring output /forceset/addbrev_r|implicitenabled_normalized_tendon_force of type bool.
[warning] Ignoring output /forceset/addbrev_r|statebounds_normalized_tendon_force of type Vec2.
[warning] Ignoring output /forceset/addlong_r|implicitenabled_normalized_tendon_force of type bool.
[warning] Ignoring output /forceset/addlong_r|statebounds_normalized_tendon_force of type Vec2.
[warning] Ignoring output /forceset/addmagDist_r|implicitenabled_normalized_tendon_force of type bool.
[warning] Ignoring output /forceset/addmagDist_r|statebounds_normalized_tendon_force of type Vec2.
[warning] Ignoring output /forceset/addmagIsch_r|implicitenabled_normalized_tendon_force of type bool.
[warning] Ignoring output /forceset/addmagIsch_r|statebounds_normalized_tendon_force of type Vec2.
[warning] Ignoring output /forceset/addmagMid_r|implicitenabled_normalized_tendon_force of type bool.
[warning] Ignoring output /forceset/addmagMid_r|statebounds_normalized_tendon_force of type Vec2.
[warning] Ignoring output /forceset/addmagProx_r|implicitenabled_normalized_tendon_force of type bool.
[warning] Ignoring output /forceset/addmagProx_r|statebounds_normalized_tendon_force of type Vec2.
[warning] Ignoring output /forceset/bflh_r|implicitenabled_normalized_tendon_force of type bool.
[warning] Ignoring output /forceset/bflh_r|statebounds_normalized_tendon_force of type Vec2.
[warning] Ignoring output /forceset/bfsh_r|implicitenabled_normalized_tendon_force of type bool.
[warning] Ignoring output /forceset/bfsh_r|statebounds_normalized_tendon_force of type Vec2.
[warning] Ignoring output /forceset/edl_r|implicitenabled_normalized_tendon_force of type bool.
[warning] Ignoring output /forceset/edl_r|statebounds_normalized_tendon_force of type Vec2.
[warning] Ignoring output /forceset/ehl_r|implicitenabled_normalized_tendon_force of type bool.
[warning] Ignoring output /forceset/ehl_r|statebounds_normalized_tendon_force of type Vec2.
[warning] Ignoring output /forceset/fdl_r|implicitenabled_normalized_tendon_force of type bool.
[warning] Ignoring output /forceset/fdl_r|statebounds_normalized_tendon_force of type Vec2.
[warning] Ignoring output /forceset/fhl_r|implicitenabled_normalized_tendon_force of type bool.
[warning] Ignoring output /forceset/fhl_r|statebounds_normalized_tendon_force of type Vec2.
[warning] Ignoring output /forceset/gaslat_r|implicitenabled_normalized_tendon_force of type bool.
[warning] Ignoring output /forceset/gaslat_r|statebounds_normalized_tendon_force of type Vec2.
[warning] Ignoring output /forceset/gasmed_r|implicitenabled_normalized_tendon_force of type bool.
[warning] Ignoring output /forceset/gasmed_r|statebounds_normalized_tendon_force of type Vec2.
[warning] Ignoring output /forceset/glmax1_r|implicitenabled_normalized_tendon_force of type bool.
[warning] Ignoring output /forceset/glmax1_r|statebounds_normalized_tendon_force of type Vec2.
[warning] Ignoring output /forceset/glmax2_r|implicitenabled_normalized_tendon_force of type bool.
[warning] Ignoring output /forceset/glmax2_r|statebounds_normalized_tendon_force of type Vec2.
[warning] Ignoring output /forceset/glmax3_r|implicitenabled_normalized_tendon_force of type bool.
[warning] Ignoring output /forceset/glmax3_r|statebounds_normalized_tendon_force of type Vec2.
[warning] Ignoring output /forceset/glmed1_r|implicitenabled_normalized_tendon_force of type bool.
[warning] Ignoring output /forceset/glmed1_r|statebounds_normalized_tendon_force of type Vec2.
[warning] Ignoring output /forceset/glmed2_r|implicitenabled_normalized_tendon_force of type bool.
[warning] Ignoring output /forceset/glmed2_r|statebounds_normalized_tendon_force of type Vec2.
[warning] Ignoring output /forceset/glmed3_r|implicitenabled_normalized_tendon_force of type bool.
[warning] Ignoring output /forceset/glmed3_r|statebounds_normalized_tendon_force of type Vec2.
[warning] Ignoring output /forceset/glmin1_r|implicitenabled_normalized_tendon_force of type bool.
[warning] Ignoring output /forceset/glmin1_r|statebounds_normalized_tendon_force of type Vec2.
[warning] Ignoring output /forceset/glmin2_r|implicitenabled_normalized_tendon_force of type bool.
[warning] Ignoring output /forceset/glmin2_r|statebounds_normalized_tendon_force of type Vec2.
[warning] Ignoring output /forceset/glmin3_r|implicitenabled_normalized_tendon_force of type bool.
[warning] Ignoring output /forceset/glmin3_r|statebounds_normalized_tendon_force of type Vec2.
[warning] Ignoring output /forceset/grac_r|implicitenabled_normalized_tendon_force of type bool.
[warning] Ignoring output /forceset/grac_r|statebounds_normalized_tendon_force of type Vec2.
[warning] Ignoring output /forceset/iliacus_r|implicitenabled_normalized_tendon_force of type bool.
[warning] Ignoring output /forceset/iliacus_r|statebounds_normalized_tendon_force of type Vec2.
[warning] Ignoring output /forceset/perbrev_r|implicitenabled_normalized_tendon_force of type bool.
[warning] Ignoring output /forceset/perbrev_r|statebounds_normalized_tendon_force of type Vec2.
[warning] Ignoring output /forceset/perlong_r|implicitenabled_normalized_tendon_force of type bool.
[warning] Ignoring output /forceset/perlong_r|statebounds_normalized_tendon_force of type Vec2.
[warning] Ignoring output /forceset/piri_r|implicitenabled_normalized_tendon_force of type bool.
[warning] Ignoring output /forceset/piri_r|statebounds_normalized_tendon_force of type Vec2.
[warning] Ignoring output /forceset/psoas_r|implicitenabled_normalized_tendon_force of type bool.
[warning] Ignoring output /forceset/psoas_r|statebounds_normalized_tendon_force of type Vec2.
[warning] Ignoring output /forceset/recfem_r|implicitenabled_normalized_tendon_force of type bool.
[warning] Ignoring output /forceset/recfem_r|statebounds_normalized_tendon_force of type Vec2.
[warning] Ignoring output /forceset/sart_r|implicitenabled_normalized_tendon_force of type bool.
[warning] Ignoring output /forceset/sart_r|statebounds_normalized_tendon_force of type Vec2.
[warning] Ignoring output /forceset/semimem_r|implicitenabled_normalized_tendon_force of type bool.
[warning] Ignoring output /forceset/semimem_r|statebounds_normalized_tendon_force of type Vec2.
[warning] Ignoring output /forceset/semiten_r|implicitenabled_normalized_tendon_force of type bool.
[warning] Ignoring output /forceset/semiten_r|statebounds_normalized_tendon_force of type Vec2.
[warning] Ignoring output /forceset/soleus_r|implicitenabled_normalized_tendon_force of type bool.
[warning] Ignoring output /forceset/soleus_r|statebounds_normalized_tendon_force of type Vec2.
[warning] Ignoring output /forceset/tfl_r|implicitenabled_normalized_tendon_force of type bool.
[warning] Ignoring output /forceset/tfl_r|statebounds_normalized_tendon_force of type Vec2.
[warning] Ignoring output /forceset/tibant_r|implicitenabled_normalized_tendon_force of type bool.
[warning] Ignoring output /forceset/tibant_r|statebounds_normalized_tendon_force of type Vec2.
[warning] Ignoring output /forceset/tibpost_r|implicitenabled_normalized_tendon_force of type bool.
[warning] Ignoring output /forceset/tibpost_r|statebounds_normalized_tendon_force of type Vec2.
[warning] Ignoring output /forceset/vasint_r|implicitenabled_normalized_tendon_force of type bool.
[warning] Ignoring output /forceset/vasint_r|statebounds_normalized_tendon_force of type Vec2.
[warning] Ignoring output /forceset/vaslat_r|implicitenabled_normalized_tendon_force of type bool.
[warning] Ignoring output /forceset/vaslat_r|statebounds_normalized_tendon_force of type Vec2.
[warning] Ignoring output /forceset/vasmed_r|implicitenabled_normalized_tendon_force of type bool.
[warning] Ignoring output /forceset/vasmed_r|statebounds_normalized_tendon_force of type Vec2.
[info] Storage: read data file = SRRun01_grf.mot (nr=10005 nc=19)
[info] ExternalForce::RightGRF Data source being set to SRRun01_grf
[info] ExternalForce::LeftGRF Data source being set to SRRun01_grf
[info] Storage: read data file = SRRun01_grf.mot (nr=10005 nc=19)
[info] ExternalForce::RightGRF Data source being set to SRRun01_grf
[info] ExternalForce::LeftGRF Data source being set to SRRun01_grf
[info] Storage: read data file = SRRun01_grf.mot (nr=10005 nc=19)
[info] ExternalForce::RightGRF Data source being set to SRRun01_grf
[info] ExternalForce::LeftGRF Data source being set to SRRun01_grf
[info] Storage: read data file = SRRun01_grf.mot (nr=10005 nc=19)
[info] ExternalForce::RightGRF Data source being set to SRRun01_grf
[info] ExternalForce::LeftGRF Data source being set to SRRun01_grf
[info] Storage: read data file = SRRun01_grf.mot (nr=10005 nc=19)
[info] ExternalForce::RightGRF Data source being set to SRRun01_grf
[info] ExternalForce::LeftGRF Data source being set to SRRun01_grf
