[info] Loaded model PA09_complex from file ../../../../../data/Loone2025/PA09/scaling/PA09_complex.osim
[info] Storage: read data file = SRRun01_grf.mot (nr=10005 nc=19)
[info] ExternalForce::RightGRF Data source being set to SRRun01_grf
[info] ExternalForce::LeftGRF Data source being set to SRRun01_grf
[info] Storage: read data file = SRRun01_grf.mot (nr=10005 nc=19)
[info] ExternalForce::RightGRF Data source being set to SRRun01_grf
[info] ExternalForce::LeftGRF Data source being set to SRRun01_grf
[info] Loaded model PA09_complex from file PA09_SRRun_dynamic-optimisation_complex.osim
[info] Storage: read data file = SRRun01_grf.mot (nr=10005 nc=19)
[info] ExternalForce::RightGRF Data source being set to SRRun01_grf
[info] ExternalForce::LeftGRF Data source being set to SRRun01_grf
[info] Storage: read data file = SRRun01_grf.mot (nr=10005 nc=19)
[info] ExternalForce::RightGRF Data source being set to SRRun01_grf
[info] ExternalForce::LeftGRF Data source being set to SRRun01_grf
[info] Loaded model PA09_complex from file PA09_SRRun_dynamic-optimisation_complex.osim
[info] Storage: read data file = SRRun01_grf.mot (nr=10005 nc=19)
[info] ExternalForce::RightGRF Data source being set to SRRun01_grf
[info] ExternalForce::LeftGRF Data source being set to SRRun01_grf
[info] Storage: read data file = SRRun01_grf.mot (nr=10005 nc=19)
[info] ExternalForce::RightGRF Data source being set to SRRun01_grf
[info] ExternalForce::LeftGRF Data source being set to SRRun01_grf
[info] Storage: read data file = SRRun01_grf.mot (nr=10005 nc=19)
[info] ExternalForce::RightGRF Data source being set to SRRun01_grf
[info] ExternalForce::LeftGRF Data source being set to SRRun01_grf
[info] Storage: read data file = SRRun01_grf.mot (nr=10005 nc=19)
[info] ExternalForce::RightGRF Data source being set to SRRun01_grf
[info] ExternalForce::LeftGRF Data source being set to SRRun01_grf
[info] Storage: read data file = SRRun01_grf.mot (nr=10005 nc=19)
[info] ExternalForce::RightGRF Data source being set to SRRun01_grf
[info] ExternalForce::LeftGRF Data source being set to SRRun01_grf
[info] Storage: read data file = SRRun01_grf.mot (nr=10005 nc=19)
[info] ExternalForce::RightGRF Data source being set to SRRun01_grf
[info] ExternalForce::LeftGRF Data source being set to SRRun01_grf
[info] Storage: read data file = SRRun01_grf.mot (nr=10005 nc=19)
[info] ExternalForce::RightGRF Data source being set to SRRun01_grf
[info] ExternalForce::LeftGRF Data source being set to SRRun01_grf
[info] Storage: read data file = SRRun01_grf.mot (nr=10005 nc=19)
[info] ExternalForce::RightGRF Data source being set to SRRun01_grf
[info] ExternalForce::LeftGRF Data source being set to SRRun01_grf
[info] Storage: read data file = SRRun01_grf.mot (nr=10005 nc=19)
[info] ExternalForce::RightGRF Data source being set to SRRun01_grf
[info] ExternalForce::LeftGRF Data source being set to SRRun01_grf
[info] Storage: read data file = SRRun01_grf.mot (nr=10005 nc=19)
[info] ExternalForce::RightGRF Data source being set to SRRun01_grf
[info] ExternalForce::LeftGRF Data source being set to SRRun01_grf
[info] Storage: read data file = SRRun01_grf.mot (nr=10005 nc=19)
[info] ExternalForce::RightGRF Data source being set to SRRun01_grf
[info] ExternalForce::LeftGRF Data source being set to SRRun01_grf
[info] Storage: read data file = SRRun01_grf.mot (nr=10005 nc=19)
[info] ExternalForce::RightGRF Data source being set to SRRun01_grf
[info] ExternalForce::LeftGRF Data source being set to SRRun01_grf
[info] Storage: read data file = SRRun01_grf.mot (nr=10005 nc=19)
[info] ExternalForce::RightGRF Data source being set to SRRun01_grf
[info] ExternalForce::LeftGRF Data source being set to SRRun01_grf
[info] Storage: read data file = SRRun01_grf.mot (nr=10005 nc=19)
[info] ExternalForce::RightGRF Data source being set to SRRun01_grf
[info] ExternalForce::LeftGRF Data source being set to SRRun01_grf
[info] Storage: read data file = SRRun01_grf.mot (nr=10005 nc=19)
[info] ExternalForce::RightGRF Data source being set to SRRun01_grf
[info] ExternalForce::LeftGRF Data source being set to SRRun01_grf
[info] Storage: read data file = SRRun01_grf.mot (nr=10005 nc=19)
[info] ExternalForce::RightGRF Data source being set to SRRun01_grf
[info] ExternalForce::LeftGRF Data source being set to SRRun01_grf
[info] Storage: read data file = SRRun01_grf.mot (nr=10005 nc=19)
[info] ExternalForce::RightGRF Data source being set to SRRun01_grf
[info] ExternalForce::LeftGRF Data source being set to SRRun01_grf
[info] Storage: read data file = SRRun01_grf.mot (nr=10005 nc=19)
[info] ExternalForce::RightGRF Data source being set to SRRun01_grf
[info] ExternalForce::LeftGRF Data source being set to SRRun01_grf
[info] Storage: read data file = SRRun01_grf.mot (nr=10005 nc=19)
[info] ExternalForce::RightGRF Data source being set to SRRun01_grf
[info] ExternalForce::LeftGRF Data source being set to SRRun01_grf
[info] Storage: read data file = SRRun01_grf.mot (nr=10005 nc=19)
[info] ExternalForce::RightGRF Data source being set to SRRun01_grf
[info] ExternalForce::LeftGRF Data source being set to SRRun01_grf
[info] Storage: read data file = SRRun01_grf.mot (nr=10005 nc=19)
[info] ExternalForce::RightGRF Data source being set to SRRun01_grf
[info] ExternalForce::LeftGRF Data source being set to SRRun01_grf
[info] Storage: read data file = SRRun01_grf.mot (nr=10005 nc=19)
[info] ExternalForce::RightGRF Data source being set to SRRun01_grf
[info] ExternalForce::LeftGRF Data source being set to SRRun01_grf
[info] Storage: read data file = SRRun01_grf.mot (nr=10005 nc=19)
[info] ExternalForce::RightGRF Data source being set to SRRun01_grf
[info] ExternalForce::LeftGRF Data source being set to SRRun01_grf
[info] Storage: read data file = SRRun01_grf.mot (nr=10005 nc=19)
[info] ExternalForce::RightGRF Data source being set to SRRun01_grf
[info] ExternalForce::LeftGRF Data source being set to SRRun01_grf
[info] Storage: read data file = SRRun01_grf.mot (nr=10005 nc=19)
[info] ExternalForce::RightGRF Data source being set to SRRun01_grf
[info] ExternalForce::LeftGRF Data source being set to SRRun01_grf
[info] Storage: read data file = SRRun01_grf.mot (nr=10005 nc=19)
[info] ExternalForce::RightGRF Data source being set to SRRun01_grf
[info] ExternalForce::LeftGRF Data source being set to SRRun01_grf
[info] Storage: read data file = SRRun01_grf.mot (nr=10005 nc=19)
[info] ExternalForce::RightGRF Data source being set to SRRun01_grf
[info] ExternalForce::LeftGRF Data source being set to SRRun01_grf
[info] Storage: read data file = SRRun01_grf.mot (nr=10005 nc=19)
[info] ExternalForce::RightGRF Data source being set to SRRun01_grf
[info] ExternalForce::LeftGRF Data source being set to SRRun01_grf
[info] Storage: read data file = SRRun01_grf.mot (nr=10005 nc=19)
[info] ExternalForce::RightGRF Data source being set to SRRun01_grf
[info] ExternalForce::LeftGRF Data source being set to SRRun01_grf
[info] Storage: read data file = SRRun01_grf.mot (nr=10005 nc=19)
[info] ExternalForce::RightGRF Data source being set to SRRun01_grf
[info] ExternalForce::LeftGRF Data source being set to SRRun01_grf
[info] Storage: read data file = SRRun01_grf.mot (nr=10005 nc=19)
[info] ExternalForce::RightGRF Data source being set to SRRun01_grf
[info] ExternalForce::LeftGRF Data source being set to SRRun01_grf
[info] Storage: read data file = SRRun01_grf.mot (nr=10005 nc=19)
[info] ExternalForce::RightGRF Data source being set to SRRun01_grf
[info] ExternalForce::LeftGRF Data source being set to SRRun01_grf
[info] Storage: read data file = SRRun01_grf.mot (nr=10005 nc=19)
[info] ExternalForce::RightGRF Data source being set to SRRun01_grf
[info] ExternalForce::LeftGRF Data source being set to SRRun01_grf
[info] Storage: read data file = SRRun01_grf.mot (nr=10005 nc=19)
[info] ExternalForce::RightGRF Data source being set to SRRun01_grf
[info] ExternalForce::LeftGRF Data source being set to SRRun01_grf
[info] Storage: read data file = SRRun01_grf.mot (nr=10005 nc=19)
[info] ExternalForce::RightGRF Data source being set to SRRun01_grf
[info] ExternalForce::LeftGRF Data source being set to SRRun01_grf
[info] Storage: read data file = SRRun01_grf.mot (nr=10005 nc=19)
[info] ExternalForce::RightGRF Data source being set to SRRun01_grf
[info] ExternalForce::LeftGRF Data source being set to SRRun01_grf
[info] Storage: read data file = SRRun01_grf.mot (nr=10005 nc=19)
[info] ExternalForce::RightGRF Data source being set to SRRun01_grf
[info] ExternalForce::LeftGRF Data source being set to SRRun01_grf
[info] Storage: read data file = SRRun01_grf.mot (nr=10005 nc=19)
[info] ExternalForce::RightGRF Data source being set to SRRun01_grf
[info] ExternalForce::LeftGRF Data source being set to SRRun01_grf
[info] Storage: read data file = SRRun01_grf.mot (nr=10005 nc=19)
[info] ExternalForce::RightGRF Data source being set to SRRun01_grf
[info] ExternalForce::LeftGRF Data source being set to SRRun01_grf
[info] Storage: read data file = SRRun01_grf.mot (nr=10005 nc=19)
[info] ExternalForce::RightGRF Data source being set to SRRun01_grf
[info] ExternalForce::LeftGRF Data source being set to SRRun01_grf
[info] Storage: read data file = SRRun01_grf.mot (nr=10005 nc=19)
[info] ExternalForce::RightGRF Data source being set to SRRun01_grf
[info] ExternalForce::LeftGRF Data source being set to SRRun01_grf
[info] Storage: read data file = SRRun01_grf.mot (nr=10005 nc=19)
[info] ExternalForce::RightGRF Data source being set to SRRun01_grf
[info] ExternalForce::LeftGRF Data source being set to SRRun01_grf
[info] Storage: read data file = SRRun01_grf.mot (nr=10005 nc=19)
[info] ExternalForce::RightGRF Data source being set to SRRun01_grf
[info] ExternalForce::LeftGRF Data source being set to SRRun01_grf
[info] Storage: read data file = SRRun01_grf.mot (nr=10005 nc=19)
[info] ExternalForce::RightGRF Data source being set to SRRun01_grf
[info] ExternalForce::LeftGRF Data source being set to SRRun01_grf
[info] Storage: read data file = SRRun01_grf.mot (nr=10005 nc=19)
[info] ExternalForce::RightGRF Data source being set to SRRun01_grf
[info] ExternalForce::LeftGRF Data source being set to SRRun01_grf
[info] Storage: read data file = SRRun01_grf.mot (nr=10005 nc=19)
[info] ExternalForce::RightGRF Data source being set to SRRun01_grf
[info] ExternalForce::LeftGRF Data source being set to SRRun01_grf
[info] Storage: read data file = SRRun01_grf.mot (nr=10005 nc=19)
[info] ExternalForce::RightGRF Data source being set to SRRun01_grf
[info] ExternalForce::LeftGRF Data source being set to SRRun01_grf
[info] Storage: read data file = SRRun01_grf.mot (nr=10005 nc=19)
[info] ExternalForce::RightGRF Data source being set to SRRun01_grf
[info] ExternalForce::LeftGRF Data source being set to SRRun01_grf
[info] Storage: read data file = SRRun01_grf.mot (nr=10005 nc=19)
[info] ExternalForce::RightGRF Data source being set to SRRun01_grf
[info] ExternalForce::LeftGRF Data source being set to SRRun01_grf
[info] Storage: read data file = SRRun01_grf.mot (nr=10005 nc=19)
[info] ExternalForce::RightGRF Data source being set to SRRun01_grf
[info] ExternalForce::LeftGRF Data source being set to SRRun01_grf
[info] Storage: read data file = SRRun01_grf.mot (nr=10005 nc=19)
[info] ExternalForce::RightGRF Data source being set to SRRun01_grf
[info] ExternalForce::LeftGRF Data source being set to SRRun01_grf
[info] Storage: read data file = SRRun01_grf.mot (nr=10005 nc=19)
[info] ExternalForce::RightGRF Data source being set to SRRun01_grf
[info] ExternalForce::LeftGRF Data source being set to SRRun01_grf
[info] Storage: read data file = SRRun01_grf.mot (nr=10005 nc=19)
[info] ExternalForce::RightGRF Data source being set to SRRun01_grf
[info] ExternalForce::LeftGRF Data source being set to SRRun01_grf
[info] Storage: read data file = SRRun01_grf.mot (nr=10005 nc=19)
[info] ExternalForce::RightGRF Data source being set to SRRun01_grf
[info] ExternalForce::LeftGRF Data source being set to SRRun01_grf
[info] Storage: read data file = SRRun01_grf.mot (nr=10005 nc=19)
[info] ExternalForce::RightGRF Data source being set to SRRun01_grf
[info] ExternalForce::LeftGRF Data source being set to SRRun01_grf
[info] Storage: read data file = SRRun01_grf.mot (nr=10005 nc=19)
[info] ExternalForce::RightGRF Data source being set to SRRun01_grf
[info] ExternalForce::LeftGRF Data source being set to SRRun01_grf
[info] Storage: read data file = SRRun01_grf.mot (nr=10005 nc=19)
[info] ExternalForce::RightGRF Data source being set to SRRun01_grf
[info] ExternalForce::LeftGRF Data source being set to SRRun01_grf
[info] Storage: read data file = SRRun01_grf.mot (nr=10005 nc=19)
[info] ExternalForce::RightGRF Data source being set to SRRun01_grf
[info] ExternalForce::LeftGRF Data source being set to SRRun01_grf
[info] Storage: read data file = SRRun01_grf.mot (nr=10005 nc=19)
[info] ExternalForce::RightGRF Data source being set to SRRun01_grf
[info] ExternalForce::LeftGRF Data source being set to SRRun01_grf
[info] Storage: read data file = SRRun01_grf.mot (nr=10005 nc=19)
[info] ExternalForce::RightGRF Data source being set to SRRun01_grf
[info] ExternalForce::LeftGRF Data source being set to SRRun01_grf
[info] Storage: read data file = SRRun01_grf.mot (nr=10005 nc=19)
[info] ExternalForce::RightGRF Data source being set to SRRun01_grf
[info] ExternalForce::LeftGRF Data source being set to SRRun01_grf
[info] Storage: read data file = SRRun01_grf.mot (nr=10005 nc=19)
[info] ExternalForce::RightGRF Data source being set to SRRun01_grf
[info] ExternalForce::LeftGRF Data source being set to SRRun01_grf
[info] Storage: read data file = SRRun01_grf.mot (nr=10005 nc=19)
[info] ExternalForce::RightGRF Data source being set to SRRun01_grf
[info] ExternalForce::LeftGRF Data source being set to SRRun01_grf
[info] Storage: read data file = SRRun01_grf.mot (nr=10005 nc=19)
[info] ExternalForce::RightGRF Data source being set to SRRun01_grf
[info] ExternalForce::LeftGRF Data source being set to SRRun01_grf
[info] Storage: read data file = SRRun01_grf.mot (nr=10005 nc=19)
[info] ExternalForce::RightGRF Data source being set to SRRun01_grf
[info] ExternalForce::LeftGRF Data source being set to SRRun01_grf
[info] Storage: read data file = SRRun01_grf.mot (nr=10005 nc=19)
[info] ExternalForce::RightGRF Data source being set to SRRun01_grf
[info] ExternalForce::LeftGRF Data source being set to SRRun01_grf
[info] Storage: read data file = SRRun01_grf.mot (nr=10005 nc=19)
[info] ExternalForce::RightGRF Data source being set to SRRun01_grf
[info] ExternalForce::LeftGRF Data source being set to SRRun01_grf
[info] Storage: read data file = SRRun01_grf.mot (nr=10005 nc=19)
[info] ExternalForce::RightGRF Data source being set to SRRun01_grf
[info] ExternalForce::LeftGRF Data source being set to SRRun01_grf
[info] Storage: read data file = SRRun01_grf.mot (nr=10005 nc=19)
[info] ExternalForce::RightGRF Data source being set to SRRun01_grf
[info] ExternalForce::LeftGRF Data source being set to SRRun01_grf
[info] Storage: read data file = SRRun01_grf.mot (nr=10005 nc=19)
[info] ExternalForce::RightGRF Data source being set to SRRun01_grf
[info] ExternalForce::LeftGRF Data source being set to SRRun01_grf
[info] Storage: read data file = SRRun01_grf.mot (nr=10005 nc=19)
[info] ExternalForce::RightGRF Data source being set to SRRun01_grf
[info] ExternalForce::LeftGRF Data source being set to SRRun01_grf
[info] Storage: read data file = SRRun01_grf.mot (nr=10005 nc=19)
[info] ExternalForce::RightGRF Data source being set to SRRun01_grf
[info] ExternalForce::LeftGRF Data source being set to SRRun01_grf
[info] Storage: read data file = SRRun01_grf.mot (nr=10005 nc=19)
[info] ExternalForce::RightGRF Data source being set to SRRun01_grf
[info] ExternalForce::LeftGRF Data source being set to SRRun01_grf
[info] Storage: read data file = SRRun01_grf.mot (nr=10005 nc=19)
[info] ExternalForce::RightGRF Data source being set to SRRun01_grf
[info] ExternalForce::LeftGRF Data source being set to SRRun01_grf
[info] Storage: read data file = SRRun01_grf.mot (nr=10005 nc=19)
[info] ExternalForce::RightGRF Data source being set to SRRun01_grf
[info] ExternalForce::LeftGRF Data source being set to SRRun01_grf
[info] Storage: read data file = SRRun01_grf.mot (nr=10005 nc=19)
[info] ExternalForce::RightGRF Data source being set to SRRun01_grf
[info] ExternalForce::LeftGRF Data source being set to SRRun01_grf
[info] Storage: read data file = SRRun01_grf.mot (nr=10005 nc=19)
[info] ExternalForce::RightGRF Data source being set to SRRun01_grf
[info] ExternalForce::LeftGRF Data source being set to SRRun01_grf
[info] Storage: read data file = SRRun01_grf.mot (nr=10005 nc=19)
[info] ExternalForce::RightGRF Data source being set to SRRun01_grf
[info] ExternalForce::LeftGRF Data source being set to SRRun01_grf
[info] Storage: read data file = SRRun01_grf.mot (nr=10005 nc=19)
[info] ExternalForce::RightGRF Data source being set to SRRun01_grf
[info] ExternalForce::LeftGRF Data source being set to SRRun01_grf
[info] Storage: read data file = SRRun01_grf.mot (nr=10005 nc=19)
[info] ExternalForce::RightGRF Data source being set to SRRun01_grf
[info] ExternalForce::LeftGRF Data source being set to SRRun01_grf
[info] Storage: read data file = SRRun01_grf.mot (nr=10005 nc=19)
[info] ExternalForce::RightGRF Data source being set to SRRun01_grf
[info] ExternalForce::LeftGRF Data source being set to SRRun01_grf
[info] Storage: read data file = SRRun01_grf.mot (nr=10005 nc=19)
[info] ExternalForce::RightGRF Data source being set to SRRun01_grf
[info] ExternalForce::LeftGRF Data source being set to SRRun01_grf
[info] Storage: read data file = SRRun01_grf.mot (nr=10005 nc=19)
[info] ExternalForce::RightGRF Data source being set to SRRun01_grf
[info] ExternalForce::LeftGRF Data source being set to SRRun01_grf
[info] Storage: read data file = SRRun01_grf.mot (nr=10005 nc=19)
[info] ExternalForce::RightGRF Data source being set to SRRun01_grf
[info] ExternalForce::LeftGRF Data source being set to SRRun01_grf
[info] Storage: read data file = SRRun01_grf.mot (nr=10005 nc=19)
[info] ExternalForce::RightGRF Data source being set to SRRun01_grf
[info] ExternalForce::LeftGRF Data source being set to SRRun01_grf
[info] Storage: read data file = SRRun01_grf.mot (nr=10005 nc=19)
[info] ExternalForce::RightGRF Data source being set to SRRun01_grf
[info] ExternalForce::LeftGRF Data source being set to SRRun01_grf
[info] Storage: read data file = SRRun01_grf.mot (nr=10005 nc=19)
[info] ExternalForce::RightGRF Data source being set to SRRun01_grf
[info] ExternalForce::LeftGRF Data source being set to SRRun01_grf
[info] Storage: read data file = SRRun01_grf.mot (nr=10005 nc=19)
[info] ExternalForce::RightGRF Data source being set to SRRun01_grf
[info] ExternalForce::LeftGRF Data source being set to SRRun01_grf
[info] Storage: read data file = SRRun01_grf.mot (nr=10005 nc=19)
[info] ExternalForce::RightGRF Data source being set to SRRun01_grf
[info] ExternalForce::LeftGRF Data source being set to SRRun01_grf
[info] Storage: read data file = SRRun01_grf.mot (nr=10005 nc=19)
[info] ExternalForce::RightGRF Data source being set to SRRun01_grf
[info] ExternalForce::LeftGRF Data source being set to SRRun01_grf
[info] Storage: read data file = SRRun01_grf.mot (nr=10005 nc=19)
[info] ExternalForce::RightGRF Data source being set to SRRun01_grf
[info] ExternalForce::LeftGRF Data source being set to SRRun01_grf
[info] Storage: read data file = SRRun01_grf.mot (nr=10005 nc=19)
[info] ExternalForce::RightGRF Data source being set to SRRun01_grf
[info] ExternalForce::LeftGRF Data source being set to SRRun01_grf
[info] Storage: read data file = SRRun01_grf.mot (nr=10005 nc=19)
[info] ExternalForce::RightGRF Data source being set to SRRun01_grf
[info] ExternalForce::LeftGRF Data source being set to SRRun01_grf
[info] Storage: read data file = SRRun01_grf.mot (nr=10005 nc=19)
[info] ExternalForce::RightGRF Data source being set to SRRun01_grf
[info] ExternalForce::LeftGRF Data source being set to SRRun01_grf
[info] Storage: read data file = SRRun01_grf.mot (nr=10005 nc=19)
[info] ExternalForce::RightGRF Data source being set to SRRun01_grf
[info] ExternalForce::LeftGRF Data source being set to SRRun01_grf
[info] Storage: read data file = SRRun01_grf.mot (nr=10005 nc=19)
[info] ExternalForce::RightGRF Data source being set to SRRun01_grf
[info] ExternalForce::LeftGRF Data source being set to SRRun01_grf
[info] Storage: read data file = SRRun01_grf.mot (nr=10005 nc=19)
[info] ExternalForce::RightGRF Data source being set to SRRun01_grf
[info] ExternalForce::LeftGRF Data source being set to SRRun01_grf
[info] Storage: read data file = SRRun01_grf.mot (nr=10005 nc=19)
[info] ExternalForce::RightGRF Data source being set to SRRun01_grf
[info] ExternalForce::LeftGRF Data source being set to SRRun01_grf
[info] Storage: read data file = SRRun01_grf.mot (nr=10005 nc=19)
[info] ExternalForce::RightGRF Data source being set to SRRun01_grf
[info] ExternalForce::LeftGRF Data source being set to SRRun01_grf
[info] Storage: read data file = SRRun01_grf.mot (nr=10005 nc=19)
[info] ExternalForce::RightGRF Data source being set to SRRun01_grf
[info] ExternalForce::LeftGRF Data source being set to SRRun01_grf
[info] Storage: read data file = SRRun01_grf.mot (nr=10005 nc=19)
[info] ExternalForce::RightGRF Data source being set to SRRun01_grf
[info] ExternalForce::LeftGRF Data source being set to SRRun01_grf
[info] Storage: read data file = SRRun01_grf.mot (nr=10005 nc=19)
[info] ExternalForce::RightGRF Data source being set to SRRun01_grf
[info] ExternalForce::LeftGRF Data source being set to SRRun01_grf
[info] Storage: read data file = SRRun01_grf.mot (nr=10005 nc=19)
[info] ExternalForce::RightGRF Data source being set to SRRun01_grf
[info] ExternalForce::LeftGRF Data source being set to SRRun01_grf
[info] Storage: read data file = SRRun01_grf.mot (nr=10005 nc=19)
[info] ExternalForce::RightGRF Data source being set to SRRun01_grf
[info] ExternalForce::LeftGRF Data source being set to SRRun01_grf
[info] Storage: read data file = SRRun01_grf.mot (nr=10005 nc=19)
[info] ExternalForce::RightGRF Data source being set to SRRun01_grf
[info] ExternalForce::LeftGRF Data source being set to SRRun01_grf
[info] Storage: read data file = SRRun01_grf.mot (nr=10005 nc=19)
[info] ExternalForce::RightGRF Data source being set to SRRun01_grf
[info] ExternalForce::LeftGRF Data source being set to SRRun01_grf
[info] Storage: read data file = SRRun01_grf.mot (nr=10005 nc=19)
[info] ExternalForce::RightGRF Data source being set to SRRun01_grf
[info] ExternalForce::LeftGRF Data source being set to SRRun01_grf
[info] Storage: read data file = SRRun01_grf.mot (nr=10005 nc=19)
[info] ExternalForce::RightGRF Data source being set to SRRun01_grf
[info] ExternalForce::LeftGRF Data source being set to SRRun01_grf
[info] Storage: read data file = SRRun01_grf.mot (nr=10005 nc=19)
[info] ExternalForce::RightGRF Data source being set to SRRun01_grf
[info] ExternalForce::LeftGRF Data source being set to SRRun01_grf
[info] Storage: read data file = SRRun01_grf.mot (nr=10005 nc=19)
[info] ExternalForce::RightGRF Data source being set to SRRun01_grf
[info] ExternalForce::LeftGRF Data source being set to SRRun01_grf
[info] Storage: read data file = SRRun01_grf.mot (nr=10005 nc=19)
[info] ExternalForce::RightGRF Data source being set to SRRun01_grf
[info] ExternalForce::LeftGRF Data source being set to SRRun01_grf
[info] Storage: read data file = SRRun01_grf.mot (nr=10005 nc=19)
[info] ExternalForce::RightGRF Data source being set to SRRun01_grf
[info] ExternalForce::LeftGRF Data source being set to SRRun01_grf
[info] Storage: read data file = SRRun01_grf.mot (nr=10005 nc=19)
[info] ExternalForce::RightGRF Data source being set to SRRun01_grf
[info] ExternalForce::LeftGRF Data source being set to SRRun01_grf
[info] Storage: read data file = SRRun01_grf.mot (nr=10005 nc=19)
[info] ExternalForce::RightGRF Data source being set to SRRun01_grf
[info] ExternalForce::LeftGRF Data source being set to SRRun01_grf
[info] Storage: read data file = SRRun01_grf.mot (nr=10005 nc=19)
[info] ExternalForce::RightGRF Data source being set to SRRun01_grf
[info] ExternalForce::LeftGRF Data source being set to SRRun01_grf
[info] Storage: read data file = SRRun01_grf.mot (nr=10005 nc=19)
[info] ExternalForce::RightGRF Data source being set to SRRun01_grf
[info] ExternalForce::LeftGRF Data source being set to SRRun01_grf
[info] Storage: read data file = SRRun01_grf.mot (nr=10005 nc=19)
[info] ExternalForce::RightGRF Data source being set to SRRun01_grf
[info] ExternalForce::LeftGRF Data source being set to SRRun01_grf
[info] Storage: read data file = SRRun01_grf.mot (nr=10005 nc=19)
[info] ExternalForce::RightGRF Data source being set to SRRun01_grf
[info] ExternalForce::LeftGRF Data source being set to SRRun01_grf
[info] Storage: read data file = SRRun01_grf.mot (nr=10005 nc=19)
[info] ExternalForce::RightGRF Data source being set to SRRun01_grf
[info] ExternalForce::LeftGRF Data source being set to SRRun01_grf
[info] Storage: read data file = SRRun01_grf.mot (nr=10005 nc=19)
[info] ExternalForce::RightGRF Data source being set to SRRun01_grf
[info] ExternalForce::LeftGRF Data source being set to SRRun01_grf
[info] Storage: read data file = SRRun01_grf.mot (nr=10005 nc=19)
[info] ExternalForce::RightGRF Data source being set to SRRun01_grf
[info] ExternalForce::LeftGRF Data source being set to SRRun01_grf
[info] Storage: read data file = SRRun01_grf.mot (nr=10005 nc=19)
[info] ExternalForce::RightGRF Data source being set to SRRun01_grf
[info] ExternalForce::LeftGRF Data source being set to SRRun01_grf
[info] Storage: read data file = SRRun01_grf.mot (nr=10005 nc=19)
[info] ExternalForce::RightGRF Data source being set to SRRun01_grf
[info] ExternalForce::LeftGRF Data source being set to SRRun01_grf
[info] Storage: read data file = SRRun01_grf.mot (nr=10005 nc=19)
[info] ExternalForce::RightGRF Data source being set to SRRun01_grf
[info] ExternalForce::LeftGRF Data source being set to SRRun01_grf
[info] Storage: read data file = SRRun01_grf.mot (nr=10005 nc=19)
[info] ExternalForce::RightGRF Data source being set to SRRun01_grf
[info] ExternalForce::LeftGRF Data source being set to SRRun01_grf
[info] Storage: read data file = SRRun01_grf.mot (nr=10005 nc=19)
[info] ExternalForce::RightGRF Data source being set to SRRun01_grf
[info] ExternalForce::LeftGRF Data source being set to SRRun01_grf
[info] Storage: read data file = SRRun01_grf.mot (nr=10005 nc=19)
[info] ExternalForce::RightGRF Data source being set to SRRun01_grf
[info] ExternalForce::LeftGRF Data source being set to SRRun01_grf
[info] Storage: read data file = SRRun01_grf.mot (nr=10005 nc=19)
[info] ExternalForce::RightGRF Data source being set to SRRun01_grf
[info] ExternalForce::LeftGRF Data source being set to SRRun01_grf
[info] Storage: read data file = SRRun01_grf.mot (nr=10005 nc=19)
[info] ExternalForce::RightGRF Data source being set to SRRun01_grf
[info] ExternalForce::LeftGRF Data source being set to SRRun01_grf
[info] Storage: read data file = SRRun01_grf.mot (nr=10005 nc=19)
[info] ExternalForce::RightGRF Data source being set to SRRun01_grf
[info] ExternalForce::LeftGRF Data source being set to SRRun01_grf
[info] Storage: read data file = SRRun01_grf.mot (nr=10005 nc=19)
[info] ExternalForce::RightGRF Data source being set to SRRun01_grf
[info] ExternalForce::LeftGRF Data source being set to SRRun01_grf
[info] Storage: read data file = SRRun01_grf.mot (nr=10005 nc=19)
[info] ExternalForce::RightGRF Data source being set to SRRun01_grf
[info] ExternalForce::LeftGRF Data source being set to SRRun01_grf
[info] Storage: read data file = SRRun01_grf.mot (nr=10005 nc=19)
[info] ExternalForce::RightGRF Data source being set to SRRun01_grf
[info] ExternalForce::LeftGRF Data source being set to SRRun01_grf
[info] Storage: read data file = SRRun01_grf.mot (nr=10005 nc=19)
[info] ExternalForce::RightGRF Data source being set to SRRun01_grf
[info] ExternalForce::LeftGRF Data source being set to SRRun01_grf
[info] Storage: read data file = SRRun01_grf.mot (nr=10005 nc=19)
[info] ExternalForce::RightGRF Data source being set to SRRun01_grf
[info] ExternalForce::LeftGRF Data source being set to SRRun01_grf
[info] Storage: read data file = SRRun01_grf.mot (nr=10005 nc=19)
[info] ExternalForce::RightGRF Data source being set to SRRun01_grf
[info] ExternalForce::LeftGRF Data source being set to SRRun01_grf
[info] Storage: read data file = SRRun01_grf.mot (nr=10005 nc=19)
[info] ExternalForce::RightGRF Data source being set to SRRun01_grf
[info] ExternalForce::LeftGRF Data source being set to SRRun01_grf
[info] Storage: read data file = SRRun01_grf.mot (nr=10005 nc=19)
[info] ExternalForce::RightGRF Data source being set to SRRun01_grf
[info] ExternalForce::LeftGRF Data source being set to SRRun01_grf
[info] Storage: read data file = SRRun01_grf.mot (nr=10005 nc=19)
[info] ExternalForce::RightGRF Data source being set to SRRun01_grf
[info] ExternalForce::LeftGRF Data source being set to SRRun01_grf
[info] Storage: read data file = SRRun01_grf.mot (nr=10005 nc=19)
[info] ExternalForce::RightGRF Data source being set to SRRun01_grf
[info] ExternalForce::LeftGRF Data source being set to SRRun01_grf
[info] Storage: read data file = SRRun01_grf.mot (nr=10005 nc=19)
[info] ExternalForce::RightGRF Data source being set to SRRun01_grf
[info] ExternalForce::LeftGRF Data source being set to SRRun01_grf
[info] Storage: read data file = SRRun01_grf.mot (nr=10005 nc=19)
[info] ExternalForce::RightGRF Data source being set to SRRun01_grf
[info] ExternalForce::LeftGRF Data source being set to SRRun01_grf
[info] Storage: read data file = SRRun01_grf.mot (nr=10005 nc=19)
[info] ExternalForce::RightGRF Data source being set to SRRun01_grf
[info] ExternalForce::LeftGRF Data source being set to SRRun01_grf
[info] Storage: read data file = SRRun01_grf.mot (nr=10005 nc=19)
[info] ExternalForce::RightGRF Data source being set to SRRun01_grf
[info] ExternalForce::LeftGRF Data source being set to SRRun01_grf
[info] Storage: read data file = SRRun01_grf.mot (nr=10005 nc=19)
[info] ExternalForce::RightGRF Data source being set to SRRun01_grf
[info] ExternalForce::LeftGRF Data source being set to SRRun01_grf
[info] Storage: read data file = SRRun01_grf.mot (nr=10005 nc=19)
[info] ExternalForce::RightGRF Data source being set to SRRun01_grf
[info] ExternalForce::LeftGRF Data source being set to SRRun01_grf
[info] Storage: read data file = SRRun01_grf.mot (nr=10005 nc=19)
[info] ExternalForce::RightGRF Data source being set to SRRun01_grf
[info] ExternalForce::LeftGRF Data source being set to SRRun01_grf
[info] Storage: read data file = SRRun01_grf.mot (nr=10005 nc=19)
[info] ExternalForce::RightGRF Data source being set to SRRun01_grf
[info] ExternalForce::LeftGRF Data source being set to SRRun01_grf
[info] Storage: read data file = SRRun01_grf.mot (nr=10005 nc=19)
[info] ExternalForce::RightGRF Data source being set to SRRun01_grf
[info] ExternalForce::LeftGRF Data source being set to SRRun01_grf
[info] Storage: read data file = SRRun01_grf.mot (nr=10005 nc=19)
[info] ExternalForce::RightGRF Data source being set to SRRun01_grf
[info] ExternalForce::LeftGRF Data source being set to SRRun01_grf
[info] Storage: read data file = SRRun01_grf.mot (nr=10005 nc=19)
[info] ExternalForce::RightGRF Data source being set to SRRun01_grf
[info] ExternalForce::LeftGRF Data source being set to SRRun01_grf
[info] Storage: read data file = SRRun01_grf.mot (nr=10005 nc=19)
[info] ExternalForce::RightGRF Data source being set to SRRun01_grf
[info] ExternalForce::LeftGRF Data source being set to SRRun01_grf
[info] Storage: read data file = SRRun01_grf.mot (nr=10005 nc=19)
[info] ExternalForce::RightGRF Data source being set to SRRun01_grf
[info] ExternalForce::LeftGRF Data source being set to SRRun01_grf
[info] Storage: read data file = SRRun01_grf.mot (nr=10005 nc=19)
[info] ExternalForce::RightGRF Data source being set to SRRun01_grf
[info] ExternalForce::LeftGRF Data source being set to SRRun01_grf
[info] Storage: read data file = SRRun01_grf.mot (nr=10005 nc=19)
[info] ExternalForce::RightGRF Data source being set to SRRun01_grf
[info] ExternalForce::LeftGRF Data source being set to SRRun01_grf
[info] Storage: read data file = SRRun01_grf.mot (nr=10005 nc=19)
[info] ExternalForce::RightGRF Data source being set to SRRun01_grf
[info] ExternalForce::LeftGRF Data source being set to SRRun01_grf
[info] Storage: read data file = SRRun01_grf.mot (nr=10005 nc=19)
[info] ExternalForce::RightGRF Data source being set to SRRun01_grf
[info] ExternalForce::LeftGRF Data source being set to SRRun01_grf
[info] Storage: read data file = SRRun01_grf.mot (nr=10005 nc=19)
[info] ExternalForce::RightGRF Data source being set to SRRun01_grf
[info] ExternalForce::LeftGRF Data source being set to SRRun01_grf
[info] Storage: read data file = SRRun01_grf.mot (nr=10005 nc=19)
[info] ExternalForce::RightGRF Data source being set to SRRun01_grf
[info] ExternalForce::LeftGRF Data source being set to SRRun01_grf
[info] Storage: read data file = SRRun01_grf.mot (nr=10005 nc=19)
[info] ExternalForce::RightGRF Data source being set to SRRun01_grf
[info] ExternalForce::LeftGRF Data source being set to SRRun01_grf
[info] Storage: read data file = SRRun01_grf.mot (nr=10005 nc=19)
[info] ExternalForce::RightGRF Data source being set to SRRun01_grf
[info] ExternalForce::LeftGRF Data source being set to SRRun01_grf
[info] Storage: read data file = SRRun01_grf.mot (nr=10005 nc=19)
[info] ExternalForce::RightGRF Data source being set to SRRun01_grf
[info] ExternalForce::LeftGRF Data source being set to SRRun01_grf
[info] Storage: read data file = SRRun01_grf.mot (nr=10005 nc=19)
[info] ExternalForce::RightGRF Data source being set to SRRun01_grf
[info] ExternalForce::LeftGRF Data source being set to SRRun01_grf
[info] Storage: read data file = SRRun01_grf.mot (nr=10005 nc=19)
[info] ExternalForce::RightGRF Data source being set to SRRun01_grf
[info] ExternalForce::LeftGRF Data source being set to SRRun01_grf
[info] Storage: read data file = SRRun01_grf.mot (nr=10005 nc=19)
[info] ExternalForce::RightGRF Data source being set to SRRun01_grf
[info] ExternalForce::LeftGRF Data source being set to SRRun01_grf
[info] Storage: read data file = SRRun01_grf.mot (nr=10005 nc=19)
[info] ExternalForce::RightGRF Data source being set to SRRun01_grf
[info] ExternalForce::LeftGRF Data source being set to SRRun01_grf
[info] Storage: read data file = SRRun01_grf.mot (nr=10005 nc=19)
[info] ExternalForce::RightGRF Data source being set to SRRun01_grf
[info] ExternalForce::LeftGRF Data source being set to SRRun01_grf
[info] Storage: read data file = SRRun01_grf.mot (nr=10005 nc=19)
[info] ExternalForce::RightGRF Data source being set to SRRun01_grf
[info] ExternalForce::LeftGRF Data source being set to SRRun01_grf
[info] Storage: read data file = SRRun01_grf.mot (nr=10005 nc=19)
[info] ExternalForce::RightGRF Data source being set to SRRun01_grf
[info] ExternalForce::LeftGRF Data source being set to SRRun01_grf
[info] Storage: read data file = SRRun01_grf.mot (nr=10005 nc=19)
[info] ExternalForce::RightGRF Data source being set to SRRun01_grf
[info] ExternalForce::LeftGRF Data source being set to SRRun01_grf
[info] Storage: read data file = SRRun01_grf.mot (nr=10005 nc=19)
[info] ExternalForce::RightGRF Data source being set to SRRun01_grf
[info] ExternalForce::LeftGRF Data source being set to SRRun01_grf
[info] Storage: read data file = SRRun01_grf.mot (nr=10005 nc=19)
[info] ExternalForce::RightGRF Data source being set to SRRun01_grf
[info] ExternalForce::LeftGRF Data source being set to SRRun01_grf
[info] Storage: read data file = SRRun01_grf.mot (nr=10005 nc=19)
[info] ExternalForce::RightGRF Data source being set to SRRun01_grf
[info] ExternalForce::LeftGRF Data source being set to SRRun01_grf
[info] Storage: read data file = SRRun01_grf.mot (nr=10005 nc=19)
[info] ExternalForce::RightGRF Data source being set to SRRun01_grf
[info] ExternalForce::LeftGRF Data source being set to SRRun01_grf
[info] Storage: read data file = SRRun01_grf.mot (nr=10005 nc=19)
[info] ExternalForce::RightGRF Data source being set to SRRun01_grf
[info] ExternalForce::LeftGRF Data source being set to SRRun01_grf
[info] Storage: read data file = SRRun01_grf.mot (nr=10005 nc=19)
[info] ExternalForce::RightGRF Data source being set to SRRun01_grf
[info] ExternalForce::LeftGRF Data source being set to SRRun01_grf
[info] Storage: read data file = SRRun01_grf.mot (nr=10005 nc=19)
[info] ExternalForce::RightGRF Data source being set to SRRun01_grf
[info] ExternalForce::LeftGRF Data source being set to SRRun01_grf
[info] Storage: read data file = SRRun01_grf.mot (nr=10005 nc=19)
[info] ExternalForce::RightGRF Data source being set to SRRun01_grf
[info] ExternalForce::LeftGRF Data source being set to SRRun01_grf
[info] Storage: read data file = SRRun01_grf.mot (nr=10005 nc=19)
[info] ExternalForce::RightGRF Data source being set to SRRun01_grf
[info] ExternalForce::LeftGRF Data source being set to SRRun01_grf
[info] Storage: read data file = SRRun01_grf.mot (nr=10005 nc=19)
[info] ExternalForce::RightGRF Data source being set to SRRun01_grf
[info] ExternalForce::LeftGRF Data source being set to SRRun01_grf
[info] Storage: read data file = SRRun01_grf.mot (nr=10005 nc=19)
[info] ExternalForce::RightGRF Data source being set to SRRun01_grf
[info] ExternalForce::LeftGRF Data source being set to SRRun01_grf
[info] Storage: read data file = SRRun01_grf.mot (nr=10005 nc=19)
[info] ExternalForce::RightGRF Data source being set to SRRun01_grf
[info] ExternalForce::LeftGRF Data source being set to SRRun01_grf
[info] Storage: read data file = SRRun01_grf.mot (nr=10005 nc=19)
[info] ExternalForce::RightGRF Data source being set to SRRun01_grf
[info] ExternalForce::LeftGRF Data source being set to SRRun01_grf
[info] Storage: read data file = SRRun01_grf.mot (nr=10005 nc=19)
[info] ExternalForce::RightGRF Data source being set to SRRun01_grf
[info] ExternalForce::LeftGRF Data source being set to SRRun01_grf
[info] Storage: read data file = SRRun01_grf.mot (nr=10005 nc=19)
[info] ExternalForce::RightGRF Data source being set to SRRun01_grf
[info] ExternalForce::LeftGRF Data source being set to SRRun01_grf
[info] Storage: read data file = SRRun01_grf.mot (nr=10005 nc=19)
[info] ExternalForce::RightGRF Data source being set to SRRun01_grf
[info] ExternalForce::LeftGRF Data source being set to SRRun01_grf
[info] Storage: read data file = SRRun01_grf.mot (nr=10005 nc=19)
[info] ExternalForce::RightGRF Data source being set to SRRun01_grf
[info] ExternalForce::LeftGRF Data source being set to SRRun01_grf
[info] Storage: read data file = SRRun01_grf.mot (nr=10005 nc=19)
[info] ExternalForce::RightGRF Data source being set to SRRun01_grf
[info] ExternalForce::LeftGRF Data source being set to SRRun01_grf
[info] Storage: read data file = SRRun01_grf.mot (nr=10005 nc=19)
[info] ExternalForce::RightGRF Data source being set to SRRun01_grf
[info] ExternalForce::LeftGRF Data source being set to SRRun01_grf
[info] Storage: read data file = SRRun01_grf.mot (nr=10005 nc=19)
[info] ExternalForce::RightGRF Data source being set to SRRun01_grf
[info] ExternalForce::LeftGRF Data source being set to SRRun01_grf
[info] Storage: read data file = SRRun01_grf.mot (nr=10005 nc=19)
[info] ExternalForce::RightGRF Data source being set to SRRun01_grf
[info] ExternalForce::LeftGRF Data source being set to SRRun01_grf
[info] Storage: read data file = SRRun01_grf.mot (nr=10005 nc=19)
[info] ExternalForce::RightGRF Data source being set to SRRun01_grf
[info] ExternalForce::LeftGRF Data source being set to SRRun01_grf
[info] Storage: read data file = SRRun01_grf.mot (nr=10005 nc=19)
[info] ExternalForce::RightGRF Data source being set to SRRun01_grf
[info] ExternalForce::LeftGRF Data source being set to SRRun01_grf
[info] Storage: read data file = SRRun01_grf.mot (nr=10005 nc=19)
[info] ExternalForce::RightGRF Data source being set to SRRun01_grf
[info] ExternalForce::LeftGRF Data source being set to SRRun01_grf
[info] Storage: read data file = SRRun01_grf.mot (nr=10005 nc=19)
[info] ExternalForce::RightGRF Data source being set to SRRun01_grf
[info] ExternalForce::LeftGRF Data source being set to SRRun01_grf
[info] Storage: read data file = SRRun01_grf.mot (nr=10005 nc=19)
[info] ExternalForce::RightGRF Data source being set to SRRun01_grf
[info] ExternalForce::LeftGRF Data source being set to SRRun01_grf
[info] Storage: read data file = SRRun01_grf.mot (nr=10005 nc=19)
[info] ExternalForce::RightGRF Data source being set to SRRun01_grf
[info] ExternalForce::LeftGRF Data source being set to SRRun01_grf
[info] Storage: read data file = SRRun01_grf.mot (nr=10005 nc=19)
[info] ExternalForce::RightGRF Data source being set to SRRun01_grf
[info] ExternalForce::LeftGRF Data source being set to SRRun01_grf
[info] Storage: read data file = SRRun01_grf.mot (nr=10005 nc=19)
[info] ExternalForce::RightGRF Data source being set to SRRun01_grf
[info] ExternalForce::LeftGRF Data source being set to SRRun01_grf
[info] Storage: read data file = SRRun01_grf.mot (nr=10005 nc=19)
[info] ExternalForce::RightGRF Data source being set to SRRun01_grf
[info] ExternalForce::LeftGRF Data source being set to SRRun01_grf
[info] Storage: read data file = SRRun01_grf.mot (nr=10005 nc=19)
[info] ExternalForce::RightGRF Data source being set to SRRun01_grf
[info] ExternalForce::LeftGRF Data source being set to SRRun01_grf
[info] Storage: read data file = SRRun01_grf.mot (nr=10005 nc=19)
[info] ExternalForce::RightGRF Data source being set to SRRun01_grf
[info] ExternalForce::LeftGRF Data source being set to SRRun01_grf
[info] Storage: read data file = SRRun01_grf.mot (nr=10005 nc=19)
[info] ExternalForce::RightGRF Data source being set to SRRun01_grf
[info] ExternalForce::LeftGRF Data source being set to SRRun01_grf
[info] Storage: read data file = SRRun01_grf.mot (nr=10005 nc=19)
[info] ExternalForce::RightGRF Data source being set to SRRun01_grf
[info] ExternalForce::LeftGRF Data source being set to SRRun01_grf
[info] Storage: read data file = SRRun01_grf.mot (nr=10005 nc=19)
[info] ExternalForce::RightGRF Data source being set to SRRun01_grf
[info] ExternalForce::LeftGRF Data source being set to SRRun01_grf
[info] Storage: read data file = SRRun01_grf.mot (nr=10005 nc=19)
[info] ExternalForce::RightGRF Data source being set to SRRun01_grf
[info] ExternalForce::LeftGRF Data source being set to SRRun01_grf
[info] Storage: read data file = SRRun01_grf.mot (nr=10005 nc=19)
[info] ExternalForce::RightGRF Data source being set to SRRun01_grf
[info] ExternalForce::LeftGRF Data source being set to SRRun01_grf
[info] Storage: read data file = SRRun01_grf.mot (nr=10005 nc=19)
[info] ExternalForce::RightGRF Data source being set to SRRun01_grf
[info] ExternalForce::LeftGRF Data source being set to SRRun01_grf
[info] Storage: read data file = SRRun01_grf.mot (nr=10005 nc=19)
[info] ExternalForce::RightGRF Data source being set to SRRun01_grf
[info] ExternalForce::LeftGRF Data source being set to SRRun01_grf
[info] Storage: read data file = SRRun01_grf.mot (nr=10005 nc=19)
[info] ExternalForce::RightGRF Data source being set to SRRun01_grf
[info] ExternalForce::LeftGRF Data source being set to SRRun01_grf
[info] Storage: read data file = SRRun01_grf.mot (nr=10005 nc=19)
[info] ExternalForce::RightGRF Data source being set to SRRun01_grf
[info] ExternalForce::LeftGRF Data source being set to SRRun01_grf
[info] Storage: read data file = SRRun01_grf.mot (nr=10005 nc=19)
[info] ExternalForce::RightGRF Data source being set to SRRun01_grf
[info] ExternalForce::LeftGRF Data source being set to SRRun01_grf
[info] Storage: read data file = SRRun01_grf.mot (nr=10005 nc=19)
[info] ExternalForce::RightGRF Data source being set to SRRun01_grf
[info] ExternalForce::LeftGRF Data source being set to SRRun01_grf
[info] Storage: read data file = SRRun01_grf.mot (nr=10005 nc=19)
[info] ExternalForce::RightGRF Data source being set to SRRun01_grf
[info] ExternalForce::LeftGRF Data source being set to SRRun01_grf
[info] Storage: read data file = SRRun01_grf.mot (nr=10005 nc=19)
[info] ExternalForce::RightGRF Data source being set to SRRun01_grf
[info] ExternalForce::LeftGRF Data source being set to SRRun01_grf
[info] Storage: read data file = SRRun01_grf.mot (nr=10005 nc=19)
[info] ExternalForce::RightGRF Data source being set to SRRun01_grf
[info] ExternalForce::LeftGRF Data source being set to SRRun01_grf
[info] Storage: read data file = SRRun01_grf.mot (nr=10005 nc=19)
[info] ExternalForce::RightGRF Data source being set to SRRun01_grf
[info] ExternalForce::LeftGRF Data source being set to SRRun01_grf
[info] Storage: read data file = SRRun01_grf.mot (nr=10005 nc=19)
[info] ExternalForce::RightGRF Data source being set to SRRun01_grf
[info] ExternalForce::LeftGRF Data source being set to SRRun01_grf
[info] Storage: read data file = SRRun01_grf.mot (nr=10005 nc=19)
[info] ExternalForce::RightGRF Data source being set to SRRun01_grf
[info] ExternalForce::LeftGRF Data source being set to SRRun01_grf
[info] Storage: read data file = SRRun01_grf.mot (nr=10005 nc=19)
[info] ExternalForce::RightGRF Data source being set to SRRun01_grf
[info] ExternalForce::LeftGRF Data source being set to SRRun01_grf
[info] Storage: read data file = SRRun01_grf.mot (nr=10005 nc=19)
[info] ExternalForce::RightGRF Data source being set to SRRun01_grf
[info] ExternalForce::LeftGRF Data source being set to SRRun01_grf
[info] Storage: read data file = SRRun01_grf.mot (nr=10005 nc=19)
[info] ExternalForce::RightGRF Data source being set to SRRun01_grf
[info] ExternalForce::LeftGRF Data source being set to SRRun01_grf
[info] Storage: read data file = SRRun01_grf.mot (nr=10005 nc=19)
[info] ExternalForce::RightGRF Data source being set to SRRun01_grf
[info] ExternalForce::LeftGRF Data source being set to SRRun01_grf
[info] Storage: read data file = SRRun01_grf.mot (nr=10005 nc=19)
[info] ExternalForce::RightGRF Data source being set to SRRun01_grf
[info] ExternalForce::LeftGRF Data source being set to SRRun01_grf
[info] Storage: read data file = SRRun01_grf.mot (nr=10005 nc=19)
[info] ExternalForce::RightGRF Data source being set to SRRun01_grf
[info] ExternalForce::LeftGRF Data source being set to SRRun01_grf
[info] Storage: read data file = SRRun01_grf.mot (nr=10005 nc=19)
[info] ExternalForce::RightGRF Data source being set to SRRun01_grf
[info] ExternalForce::LeftGRF Data source being set to SRRun01_grf
[info] Storage: read data file = SRRun01_grf.mot (nr=10005 nc=19)
[info] ExternalForce::RightGRF Data source being set to SRRun01_grf
[info] ExternalForce::LeftGRF Data source being set to SRRun01_grf
[info] Storage: read data file = SRRun01_grf.mot (nr=10005 nc=19)
[info] ExternalForce::RightGRF Data source being set to SRRun01_grf
[info] ExternalForce::LeftGRF Data source being set to SRRun01_grf
[info] Storage: read data file = SRRun01_grf.mot (nr=10005 nc=19)
[info] ExternalForce::RightGRF Data source being set to SRRun01_grf
[info] ExternalForce::LeftGRF Data source being set to SRRun01_grf
[info] Storage: read data file = SRRun01_grf.mot (nr=10005 nc=19)
[info] ExternalForce::RightGRF Data source being set to SRRun01_grf
[info] ExternalForce::LeftGRF Data source being set to SRRun01_grf
[info] Storage: read data file = SRRun01_grf.mot (nr=10005 nc=19)
[info] ExternalForce::RightGRF Data source being set to SRRun01_grf
[info] ExternalForce::LeftGRF Data source being set to SRRun01_grf
[info] Storage: read data file = SRRun01_grf.mot (nr=10005 nc=19)
[info] ExternalForce::RightGRF Data source being set to SRRun01_grf
[info] ExternalForce::LeftGRF Data source being set to SRRun01_grf
[info] Storage: read data file = SRRun01_grf.mot (nr=10005 nc=19)
[info] ExternalForce::RightGRF Data source being set to SRRun01_grf
[info] ExternalForce::LeftGRF Data source being set to SRRun01_grf
[info] Storage: read data file = SRRun01_grf.mot (nr=10005 nc=19)
[info] ExternalForce::RightGRF Data source being set to SRRun01_grf
[info] ExternalForce::LeftGRF Data source being set to SRRun01_grf
[info] Storage: read data file = SRRun01_grf.mot (nr=10005 nc=19)
[info] ExternalForce::RightGRF Data source being set to SRRun01_grf
[info] ExternalForce::LeftGRF Data source being set to SRRun01_grf
[info] Storage: read data file = SRRun01_grf.mot (nr=10005 nc=19)
[info] ExternalForce::RightGRF Data source being set to SRRun01_grf
[info] ExternalForce::LeftGRF Data source being set to SRRun01_grf
[info] Storage: read data file = SRRun01_grf.mot (nr=10005 nc=19)
[info] ExternalForce::RightGRF Data source being set to SRRun01_grf
[info] ExternalForce::LeftGRF Data source being set to SRRun01_grf
[info] Storage: read data file = SRRun01_grf.mot (nr=10005 nc=19)
[info] ExternalForce::RightGRF Data source being set to SRRun01_grf
[info] ExternalForce::LeftGRF Data source being set to SRRun01_grf
[info] Storage: read data file = SRRun01_grf.mot (nr=10005 nc=19)
[info] ExternalForce::RightGRF Data source being set to SRRun01_grf
[info] ExternalForce::LeftGRF Data source being set to SRRun01_grf
[info] Storage: read data file = SRRun01_grf.mot (nr=10005 nc=19)
[info] ExternalForce::RightGRF Data source being set to SRRun01_grf
[info] ExternalForce::LeftGRF Data source being set to SRRun01_grf
[info] Storage: read data file = SRRun01_grf.mot (nr=10005 nc=19)
[info] ExternalForce::RightGRF Data source being set to SRRun01_grf
[info] ExternalForce::LeftGRF Data source being set to SRRun01_grf
[info] Storage: read data file = SRRun01_grf.mot (nr=10005 nc=19)
[info] ExternalForce::RightGRF Data source being set to SRRun01_grf
[info] ExternalForce::LeftGRF Data source being set to SRRun01_grf
[info] Storage: read data file = SRRun01_grf.mot (nr=10005 nc=19)
[info] ExternalForce::RightGRF Data source being set to SRRun01_grf
[info] ExternalForce::LeftGRF Data source being set to SRRun01_grf
[info] Storage: read data file = SRRun01_grf.mot (nr=10005 nc=19)
[info] ExternalForce::RightGRF Data source being set to SRRun01_grf
[info] ExternalForce::LeftGRF Data source being set to SRRun01_grf
[info] Storage: read data file = SRRun01_grf.mot (nr=10005 nc=19)
[info] ExternalForce::RightGRF Data source being set to SRRun01_grf
[info] ExternalForce::LeftGRF Data source being set to SRRun01_grf
[info] Storage: read data file = SRRun01_grf.mot (nr=10005 nc=19)
[info] ExternalForce::RightGRF Data source being set to SRRun01_grf
[info] ExternalForce::LeftGRF Data source being set to SRRun01_grf
[info] Storage: read data file = SRRun01_grf.mot (nr=10005 nc=19)
[info] ExternalForce::RightGRF Data source being set to SRRun01_grf
[info] ExternalForce::LeftGRF Data source being set to SRRun01_grf
[info] Storage: read data file = SRRun01_grf.mot (nr=10005 nc=19)
[info] ExternalForce::RightGRF Data source being set to SRRun01_grf
[info] ExternalForce::LeftGRF Data source being set to SRRun01_grf
[info] Storage: read data file = SRRun01_grf.mot (nr=10005 nc=19)
[info] ExternalForce::RightGRF Data source being set to SRRun01_grf
[info] ExternalForce::LeftGRF Data source being set to SRRun01_grf
[info] Storage: read data file = SRRun01_grf.mot (nr=10005 nc=19)
[info] ExternalForce::RightGRF Data source being set to SRRun01_grf
[info] ExternalForce::LeftGRF Data source being set to SRRun01_grf
[info] Storage: read data file = SRRun01_grf.mot (nr=10005 nc=19)
[info] ExternalForce::RightGRF Data source being set to SRRun01_grf
[info] ExternalForce::LeftGRF Data source being set to SRRun01_grf
[info] Storage: read data file = SRRun01_grf.mot (nr=10005 nc=19)
[info] ExternalForce::RightGRF Data source being set to SRRun01_grf
[info] ExternalForce::LeftGRF Data source being set to SRRun01_grf
[info] Storage: read data file = SRRun01_grf.mot (nr=10005 nc=19)
[info] ExternalForce::RightGRF Data source being set to SRRun01_grf
[info] ExternalForce::LeftGRF Data source being set to SRRun01_grf
[info] Storage: read data file = SRRun01_grf.mot (nr=10005 nc=19)
[info] ExternalForce::RightGRF Data source being set to SRRun01_grf
[info] ExternalForce::LeftGRF Data source being set to SRRun01_grf
[info] Storage: read data file = SRRun01_grf.mot (nr=10005 nc=19)
[info] ExternalForce::RightGRF Data source being set to SRRun01_grf
[info] ExternalForce::LeftGRF Data source being set to SRRun01_grf
[info] Storage: read data file = SRRun01_grf.mot (nr=10005 nc=19)
[info] ExternalForce::RightGRF Data source being set to SRRun01_grf
[info] ExternalForce::LeftGRF Data source being set to SRRun01_grf
[info] Storage: read data file = SRRun01_grf.mot (nr=10005 nc=19)
[info] ExternalForce::RightGRF Data source being set to SRRun01_grf
[info] ExternalForce::LeftGRF Data source being set to SRRun01_grf
[info] Storage: read data file = SRRun01_grf.mot (nr=10005 nc=19)
[info] ExternalForce::RightGRF Data source being set to SRRun01_grf
[info] ExternalForce::LeftGRF Data source being set to SRRun01_grf
[info] Storage: read data file = SRRun01_grf.mot (nr=10005 nc=19)
[info] ExternalForce::RightGRF Data source being set to SRRun01_grf
[info] ExternalForce::LeftGRF Data source being set to SRRun01_grf
[info] Storage: read data file = SRRun01_grf.mot (nr=10005 nc=19)
[info] ExternalForce::RightGRF Data source being set to SRRun01_grf
[info] ExternalForce::LeftGRF Data source being set to SRRun01_grf
[info] Storage: read data file = SRRun01_grf.mot (nr=10005 nc=19)
[info] ExternalForce::RightGRF Data source being set to SRRun01_grf
[info] ExternalForce::LeftGRF Data source being set to SRRun01_grf
[info] Storage: read data file = SRRun01_grf.mot (nr=10005 nc=19)
[info] ExternalForce::RightGRF Data source being set to SRRun01_grf
[info] ExternalForce::LeftGRF Data source being set to SRRun01_grf
[info] Storage: read data file = SRRun01_grf.mot (nr=10005 nc=19)
[info] ExternalForce::RightGRF Data source being set to SRRun01_grf
[info] ExternalForce::LeftGRF Data source being set to SRRun01_grf
[info] Storage: read data file = SRRun01_grf.mot (nr=10005 nc=19)
[info] ExternalForce::RightGRF Data source being set to SRRun01_grf
[info] ExternalForce::LeftGRF Data source being set to SRRun01_grf
[info] Storage: read data file = SRRun01_grf.mot (nr=10005 nc=19)
[info] ExternalForce::RightGRF Data source being set to SRRun01_grf
[info] ExternalForce::LeftGRF Data source being set to SRRun01_grf
[info] Storage: read data file = SRRun01_grf.mot (nr=10005 nc=19)
[info] ExternalForce::RightGRF Data source being set to SRRun01_grf
[info] ExternalForce::LeftGRF Data source being set to SRRun01_grf
[info] Storage: read data file = SRRun01_grf.mot (nr=10005 nc=19)
[info] ExternalForce::RightGRF Data source being set to SRRun01_grf
[info] ExternalForce::LeftGRF Data source being set to SRRun01_grf
[info] Storage: read data file = SRRun01_grf.mot (nr=10005 nc=19)
[info] ExternalForce::RightGRF Data source being set to SRRun01_grf
[info] ExternalForce::LeftGRF Data source being set to SRRun01_grf
[info] Storage: read data file = SRRun01_grf.mot (nr=10005 nc=19)
[info] ExternalForce::RightGRF Data source being set to SRRun01_grf
[info] ExternalForce::LeftGRF Data source being set to SRRun01_grf
[info] Storage: read data file = SRRun01_grf.mot (nr=10005 nc=19)
[info] ExternalForce::RightGRF Data source being set to SRRun01_grf
[info] ExternalForce::LeftGRF Data source being set to SRRun01_grf
[info] Storage: read data file = SRRun01_grf.mot (nr=10005 nc=19)
[info] ExternalForce::RightGRF Data source being set to SRRun01_grf
[info] ExternalForce::LeftGRF Data source being set to SRRun01_grf
[info] Storage: read data file = SRRun01_grf.mot (nr=10005 nc=19)
[info] ExternalForce::RightGRF Data source being set to SRRun01_grf
[info] ExternalForce::LeftGRF Data source being set to SRRun01_grf
[info] Storage: read data file = SRRun01_grf.mot (nr=10005 nc=19)
[info] ExternalForce::RightGRF Data source being set to SRRun01_grf
[info] ExternalForce::LeftGRF Data source being set to SRRun01_grf
[info] Storage: read data file = SRRun01_grf.mot (nr=10005 nc=19)
[info] ExternalForce::RightGRF Data source being set to SRRun01_grf
[info] ExternalForce::LeftGRF Data source being set to SRRun01_grf
[info] Storage: read data file = SRRun01_grf.mot (nr=10005 nc=19)
[info] ExternalForce::RightGRF Data source being set to SRRun01_grf
[info] ExternalForce::LeftGRF Data source being set to SRRun01_grf
[info] Storage: read data file = SRRun01_grf.mot (nr=10005 nc=19)
[info] ExternalForce::RightGRF Data source being set to SRRun01_grf
[info] ExternalForce::LeftGRF Data source being set to SRRun01_grf
[info] Storage: read data file = SRRun01_grf.mot (nr=10005 nc=19)
[info] ExternalForce::RightGRF Data source being set to SRRun01_grf
[info] ExternalForce::LeftGRF Data source being set to SRRun01_grf
[info] Storage: read data file = SRRun01_grf.mot (nr=10005 nc=19)
[info] ExternalForce::RightGRF Data source being set to SRRun01_grf
[info] ExternalForce::LeftGRF Data source being set to SRRun01_grf
[info] Storage: read data file = SRRun01_grf.mot (nr=10005 nc=19)
[info] ExternalForce::RightGRF Data source being set to SRRun01_grf
[info] ExternalForce::LeftGRF Data source being set to SRRun01_grf
[info] Storage: read data file = SRRun01_grf.mot (nr=10005 nc=19)
[info] ExternalForce::RightGRF Data source being set to SRRun01_grf
[info] ExternalForce::LeftGRF Data source being set to SRRun01_grf
[info] Storage: read data file = SRRun01_grf.mot (nr=10005 nc=19)
[info] ExternalForce::RightGRF Data source being set to SRRun01_grf
[info] ExternalForce::LeftGRF Data source being set to SRRun01_grf
[info] Storage: read data file = SRRun01_grf.mot (nr=10005 nc=19)
[info] ExternalForce::RightGRF Data source being set to SRRun01_grf
[info] ExternalForce::LeftGRF Data source being set to SRRun01_grf
[info] Storage: read data file = SRRun01_grf.mot (nr=10005 nc=19)
[info] ExternalForce::RightGRF Data source being set to SRRun01_grf
[info] ExternalForce::LeftGRF Data source being set to SRRun01_grf
[info] Storage: read data file = SRRun01_grf.mot (nr=10005 nc=19)
[info] ExternalForce::RightGRF Data source being set to SRRun01_grf
[info] ExternalForce::LeftGRF Data source being set to SRRun01_grf
[info] Storage: read data file = SRRun01_grf.mot (nr=10005 nc=19)
[info] ExternalForce::RightGRF Data source being set to SRRun01_grf
[info] ExternalForce::LeftGRF Data source being set to SRRun01_grf
[info] Storage: read data file = SRRun01_grf.mot (nr=10005 nc=19)
[info] ExternalForce::RightGRF Data source being set to SRRun01_grf
[info] ExternalForce::LeftGRF Data source being set to SRRun01_grf
[info] Storage: read data file = SRRun01_grf.mot (nr=10005 nc=19)
[info] ExternalForce::RightGRF Data source being set to SRRun01_grf
[info] ExternalForce::LeftGRF Data source being set to SRRun01_grf
[info] Storage: read data file = SRRun01_grf.mot (nr=10005 nc=19)
[info] ExternalForce::RightGRF Data source being set to SRRun01_grf
[info] ExternalForce::LeftGRF Data source being set to SRRun01_grf
[info] Storage: read data file = SRRun01_grf.mot (nr=10005 nc=19)
[info] ExternalForce::RightGRF Data source being set to SRRun01_grf
[info] ExternalForce::LeftGRF Data source being set to SRRun01_grf
[info] Storage: read data file = SRRun01_grf.mot (nr=10005 nc=19)
[info] ExternalForce::RightGRF Data source being set to SRRun01_grf
[info] ExternalForce::LeftGRF Data source being set to SRRun01_grf
[info] Storage: read data file = SRRun01_grf.mot (nr=10005 nc=19)
[info] ExternalForce::RightGRF Data source being set to SRRun01_grf
[info] ExternalForce::LeftGRF Data source being set to SRRun01_grf
[info] Storage: read data file = SRRun01_grf.mot (nr=10005 nc=19)
[info] ExternalForce::RightGRF Data source being set to SRRun01_grf
[info] ExternalForce::LeftGRF Data source being set to SRRun01_grf
[info] Storage: read data file = SRRun01_grf.mot (nr=10005 nc=19)
[info] ExternalForce::RightGRF Data source being set to SRRun01_grf
[info] ExternalForce::LeftGRF Data source being set to SRRun01_grf
[info] Storage: read data file = SRRun01_grf.mot (nr=10005 nc=19)
[info] ExternalForce::RightGRF Data source being set to SRRun01_grf
[info] ExternalForce::LeftGRF Data source being set to SRRun01_grf
[info] Storage: read data file = SRRun01_grf.mot (nr=10005 nc=19)
[info] ExternalForce::RightGRF Data source being set to SRRun01_grf
[info] ExternalForce::LeftGRF Data source being set to SRRun01_grf
[info] Storage: read data file = SRRun01_grf.mot (nr=10005 nc=19)
[info] ExternalForce::RightGRF Data source being set to SRRun01_grf
[info] ExternalForce::LeftGRF Data source being set to SRRun01_grf
[info] Storage: read data file = SRRun01_grf.mot (nr=10005 nc=19)
[info] ExternalForce::RightGRF Data source being set to SRRun01_grf
[info] ExternalForce::LeftGRF Data source being set to SRRun01_grf
[info] Storage: read data file = SRRun01_grf.mot (nr=10005 nc=19)
[info] ExternalForce::RightGRF Data source being set to SRRun01_grf
[info] ExternalForce::LeftGRF Data source being set to SRRun01_grf
[info] Storage: read data file = SRRun01_grf.mot (nr=10005 nc=19)
[info] ExternalForce::RightGRF Data source being set to SRRun01_grf
[info] ExternalForce::LeftGRF Data source being set to SRRun01_grf
[info] Storage: read data file = SRRun01_grf.mot (nr=10005 nc=19)
[info] ExternalForce::RightGRF Data source being set to SRRun01_grf
[info] ExternalForce::LeftGRF Data source being set to SRRun01_grf
[info] Storage: read data file = SRRun01_grf.mot (nr=10005 nc=19)
[info] ExternalForce::RightGRF Data source being set to SRRun01_grf
[info] ExternalForce::LeftGRF Data source being set to SRRun01_grf
[info] Storage: read data file = SRRun01_grf.mot (nr=10005 nc=19)
[info] ExternalForce::RightGRF Data source being set to SRRun01_grf
[info] ExternalForce::LeftGRF Data source being set to SRRun01_grf
[info] Storage: read data file = SRRun01_grf.mot (nr=10005 nc=19)
[info] ExternalForce::RightGRF Data source being set to SRRun01_grf
[info] ExternalForce::LeftGRF Data source being set to SRRun01_grf
[info] Storage: read data file = SRRun01_grf.mot (nr=10005 nc=19)
[info] ExternalForce::RightGRF Data source being set to SRRun01_grf
[info] ExternalForce::LeftGRF Data source being set to SRRun01_grf
[info] Storage: read data file = SRRun01_grf.mot (nr=10005 nc=19)
[info] ExternalForce::RightGRF Data source being set to SRRun01_grf
[info] ExternalForce::LeftGRF Data source being set to SRRun01_grf
[info] Storage: read data file = SRRun01_grf.mot (nr=10005 nc=19)
[info] ExternalForce::RightGRF Data source being set to SRRun01_grf
[info] ExternalForce::LeftGRF Data source being set to SRRun01_grf
[info] Storage: read data file = SRRun01_grf.mot (nr=10005 nc=19)
[info] ExternalForce::RightGRF Data source being set to SRRun01_grf
[info] ExternalForce::LeftGRF Data source being set to SRRun01_grf
[info] Storage: read data file = SRRun01_grf.mot (nr=10005 nc=19)
[info] ExternalForce::RightGRF Data source being set to SRRun01_grf
[info] ExternalForce::LeftGRF Data source being set to SRRun01_grf
[info] Storage: read data file = SRRun01_grf.mot (nr=10005 nc=19)
[info] ExternalForce::RightGRF Data source being set to SRRun01_grf
[info] ExternalForce::LeftGRF Data source being set to SRRun01_grf
[info] Storage: read data file = SRRun01_grf.mot (nr=10005 nc=19)
[info] ExternalForce::RightGRF Data source being set to SRRun01_grf
[info] ExternalForce::LeftGRF Data source being set to SRRun01_grf
[info] Storage: read data file = SRRun01_grf.mot (nr=10005 nc=19)
[info] ExternalForce::RightGRF Data source being set to SRRun01_grf
[info] ExternalForce::LeftGRF Data source being set to SRRun01_grf
[info] Storage: read data file = SRRun01_grf.mot (nr=10005 nc=19)
[info] ExternalForce::RightGRF Data source being set to SRRun01_grf
[info] ExternalForce::LeftGRF Data source being set to SRRun01_grf
[info] Storage: read data file = SRRun01_grf.mot (nr=10005 nc=19)
[info] ExternalForce::RightGRF Data source being set to SRRun01_grf
[info] ExternalForce::LeftGRF Data source being set to SRRun01_grf
[info] Storage: read data file = SRRun01_grf.mot (nr=10005 nc=19)
[info] ExternalForce::RightGRF Data source being set to SRRun01_grf
[info] ExternalForce::LeftGRF Data source being set to SRRun01_grf
[info] Storage: read data file = SRRun01_grf.mot (nr=10005 nc=19)
[info] ExternalForce::RightGRF Data source being set to SRRun01_grf
[info] ExternalForce::LeftGRF Data source being set to SRRun01_grf
[info] Storage: read data file = SRRun01_grf.mot (nr=10005 nc=19)
[info] ExternalForce::RightGRF Data source being set to SRRun01_grf
[info] ExternalForce::LeftGRF Data source being set to SRRun01_grf
[info] Storage: read data file = SRRun01_grf.mot (nr=10005 nc=19)
[info] ExternalForce::RightGRF Data source being set to SRRun01_grf
[info] ExternalForce::LeftGRF Data source being set to SRRun01_grf
[info] Storage: read data file = SRRun01_grf.mot (nr=10005 nc=19)
[info] ExternalForce::RightGRF Data source being set to SRRun01_grf
[info] ExternalForce::LeftGRF Data source being set to SRRun01_grf
[info] Storage: read data file = SRRun01_grf.mot (nr=10005 nc=19)
[info] ExternalForce::RightGRF Data source being set to SRRun01_grf
[info] ExternalForce::LeftGRF Data source being set to SRRun01_grf
[info] Storage: read data file = SRRun01_grf.mot (nr=10005 nc=19)
[info] ExternalForce::RightGRF Data source being set to SRRun01_grf
[info] ExternalForce::LeftGRF Data source being set to SRRun01_grf
[info] Storage: read data file = SRRun01_grf.mot (nr=10005 nc=19)
[info] ExternalForce::RightGRF Data source being set to SRRun01_grf
[info] ExternalForce::LeftGRF Data source being set to SRRun01_grf
[info] Storage: read data file = SRRun01_grf.mot (nr=10005 nc=19)
[info] ExternalForce::RightGRF Data source being set to SRRun01_grf
[info] ExternalForce::LeftGRF Data source being set to SRRun01_grf
[info] Storage: read data file = SRRun01_grf.mot (nr=10005 nc=19)
[info] ExternalForce::RightGRF Data source being set to SRRun01_grf
[info] ExternalForce::LeftGRF Data source being set to SRRun01_grf
[info] Storage: read data file = SRRun01_grf.mot (nr=10005 nc=19)
[info] ExternalForce::RightGRF Data source being set to SRRun01_grf
[info] ExternalForce::LeftGRF Data source being set to SRRun01_grf
[info] Storage: read data file = SRRun01_grf.mot (nr=10005 nc=19)
[info] ExternalForce::RightGRF Data source being set to SRRun01_grf
[info] ExternalForce::LeftGRF Data source being set to SRRun01_grf
[info] Storage: read data file = SRRun01_grf.mot (nr=10005 nc=19)
[info] ExternalForce::RightGRF Data source being set to SRRun01_grf
[info] ExternalForce::LeftGRF Data source being set to SRRun01_grf
[info] Storage: read data file = SRRun01_grf.mot (nr=10005 nc=19)
[info] ExternalForce::RightGRF Data source being set to SRRun01_grf
[info] ExternalForce::LeftGRF Data source being set to SRRun01_grf
[info] Storage: read data file = SRRun01_grf.mot (nr=10005 nc=19)
[info] ExternalForce::RightGRF Data source being set to SRRun01_grf
[info] ExternalForce::LeftGRF Data source being set to SRRun01_grf
[info] Storage: read data file = SRRun01_grf.mot (nr=10005 nc=19)
[info] ExternalForce::RightGRF Data source being set to SRRun01_grf
[info] ExternalForce::LeftGRF Data source being set to SRRun01_grf
[info] Storage: read data file = SRRun01_grf.mot (nr=10005 nc=19)
[info] ExternalForce::RightGRF Data source being set to SRRun01_grf
[info] ExternalForce::LeftGRF Data source being set to SRRun01_grf
[info] Storage: read data file = SRRun01_grf.mot (nr=10005 nc=19)
[info] ExternalForce::RightGRF Data source being set to SRRun01_grf
[info] ExternalForce::LeftGRF Data source being set to SRRun01_grf
[info] Storage: read data file = SRRun01_grf.mot (nr=10005 nc=19)
[info] ExternalForce::RightGRF Data source being set to SRRun01_grf
[info] ExternalForce::LeftGRF Data source being set to SRRun01_grf
[info] Storage: read data file = SRRun01_grf.mot (nr=10005 nc=19)
[info] ExternalForce::RightGRF Data source being set to SRRun01_grf
[info] ExternalForce::LeftGRF Data source being set to SRRun01_grf
[info] Storage: read data file = SRRun01_grf.mot (nr=10005 nc=19)
[info] ExternalForce::RightGRF Data source being set to SRRun01_grf
[info] ExternalForce::LeftGRF Data source being set to SRRun01_grf
[info] Storage: read data file = SRRun01_grf.mot (nr=10005 nc=19)
[info] ExternalForce::RightGRF Data source being set to SRRun01_grf
[info] ExternalForce::LeftGRF Data source being set to SRRun01_grf
[info] Storage: read data file = SRRun01_grf.mot (nr=10005 nc=19)
[info] ExternalForce::RightGRF Data source being set to SRRun01_grf
[info] ExternalForce::LeftGRF Data source being set to SRRun01_grf
[info] Storage: read data file = SRRun01_grf.mot (nr=10005 nc=19)
[info] ExternalForce::RightGRF Data source being set to SRRun01_grf
[info] ExternalForce::LeftGRF Data source being set to SRRun01_grf
[info] Storage: read data file = SRRun01_grf.mot (nr=10005 nc=19)
[info] ExternalForce::RightGRF Data source being set to SRRun01_grf
[info] ExternalForce::LeftGRF Data source being set to SRRun01_grf
[info] Storage: read data file = SRRun01_grf.mot (nr=10005 nc=19)
[info] ExternalForce::RightGRF Data source being set to SRRun01_grf
[info] ExternalForce::LeftGRF Data source being set to SRRun01_grf
[info] Storage: read data file = SRRun01_grf.mot (nr=10005 nc=19)
[info] ExternalForce::RightGRF Data source being set to SRRun01_grf
[info] ExternalForce::LeftGRF Data source being set to SRRun01_grf
[info] Storage: read data file = SRRun01_grf.mot (nr=10005 nc=19)
[info] ExternalForce::RightGRF Data source being set to SRRun01_grf
[info] ExternalForce::LeftGRF Data source being set to SRRun01_grf
[info] Storage: read data file = SRRun01_grf.mot (nr=10005 nc=19)
[info] ExternalForce::RightGRF Data source being set to SRRun01_grf
[info] ExternalForce::LeftGRF Data source being set to SRRun01_grf
[info] Storage: read data file = SRRun01_grf.mot (nr=10005 nc=19)
[info] ExternalForce::RightGRF Data source being set to SRRun01_grf
[info] ExternalForce::LeftGRF Data source being set to SRRun01_grf
[info] Storage: read data file = SRRun01_grf.mot (nr=10005 nc=19)
[info] ExternalForce::RightGRF Data source being set to SRRun01_grf
[info] ExternalForce::LeftGRF Data source being set to SRRun01_grf
[info] Storage: read data file = SRRun01_grf.mot (nr=10005 nc=19)
[info] ExternalForce::RightGRF Data source being set to SRRun01_grf
[info] ExternalForce::LeftGRF Data source being set to SRRun01_grf
[info] Storage: read data file = SRRun01_grf.mot (nr=10005 nc=19)
[info] ExternalForce::RightGRF Data source being set to SRRun01_grf
[info] ExternalForce::LeftGRF Data source being set to SRRun01_grf
[info] Storage: read data file = SRRun01_grf.mot (nr=10005 nc=19)
[info] ExternalForce::RightGRF Data source being set to SRRun01_grf
[info] ExternalForce::LeftGRF Data source being set to SRRun01_grf
[info] Storage: read data file = SRRun01_grf.mot (nr=10005 nc=19)
[info] ExternalForce::RightGRF Data source being set to SRRun01_grf
[info] ExternalForce::LeftGRF Data source being set to SRRun01_grf
[info] Storage: read data file = SRRun01_grf.mot (nr=10005 nc=19)
[info] ExternalForce::RightGRF Data source being set to SRRun01_grf
[info] ExternalForce::LeftGRF Data source being set to SRRun01_grf
[info] Storage: read data file = SRRun01_grf.mot (nr=10005 nc=19)
[info] ExternalForce::RightGRF Data source being set to SRRun01_grf
[info] ExternalForce::LeftGRF Data source being set to SRRun01_grf
[info] Storage: read data file = SRRun01_grf.mot (nr=10005 nc=19)
[info] ExternalForce::RightGRF Data source being set to SRRun01_grf
[info] ExternalForce::LeftGRF Data source being set to SRRun01_grf
[info] Storage: read data file = SRRun01_grf.mot (nr=10005 nc=19)
[info] ExternalForce::RightGRF Data source being set to SRRun01_grf
[info] ExternalForce::LeftGRF Data source being set to SRRun01_grf
[info] Storage: read data file = SRRun01_grf.mot (nr=10005 nc=19)
[info] ExternalForce::RightGRF Data source being set to SRRun01_grf
[info] ExternalForce::LeftGRF Data source being set to SRRun01_grf
[info] Storage: read data file = SRRun01_grf.mot (nr=10005 nc=19)
[info] ExternalForce::RightGRF Data source being set to SRRun01_grf
[info] ExternalForce::LeftGRF Data source being set to SRRun01_grf
[info] Storage: read data file = SRRun01_grf.mot (nr=10005 nc=19)
[info] ExternalForce::RightGRF Data source being set to SRRun01_grf
[info] ExternalForce::LeftGRF Data source being set to SRRun01_grf
[info] Storage: read data file = SRRun01_grf.mot (nr=10005 nc=19)
[info] ExternalForce::RightGRF Data source being set to SRRun01_grf
[info] ExternalForce::LeftGRF Data source being set to SRRun01_grf
[info] Storage: read data file = SRRun01_grf.mot (nr=10005 nc=19)
[info] ExternalForce::RightGRF Data source being set to SRRun01_grf
[info] ExternalForce::LeftGRF Data source being set to SRRun01_grf
[info] Storage: read data file = SRRun01_grf.mot (nr=10005 nc=19)
[info] ExternalForce::RightGRF Data source being set to SRRun01_grf
[info] ExternalForce::LeftGRF Data source being set to SRRun01_grf
[info] Storage: read data file = SRRun01_grf.mot (nr=10005 nc=19)
[info] ExternalForce::RightGRF Data source being set to SRRun01_grf
[info] ExternalForce::LeftGRF Data source being set to SRRun01_grf
[info] Storage: read data file = SRRun01_grf.mot (nr=10005 nc=19)
[info] ExternalForce::RightGRF Data source being set to SRRun01_grf
[info] ExternalForce::LeftGRF Data source being set to SRRun01_grf
[info] Storage: read data file = SRRun01_grf.mot (nr=10005 nc=19)
[info] ExternalForce::RightGRF Data source being set to SRRun01_grf
[info] ExternalForce::LeftGRF Data source being set to SRRun01_grf
[info] Storage: read data file = SRRun01_grf.mot (nr=10005 nc=19)
[info] ExternalForce::RightGRF Data source being set to SRRun01_grf
[info] ExternalForce::LeftGRF Data source being set to SRRun01_grf
[info] Storage: read data file = SRRun01_grf.mot (nr=10005 nc=19)
[info] ExternalForce::RightGRF Data source being set to SRRun01_grf
[info] ExternalForce::LeftGRF Data source being set to SRRun01_grf
[info] Storage: read data file = SRRun01_grf.mot (nr=10005 nc=19)
[info] ExternalForce::RightGRF Data source being set to SRRun01_grf
[info] ExternalForce::LeftGRF Data source being set to SRRun01_grf
[info] Storage: read data file = SRRun01_grf.mot (nr=10005 nc=19)
[info] ExternalForce::RightGRF Data source being set to SRRun01_grf
[info] ExternalForce::LeftGRF Data source being set to SRRun01_grf
[info] Storage: read data file = SRRun01_grf.mot (nr=10005 nc=19)
[info] ExternalForce::RightGRF Data source being set to SRRun01_grf
[info] ExternalForce::LeftGRF Data source being set to SRRun01_grf
[info] Storage: read data file = SRRun01_grf.mot (nr=10005 nc=19)
[info] ExternalForce::RightGRF Data source being set to SRRun01_grf
[info] ExternalForce::LeftGRF Data source being set to SRRun01_grf
[info] Storage: read data file = SRRun01_grf.mot (nr=10005 nc=19)
[info] ExternalForce::RightGRF Data source being set to SRRun01_grf
[info] ExternalForce::LeftGRF Data source being set to SRRun01_grf
[info] Storage: read data file = SRRun01_grf.mot (nr=10005 nc=19)
[info] ExternalForce::RightGRF Data source being set to SRRun01_grf
[info] ExternalForce::LeftGRF Data source being set to SRRun01_grf
[info] Storage: read data file = SRRun01_grf.mot (nr=10005 nc=19)
[info] ExternalForce::RightGRF Data source being set to SRRun01_grf
[info] ExternalForce::LeftGRF Data source being set to SRRun01_grf
[info] Storage: read data file = SRRun01_grf.mot (nr=10005 nc=19)
[info] ExternalForce::RightGRF Data source being set to SRRun01_grf
[info] ExternalForce::LeftGRF Data source being set to SRRun01_grf
[info] Storage: read data file = SRRun01_grf.mot (nr=10005 nc=19)
[info] ExternalForce::RightGRF Data source being set to SRRun01_grf
[info] ExternalForce::LeftGRF Data source being set to SRRun01_grf
[info] Storage: read data file = SRRun01_grf.mot (nr=10005 nc=19)
[info] ExternalForce::RightGRF Data source being set to SRRun01_grf
[info] ExternalForce::LeftGRF Data source being set to SRRun01_grf
[info] Storage: read data file = SRRun01_grf.mot (nr=10005 nc=19)
[info] ExternalForce::RightGRF Data source being set to SRRun01_grf
[info] ExternalForce::LeftGRF Data source being set to SRRun01_grf
[info] Storage: read data file = SRRun01_grf.mot (nr=10005 nc=19)
[info] ExternalForce::RightGRF Data source being set to SRRun01_grf
[info] ExternalForce::LeftGRF Data source being set to SRRun01_grf
[info] Storage: read data file = SRRun01_grf.mot (nr=10005 nc=19)
[info] ExternalForce::RightGRF Data source being set to SRRun01_grf
[info] ExternalForce::LeftGRF Data source being set to SRRun01_grf
[info] Storage: read data file = SRRun01_grf.mot (nr=10005 nc=19)
[info] ExternalForce::RightGRF Data source being set to SRRun01_grf
[info] ExternalForce::LeftGRF Data source being set to SRRun01_grf
[info] Storage: read data file = SRRun01_grf.mot (nr=10005 nc=19)
[info] ExternalForce::RightGRF Data source being set to SRRun01_grf
[info] ExternalForce::LeftGRF Data source being set to SRRun01_grf
[info] Storage: read data file = SRRun01_grf.mot (nr=10005 nc=19)
[info] ExternalForce::RightGRF Data source being set to SRRun01_grf
[info] ExternalForce::LeftGRF Data source being set to SRRun01_grf
[info] Storage: read data file = SRRun01_grf.mot (nr=10005 nc=19)
[info] ExternalForce::RightGRF Data source being set to SRRun01_grf
[info] ExternalForce::LeftGRF Data source being set to SRRun01_grf
[info] Storage: read data file = SRRun01_grf.mot (nr=10005 nc=19)
[info] ExternalForce::RightGRF Data source being set to SRRun01_grf
[info] ExternalForce::LeftGRF Data source being set to SRRun01_grf
[info] Storage: read data file = SRRun01_grf.mot (nr=10005 nc=19)
[info] ExternalForce::RightGRF Data source being set to SRRun01_grf
[info] ExternalForce::LeftGRF Data source being set to SRRun01_grf
[info] Storage: read data file = SRRun01_grf.mot (nr=10005 nc=19)
[info] ExternalForce::RightGRF Data source being set to SRRun01_grf
[info] ExternalForce::LeftGRF Data source being set to SRRun01_grf
[info] Storage: read data file = SRRun01_grf.mot (nr=10005 nc=19)
[info] ExternalForce::RightGRF Data source being set to SRRun01_grf
[info] ExternalForce::LeftGRF Data source being set to SRRun01_grf
[info] Storage: read data file = SRRun01_grf.mot (nr=10005 nc=19)
[info] ExternalForce::RightGRF Data source being set to SRRun01_grf
[info] ExternalForce::LeftGRF Data source being set to SRRun01_grf
[info] Storage: read data file = SRRun01_grf.mot (nr=10005 nc=19)
[info] ExternalForce::RightGRF Data source being set to SRRun01_grf
[info] ExternalForce::LeftGRF Data source being set to SRRun01_grf
[info] Storage: read data file = SRRun01_grf.mot (nr=10005 nc=19)
[info] ExternalForce::RightGRF Data source being set to SRRun01_grf
[info] ExternalForce::LeftGRF Data source being set to SRRun01_grf
[info] Storage: read data file = SRRun01_grf.mot (nr=10005 nc=19)
[info] ExternalForce::RightGRF Data source being set to SRRun01_grf
[info] ExternalForce::LeftGRF Data source being set to SRRun01_grf
[info] Storage: read data file = SRRun01_grf.mot (nr=10005 nc=19)
[info] ExternalForce::RightGRF Data source being set to SRRun01_grf
[info] ExternalForce::LeftGRF Data source being set to SRRun01_grf
[info] Storage: read data file = SRRun01_grf.mot (nr=10005 nc=19)
[info] ExternalForce::RightGRF Data source being set to SRRun01_grf
[info] ExternalForce::LeftGRF Data source being set to SRRun01_grf
[info] Storage: read data file = SRRun01_grf.mot (nr=10005 nc=19)
[info] ExternalForce::RightGRF Data source being set to SRRun01_grf
[info] ExternalForce::LeftGRF Data source being set to SRRun01_grf
[info] Storage: read data file = SRRun01_grf.mot (nr=10005 nc=19)
[info] ExternalForce::RightGRF Data source being set to SRRun01_grf
[info] ExternalForce::LeftGRF Data source being set to SRRun01_grf
[info] Storage: read data file = SRRun01_grf.mot (nr=10005 nc=19)
[info] ExternalForce::RightGRF Data source being set to SRRun01_grf
[info] ExternalForce::LeftGRF Data source being set to SRRun01_grf
[info] Storage: read data file = SRRun01_grf.mot (nr=10005 nc=19)
[info] ExternalForce::RightGRF Data source being set to SRRun01_grf
[info] ExternalForce::LeftGRF Data source being set to SRRun01_grf
[info] Storage: read data file = SRRun01_grf.mot (nr=10005 nc=19)
[info] ExternalForce::RightGRF Data source being set to SRRun01_grf
[info] ExternalForce::LeftGRF Data source being set to SRRun01_grf
[info] Storage: read data file = SRRun01_grf.mot (nr=10005 nc=19)
[info] ExternalForce::RightGRF Data source being set to SRRun01_grf
[info] ExternalForce::LeftGRF Data source being set to SRRun01_grf
[info] Storage: read data file = SRRun01_grf.mot (nr=10005 nc=19)
[info] ExternalForce::RightGRF Data source being set to SRRun01_grf
[info] ExternalForce::LeftGRF Data source being set to SRRun01_grf
[info] Storage: read data file = SRRun01_grf.mot (nr=10005 nc=19)
[info] ExternalForce::RightGRF Data source being set to SRRun01_grf
[info] ExternalForce::LeftGRF Data source being set to SRRun01_grf
[info] Storage: read data file = SRRun01_grf.mot (nr=10005 nc=19)
[info] ExternalForce::RightGRF Data source being set to SRRun01_grf
[info] ExternalForce::LeftGRF Data source being set to SRRun01_grf
[info] Storage: read data file = SRRun01_grf.mot (nr=10005 nc=19)
[info] ExternalForce::RightGRF Data source being set to SRRun01_grf
[info] ExternalForce::LeftGRF Data source being set to SRRun01_grf
[info] Storage: read data file = SRRun01_grf.mot (nr=10005 nc=19)
[info] ExternalForce::RightGRF Data source being set to SRRun01_grf
[info] ExternalForce::LeftGRF Data source being set to SRRun01_grf
[info] Storage: read data file = SRRun01_grf.mot (nr=10005 nc=19)
[info] ExternalForce::RightGRF Data source being set to SRRun01_grf
[info] ExternalForce::LeftGRF Data source being set to SRRun01_grf
[info] Storage: read data file = SRRun01_grf.mot (nr=10005 nc=19)
[info] ExternalForce::RightGRF Data source being set to SRRun01_grf
[info] ExternalForce::LeftGRF Data source being set to SRRun01_grf
[info] Storage: read data file = SRRun01_grf.mot (nr=10005 nc=19)
[info] ExternalForce::RightGRF Data source being set to SRRun01_grf
[info] ExternalForce::LeftGRF Data source being set to SRRun01_grf
[info] Storage: read data file = SRRun01_grf.mot (nr=10005 nc=19)
[info] ExternalForce::RightGRF Data source being set to SRRun01_grf
[info] ExternalForce::LeftGRF Data source being set to SRRun01_grf
[info] Storage: read data file = SRRun01_grf.mot (nr=10005 nc=19)
[info] ExternalForce::RightGRF Data source being set to SRRun01_grf
[info] ExternalForce::LeftGRF Data source being set to SRRun01_grf
[info] Storage: read data file = SRRun01_grf.mot (nr=10005 nc=19)
[info] ExternalForce::RightGRF Data source being set to SRRun01_grf
[info] ExternalForce::LeftGRF Data source being set to SRRun01_grf
[info] Storage: read data file = SRRun01_grf.mot (nr=10005 nc=19)
[info] ExternalForce::RightGRF Data source being set to SRRun01_grf
[info] ExternalForce::LeftGRF Data source being set to SRRun01_grf
[info] Storage: read data file = SRRun01_grf.mot (nr=10005 nc=19)
[info] ExternalForce::RightGRF Data source being set to SRRun01_grf
[info] ExternalForce::LeftGRF Data source being set to SRRun01_grf
[info] Storage: read data file = SRRun01_grf.mot (nr=10005 nc=19)
[info] ExternalForce::RightGRF Data source being set to SRRun01_grf
[info] ExternalForce::LeftGRF Data source being set to SRRun01_grf
[info] Storage: read data file = SRRun01_grf.mot (nr=10005 nc=19)
[info] ExternalForce::RightGRF Data source being set to SRRun01_grf
[info] ExternalForce::LeftGRF Data source being set to SRRun01_grf
[info] Storage: read data file = SRRun01_grf.mot (nr=10005 nc=19)
[info] ExternalForce::RightGRF Data source being set to SRRun01_grf
[info] ExternalForce::LeftGRF Data source being set to SRRun01_grf
[info] Storage: read data file = SRRun01_grf.mot (nr=10005 nc=19)
[info] ExternalForce::RightGRF Data source being set to SRRun01_grf
[info] ExternalForce::LeftGRF Data source being set to SRRun01_grf
[info] Storage: read data file = SRRun01_grf.mot (nr=10005 nc=19)
[info] ExternalForce::RightGRF Data source being set to SRRun01_grf
[info] ExternalForce::LeftGRF Data source being set to SRRun01_grf
[info] Storage: read data file = SRRun01_grf.mot (nr=10005 nc=19)
[info] ExternalForce::RightGRF Data source being set to SRRun01_grf
[info] ExternalForce::LeftGRF Data source being set to SRRun01_grf
[info] Storage: read data file = SRRun01_grf.mot (nr=10005 nc=19)
[info] ExternalForce::RightGRF Data source being set to SRRun01_grf
[info] ExternalForce::LeftGRF Data source being set to SRRun01_grf
[info] Storage: read data file = SRRun01_grf.mot (nr=10005 nc=19)
[info] ExternalForce::RightGRF Data source being set to SRRun01_grf
[info] ExternalForce::LeftGRF Data source being set to SRRun01_grf
[info] Storage: read data file = SRRun01_grf.mot (nr=10005 nc=19)
[info] ExternalForce::RightGRF Data source being set to SRRun01_grf
[info] ExternalForce::LeftGRF Data source being set to SRRun01_grf
[info] Storage: read data file = SRRun01_grf.mot (nr=10005 nc=19)
[info] ExternalForce::RightGRF Data source being set to SRRun01_grf
[info] ExternalForce::LeftGRF Data source being set to SRRun01_grf
[info] Storage: read data file = SRRun01_grf.mot (nr=10005 nc=19)
[info] ExternalForce::RightGRF Data source being set to SRRun01_grf
[info] ExternalForce::LeftGRF Data source being set to SRRun01_grf
[info] Storage: read data file = SRRun01_grf.mot (nr=10005 nc=19)
[info] ExternalForce::RightGRF Data source being set to SRRun01_grf
[info] ExternalForce::LeftGRF Data source being set to SRRun01_grf
[info] Storage: read data file = SRRun01_grf.mot (nr=10005 nc=19)
[info] ExternalForce::RightGRF Data source being set to SRRun01_grf
[info] ExternalForce::LeftGRF Data source being set to SRRun01_grf
[info] Storage: read data file = SRRun01_grf.mot (nr=10005 nc=19)
[info] ExternalForce::RightGRF Data source being set to SRRun01_grf
[info] ExternalForce::LeftGRF Data source being set to SRRun01_grf
[info] Storage: read data file = SRRun01_grf.mot (nr=10005 nc=19)
[info] ExternalForce::RightGRF Data source being set to SRRun01_grf
[info] ExternalForce::LeftGRF Data source being set to SRRun01_grf
[info] Storage: read data file = SRRun01_grf.mot (nr=10005 nc=19)
[info] ExternalForce::RightGRF Data source being set to SRRun01_grf
[info] ExternalForce::LeftGRF Data source being set to SRRun01_grf
[info] Storage: read data file = SRRun01_grf.mot (nr=10005 nc=19)
[info] ExternalForce::RightGRF Data source being set to SRRun01_grf
[info] ExternalForce::LeftGRF Data source being set to SRRun01_grf
[info] Storage: read data file = SRRun01_grf.mot (nr=10005 nc=19)
[info] ExternalForce::RightGRF Data source being set to SRRun01_grf
[info] ExternalForce::LeftGRF Data source being set to SRRun01_grf
[info] Storage: read data file = SRRun01_grf.mot (nr=10005 nc=19)
[info] ExternalForce::RightGRF Data source being set to SRRun01_grf
[info] ExternalForce::LeftGRF Data source being set to SRRun01_grf
[info] Storage: read data file = SRRun01_grf.mot (nr=10005 nc=19)
[info] ExternalForce::RightGRF Data source being set to SRRun01_grf
[info] ExternalForce::LeftGRF Data source being set to SRRun01_grf
[info] Storage: read data file = SRRun01_grf.mot (nr=10005 nc=19)
[info] ExternalForce::RightGRF Data source being set to SRRun01_grf
[info] ExternalForce::LeftGRF Data source being set to SRRun01_grf
[info] Storage: read data file = SRRun01_grf.mot (nr=10005 nc=19)
[info] ExternalForce::RightGRF Data source being set to SRRun01_grf
[info] ExternalForce::LeftGRF Data source being set to SRRun01_grf
[info] Storage: read data file = SRRun01_grf.mot (nr=10005 nc=19)
[info] ExternalForce::RightGRF Data source being set to SRRun01_grf
[info] ExternalForce::LeftGRF Data source being set to SRRun01_grf
[info] Storage: read data file = SRRun01_grf.mot (nr=10005 nc=19)
[info] ExternalForce::RightGRF Data source being set to SRRun01_grf
[info] ExternalForce::LeftGRF Data source being set to SRRun01_grf
[info] Storage: read data file = SRRun01_grf.mot (nr=10005 nc=19)
[info] ExternalForce::RightGRF Data source being set to SRRun01_grf
[info] ExternalForce::LeftGRF Data source being set to SRRun01_grf
[info] Storage: read data file = SRRun01_grf.mot (nr=10005 nc=19)
[info] ExternalForce::RightGRF Data source being set to SRRun01_grf
[info] ExternalForce::LeftGRF Data source being set to SRRun01_grf
[info] Storage: read data file = SRRun01_grf.mot (nr=10005 nc=19)
[info] ExternalForce::RightGRF Data source being set to SRRun01_grf
[info] ExternalForce::LeftGRF Data source being set to SRRun01_grf
[info] Storage: read data file = SRRun01_grf.mot (nr=10005 nc=19)
[info] ExternalForce::RightGRF Data source being set to SRRun01_grf
[info] ExternalForce::LeftGRF Data source being set to SRRun01_grf
[info] Storage: read data file = SRRun01_grf.mot (nr=10005 nc=19)
[info] ExternalForce::RightGRF Data source being set to SRRun01_grf
[info] ExternalForce::LeftGRF Data source being set to SRRun01_grf
[info] Storage: read data file = SRRun01_grf.mot (nr=10005 nc=19)
[info] ExternalForce::RightGRF Data source being set to SRRun01_grf
[info] ExternalForce::LeftGRF Data source being set to SRRun01_grf
[info] Storage: read data file = SRRun01_grf.mot (nr=10005 nc=19)
[info] ExternalForce::RightGRF Data source being set to SRRun01_grf
[info] ExternalForce::LeftGRF Data source being set to SRRun01_grf
[info] Storage: read data file = SRRun01_grf.mot (nr=10005 nc=19)
[info] ExternalForce::RightGRF Data source being set to SRRun01_grf
[info] ExternalForce::LeftGRF Data source being set to SRRun01_grf
[info] Storage: read data file = SRRun01_grf.mot (nr=10005 nc=19)
[info] ExternalForce::RightGRF Data source being set to SRRun01_grf
[info] ExternalForce::LeftGRF Data source being set to SRRun01_grf
[info] Storage: read data file = SRRun01_grf.mot (nr=10005 nc=19)
[info] ExternalForce::RightGRF Data source being set to SRRun01_grf
[info] ExternalForce::LeftGRF Data source being set to SRRun01_grf
[info] Storage: read data file = SRRun01_grf.mot (nr=10005 nc=19)
[info] ExternalForce::RightGRF Data source being set to SRRun01_grf
[info] ExternalForce::LeftGRF Data source being set to SRRun01_grf
[info] Storage: read data file = SRRun01_grf.mot (nr=10005 nc=19)
[info] ExternalForce::RightGRF Data source being set to SRRun01_grf
[info] ExternalForce::LeftGRF Data source being set to SRRun01_grf
[info] Storage: read data file = SRRun01_grf.mot (nr=10005 nc=19)
[info] ExternalForce::RightGRF Data source being set to SRRun01_grf
[info] ExternalForce::LeftGRF Data source being set to SRRun01_grf
[info] Storage: read data file = SRRun01_grf.mot (nr=10005 nc=19)
[info] ExternalForce::RightGRF Data source being set to SRRun01_grf
[info] ExternalForce::LeftGRF Data source being set to SRRun01_grf
[info] Storage: read data file = SRRun01_grf.mot (nr=10005 nc=19)
[info] ExternalForce::RightGRF Data source being set to SRRun01_grf
[info] ExternalForce::LeftGRF Data source being set to SRRun01_grf
[info] Storage: read data file = SRRun01_grf.mot (nr=10005 nc=19)
[info] ExternalForce::RightGRF Data source being set to SRRun01_grf
[info] ExternalForce::LeftGRF Data source being set to SRRun01_grf
[info] Storage: read data file = SRRun01_grf.mot (nr=10005 nc=19)
[info] ExternalForce::RightGRF Data source being set to SRRun01_grf
[info] ExternalForce::LeftGRF Data source being set to SRRun01_grf
[info] Storage: read data file = SRRun01_grf.mot (nr=10005 nc=19)
[info] ExternalForce::RightGRF Data source being set to SRRun01_grf
[info] ExternalForce::LeftGRF Data source being set to SRRun01_grf
[info] Storage: read data file = SRRun01_grf.mot (nr=10005 nc=19)
[info] ExternalForce::RightGRF Data source being set to SRRun01_grf
[info] ExternalForce::LeftGRF Data source being set to SRRun01_grf
[info] Storage: read data file = SRRun01_grf.mot (nr=10005 nc=19)
[info] ExternalForce::RightGRF Data source being set to SRRun01_grf
[info] ExternalForce::LeftGRF Data source being set to SRRun01_grf
[info] Storage: read data file = SRRun01_grf.mot (nr=10005 nc=19)
[info] ExternalForce::RightGRF Data source being set to SRRun01_grf
[info] ExternalForce::LeftGRF Data source being set to SRRun01_grf
[info] Storage: read data file = SRRun01_grf.mot (nr=10005 nc=19)
[info] ExternalForce::RightGRF Data source being set to SRRun01_grf
[info] ExternalForce::LeftGRF Data source being set to SRRun01_grf
[info] Storage: read data file = SRRun01_grf.mot (nr=10005 nc=19)
[info] ExternalForce::RightGRF Data source being set to SRRun01_grf
[info] ExternalForce::LeftGRF Data source being set to SRRun01_grf
[info] Storage: read data file = SRRun01_grf.mot (nr=10005 nc=19)
[info] ExternalForce::RightGRF Data source being set to SRRun01_grf
[info] ExternalForce::LeftGRF Data source being set to SRRun01_grf
[info] Storage: read data file = SRRun01_grf.mot (nr=10005 nc=19)
[info] ExternalForce::RightGRF Data source being set to SRRun01_grf
[info] ExternalForce::LeftGRF Data source being set to SRRun01_grf
[info] Storage: read data file = SRRun01_grf.mot (nr=10005 nc=19)
[info] ExternalForce::RightGRF Data source being set to SRRun01_grf
[info] ExternalForce::LeftGRF Data source being set to SRRun01_grf
[info] Storage: read data file = SRRun01_grf.mot (nr=10005 nc=19)
[info] ExternalForce::RightGRF Data source being set to SRRun01_grf
[info] ExternalForce::LeftGRF Data source being set to SRRun01_grf
[info] Storage: read data file = SRRun01_grf.mot (nr=10005 nc=19)
[info] ExternalForce::RightGRF Data source being set to SRRun01_grf
[info] ExternalForce::LeftGRF Data source being set to SRRun01_grf
[info] Storage: read data file = SRRun01_grf.mot (nr=10005 nc=19)
[info] ExternalForce::RightGRF Data source being set to SRRun01_grf
[info] ExternalForce::LeftGRF Data source being set to SRRun01_grf
[info] Storage: read data file = SRRun01_grf.mot (nr=10005 nc=19)
[info] ExternalForce::RightGRF Data source being set to SRRun01_grf
[info] ExternalForce::LeftGRF Data source being set to SRRun01_grf
[info] Storage: read data file = SRRun01_grf.mot (nr=10005 nc=19)
[info] ExternalForce::RightGRF Data source being set to SRRun01_grf
[info] ExternalForce::LeftGRF Data source being set to SRRun01_grf
[info] Storage: read data file = SRRun01_grf.mot (nr=10005 nc=19)
[info] ExternalForce::RightGRF Data source being set to SRRun01_grf
[info] ExternalForce::LeftGRF Data source being set to SRRun01_grf
[info] Storage: read data file = SRRun01_grf.mot (nr=10005 nc=19)
[info] ExternalForce::RightGRF Data source being set to SRRun01_grf
[info] ExternalForce::LeftGRF Data source being set to SRRun01_grf
[info] Storage: read data file = SRRun01_grf.mot (nr=10005 nc=19)
[info] ExternalForce::RightGRF Data source being set to SRRun01_grf
[info] ExternalForce::LeftGRF Data source being set to SRRun01_grf
[info] Storage: read data file = SRRun01_grf.mot (nr=10005 nc=19)
[info] ExternalForce::RightGRF Data source being set to SRRun01_grf
[info] ExternalForce::LeftGRF Data source being set to SRRun01_grf
[info] Storage: read data file = SRRun01_grf.mot (nr=10005 nc=19)
[info] ExternalForce::RightGRF Data source being set to SRRun01_grf
[info] ExternalForce::LeftGRF Data source being set to SRRun01_grf
[info] Storage: read data file = SRRun01_grf.mot (nr=10005 nc=19)
[info] ExternalForce::RightGRF Data source being set to SRRun01_grf
[info] ExternalForce::LeftGRF Data source being set to SRRun01_grf
[info] Storage: read data file = SRRun01_grf.mot (nr=10005 nc=19)
[info] ExternalForce::RightGRF Data source being set to SRRun01_grf
[info] ExternalForce::LeftGRF Data source being set to SRRun01_grf
[info] Storage: read data file = SRRun01_grf.mot (nr=10005 nc=19)
[info] ExternalForce::RightGRF Data source being set to SRRun01_grf
[info] ExternalForce::LeftGRF Data source being set to SRRun01_grf
[info] Storage: read data file = SRRun01_grf.mot (nr=10005 nc=19)
[info] ExternalForce::RightGRF Data source being set to SRRun01_grf
[info] ExternalForce::LeftGRF Data source being set to SRRun01_grf
[info] Storage: read data file = SRRun01_grf.mot (nr=10005 nc=19)
[info] ExternalForce::RightGRF Data source being set to SRRun01_grf
[info] ExternalForce::LeftGRF Data source being set to SRRun01_grf
[info] Storage: read data file = SRRun01_grf.mot (nr=10005 nc=19)
[info] ExternalForce::RightGRF Data source being set to SRRun01_grf
[info] ExternalForce::LeftGRF Data source being set to SRRun01_grf
[info] Storage: read data file = SRRun01_grf.mot (nr=10005 nc=19)
[info] ExternalForce::RightGRF Data source being set to SRRun01_grf
[info] ExternalForce::LeftGRF Data source being set to SRRun01_grf
[info] Storage: read data file = SRRun01_grf.mot (nr=10005 nc=19)
[info] ExternalForce::RightGRF Data source being set to SRRun01_grf
[info] ExternalForce::LeftGRF Data source being set to SRRun01_grf
[info] Storage: read data file = SRRun01_grf.mot (nr=10005 nc=19)
[info] ExternalForce::RightGRF Data source being set to SRRun01_grf
[info] ExternalForce::LeftGRF Data source being set to SRRun01_grf
[info] Storage: read data file = SRRun01_grf.mot (nr=10005 nc=19)
[info] ExternalForce::RightGRF Data source being set to SRRun01_grf
[info] ExternalForce::LeftGRF Data source being set to SRRun01_grf
[info] Storage: read data file = SRRun01_grf.mot (nr=10005 nc=19)
[info] ExternalForce::RightGRF Data source being set to SRRun01_grf
[info] ExternalForce::LeftGRF Data source being set to SRRun01_grf
[info] Storage: read data file = SRRun01_grf.mot (nr=10005 nc=19)
[info] ExternalForce::RightGRF Data source being set to SRRun01_grf
[info] ExternalForce::LeftGRF Data source being set to SRRun01_grf
[info] Storage: read data file = SRRun01_grf.mot (nr=10005 nc=19)
[info] ExternalForce::RightGRF Data source being set to SRRun01_grf
[info] ExternalForce::LeftGRF Data source being set to SRRun01_grf
[info] Storage: read data file = SRRun01_grf.mot (nr=10005 nc=19)
[info] ExternalForce::RightGRF Data source being set to SRRun01_grf
[info] ExternalForce::LeftGRF Data source being set to SRRun01_grf
[info] Storage: read data file = SRRun01_grf.mot (nr=10005 nc=19)
[info] ExternalForce::RightGRF Data source being set to SRRun01_grf
[info] ExternalForce::LeftGRF Data source being set to SRRun01_grf
[info] Storage: read data file = SRRun01_grf.mot (nr=10005 nc=19)
[info] ExternalForce::RightGRF Data source being set to SRRun01_grf
[info] ExternalForce::LeftGRF Data source being set to SRRun01_grf
[info] Storage: read data file = SRRun01_grf.mot (nr=10005 nc=19)
[info] ExternalForce::RightGRF Data source being set to SRRun01_grf
[info] ExternalForce::LeftGRF Data source being set to SRRun01_grf
[info] Storage: read data file = SRRun01_grf.mot (nr=10005 nc=19)
[info] ExternalForce::RightGRF Data source being set to SRRun01_grf
[info] ExternalForce::LeftGRF Data source being set to SRRun01_grf
[info] Storage: read data file = SRRun01_grf.mot (nr=10005 nc=19)
[info] ExternalForce::RightGRF Data source being set to SRRun01_grf
[info] ExternalForce::LeftGRF Data source being set to SRRun01_grf
[info] Storage: read data file = SRRun01_grf.mot (nr=10005 nc=19)
[info] ExternalForce::RightGRF Data source being set to SRRun01_grf
[info] ExternalForce::LeftGRF Data source being set to SRRun01_grf
[info] Storage: read data file = SRRun01_grf.mot (nr=10005 nc=19)
[info] ExternalForce::RightGRF Data source being set to SRRun01_grf
[info] ExternalForce::LeftGRF Data source being set to SRRun01_grf
[info] Storage: read data file = SRRun01_grf.mot (nr=10005 nc=19)
[info] ExternalForce::RightGRF Data source being set to SRRun01_grf
[info] ExternalForce::LeftGRF Data source being set to SRRun01_grf
[info] Storage: read data file = SRRun01_grf.mot (nr=10005 nc=19)
[info] ExternalForce::RightGRF Data source being set to SRRun01_grf
[info] ExternalForce::LeftGRF Data source being set to SRRun01_grf
[info] Storage: read data file = SRRun01_grf.mot (nr=10005 nc=19)
[info] ExternalForce::RightGRF Data source being set to SRRun01_grf
[info] ExternalForce::LeftGRF Data source being set to SRRun01_grf
[info] Storage: read data file = SRRun01_grf.mot (nr=10005 nc=19)
[info] ExternalForce::RightGRF Data source being set to SRRun01_grf
[info] ExternalForce::LeftGRF Data source being set to SRRun01_grf
[info] Storage: read data file = SRRun01_grf.mot (nr=10005 nc=19)
[info] ExternalForce::RightGRF Data source being set to SRRun01_grf
[info] ExternalForce::LeftGRF Data source being set to SRRun01_grf
[info] Storage: read data file = SRRun01_grf.mot (nr=10005 nc=19)
[info] ExternalForce::RightGRF Data source being set to SRRun01_grf
[info] ExternalForce::LeftGRF Data source being set to SRRun01_grf
[info] Storage: read data file = SRRun01_grf.mot (nr=10005 nc=19)
[info] ExternalForce::RightGRF Data source being set to SRRun01_grf
[info] ExternalForce::LeftGRF Data source being set to SRRun01_grf
[info] Storage: read data file = SRRun01_grf.mot (nr=10005 nc=19)
[info] ExternalForce::RightGRF Data source being set to SRRun01_grf
[info] ExternalForce::LeftGRF Data source being set to SRRun01_grf
[info] Storage: read data file = SRRun01_grf.mot (nr=10005 nc=19)
[info] ExternalForce::RightGRF Data source being set to SRRun01_grf
[info] ExternalForce::LeftGRF Data source being set to SRRun01_grf
[info] Storage: read data file = SRRun01_grf.mot (nr=10005 nc=19)
[info] ExternalForce::RightGRF Data source being set to SRRun01_grf
[info] ExternalForce::LeftGRF Data source being set to SRRun01_grf
[info] Storage: read data file = SRRun01_grf.mot (nr=10005 nc=19)
[info] ExternalForce::RightGRF Data source being set to SRRun01_grf
[info] ExternalForce::LeftGRF Data source being set to SRRun01_grf
[info] Storage: read data file = SRRun01_grf.mot (nr=10005 nc=19)
[info] ExternalForce::RightGRF Data source being set to SRRun01_grf
[info] ExternalForce::LeftGRF Data source being set to SRRun01_grf
[info] Storage: read data file = SRRun01_grf.mot (nr=10005 nc=19)
[info] ExternalForce::RightGRF Data source being set to SRRun01_grf
[info] ExternalForce::LeftGRF Data source being set to SRRun01_grf
[info] Storage: read data file = SRRun01_grf.mot (nr=10005 nc=19)
[info] ExternalForce::RightGRF Data source being set to SRRun01_grf
[info] ExternalForce::LeftGRF Data source being set to SRRun01_grf
[info] Storage: read data file = SRRun01_grf.mot (nr=10005 nc=19)
[info] ExternalForce::RightGRF Data source being set to SRRun01_grf
[info] ExternalForce::LeftGRF Data source being set to SRRun01_grf
[info] Storage: read data file = SRRun01_grf.mot (nr=10005 nc=19)
[info] ExternalForce::RightGRF Data source being set to SRRun01_grf
[info] ExternalForce::LeftGRF Data source being set to SRRun01_grf
[info] Storage: read data file = SRRun01_grf.mot (nr=10005 nc=19)
[info] ExternalForce::RightGRF Data source being set to SRRun01_grf
[info] ExternalForce::LeftGRF Data source being set to SRRun01_grf
[info] Storage: read data file = SRRun01_grf.mot (nr=10005 nc=19)
[info] ExternalForce::RightGRF Data source being set to SRRun01_grf
[info] ExternalForce::LeftGRF Data source being set to SRRun01_grf
[info] Storage: read data file = SRRun01_grf.mot (nr=10005 nc=19)
[info] ExternalForce::RightGRF Data source being set to SRRun01_grf
[info] ExternalForce::LeftGRF Data source being set to SRRun01_grf
[info] Storage: read data file = SRRun01_grf.mot (nr=10005 nc=19)
[info] ExternalForce::RightGRF Data source being set to SRRun01_grf
[info] ExternalForce::LeftGRF Data source being set to SRRun01_grf
[info] Storage: read data file = SRRun01_grf.mot (nr=10005 nc=19)
[info] ExternalForce::RightGRF Data source being set to SRRun01_grf
[info] ExternalForce::LeftGRF Data source being set to SRRun01_grf
[info] Storage: read data file = SRRun01_grf.mot (nr=10005 nc=19)
[info] ExternalForce::RightGRF Data source being set to SRRun01_grf
[info] ExternalForce::LeftGRF Data source being set to SRRun01_grf
[info] Storage: read data file = SRRun01_grf.mot (nr=10005 nc=19)
[info] ExternalForce::RightGRF Data source being set to SRRun01_grf
[info] ExternalForce::LeftGRF Data source being set to SRRun01_grf
[info] Storage: read data file = SRRun01_grf.mot (nr=10005 nc=19)
[info] ExternalForce::RightGRF Data source being set to SRRun01_grf
[info] ExternalForce::LeftGRF Data source being set to SRRun01_grf
[info] Storage: read data file = SRRun01_grf.mot (nr=10005 nc=19)
[info] ExternalForce::RightGRF Data source being set to SRRun01_grf
[info] ExternalForce::LeftGRF Data source being set to SRRun01_grf
[info] Storage: read data file = SRRun01_grf.mot (nr=10005 nc=19)
[info] ExternalForce::RightGRF Data source being set to SRRun01_grf
[info] ExternalForce::LeftGRF Data source being set to SRRun01_grf
[info] Storage: read data file = SRRun01_grf.mot (nr=10005 nc=19)
[info] ExternalForce::RightGRF Data source being set to SRRun01_grf
[info] ExternalForce::LeftGRF Data source being set to SRRun01_grf
[info] Storage: read data file = SRRun01_grf.mot (nr=10005 nc=19)
[info] ExternalForce::RightGRF Data source being set to SRRun01_grf
[info] ExternalForce::LeftGRF Data source being set to SRRun01_grf
[info] Storage: read data file = SRRun01_grf.mot (nr=10005 nc=19)
[info] ExternalForce::RightGRF Data source being set to SRRun01_grf
[info] ExternalForce::LeftGRF Data source being set to SRRun01_grf
[info] Storage: read data file = SRRun01_grf.mot (nr=10005 nc=19)
[info] ExternalForce::RightGRF Data source being set to SRRun01_grf
[info] ExternalForce::LeftGRF Data source being set to SRRun01_grf
[info] Storage: read data file = SRRun01_grf.mot (nr=10005 nc=19)
[info] ExternalForce::RightGRF Data source being set to SRRun01_grf
[info] ExternalForce::LeftGRF Data source being set to SRRun01_grf
[info] Storage: read data file = SRRun01_grf.mot (nr=10005 nc=19)
[info] ExternalForce::RightGRF Data source being set to SRRun01_grf
[info] ExternalForce::LeftGRF Data source being set to SRRun01_grf
[info] Storage: read data file = SRRun01_grf.mot (nr=10005 nc=19)
[info] ExternalForce::RightGRF Data source being set to SRRun01_grf
[info] ExternalForce::LeftGRF Data source being set to SRRun01_grf
[info] Storage: read data file = SRRun01_grf.mot (nr=10005 nc=19)
[info] ExternalForce::RightGRF Data source being set to SRRun01_grf
[info] ExternalForce::LeftGRF Data source being set to SRRun01_grf
[info] Storage: read data file = SRRun01_grf.mot (nr=10005 nc=19)
[info] ExternalForce::RightGRF Data source being set to SRRun01_grf
[info] ExternalForce::LeftGRF Data source being set to SRRun01_grf
[info] Storage: read data file = SRRun01_grf.mot (nr=10005 nc=19)
[info] ExternalForce::RightGRF Data source being set to SRRun01_grf
[info] ExternalForce::LeftGRF Data source being set to SRRun01_grf
[info] Storage: read data file = SRRun01_grf.mot (nr=10005 nc=19)
[info] ExternalForce::RightGRF Data source being set to SRRun01_grf
[info] ExternalForce::LeftGRF Data source being set to SRRun01_grf
[info] Storage: read data file = SRRun01_grf.mot (nr=10005 nc=19)
[info] ExternalForce::RightGRF Data source being set to SRRun01_grf
[info] ExternalForce::LeftGRF Data source being set to SRRun01_grf
[info] Storage: read data file = SRRun01_grf.mot (nr=10005 nc=19)
[info] ExternalForce::RightGRF Data source being set to SRRun01_grf
[info] ExternalForce::LeftGRF Data source being set to SRRun01_grf
[info] Storage: read data file = SRRun01_grf.mot (nr=10005 nc=19)
[info] ExternalForce::RightGRF Data source being set to SRRun01_grf
[info] ExternalForce::LeftGRF Data source being set to SRRun01_grf
[info] Storage: read data file = SRRun01_grf.mot (nr=10005 nc=19)
[info] ExternalForce::RightGRF Data source being set to SRRun01_grf
[info] ExternalForce::LeftGRF Data source being set to SRRun01_grf
[info] Storage: read data file = SRRun01_grf.mot (nr=10005 nc=19)
[info] ExternalForce::RightGRF Data source being set to SRRun01_grf
[info] ExternalForce::LeftGRF Data source being set to SRRun01_grf
[info] Storage: read data file = SRRun01_grf.mot (nr=10005 nc=19)
[info] ExternalForce::RightGRF Data source being set to SRRun01_grf
[info] ExternalForce::LeftGRF Data source being set to SRRun01_grf
[info] Storage: read data file = SRRun01_grf.mot (nr=10005 nc=19)
[info] ExternalForce::RightGRF Data source being set to SRRun01_grf
[info] ExternalForce::LeftGRF Data source being set to SRRun01_grf
[info] Storage: read data file = SRRun01_grf.mot (nr=10005 nc=19)
[info] ExternalForce::RightGRF Data source being set to SRRun01_grf
[info] ExternalForce::LeftGRF Data source being set to SRRun01_grf
[info] Storage: read data file = SRRun01_grf.mot (nr=10005 nc=19)
[info] ExternalForce::RightGRF Data source being set to SRRun01_grf
[info] ExternalForce::LeftGRF Data source being set to SRRun01_grf
[info] Storage: read data file = SRRun01_grf.mot (nr=10005 nc=19)
[info] ExternalForce::RightGRF Data source being set to SRRun01_grf
[info] ExternalForce::LeftGRF Data source being set to SRRun01_grf
[info] Storage: read data file = SRRun01_grf.mot (nr=10005 nc=19)
[info] ExternalForce::RightGRF Data source being set to SRRun01_grf
[info] ExternalForce::LeftGRF Data source being set to SRRun01_grf
[info] Storage: read data file = SRRun01_grf.mot (nr=10005 nc=19)
[info] ExternalForce::RightGRF Data source being set to SRRun01_grf
[info] ExternalForce::LeftGRF Data source being set to SRRun01_grf
[info] Storage: read data file = SRRun01_grf.mot (nr=10005 nc=19)
[info] ExternalForce::RightGRF Data source being set to SRRun01_grf
[info] ExternalForce::LeftGRF Data source being set to SRRun01_grf
[info] Storage: read data file = SRRun01_grf.mot (nr=10005 nc=19)
[info] ExternalForce::RightGRF Data source being set to SRRun01_grf
[info] ExternalForce::LeftGRF Data source being set to SRRun01_grf
[info] Storage: read data file = SRRun01_grf.mot (nr=10005 nc=19)
[info] ExternalForce::RightGRF Data source being set to SRRun01_grf
[info] ExternalForce::LeftGRF Data source being set to SRRun01_grf
[info] Storage: read data file = SRRun01_grf.mot (nr=10005 nc=19)
[info] ExternalForce::RightGRF Data source being set to SRRun01_grf
[info] ExternalForce::LeftGRF Data source being set to SRRun01_grf
[info] Storage: read data file = SRRun01_grf.mot (nr=10005 nc=19)
[info] ExternalForce::RightGRF Data source being set to SRRun01_grf
[info] ExternalForce::LeftGRF Data source being set to SRRun01_grf
[info] Storage: read data file = SRRun01_grf.mot (nr=10005 nc=19)
[info] ExternalForce::RightGRF Data source being set to SRRun01_grf
[info] ExternalForce::LeftGRF Data source being set to SRRun01_grf
[info] Storage: read data file = SRRun01_grf.mot (nr=10005 nc=19)
[info] ExternalForce::RightGRF Data source being set to SRRun01_grf
[info] ExternalForce::LeftGRF Data source being set to SRRun01_grf
[info] Storage: read data file = SRRun01_grf.mot (nr=10005 nc=19)
[info] ExternalForce::RightGRF Data source being set to SRRun01_grf
[info] ExternalForce::LeftGRF Data source being set to SRRun01_grf
[info] Storage: read data file = SRRun01_grf.mot (nr=10005 nc=19)
[info] ExternalForce::RightGRF Data source being set to SRRun01_grf
[info] ExternalForce::LeftGRF Data source being set to SRRun01_grf
[info] Storage: read data file = SRRun01_grf.mot (nr=10005 nc=19)
[info] ExternalForce::RightGRF Data source being set to SRRun01_grf
[info] ExternalForce::LeftGRF Data source being set to SRRun01_grf
[info] Storage: read data file = SRRun01_grf.mot (nr=10005 nc=19)
[info] ExternalForce::RightGRF Data source being set to SRRun01_grf
[info] ExternalForce::LeftGRF Data source being set to SRRun01_grf
[info] Storage: read data file = SRRun01_grf.mot (nr=10005 nc=19)
[info] ExternalForce::RightGRF Data source being set to SRRun01_grf
[info] ExternalForce::LeftGRF Data source being set to SRRun01_grf
[info] Storage: read data file = SRRun01_grf.mot (nr=10005 nc=19)
[info] ExternalForce::RightGRF Data source being set to SRRun01_grf
[info] ExternalForce::LeftGRF Data source being set to SRRun01_grf
[info] Storage: read data file = SRRun01_grf.mot (nr=10005 nc=19)
[info] ExternalForce::RightGRF Data source being set to SRRun01_grf
[info] ExternalForce::LeftGRF Data source being set to SRRun01_grf
[info] Storage: read data file = SRRun01_grf.mot (nr=10005 nc=19)
[info] ExternalForce::RightGRF Data source being set to SRRun01_grf
[info] ExternalForce::LeftGRF Data source being set to SRRun01_grf
[info] Storage: read data file = SRRun01_grf.mot (nr=10005 nc=19)
[info] ExternalForce::RightGRF Data source being set to SRRun01_grf
[info] ExternalForce::LeftGRF Data source being set to SRRun01_grf
[info] Storage: read data file = SRRun01_grf.mot (nr=10005 nc=19)
[info] ExternalForce::RightGRF Data source being set to SRRun01_grf
[info] ExternalForce::LeftGRF Data source being set to SRRun01_grf
[info] Storage: read data file = SRRun01_grf.mot (nr=10005 nc=19)
[info] ExternalForce::RightGRF Data source being set to SRRun01_grf
[info] ExternalForce::LeftGRF Data source being set to SRRun01_grf
[info] Storage: read data file = SRRun01_grf.mot (nr=10005 nc=19)
[info] ExternalForce::RightGRF Data source being set to SRRun01_grf
[info] ExternalForce::LeftGRF Data source being set to SRRun01_grf
[info] Storage: read data file = SRRun01_grf.mot (nr=10005 nc=19)
[info] ExternalForce::RightGRF Data source being set to SRRun01_grf
[info] ExternalForce::LeftGRF Data source being set to SRRun01_grf
[info] Storage: read data file = SRRun01_grf.mot (nr=10005 nc=19)
[info] ExternalForce::RightGRF Data source being set to SRRun01_grf
[info] ExternalForce::LeftGRF Data source being set to SRRun01_grf
[info] Storage: read data file = SRRun01_grf.mot (nr=10005 nc=19)
[info] ExternalForce::RightGRF Data source being set to SRRun01_grf
[info] ExternalForce::LeftGRF Data source being set to SRRun01_grf
[info] Storage: read data file = SRRun01_grf.mot (nr=10005 nc=19)
[info] ExternalForce::RightGRF Data source being set to SRRun01_grf
[info] ExternalForce::LeftGRF Data source being set to SRRun01_grf
[info] Storage: read data file = SRRun01_grf.mot (nr=10005 nc=19)
[info] ExternalForce::RightGRF Data source being set to SRRun01_grf
[info] ExternalForce::LeftGRF Data source being set to SRRun01_grf
[info] Storage: read data file = SRRun01_grf.mot (nr=10005 nc=19)
[info] ExternalForce::RightGRF Data source being set to SRRun01_grf
[info] ExternalForce::LeftGRF Data source being set to SRRun01_grf
[info] Storage: read data file = SRRun01_grf.mot (nr=10005 nc=19)
[info] ExternalForce::RightGRF Data source being set to SRRun01_grf
[info] ExternalForce::LeftGRF Data source being set to SRRun01_grf
[info] Storage: read data file = SRRun01_grf.mot (nr=10005 nc=19)
[info] ExternalForce::RightGRF Data source being set to SRRun01_grf
[info] ExternalForce::LeftGRF Data source being set to SRRun01_grf
[info] Storage: read data file = SRRun01_grf.mot (nr=10005 nc=19)
[info] ExternalForce::RightGRF Data source being set to SRRun01_grf
[info] ExternalForce::LeftGRF Data source being set to SRRun01_grf
[info] Storage: read data file = SRRun01_grf.mot (nr=10005 nc=19)
[info] ExternalForce::RightGRF Data source being set to SRRun01_grf
[info] ExternalForce::LeftGRF Data source being set to SRRun01_grf
[info] Storage: read data file = SRRun01_grf.mot (nr=10005 nc=19)
[info] ExternalForce::RightGRF Data source being set to SRRun01_grf
[info] ExternalForce::LeftGRF Data source being set to SRRun01_grf
[info] Storage: read data file = SRRun01_grf.mot (nr=10005 nc=19)
[info] ExternalForce::RightGRF Data source being set to SRRun01_grf
[info] ExternalForce::LeftGRF Data source being set to SRRun01_grf
[info] Storage: read data file = SRRun01_grf.mot (nr=10005 nc=19)
[info] ExternalForce::RightGRF Data source being set to SRRun01_grf
[info] ExternalForce::LeftGRF Data source being set to SRRun01_grf
[info] Storage: read data file = SRRun01_grf.mot (nr=10005 nc=19)
[info] ExternalForce::RightGRF Data source being set to SRRun01_grf
[info] ExternalForce::LeftGRF Data source being set to SRRun01_grf
[info] Storage: read data file = SRRun01_grf.mot (nr=10005 nc=19)
[info] ExternalForce::RightGRF Data source being set to SRRun01_grf
[info] ExternalForce::LeftGRF Data source being set to SRRun01_grf
[info] Storage: read data file = SRRun01_grf.mot (nr=10005 nc=19)
[info] ExternalForce::RightGRF Data source being set to SRRun01_grf
[info] ExternalForce::LeftGRF Data source being set to SRRun01_grf
[info] Storage: read data file = SRRun01_grf.mot (nr=10005 nc=19)
[info] ExternalForce::RightGRF Data source being set to SRRun01_grf
[info] ExternalForce::LeftGRF Data source being set to SRRun01_grf
[info] Storage: read data file = SRRun01_grf.mot (nr=10005 nc=19)
[info] ExternalForce::RightGRF Data source being set to SRRun01_grf
[info] ExternalForce::LeftGRF Data source being set to SRRun01_grf
[info] Storage: read data file = SRRun01_grf.mot (nr=10005 nc=19)
[info] ExternalForce::RightGRF Data source being set to SRRun01_grf
[info] ExternalForce::LeftGRF Data source being set to SRRun01_grf
[info] Storage: read data file = SRRun01_grf.mot (nr=10005 nc=19)
[info] ExternalForce::RightGRF Data source being set to SRRun01_grf
[info] ExternalForce::LeftGRF Data source being set to SRRun01_grf
[info] Storage: read data file = SRRun01_grf.mot (nr=10005 nc=19)
[info] ExternalForce::RightGRF Data source being set to SRRun01_grf
[info] ExternalForce::LeftGRF Data source being set to SRRun01_grf
[info] Storage: read data file = SRRun01_grf.mot (nr=10005 nc=19)
[info] ExternalForce::RightGRF Data source being set to SRRun01_grf
[info] ExternalForce::LeftGRF Data source being set to SRRun01_grf
[info] Storage: read data file = SRRun01_grf.mot (nr=10005 nc=19)
[info] ExternalForce::RightGRF Data source being set to SRRun01_grf
[info] ExternalForce::LeftGRF Data source being set to SRRun01_grf
[info] Storage: read data file = SRRun01_grf.mot (nr=10005 nc=19)
[info] ExternalForce::RightGRF Data source being set to SRRun01_grf
[info] ExternalForce::LeftGRF Data source being set to SRRun01_grf
[info] Storage: read data file = SRRun01_grf.mot (nr=10005 nc=19)
[info] ExternalForce::RightGRF Data source being set to SRRun01_grf
[info] ExternalForce::LeftGRF Data source being set to SRRun01_grf
[info] Storage: read data file = SRRun01_grf.mot (nr=10005 nc=19)
[info] ExternalForce::RightGRF Data source being set to SRRun01_grf
[info] ExternalForce::LeftGRF Data source being set to SRRun01_grf
[info] Storage: read data file = SRRun01_grf.mot (nr=10005 nc=19)
[info] ExternalForce::RightGRF Data source being set to SRRun01_grf
[info] ExternalForce::LeftGRF Data source being set to SRRun01_grf
[info] Storage: read data file = SRRun01_grf.mot (nr=10005 nc=19)
[info] ExternalForce::RightGRF Data source being set to SRRun01_grf
[info] ExternalForce::LeftGRF Data source being set to SRRun01_grf
[info] Storage: read data file = SRRun01_grf.mot (nr=10005 nc=19)
[info] ExternalForce::RightGRF Data source being set to SRRun01_grf
[info] ExternalForce::LeftGRF Data source being set to SRRun01_grf
[info] Storage: read data file = SRRun01_grf.mot (nr=10005 nc=19)
[info] ExternalForce::RightGRF Data source being set to SRRun01_grf
[info] ExternalForce::LeftGRF Data source being set to SRRun01_grf
[info] Storage: read data file = SRRun01_grf.mot (nr=10005 nc=19)
[info] ExternalForce::RightGRF Data source being set to SRRun01_grf
[info] ExternalForce::LeftGRF Data source being set to SRRun01_grf
[info] Storage: read data file = SRRun01_grf.mot (nr=10005 nc=19)
[info] ExternalForce::RightGRF Data source being set to SRRun01_grf
[info] ExternalForce::LeftGRF Data source being set to SRRun01_grf
[info] Storage: read data file = SRRun01_grf.mot (nr=10005 nc=19)
[info] ExternalForce::RightGRF Data source being set to SRRun01_grf
[info] ExternalForce::LeftGRF Data source being set to SRRun01_grf
[info] Storage: read data file = SRRun01_grf.mot (nr=10005 nc=19)
[info] ExternalForce::RightGRF Data source being set to SRRun01_grf
[info] ExternalForce::LeftGRF Data source being set to SRRun01_grf
[info] Storage: read data file = SRRun01_grf.mot (nr=10005 nc=19)
[info] ExternalForce::RightGRF Data source being set to SRRun01_grf
[info] ExternalForce::LeftGRF Data source being set to SRRun01_grf
[info] Storage: read data file = SRRun01_grf.mot (nr=10005 nc=19)
[info] ExternalForce::RightGRF Data source being set to SRRun01_grf
[info] ExternalForce::LeftGRF Data source being set to SRRun01_grf
[info] Storage: read data file = SRRun01_grf.mot (nr=10005 nc=19)
[info] ExternalForce::RightGRF Data source being set to SRRun01_grf
[info] ExternalForce::LeftGRF Data source being set to SRRun01_grf
[info] Storage: read data file = SRRun01_grf.mot (nr=10005 nc=19)
[info] ExternalForce::RightGRF Data source being set to SRRun01_grf
[info] ExternalForce::LeftGRF Data source being set to SRRun01_grf
[info] Storage: read data file = SRRun01_grf.mot (nr=10005 nc=19)
[info] ExternalForce::RightGRF Data source being set to SRRun01_grf
[info] ExternalForce::LeftGRF Data source being set to SRRun01_grf
[info] Storage: read data file = SRRun01_grf.mot (nr=10005 nc=19)
[info] ExternalForce::RightGRF Data source being set to SRRun01_grf
[info] ExternalForce::LeftGRF Data source being set to SRRun01_grf
[info] Storage: read data file = SRRun01_grf.mot (nr=10005 nc=19)
[info] ExternalForce::RightGRF Data source being set to SRRun01_grf
[info] ExternalForce::LeftGRF Data source being set to SRRun01_grf
[info] Storage: read data file = SRRun01_grf.mot (nr=10005 nc=19)
[info] ExternalForce::RightGRF Data source being set to SRRun01_grf
[info] ExternalForce::LeftGRF Data source being set to SRRun01_grf
[info] Storage: read data file = SRRun01_grf.mot (nr=10005 nc=19)
[info] ExternalForce::RightGRF Data source being set to SRRun01_grf
[info] ExternalForce::LeftGRF Data source being set to SRRun01_grf
[info] Storage: read data file = SRRun01_grf.mot (nr=10005 nc=19)
[info] ExternalForce::RightGRF Data source being set to SRRun01_grf
[info] ExternalForce::LeftGRF Data source being set to SRRun01_grf
[info] Storage: read data file = SRRun01_grf.mot (nr=10005 nc=19)
[info] ExternalForce::RightGRF Data source being set to SRRun01_grf
[info] ExternalForce::LeftGRF Data source being set to SRRun01_grf
[info] Storage: read data file = SRRun01_grf.mot (nr=10005 nc=19)
[info] ExternalForce::RightGRF Data source being set to SRRun01_grf
[info] ExternalForce::LeftGRF Data source being set to SRRun01_grf
[info] Storage: read data file = SRRun01_grf.mot (nr=10005 nc=19)
[info] ExternalForce::RightGRF Data source being set to SRRun01_grf
[info] ExternalForce::LeftGRF Data source being set to SRRun01_grf
[info] Storage: read data file = SRRun01_grf.mot (nr=10005 nc=19)
[info] ExternalForce::RightGRF Data source being set to SRRun01_grf
[info] ExternalForce::LeftGRF Data source being set to SRRun01_grf
[info] Storage: read data file = SRRun01_grf.mot (nr=10005 nc=19)
[info] ExternalForce::RightGRF Data source being set to SRRun01_grf
[info] ExternalForce::LeftGRF Data source being set to SRRun01_grf
[info] Storage: read data file = SRRun01_grf.mot (nr=10005 nc=19)
[info] ExternalForce::RightGRF Data source being set to SRRun01_grf
[info] ExternalForce::LeftGRF Data source being set to SRRun01_grf
[info] Storage: read data file = SRRun01_grf.mot (nr=10005 nc=19)
[info] ExternalForce::RightGRF Data source being set to SRRun01_grf
[info] ExternalForce::LeftGRF Data source being set to SRRun01_grf
[info] Storage: read data file = SRRun01_grf.mot (nr=10005 nc=19)
[info] ExternalForce::RightGRF Data source being set to SRRun01_grf
[info] ExternalForce::LeftGRF Data source being set to SRRun01_grf
[info] Storage: read data file = SRRun01_grf.mot (nr=10005 nc=19)
[info] ExternalForce::RightGRF Data source being set to SRRun01_grf
[info] ExternalForce::LeftGRF Data source being set to SRRun01_grf
[info] Storage: read data file = SRRun01_grf.mot (nr=10005 nc=19)
[info] ExternalForce::RightGRF Data source being set to SRRun01_grf
[info] ExternalForce::LeftGRF Data source being set to SRRun01_grf
[info] Storage: read data file = SRRun01_grf.mot (nr=10005 nc=19)
[info] ExternalForce::RightGRF Data source being set to SRRun01_grf
[info] ExternalForce::LeftGRF Data source being set to SRRun01_grf
[info] Storage: read data file = SRRun01_grf.mot (nr=10005 nc=19)
[info] ExternalForce::RightGRF Data source being set to SRRun01_grf
[info] ExternalForce::LeftGRF Data source being set to SRRun01_grf
[info] Storage: read data file = SRRun01_grf.mot (nr=10005 nc=19)
[info] ExternalForce::RightGRF Data source being set to SRRun01_grf
[info] ExternalForce::LeftGRF Data source being set to SRRun01_grf
[info] Storage: read data file = SRRun01_grf.mot (nr=10005 nc=19)
[info] ExternalForce::RightGRF Data source being set to SRRun01_grf
[info] ExternalForce::LeftGRF Data source being set to SRRun01_grf
[info] Storage: read data file = SRRun01_grf.mot (nr=10005 nc=19)
[info] ExternalForce::RightGRF Data source being set to SRRun01_grf
[info] ExternalForce::LeftGRF Data source being set to SRRun01_grf
[info] Storage: read data file = SRRun01_grf.mot (nr=10005 nc=19)
[info] ExternalForce::RightGRF Data source being set to SRRun01_grf
[info] ExternalForce::LeftGRF Data source being set to SRRun01_grf
[info] Storage: read data file = SRRun01_grf.mot (nr=10005 nc=19)
[info] ExternalForce::RightGRF Data source being set to SRRun01_grf
[info] ExternalForce::LeftGRF Data source being set to SRRun01_grf
[info] Storage: read data file = SRRun01_grf.mot (nr=10005 nc=19)
[info] ExternalForce::RightGRF Data source being set to SRRun01_grf
[info] ExternalForce::LeftGRF Data source being set to SRRun01_grf
[info] Storage: read data file = SRRun01_grf.mot (nr=10005 nc=19)
[info] ExternalForce::RightGRF Data source being set to SRRun01_grf
[info] ExternalForce::LeftGRF Data source being set to SRRun01_grf
[info] Storage: read data file = SRRun01_grf.mot (nr=10005 nc=19)
[info] ExternalForce::RightGRF Data source being set to SRRun01_grf
[info] ExternalForce::LeftGRF Data source being set to SRRun01_grf
[info] Storage: read data file = SRRun01_grf.mot (nr=10005 nc=19)
[info] ExternalForce::RightGRF Data source being set to SRRun01_grf
[info] ExternalForce::LeftGRF Data source being set to SRRun01_grf
[info] Storage: read data file = SRRun01_grf.mot (nr=10005 nc=19)
[info] ExternalForce::RightGRF Data source being set to SRRun01_grf
[info] ExternalForce::LeftGRF Data source being set to SRRun01_grf
[info] Storage: read data file = SRRun01_grf.mot (nr=10005 nc=19)
[info] ExternalForce::RightGRF Data source being set to SRRun01_grf
[info] ExternalForce::LeftGRF Data source being set to SRRun01_grf
[info] Storage: read data file = SRRun01_grf.mot (nr=10005 nc=19)
[info] ExternalForce::RightGRF Data source being set to SRRun01_grf
[info] ExternalForce::LeftGRF Data source being set to SRRun01_grf
[info] Storage: read data file = SRRun01_grf.mot (nr=10005 nc=19)
[info] ExternalForce::RightGRF Data source being set to SRRun01_grf
[info] ExternalForce::LeftGRF Data source being set to SRRun01_grf
[info] ========================================================================
[info] MocoCasADiSolver starting.
[info] Tue Jun  2 18:31:00 2026
[info] ------------------------------------------------------------------------
[info] Costs: (total: 2)
[info]   marker_tracking. MocoMarkerTrackingGoal, enabled: true, mode: cost, weight: 10
[info]         allow unused references: 
[info]         tracked marker(s):
[info]             C7, weight: 1
[info]             T10, weight: 1
[info]             CLAV, weight: 1
[info]             LSHO, weight: 1
[info]             RSHO, weight: 1
[info]             LASIS, weight: 5
[info]             RASIS, weight: 5
[info]             LPSIS, weight: 5
[info]             RPSIS, weight: 5
[info]             LILCR, weight: 2.5
[info]             RILCR, weight: 2.5
[info]             LGTR, weight: 1
[info]             LTHI, weight: 5
[info]             LLTHI, weight: 5
[info]             LLEP, weight: 1
[info]             LPSH, weight: 5
[info]             LLSH, weight: 5
[info]             LDSH, weight: 5
[info]             LLMAL, weight: 1
[info]             LTOE, weight: 10
[info]             L5TH, weight: 10
[info]             LHEE, weight: 5
[info]             RGTR, weight: 1
[info]             RTHI, weight: 5
[info]             RLTHI, weight: 5
[info]             RLEP, weight: 1
[info]             RPSH, weight: 5
[info]             RLSH, weight: 5
[info]             RDSH, weight: 5
[info]             RLMAL, weight: 1
[info]             RTOE, weight: 10
[info]             R5TH, weight: 10
[info]             RHEE, weight: 5
[info]   control_effort. MocoControlGoal, enabled: true, mode: cost, weight: 1
[info]         control: /forceset/addbrev_r, weight: 1
[info]         control: /forceset/addlong_r, weight: 1
[info]         control: /forceset/addmagDist_r, weight: 1
[info]         control: /forceset/addmagIsch_r, weight: 1
[info]         control: /forceset/addmagMid_r, weight: 1
[info]         control: /forceset/addmagProx_r, weight: 1
[info]         control: /forceset/bflh_r, weight: 1
[info]         control: /forceset/bfsh_r, weight: 1
[info]         control: /forceset/edl_r, weight: 1
[info]         control: /forceset/ehl_r, weight: 1
[info]         control: /forceset/fdl_r, weight: 1
[info]         control: /forceset/fhl_r, weight: 1
[info]         control: /forceset/gaslat_r, weight: 1
[info]         control: /forceset/gasmed_r, weight: 1
[info]         control: /forceset/glmax1_r, weight: 1
[info]         control: /forceset/glmax2_r, weight: 1
[info]         control: /forceset/glmax3_r, weight: 1
[info]         control: /forceset/glmed1_r, weight: 1
[info]         control: /forceset/glmed2_r, weight: 1
[info]         control: /forceset/glmed3_r, weight: 1
[info]         control: /forceset/glmin1_r, weight: 1
[info]         control: /forceset/glmin2_r, weight: 1
[info]         control: /forceset/glmin3_r, weight: 1
[info]         control: /forceset/grac_r, weight: 1
[info]         control: /forceset/iliacus_r, weight: 1
[info]         control: /forceset/perbrev_r, weight: 1
[info]         control: /forceset/perlong_r, weight: 1
[info]         control: /forceset/piri_r, weight: 1
[info]         control: /forceset/psoas_r, weight: 1
[info]         control: /forceset/recfem_r, weight: 1
[info]         control: /forceset/sart_r, weight: 1
[info]         control: /forceset/semimem_r, weight: 1
[info]         control: /forceset/semiten_r, weight: 1
[info]         control: /forceset/soleus_r, weight: 1
[info]         control: /forceset/tfl_r, weight: 1
[info]         control: /forceset/tibant_r, weight: 1
[info]         control: /forceset/tibpost_r, weight: 1
[info]         control: /forceset/vasint_r, weight: 1
[info]         control: /forceset/vaslat_r, weight: 1
[info]         control: /forceset/vasmed_r, weight: 1
[info]         control: /forceset/pelvis_tx_residual, weight: 10
[info]         control: /forceset/pelvis_ty_residual, weight: 10
[info]         control: /forceset/pelvis_tz_residual, weight: 10
[info]         control: /forceset/pelvis_tilt_residual, weight: 10
[info]         control: /forceset/pelvis_list_residual, weight: 10
[info]         control: /forceset/pelvis_rotation_residual, weight: 10
[info]         control: /forceset/hip_flexion_r_reserve, weight: 5
[info]         control: /forceset/hip_adduction_r_reserve, weight: 5
[info]         control: /forceset/hip_rotation_r_reserve, weight: 5
[info]         control: /forceset/knee_angle_r_reserve, weight: 5
[info]         control: /forceset/ankle_angle_r_reserve, weight: 5
[info]         control: /forceset/subtalar_angle_r_reserve, weight: 5
[info]         control: /forceset/hip_flexion_l_torque, weight: 0.01
[info]         control: /forceset/hip_adduction_l_torque, weight: 0.01
[info]         control: /forceset/hip_rotation_l_torque, weight: 0.01
[info]         control: /forceset/knee_angle_l_torque, weight: 0.01
[info]         control: /forceset/ankle_angle_l_torque, weight: 0.01
[info]         control: /forceset/subtalar_angle_l_torque, weight: 0.01
[info] Endpoint constraints: (total: 1)
[info]   initial_activation. MocoInitialActivationGoal, enabled: true, mode: endpoint_constraint
[info] Kinematic constraints: (total: 2)
[info]   kinematic_constraint_cid20. MocoConstraintInfo. number of scalar equations: 3. bounds: 0, 0, 0
[info]   kinematic_constraint_cid21. MocoConstraintInfo. number of scalar equations: 3. bounds: 0, 0, 0
[info] Path constraints: none
[info] States: (total: 80)
[info]   /jointset/subtalar_l/subtalar_angle_l/speed. bounds: [-50, 50]
[info]   /jointset/patellofemoral_l/knee_angle_l_beta/speed. bounds: [-50, 50]
[info]   /jointset/walker_knee_l/knee_angle_l/speed. bounds: [-50, 50]
[info]   /jointset/hip_l/hip_adduction_l/speed. bounds: [-50, 50]
[info]   /jointset/hip_l/hip_flexion_l/speed. bounds: [-50, 50]
[info]   /jointset/subtalar_r/subtalar_angle_r/speed. bounds: [-50, 50]
[info]   /jointset/ankle_r/ankle_angle_r/speed. bounds: [-50, 50]
[info]   /jointset/patellofemoral_r/knee_angle_r_beta/speed. bounds: [-50, 50]
[info]   /jointset/patellofemoral_l/knee_angle_l_beta/value. bounds: [-99999.9, 99999.9]
[info]   /jointset/patellofemoral_r/knee_angle_r_beta/value. bounds: [-99999.9, 99999.9]
[info]   /jointset/ground_pelvis/pelvis_tx/speed. bounds: [-50, 50]
[info]   /jointset/ground_pelvis/pelvis_rotation/speed. bounds: [-50, 50]
[info]   /jointset/subtalar_l/subtalar_angle_l/value. bounds: [-0.698132, 0.125116] initial: [-0.574003, -0.319292]
[info]   /jointset/ground_pelvis/pelvis_ty/speed. bounds: [-50, 50]
[info]   /jointset/ground_pelvis/pelvis_tilt/speed. bounds: [-50, 50]
[info]   /jointset/ankle_l/ankle_angle_l/value. bounds: [-0.474256, 0.587136] initial: [-0.217441, 0.0858136]
[info]   /jointset/hip_r/hip_adduction_r/speed. bounds: [-50, 50]
[info]   /jointset/hip_l/hip_rotation_l/value. bounds: [-0.189344, 0.192869] initial: [0.00981044, 0.119014]
[info]   /jointset/hip_l/hip_flexion_l/value. bounds: [-0.448783, 0.798777] initial: [0.380218, 0.736664]
[info]   /jointset/subtalar_r/subtalar_angle_r/value. bounds: [-0.698132, 0.280279] initial: [-0.518777, -0.198865]
[info]   /jointset/ground_pelvis/pelvis_tz/speed. bounds: [-50, 50]
[info]   /jointset/hip_r/hip_rotation_r/value. bounds: [-0.291819, 0.151515] initial: [-0.127042, -0.000375121]
[info]   /jointset/ground_pelvis/pelvis_tz/value. bounds: [-0.342113, -0.310271] initial: [-0.319369, -0.310271]
[info]   /jointset/ground_pelvis/pelvis_rotation/value. bounds: [-0.233195, 0.163948] initial: [-0.0921987, 0.0212709]
[info]   /jointset/walker_knee_l/knee_angle_l/value. bounds: [0, 1.69418] initial: [0.88659, 1.38984]
[info]   /jointset/ground_pelvis/pelvis_list/value. bounds: [-0.176876, 0.209156] initial: [0.00223493, 0.11253]
[info]   /jointset/ground_pelvis/pelvis_tilt/value. bounds: [-0.306198, -0.0785626] initial: [-0.180889, -0.11585]
[info]   /forceset/vasmed_r/activation. bounds: [0.01, 1]
[info]   /forceset/vaslat_r/activation. bounds: [0.01, 1]
[info]   /forceset/vasint_r/activation. bounds: [0.01, 1]
[info]   /forceset/soleus_r/activation. bounds: [0.01, 1]
[info]   /jointset/ground_pelvis/pelvis_ty/value. bounds: [0.87758, 0.99182] initial: [0.938617, 0.971257]
[info]   /forceset/semiten_r/activation. bounds: [0.01, 1]
[info]   /forceset/semimem_r/activation. bounds: [0.01, 1]
[info]   /jointset/ground_pelvis/pelvis_list/speed. bounds: [-50, 50]
[info]   /forceset/recfem_r/activation. bounds: [0.01, 1]
[info]   /jointset/ankle_r/ankle_angle_r/value. bounds: [-0.482905, 0.444269] initial: [-0.1614, 0.103507]
[info]   /forceset/psoas_r/activation. bounds: [0.01, 1]
[info]   /jointset/walker_knee_r/knee_angle_r/speed. bounds: [-50, 50]
[info]   /jointset/hip_l/hip_adduction_l/value. bounds: [-0.332605, 0.324159] initial: [-0.0742438, 0.113403]
[info]   /forceset/tibpost_r/activation. bounds: [0.01, 1]
[info]   /forceset/perlong_r/activation. bounds: [0.01, 1]
[info]   /forceset/perbrev_r/activation. bounds: [0.01, 1]
[info]   /jointset/hip_r/hip_rotation_r/speed. bounds: [-50, 50]
[info]   /jointset/hip_r/hip_flexion_r/speed. bounds: [-50, 50]
[info]   /forceset/iliacus_r/activation. bounds: [0.01, 1]
[info]   /forceset/sart_r/activation. bounds: [0.01, 1]
[info]   /forceset/grac_r/activation. bounds: [0.01, 1]
[info]   /forceset/glmin3_r/activation. bounds: [0.01, 1]
[info]   /jointset/ankle_l/ankle_angle_l/speed. bounds: [-50, 50]
[info]   /forceset/glmin2_r/activation. bounds: [0.01, 1]
[info]   /jointset/walker_knee_r/knee_angle_r/value. bounds: [0, 1.7446] initial: [0.0172146, 0.559978]
[info]   /forceset/glmin1_r/activation. bounds: [0.01, 1]
[info]   /forceset/glmed3_r/activation. bounds: [0.01, 1]
[info]   /forceset/glmed1_r/activation. bounds: [0.01, 1]
[info]   /forceset/piri_r/activation. bounds: [0.01, 1]
[info]   /forceset/glmax3_r/activation. bounds: [0.01, 1]
[info]   /forceset/glmax2_r/activation. bounds: [0.01, 1]
[info]   /forceset/tfl_r/activation. bounds: [0.01, 1]
[info]   /forceset/glmax1_r/activation. bounds: [0.01, 1]
[info]   /forceset/gasmed_r/activation. bounds: [0.01, 1]
[info]   /forceset/gaslat_r/activation. bounds: [0.01, 1]
[info]   /forceset/fhl_r/activation. bounds: [0.01, 1]
[info]   /forceset/fdl_r/activation. bounds: [0.01, 1]
[info]   /forceset/ehl_r/activation. bounds: [0.01, 1]
[info]   /forceset/tibant_r/activation. bounds: [0.01, 1]
[info]   /forceset/edl_r/activation. bounds: [0.01, 1]
[info]   /jointset/hip_r/hip_flexion_r/value. bounds: [-0.480056, 0.817826] initial: [-0.268544, 0.102279]
[info]   /jointset/ground_pelvis/pelvis_tx/value. bounds: [1.0922, 1.12436] initial: [1.10769, 1.11688]
[info]   /forceset/bfsh_r/activation. bounds: [0.01, 1]
[info]   /forceset/bflh_r/activation. bounds: [0.01, 1]
[info]   /forceset/addmagProx_r/activation. bounds: [0.01, 1]
[info]   /jointset/hip_l/hip_rotation_l/speed. bounds: [-50, 50]
[info]   /jointset/hip_r/hip_adduction_r/value. bounds: [-0.346074, 0.274632] initial: [-0.13055, 0.0467948]
[info]   /forceset/addmagMid_r/activation. bounds: [0.01, 1]
[info]   /forceset/glmed2_r/activation. bounds: [0.01, 1]
[info]   /forceset/addmagIsch_r/activation. bounds: [0.01, 1]
[info]   /forceset/addmagDist_r/activation. bounds: [0.01, 1]
[info]   /forceset/addlong_r/activation. bounds: [0.01, 1]
[info]   /forceset/addbrev_r/activation. bounds: [0.01, 1]
[info] Controls: (total: 58)
[info]   /forceset/subtalar_angle_l_torque. bounds: [-inf, inf]
[info]   /forceset/ankle_angle_l_torque. bounds: [-inf, inf]
[info]   /forceset/knee_angle_l_torque. bounds: [-inf, inf]
[info]   /forceset/hip_rotation_l_torque. bounds: [-inf, inf]
[info]   /forceset/subtalar_angle_r_reserve. bounds: [-inf, inf]
[info]   /forceset/hip_rotation_r_reserve. bounds: [-inf, inf]
[info]   /forceset/knee_angle_r_reserve. bounds: [-inf, inf]
[info]   /forceset/pelvis_rotation_residual. bounds: [-inf, inf]
[info]   /forceset/pelvis_list_residual. bounds: [-inf, inf]
[info]   /forceset/pelvis_tz_residual. bounds: [-inf, inf]
[info]   /forceset/pelvis_tx_residual. bounds: [-inf, inf]
[info]   /forceset/psoas_r. bounds: [0.001, 1]
[info]   /forceset/perlong_r. bounds: [0.001, 1]
[info]   /forceset/glmed3_r. bounds: [0.001, 1]
[info]   /forceset/perbrev_r. bounds: [0.001, 1]
[info]   /forceset/iliacus_r. bounds: [0.001, 1]
[info]   /forceset/grac_r. bounds: [0.001, 1]
[info]   /forceset/vasint_r. bounds: [0.001, 1]
[info]   /forceset/hip_flexion_l_torque. bounds: [-inf, inf]
[info]   /forceset/glmin3_r. bounds: [0.001, 1]
[info]   /forceset/bfsh_r. bounds: [0.001, 1]
[info]   /forceset/glmin2_r. bounds: [0.001, 1]
[info]   /forceset/glmax3_r. bounds: [0.001, 1]
[info]   /forceset/ankle_angle_r_reserve. bounds: [-inf, inf]
[info]   /forceset/glmin1_r. bounds: [0.001, 1]
[info]   /forceset/glmed2_r. bounds: [0.001, 1]
[info]   /forceset/fhl_r. bounds: [0.001, 1]
[info]   /forceset/piri_r. bounds: [0.001, 1]
[info]   /forceset/addlong_r. bounds: [0.001, 1]
[info]   /forceset/addmagProx_r. bounds: [0.001, 1]
[info]   /forceset/gaslat_r. bounds: [0.001, 1]
[info]   /forceset/addmagDist_r. bounds: [0.001, 1]
[info]   /forceset/pelvis_tilt_residual. bounds: [-inf, inf]
[info]   /forceset/glmax1_r. bounds: [0.001, 1]
[info]   /forceset/edl_r. bounds: [0.001, 1]
[info]   /forceset/hip_adduction_l_torque. bounds: [-inf, inf]
[info]   /forceset/addmagIsch_r. bounds: [0.001, 1]
[info]   /forceset/bflh_r. bounds: [0.001, 1]
[info]   /forceset/pelvis_ty_residual. bounds: [-inf, inf]
[info]   /forceset/addmagMid_r. bounds: [0.001, 1]
[info]   /forceset/hip_adduction_r_reserve. bounds: [-inf, inf]
[info]   /forceset/hip_flexion_r_reserve. bounds: [-inf, inf]
[info]   /forceset/gasmed_r. bounds: [0.001, 1]
[info]   /forceset/ehl_r. bounds: [0.001, 1]
[info]   /forceset/glmed1_r. bounds: [0.001, 1]
[info]   /forceset/glmax2_r. bounds: [0.001, 1]
[info]   /forceset/vasmed_r. bounds: [0.001, 1]
[info]   /forceset/addbrev_r. bounds: [0.001, 1]
[info]   /forceset/semiten_r. bounds: [0.001, 1]
[info]   /forceset/fdl_r. bounds: [0.001, 1]
[info]   /forceset/recfem_r. bounds: [0.001, 1]
[info]   /forceset/tibpost_r. bounds: [0.001, 1]
[info]   /forceset/sart_r. bounds: [0.001, 1]
[info]   /forceset/semimem_r. bounds: [0.001, 1]
[info]   /forceset/soleus_r. bounds: [0.001, 1]
[info]   /forceset/tfl_r. bounds: [0.001, 1]
[info]   /forceset/tibant_r. bounds: [0.001, 1]
[info]   /forceset/vaslat_r. bounds: [0.001, 1]
[info] Input controls: none
[info] Parameters: none
[info] Storage: read data file = SRRun01_grf.mot (nr=10005 nc=19)
[info] ExternalForce::RightGRF Data source being set to SRRun01_grf
[info] ExternalForce::LeftGRF Data source being set to SRRun01_grf
[info] Storage: read data file = SRRun01_grf.mot (nr=10005 nc=19)
[info] ExternalForce::RightGRF Data source being set to SRRun01_grf
[info] ExternalForce::LeftGRF Data source being set to SRRun01_grf
[info] Storage: read data file = SRRun01_grf.mot (nr=10005 nc=19)
[info] ExternalForce::RightGRF Data source being set to SRRun01_grf
[info] ExternalForce::LeftGRF Data source being set to SRRun01_grf
[info] Storage: read data file = SRRun01_grf.mot (nr=10005 nc=19)
[info] ExternalForce::RightGRF Data source being set to SRRun01_grf
[info] ExternalForce::LeftGRF Data source being set to SRRun01_grf
[info] Storage: read data file = SRRun01_grf.mot (nr=10005 nc=19)
[info] ExternalForce::RightGRF Data source being set to SRRun01_grf
[info] ExternalForce::LeftGRF Data source being set to SRRun01_grf
[info] Storage: read data file = SRRun01_grf.mot (nr=10005 nc=19)
[info] ExternalForce::RightGRF Data source being set to SRRun01_grf
[info] ExternalForce::LeftGRF Data source being set to SRRun01_grf
[info] Storage: read data file = SRRun01_grf.mot (nr=10005 nc=19)
[info] ExternalForce::RightGRF Data source being set to SRRun01_grf
[info] ExternalForce::LeftGRF Data source being set to SRRun01_grf
[info] Storage: read data file = SRRun01_grf.mot (nr=10005 nc=19)
[info] ExternalForce::RightGRF Data source being set to SRRun01_grf
[info] ExternalForce::LeftGRF Data source being set to SRRun01_grf
[info] Storage: read data file = SRRun01_grf.mot (nr=10005 nc=19)
[info] ExternalForce::RightGRF Data source being set to SRRun01_grf
[info] ExternalForce::LeftGRF Data source being set to SRRun01_grf
[info] Storage: read data file = SRRun01_grf.mot (nr=10005 nc=19)
[info] ExternalForce::RightGRF Data source being set to SRRun01_grf
[info] ExternalForce::LeftGRF Data source being set to SRRun01_grf
[info] Storage: read data file = SRRun01_grf.mot (nr=10005 nc=19)
[info] ExternalForce::RightGRF Data source being set to SRRun01_grf
[info] ExternalForce::LeftGRF Data source being set to SRRun01_grf
[info] Storage: read data file = SRRun01_grf.mot (nr=10005 nc=19)
[info] ExternalForce::RightGRF Data source being set to SRRun01_grf
[info] ExternalForce::LeftGRF Data source being set to SRRun01_grf
[info] Storage: read data file = SRRun01_grf.mot (nr=10005 nc=19)
[info] ExternalForce::RightGRF Data source being set to SRRun01_grf
[info] ExternalForce::LeftGRF Data source being set to SRRun01_grf
[info] Storage: read data file = SRRun01_grf.mot (nr=10005 nc=19)
[info] ExternalForce::RightGRF Data source being set to SRRun01_grf
[info] ExternalForce::LeftGRF Data source being set to SRRun01_grf
[info] Storage: read data file = SRRun01_grf.mot (nr=10005 nc=19)
[info] ExternalForce::RightGRF Data source being set to SRRun01_grf
[info] ExternalForce::LeftGRF Data source being set to SRRun01_grf
[info] Storage: read data file = SRRun01_grf.mot (nr=10005 nc=19)
[info] ExternalForce::RightGRF Data source being set to SRRun01_grf
[info] ExternalForce::LeftGRF Data source being set to SRRun01_grf
[info] Storage: read data file = SRRun01_grf.mot (nr=10005 nc=19)
[info] ExternalForce::RightGRF Data source being set to SRRun01_grf
[info] ExternalForce::LeftGRF Data source being set to SRRun01_grf
[info] Storage: read data file = SRRun01_grf.mot (nr=10005 nc=19)
[info] ExternalForce::RightGRF Data source being set to SRRun01_grf
[info] ExternalForce::LeftGRF Data source being set to SRRun01_grf
[info] Storage: read data file = SRRun01_grf.mot (nr=10005 nc=19)
[info] ExternalForce::RightGRF Data source being set to SRRun01_grf
[info] ExternalForce::LeftGRF Data source being set to SRRun01_grf
[info] Storage: read data file = SRRun01_grf.mot (nr=10005 nc=19)
[info] ExternalForce::RightGRF Data source being set to SRRun01_grf
[info] ExternalForce::LeftGRF Data source being set to SRRun01_grf
[info] Storage: read data file = SRRun01_grf.mot (nr=10005 nc=19)
[info] ExternalForce::RightGRF Data source being set to SRRun01_grf
[info] ExternalForce::LeftGRF Data source being set to SRRun01_grf
[info] Storage: read data file = SRRun01_grf.mot (nr=10005 nc=19)
[info] ExternalForce::RightGRF Data source being set to SRRun01_grf
[info] ExternalForce::LeftGRF Data source being set to SRRun01_grf
[info] Storage: read data file = SRRun01_grf.mot (nr=10005 nc=19)
[info] ExternalForce::RightGRF Data source being set to SRRun01_grf
[info] ExternalForce::LeftGRF Data source being set to SRRun01_grf
[info] Storage: read data file = SRRun01_grf.mot (nr=10005 nc=19)
[info] ExternalForce::RightGRF Data source being set to SRRun01_grf
[info] ExternalForce::LeftGRF Data source being set to SRRun01_grf
[info] Storage: read data file = SRRun01_grf.mot (nr=10005 nc=19)
[info] ExternalForce::RightGRF Data source being set to SRRun01_grf
[info] ExternalForce::LeftGRF Data source being set to SRRun01_grf
[info] Storage: read data file = SRRun01_grf.mot (nr=10005 nc=19)
[info] ExternalForce::RightGRF Data source being set to SRRun01_grf
[info] ExternalForce::LeftGRF Data source being set to SRRun01_grf
[info] Storage: read data file = SRRun01_grf.mot (nr=10005 nc=19)
[info] ExternalForce::RightGRF Data source being set to SRRun01_grf
[info] ExternalForce::LeftGRF Data source being set to SRRun01_grf
[info] Storage: read data file = SRRun01_grf.mot (nr=10005 nc=19)
[info] ExternalForce::RightGRF Data source being set to SRRun01_grf
[info] ExternalForce::LeftGRF Data source being set to SRRun01_grf
[info] Storage: read data file = SRRun01_grf.mot (nr=10005 nc=19)
[info] ExternalForce::RightGRF Data source being set to SRRun01_grf
[info] ExternalForce::LeftGRF Data source being set to SRRun01_grf
[info] Storage: read data file = SRRun01_grf.mot (nr=10005 nc=19)
[info] ExternalForce::RightGRF Data source being set to SRRun01_grf
[info] ExternalForce::LeftGRF Data source being set to SRRun01_grf
[info] Storage: read data file = SRRun01_grf.mot (nr=10005 nc=19)
[info] ExternalForce::RightGRF Data source being set to SRRun01_grf
[info] ExternalForce::LeftGRF Data source being set to SRRun01_grf
[info] Storage: read data file = SRRun01_grf.mot (nr=10005 nc=19)
[info] ExternalForce::RightGRF Data source being set to SRRun01_grf
[info] ExternalForce::LeftGRF Data source being set to SRRun01_grf
[info] Storage: read data file = SRRun01_grf.mot (nr=10005 nc=19)
[info] ExternalForce::RightGRF Data source being set to SRRun01_grf
[info] ExternalForce::LeftGRF Data source being set to SRRun01_grf
[info] Storage: read data file = SRRun01_grf.mot (nr=10005 nc=19)
[info] ExternalForce::RightGRF Data source being set to SRRun01_grf
[info] ExternalForce::LeftGRF Data source being set to SRRun01_grf
[info] Storage: read data file = SRRun01_grf.mot (nr=10005 nc=19)
[info] ExternalForce::RightGRF Data source being set to SRRun01_grf
[info] ExternalForce::LeftGRF Data source being set to SRRun01_grf
[info] Storage: read data file = SRRun01_grf.mot (nr=10005 nc=19)
[info] ExternalForce::RightGRF Data source being set to SRRun01_grf
[info] ExternalForce::LeftGRF Data source being set to SRRun01_grf
[info] Storage: read data file = SRRun01_grf.mot (nr=10005 nc=19)
[info] ExternalForce::RightGRF Data source being set to SRRun01_grf
[info] ExternalForce::LeftGRF Data source being set to SRRun01_grf
[info] Storage: read data file = SRRun01_grf.mot (nr=10005 nc=19)
[info] ExternalForce::RightGRF Data source being set to SRRun01_grf
[info] ExternalForce::LeftGRF Data source being set to SRRun01_grf
[info] Storage: read data file = SRRun01_grf.mot (nr=10005 nc=19)
[info] ExternalForce::RightGRF Data source being set to SRRun01_grf
[info] ExternalForce::LeftGRF Data source being set to SRRun01_grf
[info] Storage: read data file = SRRun01_grf.mot (nr=10005 nc=19)
[info] ExternalForce::RightGRF Data source being set to SRRun01_grf
[info] ExternalForce::LeftGRF Data source being set to SRRun01_grf
[info] Storage: read data file = SRRun01_grf.mot (nr=10005 nc=19)
[info] ExternalForce::RightGRF Data source being set to SRRun01_grf
[info] ExternalForce::LeftGRF Data source being set to SRRun01_grf
[info] Storage: read data file = SRRun01_grf.mot (nr=10005 nc=19)
[info] ExternalForce::RightGRF Data source being set to SRRun01_grf
[info] ExternalForce::LeftGRF Data source being set to SRRun01_grf
[info] Storage: read data file = SRRun01_grf.mot (nr=10005 nc=19)
[info] ExternalForce::RightGRF Data source being set to SRRun01_grf
[info] ExternalForce::LeftGRF Data source being set to SRRun01_grf
[info] Storage: read data file = SRRun01_grf.mot (nr=10005 nc=19)
[info] ExternalForce::RightGRF Data source being set to SRRun01_grf
[info] ExternalForce::LeftGRF Data source being set to SRRun01_grf
[info] Storage: read data file = SRRun01_grf.mot (nr=10005 nc=19)
[info] ExternalForce::RightGRF Data source being set to SRRun01_grf
[info] ExternalForce::LeftGRF Data source being set to SRRun01_grf
[info] Storage: read data file = SRRun01_grf.mot (nr=10005 nc=19)
[info] ExternalForce::RightGRF Data source being set to SRRun01_grf
[info] ExternalForce::LeftGRF Data source being set to SRRun01_grf
[info] Storage: read data file = SRRun01_grf.mot (nr=10005 nc=19)
[info] ExternalForce::RightGRF Data source being set to SRRun01_grf
[info] ExternalForce::LeftGRF Data source being set to SRRun01_grf
[info] Storage: read data file = SRRun01_grf.mot (nr=10005 nc=19)
[info] ExternalForce::RightGRF Data source being set to SRRun01_grf
[info] ExternalForce::LeftGRF Data source being set to SRRun01_grf
[info] Storage: read data file = SRRun01_grf.mot (nr=10005 nc=19)
[info] ExternalForce::RightGRF Data source being set to SRRun01_grf
[info] ExternalForce::LeftGRF Data source being set to SRRun01_grf
[info] Storage: read data file = SRRun01_grf.mot (nr=10005 nc=19)
[info] ExternalForce::RightGRF Data source being set to SRRun01_grf
[info] ExternalForce::LeftGRF Data source being set to SRRun01_grf
[info] Storage: read data file = SRRun01_grf.mot (nr=10005 nc=19)
[info] ExternalForce::RightGRF Data source being set to SRRun01_grf
[info] ExternalForce::LeftGRF Data source being set to SRRun01_grf
[info] Storage: read data file = SRRun01_grf.mot (nr=10005 nc=19)
[info] ExternalForce::RightGRF Data source being set to SRRun01_grf
[info] ExternalForce::LeftGRF Data source being set to SRRun01_grf
[info] Storage: read data file = SRRun01_grf.mot (nr=10005 nc=19)
[info] ExternalForce::RightGRF Data source being set to SRRun01_grf
[info] ExternalForce::LeftGRF Data source being set to SRRun01_grf
[info] Storage: read data file = SRRun01_grf.mot (nr=10005 nc=19)
[info] ExternalForce::RightGRF Data source being set to SRRun01_grf
[info] ExternalForce::LeftGRF Data source being set to SRRun01_grf
[info] Storage: read data file = SRRun01_grf.mot (nr=10005 nc=19)
[info] ExternalForce::RightGRF Data source being set to SRRun01_grf
[info] ExternalForce::LeftGRF Data source being set to SRRun01_grf
[info] Storage: read data file = SRRun01_grf.mot (nr=10005 nc=19)
[info] ExternalForce::RightGRF Data source being set to SRRun01_grf
[info] ExternalForce::LeftGRF Data source being set to SRRun01_grf
[info] Storage: read data file = SRRun01_grf.mot (nr=10005 nc=19)
[info] ExternalForce::RightGRF Data source being set to SRRun01_grf
[info] ExternalForce::LeftGRF Data source being set to SRRun01_grf
[info] Storage: read data file = SRRun01_grf.mot (nr=10005 nc=19)
[info] ExternalForce::RightGRF Data source being set to SRRun01_grf
[info] ExternalForce::LeftGRF Data source being set to SRRun01_grf
[info] Storage: read data file = SRRun01_grf.mot (nr=10005 nc=19)
[info] ExternalForce::RightGRF Data source being set to SRRun01_grf
[info] ExternalForce::LeftGRF Data source being set to SRRun01_grf
[info] Storage: read data file = SRRun01_grf.mot (nr=10005 nc=19)
[info] ExternalForce::RightGRF Data source being set to SRRun01_grf
[info] ExternalForce::LeftGRF Data source being set to SRRun01_grf
[info] Storage: read data file = SRRun01_grf.mot (nr=10005 nc=19)
[info] ExternalForce::RightGRF Data source being set to SRRun01_grf
[info] ExternalForce::LeftGRF Data source being set to SRRun01_grf
[info] Storage: read data file = SRRun01_grf.mot (nr=10005 nc=19)
[info] ExternalForce::RightGRF Data source being set to SRRun01_grf
[info] ExternalForce::LeftGRF Data source being set to SRRun01_grf
[info] Storage: read data file = SRRun01_grf.mot (nr=10005 nc=19)
[info] ExternalForce::RightGRF Data source being set to SRRun01_grf
[info] ExternalForce::LeftGRF Data source being set to SRRun01_grf
[info] Storage: read data file = SRRun01_grf.mot (nr=10005 nc=19)
[info] ExternalForce::RightGRF Data source being set to SRRun01_grf
[info] ExternalForce::LeftGRF Data source being set to SRRun01_grf
[info] Storage: read data file = SRRun01_grf.mot (nr=10005 nc=19)
[info] ExternalForce::RightGRF Data source being set to SRRun01_grf
[info] ExternalForce::LeftGRF Data source being set to SRRun01_grf
[info] Storage: read data file = SRRun01_grf.mot (nr=10005 nc=19)
[info] ExternalForce::RightGRF Data source being set to SRRun01_grf
[info] ExternalForce::LeftGRF Data source being set to SRRun01_grf
[info] Storage: read data file = SRRun01_grf.mot (nr=10005 nc=19)
[info] ExternalForce::RightGRF Data source being set to SRRun01_grf
[info] ExternalForce::LeftGRF Data source being set to SRRun01_grf
[info] Storage: read data file = SRRun01_grf.mot (nr=10005 nc=19)
[info] ExternalForce::RightGRF Data source being set to SRRun01_grf
[info] ExternalForce::LeftGRF Data source being set to SRRun01_grf
[info] Storage: read data file = SRRun01_grf.mot (nr=10005 nc=19)
[info] ExternalForce::RightGRF Data source being set to SRRun01_grf
[info] ExternalForce::LeftGRF Data source being set to SRRun01_grf
[info] Storage: read data file = SRRun01_grf.mot (nr=10005 nc=19)
[info] ExternalForce::RightGRF Data source being set to SRRun01_grf
[info] ExternalForce::LeftGRF Data source being set to SRRun01_grf
[info] Storage: read data file = SRRun01_grf.mot (nr=10005 nc=19)
[info] ExternalForce::RightGRF Data source being set to SRRun01_grf
[info] ExternalForce::LeftGRF Data source being set to SRRun01_grf
[info] Storage: read data file = SRRun01_grf.mot (nr=10005 nc=19)
[info] ExternalForce::RightGRF Data source being set to SRRun01_grf
[info] ExternalForce::LeftGRF Data source being set to SRRun01_grf
[info] Storage: read data file = SRRun01_grf.mot (nr=10005 nc=19)
[info] ExternalForce::RightGRF Data source being set to SRRun01_grf
[info] ExternalForce::LeftGRF Data source being set to SRRun01_grf
[info] Storage: read data file = SRRun01_grf.mot (nr=10005 nc=19)
[info] ExternalForce::RightGRF Data source being set to SRRun01_grf
[info] ExternalForce::LeftGRF Data source being set to SRRun01_grf
[info] Storage: read data file = SRRun01_grf.mot (nr=10005 nc=19)
[info] ExternalForce::RightGRF Data source being set to SRRun01_grf
[info] ExternalForce::LeftGRF Data source being set to SRRun01_grf
[info] Storage: read data file = SRRun01_grf.mot (nr=10005 nc=19)
[info] ExternalForce::RightGRF Data source being set to SRRun01_grf
[info] ExternalForce::LeftGRF Data source being set to SRRun01_grf
[info] Storage: read data file = SRRun01_grf.mot (nr=10005 nc=19)
[info] ExternalForce::RightGRF Data source being set to SRRun01_grf
[info] ExternalForce::LeftGRF Data source being set to SRRun01_grf
[info] Storage: read data file = SRRun01_grf.mot (nr=10005 nc=19)
[info] ExternalForce::RightGRF Data source being set to SRRun01_grf
[info] ExternalForce::LeftGRF Data source being set to SRRun01_grf
[info] Storage: read data file = SRRun01_grf.mot (nr=10005 nc=19)
[info] ExternalForce::RightGRF Data source being set to SRRun01_grf
[info] ExternalForce::LeftGRF Data source being set to SRRun01_grf
[info] Storage: read data file = SRRun01_grf.mot (nr=10005 nc=19)
[info] ExternalForce::RightGRF Data source being set to SRRun01_grf
[info] ExternalForce::LeftGRF Data source being set to SRRun01_grf
[info] Storage: read data file = SRRun01_grf.mot (nr=10005 nc=19)
[info] ExternalForce::RightGRF Data source being set to SRRun01_grf
[info] ExternalForce::LeftGRF Data source being set to SRRun01_grf
[info] Storage: read data file = SRRun01_grf.mot (nr=10005 nc=19)
[info] ExternalForce::RightGRF Data source being set to SRRun01_grf
[info] ExternalForce::LeftGRF Data source being set to SRRun01_grf
[info] Storage: read data file = SRRun01_grf.mot (nr=10005 nc=19)
[info] ExternalForce::RightGRF Data source being set to SRRun01_grf
[info] ExternalForce::LeftGRF Data source being set to SRRun01_grf
[info] Storage: read data file = SRRun01_grf.mot (nr=10005 nc=19)
[info] ExternalForce::RightGRF Data source being set to SRRun01_grf
[info] ExternalForce::LeftGRF Data source being set to SRRun01_grf
[info] Storage: read data file = SRRun01_grf.mot (nr=10005 nc=19)
[info] ExternalForce::RightGRF Data source being set to SRRun01_grf
[info] ExternalForce::LeftGRF Data source being set to SRRun01_grf
[info] Storage: read data file = SRRun01_grf.mot (nr=10005 nc=19)
[info] ExternalForce::RightGRF Data source being set to SRRun01_grf
[info] ExternalForce::LeftGRF Data source being set to SRRun01_grf
[info] Storage: read data file = SRRun01_grf.mot (nr=10005 nc=19)
[info] ExternalForce::RightGRF Data source being set to SRRun01_grf
[info] ExternalForce::LeftGRF Data source being set to SRRun01_grf
[info] Storage: read data file = SRRun01_grf.mot (nr=10005 nc=19)
[info] ExternalForce::RightGRF Data source being set to SRRun01_grf
[info] ExternalForce::LeftGRF Data source being set to SRRun01_grf
[info] Storage: read data file = SRRun01_grf.mot (nr=10005 nc=19)
[info] ExternalForce::RightGRF Data source being set to SRRun01_grf
[info] ExternalForce::LeftGRF Data source being set to SRRun01_grf
[info] Storage: read data file = SRRun01_grf.mot (nr=10005 nc=19)
[info] ExternalForce::RightGRF Data source being set to SRRun01_grf
[info] ExternalForce::LeftGRF Data source being set to SRRun01_grf
[info] Storage: read data file = SRRun01_grf.mot (nr=10005 nc=19)
[info] ExternalForce::RightGRF Data source being set to SRRun01_grf
[info] ExternalForce::LeftGRF Data source being set to SRRun01_grf
[info] Storage: read data file = SRRun01_grf.mot (nr=10005 nc=19)
[info] ExternalForce::RightGRF Data source being set to SRRun01_grf
[info] ExternalForce::LeftGRF Data source being set to SRRun01_grf
[info] Storage: read data file = SRRun01_grf.mot (nr=10005 nc=19)
[info] ExternalForce::RightGRF Data source being set to SRRun01_grf
[info] ExternalForce::LeftGRF Data source being set to SRRun01_grf
[info] Storage: read data file = SRRun01_grf.mot (nr=10005 nc=19)
[info] ExternalForce::RightGRF Data source being set to SRRun01_grf
[info] ExternalForce::LeftGRF Data source being set to SRRun01_grf
[info] Storage: read data file = SRRun01_grf.mot (nr=10005 nc=19)
[info] ExternalForce::RightGRF Data source being set to SRRun01_grf
[info] ExternalForce::LeftGRF Data source being set to SRRun01_grf
[info] Storage: read data file = SRRun01_grf.mot (nr=10005 nc=19)
[info] ExternalForce::RightGRF Data source being set to SRRun01_grf
[info] ExternalForce::LeftGRF Data source being set to SRRun01_grf
[info] Storage: read data file = SRRun01_grf.mot (nr=10005 nc=19)
[info] ExternalForce::RightGRF Data source being set to SRRun01_grf
[info] ExternalForce::LeftGRF Data source being set to SRRun01_grf
[info] Storage: read data file = SRRun01_grf.mot (nr=10005 nc=19)
[info] ExternalForce::RightGRF Data source being set to SRRun01_grf
[info] ExternalForce::LeftGRF Data source being set to SRRun01_grf
[info] Storage: read data file = SRRun01_grf.mot (nr=10005 nc=19)
[info] ExternalForce::RightGRF Data source being set to SRRun01_grf
[info] ExternalForce::LeftGRF Data source being set to SRRun01_grf
[info] Storage: read data file = SRRun01_grf.mot (nr=10005 nc=19)
[info] ExternalForce::RightGRF Data source being set to SRRun01_grf
[info] ExternalForce::LeftGRF Data source being set to SRRun01_grf
[info] Storage: read data file = SRRun01_grf.mot (nr=10005 nc=19)
[info] ExternalForce::RightGRF Data source being set to SRRun01_grf
[info] ExternalForce::LeftGRF Data source being set to SRRun01_grf
[info] Storage: read data file = SRRun01_grf.mot (nr=10005 nc=19)
[info] ExternalForce::RightGRF Data source being set to SRRun01_grf
[info] ExternalForce::LeftGRF Data source being set to SRRun01_grf
[info] Storage: read data file = SRRun01_grf.mot (nr=10005 nc=19)
[info] ExternalForce::RightGRF Data source being set to SRRun01_grf
[info] ExternalForce::LeftGRF Data source being set to SRRun01_grf
[info] Storage: read data file = SRRun01_grf.mot (nr=10005 nc=19)
[info] ExternalForce::RightGRF Data source being set to SRRun01_grf
[info] ExternalForce::LeftGRF Data source being set to SRRun01_grf
[info] Storage: read data file = SRRun01_grf.mot (nr=10005 nc=19)
[info] ExternalForce::RightGRF Data source being set to SRRun01_grf
[info] ExternalForce::LeftGRF Data source being set to SRRun01_grf
[info] Storage: read data file = SRRun01_grf.mot (nr=10005 nc=19)
[info] ExternalForce::RightGRF Data source being set to SRRun01_grf
[info] ExternalForce::LeftGRF Data source being set to SRRun01_grf
[info] Storage: read data file = SRRun01_grf.mot (nr=10005 nc=19)
[info] ExternalForce::RightGRF Data source being set to SRRun01_grf
[info] ExternalForce::LeftGRF Data source being set to SRRun01_grf
[info] Storage: read data file = SRRun01_grf.mot (nr=10005 nc=19)
[info] ExternalForce::RightGRF Data source being set to SRRun01_grf
[info] ExternalForce::LeftGRF Data source being set to SRRun01_grf
[info] Storage: read data file = SRRun01_grf.mot (nr=10005 nc=19)
[info] ExternalForce::RightGRF Data source being set to SRRun01_grf
[info] ExternalForce::LeftGRF Data source being set to SRRun01_grf
[info] Storage: read data file = SRRun01_grf.mot (nr=10005 nc=19)
[info] ExternalForce::RightGRF Data source being set to SRRun01_grf
[info] ExternalForce::LeftGRF Data source being set to SRRun01_grf
[info] Storage: read data file = SRRun01_grf.mot (nr=10005 nc=19)
[info] ExternalForce::RightGRF Data source being set to SRRun01_grf
[info] ExternalForce::LeftGRF Data source being set to SRRun01_grf
[info] Storage: read data file = SRRun01_grf.mot (nr=10005 nc=19)
[info] ExternalForce::RightGRF Data source being set to SRRun01_grf
[info] ExternalForce::LeftGRF Data source being set to SRRun01_grf
[info] Storage: read data file = SRRun01_grf.mot (nr=10005 nc=19)
[info] ExternalForce::RightGRF Data source being set to SRRun01_grf
[info] ExternalForce::LeftGRF Data source being set to SRRun01_grf
[info] Storage: read data file = SRRun01_grf.mot (nr=10005 nc=19)
[info] ExternalForce::RightGRF Data source being set to SRRun01_grf
[info] ExternalForce::LeftGRF Data source being set to SRRun01_grf
[info] Storage: read data file = SRRun01_grf.mot (nr=10005 nc=19)
[info] ExternalForce::RightGRF Data source being set to SRRun01_grf
[info] ExternalForce::LeftGRF Data source being set to SRRun01_grf
[info] Storage: read data file = SRRun01_grf.mot (nr=10005 nc=19)
[info] ExternalForce::RightGRF Data source being set to SRRun01_grf
[info] ExternalForce::LeftGRF Data source being set to SRRun01_grf
[info] Storage: read data file = SRRun01_grf.mot (nr=10005 nc=19)
[info] ExternalForce::RightGRF Data source being set to SRRun01_grf
[info] ExternalForce::LeftGRF Data source being set to SRRun01_grf
[info] Storage: read data file = SRRun01_grf.mot (nr=10005 nc=19)
[info] ExternalForce::RightGRF Data source being set to SRRun01_grf
[info] ExternalForce::LeftGRF Data source being set to SRRun01_grf
[info] Storage: read data file = SRRun01_grf.mot (nr=10005 nc=19)
[info] ExternalForce::RightGRF Data source being set to SRRun01_grf
[info] ExternalForce::LeftGRF Data source being set to SRRun01_grf
[info] Storage: read data file = SRRun01_grf.mot (nr=10005 nc=19)
[info] ExternalForce::RightGRF Data source being set to SRRun01_grf
[info] ExternalForce::LeftGRF Data source being set to SRRun01_grf
[info] Storage: read data file = SRRun01_grf.mot (nr=10005 nc=19)
[info] ExternalForce::RightGRF Data source being set to SRRun01_grf
[info] ExternalForce::LeftGRF Data source being set to SRRun01_grf
[info] Storage: read data file = SRRun01_grf.mot (nr=10005 nc=19)
[info] ExternalForce::RightGRF Data source being set to SRRun01_grf
[info] ExternalForce::LeftGRF Data source being set to SRRun01_grf
[info] Storage: read data file = SRRun01_grf.mot (nr=10005 nc=19)
[info] ExternalForce::RightGRF Data source being set to SRRun01_grf
[info] ExternalForce::LeftGRF Data source being set to SRRun01_grf
[info] Storage: read data file = SRRun01_grf.mot (nr=10005 nc=19)
[info] ExternalForce::RightGRF Data source being set to SRRun01_grf
[info] ExternalForce::LeftGRF Data source being set to SRRun01_grf
[info] Storage: read data file = SRRun01_grf.mot (nr=10005 nc=19)
[info] ExternalForce::RightGRF Data source being set to SRRun01_grf
[info] ExternalForce::LeftGRF Data source being set to SRRun01_grf
[info] Storage: read data file = SRRun01_grf.mot (nr=10005 nc=19)
[info] ExternalForce::RightGRF Data source being set to SRRun01_grf
[info] ExternalForce::LeftGRF Data source being set to SRRun01_grf
[info] Storage: read data file = SRRun01_grf.mot (nr=10005 nc=19)
[info] ExternalForce::RightGRF Data source being set to SRRun01_grf
[info] ExternalForce::LeftGRF Data source being set to SRRun01_grf
[info] Storage: read data file = SRRun01_grf.mot (nr=10005 nc=19)
[info] ExternalForce::RightGRF Data source being set to SRRun01_grf
[info] ExternalForce::LeftGRF Data source being set to SRRun01_grf
[info] Storage: read data file = SRRun01_grf.mot (nr=10005 nc=19)
[info] ExternalForce::RightGRF Data source being set to SRRun01_grf
[info] ExternalForce::LeftGRF Data source being set to SRRun01_grf
[info] Storage: read data file = SRRun01_grf.mot (nr=10005 nc=19)
[info] ExternalForce::RightGRF Data source being set to SRRun01_grf
[info] ExternalForce::LeftGRF Data source being set to SRRun01_grf
[info] Storage: read data file = SRRun01_grf.mot (nr=10005 nc=19)
[info] ExternalForce::RightGRF Data source being set to SRRun01_grf
[info] ExternalForce::LeftGRF Data source being set to SRRun01_grf
[info] Storage: read data file = SRRun01_grf.mot (nr=10005 nc=19)
[info] ExternalForce::RightGRF Data source being set to SRRun01_grf
[info] ExternalForce::LeftGRF Data source being set to SRRun01_grf
[info] Storage: read data file = SRRun01_grf.mot (nr=10005 nc=19)
[info] ExternalForce::RightGRF Data source being set to SRRun01_grf
[info] ExternalForce::LeftGRF Data source being set to SRRun01_grf
[info] Storage: read data file = SRRun01_grf.mot (nr=10005 nc=19)
[info] ExternalForce::RightGRF Data source being set to SRRun01_grf
[info] ExternalForce::LeftGRF Data source being set to SRRun01_grf
[info] Storage: read data file = SRRun01_grf.mot (nr=10005 nc=19)
[info] ExternalForce::RightGRF Data source being set to SRRun01_grf
[info] ExternalForce::LeftGRF Data source being set to SRRun01_grf
[info] Storage: read data file = SRRun01_grf.mot (nr=10005 nc=19)
[info] ExternalForce::RightGRF Data source being set to SRRun01_grf
[info] ExternalForce::LeftGRF Data source being set to SRRun01_grf
[info] Storage: read data file = SRRun01_grf.mot (nr=10005 nc=19)
[info] ExternalForce::RightGRF Data source being set to SRRun01_grf
[info] ExternalForce::LeftGRF Data source being set to SRRun01_grf
[info] Storage: read data file = SRRun01_grf.mot (nr=10005 nc=19)
[info] ExternalForce::RightGRF Data source being set to SRRun01_grf
[info] ExternalForce::LeftGRF Data source being set to SRRun01_grf
[info] Storage: read data file = SRRun01_grf.mot (nr=10005 nc=19)
[info] ExternalForce::RightGRF Data source being set to SRRun01_grf
[info] ExternalForce::LeftGRF Data source being set to SRRun01_grf
[info] Storage: read data file = SRRun01_grf.mot (nr=10005 nc=19)
[info] ExternalForce::RightGRF Data source being set to SRRun01_grf
[info] ExternalForce::LeftGRF Data source being set to SRRun01_grf
[info] Storage: read data file = SRRun01_grf.mot (nr=10005 nc=19)
[info] ExternalForce::RightGRF Data source being set to SRRun01_grf
[info] ExternalForce::LeftGRF Data source being set to SRRun01_grf
[info] Storage: read data file = SRRun01_grf.mot (nr=10005 nc=19)
[info] ExternalForce::RightGRF Data source being set to SRRun01_grf
[info] ExternalForce::LeftGRF Data source being set to SRRun01_grf
[info] Storage: read data file = SRRun01_grf.mot (nr=10005 nc=19)
[info] ExternalForce::RightGRF Data source being set to SRRun01_grf
[info] ExternalForce::LeftGRF Data source being set to SRRun01_grf
[info] Storage: read data file = SRRun01_grf.mot (nr=10005 nc=19)
[info] ExternalForce::RightGRF Data source being set to SRRun01_grf
[info] ExternalForce::LeftGRF Data source being set to SRRun01_grf
[info] Storage: read data file = SRRun01_grf.mot (nr=10005 nc=19)
[info] ExternalForce::RightGRF Data source being set to SRRun01_grf
[info] ExternalForce::LeftGRF Data source being set to SRRun01_grf
[info] Storage: read data file = SRRun01_grf.mot (nr=10005 nc=19)
[info] ExternalForce::RightGRF Data source being set to SRRun01_grf
[info] ExternalForce::LeftGRF Data source being set to SRRun01_grf
[info] Storage: read data file = SRRun01_grf.mot (nr=10005 nc=19)
[info] ExternalForce::RightGRF Data source being set to SRRun01_grf
[info] ExternalForce::LeftGRF Data source being set to SRRun01_grf
[info] Storage: read data file = SRRun01_grf.mot (nr=10005 nc=19)
[info] ExternalForce::RightGRF Data source being set to SRRun01_grf
[info] ExternalForce::LeftGRF Data source being set to SRRun01_grf
[info] Storage: read data file = SRRun01_grf.mot (nr=10005 nc=19)
[info] ExternalForce::RightGRF Data source being set to SRRun01_grf
[info] ExternalForce::LeftGRF Data source being set to SRRun01_grf
[info] Storage: read data file = SRRun01_grf.mot (nr=10005 nc=19)
[info] ExternalForce::RightGRF Data source being set to SRRun01_grf
[info] ExternalForce::LeftGRF Data source being set to SRRun01_grf
[info] Storage: read data file = SRRun01_grf.mot (nr=10005 nc=19)
[info] ExternalForce::RightGRF Data source being set to SRRun01_grf
[info] ExternalForce::LeftGRF Data source being set to SRRun01_grf
[info] Storage: read data file = SRRun01_grf.mot (nr=10005 nc=19)
[info] ExternalForce::RightGRF Data source being set to SRRun01_grf
[info] ExternalForce::LeftGRF Data source being set to SRRun01_grf
[info] Storage: read data file = SRRun01_grf.mot (nr=10005 nc=19)
[info] ExternalForce::RightGRF Data source being set to SRRun01_grf
[info] ExternalForce::LeftGRF Data source being set to SRRun01_grf
[info] Storage: read data file = SRRun01_grf.mot (nr=10005 nc=19)
[info] ExternalForce::RightGRF Data source being set to SRRun01_grf
[info] ExternalForce::LeftGRF Data source being set to SRRun01_grf
[info] Storage: read data file = SRRun01_grf.mot (nr=10005 nc=19)
[info] ExternalForce::RightGRF Data source being set to SRRun01_grf
[info] ExternalForce::LeftGRF Data source being set to SRRun01_grf
[info] Storage: read data file = SRRun01_grf.mot (nr=10005 nc=19)
[info] ExternalForce::RightGRF Data source being set to SRRun01_grf
[info] ExternalForce::LeftGRF Data source being set to SRRun01_grf
[info] Storage: read data file = SRRun01_grf.mot (nr=10005 nc=19)
[info] ExternalForce::RightGRF Data source being set to SRRun01_grf
[info] ExternalForce::LeftGRF Data source being set to SRRun01_grf
[info] Storage: read data file = SRRun01_grf.mot (nr=10005 nc=19)
[info] ExternalForce::RightGRF Data source being set to SRRun01_grf
[info] ExternalForce::LeftGRF Data source being set to SRRun01_grf
[info] Storage: read data file = SRRun01_grf.mot (nr=10005 nc=19)
[info] ExternalForce::RightGRF Data source being set to SRRun01_grf
[info] ExternalForce::LeftGRF Data source being set to SRRun01_grf
[info] Storage: read data file = SRRun01_grf.mot (nr=10005 nc=19)
[info] ExternalForce::RightGRF Data source being set to SRRun01_grf
[info] ExternalForce::LeftGRF Data source being set to SRRun01_grf
[info] Storage: read data file = SRRun01_grf.mot (nr=10005 nc=19)
[info] ExternalForce::RightGRF Data source being set to SRRun01_grf
[info] ExternalForce::LeftGRF Data source being set to SRRun01_grf
[info] Storage: read data file = SRRun01_grf.mot (nr=10005 nc=19)
[info] ExternalForce::RightGRF Data source being set to SRRun01_grf
[info] ExternalForce::LeftGRF Data source being set to SRRun01_grf
[info] Storage: read data file = SRRun01_grf.mot (nr=10005 nc=19)
[info] ExternalForce::RightGRF Data source being set to SRRun01_grf
[info] ExternalForce::LeftGRF Data source being set to SRRun01_grf
[info] Storage: read data file = SRRun01_grf.mot (nr=10005 nc=19)
[info] ExternalForce::RightGRF Data source being set to SRRun01_grf
[info] ExternalForce::LeftGRF Data source being set to SRRun01_grf
[info] Storage: read data file = SRRun01_grf.mot (nr=10005 nc=19)
[info] ExternalForce::RightGRF Data source being set to SRRun01_grf
[info] ExternalForce::LeftGRF Data source being set to SRRun01_grf
[info] Storage: read data file = SRRun01_grf.mot (nr=10005 nc=19)
[info] ExternalForce::RightGRF Data source being set to SRRun01_grf
[info] ExternalForce::LeftGRF Data source being set to SRRun01_grf
[info] Storage: read data file = SRRun01_grf.mot (nr=10005 nc=19)
[info] ExternalForce::RightGRF Data source being set to SRRun01_grf
[info] ExternalForce::LeftGRF Data source being set to SRRun01_grf
[info] Storage: read data file = SRRun01_grf.mot (nr=10005 nc=19)
[info] ExternalForce::RightGRF Data source being set to SRRun01_grf
[info] ExternalForce::LeftGRF Data source being set to SRRun01_grf
[info] Storage: read data file = SRRun01_grf.mot (nr=10005 nc=19)
[info] ExternalForce::RightGRF Data source being set to SRRun01_grf
[info] ExternalForce::LeftGRF Data source being set to SRRun01_grf
[info] Storage: read data file = SRRun01_grf.mot (nr=10005 nc=19)
[info] ExternalForce::RightGRF Data source being set to SRRun01_grf
[info] ExternalForce::LeftGRF Data source being set to SRRun01_grf
[info] Storage: read data file = SRRun01_grf.mot (nr=10005 nc=19)
[info] ExternalForce::RightGRF Data source being set to SRRun01_grf
[info] ExternalForce::LeftGRF Data source being set to SRRun01_grf
[info] Storage: read data file = SRRun01_grf.mot (nr=10005 nc=19)
[info] ExternalForce::RightGRF Data source being set to SRRun01_grf
[info] ExternalForce::LeftGRF Data source being set to SRRun01_grf
[info] Storage: read data file = SRRun01_grf.mot (nr=10005 nc=19)
[info] ExternalForce::RightGRF Data source being set to SRRun01_grf
[info] ExternalForce::LeftGRF Data source being set to SRRun01_grf
[info] Storage: read data file = SRRun01_grf.mot (nr=10005 nc=19)
[info] ExternalForce::RightGRF Data source being set to SRRun01_grf
[info] ExternalForce::LeftGRF Data source being set to SRRun01_grf
[info] Storage: read data file = SRRun01_grf.mot (nr=10005 nc=19)
[info] ExternalForce::RightGRF Data source being set to SRRun01_grf
[info] ExternalForce::LeftGRF Data source being set to SRRun01_grf
[info] Storage: read data file = SRRun01_grf.mot (nr=10005 nc=19)
[info] ExternalForce::RightGRF Data source being set to SRRun01_grf
[info] ExternalForce::LeftGRF Data source being set to SRRun01_grf
[info] Storage: read data file = SRRun01_grf.mot (nr=10005 nc=19)
[info] ExternalForce::RightGRF Data source being set to SRRun01_grf
[info] ExternalForce::LeftGRF Data source being set to SRRun01_grf
[info] Storage: read data file = SRRun01_grf.mot (nr=10005 nc=19)
[info] ExternalForce::RightGRF Data source being set to SRRun01_grf
[info] ExternalForce::LeftGRF Data source being set to SRRun01_grf
[info] Storage: read data file = SRRun01_grf.mot (nr=10005 nc=19)
[info] ExternalForce::RightGRF Data source being set to SRRun01_grf
[info] ExternalForce::LeftGRF Data source being set to SRRun01_grf
[info] Storage: read data file = SRRun01_grf.mot (nr=10005 nc=19)
[info] ExternalForce::RightGRF Data source being set to SRRun01_grf
[info] ExternalForce::LeftGRF Data source being set to SRRun01_grf
[info] Storage: read data file = SRRun01_grf.mot (nr=10005 nc=19)
[info] ExternalForce::RightGRF Data source being set to SRRun01_grf
[info] ExternalForce::LeftGRF Data source being set to SRRun01_grf
[info] Storage: read data file = SRRun01_grf.mot (nr=10005 nc=19)
[info] ExternalForce::RightGRF Data source being set to SRRun01_grf
[info] ExternalForce::LeftGRF Data source being set to SRRun01_grf
[info] Storage: read data file = SRRun01_grf.mot (nr=10005 nc=19)
[info] ExternalForce::RightGRF Data source being set to SRRun01_grf
[info] ExternalForce::LeftGRF Data source being set to SRRun01_grf
[info] Storage: read data file = SRRun01_grf.mot (nr=10005 nc=19)
[info] ExternalForce::RightGRF Data source being set to SRRun01_grf
[info] ExternalForce::LeftGRF Data source being set to SRRun01_grf
[info] Storage: read data file = SRRun01_grf.mot (nr=10005 nc=19)
[info] ExternalForce::RightGRF Data source being set to SRRun01_grf
[info] ExternalForce::LeftGRF Data source being set to SRRun01_grf
[info] Storage: read data file = SRRun01_grf.mot (nr=10005 nc=19)
[info] ExternalForce::RightGRF Data source being set to SRRun01_grf
[info] ExternalForce::LeftGRF Data source being set to SRRun01_grf
[info] Storage: read data file = SRRun01_grf.mot (nr=10005 nc=19)
[info] ExternalForce::RightGRF Data source being set to SRRun01_grf
[info] ExternalForce::LeftGRF Data source being set to SRRun01_grf
[info] Storage: read data file = SRRun01_grf.mot (nr=10005 nc=19)
[info] ExternalForce::RightGRF Data source being set to SRRun01_grf
[info] ExternalForce::LeftGRF Data source being set to SRRun01_grf
[info] Storage: read data file = SRRun01_grf.mot (nr=10005 nc=19)
[info] ExternalForce::RightGRF Data source being set to SRRun01_grf
[info] ExternalForce::LeftGRF Data source being set to SRRun01_grf
[info] Storage: read data file = SRRun01_grf.mot (nr=10005 nc=19)
[info] ExternalForce::RightGRF Data source being set to SRRun01_grf
[info] ExternalForce::LeftGRF Data source being set to SRRun01_grf
[info] Storage: read data file = SRRun01_grf.mot (nr=10005 nc=19)
[info] ExternalForce::RightGRF Data source being set to SRRun01_grf
[info] ExternalForce::LeftGRF Data source being set to SRRun01_grf
[info] Storage: read data file = SRRun01_grf.mot (nr=10005 nc=19)
[info] ExternalForce::RightGRF Data source being set to SRRun01_grf
[info] ExternalForce::LeftGRF Data source being set to SRRun01_grf
[info] Storage: read data file = SRRun01_grf.mot (nr=10005 nc=19)
[info] ExternalForce::RightGRF Data source being set to SRRun01_grf
[info] ExternalForce::LeftGRF Data source being set to SRRun01_grf
[info] Storage: read data file = SRRun01_grf.mot (nr=10005 nc=19)
[info] ExternalForce::RightGRF Data source being set to SRRun01_grf
[info] ExternalForce::LeftGRF Data source being set to SRRun01_grf
[info] Storage: read data file = SRRun01_grf.mot (nr=10005 nc=19)
[info] ExternalForce::RightGRF Data source being set to SRRun01_grf
[info] ExternalForce::LeftGRF Data source being set to SRRun01_grf
[info] Storage: read data file = SRRun01_grf.mot (nr=10005 nc=19)
[info] ExternalForce::RightGRF Data source being set to SRRun01_grf
[info] ExternalForce::LeftGRF Data source being set to SRRun01_grf
[info] Storage: read data file = SRRun01_grf.mot (nr=10005 nc=19)
[info] ExternalForce::RightGRF Data source being set to SRRun01_grf
[info] ExternalForce::LeftGRF Data source being set to SRRun01_grf
[info] Storage: read data file = SRRun01_grf.mot (nr=10005 nc=19)
[info] ExternalForce::RightGRF Data source being set to SRRun01_grf
[info] ExternalForce::LeftGRF Data source being set to SRRun01_grf
[info] Storage: read data file = SRRun01_grf.mot (nr=10005 nc=19)
[info] ExternalForce::RightGRF Data source being set to SRRun01_grf
[info] ExternalForce::LeftGRF Data source being set to SRRun01_grf
[info] Storage: read data file = SRRun01_grf.mot (nr=10005 nc=19)
[info] ExternalForce::RightGRF Data source being set to SRRun01_grf
[info] ExternalForce::LeftGRF Data source being set to SRRun01_grf
[info] Storage: read data file = SRRun01_grf.mot (nr=10005 nc=19)
[info] ExternalForce::RightGRF Data source being set to SRRun01_grf
[info] ExternalForce::LeftGRF Data source being set to SRRun01_grf
[info] Storage: read data file = SRRun01_grf.mot (nr=10005 nc=19)
[info] ExternalForce::RightGRF Data source being set to SRRun01_grf
[info] ExternalForce::LeftGRF Data source being set to SRRun01_grf
[info] Storage: read data file = SRRun01_grf.mot (nr=10005 nc=19)
[info] ExternalForce::RightGRF Data source being set to SRRun01_grf
[info] ExternalForce::LeftGRF Data source being set to SRRun01_grf
[info] Storage: read data file = SRRun01_grf.mot (nr=10005 nc=19)
[info] ExternalForce::RightGRF Data source being set to SRRun01_grf
[info] ExternalForce::LeftGRF Data source being set to SRRun01_grf
[info] Storage: read data file = SRRun01_grf.mot (nr=10005 nc=19)
[info] ExternalForce::RightGRF Data source being set to SRRun01_grf
[info] ExternalForce::LeftGRF Data source being set to SRRun01_grf
[info] Storage: read data file = SRRun01_grf.mot (nr=10005 nc=19)
[info] ExternalForce::RightGRF Data source being set to SRRun01_grf
[info] ExternalForce::LeftGRF Data source being set to SRRun01_grf
[info] Storage: read data file = SRRun01_grf.mot (nr=10005 nc=19)
[info] ExternalForce::RightGRF Data source being set to SRRun01_grf
[info] ExternalForce::LeftGRF Data source being set to SRRun01_grf
[info] Storage: read data file = SRRun01_grf.mot (nr=10005 nc=19)
[info] ExternalForce::RightGRF Data source being set to SRRun01_grf
[info] ExternalForce::LeftGRF Data source being set to SRRun01_grf
[info] Storage: read data file = SRRun01_grf.mot (nr=10005 nc=19)
[info] ExternalForce::RightGRF Data source being set to SRRun01_grf
[info] ExternalForce::LeftGRF Data source being set to SRRun01_grf
[info] Storage: read data file = SRRun01_grf.mot (nr=10005 nc=19)
[info] ExternalForce::RightGRF Data source being set to SRRun01_grf
[info] ExternalForce::LeftGRF Data source being set to SRRun01_grf
[info] Storage: read data file = SRRun01_grf.mot (nr=10005 nc=19)
[info] ExternalForce::RightGRF Data source being set to SRRun01_grf
[info] ExternalForce::LeftGRF Data source being set to SRRun01_grf
[info] Storage: read data file = SRRun01_grf.mot (nr=10005 nc=19)
[info] ExternalForce::RightGRF Data source being set to SRRun01_grf
[info] ExternalForce::LeftGRF Data source being set to SRRun01_grf
[info] Storage: read data file = SRRun01_grf.mot (nr=10005 nc=19)
[info] ExternalForce::RightGRF Data source being set to SRRun01_grf
[info] ExternalForce::LeftGRF Data source being set to SRRun01_grf
[info] Storage: read data file = SRRun01_grf.mot (nr=10005 nc=19)
[info] ExternalForce::RightGRF Data source being set to SRRun01_grf
[info] ExternalForce::LeftGRF Data source being set to SRRun01_grf
[info] Storage: read data file = SRRun01_grf.mot (nr=10005 nc=19)
[info] ExternalForce::RightGRF Data source being set to SRRun01_grf
[info] ExternalForce::LeftGRF Data source being set to SRRun01_grf
[info] Storage: read data file = SRRun01_grf.mot (nr=10005 nc=19)
[info] ExternalForce::RightGRF Data source being set to SRRun01_grf
[info] ExternalForce::LeftGRF Data source being set to SRRun01_grf
[info] Storage: read data file = SRRun01_grf.mot (nr=10005 nc=19)
[info] ExternalForce::RightGRF Data source being set to SRRun01_grf
[info] ExternalForce::LeftGRF Data source being set to SRRun01_grf
[info] Storage: read data file = SRRun01_grf.mot (nr=10005 nc=19)
[info] ExternalForce::RightGRF Data source being set to SRRun01_grf
[info] ExternalForce::LeftGRF Data source being set to SRRun01_grf
[info] Storage: read data file = SRRun01_grf.mot (nr=10005 nc=19)
[info] ExternalForce::RightGRF Data source being set to SRRun01_grf
[info] ExternalForce::LeftGRF Data source being set to SRRun01_grf
[info] Storage: read data file = SRRun01_grf.mot (nr=10005 nc=19)
[info] ExternalForce::RightGRF Data source being set to SRRun01_grf
[info] ExternalForce::LeftGRF Data source being set to SRRun01_grf
[info] Storage: read data file = SRRun01_grf.mot (nr=10005 nc=19)
[info] ExternalForce::RightGRF Data source being set to SRRun01_grf
[info] ExternalForce::LeftGRF Data source being set to SRRun01_grf
[info] Storage: read data file = SRRun01_grf.mot (nr=10005 nc=19)
[info] ExternalForce::RightGRF Data source being set to SRRun01_grf
[info] ExternalForce::LeftGRF Data source being set to SRRun01_grf
[info] Storage: read data file = SRRun01_grf.mot (nr=10005 nc=19)
[info] ExternalForce::RightGRF Data source being set to SRRun01_grf
[info] ExternalForce::LeftGRF Data source being set to SRRun01_grf
[info] Storage: read data file = SRRun01_grf.mot (nr=10005 nc=19)
[info] ExternalForce::RightGRF Data source being set to SRRun01_grf
[info] ExternalForce::LeftGRF Data source being set to SRRun01_grf
[info] Storage: read data file = SRRun01_grf.mot (nr=10005 nc=19)
[info] ExternalForce::RightGRF Data source being set to SRRun01_grf
[info] ExternalForce::LeftGRF Data source being set to SRRun01_grf
[info] Storage: read data file = SRRun01_grf.mot (nr=10005 nc=19)
[info] ExternalForce::RightGRF Data source being set to SRRun01_grf
[info] ExternalForce::LeftGRF Data source being set to SRRun01_grf
[info] Storage: read data file = SRRun01_grf.mot (nr=10005 nc=19)
[info] ExternalForce::RightGRF Data source being set to SRRun01_grf
[info] ExternalForce::LeftGRF Data source being set to SRRun01_grf
[info] Storage: read data file = SRRun01_grf.mot (nr=10005 nc=19)
[info] ExternalForce::RightGRF Data source being set to SRRun01_grf
[info] ExternalForce::LeftGRF Data source being set to SRRun01_grf
[info] Storage: read data file = SRRun01_grf.mot (nr=10005 nc=19)
[info] ExternalForce::RightGRF Data source being set to SRRun01_grf
[info] ExternalForce::LeftGRF Data source being set to SRRun01_grf
[info] Storage: read data file = SRRun01_grf.mot (nr=10005 nc=19)
[info] ExternalForce::RightGRF Data source being set to SRRun01_grf
[info] ExternalForce::LeftGRF Data source being set to SRRun01_grf
[info] Storage: read data file = SRRun01_grf.mot (nr=10005 nc=19)
[info] ExternalForce::RightGRF Data source being set to SRRun01_grf
[info] ExternalForce::LeftGRF Data source being set to SRRun01_grf
[info] Storage: read data file = SRRun01_grf.mot (nr=10005 nc=19)
[info] ExternalForce::RightGRF Data source being set to SRRun01_grf
[info] ExternalForce::LeftGRF Data source being set to SRRun01_grf
[info] Storage: read data file = SRRun01_grf.mot (nr=10005 nc=19)
[info] ExternalForce::RightGRF Data source being set to SRRun01_grf
[info] ExternalForce::LeftGRF Data source being set to SRRun01_grf
[info] Storage: read data file = SRRun01_grf.mot (nr=10005 nc=19)
[info] ExternalForce::RightGRF Data source being set to SRRun01_grf
[info] ExternalForce::LeftGRF Data source being set to SRRun01_grf
[info] Storage: read data file = SRRun01_grf.mot (nr=10005 nc=19)
[info] ExternalForce::RightGRF Data source being set to SRRun01_grf
[info] ExternalForce::LeftGRF Data source being set to SRRun01_grf
[info] Storage: read data file = SRRun01_grf.mot (nr=10005 nc=19)
[info] ExternalForce::RightGRF Data source being set to SRRun01_grf
[info] ExternalForce::LeftGRF Data source being set to SRRun01_grf
[info] Storage: read data file = SRRun01_grf.mot (nr=10005 nc=19)
[info] ExternalForce::RightGRF Data source being set to SRRun01_grf
[info] ExternalForce::LeftGRF Data source being set to SRRun01_grf
[info] Storage: read data file = SRRun01_grf.mot (nr=10005 nc=19)
[info] ExternalForce::RightGRF Data source being set to SRRun01_grf
[info] ExternalForce::LeftGRF Data source being set to SRRun01_grf
[info] Storage: read data file = SRRun01_grf.mot (nr=10005 nc=19)
[info] ExternalForce::RightGRF Data source being set to SRRun01_grf
[info] ExternalForce::LeftGRF Data source being set to SRRun01_grf
[info] Storage: read data file = SRRun01_grf.mot (nr=10005 nc=19)
[info] ExternalForce::RightGRF Data source being set to SRRun01_grf
[info] ExternalForce::LeftGRF Data source being set to SRRun01_grf
[info] Storage: read data file = SRRun01_grf.mot (nr=10005 nc=19)
[info] ExternalForce::RightGRF Data source being set to SRRun01_grf
[info] ExternalForce::LeftGRF Data source being set to SRRun01_grf
[info] Storage: read data file = SRRun01_grf.mot (nr=10005 nc=19)
[info] ExternalForce::RightGRF Data source being set to SRRun01_grf
[info] ExternalForce::LeftGRF Data source being set to SRRun01_grf
[info] Storage: read data file = SRRun01_grf.mot (nr=10005 nc=19)
[info] ExternalForce::RightGRF Data source being set to SRRun01_grf
[info] ExternalForce::LeftGRF Data source being set to SRRun01_grf
[info] Storage: read data file = SRRun01_grf.mot (nr=10005 nc=19)
[info] ExternalForce::RightGRF Data source being set to SRRun01_grf
[info] ExternalForce::LeftGRF Data source being set to SRRun01_grf
[info] Storage: read data file = SRRun01_grf.mot (nr=10005 nc=19)
[info] ExternalForce::RightGRF Data source being set to SRRun01_grf
[info] ExternalForce::LeftGRF Data source being set to SRRun01_grf
[info] Storage: read data file = SRRun01_grf.mot (nr=10005 nc=19)
[info] ExternalForce::RightGRF Data source being set to SRRun01_grf
[info] ExternalForce::LeftGRF Data source being set to SRRun01_grf
[info] Storage: read data file = SRRun01_grf.mot (nr=10005 nc=19)
[info] ExternalForce::RightGRF Data source being set to SRRun01_grf
[info] ExternalForce::LeftGRF Data source being set to SRRun01_grf
[info] Storage: read data file = SRRun01_grf.mot (nr=10005 nc=19)
[info] ExternalForce::RightGRF Data source being set to SRRun01_grf
[info] ExternalForce::LeftGRF Data source being set to SRRun01_grf
[info] Storage: read data file = SRRun01_grf.mot (nr=10005 nc=19)
[info] ExternalForce::RightGRF Data source being set to SRRun01_grf
[info] ExternalForce::LeftGRF Data source being set to SRRun01_grf
[info] Storage: read data file = SRRun01_grf.mot (nr=10005 nc=19)
[info] ExternalForce::RightGRF Data source being set to SRRun01_grf
[info] ExternalForce::LeftGRF Data source being set to SRRun01_grf
[info] Storage: read data file = SRRun01_grf.mot (nr=10005 nc=19)
[info] ExternalForce::RightGRF Data source being set to SRRun01_grf
[info] ExternalForce::LeftGRF Data source being set to SRRun01_grf
[info] Storage: read data file = SRRun01_grf.mot (nr=10005 nc=19)
[info] ExternalForce::RightGRF Data source being set to SRRun01_grf
[info] ExternalForce::LeftGRF Data source being set to SRRun01_grf
[info] Storage: read data file = SRRun01_grf.mot (nr=10005 nc=19)
[info] ExternalForce::RightGRF Data source being set to SRRun01_grf
[info] ExternalForce::LeftGRF Data source being set to SRRun01_grf
[info] Storage: read data file = SRRun01_grf.mot (nr=10005 nc=19)
[info] ExternalForce::RightGRF Data source being set to SRRun01_grf
[info] ExternalForce::LeftGRF Data source being set to SRRun01_grf
[info] Storage: read data file = SRRun01_grf.mot (nr=10005 nc=19)
[info] ExternalForce::RightGRF Data source being set to SRRun01_grf
[info] ExternalForce::LeftGRF Data source being set to SRRun01_grf
[info] Storage: read data file = SRRun01_grf.mot (nr=10005 nc=19)
[info] ExternalForce::RightGRF Data source being set to SRRun01_grf
[info] ExternalForce::LeftGRF Data source being set to SRRun01_grf
[info] Storage: read data file = SRRun01_grf.mot (nr=10005 nc=19)
[info] ExternalForce::RightGRF Data source being set to SRRun01_grf
[info] ExternalForce::LeftGRF Data source being set to SRRun01_grf
[info] Storage: read data file = SRRun01_grf.mot (nr=10005 nc=19)
[info] ExternalForce::RightGRF Data source being set to SRRun01_grf
[info] ExternalForce::LeftGRF Data source being set to SRRun01_grf
[info] Storage: read data file = SRRun01_grf.mot (nr=10005 nc=19)
[info] ExternalForce::RightGRF Data source being set to SRRun01_grf
[info] ExternalForce::LeftGRF Data source being set to SRRun01_grf
[info] Storage: read data file = SRRun01_grf.mot (nr=10005 nc=19)
[info] ExternalForce::RightGRF Data source being set to SRRun01_grf
[info] ExternalForce::LeftGRF Data source being set to SRRun01_grf
[info] Storage: read data file = SRRun01_grf.mot (nr=10005 nc=19)
[info] ExternalForce::RightGRF Data source being set to SRRun01_grf
[info] ExternalForce::LeftGRF Data source being set to SRRun01_grf
[info] Storage: read data file = SRRun01_grf.mot (nr=10005 nc=19)
[info] ExternalForce::RightGRF Data source being set to SRRun01_grf
[info] ExternalForce::LeftGRF Data source being set to SRRun01_grf
[info] Storage: read data file = SRRun01_grf.mot (nr=10005 nc=19)
[info] ExternalForce::RightGRF Data source being set to SRRun01_grf
[info] ExternalForce::LeftGRF Data source being set to SRRun01_grf
[info] Storage: read data file = SRRun01_grf.mot (nr=10005 nc=19)
[info] ExternalForce::RightGRF Data source being set to SRRun01_grf
[info] ExternalForce::LeftGRF Data source being set to SRRun01_grf
[info] Storage: read data file = SRRun01_grf.mot (nr=10005 nc=19)
[info] ExternalForce::RightGRF Data source being set to SRRun01_grf
[info] ExternalForce::LeftGRF Data source being set to SRRun01_grf
[info] Storage: read data file = SRRun01_grf.mot (nr=10005 nc=19)
[info] ExternalForce::RightGRF Data source being set to SRRun01_grf
[info] ExternalForce::LeftGRF Data source being set to SRRun01_grf
[info] Storage: read data file = SRRun01_grf.mot (nr=10005 nc=19)
[info] ExternalForce::RightGRF Data source being set to SRRun01_grf
[info] ExternalForce::LeftGRF Data source being set to SRRun01_grf
[info] Storage: read data file = SRRun01_grf.mot (nr=10005 nc=19)
[info] ExternalForce::RightGRF Data source being set to SRRun01_grf
[info] ExternalForce::LeftGRF Data source being set to SRRun01_grf
[info] Storage: read data file = SRRun01_grf.mot (nr=10005 nc=19)
[info] ExternalForce::RightGRF Data source being set to SRRun01_grf
[info] ExternalForce::LeftGRF Data source being set to SRRun01_grf
[info] Storage: read data file = SRRun01_grf.mot (nr=10005 nc=19)
[info] ExternalForce::RightGRF Data source being set to SRRun01_grf
[info] ExternalForce::LeftGRF Data source being set to SRRun01_grf
[info] Storage: read data file = SRRun01_grf.mot (nr=10005 nc=19)
[info] ExternalForce::RightGRF Data source being set to SRRun01_grf
[info] ExternalForce::LeftGRF Data source being set to SRRun01_grf
[info] Storage: read data file = SRRun01_grf.mot (nr=10005 nc=19)
[info] ExternalForce::RightGRF Data source being set to SRRun01_grf
[info] ExternalForce::LeftGRF Data source being set to SRRun01_grf
[info] Storage: read data file = SRRun01_grf.mot (nr=10005 nc=19)
[info] ExternalForce::RightGRF Data source being set to SRRun01_grf
[info] ExternalForce::LeftGRF Data source being set to SRRun01_grf
[info] Storage: read data file = SRRun01_grf.mot (nr=10005 nc=19)
[info] ExternalForce::RightGRF Data source being set to SRRun01_grf
[info] ExternalForce::LeftGRF Data source being set to SRRun01_grf
[info] Storage: read data file = SRRun01_grf.mot (nr=10005 nc=19)
[info] ExternalForce::RightGRF Data source being set to SRRun01_grf
[info] ExternalForce::LeftGRF Data source being set to SRRun01_grf
[info] Storage: read data file = SRRun01_grf.mot (nr=10005 nc=19)
[info] ExternalForce::RightGRF Data source being set to SRRun01_grf
[info] ExternalForce::LeftGRF Data source being set to SRRun01_grf
[info] Storage: read data file = SRRun01_grf.mot (nr=10005 nc=19)
[info] ExternalForce::RightGRF Data source being set to SRRun01_grf
[info] ExternalForce::LeftGRF Data source being set to SRRun01_grf
[info] Storage: read data file = SRRun01_grf.mot (nr=10005 nc=19)
[info] ExternalForce::RightGRF Data source being set to SRRun01_grf
[info] ExternalForce::LeftGRF Data source being set to SRRun01_grf
[info] Storage: read data file = SRRun01_grf.mot (nr=10005 nc=19)
[info] ExternalForce::RightGRF Data source being set to SRRun01_grf
[info] ExternalForce::LeftGRF Data source being set to SRRun01_grf
[info] Storage: read data file = SRRun01_grf.mot (nr=10005 nc=19)
[info] ExternalForce::RightGRF Data source being set to SRRun01_grf
[info] ExternalForce::LeftGRF Data source being set to SRRun01_grf
[info] Storage: read data file = SRRun01_grf.mot (nr=10005 nc=19)
[info] ExternalForce::RightGRF Data source being set to SRRun01_grf
[info] ExternalForce::LeftGRF Data source being set to SRRun01_grf
[info] Storage: read data file = SRRun01_grf.mot (nr=10005 nc=19)
[info] ExternalForce::RightGRF Data source being set to SRRun01_grf
[info] ExternalForce::LeftGRF Data source being set to SRRun01_grf
[info] Storage: read data file = SRRun01_grf.mot (nr=10005 nc=19)
[info] ExternalForce::RightGRF Data source being set to SRRun01_grf
[info] ExternalForce::LeftGRF Data source being set to SRRun01_grf
[info] Storage: read data file = SRRun01_grf.mot (nr=10005 nc=19)
[info] ExternalForce::RightGRF Data source being set to SRRun01_grf
[info] ExternalForce::LeftGRF Data source being set to SRRun01_grf
[info] Storage: read data file = SRRun01_grf.mot (nr=10005 nc=19)
[info] ExternalForce::RightGRF Data source being set to SRRun01_grf
[info] ExternalForce::LeftGRF Data source being set to SRRun01_grf
[info] Storage: read data file = SRRun01_grf.mot (nr=10005 nc=19)
[info] ExternalForce::RightGRF Data source being set to SRRun01_grf
[info] ExternalForce::LeftGRF Data source being set to SRRun01_grf
[info] Storage: read data file = SRRun01_grf.mot (nr=10005 nc=19)
[info] ExternalForce::RightGRF Data source being set to SRRun01_grf
[info] ExternalForce::LeftGRF Data source being set to SRRun01_grf
[info] Storage: read data file = SRRun01_grf.mot (nr=10005 nc=19)
[info] ExternalForce::RightGRF Data source being set to SRRun01_grf
[info] ExternalForce::LeftGRF Data source being set to SRRun01_grf
[info] Storage: read data file = SRRun01_grf.mot (nr=10005 nc=19)
[info] ExternalForce::RightGRF Data source being set to SRRun01_grf
[info] ExternalForce::LeftGRF Data source being set to SRRun01_grf
[info] Storage: read data file = SRRun01_grf.mot (nr=10005 nc=19)
[info] ExternalForce::RightGRF Data source being set to SRRun01_grf
[info] ExternalForce::LeftGRF Data source being set to SRRun01_grf
[info] Storage: read data file = SRRun01_grf.mot (nr=10005 nc=19)
[info] ExternalForce::RightGRF Data source being set to SRRun01_grf
[info] ExternalForce::LeftGRF Data source being set to SRRun01_grf
[info] Storage: read data file = SRRun01_grf.mot (nr=10005 nc=19)
[info] ExternalForce::RightGRF Data source being set to SRRun01_grf
[info] ExternalForce::LeftGRF Data source being set to SRRun01_grf
[info] Storage: read data file = SRRun01_grf.mot (nr=10005 nc=19)
[info] ExternalForce::RightGRF Data source being set to SRRun01_grf
[info] ExternalForce::LeftGRF Data source being set to SRRun01_grf
[info] Storage: read data file = SRRun01_grf.mot (nr=10005 nc=19)
[info] ExternalForce::RightGRF Data source being set to SRRun01_grf
[info] ExternalForce::LeftGRF Data source being set to SRRun01_grf
[info] Storage: read data file = SRRun01_grf.mot (nr=10005 nc=19)
[info] ExternalForce::RightGRF Data source being set to SRRun01_grf
[info] ExternalForce::LeftGRF Data source being set to SRRun01_grf
[info] Storage: read data file = SRRun01_grf.mot (nr=10005 nc=19)
[info] ExternalForce::RightGRF Data source being set to SRRun01_grf
[info] ExternalForce::LeftGRF Data source being set to SRRun01_grf
[info] Storage: read data file = SRRun01_grf.mot (nr=10005 nc=19)
[info] ExternalForce::RightGRF Data source being set to SRRun01_grf
[info] ExternalForce::LeftGRF Data source being set to SRRun01_grf
[info] Storage: read data file = SRRun01_grf.mot (nr=10005 nc=19)
[info] ExternalForce::RightGRF Data source being set to SRRun01_grf
[info] ExternalForce::LeftGRF Data source being set to SRRun01_grf
[info] Storage: read data file = SRRun01_grf.mot (nr=10005 nc=19)
[info] ExternalForce::RightGRF Data source being set to SRRun01_grf
[info] ExternalForce::LeftGRF Data source being set to SRRun01_grf
[info] Storage: read data file = SRRun01_grf.mot (nr=10005 nc=19)
[info] ExternalForce::RightGRF Data source being set to SRRun01_grf
[info] ExternalForce::LeftGRF Data source being set to SRRun01_grf
[info] Storage: read data file = SRRun01_grf.mot (nr=10005 nc=19)
[info] ExternalForce::RightGRF Data source being set to SRRun01_grf
[info] ExternalForce::LeftGRF Data source being set to SRRun01_grf
[info] Storage: read data file = SRRun01_grf.mot (nr=10005 nc=19)
[info] ExternalForce::RightGRF Data source being set to SRRun01_grf
[info] ExternalForce::LeftGRF Data source being set to SRRun01_grf
[info] Storage: read data file = SRRun01_grf.mot (nr=10005 nc=19)
[info] ExternalForce::RightGRF Data source being set to SRRun01_grf
[info] ExternalForce::LeftGRF Data source being set to SRRun01_grf
[info] Storage: read data file = SRRun01_grf.mot (nr=10005 nc=19)
[info] ExternalForce::RightGRF Data source being set to SRRun01_grf
[info] ExternalForce::LeftGRF Data source being set to SRRun01_grf
[info] Storage: read data file = SRRun01_grf.mot (nr=10005 nc=19)
[info] ExternalForce::RightGRF Data source being set to SRRun01_grf
[info] ExternalForce::LeftGRF Data source being set to SRRun01_grf
[info] Storage: read data file = SRRun01_grf.mot (nr=10005 nc=19)
[info] ExternalForce::RightGRF Data source being set to SRRun01_grf
[info] ExternalForce::LeftGRF Data source being set to SRRun01_grf
[info] Storage: read data file = SRRun01_grf.mot (nr=10005 nc=19)
[info] ExternalForce::RightGRF Data source being set to SRRun01_grf
[info] ExternalForce::LeftGRF Data source being set to SRRun01_grf
[info] Storage: read data file = SRRun01_grf.mot (nr=10005 nc=19)
[info] ExternalForce::RightGRF Data source being set to SRRun01_grf
[info] ExternalForce::LeftGRF Data source being set to SRRun01_grf
[info] Storage: read data file = SRRun01_grf.mot (nr=10005 nc=19)
[info] ExternalForce::RightGRF Data source being set to SRRun01_grf
[info] ExternalForce::LeftGRF Data source being set to SRRun01_grf
[info] Storage: read data file = SRRun01_grf.mot (nr=10005 nc=19)
[info] ExternalForce::RightGRF Data source being set to SRRun01_grf
[info] ExternalForce::LeftGRF Data source being set to SRRun01_grf
[info] Storage: read data file = SRRun01_grf.mot (nr=10005 nc=19)
[info] ExternalForce::RightGRF Data source being set to SRRun01_grf
[info] ExternalForce::LeftGRF Data source being set to SRRun01_grf
[info] Storage: read data file = SRRun01_grf.mot (nr=10005 nc=19)
[info] ExternalForce::RightGRF Data source being set to SRRun01_grf
[info] ExternalForce::LeftGRF Data source being set to SRRun01_grf
[info] Storage: read data file = SRRun01_grf.mot (nr=10005 nc=19)
[info] ExternalForce::RightGRF Data source being set to SRRun01_grf
[info] ExternalForce::LeftGRF Data source being set to SRRun01_grf
[info] Storage: read data file = SRRun01_grf.mot (nr=10005 nc=19)
[info] ExternalForce::RightGRF Data source being set to SRRun01_grf
[info] ExternalForce::LeftGRF Data source being set to SRRun01_grf
[info] Storage: read data file = SRRun01_grf.mot (nr=10005 nc=19)
[info] ExternalForce::RightGRF Data source being set to SRRun01_grf
[info] ExternalForce::LeftGRF Data source being set to SRRun01_grf
[info] Storage: read data file = SRRun01_grf.mot (nr=10005 nc=19)
[info] ExternalForce::RightGRF Data source being set to SRRun01_grf
[info] ExternalForce::LeftGRF Data source being set to SRRun01_grf
[info] Storage: read data file = SRRun01_grf.mot (nr=10005 nc=19)
[info] ExternalForce::RightGRF Data source being set to SRRun01_grf
[info] ExternalForce::LeftGRF Data source being set to SRRun01_grf
[info] Storage: read data file = SRRun01_grf.mot (nr=10005 nc=19)
[info] ExternalForce::RightGRF Data source being set to SRRun01_grf
[info] ExternalForce::LeftGRF Data source being set to SRRun01_grf
[info] Storage: read data file = SRRun01_grf.mot (nr=10005 nc=19)
[info] ExternalForce::RightGRF Data source being set to SRRun01_grf
[info] ExternalForce::LeftGRF Data source being set to SRRun01_grf
[info] Storage: read data file = SRRun01_grf.mot (nr=10005 nc=19)
[info] ExternalForce::RightGRF Data source being set to SRRun01_grf
[info] ExternalForce::LeftGRF Data source being set to SRRun01_grf
[info] Storage: read data file = SRRun01_grf.mot (nr=10005 nc=19)
[info] ExternalForce::RightGRF Data source being set to SRRun01_grf
[info] ExternalForce::LeftGRF Data source being set to SRRun01_grf
[info] Storage: read data file = SRRun01_grf.mot (nr=10005 nc=19)
[info] ExternalForce::RightGRF Data source being set to SRRun01_grf
[info] ExternalForce::LeftGRF Data source being set to SRRun01_grf
[info] Storage: read data file = SRRun01_grf.mot (nr=10005 nc=19)
[info] ExternalForce::RightGRF Data source being set to SRRun01_grf
[info] ExternalForce::LeftGRF Data source being set to SRRun01_grf
[info] Storage: read data file = SRRun01_grf.mot (nr=10005 nc=19)
[info] ExternalForce::RightGRF Data source being set to SRRun01_grf
[info] ExternalForce::LeftGRF Data source being set to SRRun01_grf
[info] Storage: read data file = SRRun01_grf.mot (nr=10005 nc=19)
[info] ExternalForce::RightGRF Data source being set to SRRun01_grf
[info] ExternalForce::LeftGRF Data source being set to SRRun01_grf
[info] Storage: read data file = SRRun01_grf.mot (nr=10005 nc=19)
[info] ExternalForce::RightGRF Data source being set to SRRun01_grf
[info] ExternalForce::LeftGRF Data source being set to SRRun01_grf
[info] Storage: read data file = SRRun01_grf.mot (nr=10005 nc=19)
[info] ExternalForce::RightGRF Data source being set to SRRun01_grf
[info] ExternalForce::LeftGRF Data source being set to SRRun01_grf
[info] Storage: read data file = SRRun01_grf.mot (nr=10005 nc=19)
[info] ExternalForce::RightGRF Data source being set to SRRun01_grf
[info] ExternalForce::LeftGRF Data source being set to SRRun01_grf
[info] Storage: read data file = SRRun01_grf.mot (nr=10005 nc=19)
[info] ExternalForce::RightGRF Data source being set to SRRun01_grf
[info] ExternalForce::LeftGRF Data source being set to SRRun01_grf
[info] Storage: read data file = SRRun01_grf.mot (nr=10005 nc=19)
[info] ExternalForce::RightGRF Data source being set to SRRun01_grf
[info] ExternalForce::LeftGRF Data source being set to SRRun01_grf
[info] Storage: read data file = SRRun01_grf.mot (nr=10005 nc=19)
[info] ExternalForce::RightGRF Data source being set to SRRun01_grf
[info] ExternalForce::LeftGRF Data source being set to SRRun01_grf
[info] Storage: read data file = SRRun01_grf.mot (nr=10005 nc=19)
[info] ExternalForce::RightGRF Data source being set to SRRun01_grf
[info] ExternalForce::LeftGRF Data source being set to SRRun01_grf
[info] Storage: read data file = SRRun01_grf.mot (nr=10005 nc=19)
[info] ExternalForce::RightGRF Data source being set to SRRun01_grf
[info] ExternalForce::LeftGRF Data source being set to SRRun01_grf
[info] Storage: read data file = SRRun01_grf.mot (nr=10005 nc=19)
[info] ExternalForce::RightGRF Data source being set to SRRun01_grf
[info] ExternalForce::LeftGRF Data source being set to SRRun01_grf
[info] Storage: read data file = SRRun01_grf.mot (nr=10005 nc=19)
[info] ExternalForce::RightGRF Data source being set to SRRun01_grf
[info] ExternalForce::LeftGRF Data source being set to SRRun01_grf
[info] Storage: read data file = SRRun01_grf.mot (nr=10005 nc=19)
[info] ExternalForce::RightGRF Data source being set to SRRun01_grf
[info] ExternalForce::LeftGRF Data source being set to SRRun01_grf
[info] Storage: read data file = SRRun01_grf.mot (nr=10005 nc=19)
[info] ExternalForce::RightGRF Data source being set to SRRun01_grf
[info] ExternalForce::LeftGRF Data source being set to SRRun01_grf
[info] Storage: read data file = SRRun01_grf.mot (nr=10005 nc=19)
[info] ExternalForce::RightGRF Data source being set to SRRun01_grf
[info] ExternalForce::LeftGRF Data source being set to SRRun01_grf
[info] Storage: read data file = SRRun01_grf.mot (nr=10005 nc=19)
[info] ExternalForce::RightGRF Data source being set to SRRun01_grf
[info] ExternalForce::LeftGRF Data source being set to SRRun01_grf
[info] Storage: read data file = SRRun01_grf.mot (nr=10005 nc=19)
[info] ExternalForce::RightGRF Data source being set to SRRun01_grf
[info] ExternalForce::LeftGRF Data source being set to SRRun01_grf
[info] Storage: read data file = SRRun01_grf.mot (nr=10005 nc=19)
[info] ExternalForce::RightGRF Data source being set to SRRun01_grf
[info] ExternalForce::LeftGRF Data source being set to SRRun01_grf
[info] Storage: read data file = SRRun01_grf.mot (nr=10005 nc=19)
[info] ExternalForce::RightGRF Data source being set to SRRun01_grf
[info] ExternalForce::LeftGRF Data source being set to SRRun01_grf
[info] Storage: read data file = SRRun01_grf.mot (nr=10005 nc=19)
[info] ExternalForce::RightGRF Data source being set to SRRun01_grf
[info] ExternalForce::LeftGRF Data source being set to SRRun01_grf
[info] Storage: read data file = SRRun01_grf.mot (nr=10005 nc=19)
[info] ExternalForce::RightGRF Data source being set to SRRun01_grf
[info] ExternalForce::LeftGRF Data source being set to SRRun01_grf
[info] Storage: read data file = SRRun01_grf.mot (nr=10005 nc=19)
[info] ExternalForce::RightGRF Data source being set to SRRun01_grf
[info] ExternalForce::LeftGRF Data source being set to SRRun01_grf
[info] Storage: read data file = SRRun01_grf.mot (nr=10005 nc=19)
[info] ExternalForce::RightGRF Data source being set to SRRun01_grf
[info] ExternalForce::LeftGRF Data source being set to SRRun01_grf
[info] Storage: read data file = SRRun01_grf.mot (nr=10005 nc=19)
[info] ExternalForce::RightGRF Data source being set to SRRun01_grf
[info] ExternalForce::LeftGRF Data source being set to SRRun01_grf
[info] Storage: read data file = SRRun01_grf.mot (nr=10005 nc=19)
[info] ExternalForce::RightGRF Data source being set to SRRun01_grf
[info] ExternalForce::LeftGRF Data source being set to SRRun01_grf
[info] Storage: read data file = SRRun01_grf.mot (nr=10005 nc=19)
[info] ExternalForce::RightGRF Data source being set to SRRun01_grf
[info] ExternalForce::LeftGRF Data source being set to SRRun01_grf
[info] Storage: read data file = SRRun01_grf.mot (nr=10005 nc=19)
[info] ExternalForce::RightGRF Data source being set to SRRun01_grf
[info] ExternalForce::LeftGRF Data source being set to SRRun01_grf
[info] Storage: read data file = SRRun01_grf.mot (nr=10005 nc=19)
[info] ExternalForce::RightGRF Data source being set to SRRun01_grf
[info] ExternalForce::LeftGRF Data source being set to SRRun01_grf
[info] Storage: read data file = SRRun01_grf.mot (nr=10005 nc=19)
[info] ExternalForce::RightGRF Data source being set to SRRun01_grf
[info] ExternalForce::LeftGRF Data source being set to SRRun01_grf
[info] Storage: read data file = SRRun01_grf.mot (nr=10005 nc=19)
[info] ExternalForce::RightGRF Data source being set to SRRun01_grf
[info] ExternalForce::LeftGRF Data source being set to SRRun01_grf
[info] Storage: read data file = SRRun01_grf.mot (nr=10005 nc=19)
[info] ExternalForce::RightGRF Data source being set to SRRun01_grf
[info] ExternalForce::LeftGRF Data source being set to SRRun01_grf
[info] Storage: read data file = SRRun01_grf.mot (nr=10005 nc=19)
[info] ExternalForce::RightGRF Data source being set to SRRun01_grf
[info] ExternalForce::LeftGRF Data source being set to SRRun01_grf
[info] Storage: read data file = SRRun01_grf.mot (nr=10005 nc=19)
[info] ExternalForce::RightGRF Data source being set to SRRun01_grf
[info] ExternalForce::LeftGRF Data source being set to SRRun01_grf
[info] Storage: read data file = SRRun01_grf.mot (nr=10005 nc=19)
[info] ExternalForce::RightGRF Data source being set to SRRun01_grf
[info] ExternalForce::LeftGRF Data source being set to SRRun01_grf
[info] Storage: read data file = SRRun01_grf.mot (nr=10005 nc=19)
[info] ExternalForce::RightGRF Data source being set to SRRun01_grf
[info] ExternalForce::LeftGRF Data source being set to SRRun01_grf
[info] Storage: read data file = SRRun01_grf.mot (nr=10005 nc=19)
[info] ExternalForce::RightGRF Data source being set to SRRun01_grf
[info] ExternalForce::LeftGRF Data source being set to SRRun01_grf
[info] Storage: read data file = SRRun01_grf.mot (nr=10005 nc=19)
[info] ExternalForce::RightGRF Data source being set to SRRun01_grf
[info] ExternalForce::LeftGRF Data source being set to SRRun01_grf
[info] Storage: read data file = SRRun01_grf.mot (nr=10005 nc=19)
[info] ExternalForce::RightGRF Data source being set to SRRun01_grf
[info] ExternalForce::LeftGRF Data source being set to SRRun01_grf
[info] Storage: read data file = SRRun01_grf.mot (nr=10005 nc=19)
[info] ExternalForce::RightGRF Data source being set to SRRun01_grf
[info] ExternalForce::LeftGRF Data source being set to SRRun01_grf
[info] Storage: read data file = SRRun01_grf.mot (nr=10005 nc=19)
[info] ExternalForce::RightGRF Data source being set to SRRun01_grf
[info] ExternalForce::LeftGRF Data source being set to SRRun01_grf
[info] Storage: read data file = SRRun01_grf.mot (nr=10005 nc=19)
[info] ExternalForce::RightGRF Data source being set to SRRun01_grf
[info] ExternalForce::LeftGRF Data source being set to SRRun01_grf
[info] Storage: read data file = SRRun01_grf.mot (nr=10005 nc=19)
[info] ExternalForce::RightGRF Data source being set to SRRun01_grf
[info] ExternalForce::LeftGRF Data source being set to SRRun01_grf
[info] Storage: read data file = SRRun01_grf.mot (nr=10005 nc=19)
[info] ExternalForce::RightGRF Data source being set to SRRun01_grf
[info] ExternalForce::LeftGRF Data source being set to SRRun01_grf
[info] Storage: read data file = SRRun01_grf.mot (nr=10005 nc=19)
[info] ExternalForce::RightGRF Data source being set to SRRun01_grf
[info] ExternalForce::LeftGRF Data source being set to SRRun01_grf
[info] Storage: read data file = SRRun01_grf.mot (nr=10005 nc=19)
[info] ExternalForce::RightGRF Data source being set to SRRun01_grf
[info] ExternalForce::LeftGRF Data source being set to SRRun01_grf
[info] Storage: read data file = SRRun01_grf.mot (nr=10005 nc=19)
[info] ExternalForce::RightGRF Data source being set to SRRun01_grf
[info] ExternalForce::LeftGRF Data source being set to SRRun01_grf
[info] Storage: read data file = SRRun01_grf.mot (nr=10005 nc=19)
[info] ExternalForce::RightGRF Data source being set to SRRun01_grf
[info] ExternalForce::LeftGRF Data source being set to SRRun01_grf
[info] Storage: read data file = SRRun01_grf.mot (nr=10005 nc=19)
[info] ExternalForce::RightGRF Data source being set to SRRun01_grf
[info] ExternalForce::LeftGRF Data source being set to SRRun01_grf
[info] Storage: read data file = SRRun01_grf.mot (nr=10005 nc=19)
[info] ExternalForce::RightGRF Data source being set to SRRun01_grf
[info] ExternalForce::LeftGRF Data source being set to SRRun01_grf
[info] Storage: read data file = SRRun01_grf.mot (nr=10005 nc=19)
[info] ExternalForce::RightGRF Data source being set to SRRun01_grf
[info] ExternalForce::LeftGRF Data source being set to SRRun01_grf
[info] Storage: read data file = SRRun01_grf.mot (nr=10005 nc=19)
[info] ExternalForce::RightGRF Data source being set to SRRun01_grf
[info] ExternalForce::LeftGRF Data source being set to SRRun01_grf
[info] Storage: read data file = SRRun01_grf.mot (nr=10005 nc=19)
[info] ExternalForce::RightGRF Data source being set to SRRun01_grf
[info] ExternalForce::LeftGRF Data source being set to SRRun01_grf
[info] Storage: read data file = SRRun01_grf.mot (nr=10005 nc=19)
[info] ExternalForce::RightGRF Data source being set to SRRun01_grf
[info] ExternalForce::LeftGRF Data source being set to SRRun01_grf
[info] Storage: read data file = SRRun01_grf.mot (nr=10005 nc=19)
[info] ExternalForce::RightGRF Data source being set to SRRun01_grf
[info] ExternalForce::LeftGRF Data source being set to SRRun01_grf
[info] Storage: read data file = SRRun01_grf.mot (nr=10005 nc=19)
[info] ExternalForce::RightGRF Data source being set to SRRun01_grf
[info] ExternalForce::LeftGRF Data source being set to SRRun01_grf
[info] Storage: read data file = SRRun01_grf.mot (nr=10005 nc=19)
[info] ExternalForce::RightGRF Data source being set to SRRun01_grf
[info] ExternalForce::LeftGRF Data source being set to SRRun01_grf
[info] Storage: read data file = SRRun01_grf.mot (nr=10005 nc=19)
[info] ExternalForce::RightGRF Data source being set to SRRun01_grf
[info] ExternalForce::LeftGRF Data source being set to SRRun01_grf
[info] Storage: read data file = SRRun01_grf.mot (nr=10005 nc=19)
[info] ExternalForce::RightGRF Data source being set to SRRun01_grf
[info] ExternalForce::LeftGRF Data source being set to SRRun01_grf
[info] Storage: read data file = SRRun01_grf.mot (nr=10005 nc=19)
[info] ExternalForce::RightGRF Data source being set to SRRun01_grf
[info] ExternalForce::LeftGRF Data source being set to SRRun01_grf
[info] Storage: read data file = SRRun01_grf.mot (nr=10005 nc=19)
[info] ExternalForce::RightGRF Data source being set to SRRun01_grf
[info] ExternalForce::LeftGRF Data source being set to SRRun01_grf
[info] Storage: read data file = SRRun01_grf.mot (nr=10005 nc=19)
[info] ExternalForce::RightGRF Data source being set to SRRun01_grf
[info] ExternalForce::LeftGRF Data source being set to SRRun01_grf
[info] Storage: read data file = SRRun01_grf.mot (nr=10005 nc=19)
[info] ExternalForce::RightGRF Data source being set to SRRun01_grf
[info] ExternalForce::LeftGRF Data source being set to SRRun01_grf
[info] Storage: read data file = SRRun01_grf.mot (nr=10005 nc=19)
[info] ExternalForce::RightGRF Data source being set to SRRun01_grf
[info] ExternalForce::LeftGRF Data source being set to SRRun01_grf
[info] Storage: read data file = SRRun01_grf.mot (nr=10005 nc=19)
[info] ExternalForce::RightGRF Data source being set to SRRun01_grf
[info] ExternalForce::LeftGRF Data source being set to SRRun01_grf
[info] Storage: read data file = SRRun01_grf.mot (nr=10005 nc=19)
[info] ExternalForce::RightGRF Data source being set to SRRun01_grf
[info] ExternalForce::LeftGRF Data source being set to SRRun01_grf
[info] Storage: read data file = SRRun01_grf.mot (nr=10005 nc=19)
[info] ExternalForce::RightGRF Data source being set to SRRun01_grf
[info] ExternalForce::LeftGRF Data source being set to SRRun01_grf
[info] Storage: read data file = SRRun01_grf.mot (nr=10005 nc=19)
[info] ExternalForce::RightGRF Data source being set to SRRun01_grf
[info] ExternalForce::LeftGRF Data source being set to SRRun01_grf
[info] Storage: read data file = SRRun01_grf.mot (nr=10005 nc=19)
[info] ExternalForce::RightGRF Data source being set to SRRun01_grf
[info] ExternalForce::LeftGRF Data source being set to SRRun01_grf
[info] Storage: read data file = SRRun01_grf.mot (nr=10005 nc=19)
[info] ExternalForce::RightGRF Data source being set to SRRun01_grf
[info] ExternalForce::LeftGRF Data source being set to SRRun01_grf
[info] Storage: read data file = SRRun01_grf.mot (nr=10005 nc=19)
[info] ExternalForce::RightGRF Data source being set to SRRun01_grf
[info] ExternalForce::LeftGRF Data source being set to SRRun01_grf
[info] Storage: read data file = SRRun01_grf.mot (nr=10005 nc=19)
[info] ExternalForce::RightGRF Data source being set to SRRun01_grf
[info] ExternalForce::LeftGRF Data source being set to SRRun01_grf
[info] Storage: read data file = SRRun01_grf.mot (nr=10005 nc=19)
[info] ExternalForce::RightGRF Data source being set to SRRun01_grf
[info] ExternalForce::LeftGRF Data source being set to SRRun01_grf
[info] Storage: read data file = SRRun01_grf.mot (nr=10005 nc=19)
[info] ExternalForce::RightGRF Data source being set to SRRun01_grf
[info] ExternalForce::LeftGRF Data source being set to SRRun01_grf
[info] Storage: read data file = SRRun01_grf.mot (nr=10005 nc=19)
[info] ExternalForce::RightGRF Data source being set to SRRun01_grf
[info] ExternalForce::LeftGRF Data source being set to SRRun01_grf
[info] Storage: read data file = SRRun01_grf.mot (nr=10005 nc=19)
[info] ExternalForce::RightGRF Data source being set to SRRun01_grf
[info] ExternalForce::LeftGRF Data source being set to SRRun01_grf
[info] Storage: read data file = SRRun01_grf.mot (nr=10005 nc=19)
[info] ExternalForce::RightGRF Data source being set to SRRun01_grf
[info] ExternalForce::LeftGRF Data source being set to SRRun01_grf
[info] Storage: read data file = SRRun01_grf.mot (nr=10005 nc=19)
[info] ExternalForce::RightGRF Data source being set to SRRun01_grf
[info] ExternalForce::LeftGRF Data source being set to SRRun01_grf
[info] Storage: read data file = SRRun01_grf.mot (nr=10005 nc=19)
[info] ExternalForce::RightGRF Data source being set to SRRun01_grf
[info] ExternalForce::LeftGRF Data source being set to SRRun01_grf
[info] Storage: read data file = SRRun01_grf.mot (nr=10005 nc=19)
[info] ExternalForce::RightGRF Data source being set to SRRun01_grf
[info] ExternalForce::LeftGRF Data source being set to SRRun01_grf
[info] Storage: read data file = SRRun01_grf.mot (nr=10005 nc=19)
[info] ExternalForce::RightGRF Data source being set to SRRun01_grf
[info] ExternalForce::LeftGRF Data source being set to SRRun01_grf
[info] Storage: read data file = SRRun01_grf.mot (nr=10005 nc=19)
[info] ExternalForce::RightGRF Data source being set to SRRun01_grf
[info] ExternalForce::LeftGRF Data source being set to SRRun01_grf
[info] Storage: read data file = SRRun01_grf.mot (nr=10005 nc=19)
[info] ExternalForce::RightGRF Data source being set to SRRun01_grf
[info] ExternalForce::LeftGRF Data source being set to SRRun01_grf
[info] Storage: read data file = SRRun01_grf.mot (nr=10005 nc=19)
[info] ExternalForce::RightGRF Data source being set to SRRun01_grf
[info] ExternalForce::LeftGRF Data source being set to SRRun01_grf
[info] Storage: read data file = SRRun01_grf.mot (nr=10005 nc=19)
[info] ExternalForce::RightGRF Data source being set to SRRun01_grf
[info] ExternalForce::LeftGRF Data source being set to SRRun01_grf
[info] Storage: read data file = SRRun01_grf.mot (nr=10005 nc=19)
[info] ExternalForce::RightGRF Data source being set to SRRun01_grf
[info] ExternalForce::LeftGRF Data source being set to SRRun01_grf
[info] Storage: read data file = SRRun01_grf.mot (nr=10005 nc=19)
[info] ExternalForce::RightGRF Data source being set to SRRun01_grf
[info] ExternalForce::LeftGRF Data source being set to SRRun01_grf
[info] Storage: read data file = SRRun01_grf.mot (nr=10005 nc=19)
[info] ExternalForce::RightGRF Data source being set to SRRun01_grf
[info] ExternalForce::LeftGRF Data source being set to SRRun01_grf
[info] Storage: read data file = SRRun01_grf.mot (nr=10005 nc=19)
[info] ExternalForce::RightGRF Data source being set to SRRun01_grf
[info] ExternalForce::LeftGRF Data source being set to SRRun01_grf
[info] Storage: read data file = SRRun01_grf.mot (nr=10005 nc=19)
[info] ExternalForce::RightGRF Data source being set to SRRun01_grf
[info] ExternalForce::LeftGRF Data source being set to SRRun01_grf
[info] Storage: read data file = SRRun01_grf.mot (nr=10005 nc=19)
[info] ExternalForce::RightGRF Data source being set to SRRun01_grf
[info] ExternalForce::LeftGRF Data source being set to SRRun01_grf
[info] Storage: read data file = SRRun01_grf.mot (nr=10005 nc=19)
[info] ExternalForce::RightGRF Data source being set to SRRun01_grf
[info] ExternalForce::LeftGRF Data source being set to SRRun01_grf
[info] Storage: read data file = SRRun01_grf.mot (nr=10005 nc=19)
[info] ExternalForce::RightGRF Data source being set to SRRun01_grf
[info] ExternalForce::LeftGRF Data source being set to SRRun01_grf
[info] Storage: read data file = SRRun01_grf.mot (nr=10005 nc=19)
[info] ExternalForce::RightGRF Data source being set to SRRun01_grf
[info] ExternalForce::LeftGRF Data source being set to SRRun01_grf
[info] Storage: read data file = SRRun01_grf.mot (nr=10005 nc=19)
[info] ExternalForce::RightGRF Data source being set to SRRun01_grf
[info] ExternalForce::LeftGRF Data source being set to SRRun01_grf
[info] Storage: read data file = SRRun01_grf.mot (nr=10005 nc=19)
[info] ExternalForce::RightGRF Data source being set to SRRun01_grf
[info] ExternalForce::LeftGRF Data source being set to SRRun01_grf
[info] Storage: read data file = SRRun01_grf.mot (nr=10005 nc=19)
[info] ExternalForce::RightGRF Data source being set to SRRun01_grf
[info] ExternalForce::LeftGRF Data source being set to SRRun01_grf
[info] Storage: read data file = SRRun01_grf.mot (nr=10005 nc=19)
[info] ExternalForce::RightGRF Data source being set to SRRun01_grf
[info] ExternalForce::LeftGRF Data source being set to SRRun01_grf
[info] Storage: read data file = SRRun01_grf.mot (nr=10005 nc=19)
[info] ExternalForce::RightGRF Data source being set to SRRun01_grf
[info] ExternalForce::LeftGRF Data source being set to SRRun01_grf
[info] Storage: read data file = SRRun01_grf.mot (nr=10005 nc=19)
[info] ExternalForce::RightGRF Data source being set to SRRun01_grf
[info] ExternalForce::LeftGRF Data source being set to SRRun01_grf
[info] Storage: read data file = SRRun01_grf.mot (nr=10005 nc=19)
[info] ExternalForce::RightGRF Data source being set to SRRun01_grf
[info] ExternalForce::LeftGRF Data source being set to SRRun01_grf
[info] Storage: read data file = SRRun01_grf.mot (nr=10005 nc=19)
[info] ExternalForce::RightGRF Data source being set to SRRun01_grf
[info] ExternalForce::LeftGRF Data source being set to SRRun01_grf
[info] Storage: read data file = SRRun01_grf.mot (nr=10005 nc=19)
[info] ExternalForce::RightGRF Data source being set to SRRun01_grf
[info] ExternalForce::LeftGRF Data source being set to SRRun01_grf
[info] Storage: read data file = SRRun01_grf.mot (nr=10005 nc=19)
[info] ExternalForce::RightGRF Data source being set to SRRun01_grf
[info] ExternalForce::LeftGRF Data source being set to SRRun01_grf
[info] Storage: read data file = SRRun01_grf.mot (nr=10005 nc=19)
[info] ExternalForce::RightGRF Data source being set to SRRun01_grf
[info] ExternalForce::LeftGRF Data source being set to SRRun01_grf
[info] Storage: read data file = SRRun01_grf.mot (nr=10005 nc=19)
[info] ExternalForce::RightGRF Data source being set to SRRun01_grf
[info] ExternalForce::LeftGRF Data source being set to SRRun01_grf
[info] Storage: read data file = SRRun01_grf.mot (nr=10005 nc=19)
[info] ExternalForce::RightGRF Data source being set to SRRun01_grf
[info] ExternalForce::LeftGRF Data source being set to SRRun01_grf
[info] Storage: read data file = SRRun01_grf.mot (nr=10005 nc=19)
[info] ExternalForce::RightGRF Data source being set to SRRun01_grf
[info] ExternalForce::LeftGRF Data source being set to SRRun01_grf
[info] Storage: read data file = SRRun01_grf.mot (nr=10005 nc=19)
[info] ExternalForce::RightGRF Data source being set to SRRun01_grf
[info] ExternalForce::LeftGRF Data source being set to SRRun01_grf
[info] Storage: read data file = SRRun01_grf.mot (nr=10005 nc=19)
[info] ExternalForce::RightGRF Data source being set to SRRun01_grf
[info] ExternalForce::LeftGRF Data source being set to SRRun01_grf
[info] Storage: read data file = SRRun01_grf.mot (nr=10005 nc=19)
[info] ExternalForce::RightGRF Data source being set to SRRun01_grf
[info] ExternalForce::LeftGRF Data source being set to SRRun01_grf
[info] Storage: read data file = SRRun01_grf.mot (nr=10005 nc=19)
[info] ExternalForce::RightGRF Data source being set to SRRun01_grf
[info] ExternalForce::LeftGRF Data source being set to SRRun01_grf
[info] Storage: read data file = SRRun01_grf.mot (nr=10005 nc=19)
[info] ExternalForce::RightGRF Data source being set to SRRun01_grf
[info] ExternalForce::LeftGRF Data source being set to SRRun01_grf
[info] Storage: read data file = SRRun01_grf.mot (nr=10005 nc=19)
[info] ExternalForce::RightGRF Data source being set to SRRun01_grf
[info] ExternalForce::LeftGRF Data source being set to SRRun01_grf
[info] Storage: read data file = SRRun01_grf.mot (nr=10005 nc=19)
[info] ExternalForce::RightGRF Data source being set to SRRun01_grf
[info] ExternalForce::LeftGRF Data source being set to SRRun01_grf
[info] Storage: read data file = SRRun01_grf.mot (nr=10005 nc=19)
[info] ExternalForce::RightGRF Data source being set to SRRun01_grf
[info] ExternalForce::LeftGRF Data source being set to SRRun01_grf
[info] Storage: read data file = SRRun01_grf.mot (nr=10005 nc=19)
[info] ExternalForce::RightGRF Data source being set to SRRun01_grf
[info] ExternalForce::LeftGRF Data source being set to SRRun01_grf
[info] Storage: read data file = SRRun01_grf.mot (nr=10005 nc=19)
[info] ExternalForce::RightGRF Data source being set to SRRun01_grf
[info] ExternalForce::LeftGRF Data source being set to SRRun01_grf
[info] Storage: read data file = SRRun01_grf.mot (nr=10005 nc=19)
[info] ExternalForce::RightGRF Data source being set to SRRun01_grf
[info] ExternalForce::LeftGRF Data source being set to SRRun01_grf
[info] Storage: read data file = SRRun01_grf.mot (nr=10005 nc=19)
[info] ExternalForce::RightGRF Data source being set to SRRun01_grf
[info] ExternalForce::LeftGRF Data source being set to SRRun01_grf
[info] Storage: read data file = SRRun01_grf.mot (nr=10005 nc=19)
[info] ExternalForce::RightGRF Data source being set to SRRun01_grf
[info] ExternalForce::LeftGRF Data source being set to SRRun01_grf
[info] Storage: read data file = SRRun01_grf.mot (nr=10005 nc=19)
[info] ExternalForce::RightGRF Data source being set to SRRun01_grf
[info] ExternalForce::LeftGRF Data source being set to SRRun01_grf
[info] Storage: read data file = SRRun01_grf.mot (nr=10005 nc=19)
[info] ExternalForce::RightGRF Data source being set to SRRun01_grf
[info] ExternalForce::LeftGRF Data source being set to SRRun01_grf
[info] Storage: read data file = SRRun01_grf.mot (nr=10005 nc=19)
[info] ExternalForce::RightGRF Data source being set to SRRun01_grf
[info] ExternalForce::LeftGRF Data source being set to SRRun01_grf
[info] Storage: read data file = SRRun01_grf.mot (nr=10005 nc=19)
[info] ExternalForce::RightGRF Data source being set to SRRun01_grf
[info] ExternalForce::LeftGRF Data source being set to SRRun01_grf
[info] Storage: read data file = SRRun01_grf.mot (nr=10005 nc=19)
[info] ExternalForce::RightGRF Data source being set to SRRun01_grf
[info] ExternalForce::LeftGRF Data source being set to SRRun01_grf
[info] Storage: read data file = SRRun01_grf.mot (nr=10005 nc=19)
[info] ExternalForce::RightGRF Data source being set to SRRun01_grf
[info] ExternalForce::LeftGRF Data source being set to SRRun01_grf
[info] Storage: read data file = SRRun01_grf.mot (nr=10005 nc=19)
[info] ExternalForce::RightGRF Data source being set to SRRun01_grf
[info] ExternalForce::LeftGRF Data source being set to SRRun01_grf
[info] Storage: read data file = SRRun01_grf.mot (nr=10005 nc=19)
[info] ExternalForce::RightGRF Data source being set to SRRun01_grf
[info] ExternalForce::LeftGRF Data source being set to SRRun01_grf
[info] Storage: read data file = SRRun01_grf.mot (nr=10005 nc=19)
[info] ExternalForce::RightGRF Data source being set to SRRun01_grf
[info] ExternalForce::LeftGRF Data source being set to SRRun01_grf
[info] Storage: read data file = SRRun01_grf.mot (nr=10005 nc=19)
[info] ExternalForce::RightGRF Data source being set to SRRun01_grf
[info] ExternalForce::LeftGRF Data source being set to SRRun01_grf
[info] Storage: read data file = SRRun01_grf.mot (nr=10005 nc=19)
[info] ExternalForce::RightGRF Data source being set to SRRun01_grf
[info] ExternalForce::LeftGRF Data source being set to SRRun01_grf
[info] Storage: read data file = SRRun01_grf.mot (nr=10005 nc=19)
[info] ExternalForce::RightGRF Data source being set to SRRun01_grf
[info] ExternalForce::LeftGRF Data source being set to SRRun01_grf
[info] Storage: read data file = SRRun01_grf.mot (nr=10005 nc=19)
[info] ExternalForce::RightGRF Data source being set to SRRun01_grf
[info] ExternalForce::LeftGRF Data source being set to SRRun01_grf
[info] Storage: read data file = SRRun01_grf.mot (nr=10005 nc=19)
[info] ExternalForce::RightGRF Data source being set to SRRun01_grf
[info] ExternalForce::LeftGRF Data source being set to SRRun01_grf
[info] Storage: read data file = SRRun01_grf.mot (nr=10005 nc=19)
[info] ExternalForce::RightGRF Data source being set to SRRun01_grf
[info] ExternalForce::LeftGRF Data source being set to SRRun01_grf
[info] Storage: read data file = SRRun01_grf.mot (nr=10005 nc=19)
[info] ExternalForce::RightGRF Data source being set to SRRun01_grf
[info] ExternalForce::LeftGRF Data source being set to SRRun01_grf
[info] Storage: read data file = SRRun01_grf.mot (nr=10005 nc=19)
[info] ExternalForce::RightGRF Data source being set to SRRun01_grf
[info] ExternalForce::LeftGRF Data source being set to SRRun01_grf
[info] Storage: read data file = SRRun01_grf.mot (nr=10005 nc=19)
[info] ExternalForce::RightGRF Data source being set to SRRun01_grf
[info] ExternalForce::LeftGRF Data source being set to SRRun01_grf
[info] Storage: read data file = SRRun01_grf.mot (nr=10005 nc=19)
[info] ExternalForce::RightGRF Data source being set to SRRun01_grf
[info] ExternalForce::LeftGRF Data source being set to SRRun01_grf
[info] Storage: read data file = SRRun01_grf.mot (nr=10005 nc=19)
[info] ExternalForce::RightGRF Data source being set to SRRun01_grf
[info] ExternalForce::LeftGRF Data source being set to SRRun01_grf
[info] Storage: read data file = SRRun01_grf.mot (nr=10005 nc=19)
[info] ExternalForce::RightGRF Data source being set to SRRun01_grf
[info] ExternalForce::LeftGRF Data source being set to SRRun01_grf
[info] Storage: read data file = SRRun01_grf.mot (nr=10005 nc=19)
[info] ExternalForce::RightGRF Data source being set to SRRun01_grf
[info] ExternalForce::LeftGRF Data source being set to SRRun01_grf
[info] Storage: read data file = SRRun01_grf.mot (nr=10005 nc=19)
[info] ExternalForce::RightGRF Data source being set to SRRun01_grf
[info] ExternalForce::LeftGRF Data source being set to SRRun01_grf
[info] Storage: read data file = SRRun01_grf.mot (nr=10005 nc=19)
[info] ExternalForce::RightGRF Data source being set to SRRun01_grf
[info] ExternalForce::LeftGRF Data source being set to SRRun01_grf
[info] Storage: read data file = SRRun01_grf.mot (nr=10005 nc=19)
[info] ExternalForce::RightGRF Data source being set to SRRun01_grf
[info] ExternalForce::LeftGRF Data source being set to SRRun01_grf
[info] Storage: read data file = SRRun01_grf.mot (nr=10005 nc=19)
[info] ExternalForce::RightGRF Data source being set to SRRun01_grf
[info] ExternalForce::LeftGRF Data source being set to SRRun01_grf
[info] Storage: read data file = SRRun01_grf.mot (nr=10005 nc=19)
[info] ExternalForce::RightGRF Data source being set to SRRun01_grf
[info] ExternalForce::LeftGRF Data source being set to SRRun01_grf
[info] Storage: read data file = SRRun01_grf.mot (nr=10005 nc=19)
[info] ExternalForce::RightGRF Data source being set to SRRun01_grf
[info] ExternalForce::LeftGRF Data source being set to SRRun01_grf
[info] Storage: read data file = SRRun01_grf.mot (nr=10005 nc=19)
[info] ExternalForce::RightGRF Data source being set to SRRun01_grf
[info] ExternalForce::LeftGRF Data source being set to SRRun01_grf
[info] Storage: read data file = SRRun01_grf.mot (nr=10005 nc=19)
[info] ExternalForce::RightGRF Data source being set to SRRun01_grf
[info] ExternalForce::LeftGRF Data source being set to SRRun01_grf
[info] Storage: read data file = SRRun01_grf.mot (nr=10005 nc=19)
[info] ExternalForce::RightGRF Data source being set to SRRun01_grf
[info] ExternalForce::LeftGRF Data source being set to SRRun01_grf
[info] Storage: read data file = SRRun01_grf.mot (nr=10005 nc=19)
[info] ExternalForce::RightGRF Data source being set to SRRun01_grf
[info] ExternalForce::LeftGRF Data source being set to SRRun01_grf
[info] Storage: read data file = SRRun01_grf.mot (nr=10005 nc=19)
[info] ExternalForce::RightGRF Data source being set to SRRun01_grf
[info] ExternalForce::LeftGRF Data source being set to SRRun01_grf
[info] Storage: read data file = SRRun01_grf.mot (nr=10005 nc=19)
[info] ExternalForce::RightGRF Data source being set to SRRun01_grf
[info] ExternalForce::LeftGRF Data source being set to SRRun01_grf
[info] Storage: read data file = SRRun01_grf.mot (nr=10005 nc=19)
[info] ExternalForce::RightGRF Data source being set to SRRun01_grf
[info] ExternalForce::LeftGRF Data source being set to SRRun01_grf
[info] Storage: read data file = SRRun01_grf.mot (nr=10005 nc=19)
[info] ExternalForce::RightGRF Data source being set to SRRun01_grf
[info] ExternalForce::LeftGRF Data source being set to SRRun01_grf
[info] Storage: read data file = SRRun01_grf.mot (nr=10005 nc=19)
[info] ExternalForce::RightGRF Data source being set to SRRun01_grf
[info] ExternalForce::LeftGRF Data source being set to SRRun01_grf
[info] Storage: read data file = SRRun01_grf.mot (nr=10005 nc=19)
[info] ExternalForce::RightGRF Data source being set to SRRun01_grf
[info] ExternalForce::LeftGRF Data source being set to SRRun01_grf
[info] Storage: read data file = SRRun01_grf.mot (nr=10005 nc=19)
[info] ExternalForce::RightGRF Data source being set to SRRun01_grf
[info] ExternalForce::LeftGRF Data source being set to SRRun01_grf
[info] Storage: read data file = SRRun01_grf.mot (nr=10005 nc=19)
[info] ExternalForce::RightGRF Data source being set to SRRun01_grf
[info] ExternalForce::LeftGRF Data source being set to SRRun01_grf
[info] Storage: read data file = SRRun01_grf.mot (nr=10005 nc=19)
[info] ExternalForce::RightGRF Data source being set to SRRun01_grf
[info] ExternalForce::LeftGRF Data source being set to SRRun01_grf
[info] Storage: read data file = SRRun01_grf.mot (nr=10005 nc=19)
[info] ExternalForce::RightGRF Data source being set to SRRun01_grf
[info] ExternalForce::LeftGRF Data source being set to SRRun01_grf
[info] Storage: read data file = SRRun01_grf.mot (nr=10005 nc=19)
[info] ExternalForce::RightGRF Data source being set to SRRun01_grf
[info] ExternalForce::LeftGRF Data source being set to SRRun01_grf
[info] Storage: read data file = SRRun01_grf.mot (nr=10005 nc=19)
[info] ExternalForce::RightGRF Data source being set to SRRun01_grf
[info] ExternalForce::LeftGRF Data source being set to SRRun01_grf
[info] Storage: read data file = SRRun01_grf.mot (nr=10005 nc=19)
[info] ExternalForce::RightGRF Data source being set to SRRun01_grf
[info] ExternalForce::LeftGRF Data source being set to SRRun01_grf
[info] Storage: read data file = SRRun01_grf.mot (nr=10005 nc=19)
[info] ExternalForce::RightGRF Data source being set to SRRun01_grf
[info] ExternalForce::LeftGRF Data source being set to SRRun01_grf
[info] Storage: read data file = SRRun01_grf.mot (nr=10005 nc=19)
[info] ExternalForce::RightGRF Data source being set to SRRun01_grf
[info] ExternalForce::LeftGRF Data source being set to SRRun01_grf
[info] Storage: read data file = SRRun01_grf.mot (nr=10005 nc=19)
[info] ExternalForce::RightGRF Data source being set to SRRun01_grf
[info] ExternalForce::LeftGRF Data source being set to SRRun01_grf
[info] Storage: read data file = SRRun01_grf.mot (nr=10005 nc=19)
[info] ExternalForce::RightGRF Data source being set to SRRun01_grf
[info] ExternalForce::LeftGRF Data source being set to SRRun01_grf
[info] Storage: read data file = SRRun01_grf.mot (nr=10005 nc=19)
[info] ExternalForce::RightGRF Data source being set to SRRun01_grf
[info] ExternalForce::LeftGRF Data source being set to SRRun01_grf
[info] Storage: read data file = SRRun01_grf.mot (nr=10005 nc=19)
[info] ExternalForce::RightGRF Data source being set to SRRun01_grf
[info] ExternalForce::LeftGRF Data source being set to SRRun01_grf
[info] Storage: read data file = SRRun01_grf.mot (nr=10005 nc=19)
[info] ExternalForce::RightGRF Data source being set to SRRun01_grf
[info] ExternalForce::LeftGRF Data source being set to SRRun01_grf
[info] Storage: read data file = SRRun01_grf.mot (nr=10005 nc=19)
[info] ExternalForce::RightGRF Data source being set to SRRun01_grf
[info] ExternalForce::LeftGRF Data source being set to SRRun01_grf
[info] Storage: read data file = SRRun01_grf.mot (nr=10005 nc=19)
[info] ExternalForce::RightGRF Data source being set to SRRun01_grf
[info] ExternalForce::LeftGRF Data source being set to SRRun01_grf
[info] Storage: read data file = SRRun01_grf.mot (nr=10005 nc=19)
[info] ExternalForce::RightGRF Data source being set to SRRun01_grf
[info] ExternalForce::LeftGRF Data source being set to SRRun01_grf
[info] Storage: read data file = SRRun01_grf.mot (nr=10005 nc=19)
[info] ExternalForce::RightGRF Data source being set to SRRun01_grf
[info] ExternalForce::LeftGRF Data source being set to SRRun01_grf
[info] Storage: read data file = SRRun01_grf.mot (nr=10005 nc=19)
[info] ExternalForce::RightGRF Data source being set to SRRun01_grf
[info] ExternalForce::LeftGRF Data source being set to SRRun01_grf
[info] Storage: read data file = SRRun01_grf.mot (nr=10005 nc=19)
[info] ExternalForce::RightGRF Data source being set to SRRun01_grf
[info] ExternalForce::LeftGRF Data source being set to SRRun01_grf
[info] Storage: read data file = SRRun01_grf.mot (nr=10005 nc=19)
[info] ExternalForce::RightGRF Data source being set to SRRun01_grf
[info] ExternalForce::LeftGRF Data source being set to SRRun01_grf
[info] Storage: read data file = SRRun01_grf.mot (nr=10005 nc=19)
[info] ExternalForce::RightGRF Data source being set to SRRun01_grf
[info] ExternalForce::LeftGRF Data source being set to SRRun01_grf
[info] Storage: read data file = SRRun01_grf.mot (nr=10005 nc=19)
[info] ExternalForce::RightGRF Data source being set to SRRun01_grf
[info] ExternalForce::LeftGRF Data source being set to SRRun01_grf
[info] Storage: read data file = SRRun01_grf.mot (nr=10005 nc=19)
[info] ExternalForce::RightGRF Data source being set to SRRun01_grf
[info] ExternalForce::LeftGRF Data source being set to SRRun01_grf
[info] Storage: read data file = SRRun01_grf.mot (nr=10005 nc=19)
[info] ExternalForce::RightGRF Data source being set to SRRun01_grf
[info] ExternalForce::LeftGRF Data source being set to SRRun01_grf
[info] Storage: read data file = SRRun01_grf.mot (nr=10005 nc=19)
[info] ExternalForce::RightGRF Data source being set to SRRun01_grf
[info] ExternalForce::LeftGRF Data source being set to SRRun01_grf
[info] Storage: read data file = SRRun01_grf.mot (nr=10005 nc=19)
[info] ExternalForce::RightGRF Data source being set to SRRun01_grf
[info] ExternalForce::LeftGRF Data source being set to SRRun01_grf
[info] Storage: read data file = SRRun01_grf.mot (nr=10005 nc=19)
[info] ExternalForce::RightGRF Data source being set to SRRun01_grf
[info] ExternalForce::LeftGRF Data source being set to SRRun01_grf
[info] Storage: read data file = SRRun01_grf.mot (nr=10005 nc=19)
[info] ExternalForce::RightGRF Data source being set to SRRun01_grf
[info] ExternalForce::LeftGRF Data source being set to SRRun01_grf
[info] Storage: read data file = SRRun01_grf.mot (nr=10005 nc=19)
[info] ExternalForce::RightGRF Data source being set to SRRun01_grf
[info] ExternalForce::LeftGRF Data source being set to SRRun01_grf
[info] Storage: read data file = SRRun01_grf.mot (nr=10005 nc=19)
[info] ExternalForce::RightGRF Data source being set to SRRun01_grf
[info] ExternalForce::LeftGRF Data source being set to SRRun01_grf
[info] Storage: read data file = SRRun01_grf.mot (nr=10005 nc=19)
[info] ExternalForce::RightGRF Data source being set to SRRun01_grf
[info] ExternalForce::LeftGRF Data source being set to SRRun01_grf
[info] Storage: read data file = SRRun01_grf.mot (nr=10005 nc=19)
[info] ExternalForce::RightGRF Data source being set to SRRun01_grf
[info] ExternalForce::LeftGRF Data source being set to SRRun01_grf
[info] Storage: read data file = SRRun01_grf.mot (nr=10005 nc=19)
[info] ExternalForce::RightGRF Data source being set to SRRun01_grf
[info] ExternalForce::LeftGRF Data source being set to SRRun01_grf
[info] Storage: read data file = SRRun01_grf.mot (nr=10005 nc=19)
[info] ExternalForce::RightGRF Data source being set to SRRun01_grf
[info] ExternalForce::LeftGRF Data source being set to SRRun01_grf
[info] Storage: read data file = SRRun01_grf.mot (nr=10005 nc=19)
[info] ExternalForce::RightGRF Data source being set to SRRun01_grf
[info] ExternalForce::LeftGRF Data source being set to SRRun01_grf
[info] Storage: read data file = SRRun01_grf.mot (nr=10005 nc=19)
[info] ExternalForce::RightGRF Data source being set to SRRun01_grf
[info] ExternalForce::LeftGRF Data source being set to SRRun01_grf
[info] Storage: read data file = SRRun01_grf.mot (nr=10005 nc=19)
[info] ExternalForce::RightGRF Data source being set to SRRun01_grf
[info] ExternalForce::LeftGRF Data source being set to SRRun01_grf
[info] Storage: read data file = SRRun01_grf.mot (nr=10005 nc=19)
[info] ExternalForce::RightGRF Data source being set to SRRun01_grf
[info] ExternalForce::LeftGRF Data source being set to SRRun01_grf
[info] Storage: read data file = SRRun01_grf.mot (nr=10005 nc=19)
[info] ExternalForce::RightGRF Data source being set to SRRun01_grf
[info] ExternalForce::LeftGRF Data source being set to SRRun01_grf
[info] Storage: read data file = SRRun01_grf.mot (nr=10005 nc=19)
[info] ExternalForce::RightGRF Data source being set to SRRun01_grf
[info] ExternalForce::LeftGRF Data source being set to SRRun01_grf
[info] Storage: read data file = SRRun01_grf.mot (nr=10005 nc=19)
[info] ExternalForce::RightGRF Data source being set to SRRun01_grf
[info] ExternalForce::LeftGRF Data source being set to SRRun01_grf
[info] Storage: read data file = SRRun01_grf.mot (nr=10005 nc=19)
[info] ExternalForce::RightGRF Data source being set to SRRun01_grf
[info] ExternalForce::LeftGRF Data source being set to SRRun01_grf
[info] Storage: read data file = SRRun01_grf.mot (nr=10005 nc=19)
[info] ExternalForce::RightGRF Data source being set to SRRun01_grf
[info] ExternalForce::LeftGRF Data source being set to SRRun01_grf
[info] Storage: read data file = SRRun01_grf.mot (nr=10005 nc=19)
[info] ExternalForce::RightGRF Data source being set to SRRun01_grf
[info] ExternalForce::LeftGRF Data source being set to SRRun01_grf
[info] Storage: read data file = SRRun01_grf.mot (nr=10005 nc=19)
[info] ExternalForce::RightGRF Data source being set to SRRun01_grf
[info] ExternalForce::LeftGRF Data source being set to SRRun01_grf
[info] Storage: read data file = SRRun01_grf.mot (nr=10005 nc=19)
[info] ExternalForce::RightGRF Data source being set to SRRun01_grf
[info] ExternalForce::LeftGRF Data source being set to SRRun01_grf
[info] Storage: read data file = SRRun01_grf.mot (nr=10005 nc=19)
[info] ExternalForce::RightGRF Data source being set to SRRun01_grf
[info] ExternalForce::LeftGRF Data source being set to SRRun01_grf
[info] Storage: read data file = SRRun01_grf.mot (nr=10005 nc=19)
[info] ExternalForce::RightGRF Data source being set to SRRun01_grf
[info] ExternalForce::LeftGRF Data source being set to SRRun01_grf
[info] Storage: read data file = SRRun01_grf.mot (nr=10005 nc=19)
[info] ExternalForce::RightGRF Data source being set to SRRun01_grf
[info] ExternalForce::LeftGRF Data source being set to SRRun01_grf
[info] Storage: read data file = SRRun01_grf.mot (nr=10005 nc=19)
[info] ExternalForce::RightGRF Data source being set to SRRun01_grf
[info] ExternalForce::LeftGRF Data source being set to SRRun01_grf
[info] Storage: read data file = SRRun01_grf.mot (nr=10005 nc=19)
[info] ExternalForce::RightGRF Data source being set to SRRun01_grf
[info] ExternalForce::LeftGRF Data source being set to SRRun01_grf
[info] Storage: read data file = SRRun01_grf.mot (nr=10005 nc=19)
[info] ExternalForce::RightGRF Data source being set to SRRun01_grf
[info] ExternalForce::LeftGRF Data source being set to SRRun01_grf
[info] Storage: read data file = SRRun01_grf.mot (nr=10005 nc=19)
[info] ExternalForce::RightGRF Data source being set to SRRun01_grf
[info] ExternalForce::LeftGRF Data source being set to SRRun01_grf
[info] Storage: read data file = SRRun01_grf.mot (nr=10005 nc=19)
[info] ExternalForce::RightGRF Data source being set to SRRun01_grf
[info] ExternalForce::LeftGRF Data source being set to SRRun01_grf
[info] Storage: read data file = SRRun01_grf.mot (nr=10005 nc=19)
[info] ExternalForce::RightGRF Data source being set to SRRun01_grf
[info] ExternalForce::LeftGRF Data source being set to SRRun01_grf
[info] Storage: read data file = SRRun01_grf.mot (nr=10005 nc=19)
[info] ExternalForce::RightGRF Data source being set to SRRun01_grf
[info] ExternalForce::LeftGRF Data source being set to SRRun01_grf
[info] Storage: read data file = SRRun01_grf.mot (nr=10005 nc=19)
[info] ExternalForce::RightGRF Data source being set to SRRun01_grf
[info] ExternalForce::LeftGRF Data source being set to SRRun01_grf
[info] Storage: read data file = SRRun01_grf.mot (nr=10005 nc=19)
[info] ExternalForce::RightGRF Data source being set to SRRun01_grf
[info] ExternalForce::LeftGRF Data source being set to SRRun01_grf
[info] Storage: read data file = SRRun01_grf.mot (nr=10005 nc=19)
[info] ExternalForce::RightGRF Data source being set to SRRun01_grf
[info] ExternalForce::LeftGRF Data source being set to SRRun01_grf
[info] Storage: read data file = SRRun01_grf.mot (nr=10005 nc=19)
[info] ExternalForce::RightGRF Data source being set to SRRun01_grf
[info] ExternalForce::LeftGRF Data source being set to SRRun01_grf
[info] Storage: read data file = SRRun01_grf.mot (nr=10005 nc=19)
[info] ExternalForce::RightGRF Data source being set to SRRun01_grf
[info] ExternalForce::LeftGRF Data source being set to SRRun01_grf
[info] Storage: read data file = SRRun01_grf.mot (nr=10005 nc=19)
[info] ExternalForce::RightGRF Data source being set to SRRun01_grf
[info] ExternalForce::LeftGRF Data source being set to SRRun01_grf
[info] Storage: read data file = SRRun01_grf.mot (nr=10005 nc=19)
[info] ExternalForce::RightGRF Data source being set to SRRun01_grf
[info] ExternalForce::LeftGRF Data source being set to SRRun01_grf
[info] Storage: read data file = SRRun01_grf.mot (nr=10005 nc=19)
[info] ExternalForce::RightGRF Data source being set to SRRun01_grf
[info] ExternalForce::LeftGRF Data source being set to SRRun01_grf
[info] Storage: read data file = SRRun01_grf.mot (nr=10005 nc=19)
[info] ExternalForce::RightGRF Data source being set to SRRun01_grf
[info] ExternalForce::LeftGRF Data source being set to SRRun01_grf
[info] Storage: read data file = SRRun01_grf.mot (nr=10005 nc=19)
[info] ExternalForce::RightGRF Data source being set to SRRun01_grf
[info] ExternalForce::LeftGRF Data source being set to SRRun01_grf
[info] Storage: read data file = SRRun01_grf.mot (nr=10005 nc=19)
[info] ExternalForce::RightGRF Data source being set to SRRun01_grf
[info] ExternalForce::LeftGRF Data source being set to SRRun01_grf
[info] Storage: read data file = SRRun01_grf.mot (nr=10005 nc=19)
[info] ExternalForce::RightGRF Data source being set to SRRun01_grf
[info] ExternalForce::LeftGRF Data source being set to SRRun01_grf
[info] Storage: read data file = SRRun01_grf.mot (nr=10005 nc=19)
[info] ExternalForce::RightGRF Data source being set to SRRun01_grf
[info] ExternalForce::LeftGRF Data source being set to SRRun01_grf
[info] Storage: read data file = SRRun01_grf.mot (nr=10005 nc=19)
[info] ExternalForce::RightGRF Data source being set to SRRun01_grf
[info] ExternalForce::LeftGRF Data source being set to SRRun01_grf
[info] Storage: read data file = SRRun01_grf.mot (nr=10005 nc=19)
[info] ExternalForce::RightGRF Data source being set to SRRun01_grf
[info] ExternalForce::LeftGRF Data source being set to SRRun01_grf
[info] Storage: read data file = SRRun01_grf.mot (nr=10005 nc=19)
[info] ExternalForce::RightGRF Data source being set to SRRun01_grf
[info] ExternalForce::LeftGRF Data source being set to SRRun01_grf
[info] Storage: read data file = SRRun01_grf.mot (nr=10005 nc=19)
[info] ExternalForce::RightGRF Data source being set to SRRun01_grf
[info] ExternalForce::LeftGRF Data source being set to SRRun01_grf
[info] Storage: read data file = SRRun01_grf.mot (nr=10005 nc=19)
[info] ExternalForce::RightGRF Data source being set to SRRun01_grf
[info] ExternalForce::LeftGRF Data source being set to SRRun01_grf
[info] Storage: read data file = SRRun01_grf.mot (nr=10005 nc=19)
[info] ExternalForce::RightGRF Data source being set to SRRun01_grf
[info] ExternalForce::LeftGRF Data source being set to SRRun01_grf
[info] Storage: read data file = SRRun01_grf.mot (nr=10005 nc=19)
[info] ExternalForce::RightGRF Data source being set to SRRun01_grf
[info] ExternalForce::LeftGRF Data source being set to SRRun01_grf
[info] Storage: read data file = SRRun01_grf.mot (nr=10005 nc=19)
[info] ExternalForce::RightGRF Data source being set to SRRun01_grf
[info] ExternalForce::LeftGRF Data source being set to SRRun01_grf
[info] Storage: read data file = SRRun01_grf.mot (nr=10005 nc=19)
[info] ExternalForce::RightGRF Data source being set to SRRun01_grf
[info] ExternalForce::LeftGRF Data source being set to SRRun01_grf
[info] Storage: read data file = SRRun01_grf.mot (nr=10005 nc=19)
[info] ExternalForce::RightGRF Data source being set to SRRun01_grf
[info] ExternalForce::LeftGRF Data source being set to SRRun01_grf
[info] Storage: read data file = SRRun01_grf.mot (nr=10005 nc=19)
[info] ExternalForce::RightGRF Data source being set to SRRun01_grf
[info] ExternalForce::LeftGRF Data source being set to SRRun01_grf
[info] Storage: read data file = SRRun01_grf.mot (nr=10005 nc=19)
[info] ExternalForce::RightGRF Data source being set to SRRun01_grf
[info] ExternalForce::LeftGRF Data source being set to SRRun01_grf
[info] Storage: read data file = SRRun01_grf.mot (nr=10005 nc=19)
[info] ExternalForce::RightGRF Data source being set to SRRun01_grf
[info] ExternalForce::LeftGRF Data source being set to SRRun01_grf
[info] Storage: read data file = SRRun01_grf.mot (nr=10005 nc=19)
[info] ExternalForce::RightGRF Data source being set to SRRun01_grf
[info] ExternalForce::LeftGRF Data source being set to SRRun01_grf
[info] Storage: read data file = SRRun01_grf.mot (nr=10005 nc=19)
[info] ExternalForce::RightGRF Data source being set to SRRun01_grf
[info] ExternalForce::LeftGRF Data source being set to SRRun01_grf
[info] Storage: read data file = SRRun01_grf.mot (nr=10005 nc=19)
[info] ExternalForce::RightGRF Data source being set to SRRun01_grf
[info] ExternalForce::LeftGRF Data source being set to SRRun01_grf
[info] Storage: read data file = SRRun01_grf.mot (nr=10005 nc=19)
[info] ExternalForce::RightGRF Data source being set to SRRun01_grf
[info] ExternalForce::LeftGRF Data source being set to SRRun01_grf
[info] Storage: read data file = SRRun01_grf.mot (nr=10005 nc=19)
[info] ExternalForce::RightGRF Data source being set to SRRun01_grf
[info] ExternalForce::LeftGRF Data source being set to SRRun01_grf
[info] Storage: read data file = SRRun01_grf.mot (nr=10005 nc=19)
[info] ExternalForce::RightGRF Data source being set to SRRun01_grf
[info] ExternalForce::LeftGRF Data source being set to SRRun01_grf
[info] Storage: read data file = SRRun01_grf.mot (nr=10005 nc=19)
[info] ExternalForce::RightGRF Data source being set to SRRun01_grf
[info] ExternalForce::LeftGRF Data source being set to SRRun01_grf
[info] Storage: read data file = SRRun01_grf.mot (nr=10005 nc=19)
[info] ExternalForce::RightGRF Data source being set to SRRun01_grf
[info] ExternalForce::LeftGRF Data source being set to SRRun01_grf
[info] Storage: read data file = SRRun01_grf.mot (nr=10005 nc=19)
[info] ExternalForce::RightGRF Data source being set to SRRun01_grf
[info] ExternalForce::LeftGRF Data source being set to SRRun01_grf
[info] Storage: read data file = SRRun01_grf.mot (nr=10005 nc=19)
[info] ExternalForce::RightGRF Data source being set to SRRun01_grf
[info] ExternalForce::LeftGRF Data source being set to SRRun01_grf
[info] Storage: read data file = SRRun01_grf.mot (nr=10005 nc=19)
[info] ExternalForce::RightGRF Data source being set to SRRun01_grf
[info] ExternalForce::LeftGRF Data source being set to SRRun01_grf
[info] Storage: read data file = SRRun01_grf.mot (nr=10005 nc=19)
[info] ExternalForce::RightGRF Data source being set to SRRun01_grf
[info] ExternalForce::LeftGRF Data source being set to SRRun01_grf
[info] Number of threads: 96

List of user-set options:

                                    Name   Value                used
                acceptable_compl_inf_tol = 0.001                 yes
              acceptable_constr_viol_tol = 1                     yes
                 acceptable_dual_inf_tol = 0.001                 yes
                          acceptable_tol = 0.001                 yes
                           compl_inf_tol = 0.001                 yes
                         constr_viol_tol = 1                     yes
                            dual_inf_tol = 0.001                 yes
                   hessian_approximation = limited-memory        yes
                           linear_solver = mumps                 yes
                                max_iter = 3000                  yes
                      print_user_options = yes                   yes
                                     tol = 0.001                 yes

******************************************************************************
This program contains Ipopt, a library for large-scale nonlinear optimization.
 Ipopt is released as open source code under the Eclipse Public License (EPL).
         For more information visit https://github.com/coin-or/Ipopt
******************************************************************************

This is Ipopt version 3.14.16, running with linear solver MUMPS 5.6.2.

Number of nonzeros in equality constraint Jacobian...:  1036810
Number of nonzeros in inequality constraint Jacobian.:        0
Number of nonzeros in Lagrangian Hessian.............:        0

Total number of variables............................:     8210
                     variables with only lower bounds:        0
                variables with lower and upper bounds:     7292
                     variables with only upper bounds:        0
Total number of equality constraints.................:     6666
Total number of inequality constraints...............:        0
        inequality constraints with only lower bounds:        0
   inequality constraints with lower and upper bounds:        0
        inequality constraints with only upper bounds:        0

iter    objective    inf_pr   inf_du lg(mu)  ||d||  lg(rg) alpha_du alpha_pr  ls
   0  1.0834858e+00 2.13e+02 1.33e-02   0.0 0.00e+00    -  0.00e+00 0.00e+00   0
   1  1.3736518e+00 2.11e+02 1.55e+02  -2.8 7.49e+01    -  1.40e-02 1.09e-02h  1
   2  3.3492941e+00 2.05e+02 4.53e+02  -2.8 7.77e+01    -  2.34e-02 2.97e-02h  1
   3  9.6949667e+00 1.95e+02 8.50e+02  -2.8 9.69e+01    -  3.33e-02 4.85e-02h  1
   4  9.9747642e+00 1.94e+02 8.87e+02  -2.8 1.11e+02    -  3.64e-02 5.25e-03h  1
   5  2.0001703e+01 1.81e+02 1.34e+03  -2.9 1.25e+02    -  5.85e-02 6.26e-02h  1
   6  3.3881793e+01 1.65e+02 1.89e+03  -2.9 1.25e+02    -  4.97e-02 9.21e-02h  1
   7  3.5814632e+01 1.59e+02 2.11e+03  -2.9 1.22e+02    -  1.22e-01 3.77e-02h  1
   8  3.5817605e+01 1.56e+02 2.18e+03  -3.0 1.22e+02    -  1.56e-02 1.45e-02h  1
   9  3.6163700e+01 1.49e+02 2.33e+03  -3.0 1.33e+02    -  1.14e-01 4.78e-02h  1
iter    objective    inf_pr   inf_du lg(mu)  ||d||  lg(rg) alpha_du alpha_pr  ls
  10  4.0001291e+01 1.36e+02 2.74e+03  -3.0 1.47e+02    -  8.97e-02 8.79e-02h  1
  11  4.0617181e+01 1.29e+02 2.88e+03  -3.1 1.27e+02    -  5.29e-02 5.27e-02h  1
  12  4.2060215e+01 1.17e+02 3.13e+03  -3.1 1.32e+02    -  7.28e-02 9.06e-02h  1
  13  4.2077342e+01 1.13e+02 3.20e+03  -3.1 1.08e+02    -  4.74e-02 3.74e-02h  1
  14  4.1686331e+01 1.11e+02 3.22e+03  -3.1 1.06e+02    -  7.35e-02 1.27e-02h  1
  15  4.1998334e+01 1.08e+02 3.25e+03  -3.2 9.88e+01    -  1.08e-01 2.90e-02h  1
  16  4.6272101e+01 9.90e+01 3.43e+03  -3.2 9.51e+01    -  6.12e-02 8.39e-02h  1
  17  4.6628018e+01 9.11e+01 3.60e+03  -3.2 9.47e+01    -  9.46e-02 8.00e-02h  1
  18  5.2688664e+01 8.46e+01 3.85e+03  -3.3 1.26e+02    -  5.18e-02 7.24e-02h  1
  19  5.2686946e+01 8.37e+01 3.88e+03  -3.3 1.44e+02    -  5.33e-02 1.08e-02h  1
iter    objective    inf_pr   inf_du lg(mu)  ||d||  lg(rg) alpha_du alpha_pr  ls
  20  5.2682497e+01 8.00e+01 3.96e+03  -3.3 1.47e+02    -  5.48e-03 4.40e-02h  1
  21  5.2462926e+01 7.96e+01 3.96e+03  -3.3 1.43e+02    -  1.05e-01 4.96e-03h  1
  22  5.0621411e+01 7.50e+01 3.99e+03  -3.4 1.76e+02    -  2.10e-02 5.74e-02h  1
  23  5.7682649e+01 6.81e+01 3.96e+03  -3.4 2.08e+02    -  4.05e-02 9.27e-02h  1
  24  5.5730234e+01 6.29e+01 3.93e+03  -3.4 1.58e+02    -  8.58e-02 7.67e-02h  1
  25  6.0216720e+01 5.95e+01 3.90e+03  -3.5 1.56e+02    -  4.32e-02 5.42e-02h  1
  26  5.9662145e+01 5.81e+01 3.87e+03  -3.5 1.33e+02    -  1.10e-02 2.27e-02h  1
  27  5.6467694e+01 5.72e+01 3.87e+03  -3.5 1.65e+02    -  6.51e-02 1.55e-02f  1
  28  5.6281350e+01 5.69e+01 3.87e+03  -3.5 1.24e+02    -  7.56e-03 5.62e-03h  1
  29  5.5362248e+01 5.38e+01 3.82e+03  -3.5 1.50e+02    -  3.44e-03 5.50e-02f  1
iter    objective    inf_pr   inf_du lg(mu)  ||d||  lg(rg) alpha_du alpha_pr  ls
  30  5.5237111e+01 5.36e+01 3.81e+03  -3.5 1.21e+02    -  1.87e-02 3.70e-03h  1
  31  5.1332570e+01 5.26e+01 3.77e+03  -3.5 1.32e+02    -  5.86e-02 1.92e-02f  1
  32  5.0146664e+01 4.98e+01 3.65e+03  -3.5 1.21e+02    -  2.79e-02 5.31e-02h  1
  33  4.6207260e+01 4.90e+01 3.60e+03  -3.6 1.72e+02    -  1.91e-02 1.68e-02f  1
  34  4.5619272e+01 4.68e+01 3.50e+03  -3.6 1.17e+02    -  7.00e-02 4.45e-02h  1
  35  6.7153780e+01 4.39e+01 3.28e+03  -3.6 1.60e+02    -  3.00e-03 6.22e-02h  1
  36  6.3405260e+01 4.10e+01 3.12e+03  -3.6 1.06e+02    -  4.72e-02 6.59e-02h  1
  37  4.9457029e+01 3.93e+01 3.02e+03  -3.6 1.29e+02    -  4.61e-03 4.26e-02f  1
  38  4.8956404e+01 3.90e+01 3.01e+03  -3.6 9.54e+01    -  8.25e-02 5.79e-03h  1
  39  5.3982586e+01 3.52e+01 2.87e+03  -3.7 1.00e+02    -  2.46e-02 9.94e-02h  1
iter    objective    inf_pr   inf_du lg(mu)  ||d||  lg(rg) alpha_du alpha_pr  ls
  40  5.2045238e+01 3.29e+01 2.75e+03  -3.7 8.56e+01    -  3.58e-02 6.38e-02h  1
  41  7.4036386e+01 3.07e+01 2.66e+03  -3.7 1.45e+02    -  1.82e-02 6.31e-02h  1
  42  7.3570541e+01 3.05e+01 2.64e+03  -3.7 7.12e+01    -  6.44e-02 6.35e-03h  1
  43  6.3797989e+01 2.99e+01 2.63e+03  -3.7 1.79e+02    -  1.58e-03 2.25e-02f  1
  44  6.2499000e+01 2.95e+01 2.61e+03  -3.7 6.49e+01    -  1.90e-03 1.13e-02h  1
  45  6.2272696e+01 2.95e+01 2.61e+03  -3.7 6.71e+01    -  5.69e-03 6.25e-04h  1
  46  5.9029246e+01 2.84e+01 2.55e+03  -3.7 6.55e+01    -  3.47e-03 3.86e-02h  1
  47  5.2584171e+01 2.78e+01 2.52e+03  -3.7 7.52e+01    -  5.77e-04 1.82e-02f  1
  48  5.2171387e+01 2.77e+01 2.51e+03  -3.7 6.78e+01    -  1.57e-01 5.27e-03h  1
  49  4.8809543e+01 2.72e+01 2.48e+03  -3.8 9.30e+01    -  6.90e-03 1.78e-02f  1
iter    objective    inf_pr   inf_du lg(mu)  ||d||  lg(rg) alpha_du alpha_pr  ls
  50  4.8186918e+01 2.69e+01 2.46e+03  -3.8 6.91e+01    -  3.20e-02 1.12e-02h  1
  51  4.5043062e+01 2.67e+01 2.44e+03  -3.8 1.19e+02    -  4.29e-03 8.31e-03f  1
  52  4.4541365e+01 2.64e+01 2.42e+03  -3.8 6.82e+01    -  5.66e-02 1.13e-02h  1
  53  4.9363840e+01 2.52e+01 2.29e+03  -3.8 1.22e+02    -  1.21e-02 4.59e-02h  1
  54  4.8269986e+01 2.46e+01 2.25e+03  -3.9 6.35e+01    -  2.17e-02 2.11e-02h  1
  55  4.4313323e+01 2.44e+01 2.23e+03  -3.9 8.97e+01    -  2.03e-03 1.04e-02f  1
  56  4.2778418e+01 2.37e+01 2.19e+03  -3.9 6.05e+01    -  2.70e-02 2.63e-02h  1
  57  3.9996372e+01 2.35e+01 2.18e+03  -3.9 7.33e+01    -  1.03e-03 1.12e-02f  1
  58  3.9643778e+01 2.32e+01 2.16e+03  -3.9 5.91e+01    -  2.39e-02 1.02e-02h  1
  59  5.8319152e+01 2.19e+01 2.10e+03  -3.9 1.03e+02    -  2.01e-02 5.81e-02h  1
iter    objective    inf_pr   inf_du lg(mu)  ||d||  lg(rg) alpha_du alpha_pr  ls
  60  5.7851628e+01 2.18e+01 2.09e+03  -3.9 5.54e+01    -  4.65e-02 6.74e-03h  1
  61  5.9058814e+01 2.17e+01 2.11e+03  -0.0 1.23e+03    -  5.61e-04 2.45e-03f  1
  62  5.5597147e+01 2.09e+01 2.04e+03  -3.9 5.47e+01    -  6.01e-02 3.68e-02h  1
  63  5.0325550e+01 2.05e+01 2.01e+03  -3.9 4.98e+01    -  2.97e-02 2.20e-02f  1
  64  5.0269705e+01 2.04e+01 2.00e+03  -4.0 5.14e+01    -  5.87e-02 6.82e-04h  1
  65  4.0344314e+01 1.93e+01 1.95e+03  -4.0 6.77e+01    -  4.72e-02 5.77e-02f  1
  66  3.7949691e+01 1.86e+01 1.90e+03  -4.0 4.89e+01    -  1.93e-02 3.37e-02h  1
  67  3.5495098e+01 1.74e+01 1.82e+03  -4.0 5.73e+01    -  2.11e-03 6.43e-02f  1
  68  3.4103849e+01 1.63e+01 1.72e+03  -4.0 4.23e+01    -  1.04e-01 6.75e-02h  1
  69  3.0909650e+01 1.59e+01 1.70e+03  -4.1 6.10e+01    -  2.93e-02 2.24e-02f  1
iter    objective    inf_pr   inf_du lg(mu)  ||d||  lg(rg) alpha_du alpha_pr  ls
  70  3.0887432e+01 1.59e+01 1.70e+03  -4.1 3.92e+01    -  4.88e-02 1.37e-03h  1
  71  2.9732863e+01 1.55e+01 1.67e+03  -4.1 6.37e+01    -  1.96e-02 2.63e-02h  1
  72  2.9723146e+01 1.55e+01 1.67e+03  -4.1 3.91e+01    -  1.90e-04 4.95e-04h  1
  73  2.9698533e+01 1.55e+01 1.67e+03  -4.1 5.32e+01    -  1.09e-03 3.62e-04h  1
  74  2.8645109e+01 1.42e+01 1.56e+03  -4.1 4.00e+01    -  5.23e-04 8.11e-02h  1
  75  2.7734801e+01 1.41e+01 1.55e+03  -4.1 6.94e+01    -  7.19e-02 7.08e-03h  1
  76  2.7172180e+01 1.36e+01 1.52e+03  -4.1 4.01e+01    -  6.66e-03 3.22e-02h  1
  77  2.5939533e+01 1.33e+01 1.50e+03  -4.1 7.46e+01    -  2.16e-02 2.54e-02h  1
  78  2.5849639e+01 1.32e+01 1.50e+03  -4.1 4.47e+01    -  8.18e-03 4.65e-03h  1
  79  2.4377000e+01 1.25e+01 1.47e+03  -4.2 7.89e+01    -  5.62e-03 5.82e-02h  1
iter    objective    inf_pr   inf_du lg(mu)  ||d||  lg(rg) alpha_du alpha_pr  ls
  80  2.3288429e+01 1.20e+01 1.44e+03  -4.2 5.74e+01    -  8.11e-02 4.05e-02h  1
  81  2.2469923e+01 1.16e+01 1.42e+03  -4.2 6.31e+01    -  4.45e-02 2.90e-02h  1
  82  2.2051568e+01 1.15e+01 1.42e+03  -4.2 6.68e+01    -  1.12e-01 1.30e-02h  1
  83  2.1670421e+01 1.13e+01 1.41e+03  -4.3 7.23e+01    -  6.46e-02 1.09e-02h  1
  84  2.0649797e+01 1.08e+01 1.38e+03  -4.3 6.83e+01    -  4.75e-02 5.06e-02h  1
  85  2.1598672e+01 1.02e+01 1.33e+03  -4.3 5.20e+01    -  6.97e-04 5.45e-02h  1
  86  2.1419896e+01 1.01e+01 1.32e+03  -4.3 5.30e+01    -  3.32e-02 1.11e-02h  1
  87  2.0922906e+01 1.00e+01 1.32e+03  -4.3 7.50e+01    -  3.42e-03 6.40e-03h  1
  88  2.0701753e+01 9.87e+00 1.31e+03  -4.3 5.32e+01    -  3.50e-03 1.39e-02h  1
  89  2.0615491e+01 9.87e+00 1.31e+03  -4.3 6.81e+01    -  1.26e-02 7.20e-04h  1
iter    objective    inf_pr   inf_du lg(mu)  ||d||  lg(rg) alpha_du alpha_pr  ls
  90  2.0037882e+01 9.48e+00 1.26e+03  -4.3 5.22e+01    -  1.71e-03 3.92e-02h  1
  91  1.9701750e+01 9.42e+00 1.26e+03  -4.3 6.45e+01    -  1.34e-04 6.82e-03h  1
  92  1.9692069e+01 9.41e+00 1.26e+03  -4.3 4.94e+01    -  5.11e-02 6.47e-04h  1
  93  1.9687644e+01 9.33e+00 1.25e+03  -4.4 8.10e+01    -  6.23e-03 8.46e-03h  1
  94  1.9610125e+01 9.26e+00 1.25e+03  -4.4 4.67e+01    -  1.53e-01 7.19e-03h  1
  95  3.3216387e+01 9.12e+00 1.22e+03  -4.4 1.57e+02    -  1.24e-02 1.59e-02h  1
  96  3.0026847e+01 8.33e+00 1.13e+03  -4.4 4.38e+01    -  8.71e-02 8.70e-02h  1
  97  2.8801576e+01 8.24e+00 1.12e+03  -4.5 3.98e+01    -  7.76e-03 1.14e-02h  1
  98  2.8541183e+01 8.18e+00 1.11e+03  -4.5 3.08e+01    -  2.35e-02 7.31e-03h  1
  99  2.5439495e+01 7.81e+00 1.09e+03  -4.5 5.21e+01    -  4.92e-03 4.59e-02f  1
iter    objective    inf_pr   inf_du lg(mu)  ||d||  lg(rg) alpha_du alpha_pr  ls
 100  2.4495174e+01 7.58e+00 1.07e+03  -4.5 2.72e+01    -  2.72e-02 2.89e-02h  1
 101  2.1497481e+01 7.01e+00 1.02e+03  -4.5 5.56e+01    -  6.90e-03 7.56e-02f  1
 102  2.0842592e+01 6.93e+00 1.01e+03  -4.5 2.80e+01    -  9.96e-03 1.22e-02h  1
 103  2.0273062e+01 6.71e+00 9.83e+02  -4.5 2.64e+01    -  8.74e-02 3.18e-02h  1
 104  1.8902662e+01 6.47e+00 9.55e+02  -4.6 3.03e+01    -  4.62e-03 3.61e-02h  1
 105  1.8881639e+01 6.46e+00 9.54e+02  -4.6 3.05e+01    -  4.24e-02 1.25e-03h  1
 106  1.8581416e+01 6.18e+00 9.20e+02  -4.6 2.35e+01    -  2.43e-02 4.37e-02h  1
 107  1.8281793e+01 6.01e+00 8.99e+02  -4.6 2.81e+01    -  4.96e-04 2.67e-02h  1
 108  1.7179304e+01 5.90e+00 8.85e+02  -4.6 3.38e+01    -  2.27e-02 1.94e-02h  1
 109  1.6725089e+01 5.51e+00 8.36e+02  -4.6 2.65e+01    -  4.21e-03 6.58e-02h  1
iter    objective    inf_pr   inf_du lg(mu)  ||d||  lg(rg) alpha_du alpha_pr  ls
 110  1.6596510e+01 5.49e+00 8.34e+02  -4.6 4.12e+01    -  2.61e-04 3.68e-03h  1
 111  1.6417263e+01 5.31e+00 8.11e+02  -4.6 2.66e+01    -  3.01e-03 3.25e-02h  1
 112  1.6188463e+01 5.27e+00 8.06e+02  -4.6 4.08e+01    -  4.10e-02 7.75e-03h  1
 113  1.6084928e+01 5.15e+00 7.91e+02  -4.6 2.60e+01    -  4.35e-02 2.26e-02h  1
 114  1.5950244e+01 5.12e+00 7.88e+02  -4.6 4.58e+01    -  2.86e-02 5.47e-03h  1
 115  1.5724106e+01 4.90e+00 7.59e+02  -4.6 2.77e+01    -  2.71e-03 4.47e-02h  1
 116  1.6769577e+01 4.42e+00 6.95e+02  -4.7 4.56e+01    -  6.58e-04 1.14e-01h  1
 117  1.6542579e+01 4.36e+00 6.87e+02  -4.7 2.91e+01    -  2.22e-02 1.33e-02h  1
 118  1.6394139e+01 4.29e+00 6.78e+02  -4.7 2.69e+01    -  4.21e-02 1.64e-02h  1
 119  1.6096821e+01 4.26e+00 6.76e+02  -4.7 5.97e+01    -  6.51e-03 5.63e-03h  1
iter    objective    inf_pr   inf_du lg(mu)  ||d||  lg(rg) alpha_du alpha_pr  ls
 120  1.5538219e+01 3.92e+00 6.29e+02  -4.7 2.61e+01    -  1.51e-03 8.15e-02h  1
 121  1.5347717e+01 3.91e+00 6.28e+02  -4.7 4.70e+01    -  1.27e-02 2.77e-03h  1
 122  1.4957963e+01 3.58e+00 5.78e+02  -4.7 2.37e+01    -  1.99e-01 8.68e-02h  1
 123  1.7373640e+01 3.53e+00 5.69e+02  -4.8 5.80e+01    -  2.36e-02 1.55e-02h  1
 124  1.7253110e+01 3.48e+00 5.61e+02  -4.8 2.03e+01    -  3.20e-02 1.55e-02h  1
 125  1.7079900e+01 3.47e+00 5.60e+02  -4.8 8.85e+01    -  9.04e-04 1.70e-03h  1
 126  1.7076448e+01 3.47e+00 5.60e+02  -4.8 2.03e+01    -  6.80e-02 3.77e-04h  1
 127  1.6571300e+01 3.44e+00 5.56e+02  -4.8 3.66e+01    -  9.95e-03 8.51e-03h  1
 128  1.5911274e+01 3.23e+00 5.24e+02  -4.8 2.06e+01    -  2.02e-02 6.18e-02h  1
 129  1.5466085e+01 3.19e+00 5.18e+02  -4.9 2.74e+01    -  3.72e-03 1.28e-02h  1
iter    objective    inf_pr   inf_du lg(mu)  ||d||  lg(rg) alpha_du alpha_pr  ls
 130  1.5304269e+01 3.10e+00 5.05e+02  -4.9 1.85e+01    -  1.85e-02 2.74e-02h  1
 131  1.5271241e+01 3.10e+00 5.05e+02  -4.9 2.83e+01    -  8.11e-03 8.01e-04h  1
 132  1.5008522e+01 2.91e+00 4.76e+02  -4.9 1.75e+01    -  2.27e-03 6.19e-02h  1
 133  1.4951970e+01 2.90e+00 4.75e+02  -4.9 7.08e+01    -  7.58e-03 1.51e-03h  1
 134  1.4894891e+01 2.87e+00 4.69e+02  -4.9 1.55e+01    -  1.75e-03 1.29e-02h  1
 135  1.4849047e+01 2.86e+00 4.69e+02  -4.9 2.11e+01    -  8.74e-02 1.72e-03h  1
 136  1.4644159e+01 2.73e+00 4.47e+02  -4.9 1.52e+01    -  4.86e-02 4.79e-02h  1
 137  1.4804514e+01 2.64e+00 4.34e+02  -4.9 1.83e+01    -  4.10e-03 3.24e-02h  1
 138  1.4722291e+01 2.58e+00 4.25e+02  -4.9 1.42e+01    -  9.89e-03 2.25e-02h  1
 139  1.4681291e+01 2.58e+00 4.24e+02  -4.9 3.38e+01    -  4.48e-03 1.12e-03h  1
iter    objective    inf_pr   inf_du lg(mu)  ||d||  lg(rg) alpha_du alpha_pr  ls
 140  1.4623813e+01 2.54e+00 4.18e+02  -4.9 1.41e+01    -  6.67e-02 1.55e-02h  1
 141  1.4378153e+01 2.51e+00 4.14e+02  -5.0 2.54e+01    -  1.96e-03 1.06e-02h  1
 142  1.4204684e+01 2.39e+00 3.95e+02  -5.0 1.39e+01    -  1.90e-02 4.95e-02h  1
 143  1.4017549e+01 2.34e+00 3.88e+02  -5.0 2.55e+01    -  1.16e-03 1.89e-02h  1
 144  1.4013944e+01 2.34e+00 3.88e+02  -5.0 1.26e+01    -  3.29e-02 8.24e-04h  1
 145  1.3959880e+01 2.32e+00 3.85e+02  -5.0 1.81e+01    -  1.41e-02 8.75e-03h  1
 146  1.3797116e+01 2.14e+00 3.57e+02  -5.0 1.41e+01    -  4.77e-04 7.78e-02h  1
 147  1.3748127e+01 2.13e+00 3.55e+02  -5.0 3.48e+01    -  6.34e-03 5.30e-03h  1
 148  1.3591021e+01 2.10e+00 3.50e+02  -5.0 4.28e+01    -  8.34e-03 1.63e-02h  1
 149  1.3495396e+01 2.08e+00 3.47e+02  -5.0 4.37e+01    -  3.28e-03 1.13e-02h  1
iter    objective    inf_pr   inf_du lg(mu)  ||d||  lg(rg) alpha_du alpha_pr  ls
 150  1.3380155e+01 2.04e+00 3.41e+02  -5.0 4.23e+01    -  2.58e-02 1.69e-02h  1
 151  1.3297021e+01 2.02e+00 3.38e+02  -5.0 4.94e+01    -  1.03e-01 1.22e-02h  1
 152  1.3088235e+01 1.99e+00 3.29e+02  -5.1 1.14e+02    -  6.07e-03 2.39e-02h  1
 153  1.3015158e+01 1.98e+00 3.27e+02  -5.1 8.26e+01    -  3.56e-03 6.42e-03h  1
 154  1.2875003e+01 1.94e+00 3.19e+02  -5.1 6.41e+01    -  8.30e-03 2.26e-02h  1
 155  1.2612759e+01 1.86e+00 3.00e+02  -5.1 5.58e+01    -  3.47e-03 5.82e-02h  1
 156  1.2504409e+01 1.85e+00 2.98e+02  -5.1 8.87e+01    -  2.18e-02 9.56e-03h  1
 157  1.2496139e+01 1.85e+00 2.97e+02  -5.1 5.65e+01    -  6.48e-02 1.26e-03h  1
 158  1.5206545e+01 1.91e+00 2.86e+02  -5.1 1.46e+02    -  6.49e-03 3.86e-02h  1
 159  1.5076187e+01 1.88e+00 2.82e+02  -5.1 2.46e+01    -  3.14e-02 1.33e-02h  1
iter    objective    inf_pr   inf_du lg(mu)  ||d||  lg(rg) alpha_du alpha_pr  ls
 160  1.5002503e+01 1.88e+00 2.82e+02  -5.1 8.84e+01    -  5.35e-02 1.32e-03h  1
 161  1.4952223e+01 1.88e+00 2.88e+02  -5.2 7.39e+01    -  1.81e-02 8.92e-04h  1
 162  1.5018498e+01 1.87e+00 3.70e+02  -1.3 2.09e+02    -  1.16e-03 1.84e-03f  1
 163  1.4963421e+01 1.86e+00 3.89e+02  -5.2 2.15e+01    -  1.04e-01 5.82e-03h  1
 164  1.4058469e+01 1.84e+00 3.85e+02  -5.2 1.60e+02    -  1.22e-02 1.30e-02f  1
 165  1.3295825e+01 1.70e+00 3.52e+02  -5.2 3.64e+01    -  3.79e-02 8.91e-02h  1
 166  1.3427432e+01 1.70e+00 3.25e+02  -1.3 1.12e+03    -  1.30e-03 6.97e-04f  1
 167  1.3400190e+01 1.69e+00 4.31e+02  -5.2 1.18e+01    -  1.48e-01 5.89e-03h  1
 168  1.6702843e+01 1.67e+00 4.26e+02  -1.4 1.12e+02    -  6.01e-03 1.32e-02f  1
 169  1.8257450e+01 1.67e+00 4.70e+02   0.6 1.68e+03    -  1.47e-04 3.40e-04f  1
iter    objective    inf_pr   inf_du lg(mu)  ||d||  lg(rg) alpha_du alpha_pr  ls
 170  1.9598242e+01 1.66e+00 4.66e+02   0.6 1.89e+03    -  3.76e-04 3.24e-04f  1
 171  2.2246695e+01 1.67e+00 4.75e+02   0.6 1.91e+03    -  4.52e-04 7.34e-04f  1
 172  3.1390708e+01 1.69e+00 4.63e+02   0.6 2.67e+03    -  1.30e-03 1.66e-03f  1
 173  4.0404235e+01 1.69e+00 4.60e+02   0.6 1.58e+03    -  5.13e-03 3.00e-03f  1
 174  7.0443866e+01 1.84e+00 5.08e+02   0.6 9.28e+02    -  7.19e-03 1.10e-02f  1
 175  1.3729510e+02 2.02e+00 4.89e+02   0.6 4.96e+02    -  3.05e-02 2.29e-02f  1
 176  2.2815270e+02 2.07e+00 7.83e+03   0.6 1.95e+02    -  1.00e+00 6.74e-02f  1
 177  1.0148341e+03 5.41e+00 2.88e+03   0.6 4.08e+01    -  6.40e-01 6.75e-01f  1
 178  9.9436265e+02 3.50e+00 1.15e+03   0.6 2.08e+01    -  1.00e+00 9.80e-01f  1
 179  7.7139486e+02 1.23e+00 6.60e+02   0.6 1.45e+01    -  1.00e+00 1.00e+00f  1
iter    objective    inf_pr   inf_du lg(mu)  ||d||  lg(rg) alpha_du alpha_pr  ls
 180  3.2848439e+02 5.20e-01 4.13e+02   0.1 8.94e+00    -  1.00e+00 1.00e+00f  1
 181  1.4365037e+02 5.44e-01 3.10e+02  -0.3 8.69e+00    -  1.00e+00 1.00e+00f  1
 182  6.2018650e+01 3.31e-01 2.43e+02  -0.8 7.50e+00    -  1.00e+00 6.46e-01f  1
 183  4.3957122e+01 8.84e-02 5.20e+01  -1.1 3.15e+00    -  1.00e+00 1.00e+00f  1
 184  3.2738606e+01 5.35e-02 4.27e+01  -1.6 1.25e+00    -  9.98e-01 9.64e-01f  1
 185  2.6704161e+01 6.93e-02 3.40e+01  -2.0 1.62e+00    -  1.00e+00 1.00e+00f  1
 186  2.3325581e+01 9.89e-02 1.95e+02  -2.2 3.70e+00    -  1.00e+00 3.95e-01f  1
 187  2.1206355e+01 1.20e-01 1.35e+02  -2.2 3.69e+00    -  1.00e+00 4.47e-01f  1
 188  2.1575653e+01 6.29e-02 1.07e+02  -2.0 3.27e+00    -  1.00e+00 7.21e-01H  1
 189  1.9650805e+01 4.08e-02 5.95e+01  -2.3 1.51e+00    -  1.00e+00 9.00e-01f  1
iter    objective    inf_pr   inf_du lg(mu)  ||d||  lg(rg) alpha_du alpha_pr  ls
 190  1.7638472e+01 1.98e-02 8.23e+01  -2.7 8.94e-01    -  1.00e+00 7.24e-01f  1
 191  1.7168142e+01 1.48e-02 1.92e+02  -2.9 3.72e-01    -  1.00e+00 4.01e-01h  1
 192  1.5969922e+01 6.00e-02 3.74e+01  -3.0 1.40e+00    -  1.00e+00 5.03e-01f  1
 193  1.5450303e+01 7.38e-02 5.87e+01  -2.6 3.17e+00    -  1.00e+00 3.39e-01h  2
 194  1.8016585e+01 2.92e-02 2.85e+00  -2.4 2.42e+00    -  1.00e+00 1.00e+00H  1
 195  1.5930722e+01 2.64e-02 1.76e+00  -2.5 6.59e-01    -  1.00e+00 1.00e+00f  1
 196  1.5154237e+01 9.51e-03 7.24e-01  -2.6 2.82e-01    -  9.97e-01 1.00e+00h  1
 197  1.4674939e+01 3.01e-02 2.39e+01  -3.0 5.98e-01    -  9.99e-01 5.27e-01h  1
 198  1.4060200e+01 2.25e-01 3.96e+01  -3.1 4.36e+00    -  1.00e+00 3.29e-01f  1
 199  1.4097137e+01 2.16e-01 3.47e+01  -2.7 7.88e+00    -  6.49e-01 2.15e-01h  2
iter    objective    inf_pr   inf_du lg(mu)  ||d||  lg(rg) alpha_du alpha_pr  ls
 200  1.5188595e+01 1.16e-01 1.96e+01  -2.8 4.95e+00    -  9.68e-01 7.65e-01H  1
 201  1.8549020e+01 7.07e-02 2.74e+01  -2.9 1.39e+00    -  6.05e-01 9.19e-01h  1
 202  1.3468472e+01 2.19e-01 9.99e+01  -2.9 3.15e+00    -  2.20e-01 1.00e+00f  1
 203  1.3584662e+01 2.59e-02 5.11e-01  -3.2 4.51e-01    -  1.00e+00 1.00e+00h  1
 204  1.3383350e+01 2.17e-02 3.58e-01  -2.9 3.52e-01    -  1.00e+00 1.00e+00f  1
 205  1.2965058e+01 3.06e-02 3.57e-01  -3.4 4.60e-01    -  9.99e-01 1.00e+00h  1
 206  1.2600010e+01 1.19e-01 1.66e+01  -3.4 3.64e+00    -  1.00e+00 3.12e-01h  1
 207  1.2691444e+01 1.46e-01 2.89e+01  -3.0 3.26e+00    -  1.00e+00 5.57e-01h  1
 208  1.2554812e+01 1.33e-01 4.22e+01  -3.1 6.18e+00    -  5.20e-01 1.07e-01h  1
 209  1.3065279e+01 7.96e-02 4.65e+01  -2.7 3.24e+00    -  3.83e-01 2.85e-01f  2
iter    objective    inf_pr   inf_du lg(mu)  ||d||  lg(rg) alpha_du alpha_pr  ls
 210  1.3092258e+01 3.63e-02 1.07e+00  -3.0 5.36e-01    -  1.00e+00 1.00e+00h  1
 211  1.2509696e+01 2.42e-02 7.85e+00  -3.0 4.24e-01    -  8.86e-01 1.00e+00f  1
 212  1.3065571e+01 3.43e-02 6.90e-01  -2.7 5.19e-01    -  9.75e-01 1.00e+00h  1
 213  1.2894993e+01 1.49e-02 1.13e+01  -2.8 5.11e-01    -  1.00e+00 5.71e-01h  1
 214  1.2787468e+01 1.24e-02 2.33e+01  -2.8 2.27e+00    -  1.00e+00 1.99e-01h  3
 215  1.3478740e+01 1.59e-02 3.11e+00  -2.8 2.20e+00    -  1.00e+00 8.72e-01H  1
 216  1.3207375e+01 1.50e-02 9.31e-01  -2.8 6.67e-01    -  1.00e+00 1.00e+00f  1
 217  1.2520161e+01 9.59e-03 2.46e+00  -2.8 8.17e-01    -  1.00e+00 9.64e-01f  1
 218  1.2035959e+01 4.31e-02 8.84e-01  -3.2 5.11e-01    -  1.00e+00 1.00e+00h  1
 219  1.1726963e+01 3.21e-02 1.25e+01  -3.2 1.20e+00    -  1.00e+00 6.35e-01h  1
iter    objective    inf_pr   inf_du lg(mu)  ||d||  lg(rg) alpha_du alpha_pr  ls
 220  1.2664671e+01 9.60e-02 1.16e+01  -2.6 2.91e+00    -  4.08e-01 2.67e-01f  2
 221  1.2712197e+01 4.30e-02 3.22e+00  -2.9 6.36e-01    -  9.08e-01 1.00e+00h  1
 222  1.1870104e+01 3.19e-02 8.37e+00  -2.9 5.01e-01    -  5.79e-01 1.00e+00f  1
 223  1.1504025e+01 3.06e-02 2.16e+00  -3.3 6.73e-01    -  1.00e+00 9.14e-01h  1
 224  1.1293472e+01 4.80e-02 1.36e+01  -3.4 2.17e+00    -  7.60e-01 3.94e-01h  1
 225  1.1337642e+01 1.05e-01 6.59e+00  -3.1 6.76e+00    -  4.44e-01 2.33e-01h  2
 226  1.1259835e+01 1.21e-01 1.29e+01  -3.3 1.39e+01    -  2.60e-01 6.80e-02h  2
 227  1.1172813e+01 1.22e-01 2.45e+01  -3.2 6.75e+00    -  4.33e-01 1.54e-01h  1
 228  1.2436004e+01 8.88e-02 1.38e+01  -3.3 3.16e+00    -  3.74e-01 3.91e-01h  1
 229  1.1361992e+01 5.78e-02 1.86e+01  -3.4 1.10e+00    -  5.18e-01 3.82e-01h  1
iter    objective    inf_pr   inf_du lg(mu)  ||d||  lg(rg) alpha_du alpha_pr  ls
 230  1.0709665e+01 2.53e-02 5.99e+00  -3.4 8.22e-01    -  4.44e-01 6.16e-01f  1
 231  1.0547007e+01 7.62e-03 3.31e-01  -3.6 2.82e-01    -  1.00e+00 9.85e-01h  1
 232  1.0384684e+01 1.07e-02 6.98e+00  -4.0 6.68e-01    -  1.00e+00 6.09e-01h  1
 233  1.0380880e+01 1.27e-01 3.47e+00  -3.4 3.36e+00    -  8.76e-01 5.00e-01h  1
 234  1.0562196e+01 1.24e-01 7.53e+00  -3.1 1.46e+01    -  2.31e-01 1.12e-01h  1
 235  1.0490377e+01 1.11e-01 1.50e+01  -3.4 5.61e+00    -  4.14e-01 1.47e-01h  2
 236  1.1057920e+01 5.75e-02 1.99e+01  -3.4 2.38e+00    -  1.97e-01 5.70e-01h  1
 237  1.0504877e+01 3.22e-02 3.80e+01  -3.4 6.43e-01    -  1.14e-01 4.71e-01f  1
 238  1.0119813e+01 1.10e-02 6.73e+00  -3.4 4.29e-01    -  1.00e+00 9.14e-01f  1
 239  9.9755990e+00 7.80e-03 5.33e-01  -4.0 2.00e-01    -  1.00e+00 9.63e-01h  1
iter    objective    inf_pr   inf_du lg(mu)  ||d||  lg(rg) alpha_du alpha_pr  ls
 240  9.8893009e+00 4.77e-03 3.03e+00  -3.7 5.25e-01    -  1.00e+00 5.69e-01h  1
 241  9.8933817e+00 1.23e-02 5.51e+00  -3.5 3.92e+00    -  5.31e-01 2.23e-01h  2
 242  9.8779988e+00 1.34e-02 1.16e+01  -3.7 3.49e+00    -  7.24e-01 1.23e-01h  2
 243  9.7751631e+00 4.38e-02 4.79e+00  -4.0 1.39e+00    -  1.00e+00 6.35e-01h  1
 244  9.6958925e+00 4.63e-02 1.42e+01  -3.7 2.78e+00    -  6.62e-01 1.68e-01h  2
 245  1.0075674e+01 2.24e-02 3.28e+00  -3.4 1.16e+00    -  4.45e-01 5.23e-01H  1
 246  9.7052095e+00 9.63e-03 2.08e-01  -3.7 3.74e-01    -  1.00e+00 1.00e+00h  1
 247  9.5713475e+00 5.43e-03 9.54e+00  -4.1 6.54e-01    -  1.00e+00 4.97e-01h  1
 248  1.0124463e+01 1.75e-03 1.10e+01  -3.5 1.01e+00    -  4.68e-01 1.00e+00H  1
 249  9.6738329e+00 1.11e-02 4.98e+00  -4.1 6.05e-01    -  1.00e+00 5.22e-01f  1
iter    objective    inf_pr   inf_du lg(mu)  ||d||  lg(rg) alpha_du alpha_pr  ls
 250  9.4821116e+00 9.96e-03 5.52e+00  -4.1 7.99e-01    -  4.19e-01 3.63e-01h  1
 251  9.4026463e+00 4.21e-03 8.44e+00  -4.1 2.14e-01    -  1.00e+00 7.10e-01h  1
 252  9.3498130e+00 5.24e-03 1.71e+00  -4.4 4.33e-01    -  1.00e+00 7.71e-01h  1
 253  9.4745349e+00 3.22e-03 5.35e-01  -4.0 1.07e+00    -  9.97e-01 1.00e+00H  1
 254  9.4100038e+00 8.60e-03 1.72e+01  -4.0 2.19e+00    -  9.54e-01 3.48e-01f  1
 255  9.3624816e+00 1.14e-02 6.10e+01  -4.1 2.99e+00    -  4.10e-01 2.03e-01h  1
 256  9.3580955e+00 5.28e-03 4.36e+01  -4.1 5.99e-01    -  2.68e-01 5.06e-01h  1
 257  9.2112509e+00 2.89e-03 7.25e+00  -4.1 2.63e-01    -  9.00e-01 8.61e-01f  1
 258  9.1843834e+00 2.14e-03 1.39e+02  -4.7 5.33e-01    -  9.74e-01 2.66e-01h  1
 259  9.2059378e+00 5.20e-03 2.16e+01  -3.9 1.73e+00    -  7.28e-01 3.67e-01h  1
iter    objective    inf_pr   inf_du lg(mu)  ||d||  lg(rg) alpha_du alpha_pr  ls
 260  9.1781271e+00 7.62e-03 6.25e+00  -4.1 7.73e+00    -  1.30e-01 6.51e-02h  1
 261  9.7299970e+00 9.10e-02 1.26e+01  -3.2 1.21e+01    -  1.65e-01 1.91e-01f  1
 262  9.5868603e+00 7.68e-02 1.23e+01  -3.8 8.33e+00    -  3.59e-01 1.50e-01h  1
 263  9.6197895e+00 6.36e-02 1.18e+01  -3.8 8.97e+00    -  1.59e-01 1.23e-01h  1
 264  9.2988604e+00 4.83e-02 1.53e+01  -3.8 7.84e-01    -  2.86e-01 2.66e-01h  1
 265  9.0906940e+00 2.08e-02 1.00e+01  -3.8 5.90e-01    -  5.85e-01 6.13e-01h  1
 266  9.2550709e+00 1.17e-02 1.18e+01  -3.5 5.24e-01    -  1.00e+00 7.44e-01h  1
 267  9.1579386e+00 1.99e-03 1.18e+01  -3.6 2.27e-01    -  3.83e-01 1.00e+00h  1
 268  9.0697363e+00 1.88e-03 4.48e+00  -4.1 5.90e-01    -  1.00e+00 4.35e-01h  1
 269  9.0410681e+00 2.35e-03 5.76e+00  -3.8 8.02e-01    -  1.00e+00 3.28e-01h  2
iter    objective    inf_pr   inf_du lg(mu)  ||d||  lg(rg) alpha_du alpha_pr  ls
 270  8.9429883e+00 7.11e-03 2.02e-01  -4.1 5.94e-01    -  1.00e+00 9.65e-01h  1
 271  9.2895024e+00 8.42e-03 3.81e-01  -3.6 9.05e-01    -  6.98e-01 7.02e-01H  1
 272  9.0564715e+00 3.34e-03 1.91e-01  -3.8 3.04e-01    -  1.00e+00 1.00e+00h  1
 273  8.9663883e+00 1.48e-03 8.14e-02  -3.8 2.06e-01    -  1.00e+00 1.00e+00h  1
 274  8.9070789e+00 1.60e-03 7.24e+00  -4.2 4.65e-01    -  9.99e-01 5.29e-01h  1
 275  8.9057777e+00 2.35e-03 3.48e+00  -3.7 6.12e+00    -  5.58e-01 5.85e-02h  2
 276  8.8892323e+00 4.62e-03 9.34e+00  -3.9 3.82e+00    -  1.00e+00 2.04e-01h  3
 277  9.4384803e+00 5.74e-02 8.61e+00  -3.0 2.13e+01    -  1.24e-01 1.17e-01f  2
 278  9.6017695e+00 8.69e-02 8.47e+00  -3.7 6.61e+00    -  6.35e-01 4.37e-01h  1
 279  9.3665436e+00 8.38e-02 8.88e+00  -3.7 8.41e+00    -  2.14e-01 1.13e-01f  2
iter    objective    inf_pr   inf_du lg(mu)  ||d||  lg(rg) alpha_du alpha_pr  ls
 280  9.0671600e+00 6.83e-02 3.71e+01  -3.7 4.42e+00    -  7.52e-02 3.44e-01h  1
 281  9.1355851e+00 6.67e-02 4.41e+01  -3.7 7.17e+00    -  4.50e-01 2.06e-01h  1
 282  9.0470928e+00 3.57e-02 1.44e+01  -3.7 9.12e-01    -  2.40e-01 5.06e-01h  1
 283  8.7055951e+00 8.59e-03 7.61e+00  -3.7 6.44e-01    -  8.74e-01 7.93e-01f  1
 284  9.3354538e+00 3.30e-02 5.88e+00  -3.2 5.75e-01    -  7.30e-01 9.99e-01f  1
 285  9.0888567e+00 1.32e-02 4.31e+00  -3.3 9.39e-01    -  1.00e+00 6.16e-01h  1
 286  9.9327961e+00 6.84e-03 7.23e+00  -3.3 2.09e+00    -  5.55e-01 7.29e-01H  1
 287  9.0723898e+00 7.28e-03 4.96e+00  -3.3 5.74e-01    -  6.71e-01 1.00e+00f  1
 288  8.9558755e+00 3.37e-03 4.98e+00  -3.3 2.84e-01    -  7.03e-01 5.72e-01h  1
 289  8.9527776e+00 8.20e-04 3.80e-02  -3.3 8.68e-02    -  1.00e+00 1.00e+00f  1
iter    objective    inf_pr   inf_du lg(mu)  ||d||  lg(rg) alpha_du alpha_pr  ls
 290  8.7659363e+00 3.48e-03 1.65e+00  -3.8 1.86e-01    -  9.93e-01 8.87e-01h  1
 291  8.8435631e+00 3.06e-03 9.33e-02  -3.5 4.22e-01    -  1.00e+00 1.00e+00h  1
 292  8.6374510e+00 3.94e-03 8.16e-02  -3.8 2.38e-01    -  1.00e+00 1.00e+00h  1
 293  8.5083467e+00 2.88e-03 5.41e-01  -4.1 1.20e-01    -  1.00e+00 9.00e-01h  1
 294  8.4652979e+00 1.74e-03 5.34e+00  -4.4 2.75e-01    -  1.00e+00 6.05e-01h  1
 295  8.4365153e+00 3.80e-03 3.23e+00  -4.4 1.09e+00    -  1.00e+00 3.56e-01h  1
 296  8.4282144e+00 7.34e-03 2.48e+00  -4.1 1.63e+00    -  8.60e-01 3.42e-01h  1
 297  8.4192117e+00 6.63e-03 7.95e+00  -4.2 3.76e+00    -  4.43e-01 1.17e-01h  2
 298  8.4846596e+00 2.88e-02 5.16e+00  -3.8 2.18e+00    -  3.85e-01 3.75e-01h  1
 299  8.7550742e+00 3.15e-02 6.51e+00  -4.1 2.23e+00    -  3.07e-01 5.09e-01h  1
iter    objective    inf_pr   inf_du lg(mu)  ||d||  lg(rg) alpha_du alpha_pr  ls
 300  8.4788915e+00 1.47e-02 3.94e+00  -4.1 6.57e-01    -  5.91e-01 6.14e-01f  1
 301  8.3684628e+00 9.94e-03 2.26e+00  -4.1 3.53e-01    -  4.56e-01 3.90e-01h  1
 302  8.3619450e+00 2.35e-03 9.42e+00  -4.1 2.89e-01    -  1.00e+00 7.46e-01h  1
 303  8.3581299e+00 5.14e-04 1.73e-01  -4.3 4.31e-01    -  9.77e-01 1.00e+00H  1
 304  8.3174148e+00 8.40e-03 1.20e+00  -4.5 5.42e-01    -  1.00e+00 6.59e-01h  1
 305  8.3448201e+00 3.38e-03 1.21e+00  -4.1 2.30e-01    -  5.28e-01 7.02e-01h  1
 306  8.2883437e+00 1.19e-03 2.73e-02  -4.3 1.09e-01    -  1.00e+00 1.00e+00h  1
 307  8.2584134e+00 1.27e-03 2.27e+00  -4.8 2.81e-01    -  1.00e+00 7.17e-01h  1
 308  8.2391270e+00 4.68e-03 1.14e+00  -4.5 1.55e+00    -  1.00e+00 3.61e-01h  1
 309  8.3207973e+00 3.27e-02 1.12e+00  -3.5 7.90e+00    -  1.07e-01 1.39e-01f  1
iter    objective    inf_pr   inf_du lg(mu)  ||d||  lg(rg) alpha_du alpha_pr  ls
 310  8.2997737e+00 3.99e-02 9.00e-01  -4.3 9.03e+00    -  1.63e-01 1.23e-01h  2
 311  8.3033546e+00 4.07e-02 8.50e-01  -4.3 1.41e+01    -  6.34e-02 6.35e-02h  2
 312  8.2596130e+00 2.69e-02 8.71e-01  -4.3 4.69e+00    -  1.54e-01 1.82e-01h  1
 313  8.1809694e+00 2.01e-02 8.27e-01  -4.3 1.91e+01    -  6.87e-02 6.39e-02h  1
 314  8.1675206e+00 2.09e-02 1.07e+01  -3.5 1.96e+01    -  1.39e-01 2.64e-02f  1
 315  8.1686183e+00 1.70e-02 2.03e+00  -4.4 1.23e+00    -  3.26e-01 4.03e-01h  1
 316  8.1689117e+00 2.31e-02 6.69e+00  -3.9 2.19e-01    -  6.99e-01 9.84e-01h  1
 317  8.1038188e+00 1.17e-02 8.17e+00  -4.4 2.63e-01    -  9.03e-01 5.13e-01h  1
 318  8.1183100e+00 1.07e-02 3.54e+00  -4.0 7.06e-01    -  5.03e-01 9.28e-01h  1
 319  8.0793308e+00 1.31e-02 3.53e+00  -4.1 4.59e+00    -  7.46e-01 2.99e-01h  2
iter    objective    inf_pr   inf_du lg(mu)  ||d||  lg(rg) alpha_du alpha_pr  ls
 320  8.0849123e+00 2.34e-02 3.47e+00  -3.4 4.71e+01    -  1.61e-01 3.55e-02f  1
 321  8.0537721e+00 2.84e-02 7.66e+00  -4.0 2.61e+01    -  1.10e-01 3.92e-02h  2
 322  8.0655317e+00 3.14e-02 2.55e+01  -3.6 1.32e+01    -  3.12e-01 6.31e-02h  2
 323  8.1321861e+00 3.77e-02 1.36e+01  -3.9 4.20e+00    -  1.70e-01 2.81e-01h  1
 324  8.0719434e+00 3.78e-02 9.76e+00  -3.9 1.28e+01    -  2.05e-01 4.77e-02h  1
 325  8.0322393e+00 5.02e-02 9.19e+00  -3.9 3.49e+01    -  5.46e-02 5.12e-02f  2
 326  8.2639442e+00 5.80e-02 1.22e+01  -3.1 2.09e+01    -  1.64e-01 9.07e-02f  2
 327  8.1532479e+00 5.66e-02 1.38e+01  -3.7 1.22e+01    -  1.43e-01 1.12e-01h  1
 328  8.0735208e+00 5.54e-02 4.10e+01  -3.7 2.33e+01    -  1.69e-01 4.66e-02h  2
 329  8.1111041e+00 4.82e-02 1.30e+01  -3.7 1.01e+01    -  9.50e-02 1.61e-01h  1
iter    objective    inf_pr   inf_du lg(mu)  ||d||  lg(rg) alpha_du alpha_pr  ls
 330  7.9908287e+00 4.50e-02 9.62e+00  -3.7 8.30e+00    -  9.60e-02 1.03e-01h  1
 331  8.0164929e+00 4.07e-02 4.48e+01  -3.3 8.50e+00    -  2.83e-01 1.28e-01f  1
 332  8.2332975e+00 2.58e-02 1.64e+01  -3.8 2.67e+00    -  2.34e-01 4.98e-01h  1
 333  7.9549226e+00 2.80e-02 1.16e+01  -3.7 5.69e+00    -  3.24e-01 2.87e-01h  1
 334  7.8251999e+00 3.21e-02 1.09e+01  -9.6 1.71e+01    -  5.09e-02 6.80e-02f  1
 335  7.8208829e+00 3.21e-02 1.09e+01  -5.0 3.45e+00    -  6.02e-02 2.42e-03h  1
 336  7.7437585e+00 3.38e-02 8.17e+00  -3.9 5.62e+00    -  1.40e-01 3.08e-01f  1
 337  7.9623126e+00 2.95e-02 2.30e+01  -3.2 5.40e+00    -  3.88e-01 1.54e-01f  3
 338  7.8900839e+00 1.33e-02 3.53e+01  -3.5 6.34e-01    -  1.00e+00 5.55e-01h  1
 339  7.6845586e+00 8.79e-03 3.02e+01  -9.5 3.27e-01    -  3.17e-01 3.50e-01h  1
iter    objective    inf_pr   inf_du lg(mu)  ||d||  lg(rg) alpha_du alpha_pr  ls
 340  7.5358162e+00 2.97e-03 9.68e+00  -4.3 2.72e-01    -  6.82e-01 6.75e-01h  1
 341  7.4923018e+00 1.60e-03 7.12e+00  -4.1 3.10e-01    -  1.00e+00 5.69e-01h  1
 342  7.4652193e+00 2.60e-03 1.14e+00  -4.2 7.70e-01    -  1.00e+00 8.35e-01H  1
 343  7.4429287e+00 4.32e-03 1.27e+00  -4.3 3.41e+00    -  4.54e-01 2.20e-01h  2
 344  7.4490293e+00 2.97e-02 1.80e+00  -4.0 7.64e+00    -  3.90e-01 1.91e-01h  2
 345  7.4243872e+00 2.86e-02 6.57e+00  -4.2 1.73e+01    -  2.42e-01 4.82e-02h  2
 346  7.4357488e+00 2.61e-02 5.06e+00  -3.9 9.66e+00    -  1.99e-01 9.68e-02h  2
 347  7.4478815e+00 2.20e-02 4.59e+00  -4.2 4.85e+00    -  2.06e-01 1.65e-01h  2
 348  7.4033418e+00 2.03e-02 7.86e+00  -4.2 1.03e+01    -  2.52e-01 8.21e-02h  2
 349  7.5059563e+00 4.23e-02 9.61e+00  -3.5 1.69e+01    -  2.51e-01 1.55e-01f  1
iter    objective    inf_pr   inf_du lg(mu)  ||d||  lg(rg) alpha_du alpha_pr  ls
 350  7.4606626e+00 4.10e-02 1.18e+01  -4.0 1.26e+01    -  7.08e-02 3.81e-02h  1
 351  7.3872456e+00 3.74e-02 3.43e+01  -4.0 7.37e+00    -  2.68e-01 9.36e-02h  1
 352  7.5062638e+00 4.78e-02 4.56e+01  -3.3 1.19e+01    -  1.93e-01 1.04e-01f  2
 353  7.4432377e+00 3.87e-02 3.21e+01  -3.8 5.85e+00    -  2.19e-01 2.36e-01h  1
 354  7.3998881e+00 3.08e-02 6.02e+01  -3.8 1.18e+01    -  2.84e-01 1.14e-01h  2
 355  7.6625871e+00 2.74e-02 3.50e+01  -9.7 5.81e+00    -  1.63e-01 2.59e-01h  1
 356  7.7746483e+00 1.19e-02 1.74e+01  -3.9 1.73e+00    -  4.18e-01 9.61e-01h  1
 357  7.4682097e+00 8.59e-03 1.24e+01  -3.9 1.31e+00    -  2.38e-01 2.72e-01f  1
 358  7.1807648e+00 7.42e-03 5.97e+00  -3.9 1.45e+00    -  5.04e-01 6.16e-01f  1
 359  7.1684213e+00 6.73e-03 4.27e+00  -3.6 1.07e+00    -  5.86e-01 1.24e-01f  3
iter    objective    inf_pr   inf_du lg(mu)  ||d||  lg(rg) alpha_du alpha_pr  ls
 360  7.1361174e+00 1.53e-03 1.57e+00  -4.1 8.39e-02    -  1.00e+00 8.10e-01h  1
 361  7.0808699e+00 3.00e-03 1.04e+00  -4.4 3.38e-01    -  1.00e+00 7.49e-01h  1
 362  7.1725050e+00 1.11e-02 9.97e-02  -3.9 5.92e-01    -  9.19e-01 9.12e-01h  1
 363  7.1791704e+00 7.65e-03 3.85e-01  -4.0 1.67e+00    -  5.31e-01 4.50e-01h  1
 364  7.1509626e+00 6.16e-03 1.88e+01  -4.0 1.35e+00    -  9.77e-01 1.83e-01f  2
 365  7.0902624e+00 4.43e-03 1.11e+01  -4.0 4.95e-01    -  6.30e-01 5.46e-01h  1
 366  7.1314571e+00 1.35e-03 3.03e-01  -4.0 3.58e-01    -  1.00e+00 9.82e-01h  1
 367  7.0150173e+00 3.53e-03 4.77e-01  -4.4 5.18e-01    -  1.00e+00 7.43e-01h  1
 368  7.1435395e+00 2.01e-03 3.24e+00  -4.1 1.07e+00    -  7.09e-01 5.78e-01H  1
 369  7.0265125e+00 9.84e-04 3.51e-02  -4.3 2.47e-01    -  1.00e+00 1.00e+00h  1
iter    objective    inf_pr   inf_du lg(mu)  ||d||  lg(rg) alpha_du alpha_pr  ls
 370  7.0327403e+00 1.97e-03 1.94e+00  -4.0 1.64e-01    -  7.87e-01 1.00e+00h  1
 371  6.9890450e+00 1.11e-03 3.05e-02  -4.4 1.10e-01    -  1.00e+00 9.93e-01h  1
 372  6.9701804e+00 2.35e-05 2.44e-02  -4.5 1.87e-01    -  1.00e+00 1.00e+00H  1
 373  6.9502220e+00 7.98e-04 1.49e+00  -5.0 2.54e-01    -  1.00e+00 5.62e-01h  1
 374  6.9468875e+00 5.34e-04 5.62e+00  -4.6 3.76e-01    -  9.27e-01 3.06e-01h  1
 375  6.9345548e+00 6.59e-04 6.70e+00  -5.1 9.86e-02    -  1.00e+00 7.75e-01h  1
 376  6.9278363e+00 4.55e-04 4.56e+00  -5.2 1.78e-01    -  1.00e+00 4.92e-01h  1
 377  6.9226531e+00 6.62e-04 4.86e+00  -5.3 2.61e-01    -  1.00e+00 6.55e-01h  1
 378  6.9155759e+00 3.00e-03 6.98e+00  -5.3 8.99e-01    -  8.33e-01 2.68e-01h  1
 379  6.9087616e+00 2.85e-03 7.16e+00  -5.7 3.75e+00    -  1.49e-01 5.05e-02h  1
iter    objective    inf_pr   inf_du lg(mu)  ||d||  lg(rg) alpha_du alpha_pr  ls
 380  6.9023943e+00 2.49e-03 7.54e+00  -4.4 7.82e+00    -  1.02e-01 4.90e-02h  1
 381  6.9023700e+00 3.37e-03 1.26e+01  -4.7 5.77e+00    -  2.29e-01 9.52e-02h  1
 382  6.8974741e+00 2.82e-03 1.72e+01  -4.7 4.22e+00    -  2.03e-01 8.91e-02h  2
 383  6.8867801e+00 3.67e-03 1.97e+01  -4.7 1.20e+01    -  1.46e-01 4.70e-02h  1
 384  6.9014216e+00 2.96e-02 1.90e+01  -4.0 2.04e+01    -  1.02e-01 7.62e-02f  1
 385  6.8880679e+00 2.85e-02 2.03e+01  -4.7 1.80e+01    -  9.34e-02 3.70e-02h  1
 386  6.8724798e+00 2.69e-02 1.88e+01  -4.7 1.95e+01    -  4.25e-02 5.56e-02h  1
 387  6.8564369e+00 2.54e-02 1.83e+01  -6.8 2.51e+01    -  1.09e-01 6.18e-02h  1
 388  6.8380393e+00 2.97e-02 1.84e+01  -4.3 2.82e+01    -  1.13e-01 5.28e-02h  1
 389  6.8276859e+00 3.27e-02 1.82e+01  -4.3 2.78e+01    -  1.20e-01 3.75e-02h  2
iter    objective    inf_pr   inf_du lg(mu)  ||d||  lg(rg) alpha_du alpha_pr  ls
 390  6.8234827e+00 3.83e-02 1.58e+01  -4.2 1.54e+01    -  1.09e-01 8.36e-02h  2
 391  7.0105060e+00 4.05e-02 1.44e+01  -3.7 8.20e+00    -  1.31e-01 1.49e-01h  1
 392  6.9242788e+00 3.27e-02 8.87e+00  -4.4 3.61e+00    -  5.66e-01 4.14e-01h  1
 393  6.8397711e+00 3.02e-02 2.18e+01  -4.4 2.53e+00    -  1.57e-01 8.35e-02h  2
 394  6.9566195e+00 2.09e-02 3.84e+01  -3.4 2.01e+00    -  2.00e-01 4.54e-01f  1
 395  6.9728130e+00 1.83e-02 3.67e+01  -4.0 2.72e+00    -  2.09e-02 1.17e-01h  1
 396  6.8622665e+00 4.75e-03 9.20e+00  -4.0 2.10e-01    -  1.00e+00 7.53e-01h  1
 397  6.9426931e+00 4.96e-03 4.89e-02  -3.7 3.02e-01    -  1.00e+00 1.00e+00f  1
 398  6.9649350e+00 3.31e-03 7.68e-02  -3.8 5.24e-01    -  1.00e+00 1.00e+00h  1
 399  6.8938697e+00 7.77e-04 3.40e-02  -3.8 1.95e-01    -  1.00e+00 1.00e+00h  1
iter    objective    inf_pr   inf_du lg(mu)  ||d||  lg(rg) alpha_du alpha_pr  ls
 400  6.7890542e+00 5.68e-03 1.46e-01  -4.2 4.45e-01    -  1.00e+00 9.71e-01h  1
 401  6.7991388e+00 3.69e-03 1.10e-01  -4.2 3.25e-01    -  9.99e-01 9.71e-01h  1
 402  6.8029087e+00 3.31e-03 1.50e-02  -4.0 3.00e-01    -  1.00e+00 1.00e+00h  1
 403  6.8108430e+00 3.97e-04 2.28e-01  -4.1 1.61e-01    -  1.00e+00 9.22e-01h  1
 404  6.8476684e+00 2.21e-03 4.03e-02  -3.8 2.79e-01    -  1.00e+00 1.00e+00f  1
 405  6.8384640e+00 7.18e-04 1.19e+00  -3.9 1.93e-01    -  1.00e+00 8.17e-01h  1
 406  6.8168597e+00 1.73e-04 4.34e+01  -3.9 1.04e-01    -  3.21e-01 1.00e+00h  1
 407  6.7638367e+00 9.56e-04 4.79e+00  -4.3 2.17e-01    -  1.00e+00 9.09e-01h  1
 408  6.7399818e+00 8.15e-04 4.35e-01  -4.4 4.34e-01    -  9.64e-01 8.26e-01H  1
 409  6.7533716e+00 4.52e-04 8.94e-02  -4.5 1.76e-01    -  1.00e+00 1.00e+00h  1
iter    objective    inf_pr   inf_du lg(mu)  ||d||  lg(rg) alpha_du alpha_pr  ls
 410  6.6931571e+00 2.01e-04 1.57e+00  -4.9 1.33e-01    -  1.00e+00 6.96e-01h  1
 411  6.6815428e+00 1.13e-04 1.75e+00  -5.3 1.10e-01    -  1.00e+00 5.18e-01h  1
 412  6.6886402e+00 7.97e-04 2.45e-01  -4.7 6.07e-02    -  8.71e-01 1.00e+00h  1
 413  6.6782664e+00 2.49e-03 1.13e+00  -4.8 1.02e-01    -  1.00e+00 7.46e-01h  1
 414  6.6704257e+00 1.42e-03 1.33e+00  -5.1 1.48e-01    -  1.00e+00 4.50e-01h  1
 415  6.6678829e+00 4.68e-04 6.63e-01  -5.1 1.12e-01    -  1.00e+00 7.46e-01h  1
 416  6.6602876e+00 3.93e-04 1.34e-01  -5.2 1.10e-01    -  1.00e+00 8.79e-01h  1
 417  6.6631752e+00 6.51e-04 3.32e-01  -4.8 2.79e-01    -  5.22e-01 3.77e-01h  1
 418  6.6618525e+00 2.98e-04 2.09e+00  -5.0 1.57e-01    -  1.00e+00 8.08e-01h  1
 419  6.6557744e+00 2.42e-04 1.01e+00  -5.0 1.96e-01    -  1.00e+00 3.54e-01f  1
iter    objective    inf_pr   inf_du lg(mu)  ||d||  lg(rg) alpha_du alpha_pr  ls
 420  6.6520068e+00 7.06e-04 1.45e+00  -5.3 2.34e-01    -  1.00e+00 6.96e-01h  1
 421  6.6467075e+00 4.95e-04 1.36e+01  -5.5 1.78e-01    -  1.00e+00 2.99e-01h  1
 422  6.6526911e+00 1.28e-03 2.68e+00  -5.0 3.20e-01    -  7.32e-01 7.52e-01H  1
 423  6.6889721e+00 8.35e-05 1.41e+00  -5.1 2.75e-01    -  1.00e+00 9.56e-01H  1
 424  6.6523582e+00 6.89e-04 6.47e+00  -4.7 1.49e-01    -  7.72e-01 9.82e-01f  1
 425  6.6415633e+00 2.68e-04 3.69e+00  -4.9 1.03e-01    -  1.00e+00 7.02e-01h  1
 426  6.6486524e+00 7.44e-04 1.98e-02  -4.6 1.50e-01    -  1.00e+00 1.00e+00f  1
 427  6.6467746e+00 1.03e-03 2.16e+00  -4.7 5.99e-01    -  8.19e-01 6.04e-01h  1
 428  6.6431315e+00 4.57e-03 3.33e+00  -4.7 4.54e+00    -  2.71e-01 1.09e-01h  2
 429  6.6391695e+00 1.03e-02 3.14e+00  -4.7 7.75e+00    -  5.71e-02 5.71e-02h  1
iter    objective    inf_pr   inf_du lg(mu)  ||d||  lg(rg) alpha_du alpha_pr  ls
 430  6.6383924e+00 8.90e-03 2.92e+00  -6.8 3.89e+00    -  9.85e-02 9.34e-02h  2
 431  6.6403708e+00 7.27e-03 3.25e+00  -4.3 5.46e+00    -  3.57e-01 1.12e-01h  2
 432  6.6447966e+00 6.39e-03 3.46e+00  -4.6 2.69e+00    -  1.61e-01 1.23e-01h  2
 433  6.6307009e+00 5.90e-03 4.16e+00  -4.6 4.78e+00    -  2.42e-01 6.85e-02h  1
 434  6.6204579e+00 5.77e-03 4.96e+00  -4.3 1.88e+01    -  5.44e-02 1.58e-02h  4
 435  6.6138994e+00 6.73e-03 4.44e+00  -4.6 3.85e+00    -  1.72e-01 1.59e-01h  2
 436  6.7695790e+00 6.84e-02 3.52e+00  -3.8 9.19e+00    -  1.52e-01 2.35e-01f  1
 437  6.8333708e+00 5.60e-02 3.41e+00  -4.4 7.71e+00    -  2.74e-01 2.36e-01h  1
 438  6.7650372e+00 5.08e-02 2.55e+00  -4.4 1.50e+01    -  1.77e-01 1.08e-01H  1
 439  6.7099947e+00 4.98e-02 2.16e+00  -4.4 4.12e+01    -  2.27e-02 1.77e-02h  1
iter    objective    inf_pr   inf_du lg(mu)  ||d||  lg(rg) alpha_du alpha_pr  ls
 440  6.6853602e+00 4.53e-02 3.53e+00  -4.4 1.95e+01    -  1.72e-02 5.82e-02h  1
 441  6.6673177e+00 3.91e-02 1.53e+00  -4.4 2.53e+00    -  1.87e-01 1.55e-01h  1
 442  6.5848683e+00 2.37e-02 1.68e+01  -4.4 1.25e+00    -  3.21e-01 5.56e-01h  1
 443  7.6321632e+00 1.71e-02 1.19e+01  -4.0 9.25e-01    -  3.18e-01 5.49e-01H  1
 444  6.5611908e+00 1.25e-02 8.70e+00  -4.3 4.48e-01    -  2.48e-01 9.40e-01f  1
 445  6.5547789e+00 3.62e-04 1.01e-02  -4.4 8.57e-02    -  1.00e+00 1.00e+00h  1
 446  6.5314803e+00 2.99e-03 1.80e+00  -4.8 1.37e-01    -  1.00e+00 8.23e-01h  1
 447  6.5174168e+00 2.54e-03 3.43e+00  -4.9 2.69e-01    -  1.00e+00 3.35e-01h  1
 448  6.5135725e+00 1.74e-03 6.68e+00  -4.6 4.80e-01    -  1.00e+00 3.45e-01h  2
 449  6.5178644e+00 1.03e-03 2.64e+00  -4.6 3.62e-01    -  9.30e-01 7.18e-01H  1
iter    objective    inf_pr   inf_du lg(mu)  ||d||  lg(rg) alpha_du alpha_pr  ls
 450  6.5101166e+00 8.85e-04 9.19e+00  -4.9 3.90e-01    -  1.00e+00 1.66e-01h  1
 451  6.4934915e+00 1.69e-03 5.82e+00  -5.4 4.54e-01    -  6.21e-01 5.21e-01h  1
 452  6.4857208e+00 1.20e-03 7.79e+00  -4.9 3.17e-01    -  6.08e-01 2.90e-01h  1
 453  6.5006712e+00 3.14e-03 4.02e+00  -4.6 2.45e-01    -  6.21e-01 1.00e+00h  1
 454  6.5141685e+00 1.29e-03 6.83e-02  -4.8 2.87e-01    -  1.00e+00 1.00e+00h  1
 455  6.4824319e+00 6.15e-04 1.51e+00  -4.8 1.35e-01    -  5.22e-01 7.12e-01h  1
 456  6.4638636e+00 3.68e-04 2.06e+00  -5.2 8.47e-02    -  1.00e+00 8.26e-01h  1
 457  6.4600544e+00 3.28e-04 2.92e+00  -5.4 2.05e-01    -  1.00e+00 2.94e-01h  1
 458  6.4552896e+00 2.46e-03 3.00e+00  -4.8 2.92e+00    -  8.72e-01 9.41e-02h  1
 459  6.4556647e+00 1.90e-02 2.88e+00  -4.4 1.01e+01    -  2.10e-01 8.90e-02h  1
iter    objective    inf_pr   inf_du lg(mu)  ||d||  lg(rg) alpha_du alpha_pr  ls
 460  6.4516034e+00 1.85e-02 2.83e+00  -4.8 1.15e+01    -  4.55e-02 2.88e-02h  3
 461  6.4526377e+00 1.69e-02 3.79e+00  -4.4 4.60e+00    -  2.55e-01 8.71e-02h  2
 462  6.4498956e+00 1.53e-02 3.54e+00  -4.7 4.88e+00    -  1.16e-01 9.57e-02h  1
 463  6.4995300e+00 2.23e-02 3.36e+00  -3.8 6.02e+00    -  1.56e-01 1.47e-01f  1
 464  6.4844948e+00 2.09e-02 4.90e+01  -4.4 4.11e+00    -  2.84e-01 8.27e-02h  1
 465  6.6183971e+00 1.67e-02 5.76e+01  -4.4 2.03e+00    -  1.03e-01 3.12e-01H  1
 466  6.4842762e+00 9.22e-03 6.91e+01  -4.4 3.03e-01    -  1.55e-01 4.45e-01h  1
 467  6.4354954e+00 4.02e-03 3.19e+01  -4.4 1.55e-01    -  7.23e-01 5.62e-01f  1
 468  6.4163356e+00 6.44e-04 5.38e-01  -4.6 1.24e-01    -  1.00e+00 9.83e-01h  1
 469  6.4020026e+00 7.13e-04 1.26e+00  -5.0 7.99e-02    -  1.00e+00 7.02e-01h  1
iter    objective    inf_pr   inf_du lg(mu)  ||d||  lg(rg) alpha_du alpha_pr  ls
 470  6.3914647e+00 2.24e-03 2.54e-01  -5.2 3.78e-02    -  1.00e+00 9.57e-01h  1
 471  6.3916916e+00 1.79e-04 2.09e-02  -5.0 5.04e-02    -  1.00e+00 1.00e+00h  1
 472  6.3843706e+00 6.45e-05 1.09e+00  -5.4 2.91e-02    -  1.00e+00 7.94e-01h  1
 473  6.3813232e+00 8.68e-05 5.99e-01  -5.7 4.58e-02    -  1.00e+00 4.30e-01h  1
 474  6.3805371e+00 1.96e-04 8.98e-01  -5.1 8.69e-02    -  1.00e+00 6.61e-01h  1
 475  6.3805522e+00 3.69e-04 2.27e+00  -4.9 2.66e-01    -  6.09e-01 2.99e-01h  1
 476  6.3786296e+00 1.31e-03 2.60e+00  -5.1 7.29e-01    -  3.97e-01 2.02e-01h  2
 477  6.3792040e+00 2.00e-03 3.67e+00  -4.8 1.10e+00    -  4.60e-01 1.47e-01h  2
 478  6.3762690e+00 2.47e-03 3.71e+00  -5.0 8.55e-01    -  2.91e-01 2.04e-01h  2
 479  6.3845372e+00 2.43e-03 6.21e+00  -4.3 1.59e+00    -  2.70e-01 1.32e-01h  1
iter    objective    inf_pr   inf_du lg(mu)  ||d||  lg(rg) alpha_du alpha_pr  ls
 480  6.5122238e+00 2.91e-04 7.66e+00  -4.7 3.37e-01    -  6.64e-01 1.00e+00H  1
 481  6.3863744e+00 2.12e-03 6.38e-01  -4.7 2.90e-01    -  8.30e-01 7.72e-01f  1
 482  6.3813632e+00 9.76e-04 8.10e+00  -4.7 1.68e-01    -  1.00e+00 5.56e-01f  1
 483  6.3750881e+00 4.19e-04 2.39e+00  -4.7 1.05e-01    -  1.00e+00 5.71e-01f  1
 484  6.3707825e+00 2.41e-04 3.15e+00  -5.0 1.24e-01    -  8.54e-01 4.35e-01h  2
 485  6.3678760e+00 1.95e-04 2.95e+00  -5.5 6.93e-02    -  1.00e+00 1.92e-01h  1
 486  6.3739968e+00 1.44e-04 6.62e-03  -4.7 5.09e-02    -  1.00e+00 1.00e+00h  1
 487  6.3865072e+00 1.84e-03 2.43e+00  -4.4 2.61e-01    -  9.05e-01 4.59e-01h  2
 488  6.4000540e+00 1.28e-04 3.19e-02  -4.5 1.65e-01    -  1.00e+00 1.00e+00H  1
 489  6.3716273e+00 7.81e-04 1.47e+00  -4.9 9.28e-02    -  1.00e+00 8.12e-01h  1
iter    objective    inf_pr   inf_du lg(mu)  ||d||  lg(rg) alpha_du alpha_pr  ls
 490  6.3625813e+00 4.18e-04 2.25e+00  -5.0 7.95e-02    -  1.00e+00 8.74e-01h  1
 491  6.3571918e+00 1.18e-04 3.98e-03  -5.1 3.35e-02    -  1.00e+00 1.00e+00f  1
 492  6.3527099e+00 6.70e-05 9.06e-01  -5.7 1.70e-02    -  1.00e+00 7.13e-01h  1
 493  6.3513325e+00 9.34e-05 8.88e-01  -5.3 1.29e-01    -  1.00e+00 5.08e-01h  1
 494  6.3506464e+00 5.78e-04 2.31e+00  -4.9 1.38e+00    -  5.65e-01 1.47e-01h  2
 495  6.3513476e+00 1.94e-03 2.64e+00  -4.7 4.27e+00    -  2.17e-01 1.12e-01h  1
 496  6.3501699e+00 3.94e-03 3.16e+00  -5.0 9.10e+00    -  1.58e-01 7.35e-02h  2
 497  6.3471860e+00 4.65e-03 4.30e+00  -4.7 1.52e+01    -  1.49e-01 3.42e-02h  3
 498  6.3732152e+00 7.54e-03 5.00e+00  -4.0 1.47e+01    -  1.16e-01 6.45e-02h  2
 499  6.3712626e+00 1.06e-02 4.97e+00  -4.8 1.57e+01    -  1.35e-01 6.18e-02h  2
iter    objective    inf_pr   inf_du lg(mu)  ||d||  lg(rg) alpha_du alpha_pr  ls
 500  6.3629314e+00 1.10e-02 4.73e+00  -4.8 1.66e+01    -  3.21e-02 3.58e-02h  3
 501  6.3482221e+00 1.33e-02 5.50e+00  -4.8 2.35e+01    -  7.20e-02 4.49e-02h  2
 502  6.3352012e+00 1.68e-02 6.03e+00  -4.8 3.72e+01    -  5.99e-02 2.39e-02h  2
 503  6.3571662e+00 2.03e-02 7.74e+00  -4.1 2.07e+01    -  9.57e-02 7.97e-02h  1
 504  6.3465157e+00 1.96e-02 1.14e+01  -4.7 1.14e+01    -  1.12e-01 4.81e-02h  1
 505  6.3951867e+00 1.62e-02 6.33e+00  -4.7 5.15e+00    -  1.41e-01 2.19e-01h  1
 506  6.3639704e+00 1.51e-02 7.19e+00  -4.7 3.31e+00    -  9.18e-02 1.09e-01h  1
 507  6.3201075e+00 1.32e-02 5.86e+00  -4.7 1.71e+00    -  1.75e-01 1.24e-01h  1
 508  6.3607003e+00 1.88e-02 4.30e+01  -3.8 1.79e+00    -  1.97e-01 3.95e-01f  1
 509  6.3655945e+00 1.77e-02 4.45e+01  -4.4 6.90e-01    -  1.58e-01 2.29e-01h  1
iter    objective    inf_pr   inf_du lg(mu)  ||d||  lg(rg) alpha_du alpha_pr  ls
 510  6.3081984e+00 1.94e-03 4.51e+00  -4.4 4.30e-01    -  9.29e-01 1.00e+00f  1
 511  6.3857468e+00 1.37e-03 4.20e+00  -4.4 9.10e-01    -  8.06e-01 6.80e-01H  1
 512  6.3115402e+00 5.92e-03 2.61e+00  -4.5 1.62e-01    -  8.41e-01 9.95e-01h  1
 513  6.2754013e+00 1.66e-03 3.62e+00  -4.5 2.31e-01    -  9.97e-01 7.26e-01f  1
 514  6.3343185e+00 5.91e-03 5.43e-02  -4.1 3.53e-01    -  1.00e+00 1.00e+00h  1
 515  6.4026561e+00 4.86e-03 7.15e-02  -4.2 2.34e-01    -  1.00e+00 1.00e+00h  1
 516  6.2996032e+00 4.71e-03 3.00e-02  -4.2 1.26e-01    -  1.00e+00 1.00e+00h  1
 517  6.3012558e+00 9.28e-05 1.06e-02  -4.2 3.59e-02    -  1.00e+00 1.00e+00h  1
 518  6.2664717e+00 2.36e-03 5.28e-02  -4.7 1.77e-01    -  9.95e-01 1.00e+00h  1
 519  6.2935856e+00 1.01e-03 6.07e+00  -4.7 5.16e-01    -  1.00e+00 6.72e-01H  1
iter    objective    inf_pr   inf_du lg(mu)  ||d||  lg(rg) alpha_du alpha_pr  ls
 520  6.2496853e+00 4.92e-04 1.64e+00  -4.8 1.13e-01    -  1.00e+00 8.69e-01h  1
 521  6.2358176e+00 2.62e-04 6.84e+00  -5.3 5.48e-02    -  8.95e-01 6.40e-01h  1
 522  6.2308588e+00 2.00e-04 7.34e+00  -5.6 1.03e-01    -  1.00e+00 5.24e-01h  1
 523  6.2277650e+00 2.89e-04 1.50e+01  -5.3 4.16e-01    -  1.00e+00 3.97e-01h  1
 524  6.2270123e+00 3.01e-04 1.32e+01  -4.9 4.06e-01    -  5.05e-01 2.60e-01h  2
 525  6.2276706e+00 4.37e-03 1.40e+01  -4.8 6.05e-01    -  7.13e-01 4.29e-01h  1
 526  6.2263734e+00 3.47e-03 6.38e+00  -5.0 1.46e+00    -  1.44e-01 2.13e-01h  2
 527  6.2308087e+00 5.64e-03 1.95e+01  -4.4 9.14e-01    -  3.49e-01 1.49e-01h  3
 528  6.2460058e+00 2.61e-03 6.59e+00  -4.8 2.66e-01    -  8.72e-01 1.00e+00h  1
 529  6.2253613e+00 8.07e-04 3.25e+00  -4.8 1.51e-01    -  8.58e-01 6.94e-01h  1
iter    objective    inf_pr   inf_du lg(mu)  ||d||  lg(rg) alpha_du alpha_pr  ls
 530  6.2092781e+00 4.39e-04 2.22e+00 -10.8 6.91e-02    -  3.65e-01 4.50e-01h  1
 531  6.2091954e+00 3.67e-04 6.34e+00  -4.7 1.59e-01    -  1.00e+00 8.68e-01f  1
 532  6.2138122e+00 5.32e-04 2.99e+01  -4.3 9.41e-01    -  6.89e-01 1.34e-01h  2
 533  6.2237377e+00 4.18e-04 1.37e+01  -4.5 3.51e-01    -  1.00e+00 6.54e-01H  1
 534  6.2220913e+00 5.84e-03 8.11e+00  -4.5 5.32e-01    -  7.69e-01 5.27e-01f  1
 535  6.2176129e+00 3.65e-03 2.17e+01  -4.5 4.97e-01    -  2.13e-01 1.40e-01h  3
 536  6.2150397e+00 4.03e-03 2.50e-02  -4.5 7.04e-02    -  1.00e+00 1.00e+00h  1
 537  6.2129054e+00 8.42e-04 2.17e+00  -4.5 6.73e-02    -  1.00e+00 7.89e-01h  1
 538  6.2021299e+00 3.98e-03 4.99e-03  -4.8 5.04e-02    -  1.00e+00 1.00e+00f  1
 539  6.2097341e+00 9.12e-04 1.95e-02  -4.5 1.06e-01    -  1.00e+00 1.00e+00h  1
iter    objective    inf_pr   inf_du lg(mu)  ||d||  lg(rg) alpha_du alpha_pr  ls
 540  6.2351581e+00 1.58e-04 2.12e-01  -4.7 5.59e-01    -  9.62e-01 1.00e+00H  1
 541  6.2149903e+00 2.45e-03 2.70e+00  -4.9 8.90e-01    -  7.05e-01 4.89e-01h  1
 542  6.2005221e+00 2.66e-03 2.02e+00  -4.9 6.83e-01    -  1.08e-01 1.50e-01h  2
 543  6.1845505e+00 2.32e-03 3.06e-01  -4.9 2.19e-01    -  1.00e+00 9.94e-01h  1
 544  6.2286673e+00 1.62e-03 2.56e+00  -4.4 1.59e-01    -  5.82e-01 7.17e-01H  1
 545  6.1917740e+00 1.17e-03 1.36e-02  -4.6 1.37e-01    -  1.00e+00 1.00e+00h  1
 546  6.1968900e+00 1.94e-04 1.86e-02  -4.6 1.18e-01    -  1.00e+00 1.00e+00h  1
 547  6.1796434e+00 2.30e-03 1.35e+00  -5.2 5.37e-02    -  1.00e+00 7.10e-01h  1
 548  6.1738025e+00 2.25e-04 2.49e-01  -5.2 2.99e-02    -  1.00e+00 9.06e-01h  1
 549  6.1703655e+00 9.49e-05 5.99e-03  -5.3 5.06e-02    -  1.00e+00 1.00e+00h  1
iter    objective    inf_pr   inf_du lg(mu)  ||d||  lg(rg) alpha_du alpha_pr  ls
 550  6.1686000e+00 1.50e-04 3.04e+00  -5.5 1.95e-01    -  1.00e+00 2.50e-01h  1
 551  6.1673342e+00 8.61e-04 6.39e+00  -5.2 4.12e-01    -  1.00e+00 3.20e-01h  1
 552  6.1651567e+00 9.74e-04 7.86e+00  -5.3 8.01e-01    -  4.51e-01 1.61e-01h  2
 553  6.1683711e+00 2.98e-03 8.92e+00  -4.9 1.20e+00    -  4.08e-01 1.94e-01h  1
 554  6.1687820e+00 2.95e-03 6.78e+00  -5.2 5.40e-01    -  4.33e-01 3.76e-01H  1
 555  6.1668631e+00 6.02e-03 1.03e+01  -5.2 1.03e+00    -  5.55e-01 2.75e-01f  1
 556  6.1636181e+00 5.42e-03 1.90e+01  -5.2 3.16e-01    -  2.87e-01 1.12e-01h  1
 557  6.1583730e+00 3.64e-03 1.07e+01  -5.2 1.88e-01    -  7.27e-01 6.41e-01f  1
 558  6.1616911e+00 3.44e-03 7.08e+00  -4.8 3.82e-01    -  8.11e-01 2.25e-01h  2
 559  6.1600930e+00 1.03e-04 9.16e-03  -5.0 7.24e-02    -  1.00e+00 1.00e+00h  1
iter    objective    inf_pr   inf_du lg(mu)  ||d||  lg(rg) alpha_du alpha_pr  ls
 560  6.1639375e+00 3.28e-05 1.48e-02  -5.1 2.54e-01    -  1.00e+00 1.00e+00H  1
 561  6.1754248e+00 3.96e-06 4.05e-02  -5.3 3.55e-01    -  1.00e+00 1.00e+00H  1
 562  6.1599136e+00 4.22e-04 3.54e+00  -4.9 3.53e-01    -  9.52e-01 2.78e-01f  1
 563  6.1533600e+00 2.21e-04 1.56e+00  -5.2 1.08e-01    -  5.77e-01 7.95e-01h  1
 564  6.1548403e+00 5.34e-04 3.87e+00  -4.7 8.63e-02    -  7.67e-01 1.00e+00h  1
 565  6.1517979e+00 1.48e-04 2.17e-02  -4.9 1.46e-01    -  1.00e+00 1.00e+00h  1
 566  6.1495261e+00 1.06e-03 4.07e+00  -5.1 6.75e-01    -  1.00e+00 4.00e-01h  2
 567  6.1559119e+00 9.67e-04 4.53e+00  -4.6 1.61e+00    -  8.24e-01 2.67e-01h  2
 568  6.1539394e+00 1.44e-03 5.15e+00  -4.8 1.98e+00    -  6.19e-01 1.49e-01h  3
 569  6.1506296e+00 1.48e-03 6.42e+00  -4.8 1.41e+00    -  5.54e-01 9.03e-02h  3
iter    objective    inf_pr   inf_du lg(mu)  ||d||  lg(rg) alpha_du alpha_pr  ls
 570  6.1476855e+00 9.04e-04 2.80e+00  -4.8 1.51e-01    -  4.70e-01 5.00e-01h  2
 571  6.1546316e+00 4.03e-03 9.22e-02  -4.5 5.74e-01    -  1.00e+00 1.00e+00h  1
 572  6.1530448e+00 4.10e-03 1.85e+01  -4.6 5.64e+00    -  5.27e-01 7.25e-02h  3
 573  6.1522510e+00 4.64e-03 1.82e+01  -4.6 9.03e+00    -  4.67e-01 7.64e-02h  3
 574  6.1469188e+00 5.68e-03 1.95e+01  -4.6 2.59e+01    -  2.76e-01 3.39e-02h  3
 575  6.1409183e+00 9.57e-03 2.05e+01  -4.9 6.31e+01    -  5.25e-02 1.64e-02h  4
 576  6.1427652e+00 1.35e-02 2.48e+01  -4.0 6.87e+01    -  1.10e-01 1.66e-02h  4
 577  6.1394237e+00 4.24e-02 2.74e+01  -4.6 1.01e+02    -  7.00e-02 3.17e-02h  2
 578  6.1344034e+00 4.29e-02 2.95e+01 -10.5 1.39e+02    -  2.40e-02 8.67e-03h  4
 579  6.1276577e+00 4.73e-02 3.91e+01  -4.1 9.25e+01    -  5.72e-02 2.13e-02h  3
iter    objective    inf_pr   inf_du lg(mu)  ||d||  lg(rg) alpha_du alpha_pr  ls
 580  6.1270423e+00 4.64e-02 4.42e+01  -5.2 1.18e+02    -  2.38e-02 7.46e-03h  4
 581  6.1132175e+00 4.65e-02 1.93e+01 -10.5 3.26e+01    -  2.22e-02 9.13e-02h  2
 582  6.1015070e+00 4.82e-02 1.83e+01  -3.9 1.72e+02    -  7.77e-02 8.54e-03h  3
 583  6.0991382e+00 5.39e-02 2.00e+01  -3.7 1.23e+02    -  4.47e-02 1.65e-02h  3
 584  6.2889340e+00 9.34e-02 2.09e+01  -3.3 1.46e+02    -  4.19e-02 2.66e-02f  2
 585  6.2769507e+00 9.18e-02 2.56e+01  -4.3 5.47e+01    -  1.15e-01 4.52e-02h  2
 586  6.2728063e+00 9.21e-02 2.91e+01  -4.3 8.12e+01    -  9.27e-02 3.00e-02h  2
 587  6.2527415e+00 1.04e-01 3.07e+01  -4.3 7.97e+01    -  6.94e-02 2.89e-02h  1
 588  6.1983808e+00 1.08e-01 3.12e+01  -4.3 6.50e+01    -  3.96e-02 2.08e-02h  3
 589  6.1255444e+00 1.15e-01 3.04e+01  -4.3 4.24e+01    -  6.91e-02 4.23e-02h  1
iter    objective    inf_pr   inf_du lg(mu)  ||d||  lg(rg) alpha_du alpha_pr  ls
 590  6.0486008e+00 1.28e-01 2.92e+01  -4.3 8.99e+01    -  3.53e-02 2.22e-02h  2
 591  6.3991347e+00 1.25e-01 2.32e+01  -3.3 2.38e+01    -  7.74e-02 3.84e-02h  2
 592  6.1582898e+00 8.85e-02 1.27e+01  -4.1 3.70e-01    -  3.48e-01 2.92e-01h  1
 593  5.9464278e+00 2.60e-02 7.80e+00  -4.1 3.15e-01    -  8.30e-01 7.07e-01h  1
 594  5.9605878e+00 1.45e-02 4.34e-02  -3.9 1.14e-01    -  1.00e+00 1.00e+00f  1
 595  5.9543382e+00 4.00e-04 2.41e-02  -3.9 2.66e-01    -  9.96e-01 1.00e+00h  1
 596  5.9448281e+00 3.89e-04 2.82e+01  -4.2 2.00e+00    -  9.95e-01 1.20e-01h  4
 597  5.9251060e+00 1.46e-02 1.38e+01  -4.4 1.15e+00    -  1.00e+00 1.94e-01h  3
 598  5.9492489e+00 3.80e-04 4.94e-02  -4.1 4.82e-01    -  1.00e+00 1.00e+00H  1
 599  5.9443342e+00 6.28e-04 2.74e+00  -4.2 3.55e-01    -  8.01e-01 8.81e-01H  1
iter    objective    inf_pr   inf_du lg(mu)  ||d||  lg(rg) alpha_du alpha_pr  ls
 600  6.0437896e+00 1.40e-02 6.77e+00  -3.8 3.66e-01    -  8.95e-01 1.00e+00f  1
 601  6.0315122e+00 1.43e-02 4.53e-01  -3.9 3.99e-01    -  9.74e-01 1.00e+00h  1
 602  5.9805412e+00 1.84e-03 3.51e-02  -3.9 2.24e-01    -  1.00e+00 1.00e+00h  1
 603  5.9715754e+00 1.54e-03 2.41e-02  -3.9 1.24e-01    -  1.00e+00 1.00e+00h  1
 604  5.9598245e+00 2.71e-04 8.13e-03  -3.9 5.91e-02    -  1.00e+00 1.00e+00h  1
 605  5.9033368e+00 2.51e-03 1.56e-02  -4.4 1.08e-01    -  9.98e-01 1.00e+00h  1
 606  5.8621967e+00 2.20e-03 9.52e+00  -4.4 1.05e-01    -  1.00e+00 5.06e-01h  1
 607  5.8435699e+00 1.11e-03 1.21e+00  -4.5 8.41e-02    -  1.00e+00 9.45e-01h  1
 608  5.8194572e+00 1.05e-04 5.94e-01  -4.8 5.27e-02    -  1.00e+00 9.64e-01h  1
 609  5.8112081e+00 9.77e-05 5.75e-01  -5.0 2.11e-02    -  1.00e+00 8.72e-01h  1
iter    objective    inf_pr   inf_du lg(mu)  ||d||  lg(rg) alpha_du alpha_pr  ls
 610  5.8049131e+00 4.39e-04 1.21e+00  -5.2 6.21e-02    -  1.00e+00 6.47e-01h  1
 611  5.8052165e+00 6.06e-04 3.50e+00  -4.8 2.48e-01    -  7.55e-01 4.11e-01h  1
 612  5.8034131e+00 1.56e-02 7.89e+00  -5.0 1.80e-01    -  1.00e+00 3.31e-01h  1
 613  5.7983104e+00 7.36e-03 1.08e+01  -5.4 7.99e-02    -  1.00e+00 5.29e-01h  1
 614  5.7994406e+00 5.23e-04 2.80e-02  -5.1 9.15e-02    -  1.00e+00 1.00e+00h  1
 615  5.7947636e+00 3.40e-04 4.99e-01  -5.3 7.36e-02    -  1.00e+00 9.09e-01h  1
 616  5.7913587e+00 1.65e-04 2.18e+00  -5.4 4.69e-02    -  1.00e+00 7.51e-01h  1
 617  5.7883015e+00 5.16e-04 1.52e+00  -5.7 4.85e-02    -  1.00e+00 5.21e-01h  1
 618  5.7871779e+00 3.96e-04 5.37e-01  -5.4 1.22e-01    -  1.00e+00 2.35e-01h  1
 619  5.7866003e+00 3.54e-04 1.65e+00  -5.1 3.05e-01    -  5.20e-01 2.38e-01h  1
iter    objective    inf_pr   inf_du lg(mu)  ||d||  lg(rg) alpha_du alpha_pr  ls
 620  5.7852629e+00 4.11e-04 4.97e+00  -5.3 4.28e-01    -  6.72e-01 1.75e-01h  2
 621  5.7836182e+00 9.49e-04 4.53e+00  -5.6 4.65e-01    -  4.00e-01 2.49e-01h  1
 622  5.7817192e+00 8.25e-04 7.06e+00  -5.6 4.16e-01    -  7.71e-01 1.77e-01h  1
 623  5.8068523e+00 3.73e-04 9.72e-01  -5.1 2.85e-01    -  8.22e-01 8.48e-01H  1
 624  5.7931410e+00 2.97e-04 3.08e-01  -5.3 2.34e-01    -  4.53e-01 2.35e-01h  1
 625  5.7805396e+00 3.87e-04 2.79e+00  -5.3 1.38e-01    -  4.28e-01 2.78e-01f  1
 626  5.7735147e+00 1.66e-04 4.75e+00  -5.3 6.74e-02    -  1.00e+00 6.73e-01f  1
 627  5.7714132e+00 9.52e-05 1.77e+00  -5.7 6.39e-02    -  1.00e+00 5.00e-01h  1
 628  5.7689801e+00 1.46e-04 9.84e-01  -6.8 1.41e-01    -  4.16e-01 4.65e-01h  1
 629  5.7713617e+00 2.37e-04 7.97e-01  -4.7 3.07e-01    -  1.89e-01 1.83e-01h  1
iter    objective    inf_pr   inf_du lg(mu)  ||d||  lg(rg) alpha_du alpha_pr  ls
 630  5.7695551e+00 8.67e-04 4.85e-01  -5.4 5.34e-01    -  3.23e-01 3.37e-01h  1
 631  5.7688618e+00 7.88e-04 8.50e-01  -5.4 7.64e-01    -  1.78e-01 9.09e-02h  2
 632  5.7697323e+00 4.05e-04 1.28e+00  -5.4 1.99e-01    -  7.27e-01 6.03e-01h  1
 633  5.7658394e+00 4.66e-04 2.12e+00  -5.5 8.26e-01    -  3.33e-01 1.63e-01h  1
 634  5.7652845e+00 4.95e-04 5.36e+00  -4.9 6.73e-01    -  3.21e-01 1.04e-01f  2
 635  5.7789981e+00 2.75e-04 1.38e+00  -5.4 1.76e-01    -  6.63e-01 8.07e-01H  1
 636  5.7632043e+00 2.36e-03 3.47e-01  -5.4 8.31e-02    -  6.02e-01 5.67e-01h  1
 637  5.7614670e+00 1.85e-03 6.85e+00  -5.1 6.33e-02    -  1.00e+00 2.14e-01f  1
 638  5.7582749e+00 2.07e-04 7.92e-01  -5.4 1.57e-01    -  1.00e+00 9.16e-01h  1
 639  5.7594537e+00 2.29e-03 1.71e+00  -5.0 1.02e+00    -  7.49e-01 1.49e-01h  2
iter    objective    inf_pr   inf_du lg(mu)  ||d||  lg(rg) alpha_du alpha_pr  ls
 640  5.7722047e+00 1.03e-03 1.55e+00  -5.2 2.40e-01    -  7.35e-01 5.50e-01H  1
 641  5.7583209e+00 1.84e-04 1.31e-02  -5.2 1.15e-01    -  1.00e+00 1.00e+00f  1
 642  5.7788940e+00 9.37e-05 5.86e-01  -4.7 7.52e-02    -  7.14e-01 7.97e-01H  1
 643  5.7610600e+00 2.04e-04 4.76e-03  -4.9 8.44e-02    -  1.00e+00 1.00e+00h  1
 644  5.7617695e+00 3.13e-04 1.61e-02  -4.9 1.71e-01    -  1.00e+00 1.00e+00h  1
 645  5.7601633e+00 8.98e-04 4.88e-01  -4.9 2.56e+00    -  3.93e-01 9.94e-02h  2
 646  5.7591520e+00 1.45e-03 8.99e-01  -4.9 9.96e+00    -  1.27e-01 2.78e-02h  3
 647  5.7571641e+00 2.01e-03 1.37e+00  -4.9 8.02e+00    -  1.03e-01 3.71e-02h  3
 648  5.7704232e+00 4.84e-03 1.97e+00  -4.3 1.06e+01    -  1.49e-01 6.78e-02h  2
 649  5.7675912e+00 4.77e-03 5.30e+00  -4.8 4.39e+00    -  2.66e-01 5.08e-02h  3
iter    objective    inf_pr   inf_du lg(mu)  ||d||  lg(rg) alpha_du alpha_pr  ls
 650  5.7640866e+00 4.66e-03 9.56e+00  -4.8 4.04e+00    -  3.17e-01 4.68e-02h  4
 651  5.7578087e+00 4.17e-03 1.14e+01  -4.8 1.91e+00    -  2.48e-01 1.11e-01h  3
 652  5.7531367e+00 3.54e-03 1.32e+01  -4.8 1.44e+00    -  3.56e-01 1.65e-01h  2
 653  5.7549548e+00 2.50e-03 1.12e+01  -4.8 4.44e-01    -  4.63e-01 3.01e-01h  1
 654  5.7478399e+00 6.85e-04 5.26e+00  -4.9 1.01e-01    -  9.31e-01 7.17e-01h  1
 655  5.7642418e+00 4.11e-04 3.49e+01  -4.3 7.70e-02    -  4.73e-01 9.41e-01h  1
 656  5.7566033e+00 1.50e-04 1.22e-02  -4.6 1.02e-01    -  1.00e+00 1.00e+00h  1
 657  5.7428669e+00 6.95e-04 8.15e+00  -4.9 2.48e-01    -  1.00e+00 5.74e-01h  1
 658  5.7383232e+00 4.73e-03 3.10e+01  -5.0 5.42e-01    -  1.00e+00 2.09e-01h  2
 659  5.7769759e+00 9.44e-05 8.62e+00  -4.6 2.44e-01    -  8.43e-01 1.00e+00H  1
iter    objective    inf_pr   inf_du lg(mu)  ||d||  lg(rg) alpha_du alpha_pr  ls
 660  5.7510309e+00 1.22e-03 4.17e-02  -4.7 8.57e-02    -  1.00e+00 1.00e+00h  1
 661  5.7324299e+00 2.95e-04 4.26e+00  -5.0 7.60e-02    -  1.00e+00 6.86e-01h  1
 662  5.7273659e+00 1.93e-04 9.52e+00  -5.3 1.17e-01    -  1.00e+00 5.26e-01h  1
 663  5.7250378e+00 6.47e-03 4.22e+00  -5.4 3.96e-01    -  1.00e+00 4.26e-01h  1
 664  5.7240732e+00 4.36e-03 2.55e+00  -5.2 4.59e-01    -  9.26e-01 3.38e-01h  1
 665  5.7421979e+00 4.76e-03 6.32e+00  -4.6 3.99e-01    -  2.68e-01 4.56e-01h  1
 666  5.7336317e+00 8.41e-04 1.07e+00  -5.0 1.11e-01    -  1.00e+00 8.52e-01h  1
 667  5.7218321e+00 8.40e-04 9.50e-03  -5.0 6.53e-02    -  1.00e+00 1.00e+00f  1
 668  5.7204928e+00 8.31e-04 7.94e-03  -5.1 6.32e-02    -  9.99e-01 1.00e+00h  1
 669  5.7145927e+00 1.51e-02 1.81e-01  -5.6 1.16e-01    -  1.00e+00 8.73e-01h  1
iter    objective    inf_pr   inf_du lg(mu)  ||d||  lg(rg) alpha_du alpha_pr  ls
 670  5.7333528e+00 7.02e-03 1.60e+00  -5.2 5.81e-01    -  9.09e-01 5.35e-01H  1
 671  5.7350361e+00 6.84e-04 2.23e-01  -5.3 1.29e-01    -  8.17e-01 1.00e+00h  1
 672  5.7129234e+00 4.41e-04 2.01e+00  -5.3 1.16e-01    -  5.00e-01 7.30e-01h  1
 673  5.7119480e+00 7.01e-04 1.08e-01  -5.4 6.57e-02    -  1.00e+00 9.69e-01f  1
 674  5.7089911e+00 9.61e-04 1.21e-01  -5.5 1.39e-01    -  1.00e+00 8.50e-01h  1
 675  5.7078463e+00 8.13e-04 8.73e-01  -5.5 7.92e-01    -  5.93e-01 1.01e-01h  3
 676  5.7080655e+00 6.37e-04 1.24e+00  -5.2 5.29e-01    -  5.10e-01 1.96e-01h  3
 677  5.7070887e+00 5.26e-04 1.39e+00  -5.4 6.54e-01    -  4.57e-01 1.67e-01h  3
 678  5.7071165e+00 7.91e-04 3.49e+00  -5.0 2.05e+00    -  3.34e-01 1.46e-01h  2
 679  5.7056512e+00 3.48e-03 9.57e+00  -5.3 3.91e+00    -  2.83e-01 5.71e-02h  3
iter    objective    inf_pr   inf_du lg(mu)  ||d||  lg(rg) alpha_du alpha_pr  ls
 680  5.7059669e+00 3.80e-03 1.95e+01  -4.7 7.99e+00    -  2.67e-01 6.92e-02h  2
 681  5.7041995e+00 3.90e-03 2.42e+01  -5.1 1.29e+01    -  6.60e-02 2.36e-02h  3
 682  5.7100674e+00 4.15e-03 3.55e+01  -4.4 7.67e+00    -  1.27e-01 6.74e-02h  2
 683  5.7069866e+00 4.51e-03 3.14e+01  -5.0 1.13e+01    -  3.56e-02 4.97e-02h  2
 684  5.7042594e+00 6.49e-03 3.07e+01  -5.0 2.79e+01    -  8.28e-02 3.17e-02h  2
 685  5.7016880e+00 7.99e-03 2.97e+01  -5.0 3.44e+01    -  1.29e-01 2.34e-02h  2
 686  5.6971875e+00 8.91e-03 2.94e+01  -4.6 2.46e+01    -  9.39e-02 2.89e-02h  3
 687  5.6969182e+00 1.05e-02 3.17e+01  -4.5 2.31e+01    -  1.17e-01 2.71e-02h  3
 688  5.6901383e+00 1.39e-02 2.96e+01  -5.1 1.52e+01    -  8.73e-02 6.36e-02h  2
 689  5.6903848e+00 1.37e-02 2.40e+01  -4.1 1.81e+01    -  7.85e-02 2.03e-02h  2
iter    objective    inf_pr   inf_du lg(mu)  ||d||  lg(rg) alpha_du alpha_pr  ls
 690  5.6859020e+00 1.21e-02 1.96e+01  -4.8 5.48e+00    -  1.96e-01 1.78e-01h  1
 691  5.6807917e+00 1.20e-02 1.04e+01  -4.5 8.61e+00    -  1.02e-01 1.86e-02h  2
 692  5.7040569e+00 9.79e-03 7.01e+00  -4.0 3.00e-01    -  2.08e-01 2.87e-01h  1
 693  5.6865573e+00 4.25e-03 1.19e+00  -4.5 5.61e-01    -  7.73e-01 7.51e-01h  1
 694  5.6853900e+00 3.69e-03 2.69e+00  -4.3 8.67e-01    -  5.33e-01 7.04e-02f  4
 695  5.6664564e+00 6.95e-04 2.12e-01  -4.8 1.07e-01    -  1.00e+00 9.65e-01h  1
 696  5.7203892e+00 7.06e-03 3.10e+00  -4.3 9.87e-01    -  6.74e-01 1.00e+00h  1
 697  5.7171076e+00 6.74e-03 7.03e+00  -4.5 1.28e+01    -  2.21e-01 4.77e-02h  3
 698  5.7125295e+00 6.51e-03 1.06e+01  -4.5 1.81e+01    -  1.19e-01 3.40e-02h  3
 699  5.7090371e+00 5.86e-03 8.93e+00  -4.5 1.80e+01    -  2.35e-01 5.26e-02h  3
iter    objective    inf_pr   inf_du lg(mu)  ||d||  lg(rg) alpha_du alpha_pr  ls
 700  5.7029471e+00 5.72e-03 7.24e+00  -4.5 3.15e+01    -  9.01e-02 1.97e-02h  3
 701  5.6944630e+00 6.73e-03 9.07e+00  -4.5 4.91e+01    -  1.21e-01 1.80e-02h  4
 702  5.6851877e+00 9.88e-03 9.26e+00  -4.5 1.01e+02    -  5.48e-02 1.24e-02h  4
 703  5.6805203e+00 1.28e-02 8.70e+00  -4.5 9.12e+01    -  7.41e-02 1.36e-02h  4
 704  5.6762492e+00 1.70e-02 9.44e+00  -4.5 8.83e+01    -  1.06e-01 1.77e-02h  2
 705  5.6680447e+00 1.87e-02 1.02e+01  -4.5 1.04e+02    -  5.52e-02 9.95e-03h  4
 706  5.6594173e+00 1.94e-02 1.23e+01  -4.5 9.21e+01    -  1.24e-01 8.73e-03h  4
 707  5.6703773e+00 3.09e-02 1.61e+01  -3.9 4.53e+01    -  1.52e-01 6.12e-02h  3
 708  5.6603477e+00 3.38e-02 1.74e+01  -4.4 1.33e+02    -  2.30e-02 1.22e-02h  4
 709  5.6576329e+00 3.97e-02 2.08e+01  -4.4 2.15e+02    -  5.12e-02 1.07e-02h  4
iter    objective    inf_pr   inf_du lg(mu)  ||d||  lg(rg) alpha_du alpha_pr  ls
 710  6.0057966e+00 1.12e-01 1.59e+01  -3.2 2.42e+02    -  6.55e-02 2.66e-02f  2
 711  5.9926037e+00 1.12e-01 2.21e+01  -4.2 7.82e+01    -  8.64e-02 1.20e-02h  3
 712  5.9377934e+00 1.12e-01 2.63e+01  -4.2 2.84e+01    -  1.63e-01 8.37e-02h  2
 713  5.8514619e+00 1.16e-01 2.96e+01  -4.2 1.16e+02    -  6.94e-02 1.96e-02h  1
 714  5.7946364e+00 1.16e-01 3.03e+01  -4.2 1.09e+02    -  3.42e-02 1.86e-02f  3
 715  5.6896412e+00 1.21e-01 3.21e+01  -4.2 3.96e+01    -  1.04e-01 6.54e-02h  1
 716  5.6435520e+00 1.21e-01 3.38e+01  -4.2 4.65e+01    -  7.61e-02 2.60e-02h  2
 717  5.9275312e+00 1.20e-01 3.19e+01  -3.2 2.37e+01    -  1.38e-01 1.08e-01f  2
 718  5.9353427e+00 9.16e-02 2.76e+01  -3.9 1.09e+00    -  3.01e-01 2.36e-01h  1
 719  5.6220314e+00 3.41e-02 1.33e+01  -3.9 7.98e-01    -  2.48e-01 6.36e-01h  1
iter    objective    inf_pr   inf_du lg(mu)  ||d||  lg(rg) alpha_du alpha_pr  ls
 720  5.7809646e+00 1.09e-02 3.20e+00  -3.9 5.86e-01    -  7.47e-01 7.02e-01h  1
 721  5.5454133e+00 2.19e-03 4.61e+00  -4.0 2.67e-01    -  7.27e-01 1.00e+00h  1
 722  5.7361843e+00 1.12e-02 1.81e+01  -3.5 1.23e+00    -  7.77e-01 1.00e+00f  1
 723  7.6550623e+00 9.67e-04 1.99e+00  -3.7 1.76e+00    -  8.85e-01 1.00e+00H  1
 724  5.6984824e+00 1.69e-02 1.24e-01  -3.7 1.13e+00    -  1.00e+00 1.00e+00f  1
 725  5.7074680e+00 4.74e-04 4.50e-02  -3.7 1.14e-01    -  1.00e+00 1.00e+00h  1
 726  5.6819607e+00 1.80e-04 1.45e-02  -3.7 8.16e-02    -  1.00e+00 1.00e+00h  1
 727  5.5829246e+00 3.63e-03 9.21e-02  -4.0 6.37e-01    -  9.97e-01 1.00e+00h  1
 728  5.5789200e+00 6.63e-03 2.12e+01  -4.1 2.20e+00    -  6.63e-01 6.39e-02h  4
 729  5.5158191e+00 2.43e-03 3.01e-01  -4.1 4.68e-01    -  9.73e-01 1.00e+00h  1
iter    objective    inf_pr   inf_du lg(mu)  ||d||  lg(rg) alpha_du alpha_pr  ls
 730  5.5814244e+00 1.87e-03 1.42e+01  -4.1 7.34e-01    -  9.95e-01 4.11e-01H  1
 731  5.4767751e+00 9.31e-04 2.58e+01  -4.2 1.58e-01    -  3.55e-01 1.00e+00h  1
 732  5.4549619e+00 3.69e-04 1.03e-02  -4.4 2.25e-01    -  1.00e+00 1.00e+00h  1
 733  5.4457747e+00 1.26e-03 4.18e+00  -4.7 1.03e+00    -  1.00e+00 3.14e-01h  2
 734  5.4303256e+00 4.66e-03 3.92e+00  -5.0 1.68e+00    -  1.00e+00 3.82e-01h  1
 735  5.4296794e+00 4.72e-03 1.06e+01  -4.3 3.17e+00    -  7.21e-01 1.35e-01h  2
 736  5.4262925e+00 4.27e-03 1.09e+01  -4.4 1.65e+00    -  5.46e-01 1.02e-01h  1
 737  5.4242295e+00 2.88e-03 3.97e+00  -5.3 6.81e-01    -  4.90e-01 5.38e-01h  1
 738  5.4182492e+00 1.91e-03 7.47e+00  -5.1 5.11e-01    -  5.50e-01 3.30e-01h  1
 739  5.3977831e+00 9.90e-04 9.50e+00  -4.9 1.26e-01    -  7.83e-01 4.89e-01h  1
iter    objective    inf_pr   inf_du lg(mu)  ||d||  lg(rg) alpha_du alpha_pr  ls
 740  5.3887971e+00 6.27e-04 7.16e-01  -5.1 2.80e-01    -  1.00e+00 8.91e-01h  1
 741  5.3890993e+00 5.68e-04 7.02e+00  -4.7 9.09e-01    -  1.00e+00 1.48e-01h  2
 742  5.3867604e+00 4.97e-04 5.61e+00  -5.1 7.32e-01    -  7.49e-01 3.53e-01h  2
 743  5.3922274e+00 3.42e-03 1.58e+00  -4.4 2.29e+00    -  3.53e-01 1.85e-01h  1
 744  5.3891050e+00 3.54e-03 1.14e+00  -4.8 3.75e+00    -  3.27e-01 6.06e-02h  3
 745  5.3883928e+00 3.48e-03 6.52e+00  -4.8 3.08e+00    -  4.29e-01 1.10e-01h  2
 746  5.3908906e+00 2.83e-03 1.15e+01  -4.8 2.16e+00    -  5.03e-01 1.57e-01h  2
 747  5.3856715e+00 2.35e-03 1.19e+01  -4.8 3.07e+00    -  4.23e-01 1.93e-01h  1
 748  5.3859104e+00 2.67e-03 1.44e+01  -4.4 9.73e+00    -  2.54e-01 6.45e-02f  2
 749  5.3789288e+00 3.12e-03 2.69e+01  -4.8 5.80e+00    -  2.48e-01 6.32e-02h  3
iter    objective    inf_pr   inf_du lg(mu)  ||d||  lg(rg) alpha_du alpha_pr  ls
 750  5.4307853e+00 1.14e-02 2.20e+01  -4.1 7.60e+00    -  2.74e-01 1.74e-01h  2
 751  5.4448076e+00 1.20e-02 1.69e+01  -4.5 4.86e+00    -  2.36e-01 1.56e-01h  1
 752  5.4596460e+00 1.27e-02 1.58e+01  -4.5 4.27e+00    -  3.39e-01 2.31e-01h  2
 753  5.4264402e+00 1.17e-02 1.26e+01  -4.5 7.01e+00    -  2.98e-01 1.31e-01h  2
 754  5.4164275e+00 9.73e-03 1.40e+01  -4.5 2.84e+00    -  1.34e-01 1.15e-01h  2
 755  5.3843393e+00 6.92e-03 7.37e+00  -4.5 3.35e-01    -  4.92e-01 3.26e-01h  1
 756  5.3713577e+00 2.15e-03 2.63e-01  -4.5 5.29e-01    -  1.00e+00 9.88e-01f  1
 757  5.3906173e+00 1.85e-03 1.01e+01  -4.2 6.79e-01    -  4.71e-01 2.44e-01f  2
 758  5.3697485e+00 7.91e-04 2.33e-02  -4.4 2.10e-01    -  1.00e+00 1.00e+00h  1
 759  5.3868040e+00 7.64e-04 3.62e+00  -4.4 2.25e-01    -  8.68e-01 6.67e-01H  1
iter    objective    inf_pr   inf_du lg(mu)  ||d||  lg(rg) alpha_du alpha_pr  ls
 760  5.3551457e+00 1.10e-03 7.21e+00  -4.9 1.24e-01    -  1.00e+00 6.24e-01h  1
 761  5.3773243e+00 1.89e-03 2.17e-02  -4.3 4.84e-02    -  1.00e+00 1.00e+00h  1
 762  5.3689478e+00 5.92e-05 7.95e-03  -4.4 3.52e-02    -  1.00e+00 1.00e+00h  1
 763  5.3451481e+00 1.88e-03 1.08e+00  -4.9 3.97e-02    -  9.97e-01 8.53e-01h  1
 764  5.3356202e+00 5.68e-04 4.71e-01  -4.9 2.95e-02    -  1.00e+00 7.84e-01h  1
 765  5.3294430e+00 3.36e-04 7.25e-01  -5.1 3.96e-02    -  1.00e+00 6.97e-01h  1
 766  5.3326955e+00 7.05e-04 4.91e-03  -4.8 3.40e-02    -  1.00e+00 1.00e+00h  1
 767  5.3284369e+00 4.67e-04 2.13e+00  -5.4 3.33e-02    -  1.00e+00 3.39e-01h  1
 768  5.3216696e+00 1.20e-03 1.52e+00  -5.8 8.75e-02    -  1.00e+00 5.76e-01h  1
 769  5.3214244e+00 7.93e-04 1.32e+00  -5.1 8.90e-02    -  7.91e-01 4.14e-01h  1
iter    objective    inf_pr   inf_du lg(mu)  ||d||  lg(rg) alpha_du alpha_pr  ls
 770  5.3202572e+00 1.16e-03 1.47e+00  -5.2 8.55e-02    -  1.00e+00 5.01e-01h  1
 771  5.3267781e+00 9.75e-05 1.25e-01  -5.3 1.52e-01    -  1.00e+00 9.70e-01H  1
 772  5.3249979e+00 4.89e-04 4.51e-01  -5.5 8.19e-02    -  1.00e+00 8.46e-01h  1
 773  5.3183518e+00 3.55e-04 4.28e+00  -5.6 5.87e-02    -  7.44e-01 2.71e-01h  1
 774  5.3142326e+00 2.23e-04 2.85e+00  -5.7 3.86e-02    -  1.00e+00 3.59e-01f  1
 775  5.3116993e+00 6.28e-04 3.38e+00  -5.7 7.17e-02    -  1.00e+00 4.43e-01h  1
 776  5.3122790e+00 4.43e-04 2.82e+00  -5.2 1.97e-01    -  7.97e-01 3.45e-01h  2
 777  5.3124253e+00 5.30e-04 9.30e-01  -5.4 1.83e-01    -  7.44e-01 6.90e-01h  1
 778  5.3107064e+00 6.05e-04 2.99e+01  -5.4 5.63e-01    -  5.44e-01 1.40e-01f  2
 779  5.3104637e+00 5.77e-04 6.08e+00  -7.5 1.96e-01    -  1.18e-01 2.39e-01h  1
iter    objective    inf_pr   inf_du lg(mu)  ||d||  lg(rg) alpha_du alpha_pr  ls
 780  5.3087399e+00 1.06e-04 1.39e+00  -5.5 3.35e-02    -  9.04e-01 1.00e+00h  1
 781  5.3062387e+00 1.93e-05 5.96e-01  -6.0 4.68e-02    -  1.00e+00 8.19e-01h  1
 782  5.3056396e+00 3.88e-04 2.94e+00  -5.7 1.12e-01    -  1.00e+00 7.56e-01h  1
 783  5.3083396e+00 1.49e-02 1.82e+00  -4.7 2.09e+00    -  1.54e-01 1.01e-01h  1
 784  5.3081187e+00 1.47e-02 2.03e+00  -5.4 9.14e-01    -  2.86e-01 1.36e-02h  1
 785  5.3060185e+00 1.43e-02 2.33e+00  -5.4 9.16e-01    -  1.48e-01 1.82e-01f  1
 786  5.3050024e+00 1.34e-02 6.92e+00  -5.4 1.48e+00    -  1.86e-01 6.36e-02h  2
 787  5.3083687e+00 7.12e-03 3.29e+00  -5.0 3.85e-01    -  4.36e-01 3.01e-01h  1
 788  5.3064116e+00 5.64e-03 3.18e+01  -5.3 1.02e-01    -  7.96e-02 2.08e-01h  1
 789  5.3040351e+00 1.42e-04 5.67e-03  -5.3 3.23e-02    -  1.00e+00 1.00e+00f  1
iter    objective    inf_pr   inf_du lg(mu)  ||d||  lg(rg) alpha_du alpha_pr  ls
 790  5.3015615e+00 3.57e-05 9.21e-01  -5.8 5.63e-02    -  1.00e+00 7.34e-01h  1
 791  5.3059414e+00 1.08e-05 1.44e-02  -5.2 7.61e-02    -  1.00e+00 1.00e+00H  1
 792  5.3089843e+00 1.66e-04 1.35e-02  -5.0 4.69e-02    -  1.00e+00 1.00e+00h  1
 793  5.3058518e+00 8.03e-05 4.38e-03  -5.1 2.84e-02    -  1.00e+00 1.00e+00h  1
 794  5.3007753e+00 6.32e-05 9.35e-01  -5.7 4.34e-02    -  1.00e+00 8.09e-01h  1
 795  5.3014122e+00 1.39e-05 7.51e-03  -5.4 8.80e-02    -  1.00e+00 1.00e+00H  1
 796  5.3041677e+00 2.89e-04 1.16e-02  -5.2 1.15e-01    -  1.00e+00 1.00e+00h  1
 797  5.3283210e+00 3.65e-04 2.64e-02  -5.3 1.95e-01    -  1.00e+00 1.00e+00H  1
 798  5.3073247e+00 1.86e-04 8.68e+00  -5.3 1.47e-01    -  1.00e+00 4.78e-01h  1
 799  5.3020959e+00 1.33e-04 4.01e+01  -5.3 8.92e-02    -  9.19e-02 2.73e-01f  1
iter    objective    inf_pr   inf_du lg(mu)  ||d||  lg(rg) alpha_du alpha_pr  ls
 800  5.2986347e+00 4.97e-05 5.98e-03  -5.3 3.52e-02    -  1.00e+00 1.00e+00f  1
 801  5.2957555e+00 2.20e-05 2.51e+00  -5.9 3.44e-02    -  1.00e+00 8.29e-01h  1
 802  5.2946862e+00 7.78e-05 1.77e+01  -6.2 1.66e-01    -  1.00e+00 4.41e-01h  1
 803  5.2939660e+00 6.82e-04 1.16e+01  -5.9 4.77e-01    -  1.00e+00 2.71e-01h  1
 804  5.2930093e+00 6.60e-04 2.35e+01  -5.4 1.69e+00    -  4.41e-01 6.30e-02h  1
 805  5.3268055e+00 4.65e-03 1.35e+01  -4.2 2.81e+00    -  3.51e-02 1.36e-01f  1
 806  5.3127739e+00 3.45e-03 9.41e+00  -5.4 7.33e-01    -  2.68e-01 2.98e-01h  1
 807  5.3024530e+00 3.25e-03 8.54e+00  -5.4 5.37e-01    -  5.92e-02 9.35e-02h  2
 808  5.2951249e+00 2.43e-03 4.96e+00  -5.4 2.01e-01    -  1.00e+00 2.68e-01h  1
 809  5.2937740e+00 1.25e-03 2.03e+00  -5.4 1.02e-01    -  5.64e-01 5.89e-01h  1
iter    objective    inf_pr   inf_du lg(mu)  ||d||  lg(rg) alpha_du alpha_pr  ls
 810  5.2892845e+00 6.81e-05 4.70e-03  -5.4 4.51e-02    -  1.00e+00 1.00e+00h  1
 811  5.2866799e+00 1.15e-05 4.79e-01  -6.0 3.73e-02    -  1.00e+00 8.32e-01h  1
 812  5.2873192e+00 1.42e-06 5.41e-03  -5.6 5.55e-02    -  1.00e+00 1.00e+00H  1
 813  5.2861534e+00 9.24e-05 3.12e-01  -5.8 7.99e-02    -  1.00e+00 8.42e-01h  1
 814  5.3007233e+00 7.58e-04 1.62e+01  -5.0 7.91e-02    -  2.42e-01 9.93e-01h  1
 815  5.2881963e+00 3.90e-04 2.74e+00  -5.5 6.41e-02    -  1.00e+00 8.11e-01h  1
 816  5.2865748e+00 2.45e-04 2.79e+00  -5.5 8.71e-02    -  1.00e+00 4.72e-01h  2
 817  5.2861954e+00 3.62e-05 3.87e-03  -5.5 7.65e-02    -  1.00e+00 1.00e+00h  1
 818  5.2923017e+00 2.18e-04 4.11e-01  -5.1 6.53e-02    -  9.49e-01 1.00e+00h  1
 819  5.2902323e+00 3.25e-05 6.40e-02  -5.2 4.88e-02    -  1.00e+00 9.89e-01h  1
iter    objective    inf_pr   inf_du lg(mu)  ||d||  lg(rg) alpha_du alpha_pr  ls
 820  5.2866054e+00 4.79e-05 9.21e+01  -5.2 3.16e-02    -  3.78e-01 1.00e+00f  1
 821  5.2863457e+00 1.99e-05 4.48e+01  -5.2 4.54e-02    -  1.00e+00 5.82e-01h  1
 822  5.2927795e+00 9.44e-04 4.26e+01  -4.9 8.68e-01    -  8.00e-01 4.34e-01f  1
 823  5.2926071e+00 1.24e-03 4.21e+01  -5.0 3.00e+00    -  4.12e-01 1.10e-01h  2
 824  5.2923160e+00 1.38e-03 2.87e+01  -5.0 4.38e+00    -  3.11e-01 6.74e-02h  2
 825  5.2916384e+00 1.33e-03 4.77e+00  -5.0 2.37e+00    -  5.04e-01 8.76e-02h  3
 826  5.2880000e+00 9.93e-04 4.48e+00  -5.0 6.54e-01    -  3.52e-01 1.78e-01h  2
 827  5.2856533e+00 1.32e-03 3.31e+01  -5.0 2.07e+00    -  4.76e-01 1.93e-01h  1
 828  5.4292611e+00 1.42e-02 1.41e+01  -3.9 1.46e+00    -  1.02e-01 2.17e-01f  1
 829  5.3381239e+00 8.61e-03 7.45e+00  -4.7 1.41e-01    -  1.00e+00 4.53e-01h  1
iter    objective    inf_pr   inf_du lg(mu)  ||d||  lg(rg) alpha_du alpha_pr  ls
 830  5.3079622e+00 5.56e-03 5.10e+00  -4.7 1.73e-01    -  1.00e+00 4.30e-01h  1
 831  5.2895604e+00 9.83e-04 5.30e+01  -4.7 2.22e-01    -  1.86e-01 8.90e-01h  1
 832  5.2891097e+00 9.52e-04 3.79e+01  -4.7 2.08e-01    -  1.00e+00 5.00e-01f  2
 833  5.2896852e+00 3.37e-04 1.42e+01  -4.7 3.18e-01    -  1.00e+00 7.17e-01h  1
 834  5.2996204e+00 3.18e-04 3.41e+01  -4.7 3.76e-01    -  9.09e-01 4.21e-01h  2
 835  5.2872265e+00 1.28e-04 7.59e-03  -4.7 1.45e-01    -  1.00e+00 1.00e+00h  1
 836  5.2879093e+00 1.67e-04 1.73e+01  -4.7 6.53e-02    -  3.71e-01 6.38e-01h  1
 837  5.2845900e+00 7.47e-05 1.96e-03  -4.7 8.84e-02    -  1.00e+00 1.00e+00f  1
 838  5.2754057e+00 4.57e-04 2.60e+00  -5.2 2.27e-01    -  9.96e-01 7.21e-01h  1
 839  5.2821288e+00 1.57e-03 7.52e+00  -4.6 2.06e+00    -  8.20e-01 3.23e-01h  2
iter    objective    inf_pr   inf_du lg(mu)  ||d||  lg(rg) alpha_du alpha_pr  ls
 840  5.2815074e+00 4.17e-03 6.08e+00  -4.8 1.86e+01    -  1.36e-01 5.47e-02h  2
 841  5.2804095e+00 4.63e-03 5.48e+00  -4.8 3.22e+01    -  5.29e-02 1.52e-02h  4
 842  5.2787724e+00 5.36e-03 7.01e+00  -4.8 2.00e+01    -  9.11e-02 3.59e-02h  3
 843  5.2764212e+00 5.43e-03 2.33e+01  -4.8 2.51e+01    -  1.37e-01 1.72e-02h  4
 844  5.2744667e+00 5.40e-03 2.80e+01  -4.8 3.35e+01    -  5.91e-02 2.10e-02h  4
 845  5.2842381e+00 1.24e-02 5.98e+01  -4.2 4.82e+01    -  1.86e-01 4.58e-02h  3
 846  5.2821560e+00 1.25e-02 5.78e+01  -4.7 3.71e+01    -  1.87e-03 8.45e-03h  4
 847  5.2809532e+00 1.26e-02 5.07e+01  -4.7 8.50e+00    -  2.30e-01 9.31e-02h  3
 848  5.2747470e+00 1.24e-02 4.67e+01  -4.7 9.55e+00    -  2.00e-01 4.03e-02h  3
 849  5.2720510e+00 1.18e-02 4.04e+01  -4.7 4.16e+00    -  1.88e-01 7.87e-02h  2
iter    objective    inf_pr   inf_du lg(mu)  ||d||  lg(rg) alpha_du alpha_pr  ls
 850  5.2708872e+00 1.66e-02 2.21e+01  -4.4 2.04e+00    -  4.76e-01 2.84e-01h  1
 851  5.2830534e+00 1.50e-02 2.54e+01  -4.0 1.17e+01    -  2.37e-01 8.66e-02h  3
 852  5.2875373e+00 1.04e-02 3.36e+01  -4.4 5.16e+00    -  1.09e-01 5.02e-02h  4
 853  5.3074823e+00 2.78e-03 1.94e+01  -4.4 4.45e-01    -  7.65e-01 1.00e+00h  1
 854  5.3186212e+00 1.78e-03 5.34e+00  -4.4 5.54e-01    -  6.69e-01 7.97e-01h  1
 855  5.2909108e+00 1.96e-03 3.18e+00  -4.4 2.11e-01    -  5.32e-01 8.54e-01f  1
 856  5.2647019e+00 1.47e-03 1.13e+01  -4.4 4.92e-01    -  7.65e-01 1.00e+00h  1
 857  5.3699795e+00 1.01e-03 5.29e+00  -4.6 6.54e-01    -  1.00e+00 6.83e-01H  1
 858  5.2449671e+00 1.33e-03 1.30e-02  -4.7 4.29e-01    -  1.00e+00 1.00e+00f  1
 859  5.2865396e+00 5.30e-04 2.98e-02  -4.4 1.15e-01    -  1.00e+00 1.00e+00h  1
iter    objective    inf_pr   inf_du lg(mu)  ||d||  lg(rg) alpha_du alpha_pr  ls
 860  5.2485541e+00 3.43e-04 3.14e-03  -4.5 1.09e-01    -  1.00e+00 1.00e+00h  1
 861  5.2354360e+00 1.22e-04 7.35e-01  -5.2 1.74e-02    -  1.00e+00 8.41e-01h  1
 862  5.2289590e+00 2.11e-04 2.14e+00  -5.1 3.14e-02    -  1.00e+00 4.39e-01h  1
 863  5.2239035e+00 8.95e-04 7.35e-01  -5.2 7.59e-02    -  1.00e+00 6.65e-01h  1
 864  5.2216598e+00 1.94e-04 1.03e+00  -5.2 5.43e-02    -  1.00e+00 8.46e-01h  1
 865  5.2184152e+00 1.04e-04 2.25e+00  -5.6 3.50e-02    -  1.00e+00 7.10e-01h  1
 866  5.2159477e+00 4.30e-05 8.58e-01  -5.8 1.77e-02    -  1.00e+00 8.60e-01h  1
 867  5.2149216e+00 3.71e-05 5.13e-01  -6.0 2.40e-02    -  1.00e+00 5.90e-01h  1
 868  5.2141865e+00 1.17e-04 2.55e+00  -6.3 8.98e-02    -  1.00e+00 2.50e-01h  1
 869  5.2136691e+00 3.58e-04 2.64e+00  -5.4 2.79e-01    -  6.03e-01 1.27e-01h  1
iter    objective    inf_pr   inf_du lg(mu)  ||d||  lg(rg) alpha_du alpha_pr  ls
 870  5.2130949e+00 5.67e-04 2.84e+00  -5.2 6.86e-01    -  2.12e-01 6.16e-02h  1
 871  5.2119122e+00 1.73e-02 3.26e+00 -11.0 6.38e-01    -  2.04e-01 1.11e-01h  1
 872  5.2110539e+00 1.56e-02 3.58e+00  -6.5 9.06e-01    -  2.03e-01 1.02e-01h  1
 873  5.2110924e+00 1.38e-02 4.76e+00  -5.3 8.15e-01    -  3.56e-01 1.14e-01h  1
 874  5.2099090e+00 1.03e-02 6.59e+00  -5.6 7.62e-01    -  4.20e-01 1.17e-01h  1
 875  5.2110425e+00 7.63e-03 6.58e+00  -5.3 4.39e-01    -  3.89e-01 2.60e-01f  2
 876  5.2105183e+00 5.91e-03 1.06e+01  -5.5 4.50e-01    -  6.61e-01 2.27e-01h  2
 877  5.2129911e+00 5.02e-03 5.03e+00  -5.5 1.78e-01    -  4.13e-01 4.75e-01h  1
 878  5.2106635e+00 5.31e-04 1.48e+00  -5.5 6.78e-02    -  8.61e-01 1.00e+00h  1
 879  5.2127987e+00 1.91e-03 8.43e+00  -5.2 5.91e-02    -  5.55e-01 1.00e+00h  1
iter    objective    inf_pr   inf_du lg(mu)  ||d||  lg(rg) alpha_du alpha_pr  ls
 880  5.2068548e+00 8.40e-05 1.92e-01  -5.5 4.20e-02    -  1.00e+00 9.65e-01h  1
 881  5.2054374e+00 2.01e-03 1.19e-01  -5.9 2.57e-02    -  1.00e+00 8.19e-01h  1
 882  5.2041226e+00 1.87e-05 4.44e-03  -6.0 2.20e-02    -  1.00e+00 9.98e-01h  1
 883  5.2037924e+00 2.00e-03 8.31e-01  -6.1 5.04e-02    -  1.00e+00 6.35e-01h  1
 884  5.2032701e+00 2.02e-03 4.19e-03  -6.1 3.57e-02    -  1.00e+00 1.00e+00h  1
 885  5.2028173e+00 1.18e-03 1.83e+00  -5.9 6.45e-02    -  1.00e+00 4.16e-01h  1
 886  5.2035784e+00 1.88e-04 3.34e-01  -5.9 6.42e-02    -  1.00e+00 9.55e-01h  1
 887  5.2023629e+00 8.02e-05 5.08e-01  -6.0 6.42e-02    -  1.00e+00 7.87e-01h  1
 888  5.2087583e+00 1.17e-05 2.82e+00  -5.4 6.28e-02    -  5.14e-01 1.00e+00H  1
 889  5.2016375e+00 3.87e-04 4.86e-01  -6.1 3.36e-02    -  1.00e+00 8.39e-01h  1
iter    objective    inf_pr   inf_du lg(mu)  ||d||  lg(rg) alpha_du alpha_pr  ls
 890  5.2012951e+00 1.01e-04 1.39e+00  -5.7 4.42e-02    -  1.00e+00 7.40e-01h  1
 891  5.2027258e+00 1.17e-05 8.52e-02  -5.7 1.95e-01    -  9.70e-01 1.00e+00H  1
 892  5.2020924e+00 8.36e-05 1.00e+01  -5.3 1.52e+00    -  5.59e-01 6.55e-02h  1
 893  5.2016991e+00 1.41e-04 2.84e+01  -5.6 2.30e+00    -  2.61e-01 3.52e-02h  3
 894  5.2010847e+00 1.40e-04 6.64e+01  -5.6 4.21e-01    -  4.58e-01 1.17e-01h  2
 895  5.2002140e+00 1.87e-04 1.49e+01  -5.7 3.47e-01    -  8.80e-01 3.45e-01h  2
 896  5.2015387e+00 7.09e-04 1.24e+01  -5.2 1.70e+00    -  4.03e-01 1.66e-01h  2
 897  5.2009948e+00 1.70e-02 2.50e+01  -5.5 5.99e-01    -  4.84e-01 7.49e-02h  4
 898  5.1996064e+00 2.13e-03 6.40e+00  -5.5 3.38e-01    -  9.77e-01 8.75e-01h  1
 899  5.1986263e+00 2.00e-03 7.11e+00  -5.0 1.58e+00    -  2.88e-01 5.82e-02f  3
iter    objective    inf_pr   inf_du lg(mu)  ||d||  lg(rg) alpha_du alpha_pr  ls
 900  5.2014229e+00 9.23e-04 4.12e+00  -6.0 1.07e-01    -  6.62e-01 5.36e-01h  1
 901  5.1950468e+00 1.62e-04 9.73e-01  -5.7 3.63e-02    -  6.06e-01 1.00e+00h  1
 902  5.1937941e+00 1.63e-04 7.60e-02  -6.2 9.73e-02    -  1.00e+00 9.58e-01h  1
 903  5.1932980e+00 8.97e-04 6.75e-01  -5.6 3.02e+00    -  3.88e-01 1.35e-01h  1
 904  5.1971629e+00 5.84e-03 8.26e-01  -4.9 2.22e+01    -  7.56e-02 4.60e-02h  1
 905  5.1958937e+00 6.49e-03 9.27e-01  -5.8 2.82e+01    -  7.36e-02 1.51e-02h  1
 906  5.1955157e+00 7.80e-03 8.78e-01  -5.8 2.80e+01    -  2.15e-02 2.31e-02f  1
 907  5.1937477e+00 8.54e-03 1.85e+00  -5.8 2.67e+01    -  6.42e-02 1.85e-02h  2
 908  5.1918978e+00 8.83e-03 2.69e+00  -5.8 2.97e+01    -  4.56e-02 1.35e-02h  3
 909  5.1915901e+00 9.21e-03 3.55e+00  -4.8 2.56e+01    -  5.25e-02 2.41e-02h  2
iter    objective    inf_pr   inf_du lg(mu)  ||d||  lg(rg) alpha_du alpha_pr  ls
 910  5.1910277e+00 9.00e-03 5.04e+00  -4.9 1.18e+01    -  6.61e-02 2.26e-02h  3
 911  5.2485693e+00 9.72e-03 9.90e-01  -4.3 2.61e+00    -  4.91e-02 1.42e-01h  1
 912  5.2144355e+00 6.75e-03 7.72e+00  -5.3 1.45e-01    -  5.34e-01 3.29e-01h  1
 913  5.1958221e+00 5.19e-03 5.38e+00  -5.3 1.35e-01    -  3.48e-01 3.14e-01h  1
 914  5.1866256e+00 3.16e-03 3.66e+00  -5.3 9.45e-02    -  2.56e-01 6.06e-01f  1
 915  5.1888441e+00 1.23e-04 1.68e-02  -5.0 6.93e-02    -  1.00e+00 1.00e+00f  1
 916  5.1834216e+00 5.59e-05 7.82e-01  -5.6 3.82e-02    -  1.00e+00 6.13e-01h  1
 917  5.1819784e+00 4.13e-06 1.68e-03  -5.3 1.21e-02    -  1.00e+00 1.00e+00h  1
 918  5.1796366e+00 1.73e-05 1.19e-01  -5.9 9.65e-03    -  9.99e-01 9.37e-01h  1
 919  5.1791638e+00 1.32e-04 9.63e-02  -5.6 3.00e-02    -  1.00e+00 8.46e-01h  1
iter    objective    inf_pr   inf_du lg(mu)  ||d||  lg(rg) alpha_du alpha_pr  ls
 920  5.1818072e+00 7.61e-04 9.68e-03  -5.3 5.70e-02    -  1.00e+00 1.00e+00h  1
 921  5.1884903e+00 1.58e-04 1.15e+00  -5.4 9.53e-02    -  8.35e-01 1.00e+00H  1
 922  5.1802251e+00 8.10e-04 3.99e+00  -5.4 5.50e-02    -  4.56e-01 1.00e+00h  1
 923  5.1794696e+00 6.80e-05 2.04e+00  -5.4 3.42e-02    -  8.30e-01 1.00e+00h  1
 924  5.1767996e+00 3.86e-05 4.61e-01  -6.0 2.10e-02    -  1.00e+00 6.71e-01h  1
 925  5.1757458e+00 5.34e-05 4.35e-01  -6.4 3.77e-02    -  1.00e+00 5.25e-01h  1
 926  5.1748830e+00 2.66e-04 6.37e-01  -6.1 8.84e-02    -  1.00e+00 4.74e-01h  1
 927  5.1773432e+00 4.70e-04 4.86e-01  -5.2 3.90e-01    -  4.19e-01 2.72e-01h  1
 928  5.1762147e+00 7.22e-04 1.42e+00  -5.6 1.38e-01    -  6.67e-01 3.54e-01h  1
 929  5.1748171e+00 3.03e-04 1.08e+00  -5.6 6.82e-02    -  2.58e-01 2.50e-01f  2
iter    objective    inf_pr   inf_du lg(mu)  ||d||  lg(rg) alpha_du alpha_pr  ls
 930  5.1741091e+00 4.64e-05 2.14e+00  -5.6 2.19e-02    -  7.42e-01 1.00e+00h  1
 931  5.1736070e+00 8.64e-05 3.39e+00  -6.3 5.96e-02    -  1.00e+00 1.68e-01h  1
 932  5.1739491e+00 5.56e-04 4.80e+00  -5.4 2.71e-01    -  9.01e-01 1.80e-01h  3
 933  5.1735343e+00 3.30e-04 3.87e+00  -5.5 1.63e-01    -  8.75e-01 3.86e-01h  2
 934  5.1728288e+00 2.77e-04 3.31e+00  -5.5 5.45e-01    -  4.85e-01 1.22e-01h  3
 935  5.1730000e+00 2.50e-04 4.24e+00  -5.2 2.76e-01    -  8.38e-01 1.12e-01h  4
 936  5.1743432e+00 5.50e-04 6.97e-03  -5.4 3.76e-02    -  1.00e+00 1.00e+00h  1
 937  5.1732168e+00 5.04e-04 1.22e-02  -5.4 9.27e-02    -  1.00e+00 1.00e+00h  1
 938  5.1733765e+00 4.13e-04 2.07e+00  -5.0 5.55e-01    -  6.10e-01 1.49e-01h  3
 939  5.1734330e+00 3.55e-04 2.11e+00  -5.2 5.86e-01    -  7.51e-01 1.89e-01h  3
iter    objective    inf_pr   inf_du lg(mu)  ||d||  lg(rg) alpha_du alpha_pr  ls
 940  5.1730995e+00 3.37e-04 4.81e+00  -5.2 6.22e-01    -  7.17e-01 9.27e-02h  4
 941  5.1911978e+00 7.97e-05 2.53e+00  -5.2 2.90e-01    -  5.16e-01 1.00e+00H  1
 942  5.1850933e+00 2.13e-04 9.04e-01  -5.2 3.26e-01    -  6.27e-01 1.61e-01h  3
 943  5.1749613e+00 2.27e-04 5.48e-01  -5.2 2.12e-01    -  2.72e-01 2.77e-01H  1
 944  5.1723401e+00 5.47e-04 3.98e-01  -5.2 1.78e-01    -  3.54e-01 3.69e-01f  2
 945  5.1730671e+00 1.10e-04 6.99e-02  -5.5 6.94e-02    -  1.00e+00 9.95e-01h  1
 946  5.1683314e+00 6.49e-05 5.81e-01  -5.6 3.72e-02    -  1.00e+00 6.78e-01h  1
 947  5.1671720e+00 2.64e-05 2.92e-03  -5.7 1.48e-02    -  1.00e+00 1.00e+00h  1
 948  5.1660305e+00 8.64e-06 4.74e-01  -6.3 1.13e-02    -  1.00e+00 8.35e-01h  1
 949  5.1657458e+00 7.10e-05 9.95e-01  -6.3 4.61e-02    -  1.00e+00 1.85e-01h  1
iter    objective    inf_pr   inf_du lg(mu)  ||d||  lg(rg) alpha_du alpha_pr  ls
 950  5.1653084e+00 1.30e-04 2.97e+00  -6.0 1.51e-01    -  1.00e+00 2.09e-01h  1
 951  5.1649239e+00 2.12e-04 4.65e+00  -6.0 1.68e-01    -  8.45e-01 2.71e-01h  1
 952  5.1646799e+00 3.49e-04 5.81e+00  -6.1 2.10e-01    -  7.94e-01 3.08e-01h  1
 953  5.1648857e+00 5.22e-04 4.66e+00  -5.7 1.95e-01    -  5.11e-01 3.51e-01h  1
 954  5.1646688e+00 3.47e-04 5.83e+00  -5.9 1.23e-01    -  5.28e-01 3.43e-01h  1
 955  5.1639094e+00 2.31e-04 6.76e+00  -6.1 6.09e-02    -  5.78e-01 3.68e-01h  1
 956  5.1639403e+00 8.54e-05 1.43e+00  -5.6 3.41e-02    -  9.08e-01 1.00e+00h  1
 957  5.1637078e+00 7.91e-05 5.70e-01  -5.9 5.08e-02    -  1.00e+00 8.50e-01h  1
 958  5.1623341e+00 8.93e-05 1.52e-01  -6.4 6.46e-02    -  1.00e+00 6.49e-01h  1
 959  5.1618757e+00 1.53e-04 4.85e-01  -6.5 2.00e-01    -  5.18e-01 2.29e-01h  1
iter    objective    inf_pr   inf_du lg(mu)  ||d||  lg(rg) alpha_du alpha_pr  ls
 960  5.1619649e+00 1.68e-04 1.02e+00  -6.5 1.14e-01    -  5.10e-01 3.77e-01H  1
 961  5.1621502e+00 1.54e-05 5.51e-03  -6.2 6.70e-02    -  1.00e+00 1.00e+00H  1
 962  5.1614579e+00 4.15e-05 1.14e+00  -5.8 7.66e-02    -  7.68e-01 3.01e-01h  1
 963  5.1610134e+00 7.66e-05 1.28e+00  -5.9 5.36e-02    -  6.71e-01 4.82e-01h  2
 964  5.1629663e+00 1.68e-02 4.55e-01  -5.5 7.70e-02    -  9.21e-01 1.00e+00h  1
 965  5.1646387e+00 1.20e-04 2.73e-02  -5.6 9.25e-02    -  9.83e-01 1.00e+00h  1
 966  5.1632800e+00 1.68e-02 8.59e-03  -5.6 5.34e-02    -  1.00e+00 1.00e+00h  1
 967  5.1608169e+00 4.93e-03 2.37e-03  -5.6 2.78e-02    -  1.00e+00 1.00e+00h  1
 968  5.1596218e+00 4.90e-03 1.97e-02  -6.1 1.59e-02    -  1.00e+00 9.94e-01h  1
 969  5.1607372e+00 1.46e-03 4.74e-01  -5.6 1.67e-01    -  1.00e+00 7.03e-01h  1
iter    objective    inf_pr   inf_du lg(mu)  ||d||  lg(rg) alpha_du alpha_pr  ls
 970  5.1605149e+00 1.20e-03 4.75e-01  -5.7 9.22e-01    -  3.79e-01 1.92e-01h  2
 971  5.1600049e+00 1.16e-03 7.23e-01  -5.7 3.41e+00    -  2.57e-01 3.60e-02h  2
 972  5.1592852e+00 1.12e-03 1.55e+00  -5.7 4.21e+00    -  3.35e-01 5.75e-02h  3
 973  5.1615203e+00 3.87e-03 1.93e+00  -4.9 4.66e+00    -  1.22e-01 6.10e-02h  3
 974  5.1611102e+00 3.63e-03 5.50e+00  -5.5 3.67e+00    -  3.44e-01 5.82e-02h  3
 975  5.1610539e+00 3.33e-03 6.62e+00  -5.5 2.27e+00    -  1.77e-01 8.09e-02h  2
 976  5.1594450e+00 2.75e-03 8.26e+00  -5.5 1.99e+00    -  3.21e-01 1.56e-01h  2
 977  5.1581266e+00 2.62e-03 1.03e+01  -5.5 4.37e+00    -  1.79e-01 4.59e-02h  2
 978  5.1568594e+00 2.33e-03 1.08e+01 -11.0 1.30e+00    -  1.93e-01 1.06e-01h  2
 979  5.1580529e+00 1.55e-03 8.75e+00  -5.3 1.82e-01    -  4.64e-01 3.39e-01h  1
iter    objective    inf_pr   inf_du lg(mu)  ||d||  lg(rg) alpha_du alpha_pr  ls
 980  5.1579732e+00 5.22e-04 8.08e-03  -5.2 8.76e-02    -  1.00e+00 1.00e+00h  1
 981  5.1559463e+00 1.64e-02 3.68e+00  -5.3 3.67e-02    -  1.00e+00 5.28e-01h  1
 982  5.1573070e+00 1.57e-04 1.76e-01  -5.1 6.95e-02    -  1.00e+00 9.90e-01h  1
 983  5.1745919e+00 2.21e-05 1.35e+00  -4.8 3.43e-01    -  9.46e-01 1.00e+00H  1
 984  5.1756759e+00 1.65e-05 2.18e-02  -4.9 1.83e-01    -  1.00e+00 1.00e+00H  1
 985  5.1643854e+00 1.93e-03 2.45e+01  -4.9 1.95e-01    -  1.00e+00 3.56e-01f  1
 986  5.1641446e+00 1.91e-03 4.60e+01  -4.9 8.17e-02    -  5.34e-01 1.00e+00h  1
 987  5.1605037e+00 9.56e-04 4.94e+01  -4.9 7.86e-02    -  1.00e+00 4.99e-01h  1
 988  5.1604313e+00 1.94e-03 5.96e-03  -4.9 1.10e-01    -  1.00e+00 1.00e+00f  1
 989  5.1632804e+00 6.18e-05 1.25e-02  -4.9 1.41e-01    -  1.00e+00 1.00e+00h  1
iter    objective    inf_pr   inf_du lg(mu)  ||d||  lg(rg) alpha_du alpha_pr  ls
 990  5.1604786e+00 9.19e-05 1.01e-02  -4.9 5.56e-02    -  1.00e+00 1.00e+00h  1
 991  5.1577565e+00 2.12e-05 1.11e+01  -4.9 3.59e-02    -  1.00e+00 7.98e-01h  1
 992  5.1524018e+00 2.12e-05 1.42e-01  -5.5 3.36e-02    -  1.00e+00 9.17e-01h  1
 993  5.1494971e+00 1.02e-04 2.66e+00  -5.6 1.95e-01    -  1.00e+00 3.09e-01h  1
 994  5.1488227e+00 1.60e-04 1.46e+01  -5.2 7.54e-01    -  1.00e+00 1.92e-01h  2
 995  5.1489195e+00 8.78e-04 1.89e+00  -5.0 1.89e+00    -  7.41e-01 2.60e-01h  2
 996  5.1484301e+00 1.40e-03 5.32e+00  -5.1 1.37e+01    -  1.16e-01 3.00e-02h  2
 997  5.1638553e+00 4.09e-03 1.82e+01  -4.5 9.29e+00    -  2.42e-01 1.13e-01h  2
 998  5.1633271e+00 4.23e-03 1.72e+01  -4.9 8.29e+00    -  1.91e-02 3.99e-02h  2
 999  5.1597528e+00 4.50e-03 1.52e+01  -4.9 4.08e+00    -  1.96e-01 9.32e-02h  2
iter    objective    inf_pr   inf_du lg(mu)  ||d||  lg(rg) alpha_du alpha_pr  ls
1000  5.1559394e+00 5.05e-03 1.35e+01  -4.9 1.03e+01    -  1.89e-01 5.83e-02h  3
1001  5.1517039e+00 4.90e-03 1.17e+01  -4.9 7.21e+00    -  1.51e-01 4.08e-02h  3
1002  5.1477350e+00 4.24e-03 9.15e+00  -4.9 6.27e-01    -  1.46e-01 8.46e-02h  1
1003  5.1502173e+00 2.45e-03 2.58e+01  -4.6 2.75e-01    -  9.05e-01 4.89e-01f  1
1004  5.1649612e+00 3.72e-03 4.96e+00  -4.8 4.27e-01    -  6.23e-01 7.27e-01H  1
1005  5.1556757e+00 1.85e-03 1.50e+01  -4.8 2.43e-01    -  2.78e-01 5.00e-01f  2
1006  5.1495020e+00 1.64e-03 7.27e+00  -4.8 5.86e-01    -  1.00e+00 5.65e-01h  1
1007  5.1499097e+00 1.48e-03 7.65e+00  -4.8 1.08e+00    -  7.19e-01 1.54e-01h  3
1008  5.1681105e+00 1.24e-03 2.75e-02  -4.8 1.16e-01    -  1.00e+00 1.00e+00h  1
1009  5.1461778e+00 1.78e-03 1.01e-02  -4.8 2.29e-01    -  1.00e+00 1.00e+00h  1
iter    objective    inf_pr   inf_du lg(mu)  ||d||  lg(rg) alpha_du alpha_pr  ls
1010  5.1417875e+00 1.88e-04 2.31e-01  -5.1 4.59e-02    -  1.00e+00 9.32e-01h  1
1011  5.1427476e+00 1.26e-04 3.50e-03  -4.8 4.22e-02    -  1.00e+00 1.00e+00h  1
1012  5.1357096e+00 1.19e-04 5.67e-01  -5.3 3.12e-02    -  1.00e+00 8.51e-01h  1
1013  5.1370855e+00 1.68e-05 7.80e-03  -5.0 1.22e-01    -  1.00e+00 1.00e+00H  1
1014  5.1341708e+00 1.94e-03 5.35e-01  -5.3 2.21e-01    -  1.00e+00 7.85e-01h  1
1015  5.1543424e+00 5.06e-03 2.52e+00  -5.1 1.51e-01    -  6.41e-01 9.77e-01H  1
1016  5.1401739e+00 1.99e-03 5.51e+00  -5.2 1.42e-01    -  1.00e+00 3.76e-01h  1
1017  5.1380568e+00 1.63e-02 4.94e-01  -5.2 8.32e-02    -  7.72e-01 9.66e-01f  1
1018  5.1303466e+00 2.93e-03 7.86e-01  -5.2 6.60e-02    -  1.00e+00 8.23e-01f  1
1019  5.1293825e+00 1.92e-03 1.21e-02  -5.3 4.05e-02    -  1.00e+00 9.91e-01f  1
iter    objective    inf_pr   inf_du lg(mu)  ||d||  lg(rg) alpha_du alpha_pr  ls
1020  5.1268568e+00 1.52e-04 1.42e-02  -5.6 1.10e-01    -  1.00e+00 9.94e-01h  1
1021  5.1255326e+00 7.73e-04 1.85e+00  -5.8 4.85e-01    -  1.00e+00 4.27e-01h  1
1022  5.1415093e+00 1.67e-02 8.13e-01  -4.7 1.65e+00    -  2.29e-01 3.54e-01h  1
1023  5.1478124e+00 1.33e-02 3.02e+00  -5.3 1.81e+00    -  3.93e-01 2.04e-01h  1
1024  5.1391530e+00 9.71e-03 6.00e+00  -5.3 1.82e-01    -  1.39e-01 2.71e-01h  2
1025  5.1299483e+00 6.77e-03 1.05e+01  -5.3 3.94e-01    -  2.07e-01 3.02e-01h  1
1026  5.1321325e+00 5.83e-03 7.56e+00  -5.3 7.98e-01    -  3.08e-01 1.52e-01h  1
1027  5.1255356e+00 2.02e-03 2.33e+01  -5.3 6.05e-02    -  1.00e+00 6.50e-01f  1
1028  5.1234036e+00 3.07e-05 6.63e-03  -5.3 5.54e-02    -  1.00e+00 1.00e+00f  1
1029  5.1246358e+00 1.63e-05 3.54e-03  -5.1 1.66e-02    -  1.00e+00 1.00e+00h  1
iter    objective    inf_pr   inf_du lg(mu)  ||d||  lg(rg) alpha_du alpha_pr  ls
1030  5.1219617e+00 2.60e-05 4.48e-01  -5.6 1.74e-02    -  1.00e+00 8.18e-01h  1
1031  5.1197919e+00 1.63e-04 8.19e-01  -6.0 7.46e-02    -  1.00e+00 6.18e-01h  1
1032  5.1195700e+00 2.95e-04 1.51e-01  -5.6 4.19e-02    -  1.00e+00 9.29e-01h  1
1033  5.1193072e+00 1.33e-04 2.18e+00  -5.7 6.34e-02    -  9.88e-01 5.73e-01h  1
1034  5.1203234e+00 5.82e-05 3.53e-03  -5.4 1.98e-02    -  1.00e+00 1.00e+00h  1
1035  5.1191131e+00 8.18e-06 2.72e-03  -5.5 1.59e-02    -  1.00e+00 1.00e+00h  1
1036  5.1176503e+00 2.82e-05 3.83e-01  -5.9 3.29e-02    -  1.00e+00 7.54e-01h  1
1037  5.1170649e+00 1.01e-04 1.19e+00  -6.2 1.15e-01    -  1.00e+00 5.08e-01h  1
1038  5.1167014e+00 2.69e-04 1.01e+01  -5.7 3.75e-01    -  9.14e-01 3.23e-01h  1
1039  5.1167355e+00 3.43e-04 1.83e+01  -5.4 1.89e+00    -  2.38e-01 7.11e-02h  2
iter    objective    inf_pr   inf_du lg(mu)  ||d||  lg(rg) alpha_du alpha_pr  ls
1040  5.1164328e+00 2.89e-04 2.99e+01  -5.7 7.44e-01    -  2.97e-01 9.97e-02h  2
1041  5.1164713e+00 2.13e-04 3.61e+01  -5.8 2.27e-01    -  4.80e-01 2.82e-01h  1
1042  5.1240934e+00 6.73e-04 1.57e+01  -4.9 1.85e-01    -  2.67e-01 5.13e-01h  1
1043  5.1200977e+00 1.88e-04 2.22e+00  -5.4 5.83e-02    -  1.00e+00 8.54e-01h  1
1044  5.1173891e+00 1.00e-04 6.82e-03  -5.4 3.77e-02    -  1.00e+00 1.00e+00f  1
1045  5.1165620e+00 3.46e-05 1.39e-03  -5.4 6.60e-02    -  1.00e+00 1.00e+00h  1
1046  5.1170825e+00 2.29e-06 5.19e-02  -5.8 6.75e-02    -  1.00e+00 9.77e-01H  1
1047  5.1134360e+00 1.41e-05 5.13e-01  -6.4 3.92e-02    -  1.00e+00 7.09e-01h  1
1048  5.1126890e+00 5.37e-06 3.48e-01  -6.5 1.47e-02    -  1.00e+00 8.89e-01h  1
1049  5.1126391e+00 4.01e-06 5.31e-02  -6.3 1.62e-02    -  1.00e+00 9.33e-01h  1
iter    objective    inf_pr   inf_du lg(mu)  ||d||  lg(rg) alpha_du alpha_pr  ls
1050  5.1123234e+00 2.83e-05 1.09e+00  -6.7 7.92e-02    -  1.00e+00 5.06e-01h  1
1051  5.1116980e+00 3.03e-04 1.21e+00  -5.7 1.64e+00    -  5.22e-01 1.06e-01h  1
1052  5.1110730e+00 6.48e-04 1.37e+00  -5.2 1.79e+01    -  5.07e-02 1.09e-02h  1
1053  5.1107635e+00 4.74e-04 1.87e+00  -5.2 1.26e+01    -  9.49e-02 2.77e-02h  2
1054  5.1119358e+00 1.13e-03 2.65e+00  -4.9 1.31e+01    -  1.12e-01 4.20e-02h  1
1055  5.1116281e+00 1.45e-02 3.15e+00  -5.6 1.18e+01    -  7.42e-02 3.38e-02h  2
1056  5.1115639e+00 1.42e-02 3.86e+00  -5.6 2.16e+01    -  1.09e-01 2.41e-02h  1
1057  5.1114583e+00 1.35e-02 5.64e+00  -5.6 1.05e+01    -  1.55e-01 5.43e-02h  2
1058  5.1107696e+00 1.30e-02 6.38e+00  -5.6 1.71e+01    -  9.44e-02 4.00e-02h  1
1059  5.1107108e+00 1.25e-02 5.74e+00  -5.6 1.99e+01    -  2.17e-02 4.36e-02h  1
iter    objective    inf_pr   inf_du lg(mu)  ||d||  lg(rg) alpha_du alpha_pr  ls
1060  5.1218585e+00 1.27e-02 6.24e+00  -4.5 2.63e+01    -  8.54e-02 5.31e-02f  1
1061  5.1202445e+00 1.27e-02 8.35e+00  -5.4 1.77e+01    -  1.29e-01 3.84e-02h  2
1062  5.1166241e+00 1.32e-02 8.84e+00  -5.4 2.31e+01    -  7.18e-02 4.12e-02h  2
1063  5.1120015e+00 1.32e-02 9.69e+00  -5.4 3.92e+01    -  4.00e-02 1.33e-02h  3
1064  5.1089959e+00 1.33e-02 1.02e+01  -5.4 3.40e+01    -  5.20e-02 3.16e-02h  2
1065  5.1452520e+00 1.25e-02 9.43e+00  -4.1 2.17e+01    -  5.51e-02 5.96e-02h  1
1066  5.1365810e+00 1.16e-02 1.17e+01  -5.2 5.41e+00    -  1.38e-01 6.38e-02h  2
1067  5.1245809e+00 1.04e-02 7.53e+00  -5.2 2.17e+00    -  4.21e-02 1.30e-01h  1
1068  5.1001547e+00 6.40e-03 1.00e+01  -5.2 1.34e+00    -  2.00e-01 4.40e-01h  1
1069  5.1297509e+00 7.78e-03 8.06e+00  -4.4 5.61e+00    -  1.85e-01 1.68e-01f  1
iter    objective    inf_pr   inf_du lg(mu)  ||d||  lg(rg) alpha_du alpha_pr  ls
1070  5.1264217e+00 6.99e-03 4.36e+00  -4.9 6.48e-01    -  3.29e-01 2.07e-01h  1
1071  5.0928866e+00 2.10e-03 5.56e+00  -4.9 8.76e-01    -  4.31e-01 1.00e+00h  1
1072  5.0999412e+00 2.47e-03 4.74e+00  -4.4 3.34e+00    -  2.05e-01 9.75e-02h  2
1073  5.1343599e+00 8.10e-04 4.37e+00  -4.8 1.35e-01    -  4.97e-01 1.00e+00h  1
1074  5.0898105e+00 6.85e-04 8.59e-03  -4.8 2.20e-01    -  1.00e+00 1.00e+00h  1
1075  5.0852554e+00 1.95e-04 9.87e-01  -5.2 4.53e-02    -  1.00e+00 7.24e-01h  1
1076  5.0795959e+00 7.13e-05 7.58e-01  -5.7 7.38e-02    -  1.00e+00 6.91e-01h  1
1077  5.0792760e+00 1.62e-04 1.60e+00  -5.2 3.93e-01    -  1.00e+00 3.45e-01h  2
1078  5.0997368e+00 1.29e-04 1.17e-01  -5.2 4.38e-01    -  1.00e+00 9.76e-01H  1
1079  5.0980973e+00 4.66e-03 1.58e+00  -4.9 1.22e-01    -  5.84e-01 1.00e+00h  1
iter    objective    inf_pr   inf_du lg(mu)  ||d||  lg(rg) alpha_du alpha_pr  ls
1080  5.0792819e+00 5.96e-04 3.81e-01  -5.1 1.03e-01    -  1.00e+00 9.51e-01h  1
1081  5.0767868e+00 2.90e-04 2.13e+00  -5.1 6.91e-02    -  1.00e+00 5.90e-01f  1
1082  5.0716945e+00 6.55e-04 5.49e-01  -5.5 1.95e-01    -  1.00e+00 8.44e-01h  1
1083  5.0727182e+00 5.68e-04 1.99e+00  -4.9 2.29e+00    -  5.91e-01 1.30e-01h  3
1084  5.0722186e+00 5.27e-04 3.97e+00  -5.2 5.49e+00    -  2.75e-01 6.16e-02h  3
1085  5.0715360e+00 5.67e-04 5.59e+00  -5.2 5.64e+00    -  2.60e-01 3.35e-02h  4
1086  5.0710533e+00 1.61e-02 5.54e+00  -5.3 5.74e+00    -  1.37e-01 7.08e-02h  3
1087  5.0684319e+00 1.35e-02 5.39e+00  -7.2 1.98e+01    -  3.61e-02 2.69e-02h  3
1088  5.0674587e+00 1.33e-02 5.74e+00  -5.4 2.27e+01    -  7.75e-02 1.37e-02h  4
1089  5.0661973e+00 1.26e-02 6.95e+00  -4.9 6.56e+00    -  2.23e-01 5.16e-02h  3
iter    objective    inf_pr   inf_du lg(mu)  ||d||  lg(rg) alpha_du alpha_pr  ls
1090  5.0667222e+00 1.21e-02 9.50e+00  -4.7 3.10e+00    -  1.45e-01 3.90e-02h  3
1091  5.1038078e+00 1.37e-03 6.85e+00  -4.8 3.09e-01    -  7.38e-01 9.98e-01H  1
1092  5.0812464e+00 1.40e-02 5.32e-02  -4.9 4.72e-01    -  1.00e+00 1.00e+00h  1
1093  5.0728015e+00 1.04e-02 3.13e+00  -4.9 1.02e+00    -  4.07e-01 2.61e-01h  2
1094  5.0776904e+00 1.03e-02 2.26e-01  -4.9 3.50e-01    -  5.42e-01 6.36e-01h  1
1095  5.0751226e+00 1.40e-02 1.50e-02  -4.9 1.10e-01    -  1.00e+00 1.00e+00f  1
1096  5.0629302e+00 2.90e-03 1.70e+00  -4.9 8.28e-02    -  1.00e+00 7.93e-01h  1
1097  5.0571191e+00 3.62e-05 1.95e-02  -5.4 5.08e-02    -  1.00e+00 9.92e-01h  1
1098  5.0544297e+00 7.54e-05 6.46e-01  -5.6 1.31e-01    -  1.00e+00 4.06e-01h  1
1099  5.0532071e+00 1.11e-03 1.45e+00  -5.3 1.46e-01    -  1.00e+00 5.79e-01h  1
iter    objective    inf_pr   inf_du lg(mu)  ||d||  lg(rg) alpha_du alpha_pr  ls
1100  5.0536126e+00 9.40e-04 2.74e+00  -5.3 1.38e-01    -  1.00e+00 5.45e-01h  1
1101  5.0545207e+00 1.94e-04 2.12e-01  -5.4 4.64e-02    -  1.00e+00 9.64e-01h  1
1102  5.0504263e+00 3.19e-04 3.36e-03  -5.5 4.28e-02    -  1.00e+00 1.00e+00h  1
1103  5.0487369e+00 6.80e-05 8.33e-01  -5.9 5.79e-02    -  1.00e+00 6.77e-01h  1
1104  5.0481272e+00 1.72e-04 8.06e-01  -6.1 1.78e-01    -  1.00e+00 5.33e-01h  1
1105  5.0476242e+00 1.14e-03 9.67e-01  -5.7 5.26e-01    -  7.96e-01 2.70e-01h  1
1106  5.0472392e+00 1.07e-03 1.39e+00  -5.5 1.21e+00    -  2.94e-01 5.53e-02h  3
1107  5.0470001e+00 9.37e-04 2.90e+00  -5.7 2.92e-01    -  5.06e-01 1.26e-01h  3
1108  5.0460438e+00 3.41e-04 4.26e-01  -6.3 7.08e-02    -  7.27e-01 7.85e-01h  1
1109  5.0470228e+00 1.74e-04 1.58e+00  -5.8 2.16e-01    -  8.86e-01 5.67e-01h  1
iter    objective    inf_pr   inf_du lg(mu)  ||d||  lg(rg) alpha_du alpha_pr  ls
1110  5.0574370e+00 1.72e-05 1.00e+00  -5.5 9.12e-02    -  7.94e-01 1.00e+00H  1
1111  5.0456224e+00 2.05e-04 2.80e-01  -5.6 7.12e-02    -  1.00e+00 8.94e-01h  1
1112  5.0442016e+00 6.05e-05 7.47e-02  -6.1 3.38e-02    -  1.00e+00 9.32e-01h  1
1113  5.0434655e+00 4.78e-03 7.98e-01  -6.4 1.33e-01    -  1.00e+00 5.15e-01h  1
1114  5.0431526e+00 4.43e-03 8.93e-01  -5.8 8.76e-01    -  5.02e-01 7.18e-02h  1
1115  5.0428167e+00 3.96e-03 8.30e-01  -5.6 1.22e+00    -  4.69e-01 1.01e-01h  2
1116  5.0437589e+00 3.32e-03 8.57e-01  -5.2 2.09e+00    -  1.92e-01 1.50e-01h  1
1117  5.0430056e+00 3.15e-03 3.08e+00  -5.7 3.40e+00    -  2.22e-01 4.30e-02h  2
1118  5.0424921e+00 2.96e-03 1.24e+01  -5.7 2.02e+00    -  3.36e-01 6.67e-02h  2
1119  5.0430706e+00 1.62e-02 1.08e+01  -5.3 2.35e+00    -  1.90e-01 1.53e-01h  2
iter    objective    inf_pr   inf_du lg(mu)  ||d||  lg(rg) alpha_du alpha_pr  ls
1120  5.0420910e+00 1.51e-02 1.07e+01  -5.6 2.47e+00    -  1.54e-01 6.54e-02h  2
1121  5.0442734e+00 1.29e-02 1.13e+01  -5.0 1.41e+00    -  2.73e-01 1.44e-01h  1
1122  5.0474334e+00 7.35e-03 8.12e+00  -5.4 1.63e-01    -  4.92e-01 4.32e-01h  1
1123  5.0406710e+00 2.13e-03 2.48e+00  -5.4 1.76e-01    -  6.71e-01 7.09e-01h  1
1124  5.0407846e+00 1.71e-03 6.05e+00  -5.0 1.05e-01    -  6.72e-01 2.16e-01f  3
1125  5.0415170e+00 7.07e-04 1.05e+01  -5.1 6.32e-02    -  1.00e+00 5.86e-01h  1
1126  5.0416039e+00 6.13e-04 9.99e-02  -5.6 1.70e-01    -  1.00e+00 9.78e-01h  1
1127  5.0390628e+00 3.17e-04 4.64e-01  -5.7 1.86e-01    -  1.00e+00 9.36e-01h  1
1128  5.0494514e+00 2.44e-04 1.36e-01  -5.3 1.15e-01    -  6.94e-01 6.96e-01H  1
1129  5.0395741e+00 1.98e-04 4.94e+00  -5.5 5.37e-02    -  1.00e+00 5.15e-01h  1
iter    objective    inf_pr   inf_du lg(mu)  ||d||  lg(rg) alpha_du alpha_pr  ls
1130  5.0352668e+00 9.20e-05 2.49e-03  -5.7 5.66e-02    -  1.00e+00 1.00e+00f  1
1131  5.0345089e+00 3.06e-05 4.10e+00  -6.2 8.05e-02    -  1.00e+00 6.72e-01h  1
1132  5.0336171e+00 8.51e-05 3.80e-01  -6.3 9.81e-02    -  1.00e+00 7.10e-01h  1
1133  5.0330898e+00 7.61e-05 4.36e+00  -5.7 6.38e-01    -  7.77e-01 1.29e-01h  1
1134  5.0329660e+00 8.32e-05 4.47e+00 -11.0 7.42e-01    -  1.90e-01 9.55e-02h  2
1135  5.0351310e+00 1.89e-05 4.36e+00  -5.8 2.25e-01    -  4.88e-01 9.16e-01H  1
1136  5.0363859e+00 3.14e-04 1.67e+00  -5.5 5.34e-01    -  5.71e-01 4.92e-01h  1
1137  5.0345971e+00 2.91e-04 4.76e-01  -5.7 1.16e+00    -  2.25e-01 1.28e-01h  2
1138  5.0332952e+00 2.23e-04 6.79e+00  -5.7 1.28e+00    -  3.05e-01 1.40e-01h  2
1139  5.0323829e+00 2.12e-04 1.35e+01  -5.7 1.01e+00    -  3.54e-01 7.75e-02h  3
iter    objective    inf_pr   inf_du lg(mu)  ||d||  lg(rg) alpha_du alpha_pr  ls
1140  5.0324995e+00 3.91e-04 1.07e+01  -5.4 2.77e-01    -  6.66e-01 3.43e-01h  1
1141  5.0340431e+00 2.83e-04 6.46e+00  -5.6 6.12e-01    -  9.51e-01 5.24e-01h  1
1142  5.0321659e+00 6.65e-04 7.15e+00  -5.6 2.39e+00    -  2.87e-01 1.20e-01h  2
1143  5.0326249e+00 2.39e-03 7.49e+00  -4.8 1.20e+01    -  1.67e-01 8.34e-02h  1
1144  5.0317898e+00 1.65e-02 8.97e+00  -5.4 2.31e+01    -  9.84e-02 1.52e-02h  4
1145  5.0313207e+00 1.58e-02 1.00e+01  -5.1 1.43e+01    -  1.07e-01 4.40e-02h  3
1146  5.0316276e+00 1.53e-02 1.36e+01  -4.8 1.24e+01    -  2.04e-01 2.95e-02h  3
1147  5.0291410e+00 1.46e-02 1.36e+01  -5.3 1.87e+01    -  1.04e-01 4.83e-02h  1
1148  5.0273242e+00 1.45e-02 1.40e+01  -4.5 8.23e+01    -  5.36e-02 1.51e-02f  3
1149  5.0383672e+00 2.92e-02 1.40e+01  -4.1 1.62e+02    -  5.59e-02 2.29e-02h  2
iter    objective    inf_pr   inf_du lg(mu)  ||d||  lg(rg) alpha_du alpha_pr  ls
1150  5.0378487e+00 2.93e-02 1.41e+01  -5.0 1.41e+02    -  2.07e-02 3.01e-03h  5
1151  5.0333514e+00 3.02e-02 1.82e+01  -5.0 1.68e+01    -  1.93e-01 8.48e-02h  2
1152  5.0316247e+00 3.28e-02 1.96e+01  -5.0 1.15e+02    -  2.81e-02 1.14e-02h  3
1153  5.0272593e+00 3.35e-02 2.21e+01  -5.0 6.86e+01    -  3.32e-02 1.12e-02h  4
1154  5.0221079e+00 3.47e-02 2.76e+01  -5.1 6.17e+01    -  5.67e-02 1.74e-02h  3
1155  5.0183003e+00 3.75e-02 3.45e+01  -4.3 1.02e+02    -  4.94e-02 1.43e-02h  3
1156  5.4923962e+00 4.22e-02 3.08e+01  -3.3 7.73e+01    -  1.77e-02 2.73e-02f  1
1157  5.3376473e+00 3.48e-02 2.52e+01  -4.7 5.24e-01    -  2.37e-01 1.75e-01h  1
1158  5.1643863e+00 2.76e-02 1.94e+01  -4.7 2.64e+00    -  2.62e-01 2.22e-01h  1
1159  5.1205452e+00 2.41e-02 9.74e+00  -4.7 2.52e+00    -  3.29e-02 1.31e-01h  1
iter    objective    inf_pr   inf_du lg(mu)  ||d||  lg(rg) alpha_du alpha_pr  ls
1160  5.0230411e+00 1.09e-02 5.35e+00  -4.7 9.17e-01    -  5.13e-01 5.60e-01h  1
1161  5.0134648e+00 1.03e-02 3.85e+00 -10.7 4.62e-01    -  2.32e-01 5.53e-02h  1
1162  4.9978766e+00 3.31e-04 1.03e-01  -4.8 1.69e-01    -  1.00e+00 9.92e-01h  1
1163  4.9959150e+00 3.65e-04 4.19e+00  -5.0 6.52e-02    -  1.00e+00 5.71e-01h  1
1164  4.9898307e+00 1.05e-04 3.66e+00  -5.5 1.84e-02    -  1.00e+00 7.16e-01h  1
1165  4.9963157e+00 3.84e-05 3.88e-01  -4.8 3.93e-02    -  9.85e-01 9.38e-01h  1
1166  4.9931257e+00 5.04e-05 5.02e+00  -5.3 5.50e-02    -  1.00e+00 2.62e-01h  1
1167  4.9887294e+00 2.00e-04 5.35e+00  -5.4 1.92e-01    -  1.00e+00 2.43e-01h  1
1168  4.9865357e+00 3.85e-04 1.77e+01  -5.4 2.56e-01    -  1.00e+00 2.51e-01h  1
1169  4.9840154e+00 4.10e-04 7.29e+00  -5.4 1.60e-01    -  1.00e+00 5.61e-01h  1
iter    objective    inf_pr   inf_du lg(mu)  ||d||  lg(rg) alpha_du alpha_pr  ls
1170  5.0042984e+00 1.53e-03 8.81e+00  -4.6 1.29e-01    -  3.62e-01 9.50e-01h  1
1171  4.9992848e+00 1.48e-03 3.90e+00  -5.0 2.69e-01    -  5.11e-01 5.87e-01h  1
1172  4.9892137e+00 7.83e-04 4.96e-01  -5.0 9.68e-02    -  9.86e-01 1.00e+00h  1
1173  4.9838352e+00 3.40e-04 5.93e+00  -5.0 7.80e-02    -  1.00e+00 5.58e-01h  1
1174  4.9818133e+00 1.60e-04 5.14e-03  -5.0 6.20e-02    -  1.00e+00 1.00e+00f  1
1175  4.9789744e+00 1.00e-04 6.40e-01  -5.4 1.78e-01    -  9.98e-01 8.08e-01H  1
1176  4.9743548e+00 6.29e-04 3.24e-02  -5.5 1.89e-01    -  1.00e+00 1.00e+00h  1
1177  4.9732847e+00 6.45e-04 5.29e-01  -5.1 2.44e-01    -  3.05e-01 1.62e-01h  3
1178  4.9707318e+00 5.97e-05 1.50e-02  -5.7 2.87e-02    -  1.00e+00 9.97e-01h  1
1179  4.9697999e+00 3.64e-05 2.59e+00  -6.2 6.01e-02    -  1.00e+00 3.75e-01h  1
iter    objective    inf_pr   inf_du lg(mu)  ||d||  lg(rg) alpha_du alpha_pr  ls
1180  4.9694997e+00 2.35e-03 1.83e+00  -5.9 3.42e-01    -  1.00e+00 4.45e-01h  1
1181  4.9681873e+00 1.97e-03 1.66e+00  -5.9 7.79e-01    -  4.41e-01 1.58e-01h  1
1182  4.9676722e+00 1.73e-03 1.66e+00  -5.6 2.25e+00    -  2.17e-01 1.19e-01h  1
1183  4.9669241e+00 1.62e-03 4.43e+00  -5.6 9.57e-01    -  3.02e-01 6.60e-02h  2
1184  4.9653354e+00 1.15e-03 7.11e+00  -6.2 1.58e-01    -  4.87e-01 2.95e-01h  1
1185  4.9709667e+00 3.41e-04 8.68e-01  -5.3 6.85e-02    -  7.38e-01 7.72e-01h  1
1186  4.9665826e+00 1.67e-04 4.95e+00  -5.5 1.49e-01    -  9.25e-01 4.93e-01h  1
1187  4.9714052e+00 1.25e-04 3.73e+00  -4.9 7.63e-02    -  5.81e-01 5.00e-01f  2
1188  4.9670674e+00 2.10e-05 3.08e-03  -5.2 2.78e-02    -  1.00e+00 1.00e+00h  1
1189  4.9639146e+00 2.51e-05 2.41e-01  -5.8 7.38e-03    -  1.00e+00 8.89e-01h  1
iter    objective    inf_pr   inf_du lg(mu)  ||d||  lg(rg) alpha_du alpha_pr  ls
1190  4.9623798e+00 3.49e-05 1.20e+00  -5.8 2.97e-02    -  1.00e+00 7.08e-01h  1
1191  4.9629775e+00 1.81e-04 1.85e-01  -5.5 9.08e-02    -  7.64e-01 6.26e-01h  1
1192  4.9625189e+00 5.63e-04 9.93e+00  -5.6 2.27e-01    -  5.73e-01 2.28e-01h  2
1193  4.9624557e+00 3.06e-04 1.25e+01  -5.6 1.19e-01    -  6.63e-01 4.57e-01h  1
1194  4.9615761e+00 4.24e-04 1.02e+00  -5.6 4.29e-02    -  1.00e+00 5.00e-01f  2
1195  4.9629733e+00 5.26e-05 3.00e-03  -5.4 1.70e-02    -  1.00e+00 1.00e+00h  1
1196  4.9607291e+00 5.46e-05 1.96e+00  -6.0 4.17e-02    -  1.00e+00 6.27e-01h  1
1197  4.9625311e+00 3.74e-05 1.92e+00  -5.7 1.18e-01    -  1.00e+00 8.60e-01H  1
1198  4.9634484e+00 2.36e-04 8.98e-01  -5.4 1.19e-01    -  8.75e-01 9.06e-01h  1
1199  4.9623077e+00 1.45e-04 4.70e+00  -5.5 8.67e-02    -  6.84e-01 4.12e-01h  1
iter    objective    inf_pr   inf_du lg(mu)  ||d||  lg(rg) alpha_du alpha_pr  ls
1200  4.9598251e+00 2.92e-05 3.36e-03  -5.5 2.48e-02    -  1.00e+00 1.00e+00f  1
1201  4.9582710e+00 2.34e-05 1.83e-03  -5.9 3.51e-02    -  1.00e+00 1.00e+00h  1
1202  4.9577088e+00 9.62e-05 7.04e-01  -6.0 1.74e-01    -  1.00e+00 6.43e-01h  1
1203  4.9651037e+00 5.39e-04 7.47e-01  -5.0 9.68e-01    -  1.66e-01 2.43e-01h  1
1204  4.9619757e+00 2.45e-02 4.78e-01  -5.7 9.70e-01    -  4.57e-01 4.06e-01h  1
1205  4.9598681e+00 2.37e-02 1.24e+00  -5.7 3.28e+00    -  1.87e-01 2.89e-02h  3
1206  4.9602873e+00 1.27e-02 1.42e+00  -5.7 2.02e-01    -  2.53e-01 4.63e-01h  1
1207  4.9575120e+00 7.22e-03 1.27e+00  -5.7 2.50e-01    -  6.95e-01 4.32e-01h  1
1208  4.9579943e+00 4.27e-03 2.28e+00  -5.2 7.74e-02    -  8.23e-01 4.08e-01f  2
1209  4.9571000e+00 6.73e-05 2.77e-03  -5.3 5.38e-02    -  1.00e+00 1.00e+00h  1
iter    objective    inf_pr   inf_du lg(mu)  ||d||  lg(rg) alpha_du alpha_pr  ls
1210  4.9560854e+00 1.81e-04 5.94e-01  -5.7 2.14e-01    -  1.00e+00 3.96e-01h  2
1211  4.9559629e+00 1.56e-04 7.18e-01  -5.4 5.15e-01    -  1.00e+00 1.82e-01h  3
1212  4.9567985e+00 1.10e-03 1.92e+00  -5.1 8.28e-01    -  8.92e-01 2.25e-01h  2
1213  4.9565394e+00 2.44e-02 1.73e+00  -5.2 2.64e+00    -  3.08e-01 7.62e-02h  3
1214  4.9567055e+00 2.26e-02 2.71e+00  -5.2 3.14e+00    -  3.03e-01 7.16e-02h  3
1215  4.9569529e+00 2.06e-02 3.75e+00  -5.2 2.08e+00    -  3.23e-01 8.42e-02h  3
1216  4.9563249e+00 1.91e-02 6.70e+00  -5.2 2.03e+00    -  5.26e-01 7.15e-02h  3
1217  4.9561337e+00 1.73e-02 7.57e+00  -5.2 3.72e+00    -  3.17e-01 8.90e-02h  3
1218  4.9561251e+00 1.61e-02 7.78e+00  -5.2 4.93e+00    -  1.06e-01 6.04e-02h  3
1219  4.9555301e+00 1.49e-02 7.75e+00  -5.2 3.20e+00    -  1.83e-01 7.58e-02h  3
iter    objective    inf_pr   inf_du lg(mu)  ||d||  lg(rg) alpha_du alpha_pr  ls
1220  4.9566328e+00 1.35e-02 8.51e+00  -4.9 2.39e+00    -  4.24e-01 9.39e-02h  2
1221  4.9648642e+00 9.05e-03 6.02e+00  -5.2 7.00e-01    -  3.83e-01 3.39e-01h  1
1222  4.9582184e+00 5.57e-03 3.60e+00  -5.2 1.10e-01    -  7.13e-01 3.88e-01h  2
1223  4.9557508e+00 8.30e-04 9.41e+00  -5.2 2.24e-01    -  2.76e-01 1.00e+00h  1
1224  4.9759475e+00 3.80e-04 1.54e+00  -4.9 1.57e-01    -  8.60e-01 7.18e-01H  1
1225  4.9542852e+00 7.38e-04 2.24e+00  -5.0 1.86e-01    -  2.30e-01 8.70e-01h  1
1226  4.9532496e+00 5.85e-04 9.11e-01  -5.7 1.00e-01    -  7.34e-01 4.58e-01h  1
1227  4.9480915e+00 5.08e-05 1.64e-02  -5.6 2.86e-02    -  1.00e+00 9.89e-01h  1
1228  4.9468129e+00 1.31e-05 6.08e-01  -6.1 8.33e-03    -  1.00e+00 7.51e-01h  1
1229  4.9460375e+00 2.16e-05 8.33e-01  -6.1 1.34e-02    -  1.00e+00 4.86e-01h  1
iter    objective    inf_pr   inf_du lg(mu)  ||d||  lg(rg) alpha_du alpha_pr  ls
1230  4.9462603e+00 2.70e-05 5.90e-01  -5.5 2.17e-02    -  8.24e-01 4.73e-01h  1
1231  4.9458338e+00 6.39e-05 1.52e-01  -5.7 3.94e-02    -  1.00e+00 7.97e-01h  1
1232  4.9454352e+00 9.36e-05 8.16e-01  -5.7 1.23e-01    -  9.88e-01 2.93e-01f  2
1233  4.9451444e+00 1.06e-04 2.84e+00  -5.9 1.77e-01    -  9.57e-01 3.19e-01h  1
1234  4.9509208e+00 1.33e-04 9.52e-01  -5.6 1.88e-01    -  1.00e+00 7.65e-01H  1
1235  4.9459896e+00 1.84e-04 1.03e+00  -5.7 4.92e-02    -  7.22e-01 1.00e+00h  1
1236  4.9441278e+00 1.00e-04 2.23e+00  -5.7 2.48e-02    -  1.00e+00 4.63e-01h  1
1237  4.9430547e+00 3.62e-04 6.08e-01  -5.9 2.83e-02    -  1.00e+00 8.61e-01f  1
1238  4.9437888e+00 1.24e-05 6.37e-02  -6.0 8.21e-02    -  1.00e+00 9.65e-01H  1
1239  4.9430660e+00 9.91e-05 1.14e-02  -6.0 7.08e-02    -  1.00e+00 1.00e+00h  1
iter    objective    inf_pr   inf_du lg(mu)  ||d||  lg(rg) alpha_du alpha_pr  ls
1240  4.9423126e+00 9.43e-05 1.38e+00  -6.1 5.24e-02    -  7.25e-01 3.90e-01h  1
1241  4.9412762e+00 1.65e-05 5.78e-02  -6.3 1.46e-02    -  1.00e+00 9.79e-01f  1
1242  4.9408661e+00 6.04e-06 2.48e-01  -6.8 2.75e-02    -  1.00e+00 7.95e-01h  1
1243  4.9405355e+00 8.03e-05 1.20e+00  -6.4 3.34e-01    -  1.00e+00 2.48e-01h  1
1244  4.9403732e+00 4.86e-04 1.11e+00  -5.1 3.74e+00    -  8.38e-02 5.27e-02h  1
1245  4.9410833e+00 1.60e-02 1.13e+00  -4.9 5.70e+00    -  9.16e-02 3.84e-02h  1
1246  4.9407061e+00 1.48e-02 9.39e-01  -5.8 2.52e+00    -  3.78e-02 7.08e-02h  1
1247  4.9402331e+00 1.25e-02 1.11e+00  -5.8 4.06e+00    -  1.41e-01 5.81e-02f  1
1248  4.9399976e+00 1.21e-02 2.15e+00  -5.1 6.56e+00    -  1.51e-01 3.12e-02f  3
1249  4.9398104e+00 1.13e-02 2.34e+00  -6.2 3.76e+00    -  1.22e-01 6.82e-02h  2
iter    objective    inf_pr   inf_du lg(mu)  ||d||  lg(rg) alpha_du alpha_pr  ls
1250  4.9412912e+00 1.00e-02 2.22e+00  -5.0 3.25e+00    -  1.44e-01 1.15e-01h  1
1251  4.9401756e+00 9.61e-03 2.17e+00  -5.6 3.65e+00    -  6.38e-02 5.94e-02h  2
1252  4.9392437e+00 9.05e-03 4.04e+00  -5.6 2.52e+00    -  1.60e-01 9.19e-02h  1
1253  4.9387946e+00 8.18e-03 1.20e+01  -5.0 1.92e+00    -  2.90e-01 1.04e-01f  2
1254  4.9458699e+00 6.47e-03 2.52e+01  -4.7 6.14e-01    -  3.72e-01 2.10e-01h  1
1255  4.9428734e+00 3.18e-03 3.52e+00  -5.1 8.40e-02    -  3.31e-01 5.12e-01h  1
1256  4.9396678e+00 1.04e-03 4.19e+00  -5.1 5.68e-02    -  8.09e-01 6.58e-01f  1
1257  4.9370444e+00 2.76e-04 2.04e+00  -5.3 5.03e-02    -  1.00e+00 8.38e-01h  1
1258  4.9477165e+00 5.45e-04 1.39e+01  -4.7 4.67e-02    -  5.66e-01 8.89e-01h  1
1259  4.9458547e+00 1.84e-04 5.26e+00  -5.0 9.28e-02    -  1.00e+00 7.99e-01h  1
iter    objective    inf_pr   inf_du lg(mu)  ||d||  lg(rg) alpha_du alpha_pr  ls
1260  4.9410774e+00 7.11e-05 5.39e-03  -5.0 3.48e-02    -  1.00e+00 1.00e+00f  1
1261  4.9408077e+00 3.75e-05 7.20e-01  -5.0 2.09e-02    -  9.15e-01 1.00e+00h  1
1262  4.9357300e+00 7.27e-05 2.80e-03  -5.3 8.95e-03    -  1.00e+00 1.00e+00h  1
1263  4.9332451e+00 6.43e-05 1.05e+00  -5.8 2.30e-02    -  1.00e+00 5.40e-01h  1
1264  4.9315847e+00 8.56e-05 2.35e+00  -5.8 5.63e-02    -  1.00e+00 5.45e-01h  1
1265  4.9310437e+00 1.20e-04 1.74e+00  -5.8 1.17e-01    -  1.00e+00 4.61e-01h  1
1266  4.9317051e+00 1.79e-04 1.40e+00  -5.8 1.49e-01    -  1.00e+00 7.25e-01H  1
1267  4.9357579e+00 2.61e-03 2.26e+00  -5.2 1.15e-01    -  4.40e-01 6.09e-01h  1
1268  4.9328486e+00 5.26e-04 4.08e-01  -5.5 4.24e-02    -  6.51e-01 8.01e-01h  1
1269  4.9300227e+00 1.44e-04 2.82e+00  -5.5 1.93e-02    -  1.00e+00 7.24e-01f  1
iter    objective    inf_pr   inf_du lg(mu)  ||d||  lg(rg) alpha_du alpha_pr  ls
1270  4.9285986e+00 4.86e-05 1.62e+00  -5.9 4.63e-02    -  1.00e+00 7.52e-01h  1
1271  4.9330115e+00 3.30e-04 1.03e+00  -5.2 1.46e-01    -  7.51e-01 8.05e-01h  1
1272  4.9389483e+00 2.45e-04 5.90e-01  -5.4 3.29e-01    -  7.63e-01 8.53e-01H  1
1273  4.9362844e+00 1.82e-04 5.26e+00  -5.4 1.39e-01    -  6.70e-01 1.61e-01f  1
1274  4.9296585e+00 6.56e-04 5.30e-03  -5.4 1.78e-01    -  1.00e+00 1.00e+00f  1
1275  4.9299413e+00 5.19e-04 1.68e+01  -5.4 1.13e-01    -  5.51e-01 2.38e-01h  2
1276  4.9284284e+00 1.66e-04 5.27e-03  -5.4 1.01e-01    -  1.00e+00 1.00e+00h  1
1277  4.9285405e+00 1.79e-04 2.62e+01  -5.4 3.10e-01    -  8.81e-01 1.27e-01h  3
1278  4.9270846e+00 1.10e-04 1.24e-02  -5.7 7.92e-02    -  1.00e+00 1.00e+00h  1
1279  4.9265259e+00 1.48e-04 6.53e+00  -5.5 2.52e-01    -  1.00e+00 3.49e-01h  2
iter    objective    inf_pr   inf_du lg(mu)  ||d||  lg(rg) alpha_du alpha_pr  ls
1280  4.9830205e+00 5.20e-05 7.06e+00  -5.1 4.50e-01    -  5.66e-01 9.91e-01H  1
1281  4.9378609e+00 6.49e-04 2.78e-02  -5.3 1.84e-01    -  1.00e+00 1.00e+00f  1
1282  4.9291752e+00 4.63e-04 8.88e-02  -5.3 1.15e-01    -  2.94e-01 2.91e-01h  1
1283  4.9268711e+00 9.85e-05 5.81e-01  -5.3 8.82e-02    -  1.00e+00 8.54e-01f  1
1284  4.9265821e+00 1.25e-04 1.95e+01  -5.4 3.36e-01    -  1.00e+00 1.76e-01f  3
1285  4.9319592e+00 1.03e-04 5.36e-01  -5.4 4.07e-01    -  1.00e+00 9.56e-01H  1
1286  4.9315080e+00 1.89e-03 7.57e-01  -5.5 1.33e+00    -  5.55e-01 3.08e-01h  1
1287  4.9289738e+00 1.67e-02 1.28e+00  -5.5 5.83e+00    -  1.44e-01 6.57e-02h  1
1288  4.9265419e+00 1.35e-02 1.15e+00  -5.5 2.67e+00    -  5.88e-02 5.42e-02f  2
1289  4.9255898e+00 1.00e-02 1.04e+00  -5.5 3.76e-01    -  3.12e-01 2.54e-01h  1
iter    objective    inf_pr   inf_du lg(mu)  ||d||  lg(rg) alpha_du alpha_pr  ls
1290  4.9221088e+00 6.68e-03 2.10e+00 -11.0 2.61e-01    -  4.74e-01 3.35e-01h  1
1291  4.9210680e+00 5.65e-03 1.04e+01  -5.8 3.59e-01    -  4.84e-01 1.54e-01h  2
1292  4.9201571e+00 2.65e-03 1.50e+00  -5.8 7.84e-02    -  8.33e-01 5.30e-01h  1
1293  4.9187532e+00 1.31e-04 1.13e-02  -6.1 1.08e-01    -  1.00e+00 1.00e+00h  1
1294  4.9183995e+00 1.38e-04 7.48e+00  -6.3 4.37e-01    -  5.20e-01 1.01e-01h  1
1295  4.9181022e+00 1.25e-04 9.84e+00  -6.2 2.17e-01    -  9.99e-01 2.30e-01h  2
1296  4.9177512e+00 1.20e-04 7.06e+00  -6.2 1.93e-01    -  8.65e-01 2.57e-01h  2
1297  4.9169234e+00 2.29e-04 1.20e+01  -6.4 1.70e-01    -  7.05e-01 3.68e-01h  1
1298  4.9171649e+00 6.14e-04 9.06e+00  -5.7 6.44e-01    -  2.34e-01 2.38e-01h  1
1299  4.9163067e+00 6.82e-04 7.29e+00  -6.2 1.57e+00    -  5.57e-02 9.43e-02h  1
iter    objective    inf_pr   inf_du lg(mu)  ||d||  lg(rg) alpha_du alpha_pr  ls
1300  4.9164470e+00 1.44e-03 1.13e+01  -5.1 3.33e+00    -  1.97e-01 9.19e-02f  1
1301  4.9152961e+00 1.70e-03 1.16e+01  -5.8 3.61e+00    -  6.62e-02 5.31e-02h  2
1302  4.9196305e+00 5.68e-03 7.96e+00  -4.9 6.41e+00    -  1.44e-01 1.01e-01h  2
1303  4.9178601e+00 8.50e-03 3.11e+00  -5.5 1.28e+01    -  1.43e-01 4.33e-02h  2
1304  4.9161141e+00 9.66e-03 3.84e+00  -5.5 2.13e+01    -  4.49e-02 1.70e-02h  3
1305  4.9158150e+00 2.42e-02 4.17e+00  -5.5 2.41e+01    -  6.77e-02 5.19e-02h  1
1306  4.9143247e+00 2.46e-02 6.08e+00  -5.5 4.26e+01    -  6.05e-02 5.97e-03h  1
1307  4.9370422e+00 2.75e-02 5.67e+00  -4.3 1.40e+01    -  5.38e-02 5.54e-02f  2
1308  4.9284977e+00 2.82e-02 6.10e+00  -5.3 5.66e+00    -  1.62e-01 1.38e-01h  1
1309  4.9206690e+00 2.86e-02 1.15e+01  -5.3 1.81e+01    -  8.63e-02 1.87e-02h  2
iter    objective    inf_pr   inf_du lg(mu)  ||d||  lg(rg) alpha_du alpha_pr  ls
1310  4.9111095e+00 2.87e-02 1.73e+01  -5.3 6.17e+00    -  2.21e-01 1.06e-01h  1
1311  4.9053965e+00 2.93e-02 1.97e+01  -4.6 1.11e+01    -  1.13e-01 4.29e-02f  2
1312  4.9338419e+00 2.69e-02 1.76e+01  -4.4 3.21e+00    -  1.94e-01 1.62e-01h  1
1313  4.9237229e+00 1.39e-02 4.43e+00  -5.0 6.53e-01    -  2.88e-01 5.09e-01h  1
1314  4.9084265e+00 1.37e-02 4.44e+00  -5.0 1.22e+00    -  6.10e-01 1.71e-01h  1
1315  5.0194996e+00 1.34e-02 5.46e+00  -4.1 2.91e+00    -  1.19e-01 3.20e-01f  1
1316  4.9624663e+00 8.31e-03 9.16e+00  -4.8 2.88e-01    -  6.30e-01 3.81e-01h  1
1317  4.9091870e+00 3.71e-03 4.48e+00  -4.8 1.62e-01    -  2.18e-01 5.53e-01h  1
1318  4.9204917e+00 1.43e-03 1.01e+00  -4.4 2.47e-01    -  9.52e-01 1.00e+00f  1
1319  5.0272745e+00 2.94e-04 2.72e+01  -4.5 9.49e-01    -  2.99e-01 1.00e+00H  1
iter    objective    inf_pr   inf_du lg(mu)  ||d||  lg(rg) alpha_du alpha_pr  ls
1320  4.9557406e+00 1.77e-03 1.65e+00  -4.5 2.30e-01    -  8.03e-01 1.00e+00f  1
1321  4.9233186e+00 9.13e-04 1.33e+00  -4.5 2.48e-01    -  4.60e-01 5.12e-01h  1
1322  4.9219034e+00 2.48e-04 1.46e-02  -4.5 8.01e-02    -  1.00e+00 1.00e+00f  1
1323  4.9137952e+00 4.44e-05 8.12e-03  -4.5 5.51e-02    -  1.00e+00 1.00e+00h  1
1324  4.8984627e+00 2.99e-04 1.09e-02  -4.8 5.13e-02    -  9.98e-01 1.00e+00h  1
1325  4.9031583e+00 2.76e-04 1.34e-02  -4.6 1.57e-01    -  1.00e+00 1.00e+00h  1
1326  4.9629000e+00 2.67e-04 3.06e-01  -4.7 7.91e-01    -  9.12e-01 9.80e-01H  1
1327  4.9326592e+00 7.30e-04 1.33e+01  -4.8 2.59e-01    -  3.65e-01 1.00e+00f  1
1328  4.8959096e+00 7.86e-04 8.38e+00  -4.8 4.40e-01    -  4.86e-01 3.99e-01h  1
1329  4.8988454e+00 4.01e-04 7.06e+00  -4.5 1.24e-01    -  9.66e-01 5.00e-01f  2
iter    objective    inf_pr   inf_du lg(mu)  ||d||  lg(rg) alpha_du alpha_pr  ls
1330  4.8968442e+00 1.52e-04 7.00e-03  -4.6 5.38e-02    -  1.00e+00 1.00e+00h  1
1331  4.8832151e+00 2.05e-04 1.39e-01  -5.1 1.80e-02    -  1.00e+00 9.72e-01h  1
1332  4.8770239e+00 2.28e-04 1.57e+00  -5.5 8.60e-02    -  1.00e+00 4.51e-01h  1
1333  4.8739111e+00 7.04e-04 1.25e+00  -5.2 2.02e-01    -  1.00e+00 7.10e-01h  1
1334  4.8735765e+00 4.36e-04 1.25e+00  -5.2 4.56e-01    -  1.00e+00 5.85e-01H  1
1335  4.8749121e+00 7.97e-04 2.83e+00  -4.8 9.98e-01    -  4.70e-01 2.02e-01h  2
1336  4.8732630e+00 8.65e-04 7.25e+00  -5.1 7.61e-01    -  4.47e-01 1.73e-01h  3
1337  4.8798207e+00 1.31e-03 5.91e+00  -4.8 4.65e-01    -  4.85e-01 3.49e-01h  2
1338  4.8753187e+00 6.53e-04 5.59e+00  -5.0 7.73e-02    -  1.00e+00 5.19e-01h  1
1339  4.8699999e+00 1.89e-04 6.84e-03  -5.0 5.79e-02    -  1.00e+00 1.00e+00f  1
iter    objective    inf_pr   inf_du lg(mu)  ||d||  lg(rg) alpha_du alpha_pr  ls
1340  4.8661368e+00 3.03e-04 1.76e+00  -5.5 2.43e-01    -  1.00e+00 6.37e-01h  1
1341  4.8695479e+00 7.92e-04 2.62e+00  -4.8 9.63e-01    -  6.09e-01 2.35e-01h  2
1342  4.8686254e+00 1.18e-03 1.01e+01  -5.1 2.11e+00    -  5.63e-01 9.87e-02h  3
1343  4.8687272e+00 2.41e-02 9.75e+00  -5.1 5.30e+00    -  1.58e-01 9.35e-02h  2
1344  4.8677713e+00 2.31e-02 1.17e+01  -5.1 6.04e+00    -  1.59e-01 3.89e-02h  3
1345  4.8670804e+00 2.19e-02 1.76e+01  -5.1 1.73e+00    -  2.64e-01 5.57e-02h  4
1346  4.8641173e+00 5.66e-03 2.16e+01  -5.1 2.64e+00    -  2.91e-01 1.76e-01h  2
1347  4.8636447e+00 7.25e-03 2.65e+01  -5.3 1.29e+01    -  1.36e-01 3.43e-02h  3
1348  4.8613933e+00 8.65e-03 3.15e+01  -6.0 8.34e+00    -  1.34e-01 5.08e-02h  3
1349  4.8622968e+00 1.33e-02 4.13e+01  -4.8 1.41e+01    -  1.59e-01 5.13e-02h  2
iter    objective    inf_pr   inf_du lg(mu)  ||d||  lg(rg) alpha_du alpha_pr  ls
1350  4.8603557e+00 1.64e-02 4.78e+01  -5.1 1.54e+01    -  1.21e-01 2.98e-02h  3
1351  4.8916598e+00 4.32e-02 4.51e+01  -3.9 3.07e+01    -  4.98e-02 5.31e-02f  1
1352  4.8875921e+00 4.81e-02 4.29e+01  -4.9 2.03e+01    -  1.61e-01 3.81e-02h  2
1353  4.8836747e+00 5.46e-02 4.22e+01  -4.9 4.70e+01    -  3.94e-02 1.75e-02h  2
1354  4.8813574e+00 5.63e-02 4.14e+01  -4.9 2.37e+01    -  5.02e-02 2.21e-02h  2
1355  4.8801308e+00 7.54e-02 3.73e+01  -4.9 1.64e+01    -  1.22e-01 9.40e-02h  1
1356  4.8739145e+00 7.55e-02 3.80e+01  -4.9 2.06e+01    -  6.49e-02 2.04e-02h  3
1357  4.8630444e+00 7.20e-02 3.26e+01  -4.9 5.82e+00    -  9.86e-02 1.64e-01h  1
1358  4.8715157e+00 6.88e-02 3.66e+01  -4.9 5.27e+00    -  1.82e-02 5.60e-02h  2
1359  4.8482509e+00 2.95e-02 2.56e+01  -4.9 2.88e-01    -  3.86e-01 5.75e-01h  1
iter    objective    inf_pr   inf_du lg(mu)  ||d||  lg(rg) alpha_du alpha_pr  ls
1360  4.8546584e+00 1.94e-02 5.33e+00  -4.1 1.00e+00    -  2.67e-01 3.91e-01f  1
1361  4.8984794e+00 1.78e-02 1.02e+01  -4.3 2.01e+00    -  5.27e-01 2.59e-01h  1
1362  4.8834384e+00 2.56e-03 6.78e+00  -4.5 3.56e-01    -  5.94e-01 1.00e+00h  1
1363  4.8878228e+00 1.22e-03 3.76e+00  -4.5 3.09e-01    -  5.07e-01 7.03e-01H  1
1364  4.8517530e+00 5.14e-04 3.24e+00  -4.5 1.65e-01    -  9.09e-01 1.00e+00f  1
1365  4.8801590e+00 1.14e-03 1.69e-02  -4.2 9.22e-02    -  1.00e+00 1.00e+00h  1
1366  4.8719482e+00 5.16e-04 1.10e-02  -4.3 2.08e-01    -  1.00e+00 1.00e+00h  1
1367  4.9686306e+00 2.70e-04 8.04e+00  -4.3 7.97e-01    -  4.11e-01 1.00e+00H  1
1368  4.9137863e+00 2.41e-05 3.70e-02  -4.3 3.37e-01    -  1.00e+00 1.00e+00F  1
1369  4.8548085e+00 1.46e-03 5.83e+00  -5.0 4.25e-01    -  7.16e-01 5.35e-01f  1
iter    objective    inf_pr   inf_du lg(mu)  ||d||  lg(rg) alpha_du alpha_pr  ls
1370  4.8519553e+00 4.44e-04 1.50e+00  -4.8 1.26e-01    -  7.58e-01 7.44e-01H  1
1371  4.8318445e+00 7.97e-04 5.79e-03  -4.8 6.85e-02    -  1.00e+00 1.00e+00f  1
1372  4.8242332e+00 4.89e-04 1.03e+00  -5.2 3.96e-02    -  1.00e+00 8.04e-01h  1
1373  4.8411308e+00 5.15e-05 2.29e-02  -4.7 1.11e-01    -  1.00e+00 1.00e+00H  1
1374  4.8196784e+00 1.99e-04 1.15e+00  -5.1 6.52e-02    -  1.00e+00 7.99e-01h  1
1375  4.8142182e+00 1.81e-04 1.23e+00  -5.4 8.27e-02    -  1.00e+00 6.93e-01h  1
1376  4.8117623e+00 1.81e-04 1.97e+00  -5.5 1.50e-01    -  1.00e+00 4.11e-01h  1
1377  4.8120196e+00 2.60e-04 1.32e+00  -5.1 3.63e-01    -  1.00e+00 2.78e-01h  2
1378  4.8139385e+00 3.00e-04 9.57e-01  -5.2 2.68e-01    -  1.00e+00 6.64e-01H  1
1379  4.8118324e+00 3.58e-04 3.70e+00  -5.2 4.47e-01    -  5.30e-01 1.60e-01f  2
iter    objective    inf_pr   inf_du lg(mu)  ||d||  lg(rg) alpha_du alpha_pr  ls
1380  4.8091572e+00 3.40e-04 8.93e-01  -5.2 2.19e-01    -  7.00e-01 2.03e-01h  2
1381  4.8111881e+00 1.57e-04 8.41e-01  -5.2 1.88e-01    -  1.00e+00 7.86e-01H  1
1382  4.8196416e+00 3.02e-05 4.78e+00  -5.0 9.21e-02    -  5.12e-01 9.37e-01H  1
1383  4.8068964e+00 1.92e-04 1.26e+00  -5.2 7.92e-02    -  1.00e+00 8.21e-01h  1
1384  4.8048646e+00 8.46e-05 9.15e-01  -5.2 6.36e-02    -  1.00e+00 9.33e-01h  1
1385  4.8032442e+00 1.88e-04 2.79e+00  -5.6 3.77e-01    -  1.00e+00 2.10e-01h  1
1386  4.8029468e+00 3.98e-04 1.04e+01  -5.0 1.94e+00    -  7.76e-01 5.67e-02h  3
1387  4.8030080e+00 6.64e-04 1.89e+01  -5.1 1.18e+00    -  5.20e-01 1.14e-01h  3
1388  4.8022300e+00 6.89e-04 2.29e+01  -5.2 8.48e-01    -  4.55e-01 9.14e-02h  3
1389  4.8118912e+00 1.71e-03 1.87e+01  -4.7 1.10e+00    -  4.68e-01 2.24e-01h  1
iter    objective    inf_pr   inf_du lg(mu)  ||d||  lg(rg) alpha_du alpha_pr  ls
1390  4.8097543e+00 1.98e-03 1.38e+01  -5.0 1.34e+00    -  3.03e-01 1.73e-01h  2
1391  4.8071734e+00 2.27e-03 2.48e+01  -5.0 2.11e+00    -  3.48e-01 7.22e-02h  3
1392  4.8047884e+00 2.14e-03 3.34e+01  -5.0 6.26e-01    -  3.71e-01 1.87e-01h  1
1393  4.8099796e+00 1.24e-03 1.61e+01  -5.0 2.00e-01    -  1.00e+00 6.27e-01h  1
1394  4.8037039e+00 5.73e-04 1.70e+01  -5.0 7.98e-02    -  5.29e-01 1.00e+00f  1
1395  4.8012056e+00 3.07e-04 8.41e+00  -5.0 6.95e-02    -  1.00e+00 7.85e-01h  1
1396  4.7942438e+00 1.01e-03 2.25e-02  -5.4 1.77e-01    -  1.00e+00 1.00e+00h  1
1397  4.8533640e+00 3.92e-04 9.23e-02  -4.9 4.71e-01    -  1.00e+00 1.00e+00H  1
1398  4.8064936e+00 1.38e-03 7.40e-01  -5.0 2.53e-01    -  9.26e-01 1.00e+00h  1
1399  4.7980705e+00 1.03e-03 2.63e+00  -5.0 3.20e-01    -  1.82e-01 2.47e-01h  1
iter    objective    inf_pr   inf_du lg(mu)  ||d||  lg(rg) alpha_du alpha_pr  ls
1400  4.7966883e+00 5.92e-04 1.42e+00  -5.0 7.23e-02    -  4.38e-01 4.47e-01f  2
1401  4.7933182e+00 3.23e-04 5.52e+00  -5.4 9.09e-02    -  1.00e+00 4.87e-01h  1
1402  4.8132896e+00 1.96e-05 3.37e-02  -4.9 2.29e-01    -  1.00e+00 1.00e+00H  1
1403  4.7987333e+00 9.86e-05 6.77e+00  -5.3 9.08e-02    -  1.00e+00 5.21e-01h  1
1404  4.7899182e+00 9.87e-05 2.51e+00  -5.4 5.33e-02    -  1.00e+00 8.78e-01h  1
1405  4.7874535e+00 3.44e-05 5.01e+00  -5.8 2.85e-02    -  1.00e+00 7.05e-01h  1
1406  4.7861435e+00 4.10e-05 4.16e+00  -6.3 6.31e-02    -  1.00e+00 4.21e-01h  1
1407  4.7860380e+00 4.22e-04 2.92e+00  -5.3 5.17e-01    -  8.06e-01 2.82e-01h  1
1408  4.7861735e+00 2.58e-03 5.59e+00  -5.1 6.19e+00    -  2.03e-01 4.97e-02h  3
1409  4.7850429e+00 4.28e-03 5.00e+00  -5.4 1.08e+01    -  1.19e-01 3.04e-02h  3
iter    objective    inf_pr   inf_du lg(mu)  ||d||  lg(rg) alpha_du alpha_pr  ls
1410  4.7870851e+00 7.62e-03 6.40e+00  -4.8 1.72e+01    -  2.16e-01 2.47e-02h  3
1411  4.7851571e+00 2.17e-02 6.81e+00  -5.2 1.86e+01    -  7.95e-02 4.61e-02h  2
1412  4.7848453e+00 2.57e-02 6.81e+00  -5.2 3.43e+01    -  1.65e-02 1.41e-02h  3
1413  4.8088942e+00 6.47e-02 6.43e+00  -4.3 1.89e+01    -  8.24e-02 8.00e-02h  1
1414  4.8076121e+00 6.42e-02 1.49e+01  -5.1 4.09e+00    -  1.72e-01 7.93e-03h  1
1415  4.7948635e+00 4.85e-02 2.99e+00  -5.1 1.37e-01    -  1.49e-01 2.44e-01h  1
1416  4.7818957e+00 2.85e-02 2.41e+01  -5.1 9.60e-02    -  9.50e-02 4.13e-01h  1
1417  4.7779931e+00 1.46e-02 3.44e+00  -5.0 5.66e-01    -  7.08e-01 5.51e-01h  1
1418  4.7759952e+00 1.38e-02 3.24e+00 -11.0 1.14e+00    -  4.82e-02 6.00e-02h  3
1419  4.8452418e+00 3.03e-03 3.65e+01  -4.7 3.10e-01    -  5.40e-01 1.00e+00h  1
iter    objective    inf_pr   inf_du lg(mu)  ||d||  lg(rg) alpha_du alpha_pr  ls
1420  4.7841125e+00 3.66e-04 3.71e+00  -4.9 1.45e-01    -  1.00e+00 9.15e-01h  1
1421  4.7727265e+00 3.42e-04 6.05e-03  -5.4 6.81e-02    -  1.00e+00 1.00e+00h  1
1422  4.7689092e+00 1.97e-04 5.64e+00  -5.6 2.76e-02    -  1.00e+00 5.92e-01h  1
1423  4.7667979e+00 2.52e-03 7.08e+00  -5.7 4.46e-02    -  1.00e+00 5.38e-01h  1
1424  4.7676033e+00 4.26e-04 2.76e+00  -5.3 1.52e-01    -  1.00e+00 8.64e-01h  1
1425  4.7667086e+00 4.71e-04 7.81e+00  -5.4 3.92e-01    -  4.46e-01 1.92e-01h  2
1426  4.7662123e+00 5.25e-04 1.50e+01  -5.1 4.58e-01    -  6.05e-01 1.86e-01h  1
1427  4.7649711e+00 4.15e-04 1.39e+01  -5.8 3.29e-01    -  4.06e-01 2.02e-01h  1
1428  4.7649792e+00 3.26e-04 1.60e+01  -5.1 1.83e-01    -  9.30e-01 2.38e-01h  1
1429  4.7643482e+00 1.09e-04 3.23e+00  -5.3 9.34e-02    -  7.32e-01 7.60e-01h  1
iter    objective    inf_pr   inf_du lg(mu)  ||d||  lg(rg) alpha_du alpha_pr  ls
1430  4.7611272e+00 7.12e-05 1.21e+01  -5.8 6.15e-02    -  1.00e+00 6.34e-01h  1
1431  4.7609813e+00 6.78e-05 4.64e+00  -5.2 1.29e-01    -  8.63e-01 2.41e-01h  1
1432  4.7618871e+00 2.27e-04 7.86e+00  -5.3 2.73e-01    -  8.29e-01 3.86e-01h  2
1433  4.7666461e+00 1.46e-04 6.78e-01  -5.4 3.49e-01    -  9.40e-01 9.09e-01H  1
1434  4.7648733e+00 1.72e-04 1.84e+00  -5.4 1.19e+00    -  1.58e-01 7.94e-02f  3
1435  4.7635224e+00 1.67e-04 1.79e+01  -5.4 9.02e-01    -  2.85e-01 3.31e-02h  4
1436  4.7613488e+00 3.05e-04 1.38e+01  -5.4 7.32e-01    -  2.30e-01 2.30e-01h  2
1437  4.7599094e+00 3.60e-04 1.52e+01  -5.4 1.64e-01    -  4.19e-01 2.40e-01h  2
1438  4.7569235e+00 1.31e-04 6.32e+00  -5.4 1.34e-01    -  1.00e+00 7.74e-01h  1
1439  4.7572792e+00 1.14e-04 9.78e+00  -5.1 2.21e-01    -  8.78e-01 3.02e-01h  1
iter    objective    inf_pr   inf_du lg(mu)  ||d||  lg(rg) alpha_du alpha_pr  ls
1440  4.7605994e+00 5.43e-05 1.21e-01  -5.4 3.00e-01    -  9.62e-01 1.00e+00H  1
1441  4.7619604e+00 2.64e-03 1.08e+00  -5.0 3.24e-01    -  9.47e-01 3.04e-01h  2
1442  4.7670075e+00 2.64e-04 5.86e-01  -5.1 1.02e-01    -  8.73e-01 9.07e-01H  1
1443  4.7560353e+00 1.66e-04 4.69e-03  -5.1 7.52e-02    -  1.00e+00 1.00e+00f  1
1444  4.7528773e+00 3.42e-05 3.93e+00  -5.7 6.56e-02    -  1.00e+00 7.91e-01h  1
1445  4.7509889e+00 3.26e-04 4.83e+00  -5.7 3.48e-01    -  1.00e+00 5.93e-01h  1
1446  4.7502474e+00 7.75e-04 3.31e+00  -5.3 3.37e+00    -  4.12e-01 7.98e-02h  1
1447  4.7711093e+00 8.32e-03 3.25e+00  -4.3 1.30e+01    -  6.89e-02 8.81e-02f  1
1448  4.7707491e+00 8.28e-03 5.05e+00  -5.3 5.37e+00    -  3.38e-01 4.32e-03h  1
1449  4.7707001e+00 7.72e-03 8.15e+00  -5.3 5.56e+00    -  1.45e-01 8.33e-02h  2
iter    objective    inf_pr   inf_du lg(mu)  ||d||  lg(rg) alpha_du alpha_pr  ls
1450  4.7662941e+00 7.42e-03 9.14e+00  -5.3 1.64e+00    -  6.89e-02 3.95e-02h  1
1451  4.7581012e+00 5.49e-03 9.22e+00  -5.3 3.72e-01    -  1.70e-01 2.61e-01f  1
1452  4.7532517e+00 2.91e-03 4.54e+00  -5.3 1.78e-01    -  3.60e-01 4.68e-01h  1
1453  4.7485391e+00 1.44e-03 3.13e+00  -5.3 2.16e-01    -  3.85e-01 7.42e-01h  1
1454  4.7510597e+00 1.15e-03 3.28e+00  -4.9 6.58e-01    -  7.07e-01 2.06e-01f  2
1455  4.7585966e+00 3.43e-05 2.50e+00  -5.1 1.01e-01    -  6.85e-01 1.00e+00H  1
1456  4.7623837e+00 1.68e-04 1.42e-02  -4.8 6.72e-02    -  1.00e+00 1.00e+00h  1
1457  4.7554109e+00 2.64e-04 8.95e-01  -4.9 4.67e-02    -  1.00e+00 9.24e-01h  1
1458  4.7548875e+00 5.02e-06 1.14e+01  -4.9 1.79e-02    -  5.00e-01 1.00e+00f  1
1459  4.7489898e+00 1.73e-03 3.22e-01  -5.4 4.03e-02    -  1.00e+00 9.76e-01h  1
iter    objective    inf_pr   inf_du lg(mu)  ||d||  lg(rg) alpha_du alpha_pr  ls
1460  4.7511888e+00 1.74e-03 8.74e-03  -5.1 3.00e-02    -  1.00e+00 1.00e+00h  1
1461  4.7461958e+00 1.68e-03 2.94e-02  -5.4 2.34e-02    -  1.00e+00 9.69e-01h  1
1462  4.7440302e+00 2.05e-05 1.74e-03  -5.6 1.88e-02    -  1.00e+00 1.00e+00h  1
1463  4.7434108e+00 1.74e-03 1.08e+00  -5.6 7.12e-02    -  1.00e+00 2.57e-01h  1
1464  4.7474118e+00 8.91e-04 1.03e+00  -5.1 1.82e-01    -  5.26e-01 8.05e-01h  1
1465  4.7460326e+00 8.95e-04 1.18e+00  -5.4 3.94e-01    -  9.11e-01 3.07e-01h  1
1466  4.7451069e+00 9.88e-04 1.35e+00  -5.4 5.95e-01    -  3.34e-01 1.68e-01h  1
1467  4.7517573e+00 6.24e-04 5.22e-01  -5.4 1.70e-01    -  5.58e-01 5.74e-01H  1
1468  4.7421254e+00 6.76e-04 6.38e-02  -5.4 1.22e-01    -  7.74e-01 7.90e-01f  1
1469  4.7413549e+00 5.64e-04 2.77e+00  -5.5 7.45e-02    -  4.72e-01 1.99e-01f  3
iter    objective    inf_pr   inf_du lg(mu)  ||d||  lg(rg) alpha_du alpha_pr  ls
1470  4.7396463e+00 1.22e-04 1.10e+00  -5.9 1.93e-02    -  1.00e+00 7.80e-01h  1
1471  4.7385428e+00 5.28e-05 3.40e+00  -6.3 4.63e-02    -  1.00e+00 5.49e-01h  1
1472  4.7383791e+00 1.45e-04 3.83e+00  -5.7 2.00e-01    -  9.25e-01 2.17e-01h  2
1473  4.7379960e+00 1.63e-04 5.14e+00  -5.9 3.59e-01    -  5.19e-01 1.36e-01h  1
1474  4.7374743e+00 4.48e-04 5.60e+00  -6.2 6.43e-01    -  3.00e-01 1.73e-01h  1
1475  4.7370570e+00 8.22e-04 5.41e+00  -6.2 1.28e+00    -  1.53e-01 1.10e-01h  2
1476  4.7373789e+00 1.15e-03 7.19e+00  -5.4 1.19e+00    -  2.36e-01 1.06e-01h  2
1477  4.7370120e+00 1.22e-03 8.10e+00  -5.8 8.23e-01    -  2.83e-01 1.23e-01h  2
1478  4.7382354e+00 1.08e-03 7.71e+00  -5.2 4.03e-01    -  3.23e-01 2.23e-01h  2
1479  4.7371408e+00 8.16e-04 5.32e+00  -5.6 1.56e-01    -  5.88e-01 4.40e-01h  1
iter    objective    inf_pr   inf_du lg(mu)  ||d||  lg(rg) alpha_du alpha_pr  ls
1480  4.7360755e+00 5.60e-04 1.12e+01  -5.6 6.24e-02    -  9.94e-01 3.84e-01f  2
1481  4.7351154e+00 2.51e-04 1.75e-01  -5.8 3.13e-02    -  1.00e+00 9.86e-01h  1
1482  4.7345092e+00 3.69e-05 9.38e-01  -5.8 3.83e-02    -  1.00e+00 8.47e-01h  1
1483  4.7339118e+00 4.06e-05 7.93e-01  -6.1 6.69e-02    -  1.00e+00 4.91e-01h  1
1484  4.7336078e+00 9.34e-05 8.20e-01  -6.5 6.41e-02    -  1.00e+00 5.93e-01h  1
1485  4.7332338e+00 8.74e-05 3.86e-01  -6.1 2.51e-02    -  1.00e+00 6.70e-01h  1
1486  4.7327775e+00 3.98e-05 7.46e+00  -6.3 1.31e-02    -  1.00e+00 5.44e-01h  1
1487  4.7324168e+00 1.88e-05 7.47e+00  -7.1 1.98e-02    -  1.00e+00 5.08e-01h  1
1488  4.7322117e+00 2.25e-05 8.78e+00  -7.2 1.27e-01    -  1.00e+00 2.08e-01h  1
1489  4.7320968e+00 1.08e-04 9.67e+00  -6.2 6.19e-01    -  7.11e-01 1.64e-01h  1
iter    objective    inf_pr   inf_du lg(mu)  ||d||  lg(rg) alpha_du alpha_pr  ls
1490  4.7318446e+00 2.56e-03 1.17e+01  -5.7 1.65e+00    -  3.12e-01 8.19e-02h  1
1491  4.7318279e+00 2.41e-03 1.39e+01  -5.5 2.91e+00    -  2.03e-01 5.21e-02h  1
1492  4.7316196e+00 2.30e-03 1.76e+01  -6.0 2.41e+00    -  3.19e-01 4.24e-02h  3
1493  4.7357214e+00 1.96e-03 1.51e+01  -5.0 2.44e+00    -  1.13e-01 1.28e-01h  1
1494  4.7341122e+00 1.78e-03 1.67e+01  -5.8 2.82e+00    -  2.84e-01 9.78e-02h  1
1495  4.7329892e+00 1.71e-03 1.75e+01  -5.8 6.29e+00    -  6.33e-02 2.80e-02h  2
1496  4.7311957e+00 1.57e-03 1.98e+01  -5.8 2.26e+00    -  1.79e-01 8.26e-02h  1
1497  4.7307224e+00 1.46e-03 2.18e+01  -5.2 2.77e+00    -  3.01e-01 7.53e-02f  2
1498  4.7366870e+00 1.38e-03 1.73e+01  -4.8 1.37e+00    -  1.99e-01 2.11e-01h  2
1499  4.7421017e+00 1.43e-03 1.71e+01  -5.3 2.19e-01    -  2.57e-01 5.17e-01h  1
iter    objective    inf_pr   inf_du lg(mu)  ||d||  lg(rg) alpha_du alpha_pr  ls
1500  4.7304119e+00 1.28e-03 2.39e+00  -5.3 7.51e-02    -  1.00e+00 9.11e-01f  1
1501  4.7377989e+00 2.37e-04 1.24e+01  -4.9 3.75e-02    -  6.00e-01 1.00e+00f  1
1502  4.7333589e+00 2.23e-05 3.84e-03  -5.1 2.05e-02    -  1.00e+00 1.00e+00h  1
1503  4.7322812e+00 8.62e-06 1.58e-03  -5.1 1.40e-02    -  1.00e+00 1.00e+00h  1
1504  4.7279029e+00 4.95e-05 1.18e+00  -5.6 1.27e-02    -  1.00e+00 8.63e-01h  1
1505  4.7263947e+00 5.64e-05 1.36e+00  -6.0 3.19e-02    -  1.00e+00 3.48e-01h  1
1506  4.7255509e+00 1.37e-04 7.26e-01  -5.7 4.10e-02    -  1.00e+00 7.99e-01h  1
1507  4.7254306e+00 1.63e-04 1.64e-01  -6.0 4.26e-02    -  1.00e+00 9.43e-01h  1
1508  4.7237025e+00 1.19e-05 1.88e-03  -6.3 2.01e-02    -  1.00e+00 1.00e+00h  1
1509  4.7233423e+00 5.79e-06 4.21e+00  -6.8 9.43e-03    -  1.00e+00 5.62e-01h  1
iter    objective    inf_pr   inf_du lg(mu)  ||d||  lg(rg) alpha_du alpha_pr  ls
1510  4.7231135e+00 7.31e-06 1.57e+00  -7.4 2.02e-02    -  1.00e+00 4.52e-01h  1
1511  4.7229927e+00 1.71e-05 3.81e+00  -6.3 1.46e-01    -  9.93e-01 9.95e-02h  1
1512  4.7228233e+00 5.19e-05 3.50e+00  -6.4 2.41e-01    -  3.18e-01 1.54e-01h  1
1513  4.7226046e+00 1.02e-04 5.83e+00  -6.1 3.64e-01    -  4.93e-01 1.44e-01h  1
1514  4.7227007e+00 3.17e-04 4.65e+00  -5.9 8.77e-01    -  1.22e-01 1.47e-01h  1
1515  4.7226431e+00 3.18e-04 5.15e+00  -6.3 7.27e-01    -  1.74e-01 9.07e-02h  2
1516  4.7224221e+00 2.49e-03 7.54e+00  -6.3 2.04e-01    -  4.75e-01 2.15e-01h  1
1517  4.7217860e+00 1.76e-03 4.94e+00  -6.9 2.38e-01    -  2.60e-01 2.91e-01h  1
1518  4.7235260e+00 1.06e-03 1.74e+00  -5.5 6.97e-02    -  3.33e-01 3.92e-01h  1
1519  4.7218566e+00 2.67e-04 3.11e+00  -6.0 2.77e-02    -  3.09e-01 7.48e-01h  1
iter    objective    inf_pr   inf_du lg(mu)  ||d||  lg(rg) alpha_du alpha_pr  ls
1520  4.7214375e+00 2.16e-05 1.31e-03  -6.0 3.31e-02    -  1.00e+00 1.00e+00f  1
1521  4.7216415e+00 3.19e-05 8.17e-01  -5.7 1.24e-01    -  8.32e-01 4.00e-01h  2
1522  4.7215100e+00 4.99e-04 4.18e-01  -5.8 6.11e-01    -  1.52e-01 3.08e-01h  1
1523  4.7214791e+00 8.81e-04 2.62e-01  -5.8 2.92e+00    -  1.10e-01 6.25e-02f  2
1524  4.7211569e+00 1.79e-03 2.09e+00  -5.8 2.47e+00    -  1.39e-01 6.55e-02h  2
1525  4.7222429e+00 1.65e-03 8.67e+00  -5.1 2.23e+00    -  2.75e-01 1.05e-01h  2
1526  4.7219092e+00 1.51e-03 1.64e+01  -5.6 1.51e+00    -  2.96e-01 9.18e-02h  2
1527  4.7211270e+00 8.87e-04 1.94e+01  -5.6 1.02e+00    -  1.93e-01 8.33e-02h  2
1528  4.7304799e+00 1.78e-03 8.69e+00  -4.8 7.72e-01    -  2.11e-01 3.73e-01h  1
1529  4.7290941e+00 1.17e-03 5.05e+00  -5.3 1.63e-01    -  5.30e-01 3.49e-01h  1
iter    objective    inf_pr   inf_du lg(mu)  ||d||  lg(rg) alpha_du alpha_pr  ls
1530  4.7222198e+00 6.94e-04 1.84e+00  -5.3 2.36e-01    -  4.72e-01 7.15e-01h  1
1531  4.7217409e+00 6.56e-04 2.37e+00  -5.3 4.62e-01    -  2.79e-01 1.50e-01f  2
1532  4.7241547e+00 1.01e-04 9.60e-03  -5.3 4.19e-02    -  1.00e+00 1.00e+00h  1
1533  4.7209486e+00 7.25e-05 2.35e-01  -5.3 2.77e-02    -  9.16e-01 1.00e+00h  1
1534  4.7185686e+00 3.44e-05 4.09e-01  -5.8 2.81e-02    -  1.00e+00 8.74e-01h  1
1535  4.7173977e+00 1.17e-04 4.08e-01  -6.1 4.99e-02    -  1.00e+00 5.64e-01h  1
1536  4.7184201e+00 1.41e-04 1.30e-02  -5.7 1.01e-01    -  1.00e+00 9.86e-01h  1
1537  4.7185387e+00 1.50e-04 1.85e+00  -5.7 1.70e-01    -  8.38e-01 5.06e-01h  1
1538  4.7174082e+00 1.22e-04 1.41e+00  -5.9 4.93e-02    -  6.35e-01 4.70e-01h  1
1539  4.7169701e+00 9.53e-05 2.52e+01  -5.9 3.34e-02    -  1.00e+00 2.24e-01h  1
iter    objective    inf_pr   inf_du lg(mu)  ||d||  lg(rg) alpha_du alpha_pr  ls
1540  4.7164065e+00 1.07e-04 1.09e+00  -5.9 2.72e-02    -  1.00e+00 9.48e-01h  1
1541  4.7156895e+00 1.98e-05 1.65e+00  -6.1 4.25e-02    -  1.00e+00 8.32e-01h  1
1542  4.7155392e+00 1.47e-05 2.62e-01  -6.2 1.07e-01    -  9.96e-01 7.54e-01H  1
1543  4.7155380e+00 7.68e-05 3.75e+00  -5.9 4.09e-01    -  1.00e+00 2.61e-01h  2
1544  4.7152058e+00 1.09e-04 2.05e+00  -6.0 1.20e+00    -  3.84e-01 1.31e-01h  3
1545  4.7148936e+00 2.03e-04 1.48e+00 -11.0 2.35e+00    -  1.64e-01 8.13e-02h  3
1546  4.7143953e+00 3.64e-04 2.67e+00  -7.1 2.71e+00    -  2.42e-01 9.50e-02h  2
1547  4.7139409e+00 3.76e-04 3.58e+00  -5.9 4.88e+00    -  8.62e-02 2.91e-02h  3
1548  4.7262547e+00 1.40e-03 2.01e+00  -4.9 2.49e+00    -  1.49e-01 1.81e-01h  1
1549  4.7226855e+00 1.24e-03 4.22e+00  -5.7 4.33e+00    -  2.32e-01 1.02e-01h  1
iter    objective    inf_pr   inf_du lg(mu)  ||d||  lg(rg) alpha_du alpha_pr  ls
1550  4.7215928e+00 2.01e-03 4.77e+00  -5.7 5.76e+01    -  4.06e-02 1.48e-02h  2
1551  4.7182753e+00 2.23e-03 6.33e+00  -5.7 1.75e+01    -  6.52e-02 2.25e-02h  3
1552  4.7152056e+00 1.91e-03 6.98e+00  -5.7 9.61e+00    -  4.90e-02 3.40e-02h  2
1553  4.7128900e+00 1.66e-03 8.96e+00  -5.7 2.35e+00    -  1.45e-01 5.82e-02h  2
1554  4.7103386e+00 1.43e-03 1.04e+01  -5.6 1.68e-01    -  4.78e-01 1.37e-01h  1
1555  4.7085771e+00 7.46e-04 5.06e+00  -5.3 6.52e-01    -  8.27e-01 6.64e-01h  1
1556  4.7078476e+00 7.88e-04 4.45e+00  -5.0 8.28e+00    -  2.78e-01 2.60e-02h  4
1557  4.7068656e+00 1.39e-03 7.42e+00  -5.6 9.65e+00    -  2.27e-01 7.35e-02h  2
1558  4.7063020e+00 3.46e-03 7.90e+00  -4.8 3.54e+01    -  6.90e-02 2.13e-02h  1
1559  4.8942139e+00 2.62e-02 7.58e+00  -3.3 6.43e+01    -  9.24e-03 2.32e-02f  1
iter    objective    inf_pr   inf_du lg(mu)  ||d||  lg(rg) alpha_du alpha_pr  ls
1560  4.8212642e+00 2.04e-02 5.71e+00  -5.0 5.42e+00    -  2.17e-01 2.30e-01h  1
1561  4.7871760e+00 2.05e-02 8.51e+00  -5.0 4.03e+01    -  2.76e-02 1.31e-02f  1
1562  4.7793803e+00 2.00e-02 1.33e+01  -5.0 1.74e+00    -  6.41e-02 2.70e-02f  1
1563  4.7575105e+00 1.89e-02 1.05e+01  -5.0 3.45e+00    -  7.05e-02 8.33e-02h  1
1564  4.7326736e+00 1.72e-02 2.58e+00  -5.0 3.31e+00    -  8.99e-02 2.20e-01h  1
1565  4.7391170e+00 1.67e-02 1.99e+00  -5.0 3.53e+00    -  2.86e-01 2.26e-01h  1
1566  4.7227145e+00 1.32e-02 1.18e+00  -5.0 1.78e+00    -  3.46e-01 2.12e-01h  1
1567  4.7050438e+00 1.11e-02 1.97e+01  -5.0 1.48e+00    -  1.54e-02 1.56e-01h  1
1568  4.7074007e+00 8.63e-03 1.47e+01  -4.4 2.76e-01    -  2.61e-01 2.59e-01f  2
1569  4.6992042e+00 1.51e-02 3.03e+00  -4.9 1.03e-01    -  7.69e-01 1.00e+00h  1
iter    objective    inf_pr   inf_du lg(mu)  ||d||  lg(rg) alpha_du alpha_pr  ls
1570  4.7251901e+00 1.04e-03 5.13e+00  -4.3 2.50e-01    -  8.29e-01 9.67e-01h  1
1571  4.8733548e+00 1.84e-03 1.06e+00  -4.4 2.20e-01    -  9.23e-01 1.00e+00H  1
1572  4.7221421e+00 1.48e-02 7.11e-03  -4.4 1.99e-01    -  1.00e+00 1.00e+00f  1
1573  4.7231179e+00 5.54e-05 3.88e-03  -4.4 1.40e-02    -  1.00e+00 1.00e+00h  1
1574  4.7235014e+00 2.09e-05 3.06e-03  -4.4 1.14e-02    -  1.00e+00 1.00e+00h  1
1575  4.7289806e+00 1.01e-06 1.30e-02  -4.4 1.32e-01    -  1.00e+00 1.00e+00H  1
1576  4.7078866e+00 1.72e-03 2.63e+00  -4.7 4.40e-01    -  1.00e+00 8.26e-01f  1
1577  4.7248275e+00 1.23e-02 7.77e+00  -4.8 3.34e-01    -  5.33e-01 8.16e-01H  1
1578  4.7030915e+00 3.53e-03 4.62e+00  -4.8 2.48e-01    -  4.12e-01 1.00e+00f  1
1579  4.6974148e+00 2.44e-03 3.54e+00  -4.8 1.30e-01    -  5.14e-01 3.33e-01h  1
iter    objective    inf_pr   inf_du lg(mu)  ||d||  lg(rg) alpha_du alpha_pr  ls
1580  4.6882103e+00 1.70e-03 4.24e-01  -5.1 1.26e-01    -  1.00e+00 9.65e-01h  1
1581  4.6876347e+00 8.97e-04 3.25e+00  -5.2 2.49e-01    -  1.00e+00 4.71e-01h  2
1582  4.6822116e+00 1.01e-03 8.05e-01  -5.4 1.02e-01    -  1.00e+00 9.11e-01h  1
1583  4.6881075e+00 4.28e-03 1.26e-02  -5.2 5.81e-02    -  1.00e+00 1.00e+00H  1
1584  4.6797381e+00 1.48e-02 1.16e-01  -5.5 5.49e-02    -  1.00e+00 9.75e-01h  1
1585  4.6787890e+00 1.47e-02 2.44e-03  -5.6 5.76e-02    -  1.00e+00 1.00e+00h  1
1586  4.6807995e+00 1.48e-02 6.49e-03  -5.3 7.59e-02    -  1.00e+00 1.00e+00h  1
1587  4.6797204e+00 1.18e-02 3.79e+00  -5.4 2.71e-01    -  1.00e+00 2.04e-01h  1
1588  4.6851400e+00 7.35e-03 3.09e+00  -5.5 6.17e-01    -  5.15e-01 3.81e-01H  1
1589  4.6807671e+00 2.27e-03 1.31e+00  -5.5 2.00e-01    -  1.00e+00 7.62e-01h  1
iter    objective    inf_pr   inf_du lg(mu)  ||d||  lg(rg) alpha_du alpha_pr  ls
1590  4.6915822e+00 7.71e-04 1.19e+01  -4.9 1.04e-01    -  4.02e-01 7.83e-01f  1
1591  4.6784503e+00 1.95e-03 1.42e+00  -5.2 8.59e-02    -  1.00e+00 8.89e-01h  1
1592  4.6770281e+00 1.74e-03 1.49e+01  -5.3 9.69e-02    -  1.00e+00 4.86e-01h  2
1593  4.6744109e+00 1.76e-03 2.67e-02  -5.6 1.42e-01    -  1.00e+00 9.93e-01h  1
1594  4.6747581e+00 1.25e-03 1.90e+00  -5.3 6.58e-01    -  9.00e-01 2.94e-01h  2
1595  4.6739947e+00 9.76e-04 5.28e+00  -5.4 2.22e+00    -  3.89e-01 1.24e-01h  2
1596  4.6738560e+00 9.35e-04 7.99e+00  -5.5 2.15e+00    -  2.30e-01 4.14e-02h  4
1597  4.6846939e+00 2.86e-04 6.82e+00  -5.1 5.85e-02    -  6.52e-01 1.00e+00H  1
1598  4.6793853e+00 2.20e-04 1.26e+01  -5.5 4.89e-02    -  1.00e+00 2.69e-01h  1
1599  4.6709091e+00 3.12e-04 1.15e+00  -5.5 1.01e-01    -  1.00e+00 9.43e-01h  1
iter    objective    inf_pr   inf_du lg(mu)  ||d||  lg(rg) alpha_du alpha_pr  ls
1600  4.6707688e+00 2.84e-04 2.44e+00  -5.3 1.95e-01    -  1.00e+00 8.79e-02h  1
1601  4.6808044e+00 2.54e-03 1.51e+00  -5.0 2.59e-01    -  7.64e-01 9.73e-01h  1
1602  4.6774482e+00 1.37e-03 1.11e+00  -5.2 3.21e-01    -  7.18e-01 4.57e-01h  1
1603  4.6755820e+00 1.21e-03 1.02e+01  -5.2 4.37e-01    -  7.81e-01 1.24e-01f  2
1604  4.6743364e+00 8.79e-04 1.15e+01  -5.2 3.71e-02    -  8.54e-01 2.68e-01h  1
1605  4.6695637e+00 2.54e-04 2.69e-03  -5.5 4.84e-02    -  1.00e+00 1.00e+00h  1
1606  4.6731236e+00 9.69e-05 7.95e-03  -5.2 1.17e-01    -  1.00e+00 1.00e+00h  1
1607  4.6700118e+00 1.13e-04 2.55e+00  -5.8 4.75e-02    -  1.00e+00 4.86e-01h  1
1608  4.6706503e+00 1.15e-04 7.09e-01  -5.3 3.73e-02    -  1.00e+00 9.32e-01h  1
1609  4.6698648e+00 1.88e-05 4.86e-03  -5.4 1.36e-02    -  1.00e+00 1.00e+00h  1
iter    objective    inf_pr   inf_du lg(mu)  ||d||  lg(rg) alpha_du alpha_pr  ls
1610  4.6673088e+00 3.72e-05 2.16e-01  -5.7 1.33e-02    -  1.00e+00 9.37e-01h  1
1611  4.6661731e+00 1.18e-04 5.09e-01  -6.2 3.51e-02    -  1.00e+00 7.88e-01h  1
1612  4.6659423e+00 1.06e-04 7.08e-01  -6.2 1.97e-01    -  1.00e+00 1.26e-01h  1
1613  4.6661843e+00 1.83e-04 1.35e+00  -5.2 2.06e+00    -  3.05e-01 1.10e-01h  1
1614  4.6658304e+00 2.33e-04 2.84e+00  -5.7 5.02e+00    -  1.67e-01 2.36e-02h  3
1615  4.6685545e+00 1.11e-03 4.69e+00  -5.0 4.15e+00    -  1.99e-01 1.05e-01h  2
1616  4.6681128e+00 1.15e-03 1.18e+01  -5.5 3.20e+00    -  3.48e-01 4.02e-02h  4
1617  4.6671330e+00 1.38e-03 1.38e+01  -5.5 8.22e+00    -  8.32e-02 3.78e-02h  3
1618  4.6666660e+00 1.85e-03 1.84e+01  -5.5 1.23e+01    -  9.49e-02 4.52e-02h  2
1619  4.6659160e+00 1.93e-03 1.90e+01  -5.5 1.55e+01    -  2.89e-02 2.05e-02h  2
iter    objective    inf_pr   inf_du lg(mu)  ||d||  lg(rg) alpha_du alpha_pr  ls
1620  4.6648935e+00 1.88e-03 2.06e+01  -5.5 5.57e+00    -  7.89e-02 5.06e-02h  2
1621  4.6639823e+00 1.83e-03 1.16e+01  -5.6 5.31e+00    -  1.35e-01 3.00e-02h  3
1622  4.6633498e+00 1.73e-03 2.38e+01  -5.1 5.93e-01    -  2.29e-01 5.08e-02h  1
1623  4.6619735e+00 8.64e-04 8.91e+00  -5.5 6.76e-02    -  1.00e+00 5.01e-01h  1
1624  4.6611470e+00 5.88e-04 3.64e+00  -5.6 1.17e-01    -  6.41e-01 3.18e-01h  1
1625  4.6594202e+00 1.87e-04 5.01e+00  -5.9 1.89e-01    -  5.44e-01 7.71e-01h  1
1626  4.6626779e+00 1.08e-03 3.26e+00  -5.2 1.29e+00    -  3.92e-01 3.40e-01h  1
1627  4.6622562e+00 9.20e-04 3.13e+00  -5.5 4.70e+00    -  2.16e-01 7.69e-02h  2
1628  4.6613458e+00 8.11e-04 7.66e+00  -5.5 7.15e+00    -  2.13e-01 3.10e-02h  4
1629  4.6610679e+00 6.96e-04 7.86e+00  -5.5 7.86e+00    -  6.05e-02 4.53e-02h  3
iter    objective    inf_pr   inf_du lg(mu)  ||d||  lg(rg) alpha_du alpha_pr  ls
1630  4.6600166e+00 8.73e-04 1.32e+01  -5.5 1.08e+01    -  2.53e-01 3.53e-02h  3
1631  4.6594210e+00 2.64e-03 1.41e+01  -5.5 2.60e+01    -  9.68e-02 4.77e-02h  1
1632  4.6588682e+00 3.17e-03 1.57e+01  -5.5 4.75e+01    -  5.07e-02 1.57e-02h  3
1633  4.6582053e+00 3.25e-03 2.13e+01  -4.7 2.93e+01    -  1.02e-01 1.13e-02h  4
1634  4.6579980e+00 3.58e-03 2.99e+01  -4.8 1.74e+01    -  2.04e-01 3.40e-02h  3
1635  4.6556858e+00 4.41e-03 2.96e+01  -6.5 2.27e+01    -  6.16e-02 3.77e-02h  2
1636  4.6548891e+00 4.52e-03 3.12e+01  -5.9 5.73e+01    -  5.20e-02 6.93e-03h  3
1637  4.6866258e+00 1.43e-02 2.79e+01  -4.3 1.52e+01    -  7.39e-02 1.37e-01h  1
1638  4.8088214e+00 8.88e-03 2.68e+01  -5.1 6.51e+00    -  9.28e-02 5.48e-02h  2
1639  4.7297619e+00 6.76e-03 1.96e+01  -5.1 1.92e+00    -  2.26e-01 2.93e-01h  1
iter    objective    inf_pr   inf_du lg(mu)  ||d||  lg(rg) alpha_du alpha_pr  ls
1640  4.7453222e+00 6.09e-03 1.51e+01  -5.1 1.13e+00    -  2.01e-01 9.96e-02h  2
1641  4.6619198e+00 3.18e-03 4.44e+00  -5.1 1.19e+00    -  7.24e-01 6.20e-01h  1
1642  4.6708866e+00 2.40e-03 3.22e+00  -5.1 1.41e+00    -  5.14e-01 2.75e-01h  1
1643  4.6510418e+00 1.53e-03 3.81e+00  -5.1 1.03e+00    -  1.17e-01 4.78e-01f  1
1644  4.6529666e+00 1.45e-03 1.04e+01  -5.3 2.63e+00    -  3.98e-01 1.08e-01h  1
1645  4.6550509e+00 8.32e-04 2.76e+00  -4.9 8.89e-02    -  1.00e+00 9.02e-01h  1
1646  4.6562107e+00 8.67e-04 8.77e-03  -4.5 7.84e-02    -  1.00e+00 1.00e+00h  1
1647  4.6479247e+00 7.70e-04 2.14e+00  -5.0 1.28e-01    -  1.00e+00 8.99e-01h  1
1648  4.6434656e+00 5.84e-04 2.25e+00  -5.1 5.83e-01    -  1.00e+00 6.21e-01h  1
1649  4.6549147e+00 2.43e-03 2.42e+00  -4.6 2.13e+00    -  8.69e-01 2.63e-01h  2
iter    objective    inf_pr   inf_du lg(mu)  ||d||  lg(rg) alpha_du alpha_pr  ls
1650  4.6563706e+00 1.82e-03 2.80e+00  -4.8 3.15e+00    -  4.75e-01 1.75e-01h  2
1651  4.6574846e+00 1.96e-03 3.72e+00  -4.8 4.06e+00    -  2.75e-01 1.09e-01h  3
1652  4.6537634e+00 1.75e-03 6.61e+00  -4.8 5.03e-01    -  2.80e-01 9.72e-02h  3
1653  4.6502041e+00 1.74e-03 5.06e+00  -4.8 5.21e-01    -  7.14e-01 9.65e-01h  1
1654  4.6480574e+00 1.71e-03 1.14e+01  -4.8 4.39e-01    -  6.45e-01 6.98e-02h  2
1655  4.6453732e+00 6.42e-04 6.81e-03  -4.8 2.26e-01    -  1.00e+00 1.00e+00h  1
1656  4.8085127e+00 4.41e-04 8.46e-01  -4.5 1.81e+00    -  6.77e-01 1.00e+00H  1
1657  4.7447472e+00 3.32e-03 1.50e-01  -4.7 3.18e-01    -  1.00e+00 9.53e-01f  1
1658  4.6603889e+00 2.57e-03 2.12e+01  -4.7 1.25e+00    -  3.03e-01 4.79e-01f  1
1659  4.6551254e+00 2.17e-03 4.15e+00  -4.7 8.68e-01    -  3.78e-01 1.61e-01h  2
iter    objective    inf_pr   inf_du lg(mu)  ||d||  lg(rg) alpha_du alpha_pr  ls
1660  4.6554942e+00 2.24e-03 1.32e+00  -4.7 8.74e-02    -  1.00e+00 9.19e-01h  1
1661  4.6482967e+00 8.55e-04 7.66e+00  -4.7 4.84e-02    -  7.12e-01 6.23e-01f  1
1662  4.6468761e+00 2.45e-03 2.82e-03  -4.7 4.88e-02    -  1.00e+00 1.00e+00f  1
1663  4.6365432e+00 2.91e-04 5.71e-01  -5.0 3.76e-02    -  1.00e+00 8.78e-01h  1
1664  4.6311200e+00 1.92e-04 8.14e+00  -5.3 2.89e-02    -  1.00e+00 4.63e-01h  1
1665  4.6267122e+00 2.96e-04 3.52e+00  -5.8 4.93e-02    -  1.00e+00 5.13e-01h  1
1666  4.6254818e+00 1.29e-04 6.21e-03  -5.5 2.64e-02    -  1.00e+00 1.00e+00h  1
1667  4.6228776e+00 2.48e-04 2.79e-01  -6.0 2.76e-02    -  1.00e+00 8.29e-01h  1
1668  4.6222867e+00 5.13e-05 7.63e-01  -6.0 1.56e-02    -  1.00e+00 8.01e-01h  1
1669  4.6216827e+00 4.87e-05 4.60e-01  -6.5 2.03e-02    -  1.00e+00 5.80e-01h  1
iter    objective    inf_pr   inf_du lg(mu)  ||d||  lg(rg) alpha_du alpha_pr  ls
1670  4.6220353e+00 4.66e-04 8.44e-01  -5.5 7.18e-02    -  5.16e-01 3.42e-01h  1
1671  4.6216641e+00 3.52e-04 2.23e+00  -5.9 1.11e-01    -  6.42e-01 2.45e-01h  1
1672  4.6217269e+00 3.10e-04 1.50e+00  -5.3 1.98e-01    -  4.95e-01 1.34e-01f  1
1673  4.6215164e+00 8.49e-04 3.07e+00  -5.6 1.44e-01    -  1.00e+00 2.94e-01h  2
1674  4.6211576e+00 5.72e-04 2.35e+00  -5.7 1.81e-01    -  7.67e-01 3.25e-01h  1
1675  4.6224270e+00 4.60e-04 1.88e+00  -5.3 2.65e-01    -  5.22e-01 2.89e-01h  1
1676  4.6261751e+00 5.21e-04 1.14e+00  -5.5 1.51e-01    -  3.80e-01 5.53e-01h  1
1677  4.6221928e+00 1.05e-04 4.45e-01  -5.5 3.70e-02    -  9.22e-01 1.00e+00f  1
1678  4.6208674e+00 3.54e-04 4.73e+00  -5.5 3.07e-02    -  1.00e+00 3.19e-01h  1
1679  4.6195103e+00 3.60e-04 7.77e-02  -5.7 1.64e-02    -  1.00e+00 9.39e-01f  1
iter    objective    inf_pr   inf_du lg(mu)  ||d||  lg(rg) alpha_du alpha_pr  ls
1680  4.6189383e+00 1.70e-04 7.71e-01  -6.0 1.53e-02    -  1.00e+00 5.23e-01h  1
1681  4.6183348e+00 4.23e-05 3.18e-01  -5.9 4.30e-02    -  1.00e+00 7.16e-01h  1
1682  4.6181949e+00 7.66e-05 1.35e+00  -5.7 1.66e-01    -  1.00e+00 2.31e-01h  2
1683  4.6186481e+00 2.59e-04 1.89e+00  -5.4 2.31e-01    -  7.89e-01 2.55e-01h  2
1684  4.6185184e+00 2.20e-04 3.38e+00  -5.6 1.92e-01    -  8.50e-01 2.22e-01h  2
1685  4.6184016e+00 2.27e-04 3.61e+00  -5.6 1.38e-01    -  6.19e-01 3.17e-01h  2
1686  4.6274333e+00 1.50e-04 7.88e-01  -5.6 1.51e-01    -  6.99e-01 1.00e+00H  1
1687  4.6292583e+00 2.36e-05 2.16e-02  -5.6 8.59e-02    -  1.00e+00 1.00e+00H  1
1688  4.6200501e+00 8.62e-05 3.13e+00  -5.2 5.77e-02    -  1.00e+00 6.41e-01h  1
1689  4.6190308e+00 1.07e-05 9.36e-04  -5.3 1.89e-02    -  1.00e+00 1.00e+00h  1

Number of Iterations....: 1689

                                   (scaled)                 (unscaled)
Objective...............:   4.6190308150637751e+00    4.6190308150637751e+00
Dual infeasibility......:   9.3566037535812658e-04    9.3566037535812658e-04
Constraint violation....:   1.0726853145501258e-05    1.0726853145501258e-05
Variable bound violation:   0.0000000000000000e+00    0.0000000000000000e+00
Complementarity.........:   6.3058488508815739e-06    6.3058488508815739e-06
Overall NLP error.......:   9.3566037535812658e-04    9.3566037535812658e-04


Number of objective function evaluations             = 3270
Number of objective gradient evaluations             = 1690
Number of equality constraint evaluations            = 3270
Number of inequality constraint evaluations          = 0
Number of equality constraint Jacobian evaluations   = 1690
Number of inequality constraint Jacobian evaluations = 0
Number of Lagrangian Hessian evaluations             = 0
Total seconds in IPOPT                               = 6126.058

EXIT: Optimal Solution Found.
         nlp  :   t_proc      (avg)   t_wall      (avg)    n_eval
callback_fun  | 298.68ms (176.73us) 717.09ms (424.32us)      1690
       nlp_f  |  35.85 s ( 10.96ms)   9.67 s (  2.96ms)      3270
       nlp_g  | 288.86 s ( 88.34ms)  38.58 s ( 11.80ms)      3270
  nlp_grad_f  |   1.74ks (  1.03 s) 188.02 s (111.12ms)      1692
   nlp_jac_g  |  46.13ks ( 27.28 s)   4.45ks (  2.63 s)      1691
       total  |  62.70ks ( 62.70ks)   6.13ks (  6.13ks)         1

Breakdown of objective (including weights):
  marker_tracking: 3.71493
  control_effort: 0.796123
  accelerations: 0.107974
[info] Set log level to Info.
[info] ------------------------------------------------------------------------
[info] Elapsed real time: 6187 second(s) (1 hour(s), 43 minute(s), 7 second(s)).
[info] Tue Jun  2 20:14:08 2026
[info] MocoCasADiSolver succeeded!
[info] ========================================================================
[info] Storage: read data file = SRRun01_grf.mot (nr=10005 nc=19)
[info] ExternalForce::RightGRF Data source being set to SRRun01_grf
[info] ExternalForce::LeftGRF Data source being set to SRRun01_grf
[warning] Ignoring output /forceset/addbrev_r|implicitenabled_normalized_tendon_force of type bool.
[warning] Ignoring output /forceset/addbrev_r|statebounds_normalized_tendon_force of type Vec2.
[warning] Ignoring output /forceset/addlong_r|implicitenabled_normalized_tendon_force of type bool.
[warning] Ignoring output /forceset/addlong_r|statebounds_normalized_tendon_force of type Vec2.
[warning] Ignoring output /forceset/addmagDist_r|implicitenabled_normalized_tendon_force of type bool.
[warning] Ignoring output /forceset/addmagDist_r|statebounds_normalized_tendon_force of type Vec2.
[warning] Ignoring output /forceset/addmagIsch_r|implicitenabled_normalized_tendon_force of type bool.
[warning] Ignoring output /forceset/addmagIsch_r|statebounds_normalized_tendon_force of type Vec2.
[warning] Ignoring output /forceset/addmagMid_r|implicitenabled_normalized_tendon_force of type bool.
[warning] Ignoring output /forceset/addmagMid_r|statebounds_normalized_tendon_force of type Vec2.
[warning] Ignoring output /forceset/addmagProx_r|implicitenabled_normalized_tendon_force of type bool.
[warning] Ignoring output /forceset/addmagProx_r|statebounds_normalized_tendon_force of type Vec2.
[warning] Ignoring output /forceset/bflh_r|implicitenabled_normalized_tendon_force of type bool.
[warning] Ignoring output /forceset/bflh_r|statebounds_normalized_tendon_force of type Vec2.
[warning] Ignoring output /forceset/bfsh_r|implicitenabled_normalized_tendon_force of type bool.
[warning] Ignoring output /forceset/bfsh_r|statebounds_normalized_tendon_force of type Vec2.
[warning] Ignoring output /forceset/edl_r|implicitenabled_normalized_tendon_force of type bool.
[warning] Ignoring output /forceset/edl_r|statebounds_normalized_tendon_force of type Vec2.
[warning] Ignoring output /forceset/ehl_r|implicitenabled_normalized_tendon_force of type bool.
[warning] Ignoring output /forceset/ehl_r|statebounds_normalized_tendon_force of type Vec2.
[warning] Ignoring output /forceset/fdl_r|implicitenabled_normalized_tendon_force of type bool.
[warning] Ignoring output /forceset/fdl_r|statebounds_normalized_tendon_force of type Vec2.
[warning] Ignoring output /forceset/fhl_r|implicitenabled_normalized_tendon_force of type bool.
[warning] Ignoring output /forceset/fhl_r|statebounds_normalized_tendon_force of type Vec2.
[warning] Ignoring output /forceset/gaslat_r|implicitenabled_normalized_tendon_force of type bool.
[warning] Ignoring output /forceset/gaslat_r|statebounds_normalized_tendon_force of type Vec2.
[warning] Ignoring output /forceset/gasmed_r|implicitenabled_normalized_tendon_force of type bool.
[warning] Ignoring output /forceset/gasmed_r|statebounds_normalized_tendon_force of type Vec2.
[warning] Ignoring output /forceset/glmax1_r|implicitenabled_normalized_tendon_force of type bool.
[warning] Ignoring output /forceset/glmax1_r|statebounds_normalized_tendon_force of type Vec2.
[warning] Ignoring output /forceset/glmax2_r|implicitenabled_normalized_tendon_force of type bool.
[warning] Ignoring output /forceset/glmax2_r|statebounds_normalized_tendon_force of type Vec2.
[warning] Ignoring output /forceset/glmax3_r|implicitenabled_normalized_tendon_force of type bool.
[warning] Ignoring output /forceset/glmax3_r|statebounds_normalized_tendon_force of type Vec2.
[warning] Ignoring output /forceset/glmed1_r|implicitenabled_normalized_tendon_force of type bool.
[warning] Ignoring output /forceset/glmed1_r|statebounds_normalized_tendon_force of type Vec2.
[warning] Ignoring output /forceset/glmed2_r|implicitenabled_normalized_tendon_force of type bool.
[warning] Ignoring output /forceset/glmed2_r|statebounds_normalized_tendon_force of type Vec2.
[warning] Ignoring output /forceset/glmed3_r|implicitenabled_normalized_tendon_force of type bool.
[warning] Ignoring output /forceset/glmed3_r|statebounds_normalized_tendon_force of type Vec2.
[warning] Ignoring output /forceset/glmin1_r|implicitenabled_normalized_tendon_force of type bool.
[warning] Ignoring output /forceset/glmin1_r|statebounds_normalized_tendon_force of type Vec2.
[warning] Ignoring output /forceset/glmin2_r|implicitenabled_normalized_tendon_force of type bool.
[warning] Ignoring output /forceset/glmin2_r|statebounds_normalized_tendon_force of type Vec2.
[warning] Ignoring output /forceset/glmin3_r|implicitenabled_normalized_tendon_force of type bool.
[warning] Ignoring output /forceset/glmin3_r|statebounds_normalized_tendon_force of type Vec2.
[warning] Ignoring output /forceset/grac_r|implicitenabled_normalized_tendon_force of type bool.
[warning] Ignoring output /forceset/grac_r|statebounds_normalized_tendon_force of type Vec2.
[warning] Ignoring output /forceset/iliacus_r|implicitenabled_normalized_tendon_force of type bool.
[warning] Ignoring output /forceset/iliacus_r|statebounds_normalized_tendon_force of type Vec2.
[warning] Ignoring output /forceset/perbrev_r|implicitenabled_normalized_tendon_force of type bool.
[warning] Ignoring output /forceset/perbrev_r|statebounds_normalized_tendon_force of type Vec2.
[warning] Ignoring output /forceset/perlong_r|implicitenabled_normalized_tendon_force of type bool.
[warning] Ignoring output /forceset/perlong_r|statebounds_normalized_tendon_force of type Vec2.
[warning] Ignoring output /forceset/piri_r|implicitenabled_normalized_tendon_force of type bool.
[warning] Ignoring output /forceset/piri_r|statebounds_normalized_tendon_force of type Vec2.
[warning] Ignoring output /forceset/psoas_r|implicitenabled_normalized_tendon_force of type bool.
[warning] Ignoring output /forceset/psoas_r|statebounds_normalized_tendon_force of type Vec2.
[warning] Ignoring output /forceset/recfem_r|implicitenabled_normalized_tendon_force of type bool.
[warning] Ignoring output /forceset/recfem_r|statebounds_normalized_tendon_force of type Vec2.
[warning] Ignoring output /forceset/sart_r|implicitenabled_normalized_tendon_force of type bool.
[warning] Ignoring output /forceset/sart_r|statebounds_normalized_tendon_force of type Vec2.
[warning] Ignoring output /forceset/semimem_r|implicitenabled_normalized_tendon_force of type bool.
[warning] Ignoring output /forceset/semimem_r|statebounds_normalized_tendon_force of type Vec2.
[warning] Ignoring output /forceset/semiten_r|implicitenabled_normalized_tendon_force of type bool.
[warning] Ignoring output /forceset/semiten_r|statebounds_normalized_tendon_force of type Vec2.
[warning] Ignoring output /forceset/soleus_r|implicitenabled_normalized_tendon_force of type bool.
[warning] Ignoring output /forceset/soleus_r|statebounds_normalized_tendon_force of type Vec2.
[warning] Ignoring output /forceset/tfl_r|implicitenabled_normalized_tendon_force of type bool.
[warning] Ignoring output /forceset/tfl_r|statebounds_normalized_tendon_force of type Vec2.
[warning] Ignoring output /forceset/tibant_r|implicitenabled_normalized_tendon_force of type bool.
[warning] Ignoring output /forceset/tibant_r|statebounds_normalized_tendon_force of type Vec2.
[warning] Ignoring output /forceset/tibpost_r|implicitenabled_normalized_tendon_force of type bool.
[warning] Ignoring output /forceset/tibpost_r|statebounds_normalized_tendon_force of type Vec2.
[warning] Ignoring output /forceset/vasint_r|implicitenabled_normalized_tendon_force of type bool.
[warning] Ignoring output /forceset/vasint_r|statebounds_normalized_tendon_force of type Vec2.
[warning] Ignoring output /forceset/vaslat_r|implicitenabled_normalized_tendon_force of type bool.
[warning] Ignoring output /forceset/vaslat_r|statebounds_normalized_tendon_force of type Vec2.
[warning] Ignoring output /forceset/vasmed_r|implicitenabled_normalized_tendon_force of type bool.
[warning] Ignoring output /forceset/vasmed_r|statebounds_normalized_tendon_force of type Vec2.
[info] Storage: read data file = SRRun01_grf.mot (nr=10005 nc=19)
[info] ExternalForce::RightGRF Data source being set to SRRun01_grf
[info] ExternalForce::LeftGRF Data source being set to SRRun01_grf
[info] Storage: read data file = SRRun01_grf.mot (nr=10005 nc=19)
[info] ExternalForce::RightGRF Data source being set to SRRun01_grf
[info] ExternalForce::LeftGRF Data source being set to SRRun01_grf
[info] Storage: read data file = SRRun01_grf.mot (nr=10005 nc=19)
[info] ExternalForce::RightGRF Data source being set to SRRun01_grf
[info] ExternalForce::LeftGRF Data source being set to SRRun01_grf
[info] Storage: read data file = SRRun01_grf.mot (nr=10005 nc=19)
[info] ExternalForce::RightGRF Data source being set to SRRun01_grf
[info] ExternalForce::LeftGRF Data source being set to SRRun01_grf
[info] Storage: read data file = SRRun01_grf.mot (nr=10005 nc=19)
[info] ExternalForce::RightGRF Data source being set to SRRun01_grf
[info] ExternalForce::LeftGRF Data source being set to SRRun01_grf
