[info] Loaded model PA12_complex from file ../../../../../data/Loone2025/PA12/scaling/PA12_complex.osim
[info] Storage: read data file = SRRun01_grf.mot (nr=10005 nc=19)
[info] ExternalForce::RightGRF Data source being set to SRRun01_grf
[info] ExternalForce::LeftGRF Data source being set to SRRun01_grf
[info] Storage: read data file = SRRun01_grf.mot (nr=10005 nc=19)
[info] ExternalForce::RightGRF Data source being set to SRRun01_grf
[info] ExternalForce::LeftGRF Data source being set to SRRun01_grf
[info] Loaded model PA12_complex from file PA12_SRRun_dynamic-optimisation_complex.osim
[info] Storage: read data file = SRRun01_grf.mot (nr=10005 nc=19)
[info] ExternalForce::RightGRF Data source being set to SRRun01_grf
[info] ExternalForce::LeftGRF Data source being set to SRRun01_grf
[info] Storage: read data file = SRRun01_grf.mot (nr=10005 nc=19)
[info] ExternalForce::RightGRF Data source being set to SRRun01_grf
[info] ExternalForce::LeftGRF Data source being set to SRRun01_grf
[info] Loaded model PA12_complex from file PA12_SRRun_dynamic-optimisation_complex.osim
[info] Storage: read data file = SRRun01_grf.mot (nr=10005 nc=19)
[info] ExternalForce::RightGRF Data source being set to SRRun01_grf
[info] ExternalForce::LeftGRF Data source being set to SRRun01_grf
[info] Storage: read data file = SRRun01_grf.mot (nr=10005 nc=19)
[info] ExternalForce::RightGRF Data source being set to SRRun01_grf
[info] ExternalForce::LeftGRF Data source being set to SRRun01_grf
[info] Storage: read data file = SRRun01_grf.mot (nr=10005 nc=19)
[info] ExternalForce::RightGRF Data source being set to SRRun01_grf
[info] ExternalForce::LeftGRF Data source being set to SRRun01_grf
[info] Storage: read data file = SRRun01_grf.mot (nr=10005 nc=19)
[info] ExternalForce::RightGRF Data source being set to SRRun01_grf
[info] ExternalForce::LeftGRF Data source being set to SRRun01_grf
[info] Storage: read data file = SRRun01_grf.mot (nr=10005 nc=19)
[info] ExternalForce::RightGRF Data source being set to SRRun01_grf
[info] ExternalForce::LeftGRF Data source being set to SRRun01_grf
[info] Storage: read data file = SRRun01_grf.mot (nr=10005 nc=19)
[info] ExternalForce::RightGRF Data source being set to SRRun01_grf
[info] ExternalForce::LeftGRF Data source being set to SRRun01_grf
[info] Storage: read data file = SRRun01_grf.mot (nr=10005 nc=19)
[info] ExternalForce::RightGRF Data source being set to SRRun01_grf
[info] ExternalForce::LeftGRF Data source being set to SRRun01_grf
[info] Storage: read data file = SRRun01_grf.mot (nr=10005 nc=19)
[info] ExternalForce::RightGRF Data source being set to SRRun01_grf
[info] ExternalForce::LeftGRF Data source being set to SRRun01_grf
[info] Storage: read data file = SRRun01_grf.mot (nr=10005 nc=19)
[info] ExternalForce::RightGRF Data source being set to SRRun01_grf
[info] ExternalForce::LeftGRF Data source being set to SRRun01_grf
[info] Storage: read data file = SRRun01_grf.mot (nr=10005 nc=19)
[info] ExternalForce::RightGRF Data source being set to SRRun01_grf
[info] ExternalForce::LeftGRF Data source being set to SRRun01_grf
[info] Storage: read data file = SRRun01_grf.mot (nr=10005 nc=19)
[info] ExternalForce::RightGRF Data source being set to SRRun01_grf
[info] ExternalForce::LeftGRF Data source being set to SRRun01_grf
[info] Storage: read data file = SRRun01_grf.mot (nr=10005 nc=19)
[info] ExternalForce::RightGRF Data source being set to SRRun01_grf
[info] ExternalForce::LeftGRF Data source being set to SRRun01_grf
[info] Storage: read data file = SRRun01_grf.mot (nr=10005 nc=19)
[info] ExternalForce::RightGRF Data source being set to SRRun01_grf
[info] ExternalForce::LeftGRF Data source being set to SRRun01_grf
[info] Storage: read data file = SRRun01_grf.mot (nr=10005 nc=19)
[info] ExternalForce::RightGRF Data source being set to SRRun01_grf
[info] ExternalForce::LeftGRF Data source being set to SRRun01_grf
[info] Storage: read data file = SRRun01_grf.mot (nr=10005 nc=19)
[info] ExternalForce::RightGRF Data source being set to SRRun01_grf
[info] ExternalForce::LeftGRF Data source being set to SRRun01_grf
[info] Storage: read data file = SRRun01_grf.mot (nr=10005 nc=19)
[info] ExternalForce::RightGRF Data source being set to SRRun01_grf
[info] ExternalForce::LeftGRF Data source being set to SRRun01_grf
[info] Storage: read data file = SRRun01_grf.mot (nr=10005 nc=19)
[info] ExternalForce::RightGRF Data source being set to SRRun01_grf
[info] ExternalForce::LeftGRF Data source being set to SRRun01_grf
[info] Storage: read data file = SRRun01_grf.mot (nr=10005 nc=19)
[info] ExternalForce::RightGRF Data source being set to SRRun01_grf
[info] ExternalForce::LeftGRF Data source being set to SRRun01_grf
[info] Storage: read data file = SRRun01_grf.mot (nr=10005 nc=19)
[info] ExternalForce::RightGRF Data source being set to SRRun01_grf
[info] ExternalForce::LeftGRF Data source being set to SRRun01_grf
[info] Storage: read data file = SRRun01_grf.mot (nr=10005 nc=19)
[info] ExternalForce::RightGRF Data source being set to SRRun01_grf
[info] ExternalForce::LeftGRF Data source being set to SRRun01_grf
[info] Storage: read data file = SRRun01_grf.mot (nr=10005 nc=19)
[info] ExternalForce::RightGRF Data source being set to SRRun01_grf
[info] ExternalForce::LeftGRF Data source being set to SRRun01_grf
[info] Storage: read data file = SRRun01_grf.mot (nr=10005 nc=19)
[info] ExternalForce::RightGRF Data source being set to SRRun01_grf
[info] ExternalForce::LeftGRF Data source being set to SRRun01_grf
[info] Storage: read data file = SRRun01_grf.mot (nr=10005 nc=19)
[info] ExternalForce::RightGRF Data source being set to SRRun01_grf
[info] ExternalForce::LeftGRF Data source being set to SRRun01_grf
[info] Storage: read data file = SRRun01_grf.mot (nr=10005 nc=19)
[info] ExternalForce::RightGRF Data source being set to SRRun01_grf
[info] ExternalForce::LeftGRF Data source being set to SRRun01_grf
[info] Storage: read data file = SRRun01_grf.mot (nr=10005 nc=19)
[info] ExternalForce::RightGRF Data source being set to SRRun01_grf
[info] ExternalForce::LeftGRF Data source being set to SRRun01_grf
[info] Storage: read data file = SRRun01_grf.mot (nr=10005 nc=19)
[info] ExternalForce::RightGRF Data source being set to SRRun01_grf
[info] ExternalForce::LeftGRF Data source being set to SRRun01_grf
[info] Storage: read data file = SRRun01_grf.mot (nr=10005 nc=19)
[info] ExternalForce::RightGRF Data source being set to SRRun01_grf
[info] ExternalForce::LeftGRF Data source being set to SRRun01_grf
[info] Storage: read data file = SRRun01_grf.mot (nr=10005 nc=19)
[info] ExternalForce::RightGRF Data source being set to SRRun01_grf
[info] ExternalForce::LeftGRF Data source being set to SRRun01_grf
[info] Storage: read data file = SRRun01_grf.mot (nr=10005 nc=19)
[info] ExternalForce::RightGRF Data source being set to SRRun01_grf
[info] ExternalForce::LeftGRF Data source being set to SRRun01_grf
[info] Storage: read data file = SRRun01_grf.mot (nr=10005 nc=19)
[info] ExternalForce::RightGRF Data source being set to SRRun01_grf
[info] ExternalForce::LeftGRF Data source being set to SRRun01_grf
[info] Storage: read data file = SRRun01_grf.mot (nr=10005 nc=19)
[info] ExternalForce::RightGRF Data source being set to SRRun01_grf
[info] ExternalForce::LeftGRF Data source being set to SRRun01_grf
[info] Storage: read data file = SRRun01_grf.mot (nr=10005 nc=19)
[info] ExternalForce::RightGRF Data source being set to SRRun01_grf
[info] ExternalForce::LeftGRF Data source being set to SRRun01_grf
[info] Storage: read data file = SRRun01_grf.mot (nr=10005 nc=19)
[info] ExternalForce::RightGRF Data source being set to SRRun01_grf
[info] ExternalForce::LeftGRF Data source being set to SRRun01_grf
[info] Storage: read data file = SRRun01_grf.mot (nr=10005 nc=19)
[info] ExternalForce::RightGRF Data source being set to SRRun01_grf
[info] ExternalForce::LeftGRF Data source being set to SRRun01_grf
[info] Storage: read data file = SRRun01_grf.mot (nr=10005 nc=19)
[info] ExternalForce::RightGRF Data source being set to SRRun01_grf
[info] ExternalForce::LeftGRF Data source being set to SRRun01_grf
[info] Storage: read data file = SRRun01_grf.mot (nr=10005 nc=19)
[info] ExternalForce::RightGRF Data source being set to SRRun01_grf
[info] ExternalForce::LeftGRF Data source being set to SRRun01_grf
[info] Storage: read data file = SRRun01_grf.mot (nr=10005 nc=19)
[info] ExternalForce::RightGRF Data source being set to SRRun01_grf
[info] ExternalForce::LeftGRF Data source being set to SRRun01_grf
[info] Storage: read data file = SRRun01_grf.mot (nr=10005 nc=19)
[info] ExternalForce::RightGRF Data source being set to SRRun01_grf
[info] ExternalForce::LeftGRF Data source being set to SRRun01_grf
[info] Storage: read data file = SRRun01_grf.mot (nr=10005 nc=19)
[info] ExternalForce::RightGRF Data source being set to SRRun01_grf
[info] ExternalForce::LeftGRF Data source being set to SRRun01_grf
[info] Storage: read data file = SRRun01_grf.mot (nr=10005 nc=19)
[info] ExternalForce::RightGRF Data source being set to SRRun01_grf
[info] ExternalForce::LeftGRF Data source being set to SRRun01_grf
[info] Storage: read data file = SRRun01_grf.mot (nr=10005 nc=19)
[info] ExternalForce::RightGRF Data source being set to SRRun01_grf
[info] ExternalForce::LeftGRF Data source being set to SRRun01_grf
[info] Storage: read data file = SRRun01_grf.mot (nr=10005 nc=19)
[info] ExternalForce::RightGRF Data source being set to SRRun01_grf
[info] ExternalForce::LeftGRF Data source being set to SRRun01_grf
[info] Storage: read data file = SRRun01_grf.mot (nr=10005 nc=19)
[info] ExternalForce::RightGRF Data source being set to SRRun01_grf
[info] ExternalForce::LeftGRF Data source being set to SRRun01_grf
[info] Storage: read data file = SRRun01_grf.mot (nr=10005 nc=19)
[info] ExternalForce::RightGRF Data source being set to SRRun01_grf
[info] ExternalForce::LeftGRF Data source being set to SRRun01_grf
[info] Storage: read data file = SRRun01_grf.mot (nr=10005 nc=19)
[info] ExternalForce::RightGRF Data source being set to SRRun01_grf
[info] ExternalForce::LeftGRF Data source being set to SRRun01_grf
[info] Storage: read data file = SRRun01_grf.mot (nr=10005 nc=19)
[info] ExternalForce::RightGRF Data source being set to SRRun01_grf
[info] ExternalForce::LeftGRF Data source being set to SRRun01_grf
[info] Storage: read data file = SRRun01_grf.mot (nr=10005 nc=19)
[info] ExternalForce::RightGRF Data source being set to SRRun01_grf
[info] ExternalForce::LeftGRF Data source being set to SRRun01_grf
[info] Storage: read data file = SRRun01_grf.mot (nr=10005 nc=19)
[info] ExternalForce::RightGRF Data source being set to SRRun01_grf
[info] ExternalForce::LeftGRF Data source being set to SRRun01_grf
[info] Storage: read data file = SRRun01_grf.mot (nr=10005 nc=19)
[info] ExternalForce::RightGRF Data source being set to SRRun01_grf
[info] ExternalForce::LeftGRF Data source being set to SRRun01_grf
[info] Storage: read data file = SRRun01_grf.mot (nr=10005 nc=19)
[info] ExternalForce::RightGRF Data source being set to SRRun01_grf
[info] ExternalForce::LeftGRF Data source being set to SRRun01_grf
[info] Storage: read data file = SRRun01_grf.mot (nr=10005 nc=19)
[info] ExternalForce::RightGRF Data source being set to SRRun01_grf
[info] ExternalForce::LeftGRF Data source being set to SRRun01_grf
[info] Storage: read data file = SRRun01_grf.mot (nr=10005 nc=19)
[info] ExternalForce::RightGRF Data source being set to SRRun01_grf
[info] ExternalForce::LeftGRF Data source being set to SRRun01_grf
[info] Storage: read data file = SRRun01_grf.mot (nr=10005 nc=19)
[info] ExternalForce::RightGRF Data source being set to SRRun01_grf
[info] ExternalForce::LeftGRF Data source being set to SRRun01_grf
[info] Storage: read data file = SRRun01_grf.mot (nr=10005 nc=19)
[info] ExternalForce::RightGRF Data source being set to SRRun01_grf
[info] ExternalForce::LeftGRF Data source being set to SRRun01_grf
[info] Storage: read data file = SRRun01_grf.mot (nr=10005 nc=19)
[info] ExternalForce::RightGRF Data source being set to SRRun01_grf
[info] ExternalForce::LeftGRF Data source being set to SRRun01_grf
[info] Storage: read data file = SRRun01_grf.mot (nr=10005 nc=19)
[info] ExternalForce::RightGRF Data source being set to SRRun01_grf
[info] ExternalForce::LeftGRF Data source being set to SRRun01_grf
[info] Storage: read data file = SRRun01_grf.mot (nr=10005 nc=19)
[info] ExternalForce::RightGRF Data source being set to SRRun01_grf
[info] ExternalForce::LeftGRF Data source being set to SRRun01_grf
[info] Storage: read data file = SRRun01_grf.mot (nr=10005 nc=19)
[info] ExternalForce::RightGRF Data source being set to SRRun01_grf
[info] ExternalForce::LeftGRF Data source being set to SRRun01_grf
[info] Storage: read data file = SRRun01_grf.mot (nr=10005 nc=19)
[info] ExternalForce::RightGRF Data source being set to SRRun01_grf
[info] ExternalForce::LeftGRF Data source being set to SRRun01_grf
[info] Storage: read data file = SRRun01_grf.mot (nr=10005 nc=19)
[info] ExternalForce::RightGRF Data source being set to SRRun01_grf
[info] ExternalForce::LeftGRF Data source being set to SRRun01_grf
[info] Storage: read data file = SRRun01_grf.mot (nr=10005 nc=19)
[info] ExternalForce::RightGRF Data source being set to SRRun01_grf
[info] ExternalForce::LeftGRF Data source being set to SRRun01_grf
[info] Storage: read data file = SRRun01_grf.mot (nr=10005 nc=19)
[info] ExternalForce::RightGRF Data source being set to SRRun01_grf
[info] ExternalForce::LeftGRF Data source being set to SRRun01_grf
[info] Storage: read data file = SRRun01_grf.mot (nr=10005 nc=19)
[info] ExternalForce::RightGRF Data source being set to SRRun01_grf
[info] ExternalForce::LeftGRF Data source being set to SRRun01_grf
[info] Storage: read data file = SRRun01_grf.mot (nr=10005 nc=19)
[info] ExternalForce::RightGRF Data source being set to SRRun01_grf
[info] ExternalForce::LeftGRF Data source being set to SRRun01_grf
[info] Storage: read data file = SRRun01_grf.mot (nr=10005 nc=19)
[info] ExternalForce::RightGRF Data source being set to SRRun01_grf
[info] ExternalForce::LeftGRF Data source being set to SRRun01_grf
[info] Storage: read data file = SRRun01_grf.mot (nr=10005 nc=19)
[info] ExternalForce::RightGRF Data source being set to SRRun01_grf
[info] ExternalForce::LeftGRF Data source being set to SRRun01_grf
[info] Storage: read data file = SRRun01_grf.mot (nr=10005 nc=19)
[info] ExternalForce::RightGRF Data source being set to SRRun01_grf
[info] ExternalForce::LeftGRF Data source being set to SRRun01_grf
[info] Storage: read data file = SRRun01_grf.mot (nr=10005 nc=19)
[info] ExternalForce::RightGRF Data source being set to SRRun01_grf
[info] ExternalForce::LeftGRF Data source being set to SRRun01_grf
[info] Storage: read data file = SRRun01_grf.mot (nr=10005 nc=19)
[info] ExternalForce::RightGRF Data source being set to SRRun01_grf
[info] ExternalForce::LeftGRF Data source being set to SRRun01_grf
[info] Storage: read data file = SRRun01_grf.mot (nr=10005 nc=19)
[info] ExternalForce::RightGRF Data source being set to SRRun01_grf
[info] ExternalForce::LeftGRF Data source being set to SRRun01_grf
[info] Storage: read data file = SRRun01_grf.mot (nr=10005 nc=19)
[info] ExternalForce::RightGRF Data source being set to SRRun01_grf
[info] ExternalForce::LeftGRF Data source being set to SRRun01_grf
[info] Storage: read data file = SRRun01_grf.mot (nr=10005 nc=19)
[info] ExternalForce::RightGRF Data source being set to SRRun01_grf
[info] ExternalForce::LeftGRF Data source being set to SRRun01_grf
[info] Storage: read data file = SRRun01_grf.mot (nr=10005 nc=19)
[info] ExternalForce::RightGRF Data source being set to SRRun01_grf
[info] ExternalForce::LeftGRF Data source being set to SRRun01_grf
[info] Storage: read data file = SRRun01_grf.mot (nr=10005 nc=19)
[info] ExternalForce::RightGRF Data source being set to SRRun01_grf
[info] ExternalForce::LeftGRF Data source being set to SRRun01_grf
[info] Storage: read data file = SRRun01_grf.mot (nr=10005 nc=19)
[info] ExternalForce::RightGRF Data source being set to SRRun01_grf
[info] ExternalForce::LeftGRF Data source being set to SRRun01_grf
[info] Storage: read data file = SRRun01_grf.mot (nr=10005 nc=19)
[info] ExternalForce::RightGRF Data source being set to SRRun01_grf
[info] ExternalForce::LeftGRF Data source being set to SRRun01_grf
[info] Storage: read data file = SRRun01_grf.mot (nr=10005 nc=19)
[info] ExternalForce::RightGRF Data source being set to SRRun01_grf
[info] ExternalForce::LeftGRF Data source being set to SRRun01_grf
[info] Storage: read data file = SRRun01_grf.mot (nr=10005 nc=19)
[info] ExternalForce::RightGRF Data source being set to SRRun01_grf
[info] ExternalForce::LeftGRF Data source being set to SRRun01_grf
[info] Storage: read data file = SRRun01_grf.mot (nr=10005 nc=19)
[info] ExternalForce::RightGRF Data source being set to SRRun01_grf
[info] ExternalForce::LeftGRF Data source being set to SRRun01_grf
[info] Storage: read data file = SRRun01_grf.mot (nr=10005 nc=19)
[info] ExternalForce::RightGRF Data source being set to SRRun01_grf
[info] ExternalForce::LeftGRF Data source being set to SRRun01_grf
[info] Storage: read data file = SRRun01_grf.mot (nr=10005 nc=19)
[info] ExternalForce::RightGRF Data source being set to SRRun01_grf
[info] ExternalForce::LeftGRF Data source being set to SRRun01_grf
[info] Storage: read data file = SRRun01_grf.mot (nr=10005 nc=19)
[info] ExternalForce::RightGRF Data source being set to SRRun01_grf
[info] ExternalForce::LeftGRF Data source being set to SRRun01_grf
[info] Storage: read data file = SRRun01_grf.mot (nr=10005 nc=19)
[info] ExternalForce::RightGRF Data source being set to SRRun01_grf
[info] ExternalForce::LeftGRF Data source being set to SRRun01_grf
[info] Storage: read data file = SRRun01_grf.mot (nr=10005 nc=19)
[info] ExternalForce::RightGRF Data source being set to SRRun01_grf
[info] ExternalForce::LeftGRF Data source being set to SRRun01_grf
[info] Storage: read data file = SRRun01_grf.mot (nr=10005 nc=19)
[info] ExternalForce::RightGRF Data source being set to SRRun01_grf
[info] ExternalForce::LeftGRF Data source being set to SRRun01_grf
[info] Storage: read data file = SRRun01_grf.mot (nr=10005 nc=19)
[info] ExternalForce::RightGRF Data source being set to SRRun01_grf
[info] ExternalForce::LeftGRF Data source being set to SRRun01_grf
[info] Storage: read data file = SRRun01_grf.mot (nr=10005 nc=19)
[info] ExternalForce::RightGRF Data source being set to SRRun01_grf
[info] ExternalForce::LeftGRF Data source being set to SRRun01_grf
[info] Storage: read data file = SRRun01_grf.mot (nr=10005 nc=19)
[info] ExternalForce::RightGRF Data source being set to SRRun01_grf
[info] ExternalForce::LeftGRF Data source being set to SRRun01_grf
[info] Storage: read data file = SRRun01_grf.mot (nr=10005 nc=19)
[info] ExternalForce::RightGRF Data source being set to SRRun01_grf
[info] ExternalForce::LeftGRF Data source being set to SRRun01_grf
[info] Storage: read data file = SRRun01_grf.mot (nr=10005 nc=19)
[info] ExternalForce::RightGRF Data source being set to SRRun01_grf
[info] ExternalForce::LeftGRF Data source being set to SRRun01_grf
[info] Storage: read data file = SRRun01_grf.mot (nr=10005 nc=19)
[info] ExternalForce::RightGRF Data source being set to SRRun01_grf
[info] ExternalForce::LeftGRF Data source being set to SRRun01_grf
[info] Storage: read data file = SRRun01_grf.mot (nr=10005 nc=19)
[info] ExternalForce::RightGRF Data source being set to SRRun01_grf
[info] ExternalForce::LeftGRF Data source being set to SRRun01_grf
[info] Storage: read data file = SRRun01_grf.mot (nr=10005 nc=19)
[info] ExternalForce::RightGRF Data source being set to SRRun01_grf
[info] ExternalForce::LeftGRF Data source being set to SRRun01_grf
[info] Storage: read data file = SRRun01_grf.mot (nr=10005 nc=19)
[info] ExternalForce::RightGRF Data source being set to SRRun01_grf
[info] ExternalForce::LeftGRF Data source being set to SRRun01_grf
[info] Storage: read data file = SRRun01_grf.mot (nr=10005 nc=19)
[info] ExternalForce::RightGRF Data source being set to SRRun01_grf
[info] ExternalForce::LeftGRF Data source being set to SRRun01_grf
[info] Storage: read data file = SRRun01_grf.mot (nr=10005 nc=19)
[info] ExternalForce::RightGRF Data source being set to SRRun01_grf
[info] ExternalForce::LeftGRF Data source being set to SRRun01_grf
[info] Storage: read data file = SRRun01_grf.mot (nr=10005 nc=19)
[info] ExternalForce::RightGRF Data source being set to SRRun01_grf
[info] ExternalForce::LeftGRF Data source being set to SRRun01_grf
[info] Storage: read data file = SRRun01_grf.mot (nr=10005 nc=19)
[info] ExternalForce::RightGRF Data source being set to SRRun01_grf
[info] ExternalForce::LeftGRF Data source being set to SRRun01_grf
[info] Storage: read data file = SRRun01_grf.mot (nr=10005 nc=19)
[info] ExternalForce::RightGRF Data source being set to SRRun01_grf
[info] ExternalForce::LeftGRF Data source being set to SRRun01_grf
[info] Storage: read data file = SRRun01_grf.mot (nr=10005 nc=19)
[info] ExternalForce::RightGRF Data source being set to SRRun01_grf
[info] ExternalForce::LeftGRF Data source being set to SRRun01_grf
[info] Storage: read data file = SRRun01_grf.mot (nr=10005 nc=19)
[info] ExternalForce::RightGRF Data source being set to SRRun01_grf
[info] ExternalForce::LeftGRF Data source being set to SRRun01_grf
[info] Storage: read data file = SRRun01_grf.mot (nr=10005 nc=19)
[info] ExternalForce::RightGRF Data source being set to SRRun01_grf
[info] ExternalForce::LeftGRF Data source being set to SRRun01_grf
[info] Storage: read data file = SRRun01_grf.mot (nr=10005 nc=19)
[info] ExternalForce::RightGRF Data source being set to SRRun01_grf
[info] ExternalForce::LeftGRF Data source being set to SRRun01_grf
[info] Storage: read data file = SRRun01_grf.mot (nr=10005 nc=19)
[info] ExternalForce::RightGRF Data source being set to SRRun01_grf
[info] ExternalForce::LeftGRF Data source being set to SRRun01_grf
[info] Storage: read data file = SRRun01_grf.mot (nr=10005 nc=19)
[info] ExternalForce::RightGRF Data source being set to SRRun01_grf
[info] ExternalForce::LeftGRF Data source being set to SRRun01_grf
[info] Storage: read data file = SRRun01_grf.mot (nr=10005 nc=19)
[info] ExternalForce::RightGRF Data source being set to SRRun01_grf
[info] ExternalForce::LeftGRF Data source being set to SRRun01_grf
[info] Storage: read data file = SRRun01_grf.mot (nr=10005 nc=19)
[info] ExternalForce::RightGRF Data source being set to SRRun01_grf
[info] ExternalForce::LeftGRF Data source being set to SRRun01_grf
[info] Storage: read data file = SRRun01_grf.mot (nr=10005 nc=19)
[info] ExternalForce::RightGRF Data source being set to SRRun01_grf
[info] ExternalForce::LeftGRF Data source being set to SRRun01_grf
[info] Storage: read data file = SRRun01_grf.mot (nr=10005 nc=19)
[info] ExternalForce::RightGRF Data source being set to SRRun01_grf
[info] ExternalForce::LeftGRF Data source being set to SRRun01_grf
[info] Storage: read data file = SRRun01_grf.mot (nr=10005 nc=19)
[info] ExternalForce::RightGRF Data source being set to SRRun01_grf
[info] ExternalForce::LeftGRF Data source being set to SRRun01_grf
[info] Storage: read data file = SRRun01_grf.mot (nr=10005 nc=19)
[info] ExternalForce::RightGRF Data source being set to SRRun01_grf
[info] ExternalForce::LeftGRF Data source being set to SRRun01_grf
[info] Storage: read data file = SRRun01_grf.mot (nr=10005 nc=19)
[info] ExternalForce::RightGRF Data source being set to SRRun01_grf
[info] ExternalForce::LeftGRF Data source being set to SRRun01_grf
[info] Storage: read data file = SRRun01_grf.mot (nr=10005 nc=19)
[info] ExternalForce::RightGRF Data source being set to SRRun01_grf
[info] ExternalForce::LeftGRF Data source being set to SRRun01_grf
[info] Storage: read data file = SRRun01_grf.mot (nr=10005 nc=19)
[info] ExternalForce::RightGRF Data source being set to SRRun01_grf
[info] ExternalForce::LeftGRF Data source being set to SRRun01_grf
[info] Storage: read data file = SRRun01_grf.mot (nr=10005 nc=19)
[info] ExternalForce::RightGRF Data source being set to SRRun01_grf
[info] ExternalForce::LeftGRF Data source being set to SRRun01_grf
[info] Storage: read data file = SRRun01_grf.mot (nr=10005 nc=19)
[info] ExternalForce::RightGRF Data source being set to SRRun01_grf
[info] ExternalForce::LeftGRF Data source being set to SRRun01_grf
[info] Storage: read data file = SRRun01_grf.mot (nr=10005 nc=19)
[info] ExternalForce::RightGRF Data source being set to SRRun01_grf
[info] ExternalForce::LeftGRF Data source being set to SRRun01_grf
[info] Storage: read data file = SRRun01_grf.mot (nr=10005 nc=19)
[info] ExternalForce::RightGRF Data source being set to SRRun01_grf
[info] ExternalForce::LeftGRF Data source being set to SRRun01_grf
[info] Storage: read data file = SRRun01_grf.mot (nr=10005 nc=19)
[info] ExternalForce::RightGRF Data source being set to SRRun01_grf
[info] ExternalForce::LeftGRF Data source being set to SRRun01_grf
[info] Storage: read data file = SRRun01_grf.mot (nr=10005 nc=19)
[info] ExternalForce::RightGRF Data source being set to SRRun01_grf
[info] ExternalForce::LeftGRF Data source being set to SRRun01_grf
[info] Storage: read data file = SRRun01_grf.mot (nr=10005 nc=19)
[info] ExternalForce::RightGRF Data source being set to SRRun01_grf
[info] ExternalForce::LeftGRF Data source being set to SRRun01_grf
[info] Storage: read data file = SRRun01_grf.mot (nr=10005 nc=19)
[info] ExternalForce::RightGRF Data source being set to SRRun01_grf
[info] ExternalForce::LeftGRF Data source being set to SRRun01_grf
[info] Storage: read data file = SRRun01_grf.mot (nr=10005 nc=19)
[info] ExternalForce::RightGRF Data source being set to SRRun01_grf
[info] ExternalForce::LeftGRF Data source being set to SRRun01_grf
[info] Storage: read data file = SRRun01_grf.mot (nr=10005 nc=19)
[info] ExternalForce::RightGRF Data source being set to SRRun01_grf
[info] ExternalForce::LeftGRF Data source being set to SRRun01_grf
[info] Storage: read data file = SRRun01_grf.mot (nr=10005 nc=19)
[info] ExternalForce::RightGRF Data source being set to SRRun01_grf
[info] ExternalForce::LeftGRF Data source being set to SRRun01_grf
[info] Storage: read data file = SRRun01_grf.mot (nr=10005 nc=19)
[info] ExternalForce::RightGRF Data source being set to SRRun01_grf
[info] ExternalForce::LeftGRF Data source being set to SRRun01_grf
[info] Storage: read data file = SRRun01_grf.mot (nr=10005 nc=19)
[info] ExternalForce::RightGRF Data source being set to SRRun01_grf
[info] ExternalForce::LeftGRF Data source being set to SRRun01_grf
[info] Storage: read data file = SRRun01_grf.mot (nr=10005 nc=19)
[info] ExternalForce::RightGRF Data source being set to SRRun01_grf
[info] ExternalForce::LeftGRF Data source being set to SRRun01_grf
[info] Storage: read data file = SRRun01_grf.mot (nr=10005 nc=19)
[info] ExternalForce::RightGRF Data source being set to SRRun01_grf
[info] ExternalForce::LeftGRF Data source being set to SRRun01_grf
[info] Storage: read data file = SRRun01_grf.mot (nr=10005 nc=19)
[info] ExternalForce::RightGRF Data source being set to SRRun01_grf
[info] ExternalForce::LeftGRF Data source being set to SRRun01_grf
[info] Storage: read data file = SRRun01_grf.mot (nr=10005 nc=19)
[info] ExternalForce::RightGRF Data source being set to SRRun01_grf
[info] ExternalForce::LeftGRF Data source being set to SRRun01_grf
[info] Storage: read data file = SRRun01_grf.mot (nr=10005 nc=19)
[info] ExternalForce::RightGRF Data source being set to SRRun01_grf
[info] ExternalForce::LeftGRF Data source being set to SRRun01_grf
[info] Storage: read data file = SRRun01_grf.mot (nr=10005 nc=19)
[info] ExternalForce::RightGRF Data source being set to SRRun01_grf
[info] ExternalForce::LeftGRF Data source being set to SRRun01_grf
[info] Storage: read data file = SRRun01_grf.mot (nr=10005 nc=19)
[info] ExternalForce::RightGRF Data source being set to SRRun01_grf
[info] ExternalForce::LeftGRF Data source being set to SRRun01_grf
[info] Storage: read data file = SRRun01_grf.mot (nr=10005 nc=19)
[info] ExternalForce::RightGRF Data source being set to SRRun01_grf
[info] ExternalForce::LeftGRF Data source being set to SRRun01_grf
[info] Storage: read data file = SRRun01_grf.mot (nr=10005 nc=19)
[info] ExternalForce::RightGRF Data source being set to SRRun01_grf
[info] ExternalForce::LeftGRF Data source being set to SRRun01_grf
[info] Storage: read data file = SRRun01_grf.mot (nr=10005 nc=19)
[info] ExternalForce::RightGRF Data source being set to SRRun01_grf
[info] ExternalForce::LeftGRF Data source being set to SRRun01_grf
[info] Storage: read data file = SRRun01_grf.mot (nr=10005 nc=19)
[info] ExternalForce::RightGRF Data source being set to SRRun01_grf
[info] ExternalForce::LeftGRF Data source being set to SRRun01_grf
[info] Storage: read data file = SRRun01_grf.mot (nr=10005 nc=19)
[info] ExternalForce::RightGRF Data source being set to SRRun01_grf
[info] ExternalForce::LeftGRF Data source being set to SRRun01_grf
[info] Storage: read data file = SRRun01_grf.mot (nr=10005 nc=19)
[info] ExternalForce::RightGRF Data source being set to SRRun01_grf
[info] ExternalForce::LeftGRF Data source being set to SRRun01_grf
[info] Storage: read data file = SRRun01_grf.mot (nr=10005 nc=19)
[info] ExternalForce::RightGRF Data source being set to SRRun01_grf
[info] ExternalForce::LeftGRF Data source being set to SRRun01_grf
[info] Storage: read data file = SRRun01_grf.mot (nr=10005 nc=19)
[info] ExternalForce::RightGRF Data source being set to SRRun01_grf
[info] ExternalForce::LeftGRF Data source being set to SRRun01_grf
[info] Storage: read data file = SRRun01_grf.mot (nr=10005 nc=19)
[info] ExternalForce::RightGRF Data source being set to SRRun01_grf
[info] ExternalForce::LeftGRF Data source being set to SRRun01_grf
[info] Storage: read data file = SRRun01_grf.mot (nr=10005 nc=19)
[info] ExternalForce::RightGRF Data source being set to SRRun01_grf
[info] ExternalForce::LeftGRF Data source being set to SRRun01_grf
[info] Storage: read data file = SRRun01_grf.mot (nr=10005 nc=19)
[info] ExternalForce::RightGRF Data source being set to SRRun01_grf
[info] ExternalForce::LeftGRF Data source being set to SRRun01_grf
[info] Storage: read data file = SRRun01_grf.mot (nr=10005 nc=19)
[info] ExternalForce::RightGRF Data source being set to SRRun01_grf
[info] ExternalForce::LeftGRF Data source being set to SRRun01_grf
[info] Storage: read data file = SRRun01_grf.mot (nr=10005 nc=19)
[info] ExternalForce::RightGRF Data source being set to SRRun01_grf
[info] ExternalForce::LeftGRF Data source being set to SRRun01_grf
[info] Storage: read data file = SRRun01_grf.mot (nr=10005 nc=19)
[info] ExternalForce::RightGRF Data source being set to SRRun01_grf
[info] ExternalForce::LeftGRF Data source being set to SRRun01_grf
[info] Storage: read data file = SRRun01_grf.mot (nr=10005 nc=19)
[info] ExternalForce::RightGRF Data source being set to SRRun01_grf
[info] ExternalForce::LeftGRF Data source being set to SRRun01_grf
[info] Storage: read data file = SRRun01_grf.mot (nr=10005 nc=19)
[info] ExternalForce::RightGRF Data source being set to SRRun01_grf
[info] ExternalForce::LeftGRF Data source being set to SRRun01_grf
[info] Storage: read data file = SRRun01_grf.mot (nr=10005 nc=19)
[info] ExternalForce::RightGRF Data source being set to SRRun01_grf
[info] ExternalForce::LeftGRF Data source being set to SRRun01_grf
[info] Storage: read data file = SRRun01_grf.mot (nr=10005 nc=19)
[info] ExternalForce::RightGRF Data source being set to SRRun01_grf
[info] ExternalForce::LeftGRF Data source being set to SRRun01_grf
[info] Storage: read data file = SRRun01_grf.mot (nr=10005 nc=19)
[info] ExternalForce::RightGRF Data source being set to SRRun01_grf
[info] ExternalForce::LeftGRF Data source being set to SRRun01_grf
[info] Storage: read data file = SRRun01_grf.mot (nr=10005 nc=19)
[info] ExternalForce::RightGRF Data source being set to SRRun01_grf
[info] ExternalForce::LeftGRF Data source being set to SRRun01_grf
[info] Storage: read data file = SRRun01_grf.mot (nr=10005 nc=19)
[info] ExternalForce::RightGRF Data source being set to SRRun01_grf
[info] ExternalForce::LeftGRF Data source being set to SRRun01_grf
[info] Storage: read data file = SRRun01_grf.mot (nr=10005 nc=19)
[info] ExternalForce::RightGRF Data source being set to SRRun01_grf
[info] ExternalForce::LeftGRF Data source being set to SRRun01_grf
[info] Storage: read data file = SRRun01_grf.mot (nr=10005 nc=19)
[info] ExternalForce::RightGRF Data source being set to SRRun01_grf
[info] ExternalForce::LeftGRF Data source being set to SRRun01_grf
[info] Storage: read data file = SRRun01_grf.mot (nr=10005 nc=19)
[info] ExternalForce::RightGRF Data source being set to SRRun01_grf
[info] ExternalForce::LeftGRF Data source being set to SRRun01_grf
[info] Storage: read data file = SRRun01_grf.mot (nr=10005 nc=19)
[info] ExternalForce::RightGRF Data source being set to SRRun01_grf
[info] ExternalForce::LeftGRF Data source being set to SRRun01_grf
[info] Storage: read data file = SRRun01_grf.mot (nr=10005 nc=19)
[info] ExternalForce::RightGRF Data source being set to SRRun01_grf
[info] ExternalForce::LeftGRF Data source being set to SRRun01_grf
[info] Storage: read data file = SRRun01_grf.mot (nr=10005 nc=19)
[info] ExternalForce::RightGRF Data source being set to SRRun01_grf
[info] ExternalForce::LeftGRF Data source being set to SRRun01_grf
[info] Storage: read data file = SRRun01_grf.mot (nr=10005 nc=19)
[info] ExternalForce::RightGRF Data source being set to SRRun01_grf
[info] ExternalForce::LeftGRF Data source being set to SRRun01_grf
[info] Storage: read data file = SRRun01_grf.mot (nr=10005 nc=19)
[info] ExternalForce::RightGRF Data source being set to SRRun01_grf
[info] ExternalForce::LeftGRF Data source being set to SRRun01_grf
[info] Storage: read data file = SRRun01_grf.mot (nr=10005 nc=19)
[info] ExternalForce::RightGRF Data source being set to SRRun01_grf
[info] ExternalForce::LeftGRF Data source being set to SRRun01_grf
[info] Storage: read data file = SRRun01_grf.mot (nr=10005 nc=19)
[info] ExternalForce::RightGRF Data source being set to SRRun01_grf
[info] ExternalForce::LeftGRF Data source being set to SRRun01_grf
[info] Storage: read data file = SRRun01_grf.mot (nr=10005 nc=19)
[info] ExternalForce::RightGRF Data source being set to SRRun01_grf
[info] ExternalForce::LeftGRF Data source being set to SRRun01_grf
[info] Storage: read data file = SRRun01_grf.mot (nr=10005 nc=19)
[info] ExternalForce::RightGRF Data source being set to SRRun01_grf
[info] ExternalForce::LeftGRF Data source being set to SRRun01_grf
[info] Storage: read data file = SRRun01_grf.mot (nr=10005 nc=19)
[info] ExternalForce::RightGRF Data source being set to SRRun01_grf
[info] ExternalForce::LeftGRF Data source being set to SRRun01_grf
[info] Storage: read data file = SRRun01_grf.mot (nr=10005 nc=19)
[info] ExternalForce::RightGRF Data source being set to SRRun01_grf
[info] ExternalForce::LeftGRF Data source being set to SRRun01_grf
[info] Storage: read data file = SRRun01_grf.mot (nr=10005 nc=19)
[info] ExternalForce::RightGRF Data source being set to SRRun01_grf
[info] ExternalForce::LeftGRF Data source being set to SRRun01_grf
[info] Storage: read data file = SRRun01_grf.mot (nr=10005 nc=19)
[info] ExternalForce::RightGRF Data source being set to SRRun01_grf
[info] ExternalForce::LeftGRF Data source being set to SRRun01_grf
[info] Storage: read data file = SRRun01_grf.mot (nr=10005 nc=19)
[info] ExternalForce::RightGRF Data source being set to SRRun01_grf
[info] ExternalForce::LeftGRF Data source being set to SRRun01_grf
[info] Storage: read data file = SRRun01_grf.mot (nr=10005 nc=19)
[info] ExternalForce::RightGRF Data source being set to SRRun01_grf
[info] ExternalForce::LeftGRF Data source being set to SRRun01_grf
[info] Storage: read data file = SRRun01_grf.mot (nr=10005 nc=19)
[info] ExternalForce::RightGRF Data source being set to SRRun01_grf
[info] ExternalForce::LeftGRF Data source being set to SRRun01_grf
[info] Storage: read data file = SRRun01_grf.mot (nr=10005 nc=19)
[info] ExternalForce::RightGRF Data source being set to SRRun01_grf
[info] ExternalForce::LeftGRF Data source being set to SRRun01_grf
[info] Storage: read data file = SRRun01_grf.mot (nr=10005 nc=19)
[info] ExternalForce::RightGRF Data source being set to SRRun01_grf
[info] ExternalForce::LeftGRF Data source being set to SRRun01_grf
[info] Storage: read data file = SRRun01_grf.mot (nr=10005 nc=19)
[info] ExternalForce::RightGRF Data source being set to SRRun01_grf
[info] ExternalForce::LeftGRF Data source being set to SRRun01_grf
[info] Storage: read data file = SRRun01_grf.mot (nr=10005 nc=19)
[info] ExternalForce::RightGRF Data source being set to SRRun01_grf
[info] ExternalForce::LeftGRF Data source being set to SRRun01_grf
[info] Storage: read data file = SRRun01_grf.mot (nr=10005 nc=19)
[info] ExternalForce::RightGRF Data source being set to SRRun01_grf
[info] ExternalForce::LeftGRF Data source being set to SRRun01_grf
[info] Storage: read data file = SRRun01_grf.mot (nr=10005 nc=19)
[info] ExternalForce::RightGRF Data source being set to SRRun01_grf
[info] ExternalForce::LeftGRF Data source being set to SRRun01_grf
[info] Storage: read data file = SRRun01_grf.mot (nr=10005 nc=19)
[info] ExternalForce::RightGRF Data source being set to SRRun01_grf
[info] ExternalForce::LeftGRF Data source being set to SRRun01_grf
[info] Storage: read data file = SRRun01_grf.mot (nr=10005 nc=19)
[info] ExternalForce::RightGRF Data source being set to SRRun01_grf
[info] ExternalForce::LeftGRF Data source being set to SRRun01_grf
[info] Storage: read data file = SRRun01_grf.mot (nr=10005 nc=19)
[info] ExternalForce::RightGRF Data source being set to SRRun01_grf
[info] ExternalForce::LeftGRF Data source being set to SRRun01_grf
[info] Storage: read data file = SRRun01_grf.mot (nr=10005 nc=19)
[info] ExternalForce::RightGRF Data source being set to SRRun01_grf
[info] ExternalForce::LeftGRF Data source being set to SRRun01_grf
[info] Storage: read data file = SRRun01_grf.mot (nr=10005 nc=19)
[info] ExternalForce::RightGRF Data source being set to SRRun01_grf
[info] ExternalForce::LeftGRF Data source being set to SRRun01_grf
[info] Storage: read data file = SRRun01_grf.mot (nr=10005 nc=19)
[info] ExternalForce::RightGRF Data source being set to SRRun01_grf
[info] ExternalForce::LeftGRF Data source being set to SRRun01_grf
[info] Storage: read data file = SRRun01_grf.mot (nr=10005 nc=19)
[info] ExternalForce::RightGRF Data source being set to SRRun01_grf
[info] ExternalForce::LeftGRF Data source being set to SRRun01_grf
[info] Storage: read data file = SRRun01_grf.mot (nr=10005 nc=19)
[info] ExternalForce::RightGRF Data source being set to SRRun01_grf
[info] ExternalForce::LeftGRF Data source being set to SRRun01_grf
[info] Storage: read data file = SRRun01_grf.mot (nr=10005 nc=19)
[info] ExternalForce::RightGRF Data source being set to SRRun01_grf
[info] ExternalForce::LeftGRF Data source being set to SRRun01_grf
[info] Storage: read data file = SRRun01_grf.mot (nr=10005 nc=19)
[info] ExternalForce::RightGRF Data source being set to SRRun01_grf
[info] ExternalForce::LeftGRF Data source being set to SRRun01_grf
[info] Storage: read data file = SRRun01_grf.mot (nr=10005 nc=19)
[info] ExternalForce::RightGRF Data source being set to SRRun01_grf
[info] ExternalForce::LeftGRF Data source being set to SRRun01_grf
[info] Storage: read data file = SRRun01_grf.mot (nr=10005 nc=19)
[info] ExternalForce::RightGRF Data source being set to SRRun01_grf
[info] ExternalForce::LeftGRF Data source being set to SRRun01_grf
[info] Storage: read data file = SRRun01_grf.mot (nr=10005 nc=19)
[info] ExternalForce::RightGRF Data source being set to SRRun01_grf
[info] ExternalForce::LeftGRF Data source being set to SRRun01_grf
[info] Storage: read data file = SRRun01_grf.mot (nr=10005 nc=19)
[info] ExternalForce::RightGRF Data source being set to SRRun01_grf
[info] ExternalForce::LeftGRF Data source being set to SRRun01_grf
[info] Storage: read data file = SRRun01_grf.mot (nr=10005 nc=19)
[info] ExternalForce::RightGRF Data source being set to SRRun01_grf
[info] ExternalForce::LeftGRF Data source being set to SRRun01_grf
[info] Storage: read data file = SRRun01_grf.mot (nr=10005 nc=19)
[info] ExternalForce::RightGRF Data source being set to SRRun01_grf
[info] ExternalForce::LeftGRF Data source being set to SRRun01_grf
[info] Storage: read data file = SRRun01_grf.mot (nr=10005 nc=19)
[info] ExternalForce::RightGRF Data source being set to SRRun01_grf
[info] ExternalForce::LeftGRF Data source being set to SRRun01_grf
[info] Storage: read data file = SRRun01_grf.mot (nr=10005 nc=19)
[info] ExternalForce::RightGRF Data source being set to SRRun01_grf
[info] ExternalForce::LeftGRF Data source being set to SRRun01_grf
[info] Storage: read data file = SRRun01_grf.mot (nr=10005 nc=19)
[info] ExternalForce::RightGRF Data source being set to SRRun01_grf
[info] ExternalForce::LeftGRF Data source being set to SRRun01_grf
[info] Storage: read data file = SRRun01_grf.mot (nr=10005 nc=19)
[info] ExternalForce::RightGRF Data source being set to SRRun01_grf
[info] ExternalForce::LeftGRF Data source being set to SRRun01_grf
[info] Storage: read data file = SRRun01_grf.mot (nr=10005 nc=19)
[info] ExternalForce::RightGRF Data source being set to SRRun01_grf
[info] ExternalForce::LeftGRF Data source being set to SRRun01_grf
[info] Storage: read data file = SRRun01_grf.mot (nr=10005 nc=19)
[info] ExternalForce::RightGRF Data source being set to SRRun01_grf
[info] ExternalForce::LeftGRF Data source being set to SRRun01_grf
[info] Storage: read data file = SRRun01_grf.mot (nr=10005 nc=19)
[info] ExternalForce::RightGRF Data source being set to SRRun01_grf
[info] ExternalForce::LeftGRF Data source being set to SRRun01_grf
[info] Storage: read data file = SRRun01_grf.mot (nr=10005 nc=19)
[info] ExternalForce::RightGRF Data source being set to SRRun01_grf
[info] ExternalForce::LeftGRF Data source being set to SRRun01_grf
[info] Storage: read data file = SRRun01_grf.mot (nr=10005 nc=19)
[info] ExternalForce::RightGRF Data source being set to SRRun01_grf
[info] ExternalForce::LeftGRF Data source being set to SRRun01_grf
[info] Storage: read data file = SRRun01_grf.mot (nr=10005 nc=19)
[info] ExternalForce::RightGRF Data source being set to SRRun01_grf
[info] ExternalForce::LeftGRF Data source being set to SRRun01_grf
[info] Storage: read data file = SRRun01_grf.mot (nr=10005 nc=19)
[info] ExternalForce::RightGRF Data source being set to SRRun01_grf
[info] ExternalForce::LeftGRF Data source being set to SRRun01_grf
[info] Storage: read data file = SRRun01_grf.mot (nr=10005 nc=19)
[info] ExternalForce::RightGRF Data source being set to SRRun01_grf
[info] ExternalForce::LeftGRF Data source being set to SRRun01_grf
[info] Storage: read data file = SRRun01_grf.mot (nr=10005 nc=19)
[info] ExternalForce::RightGRF Data source being set to SRRun01_grf
[info] ExternalForce::LeftGRF Data source being set to SRRun01_grf
[info] Storage: read data file = SRRun01_grf.mot (nr=10005 nc=19)
[info] ExternalForce::RightGRF Data source being set to SRRun01_grf
[info] ExternalForce::LeftGRF Data source being set to SRRun01_grf
[info] Storage: read data file = SRRun01_grf.mot (nr=10005 nc=19)
[info] ExternalForce::RightGRF Data source being set to SRRun01_grf
[info] ExternalForce::LeftGRF Data source being set to SRRun01_grf
[info] Storage: read data file = SRRun01_grf.mot (nr=10005 nc=19)
[info] ExternalForce::RightGRF Data source being set to SRRun01_grf
[info] ExternalForce::LeftGRF Data source being set to SRRun01_grf
[info] Storage: read data file = SRRun01_grf.mot (nr=10005 nc=19)
[info] ExternalForce::RightGRF Data source being set to SRRun01_grf
[info] ExternalForce::LeftGRF Data source being set to SRRun01_grf
[info] Storage: read data file = SRRun01_grf.mot (nr=10005 nc=19)
[info] ExternalForce::RightGRF Data source being set to SRRun01_grf
[info] ExternalForce::LeftGRF Data source being set to SRRun01_grf
[info] Storage: read data file = SRRun01_grf.mot (nr=10005 nc=19)
[info] ExternalForce::RightGRF Data source being set to SRRun01_grf
[info] ExternalForce::LeftGRF Data source being set to SRRun01_grf
[info] Storage: read data file = SRRun01_grf.mot (nr=10005 nc=19)
[info] ExternalForce::RightGRF Data source being set to SRRun01_grf
[info] ExternalForce::LeftGRF Data source being set to SRRun01_grf
[info] Storage: read data file = SRRun01_grf.mot (nr=10005 nc=19)
[info] ExternalForce::RightGRF Data source being set to SRRun01_grf
[info] ExternalForce::LeftGRF Data source being set to SRRun01_grf
[info] Storage: read data file = SRRun01_grf.mot (nr=10005 nc=19)
[info] ExternalForce::RightGRF Data source being set to SRRun01_grf
[info] ExternalForce::LeftGRF Data source being set to SRRun01_grf
[info] Storage: read data file = SRRun01_grf.mot (nr=10005 nc=19)
[info] ExternalForce::RightGRF Data source being set to SRRun01_grf
[info] ExternalForce::LeftGRF Data source being set to SRRun01_grf
[info] Storage: read data file = SRRun01_grf.mot (nr=10005 nc=19)
[info] ExternalForce::RightGRF Data source being set to SRRun01_grf
[info] ExternalForce::LeftGRF Data source being set to SRRun01_grf
[info] Storage: read data file = SRRun01_grf.mot (nr=10005 nc=19)
[info] ExternalForce::RightGRF Data source being set to SRRun01_grf
[info] ExternalForce::LeftGRF Data source being set to SRRun01_grf
[info] Storage: read data file = SRRun01_grf.mot (nr=10005 nc=19)
[info] ExternalForce::RightGRF Data source being set to SRRun01_grf
[info] ExternalForce::LeftGRF Data source being set to SRRun01_grf
[info] Storage: read data file = SRRun01_grf.mot (nr=10005 nc=19)
[info] ExternalForce::RightGRF Data source being set to SRRun01_grf
[info] ExternalForce::LeftGRF Data source being set to SRRun01_grf
[info] Storage: read data file = SRRun01_grf.mot (nr=10005 nc=19)
[info] ExternalForce::RightGRF Data source being set to SRRun01_grf
[info] ExternalForce::LeftGRF Data source being set to SRRun01_grf
[info] Storage: read data file = SRRun01_grf.mot (nr=10005 nc=19)
[info] ExternalForce::RightGRF Data source being set to SRRun01_grf
[info] ExternalForce::LeftGRF Data source being set to SRRun01_grf
[info] Storage: read data file = SRRun01_grf.mot (nr=10005 nc=19)
[info] ExternalForce::RightGRF Data source being set to SRRun01_grf
[info] ExternalForce::LeftGRF Data source being set to SRRun01_grf
[info] Storage: read data file = SRRun01_grf.mot (nr=10005 nc=19)
[info] ExternalForce::RightGRF Data source being set to SRRun01_grf
[info] ExternalForce::LeftGRF Data source being set to SRRun01_grf
[info] Storage: read data file = SRRun01_grf.mot (nr=10005 nc=19)
[info] ExternalForce::RightGRF Data source being set to SRRun01_grf
[info] ExternalForce::LeftGRF Data source being set to SRRun01_grf
[info] Storage: read data file = SRRun01_grf.mot (nr=10005 nc=19)
[info] ExternalForce::RightGRF Data source being set to SRRun01_grf
[info] ExternalForce::LeftGRF Data source being set to SRRun01_grf
[info] Storage: read data file = SRRun01_grf.mot (nr=10005 nc=19)
[info] ExternalForce::RightGRF Data source being set to SRRun01_grf
[info] ExternalForce::LeftGRF Data source being set to SRRun01_grf
[info] Storage: read data file = SRRun01_grf.mot (nr=10005 nc=19)
[info] ExternalForce::RightGRF Data source being set to SRRun01_grf
[info] ExternalForce::LeftGRF Data source being set to SRRun01_grf
[info] Storage: read data file = SRRun01_grf.mot (nr=10005 nc=19)
[info] ExternalForce::RightGRF Data source being set to SRRun01_grf
[info] ExternalForce::LeftGRF Data source being set to SRRun01_grf
[info] Storage: read data file = SRRun01_grf.mot (nr=10005 nc=19)
[info] ExternalForce::RightGRF Data source being set to SRRun01_grf
[info] ExternalForce::LeftGRF Data source being set to SRRun01_grf
[info] Storage: read data file = SRRun01_grf.mot (nr=10005 nc=19)
[info] ExternalForce::RightGRF Data source being set to SRRun01_grf
[info] ExternalForce::LeftGRF Data source being set to SRRun01_grf
[info] Storage: read data file = SRRun01_grf.mot (nr=10005 nc=19)
[info] ExternalForce::RightGRF Data source being set to SRRun01_grf
[info] ExternalForce::LeftGRF Data source being set to SRRun01_grf
[info] Storage: read data file = SRRun01_grf.mot (nr=10005 nc=19)
[info] ExternalForce::RightGRF Data source being set to SRRun01_grf
[info] ExternalForce::LeftGRF Data source being set to SRRun01_grf
[info] Storage: read data file = SRRun01_grf.mot (nr=10005 nc=19)
[info] ExternalForce::RightGRF Data source being set to SRRun01_grf
[info] ExternalForce::LeftGRF Data source being set to SRRun01_grf
[info] Storage: read data file = SRRun01_grf.mot (nr=10005 nc=19)
[info] ExternalForce::RightGRF Data source being set to SRRun01_grf
[info] ExternalForce::LeftGRF Data source being set to SRRun01_grf
[info] Storage: read data file = SRRun01_grf.mot (nr=10005 nc=19)
[info] ExternalForce::RightGRF Data source being set to SRRun01_grf
[info] ExternalForce::LeftGRF Data source being set to SRRun01_grf
[info] Storage: read data file = SRRun01_grf.mot (nr=10005 nc=19)
[info] ExternalForce::RightGRF Data source being set to SRRun01_grf
[info] ExternalForce::LeftGRF Data source being set to SRRun01_grf
[info] Storage: read data file = SRRun01_grf.mot (nr=10005 nc=19)
[info] ExternalForce::RightGRF Data source being set to SRRun01_grf
[info] ExternalForce::LeftGRF Data source being set to SRRun01_grf
[info] Storage: read data file = SRRun01_grf.mot (nr=10005 nc=19)
[info] ExternalForce::RightGRF Data source being set to SRRun01_grf
[info] ExternalForce::LeftGRF Data source being set to SRRun01_grf
[info] Storage: read data file = SRRun01_grf.mot (nr=10005 nc=19)
[info] ExternalForce::RightGRF Data source being set to SRRun01_grf
[info] ExternalForce::LeftGRF Data source being set to SRRun01_grf
[info] Storage: read data file = SRRun01_grf.mot (nr=10005 nc=19)
[info] ExternalForce::RightGRF Data source being set to SRRun01_grf
[info] ExternalForce::LeftGRF Data source being set to SRRun01_grf
[info] Storage: read data file = SRRun01_grf.mot (nr=10005 nc=19)
[info] ExternalForce::RightGRF Data source being set to SRRun01_grf
[info] ExternalForce::LeftGRF Data source being set to SRRun01_grf
[info] Storage: read data file = SRRun01_grf.mot (nr=10005 nc=19)
[info] ExternalForce::RightGRF Data source being set to SRRun01_grf
[info] ExternalForce::LeftGRF Data source being set to SRRun01_grf
[info] Storage: read data file = SRRun01_grf.mot (nr=10005 nc=19)
[info] ExternalForce::RightGRF Data source being set to SRRun01_grf
[info] ExternalForce::LeftGRF Data source being set to SRRun01_grf
[info] Storage: read data file = SRRun01_grf.mot (nr=10005 nc=19)
[info] ExternalForce::RightGRF Data source being set to SRRun01_grf
[info] ExternalForce::LeftGRF Data source being set to SRRun01_grf
[info] Storage: read data file = SRRun01_grf.mot (nr=10005 nc=19)
[info] ExternalForce::RightGRF Data source being set to SRRun01_grf
[info] ExternalForce::LeftGRF Data source being set to SRRun01_grf
[info] Storage: read data file = SRRun01_grf.mot (nr=10005 nc=19)
[info] ExternalForce::RightGRF Data source being set to SRRun01_grf
[info] ExternalForce::LeftGRF Data source being set to SRRun01_grf
[info] Storage: read data file = SRRun01_grf.mot (nr=10005 nc=19)
[info] ExternalForce::RightGRF Data source being set to SRRun01_grf
[info] ExternalForce::LeftGRF Data source being set to SRRun01_grf
[info] Storage: read data file = SRRun01_grf.mot (nr=10005 nc=19)
[info] ExternalForce::RightGRF Data source being set to SRRun01_grf
[info] ExternalForce::LeftGRF Data source being set to SRRun01_grf
[info] Storage: read data file = SRRun01_grf.mot (nr=10005 nc=19)
[info] ExternalForce::RightGRF Data source being set to SRRun01_grf
[info] ExternalForce::LeftGRF Data source being set to SRRun01_grf
[info] Storage: read data file = SRRun01_grf.mot (nr=10005 nc=19)
[info] ExternalForce::RightGRF Data source being set to SRRun01_grf
[info] ExternalForce::LeftGRF Data source being set to SRRun01_grf
[info] Storage: read data file = SRRun01_grf.mot (nr=10005 nc=19)
[info] ExternalForce::RightGRF Data source being set to SRRun01_grf
[info] ExternalForce::LeftGRF Data source being set to SRRun01_grf
[info] Storage: read data file = SRRun01_grf.mot (nr=10005 nc=19)
[info] ExternalForce::RightGRF Data source being set to SRRun01_grf
[info] ExternalForce::LeftGRF Data source being set to SRRun01_grf
[info] Storage: read data file = SRRun01_grf.mot (nr=10005 nc=19)
[info] ExternalForce::RightGRF Data source being set to SRRun01_grf
[info] ExternalForce::LeftGRF Data source being set to SRRun01_grf
[info] Storage: read data file = SRRun01_grf.mot (nr=10005 nc=19)
[info] ExternalForce::RightGRF Data source being set to SRRun01_grf
[info] ExternalForce::LeftGRF Data source being set to SRRun01_grf
[info] Storage: read data file = SRRun01_grf.mot (nr=10005 nc=19)
[info] ExternalForce::RightGRF Data source being set to SRRun01_grf
[info] ExternalForce::LeftGRF Data source being set to SRRun01_grf
[info] Storage: read data file = SRRun01_grf.mot (nr=10005 nc=19)
[info] ExternalForce::RightGRF Data source being set to SRRun01_grf
[info] ExternalForce::LeftGRF Data source being set to SRRun01_grf
[info] Storage: read data file = SRRun01_grf.mot (nr=10005 nc=19)
[info] ExternalForce::RightGRF Data source being set to SRRun01_grf
[info] ExternalForce::LeftGRF Data source being set to SRRun01_grf
[info] Storage: read data file = SRRun01_grf.mot (nr=10005 nc=19)
[info] ExternalForce::RightGRF Data source being set to SRRun01_grf
[info] ExternalForce::LeftGRF Data source being set to SRRun01_grf
[info] Storage: read data file = SRRun01_grf.mot (nr=10005 nc=19)
[info] ExternalForce::RightGRF Data source being set to SRRun01_grf
[info] ExternalForce::LeftGRF Data source being set to SRRun01_grf
[info] Storage: read data file = SRRun01_grf.mot (nr=10005 nc=19)
[info] ExternalForce::RightGRF Data source being set to SRRun01_grf
[info] ExternalForce::LeftGRF Data source being set to SRRun01_grf
[info] Storage: read data file = SRRun01_grf.mot (nr=10005 nc=19)
[info] ExternalForce::RightGRF Data source being set to SRRun01_grf
[info] ExternalForce::LeftGRF Data source being set to SRRun01_grf
[info] Storage: read data file = SRRun01_grf.mot (nr=10005 nc=19)
[info] ExternalForce::RightGRF Data source being set to SRRun01_grf
[info] ExternalForce::LeftGRF Data source being set to SRRun01_grf
[info] Storage: read data file = SRRun01_grf.mot (nr=10005 nc=19)
[info] ExternalForce::RightGRF Data source being set to SRRun01_grf
[info] ExternalForce::LeftGRF Data source being set to SRRun01_grf
[info] Storage: read data file = SRRun01_grf.mot (nr=10005 nc=19)
[info] ExternalForce::RightGRF Data source being set to SRRun01_grf
[info] ExternalForce::LeftGRF Data source being set to SRRun01_grf
[info] Storage: read data file = SRRun01_grf.mot (nr=10005 nc=19)
[info] ExternalForce::RightGRF Data source being set to SRRun01_grf
[info] ExternalForce::LeftGRF Data source being set to SRRun01_grf
[info] Storage: read data file = SRRun01_grf.mot (nr=10005 nc=19)
[info] ExternalForce::RightGRF Data source being set to SRRun01_grf
[info] ExternalForce::LeftGRF Data source being set to SRRun01_grf
[info] Storage: read data file = SRRun01_grf.mot (nr=10005 nc=19)
[info] ExternalForce::RightGRF Data source being set to SRRun01_grf
[info] ExternalForce::LeftGRF Data source being set to SRRun01_grf
[info] Storage: read data file = SRRun01_grf.mot (nr=10005 nc=19)
[info] ExternalForce::RightGRF Data source being set to SRRun01_grf
[info] ExternalForce::LeftGRF Data source being set to SRRun01_grf
[info] Storage: read data file = SRRun01_grf.mot (nr=10005 nc=19)
[info] ExternalForce::RightGRF Data source being set to SRRun01_grf
[info] ExternalForce::LeftGRF Data source being set to SRRun01_grf
[info] Storage: read data file = SRRun01_grf.mot (nr=10005 nc=19)
[info] ExternalForce::RightGRF Data source being set to SRRun01_grf
[info] ExternalForce::LeftGRF Data source being set to SRRun01_grf
[info] Storage: read data file = SRRun01_grf.mot (nr=10005 nc=19)
[info] ExternalForce::RightGRF Data source being set to SRRun01_grf
[info] ExternalForce::LeftGRF Data source being set to SRRun01_grf
[info] Storage: read data file = SRRun01_grf.mot (nr=10005 nc=19)
[info] ExternalForce::RightGRF Data source being set to SRRun01_grf
[info] ExternalForce::LeftGRF Data source being set to SRRun01_grf
[info] Storage: read data file = SRRun01_grf.mot (nr=10005 nc=19)
[info] ExternalForce::RightGRF Data source being set to SRRun01_grf
[info] ExternalForce::LeftGRF Data source being set to SRRun01_grf
[info] Storage: read data file = SRRun01_grf.mot (nr=10005 nc=19)
[info] ExternalForce::RightGRF Data source being set to SRRun01_grf
[info] ExternalForce::LeftGRF Data source being set to SRRun01_grf
[info] Storage: read data file = SRRun01_grf.mot (nr=10005 nc=19)
[info] ExternalForce::RightGRF Data source being set to SRRun01_grf
[info] ExternalForce::LeftGRF Data source being set to SRRun01_grf
[info] Storage: read data file = SRRun01_grf.mot (nr=10005 nc=19)
[info] ExternalForce::RightGRF Data source being set to SRRun01_grf
[info] ExternalForce::LeftGRF Data source being set to SRRun01_grf
[info] Storage: read data file = SRRun01_grf.mot (nr=10005 nc=19)
[info] ExternalForce::RightGRF Data source being set to SRRun01_grf
[info] ExternalForce::LeftGRF Data source being set to SRRun01_grf
[info] Storage: read data file = SRRun01_grf.mot (nr=10005 nc=19)
[info] ExternalForce::RightGRF Data source being set to SRRun01_grf
[info] ExternalForce::LeftGRF Data source being set to SRRun01_grf
[info] Storage: read data file = SRRun01_grf.mot (nr=10005 nc=19)
[info] ExternalForce::RightGRF Data source being set to SRRun01_grf
[info] ExternalForce::LeftGRF Data source being set to SRRun01_grf
[info] Storage: read data file = SRRun01_grf.mot (nr=10005 nc=19)
[info] ExternalForce::RightGRF Data source being set to SRRun01_grf
[info] ExternalForce::LeftGRF Data source being set to SRRun01_grf
[info] Storage: read data file = SRRun01_grf.mot (nr=10005 nc=19)
[info] ExternalForce::RightGRF Data source being set to SRRun01_grf
[info] ExternalForce::LeftGRF Data source being set to SRRun01_grf
[info] Storage: read data file = SRRun01_grf.mot (nr=10005 nc=19)
[info] ExternalForce::RightGRF Data source being set to SRRun01_grf
[info] ExternalForce::LeftGRF Data source being set to SRRun01_grf
[info] Storage: read data file = SRRun01_grf.mot (nr=10005 nc=19)
[info] ExternalForce::RightGRF Data source being set to SRRun01_grf
[info] ExternalForce::LeftGRF Data source being set to SRRun01_grf
[info] Storage: read data file = SRRun01_grf.mot (nr=10005 nc=19)
[info] ExternalForce::RightGRF Data source being set to SRRun01_grf
[info] ExternalForce::LeftGRF Data source being set to SRRun01_grf
[info] Storage: read data file = SRRun01_grf.mot (nr=10005 nc=19)
[info] ExternalForce::RightGRF Data source being set to SRRun01_grf
[info] ExternalForce::LeftGRF Data source being set to SRRun01_grf
[info] Storage: read data file = SRRun01_grf.mot (nr=10005 nc=19)
[info] ExternalForce::RightGRF Data source being set to SRRun01_grf
[info] ExternalForce::LeftGRF Data source being set to SRRun01_grf
[info] Storage: read data file = SRRun01_grf.mot (nr=10005 nc=19)
[info] ExternalForce::RightGRF Data source being set to SRRun01_grf
[info] ExternalForce::LeftGRF Data source being set to SRRun01_grf
[info] Storage: read data file = SRRun01_grf.mot (nr=10005 nc=19)
[info] ExternalForce::RightGRF Data source being set to SRRun01_grf
[info] ExternalForce::LeftGRF Data source being set to SRRun01_grf
[info] Storage: read data file = SRRun01_grf.mot (nr=10005 nc=19)
[info] ExternalForce::RightGRF Data source being set to SRRun01_grf
[info] ExternalForce::LeftGRF Data source being set to SRRun01_grf
[info] Storage: read data file = SRRun01_grf.mot (nr=10005 nc=19)
[info] ExternalForce::RightGRF Data source being set to SRRun01_grf
[info] ExternalForce::LeftGRF Data source being set to SRRun01_grf
[info] Storage: read data file = SRRun01_grf.mot (nr=10005 nc=19)
[info] ExternalForce::RightGRF Data source being set to SRRun01_grf
[info] ExternalForce::LeftGRF Data source being set to SRRun01_grf
[info] Storage: read data file = SRRun01_grf.mot (nr=10005 nc=19)
[info] ExternalForce::RightGRF Data source being set to SRRun01_grf
[info] ExternalForce::LeftGRF Data source being set to SRRun01_grf
[info] Storage: read data file = SRRun01_grf.mot (nr=10005 nc=19)
[info] ExternalForce::RightGRF Data source being set to SRRun01_grf
[info] ExternalForce::LeftGRF Data source being set to SRRun01_grf
[info] Storage: read data file = SRRun01_grf.mot (nr=10005 nc=19)
[info] ExternalForce::RightGRF Data source being set to SRRun01_grf
[info] ExternalForce::LeftGRF Data source being set to SRRun01_grf
[info] Storage: read data file = SRRun01_grf.mot (nr=10005 nc=19)
[info] ExternalForce::RightGRF Data source being set to SRRun01_grf
[info] ExternalForce::LeftGRF Data source being set to SRRun01_grf
[info] Storage: read data file = SRRun01_grf.mot (nr=10005 nc=19)
[info] ExternalForce::RightGRF Data source being set to SRRun01_grf
[info] ExternalForce::LeftGRF Data source being set to SRRun01_grf
[info] Storage: read data file = SRRun01_grf.mot (nr=10005 nc=19)
[info] ExternalForce::RightGRF Data source being set to SRRun01_grf
[info] ExternalForce::LeftGRF Data source being set to SRRun01_grf
[info] Storage: read data file = SRRun01_grf.mot (nr=10005 nc=19)
[info] ExternalForce::RightGRF Data source being set to SRRun01_grf
[info] ExternalForce::LeftGRF Data source being set to SRRun01_grf
[info] Storage: read data file = SRRun01_grf.mot (nr=10005 nc=19)
[info] ExternalForce::RightGRF Data source being set to SRRun01_grf
[info] ExternalForce::LeftGRF Data source being set to SRRun01_grf
[info] Storage: read data file = SRRun01_grf.mot (nr=10005 nc=19)
[info] ExternalForce::RightGRF Data source being set to SRRun01_grf
[info] ExternalForce::LeftGRF Data source being set to SRRun01_grf
[info] Storage: read data file = SRRun01_grf.mot (nr=10005 nc=19)
[info] ExternalForce::RightGRF Data source being set to SRRun01_grf
[info] ExternalForce::LeftGRF Data source being set to SRRun01_grf
[info] Storage: read data file = SRRun01_grf.mot (nr=10005 nc=19)
[info] ExternalForce::RightGRF Data source being set to SRRun01_grf
[info] ExternalForce::LeftGRF Data source being set to SRRun01_grf
[info] Storage: read data file = SRRun01_grf.mot (nr=10005 nc=19)
[info] ExternalForce::RightGRF Data source being set to SRRun01_grf
[info] ExternalForce::LeftGRF Data source being set to SRRun01_grf
[info] Storage: read data file = SRRun01_grf.mot (nr=10005 nc=19)
[info] ExternalForce::RightGRF Data source being set to SRRun01_grf
[info] ExternalForce::LeftGRF Data source being set to SRRun01_grf
[info] Storage: read data file = SRRun01_grf.mot (nr=10005 nc=19)
[info] ExternalForce::RightGRF Data source being set to SRRun01_grf
[info] ExternalForce::LeftGRF Data source being set to SRRun01_grf
[info] Storage: read data file = SRRun01_grf.mot (nr=10005 nc=19)
[info] ExternalForce::RightGRF Data source being set to SRRun01_grf
[info] ExternalForce::LeftGRF Data source being set to SRRun01_grf
[info] Storage: read data file = SRRun01_grf.mot (nr=10005 nc=19)
[info] ExternalForce::RightGRF Data source being set to SRRun01_grf
[info] ExternalForce::LeftGRF Data source being set to SRRun01_grf
[info] Storage: read data file = SRRun01_grf.mot (nr=10005 nc=19)
[info] ExternalForce::RightGRF Data source being set to SRRun01_grf
[info] ExternalForce::LeftGRF Data source being set to SRRun01_grf
[info] Storage: read data file = SRRun01_grf.mot (nr=10005 nc=19)
[info] ExternalForce::RightGRF Data source being set to SRRun01_grf
[info] ExternalForce::LeftGRF Data source being set to SRRun01_grf
[info] Storage: read data file = SRRun01_grf.mot (nr=10005 nc=19)
[info] ExternalForce::RightGRF Data source being set to SRRun01_grf
[info] ExternalForce::LeftGRF Data source being set to SRRun01_grf
[info] Storage: read data file = SRRun01_grf.mot (nr=10005 nc=19)
[info] ExternalForce::RightGRF Data source being set to SRRun01_grf
[info] ExternalForce::LeftGRF Data source being set to SRRun01_grf
[info] Storage: read data file = SRRun01_grf.mot (nr=10005 nc=19)
[info] ExternalForce::RightGRF Data source being set to SRRun01_grf
[info] ExternalForce::LeftGRF Data source being set to SRRun01_grf
[info] Storage: read data file = SRRun01_grf.mot (nr=10005 nc=19)
[info] ExternalForce::RightGRF Data source being set to SRRun01_grf
[info] ExternalForce::LeftGRF Data source being set to SRRun01_grf
[info] Storage: read data file = SRRun01_grf.mot (nr=10005 nc=19)
[info] ExternalForce::RightGRF Data source being set to SRRun01_grf
[info] ExternalForce::LeftGRF Data source being set to SRRun01_grf
[info] Storage: read data file = SRRun01_grf.mot (nr=10005 nc=19)
[info] ExternalForce::RightGRF Data source being set to SRRun01_grf
[info] ExternalForce::LeftGRF Data source being set to SRRun01_grf
[info] Storage: read data file = SRRun01_grf.mot (nr=10005 nc=19)
[info] ExternalForce::RightGRF Data source being set to SRRun01_grf
[info] ExternalForce::LeftGRF Data source being set to SRRun01_grf
[info] Storage: read data file = SRRun01_grf.mot (nr=10005 nc=19)
[info] ExternalForce::RightGRF Data source being set to SRRun01_grf
[info] ExternalForce::LeftGRF Data source being set to SRRun01_grf
[info] Storage: read data file = SRRun01_grf.mot (nr=10005 nc=19)
[info] ExternalForce::RightGRF Data source being set to SRRun01_grf
[info] ExternalForce::LeftGRF Data source being set to SRRun01_grf
[info] Storage: read data file = SRRun01_grf.mot (nr=10005 nc=19)
[info] ExternalForce::RightGRF Data source being set to SRRun01_grf
[info] ExternalForce::LeftGRF Data source being set to SRRun01_grf
[info] Storage: read data file = SRRun01_grf.mot (nr=10005 nc=19)
[info] ExternalForce::RightGRF Data source being set to SRRun01_grf
[info] ExternalForce::LeftGRF Data source being set to SRRun01_grf
[info] Storage: read data file = SRRun01_grf.mot (nr=10005 nc=19)
[info] ExternalForce::RightGRF Data source being set to SRRun01_grf
[info] ExternalForce::LeftGRF Data source being set to SRRun01_grf
[info] Storage: read data file = SRRun01_grf.mot (nr=10005 nc=19)
[info] ExternalForce::RightGRF Data source being set to SRRun01_grf
[info] ExternalForce::LeftGRF Data source being set to SRRun01_grf
[info] Storage: read data file = SRRun01_grf.mot (nr=10005 nc=19)
[info] ExternalForce::RightGRF Data source being set to SRRun01_grf
[info] ExternalForce::LeftGRF Data source being set to SRRun01_grf
[info] Storage: read data file = SRRun01_grf.mot (nr=10005 nc=19)
[info] ExternalForce::RightGRF Data source being set to SRRun01_grf
[info] ExternalForce::LeftGRF Data source being set to SRRun01_grf
[info] Storage: read data file = SRRun01_grf.mot (nr=10005 nc=19)
[info] ExternalForce::RightGRF Data source being set to SRRun01_grf
[info] ExternalForce::LeftGRF Data source being set to SRRun01_grf
[info] Storage: read data file = SRRun01_grf.mot (nr=10005 nc=19)
[info] ExternalForce::RightGRF Data source being set to SRRun01_grf
[info] ExternalForce::LeftGRF Data source being set to SRRun01_grf
[info] Storage: read data file = SRRun01_grf.mot (nr=10005 nc=19)
[info] ExternalForce::RightGRF Data source being set to SRRun01_grf
[info] ExternalForce::LeftGRF Data source being set to SRRun01_grf
[info] Storage: read data file = SRRun01_grf.mot (nr=10005 nc=19)
[info] ExternalForce::RightGRF Data source being set to SRRun01_grf
[info] ExternalForce::LeftGRF Data source being set to SRRun01_grf
[info] Storage: read data file = SRRun01_grf.mot (nr=10005 nc=19)
[info] ExternalForce::RightGRF Data source being set to SRRun01_grf
[info] ExternalForce::LeftGRF Data source being set to SRRun01_grf
[info] Storage: read data file = SRRun01_grf.mot (nr=10005 nc=19)
[info] ExternalForce::RightGRF Data source being set to SRRun01_grf
[info] ExternalForce::LeftGRF Data source being set to SRRun01_grf
[info] Storage: read data file = SRRun01_grf.mot (nr=10005 nc=19)
[info] ExternalForce::RightGRF Data source being set to SRRun01_grf
[info] ExternalForce::LeftGRF Data source being set to SRRun01_grf
[info] Storage: read data file = SRRun01_grf.mot (nr=10005 nc=19)
[info] ExternalForce::RightGRF Data source being set to SRRun01_grf
[info] ExternalForce::LeftGRF Data source being set to SRRun01_grf
[info] Storage: read data file = SRRun01_grf.mot (nr=10005 nc=19)
[info] ExternalForce::RightGRF Data source being set to SRRun01_grf
[info] ExternalForce::LeftGRF Data source being set to SRRun01_grf
[info] Storage: read data file = SRRun01_grf.mot (nr=10005 nc=19)
[info] ExternalForce::RightGRF Data source being set to SRRun01_grf
[info] ExternalForce::LeftGRF Data source being set to SRRun01_grf
[info] Storage: read data file = SRRun01_grf.mot (nr=10005 nc=19)
[info] ExternalForce::RightGRF Data source being set to SRRun01_grf
[info] ExternalForce::LeftGRF Data source being set to SRRun01_grf
[info] Storage: read data file = SRRun01_grf.mot (nr=10005 nc=19)
[info] ExternalForce::RightGRF Data source being set to SRRun01_grf
[info] ExternalForce::LeftGRF Data source being set to SRRun01_grf
[info] Storage: read data file = SRRun01_grf.mot (nr=10005 nc=19)
[info] ExternalForce::RightGRF Data source being set to SRRun01_grf
[info] ExternalForce::LeftGRF Data source being set to SRRun01_grf
[info] Storage: read data file = SRRun01_grf.mot (nr=10005 nc=19)
[info] ExternalForce::RightGRF Data source being set to SRRun01_grf
[info] ExternalForce::LeftGRF Data source being set to SRRun01_grf
[info] Storage: read data file = SRRun01_grf.mot (nr=10005 nc=19)
[info] ExternalForce::RightGRF Data source being set to SRRun01_grf
[info] ExternalForce::LeftGRF Data source being set to SRRun01_grf
[info] Storage: read data file = SRRun01_grf.mot (nr=10005 nc=19)
[info] ExternalForce::RightGRF Data source being set to SRRun01_grf
[info] ExternalForce::LeftGRF Data source being set to SRRun01_grf
[info] Storage: read data file = SRRun01_grf.mot (nr=10005 nc=19)
[info] ExternalForce::RightGRF Data source being set to SRRun01_grf
[info] ExternalForce::LeftGRF Data source being set to SRRun01_grf
[info] Storage: read data file = SRRun01_grf.mot (nr=10005 nc=19)
[info] ExternalForce::RightGRF Data source being set to SRRun01_grf
[info] ExternalForce::LeftGRF Data source being set to SRRun01_grf
[info] Storage: read data file = SRRun01_grf.mot (nr=10005 nc=19)
[info] ExternalForce::RightGRF Data source being set to SRRun01_grf
[info] ExternalForce::LeftGRF Data source being set to SRRun01_grf
[info] Storage: read data file = SRRun01_grf.mot (nr=10005 nc=19)
[info] ExternalForce::RightGRF Data source being set to SRRun01_grf
[info] ExternalForce::LeftGRF Data source being set to SRRun01_grf
[info] Storage: read data file = SRRun01_grf.mot (nr=10005 nc=19)
[info] ExternalForce::RightGRF Data source being set to SRRun01_grf
[info] ExternalForce::LeftGRF Data source being set to SRRun01_grf
[info] Storage: read data file = SRRun01_grf.mot (nr=10005 nc=19)
[info] ExternalForce::RightGRF Data source being set to SRRun01_grf
[info] ExternalForce::LeftGRF Data source being set to SRRun01_grf
[info] Storage: read data file = SRRun01_grf.mot (nr=10005 nc=19)
[info] ExternalForce::RightGRF Data source being set to SRRun01_grf
[info] ExternalForce::LeftGRF Data source being set to SRRun01_grf
[info] Storage: read data file = SRRun01_grf.mot (nr=10005 nc=19)
[info] ExternalForce::RightGRF Data source being set to SRRun01_grf
[info] ExternalForce::LeftGRF Data source being set to SRRun01_grf
[info] Storage: read data file = SRRun01_grf.mot (nr=10005 nc=19)
[info] ExternalForce::RightGRF Data source being set to SRRun01_grf
[info] ExternalForce::LeftGRF Data source being set to SRRun01_grf
[info] Storage: read data file = SRRun01_grf.mot (nr=10005 nc=19)
[info] ExternalForce::RightGRF Data source being set to SRRun01_grf
[info] ExternalForce::LeftGRF Data source being set to SRRun01_grf
[info] Storage: read data file = SRRun01_grf.mot (nr=10005 nc=19)
[info] ExternalForce::RightGRF Data source being set to SRRun01_grf
[info] ExternalForce::LeftGRF Data source being set to SRRun01_grf
[info] Storage: read data file = SRRun01_grf.mot (nr=10005 nc=19)
[info] ExternalForce::RightGRF Data source being set to SRRun01_grf
[info] ExternalForce::LeftGRF Data source being set to SRRun01_grf
[info] Storage: read data file = SRRun01_grf.mot (nr=10005 nc=19)
[info] ExternalForce::RightGRF Data source being set to SRRun01_grf
[info] ExternalForce::LeftGRF Data source being set to SRRun01_grf
[info] Storage: read data file = SRRun01_grf.mot (nr=10005 nc=19)
[info] ExternalForce::RightGRF Data source being set to SRRun01_grf
[info] ExternalForce::LeftGRF Data source being set to SRRun01_grf
[info] Storage: read data file = SRRun01_grf.mot (nr=10005 nc=19)
[info] ExternalForce::RightGRF Data source being set to SRRun01_grf
[info] ExternalForce::LeftGRF Data source being set to SRRun01_grf
[info] Storage: read data file = SRRun01_grf.mot (nr=10005 nc=19)
[info] ExternalForce::RightGRF Data source being set to SRRun01_grf
[info] ExternalForce::LeftGRF Data source being set to SRRun01_grf
[info] Storage: read data file = SRRun01_grf.mot (nr=10005 nc=19)
[info] ExternalForce::RightGRF Data source being set to SRRun01_grf
[info] ExternalForce::LeftGRF Data source being set to SRRun01_grf
[info] Storage: read data file = SRRun01_grf.mot (nr=10005 nc=19)
[info] ExternalForce::RightGRF Data source being set to SRRun01_grf
[info] ExternalForce::LeftGRF Data source being set to SRRun01_grf
[info] Storage: read data file = SRRun01_grf.mot (nr=10005 nc=19)
[info] ExternalForce::RightGRF Data source being set to SRRun01_grf
[info] ExternalForce::LeftGRF Data source being set to SRRun01_grf
[info] Storage: read data file = SRRun01_grf.mot (nr=10005 nc=19)
[info] ExternalForce::RightGRF Data source being set to SRRun01_grf
[info] ExternalForce::LeftGRF Data source being set to SRRun01_grf
[info] Storage: read data file = SRRun01_grf.mot (nr=10005 nc=19)
[info] ExternalForce::RightGRF Data source being set to SRRun01_grf
[info] ExternalForce::LeftGRF Data source being set to SRRun01_grf
[info] Storage: read data file = SRRun01_grf.mot (nr=10005 nc=19)
[info] ExternalForce::RightGRF Data source being set to SRRun01_grf
[info] ExternalForce::LeftGRF Data source being set to SRRun01_grf
[info] Storage: read data file = SRRun01_grf.mot (nr=10005 nc=19)
[info] ExternalForce::RightGRF Data source being set to SRRun01_grf
[info] ExternalForce::LeftGRF Data source being set to SRRun01_grf
[info] Storage: read data file = SRRun01_grf.mot (nr=10005 nc=19)
[info] ExternalForce::RightGRF Data source being set to SRRun01_grf
[info] ExternalForce::LeftGRF Data source being set to SRRun01_grf
[info] Storage: read data file = SRRun01_grf.mot (nr=10005 nc=19)
[info] ExternalForce::RightGRF Data source being set to SRRun01_grf
[info] ExternalForce::LeftGRF Data source being set to SRRun01_grf
[info] Storage: read data file = SRRun01_grf.mot (nr=10005 nc=19)
[info] ExternalForce::RightGRF Data source being set to SRRun01_grf
[info] ExternalForce::LeftGRF Data source being set to SRRun01_grf
[info] Storage: read data file = SRRun01_grf.mot (nr=10005 nc=19)
[info] ExternalForce::RightGRF Data source being set to SRRun01_grf
[info] ExternalForce::LeftGRF Data source being set to SRRun01_grf
[info] Storage: read data file = SRRun01_grf.mot (nr=10005 nc=19)
[info] ExternalForce::RightGRF Data source being set to SRRun01_grf
[info] ExternalForce::LeftGRF Data source being set to SRRun01_grf
[info] Storage: read data file = SRRun01_grf.mot (nr=10005 nc=19)
[info] ExternalForce::RightGRF Data source being set to SRRun01_grf
[info] ExternalForce::LeftGRF Data source being set to SRRun01_grf
[info] Storage: read data file = SRRun01_grf.mot (nr=10005 nc=19)
[info] ExternalForce::RightGRF Data source being set to SRRun01_grf
[info] ExternalForce::LeftGRF Data source being set to SRRun01_grf
[info] Storage: read data file = SRRun01_grf.mot (nr=10005 nc=19)
[info] ExternalForce::RightGRF Data source being set to SRRun01_grf
[info] ExternalForce::LeftGRF Data source being set to SRRun01_grf
[info] Storage: read data file = SRRun01_grf.mot (nr=10005 nc=19)
[info] ExternalForce::RightGRF Data source being set to SRRun01_grf
[info] ExternalForce::LeftGRF Data source being set to SRRun01_grf
[info] Storage: read data file = SRRun01_grf.mot (nr=10005 nc=19)
[info] ExternalForce::RightGRF Data source being set to SRRun01_grf
[info] ExternalForce::LeftGRF Data source being set to SRRun01_grf
[info] Storage: read data file = SRRun01_grf.mot (nr=10005 nc=19)
[info] ExternalForce::RightGRF Data source being set to SRRun01_grf
[info] ExternalForce::LeftGRF Data source being set to SRRun01_grf
[info] Storage: read data file = SRRun01_grf.mot (nr=10005 nc=19)
[info] ExternalForce::RightGRF Data source being set to SRRun01_grf
[info] ExternalForce::LeftGRF Data source being set to SRRun01_grf
[info] Storage: read data file = SRRun01_grf.mot (nr=10005 nc=19)
[info] ExternalForce::RightGRF Data source being set to SRRun01_grf
[info] ExternalForce::LeftGRF Data source being set to SRRun01_grf
[info] Storage: read data file = SRRun01_grf.mot (nr=10005 nc=19)
[info] ExternalForce::RightGRF Data source being set to SRRun01_grf
[info] ExternalForce::LeftGRF Data source being set to SRRun01_grf
[info] Storage: read data file = SRRun01_grf.mot (nr=10005 nc=19)
[info] ExternalForce::RightGRF Data source being set to SRRun01_grf
[info] ExternalForce::LeftGRF Data source being set to SRRun01_grf
[info] Storage: read data file = SRRun01_grf.mot (nr=10005 nc=19)
[info] ExternalForce::RightGRF Data source being set to SRRun01_grf
[info] ExternalForce::LeftGRF Data source being set to SRRun01_grf
[info] Storage: read data file = SRRun01_grf.mot (nr=10005 nc=19)
[info] ExternalForce::RightGRF Data source being set to SRRun01_grf
[info] ExternalForce::LeftGRF Data source being set to SRRun01_grf
[info] Storage: read data file = SRRun01_grf.mot (nr=10005 nc=19)
[info] ExternalForce::RightGRF Data source being set to SRRun01_grf
[info] ExternalForce::LeftGRF Data source being set to SRRun01_grf
[info] Storage: read data file = SRRun01_grf.mot (nr=10005 nc=19)
[info] ExternalForce::RightGRF Data source being set to SRRun01_grf
[info] ExternalForce::LeftGRF Data source being set to SRRun01_grf
[info] Storage: read data file = SRRun01_grf.mot (nr=10005 nc=19)
[info] ExternalForce::RightGRF Data source being set to SRRun01_grf
[info] ExternalForce::LeftGRF Data source being set to SRRun01_grf
[info] Storage: read data file = SRRun01_grf.mot (nr=10005 nc=19)
[info] ExternalForce::RightGRF Data source being set to SRRun01_grf
[info] ExternalForce::LeftGRF Data source being set to SRRun01_grf
[info] Storage: read data file = SRRun01_grf.mot (nr=10005 nc=19)
[info] ExternalForce::RightGRF Data source being set to SRRun01_grf
[info] ExternalForce::LeftGRF Data source being set to SRRun01_grf
[info] Storage: read data file = SRRun01_grf.mot (nr=10005 nc=19)
[info] ExternalForce::RightGRF Data source being set to SRRun01_grf
[info] ExternalForce::LeftGRF Data source being set to SRRun01_grf
[info] Storage: read data file = SRRun01_grf.mot (nr=10005 nc=19)
[info] ExternalForce::RightGRF Data source being set to SRRun01_grf
[info] ExternalForce::LeftGRF Data source being set to SRRun01_grf
[info] Storage: read data file = SRRun01_grf.mot (nr=10005 nc=19)
[info] ExternalForce::RightGRF Data source being set to SRRun01_grf
[info] ExternalForce::LeftGRF Data source being set to SRRun01_grf
[info] Storage: read data file = SRRun01_grf.mot (nr=10005 nc=19)
[info] ExternalForce::RightGRF Data source being set to SRRun01_grf
[info] ExternalForce::LeftGRF Data source being set to SRRun01_grf
[info] Storage: read data file = SRRun01_grf.mot (nr=10005 nc=19)
[info] ExternalForce::RightGRF Data source being set to SRRun01_grf
[info] ExternalForce::LeftGRF Data source being set to SRRun01_grf
[info] Storage: read data file = SRRun01_grf.mot (nr=10005 nc=19)
[info] ExternalForce::RightGRF Data source being set to SRRun01_grf
[info] ExternalForce::LeftGRF Data source being set to SRRun01_grf
[info] Storage: read data file = SRRun01_grf.mot (nr=10005 nc=19)
[info] ExternalForce::RightGRF Data source being set to SRRun01_grf
[info] ExternalForce::LeftGRF Data source being set to SRRun01_grf
[info] Storage: read data file = SRRun01_grf.mot (nr=10005 nc=19)
[info] ExternalForce::RightGRF Data source being set to SRRun01_grf
[info] ExternalForce::LeftGRF Data source being set to SRRun01_grf
[info] Storage: read data file = SRRun01_grf.mot (nr=10005 nc=19)
[info] ExternalForce::RightGRF Data source being set to SRRun01_grf
[info] ExternalForce::LeftGRF Data source being set to SRRun01_grf
[info] Storage: read data file = SRRun01_grf.mot (nr=10005 nc=19)
[info] ExternalForce::RightGRF Data source being set to SRRun01_grf
[info] ExternalForce::LeftGRF Data source being set to SRRun01_grf
[info] Storage: read data file = SRRun01_grf.mot (nr=10005 nc=19)
[info] ExternalForce::RightGRF Data source being set to SRRun01_grf
[info] ExternalForce::LeftGRF Data source being set to SRRun01_grf
[info] Storage: read data file = SRRun01_grf.mot (nr=10005 nc=19)
[info] ExternalForce::RightGRF Data source being set to SRRun01_grf
[info] ExternalForce::LeftGRF Data source being set to SRRun01_grf
[info] Storage: read data file = SRRun01_grf.mot (nr=10005 nc=19)
[info] ExternalForce::RightGRF Data source being set to SRRun01_grf
[info] ExternalForce::LeftGRF Data source being set to SRRun01_grf
[info] Storage: read data file = SRRun01_grf.mot (nr=10005 nc=19)
[info] ExternalForce::RightGRF Data source being set to SRRun01_grf
[info] ExternalForce::LeftGRF Data source being set to SRRun01_grf
[info] Storage: read data file = SRRun01_grf.mot (nr=10005 nc=19)
[info] ExternalForce::RightGRF Data source being set to SRRun01_grf
[info] ExternalForce::LeftGRF Data source being set to SRRun01_grf
[info] Storage: read data file = SRRun01_grf.mot (nr=10005 nc=19)
[info] ExternalForce::RightGRF Data source being set to SRRun01_grf
[info] ExternalForce::LeftGRF Data source being set to SRRun01_grf
[info] Storage: read data file = SRRun01_grf.mot (nr=10005 nc=19)
[info] ExternalForce::RightGRF Data source being set to SRRun01_grf
[info] ExternalForce::LeftGRF Data source being set to SRRun01_grf
[info] Storage: read data file = SRRun01_grf.mot (nr=10005 nc=19)
[info] ExternalForce::RightGRF Data source being set to SRRun01_grf
[info] ExternalForce::LeftGRF Data source being set to SRRun01_grf
[info] Storage: read data file = SRRun01_grf.mot (nr=10005 nc=19)
[info] ExternalForce::RightGRF Data source being set to SRRun01_grf
[info] ExternalForce::LeftGRF Data source being set to SRRun01_grf
[info] Storage: read data file = SRRun01_grf.mot (nr=10005 nc=19)
[info] ExternalForce::RightGRF Data source being set to SRRun01_grf
[info] ExternalForce::LeftGRF Data source being set to SRRun01_grf
[info] Storage: read data file = SRRun01_grf.mot (nr=10005 nc=19)
[info] ExternalForce::RightGRF Data source being set to SRRun01_grf
[info] ExternalForce::LeftGRF Data source being set to SRRun01_grf
[info] Storage: read data file = SRRun01_grf.mot (nr=10005 nc=19)
[info] ExternalForce::RightGRF Data source being set to SRRun01_grf
[info] ExternalForce::LeftGRF Data source being set to SRRun01_grf
[info] Storage: read data file = SRRun01_grf.mot (nr=10005 nc=19)
[info] ExternalForce::RightGRF Data source being set to SRRun01_grf
[info] ExternalForce::LeftGRF Data source being set to SRRun01_grf
[info] Storage: read data file = SRRun01_grf.mot (nr=10005 nc=19)
[info] ExternalForce::RightGRF Data source being set to SRRun01_grf
[info] ExternalForce::LeftGRF Data source being set to SRRun01_grf
[info] Storage: read data file = SRRun01_grf.mot (nr=10005 nc=19)
[info] ExternalForce::RightGRF Data source being set to SRRun01_grf
[info] ExternalForce::LeftGRF Data source being set to SRRun01_grf
[info] Storage: read data file = SRRun01_grf.mot (nr=10005 nc=19)
[info] ExternalForce::RightGRF Data source being set to SRRun01_grf
[info] ExternalForce::LeftGRF Data source being set to SRRun01_grf
[info] Storage: read data file = SRRun01_grf.mot (nr=10005 nc=19)
[info] ExternalForce::RightGRF Data source being set to SRRun01_grf
[info] ExternalForce::LeftGRF Data source being set to SRRun01_grf
[info] Storage: read data file = SRRun01_grf.mot (nr=10005 nc=19)
[info] ExternalForce::RightGRF Data source being set to SRRun01_grf
[info] ExternalForce::LeftGRF Data source being set to SRRun01_grf
[info] Storage: read data file = SRRun01_grf.mot (nr=10005 nc=19)
[info] ExternalForce::RightGRF Data source being set to SRRun01_grf
[info] ExternalForce::LeftGRF Data source being set to SRRun01_grf
[info] Storage: read data file = SRRun01_grf.mot (nr=10005 nc=19)
[info] ExternalForce::RightGRF Data source being set to SRRun01_grf
[info] ExternalForce::LeftGRF Data source being set to SRRun01_grf
[info] Storage: read data file = SRRun01_grf.mot (nr=10005 nc=19)
[info] ExternalForce::RightGRF Data source being set to SRRun01_grf
[info] ExternalForce::LeftGRF Data source being set to SRRun01_grf
[info] Storage: read data file = SRRun01_grf.mot (nr=10005 nc=19)
[info] ExternalForce::RightGRF Data source being set to SRRun01_grf
[info] ExternalForce::LeftGRF Data source being set to SRRun01_grf
[info] Storage: read data file = SRRun01_grf.mot (nr=10005 nc=19)
[info] ExternalForce::RightGRF Data source being set to SRRun01_grf
[info] ExternalForce::LeftGRF Data source being set to SRRun01_grf
[info] Storage: read data file = SRRun01_grf.mot (nr=10005 nc=19)
[info] ExternalForce::RightGRF Data source being set to SRRun01_grf
[info] ExternalForce::LeftGRF Data source being set to SRRun01_grf
[info] Storage: read data file = SRRun01_grf.mot (nr=10005 nc=19)
[info] ExternalForce::RightGRF Data source being set to SRRun01_grf
[info] ExternalForce::LeftGRF Data source being set to SRRun01_grf
[info] Storage: read data file = SRRun01_grf.mot (nr=10005 nc=19)
[info] ExternalForce::RightGRF Data source being set to SRRun01_grf
[info] ExternalForce::LeftGRF Data source being set to SRRun01_grf
[info] Storage: read data file = SRRun01_grf.mot (nr=10005 nc=19)
[info] ExternalForce::RightGRF Data source being set to SRRun01_grf
[info] ExternalForce::LeftGRF Data source being set to SRRun01_grf
[info] Storage: read data file = SRRun01_grf.mot (nr=10005 nc=19)
[info] ExternalForce::RightGRF Data source being set to SRRun01_grf
[info] ExternalForce::LeftGRF Data source being set to SRRun01_grf
[info] Storage: read data file = SRRun01_grf.mot (nr=10005 nc=19)
[info] ExternalForce::RightGRF Data source being set to SRRun01_grf
[info] ExternalForce::LeftGRF Data source being set to SRRun01_grf
[info] Storage: read data file = SRRun01_grf.mot (nr=10005 nc=19)
[info] ExternalForce::RightGRF Data source being set to SRRun01_grf
[info] ExternalForce::LeftGRF Data source being set to SRRun01_grf
[info] Storage: read data file = SRRun01_grf.mot (nr=10005 nc=19)
[info] ExternalForce::RightGRF Data source being set to SRRun01_grf
[info] ExternalForce::LeftGRF Data source being set to SRRun01_grf
[info] Storage: read data file = SRRun01_grf.mot (nr=10005 nc=19)
[info] ExternalForce::RightGRF Data source being set to SRRun01_grf
[info] ExternalForce::LeftGRF Data source being set to SRRun01_grf
[info] Storage: read data file = SRRun01_grf.mot (nr=10005 nc=19)
[info] ExternalForce::RightGRF Data source being set to SRRun01_grf
[info] ExternalForce::LeftGRF Data source being set to SRRun01_grf
[info] Storage: read data file = SRRun01_grf.mot (nr=10005 nc=19)
[info] ExternalForce::RightGRF Data source being set to SRRun01_grf
[info] ExternalForce::LeftGRF Data source being set to SRRun01_grf
[info] Storage: read data file = SRRun01_grf.mot (nr=10005 nc=19)
[info] ExternalForce::RightGRF Data source being set to SRRun01_grf
[info] ExternalForce::LeftGRF Data source being set to SRRun01_grf
[info] Storage: read data file = SRRun01_grf.mot (nr=10005 nc=19)
[info] ExternalForce::RightGRF Data source being set to SRRun01_grf
[info] ExternalForce::LeftGRF Data source being set to SRRun01_grf
[info] Storage: read data file = SRRun01_grf.mot (nr=10005 nc=19)
[info] ExternalForce::RightGRF Data source being set to SRRun01_grf
[info] ExternalForce::LeftGRF Data source being set to SRRun01_grf
[info] Storage: read data file = SRRun01_grf.mot (nr=10005 nc=19)
[info] ExternalForce::RightGRF Data source being set to SRRun01_grf
[info] ExternalForce::LeftGRF Data source being set to SRRun01_grf
[info] Storage: read data file = SRRun01_grf.mot (nr=10005 nc=19)
[info] ExternalForce::RightGRF Data source being set to SRRun01_grf
[info] ExternalForce::LeftGRF Data source being set to SRRun01_grf
[info] Storage: read data file = SRRun01_grf.mot (nr=10005 nc=19)
[info] ExternalForce::RightGRF Data source being set to SRRun01_grf
[info] ExternalForce::LeftGRF Data source being set to SRRun01_grf
[info] Storage: read data file = SRRun01_grf.mot (nr=10005 nc=19)
[info] ExternalForce::RightGRF Data source being set to SRRun01_grf
[info] ExternalForce::LeftGRF Data source being set to SRRun01_grf
[info] Storage: read data file = SRRun01_grf.mot (nr=10005 nc=19)
[info] ExternalForce::RightGRF Data source being set to SRRun01_grf
[info] ExternalForce::LeftGRF Data source being set to SRRun01_grf
[info] Storage: read data file = SRRun01_grf.mot (nr=10005 nc=19)
[info] ExternalForce::RightGRF Data source being set to SRRun01_grf
[info] ExternalForce::LeftGRF Data source being set to SRRun01_grf
[info] Storage: read data file = SRRun01_grf.mot (nr=10005 nc=19)
[info] ExternalForce::RightGRF Data source being set to SRRun01_grf
[info] ExternalForce::LeftGRF Data source being set to SRRun01_grf
[info] Storage: read data file = SRRun01_grf.mot (nr=10005 nc=19)
[info] ExternalForce::RightGRF Data source being set to SRRun01_grf
[info] ExternalForce::LeftGRF Data source being set to SRRun01_grf
[info] Storage: read data file = SRRun01_grf.mot (nr=10005 nc=19)
[info] ExternalForce::RightGRF Data source being set to SRRun01_grf
[info] ExternalForce::LeftGRF Data source being set to SRRun01_grf
[info] Storage: read data file = SRRun01_grf.mot (nr=10005 nc=19)
[info] ExternalForce::RightGRF Data source being set to SRRun01_grf
[info] ExternalForce::LeftGRF Data source being set to SRRun01_grf
[info] Storage: read data file = SRRun01_grf.mot (nr=10005 nc=19)
[info] ExternalForce::RightGRF Data source being set to SRRun01_grf
[info] ExternalForce::LeftGRF Data source being set to SRRun01_grf
[info] Storage: read data file = SRRun01_grf.mot (nr=10005 nc=19)
[info] ExternalForce::RightGRF Data source being set to SRRun01_grf
[info] ExternalForce::LeftGRF Data source being set to SRRun01_grf
[info] Storage: read data file = SRRun01_grf.mot (nr=10005 nc=19)
[info] ExternalForce::RightGRF Data source being set to SRRun01_grf
[info] ExternalForce::LeftGRF Data source being set to SRRun01_grf
[info] Storage: read data file = SRRun01_grf.mot (nr=10005 nc=19)
[info] ExternalForce::RightGRF Data source being set to SRRun01_grf
[info] ExternalForce::LeftGRF Data source being set to SRRun01_grf
[info] Storage: read data file = SRRun01_grf.mot (nr=10005 nc=19)
[info] ExternalForce::RightGRF Data source being set to SRRun01_grf
[info] ExternalForce::LeftGRF Data source being set to SRRun01_grf
[info] Storage: read data file = SRRun01_grf.mot (nr=10005 nc=19)
[info] ExternalForce::RightGRF Data source being set to SRRun01_grf
[info] ExternalForce::LeftGRF Data source being set to SRRun01_grf
[info] Storage: read data file = SRRun01_grf.mot (nr=10005 nc=19)
[info] ExternalForce::RightGRF Data source being set to SRRun01_grf
[info] ExternalForce::LeftGRF Data source being set to SRRun01_grf
[info] Storage: read data file = SRRun01_grf.mot (nr=10005 nc=19)
[info] ExternalForce::RightGRF Data source being set to SRRun01_grf
[info] ExternalForce::LeftGRF Data source being set to SRRun01_grf
[info] Storage: read data file = SRRun01_grf.mot (nr=10005 nc=19)
[info] ExternalForce::RightGRF Data source being set to SRRun01_grf
[info] ExternalForce::LeftGRF Data source being set to SRRun01_grf
[info] Storage: read data file = SRRun01_grf.mot (nr=10005 nc=19)
[info] ExternalForce::RightGRF Data source being set to SRRun01_grf
[info] ExternalForce::LeftGRF Data source being set to SRRun01_grf
[info] Storage: read data file = SRRun01_grf.mot (nr=10005 nc=19)
[info] ExternalForce::RightGRF Data source being set to SRRun01_grf
[info] ExternalForce::LeftGRF Data source being set to SRRun01_grf
[info] Storage: read data file = SRRun01_grf.mot (nr=10005 nc=19)
[info] ExternalForce::RightGRF Data source being set to SRRun01_grf
[info] ExternalForce::LeftGRF Data source being set to SRRun01_grf
[info] Storage: read data file = SRRun01_grf.mot (nr=10005 nc=19)
[info] ExternalForce::RightGRF Data source being set to SRRun01_grf
[info] ExternalForce::LeftGRF Data source being set to SRRun01_grf
[info] Storage: read data file = SRRun01_grf.mot (nr=10005 nc=19)
[info] ExternalForce::RightGRF Data source being set to SRRun01_grf
[info] ExternalForce::LeftGRF Data source being set to SRRun01_grf
[info] Storage: read data file = SRRun01_grf.mot (nr=10005 nc=19)
[info] ExternalForce::RightGRF Data source being set to SRRun01_grf
[info] ExternalForce::LeftGRF Data source being set to SRRun01_grf
[info] Storage: read data file = SRRun01_grf.mot (nr=10005 nc=19)
[info] ExternalForce::RightGRF Data source being set to SRRun01_grf
[info] ExternalForce::LeftGRF Data source being set to SRRun01_grf
[info] Storage: read data file = SRRun01_grf.mot (nr=10005 nc=19)
[info] ExternalForce::RightGRF Data source being set to SRRun01_grf
[info] ExternalForce::LeftGRF Data source being set to SRRun01_grf
[info] Storage: read data file = SRRun01_grf.mot (nr=10005 nc=19)
[info] ExternalForce::RightGRF Data source being set to SRRun01_grf
[info] ExternalForce::LeftGRF Data source being set to SRRun01_grf
[info] Storage: read data file = SRRun01_grf.mot (nr=10005 nc=19)
[info] ExternalForce::RightGRF Data source being set to SRRun01_grf
[info] ExternalForce::LeftGRF Data source being set to SRRun01_grf
[info] Storage: read data file = SRRun01_grf.mot (nr=10005 nc=19)
[info] ExternalForce::RightGRF Data source being set to SRRun01_grf
[info] ExternalForce::LeftGRF Data source being set to SRRun01_grf
[info] Storage: read data file = SRRun01_grf.mot (nr=10005 nc=19)
[info] ExternalForce::RightGRF Data source being set to SRRun01_grf
[info] ExternalForce::LeftGRF Data source being set to SRRun01_grf
[info] Storage: read data file = SRRun01_grf.mot (nr=10005 nc=19)
[info] ExternalForce::RightGRF Data source being set to SRRun01_grf
[info] ExternalForce::LeftGRF Data source being set to SRRun01_grf
[info] Storage: read data file = SRRun01_grf.mot (nr=10005 nc=19)
[info] ExternalForce::RightGRF Data source being set to SRRun01_grf
[info] ExternalForce::LeftGRF Data source being set to SRRun01_grf
[info] Storage: read data file = SRRun01_grf.mot (nr=10005 nc=19)
[info] ExternalForce::RightGRF Data source being set to SRRun01_grf
[info] ExternalForce::LeftGRF Data source being set to SRRun01_grf
[info] Storage: read data file = SRRun01_grf.mot (nr=10005 nc=19)
[info] ExternalForce::RightGRF Data source being set to SRRun01_grf
[info] ExternalForce::LeftGRF Data source being set to SRRun01_grf
[info] Storage: read data file = SRRun01_grf.mot (nr=10005 nc=19)
[info] ExternalForce::RightGRF Data source being set to SRRun01_grf
[info] ExternalForce::LeftGRF Data source being set to SRRun01_grf
[info] Storage: read data file = SRRun01_grf.mot (nr=10005 nc=19)
[info] ExternalForce::RightGRF Data source being set to SRRun01_grf
[info] ExternalForce::LeftGRF Data source being set to SRRun01_grf
[info] Storage: read data file = SRRun01_grf.mot (nr=10005 nc=19)
[info] ExternalForce::RightGRF Data source being set to SRRun01_grf
[info] ExternalForce::LeftGRF Data source being set to SRRun01_grf
[info] Storage: read data file = SRRun01_grf.mot (nr=10005 nc=19)
[info] ExternalForce::RightGRF Data source being set to SRRun01_grf
[info] ExternalForce::LeftGRF Data source being set to SRRun01_grf
[info] Storage: read data file = SRRun01_grf.mot (nr=10005 nc=19)
[info] ExternalForce::RightGRF Data source being set to SRRun01_grf
[info] ExternalForce::LeftGRF Data source being set to SRRun01_grf
[info] Storage: read data file = SRRun01_grf.mot (nr=10005 nc=19)
[info] ExternalForce::RightGRF Data source being set to SRRun01_grf
[info] ExternalForce::LeftGRF Data source being set to SRRun01_grf
[info] Storage: read data file = SRRun01_grf.mot (nr=10005 nc=19)
[info] ExternalForce::RightGRF Data source being set to SRRun01_grf
[info] ExternalForce::LeftGRF Data source being set to SRRun01_grf
[info] Storage: read data file = SRRun01_grf.mot (nr=10005 nc=19)
[info] ExternalForce::RightGRF Data source being set to SRRun01_grf
[info] ExternalForce::LeftGRF Data source being set to SRRun01_grf
[info] Storage: read data file = SRRun01_grf.mot (nr=10005 nc=19)
[info] ExternalForce::RightGRF Data source being set to SRRun01_grf
[info] ExternalForce::LeftGRF Data source being set to SRRun01_grf
[info] Storage: read data file = SRRun01_grf.mot (nr=10005 nc=19)
[info] ExternalForce::RightGRF Data source being set to SRRun01_grf
[info] ExternalForce::LeftGRF Data source being set to SRRun01_grf
[info] Storage: read data file = SRRun01_grf.mot (nr=10005 nc=19)
[info] ExternalForce::RightGRF Data source being set to SRRun01_grf
[info] ExternalForce::LeftGRF Data source being set to SRRun01_grf
[info] Storage: read data file = SRRun01_grf.mot (nr=10005 nc=19)
[info] ExternalForce::RightGRF Data source being set to SRRun01_grf
[info] ExternalForce::LeftGRF Data source being set to SRRun01_grf
[info] Storage: read data file = SRRun01_grf.mot (nr=10005 nc=19)
[info] ExternalForce::RightGRF Data source being set to SRRun01_grf
[info] ExternalForce::LeftGRF Data source being set to SRRun01_grf
[info] Storage: read data file = SRRun01_grf.mot (nr=10005 nc=19)
[info] ExternalForce::RightGRF Data source being set to SRRun01_grf
[info] ExternalForce::LeftGRF Data source being set to SRRun01_grf
[info] Storage: read data file = SRRun01_grf.mot (nr=10005 nc=19)
[info] ExternalForce::RightGRF Data source being set to SRRun01_grf
[info] ExternalForce::LeftGRF Data source being set to SRRun01_grf
[info] Storage: read data file = SRRun01_grf.mot (nr=10005 nc=19)
[info] ExternalForce::RightGRF Data source being set to SRRun01_grf
[info] ExternalForce::LeftGRF Data source being set to SRRun01_grf
[info] Storage: read data file = SRRun01_grf.mot (nr=10005 nc=19)
[info] ExternalForce::RightGRF Data source being set to SRRun01_grf
[info] ExternalForce::LeftGRF Data source being set to SRRun01_grf
[info] Storage: read data file = SRRun01_grf.mot (nr=10005 nc=19)
[info] ExternalForce::RightGRF Data source being set to SRRun01_grf
[info] ExternalForce::LeftGRF Data source being set to SRRun01_grf
[info] Storage: read data file = SRRun01_grf.mot (nr=10005 nc=19)
[info] ExternalForce::RightGRF Data source being set to SRRun01_grf
[info] ExternalForce::LeftGRF Data source being set to SRRun01_grf
[info] Storage: read data file = SRRun01_grf.mot (nr=10005 nc=19)
[info] ExternalForce::RightGRF Data source being set to SRRun01_grf
[info] ExternalForce::LeftGRF Data source being set to SRRun01_grf
[info] Storage: read data file = SRRun01_grf.mot (nr=10005 nc=19)
[info] ExternalForce::RightGRF Data source being set to SRRun01_grf
[info] ExternalForce::LeftGRF Data source being set to SRRun01_grf
[info] Storage: read data file = SRRun01_grf.mot (nr=10005 nc=19)
[info] ExternalForce::RightGRF Data source being set to SRRun01_grf
[info] ExternalForce::LeftGRF Data source being set to SRRun01_grf
[info] Storage: read data file = SRRun01_grf.mot (nr=10005 nc=19)
[info] ExternalForce::RightGRF Data source being set to SRRun01_grf
[info] ExternalForce::LeftGRF Data source being set to SRRun01_grf
[info] Storage: read data file = SRRun01_grf.mot (nr=10005 nc=19)
[info] ExternalForce::RightGRF Data source being set to SRRun01_grf
[info] ExternalForce::LeftGRF Data source being set to SRRun01_grf
[info] Storage: read data file = SRRun01_grf.mot (nr=10005 nc=19)
[info] ExternalForce::RightGRF Data source being set to SRRun01_grf
[info] ExternalForce::LeftGRF Data source being set to SRRun01_grf
[info] Storage: read data file = SRRun01_grf.mot (nr=10005 nc=19)
[info] ExternalForce::RightGRF Data source being set to SRRun01_grf
[info] ExternalForce::LeftGRF Data source being set to SRRun01_grf
[info] Storage: read data file = SRRun01_grf.mot (nr=10005 nc=19)
[info] ExternalForce::RightGRF Data source being set to SRRun01_grf
[info] ExternalForce::LeftGRF Data source being set to SRRun01_grf
[info] Storage: read data file = SRRun01_grf.mot (nr=10005 nc=19)
[info] ExternalForce::RightGRF Data source being set to SRRun01_grf
[info] ExternalForce::LeftGRF Data source being set to SRRun01_grf
[info] Storage: read data file = SRRun01_grf.mot (nr=10005 nc=19)
[info] ExternalForce::RightGRF Data source being set to SRRun01_grf
[info] ExternalForce::LeftGRF Data source being set to SRRun01_grf
[info] Storage: read data file = SRRun01_grf.mot (nr=10005 nc=19)
[info] ExternalForce::RightGRF Data source being set to SRRun01_grf
[info] ExternalForce::LeftGRF Data source being set to SRRun01_grf
[info] Storage: read data file = SRRun01_grf.mot (nr=10005 nc=19)
[info] ExternalForce::RightGRF Data source being set to SRRun01_grf
[info] ExternalForce::LeftGRF Data source being set to SRRun01_grf
[info] Storage: read data file = SRRun01_grf.mot (nr=10005 nc=19)
[info] ExternalForce::RightGRF Data source being set to SRRun01_grf
[info] ExternalForce::LeftGRF Data source being set to SRRun01_grf
[info] Storage: read data file = SRRun01_grf.mot (nr=10005 nc=19)
[info] ExternalForce::RightGRF Data source being set to SRRun01_grf
[info] ExternalForce::LeftGRF Data source being set to SRRun01_grf
[info] Storage: read data file = SRRun01_grf.mot (nr=10005 nc=19)
[info] ExternalForce::RightGRF Data source being set to SRRun01_grf
[info] ExternalForce::LeftGRF Data source being set to SRRun01_grf
[info] Storage: read data file = SRRun01_grf.mot (nr=10005 nc=19)
[info] ExternalForce::RightGRF Data source being set to SRRun01_grf
[info] ExternalForce::LeftGRF Data source being set to SRRun01_grf
[info] Storage: read data file = SRRun01_grf.mot (nr=10005 nc=19)
[info] ExternalForce::RightGRF Data source being set to SRRun01_grf
[info] ExternalForce::LeftGRF Data source being set to SRRun01_grf
[info] Storage: read data file = SRRun01_grf.mot (nr=10005 nc=19)
[info] ExternalForce::RightGRF Data source being set to SRRun01_grf
[info] ExternalForce::LeftGRF Data source being set to SRRun01_grf
[info] Storage: read data file = SRRun01_grf.mot (nr=10005 nc=19)
[info] ExternalForce::RightGRF Data source being set to SRRun01_grf
[info] ExternalForce::LeftGRF Data source being set to SRRun01_grf
[info] Storage: read data file = SRRun01_grf.mot (nr=10005 nc=19)
[info] ExternalForce::RightGRF Data source being set to SRRun01_grf
[info] ExternalForce::LeftGRF Data source being set to SRRun01_grf
[info] Storage: read data file = SRRun01_grf.mot (nr=10005 nc=19)
[info] ExternalForce::RightGRF Data source being set to SRRun01_grf
[info] ExternalForce::LeftGRF Data source being set to SRRun01_grf
[info] Storage: read data file = SRRun01_grf.mot (nr=10005 nc=19)
[info] ExternalForce::RightGRF Data source being set to SRRun01_grf
[info] ExternalForce::LeftGRF Data source being set to SRRun01_grf
[info] Storage: read data file = SRRun01_grf.mot (nr=10005 nc=19)
[info] ExternalForce::RightGRF Data source being set to SRRun01_grf
[info] ExternalForce::LeftGRF Data source being set to SRRun01_grf
[info] Storage: read data file = SRRun01_grf.mot (nr=10005 nc=19)
[info] ExternalForce::RightGRF Data source being set to SRRun01_grf
[info] ExternalForce::LeftGRF Data source being set to SRRun01_grf
[info] Storage: read data file = SRRun01_grf.mot (nr=10005 nc=19)
[info] ExternalForce::RightGRF Data source being set to SRRun01_grf
[info] ExternalForce::LeftGRF Data source being set to SRRun01_grf
[info] Storage: read data file = SRRun01_grf.mot (nr=10005 nc=19)
[info] ExternalForce::RightGRF Data source being set to SRRun01_grf
[info] ExternalForce::LeftGRF Data source being set to SRRun01_grf
[info] Storage: read data file = SRRun01_grf.mot (nr=10005 nc=19)
[info] ExternalForce::RightGRF Data source being set to SRRun01_grf
[info] ExternalForce::LeftGRF Data source being set to SRRun01_grf
[info] Storage: read data file = SRRun01_grf.mot (nr=10005 nc=19)
[info] ExternalForce::RightGRF Data source being set to SRRun01_grf
[info] ExternalForce::LeftGRF Data source being set to SRRun01_grf
[info] Storage: read data file = SRRun01_grf.mot (nr=10005 nc=19)
[info] ExternalForce::RightGRF Data source being set to SRRun01_grf
[info] ExternalForce::LeftGRF Data source being set to SRRun01_grf
[info] Storage: read data file = SRRun01_grf.mot (nr=10005 nc=19)
[info] ExternalForce::RightGRF Data source being set to SRRun01_grf
[info] ExternalForce::LeftGRF Data source being set to SRRun01_grf
[info] Storage: read data file = SRRun01_grf.mot (nr=10005 nc=19)
[info] ExternalForce::RightGRF Data source being set to SRRun01_grf
[info] ExternalForce::LeftGRF Data source being set to SRRun01_grf
[info] Storage: read data file = SRRun01_grf.mot (nr=10005 nc=19)
[info] ExternalForce::RightGRF Data source being set to SRRun01_grf
[info] ExternalForce::LeftGRF Data source being set to SRRun01_grf
[info] Storage: read data file = SRRun01_grf.mot (nr=10005 nc=19)
[info] ExternalForce::RightGRF Data source being set to SRRun01_grf
[info] ExternalForce::LeftGRF Data source being set to SRRun01_grf
[info] Storage: read data file = SRRun01_grf.mot (nr=10005 nc=19)
[info] ExternalForce::RightGRF Data source being set to SRRun01_grf
[info] ExternalForce::LeftGRF Data source being set to SRRun01_grf
[info] Storage: read data file = SRRun01_grf.mot (nr=10005 nc=19)
[info] ExternalForce::RightGRF Data source being set to SRRun01_grf
[info] ExternalForce::LeftGRF Data source being set to SRRun01_grf
[info] Storage: read data file = SRRun01_grf.mot (nr=10005 nc=19)
[info] ExternalForce::RightGRF Data source being set to SRRun01_grf
[info] ExternalForce::LeftGRF Data source being set to SRRun01_grf
[info] Storage: read data file = SRRun01_grf.mot (nr=10005 nc=19)
[info] ExternalForce::RightGRF Data source being set to SRRun01_grf
[info] ExternalForce::LeftGRF Data source being set to SRRun01_grf
[info] Storage: read data file = SRRun01_grf.mot (nr=10005 nc=19)
[info] ExternalForce::RightGRF Data source being set to SRRun01_grf
[info] ExternalForce::LeftGRF Data source being set to SRRun01_grf
[info] Storage: read data file = SRRun01_grf.mot (nr=10005 nc=19)
[info] ExternalForce::RightGRF Data source being set to SRRun01_grf
[info] ExternalForce::LeftGRF Data source being set to SRRun01_grf
[info] Storage: read data file = SRRun01_grf.mot (nr=10005 nc=19)
[info] ExternalForce::RightGRF Data source being set to SRRun01_grf
[info] ExternalForce::LeftGRF Data source being set to SRRun01_grf
[info] Storage: read data file = SRRun01_grf.mot (nr=10005 nc=19)
[info] ExternalForce::RightGRF Data source being set to SRRun01_grf
[info] ExternalForce::LeftGRF Data source being set to SRRun01_grf
[info] Storage: read data file = SRRun01_grf.mot (nr=10005 nc=19)
[info] ExternalForce::RightGRF Data source being set to SRRun01_grf
[info] ExternalForce::LeftGRF Data source being set to SRRun01_grf
[info] Storage: read data file = SRRun01_grf.mot (nr=10005 nc=19)
[info] ExternalForce::RightGRF Data source being set to SRRun01_grf
[info] ExternalForce::LeftGRF Data source being set to SRRun01_grf
[info] Storage: read data file = SRRun01_grf.mot (nr=10005 nc=19)
[info] ExternalForce::RightGRF Data source being set to SRRun01_grf
[info] ExternalForce::LeftGRF Data source being set to SRRun01_grf
[info] Storage: read data file = SRRun01_grf.mot (nr=10005 nc=19)
[info] ExternalForce::RightGRF Data source being set to SRRun01_grf
[info] ExternalForce::LeftGRF Data source being set to SRRun01_grf
[info] Storage: read data file = SRRun01_grf.mot (nr=10005 nc=19)
[info] ExternalForce::RightGRF Data source being set to SRRun01_grf
[info] ExternalForce::LeftGRF Data source being set to SRRun01_grf
[info] Storage: read data file = SRRun01_grf.mot (nr=10005 nc=19)
[info] ExternalForce::RightGRF Data source being set to SRRun01_grf
[info] ExternalForce::LeftGRF Data source being set to SRRun01_grf
[info] Storage: read data file = SRRun01_grf.mot (nr=10005 nc=19)
[info] ExternalForce::RightGRF Data source being set to SRRun01_grf
[info] ExternalForce::LeftGRF Data source being set to SRRun01_grf
[info] Storage: read data file = SRRun01_grf.mot (nr=10005 nc=19)
[info] ExternalForce::RightGRF Data source being set to SRRun01_grf
[info] ExternalForce::LeftGRF Data source being set to SRRun01_grf
[info] Storage: read data file = SRRun01_grf.mot (nr=10005 nc=19)
[info] ExternalForce::RightGRF Data source being set to SRRun01_grf
[info] ExternalForce::LeftGRF Data source being set to SRRun01_grf
[info] Storage: read data file = SRRun01_grf.mot (nr=10005 nc=19)
[info] ExternalForce::RightGRF Data source being set to SRRun01_grf
[info] ExternalForce::LeftGRF Data source being set to SRRun01_grf
[info] Storage: read data file = SRRun01_grf.mot (nr=10005 nc=19)
[info] ExternalForce::RightGRF Data source being set to SRRun01_grf
[info] ExternalForce::LeftGRF Data source being set to SRRun01_grf
[info] Storage: read data file = SRRun01_grf.mot (nr=10005 nc=19)
[info] ExternalForce::RightGRF Data source being set to SRRun01_grf
[info] ExternalForce::LeftGRF Data source being set to SRRun01_grf
[info] Storage: read data file = SRRun01_grf.mot (nr=10005 nc=19)
[info] ExternalForce::RightGRF Data source being set to SRRun01_grf
[info] ExternalForce::LeftGRF Data source being set to SRRun01_grf
[info] Storage: read data file = SRRun01_grf.mot (nr=10005 nc=19)
[info] ExternalForce::RightGRF Data source being set to SRRun01_grf
[info] ExternalForce::LeftGRF Data source being set to SRRun01_grf
[info] Storage: read data file = SRRun01_grf.mot (nr=10005 nc=19)
[info] ExternalForce::RightGRF Data source being set to SRRun01_grf
[info] ExternalForce::LeftGRF Data source being set to SRRun01_grf
[info] Storage: read data file = SRRun01_grf.mot (nr=10005 nc=19)
[info] ExternalForce::RightGRF Data source being set to SRRun01_grf
[info] ExternalForce::LeftGRF Data source being set to SRRun01_grf
[info] Storage: read data file = SRRun01_grf.mot (nr=10005 nc=19)
[info] ExternalForce::RightGRF Data source being set to SRRun01_grf
[info] ExternalForce::LeftGRF Data source being set to SRRun01_grf
[info] Storage: read data file = SRRun01_grf.mot (nr=10005 nc=19)
[info] ExternalForce::RightGRF Data source being set to SRRun01_grf
[info] ExternalForce::LeftGRF Data source being set to SRRun01_grf
[info] Storage: read data file = SRRun01_grf.mot (nr=10005 nc=19)
[info] ExternalForce::RightGRF Data source being set to SRRun01_grf
[info] ExternalForce::LeftGRF Data source being set to SRRun01_grf
[info] Storage: read data file = SRRun01_grf.mot (nr=10005 nc=19)
[info] ExternalForce::RightGRF Data source being set to SRRun01_grf
[info] ExternalForce::LeftGRF Data source being set to SRRun01_grf
[info] Storage: read data file = SRRun01_grf.mot (nr=10005 nc=19)
[info] ExternalForce::RightGRF Data source being set to SRRun01_grf
[info] ExternalForce::LeftGRF Data source being set to SRRun01_grf
[info] Storage: read data file = SRRun01_grf.mot (nr=10005 nc=19)
[info] ExternalForce::RightGRF Data source being set to SRRun01_grf
[info] ExternalForce::LeftGRF Data source being set to SRRun01_grf
[info] Storage: read data file = SRRun01_grf.mot (nr=10005 nc=19)
[info] ExternalForce::RightGRF Data source being set to SRRun01_grf
[info] ExternalForce::LeftGRF Data source being set to SRRun01_grf
[info] Storage: read data file = SRRun01_grf.mot (nr=10005 nc=19)
[info] ExternalForce::RightGRF Data source being set to SRRun01_grf
[info] ExternalForce::LeftGRF Data source being set to SRRun01_grf
[info] Storage: read data file = SRRun01_grf.mot (nr=10005 nc=19)
[info] ExternalForce::RightGRF Data source being set to SRRun01_grf
[info] ExternalForce::LeftGRF Data source being set to SRRun01_grf
[info] Storage: read data file = SRRun01_grf.mot (nr=10005 nc=19)
[info] ExternalForce::RightGRF Data source being set to SRRun01_grf
[info] ExternalForce::LeftGRF Data source being set to SRRun01_grf
[info] Storage: read data file = SRRun01_grf.mot (nr=10005 nc=19)
[info] ExternalForce::RightGRF Data source being set to SRRun01_grf
[info] ExternalForce::LeftGRF Data source being set to SRRun01_grf
[info] Storage: read data file = SRRun01_grf.mot (nr=10005 nc=19)
[info] ExternalForce::RightGRF Data source being set to SRRun01_grf
[info] ExternalForce::LeftGRF Data source being set to SRRun01_grf
[info] Storage: read data file = SRRun01_grf.mot (nr=10005 nc=19)
[info] ExternalForce::RightGRF Data source being set to SRRun01_grf
[info] ExternalForce::LeftGRF Data source being set to SRRun01_grf
[info] Storage: read data file = SRRun01_grf.mot (nr=10005 nc=19)
[info] ExternalForce::RightGRF Data source being set to SRRun01_grf
[info] ExternalForce::LeftGRF Data source being set to SRRun01_grf
[info] Storage: read data file = SRRun01_grf.mot (nr=10005 nc=19)
[info] ExternalForce::RightGRF Data source being set to SRRun01_grf
[info] ExternalForce::LeftGRF Data source being set to SRRun01_grf
[info] Storage: read data file = SRRun01_grf.mot (nr=10005 nc=19)
[info] ExternalForce::RightGRF Data source being set to SRRun01_grf
[info] ExternalForce::LeftGRF Data source being set to SRRun01_grf
[info] Storage: read data file = SRRun01_grf.mot (nr=10005 nc=19)
[info] ExternalForce::RightGRF Data source being set to SRRun01_grf
[info] ExternalForce::LeftGRF Data source being set to SRRun01_grf
[info] Storage: read data file = SRRun01_grf.mot (nr=10005 nc=19)
[info] ExternalForce::RightGRF Data source being set to SRRun01_grf
[info] ExternalForce::LeftGRF Data source being set to SRRun01_grf
[info] Storage: read data file = SRRun01_grf.mot (nr=10005 nc=19)
[info] ExternalForce::RightGRF Data source being set to SRRun01_grf
[info] ExternalForce::LeftGRF Data source being set to SRRun01_grf
[info] Storage: read data file = SRRun01_grf.mot (nr=10005 nc=19)
[info] ExternalForce::RightGRF Data source being set to SRRun01_grf
[info] ExternalForce::LeftGRF Data source being set to SRRun01_grf
[info] Storage: read data file = SRRun01_grf.mot (nr=10005 nc=19)
[info] ExternalForce::RightGRF Data source being set to SRRun01_grf
[info] ExternalForce::LeftGRF Data source being set to SRRun01_grf
[info] Storage: read data file = SRRun01_grf.mot (nr=10005 nc=19)
[info] ExternalForce::RightGRF Data source being set to SRRun01_grf
[info] ExternalForce::LeftGRF Data source being set to SRRun01_grf
[info] Storage: read data file = SRRun01_grf.mot (nr=10005 nc=19)
[info] ExternalForce::RightGRF Data source being set to SRRun01_grf
[info] ExternalForce::LeftGRF Data source being set to SRRun01_grf
[info] Storage: read data file = SRRun01_grf.mot (nr=10005 nc=19)
[info] ExternalForce::RightGRF Data source being set to SRRun01_grf
[info] ExternalForce::LeftGRF Data source being set to SRRun01_grf
[info] Storage: read data file = SRRun01_grf.mot (nr=10005 nc=19)
[info] ExternalForce::RightGRF Data source being set to SRRun01_grf
[info] ExternalForce::LeftGRF Data source being set to SRRun01_grf
[info] Storage: read data file = SRRun01_grf.mot (nr=10005 nc=19)
[info] ExternalForce::RightGRF Data source being set to SRRun01_grf
[info] ExternalForce::LeftGRF Data source being set to SRRun01_grf
[info] Storage: read data file = SRRun01_grf.mot (nr=10005 nc=19)
[info] ExternalForce::RightGRF Data source being set to SRRun01_grf
[info] ExternalForce::LeftGRF Data source being set to SRRun01_grf
[info] Storage: read data file = SRRun01_grf.mot (nr=10005 nc=19)
[info] ExternalForce::RightGRF Data source being set to SRRun01_grf
[info] ExternalForce::LeftGRF Data source being set to SRRun01_grf
[info] Storage: read data file = SRRun01_grf.mot (nr=10005 nc=19)
[info] ExternalForce::RightGRF Data source being set to SRRun01_grf
[info] ExternalForce::LeftGRF Data source being set to SRRun01_grf
[info] Storage: read data file = SRRun01_grf.mot (nr=10005 nc=19)
[info] ExternalForce::RightGRF Data source being set to SRRun01_grf
[info] ExternalForce::LeftGRF Data source being set to SRRun01_grf
[info] Storage: read data file = SRRun01_grf.mot (nr=10005 nc=19)
[info] ExternalForce::RightGRF Data source being set to SRRun01_grf
[info] ExternalForce::LeftGRF Data source being set to SRRun01_grf
[info] Storage: read data file = SRRun01_grf.mot (nr=10005 nc=19)
[info] ExternalForce::RightGRF Data source being set to SRRun01_grf
[info] ExternalForce::LeftGRF Data source being set to SRRun01_grf
[info] Storage: read data file = SRRun01_grf.mot (nr=10005 nc=19)
[info] ExternalForce::RightGRF Data source being set to SRRun01_grf
[info] ExternalForce::LeftGRF Data source being set to SRRun01_grf
[info] Storage: read data file = SRRun01_grf.mot (nr=10005 nc=19)
[info] ExternalForce::RightGRF Data source being set to SRRun01_grf
[info] ExternalForce::LeftGRF Data source being set to SRRun01_grf
[info] Storage: read data file = SRRun01_grf.mot (nr=10005 nc=19)
[info] ExternalForce::RightGRF Data source being set to SRRun01_grf
[info] ExternalForce::LeftGRF Data source being set to SRRun01_grf
[info] Storage: read data file = SRRun01_grf.mot (nr=10005 nc=19)
[info] ExternalForce::RightGRF Data source being set to SRRun01_grf
[info] ExternalForce::LeftGRF Data source being set to SRRun01_grf
[info] Storage: read data file = SRRun01_grf.mot (nr=10005 nc=19)
[info] ExternalForce::RightGRF Data source being set to SRRun01_grf
[info] ExternalForce::LeftGRF Data source being set to SRRun01_grf
[info] Storage: read data file = SRRun01_grf.mot (nr=10005 nc=19)
[info] ExternalForce::RightGRF Data source being set to SRRun01_grf
[info] ExternalForce::LeftGRF Data source being set to SRRun01_grf
[info] Storage: read data file = SRRun01_grf.mot (nr=10005 nc=19)
[info] ExternalForce::RightGRF Data source being set to SRRun01_grf
[info] ExternalForce::LeftGRF Data source being set to SRRun01_grf
[info] Storage: read data file = SRRun01_grf.mot (nr=10005 nc=19)
[info] ExternalForce::RightGRF Data source being set to SRRun01_grf
[info] ExternalForce::LeftGRF Data source being set to SRRun01_grf
[info] Storage: read data file = SRRun01_grf.mot (nr=10005 nc=19)
[info] ExternalForce::RightGRF Data source being set to SRRun01_grf
[info] ExternalForce::LeftGRF Data source being set to SRRun01_grf
[info] Storage: read data file = SRRun01_grf.mot (nr=10005 nc=19)
[info] ExternalForce::RightGRF Data source being set to SRRun01_grf
[info] ExternalForce::LeftGRF Data source being set to SRRun01_grf
[info] Storage: read data file = SRRun01_grf.mot (nr=10005 nc=19)
[info] ExternalForce::RightGRF Data source being set to SRRun01_grf
[info] ExternalForce::LeftGRF Data source being set to SRRun01_grf
[info] Storage: read data file = SRRun01_grf.mot (nr=10005 nc=19)
[info] ExternalForce::RightGRF Data source being set to SRRun01_grf
[info] ExternalForce::LeftGRF Data source being set to SRRun01_grf
[info] Storage: read data file = SRRun01_grf.mot (nr=10005 nc=19)
[info] ExternalForce::RightGRF Data source being set to SRRun01_grf
[info] ExternalForce::LeftGRF Data source being set to SRRun01_grf
[info] Storage: read data file = SRRun01_grf.mot (nr=10005 nc=19)
[info] ExternalForce::RightGRF Data source being set to SRRun01_grf
[info] ExternalForce::LeftGRF Data source being set to SRRun01_grf
[info] Storage: read data file = SRRun01_grf.mot (nr=10005 nc=19)
[info] ExternalForce::RightGRF Data source being set to SRRun01_grf
[info] ExternalForce::LeftGRF Data source being set to SRRun01_grf
[info] Storage: read data file = SRRun01_grf.mot (nr=10005 nc=19)
[info] ExternalForce::RightGRF Data source being set to SRRun01_grf
[info] ExternalForce::LeftGRF Data source being set to SRRun01_grf
[info] Storage: read data file = SRRun01_grf.mot (nr=10005 nc=19)
[info] ExternalForce::RightGRF Data source being set to SRRun01_grf
[info] ExternalForce::LeftGRF Data source being set to SRRun01_grf
[info] Storage: read data file = SRRun01_grf.mot (nr=10005 nc=19)
[info] ExternalForce::RightGRF Data source being set to SRRun01_grf
[info] ExternalForce::LeftGRF Data source being set to SRRun01_grf
[info] Storage: read data file = SRRun01_grf.mot (nr=10005 nc=19)
[info] ExternalForce::RightGRF Data source being set to SRRun01_grf
[info] ExternalForce::LeftGRF Data source being set to SRRun01_grf
[info] Storage: read data file = SRRun01_grf.mot (nr=10005 nc=19)
[info] ExternalForce::RightGRF Data source being set to SRRun01_grf
[info] ExternalForce::LeftGRF Data source being set to SRRun01_grf
[info] Storage: read data file = SRRun01_grf.mot (nr=10005 nc=19)
[info] ExternalForce::RightGRF Data source being set to SRRun01_grf
[info] ExternalForce::LeftGRF Data source being set to SRRun01_grf
[info] Storage: read data file = SRRun01_grf.mot (nr=10005 nc=19)
[info] ExternalForce::RightGRF Data source being set to SRRun01_grf
[info] ExternalForce::LeftGRF Data source being set to SRRun01_grf
[info] Storage: read data file = SRRun01_grf.mot (nr=10005 nc=19)
[info] ExternalForce::RightGRF Data source being set to SRRun01_grf
[info] ExternalForce::LeftGRF Data source being set to SRRun01_grf
[info] Storage: read data file = SRRun01_grf.mot (nr=10005 nc=19)
[info] ExternalForce::RightGRF Data source being set to SRRun01_grf
[info] ExternalForce::LeftGRF Data source being set to SRRun01_grf
[info] Storage: read data file = SRRun01_grf.mot (nr=10005 nc=19)
[info] ExternalForce::RightGRF Data source being set to SRRun01_grf
[info] ExternalForce::LeftGRF Data source being set to SRRun01_grf
[info] Storage: read data file = SRRun01_grf.mot (nr=10005 nc=19)
[info] ExternalForce::RightGRF Data source being set to SRRun01_grf
[info] ExternalForce::LeftGRF Data source being set to SRRun01_grf
[info] Storage: read data file = SRRun01_grf.mot (nr=10005 nc=19)
[info] ExternalForce::RightGRF Data source being set to SRRun01_grf
[info] ExternalForce::LeftGRF Data source being set to SRRun01_grf
[info] Storage: read data file = SRRun01_grf.mot (nr=10005 nc=19)
[info] ExternalForce::RightGRF Data source being set to SRRun01_grf
[info] ExternalForce::LeftGRF Data source being set to SRRun01_grf
[info] Storage: read data file = SRRun01_grf.mot (nr=10005 nc=19)
[info] ExternalForce::RightGRF Data source being set to SRRun01_grf
[info] ExternalForce::LeftGRF Data source being set to SRRun01_grf
[info] Storage: read data file = SRRun01_grf.mot (nr=10005 nc=19)
[info] ExternalForce::RightGRF Data source being set to SRRun01_grf
[info] ExternalForce::LeftGRF Data source being set to SRRun01_grf
[info] Storage: read data file = SRRun01_grf.mot (nr=10005 nc=19)
[info] ExternalForce::RightGRF Data source being set to SRRun01_grf
[info] ExternalForce::LeftGRF Data source being set to SRRun01_grf
[info] Storage: read data file = SRRun01_grf.mot (nr=10005 nc=19)
[info] ExternalForce::RightGRF Data source being set to SRRun01_grf
[info] ExternalForce::LeftGRF Data source being set to SRRun01_grf
[info] Storage: read data file = SRRun01_grf.mot (nr=10005 nc=19)
[info] ExternalForce::RightGRF Data source being set to SRRun01_grf
[info] ExternalForce::LeftGRF Data source being set to SRRun01_grf
[info] Storage: read data file = SRRun01_grf.mot (nr=10005 nc=19)
[info] ExternalForce::RightGRF Data source being set to SRRun01_grf
[info] ExternalForce::LeftGRF Data source being set to SRRun01_grf
[info] Storage: read data file = SRRun01_grf.mot (nr=10005 nc=19)
[info] ExternalForce::RightGRF Data source being set to SRRun01_grf
[info] ExternalForce::LeftGRF Data source being set to SRRun01_grf
[info] Storage: read data file = SRRun01_grf.mot (nr=10005 nc=19)
[info] ExternalForce::RightGRF Data source being set to SRRun01_grf
[info] ExternalForce::LeftGRF Data source being set to SRRun01_grf
[info] Storage: read data file = SRRun01_grf.mot (nr=10005 nc=19)
[info] ExternalForce::RightGRF Data source being set to SRRun01_grf
[info] ExternalForce::LeftGRF Data source being set to SRRun01_grf
[info] Storage: read data file = SRRun01_grf.mot (nr=10005 nc=19)
[info] ExternalForce::RightGRF Data source being set to SRRun01_grf
[info] ExternalForce::LeftGRF Data source being set to SRRun01_grf
[info] Storage: read data file = SRRun01_grf.mot (nr=10005 nc=19)
[info] ExternalForce::RightGRF Data source being set to SRRun01_grf
[info] ExternalForce::LeftGRF Data source being set to SRRun01_grf
[info] Storage: read data file = SRRun01_grf.mot (nr=10005 nc=19)
[info] ExternalForce::RightGRF Data source being set to SRRun01_grf
[info] ExternalForce::LeftGRF Data source being set to SRRun01_grf
[info] Storage: read data file = SRRun01_grf.mot (nr=10005 nc=19)
[info] ExternalForce::RightGRF Data source being set to SRRun01_grf
[info] ExternalForce::LeftGRF Data source being set to SRRun01_grf
[info] Storage: read data file = SRRun01_grf.mot (nr=10005 nc=19)
[info] ExternalForce::RightGRF Data source being set to SRRun01_grf
[info] ExternalForce::LeftGRF Data source being set to SRRun01_grf
[info] Storage: read data file = SRRun01_grf.mot (nr=10005 nc=19)
[info] ExternalForce::RightGRF Data source being set to SRRun01_grf
[info] ExternalForce::LeftGRF Data source being set to SRRun01_grf
[info] Storage: read data file = SRRun01_grf.mot (nr=10005 nc=19)
[info] ExternalForce::RightGRF Data source being set to SRRun01_grf
[info] ExternalForce::LeftGRF Data source being set to SRRun01_grf
[info] Storage: read data file = SRRun01_grf.mot (nr=10005 nc=19)
[info] ExternalForce::RightGRF Data source being set to SRRun01_grf
[info] ExternalForce::LeftGRF Data source being set to SRRun01_grf
[info] Storage: read data file = SRRun01_grf.mot (nr=10005 nc=19)
[info] ExternalForce::RightGRF Data source being set to SRRun01_grf
[info] ExternalForce::LeftGRF Data source being set to SRRun01_grf
[info] Storage: read data file = SRRun01_grf.mot (nr=10005 nc=19)
[info] ExternalForce::RightGRF Data source being set to SRRun01_grf
[info] ExternalForce::LeftGRF Data source being set to SRRun01_grf
[info] Storage: read data file = SRRun01_grf.mot (nr=10005 nc=19)
[info] ExternalForce::RightGRF Data source being set to SRRun01_grf
[info] ExternalForce::LeftGRF Data source being set to SRRun01_grf
[info] ========================================================================
[info] MocoCasADiSolver starting.
[info] Tue Jun  2 19:48:00 2026
[info] ------------------------------------------------------------------------
[info] Costs: (total: 2)
[info]   marker_tracking. MocoMarkerTrackingGoal, enabled: true, mode: cost, weight: 10
[info]         allow unused references: 
[info]         tracked marker(s):
[info]             C7, weight: 1
[info]             T10, weight: 1
[info]             CLAV, weight: 1
[info]             LSHO, weight: 1
[info]             RSHO, weight: 1
[info]             LASIS, weight: 5
[info]             RASIS, weight: 5
[info]             LPSIS, weight: 5
[info]             RPSIS, weight: 5
[info]             LILCR, weight: 2.5
[info]             RILCR, weight: 2.5
[info]             LGTR, weight: 1
[info]             LTHI, weight: 5
[info]             LLTHI, weight: 5
[info]             LLEP, weight: 1
[info]             LPSH, weight: 5
[info]             LLSH, weight: 5
[info]             LDSH, weight: 5
[info]             LLMAL, weight: 1
[info]             LTOE, weight: 10
[info]             L5TH, weight: 10
[info]             LHEE, weight: 5
[info]             RGTR, weight: 1
[info]             RTHI, weight: 5
[info]             RLTHI, weight: 5
[info]             RLEP, weight: 1
[info]             RPSH, weight: 5
[info]             RLSH, weight: 5
[info]             RDSH, weight: 5
[info]             RLMAL, weight: 1
[info]             RTOE, weight: 10
[info]             R5TH, weight: 10
[info]             RHEE, weight: 5
[info]   control_effort. MocoControlGoal, enabled: true, mode: cost, weight: 1
[info]         control: /forceset/addbrev_r, weight: 1
[info]         control: /forceset/addlong_r, weight: 1
[info]         control: /forceset/addmagDist_r, weight: 1
[info]         control: /forceset/addmagIsch_r, weight: 1
[info]         control: /forceset/addmagMid_r, weight: 1
[info]         control: /forceset/addmagProx_r, weight: 1
[info]         control: /forceset/bflh_r, weight: 1
[info]         control: /forceset/bfsh_r, weight: 1
[info]         control: /forceset/edl_r, weight: 1
[info]         control: /forceset/ehl_r, weight: 1
[info]         control: /forceset/fdl_r, weight: 1
[info]         control: /forceset/fhl_r, weight: 1
[info]         control: /forceset/gaslat_r, weight: 1
[info]         control: /forceset/gasmed_r, weight: 1
[info]         control: /forceset/glmax1_r, weight: 1
[info]         control: /forceset/glmax2_r, weight: 1
[info]         control: /forceset/glmax3_r, weight: 1
[info]         control: /forceset/glmed1_r, weight: 1
[info]         control: /forceset/glmed2_r, weight: 1
[info]         control: /forceset/glmed3_r, weight: 1
[info]         control: /forceset/glmin1_r, weight: 1
[info]         control: /forceset/glmin2_r, weight: 1
[info]         control: /forceset/glmin3_r, weight: 1
[info]         control: /forceset/grac_r, weight: 1
[info]         control: /forceset/iliacus_r, weight: 1
[info]         control: /forceset/perbrev_r, weight: 1
[info]         control: /forceset/perlong_r, weight: 1
[info]         control: /forceset/piri_r, weight: 1
[info]         control: /forceset/psoas_r, weight: 1
[info]         control: /forceset/recfem_r, weight: 1
[info]         control: /forceset/sart_r, weight: 1
[info]         control: /forceset/semimem_r, weight: 1
[info]         control: /forceset/semiten_r, weight: 1
[info]         control: /forceset/soleus_r, weight: 1
[info]         control: /forceset/tfl_r, weight: 1
[info]         control: /forceset/tibant_r, weight: 1
[info]         control: /forceset/tibpost_r, weight: 1
[info]         control: /forceset/vasint_r, weight: 1
[info]         control: /forceset/vaslat_r, weight: 1
[info]         control: /forceset/vasmed_r, weight: 1
[info]         control: /forceset/pelvis_tx_residual, weight: 10
[info]         control: /forceset/pelvis_ty_residual, weight: 10
[info]         control: /forceset/pelvis_tz_residual, weight: 10
[info]         control: /forceset/pelvis_tilt_residual, weight: 10
[info]         control: /forceset/pelvis_list_residual, weight: 10
[info]         control: /forceset/pelvis_rotation_residual, weight: 10
[info]         control: /forceset/hip_flexion_r_reserve, weight: 5
[info]         control: /forceset/hip_adduction_r_reserve, weight: 5
[info]         control: /forceset/hip_rotation_r_reserve, weight: 5
[info]         control: /forceset/knee_angle_r_reserve, weight: 5
[info]         control: /forceset/ankle_angle_r_reserve, weight: 5
[info]         control: /forceset/subtalar_angle_r_reserve, weight: 5
[info]         control: /forceset/hip_flexion_l_torque, weight: 0.01
[info]         control: /forceset/hip_adduction_l_torque, weight: 0.01
[info]         control: /forceset/hip_rotation_l_torque, weight: 0.01
[info]         control: /forceset/knee_angle_l_torque, weight: 0.01
[info]         control: /forceset/ankle_angle_l_torque, weight: 0.01
[info]         control: /forceset/subtalar_angle_l_torque, weight: 0.01
[info] Endpoint constraints: (total: 1)
[info]   initial_activation. MocoInitialActivationGoal, enabled: true, mode: endpoint_constraint
[info] Kinematic constraints: (total: 2)
[info]   kinematic_constraint_cid20. MocoConstraintInfo. number of scalar equations: 3. bounds: 0, 0, 0
[info]   kinematic_constraint_cid21. MocoConstraintInfo. number of scalar equations: 3. bounds: 0, 0, 0
[info] Path constraints: none
[info] States: (total: 80)
[info]   /jointset/subtalar_l/subtalar_angle_l/speed. bounds: [-50, 50]
[info]   /jointset/patellofemoral_l/knee_angle_l_beta/speed. bounds: [-50, 50]
[info]   /jointset/walker_knee_l/knee_angle_l/speed. bounds: [-50, 50]
[info]   /jointset/hip_l/hip_adduction_l/speed. bounds: [-50, 50]
[info]   /jointset/hip_l/hip_flexion_l/speed. bounds: [-50, 50]
[info]   /jointset/subtalar_r/subtalar_angle_r/speed. bounds: [-50, 50]
[info]   /jointset/ankle_r/ankle_angle_r/speed. bounds: [-50, 50]
[info]   /jointset/patellofemoral_r/knee_angle_r_beta/speed. bounds: [-50, 50]
[info]   /jointset/patellofemoral_l/knee_angle_l_beta/value. bounds: [-99999.9, 99999.9]
[info]   /jointset/patellofemoral_r/knee_angle_r_beta/value. bounds: [-99999.9, 99999.9]
[info]   /jointset/ground_pelvis/pelvis_tx/speed. bounds: [-50, 50]
[info]   /jointset/ground_pelvis/pelvis_rotation/speed. bounds: [-50, 50]
[info]   /jointset/subtalar_l/subtalar_angle_l/value. bounds: [-0.633882, 0.0211196] initial: [-0.633882, -0.446739]
[info]   /jointset/ground_pelvis/pelvis_ty/speed. bounds: [-50, 50]
[info]   /jointset/ground_pelvis/pelvis_tilt/speed. bounds: [-50, 50]
[info]   /jointset/ankle_l/ankle_angle_l/value. bounds: [-0.698132, 0.530599] initial: [-0.399267, -0.0169997]
[info]   /jointset/hip_r/hip_adduction_r/speed. bounds: [-50, 50]
[info]   /jointset/hip_l/hip_rotation_l/value. bounds: [-0.213445, 0.12415] initial: [-0.0167497, 0.0797061]
[info]   /jointset/hip_l/hip_flexion_l/value. bounds: [-0.462162, 0.83945] initial: [0.464341, 0.83623]
[info]   /jointset/subtalar_r/subtalar_angle_r/value. bounds: [-0.698132, 0.21294] initial: [-0.208085, 0.0743457]
[info]   /jointset/ground_pelvis/pelvis_tz/speed. bounds: [-50, 50]
[info]   /jointset/hip_r/hip_rotation_r/value. bounds: [-0.353075, 0.0467655] initial: [-0.117633, -0.0033927]
[info]   /jointset/ground_pelvis/pelvis_tz/value. bounds: [-0.379851, -0.318816] initial: [-0.368357, -0.350918]
[info]   /jointset/ground_pelvis/pelvis_rotation/value. bounds: [-0.140541, 0.132077] initial: [-0.140489, -0.062598]
[info]   /jointset/walker_knee_l/knee_angle_l/value. bounds: [0, 1.9507] initial: [0.610789, 1.20976]
[info]   /jointset/ground_pelvis/pelvis_list/value. bounds: [-0.166225, 0.17518] initial: [-0.0176506, 0.0798939]
[info]   /jointset/ground_pelvis/pelvis_tilt/value. bounds: [-0.17847, 0.0116246] initial: [-0.14537, -0.0910575]
[info]   /forceset/vasmed_r/activation. bounds: [0.01, 1]
[info]   /forceset/vaslat_r/activation. bounds: [0.01, 1]
[info]   /forceset/vasint_r/activation. bounds: [0.01, 1]
[info]   /forceset/soleus_r/activation. bounds: [0.01, 1]
[info]   /jointset/ground_pelvis/pelvis_ty/value. bounds: [0.945936, 1.06006] initial: [1.00323, 1.03583]
[info]   /forceset/semiten_r/activation. bounds: [0.01, 1]
[info]   /forceset/semimem_r/activation. bounds: [0.01, 1]
[info]   /jointset/ground_pelvis/pelvis_list/speed. bounds: [-50, 50]
[info]   /forceset/recfem_r/activation. bounds: [0.01, 1]
[info]   /jointset/ankle_r/ankle_angle_r/value. bounds: [-0.698132, 0.585604] initial: [-0.21465, 0.177872]
[info]   /forceset/psoas_r/activation. bounds: [0.01, 1]
[info]   /jointset/walker_knee_r/knee_angle_r/speed. bounds: [-50, 50]
[info]   /jointset/hip_l/hip_adduction_l/value. bounds: [-0.331382, 0.287715] initial: [-0.12231, 0.0545745]
[info]   /forceset/tibpost_r/activation. bounds: [0.01, 1]
[info]   /forceset/perlong_r/activation. bounds: [0.01, 1]
[info]   /forceset/perbrev_r/activation. bounds: [0.01, 1]
[info]   /jointset/hip_r/hip_rotation_r/speed. bounds: [-50, 50]
[info]   /jointset/hip_r/hip_flexion_r/speed. bounds: [-50, 50]
[info]   /forceset/iliacus_r/activation. bounds: [0.01, 1]
[info]   /forceset/sart_r/activation. bounds: [0.01, 1]
[info]   /forceset/grac_r/activation. bounds: [0.01, 1]
[info]   /forceset/glmin3_r/activation. bounds: [0.01, 1]
[info]   /jointset/ankle_l/ankle_angle_l/speed. bounds: [-50, 50]
[info]   /forceset/glmin2_r/activation. bounds: [0.01, 1]
[info]   /jointset/walker_knee_r/knee_angle_r/value. bounds: [0, 1.84524] initial: [0, 0.495069]
[info]   /forceset/glmin1_r/activation. bounds: [0.01, 1]
[info]   /forceset/glmed3_r/activation. bounds: [0.01, 1]
[info]   /forceset/glmed1_r/activation. bounds: [0.01, 1]
[info]   /forceset/piri_r/activation. bounds: [0.01, 1]
[info]   /forceset/glmax3_r/activation. bounds: [0.01, 1]
[info]   /forceset/glmax2_r/activation. bounds: [0.01, 1]
[info]   /forceset/tfl_r/activation. bounds: [0.01, 1]
[info]   /forceset/glmax1_r/activation. bounds: [0.01, 1]
[info]   /forceset/gasmed_r/activation. bounds: [0.01, 1]
[info]   /forceset/gaslat_r/activation. bounds: [0.01, 1]
[info]   /forceset/fhl_r/activation. bounds: [0.01, 1]
[info]   /forceset/fdl_r/activation. bounds: [0.01, 1]
[info]   /forceset/ehl_r/activation. bounds: [0.01, 1]
[info]   /forceset/tibant_r/activation. bounds: [0.01, 1]
[info]   /forceset/edl_r/activation. bounds: [0.01, 1]
[info]   /jointset/hip_r/hip_flexion_r/value. bounds: [-0.523599, 0.817895] initial: [-0.389418, -0.00304979]
[info]   /jointset/ground_pelvis/pelvis_tx/value. bounds: [0.934088, 0.988269] initial: [0.942526, 0.958006]
[info]   /forceset/bfsh_r/activation. bounds: [0.01, 1]
[info]   /forceset/bflh_r/activation. bounds: [0.01, 1]
[info]   /forceset/addmagProx_r/activation. bounds: [0.01, 1]
[info]   /jointset/hip_l/hip_rotation_l/speed. bounds: [-50, 50]
[info]   /jointset/hip_r/hip_adduction_r/value. bounds: [-0.390735, 0.271405] initial: [-0.0983397, 0.0908431]
[info]   /forceset/addmagMid_r/activation. bounds: [0.01, 1]
[info]   /forceset/glmed2_r/activation. bounds: [0.01, 1]
[info]   /forceset/addmagIsch_r/activation. bounds: [0.01, 1]
[info]   /forceset/addmagDist_r/activation. bounds: [0.01, 1]
[info]   /forceset/addlong_r/activation. bounds: [0.01, 1]
[info]   /forceset/addbrev_r/activation. bounds: [0.01, 1]
[info] Controls: (total: 58)
[info]   /forceset/subtalar_angle_l_torque. bounds: [-inf, inf]
[info]   /forceset/ankle_angle_l_torque. bounds: [-inf, inf]
[info]   /forceset/knee_angle_l_torque. bounds: [-inf, inf]
[info]   /forceset/hip_rotation_l_torque. bounds: [-inf, inf]
[info]   /forceset/subtalar_angle_r_reserve. bounds: [-inf, inf]
[info]   /forceset/hip_rotation_r_reserve. bounds: [-inf, inf]
[info]   /forceset/knee_angle_r_reserve. bounds: [-inf, inf]
[info]   /forceset/pelvis_rotation_residual. bounds: [-inf, inf]
[info]   /forceset/pelvis_list_residual. bounds: [-inf, inf]
[info]   /forceset/pelvis_tz_residual. bounds: [-inf, inf]
[info]   /forceset/pelvis_tx_residual. bounds: [-inf, inf]
[info]   /forceset/psoas_r. bounds: [0.001, 1]
[info]   /forceset/perlong_r. bounds: [0.001, 1]
[info]   /forceset/glmed3_r. bounds: [0.001, 1]
[info]   /forceset/perbrev_r. bounds: [0.001, 1]
[info]   /forceset/iliacus_r. bounds: [0.001, 1]
[info]   /forceset/grac_r. bounds: [0.001, 1]
[info]   /forceset/vasint_r. bounds: [0.001, 1]
[info]   /forceset/hip_flexion_l_torque. bounds: [-inf, inf]
[info]   /forceset/glmin3_r. bounds: [0.001, 1]
[info]   /forceset/bfsh_r. bounds: [0.001, 1]
[info]   /forceset/glmin2_r. bounds: [0.001, 1]
[info]   /forceset/glmax3_r. bounds: [0.001, 1]
[info]   /forceset/ankle_angle_r_reserve. bounds: [-inf, inf]
[info]   /forceset/glmin1_r. bounds: [0.001, 1]
[info]   /forceset/glmed2_r. bounds: [0.001, 1]
[info]   /forceset/fhl_r. bounds: [0.001, 1]
[info]   /forceset/piri_r. bounds: [0.001, 1]
[info]   /forceset/addlong_r. bounds: [0.001, 1]
[info]   /forceset/addmagProx_r. bounds: [0.001, 1]
[info]   /forceset/gaslat_r. bounds: [0.001, 1]
[info]   /forceset/addmagDist_r. bounds: [0.001, 1]
[info]   /forceset/pelvis_tilt_residual. bounds: [-inf, inf]
[info]   /forceset/glmax1_r. bounds: [0.001, 1]
[info]   /forceset/edl_r. bounds: [0.001, 1]
[info]   /forceset/hip_adduction_l_torque. bounds: [-inf, inf]
[info]   /forceset/addmagIsch_r. bounds: [0.001, 1]
[info]   /forceset/bflh_r. bounds: [0.001, 1]
[info]   /forceset/pelvis_ty_residual. bounds: [-inf, inf]
[info]   /forceset/addmagMid_r. bounds: [0.001, 1]
[info]   /forceset/hip_adduction_r_reserve. bounds: [-inf, inf]
[info]   /forceset/hip_flexion_r_reserve. bounds: [-inf, inf]
[info]   /forceset/gasmed_r. bounds: [0.001, 1]
[info]   /forceset/ehl_r. bounds: [0.001, 1]
[info]   /forceset/glmed1_r. bounds: [0.001, 1]
[info]   /forceset/glmax2_r. bounds: [0.001, 1]
[info]   /forceset/vasmed_r. bounds: [0.001, 1]
[info]   /forceset/addbrev_r. bounds: [0.001, 1]
[info]   /forceset/semiten_r. bounds: [0.001, 1]
[info]   /forceset/fdl_r. bounds: [0.001, 1]
[info]   /forceset/recfem_r. bounds: [0.001, 1]
[info]   /forceset/tibpost_r. bounds: [0.001, 1]
[info]   /forceset/sart_r. bounds: [0.001, 1]
[info]   /forceset/semimem_r. bounds: [0.001, 1]
[info]   /forceset/soleus_r. bounds: [0.001, 1]
[info]   /forceset/tfl_r. bounds: [0.001, 1]
[info]   /forceset/tibant_r. bounds: [0.001, 1]
[info]   /forceset/vaslat_r. bounds: [0.001, 1]
[info] Input controls: none
[info] Parameters: none
[info] Storage: read data file = SRRun01_grf.mot (nr=10005 nc=19)
[info] ExternalForce::RightGRF Data source being set to SRRun01_grf
[info] ExternalForce::LeftGRF Data source being set to SRRun01_grf
[info] Storage: read data file = SRRun01_grf.mot (nr=10005 nc=19)
[info] ExternalForce::RightGRF Data source being set to SRRun01_grf
[info] ExternalForce::LeftGRF Data source being set to SRRun01_grf
[info] Storage: read data file = SRRun01_grf.mot (nr=10005 nc=19)
[info] ExternalForce::RightGRF Data source being set to SRRun01_grf
[info] ExternalForce::LeftGRF Data source being set to SRRun01_grf
[info] Storage: read data file = SRRun01_grf.mot (nr=10005 nc=19)
[info] ExternalForce::RightGRF Data source being set to SRRun01_grf
[info] ExternalForce::LeftGRF Data source being set to SRRun01_grf
[info] Storage: read data file = SRRun01_grf.mot (nr=10005 nc=19)
[info] ExternalForce::RightGRF Data source being set to SRRun01_grf
[info] ExternalForce::LeftGRF Data source being set to SRRun01_grf
[info] Storage: read data file = SRRun01_grf.mot (nr=10005 nc=19)
[info] ExternalForce::RightGRF Data source being set to SRRun01_grf
[info] ExternalForce::LeftGRF Data source being set to SRRun01_grf
[info] Storage: read data file = SRRun01_grf.mot (nr=10005 nc=19)
[info] ExternalForce::RightGRF Data source being set to SRRun01_grf
[info] ExternalForce::LeftGRF Data source being set to SRRun01_grf
[info] Storage: read data file = SRRun01_grf.mot (nr=10005 nc=19)
[info] ExternalForce::RightGRF Data source being set to SRRun01_grf
[info] ExternalForce::LeftGRF Data source being set to SRRun01_grf
[info] Storage: read data file = SRRun01_grf.mot (nr=10005 nc=19)
[info] ExternalForce::RightGRF Data source being set to SRRun01_grf
[info] ExternalForce::LeftGRF Data source being set to SRRun01_grf
[info] Storage: read data file = SRRun01_grf.mot (nr=10005 nc=19)
[info] ExternalForce::RightGRF Data source being set to SRRun01_grf
[info] ExternalForce::LeftGRF Data source being set to SRRun01_grf
[info] Storage: read data file = SRRun01_grf.mot (nr=10005 nc=19)
[info] ExternalForce::RightGRF Data source being set to SRRun01_grf
[info] ExternalForce::LeftGRF Data source being set to SRRun01_grf
[info] Storage: read data file = SRRun01_grf.mot (nr=10005 nc=19)
[info] ExternalForce::RightGRF Data source being set to SRRun01_grf
[info] ExternalForce::LeftGRF Data source being set to SRRun01_grf
[info] Storage: read data file = SRRun01_grf.mot (nr=10005 nc=19)
[info] ExternalForce::RightGRF Data source being set to SRRun01_grf
[info] ExternalForce::LeftGRF Data source being set to SRRun01_grf
[info] Storage: read data file = SRRun01_grf.mot (nr=10005 nc=19)
[info] ExternalForce::RightGRF Data source being set to SRRun01_grf
[info] ExternalForce::LeftGRF Data source being set to SRRun01_grf
[info] Storage: read data file = SRRun01_grf.mot (nr=10005 nc=19)
[info] ExternalForce::RightGRF Data source being set to SRRun01_grf
[info] ExternalForce::LeftGRF Data source being set to SRRun01_grf
[info] Storage: read data file = SRRun01_grf.mot (nr=10005 nc=19)
[info] ExternalForce::RightGRF Data source being set to SRRun01_grf
[info] ExternalForce::LeftGRF Data source being set to SRRun01_grf
[info] Storage: read data file = SRRun01_grf.mot (nr=10005 nc=19)
[info] ExternalForce::RightGRF Data source being set to SRRun01_grf
[info] ExternalForce::LeftGRF Data source being set to SRRun01_grf
[info] Storage: read data file = SRRun01_grf.mot (nr=10005 nc=19)
[info] ExternalForce::RightGRF Data source being set to SRRun01_grf
[info] ExternalForce::LeftGRF Data source being set to SRRun01_grf
[info] Storage: read data file = SRRun01_grf.mot (nr=10005 nc=19)
[info] ExternalForce::RightGRF Data source being set to SRRun01_grf
[info] ExternalForce::LeftGRF Data source being set to SRRun01_grf
[info] Storage: read data file = SRRun01_grf.mot (nr=10005 nc=19)
[info] ExternalForce::RightGRF Data source being set to SRRun01_grf
[info] ExternalForce::LeftGRF Data source being set to SRRun01_grf
[info] Storage: read data file = SRRun01_grf.mot (nr=10005 nc=19)
[info] ExternalForce::RightGRF Data source being set to SRRun01_grf
[info] ExternalForce::LeftGRF Data source being set to SRRun01_grf
[info] Storage: read data file = SRRun01_grf.mot (nr=10005 nc=19)
[info] ExternalForce::RightGRF Data source being set to SRRun01_grf
[info] ExternalForce::LeftGRF Data source being set to SRRun01_grf
[info] Storage: read data file = SRRun01_grf.mot (nr=10005 nc=19)
[info] ExternalForce::RightGRF Data source being set to SRRun01_grf
[info] ExternalForce::LeftGRF Data source being set to SRRun01_grf
[info] Storage: read data file = SRRun01_grf.mot (nr=10005 nc=19)
[info] ExternalForce::RightGRF Data source being set to SRRun01_grf
[info] ExternalForce::LeftGRF Data source being set to SRRun01_grf
[info] Storage: read data file = SRRun01_grf.mot (nr=10005 nc=19)
[info] ExternalForce::RightGRF Data source being set to SRRun01_grf
[info] ExternalForce::LeftGRF Data source being set to SRRun01_grf
[info] Storage: read data file = SRRun01_grf.mot (nr=10005 nc=19)
[info] ExternalForce::RightGRF Data source being set to SRRun01_grf
[info] ExternalForce::LeftGRF Data source being set to SRRun01_grf
[info] Storage: read data file = SRRun01_grf.mot (nr=10005 nc=19)
[info] ExternalForce::RightGRF Data source being set to SRRun01_grf
[info] ExternalForce::LeftGRF Data source being set to SRRun01_grf
[info] Storage: read data file = SRRun01_grf.mot (nr=10005 nc=19)
[info] ExternalForce::RightGRF Data source being set to SRRun01_grf
[info] ExternalForce::LeftGRF Data source being set to SRRun01_grf
[info] Storage: read data file = SRRun01_grf.mot (nr=10005 nc=19)
[info] ExternalForce::RightGRF Data source being set to SRRun01_grf
[info] ExternalForce::LeftGRF Data source being set to SRRun01_grf
[info] Storage: read data file = SRRun01_grf.mot (nr=10005 nc=19)
[info] ExternalForce::RightGRF Data source being set to SRRun01_grf
[info] ExternalForce::LeftGRF Data source being set to SRRun01_grf
[info] Storage: read data file = SRRun01_grf.mot (nr=10005 nc=19)
[info] ExternalForce::RightGRF Data source being set to SRRun01_grf
[info] ExternalForce::LeftGRF Data source being set to SRRun01_grf
[info] Storage: read data file = SRRun01_grf.mot (nr=10005 nc=19)
[info] ExternalForce::RightGRF Data source being set to SRRun01_grf
[info] ExternalForce::LeftGRF Data source being set to SRRun01_grf
[info] Storage: read data file = SRRun01_grf.mot (nr=10005 nc=19)
[info] ExternalForce::RightGRF Data source being set to SRRun01_grf
[info] ExternalForce::LeftGRF Data source being set to SRRun01_grf
[info] Storage: read data file = SRRun01_grf.mot (nr=10005 nc=19)
[info] ExternalForce::RightGRF Data source being set to SRRun01_grf
[info] ExternalForce::LeftGRF Data source being set to SRRun01_grf
[info] Storage: read data file = SRRun01_grf.mot (nr=10005 nc=19)
[info] ExternalForce::RightGRF Data source being set to SRRun01_grf
[info] ExternalForce::LeftGRF Data source being set to SRRun01_grf
[info] Storage: read data file = SRRun01_grf.mot (nr=10005 nc=19)
[info] ExternalForce::RightGRF Data source being set to SRRun01_grf
[info] ExternalForce::LeftGRF Data source being set to SRRun01_grf
[info] Storage: read data file = SRRun01_grf.mot (nr=10005 nc=19)
[info] ExternalForce::RightGRF Data source being set to SRRun01_grf
[info] ExternalForce::LeftGRF Data source being set to SRRun01_grf
[info] Storage: read data file = SRRun01_grf.mot (nr=10005 nc=19)
[info] ExternalForce::RightGRF Data source being set to SRRun01_grf
[info] ExternalForce::LeftGRF Data source being set to SRRun01_grf
[info] Storage: read data file = SRRun01_grf.mot (nr=10005 nc=19)
[info] ExternalForce::RightGRF Data source being set to SRRun01_grf
[info] ExternalForce::LeftGRF Data source being set to SRRun01_grf
[info] Storage: read data file = SRRun01_grf.mot (nr=10005 nc=19)
[info] ExternalForce::RightGRF Data source being set to SRRun01_grf
[info] ExternalForce::LeftGRF Data source being set to SRRun01_grf
[info] Storage: read data file = SRRun01_grf.mot (nr=10005 nc=19)
[info] ExternalForce::RightGRF Data source being set to SRRun01_grf
[info] ExternalForce::LeftGRF Data source being set to SRRun01_grf
[info] Storage: read data file = SRRun01_grf.mot (nr=10005 nc=19)
[info] ExternalForce::RightGRF Data source being set to SRRun01_grf
[info] ExternalForce::LeftGRF Data source being set to SRRun01_grf
[info] Storage: read data file = SRRun01_grf.mot (nr=10005 nc=19)
[info] ExternalForce::RightGRF Data source being set to SRRun01_grf
[info] ExternalForce::LeftGRF Data source being set to SRRun01_grf
[info] Storage: read data file = SRRun01_grf.mot (nr=10005 nc=19)
[info] ExternalForce::RightGRF Data source being set to SRRun01_grf
[info] ExternalForce::LeftGRF Data source being set to SRRun01_grf
[info] Storage: read data file = SRRun01_grf.mot (nr=10005 nc=19)
[info] ExternalForce::RightGRF Data source being set to SRRun01_grf
[info] ExternalForce::LeftGRF Data source being set to SRRun01_grf
[info] Storage: read data file = SRRun01_grf.mot (nr=10005 nc=19)
[info] ExternalForce::RightGRF Data source being set to SRRun01_grf
[info] ExternalForce::LeftGRF Data source being set to SRRun01_grf
[info] Storage: read data file = SRRun01_grf.mot (nr=10005 nc=19)
[info] ExternalForce::RightGRF Data source being set to SRRun01_grf
[info] ExternalForce::LeftGRF Data source being set to SRRun01_grf
[info] Storage: read data file = SRRun01_grf.mot (nr=10005 nc=19)
[info] ExternalForce::RightGRF Data source being set to SRRun01_grf
[info] ExternalForce::LeftGRF Data source being set to SRRun01_grf
[info] Storage: read data file = SRRun01_grf.mot (nr=10005 nc=19)
[info] ExternalForce::RightGRF Data source being set to SRRun01_grf
[info] ExternalForce::LeftGRF Data source being set to SRRun01_grf
[info] Storage: read data file = SRRun01_grf.mot (nr=10005 nc=19)
[info] ExternalForce::RightGRF Data source being set to SRRun01_grf
[info] ExternalForce::LeftGRF Data source being set to SRRun01_grf
[info] Storage: read data file = SRRun01_grf.mot (nr=10005 nc=19)
[info] ExternalForce::RightGRF Data source being set to SRRun01_grf
[info] ExternalForce::LeftGRF Data source being set to SRRun01_grf
[info] Storage: read data file = SRRun01_grf.mot (nr=10005 nc=19)
[info] ExternalForce::RightGRF Data source being set to SRRun01_grf
[info] ExternalForce::LeftGRF Data source being set to SRRun01_grf
[info] Storage: read data file = SRRun01_grf.mot (nr=10005 nc=19)
[info] ExternalForce::RightGRF Data source being set to SRRun01_grf
[info] ExternalForce::LeftGRF Data source being set to SRRun01_grf
[info] Storage: read data file = SRRun01_grf.mot (nr=10005 nc=19)
[info] ExternalForce::RightGRF Data source being set to SRRun01_grf
[info] ExternalForce::LeftGRF Data source being set to SRRun01_grf
[info] Storage: read data file = SRRun01_grf.mot (nr=10005 nc=19)
[info] ExternalForce::RightGRF Data source being set to SRRun01_grf
[info] ExternalForce::LeftGRF Data source being set to SRRun01_grf
[info] Storage: read data file = SRRun01_grf.mot (nr=10005 nc=19)
[info] ExternalForce::RightGRF Data source being set to SRRun01_grf
[info] ExternalForce::LeftGRF Data source being set to SRRun01_grf
[info] Storage: read data file = SRRun01_grf.mot (nr=10005 nc=19)
[info] ExternalForce::RightGRF Data source being set to SRRun01_grf
[info] ExternalForce::LeftGRF Data source being set to SRRun01_grf
[info] Storage: read data file = SRRun01_grf.mot (nr=10005 nc=19)
[info] ExternalForce::RightGRF Data source being set to SRRun01_grf
[info] ExternalForce::LeftGRF Data source being set to SRRun01_grf
[info] Storage: read data file = SRRun01_grf.mot (nr=10005 nc=19)
[info] ExternalForce::RightGRF Data source being set to SRRun01_grf
[info] ExternalForce::LeftGRF Data source being set to SRRun01_grf
[info] Storage: read data file = SRRun01_grf.mot (nr=10005 nc=19)
[info] ExternalForce::RightGRF Data source being set to SRRun01_grf
[info] ExternalForce::LeftGRF Data source being set to SRRun01_grf
[info] Storage: read data file = SRRun01_grf.mot (nr=10005 nc=19)
[info] ExternalForce::RightGRF Data source being set to SRRun01_grf
[info] ExternalForce::LeftGRF Data source being set to SRRun01_grf
[info] Storage: read data file = SRRun01_grf.mot (nr=10005 nc=19)
[info] ExternalForce::RightGRF Data source being set to SRRun01_grf
[info] ExternalForce::LeftGRF Data source being set to SRRun01_grf
[info] Storage: read data file = SRRun01_grf.mot (nr=10005 nc=19)
[info] ExternalForce::RightGRF Data source being set to SRRun01_grf
[info] ExternalForce::LeftGRF Data source being set to SRRun01_grf
[info] Storage: read data file = SRRun01_grf.mot (nr=10005 nc=19)
[info] ExternalForce::RightGRF Data source being set to SRRun01_grf
[info] ExternalForce::LeftGRF Data source being set to SRRun01_grf
[info] Storage: read data file = SRRun01_grf.mot (nr=10005 nc=19)
[info] ExternalForce::RightGRF Data source being set to SRRun01_grf
[info] ExternalForce::LeftGRF Data source being set to SRRun01_grf
[info] Storage: read data file = SRRun01_grf.mot (nr=10005 nc=19)
[info] ExternalForce::RightGRF Data source being set to SRRun01_grf
[info] ExternalForce::LeftGRF Data source being set to SRRun01_grf
[info] Storage: read data file = SRRun01_grf.mot (nr=10005 nc=19)
[info] ExternalForce::RightGRF Data source being set to SRRun01_grf
[info] ExternalForce::LeftGRF Data source being set to SRRun01_grf
[info] Storage: read data file = SRRun01_grf.mot (nr=10005 nc=19)
[info] ExternalForce::RightGRF Data source being set to SRRun01_grf
[info] ExternalForce::LeftGRF Data source being set to SRRun01_grf
[info] Storage: read data file = SRRun01_grf.mot (nr=10005 nc=19)
[info] ExternalForce::RightGRF Data source being set to SRRun01_grf
[info] ExternalForce::LeftGRF Data source being set to SRRun01_grf
[info] Storage: read data file = SRRun01_grf.mot (nr=10005 nc=19)
[info] ExternalForce::RightGRF Data source being set to SRRun01_grf
[info] ExternalForce::LeftGRF Data source being set to SRRun01_grf
[info] Storage: read data file = SRRun01_grf.mot (nr=10005 nc=19)
[info] ExternalForce::RightGRF Data source being set to SRRun01_grf
[info] ExternalForce::LeftGRF Data source being set to SRRun01_grf
[info] Storage: read data file = SRRun01_grf.mot (nr=10005 nc=19)
[info] ExternalForce::RightGRF Data source being set to SRRun01_grf
[info] ExternalForce::LeftGRF Data source being set to SRRun01_grf
[info] Storage: read data file = SRRun01_grf.mot (nr=10005 nc=19)
[info] ExternalForce::RightGRF Data source being set to SRRun01_grf
[info] ExternalForce::LeftGRF Data source being set to SRRun01_grf
[info] Storage: read data file = SRRun01_grf.mot (nr=10005 nc=19)
[info] ExternalForce::RightGRF Data source being set to SRRun01_grf
[info] ExternalForce::LeftGRF Data source being set to SRRun01_grf
[info] Storage: read data file = SRRun01_grf.mot (nr=10005 nc=19)
[info] ExternalForce::RightGRF Data source being set to SRRun01_grf
[info] ExternalForce::LeftGRF Data source being set to SRRun01_grf
[info] Storage: read data file = SRRun01_grf.mot (nr=10005 nc=19)
[info] ExternalForce::RightGRF Data source being set to SRRun01_grf
[info] ExternalForce::LeftGRF Data source being set to SRRun01_grf
[info] Storage: read data file = SRRun01_grf.mot (nr=10005 nc=19)
[info] ExternalForce::RightGRF Data source being set to SRRun01_grf
[info] ExternalForce::LeftGRF Data source being set to SRRun01_grf
[info] Storage: read data file = SRRun01_grf.mot (nr=10005 nc=19)
[info] ExternalForce::RightGRF Data source being set to SRRun01_grf
[info] ExternalForce::LeftGRF Data source being set to SRRun01_grf
[info] Storage: read data file = SRRun01_grf.mot (nr=10005 nc=19)
[info] ExternalForce::RightGRF Data source being set to SRRun01_grf
[info] ExternalForce::LeftGRF Data source being set to SRRun01_grf
[info] Storage: read data file = SRRun01_grf.mot (nr=10005 nc=19)
[info] ExternalForce::RightGRF Data source being set to SRRun01_grf
[info] ExternalForce::LeftGRF Data source being set to SRRun01_grf
[info] Storage: read data file = SRRun01_grf.mot (nr=10005 nc=19)
[info] ExternalForce::RightGRF Data source being set to SRRun01_grf
[info] ExternalForce::LeftGRF Data source being set to SRRun01_grf
[info] Storage: read data file = SRRun01_grf.mot (nr=10005 nc=19)
[info] ExternalForce::RightGRF Data source being set to SRRun01_grf
[info] ExternalForce::LeftGRF Data source being set to SRRun01_grf
[info] Storage: read data file = SRRun01_grf.mot (nr=10005 nc=19)
[info] ExternalForce::RightGRF Data source being set to SRRun01_grf
[info] ExternalForce::LeftGRF Data source being set to SRRun01_grf
[info] Storage: read data file = SRRun01_grf.mot (nr=10005 nc=19)
[info] ExternalForce::RightGRF Data source being set to SRRun01_grf
[info] ExternalForce::LeftGRF Data source being set to SRRun01_grf
[info] Storage: read data file = SRRun01_grf.mot (nr=10005 nc=19)
[info] ExternalForce::RightGRF Data source being set to SRRun01_grf
[info] ExternalForce::LeftGRF Data source being set to SRRun01_grf
[info] Storage: read data file = SRRun01_grf.mot (nr=10005 nc=19)
[info] ExternalForce::RightGRF Data source being set to SRRun01_grf
[info] ExternalForce::LeftGRF Data source being set to SRRun01_grf
[info] Storage: read data file = SRRun01_grf.mot (nr=10005 nc=19)
[info] ExternalForce::RightGRF Data source being set to SRRun01_grf
[info] ExternalForce::LeftGRF Data source being set to SRRun01_grf
[info] Storage: read data file = SRRun01_grf.mot (nr=10005 nc=19)
[info] ExternalForce::RightGRF Data source being set to SRRun01_grf
[info] ExternalForce::LeftGRF Data source being set to SRRun01_grf
[info] Storage: read data file = SRRun01_grf.mot (nr=10005 nc=19)
[info] ExternalForce::RightGRF Data source being set to SRRun01_grf
[info] ExternalForce::LeftGRF Data source being set to SRRun01_grf
[info] Storage: read data file = SRRun01_grf.mot (nr=10005 nc=19)
[info] ExternalForce::RightGRF Data source being set to SRRun01_grf
[info] ExternalForce::LeftGRF Data source being set to SRRun01_grf
[info] Storage: read data file = SRRun01_grf.mot (nr=10005 nc=19)
[info] ExternalForce::RightGRF Data source being set to SRRun01_grf
[info] ExternalForce::LeftGRF Data source being set to SRRun01_grf
[info] Storage: read data file = SRRun01_grf.mot (nr=10005 nc=19)
[info] ExternalForce::RightGRF Data source being set to SRRun01_grf
[info] ExternalForce::LeftGRF Data source being set to SRRun01_grf
[info] Storage: read data file = SRRun01_grf.mot (nr=10005 nc=19)
[info] ExternalForce::RightGRF Data source being set to SRRun01_grf
[info] ExternalForce::LeftGRF Data source being set to SRRun01_grf
[info] Storage: read data file = SRRun01_grf.mot (nr=10005 nc=19)
[info] ExternalForce::RightGRF Data source being set to SRRun01_grf
[info] ExternalForce::LeftGRF Data source being set to SRRun01_grf
[info] Storage: read data file = SRRun01_grf.mot (nr=10005 nc=19)
[info] ExternalForce::RightGRF Data source being set to SRRun01_grf
[info] ExternalForce::LeftGRF Data source being set to SRRun01_grf
[info] Storage: read data file = SRRun01_grf.mot (nr=10005 nc=19)
[info] ExternalForce::RightGRF Data source being set to SRRun01_grf
[info] ExternalForce::LeftGRF Data source being set to SRRun01_grf
[info] Storage: read data file = SRRun01_grf.mot (nr=10005 nc=19)
[info] ExternalForce::RightGRF Data source being set to SRRun01_grf
[info] ExternalForce::LeftGRF Data source being set to SRRun01_grf
[info] Storage: read data file = SRRun01_grf.mot (nr=10005 nc=19)
[info] ExternalForce::RightGRF Data source being set to SRRun01_grf
[info] ExternalForce::LeftGRF Data source being set to SRRun01_grf
[info] Storage: read data file = SRRun01_grf.mot (nr=10005 nc=19)
[info] ExternalForce::RightGRF Data source being set to SRRun01_grf
[info] ExternalForce::LeftGRF Data source being set to SRRun01_grf
[info] Storage: read data file = SRRun01_grf.mot (nr=10005 nc=19)
[info] ExternalForce::RightGRF Data source being set to SRRun01_grf
[info] ExternalForce::LeftGRF Data source being set to SRRun01_grf
[info] Storage: read data file = SRRun01_grf.mot (nr=10005 nc=19)
[info] ExternalForce::RightGRF Data source being set to SRRun01_grf
[info] ExternalForce::LeftGRF Data source being set to SRRun01_grf
[info] Storage: read data file = SRRun01_grf.mot (nr=10005 nc=19)
[info] ExternalForce::RightGRF Data source being set to SRRun01_grf
[info] ExternalForce::LeftGRF Data source being set to SRRun01_grf
[info] Storage: read data file = SRRun01_grf.mot (nr=10005 nc=19)
[info] ExternalForce::RightGRF Data source being set to SRRun01_grf
[info] ExternalForce::LeftGRF Data source being set to SRRun01_grf
[info] Storage: read data file = SRRun01_grf.mot (nr=10005 nc=19)
[info] ExternalForce::RightGRF Data source being set to SRRun01_grf
[info] ExternalForce::LeftGRF Data source being set to SRRun01_grf
[info] Storage: read data file = SRRun01_grf.mot (nr=10005 nc=19)
[info] ExternalForce::RightGRF Data source being set to SRRun01_grf
[info] ExternalForce::LeftGRF Data source being set to SRRun01_grf
[info] Storage: read data file = SRRun01_grf.mot (nr=10005 nc=19)
[info] ExternalForce::RightGRF Data source being set to SRRun01_grf
[info] ExternalForce::LeftGRF Data source being set to SRRun01_grf
[info] Storage: read data file = SRRun01_grf.mot (nr=10005 nc=19)
[info] ExternalForce::RightGRF Data source being set to SRRun01_grf
[info] ExternalForce::LeftGRF Data source being set to SRRun01_grf
[info] Storage: read data file = SRRun01_grf.mot (nr=10005 nc=19)
[info] ExternalForce::RightGRF Data source being set to SRRun01_grf
[info] ExternalForce::LeftGRF Data source being set to SRRun01_grf
[info] Storage: read data file = SRRun01_grf.mot (nr=10005 nc=19)
[info] ExternalForce::RightGRF Data source being set to SRRun01_grf
[info] ExternalForce::LeftGRF Data source being set to SRRun01_grf
[info] Storage: read data file = SRRun01_grf.mot (nr=10005 nc=19)
[info] ExternalForce::RightGRF Data source being set to SRRun01_grf
[info] ExternalForce::LeftGRF Data source being set to SRRun01_grf
[info] Storage: read data file = SRRun01_grf.mot (nr=10005 nc=19)
[info] ExternalForce::RightGRF Data source being set to SRRun01_grf
[info] ExternalForce::LeftGRF Data source being set to SRRun01_grf
[info] Storage: read data file = SRRun01_grf.mot (nr=10005 nc=19)
[info] ExternalForce::RightGRF Data source being set to SRRun01_grf
[info] ExternalForce::LeftGRF Data source being set to SRRun01_grf
[info] Storage: read data file = SRRun01_grf.mot (nr=10005 nc=19)
[info] ExternalForce::RightGRF Data source being set to SRRun01_grf
[info] ExternalForce::LeftGRF Data source being set to SRRun01_grf
[info] Storage: read data file = SRRun01_grf.mot (nr=10005 nc=19)
[info] ExternalForce::RightGRF Data source being set to SRRun01_grf
[info] ExternalForce::LeftGRF Data source being set to SRRun01_grf
[info] Storage: read data file = SRRun01_grf.mot (nr=10005 nc=19)
[info] ExternalForce::RightGRF Data source being set to SRRun01_grf
[info] ExternalForce::LeftGRF Data source being set to SRRun01_grf
[info] Storage: read data file = SRRun01_grf.mot (nr=10005 nc=19)
[info] ExternalForce::RightGRF Data source being set to SRRun01_grf
[info] ExternalForce::LeftGRF Data source being set to SRRun01_grf
[info] Storage: read data file = SRRun01_grf.mot (nr=10005 nc=19)
[info] ExternalForce::RightGRF Data source being set to SRRun01_grf
[info] ExternalForce::LeftGRF Data source being set to SRRun01_grf
[info] Storage: read data file = SRRun01_grf.mot (nr=10005 nc=19)
[info] ExternalForce::RightGRF Data source being set to SRRun01_grf
[info] ExternalForce::LeftGRF Data source being set to SRRun01_grf
[info] Storage: read data file = SRRun01_grf.mot (nr=10005 nc=19)
[info] ExternalForce::RightGRF Data source being set to SRRun01_grf
[info] ExternalForce::LeftGRF Data source being set to SRRun01_grf
[info] Storage: read data file = SRRun01_grf.mot (nr=10005 nc=19)
[info] ExternalForce::RightGRF Data source being set to SRRun01_grf
[info] ExternalForce::LeftGRF Data source being set to SRRun01_grf
[info] Storage: read data file = SRRun01_grf.mot (nr=10005 nc=19)
[info] ExternalForce::RightGRF Data source being set to SRRun01_grf
[info] ExternalForce::LeftGRF Data source being set to SRRun01_grf
[info] Storage: read data file = SRRun01_grf.mot (nr=10005 nc=19)
[info] ExternalForce::RightGRF Data source being set to SRRun01_grf
[info] ExternalForce::LeftGRF Data source being set to SRRun01_grf
[info] Storage: read data file = SRRun01_grf.mot (nr=10005 nc=19)
[info] ExternalForce::RightGRF Data source being set to SRRun01_grf
[info] ExternalForce::LeftGRF Data source being set to SRRun01_grf
[info] Storage: read data file = SRRun01_grf.mot (nr=10005 nc=19)
[info] ExternalForce::RightGRF Data source being set to SRRun01_grf
[info] ExternalForce::LeftGRF Data source being set to SRRun01_grf
[info] Storage: read data file = SRRun01_grf.mot (nr=10005 nc=19)
[info] ExternalForce::RightGRF Data source being set to SRRun01_grf
[info] ExternalForce::LeftGRF Data source being set to SRRun01_grf
[info] Storage: read data file = SRRun01_grf.mot (nr=10005 nc=19)
[info] ExternalForce::RightGRF Data source being set to SRRun01_grf
[info] ExternalForce::LeftGRF Data source being set to SRRun01_grf
[info] Storage: read data file = SRRun01_grf.mot (nr=10005 nc=19)
[info] ExternalForce::RightGRF Data source being set to SRRun01_grf
[info] ExternalForce::LeftGRF Data source being set to SRRun01_grf
[info] Storage: read data file = SRRun01_grf.mot (nr=10005 nc=19)
[info] ExternalForce::RightGRF Data source being set to SRRun01_grf
[info] ExternalForce::LeftGRF Data source being set to SRRun01_grf
[info] Storage: read data file = SRRun01_grf.mot (nr=10005 nc=19)
[info] ExternalForce::RightGRF Data source being set to SRRun01_grf
[info] ExternalForce::LeftGRF Data source being set to SRRun01_grf
[info] Storage: read data file = SRRun01_grf.mot (nr=10005 nc=19)
[info] ExternalForce::RightGRF Data source being set to SRRun01_grf
[info] ExternalForce::LeftGRF Data source being set to SRRun01_grf
[info] Storage: read data file = SRRun01_grf.mot (nr=10005 nc=19)
[info] ExternalForce::RightGRF Data source being set to SRRun01_grf
[info] ExternalForce::LeftGRF Data source being set to SRRun01_grf
[info] Storage: read data file = SRRun01_grf.mot (nr=10005 nc=19)
[info] ExternalForce::RightGRF Data source being set to SRRun01_grf
[info] ExternalForce::LeftGRF Data source being set to SRRun01_grf
[info] Storage: read data file = SRRun01_grf.mot (nr=10005 nc=19)
[info] ExternalForce::RightGRF Data source being set to SRRun01_grf
[info] ExternalForce::LeftGRF Data source being set to SRRun01_grf
[info] Storage: read data file = SRRun01_grf.mot (nr=10005 nc=19)
[info] ExternalForce::RightGRF Data source being set to SRRun01_grf
[info] ExternalForce::LeftGRF Data source being set to SRRun01_grf
[info] Storage: read data file = SRRun01_grf.mot (nr=10005 nc=19)
[info] ExternalForce::RightGRF Data source being set to SRRun01_grf
[info] ExternalForce::LeftGRF Data source being set to SRRun01_grf
[info] Storage: read data file = SRRun01_grf.mot (nr=10005 nc=19)
[info] ExternalForce::RightGRF Data source being set to SRRun01_grf
[info] ExternalForce::LeftGRF Data source being set to SRRun01_grf
[info] Storage: read data file = SRRun01_grf.mot (nr=10005 nc=19)
[info] ExternalForce::RightGRF Data source being set to SRRun01_grf
[info] ExternalForce::LeftGRF Data source being set to SRRun01_grf
[info] Storage: read data file = SRRun01_grf.mot (nr=10005 nc=19)
[info] ExternalForce::RightGRF Data source being set to SRRun01_grf
[info] ExternalForce::LeftGRF Data source being set to SRRun01_grf
[info] Storage: read data file = SRRun01_grf.mot (nr=10005 nc=19)
[info] ExternalForce::RightGRF Data source being set to SRRun01_grf
[info] ExternalForce::LeftGRF Data source being set to SRRun01_grf
[info] Storage: read data file = SRRun01_grf.mot (nr=10005 nc=19)
[info] ExternalForce::RightGRF Data source being set to SRRun01_grf
[info] ExternalForce::LeftGRF Data source being set to SRRun01_grf
[info] Storage: read data file = SRRun01_grf.mot (nr=10005 nc=19)
[info] ExternalForce::RightGRF Data source being set to SRRun01_grf
[info] ExternalForce::LeftGRF Data source being set to SRRun01_grf
[info] Storage: read data file = SRRun01_grf.mot (nr=10005 nc=19)
[info] ExternalForce::RightGRF Data source being set to SRRun01_grf
[info] ExternalForce::LeftGRF Data source being set to SRRun01_grf
[info] Storage: read data file = SRRun01_grf.mot (nr=10005 nc=19)
[info] ExternalForce::RightGRF Data source being set to SRRun01_grf
[info] ExternalForce::LeftGRF Data source being set to SRRun01_grf
[info] Storage: read data file = SRRun01_grf.mot (nr=10005 nc=19)
[info] ExternalForce::RightGRF Data source being set to SRRun01_grf
[info] ExternalForce::LeftGRF Data source being set to SRRun01_grf
[info] Storage: read data file = SRRun01_grf.mot (nr=10005 nc=19)
[info] ExternalForce::RightGRF Data source being set to SRRun01_grf
[info] ExternalForce::LeftGRF Data source being set to SRRun01_grf
[info] Storage: read data file = SRRun01_grf.mot (nr=10005 nc=19)
[info] ExternalForce::RightGRF Data source being set to SRRun01_grf
[info] ExternalForce::LeftGRF Data source being set to SRRun01_grf
[info] Storage: read data file = SRRun01_grf.mot (nr=10005 nc=19)
[info] ExternalForce::RightGRF Data source being set to SRRun01_grf
[info] ExternalForce::LeftGRF Data source being set to SRRun01_grf
[info] Storage: read data file = SRRun01_grf.mot (nr=10005 nc=19)
[info] ExternalForce::RightGRF Data source being set to SRRun01_grf
[info] ExternalForce::LeftGRF Data source being set to SRRun01_grf
[info] Storage: read data file = SRRun01_grf.mot (nr=10005 nc=19)
[info] ExternalForce::RightGRF Data source being set to SRRun01_grf
[info] ExternalForce::LeftGRF Data source being set to SRRun01_grf
[info] Storage: read data file = SRRun01_grf.mot (nr=10005 nc=19)
[info] ExternalForce::RightGRF Data source being set to SRRun01_grf
[info] ExternalForce::LeftGRF Data source being set to SRRun01_grf
[info] Storage: read data file = SRRun01_grf.mot (nr=10005 nc=19)
[info] ExternalForce::RightGRF Data source being set to SRRun01_grf
[info] ExternalForce::LeftGRF Data source being set to SRRun01_grf
[info] Storage: read data file = SRRun01_grf.mot (nr=10005 nc=19)
[info] ExternalForce::RightGRF Data source being set to SRRun01_grf
[info] ExternalForce::LeftGRF Data source being set to SRRun01_grf
[info] Storage: read data file = SRRun01_grf.mot (nr=10005 nc=19)
[info] ExternalForce::RightGRF Data source being set to SRRun01_grf
[info] ExternalForce::LeftGRF Data source being set to SRRun01_grf
[info] Storage: read data file = SRRun01_grf.mot (nr=10005 nc=19)
[info] ExternalForce::RightGRF Data source being set to SRRun01_grf
[info] ExternalForce::LeftGRF Data source being set to SRRun01_grf
[info] Storage: read data file = SRRun01_grf.mot (nr=10005 nc=19)
[info] ExternalForce::RightGRF Data source being set to SRRun01_grf
[info] ExternalForce::LeftGRF Data source being set to SRRun01_grf
[info] Storage: read data file = SRRun01_grf.mot (nr=10005 nc=19)
[info] ExternalForce::RightGRF Data source being set to SRRun01_grf
[info] ExternalForce::LeftGRF Data source being set to SRRun01_grf
[info] Storage: read data file = SRRun01_grf.mot (nr=10005 nc=19)
[info] ExternalForce::RightGRF Data source being set to SRRun01_grf
[info] ExternalForce::LeftGRF Data source being set to SRRun01_grf
[info] Storage: read data file = SRRun01_grf.mot (nr=10005 nc=19)
[info] ExternalForce::RightGRF Data source being set to SRRun01_grf
[info] ExternalForce::LeftGRF Data source being set to SRRun01_grf
[info] Storage: read data file = SRRun01_grf.mot (nr=10005 nc=19)
[info] ExternalForce::RightGRF Data source being set to SRRun01_grf
[info] ExternalForce::LeftGRF Data source being set to SRRun01_grf
[info] Storage: read data file = SRRun01_grf.mot (nr=10005 nc=19)
[info] ExternalForce::RightGRF Data source being set to SRRun01_grf
[info] ExternalForce::LeftGRF Data source being set to SRRun01_grf
[info] Storage: read data file = SRRun01_grf.mot (nr=10005 nc=19)
[info] ExternalForce::RightGRF Data source being set to SRRun01_grf
[info] ExternalForce::LeftGRF Data source being set to SRRun01_grf
[info] Storage: read data file = SRRun01_grf.mot (nr=10005 nc=19)
[info] ExternalForce::RightGRF Data source being set to SRRun01_grf
[info] ExternalForce::LeftGRF Data source being set to SRRun01_grf
[info] Storage: read data file = SRRun01_grf.mot (nr=10005 nc=19)
[info] ExternalForce::RightGRF Data source being set to SRRun01_grf
[info] ExternalForce::LeftGRF Data source being set to SRRun01_grf
[info] Storage: read data file = SRRun01_grf.mot (nr=10005 nc=19)
[info] ExternalForce::RightGRF Data source being set to SRRun01_grf
[info] ExternalForce::LeftGRF Data source being set to SRRun01_grf
[info] Storage: read data file = SRRun01_grf.mot (nr=10005 nc=19)
[info] ExternalForce::RightGRF Data source being set to SRRun01_grf
[info] ExternalForce::LeftGRF Data source being set to SRRun01_grf
[info] Storage: read data file = SRRun01_grf.mot (nr=10005 nc=19)
[info] ExternalForce::RightGRF Data source being set to SRRun01_grf
[info] ExternalForce::LeftGRF Data source being set to SRRun01_grf
[info] Storage: read data file = SRRun01_grf.mot (nr=10005 nc=19)
[info] ExternalForce::RightGRF Data source being set to SRRun01_grf
[info] ExternalForce::LeftGRF Data source being set to SRRun01_grf
[info] Storage: read data file = SRRun01_grf.mot (nr=10005 nc=19)
[info] ExternalForce::RightGRF Data source being set to SRRun01_grf
[info] ExternalForce::LeftGRF Data source being set to SRRun01_grf
[info] Storage: read data file = SRRun01_grf.mot (nr=10005 nc=19)
[info] ExternalForce::RightGRF Data source being set to SRRun01_grf
[info] ExternalForce::LeftGRF Data source being set to SRRun01_grf
[info] Storage: read data file = SRRun01_grf.mot (nr=10005 nc=19)
[info] ExternalForce::RightGRF Data source being set to SRRun01_grf
[info] ExternalForce::LeftGRF Data source being set to SRRun01_grf
[info] Storage: read data file = SRRun01_grf.mot (nr=10005 nc=19)
[info] ExternalForce::RightGRF Data source being set to SRRun01_grf
[info] ExternalForce::LeftGRF Data source being set to SRRun01_grf
[info] Storage: read data file = SRRun01_grf.mot (nr=10005 nc=19)
[info] ExternalForce::RightGRF Data source being set to SRRun01_grf
[info] ExternalForce::LeftGRF Data source being set to SRRun01_grf
[info] Storage: read data file = SRRun01_grf.mot (nr=10005 nc=19)
[info] ExternalForce::RightGRF Data source being set to SRRun01_grf
[info] ExternalForce::LeftGRF Data source being set to SRRun01_grf
[info] Storage: read data file = SRRun01_grf.mot (nr=10005 nc=19)
[info] ExternalForce::RightGRF Data source being set to SRRun01_grf
[info] ExternalForce::LeftGRF Data source being set to SRRun01_grf
[info] Storage: read data file = SRRun01_grf.mot (nr=10005 nc=19)
[info] ExternalForce::RightGRF Data source being set to SRRun01_grf
[info] ExternalForce::LeftGRF Data source being set to SRRun01_grf
[info] Storage: read data file = SRRun01_grf.mot (nr=10005 nc=19)
[info] ExternalForce::RightGRF Data source being set to SRRun01_grf
[info] ExternalForce::LeftGRF Data source being set to SRRun01_grf
[info] Storage: read data file = SRRun01_grf.mot (nr=10005 nc=19)
[info] ExternalForce::RightGRF Data source being set to SRRun01_grf
[info] ExternalForce::LeftGRF Data source being set to SRRun01_grf
[info] Storage: read data file = SRRun01_grf.mot (nr=10005 nc=19)
[info] ExternalForce::RightGRF Data source being set to SRRun01_grf
[info] ExternalForce::LeftGRF Data source being set to SRRun01_grf
[info] Storage: read data file = SRRun01_grf.mot (nr=10005 nc=19)
[info] ExternalForce::RightGRF Data source being set to SRRun01_grf
[info] ExternalForce::LeftGRF Data source being set to SRRun01_grf
[info] Storage: read data file = SRRun01_grf.mot (nr=10005 nc=19)
[info] ExternalForce::RightGRF Data source being set to SRRun01_grf
[info] ExternalForce::LeftGRF Data source being set to SRRun01_grf
[info] Storage: read data file = SRRun01_grf.mot (nr=10005 nc=19)
[info] ExternalForce::RightGRF Data source being set to SRRun01_grf
[info] ExternalForce::LeftGRF Data source being set to SRRun01_grf
[info] Storage: read data file = SRRun01_grf.mot (nr=10005 nc=19)
[info] ExternalForce::RightGRF Data source being set to SRRun01_grf
[info] ExternalForce::LeftGRF Data source being set to SRRun01_grf
[info] Storage: read data file = SRRun01_grf.mot (nr=10005 nc=19)
[info] ExternalForce::RightGRF Data source being set to SRRun01_grf
[info] ExternalForce::LeftGRF Data source being set to SRRun01_grf
[info] Storage: read data file = SRRun01_grf.mot (nr=10005 nc=19)
[info] ExternalForce::RightGRF Data source being set to SRRun01_grf
[info] ExternalForce::LeftGRF Data source being set to SRRun01_grf
[info] Storage: read data file = SRRun01_grf.mot (nr=10005 nc=19)
[info] ExternalForce::RightGRF Data source being set to SRRun01_grf
[info] ExternalForce::LeftGRF Data source being set to SRRun01_grf
[info] Storage: read data file = SRRun01_grf.mot (nr=10005 nc=19)
[info] ExternalForce::RightGRF Data source being set to SRRun01_grf
[info] ExternalForce::LeftGRF Data source being set to SRRun01_grf
[info] Storage: read data file = SRRun01_grf.mot (nr=10005 nc=19)
[info] ExternalForce::RightGRF Data source being set to SRRun01_grf
[info] ExternalForce::LeftGRF Data source being set to SRRun01_grf
[info] Storage: read data file = SRRun01_grf.mot (nr=10005 nc=19)
[info] ExternalForce::RightGRF Data source being set to SRRun01_grf
[info] ExternalForce::LeftGRF Data source being set to SRRun01_grf
[info] Storage: read data file = SRRun01_grf.mot (nr=10005 nc=19)
[info] ExternalForce::RightGRF Data source being set to SRRun01_grf
[info] ExternalForce::LeftGRF Data source being set to SRRun01_grf
[info] Storage: read data file = SRRun01_grf.mot (nr=10005 nc=19)
[info] ExternalForce::RightGRF Data source being set to SRRun01_grf
[info] ExternalForce::LeftGRF Data source being set to SRRun01_grf
[info] Storage: read data file = SRRun01_grf.mot (nr=10005 nc=19)
[info] ExternalForce::RightGRF Data source being set to SRRun01_grf
[info] ExternalForce::LeftGRF Data source being set to SRRun01_grf
[info] Storage: read data file = SRRun01_grf.mot (nr=10005 nc=19)
[info] ExternalForce::RightGRF Data source being set to SRRun01_grf
[info] ExternalForce::LeftGRF Data source being set to SRRun01_grf
[info] Storage: read data file = SRRun01_grf.mot (nr=10005 nc=19)
[info] ExternalForce::RightGRF Data source being set to SRRun01_grf
[info] ExternalForce::LeftGRF Data source being set to SRRun01_grf
[info] Storage: read data file = SRRun01_grf.mot (nr=10005 nc=19)
[info] ExternalForce::RightGRF Data source being set to SRRun01_grf
[info] ExternalForce::LeftGRF Data source being set to SRRun01_grf
[info] Storage: read data file = SRRun01_grf.mot (nr=10005 nc=19)
[info] ExternalForce::RightGRF Data source being set to SRRun01_grf
[info] ExternalForce::LeftGRF Data source being set to SRRun01_grf
[info] Storage: read data file = SRRun01_grf.mot (nr=10005 nc=19)
[info] ExternalForce::RightGRF Data source being set to SRRun01_grf
[info] ExternalForce::LeftGRF Data source being set to SRRun01_grf
[info] Storage: read data file = SRRun01_grf.mot (nr=10005 nc=19)
[info] ExternalForce::RightGRF Data source being set to SRRun01_grf
[info] ExternalForce::LeftGRF Data source being set to SRRun01_grf
[info] Storage: read data file = SRRun01_grf.mot (nr=10005 nc=19)
[info] ExternalForce::RightGRF Data source being set to SRRun01_grf
[info] ExternalForce::LeftGRF Data source being set to SRRun01_grf
[info] Storage: read data file = SRRun01_grf.mot (nr=10005 nc=19)
[info] ExternalForce::RightGRF Data source being set to SRRun01_grf
[info] ExternalForce::LeftGRF Data source being set to SRRun01_grf
[info] Storage: read data file = SRRun01_grf.mot (nr=10005 nc=19)
[info] ExternalForce::RightGRF Data source being set to SRRun01_grf
[info] ExternalForce::LeftGRF Data source being set to SRRun01_grf
[info] Storage: read data file = SRRun01_grf.mot (nr=10005 nc=19)
[info] ExternalForce::RightGRF Data source being set to SRRun01_grf
[info] ExternalForce::LeftGRF Data source being set to SRRun01_grf
[info] Storage: read data file = SRRun01_grf.mot (nr=10005 nc=19)
[info] ExternalForce::RightGRF Data source being set to SRRun01_grf
[info] ExternalForce::LeftGRF Data source being set to SRRun01_grf
[info] Storage: read data file = SRRun01_grf.mot (nr=10005 nc=19)
[info] ExternalForce::RightGRF Data source being set to SRRun01_grf
[info] ExternalForce::LeftGRF Data source being set to SRRun01_grf
[info] Storage: read data file = SRRun01_grf.mot (nr=10005 nc=19)
[info] ExternalForce::RightGRF Data source being set to SRRun01_grf
[info] ExternalForce::LeftGRF Data source being set to SRRun01_grf
[info] Storage: read data file = SRRun01_grf.mot (nr=10005 nc=19)
[info] ExternalForce::RightGRF Data source being set to SRRun01_grf
[info] ExternalForce::LeftGRF Data source being set to SRRun01_grf
[info] Storage: read data file = SRRun01_grf.mot (nr=10005 nc=19)
[info] ExternalForce::RightGRF Data source being set to SRRun01_grf
[info] ExternalForce::LeftGRF Data source being set to SRRun01_grf
[info] Storage: read data file = SRRun01_grf.mot (nr=10005 nc=19)
[info] ExternalForce::RightGRF Data source being set to SRRun01_grf
[info] ExternalForce::LeftGRF Data source being set to SRRun01_grf
[info] Storage: read data file = SRRun01_grf.mot (nr=10005 nc=19)
[info] ExternalForce::RightGRF Data source being set to SRRun01_grf
[info] ExternalForce::LeftGRF Data source being set to SRRun01_grf
[info] Storage: read data file = SRRun01_grf.mot (nr=10005 nc=19)
[info] ExternalForce::RightGRF Data source being set to SRRun01_grf
[info] ExternalForce::LeftGRF Data source being set to SRRun01_grf
[info] Storage: read data file = SRRun01_grf.mot (nr=10005 nc=19)
[info] ExternalForce::RightGRF Data source being set to SRRun01_grf
[info] ExternalForce::LeftGRF Data source being set to SRRun01_grf
[info] Storage: read data file = SRRun01_grf.mot (nr=10005 nc=19)
[info] ExternalForce::RightGRF Data source being set to SRRun01_grf
[info] ExternalForce::LeftGRF Data source being set to SRRun01_grf
[info] Storage: read data file = SRRun01_grf.mot (nr=10005 nc=19)
[info] ExternalForce::RightGRF Data source being set to SRRun01_grf
[info] ExternalForce::LeftGRF Data source being set to SRRun01_grf
[info] Storage: read data file = SRRun01_grf.mot (nr=10005 nc=19)
[info] ExternalForce::RightGRF Data source being set to SRRun01_grf
[info] ExternalForce::LeftGRF Data source being set to SRRun01_grf
[info] Storage: read data file = SRRun01_grf.mot (nr=10005 nc=19)
[info] ExternalForce::RightGRF Data source being set to SRRun01_grf
[info] ExternalForce::LeftGRF Data source being set to SRRun01_grf
[info] Storage: read data file = SRRun01_grf.mot (nr=10005 nc=19)
[info] ExternalForce::RightGRF Data source being set to SRRun01_grf
[info] ExternalForce::LeftGRF Data source being set to SRRun01_grf
[info] Storage: read data file = SRRun01_grf.mot (nr=10005 nc=19)
[info] ExternalForce::RightGRF Data source being set to SRRun01_grf
[info] ExternalForce::LeftGRF Data source being set to SRRun01_grf
[info] Storage: read data file = SRRun01_grf.mot (nr=10005 nc=19)
[info] ExternalForce::RightGRF Data source being set to SRRun01_grf
[info] ExternalForce::LeftGRF Data source being set to SRRun01_grf
[info] Storage: read data file = SRRun01_grf.mot (nr=10005 nc=19)
[info] ExternalForce::RightGRF Data source being set to SRRun01_grf
[info] ExternalForce::LeftGRF Data source being set to SRRun01_grf
[info] Storage: read data file = SRRun01_grf.mot (nr=10005 nc=19)
[info] ExternalForce::RightGRF Data source being set to SRRun01_grf
[info] ExternalForce::LeftGRF Data source being set to SRRun01_grf
[info] Storage: read data file = SRRun01_grf.mot (nr=10005 nc=19)
[info] ExternalForce::RightGRF Data source being set to SRRun01_grf
[info] ExternalForce::LeftGRF Data source being set to SRRun01_grf
[info] Storage: read data file = SRRun01_grf.mot (nr=10005 nc=19)
[info] ExternalForce::RightGRF Data source being set to SRRun01_grf
[info] ExternalForce::LeftGRF Data source being set to SRRun01_grf
[info] Storage: read data file = SRRun01_grf.mot (nr=10005 nc=19)
[info] ExternalForce::RightGRF Data source being set to SRRun01_grf
[info] ExternalForce::LeftGRF Data source being set to SRRun01_grf
[info] Storage: read data file = SRRun01_grf.mot (nr=10005 nc=19)
[info] ExternalForce::RightGRF Data source being set to SRRun01_grf
[info] ExternalForce::LeftGRF Data source being set to SRRun01_grf
[info] Storage: read data file = SRRun01_grf.mot (nr=10005 nc=19)
[info] ExternalForce::RightGRF Data source being set to SRRun01_grf
[info] ExternalForce::LeftGRF Data source being set to SRRun01_grf
[info] Storage: read data file = SRRun01_grf.mot (nr=10005 nc=19)
[info] ExternalForce::RightGRF Data source being set to SRRun01_grf
[info] ExternalForce::LeftGRF Data source being set to SRRun01_grf
[info] Storage: read data file = SRRun01_grf.mot (nr=10005 nc=19)
[info] ExternalForce::RightGRF Data source being set to SRRun01_grf
[info] ExternalForce::LeftGRF Data source being set to SRRun01_grf
[info] Storage: read data file = SRRun01_grf.mot (nr=10005 nc=19)
[info] ExternalForce::RightGRF Data source being set to SRRun01_grf
[info] ExternalForce::LeftGRF Data source being set to SRRun01_grf
[info] Storage: read data file = SRRun01_grf.mot (nr=10005 nc=19)
[info] ExternalForce::RightGRF Data source being set to SRRun01_grf
[info] ExternalForce::LeftGRF Data source being set to SRRun01_grf
[info] Storage: read data file = SRRun01_grf.mot (nr=10005 nc=19)
[info] ExternalForce::RightGRF Data source being set to SRRun01_grf
[info] ExternalForce::LeftGRF Data source being set to SRRun01_grf
[info] Storage: read data file = SRRun01_grf.mot (nr=10005 nc=19)
[info] ExternalForce::RightGRF Data source being set to SRRun01_grf
[info] ExternalForce::LeftGRF Data source being set to SRRun01_grf
[info] Storage: read data file = SRRun01_grf.mot (nr=10005 nc=19)
[info] ExternalForce::RightGRF Data source being set to SRRun01_grf
[info] ExternalForce::LeftGRF Data source being set to SRRun01_grf
[info] Storage: read data file = SRRun01_grf.mot (nr=10005 nc=19)
[info] ExternalForce::RightGRF Data source being set to SRRun01_grf
[info] ExternalForce::LeftGRF Data source being set to SRRun01_grf
[info] Storage: read data file = SRRun01_grf.mot (nr=10005 nc=19)
[info] ExternalForce::RightGRF Data source being set to SRRun01_grf
[info] ExternalForce::LeftGRF Data source being set to SRRun01_grf
[info] Storage: read data file = SRRun01_grf.mot (nr=10005 nc=19)
[info] ExternalForce::RightGRF Data source being set to SRRun01_grf
[info] ExternalForce::LeftGRF Data source being set to SRRun01_grf
[info] Storage: read data file = SRRun01_grf.mot (nr=10005 nc=19)
[info] ExternalForce::RightGRF Data source being set to SRRun01_grf
[info] ExternalForce::LeftGRF Data source being set to SRRun01_grf
[info] Storage: read data file = SRRun01_grf.mot (nr=10005 nc=19)
[info] ExternalForce::RightGRF Data source being set to SRRun01_grf
[info] ExternalForce::LeftGRF Data source being set to SRRun01_grf
[info] Storage: read data file = SRRun01_grf.mot (nr=10005 nc=19)
[info] ExternalForce::RightGRF Data source being set to SRRun01_grf
[info] ExternalForce::LeftGRF Data source being set to SRRun01_grf
[info] Storage: read data file = SRRun01_grf.mot (nr=10005 nc=19)
[info] ExternalForce::RightGRF Data source being set to SRRun01_grf
[info] ExternalForce::LeftGRF Data source being set to SRRun01_grf
[info] Storage: read data file = SRRun01_grf.mot (nr=10005 nc=19)
[info] ExternalForce::RightGRF Data source being set to SRRun01_grf
[info] ExternalForce::LeftGRF Data source being set to SRRun01_grf
[info] Storage: read data file = SRRun01_grf.mot (nr=10005 nc=19)
[info] ExternalForce::RightGRF Data source being set to SRRun01_grf
[info] ExternalForce::LeftGRF Data source being set to SRRun01_grf
[info] Storage: read data file = SRRun01_grf.mot (nr=10005 nc=19)
[info] ExternalForce::RightGRF Data source being set to SRRun01_grf
[info] ExternalForce::LeftGRF Data source being set to SRRun01_grf
[info] Storage: read data file = SRRun01_grf.mot (nr=10005 nc=19)
[info] ExternalForce::RightGRF Data source being set to SRRun01_grf
[info] ExternalForce::LeftGRF Data source being set to SRRun01_grf
[info] Storage: read data file = SRRun01_grf.mot (nr=10005 nc=19)
[info] ExternalForce::RightGRF Data source being set to SRRun01_grf
[info] ExternalForce::LeftGRF Data source being set to SRRun01_grf
[info] Storage: read data file = SRRun01_grf.mot (nr=10005 nc=19)
[info] ExternalForce::RightGRF Data source being set to SRRun01_grf
[info] ExternalForce::LeftGRF Data source being set to SRRun01_grf
[info] Storage: read data file = SRRun01_grf.mot (nr=10005 nc=19)
[info] ExternalForce::RightGRF Data source being set to SRRun01_grf
[info] ExternalForce::LeftGRF Data source being set to SRRun01_grf
[info] Storage: read data file = SRRun01_grf.mot (nr=10005 nc=19)
[info] ExternalForce::RightGRF Data source being set to SRRun01_grf
[info] ExternalForce::LeftGRF Data source being set to SRRun01_grf
[info] Storage: read data file = SRRun01_grf.mot (nr=10005 nc=19)
[info] ExternalForce::RightGRF Data source being set to SRRun01_grf
[info] ExternalForce::LeftGRF Data source being set to SRRun01_grf
[info] Storage: read data file = SRRun01_grf.mot (nr=10005 nc=19)
[info] ExternalForce::RightGRF Data source being set to SRRun01_grf
[info] ExternalForce::LeftGRF Data source being set to SRRun01_grf
[info] Storage: read data file = SRRun01_grf.mot (nr=10005 nc=19)
[info] ExternalForce::RightGRF Data source being set to SRRun01_grf
[info] ExternalForce::LeftGRF Data source being set to SRRun01_grf
[info] Storage: read data file = SRRun01_grf.mot (nr=10005 nc=19)
[info] ExternalForce::RightGRF Data source being set to SRRun01_grf
[info] ExternalForce::LeftGRF Data source being set to SRRun01_grf
[info] Storage: read data file = SRRun01_grf.mot (nr=10005 nc=19)
[info] ExternalForce::RightGRF Data source being set to SRRun01_grf
[info] ExternalForce::LeftGRF Data source being set to SRRun01_grf
[info] Storage: read data file = SRRun01_grf.mot (nr=10005 nc=19)
[info] ExternalForce::RightGRF Data source being set to SRRun01_grf
[info] ExternalForce::LeftGRF Data source being set to SRRun01_grf
[info] Storage: read data file = SRRun01_grf.mot (nr=10005 nc=19)
[info] ExternalForce::RightGRF Data source being set to SRRun01_grf
[info] ExternalForce::LeftGRF Data source being set to SRRun01_grf
[info] Storage: read data file = SRRun01_grf.mot (nr=10005 nc=19)
[info] ExternalForce::RightGRF Data source being set to SRRun01_grf
[info] ExternalForce::LeftGRF Data source being set to SRRun01_grf
[info] Storage: read data file = SRRun01_grf.mot (nr=10005 nc=19)
[info] ExternalForce::RightGRF Data source being set to SRRun01_grf
[info] ExternalForce::LeftGRF Data source being set to SRRun01_grf
[info] Storage: read data file = SRRun01_grf.mot (nr=10005 nc=19)
[info] ExternalForce::RightGRF Data source being set to SRRun01_grf
[info] ExternalForce::LeftGRF Data source being set to SRRun01_grf
[info] Storage: read data file = SRRun01_grf.mot (nr=10005 nc=19)
[info] ExternalForce::RightGRF Data source being set to SRRun01_grf
[info] ExternalForce::LeftGRF Data source being set to SRRun01_grf
[info] Storage: read data file = SRRun01_grf.mot (nr=10005 nc=19)
[info] ExternalForce::RightGRF Data source being set to SRRun01_grf
[info] ExternalForce::LeftGRF Data source being set to SRRun01_grf
[info] Storage: read data file = SRRun01_grf.mot (nr=10005 nc=19)
[info] ExternalForce::RightGRF Data source being set to SRRun01_grf
[info] ExternalForce::LeftGRF Data source being set to SRRun01_grf
[info] Storage: read data file = SRRun01_grf.mot (nr=10005 nc=19)
[info] ExternalForce::RightGRF Data source being set to SRRun01_grf
[info] ExternalForce::LeftGRF Data source being set to SRRun01_grf
[info] Storage: read data file = SRRun01_grf.mot (nr=10005 nc=19)
[info] ExternalForce::RightGRF Data source being set to SRRun01_grf
[info] ExternalForce::LeftGRF Data source being set to SRRun01_grf
[info] Storage: read data file = SRRun01_grf.mot (nr=10005 nc=19)
[info] ExternalForce::RightGRF Data source being set to SRRun01_grf
[info] ExternalForce::LeftGRF Data source being set to SRRun01_grf
[info] Storage: read data file = SRRun01_grf.mot (nr=10005 nc=19)
[info] ExternalForce::RightGRF Data source being set to SRRun01_grf
[info] ExternalForce::LeftGRF Data source being set to SRRun01_grf
[info] Storage: read data file = SRRun01_grf.mot (nr=10005 nc=19)
[info] ExternalForce::RightGRF Data source being set to SRRun01_grf
[info] ExternalForce::LeftGRF Data source being set to SRRun01_grf
[info] Storage: read data file = SRRun01_grf.mot (nr=10005 nc=19)
[info] ExternalForce::RightGRF Data source being set to SRRun01_grf
[info] ExternalForce::LeftGRF Data source being set to SRRun01_grf
[info] Storage: read data file = SRRun01_grf.mot (nr=10005 nc=19)
[info] ExternalForce::RightGRF Data source being set to SRRun01_grf
[info] ExternalForce::LeftGRF Data source being set to SRRun01_grf
[info] Storage: read data file = SRRun01_grf.mot (nr=10005 nc=19)
[info] ExternalForce::RightGRF Data source being set to SRRun01_grf
[info] ExternalForce::LeftGRF Data source being set to SRRun01_grf
[info] Storage: read data file = SRRun01_grf.mot (nr=10005 nc=19)
[info] ExternalForce::RightGRF Data source being set to SRRun01_grf
[info] ExternalForce::LeftGRF Data source being set to SRRun01_grf
[info] Storage: read data file = SRRun01_grf.mot (nr=10005 nc=19)
[info] ExternalForce::RightGRF Data source being set to SRRun01_grf
[info] ExternalForce::LeftGRF Data source being set to SRRun01_grf
[info] Storage: read data file = SRRun01_grf.mot (nr=10005 nc=19)
[info] ExternalForce::RightGRF Data source being set to SRRun01_grf
[info] ExternalForce::LeftGRF Data source being set to SRRun01_grf
[info] Storage: read data file = SRRun01_grf.mot (nr=10005 nc=19)
[info] ExternalForce::RightGRF Data source being set to SRRun01_grf
[info] ExternalForce::LeftGRF Data source being set to SRRun01_grf
[info] Storage: read data file = SRRun01_grf.mot (nr=10005 nc=19)
[info] ExternalForce::RightGRF Data source being set to SRRun01_grf
[info] ExternalForce::LeftGRF Data source being set to SRRun01_grf
[info] Storage: read data file = SRRun01_grf.mot (nr=10005 nc=19)
[info] ExternalForce::RightGRF Data source being set to SRRun01_grf
[info] ExternalForce::LeftGRF Data source being set to SRRun01_grf
[info] Storage: read data file = SRRun01_grf.mot (nr=10005 nc=19)
[info] ExternalForce::RightGRF Data source being set to SRRun01_grf
[info] ExternalForce::LeftGRF Data source being set to SRRun01_grf
[info] Storage: read data file = SRRun01_grf.mot (nr=10005 nc=19)
[info] ExternalForce::RightGRF Data source being set to SRRun01_grf
[info] ExternalForce::LeftGRF Data source being set to SRRun01_grf
[info] Storage: read data file = SRRun01_grf.mot (nr=10005 nc=19)
[info] ExternalForce::RightGRF Data source being set to SRRun01_grf
[info] ExternalForce::LeftGRF Data source being set to SRRun01_grf
[info] Storage: read data file = SRRun01_grf.mot (nr=10005 nc=19)
[info] ExternalForce::RightGRF Data source being set to SRRun01_grf
[info] ExternalForce::LeftGRF Data source being set to SRRun01_grf
[info] Storage: read data file = SRRun01_grf.mot (nr=10005 nc=19)
[info] ExternalForce::RightGRF Data source being set to SRRun01_grf
[info] ExternalForce::LeftGRF Data source being set to SRRun01_grf
[info] Storage: read data file = SRRun01_grf.mot (nr=10005 nc=19)
[info] ExternalForce::RightGRF Data source being set to SRRun01_grf
[info] ExternalForce::LeftGRF Data source being set to SRRun01_grf
[info] Storage: read data file = SRRun01_grf.mot (nr=10005 nc=19)
[info] ExternalForce::RightGRF Data source being set to SRRun01_grf
[info] ExternalForce::LeftGRF Data source being set to SRRun01_grf
[info] Storage: read data file = SRRun01_grf.mot (nr=10005 nc=19)
[info] ExternalForce::RightGRF Data source being set to SRRun01_grf
[info] ExternalForce::LeftGRF Data source being set to SRRun01_grf
[info] Storage: read data file = SRRun01_grf.mot (nr=10005 nc=19)
[info] ExternalForce::RightGRF Data source being set to SRRun01_grf
[info] ExternalForce::LeftGRF Data source being set to SRRun01_grf
[info] Storage: read data file = SRRun01_grf.mot (nr=10005 nc=19)
[info] ExternalForce::RightGRF Data source being set to SRRun01_grf
[info] ExternalForce::LeftGRF Data source being set to SRRun01_grf
[info] Storage: read data file = SRRun01_grf.mot (nr=10005 nc=19)
[info] ExternalForce::RightGRF Data source being set to SRRun01_grf
[info] ExternalForce::LeftGRF Data source being set to SRRun01_grf
[info] Storage: read data file = SRRun01_grf.mot (nr=10005 nc=19)
[info] ExternalForce::RightGRF Data source being set to SRRun01_grf
[info] ExternalForce::LeftGRF Data source being set to SRRun01_grf
[info] Storage: read data file = SRRun01_grf.mot (nr=10005 nc=19)
[info] ExternalForce::RightGRF Data source being set to SRRun01_grf
[info] ExternalForce::LeftGRF Data source being set to SRRun01_grf
[info] Storage: read data file = SRRun01_grf.mot (nr=10005 nc=19)
[info] ExternalForce::RightGRF Data source being set to SRRun01_grf
[info] ExternalForce::LeftGRF Data source being set to SRRun01_grf
[info] Storage: read data file = SRRun01_grf.mot (nr=10005 nc=19)
[info] ExternalForce::RightGRF Data source being set to SRRun01_grf
[info] ExternalForce::LeftGRF Data source being set to SRRun01_grf
[info] Storage: read data file = SRRun01_grf.mot (nr=10005 nc=19)
[info] ExternalForce::RightGRF Data source being set to SRRun01_grf
[info] ExternalForce::LeftGRF Data source being set to SRRun01_grf
[info] Storage: read data file = SRRun01_grf.mot (nr=10005 nc=19)
[info] ExternalForce::RightGRF Data source being set to SRRun01_grf
[info] ExternalForce::LeftGRF Data source being set to SRRun01_grf
[info] Storage: read data file = SRRun01_grf.mot (nr=10005 nc=19)
[info] ExternalForce::RightGRF Data source being set to SRRun01_grf
[info] ExternalForce::LeftGRF Data source being set to SRRun01_grf
[info] Storage: read data file = SRRun01_grf.mot (nr=10005 nc=19)
[info] ExternalForce::RightGRF Data source being set to SRRun01_grf
[info] ExternalForce::LeftGRF Data source being set to SRRun01_grf
[info] Storage: read data file = SRRun01_grf.mot (nr=10005 nc=19)
[info] ExternalForce::RightGRF Data source being set to SRRun01_grf
[info] ExternalForce::LeftGRF Data source being set to SRRun01_grf
[info] Storage: read data file = SRRun01_grf.mot (nr=10005 nc=19)
[info] ExternalForce::RightGRF Data source being set to SRRun01_grf
[info] ExternalForce::LeftGRF Data source being set to SRRun01_grf
[info] Storage: read data file = SRRun01_grf.mot (nr=10005 nc=19)
[info] ExternalForce::RightGRF Data source being set to SRRun01_grf
[info] ExternalForce::LeftGRF Data source being set to SRRun01_grf
[info] Storage: read data file = SRRun01_grf.mot (nr=10005 nc=19)
[info] ExternalForce::RightGRF Data source being set to SRRun01_grf
[info] ExternalForce::LeftGRF Data source being set to SRRun01_grf
[info] Storage: read data file = SRRun01_grf.mot (nr=10005 nc=19)
[info] ExternalForce::RightGRF Data source being set to SRRun01_grf
[info] ExternalForce::LeftGRF Data source being set to SRRun01_grf
[info] Storage: read data file = SRRun01_grf.mot (nr=10005 nc=19)
[info] ExternalForce::RightGRF Data source being set to SRRun01_grf
[info] ExternalForce::LeftGRF Data source being set to SRRun01_grf
[info] Storage: read data file = SRRun01_grf.mot (nr=10005 nc=19)
[info] ExternalForce::RightGRF Data source being set to SRRun01_grf
[info] ExternalForce::LeftGRF Data source being set to SRRun01_grf
[info] Storage: read data file = SRRun01_grf.mot (nr=10005 nc=19)
[info] ExternalForce::RightGRF Data source being set to SRRun01_grf
[info] ExternalForce::LeftGRF Data source being set to SRRun01_grf
[info] Storage: read data file = SRRun01_grf.mot (nr=10005 nc=19)
[info] ExternalForce::RightGRF Data source being set to SRRun01_grf
[info] ExternalForce::LeftGRF Data source being set to SRRun01_grf
[info] Storage: read data file = SRRun01_grf.mot (nr=10005 nc=19)
[info] ExternalForce::RightGRF Data source being set to SRRun01_grf
[info] ExternalForce::LeftGRF Data source being set to SRRun01_grf
[info] Storage: read data file = SRRun01_grf.mot (nr=10005 nc=19)
[info] ExternalForce::RightGRF Data source being set to SRRun01_grf
[info] ExternalForce::LeftGRF Data source being set to SRRun01_grf
[info] Storage: read data file = SRRun01_grf.mot (nr=10005 nc=19)
[info] ExternalForce::RightGRF Data source being set to SRRun01_grf
[info] ExternalForce::LeftGRF Data source being set to SRRun01_grf
[info] Storage: read data file = SRRun01_grf.mot (nr=10005 nc=19)
[info] ExternalForce::RightGRF Data source being set to SRRun01_grf
[info] ExternalForce::LeftGRF Data source being set to SRRun01_grf
[info] Storage: read data file = SRRun01_grf.mot (nr=10005 nc=19)
[info] ExternalForce::RightGRF Data source being set to SRRun01_grf
[info] ExternalForce::LeftGRF Data source being set to SRRun01_grf
[info] Storage: read data file = SRRun01_grf.mot (nr=10005 nc=19)
[info] ExternalForce::RightGRF Data source being set to SRRun01_grf
[info] ExternalForce::LeftGRF Data source being set to SRRun01_grf
[info] Storage: read data file = SRRun01_grf.mot (nr=10005 nc=19)
[info] ExternalForce::RightGRF Data source being set to SRRun01_grf
[info] ExternalForce::LeftGRF Data source being set to SRRun01_grf
[info] Storage: read data file = SRRun01_grf.mot (nr=10005 nc=19)
[info] ExternalForce::RightGRF Data source being set to SRRun01_grf
[info] ExternalForce::LeftGRF Data source being set to SRRun01_grf
[info] Storage: read data file = SRRun01_grf.mot (nr=10005 nc=19)
[info] ExternalForce::RightGRF Data source being set to SRRun01_grf
[info] ExternalForce::LeftGRF Data source being set to SRRun01_grf
[info] Storage: read data file = SRRun01_grf.mot (nr=10005 nc=19)
[info] ExternalForce::RightGRF Data source being set to SRRun01_grf
[info] ExternalForce::LeftGRF Data source being set to SRRun01_grf
[info] Storage: read data file = SRRun01_grf.mot (nr=10005 nc=19)
[info] ExternalForce::RightGRF Data source being set to SRRun01_grf
[info] ExternalForce::LeftGRF Data source being set to SRRun01_grf
[info] Storage: read data file = SRRun01_grf.mot (nr=10005 nc=19)
[info] ExternalForce::RightGRF Data source being set to SRRun01_grf
[info] ExternalForce::LeftGRF Data source being set to SRRun01_grf
[info] Storage: read data file = SRRun01_grf.mot (nr=10005 nc=19)
[info] ExternalForce::RightGRF Data source being set to SRRun01_grf
[info] ExternalForce::LeftGRF Data source being set to SRRun01_grf
[info] Storage: read data file = SRRun01_grf.mot (nr=10005 nc=19)
[info] ExternalForce::RightGRF Data source being set to SRRun01_grf
[info] ExternalForce::LeftGRF Data source being set to SRRun01_grf
[info] Storage: read data file = SRRun01_grf.mot (nr=10005 nc=19)
[info] ExternalForce::RightGRF Data source being set to SRRun01_grf
[info] ExternalForce::LeftGRF Data source being set to SRRun01_grf
[info] Storage: read data file = SRRun01_grf.mot (nr=10005 nc=19)
[info] ExternalForce::RightGRF Data source being set to SRRun01_grf
[info] ExternalForce::LeftGRF Data source being set to SRRun01_grf
[info] Storage: read data file = SRRun01_grf.mot (nr=10005 nc=19)
[info] ExternalForce::RightGRF Data source being set to SRRun01_grf
[info] ExternalForce::LeftGRF Data source being set to SRRun01_grf
[info] Storage: read data file = SRRun01_grf.mot (nr=10005 nc=19)
[info] ExternalForce::RightGRF Data source being set to SRRun01_grf
[info] ExternalForce::LeftGRF Data source being set to SRRun01_grf
[info] Storage: read data file = SRRun01_grf.mot (nr=10005 nc=19)
[info] ExternalForce::RightGRF Data source being set to SRRun01_grf
[info] ExternalForce::LeftGRF Data source being set to SRRun01_grf
[info] Storage: read data file = SRRun01_grf.mot (nr=10005 nc=19)
[info] ExternalForce::RightGRF Data source being set to SRRun01_grf
[info] ExternalForce::LeftGRF Data source being set to SRRun01_grf
[info] Storage: read data file = SRRun01_grf.mot (nr=10005 nc=19)
[info] ExternalForce::RightGRF Data source being set to SRRun01_grf
[info] ExternalForce::LeftGRF Data source being set to SRRun01_grf
[info] Storage: read data file = SRRun01_grf.mot (nr=10005 nc=19)
[info] ExternalForce::RightGRF Data source being set to SRRun01_grf
[info] ExternalForce::LeftGRF Data source being set to SRRun01_grf
[info] Storage: read data file = SRRun01_grf.mot (nr=10005 nc=19)
[info] ExternalForce::RightGRF Data source being set to SRRun01_grf
[info] ExternalForce::LeftGRF Data source being set to SRRun01_grf
[info] Storage: read data file = SRRun01_grf.mot (nr=10005 nc=19)
[info] ExternalForce::RightGRF Data source being set to SRRun01_grf
[info] ExternalForce::LeftGRF Data source being set to SRRun01_grf
[info] Storage: read data file = SRRun01_grf.mot (nr=10005 nc=19)
[info] ExternalForce::RightGRF Data source being set to SRRun01_grf
[info] ExternalForce::LeftGRF Data source being set to SRRun01_grf
[info] Storage: read data file = SRRun01_grf.mot (nr=10005 nc=19)
[info] ExternalForce::RightGRF Data source being set to SRRun01_grf
[info] ExternalForce::LeftGRF Data source being set to SRRun01_grf
[info] Storage: read data file = SRRun01_grf.mot (nr=10005 nc=19)
[info] ExternalForce::RightGRF Data source being set to SRRun01_grf
[info] ExternalForce::LeftGRF Data source being set to SRRun01_grf
[info] Storage: read data file = SRRun01_grf.mot (nr=10005 nc=19)
[info] ExternalForce::RightGRF Data source being set to SRRun01_grf
[info] ExternalForce::LeftGRF Data source being set to SRRun01_grf
[info] Storage: read data file = SRRun01_grf.mot (nr=10005 nc=19)
[info] ExternalForce::RightGRF Data source being set to SRRun01_grf
[info] ExternalForce::LeftGRF Data source being set to SRRun01_grf
[info] Storage: read data file = SRRun01_grf.mot (nr=10005 nc=19)
[info] ExternalForce::RightGRF Data source being set to SRRun01_grf
[info] ExternalForce::LeftGRF Data source being set to SRRun01_grf
[info] Storage: read data file = SRRun01_grf.mot (nr=10005 nc=19)
[info] ExternalForce::RightGRF Data source being set to SRRun01_grf
[info] ExternalForce::LeftGRF Data source being set to SRRun01_grf
[info] Storage: read data file = SRRun01_grf.mot (nr=10005 nc=19)
[info] ExternalForce::RightGRF Data source being set to SRRun01_grf
[info] ExternalForce::LeftGRF Data source being set to SRRun01_grf
[info] Storage: read data file = SRRun01_grf.mot (nr=10005 nc=19)
[info] ExternalForce::RightGRF Data source being set to SRRun01_grf
[info] ExternalForce::LeftGRF Data source being set to SRRun01_grf
[info] Storage: read data file = SRRun01_grf.mot (nr=10005 nc=19)
[info] ExternalForce::RightGRF Data source being set to SRRun01_grf
[info] ExternalForce::LeftGRF Data source being set to SRRun01_grf
[info] Storage: read data file = SRRun01_grf.mot (nr=10005 nc=19)
[info] ExternalForce::RightGRF Data source being set to SRRun01_grf
[info] ExternalForce::LeftGRF Data source being set to SRRun01_grf
[info] Storage: read data file = SRRun01_grf.mot (nr=10005 nc=19)
[info] ExternalForce::RightGRF Data source being set to SRRun01_grf
[info] ExternalForce::LeftGRF Data source being set to SRRun01_grf
[info] Storage: read data file = SRRun01_grf.mot (nr=10005 nc=19)
[info] ExternalForce::RightGRF Data source being set to SRRun01_grf
[info] ExternalForce::LeftGRF Data source being set to SRRun01_grf
[info] Storage: read data file = SRRun01_grf.mot (nr=10005 nc=19)
[info] ExternalForce::RightGRF Data source being set to SRRun01_grf
[info] ExternalForce::LeftGRF Data source being set to SRRun01_grf
[info] Storage: read data file = SRRun01_grf.mot (nr=10005 nc=19)
[info] ExternalForce::RightGRF Data source being set to SRRun01_grf
[info] ExternalForce::LeftGRF Data source being set to SRRun01_grf
[info] Storage: read data file = SRRun01_grf.mot (nr=10005 nc=19)
[info] ExternalForce::RightGRF Data source being set to SRRun01_grf
[info] ExternalForce::LeftGRF Data source being set to SRRun01_grf
[info] Storage: read data file = SRRun01_grf.mot (nr=10005 nc=19)
[info] ExternalForce::RightGRF Data source being set to SRRun01_grf
[info] ExternalForce::LeftGRF Data source being set to SRRun01_grf
[info] Storage: read data file = SRRun01_grf.mot (nr=10005 nc=19)
[info] ExternalForce::RightGRF Data source being set to SRRun01_grf
[info] ExternalForce::LeftGRF Data source being set to SRRun01_grf
[info] Storage: read data file = SRRun01_grf.mot (nr=10005 nc=19)
[info] ExternalForce::RightGRF Data source being set to SRRun01_grf
[info] ExternalForce::LeftGRF Data source being set to SRRun01_grf
[info] Storage: read data file = SRRun01_grf.mot (nr=10005 nc=19)
[info] ExternalForce::RightGRF Data source being set to SRRun01_grf
[info] ExternalForce::LeftGRF Data source being set to SRRun01_grf
[info] Storage: read data file = SRRun01_grf.mot (nr=10005 nc=19)
[info] ExternalForce::RightGRF Data source being set to SRRun01_grf
[info] ExternalForce::LeftGRF Data source being set to SRRun01_grf
[info] Storage: read data file = SRRun01_grf.mot (nr=10005 nc=19)
[info] ExternalForce::RightGRF Data source being set to SRRun01_grf
[info] ExternalForce::LeftGRF Data source being set to SRRun01_grf
[info] Storage: read data file = SRRun01_grf.mot (nr=10005 nc=19)
[info] ExternalForce::RightGRF Data source being set to SRRun01_grf
[info] ExternalForce::LeftGRF Data source being set to SRRun01_grf
[info] Storage: read data file = SRRun01_grf.mot (nr=10005 nc=19)
[info] ExternalForce::RightGRF Data source being set to SRRun01_grf
[info] ExternalForce::LeftGRF Data source being set to SRRun01_grf
[info] Storage: read data file = SRRun01_grf.mot (nr=10005 nc=19)
[info] ExternalForce::RightGRF Data source being set to SRRun01_grf
[info] ExternalForce::LeftGRF Data source being set to SRRun01_grf
[info] Storage: read data file = SRRun01_grf.mot (nr=10005 nc=19)
[info] ExternalForce::RightGRF Data source being set to SRRun01_grf
[info] ExternalForce::LeftGRF Data source being set to SRRun01_grf
[info] Storage: read data file = SRRun01_grf.mot (nr=10005 nc=19)
[info] ExternalForce::RightGRF Data source being set to SRRun01_grf
[info] ExternalForce::LeftGRF Data source being set to SRRun01_grf
[info] Storage: read data file = SRRun01_grf.mot (nr=10005 nc=19)
[info] ExternalForce::RightGRF Data source being set to SRRun01_grf
[info] ExternalForce::LeftGRF Data source being set to SRRun01_grf
[info] Storage: read data file = SRRun01_grf.mot (nr=10005 nc=19)
[info] ExternalForce::RightGRF Data source being set to SRRun01_grf
[info] ExternalForce::LeftGRF Data source being set to SRRun01_grf
[info] Storage: read data file = SRRun01_grf.mot (nr=10005 nc=19)
[info] ExternalForce::RightGRF Data source being set to SRRun01_grf
[info] ExternalForce::LeftGRF Data source being set to SRRun01_grf
[info] Storage: read data file = SRRun01_grf.mot (nr=10005 nc=19)
[info] ExternalForce::RightGRF Data source being set to SRRun01_grf
[info] ExternalForce::LeftGRF Data source being set to SRRun01_grf
[info] Storage: read data file = SRRun01_grf.mot (nr=10005 nc=19)
[info] ExternalForce::RightGRF Data source being set to SRRun01_grf
[info] ExternalForce::LeftGRF Data source being set to SRRun01_grf
[info] Storage: read data file = SRRun01_grf.mot (nr=10005 nc=19)
[info] ExternalForce::RightGRF Data source being set to SRRun01_grf
[info] ExternalForce::LeftGRF Data source being set to SRRun01_grf
[info] Storage: read data file = SRRun01_grf.mot (nr=10005 nc=19)
[info] ExternalForce::RightGRF Data source being set to SRRun01_grf
[info] ExternalForce::LeftGRF Data source being set to SRRun01_grf
[info] Storage: read data file = SRRun01_grf.mot (nr=10005 nc=19)
[info] ExternalForce::RightGRF Data source being set to SRRun01_grf
[info] ExternalForce::LeftGRF Data source being set to SRRun01_grf
[info] Storage: read data file = SRRun01_grf.mot (nr=10005 nc=19)
[info] ExternalForce::RightGRF Data source being set to SRRun01_grf
[info] ExternalForce::LeftGRF Data source being set to SRRun01_grf
[info] Storage: read data file = SRRun01_grf.mot (nr=10005 nc=19)
[info] ExternalForce::RightGRF Data source being set to SRRun01_grf
[info] ExternalForce::LeftGRF Data source being set to SRRun01_grf
[info] Storage: read data file = SRRun01_grf.mot (nr=10005 nc=19)
[info] ExternalForce::RightGRF Data source being set to SRRun01_grf
[info] ExternalForce::LeftGRF Data source being set to SRRun01_grf
[info] Storage: read data file = SRRun01_grf.mot (nr=10005 nc=19)
[info] ExternalForce::RightGRF Data source being set to SRRun01_grf
[info] ExternalForce::LeftGRF Data source being set to SRRun01_grf
[info] Storage: read data file = SRRun01_grf.mot (nr=10005 nc=19)
[info] ExternalForce::RightGRF Data source being set to SRRun01_grf
[info] ExternalForce::LeftGRF Data source being set to SRRun01_grf
[info] Storage: read data file = SRRun01_grf.mot (nr=10005 nc=19)
[info] ExternalForce::RightGRF Data source being set to SRRun01_grf
[info] ExternalForce::LeftGRF Data source being set to SRRun01_grf
[info] Storage: read data file = SRRun01_grf.mot (nr=10005 nc=19)
[info] ExternalForce::RightGRF Data source being set to SRRun01_grf
[info] ExternalForce::LeftGRF Data source being set to SRRun01_grf
[info] Storage: read data file = SRRun01_grf.mot (nr=10005 nc=19)
[info] ExternalForce::RightGRF Data source being set to SRRun01_grf
[info] ExternalForce::LeftGRF Data source being set to SRRun01_grf
[info] Storage: read data file = SRRun01_grf.mot (nr=10005 nc=19)
[info] ExternalForce::RightGRF Data source being set to SRRun01_grf
[info] ExternalForce::LeftGRF Data source being set to SRRun01_grf
[info] Storage: read data file = SRRun01_grf.mot (nr=10005 nc=19)
[info] ExternalForce::RightGRF Data source being set to SRRun01_grf
[info] ExternalForce::LeftGRF Data source being set to SRRun01_grf
[info] Storage: read data file = SRRun01_grf.mot (nr=10005 nc=19)
[info] ExternalForce::RightGRF Data source being set to SRRun01_grf
[info] ExternalForce::LeftGRF Data source being set to SRRun01_grf
[info] Storage: read data file = SRRun01_grf.mot (nr=10005 nc=19)
[info] ExternalForce::RightGRF Data source being set to SRRun01_grf
[info] ExternalForce::LeftGRF Data source being set to SRRun01_grf
[info] Storage: read data file = SRRun01_grf.mot (nr=10005 nc=19)
[info] ExternalForce::RightGRF Data source being set to SRRun01_grf
[info] ExternalForce::LeftGRF Data source being set to SRRun01_grf
[info] Storage: read data file = SRRun01_grf.mot (nr=10005 nc=19)
[info] ExternalForce::RightGRF Data source being set to SRRun01_grf
[info] ExternalForce::LeftGRF Data source being set to SRRun01_grf
[info] Storage: read data file = SRRun01_grf.mot (nr=10005 nc=19)
[info] ExternalForce::RightGRF Data source being set to SRRun01_grf
[info] ExternalForce::LeftGRF Data source being set to SRRun01_grf
[info] Storage: read data file = SRRun01_grf.mot (nr=10005 nc=19)
[info] ExternalForce::RightGRF Data source being set to SRRun01_grf
[info] ExternalForce::LeftGRF Data source being set to SRRun01_grf
[info] Storage: read data file = SRRun01_grf.mot (nr=10005 nc=19)
[info] ExternalForce::RightGRF Data source being set to SRRun01_grf
[info] ExternalForce::LeftGRF Data source being set to SRRun01_grf
[info] Storage: read data file = SRRun01_grf.mot (nr=10005 nc=19)
[info] ExternalForce::RightGRF Data source being set to SRRun01_grf
[info] ExternalForce::LeftGRF Data source being set to SRRun01_grf
[info] Storage: read data file = SRRun01_grf.mot (nr=10005 nc=19)
[info] ExternalForce::RightGRF Data source being set to SRRun01_grf
[info] ExternalForce::LeftGRF Data source being set to SRRun01_grf
[info] Storage: read data file = SRRun01_grf.mot (nr=10005 nc=19)
[info] ExternalForce::RightGRF Data source being set to SRRun01_grf
[info] ExternalForce::LeftGRF Data source being set to SRRun01_grf
[info] Storage: read data file = SRRun01_grf.mot (nr=10005 nc=19)
[info] ExternalForce::RightGRF Data source being set to SRRun01_grf
[info] ExternalForce::LeftGRF Data source being set to SRRun01_grf
[info] Storage: read data file = SRRun01_grf.mot (nr=10005 nc=19)
[info] ExternalForce::RightGRF Data source being set to SRRun01_grf
[info] ExternalForce::LeftGRF Data source being set to SRRun01_grf
[info] Storage: read data file = SRRun01_grf.mot (nr=10005 nc=19)
[info] ExternalForce::RightGRF Data source being set to SRRun01_grf
[info] ExternalForce::LeftGRF Data source being set to SRRun01_grf
[info] Storage: read data file = SRRun01_grf.mot (nr=10005 nc=19)
[info] ExternalForce::RightGRF Data source being set to SRRun01_grf
[info] ExternalForce::LeftGRF Data source being set to SRRun01_grf
[info] Storage: read data file = SRRun01_grf.mot (nr=10005 nc=19)
[info] ExternalForce::RightGRF Data source being set to SRRun01_grf
[info] ExternalForce::LeftGRF Data source being set to SRRun01_grf
[info] Storage: read data file = SRRun01_grf.mot (nr=10005 nc=19)
[info] ExternalForce::RightGRF Data source being set to SRRun01_grf
[info] ExternalForce::LeftGRF Data source being set to SRRun01_grf
[info] Storage: read data file = SRRun01_grf.mot (nr=10005 nc=19)
[info] ExternalForce::RightGRF Data source being set to SRRun01_grf
[info] ExternalForce::LeftGRF Data source being set to SRRun01_grf
[info] Storage: read data file = SRRun01_grf.mot (nr=10005 nc=19)
[info] ExternalForce::RightGRF Data source being set to SRRun01_grf
[info] ExternalForce::LeftGRF Data source being set to SRRun01_grf
[info] Storage: read data file = SRRun01_grf.mot (nr=10005 nc=19)
[info] ExternalForce::RightGRF Data source being set to SRRun01_grf
[info] ExternalForce::LeftGRF Data source being set to SRRun01_grf
[info] Storage: read data file = SRRun01_grf.mot (nr=10005 nc=19)
[info] ExternalForce::RightGRF Data source being set to SRRun01_grf
[info] ExternalForce::LeftGRF Data source being set to SRRun01_grf
[info] Storage: read data file = SRRun01_grf.mot (nr=10005 nc=19)
[info] ExternalForce::RightGRF Data source being set to SRRun01_grf
[info] ExternalForce::LeftGRF Data source being set to SRRun01_grf
[info] Storage: read data file = SRRun01_grf.mot (nr=10005 nc=19)
[info] ExternalForce::RightGRF Data source being set to SRRun01_grf
[info] ExternalForce::LeftGRF Data source being set to SRRun01_grf
[info] Storage: read data file = SRRun01_grf.mot (nr=10005 nc=19)
[info] ExternalForce::RightGRF Data source being set to SRRun01_grf
[info] ExternalForce::LeftGRF Data source being set to SRRun01_grf
[info] Storage: read data file = SRRun01_grf.mot (nr=10005 nc=19)
[info] ExternalForce::RightGRF Data source being set to SRRun01_grf
[info] ExternalForce::LeftGRF Data source being set to SRRun01_grf
[info] Storage: read data file = SRRun01_grf.mot (nr=10005 nc=19)
[info] ExternalForce::RightGRF Data source being set to SRRun01_grf
[info] ExternalForce::LeftGRF Data source being set to SRRun01_grf
[info] Storage: read data file = SRRun01_grf.mot (nr=10005 nc=19)
[info] ExternalForce::RightGRF Data source being set to SRRun01_grf
[info] ExternalForce::LeftGRF Data source being set to SRRun01_grf
[info] Storage: read data file = SRRun01_grf.mot (nr=10005 nc=19)
[info] ExternalForce::RightGRF Data source being set to SRRun01_grf
[info] ExternalForce::LeftGRF Data source being set to SRRun01_grf
[info] Storage: read data file = SRRun01_grf.mot (nr=10005 nc=19)
[info] ExternalForce::RightGRF Data source being set to SRRun01_grf
[info] ExternalForce::LeftGRF Data source being set to SRRun01_grf
[info] Storage: read data file = SRRun01_grf.mot (nr=10005 nc=19)
[info] ExternalForce::RightGRF Data source being set to SRRun01_grf
[info] ExternalForce::LeftGRF Data source being set to SRRun01_grf
[info] Storage: read data file = SRRun01_grf.mot (nr=10005 nc=19)
[info] ExternalForce::RightGRF Data source being set to SRRun01_grf
[info] ExternalForce::LeftGRF Data source being set to SRRun01_grf
[info] Storage: read data file = SRRun01_grf.mot (nr=10005 nc=19)
[info] ExternalForce::RightGRF Data source being set to SRRun01_grf
[info] ExternalForce::LeftGRF Data source being set to SRRun01_grf
[info] Storage: read data file = SRRun01_grf.mot (nr=10005 nc=19)
[info] ExternalForce::RightGRF Data source being set to SRRun01_grf
[info] ExternalForce::LeftGRF Data source being set to SRRun01_grf
[info] Storage: read data file = SRRun01_grf.mot (nr=10005 nc=19)
[info] ExternalForce::RightGRF Data source being set to SRRun01_grf
[info] ExternalForce::LeftGRF Data source being set to SRRun01_grf
[info] Storage: read data file = SRRun01_grf.mot (nr=10005 nc=19)
[info] ExternalForce::RightGRF Data source being set to SRRun01_grf
[info] ExternalForce::LeftGRF Data source being set to SRRun01_grf
[info] Storage: read data file = SRRun01_grf.mot (nr=10005 nc=19)
[info] ExternalForce::RightGRF Data source being set to SRRun01_grf
[info] ExternalForce::LeftGRF Data source being set to SRRun01_grf
[info] Storage: read data file = SRRun01_grf.mot (nr=10005 nc=19)
[info] ExternalForce::RightGRF Data source being set to SRRun01_grf
[info] ExternalForce::LeftGRF Data source being set to SRRun01_grf
[info] Storage: read data file = SRRun01_grf.mot (nr=10005 nc=19)
[info] ExternalForce::RightGRF Data source being set to SRRun01_grf
[info] ExternalForce::LeftGRF Data source being set to SRRun01_grf
[info] Storage: read data file = SRRun01_grf.mot (nr=10005 nc=19)
[info] ExternalForce::RightGRF Data source being set to SRRun01_grf
[info] ExternalForce::LeftGRF Data source being set to SRRun01_grf
[info] Storage: read data file = SRRun01_grf.mot (nr=10005 nc=19)
[info] ExternalForce::RightGRF Data source being set to SRRun01_grf
[info] ExternalForce::LeftGRF Data source being set to SRRun01_grf
[info] Storage: read data file = SRRun01_grf.mot (nr=10005 nc=19)
[info] ExternalForce::RightGRF Data source being set to SRRun01_grf
[info] ExternalForce::LeftGRF Data source being set to SRRun01_grf
[info] Storage: read data file = SRRun01_grf.mot (nr=10005 nc=19)
[info] ExternalForce::RightGRF Data source being set to SRRun01_grf
[info] ExternalForce::LeftGRF Data source being set to SRRun01_grf
[info] Storage: read data file = SRRun01_grf.mot (nr=10005 nc=19)
[info] ExternalForce::RightGRF Data source being set to SRRun01_grf
[info] ExternalForce::LeftGRF Data source being set to SRRun01_grf
[info] Storage: read data file = SRRun01_grf.mot (nr=10005 nc=19)
[info] ExternalForce::RightGRF Data source being set to SRRun01_grf
[info] ExternalForce::LeftGRF Data source being set to SRRun01_grf
[info] Storage: read data file = SRRun01_grf.mot (nr=10005 nc=19)
[info] ExternalForce::RightGRF Data source being set to SRRun01_grf
[info] ExternalForce::LeftGRF Data source being set to SRRun01_grf
[info] Storage: read data file = SRRun01_grf.mot (nr=10005 nc=19)
[info] ExternalForce::RightGRF Data source being set to SRRun01_grf
[info] ExternalForce::LeftGRF Data source being set to SRRun01_grf
[info] Storage: read data file = SRRun01_grf.mot (nr=10005 nc=19)
[info] ExternalForce::RightGRF Data source being set to SRRun01_grf
[info] ExternalForce::LeftGRF Data source being set to SRRun01_grf
[info] Storage: read data file = SRRun01_grf.mot (nr=10005 nc=19)
[info] ExternalForce::RightGRF Data source being set to SRRun01_grf
[info] ExternalForce::LeftGRF Data source being set to SRRun01_grf
[info] Storage: read data file = SRRun01_grf.mot (nr=10005 nc=19)
[info] ExternalForce::RightGRF Data source being set to SRRun01_grf
[info] ExternalForce::LeftGRF Data source being set to SRRun01_grf
[info] Storage: read data file = SRRun01_grf.mot (nr=10005 nc=19)
[info] ExternalForce::RightGRF Data source being set to SRRun01_grf
[info] ExternalForce::LeftGRF Data source being set to SRRun01_grf
[info] Storage: read data file = SRRun01_grf.mot (nr=10005 nc=19)
[info] ExternalForce::RightGRF Data source being set to SRRun01_grf
[info] ExternalForce::LeftGRF Data source being set to SRRun01_grf
[info] Storage: read data file = SRRun01_grf.mot (nr=10005 nc=19)
[info] ExternalForce::RightGRF Data source being set to SRRun01_grf
[info] ExternalForce::LeftGRF Data source being set to SRRun01_grf
[info] Storage: read data file = SRRun01_grf.mot (nr=10005 nc=19)
[info] ExternalForce::RightGRF Data source being set to SRRun01_grf
[info] ExternalForce::LeftGRF Data source being set to SRRun01_grf
[info] Storage: read data file = SRRun01_grf.mot (nr=10005 nc=19)
[info] ExternalForce::RightGRF Data source being set to SRRun01_grf
[info] ExternalForce::LeftGRF Data source being set to SRRun01_grf
[info] Storage: read data file = SRRun01_grf.mot (nr=10005 nc=19)
[info] ExternalForce::RightGRF Data source being set to SRRun01_grf
[info] ExternalForce::LeftGRF Data source being set to SRRun01_grf
[info] Storage: read data file = SRRun01_grf.mot (nr=10005 nc=19)
[info] ExternalForce::RightGRF Data source being set to SRRun01_grf
[info] ExternalForce::LeftGRF Data source being set to SRRun01_grf
[info] Storage: read data file = SRRun01_grf.mot (nr=10005 nc=19)
[info] ExternalForce::RightGRF Data source being set to SRRun01_grf
[info] ExternalForce::LeftGRF Data source being set to SRRun01_grf
[info] Storage: read data file = SRRun01_grf.mot (nr=10005 nc=19)
[info] ExternalForce::RightGRF Data source being set to SRRun01_grf
[info] ExternalForce::LeftGRF Data source being set to SRRun01_grf
[info] Storage: read data file = SRRun01_grf.mot (nr=10005 nc=19)
[info] ExternalForce::RightGRF Data source being set to SRRun01_grf
[info] ExternalForce::LeftGRF Data source being set to SRRun01_grf
[info] Storage: read data file = SRRun01_grf.mot (nr=10005 nc=19)
[info] ExternalForce::RightGRF Data source being set to SRRun01_grf
[info] ExternalForce::LeftGRF Data source being set to SRRun01_grf
[info] Storage: read data file = SRRun01_grf.mot (nr=10005 nc=19)
[info] ExternalForce::RightGRF Data source being set to SRRun01_grf
[info] ExternalForce::LeftGRF Data source being set to SRRun01_grf
[info] Storage: read data file = SRRun01_grf.mot (nr=10005 nc=19)
[info] ExternalForce::RightGRF Data source being set to SRRun01_grf
[info] ExternalForce::LeftGRF Data source being set to SRRun01_grf
[info] Storage: read data file = SRRun01_grf.mot (nr=10005 nc=19)
[info] ExternalForce::RightGRF Data source being set to SRRun01_grf
[info] ExternalForce::LeftGRF Data source being set to SRRun01_grf
[info] Storage: read data file = SRRun01_grf.mot (nr=10005 nc=19)
[info] ExternalForce::RightGRF Data source being set to SRRun01_grf
[info] ExternalForce::LeftGRF Data source being set to SRRun01_grf
[info] Storage: read data file = SRRun01_grf.mot (nr=10005 nc=19)
[info] ExternalForce::RightGRF Data source being set to SRRun01_grf
[info] ExternalForce::LeftGRF Data source being set to SRRun01_grf
[info] Storage: read data file = SRRun01_grf.mot (nr=10005 nc=19)
[info] ExternalForce::RightGRF Data source being set to SRRun01_grf
[info] ExternalForce::LeftGRF Data source being set to SRRun01_grf
[info] Storage: read data file = SRRun01_grf.mot (nr=10005 nc=19)
[info] ExternalForce::RightGRF Data source being set to SRRun01_grf
[info] ExternalForce::LeftGRF Data source being set to SRRun01_grf
[info] Storage: read data file = SRRun01_grf.mot (nr=10005 nc=19)
[info] ExternalForce::RightGRF Data source being set to SRRun01_grf
[info] ExternalForce::LeftGRF Data source being set to SRRun01_grf
[info] Storage: read data file = SRRun01_grf.mot (nr=10005 nc=19)
[info] ExternalForce::RightGRF Data source being set to SRRun01_grf
[info] ExternalForce::LeftGRF Data source being set to SRRun01_grf
[info] Storage: read data file = SRRun01_grf.mot (nr=10005 nc=19)
[info] ExternalForce::RightGRF Data source being set to SRRun01_grf
[info] ExternalForce::LeftGRF Data source being set to SRRun01_grf
[info] Storage: read data file = SRRun01_grf.mot (nr=10005 nc=19)
[info] ExternalForce::RightGRF Data source being set to SRRun01_grf
[info] ExternalForce::LeftGRF Data source being set to SRRun01_grf
[info] Storage: read data file = SRRun01_grf.mot (nr=10005 nc=19)
[info] ExternalForce::RightGRF Data source being set to SRRun01_grf
[info] ExternalForce::LeftGRF Data source being set to SRRun01_grf
[info] Storage: read data file = SRRun01_grf.mot (nr=10005 nc=19)
[info] ExternalForce::RightGRF Data source being set to SRRun01_grf
[info] ExternalForce::LeftGRF Data source being set to SRRun01_grf
[info] Storage: read data file = SRRun01_grf.mot (nr=10005 nc=19)
[info] ExternalForce::RightGRF Data source being set to SRRun01_grf
[info] ExternalForce::LeftGRF Data source being set to SRRun01_grf
[info] Storage: read data file = SRRun01_grf.mot (nr=10005 nc=19)
[info] ExternalForce::RightGRF Data source being set to SRRun01_grf
[info] ExternalForce::LeftGRF Data source being set to SRRun01_grf
[info] Storage: read data file = SRRun01_grf.mot (nr=10005 nc=19)
[info] ExternalForce::RightGRF Data source being set to SRRun01_grf
[info] ExternalForce::LeftGRF Data source being set to SRRun01_grf
[info] Storage: read data file = SRRun01_grf.mot (nr=10005 nc=19)
[info] ExternalForce::RightGRF Data source being set to SRRun01_grf
[info] ExternalForce::LeftGRF Data source being set to SRRun01_grf
[info] Storage: read data file = SRRun01_grf.mot (nr=10005 nc=19)
[info] ExternalForce::RightGRF Data source being set to SRRun01_grf
[info] ExternalForce::LeftGRF Data source being set to SRRun01_grf
[info] Storage: read data file = SRRun01_grf.mot (nr=10005 nc=19)
[info] ExternalForce::RightGRF Data source being set to SRRun01_grf
[info] ExternalForce::LeftGRF Data source being set to SRRun01_grf
[info] Storage: read data file = SRRun01_grf.mot (nr=10005 nc=19)
[info] ExternalForce::RightGRF Data source being set to SRRun01_grf
[info] ExternalForce::LeftGRF Data source being set to SRRun01_grf
[info] Storage: read data file = SRRun01_grf.mot (nr=10005 nc=19)
[info] ExternalForce::RightGRF Data source being set to SRRun01_grf
[info] ExternalForce::LeftGRF Data source being set to SRRun01_grf
[info] Storage: read data file = SRRun01_grf.mot (nr=10005 nc=19)
[info] ExternalForce::RightGRF Data source being set to SRRun01_grf
[info] ExternalForce::LeftGRF Data source being set to SRRun01_grf
[info] Storage: read data file = SRRun01_grf.mot (nr=10005 nc=19)
[info] ExternalForce::RightGRF Data source being set to SRRun01_grf
[info] ExternalForce::LeftGRF Data source being set to SRRun01_grf
[info] Storage: read data file = SRRun01_grf.mot (nr=10005 nc=19)
[info] ExternalForce::RightGRF Data source being set to SRRun01_grf
[info] ExternalForce::LeftGRF Data source being set to SRRun01_grf
[info] Storage: read data file = SRRun01_grf.mot (nr=10005 nc=19)
[info] ExternalForce::RightGRF Data source being set to SRRun01_grf
[info] ExternalForce::LeftGRF Data source being set to SRRun01_grf
[info] Storage: read data file = SRRun01_grf.mot (nr=10005 nc=19)
[info] ExternalForce::RightGRF Data source being set to SRRun01_grf
[info] ExternalForce::LeftGRF Data source being set to SRRun01_grf
[info] Storage: read data file = SRRun01_grf.mot (nr=10005 nc=19)
[info] ExternalForce::RightGRF Data source being set to SRRun01_grf
[info] ExternalForce::LeftGRF Data source being set to SRRun01_grf
[info] Storage: read data file = SRRun01_grf.mot (nr=10005 nc=19)
[info] ExternalForce::RightGRF Data source being set to SRRun01_grf
[info] ExternalForce::LeftGRF Data source being set to SRRun01_grf
[info] Storage: read data file = SRRun01_grf.mot (nr=10005 nc=19)
[info] ExternalForce::RightGRF Data source being set to SRRun01_grf
[info] ExternalForce::LeftGRF Data source being set to SRRun01_grf
[info] Storage: read data file = SRRun01_grf.mot (nr=10005 nc=19)
[info] ExternalForce::RightGRF Data source being set to SRRun01_grf
[info] ExternalForce::LeftGRF Data source being set to SRRun01_grf
[info] Storage: read data file = SRRun01_grf.mot (nr=10005 nc=19)
[info] ExternalForce::RightGRF Data source being set to SRRun01_grf
[info] ExternalForce::LeftGRF Data source being set to SRRun01_grf
[info] Storage: read data file = SRRun01_grf.mot (nr=10005 nc=19)
[info] ExternalForce::RightGRF Data source being set to SRRun01_grf
[info] ExternalForce::LeftGRF Data source being set to SRRun01_grf
[info] Storage: read data file = SRRun01_grf.mot (nr=10005 nc=19)
[info] ExternalForce::RightGRF Data source being set to SRRun01_grf
[info] ExternalForce::LeftGRF Data source being set to SRRun01_grf
[info] Storage: read data file = SRRun01_grf.mot (nr=10005 nc=19)
[info] ExternalForce::RightGRF Data source being set to SRRun01_grf
[info] ExternalForce::LeftGRF Data source being set to SRRun01_grf
[info] Storage: read data file = SRRun01_grf.mot (nr=10005 nc=19)
[info] ExternalForce::RightGRF Data source being set to SRRun01_grf
[info] ExternalForce::LeftGRF Data source being set to SRRun01_grf
[info] Storage: read data file = SRRun01_grf.mot (nr=10005 nc=19)
[info] ExternalForce::RightGRF Data source being set to SRRun01_grf
[info] ExternalForce::LeftGRF Data source being set to SRRun01_grf
[info] Storage: read data file = SRRun01_grf.mot (nr=10005 nc=19)
[info] ExternalForce::RightGRF Data source being set to SRRun01_grf
[info] ExternalForce::LeftGRF Data source being set to SRRun01_grf
[info] Storage: read data file = SRRun01_grf.mot (nr=10005 nc=19)
[info] ExternalForce::RightGRF Data source being set to SRRun01_grf
[info] ExternalForce::LeftGRF Data source being set to SRRun01_grf
[info] Storage: read data file = SRRun01_grf.mot (nr=10005 nc=19)
[info] ExternalForce::RightGRF Data source being set to SRRun01_grf
[info] ExternalForce::LeftGRF Data source being set to SRRun01_grf
[info] Storage: read data file = SRRun01_grf.mot (nr=10005 nc=19)
[info] ExternalForce::RightGRF Data source being set to SRRun01_grf
[info] ExternalForce::LeftGRF Data source being set to SRRun01_grf
[info] Storage: read data file = SRRun01_grf.mot (nr=10005 nc=19)
[info] ExternalForce::RightGRF Data source being set to SRRun01_grf
[info] ExternalForce::LeftGRF Data source being set to SRRun01_grf
[info] Storage: read data file = SRRun01_grf.mot (nr=10005 nc=19)
[info] ExternalForce::RightGRF Data source being set to SRRun01_grf
[info] ExternalForce::LeftGRF Data source being set to SRRun01_grf
[info] Storage: read data file = SRRun01_grf.mot (nr=10005 nc=19)
[info] ExternalForce::RightGRF Data source being set to SRRun01_grf
[info] ExternalForce::LeftGRF Data source being set to SRRun01_grf
[info] Storage: read data file = SRRun01_grf.mot (nr=10005 nc=19)
[info] ExternalForce::RightGRF Data source being set to SRRun01_grf
[info] ExternalForce::LeftGRF Data source being set to SRRun01_grf
[info] Storage: read data file = SRRun01_grf.mot (nr=10005 nc=19)
[info] ExternalForce::RightGRF Data source being set to SRRun01_grf
[info] ExternalForce::LeftGRF Data source being set to SRRun01_grf
[info] Storage: read data file = SRRun01_grf.mot (nr=10005 nc=19)
[info] ExternalForce::RightGRF Data source being set to SRRun01_grf
[info] ExternalForce::LeftGRF Data source being set to SRRun01_grf
[info] Storage: read data file = SRRun01_grf.mot (nr=10005 nc=19)
[info] ExternalForce::RightGRF Data source being set to SRRun01_grf
[info] ExternalForce::LeftGRF Data source being set to SRRun01_grf
[info] Storage: read data file = SRRun01_grf.mot (nr=10005 nc=19)
[info] ExternalForce::RightGRF Data source being set to SRRun01_grf
[info] ExternalForce::LeftGRF Data source being set to SRRun01_grf
[info] Storage: read data file = SRRun01_grf.mot (nr=10005 nc=19)
[info] ExternalForce::RightGRF Data source being set to SRRun01_grf
[info] ExternalForce::LeftGRF Data source being set to SRRun01_grf
[info] Storage: read data file = SRRun01_grf.mot (nr=10005 nc=19)
[info] ExternalForce::RightGRF Data source being set to SRRun01_grf
[info] ExternalForce::LeftGRF Data source being set to SRRun01_grf
[info] Storage: read data file = SRRun01_grf.mot (nr=10005 nc=19)
[info] ExternalForce::RightGRF Data source being set to SRRun01_grf
[info] ExternalForce::LeftGRF Data source being set to SRRun01_grf
[info] Storage: read data file = SRRun01_grf.mot (nr=10005 nc=19)
[info] ExternalForce::RightGRF Data source being set to SRRun01_grf
[info] ExternalForce::LeftGRF Data source being set to SRRun01_grf
[info] Storage: read data file = SRRun01_grf.mot (nr=10005 nc=19)
[info] ExternalForce::RightGRF Data source being set to SRRun01_grf
[info] ExternalForce::LeftGRF Data source being set to SRRun01_grf
[info] Storage: read data file = SRRun01_grf.mot (nr=10005 nc=19)
[info] ExternalForce::RightGRF Data source being set to SRRun01_grf
[info] ExternalForce::LeftGRF Data source being set to SRRun01_grf
[info] Storage: read data file = SRRun01_grf.mot (nr=10005 nc=19)
[info] ExternalForce::RightGRF Data source being set to SRRun01_grf
[info] ExternalForce::LeftGRF Data source being set to SRRun01_grf
[info] Storage: read data file = SRRun01_grf.mot (nr=10005 nc=19)
[info] ExternalForce::RightGRF Data source being set to SRRun01_grf
[info] ExternalForce::LeftGRF Data source being set to SRRun01_grf
[info] Storage: read data file = SRRun01_grf.mot (nr=10005 nc=19)
[info] ExternalForce::RightGRF Data source being set to SRRun01_grf
[info] ExternalForce::LeftGRF Data source being set to SRRun01_grf
[info] Storage: read data file = SRRun01_grf.mot (nr=10005 nc=19)
[info] ExternalForce::RightGRF Data source being set to SRRun01_grf
[info] ExternalForce::LeftGRF Data source being set to SRRun01_grf
[info] Storage: read data file = SRRun01_grf.mot (nr=10005 nc=19)
[info] ExternalForce::RightGRF Data source being set to SRRun01_grf
[info] ExternalForce::LeftGRF Data source being set to SRRun01_grf
[info] Storage: read data file = SRRun01_grf.mot (nr=10005 nc=19)
[info] ExternalForce::RightGRF Data source being set to SRRun01_grf
[info] ExternalForce::LeftGRF Data source being set to SRRun01_grf
[info] Storage: read data file = SRRun01_grf.mot (nr=10005 nc=19)
[info] ExternalForce::RightGRF Data source being set to SRRun01_grf
[info] ExternalForce::LeftGRF Data source being set to SRRun01_grf
[info] Storage: read data file = SRRun01_grf.mot (nr=10005 nc=19)
[info] ExternalForce::RightGRF Data source being set to SRRun01_grf
[info] ExternalForce::LeftGRF Data source being set to SRRun01_grf
[info] Storage: read data file = SRRun01_grf.mot (nr=10005 nc=19)
[info] ExternalForce::RightGRF Data source being set to SRRun01_grf
[info] ExternalForce::LeftGRF Data source being set to SRRun01_grf
[info] Storage: read data file = SRRun01_grf.mot (nr=10005 nc=19)
[info] ExternalForce::RightGRF Data source being set to SRRun01_grf
[info] ExternalForce::LeftGRF Data source being set to SRRun01_grf
[info] Storage: read data file = SRRun01_grf.mot (nr=10005 nc=19)
[info] ExternalForce::RightGRF Data source being set to SRRun01_grf
[info] ExternalForce::LeftGRF Data source being set to SRRun01_grf
[info] Storage: read data file = SRRun01_grf.mot (nr=10005 nc=19)
[info] ExternalForce::RightGRF Data source being set to SRRun01_grf
[info] ExternalForce::LeftGRF Data source being set to SRRun01_grf
[info] Storage: read data file = SRRun01_grf.mot (nr=10005 nc=19)
[info] ExternalForce::RightGRF Data source being set to SRRun01_grf
[info] ExternalForce::LeftGRF Data source being set to SRRun01_grf
[info] Storage: read data file = SRRun01_grf.mot (nr=10005 nc=19)
[info] ExternalForce::RightGRF Data source being set to SRRun01_grf
[info] ExternalForce::LeftGRF Data source being set to SRRun01_grf
[info] Storage: read data file = SRRun01_grf.mot (nr=10005 nc=19)
[info] ExternalForce::RightGRF Data source being set to SRRun01_grf
[info] ExternalForce::LeftGRF Data source being set to SRRun01_grf
[info] Storage: read data file = SRRun01_grf.mot (nr=10005 nc=19)
[info] ExternalForce::RightGRF Data source being set to SRRun01_grf
[info] ExternalForce::LeftGRF Data source being set to SRRun01_grf
[info] Storage: read data file = SRRun01_grf.mot (nr=10005 nc=19)
[info] ExternalForce::RightGRF Data source being set to SRRun01_grf
[info] ExternalForce::LeftGRF Data source being set to SRRun01_grf
[info] Storage: read data file = SRRun01_grf.mot (nr=10005 nc=19)
[info] ExternalForce::RightGRF Data source being set to SRRun01_grf
[info] ExternalForce::LeftGRF Data source being set to SRRun01_grf
[info] Storage: read data file = SRRun01_grf.mot (nr=10005 nc=19)
[info] ExternalForce::RightGRF Data source being set to SRRun01_grf
[info] ExternalForce::LeftGRF Data source being set to SRRun01_grf
[info] Storage: read data file = SRRun01_grf.mot (nr=10005 nc=19)
[info] ExternalForce::RightGRF Data source being set to SRRun01_grf
[info] ExternalForce::LeftGRF Data source being set to SRRun01_grf
[info] Storage: read data file = SRRun01_grf.mot (nr=10005 nc=19)
[info] ExternalForce::RightGRF Data source being set to SRRun01_grf
[info] ExternalForce::LeftGRF Data source being set to SRRun01_grf
[info] Storage: read data file = SRRun01_grf.mot (nr=10005 nc=19)
[info] ExternalForce::RightGRF Data source being set to SRRun01_grf
[info] ExternalForce::LeftGRF Data source being set to SRRun01_grf
[info] Storage: read data file = SRRun01_grf.mot (nr=10005 nc=19)
[info] ExternalForce::RightGRF Data source being set to SRRun01_grf
[info] ExternalForce::LeftGRF Data source being set to SRRun01_grf
[info] Storage: read data file = SRRun01_grf.mot (nr=10005 nc=19)
[info] ExternalForce::RightGRF Data source being set to SRRun01_grf
[info] ExternalForce::LeftGRF Data source being set to SRRun01_grf
[info] Storage: read data file = SRRun01_grf.mot (nr=10005 nc=19)
[info] ExternalForce::RightGRF Data source being set to SRRun01_grf
[info] ExternalForce::LeftGRF Data source being set to SRRun01_grf
[info] Storage: read data file = SRRun01_grf.mot (nr=10005 nc=19)
[info] ExternalForce::RightGRF Data source being set to SRRun01_grf
[info] ExternalForce::LeftGRF Data source being set to SRRun01_grf
[info] Storage: read data file = SRRun01_grf.mot (nr=10005 nc=19)
[info] ExternalForce::RightGRF Data source being set to SRRun01_grf
[info] ExternalForce::LeftGRF Data source being set to SRRun01_grf
[info] Storage: read data file = SRRun01_grf.mot (nr=10005 nc=19)
[info] ExternalForce::RightGRF Data source being set to SRRun01_grf
[info] ExternalForce::LeftGRF Data source being set to SRRun01_grf
[info] Storage: read data file = SRRun01_grf.mot (nr=10005 nc=19)
[info] ExternalForce::RightGRF Data source being set to SRRun01_grf
[info] ExternalForce::LeftGRF Data source being set to SRRun01_grf
[info] Storage: read data file = SRRun01_grf.mot (nr=10005 nc=19)
[info] ExternalForce::RightGRF Data source being set to SRRun01_grf
[info] ExternalForce::LeftGRF Data source being set to SRRun01_grf
[info] Storage: read data file = SRRun01_grf.mot (nr=10005 nc=19)
[info] ExternalForce::RightGRF Data source being set to SRRun01_grf
[info] ExternalForce::LeftGRF Data source being set to SRRun01_grf
[info] Storage: read data file = SRRun01_grf.mot (nr=10005 nc=19)
[info] ExternalForce::RightGRF Data source being set to SRRun01_grf
[info] ExternalForce::LeftGRF Data source being set to SRRun01_grf
[info] Storage: read data file = SRRun01_grf.mot (nr=10005 nc=19)
[info] ExternalForce::RightGRF Data source being set to SRRun01_grf
[info] ExternalForce::LeftGRF Data source being set to SRRun01_grf
[info] Storage: read data file = SRRun01_grf.mot (nr=10005 nc=19)
[info] ExternalForce::RightGRF Data source being set to SRRun01_grf
[info] ExternalForce::LeftGRF Data source being set to SRRun01_grf
[info] Storage: read data file = SRRun01_grf.mot (nr=10005 nc=19)
[info] ExternalForce::RightGRF Data source being set to SRRun01_grf
[info] ExternalForce::LeftGRF Data source being set to SRRun01_grf
[info] Storage: read data file = SRRun01_grf.mot (nr=10005 nc=19)
[info] ExternalForce::RightGRF Data source being set to SRRun01_grf
[info] ExternalForce::LeftGRF Data source being set to SRRun01_grf
[info] Storage: read data file = SRRun01_grf.mot (nr=10005 nc=19)
[info] ExternalForce::RightGRF Data source being set to SRRun01_grf
[info] ExternalForce::LeftGRF Data source being set to SRRun01_grf
[info] Storage: read data file = SRRun01_grf.mot (nr=10005 nc=19)
[info] ExternalForce::RightGRF Data source being set to SRRun01_grf
[info] ExternalForce::LeftGRF Data source being set to SRRun01_grf
[info] Storage: read data file = SRRun01_grf.mot (nr=10005 nc=19)
[info] ExternalForce::RightGRF Data source being set to SRRun01_grf
[info] ExternalForce::LeftGRF Data source being set to SRRun01_grf
[info] Storage: read data file = SRRun01_grf.mot (nr=10005 nc=19)
[info] ExternalForce::RightGRF Data source being set to SRRun01_grf
[info] ExternalForce::LeftGRF Data source being set to SRRun01_grf
[info] Storage: read data file = SRRun01_grf.mot (nr=10005 nc=19)
[info] ExternalForce::RightGRF Data source being set to SRRun01_grf
[info] ExternalForce::LeftGRF Data source being set to SRRun01_grf
[info] Storage: read data file = SRRun01_grf.mot (nr=10005 nc=19)
[info] ExternalForce::RightGRF Data source being set to SRRun01_grf
[info] ExternalForce::LeftGRF Data source being set to SRRun01_grf
[info] Storage: read data file = SRRun01_grf.mot (nr=10005 nc=19)
[info] ExternalForce::RightGRF Data source being set to SRRun01_grf
[info] ExternalForce::LeftGRF Data source being set to SRRun01_grf
[info] Storage: read data file = SRRun01_grf.mot (nr=10005 nc=19)
[info] ExternalForce::RightGRF Data source being set to SRRun01_grf
[info] ExternalForce::LeftGRF Data source being set to SRRun01_grf
[info] Storage: read data file = SRRun01_grf.mot (nr=10005 nc=19)
[info] ExternalForce::RightGRF Data source being set to SRRun01_grf
[info] ExternalForce::LeftGRF Data source being set to SRRun01_grf
[info] Storage: read data file = SRRun01_grf.mot (nr=10005 nc=19)
[info] ExternalForce::RightGRF Data source being set to SRRun01_grf
[info] ExternalForce::LeftGRF Data source being set to SRRun01_grf
[info] Storage: read data file = SRRun01_grf.mot (nr=10005 nc=19)
[info] ExternalForce::RightGRF Data source being set to SRRun01_grf
[info] ExternalForce::LeftGRF Data source being set to SRRun01_grf
[info] Storage: read data file = SRRun01_grf.mot (nr=10005 nc=19)
[info] ExternalForce::RightGRF Data source being set to SRRun01_grf
[info] ExternalForce::LeftGRF Data source being set to SRRun01_grf
[info] Storage: read data file = SRRun01_grf.mot (nr=10005 nc=19)
[info] ExternalForce::RightGRF Data source being set to SRRun01_grf
[info] ExternalForce::LeftGRF Data source being set to SRRun01_grf
[info] Storage: read data file = SRRun01_grf.mot (nr=10005 nc=19)
[info] ExternalForce::RightGRF Data source being set to SRRun01_grf
[info] ExternalForce::LeftGRF Data source being set to SRRun01_grf
[info] Storage: read data file = SRRun01_grf.mot (nr=10005 nc=19)
[info] ExternalForce::RightGRF Data source being set to SRRun01_grf
[info] ExternalForce::LeftGRF Data source being set to SRRun01_grf
[info] Storage: read data file = SRRun01_grf.mot (nr=10005 nc=19)
[info] ExternalForce::RightGRF Data source being set to SRRun01_grf
[info] ExternalForce::LeftGRF Data source being set to SRRun01_grf
[info] Storage: read data file = SRRun01_grf.mot (nr=10005 nc=19)
[info] ExternalForce::RightGRF Data source being set to SRRun01_grf
[info] ExternalForce::LeftGRF Data source being set to SRRun01_grf
[info] Storage: read data file = SRRun01_grf.mot (nr=10005 nc=19)
[info] ExternalForce::RightGRF Data source being set to SRRun01_grf
[info] ExternalForce::LeftGRF Data source being set to SRRun01_grf
[info] Storage: read data file = SRRun01_grf.mot (nr=10005 nc=19)
[info] ExternalForce::RightGRF Data source being set to SRRun01_grf
[info] ExternalForce::LeftGRF Data source being set to SRRun01_grf
[info] Storage: read data file = SRRun01_grf.mot (nr=10005 nc=19)
[info] ExternalForce::RightGRF Data source being set to SRRun01_grf
[info] ExternalForce::LeftGRF Data source being set to SRRun01_grf
[info] Storage: read data file = SRRun01_grf.mot (nr=10005 nc=19)
[info] ExternalForce::RightGRF Data source being set to SRRun01_grf
[info] ExternalForce::LeftGRF Data source being set to SRRun01_grf
[info] Storage: read data file = SRRun01_grf.mot (nr=10005 nc=19)
[info] ExternalForce::RightGRF Data source being set to SRRun01_grf
[info] ExternalForce::LeftGRF Data source being set to SRRun01_grf
[info] Storage: read data file = SRRun01_grf.mot (nr=10005 nc=19)
[info] ExternalForce::RightGRF Data source being set to SRRun01_grf
[info] ExternalForce::LeftGRF Data source being set to SRRun01_grf
[info] Storage: read data file = SRRun01_grf.mot (nr=10005 nc=19)
[info] ExternalForce::RightGRF Data source being set to SRRun01_grf
[info] ExternalForce::LeftGRF Data source being set to SRRun01_grf
[info] Storage: read data file = SRRun01_grf.mot (nr=10005 nc=19)
[info] ExternalForce::RightGRF Data source being set to SRRun01_grf
[info] ExternalForce::LeftGRF Data source being set to SRRun01_grf
[info] Storage: read data file = SRRun01_grf.mot (nr=10005 nc=19)
[info] ExternalForce::RightGRF Data source being set to SRRun01_grf
[info] ExternalForce::LeftGRF Data source being set to SRRun01_grf
[info] Storage: read data file = SRRun01_grf.mot (nr=10005 nc=19)
[info] ExternalForce::RightGRF Data source being set to SRRun01_grf
[info] ExternalForce::LeftGRF Data source being set to SRRun01_grf
[info] Storage: read data file = SRRun01_grf.mot (nr=10005 nc=19)
[info] ExternalForce::RightGRF Data source being set to SRRun01_grf
[info] ExternalForce::LeftGRF Data source being set to SRRun01_grf
[info] Storage: read data file = SRRun01_grf.mot (nr=10005 nc=19)
[info] ExternalForce::RightGRF Data source being set to SRRun01_grf
[info] ExternalForce::LeftGRF Data source being set to SRRun01_grf
[info] Storage: read data file = SRRun01_grf.mot (nr=10005 nc=19)
[info] ExternalForce::RightGRF Data source being set to SRRun01_grf
[info] ExternalForce::LeftGRF Data source being set to SRRun01_grf
[info] Storage: read data file = SRRun01_grf.mot (nr=10005 nc=19)
[info] ExternalForce::RightGRF Data source being set to SRRun01_grf
[info] ExternalForce::LeftGRF Data source being set to SRRun01_grf
[info] Storage: read data file = SRRun01_grf.mot (nr=10005 nc=19)
[info] ExternalForce::RightGRF Data source being set to SRRun01_grf
[info] ExternalForce::LeftGRF Data source being set to SRRun01_grf
[info] Storage: read data file = SRRun01_grf.mot (nr=10005 nc=19)
[info] ExternalForce::RightGRF Data source being set to SRRun01_grf
[info] ExternalForce::LeftGRF Data source being set to SRRun01_grf
[info] Storage: read data file = SRRun01_grf.mot (nr=10005 nc=19)
[info] ExternalForce::RightGRF Data source being set to SRRun01_grf
[info] ExternalForce::LeftGRF Data source being set to SRRun01_grf
[info] Storage: read data file = SRRun01_grf.mot (nr=10005 nc=19)
[info] ExternalForce::RightGRF Data source being set to SRRun01_grf
[info] ExternalForce::LeftGRF Data source being set to SRRun01_grf
[info] Storage: read data file = SRRun01_grf.mot (nr=10005 nc=19)
[info] ExternalForce::RightGRF Data source being set to SRRun01_grf
[info] ExternalForce::LeftGRF Data source being set to SRRun01_grf
[info] Storage: read data file = SRRun01_grf.mot (nr=10005 nc=19)
[info] ExternalForce::RightGRF Data source being set to SRRun01_grf
[info] ExternalForce::LeftGRF Data source being set to SRRun01_grf
[info] Storage: read data file = SRRun01_grf.mot (nr=10005 nc=19)
[info] ExternalForce::RightGRF Data source being set to SRRun01_grf
[info] ExternalForce::LeftGRF Data source being set to SRRun01_grf
[info] Storage: read data file = SRRun01_grf.mot (nr=10005 nc=19)
[info] ExternalForce::RightGRF Data source being set to SRRun01_grf
[info] ExternalForce::LeftGRF Data source being set to SRRun01_grf
[info] Storage: read data file = SRRun01_grf.mot (nr=10005 nc=19)
[info] ExternalForce::RightGRF Data source being set to SRRun01_grf
[info] ExternalForce::LeftGRF Data source being set to SRRun01_grf
[info] Storage: read data file = SRRun01_grf.mot (nr=10005 nc=19)
[info] ExternalForce::RightGRF Data source being set to SRRun01_grf
[info] ExternalForce::LeftGRF Data source being set to SRRun01_grf
[info] Storage: read data file = SRRun01_grf.mot (nr=10005 nc=19)
[info] ExternalForce::RightGRF Data source being set to SRRun01_grf
[info] ExternalForce::LeftGRF Data source being set to SRRun01_grf
[info] Storage: read data file = SRRun01_grf.mot (nr=10005 nc=19)
[info] ExternalForce::RightGRF Data source being set to SRRun01_grf
[info] ExternalForce::LeftGRF Data source being set to SRRun01_grf
[info] Storage: read data file = SRRun01_grf.mot (nr=10005 nc=19)
[info] ExternalForce::RightGRF Data source being set to SRRun01_grf
[info] ExternalForce::LeftGRF Data source being set to SRRun01_grf
[info] Storage: read data file = SRRun01_grf.mot (nr=10005 nc=19)
[info] ExternalForce::RightGRF Data source being set to SRRun01_grf
[info] ExternalForce::LeftGRF Data source being set to SRRun01_grf
[info] Storage: read data file = SRRun01_grf.mot (nr=10005 nc=19)
[info] ExternalForce::RightGRF Data source being set to SRRun01_grf
[info] ExternalForce::LeftGRF Data source being set to SRRun01_grf
[info] Storage: read data file = SRRun01_grf.mot (nr=10005 nc=19)
[info] ExternalForce::RightGRF Data source being set to SRRun01_grf
[info] ExternalForce::LeftGRF Data source being set to SRRun01_grf
[info] Storage: read data file = SRRun01_grf.mot (nr=10005 nc=19)
[info] ExternalForce::RightGRF Data source being set to SRRun01_grf
[info] ExternalForce::LeftGRF Data source being set to SRRun01_grf
[info] Storage: read data file = SRRun01_grf.mot (nr=10005 nc=19)
[info] ExternalForce::RightGRF Data source being set to SRRun01_grf
[info] ExternalForce::LeftGRF Data source being set to SRRun01_grf
[info] Storage: read data file = SRRun01_grf.mot (nr=10005 nc=19)
[info] ExternalForce::RightGRF Data source being set to SRRun01_grf
[info] ExternalForce::LeftGRF Data source being set to SRRun01_grf
[info] Storage: read data file = SRRun01_grf.mot (nr=10005 nc=19)
[info] ExternalForce::RightGRF Data source being set to SRRun01_grf
[info] ExternalForce::LeftGRF Data source being set to SRRun01_grf
[info] Storage: read data file = SRRun01_grf.mot (nr=10005 nc=19)
[info] ExternalForce::RightGRF Data source being set to SRRun01_grf
[info] ExternalForce::LeftGRF Data source being set to SRRun01_grf
[info] Storage: read data file = SRRun01_grf.mot (nr=10005 nc=19)
[info] ExternalForce::RightGRF Data source being set to SRRun01_grf
[info] ExternalForce::LeftGRF Data source being set to SRRun01_grf
[info] Storage: read data file = SRRun01_grf.mot (nr=10005 nc=19)
[info] ExternalForce::RightGRF Data source being set to SRRun01_grf
[info] ExternalForce::LeftGRF Data source being set to SRRun01_grf
[info] Storage: read data file = SRRun01_grf.mot (nr=10005 nc=19)
[info] ExternalForce::RightGRF Data source being set to SRRun01_grf
[info] ExternalForce::LeftGRF Data source being set to SRRun01_grf
[info] Storage: read data file = SRRun01_grf.mot (nr=10005 nc=19)
[info] ExternalForce::RightGRF Data source being set to SRRun01_grf
[info] ExternalForce::LeftGRF Data source being set to SRRun01_grf
[info] Storage: read data file = SRRun01_grf.mot (nr=10005 nc=19)
[info] ExternalForce::RightGRF Data source being set to SRRun01_grf
[info] ExternalForce::LeftGRF Data source being set to SRRun01_grf
[info] Number of threads: 96

List of user-set options:

                                    Name   Value                used
                acceptable_compl_inf_tol = 0.001                 yes
              acceptable_constr_viol_tol = 1                     yes
                 acceptable_dual_inf_tol = 0.001                 yes
                          acceptable_tol = 0.001                 yes
                           compl_inf_tol = 0.001                 yes
                         constr_viol_tol = 1                     yes
                            dual_inf_tol = 0.001                 yes
                   hessian_approximation = limited-memory        yes
                           linear_solver = mumps                 yes
                                max_iter = 3000                  yes
                      print_user_options = yes                   yes
                                     tol = 0.001                 yes

******************************************************************************
This program contains Ipopt, a library for large-scale nonlinear optimization.
 Ipopt is released as open source code under the Eclipse Public License (EPL).
         For more information visit https://github.com/coin-or/Ipopt
******************************************************************************

This is Ipopt version 3.14.16, running with linear solver MUMPS 5.6.2.

Number of nonzeros in equality constraint Jacobian...:  1036810
Number of nonzeros in inequality constraint Jacobian.:        0
Number of nonzeros in Lagrangian Hessian.............:        0

Total number of variables............................:     8210
                     variables with only lower bounds:        0
                variables with lower and upper bounds:     7292
                     variables with only upper bounds:        0
Total number of equality constraints.................:     6666
Total number of inequality constraints...............:        0
        inequality constraints with only lower bounds:        0
   inequality constraints with lower and upper bounds:        0
        inequality constraints with only upper bounds:        0

iter    objective    inf_pr   inf_du lg(mu)  ||d||  lg(rg) alpha_du alpha_pr  ls
   0  1.2352896e+00 3.82e+02 1.96e-02   0.0 0.00e+00    -  0.00e+00 0.00e+00   0
   1  1.4236506e+00 3.79e+02 5.31e+01  -2.8 1.48e+02    -  1.08e-02 8.15e-03h  1
   2  4.6998178e+00 3.62e+02 3.59e+02  -2.8 1.54e+02    -  1.88e-02 4.37e-02h  1
   3  8.1741350e+00 3.48e+02 6.47e+02  -2.8 1.57e+02    -  5.79e-02 3.85e-02h  1
   4  1.2730843e+01 3.30e+02 1.02e+03  -2.8 1.62e+02    -  6.61e-02 5.31e-02h  1
   5  1.2877423e+01 3.29e+02 1.05e+03  -2.9 1.70e+02    -  9.18e-02 3.36e-03h  1
   6  2.8955805e+01 2.89e+02 2.03e+03  -2.9 1.76e+02    -  3.62e-02 1.20e-01h  1
   7  2.8983247e+01 2.88e+02 2.07e+03  -2.9 1.75e+02    -  1.20e-01 5.01e-03h  1
   8  3.4003303e+01 2.64e+02 2.71e+03  -3.0 1.79e+02    -  2.03e-02 8.33e-02h  1
   9  3.3577730e+01 2.63e+02 2.74e+03  -3.0 1.82e+02    -  7.49e-02 5.07e-03h  1
iter    objective    inf_pr   inf_du lg(mu)  ||d||  lg(rg) alpha_du alpha_pr  ls
  10  3.1249421e+01 2.47e+02 3.13e+03  -3.0 1.88e+02    -  9.11e-02 6.07e-02h  1
  11  3.0603674e+01 2.37e+02 3.31e+03  -3.1 1.80e+02    -  4.50e-02 4.10e-02h  1
  12  2.7572466e+01 2.24e+02 3.47e+03  -3.1 1.88e+02    -  8.07e-02 5.20e-02h  1
  13  2.5165296e+01 2.13e+02 3.65e+03  -3.1 1.86e+02    -  1.24e-01 4.86e-02h  1
  14  2.3274511e+01 2.06e+02 3.76e+03  -3.2 1.88e+02    -  9.81e-02 3.49e-02h  1
  15  2.1845809e+01 1.98e+02 3.84e+03  -3.2 2.06e+02    -  2.71e-02 4.07e-02h  1
  16  2.9757591e+01 1.97e+02 3.89e+03   0.7 6.75e+03    -  3.65e-04 1.45e-03f  1
  17  2.8836669e+01 1.90e+02 3.94e+03  -3.2 1.85e+02    -  5.14e-02 3.84e-02h  1
  18  2.7190494e+01 1.88e+02 3.94e+03  -3.3 2.50e+02    -  7.23e-03 6.42e-03h  1
  19  2.4572056e+01 1.63e+02 3.89e+03  -3.3 2.04e+02    -  8.81e-02 1.33e-01h  1
iter    objective    inf_pr   inf_du lg(mu)  ||d||  lg(rg) alpha_du alpha_pr  ls
  20  1.2787696e+02 1.54e+02 3.73e+03  -3.3 2.36e+02    -  8.12e-02 5.94e-02h  1
  21  1.1893265e+02 1.47e+02 3.60e+03  -3.3 1.74e+02    -  6.09e-02 4.61e-02h  1
  22  1.0190436e+02 1.45e+02 3.56e+03  -3.4 2.80e+02    -  4.10e-03 1.16e-02f  1
  23  1.0116704e+02 1.44e+02 3.55e+03  -3.4 1.73e+02    -  9.18e-02 3.84e-03h  1
  24  1.7148034e+02 1.38e+02 3.44e+03  -3.4 2.49e+02    -  2.22e-02 4.46e-02h  1
  25  1.6836125e+02 1.37e+02 3.42e+03  -3.4 1.65e+02    -  8.54e-02 8.79e-03h  1
  26  1.5422227e+02 1.33e+02 3.30e+03  -3.5 2.22e+02    -  1.12e-02 2.68e-02f  1
  27  1.5337003e+02 1.33e+02 3.30e+03  -3.5 1.61e+02    -  2.25e-02 2.26e-03h  1
  28  1.3852916e+02 1.26e+02 3.10e+03  -3.5 2.01e+02    -  3.15e-03 5.10e-02f  1
  29  1.3477241e+02 1.25e+02 3.07e+03  -3.5 1.55e+02    -  2.33e-04 9.28e-03h  1
iter    objective    inf_pr   inf_du lg(mu)  ||d||  lg(rg) alpha_du alpha_pr  ls
  30  1.3130404e+02 1.25e+02 3.06e+03  -3.5 1.87e+02    -  2.00e-04 3.21e-03f  1
  31  1.3126491e+02 1.25e+02 3.06e+03  -3.5 1.55e+02    -  5.37e-03 8.41e-05h  1
  32  1.2938274e+02 1.24e+02 3.06e+03  -3.5 1.65e+02    -  3.70e-04 2.14e-03f  1
  33  1.2517323e+02 1.23e+02 3.04e+03  -3.5 1.63e+02    -  3.03e-05 7.27e-03f  1
  34  1.2040837e+02 1.23e+02 3.01e+03  -3.5 1.75e+02    -  1.05e-03 6.77e-03f  1
  35  1.2034348e+02 1.23e+02 3.01e+03  -3.5 1.61e+02    -  8.95e-03 1.32e-04h  1
  36  1.1664571e+02 1.22e+02 3.00e+03  -3.5 1.71e+02    -  4.40e-03 4.98e-03f  1
  37  9.2632889e+01 1.13e+02 2.77e+03  -3.5 1.64e+02    -  9.84e-04 7.58e-02f  1
  38  6.8307611e+01 1.10e+02 2.71e+03  -3.5 1.87e+02    -  3.24e-02 2.19e-02f  1
  39  5.8369577e+01 1.04e+02 2.56e+03  -3.5 1.52e+02    -  5.08e-02 5.23e-02f  1
iter    objective    inf_pr   inf_du lg(mu)  ||d||  lg(rg) alpha_du alpha_pr  ls
  40  5.5457835e+01 9.86e+01 2.39e+03  -3.5 1.83e+02    -  5.98e-02 5.65e-02f  1
  41  4.6338724e+01 9.19e+01 2.22e+03  -3.6 1.40e+02    -  1.26e-01 6.83e-02h  1
  42  5.4824119e+01 8.78e+01 2.10e+03  -3.6 1.81e+02    -  3.48e-02 4.43e-02h  1
  43  5.3543811e+01 8.70e+01 2.08e+03  -3.6 1.29e+02    -  4.60e-02 9.65e-03h  1
  44  4.6308497e+01 8.59e+01 2.05e+03  -3.6 1.41e+02    -  4.08e-02 1.19e-02f  1
  45  4.5717917e+01 8.55e+01 2.04e+03  -3.7 1.28e+02    -  3.13e-02 5.12e-03h  1
  46  4.1422481e+01 8.49e+01 2.02e+03  -3.7 1.73e+02    -  1.51e-03 7.35e-03f  1
  47  4.1299144e+01 8.48e+01 2.02e+03  -3.7 1.29e+02    -  1.26e-02 9.73e-04h  1
  48  3.9674321e+01 8.45e+01 2.01e+03  -3.7 1.55e+02    -  9.64e-04 3.65e-03h  1
  49  2.9690409e+01 7.60e+01 1.79e+03  -3.7 1.33e+02    -  7.07e-03 1.00e-01h  1
iter    objective    inf_pr   inf_du lg(mu)  ||d||  lg(rg) alpha_du alpha_pr  ls
  50  2.2708097e+01 7.35e+01 1.72e+03  -3.7 1.43e+02    -  6.51e-03 3.30e-02f  1
  51  2.2534029e+01 7.33e+01 1.72e+03  -3.7 1.22e+02    -  7.28e-02 2.63e-03h  1
  52  1.9109715e+01 7.20e+01 1.68e+03  -3.7 1.56e+02    -  1.25e-02 1.79e-02f  1
  53  1.8729145e+01 7.14e+01 1.66e+03  -3.7 1.26e+02    -  2.91e-02 8.36e-03h  1
  54  1.4441799e+01 6.87e+01 1.59e+03  -3.7 1.52e+02    -  5.01e-02 3.74e-02h  1
  55  1.2527162e+01 6.33e+01 1.44e+03  -3.8 1.27e+02    -  2.81e-02 7.84e-02h  1
  56  1.2274996e+01 6.31e+01 1.43e+03  -3.8 1.40e+02    -  3.26e-02 3.40e-03h  1
  57  1.1708154e+01 6.09e+01 1.38e+03  -3.8 1.25e+02    -  7.26e-02 3.51e-02h  1
  58  2.2542934e+01 4.71e+01 1.07e+03  -3.8 1.41e+02    -  2.92e-02 2.26e-01h  1
  59  1.9673655e+01 4.35e+01 9.90e+02  -3.8 1.11e+02    -  6.14e-02 7.73e-02h  1
iter    objective    inf_pr   inf_du lg(mu)  ||d||  lg(rg) alpha_du alpha_pr  ls
  60  1.5513411e+01 3.70e+01 8.38e+02  -3.9 1.05e+02    -  4.40e-03 1.49e-01f  1
  61  1.2420425e+01 3.44e+01 7.80e+02  -3.9 9.37e+01    -  1.79e-01 7.14e-02h  1
  62  1.1579200e+01 3.33e+01 7.56e+02  -4.0 9.13e+01    -  6.93e-02 3.02e-02h  1
  63  1.0091719e+01 3.17e+01 7.20e+02  -4.0 9.23e+01    -  1.36e-01 4.83e-02h  1
  64  9.5920817e+00 2.82e+01 6.39e+02  -4.0 8.28e+01    -  4.58e-03 1.11e-01h  1
  65  9.1293348e+00 2.76e+01 6.25e+02  -4.1 8.74e+01    -  1.04e-02 2.10e-02h  1
  66  9.1121986e+00 2.75e+01 6.22e+02  -4.1 7.41e+01    -  2.48e-01 4.68e-03h  1
  67  9.0394670e+00 2.72e+01 6.17e+02  -4.2 1.03e+02    -  1.14e-02 9.58e-03h  1
  68  8.9885166e+00 2.67e+01 6.04e+02  -4.2 7.32e+01    -  8.80e-02 1.98e-02h  1
  69  2.3244306e+02 2.35e+01 5.37e+02  -4.2 1.49e+02    -  3.81e-02 1.21e-01h  1
iter    objective    inf_pr   inf_du lg(mu)  ||d||  lg(rg) alpha_du alpha_pr  ls
  70  2.1118264e+02 2.24e+01 5.11e+02  -4.2 5.57e+01    -  9.46e-03 4.82e-02f  1
  71  2.0918283e+02 2.23e+01 5.09e+02  -4.2 5.18e+01    -  4.61e-03 4.44e-03f  1
  72  2.0600991e+02 2.23e+01 5.08e+02  -0.3 3.67e+02    -  5.11e-04 2.32e-04f  1
  73  2.0274456e+02 2.21e+01 5.04e+02  -4.2 5.35e+01    -  6.66e-03 8.35e-03f  1
  74  1.9982298e+02 2.20e+01 5.01e+02  -4.3 5.35e+01    -  6.80e-04 6.52e-03f  1
  75  1.9904611e+02 2.20e+01 5.00e+02  -4.3 5.44e+01    -  5.38e-04 1.10e-03f  1
  76  1.5583388e+02 1.97e+01 4.50e+02  -4.3 5.20e+01    -  9.63e-02 1.03e-01f  1
  77  1.5436236e+02 1.96e+01 4.48e+02  -4.3 4.92e+01    -  2.54e-02 3.16e-03f  1
  78  1.4616372e+02 1.92e+01 4.38e+02  -4.3 4.83e+01    -  6.06e-02 2.23e-02f  1
  79  1.2647605e+02 1.82e+01 4.14e+02  -4.3 4.73e+01    -  1.84e-03 5.38e-02f  1
iter    objective    inf_pr   inf_du lg(mu)  ||d||  lg(rg) alpha_du alpha_pr  ls
  80  1.2291870e+02 1.80e+01 4.10e+02  -4.3 4.50e+01    -  5.92e-02 1.04e-02f  1
  81  1.1910916e+02 1.78e+01 4.05e+02  -4.4 4.36e+01    -  1.92e-02 1.21e-02f  1
  82  1.1095209e+02 1.73e+01 3.94e+02  -4.4 4.29e+01    -  4.81e-03 2.59e-02f  1
  83  1.0867008e+02 1.72e+01 3.91e+02  -4.4 3.55e+01    -  2.41e-03 8.02e-03f  1
  84  1.0047750e+02 1.66e+01 3.79e+02  -4.4 3.68e+01    -  2.83e-02 2.98e-02f  1
  85  9.4560275e+01 1.62e+01 3.70e+02  -4.4 3.73e+01    -  2.49e-02 2.47e-02f  1
  86  8.9114498e+01 1.59e+01 3.62e+02  -4.4 3.84e+01    -  1.95e-02 2.06e-02f  1
  87  7.2258475e+01 1.46e+01 3.32e+02  -4.4 3.70e+01    -  3.50e-02 8.26e-02f  1
  88  6.2353497e+01 1.39e+01 3.15e+02  -4.4 3.58e+01    -  1.09e-01 4.86e-02f  1
  89  5.9153704e+01 1.36e+01 3.09e+02  -4.5 3.18e+01    -  2.25e-01 2.15e-02f  1
iter    objective    inf_pr   inf_du lg(mu)  ||d||  lg(rg) alpha_du alpha_pr  ls
  90  5.5998495e+01 1.33e+01 3.03e+02  -4.6 3.53e+01    -  7.72e-03 1.89e-02f  1
  91  4.8969456e+01 1.26e+01 2.86e+02  -4.6 3.26e+01    -  4.57e-02 5.22e-02f  1
  92  3.3786604e+01 1.10e+01 2.50e+02  -4.6 3.13e+01    -  2.55e-02 1.29e-01f  1
  93  3.2420471e+01 1.08e+01 2.46e+02  -4.6 2.67e+01    -  3.91e-02 1.57e-02h  1
  94  2.9461497e+01 1.04e+01 2.37e+02  -4.6 2.79e+01    -  1.37e-01 3.75e-02f  1
  95  1.9841888e+01 8.61e+00 1.95e+02  -4.7 2.64e+01    -  1.03e-01 1.74e-01f  1
  96  1.5108691e+01 7.73e+00 1.75e+02  -4.7 2.14e+01    -  1.23e-01 1.02e-01f  1
  97  1.3686164e+01 7.26e+00 1.65e+02  -4.8 1.83e+01    -  1.20e-01 6.08e-02h  1
  98  1.1107189e+01 6.12e+00 1.38e+02  -4.9 2.02e+01    -  2.40e-01 1.58e-01h  1
  99  9.1138797e+00 4.83e+00 1.09e+02  -5.0 1.55e+01    -  2.31e-01 2.10e-01h  1
iter    objective    inf_pr   inf_du lg(mu)  ||d||  lg(rg) alpha_du alpha_pr  ls
 100  8.6073544e+00 3.38e+00 7.59e+01  -5.1 1.23e+01    -  8.56e-02 2.99e-01h  1
 101  8.2091480e+00 2.76e+00 6.19e+01  -5.1 7.68e+00    -  2.56e-01 1.84e-01h  1
 102  7.9383086e+00 2.42e+00 5.42e+01  -5.3 9.90e+00    -  9.75e-03 1.23e-01h  1
 103  7.7505480e+00 1.79e+00 3.99e+01  -5.3 5.90e+00    -  1.37e-01 2.62e-01h  1
 104  8.2255339e+00 1.17e+00 2.59e+01  -5.3 6.01e+00    -  3.20e-01 3.45e-01h  1
 105  7.7913707e+00 6.36e-01 1.73e+01  -5.5 2.65e+00    -  2.62e-01 4.56e-01h  1
 106  7.6951651e+00 5.76e-01 1.70e+01  -5.6 1.98e+00    -  3.38e-02 9.41e-02h  1
 107  7.6192496e+00 4.12e-01 1.24e+01  -5.6 1.54e+00    -  2.65e-01 2.86e-01h  1
 108  7.5883333e+00 3.65e-01 1.07e+01  -5.8 2.11e+00    -  1.61e-01 1.13e-01h  1
 109  7.5326530e+00 3.30e-01 1.07e+01  -5.9 3.76e+00    -  2.05e-03 9.57e-02h  1
iter    objective    inf_pr   inf_du lg(mu)  ||d||  lg(rg) alpha_du alpha_pr  ls
 110  7.4925360e+00 2.99e-01 9.71e+00  -5.9 3.60e+00    -  9.03e-02 9.48e-02h  1
 111  7.4679281e+00 2.75e-01 9.58e+00  -5.9 3.26e+00    -  2.33e-02 8.01e-02h  1
 112  7.4347491e+00 2.62e-01 9.12e+00  -5.9 6.85e+00    -  4.77e-02 4.74e-02h  1
 113  7.4124720e+00 2.53e-01 8.86e+00  -5.9 7.60e+00    -  2.43e-02 3.39e-02h  1
 114  7.4102544e+00 2.52e-01 9.10e+00  -5.9 8.07e+00    -  1.18e-01 3.18e-03h  1
 115  7.3716534e+00 2.45e-01 8.82e+00  -6.0 1.45e+01    -  2.39e-02 3.60e-02h  1
 116  7.2874601e+00 2.48e-01 8.72e+00  -6.0 3.39e+01    -  1.76e-02 3.71e-02h  1
 117  7.2694918e+00 2.48e-01 8.68e+00  -6.0 4.39e+01    -  4.32e-03 4.64e-03h  1
 118  7.2345916e+00 2.45e-01 8.11e+00  -6.0 2.39e+01    -  3.61e-02 1.86e-02h  1
 119  7.1822591e+00 2.43e-01 7.33e+00  -6.0 4.28e+01    -  3.84e-02 1.85e-02h  1
iter    objective    inf_pr   inf_du lg(mu)  ||d||  lg(rg) alpha_du alpha_pr  ls
 120  7.1416436e+00 2.41e-01 6.96e+00  -6.0 3.60e+01    -  5.53e-02 1.93e-02h  1
 121  7.0796707e+00 2.40e-01 7.20e+00  -6.1 3.98e+01    -  8.94e-03 3.29e-02h  1
 122  7.0727402e+00 2.39e-01 7.20e+00  -6.1 2.76e+01    -  3.02e-02 4.09e-03h  1
 123  7.0312147e+00 2.32e-01 7.03e+00  -6.1 3.03e+01    -  1.11e-02 3.03e-02h  1
 124  7.0096533e+00 2.30e-01 6.99e+00  -6.1 4.49e+01    -  2.65e-02 9.50e-03h  1
 125  6.9846962e+00 2.28e-01 6.99e+00  -6.1 9.14e+01    -  1.36e-02 6.08e-03h  1
 126  6.9432119e+00 2.26e-01 7.01e+00  -6.1 1.06e+02    -  1.67e-02 1.02e-02h  1
 127  6.9055682e+00 2.24e-01 7.04e+00  -6.1 1.12e+02    -  7.90e-04 8.84e-03h  1
 128  6.8580459e+00 2.21e-01 7.09e+00  -6.1 1.26e+02    -  2.24e-02 1.15e-02h  1
 129  6.8226443e+00 2.16e-01 7.17e+00  -6.1 1.25e+02    -  2.14e-03 1.87e-02h  1
iter    objective    inf_pr   inf_du lg(mu)  ||d||  lg(rg) alpha_du alpha_pr  ls
 130  6.7808049e+00 1.89e+01 7.16e+00  -6.1 7.48e+01    -  2.10e-02 2.09e-02h  1
 131  6.7511526e+00 1.88e+01 7.19e+00  -6.1 1.61e+02    -  1.67e-03 5.35e-03h  1
 132  6.7274286e+00 1.86e+01 7.18e+00  -6.1 7.21e+01    -  2.66e-02 9.44e-03h  1
 133  6.6806814e+00 1.84e+01 7.28e+00  -6.1 1.55e+02    -  2.17e-03 1.43e-02h  1
 134  6.6750265e+00 1.84e+01 7.28e+00  -6.1 1.06e+02    -  1.12e-02 1.42e-03h  1
 135  6.6614725e+00 1.83e+01 7.28e+00  -6.2 8.91e+01    -  2.43e-02 4.92e-03h  1
 136  6.6388426e+00 1.82e+01 7.32e+00  -6.2 9.62e+01    -  2.23e-02 5.11e-03h  1
 137  6.6058080e+00 1.73e+01 7.07e+00  -6.2 2.49e+01    -  4.40e-02 4.81e-02h  1
 138  6.5983615e+00 1.70e+01 7.39e+00  -6.2 2.08e+02    -  1.25e-03 1.52e-02h  1
 139  6.5623783e+00 1.69e+01 7.53e+00  -6.2 1.32e+02    -  1.40e-02 9.67e-03h  1
iter    objective    inf_pr   inf_du lg(mu)  ||d||  lg(rg) alpha_du alpha_pr  ls
 140  6.5472635e+00 1.67e+01 7.56e+00  -6.2 7.91e+01    -  9.89e-03 6.95e-03h  1
 141  6.5055242e+00 1.65e+01 7.78e+00  -6.2 1.47e+02    -  2.63e-03 1.44e-02h  1
 142  6.4889614e+00 1.64e+01 7.85e+00  -6.2 1.13e+02    -  1.77e-03 5.18e-03h  1
 143  6.4869995e+00 1.64e+01 1.00e+01  -6.2 1.32e+02    -  2.18e-02 4.51e-04h  1
 144  6.4495847e+00 1.63e+01 9.92e+00  -6.2 1.43e+02    -  7.73e-03 7.74e-03h  1
 145  6.4408745e+00 1.62e+01 8.70e+00  -2.3 5.34e+02    -  1.27e-03 1.16e-03f  1
 146  6.4320017e+00 1.62e+01 2.71e+01  -6.2 3.42e+01    -  2.96e-02 2.07e-03h  1
 147  6.4452785e+00 1.61e+01 8.24e+01  -2.3 1.58e+02    -  2.41e-03 6.73e-03f  1
 148  6.4380561e+00 1.61e+01 8.64e+01  -6.2 6.35e+01    -  3.33e-02 2.26e-03h  1
 149  6.4159900e+00 1.59e+01 9.04e+01  -6.2 8.52e+01    -  1.73e-02 9.14e-03h  1
iter    objective    inf_pr   inf_du lg(mu)  ||d||  lg(rg) alpha_du alpha_pr  ls
 150  6.3940512e+00 1.57e+01 9.49e+01  -6.3 1.66e+02    -  2.24e-02 1.46e-02h  1
 151  6.3861402e+00 1.56e+01 9.48e+01  -6.3 5.95e+01    -  5.27e-02 4.05e-03h  1
 152  6.3277535e+00 1.52e+01 9.26e+01  -6.3 2.08e+02    -  2.17e-02 2.35e-02h  1
 153  6.3114005e+00 1.52e+01 9.25e+01  -6.3 1.32e+02    -  6.11e-03 1.19e-03h  1
 154  6.2924029e+00 1.48e+01 9.08e+01  -6.3 2.18e+01    -  1.66e-04 2.34e-02h  1
 155  6.7420229e+00 1.84e+00 9.01e+01  -2.4 4.45e+02    -  6.36e-03 9.89e-03f  1
 156  6.6865773e+00 1.83e+00 8.93e+01  -6.3 1.02e+02    -  6.16e-02 1.26e-02h  1
 157  6.6703900e+00 1.91e+00 8.71e+01  -6.3 1.63e+02    -  4.83e-02 2.42e-02h  2
 158  6.4913892e+00 2.17e+00 7.90e+01  -6.4 9.31e+01    -  5.32e-02 1.00e-01h  1
 159  7.5001692e+00 2.19e+00 7.73e+01  -2.5 3.99e+01    -  1.64e-02 2.63e-02f  1
iter    objective    inf_pr   inf_du lg(mu)  ||d||  lg(rg) alpha_du alpha_pr  ls
 160  7.7249520e+00 2.19e+00 7.71e+01  -0.5 2.97e+03    -  5.36e-04 4.61e-04f  1
 161  9.3597172e+00 1.77e+00 7.74e+01  -0.5 1.65e+03    -  7.18e-04 9.00e-04f  1
 162  1.0570710e+01 1.45e+00 7.75e+01  -0.5 9.29e+02    -  1.98e-03 2.24e-03f  1
 163  1.2143523e+01 1.99e+00 7.12e+01  -0.5 6.57e+02    -  5.79e-03 2.84e-03f  1
 164  1.3174182e+01 2.17e+00 6.86e+01  -0.5 4.34e+02    -  1.10e-02 3.47e-03f  1
 165  2.2093044e+01 3.51e+00 6.92e+01  -0.5 3.54e+02    -  1.76e-02 2.26e-02f  1
 166  4.7402786e+01 4.10e+00 6.42e+01  -0.5 2.04e+02    -  4.75e-02 5.33e-02f  1
 167  7.2059808e+01 4.51e+00 8.29e+01  -0.5 6.47e+01    -  2.76e-01 1.66e-01f  1
 168  1.5136862e+02 2.91e+00 3.65e+02  -0.5 3.20e+01    -  9.25e-01 5.10e-01H  1
 169  1.2720533e+02 2.71e+00 9.98e+01  -0.5 1.53e+01    -  9.54e-01 1.00e+00f  1
iter    objective    inf_pr   inf_du lg(mu)  ||d||  lg(rg) alpha_du alpha_pr  ls
 170  1.6145988e+02 2.33e+00 1.11e+02  -0.5 1.22e+01    -  1.00e+00 1.00e+00h  1
 171  2.7717184e+01 1.05e+00 5.57e+01  -0.5 6.03e+00    -  1.00e+00 1.00e+00f  1
 172  2.8019423e+01 1.71e-01 4.03e+01  -0.5 3.65e+00    -  1.00e+00 1.00e+00f  1
 173  1.2320763e+02 1.12e-01 2.28e+02  -0.9 1.18e+01    -  9.69e-01 1.00e+00H  1
 174  3.0461674e+01 1.12e+00 1.76e+02  -0.7 5.99e+00    -  1.00e+00 1.00e+00f  1
 175  2.9583801e+01 1.59e-01 6.52e+01  -0.8 2.29e+00    -  1.00e+00 1.00e+00f  1
 176  1.9208265e+01 7.20e-02 1.47e+01  -0.8 1.76e+00    -  1.00e+00 1.00e+00f  1
 177  1.7282494e+01 5.08e-02 7.99e+00  -1.5 1.24e+00    -  9.96e-01 1.00e+00f  1
 178  1.5235697e+01 1.22e-01 5.70e+00  -2.1 1.08e+00    -  1.00e+00 1.00e+00f  1
 179  1.3983409e+01 1.66e-01 1.54e+00  -2.4 1.18e+00    -  1.00e+00 1.00e+00f  1
iter    objective    inf_pr   inf_du lg(mu)  ||d||  lg(rg) alpha_du alpha_pr  ls
 180  1.2562392e+01 1.15e-01 1.44e+00  -2.7 4.19e-01    -  9.99e-01 1.00e+00h  1
 181  1.1394181e+01 2.31e-01 1.30e+00  -3.0 5.26e-01    -  1.00e+00 6.83e-01h  1
 182  1.0832337e+01 1.98e-01 3.78e+00  -2.7 7.59e-01    -  8.43e-01 4.56e-01h  1
 183  1.0093257e+01 2.80e-01 1.39e+00  -2.9 7.91e-01    -  1.00e+00 9.09e-01h  1
 184  9.8343570e+00 5.29e-01 5.60e+00  -3.0 1.68e+00    -  1.00e+00 5.85e-01h  1
 185  9.8485796e+00 4.24e-01 1.90e+00  -3.0 1.30e+00    -  9.53e-01 7.38e-01h  1
 186  9.7343663e+00 1.24e-01 7.18e+00  -3.0 9.02e-01    -  5.54e-01 1.00e+00h  1
 187  8.9949932e+00 6.65e-02 1.43e+00  -3.1 7.68e-01    -  1.00e+00 8.79e-01h  1
 188  8.8533468e+00 2.85e-02 3.57e+00  -3.1 2.71e-01    -  1.00e+00 7.97e-01h  1
 189  8.5003615e+00 1.31e-01 4.14e+00  -3.4 9.74e-01    -  1.00e+00 7.12e-01h  1
iter    objective    inf_pr   inf_du lg(mu)  ||d||  lg(rg) alpha_du alpha_pr  ls
 190  8.7439034e+00 3.34e-01 3.52e+00  -2.9 3.66e+00    -  6.15e-01 3.97e-01h  1
 191  8.6225613e+00 3.24e-01 3.47e+00  -3.1 5.45e+00    -  6.02e-01 1.23e-01h  1
 192  9.2076643e+00 2.34e-01 3.42e+00  -3.1 2.95e+00    -  3.13e-01 4.97e-01H  1
 193  8.7241852e+00 8.62e-02 2.71e+00  -3.1 8.16e-01    -  4.22e-01 6.95e-01h  1
 194  8.7903267e+00 1.52e-01 9.37e+00  -2.9 9.60e-01    -  4.21e-01 1.00e+00f  1
 195  8.5340040e+00 9.82e-02 3.29e+00  -3.1 7.00e-01    -  1.00e+00 7.54e-01h  1
 196  8.2935176e+00 1.36e-02 2.77e-01  -3.1 3.54e-01    -  9.77e-01 1.00e+00h  1
 197  8.0342409e+00 8.42e-02 8.59e-01  -3.5 7.44e-01    -  1.00e+00 7.93e-01h  1
 198  7.9668671e+00 1.79e-02 6.90e-01  -3.2 3.46e-01    -  1.00e+00 9.21e-01h  1
 199  7.6814445e+00 4.25e-02 1.51e+00  -3.6 2.78e-01    -  1.00e+00 8.41e-01h  1
iter    objective    inf_pr   inf_du lg(mu)  ||d||  lg(rg) alpha_du alpha_pr  ls
 200  7.5251432e+00 2.10e-02 2.78e-01  -3.6 2.84e-01    -  1.00e+00 9.60e-01h  1
 201  7.4170143e+00 2.02e-02 3.91e-01  -3.7 4.62e-01    -  1.00e+00 9.26e-01h  1
 202  7.4671694e+00 1.49e-02 2.45e+00  -3.7 8.31e-01    -  1.00e+00 6.73e-01H  1
 203  7.4703386e+00 3.42e-03 5.64e-01  -3.8 4.17e-01    -  1.00e+00 8.83e-01H  1
 204  7.2447913e+00 9.71e-03 1.80e+00  -4.3 3.79e-01    -  1.00e+00 4.64e-01f  1
 205  7.1458732e+00 6.68e-03 3.95e+00  -4.3 2.96e-01    -  1.00e+00 5.35e-01h  1
 206  7.1191701e+00 8.74e-03 1.63e+00  -4.0 8.32e-01    -  8.62e-01 3.70e-01h  1
 207  7.0800659e+00 5.56e-02 1.47e+00  -4.0 2.68e+00    -  4.10e-01 3.23e-01h  1
 208  7.3262346e+00 2.54e-01 1.73e+00  -3.2 8.64e+00    -  1.65e-01 1.62e-01f  1
 209  7.2547264e+00 1.88e-01 2.01e+00  -3.8 2.71e+00    -  2.98e-01 2.84e-01h  1
iter    objective    inf_pr   inf_du lg(mu)  ||d||  lg(rg) alpha_du alpha_pr  ls
 210  7.1890709e+00 1.12e-01 1.82e+00  -3.8 1.52e+00    -  4.14e-01 2.94e-01h  1
 211  6.9412157e+00 5.74e-02 1.30e+00  -3.8 4.50e-01    -  6.70e-01 9.21e-01h  1
 212  7.0215903e+00 5.72e-02 6.25e-01  -3.4 1.21e+00    -  9.33e-01 5.21e-01f  1
 213  7.2014490e+00 5.26e-02 6.55e-01  -3.6 1.02e+00    -  7.47e-01 7.61e-01h  1
 214  7.1127374e+00 2.21e-02 1.04e+00  -3.6 5.99e-01    -  9.55e-01 1.00e+00h  1
 215  6.9244549e+00 2.41e-02 1.81e+00  -3.8 3.43e-01    -  1.00e+00 8.46e-01h  1
 216  6.8004811e+00 6.55e-03 1.28e-01  -3.9 2.12e-01    -  1.00e+00 1.00e+00h  1
 217  6.7288777e+00 1.22e-02 8.63e-01  -4.5 5.88e-02    -  1.00e+00 8.10e-01h  1
 218  6.7140913e+00 6.67e-03 1.72e+00  -3.9 6.19e-01    -  1.00e+00 3.26e-01h  1
 219  6.7378094e+00 2.32e-02 1.73e+00  -3.5 4.93e+00    -  4.09e-01 1.61e-01h  2
iter    objective    inf_pr   inf_du lg(mu)  ||d||  lg(rg) alpha_du alpha_pr  ls
 220  6.6861014e+00 7.57e-02 2.33e+00  -3.8 7.63e+00    -  5.09e-01 2.12e-01h  1
 221  7.3773583e+00 6.21e-01 3.89e+00  -3.1 2.12e+01    -  2.17e-01 1.49e-01f  1
 222  7.2504833e+00 5.58e-01 4.95e+00  -3.6 6.14e+00    -  5.89e-01 2.48e-01h  1
 223  6.9556541e+00 5.32e-01 5.26e+00  -3.6 5.72e+00    -  1.50e-01 7.94e-02h  1
 224  6.5666127e+00 4.18e-01 4.83e+00  -3.6 2.03e+00    -  3.66e-01 2.55e-01h  1
 225  6.4962593e+00 3.74e-01 7.60e+00  -3.9 8.41e-01    -  7.32e-01 1.06e-01h  1
 226  6.3398856e+00 2.31e-01 2.66e+00  -4.9 4.76e-01    -  6.01e-01 3.82e-01h  1
 227  6.2755612e+00 1.03e-01 1.32e+00  -3.7 3.69e-01    -  1.00e+00 5.58e-01h  1
 228  6.2261320e+00 2.08e-02 1.89e-01  -3.8 4.04e-01    -  1.00e+00 9.95e-01h  1
 229  6.2939724e+00 5.46e-02 2.48e+00  -3.6 1.71e+00    -  8.96e-01 4.30e-01h  1
iter    objective    inf_pr   inf_du lg(mu)  ||d||  lg(rg) alpha_du alpha_pr  ls
 230  6.2775836e+00 5.16e-02 8.11e-01  -3.7 2.00e+00    -  6.29e-01 2.34e-01h  2
 231  6.6818233e+00 6.81e-03 8.68e-01  -3.7 1.15e+00    -  9.29e-01 1.00e+00H  1
 232  6.5016364e+00 2.01e-02 7.51e-01  -3.3 7.06e-01    -  5.64e-01 4.24e-01f  1
 233  6.2575868e+00 2.66e-02 2.09e-01  -3.6 3.43e-01    -  8.09e-01 7.91e-01h  1
 234  6.2259183e+00 1.91e-02 2.75e+00  -3.6 3.54e-01    -  1.00e+00 2.91e-01h  1
 235  6.1604427e+00 3.79e-02 3.17e-01  -3.6 8.72e-01    -  1.00e+00 1.00e+00f  1
 236  6.2593665e+00 6.26e-02 1.73e+00  -3.2 5.14e+00    -  4.89e-01 2.06e-01h  2
 237  6.2031499e+00 1.27e-01 2.32e+00  -3.5 1.03e+01    -  2.68e-01 1.23e-01h  1
 238  6.1862707e+00 1.34e-01 4.85e+00  -3.5 1.40e+01    -  3.03e-01 5.32e-02h  2
 239  6.1557763e+00 1.14e-01 4.81e+00  -3.5 3.19e+00    -  3.85e-01 1.76e-01h  3
iter    objective    inf_pr   inf_du lg(mu)  ||d||  lg(rg) alpha_du alpha_pr  ls
 240  7.5361545e+00 3.35e-01 3.12e+00  -3.0 1.71e+00    -  4.76e-01 6.94e-01f  1
 241  6.9854610e+00 2.35e-01 8.94e+00  -3.2 1.12e+00    -  9.95e-01 3.60e-01h  1
 242  6.7691058e+00 2.10e-01 6.00e+00  -3.2 9.07e-01    -  3.61e-01 1.15e-01h  1
 243  6.4724239e+00 1.18e-01 3.16e+00  -3.2 4.84e-01    -  4.98e-01 5.06e-01h  1
 244  6.3138637e+00 6.09e-02 1.46e+00  -3.2 7.44e-01    -  1.00e+00 8.36e-01h  1
 245  6.3802559e+00 1.05e-02 1.60e-01  -3.2 2.25e-01    -  1.00e+00 1.00e+00h  1
 246  6.2090861e+00 8.24e-03 8.91e-02  -3.3 2.19e-01    -  9.93e-01 1.00e+00h  1
 247  5.9685369e+00 2.96e-02 1.48e-01  -3.8 3.05e-01    -  1.00e+00 1.00e+00h  1
 248  6.2103618e+00 1.19e-02 1.28e-01  -3.5 4.61e-01    -  1.00e+00 1.00e+00H  1
 249  5.9361366e+00 8.87e-03 1.08e-01  -3.5 2.76e-01    -  9.99e-01 1.00e+00f  1
iter    objective    inf_pr   inf_du lg(mu)  ||d||  lg(rg) alpha_du alpha_pr  ls
 250  5.7617657e+00 2.03e-02 2.69e-01  -4.0 2.73e-01    -  1.00e+00 8.94e-01h  1
 251  5.9640630e+00 5.26e-03 1.05e-01  -3.7 2.88e-01    -  1.00e+00 1.00e+00H  1
 252  5.7144340e+00 1.19e-02 1.82e-01  -4.1 2.40e-01    -  1.00e+00 6.75e-01f  1
 253  5.6679378e+00 6.30e-03 4.08e-01  -4.2 2.11e-01    -  1.00e+00 9.00e-01h  1
 254  5.6199964e+00 6.55e-03 1.85e-01  -4.2 1.36e-01    -  1.00e+00 9.64e-01h  1
 255  5.5909528e+00 4.81e-03 3.80e-01  -4.5 1.39e-01    -  1.00e+00 8.26e-01h  1
 256  5.5961917e+00 3.98e-03 3.42e-02  -4.2 1.44e-01    -  1.00e+00 1.00e+00h  1
 257  5.5863950e+00 4.97e-03 2.25e+00  -4.3 4.97e-01    -  9.31e-01 3.03e-01h  1
 258  5.5633998e+00 1.30e-02 1.56e+00  -4.7 7.28e-01    -  1.00e+00 4.39e-01h  1
 259  5.5549097e+00 1.10e-02 2.63e+00  -4.2 1.41e+00    -  8.09e-01 1.76e-01h  1
iter    objective    inf_pr   inf_du lg(mu)  ||d||  lg(rg) alpha_du alpha_pr  ls
 260  5.5381880e+00 9.29e-03 2.39e+00  -4.3 1.35e+00    -  6.08e-01 2.13e-01h  1
 261  5.5286841e+00 2.17e-02 2.27e+00  -4.3 3.62e+00    -  4.87e-01 1.32e-01h  2
 262  5.5504179e+00 2.75e-02 1.90e+00  -3.7 4.80e+00    -  1.83e-01 1.26e-01h  2
 263  5.5202983e+00 3.75e-02 1.66e+00  -4.2 6.18e+00    -  2.44e-01 9.88e-02h  1
 264  5.5030473e+00 3.87e-02 1.69e+00  -4.2 5.25e+00    -  2.18e-01 7.79e-02h  3
 265  5.4999448e+00 6.29e-02 1.78e+00  -3.8 4.19e+00    -  4.22e-01 2.01e-01h  2
 266  5.4878189e+00 8.15e-02 1.75e+00  -3.7 7.86e+00    -  2.20e-01 9.01e-02h  2
 267  5.5436784e+00 7.63e-02 2.96e+00  -3.5 3.30e+00    -  4.43e-01 1.51e-01h  2
 268  5.8765673e+00 5.25e-03 9.34e-01  -3.8 1.31e+00    -  7.12e-01 1.00e+00H  1
 269  5.8576534e+00 1.79e-02 1.16e+00  -3.8 1.87e+00    -  4.66e-01 6.27e-01F  1
iter    objective    inf_pr   inf_du lg(mu)  ||d||  lg(rg) alpha_du alpha_pr  ls
 270  5.6365633e+00 2.10e-02 9.38e-01  -3.8 1.27e+00    -  1.95e-01 2.88e-01f  1
 271  5.4634162e+00 1.37e-02 1.48e+00  -3.8 3.78e-01    -  1.00e+00 6.55e-01f  1
 272  5.5645408e+00 1.34e-02 1.14e-01  -3.6 3.76e-01    -  1.00e+00 1.00e+00f  1
 273  5.5211743e+00 9.71e-03 6.15e-01  -3.7 1.29e-01    -  1.00e+00 8.28e-01h  1
 274  5.4332301e+00 5.63e-03 6.05e-02  -4.0 2.17e-01    -  9.99e-01 1.00e+00h  1
 275  5.3667108e+00 4.13e-03 1.13e+00  -4.4 1.36e-01    -  1.00e+00 5.50e-01h  1
 276  5.3080707e+00 1.08e-02 1.36e-01  -4.2 9.88e-02    -  1.00e+00 9.25e-01h  1
 277  5.3133438e+00 1.01e-02 1.20e-01  -4.3 2.50e-01    -  1.00e+00 9.85e-01h  1
 278  5.2692050e+00 2.31e-03 5.01e-02  -4.5 1.04e-01    -  1.00e+00 9.78e-01h  1
 279  5.2516622e+00 4.03e-04 2.09e-01  -4.8 6.89e-02    -  1.00e+00 9.12e-01h  1
iter    objective    inf_pr   inf_du lg(mu)  ||d||  lg(rg) alpha_du alpha_pr  ls
 280  5.2441747e+00 6.36e-04 1.02e+00  -5.1 6.31e-02    -  1.00e+00 5.59e-01h  1
 281  5.2349801e+00 4.02e-03 2.84e+00  -4.9 4.50e-01    -  7.12e-01 3.36e-01h  1
 282  5.2322341e+00 5.07e-03 4.35e+00  -4.2 1.75e+00    -  2.15e-01 9.94e-02h  1
 283  5.2271142e+00 1.86e-02 2.18e+00  -4.7 2.14e+00    -  4.49e-01 2.43e-01h  1
 284  5.2158833e+00 2.44e-02 3.39e+00  -4.8 5.28e+00    -  2.81e-01 7.42e-02h  1
 285  5.2066463e+00 5.12e-02 3.22e+00  -4.7 7.63e+00    -  1.55e-01 1.02e-01h  2
 286  5.2064838e+00 1.48e-01 2.98e+00  -4.4 1.46e+01    -  9.54e-02 8.43e-02h  1
 287  5.2310542e+00 1.89e-01 2.86e+00  -3.6 1.33e+01    -  5.70e-02 6.77e-02h  1
 288  5.2112271e+00 1.72e-01 2.40e+00  -4.6 3.07e+00    -  9.79e-02 1.71e-01h  1
 289  5.1798391e+00 1.48e-01 2.01e+00  -4.6 1.76e+00    -  2.14e-01 1.75e-01h  1
iter    objective    inf_pr   inf_du lg(mu)  ||d||  lg(rg) alpha_du alpha_pr  ls
 290  5.1591181e+00 1.06e-01 1.54e+00  -4.1 3.25e-01    -  5.06e-01 2.87e-01f  1
 291  5.1662053e+00 3.02e-02 2.14e-01  -4.3 4.09e-01    -  9.28e-01 1.00e+00h  1
 292  5.3693765e+00 5.57e-03 2.89e-01  -4.0 2.08e-01    -  8.55e-01 1.00e+00H  1
 293  5.1645384e+00 3.90e-02 7.25e-02  -4.2 2.87e-01    -  1.00e+00 1.00e+00h  1
 294  5.1428189e+00 8.23e-03 6.05e-02  -4.5 1.83e-01    -  1.00e+00 9.96e-01h  1
 295  5.1100187e+00 3.84e-03 5.68e-02  -4.7 1.22e-01    -  1.00e+00 9.92e-01h  1
 296  5.1428334e+00 1.33e-03 7.73e-02  -4.5 1.43e-01    -  1.00e+00 1.00e+00H  1
 297  5.1004251e+00 1.24e-03 1.09e+00  -5.0 1.08e-01    -  1.00e+00 6.24e-01h  1
 298  5.0850723e+00 1.94e-03 8.03e-01  -4.9 1.28e-01    -  1.00e+00 6.57e-01h  1
 299  5.0800162e+00 6.27e-03 1.63e-01  -4.9 1.88e-01    -  1.00e+00 8.90e-01h  1
iter    objective    inf_pr   inf_du lg(mu)  ||d||  lg(rg) alpha_du alpha_pr  ls
 300  5.1011547e+00 1.33e-03 1.12e-01  -4.7 2.74e-01    -  9.53e-01 1.00e+00H  1
 301  5.0723922e+00 7.99e-03 1.54e+00  -5.3 2.72e-01    -  1.00e+00 3.92e-01h  1
 302  5.0552072e+00 5.96e-03 3.74e-01  -5.6 3.96e-01    -  4.70e-01 2.51e-01h  1
 303  5.0478104e+00 6.31e-03 5.33e-01  -5.0 2.49e-01    -  1.00e+00 2.92e-01h  1
 304  5.0406069e+00 8.52e-03 4.94e-01  -4.8 9.22e-01    -  5.84e-01 3.04e-01h  1
 305  5.0357275e+00 1.05e-02 1.33e+00  -4.6 2.65e+00    -  4.11e-01 7.03e-02h  1
 306  5.0483280e+00 3.03e-02 1.30e+00  -4.2 3.44e+00    -  2.12e-01 1.82e-01h  1
 307  5.0411984e+00 2.95e-02 1.86e+00  -4.7 3.49e+00    -  2.12e-01 4.41e-02h  1
 308  5.0231308e+00 3.76e-02 1.85e+00  -4.7 1.25e+01    -  6.83e-02 5.02e-02h  1
 309  5.1860988e+00 3.21e-02 1.88e+00  -3.3 3.31e+00    -  6.79e-02 8.54e-02f  1
iter    objective    inf_pr   inf_du lg(mu)  ||d||  lg(rg) alpha_du alpha_pr  ls
 310  5.0979070e+00 3.89e-02 1.34e+00  -4.3 1.98e+00    -  5.74e-01 3.16e-01h  1
 311  5.0996036e+00 4.14e-02 1.98e+00  -4.3 4.32e+00    -  1.80e-01 8.55e-02h  2
 312  5.0148877e+00 2.23e-02 2.00e+02  -4.3 2.32e-01    -  2.20e-01 4.72e-01h  1
 313  4.9842181e+00 8.17e-02 3.95e+03  -4.6 4.78e-01    -  1.00e+00 2.74e-01h  1
 314  4.9826510e+00 4.86e-02 9.53e+02  -4.3 6.68e-01    -  6.55e-01 4.08e-01h  1
 315  5.0464834e+00 9.78e-03 5.37e+00  -4.6 4.50e-01    -  6.47e-01 8.17e-01h  1
 316  4.9675254e+00 7.09e-03 3.53e+00  -4.6 1.63e-01    -  3.48e-02 6.84e-01h  1
 317  4.9456462e+00 6.13e-03 2.79e+00  -4.3 4.17e-01    -  6.21e-02 1.35e-01f  1
 318  4.9406516e+00 4.21e-03 1.22e+03  -4.5 1.05e-01    -  1.00e+00 3.13e-01h  1
 319  4.9264169e+00 1.29e-02 9.04e+02  -4.7 2.13e-01    -  1.00e+00 9.31e-01h  1
iter    objective    inf_pr   inf_du lg(mu)  ||d||  lg(rg) alpha_du alpha_pr  ls
 320  4.9458418e+00 1.92e-02 7.00e+02  -4.1 2.24e+00    -  3.77e-01 2.83e-01h  1
 321  4.9407128e+00 2.08e-02 2.82e+02  -4.5 4.92e+00    -  2.94e-01 9.61e-02h  1
 322  4.9337899e+00 1.95e-02 1.12e+01  -4.5 2.60e+00    -  1.20e-01 9.13e-02h  3
 323  4.9113769e+00 2.46e-02 3.12e+01  -4.5 1.25e+01    -  1.58e-01 4.02e-02h  1
 324  5.0844888e+00 1.10e-01 1.07e+01  -3.1 2.57e+01    -  4.95e-02 5.14e-02f  1
 325  5.0621044e+00 1.06e-01 2.19e+02  -4.2 9.85e+00    -  3.26e-01 3.24e-02h  1
 326  5.0259632e+00 2.91e-01 4.07e+02  -4.2 1.12e+01    -  1.37e-01 1.05e-01h  2
 327  4.9836444e+00 2.58e-01 2.45e+02  -4.2 1.65e+01    -  3.13e-01 1.47e-01h  1
 328  4.9481890e+00 2.48e-01 2.15e+02  -4.2 3.00e+01    -  8.93e-02 4.87e-02h  2
 329  4.9113119e+00 2.30e-01 2.05e+02  -4.2 1.28e+01    -  3.07e-02 7.88e-02h  2
iter    objective    inf_pr   inf_du lg(mu)  ||d||  lg(rg) alpha_du alpha_pr  ls
 330  4.8631183e+00 2.13e-01 1.73e+02  -6.3 1.99e+00    -  1.00e-01 7.22e-02h  1
 331  4.8132929e+00 4.92e-02 3.17e+01  -3.9 7.98e-01    -  1.00e+00 7.93e-01h  1
 332  6.4853738e+00 1.56e-02 2.02e+00  -3.6 6.46e-01    -  5.76e-01 9.63e-01H  1
 333  4.8535427e+00 1.33e-01 1.86e+00  -3.8 7.34e-01    -  3.96e-01 1.00e+00f  1
 334  4.9045580e+00 7.82e-03 5.11e-02  -3.8 5.60e-01    -  1.00e+00 1.00e+00h  1
 335  4.7715199e+00 1.92e-02 5.87e-01  -4.2 1.00e+00    -  1.00e+00 8.79e-01h  1
 336  4.7628197e+00 1.70e-02 4.84e+00  -3.7 2.50e+00    -  5.35e-01 1.28e-01h  3
 337  4.8894981e+00 7.27e-03 1.38e+00  -3.9 2.69e-01    -  7.41e-01 1.00e+00h  1
 338  4.7196807e+00 8.16e-03 2.52e-02  -4.2 1.96e-01    -  1.00e+00 1.00e+00h  1
 339  4.6829234e+00 7.61e-03 2.01e-01  -4.3 3.67e-01    -  1.00e+00 9.55e-01h  1
iter    objective    inf_pr   inf_du lg(mu)  ||d||  lg(rg) alpha_du alpha_pr  ls
 340  4.6706232e+00 2.25e-02 1.94e+00  -4.3 2.14e+00    -  1.00e+00 2.35e-01h  2
 341  4.6592419e+00 3.77e-02 2.66e+00  -3.9 1.51e+01    -  4.18e-01 1.27e-01h  1
 342  4.7531512e+00 6.26e-02 2.31e+00  -3.3 4.86e+01    -  1.28e-01 3.05e-02f  3
 343  4.7295323e+00 1.10e-01 1.97e+00  -4.0 2.06e+01    -  2.27e-01 1.30e-01h  2
 344  4.7184322e+00 1.32e-01 1.93e+00  -4.0 5.89e+01    -  1.09e-01 2.77e-02h  2
 345  4.6857318e+00 1.63e-01 2.13e+00  -4.0 4.32e+01    -  2.90e-02 6.12e-02h  2
 346  4.6619437e+00 1.82e-01 1.71e+00  -4.0 5.78e+01    -  1.04e-01 3.94e-02h  2
 347  4.6168947e+00 1.75e-01 1.74e+00  -4.0 1.64e+01    -  7.19e-02 4.29e-02h  2
 348  4.6113182e+00 1.83e-01 1.36e+00  -3.9 7.64e+00    -  1.71e-01 1.51e-01h  1
 349  4.9631767e+00 1.70e+01 1.13e+00  -3.4 9.43e+00    -  3.21e-01 3.58e-01h  1
iter    objective    inf_pr   inf_du lg(mu)  ||d||  lg(rg) alpha_du alpha_pr  ls
 350  5.5662062e+00 1.45e+01 1.20e+00  -3.8 1.91e+01    -  2.56e-01 1.40e-01h  2
 351  5.2907717e+00 1.11e+01 1.06e+00  -3.8 2.39e+00    -  3.56e-01 2.35e-01h  1
 352  4.8230429e+00 7.93e+00 1.33e+00  -3.8 3.73e+00    -  2.07e-01 2.80e-01h  1
 353  5.2952187e+00 6.64e+00 9.90e-01  -3.8 8.45e+00    -  7.43e-02 1.56e-01h  1
 354  5.1759538e+00 6.17e+00 1.59e+00  -3.8 8.73e-01    -  2.88e-01 7.06e-02h  1
 355  4.8467841e+00 4.82e+00 9.52e-01  -3.8 7.20e-01    -  3.19e-01 2.21e-01h  1
 356  4.6944256e+00 5.50e+00 5.11e+00  -3.8 4.24e-01    -  1.00e+00 2.23e-01h  1
 357  4.5570544e+00 2.67e+00 3.05e+00  -3.8 3.38e-01    -  2.04e-01 5.23e-01h  1
 358  4.4592467e+00 1.10e+00 1.67e+00  -4.2 2.06e-01    -  5.08e-01 5.90e-01h  1
 359  4.4735872e+00 5.19e-03 1.48e+00  -3.7 6.77e-02    -  4.58e-01 1.00e+00h  1
iter    objective    inf_pr   inf_du lg(mu)  ||d||  lg(rg) alpha_du alpha_pr  ls
 360  4.4094395e+00 5.28e-03 3.75e-01  -4.2 4.07e-02    -  7.12e-01 1.00e+00h  1
 361  4.3541231e+00 4.06e-03 3.67e-01  -4.3 9.31e-02    -  7.92e-01 5.56e-01h  1
 362  4.3367191e+00 9.23e-03 5.34e-01  -4.3 1.15e-01    -  1.00e+00 6.62e-01h  1
 363  4.3827045e+00 9.51e-03 1.41e-01  -4.0 5.95e-02    -  7.92e-01 1.00e+00h  1
 364  4.3315551e+00 8.44e-03 1.84e-01  -4.3 6.42e-02    -  1.00e+00 8.92e-01h  1
 365  4.3842547e+00 1.08e-02 3.39e-02  -4.0 1.02e-01    -  1.00e+00 1.00e+00h  1
 366  4.3283653e+00 9.56e-03 2.66e-01  -4.3 7.29e-02    -  1.00e+00 8.86e-01h  1
 367  4.3241517e+00 4.66e-04 1.01e-01  -4.4 1.34e-01    -  1.00e+00 9.54e-01H  1
 368  4.2832008e+00 1.01e-03 8.30e-01  -4.8 8.36e-02    -  1.00e+00 7.28e-01h  1
 369  4.2848979e+00 7.49e-04 7.41e-02  -4.5 4.79e-02    -  1.00e+00 9.67e-01h  1
iter    objective    inf_pr   inf_du lg(mu)  ||d||  lg(rg) alpha_du alpha_pr  ls
 370  4.2736066e+00 3.00e-03 4.57e-01  -4.9 7.55e-02    -  1.00e+00 6.80e-01h  1
 371  4.2720512e+00 4.72e-03 1.11e+00  -4.6 2.18e-01    -  1.00e+00 6.44e-01h  1
 372  4.2758389e+00 2.58e-02 9.28e-01  -4.4 1.26e+00    -  5.39e-01 2.98e-01h  1
 373  4.2751499e+00 2.31e-02 1.07e+00  -4.6 1.83e+00    -  3.89e-01 1.19e-01h  2
 374  4.2897740e+00 2.72e-02 9.94e-01  -4.6 3.98e-01    -  1.00e+00 6.38e-01h  1
 375  4.2845977e+00 5.38e-03 6.54e-02  -4.6 1.72e-01    -  1.00e+00 1.00e+00h  1
 376  4.2609487e+00 4.14e-03 2.07e+00  -4.6 1.39e-01    -  7.99e-01 6.05e-01h  1
 377  4.2482715e+00 2.46e-03 1.01e-01  -4.9 1.15e-01    -  1.00e+00 9.60e-01h  1
 378  4.2467258e+00 8.42e-04 3.20e-01  -4.9 1.44e-01    -  1.00e+00 8.10e-01H  1
 379  4.2358424e+00 1.02e-03 1.42e-01  -5.2 1.01e-01    -  1.00e+00 6.24e-01h  1
iter    objective    inf_pr   inf_du lg(mu)  ||d||  lg(rg) alpha_du alpha_pr  ls
 380  4.2456531e+00 2.15e-04 1.43e-01  -4.9 9.85e-02    -  1.00e+00 9.41e-01H  1
 381  4.2310013e+00 2.81e-03 6.17e-01  -5.4 5.42e-02    -  1.00e+00 5.56e-01h  1
 382  4.2253666e+00 2.31e-03 1.29e+00  -5.4 8.35e-02    -  1.00e+00 6.05e-01h  1
 383  4.2256185e+00 2.36e-03 3.04e-01  -5.0 1.54e-01    -  7.40e-01 5.83e-01h  1
 384  4.2242449e+00 2.18e-03 1.75e-01  -5.2 1.86e-01    -  1.00e+00 6.53e-01h  1
 385  4.2218731e+00 1.95e-03 1.98e+00  -5.2 4.02e-01    -  7.89e-01 1.01e-01h  1
 386  4.2188822e+00 2.08e-03 2.03e+00  -5.3 8.91e-01    -  4.91e-01 1.43e-01h  2
 387  4.2158982e+00 1.72e-02 1.30e+00  -5.5 3.52e-01    -  1.00e+00 3.47e-01h  1
 388  4.2238748e+00 4.91e-03 1.08e+00  -5.1 4.08e-01    -  9.53e-01 7.20e-01H  1
 389  4.2171785e+00 4.13e-03 2.10e+00  -5.2 4.84e-01    -  5.10e-01 1.72e-01h  1
iter    objective    inf_pr   inf_du lg(mu)  ||d||  lg(rg) alpha_du alpha_pr  ls
 390  4.2109729e+00 2.58e-03 1.41e+00  -4.9 1.68e-01    -  1.00e+00 3.72e-01f  1
 391  4.2134010e+00 5.37e-04 4.78e-01  -5.0 1.44e-01    -  1.00e+00 1.00e+00h  1
 392  4.2095549e+00 5.10e-02 1.53e+00  -4.7 1.62e-01    -  8.44e-01 4.26e-01h  1
 393  4.1998987e+00 1.40e-02 6.14e-01  -5.4 1.07e-01    -  7.99e-01 7.23e-01h  1
 394  4.1994586e+00 6.83e-03 4.18e-01  -5.2 1.16e-01    -  1.00e+00 8.07e-01h  1
 395  4.1992136e+00 4.20e-03 1.13e+00  -4.8 1.32e-01    -  1.00e+00 3.86e-01h  1
 396  4.2215287e+00 4.18e-04 9.15e-01  -4.8 2.86e-01    -  6.76e-01 1.00e+00H  1
 397  4.2042087e+00 1.19e-03 1.18e+00  -5.2 1.51e-01    -  1.00e+00 6.17e-01h  1
 398  4.2067792e+00 1.37e-03 7.20e-01  -4.5 7.23e-02    -  7.88e-01 1.00e+00h  1
 399  4.1995753e+00 1.64e-04 4.93e-03  -4.7 7.20e-02    -  1.00e+00 1.00e+00h  1
iter    objective    inf_pr   inf_du lg(mu)  ||d||  lg(rg) alpha_du alpha_pr  ls
 400  4.1972287e+00 3.27e-04 1.06e-01  -4.8 3.04e-01    -  9.90e-01 9.40e-01H  1
 401  4.2132607e+00 2.21e-01 5.98e-01  -4.5 1.34e+00    -  9.57e-01 6.67e-01h  1
 402  4.2100841e+00 1.52e+01 5.98e-01  -4.6 1.17e+01    -  1.33e-01 6.99e-02h  2
 403  4.2046849e+00 1.44e+01 6.23e-01  -4.6 1.16e+01    -  2.28e-01 5.22e-02h  2
 404  4.2040831e+00 1.37e+01 5.92e-01  -4.6 1.02e+01    -  1.24e-01 4.94e-02h  3
 405  4.1995387e+00 1.12e+01 6.59e-01  -4.6 1.44e+00    -  3.00e-01 1.84e-01h  1
 406  4.1911869e+00 1.03e+01 1.62e+00  -4.6 5.74e-01    -  5.77e-01 8.14e-02h  1
 407  4.1859247e+00 9.19e+00 3.06e+00  -4.2 1.07e+00    -  4.47e-01 1.04e-01h  1
 408  4.1900012e+00 8.08e+00 2.64e+00  -4.4 4.37e+00    -  1.86e-01 1.20e-01h  1
 409  4.3253183e+00 5.17e+00 2.44e+00  -3.7 3.35e+00    -  2.26e-01 3.64e-01h  1
iter    objective    inf_pr   inf_du lg(mu)  ||d||  lg(rg) alpha_du alpha_pr  ls
 410  4.2976511e+00 5.05e+00 1.94e+00  -4.2 4.38e+00    -  3.37e-01 1.78e-01h  2
 411  4.2943370e+00 4.96e+00 1.78e+00  -4.2 1.20e+01    -  1.12e-01 1.06e-01h  2
 412  4.2757415e+00 4.35e+00 1.92e+00  -4.2 6.26e+00    -  1.94e-01 1.24e-01h  1
 413  4.3182151e+00 3.17e+00 3.09e+00  -4.2 2.22e+00    -  1.19e-01 2.70e-01h  1
 414  4.2922243e+00 6.93e-01 5.68e+00  -4.2 3.48e-01    -  2.36e-01 7.83e-01h  1
 415  4.2128702e+00 4.61e-01 3.85e+00  -4.2 6.21e-01    -  5.11e-01 3.36e-01h  1
 416  4.1884557e+00 3.46e-01 3.47e+00  -4.2 4.99e-01    -  1.08e-01 2.50e-01f  3
 417  4.1653703e+00 2.90e-01 2.94e+00  -4.6 3.16e-01    -  7.89e-01 1.63e-01h  1
 418  4.1269805e+00 1.92e-01 1.29e+00  -5.0 6.05e-01    -  2.46e-01 3.37e-01h  1
 419  4.1024291e+00 1.43e-01 2.85e+00  -4.7 1.23e+00    -  8.10e-01 2.48e-01h  1
iter    objective    inf_pr   inf_du lg(mu)  ||d||  lg(rg) alpha_du alpha_pr  ls
 420  4.1603789e+00 5.59e-02 1.02e+00  -4.1 2.98e-01    -  7.73e-01 5.49e-01h  1
 421  4.0937197e+00 4.54e-03 1.41e-02  -4.5 1.12e-01    -  1.00e+00 1.00e+00h  1
 422  4.0860220e+00 6.35e-03 3.22e-02  -4.6 5.40e-02    -  1.00e+00 9.76e-01h  1
 423  4.0751966e+00 4.44e-03 2.18e-02  -4.7 1.46e-01    -  1.00e+00 1.00e+00h  1
 424  4.0735954e+00 5.69e-03 1.67e+00  -4.5 1.18e+00    -  1.00e+00 3.68e-01h  1
 425  4.0750255e+00 7.16e-03 1.55e+00  -4.1 9.87e+00    -  1.89e-01 4.33e-02h  3
 426  4.0723054e+00 1.24e-02 1.49e+00  -4.5 7.74e+00    -  2.23e-01 1.44e-01h  2
 427  4.1770682e+00 4.88e-02 1.42e+00  -3.6 2.06e+01    -  7.20e-02 7.98e-02f  2
 428  4.1648243e+00 5.33e-02 8.32e-01  -4.4 6.82e+00    -  2.09e-01 1.30e-01h  2
 429  4.1445548e+00 5.94e-02 9.87e-01  -4.4 2.37e+01    -  7.33e-02 8.72e-02h  2
iter    objective    inf_pr   inf_du lg(mu)  ||d||  lg(rg) alpha_du alpha_pr  ls
 430  4.1213153e+00 1.11e-01 6.16e-01  -4.4 6.06e+01    -  7.91e-02 4.84e-02h  2
 431  4.0886486e+00 1.11e-01 7.00e-01  -4.4 3.89e+01    -  3.12e-02 2.15e-02h  3
 432  4.0651413e+00 1.10e-01 7.22e-01  -4.4 1.48e+01    -  1.19e-01 8.45e-02h  2
 433  4.0881648e+00 1.09e-01 1.22e+00  -3.7 1.26e+01    -  2.02e-01 7.93e-02h  2
 434  4.0751007e+00 1.40e-01 8.90e-01  -4.2 1.68e+01    -  1.72e-01 1.95e-01h  1
 435  4.0476062e+00 1.41e-01 7.64e-01  -4.2 8.56e+01    -  9.01e-02 1.21e-02h  3
 436  4.2362348e+00 1.61e+01 1.34e+00  -3.4 3.77e+01    -  1.28e-01 6.32e-02f  2
 437  4.7928123e+00 1.26e+01 8.83e-01  -4.0 1.26e+01    -  1.91e-01 2.13e-01h  1
 438  4.4642012e+00 9.95e+00 2.21e+00  -4.0 5.36e+00    -  2.95e-01 2.13e-01h  1
 439  4.1548971e+00 9.24e+00 1.80e+00  -4.0 9.73e+00    -  1.26e-01 7.15e-02h  1
iter    objective    inf_pr   inf_du lg(mu)  ||d||  lg(rg) alpha_du alpha_pr  ls
 440  4.0032841e+00 7.71e+00 1.50e+00  -4.0 2.88e+00    -  1.64e-01 1.66e-01h  1
 441  3.9552539e+00 6.52e+00 1.17e+00  -4.0 3.01e+00    -  3.38e-01 1.54e-01h  1
 442  3.9388039e+00 4.75e+00 1.28e+00  -4.1 1.97e+00    -  5.58e-01 2.72e-01h  1
 443  3.9716750e+00 5.53e+00 9.54e-01  -3.7 3.88e+00    -  3.02e-01 2.55e-01h  2
 444  4.6959350e+00 3.37e+00 7.55e-01  -4.0 9.88e+00    -  3.98e-01 4.95e-01H  1
 445  5.9140529e+00 1.30e+00 1.13e+00  -4.0 1.09e+01    -  4.76e-01 6.16e-01H  1
 446  5.5368861e+00 1.23e+00 1.32e+00  -4.0 7.13e+00    -  1.12e-01 4.95e-02f  1
 447  4.3141803e+00 8.12e-01 3.58e+00  -4.0 4.54e+00    -  1.81e-01 4.00e-01f  1
 448  4.1325881e+00 7.88e-01 6.45e+00  -4.0 1.79e+01    -  2.06e-01 4.77e-02h  3
 449  4.1177671e+00 7.46e-01 5.94e+00  -4.0 2.02e+01    -  1.01e-01 7.47e-02h  2
iter    objective    inf_pr   inf_du lg(mu)  ||d||  lg(rg) alpha_du alpha_pr  ls
 450  4.8418458e+00 5.18e-01 5.55e+00  -4.0 6.09e+00    -  2.37e-01 4.49e-01H  1
 451  4.6009162e+00 3.34e-01 2.13e+00  -4.0 1.11e+00    -  6.51e-01 3.58e-01f  1
 452  3.8743830e+00 1.27e-01 8.16e-01  -4.0 1.28e+00    -  1.30e-01 7.61e-01f  1
 453  3.9640196e+00 3.64e-02 1.82e-01  -3.7 1.52e+00    -  7.02e-01 7.20e-01F  1
 454  3.9442896e+00 2.74e-02 1.68e+00  -3.9 3.04e+00    -  7.52e-01 2.31e-01h  2
 455  3.9501671e+00 3.04e-02 2.78e+00  -3.6 1.64e+00    -  6.21e-01 1.78e-01h  3
 456  3.9562342e+00 7.24e-03 1.16e-01  -3.8 6.22e-01    -  9.73e-01 1.00e+00H  1
 457  3.8887943e+00 1.64e-02 1.63e+00  -4.1 1.10e+00    -  1.00e+00 3.77e-01h  2
 458  3.9014211e+00 6.16e-03 5.71e-01  -3.8 3.16e-01    -  5.62e-01 6.23e-01h  1
 459  3.8110305e+00 4.00e-03 3.57e-02  -4.4 1.27e-01    -  1.00e+00 1.00e+00h  1
iter    objective    inf_pr   inf_du lg(mu)  ||d||  lg(rg) alpha_du alpha_pr  ls
 460  3.7716279e+00 7.03e-03 8.03e-02  -4.5 5.65e-02    -  1.00e+00 7.92e-01h  1
 461  3.7461870e+00 3.45e-03 5.86e-01  -4.5 4.90e-02    -  1.00e+00 5.29e-01h  1
 462  3.7245922e+00 3.72e-03 4.56e-01  -4.6 1.16e-01    -  1.00e+00 7.18e-01h  1
 463  3.7220352e+00 2.10e-03 1.76e-02  -4.6 9.22e-02    -  1.00e+00 9.59e-01h  1
 464  3.7077690e+00 3.52e-03 3.61e-02  -4.9 5.24e-02    -  1.00e+00 9.22e-01h  1
 465  3.6977491e+00 5.03e-04 1.51e-02  -5.2 5.03e-02    -  1.00e+00 9.64e-01h  1
 466  3.6952569e+00 8.74e-04 3.38e-01  -5.2 3.61e-02    -  1.00e+00 6.96e-01h  1
 467  3.6918862e+00 5.60e-03 7.77e-02  -5.2 1.32e-01    -  1.00e+00 5.37e-01h  1
 468  3.6885263e+00 8.05e-03 4.64e-01  -4.8 6.42e-01    -  5.83e-01 1.73e-01h  1
 469  3.6856609e+00 6.18e-02 3.25e-01  -5.0 1.44e+00    -  3.88e-01 1.43e-01h  1
iter    objective    inf_pr   inf_du lg(mu)  ||d||  lg(rg) alpha_du alpha_pr  ls
 470  3.6819200e+00 3.06e-02 7.96e-01  -5.1 1.34e+00    -  3.90e-01 1.38e-01h  2
 471  3.6973884e+00 1.56e+01 5.57e-01  -4.5 1.06e+00    -  3.07e-01 3.14e-01h  1
 472  3.6884166e+00 1.33e+01 9.10e-01  -4.9 7.35e-01    -  5.86e-01 1.49e-01h  1
 473  3.6757728e+00 1.23e+01 8.59e-01  -4.9 1.17e+00    -  4.60e-01 7.56e-02h  1
 474  3.7643587e+00 7.15e+00 6.18e-01  -4.2 7.50e-01    -  2.78e-01 4.17e-01h  1
 475  3.7627099e+00 7.09e+00 6.90e-01  -4.7 1.90e-01    -  3.18e-01 8.26e-03h  1
 476  3.7308447e+00 5.96e+00 4.51e-01  -4.7 2.67e-01    -  1.32e-01 1.60e-01h  1
 477  3.7062577e+00 4.78e+00 5.09e-01  -4.7 2.18e-01    -  1.13e-01 1.97e-01h  1
 478  3.7022406e+00 4.57e+00 6.71e-01  -4.7 1.98e-01    -  1.03e-01 4.35e-02h  1
 479  3.6952024e+00 4.17e+00 6.15e-01  -4.7 2.78e-01    -  8.56e-02 8.77e-02h  1
iter    objective    inf_pr   inf_du lg(mu)  ||d||  lg(rg) alpha_du alpha_pr  ls
 480  3.6905487e+00 3.90e+00 6.48e-01  -4.7 4.16e-01    -  2.82e-01 6.50e-02h  1
 481  3.6828254e+00 3.45e+00 1.02e+00  -4.7 5.63e-01    -  4.06e-01 1.16e-01h  1
 482  3.6777893e+00 5.90e+00 1.14e+00  -4.7 6.25e-01    -  2.54e-01 9.36e-02h  1
 483  3.6922845e+00 3.25e+00 7.00e-01  -4.1 4.38e-01    -  1.46e-01 4.50e-01f  1
 484  3.6842009e+00 2.24e+00 6.08e-01  -4.6 1.58e-01    -  1.23e-01 3.26e-01h  1
 485  3.6758211e+00 1.54e+00 4.22e-01  -4.6 1.06e-01    -  3.17e-01 3.13e-01h  1
 486  3.7137506e+00 6.63e-01 3.51e-01  -4.0 9.90e-02    -  4.42e-01 5.88e-01f  1
 487  3.6944918e+00 1.76e-01 4.19e-01  -4.3 9.24e-02    -  8.58e-01 8.09e-01h  1
 488  3.6830833e+00 2.89e-03 2.33e-01  -4.3 4.93e-02    -  1.00e+00 1.00e+00h  1
 489  3.6539145e+00 1.74e-03 1.42e-01  -4.9 4.74e-02    -  8.39e-01 7.59e-01h  1
iter    objective    inf_pr   inf_du lg(mu)  ||d||  lg(rg) alpha_du alpha_pr  ls
 490  3.7092736e+00 8.87e-03 9.37e-01  -4.2 1.35e-01    -  4.07e-01 1.00e+00h  1
 491  3.6830189e+00 4.93e-03 9.79e-02  -4.5 8.29e-02    -  9.51e-01 1.00e+00H  1
 492  3.6440896e+00 4.68e-02 4.03e-02  -4.7 7.36e-02    -  1.00e+00 1.00e+00h  1
 493  3.6365801e+00 1.32e-03 5.92e-03  -5.0 4.54e-02    -  1.00e+00 1.00e+00h  1
 494  3.6338139e+00 5.02e-03 7.41e-02  -5.1 3.31e-02    -  1.00e+00 8.84e-01h  1
 495  3.6317641e+00 1.83e-03 2.48e-01  -5.1 4.58e-02    -  1.00e+00 6.36e-01h  1
 496  3.6302926e+00 5.72e-04 1.36e-01  -5.3 8.74e-02    -  1.00e+00 6.92e-01H  1
 497  3.6259101e+00 4.90e-03 1.12e-01  -5.5 8.45e-02    -  1.00e+00 7.09e-01h  1
 498  3.6241192e+00 3.89e-03 2.74e-01  -5.2 2.31e-01    -  4.41e-01 1.96e-01h  1
 499  3.6225244e+00 4.24e-03 4.30e-01  -5.5 1.19e-01    -  1.00e+00 5.08e-01h  1
iter    objective    inf_pr   inf_du lg(mu)  ||d||  lg(rg) alpha_du alpha_pr  ls
 500  3.6199743e+00 2.55e-03 6.08e-01  -5.6 2.21e-01    -  8.71e-01 3.90e-01h  1
 501  3.6170267e+00 6.39e-03 7.68e-01  -4.9 1.96e+00    -  2.05e-01 7.71e-02h  1
 502  3.6176924e+00 1.23e-02 8.59e-01  -4.7 4.83e+00    -  1.38e-01 7.52e-02h  1
 503  3.6141335e+00 1.15e-02 9.39e-01  -5.3 3.25e+00    -  1.21e-01 4.15e-02h  1
 504  3.6111050e+00 9.66e-03 1.04e+00  -4.7 4.84e+00    -  1.16e-01 3.96e-02f  1
 505  3.6057710e+00 5.01e-03 9.13e-01  -5.7 2.97e+00    -  5.32e-02 9.73e-02h  1
 506  3.6104752e+00 5.22e-02 8.90e-01  -4.2 8.52e+00    -  1.05e-01 7.79e-02h  1
 507  3.6043036e+00 1.15e-01 9.85e-01  -5.0 6.46e+00    -  9.52e-02 5.30e-02h  2
 508  3.5990346e+00 1.84e+01 9.80e-01  -7.0 4.16e+00    -  1.79e-01 9.93e-02h  1
 509  3.6619257e+00 1.32e+00 2.08e-01  -4.0 1.01e+00    -  7.64e-02 1.92e-01h  1
iter    objective    inf_pr   inf_du lg(mu)  ||d||  lg(rg) alpha_du alpha_pr  ls
 510  3.6035440e+00 5.22e-01 5.61e-01  -4.8 2.65e-01    -  4.41e-01 5.67e-01h  1
 511  3.5959673e+00 7.26e-02 1.27e+00  -4.5 5.00e-01    -  5.91e-01 3.26e-01f  2
 512  3.5995010e+00 1.59e-02 1.85e+00  -4.3 1.33e-01    -  6.27e-01 2.48e-01h  1
 513  3.5870623e+00 2.47e-03 1.38e-01  -4.7 2.14e-01    -  1.00e+00 9.92e-01h  1
 514  3.5901548e+00 2.21e-03 1.10e+00  -4.5 9.44e-01    -  8.09e-01 1.56e-01h  3
 515  3.5883296e+00 1.25e-02 1.60e+00  -4.6 2.96e-01    -  1.00e+00 2.50e-01h  3
 516  3.5871962e+00 1.94e+01 1.09e+00  -4.6 1.27e-01    -  2.28e-01 2.66e-01H  1
 517  3.5885494e+00 1.48e+01 9.70e-01  -4.6 5.46e-01    -  4.36e-01 2.42e-01h  1
 518  3.5859750e+00 1.16e+01 1.82e+00  -4.6 4.55e-01    -  7.46e-01 2.14e-01h  2
 519  3.5821946e+00 9.23e+00 1.44e+00  -4.7 6.58e-01    -  2.12e-01 2.03e-01h  1
iter    objective    inf_pr   inf_du lg(mu)  ||d||  lg(rg) alpha_du alpha_pr  ls
 520  3.6200695e+00 7.42e+00 1.15e+00  -3.9 4.52e-01    -  1.98e-01 1.97e-01h  1
 521  3.6198494e+00 7.34e+00 1.27e+00  -4.4 3.27e-01    -  5.09e-01 1.04e-02h  1
 522  3.6159156e+00 5.74e+00 2.41e+00  -4.4 3.69e-01    -  4.36e-01 2.19e-01h  1
 523  3.6140456e+00 4.56e+00 1.57e+00  -4.4 5.15e-01    -  3.75e-01 2.06e-01h  1
 524  3.6030313e+00 6.65e+00 1.27e+00  -4.4 4.78e-01    -  2.23e-01 4.56e-01H  1
 525  3.6086747e+00 4.82e+00 1.12e+00  -4.4 5.72e-01    -  1.32e-01 3.52e-01h  1
 526  3.6002289e+00 2.51e+00 7.29e-01  -4.4 3.30e-01    -  1.30e-01 4.81e-01h  1
 527  3.5951754e+00 1.04e+00 5.83e-01  -4.4 2.03e-01    -  4.35e-01 5.88e-01h  1
 528  3.5950985e+00 1.52e+00 5.63e-01  -4.4 6.57e-02    -  8.91e-02 5.87e-02H  1
 529  3.5959945e+00 8.25e+00 4.95e-01  -4.4 1.86e-01    -  1.10e-01 2.97e-01f  2
iter    objective    inf_pr   inf_du lg(mu)  ||d||  lg(rg) alpha_du alpha_pr  ls
 530  3.5960638e+00 6.92e+00 4.08e-01  -4.4 6.06e-01    -  1.99e-01 1.62e-01h  1
 531  3.5958180e+00 6.56e+00 3.35e-01  -4.4 9.33e-01    -  1.21e-01 5.17e-02h  3
 532  3.5963622e+00 3.21e+00 6.36e-01  -4.4 7.47e-01    -  3.26e-01 9.95e-02h  2
 533  3.5954873e+00 2.52e+00 4.74e-01  -4.4 2.41e-01    -  4.48e-01 2.18e-01h  2
 534  3.5930391e+00 1.15e+00 3.85e-01  -4.4 2.16e-01    -  1.60e-01 5.44e-01h  1
 535  3.5937578e+00 6.87e-01 4.90e-01  -4.4 8.58e-02    -  1.98e-01 4.10e-01f  2
 536  3.5916510e+00 3.08e-02 4.83e-01  -4.4 3.51e-02    -  2.69e-01 1.00e+00h  1
 537  3.6127864e+00 2.06e-02 1.76e-01  -4.2 1.23e-01    -  9.61e-01 1.00e+00h  1
 538  3.6233361e+00 1.30e-03 3.61e-01  -4.3 1.41e-01    -  7.10e-01 1.00e+00H  1
 539  3.5799311e+00 4.75e-02 4.55e-01  -4.7 1.33e-01    -  7.03e-01 8.97e-01h  1
iter    objective    inf_pr   inf_du lg(mu)  ||d||  lg(rg) alpha_du alpha_pr  ls
 540  3.6167674e+00 5.42e-02 5.01e-01  -4.3 9.82e-02    -  7.96e-01 1.00e+00h  1
 541  3.5935125e+00 1.99e-03 1.30e-02  -4.4 7.03e-02    -  1.00e+00 1.00e+00h  1
 542  3.5740425e+00 4.19e-03 1.35e-02  -4.6 6.70e-02    -  9.97e-01 1.00e+00h  1
 543  3.5603700e+00 2.95e-02 1.83e-02  -4.9 8.07e-02    -  1.00e+00 9.72e-01h  1
 544  3.5593945e+00 1.48e-02 1.84e-02  -4.9 8.70e-02    -  1.00e+00 1.00e+00h  1
 545  3.5554874e+00 1.29e-03 2.39e-02  -5.2 6.03e-02    -  1.00e+00 9.93e-01h  1
 546  3.5486181e+00 1.12e-03 1.60e-01  -5.4 3.39e-02    -  1.00e+00 9.46e-01h  1
 547  3.5471014e+00 1.40e-04 8.45e-03  -5.6 1.92e-02    -  1.00e+00 9.82e-01h  1
 548  3.5456338e+00 2.40e-04 1.48e-01  -5.8 5.73e-02    -  1.00e+00 6.02e-01h  1
 549  3.5439546e+00 7.86e-04 1.21e-01  -6.2 5.36e-01    -  3.33e-01 1.53e-01h  1
iter    objective    inf_pr   inf_du lg(mu)  ||d||  lg(rg) alpha_du alpha_pr  ls
 550  3.5429707e+00 1.76e-03 2.77e-01  -5.6 1.46e+00    -  2.84e-01 1.05e-01h  1
 551  3.5427862e+00 4.44e-03 4.48e-01  -5.5 1.56e+00    -  2.47e-01 1.34e-01h  1
 552  3.5444932e+00 1.13e-02 3.38e-01  -5.1 1.53e+00    -  2.49e-01 2.51e-01h  1
 553  3.5430868e+00 1.13e-02 4.95e-01  -5.6 2.83e+00    -  1.18e-01 2.02e-02h  1
 554  3.5406903e+00 1.45e-02 2.96e-01  -5.6 4.64e+00    -  1.76e-01 8.97e-02h  1
 555  3.5376166e+00 1.39e-02 3.07e-01  -6.0 4.28e+00    -  9.48e-02 4.91e-02h  2
 556  3.5358218e+00 9.86e-03 5.60e-01  -4.9 2.14e+00    -  2.21e-01 1.47e-01h  1
 557  3.5412336e+00 8.55e-02 6.62e-01  -4.6 2.50e+00    -  2.25e-01 1.81e-01h  1
 558  3.5386842e+00 1.56e-01 8.11e-01  -5.1 2.67e+00    -  2.21e-01 1.47e-01h  1
 559  3.5342760e+00 1.57e-01 8.89e-01  -5.1 3.71e+00    -  1.35e-01 1.04e-01h  1
iter    objective    inf_pr   inf_du lg(mu)  ||d||  lg(rg) alpha_du alpha_pr  ls
 560  3.5940973e+00 3.56e-01 1.14e+00  -4.2 2.10e+00    -  4.46e-02 2.44e-01f  1
 561  3.5520301e+00 2.14e-01 6.82e-01  -5.0 4.03e-01    -  6.56e-01 3.98e-01h  1
 562  3.5273918e+00 1.82e+01 7.80e-01  -5.0 2.92e-01    -  3.04e-01 4.22e-01h  1
 563  3.5462704e+00 1.23e+01 6.47e-01  -4.0 4.10e-01    -  2.19e-01 3.24e-01f  1
 564  3.5457584e+00 1.22e+01 1.55e+00  -4.6 3.67e-01    -  5.43e-01 1.12e-02h  1
 565  3.5414285e+00 8.23e+00 1.33e+00  -4.6 4.28e-01    -  7.39e-01 3.24e-01h  1
 566  3.5431951e+00 2.70e+00 1.05e+00  -4.6 5.98e-01    -  1.91e-01 2.04e-01h  1
 567  3.5324903e+00 1.44e-01 6.29e-01  -4.6 2.42e-01    -  2.60e-01 9.53e-01h  1
 568  3.5782126e+00 8.46e-03 6.39e-01  -4.3 9.37e-02    -  6.48e-01 1.00e+00f  1
 569  3.5497132e+00 9.31e-03 8.03e-01  -4.5 8.74e-02    -  4.29e-01 1.00e+00h  1
iter    objective    inf_pr   inf_du lg(mu)  ||d||  lg(rg) alpha_du alpha_pr  ls
 570  3.5417026e+00 6.28e-03 1.08e-01  -4.5 6.77e-02    -  4.73e-01 1.00e+00h  1
 571  3.5390946e+00 4.93e-03 2.89e-01  -4.5 1.17e-01    -  6.31e-01 1.00e+00h  1
 572  3.5989816e+00 1.54e-01 5.87e-02  -4.2 5.15e-01    -  1.00e+00 1.00e+00h  1
 573  3.6523300e+00 8.14e-02 2.63e-01  -4.3 9.91e-01    -  5.33e-01 8.99e-01h  1
 574  3.7673514e+00 1.29e-01 8.98e-01  -4.3 4.73e-01    -  1.64e-01 9.70e-01h  1
 575  3.5507221e+00 1.12e-01 4.71e-01  -4.3 4.88e-01    -  5.82e-01 1.00e+00f  1
 576  3.5647794e+00 8.87e-03 2.33e-02  -4.3 1.61e-01    -  1.00e+00 1.00e+00h  1
 577  3.5470887e+00 5.85e-03 1.43e-02  -4.3 9.07e-02    -  1.00e+00 1.00e+00h  1
 578  3.5457453e+00 3.68e-04 6.70e-03  -4.3 4.50e-02    -  1.00e+00 1.00e+00h  1
 579  3.5274132e+00 9.03e-03 8.38e-03  -4.7 7.17e-02    -  1.00e+00 1.00e+00h  1
iter    objective    inf_pr   inf_du lg(mu)  ||d||  lg(rg) alpha_du alpha_pr  ls
 580  3.5126033e+00 4.80e-03 4.36e-01  -4.9 4.29e-01    -  1.00e+00 4.87e-01h  1
 581  3.5150999e+00 4.97e-03 2.40e-01  -4.5 6.54e-02    -  1.00e+00 7.44e-01h  1
 582  3.5037758e+00 6.04e-04 3.71e-01  -4.8 6.55e-02    -  1.00e+00 9.40e-01h  1
 583  3.4973168e+00 3.37e-04 6.92e-01  -4.9 9.51e-02    -  1.00e+00 6.73e-01h  1
 584  3.4912879e+00 5.24e-03 7.94e-01  -5.2 2.11e-01    -  1.00e+00 5.91e-01h  1
 585  3.4968759e+00 5.98e-03 1.59e-01  -4.8 1.91e-01    -  1.00e+00 8.89e-01h  1
 586  3.5045751e+00 4.16e-03 3.57e-02  -4.9 1.67e-01    -  1.00e+00 1.00e+00h  1
 587  3.4918915e+00 3.94e-03 1.75e-02  -4.9 9.59e-02    -  1.00e+00 1.00e+00h  1
 588  3.4849940e+00 2.13e-03 1.73e-01  -4.9 9.23e-02    -  1.00e+00 9.34e-01h  1
 589  3.4856316e+00 2.73e-04 2.64e-02  -4.9 1.44e-01    -  1.00e+00 9.66e-01H  1
iter    objective    inf_pr   inf_du lg(mu)  ||d||  lg(rg) alpha_du alpha_pr  ls
 590  3.4788203e+00 3.11e-02 4.80e-01  -5.2 5.39e-01    -  1.00e+00 6.39e-01h  1
 591  3.4757792e+00 1.06e-01 7.97e-01  -4.9 5.19e+00    -  2.68e-01 8.03e-02h  2
 592  3.4826400e+00 1.99e+01 1.00e+00  -4.3 5.12e+00    -  1.87e-01 1.09e-01h  1
 593  3.4924550e+00 1.64e+01 9.68e-01  -4.9 2.19e+00    -  3.93e-01 1.73e-01h  1
 594  3.4852001e+00 1.34e+01 5.24e-01  -4.9 5.30e-01    -  4.80e-01 1.83e-01h  1
 595  3.4761694e+00 1.03e+01 5.84e-01  -4.9 4.23e-01    -  3.08e-01 2.35e-01h  1
 596  3.4714460e+00 8.90e+00 1.13e+00  -4.9 1.05e+00    -  4.04e-01 1.32e-01h  1
 597  3.4981100e+00 7.27e+00 8.21e-01  -4.0 6.05e-01    -  1.17e-01 1.85e-01f  1
 598  3.4972797e+00 5.98e+00 5.66e-01  -4.7 2.55e-01    -  2.51e-01 1.78e-01h  1
 599  3.4961668e+00 3.71e+00 1.04e+00  -4.7 4.72e-01    -  1.97e-01 7.36e-02h  1
iter    objective    inf_pr   inf_du lg(mu)  ||d||  lg(rg) alpha_du alpha_pr  ls
 600  3.4834982e+00 6.89e+00 5.92e-01  -4.7 2.82e-01    -  2.13e-01 3.42e-01h  1
 601  3.4834991e+00 6.62e+00 5.16e-01  -4.7 5.55e-01    -  1.07e-02 3.90e-02h  1
 602  3.4835578e+00 6.28e+00 4.09e-01  -4.7 6.14e-01    -  9.39e-02 5.15e-02h  1
 603  3.4831934e+00 3.39e+00 1.23e+00  -4.7 1.08e+00    -  3.22e-02 5.83e-02h  1
 604  3.4810719e+00 3.07e+00 2.09e+00  -4.7 2.72e-01    -  7.09e-02 9.48e-02f  1
 605  3.4770493e+00 8.42e+00 6.14e-01  -4.7 3.78e-01    -  1.56e-01 4.08e-01f  1
 606  3.4769475e+00 8.16e+00 6.95e-01  -4.7 9.97e-01    -  1.11e-01 3.04e-02h  1
 607  3.4815472e+00 2.80e+00 5.59e-01  -4.7 1.14e+00    -  1.40e-01 2.14e-01h  2
 608  3.4751345e+00 1.64e+00 8.63e-01  -4.7 1.56e-01    -  3.15e-01 4.19e-01h  1
 609  3.4778842e+00 8.57e+00 4.21e-01  -4.4 2.38e-01    -  6.86e-01 5.13e-01f  1
iter    objective    inf_pr   inf_du lg(mu)  ||d||  lg(rg) alpha_du alpha_pr  ls
 610  3.4778951e+00 9.61e-01 9.66e-01  -4.6 7.80e-01    -  1.50e-01 1.94e-02h  1
 611  3.4773270e+00 5.02e-01 3.02e-01  -4.6 1.18e-01    -  3.16e-01 5.00e-01f  2
 612  3.4746538e+00 1.67e-01 4.19e-01  -4.6 7.51e-02    -  2.79e-01 1.00e+00h  1
 613  3.4626900e+00 9.47e-02 3.84e-01 -10.6 2.22e-01    -  3.14e-01 4.42e-01h  1
 614  3.4903383e+00 1.98e-02 1.51e-01  -4.4 2.30e-01    -  6.21e-01 6.62e-01h  1
 615  3.4924319e+00 3.91e-02 5.50e-01  -4.6 1.66e-01    -  6.88e-01 1.00e+00h  1
 616  3.4769824e+00 9.17e-03 3.32e-01  -4.6 9.73e-02    -  8.31e-01 1.00e+00h  1
 617  3.4583360e+00 2.50e-03 1.17e-02  -5.0 5.71e-02    -  1.00e+00 1.00e+00h  1
 618  3.4545135e+00 9.16e-03 8.29e-03  -5.1 3.65e-02    -  1.00e+00 1.00e+00h  1
 619  3.4505211e+00 7.99e-03 8.13e-03  -5.3 3.18e-02    -  1.00e+00 9.97e-01h  1
iter    objective    inf_pr   inf_du lg(mu)  ||d||  lg(rg) alpha_du alpha_pr  ls
 620  3.4482970e+00 2.19e-04 6.60e-03  -5.7 3.19e-02    -  1.00e+00 1.00e+00h  1
 621  3.4465537e+00 9.97e-05 1.78e-02  -5.9 1.36e-02    -  1.00e+00 9.47e-01h  1
 622  3.4457970e+00 6.23e-05 6.68e-01  -6.3 2.22e-02    -  1.00e+00 6.81e-01h  1
 623  3.4455238e+00 2.44e-04 3.54e-01  -5.8 7.15e-02    -  1.00e+00 3.77e-01h  1
 624  3.4453235e+00 1.01e-03 3.60e-01  -5.3 2.97e-01    -  4.03e-01 1.28e-01h  1
 625  3.4464693e+00 7.35e-03 2.51e-01  -5.2 3.57e-01    -  3.04e-01 3.03e-01h  1
 626  3.4461289e+00 6.07e-02 1.81e-01  -5.5 4.65e-01    -  3.56e-01 3.15e-01h  1
 627  3.4446061e+00 1.06e-01 1.96e-01  -5.5 7.93e-01    -  3.63e-01 9.99e-02h  1
 628  3.4430712e+00 1.87e+01 4.72e-01  -5.2 1.34e+00    -  6.34e-01 7.45e-02h  1
 629  3.4594887e+00 1.28e+01 3.71e-01  -4.5 5.24e-01    -  1.50e-01 3.15e-01h  1
iter    objective    inf_pr   inf_du lg(mu)  ||d||  lg(rg) alpha_du alpha_pr  ls
 630  3.4593040e+00 1.28e+01 1.08e+00  -5.1 2.37e-01    -  5.54e-01 7.04e-03h  1
 631  3.4526219e+00 9.33e+00 9.83e-01  -5.1 3.82e-01    -  2.18e-01 2.68e-01h  1
 632  3.4516074e+00 8.57e+00 5.34e-01  -5.1 3.52e-01    -  2.87e-01 8.14e-02h  1
 633  3.4518199e+00 8.03e+00 4.88e-01  -5.1 4.56e-01    -  4.33e-02 6.41e-02h  1
 634  3.4521393e+00 1.96e+00 6.15e-01  -5.1 4.86e-01    -  1.41e-01 9.21e-02h  1
 635  3.4478314e+00 1.02e+00 4.60e-01  -5.1 1.22e-01    -  1.28e-01 4.87e-01h  1
 636  3.4457957e+00 5.64e-01 3.92e-01  -5.1 7.89e-02    -  4.00e-01 4.58e-01h  1
 637  3.4449194e+00 9.64e+00 2.66e-01  -5.1 9.07e-02    -  3.25e-01 9.36e-01f  1
 638  3.4449661e+00 9.52e+00 4.06e-01  -5.1 3.09e-01    -  6.38e-02 1.25e-02h  1
 639  3.4449807e+00 9.19e+00 4.81e-01  -5.1 7.17e-01    -  7.82e-02 3.46e-02f  1
iter    objective    inf_pr   inf_du lg(mu)  ||d||  lg(rg) alpha_du alpha_pr  ls
 640  3.4452162e+00 8.42e+00 4.67e-01  -5.1 6.84e-01    -  1.52e-01 8.38e-02h  1
 641  3.4454192e+00 1.34e+00 4.43e-01  -5.1 6.03e-01    -  6.10e-02 6.04e-02h  1
 642  3.4429599e+00 8.56e+00 3.86e-01  -5.1 2.27e-01    -  1.09e-01 4.06e-01h  1
 643  3.4578411e+00 1.43e+00 3.44e-01  -3.9 9.42e-01    -  6.02e-02 8.19e-02f  1
 644  3.4573095e+00 7.61e+00 3.48e-01  -4.9 3.81e-01    -  1.99e-01 4.88e-02H  1
 645  3.4571247e+00 7.13e+00 3.26e-01  -4.9 6.55e-01    -  6.25e-02 6.33e-02h  1
 646  3.4566489e+00 6.72e+00 4.80e-01  -4.9 9.94e-01    -  2.11e-01 5.77e-02h  1
 647  3.4554201e+00 3.48e+00 6.05e-01  -4.9 1.52e+00    -  6.41e-02 1.37e-01h  2
 648  3.4534317e+00 3.17e+00 7.29e-01  -4.9 1.95e+00    -  1.61e-01 9.01e-02h  2
 649  3.4535785e+00 2.10e+00 5.34e-01  -4.9 1.16e+00    -  2.79e-01 3.40e-01h  1
iter    objective    inf_pr   inf_du lg(mu)  ||d||  lg(rg) alpha_du alpha_pr  ls
 650  3.4491752e+00 7.94e+00 1.64e-01  -4.9 1.43e+00    -  2.63e-01 1.72e-01h  1
 651  3.4487725e+00 6.11e+00 1.16e-01  -4.9 3.56e+00    -  2.16e-01 2.30e-01h  1
 652  3.4434610e+00 6.01e+00 3.00e-01  -4.9 1.43e+01    -  8.49e-02 1.64e-02h  1
 653  3.7841010e+00 4.52e+00 6.80e-01  -4.3 1.03e+01    -  1.24e-01 2.33e-01H  1
 654  3.6796302e+00 3.41e+00 3.91e-01  -4.8 2.93e+00    -  2.78e-01 2.45e-01h  1
 655  3.5129028e+00 3.07e+00 3.32e-01  -4.8 1.39e+00    -  1.00e-01 1.01e-01h  1
 656  3.4942031e+00 2.78e+00 9.86e-01  -4.8 3.49e-01    -  1.69e-01 9.42e-02h  1
 657  3.4625700e+00 2.22e+00 6.00e-01  -4.8 4.97e-01    -  3.42e-01 2.02e-01h  1
 658  3.4400170e+00 1.40e+00 2.15e-01  -4.8 1.24e+00    -  3.99e-01 3.67e-01h  1
 659  3.5272356e+00 5.43e-01 1.35e+00  -4.1 1.15e+00    -  2.24e-01 6.11e-01f  1
iter    objective    inf_pr   inf_du lg(mu)  ||d||  lg(rg) alpha_du alpha_pr  ls
 660  3.5290003e+00 1.41e-02 4.50e-01  -4.6 3.29e-01    -  8.23e-01 9.95e-01h  1
 661  3.4573188e+00 8.01e-03 2.16e+00  -4.6 4.21e-01    -  1.53e-01 4.13e-01f  1
 662  3.4365591e+00 4.11e-03 1.84e+00  -4.6 3.11e-01    -  6.01e-01 4.87e-01f  2
 663  3.4191466e+00 1.08e-03 2.65e-01  -4.7 7.80e-02    -  1.00e+00 9.29e-01h  1
 664  3.4064394e+00 1.43e-03 2.81e-01  -5.1 3.52e-02    -  1.00e+00 8.58e-01h  1
 665  3.4008420e+00 1.72e-03 1.00e+00  -5.4 1.58e-02    -  1.00e+00 7.38e-01h  1
 666  3.3992350e+00 1.27e-02 3.01e-01  -5.0 3.11e-02    -  1.00e+00 6.46e-01h  1
 667  3.4049651e+00 2.28e-03 2.38e-02  -4.8 9.36e-02    -  1.00e+00 1.00e+00h  1
 668  3.3995115e+00 1.72e-02 5.19e-02  -4.9 1.68e-01    -  1.00e+00 9.46e-01h  1
 669  3.3953255e+00 1.24e+00 6.21e-02  -4.9 6.75e-01    -  1.29e-01 1.40e-01H  1
iter    objective    inf_pr   inf_du lg(mu)  ||d||  lg(rg) alpha_du alpha_pr  ls
 670  3.4197601e+00 9.14e+00 5.57e-01  -4.5 1.45e-01    -  4.56e-01 1.00e+00f  1
 671  3.4150812e+00 8.34e+00 4.15e-01  -4.8 4.65e-01    -  1.32e-01 9.15e-02h  1
 672  3.4077740e+00 7.23e+00 3.69e-01  -4.8 4.99e-01    -  1.01e-01 1.43e-01h  1
 673  3.4023252e+00 5.79e+00 3.54e-01  -4.8 4.53e-01    -  1.31e-01 2.08e-01h  1
 674  3.4007411e+00 4.76e+00 5.70e-01  -4.8 3.84e-01    -  3.92e-02 1.80e-01h  1
 675  3.3994689e+00 3.58e+00 4.57e-01  -4.8 3.19e-01    -  2.39e-01 2.49e-01h  1
 676  3.3995418e+00 2.39e+00 3.79e-01  -4.8 4.36e-01    -  2.07e-01 3.34e-01h  1
 677  3.3960606e+00 1.40e+00 2.36e-01  -4.8 1.75e-01    -  4.07e-01 4.12e-01h  1
 678  3.3929870e+00 6.79e-01 9.80e-01  -4.8 2.41e-01    -  2.80e-01 5.25e-01h  1
 679  3.4418072e+00 3.29e-01 1.33e+00  -4.0 1.45e-01    -  3.20e-01 6.25e-01f  1
iter    objective    inf_pr   inf_du lg(mu)  ||d||  lg(rg) alpha_du alpha_pr  ls
 680  3.4209293e+00 3.30e-02 2.72e-01  -4.4 1.78e-01    -  5.92e-01 1.00e+00h  1
 681  3.4174754e+00 3.58e-03 1.32e+00  -4.4 1.57e-01    -  6.65e-01 9.89e-01H  1
 682  3.4090977e+00 1.43e-03 8.45e-02  -4.4 6.82e-02    -  1.00e+00 1.00e+00f  1
 683  3.4070480e+00 3.65e-03 2.75e-02  -4.4 4.54e-02    -  1.00e+00 1.00e+00h  1
 684  3.4054008e+00 1.82e-03 1.93e-02  -4.4 5.07e-02    -  1.00e+00 1.00e+00h  1
 685  3.4434684e+00 5.81e-03 2.66e-01  -4.1 3.58e-01    -  6.59e-01 4.70e-01h  1
 686  3.4473246e+00 2.70e-02 8.30e-02  -4.3 2.24e-01    -  1.00e+00 9.46e-01h  1
 687  3.4305077e+00 1.03e-02 3.90e-01  -4.3 1.01e-01    -  8.07e-01 1.00e+00f  1
 688  3.4250422e+00 1.02e-02 1.06e-02  -4.3 5.59e-02    -  1.00e+00 1.00e+00h  1
 689  3.4248889e+00 2.15e-04 3.59e-03  -4.3 2.91e-02    -  1.00e+00 1.00e+00h  1
iter    objective    inf_pr   inf_du lg(mu)  ||d||  lg(rg) alpha_du alpha_pr  ls
 690  3.3972934e+00 1.25e-02 1.26e-02  -4.5 6.08e-02    -  9.92e-01 1.00e+00h  1
 691  3.3968458e+00 4.44e-04 3.70e-02  -4.7 1.34e-01    -  9.48e-01 1.00e+00H  1
 692  3.3716043e+00 3.66e-03 3.14e-01  -5.1 5.96e-02    -  1.00e+00 8.21e-01h  1
 693  3.3665607e+00 3.89e-03 1.84e-02  -5.2 3.21e-02    -  1.00e+00 9.59e-01h  1
 694  3.3634861e+00 7.02e-04 3.18e-03  -5.4 3.11e-02    -  1.00e+00 9.97e-01h  1
 695  3.3636157e+00 9.03e-04 1.05e-01  -5.2 1.26e-01    -  1.00e+00 7.59e-01h  1
 696  3.3625719e+00 1.34e-03 1.82e-01  -5.3 5.33e-01    -  2.68e-01 1.62e-01h  2
 697  3.3697576e+00 1.95e-02 1.58e-01  -4.7 7.25e-01    -  2.72e-01 3.28e-01h  1
 698  3.3743257e+00 1.54e-02 5.81e-01  -5.1 5.50e-01    -  2.94e-01 5.29e-01H  1
 699  3.3683396e+00 1.29e-02 4.76e-01  -5.1 2.80e-01    -  3.25e-01 2.73e-01h  2
iter    objective    inf_pr   inf_du lg(mu)  ||d||  lg(rg) alpha_du alpha_pr  ls
 700  3.3597098e+00 8.07e-03 2.22e-01  -5.1 9.91e-02    -  4.34e-01 4.44e-01h  1
 701  3.3574979e+00 3.51e-03 1.15e-02  -5.2 8.20e-02    -  1.00e+00 9.94e-01h  1
 702  3.3530530e+00 8.30e-04 5.26e-02  -5.4 8.65e-02    -  1.00e+00 9.62e-01h  1
 703  3.3519921e+00 1.69e-03 6.73e-01  -5.6 1.79e-01    -  9.88e-01 5.37e-01h  1
 704  3.3578484e+00 7.09e-04 3.86e-02  -5.2 1.89e-01    -  1.00e+00 1.00e+00H  1
 705  3.3763656e+00 2.14e-04 3.04e-01  -5.0 2.08e-01    -  8.37e-01 1.00e+00H  1
 706  3.3749236e+00 3.56e-03 7.81e-01  -4.7 1.29e-01    -  8.24e-01 1.00e+00h  1
 707  3.3626574e+00 4.84e-03 4.16e-01  -4.8 7.64e-02    -  1.00e+00 8.20e-01h  1
 708  3.3586142e+00 4.86e-03 3.25e-01  -4.8 1.28e-01    -  9.44e-01 1.00e+00f  1
 709  3.3580506e+00 4.12e-03 1.90e+00  -4.8 3.46e-01    -  7.56e-01 1.49e-01h  1
iter    objective    inf_pr   inf_du lg(mu)  ||d||  lg(rg) alpha_du alpha_pr  ls
 710  3.3580481e+00 3.36e-03 1.77e+00  -4.8 3.38e-01    -  1.00e+00 5.00e-01f  2
 711  3.3566788e+00 3.68e-03 1.41e+00  -4.8 1.37e+00    -  2.55e-01 1.60e-01h  3
 712  3.3553972e+00 4.15e-02 1.36e+00  -4.8 3.80e+00    -  2.87e-01 1.28e-01h  2
 713  3.3538316e+00 1.52e-01 2.40e+00  -4.8 5.53e+00    -  4.26e-01 4.83e-02h  3
 714  3.3504831e+00 1.48e+01 2.15e+00  -4.8 5.97e+00    -  6.69e-01 6.62e-02h  2
 715  3.5121393e+00 1.22e+01 2.30e+00  -3.7 1.86e+01    -  1.11e-01 1.63e-01h  1
 716  3.4999457e+00 1.17e+01 1.29e+00  -4.5 1.43e+01    -  2.69e-01 3.43e-02h  1
 717  3.4722958e+00 1.06e+01 1.55e+00  -4.5 1.94e+01    -  1.89e-01 1.03e-01h  1
 718  3.4624880e+00 1.00e+01 1.75e+00  -4.5 3.85e+01    -  6.92e-02 5.11e-02h  2
 719  3.5324151e+00 9.05e+00 1.60e+00  -4.5 2.71e+01    -  1.05e-01 9.90e-02h  1
iter    objective    inf_pr   inf_du lg(mu)  ||d||  lg(rg) alpha_du alpha_pr  ls
 720  3.6107345e+00 4.24e-01 1.65e+00  -4.5 1.56e+01    -  1.13e-01 9.15e-02h  1
 721  3.5184022e+00 3.19e-01 1.46e+00  -4.5 3.35e+00    -  3.12e-01 2.53e-01h  1
 722  3.3744977e+00 2.61e-01 1.62e+00  -4.5 5.77e+00    -  1.91e-01 2.20e-01h  1
 723  3.3888254e+00 2.95e-01 1.53e+00  -4.5 6.89e+00    -  8.58e-02 1.27e-01h  1
 724  3.3536115e+00 2.47e-01 1.17e+00  -4.5 5.34e-01    -  2.28e-01 2.69e-01h  1
 725  3.3049519e+00 1.07e-02 1.14e+00  -4.5 5.00e-01    -  3.74e-01 9.61e-01h  1
 726  3.3125766e+00 8.95e+00 1.32e+00  -4.3 6.05e-01    -  1.43e-01 1.71e-01F  1
 727  3.3130426e+00 8.61e+00 1.73e+00  -4.6 2.15e-01    -  9.12e-01 3.82e-02h  1
 728  3.3130734e+00 8.16e+00 1.88e+00  -4.6 2.52e-01    -  4.98e-01 5.24e-02h  1
 729  3.3190046e+00 6.57e+00 1.32e+00  -4.6 4.83e-01    -  4.04e-02 1.95e-01h  1
iter    objective    inf_pr   inf_du lg(mu)  ||d||  lg(rg) alpha_du alpha_pr  ls
 730  3.3224186e+00 5.26e+00 1.11e+00  -4.6 6.06e-01    -  3.16e-01 2.02e-01h  1
 731  3.3243510e+00 4.67e+00 3.99e+00  -4.6 6.16e-01    -  7.13e-01 1.24e-01h  1
 732  3.3158237e+00 3.56e+00 2.12e+00  -4.6 3.18e-01    -  2.70e-01 2.40e-01h  1
 733  3.3092188e+00 6.77e+00 8.78e-01  -4.6 3.64e-01    -  3.23e-01 2.27e-01f  1
 734  3.3213748e+00 4.62e+00 8.40e-01  -4.6 4.88e-01    -  2.80e-02 3.18e-01h  1
 735  3.3578882e+00 2.36e+00 3.87e-01  -4.6 9.04e-01    -  5.08e-01 4.90e-01h  1
 736  3.3481864e+00 1.43e+00 5.70e-01  -4.6 3.59e-01    -  3.62e-01 3.94e-01h  1
 737  3.3430252e+00 7.77e-01 5.94e-01  -4.6 5.77e-01    -  4.97e-01 4.54e-01h  1
 738  3.3303045e+00 1.87e+00 3.96e-01  -4.6 3.83e-01    -  1.38e-01 1.33e-01H  1
 739  3.3132244e+00 5.30e+00 6.29e-01  -4.6 5.30e-01    -  8.45e-02 2.70e-01H  1
iter    objective    inf_pr   inf_du lg(mu)  ||d||  lg(rg) alpha_du alpha_pr  ls
 740  3.3046259e+00 4.21e+00 5.09e-01  -4.6 3.95e-01    -  1.92e-01 2.06e-01h  1
 741  3.3095875e+00 2.22e+00 4.51e-01  -4.2 3.00e-01    -  3.13e-01 4.74e-01f  1
 742  3.3032862e+00 8.10e+00 3.74e-01  -4.5 2.03e-01    -  5.09e-01 4.45e-01h  2
 743  3.3972077e+00 6.10e+00 1.84e+00  -3.5 6.59e-01    -  1.08e-01 2.46e-01h  1
 744  3.3868262e+00 5.95e+00 3.43e+00  -4.3 3.73e-01    -  6.44e-01 4.56e-01h  1
 745  3.3580333e+00 4.07e+00 1.76e+00  -4.3 3.26e-01    -  6.94e-01 3.39e-01h  1
 746  3.3345458e+00 4.91e-01 6.72e-01  -4.3 2.08e-01    -  7.61e-01 9.88e-01h  1
 747  3.3226308e+00 2.75e-02 3.49e-01  -4.3 9.20e-02    -  5.40e-01 1.00e+00h  1
 748  3.3115011e+00 1.84e-03 1.94e-01  -4.3 3.76e-02    -  1.00e+00 1.00e+00h  1
 749  3.3091590e+00 5.38e-04 1.32e-01  -4.3 1.06e-02    -  1.00e+00 1.00e+00h  1
iter    objective    inf_pr   inf_du lg(mu)  ||d||  lg(rg) alpha_du alpha_pr  ls
 750  3.3037680e+00 3.37e-03 1.25e-01  -4.4 2.48e-02    -  1.00e+00 1.00e+00h  1
 751  3.3502249e+00 1.52e-01 6.12e-01  -4.1 8.01e-02    -  5.93e-01 1.00e+00h  1
 752  3.3162187e+00 2.54e-02 7.28e-02  -4.3 1.27e-01    -  7.93e-01 1.00e+00h  1
 753  3.3157526e+00 1.32e-02 6.88e-02  -4.3 1.26e-01    -  1.00e+00 1.00e+00h  1
 754  3.3105782e+00 8.39e-03 2.22e-02  -4.3 8.72e-02    -  1.00e+00 1.00e+00h  1
 755  3.3108673e+00 4.66e-03 2.97e-02  -4.3 1.45e-02    -  1.00e+00 1.00e+00h  1
 756  3.3093744e+00 9.05e-02 2.62e-01  -4.3 5.06e-02    -  1.00e+00 9.67e-01h  1
 757  3.3089747e+00 2.22e+01 2.83e-01  -4.3 1.61e+00    -  2.48e-01 1.34e-01h  3
 758  3.3091492e+00 1.97e+01 2.64e-01  -4.3 1.14e+00    -  3.16e-01 1.14e-01h  2
 759  3.3079811e+00 1.79e+01 3.60e-01  -4.3 1.24e+00    -  3.50e-01 8.96e-02h  2
iter    objective    inf_pr   inf_du lg(mu)  ||d||  lg(rg) alpha_du alpha_pr  ls
 760  3.3078186e+00 1.52e+01 6.82e-01  -4.3 1.04e+00    -  3.18e-01 1.50e-01h  2
 761  3.3088307e+00 1.11e+01 3.86e-01  -4.3 6.50e-01    -  5.71e-01 2.69e-01h  1
 762  3.3068355e+00 1.03e+01 4.37e-01  -4.3 5.02e-01    -  6.30e-01 7.30e-02h  1
 763  3.3075721e+00 9.23e+00 6.62e-01  -4.3 8.06e-01    -  1.68e-01 1.06e-01h  2
 764  3.3097822e+00 1.22e+00 9.36e-01  -4.3 9.83e-01    -  3.76e-01 1.50e-01h  2
 765  3.3074459e+00 9.27e-01 8.36e-01  -4.3 2.46e-01    -  9.64e-01 2.50e-01h  3
 766  3.3030511e+00 9.66e+00 1.84e-01  -4.3 7.45e-02    -  1.00e+00 1.00e+00h  1
 767  3.3421638e+00 1.48e+00 1.09e+00  -3.6 7.24e-01    -  3.61e-01 2.30e-01h  1
 768  3.3908068e+00 4.29e-02 3.05e-01  -4.0 1.71e-01    -  8.84e-01 9.74e-01h  1
 769  3.3503550e+00 5.98e-02 3.39e-01  -4.0 1.13e-01    -  1.00e+00 1.00e+00f  1
iter    objective    inf_pr   inf_du lg(mu)  ||d||  lg(rg) alpha_du alpha_pr  ls
 770  3.3503459e+00 9.67e+00 1.21e-01  -4.0 2.18e-02    -  1.00e+00 1.00e+00h  1
 771  3.3531451e+00 4.48e-01 7.60e-01  -4.0 4.09e-01    -  3.53e-01 6.50e-02h  2
 772  3.3517419e+00 9.43e+00 2.02e-01  -4.0 3.83e-02    -  1.00e+00 6.23e-01h  1
 773  3.3526016e+00 9.04e+00 2.71e-01  -4.0 3.61e-01    -  2.84e-01 4.14e-02h  2
 774  3.3532287e+00 8.85e+00 2.88e-01  -4.0 9.61e-01    -  8.20e-02 2.06e-02h  2
 775  3.3533409e+00 8.76e+00 7.66e-01  -4.0 3.45e-01    -  7.24e-01 1.03e-02h  4
 776  3.3534084e+00 8.73e+00 9.44e-01  -4.0 7.67e-01    -  6.44e-01 2.98e-03h  8
 777  3.3534495e+00 8.72e+00 1.34e+00  -4.0 8.63e-01    -  3.08e-01 1.83e-03h  9
 778  3.3796599e+00 4.24e+00 1.06e+00  -4.0 1.04e+00    -  1.00e+00 4.54e-01h  2
 779  3.3838739e+00 1.59e-01 4.92e-01  -4.0 3.81e-01    -  7.88e-01 1.00e+00h  1
iter    objective    inf_pr   inf_du lg(mu)  ||d||  lg(rg) alpha_du alpha_pr  ls
 780  3.3618020e+00 1.24e-02 1.86e-01  -4.0 1.49e-01    -  1.00e+00 1.00e+00h  1
 781  3.3519800e+00 3.07e-03 1.89e+00  -4.0 9.06e-02    -  4.35e-01 1.00e+00h  1
 782  3.3518542e+00 2.09e-03 4.74e-01  -4.0 4.00e-02    -  6.11e-01 1.00e+00h  1
 783  3.3514858e+00 2.33e-02 1.61e-01  -4.0 7.86e-02    -  3.66e-01 1.00e+00h  1
 784  3.3727880e+00 1.64e-03 9.48e-01  -4.0 2.50e-01    -  2.64e-01 1.00e+00H  1
 785  3.3569676e+00 4.45e-04 3.94e-02  -4.0 1.38e-01    -  1.00e+00 1.00e+00H  1
 786  3.3547827e+00 8.42e-04 1.78e-01  -4.0 1.50e-01    -  1.00e+00 9.18e-01H  1
 787  3.3497427e+00 5.90e-03 3.91e-03  -4.0 7.12e-02    -  1.00e+00 1.00e+00f  1
 788  3.3521685e+00 4.04e-03 8.05e-03  -4.0 4.51e-02    -  1.00e+00 1.00e+00h  1
 789  3.3496855e+00 4.04e-03 1.84e-03  -4.0 3.27e-02    -  1.00e+00 1.00e+00h  1
iter    objective    inf_pr   inf_du lg(mu)  ||d||  lg(rg) alpha_du alpha_pr  ls
 790  3.3496212e+00 1.72e-05 1.08e-03  -4.0 6.51e-03    -  1.00e+00 1.00e+00h  1
 791  3.3049238e+00 6.29e-03 1.51e-02  -4.6 2.87e-02    -  9.85e-01 9.90e-01f  1
 792  3.2799523e+00 4.72e-03 7.81e-01  -4.6 7.84e-02    -  1.00e+00 5.51e-01h  1
 793  3.2882275e+00 1.29e-03 7.19e-03  -4.4 4.63e-02    -  1.00e+00 1.00e+00f  1
 794  3.2685271e+00 1.21e-03 1.31e+00  -4.8 2.32e-02    -  1.00e+00 7.12e-01h  1
 795  3.2574184e+00 2.69e-03 1.94e-01  -5.0 5.80e-02    -  1.00e+00 6.29e-01h  1
 796  3.2587967e+00 4.27e-03 1.09e-02  -4.7 3.07e-02    -  1.00e+00 1.00e+00h  1
 797  3.2579765e+00 3.42e-04 3.42e-02  -4.8 1.81e-02    -  9.93e-01 1.00e+00h  1
 798  3.2504441e+00 9.28e-03 3.78e-01  -5.2 2.59e-02    -  1.00e+00 5.90e-01h  1
 799  3.2514566e+00 3.78e-03 8.39e-03  -4.9 6.01e-02    -  1.00e+00 1.00e+00h  1
iter    objective    inf_pr   inf_du lg(mu)  ||d||  lg(rg) alpha_du alpha_pr  ls
 800  3.2439702e+00 7.04e-03 1.56e-02  -5.2 7.92e-02    -  1.00e+00 9.87e-01h  1
 801  3.2432525e+00 6.67e-03 3.28e+00  -4.9 1.25e-01    -  8.78e-01 1.83e-01h  1
 802  3.2430524e+00 6.47e-03 1.07e-02  -5.1 3.14e-02    -  1.00e+00 9.91e-01h  1
 803  3.2421609e+00 7.13e-03 9.37e-01  -5.1 6.33e-02    -  1.00e+00 7.68e-01h  1
 804  3.2496239e+00 1.01e-02 5.57e-01  -4.7 8.91e-02    -  9.71e-01 5.87e-01h  1
 805  3.2510699e+00 3.37e-02 4.02e-02  -4.8 7.46e-02    -  1.00e+00 1.00e+00h  1
 806  3.2467506e+00 1.80e-02 7.48e-01  -4.8 4.44e-02    -  1.00e+00 7.47e-01h  1
 807  3.2457066e+00 1.83e-02 3.95e-02  -4.8 2.49e-02    -  1.00e+00 1.00e+00f  1
 808  3.2450891e+00 1.91e+01 1.33e-02  -4.8 3.64e-02    -  1.00e+00 1.00e+00h  1
 809  3.2449978e+00 1.36e+01 5.61e-02  -4.8 5.62e-01    -  3.52e-01 2.91e-01h  1
iter    objective    inf_pr   inf_du lg(mu)  ||d||  lg(rg) alpha_du alpha_pr  ls
 810  3.2447751e+00 1.28e+01 3.18e-01  -4.8 3.54e-01    -  1.00e+00 5.87e-02h  1
 811  3.2449691e+00 1.09e+01 1.90e-01  -4.8 4.15e-01    -  2.54e-01 1.50e-01h  2
 812  3.2452447e+00 9.92e+00 3.32e-01  -4.8 3.84e-01    -  3.98e-01 8.69e-02h  2
 813  3.2453626e+00 9.65e+00 2.44e-01  -4.8 3.31e-01    -  3.50e-01 2.67e-02h  3
 814  3.2453726e+00 9.63e+00 2.96e-01  -4.8 2.75e-01    -  1.65e-01 2.14e-03h  7
 815  3.2453789e+00 9.61e+00 1.45e+00  -4.8 3.72e-01    -  3.02e-01 1.74e-03h  8
 816  3.2485911e+00 7.57e+00 9.89e-01  -4.8 5.22e-01    -  1.12e-01 2.14e-01h  1
 817  3.2549847e+00 3.52e+00 7.29e-01  -4.8 5.60e-01    -  2.55e-01 2.95e-01h  1
 818  3.2485522e+00 1.57e+00 5.90e-01  -4.8 2.37e-01    -  3.12e-01 5.54e-01h  1
 819  3.2547285e+00 4.69e-01 2.45e-01  -4.8 1.40e-01    -  6.40e-01 7.12e-01h  1
iter    objective    inf_pr   inf_du lg(mu)  ||d||  lg(rg) alpha_du alpha_pr  ls
 820  3.2502471e+00 3.53e-01 2.00e-01  -4.8 4.72e-02    -  3.06e-01 2.48e-01h  1
 821  3.2443470e+00 8.17e-04 8.17e-01  -4.8 3.91e-02    -  2.31e-01 1.00e+00f  1
 822  3.2423351e+00 2.75e-04 2.61e-01  -4.9 2.12e-02    -  7.01e-01 1.00e+00h  1
 823  3.2599799e+00 1.32e-03 1.98e-01  -4.1 1.36e-01    -  2.37e-01 2.42e-01f  1
 824  3.2558346e+00 9.98e-03 5.35e-01  -4.6 1.45e-01    -  1.70e-01 1.00e+00h  1
 825  3.2573497e+00 1.11e-02 2.68e-01  -4.6 8.00e-02    -  4.70e-01 1.00e+00H  1
 826  3.2512123e+00 6.47e-02 6.52e-02  -4.6 7.96e-02    -  1.00e+00 1.00e+00h  1
 827  3.2514668e+00 5.84e-04 1.15e-02  -4.6 2.12e-02    -  1.00e+00 1.00e+00h  1
 828  3.2353208e+00 2.79e-02 6.12e-02  -5.1 3.05e-02    -  1.00e+00 1.00e+00h  1
 829  3.2344158e+00 1.76e+01 3.56e-01  -5.1 7.07e-02    -  1.00e+00 5.00e-01h  2
iter    objective    inf_pr   inf_du lg(mu)  ||d||  lg(rg) alpha_du alpha_pr  ls
 830  3.2426591e+00 2.25e-01 4.18e-01  -4.6 3.35e-01    -  1.78e-01 3.60e-01h  1
 831  3.2373046e+00 1.29e+01 1.57e-01  -5.0 4.01e-02    -  1.00e+00 1.00e+00h  1
 832  3.2382384e+00 1.00e+01 2.99e-01  -5.0 2.07e-01    -  2.68e-01 2.24e-01h  1
 833  3.2381405e+00 9.30e+00 2.79e-01  -5.0 3.82e-01    -  2.30e-01 7.04e-02h  2
 834  3.2386473e+00 8.77e+00 9.05e-01  -5.0 2.97e-01    -  2.59e-01 5.64e-02h  1
 835  3.2386921e+00 8.70e+00 1.51e+00  -5.0 2.59e-01    -  2.14e-01 8.92e-03h  3
 836  3.2387128e+00 8.49e+00 1.23e+00  -5.0 4.44e-01    -  1.81e-01 2.32e-02h  3
 837  3.2387505e+00 8.41e+00 2.68e+00  -5.0 5.24e-01    -  2.76e-01 9.49e-03h  5
 838  3.2388177e+00 8.23e+00 2.72e+00  -5.0 6.12e-01    -  1.57e-01 2.20e-02h  4
 839  3.2388461e+00 8.19e+00 2.59e+00  -5.0 5.95e-01    -  4.18e-02 5.18e-03h  6
iter    objective    inf_pr   inf_du lg(mu)  ||d||  lg(rg) alpha_du alpha_pr  ls
 840  3.2398542e+00 1.83e+00 2.42e+00  -5.0 6.70e-01    -  2.90e-01 9.39e-02h  1
 841  3.2392113e+00 8.16e+00 2.07e+00  -5.0 1.22e-01    -  1.92e-01 3.70e-01h  1
 842  3.2397288e+00 1.63e+00 1.81e+00  -5.0 5.01e-01    -  9.44e-02 7.63e-02h  2
 843  3.2386936e+00 1.04e+00 1.57e+00  -5.0 1.34e-01    -  1.59e-01 3.63e-01h  1
 844  3.2376267e+00 3.13e-01 7.59e-01  -5.0 8.47e-02    -  2.66e-01 7.00e-01f  1
 845  3.2369098e+00 1.20e-01 3.39e-01  -5.0 3.60e-02    -  5.86e-01 6.18e-01f  1
 846  3.2363735e+00 2.97e-02 2.76e-01  -5.0 2.29e-02    -  5.83e-01 1.00e+00h  1
 847  3.2319070e+00 1.90e-02 1.67e-01 -11.0 4.04e-02    -  3.96e-01 5.79e-01h  1
 848  3.2360343e+00 1.46e-02 1.06e-01  -5.0 6.18e-02    -  1.00e+00 8.02e-01h  1
 849  3.2342812e+00 6.58e-03 3.18e-01  -5.1 5.02e-02    -  5.18e-01 1.00e+00h  1
iter    objective    inf_pr   inf_du lg(mu)  ||d||  lg(rg) alpha_du alpha_pr  ls
 850  3.2332051e+00 8.19e-03 3.33e-01  -5.1 5.21e-02    -  7.82e-01 1.00e+00h  1
 851  3.2288176e+00 2.55e-03 1.75e-01  -6.5 2.42e-02    -  7.32e-01 5.91e-01h  1
 852  3.2292819e+00 1.46e-02 5.69e-01  -5.2 1.37e-01    -  1.00e+00 5.32e-01h  1
 853  3.2289225e+00 2.58e-02 3.91e-02  -5.3 1.02e-01    -  9.37e-01 1.00e+00h  1
 854  3.2280443e+00 1.81e-02 1.00e+00  -5.3 1.14e-01    -  1.00e+00 3.81e-01h  2
 855  3.2260066e+00 3.80e-03 5.35e-03  -5.5 4.28e-02    -  1.00e+00 1.00e+00h  1
 856  3.2249395e+00 2.96e-03 4.71e-02  -5.5 2.89e-02    -  1.00e+00 9.51e-01h  1
 857  3.2239521e+00 3.11e-03 1.55e-03  -5.7 3.39e-02    -  1.00e+00 9.95e-01h  1
 858  3.2252675e+00 2.53e-03 1.85e-01  -5.0 5.35e-01    -  4.88e-01 2.24e-01h  1
 859  3.2231821e+00 7.67e-03 1.74e-01  -5.4 8.34e-01    -  3.31e-01 1.86e-01h  1
iter    objective    inf_pr   inf_du lg(mu)  ||d||  lg(rg) alpha_du alpha_pr  ls
 860  3.2271257e+00 2.31e-02 1.55e-01  -4.5 5.53e+00    -  1.65e-01 6.91e-02f  1
 861  3.2248186e+00 2.36e-02 2.98e-01  -5.2 2.70e+00    -  2.96e-01 8.02e-02h  1
 862  3.2212768e+00 2.17e-02 2.82e-01  -5.2 3.55e+00    -  7.87e-02 7.18e-02h  2
 863  3.2254138e+00 1.92e-02 3.41e-01  -4.4 3.95e+00    -  2.00e-01 8.82e-02h  1
 864  3.2228431e+00 1.64e-02 4.38e-01  -5.0 2.42e+00    -  3.21e-01 1.19e-01h  1
 865  3.2312843e+00 5.36e-03 3.71e-01  -5.0 1.91e+00    -  5.28e-01 3.20e-01H  1
 866  3.2285101e+00 6.97e-03 3.22e-01  -5.0 2.25e+00    -  2.97e-01 1.30e-01h  2
 867  3.2197272e+00 8.64e-03 3.35e-01  -5.0 1.50e+00    -  4.70e-01 3.33e-01h  1
 868  3.2129957e+00 7.77e-03 8.82e-01 -11.0 1.97e+00    -  2.37e-01 1.08e-01h  2
 869  3.2191495e+00 6.91e-03 4.63e-01  -4.5 2.92e-01    -  4.66e-01 4.17e-01f  2
iter    objective    inf_pr   inf_du lg(mu)  ||d||  lg(rg) alpha_du alpha_pr  ls
 870  3.2068902e+00 4.09e-03 7.99e-01 -10.7 3.85e-01    -  6.38e-01 4.39e-01h  1
 871  3.2342782e+00 3.71e-03 5.01e-01  -4.9 1.71e-01    -  7.37e-01 1.00e+00h  1
 872  3.1993164e+00 3.68e-03 6.84e-03  -5.0 1.51e-01    -  1.00e+00 1.00e+00h  1
 873  3.2048634e+00 1.70e-04 4.58e-02  -4.8 1.60e-02    -  9.71e-01 1.00e+00h  1
 874  3.1961276e+00 1.69e-02 7.76e-02  -5.2 1.21e-01    -  1.00e+00 8.98e-01h  1
 875  3.2001646e+00 1.49e-02 1.28e+00  -4.6 2.01e+00    -  4.86e-01 1.25e-01h  2
 876  3.2323269e+00 9.35e-03 3.75e-01  -4.9 8.16e-01    -  7.50e-01 7.29e-01H  1
 877  3.2228632e+00 4.84e-03 4.56e-01  -4.9 3.06e-01    -  8.06e-01 6.46e-01F  1
 878  3.2090204e+00 4.64e-03 3.90e-01  -4.9 3.30e-01    -  4.24e-01 1.89e-01f  1
 879  3.2013171e+00 2.62e-03 1.48e+00  -4.9 3.38e-01    -  1.55e-01 4.34e-01f  2
iter    objective    inf_pr   inf_du lg(mu)  ||d||  lg(rg) alpha_du alpha_pr  ls
 880  3.1914929e+00 4.83e-03 1.17e-02  -4.9 2.14e-01    -  1.00e+00 1.00e+00h  1
 881  3.2059531e+00 9.57e-04 2.24e-01  -4.7 2.87e-01    -  1.00e+00 8.02e-01H  1
 882  3.1998958e+00 4.05e-03 1.56e-01  -4.8 1.65e-01    -  1.00e+00 9.37e-01h  1
 883  3.1931689e+00 2.06e-03 1.86e+00  -4.8 1.01e-01    -  2.67e-01 5.00e-01f  2
 884  3.1840917e+00 9.41e-04 2.07e-01  -5.4 6.29e-02    -  1.00e+00 9.03e-01h  1
 885  3.1801910e+00 4.21e-04 1.25e-01  -5.5 5.78e-02    -  1.00e+00 5.35e-01h  1
 886  3.1766793e+00 5.98e-04 2.19e-01  -5.3 4.13e-01    -  1.00e+00 4.99e-01h  1
 887  3.1743369e+00 1.57e-02 4.59e-01  -4.9 4.94e+00    -  4.02e-01 1.23e-01h  2
 888  3.1758051e+00 1.89e+01 5.14e-01  -4.7 3.06e+01    -  8.60e-02 5.09e-02H  1
 889  3.1811180e+00 1.83e+01 4.91e-01  -5.1 5.75e+01    -  3.93e-02 3.16e-02h  2
iter    objective    inf_pr   inf_du lg(mu)  ||d||  lg(rg) alpha_du alpha_pr  ls
 890  3.1768440e+00 1.78e+01 4.51e-01  -5.1 7.18e+01    -  4.27e-02 2.40e-02h  2
 891  3.1696835e+00 1.76e+01 4.26e-01  -5.1 1.92e+02    -  2.98e-02 1.07e-02h  2
 892  3.2371389e+00 1.80e+01 4.91e-01  -3.7 2.40e+02    -  4.08e-02 2.50e-02h  1
 893  3.2305191e+00 1.77e+01 6.30e-01  -4.9 1.66e+02    -  3.47e-02 1.34e-02h  2
 894  3.2315466e+00 1.74e+01 7.08e-01  -4.9 1.65e+02    -  2.34e-02 1.54e-02h  2
 895  3.3253662e+00 1.70e+01 7.58e-01  -4.9 1.01e+02    -  2.02e-02 2.25e-02h  1
 896  3.2996820e+00 1.62e+01 7.81e-01  -4.9 1.96e+01    -  5.36e-02 4.81e-02h  1
 897  3.2491761e+00 1.53e+01 7.93e-01  -4.9 1.59e+01    -  4.66e-02 5.77e-02h  1
 898  3.1848740e+00 1.49e+01 8.48e-01  -4.9 6.59e+01    -  4.09e-02 2.38e-02h  1
 899  3.5840762e+00 1.43e+01 8.31e-01  -4.9 9.87e+00    -  3.78e-02 4.44e-02h  1
iter    objective    inf_pr   inf_du lg(mu)  ||d||  lg(rg) alpha_du alpha_pr  ls
 900  3.4589008e+00 1.24e+01 7.25e-01  -4.9 9.21e-01    -  7.82e-02 1.28e-01h  1
 901  3.3589596e+00 1.08e+01 6.32e-01  -4.9 8.73e-01    -  2.01e-01 1.28e-01h  1
 902  3.3099170e+00 1.02e+01 5.97e-01  -4.9 1.40e+00    -  6.05e-02 5.49e-02h  1
 903  3.2486445e+00 9.38e+00 5.44e-01  -4.9 1.59e+00    -  6.95e-02 8.48e-02h  1
 904  3.2145890e+00 8.96e+00 5.19e-01  -4.9 1.16e+00    -  5.14e-02 4.50e-02h  1
 905  3.1998501e+00 8.64e+00 5.00e-01  -4.9 8.78e-01    -  5.43e-02 3.61e-02h  1
 906  3.1696333e+00 8.07e+00 5.17e-01  -4.9 9.70e-01    -  9.94e-02 6.72e-02h  1
 907  3.1729730e+00 7.33e+00 1.24e+00  -3.4 1.32e+00    -  2.27e-02 9.42e-02f  1
 908  3.2354129e+00 6.20e+00 1.24e+00  -3.4 1.01e+00    -  1.07e-01 1.64e-01h  1
 909  3.1922544e+00 4.93e+00 1.38e+00  -4.3 6.79e-01    -  3.76e-01 2.10e-01h  1
iter    objective    inf_pr   inf_du lg(mu)  ||d||  lg(rg) alpha_du alpha_pr  ls
 910  3.1619978e+00 8.90e+00 2.67e+00  -4.3 5.56e-01    -  3.05e-01 2.27e-01h  1
 911  3.2696610e+00 4.86e+00 1.30e+00  -3.7 6.81e-01    -  1.49e-01 4.36e-01f  1
 912  3.2413873e+00 4.31e+00 1.21e+00  -4.2 6.46e-01    -  5.81e-03 1.14e-01h  1
 913  3.2190836e+00 7.49e+00 1.78e+00  -4.2 1.53e+00    -  2.75e-02 1.34e-01f  1
 914  3.1898419e+00 4.69e+00 8.76e-01  -4.2 1.89e+00    -  8.73e-02 1.21e-01h  1
 915  3.1800786e+00 4.35e+00 8.11e-01  -4.2 6.13e-01    -  4.26e-02 7.28e-02h  1
 916  3.1655229e+00 8.48e+00 1.39e+00  -4.2 5.24e-01    -  8.33e-02 2.15e-01f  1
 917  3.2246056e+00 7.28e+00 1.28e+00  -3.5 1.36e+00    -  2.30e-02 1.41e-01f  1
 918  3.2092560e+00 6.77e+00 1.38e+00  -4.1 9.96e-01    -  1.89e-01 7.04e-02h  1
 919  3.1916122e+00 4.91e+00 6.76e-01  -4.1 9.39e-01    -  2.46e-01 1.04e-01h  1
iter    objective    inf_pr   inf_du lg(mu)  ||d||  lg(rg) alpha_du alpha_pr  ls
 920  3.1710907e+00 6.22e+00 5.49e-01  -4.1 1.07e+00    -  1.06e-01 1.75e-01H  1
 921  3.3455917e+00 6.93e+00 2.13e+00  -3.5 9.12e-01    -  7.95e-03 3.69e-01f  1
 922  3.2653885e+00 6.34e+00 9.15e-01  -4.1 5.23e-01    -  1.08e-01 4.52e-01h  1
 923  3.2180194e+00 5.10e+00 6.67e-01  -4.1 7.35e-01    -  4.15e-03 1.97e-01h  1
 924  3.2154510e+00 5.07e+00 6.54e-01  -4.1 1.20e+01    -  1.12e-03 6.27e-03f  1
 925  3.2010225e+00 4.98e+00 7.69e-01  -4.1 2.54e+00    -  1.26e-01 1.82e-02h  1
 926  3.1965363e+00 6.24e+00 6.05e+00  -4.1 5.45e-01    -  2.03e-01 1.69e-01h  1
 927  3.1767987e+00 4.71e+00 5.33e-01  -4.1 7.81e-01    -  1.98e-01 1.12e-01h  1
 928  3.1594432e+00 4.33e+00 5.01e-01  -4.1 7.44e-01    -  3.37e-02 8.16e-02h  1
 929  3.1508164e+00 6.36e+00 3.49e+00  -4.9 5.91e-01    -  3.34e-02 7.89e-02h  1
iter    objective    inf_pr   inf_du lg(mu)  ||d||  lg(rg) alpha_du alpha_pr  ls
 930  3.1462958e+00 4.68e+00 3.95e-01  -3.9 5.45e-01    -  1.24e-01 1.82e-01h  1
 931  3.2490822e+00 1.04e+01 7.98e-01  -3.7 6.58e-01    -  4.42e-02 5.10e-01h  1
 932  3.2419621e+00 7.14e+00 1.11e+00  -4.1 7.43e-01    -  1.14e-01 3.17e-01h  1
 933  3.2380611e+00 5.26e+00 1.20e+00  -4.1 4.39e-01    -  4.44e-01 2.64e-01h  1
 934  3.2337104e+00 4.61e+00 1.45e+00  -4.1 7.37e-01    -  6.00e-02 1.23e-01h  1
 935  3.2332317e+00 4.54e+00 1.48e+00  -4.1 5.17e-01    -  2.93e-02 1.65e-02h  1
 936  3.2106775e+00 3.71e+00 1.62e+00  -4.1 6.19e-01    -  2.14e-01 1.83e-01h  1
 937  3.1886506e+00 3.06e+00 1.69e+00  -4.1 5.67e-01    -  2.97e-01 1.77e-01h  1
 938  3.1705503e+00 2.50e+00 1.71e+00  -4.1 5.07e-01    -  4.37e-01 1.84e-01h  1
 939  3.1351602e+00 1.92e+00 1.71e+00  -4.7 6.00e-01    -  3.28e-01 2.35e-01h  1
iter    objective    inf_pr   inf_du lg(mu)  ||d||  lg(rg) alpha_du alpha_pr  ls
 940  3.1698069e+00 1.13e+00 1.29e+00  -3.9 5.11e-01    -  5.64e-01 4.21e-01h  1
 941  3.1600506e+00 5.97e-01 8.59e-01  -4.0 5.05e-01    -  1.54e-01 4.84e-01h  1
 942  3.1429923e+00 9.09e+00 8.97e-01  -4.1 6.01e-01    -  5.30e-01 4.74e-01h  1
 943  3.1165297e+00 3.60e+00 6.46e-01  -4.2 3.99e-01    -  2.53e-01 6.04e-01h  1
 944  3.2469521e+00 4.89e-02 5.28e+00  -3.8 3.31e-01    -  1.44e-01 9.93e-01f  1
 945  3.1721534e+00 2.53e-02 2.82e+00  -4.1 2.20e-01    -  4.10e-01 4.80e-01h  1
 946  3.2006856e+00 5.49e-02 2.07e+00  -3.7 2.04e-01    -  2.85e-01 2.73e-01f  1
 947  3.1420042e+00 2.52e-02 4.26e-01  -4.0 1.65e-01    -  3.34e-01 8.70e-01h  1
 948  3.0961343e+00 1.01e-02 2.40e-01  -4.2 8.52e-02    -  1.00e+00 1.00e+00h  1
 949  3.0566311e+00 1.21e-02 9.88e-02  -4.5 1.11e-01    -  1.00e+00 9.61e-01h  1
iter    objective    inf_pr   inf_du lg(mu)  ||d||  lg(rg) alpha_du alpha_pr  ls
 950  3.0421760e+00 7.17e-03 1.24e-02  -4.6 4.43e-02    -  1.00e+00 9.93e-01h  1
 951  3.0375618e+00 5.51e-03 1.25e-01  -4.7 2.70e-02    -  1.00e+00 9.37e-01h  1
 952  3.0352292e+00 1.51e-03 5.76e-02  -4.7 1.98e-02    -  9.44e-01 1.00e+00h  1
 953  3.0232816e+00 2.97e-02 1.31e-01  -5.0 5.50e-02    -  1.00e+00 9.03e-01h  1
 954  3.0287151e+00 9.39e-02 1.12e-01  -4.8 7.24e-02    -  1.00e+00 1.00e+00h  1
 955  3.0264869e+00 4.17e-02 2.53e-01  -4.9 5.41e-02    -  1.00e+00 1.00e+00h  1
 956  3.0177310e+00 8.33e-02 2.61e-02  -5.0 3.84e-02    -  1.00e+00 1.00e+00h  1
 957  3.0138468e+00 8.21e-03 3.46e-02  -5.3 2.44e-02    -  1.00e+00 1.00e+00h  1
 958  3.0106716e+00 1.43e-02 2.20e-01  -5.3 1.01e-01    -  9.88e-01 7.49e-01h  1
 959  3.0091807e+00 3.45e-02 4.44e-01  -5.1 6.44e-01    -  3.37e-01 6.92e-02h  1
iter    objective    inf_pr   inf_du lg(mu)  ||d||  lg(rg) alpha_du alpha_pr  ls
 960  3.0099957e+00 5.79e-02 5.57e-01  -4.7 6.71e-01    -  3.16e-01 1.41e-01h  1
 961  3.0085883e+00 4.91e-02 1.17e+00  -5.1 3.64e-01    -  6.28e-01 1.50e-01h  1
 962  3.0055411e+00 3.76e-02 9.77e-01  -5.5 6.13e-01    -  5.29e-01 2.07e-01h  2
 963  3.0040375e+00 2.97e-02 1.62e+00  -5.0 1.02e+00    -  8.09e-01 1.27e-01h  1
 964  3.0029630e+00 3.20e-02 1.03e+00  -5.2 4.05e-01    -  5.58e-01 1.05e-01h  3
 965  3.0092249e+00 9.65e-03 5.24e-02  -4.9 1.01e-01    -  1.00e+00 1.00e+00h  1
 966  3.0122079e+00 7.37e-03 5.81e-02  -5.0 5.66e-02    -  1.00e+00 9.76e-01h  1
 967  3.0085030e+00 7.37e-03 3.38e-02  -4.7 4.62e-02    -  1.00e+00 1.00e+00h  1
 968  3.0039150e+00 7.31e-03 1.67e-02  -5.0 3.94e-02    -  1.00e+00 9.94e-01h  1
 969  2.9983170e+00 6.85e-04 1.44e-02  -5.1 1.08e-01    -  1.00e+00 9.95e-01h  1
iter    objective    inf_pr   inf_du lg(mu)  ||d||  lg(rg) alpha_du alpha_pr  ls
 970  2.9970587e+00 1.06e-03 3.19e-01  -5.1 3.59e-01    -  1.00e+00 3.90e-01h  1
 971  2.9976753e+00 2.63e-02 1.62e+00  -4.9 4.90e-01    -  8.02e-01 2.03e-01h  3
 972  3.0266839e+00 6.11e-03 1.05e-01  -5.0 2.23e-01    -  8.93e-01 1.00e+00H  1
 973  2.9968996e+00 1.34e-02 1.23e-01  -5.1 1.45e-01    -  9.49e-01 1.00e+00h  1
 974  3.0119564e+00 5.62e-03 2.35e-02  -4.8 8.64e-02    -  1.00e+00 1.00e+00h  1
 975  2.9966792e+00 4.96e-03 4.00e-03  -4.9 9.94e-02    -  1.00e+00 1.00e+00h  1
 976  2.9919367e+00 5.76e-03 9.99e-03  -5.2 1.23e-01    -  1.00e+00 9.93e-01h  1
 977  2.9929133e+00 1.27e-02 1.03e-01  -4.8 1.01e+00    -  6.86e-01 2.44e-01h  2
 978  2.9920951e+00 1.77e-02 2.70e-01  -5.0 3.43e+00    -  3.28e-01 7.46e-02h  2
 979  2.9904402e+00 2.60e-02 1.39e+00  -5.0 3.20e+00    -  4.90e-01 9.26e-02h  2
iter    objective    inf_pr   inf_du lg(mu)  ||d||  lg(rg) alpha_du alpha_pr  ls
 980  2.9898670e+00 2.63e-02 1.35e+00  -4.7 2.73e+00    -  3.52e-01 5.58e-02h  2
 981  2.9957502e+00 2.14e-02 7.13e-01  -4.6 6.56e-01    -  4.35e-01 1.75e-01h  2
 982  3.0175430e+00 2.50e-03 6.70e-02  -4.8 1.33e-01    -  1.00e+00 1.00e+00h  1
 983  2.9916683e+00 2.36e-03 3.46e-01  -4.8 8.73e-02    -  7.17e-01 1.00e+00h  1
 984  2.9862263e+00 4.72e-03 2.25e-01  -5.2 4.91e-02    -  1.00e+00 8.04e-01h  1
 985  2.9842464e+00 2.32e-03 2.20e-01  -5.1 5.85e-02    -  1.00e+00 5.09e-01h  1
 986  2.9813692e+00 2.17e-03 2.72e-01  -5.4 1.67e-01    -  1.00e+00 5.96e-01h  1
 987  2.9841641e+00 1.50e-03 4.84e-02  -5.1 1.65e-01    -  1.00e+00 8.45e-01H  1
 988  3.0044604e+00 2.44e-03 2.21e-01  -4.9 9.83e-02    -  5.33e-01 9.37e-01H  1
 989  2.9803101e+00 5.51e-03 3.98e-03  -5.0 9.05e-02    -  1.00e+00 1.00e+00h  1
iter    objective    inf_pr   inf_du lg(mu)  ||d||  lg(rg) alpha_du alpha_pr  ls
 990  2.9772991e+00 1.19e-03 7.64e-03  -5.3 5.42e-02    -  1.00e+00 9.91e-01h  1
 991  2.9741623e+00 1.44e-03 1.53e-02  -5.5 9.63e-02    -  1.00e+00 1.00e+00h  1
 992  2.9737387e+00 2.06e-03 5.67e-01  -5.2 3.77e-01    -  9.15e-01 1.35e-01h  3
 993  2.9741272e+00 1.48e-03 2.29e-01  -5.8 1.18e-01    -  9.15e-01 6.83e-01H  1
 994  2.9731574e+00 2.37e-04 7.81e-02  -5.5 2.99e-02    -  1.00e+00 8.51e-01h  1
 995  2.9709244e+00 2.00e-03 4.44e-01  -5.9 4.09e-02    -  1.00e+00 5.62e-01h  1
 996  2.9712138e+00 1.86e-03 1.88e+00  -5.5 6.41e-02    -  1.00e+00 9.79e-01h  1
 997  2.9702499e+00 6.84e-03 1.36e-01  -5.6 4.27e-01    -  5.42e-01 2.98e-01h  2
 998  2.9703768e+00 6.20e-02 1.68e-01  -4.9 4.24e+00    -  1.98e-01 5.52e-02h  2
 999  2.9699083e+00 1.59e+01 1.72e-01  -5.4 4.88e+00    -  1.54e-01 4.17e-02h  2
iter    objective    inf_pr   inf_du lg(mu)  ||d||  lg(rg) alpha_du alpha_pr  ls
1000  3.0340220e+00 1.27e+01 3.98e-01  -4.4 3.55e+00    -  1.04e-01 2.04e-01h  1
1001  3.0304945e+00 1.23e+01 3.45e-01  -5.1 7.76e-01    -  1.96e-01 2.64e-02h  1
1002  2.9948861e+00 9.72e+00 3.81e-01  -5.1 1.65e+00    -  2.87e-01 2.11e-01h  1
1003  2.9884582e+00 7.89e+00 4.57e-01  -5.1 1.83e+00    -  4.42e-02 1.90e-01h  1
1004  2.9847320e+00 7.40e+00 6.32e-01  -5.1 1.48e+00    -  1.58e-01 6.14e-02h  1
1005  2.9802198e+00 6.75e+00 6.02e-01  -5.1 2.11e+00    -  1.11e-01 8.71e-02h  1
1006  2.9799919e+00 3.14e+00 4.48e-01  -5.1 9.86e-01    -  5.21e-02 1.32e-01h  1
1007  2.9748331e+00 2.63e+00 3.28e-01  -5.1 3.71e-01    -  2.20e-01 1.63e-01h  1
1008  2.9719281e+00 8.13e+00 1.20e+00  -5.1 4.57e-01    -  1.84e-01 5.67e-01h  1
1009  2.9723606e+00 1.91e+00 1.09e+00  -5.1 6.13e-01    -  1.60e-01 1.09e-01h  1
iter    objective    inf_pr   inf_du lg(mu)  ||d||  lg(rg) alpha_du alpha_pr  ls
1010  2.9690819e+00 7.99e+00 6.33e-01  -5.1 2.68e-01    -  2.38e-01 3.15e-01f  1
1011  3.0186244e+00 3.72e+00 2.97e-01  -4.4 7.32e-01    -  2.29e-01 3.52e-01h  1
1012  2.9972730e+00 2.63e+00 4.47e-01  -4.9 3.12e-01    -  1.53e-01 2.94e-01h  1
1013  2.9940223e+00 2.92e+00 2.49e-01  -4.9 4.67e-01    -  1.96e-01 4.32e-02H  1
1014  2.9918833e+00 2.78e+00 2.45e-01  -4.9 7.00e-01    -  3.81e-02 4.61e-02h  1
1015  2.9871597e+00 7.20e+00 1.82e-01  -4.9 6.69e-01    -  1.29e-01 2.15e-01h  2
1016  2.9862952e+00 6.87e+00 2.39e-01  -4.9 5.38e-01    -  2.42e-01 4.58e-02h  1
1017  2.9849924e+00 3.03e+00 2.80e-01  -4.9 9.52e-01    -  1.98e-01 1.14e-01h  2
1018  2.9768482e+00 7.61e+00 2.70e-01  -4.9 3.12e-01    -  2.18e-01 4.56e-01h  1
1019  2.9780306e+00 2.93e+00 5.91e-01  -4.9 7.64e-01    -  1.05e-01 2.02e-01h  1
iter    objective    inf_pr   inf_du lg(mu)  ||d||  lg(rg) alpha_du alpha_pr  ls
1020  2.9783857e+00 2.62e+00 5.21e-01  -4.9 6.31e-01    -  9.10e-02 1.10e-01h  3
1021  2.9723758e+00 8.22e+00 1.68e+00  -4.9 2.62e-01    -  1.56e-01 5.89e-01h  1
1022  2.9810856e+00 2.47e+00 1.44e+00  -4.9 7.00e-01    -  2.19e-01 1.90e-01h  1
1023  2.9737166e+00 1.27e+00 7.60e-01  -4.9 2.64e-01    -  2.00e-01 5.12e-01f  1
1024  2.9708492e+00 8.47e+00 3.30e-01  -4.9 3.49e-01    -  1.85e-01 1.44e-01f  2
1025  2.9731990e+00 2.11e+00 3.52e-01  -4.9 8.62e-01    -  8.86e-02 1.71e-01h  1
1026  3.0531015e+00 1.70e+00 8.02e-01  -4.9 9.24e-01    -  2.22e-01 2.12e-01h  1
1027  2.9882904e+00 8.70e-01 6.83e-01  -4.9 1.65e-01    -  7.68e-02 5.28e-01h  1
1028  2.9696473e+00 8.80e-03 3.16e-01  -4.9 1.03e-01    -  3.92e-01 9.90e-01f  1
1029  2.9696863e+00 2.79e-02 1.09e-01  -4.9 4.91e-02    -  4.79e-01 6.22e-01f  1
iter    objective    inf_pr   inf_du lg(mu)  ||d||  lg(rg) alpha_du alpha_pr  ls
1030  2.9667852e+00 4.28e-04 1.09e-01  -5.0 2.40e-02    -  6.15e-01 1.00e+00h  1
1031  2.9617951e+00 4.11e-03 9.06e-02  -5.4 3.58e-02    -  1.00e+00 9.24e-01h  1
1032  2.9739869e+00 7.54e-04 3.20e-01  -4.7 3.30e-02    -  4.88e-01 1.00e+00h  1
1033  2.9652348e+00 5.13e-02 4.21e-01  -5.0 7.23e-02    -  3.95e-01 1.00e+00h  1
1034  2.9645816e+00 9.66e-03 9.32e-02  -5.0 4.19e-02    -  7.85e-01 1.00e+00h  1
1035  2.9635036e+00 2.90e-03 7.16e-03  -5.0 2.58e-02    -  1.00e+00 1.00e+00h  1
1036  2.9582587e+00 8.22e-03 2.11e-02  -5.4 2.00e-02    -  1.00e+00 9.68e-01h  1
1037  2.9577508e+00 1.26e-05 7.82e-03  -5.5 3.87e-02    -  1.00e+00 9.87e-01H  1
1038  2.9557690e+00 1.51e-03 1.02e-02  -5.7 2.34e-02    -  1.00e+00 1.00e+00h  1
1039  2.9548404e+00 1.58e-02 1.72e-02  -5.9 1.68e-02    -  1.00e+00 9.98e-01h  1
iter    objective    inf_pr   inf_du lg(mu)  ||d||  lg(rg) alpha_du alpha_pr  ls
1040  2.9541808e+00 5.59e-04 9.03e-03  -6.2 1.19e-02    -  1.00e+00 1.00e+00h  1
1041  2.9543054e+00 1.19e-03 1.16e-01  -5.8 2.95e-02    -  1.00e+00 5.89e-01h  1
1042  2.9540067e+00 1.31e-02 4.19e-01  -5.9 1.04e-01    -  8.13e-01 2.73e-01h  1
1043  2.9534461e+00 1.73e+01 4.36e-01  -5.9 4.81e-01    -  3.26e-01 1.79e-01h  1
1044  2.9577506e+00 3.78e-01 3.78e-01  -4.9 8.77e-01    -  8.58e-02 1.66e-01h  1
1045  2.9552897e+00 1.48e+01 5.18e-01  -5.8 2.25e-01    -  9.97e-01 3.87e-01h  1
1046  2.9542593e+00 1.26e+01 5.00e-01  -5.8 3.81e-01    -  3.16e-01 1.53e-01h  1
1047  2.9538909e+00 1.19e+01 4.70e-01  -5.8 4.21e-01    -  1.20e-01 5.60e-02h  1
1048  2.9564187e+00 9.44e+00 3.39e-01  -4.9 3.88e-01    -  1.21e-01 2.04e-01f  1
1049  2.9566768e+00 8.45e+00 4.56e-01  -5.6 3.76e-01    -  1.61e-01 1.05e-01h  1
iter    objective    inf_pr   inf_du lg(mu)  ||d||  lg(rg) alpha_du alpha_pr  ls
1050  2.9570481e+00 7.96e+00 3.79e-01  -5.6 4.48e-01    -  4.83e-02 5.88e-02h  1
1051  2.9574413e+00 1.61e+00 5.68e-01  -5.6 3.72e-01    -  4.20e-02 4.22e-02h  1
1052  2.9566907e+00 1.39e+00 5.04e-01  -5.6 8.89e-02    -  6.49e-02 1.42e-01h  1
1053  2.9558534e+00 1.05e+00 4.32e-01  -5.6 7.72e-02    -  3.76e-01 2.40e-01f  1
1054  2.9548728e+00 6.00e-01 3.34e-01  -5.6 5.81e-02    -  2.86e-01 4.33e-01h  1
1055  2.9545541e+00 2.68e-01 2.10e-01  -5.6 5.88e-02    -  4.65e-01 8.57e-01h  1
1056  2.9536975e+00 3.85e-04 2.44e-01  -5.6 3.01e-02    -  8.92e-01 1.00e+00f  1
1057  2.9525680e+00 7.95e-04 1.43e-01  -5.9 1.59e-02    -  1.00e+00 8.77e-01h  1
1058  2.9540989e+00 2.52e-04 1.91e-01  -5.4 2.09e-02    -  6.62e-01 1.00e+00h  1
1059  2.9528378e+00 2.07e-02 7.89e-01  -5.6 8.37e-02    -  1.71e-02 8.11e-01h  1
iter    objective    inf_pr   inf_du lg(mu)  ||d||  lg(rg) alpha_du alpha_pr  ls
1060  2.9517292e+00 1.11e-01 7.28e-01  -5.6 1.40e-01    -  3.40e-01 5.53e-01f  1
1061  2.9598316e+00 1.95e+01 3.04e-01  -5.0 7.07e-02    -  5.08e-01 8.38e-01f  1
1062  2.9585396e+00 5.61e-01 2.12e-01  -5.2 4.48e-01    -  9.08e-03 2.82e-01h  1
1063  2.9577572e+00 1.12e+00 1.30e+00  -5.2 5.18e-02    -  5.28e-02 9.88e-02H  1
1064  2.9566898e+00 6.52e-01 2.91e-01  -5.2 7.55e-02    -  3.41e-01 5.00e-01f  2
1065  2.9540803e+00 8.82e-03 3.50e-02  -5.2 5.47e-02    -  1.00e+00 1.00e+00h  1
1066  2.9541930e+00 1.66e-02 2.59e-02  -5.2 1.98e-02    -  1.00e+00 1.00e+00h  1
1067  2.9540101e+00 4.36e-03 5.01e-02  -5.2 1.08e-02    -  1.00e+00 1.00e+00h  1
1068  2.9539395e+00 4.26e-05 3.02e-02  -5.2 9.08e-03    -  1.00e+00 1.00e+00h  1
1069  2.9508794e+00 1.04e-03 1.40e-02  -5.7 4.52e-02    -  1.00e+00 8.87e-01h  1
iter    objective    inf_pr   inf_du lg(mu)  ||d||  lg(rg) alpha_du alpha_pr  ls
1070  2.9530787e+00 4.15e-03 1.49e-02  -5.4 6.33e-02    -  1.00e+00 1.00e+00H  1
1071  2.9508494e+00 2.23e-02 3.06e-02  -5.5 3.66e-02    -  8.54e-01 1.00e+00h  1
1072  2.9494150e+00 2.03e-03 3.57e-03  -5.8 1.89e-02    -  1.00e+00 1.00e+00h  1
1073  2.9485860e+00 2.02e-03 1.23e-02  -6.1 2.37e-02    -  1.00e+00 1.00e+00h  1
1074  2.9485752e+00 1.85e+01 3.69e-02  -5.9 8.13e-02    -  9.19e-02 8.60e-02H  1
1075  2.9508035e+00 1.41e+01 1.23e-01  -5.2 3.79e-01    -  4.14e-02 2.36e-01h  1
1076  2.9509057e+00 1.12e+01 2.93e-01  -6.1 3.07e-01    -  3.89e-01 2.07e-01h  1
1077  2.9510743e+00 1.05e+01 2.62e-01  -6.1 4.29e-01    -  8.97e-02 6.13e-02h  1
1078  2.9513578e+00 9.69e+00 8.55e-02  -6.1 3.76e-01    -  1.39e-01 7.78e-02h  1
1079  2.9516489e+00 8.99e+00 7.33e-02  -6.1 3.82e-01    -  1.24e-01 7.26e-02h  1
iter    objective    inf_pr   inf_du lg(mu)  ||d||  lg(rg) alpha_du alpha_pr  ls
1080  2.9518752e+00 8.52e+00 6.66e-02  -6.1 3.71e-01    -  7.33e-02 5.19e-02h  1
1081  2.9518881e+00 8.49e+00 4.53e-02  -6.1 3.02e-01    -  4.28e-02 3.52e-03h  1
1082  2.9520666e+00 8.22e+00 1.22e-01  -6.1 4.39e-01    -  8.35e-02 3.21e-02h  1
1083  2.9523203e+00 7.97e+00 2.00e-01  -6.1 4.25e-01    -  5.37e-02 3.05e-02h  1
1084  2.9523815e+00 7.88e+00 2.59e-01  -6.1 4.33e-01    -  2.30e-02 1.05e-02h  1
1085  2.9528064e+00 7.48e+00 2.70e-01  -6.1 5.33e-01    -  5.74e-02 5.16e-02h  1
1086  2.9530107e+00 7.26e+00 2.91e-01  -6.1 5.13e-01    -  6.30e-02 2.88e-02h  1
1087  2.9532655e+00 6.95e+00 2.74e-01  -6.1 5.23e-01    -  1.58e-02 4.35e-02h  1
1088  2.9542233e+00 2.87e+00 3.56e-01  -6.1 8.55e-01    -  3.36e-02 9.07e-02h  1
1089  2.9537716e+00 2.71e+00 3.73e-01  -6.1 1.54e-01    -  4.39e-02 5.70e-02h  1
iter    objective    inf_pr   inf_du lg(mu)  ||d||  lg(rg) alpha_du alpha_pr  ls
1090  2.9527687e+00 2.31e+00 6.39e-01  -6.1 1.72e-01    -  4.19e-02 1.53e-01f  1
1091  2.9516289e+00 7.76e+00 1.08e-01  -6.1 4.92e-01    -  9.15e-02 9.80e-02h  1
1092  2.9516736e+00 7.64e+00 9.13e-02  -6.1 7.09e-01    -  6.86e-03 1.59e-02h  1
1093  2.9516057e+00 7.51e+00 8.07e-02  -6.1 7.44e-01    -  2.04e-02 1.62e-02h  1
1094  2.9523870e+00 6.98e+00 7.79e-02  -6.1 7.52e-01    -  7.56e-03 7.13e-02h  2
1095  2.9524549e+00 6.72e+00 7.59e-02  -6.1 7.52e-01    -  4.61e-02 3.65e-02h  1
1096  2.9524487e+00 6.70e+00 8.54e-02  -6.1 9.15e-01    -  1.25e-01 3.09e-03h  1
1097  2.9526460e+00 6.48e+00 8.18e-02  -6.1 9.72e-01    -  1.36e-02 3.25e-02h  3
1098  2.9526618e+00 6.15e+00 7.85e-02  -6.1 1.40e+00    -  7.44e-02 5.10e-02h  1
1099  2.9524102e+00 3.32e+00 3.47e-01  -6.1 2.04e+00    -  8.05e-02 4.66e-02h  1
iter    objective    inf_pr   inf_du lg(mu)  ||d||  lg(rg) alpha_du alpha_pr  ls
1100  2.9523620e+00 2.93e+00 1.89e-01  -6.1 5.19e-01    -  6.36e-02 1.25e-01h  1
1101  2.9511770e+00 2.57e+00 1.56e-01  -6.1 3.37e-01    -  6.11e-02 1.23e-01h  1
1102  2.9505469e+00 2.29e+00 1.48e-01  -6.1 2.97e-01    -  1.54e-01 1.09e-01h  1
1103  2.9500577e+00 1.62e+00 4.55e-01  -6.1 2.99e-01    -  8.31e-02 2.92e-01h  1
1104  2.9495182e+00 1.27e+00 2.88e-01  -6.1 1.70e-01    -  2.66e-01 2.19e-01h  1
1105  2.9491756e+00 1.20e+00 2.73e-01  -6.1 1.53e-01    -  8.64e-02 5.48e-02h  1
1106  2.9482662e+00 8.49e-01 4.47e-01  -6.1 1.03e-01    -  6.84e-02 2.91e-01h  1
1107  2.9478776e+00 7.01e-01 6.17e-02  -5.6 1.57e-01    -  4.32e-01 1.74e-01f  1
1108  2.9512063e+00 3.54e-01 1.36e-01  -5.4 2.44e-01    -  2.68e-01 4.85e-01h  1
1109  2.9493133e+00 2.30e-01 1.32e-01  -5.7 7.18e-02    -  2.83e-01 3.50e-01h  1
iter    objective    inf_pr   inf_du lg(mu)  ||d||  lg(rg) alpha_du alpha_pr  ls
1110  2.9473267e+00 1.15e-01 5.86e-01  -5.7 5.75e-02    -  4.96e-02 5.01e-01f  1
1111  2.9513701e+00 1.93e-03 2.42e-01  -5.1 2.67e-02    -  7.39e-01 1.00e+00f  1
1112  2.9498527e+00 1.99e-04 4.11e-03  -5.3 1.73e-02    -  1.00e+00 1.00e+00h  1
1113  2.9470475e+00 2.00e-03 9.52e-02  -5.8 1.57e-02    -  1.00e+00 8.08e-01h  1
1114  2.9462521e+00 1.23e-03 1.63e-02  -5.8 9.94e-03    -  1.00e+00 9.16e-01h  1
1115  2.9465291e+00 4.23e-04 6.73e-02  -5.6 3.22e-02    -  1.00e+00 8.77e-01h  1
1116  2.9461735e+00 1.13e-03 1.25e-02  -5.7 2.09e-01    -  2.97e-01 1.86e-01h  2
1117  2.9466618e+00 9.00e-04 1.83e-01  -5.3 1.82e-01    -  7.12e-01 2.99e-01h  1
1118  2.9471629e+00 7.79e-04 1.81e-01  -5.5 1.57e-01    -  4.83e-01 6.50e-01H  1
1119  2.9463792e+00 9.89e-04 5.94e-02  -5.5 2.57e-01    -  5.05e-01 2.10e-01f  2
iter    objective    inf_pr   inf_du lg(mu)  ||d||  lg(rg) alpha_du alpha_pr  ls
1120  2.9456411e+00 1.38e-03 3.61e-02  -5.5 1.18e-01    -  3.20e-01 3.13e-01h  2
1121  2.9482207e+00 5.89e-04 1.42e-01  -5.5 5.60e-02    -  8.76e-01 1.00e+00H  1
1122  2.9458849e+00 2.22e-03 3.36e-03  -5.3 4.45e-02    -  1.00e+00 1.00e+00h  1
1123  2.9442344e+00 2.23e-03 2.62e-03  -5.6 3.00e-02    -  1.00e+00 1.00e+00h  1
1124  2.9467640e+00 5.65e-03 3.94e-02  -5.2 1.97e-01    -  1.00e+00 8.49e-01h  1
1125  2.9459144e+00 1.54e+01 4.11e-02  -5.3 1.15e+00    -  2.15e-01 2.09e-01h  1
1126  2.9449057e+00 1.46e+01 4.16e-02  -5.3 4.24e+00    -  1.96e-01 4.77e-02h  2
1127  2.9440431e+00 1.38e+01 8.67e-02  -5.3 4.19e+00    -  1.15e-01 5.66e-02h  1
1128  2.9786994e+00 1.07e+01 7.71e-02  -4.6 3.99e+00    -  1.78e-01 2.24e-01h  1
1129  2.9784195e+00 9.54e+00 2.09e-01  -5.1 3.01e+00    -  2.28e-01 1.06e-01h  1
iter    objective    inf_pr   inf_du lg(mu)  ||d||  lg(rg) alpha_du alpha_pr  ls
1130  2.9675689e+00 8.40e+00 1.88e-01  -5.1 5.08e-01    -  1.08e-01 1.20e-01h  1
1131  2.9655901e+00 8.07e+00 1.93e-01  -5.1 9.00e-01    -  9.10e-02 3.88e-02h  1
1132  2.9608486e+00 7.25e+00 1.40e-01  -5.1 3.14e+00    -  2.10e-02 9.94e-02h  1
1133  2.9576952e+00 6.92e+00 1.16e-01  -5.1 1.87e+00    -  5.87e-02 4.58e-02h  1
1134  2.9542374e+00 3.11e+00 5.25e-01  -5.1 1.01e+00    -  1.18e-01 1.21e-01f  1
1135  2.9467642e+00 7.24e+00 2.08e-01  -5.1 4.48e-01    -  9.69e-02 3.19e-01h  1
1136  2.9464069e+00 2.32e+00 7.86e-01  -5.1 6.31e-01    -  2.46e-01 4.29e-02h  1
1137  2.9435111e+00 7.42e+00 6.90e-01  -5.1 3.50e-01    -  1.58e-02 1.50e-01f  1
1138  2.9499580e+00 6.96e+00 6.62e-01  -4.0 5.02e-01    -  5.66e-02 6.23e-02f  1
1139  2.9523021e+00 5.85e+00 3.61e-01  -5.0 4.36e-01    -  9.70e-02 1.59e-01h  1
iter    objective    inf_pr   inf_du lg(mu)  ||d||  lg(rg) alpha_du alpha_pr  ls
1140  2.9553859e+00 4.87e+00 3.37e-01  -5.0 6.15e-01    -  2.37e-01 1.67e-01h  1
1141  2.9581373e+00 4.00e+00 3.48e-01  -5.0 7.67e-01    -  3.30e-01 1.81e-01h  1
1142  2.9518813e+00 5.44e+00 2.59e-01  -5.0 7.04e-01    -  2.47e-01 2.78e-01H  1
1143  2.9558831e+00 4.71e+00 2.99e-01  -5.0 9.58e-01    -  1.35e-01 2.14e-01h  1
1144  2.9499031e+00 3.80e+00 2.10e-01  -5.0 4.88e-01    -  1.33e-01 1.97e-01h  1
1145  2.9456776e+00 3.17e+00 1.86e-01  -5.0 4.64e-01    -  1.95e-01 1.65e-01h  1
1146  2.9433217e+00 1.80e+00 2.41e-01  -5.0 2.38e-01    -  2.38e-01 4.32e-01h  1
1147  2.9461985e+00 1.05e+00 1.49e-01  -4.7 2.60e-01    -  3.11e-01 4.18e-01f  1
1148  2.9445383e+00 3.46e-01 2.31e-01  -5.0 1.21e-01    -  3.59e-01 6.69e-01h  1
1149  2.9423567e+00 2.58e-01 1.43e-01  -5.0 1.03e-01    -  3.02e-01 2.55e-01h  1
iter    objective    inf_pr   inf_du lg(mu)  ||d||  lg(rg) alpha_du alpha_pr  ls
1150  2.9804232e+00 3.06e-02 2.25e+00  -4.4 1.56e-01    -  1.41e-01 9.31e-01f  1
1151  2.9483632e+00 4.89e-03 4.10e-01  -4.8 7.56e-02    -  7.03e-01 8.78e-01h  1
1152  2.9470397e+00 3.65e-03 2.53e-01  -4.8 1.03e-01    -  7.92e-01 1.00e+00h  1
1153  2.9411139e+00 3.77e-04 6.31e-03  -4.8 5.16e-02    -  1.00e+00 1.00e+00h  1
1154  2.9342311e+00 1.18e-04 1.64e-01  -5.4 2.40e-02    -  1.00e+00 7.10e-01h  1
1155  2.9346112e+00 1.34e-04 7.34e-03  -5.1 5.36e-02    -  1.00e+00 1.00e+00H  1
1156  2.9292921e+00 3.89e-03 1.48e-01  -5.4 3.90e-02    -  1.00e+00 8.11e-01h  1
1157  2.9285724e+00 2.23e-03 8.27e-03  -5.7 4.14e-02    -  1.00e+00 1.00e+00h  1
1158  2.9263924e+00 2.48e-03 2.13e-03  -5.9 2.95e-02    -  1.00e+00 9.98e-01h  1
1159  2.9258143e+00 2.49e-03 8.00e-04  -6.1 1.04e-02    -  1.00e+00 9.99e-01h  1
iter    objective    inf_pr   inf_du lg(mu)  ||d||  lg(rg) alpha_du alpha_pr  ls
1160  2.9261117e+00 3.81e-03 7.53e-02  -5.6 5.64e-02    -  1.00e+00 4.75e-01h  1
1161  2.9257552e+00 2.74e-03 1.95e-01  -5.7 1.91e-01    -  6.73e-01 2.83e-01h  1
1162  2.9258066e+00 6.11e-03 1.75e-01  -5.4 7.20e-01    -  4.75e-01 1.97e-01f  1
1163  2.9253522e+00 3.75e-03 1.87e-01  -5.6 4.38e-01    -  4.00e-01 1.27e-01h  1
1164  2.9249340e+00 3.39e-03 4.89e-01  -5.6 4.78e-01    -  6.68e-01 6.90e-02h  1
1165  2.9242792e+00 4.26e-02 5.69e-01  -5.6 5.62e-01    -  4.52e-01 1.33e-01h  2
1166  2.9241820e+00 1.68e+01 5.13e-01  -5.6 7.57e-01    -  7.47e-02 1.17e-01H  1
1167  2.9244709e+00 1.14e+01 3.52e-01  -6.2 4.93e-01    -  3.49e-01 3.19e-01h  1
1168  2.9244187e+00 1.14e+01 2.27e-01  -5.8 3.60e-01    -  3.76e-01 5.51e-03h  1
1169  2.9232935e+00 1.00e+01 2.35e-01  -5.8 8.27e-01    -  1.42e-01 1.18e-01h  1
iter    objective    inf_pr   inf_du lg(mu)  ||d||  lg(rg) alpha_du alpha_pr  ls
1170  2.9463868e+00 7.92e+00 3.43e-01  -4.5 1.23e+00    -  7.93e-02 2.09e-01f  1
1171  2.9462618e+00 7.89e+00 3.23e-01  -5.5 2.87e-01    -  2.37e-01 3.19e-03h  1
1172  2.9393515e+00 6.75e+00 5.98e-01  -5.5 5.61e-01    -  3.70e-02 1.45e-01h  1
1173  2.9369850e+00 6.42e+00 1.80e-01  -5.5 5.26e-01    -  1.47e-01 4.89e-02h  1
1174  2.9363857e+00 6.24e+00 1.76e-01  -5.5 4.40e-01    -  2.98e-02 2.81e-02h  1
1175  2.9352736e+00 5.86e+00 1.77e-01  -5.5 4.70e-01    -  1.20e-01 6.07e-02h  1
1176  2.9346718e+00 5.17e+00 1.42e-01  -5.5 4.12e-01    -  1.00e-01 1.19e-01h  1
1177  2.9336436e+00 4.40e+00 5.20e-01  -5.5 4.94e-01    -  1.36e-01 1.00e-01h  1
1178  2.9308603e+00 3.82e+00 9.15e-01  -5.5 2.76e-01    -  8.85e-03 1.40e-01h  1
1179  2.9282594e+00 6.64e+00 1.90e-01  -5.5 6.05e-01    -  4.00e-02 1.21e-01h  1
iter    objective    inf_pr   inf_du lg(mu)  ||d||  lg(rg) alpha_du alpha_pr  ls
1180  2.9284948e+00 6.25e+00 1.86e-01  -5.5 3.67e-01    -  4.25e-02 5.93e-02h  1
1181  2.9284229e+00 6.11e+00 1.95e-01  -5.5 4.81e-01    -  4.76e-02 2.22e-02h  1
1182  2.9296628e+00 5.26e+00 1.11e-01  -5.5 4.60e-01    -  1.92e-02 1.40e-01h  1
1183  2.9297375e+00 4.96e+00 1.12e-01  -5.5 5.61e-01    -  2.07e-01 5.63e-02h  2
1184  2.9301036e+00 4.65e+00 2.05e-01  -5.5 4.67e-01    -  3.54e-01 6.26e-02h  2
1185  2.9285789e+00 5.25e+00 1.53e-01  -5.5 4.25e-01    -  1.74e-01 1.38e-01H  1
1186  2.9297747e+00 4.62e+00 1.26e-01  -5.5 4.73e-01    -  1.33e-01 1.20e-01h  2
1187  2.9280105e+00 5.24e+00 1.18e-01  -5.5 6.03e-01    -  1.06e-01 1.36e-01H  1
1188  2.9289732e+00 4.65e+00 1.14e-01  -5.5 5.80e-01    -  1.54e-01 1.13e-01h  1
1189  2.9278241e+00 5.07e+00 1.10e-01  -5.5 5.99e-01    -  1.21e-01 1.03e-01H  1
iter    objective    inf_pr   inf_du lg(mu)  ||d||  lg(rg) alpha_du alpha_pr  ls
1190  2.9279860e+00 4.98e+00 1.30e-01  -5.5 4.80e-01    -  6.38e-02 1.87e-02h  1
1191  2.9281161e+00 4.86e+00 9.95e-02  -5.5 8.81e-01    -  1.04e-01 2.34e-02h  1
1192  2.9263645e+00 5.75e+00 2.17e-01  -5.5 4.94e-01    -  1.67e-02 2.16e-01H  1
1193  2.9286846e+00 4.29e+00 2.92e-01  -5.5 8.74e-01    -  2.03e-01 1.78e-01h  2
1194  2.9272074e+00 3.69e+00 2.95e-01  -5.5 2.26e-01    -  3.72e-02 1.41e-01h  1
1195  2.9252824e+00 2.85e+00 3.76e-01  -5.5 2.96e-01    -  1.63e-01 2.28e-01h  1
1196  2.9247276e+00 2.12e+00 3.11e-01  -5.5 2.15e-01    -  7.26e-02 2.57e-01f  1
1197  2.9242984e+00 1.86e+00 2.52e-01  -5.5 2.85e-01    -  2.56e-01 1.24e-01h  1
1198  2.9244154e+00 1.48e+00 2.24e-01  -5.5 2.85e-01    -  1.50e-01 2.18e-01h  1
1199  2.9241800e+00 1.38e+00 1.76e-01  -5.5 9.76e-02    -  9.40e-02 6.89e-02h  1
iter    objective    inf_pr   inf_du lg(mu)  ||d||  lg(rg) alpha_du alpha_pr  ls
1200  2.9324995e+00 6.23e-01 8.82e-01  -4.7 1.00e-01    -  1.62e-01 6.66e-01f  1
1201  2.9298703e+00 4.68e-01 7.12e-01  -5.3 6.71e-02    -  8.94e-02 2.50e-01h  1
1202  2.9264162e+00 2.83e-01 4.29e-01  -5.3 8.51e-02    -  4.26e-01 4.01e-01f  1
1203  2.9242387e+00 1.56e-01 2.45e-01  -5.3 1.03e-01    -  4.54e-01 4.64e-01h  1
1204  2.9390492e+00 1.16e-02 2.19e-01  -4.7 8.71e-02    -  5.95e-01 1.00e+00f  1
1205  2.9304089e+00 5.53e-02 2.61e-02  -4.9 4.86e-02    -  7.59e-01 1.00e+00h  1
1206  2.9284252e+00 2.11e-03 7.62e-03  -4.9 4.20e-02    -  1.00e+00 1.00e+00h  1
1207  2.9282338e+00 2.70e-04 2.22e-03  -4.9 1.85e-02    -  1.00e+00 1.00e+00h  1
1208  2.9220584e+00 1.00e-02 1.18e-02  -5.4 2.51e-02    -  9.98e-01 1.00e+00h  1
1209  2.9216119e+00 5.73e-03 1.35e-02  -5.4 3.40e-02    -  1.00e+00 1.00e+00h  1
iter    objective    inf_pr   inf_du lg(mu)  ||d||  lg(rg) alpha_du alpha_pr  ls
1210  2.9192112e+00 1.07e-03 8.51e-03  -5.6 2.75e-02    -  1.00e+00 1.00e+00h  1
1211  2.9180010e+00 1.02e-03 5.39e-03  -6.0 1.06e-02    -  1.00e+00 9.92e-01h  1
1212  2.9175780e+00 6.20e-04 4.19e-03  -6.2 5.06e-03    -  1.00e+00 9.95e-01h  1
1213  2.9178000e+00 1.08e-03 2.30e-03  -5.9 1.24e-02    -  1.00e+00 1.00e+00h  1
1214  2.9175466e+00 4.28e-04 1.63e-01  -6.0 4.86e-02    -  1.00e+00 3.91e-01h  1
1215  2.9174813e+00 3.39e-04 9.79e-02  -5.8 1.48e-01    -  9.11e-01 2.39e-01f  2
1216  2.9174069e+00 3.85e-04 2.03e-01  -5.8 1.99e-01    -  6.96e-01 2.61e-01h  2
1217  2.9170797e+00 4.54e-04 3.94e-01  -5.9 3.67e-01    -  7.41e-01 1.82e-01h  2
1218  2.9167206e+00 1.16e-03 1.12e+00  -5.9 7.15e-01    -  8.73e-01 1.08e-01h  2
1219  2.9164482e+00 1.17e-02 7.36e-01  -6.7 9.35e-01    -  2.95e-01 1.53e-01h  2
iter    objective    inf_pr   inf_du lg(mu)  ||d||  lg(rg) alpha_du alpha_pr  ls
1220  2.9165602e+00 2.85e-02 3.36e-01  -5.2 2.41e+00    -  3.25e-01 1.21e-01h  1
1221  2.9159753e+00 3.28e-02 4.57e-01  -5.6 3.25e+00    -  2.28e-01 2.63e-02h  3
1222  2.9147539e+00 1.94e+01 5.14e-01  -5.8 3.13e+00    -  3.89e-01 1.27e-01h  1
1223  2.9264746e+00 1.76e+01 4.52e-01  -4.8 1.11e+01    -  9.67e-02 9.27e-02h  1
1224  2.9233894e+00 1.69e+01 4.84e-01  -5.5 1.20e+01    -  8.47e-02 4.09e-02h  1
1225  2.9203690e+00 1.67e+01 4.88e-01  -5.5 2.31e+01    -  5.08e-02 1.26e-02h  1
1226  2.9185939e+00 1.61e+01 4.60e-01  -5.5 3.98e+01    -  2.64e-02 3.41e-02h  1
1227  2.9117765e+00 1.58e+01 4.80e-01  -5.5 7.61e+01    -  2.94e-02 1.53e-02h  1
1228  3.0222533e+00 1.51e+01 4.92e-01  -3.9 6.49e+01    -  2.49e-02 4.36e-02f  1
1229  3.0113628e+00 1.48e+01 4.54e-01  -5.3 3.03e+01    -  7.80e-02 2.01e-02h  1
iter    objective    inf_pr   inf_du lg(mu)  ||d||  lg(rg) alpha_du alpha_pr  ls
1230  3.1275885e+00 1.42e+01 4.32e-01  -5.3 3.20e+01    -  2.38e-02 4.31e-02h  1
1231  3.1219658e+00 1.41e+01 5.64e-01  -5.3 1.68e+00    -  1.06e-01 8.04e-03h  1
1232  3.0503992e+00 1.29e+01 1.10e+00  -5.3 4.36e+00    -  2.39e-02 8.29e-02h  1
1233  2.9978836e+00 1.21e+01 7.48e-01  -5.3 1.49e+01    -  3.82e-02 6.36e-02h  1
1234  2.9694026e+00 1.13e+01 8.85e-01  -5.3 7.03e+00    -  8.70e-02 6.43e-02h  1
1235  2.9432142e+00 1.07e+01 8.38e-01  -5.3 4.61e+00    -  6.79e-02 5.32e-02h  1
1236  2.9222657e+00 1.01e+01 7.54e-01  -5.3 3.10e+00    -  4.72e-02 5.50e-02h  1
1237  2.9114365e+00 2.39e-01 7.20e-01  -5.3 1.80e+00    -  5.65e-02 6.18e-02h  1
1238  2.8986863e+00 9.59e+00 4.63e-01 -11.0 1.25e+00    -  9.88e-02 6.28e-02h  1
1239  2.8964893e+00 9.28e+00 4.64e-01  -6.9 1.75e+00    -  7.47e-02 3.31e-02h  1
iter    objective    inf_pr   inf_du lg(mu)  ||d||  lg(rg) alpha_du alpha_pr  ls
1240  2.9016045e+00 8.38e+00 2.90e-01  -4.7 3.05e+00    -  6.23e-02 9.67e-02h  1
1241  2.9092370e+00 2.36e+00 7.82e-01  -4.2 1.33e+00    -  7.34e-02 1.78e-01h  1
1242  2.9234396e+00 6.50e+00 3.59e-01  -4.4 7.24e-01    -  1.21e-01 1.66e-01H  1
1243  2.9208479e+00 5.74e+00 9.02e-01  -4.9 8.86e-01    -  4.19e-01 1.17e-01h  1
1244  2.9297346e+00 5.14e+00 7.21e-01  -4.9 1.82e+00    -  1.84e-01 1.04e-01h  1
1245  2.9247996e+00 4.38e+00 2.06e+00  -4.9 6.46e-01    -  4.54e-01 1.48e-01h  1
1246  2.9527260e+00 3.59e+00 1.46e+00  -4.9 1.02e+00    -  2.61e-01 2.20e-01H  1
1247  2.9337356e+00 2.95e+00 1.44e+00  -4.9 5.09e-01    -  1.14e-01 1.77e-01h  1
1248  2.9244483e+00 2.71e+00 1.29e+00  -4.9 1.03e+00    -  1.19e-01 8.88e-02h  2
1249  2.9070805e+00 7.10e+00 1.14e+00  -4.9 7.05e-01    -  9.73e-02 1.79e-01h  1
iter    objective    inf_pr   inf_du lg(mu)  ||d||  lg(rg) alpha_du alpha_pr  ls
1250  2.9263384e+00 3.79e+00 4.36e-01  -4.7 4.82e-01    -  1.51e-02 2.81e-01h  1
1251  2.9016916e+00 2.40e+00 6.80e-01  -5.0 3.74e-01    -  8.07e-02 3.66e-01h  1
1252  2.9009936e+00 2.73e+00 6.71e-01  -4.7 4.62e-01    -  5.60e-02 4.78e-02F  1
1253  2.8947724e+00 1.37e+00 6.81e-01  -4.7 2.45e-01    -  6.27e-01 5.19e-01h  1
1254  2.9009163e+00 9.16e+00 2.61e-01  -4.5 2.98e-01    -  3.82e-01 3.67e-01h  2
1255  2.9010292e+00 9.03e+00 7.42e-01  -4.7 5.63e-01    -  2.66e-01 1.37e-02h  1
1256  2.9531738e+00 2.33e+00 6.61e-01  -4.7 1.40e+00    -  3.09e-01 2.60e-01h  1
1257  2.9066336e+00 1.01e+00 1.63e+00  -4.7 2.78e-01    -  9.14e-02 5.75e-01h  1
1258  2.8916200e+00 8.61e+00 1.23e+00  -6.3 3.86e-01    -  1.65e-01 2.45e-01h  1
1259  2.9585164e+00 3.94e+00 1.88e+00  -3.9 8.14e-01    -  1.67e-02 3.96e-01h  1
iter    objective    inf_pr   inf_du lg(mu)  ||d||  lg(rg) alpha_du alpha_pr  ls
1260  3.0739435e+00 1.34e+00 4.48e-01  -4.7 4.90e-01    -  2.39e-01 7.05e-01h  1
1261  2.9375799e+00 6.72e-01 4.07e-01  -4.7 3.71e-01    -  5.16e-01 5.08e-01h  1
1262  2.8907697e+00 8.77e-02 5.77e-01  -4.7 2.35e-01    -  5.31e-01 9.48e-01h  1
1263  2.8798672e+00 9.60e+00 4.93e-01  -5.2 5.69e-02    -  7.78e-01 8.74e-01h  1
1264  2.8938000e+00 8.46e+00 5.96e-01  -4.0 9.28e-01    -  6.11e-02 1.19e-01h  1
1265  2.8977918e+00 7.00e+00 5.29e-01  -4.9 5.98e-01    -  2.94e-01 1.73e-01h  1
1266  2.8988829e+00 6.49e+00 5.55e-01  -4.9 6.20e-01    -  1.45e-01 7.33e-02h  1
1267  2.8998062e+00 3.55e+00 5.96e-01  -4.9 8.69e-01    -  3.77e-01 1.29e-01h  1
1268  2.8930091e+00 2.51e+00 4.67e-01  -4.9 2.04e-01    -  1.87e-01 2.93e-01h  1
1269  2.8867464e+00 7.93e+00 3.40e-01  -4.9 1.58e-01    -  4.18e-02 4.33e-01h  1
iter    objective    inf_pr   inf_du lg(mu)  ||d||  lg(rg) alpha_du alpha_pr  ls
1270  2.9246483e+00 5.71e+00 7.94e-01  -4.1 9.70e-01    -  1.05e-01 2.81e-01f  1
1271  2.9295856e+00 4.89e+00 2.85e+00  -4.8 1.47e+00    -  2.72e-01 2.25e-01h  1
1272  2.9056165e+00 3.00e+00 4.54e-01  -4.8 3.17e-01    -  1.09e-01 4.61e-01h  1
1273  2.9045166e+00 2.06e+00 3.93e-01  -4.8 5.62e-01    -  2.48e-01 3.12e-01h  1
1274  2.8942461e+00 1.20e+00 4.21e-01  -4.8 1.16e-01    -  4.98e-01 4.61e-01h  1
1275  2.8856771e+00 1.55e-01 4.26e-01  -4.8 8.58e-02    -  6.34e-01 8.73e-01h  1
1276  2.9012792e+00 2.13e-03 1.42e-01  -4.5 6.35e-02    -  5.06e-01 1.00e+00f  1
1277  2.9693877e+00 1.16e-03 3.27e-01  -4.2 1.16e-01    -  8.18e-01 1.00e+00H  1
1278  2.9202781e+00 3.32e-02 5.07e-01  -4.4 8.93e-02    -  3.94e-01 1.00e+00h  1
1279  2.9156708e+00 3.84e-03 2.15e-02  -4.4 8.29e-02    -  9.37e-01 1.00e+00h  1
iter    objective    inf_pr   inf_du lg(mu)  ||d||  lg(rg) alpha_du alpha_pr  ls
1280  2.8914737e+00 2.48e-03 1.98e-02  -4.7 5.04e-02    -  9.98e-01 1.00e+00h  1
1281  2.8802398e+00 1.30e-02 4.95e-02  -4.9 3.52e-02    -  1.00e+00 9.42e-01h  1
1282  2.8747861e+00 2.96e-04 3.06e-02  -5.1 4.50e-02    -  1.00e+00 9.90e-01H  1
1283  2.8702479e+00 2.71e-02 3.46e-01  -5.6 3.47e-02    -  1.00e+00 7.35e-01h  1
1284  2.8685103e+00 1.76e+01 7.55e-02  -5.6 2.34e-02    -  1.00e+00 9.99e-01h  1
1285  2.8763501e+00 2.47e-01 1.35e+00  -4.5 3.85e-01    -  7.82e-02 2.85e-01h  1
1286  2.8720823e+00 1.30e+01 3.68e-01  -5.4 4.54e-02    -  1.00e+00 6.16e-01h  1
1287  2.8739520e+00 1.10e+01 2.88e-01  -5.4 2.92e-01    -  1.21e-01 1.56e-01h  1
1288  2.8739978e+00 1.09e+01 2.34e-01  -5.4 2.30e-01    -  3.15e-01 6.86e-03h  4
1289  2.8739996e+00 1.09e+01 2.34e-01  -5.4 1.96e-01    -  3.90e-01 1.21e-03h  8
iter    objective    inf_pr   inf_du lg(mu)  ||d||  lg(rg) alpha_du alpha_pr  ls
1290  2.8739921e+00 1.08e+01 9.49e-01  -5.4 1.91e-01    -  6.31e-01 7.53e-03h  5
1291  2.8738073e+00 9.86e+00 2.99e-01  -5.4 2.58e-01    -  6.65e-01 8.97e-02h  2
1292  2.8738960e+00 9.66e+00 4.87e-01  -5.4 3.09e-01    -  1.95e-01 1.99e-02h  4
1293  2.8749048e+00 8.12e+00 5.62e-01  -5.4 2.94e-01    -  3.37e-01 1.59e-01h  1
1294  2.8761765e+00 7.40e+00 4.52e-01  -5.4 3.52e-01    -  4.33e-02 8.88e-02h  1
1295  2.8764978e+00 7.28e+00 8.32e-01  -5.4 4.03e-01    -  1.15e-01 1.61e-02h  1
1296  2.8781819e+00 6.72e+00 7.36e-01  -5.4 4.94e-01    -  9.27e-02 7.83e-02h  1
1297  2.8803060e+00 3.00e+00 6.52e-01  -5.4 6.43e-01    -  1.08e-01 1.05e-01h  1
1298  2.8768989e+00 2.02e+00 4.58e-01  -5.4 1.80e-01    -  5.69e-02 3.28e-01h  1
1299  2.8761887e+00 1.87e+00 4.78e-01  -5.4 1.85e-01    -  2.32e-01 7.63e-02f  1
iter    objective    inf_pr   inf_du lg(mu)  ||d||  lg(rg) alpha_du alpha_pr  ls
1300  2.8742301e+00 7.94e+00 2.23e-01  -5.4 2.26e-01    -  4.94e-01 2.84e-01h  1
1301  2.8755271e+00 1.73e+00 4.52e-01  -5.4 8.41e-01    -  2.91e-02 6.75e-02h  1
1302  2.8740580e+00 1.12e+00 4.51e-01  -5.4 2.15e-01    -  2.87e-01 3.49e-01f  1
1303  2.8729688e+00 8.29e-01 4.28e-01  -5.4 1.57e-01    -  3.69e-01 2.64e-01h  1
1304  2.8723211e+00 6.03e-01 6.03e-01  -5.4 1.23e-01    -  5.08e-01 2.81e-01h  1
1305  2.8716897e+00 1.93e-01 3.15e-01  -5.4 6.51e-02    -  2.20e-01 6.91e-01h  1
1306  2.8714856e+00 5.60e-02 1.76e-01  -5.4 5.94e-02    -  5.02e-01 7.10e-01h  1
1307  2.8706390e+00 1.01e+01 1.40e-01  -5.4 6.31e-02    -  5.26e-01 4.62e-01f  1
1308  2.8712097e+00 9.38e+00 3.09e-01  -5.4 4.02e-01    -  1.09e-02 6.97e-02h  1
1309  2.8715520e+00 8.99e+00 3.31e-01  -5.4 4.49e-01    -  3.23e-02 4.18e-02h  2
iter    objective    inf_pr   inf_du lg(mu)  ||d||  lg(rg) alpha_du alpha_pr  ls
1310  2.8716939e+00 8.79e+00 3.18e-01  -5.4 4.53e-01    -  5.57e-02 2.23e-02h  2
1311  2.8717099e+00 8.77e+00 3.47e-01  -5.4 4.96e-01    -  1.62e-01 1.73e-03h  5
1312  2.8717101e+00 8.77e+00 2.06e-01  -5.4 4.85e-01    -  6.03e-02 3.16e-05h 11
1313  2.8719492e+00 8.46e+00 1.98e-01  -5.4 5.07e-01    -  3.60e-02 3.60e-02s 18
1314  2.8721557e+00 1.07e+00 3.38e-01  -5.4 6.13e-01    -  3.23e-02 3.23e-02s 18
1315  2.8716919e+00 8.61e-01 3.26e-01  -5.4 7.88e-02    -  1.94e-01 0.00e+00S 18
1316  2.8729769e+00 5.48e-01 5.79e-01  -5.4 1.23e-01    -  1.73e-01 5.99e-01h  1
1317  2.8703198e+00 2.42e-03 7.30e-01  -5.4 4.57e-02    -  1.84e-01 1.00e+00f  1
1318  2.8740858e+00 4.57e-03 1.98e-01  -5.0 2.11e-02    -  1.00e+00 1.00e+00h  1
1319  2.8702547e+00 5.97e-04 1.85e-01  -5.5 1.20e-02    -  1.00e+00 8.78e-01h  1
iter    objective    inf_pr   inf_du lg(mu)  ||d||  lg(rg) alpha_du alpha_pr  ls
1320  2.8684811e+00 3.58e-03 1.64e-01  -5.8 1.20e-02    -  1.00e+00 8.68e-01h  1
1321  2.8718609e+00 4.53e-03 1.15e-01  -4.9 7.46e-02    -  3.52e-01 3.77e-01h  1
1322  2.8709593e+00 3.41e-03 2.06e-01  -5.4 1.13e-01    -  2.85e-02 9.19e-01H  1
1323  2.8692685e+00 1.97e-02 1.42e-01  -5.4 1.01e-01    -  5.78e-01 9.95e-01f  1
1324  2.8689357e+00 3.94e-03 3.94e-02  -5.4 4.58e-02    -  1.00e+00 1.00e+00f  1
1325  2.8679699e+00 1.66e-03 4.38e-03  -5.4 2.25e-02    -  1.00e+00 1.00e+00h  1
1326  2.8658946e+00 3.09e-03 9.71e-03  -5.7 1.66e-02    -  1.00e+00 9.87e-01h  1
1327  2.8650909e+00 1.89e-02 2.24e-02  -5.8 3.23e-02    -  1.00e+00 9.79e-01h  1
1328  2.8658679e+00 1.86e+01 6.37e-02  -5.6 5.85e-02    -  8.66e-01 9.12e-01h  1
1329  2.8669933e+00 1.32e+01 3.67e-01  -5.7 4.61e-01    -  5.35e-02 2.93e-01h  1
iter    objective    inf_pr   inf_du lg(mu)  ||d||  lg(rg) alpha_du alpha_pr  ls
1330  2.8670318e+00 1.19e+01 6.41e-02  -5.7 3.31e-01    -  2.44e-01 9.66e-02h  1
1331  2.8674082e+00 1.04e+01 5.81e-02  -5.7 4.28e-01    -  1.18e-01 1.20e-01h  1
1332  2.8677530e+00 9.75e+00 5.58e-02  -5.7 3.53e-01    -  8.35e-02 6.74e-02h  1
1333  2.8685217e+00 8.74e+00 7.87e-02  -5.7 3.38e-01    -  1.55e-01 1.03e-01h  1
1334  2.8689933e+00 8.28e+00 9.55e-02  -5.7 5.79e-01    -  9.23e-02 5.32e-02h  1
1335  2.8695633e+00 7.89e+00 7.12e-02  -5.7 5.91e-01    -  2.24e-02 4.76e-02h  1
1336  2.8698327e+00 7.68e+00 1.28e-01  -5.7 6.51e-01    -  1.41e-01 2.61e-02h  1
1337  2.8702844e+00 1.80e+00 2.96e-01  -5.7 7.33e-01    -  5.10e-02 4.32e-02h  1
1338  2.8697230e+00 1.64e+00 3.13e-01  -5.7 1.32e-01    -  9.40e-02 9.07e-02h  1
1339  2.8692245e+00 1.41e+00 4.16e-01  -5.7 1.26e-01    -  3.45e-01 1.42e-01h  1
iter    objective    inf_pr   inf_du lg(mu)  ||d||  lg(rg) alpha_du alpha_pr  ls
1340  2.8683969e+00 8.54e+00 6.96e-02  -5.7 3.15e-01    -  2.87e-01 2.04e-01h  2
1341  2.8688209e+00 8.27e+00 1.31e-01  -5.7 7.57e-01    -  6.47e-02 3.11e-02h  1
1342  2.8691307e+00 7.93e+00 7.81e-02  -5.7 7.09e-01    -  1.13e-01 4.19e-02h  2
1343  2.8691944e+00 7.82e+00 7.63e-02  -5.7 6.85e-01    -  1.07e-01 1.35e-02h  3
1344  2.8692010e+00 7.81e+00 1.37e-01  -5.7 7.27e-01    -  7.98e-02 1.50e-03h  6
1345  2.8691890e+00 7.57e+00 1.11e-01  -5.7 1.06e+00    -  5.55e-02 2.97e-02h  2
1346  2.8692053e+00 7.55e+00 7.68e-02  -5.7 7.70e-01    -  8.21e-02 3.09e-03h  5
1347  2.8699653e+00 6.88e+00 6.91e-02  -5.7 1.34e+00    -  6.91e-02 8.88e-02h  1
1348  2.8731861e+00 3.30e+00 1.91e-01  -5.7 1.33e+00    -  1.02e-01 1.77e-01h  1
1349  2.8722210e+00 1.64e+00 2.54e-01  -5.7 2.92e-01    -  2.85e-01 5.03e-01h  1
iter    objective    inf_pr   inf_du lg(mu)  ||d||  lg(rg) alpha_du alpha_pr  ls
1350  2.8708546e+00 1.44e+00 2.23e-01  -5.7 2.68e-01    -  1.31e-01 1.21e-01h  1
1351  2.8691491e+00 1.17e+00 1.80e-01  -5.7 2.73e-01    -  5.20e-02 1.93e-01f  1
1352  2.8678344e+00 7.66e-01 2.03e-01  -5.7 1.73e-01    -  2.57e-01 3.69e-01h  1
1353  2.8675907e+00 9.29e+00 8.39e-01  -5.7 1.33e-01    -  1.80e-01 6.55e-01f  1
1354  2.8676696e+00 9.10e+00 8.11e-01  -5.7 6.93e-01    -  4.10e-03 2.01e-02h  1
1355  2.8675998e+00 1.14e+00 6.50e-01  -5.7 2.39e+00    -  1.22e-02 4.11e-02f  1
1356  2.8673982e+00 6.50e-01 8.54e-01  -5.7 1.79e-01    -  1.40e-01 4.49e-01h  1
1357  2.8658820e+00 1.14e+01 1.77e-01  -5.7 7.62e-02    -  6.62e-01 4.63e-01h  1
1358  2.8658059e+00 1.10e+01 2.21e-01  -5.7 3.87e-01    -  1.10e-01 4.31e-02h  1
1359  2.8661255e+00 1.00e+01 2.13e-01  -5.7 3.63e-01    -  1.14e-01 8.62e-02h  1
iter    objective    inf_pr   inf_du lg(mu)  ||d||  lg(rg) alpha_du alpha_pr  ls
1360  2.8667625e+00 8.89e+00 2.84e-01  -5.7 3.57e-01    -  1.75e-01 1.13e-01h  2
1361  2.8673812e+00 7.84e+00 2.67e-01  -5.7 3.85e-01    -  1.96e-01 1.17e-01h  1
1362  2.8673946e+00 7.81e+00 2.45e-01  -5.7 4.37e-01    -  3.39e-01 3.44e-03h  5
1363  2.8673960e+00 7.81e+00 2.32e-01  -5.7 4.76e-01    -  2.06e-01 2.33e-04h  9
1364  2.8673971e+00 7.81e+00 2.46e-01  -5.7 5.79e-01    -  7.50e-02 2.20e-04h 10
1365  2.8673973e+00 7.81e+00 8.78e-01  -5.7 5.70e-01    -  2.62e-01 2.99e-05h 13
1366  2.8678992e+00 2.04e+00 8.30e-01  -5.7 7.73e-01    -  5.54e-02 5.54e-02s 20
1367  2.8674294e+00 1.72e+00 6.98e-01  -5.7 1.24e-01    -  1.59e-01 1.59e-01s 20
1368  2.8669665e+00 1.24e+00 6.78e-01  -5.7 1.26e-01    -  5.51e-01 0.00e+00S 20
1369  2.8665123e+00 7.78e-01 4.45e-01  -5.7 1.17e-01    -  2.09e-01 3.74e-01h  1
iter    objective    inf_pr   inf_du lg(mu)  ||d||  lg(rg) alpha_du alpha_pr  ls
1370  2.8660535e+00 1.39e-01 4.23e-01  -5.7 6.57e-02    -  2.85e-01 8.23e-01f  1
1371  2.8656482e+00 3.87e-03 9.14e-02  -5.7 4.46e-02    -  6.81e-01 1.00e+00f  1
1372  2.8665153e+00 5.04e-04 1.01e-01  -5.7 4.69e-02    -  1.00e+00 9.46e-01h  1
1373  2.8675110e+00 1.44e-03 2.23e-01  -5.0 2.89e-02    -  4.04e-01 5.10e-01h  1
1374  2.8659987e+00 1.22e-03 5.52e-02  -5.4 4.67e-02    -  8.70e-01 1.00e+00h  1
1375  2.8662979e+00 3.57e-03 7.17e-01  -5.4 1.07e-01    -  4.97e-01 1.00e+00H  1
1376  2.8639862e+00 1.07e-03 1.59e-02  -5.7 2.04e-02    -  1.00e+00 9.84e-01h  1
1377  2.8624421e+00 4.60e-03 1.47e-01  -6.3 1.64e-02    -  8.33e-01 7.13e-01h  1
1378  2.8619700e+00 6.00e-04 1.54e-03  -6.3 1.27e-02    -  1.00e+00 9.99e-01h  1
1379  2.8622035e+00 7.67e-03 5.67e-03  -5.9 3.53e-02    -  1.00e+00 1.00e+00h  1
iter    objective    inf_pr   inf_du lg(mu)  ||d||  lg(rg) alpha_du alpha_pr  ls
1380  2.8618863e+00 1.95e+01 8.89e-02  -6.0 1.84e-01    -  6.93e-01 5.53e-01h  1
1381  2.8695627e+00 1.23e+01 1.99e-01  -4.9 4.93e-01    -  1.27e-01 3.71e-01f  1
1382  2.8695072e+00 1.22e+01 1.30e-01  -5.7 2.63e-01    -  4.05e-01 7.02e-03h  1
1383  2.8679113e+00 8.89e+00 3.09e-01  -5.7 3.74e-01    -  1.17e-01 2.69e-01h  1
1384  2.8679142e+00 8.17e+00 1.23e-01  -5.7 3.25e-01    -  1.41e-01 8.10e-02h  1
1385  2.8685555e+00 7.52e+00 1.20e-01  -5.7 8.60e-01    -  7.65e-02 8.00e-02h  1
1386  2.8685004e+00 7.38e+00 1.63e-01  -5.7 5.48e-01    -  6.92e-02 1.89e-02h  1
1387  2.8686786e+00 7.11e+00 1.96e-01  -5.7 5.78e-01    -  5.71e-02 3.59e-02h  1
1388  2.8685699e+00 2.31e+00 4.48e-01  -5.7 8.78e-01    -  1.04e-01 2.72e-02h  1
1389  2.8683871e+00 2.25e+00 4.43e-01  -5.7 1.66e-01    -  1.13e-02 2.71e-02h  1
iter    objective    inf_pr   inf_du lg(mu)  ||d||  lg(rg) alpha_du alpha_pr  ls
1390  2.8677093e+00 7.40e+00 1.00e-01  -5.7 2.30e-01    -  3.71e-02 1.26e-01h  1
1391  2.8679833e+00 7.03e+00 7.20e-02  -5.7 5.27e-01    -  1.79e-02 5.01e-02h  1
1392  2.8681496e+00 6.84e+00 1.31e-01  -5.7 7.92e-01    -  1.35e-01 2.81e-02h  3
1393  2.8681924e+00 6.80e+00 1.24e-01  -5.7 7.52e-01    -  7.71e-03 4.63e-03h  6
1394  2.8682017e+00 6.80e+00 1.45e-01  -5.7 8.78e-01    -  9.27e-02 1.21e-03h  8
1395  2.8682099e+00 6.79e+00 1.41e-01  -5.7 9.24e-01    -  3.33e-02 8.34e-04h  9
1396  2.8682100e+00 6.79e+00 1.73e-01  -5.7 1.17e+00    -  1.67e-01 2.33e-05h 14
1397  2.8716101e+00 3.52e+00 2.26e-01  -5.7 1.30e+00    -  1.77e-01 1.90e-01h  1
1398  2.8710909e+00 3.38e+00 2.25e-01  -5.7 3.10e-01    -  1.09e-01 3.79e-02h  1
1399  2.8685496e+00 2.49e+00 2.55e-01  -5.7 5.04e-01    -  2.63e-01 2.65e-01f  1
iter    objective    inf_pr   inf_du lg(mu)  ||d||  lg(rg) alpha_du alpha_pr  ls
1400  2.9009474e+00 1.31e+00 1.40e-01  -5.7 2.32e-01    -  2.31e-01 4.74e-01h  1
1401  2.8869061e+00 1.02e+00 1.26e-01  -5.7 3.20e-01    -  1.01e-01 2.22e-01h  1
1402  2.8759517e+00 7.23e-01 8.98e-02  -5.7 2.26e-01    -  1.25e-01 2.93e-01h  1
1403  2.8649794e+00 5.80e-02 5.58e-01  -5.7 1.14e-01    -  2.59e-01 9.33e-01f  1
1404  2.8641419e+00 2.48e-02 2.34e-01  -5.7 2.88e-02    -  8.50e-01 5.70e-01f  1
1405  2.8637509e+00 1.52e-02 2.68e-01  -5.7 8.35e-02    -  1.31e-01 3.60e-01f  1
1406  2.8636155e+00 1.45e+01 2.66e-01  -5.7 2.88e-01    -  2.73e-01 5.44e-01f  1
1407  2.8635342e+00 1.21e+01 2.20e-01  -5.7 2.97e-01    -  5.51e-02 1.68e-01h  1
1408  2.8668898e+00 1.22e+00 9.55e-01  -5.7 4.19e-01    -  8.80e-02 3.42e-01h  1
1409  2.8638871e+00 1.08e+01 4.65e-01  -5.7 2.36e-01    -  6.95e-02 4.96e-01f  1
iter    objective    inf_pr   inf_du lg(mu)  ||d||  lg(rg) alpha_du alpha_pr  ls
1410  2.8638363e+00 1.07e+01 3.02e-01  -5.7 3.15e-01    -  2.17e-01 7.26e-03h  1
1411  2.8638790e+00 8.92e+00 2.74e-01  -5.7 3.89e-01    -  5.35e-02 1.67e-01h  1
1412  2.8640000e+00 1.42e+00 8.06e-01  -5.7 2.69e-01    -  1.66e-01 3.74e-02h  1
1413  2.8637177e+00 8.17e-01 3.85e-01  -5.7 3.27e-02    -  5.85e-01 4.66e-01h  1
1414  2.8675036e+00 2.69e-01 2.44e-01  -5.7 1.30e-01    -  7.12e-01 6.88e-01h  1
1415  2.8638054e+00 1.21e-01 2.36e-01  -5.7 9.20e-02    -  1.00e+00 5.94e-01f  1
1416  2.8630611e+00 5.50e-02 1.84e-01  -5.7 4.10e-02    -  3.98e-01 6.16e-01h  1
1417  2.8630347e+00 2.51e-04 3.66e-01  -5.7 1.79e-02    -  6.51e-01 1.00e+00h  1
1418  2.8620031e+00 4.60e-03 2.22e-01  -6.1 1.14e-02    -  1.00e+00 1.00e+00h  1
1419  2.8614591e+00 2.47e-03 1.11e-01  -6.2 1.69e-02    -  3.68e-01 9.72e-01h  1
iter    objective    inf_pr   inf_du lg(mu)  ||d||  lg(rg) alpha_du alpha_pr  ls
1420  2.8613649e+00 1.59e-02 2.59e-01  -5.5 1.25e-01    -  6.58e-01 2.41e-01f  1
1421  2.8624123e+00 1.74e+01 1.80e-01  -5.3 1.81e-01    -  3.35e-01 3.30e-01h  1
1422  2.8633475e+00 1.35e+01 2.87e-01  -5.6 3.26e-01    -  1.03e-01 2.23e-01h  1
1423  2.8632764e+00 1.15e+01 2.46e-01  -5.6 2.81e-01    -  2.10e-01 1.49e-01h  1
1424  2.8638689e+00 8.44e-01 3.71e-01  -5.6 5.08e-01    -  9.01e-02 1.34e-01h  1
1425  2.8631455e+00 1.09e+01 1.31e-01  -5.6 4.82e-02    -  7.10e-01 6.50e-01h  1
1426  2.8636079e+00 1.02e+01 1.41e-01  -5.6 3.18e-01    -  4.71e-02 6.15e-02h  2
1427  2.8638956e+00 9.66e+00 1.27e-01  -5.6 2.94e-01    -  1.37e-01 5.13e-02h  3
1428  2.8639231e+00 9.62e+00 1.27e-01  -5.6 2.84e-01    -  1.15e-01 4.57e-03h  6
1429  2.8639318e+00 9.60e+00 1.27e-01  -5.6 3.03e-01    -  1.37e-01 1.34e-03h  8
iter    objective    inf_pr   inf_du lg(mu)  ||d||  lg(rg) alpha_du alpha_pr  ls
1430  2.8639362e+00 9.60e+00 1.26e-01  -5.6 2.87e-01    -  8.11e-02 6.56e-04h  9
1431  2.8654047e+00 8.00e+00 1.05e-01  -5.6 2.80e-01    -  1.54e-01 1.67e-01h  1
1432  2.8656730e+00 7.68e+00 1.00e-01  -5.6 2.59e-01    -  1.18e-01 3.99e-02h  1
1433  2.8660859e+00 7.33e+00 9.54e-02  -5.6 3.50e-01    -  5.93e-02 4.56e-02h  1
1434  2.8666998e+00 2.31e+00 6.33e-01  -5.6 4.47e-01    -  5.97e-02 5.00e-02h  1
1435  2.8655924e+00 1.53e+00 3.69e-01  -5.6 1.05e-01    -  4.42e-02 3.63e-01h  1
1436  2.8651904e+00 1.19e+00 3.31e-01  -5.6 9.49e-02    -  3.98e-01 2.20e-01h  1
1437  2.8648621e+00 5.97e-01 1.64e-01  -5.6 8.55e-02    -  9.10e-02 5.00e-01f  1
1438  2.8646472e+00 5.97e-02 6.00e-01  -5.6 3.98e-02    -  9.57e-02 9.00e-01f  1
1439  2.8639405e+00 4.61e-02 6.99e-01  -5.6 3.80e-02    -  1.59e-01 7.85e-01f  1
iter    objective    inf_pr   inf_du lg(mu)  ||d||  lg(rg) alpha_du alpha_pr  ls
1440  2.8636424e+00 2.94e-02 3.43e-01  -5.6 6.19e-02    -  5.66e-01 5.20e-01f  1
1441  2.8633243e+00 9.40e-03 2.15e-01  -5.6 4.56e-02    -  6.55e-01 1.00e+00f  1
1442  2.8623607e+00 3.43e-03 3.53e-01  -5.6 8.85e-02    -  2.00e-01 7.25e-01h  1
1443  2.8619437e+00 8.18e-03 2.34e-01  -5.6 1.32e-01    -  3.31e-01 3.45e-01f  2
1444  2.8620665e+00 6.80e-04 6.22e-02  -5.6 7.06e-02    -  7.72e-01 1.00e+00H  1
1445  2.8606615e+00 1.66e-02 2.40e-02  -6.0 2.16e-02    -  1.00e+00 9.54e-01h  1
1446  2.8609138e+00 4.70e-04 6.06e-03  -5.7 2.59e-02    -  1.00e+00 1.00e+00h  1
1447  2.8600608e+00 5.16e-03 2.80e-02  -6.1 5.95e-03    -  1.00e+00 9.64e-01h  1
1448  2.8602165e+00 4.67e-02 3.97e-02  -5.9 1.10e-02    -  1.00e+00 1.00e+00h  1
1449  2.8598526e+00 1.77e+01 4.28e-02  -6.0 3.75e-02    -  1.00e+00 7.45e-01h  1
iter    objective    inf_pr   inf_du lg(mu)  ||d||  lg(rg) alpha_du alpha_pr  ls
1450  2.8663559e+00 7.70e-01 1.09e-01  -4.7 4.30e-01    -  1.28e-01 2.70e-01f  1
1451  2.8614544e+00 1.54e+01 2.98e-01  -5.6 8.64e-02    -  3.14e-01 9.11e-01h  1
1452  2.8616177e+00 1.36e+01 1.53e-01  -5.6 3.91e-01    -  3.12e-01 1.14e-01h  1
1453  2.8617132e+00 1.23e+01 7.51e-02  -5.6 3.54e-01    -  6.16e-01 9.98e-02h  1
1454  2.8622591e+00 1.03e+01 5.99e-02  -5.6 4.04e-01    -  1.88e-01 1.58e-01h  1
1455  2.8629822e+00 9.15e+00 5.23e-02  -5.6 3.36e-01    -  1.40e-01 1.15e-01h  1
1456  2.8635813e+00 8.45e+00 1.22e-01  -5.6 3.68e-01    -  1.24e-01 7.65e-02h  1
1457  2.8641106e+00 8.12e+00 1.82e-01  -5.6 4.17e-01    -  5.77e-02 3.97e-02h  2
1458  2.8643389e+00 7.96e+00 2.80e-01  -5.6 4.54e-01    -  4.88e-02 1.96e-02h  2
1459  2.8644068e+00 7.91e+00 2.24e-01  -5.6 4.74e-01    -  4.05e-02 5.43e-03h  4
iter    objective    inf_pr   inf_du lg(mu)  ||d||  lg(rg) alpha_du alpha_pr  ls
1460  2.8644257e+00 7.90e+00 6.84e-01  -5.6 6.23e-01    -  1.10e-01 1.97e-03h  6
1461  2.8644352e+00 7.89e+00 2.24e-01  -5.6 6.22e-01    -  2.45e-02 1.07e-03h  7
1462  2.8656114e+00 2.03e+00 3.43e-01  -5.6 6.10e-01    -  9.76e-03 9.55e-02h  1
1463  2.8653796e+00 1.96e+00 3.92e-01  -5.6 1.17e-01    -  4.83e-02 3.44e-02h  1
1464  2.8645010e+00 7.81e+00 7.88e-02  -5.6 1.02e-01    -  8.13e-02 2.28e-01h  1
1465  2.8650927e+00 7.44e+00 7.60e-02  -5.6 5.02e-01    -  4.85e-02 4.72e-02h  1
1466  2.8653860e+00 7.25e+00 7.80e-02  -5.6 8.18e-01    -  7.80e-02 2.51e-02h  4
1467  2.8653964e+00 7.24e+00 8.57e-02  -5.6 6.60e-01    -  4.44e-02 1.28e-03h  6
1468  2.8653969e+00 7.24e+00 7.31e-02  -5.6 6.33e-01    -  2.98e-02 4.47e-05h 11
1469  2.8657064e+00 2.26e+00 7.02e-01  -5.6 7.28e-01    -  3.27e-02 3.27e-02s 17
iter    objective    inf_pr   inf_du lg(mu)  ||d||  lg(rg) alpha_du alpha_pr  ls
1470  2.8656547e+00 2.24e+00 6.96e-01  -5.6 1.62e-01    -  9.69e-03 9.69e-03s 17
1471  2.8653345e+00 2.05e+00 7.57e-01  -5.6 1.93e-01    -  1.38e-01 0.00e+00S 17
1472  2.8648179e+00 7.52e+00 8.93e-02  -5.6 3.42e-01    -  2.56e-02 1.22e-01f  2
1473  2.8652901e+00 7.20e+00 9.51e-02  -5.6 7.53e-01    -  3.33e-02 4.27e-02h  2
1474  2.8653708e+00 7.13e+00 1.34e-01  -5.6 9.49e-01    -  8.90e-02 9.88e-03h  5
1475  2.8653842e+00 7.12e+00 1.32e-01  -5.6 9.14e-01    -  4.88e-02 1.61e-03h  8
1476  2.8653931e+00 7.11e+00 2.00e-01  -5.6 9.72e-01    -  4.45e-02 8.41e-04h  9
1477  2.8653948e+00 7.11e+00 1.52e-01  -5.6 1.42e+00    -  2.06e-01 8.05e-04h  9
1478  2.8716401e+00 3.82e+00 2.42e-01  -5.6 1.43e+00    -  2.09e-01 2.66e-01h  1
1479  2.8707856e+00 3.65e+00 2.30e-01  -5.6 5.06e-01    -  1.23e-01 4.40e-02h  1
iter    objective    inf_pr   inf_du lg(mu)  ||d||  lg(rg) alpha_du alpha_pr  ls
1480  2.8676345e+00 2.85e+00 2.49e-01  -5.6 5.82e-01    -  1.74e-01 2.20e-01h  1
1481  2.8715647e+00 2.41e+00 2.65e-01  -5.6 4.52e-01    -  2.82e-01 1.56e-01h  1
1482  2.8688943e+00 2.00e+00 2.23e-01  -5.6 4.06e-01    -  2.68e-01 1.68e-01h  1
1483  2.8685088e+00 1.41e+00 1.52e-01  -5.6 2.27e-01    -  9.90e-02 2.94e-01h  1
1484  2.8665962e+00 1.19e+00 1.31e-01  -5.6 2.69e-01    -  1.52e-01 1.61e-01h  1
1485  2.8651088e+00 6.61e-01 1.18e-01  -5.6 2.49e-01    -  1.85e-01 4.52e-01h  1
1486  2.8620869e+00 4.27e-01 1.51e-01  -5.6 8.33e-02    -  3.36e-01 3.82e-01h  1
1487  2.8612549e+00 1.12e+01 1.42e-01  -5.6 3.88e-02    -  6.64e-01 9.14e-01f  1
1488  2.8612627e+00 1.11e+01 2.15e-01  -5.6 2.71e-01    -  7.59e-02 2.94e-03h  1
1489  2.8642434e+00 8.19e+00 1.01e-01  -5.6 3.78e-01    -  1.73e-01 2.65e-01h  1
iter    objective    inf_pr   inf_du lg(mu)  ||d||  lg(rg) alpha_du alpha_pr  ls
1490  2.8642551e+00 8.03e+00 1.22e-01  -5.6 3.93e-01    -  2.26e-01 1.87e-02h  1
1491  2.8645171e+00 1.85e+00 1.71e-01  -5.6 6.78e-01    -  6.57e-02 7.89e-02h  2
1492  2.8635836e+00 1.45e+00 1.29e-01  -5.6 8.87e-02    -  3.59e-01 2.22e-01h  1
1493  2.8621121e+00 4.57e-01 4.70e-01  -5.6 1.55e-01    -  1.80e-01 7.16e-01f  1
1494  2.8618486e+00 2.29e-01 4.38e-01  -5.6 4.81e-02    -  8.83e-01 5.00e-01f  2
1495  2.8615976e+00 1.83e-01 9.50e-01  -5.6 3.49e-02    -  1.00e+00 1.99e-01h  1
1496  2.8611445e+00 4.91e-03 1.05e-01  -5.6 1.39e-02    -  2.50e-01 1.00e+00f  1
1497  2.8609196e+00 7.44e-04 7.94e-02  -5.6 1.37e-02    -  1.00e+00 1.00e+00h  1
1498  2.8650265e+00 2.01e-03 3.67e-01  -4.9 2.02e-02    -  3.17e-01 6.29e-01h  1
1499  2.8626188e+00 5.87e-03 1.02e-01  -5.3 1.02e-01    -  4.60e-01 1.00e+00h  1
iter    objective    inf_pr   inf_du lg(mu)  ||d||  lg(rg) alpha_du alpha_pr  ls
1500  2.8645026e+00 3.08e-03 2.71e-01  -5.3 8.82e-02    -  7.43e-01 1.00e+00H  1
1501  2.8618642e+00 4.92e-03 7.93e-03  -5.3 8.63e-02    -  1.00e+00 1.00e+00h  1
1502  2.8622509e+00 4.60e-03 5.52e-03  -5.3 1.91e-02    -  1.00e+00 1.00e+00h  1
1503  2.8617336e+00 4.60e-03 3.36e-04  -5.3 1.83e-02    -  1.00e+00 1.00e+00h  1

Number of Iterations....: 1503

                                   (scaled)                 (unscaled)
Objective...............:   2.8617336309186667e+00    2.8617336309186667e+00
Dual infeasibility......:   3.3634249480707937e-04    3.3634249480707937e-04
Constraint violation....:   3.3932592224950042e-04    4.6014173476697784e-03
Variable bound violation:   0.0000000000000000e+00    0.0000000000000000e+00
Complementarity.........:   4.8440362450436296e-06    4.8440362450436296e-06
Overall NLP error.......:   3.3932592224950042e-04    4.6014173476697784e-03


Number of objective function evaluations             = 2284
Number of objective gradient evaluations             = 1504
Number of equality constraint evaluations            = 2284
Number of inequality constraint evaluations          = 0
Number of equality constraint Jacobian evaluations   = 1504
Number of inequality constraint Jacobian evaluations = 0
Number of Lagrangian Hessian evaluations             = 0
Total seconds in IPOPT                               = 6327.972

EXIT: Optimal Solution Found.
         nlp  :   t_proc      (avg)   t_wall      (avg)    n_eval
callback_fun  | 279.88ms (186.09us) 698.22ms (464.24us)      1504
       nlp_f  |  28.80 s ( 12.61ms)   7.75 s (  3.39ms)      2284
       nlp_g  | 241.42 s (105.70ms)  31.42 s ( 13.76ms)      2284
  nlp_grad_f  |   1.82ks (  1.21 s) 200.96 s (133.44ms)      1506
   nlp_jac_g  |  50.40ks ( 33.49 s)   4.82ks (  3.20 s)      1505
       total  |  65.53ks ( 65.53ks)   6.33ks (  6.33ks)         1

Breakdown of objective (including weights):
  marker_tracking: 2.11287
  control_effort: 0.645127
  accelerations: 0.103741
[info] Set log level to Info.
[info] ------------------------------------------------------------------------
[info] Elapsed real time: 6399 second(s) (1 hour(s), 46 minute(s), 39 second(s)).
[info] Tue Jun  2 21:34:40 2026
[info] MocoCasADiSolver succeeded!
[info] ========================================================================
[info] Storage: read data file = SRRun01_grf.mot (nr=10005 nc=19)
[info] ExternalForce::RightGRF Data source being set to SRRun01_grf
[info] ExternalForce::LeftGRF Data source being set to SRRun01_grf
[warning] Ignoring output /forceset/addbrev_r|implicitenabled_normalized_tendon_force of type bool.
[warning] Ignoring output /forceset/addbrev_r|statebounds_normalized_tendon_force of type Vec2.
[warning] Ignoring output /forceset/addlong_r|implicitenabled_normalized_tendon_force of type bool.
[warning] Ignoring output /forceset/addlong_r|statebounds_normalized_tendon_force of type Vec2.
[warning] Ignoring output /forceset/addmagDist_r|implicitenabled_normalized_tendon_force of type bool.
[warning] Ignoring output /forceset/addmagDist_r|statebounds_normalized_tendon_force of type Vec2.
[warning] Ignoring output /forceset/addmagIsch_r|implicitenabled_normalized_tendon_force of type bool.
[warning] Ignoring output /forceset/addmagIsch_r|statebounds_normalized_tendon_force of type Vec2.
[warning] Ignoring output /forceset/addmagMid_r|implicitenabled_normalized_tendon_force of type bool.
[warning] Ignoring output /forceset/addmagMid_r|statebounds_normalized_tendon_force of type Vec2.
[warning] Ignoring output /forceset/addmagProx_r|implicitenabled_normalized_tendon_force of type bool.
[warning] Ignoring output /forceset/addmagProx_r|statebounds_normalized_tendon_force of type Vec2.
[warning] Ignoring output /forceset/bflh_r|implicitenabled_normalized_tendon_force of type bool.
[warning] Ignoring output /forceset/bflh_r|statebounds_normalized_tendon_force of type Vec2.
[warning] Ignoring output /forceset/bfsh_r|implicitenabled_normalized_tendon_force of type bool.
[warning] Ignoring output /forceset/bfsh_r|statebounds_normalized_tendon_force of type Vec2.
[warning] Ignoring output /forceset/edl_r|implicitenabled_normalized_tendon_force of type bool.
[warning] Ignoring output /forceset/edl_r|statebounds_normalized_tendon_force of type Vec2.
[warning] Ignoring output /forceset/ehl_r|implicitenabled_normalized_tendon_force of type bool.
[warning] Ignoring output /forceset/ehl_r|statebounds_normalized_tendon_force of type Vec2.
[warning] Ignoring output /forceset/fdl_r|implicitenabled_normalized_tendon_force of type bool.
[warning] Ignoring output /forceset/fdl_r|statebounds_normalized_tendon_force of type Vec2.
[warning] Ignoring output /forceset/fhl_r|implicitenabled_normalized_tendon_force of type bool.
[warning] Ignoring output /forceset/fhl_r|statebounds_normalized_tendon_force of type Vec2.
[warning] Ignoring output /forceset/gaslat_r|implicitenabled_normalized_tendon_force of type bool.
[warning] Ignoring output /forceset/gaslat_r|statebounds_normalized_tendon_force of type Vec2.
[warning] Ignoring output /forceset/gasmed_r|implicitenabled_normalized_tendon_force of type bool.
[warning] Ignoring output /forceset/gasmed_r|statebounds_normalized_tendon_force of type Vec2.
[warning] Ignoring output /forceset/glmax1_r|implicitenabled_normalized_tendon_force of type bool.
[warning] Ignoring output /forceset/glmax1_r|statebounds_normalized_tendon_force of type Vec2.
[warning] Ignoring output /forceset/glmax2_r|implicitenabled_normalized_tendon_force of type bool.
[warning] Ignoring output /forceset/glmax2_r|statebounds_normalized_tendon_force of type Vec2.
[warning] Ignoring output /forceset/glmax3_r|implicitenabled_normalized_tendon_force of type bool.
[warning] Ignoring output /forceset/glmax3_r|statebounds_normalized_tendon_force of type Vec2.
[warning] Ignoring output /forceset/glmed1_r|implicitenabled_normalized_tendon_force of type bool.
[warning] Ignoring output /forceset/glmed1_r|statebounds_normalized_tendon_force of type Vec2.
[warning] Ignoring output /forceset/glmed2_r|implicitenabled_normalized_tendon_force of type bool.
[warning] Ignoring output /forceset/glmed2_r|statebounds_normalized_tendon_force of type Vec2.
[warning] Ignoring output /forceset/glmed3_r|implicitenabled_normalized_tendon_force of type bool.
[warning] Ignoring output /forceset/glmed3_r|statebounds_normalized_tendon_force of type Vec2.
[warning] Ignoring output /forceset/glmin1_r|implicitenabled_normalized_tendon_force of type bool.
[warning] Ignoring output /forceset/glmin1_r|statebounds_normalized_tendon_force of type Vec2.
[warning] Ignoring output /forceset/glmin2_r|implicitenabled_normalized_tendon_force of type bool.
[warning] Ignoring output /forceset/glmin2_r|statebounds_normalized_tendon_force of type Vec2.
[warning] Ignoring output /forceset/glmin3_r|implicitenabled_normalized_tendon_force of type bool.
[warning] Ignoring output /forceset/glmin3_r|statebounds_normalized_tendon_force of type Vec2.
[warning] Ignoring output /forceset/grac_r|implicitenabled_normalized_tendon_force of type bool.
[warning] Ignoring output /forceset/grac_r|statebounds_normalized_tendon_force of type Vec2.
[warning] Ignoring output /forceset/iliacus_r|implicitenabled_normalized_tendon_force of type bool.
[warning] Ignoring output /forceset/iliacus_r|statebounds_normalized_tendon_force of type Vec2.
[warning] Ignoring output /forceset/perbrev_r|implicitenabled_normalized_tendon_force of type bool.
[warning] Ignoring output /forceset/perbrev_r|statebounds_normalized_tendon_force of type Vec2.
[warning] Ignoring output /forceset/perlong_r|implicitenabled_normalized_tendon_force of type bool.
[warning] Ignoring output /forceset/perlong_r|statebounds_normalized_tendon_force of type Vec2.
[warning] Ignoring output /forceset/piri_r|implicitenabled_normalized_tendon_force of type bool.
[warning] Ignoring output /forceset/piri_r|statebounds_normalized_tendon_force of type Vec2.
[warning] Ignoring output /forceset/psoas_r|implicitenabled_normalized_tendon_force of type bool.
[warning] Ignoring output /forceset/psoas_r|statebounds_normalized_tendon_force of type Vec2.
[warning] Ignoring output /forceset/recfem_r|implicitenabled_normalized_tendon_force of type bool.
[warning] Ignoring output /forceset/recfem_r|statebounds_normalized_tendon_force of type Vec2.
[warning] Ignoring output /forceset/sart_r|implicitenabled_normalized_tendon_force of type bool.
[warning] Ignoring output /forceset/sart_r|statebounds_normalized_tendon_force of type Vec2.
[warning] Ignoring output /forceset/semimem_r|implicitenabled_normalized_tendon_force of type bool.
[warning] Ignoring output /forceset/semimem_r|statebounds_normalized_tendon_force of type Vec2.
[warning] Ignoring output /forceset/semiten_r|implicitenabled_normalized_tendon_force of type bool.
[warning] Ignoring output /forceset/semiten_r|statebounds_normalized_tendon_force of type Vec2.
[warning] Ignoring output /forceset/soleus_r|implicitenabled_normalized_tendon_force of type bool.
[warning] Ignoring output /forceset/soleus_r|statebounds_normalized_tendon_force of type Vec2.
[warning] Ignoring output /forceset/tfl_r|implicitenabled_normalized_tendon_force of type bool.
[warning] Ignoring output /forceset/tfl_r|statebounds_normalized_tendon_force of type Vec2.
[warning] Ignoring output /forceset/tibant_r|implicitenabled_normalized_tendon_force of type bool.
[warning] Ignoring output /forceset/tibant_r|statebounds_normalized_tendon_force of type Vec2.
[warning] Ignoring output /forceset/tibpost_r|implicitenabled_normalized_tendon_force of type bool.
[warning] Ignoring output /forceset/tibpost_r|statebounds_normalized_tendon_force of type Vec2.
[warning] Ignoring output /forceset/vasint_r|implicitenabled_normalized_tendon_force of type bool.
[warning] Ignoring output /forceset/vasint_r|statebounds_normalized_tendon_force of type Vec2.
[warning] Ignoring output /forceset/vaslat_r|implicitenabled_normalized_tendon_force of type bool.
[warning] Ignoring output /forceset/vaslat_r|statebounds_normalized_tendon_force of type Vec2.
[warning] Ignoring output /forceset/vasmed_r|implicitenabled_normalized_tendon_force of type bool.
[warning] Ignoring output /forceset/vasmed_r|statebounds_normalized_tendon_force of type Vec2.
[info] Storage: read data file = SRRun01_grf.mot (nr=10005 nc=19)
[info] ExternalForce::RightGRF Data source being set to SRRun01_grf
[info] ExternalForce::LeftGRF Data source being set to SRRun01_grf
[info] Storage: read data file = SRRun01_grf.mot (nr=10005 nc=19)
[info] ExternalForce::RightGRF Data source being set to SRRun01_grf
[info] ExternalForce::LeftGRF Data source being set to SRRun01_grf
[info] Storage: read data file = SRRun01_grf.mot (nr=10005 nc=19)
[info] ExternalForce::RightGRF Data source being set to SRRun01_grf
[info] ExternalForce::LeftGRF Data source being set to SRRun01_grf
[info] Storage: read data file = SRRun01_grf.mot (nr=10005 nc=19)
[info] ExternalForce::RightGRF Data source being set to SRRun01_grf
[info] ExternalForce::LeftGRF Data source being set to SRRun01_grf
[info] Storage: read data file = SRRun01_grf.mot (nr=10005 nc=19)
[info] ExternalForce::RightGRF Data source being set to SRRun01_grf
[info] ExternalForce::LeftGRF Data source being set to SRRun01_grf
