[info] Loaded model HA12_complex from file ../../../../../data/Loone2025/HA12/scaling/HA12_complex.osim
[info] Storage: read data file = SRRun02_grf.mot (nr=10005 nc=19)
[info] ExternalForce::RightGRF Data source being set to SRRun02_grf
[info] ExternalForce::LeftGRF Data source being set to SRRun02_grf
[info] Storage: read data file = SRRun02_grf.mot (nr=10005 nc=19)
[info] ExternalForce::RightGRF Data source being set to SRRun02_grf
[info] ExternalForce::LeftGRF Data source being set to SRRun02_grf
[info] Loaded model HA12_complex from file HA12_SRRun_dynamic-optimisation_complex.osim
[info] Storage: read data file = SRRun02_grf.mot (nr=10005 nc=19)
[info] ExternalForce::RightGRF Data source being set to SRRun02_grf
[info] ExternalForce::LeftGRF Data source being set to SRRun02_grf
[info] Storage: read data file = SRRun02_grf.mot (nr=10005 nc=19)
[info] ExternalForce::RightGRF Data source being set to SRRun02_grf
[info] ExternalForce::LeftGRF Data source being set to SRRun02_grf
[info] Loaded model HA12_complex from file HA12_SRRun_dynamic-optimisation_complex.osim
[info] Storage: read data file = SRRun02_grf.mot (nr=10005 nc=19)
[info] ExternalForce::RightGRF Data source being set to SRRun02_grf
[info] ExternalForce::LeftGRF Data source being set to SRRun02_grf
[info] Storage: read data file = SRRun02_grf.mot (nr=10005 nc=19)
[info] ExternalForce::RightGRF Data source being set to SRRun02_grf
[info] ExternalForce::LeftGRF Data source being set to SRRun02_grf
[info] Storage: read data file = SRRun02_grf.mot (nr=10005 nc=19)
[info] ExternalForce::RightGRF Data source being set to SRRun02_grf
[info] ExternalForce::LeftGRF Data source being set to SRRun02_grf
[info] Storage: read data file = SRRun02_grf.mot (nr=10005 nc=19)
[info] ExternalForce::RightGRF Data source being set to SRRun02_grf
[info] ExternalForce::LeftGRF Data source being set to SRRun02_grf
[info] Storage: read data file = SRRun02_grf.mot (nr=10005 nc=19)
[info] ExternalForce::RightGRF Data source being set to SRRun02_grf
[info] ExternalForce::LeftGRF Data source being set to SRRun02_grf
[info] Storage: read data file = SRRun02_grf.mot (nr=10005 nc=19)
[info] ExternalForce::RightGRF Data source being set to SRRun02_grf
[info] ExternalForce::LeftGRF Data source being set to SRRun02_grf
[info] Storage: read data file = SRRun02_grf.mot (nr=10005 nc=19)
[info] ExternalForce::RightGRF Data source being set to SRRun02_grf
[info] ExternalForce::LeftGRF Data source being set to SRRun02_grf
[info] Storage: read data file = SRRun02_grf.mot (nr=10005 nc=19)
[info] ExternalForce::RightGRF Data source being set to SRRun02_grf
[info] ExternalForce::LeftGRF Data source being set to SRRun02_grf
[info] Storage: read data file = SRRun02_grf.mot (nr=10005 nc=19)
[info] ExternalForce::RightGRF Data source being set to SRRun02_grf
[info] ExternalForce::LeftGRF Data source being set to SRRun02_grf
[info] Storage: read data file = SRRun02_grf.mot (nr=10005 nc=19)
[info] ExternalForce::RightGRF Data source being set to SRRun02_grf
[info] ExternalForce::LeftGRF Data source being set to SRRun02_grf
[info] Storage: read data file = SRRun02_grf.mot (nr=10005 nc=19)
[info] ExternalForce::RightGRF Data source being set to SRRun02_grf
[info] ExternalForce::LeftGRF Data source being set to SRRun02_grf
[info] Storage: read data file = SRRun02_grf.mot (nr=10005 nc=19)
[info] ExternalForce::RightGRF Data source being set to SRRun02_grf
[info] ExternalForce::LeftGRF Data source being set to SRRun02_grf
[info] Storage: read data file = SRRun02_grf.mot (nr=10005 nc=19)
[info] ExternalForce::RightGRF Data source being set to SRRun02_grf
[info] ExternalForce::LeftGRF Data source being set to SRRun02_grf
[info] Storage: read data file = SRRun02_grf.mot (nr=10005 nc=19)
[info] ExternalForce::RightGRF Data source being set to SRRun02_grf
[info] ExternalForce::LeftGRF Data source being set to SRRun02_grf
[info] Storage: read data file = SRRun02_grf.mot (nr=10005 nc=19)
[info] ExternalForce::RightGRF Data source being set to SRRun02_grf
[info] ExternalForce::LeftGRF Data source being set to SRRun02_grf
[info] Storage: read data file = SRRun02_grf.mot (nr=10005 nc=19)
[info] ExternalForce::RightGRF Data source being set to SRRun02_grf
[info] ExternalForce::LeftGRF Data source being set to SRRun02_grf
[info] Storage: read data file = SRRun02_grf.mot (nr=10005 nc=19)
[info] ExternalForce::RightGRF Data source being set to SRRun02_grf
[info] ExternalForce::LeftGRF Data source being set to SRRun02_grf
[info] Storage: read data file = SRRun02_grf.mot (nr=10005 nc=19)
[info] ExternalForce::RightGRF Data source being set to SRRun02_grf
[info] ExternalForce::LeftGRF Data source being set to SRRun02_grf
[info] Storage: read data file = SRRun02_grf.mot (nr=10005 nc=19)
[info] ExternalForce::RightGRF Data source being set to SRRun02_grf
[info] ExternalForce::LeftGRF Data source being set to SRRun02_grf
[info] Storage: read data file = SRRun02_grf.mot (nr=10005 nc=19)
[info] ExternalForce::RightGRF Data source being set to SRRun02_grf
[info] ExternalForce::LeftGRF Data source being set to SRRun02_grf
[info] Storage: read data file = SRRun02_grf.mot (nr=10005 nc=19)
[info] ExternalForce::RightGRF Data source being set to SRRun02_grf
[info] ExternalForce::LeftGRF Data source being set to SRRun02_grf
[info] Storage: read data file = SRRun02_grf.mot (nr=10005 nc=19)
[info] ExternalForce::RightGRF Data source being set to SRRun02_grf
[info] ExternalForce::LeftGRF Data source being set to SRRun02_grf
[info] Storage: read data file = SRRun02_grf.mot (nr=10005 nc=19)
[info] ExternalForce::RightGRF Data source being set to SRRun02_grf
[info] ExternalForce::LeftGRF Data source being set to SRRun02_grf
[info] Storage: read data file = SRRun02_grf.mot (nr=10005 nc=19)
[info] ExternalForce::RightGRF Data source being set to SRRun02_grf
[info] ExternalForce::LeftGRF Data source being set to SRRun02_grf
[info] Storage: read data file = SRRun02_grf.mot (nr=10005 nc=19)
[info] ExternalForce::RightGRF Data source being set to SRRun02_grf
[info] ExternalForce::LeftGRF Data source being set to SRRun02_grf
[info] Storage: read data file = SRRun02_grf.mot (nr=10005 nc=19)
[info] ExternalForce::RightGRF Data source being set to SRRun02_grf
[info] ExternalForce::LeftGRF Data source being set to SRRun02_grf
[info] Storage: read data file = SRRun02_grf.mot (nr=10005 nc=19)
[info] ExternalForce::RightGRF Data source being set to SRRun02_grf
[info] ExternalForce::LeftGRF Data source being set to SRRun02_grf
[info] Storage: read data file = SRRun02_grf.mot (nr=10005 nc=19)
[info] ExternalForce::RightGRF Data source being set to SRRun02_grf
[info] ExternalForce::LeftGRF Data source being set to SRRun02_grf
[info] Storage: read data file = SRRun02_grf.mot (nr=10005 nc=19)
[info] ExternalForce::RightGRF Data source being set to SRRun02_grf
[info] ExternalForce::LeftGRF Data source being set to SRRun02_grf
[info] Storage: read data file = SRRun02_grf.mot (nr=10005 nc=19)
[info] ExternalForce::RightGRF Data source being set to SRRun02_grf
[info] ExternalForce::LeftGRF Data source being set to SRRun02_grf
[info] Storage: read data file = SRRun02_grf.mot (nr=10005 nc=19)
[info] ExternalForce::RightGRF Data source being set to SRRun02_grf
[info] ExternalForce::LeftGRF Data source being set to SRRun02_grf
[info] Storage: read data file = SRRun02_grf.mot (nr=10005 nc=19)
[info] ExternalForce::RightGRF Data source being set to SRRun02_grf
[info] ExternalForce::LeftGRF Data source being set to SRRun02_grf
[info] Storage: read data file = SRRun02_grf.mot (nr=10005 nc=19)
[info] ExternalForce::RightGRF Data source being set to SRRun02_grf
[info] ExternalForce::LeftGRF Data source being set to SRRun02_grf
[info] Storage: read data file = SRRun02_grf.mot (nr=10005 nc=19)
[info] ExternalForce::RightGRF Data source being set to SRRun02_grf
[info] ExternalForce::LeftGRF Data source being set to SRRun02_grf
[info] Storage: read data file = SRRun02_grf.mot (nr=10005 nc=19)
[info] ExternalForce::RightGRF Data source being set to SRRun02_grf
[info] ExternalForce::LeftGRF Data source being set to SRRun02_grf
[info] Storage: read data file = SRRun02_grf.mot (nr=10005 nc=19)
[info] ExternalForce::RightGRF Data source being set to SRRun02_grf
[info] ExternalForce::LeftGRF Data source being set to SRRun02_grf
[info] Storage: read data file = SRRun02_grf.mot (nr=10005 nc=19)
[info] ExternalForce::RightGRF Data source being set to SRRun02_grf
[info] ExternalForce::LeftGRF Data source being set to SRRun02_grf
[info] Storage: read data file = SRRun02_grf.mot (nr=10005 nc=19)
[info] ExternalForce::RightGRF Data source being set to SRRun02_grf
[info] ExternalForce::LeftGRF Data source being set to SRRun02_grf
[info] Storage: read data file = SRRun02_grf.mot (nr=10005 nc=19)
[info] ExternalForce::RightGRF Data source being set to SRRun02_grf
[info] ExternalForce::LeftGRF Data source being set to SRRun02_grf
[info] Storage: read data file = SRRun02_grf.mot (nr=10005 nc=19)
[info] ExternalForce::RightGRF Data source being set to SRRun02_grf
[info] ExternalForce::LeftGRF Data source being set to SRRun02_grf
[info] Storage: read data file = SRRun02_grf.mot (nr=10005 nc=19)
[info] ExternalForce::RightGRF Data source being set to SRRun02_grf
[info] ExternalForce::LeftGRF Data source being set to SRRun02_grf
[info] Storage: read data file = SRRun02_grf.mot (nr=10005 nc=19)
[info] ExternalForce::RightGRF Data source being set to SRRun02_grf
[info] ExternalForce::LeftGRF Data source being set to SRRun02_grf
[info] Storage: read data file = SRRun02_grf.mot (nr=10005 nc=19)
[info] ExternalForce::RightGRF Data source being set to SRRun02_grf
[info] ExternalForce::LeftGRF Data source being set to SRRun02_grf
[info] Storage: read data file = SRRun02_grf.mot (nr=10005 nc=19)
[info] ExternalForce::RightGRF Data source being set to SRRun02_grf
[info] ExternalForce::LeftGRF Data source being set to SRRun02_grf
[info] Storage: read data file = SRRun02_grf.mot (nr=10005 nc=19)
[info] ExternalForce::RightGRF Data source being set to SRRun02_grf
[info] ExternalForce::LeftGRF Data source being set to SRRun02_grf
[info] Storage: read data file = SRRun02_grf.mot (nr=10005 nc=19)
[info] ExternalForce::RightGRF Data source being set to SRRun02_grf
[info] ExternalForce::LeftGRF Data source being set to SRRun02_grf
[info] Storage: read data file = SRRun02_grf.mot (nr=10005 nc=19)
[info] ExternalForce::RightGRF Data source being set to SRRun02_grf
[info] ExternalForce::LeftGRF Data source being set to SRRun02_grf
[info] Storage: read data file = SRRun02_grf.mot (nr=10005 nc=19)
[info] ExternalForce::RightGRF Data source being set to SRRun02_grf
[info] ExternalForce::LeftGRF Data source being set to SRRun02_grf
[info] Storage: read data file = SRRun02_grf.mot (nr=10005 nc=19)
[info] ExternalForce::RightGRF Data source being set to SRRun02_grf
[info] ExternalForce::LeftGRF Data source being set to SRRun02_grf
[info] Storage: read data file = SRRun02_grf.mot (nr=10005 nc=19)
[info] ExternalForce::RightGRF Data source being set to SRRun02_grf
[info] ExternalForce::LeftGRF Data source being set to SRRun02_grf
[info] Storage: read data file = SRRun02_grf.mot (nr=10005 nc=19)
[info] ExternalForce::RightGRF Data source being set to SRRun02_grf
[info] ExternalForce::LeftGRF Data source being set to SRRun02_grf
[info] Storage: read data file = SRRun02_grf.mot (nr=10005 nc=19)
[info] ExternalForce::RightGRF Data source being set to SRRun02_grf
[info] ExternalForce::LeftGRF Data source being set to SRRun02_grf
[info] Storage: read data file = SRRun02_grf.mot (nr=10005 nc=19)
[info] ExternalForce::RightGRF Data source being set to SRRun02_grf
[info] ExternalForce::LeftGRF Data source being set to SRRun02_grf
[info] Storage: read data file = SRRun02_grf.mot (nr=10005 nc=19)
[info] ExternalForce::RightGRF Data source being set to SRRun02_grf
[info] ExternalForce::LeftGRF Data source being set to SRRun02_grf
[info] Storage: read data file = SRRun02_grf.mot (nr=10005 nc=19)
[info] ExternalForce::RightGRF Data source being set to SRRun02_grf
[info] ExternalForce::LeftGRF Data source being set to SRRun02_grf
[info] Storage: read data file = SRRun02_grf.mot (nr=10005 nc=19)
[info] ExternalForce::RightGRF Data source being set to SRRun02_grf
[info] ExternalForce::LeftGRF Data source being set to SRRun02_grf
[info] Storage: read data file = SRRun02_grf.mot (nr=10005 nc=19)
[info] ExternalForce::RightGRF Data source being set to SRRun02_grf
[info] ExternalForce::LeftGRF Data source being set to SRRun02_grf
[info] Storage: read data file = SRRun02_grf.mot (nr=10005 nc=19)
[info] ExternalForce::RightGRF Data source being set to SRRun02_grf
[info] ExternalForce::LeftGRF Data source being set to SRRun02_grf
[info] Storage: read data file = SRRun02_grf.mot (nr=10005 nc=19)
[info] ExternalForce::RightGRF Data source being set to SRRun02_grf
[info] ExternalForce::LeftGRF Data source being set to SRRun02_grf
[info] Storage: read data file = SRRun02_grf.mot (nr=10005 nc=19)
[info] ExternalForce::RightGRF Data source being set to SRRun02_grf
[info] ExternalForce::LeftGRF Data source being set to SRRun02_grf
[info] Storage: read data file = SRRun02_grf.mot (nr=10005 nc=19)
[info] ExternalForce::RightGRF Data source being set to SRRun02_grf
[info] ExternalForce::LeftGRF Data source being set to SRRun02_grf
[info] Storage: read data file = SRRun02_grf.mot (nr=10005 nc=19)
[info] ExternalForce::RightGRF Data source being set to SRRun02_grf
[info] ExternalForce::LeftGRF Data source being set to SRRun02_grf
[info] Storage: read data file = SRRun02_grf.mot (nr=10005 nc=19)
[info] ExternalForce::RightGRF Data source being set to SRRun02_grf
[info] ExternalForce::LeftGRF Data source being set to SRRun02_grf
[info] Storage: read data file = SRRun02_grf.mot (nr=10005 nc=19)
[info] ExternalForce::RightGRF Data source being set to SRRun02_grf
[info] ExternalForce::LeftGRF Data source being set to SRRun02_grf
[info] Storage: read data file = SRRun02_grf.mot (nr=10005 nc=19)
[info] ExternalForce::RightGRF Data source being set to SRRun02_grf
[info] ExternalForce::LeftGRF Data source being set to SRRun02_grf
[info] Storage: read data file = SRRun02_grf.mot (nr=10005 nc=19)
[info] ExternalForce::RightGRF Data source being set to SRRun02_grf
[info] ExternalForce::LeftGRF Data source being set to SRRun02_grf
[info] Storage: read data file = SRRun02_grf.mot (nr=10005 nc=19)
[info] ExternalForce::RightGRF Data source being set to SRRun02_grf
[info] ExternalForce::LeftGRF Data source being set to SRRun02_grf
[info] Storage: read data file = SRRun02_grf.mot (nr=10005 nc=19)
[info] ExternalForce::RightGRF Data source being set to SRRun02_grf
[info] ExternalForce::LeftGRF Data source being set to SRRun02_grf
[info] Storage: read data file = SRRun02_grf.mot (nr=10005 nc=19)
[info] ExternalForce::RightGRF Data source being set to SRRun02_grf
[info] ExternalForce::LeftGRF Data source being set to SRRun02_grf
[info] Storage: read data file = SRRun02_grf.mot (nr=10005 nc=19)
[info] ExternalForce::RightGRF Data source being set to SRRun02_grf
[info] ExternalForce::LeftGRF Data source being set to SRRun02_grf
[info] Storage: read data file = SRRun02_grf.mot (nr=10005 nc=19)
[info] ExternalForce::RightGRF Data source being set to SRRun02_grf
[info] ExternalForce::LeftGRF Data source being set to SRRun02_grf
[info] Storage: read data file = SRRun02_grf.mot (nr=10005 nc=19)
[info] ExternalForce::RightGRF Data source being set to SRRun02_grf
[info] ExternalForce::LeftGRF Data source being set to SRRun02_grf
[info] Storage: read data file = SRRun02_grf.mot (nr=10005 nc=19)
[info] ExternalForce::RightGRF Data source being set to SRRun02_grf
[info] ExternalForce::LeftGRF Data source being set to SRRun02_grf
[info] Storage: read data file = SRRun02_grf.mot (nr=10005 nc=19)
[info] ExternalForce::RightGRF Data source being set to SRRun02_grf
[info] ExternalForce::LeftGRF Data source being set to SRRun02_grf
[info] Storage: read data file = SRRun02_grf.mot (nr=10005 nc=19)
[info] ExternalForce::RightGRF Data source being set to SRRun02_grf
[info] ExternalForce::LeftGRF Data source being set to SRRun02_grf
[info] Storage: read data file = SRRun02_grf.mot (nr=10005 nc=19)
[info] ExternalForce::RightGRF Data source being set to SRRun02_grf
[info] ExternalForce::LeftGRF Data source being set to SRRun02_grf
[info] Storage: read data file = SRRun02_grf.mot (nr=10005 nc=19)
[info] ExternalForce::RightGRF Data source being set to SRRun02_grf
[info] ExternalForce::LeftGRF Data source being set to SRRun02_grf
[info] Storage: read data file = SRRun02_grf.mot (nr=10005 nc=19)
[info] ExternalForce::RightGRF Data source being set to SRRun02_grf
[info] ExternalForce::LeftGRF Data source being set to SRRun02_grf
[info] Storage: read data file = SRRun02_grf.mot (nr=10005 nc=19)
[info] ExternalForce::RightGRF Data source being set to SRRun02_grf
[info] ExternalForce::LeftGRF Data source being set to SRRun02_grf
[info] Storage: read data file = SRRun02_grf.mot (nr=10005 nc=19)
[info] ExternalForce::RightGRF Data source being set to SRRun02_grf
[info] ExternalForce::LeftGRF Data source being set to SRRun02_grf
[info] Storage: read data file = SRRun02_grf.mot (nr=10005 nc=19)
[info] ExternalForce::RightGRF Data source being set to SRRun02_grf
[info] ExternalForce::LeftGRF Data source being set to SRRun02_grf
[info] Storage: read data file = SRRun02_grf.mot (nr=10005 nc=19)
[info] ExternalForce::RightGRF Data source being set to SRRun02_grf
[info] ExternalForce::LeftGRF Data source being set to SRRun02_grf
[info] Storage: read data file = SRRun02_grf.mot (nr=10005 nc=19)
[info] ExternalForce::RightGRF Data source being set to SRRun02_grf
[info] ExternalForce::LeftGRF Data source being set to SRRun02_grf
[info] Storage: read data file = SRRun02_grf.mot (nr=10005 nc=19)
[info] ExternalForce::RightGRF Data source being set to SRRun02_grf
[info] ExternalForce::LeftGRF Data source being set to SRRun02_grf
[info] Storage: read data file = SRRun02_grf.mot (nr=10005 nc=19)
[info] ExternalForce::RightGRF Data source being set to SRRun02_grf
[info] ExternalForce::LeftGRF Data source being set to SRRun02_grf
[info] Storage: read data file = SRRun02_grf.mot (nr=10005 nc=19)
[info] ExternalForce::RightGRF Data source being set to SRRun02_grf
[info] ExternalForce::LeftGRF Data source being set to SRRun02_grf
[info] Storage: read data file = SRRun02_grf.mot (nr=10005 nc=19)
[info] ExternalForce::RightGRF Data source being set to SRRun02_grf
[info] ExternalForce::LeftGRF Data source being set to SRRun02_grf
[info] Storage: read data file = SRRun02_grf.mot (nr=10005 nc=19)
[info] ExternalForce::RightGRF Data source being set to SRRun02_grf
[info] ExternalForce::LeftGRF Data source being set to SRRun02_grf
[info] Storage: read data file = SRRun02_grf.mot (nr=10005 nc=19)
[info] ExternalForce::RightGRF Data source being set to SRRun02_grf
[info] ExternalForce::LeftGRF Data source being set to SRRun02_grf
[info] Storage: read data file = SRRun02_grf.mot (nr=10005 nc=19)
[info] ExternalForce::RightGRF Data source being set to SRRun02_grf
[info] ExternalForce::LeftGRF Data source being set to SRRun02_grf
[info] Storage: read data file = SRRun02_grf.mot (nr=10005 nc=19)
[info] ExternalForce::RightGRF Data source being set to SRRun02_grf
[info] ExternalForce::LeftGRF Data source being set to SRRun02_grf
[info] Storage: read data file = SRRun02_grf.mot (nr=10005 nc=19)
[info] ExternalForce::RightGRF Data source being set to SRRun02_grf
[info] ExternalForce::LeftGRF Data source being set to SRRun02_grf
[info] Storage: read data file = SRRun02_grf.mot (nr=10005 nc=19)
[info] ExternalForce::RightGRF Data source being set to SRRun02_grf
[info] ExternalForce::LeftGRF Data source being set to SRRun02_grf
[info] Storage: read data file = SRRun02_grf.mot (nr=10005 nc=19)
[info] ExternalForce::RightGRF Data source being set to SRRun02_grf
[info] ExternalForce::LeftGRF Data source being set to SRRun02_grf
[info] Storage: read data file = SRRun02_grf.mot (nr=10005 nc=19)
[info] ExternalForce::RightGRF Data source being set to SRRun02_grf
[info] ExternalForce::LeftGRF Data source being set to SRRun02_grf
[info] Storage: read data file = SRRun02_grf.mot (nr=10005 nc=19)
[info] ExternalForce::RightGRF Data source being set to SRRun02_grf
[info] ExternalForce::LeftGRF Data source being set to SRRun02_grf
[info] Storage: read data file = SRRun02_grf.mot (nr=10005 nc=19)
[info] ExternalForce::RightGRF Data source being set to SRRun02_grf
[info] ExternalForce::LeftGRF Data source being set to SRRun02_grf
[info] Storage: read data file = SRRun02_grf.mot (nr=10005 nc=19)
[info] ExternalForce::RightGRF Data source being set to SRRun02_grf
[info] ExternalForce::LeftGRF Data source being set to SRRun02_grf
[info] Storage: read data file = SRRun02_grf.mot (nr=10005 nc=19)
[info] ExternalForce::RightGRF Data source being set to SRRun02_grf
[info] ExternalForce::LeftGRF Data source being set to SRRun02_grf
[info] Storage: read data file = SRRun02_grf.mot (nr=10005 nc=19)
[info] ExternalForce::RightGRF Data source being set to SRRun02_grf
[info] ExternalForce::LeftGRF Data source being set to SRRun02_grf
[info] Storage: read data file = SRRun02_grf.mot (nr=10005 nc=19)
[info] ExternalForce::RightGRF Data source being set to SRRun02_grf
[info] ExternalForce::LeftGRF Data source being set to SRRun02_grf
[info] Storage: read data file = SRRun02_grf.mot (nr=10005 nc=19)
[info] ExternalForce::RightGRF Data source being set to SRRun02_grf
[info] ExternalForce::LeftGRF Data source being set to SRRun02_grf
[info] Storage: read data file = SRRun02_grf.mot (nr=10005 nc=19)
[info] ExternalForce::RightGRF Data source being set to SRRun02_grf
[info] ExternalForce::LeftGRF Data source being set to SRRun02_grf
[info] Storage: read data file = SRRun02_grf.mot (nr=10005 nc=19)
[info] ExternalForce::RightGRF Data source being set to SRRun02_grf
[info] ExternalForce::LeftGRF Data source being set to SRRun02_grf
[info] Storage: read data file = SRRun02_grf.mot (nr=10005 nc=19)
[info] ExternalForce::RightGRF Data source being set to SRRun02_grf
[info] ExternalForce::LeftGRF Data source being set to SRRun02_grf
[info] Storage: read data file = SRRun02_grf.mot (nr=10005 nc=19)
[info] ExternalForce::RightGRF Data source being set to SRRun02_grf
[info] ExternalForce::LeftGRF Data source being set to SRRun02_grf
[info] Storage: read data file = SRRun02_grf.mot (nr=10005 nc=19)
[info] ExternalForce::RightGRF Data source being set to SRRun02_grf
[info] ExternalForce::LeftGRF Data source being set to SRRun02_grf
[info] Storage: read data file = SRRun02_grf.mot (nr=10005 nc=19)
[info] ExternalForce::RightGRF Data source being set to SRRun02_grf
[info] ExternalForce::LeftGRF Data source being set to SRRun02_grf
[info] Storage: read data file = SRRun02_grf.mot (nr=10005 nc=19)
[info] ExternalForce::RightGRF Data source being set to SRRun02_grf
[info] ExternalForce::LeftGRF Data source being set to SRRun02_grf
[info] Storage: read data file = SRRun02_grf.mot (nr=10005 nc=19)
[info] ExternalForce::RightGRF Data source being set to SRRun02_grf
[info] ExternalForce::LeftGRF Data source being set to SRRun02_grf
[info] Storage: read data file = SRRun02_grf.mot (nr=10005 nc=19)
[info] ExternalForce::RightGRF Data source being set to SRRun02_grf
[info] ExternalForce::LeftGRF Data source being set to SRRun02_grf
[info] Storage: read data file = SRRun02_grf.mot (nr=10005 nc=19)
[info] ExternalForce::RightGRF Data source being set to SRRun02_grf
[info] ExternalForce::LeftGRF Data source being set to SRRun02_grf
[info] Storage: read data file = SRRun02_grf.mot (nr=10005 nc=19)
[info] ExternalForce::RightGRF Data source being set to SRRun02_grf
[info] ExternalForce::LeftGRF Data source being set to SRRun02_grf
[info] Storage: read data file = SRRun02_grf.mot (nr=10005 nc=19)
[info] ExternalForce::RightGRF Data source being set to SRRun02_grf
[info] ExternalForce::LeftGRF Data source being set to SRRun02_grf
[info] Storage: read data file = SRRun02_grf.mot (nr=10005 nc=19)
[info] ExternalForce::RightGRF Data source being set to SRRun02_grf
[info] ExternalForce::LeftGRF Data source being set to SRRun02_grf
[info] Storage: read data file = SRRun02_grf.mot (nr=10005 nc=19)
[info] ExternalForce::RightGRF Data source being set to SRRun02_grf
[info] ExternalForce::LeftGRF Data source being set to SRRun02_grf
[info] Storage: read data file = SRRun02_grf.mot (nr=10005 nc=19)
[info] ExternalForce::RightGRF Data source being set to SRRun02_grf
[info] ExternalForce::LeftGRF Data source being set to SRRun02_grf
[info] Storage: read data file = SRRun02_grf.mot (nr=10005 nc=19)
[info] ExternalForce::RightGRF Data source being set to SRRun02_grf
[info] ExternalForce::LeftGRF Data source being set to SRRun02_grf
[info] Storage: read data file = SRRun02_grf.mot (nr=10005 nc=19)
[info] ExternalForce::RightGRF Data source being set to SRRun02_grf
[info] ExternalForce::LeftGRF Data source being set to SRRun02_grf
[info] Storage: read data file = SRRun02_grf.mot (nr=10005 nc=19)
[info] ExternalForce::RightGRF Data source being set to SRRun02_grf
[info] ExternalForce::LeftGRF Data source being set to SRRun02_grf
[info] Storage: read data file = SRRun02_grf.mot (nr=10005 nc=19)
[info] ExternalForce::RightGRF Data source being set to SRRun02_grf
[info] ExternalForce::LeftGRF Data source being set to SRRun02_grf
[info] Storage: read data file = SRRun02_grf.mot (nr=10005 nc=19)
[info] ExternalForce::RightGRF Data source being set to SRRun02_grf
[info] ExternalForce::LeftGRF Data source being set to SRRun02_grf
[info] Storage: read data file = SRRun02_grf.mot (nr=10005 nc=19)
[info] ExternalForce::RightGRF Data source being set to SRRun02_grf
[info] ExternalForce::LeftGRF Data source being set to SRRun02_grf
[info] Storage: read data file = SRRun02_grf.mot (nr=10005 nc=19)
[info] ExternalForce::RightGRF Data source being set to SRRun02_grf
[info] ExternalForce::LeftGRF Data source being set to SRRun02_grf
[info] Storage: read data file = SRRun02_grf.mot (nr=10005 nc=19)
[info] ExternalForce::RightGRF Data source being set to SRRun02_grf
[info] ExternalForce::LeftGRF Data source being set to SRRun02_grf
[info] Storage: read data file = SRRun02_grf.mot (nr=10005 nc=19)
[info] ExternalForce::RightGRF Data source being set to SRRun02_grf
[info] ExternalForce::LeftGRF Data source being set to SRRun02_grf
[info] Storage: read data file = SRRun02_grf.mot (nr=10005 nc=19)
[info] ExternalForce::RightGRF Data source being set to SRRun02_grf
[info] ExternalForce::LeftGRF Data source being set to SRRun02_grf
[info] Storage: read data file = SRRun02_grf.mot (nr=10005 nc=19)
[info] ExternalForce::RightGRF Data source being set to SRRun02_grf
[info] ExternalForce::LeftGRF Data source being set to SRRun02_grf
[info] Storage: read data file = SRRun02_grf.mot (nr=10005 nc=19)
[info] ExternalForce::RightGRF Data source being set to SRRun02_grf
[info] ExternalForce::LeftGRF Data source being set to SRRun02_grf
[info] Storage: read data file = SRRun02_grf.mot (nr=10005 nc=19)
[info] ExternalForce::RightGRF Data source being set to SRRun02_grf
[info] ExternalForce::LeftGRF Data source being set to SRRun02_grf
[info] Storage: read data file = SRRun02_grf.mot (nr=10005 nc=19)
[info] ExternalForce::RightGRF Data source being set to SRRun02_grf
[info] ExternalForce::LeftGRF Data source being set to SRRun02_grf
[info] Storage: read data file = SRRun02_grf.mot (nr=10005 nc=19)
[info] ExternalForce::RightGRF Data source being set to SRRun02_grf
[info] ExternalForce::LeftGRF Data source being set to SRRun02_grf
[info] Storage: read data file = SRRun02_grf.mot (nr=10005 nc=19)
[info] ExternalForce::RightGRF Data source being set to SRRun02_grf
[info] ExternalForce::LeftGRF Data source being set to SRRun02_grf
[info] Storage: read data file = SRRun02_grf.mot (nr=10005 nc=19)
[info] ExternalForce::RightGRF Data source being set to SRRun02_grf
[info] ExternalForce::LeftGRF Data source being set to SRRun02_grf
[info] Storage: read data file = SRRun02_grf.mot (nr=10005 nc=19)
[info] ExternalForce::RightGRF Data source being set to SRRun02_grf
[info] ExternalForce::LeftGRF Data source being set to SRRun02_grf
[info] Storage: read data file = SRRun02_grf.mot (nr=10005 nc=19)
[info] ExternalForce::RightGRF Data source being set to SRRun02_grf
[info] ExternalForce::LeftGRF Data source being set to SRRun02_grf
[info] Storage: read data file = SRRun02_grf.mot (nr=10005 nc=19)
[info] ExternalForce::RightGRF Data source being set to SRRun02_grf
[info] ExternalForce::LeftGRF Data source being set to SRRun02_grf
[info] Storage: read data file = SRRun02_grf.mot (nr=10005 nc=19)
[info] ExternalForce::RightGRF Data source being set to SRRun02_grf
[info] ExternalForce::LeftGRF Data source being set to SRRun02_grf
[info] Storage: read data file = SRRun02_grf.mot (nr=10005 nc=19)
[info] ExternalForce::RightGRF Data source being set to SRRun02_grf
[info] ExternalForce::LeftGRF Data source being set to SRRun02_grf
[info] Storage: read data file = SRRun02_grf.mot (nr=10005 nc=19)
[info] ExternalForce::RightGRF Data source being set to SRRun02_grf
[info] ExternalForce::LeftGRF Data source being set to SRRun02_grf
[info] Storage: read data file = SRRun02_grf.mot (nr=10005 nc=19)
[info] ExternalForce::RightGRF Data source being set to SRRun02_grf
[info] ExternalForce::LeftGRF Data source being set to SRRun02_grf
[info] Storage: read data file = SRRun02_grf.mot (nr=10005 nc=19)
[info] ExternalForce::RightGRF Data source being set to SRRun02_grf
[info] ExternalForce::LeftGRF Data source being set to SRRun02_grf
[info] Storage: read data file = SRRun02_grf.mot (nr=10005 nc=19)
[info] ExternalForce::RightGRF Data source being set to SRRun02_grf
[info] ExternalForce::LeftGRF Data source being set to SRRun02_grf
[info] Storage: read data file = SRRun02_grf.mot (nr=10005 nc=19)
[info] ExternalForce::RightGRF Data source being set to SRRun02_grf
[info] ExternalForce::LeftGRF Data source being set to SRRun02_grf
[info] Storage: read data file = SRRun02_grf.mot (nr=10005 nc=19)
[info] ExternalForce::RightGRF Data source being set to SRRun02_grf
[info] ExternalForce::LeftGRF Data source being set to SRRun02_grf
[info] Storage: read data file = SRRun02_grf.mot (nr=10005 nc=19)
[info] ExternalForce::RightGRF Data source being set to SRRun02_grf
[info] ExternalForce::LeftGRF Data source being set to SRRun02_grf
[info] Storage: read data file = SRRun02_grf.mot (nr=10005 nc=19)
[info] ExternalForce::RightGRF Data source being set to SRRun02_grf
[info] ExternalForce::LeftGRF Data source being set to SRRun02_grf
[info] Storage: read data file = SRRun02_grf.mot (nr=10005 nc=19)
[info] ExternalForce::RightGRF Data source being set to SRRun02_grf
[info] ExternalForce::LeftGRF Data source being set to SRRun02_grf
[info] Storage: read data file = SRRun02_grf.mot (nr=10005 nc=19)
[info] ExternalForce::RightGRF Data source being set to SRRun02_grf
[info] ExternalForce::LeftGRF Data source being set to SRRun02_grf
[info] Storage: read data file = SRRun02_grf.mot (nr=10005 nc=19)
[info] ExternalForce::RightGRF Data source being set to SRRun02_grf
[info] ExternalForce::LeftGRF Data source being set to SRRun02_grf
[info] Storage: read data file = SRRun02_grf.mot (nr=10005 nc=19)
[info] ExternalForce::RightGRF Data source being set to SRRun02_grf
[info] ExternalForce::LeftGRF Data source being set to SRRun02_grf
[info] Storage: read data file = SRRun02_grf.mot (nr=10005 nc=19)
[info] ExternalForce::RightGRF Data source being set to SRRun02_grf
[info] ExternalForce::LeftGRF Data source being set to SRRun02_grf
[info] Storage: read data file = SRRun02_grf.mot (nr=10005 nc=19)
[info] ExternalForce::RightGRF Data source being set to SRRun02_grf
[info] ExternalForce::LeftGRF Data source being set to SRRun02_grf
[info] Storage: read data file = SRRun02_grf.mot (nr=10005 nc=19)
[info] ExternalForce::RightGRF Data source being set to SRRun02_grf
[info] ExternalForce::LeftGRF Data source being set to SRRun02_grf
[info] Storage: read data file = SRRun02_grf.mot (nr=10005 nc=19)
[info] ExternalForce::RightGRF Data source being set to SRRun02_grf
[info] ExternalForce::LeftGRF Data source being set to SRRun02_grf
[info] Storage: read data file = SRRun02_grf.mot (nr=10005 nc=19)
[info] ExternalForce::RightGRF Data source being set to SRRun02_grf
[info] ExternalForce::LeftGRF Data source being set to SRRun02_grf
[info] Storage: read data file = SRRun02_grf.mot (nr=10005 nc=19)
[info] ExternalForce::RightGRF Data source being set to SRRun02_grf
[info] ExternalForce::LeftGRF Data source being set to SRRun02_grf
[info] Storage: read data file = SRRun02_grf.mot (nr=10005 nc=19)
[info] ExternalForce::RightGRF Data source being set to SRRun02_grf
[info] ExternalForce::LeftGRF Data source being set to SRRun02_grf
[info] Storage: read data file = SRRun02_grf.mot (nr=10005 nc=19)
[info] ExternalForce::RightGRF Data source being set to SRRun02_grf
[info] ExternalForce::LeftGRF Data source being set to SRRun02_grf
[info] Storage: read data file = SRRun02_grf.mot (nr=10005 nc=19)
[info] ExternalForce::RightGRF Data source being set to SRRun02_grf
[info] ExternalForce::LeftGRF Data source being set to SRRun02_grf
[info] Storage: read data file = SRRun02_grf.mot (nr=10005 nc=19)
[info] ExternalForce::RightGRF Data source being set to SRRun02_grf
[info] ExternalForce::LeftGRF Data source being set to SRRun02_grf
[info] Storage: read data file = SRRun02_grf.mot (nr=10005 nc=19)
[info] ExternalForce::RightGRF Data source being set to SRRun02_grf
[info] ExternalForce::LeftGRF Data source being set to SRRun02_grf
[info] Storage: read data file = SRRun02_grf.mot (nr=10005 nc=19)
[info] ExternalForce::RightGRF Data source being set to SRRun02_grf
[info] ExternalForce::LeftGRF Data source being set to SRRun02_grf
[info] Storage: read data file = SRRun02_grf.mot (nr=10005 nc=19)
[info] ExternalForce::RightGRF Data source being set to SRRun02_grf
[info] ExternalForce::LeftGRF Data source being set to SRRun02_grf
[info] Storage: read data file = SRRun02_grf.mot (nr=10005 nc=19)
[info] ExternalForce::RightGRF Data source being set to SRRun02_grf
[info] ExternalForce::LeftGRF Data source being set to SRRun02_grf
[info] Storage: read data file = SRRun02_grf.mot (nr=10005 nc=19)
[info] ExternalForce::RightGRF Data source being set to SRRun02_grf
[info] ExternalForce::LeftGRF Data source being set to SRRun02_grf
[info] Storage: read data file = SRRun02_grf.mot (nr=10005 nc=19)
[info] ExternalForce::RightGRF Data source being set to SRRun02_grf
[info] ExternalForce::LeftGRF Data source being set to SRRun02_grf
[info] Storage: read data file = SRRun02_grf.mot (nr=10005 nc=19)
[info] ExternalForce::RightGRF Data source being set to SRRun02_grf
[info] ExternalForce::LeftGRF Data source being set to SRRun02_grf
[info] Storage: read data file = SRRun02_grf.mot (nr=10005 nc=19)
[info] ExternalForce::RightGRF Data source being set to SRRun02_grf
[info] ExternalForce::LeftGRF Data source being set to SRRun02_grf
[info] Storage: read data file = SRRun02_grf.mot (nr=10005 nc=19)
[info] ExternalForce::RightGRF Data source being set to SRRun02_grf
[info] ExternalForce::LeftGRF Data source being set to SRRun02_grf
[info] Storage: read data file = SRRun02_grf.mot (nr=10005 nc=19)
[info] ExternalForce::RightGRF Data source being set to SRRun02_grf
[info] ExternalForce::LeftGRF Data source being set to SRRun02_grf
[info] Storage: read data file = SRRun02_grf.mot (nr=10005 nc=19)
[info] ExternalForce::RightGRF Data source being set to SRRun02_grf
[info] ExternalForce::LeftGRF Data source being set to SRRun02_grf
[info] Storage: read data file = SRRun02_grf.mot (nr=10005 nc=19)
[info] ExternalForce::RightGRF Data source being set to SRRun02_grf
[info] ExternalForce::LeftGRF Data source being set to SRRun02_grf
[info] Storage: read data file = SRRun02_grf.mot (nr=10005 nc=19)
[info] ExternalForce::RightGRF Data source being set to SRRun02_grf
[info] ExternalForce::LeftGRF Data source being set to SRRun02_grf
[info] Storage: read data file = SRRun02_grf.mot (nr=10005 nc=19)
[info] ExternalForce::RightGRF Data source being set to SRRun02_grf
[info] ExternalForce::LeftGRF Data source being set to SRRun02_grf
[info] Storage: read data file = SRRun02_grf.mot (nr=10005 nc=19)
[info] ExternalForce::RightGRF Data source being set to SRRun02_grf
[info] ExternalForce::LeftGRF Data source being set to SRRun02_grf
[info] Storage: read data file = SRRun02_grf.mot (nr=10005 nc=19)
[info] ExternalForce::RightGRF Data source being set to SRRun02_grf
[info] ExternalForce::LeftGRF Data source being set to SRRun02_grf
[info] Storage: read data file = SRRun02_grf.mot (nr=10005 nc=19)
[info] ExternalForce::RightGRF Data source being set to SRRun02_grf
[info] ExternalForce::LeftGRF Data source being set to SRRun02_grf
[info] Storage: read data file = SRRun02_grf.mot (nr=10005 nc=19)
[info] ExternalForce::RightGRF Data source being set to SRRun02_grf
[info] ExternalForce::LeftGRF Data source being set to SRRun02_grf
[info] Storage: read data file = SRRun02_grf.mot (nr=10005 nc=19)
[info] ExternalForce::RightGRF Data source being set to SRRun02_grf
[info] ExternalForce::LeftGRF Data source being set to SRRun02_grf
[info] Storage: read data file = SRRun02_grf.mot (nr=10005 nc=19)
[info] ExternalForce::RightGRF Data source being set to SRRun02_grf
[info] ExternalForce::LeftGRF Data source being set to SRRun02_grf
[info] Storage: read data file = SRRun02_grf.mot (nr=10005 nc=19)
[info] ExternalForce::RightGRF Data source being set to SRRun02_grf
[info] ExternalForce::LeftGRF Data source being set to SRRun02_grf
[info] Storage: read data file = SRRun02_grf.mot (nr=10005 nc=19)
[info] ExternalForce::RightGRF Data source being set to SRRun02_grf
[info] ExternalForce::LeftGRF Data source being set to SRRun02_grf
[info] Storage: read data file = SRRun02_grf.mot (nr=10005 nc=19)
[info] ExternalForce::RightGRF Data source being set to SRRun02_grf
[info] ExternalForce::LeftGRF Data source being set to SRRun02_grf
[info] Storage: read data file = SRRun02_grf.mot (nr=10005 nc=19)
[info] ExternalForce::RightGRF Data source being set to SRRun02_grf
[info] ExternalForce::LeftGRF Data source being set to SRRun02_grf
[info] Storage: read data file = SRRun02_grf.mot (nr=10005 nc=19)
[info] ExternalForce::RightGRF Data source being set to SRRun02_grf
[info] ExternalForce::LeftGRF Data source being set to SRRun02_grf
[info] Storage: read data file = SRRun02_grf.mot (nr=10005 nc=19)
[info] ExternalForce::RightGRF Data source being set to SRRun02_grf
[info] ExternalForce::LeftGRF Data source being set to SRRun02_grf
[info] Storage: read data file = SRRun02_grf.mot (nr=10005 nc=19)
[info] ExternalForce::RightGRF Data source being set to SRRun02_grf
[info] ExternalForce::LeftGRF Data source being set to SRRun02_grf
[info] Storage: read data file = SRRun02_grf.mot (nr=10005 nc=19)
[info] ExternalForce::RightGRF Data source being set to SRRun02_grf
[info] ExternalForce::LeftGRF Data source being set to SRRun02_grf
[info] Storage: read data file = SRRun02_grf.mot (nr=10005 nc=19)
[info] ExternalForce::RightGRF Data source being set to SRRun02_grf
[info] ExternalForce::LeftGRF Data source being set to SRRun02_grf
[info] Storage: read data file = SRRun02_grf.mot (nr=10005 nc=19)
[info] ExternalForce::RightGRF Data source being set to SRRun02_grf
[info] ExternalForce::LeftGRF Data source being set to SRRun02_grf
[info] Storage: read data file = SRRun02_grf.mot (nr=10005 nc=19)
[info] ExternalForce::RightGRF Data source being set to SRRun02_grf
[info] ExternalForce::LeftGRF Data source being set to SRRun02_grf
[info] Storage: read data file = SRRun02_grf.mot (nr=10005 nc=19)
[info] ExternalForce::RightGRF Data source being set to SRRun02_grf
[info] ExternalForce::LeftGRF Data source being set to SRRun02_grf
[info] Storage: read data file = SRRun02_grf.mot (nr=10005 nc=19)
[info] ExternalForce::RightGRF Data source being set to SRRun02_grf
[info] ExternalForce::LeftGRF Data source being set to SRRun02_grf
[info] Storage: read data file = SRRun02_grf.mot (nr=10005 nc=19)
[info] ExternalForce::RightGRF Data source being set to SRRun02_grf
[info] ExternalForce::LeftGRF Data source being set to SRRun02_grf
[info] Storage: read data file = SRRun02_grf.mot (nr=10005 nc=19)
[info] ExternalForce::RightGRF Data source being set to SRRun02_grf
[info] ExternalForce::LeftGRF Data source being set to SRRun02_grf
[info] Storage: read data file = SRRun02_grf.mot (nr=10005 nc=19)
[info] ExternalForce::RightGRF Data source being set to SRRun02_grf
[info] ExternalForce::LeftGRF Data source being set to SRRun02_grf
[info] Storage: read data file = SRRun02_grf.mot (nr=10005 nc=19)
[info] ExternalForce::RightGRF Data source being set to SRRun02_grf
[info] ExternalForce::LeftGRF Data source being set to SRRun02_grf
[info] Storage: read data file = SRRun02_grf.mot (nr=10005 nc=19)
[info] ExternalForce::RightGRF Data source being set to SRRun02_grf
[info] ExternalForce::LeftGRF Data source being set to SRRun02_grf
[info] Storage: read data file = SRRun02_grf.mot (nr=10005 nc=19)
[info] ExternalForce::RightGRF Data source being set to SRRun02_grf
[info] ExternalForce::LeftGRF Data source being set to SRRun02_grf
[info] Storage: read data file = SRRun02_grf.mot (nr=10005 nc=19)
[info] ExternalForce::RightGRF Data source being set to SRRun02_grf
[info] ExternalForce::LeftGRF Data source being set to SRRun02_grf
[info] Storage: read data file = SRRun02_grf.mot (nr=10005 nc=19)
[info] ExternalForce::RightGRF Data source being set to SRRun02_grf
[info] ExternalForce::LeftGRF Data source being set to SRRun02_grf
[info] Storage: read data file = SRRun02_grf.mot (nr=10005 nc=19)
[info] ExternalForce::RightGRF Data source being set to SRRun02_grf
[info] ExternalForce::LeftGRF Data source being set to SRRun02_grf
[info] Storage: read data file = SRRun02_grf.mot (nr=10005 nc=19)
[info] ExternalForce::RightGRF Data source being set to SRRun02_grf
[info] ExternalForce::LeftGRF Data source being set to SRRun02_grf
[info] Storage: read data file = SRRun02_grf.mot (nr=10005 nc=19)
[info] ExternalForce::RightGRF Data source being set to SRRun02_grf
[info] ExternalForce::LeftGRF Data source being set to SRRun02_grf
[info] Storage: read data file = SRRun02_grf.mot (nr=10005 nc=19)
[info] ExternalForce::RightGRF Data source being set to SRRun02_grf
[info] ExternalForce::LeftGRF Data source being set to SRRun02_grf
[info] Storage: read data file = SRRun02_grf.mot (nr=10005 nc=19)
[info] ExternalForce::RightGRF Data source being set to SRRun02_grf
[info] ExternalForce::LeftGRF Data source being set to SRRun02_grf
[info] Storage: read data file = SRRun02_grf.mot (nr=10005 nc=19)
[info] ExternalForce::RightGRF Data source being set to SRRun02_grf
[info] ExternalForce::LeftGRF Data source being set to SRRun02_grf
[info] Storage: read data file = SRRun02_grf.mot (nr=10005 nc=19)
[info] ExternalForce::RightGRF Data source being set to SRRun02_grf
[info] ExternalForce::LeftGRF Data source being set to SRRun02_grf
[info] Storage: read data file = SRRun02_grf.mot (nr=10005 nc=19)
[info] ExternalForce::RightGRF Data source being set to SRRun02_grf
[info] ExternalForce::LeftGRF Data source being set to SRRun02_grf
[info] Storage: read data file = SRRun02_grf.mot (nr=10005 nc=19)
[info] ExternalForce::RightGRF Data source being set to SRRun02_grf
[info] ExternalForce::LeftGRF Data source being set to SRRun02_grf
[info] Storage: read data file = SRRun02_grf.mot (nr=10005 nc=19)
[info] ExternalForce::RightGRF Data source being set to SRRun02_grf
[info] ExternalForce::LeftGRF Data source being set to SRRun02_grf
[info] Storage: read data file = SRRun02_grf.mot (nr=10005 nc=19)
[info] ExternalForce::RightGRF Data source being set to SRRun02_grf
[info] ExternalForce::LeftGRF Data source being set to SRRun02_grf
[info] Storage: read data file = SRRun02_grf.mot (nr=10005 nc=19)
[info] ExternalForce::RightGRF Data source being set to SRRun02_grf
[info] ExternalForce::LeftGRF Data source being set to SRRun02_grf
[info] Storage: read data file = SRRun02_grf.mot (nr=10005 nc=19)
[info] ExternalForce::RightGRF Data source being set to SRRun02_grf
[info] ExternalForce::LeftGRF Data source being set to SRRun02_grf
[info] Storage: read data file = SRRun02_grf.mot (nr=10005 nc=19)
[info] ExternalForce::RightGRF Data source being set to SRRun02_grf
[info] ExternalForce::LeftGRF Data source being set to SRRun02_grf
[info] Storage: read data file = SRRun02_grf.mot (nr=10005 nc=19)
[info] ExternalForce::RightGRF Data source being set to SRRun02_grf
[info] ExternalForce::LeftGRF Data source being set to SRRun02_grf
[info] Storage: read data file = SRRun02_grf.mot (nr=10005 nc=19)
[info] ExternalForce::RightGRF Data source being set to SRRun02_grf
[info] ExternalForce::LeftGRF Data source being set to SRRun02_grf
[info] Storage: read data file = SRRun02_grf.mot (nr=10005 nc=19)
[info] ExternalForce::RightGRF Data source being set to SRRun02_grf
[info] ExternalForce::LeftGRF Data source being set to SRRun02_grf
[info] Storage: read data file = SRRun02_grf.mot (nr=10005 nc=19)
[info] ExternalForce::RightGRF Data source being set to SRRun02_grf
[info] ExternalForce::LeftGRF Data source being set to SRRun02_grf
[info] Storage: read data file = SRRun02_grf.mot (nr=10005 nc=19)
[info] ExternalForce::RightGRF Data source being set to SRRun02_grf
[info] ExternalForce::LeftGRF Data source being set to SRRun02_grf
[info] Storage: read data file = SRRun02_grf.mot (nr=10005 nc=19)
[info] ExternalForce::RightGRF Data source being set to SRRun02_grf
[info] ExternalForce::LeftGRF Data source being set to SRRun02_grf
[info] Storage: read data file = SRRun02_grf.mot (nr=10005 nc=19)
[info] ExternalForce::RightGRF Data source being set to SRRun02_grf
[info] ExternalForce::LeftGRF Data source being set to SRRun02_grf
[info] Storage: read data file = SRRun02_grf.mot (nr=10005 nc=19)
[info] ExternalForce::RightGRF Data source being set to SRRun02_grf
[info] ExternalForce::LeftGRF Data source being set to SRRun02_grf
[info] Storage: read data file = SRRun02_grf.mot (nr=10005 nc=19)
[info] ExternalForce::RightGRF Data source being set to SRRun02_grf
[info] ExternalForce::LeftGRF Data source being set to SRRun02_grf
[info] Storage: read data file = SRRun02_grf.mot (nr=10005 nc=19)
[info] ExternalForce::RightGRF Data source being set to SRRun02_grf
[info] ExternalForce::LeftGRF Data source being set to SRRun02_grf
[info] Storage: read data file = SRRun02_grf.mot (nr=10005 nc=19)
[info] ExternalForce::RightGRF Data source being set to SRRun02_grf
[info] ExternalForce::LeftGRF Data source being set to SRRun02_grf
[info] Storage: read data file = SRRun02_grf.mot (nr=10005 nc=19)
[info] ExternalForce::RightGRF Data source being set to SRRun02_grf
[info] ExternalForce::LeftGRF Data source being set to SRRun02_grf
[info] Storage: read data file = SRRun02_grf.mot (nr=10005 nc=19)
[info] ExternalForce::RightGRF Data source being set to SRRun02_grf
[info] ExternalForce::LeftGRF Data source being set to SRRun02_grf
[info] Storage: read data file = SRRun02_grf.mot (nr=10005 nc=19)
[info] ExternalForce::RightGRF Data source being set to SRRun02_grf
[info] ExternalForce::LeftGRF Data source being set to SRRun02_grf
[info] Storage: read data file = SRRun02_grf.mot (nr=10005 nc=19)
[info] ExternalForce::RightGRF Data source being set to SRRun02_grf
[info] ExternalForce::LeftGRF Data source being set to SRRun02_grf
[info] Storage: read data file = SRRun02_grf.mot (nr=10005 nc=19)
[info] ExternalForce::RightGRF Data source being set to SRRun02_grf
[info] ExternalForce::LeftGRF Data source being set to SRRun02_grf
[info] Storage: read data file = SRRun02_grf.mot (nr=10005 nc=19)
[info] ExternalForce::RightGRF Data source being set to SRRun02_grf
[info] ExternalForce::LeftGRF Data source being set to SRRun02_grf
[info] Storage: read data file = SRRun02_grf.mot (nr=10005 nc=19)
[info] ExternalForce::RightGRF Data source being set to SRRun02_grf
[info] ExternalForce::LeftGRF Data source being set to SRRun02_grf
[info] Storage: read data file = SRRun02_grf.mot (nr=10005 nc=19)
[info] ExternalForce::RightGRF Data source being set to SRRun02_grf
[info] ExternalForce::LeftGRF Data source being set to SRRun02_grf
[info] Storage: read data file = SRRun02_grf.mot (nr=10005 nc=19)
[info] ExternalForce::RightGRF Data source being set to SRRun02_grf
[info] ExternalForce::LeftGRF Data source being set to SRRun02_grf
[info] Storage: read data file = SRRun02_grf.mot (nr=10005 nc=19)
[info] ExternalForce::RightGRF Data source being set to SRRun02_grf
[info] ExternalForce::LeftGRF Data source being set to SRRun02_grf
[info] Storage: read data file = SRRun02_grf.mot (nr=10005 nc=19)
[info] ExternalForce::RightGRF Data source being set to SRRun02_grf
[info] ExternalForce::LeftGRF Data source being set to SRRun02_grf
[info] Storage: read data file = SRRun02_grf.mot (nr=10005 nc=19)
[info] ExternalForce::RightGRF Data source being set to SRRun02_grf
[info] ExternalForce::LeftGRF Data source being set to SRRun02_grf
[info] Storage: read data file = SRRun02_grf.mot (nr=10005 nc=19)
[info] ExternalForce::RightGRF Data source being set to SRRun02_grf
[info] ExternalForce::LeftGRF Data source being set to SRRun02_grf
[info] Storage: read data file = SRRun02_grf.mot (nr=10005 nc=19)
[info] ExternalForce::RightGRF Data source being set to SRRun02_grf
[info] ExternalForce::LeftGRF Data source being set to SRRun02_grf
[info] Storage: read data file = SRRun02_grf.mot (nr=10005 nc=19)
[info] ExternalForce::RightGRF Data source being set to SRRun02_grf
[info] ExternalForce::LeftGRF Data source being set to SRRun02_grf
[info] Storage: read data file = SRRun02_grf.mot (nr=10005 nc=19)
[info] ExternalForce::RightGRF Data source being set to SRRun02_grf
[info] ExternalForce::LeftGRF Data source being set to SRRun02_grf
[info] Storage: read data file = SRRun02_grf.mot (nr=10005 nc=19)
[info] ExternalForce::RightGRF Data source being set to SRRun02_grf
[info] ExternalForce::LeftGRF Data source being set to SRRun02_grf
[info] Storage: read data file = SRRun02_grf.mot (nr=10005 nc=19)
[info] ExternalForce::RightGRF Data source being set to SRRun02_grf
[info] ExternalForce::LeftGRF Data source being set to SRRun02_grf
[info] Storage: read data file = SRRun02_grf.mot (nr=10005 nc=19)
[info] ExternalForce::RightGRF Data source being set to SRRun02_grf
[info] ExternalForce::LeftGRF Data source being set to SRRun02_grf
[info] Storage: read data file = SRRun02_grf.mot (nr=10005 nc=19)
[info] ExternalForce::RightGRF Data source being set to SRRun02_grf
[info] ExternalForce::LeftGRF Data source being set to SRRun02_grf
[info] Storage: read data file = SRRun02_grf.mot (nr=10005 nc=19)
[info] ExternalForce::RightGRF Data source being set to SRRun02_grf
[info] ExternalForce::LeftGRF Data source being set to SRRun02_grf
[info] Storage: read data file = SRRun02_grf.mot (nr=10005 nc=19)
[info] ExternalForce::RightGRF Data source being set to SRRun02_grf
[info] ExternalForce::LeftGRF Data source being set to SRRun02_grf
[info] Storage: read data file = SRRun02_grf.mot (nr=10005 nc=19)
[info] ExternalForce::RightGRF Data source being set to SRRun02_grf
[info] ExternalForce::LeftGRF Data source being set to SRRun02_grf
[info] Storage: read data file = SRRun02_grf.mot (nr=10005 nc=19)
[info] ExternalForce::RightGRF Data source being set to SRRun02_grf
[info] ExternalForce::LeftGRF Data source being set to SRRun02_grf
[info] Storage: read data file = SRRun02_grf.mot (nr=10005 nc=19)
[info] ExternalForce::RightGRF Data source being set to SRRun02_grf
[info] ExternalForce::LeftGRF Data source being set to SRRun02_grf
[info] Storage: read data file = SRRun02_grf.mot (nr=10005 nc=19)
[info] ExternalForce::RightGRF Data source being set to SRRun02_grf
[info] ExternalForce::LeftGRF Data source being set to SRRun02_grf
[info] Storage: read data file = SRRun02_grf.mot (nr=10005 nc=19)
[info] ExternalForce::RightGRF Data source being set to SRRun02_grf
[info] ExternalForce::LeftGRF Data source being set to SRRun02_grf
[info] Storage: read data file = SRRun02_grf.mot (nr=10005 nc=19)
[info] ExternalForce::RightGRF Data source being set to SRRun02_grf
[info] ExternalForce::LeftGRF Data source being set to SRRun02_grf
[info] Storage: read data file = SRRun02_grf.mot (nr=10005 nc=19)
[info] ExternalForce::RightGRF Data source being set to SRRun02_grf
[info] ExternalForce::LeftGRF Data source being set to SRRun02_grf
[info] Storage: read data file = SRRun02_grf.mot (nr=10005 nc=19)
[info] ExternalForce::RightGRF Data source being set to SRRun02_grf
[info] ExternalForce::LeftGRF Data source being set to SRRun02_grf
[info] Storage: read data file = SRRun02_grf.mot (nr=10005 nc=19)
[info] ExternalForce::RightGRF Data source being set to SRRun02_grf
[info] ExternalForce::LeftGRF Data source being set to SRRun02_grf
[info] Storage: read data file = SRRun02_grf.mot (nr=10005 nc=19)
[info] ExternalForce::RightGRF Data source being set to SRRun02_grf
[info] ExternalForce::LeftGRF Data source being set to SRRun02_grf
[info] Storage: read data file = SRRun02_grf.mot (nr=10005 nc=19)
[info] ExternalForce::RightGRF Data source being set to SRRun02_grf
[info] ExternalForce::LeftGRF Data source being set to SRRun02_grf
[info] Storage: read data file = SRRun02_grf.mot (nr=10005 nc=19)
[info] ExternalForce::RightGRF Data source being set to SRRun02_grf
[info] ExternalForce::LeftGRF Data source being set to SRRun02_grf
[info] Storage: read data file = SRRun02_grf.mot (nr=10005 nc=19)
[info] ExternalForce::RightGRF Data source being set to SRRun02_grf
[info] ExternalForce::LeftGRF Data source being set to SRRun02_grf
[info] Storage: read data file = SRRun02_grf.mot (nr=10005 nc=19)
[info] ExternalForce::RightGRF Data source being set to SRRun02_grf
[info] ExternalForce::LeftGRF Data source being set to SRRun02_grf
[info] Storage: read data file = SRRun02_grf.mot (nr=10005 nc=19)
[info] ExternalForce::RightGRF Data source being set to SRRun02_grf
[info] ExternalForce::LeftGRF Data source being set to SRRun02_grf
[info] Storage: read data file = SRRun02_grf.mot (nr=10005 nc=19)
[info] ExternalForce::RightGRF Data source being set to SRRun02_grf
[info] ExternalForce::LeftGRF Data source being set to SRRun02_grf
[info] Storage: read data file = SRRun02_grf.mot (nr=10005 nc=19)
[info] ExternalForce::RightGRF Data source being set to SRRun02_grf
[info] ExternalForce::LeftGRF Data source being set to SRRun02_grf
[info] Storage: read data file = SRRun02_grf.mot (nr=10005 nc=19)
[info] ExternalForce::RightGRF Data source being set to SRRun02_grf
[info] ExternalForce::LeftGRF Data source being set to SRRun02_grf
[info] Storage: read data file = SRRun02_grf.mot (nr=10005 nc=19)
[info] ExternalForce::RightGRF Data source being set to SRRun02_grf
[info] ExternalForce::LeftGRF Data source being set to SRRun02_grf
[info] Storage: read data file = SRRun02_grf.mot (nr=10005 nc=19)
[info] ExternalForce::RightGRF Data source being set to SRRun02_grf
[info] ExternalForce::LeftGRF Data source being set to SRRun02_grf
[info] Storage: read data file = SRRun02_grf.mot (nr=10005 nc=19)
[info] ExternalForce::RightGRF Data source being set to SRRun02_grf
[info] ExternalForce::LeftGRF Data source being set to SRRun02_grf
[info] Storage: read data file = SRRun02_grf.mot (nr=10005 nc=19)
[info] ExternalForce::RightGRF Data source being set to SRRun02_grf
[info] ExternalForce::LeftGRF Data source being set to SRRun02_grf
[info] Storage: read data file = SRRun02_grf.mot (nr=10005 nc=19)
[info] ExternalForce::RightGRF Data source being set to SRRun02_grf
[info] ExternalForce::LeftGRF Data source being set to SRRun02_grf
[info] Storage: read data file = SRRun02_grf.mot (nr=10005 nc=19)
[info] ExternalForce::RightGRF Data source being set to SRRun02_grf
[info] ExternalForce::LeftGRF Data source being set to SRRun02_grf
[info] Storage: read data file = SRRun02_grf.mot (nr=10005 nc=19)
[info] ExternalForce::RightGRF Data source being set to SRRun02_grf
[info] ExternalForce::LeftGRF Data source being set to SRRun02_grf
[info] Storage: read data file = SRRun02_grf.mot (nr=10005 nc=19)
[info] ExternalForce::RightGRF Data source being set to SRRun02_grf
[info] ExternalForce::LeftGRF Data source being set to SRRun02_grf
[info] Storage: read data file = SRRun02_grf.mot (nr=10005 nc=19)
[info] ExternalForce::RightGRF Data source being set to SRRun02_grf
[info] ExternalForce::LeftGRF Data source being set to SRRun02_grf
[info] Storage: read data file = SRRun02_grf.mot (nr=10005 nc=19)
[info] ExternalForce::RightGRF Data source being set to SRRun02_grf
[info] ExternalForce::LeftGRF Data source being set to SRRun02_grf
[info] Storage: read data file = SRRun02_grf.mot (nr=10005 nc=19)
[info] ExternalForce::RightGRF Data source being set to SRRun02_grf
[info] ExternalForce::LeftGRF Data source being set to SRRun02_grf
[info] Storage: read data file = SRRun02_grf.mot (nr=10005 nc=19)
[info] ExternalForce::RightGRF Data source being set to SRRun02_grf
[info] ExternalForce::LeftGRF Data source being set to SRRun02_grf
[info] Storage: read data file = SRRun02_grf.mot (nr=10005 nc=19)
[info] ExternalForce::RightGRF Data source being set to SRRun02_grf
[info] ExternalForce::LeftGRF Data source being set to SRRun02_grf
[info] Storage: read data file = SRRun02_grf.mot (nr=10005 nc=19)
[info] ExternalForce::RightGRF Data source being set to SRRun02_grf
[info] ExternalForce::LeftGRF Data source being set to SRRun02_grf
[info] Storage: read data file = SRRun02_grf.mot (nr=10005 nc=19)
[info] ExternalForce::RightGRF Data source being set to SRRun02_grf
[info] ExternalForce::LeftGRF Data source being set to SRRun02_grf
[info] Storage: read data file = SRRun02_grf.mot (nr=10005 nc=19)
[info] ExternalForce::RightGRF Data source being set to SRRun02_grf
[info] ExternalForce::LeftGRF Data source being set to SRRun02_grf
[info] Storage: read data file = SRRun02_grf.mot (nr=10005 nc=19)
[info] ExternalForce::RightGRF Data source being set to SRRun02_grf
[info] ExternalForce::LeftGRF Data source being set to SRRun02_grf
[info] Storage: read data file = SRRun02_grf.mot (nr=10005 nc=19)
[info] ExternalForce::RightGRF Data source being set to SRRun02_grf
[info] ExternalForce::LeftGRF Data source being set to SRRun02_grf
[info] Storage: read data file = SRRun02_grf.mot (nr=10005 nc=19)
[info] ExternalForce::RightGRF Data source being set to SRRun02_grf
[info] ExternalForce::LeftGRF Data source being set to SRRun02_grf
[info] Storage: read data file = SRRun02_grf.mot (nr=10005 nc=19)
[info] ExternalForce::RightGRF Data source being set to SRRun02_grf
[info] ExternalForce::LeftGRF Data source being set to SRRun02_grf
[info] Storage: read data file = SRRun02_grf.mot (nr=10005 nc=19)
[info] ExternalForce::RightGRF Data source being set to SRRun02_grf
[info] ExternalForce::LeftGRF Data source being set to SRRun02_grf
[info] Storage: read data file = SRRun02_grf.mot (nr=10005 nc=19)
[info] ExternalForce::RightGRF Data source being set to SRRun02_grf
[info] ExternalForce::LeftGRF Data source being set to SRRun02_grf
[info] Storage: read data file = SRRun02_grf.mot (nr=10005 nc=19)
[info] ExternalForce::RightGRF Data source being set to SRRun02_grf
[info] ExternalForce::LeftGRF Data source being set to SRRun02_grf
[info] Storage: read data file = SRRun02_grf.mot (nr=10005 nc=19)
[info] ExternalForce::RightGRF Data source being set to SRRun02_grf
[info] ExternalForce::LeftGRF Data source being set to SRRun02_grf
[info] Storage: read data file = SRRun02_grf.mot (nr=10005 nc=19)
[info] ExternalForce::RightGRF Data source being set to SRRun02_grf
[info] ExternalForce::LeftGRF Data source being set to SRRun02_grf
[info] Storage: read data file = SRRun02_grf.mot (nr=10005 nc=19)
[info] ExternalForce::RightGRF Data source being set to SRRun02_grf
[info] ExternalForce::LeftGRF Data source being set to SRRun02_grf
[info] Storage: read data file = SRRun02_grf.mot (nr=10005 nc=19)
[info] ExternalForce::RightGRF Data source being set to SRRun02_grf
[info] ExternalForce::LeftGRF Data source being set to SRRun02_grf
[info] Storage: read data file = SRRun02_grf.mot (nr=10005 nc=19)
[info] ExternalForce::RightGRF Data source being set to SRRun02_grf
[info] ExternalForce::LeftGRF Data source being set to SRRun02_grf
[info] Storage: read data file = SRRun02_grf.mot (nr=10005 nc=19)
[info] ExternalForce::RightGRF Data source being set to SRRun02_grf
[info] ExternalForce::LeftGRF Data source being set to SRRun02_grf
[info] Storage: read data file = SRRun02_grf.mot (nr=10005 nc=19)
[info] ExternalForce::RightGRF Data source being set to SRRun02_grf
[info] ExternalForce::LeftGRF Data source being set to SRRun02_grf
[info] Storage: read data file = SRRun02_grf.mot (nr=10005 nc=19)
[info] ExternalForce::RightGRF Data source being set to SRRun02_grf
[info] ExternalForce::LeftGRF Data source being set to SRRun02_grf
[info] Storage: read data file = SRRun02_grf.mot (nr=10005 nc=19)
[info] ExternalForce::RightGRF Data source being set to SRRun02_grf
[info] ExternalForce::LeftGRF Data source being set to SRRun02_grf
[info] Storage: read data file = SRRun02_grf.mot (nr=10005 nc=19)
[info] ExternalForce::RightGRF Data source being set to SRRun02_grf
[info] ExternalForce::LeftGRF Data source being set to SRRun02_grf
[info] Storage: read data file = SRRun02_grf.mot (nr=10005 nc=19)
[info] ExternalForce::RightGRF Data source being set to SRRun02_grf
[info] ExternalForce::LeftGRF Data source being set to SRRun02_grf
[info] Storage: read data file = SRRun02_grf.mot (nr=10005 nc=19)
[info] ExternalForce::RightGRF Data source being set to SRRun02_grf
[info] ExternalForce::LeftGRF Data source being set to SRRun02_grf
[info] Storage: read data file = SRRun02_grf.mot (nr=10005 nc=19)
[info] ExternalForce::RightGRF Data source being set to SRRun02_grf
[info] ExternalForce::LeftGRF Data source being set to SRRun02_grf
[info] Storage: read data file = SRRun02_grf.mot (nr=10005 nc=19)
[info] ExternalForce::RightGRF Data source being set to SRRun02_grf
[info] ExternalForce::LeftGRF Data source being set to SRRun02_grf
[info] Storage: read data file = SRRun02_grf.mot (nr=10005 nc=19)
[info] ExternalForce::RightGRF Data source being set to SRRun02_grf
[info] ExternalForce::LeftGRF Data source being set to SRRun02_grf
[info] Storage: read data file = SRRun02_grf.mot (nr=10005 nc=19)
[info] ExternalForce::RightGRF Data source being set to SRRun02_grf
[info] ExternalForce::LeftGRF Data source being set to SRRun02_grf
[info] Storage: read data file = SRRun02_grf.mot (nr=10005 nc=19)
[info] ExternalForce::RightGRF Data source being set to SRRun02_grf
[info] ExternalForce::LeftGRF Data source being set to SRRun02_grf
[info] Storage: read data file = SRRun02_grf.mot (nr=10005 nc=19)
[info] ExternalForce::RightGRF Data source being set to SRRun02_grf
[info] ExternalForce::LeftGRF Data source being set to SRRun02_grf
[info] Storage: read data file = SRRun02_grf.mot (nr=10005 nc=19)
[info] ExternalForce::RightGRF Data source being set to SRRun02_grf
[info] ExternalForce::LeftGRF Data source being set to SRRun02_grf
[info] Storage: read data file = SRRun02_grf.mot (nr=10005 nc=19)
[info] ExternalForce::RightGRF Data source being set to SRRun02_grf
[info] ExternalForce::LeftGRF Data source being set to SRRun02_grf
[info] Storage: read data file = SRRun02_grf.mot (nr=10005 nc=19)
[info] ExternalForce::RightGRF Data source being set to SRRun02_grf
[info] ExternalForce::LeftGRF Data source being set to SRRun02_grf
[info] Storage: read data file = SRRun02_grf.mot (nr=10005 nc=19)
[info] ExternalForce::RightGRF Data source being set to SRRun02_grf
[info] ExternalForce::LeftGRF Data source being set to SRRun02_grf
[info] Storage: read data file = SRRun02_grf.mot (nr=10005 nc=19)
[info] ExternalForce::RightGRF Data source being set to SRRun02_grf
[info] ExternalForce::LeftGRF Data source being set to SRRun02_grf
[info] Storage: read data file = SRRun02_grf.mot (nr=10005 nc=19)
[info] ExternalForce::RightGRF Data source being set to SRRun02_grf
[info] ExternalForce::LeftGRF Data source being set to SRRun02_grf
[info] Storage: read data file = SRRun02_grf.mot (nr=10005 nc=19)
[info] ExternalForce::RightGRF Data source being set to SRRun02_grf
[info] ExternalForce::LeftGRF Data source being set to SRRun02_grf
[info] Storage: read data file = SRRun02_grf.mot (nr=10005 nc=19)
[info] ExternalForce::RightGRF Data source being set to SRRun02_grf
[info] ExternalForce::LeftGRF Data source being set to SRRun02_grf
[info] Storage: read data file = SRRun02_grf.mot (nr=10005 nc=19)
[info] ExternalForce::RightGRF Data source being set to SRRun02_grf
[info] ExternalForce::LeftGRF Data source being set to SRRun02_grf
[info] Storage: read data file = SRRun02_grf.mot (nr=10005 nc=19)
[info] ExternalForce::RightGRF Data source being set to SRRun02_grf
[info] ExternalForce::LeftGRF Data source being set to SRRun02_grf
[info] Storage: read data file = SRRun02_grf.mot (nr=10005 nc=19)
[info] ExternalForce::RightGRF Data source being set to SRRun02_grf
[info] ExternalForce::LeftGRF Data source being set to SRRun02_grf
[info] Storage: read data file = SRRun02_grf.mot (nr=10005 nc=19)
[info] ExternalForce::RightGRF Data source being set to SRRun02_grf
[info] ExternalForce::LeftGRF Data source being set to SRRun02_grf
[info] Storage: read data file = SRRun02_grf.mot (nr=10005 nc=19)
[info] ExternalForce::RightGRF Data source being set to SRRun02_grf
[info] ExternalForce::LeftGRF Data source being set to SRRun02_grf
[info] Storage: read data file = SRRun02_grf.mot (nr=10005 nc=19)
[info] ExternalForce::RightGRF Data source being set to SRRun02_grf
[info] ExternalForce::LeftGRF Data source being set to SRRun02_grf
[info] Storage: read data file = SRRun02_grf.mot (nr=10005 nc=19)
[info] ExternalForce::RightGRF Data source being set to SRRun02_grf
[info] ExternalForce::LeftGRF Data source being set to SRRun02_grf
[info] Storage: read data file = SRRun02_grf.mot (nr=10005 nc=19)
[info] ExternalForce::RightGRF Data source being set to SRRun02_grf
[info] ExternalForce::LeftGRF Data source being set to SRRun02_grf
[info] Storage: read data file = SRRun02_grf.mot (nr=10005 nc=19)
[info] ExternalForce::RightGRF Data source being set to SRRun02_grf
[info] ExternalForce::LeftGRF Data source being set to SRRun02_grf
[info] Storage: read data file = SRRun02_grf.mot (nr=10005 nc=19)
[info] ExternalForce::RightGRF Data source being set to SRRun02_grf
[info] ExternalForce::LeftGRF Data source being set to SRRun02_grf
[info] Storage: read data file = SRRun02_grf.mot (nr=10005 nc=19)
[info] ExternalForce::RightGRF Data source being set to SRRun02_grf
[info] ExternalForce::LeftGRF Data source being set to SRRun02_grf
[info] Storage: read data file = SRRun02_grf.mot (nr=10005 nc=19)
[info] ExternalForce::RightGRF Data source being set to SRRun02_grf
[info] ExternalForce::LeftGRF Data source being set to SRRun02_grf
[info] Storage: read data file = SRRun02_grf.mot (nr=10005 nc=19)
[info] ExternalForce::RightGRF Data source being set to SRRun02_grf
[info] ExternalForce::LeftGRF Data source being set to SRRun02_grf
[info] Storage: read data file = SRRun02_grf.mot (nr=10005 nc=19)
[info] ExternalForce::RightGRF Data source being set to SRRun02_grf
[info] ExternalForce::LeftGRF Data source being set to SRRun02_grf
[info] Storage: read data file = SRRun02_grf.mot (nr=10005 nc=19)
[info] ExternalForce::RightGRF Data source being set to SRRun02_grf
[info] ExternalForce::LeftGRF Data source being set to SRRun02_grf
[info] Storage: read data file = SRRun02_grf.mot (nr=10005 nc=19)
[info] ExternalForce::RightGRF Data source being set to SRRun02_grf
[info] ExternalForce::LeftGRF Data source being set to SRRun02_grf
[info] Storage: read data file = SRRun02_grf.mot (nr=10005 nc=19)
[info] ExternalForce::RightGRF Data source being set to SRRun02_grf
[info] ExternalForce::LeftGRF Data source being set to SRRun02_grf
[info] Storage: read data file = SRRun02_grf.mot (nr=10005 nc=19)
[info] ExternalForce::RightGRF Data source being set to SRRun02_grf
[info] ExternalForce::LeftGRF Data source being set to SRRun02_grf
[info] Storage: read data file = SRRun02_grf.mot (nr=10005 nc=19)
[info] ExternalForce::RightGRF Data source being set to SRRun02_grf
[info] ExternalForce::LeftGRF Data source being set to SRRun02_grf
[info] Storage: read data file = SRRun02_grf.mot (nr=10005 nc=19)
[info] ExternalForce::RightGRF Data source being set to SRRun02_grf
[info] ExternalForce::LeftGRF Data source being set to SRRun02_grf
[info] Storage: read data file = SRRun02_grf.mot (nr=10005 nc=19)
[info] ExternalForce::RightGRF Data source being set to SRRun02_grf
[info] ExternalForce::LeftGRF Data source being set to SRRun02_grf
[info] Storage: read data file = SRRun02_grf.mot (nr=10005 nc=19)
[info] ExternalForce::RightGRF Data source being set to SRRun02_grf
[info] ExternalForce::LeftGRF Data source being set to SRRun02_grf
[info] Storage: read data file = SRRun02_grf.mot (nr=10005 nc=19)
[info] ExternalForce::RightGRF Data source being set to SRRun02_grf
[info] ExternalForce::LeftGRF Data source being set to SRRun02_grf
[info] Storage: read data file = SRRun02_grf.mot (nr=10005 nc=19)
[info] ExternalForce::RightGRF Data source being set to SRRun02_grf
[info] ExternalForce::LeftGRF Data source being set to SRRun02_grf
[info] Storage: read data file = SRRun02_grf.mot (nr=10005 nc=19)
[info] ExternalForce::RightGRF Data source being set to SRRun02_grf
[info] ExternalForce::LeftGRF Data source being set to SRRun02_grf
[info] Storage: read data file = SRRun02_grf.mot (nr=10005 nc=19)
[info] ExternalForce::RightGRF Data source being set to SRRun02_grf
[info] ExternalForce::LeftGRF Data source being set to SRRun02_grf
[info] Storage: read data file = SRRun02_grf.mot (nr=10005 nc=19)
[info] ExternalForce::RightGRF Data source being set to SRRun02_grf
[info] ExternalForce::LeftGRF Data source being set to SRRun02_grf
[info] Storage: read data file = SRRun02_grf.mot (nr=10005 nc=19)
[info] ExternalForce::RightGRF Data source being set to SRRun02_grf
[info] ExternalForce::LeftGRF Data source being set to SRRun02_grf
[info] Storage: read data file = SRRun02_grf.mot (nr=10005 nc=19)
[info] ExternalForce::RightGRF Data source being set to SRRun02_grf
[info] ExternalForce::LeftGRF Data source being set to SRRun02_grf
[info] Storage: read data file = SRRun02_grf.mot (nr=10005 nc=19)
[info] ExternalForce::RightGRF Data source being set to SRRun02_grf
[info] ExternalForce::LeftGRF Data source being set to SRRun02_grf
[info] Storage: read data file = SRRun02_grf.mot (nr=10005 nc=19)
[info] ExternalForce::RightGRF Data source being set to SRRun02_grf
[info] ExternalForce::LeftGRF Data source being set to SRRun02_grf
[info] Storage: read data file = SRRun02_grf.mot (nr=10005 nc=19)
[info] ExternalForce::RightGRF Data source being set to SRRun02_grf
[info] ExternalForce::LeftGRF Data source being set to SRRun02_grf
[info] Storage: read data file = SRRun02_grf.mot (nr=10005 nc=19)
[info] ExternalForce::RightGRF Data source being set to SRRun02_grf
[info] ExternalForce::LeftGRF Data source being set to SRRun02_grf
[info] Storage: read data file = SRRun02_grf.mot (nr=10005 nc=19)
[info] ExternalForce::RightGRF Data source being set to SRRun02_grf
[info] ExternalForce::LeftGRF Data source being set to SRRun02_grf
[info] Storage: read data file = SRRun02_grf.mot (nr=10005 nc=19)
[info] ExternalForce::RightGRF Data source being set to SRRun02_grf
[info] ExternalForce::LeftGRF Data source being set to SRRun02_grf
[info] Storage: read data file = SRRun02_grf.mot (nr=10005 nc=19)
[info] ExternalForce::RightGRF Data source being set to SRRun02_grf
[info] ExternalForce::LeftGRF Data source being set to SRRun02_grf
[info] Storage: read data file = SRRun02_grf.mot (nr=10005 nc=19)
[info] ExternalForce::RightGRF Data source being set to SRRun02_grf
[info] ExternalForce::LeftGRF Data source being set to SRRun02_grf
[info] Storage: read data file = SRRun02_grf.mot (nr=10005 nc=19)
[info] ExternalForce::RightGRF Data source being set to SRRun02_grf
[info] ExternalForce::LeftGRF Data source being set to SRRun02_grf
[info] Storage: read data file = SRRun02_grf.mot (nr=10005 nc=19)
[info] ExternalForce::RightGRF Data source being set to SRRun02_grf
[info] ExternalForce::LeftGRF Data source being set to SRRun02_grf
[info] Storage: read data file = SRRun02_grf.mot (nr=10005 nc=19)
[info] ExternalForce::RightGRF Data source being set to SRRun02_grf
[info] ExternalForce::LeftGRF Data source being set to SRRun02_grf
[info] Storage: read data file = SRRun02_grf.mot (nr=10005 nc=19)
[info] ExternalForce::RightGRF Data source being set to SRRun02_grf
[info] ExternalForce::LeftGRF Data source being set to SRRun02_grf
[info] Storage: read data file = SRRun02_grf.mot (nr=10005 nc=19)
[info] ExternalForce::RightGRF Data source being set to SRRun02_grf
[info] ExternalForce::LeftGRF Data source being set to SRRun02_grf
[info] Storage: read data file = SRRun02_grf.mot (nr=10005 nc=19)
[info] ExternalForce::RightGRF Data source being set to SRRun02_grf
[info] ExternalForce::LeftGRF Data source being set to SRRun02_grf
[info] Storage: read data file = SRRun02_grf.mot (nr=10005 nc=19)
[info] ExternalForce::RightGRF Data source being set to SRRun02_grf
[info] ExternalForce::LeftGRF Data source being set to SRRun02_grf
[info] Storage: read data file = SRRun02_grf.mot (nr=10005 nc=19)
[info] ExternalForce::RightGRF Data source being set to SRRun02_grf
[info] ExternalForce::LeftGRF Data source being set to SRRun02_grf
[info] Storage: read data file = SRRun02_grf.mot (nr=10005 nc=19)
[info] ExternalForce::RightGRF Data source being set to SRRun02_grf
[info] ExternalForce::LeftGRF Data source being set to SRRun02_grf
[info] Storage: read data file = SRRun02_grf.mot (nr=10005 nc=19)
[info] ExternalForce::RightGRF Data source being set to SRRun02_grf
[info] ExternalForce::LeftGRF Data source being set to SRRun02_grf
[info] Storage: read data file = SRRun02_grf.mot (nr=10005 nc=19)
[info] ExternalForce::RightGRF Data source being set to SRRun02_grf
[info] ExternalForce::LeftGRF Data source being set to SRRun02_grf
[info] Storage: read data file = SRRun02_grf.mot (nr=10005 nc=19)
[info] ExternalForce::RightGRF Data source being set to SRRun02_grf
[info] ExternalForce::LeftGRF Data source being set to SRRun02_grf
[info] Storage: read data file = SRRun02_grf.mot (nr=10005 nc=19)
[info] ExternalForce::RightGRF Data source being set to SRRun02_grf
[info] ExternalForce::LeftGRF Data source being set to SRRun02_grf
[info] Storage: read data file = SRRun02_grf.mot (nr=10005 nc=19)
[info] ExternalForce::RightGRF Data source being set to SRRun02_grf
[info] ExternalForce::LeftGRF Data source being set to SRRun02_grf
[info] Storage: read data file = SRRun02_grf.mot (nr=10005 nc=19)
[info] ExternalForce::RightGRF Data source being set to SRRun02_grf
[info] ExternalForce::LeftGRF Data source being set to SRRun02_grf
[info] Storage: read data file = SRRun02_grf.mot (nr=10005 nc=19)
[info] ExternalForce::RightGRF Data source being set to SRRun02_grf
[info] ExternalForce::LeftGRF Data source being set to SRRun02_grf
[info] Storage: read data file = SRRun02_grf.mot (nr=10005 nc=19)
[info] ExternalForce::RightGRF Data source being set to SRRun02_grf
[info] ExternalForce::LeftGRF Data source being set to SRRun02_grf
[info] Storage: read data file = SRRun02_grf.mot (nr=10005 nc=19)
[info] ExternalForce::RightGRF Data source being set to SRRun02_grf
[info] ExternalForce::LeftGRF Data source being set to SRRun02_grf
[info] Storage: read data file = SRRun02_grf.mot (nr=10005 nc=19)
[info] ExternalForce::RightGRF Data source being set to SRRun02_grf
[info] ExternalForce::LeftGRF Data source being set to SRRun02_grf
[info] Storage: read data file = SRRun02_grf.mot (nr=10005 nc=19)
[info] ExternalForce::RightGRF Data source being set to SRRun02_grf
[info] ExternalForce::LeftGRF Data source being set to SRRun02_grf
[info] Storage: read data file = SRRun02_grf.mot (nr=10005 nc=19)
[info] ExternalForce::RightGRF Data source being set to SRRun02_grf
[info] ExternalForce::LeftGRF Data source being set to SRRun02_grf
[info] Storage: read data file = SRRun02_grf.mot (nr=10005 nc=19)
[info] ExternalForce::RightGRF Data source being set to SRRun02_grf
[info] ExternalForce::LeftGRF Data source being set to SRRun02_grf
[info] Storage: read data file = SRRun02_grf.mot (nr=10005 nc=19)
[info] ExternalForce::RightGRF Data source being set to SRRun02_grf
[info] ExternalForce::LeftGRF Data source being set to SRRun02_grf
[info] Storage: read data file = SRRun02_grf.mot (nr=10005 nc=19)
[info] ExternalForce::RightGRF Data source being set to SRRun02_grf
[info] ExternalForce::LeftGRF Data source being set to SRRun02_grf
[info] Storage: read data file = SRRun02_grf.mot (nr=10005 nc=19)
[info] ExternalForce::RightGRF Data source being set to SRRun02_grf
[info] ExternalForce::LeftGRF Data source being set to SRRun02_grf
[info] Storage: read data file = SRRun02_grf.mot (nr=10005 nc=19)
[info] ExternalForce::RightGRF Data source being set to SRRun02_grf
[info] ExternalForce::LeftGRF Data source being set to SRRun02_grf
[info] Storage: read data file = SRRun02_grf.mot (nr=10005 nc=19)
[info] ExternalForce::RightGRF Data source being set to SRRun02_grf
[info] ExternalForce::LeftGRF Data source being set to SRRun02_grf
[info] Storage: read data file = SRRun02_grf.mot (nr=10005 nc=19)
[info] ExternalForce::RightGRF Data source being set to SRRun02_grf
[info] ExternalForce::LeftGRF Data source being set to SRRun02_grf
[info] Storage: read data file = SRRun02_grf.mot (nr=10005 nc=19)
[info] ExternalForce::RightGRF Data source being set to SRRun02_grf
[info] ExternalForce::LeftGRF Data source being set to SRRun02_grf
[info] Storage: read data file = SRRun02_grf.mot (nr=10005 nc=19)
[info] ExternalForce::RightGRF Data source being set to SRRun02_grf
[info] ExternalForce::LeftGRF Data source being set to SRRun02_grf
[info] Storage: read data file = SRRun02_grf.mot (nr=10005 nc=19)
[info] ExternalForce::RightGRF Data source being set to SRRun02_grf
[info] ExternalForce::LeftGRF Data source being set to SRRun02_grf
[info] Storage: read data file = SRRun02_grf.mot (nr=10005 nc=19)
[info] ExternalForce::RightGRF Data source being set to SRRun02_grf
[info] ExternalForce::LeftGRF Data source being set to SRRun02_grf
[info] Storage: read data file = SRRun02_grf.mot (nr=10005 nc=19)
[info] ExternalForce::RightGRF Data source being set to SRRun02_grf
[info] ExternalForce::LeftGRF Data source being set to SRRun02_grf
[info] Storage: read data file = SRRun02_grf.mot (nr=10005 nc=19)
[info] ExternalForce::RightGRF Data source being set to SRRun02_grf
[info] ExternalForce::LeftGRF Data source being set to SRRun02_grf
[info] Storage: read data file = SRRun02_grf.mot (nr=10005 nc=19)
[info] ExternalForce::RightGRF Data source being set to SRRun02_grf
[info] ExternalForce::LeftGRF Data source being set to SRRun02_grf
[info] Storage: read data file = SRRun02_grf.mot (nr=10005 nc=19)
[info] ExternalForce::RightGRF Data source being set to SRRun02_grf
[info] ExternalForce::LeftGRF Data source being set to SRRun02_grf
[info] Storage: read data file = SRRun02_grf.mot (nr=10005 nc=19)
[info] ExternalForce::RightGRF Data source being set to SRRun02_grf
[info] ExternalForce::LeftGRF Data source being set to SRRun02_grf
[info] Storage: read data file = SRRun02_grf.mot (nr=10005 nc=19)
[info] ExternalForce::RightGRF Data source being set to SRRun02_grf
[info] ExternalForce::LeftGRF Data source being set to SRRun02_grf
[info] Storage: read data file = SRRun02_grf.mot (nr=10005 nc=19)
[info] ExternalForce::RightGRF Data source being set to SRRun02_grf
[info] ExternalForce::LeftGRF Data source being set to SRRun02_grf
[info] Storage: read data file = SRRun02_grf.mot (nr=10005 nc=19)
[info] ExternalForce::RightGRF Data source being set to SRRun02_grf
[info] ExternalForce::LeftGRF Data source being set to SRRun02_grf
[info] Storage: read data file = SRRun02_grf.mot (nr=10005 nc=19)
[info] ExternalForce::RightGRF Data source being set to SRRun02_grf
[info] ExternalForce::LeftGRF Data source being set to SRRun02_grf
[info] Storage: read data file = SRRun02_grf.mot (nr=10005 nc=19)
[info] ExternalForce::RightGRF Data source being set to SRRun02_grf
[info] ExternalForce::LeftGRF Data source being set to SRRun02_grf
[info] Storage: read data file = SRRun02_grf.mot (nr=10005 nc=19)
[info] ExternalForce::RightGRF Data source being set to SRRun02_grf
[info] ExternalForce::LeftGRF Data source being set to SRRun02_grf
[info] Storage: read data file = SRRun02_grf.mot (nr=10005 nc=19)
[info] ExternalForce::RightGRF Data source being set to SRRun02_grf
[info] ExternalForce::LeftGRF Data source being set to SRRun02_grf
[info] Storage: read data file = SRRun02_grf.mot (nr=10005 nc=19)
[info] ExternalForce::RightGRF Data source being set to SRRun02_grf
[info] ExternalForce::LeftGRF Data source being set to SRRun02_grf
[info] Storage: read data file = SRRun02_grf.mot (nr=10005 nc=19)
[info] ExternalForce::RightGRF Data source being set to SRRun02_grf
[info] ExternalForce::LeftGRF Data source being set to SRRun02_grf
[info] Storage: read data file = SRRun02_grf.mot (nr=10005 nc=19)
[info] ExternalForce::RightGRF Data source being set to SRRun02_grf
[info] ExternalForce::LeftGRF Data source being set to SRRun02_grf
[info] Storage: read data file = SRRun02_grf.mot (nr=10005 nc=19)
[info] ExternalForce::RightGRF Data source being set to SRRun02_grf
[info] ExternalForce::LeftGRF Data source being set to SRRun02_grf
[info] Storage: read data file = SRRun02_grf.mot (nr=10005 nc=19)
[info] ExternalForce::RightGRF Data source being set to SRRun02_grf
[info] ExternalForce::LeftGRF Data source being set to SRRun02_grf
[info] Storage: read data file = SRRun02_grf.mot (nr=10005 nc=19)
[info] ExternalForce::RightGRF Data source being set to SRRun02_grf
[info] ExternalForce::LeftGRF Data source being set to SRRun02_grf
[info] Storage: read data file = SRRun02_grf.mot (nr=10005 nc=19)
[info] ExternalForce::RightGRF Data source being set to SRRun02_grf
[info] ExternalForce::LeftGRF Data source being set to SRRun02_grf
[info] Storage: read data file = SRRun02_grf.mot (nr=10005 nc=19)
[info] ExternalForce::RightGRF Data source being set to SRRun02_grf
[info] ExternalForce::LeftGRF Data source being set to SRRun02_grf
[info] Storage: read data file = SRRun02_grf.mot (nr=10005 nc=19)
[info] ExternalForce::RightGRF Data source being set to SRRun02_grf
[info] ExternalForce::LeftGRF Data source being set to SRRun02_grf
[info] Storage: read data file = SRRun02_grf.mot (nr=10005 nc=19)
[info] ExternalForce::RightGRF Data source being set to SRRun02_grf
[info] ExternalForce::LeftGRF Data source being set to SRRun02_grf
[info] Storage: read data file = SRRun02_grf.mot (nr=10005 nc=19)
[info] ExternalForce::RightGRF Data source being set to SRRun02_grf
[info] ExternalForce::LeftGRF Data source being set to SRRun02_grf
[info] Storage: read data file = SRRun02_grf.mot (nr=10005 nc=19)
[info] ExternalForce::RightGRF Data source being set to SRRun02_grf
[info] ExternalForce::LeftGRF Data source being set to SRRun02_grf
[info] Storage: read data file = SRRun02_grf.mot (nr=10005 nc=19)
[info] ExternalForce::RightGRF Data source being set to SRRun02_grf
[info] ExternalForce::LeftGRF Data source being set to SRRun02_grf
[info] Storage: read data file = SRRun02_grf.mot (nr=10005 nc=19)
[info] ExternalForce::RightGRF Data source being set to SRRun02_grf
[info] ExternalForce::LeftGRF Data source being set to SRRun02_grf
[info] Storage: read data file = SRRun02_grf.mot (nr=10005 nc=19)
[info] ExternalForce::RightGRF Data source being set to SRRun02_grf
[info] ExternalForce::LeftGRF Data source being set to SRRun02_grf
[info] Storage: read data file = SRRun02_grf.mot (nr=10005 nc=19)
[info] ExternalForce::RightGRF Data source being set to SRRun02_grf
[info] ExternalForce::LeftGRF Data source being set to SRRun02_grf
[info] Storage: read data file = SRRun02_grf.mot (nr=10005 nc=19)
[info] ExternalForce::RightGRF Data source being set to SRRun02_grf
[info] ExternalForce::LeftGRF Data source being set to SRRun02_grf
[info] Storage: read data file = SRRun02_grf.mot (nr=10005 nc=19)
[info] ExternalForce::RightGRF Data source being set to SRRun02_grf
[info] ExternalForce::LeftGRF Data source being set to SRRun02_grf
[info] Storage: read data file = SRRun02_grf.mot (nr=10005 nc=19)
[info] ExternalForce::RightGRF Data source being set to SRRun02_grf
[info] ExternalForce::LeftGRF Data source being set to SRRun02_grf
[info] Storage: read data file = SRRun02_grf.mot (nr=10005 nc=19)
[info] ExternalForce::RightGRF Data source being set to SRRun02_grf
[info] ExternalForce::LeftGRF Data source being set to SRRun02_grf
[info] Storage: read data file = SRRun02_grf.mot (nr=10005 nc=19)
[info] ExternalForce::RightGRF Data source being set to SRRun02_grf
[info] ExternalForce::LeftGRF Data source being set to SRRun02_grf
[info] Storage: read data file = SRRun02_grf.mot (nr=10005 nc=19)
[info] ExternalForce::RightGRF Data source being set to SRRun02_grf
[info] ExternalForce::LeftGRF Data source being set to SRRun02_grf
[info] Storage: read data file = SRRun02_grf.mot (nr=10005 nc=19)
[info] ExternalForce::RightGRF Data source being set to SRRun02_grf
[info] ExternalForce::LeftGRF Data source being set to SRRun02_grf
[info] Storage: read data file = SRRun02_grf.mot (nr=10005 nc=19)
[info] ExternalForce::RightGRF Data source being set to SRRun02_grf
[info] ExternalForce::LeftGRF Data source being set to SRRun02_grf
[info] Storage: read data file = SRRun02_grf.mot (nr=10005 nc=19)
[info] ExternalForce::RightGRF Data source being set to SRRun02_grf
[info] ExternalForce::LeftGRF Data source being set to SRRun02_grf
[info] Storage: read data file = SRRun02_grf.mot (nr=10005 nc=19)
[info] ExternalForce::RightGRF Data source being set to SRRun02_grf
[info] ExternalForce::LeftGRF Data source being set to SRRun02_grf
[info] Storage: read data file = SRRun02_grf.mot (nr=10005 nc=19)
[info] ExternalForce::RightGRF Data source being set to SRRun02_grf
[info] ExternalForce::LeftGRF Data source being set to SRRun02_grf
[info] Storage: read data file = SRRun02_grf.mot (nr=10005 nc=19)
[info] ExternalForce::RightGRF Data source being set to SRRun02_grf
[info] ExternalForce::LeftGRF Data source being set to SRRun02_grf
[info] Storage: read data file = SRRun02_grf.mot (nr=10005 nc=19)
[info] ExternalForce::RightGRF Data source being set to SRRun02_grf
[info] ExternalForce::LeftGRF Data source being set to SRRun02_grf
[info] Storage: read data file = SRRun02_grf.mot (nr=10005 nc=19)
[info] ExternalForce::RightGRF Data source being set to SRRun02_grf
[info] ExternalForce::LeftGRF Data source being set to SRRun02_grf
[info] Storage: read data file = SRRun02_grf.mot (nr=10005 nc=19)
[info] ExternalForce::RightGRF Data source being set to SRRun02_grf
[info] ExternalForce::LeftGRF Data source being set to SRRun02_grf
[info] Storage: read data file = SRRun02_grf.mot (nr=10005 nc=19)
[info] ExternalForce::RightGRF Data source being set to SRRun02_grf
[info] ExternalForce::LeftGRF Data source being set to SRRun02_grf
[info] Storage: read data file = SRRun02_grf.mot (nr=10005 nc=19)
[info] ExternalForce::RightGRF Data source being set to SRRun02_grf
[info] ExternalForce::LeftGRF Data source being set to SRRun02_grf
[info] Storage: read data file = SRRun02_grf.mot (nr=10005 nc=19)
[info] ExternalForce::RightGRF Data source being set to SRRun02_grf
[info] ExternalForce::LeftGRF Data source being set to SRRun02_grf
[info] Storage: read data file = SRRun02_grf.mot (nr=10005 nc=19)
[info] ExternalForce::RightGRF Data source being set to SRRun02_grf
[info] ExternalForce::LeftGRF Data source being set to SRRun02_grf
[info] Storage: read data file = SRRun02_grf.mot (nr=10005 nc=19)
[info] ExternalForce::RightGRF Data source being set to SRRun02_grf
[info] ExternalForce::LeftGRF Data source being set to SRRun02_grf
[info] Storage: read data file = SRRun02_grf.mot (nr=10005 nc=19)
[info] ExternalForce::RightGRF Data source being set to SRRun02_grf
[info] ExternalForce::LeftGRF Data source being set to SRRun02_grf
[info] Storage: read data file = SRRun02_grf.mot (nr=10005 nc=19)
[info] ExternalForce::RightGRF Data source being set to SRRun02_grf
[info] ExternalForce::LeftGRF Data source being set to SRRun02_grf
[info] Storage: read data file = SRRun02_grf.mot (nr=10005 nc=19)
[info] ExternalForce::RightGRF Data source being set to SRRun02_grf
[info] ExternalForce::LeftGRF Data source being set to SRRun02_grf
[info] Storage: read data file = SRRun02_grf.mot (nr=10005 nc=19)
[info] ExternalForce::RightGRF Data source being set to SRRun02_grf
[info] ExternalForce::LeftGRF Data source being set to SRRun02_grf
[info] Storage: read data file = SRRun02_grf.mot (nr=10005 nc=19)
[info] ExternalForce::RightGRF Data source being set to SRRun02_grf
[info] ExternalForce::LeftGRF Data source being set to SRRun02_grf
[info] Storage: read data file = SRRun02_grf.mot (nr=10005 nc=19)
[info] ExternalForce::RightGRF Data source being set to SRRun02_grf
[info] ExternalForce::LeftGRF Data source being set to SRRun02_grf
[info] Storage: read data file = SRRun02_grf.mot (nr=10005 nc=19)
[info] ExternalForce::RightGRF Data source being set to SRRun02_grf
[info] ExternalForce::LeftGRF Data source being set to SRRun02_grf
[info] Storage: read data file = SRRun02_grf.mot (nr=10005 nc=19)
[info] ExternalForce::RightGRF Data source being set to SRRun02_grf
[info] ExternalForce::LeftGRF Data source being set to SRRun02_grf
[info] Storage: read data file = SRRun02_grf.mot (nr=10005 nc=19)
[info] ExternalForce::RightGRF Data source being set to SRRun02_grf
[info] ExternalForce::LeftGRF Data source being set to SRRun02_grf
[info] Storage: read data file = SRRun02_grf.mot (nr=10005 nc=19)
[info] ExternalForce::RightGRF Data source being set to SRRun02_grf
[info] ExternalForce::LeftGRF Data source being set to SRRun02_grf
[info] Storage: read data file = SRRun02_grf.mot (nr=10005 nc=19)
[info] ExternalForce::RightGRF Data source being set to SRRun02_grf
[info] ExternalForce::LeftGRF Data source being set to SRRun02_grf
[info] Storage: read data file = SRRun02_grf.mot (nr=10005 nc=19)
[info] ExternalForce::RightGRF Data source being set to SRRun02_grf
[info] ExternalForce::LeftGRF Data source being set to SRRun02_grf
[info] Storage: read data file = SRRun02_grf.mot (nr=10005 nc=19)
[info] ExternalForce::RightGRF Data source being set to SRRun02_grf
[info] ExternalForce::LeftGRF Data source being set to SRRun02_grf
[info] Storage: read data file = SRRun02_grf.mot (nr=10005 nc=19)
[info] ExternalForce::RightGRF Data source being set to SRRun02_grf
[info] ExternalForce::LeftGRF Data source being set to SRRun02_grf
[info] Storage: read data file = SRRun02_grf.mot (nr=10005 nc=19)
[info] ExternalForce::RightGRF Data source being set to SRRun02_grf
[info] ExternalForce::LeftGRF Data source being set to SRRun02_grf
[info] Storage: read data file = SRRun02_grf.mot (nr=10005 nc=19)
[info] ExternalForce::RightGRF Data source being set to SRRun02_grf
[info] ExternalForce::LeftGRF Data source being set to SRRun02_grf
[info] Storage: read data file = SRRun02_grf.mot (nr=10005 nc=19)
[info] ExternalForce::RightGRF Data source being set to SRRun02_grf
[info] ExternalForce::LeftGRF Data source being set to SRRun02_grf
[info] Storage: read data file = SRRun02_grf.mot (nr=10005 nc=19)
[info] ExternalForce::RightGRF Data source being set to SRRun02_grf
[info] ExternalForce::LeftGRF Data source being set to SRRun02_grf
[info] Storage: read data file = SRRun02_grf.mot (nr=10005 nc=19)
[info] ExternalForce::RightGRF Data source being set to SRRun02_grf
[info] ExternalForce::LeftGRF Data source being set to SRRun02_grf
[info] Storage: read data file = SRRun02_grf.mot (nr=10005 nc=19)
[info] ExternalForce::RightGRF Data source being set to SRRun02_grf
[info] ExternalForce::LeftGRF Data source being set to SRRun02_grf
[info] Storage: read data file = SRRun02_grf.mot (nr=10005 nc=19)
[info] ExternalForce::RightGRF Data source being set to SRRun02_grf
[info] ExternalForce::LeftGRF Data source being set to SRRun02_grf
[info] Storage: read data file = SRRun02_grf.mot (nr=10005 nc=19)
[info] ExternalForce::RightGRF Data source being set to SRRun02_grf
[info] ExternalForce::LeftGRF Data source being set to SRRun02_grf
[info] Storage: read data file = SRRun02_grf.mot (nr=10005 nc=19)
[info] ExternalForce::RightGRF Data source being set to SRRun02_grf
[info] ExternalForce::LeftGRF Data source being set to SRRun02_grf
[info] Storage: read data file = SRRun02_grf.mot (nr=10005 nc=19)
[info] ExternalForce::RightGRF Data source being set to SRRun02_grf
[info] ExternalForce::LeftGRF Data source being set to SRRun02_grf
[info] Storage: read data file = SRRun02_grf.mot (nr=10005 nc=19)
[info] ExternalForce::RightGRF Data source being set to SRRun02_grf
[info] ExternalForce::LeftGRF Data source being set to SRRun02_grf
[info] Storage: read data file = SRRun02_grf.mot (nr=10005 nc=19)
[info] ExternalForce::RightGRF Data source being set to SRRun02_grf
[info] ExternalForce::LeftGRF Data source being set to SRRun02_grf
[info] Storage: read data file = SRRun02_grf.mot (nr=10005 nc=19)
[info] ExternalForce::RightGRF Data source being set to SRRun02_grf
[info] ExternalForce::LeftGRF Data source being set to SRRun02_grf
[info] Storage: read data file = SRRun02_grf.mot (nr=10005 nc=19)
[info] ExternalForce::RightGRF Data source being set to SRRun02_grf
[info] ExternalForce::LeftGRF Data source being set to SRRun02_grf
[info] Storage: read data file = SRRun02_grf.mot (nr=10005 nc=19)
[info] ExternalForce::RightGRF Data source being set to SRRun02_grf
[info] ExternalForce::LeftGRF Data source being set to SRRun02_grf
[info] Storage: read data file = SRRun02_grf.mot (nr=10005 nc=19)
[info] ExternalForce::RightGRF Data source being set to SRRun02_grf
[info] ExternalForce::LeftGRF Data source being set to SRRun02_grf
[info] Storage: read data file = SRRun02_grf.mot (nr=10005 nc=19)
[info] ExternalForce::RightGRF Data source being set to SRRun02_grf
[info] ExternalForce::LeftGRF Data source being set to SRRun02_grf
[info] Storage: read data file = SRRun02_grf.mot (nr=10005 nc=19)
[info] ExternalForce::RightGRF Data source being set to SRRun02_grf
[info] ExternalForce::LeftGRF Data source being set to SRRun02_grf
[info] Storage: read data file = SRRun02_grf.mot (nr=10005 nc=19)
[info] ExternalForce::RightGRF Data source being set to SRRun02_grf
[info] ExternalForce::LeftGRF Data source being set to SRRun02_grf
[info] Storage: read data file = SRRun02_grf.mot (nr=10005 nc=19)
[info] ExternalForce::RightGRF Data source being set to SRRun02_grf
[info] ExternalForce::LeftGRF Data source being set to SRRun02_grf
[info] Storage: read data file = SRRun02_grf.mot (nr=10005 nc=19)
[info] ExternalForce::RightGRF Data source being set to SRRun02_grf
[info] ExternalForce::LeftGRF Data source being set to SRRun02_grf
[info] Storage: read data file = SRRun02_grf.mot (nr=10005 nc=19)
[info] ExternalForce::RightGRF Data source being set to SRRun02_grf
[info] ExternalForce::LeftGRF Data source being set to SRRun02_grf
[info] Storage: read data file = SRRun02_grf.mot (nr=10005 nc=19)
[info] ExternalForce::RightGRF Data source being set to SRRun02_grf
[info] ExternalForce::LeftGRF Data source being set to SRRun02_grf
[info] Storage: read data file = SRRun02_grf.mot (nr=10005 nc=19)
[info] ExternalForce::RightGRF Data source being set to SRRun02_grf
[info] ExternalForce::LeftGRF Data source being set to SRRun02_grf
[info] Storage: read data file = SRRun02_grf.mot (nr=10005 nc=19)
[info] ExternalForce::RightGRF Data source being set to SRRun02_grf
[info] ExternalForce::LeftGRF Data source being set to SRRun02_grf
[info] Storage: read data file = SRRun02_grf.mot (nr=10005 nc=19)
[info] ExternalForce::RightGRF Data source being set to SRRun02_grf
[info] ExternalForce::LeftGRF Data source being set to SRRun02_grf
[info] Storage: read data file = SRRun02_grf.mot (nr=10005 nc=19)
[info] ExternalForce::RightGRF Data source being set to SRRun02_grf
[info] ExternalForce::LeftGRF Data source being set to SRRun02_grf
[info] Storage: read data file = SRRun02_grf.mot (nr=10005 nc=19)
[info] ExternalForce::RightGRF Data source being set to SRRun02_grf
[info] ExternalForce::LeftGRF Data source being set to SRRun02_grf
[info] Storage: read data file = SRRun02_grf.mot (nr=10005 nc=19)
[info] ExternalForce::RightGRF Data source being set to SRRun02_grf
[info] ExternalForce::LeftGRF Data source being set to SRRun02_grf
[info] Storage: read data file = SRRun02_grf.mot (nr=10005 nc=19)
[info] ExternalForce::RightGRF Data source being set to SRRun02_grf
[info] ExternalForce::LeftGRF Data source being set to SRRun02_grf
[info] Storage: read data file = SRRun02_grf.mot (nr=10005 nc=19)
[info] ExternalForce::RightGRF Data source being set to SRRun02_grf
[info] ExternalForce::LeftGRF Data source being set to SRRun02_grf
[info] Storage: read data file = SRRun02_grf.mot (nr=10005 nc=19)
[info] ExternalForce::RightGRF Data source being set to SRRun02_grf
[info] ExternalForce::LeftGRF Data source being set to SRRun02_grf
[info] Storage: read data file = SRRun02_grf.mot (nr=10005 nc=19)
[info] ExternalForce::RightGRF Data source being set to SRRun02_grf
[info] ExternalForce::LeftGRF Data source being set to SRRun02_grf
[info] Storage: read data file = SRRun02_grf.mot (nr=10005 nc=19)
[info] ExternalForce::RightGRF Data source being set to SRRun02_grf
[info] ExternalForce::LeftGRF Data source being set to SRRun02_grf
[info] Storage: read data file = SRRun02_grf.mot (nr=10005 nc=19)
[info] ExternalForce::RightGRF Data source being set to SRRun02_grf
[info] ExternalForce::LeftGRF Data source being set to SRRun02_grf
[info] Storage: read data file = SRRun02_grf.mot (nr=10005 nc=19)
[info] ExternalForce::RightGRF Data source being set to SRRun02_grf
[info] ExternalForce::LeftGRF Data source being set to SRRun02_grf
[info] Storage: read data file = SRRun02_grf.mot (nr=10005 nc=19)
[info] ExternalForce::RightGRF Data source being set to SRRun02_grf
[info] ExternalForce::LeftGRF Data source being set to SRRun02_grf
[info] Storage: read data file = SRRun02_grf.mot (nr=10005 nc=19)
[info] ExternalForce::RightGRF Data source being set to SRRun02_grf
[info] ExternalForce::LeftGRF Data source being set to SRRun02_grf
[info] Storage: read data file = SRRun02_grf.mot (nr=10005 nc=19)
[info] ExternalForce::RightGRF Data source being set to SRRun02_grf
[info] ExternalForce::LeftGRF Data source being set to SRRun02_grf
[info] Storage: read data file = SRRun02_grf.mot (nr=10005 nc=19)
[info] ExternalForce::RightGRF Data source being set to SRRun02_grf
[info] ExternalForce::LeftGRF Data source being set to SRRun02_grf
[info] Storage: read data file = SRRun02_grf.mot (nr=10005 nc=19)
[info] ExternalForce::RightGRF Data source being set to SRRun02_grf
[info] ExternalForce::LeftGRF Data source being set to SRRun02_grf
[info] Storage: read data file = SRRun02_grf.mot (nr=10005 nc=19)
[info] ExternalForce::RightGRF Data source being set to SRRun02_grf
[info] ExternalForce::LeftGRF Data source being set to SRRun02_grf
[info] Storage: read data file = SRRun02_grf.mot (nr=10005 nc=19)
[info] ExternalForce::RightGRF Data source being set to SRRun02_grf
[info] ExternalForce::LeftGRF Data source being set to SRRun02_grf
[info] Storage: read data file = SRRun02_grf.mot (nr=10005 nc=19)
[info] ExternalForce::RightGRF Data source being set to SRRun02_grf
[info] ExternalForce::LeftGRF Data source being set to SRRun02_grf
[info] Storage: read data file = SRRun02_grf.mot (nr=10005 nc=19)
[info] ExternalForce::RightGRF Data source being set to SRRun02_grf
[info] ExternalForce::LeftGRF Data source being set to SRRun02_grf
[info] Storage: read data file = SRRun02_grf.mot (nr=10005 nc=19)
[info] ExternalForce::RightGRF Data source being set to SRRun02_grf
[info] ExternalForce::LeftGRF Data source being set to SRRun02_grf
[info] Storage: read data file = SRRun02_grf.mot (nr=10005 nc=19)
[info] ExternalForce::RightGRF Data source being set to SRRun02_grf
[info] ExternalForce::LeftGRF Data source being set to SRRun02_grf
[info] Storage: read data file = SRRun02_grf.mot (nr=10005 nc=19)
[info] ExternalForce::RightGRF Data source being set to SRRun02_grf
[info] ExternalForce::LeftGRF Data source being set to SRRun02_grf
[info] Storage: read data file = SRRun02_grf.mot (nr=10005 nc=19)
[info] ExternalForce::RightGRF Data source being set to SRRun02_grf
[info] ExternalForce::LeftGRF Data source being set to SRRun02_grf
[info] Storage: read data file = SRRun02_grf.mot (nr=10005 nc=19)
[info] ExternalForce::RightGRF Data source being set to SRRun02_grf
[info] ExternalForce::LeftGRF Data source being set to SRRun02_grf
[info] Storage: read data file = SRRun02_grf.mot (nr=10005 nc=19)
[info] ExternalForce::RightGRF Data source being set to SRRun02_grf
[info] ExternalForce::LeftGRF Data source being set to SRRun02_grf
[info] Storage: read data file = SRRun02_grf.mot (nr=10005 nc=19)
[info] ExternalForce::RightGRF Data source being set to SRRun02_grf
[info] ExternalForce::LeftGRF Data source being set to SRRun02_grf
[info] Storage: read data file = SRRun02_grf.mot (nr=10005 nc=19)
[info] ExternalForce::RightGRF Data source being set to SRRun02_grf
[info] ExternalForce::LeftGRF Data source being set to SRRun02_grf
[info] Storage: read data file = SRRun02_grf.mot (nr=10005 nc=19)
[info] ExternalForce::RightGRF Data source being set to SRRun02_grf
[info] ExternalForce::LeftGRF Data source being set to SRRun02_grf
[info] Storage: read data file = SRRun02_grf.mot (nr=10005 nc=19)
[info] ExternalForce::RightGRF Data source being set to SRRun02_grf
[info] ExternalForce::LeftGRF Data source being set to SRRun02_grf
[info] Storage: read data file = SRRun02_grf.mot (nr=10005 nc=19)
[info] ExternalForce::RightGRF Data source being set to SRRun02_grf
[info] ExternalForce::LeftGRF Data source being set to SRRun02_grf
[info] Storage: read data file = SRRun02_grf.mot (nr=10005 nc=19)
[info] ExternalForce::RightGRF Data source being set to SRRun02_grf
[info] ExternalForce::LeftGRF Data source being set to SRRun02_grf
[info] Storage: read data file = SRRun02_grf.mot (nr=10005 nc=19)
[info] ExternalForce::RightGRF Data source being set to SRRun02_grf
[info] ExternalForce::LeftGRF Data source being set to SRRun02_grf
[info] Storage: read data file = SRRun02_grf.mot (nr=10005 nc=19)
[info] ExternalForce::RightGRF Data source being set to SRRun02_grf
[info] ExternalForce::LeftGRF Data source being set to SRRun02_grf
[info] Storage: read data file = SRRun02_grf.mot (nr=10005 nc=19)
[info] ExternalForce::RightGRF Data source being set to SRRun02_grf
[info] ExternalForce::LeftGRF Data source being set to SRRun02_grf
[info] Storage: read data file = SRRun02_grf.mot (nr=10005 nc=19)
[info] ExternalForce::RightGRF Data source being set to SRRun02_grf
[info] ExternalForce::LeftGRF Data source being set to SRRun02_grf
[info] Storage: read data file = SRRun02_grf.mot (nr=10005 nc=19)
[info] ExternalForce::RightGRF Data source being set to SRRun02_grf
[info] ExternalForce::LeftGRF Data source being set to SRRun02_grf
[info] Storage: read data file = SRRun02_grf.mot (nr=10005 nc=19)
[info] ExternalForce::RightGRF Data source being set to SRRun02_grf
[info] ExternalForce::LeftGRF Data source being set to SRRun02_grf
[info] Storage: read data file = SRRun02_grf.mot (nr=10005 nc=19)
[info] ExternalForce::RightGRF Data source being set to SRRun02_grf
[info] ExternalForce::LeftGRF Data source being set to SRRun02_grf
[info] Storage: read data file = SRRun02_grf.mot (nr=10005 nc=19)
[info] ExternalForce::RightGRF Data source being set to SRRun02_grf
[info] ExternalForce::LeftGRF Data source being set to SRRun02_grf
[info] Storage: read data file = SRRun02_grf.mot (nr=10005 nc=19)
[info] ExternalForce::RightGRF Data source being set to SRRun02_grf
[info] ExternalForce::LeftGRF Data source being set to SRRun02_grf
[info] Storage: read data file = SRRun02_grf.mot (nr=10005 nc=19)
[info] ExternalForce::RightGRF Data source being set to SRRun02_grf
[info] ExternalForce::LeftGRF Data source being set to SRRun02_grf
[info] Storage: read data file = SRRun02_grf.mot (nr=10005 nc=19)
[info] ExternalForce::RightGRF Data source being set to SRRun02_grf
[info] ExternalForce::LeftGRF Data source being set to SRRun02_grf
[info] Storage: read data file = SRRun02_grf.mot (nr=10005 nc=19)
[info] ExternalForce::RightGRF Data source being set to SRRun02_grf
[info] ExternalForce::LeftGRF Data source being set to SRRun02_grf
[info] Storage: read data file = SRRun02_grf.mot (nr=10005 nc=19)
[info] ExternalForce::RightGRF Data source being set to SRRun02_grf
[info] ExternalForce::LeftGRF Data source being set to SRRun02_grf
[info] Storage: read data file = SRRun02_grf.mot (nr=10005 nc=19)
[info] ExternalForce::RightGRF Data source being set to SRRun02_grf
[info] ExternalForce::LeftGRF Data source being set to SRRun02_grf
[info] Storage: read data file = SRRun02_grf.mot (nr=10005 nc=19)
[info] ExternalForce::RightGRF Data source being set to SRRun02_grf
[info] ExternalForce::LeftGRF Data source being set to SRRun02_grf
[info] Storage: read data file = SRRun02_grf.mot (nr=10005 nc=19)
[info] ExternalForce::RightGRF Data source being set to SRRun02_grf
[info] ExternalForce::LeftGRF Data source being set to SRRun02_grf
[info] Storage: read data file = SRRun02_grf.mot (nr=10005 nc=19)
[info] ExternalForce::RightGRF Data source being set to SRRun02_grf
[info] ExternalForce::LeftGRF Data source being set to SRRun02_grf
[info] Storage: read data file = SRRun02_grf.mot (nr=10005 nc=19)
[info] ExternalForce::RightGRF Data source being set to SRRun02_grf
[info] ExternalForce::LeftGRF Data source being set to SRRun02_grf
[info] Storage: read data file = SRRun02_grf.mot (nr=10005 nc=19)
[info] ExternalForce::RightGRF Data source being set to SRRun02_grf
[info] ExternalForce::LeftGRF Data source being set to SRRun02_grf
[info] Storage: read data file = SRRun02_grf.mot (nr=10005 nc=19)
[info] ExternalForce::RightGRF Data source being set to SRRun02_grf
[info] ExternalForce::LeftGRF Data source being set to SRRun02_grf
[info] Storage: read data file = SRRun02_grf.mot (nr=10005 nc=19)
[info] ExternalForce::RightGRF Data source being set to SRRun02_grf
[info] ExternalForce::LeftGRF Data source being set to SRRun02_grf
[info] Storage: read data file = SRRun02_grf.mot (nr=10005 nc=19)
[info] ExternalForce::RightGRF Data source being set to SRRun02_grf
[info] ExternalForce::LeftGRF Data source being set to SRRun02_grf
[info] Storage: read data file = SRRun02_grf.mot (nr=10005 nc=19)
[info] ExternalForce::RightGRF Data source being set to SRRun02_grf
[info] ExternalForce::LeftGRF Data source being set to SRRun02_grf
[info] Storage: read data file = SRRun02_grf.mot (nr=10005 nc=19)
[info] ExternalForce::RightGRF Data source being set to SRRun02_grf
[info] ExternalForce::LeftGRF Data source being set to SRRun02_grf
[info] Storage: read data file = SRRun02_grf.mot (nr=10005 nc=19)
[info] ExternalForce::RightGRF Data source being set to SRRun02_grf
[info] ExternalForce::LeftGRF Data source being set to SRRun02_grf
[info] Storage: read data file = SRRun02_grf.mot (nr=10005 nc=19)
[info] ExternalForce::RightGRF Data source being set to SRRun02_grf
[info] ExternalForce::LeftGRF Data source being set to SRRun02_grf
[info] Storage: read data file = SRRun02_grf.mot (nr=10005 nc=19)
[info] ExternalForce::RightGRF Data source being set to SRRun02_grf
[info] ExternalForce::LeftGRF Data source being set to SRRun02_grf
[info] Storage: read data file = SRRun02_grf.mot (nr=10005 nc=19)
[info] ExternalForce::RightGRF Data source being set to SRRun02_grf
[info] ExternalForce::LeftGRF Data source being set to SRRun02_grf
[info] Storage: read data file = SRRun02_grf.mot (nr=10005 nc=19)
[info] ExternalForce::RightGRF Data source being set to SRRun02_grf
[info] ExternalForce::LeftGRF Data source being set to SRRun02_grf
[info] Storage: read data file = SRRun02_grf.mot (nr=10005 nc=19)
[info] ExternalForce::RightGRF Data source being set to SRRun02_grf
[info] ExternalForce::LeftGRF Data source being set to SRRun02_grf
[info] Storage: read data file = SRRun02_grf.mot (nr=10005 nc=19)
[info] ExternalForce::RightGRF Data source being set to SRRun02_grf
[info] ExternalForce::LeftGRF Data source being set to SRRun02_grf
[info] Storage: read data file = SRRun02_grf.mot (nr=10005 nc=19)
[info] ExternalForce::RightGRF Data source being set to SRRun02_grf
[info] ExternalForce::LeftGRF Data source being set to SRRun02_grf
[info] Storage: read data file = SRRun02_grf.mot (nr=10005 nc=19)
[info] ExternalForce::RightGRF Data source being set to SRRun02_grf
[info] ExternalForce::LeftGRF Data source being set to SRRun02_grf
[info] Storage: read data file = SRRun02_grf.mot (nr=10005 nc=19)
[info] ExternalForce::RightGRF Data source being set to SRRun02_grf
[info] ExternalForce::LeftGRF Data source being set to SRRun02_grf
[info] Storage: read data file = SRRun02_grf.mot (nr=10005 nc=19)
[info] ExternalForce::RightGRF Data source being set to SRRun02_grf
[info] ExternalForce::LeftGRF Data source being set to SRRun02_grf
[info] Storage: read data file = SRRun02_grf.mot (nr=10005 nc=19)
[info] ExternalForce::RightGRF Data source being set to SRRun02_grf
[info] ExternalForce::LeftGRF Data source being set to SRRun02_grf
[info] Storage: read data file = SRRun02_grf.mot (nr=10005 nc=19)
[info] ExternalForce::RightGRF Data source being set to SRRun02_grf
[info] ExternalForce::LeftGRF Data source being set to SRRun02_grf
[info] Storage: read data file = SRRun02_grf.mot (nr=10005 nc=19)
[info] ExternalForce::RightGRF Data source being set to SRRun02_grf
[info] ExternalForce::LeftGRF Data source being set to SRRun02_grf
[info] Storage: read data file = SRRun02_grf.mot (nr=10005 nc=19)
[info] ExternalForce::RightGRF Data source being set to SRRun02_grf
[info] ExternalForce::LeftGRF Data source being set to SRRun02_grf
[info] Storage: read data file = SRRun02_grf.mot (nr=10005 nc=19)
[info] ExternalForce::RightGRF Data source being set to SRRun02_grf
[info] ExternalForce::LeftGRF Data source being set to SRRun02_grf
[info] Storage: read data file = SRRun02_grf.mot (nr=10005 nc=19)
[info] ExternalForce::RightGRF Data source being set to SRRun02_grf
[info] ExternalForce::LeftGRF Data source being set to SRRun02_grf
[info] Storage: read data file = SRRun02_grf.mot (nr=10005 nc=19)
[info] ExternalForce::RightGRF Data source being set to SRRun02_grf
[info] ExternalForce::LeftGRF Data source being set to SRRun02_grf
[info] Storage: read data file = SRRun02_grf.mot (nr=10005 nc=19)
[info] ExternalForce::RightGRF Data source being set to SRRun02_grf
[info] ExternalForce::LeftGRF Data source being set to SRRun02_grf
[info] Storage: read data file = SRRun02_grf.mot (nr=10005 nc=19)
[info] ExternalForce::RightGRF Data source being set to SRRun02_grf
[info] ExternalForce::LeftGRF Data source being set to SRRun02_grf
[info] Storage: read data file = SRRun02_grf.mot (nr=10005 nc=19)
[info] ExternalForce::RightGRF Data source being set to SRRun02_grf
[info] ExternalForce::LeftGRF Data source being set to SRRun02_grf
[info] Storage: read data file = SRRun02_grf.mot (nr=10005 nc=19)
[info] ExternalForce::RightGRF Data source being set to SRRun02_grf
[info] ExternalForce::LeftGRF Data source being set to SRRun02_grf
[info] Storage: read data file = SRRun02_grf.mot (nr=10005 nc=19)
[info] ExternalForce::RightGRF Data source being set to SRRun02_grf
[info] ExternalForce::LeftGRF Data source being set to SRRun02_grf
[info] Storage: read data file = SRRun02_grf.mot (nr=10005 nc=19)
[info] ExternalForce::RightGRF Data source being set to SRRun02_grf
[info] ExternalForce::LeftGRF Data source being set to SRRun02_grf
[info] Storage: read data file = SRRun02_grf.mot (nr=10005 nc=19)
[info] ExternalForce::RightGRF Data source being set to SRRun02_grf
[info] ExternalForce::LeftGRF Data source being set to SRRun02_grf
[info] Storage: read data file = SRRun02_grf.mot (nr=10005 nc=19)
[info] ExternalForce::RightGRF Data source being set to SRRun02_grf
[info] ExternalForce::LeftGRF Data source being set to SRRun02_grf
[info] Storage: read data file = SRRun02_grf.mot (nr=10005 nc=19)
[info] ExternalForce::RightGRF Data source being set to SRRun02_grf
[info] ExternalForce::LeftGRF Data source being set to SRRun02_grf
[info] Storage: read data file = SRRun02_grf.mot (nr=10005 nc=19)
[info] ExternalForce::RightGRF Data source being set to SRRun02_grf
[info] ExternalForce::LeftGRF Data source being set to SRRun02_grf
[info] Storage: read data file = SRRun02_grf.mot (nr=10005 nc=19)
[info] ExternalForce::RightGRF Data source being set to SRRun02_grf
[info] ExternalForce::LeftGRF Data source being set to SRRun02_grf
[info] Storage: read data file = SRRun02_grf.mot (nr=10005 nc=19)
[info] ExternalForce::RightGRF Data source being set to SRRun02_grf
[info] ExternalForce::LeftGRF Data source being set to SRRun02_grf
[info] Storage: read data file = SRRun02_grf.mot (nr=10005 nc=19)
[info] ExternalForce::RightGRF Data source being set to SRRun02_grf
[info] ExternalForce::LeftGRF Data source being set to SRRun02_grf
[info] Storage: read data file = SRRun02_grf.mot (nr=10005 nc=19)
[info] ExternalForce::RightGRF Data source being set to SRRun02_grf
[info] ExternalForce::LeftGRF Data source being set to SRRun02_grf
[info] Storage: read data file = SRRun02_grf.mot (nr=10005 nc=19)
[info] ExternalForce::RightGRF Data source being set to SRRun02_grf
[info] ExternalForce::LeftGRF Data source being set to SRRun02_grf
[info] Storage: read data file = SRRun02_grf.mot (nr=10005 nc=19)
[info] ExternalForce::RightGRF Data source being set to SRRun02_grf
[info] ExternalForce::LeftGRF Data source being set to SRRun02_grf
[info] Storage: read data file = SRRun02_grf.mot (nr=10005 nc=19)
[info] ExternalForce::RightGRF Data source being set to SRRun02_grf
[info] ExternalForce::LeftGRF Data source being set to SRRun02_grf
[info] Storage: read data file = SRRun02_grf.mot (nr=10005 nc=19)
[info] ExternalForce::RightGRF Data source being set to SRRun02_grf
[info] ExternalForce::LeftGRF Data source being set to SRRun02_grf
[info] Storage: read data file = SRRun02_grf.mot (nr=10005 nc=19)
[info] ExternalForce::RightGRF Data source being set to SRRun02_grf
[info] ExternalForce::LeftGRF Data source being set to SRRun02_grf
[info] Storage: read data file = SRRun02_grf.mot (nr=10005 nc=19)
[info] ExternalForce::RightGRF Data source being set to SRRun02_grf
[info] ExternalForce::LeftGRF Data source being set to SRRun02_grf
[info] Storage: read data file = SRRun02_grf.mot (nr=10005 nc=19)
[info] ExternalForce::RightGRF Data source being set to SRRun02_grf
[info] ExternalForce::LeftGRF Data source being set to SRRun02_grf
[info] Storage: read data file = SRRun02_grf.mot (nr=10005 nc=19)
[info] ExternalForce::RightGRF Data source being set to SRRun02_grf
[info] ExternalForce::LeftGRF Data source being set to SRRun02_grf
[info] Storage: read data file = SRRun02_grf.mot (nr=10005 nc=19)
[info] ExternalForce::RightGRF Data source being set to SRRun02_grf
[info] ExternalForce::LeftGRF Data source being set to SRRun02_grf
[info] Storage: read data file = SRRun02_grf.mot (nr=10005 nc=19)
[info] ExternalForce::RightGRF Data source being set to SRRun02_grf
[info] ExternalForce::LeftGRF Data source being set to SRRun02_grf
[info] Storage: read data file = SRRun02_grf.mot (nr=10005 nc=19)
[info] ExternalForce::RightGRF Data source being set to SRRun02_grf
[info] ExternalForce::LeftGRF Data source being set to SRRun02_grf
[info] Storage: read data file = SRRun02_grf.mot (nr=10005 nc=19)
[info] ExternalForce::RightGRF Data source being set to SRRun02_grf
[info] ExternalForce::LeftGRF Data source being set to SRRun02_grf
[info] Storage: read data file = SRRun02_grf.mot (nr=10005 nc=19)
[info] ExternalForce::RightGRF Data source being set to SRRun02_grf
[info] ExternalForce::LeftGRF Data source being set to SRRun02_grf
[info] Storage: read data file = SRRun02_grf.mot (nr=10005 nc=19)
[info] ExternalForce::RightGRF Data source being set to SRRun02_grf
[info] ExternalForce::LeftGRF Data source being set to SRRun02_grf
[info] Storage: read data file = SRRun02_grf.mot (nr=10005 nc=19)
[info] ExternalForce::RightGRF Data source being set to SRRun02_grf
[info] ExternalForce::LeftGRF Data source being set to SRRun02_grf
[info] Storage: read data file = SRRun02_grf.mot (nr=10005 nc=19)
[info] ExternalForce::RightGRF Data source being set to SRRun02_grf
[info] ExternalForce::LeftGRF Data source being set to SRRun02_grf
[info] Storage: read data file = SRRun02_grf.mot (nr=10005 nc=19)
[info] ExternalForce::RightGRF Data source being set to SRRun02_grf
[info] ExternalForce::LeftGRF Data source being set to SRRun02_grf
[info] Storage: read data file = SRRun02_grf.mot (nr=10005 nc=19)
[info] ExternalForce::RightGRF Data source being set to SRRun02_grf
[info] ExternalForce::LeftGRF Data source being set to SRRun02_grf
[info] Storage: read data file = SRRun02_grf.mot (nr=10005 nc=19)
[info] ExternalForce::RightGRF Data source being set to SRRun02_grf
[info] ExternalForce::LeftGRF Data source being set to SRRun02_grf
[info] Storage: read data file = SRRun02_grf.mot (nr=10005 nc=19)
[info] ExternalForce::RightGRF Data source being set to SRRun02_grf
[info] ExternalForce::LeftGRF Data source being set to SRRun02_grf
[info] Storage: read data file = SRRun02_grf.mot (nr=10005 nc=19)
[info] ExternalForce::RightGRF Data source being set to SRRun02_grf
[info] ExternalForce::LeftGRF Data source being set to SRRun02_grf
[info] Storage: read data file = SRRun02_grf.mot (nr=10005 nc=19)
[info] ExternalForce::RightGRF Data source being set to SRRun02_grf
[info] ExternalForce::LeftGRF Data source being set to SRRun02_grf
[info] Storage: read data file = SRRun02_grf.mot (nr=10005 nc=19)
[info] ExternalForce::RightGRF Data source being set to SRRun02_grf
[info] ExternalForce::LeftGRF Data source being set to SRRun02_grf
[info] Storage: read data file = SRRun02_grf.mot (nr=10005 nc=19)
[info] ExternalForce::RightGRF Data source being set to SRRun02_grf
[info] ExternalForce::LeftGRF Data source being set to SRRun02_grf
[info] Storage: read data file = SRRun02_grf.mot (nr=10005 nc=19)
[info] ExternalForce::RightGRF Data source being set to SRRun02_grf
[info] ExternalForce::LeftGRF Data source being set to SRRun02_grf
[info] Storage: read data file = SRRun02_grf.mot (nr=10005 nc=19)
[info] ExternalForce::RightGRF Data source being set to SRRun02_grf
[info] ExternalForce::LeftGRF Data source being set to SRRun02_grf
[info] Storage: read data file = SRRun02_grf.mot (nr=10005 nc=19)
[info] ExternalForce::RightGRF Data source being set to SRRun02_grf
[info] ExternalForce::LeftGRF Data source being set to SRRun02_grf
[info] Storage: read data file = SRRun02_grf.mot (nr=10005 nc=19)
[info] ExternalForce::RightGRF Data source being set to SRRun02_grf
[info] ExternalForce::LeftGRF Data source being set to SRRun02_grf
[info] Storage: read data file = SRRun02_grf.mot (nr=10005 nc=19)
[info] ExternalForce::RightGRF Data source being set to SRRun02_grf
[info] ExternalForce::LeftGRF Data source being set to SRRun02_grf
[info] Storage: read data file = SRRun02_grf.mot (nr=10005 nc=19)
[info] ExternalForce::RightGRF Data source being set to SRRun02_grf
[info] ExternalForce::LeftGRF Data source being set to SRRun02_grf
[info] Storage: read data file = SRRun02_grf.mot (nr=10005 nc=19)
[info] ExternalForce::RightGRF Data source being set to SRRun02_grf
[info] ExternalForce::LeftGRF Data source being set to SRRun02_grf
[info] Storage: read data file = SRRun02_grf.mot (nr=10005 nc=19)
[info] ExternalForce::RightGRF Data source being set to SRRun02_grf
[info] ExternalForce::LeftGRF Data source being set to SRRun02_grf
[info] Storage: read data file = SRRun02_grf.mot (nr=10005 nc=19)
[info] ExternalForce::RightGRF Data source being set to SRRun02_grf
[info] ExternalForce::LeftGRF Data source being set to SRRun02_grf
[info] Storage: read data file = SRRun02_grf.mot (nr=10005 nc=19)
[info] ExternalForce::RightGRF Data source being set to SRRun02_grf
[info] ExternalForce::LeftGRF Data source being set to SRRun02_grf
[info] Storage: read data file = SRRun02_grf.mot (nr=10005 nc=19)
[info] ExternalForce::RightGRF Data source being set to SRRun02_grf
[info] ExternalForce::LeftGRF Data source being set to SRRun02_grf
[info] Storage: read data file = SRRun02_grf.mot (nr=10005 nc=19)
[info] ExternalForce::RightGRF Data source being set to SRRun02_grf
[info] ExternalForce::LeftGRF Data source being set to SRRun02_grf
[info] Storage: read data file = SRRun02_grf.mot (nr=10005 nc=19)
[info] ExternalForce::RightGRF Data source being set to SRRun02_grf
[info] ExternalForce::LeftGRF Data source being set to SRRun02_grf
[info] Storage: read data file = SRRun02_grf.mot (nr=10005 nc=19)
[info] ExternalForce::RightGRF Data source being set to SRRun02_grf
[info] ExternalForce::LeftGRF Data source being set to SRRun02_grf
[info] Storage: read data file = SRRun02_grf.mot (nr=10005 nc=19)
[info] ExternalForce::RightGRF Data source being set to SRRun02_grf
[info] ExternalForce::LeftGRF Data source being set to SRRun02_grf
[info] Storage: read data file = SRRun02_grf.mot (nr=10005 nc=19)
[info] ExternalForce::RightGRF Data source being set to SRRun02_grf
[info] ExternalForce::LeftGRF Data source being set to SRRun02_grf
[info] Storage: read data file = SRRun02_grf.mot (nr=10005 nc=19)
[info] ExternalForce::RightGRF Data source being set to SRRun02_grf
[info] ExternalForce::LeftGRF Data source being set to SRRun02_grf
[info] Storage: read data file = SRRun02_grf.mot (nr=10005 nc=19)
[info] ExternalForce::RightGRF Data source being set to SRRun02_grf
[info] ExternalForce::LeftGRF Data source being set to SRRun02_grf
[info] Storage: read data file = SRRun02_grf.mot (nr=10005 nc=19)
[info] ExternalForce::RightGRF Data source being set to SRRun02_grf
[info] ExternalForce::LeftGRF Data source being set to SRRun02_grf
[info] Storage: read data file = SRRun02_grf.mot (nr=10005 nc=19)
[info] ExternalForce::RightGRF Data source being set to SRRun02_grf
[info] ExternalForce::LeftGRF Data source being set to SRRun02_grf
[info] Storage: read data file = SRRun02_grf.mot (nr=10005 nc=19)
[info] ExternalForce::RightGRF Data source being set to SRRun02_grf
[info] ExternalForce::LeftGRF Data source being set to SRRun02_grf
[info] Storage: read data file = SRRun02_grf.mot (nr=10005 nc=19)
[info] ExternalForce::RightGRF Data source being set to SRRun02_grf
[info] ExternalForce::LeftGRF Data source being set to SRRun02_grf
[info] Storage: read data file = SRRun02_grf.mot (nr=10005 nc=19)
[info] ExternalForce::RightGRF Data source being set to SRRun02_grf
[info] ExternalForce::LeftGRF Data source being set to SRRun02_grf
[info] Storage: read data file = SRRun02_grf.mot (nr=10005 nc=19)
[info] ExternalForce::RightGRF Data source being set to SRRun02_grf
[info] ExternalForce::LeftGRF Data source being set to SRRun02_grf
[info] Storage: read data file = SRRun02_grf.mot (nr=10005 nc=19)
[info] ExternalForce::RightGRF Data source being set to SRRun02_grf
[info] ExternalForce::LeftGRF Data source being set to SRRun02_grf
[info] Storage: read data file = SRRun02_grf.mot (nr=10005 nc=19)
[info] ExternalForce::RightGRF Data source being set to SRRun02_grf
[info] ExternalForce::LeftGRF Data source being set to SRRun02_grf
[info] Storage: read data file = SRRun02_grf.mot (nr=10005 nc=19)
[info] ExternalForce::RightGRF Data source being set to SRRun02_grf
[info] ExternalForce::LeftGRF Data source being set to SRRun02_grf
[info] Storage: read data file = SRRun02_grf.mot (nr=10005 nc=19)
[info] ExternalForce::RightGRF Data source being set to SRRun02_grf
[info] ExternalForce::LeftGRF Data source being set to SRRun02_grf
[info] Storage: read data file = SRRun02_grf.mot (nr=10005 nc=19)
[info] ExternalForce::RightGRF Data source being set to SRRun02_grf
[info] ExternalForce::LeftGRF Data source being set to SRRun02_grf
[info] Storage: read data file = SRRun02_grf.mot (nr=10005 nc=19)
[info] ExternalForce::RightGRF Data source being set to SRRun02_grf
[info] ExternalForce::LeftGRF Data source being set to SRRun02_grf
[info] Storage: read data file = SRRun02_grf.mot (nr=10005 nc=19)
[info] ExternalForce::RightGRF Data source being set to SRRun02_grf
[info] ExternalForce::LeftGRF Data source being set to SRRun02_grf
[info] Storage: read data file = SRRun02_grf.mot (nr=10005 nc=19)
[info] ExternalForce::RightGRF Data source being set to SRRun02_grf
[info] ExternalForce::LeftGRF Data source being set to SRRun02_grf
[info] Storage: read data file = SRRun02_grf.mot (nr=10005 nc=19)
[info] ExternalForce::RightGRF Data source being set to SRRun02_grf
[info] ExternalForce::LeftGRF Data source being set to SRRun02_grf
[info] Storage: read data file = SRRun02_grf.mot (nr=10005 nc=19)
[info] ExternalForce::RightGRF Data source being set to SRRun02_grf
[info] ExternalForce::LeftGRF Data source being set to SRRun02_grf
[info] Storage: read data file = SRRun02_grf.mot (nr=10005 nc=19)
[info] ExternalForce::RightGRF Data source being set to SRRun02_grf
[info] ExternalForce::LeftGRF Data source being set to SRRun02_grf
[info] Storage: read data file = SRRun02_grf.mot (nr=10005 nc=19)
[info] ExternalForce::RightGRF Data source being set to SRRun02_grf
[info] ExternalForce::LeftGRF Data source being set to SRRun02_grf
[info] Storage: read data file = SRRun02_grf.mot (nr=10005 nc=19)
[info] ExternalForce::RightGRF Data source being set to SRRun02_grf
[info] ExternalForce::LeftGRF Data source being set to SRRun02_grf
[info] Storage: read data file = SRRun02_grf.mot (nr=10005 nc=19)
[info] ExternalForce::RightGRF Data source being set to SRRun02_grf
[info] ExternalForce::LeftGRF Data source being set to SRRun02_grf
[info] Storage: read data file = SRRun02_grf.mot (nr=10005 nc=19)
[info] ExternalForce::RightGRF Data source being set to SRRun02_grf
[info] ExternalForce::LeftGRF Data source being set to SRRun02_grf
[info] Storage: read data file = SRRun02_grf.mot (nr=10005 nc=19)
[info] ExternalForce::RightGRF Data source being set to SRRun02_grf
[info] ExternalForce::LeftGRF Data source being set to SRRun02_grf
[info] Storage: read data file = SRRun02_grf.mot (nr=10005 nc=19)
[info] ExternalForce::RightGRF Data source being set to SRRun02_grf
[info] ExternalForce::LeftGRF Data source being set to SRRun02_grf
[info] Storage: read data file = SRRun02_grf.mot (nr=10005 nc=19)
[info] ExternalForce::RightGRF Data source being set to SRRun02_grf
[info] ExternalForce::LeftGRF Data source being set to SRRun02_grf
[info] Storage: read data file = SRRun02_grf.mot (nr=10005 nc=19)
[info] ExternalForce::RightGRF Data source being set to SRRun02_grf
[info] ExternalForce::LeftGRF Data source being set to SRRun02_grf
[info] ========================================================================
[info] MocoCasADiSolver starting.
[info] Tue Jun  2 12:17:26 2026
[info] ------------------------------------------------------------------------
[info] Costs: (total: 2)
[info]   marker_tracking. MocoMarkerTrackingGoal, enabled: true, mode: cost, weight: 10
[info]         allow unused references: 
[info]         tracked marker(s):
[info]             C7, weight: 1
[info]             T10, weight: 1
[info]             CLAV, weight: 1
[info]             LSHO, weight: 1
[info]             RSHO, weight: 1
[info]             LASIS, weight: 5
[info]             RASIS, weight: 5
[info]             LPSIS, weight: 5
[info]             RPSIS, weight: 5
[info]             LILCR, weight: 2.5
[info]             RILCR, weight: 2.5
[info]             LGTR, weight: 1
[info]             LTHI, weight: 5
[info]             LLTHI, weight: 5
[info]             LLEP, weight: 1
[info]             LPSH, weight: 5
[info]             LLSH, weight: 5
[info]             LDSH, weight: 5
[info]             LLMAL, weight: 1
[info]             LTOE, weight: 10
[info]             L5TH, weight: 10
[info]             LHEE, weight: 5
[info]             RGTR, weight: 1
[info]             RTHI, weight: 5
[info]             RLTHI, weight: 5
[info]             RLEP, weight: 1
[info]             RPSH, weight: 5
[info]             RLSH, weight: 5
[info]             RDSH, weight: 5
[info]             RLMAL, weight: 1
[info]             RTOE, weight: 10
[info]             R5TH, weight: 10
[info]             RHEE, weight: 5
[info]   control_effort. MocoControlGoal, enabled: true, mode: cost, weight: 1
[info]         control: /forceset/addbrev_r, weight: 1
[info]         control: /forceset/addlong_r, weight: 1
[info]         control: /forceset/addmagDist_r, weight: 1
[info]         control: /forceset/addmagIsch_r, weight: 1
[info]         control: /forceset/addmagMid_r, weight: 1
[info]         control: /forceset/addmagProx_r, weight: 1
[info]         control: /forceset/bflh_r, weight: 1
[info]         control: /forceset/bfsh_r, weight: 1
[info]         control: /forceset/edl_r, weight: 1
[info]         control: /forceset/ehl_r, weight: 1
[info]         control: /forceset/fdl_r, weight: 1
[info]         control: /forceset/fhl_r, weight: 1
[info]         control: /forceset/gaslat_r, weight: 1
[info]         control: /forceset/gasmed_r, weight: 1
[info]         control: /forceset/glmax1_r, weight: 1
[info]         control: /forceset/glmax2_r, weight: 1
[info]         control: /forceset/glmax3_r, weight: 1
[info]         control: /forceset/glmed1_r, weight: 1
[info]         control: /forceset/glmed2_r, weight: 1
[info]         control: /forceset/glmed3_r, weight: 1
[info]         control: /forceset/glmin1_r, weight: 1
[info]         control: /forceset/glmin2_r, weight: 1
[info]         control: /forceset/glmin3_r, weight: 1
[info]         control: /forceset/grac_r, weight: 1
[info]         control: /forceset/iliacus_r, weight: 1
[info]         control: /forceset/perbrev_r, weight: 1
[info]         control: /forceset/perlong_r, weight: 1
[info]         control: /forceset/piri_r, weight: 1
[info]         control: /forceset/psoas_r, weight: 1
[info]         control: /forceset/recfem_r, weight: 1
[info]         control: /forceset/sart_r, weight: 1
[info]         control: /forceset/semimem_r, weight: 1
[info]         control: /forceset/semiten_r, weight: 1
[info]         control: /forceset/soleus_r, weight: 1
[info]         control: /forceset/tfl_r, weight: 1
[info]         control: /forceset/tibant_r, weight: 1
[info]         control: /forceset/tibpost_r, weight: 1
[info]         control: /forceset/vasint_r, weight: 1
[info]         control: /forceset/vaslat_r, weight: 1
[info]         control: /forceset/vasmed_r, weight: 1
[info]         control: /forceset/pelvis_tx_residual, weight: 10
[info]         control: /forceset/pelvis_ty_residual, weight: 10
[info]         control: /forceset/pelvis_tz_residual, weight: 10
[info]         control: /forceset/pelvis_tilt_residual, weight: 10
[info]         control: /forceset/pelvis_list_residual, weight: 10
[info]         control: /forceset/pelvis_rotation_residual, weight: 10
[info]         control: /forceset/hip_flexion_r_reserve, weight: 5
[info]         control: /forceset/hip_adduction_r_reserve, weight: 5
[info]         control: /forceset/hip_rotation_r_reserve, weight: 5
[info]         control: /forceset/knee_angle_r_reserve, weight: 5
[info]         control: /forceset/ankle_angle_r_reserve, weight: 5
[info]         control: /forceset/subtalar_angle_r_reserve, weight: 5
[info]         control: /forceset/hip_flexion_l_torque, weight: 0.01
[info]         control: /forceset/hip_adduction_l_torque, weight: 0.01
[info]         control: /forceset/hip_rotation_l_torque, weight: 0.01
[info]         control: /forceset/knee_angle_l_torque, weight: 0.01
[info]         control: /forceset/ankle_angle_l_torque, weight: 0.01
[info]         control: /forceset/subtalar_angle_l_torque, weight: 0.01
[info] Endpoint constraints: (total: 1)
[info]   initial_activation. MocoInitialActivationGoal, enabled: true, mode: endpoint_constraint
[info] Kinematic constraints: (total: 2)
[info]   kinematic_constraint_cid20. MocoConstraintInfo. number of scalar equations: 3. bounds: 0, 0, 0
[info]   kinematic_constraint_cid21. MocoConstraintInfo. number of scalar equations: 3. bounds: 0, 0, 0
[info] Path constraints: none
[info] States: (total: 80)
[info]   /jointset/subtalar_l/subtalar_angle_l/speed. bounds: [-50, 50]
[info]   /jointset/patellofemoral_l/knee_angle_l_beta/speed. bounds: [-50, 50]
[info]   /jointset/walker_knee_l/knee_angle_l/speed. bounds: [-50, 50]
[info]   /jointset/hip_l/hip_adduction_l/speed. bounds: [-50, 50]
[info]   /jointset/hip_l/hip_flexion_l/speed. bounds: [-50, 50]
[info]   /jointset/subtalar_r/subtalar_angle_r/speed. bounds: [-50, 50]
[info]   /jointset/ankle_r/ankle_angle_r/speed. bounds: [-50, 50]
[info]   /jointset/patellofemoral_r/knee_angle_r_beta/speed. bounds: [-50, 50]
[info]   /jointset/patellofemoral_l/knee_angle_l_beta/value. bounds: [-99999.9, 99999.9]
[info]   /jointset/patellofemoral_r/knee_angle_r_beta/value. bounds: [-99999.9, 99999.9]
[info]   /jointset/ground_pelvis/pelvis_tx/speed. bounds: [-50, 50]
[info]   /jointset/ground_pelvis/pelvis_rotation/speed. bounds: [-50, 50]
[info]   /jointset/subtalar_l/subtalar_angle_l/value. bounds: [-0.523342, 0.2457] initial: [-0.479647, -0.25992]
[info]   /jointset/ground_pelvis/pelvis_ty/speed. bounds: [-50, 50]
[info]   /jointset/ground_pelvis/pelvis_tilt/speed. bounds: [-50, 50]
[info]   /jointset/ankle_l/ankle_angle_l/value. bounds: [-0.698132, 0.529157] initial: [-0.371805, 0.0151242]
[info]   /jointset/hip_r/hip_adduction_r/speed. bounds: [-50, 50]
[info]   /jointset/hip_l/hip_rotation_l/value. bounds: [-0.11334, 0.134322] initial: [0.0635613, 0.134322]
[info]   /jointset/hip_l/hip_flexion_l/value. bounds: [-0.36368, 0.873435] initial: [0.513339, 0.8668]
[info]   /jointset/subtalar_r/subtalar_angle_r/value. bounds: [-0.53475, 0.167439] initial: [-0.17322, 0.0274052]
[info]   /jointset/ground_pelvis/pelvis_tz/speed. bounds: [-50, 50]
[info]   /jointset/hip_r/hip_rotation_r/value. bounds: [-0.19686, 0.117885] initial: [-0.0702135, 0.0197137]
[info]   /jointset/ground_pelvis/pelvis_tz/value. bounds: [-0.370976, -0.331046] initial: [-0.365549, -0.35414]
[info]   /jointset/ground_pelvis/pelvis_rotation/value. bounds: [-0.0890704, 0.167181] initial: [-0.00119586, 0.0720189]
[info]   /jointset/walker_knee_l/knee_angle_l/value. bounds: [0, 1.76161] initial: [0.705047, 1.27354]
[info]   /jointset/ground_pelvis/pelvis_list/value. bounds: [-0.134392, 0.0998446] initial: [-0.0115352, 0.0553894]
[info]   /jointset/ground_pelvis/pelvis_tilt/value. bounds: [-0.258324, -0.104638] initial: [-0.201766, -0.157856]
[info]   /forceset/vasmed_r/activation. bounds: [0.01, 1]
[info]   /forceset/vaslat_r/activation. bounds: [0.01, 1]
[info]   /forceset/vasint_r/activation. bounds: [0.01, 1]
[info]   /forceset/soleus_r/activation. bounds: [0.01, 1]
[info]   /jointset/ground_pelvis/pelvis_ty/value. bounds: [0.875782, 0.99832] initial: [0.936214, 0.971226]
[info]   /forceset/semiten_r/activation. bounds: [0.01, 1]
[info]   /forceset/semimem_r/activation. bounds: [0.01, 1]
[info]   /jointset/ground_pelvis/pelvis_list/speed. bounds: [-50, 50]
[info]   /forceset/recfem_r/activation. bounds: [0.01, 1]
[info]   /jointset/ankle_r/ankle_angle_r/value. bounds: [-0.698132, 0.525708] initial: [-0.253099, 0.112657]
[info]   /forceset/psoas_r/activation. bounds: [0.01, 1]
[info]   /jointset/walker_knee_r/knee_angle_r/speed. bounds: [-50, 50]
[info]   /jointset/hip_l/hip_adduction_l/value. bounds: [-0.290813, 0.25805] initial: [-0.0523414, 0.104477]
[info]   /forceset/tibpost_r/activation. bounds: [0.01, 1]
[info]   /forceset/perlong_r/activation. bounds: [0.01, 1]
[info]   /forceset/perbrev_r/activation. bounds: [0.01, 1]
[info]   /jointset/hip_r/hip_rotation_r/speed. bounds: [-50, 50]
[info]   /jointset/hip_r/hip_flexion_r/speed. bounds: [-50, 50]
[info]   /forceset/iliacus_r/activation. bounds: [0.01, 1]
[info]   /forceset/sart_r/activation. bounds: [0.01, 1]
[info]   /forceset/grac_r/activation. bounds: [0.01, 1]
[info]   /forceset/glmin3_r/activation. bounds: [0.01, 1]
[info]   /jointset/ankle_l/ankle_angle_l/speed. bounds: [-50, 50]
[info]   /forceset/glmin2_r/activation. bounds: [0.01, 1]
[info]   /jointset/walker_knee_r/knee_angle_r/value. bounds: [0, 1.79049] initial: [0, 0.533259]
[info]   /forceset/glmin1_r/activation. bounds: [0.01, 1]
[info]   /forceset/glmed3_r/activation. bounds: [0.01, 1]
[info]   /forceset/glmed1_r/activation. bounds: [0.01, 1]
[info]   /forceset/piri_r/activation. bounds: [0.01, 1]
[info]   /forceset/glmax3_r/activation. bounds: [0.01, 1]
[info]   /forceset/glmax2_r/activation. bounds: [0.01, 1]
[info]   /forceset/tfl_r/activation. bounds: [0.01, 1]
[info]   /forceset/glmax1_r/activation. bounds: [0.01, 1]
[info]   /forceset/gasmed_r/activation. bounds: [0.01, 1]
[info]   /forceset/gaslat_r/activation. bounds: [0.01, 1]
[info]   /forceset/fhl_r/activation. bounds: [0.01, 1]
[info]   /forceset/fdl_r/activation. bounds: [0.01, 1]
[info]   /forceset/ehl_r/activation. bounds: [0.01, 1]
[info]   /forceset/tibant_r/activation. bounds: [0.01, 1]
[info]   /forceset/edl_r/activation. bounds: [0.01, 1]
[info]   /jointset/hip_r/hip_flexion_r/value. bounds: [-0.444363, 0.825659] initial: [-0.263162, 0.0997018]
[info]   /jointset/ground_pelvis/pelvis_tx/value. bounds: [1.23979, 1.28033] initial: [1.25596, 1.26754]
[info]   /forceset/bfsh_r/activation. bounds: [0.01, 1]
[info]   /forceset/bflh_r/activation. bounds: [0.01, 1]
[info]   /forceset/addmagProx_r/activation. bounds: [0.01, 1]
[info]   /jointset/hip_l/hip_rotation_l/speed. bounds: [-50, 50]
[info]   /jointset/hip_r/hip_adduction_r/value. bounds: [-0.256124, 0.19683] initial: [-0.0599052, 0.0695103]
[info]   /forceset/addmagMid_r/activation. bounds: [0.01, 1]
[info]   /forceset/glmed2_r/activation. bounds: [0.01, 1]
[info]   /forceset/addmagIsch_r/activation. bounds: [0.01, 1]
[info]   /forceset/addmagDist_r/activation. bounds: [0.01, 1]
[info]   /forceset/addlong_r/activation. bounds: [0.01, 1]
[info]   /forceset/addbrev_r/activation. bounds: [0.01, 1]
[info] Controls: (total: 58)
[info]   /forceset/subtalar_angle_l_torque. bounds: [-inf, inf]
[info]   /forceset/ankle_angle_l_torque. bounds: [-inf, inf]
[info]   /forceset/knee_angle_l_torque. bounds: [-inf, inf]
[info]   /forceset/hip_rotation_l_torque. bounds: [-inf, inf]
[info]   /forceset/subtalar_angle_r_reserve. bounds: [-inf, inf]
[info]   /forceset/hip_rotation_r_reserve. bounds: [-inf, inf]
[info]   /forceset/knee_angle_r_reserve. bounds: [-inf, inf]
[info]   /forceset/pelvis_rotation_residual. bounds: [-inf, inf]
[info]   /forceset/pelvis_list_residual. bounds: [-inf, inf]
[info]   /forceset/pelvis_tz_residual. bounds: [-inf, inf]
[info]   /forceset/pelvis_tx_residual. bounds: [-inf, inf]
[info]   /forceset/psoas_r. bounds: [0.001, 1]
[info]   /forceset/perlong_r. bounds: [0.001, 1]
[info]   /forceset/glmed3_r. bounds: [0.001, 1]
[info]   /forceset/perbrev_r. bounds: [0.001, 1]
[info]   /forceset/iliacus_r. bounds: [0.001, 1]
[info]   /forceset/grac_r. bounds: [0.001, 1]
[info]   /forceset/vasint_r. bounds: [0.001, 1]
[info]   /forceset/hip_flexion_l_torque. bounds: [-inf, inf]
[info]   /forceset/glmin3_r. bounds: [0.001, 1]
[info]   /forceset/bfsh_r. bounds: [0.001, 1]
[info]   /forceset/glmin2_r. bounds: [0.001, 1]
[info]   /forceset/glmax3_r. bounds: [0.001, 1]
[info]   /forceset/ankle_angle_r_reserve. bounds: [-inf, inf]
[info]   /forceset/glmin1_r. bounds: [0.001, 1]
[info]   /forceset/glmed2_r. bounds: [0.001, 1]
[info]   /forceset/fhl_r. bounds: [0.001, 1]
[info]   /forceset/piri_r. bounds: [0.001, 1]
[info]   /forceset/addlong_r. bounds: [0.001, 1]
[info]   /forceset/addmagProx_r. bounds: [0.001, 1]
[info]   /forceset/gaslat_r. bounds: [0.001, 1]
[info]   /forceset/addmagDist_r. bounds: [0.001, 1]
[info]   /forceset/pelvis_tilt_residual. bounds: [-inf, inf]
[info]   /forceset/glmax1_r. bounds: [0.001, 1]
[info]   /forceset/edl_r. bounds: [0.001, 1]
[info]   /forceset/hip_adduction_l_torque. bounds: [-inf, inf]
[info]   /forceset/addmagIsch_r. bounds: [0.001, 1]
[info]   /forceset/bflh_r. bounds: [0.001, 1]
[info]   /forceset/pelvis_ty_residual. bounds: [-inf, inf]
[info]   /forceset/addmagMid_r. bounds: [0.001, 1]
[info]   /forceset/hip_adduction_r_reserve. bounds: [-inf, inf]
[info]   /forceset/hip_flexion_r_reserve. bounds: [-inf, inf]
[info]   /forceset/gasmed_r. bounds: [0.001, 1]
[info]   /forceset/ehl_r. bounds: [0.001, 1]
[info]   /forceset/glmed1_r. bounds: [0.001, 1]
[info]   /forceset/glmax2_r. bounds: [0.001, 1]
[info]   /forceset/vasmed_r. bounds: [0.001, 1]
[info]   /forceset/addbrev_r. bounds: [0.001, 1]
[info]   /forceset/semiten_r. bounds: [0.001, 1]
[info]   /forceset/fdl_r. bounds: [0.001, 1]
[info]   /forceset/recfem_r. bounds: [0.001, 1]
[info]   /forceset/tibpost_r. bounds: [0.001, 1]
[info]   /forceset/sart_r. bounds: [0.001, 1]
[info]   /forceset/semimem_r. bounds: [0.001, 1]
[info]   /forceset/soleus_r. bounds: [0.001, 1]
[info]   /forceset/tfl_r. bounds: [0.001, 1]
[info]   /forceset/tibant_r. bounds: [0.001, 1]
[info]   /forceset/vaslat_r. bounds: [0.001, 1]
[info] Input controls: none
[info] Parameters: none
[info] Storage: read data file = SRRun02_grf.mot (nr=10005 nc=19)
[info] ExternalForce::RightGRF Data source being set to SRRun02_grf
[info] ExternalForce::LeftGRF Data source being set to SRRun02_grf
[info] Storage: read data file = SRRun02_grf.mot (nr=10005 nc=19)
[info] ExternalForce::RightGRF Data source being set to SRRun02_grf
[info] ExternalForce::LeftGRF Data source being set to SRRun02_grf
[info] Storage: read data file = SRRun02_grf.mot (nr=10005 nc=19)
[info] ExternalForce::RightGRF Data source being set to SRRun02_grf
[info] ExternalForce::LeftGRF Data source being set to SRRun02_grf
[info] Storage: read data file = SRRun02_grf.mot (nr=10005 nc=19)
[info] ExternalForce::RightGRF Data source being set to SRRun02_grf
[info] ExternalForce::LeftGRF Data source being set to SRRun02_grf
[info] Storage: read data file = SRRun02_grf.mot (nr=10005 nc=19)
[info] ExternalForce::RightGRF Data source being set to SRRun02_grf
[info] ExternalForce::LeftGRF Data source being set to SRRun02_grf
[info] Storage: read data file = SRRun02_grf.mot (nr=10005 nc=19)
[info] ExternalForce::RightGRF Data source being set to SRRun02_grf
[info] ExternalForce::LeftGRF Data source being set to SRRun02_grf
[info] Storage: read data file = SRRun02_grf.mot (nr=10005 nc=19)
[info] ExternalForce::RightGRF Data source being set to SRRun02_grf
[info] ExternalForce::LeftGRF Data source being set to SRRun02_grf
[info] Storage: read data file = SRRun02_grf.mot (nr=10005 nc=19)
[info] ExternalForce::RightGRF Data source being set to SRRun02_grf
[info] ExternalForce::LeftGRF Data source being set to SRRun02_grf
[info] Storage: read data file = SRRun02_grf.mot (nr=10005 nc=19)
[info] ExternalForce::RightGRF Data source being set to SRRun02_grf
[info] ExternalForce::LeftGRF Data source being set to SRRun02_grf
[info] Storage: read data file = SRRun02_grf.mot (nr=10005 nc=19)
[info] ExternalForce::RightGRF Data source being set to SRRun02_grf
[info] ExternalForce::LeftGRF Data source being set to SRRun02_grf
[info] Storage: read data file = SRRun02_grf.mot (nr=10005 nc=19)
[info] ExternalForce::RightGRF Data source being set to SRRun02_grf
[info] ExternalForce::LeftGRF Data source being set to SRRun02_grf
[info] Storage: read data file = SRRun02_grf.mot (nr=10005 nc=19)
[info] ExternalForce::RightGRF Data source being set to SRRun02_grf
[info] ExternalForce::LeftGRF Data source being set to SRRun02_grf
[info] Storage: read data file = SRRun02_grf.mot (nr=10005 nc=19)
[info] ExternalForce::RightGRF Data source being set to SRRun02_grf
[info] ExternalForce::LeftGRF Data source being set to SRRun02_grf
[info] Storage: read data file = SRRun02_grf.mot (nr=10005 nc=19)
[info] ExternalForce::RightGRF Data source being set to SRRun02_grf
[info] ExternalForce::LeftGRF Data source being set to SRRun02_grf
[info] Storage: read data file = SRRun02_grf.mot (nr=10005 nc=19)
[info] ExternalForce::RightGRF Data source being set to SRRun02_grf
[info] ExternalForce::LeftGRF Data source being set to SRRun02_grf
[info] Storage: read data file = SRRun02_grf.mot (nr=10005 nc=19)
[info] ExternalForce::RightGRF Data source being set to SRRun02_grf
[info] ExternalForce::LeftGRF Data source being set to SRRun02_grf
[info] Storage: read data file = SRRun02_grf.mot (nr=10005 nc=19)
[info] ExternalForce::RightGRF Data source being set to SRRun02_grf
[info] ExternalForce::LeftGRF Data source being set to SRRun02_grf
[info] Storage: read data file = SRRun02_grf.mot (nr=10005 nc=19)
[info] ExternalForce::RightGRF Data source being set to SRRun02_grf
[info] ExternalForce::LeftGRF Data source being set to SRRun02_grf
[info] Storage: read data file = SRRun02_grf.mot (nr=10005 nc=19)
[info] ExternalForce::RightGRF Data source being set to SRRun02_grf
[info] ExternalForce::LeftGRF Data source being set to SRRun02_grf
[info] Storage: read data file = SRRun02_grf.mot (nr=10005 nc=19)
[info] ExternalForce::RightGRF Data source being set to SRRun02_grf
[info] ExternalForce::LeftGRF Data source being set to SRRun02_grf
[info] Storage: read data file = SRRun02_grf.mot (nr=10005 nc=19)
[info] ExternalForce::RightGRF Data source being set to SRRun02_grf
[info] ExternalForce::LeftGRF Data source being set to SRRun02_grf
[info] Storage: read data file = SRRun02_grf.mot (nr=10005 nc=19)
[info] ExternalForce::RightGRF Data source being set to SRRun02_grf
[info] ExternalForce::LeftGRF Data source being set to SRRun02_grf
[info] Storage: read data file = SRRun02_grf.mot (nr=10005 nc=19)
[info] ExternalForce::RightGRF Data source being set to SRRun02_grf
[info] ExternalForce::LeftGRF Data source being set to SRRun02_grf
[info] Storage: read data file = SRRun02_grf.mot (nr=10005 nc=19)
[info] ExternalForce::RightGRF Data source being set to SRRun02_grf
[info] ExternalForce::LeftGRF Data source being set to SRRun02_grf
[info] Storage: read data file = SRRun02_grf.mot (nr=10005 nc=19)
[info] ExternalForce::RightGRF Data source being set to SRRun02_grf
[info] ExternalForce::LeftGRF Data source being set to SRRun02_grf
[info] Storage: read data file = SRRun02_grf.mot (nr=10005 nc=19)
[info] ExternalForce::RightGRF Data source being set to SRRun02_grf
[info] ExternalForce::LeftGRF Data source being set to SRRun02_grf
[info] Storage: read data file = SRRun02_grf.mot (nr=10005 nc=19)
[info] ExternalForce::RightGRF Data source being set to SRRun02_grf
[info] ExternalForce::LeftGRF Data source being set to SRRun02_grf
[info] Storage: read data file = SRRun02_grf.mot (nr=10005 nc=19)
[info] ExternalForce::RightGRF Data source being set to SRRun02_grf
[info] ExternalForce::LeftGRF Data source being set to SRRun02_grf
[info] Storage: read data file = SRRun02_grf.mot (nr=10005 nc=19)
[info] ExternalForce::RightGRF Data source being set to SRRun02_grf
[info] ExternalForce::LeftGRF Data source being set to SRRun02_grf
[info] Storage: read data file = SRRun02_grf.mot (nr=10005 nc=19)
[info] ExternalForce::RightGRF Data source being set to SRRun02_grf
[info] ExternalForce::LeftGRF Data source being set to SRRun02_grf
[info] Storage: read data file = SRRun02_grf.mot (nr=10005 nc=19)
[info] ExternalForce::RightGRF Data source being set to SRRun02_grf
[info] ExternalForce::LeftGRF Data source being set to SRRun02_grf
[info] Storage: read data file = SRRun02_grf.mot (nr=10005 nc=19)
[info] ExternalForce::RightGRF Data source being set to SRRun02_grf
[info] ExternalForce::LeftGRF Data source being set to SRRun02_grf
[info] Storage: read data file = SRRun02_grf.mot (nr=10005 nc=19)
[info] ExternalForce::RightGRF Data source being set to SRRun02_grf
[info] ExternalForce::LeftGRF Data source being set to SRRun02_grf
[info] Storage: read data file = SRRun02_grf.mot (nr=10005 nc=19)
[info] ExternalForce::RightGRF Data source being set to SRRun02_grf
[info] ExternalForce::LeftGRF Data source being set to SRRun02_grf
[info] Storage: read data file = SRRun02_grf.mot (nr=10005 nc=19)
[info] ExternalForce::RightGRF Data source being set to SRRun02_grf
[info] ExternalForce::LeftGRF Data source being set to SRRun02_grf
[info] Storage: read data file = SRRun02_grf.mot (nr=10005 nc=19)
[info] ExternalForce::RightGRF Data source being set to SRRun02_grf
[info] ExternalForce::LeftGRF Data source being set to SRRun02_grf
[info] Storage: read data file = SRRun02_grf.mot (nr=10005 nc=19)
[info] ExternalForce::RightGRF Data source being set to SRRun02_grf
[info] ExternalForce::LeftGRF Data source being set to SRRun02_grf
[info] Storage: read data file = SRRun02_grf.mot (nr=10005 nc=19)
[info] ExternalForce::RightGRF Data source being set to SRRun02_grf
[info] ExternalForce::LeftGRF Data source being set to SRRun02_grf
[info] Storage: read data file = SRRun02_grf.mot (nr=10005 nc=19)
[info] ExternalForce::RightGRF Data source being set to SRRun02_grf
[info] ExternalForce::LeftGRF Data source being set to SRRun02_grf
[info] Storage: read data file = SRRun02_grf.mot (nr=10005 nc=19)
[info] ExternalForce::RightGRF Data source being set to SRRun02_grf
[info] ExternalForce::LeftGRF Data source being set to SRRun02_grf
[info] Storage: read data file = SRRun02_grf.mot (nr=10005 nc=19)
[info] ExternalForce::RightGRF Data source being set to SRRun02_grf
[info] ExternalForce::LeftGRF Data source being set to SRRun02_grf
[info] Storage: read data file = SRRun02_grf.mot (nr=10005 nc=19)
[info] ExternalForce::RightGRF Data source being set to SRRun02_grf
[info] ExternalForce::LeftGRF Data source being set to SRRun02_grf
[info] Storage: read data file = SRRun02_grf.mot (nr=10005 nc=19)
[info] ExternalForce::RightGRF Data source being set to SRRun02_grf
[info] ExternalForce::LeftGRF Data source being set to SRRun02_grf
[info] Storage: read data file = SRRun02_grf.mot (nr=10005 nc=19)
[info] ExternalForce::RightGRF Data source being set to SRRun02_grf
[info] ExternalForce::LeftGRF Data source being set to SRRun02_grf
[info] Storage: read data file = SRRun02_grf.mot (nr=10005 nc=19)
[info] ExternalForce::RightGRF Data source being set to SRRun02_grf
[info] ExternalForce::LeftGRF Data source being set to SRRun02_grf
[info] Storage: read data file = SRRun02_grf.mot (nr=10005 nc=19)
[info] ExternalForce::RightGRF Data source being set to SRRun02_grf
[info] ExternalForce::LeftGRF Data source being set to SRRun02_grf
[info] Storage: read data file = SRRun02_grf.mot (nr=10005 nc=19)
[info] ExternalForce::RightGRF Data source being set to SRRun02_grf
[info] ExternalForce::LeftGRF Data source being set to SRRun02_grf
[info] Storage: read data file = SRRun02_grf.mot (nr=10005 nc=19)
[info] ExternalForce::RightGRF Data source being set to SRRun02_grf
[info] ExternalForce::LeftGRF Data source being set to SRRun02_grf
[info] Storage: read data file = SRRun02_grf.mot (nr=10005 nc=19)
[info] ExternalForce::RightGRF Data source being set to SRRun02_grf
[info] ExternalForce::LeftGRF Data source being set to SRRun02_grf
[info] Storage: read data file = SRRun02_grf.mot (nr=10005 nc=19)
[info] ExternalForce::RightGRF Data source being set to SRRun02_grf
[info] ExternalForce::LeftGRF Data source being set to SRRun02_grf
[info] Storage: read data file = SRRun02_grf.mot (nr=10005 nc=19)
[info] ExternalForce::RightGRF Data source being set to SRRun02_grf
[info] ExternalForce::LeftGRF Data source being set to SRRun02_grf
[info] Storage: read data file = SRRun02_grf.mot (nr=10005 nc=19)
[info] ExternalForce::RightGRF Data source being set to SRRun02_grf
[info] ExternalForce::LeftGRF Data source being set to SRRun02_grf
[info] Storage: read data file = SRRun02_grf.mot (nr=10005 nc=19)
[info] ExternalForce::RightGRF Data source being set to SRRun02_grf
[info] ExternalForce::LeftGRF Data source being set to SRRun02_grf
[info] Storage: read data file = SRRun02_grf.mot (nr=10005 nc=19)
[info] ExternalForce::RightGRF Data source being set to SRRun02_grf
[info] ExternalForce::LeftGRF Data source being set to SRRun02_grf
[info] Storage: read data file = SRRun02_grf.mot (nr=10005 nc=19)
[info] ExternalForce::RightGRF Data source being set to SRRun02_grf
[info] ExternalForce::LeftGRF Data source being set to SRRun02_grf
[info] Storage: read data file = SRRun02_grf.mot (nr=10005 nc=19)
[info] ExternalForce::RightGRF Data source being set to SRRun02_grf
[info] ExternalForce::LeftGRF Data source being set to SRRun02_grf
[info] Storage: read data file = SRRun02_grf.mot (nr=10005 nc=19)
[info] ExternalForce::RightGRF Data source being set to SRRun02_grf
[info] ExternalForce::LeftGRF Data source being set to SRRun02_grf
[info] Storage: read data file = SRRun02_grf.mot (nr=10005 nc=19)
[info] ExternalForce::RightGRF Data source being set to SRRun02_grf
[info] ExternalForce::LeftGRF Data source being set to SRRun02_grf
[info] Storage: read data file = SRRun02_grf.mot (nr=10005 nc=19)
[info] ExternalForce::RightGRF Data source being set to SRRun02_grf
[info] ExternalForce::LeftGRF Data source being set to SRRun02_grf
[info] Storage: read data file = SRRun02_grf.mot (nr=10005 nc=19)
[info] ExternalForce::RightGRF Data source being set to SRRun02_grf
[info] ExternalForce::LeftGRF Data source being set to SRRun02_grf
[info] Storage: read data file = SRRun02_grf.mot (nr=10005 nc=19)
[info] ExternalForce::RightGRF Data source being set to SRRun02_grf
[info] ExternalForce::LeftGRF Data source being set to SRRun02_grf
[info] Storage: read data file = SRRun02_grf.mot (nr=10005 nc=19)
[info] ExternalForce::RightGRF Data source being set to SRRun02_grf
[info] ExternalForce::LeftGRF Data source being set to SRRun02_grf
[info] Storage: read data file = SRRun02_grf.mot (nr=10005 nc=19)
[info] ExternalForce::RightGRF Data source being set to SRRun02_grf
[info] ExternalForce::LeftGRF Data source being set to SRRun02_grf
[info] Storage: read data file = SRRun02_grf.mot (nr=10005 nc=19)
[info] ExternalForce::RightGRF Data source being set to SRRun02_grf
[info] ExternalForce::LeftGRF Data source being set to SRRun02_grf
[info] Storage: read data file = SRRun02_grf.mot (nr=10005 nc=19)
[info] ExternalForce::RightGRF Data source being set to SRRun02_grf
[info] ExternalForce::LeftGRF Data source being set to SRRun02_grf
[info] Storage: read data file = SRRun02_grf.mot (nr=10005 nc=19)
[info] ExternalForce::RightGRF Data source being set to SRRun02_grf
[info] ExternalForce::LeftGRF Data source being set to SRRun02_grf
[info] Storage: read data file = SRRun02_grf.mot (nr=10005 nc=19)
[info] ExternalForce::RightGRF Data source being set to SRRun02_grf
[info] ExternalForce::LeftGRF Data source being set to SRRun02_grf
[info] Storage: read data file = SRRun02_grf.mot (nr=10005 nc=19)
[info] ExternalForce::RightGRF Data source being set to SRRun02_grf
[info] ExternalForce::LeftGRF Data source being set to SRRun02_grf
[info] Storage: read data file = SRRun02_grf.mot (nr=10005 nc=19)
[info] ExternalForce::RightGRF Data source being set to SRRun02_grf
[info] ExternalForce::LeftGRF Data source being set to SRRun02_grf
[info] Storage: read data file = SRRun02_grf.mot (nr=10005 nc=19)
[info] ExternalForce::RightGRF Data source being set to SRRun02_grf
[info] ExternalForce::LeftGRF Data source being set to SRRun02_grf
[info] Storage: read data file = SRRun02_grf.mot (nr=10005 nc=19)
[info] ExternalForce::RightGRF Data source being set to SRRun02_grf
[info] ExternalForce::LeftGRF Data source being set to SRRun02_grf
[info] Storage: read data file = SRRun02_grf.mot (nr=10005 nc=19)
[info] ExternalForce::RightGRF Data source being set to SRRun02_grf
[info] ExternalForce::LeftGRF Data source being set to SRRun02_grf
[info] Storage: read data file = SRRun02_grf.mot (nr=10005 nc=19)
[info] ExternalForce::RightGRF Data source being set to SRRun02_grf
[info] ExternalForce::LeftGRF Data source being set to SRRun02_grf
[info] Storage: read data file = SRRun02_grf.mot (nr=10005 nc=19)
[info] ExternalForce::RightGRF Data source being set to SRRun02_grf
[info] ExternalForce::LeftGRF Data source being set to SRRun02_grf
[info] Storage: read data file = SRRun02_grf.mot (nr=10005 nc=19)
[info] ExternalForce::RightGRF Data source being set to SRRun02_grf
[info] ExternalForce::LeftGRF Data source being set to SRRun02_grf
[info] Storage: read data file = SRRun02_grf.mot (nr=10005 nc=19)
[info] ExternalForce::RightGRF Data source being set to SRRun02_grf
[info] ExternalForce::LeftGRF Data source being set to SRRun02_grf
[info] Storage: read data file = SRRun02_grf.mot (nr=10005 nc=19)
[info] ExternalForce::RightGRF Data source being set to SRRun02_grf
[info] ExternalForce::LeftGRF Data source being set to SRRun02_grf
[info] Storage: read data file = SRRun02_grf.mot (nr=10005 nc=19)
[info] ExternalForce::RightGRF Data source being set to SRRun02_grf
[info] ExternalForce::LeftGRF Data source being set to SRRun02_grf
[info] Storage: read data file = SRRun02_grf.mot (nr=10005 nc=19)
[info] ExternalForce::RightGRF Data source being set to SRRun02_grf
[info] ExternalForce::LeftGRF Data source being set to SRRun02_grf
[info] Storage: read data file = SRRun02_grf.mot (nr=10005 nc=19)
[info] ExternalForce::RightGRF Data source being set to SRRun02_grf
[info] ExternalForce::LeftGRF Data source being set to SRRun02_grf
[info] Storage: read data file = SRRun02_grf.mot (nr=10005 nc=19)
[info] ExternalForce::RightGRF Data source being set to SRRun02_grf
[info] ExternalForce::LeftGRF Data source being set to SRRun02_grf
[info] Storage: read data file = SRRun02_grf.mot (nr=10005 nc=19)
[info] ExternalForce::RightGRF Data source being set to SRRun02_grf
[info] ExternalForce::LeftGRF Data source being set to SRRun02_grf
[info] Storage: read data file = SRRun02_grf.mot (nr=10005 nc=19)
[info] ExternalForce::RightGRF Data source being set to SRRun02_grf
[info] ExternalForce::LeftGRF Data source being set to SRRun02_grf
[info] Storage: read data file = SRRun02_grf.mot (nr=10005 nc=19)
[info] ExternalForce::RightGRF Data source being set to SRRun02_grf
[info] ExternalForce::LeftGRF Data source being set to SRRun02_grf
[info] Storage: read data file = SRRun02_grf.mot (nr=10005 nc=19)
[info] ExternalForce::RightGRF Data source being set to SRRun02_grf
[info] ExternalForce::LeftGRF Data source being set to SRRun02_grf
[info] Storage: read data file = SRRun02_grf.mot (nr=10005 nc=19)
[info] ExternalForce::RightGRF Data source being set to SRRun02_grf
[info] ExternalForce::LeftGRF Data source being set to SRRun02_grf
[info] Storage: read data file = SRRun02_grf.mot (nr=10005 nc=19)
[info] ExternalForce::RightGRF Data source being set to SRRun02_grf
[info] ExternalForce::LeftGRF Data source being set to SRRun02_grf
[info] Storage: read data file = SRRun02_grf.mot (nr=10005 nc=19)
[info] ExternalForce::RightGRF Data source being set to SRRun02_grf
[info] ExternalForce::LeftGRF Data source being set to SRRun02_grf
[info] Storage: read data file = SRRun02_grf.mot (nr=10005 nc=19)
[info] ExternalForce::RightGRF Data source being set to SRRun02_grf
[info] ExternalForce::LeftGRF Data source being set to SRRun02_grf
[info] Storage: read data file = SRRun02_grf.mot (nr=10005 nc=19)
[info] ExternalForce::RightGRF Data source being set to SRRun02_grf
[info] ExternalForce::LeftGRF Data source being set to SRRun02_grf
[info] Storage: read data file = SRRun02_grf.mot (nr=10005 nc=19)
[info] ExternalForce::RightGRF Data source being set to SRRun02_grf
[info] ExternalForce::LeftGRF Data source being set to SRRun02_grf
[info] Storage: read data file = SRRun02_grf.mot (nr=10005 nc=19)
[info] ExternalForce::RightGRF Data source being set to SRRun02_grf
[info] ExternalForce::LeftGRF Data source being set to SRRun02_grf
[info] Storage: read data file = SRRun02_grf.mot (nr=10005 nc=19)
[info] ExternalForce::RightGRF Data source being set to SRRun02_grf
[info] ExternalForce::LeftGRF Data source being set to SRRun02_grf
[info] Storage: read data file = SRRun02_grf.mot (nr=10005 nc=19)
[info] ExternalForce::RightGRF Data source being set to SRRun02_grf
[info] ExternalForce::LeftGRF Data source being set to SRRun02_grf
[info] Storage: read data file = SRRun02_grf.mot (nr=10005 nc=19)
[info] ExternalForce::RightGRF Data source being set to SRRun02_grf
[info] ExternalForce::LeftGRF Data source being set to SRRun02_grf
[info] Storage: read data file = SRRun02_grf.mot (nr=10005 nc=19)
[info] ExternalForce::RightGRF Data source being set to SRRun02_grf
[info] ExternalForce::LeftGRF Data source being set to SRRun02_grf
[info] Storage: read data file = SRRun02_grf.mot (nr=10005 nc=19)
[info] ExternalForce::RightGRF Data source being set to SRRun02_grf
[info] ExternalForce::LeftGRF Data source being set to SRRun02_grf
[info] Storage: read data file = SRRun02_grf.mot (nr=10005 nc=19)
[info] ExternalForce::RightGRF Data source being set to SRRun02_grf
[info] ExternalForce::LeftGRF Data source being set to SRRun02_grf
[info] Storage: read data file = SRRun02_grf.mot (nr=10005 nc=19)
[info] ExternalForce::RightGRF Data source being set to SRRun02_grf
[info] ExternalForce::LeftGRF Data source being set to SRRun02_grf
[info] Storage: read data file = SRRun02_grf.mot (nr=10005 nc=19)
[info] ExternalForce::RightGRF Data source being set to SRRun02_grf
[info] ExternalForce::LeftGRF Data source being set to SRRun02_grf
[info] Storage: read data file = SRRun02_grf.mot (nr=10005 nc=19)
[info] ExternalForce::RightGRF Data source being set to SRRun02_grf
[info] ExternalForce::LeftGRF Data source being set to SRRun02_grf
[info] Storage: read data file = SRRun02_grf.mot (nr=10005 nc=19)
[info] ExternalForce::RightGRF Data source being set to SRRun02_grf
[info] ExternalForce::LeftGRF Data source being set to SRRun02_grf
[info] Storage: read data file = SRRun02_grf.mot (nr=10005 nc=19)
[info] ExternalForce::RightGRF Data source being set to SRRun02_grf
[info] ExternalForce::LeftGRF Data source being set to SRRun02_grf
[info] Storage: read data file = SRRun02_grf.mot (nr=10005 nc=19)
[info] ExternalForce::RightGRF Data source being set to SRRun02_grf
[info] ExternalForce::LeftGRF Data source being set to SRRun02_grf
[info] Storage: read data file = SRRun02_grf.mot (nr=10005 nc=19)
[info] ExternalForce::RightGRF Data source being set to SRRun02_grf
[info] ExternalForce::LeftGRF Data source being set to SRRun02_grf
[info] Storage: read data file = SRRun02_grf.mot (nr=10005 nc=19)
[info] ExternalForce::RightGRF Data source being set to SRRun02_grf
[info] ExternalForce::LeftGRF Data source being set to SRRun02_grf
[info] Storage: read data file = SRRun02_grf.mot (nr=10005 nc=19)
[info] ExternalForce::RightGRF Data source being set to SRRun02_grf
[info] ExternalForce::LeftGRF Data source being set to SRRun02_grf
[info] Storage: read data file = SRRun02_grf.mot (nr=10005 nc=19)
[info] ExternalForce::RightGRF Data source being set to SRRun02_grf
[info] ExternalForce::LeftGRF Data source being set to SRRun02_grf
[info] Storage: read data file = SRRun02_grf.mot (nr=10005 nc=19)
[info] ExternalForce::RightGRF Data source being set to SRRun02_grf
[info] ExternalForce::LeftGRF Data source being set to SRRun02_grf
[info] Storage: read data file = SRRun02_grf.mot (nr=10005 nc=19)
[info] ExternalForce::RightGRF Data source being set to SRRun02_grf
[info] ExternalForce::LeftGRF Data source being set to SRRun02_grf
[info] Storage: read data file = SRRun02_grf.mot (nr=10005 nc=19)
[info] ExternalForce::RightGRF Data source being set to SRRun02_grf
[info] ExternalForce::LeftGRF Data source being set to SRRun02_grf
[info] Storage: read data file = SRRun02_grf.mot (nr=10005 nc=19)
[info] ExternalForce::RightGRF Data source being set to SRRun02_grf
[info] ExternalForce::LeftGRF Data source being set to SRRun02_grf
[info] Storage: read data file = SRRun02_grf.mot (nr=10005 nc=19)
[info] ExternalForce::RightGRF Data source being set to SRRun02_grf
[info] ExternalForce::LeftGRF Data source being set to SRRun02_grf
[info] Storage: read data file = SRRun02_grf.mot (nr=10005 nc=19)
[info] ExternalForce::RightGRF Data source being set to SRRun02_grf
[info] ExternalForce::LeftGRF Data source being set to SRRun02_grf
[info] Storage: read data file = SRRun02_grf.mot (nr=10005 nc=19)
[info] ExternalForce::RightGRF Data source being set to SRRun02_grf
[info] ExternalForce::LeftGRF Data source being set to SRRun02_grf
[info] Storage: read data file = SRRun02_grf.mot (nr=10005 nc=19)
[info] ExternalForce::RightGRF Data source being set to SRRun02_grf
[info] ExternalForce::LeftGRF Data source being set to SRRun02_grf
[info] Storage: read data file = SRRun02_grf.mot (nr=10005 nc=19)
[info] ExternalForce::RightGRF Data source being set to SRRun02_grf
[info] ExternalForce::LeftGRF Data source being set to SRRun02_grf
[info] Storage: read data file = SRRun02_grf.mot (nr=10005 nc=19)
[info] ExternalForce::RightGRF Data source being set to SRRun02_grf
[info] ExternalForce::LeftGRF Data source being set to SRRun02_grf
[info] Storage: read data file = SRRun02_grf.mot (nr=10005 nc=19)
[info] ExternalForce::RightGRF Data source being set to SRRun02_grf
[info] ExternalForce::LeftGRF Data source being set to SRRun02_grf
[info] Storage: read data file = SRRun02_grf.mot (nr=10005 nc=19)
[info] ExternalForce::RightGRF Data source being set to SRRun02_grf
[info] ExternalForce::LeftGRF Data source being set to SRRun02_grf
[info] Storage: read data file = SRRun02_grf.mot (nr=10005 nc=19)
[info] ExternalForce::RightGRF Data source being set to SRRun02_grf
[info] ExternalForce::LeftGRF Data source being set to SRRun02_grf
[info] Storage: read data file = SRRun02_grf.mot (nr=10005 nc=19)
[info] ExternalForce::RightGRF Data source being set to SRRun02_grf
[info] ExternalForce::LeftGRF Data source being set to SRRun02_grf
[info] Storage: read data file = SRRun02_grf.mot (nr=10005 nc=19)
[info] ExternalForce::RightGRF Data source being set to SRRun02_grf
[info] ExternalForce::LeftGRF Data source being set to SRRun02_grf
[info] Storage: read data file = SRRun02_grf.mot (nr=10005 nc=19)
[info] ExternalForce::RightGRF Data source being set to SRRun02_grf
[info] ExternalForce::LeftGRF Data source being set to SRRun02_grf
[info] Storage: read data file = SRRun02_grf.mot (nr=10005 nc=19)
[info] ExternalForce::RightGRF Data source being set to SRRun02_grf
[info] ExternalForce::LeftGRF Data source being set to SRRun02_grf
[info] Storage: read data file = SRRun02_grf.mot (nr=10005 nc=19)
[info] ExternalForce::RightGRF Data source being set to SRRun02_grf
[info] ExternalForce::LeftGRF Data source being set to SRRun02_grf
[info] Storage: read data file = SRRun02_grf.mot (nr=10005 nc=19)
[info] ExternalForce::RightGRF Data source being set to SRRun02_grf
[info] ExternalForce::LeftGRF Data source being set to SRRun02_grf
[info] Storage: read data file = SRRun02_grf.mot (nr=10005 nc=19)
[info] ExternalForce::RightGRF Data source being set to SRRun02_grf
[info] ExternalForce::LeftGRF Data source being set to SRRun02_grf
[info] Storage: read data file = SRRun02_grf.mot (nr=10005 nc=19)
[info] ExternalForce::RightGRF Data source being set to SRRun02_grf
[info] ExternalForce::LeftGRF Data source being set to SRRun02_grf
[info] Storage: read data file = SRRun02_grf.mot (nr=10005 nc=19)
[info] ExternalForce::RightGRF Data source being set to SRRun02_grf
[info] ExternalForce::LeftGRF Data source being set to SRRun02_grf
[info] Storage: read data file = SRRun02_grf.mot (nr=10005 nc=19)
[info] ExternalForce::RightGRF Data source being set to SRRun02_grf
[info] ExternalForce::LeftGRF Data source being set to SRRun02_grf
[info] Storage: read data file = SRRun02_grf.mot (nr=10005 nc=19)
[info] ExternalForce::RightGRF Data source being set to SRRun02_grf
[info] ExternalForce::LeftGRF Data source being set to SRRun02_grf
[info] Storage: read data file = SRRun02_grf.mot (nr=10005 nc=19)
[info] ExternalForce::RightGRF Data source being set to SRRun02_grf
[info] ExternalForce::LeftGRF Data source being set to SRRun02_grf
[info] Storage: read data file = SRRun02_grf.mot (nr=10005 nc=19)
[info] ExternalForce::RightGRF Data source being set to SRRun02_grf
[info] ExternalForce::LeftGRF Data source being set to SRRun02_grf
[info] Storage: read data file = SRRun02_grf.mot (nr=10005 nc=19)
[info] ExternalForce::RightGRF Data source being set to SRRun02_grf
[info] ExternalForce::LeftGRF Data source being set to SRRun02_grf
[info] Storage: read data file = SRRun02_grf.mot (nr=10005 nc=19)
[info] ExternalForce::RightGRF Data source being set to SRRun02_grf
[info] ExternalForce::LeftGRF Data source being set to SRRun02_grf
[info] Storage: read data file = SRRun02_grf.mot (nr=10005 nc=19)
[info] ExternalForce::RightGRF Data source being set to SRRun02_grf
[info] ExternalForce::LeftGRF Data source being set to SRRun02_grf
[info] Storage: read data file = SRRun02_grf.mot (nr=10005 nc=19)
[info] ExternalForce::RightGRF Data source being set to SRRun02_grf
[info] ExternalForce::LeftGRF Data source being set to SRRun02_grf
[info] Storage: read data file = SRRun02_grf.mot (nr=10005 nc=19)
[info] ExternalForce::RightGRF Data source being set to SRRun02_grf
[info] ExternalForce::LeftGRF Data source being set to SRRun02_grf
[info] Storage: read data file = SRRun02_grf.mot (nr=10005 nc=19)
[info] ExternalForce::RightGRF Data source being set to SRRun02_grf
[info] ExternalForce::LeftGRF Data source being set to SRRun02_grf
[info] Storage: read data file = SRRun02_grf.mot (nr=10005 nc=19)
[info] ExternalForce::RightGRF Data source being set to SRRun02_grf
[info] ExternalForce::LeftGRF Data source being set to SRRun02_grf
[info] Storage: read data file = SRRun02_grf.mot (nr=10005 nc=19)
[info] ExternalForce::RightGRF Data source being set to SRRun02_grf
[info] ExternalForce::LeftGRF Data source being set to SRRun02_grf
[info] Storage: read data file = SRRun02_grf.mot (nr=10005 nc=19)
[info] ExternalForce::RightGRF Data source being set to SRRun02_grf
[info] ExternalForce::LeftGRF Data source being set to SRRun02_grf
[info] Storage: read data file = SRRun02_grf.mot (nr=10005 nc=19)
[info] ExternalForce::RightGRF Data source being set to SRRun02_grf
[info] ExternalForce::LeftGRF Data source being set to SRRun02_grf
[info] Storage: read data file = SRRun02_grf.mot (nr=10005 nc=19)
[info] ExternalForce::RightGRF Data source being set to SRRun02_grf
[info] ExternalForce::LeftGRF Data source being set to SRRun02_grf
[info] Storage: read data file = SRRun02_grf.mot (nr=10005 nc=19)
[info] ExternalForce::RightGRF Data source being set to SRRun02_grf
[info] ExternalForce::LeftGRF Data source being set to SRRun02_grf
[info] Storage: read data file = SRRun02_grf.mot (nr=10005 nc=19)
[info] ExternalForce::RightGRF Data source being set to SRRun02_grf
[info] ExternalForce::LeftGRF Data source being set to SRRun02_grf
[info] Storage: read data file = SRRun02_grf.mot (nr=10005 nc=19)
[info] ExternalForce::RightGRF Data source being set to SRRun02_grf
[info] ExternalForce::LeftGRF Data source being set to SRRun02_grf
[info] Storage: read data file = SRRun02_grf.mot (nr=10005 nc=19)
[info] ExternalForce::RightGRF Data source being set to SRRun02_grf
[info] ExternalForce::LeftGRF Data source being set to SRRun02_grf
[info] Storage: read data file = SRRun02_grf.mot (nr=10005 nc=19)
[info] ExternalForce::RightGRF Data source being set to SRRun02_grf
[info] ExternalForce::LeftGRF Data source being set to SRRun02_grf
[info] Storage: read data file = SRRun02_grf.mot (nr=10005 nc=19)
[info] ExternalForce::RightGRF Data source being set to SRRun02_grf
[info] ExternalForce::LeftGRF Data source being set to SRRun02_grf
[info] Storage: read data file = SRRun02_grf.mot (nr=10005 nc=19)
[info] ExternalForce::RightGRF Data source being set to SRRun02_grf
[info] ExternalForce::LeftGRF Data source being set to SRRun02_grf
[info] Storage: read data file = SRRun02_grf.mot (nr=10005 nc=19)
[info] ExternalForce::RightGRF Data source being set to SRRun02_grf
[info] ExternalForce::LeftGRF Data source being set to SRRun02_grf
[info] Storage: read data file = SRRun02_grf.mot (nr=10005 nc=19)
[info] ExternalForce::RightGRF Data source being set to SRRun02_grf
[info] ExternalForce::LeftGRF Data source being set to SRRun02_grf
[info] Storage: read data file = SRRun02_grf.mot (nr=10005 nc=19)
[info] ExternalForce::RightGRF Data source being set to SRRun02_grf
[info] ExternalForce::LeftGRF Data source being set to SRRun02_grf
[info] Storage: read data file = SRRun02_grf.mot (nr=10005 nc=19)
[info] ExternalForce::RightGRF Data source being set to SRRun02_grf
[info] ExternalForce::LeftGRF Data source being set to SRRun02_grf
[info] Storage: read data file = SRRun02_grf.mot (nr=10005 nc=19)
[info] ExternalForce::RightGRF Data source being set to SRRun02_grf
[info] ExternalForce::LeftGRF Data source being set to SRRun02_grf
[info] Storage: read data file = SRRun02_grf.mot (nr=10005 nc=19)
[info] ExternalForce::RightGRF Data source being set to SRRun02_grf
[info] ExternalForce::LeftGRF Data source being set to SRRun02_grf
[info] Storage: read data file = SRRun02_grf.mot (nr=10005 nc=19)
[info] ExternalForce::RightGRF Data source being set to SRRun02_grf
[info] ExternalForce::LeftGRF Data source being set to SRRun02_grf
[info] Storage: read data file = SRRun02_grf.mot (nr=10005 nc=19)
[info] ExternalForce::RightGRF Data source being set to SRRun02_grf
[info] ExternalForce::LeftGRF Data source being set to SRRun02_grf
[info] Storage: read data file = SRRun02_grf.mot (nr=10005 nc=19)
[info] ExternalForce::RightGRF Data source being set to SRRun02_grf
[info] ExternalForce::LeftGRF Data source being set to SRRun02_grf
[info] Storage: read data file = SRRun02_grf.mot (nr=10005 nc=19)
[info] ExternalForce::RightGRF Data source being set to SRRun02_grf
[info] ExternalForce::LeftGRF Data source being set to SRRun02_grf
[info] Storage: read data file = SRRun02_grf.mot (nr=10005 nc=19)
[info] ExternalForce::RightGRF Data source being set to SRRun02_grf
[info] ExternalForce::LeftGRF Data source being set to SRRun02_grf
[info] Storage: read data file = SRRun02_grf.mot (nr=10005 nc=19)
[info] ExternalForce::RightGRF Data source being set to SRRun02_grf
[info] ExternalForce::LeftGRF Data source being set to SRRun02_grf
[info] Storage: read data file = SRRun02_grf.mot (nr=10005 nc=19)
[info] ExternalForce::RightGRF Data source being set to SRRun02_grf
[info] ExternalForce::LeftGRF Data source being set to SRRun02_grf
[info] Storage: read data file = SRRun02_grf.mot (nr=10005 nc=19)
[info] ExternalForce::RightGRF Data source being set to SRRun02_grf
[info] ExternalForce::LeftGRF Data source being set to SRRun02_grf
[info] Storage: read data file = SRRun02_grf.mot (nr=10005 nc=19)
[info] ExternalForce::RightGRF Data source being set to SRRun02_grf
[info] ExternalForce::LeftGRF Data source being set to SRRun02_grf
[info] Storage: read data file = SRRun02_grf.mot (nr=10005 nc=19)
[info] ExternalForce::RightGRF Data source being set to SRRun02_grf
[info] ExternalForce::LeftGRF Data source being set to SRRun02_grf
[info] Storage: read data file = SRRun02_grf.mot (nr=10005 nc=19)
[info] ExternalForce::RightGRF Data source being set to SRRun02_grf
[info] ExternalForce::LeftGRF Data source being set to SRRun02_grf
[info] Storage: read data file = SRRun02_grf.mot (nr=10005 nc=19)
[info] ExternalForce::RightGRF Data source being set to SRRun02_grf
[info] ExternalForce::LeftGRF Data source being set to SRRun02_grf
[info] Storage: read data file = SRRun02_grf.mot (nr=10005 nc=19)
[info] ExternalForce::RightGRF Data source being set to SRRun02_grf
[info] ExternalForce::LeftGRF Data source being set to SRRun02_grf
[info] Storage: read data file = SRRun02_grf.mot (nr=10005 nc=19)
[info] ExternalForce::RightGRF Data source being set to SRRun02_grf
[info] ExternalForce::LeftGRF Data source being set to SRRun02_grf
[info] Storage: read data file = SRRun02_grf.mot (nr=10005 nc=19)
[info] ExternalForce::RightGRF Data source being set to SRRun02_grf
[info] ExternalForce::LeftGRF Data source being set to SRRun02_grf
[info] Storage: read data file = SRRun02_grf.mot (nr=10005 nc=19)
[info] ExternalForce::RightGRF Data source being set to SRRun02_grf
[info] ExternalForce::LeftGRF Data source being set to SRRun02_grf
[info] Storage: read data file = SRRun02_grf.mot (nr=10005 nc=19)
[info] ExternalForce::RightGRF Data source being set to SRRun02_grf
[info] ExternalForce::LeftGRF Data source being set to SRRun02_grf
[info] Storage: read data file = SRRun02_grf.mot (nr=10005 nc=19)
[info] ExternalForce::RightGRF Data source being set to SRRun02_grf
[info] ExternalForce::LeftGRF Data source being set to SRRun02_grf
[info] Storage: read data file = SRRun02_grf.mot (nr=10005 nc=19)
[info] ExternalForce::RightGRF Data source being set to SRRun02_grf
[info] ExternalForce::LeftGRF Data source being set to SRRun02_grf
[info] Storage: read data file = SRRun02_grf.mot (nr=10005 nc=19)
[info] ExternalForce::RightGRF Data source being set to SRRun02_grf
[info] ExternalForce::LeftGRF Data source being set to SRRun02_grf
[info] Storage: read data file = SRRun02_grf.mot (nr=10005 nc=19)
[info] ExternalForce::RightGRF Data source being set to SRRun02_grf
[info] ExternalForce::LeftGRF Data source being set to SRRun02_grf
[info] Storage: read data file = SRRun02_grf.mot (nr=10005 nc=19)
[info] ExternalForce::RightGRF Data source being set to SRRun02_grf
[info] ExternalForce::LeftGRF Data source being set to SRRun02_grf
[info] Storage: read data file = SRRun02_grf.mot (nr=10005 nc=19)
[info] ExternalForce::RightGRF Data source being set to SRRun02_grf
[info] ExternalForce::LeftGRF Data source being set to SRRun02_grf
[info] Storage: read data file = SRRun02_grf.mot (nr=10005 nc=19)
[info] ExternalForce::RightGRF Data source being set to SRRun02_grf
[info] ExternalForce::LeftGRF Data source being set to SRRun02_grf
[info] Storage: read data file = SRRun02_grf.mot (nr=10005 nc=19)
[info] ExternalForce::RightGRF Data source being set to SRRun02_grf
[info] ExternalForce::LeftGRF Data source being set to SRRun02_grf
[info] Storage: read data file = SRRun02_grf.mot (nr=10005 nc=19)
[info] ExternalForce::RightGRF Data source being set to SRRun02_grf
[info] ExternalForce::LeftGRF Data source being set to SRRun02_grf
[info] Storage: read data file = SRRun02_grf.mot (nr=10005 nc=19)
[info] ExternalForce::RightGRF Data source being set to SRRun02_grf
[info] ExternalForce::LeftGRF Data source being set to SRRun02_grf
[info] Storage: read data file = SRRun02_grf.mot (nr=10005 nc=19)
[info] ExternalForce::RightGRF Data source being set to SRRun02_grf
[info] ExternalForce::LeftGRF Data source being set to SRRun02_grf
[info] Storage: read data file = SRRun02_grf.mot (nr=10005 nc=19)
[info] ExternalForce::RightGRF Data source being set to SRRun02_grf
[info] ExternalForce::LeftGRF Data source being set to SRRun02_grf
[info] Storage: read data file = SRRun02_grf.mot (nr=10005 nc=19)
[info] ExternalForce::RightGRF Data source being set to SRRun02_grf
[info] ExternalForce::LeftGRF Data source being set to SRRun02_grf
[info] Storage: read data file = SRRun02_grf.mot (nr=10005 nc=19)
[info] ExternalForce::RightGRF Data source being set to SRRun02_grf
[info] ExternalForce::LeftGRF Data source being set to SRRun02_grf
[info] Storage: read data file = SRRun02_grf.mot (nr=10005 nc=19)
[info] ExternalForce::RightGRF Data source being set to SRRun02_grf
[info] ExternalForce::LeftGRF Data source being set to SRRun02_grf
[info] Storage: read data file = SRRun02_grf.mot (nr=10005 nc=19)
[info] ExternalForce::RightGRF Data source being set to SRRun02_grf
[info] ExternalForce::LeftGRF Data source being set to SRRun02_grf
[info] Storage: read data file = SRRun02_grf.mot (nr=10005 nc=19)
[info] ExternalForce::RightGRF Data source being set to SRRun02_grf
[info] ExternalForce::LeftGRF Data source being set to SRRun02_grf
[info] Storage: read data file = SRRun02_grf.mot (nr=10005 nc=19)
[info] ExternalForce::RightGRF Data source being set to SRRun02_grf
[info] ExternalForce::LeftGRF Data source being set to SRRun02_grf
[info] Storage: read data file = SRRun02_grf.mot (nr=10005 nc=19)
[info] ExternalForce::RightGRF Data source being set to SRRun02_grf
[info] ExternalForce::LeftGRF Data source being set to SRRun02_grf
[info] Storage: read data file = SRRun02_grf.mot (nr=10005 nc=19)
[info] ExternalForce::RightGRF Data source being set to SRRun02_grf
[info] ExternalForce::LeftGRF Data source being set to SRRun02_grf
[info] Storage: read data file = SRRun02_grf.mot (nr=10005 nc=19)
[info] ExternalForce::RightGRF Data source being set to SRRun02_grf
[info] ExternalForce::LeftGRF Data source being set to SRRun02_grf
[info] Storage: read data file = SRRun02_grf.mot (nr=10005 nc=19)
[info] ExternalForce::RightGRF Data source being set to SRRun02_grf
[info] ExternalForce::LeftGRF Data source being set to SRRun02_grf
[info] Storage: read data file = SRRun02_grf.mot (nr=10005 nc=19)
[info] ExternalForce::RightGRF Data source being set to SRRun02_grf
[info] ExternalForce::LeftGRF Data source being set to SRRun02_grf
[info] Storage: read data file = SRRun02_grf.mot (nr=10005 nc=19)
[info] ExternalForce::RightGRF Data source being set to SRRun02_grf
[info] ExternalForce::LeftGRF Data source being set to SRRun02_grf
[info] Storage: read data file = SRRun02_grf.mot (nr=10005 nc=19)
[info] ExternalForce::RightGRF Data source being set to SRRun02_grf
[info] ExternalForce::LeftGRF Data source being set to SRRun02_grf
[info] Storage: read data file = SRRun02_grf.mot (nr=10005 nc=19)
[info] ExternalForce::RightGRF Data source being set to SRRun02_grf
[info] ExternalForce::LeftGRF Data source being set to SRRun02_grf
[info] Storage: read data file = SRRun02_grf.mot (nr=10005 nc=19)
[info] ExternalForce::RightGRF Data source being set to SRRun02_grf
[info] ExternalForce::LeftGRF Data source being set to SRRun02_grf
[info] Storage: read data file = SRRun02_grf.mot (nr=10005 nc=19)
[info] ExternalForce::RightGRF Data source being set to SRRun02_grf
[info] ExternalForce::LeftGRF Data source being set to SRRun02_grf
[info] Storage: read data file = SRRun02_grf.mot (nr=10005 nc=19)
[info] ExternalForce::RightGRF Data source being set to SRRun02_grf
[info] ExternalForce::LeftGRF Data source being set to SRRun02_grf
[info] Storage: read data file = SRRun02_grf.mot (nr=10005 nc=19)
[info] ExternalForce::RightGRF Data source being set to SRRun02_grf
[info] ExternalForce::LeftGRF Data source being set to SRRun02_grf
[info] Storage: read data file = SRRun02_grf.mot (nr=10005 nc=19)
[info] ExternalForce::RightGRF Data source being set to SRRun02_grf
[info] ExternalForce::LeftGRF Data source being set to SRRun02_grf
[info] Storage: read data file = SRRun02_grf.mot (nr=10005 nc=19)
[info] ExternalForce::RightGRF Data source being set to SRRun02_grf
[info] ExternalForce::LeftGRF Data source being set to SRRun02_grf
[info] Storage: read data file = SRRun02_grf.mot (nr=10005 nc=19)
[info] ExternalForce::RightGRF Data source being set to SRRun02_grf
[info] ExternalForce::LeftGRF Data source being set to SRRun02_grf
[info] Storage: read data file = SRRun02_grf.mot (nr=10005 nc=19)
[info] ExternalForce::RightGRF Data source being set to SRRun02_grf
[info] ExternalForce::LeftGRF Data source being set to SRRun02_grf
[info] Storage: read data file = SRRun02_grf.mot (nr=10005 nc=19)
[info] ExternalForce::RightGRF Data source being set to SRRun02_grf
[info] ExternalForce::LeftGRF Data source being set to SRRun02_grf
[info] Storage: read data file = SRRun02_grf.mot (nr=10005 nc=19)
[info] ExternalForce::RightGRF Data source being set to SRRun02_grf
[info] ExternalForce::LeftGRF Data source being set to SRRun02_grf
[info] Storage: read data file = SRRun02_grf.mot (nr=10005 nc=19)
[info] ExternalForce::RightGRF Data source being set to SRRun02_grf
[info] ExternalForce::LeftGRF Data source being set to SRRun02_grf
[info] Storage: read data file = SRRun02_grf.mot (nr=10005 nc=19)
[info] ExternalForce::RightGRF Data source being set to SRRun02_grf
[info] ExternalForce::LeftGRF Data source being set to SRRun02_grf
[info] Storage: read data file = SRRun02_grf.mot (nr=10005 nc=19)
[info] ExternalForce::RightGRF Data source being set to SRRun02_grf
[info] ExternalForce::LeftGRF Data source being set to SRRun02_grf
[info] Storage: read data file = SRRun02_grf.mot (nr=10005 nc=19)
[info] ExternalForce::RightGRF Data source being set to SRRun02_grf
[info] ExternalForce::LeftGRF Data source being set to SRRun02_grf
[info] Storage: read data file = SRRun02_grf.mot (nr=10005 nc=19)
[info] ExternalForce::RightGRF Data source being set to SRRun02_grf
[info] ExternalForce::LeftGRF Data source being set to SRRun02_grf
[info] Storage: read data file = SRRun02_grf.mot (nr=10005 nc=19)
[info] ExternalForce::RightGRF Data source being set to SRRun02_grf
[info] ExternalForce::LeftGRF Data source being set to SRRun02_grf
[info] Storage: read data file = SRRun02_grf.mot (nr=10005 nc=19)
[info] ExternalForce::RightGRF Data source being set to SRRun02_grf
[info] ExternalForce::LeftGRF Data source being set to SRRun02_grf
[info] Storage: read data file = SRRun02_grf.mot (nr=10005 nc=19)
[info] ExternalForce::RightGRF Data source being set to SRRun02_grf
[info] ExternalForce::LeftGRF Data source being set to SRRun02_grf
[info] Storage: read data file = SRRun02_grf.mot (nr=10005 nc=19)
[info] ExternalForce::RightGRF Data source being set to SRRun02_grf
[info] ExternalForce::LeftGRF Data source being set to SRRun02_grf
[info] Storage: read data file = SRRun02_grf.mot (nr=10005 nc=19)
[info] ExternalForce::RightGRF Data source being set to SRRun02_grf
[info] ExternalForce::LeftGRF Data source being set to SRRun02_grf
[info] Storage: read data file = SRRun02_grf.mot (nr=10005 nc=19)
[info] ExternalForce::RightGRF Data source being set to SRRun02_grf
[info] ExternalForce::LeftGRF Data source being set to SRRun02_grf
[info] Storage: read data file = SRRun02_grf.mot (nr=10005 nc=19)
[info] ExternalForce::RightGRF Data source being set to SRRun02_grf
[info] ExternalForce::LeftGRF Data source being set to SRRun02_grf
[info] Storage: read data file = SRRun02_grf.mot (nr=10005 nc=19)
[info] ExternalForce::RightGRF Data source being set to SRRun02_grf
[info] ExternalForce::LeftGRF Data source being set to SRRun02_grf
[info] Storage: read data file = SRRun02_grf.mot (nr=10005 nc=19)
[info] ExternalForce::RightGRF Data source being set to SRRun02_grf
[info] ExternalForce::LeftGRF Data source being set to SRRun02_grf
[info] Storage: read data file = SRRun02_grf.mot (nr=10005 nc=19)
[info] ExternalForce::RightGRF Data source being set to SRRun02_grf
[info] ExternalForce::LeftGRF Data source being set to SRRun02_grf
[info] Storage: read data file = SRRun02_grf.mot (nr=10005 nc=19)
[info] ExternalForce::RightGRF Data source being set to SRRun02_grf
[info] ExternalForce::LeftGRF Data source being set to SRRun02_grf
[info] Storage: read data file = SRRun02_grf.mot (nr=10005 nc=19)
[info] ExternalForce::RightGRF Data source being set to SRRun02_grf
[info] ExternalForce::LeftGRF Data source being set to SRRun02_grf
[info] Storage: read data file = SRRun02_grf.mot (nr=10005 nc=19)
[info] ExternalForce::RightGRF Data source being set to SRRun02_grf
[info] ExternalForce::LeftGRF Data source being set to SRRun02_grf
[info] Storage: read data file = SRRun02_grf.mot (nr=10005 nc=19)
[info] ExternalForce::RightGRF Data source being set to SRRun02_grf
[info] ExternalForce::LeftGRF Data source being set to SRRun02_grf
[info] Storage: read data file = SRRun02_grf.mot (nr=10005 nc=19)
[info] ExternalForce::RightGRF Data source being set to SRRun02_grf
[info] ExternalForce::LeftGRF Data source being set to SRRun02_grf
[info] Storage: read data file = SRRun02_grf.mot (nr=10005 nc=19)
[info] ExternalForce::RightGRF Data source being set to SRRun02_grf
[info] ExternalForce::LeftGRF Data source being set to SRRun02_grf
[info] Storage: read data file = SRRun02_grf.mot (nr=10005 nc=19)
[info] ExternalForce::RightGRF Data source being set to SRRun02_grf
[info] ExternalForce::LeftGRF Data source being set to SRRun02_grf
[info] Storage: read data file = SRRun02_grf.mot (nr=10005 nc=19)
[info] ExternalForce::RightGRF Data source being set to SRRun02_grf
[info] ExternalForce::LeftGRF Data source being set to SRRun02_grf
[info] Storage: read data file = SRRun02_grf.mot (nr=10005 nc=19)
[info] ExternalForce::RightGRF Data source being set to SRRun02_grf
[info] ExternalForce::LeftGRF Data source being set to SRRun02_grf
[info] Storage: read data file = SRRun02_grf.mot (nr=10005 nc=19)
[info] ExternalForce::RightGRF Data source being set to SRRun02_grf
[info] ExternalForce::LeftGRF Data source being set to SRRun02_grf
[info] Storage: read data file = SRRun02_grf.mot (nr=10005 nc=19)
[info] ExternalForce::RightGRF Data source being set to SRRun02_grf
[info] ExternalForce::LeftGRF Data source being set to SRRun02_grf
[info] Storage: read data file = SRRun02_grf.mot (nr=10005 nc=19)
[info] ExternalForce::RightGRF Data source being set to SRRun02_grf
[info] ExternalForce::LeftGRF Data source being set to SRRun02_grf
[info] Storage: read data file = SRRun02_grf.mot (nr=10005 nc=19)
[info] ExternalForce::RightGRF Data source being set to SRRun02_grf
[info] ExternalForce::LeftGRF Data source being set to SRRun02_grf
[info] Storage: read data file = SRRun02_grf.mot (nr=10005 nc=19)
[info] ExternalForce::RightGRF Data source being set to SRRun02_grf
[info] ExternalForce::LeftGRF Data source being set to SRRun02_grf
[info] Storage: read data file = SRRun02_grf.mot (nr=10005 nc=19)
[info] ExternalForce::RightGRF Data source being set to SRRun02_grf
[info] ExternalForce::LeftGRF Data source being set to SRRun02_grf
[info] Storage: read data file = SRRun02_grf.mot (nr=10005 nc=19)
[info] ExternalForce::RightGRF Data source being set to SRRun02_grf
[info] ExternalForce::LeftGRF Data source being set to SRRun02_grf
[info] Storage: read data file = SRRun02_grf.mot (nr=10005 nc=19)
[info] ExternalForce::RightGRF Data source being set to SRRun02_grf
[info] ExternalForce::LeftGRF Data source being set to SRRun02_grf
[info] Storage: read data file = SRRun02_grf.mot (nr=10005 nc=19)
[info] ExternalForce::RightGRF Data source being set to SRRun02_grf
[info] ExternalForce::LeftGRF Data source being set to SRRun02_grf
[info] Storage: read data file = SRRun02_grf.mot (nr=10005 nc=19)
[info] ExternalForce::RightGRF Data source being set to SRRun02_grf
[info] ExternalForce::LeftGRF Data source being set to SRRun02_grf
[info] Storage: read data file = SRRun02_grf.mot (nr=10005 nc=19)
[info] ExternalForce::RightGRF Data source being set to SRRun02_grf
[info] ExternalForce::LeftGRF Data source being set to SRRun02_grf
[info] Storage: read data file = SRRun02_grf.mot (nr=10005 nc=19)
[info] ExternalForce::RightGRF Data source being set to SRRun02_grf
[info] ExternalForce::LeftGRF Data source being set to SRRun02_grf
[info] Storage: read data file = SRRun02_grf.mot (nr=10005 nc=19)
[info] ExternalForce::RightGRF Data source being set to SRRun02_grf
[info] ExternalForce::LeftGRF Data source being set to SRRun02_grf
[info] Storage: read data file = SRRun02_grf.mot (nr=10005 nc=19)
[info] ExternalForce::RightGRF Data source being set to SRRun02_grf
[info] ExternalForce::LeftGRF Data source being set to SRRun02_grf
[info] Storage: read data file = SRRun02_grf.mot (nr=10005 nc=19)
[info] ExternalForce::RightGRF Data source being set to SRRun02_grf
[info] ExternalForce::LeftGRF Data source being set to SRRun02_grf
[info] Storage: read data file = SRRun02_grf.mot (nr=10005 nc=19)
[info] ExternalForce::RightGRF Data source being set to SRRun02_grf
[info] ExternalForce::LeftGRF Data source being set to SRRun02_grf
[info] Storage: read data file = SRRun02_grf.mot (nr=10005 nc=19)
[info] ExternalForce::RightGRF Data source being set to SRRun02_grf
[info] ExternalForce::LeftGRF Data source being set to SRRun02_grf
[info] Storage: read data file = SRRun02_grf.mot (nr=10005 nc=19)
[info] ExternalForce::RightGRF Data source being set to SRRun02_grf
[info] ExternalForce::LeftGRF Data source being set to SRRun02_grf
[info] Storage: read data file = SRRun02_grf.mot (nr=10005 nc=19)
[info] ExternalForce::RightGRF Data source being set to SRRun02_grf
[info] ExternalForce::LeftGRF Data source being set to SRRun02_grf
[info] Storage: read data file = SRRun02_grf.mot (nr=10005 nc=19)
[info] ExternalForce::RightGRF Data source being set to SRRun02_grf
[info] ExternalForce::LeftGRF Data source being set to SRRun02_grf
[info] Storage: read data file = SRRun02_grf.mot (nr=10005 nc=19)
[info] ExternalForce::RightGRF Data source being set to SRRun02_grf
[info] ExternalForce::LeftGRF Data source being set to SRRun02_grf
[info] Storage: read data file = SRRun02_grf.mot (nr=10005 nc=19)
[info] ExternalForce::RightGRF Data source being set to SRRun02_grf
[info] ExternalForce::LeftGRF Data source being set to SRRun02_grf
[info] Storage: read data file = SRRun02_grf.mot (nr=10005 nc=19)
[info] ExternalForce::RightGRF Data source being set to SRRun02_grf
[info] ExternalForce::LeftGRF Data source being set to SRRun02_grf
[info] Storage: read data file = SRRun02_grf.mot (nr=10005 nc=19)
[info] ExternalForce::RightGRF Data source being set to SRRun02_grf
[info] ExternalForce::LeftGRF Data source being set to SRRun02_grf
[info] Storage: read data file = SRRun02_grf.mot (nr=10005 nc=19)
[info] ExternalForce::RightGRF Data source being set to SRRun02_grf
[info] ExternalForce::LeftGRF Data source being set to SRRun02_grf
[info] Storage: read data file = SRRun02_grf.mot (nr=10005 nc=19)
[info] ExternalForce::RightGRF Data source being set to SRRun02_grf
[info] ExternalForce::LeftGRF Data source being set to SRRun02_grf
[info] Storage: read data file = SRRun02_grf.mot (nr=10005 nc=19)
[info] ExternalForce::RightGRF Data source being set to SRRun02_grf
[info] ExternalForce::LeftGRF Data source being set to SRRun02_grf
[info] Storage: read data file = SRRun02_grf.mot (nr=10005 nc=19)
[info] ExternalForce::RightGRF Data source being set to SRRun02_grf
[info] ExternalForce::LeftGRF Data source being set to SRRun02_grf
[info] Storage: read data file = SRRun02_grf.mot (nr=10005 nc=19)
[info] ExternalForce::RightGRF Data source being set to SRRun02_grf
[info] ExternalForce::LeftGRF Data source being set to SRRun02_grf
[info] Storage: read data file = SRRun02_grf.mot (nr=10005 nc=19)
[info] ExternalForce::RightGRF Data source being set to SRRun02_grf
[info] ExternalForce::LeftGRF Data source being set to SRRun02_grf
[info] Storage: read data file = SRRun02_grf.mot (nr=10005 nc=19)
[info] ExternalForce::RightGRF Data source being set to SRRun02_grf
[info] ExternalForce::LeftGRF Data source being set to SRRun02_grf
[info] Storage: read data file = SRRun02_grf.mot (nr=10005 nc=19)
[info] ExternalForce::RightGRF Data source being set to SRRun02_grf
[info] ExternalForce::LeftGRF Data source being set to SRRun02_grf
[info] Storage: read data file = SRRun02_grf.mot (nr=10005 nc=19)
[info] ExternalForce::RightGRF Data source being set to SRRun02_grf
[info] ExternalForce::LeftGRF Data source being set to SRRun02_grf
[info] Storage: read data file = SRRun02_grf.mot (nr=10005 nc=19)
[info] ExternalForce::RightGRF Data source being set to SRRun02_grf
[info] ExternalForce::LeftGRF Data source being set to SRRun02_grf
[info] Storage: read data file = SRRun02_grf.mot (nr=10005 nc=19)
[info] ExternalForce::RightGRF Data source being set to SRRun02_grf
[info] ExternalForce::LeftGRF Data source being set to SRRun02_grf
[info] Storage: read data file = SRRun02_grf.mot (nr=10005 nc=19)
[info] ExternalForce::RightGRF Data source being set to SRRun02_grf
[info] ExternalForce::LeftGRF Data source being set to SRRun02_grf
[info] Storage: read data file = SRRun02_grf.mot (nr=10005 nc=19)
[info] ExternalForce::RightGRF Data source being set to SRRun02_grf
[info] ExternalForce::LeftGRF Data source being set to SRRun02_grf
[info] Storage: read data file = SRRun02_grf.mot (nr=10005 nc=19)
[info] ExternalForce::RightGRF Data source being set to SRRun02_grf
[info] ExternalForce::LeftGRF Data source being set to SRRun02_grf
[info] Storage: read data file = SRRun02_grf.mot (nr=10005 nc=19)
[info] ExternalForce::RightGRF Data source being set to SRRun02_grf
[info] ExternalForce::LeftGRF Data source being set to SRRun02_grf
[info] Storage: read data file = SRRun02_grf.mot (nr=10005 nc=19)
[info] ExternalForce::RightGRF Data source being set to SRRun02_grf
[info] ExternalForce::LeftGRF Data source being set to SRRun02_grf
[info] Storage: read data file = SRRun02_grf.mot (nr=10005 nc=19)
[info] ExternalForce::RightGRF Data source being set to SRRun02_grf
[info] ExternalForce::LeftGRF Data source being set to SRRun02_grf
[info] Storage: read data file = SRRun02_grf.mot (nr=10005 nc=19)
[info] ExternalForce::RightGRF Data source being set to SRRun02_grf
[info] ExternalForce::LeftGRF Data source being set to SRRun02_grf
[info] Storage: read data file = SRRun02_grf.mot (nr=10005 nc=19)
[info] ExternalForce::RightGRF Data source being set to SRRun02_grf
[info] ExternalForce::LeftGRF Data source being set to SRRun02_grf
[info] Storage: read data file = SRRun02_grf.mot (nr=10005 nc=19)
[info] ExternalForce::RightGRF Data source being set to SRRun02_grf
[info] ExternalForce::LeftGRF Data source being set to SRRun02_grf
[info] Storage: read data file = SRRun02_grf.mot (nr=10005 nc=19)
[info] ExternalForce::RightGRF Data source being set to SRRun02_grf
[info] ExternalForce::LeftGRF Data source being set to SRRun02_grf
[info] Storage: read data file = SRRun02_grf.mot (nr=10005 nc=19)
[info] ExternalForce::RightGRF Data source being set to SRRun02_grf
[info] ExternalForce::LeftGRF Data source being set to SRRun02_grf
[info] Storage: read data file = SRRun02_grf.mot (nr=10005 nc=19)
[info] ExternalForce::RightGRF Data source being set to SRRun02_grf
[info] ExternalForce::LeftGRF Data source being set to SRRun02_grf
[info] Storage: read data file = SRRun02_grf.mot (nr=10005 nc=19)
[info] ExternalForce::RightGRF Data source being set to SRRun02_grf
[info] ExternalForce::LeftGRF Data source being set to SRRun02_grf
[info] Storage: read data file = SRRun02_grf.mot (nr=10005 nc=19)
[info] ExternalForce::RightGRF Data source being set to SRRun02_grf
[info] ExternalForce::LeftGRF Data source being set to SRRun02_grf
[info] Storage: read data file = SRRun02_grf.mot (nr=10005 nc=19)
[info] ExternalForce::RightGRF Data source being set to SRRun02_grf
[info] ExternalForce::LeftGRF Data source being set to SRRun02_grf
[info] Storage: read data file = SRRun02_grf.mot (nr=10005 nc=19)
[info] ExternalForce::RightGRF Data source being set to SRRun02_grf
[info] ExternalForce::LeftGRF Data source being set to SRRun02_grf
[info] Storage: read data file = SRRun02_grf.mot (nr=10005 nc=19)
[info] ExternalForce::RightGRF Data source being set to SRRun02_grf
[info] ExternalForce::LeftGRF Data source being set to SRRun02_grf
[info] Storage: read data file = SRRun02_grf.mot (nr=10005 nc=19)
[info] ExternalForce::RightGRF Data source being set to SRRun02_grf
[info] ExternalForce::LeftGRF Data source being set to SRRun02_grf
[info] Storage: read data file = SRRun02_grf.mot (nr=10005 nc=19)
[info] ExternalForce::RightGRF Data source being set to SRRun02_grf
[info] ExternalForce::LeftGRF Data source being set to SRRun02_grf
[info] Storage: read data file = SRRun02_grf.mot (nr=10005 nc=19)
[info] ExternalForce::RightGRF Data source being set to SRRun02_grf
[info] ExternalForce::LeftGRF Data source being set to SRRun02_grf
[info] Storage: read data file = SRRun02_grf.mot (nr=10005 nc=19)
[info] ExternalForce::RightGRF Data source being set to SRRun02_grf
[info] ExternalForce::LeftGRF Data source being set to SRRun02_grf
[info] Storage: read data file = SRRun02_grf.mot (nr=10005 nc=19)
[info] ExternalForce::RightGRF Data source being set to SRRun02_grf
[info] ExternalForce::LeftGRF Data source being set to SRRun02_grf
[info] Storage: read data file = SRRun02_grf.mot (nr=10005 nc=19)
[info] ExternalForce::RightGRF Data source being set to SRRun02_grf
[info] ExternalForce::LeftGRF Data source being set to SRRun02_grf
[info] Storage: read data file = SRRun02_grf.mot (nr=10005 nc=19)
[info] ExternalForce::RightGRF Data source being set to SRRun02_grf
[info] ExternalForce::LeftGRF Data source being set to SRRun02_grf
[info] Storage: read data file = SRRun02_grf.mot (nr=10005 nc=19)
[info] ExternalForce::RightGRF Data source being set to SRRun02_grf
[info] ExternalForce::LeftGRF Data source being set to SRRun02_grf
[info] Storage: read data file = SRRun02_grf.mot (nr=10005 nc=19)
[info] ExternalForce::RightGRF Data source being set to SRRun02_grf
[info] ExternalForce::LeftGRF Data source being set to SRRun02_grf
[info] Storage: read data file = SRRun02_grf.mot (nr=10005 nc=19)
[info] ExternalForce::RightGRF Data source being set to SRRun02_grf
[info] ExternalForce::LeftGRF Data source being set to SRRun02_grf
[info] Storage: read data file = SRRun02_grf.mot (nr=10005 nc=19)
[info] ExternalForce::RightGRF Data source being set to SRRun02_grf
[info] ExternalForce::LeftGRF Data source being set to SRRun02_grf
[info] Storage: read data file = SRRun02_grf.mot (nr=10005 nc=19)
[info] ExternalForce::RightGRF Data source being set to SRRun02_grf
[info] ExternalForce::LeftGRF Data source being set to SRRun02_grf
[info] Storage: read data file = SRRun02_grf.mot (nr=10005 nc=19)
[info] ExternalForce::RightGRF Data source being set to SRRun02_grf
[info] ExternalForce::LeftGRF Data source being set to SRRun02_grf
[info] Storage: read data file = SRRun02_grf.mot (nr=10005 nc=19)
[info] ExternalForce::RightGRF Data source being set to SRRun02_grf
[info] ExternalForce::LeftGRF Data source being set to SRRun02_grf
[info] Storage: read data file = SRRun02_grf.mot (nr=10005 nc=19)
[info] ExternalForce::RightGRF Data source being set to SRRun02_grf
[info] ExternalForce::LeftGRF Data source being set to SRRun02_grf
[info] Storage: read data file = SRRun02_grf.mot (nr=10005 nc=19)
[info] ExternalForce::RightGRF Data source being set to SRRun02_grf
[info] ExternalForce::LeftGRF Data source being set to SRRun02_grf
[info] Storage: read data file = SRRun02_grf.mot (nr=10005 nc=19)
[info] ExternalForce::RightGRF Data source being set to SRRun02_grf
[info] ExternalForce::LeftGRF Data source being set to SRRun02_grf
[info] Storage: read data file = SRRun02_grf.mot (nr=10005 nc=19)
[info] ExternalForce::RightGRF Data source being set to SRRun02_grf
[info] ExternalForce::LeftGRF Data source being set to SRRun02_grf
[info] Storage: read data file = SRRun02_grf.mot (nr=10005 nc=19)
[info] ExternalForce::RightGRF Data source being set to SRRun02_grf
[info] ExternalForce::LeftGRF Data source being set to SRRun02_grf
[info] Storage: read data file = SRRun02_grf.mot (nr=10005 nc=19)
[info] ExternalForce::RightGRF Data source being set to SRRun02_grf
[info] ExternalForce::LeftGRF Data source being set to SRRun02_grf
[info] Storage: read data file = SRRun02_grf.mot (nr=10005 nc=19)
[info] ExternalForce::RightGRF Data source being set to SRRun02_grf
[info] ExternalForce::LeftGRF Data source being set to SRRun02_grf
[info] Storage: read data file = SRRun02_grf.mot (nr=10005 nc=19)
[info] ExternalForce::RightGRF Data source being set to SRRun02_grf
[info] ExternalForce::LeftGRF Data source being set to SRRun02_grf
[info] Storage: read data file = SRRun02_grf.mot (nr=10005 nc=19)
[info] ExternalForce::RightGRF Data source being set to SRRun02_grf
[info] ExternalForce::LeftGRF Data source being set to SRRun02_grf
[info] Storage: read data file = SRRun02_grf.mot (nr=10005 nc=19)
[info] ExternalForce::RightGRF Data source being set to SRRun02_grf
[info] ExternalForce::LeftGRF Data source being set to SRRun02_grf
[info] Storage: read data file = SRRun02_grf.mot (nr=10005 nc=19)
[info] ExternalForce::RightGRF Data source being set to SRRun02_grf
[info] ExternalForce::LeftGRF Data source being set to SRRun02_grf
[info] Storage: read data file = SRRun02_grf.mot (nr=10005 nc=19)
[info] ExternalForce::RightGRF Data source being set to SRRun02_grf
[info] ExternalForce::LeftGRF Data source being set to SRRun02_grf
[info] Storage: read data file = SRRun02_grf.mot (nr=10005 nc=19)
[info] ExternalForce::RightGRF Data source being set to SRRun02_grf
[info] ExternalForce::LeftGRF Data source being set to SRRun02_grf
[info] Storage: read data file = SRRun02_grf.mot (nr=10005 nc=19)
[info] ExternalForce::RightGRF Data source being set to SRRun02_grf
[info] ExternalForce::LeftGRF Data source being set to SRRun02_grf
[info] Storage: read data file = SRRun02_grf.mot (nr=10005 nc=19)
[info] ExternalForce::RightGRF Data source being set to SRRun02_grf
[info] ExternalForce::LeftGRF Data source being set to SRRun02_grf
[info] Storage: read data file = SRRun02_grf.mot (nr=10005 nc=19)
[info] ExternalForce::RightGRF Data source being set to SRRun02_grf
[info] ExternalForce::LeftGRF Data source being set to SRRun02_grf
[info] Storage: read data file = SRRun02_grf.mot (nr=10005 nc=19)
[info] ExternalForce::RightGRF Data source being set to SRRun02_grf
[info] ExternalForce::LeftGRF Data source being set to SRRun02_grf
[info] Storage: read data file = SRRun02_grf.mot (nr=10005 nc=19)
[info] ExternalForce::RightGRF Data source being set to SRRun02_grf
[info] ExternalForce::LeftGRF Data source being set to SRRun02_grf
[info] Storage: read data file = SRRun02_grf.mot (nr=10005 nc=19)
[info] ExternalForce::RightGRF Data source being set to SRRun02_grf
[info] ExternalForce::LeftGRF Data source being set to SRRun02_grf
[info] Storage: read data file = SRRun02_grf.mot (nr=10005 nc=19)
[info] ExternalForce::RightGRF Data source being set to SRRun02_grf
[info] ExternalForce::LeftGRF Data source being set to SRRun02_grf
[info] Storage: read data file = SRRun02_grf.mot (nr=10005 nc=19)
[info] ExternalForce::RightGRF Data source being set to SRRun02_grf
[info] ExternalForce::LeftGRF Data source being set to SRRun02_grf
[info] Storage: read data file = SRRun02_grf.mot (nr=10005 nc=19)
[info] ExternalForce::RightGRF Data source being set to SRRun02_grf
[info] ExternalForce::LeftGRF Data source being set to SRRun02_grf
[info] Storage: read data file = SRRun02_grf.mot (nr=10005 nc=19)
[info] ExternalForce::RightGRF Data source being set to SRRun02_grf
[info] ExternalForce::LeftGRF Data source being set to SRRun02_grf
[info] Storage: read data file = SRRun02_grf.mot (nr=10005 nc=19)
[info] ExternalForce::RightGRF Data source being set to SRRun02_grf
[info] ExternalForce::LeftGRF Data source being set to SRRun02_grf
[info] Storage: read data file = SRRun02_grf.mot (nr=10005 nc=19)
[info] ExternalForce::RightGRF Data source being set to SRRun02_grf
[info] ExternalForce::LeftGRF Data source being set to SRRun02_grf
[info] Storage: read data file = SRRun02_grf.mot (nr=10005 nc=19)
[info] ExternalForce::RightGRF Data source being set to SRRun02_grf
[info] ExternalForce::LeftGRF Data source being set to SRRun02_grf
[info] Storage: read data file = SRRun02_grf.mot (nr=10005 nc=19)
[info] ExternalForce::RightGRF Data source being set to SRRun02_grf
[info] ExternalForce::LeftGRF Data source being set to SRRun02_grf
[info] Storage: read data file = SRRun02_grf.mot (nr=10005 nc=19)
[info] ExternalForce::RightGRF Data source being set to SRRun02_grf
[info] ExternalForce::LeftGRF Data source being set to SRRun02_grf
[info] Storage: read data file = SRRun02_grf.mot (nr=10005 nc=19)
[info] ExternalForce::RightGRF Data source being set to SRRun02_grf
[info] ExternalForce::LeftGRF Data source being set to SRRun02_grf
[info] Storage: read data file = SRRun02_grf.mot (nr=10005 nc=19)
[info] ExternalForce::RightGRF Data source being set to SRRun02_grf
[info] ExternalForce::LeftGRF Data source being set to SRRun02_grf
[info] Storage: read data file = SRRun02_grf.mot (nr=10005 nc=19)
[info] ExternalForce::RightGRF Data source being set to SRRun02_grf
[info] ExternalForce::LeftGRF Data source being set to SRRun02_grf
[info] Storage: read data file = SRRun02_grf.mot (nr=10005 nc=19)
[info] ExternalForce::RightGRF Data source being set to SRRun02_grf
[info] ExternalForce::LeftGRF Data source being set to SRRun02_grf
[info] Storage: read data file = SRRun02_grf.mot (nr=10005 nc=19)
[info] ExternalForce::RightGRF Data source being set to SRRun02_grf
[info] ExternalForce::LeftGRF Data source being set to SRRun02_grf
[info] Storage: read data file = SRRun02_grf.mot (nr=10005 nc=19)
[info] ExternalForce::RightGRF Data source being set to SRRun02_grf
[info] ExternalForce::LeftGRF Data source being set to SRRun02_grf
[info] Storage: read data file = SRRun02_grf.mot (nr=10005 nc=19)
[info] ExternalForce::RightGRF Data source being set to SRRun02_grf
[info] ExternalForce::LeftGRF Data source being set to SRRun02_grf
[info] Storage: read data file = SRRun02_grf.mot (nr=10005 nc=19)
[info] ExternalForce::RightGRF Data source being set to SRRun02_grf
[info] ExternalForce::LeftGRF Data source being set to SRRun02_grf
[info] Storage: read data file = SRRun02_grf.mot (nr=10005 nc=19)
[info] ExternalForce::RightGRF Data source being set to SRRun02_grf
[info] ExternalForce::LeftGRF Data source being set to SRRun02_grf
[info] Storage: read data file = SRRun02_grf.mot (nr=10005 nc=19)
[info] ExternalForce::RightGRF Data source being set to SRRun02_grf
[info] ExternalForce::LeftGRF Data source being set to SRRun02_grf
[info] Storage: read data file = SRRun02_grf.mot (nr=10005 nc=19)
[info] ExternalForce::RightGRF Data source being set to SRRun02_grf
[info] ExternalForce::LeftGRF Data source being set to SRRun02_grf
[info] Storage: read data file = SRRun02_grf.mot (nr=10005 nc=19)
[info] ExternalForce::RightGRF Data source being set to SRRun02_grf
[info] ExternalForce::LeftGRF Data source being set to SRRun02_grf
[info] Storage: read data file = SRRun02_grf.mot (nr=10005 nc=19)
[info] ExternalForce::RightGRF Data source being set to SRRun02_grf
[info] ExternalForce::LeftGRF Data source being set to SRRun02_grf
[info] Storage: read data file = SRRun02_grf.mot (nr=10005 nc=19)
[info] ExternalForce::RightGRF Data source being set to SRRun02_grf
[info] ExternalForce::LeftGRF Data source being set to SRRun02_grf
[info] Storage: read data file = SRRun02_grf.mot (nr=10005 nc=19)
[info] ExternalForce::RightGRF Data source being set to SRRun02_grf
[info] ExternalForce::LeftGRF Data source being set to SRRun02_grf
[info] Storage: read data file = SRRun02_grf.mot (nr=10005 nc=19)
[info] ExternalForce::RightGRF Data source being set to SRRun02_grf
[info] ExternalForce::LeftGRF Data source being set to SRRun02_grf
[info] Storage: read data file = SRRun02_grf.mot (nr=10005 nc=19)
[info] ExternalForce::RightGRF Data source being set to SRRun02_grf
[info] ExternalForce::LeftGRF Data source being set to SRRun02_grf
[info] Storage: read data file = SRRun02_grf.mot (nr=10005 nc=19)
[info] ExternalForce::RightGRF Data source being set to SRRun02_grf
[info] ExternalForce::LeftGRF Data source being set to SRRun02_grf
[info] Storage: read data file = SRRun02_grf.mot (nr=10005 nc=19)
[info] ExternalForce::RightGRF Data source being set to SRRun02_grf
[info] ExternalForce::LeftGRF Data source being set to SRRun02_grf
[info] Storage: read data file = SRRun02_grf.mot (nr=10005 nc=19)
[info] ExternalForce::RightGRF Data source being set to SRRun02_grf
[info] ExternalForce::LeftGRF Data source being set to SRRun02_grf
[info] Storage: read data file = SRRun02_grf.mot (nr=10005 nc=19)
[info] ExternalForce::RightGRF Data source being set to SRRun02_grf
[info] ExternalForce::LeftGRF Data source being set to SRRun02_grf
[info] Storage: read data file = SRRun02_grf.mot (nr=10005 nc=19)
[info] ExternalForce::RightGRF Data source being set to SRRun02_grf
[info] ExternalForce::LeftGRF Data source being set to SRRun02_grf
[info] Storage: read data file = SRRun02_grf.mot (nr=10005 nc=19)
[info] ExternalForce::RightGRF Data source being set to SRRun02_grf
[info] ExternalForce::LeftGRF Data source being set to SRRun02_grf
[info] Storage: read data file = SRRun02_grf.mot (nr=10005 nc=19)
[info] ExternalForce::RightGRF Data source being set to SRRun02_grf
[info] ExternalForce::LeftGRF Data source being set to SRRun02_grf
[info] Storage: read data file = SRRun02_grf.mot (nr=10005 nc=19)
[info] ExternalForce::RightGRF Data source being set to SRRun02_grf
[info] ExternalForce::LeftGRF Data source being set to SRRun02_grf
[info] Storage: read data file = SRRun02_grf.mot (nr=10005 nc=19)
[info] ExternalForce::RightGRF Data source being set to SRRun02_grf
[info] ExternalForce::LeftGRF Data source being set to SRRun02_grf
[info] Storage: read data file = SRRun02_grf.mot (nr=10005 nc=19)
[info] ExternalForce::RightGRF Data source being set to SRRun02_grf
[info] ExternalForce::LeftGRF Data source being set to SRRun02_grf
[info] Storage: read data file = SRRun02_grf.mot (nr=10005 nc=19)
[info] ExternalForce::RightGRF Data source being set to SRRun02_grf
[info] ExternalForce::LeftGRF Data source being set to SRRun02_grf
[info] Storage: read data file = SRRun02_grf.mot (nr=10005 nc=19)
[info] ExternalForce::RightGRF Data source being set to SRRun02_grf
[info] ExternalForce::LeftGRF Data source being set to SRRun02_grf
[info] Storage: read data file = SRRun02_grf.mot (nr=10005 nc=19)
[info] ExternalForce::RightGRF Data source being set to SRRun02_grf
[info] ExternalForce::LeftGRF Data source being set to SRRun02_grf
[info] Storage: read data file = SRRun02_grf.mot (nr=10005 nc=19)
[info] ExternalForce::RightGRF Data source being set to SRRun02_grf
[info] ExternalForce::LeftGRF Data source being set to SRRun02_grf
[info] Storage: read data file = SRRun02_grf.mot (nr=10005 nc=19)
[info] ExternalForce::RightGRF Data source being set to SRRun02_grf
[info] ExternalForce::LeftGRF Data source being set to SRRun02_grf
[info] Storage: read data file = SRRun02_grf.mot (nr=10005 nc=19)
[info] ExternalForce::RightGRF Data source being set to SRRun02_grf
[info] ExternalForce::LeftGRF Data source being set to SRRun02_grf
[info] Storage: read data file = SRRun02_grf.mot (nr=10005 nc=19)
[info] ExternalForce::RightGRF Data source being set to SRRun02_grf
[info] ExternalForce::LeftGRF Data source being set to SRRun02_grf
[info] Storage: read data file = SRRun02_grf.mot (nr=10005 nc=19)
[info] ExternalForce::RightGRF Data source being set to SRRun02_grf
[info] ExternalForce::LeftGRF Data source being set to SRRun02_grf
[info] Storage: read data file = SRRun02_grf.mot (nr=10005 nc=19)
[info] ExternalForce::RightGRF Data source being set to SRRun02_grf
[info] ExternalForce::LeftGRF Data source being set to SRRun02_grf
[info] Storage: read data file = SRRun02_grf.mot (nr=10005 nc=19)
[info] ExternalForce::RightGRF Data source being set to SRRun02_grf
[info] ExternalForce::LeftGRF Data source being set to SRRun02_grf
[info] Storage: read data file = SRRun02_grf.mot (nr=10005 nc=19)
[info] ExternalForce::RightGRF Data source being set to SRRun02_grf
[info] ExternalForce::LeftGRF Data source being set to SRRun02_grf
[info] Storage: read data file = SRRun02_grf.mot (nr=10005 nc=19)
[info] ExternalForce::RightGRF Data source being set to SRRun02_grf
[info] ExternalForce::LeftGRF Data source being set to SRRun02_grf
[info] Storage: read data file = SRRun02_grf.mot (nr=10005 nc=19)
[info] ExternalForce::RightGRF Data source being set to SRRun02_grf
[info] ExternalForce::LeftGRF Data source being set to SRRun02_grf
[info] Storage: read data file = SRRun02_grf.mot (nr=10005 nc=19)
[info] ExternalForce::RightGRF Data source being set to SRRun02_grf
[info] ExternalForce::LeftGRF Data source being set to SRRun02_grf
[info] Storage: read data file = SRRun02_grf.mot (nr=10005 nc=19)
[info] ExternalForce::RightGRF Data source being set to SRRun02_grf
[info] ExternalForce::LeftGRF Data source being set to SRRun02_grf
[info] Storage: read data file = SRRun02_grf.mot (nr=10005 nc=19)
[info] ExternalForce::RightGRF Data source being set to SRRun02_grf
[info] ExternalForce::LeftGRF Data source being set to SRRun02_grf
[info] Storage: read data file = SRRun02_grf.mot (nr=10005 nc=19)
[info] ExternalForce::RightGRF Data source being set to SRRun02_grf
[info] ExternalForce::LeftGRF Data source being set to SRRun02_grf
[info] Storage: read data file = SRRun02_grf.mot (nr=10005 nc=19)
[info] ExternalForce::RightGRF Data source being set to SRRun02_grf
[info] ExternalForce::LeftGRF Data source being set to SRRun02_grf
[info] Storage: read data file = SRRun02_grf.mot (nr=10005 nc=19)
[info] ExternalForce::RightGRF Data source being set to SRRun02_grf
[info] ExternalForce::LeftGRF Data source being set to SRRun02_grf
[info] Storage: read data file = SRRun02_grf.mot (nr=10005 nc=19)
[info] ExternalForce::RightGRF Data source being set to SRRun02_grf
[info] ExternalForce::LeftGRF Data source being set to SRRun02_grf
[info] Storage: read data file = SRRun02_grf.mot (nr=10005 nc=19)
[info] ExternalForce::RightGRF Data source being set to SRRun02_grf
[info] ExternalForce::LeftGRF Data source being set to SRRun02_grf
[info] Storage: read data file = SRRun02_grf.mot (nr=10005 nc=19)
[info] ExternalForce::RightGRF Data source being set to SRRun02_grf
[info] ExternalForce::LeftGRF Data source being set to SRRun02_grf
[info] Storage: read data file = SRRun02_grf.mot (nr=10005 nc=19)
[info] ExternalForce::RightGRF Data source being set to SRRun02_grf
[info] ExternalForce::LeftGRF Data source being set to SRRun02_grf
[info] Storage: read data file = SRRun02_grf.mot (nr=10005 nc=19)
[info] ExternalForce::RightGRF Data source being set to SRRun02_grf
[info] ExternalForce::LeftGRF Data source being set to SRRun02_grf
[info] Storage: read data file = SRRun02_grf.mot (nr=10005 nc=19)
[info] ExternalForce::RightGRF Data source being set to SRRun02_grf
[info] ExternalForce::LeftGRF Data source being set to SRRun02_grf
[info] Storage: read data file = SRRun02_grf.mot (nr=10005 nc=19)
[info] ExternalForce::RightGRF Data source being set to SRRun02_grf
[info] ExternalForce::LeftGRF Data source being set to SRRun02_grf
[info] Storage: read data file = SRRun02_grf.mot (nr=10005 nc=19)
[info] ExternalForce::RightGRF Data source being set to SRRun02_grf
[info] ExternalForce::LeftGRF Data source being set to SRRun02_grf
[info] Storage: read data file = SRRun02_grf.mot (nr=10005 nc=19)
[info] ExternalForce::RightGRF Data source being set to SRRun02_grf
[info] ExternalForce::LeftGRF Data source being set to SRRun02_grf
[info] Storage: read data file = SRRun02_grf.mot (nr=10005 nc=19)
[info] ExternalForce::RightGRF Data source being set to SRRun02_grf
[info] ExternalForce::LeftGRF Data source being set to SRRun02_grf
[info] Storage: read data file = SRRun02_grf.mot (nr=10005 nc=19)
[info] ExternalForce::RightGRF Data source being set to SRRun02_grf
[info] ExternalForce::LeftGRF Data source being set to SRRun02_grf
[info] Storage: read data file = SRRun02_grf.mot (nr=10005 nc=19)
[info] ExternalForce::RightGRF Data source being set to SRRun02_grf
[info] ExternalForce::LeftGRF Data source being set to SRRun02_grf
[info] Storage: read data file = SRRun02_grf.mot (nr=10005 nc=19)
[info] ExternalForce::RightGRF Data source being set to SRRun02_grf
[info] ExternalForce::LeftGRF Data source being set to SRRun02_grf
[info] Storage: read data file = SRRun02_grf.mot (nr=10005 nc=19)
[info] ExternalForce::RightGRF Data source being set to SRRun02_grf
[info] ExternalForce::LeftGRF Data source being set to SRRun02_grf
[info] Storage: read data file = SRRun02_grf.mot (nr=10005 nc=19)
[info] ExternalForce::RightGRF Data source being set to SRRun02_grf
[info] ExternalForce::LeftGRF Data source being set to SRRun02_grf
[info] Storage: read data file = SRRun02_grf.mot (nr=10005 nc=19)
[info] ExternalForce::RightGRF Data source being set to SRRun02_grf
[info] ExternalForce::LeftGRF Data source being set to SRRun02_grf
[info] Storage: read data file = SRRun02_grf.mot (nr=10005 nc=19)
[info] ExternalForce::RightGRF Data source being set to SRRun02_grf
[info] ExternalForce::LeftGRF Data source being set to SRRun02_grf
[info] Storage: read data file = SRRun02_grf.mot (nr=10005 nc=19)
[info] ExternalForce::RightGRF Data source being set to SRRun02_grf
[info] ExternalForce::LeftGRF Data source being set to SRRun02_grf
[info] Storage: read data file = SRRun02_grf.mot (nr=10005 nc=19)
[info] ExternalForce::RightGRF Data source being set to SRRun02_grf
[info] ExternalForce::LeftGRF Data source being set to SRRun02_grf
[info] Storage: read data file = SRRun02_grf.mot (nr=10005 nc=19)
[info] ExternalForce::RightGRF Data source being set to SRRun02_grf
[info] ExternalForce::LeftGRF Data source being set to SRRun02_grf
[info] Storage: read data file = SRRun02_grf.mot (nr=10005 nc=19)
[info] ExternalForce::RightGRF Data source being set to SRRun02_grf
[info] ExternalForce::LeftGRF Data source being set to SRRun02_grf
[info] Storage: read data file = SRRun02_grf.mot (nr=10005 nc=19)
[info] ExternalForce::RightGRF Data source being set to SRRun02_grf
[info] ExternalForce::LeftGRF Data source being set to SRRun02_grf
[info] Storage: read data file = SRRun02_grf.mot (nr=10005 nc=19)
[info] ExternalForce::RightGRF Data source being set to SRRun02_grf
[info] ExternalForce::LeftGRF Data source being set to SRRun02_grf
[info] Storage: read data file = SRRun02_grf.mot (nr=10005 nc=19)
[info] ExternalForce::RightGRF Data source being set to SRRun02_grf
[info] ExternalForce::LeftGRF Data source being set to SRRun02_grf
[info] Storage: read data file = SRRun02_grf.mot (nr=10005 nc=19)
[info] ExternalForce::RightGRF Data source being set to SRRun02_grf
[info] ExternalForce::LeftGRF Data source being set to SRRun02_grf
[info] Storage: read data file = SRRun02_grf.mot (nr=10005 nc=19)
[info] ExternalForce::RightGRF Data source being set to SRRun02_grf
[info] ExternalForce::LeftGRF Data source being set to SRRun02_grf
[info] Storage: read data file = SRRun02_grf.mot (nr=10005 nc=19)
[info] ExternalForce::RightGRF Data source being set to SRRun02_grf
[info] ExternalForce::LeftGRF Data source being set to SRRun02_grf
[info] Storage: read data file = SRRun02_grf.mot (nr=10005 nc=19)
[info] ExternalForce::RightGRF Data source being set to SRRun02_grf
[info] ExternalForce::LeftGRF Data source being set to SRRun02_grf
[info] Storage: read data file = SRRun02_grf.mot (nr=10005 nc=19)
[info] ExternalForce::RightGRF Data source being set to SRRun02_grf
[info] ExternalForce::LeftGRF Data source being set to SRRun02_grf
[info] Storage: read data file = SRRun02_grf.mot (nr=10005 nc=19)
[info] ExternalForce::RightGRF Data source being set to SRRun02_grf
[info] ExternalForce::LeftGRF Data source being set to SRRun02_grf
[info] Storage: read data file = SRRun02_grf.mot (nr=10005 nc=19)
[info] ExternalForce::RightGRF Data source being set to SRRun02_grf
[info] ExternalForce::LeftGRF Data source being set to SRRun02_grf
[info] Storage: read data file = SRRun02_grf.mot (nr=10005 nc=19)
[info] ExternalForce::RightGRF Data source being set to SRRun02_grf
[info] ExternalForce::LeftGRF Data source being set to SRRun02_grf
[info] Storage: read data file = SRRun02_grf.mot (nr=10005 nc=19)
[info] ExternalForce::RightGRF Data source being set to SRRun02_grf
[info] ExternalForce::LeftGRF Data source being set to SRRun02_grf
[info] Storage: read data file = SRRun02_grf.mot (nr=10005 nc=19)
[info] ExternalForce::RightGRF Data source being set to SRRun02_grf
[info] ExternalForce::LeftGRF Data source being set to SRRun02_grf
[info] Storage: read data file = SRRun02_grf.mot (nr=10005 nc=19)
[info] ExternalForce::RightGRF Data source being set to SRRun02_grf
[info] ExternalForce::LeftGRF Data source being set to SRRun02_grf
[info] Storage: read data file = SRRun02_grf.mot (nr=10005 nc=19)
[info] ExternalForce::RightGRF Data source being set to SRRun02_grf
[info] ExternalForce::LeftGRF Data source being set to SRRun02_grf
[info] Storage: read data file = SRRun02_grf.mot (nr=10005 nc=19)
[info] ExternalForce::RightGRF Data source being set to SRRun02_grf
[info] ExternalForce::LeftGRF Data source being set to SRRun02_grf
[info] Storage: read data file = SRRun02_grf.mot (nr=10005 nc=19)
[info] ExternalForce::RightGRF Data source being set to SRRun02_grf
[info] ExternalForce::LeftGRF Data source being set to SRRun02_grf
[info] Storage: read data file = SRRun02_grf.mot (nr=10005 nc=19)
[info] ExternalForce::RightGRF Data source being set to SRRun02_grf
[info] ExternalForce::LeftGRF Data source being set to SRRun02_grf
[info] Storage: read data file = SRRun02_grf.mot (nr=10005 nc=19)
[info] ExternalForce::RightGRF Data source being set to SRRun02_grf
[info] ExternalForce::LeftGRF Data source being set to SRRun02_grf
[info] Storage: read data file = SRRun02_grf.mot (nr=10005 nc=19)
[info] ExternalForce::RightGRF Data source being set to SRRun02_grf
[info] ExternalForce::LeftGRF Data source being set to SRRun02_grf
[info] Storage: read data file = SRRun02_grf.mot (nr=10005 nc=19)
[info] ExternalForce::RightGRF Data source being set to SRRun02_grf
[info] ExternalForce::LeftGRF Data source being set to SRRun02_grf
[info] Storage: read data file = SRRun02_grf.mot (nr=10005 nc=19)
[info] ExternalForce::RightGRF Data source being set to SRRun02_grf
[info] ExternalForce::LeftGRF Data source being set to SRRun02_grf
[info] Storage: read data file = SRRun02_grf.mot (nr=10005 nc=19)
[info] ExternalForce::RightGRF Data source being set to SRRun02_grf
[info] ExternalForce::LeftGRF Data source being set to SRRun02_grf
[info] Storage: read data file = SRRun02_grf.mot (nr=10005 nc=19)
[info] ExternalForce::RightGRF Data source being set to SRRun02_grf
[info] ExternalForce::LeftGRF Data source being set to SRRun02_grf
[info] Storage: read data file = SRRun02_grf.mot (nr=10005 nc=19)
[info] ExternalForce::RightGRF Data source being set to SRRun02_grf
[info] ExternalForce::LeftGRF Data source being set to SRRun02_grf
[info] Storage: read data file = SRRun02_grf.mot (nr=10005 nc=19)
[info] ExternalForce::RightGRF Data source being set to SRRun02_grf
[info] ExternalForce::LeftGRF Data source being set to SRRun02_grf
[info] Storage: read data file = SRRun02_grf.mot (nr=10005 nc=19)
[info] ExternalForce::RightGRF Data source being set to SRRun02_grf
[info] ExternalForce::LeftGRF Data source being set to SRRun02_grf
[info] Storage: read data file = SRRun02_grf.mot (nr=10005 nc=19)
[info] ExternalForce::RightGRF Data source being set to SRRun02_grf
[info] ExternalForce::LeftGRF Data source being set to SRRun02_grf
[info] Storage: read data file = SRRun02_grf.mot (nr=10005 nc=19)
[info] ExternalForce::RightGRF Data source being set to SRRun02_grf
[info] ExternalForce::LeftGRF Data source being set to SRRun02_grf
[info] Storage: read data file = SRRun02_grf.mot (nr=10005 nc=19)
[info] ExternalForce::RightGRF Data source being set to SRRun02_grf
[info] ExternalForce::LeftGRF Data source being set to SRRun02_grf
[info] Storage: read data file = SRRun02_grf.mot (nr=10005 nc=19)
[info] ExternalForce::RightGRF Data source being set to SRRun02_grf
[info] ExternalForce::LeftGRF Data source being set to SRRun02_grf
[info] Storage: read data file = SRRun02_grf.mot (nr=10005 nc=19)
[info] ExternalForce::RightGRF Data source being set to SRRun02_grf
[info] ExternalForce::LeftGRF Data source being set to SRRun02_grf
[info] Storage: read data file = SRRun02_grf.mot (nr=10005 nc=19)
[info] ExternalForce::RightGRF Data source being set to SRRun02_grf
[info] ExternalForce::LeftGRF Data source being set to SRRun02_grf
[info] Storage: read data file = SRRun02_grf.mot (nr=10005 nc=19)
[info] ExternalForce::RightGRF Data source being set to SRRun02_grf
[info] ExternalForce::LeftGRF Data source being set to SRRun02_grf
[info] Storage: read data file = SRRun02_grf.mot (nr=10005 nc=19)
[info] ExternalForce::RightGRF Data source being set to SRRun02_grf
[info] ExternalForce::LeftGRF Data source being set to SRRun02_grf
[info] Storage: read data file = SRRun02_grf.mot (nr=10005 nc=19)
[info] ExternalForce::RightGRF Data source being set to SRRun02_grf
[info] ExternalForce::LeftGRF Data source being set to SRRun02_grf
[info] Storage: read data file = SRRun02_grf.mot (nr=10005 nc=19)
[info] ExternalForce::RightGRF Data source being set to SRRun02_grf
[info] ExternalForce::LeftGRF Data source being set to SRRun02_grf
[info] Storage: read data file = SRRun02_grf.mot (nr=10005 nc=19)
[info] ExternalForce::RightGRF Data source being set to SRRun02_grf
[info] ExternalForce::LeftGRF Data source being set to SRRun02_grf
[info] Storage: read data file = SRRun02_grf.mot (nr=10005 nc=19)
[info] ExternalForce::RightGRF Data source being set to SRRun02_grf
[info] ExternalForce::LeftGRF Data source being set to SRRun02_grf
[info] Storage: read data file = SRRun02_grf.mot (nr=10005 nc=19)
[info] ExternalForce::RightGRF Data source being set to SRRun02_grf
[info] ExternalForce::LeftGRF Data source being set to SRRun02_grf
[info] Storage: read data file = SRRun02_grf.mot (nr=10005 nc=19)
[info] ExternalForce::RightGRF Data source being set to SRRun02_grf
[info] ExternalForce::LeftGRF Data source being set to SRRun02_grf
[info] Storage: read data file = SRRun02_grf.mot (nr=10005 nc=19)
[info] ExternalForce::RightGRF Data source being set to SRRun02_grf
[info] ExternalForce::LeftGRF Data source being set to SRRun02_grf
[info] Storage: read data file = SRRun02_grf.mot (nr=10005 nc=19)
[info] ExternalForce::RightGRF Data source being set to SRRun02_grf
[info] ExternalForce::LeftGRF Data source being set to SRRun02_grf
[info] Storage: read data file = SRRun02_grf.mot (nr=10005 nc=19)
[info] ExternalForce::RightGRF Data source being set to SRRun02_grf
[info] ExternalForce::LeftGRF Data source being set to SRRun02_grf
[info] Storage: read data file = SRRun02_grf.mot (nr=10005 nc=19)
[info] ExternalForce::RightGRF Data source being set to SRRun02_grf
[info] ExternalForce::LeftGRF Data source being set to SRRun02_grf
[info] Storage: read data file = SRRun02_grf.mot (nr=10005 nc=19)
[info] ExternalForce::RightGRF Data source being set to SRRun02_grf
[info] ExternalForce::LeftGRF Data source being set to SRRun02_grf
[info] Storage: read data file = SRRun02_grf.mot (nr=10005 nc=19)
[info] ExternalForce::RightGRF Data source being set to SRRun02_grf
[info] ExternalForce::LeftGRF Data source being set to SRRun02_grf
[info] Storage: read data file = SRRun02_grf.mot (nr=10005 nc=19)
[info] ExternalForce::RightGRF Data source being set to SRRun02_grf
[info] ExternalForce::LeftGRF Data source being set to SRRun02_grf
[info] Storage: read data file = SRRun02_grf.mot (nr=10005 nc=19)
[info] ExternalForce::RightGRF Data source being set to SRRun02_grf
[info] ExternalForce::LeftGRF Data source being set to SRRun02_grf
[info] Storage: read data file = SRRun02_grf.mot (nr=10005 nc=19)
[info] ExternalForce::RightGRF Data source being set to SRRun02_grf
[info] ExternalForce::LeftGRF Data source being set to SRRun02_grf
[info] Storage: read data file = SRRun02_grf.mot (nr=10005 nc=19)
[info] ExternalForce::RightGRF Data source being set to SRRun02_grf
[info] ExternalForce::LeftGRF Data source being set to SRRun02_grf
[info] Storage: read data file = SRRun02_grf.mot (nr=10005 nc=19)
[info] ExternalForce::RightGRF Data source being set to SRRun02_grf
[info] ExternalForce::LeftGRF Data source being set to SRRun02_grf
[info] Storage: read data file = SRRun02_grf.mot (nr=10005 nc=19)
[info] ExternalForce::RightGRF Data source being set to SRRun02_grf
[info] ExternalForce::LeftGRF Data source being set to SRRun02_grf
[info] Storage: read data file = SRRun02_grf.mot (nr=10005 nc=19)
[info] ExternalForce::RightGRF Data source being set to SRRun02_grf
[info] ExternalForce::LeftGRF Data source being set to SRRun02_grf
[info] Storage: read data file = SRRun02_grf.mot (nr=10005 nc=19)
[info] ExternalForce::RightGRF Data source being set to SRRun02_grf
[info] ExternalForce::LeftGRF Data source being set to SRRun02_grf
[info] Storage: read data file = SRRun02_grf.mot (nr=10005 nc=19)
[info] ExternalForce::RightGRF Data source being set to SRRun02_grf
[info] ExternalForce::LeftGRF Data source being set to SRRun02_grf
[info] Storage: read data file = SRRun02_grf.mot (nr=10005 nc=19)
[info] ExternalForce::RightGRF Data source being set to SRRun02_grf
[info] ExternalForce::LeftGRF Data source being set to SRRun02_grf
[info] Storage: read data file = SRRun02_grf.mot (nr=10005 nc=19)
[info] ExternalForce::RightGRF Data source being set to SRRun02_grf
[info] ExternalForce::LeftGRF Data source being set to SRRun02_grf
[info] Storage: read data file = SRRun02_grf.mot (nr=10005 nc=19)
[info] ExternalForce::RightGRF Data source being set to SRRun02_grf
[info] ExternalForce::LeftGRF Data source being set to SRRun02_grf
[info] Storage: read data file = SRRun02_grf.mot (nr=10005 nc=19)
[info] ExternalForce::RightGRF Data source being set to SRRun02_grf
[info] ExternalForce::LeftGRF Data source being set to SRRun02_grf
[info] Storage: read data file = SRRun02_grf.mot (nr=10005 nc=19)
[info] ExternalForce::RightGRF Data source being set to SRRun02_grf
[info] ExternalForce::LeftGRF Data source being set to SRRun02_grf
[info] Storage: read data file = SRRun02_grf.mot (nr=10005 nc=19)
[info] ExternalForce::RightGRF Data source being set to SRRun02_grf
[info] ExternalForce::LeftGRF Data source being set to SRRun02_grf
[info] Storage: read data file = SRRun02_grf.mot (nr=10005 nc=19)
[info] ExternalForce::RightGRF Data source being set to SRRun02_grf
[info] ExternalForce::LeftGRF Data source being set to SRRun02_grf
[info] Storage: read data file = SRRun02_grf.mot (nr=10005 nc=19)
[info] ExternalForce::RightGRF Data source being set to SRRun02_grf
[info] ExternalForce::LeftGRF Data source being set to SRRun02_grf
[info] Storage: read data file = SRRun02_grf.mot (nr=10005 nc=19)
[info] ExternalForce::RightGRF Data source being set to SRRun02_grf
[info] ExternalForce::LeftGRF Data source being set to SRRun02_grf
[info] Storage: read data file = SRRun02_grf.mot (nr=10005 nc=19)
[info] ExternalForce::RightGRF Data source being set to SRRun02_grf
[info] ExternalForce::LeftGRF Data source being set to SRRun02_grf
[info] Storage: read data file = SRRun02_grf.mot (nr=10005 nc=19)
[info] ExternalForce::RightGRF Data source being set to SRRun02_grf
[info] ExternalForce::LeftGRF Data source being set to SRRun02_grf
[info] Storage: read data file = SRRun02_grf.mot (nr=10005 nc=19)
[info] ExternalForce::RightGRF Data source being set to SRRun02_grf
[info] ExternalForce::LeftGRF Data source being set to SRRun02_grf
[info] Storage: read data file = SRRun02_grf.mot (nr=10005 nc=19)
[info] ExternalForce::RightGRF Data source being set to SRRun02_grf
[info] ExternalForce::LeftGRF Data source being set to SRRun02_grf
[info] Storage: read data file = SRRun02_grf.mot (nr=10005 nc=19)
[info] ExternalForce::RightGRF Data source being set to SRRun02_grf
[info] ExternalForce::LeftGRF Data source being set to SRRun02_grf
[info] Storage: read data file = SRRun02_grf.mot (nr=10005 nc=19)
[info] ExternalForce::RightGRF Data source being set to SRRun02_grf
[info] ExternalForce::LeftGRF Data source being set to SRRun02_grf
[info] Storage: read data file = SRRun02_grf.mot (nr=10005 nc=19)
[info] ExternalForce::RightGRF Data source being set to SRRun02_grf
[info] ExternalForce::LeftGRF Data source being set to SRRun02_grf
[info] Storage: read data file = SRRun02_grf.mot (nr=10005 nc=19)
[info] ExternalForce::RightGRF Data source being set to SRRun02_grf
[info] ExternalForce::LeftGRF Data source being set to SRRun02_grf
[info] Storage: read data file = SRRun02_grf.mot (nr=10005 nc=19)
[info] ExternalForce::RightGRF Data source being set to SRRun02_grf
[info] ExternalForce::LeftGRF Data source being set to SRRun02_grf
[info] Storage: read data file = SRRun02_grf.mot (nr=10005 nc=19)
[info] ExternalForce::RightGRF Data source being set to SRRun02_grf
[info] ExternalForce::LeftGRF Data source being set to SRRun02_grf
[info] Storage: read data file = SRRun02_grf.mot (nr=10005 nc=19)
[info] ExternalForce::RightGRF Data source being set to SRRun02_grf
[info] ExternalForce::LeftGRF Data source being set to SRRun02_grf
[info] Storage: read data file = SRRun02_grf.mot (nr=10005 nc=19)
[info] ExternalForce::RightGRF Data source being set to SRRun02_grf
[info] ExternalForce::LeftGRF Data source being set to SRRun02_grf
[info] Storage: read data file = SRRun02_grf.mot (nr=10005 nc=19)
[info] ExternalForce::RightGRF Data source being set to SRRun02_grf
[info] ExternalForce::LeftGRF Data source being set to SRRun02_grf
[info] Storage: read data file = SRRun02_grf.mot (nr=10005 nc=19)
[info] ExternalForce::RightGRF Data source being set to SRRun02_grf
[info] ExternalForce::LeftGRF Data source being set to SRRun02_grf
[info] Storage: read data file = SRRun02_grf.mot (nr=10005 nc=19)
[info] ExternalForce::RightGRF Data source being set to SRRun02_grf
[info] ExternalForce::LeftGRF Data source being set to SRRun02_grf
[info] Storage: read data file = SRRun02_grf.mot (nr=10005 nc=19)
[info] ExternalForce::RightGRF Data source being set to SRRun02_grf
[info] ExternalForce::LeftGRF Data source being set to SRRun02_grf
[info] Storage: read data file = SRRun02_grf.mot (nr=10005 nc=19)
[info] ExternalForce::RightGRF Data source being set to SRRun02_grf
[info] ExternalForce::LeftGRF Data source being set to SRRun02_grf
[info] Storage: read data file = SRRun02_grf.mot (nr=10005 nc=19)
[info] ExternalForce::RightGRF Data source being set to SRRun02_grf
[info] ExternalForce::LeftGRF Data source being set to SRRun02_grf
[info] Storage: read data file = SRRun02_grf.mot (nr=10005 nc=19)
[info] ExternalForce::RightGRF Data source being set to SRRun02_grf
[info] ExternalForce::LeftGRF Data source being set to SRRun02_grf
[info] Storage: read data file = SRRun02_grf.mot (nr=10005 nc=19)
[info] ExternalForce::RightGRF Data source being set to SRRun02_grf
[info] ExternalForce::LeftGRF Data source being set to SRRun02_grf
[info] Storage: read data file = SRRun02_grf.mot (nr=10005 nc=19)
[info] ExternalForce::RightGRF Data source being set to SRRun02_grf
[info] ExternalForce::LeftGRF Data source being set to SRRun02_grf
[info] Storage: read data file = SRRun02_grf.mot (nr=10005 nc=19)
[info] ExternalForce::RightGRF Data source being set to SRRun02_grf
[info] ExternalForce::LeftGRF Data source being set to SRRun02_grf
[info] Storage: read data file = SRRun02_grf.mot (nr=10005 nc=19)
[info] ExternalForce::RightGRF Data source being set to SRRun02_grf
[info] ExternalForce::LeftGRF Data source being set to SRRun02_grf
[info] Storage: read data file = SRRun02_grf.mot (nr=10005 nc=19)
[info] ExternalForce::RightGRF Data source being set to SRRun02_grf
[info] ExternalForce::LeftGRF Data source being set to SRRun02_grf
[info] Storage: read data file = SRRun02_grf.mot (nr=10005 nc=19)
[info] ExternalForce::RightGRF Data source being set to SRRun02_grf
[info] ExternalForce::LeftGRF Data source being set to SRRun02_grf
[info] Storage: read data file = SRRun02_grf.mot (nr=10005 nc=19)
[info] ExternalForce::RightGRF Data source being set to SRRun02_grf
[info] ExternalForce::LeftGRF Data source being set to SRRun02_grf
[info] Storage: read data file = SRRun02_grf.mot (nr=10005 nc=19)
[info] ExternalForce::RightGRF Data source being set to SRRun02_grf
[info] ExternalForce::LeftGRF Data source being set to SRRun02_grf
[info] Storage: read data file = SRRun02_grf.mot (nr=10005 nc=19)
[info] ExternalForce::RightGRF Data source being set to SRRun02_grf
[info] ExternalForce::LeftGRF Data source being set to SRRun02_grf
[info] Storage: read data file = SRRun02_grf.mot (nr=10005 nc=19)
[info] ExternalForce::RightGRF Data source being set to SRRun02_grf
[info] ExternalForce::LeftGRF Data source being set to SRRun02_grf
[info] Storage: read data file = SRRun02_grf.mot (nr=10005 nc=19)
[info] ExternalForce::RightGRF Data source being set to SRRun02_grf
[info] ExternalForce::LeftGRF Data source being set to SRRun02_grf
[info] Storage: read data file = SRRun02_grf.mot (nr=10005 nc=19)
[info] ExternalForce::RightGRF Data source being set to SRRun02_grf
[info] ExternalForce::LeftGRF Data source being set to SRRun02_grf
[info] Storage: read data file = SRRun02_grf.mot (nr=10005 nc=19)
[info] ExternalForce::RightGRF Data source being set to SRRun02_grf
[info] ExternalForce::LeftGRF Data source being set to SRRun02_grf
[info] Storage: read data file = SRRun02_grf.mot (nr=10005 nc=19)
[info] ExternalForce::RightGRF Data source being set to SRRun02_grf
[info] ExternalForce::LeftGRF Data source being set to SRRun02_grf
[info] Storage: read data file = SRRun02_grf.mot (nr=10005 nc=19)
[info] ExternalForce::RightGRF Data source being set to SRRun02_grf
[info] ExternalForce::LeftGRF Data source being set to SRRun02_grf
[info] Storage: read data file = SRRun02_grf.mot (nr=10005 nc=19)
[info] ExternalForce::RightGRF Data source being set to SRRun02_grf
[info] ExternalForce::LeftGRF Data source being set to SRRun02_grf
[info] Storage: read data file = SRRun02_grf.mot (nr=10005 nc=19)
[info] ExternalForce::RightGRF Data source being set to SRRun02_grf
[info] ExternalForce::LeftGRF Data source being set to SRRun02_grf
[info] Storage: read data file = SRRun02_grf.mot (nr=10005 nc=19)
[info] ExternalForce::RightGRF Data source being set to SRRun02_grf
[info] ExternalForce::LeftGRF Data source being set to SRRun02_grf
[info] Storage: read data file = SRRun02_grf.mot (nr=10005 nc=19)
[info] ExternalForce::RightGRF Data source being set to SRRun02_grf
[info] ExternalForce::LeftGRF Data source being set to SRRun02_grf
[info] Storage: read data file = SRRun02_grf.mot (nr=10005 nc=19)
[info] ExternalForce::RightGRF Data source being set to SRRun02_grf
[info] ExternalForce::LeftGRF Data source being set to SRRun02_grf
[info] Storage: read data file = SRRun02_grf.mot (nr=10005 nc=19)
[info] ExternalForce::RightGRF Data source being set to SRRun02_grf
[info] ExternalForce::LeftGRF Data source being set to SRRun02_grf
[info] Storage: read data file = SRRun02_grf.mot (nr=10005 nc=19)
[info] ExternalForce::RightGRF Data source being set to SRRun02_grf
[info] ExternalForce::LeftGRF Data source being set to SRRun02_grf
[info] Storage: read data file = SRRun02_grf.mot (nr=10005 nc=19)
[info] ExternalForce::RightGRF Data source being set to SRRun02_grf
[info] ExternalForce::LeftGRF Data source being set to SRRun02_grf
[info] Storage: read data file = SRRun02_grf.mot (nr=10005 nc=19)
[info] ExternalForce::RightGRF Data source being set to SRRun02_grf
[info] ExternalForce::LeftGRF Data source being set to SRRun02_grf
[info] Storage: read data file = SRRun02_grf.mot (nr=10005 nc=19)
[info] ExternalForce::RightGRF Data source being set to SRRun02_grf
[info] ExternalForce::LeftGRF Data source being set to SRRun02_grf
[info] Storage: read data file = SRRun02_grf.mot (nr=10005 nc=19)
[info] ExternalForce::RightGRF Data source being set to SRRun02_grf
[info] ExternalForce::LeftGRF Data source being set to SRRun02_grf
[info] Storage: read data file = SRRun02_grf.mot (nr=10005 nc=19)
[info] ExternalForce::RightGRF Data source being set to SRRun02_grf
[info] ExternalForce::LeftGRF Data source being set to SRRun02_grf
[info] Storage: read data file = SRRun02_grf.mot (nr=10005 nc=19)
[info] ExternalForce::RightGRF Data source being set to SRRun02_grf
[info] ExternalForce::LeftGRF Data source being set to SRRun02_grf
[info] Storage: read data file = SRRun02_grf.mot (nr=10005 nc=19)
[info] ExternalForce::RightGRF Data source being set to SRRun02_grf
[info] ExternalForce::LeftGRF Data source being set to SRRun02_grf
[info] Storage: read data file = SRRun02_grf.mot (nr=10005 nc=19)
[info] ExternalForce::RightGRF Data source being set to SRRun02_grf
[info] ExternalForce::LeftGRF Data source being set to SRRun02_grf
[info] Storage: read data file = SRRun02_grf.mot (nr=10005 nc=19)
[info] ExternalForce::RightGRF Data source being set to SRRun02_grf
[info] ExternalForce::LeftGRF Data source being set to SRRun02_grf
[info] Storage: read data file = SRRun02_grf.mot (nr=10005 nc=19)
[info] ExternalForce::RightGRF Data source being set to SRRun02_grf
[info] ExternalForce::LeftGRF Data source being set to SRRun02_grf
[info] Storage: read data file = SRRun02_grf.mot (nr=10005 nc=19)
[info] ExternalForce::RightGRF Data source being set to SRRun02_grf
[info] ExternalForce::LeftGRF Data source being set to SRRun02_grf
[info] Storage: read data file = SRRun02_grf.mot (nr=10005 nc=19)
[info] ExternalForce::RightGRF Data source being set to SRRun02_grf
[info] ExternalForce::LeftGRF Data source being set to SRRun02_grf
[info] Storage: read data file = SRRun02_grf.mot (nr=10005 nc=19)
[info] ExternalForce::RightGRF Data source being set to SRRun02_grf
[info] ExternalForce::LeftGRF Data source being set to SRRun02_grf
[info] Storage: read data file = SRRun02_grf.mot (nr=10005 nc=19)
[info] ExternalForce::RightGRF Data source being set to SRRun02_grf
[info] ExternalForce::LeftGRF Data source being set to SRRun02_grf
[info] Storage: read data file = SRRun02_grf.mot (nr=10005 nc=19)
[info] ExternalForce::RightGRF Data source being set to SRRun02_grf
[info] ExternalForce::LeftGRF Data source being set to SRRun02_grf
[info] Storage: read data file = SRRun02_grf.mot (nr=10005 nc=19)
[info] ExternalForce::RightGRF Data source being set to SRRun02_grf
[info] ExternalForce::LeftGRF Data source being set to SRRun02_grf
[info] Storage: read data file = SRRun02_grf.mot (nr=10005 nc=19)
[info] ExternalForce::RightGRF Data source being set to SRRun02_grf
[info] ExternalForce::LeftGRF Data source being set to SRRun02_grf
[info] Storage: read data file = SRRun02_grf.mot (nr=10005 nc=19)
[info] ExternalForce::RightGRF Data source being set to SRRun02_grf
[info] ExternalForce::LeftGRF Data source being set to SRRun02_grf
[info] Storage: read data file = SRRun02_grf.mot (nr=10005 nc=19)
[info] ExternalForce::RightGRF Data source being set to SRRun02_grf
[info] ExternalForce::LeftGRF Data source being set to SRRun02_grf
[info] Storage: read data file = SRRun02_grf.mot (nr=10005 nc=19)
[info] ExternalForce::RightGRF Data source being set to SRRun02_grf
[info] ExternalForce::LeftGRF Data source being set to SRRun02_grf
[info] Storage: read data file = SRRun02_grf.mot (nr=10005 nc=19)
[info] ExternalForce::RightGRF Data source being set to SRRun02_grf
[info] ExternalForce::LeftGRF Data source being set to SRRun02_grf
[info] Storage: read data file = SRRun02_grf.mot (nr=10005 nc=19)
[info] ExternalForce::RightGRF Data source being set to SRRun02_grf
[info] ExternalForce::LeftGRF Data source being set to SRRun02_grf
[info] Storage: read data file = SRRun02_grf.mot (nr=10005 nc=19)
[info] ExternalForce::RightGRF Data source being set to SRRun02_grf
[info] ExternalForce::LeftGRF Data source being set to SRRun02_grf
[info] Storage: read data file = SRRun02_grf.mot (nr=10005 nc=19)
[info] ExternalForce::RightGRF Data source being set to SRRun02_grf
[info] ExternalForce::LeftGRF Data source being set to SRRun02_grf
[info] Storage: read data file = SRRun02_grf.mot (nr=10005 nc=19)
[info] ExternalForce::RightGRF Data source being set to SRRun02_grf
[info] ExternalForce::LeftGRF Data source being set to SRRun02_grf
[info] Storage: read data file = SRRun02_grf.mot (nr=10005 nc=19)
[info] ExternalForce::RightGRF Data source being set to SRRun02_grf
[info] ExternalForce::LeftGRF Data source being set to SRRun02_grf
[info] Storage: read data file = SRRun02_grf.mot (nr=10005 nc=19)
[info] ExternalForce::RightGRF Data source being set to SRRun02_grf
[info] ExternalForce::LeftGRF Data source being set to SRRun02_grf
[info] Storage: read data file = SRRun02_grf.mot (nr=10005 nc=19)
[info] ExternalForce::RightGRF Data source being set to SRRun02_grf
[info] ExternalForce::LeftGRF Data source being set to SRRun02_grf
[info] Storage: read data file = SRRun02_grf.mot (nr=10005 nc=19)
[info] ExternalForce::RightGRF Data source being set to SRRun02_grf
[info] ExternalForce::LeftGRF Data source being set to SRRun02_grf
[info] Storage: read data file = SRRun02_grf.mot (nr=10005 nc=19)
[info] ExternalForce::RightGRF Data source being set to SRRun02_grf
[info] ExternalForce::LeftGRF Data source being set to SRRun02_grf
[info] Storage: read data file = SRRun02_grf.mot (nr=10005 nc=19)
[info] ExternalForce::RightGRF Data source being set to SRRun02_grf
[info] ExternalForce::LeftGRF Data source being set to SRRun02_grf
[info] Storage: read data file = SRRun02_grf.mot (nr=10005 nc=19)
[info] ExternalForce::RightGRF Data source being set to SRRun02_grf
[info] ExternalForce::LeftGRF Data source being set to SRRun02_grf
[info] Storage: read data file = SRRun02_grf.mot (nr=10005 nc=19)
[info] ExternalForce::RightGRF Data source being set to SRRun02_grf
[info] ExternalForce::LeftGRF Data source being set to SRRun02_grf
[info] Storage: read data file = SRRun02_grf.mot (nr=10005 nc=19)
[info] ExternalForce::RightGRF Data source being set to SRRun02_grf
[info] ExternalForce::LeftGRF Data source being set to SRRun02_grf
[info] Storage: read data file = SRRun02_grf.mot (nr=10005 nc=19)
[info] ExternalForce::RightGRF Data source being set to SRRun02_grf
[info] ExternalForce::LeftGRF Data source being set to SRRun02_grf
[info] Storage: read data file = SRRun02_grf.mot (nr=10005 nc=19)
[info] ExternalForce::RightGRF Data source being set to SRRun02_grf
[info] ExternalForce::LeftGRF Data source being set to SRRun02_grf
[info] Storage: read data file = SRRun02_grf.mot (nr=10005 nc=19)
[info] ExternalForce::RightGRF Data source being set to SRRun02_grf
[info] ExternalForce::LeftGRF Data source being set to SRRun02_grf
[info] Storage: read data file = SRRun02_grf.mot (nr=10005 nc=19)
[info] ExternalForce::RightGRF Data source being set to SRRun02_grf
[info] ExternalForce::LeftGRF Data source being set to SRRun02_grf
[info] Storage: read data file = SRRun02_grf.mot (nr=10005 nc=19)
[info] ExternalForce::RightGRF Data source being set to SRRun02_grf
[info] ExternalForce::LeftGRF Data source being set to SRRun02_grf
[info] Storage: read data file = SRRun02_grf.mot (nr=10005 nc=19)
[info] ExternalForce::RightGRF Data source being set to SRRun02_grf
[info] ExternalForce::LeftGRF Data source being set to SRRun02_grf
[info] Storage: read data file = SRRun02_grf.mot (nr=10005 nc=19)
[info] ExternalForce::RightGRF Data source being set to SRRun02_grf
[info] ExternalForce::LeftGRF Data source being set to SRRun02_grf
[info] Storage: read data file = SRRun02_grf.mot (nr=10005 nc=19)
[info] ExternalForce::RightGRF Data source being set to SRRun02_grf
[info] ExternalForce::LeftGRF Data source being set to SRRun02_grf
[info] Storage: read data file = SRRun02_grf.mot (nr=10005 nc=19)
[info] ExternalForce::RightGRF Data source being set to SRRun02_grf
[info] ExternalForce::LeftGRF Data source being set to SRRun02_grf
[info] Storage: read data file = SRRun02_grf.mot (nr=10005 nc=19)
[info] ExternalForce::RightGRF Data source being set to SRRun02_grf
[info] ExternalForce::LeftGRF Data source being set to SRRun02_grf
[info] Storage: read data file = SRRun02_grf.mot (nr=10005 nc=19)
[info] ExternalForce::RightGRF Data source being set to SRRun02_grf
[info] ExternalForce::LeftGRF Data source being set to SRRun02_grf
[info] Storage: read data file = SRRun02_grf.mot (nr=10005 nc=19)
[info] ExternalForce::RightGRF Data source being set to SRRun02_grf
[info] ExternalForce::LeftGRF Data source being set to SRRun02_grf
[info] Storage: read data file = SRRun02_grf.mot (nr=10005 nc=19)
[info] ExternalForce::RightGRF Data source being set to SRRun02_grf
[info] ExternalForce::LeftGRF Data source being set to SRRun02_grf
[info] Storage: read data file = SRRun02_grf.mot (nr=10005 nc=19)
[info] ExternalForce::RightGRF Data source being set to SRRun02_grf
[info] ExternalForce::LeftGRF Data source being set to SRRun02_grf
[info] Storage: read data file = SRRun02_grf.mot (nr=10005 nc=19)
[info] ExternalForce::RightGRF Data source being set to SRRun02_grf
[info] ExternalForce::LeftGRF Data source being set to SRRun02_grf
[info] Storage: read data file = SRRun02_grf.mot (nr=10005 nc=19)
[info] ExternalForce::RightGRF Data source being set to SRRun02_grf
[info] ExternalForce::LeftGRF Data source being set to SRRun02_grf
[info] Storage: read data file = SRRun02_grf.mot (nr=10005 nc=19)
[info] ExternalForce::RightGRF Data source being set to SRRun02_grf
[info] ExternalForce::LeftGRF Data source being set to SRRun02_grf
[info] Storage: read data file = SRRun02_grf.mot (nr=10005 nc=19)
[info] ExternalForce::RightGRF Data source being set to SRRun02_grf
[info] ExternalForce::LeftGRF Data source being set to SRRun02_grf
[info] Storage: read data file = SRRun02_grf.mot (nr=10005 nc=19)
[info] ExternalForce::RightGRF Data source being set to SRRun02_grf
[info] ExternalForce::LeftGRF Data source being set to SRRun02_grf
[info] Storage: read data file = SRRun02_grf.mot (nr=10005 nc=19)
[info] ExternalForce::RightGRF Data source being set to SRRun02_grf
[info] ExternalForce::LeftGRF Data source being set to SRRun02_grf
[info] Storage: read data file = SRRun02_grf.mot (nr=10005 nc=19)
[info] ExternalForce::RightGRF Data source being set to SRRun02_grf
[info] ExternalForce::LeftGRF Data source being set to SRRun02_grf
[info] Storage: read data file = SRRun02_grf.mot (nr=10005 nc=19)
[info] ExternalForce::RightGRF Data source being set to SRRun02_grf
[info] ExternalForce::LeftGRF Data source being set to SRRun02_grf
[info] Storage: read data file = SRRun02_grf.mot (nr=10005 nc=19)
[info] ExternalForce::RightGRF Data source being set to SRRun02_grf
[info] ExternalForce::LeftGRF Data source being set to SRRun02_grf
[info] Storage: read data file = SRRun02_grf.mot (nr=10005 nc=19)
[info] ExternalForce::RightGRF Data source being set to SRRun02_grf
[info] ExternalForce::LeftGRF Data source being set to SRRun02_grf
[info] Storage: read data file = SRRun02_grf.mot (nr=10005 nc=19)
[info] ExternalForce::RightGRF Data source being set to SRRun02_grf
[info] ExternalForce::LeftGRF Data source being set to SRRun02_grf
[info] Storage: read data file = SRRun02_grf.mot (nr=10005 nc=19)
[info] ExternalForce::RightGRF Data source being set to SRRun02_grf
[info] ExternalForce::LeftGRF Data source being set to SRRun02_grf
[info] Storage: read data file = SRRun02_grf.mot (nr=10005 nc=19)
[info] ExternalForce::RightGRF Data source being set to SRRun02_grf
[info] ExternalForce::LeftGRF Data source being set to SRRun02_grf
[info] Storage: read data file = SRRun02_grf.mot (nr=10005 nc=19)
[info] ExternalForce::RightGRF Data source being set to SRRun02_grf
[info] ExternalForce::LeftGRF Data source being set to SRRun02_grf
[info] Storage: read data file = SRRun02_grf.mot (nr=10005 nc=19)
[info] ExternalForce::RightGRF Data source being set to SRRun02_grf
[info] ExternalForce::LeftGRF Data source being set to SRRun02_grf
[info] Storage: read data file = SRRun02_grf.mot (nr=10005 nc=19)
[info] ExternalForce::RightGRF Data source being set to SRRun02_grf
[info] ExternalForce::LeftGRF Data source being set to SRRun02_grf
[info] Storage: read data file = SRRun02_grf.mot (nr=10005 nc=19)
[info] ExternalForce::RightGRF Data source being set to SRRun02_grf
[info] ExternalForce::LeftGRF Data source being set to SRRun02_grf
[info] Storage: read data file = SRRun02_grf.mot (nr=10005 nc=19)
[info] ExternalForce::RightGRF Data source being set to SRRun02_grf
[info] ExternalForce::LeftGRF Data source being set to SRRun02_grf
[info] Storage: read data file = SRRun02_grf.mot (nr=10005 nc=19)
[info] ExternalForce::RightGRF Data source being set to SRRun02_grf
[info] ExternalForce::LeftGRF Data source being set to SRRun02_grf
[info] Storage: read data file = SRRun02_grf.mot (nr=10005 nc=19)
[info] ExternalForce::RightGRF Data source being set to SRRun02_grf
[info] ExternalForce::LeftGRF Data source being set to SRRun02_grf
[info] Storage: read data file = SRRun02_grf.mot (nr=10005 nc=19)
[info] ExternalForce::RightGRF Data source being set to SRRun02_grf
[info] ExternalForce::LeftGRF Data source being set to SRRun02_grf
[info] Storage: read data file = SRRun02_grf.mot (nr=10005 nc=19)
[info] ExternalForce::RightGRF Data source being set to SRRun02_grf
[info] ExternalForce::LeftGRF Data source being set to SRRun02_grf
[info] Storage: read data file = SRRun02_grf.mot (nr=10005 nc=19)
[info] ExternalForce::RightGRF Data source being set to SRRun02_grf
[info] ExternalForce::LeftGRF Data source being set to SRRun02_grf
[info] Storage: read data file = SRRun02_grf.mot (nr=10005 nc=19)
[info] ExternalForce::RightGRF Data source being set to SRRun02_grf
[info] ExternalForce::LeftGRF Data source being set to SRRun02_grf
[info] Storage: read data file = SRRun02_grf.mot (nr=10005 nc=19)
[info] ExternalForce::RightGRF Data source being set to SRRun02_grf
[info] ExternalForce::LeftGRF Data source being set to SRRun02_grf
[info] Storage: read data file = SRRun02_grf.mot (nr=10005 nc=19)
[info] ExternalForce::RightGRF Data source being set to SRRun02_grf
[info] ExternalForce::LeftGRF Data source being set to SRRun02_grf
[info] Number of threads: 96

List of user-set options:

                                    Name   Value                used
                acceptable_compl_inf_tol = 0.001                 yes
              acceptable_constr_viol_tol = 1                     yes
                 acceptable_dual_inf_tol = 0.001                 yes
                          acceptable_tol = 0.001                 yes
                           compl_inf_tol = 0.001                 yes
                         constr_viol_tol = 1                     yes
                            dual_inf_tol = 0.001                 yes
                   hessian_approximation = limited-memory        yes
                           linear_solver = mumps                 yes
                                max_iter = 3000                  yes
                      print_user_options = yes                   yes
                                     tol = 0.001                 yes

******************************************************************************
This program contains Ipopt, a library for large-scale nonlinear optimization.
 Ipopt is released as open source code under the Eclipse Public License (EPL).
         For more information visit https://github.com/coin-or/Ipopt
******************************************************************************

This is Ipopt version 3.14.16, running with linear solver MUMPS 5.6.2.

Number of nonzeros in equality constraint Jacobian...:  1036810
Number of nonzeros in inequality constraint Jacobian.:        0
Number of nonzeros in Lagrangian Hessian.............:        0

Total number of variables............................:     8210
                     variables with only lower bounds:        0
                variables with lower and upper bounds:     7292
                     variables with only upper bounds:        0
Total number of equality constraints.................:     6666
Total number of inequality constraints...............:        0
        inequality constraints with only lower bounds:        0
   inequality constraints with lower and upper bounds:        0
        inequality constraints with only upper bounds:        0

iter    objective    inf_pr   inf_du lg(mu)  ||d||  lg(rg) alpha_du alpha_pr  ls
   0  1.2209682e+00 4.63e+02 1.66e-02   0.0 0.00e+00    -  0.00e+00 0.00e+00   0
   1  1.7334520e+00 4.62e+02 3.63e+01  -2.8 5.47e+02    -  2.32e-03 1.76e-03h  1
   2  4.7788290e+00 4.60e+02 7.77e+01  -2.8 6.81e+02    -  6.23e-03 5.05e-03h  1
   3  5.1443704e+00 4.60e+02 8.15e+01  -2.8 9.19e+02    -  3.87e-03 5.82e-04h  1
   4  1.6208122e+01 4.55e+02 2.20e+02  -2.8 1.05e+03    -  4.24e-03 9.27e-03h  1
   5  3.2557032e+01 4.51e+02 3.69e+02  -2.8 1.13e+03    -  1.03e-02 9.71e-03h  1
   6  3.4671874e+01 4.50e+02 3.86e+02  -2.8 1.17e+03    -  1.26e-02 1.53e-03h  1
   7  6.3204162e+01 4.45e+02 5.85e+02  -2.8 1.26e+03    -  2.01e-02 1.28e-02h  1
   8  8.7162999e+01 4.40e+02 7.50e+02  -2.8 1.28e+03    -  1.78e-02 1.01e-02h  1
   9  9.5074910e+01 4.38e+02 8.14e+02  -2.8 1.33e+03    -  1.97e-02 4.03e-03h  1
iter    objective    inf_pr   inf_du lg(mu)  ||d||  lg(rg) alpha_du alpha_pr  ls
  10  1.8667152e+02 4.26e+02 1.33e+03  -2.8 1.32e+03    -  1.48e-02 2.79e-02h  1
  11  2.4739490e+02 4.18e+02 1.88e+03  -2.9 1.28e+03    -  3.00e-02 1.94e-02h  1
  12  2.9594869e+02 4.11e+02 2.43e+03  -2.9 1.33e+03    -  1.61e-02 1.71e-02h  1
  13  3.2484798e+02 4.07e+02 2.79e+03  -2.9 1.33e+03    -  1.33e-02 9.53e-03h  1
  14  3.7095770e+02 4.00e+02 3.51e+03  -2.9 1.28e+03    -  1.55e-02 1.61e-02h  1
  15  4.8054933e+02 3.87e+02 5.07e+03  -2.9 1.23e+03    -  1.92e-02 3.32e-02h  1
  16  5.2257925e+02 3.82e+02 5.76e+03  -2.9 1.10e+03    -  1.81e-02 1.31e-02h  1
  17  5.4757277e+02 3.78e+02 6.26e+03  -2.9 1.08e+03    -  1.82e-02 8.58e-03h  1
  18  6.5863493e+02 3.66e+02 8.43e+03  -2.9 1.01e+03    -  1.45e-02 3.27e-02h  1
  19  7.4899613e+02 3.56e+02 1.02e+04  -2.9 9.40e+02    -  2.14e-02 2.67e-02h  1
iter    objective    inf_pr   inf_du lg(mu)  ||d||  lg(rg) alpha_du alpha_pr  ls
  20  7.6656230e+02 3.54e+02 1.05e+04  -2.9 8.75e+02    -  9.53e-03 5.25e-03h  1
  21  7.6694388e+02 3.54e+02 1.05e+04  -2.9 8.76e+02    -  5.71e-03 1.06e-04h  1
  22  8.0315515e+02 3.50e+02 1.10e+04  -2.9 9.33e+02    -  5.55e-03 1.26e-02h  1
  23  8.3475821e+02 3.45e+02 1.16e+04  -2.9 9.34e+02    -  1.32e-02 1.28e-02h  1
  24  8.5224899e+02 3.43e+02 1.19e+04  -2.9 9.13e+02    -  1.73e-02 6.81e-03h  1
  25  8.9868892e+02 3.35e+02 1.31e+04  -3.0 9.33e+02    -  2.63e-03 2.39e-02h  1
  26  9.1135056e+02 3.33e+02 1.33e+04  -3.0 8.87e+02    -  2.67e-02 6.17e-03h  1
  27  9.5511980e+02 3.27e+02 1.39e+04  -3.0 8.63e+02    -  3.04e-02 1.71e-02h  1
  28  1.0162749e+03 3.19e+02 1.46e+04  -3.0 8.29e+02    -  2.04e-03 2.36e-02h  1
  29  1.0508354e+03 3.15e+02 1.49e+04  -3.0 7.97e+02    -  1.17e-02 1.48e-02h  1
iter    objective    inf_pr   inf_du lg(mu)  ||d||  lg(rg) alpha_du alpha_pr  ls
  30  1.0746478e+03 3.10e+02 1.50e+04  -3.0 7.96e+02    -  1.80e-02 1.35e-02h  1
  31  1.0750435e+03 3.10e+02 1.50e+04  -3.0 8.04e+02    -  4.24e-04 3.66e-04h  1
  32  1.1015893e+03 3.04e+02 1.52e+04  -3.0 8.02e+02    -  2.38e-02 1.95e-02h  1
  33  1.1143144e+03 3.01e+02 1.52e+04  -3.0 8.06e+02    -  1.08e-02 1.18e-02h  1
  34  1.1590437e+03 2.93e+02 1.53e+04  -3.0 8.07e+02    -  8.00e-04 2.48e-02h  1
  35  1.1594214e+03 2.93e+02 1.52e+04  -3.0 8.15e+02    -  2.96e-03 1.17e-03h  1
  36  1.2409488e+03 2.89e+02 1.51e+04  -3.0 7.68e+02    -  1.95e-02 1.43e-02h  1
  37  1.2411451e+03 2.88e+02 1.51e+04  -3.0 7.91e+02    -  1.06e-03 6.03e-04h  1
  38  7.5429544e+03 2.85e+02 1.54e+04  -3.0 7.15e+03    -  7.72e-03 1.13e-02h  1
  39  7.4865630e+03 2.84e+02 1.53e+04  -3.0 7.82e+02    -  1.36e-02 4.51e-03f  1
iter    objective    inf_pr   inf_du lg(mu)  ||d||  lg(rg) alpha_du alpha_pr  ls
  40  7.3479233e+03 2.81e+02 1.53e+04  -3.0 8.04e+02    -  4.28e-04 8.62e-03f  1
  41  7.1163786e+03 2.79e+02 1.53e+04  -3.0 7.90e+02    -  9.87e-04 8.87e-03f  1
  42  6.9157850e+03 2.78e+02 1.53e+04  -3.0 7.35e+02    -  2.78e-03 3.52e-03f  1
  43  6.9087118e+03 2.78e+02 1.52e+04  -3.0 7.40e+02    -  8.10e-04 5.01e-04f  1
  44  6.8956007e+03 2.78e+02 1.52e+04  -3.0 9.83e+02    -  4.77e-03 2.36e-04f  1
  45  6.8900937e+03 2.78e+02 1.52e+04  -3.0 7.36e+02    -  1.00e-02 2.61e-04f  1
  46  6.8336457e+03 2.78e+02 1.52e+04  -3.0 9.73e+02    -  1.56e-03 4.81e-04f  1
  47  6.7701775e+03 2.78e+02 1.52e+04   0.9 4.31e+03    -  3.57e-05 1.25e-04f  1
  48  6.7303888e+03 2.77e+02 1.52e+04  -3.0 7.30e+02    -  1.46e-03 2.50e-03f  1
  49  6.5536403e+03 2.76e+02 1.52e+04  -3.0 8.44e+02    -  2.82e-04 4.31e-03f  1
iter    objective    inf_pr   inf_du lg(mu)  ||d||  lg(rg) alpha_du alpha_pr  ls
  50  6.5515791e+03 2.76e+02 1.52e+04  -3.0 7.33e+02    -  3.09e-03 1.25e-04f  1
  51  6.3579348e+03 2.74e+02 1.51e+04  -3.0 1.15e+03    -  2.71e-04 4.51e-03f  1
  52  6.3300899e+03 2.74e+02 1.51e+04  -3.0 7.34e+02    -  8.16e-04 1.72e-03f  1
  53  6.3272725e+03 2.74e+02 1.51e+04  -3.0 7.64e+02    -  8.08e-05 9.19e-05f  1
  54  6.1350970e+03 2.70e+02 1.49e+04  -3.0 7.30e+02    -  5.82e-05 1.24e-02f  1
  55  6.1232133e+03 2.70e+02 1.49e+04  -3.0 7.42e+02    -  3.41e-03 3.71e-04f  1
  56  6.0887901e+03 2.70e+02 1.49e+04  -3.0 7.32e+02    -  7.27e-05 2.03e-03f  1
  57  5.7908779e+03 2.68e+02 1.48e+04  -3.0 7.46e+02    -  1.19e-03 6.04e-03f  1
  58  5.7710305e+03 2.68e+02 1.48e+04  -3.0 7.32e+02    -  8.54e-03 1.16e-03f  1
  59  5.6789295e+03 2.68e+02 1.48e+04   0.9 1.35e+03    -  8.11e-04 7.43e-04f  1
iter    objective    inf_pr   inf_du lg(mu)  ||d||  lg(rg) alpha_du alpha_pr  ls
  60  5.6660277e+03 2.67e+02 1.47e+04  -3.0 7.31e+02    -  8.15e-03 7.06e-04f  1
  61  4.9711226e+03 2.66e+02 1.46e+04  -3.0 1.23e+03    -  2.03e-03 4.33e-03f  1
  62  4.9543299e+03 2.66e+02 1.46e+04  -3.0 7.09e+02    -  7.27e-03 1.58e-03f  1
  63  4.8368708e+03 2.66e+02 1.46e+04  -3.1 1.13e+03    -  1.50e-03 9.94e-04f  1
  64  4.7167132e+03 2.63e+02 1.45e+04  -3.1 7.17e+02    -  8.07e-03 1.11e-02f  1
  65  4.6989705e+03 2.62e+02 1.45e+04  -3.1 8.09e+02    -  1.19e-03 7.63e-04f  1
  66  4.6443134e+03 2.61e+02 1.44e+04  -3.1 7.08e+02    -  8.38e-04 4.64e-03f  1
  67  4.6180955e+03 2.61e+02 1.44e+04   0.8 4.62e+03    -  2.71e-05 5.95e-05f  1
  68  4.4988846e+03 2.58e+02 1.42e+04  -3.1 7.03e+02    -  1.61e-03 1.22e-02f  1
  69  4.3467914e+03 2.57e+02 1.42e+04  -3.1 6.87e+02    -  2.28e-04 4.29e-03f  1
iter    objective    inf_pr   inf_du lg(mu)  ||d||  lg(rg) alpha_du alpha_pr  ls
  70  4.2818656e+03 2.55e+02 1.41e+04  -3.1 6.85e+02    -  3.45e-02 7.30e-03f  1
  71  4.1842231e+03 2.54e+02 1.40e+04  -3.1 7.78e+02    -  3.43e-03 3.81e-03f  1
  72  4.0831865e+03 2.51e+02 1.39e+04  -3.1 6.78e+02    -  5.32e-03 1.18e-02f  1
  73  4.0064433e+03 2.51e+02 1.39e+04  -3.1 8.73e+02    -  1.61e-04 1.72e-03f  1
  74  3.9973715e+03 2.50e+02 1.38e+04  -3.1 6.66e+02    -  1.61e-02 8.99e-04f  1
  75  3.9488796e+03 2.50e+02 1.38e+04  -3.1 7.05e+02    -  2.43e-04 2.14e-03f  1
  76  3.9482036e+03 2.50e+02 1.38e+04  -3.1 6.52e+02    -  8.34e-03 6.19e-05f  1
  77  3.7357026e+03 2.48e+02 1.37e+04  -3.1 7.34e+02    -  5.36e-05 7.89e-03f  1
  78  3.7352918e+03 2.48e+02 1.37e+04  -3.1 6.75e+02    -  7.46e-05 1.96e-05f  1
  79  3.7329025e+03 2.48e+02 1.37e+04  -3.1 6.38e+02    -  2.87e-04 1.62e-04f  1
iter    objective    inf_pr   inf_du lg(mu)  ||d||  lg(rg) alpha_du alpha_pr  ls
  80  3.7290429e+03 2.48e+02 1.37e+04  -3.1 6.67e+02    -  2.03e-04 1.48e-04f  1
  81  3.5403788e+03 2.44e+02 1.35e+04  -3.1 6.29e+02    -  9.92e-05 1.57e-02f  1
  82  3.3573610e+03 2.43e+02 1.34e+04  -3.1 6.97e+02    -  4.99e-03 4.41e-03f  1
  83  3.3405775e+03 2.43e+02 1.34e+04  -3.1 6.01e+02    -  5.17e-03 1.37e-03f  1
  84  3.3056495e+03 2.42e+02 1.34e+04  -3.1 6.53e+02    -  1.11e-03 1.75e-03f  1
  85  3.2178184e+03 2.40e+02 1.32e+04  -3.1 5.77e+02    -  1.51e-03 9.09e-03f  1
  86  3.0446241e+03 2.38e+02 1.31e+04  -3.1 7.70e+02    -  5.42e-03 8.34e-03f  1
  87  3.0263835e+03 2.37e+02 1.30e+04  -3.1 5.43e+02    -  8.65e-03 2.10e-03f  1
  88  2.7391403e+03 2.33e+02 1.28e+04  -3.1 7.35e+02    -  9.84e-04 1.68e-02f  1
  89  2.7013914e+03 2.32e+02 1.27e+04  -3.1 5.23e+02    -  2.42e-03 4.72e-03f  1
iter    objective    inf_pr   inf_du lg(mu)  ||d||  lg(rg) alpha_du alpha_pr  ls
  90  2.6105630e+03 2.31e+02 1.26e+04  -3.1 5.00e+02    -  9.25e-05 4.91e-03f  1
  91  2.6069801e+03 2.31e+02 1.26e+04  -3.1 5.03e+02    -  1.62e-03 4.13e-04f  1
  92  2.5919779e+03 2.31e+02 1.26e+04  -3.1 6.38e+02    -  3.59e-04 7.58e-04f  1
  93  2.5912970e+03 2.31e+02 1.26e+04  -3.1 5.29e+02    -  8.17e-05 7.75e-05f  1
  94  2.5849194e+03 2.31e+02 1.26e+04  -3.1 5.66e+02    -  5.26e-03 3.31e-04f  1
  95  2.5548986e+03 2.30e+02 1.26e+04  -3.1 5.26e+02    -  8.49e-04 4.07e-03f  1
  96  2.1472843e+03 2.25e+02 1.21e+04  -3.1 7.18e+02    -  8.35e-04 2.31e-02f  1
  97  2.1371856e+03 2.24e+02 1.21e+04  -3.1 4.90e+02    -  2.40e-02 1.86e-03f  1
  98  2.1048490e+03 2.24e+02 1.21e+04  -3.1 6.96e+02    -  2.09e-03 1.22e-03f  1
  99  2.0608489e+03 2.22e+02 1.19e+04  -3.1 4.92e+02    -  6.49e-03 8.60e-03f  1
iter    objective    inf_pr   inf_du lg(mu)  ||d||  lg(rg) alpha_du alpha_pr  ls
 100  1.8984140e+03 2.20e+02 1.17e+04  -3.1 6.75e+02    -  4.07e-05 9.91e-03f  1
 101  1.8854639e+03 2.19e+02 1.17e+04  -3.1 4.84e+02    -  9.52e-03 2.22e-03f  1
 102  1.8078714e+03 2.18e+02 1.16e+04  -3.1 5.98e+02    -  5.62e-03 6.66e-03f  1
 103  1.8067719e+03 2.18e+02 1.16e+04  -3.1 5.09e+02    -  1.60e-02 1.82e-04f  1
 104  1.7975045e+03 2.18e+02 1.16e+04  -3.1 7.53e+02    -  4.72e-03 2.89e-04f  1
 105  1.7237139e+03 2.13e+02 1.12e+04  -3.1 4.81e+02    -  1.51e-02 1.96e-02f  1
 106  1.5587872e+03 2.12e+02 1.11e+04  -3.1 1.13e+03    -  4.23e-03 6.05e-03f  1
 107  1.5577715e+03 2.12e+02 1.11e+04  -3.1 4.88e+02    -  6.72e-03 2.85e-04f  1
 108  1.4680317e+03 2.10e+02 1.08e+04  -3.1 8.28e+02    -  4.85e-04 1.03e-02f  1
 109  1.4669348e+03 2.10e+02 1.08e+04  -3.1 4.56e+02    -  3.07e-04 4.22e-04f  1
iter    objective    inf_pr   inf_du lg(mu)  ||d||  lg(rg) alpha_du alpha_pr  ls
 110  1.4568605e+03 2.10e+02 1.08e+04  -3.1 9.41e+02    -  5.56e-03 6.82e-04f  1
 111  1.4565674e+03 2.10e+02 1.08e+04  -3.1 5.11e+02    -  1.25e-02 7.98e-05h  1
 112  1.2854569e+03 2.06e+02 1.04e+04  -3.2 8.74e+02    -  4.37e-03 1.50e-02f  1
 113  1.2735770e+03 2.06e+02 1.04e+04  -3.2 5.00e+02    -  1.49e-02 4.12e-03f  1
 114  1.1353975e+03 2.04e+02 1.02e+04  -3.2 8.43e+02    -  6.51e-03 9.58e-03f  1
 115  1.1316355e+03 2.03e+02 1.02e+04  -3.2 4.81e+02    -  1.85e-03 1.57e-03f  1
 116  1.0489416e+03 2.00e+02 1.03e+04  -3.2 7.77e+02    -  9.12e-04 1.72e-02f  1
 117  1.0449108e+03 1.99e+02 1.03e+04  -3.2 4.75e+02    -  1.45e-03 1.80e-03f  1
 118  1.0313660e+03 1.99e+02 1.04e+04  -3.2 7.46e+02    -  5.34e-03 1.33e-03f  1
 119  9.9270638e+02 1.96e+02 1.04e+04  -3.2 4.79e+02    -  2.77e-04 1.74e-02f  1
iter    objective    inf_pr   inf_du lg(mu)  ||d||  lg(rg) alpha_du alpha_pr  ls
 120  1.0113334e+03 1.93e+02 1.06e+04  -3.2 6.73e+02    -  5.97e-03 1.21e-02h  1
 121  1.0101779e+03 1.93e+02 1.06e+04  -3.2 4.59e+02    -  3.47e-03 5.15e-04f  1
 122  9.9896125e+02 1.93e+02 1.06e+04  -3.2 6.93e+02    -  9.53e-04 1.88e-03f  1
 123  9.9875462e+02 1.93e+02 1.06e+04  -3.2 4.62e+02    -  1.62e-02 9.11e-05h  1
 124  9.7043472e+02 1.92e+02 1.06e+04  -3.2 1.13e+03    -  8.72e-03 2.82e-03f  1
 125  9.6993878e+02 1.92e+02 1.06e+04  -3.2 4.70e+02    -  2.86e-04 2.17e-04h  1
 126  9.3767531e+02 1.89e+02 1.07e+04  -3.2 5.96e+02    -  3.46e-04 1.84e-02f  1
 127  9.3548850e+02 1.88e+02 1.07e+04  -3.2 4.58e+02    -  2.63e-03 1.13e-03f  1
 128  9.1460109e+02 1.88e+02 1.07e+04  -3.2 9.03e+02    -  4.72e-03 1.69e-03f  1
 129  9.1449280e+02 1.88e+02 1.07e+04  -3.2 4.62e+02    -  1.87e-02 5.50e-05h  1
iter    objective    inf_pr   inf_du lg(mu)  ||d||  lg(rg) alpha_du alpha_pr  ls
 130  8.3686504e+02 1.86e+02 1.07e+04  -3.2 1.32e+03    -  1.18e-02 8.81e-03f  1
 131  8.3394785e+02 1.86e+02 1.07e+04  -3.2 4.58e+02    -  2.48e-04 1.58e-03f  1
 132  1.0338513e+03 1.74e+02 1.10e+04  -3.2 5.38e+02    -  3.74e-03 6.35e-02h  1
 133  1.0235388e+03 1.73e+02 1.10e+04  -3.2 3.92e+02    -  2.46e-02 7.94e-03f  1
 134  9.4311379e+02 1.70e+02 1.09e+04  -3.2 8.63e+02    -  6.03e-03 1.54e-02f  1
 135  9.2490944e+02 1.67e+02 1.09e+04  -3.2 3.81e+02    -  3.81e-04 1.41e-02f  1
 136  8.7592985e+02 1.64e+02 1.07e+04  -3.2 5.13e+02    -  1.85e-03 2.29e-02f  1
 137  8.7511501e+02 1.64e+02 1.07e+04  -3.2 3.70e+02    -  1.67e-02 4.84e-04f  1
 138  8.4456024e+02 1.62e+02 1.07e+04  -3.2 4.98e+02    -  1.86e-04 6.50e-03f  1
 139  8.2943851e+02 1.61e+02 1.07e+04  -3.2 4.17e+02    -  3.64e-04 6.95e-03f  1
iter    objective    inf_pr   inf_du lg(mu)  ||d||  lg(rg) alpha_du alpha_pr  ls
 140  7.9761948e+02 1.60e+02 1.06e+04  -3.2 4.94e+02    -  3.09e-02 1.13e-02f  1
 141  7.7418540e+02 1.58e+02 1.06e+04  -3.2 4.50e+02    -  1.15e-02 1.22e-02f  1
 142  7.7371372e+02 1.58e+02 1.06e+04  -3.2 5.35e+02    -  4.74e-03 1.51e-04f  1
 143  7.7057136e+02 1.57e+02 1.06e+04  -3.2 4.79e+02    -  2.79e-02 1.76e-03f  1
 144  6.6061941e+02 1.49e+02 1.03e+04  -3.3 5.45e+02    -  4.56e-03 5.46e-02f  1
 145  6.1398857e+02 1.44e+02 1.01e+04  -3.3 4.66e+02    -  3.62e-03 2.99e-02f  1
 146  6.0950822e+02 1.44e+02 1.00e+04  -3.3 4.59e+02    -  1.78e-02 2.70e-03f  1
 147  5.8301013e+02 1.40e+02 9.85e+03  -3.3 4.49e+02    -  8.81e-03 2.69e-02f  1
 148  5.5388726e+02 1.36e+02 9.71e+03  -3.3 4.50e+02    -  3.34e-03 2.51e-02f  1
 149  5.5257435e+02 1.36e+02 9.70e+03  -3.3 4.30e+02    -  3.16e-02 1.13e-03f  1
iter    objective    inf_pr   inf_du lg(mu)  ||d||  lg(rg) alpha_du alpha_pr  ls
 150  5.4657431e+02 1.35e+02 9.64e+03  -3.3 4.01e+02    -  4.14e-02 6.98e-03f  1
 151  5.4488951e+02 1.33e+02 9.51e+03  -3.3 3.59e+02    -  4.28e-03 1.40e-02h  1
 152  5.3497062e+02 1.31e+02 9.38e+03  -3.3 4.47e+02    -  3.13e-03 1.51e-02f  1
 153  5.1763691e+02 1.28e+02 9.18e+03  -3.3 4.76e+02    -  4.36e-03 2.50e-02f  1
 154  5.1344619e+02 1.27e+02 9.14e+03  -3.3 4.68e+02    -  1.35e-02 5.21e-03f  1
 155  4.9632343e+02 1.25e+02 9.00e+03  -3.3 4.73e+02    -  2.39e-02 2.18e-02f  1
 156  4.8062037e+02 1.21e+02 8.81e+03  -3.3 4.43e+02    -  1.42e-03 2.82e-02f  1
 157  4.7028324e+02 1.18e+02 8.63e+03  -3.3 4.23e+02    -  3.08e-02 2.79e-02f  1
 158  4.6476968e+02 1.17e+02 8.59e+03  -3.3 4.11e+02    -  3.26e-03 7.97e-03f  1
 159  4.6406317e+02 1.17e+02 8.58e+03  -3.3 4.17e+02    -  9.45e-03 1.71e-03h  1
iter    objective    inf_pr   inf_du lg(mu)  ||d||  lg(rg) alpha_du alpha_pr  ls
 160  4.5855198e+02 1.15e+02 8.50e+03  -3.3 4.26e+02    -  2.69e-02 1.08e-02f  1
 161  4.5822235e+02 1.15e+02 8.49e+03  -3.4 3.99e+02    -  6.71e-03 1.23e-03h  1
 162  4.6699791e+02 1.14e+02 8.40e+03  -3.4 3.89e+02    -  2.44e-04 1.38e-02h  1
 163  4.6655807e+02 1.13e+02 8.39e+03  -3.4 3.94e+02    -  2.07e-02 1.71e-03h  1
 164  4.6218850e+02 1.13e+02 8.38e+03  -3.4 4.05e+02    -  8.82e-03 1.83e-03f  1
 165  4.5754226e+02 1.11e+02 8.28e+03  -3.4 3.93e+02    -  7.29e-05 1.64e-02f  1
 166  4.5429383e+02 1.11e+02 8.28e+03  -3.4 3.77e+02    -  1.20e-03 1.23e-03f  1
 167  4.5164551e+02 1.10e+02 8.18e+03  -3.4 3.81e+02    -  2.04e-02 1.34e-02h  1
 168  4.5914040e+02 1.09e+02 8.20e+03  -3.4 8.01e+02    -  1.30e-03 4.25e-03h  1
 169  4.5878684e+02 1.09e+02 8.19e+03  -3.4 3.70e+02    -  8.36e-04 1.59e-03h  1
iter    objective    inf_pr   inf_du lg(mu)  ||d||  lg(rg) alpha_du alpha_pr  ls
 170  4.5748119e+02 1.09e+02 8.19e+03  -3.4 3.74e+02    -  1.64e-02 7.98e-04f  1
 171  4.5294754e+02 1.07e+02 8.07e+03  -3.4 3.69e+02    -  3.35e-02 1.82e-02h  1
 172  4.4011660e+02 1.05e+02 7.99e+03  -3.4 3.63e+02    -  1.21e-04 1.56e-02f  1
 173  4.4004363e+02 1.05e+02 7.99e+03  -3.4 3.63e+02    -  1.36e-02 2.07e-04h  1
 174  4.5515980e+02 9.85e+01 7.61e+03  -3.4 3.69e+02    -  4.82e-04 6.49e-02h  1
 175  4.5381649e+02 9.82e+01 7.61e+03  -3.4 3.44e+02    -  1.17e-03 3.05e-03h  1
 176  4.4565921e+02 9.77e+01 7.63e+03  -3.4 3.74e+02    -  3.37e-02 5.17e-03f  1
 177  4.4546597e+02 9.76e+01 7.63e+03  -3.4 3.35e+02    -  5.13e-03 3.25e-04h  1
 178  4.3729592e+02 9.71e+01 7.62e+03  -3.4 3.22e+02    -  1.83e-04 5.73e-03f  1
 179  4.3661613e+02 9.69e+01 7.62e+03  -3.4 3.25e+02    -  3.91e-03 1.65e-03h  1
iter    objective    inf_pr   inf_du lg(mu)  ||d||  lg(rg) alpha_du alpha_pr  ls
 180  4.2649904e+02 9.63e+01 7.62e+03  -3.4 2.90e+02    -  2.54e-03 6.03e-03f  1
 181  4.2643367e+02 9.63e+01 7.61e+03  -3.4 3.21e+02    -  2.08e-02 2.17e-04h  1
 182  6.1028397e+02 9.43e+01 7.60e+03  -3.4 4.91e+02    -  5.78e-04 2.06e-02h  1
 183  6.0989801e+02 9.43e+01 7.60e+03  -3.4 3.11e+02    -  5.82e-03 5.95e-04h  1
 184  6.0141819e+02 9.41e+01 7.60e+03  -3.4 1.22e+03    -  5.63e-03 1.47e-03f  1
 185  5.9673541e+02 9.35e+01 7.56e+03  -3.5 3.09e+02    -  3.76e-04 6.91e-03f  1
 186  5.9118942e+02 9.22e+01 7.55e+03  -3.5 3.63e+02    -  6.05e-03 1.41e-02f  1
 187  5.9073960e+02 9.21e+01 7.54e+03  -3.5 3.00e+02    -  1.40e-02 5.55e-04h  1
 188  5.5492822e+02 9.08e+01 7.56e+03  -3.5 4.01e+02    -  1.66e-03 1.48e-02f  1
 189  5.5252659e+02 9.06e+01 7.55e+03  -3.5 2.97e+02    -  4.76e-03 1.71e-03f  1
iter    objective    inf_pr   inf_du lg(mu)  ||d||  lg(rg) alpha_du alpha_pr  ls
 190  5.2880726e+02 8.91e+01 7.56e+03  -3.5 3.18e+02    -  5.79e-03 1.65e-02f  1
 191  5.2840384e+02 8.91e+01 7.56e+03  -3.5 3.31e+02    -  1.01e-04 2.51e-04f  1
 192  5.0686055e+02 8.76e+01 7.57e+03  -3.5 3.13e+02    -  7.60e-03 1.65e-02f  1
 193  5.0650840e+02 8.76e+01 7.57e+03  -3.5 2.68e+02    -  1.49e-02 3.84e-04h  1
 194  4.9077836e+02 8.68e+01 7.57e+03  -3.5 2.70e+02    -  1.59e-02 8.85e-03f  1
 195  4.7707470e+02 8.53e+01 7.55e+03  -3.5 2.77e+02    -  2.00e-02 1.78e-02f  1
 196  4.3205975e+02 8.18e+01 7.56e+03  -3.5 3.04e+02    -  1.48e-03 4.10e-02f  1
 197  4.3134018e+02 8.17e+01 7.55e+03  -3.5 2.64e+02    -  6.75e-03 1.26e-03h  1
 198  4.1627278e+02 8.12e+01 7.56e+03  -3.5 2.56e+02    -  1.25e-02 6.25e-03f  1
 199  4.1380756e+02 8.07e+01 7.54e+03  -3.5 2.55e+02    -  4.48e-03 6.16e-03f  1
iter    objective    inf_pr   inf_du lg(mu)  ||d||  lg(rg) alpha_du alpha_pr  ls
 200  3.9480601e+02 8.00e+01 7.54e+03  -3.5 3.15e+02    -  1.65e-04 7.99e-03f  1
 201  3.9353013e+02 7.98e+01 7.53e+03  -3.5 2.52e+02    -  2.82e-03 3.29e-03h  1
 202  3.9138151e+02 7.97e+01 7.53e+03  -3.5 2.90e+02    -  1.70e-03 1.19e-03f  1
 203  3.9131043e+02 7.97e+01 7.53e+03  -3.5 2.54e+02    -  8.74e-04 1.93e-04h  1
 204  4.0269128e+02 7.86e+01 7.54e+03  -3.5 4.94e+02    -  1.29e-02 1.30e-02h  1
 205  3.9786205e+02 7.75e+01 7.49e+03  -3.5 2.49e+02    -  2.00e-02 1.40e-02f  1
 206  4.0672578e+02 7.67e+01 7.46e+03  -3.5 3.95e+02    -  2.13e-03 1.03e-02h  1
 207  4.0666187e+02 7.67e+01 7.46e+03  -3.5 2.39e+02    -  1.36e-02 1.86e-04h  1
 208  3.7474654e+02 7.55e+01 7.37e+03  -3.5 7.41e+02    -  3.76e-03 1.56e-02f  1
 209  3.7413609e+02 7.54e+01 7.36e+03  -3.5 1.96e+02    -  1.77e-02 1.85e-03h  1
iter    objective    inf_pr   inf_du lg(mu)  ||d||  lg(rg) alpha_du alpha_pr  ls
 210  3.5697640e+02 7.19e+01 7.26e+03  -3.5 3.35e+02    -  2.82e-03 4.56e-02f  1
 211  3.4956224e+02 7.02e+01 7.23e+03  -3.5 2.44e+02    -  2.77e-03 2.35e-02f  1
 212  3.3980863e+02 6.98e+01 7.23e+03  -3.5 3.06e+02    -  3.92e-03 6.81e-03f  1
 213  3.3970124e+02 6.97e+01 7.22e+03  -3.5 1.89e+02    -  9.30e-03 8.95e-04h  1
 214  3.3238170e+02 6.80e+01 7.20e+03  -3.5 3.07e+02    -  3.15e-03 2.46e-02f  1
 215  3.2423677e+02 6.54e+01 7.07e+03  -3.5 2.16e+02    -  2.53e-02 3.79e-02f  1
 216  3.2480029e+02 6.26e+01 7.05e+03  -3.6 2.66e+02    -  3.25e-03 4.24e-02h  1
 217  3.2250790e+02 6.21e+01 7.02e+03  -3.6 2.06e+02    -  6.15e-02 8.57e-03h  1
 218  3.4343184e+02 5.93e+01 6.81e+03  -3.6 2.35e+02    -  1.63e-02 4.42e-02h  1
 219  3.1732892e+02 5.49e+01 6.52e+03  -3.6 1.99e+02    -  6.42e-02 7.48e-02f  1
iter    objective    inf_pr   inf_du lg(mu)  ||d||  lg(rg) alpha_du alpha_pr  ls
 220  2.8686686e+02 5.41e+01 6.46e+03  -3.6 2.41e+02    -  3.57e-03 1.41e-02f  1
 221  2.8614120e+02 5.39e+01 6.45e+03  -3.6 1.79e+02    -  6.27e-02 3.93e-03h  1
 222  2.7949587e+02 5.25e+01 6.37e+03  -3.7 2.17e+02    -  9.99e-03 2.63e-02f  1
 223  2.7910170e+02 5.24e+01 6.36e+03  -3.7 1.69e+02    -  1.20e-02 2.16e-03h  1
 224  2.6941189e+02 5.17e+01 6.32e+03  -3.7 3.28e+02    -  3.53e-03 1.41e-02f  1
 225  2.6618030e+02 5.09e+01 6.26e+03  -3.7 1.64e+02    -  4.27e-02 1.53e-02f  1
 226  2.5864789e+02 5.05e+01 6.23e+03  -3.7 2.19e+02    -  3.69e-04 6.88e-03f  1
 227  2.5572538e+02 5.00e+01 6.19e+03  -3.7 1.70e+02    -  2.58e-02 1.10e-02f  1
 228  2.4330246e+02 4.87e+01 6.09e+03  -3.7 2.12e+02    -  1.66e-02 2.45e-02f  1
 229  2.3559394e+02 4.66e+01 5.92e+03  -3.7 1.65e+02    -  1.11e-02 4.44e-02f  1
iter    objective    inf_pr   inf_du lg(mu)  ||d||  lg(rg) alpha_du alpha_pr  ls
 230  2.2432753e+02 4.57e+01 5.84e+03  -3.7 2.20e+02    -  3.70e-03 1.78e-02f  1
 231  2.2415425e+02 4.57e+01 5.84e+03  -3.7 1.56e+02    -  1.31e-02 8.20e-04h  1
 232  2.1447251e+02 4.45e+01 5.73e+03  -3.7 2.08e+02    -  7.01e-04 2.57e-02f  1
 233  2.1417100e+02 4.44e+01 5.73e+03  -3.7 1.50e+02    -  2.49e-02 1.60e-03h  1
 234  2.1379418e+02 4.44e+01 5.73e+03  -3.7 1.93e+02    -  4.95e-03 9.49e-04h  1
 235  2.1291687e+02 4.42e+01 5.71e+03  -3.7 1.66e+02    -  3.66e-02 3.63e-03h  1
 236  2.0329306e+02 4.25e+01 5.55e+03  -3.7 2.00e+02    -  8.46e-03 4.02e-02f  1
 237  2.0307947e+02 4.24e+01 5.54e+03  -3.7 1.69e+02    -  2.74e-02 7.92e-04h  1
 238  1.9955646e+02 4.18e+01 5.47e+03  -3.8 1.84e+02    -  1.60e-03 1.50e-02f  1
 239  1.9493043e+02 4.06e+01 5.34e+03  -3.8 1.66e+02    -  2.92e-02 2.90e-02f  1
iter    objective    inf_pr   inf_du lg(mu)  ||d||  lg(rg) alpha_du alpha_pr  ls
 240  1.8907562e+02 3.92e+01 5.19e+03  -3.8 1.80e+02    -  1.57e-02 3.29e-02f  1
 241  1.8879479e+02 3.92e+01 5.18e+03  -3.8 1.47e+02    -  6.77e-03 1.96e-03h  1
 242  1.8415521e+02 3.78e+01 5.03e+03  -3.8 1.69e+02    -  2.19e-02 3.47e-02f  1
 243  1.7912622e+02 3.70e+01 4.94e+03  -3.8 2.00e+02    -  5.14e-03 2.16e-02f  1
 244  1.7868783e+02 3.69e+01 4.93e+03  -3.8 1.67e+02    -  2.50e-02 3.42e-03h  1
 245  1.7473676e+02 3.61e+01 4.85e+03  -3.8 1.95e+02    -  4.21e-03 2.02e-02f  1
 246  1.6740844e+02 3.56e+01 4.80e+03  -3.8 1.78e+02    -  7.71e-04 1.50e-02f  1
 247  1.6737138e+02 3.56e+01 4.80e+03  -3.8 1.60e+02    -  1.26e-02 2.68e-04h  1
 248  2.1818419e+02 3.39e+01 4.72e+03  -3.8 2.30e+02    -  5.68e-04 4.74e-02h  1
 249  2.1799813e+02 3.38e+01 4.72e+03  -3.8 1.46e+02    -  7.39e-03 8.73e-04h  1
iter    objective    inf_pr   inf_du lg(mu)  ||d||  lg(rg) alpha_du alpha_pr  ls
 250  2.0463524e+02 3.38e+01 4.72e+03  -3.8 7.96e+02    -  1.19e-03 1.96e-03f  1
 251  2.0348850e+02 3.36e+01 4.69e+03  -3.8 1.46e+02    -  1.80e-02 5.34e-03h  1
 252  2.0159568e+02 3.36e+01 4.70e+03  -3.8 2.25e+02    -  2.78e-03 1.22e-03f  1
 253  1.9818675e+02 3.31e+01 4.65e+03  -3.8 1.44e+02    -  4.85e-03 1.21e-02f  1
 254  1.9183860e+02 3.31e+01 4.66e+03   0.1 4.83e+03    -  2.69e-04 2.43e-04f  1
 255  1.9012885e+02 3.29e+01 4.63e+03  -3.8 1.41e+02    -  6.10e-02 5.94e-03f  1
 256  1.8452193e+02 3.22e+01 4.58e+03  -3.9 1.88e+02    -  1.19e-02 2.37e-02f  1
 257  1.8373704e+02 3.20e+01 4.57e+03  -3.9 1.44e+02    -  2.14e-02 4.10e-03h  1
 258  1.9496644e+02 3.14e+01 4.66e+03  -3.9 3.91e+02    -  1.69e-03 2.06e-02h  1
 259  1.9372657e+02 3.12e+01 4.64e+03  -3.9 1.39e+02    -  1.14e-02 4.87e-03h  1
iter    objective    inf_pr   inf_du lg(mu)  ||d||  lg(rg) alpha_du alpha_pr  ls
 260  1.9117874e+02 3.12e+01 4.64e+03  -3.9 3.65e+02    -  4.76e-03 1.18e-03f  1
 261  1.8622959e+02 3.08e+01 4.59e+03  -3.9 1.47e+02    -  1.74e-04 1.23e-02f  1
 262  1.8536395e+02 3.08e+01 4.59e+03  -3.9 1.97e+02    -  8.86e-03 7.84e-04f  1
 263  1.8408041e+02 3.07e+01 4.58e+03  -3.9 1.61e+02    -  4.62e-03 2.64e-03f  1
 264  1.6598246e+02 2.97e+01 4.47e+03  -3.9 1.99e+02    -  1.72e-02 3.27e-02f  1
 265  1.5981789e+02 2.92e+01 4.41e+03  -3.9 1.36e+02    -  7.96e-03 1.65e-02f  1
 266  1.5493587e+02 2.89e+01 4.37e+03  -3.9 1.40e+02    -  3.49e-03 9.72e-03f  1
 267  1.5388412e+02 2.87e+01 4.34e+03  -3.9 1.02e+02    -  1.24e-02 7.96e-03h  1
 268  1.4190826e+02 2.78e+01 4.21e+03  -3.9 1.63e+02    -  2.40e-02 2.93e-02f  1
 269  1.3610335e+02 2.69e+01 4.08e+03  -3.9 1.17e+02    -  8.24e-03 3.53e-02f  1
iter    objective    inf_pr   inf_du lg(mu)  ||d||  lg(rg) alpha_du alpha_pr  ls
 270  1.2778557e+02 2.62e+01 4.02e+03  -3.9 1.58e+02    -  1.76e-03 2.26e-02f  1
 271  1.2733347e+02 2.61e+01 4.01e+03  -3.9 1.11e+02    -  2.89e-02 3.78e-03h  1
 272  1.2403833e+02 2.59e+01 4.00e+03  -3.9 1.66e+02    -  7.06e-03 8.40e-03f  1
 273  1.2115632e+02 2.53e+01 3.91e+03  -3.9 1.09e+02    -  2.62e-02 2.59e-02f  1
 274  1.1895703e+02 2.50e+01 3.89e+03  -3.9 1.57e+02    -  1.35e-02 8.40e-03f  1
 275  1.1889475e+02 2.50e+01 3.89e+03  -3.9 1.18e+02    -  1.88e-02 5.80e-04h  1
 276  1.1566295e+02 2.48e+01 3.88e+03  -4.0 2.18e+02    -  5.02e-03 9.06e-03f  1
 277  1.0836368e+02 2.30e+01 3.67e+03  -4.0 1.33e+02    -  2.29e-02 7.09e-02f  1
 278  1.0477457e+02 2.25e+01 3.62e+03  -4.0 1.91e+02    -  2.47e-02 2.16e-02f  1
 279  1.0315669e+02 2.21e+01 3.57e+03  -4.0 1.27e+02    -  3.66e-02 2.02e-02h  1
iter    objective    inf_pr   inf_du lg(mu)  ||d||  lg(rg) alpha_du alpha_pr  ls
 280  1.0117580e+02 2.16e+01 3.50e+03  -4.0 1.93e+02    -  3.80e-02 2.39e-02f  1
 281  9.9956150e+01 2.11e+01 3.44e+03  -4.0 1.17e+02    -  1.10e-02 2.28e-02h  1
 282  1.0055112e+02 2.06e+01 3.39e+03  -4.0 1.55e+02    -  2.95e-03 2.02e-02h  1
 283  9.9369630e+01 2.00e+01 3.29e+03  -4.0 1.04e+02    -  1.88e-03 3.21e-02h  1
 284  9.9900951e+01 1.98e+01 3.26e+03  -4.0 1.60e+02    -  8.93e-03 1.09e-02h  1
 285  9.9857530e+01 1.97e+01 3.26e+03  -4.0 8.91e+01    -  1.30e-02 1.38e-03h  1
 286  9.9506525e+01 1.97e+01 3.26e+03  -4.0 1.61e+02    -  2.41e-03 1.10e-03h  1
 287  9.9499719e+01 1.97e+01 3.26e+03  -4.0 9.09e+01    -  9.89e-03 1.62e-04h  1
 288  9.9148603e+01 1.97e+01 3.26e+03  -4.0 1.38e+02    -  1.93e-02 8.07e-04h  1
 289  9.7987378e+01 1.91e+01 3.18e+03  -4.0 9.72e+01    -  4.83e-04 2.89e-02h  1
iter    objective    inf_pr   inf_du lg(mu)  ||d||  lg(rg) alpha_du alpha_pr  ls
 290  1.1858515e+02 1.91e+01 3.17e+03  -0.1 3.49e+03    -  3.22e-04 1.05e-03f  1
 291  1.1617814e+02 1.85e+01 3.09e+03  -4.0 9.42e+01    -  1.83e-02 2.93e-02h  1
 292  1.1126002e+02 1.83e+01 3.04e+03  -4.1 2.39e+02    -  7.20e-03 1.09e-02f  1
 293  1.0912571e+02 1.80e+01 2.99e+03  -4.1 9.12e+01    -  1.72e-03 2.05e-02h  1
 294  1.0883854e+02 1.79e+01 2.99e+03  -4.1 1.01e+02    -  9.67e-03 8.48e-04h  1
 295  1.0778066e+02 1.77e+01 2.94e+03  -4.1 8.49e+01    -  1.55e-02 1.58e-02h  1
 296  1.0573017e+02 1.76e+01 2.93e+03  -4.1 1.16e+02    -  3.79e-03 4.03e-03f  1
 297  1.0462666e+02 1.73e+01 2.89e+03  -4.1 8.40e+01    -  1.92e-02 1.67e-02h  1
 298  1.0442822e+02 1.73e+01 2.89e+03  -4.1 1.04e+02    -  1.51e-03 4.29e-04h  1
 299  1.0244164e+02 1.67e+01 2.80e+03  -4.1 8.28e+01    -  1.01e-03 3.32e-02h  1
iter    objective    inf_pr   inf_du lg(mu)  ||d||  lg(rg) alpha_du alpha_pr  ls
 300  1.0054693e+02 1.65e+01 2.77e+03  -4.1 9.66e+01    -  3.22e-04 1.02e-02f  1
 301  1.0047767e+02 1.65e+01 2.77e+03  -4.1 8.13e+01    -  9.72e-03 8.13e-04h  1
 302  1.0046113e+02 1.65e+01 2.77e+03  -4.1 9.27e+01    -  9.10e-03 1.35e-04h  1
 303  9.8977114e+01 1.61e+01 2.71e+03  -4.1 8.26e+01    -  5.63e-02 2.43e-02h  1
 304  9.8949805e+01 1.61e+01 2.71e+03  -4.1 1.18e+02    -  2.42e-02 1.13e-04h  1
 305  9.6253627e+01 1.53e+01 2.59e+03  -4.1 8.92e+01    -  4.79e-03 4.81e-02h  1
 306  9.4719820e+01 1.52e+01 2.57e+03  -4.1 1.18e+02    -  2.58e-03 1.07e-02f  1
 307  9.2651125e+01 1.44e+01 2.45e+03  -4.1 8.08e+01    -  1.90e-02 4.83e-02h  1
 308  9.1353703e+01 1.40e+01 2.36e+03  -4.1 1.32e+02    -  8.55e-04 3.37e-02f  1
 309  9.1310398e+01 1.39e+01 2.35e+03  -4.1 7.17e+01    -  4.95e-02 1.45e-03h  1
iter    objective    inf_pr   inf_du lg(mu)  ||d||  lg(rg) alpha_du alpha_pr  ls
 310  9.0075067e+01 1.35e+01 2.28e+03  -4.2 9.45e+01    -  7.72e-02 3.24e-02f  2
 311  8.9547499e+01 1.32e+01 2.25e+03  -4.2 7.18e+01    -  8.72e-02 1.81e-02h  1
 312  8.8085774e+01 2.43e+01 2.20e+03  -4.2 1.07e+02    -  3.13e-03 1.75e-02f  1
 313  8.8120404e+01 1.27e+01 2.16e+03  -4.2 4.33e+01    -  2.40e-02 2.11e-02h  1
 314  8.7823452e+01 1.27e+01 2.16e+03  -0.3 1.56e+02    -  2.12e-03 9.98e-04f  1
 315  8.7524682e+01 1.25e+01 2.13e+03  -4.2 6.28e+01    -  3.48e-02 1.54e-02h  1
 316  8.7096393e+01 1.25e+01 2.12e+03  -4.3 1.22e+02    -  1.36e-02 4.63e-03f  1
 317  8.7080475e+01 1.25e+01 2.12e+03  -4.3 5.83e+01    -  3.78e-02 1.18e-03h  1
 318  8.9842048e+01 1.22e+01 2.08e+03  -4.3 9.83e+01    -  1.45e-02 1.77e-02h  1
 319  8.9479064e+01 1.21e+01 2.06e+03  -4.3 5.73e+01    -  3.71e-02 1.41e-02h  1
iter    objective    inf_pr   inf_du lg(mu)  ||d||  lg(rg) alpha_du alpha_pr  ls
 320  8.5243536e+01 1.18e+01 2.02e+03  -4.3 1.12e+02    -  1.90e-03 2.09e-02f  1
 321  8.2211093e+01 2.42e+01 1.82e+03  -4.3 6.25e+01    -  9.65e-03 1.23e-01h  1
 322  8.2023489e+01 1.03e+01 1.81e+03  -4.3 9.52e+01    -  2.19e-02 1.77e-03h  1
 323  8.1439299e+01 9.92e+00 1.75e+03  -4.3 5.30e+01    -  3.98e-02 4.10e-02h  1
 324  8.1376436e+01 2.44e+01 1.71e+03  -4.3 1.33e+02    -  2.14e-03 2.27e-02f  2
 325  8.1146983e+01 2.41e+01 1.69e+03  -4.3 3.79e+01    -  3.27e-02 1.11e-02h  1
 326  8.3607448e+01 2.40e+01 1.67e+03  -0.4 3.15e+02    -  3.02e-04 3.49e-03f  1
 327  8.4016506e+01 2.40e+01 1.67e+03   1.6 3.25e+03    -  4.34e-05 4.90e-05f  1
 328  8.5170550e+01 2.40e+01 1.67e+03   1.6 4.29e+03    -  8.02e-05 1.22e-04f  1
 329  8.8362856e+01 9.55e+00 1.67e+03   1.6 6.60e+03    -  1.64e-04 2.63e-04f  1
iter    objective    inf_pr   inf_du lg(mu)  ||d||  lg(rg) alpha_du alpha_pr  ls
 330  8.5388091e+01 8.65e+00 1.53e+03  -4.4 4.29e+01    -  1.30e-01 9.42e-02f  1
 331  9.2099036e+01 7.65e+00 1.37e+03  -4.4 5.43e+01    -  4.79e-02 1.16e-01h  1
 332  9.1828102e+01 7.59e+00 1.36e+03  -4.4 2.34e+01    -  1.62e-01 8.50e-03h  1
 333  9.1502888e+01 7.45e+00 1.34e+03  -0.6 9.82e+01    -  3.48e-02 1.77e-02f  1
 334  8.3925183e+01 6.02e+00 1.09e+03  -4.5 3.01e+01    -  2.08e-01 1.93e-01f  1
 335  8.8141085e+01 5.59e+00 1.02e+03  -0.7 8.09e+01    -  9.11e-02 7.24e-02f  1
 336  8.3078624e+01 5.14e+00 9.40e+02  -4.7 5.15e+01    -  2.10e-01 8.00e-02f  1
 337  8.2489728e+01 5.07e+00 9.28e+02  -4.8 3.01e+01    -  2.07e-01 1.33e-02h  1
 338  7.9439170e+01 3.96e+00 7.32e+02  -4.9 4.34e+01    -  3.33e-01 2.23e-01f  1
 339  7.4963171e+01 7.09e+00 6.64e+02  -5.0 5.89e+01    -  2.36e-01 1.02e-01f  1
iter    objective    inf_pr   inf_du lg(mu)  ||d||  lg(rg) alpha_du alpha_pr  ls
 340  7.7310675e+01 3.25e+01 6.11e+02  -1.3 1.37e+02    -  1.15e-01 9.37e-02f  1
 341  1.1043449e+02 3.15e+01 6.15e+02   0.7 2.45e+03    -  2.80e-03 3.12e-03f  1
 342  1.4487431e+02 3.12e+01 6.27e+02   0.7 1.20e+03    -  9.87e-03 8.54e-03f  1
 343  1.9387452e+02 2.83e+01 6.36e+02   0.7 5.51e+02    -  1.68e-02 1.09e-02f  1
 344  4.0593800e+02 5.05e+01 6.73e+02   0.7 2.77e+02    -  6.44e-02 5.71e-02f  1
 345  1.1872590e+03 4.55e+01 9.12e+02   0.7 2.04e+02    -  1.96e-01 1.59e-01f  1
 346  1.7482157e+03 4.24e+01 7.82e+02   0.7 7.27e+01    -  4.51e-01 4.14e-01f  1
 347  2.4986020e+03 2.38e+01 1.02e+03   0.7 5.59e+01    -  5.21e-01 7.74e-01h  1
 348  1.9311559e+03 1.08e+01 3.07e+02   0.7 2.36e+01    -  1.00e+00 1.00e+00f  1
 349  1.0316165e+03 2.62e+00 1.64e+02   0.7 1.37e+01    -  1.00e+00 1.00e+00f  1
iter    objective    inf_pr   inf_du lg(mu)  ||d||  lg(rg) alpha_du alpha_pr  ls
 350  7.2120232e+02 5.72e-01 1.76e+02   0.4 6.28e+00    -  9.17e-01 1.00e+00f  1
 351  4.0918630e+02 1.64e+00 1.12e+02   0.0 6.79e+00    -  9.92e-01 1.00e+00f  1
 352  2.7740041e+02 3.05e+01 2.45e+02  -0.3 9.23e+00    -  9.91e-01 7.53e-01f  1
 353  2.1567923e+02 2.16e+01 5.11e+02  -0.4 5.37e+00    -  3.06e-01 5.28e-01f  1
 354  2.8036073e+02 1.49e+01 5.99e+02   0.5 1.84e+01    -  2.76e-01 1.68e-01f  1
 355  2.4350169e+02 3.12e+01 1.45e+02  -0.2 6.90e+00    -  7.95e-01 8.22e-01f  1
 356  2.1612739e+02 1.35e+01 1.63e+02  -0.2 3.87e+00    -  3.20e-01 6.65e-01f  1
 357  1.8087508e+02 3.43e+00 4.52e+02  -0.3 2.99e+00    -  1.00e+00 8.05e-01f  1
 358  1.4924891e+02 2.70e+01 8.86e+01  -6.3 7.05e+00    -  5.50e-01 5.51e-01f  1
 359  1.3386401e+02 2.40e+01 8.57e+01  -0.9 1.38e+01    -  2.64e-01 2.82e-01f  2
iter    objective    inf_pr   inf_du lg(mu)  ||d||  lg(rg) alpha_du alpha_pr  ls
 360  1.2874520e+02 1.84e+01 1.70e+02  -0.8 6.95e+00    -  3.67e-01 6.33e-01h  1
 361  1.3585888e+02 8.71e+00 1.15e+02  -0.5 6.20e+00    -  1.00e+00 6.41e-01f  1
 362  1.3547444e+02 8.45e+00 6.45e+01  -0.5 3.87e+00    -  4.13e-01 4.92e-01f  1
 363  1.1710548e+02 8.92e+00 9.90e+01  -6.5 5.95e+00    -  3.94e-01 4.69e-01f  1
 364  1.1231045e+02 1.37e+01 3.17e+02  -1.3 9.67e+00    -  6.65e-01 1.28e-01f  1
 365  1.1729744e+02 1.15e+01 2.90e+02  -0.5 5.40e+00    -  6.53e-02 1.62e-01f  1
 366  1.1150907e+02 1.42e+01 1.09e+02  -2.1 1.30e+01    -  2.04e-01 4.86e-01f  1
 367  1.2226135e+02 1.46e+01 5.81e+02  -0.6 8.21e+00    -  1.00e+00 3.38e-01f  1
 368  1.1834640e+02 1.31e+01 3.13e+02  -0.7 3.97e+00    -  4.97e-01 1.00e+00f  1
 369  1.0673201e+02 1.55e+01 1.25e+02  -0.9 6.29e+00    -  9.10e-01 5.02e-01f  1
iter    objective    inf_pr   inf_du lg(mu)  ||d||  lg(rg) alpha_du alpha_pr  ls
 370  1.6983679e+02 2.77e+01 1.24e+02  -0.3 1.76e+01    -  7.45e-01 5.14e-01f  1
 371  1.8741766e+02 2.59e+01 2.78e+02  -0.5 5.26e+00    -  9.98e-01 8.10e-01h  1
 372  1.2258189e+02 2.24e+01 3.80e+02  -0.5 5.90e+00    -  7.96e-01 1.00e+00f  1
 373  1.3122154e+02 3.05e+01 1.55e+02  -0.5 2.64e+00    -  1.00e+00 9.33e-01h  1
 374  1.2767072e+02 1.48e+01 4.35e+01  -0.5 2.00e+00    -  3.99e-01 6.08e-01f  1
 375  1.2127327e+02 8.07e+00 7.42e+01  -0.5 3.45e+00    -  1.12e-01 4.58e-01f  1
 376  1.1087880e+02 2.09e+01 1.48e+02  -0.8 3.24e+00    -  1.00e+00 6.03e-01f  1
 377  1.1852212e+02 8.27e+00 1.88e+02  -0.6 4.09e+00    -  1.00e+00 5.00e-01f  2
 378  1.1811750e+02 4.58e+00 6.60e+01  -0.6 4.93e+00    -  9.07e-01 3.14e-01h  1
 379  1.1893056e+02 5.99e-01 8.87e+01  -0.6 7.69e+00    -  9.52e-01 1.00e+00h  1
iter    objective    inf_pr   inf_du lg(mu)  ||d||  lg(rg) alpha_du alpha_pr  ls
 380  1.0972560e+02 5.42e-01 1.41e+02  -0.7 3.33e+00    -  9.93e-01 5.00e-01f  2
 381  9.8883999e+01 1.40e+01 1.32e+02  -1.1 2.80e+00    -  9.98e-01 5.71e-01f  1
 382  9.3569796e+01 2.34e+01 9.02e+01  -2.4 4.10e+00    -  4.04e-01 5.85e-01f  1
 383  9.1093799e+01 1.60e+01 1.12e+02  -1.3 2.00e+00    -  3.70e-01 6.18e-01f  1
 384  9.5327668e+01 1.48e+01 2.64e+01  -0.9 1.93e+00    -  7.20e-01 6.59e-01f  1
 385  9.2698114e+01 1.01e+01 7.56e+01  -1.1 1.70e+00    -  1.00e+00 6.41e-01f  1
 386  9.0795061e+01 1.60e+01 2.90e+01  -1.5 4.71e+00    -  4.55e-01 3.27e-01f  1
 387  9.3937581e+01 1.92e+01 1.90e+01  -1.0 2.10e+00    -  1.00e+00 9.45e-01f  1
 388  9.1496779e+01 9.27e+00 2.94e+01  -1.1 2.55e+00    -  4.02e-01 4.01e-01h  1
 389  1.0947381e+02 8.11e+00 2.00e+02  -0.8 3.01e+00    -  5.73e-01 1.00e+00H  1
iter    objective    inf_pr   inf_du lg(mu)  ||d||  lg(rg) alpha_du alpha_pr  ls
 390  9.2834461e+01 2.10e+01 4.25e+01  -1.0 3.82e+00    -  1.00e+00 8.43e-01f  1
 391  9.0705340e+01 4.79e+00 1.59e+02  -1.0 5.40e+00    -  5.24e-01 7.82e-01h  1
 392  8.4713865e+01 1.41e+01 7.88e+01  -1.4 2.44e+00    -  9.43e-01 1.00e+00f  1
 393  8.2543352e+01 4.20e+00 3.40e+02  -1.4 2.79e+00    -  6.35e-01 2.92e-01h  1
 394  9.7993682e+01 6.75e-01 1.15e+02  -1.0 2.72e+00    -  7.03e-01 8.03e-01h  1
 395  1.0167454e+02 2.34e+00 1.16e+02  -0.6 2.28e+00    -  8.85e-01 9.71e-01f  1
 396  9.1501238e+01 6.49e-01 1.33e+02  -0.7 2.03e+00    -  7.67e-01 1.00e+00f  1
 397  8.4756627e+01 2.76e+01 8.50e+01  -1.4 1.58e+00    -  8.56e-01 7.30e-01f  1
 398  8.3214292e+01 1.69e+01 3.61e+02  -1.3 4.59e+00    -  9.72e-02 4.93e-01h  2
 399  8.1934425e+01 1.44e+01 8.66e+02  -1.3 3.72e+00    -  6.47e-01 1.50e-01h  1
iter    objective    inf_pr   inf_du lg(mu)  ||d||  lg(rg) alpha_du alpha_pr  ls
 400  8.1526703e+01 5.48e+00 2.35e+02  -1.3 1.60e+00    -  1.00e+00 6.15e-01h  1
 401  7.9384940e+01 3.22e+00 2.46e+02  -1.8 2.35e+00    -  7.19e-01 4.00e-01h  1
 402  7.6998215e+01 1.49e+01 1.48e+02  -1.7 4.29e+00    -  1.77e-01 4.14e-01F  1
 403  7.7008142e+01 7.29e+00 7.47e+01  -1.3 1.54e+00    -  1.00e+00 7.10e-01f  1
 404  7.8477473e+01 6.93e+00 1.16e+03  -0.6 6.02e+00    -  7.51e-01 9.20e-02f  1
 405  8.9094994e+01 1.85e+01 3.66e+02  -0.9 4.14e+00    -  5.43e-01 1.00e+00F  1
 406  8.5594377e+01 2.75e+01 8.78e+01  -0.9 4.05e+00    -  2.49e-01 8.09e-01f  1
 407  8.8043773e+01 1.61e+01 1.12e+02  -0.9 3.41e+00    -  3.57e-02 1.00e+00f  1
 408  8.7103865e+01 1.23e+01 5.73e+01  -0.9 2.44e+00    -  4.79e-01 2.43e-01h  1
 409  8.6350542e+01 1.07e+01 9.09e+01  -0.9 2.02e+00    -  4.09e-01 4.23e-01f  1
iter    objective    inf_pr   inf_du lg(mu)  ||d||  lg(rg) alpha_du alpha_pr  ls
 410  8.9976287e+01 1.82e+01 6.20e+01  -0.9 3.72e+00    -  5.78e-01 1.00e+00f  1
 411  8.6218709e+01 1.04e+01 4.25e+01  -0.9 3.44e+00    -  7.61e-01 5.11e-01h  1
 412  8.5206662e+01 9.64e+00 5.64e+01  -0.9 1.72e+00    -  9.17e-01 7.17e-01h  1
 413  8.6335917e+01 1.10e+01 4.16e+01  -0.9 2.61e+00    -  3.56e-01 8.31e-01f  1
 414  8.5916543e+01 1.21e+01 4.46e+01  -0.9 2.36e+00    -  7.42e-01 9.12e-01f  1
 415  8.4961611e+01 2.16e+01 5.13e+01  -0.9 1.80e+00    -  4.99e-01 1.00e+00f  1
 416  9.0311297e+01 6.97e+00 7.47e+01  -0.9 2.14e+00    -  7.26e-01 1.00e+00h  1
 417  8.5427606e+01 1.32e+01 2.36e+01  -0.9 1.78e+00    -  1.00e+00 1.00e+00f  1
 418  8.5154409e+01 1.42e+01 2.63e+01  -0.9 2.80e+00    -  5.21e-01 4.94e-01h  1
 419  8.5472947e+01 5.01e+00 7.95e+01  -0.9 1.92e+00    -  9.43e-01 3.49e-01h  1
iter    objective    inf_pr   inf_du lg(mu)  ||d||  lg(rg) alpha_du alpha_pr  ls
 420  8.2289329e+01 1.89e+01 1.96e+01  -1.1 9.92e-01    -  9.92e-01 1.00e+00f  1
 421  8.1854939e+01 8.93e+00 2.36e+01  -1.2 2.13e+00    -  3.89e-01 6.58e-01h  1
 422  8.1481818e+01 4.50e+00 1.35e+01  -1.2 1.84e+00    -  5.42e-01 5.00e-01h  2
 423  7.7892858e+01 1.37e+01 4.22e+01  -2.4 1.45e+00    -  6.22e-01 6.86e-01f  1
 424  7.7025589e+01 8.50e+00 1.76e+01  -1.7 4.71e+00    -  4.85e-01 3.48e-01h  1
 425  7.6603387e+01 5.84e+00 1.89e+01  -1.7 2.99e+00    -  3.07e-01 2.99e-01h  1
 426  7.3737620e+01 1.53e+01 3.70e+01  -1.6 2.40e+00    -  4.83e-01 6.47e-01f  1
 427  8.3429600e+01 7.50e+00 2.61e+01  -1.3 5.96e+00    -  5.91e-01 6.00e-01h  1
 428  7.7550375e+01 2.99e+00 3.46e+01  -1.5 1.42e+00    -  7.40e-01 5.97e-01f  1
 429  7.4675550e+01 1.12e+01 3.13e+01  -1.5 1.25e+00    -  3.49e-01 6.94e-01f  1
iter    objective    inf_pr   inf_du lg(mu)  ||d||  lg(rg) alpha_du alpha_pr  ls
 430  7.3882423e+01 7.55e+00 5.29e+01  -1.7 1.46e+00    -  5.57e-01 3.25e-01h  1
 431  7.1883683e+01 4.13e+00 4.19e+01  -1.6 2.87e+00    -  6.42e-01 4.60e-01h  1
 432  6.9834075e+01 5.89e+00 1.02e+02  -1.9 9.57e+00    -  7.21e-01 3.48e-01f  1
 433  6.9343241e+01 4.27e+00 7.77e+01  -1.8 5.81e+00    -  6.03e-01 2.75e-01h  1
 434  7.1301253e+01 3.50e+00 3.36e+01  -1.4 3.37e+00    -  4.64e-01 5.55e-01f  1
 435  7.3049055e+01 8.71e+00 4.48e+01  -1.2 2.56e+00    -  6.46e-01 4.80e-01f  1
 436  7.1670004e+01 5.48e+00 9.54e+01  -1.4 2.66e+00    -  2.01e-01 1.00e+00h  1
 437  8.0235184e+01 8.32e+00 1.27e+02  -0.6 1.30e+01    -  3.07e-01 2.42e-01f  1
 438  1.5413691e+02 1.18e+01 2.53e+02  -1.1 4.88e+00    -  6.39e-01 1.00e+00h  1
 439  8.8814958e+01 7.35e+00 6.23e+01  -1.1 4.20e+00    -  2.59e-01 6.68e-01f  1
iter    objective    inf_pr   inf_du lg(mu)  ||d||  lg(rg) alpha_du alpha_pr  ls
 440  7.8263607e+01 1.09e+01 1.19e+02  -1.1 2.88e+00    -  5.03e-01 1.00e+00f  1
 441  7.7748251e+01 2.43e+00 7.24e+01  -1.1 2.62e+00    -  5.63e-01 7.89e-01h  1
 442  7.9752748e+01 6.16e+00 2.67e+01  -1.1 9.27e-01    -  1.00e+00 1.00e+00f  1
 443  7.9841488e+01 1.17e+01 1.72e+01  -1.1 2.49e+00    -  1.00e+00 1.00e+00f  1
 444  7.8362764e+01 8.79e-01 5.24e+01  -1.1 1.95e+00    -  1.00e+00 2.85e-01h  1
 445  7.4319971e+01 8.99e+00 1.94e+01  -1.5 8.35e-01    -  9.68e-01 1.00e+00f  1
 446  7.4018204e+01 8.16e+00 7.10e+01  -1.6 1.89e+00    -  5.94e-01 9.22e-02h  1
 447  7.2215600e+01 1.00e+01 6.51e+01  -1.6 1.50e+00    -  9.11e-01 5.27e-01h  1
 448  7.1591124e+01 1.83e+00 3.18e+01  -1.6 1.49e+00    -  4.94e-01 5.39e-01h  1
 449  7.5964445e+01 7.73e+00 1.79e+02  -1.1 1.92e+00    -  8.86e-01 4.70e-01f  1
iter    objective    inf_pr   inf_du lg(mu)  ||d||  lg(rg) alpha_du alpha_pr  ls
 450  7.5540055e+01 4.91e+00 1.10e+02  -1.2 2.14e+00    -  3.88e-01 3.70e-01f  1
 451  7.4180211e+01 7.20e+00 9.12e+01  -1.2 9.40e-01    -  2.27e-01 1.00e+00f  1
 452  7.5494770e+01 4.19e+00 2.49e+01  -1.2 1.78e+00    -  6.72e-01 8.18e-01h  1
 453  7.5267544e+01 5.59e+00 9.91e+00  -1.2 1.10e+00    -  9.53e-01 1.00e+00f  1
 454  7.9377783e+01 6.95e+00 2.30e+01  -0.9 2.15e+00    -  5.23e-01 4.78e-01f  1
 455  7.6688192e+01 6.24e+00 2.35e+01  -1.1 3.02e+00    -  7.74e-01 7.48e-01f  1
 456  7.6318145e+01 5.84e+00 2.84e+01  -1.1 1.56e+00    -  6.34e-01 1.00e+00f  1
 457  7.6129089e+01 4.91e+00 2.33e+01  -1.1 1.75e+00    -  4.61e-01 1.57e-01H  1
 458  7.5819938e+01 8.39e+00 3.06e+01  -1.1 1.42e+00    -  1.00e+00 1.00e+00F  1
 459  7.5566612e+01 3.66e+00 2.92e+01  -1.1 1.31e+00    -  6.51e-01 3.71e-01h  1
iter    objective    inf_pr   inf_du lg(mu)  ||d||  lg(rg) alpha_du alpha_pr  ls
 460  7.5220773e+01 8.51e+00 1.03e+01  -1.1 1.08e+00    -  1.00e+00 1.00e+00h  1
 461  7.5174342e+01 7.16e+00 1.36e+01  -1.1 1.95e+00    -  5.59e-01 1.58e-01h  1
 462  7.4661183e+01 4.66e+00 1.30e+01  -1.2 1.64e+00    -  9.47e-01 3.49e-01f  2
 463  7.2793529e+01 1.17e+01 1.51e+02  -1.6 1.89e+00    -  1.00e+00 6.96e-01f  1
 464  7.1768346e+01 6.25e+00 1.43e+02  -1.7 2.78e+00    -  1.28e-01 4.68e-01h  1
 465  7.1312388e+01 4.76e+00 6.52e+01  -1.7 8.49e-01    -  4.71e-01 2.39e-01h  1
 466  7.4159557e+01 7.02e+00 1.60e+02  -1.2 2.38e+00    -  1.00e+00 4.63e-01f  1
 467  7.3339456e+01 4.13e+00 6.70e+01  -1.3 2.23e+00    -  6.21e-01 9.19e-01f  1
 468  6.9836102e+01 1.04e+01 6.79e+01  -1.7 3.36e+00    -  9.35e-01 1.00e+00f  1
 469  7.2260029e+01 5.81e+00 2.57e+01  -1.7 3.96e+00    -  3.23e-01 5.13e-01h  1
iter    objective    inf_pr   inf_du lg(mu)  ||d||  lg(rg) alpha_du alpha_pr  ls
 470  6.8614911e+01 3.72e+00 7.28e+01  -1.7 1.42e+00    -  6.08e-01 3.50e-01f  1
 471  6.7094054e+01 2.33e+00 1.93e+02  -1.7 7.79e-01    -  6.94e-01 3.61e-01h  1
 472  6.5600006e+01 4.64e+00 3.60e+01  -1.9 7.09e-01    -  6.43e-01 7.31e-01h  1
 473  6.4350389e+01 7.88e+00 3.22e+01  -1.9 1.72e+00    -  3.63e-01 6.67e-01f  1
 474  6.3096343e+01 9.48e+00 9.18e+00  -2.5 4.97e+00    -  5.05e-01 3.39e-01f  1
 475  6.2843640e+01 7.98e+00 8.14e+00  -1.8 2.35e+00    -  1.72e-01 1.59e-01h  1
 476  6.2249626e+01 7.01e+00 2.97e+01  -3.1 3.25e+00    -  2.66e-01 1.22e-01h  1
 477  6.1365265e+01 6.24e+00 9.31e+01  -2.1 1.12e+01    -  3.68e-01 1.14e-01f  2
 478  6.1132720e+01 4.83e+00 1.49e+02  -1.9 4.93e+00    -  4.94e-01 2.23e-01h  1
 479  6.0581954e+01 3.14e+00 1.57e+02  -2.1 4.08e+00    -  7.33e-01 3.58e-01h  1
iter    objective    inf_pr   inf_du lg(mu)  ||d||  lg(rg) alpha_du alpha_pr  ls
 480  5.9702054e+01 4.55e+00 9.06e+01  -2.3 3.60e+00    -  8.89e-01 4.47e-01h  1
 481  5.9044247e+01 3.67e+00 6.71e+01  -2.3 2.27e+00    -  3.47e-01 1.91e-01h  1
 482  5.9040448e+01 2.30e+00 6.44e+01  -2.0 1.65e+00    -  6.58e-01 3.30e-01h  1
 483  5.7871282e+01 1.56e+00 3.97e+01  -8.1 3.39e+00    -  4.47e-01 3.31e-01f  1
 484  5.7401852e+01 3.36e+00 4.31e+01  -3.2 5.12e+00    -  1.66e-01 9.98e-02h  1
 485  5.7254430e+01 2.52e+00 8.49e+01  -2.5 2.80e+00    -  5.88e-01 2.48e-01f  1
 486  5.7105670e+01 1.69e+00 6.69e+01  -2.5 1.20e+00    -  5.94e-01 3.29e-01h  1
 487  5.6394302e+01 1.15e+01 2.88e+01  -2.5 2.38e+00    -  9.60e-01 6.47e-01h  1
 488  6.2004345e+01 2.90e+00 1.36e+01  -1.8 6.14e+00    -  1.87e-01 3.67e-01f  1
 489  5.6860282e+01 7.08e-01 6.73e+01  -2.4 2.32e+00    -  7.17e-01 8.07e-01f  1
iter    objective    inf_pr   inf_du lg(mu)  ||d||  lg(rg) alpha_du alpha_pr  ls
 490  5.7272037e+01 8.54e-01 4.55e+00  -2.0 2.34e+00    -  3.62e-01 2.95e-01f  1
 491  5.6335048e+01 8.09e+00 5.50e+01  -2.3 7.00e-01    -  8.60e-01 1.00e+00h  1
 492  5.6080265e+01 4.38e-01 2.25e+01  -2.2 9.79e-01    -  6.17e-01 4.13e-01h  1
 493  6.1975123e+01 7.72e+00 3.21e+01  -1.6 4.24e+00    -  1.44e-01 4.37e-01f  1
 494  5.9227978e+01 6.73e-01 2.71e+01  -2.2 2.46e+00    -  1.00e+00 3.70e-01f  1
 495  5.8153520e+01 5.76e-01 3.03e+01  -2.2 4.86e+00    -  1.12e-01 1.47e-01f  3
 496  5.6221830e+01 5.72e-01 2.04e+01  -2.2 1.82e+00    -  5.93e-01 8.96e-01h  1
 497  5.6966625e+01 1.96e-01 1.35e+01  -2.2 3.16e+00    -  1.00e+00 1.00e+00h  1
 498  6.2258117e+01 1.70e-01 2.13e+01  -2.2 2.55e+00    -  7.48e-01 1.00e+00h  1
 499  5.5515991e+01 2.36e-01 5.83e+01  -2.2 2.36e+00    -  3.50e-01 9.21e-01f  1
iter    objective    inf_pr   inf_du lg(mu)  ||d||  lg(rg) alpha_du alpha_pr  ls
 500  5.3968660e+01 1.25e+01 2.31e+01  -2.5 1.66e+00    -  8.75e-01 1.00e+00f  1
 501  5.8519069e+01 1.13e+01 3.72e+01  -1.6 8.93e+00    -  2.52e-01 2.46e-01f  1
 502  5.6364523e+01 8.38e-01 1.16e+01  -2.2 5.20e+00    -  1.99e-01 4.91e-01f  1
 503  5.5051830e+01 1.16e+01 3.14e+01  -2.2 1.32e+01    -  6.16e-01 1.70e-01f  2
 504  5.4923140e+01 9.33e+00 3.09e+01  -2.2 4.37e+00    -  9.16e-02 1.97e-01h  1
 505  5.4685471e+01 6.94e+00 3.77e+01  -2.2 1.39e+00    -  1.41e-01 2.56e-01h  1
 506  5.4318322e+01 4.81e+00 2.15e+01  -2.1 1.11e+00    -  3.60e-01 3.08e-01h  1
 507  5.3865253e+01 3.18e+00 2.82e+01  -2.2 1.67e+00    -  8.00e-01 3.40e-01h  1
 508  5.3263891e+01 3.11e+01 1.19e+01  -2.5 1.07e+01    -  2.18e-01 3.41e-01h  1
 509  6.2154069e+01 1.75e+00 1.37e+01  -1.7 9.40e+00    -  1.54e-01 2.67e-01h  2
iter    objective    inf_pr   inf_du lg(mu)  ||d||  lg(rg) alpha_du alpha_pr  ls
 510  5.6111496e+01 9.24e-01 2.90e+01  -2.2 1.67e+00    -  1.00e+00 4.82e-01f  1
 511  5.4074723e+01 2.89e+01 2.17e+01  -2.2 1.19e+00    -  4.99e-01 4.40e-01f  1
 512  5.3673444e+01 2.54e+01 1.87e+01  -2.2 3.02e+00    -  1.37e-01 1.22e-01h  1
 513  6.0885010e+01 2.98e+00 1.41e+01  -1.9 5.16e+00    -  4.29e-01 3.83e-01h  1
 514  5.3407787e+01 8.49e-01 1.99e+01  -2.2 2.15e+00    -  5.08e-01 7.13e-01f  1
 515  5.5157906e+01 3.11e-01 1.76e+01  -1.9 1.15e+00    -  4.43e-01 7.57e-01f  1
 516  5.2914477e+01 2.47e+01 2.77e+01  -2.3 7.04e-01    -  8.58e-01 9.92e-01f  1
 517  5.5795466e+01 2.79e+00 2.12e+01  -1.6 3.18e+00    -  5.68e-01 4.18e-01f  1
 518  5.5173660e+01 1.51e+00 1.89e+01  -1.9 1.65e+00    -  2.75e-01 4.53e-01h  1
 519  5.4619789e+01 9.20e-01 1.29e+01  -1.9 1.12e+00    -  5.89e-01 3.77e-01f  1
iter    objective    inf_pr   inf_du lg(mu)  ||d||  lg(rg) alpha_du alpha_pr  ls
 520  5.3379998e+01 3.25e+01 3.73e+00  -2.1 9.43e-01    -  9.61e-01 9.85e-01f  1
 521  5.3451279e+01 2.28e+00 2.03e+01  -2.2 2.06e+00    -  2.63e-02 3.26e-01h  1
 522  5.1951048e+01 2.26e+01 5.82e+01  -8.1 1.36e+00    -  3.50e-01 7.35e-01h  1
 523  5.2274519e+01 1.76e+01 2.45e+01  -2.3 2.41e+00    -  3.80e-01 2.24e-01h  1
 524  5.3369662e+01 2.32e+00 9.45e+01  -1.8 3.34e+00    -  7.29e-01 2.44e-01f  1
 525  5.3003765e+01 1.38e+01 4.59e+01  -7.9 3.98e+00    -  6.01e-01 9.29e-02h  1
 526  5.2339703e+01 1.79e+01 4.99e+01  -3.4 2.54e+00    -  2.98e-01 2.09e-01h  1
 527  5.1742287e+01 1.16e+01 3.34e+01  -2.5 3.92e+00    -  7.22e-02 3.66e-01h  1
 528  5.1349360e+01 1.51e+01 1.49e+02  -2.7 2.24e+00    -  5.79e-01 1.31e-01h  1
 529  5.1456520e+01 7.42e+00 1.05e+02  -2.3 1.86e+00    -  2.25e-01 2.60e-01h  1
iter    objective    inf_pr   inf_du lg(mu)  ||d||  lg(rg) alpha_du alpha_pr  ls
 530  5.1444612e+01 7.29e+00 1.26e+02  -2.5 9.31e-01    -  2.37e-01 1.75e-02h  1
 531  5.2375217e+01 4.46e+00 8.21e+01  -2.1 2.43e+00    -  2.84e-01 3.73e-01h  1
 532  5.1962668e+01 3.49e+00 3.74e+01  -2.5 1.23e+00    -  5.70e-01 2.24e-01h  1
 533  5.2348758e+01 3.06e+00 2.15e+01  -1.9 2.94e+00    -  2.45e-01 1.21e-01h  1
 534  5.1948271e+01 2.05e+00 1.45e+01  -2.4 1.27e+00    -  3.10e-01 3.28e-01h  1
 535  5.1486849e+01 3.89e+00 2.67e+01  -3.1 1.77e+00    -  4.65e-01 2.06e-01h  1
 536  5.1369872e+01 3.51e+00 2.91e+01  -2.5 4.79e+00    -  3.92e-01 9.69e-02h  1
 537  5.1070094e+01 2.95e+00 2.22e+01  -2.7 7.67e+00    -  4.33e-01 1.58e-01h  1
 538  5.0616692e+01 2.12e+00 1.17e+01  -3.0 1.32e+01    -  3.91e-01 2.57e-01h  1
 539  5.0065353e+01 1.02e+01 1.56e+01  -3.0 1.73e+01    -  3.52e-01 3.18e-01h  1
iter    objective    inf_pr   inf_du lg(mu)  ||d||  lg(rg) alpha_du alpha_pr  ls
 540  5.1578381e+01 7.54e+00 9.50e+00  -2.1 3.82e+00    -  1.11e-01 2.54e-01f  1
 541  5.0663202e+01 5.62e+00 3.99e+01  -2.7 3.32e+00    -  3.41e-01 2.54e-01h  1
 542  5.0064122e+01 4.51e+00 1.03e+02  -2.7 2.19e+00    -  3.76e-01 1.99e-01h  1
 543  5.0697736e+01 4.53e+00 7.94e+01  -2.0 1.70e+00    -  1.00e+00 3.15e-01f  1
 544  5.0842556e+01 3.77e+00 5.90e+01  -2.1 6.57e+00    -  1.36e-01 1.67e-01H  1
 545  5.6518488e+01 9.47e-01 3.69e+01  -2.1 4.26e+00    -  1.69e-01 5.88e-01H  1
 546  5.2909326e+01 9.88e+00 2.75e+02  -2.1 1.84e+00    -  1.93e-01 5.00e-01f  2
 547  5.2027168e+01 7.74e+00 6.48e+01  -2.1 1.64e+00    -  1.53e-01 3.72e-01F  1
 548  5.2100925e+01 2.76e+00 5.59e+01  -2.1 1.24e+01    -  1.50e-01 8.10e-02h  1
 549  5.1603368e+01 4.32e+00 3.94e+01  -2.1 4.47e+00    -  2.52e-01 1.22e-01f  1
iter    objective    inf_pr   inf_du lg(mu)  ||d||  lg(rg) alpha_du alpha_pr  ls
 550  5.1462339e+01 4.10e+00 4.00e+01  -2.1 2.36e+00    -  2.23e-01 5.38e-02h  1
 551  5.1424168e+01 7.11e+00 2.48e+01  -2.1 4.92e+00    -  2.14e-01 3.74e-01F  1
 552  5.1461287e+01 5.40e+00 2.16e+01  -2.1 8.96e+00    -  1.12e-01 2.43e-01h  2
 553  5.1290527e+01 4.52e+00 3.15e+01  -2.1 6.10e+00    -  4.54e-01 1.62e-01h  1
 554  5.1275636e+01 4.10e+00 2.38e+01  -2.1 9.56e+00    -  1.36e-01 9.35e-02H  1
 555  5.1226377e+01 4.30e+00 2.11e+01  -2.1 5.85e+00    -  2.52e-01 7.34e-02h  3
 556  5.1198513e+01 5.04e+00 1.00e+02  -2.1 7.04e-01    -  1.68e-01 1.00e+00h  1
 557  5.4819312e+01 2.29e+01 3.88e+01  -1.6 7.29e+00    -  6.95e-01 6.21e-01f  1
 558  5.5808276e+01 2.97e+00 2.41e+01  -1.8 3.79e+00    -  4.84e-01 8.78e-01h  1
 559  5.3751201e+01 1.97e+00 9.87e+00  -1.8 1.35e+00    -  5.28e-01 3.35e-01f  1
iter    objective    inf_pr   inf_du lg(mu)  ||d||  lg(rg) alpha_du alpha_pr  ls
 560  5.2220399e+01 4.73e-01 5.01e+00  -2.2 9.06e-01    -  7.03e-01 7.62e-01f  1
 561  5.1417382e+01 1.35e-01 5.58e+00  -2.4 1.39e+00    -  9.05e-01 9.10e-01f  1
 562  5.0146606e+01 5.52e+00 2.89e+01  -3.0 1.22e+00    -  6.28e-01 8.65e-01f  1
 563  4.9894493e+01 5.01e+00 2.85e+01  -8.7 2.68e+00    -  7.98e-02 9.31e-02h  1
 564  4.9611583e+01 8.18e+00 4.86e+01  -3.0 1.33e+00    -  8.17e-02 2.62e-01h  1
 565  4.9521138e+01 7.68e+00 2.07e+01  -8.7 1.14e+00    -  2.68e-01 6.14e-02h  1
 566  4.8957763e+01 5.66e+00 3.23e+01  -3.5 2.16e+00    -  3.49e-01 2.64e-01h  1
 567  4.8931748e+01 5.41e+00 5.18e+01  -3.0 3.03e+00    -  2.50e-01 4.52e-02h  1
 568  4.9269230e+01 4.46e+00 4.10e+01  -2.4 5.80e+00    -  3.02e-01 1.73e-01h  1
 569  4.9120377e+01 4.30e+00 3.37e+01  -3.5 7.83e+00    -  2.51e-01 2.26e-01h  1
iter    objective    inf_pr   inf_du lg(mu)  ||d||  lg(rg) alpha_du alpha_pr  ls
 570  4.8744451e+01 2.86e+00 1.05e+01  -2.9 1.72e+00    -  2.57e-01 3.37e-01h  1
 571  4.9016120e+01 1.63e+00 6.85e+00  -2.6 8.49e-01    -  4.38e-01 4.33e-01h  1
 572  4.8768787e+01 5.80e+00 6.72e+01  -3.0 8.48e-01    -  7.98e-01 4.23e-01h  1
 573  4.8653839e+01 5.27e+00 7.10e+01  -3.0 4.98e+00    -  1.94e-01 9.31e-02h  1
 574  4.8362137e+01 3.78e+00 4.07e+01  -3.4 1.01e+01    -  1.87e-01 2.77e-01h  1
 575  4.8581140e+01 2.42e+00 2.86e+01  -2.7 7.02e+00    -  4.04e-01 3.67e-01h  1
 576  4.8271047e+01 1.03e+01 3.46e+01  -2.9 6.55e+00    -  4.72e-01 2.83e-01h  1
 577  4.8504131e+01 1.94e+00 2.24e+01  -2.5 8.00e+00    -  8.94e-02 2.42e-01h  1
 578  4.8546261e+01 1.27e+00 3.24e+01  -2.6 2.19e+00    -  5.45e-01 3.51e-01h  1
 579  4.8446244e+01 8.36e-01 2.60e+01  -2.7 2.83e+00    -  4.24e-01 3.40e-01h  1
iter    objective    inf_pr   inf_du lg(mu)  ||d||  lg(rg) alpha_du alpha_pr  ls
 580  4.9680749e+01 1.50e-01 1.24e+01  -2.4 2.65e+00    -  5.72e-01 7.82e-01h  1
 581  4.9032052e+01 8.00e-02 3.30e+01  -2.5 9.30e-01    -  7.57e-01 1.00e+00h  1
 582  5.1116726e+01 6.14e+00 7.74e+01  -1.8 2.25e+00    -  2.23e-01 3.30e-01f  1
 583  5.0503195e+01 5.07e+00 5.95e+01  -2.3 5.51e+00    -  1.98e-01 1.74e-01h  1
 584  5.0955280e+01 5.11e+00 2.67e+01  -2.3 6.69e+00    -  6.24e-01 8.17e-01h  1
 585  5.1040024e+01 3.45e+00 2.59e+01  -2.3 6.69e+00    -  2.10e-01 3.61e-01H  1
 586  5.0403346e+01 2.09e+00 1.30e+01  -2.3 3.55e+00    -  5.99e-01 3.93e-01h  1
 587  5.0107436e+01 1.44e+00 1.60e+01  -2.3 2.76e+00    -  3.69e-01 3.15e-01h  1
 588  5.0255614e+01 6.29e-01 3.84e+01  -2.3 2.53e+00    -  1.00e+00 5.59e-01h  1
 589  5.0162998e+01 4.65e+00 2.00e+01  -2.3 1.32e+00    -  1.89e-01 4.29e-01H  1
iter    objective    inf_pr   inf_du lg(mu)  ||d||  lg(rg) alpha_du alpha_pr  ls
 590  5.0406147e+01 1.78e+00 6.93e+00  -2.3 9.88e-01    -  3.91e-01 6.13e-01h  1
 591  5.0199588e+01 1.12e+00 4.48e+00  -2.3 6.10e-01    -  3.10e-01 3.74e-01h  1
 592  5.0090632e+01 1.18e-01 4.90e+00  -2.3 5.32e-01    -  5.44e-01 9.00e-01h  1
 593  4.9530064e+01 3.88e-02 4.30e+00  -3.3 4.14e-01    -  6.87e-01 6.22e-01f  1
 594  4.8767542e+01 4.59e+00 9.37e+00  -4.2 5.03e-01    -  4.42e-01 5.29e-01f  1
 595  4.8437863e+01 6.00e+00 7.26e+00  -3.1 2.91e+00    -  2.21e-01 2.04e-01h  1
 596  4.8415994e+01 5.85e+00 7.10e+00  -3.1 2.53e+00    -  4.21e-02 2.49e-02h  1
 597  4.8257108e+01 4.84e+00 2.19e+01  -3.1 3.10e+00    -  7.96e-02 1.74e-01h  1
 598  4.8750982e+01 2.36e+00 1.69e+01  -2.5 5.04e+00    -  1.74e-01 2.00e-01f  1
 599  4.8395398e+01 4.39e+00 3.74e+00  -2.9 2.38e+00    -  4.84e-01 4.07e-01h  1
iter    objective    inf_pr   inf_du lg(mu)  ||d||  lg(rg) alpha_du alpha_pr  ls
 600  4.8140079e+01 3.44e+00 6.80e+00  -3.1 7.17e+00    -  2.69e-01 2.15e-01h  1
 601  4.7992599e+01 2.69e+00 6.22e+00  -3.1 9.25e+00    -  2.17e-01 2.08e-01h  1
 602  4.7918757e+01 1.88e+00 3.86e+01  -3.0 6.10e+00    -  4.52e-01 3.00e-01h  1
 603  4.8245803e+01 1.21e+00 7.08e+00  -2.7 7.87e+00    -  2.71e-01 3.76e-01h  1
 604  4.8197117e+01 8.94e-01 1.69e+01  -2.6 3.08e+00    -  3.30e-01 2.83e-01h  1
 605  4.8088846e+01 2.83e-01 3.70e+01  -2.8 1.12e+00    -  4.99e-01 6.94e-01h  1
 606  4.7713147e+01 1.72e-02 5.37e+00  -2.9 9.03e-01    -  1.00e+00 9.26e-01h  1
 607  4.8023617e+01 2.46e-02 7.45e+00  -2.6 7.84e-01    -  4.77e-01 6.84e-01f  1
 608  4.7733374e+01 2.77e-02 3.10e+01  -2.8 4.71e-01    -  1.03e-01 1.00e+00h  1
 609  4.7808990e+01 1.07e-02 4.68e+00  -2.7 8.21e-01    -  9.35e-01 1.00e+00h  1
iter    objective    inf_pr   inf_du lg(mu)  ||d||  lg(rg) alpha_du alpha_pr  ls
 610  4.7390662e+01 2.02e-02 8.97e+00  -3.0 4.09e-01    -  6.45e-01 1.00e+00h  1
 611  4.7108050e+01 1.42e-02 2.44e+01  -3.2 6.52e-01    -  1.00e+00 5.36e-01h  1
 612  4.7295973e+01 2.95e-02 2.06e+00  -2.9 1.25e+00    -  8.37e-01 1.00e+00h  1
 613  4.7182245e+01 1.95e-02 4.53e+00  -3.1 1.33e+00    -  9.50e-01 6.70e-01h  1
 614  4.7041916e+01 1.89e-02 2.02e+00  -3.0 1.05e+00    -  9.30e-01 1.00e+00f  1
 615  4.6768877e+01 1.21e-02 2.25e+01  -3.2 9.15e-01    -  1.00e+00 3.89e-01h  1
 616  4.6466483e+01 1.53e-02 1.94e+01  -3.4 1.42e+00    -  1.00e+00 6.55e-01h  1
 617  4.6547281e+01 2.79e-02 2.51e+01  -3.1 3.02e+00    -  9.67e-01 3.94e-01h  1
 618  4.6521578e+01 1.57e-02 1.53e+01  -3.2 2.55e+00    -  6.29e-01 4.61e-01H  1
 619  4.6441013e+01 2.68e+00 1.20e+01  -3.2 2.59e+00    -  9.02e-02 1.66e-01F  1
iter    objective    inf_pr   inf_du lg(mu)  ||d||  lg(rg) alpha_du alpha_pr  ls
 620  4.6375109e+01 2.20e+00 4.92e+01  -3.2 7.37e-01    -  1.00e+00 1.79e-01h  1
 621  4.6170438e+01 1.82e+00 4.10e+01  -9.2 4.52e+00    -  2.13e-01 1.70e-01h  1
 622  4.6911089e+01 1.87e+01 3.42e+01  -2.6 1.05e+01    -  2.92e-01 2.02e-01f  1
 623  4.6463927e+01 1.72e+01 3.19e+01  -3.1 7.48e+00    -  4.41e-01 2.41e-01h  1
 624  4.6426250e+01 1.59e+01 2.84e+01  -3.1 2.34e+01    -  1.18e-01 7.96e-02h  2
 625  4.6244549e+01 1.30e+01 2.36e+01  -3.1 2.17e+00    -  1.68e-01 1.79e-01h  1
 626  4.6191155e+01 1.20e+01 2.54e+01  -3.1 1.13e+00    -  2.95e-01 7.64e-02h  1
 627  4.6144787e+01 1.13e+01 3.89e+01  -3.1 1.54e+00    -  4.27e-01 6.20e-02h  1
 628  4.6043215e+01 1.02e+01 3.55e+01  -3.9 2.84e+00    -  1.06e-01 9.44e-02h  1
 629  4.6348964e+01 9.73e+00 3.82e+01  -2.1 1.92e+01    -  9.54e-02 4.80e-02f  1
iter    objective    inf_pr   inf_du lg(mu)  ||d||  lg(rg) alpha_du alpha_pr  ls
 630  4.6876990e+01 8.32e+00 3.49e+01  -2.9 8.47e+00    -  2.64e-01 1.44e-01h  1
 631  4.6891934e+01 7.55e+00 3.14e+01  -2.9 7.84e+00    -  1.19e-01 9.40e-02h  1
 632  4.6798181e+01 6.65e+00 2.84e+01  -2.9 1.36e+01    -  1.95e-01 1.19e-01h  1
 633  4.6677830e+01 5.99e+00 2.71e+01  -2.9 1.47e+01    -  1.64e-01 9.90e-02h  1
 634  4.6655343e+01 5.21e+00 2.36e+01  -2.9 1.73e+01    -  1.17e-01 1.30e-01h  1
 635  4.7167400e+01 3.86e+00 2.20e+01  -2.9 1.62e+01    -  8.42e-02 2.50e-01h  1
 636  4.7520182e+01 2.73e+00 1.55e+01  -2.9 1.02e+01    -  2.98e-01 2.95e-01h  1
 637  4.7115977e+01 2.17e+00 8.25e+00  -2.9 7.49e+00    -  3.23e-01 2.04e-01h  1
 638  4.6883954e+01 1.80e+00 6.94e+00  -2.9 7.31e+00    -  1.67e-01 1.68e-01f  1
 639  4.6778891e+01 1.04e+00 5.69e+00  -2.9 4.26e+00    -  6.34e-01 4.32e-01h  1
iter    objective    inf_pr   inf_du lg(mu)  ||d||  lg(rg) alpha_du alpha_pr  ls
 640  4.6738411e+01 2.67e+00 1.10e+01  -2.9 3.72e+00    -  2.29e-01 2.71e-01H  1
 641  4.6583196e+01 1.36e+00 1.00e+01  -2.9 1.95e+00    -  2.18e-01 4.91e-01h  1
 642  4.6543540e+01 8.58e-01 8.89e+00  -2.9 1.47e+00    -  3.10e-01 3.71e-01h  1
 643  4.6489590e+01 4.01e-01 5.59e+00  -2.9 5.24e-01    -  4.88e-01 5.33e-01h  1
 644  4.6500852e+01 5.88e+00 7.60e+00  -2.9 3.53e-01    -  7.82e-01 1.00e+00h  1
 645  4.6462654e+01 5.41e+00 5.71e+00  -2.9 4.61e+00    -  1.39e-01 8.10e-02h  1
 646  4.6478722e+01 3.75e+00 6.22e+00  -2.9 1.00e+01    -  1.63e-01 3.05e-01h  1
 647  4.6397879e+01 3.20e+00 3.03e+00  -2.9 1.00e+01    -  3.62e-01 1.48e-01h  2
 648  4.6251716e+01 2.59e+00 3.16e+00  -2.9 8.74e+00    -  2.56e-01 1.92e-01h  2
 649  4.6146785e+01 2.11e+00 3.31e+00  -2.9 8.13e+00    -  1.76e-01 1.88e-01h  2
iter    objective    inf_pr   inf_du lg(mu)  ||d||  lg(rg) alpha_du alpha_pr  ls
 650  4.7882727e+01 1.69e+00 3.27e+00  -2.2 1.14e+01    -  2.86e-01 2.64e-01f  1
 651  4.7454131e+01 1.29e+00 5.81e+00  -2.6 3.20e+00    -  3.87e-01 2.33e-01h  1
 652  4.6872880e+01 8.09e-01 3.60e+00  -2.6 1.03e+00    -  3.48e-01 3.72e-01h  1
 653  4.6533694e+01 1.73e-02 5.42e+01  -2.6 1.75e+00    -  4.67e-01 1.00e+00h  1
 654  4.6918989e+01 1.40e-02 3.90e+01  -2.6 2.64e+00    -  3.23e-01 7.22e-01H  1
 655  4.5951863e+01 4.01e-02 1.29e+01  -3.4 4.80e-01    -  6.94e-01 5.86e-01f  1
 656  4.7218700e+01 1.05e-01 2.87e+01  -2.5 9.58e-01    -  4.33e-01 9.83e-01f  1
 657  4.6140308e+01 5.06e-02 4.67e-01  -2.8 3.72e-01    -  1.00e+00 1.00e+00h  1
 658  4.5990221e+01 1.05e-02 3.83e-01  -2.8 8.23e-01    -  1.00e+00 1.00e+00h  1
 659  4.5381482e+01 4.22e-02 4.66e+00  -3.2 5.34e-01    -  9.99e-01 8.70e-01f  1
iter    objective    inf_pr   inf_du lg(mu)  ||d||  lg(rg) alpha_du alpha_pr  ls
 660  4.5042984e+01 1.51e-02 2.28e-01  -3.4 4.42e-01    -  1.00e+00 1.00e+00h  1
 661  4.5253993e+01 1.27e-02 1.53e-01  -3.2 4.40e-01    -  1.00e+00 1.00e+00h  1
 662  4.4884002e+01 1.59e-02 1.78e-01  -3.5 2.40e-01    -  1.00e+00 1.00e+00h  1
 663  4.4710187e+01 1.39e-02 1.10e+01  -3.6 3.54e-01    -  1.00e+00 6.76e-01h  1
 664  4.4567692e+01 9.30e-03 9.09e-02  -3.7 4.94e-01    -  1.00e+00 1.00e+00h  1
 665  4.4489784e+01 9.27e-03 1.63e+01  -3.7 1.82e+00    -  1.00e+00 3.02e-01h  1
 666  4.4454202e+01 2.78e-02 1.97e+01  -4.2 3.68e+00    -  5.16e-01 3.12e-01h  1
 667  4.4458714e+01 4.85e-02 4.78e+01  -3.7 3.66e+00    -  1.00e+00 3.38e-01h  1
 668  4.4281693e+01 1.52e+01 3.36e+01  -3.8 5.29e+00    -  3.15e-01 3.08e-01h  1
 669  4.4363190e+01 1.48e+01 3.52e+01  -2.5 4.96e+00    -  7.03e-02 3.06e-02f  1
iter    objective    inf_pr   inf_du lg(mu)  ||d||  lg(rg) alpha_du alpha_pr  ls
 670  4.4501870e+01 1.38e+01 3.23e+01  -2.7 6.77e+00    -  4.38e-02 6.63e-02h  1
 671  4.4470700e+01 1.20e+01 2.50e+01  -3.4 3.12e+00    -  6.32e-02 1.28e-01h  1
 672  4.4475669e+01 1.12e+01 2.29e+01  -3.4 3.38e+00    -  6.51e-02 7.16e-02h  1
 673  4.4459895e+01 9.97e+00 2.28e+01  -3.4 3.46e+00    -  1.74e-01 1.07e-01h  1
 674  4.4457138e+01 9.43e+00 2.09e+01  -3.4 3.62e+00    -  3.67e-02 5.48e-02h  1
 675  4.4406369e+01 8.88e+00 2.72e+01  -3.4 5.61e+00    -  1.98e-01 5.79e-02h  1
 676  4.5337763e+01 3.25e+00 2.42e+01  -2.4 1.62e+01    -  1.00e-01 1.25e-01f  1
 677  4.5054546e+01 2.46e+00 2.82e+01  -3.2 3.88e+00    -  5.62e-01 2.44e-01h  1
 678  4.4689834e+01 9.29e+00 2.31e+01  -3.2 3.97e+00    -  4.29e-01 3.04e-01h  1
 679  4.4506966e+01 8.38e+00 1.87e+01  -3.2 7.23e+00    -  1.67e-01 9.80e-02h  1
iter    objective    inf_pr   inf_du lg(mu)  ||d||  lg(rg) alpha_du alpha_pr  ls
 680  4.4467082e+01 7.31e+00 1.16e+01  -3.2 8.64e+00    -  2.10e-01 1.28e-01h  1
 681  4.4389516e+01 6.58e+00 1.67e+01  -3.2 5.23e+00    -  2.44e-01 9.97e-02h  1
 682  4.4353767e+01 5.79e+00 4.18e+01  -3.2 4.77e+00    -  2.76e-01 1.20e-01h  2
 683  4.4359610e+01 4.18e+00 4.43e+01  -2.9 7.11e+00    -  7.20e-01 2.77e-01h  1
 684  4.4357718e+01 3.95e+00 4.71e+01  -2.7 2.17e+01    -  2.48e-01 5.59e-02h  3
 685  4.4502749e+01 3.41e+00 5.50e+01  -2.6 1.32e+01    -  3.64e-01 1.36e-01h  2
 686  4.4505227e+01 3.10e+00 5.35e+01  -2.9 2.10e+01    -  1.42e-01 9.13e-02h  3
 687  4.4278390e+01 2.66e+00 4.94e+01  -2.9 2.16e+01    -  2.23e-01 1.41e-01h  2
 688  4.7593238e+01 2.34e+00 4.12e+01  -2.1 4.98e+01    -  1.13e-01 1.32e-01f  1
 689  4.6968733e+01 7.57e+00 2.87e+01  -2.7 1.89e+01    -  2.34e-01 2.48e-01f  1
iter    objective    inf_pr   inf_du lg(mu)  ||d||  lg(rg) alpha_du alpha_pr  ls
 690  4.6097683e+01 1.77e+00 3.42e+01  -2.7 1.62e+01    -  2.02e-01 1.46e-01f  1
 691  4.4779455e+01 5.05e+00 8.53e+01  -2.7 2.70e+00    -  5.31e-01 1.88e-01f  1
 692  4.4320206e+01 3.90e+00 6.27e+01  -2.7 5.50e+00    -  2.05e-01 2.30e-01h  1
 693  4.4856948e+01 2.56e+00 5.45e+01  -2.7 2.60e+01    -  6.97e-02 9.31e-02h  2
 694  4.4231502e+01 2.09e+00 5.69e+01  -2.7 2.31e+00    -  3.62e-01 1.87e-01h  1
 695  4.3894347e+01 1.77e+00 7.04e+01  -3.2 1.70e+00    -  8.62e-01 1.53e-01h  1
 696  4.3255026e+01 9.60e-01 2.49e+01  -3.1 4.40e+00    -  9.58e-01 4.61e-01h  1
 697  4.2738504e+01 4.48e+00 2.09e+01  -5.2 9.80e+00    -  2.48e-01 1.39e-01h  1
 698  4.3726380e+01 3.15e+00 1.54e+01  -2.8 1.13e+01    -  3.27e-01 2.93e-01h  1
 699  4.3430394e+01 1.62e+00 7.46e+00  -3.2 1.84e+00    -  4.04e-01 4.83e-01h  1
iter    objective    inf_pr   inf_du lg(mu)  ||d||  lg(rg) alpha_du alpha_pr  ls
 700  4.3376596e+01 9.53e-01 5.89e+00  -2.4 4.25e+00    -  3.52e-01 4.16e-01f  1
 701  4.4597382e+01 7.92e+00 1.47e+01  -1.8 6.67e+00    -  2.19e-01 8.88e-02f  1
 702  4.4299395e+01 7.05e+00 1.31e+01  -2.4 2.10e+00    -  2.26e-01 1.10e-01h  1
 703  4.4136334e+01 4.92e+00 2.49e+01  -2.4 2.31e+00    -  1.30e-01 3.10e-01h  1
 704  4.4282844e+01 3.20e+00 3.74e+01  -2.4 3.46e+00    -  1.73e-01 3.51e-01h  1
 705  4.4446668e+01 1.15e+00 1.98e+01  -2.4 2.84e+00    -  5.61e-01 6.39e-01h  1
 706  4.4966162e+01 1.96e-01 4.67e+00  -2.5 9.00e-01    -  1.00e+00 8.27e-01h  1
 707  4.3863706e+01 1.58e-02 1.12e+00  -2.6 5.45e-01    -  1.00e+00 1.00e+00f  1
 708  4.3456173e+01 1.26e-02 5.19e+00  -3.0 2.78e-01    -  9.97e-01 9.50e-01h  1
 709  4.3201697e+01 2.41e-02 5.57e+00  -2.7 7.86e-01    -  1.00e+00 6.29e-01h  1
iter    objective    inf_pr   inf_du lg(mu)  ||d||  lg(rg) alpha_du alpha_pr  ls
 710  4.2985277e+01 1.88e-01 2.46e+00  -2.8 2.36e+00    -  1.00e+00 9.71e-01h  1
 711  4.2831162e+01 9.91e+00 6.23e+00  -2.8 5.08e+00    -  1.65e-01 1.84e-01H  1
 712  4.2809072e+01 6.78e+00 3.83e+01  -2.9 2.21e+00    -  8.80e-02 3.16e-01h  1
 713  4.2760599e+01 5.07e+00 1.91e+01  -2.9 2.62e+00    -  2.87e-01 2.55e-01h  1
 714  4.2833441e+01 2.76e+00 2.04e+01  -2.9 3.86e+00    -  3.48e-01 4.59e-01h  1
 715  4.2733963e+01 1.62e+00 6.26e+00  -2.8 2.39e+00    -  5.97e-01 4.13e-01h  1
 716  4.3380005e+01 1.24e+00 2.35e+01  -2.3 3.42e+00    -  4.47e-01 2.56e-01f  1
 717  4.3574223e+01 3.78e-01 2.44e+01  -2.6 7.63e-01    -  1.00e+00 6.94e-01h  1
 718  4.3349848e+01 2.54e-02 6.17e-01  -2.6 2.75e-01    -  1.00e+00 1.00e+00h  1
 719  4.2768107e+01 1.91e+01 7.14e-01  -3.0 2.92e-01    -  9.97e-01 1.00e+00h  1
iter    objective    inf_pr   inf_du lg(mu)  ||d||  lg(rg) alpha_du alpha_pr  ls
 720  4.2670863e+01 1.53e+01 1.07e+00  -3.1 3.56e+00    -  1.78e-01 1.95e-01h  1
 721  4.2561906e+01 1.34e+01 1.47e+00  -3.6 4.40e+00    -  1.35e-01 1.28e-01h  1
 722  4.2486952e+01 1.21e+01 3.88e+00  -3.2 6.13e+00    -  1.75e-01 9.80e-02h  1
 723  4.2605034e+01 1.15e+01 2.61e+00  -2.5 7.83e+00    -  1.23e-01 4.93e-02h  1
 724  4.3115366e+01 1.03e+01 4.68e+00  -2.3 1.14e+01    -  7.87e-02 9.83e-02f  1
 725  4.3086206e+01 9.47e+00 6.87e+00  -2.9 1.21e+01    -  2.25e-01 8.49e-02h  1
 726  4.3038867e+01 8.01e+00 1.14e+01  -2.9 1.28e+01    -  3.14e-01 1.57e-01h  1
 727  4.2969285e+01 6.68e+00 1.13e+01  -2.9 1.27e+01    -  1.87e-01 1.67e-01h  1
 728  4.3437136e+01 4.60e+00 8.38e+00  -2.9 1.14e+01    -  1.73e-01 3.12e-01h  1
 729  4.3148316e+01 3.83e+00 7.49e+00  -2.9 8.31e+00    -  3.12e-01 1.68e-01h  1
iter    objective    inf_pr   inf_du lg(mu)  ||d||  lg(rg) alpha_du alpha_pr  ls
 730  4.2820294e+01 3.46e+00 6.98e+00  -2.9 7.81e+00    -  1.53e-01 9.78e-02h  1
 731  4.2735503e+01 2.23e+00 5.03e+00  -2.9 5.83e+00    -  3.53e-01 3.59e-01h  1
 732  4.2521033e+01 4.41e+00 3.58e+00  -2.9 3.60e+00    -  1.70e-01 1.70e-01H  1
 733  4.2459360e+01 4.18e+00 2.93e+01  -3.2 2.33e+00    -  2.75e-01 5.22e-02h  1
 734  4.2557566e+01 3.46e+00 2.71e+01  -2.5 3.54e+00    -  2.19e-01 1.72e-01h  1
 735  4.2397360e+01 3.14e+00 2.64e+01  -8.8 2.83e+00    -  1.48e-01 9.33e-02h  1
 736  4.2216368e+01 2.44e+00 1.52e+01  -3.4 3.86e+00    -  1.09e-01 2.24e-01h  1
 737  4.1980969e+01 2.04e+00 1.44e+01  -4.3 2.84e+00    -  2.21e-01 1.65e-01h  1
 738  4.1915360e+01 1.53e+00 1.07e+01  -3.0 3.73e+00    -  2.89e-01 2.51e-01h  1
 739  4.1765399e+01 1.15e+00 9.18e+00  -4.5 3.55e+00    -  1.88e-01 2.51e-01h  1
iter    objective    inf_pr   inf_du lg(mu)  ||d||  lg(rg) alpha_du alpha_pr  ls
 740  4.1671502e+01 5.60e-01 2.71e+00  -3.1 1.73e+00    -  6.21e-01 5.13e-01h  1
 741  4.2418103e+01 8.99e-03 1.94e+01  -3.1 9.83e-01    -  5.55e-01 1.00e+00h  1
 742  4.1774192e+01 1.66e-02 1.21e+01  -9.1 7.87e-01    -  4.70e-01 3.67e-01f  1
 743  4.1525856e+01 1.05e-02 9.15e+00  -3.1 5.54e-01    -  3.32e-01 5.52e-01f  1
 744  4.1653300e+01 1.22e-02 1.40e+01  -2.8 5.28e-01    -  2.24e-01 4.33e-01f  1
 745  4.1536797e+01 6.52e-03 6.47e+00  -3.2 4.60e-01    -  4.86e-01 3.96e-01h  1
 746  4.1703698e+01 1.07e-02 2.53e+00  -2.9 9.87e-01    -  6.88e-01 5.18e-01f  1
 747  4.1746376e+01 1.31e-02 1.79e+00  -3.0 7.67e-01    -  8.39e-01 9.71e-01h  1
 748  4.1625264e+01 9.92e-03 1.42e+00  -3.1 7.98e-01    -  8.49e-01 6.86e-01f  1
 749  4.1286845e+01 8.30e-03 1.68e+00  -3.6 4.80e-01    -  5.61e-01 5.11e-01f  1
iter    objective    inf_pr   inf_du lg(mu)  ||d||  lg(rg) alpha_du alpha_pr  ls
 750  4.1181875e+01 2.26e-02 4.05e+00  -3.3 4.37e-01    -  4.77e-01 6.26e-01h  1
 751  4.1021604e+01 1.43e-02 9.72e+00  -9.3 2.33e-01    -  9.82e-02 3.69e-01h  1
 752  4.0895370e+01 9.55e-03 8.00e+00  -4.0 8.77e-01    -  3.36e-01 3.95e-01h  1
 753  4.0764001e+01 1.40e-02 5.99e+00  -4.4 2.29e+00    -  3.26e-01 3.67e-01h  1
 754  4.0692382e+01 1.51e-02 3.28e+00  -3.8 7.64e+00    -  2.87e-01 1.64e-01h  1
 755  4.0683946e+01 2.25e-02 3.44e+00  -3.1 1.48e+01    -  1.30e-01 5.94e-02f  1
 756  4.0671642e+01 2.58e-02 5.08e+00  -3.7 1.00e+01    -  2.21e-01 1.54e-01h  1
 757  4.0618200e+01 2.68e-02 9.63e+00  -3.6 1.80e+01    -  2.23e-01 1.03e-01h  1
 758  4.0631203e+01 1.22e+01 1.37e+01  -3.2 2.04e+01    -  1.35e-01 7.76e-02f  2
 759  4.0449509e+01 1.11e+01 1.21e+01  -3.6 2.21e+01    -  9.11e-02 9.37e-02h  1
iter    objective    inf_pr   inf_du lg(mu)  ||d||  lg(rg) alpha_du alpha_pr  ls
 760  4.2159651e+01 9.84e+00 9.67e+00  -2.5 4.34e+01    -  1.02e-01 1.15e-01f  1
 761  4.1693378e+01 8.62e+00 8.18e+00  -3.3 1.40e+01    -  1.23e-01 1.25e-01h  1
 762  4.1208802e+01 7.87e+00 1.22e+01  -3.3 8.33e+00    -  1.23e-01 8.68e-02h  1
 763  4.0928944e+01 7.14e+00 6.90e+00  -3.3 1.56e+00    -  4.26e-02 9.33e-02h  1
 764  4.0803906e+01 6.54e+00 6.59e+00  -3.3 6.71e+00    -  8.21e-02 8.36e-02h  1
 765  4.0600987e+01 6.01e+00 6.50e+00  -3.3 1.96e+01    -  7.80e-02 8.27e-02h  1
 766  4.1032246e+01 4.94e+00 4.51e+00  -2.6 1.04e+01    -  1.58e-01 1.83e-01f  1
 767  4.0857426e+01 4.47e+00 4.83e+00  -3.2 8.54e+00    -  1.12e-01 9.62e-02h  1
 768  4.0784727e+01 3.59e+00 8.16e+00  -3.2 6.87e+00    -  8.47e-02 1.97e-01h  1
 769  4.0689758e+01 2.95e+00 3.50e+00  -3.2 4.33e+00    -  2.17e-01 1.79e-01h  1
iter    objective    inf_pr   inf_du lg(mu)  ||d||  lg(rg) alpha_du alpha_pr  ls
 770  4.0903290e+01 3.22e+00 1.16e+01  -3.2 6.04e+00    -  3.04e-01 5.03e-01h  1
 771  4.0663446e+01 2.82e+00 6.25e+00  -3.2 4.05e+00    -  3.35e-01 1.26e-01h  1
 772  4.1294184e+01 1.82e+00 7.47e+00  -3.2 6.59e+00    -  1.60e-01 3.46e-01h  1
 773  4.0692299e+01 1.27e+00 5.69e+00  -3.2 3.13e+00    -  2.60e-01 2.99e-01f  1
 774  4.0282039e+01 9.90e-01 1.31e+01  -3.2 1.68e+00    -  4.10e-01 2.25e-01f  1
 775  4.0389715e+01 7.53e-01 5.52e+00  -2.6 8.24e-01    -  3.20e-01 2.43e-01f  1
 776  4.0786249e+01 4.36e-01 9.92e+00  -2.6 8.23e-01    -  1.57e-01 4.35e-01f  1
 777  4.0515064e+01 2.01e-02 6.65e+00  -2.9 8.72e-01    -  5.26e-01 9.76e-01h  1
 778  4.1070439e+01 3.01e-02 2.47e+00  -2.6 1.04e+00    -  6.22e-01 6.02e-01f  1
 779  4.0734432e+01 6.74e-03 3.24e-01  -2.8 2.51e-01    -  1.00e+00 1.00e+00h  1
iter    objective    inf_pr   inf_du lg(mu)  ||d||  lg(rg) alpha_du alpha_pr  ls
 780  4.0206977e+01 4.19e-02 3.21e+00  -3.2 3.55e-01    -  9.96e-01 9.10e-01h  1
 781  3.9950090e+01 2.62e-02 4.35e-01  -3.3 4.48e-01    -  1.00e+00 1.00e+00h  1
 782  3.9664663e+01 2.07e-02 1.13e+00  -3.5 4.31e-01    -  1.00e+00 9.65e-01h  1
 783  3.9625339e+01 4.35e-03 5.57e+00  -3.6 4.27e-01    -  1.00e+00 8.68e-01h  1
 784  3.9457592e+01 2.46e-03 1.19e+01  -3.9 2.46e-01    -  1.00e+00 6.21e-01h  1
 785  3.9364834e+01 2.89e-03 7.97e+00  -4.3 3.55e-01    -  1.00e+00 4.62e-01h  1
 786  3.9306207e+01 5.97e-03 1.24e+01  -4.6 5.82e-01    -  1.00e+00 3.58e-01h  1
 787  3.9263848e+01 9.75e+00 1.77e+01  -4.2 1.07e+00    -  1.00e+00 3.24e-01h  1
 788  3.9251753e+01 8.45e+00 1.85e+01  -4.0 1.90e+00    -  2.52e-01 1.34e-01h  1
 789  3.9538528e+01 6.67e+00 1.19e+01  -3.0 1.97e+00    -  9.33e-02 2.10e-01f  1
iter    objective    inf_pr   inf_du lg(mu)  ||d||  lg(rg) alpha_du alpha_pr  ls
 790  3.9505402e+01 5.87e+00 9.57e+00  -3.9 1.12e+00    -  1.12e-01 1.20e-01h  1
 791  3.9475549e+01 5.48e+00 8.97e+00  -3.9 1.87e+00    -  6.75e-02 6.71e-02h  1
 792  3.9441660e+01 5.21e+00 2.17e+01  -3.9 3.56e+00    -  1.87e-01 5.02e-02h  1
 793  3.9403205e+01 4.90e+00 2.20e+01  -3.9 4.71e+00    -  7.65e-02 5.92e-02h  1
 794  3.9398133e+01 4.86e+00 3.45e+01  -3.9 5.47e+00    -  1.56e-01 7.67e-03h  1
 795  3.9316718e+01 4.38e+00 3.54e+01  -3.9 9.82e+00    -  1.54e-01 9.93e-02h  1
 796  3.9247197e+01 4.02e+00 3.46e+01  -3.9 1.77e+01    -  1.27e-01 8.17e-02h  1
 797  3.9189151e+01 3.84e+00 3.58e+01  -3.6 3.02e+01    -  1.19e-01 4.56e-02h  2
 798  3.9204476e+01 3.37e+00 2.63e+01  -3.3 3.54e+01    -  4.17e-02 1.23e-01h  1
 799  3.9061215e+01 3.27e+00 2.44e+01  -3.9 7.70e+01    -  1.60e-02 3.05e-02h  1
iter    objective    inf_pr   inf_du lg(mu)  ||d||  lg(rg) alpha_du alpha_pr  ls
 800  3.8983088e+01 3.18e+00 2.83e+01  -2.9 5.94e+01    -  7.01e-02 2.49e-02f  1
 801  3.8862780e+01 2.97e+00 2.83e+01  -3.2 4.22e+01    -  8.45e-02 6.23e-02h  2
 802  3.8971021e+01 2.75e+00 2.96e+01  -2.7 6.19e+01    -  8.08e-02 5.76e-02f  1
 803  3.8871244e+01 1.23e+01 2.13e+01  -3.5 3.72e+01    -  6.14e-02 1.12e-01h  1
 804  3.8685813e+01 1.23e+01 2.06e+01  -3.5 5.18e+01    -  5.81e-02 4.11e-02h  1
 805  3.8944712e+01 1.13e+01 1.98e+01  -2.5 1.43e+01    -  5.31e-02 4.48e-02f  1
 806  3.8776863e+01 1.00e+01 2.69e+01  -3.4 3.01e+00    -  2.23e-02 1.07e-01h  1
 807  3.9645537e+01 5.24e+00 2.18e+01  -2.4 5.22e+00    -  1.66e-01 1.78e-01f  1
 808  3.9140192e+01 9.52e+00 3.05e+00  -3.1 4.51e+00    -  3.81e-01 2.60e-01h  1
 809  3.8910966e+01 1.32e+01 2.32e+00  -3.1 1.78e+01    -  1.52e-01 1.68e-01h  1
iter    objective    inf_pr   inf_du lg(mu)  ||d||  lg(rg) alpha_du alpha_pr  ls
 810  3.8882442e+01 1.21e+01 2.67e+00  -3.1 1.32e+01    -  1.17e-01 7.91e-02h  2
 811  3.8838645e+01 6.54e+00 6.80e+00  -3.1 2.85e+00    -  6.62e-02 1.03e-01h  1
 812  3.8830426e+01 4.12e+00 1.34e+01  -2.8 1.78e+00    -  5.88e-01 3.70e-01f  1
 813  3.9263591e+01 3.45e+00 1.34e+01  -2.4 3.75e+00    -  1.86e-01 1.65e-01f  1
 814  3.9179650e+01 2.83e+00 1.16e+01  -2.8 1.66e+00    -  1.85e-01 1.80e-01h  1
 815  3.9151776e+01 2.49e+00 1.30e+01  -2.8 1.58e+00    -  5.85e-02 1.20e-01h  1
 816  3.8948682e+01 2.04e+00 1.70e+01  -3.2 3.32e+00    -  3.68e-01 1.81e-01h  1
 817  4.0024267e+01 1.32e+01 5.55e+01  -2.5 3.92e+00    -  2.67e-01 5.61e-01h  1
 818  3.9903733e+01 6.37e+00 5.90e+01  -2.8 3.16e+00    -  1.19e-01 5.13e-01h  1
 819  3.9428808e+01 4.99e+00 3.62e+01  -2.8 7.67e-01    -  3.41e-01 2.15e-01h  1
iter    objective    inf_pr   inf_du lg(mu)  ||d||  lg(rg) alpha_du alpha_pr  ls
 820  3.9132108e+01 3.36e+00 3.09e+01  -2.8 6.70e-01    -  2.16e-01 3.26e-01h  1
 821  3.8915124e+01 1.26e+00 2.86e+01  -2.8 5.83e-01    -  3.95e-01 6.23e-01h  1
 822  3.8749872e+01 4.57e-01 6.60e+00  -2.9 3.33e-01    -  9.34e-01 6.40e-01h  1
 823  3.8446145e+01 2.78e-01 8.00e+00  -3.1 6.75e-01    -  9.48e-01 5.28e-01h  1
 824  3.8319110e+01 9.07e+00 2.74e+00  -3.1 1.01e+00    -  2.08e-01 2.95e-01H  1
 825  3.9226007e+01 6.57e+00 2.61e+01  -2.3 2.61e+00    -  3.75e-02 2.76e-01f  1
 826  3.8839940e+01 5.09e+00 7.04e+00  -3.1 1.64e+00    -  8.80e-02 2.99e-01h  1
 827  3.8700871e+01 4.49e+00 1.76e+01  -3.1 1.49e+00    -  2.29e-01 1.17e-01h  1
 828  3.8668607e+01 3.64e+00 1.76e+01  -3.1 1.63e+00    -  4.57e-02 1.05e-01h  1
 829  3.8530530e+01 3.14e+00 8.30e+01  -3.1 1.30e+00    -  7.53e-01 1.36e-01h  1
iter    objective    inf_pr   inf_du lg(mu)  ||d||  lg(rg) alpha_du alpha_pr  ls
 830  3.8264467e+01 4.49e+00 1.67e+01  -3.1 1.11e+00    -  1.54e-01 5.06e-01h  1
 831  3.8689091e+01 1.29e+00 1.94e+01  -2.5 2.39e+00    -  1.32e-01 1.73e-01f  1
 832  3.8551159e+01 1.03e+00 1.82e+01  -3.0 1.30e+00    -  2.56e-01 2.01e-01h  1
 833  3.8369108e+01 6.72e-01 4.80e+01  -3.0 1.29e+00    -  1.00e+00 3.52e-01f  1
 834  3.9944354e+01 8.73e-02 8.51e+01  -2.8 5.92e-01    -  3.07e-01 1.00e+00h  1
 835  3.8457589e+01 5.31e+00 2.31e+01  -3.0 6.01e-01    -  1.00e+00 7.42e-01f  1
 836  3.8429199e+01 4.55e+00 1.44e+01  -3.0 5.49e-01    -  3.61e-01 1.43e-01h  1
 837  3.8424635e+01 1.43e+00 1.11e+01  -3.0 2.51e+00    -  7.01e-02 2.90e-01h  1
 838  3.8321845e+01 1.12e+00 8.46e+00  -3.0 1.75e+00    -  1.93e-01 2.21e-01h  1
 839  3.8224491e+01 7.99e-01 2.70e+01  -3.0 2.26e+00    -  6.86e-01 2.83e-01f  1
iter    objective    inf_pr   inf_du lg(mu)  ||d||  lg(rg) alpha_du alpha_pr  ls
 840  3.8073915e+01 4.26e+00 2.32e+01  -3.5 3.37e+00    -  3.46e-01 2.85e-01h  1
 841  3.8359720e+01 3.16e+00 5.36e+00  -2.8 4.05e+00    -  3.53e-01 2.66e-01h  1
 842  3.8307400e+01 2.40e+00 2.24e+01  -3.1 3.34e+00    -  3.72e-01 2.40e-01h  1
 843  3.8271716e+01 1.92e+00 6.13e+00  -3.1 1.97e+00    -  3.35e-01 1.99e-01f  1
 844  3.8111241e+01 2.71e+00 1.62e+00  -3.1 2.24e+00    -  2.36e-01 2.88e-01H  1
 845  4.0178998e+01 1.05e+00 4.19e+01  -2.8 3.73e+00    -  2.40e-01 6.34e-01H  1
 846  3.8562740e+01 5.07e-01 1.88e+01  -3.1 1.45e+00    -  5.69e-01 5.15e-01f  1
 847  3.8432110e+01 4.48e-01 1.89e+01  -3.1 6.78e-01    -  2.74e-01 1.16e-01h  1
 848  3.7870097e+01 4.51e+00 4.16e+00  -3.6 1.36e+00    -  5.95e-01 5.47e-01h  1
 849  3.7862295e+01 4.49e+00 8.84e+00  -9.3 1.30e+00    -  1.93e-01 5.48e-03h  1
iter    objective    inf_pr   inf_du lg(mu)  ||d||  lg(rg) alpha_du alpha_pr  ls
 850  3.8031123e+01 4.12e+00 9.34e+01  -2.5 4.54e+00    -  3.95e-01 8.17e-02f  1
 851  4.1458366e+01 2.18e+00 5.72e+01  -2.9 4.39e+00    -  4.23e-01 3.94e-01h  1
 852  4.0330263e+01 1.78e+00 5.18e+01  -2.9 1.84e+00    -  1.13e-01 1.83e-01f  1
 853  3.8375800e+01 6.60e-01 5.34e+01  -2.9 1.84e+00    -  1.39e-01 6.22e-01f  1
 854  3.7941386e+01 4.37e+00 7.90e+00  -3.5 1.17e+00    -  7.30e-01 4.39e-01h  1
 855  3.8060359e+01 1.08e+00 7.76e+00  -2.8 3.57e+00    -  1.94e-01 1.77e-01h  1
 856  3.7734911e+01 4.26e+00 4.05e+01  -4.1 1.86e+00    -  1.98e-01 5.23e-01h  1
 857  3.7709423e+01 4.17e+00 2.64e+01  -4.1 3.00e+00    -  1.66e-01 2.23e-02h  1
 858  3.7800345e+01 3.24e+00 2.05e+01  -3.0 4.36e+00    -  2.25e-01 2.24e-01h  1
 859  3.8169405e+01 2.76e+00 1.67e+01  -3.2 4.97e+00    -  5.02e-01 4.18e-01h  1
iter    objective    inf_pr   inf_du lg(mu)  ||d||  lg(rg) alpha_du alpha_pr  ls
 860  3.7844758e+01 1.95e+00 2.04e+01  -3.3 2.57e+00    -  1.97e-01 2.91e-01h  1
 861  3.7844828e+01 1.23e+00 2.64e+00  -3.3 4.26e+00    -  5.32e-01 3.78e-01h  1
 862  3.7511409e+01 4.04e+00 8.10e+00  -4.3 2.42e+00    -  5.24e-01 3.91e-01h  1
 863  3.7414498e+01 3.43e+00 9.36e+00  -3.6 4.64e+00    -  2.58e-01 1.51e-01h  1
 864  3.7645629e+01 2.77e+00 1.89e+00  -3.3 5.33e+00    -  5.84e-01 4.42e-01h  1
 865  3.7591842e+01 2.49e+00 3.42e+00  -3.4 2.15e+00    -  3.23e-01 1.04e-01h  1
 866  3.7572884e+01 2.86e+00 2.64e+00  -3.4 3.13e+00    -  1.06e-01 1.67e-01H  1
 867  3.7499141e+01 2.24e+00 2.24e+00  -4.2 4.34e+00    -  2.90e-01 2.19e-01h  1
 868  3.7280572e+01 3.68e+00 4.18e+00  -4.3 3.04e+00    -  4.72e-01 5.39e-01h  1
 869  3.7334457e+01 2.24e+00 3.49e+00  -3.5 4.93e+00    -  2.41e-01 3.24e-01h  1
iter    objective    inf_pr   inf_du lg(mu)  ||d||  lg(rg) alpha_du alpha_pr  ls
 870  3.8136159e+01 1.03e+00 8.17e+00  -3.4 2.06e+00    -  2.78e-01 5.49e-01h  1
 871  3.7642778e+01 6.93e-01 4.85e+00  -3.6 1.05e+00    -  2.73e-01 3.25e-01h  1
 872  3.7329454e+01 3.93e-01 1.58e+01  -3.7 1.04e+00    -  6.37e-01 4.31e-01h  1
 873  3.7250500e+01 3.36e-01 1.72e+01  -4.6 8.53e-01    -  4.03e-01 1.48e-01h  1
 874  3.7110171e+01 5.74e+00 2.40e+00  -3.9 6.38e-01    -  6.15e-01 9.78e-01h  1
 875  3.7091315e+01 4.99e+00 3.54e+00  -3.9 5.54e-01    -  3.56e-01 1.30e-01h  1
 876  3.7132591e+01 4.50e+00 4.30e+01  -3.1 1.03e+00    -  2.88e-01 9.98e-02h  1
 877  3.7475918e+01 8.28e-01 3.17e+01  -2.6 4.78e+00    -  1.15e-01 1.29e-01f  1
 878  3.7523405e+01 1.84e-01 2.22e+01  -3.3 4.21e-01    -  5.79e-01 7.87e-01h  1
 879  3.7263420e+01 4.63e-02 9.75e+00  -3.6 3.21e-01    -  6.36e-01 7.59e-01h  1
iter    objective    inf_pr   inf_du lg(mu)  ||d||  lg(rg) alpha_du alpha_pr  ls
 880  3.7139035e+01 4.71e+00 2.74e+00  -3.8 2.50e-01    -  8.41e-01 9.39e-01h  1
 881  3.7138568e+01 4.67e+00 2.94e+00  -3.8 5.40e-01    -  1.98e-01 7.67e-03h  1
 882  3.7136958e+01 4.42e-01 3.54e+00  -3.8 2.01e+00    -  1.01e-01 9.06e-02h  1
 883  3.7066292e+01 4.43e+00 2.16e+00  -9.7 5.31e-01    -  3.75e-01 2.65e-01h  1
 884  3.7060753e+01 3.80e+00 6.64e+00  -4.5 2.92e+00    -  1.30e-02 1.43e-01h  1
 885  3.7051463e+01 3.62e+00 5.53e+00 -10.0 3.40e+00    -  7.52e-02 4.76e-02h  1
 886  3.7048003e+01 3.43e+00 4.49e+00  -5.0 2.86e+00    -  9.84e-02 5.25e-02h  1
 887  3.7034214e+01 1.55e+00 3.52e+00  -4.7 4.31e+00    -  1.67e-01 9.07e-02h  1
 888  3.7123297e+01 1.19e+00 3.05e+00  -3.5 1.18e+00    -  2.04e-01 2.36e-01h  1
 889  3.7120925e+01 9.07e-01 2.34e+00  -3.6 1.04e+00    -  2.84e-01 2.38e-01h  1
iter    objective    inf_pr   inf_du lg(mu)  ||d||  lg(rg) alpha_du alpha_pr  ls
 890  3.7149029e+01 6.74e-01 2.10e+00  -3.9 1.43e+00    -  3.12e-01 2.57e-01h  1
 891  3.7081938e+01 3.24e-01 2.40e+00  -3.9 2.63e-01    -  1.24e-01 5.19e-01h  1
 892  3.7174928e+01 1.86e-01 8.46e+00  -3.3 5.56e-01    -  6.83e-01 4.30e-01f  1
 893  3.7109389e+01 1.30e-01 3.98e+00  -9.4 1.97e-01    -  3.74e-01 2.99e-01h  1
 894  3.7036950e+01 7.72e-02 5.76e+00  -4.4 3.28e-01    -  2.92e-01 4.03e-01h  1
 895  3.6993209e+01 1.53e-02 7.21e+00  -4.3 2.94e-01    -  4.20e-01 7.88e-01h  1
 896  3.6951288e+01 1.57e-02 2.29e+00  -4.7 1.67e-01    -  7.22e-01 4.19e-01h  1
 897  3.6929619e+01 5.21e-03 2.96e+00  -4.3 1.80e-01    -  1.00e+00 6.68e-01h  1
 898  3.6952961e+01 1.46e-03 1.44e+00  -4.0 1.44e-01    -  8.71e-01 1.00e+00h  1
 899  3.6918138e+01 3.04e-03 5.43e+00  -4.4 3.86e-01    -  1.00e+00 4.54e-01h  1
iter    objective    inf_pr   inf_du lg(mu)  ||d||  lg(rg) alpha_du alpha_pr  ls
 900  3.6929218e+01 4.23e-03 4.98e+00  -3.9 1.44e+00    -  8.92e-01 2.19e-01h  2
 901  3.6927101e+01 1.10e-02 1.58e+00  -4.0 9.70e-01    -  9.07e-01 6.24e-01h  1
 902  3.6890942e+01 8.93e-03 5.07e+00  -4.0 2.57e+00    -  6.57e-01 3.49e-01h  1
 903  3.7195495e+01 3.39e-02 4.12e+00  -3.3 4.81e+00    -  2.07e-01 2.48e-01f  1
 904  3.7054224e+01 2.53e-02 5.36e+00  -3.9 1.35e+00    -  6.23e-01 2.48e-01h  1
 905  3.6974369e+01 3.68e-02 8.66e+00  -3.9 1.36e+00    -  2.80e-01 5.62e-01f  1
 906  3.6824048e+01 5.77e-02 2.72e+00  -3.9 3.42e-01    -  8.37e-01 7.77e-01f  1
 907  3.6749047e+01 7.81e-03 6.23e-01  -4.0 4.40e-01    -  1.00e+00 9.17e-01h  1
 908  3.6745200e+01 1.72e+01 2.02e+00  -4.0 1.60e+00    -  1.86e-01 1.19e-01H  1
 909  3.6753091e+01 1.62e+01 2.40e+00  -4.0 2.43e+00    -  3.28e-02 5.49e-02h  1
iter    objective    inf_pr   inf_du lg(mu)  ||d||  lg(rg) alpha_du alpha_pr  ls
 910  3.6753467e+01 1.61e+01 2.49e+00  -4.1 1.78e+00    -  1.37e-02 7.17e-03h  1
 911  3.6755003e+01 1.54e+01 2.50e+00  -4.1 1.90e+00    -  5.66e-02 4.49e-02h  1
 912  3.6757222e+01 1.42e+01 2.38e+00  -4.1 2.27e+00    -  4.37e-02 7.70e-02h  1
 913  3.6756304e+01 1.39e+01 2.35e+00  -4.1 2.51e+00    -  1.53e-01 2.46e-02h  1
 914  3.6761243e+01 1.32e+01 2.85e+00  -4.1 3.02e+00    -  9.85e-02 5.08e-02h  1
 915  3.6769983e+01 2.44e+00 5.01e+00  -4.1 3.29e+00    -  4.92e-02 7.53e-02h  1
 916  3.6762864e+01 2.05e+00 1.23e+01  -4.1 4.97e-01    -  1.12e-01 1.54e-01h  1
 917  3.6743581e+01 1.25e+01 7.23e+00  -4.1 2.75e-01    -  3.60e-01 3.85e-01h  1
 918  3.6747001e+01 1.24e+01 7.78e+00 -10.0 2.74e+00    -  1.91e-02 1.16e-02h  1
 919  3.6752158e+01 1.22e+01 7.70e+00  -3.4 4.98e+00    -  1.66e-01 1.60e-02h  1
iter    objective    inf_pr   inf_du lg(mu)  ||d||  lg(rg) alpha_du alpha_pr  ls
 920  3.6762739e+01 1.17e+01 8.19e+00  -4.0 6.27e+00    -  3.62e-02 4.30e-02h  1
 921  3.6760462e+01 1.15e+01 8.11e+00  -4.0 8.32e+00    -  4.14e-02 1.68e-02h  1
 922  3.6756388e+01 1.39e+00 6.61e+00  -4.0 1.02e+01    -  3.21e-02 4.15e-02h  1
 923  3.6939941e+01 1.00e+00 4.59e+00  -4.0 1.96e+00    -  2.21e-01 2.79e-01h  1
 924  3.6848579e+01 7.69e-01 2.49e+00  -4.0 9.47e-01    -  1.07e-01 2.31e-01h  1
 925  3.6795188e+01 7.08e-01 6.53e+00  -4.0 2.21e+00    -  1.81e-01 7.87e-02h  1
 926  3.6726419e+01 5.85e-01 4.50e+00  -4.0 1.62e+00    -  1.47e-01 1.73e-01f  1
 927  3.6712558e+01 5.15e-01 7.68e+00  -3.3 2.74e+00    -  2.15e-01 1.18e-01f  1
 928  3.6877674e+01 4.48e-01 7.90e+00  -2.8 2.04e+00    -  1.62e-01 1.28e-01f  1
 929  3.6867371e+01 7.20e-02 1.23e+01  -3.5 7.06e-01    -  3.68e-01 8.31e-01h  1
iter    objective    inf_pr   inf_du lg(mu)  ||d||  lg(rg) alpha_du alpha_pr  ls
 930  3.6803123e+01 3.21e-02 6.50e+00  -3.5 1.09e+00    -  4.36e-01 4.98e-01h  2
 931  3.6794467e+01 1.99e-02 4.08e+00  -3.5 1.60e+00    -  4.66e-01 4.04e-01h  1
 932  3.6751657e+01 2.25e-02 4.26e+00  -3.5 4.63e-01    -  6.10e-01 3.34e-01h  2
 933  3.6703749e+01 8.87e-03 2.01e+00  -3.5 4.31e-01    -  1.00e+00 6.06e-01h  1
 934  3.6602905e+01 1.06e-02 1.11e-01  -3.7 1.63e-01    -  1.00e+00 1.00e+00h  1
 935  3.6511911e+01 4.67e-03 4.29e+00  -4.0 4.17e-01    -  1.00e+00 5.71e-01h  1
 936  3.6430446e+01 1.46e+01 3.31e+00  -4.0 1.99e+00    -  1.00e+00 5.16e-01h  1
 937  3.6459767e+01 1.43e+01 3.12e+00  -2.9 5.72e+00    -  1.15e-01 2.04e-02h  1
 938  3.6523912e+01 8.67e-01 3.58e+00  -3.0 2.83e+00    -  5.55e-02 7.82e-02h  1
 939  3.6468228e+01 1.31e+01 2.41e+00  -3.7 1.16e+00    -  6.35e-01 8.72e-01h  1
iter    objective    inf_pr   inf_du lg(mu)  ||d||  lg(rg) alpha_du alpha_pr  ls
 940  3.6604686e+01 1.21e+01 3.30e+00  -2.9 1.05e+01    -  9.04e-02 7.63e-02f  1
 941  3.6601184e+01 1.20e+01 5.05e+00  -3.6 5.62e+00    -  1.07e-01 8.39e-03h  1
 942  3.6517795e+01 1.04e+01 3.94e+00  -3.6 1.71e+01    -  1.67e-01 1.31e-01h  1
 943  3.6475075e+01 1.01e+01 5.18e+00  -3.6 7.01e+01    -  1.12e-01 2.94e-02h  3
 944  3.6720012e+01 9.20e+00 6.13e+00  -2.9 6.18e+01    -  2.04e-01 8.51e-02h  2
 945  3.6644536e+01 8.70e+00 6.07e+00  -3.4 9.23e+01    -  5.92e-02 5.40e-02h  2
 946  3.6566722e+01 8.46e+00 1.17e+01  -3.4 9.46e+01    -  7.86e-02 2.76e-02h  2
 947  3.6409809e+01 7.84e+00 1.11e+01  -3.4 5.92e+01    -  2.23e-02 7.23e-02h  2
 948  3.8229927e+01 7.34e+00 9.97e+00  -2.3 8.08e+01    -  6.74e-02 6.46e-02f  2
 949  3.7553809e+01 6.38e+00 9.65e+00  -3.2 3.41e+01    -  1.91e-01 1.31e-01h  1
iter    objective    inf_pr   inf_du lg(mu)  ||d||  lg(rg) alpha_du alpha_pr  ls
 950  3.8675256e+01 6.04e+00 9.34e+00  -3.2 9.90e+01    -  4.42e-02 5.34e-02h  2
 951  3.8283922e+01 5.80e+00 8.98e+00  -3.2 1.72e+01    -  4.10e-02 3.97e-02h  1
 952  3.7513937e+01 5.44e+00 1.18e+01  -3.2 2.41e+01    -  1.25e-01 6.15e-02f  1
 953  3.6727418e+01 4.70e+00 6.97e+00  -3.2 7.95e+00    -  6.98e-02 1.37e-01h  1
 954  3.6250420e+01 3.67e+00 5.65e+00  -3.2 8.81e+00    -  1.75e-01 2.21e-01h  1
 955  3.5953587e+01 3.38e+00 6.43e+00  -3.5 1.19e+01    -  3.91e-01 7.84e-02h  1
 956  3.7030963e+01 2.24e+00 4.62e+00  -3.2 9.05e+00    -  2.11e-01 3.40e-01h  1
 957  3.6205948e+01 7.53e+00 2.58e+01  -3.3 9.22e+00    -  5.31e-01 3.68e-01h  1
 958  3.6131663e+01 7.39e+00 7.33e+00  -3.3 2.14e+01    -  9.04e-02 1.17e-01f  1
 959  3.5988957e+01 7.05e+00 6.85e+00  -3.3 6.04e+00    -  8.01e-02 4.53e-02h  1
iter    objective    inf_pr   inf_du lg(mu)  ||d||  lg(rg) alpha_du alpha_pr  ls
 960  3.6034842e+01 2.99e+00 1.07e+01  -3.3 7.76e+00    -  2.09e-02 2.07e-01h  1
 961  3.5946317e+01 6.32e+00 8.48e+00  -2.7 7.09e+00    -  4.54e-01 2.63e-01f  1
 962  3.9368923e+01 3.99e+00 1.35e+01  -3.0 1.25e+01    -  1.09e-01 3.64e-01h  1
 963  3.7042964e+01 1.86e+00 3.70e+01  -3.1 1.52e+00    -  2.89e-01 5.39e-01f  1
 964  3.6655944e+01 1.58e+00 3.05e+01  -3.1 1.68e+00    -  2.01e-01 1.56e-01h  1
 965  3.6447100e+01 1.41e+00 1.62e+01  -3.1 8.25e-01    -  4.22e-01 1.09e-01h  1
 966  3.6051761e+01 8.66e-01 1.98e+01  -3.0 5.63e-01    -  2.25e-01 3.91e-01h  1
 967  3.5889930e+01 6.26e-01 1.15e+01  -3.5 5.84e-01    -  6.88e-01 2.78e-01h  1
 968  3.6091302e+01 1.18e-01 2.50e+00  -2.9 9.76e-01    -  1.00e+00 8.01e-01h  1
 969  3.6255294e+01 9.44e-03 8.38e-01  -3.0 9.86e-01    -  9.99e-01 1.00e+00h  1
iter    objective    inf_pr   inf_du lg(mu)  ||d||  lg(rg) alpha_du alpha_pr  ls
 970  3.5712596e+01 2.75e-02 5.23e-01  -3.3 3.02e-01    -  9.97e-01 1.00e+00f  1
 971  3.5504644e+01 1.88e-02 4.85e-01  -3.4 2.03e-01    -  1.00e+00 1.00e+00h  1
 972  3.5315658e+01 6.69e-03 8.55e+00  -3.8 1.79e-01    -  1.00e+00 7.50e-01h  1
 973  3.5232592e+01 1.17e-02 1.80e+01  -3.5 9.17e-01    -  1.00e+00 4.55e-01h  1
 974  3.5286760e+01 1.11e-03 8.84e-01  -3.5 1.33e+00    -  9.79e-01 9.67e-01H  1
 975  3.5878884e+01 2.99e-02 2.22e+00  -3.1 1.84e+00    -  7.58e-01 9.04e-01f  1
 976  3.5945628e+01 1.48e-02 2.02e+01  -3.3 6.66e-01    -  2.35e-01 9.18e-01h  1
 977  3.5337539e+01 8.66e-03 2.07e-01  -3.3 4.87e-01    -  1.00e+00 1.00e+00f  1
 978  3.5312828e+01 5.22e-03 1.45e-01  -3.3 3.50e-01    -  1.00e+00 1.00e+00h  1
 979  3.5308027e+01 6.51e-03 1.46e+00  -3.3 4.75e-01    -  8.50e-01 1.00e+00h  1
iter    objective    inf_pr   inf_du lg(mu)  ||d||  lg(rg) alpha_du alpha_pr  ls
 980  3.5290684e+01 5.13e-03 2.78e+00  -3.3 1.62e+00    -  4.54e-01 2.13e-01h  2
 981  3.5290855e+01 4.15e-03 8.41e-01  -3.3 8.30e-01    -  4.81e-01 5.86e-01h  1
 982  3.5307256e+01 1.25e-02 4.49e+00  -3.3 8.85e-01    -  4.62e-01 9.26e-01f  1
 983  3.5263379e+01 1.10e-02 4.33e+00  -3.3 1.59e+00    -  7.14e-01 2.50e-01f  3
 984  3.5188642e+01 1.60e-03 6.60e-01  -3.5 9.13e-01    -  9.66e-01 9.37e-01H  1
 985  3.5294733e+01 8.05e-03 8.95e-01  -3.3 1.13e+00    -  8.89e-01 1.00e+00f  1
 986  3.5284227e+01 4.71e-03 1.27e+00  -3.4 6.31e-01    -  5.45e-01 6.48e-01h  1
 987  3.5128166e+01 1.42e-03 4.32e+00  -3.4 1.82e-01    -  4.21e-01 1.00e+00f  1
 988  3.5027020e+01 1.83e-02 1.63e-01  -3.6 2.93e-01    -  9.99e-01 1.00e+00h  1
 989  3.5238982e+01 7.19e-03 2.26e+00  -3.3 9.64e-01    -  1.00e+00 6.16e-01H  1
iter    objective    inf_pr   inf_du lg(mu)  ||d||  lg(rg) alpha_du alpha_pr  ls
 990  3.5097124e+01 1.04e-02 3.12e-01  -3.4 3.84e-01    -  1.00e+00 1.00e+00h  1
 991  3.4942023e+01 7.73e-03 2.92e+00  -3.8 1.99e-01    -  7.88e-01 6.07e-01h  1
 992  3.5049566e+01 9.31e-03 2.02e-01  -3.4 1.04e-01    -  1.00e+00 1.00e+00h  1
 993  3.4976169e+01 1.65e-03 2.63e+00  -3.5 2.42e-01    -  6.46e-01 1.00e+00h  1
 994  3.4839001e+01 6.76e-03 4.57e-01  -3.7 6.72e-01    -  1.00e+00 9.33e-01h  1
 995  3.5068310e+01 1.09e-02 7.80e-02  -3.4 9.64e-01    -  1.00e+00 1.00e+00h  1
 996  3.5173421e+01 4.69e-03 9.52e-01  -3.5 4.30e-01    -  7.55e-01 1.00e+00h  1
 997  3.4911484e+01 1.49e-03 5.44e-02  -3.5 4.49e-01    -  1.00e+00 1.00e+00f  1
 998  3.4792107e+01 4.96e-03 9.16e-02  -3.8 4.29e-01    -  1.00e+00 1.00e+00h  1
 999  3.4704047e+01 5.16e-03 4.09e+00  -4.1 8.54e-01    -  1.00e+00 6.34e-01h  1
iter    objective    inf_pr   inf_du lg(mu)  ||d||  lg(rg) alpha_du alpha_pr  ls
1000  3.4783022e+01 6.40e-03 1.89e+00  -3.8 2.12e+00    -  5.41e-01 4.54e-01H  1
1001  3.4833938e+01 2.29e-03 2.85e+00  -4.2 1.08e+00    -  9.97e-01 7.67e-01H  1
1002  3.4785378e+01 7.87e-03 4.67e-01  -3.8 8.19e-01    -  9.33e-01 1.00e+00f  1
1003  3.4886753e+01 6.53e-03 2.00e+00  -3.9 3.85e-01    -  6.51e-01 1.00e+00h  1
1004  3.4662082e+01 1.93e-03 3.31e-02  -3.9 5.23e-01    -  1.00e+00 1.00e+00f  1
1005  3.4596787e+01 6.41e-03 8.54e-01  -4.3 7.72e-01    -  9.99e-01 8.53e-01h  1
1006  3.4585299e+01 2.22e-02 7.68e-01  -4.0 5.34e+00    -  6.40e-01 2.39e-01h  2
1007  3.4694353e+01 4.70e-02 8.61e-01  -3.6 2.52e+01    -  2.44e-01 1.51e-01f  1
1008  3.4666834e+01 4.69e-02 1.70e+00  -4.0 3.46e+01    -  1.45e-01 3.21e-02h  1
1009  3.4627066e+01 4.77e-02 2.00e+00  -4.0 3.50e+01    -  1.02e-01 6.10e-02h  2
iter    objective    inf_pr   inf_du lg(mu)  ||d||  lg(rg) alpha_du alpha_pr  ls
1010  3.4579706e+01 4.64e-02 2.80e+00  -4.0 2.70e+01    -  8.86e-02 4.93e-02h  2
1011  3.5346109e+01 7.02e-02 4.65e+00  -3.0 9.55e+00    -  7.56e-02 1.62e-01f  1
1012  3.4928046e+01 4.53e-02 1.04e+01  -3.8 6.73e+00    -  3.12e-01 4.31e-01h  1
1013  3.4788739e+01 4.17e-02 6.61e+00  -3.8 5.35e+00    -  1.06e-01 7.52e-02f  1
1014  3.4445621e+01 1.66e-02 3.75e+01  -3.8 4.62e-01    -  8.28e-02 6.91e-01h  1
1015  3.4389959e+01 1.42e-02 2.96e+01  -9.8 7.13e-01    -  2.07e-01 1.74e-01h  1
1016  3.4495324e+01 4.76e-03 7.52e+00  -3.6 2.53e-01    -  4.85e-01 1.00e+00f  1
1017  3.4424862e+01 4.31e-03 2.46e-01  -3.7 3.29e-01    -  9.37e-01 1.00e+00h  1
1018  3.4338827e+01 6.69e-03 6.45e+00  -4.0 7.12e-01    -  1.00e+00 6.90e-01h  1
1019  3.4375524e+01 5.19e-03 5.77e+00  -3.7 3.67e-01    -  1.00e+00 6.17e-01h  1
iter    objective    inf_pr   inf_du lg(mu)  ||d||  lg(rg) alpha_du alpha_pr  ls
1020  3.4275186e+01 6.42e-03 1.28e+00  -4.1 1.75e-01    -  1.00e+00 8.24e-01h  1
1021  3.4219299e+01 4.69e-03 2.10e+00  -4.3 1.92e-01    -  1.00e+00 7.33e-01h  1
1022  3.4219200e+01 3.35e-03 1.58e+00  -4.1 4.21e-01    -  1.00e+00 6.94e-01h  1
1023  3.4206897e+01 4.84e-03 6.34e+00  -4.1 2.05e+00    -  7.48e-01 2.62e-01h  2
1024  3.4244479e+01 1.70e-02 8.07e+00  -3.7 7.08e+00    -  3.96e-01 1.60e-01h  1
1025  3.4222837e+01 1.64e-02 1.20e+01  -4.0 6.40e+00    -  2.62e-01 5.40e-02h  1
1026  3.4205723e+01 1.55e-02 1.48e+01  -4.0 6.25e+00    -  1.93e-01 1.14e-01h  2
1027  3.4483944e+01 3.67e-02 9.51e+00  -3.2 8.80e+00    -  1.14e-01 1.74e-01f  1
1028  3.4438945e+01 3.99e-02 1.82e+01  -3.8 8.97e+00    -  2.84e-01 1.14e-01h  2
1029  3.4401833e+01 8.54e-02 1.25e+01  -3.8 1.00e+01    -  2.11e-01 2.39e-01h  1
iter    objective    inf_pr   inf_du lg(mu)  ||d||  lg(rg) alpha_du alpha_pr  ls
1030  3.4315615e+01 8.53e-02 1.78e+01  -3.8 1.58e+01    -  1.57e-01 3.99e-02h  3
1031  3.4169232e+01 2.01e+00 1.67e+01  -3.8 9.68e+00    -  1.36e-01 8.76e-02H  1
1032  3.4436416e+01 1.86e+00 1.24e+01  -3.0 7.91e+00    -  1.95e-01 8.79e-02f  2
1033  3.4228867e+01 2.00e-01 8.86e+00  -3.6 4.39e-01    -  5.52e-01 9.12e-01h  1
1034  3.4078115e+01 2.04e+01 2.91e+00  -3.6 8.05e-01    -  1.00e+00 1.00e+00f  1
1035  3.4394283e+01 1.30e+00 1.67e+00  -2.6 2.21e+00    -  1.34e-01 1.29e-01f  1
1036  3.4325797e+01 1.84e+01 1.23e+01  -3.3 1.63e+00    -  6.12e-01 2.23e-01H  1
1037  3.4317311e+01 1.81e+01 1.38e+01  -3.3 1.74e+00    -  7.47e-02 1.59e-02h  1
1038  3.4310368e+01 1.75e+01 1.29e+01  -3.3 1.68e+00    -  1.85e-02 3.29e-02h  1
1039  3.4302638e+01 1.52e+01 1.11e+01  -3.3 2.10e+00    -  1.25e-01 1.32e-01h  1
iter    objective    inf_pr   inf_du lg(mu)  ||d||  lg(rg) alpha_du alpha_pr  ls
1040  3.4295524e+01 1.37e+01 1.13e+01  -3.3 1.70e+00    -  1.74e-01 1.01e-01h  1
1041  3.4300505e+01 1.31e+01 1.18e+01  -3.3 1.58e+00    -  1.49e-01 4.51e-02h  1
1042  3.4316104e+01 1.20e+01 1.15e+01  -3.3 1.58e+00    -  1.41e-01 8.49e-02h  2
1043  3.4322875e+01 1.46e+00 1.25e+01  -3.3 1.67e+00    -  8.99e-02 4.24e-02h  2
1044  3.4331525e+01 5.44e-02 3.79e+00  -3.3 2.99e-01    -  8.23e-01 1.00e+00h  1
1045  3.4341504e+01 1.08e-02 1.82e+01  -3.3 4.58e-01    -  5.24e-01 1.00e+00h  1
1046  3.4227890e+01 3.72e-03 7.85e+00  -3.3 2.20e-01    -  1.00e+00 1.00e+00h  1
1047  3.4324637e+01 1.59e-02 6.75e+00  -3.1 1.50e-01    -  1.00e+00 1.00e+00h  1
1048  3.4349817e+01 5.94e-03 4.82e+00  -3.2 2.80e-01    -  9.13e-01 1.00e+00h  1
1049  3.4352163e+01 2.28e-02 2.68e+00  -3.2 4.92e-01    -  6.90e-01 5.74e-01h  1
iter    objective    inf_pr   inf_du lg(mu)  ||d||  lg(rg) alpha_du alpha_pr  ls
1050  3.4329007e+01 8.72e-03 1.55e+00  -3.2 4.08e-01    -  7.96e-01 6.80e-01h  1
1051  3.4316907e+01 4.71e-03 7.17e+00  -3.2 2.86e-01    -  9.66e-01 5.00e-01f  2
1052  3.4307596e+01 8.39e-04 1.11e-01  -3.2 1.55e-01    -  1.00e+00 1.00e+00h  1
1053  3.4150602e+01 5.01e-03 7.82e-02  -3.4 1.08e-01    -  9.99e-01 1.00e+00h  1
1054  3.3960024e+01 4.28e-02 9.42e+00  -3.8 1.86e-01    -  1.00e+00 7.23e-01h  1
1055  3.3869122e+01 7.34e-02 9.77e+00  -3.8 3.02e-01    -  1.00e+00 5.65e-01h  1
1056  3.3828870e+01 3.08e-02 6.10e+00  -3.8 2.22e-01    -  1.00e+00 5.89e-01h  1
1057  3.3768963e+01 2.03e+01 2.25e+00  -4.0 1.98e-01    -  1.00e+00 9.51e-01h  1
1058  3.3754349e+01 1.82e+01 2.11e+00 -10.0 1.32e+00    -  1.17e-01 1.05e-01h  1
1059  3.3805728e+01 1.27e+00 6.26e+00  -2.9 1.43e+00    -  3.95e-02 4.47e-02h  1
iter    objective    inf_pr   inf_du lg(mu)  ||d||  lg(rg) alpha_du alpha_pr  ls
1060  3.3790553e+01 1.71e+01 7.50e+00  -3.9 1.74e-01    -  9.47e-01 5.00e-01h  2
1061  3.3830891e+01 1.65e+01 7.28e+00  -3.0 1.45e+00    -  3.56e-02 3.71e-02h  1
1062  3.3829490e+01 1.56e+01 6.87e+00  -3.9 1.89e+00    -  5.72e-02 5.73e-02h  1
1063  3.3833377e+01 1.46e+01 6.60e+00  -3.9 2.05e+00    -  6.83e-02 6.10e-02h  1
1064  3.3846224e+01 1.30e+01 5.50e+00  -3.9 1.75e+00    -  8.74e-02 1.09e-01h  1
1065  3.3852434e+01 1.25e+01 7.80e+00  -3.9 1.47e+00    -  1.62e-01 4.21e-02h  1
1066  3.3861847e+01 1.16e+01 1.08e+01  -3.9 1.30e+00    -  2.12e-01 6.76e-02h  1
1067  3.3897746e+01 9.74e+00 8.83e+00  -3.9 1.55e+00    -  1.19e-01 1.63e-01h  1
1068  3.3916240e+01 9.03e+00 8.47e+00  -3.9 1.29e+00    -  1.25e-01 7.31e-02h  1
1069  3.3937153e+01 8.33e+00 7.87e+00  -3.9 1.84e+00    -  4.84e-02 7.69e-02h  1
iter    objective    inf_pr   inf_du lg(mu)  ||d||  lg(rg) alpha_du alpha_pr  ls
1070  3.3965795e+01 7.52e+00 6.98e+00  -3.9 2.09e+00    -  1.09e-01 9.78e-02h  1
1071  3.3992963e+01 6.40e-01 6.50e+00  -3.9 2.12e+00    -  1.37e-01 9.40e-02h  1
1072  3.3996654e+01 4.01e-01 6.73e+00  -3.9 5.13e-01    -  1.05e-01 3.74e-01h  1
1073  3.3980790e+01 2.09e-01 7.05e+00  -3.9 1.96e-01    -  4.41e-01 4.79e-01h  1
1074  3.3934145e+01 4.65e-02 1.23e+01  -3.9 3.63e-01    -  1.41e-01 7.70e-01h  1
1075  3.4057160e+01 4.04e-02 1.07e+01  -2.8 1.47e+00    -  1.26e-01 1.14e-01f  1
1076  3.4146017e+01 1.60e-02 1.07e+01  -3.6 4.45e-01    -  3.08e-01 1.00e+00h  1
1077  3.3978409e+01 9.63e+00 4.87e+00  -3.6 1.84e-01    -  7.21e-01 1.00e+00h  1
1078  3.3985322e+01 2.08e-01 2.01e+01  -3.6 9.15e-01    -  1.16e-01 1.01e-01h  1
1079  3.3932255e+01 1.34e-02 9.96e+00  -3.6 1.03e-01    -  2.91e-01 1.00e+00f  1
iter    objective    inf_pr   inf_du lg(mu)  ||d||  lg(rg) alpha_du alpha_pr  ls
1080  3.3875799e+01 1.51e-02 2.39e+01  -3.7 8.65e-02    -  1.00e+00 7.47e-01h  1
1081  3.4044173e+01 1.06e+01 4.74e+00  -3.1 5.17e-01    -  4.32e-01 2.53e-01f  1
1082  3.4072625e+01 9.21e+00 4.81e+00  -3.5 1.47e+00    -  4.38e-02 1.31e-01h  1
1083  3.4104491e+01 8.27e+00 4.71e+00  -3.5 1.67e+00    -  2.36e-02 1.02e-01h  1
1084  3.4110816e+01 7.90e+00 4.36e+00  -3.5 1.36e+00    -  8.45e-02 4.46e-02h  1
1085  3.4130164e+01 7.35e+00 3.47e+00  -3.5 1.24e+00    -  3.12e-01 7.01e-02h  1
1086  3.4148462e+01 6.64e+00 5.86e+00  -3.5 2.48e+00    -  2.09e-01 9.68e-02h  1
1087  3.4166043e+01 5.72e+00 1.03e+01  -3.5 4.18e+00    -  2.74e-01 1.38e-01h  1
1088  3.4200881e+01 4.23e-01 1.82e+01  -3.5 5.28e+00    -  3.18e-01 1.17e-01h  1
1089  3.4130044e+01 1.26e-01 1.51e+01  -3.5 2.99e-01    -  1.81e-01 7.41e-01h  1
iter    objective    inf_pr   inf_du lg(mu)  ||d||  lg(rg) alpha_du alpha_pr  ls
1090  3.4085531e+01 6.34e+00 1.40e+01  -3.5 3.79e-01    -  2.86e-01 5.15e-01h  1
1091  3.4104597e+01 6.56e-01 2.20e+01  -3.5 5.44e+00    -  7.93e-02 6.31e-02h  2
1092  3.4106690e+01 6.45e-01 1.49e+01  -3.5 1.19e+01    -  1.58e-01 2.18e-02h  3
1093  3.4061552e+01 2.81e-02 7.58e+00  -3.5 1.43e-01    -  5.73e-01 1.00e+00h  1
1094  3.4040160e+01 1.28e-02 9.21e+00  -3.5 7.85e-01    -  2.76e-01 1.00e+00h  1
1095  3.4024771e+01 1.24e-02 8.41e+00  -3.5 2.78e+00    -  1.84e-01 1.33e-01h  2
1096  3.4002507e+01 1.16e-02 2.21e+01  -3.5 2.11e+00    -  6.23e-01 2.17e-01h  1
1097  3.3997447e+01 2.12e-02 3.09e+01  -3.5 4.47e+00    -  4.94e-01 2.33e-01h  1
1098  3.3963197e+01 2.05e-02 3.16e+01  -3.5 1.50e+00    -  2.34e-01 1.34e-01h  1
1099  3.3933321e+01 2.05e-02 2.86e+01  -3.5 4.07e-01    -  4.10e-01 2.21e-01h  1
iter    objective    inf_pr   inf_du lg(mu)  ||d||  lg(rg) alpha_du alpha_pr  ls
1100  3.3902322e+01 3.46e-02 1.24e+01  -3.5 3.47e-01    -  4.09e-01 5.95e-01f  1
1101  3.3902604e+01 4.19e-02 1.31e+01  -3.5 3.65e-01    -  3.05e-01 6.83e-01f  1
1102  3.3883121e+01 4.87e-03 3.24e+00  -3.5 1.13e-01    -  8.11e-01 1.00e+00f  1
1103  3.3807461e+01 1.44e-02 7.79e-02  -3.8 1.19e-01    -  1.00e+00 1.00e+00h  1
1104  3.3812472e+01 1.19e-02 1.27e-01  -3.6 1.34e-01    -  1.00e+00 1.00e+00h  1
1105  3.3755658e+01 7.71e-03 1.02e-01  -3.7 2.07e-01    -  1.00e+00 1.00e+00h  1
1106  3.3715735e+01 5.65e-04 9.05e-02  -3.8 2.70e-01    -  1.00e+00 1.00e+00H  1
1107  3.3630236e+01 6.40e-04 9.74e+00  -4.2 1.79e-01    -  1.00e+00 6.79e-01f  1
1108  3.3575900e+01 1.09e-03 8.40e+00  -4.5 1.42e-01    -  1.00e+00 7.20e-01h  1
1109  3.3565891e+01 1.27e-02 2.23e+00  -4.3 1.55e-01    -  1.00e+00 8.16e-01h  1
iter    objective    inf_pr   inf_du lg(mu)  ||d||  lg(rg) alpha_du alpha_pr  ls
1110  3.3536040e+01 1.62e+01 3.82e+00  -4.5 2.46e-01    -  1.00e+00 7.65e-01h  1
1111  3.3534691e+01 1.35e+01 3.53e+00  -4.6 1.03e+00    -  2.03e-01 1.66e-01h  1
1112  3.3575044e+01 1.32e+01 5.19e+00  -2.9 6.21e+00    -  2.00e-02 2.63e-02f  1
1113  3.3571670e+01 1.23e+01 5.31e+00  -4.3 1.44e+00    -  7.81e-02 6.47e-02h  1
1114  3.3571662e+01 1.21e+01 5.88e+00  -4.3 1.47e+00    -  2.76e-02 1.75e-02h  1
1115  3.3570969e+01 1.14e+01 5.26e+00  -4.3 1.41e+00    -  5.35e-02 6.08e-02h  1
1116  3.3569378e+01 1.08e+01 6.14e+00  -4.3 2.03e+00    -  8.67e-02 4.79e-02h  1
1117  3.3568054e+01 9.88e+00 3.78e+00  -4.3 3.53e+00    -  2.66e-02 8.69e-02h  1
1118  3.3561628e+01 9.14e+00 2.54e+00  -4.3 4.33e+00    -  5.07e-02 7.54e-02h  1
1119  3.3592429e+01 8.09e+00 1.11e+00  -3.6 2.19e+00    -  7.59e-02 1.15e-01f  1
iter    objective    inf_pr   inf_du lg(mu)  ||d||  lg(rg) alpha_du alpha_pr  ls
1120  3.3589993e+01 7.82e+00 2.58e+00  -4.2 2.19e+00    -  7.53e-02 3.36e-02h  1
1121  3.3593446e+01 7.00e+00 2.10e+00  -4.2 2.48e+00    -  9.98e-02 1.04e-01h  1
1122  3.3592629e+01 6.77e+00 5.07e+00  -4.2 3.04e+00    -  1.18e-01 3.36e-02h  1
1123  3.3606116e+01 5.97e+00 3.10e+00  -4.2 3.38e+00    -  7.35e-02 1.19e-01h  1
1124  3.3604095e+01 5.67e+00 4.50e+00  -4.2 4.75e+00    -  1.29e-01 5.00e-02h  1
1125  3.3620467e+01 5.04e-01 8.92e+00  -4.2 1.15e+01    -  1.63e-01 1.51e-01h  1
1126  3.3607553e+01 4.83e+00 6.05e+00  -4.2 1.77e+01    -  1.22e-01 1.16e-02h  1
1127  3.3591123e+01 5.47e-01 6.09e+00  -4.2 3.64e+01    -  3.25e-02 8.02e-03h  1
1128  3.3539051e+01 4.86e+00 5.65e+00  -4.2 3.88e+01    -  8.91e-03 3.98e-02h  2
1129  3.3537860e+01 4.63e+00 5.91e+00  -3.2 6.28e+01    -  1.93e-02 4.78e-02f  1
iter    objective    inf_pr   inf_du lg(mu)  ||d||  lg(rg) alpha_du alpha_pr  ls
1130  3.3573389e+01 2.78e-01 4.74e+00  -3.4 5.76e+01    -  7.54e-02 4.65e-02h  1
1131  3.3511116e+01 2.67e-01 8.42e+00  -4.1 4.23e+01    -  2.90e-02 2.53e-02h  1
1132  3.4503436e+01 2.55e-01 9.05e+00  -2.7 1.96e+01    -  2.85e-02 8.11e-02f  1
1133  3.4252454e+01 4.97e+00 4.00e+00  -3.9 1.91e+01    -  1.72e-01 8.96e-02h  1
1134  3.3782325e+01 4.80e+00 4.03e+00  -3.9 1.27e+02    -  3.51e-02 3.24e-02f  1
1135  3.3619505e+01 4.72e+00 7.74e+00  -3.9 4.60e+01    -  4.18e-02 1.75e-02h  1
1136  3.3446431e+01 4.24e+00 5.99e+00  -3.9 1.72e+01    -  9.32e-02 9.98e-02h  1
1137  3.4073569e+01 3.25e+00 4.78e+00  -3.5 1.48e+01    -  1.74e-01 2.33e-01h  1
1138  3.3916585e+01 3.06e+00 4.46e+00  -3.8 6.02e+00    -  6.02e-02 5.92e-02h  1
1139  3.3400061e+01 2.52e+00 4.78e+00  -3.8 6.12e+00    -  2.27e-01 1.76e-01f  1
iter    objective    inf_pr   inf_du lg(mu)  ||d||  lg(rg) alpha_du alpha_pr  ls
1140  3.3210240e+01 2.33e+00 9.57e+00  -3.5 4.98e+00    -  1.52e-01 7.66e-02h  1
1141  3.3384285e+01 1.63e+00 6.44e+00  -3.0 2.45e+00    -  1.16e-01 3.01e-01f  1
1142  3.3460314e+01 1.12e+00 4.88e+00  -3.5 3.16e+00    -  3.72e-01 3.13e-01h  1
1143  3.3266939e+01 7.03e-01 6.00e+00  -3.9 2.35e+00    -  6.14e-01 3.72e-01h  1
1144  3.3965389e+01 4.44e-01 1.13e+01  -3.0 1.74e+00    -  2.22e-01 3.67e-01h  1
1145  3.3315811e+01 1.45e-01 6.47e+00  -3.5 4.04e-01    -  6.08e-01 6.72e-01h  1
1146  3.3376884e+01 3.26e-02 5.70e+00  -3.2 6.31e-01    -  3.25e-01 7.69e-01f  1
1147  3.3334716e+01 1.40e-02 3.17e-01  -3.4 5.78e-01    -  9.71e-01 1.00e+00h  1
1148  3.3271214e+01 9.17e-03 1.98e-01  -3.4 7.73e-01    -  9.88e-01 1.00e+00h  1
1149  3.3373676e+01 6.70e-03 3.24e+00  -3.1 8.36e-01    -  6.07e-01 2.71e-01f  2
iter    objective    inf_pr   inf_du lg(mu)  ||d||  lg(rg) alpha_du alpha_pr  ls
1150  3.3331606e+01 6.26e-04 1.26e-01  -3.3 1.84e-01    -  1.00e+00 1.00e+00h  1
1151  3.3223591e+01 4.55e-03 2.64e-01  -3.4 2.54e-01    -  9.90e-01 1.00e+00h  1
1152  3.3464457e+01 1.17e-02 8.39e-01  -3.2 3.00e-01    -  1.00e+00 7.93e-01h  1
1153  3.3519606e+01 2.26e-02 1.30e+00  -3.3 9.74e-01    -  8.19e-01 1.00e+00h  1
1154  3.3472059e+01 3.05e-02 3.58e+00  -3.3 2.45e+00    -  8.20e-01 1.04e-01h  4
1155  3.3394628e+01 1.57e+01 1.44e+01  -3.3 2.42e+00    -  7.30e-01 2.18e-01h  2
1156  3.3384626e+01 1.52e+01 1.50e+01  -3.3 2.80e+00    -  7.03e-02 2.79e-02h  1
1157  3.3398988e+01 7.79e-01 1.86e+01  -3.3 4.12e+00    -  1.85e-02 5.69e-02h  1
1158  3.3333027e+01 1.43e+01 1.51e+01  -3.3 1.98e+00    -  8.29e-01 3.78e-01h  2
1159  3.3335606e+01 1.42e+01 1.54e+01  -3.3 8.74e+00    -  2.76e-02 5.02e-03h  5
iter    objective    inf_pr   inf_du lg(mu)  ||d||  lg(rg) alpha_du alpha_pr  ls
1160  3.3359008e+01 1.36e+01 1.43e+01  -3.3 1.13e+01    -  2.20e-02 4.45e-02h  2
1161  3.3380494e+01 1.30e+01 1.34e+01  -3.3 1.57e+01    -  3.81e-02 4.66e-02h  2
1162  3.3389590e+01 1.24e+01 1.62e+01  -3.3 1.88e+01    -  2.19e-01 4.37e-02h  2
1163  3.3387858e+01 1.23e+01 1.64e+01  -3.3 2.00e+01    -  1.89e-01 7.52e-03h  5
1164  3.3417759e+01 1.17e+01 1.56e+01  -3.3 3.16e+01    -  5.90e-02 5.16e-02h  3
1165  3.3409538e+01 1.14e+01 1.81e+01  -3.3 2.07e+01    -  3.02e-01 2.72e-02h  2
1166  3.3366928e+01 1.06e+01 1.87e+01  -3.3 2.70e+01    -  1.84e-01 6.68e-02h  1
1167  3.3413727e+01 1.03e+01 1.93e+01  -3.3 6.07e+01    -  6.76e-02 2.44e-02h  4
1168  3.3421642e+01 8.81e+00 1.77e+01  -3.3 2.52e+01    -  2.11e-01 1.50e-01h  2
1169  3.3438239e+01 8.55e+00 1.84e+01  -3.3 3.68e+01    -  1.07e-01 2.91e-02h  4
iter    objective    inf_pr   inf_du lg(mu)  ||d||  lg(rg) alpha_du alpha_pr  ls
1170  3.3340385e+01 7.18e+00 1.47e+01  -3.3 1.85e+01    -  3.06e-01 2.53e-01h  1
1171  3.3311911e+01 7.06e+00 1.55e+01  -3.3 4.67e+01    -  6.81e-02 1.68e-02h  4
1172  3.3297259e+01 4.65e+00 1.53e+01  -3.3 8.21e+00    -  3.29e-01 2.61e-01h  1
1173  3.3345762e+01 3.99e+00 1.54e+01  -3.3 1.68e+01    -  1.97e-01 1.41e-01h  1
1174  3.3333672e+01 3.31e+00 1.13e+01  -3.3 1.92e+01    -  3.15e-01 1.74e-01h  2
1175  3.3421692e+01 3.04e+00 7.36e+00  -3.3 2.27e+01    -  2.39e-01 7.93e-02h  1
1176  3.3438910e+01 2.26e+00 6.80e+00  -3.3 1.26e+01    -  1.78e-01 2.60e-01h  1
1177  3.3318169e+01 1.91e+01 1.32e+01  -3.3 1.05e+01    -  2.85e-01 6.99e-02h  2
1178  3.3204008e+01 1.72e+01 2.61e+01  -3.3 3.53e+00    -  2.52e-01 9.60e-02h  1
1179  3.3123207e+01 1.63e+01 4.03e+01  -3.4 4.79e+00    -  2.61e-01 5.58e-02h  1
iter    objective    inf_pr   inf_du lg(mu)  ||d||  lg(rg) alpha_du alpha_pr  ls
1180  3.3124019e+01 1.53e+01 2.91e+01  -2.8 1.02e+01    -  5.60e-01 5.91e-02h  1
1181  3.4318833e+01 1.22e+01 2.29e+01  -2.7 1.65e+01    -  1.88e-01 2.10e-01h  1
1182  3.4174178e+01 1.06e+01 1.90e+01  -3.0 1.01e+01    -  3.91e-01 1.31e-01h  1
1183  3.3958189e+01 9.38e+00 1.71e+01  -3.0 1.79e+01    -  1.14e-01 1.50e-01h  1
1184  3.3779327e+01 8.44e+00 1.08e+01  -3.0 9.26e+00    -  1.73e-01 9.97e-02h  1
1185  3.3742424e+01 8.11e+00 2.99e+00  -3.0 4.38e+00    -  1.37e-01 3.92e-02h  1
1186  3.3771884e+01 7.07e+00 3.57e+00  -3.0 5.71e+00    -  1.82e-01 1.28e-01h  1
1187  3.3784829e+01 6.52e+00 3.76e+00  -3.0 8.71e+00    -  1.02e-01 7.86e-02h  1
1188  3.3747888e+01 6.01e+00 3.54e+00  -3.0 1.90e+01    -  1.33e-01 7.84e-02h  1
1189  3.3762523e+01 5.32e+00 3.23e+00  -3.0 2.07e+01    -  1.33e-01 1.14e-01h  2
iter    objective    inf_pr   inf_du lg(mu)  ||d||  lg(rg) alpha_du alpha_pr  ls
1190  3.3946728e+01 4.62e+00 3.95e+00  -3.0 1.62e+01    -  2.57e-01 1.32e-01h  2
1191  3.4244004e+01 3.35e+00 5.39e+00  -3.0 1.38e+01    -  3.37e-01 2.76e-01h  1
1192  3.4118447e+01 3.20e+00 5.64e+00  -3.0 2.86e+01    -  1.48e-01 4.56e-02h  3
1193  3.4077517e+01 3.13e+00 1.90e+01  -3.0 1.79e+01    -  1.81e-01 2.15e-02h  5
1194  3.3943679e+01 5.50e+00 1.87e+01  -3.0 2.62e+01    -  6.20e-02 5.46e-02h  3
1195  3.3932722e+01 4.86e+00 2.68e+01  -3.0 1.25e+01    -  1.80e-01 1.17e-01h  2
1196  3.3877398e+01 3.16e+00 1.44e+01  -3.0 8.03e+00    -  1.76e-01 3.51e-01h  1
1197  3.4008605e+01 2.29e+00 1.32e+01  -3.0 4.57e+00    -  1.56e-01 2.85e-01h  1
1198  3.3710395e+01 2.59e+00 7.59e+00  -3.0 2.04e+00    -  4.60e-01 3.35e-01h  1
1199  3.3617115e+01 1.21e+00 8.34e+00  -3.0 5.33e+00    -  3.66e-01 2.21e-01h  1
iter    objective    inf_pr   inf_du lg(mu)  ||d||  lg(rg) alpha_du alpha_pr  ls
1200  3.4021632e+01 6.03e-01 1.18e+01  -3.0 1.77e+00    -  4.58e-01 5.00e-01h  2
1201  3.3515536e+01 3.83e-02 6.46e+00  -3.0 4.58e-01    -  5.76e-01 1.00e+00h  1
1202  3.3490594e+01 2.00e-02 7.18e+00  -3.0 4.29e-01    -  4.34e-01 1.00e+00h  1
1203  3.3487314e+01 3.68e+00 4.54e+00  -3.0 4.63e-01    -  7.12e-01 5.00e-01h  2
1204  3.3506016e+01 5.14e-01 1.54e+01  -3.0 2.60e+00    -  3.48e-01 1.09e-01h  2
1205  3.3483359e+01 3.30e+00 3.88e+00  -3.0 5.01e+00    -  5.88e-01 1.00e-01h  3
1206  3.3485361e+01 2.94e+00 1.82e+00  -3.0 4.66e+00    -  2.92e-01 1.08e-01h  2
1207  3.3486214e+01 2.61e+00 1.34e+01  -3.0 7.54e+00    -  8.20e-01 1.15e-01h  2
1208  3.3500990e+01 2.25e+00 1.11e+01  -3.0 1.37e+01    -  2.86e-01 1.40e-01h  3
1209  3.3501488e+01 2.05e+00 1.65e+01  -3.0 1.54e+01    -  7.28e-01 9.20e-02h  3
iter    objective    inf_pr   inf_du lg(mu)  ||d||  lg(rg) alpha_du alpha_pr  ls
1210  3.3479926e+01 1.80e+00 2.10e+01  -3.0 1.77e+01    -  6.28e-01 1.28e-01h  3
1211  3.3423896e+01 1.65e+00 2.38e+01  -3.0 2.39e+01    -  2.40e-01 8.24e-02h  3
1212  3.3382240e+01 1.52e+00 2.91e+01  -3.0 2.20e+01    -  2.51e-01 7.63e-02h  3
1213  3.4454298e+01 1.02e+00 2.03e+01  -3.0 1.89e+01    -  3.34e-01 3.17e-01w  1
1214  3.4192296e+01 4.75e+00 1.63e+01  -3.0 8.92e+00    -  5.28e-01 3.30e-01w  1
1215  3.5081300e+01 3.36e+00 9.84e+00  -3.0 1.27e+01    -  4.22e-01 3.18e-01w  1
1216  3.3333233e+01 1.40e+00 3.18e+01  -3.0 3.47e+00    -  3.34e-01 7.91e-02h  2
1217  3.3347155e+01 1.34e+00 3.04e+01  -3.0 2.98e+01    -  7.51e-02 4.09e-02h  4
1218  3.3365846e+01 8.37e-01 2.13e+01  -3.0 1.23e+01    -  2.84e-01 3.43e-01h  1
1219  3.3322419e+01 8.11e-01 1.46e+01  -3.0 1.72e+01    -  1.91e-01 3.06e-02h  4
iter    objective    inf_pr   inf_du lg(mu)  ||d||  lg(rg) alpha_du alpha_pr  ls
1220  3.3238164e+01 3.49e+00 1.49e+01  -3.0 3.08e+00    -  1.17e-01 3.55e-01H  1
1221  3.3122702e+01 1.36e+00 5.53e+00  -3.0 6.76e-01    -  6.22e-01 6.11e-01h  1
1222  3.3032626e+01 2.88e-01 1.45e+00  -3.1 1.47e+00    -  9.81e-01 7.90e-01h  1
1223  3.3010976e+01 6.57e+00 4.69e+00  -3.1 1.26e+01    -  7.44e-01 7.28e-02h  4
1224  3.3156066e+01 3.99e+00 2.62e+00  -4.0 8.53e+00    -  3.84e-01 4.10e-01H  1
1225  3.3084092e+01 3.80e+00 3.23e+00  -3.4 1.20e+00    -  1.64e-01 4.78e-02h  1
1226  3.2845632e+01 2.68e+00 2.32e+00  -3.4 2.44e+00    -  1.41e-01 2.97e-01f  1
1227  3.3832156e+01 7.40e-01 9.75e+00  -3.0 2.58e+00    -  1.27e-01 4.28e-01H  1
1228  3.3444342e+01 4.85e+00 9.88e+00  -3.3 4.57e+00    -  8.11e-02 1.75e-01f  1
1229  3.3101092e+01 4.18e+00 7.92e+00  -3.3 2.65e+00    -  1.66e-01 1.46e-01f  1
iter    objective    inf_pr   inf_du lg(mu)  ||d||  lg(rg) alpha_du alpha_pr  ls
1230  3.2975750e+01 3.61e+00 1.15e+01  -3.3 7.99e-01    -  7.52e-03 1.35e-01h  1
1231  3.2924162e+01 2.99e+00 7.80e+00  -3.0 4.38e-01    -  2.88e-01 1.70e-01f  1
1232  3.3039253e+01 1.39e+00 8.87e+00  -2.8 4.81e-01    -  7.00e-01 5.35e-01h  1
1233  3.3112316e+01 5.33e-03 1.33e+00  -3.0 4.12e-01    -  9.09e-01 1.00e+00h  1
1234  3.2803157e+01 1.45e-02 4.94e-01  -3.2 5.32e-01    -  9.99e-01 1.00e+00h  1
1235  3.2783312e+01 2.08e-03 8.70e-01  -3.3 3.88e-01    -  1.00e+00 9.54e-01H  1
1236  3.2435620e+01 3.30e-03 1.40e+00  -3.7 3.07e-01    -  9.99e-01 9.34e-01f  1
1237  3.2365012e+01 2.68e-03 1.29e+01  -4.2 3.39e-01    -  1.00e+00 3.25e-01h  1
1238  3.2322250e+01 6.78e-03 2.73e+00  -3.6 4.97e-01    -  1.00e+00 5.71e-01h  1
1239  3.2304131e+01 2.60e-03 1.08e+00  -3.9 4.00e-01    -  8.23e-01 7.03e-01H  1
iter    objective    inf_pr   inf_du lg(mu)  ||d||  lg(rg) alpha_du alpha_pr  ls
1240  3.2130208e+01 2.55e-03 1.86e+00  -4.2 3.41e-01    -  1.00e+00 6.81e-01h  1
1241  3.2092060e+01 7.60e-03 3.60e+00  -4.2 2.71e-01    -  1.00e+00 6.75e-01h  1
1242  3.2057782e+01 3.83e-03 2.39e+00  -4.6 1.77e-01    -  1.00e+00 5.01e-01h  1
1243  3.2049104e+01 7.57e-03 3.45e+00  -4.2 7.21e-01    -  1.00e+00 4.23e-01h  1
1244  3.2028153e+01 6.36e-03 4.65e+00  -4.5 8.99e-01    -  7.31e-01 1.66e-01h  1
1245  3.1993967e+01 1.04e-02 1.05e+01  -4.4 1.40e+00    -  6.26e-01 2.03e-01h  1
1246  3.1971603e+01 2.80e-02 1.68e+01  -4.1 2.01e+00    -  3.73e-01 9.83e-02h  1
1247  3.1973683e+01 2.00e-02 1.51e+01  -4.0 9.81e-01    -  3.92e-01 3.00e-01h  1
1248  3.1954178e+01 1.39e-02 2.30e+01  -4.3 7.79e-01    -  7.35e-01 2.02e-01h  1
1249  3.2099738e+01 1.43e-02 1.75e+01  -3.5 1.93e+00    -  2.54e-01 2.29e-01f  1
iter    objective    inf_pr   inf_du lg(mu)  ||d||  lg(rg) alpha_du alpha_pr  ls
1250  3.1991279e+01 1.44e-02 8.67e+00  -4.0 8.74e-01    -  4.71e-01 5.03e-01h  1
1251  3.2076406e+01 1.06e-02 4.90e+00  -4.0 1.26e+00    -  2.47e-01 2.82e-01h  1
1252  3.1946457e+01 4.92e-03 8.71e+00  -4.0 2.31e-01    -  7.58e-01 5.38e-01f  1
1253  3.1970277e+01 5.02e-03 4.46e-02  -3.7 1.55e-01    -  1.00e+00 1.00e+00f  1
1254  3.1933086e+01 4.83e-03 1.70e+00  -4.0 3.43e-01    -  1.00e+00 6.05e-01h  1
1255  3.2014007e+01 1.43e-02 2.17e+00  -3.6 2.00e+00    -  6.50e-01 3.52e-01h  2
1256  3.1956002e+01 3.56e-02 3.45e+00  -3.8 3.70e+00    -  5.55e-01 2.51e-01h  1
1257  3.1930225e+01 5.24e-02 2.92e+00  -3.8 1.64e+01    -  1.16e-01 5.10e-02h  1
1258  3.1960981e+01 6.70e-02 3.99e+00  -3.5 7.72e+00    -  2.68e-01 1.16e-01f  2
1259  3.1952728e+01 6.72e-02 8.68e+00  -3.8 2.29e+00    -  4.91e-01 2.25e-01h  2
iter    objective    inf_pr   inf_du lg(mu)  ||d||  lg(rg) alpha_du alpha_pr  ls
1260  3.1932410e+01 1.28e+01 6.25e+00  -3.8 8.36e-01    -  3.07e-02 1.50e-01H  1
1261  3.1923462e+01 1.23e+01 5.68e+00  -3.8 1.63e+00    -  3.49e-02 4.36e-02h  1
1262  3.1836159e+01 1.08e+01 4.57e+00  -5.6 2.98e+00    -  8.53e-02 1.18e-01h  1
1263  3.2069233e+01 8.26e+00 7.28e+00  -3.2 1.81e+00    -  3.66e-01 2.36e-01h  1
1264  3.2067115e+01 8.16e+00 3.04e+01  -3.6 1.10e+00    -  3.89e-01 1.25e-02h  1
1265  3.2158940e+01 6.50e+00 2.38e+01  -3.6 2.70e+00    -  1.94e-01 2.06e-01h  1
1266  3.2139398e+01 6.11e+00 2.44e+01  -3.6 9.93e-01    -  1.04e-01 5.92e-02h  1
1267  3.2094614e+01 5.45e+00 2.96e+01  -3.6 1.38e+00    -  1.99e-01 1.09e-01h  1
1268  3.2077940e+01 4.83e+00 3.39e+01  -3.6 1.42e+00    -  1.69e-01 1.13e-01h  1
1269  3.2075935e+01 4.81e+00 5.23e+01  -3.6 2.97e+00    -  1.33e-01 5.11e-03h  6
iter    objective    inf_pr   inf_du lg(mu)  ||d||  lg(rg) alpha_du alpha_pr  ls
1270  3.2075918e+01 4.81e+00 7.05e+01  -3.6 3.52e+00    -  1.47e-01 8.44e-05h 12
1271  3.2075888e+01 4.81e+00 2.64e+02  -3.6 6.55e+00    -  2.09e-01 3.37e-05h 14
1272  3.2038197e+01 1.09e+01 7.73e+01  -3.6 6.60e+00    -  1.59e-01 7.96e-02h  3
1273  3.2020065e+01 1.04e+01 7.70e+01  -3.6 9.65e+00    -  1.64e-01 4.71e-02h  3
1274  3.2103177e+01 8.90e+00 6.51e+01  -3.6 4.60e+00    -  1.83e-01 1.49e-01h  1
1275  3.2111089e+01 8.36e+00 6.06e+01  -3.6 3.31e+00    -  3.73e-02 6.23e-02h  1
1276  3.2152846e+01 6.80e+00 5.47e+01  -3.6 4.07e+00    -  3.16e-01 1.88e-01h  1
1277  3.2144757e+01 5.82e+00 4.87e+01  -3.6 5.00e+00    -  1.84e-01 1.44e-01h  1
1278  3.2130092e+01 5.40e+00 5.45e+01  -3.6 5.19e+00    -  2.29e-01 7.24e-02h  1
1279  3.2156768e+01 4.81e+00 4.47e+01  -3.6 3.64e+00    -  7.57e-02 1.10e-01h  1
iter    objective    inf_pr   inf_du lg(mu)  ||d||  lg(rg) alpha_du alpha_pr  ls
1280  3.2199666e+01 4.19e+00 3.32e+01  -3.6 3.64e+00    -  7.80e-02 1.30e-01h  1
1281  3.2245482e+01 3.52e+00 2.95e+01  -3.6 5.25e+00    -  1.88e-01 1.60e-01h  1
1282  3.2228368e+01 3.20e+00 2.72e+01  -3.6 8.10e+00    -  1.03e-01 9.16e-02h  1
1283  3.2213991e+01 2.90e+00 2.45e+01  -3.6 1.01e+01    -  9.39e-02 9.62e-02h  1
1284  3.2247351e+01 2.42e+00 1.83e+01  -3.6 8.25e+00    -  2.19e-01 1.67e-01h  1
1285  3.2162327e+01 2.10e+00 1.46e+01  -3.6 1.13e+01    -  1.57e-01 1.37e-01h  1
1286  3.2118577e+01 1.88e+00 2.37e+01  -3.6 9.81e+00    -  5.05e-02 1.05e-01h  1
1287  3.2081056e+01 1.43e+00 3.26e+01  -3.6 4.89e+00    -  1.87e-01 2.40e-01h  1
1288  3.2024262e+01 1.31e+00 1.73e+01  -3.6 6.12e+00    -  2.61e-01 8.31e-02h  1
1289  3.2072570e+01 9.29e-01 1.24e+01  -3.6 4.41e+00    -  2.91e-01 2.90e-01h  1
iter    objective    inf_pr   inf_du lg(mu)  ||d||  lg(rg) alpha_du alpha_pr  ls
1290  3.2050627e+01 6.50e-01 7.61e+00  -3.6 5.08e+00    -  2.80e-01 2.93e-01h  1
1291  3.1978175e+01 6.02e-01 1.31e+01  -3.6 7.34e+00    -  3.36e-01 7.26e-02h  1
1292  3.2068281e+01 4.29e-01 1.33e+01  -3.6 4.57e+00    -  1.58e-01 2.86e-01h  1
1293  3.1959372e+01 2.84e-01 3.61e+00  -3.6 1.99e+00    -  4.35e-01 3.44e-01h  1
1294  3.1880060e+01 2.02e-01 7.64e+00  -3.6 1.79e+00    -  4.67e-01 2.90e-01h  2
1295  3.1807279e+01 1.22e-01 2.14e+01  -3.8 5.20e-01    -  7.28e-01 3.97e-01h  1
1296  3.1721334e+01 6.22e-03 7.30e-02  -4.0 6.67e-01    -  1.00e+00 9.93e-01h  1
1297  3.1886892e+01 6.26e-03 4.80e-01  -3.5 2.16e+00    -  5.33e-01 4.79e-01h  1
1298  3.1838998e+01 6.07e-03 1.68e+00  -3.7 1.04e+00    -  7.64e-01 5.80e-01h  1
1299  3.1753405e+01 3.20e-03 3.28e+00  -3.7 4.25e-01    -  6.87e-01 8.28e-01f  1
iter    objective    inf_pr   inf_du lg(mu)  ||d||  lg(rg) alpha_du alpha_pr  ls
1300  3.1687456e+01 7.43e-03 3.82e-02  -3.7 1.76e-01    -  1.00e+00 1.00e+00f  1
1301  3.1617488e+01 7.42e-03 2.18e+00  -4.1 4.61e-01    -  9.99e-01 7.21e-01h  1
1302  3.1609356e+01 5.54e-03 3.31e+00  -3.9 2.73e+00    -  1.00e+00 2.58e-01h  2
1303  3.1788886e+01 2.11e-02 1.87e+00  -3.5 6.80e+00    -  4.29e-01 4.04e-01f  1
1304  3.1762253e+01 2.19e-02 4.39e+00  -3.8 1.23e+01    -  2.54e-01 7.45e-02h  1
1305  3.1706144e+01 2.30e-02 5.94e+00  -3.8 1.04e+01    -  5.26e-01 1.44e-01h  2
1306  3.1632316e+01 2.18e-02 8.77e+00  -3.8 8.59e+00    -  1.66e-01 8.07e-02h  2
1307  3.1856978e+01 1.95e-02 3.57e+00  -3.8 2.55e+00    -  2.18e-01 3.60e-01H  1
1308  3.1600234e+01 9.40e-03 4.31e+01  -3.8 9.94e-01    -  3.78e-01 1.00e+00f  1
1309  3.1725668e+01 1.39e-02 1.85e+01  -3.4 1.64e+00    -  5.73e-01 4.95e-01f  2
iter    objective    inf_pr   inf_du lg(mu)  ||d||  lg(rg) alpha_du alpha_pr  ls
1310  3.1646598e+01 1.14e-02 3.81e+00  -3.6 1.09e+00    -  1.00e+00 6.61e-01h  1
1311  3.1601554e+01 7.69e-03 6.62e+00  -3.6 7.77e-01    -  5.46e-01 3.57e-01f  1
1312  3.1512754e+01 2.97e-03 6.67e-02  -3.9 2.28e-01    -  1.00e+00 1.00e+00h  1
1313  3.1450959e+01 5.13e-04 1.47e+00  -4.0 1.45e-01    -  9.98e-01 8.58e-01h  1
1314  3.1532006e+01 2.84e-03 2.70e+00  -3.6 2.48e-01    -  7.83e-01 1.00e+00h  1
1315  3.1487059e+01 2.88e-03 2.08e-02  -3.8 8.86e-02    -  1.00e+00 1.00e+00h  1
1316  3.1449863e+01 4.17e-03 2.57e-02  -3.8 1.26e-01    -  1.00e+00 1.00e+00h  1
1317  3.1585842e+01 3.68e-03 1.11e-01  -3.5 2.33e-01    -  1.00e+00 1.00e+00h  1
1318  3.1551767e+01 3.33e-03 3.93e-02  -3.6 1.32e-01    -  1.00e+00 1.00e+00h  1
1319  3.1513247e+01 7.73e-03 2.38e-02  -3.6 1.15e-01    -  1.00e+00 1.00e+00h  1
iter    objective    inf_pr   inf_du lg(mu)  ||d||  lg(rg) alpha_du alpha_pr  ls
1320  3.1428948e+01 1.84e-02 5.98e-02  -3.9 1.91e-01    -  9.94e-01 1.00e+00h  1
1321  3.1350542e+01 6.20e-03 8.50e-01  -4.1 2.55e-01    -  1.00e+00 8.91e-01h  1
1322  3.1357910e+01 1.95e-02 7.15e+00  -3.8 3.16e-01    -  1.00e+00 4.23e-01h  1
1323  3.1334023e+01 2.87e-03 3.59e-02  -4.2 1.72e-01    -  1.00e+00 1.00e+00h  1
1324  3.1280701e+01 2.56e-03 3.42e+00  -4.6 1.34e-01    -  1.00e+00 5.89e-01h  1
1325  3.1318083e+01 6.81e-04 1.97e+00  -4.1 1.29e-01    -  8.32e-01 1.00e+00h  1
1326  3.1272791e+01 7.27e-03 2.80e+00  -4.6 1.66e-01    -  1.00e+00 5.49e-01h  1
1327  3.1254806e+01 1.38e-02 4.98e+00  -4.8 4.59e-01    -  8.26e-01 4.59e-01h  1
1328  3.1236692e+01 9.87e-03 6.78e+00  -4.4 6.33e-01    -  8.66e-01 2.83e-01h  1
1329  3.1234111e+01 9.16e-03 1.21e+01  -4.0 3.56e+00    -  3.57e-01 8.11e-02h  2
iter    objective    inf_pr   inf_du lg(mu)  ||d||  lg(rg) alpha_du alpha_pr  ls
1330  3.1248024e+01 7.01e-03 1.94e+01  -4.2 8.45e-01    -  7.22e-01 3.29e-01H  1
1331  3.1250413e+01 6.96e-03 9.39e+00  -4.3 4.39e-01    -  7.95e-01 6.05e-01h  1
1332  3.1206274e+01 4.84e-03 5.99e+00  -4.3 3.29e-01    -  7.36e-01 5.00e-01f  2
1333  3.1175670e+01 3.55e-03 5.50e+00  -5.0 4.23e-01    -  4.60e-01 3.16e-01h  1
1334  3.1166247e+01 2.85e-03 1.30e+01  -4.2 1.26e+00    -  7.54e-01 2.36e-01h  1
1335  3.1158016e+01 3.43e-03 1.82e+01  -6.1 3.67e+00    -  2.36e-01 4.56e-02h  3
1336  3.1153865e+01 8.29e-03 1.39e+01  -4.3 1.37e+00    -  6.35e-01 4.32e-01h  1
1337  3.1167440e+01 1.86e-02 1.28e+01  -4.0 9.53e+00    -  1.51e-01 8.92e-02h  1
1338  3.1157162e+01 1.81e-02 1.20e+01  -4.4 6.86e+00    -  1.18e-01 1.96e-02h  1
1339  3.1134653e+01 2.17e-02 1.06e+01  -4.4 1.52e+01    -  7.70e-02 3.55e-02f  2
iter    objective    inf_pr   inf_du lg(mu)  ||d||  lg(rg) alpha_du alpha_pr  ls
1340  3.1168325e+01 2.75e-02 8.39e+00  -3.6 7.34e+00    -  1.37e-01 8.98e-02h  1
1341  3.1161486e+01 2.68e-02 4.12e+00  -4.2 3.17e+00    -  2.81e-01 2.07e-01h  1
1342  3.1123684e+01 2.58e-02 4.12e+00  -4.2 3.93e+00    -  2.36e-01 6.47e-02h  1
1343  3.1098076e+01 2.49e-02 6.58e+00  -3.9 3.63e+00    -  1.82e-01 1.28e-01f  1
1344  3.1459809e+01 8.82e-02 3.37e+00  -3.4 2.55e+00    -  2.97e-01 3.73e-01f  1
1345  3.1289312e+01 4.95e-02 1.06e+01  -3.8 6.87e-01    -  6.12e-01 4.78e-01h  1
1346  3.1127589e+01 3.31e-02 1.37e+01  -3.8 2.78e-01    -  6.17e-01 4.74e-01h  1
1347  3.1208275e+01 5.37e-03 1.83e+00  -3.6 2.25e-01    -  7.15e-01 1.00e+00f  1
1348  3.1121666e+01 3.08e-03 2.11e-02  -3.7 1.49e-01    -  1.00e+00 1.00e+00h  1
1349  3.1057667e+01 4.50e-03 3.41e-02  -4.1 5.64e-02    -  1.00e+00 1.00e+00h  1
iter    objective    inf_pr   inf_du lg(mu)  ||d||  lg(rg) alpha_du alpha_pr  ls
1350  3.1004138e+01 3.24e-03 2.31e+00  -4.3 1.37e-01    -  9.99e-01 4.86e-01h  1
1351  3.0992980e+01 3.08e-03 2.09e+00  -4.1 2.23e-01    -  1.00e+00 7.52e-01h  1
1352  3.0959798e+01 1.58e-03 6.04e-02  -4.4 1.42e-01    -  1.00e+00 1.00e+00h  1
1353  3.0928932e+01 4.58e-04 6.29e+00  -4.8 1.00e-01    -  1.00e+00 8.05e-01h  1
1354  3.0918359e+01 3.78e-04 8.11e+00  -5.0 4.71e-02    -  1.00e+00 6.57e-01h  1
1355  3.0913498e+01 9.18e-04 4.97e+00  -5.1 7.29e-02    -  1.00e+00 4.04e-01h  1
1356  3.0908584e+01 7.23e-04 3.05e+00  -4.9 3.42e-01    -  9.17e-01 2.14e-01h  1
1357  3.0911828e+01 3.44e-03 1.46e+00  -4.4 7.44e-01    -  6.10e-01 2.63e-01h  1
1358  3.0907031e+01 3.48e-03 2.79e+00  -4.6 7.66e-01    -  4.11e-01 2.25e-01h  1
1359  3.0905487e+01 4.92e-03 4.38e+00  -4.3 1.53e+00    -  4.26e-01 1.59e-01f  2
iter    objective    inf_pr   inf_du lg(mu)  ||d||  lg(rg) alpha_du alpha_pr  ls
1360  3.0906805e+01 5.94e-03 9.73e+00  -4.5 1.40e+00    -  6.86e-01 2.30e-01h  2
1361  3.0896498e+01 6.59e-03 9.22e+00  -4.6 1.21e+00    -  7.67e-01 1.69e-01h  2
1362  3.0889784e+01 1.35e-02 6.44e+00  -4.2 2.59e+00    -  3.55e-01 1.80e-01h  2
1363  3.0911601e+01 1.13e-02 6.73e+00  -3.9 1.60e+00    -  2.97e-01 1.48e-01h  2
1364  3.0891429e+01 1.40e-02 1.26e+01  -4.3 1.78e+00    -  8.59e-01 4.04e-01h  1
1365  3.0882244e+01 1.35e-02 1.31e+01  -4.3 5.08e+00    -  7.69e-02 3.99e-02h  4
1366  3.0911994e+01 6.70e+00 6.84e+00  -4.0 1.20e+00    -  2.63e-01 3.18e-01H  1
1367  3.0910457e+01 6.64e+00 8.49e+00  -4.3 1.09e+00    -  5.79e-02 9.15e-03h  1
1368  3.0893350e+01 5.97e+00 5.65e+00  -4.3 6.25e-01    -  4.85e-02 1.01e-01h  1
1369  3.0887675e+01 5.67e+00 5.35e+00  -4.3 5.78e-01    -  5.21e-02 5.03e-02h  1
iter    objective    inf_pr   inf_du lg(mu)  ||d||  lg(rg) alpha_du alpha_pr  ls
1370  3.0883303e+01 5.49e+00 3.78e+00  -4.3 1.32e+00    -  1.07e-01 3.16e-02h  1
1371  3.0872924e+01 4.54e+00 4.09e+00  -4.3 1.88e+00    -  3.02e-02 1.72e-01h  1
1372  3.0909983e+01 3.89e+00 4.06e+00  -3.5 2.66e+00    -  2.09e-01 1.44e-01f  1
1373  3.0919520e+01 2.87e+00 2.08e+00  -4.1 1.91e+00    -  4.28e-01 2.63e-01h  1
1374  3.1046299e+01 1.82e+00 1.68e+00  -4.1 2.51e+00    -  3.55e-01 3.65e-01h  1
1375  3.1034555e+01 1.17e+00 4.89e+00  -4.1 6.64e-01    -  2.83e-01 3.57e-01h  1
1376  3.0975308e+01 9.53e-01 2.38e+00  -4.1 3.87e-01    -  2.13e-01 1.86e-01h  1
1377  3.0926445e+01 6.26e-01 5.27e+00  -4.1 2.40e-01    -  2.96e-01 3.44e-01h  1
1378  3.0901865e+01 1.43e-01 3.00e+00  -4.1 1.68e-01    -  7.43e-01 7.73e-01h  1
1379  3.0901515e+01 3.77e-02 1.22e+00  -4.1 1.55e-01    -  1.00e+00 7.35e-01f  1
iter    objective    inf_pr   inf_du lg(mu)  ||d||  lg(rg) alpha_du alpha_pr  ls
1380  3.0880449e+01 7.96e-04 4.92e-02  -4.2 1.31e-01    -  1.00e+00 9.79e-01f  1
1381  3.0942895e+01 5.50e-05 1.01e-01  -3.9 5.06e-01    -  1.00e+00 1.00e+00H  1
1382  3.0933607e+01 3.09e-04 4.86e+00  -3.9 3.23e-01    -  8.37e-01 4.25e-01f  2
1383  3.0878516e+01 5.13e-04 1.96e+00  -4.0 1.10e-01    -  8.78e-01 7.94e-01h  1
1384  3.0848763e+01 4.85e-03 1.65e-02  -4.2 1.83e-01    -  1.00e+00 1.00e+00f  1
1385  3.0853518e+01 4.00e-03 4.10e+00  -3.8 2.56e+00    -  6.56e-01 1.81e-01h  1
1386  3.0837183e+01 1.13e-02 3.61e+00  -4.0 9.14e+00    -  9.34e-02 1.02e-01h  2
1387  3.0887202e+01 1.08e-02 3.85e+00  -3.3 2.34e+01    -  9.52e-02 3.61e-02f  2
1388  3.0848498e+01 1.30e-02 3.66e+00  -3.9 7.42e+00    -  1.86e-01 1.63e-01h  1
1389  3.0807113e+01 2.11e-02 3.55e+00  -3.9 3.15e+01    -  6.61e-02 4.67e-02h  2
iter    objective    inf_pr   inf_du lg(mu)  ||d||  lg(rg) alpha_du alpha_pr  ls
1390  3.0793138e+01 2.42e-02 4.61e+00  -4.5 1.91e+01    -  1.09e-01 4.40e-02h  2
1391  3.1039697e+01 1.99e-02 3.85e+00  -2.9 4.92e+00    -  9.51e-02 1.05e-01f  1
1392  3.1029826e+01 2.25e-02 2.74e+00  -3.7 3.18e+00    -  6.59e-01 5.78e-01h  1
1393  3.1139452e+01 5.19e-02 3.03e+00  -3.7 4.35e+00    -  1.68e-01 2.14e-01H  1
1394  3.0925579e+01 1.16e+01 2.15e+00  -3.7 1.78e+00    -  3.86e-01 3.04e-01h  2
1395  3.0890026e+01 1.12e+01 1.78e+00  -3.7 1.74e+00    -  1.37e-01 3.59e-02h  1
1396  3.0872377e+01 1.06e+01 2.64e+00  -3.7 2.35e+00    -  8.92e-02 5.37e-02h  1
1397  3.0849420e+01 1.01e+01 3.76e+00  -3.7 4.03e+00    -  9.50e-02 4.48e-02h  1
1398  3.0838968e+01 9.79e+00 4.30e+00  -3.7 5.78e+00    -  4.11e-02 2.91e-02h  1
1399  3.0826329e+01 9.23e+00 4.76e+00  -3.7 9.91e+00    -  6.40e-02 5.71e-02h  1
iter    objective    inf_pr   inf_du lg(mu)  ||d||  lg(rg) alpha_du alpha_pr  ls
1400  3.0816329e+01 8.99e+00 5.51e+00  -3.7 1.15e+01    -  7.97e-02 2.53e-02h  1
1401  3.0815527e+01 8.48e+00 4.69e+00  -3.7 1.22e+01    -  1.22e-01 5.72e-02h  1
1402  3.0830920e+01 7.89e+00 5.63e+00  -3.7 1.23e+01    -  1.85e-01 6.95e-02h  2
1403  3.0834762e+01 7.53e+00 4.61e+00  -3.7 1.12e+01    -  2.04e-01 4.59e-02h  2
1404  3.0836754e+01 7.29e+00 5.40e+00  -3.7 1.15e+01    -  1.24e-01 3.17e-02h  3
1405  3.0924232e+01 5.82e+00 4.67e+00  -3.7 1.20e+01    -  5.05e-02 2.04e-01h  1
1406  3.0911918e+01 5.68e+00 5.78e+00  -3.7 1.20e+01    -  1.01e-01 2.42e-02h  3
1407  3.0907399e+01 5.59e+00 6.21e+00  -3.7 1.05e+01    -  1.36e-01 1.60e-02h  5
1408  3.0887606e+01 5.22e+00 5.65e+00  -3.7 1.65e+01    -  2.66e-02 6.49e-02h  2
1409  3.0847976e+01 4.53e+00 4.92e+00  -3.7 1.00e+01    -  1.68e-01 1.34e-01h  1
iter    objective    inf_pr   inf_du lg(mu)  ||d||  lg(rg) alpha_du alpha_pr  ls
1410  3.0835841e+01 4.07e+00 4.96e+00  -3.7 9.26e+00    -  1.58e-01 1.01e-01h  1
1411  3.0913827e+01 2.52e+00 2.93e+00  -3.7 7.25e+00    -  2.35e-01 3.79e-01h  1
1412  3.0908614e+01 2.13e+00 2.29e+00  -3.7 6.62e+00    -  2.64e-01 1.53e-01h  1
1413  3.0866547e+01 1.84e+00 2.05e+00  -3.7 4.59e+00    -  2.00e-01 1.36e-01h  1
1414  3.0870371e+01 1.43e+00 1.83e+00  -3.7 5.14e+00    -  1.37e-01 2.25e-01h  1
1415  3.0827439e+01 1.15e+00 1.97e+00  -3.7 3.06e+00    -  2.52e-01 1.96e-01h  1
1416  3.0803374e+01 9.91e-01 2.20e+00  -3.7 2.77e+00    -  3.16e-01 1.40e-01h  1
1417  3.0810991e+01 3.75e-01 9.71e-01  -3.7 1.82e+00    -  4.95e-01 6.22e-01h  1
1418  3.0801013e+01 1.40e+01 1.02e+00  -3.7 1.44e+00    -  6.57e-02 1.83e-01H  1
1419  3.0801346e+01 1.36e+01 8.76e-01  -3.7 1.82e+00    -  6.34e-02 3.23e-02h  2
iter    objective    inf_pr   inf_du lg(mu)  ||d||  lg(rg) alpha_du alpha_pr  ls
1420  3.0802354e+01 1.31e+01 6.90e-01  -3.7 2.13e+00    -  2.63e-02 3.59e-02h  1
1421  3.0803137e+01 1.29e+01 3.79e+00  -3.7 2.66e+00    -  1.25e-01 1.66e-02h  3
1422  3.0804278e+01 1.27e+01 8.29e+00  -3.7 2.81e+00    -  8.47e-02 1.31e-02h  4
1423  3.0804688e+01 1.25e+01 1.35e+01  -3.7 3.04e+00    -  1.31e-01 1.19e-02h  5
1424  3.0805264e+01 1.25e+01 1.64e+01  -3.7 2.83e+00    -  7.43e-02 5.99e-03h  6
1425  3.0805319e+01 1.22e+01 2.19e+01  -3.7 2.81e+00    -  2.34e-01 2.33e-02h  4
1426  3.0861567e+01 1.12e+00 1.59e+01  -3.7 2.38e+00    -  1.16e-01 1.93e-01h  1
1427  3.0861492e+01 6.01e-01 1.03e+01  -3.7 2.95e-01    -  1.18e-01 4.65e-01h  1
1428  3.0825344e+01 3.55e-01 2.28e+00  -3.7 3.61e-01    -  5.77e-01 4.12e-01f  1
1429  3.0991432e+01 2.50e-01 1.37e+00  -3.0 5.29e-01    -  3.20e-01 2.96e-01f  1
iter    objective    inf_pr   inf_du lg(mu)  ||d||  lg(rg) alpha_du alpha_pr  ls
1430  3.0966805e+01 1.19e-01 7.39e-01  -3.5 5.59e-01    -  8.24e-01 6.24e-01h  1
1431  3.0948002e+01 2.84e-03 1.57e-01  -3.5 1.79e-01    -  1.00e+00 1.00e+00h  1
1432  3.0926690e+01 5.58e-03 2.72e-01  -3.5 7.50e-02    -  1.00e+00 1.00e+00h  1
1433  3.0839410e+01 1.86e-02 7.88e-01  -3.6 4.82e-02    -  1.00e+00 1.00e+00h  1
1434  3.0725055e+01 5.49e-03 2.00e+00  -3.9 1.82e-01    -  1.00e+00 6.87e-01h  1
1435  3.0665611e+01 2.08e-02 7.29e-01  -4.0 3.17e-01    -  1.00e+00 8.13e-01h  1
1436  3.0745421e+01 2.55e-03 3.21e-01  -3.7 1.54e-01    -  1.00e+00 1.00e+00h  1
1437  3.0665087e+01 6.72e-03 3.25e+00  -4.1 9.27e-02    -  1.00e+00 7.34e-01h  1
1438  3.0767444e+01 3.29e-03 3.26e-01  -3.7 7.81e-02    -  9.39e-01 1.00e+00h  1
1439  3.0705830e+01 2.55e-03 7.81e-01  -3.8 1.55e-01    -  7.95e-01 1.00e+00h  1
iter    objective    inf_pr   inf_du lg(mu)  ||d||  lg(rg) alpha_du alpha_pr  ls
1440  3.0638221e+01 3.29e-03 1.41e-01  -4.0 2.87e-01    -  1.00e+00 1.00e+00h  1
1441  3.0593739e+01 1.08e-02 6.35e-01  -4.3 1.28e-01    -  1.00e+00 9.86e-01h  1
1442  3.0576578e+01 1.16e-03 3.37e-02  -4.3 1.00e-01    -  1.00e+00 1.00e+00h  1
1443  3.0557020e+01 5.36e-03 2.78e+00  -4.9 1.20e-01    -  1.00e+00 5.85e-01h  1
1444  3.0550442e+01 3.25e-03 2.71e+00  -4.6 3.64e-01    -  1.00e+00 5.20e-01h  1
1445  3.0552379e+01 3.31e-03 1.64e+00  -4.3 3.51e-01    -  9.49e-01 3.48e-01h  1
1446  3.0554238e+01 2.58e-03 7.77e-01  -4.4 3.07e-01    -  5.30e-01 5.86e-01H  1
1447  3.0540925e+01 1.44e-02 1.40e+00  -4.5 1.31e-01    -  1.00e+00 7.85e-01f  1
1448  3.0559883e+01 1.42e-02 1.17e-01  -4.2 8.87e-02    -  1.00e+00 1.00e+00h  1
1449  3.0546890e+01 1.19e-02 4.90e-01  -4.3 1.49e-01    -  1.00e+00 8.25e-01h  1
iter    objective    inf_pr   inf_du lg(mu)  ||d||  lg(rg) alpha_du alpha_pr  ls
1450  3.0548892e+01 1.38e+01 5.25e-01  -4.1 1.85e-01    -  9.14e-02 8.31e-02F  1
1451  3.0549102e+01 1.32e+01 7.74e-01  -4.4 1.80e+00    -  3.58e-02 4.50e-02h  1
1452  3.0549516e+01 1.31e+01 4.95e-01  -4.4 2.14e+00    -  2.61e-02 8.04e-03h  1
1453  3.0558154e+01 3.65e-02 3.86e+00  -4.4 2.02e+00    -  5.24e-02 6.10e-02h  1
1454  3.0541122e+01 2.86e-03 4.45e+00  -4.4 7.95e-02    -  1.61e-01 1.00e+00h  1
1455  3.0556820e+01 1.90e-03 2.34e+00  -4.0 9.97e-02    -  8.11e-01 3.65e-01h  1
1456  3.0578039e+01 3.28e-03 1.73e+00  -4.1 1.56e-01    -  3.47e-01 1.00e+00H  1
1457  3.0537076e+01 1.39e+01 4.06e-01  -4.5 8.72e-02    -  1.00e+00 8.32e-01h  1
1458  3.0556750e+01 1.01e-01 3.42e+00  -3.5 2.91e+00    -  4.43e-02 6.85e-02h  1
1459  3.0545808e+01 1.33e+01 1.75e+00  -4.4 1.32e-01    -  9.65e-01 5.47e-01h  1
iter    objective    inf_pr   inf_du lg(mu)  ||d||  lg(rg) alpha_du alpha_pr  ls
1460  3.0545985e+01 1.33e+01 1.71e+00  -4.4 3.21e+00    -  8.98e-03 2.62e-03h  4
1461  3.0546054e+01 1.32e+01 1.63e+00  -4.4 2.79e+00    -  8.23e-03 2.02e-03h  3
1462  3.0546083e+01 1.32e+01 1.04e+00  -4.4 2.90e+00    -  5.18e-02 1.10e-03h  5
1463  3.0546084e+01 1.32e+01 1.13e+00  -4.4 2.77e+00    -  2.75e-02 9.82e-05h 10
1464  3.0546086e+01 1.32e+01 1.09e+00  -4.4 2.62e+00    -  7.37e-03 8.59e-05h 11
1465  3.0560695e+01 2.78e-01 1.90e+00  -4.4 2.52e+00    -  5.69e-03 1.06e-01h  1
1466  3.0706140e+01 1.63e-01 3.01e+00  -4.4 5.65e-01    -  7.58e-02 4.57e-01h  1
1467  3.0677276e+01 1.49e-01 2.95e+00  -4.4 1.91e-01    -  2.25e-03 8.78e-02f  1
1468  3.0606740e+01 1.06e-01 2.64e+00  -4.4 1.71e-01    -  5.53e-01 2.93e-01f  1
1469  3.0540042e+01 1.33e+01 7.39e-01  -4.4 1.57e-01    -  4.44e-01 6.23e-01f  1
iter    objective    inf_pr   inf_du lg(mu)  ||d||  lg(rg) alpha_du alpha_pr  ls
1470  3.0586161e+01 8.43e-01 5.11e+00  -3.0 3.08e+00    -  2.68e-02 7.13e-02f  1
1471  3.0573623e+01 3.85e-01 1.88e+00  -4.3 1.85e-01    -  1.00e+00 5.48e-01h  1
1472  3.0545600e+01 1.13e-01 1.98e+00  -4.3 1.43e-01    -  7.20e-01 7.33e-01h  1
1473  3.0542264e+01 1.33e+01 7.82e-02  -4.3 8.51e-02    -  1.00e+00 1.00e+00f  1
1474  3.0548624e+01 1.28e+01 5.18e-01  -4.3 3.02e+00    -  5.58e-02 4.26e-02h  1
1475  3.0562178e+01 1.57e+00 1.75e+00  -4.3 3.02e+00    -  4.05e-02 7.37e-02h  1
1476  3.0543887e+01 1.25e+01 1.19e+00  -4.3 2.45e-01    -  2.66e-01 7.80e-01h  1
1477  3.0548284e+01 9.39e-01 3.78e+00  -4.3 3.02e+00    -  1.03e-02 3.20e-02h  1
1478  3.0544118e+01 8.99e-01 7.13e+00  -4.3 3.28e+00    -  3.86e-02 4.79e-02f  1
1479  3.0539069e+01 1.26e+01 4.93e+00  -4.3 5.06e-01    -  5.83e-01 1.28e-01h  1
iter    objective    inf_pr   inf_du lg(mu)  ||d||  lg(rg) alpha_du alpha_pr  ls
1480  3.0586878e+01 2.20e+00 8.25e+00  -3.2 3.43e+00    -  1.35e-02 7.29e-02f  1
1481  3.0759483e+01 6.54e-01 2.77e+00  -4.3 4.20e-01    -  5.72e-01 7.07e-01h  1
1482  3.0538556e+01 1.27e+01 1.72e+00  -4.3 4.53e-01    -  8.78e-01 1.00e+00h  1
1483  3.0617201e+01 1.64e+00 4.71e+00  -2.9 4.13e+00    -  4.36e-02 6.05e-02f  1
1484  3.0610369e+01 1.50e+00 5.19e+00  -4.1 1.14e+00    -  8.15e-02 9.33e-02h  3
1485  3.0571660e+01 1.30e+01 2.10e+00  -4.1 2.56e-01    -  1.00e+00 8.18e-01h  1
1486  3.0576062e+01 1.24e+01 1.84e+00  -4.1 3.49e+00    -  4.76e-02 4.31e-02h  1
1487  3.0581694e+01 1.18e+01 1.07e+00  -4.1 3.34e+00    -  6.08e-02 5.25e-02h  1
1488  3.0582452e+01 1.93e+00 7.00e+00  -4.1 2.70e+00    -  8.18e-02 1.31e-02h  4
1489  3.0570796e+01 1.24e+01 1.98e+00  -4.1 4.92e-01    -  3.35e-01 3.90e-01h  1
iter    objective    inf_pr   inf_du lg(mu)  ||d||  lg(rg) alpha_du alpha_pr  ls
1490  3.0575727e+01 1.19e+01 1.90e+00  -4.1 3.72e+00    -  3.74e-02 3.99e-02h  2
1491  3.0579287e+01 1.16e+01 2.57e+00  -4.1 2.72e+00    -  5.03e-02 2.42e-02h  3
1492  3.0579797e+01 1.15e+01 4.61e+00  -4.1 2.44e+00    -  1.33e-01 4.43e-03h  6
1493  3.0579859e+01 1.15e+01 6.33e+00  -4.1 2.72e+00    -  4.96e-02 5.34e-04h  9
1494  3.0579862e+01 1.15e+01 6.92e+00  -4.1 3.48e+00    -  1.24e-01 3.43e-05h 13
1495  3.0612556e+01 9.57e+00 5.19e+00  -4.1 3.63e+00    -  6.92e-02 1.69e-01h  1
1496  3.0732726e+01 8.09e+00 4.28e+00  -4.1 4.09e+00    -  1.66e-01 1.55e-01h  1
1497  3.0731036e+01 7.96e+00 5.31e+00  -4.1 3.52e+00    -  7.07e-02 1.59e-02h  1
1498  3.0723041e+01 7.76e+00 5.98e+00  -4.1 8.33e+00    -  6.67e-02 2.49e-02h  1
1499  3.0744653e+01 7.02e+00 4.52e+00  -4.1 9.82e+00    -  7.74e-02 9.74e-02h  1
iter    objective    inf_pr   inf_du lg(mu)  ||d||  lg(rg) alpha_du alpha_pr  ls
1500  3.0728322e+01 6.76e+00 5.25e+00  -4.1 1.10e+01    -  5.54e-02 3.67e-02h  1
1501  3.0767368e+01 6.19e+00 4.43e+00  -4.1 1.39e+01    -  6.00e-02 8.53e-02h  1
1502  3.0756079e+01 5.78e+00 2.84e+00  -4.1 8.91e+00    -  4.50e-02 6.60e-02h  1
1503  3.0736669e+01 5.57e+00 5.55e+00  -4.1 1.38e+01    -  9.84e-02 3.79e-02h  1
1504  3.0703273e+01 5.27e+00 7.26e+00  -4.1 1.71e+01    -  9.96e-02 5.44e-02h  1
1505  3.0691400e+01 4.92e+00 5.57e+00  -4.1 1.96e+01    -  8.88e-03 6.71e-02h  1
1506  3.0678324e+01 4.70e+00 7.59e+00  -4.1 1.06e+01    -  1.24e-01 4.34e-02h  1
1507  3.0667025e+01 4.29e+00 6.60e+00  -4.1 1.18e+01    -  7.56e-02 8.87e-02h  1
1508  3.0650280e+01 4.19e+00 6.85e+00  -4.1 1.32e+01    -  4.13e-02 2.25e-02h  1
1509  3.0634561e+01 3.88e+00 7.70e+00  -4.1 1.01e+01    -  1.23e-01 7.50e-02h  1
iter    objective    inf_pr   inf_du lg(mu)  ||d||  lg(rg) alpha_du alpha_pr  ls
1510  3.0674796e+01 3.56e+00 6.55e+00  -4.1 1.66e+01    -  6.60e-02 8.42e-02h  1
1511  3.0675251e+01 3.16e+00 5.82e+00  -4.1 8.77e+00    -  1.13e-01 1.13e-01h  1
1512  3.0700184e+01 2.63e+00 4.75e+00  -4.1 7.92e+00    -  1.88e-01 1.68e-01h  1
1513  3.0690770e+01 2.20e+00 4.26e+00  -4.1 8.16e+00    -  1.02e-01 1.65e-01h  1
1514  3.0653541e+01 1.83e+00 6.93e+00  -4.1 5.48e+00    -  5.68e-02 1.69e-01h  1
1515  3.0634478e+01 1.50e+00 7.84e+00  -4.1 3.12e+00    -  1.33e-01 1.78e-01h  1
1516  3.0622951e+01 1.18e+00 4.81e+00  -4.1 2.60e+00    -  2.60e-01 2.15e-01h  1
1517  3.0654598e+01 8.25e-01 3.36e+00  -4.1 5.65e+00    -  2.96e-01 2.96e-01h  1
1518  3.0683623e+01 6.79e-01 2.79e+00  -4.1 4.95e+00    -  1.48e-01 1.76e-01h  1
1519  3.0657389e+01 3.70e-01 3.83e+00  -4.1 1.90e+00    -  2.49e-01 4.56e-01f  1
iter    objective    inf_pr   inf_du lg(mu)  ||d||  lg(rg) alpha_du alpha_pr  ls
1520  3.0601809e+01 2.53e-01 3.40e+00  -4.1 1.41e+00    -  2.63e-01 3.19e-01h  1
1521  3.0579248e+01 9.42e-02 4.11e+00  -4.1 3.54e-01    -  2.53e-01 6.28e-01f  1
1522  3.0566152e+01 1.06e-02 2.73e-01  -4.1 1.36e-01    -  9.56e-01 9.04e-01f  1
1523  3.0559728e+01 3.81e-04 5.56e-02  -4.1 1.46e-01    -  1.00e+00 1.00e+00f  1
1524  3.0553748e+01 4.02e-04 7.76e-02  -4.2 4.63e-01    -  1.00e+00 1.00e+00H  1
1525  3.0540886e+01 8.34e-04 7.59e+00  -4.2 1.15e+00    -  9.92e-01 2.48e-01h  1
1526  3.0542989e+01 3.46e-03 7.20e+00  -3.9 1.31e+00    -  4.89e-01 2.80e-01h  1
1527  3.0539086e+01 5.49e-03 3.66e+00  -4.1 7.53e-01    -  2.88e-01 3.57e-01h  2
1528  3.0599061e+01 3.44e-03 1.72e+00  -3.8 2.39e-01    -  9.19e-01 1.00e+00h  1
1529  3.0584884e+01 1.44e-03 4.92e-02  -3.9 2.85e-01    -  1.00e+00 1.00e+00h  1
iter    objective    inf_pr   inf_du lg(mu)  ||d||  lg(rg) alpha_du alpha_pr  ls
1530  3.0565517e+01 3.15e-03 3.36e-02  -3.9 2.47e-01    -  1.00e+00 1.00e+00h  1
1531  3.0552975e+01 7.83e-04 7.56e-02  -3.9 2.99e-01    -  1.00e+00 1.00e+00h  1
1532  3.0566562e+01 1.07e-03 3.59e-02  -3.9 1.78e-01    -  1.00e+00 1.00e+00h  1
1533  3.0538158e+01 5.31e-04 1.63e-02  -3.9 8.75e-02    -  1.00e+00 1.00e+00h  1
1534  3.0492329e+01 7.39e-03 3.33e-02  -4.2 8.22e-02    -  1.00e+00 1.00e+00h  1
1535  3.0448268e+01 6.58e-03 6.26e-01  -4.4 2.80e-01    -  1.00e+00 8.43e-01h  1
1536  3.0446913e+01 2.62e-03 8.13e-01  -4.1 6.41e-01    -  1.00e+00 6.05e-01h  1
1537  3.0467789e+01 4.78e-03 8.79e-01  -3.9 2.86e+00    -  3.98e-01 2.47e-01h  2
1538  3.0463485e+01 4.26e-03 1.27e+00  -4.1 2.80e+00    -  3.17e-01 1.17e-01h  3
1539  3.0544817e+01 5.40e-03 2.31e-01  -4.1 9.62e-01    -  7.46e-01 7.88e-01H  1
iter    objective    inf_pr   inf_du lg(mu)  ||d||  lg(rg) alpha_du alpha_pr  ls
1540  3.0493333e+01 4.54e-03 9.66e+00  -4.1 1.03e+00    -  9.06e-01 2.59e-01f  1
1541  3.0427233e+01 9.93e-03 6.53e+00  -4.1 7.29e-01    -  5.10e-01 2.88e-01f  2
1542  3.0476359e+01 3.74e-03 2.29e+00  -3.6 9.34e-01    -  5.18e-01 6.11e-01h  1
1543  3.0770206e+01 2.96e-03 6.36e-01  -3.9 1.30e+00    -  5.99e-01 6.89e-01H  1
1544  3.0497081e+01 8.08e-03 4.45e-02  -3.9 3.52e-01    -  1.00e+00 1.00e+00f  1
1545  3.0439008e+01 4.01e-03 2.83e-02  -3.9 1.87e-01    -  1.00e+00 1.00e+00h  1
1546  3.0391951e+01 8.01e-03 2.78e-02  -4.1 5.14e-02    -  1.00e+00 1.00e+00h  1
1547  3.0350681e+01 9.94e-03 1.71e+00  -4.5 5.04e-02    -  1.00e+00 7.72e-01h  1
1548  3.0348798e+01 2.36e-03 3.92e-01  -4.2 3.44e-01    -  1.00e+00 8.40e-01H  1
1549  3.0338170e+01 9.85e-03 1.21e+00  -4.4 5.22e-01    -  1.00e+00 3.70e-01h  2
iter    objective    inf_pr   inf_du lg(mu)  ||d||  lg(rg) alpha_du alpha_pr  ls
1550  3.0349690e+01 6.72e-04 2.74e-01  -4.6 4.17e-01    -  1.00e+00 9.34e-01H  1
1551  3.0350982e+01 1.58e-02 1.64e+00  -4.4 2.65e-01    -  4.80e-01 1.00e+00f  1
1552  3.0292801e+01 4.57e-03 1.70e+00  -4.6 1.43e-01    -  3.29e-01 7.11e-01h  1
1553  3.0279091e+01 4.66e-03 1.44e-01  -4.7 1.57e-01    -  1.00e+00 9.60e-01f  1
1554  3.0282322e+01 1.11e-03 4.75e-01  -4.8 3.38e-01    -  1.00e+00 6.92e-01H  1
1555  3.0267257e+01 9.33e-03 2.37e+00  -4.8 5.91e-01    -  9.99e-01 4.01e-01h  1
1556  3.0270851e+01 6.86e-03 2.66e+00  -4.3 3.71e+00    -  2.47e-01 1.27e-01h  1
1557  3.0291824e+01 6.68e-03 1.44e+00  -4.7 1.24e+00    -  2.57e-01 2.92e-01h  1
1558  3.0266408e+01 4.66e-03 4.70e+00  -4.7 2.79e-01    -  4.01e-01 7.84e-01f  1
1559  3.0236152e+01 3.37e-03 1.52e+00  -5.2 2.72e-01    -  6.22e-01 2.92e-01h  1
iter    objective    inf_pr   inf_du lg(mu)  ||d||  lg(rg) alpha_du alpha_pr  ls
1560  3.0227444e+01 2.14e-03 1.70e+00  -4.7 3.21e-01    -  1.00e+00 8.06e-01h  1
1561  3.0226545e+01 3.67e-03 1.22e+00  -4.3 2.40e+00    -  4.95e-01 1.47e-01h  2
1562  3.0232920e+01 1.50e-02 2.66e+00  -4.2 3.27e+00    -  4.40e-01 1.15e-01h  3
1563  3.0227603e+01 1.35e-02 5.42e+00  -4.4 3.28e+00    -  5.00e-01 1.07e-01h  3
1564  3.0222543e+01 1.28e-02 5.21e+00  -4.4 8.86e+00    -  1.43e-01 6.55e-02h  2
1565  3.0215151e+01 2.53e-02 4.76e+00  -3.9 1.76e+01    -  1.78e-01 4.14e-02h  1
1566  3.0193099e+01 3.77e-02 4.35e+00  -4.5 2.88e+01    -  8.00e-02 3.06e-02h  3
1567  3.0176770e+01 5.17e-02 4.28e+00 -10.3 4.08e+01    -  1.77e-02 2.29e-02h  3
1568  3.0347319e+01 2.07e-01 3.93e+00  -3.3 3.56e+01    -  6.42e-02 7.66e-02f  1
1569  3.0298878e+01 2.39e-01 3.60e+00  -4.2 3.57e+01    -  2.89e-02 4.85e-02h  1
iter    objective    inf_pr   inf_du lg(mu)  ||d||  lg(rg) alpha_du alpha_pr  ls
1570  3.0254307e+01 2.46e-01 3.52e+00  -4.2 1.32e+02    -  2.93e-02 1.14e-02h  2
1571  3.0187653e+01 2.45e-01 3.42e+00  -4.2 1.09e+02    -  3.44e-02 1.73e-02h  2
1572  3.0110634e+01 2.41e-01 3.30e+00  -4.2 1.40e+02    -  1.04e-02 1.49e-02h  2
1573  3.0438916e+01 2.18e-01 4.14e+00  -3.0 1.29e+02    -  4.81e-02 3.12e-02f  1
1574  3.0378680e+01 2.13e-01 9.36e+00  -4.0 4.78e+01    -  5.77e-02 2.16e-02h  2
1575  3.0615602e+01 1.87e-01 3.23e+00  -4.0 1.33e+01    -  5.89e-02 9.16e-02h  1
1576  3.0377066e+01 1.59e-01 1.36e+01  -4.0 4.32e+00    -  2.32e-01 1.50e-01h  1
1577  3.0250445e+01 1.49e-01 9.34e+00  -4.0 3.96e+01    -  2.93e-02 6.28e-02f  1
1578  3.0176358e+01 1.39e-01 8.00e+00  -4.0 1.27e+01    -  5.78e-02 6.95e-02f  1
1579  3.0118388e+01 1.05e-01 4.07e+00  -4.0 3.54e+00    -  1.75e-01 2.57e-01f  1
iter    objective    inf_pr   inf_du lg(mu)  ||d||  lg(rg) alpha_du alpha_pr  ls
1580  2.9924916e+01 8.43e-02 4.40e+00  -4.0 8.43e+00    -  2.91e-01 1.86e-01h  1
1581  3.1076912e+01 7.48e-02 3.59e+00  -2.9 1.65e+01    -  5.54e-02 1.00e-01f  1
1582  3.0337097e+01 4.52e-02 2.73e+00  -3.8 2.36e+00    -  4.04e-01 3.71e-01h  1
1583  2.9984558e+01 3.89e-02 4.16e+00  -3.8 4.81e+00    -  2.64e-01 1.30e-01f  1
1584  3.0821976e+01 3.26e-02 9.89e+00  -3.4 3.65e+00    -  1.93e-01 5.40e-01h  1
1585  3.0337737e+01 2.15e-02 3.02e+00  -3.8 7.78e-01    -  5.97e-01 3.59e-01f  1
1586  2.9864569e+01 1.19e-02 3.01e+00  -3.8 5.63e-01    -  3.69e-01 4.84e-01f  1
1587  2.9772727e+01 9.29e-03 4.29e+00  -3.8 2.56e-01    -  9.86e-01 5.93e-01f  1
1588  2.9705952e+01 1.74e-02 3.04e+00  -4.1 2.37e-01    -  1.00e+00 7.56e-01h  1
1589  2.9835595e+01 5.45e-03 2.98e-01  -3.6 2.66e-01    -  9.31e-01 8.83e-01H  1
iter    objective    inf_pr   inf_du lg(mu)  ||d||  lg(rg) alpha_du alpha_pr  ls
1590  2.9685919e+01 1.79e-02 1.53e-01  -4.0 1.46e-01    -  1.00e+00 9.81e-01h  1
1591  2.9801624e+01 1.81e-02 3.04e+00  -3.6 1.14e-01    -  7.85e-01 1.00e+00h  1
1592  2.9738193e+01 2.32e-03 6.38e-02  -3.7 1.07e-01    -  1.00e+00 1.00e+00h  1
1593  2.9656898e+01 2.93e-03 6.16e-02  -3.9 2.27e-01    -  9.96e-01 1.00e+00h  1
1594  2.9629774e+01 5.02e-03 7.54e-01  -4.1 5.16e-01    -  9.16e-01 7.19e-01H  1
1595  2.9670578e+01 6.89e-04 5.78e+00  -4.2 4.02e-01    -  1.60e-01 9.86e-01H  1
1596  2.9638072e+01 2.67e-03 1.08e+01  -4.1 2.88e-01    -  5.09e-01 1.00e+00f  1
1597  2.9545092e+01 6.66e-04 6.68e-02  -4.2 1.60e-01    -  1.00e+00 1.00e+00h  1
1598  2.9521038e+01 7.55e-04 5.47e+00  -4.7 2.23e-01    -  1.00e+00 4.89e-01h  1
1599  2.9517070e+01 4.27e-03 4.57e+00  -4.3 8.96e-01    -  1.00e+00 4.96e-01h  1
iter    objective    inf_pr   inf_du lg(mu)  ||d||  lg(rg) alpha_du alpha_pr  ls
1600  2.9542918e+01 1.77e-02 4.03e+00  -3.8 3.23e+00    -  4.42e-01 2.68e-01h  1
1601  2.9529100e+01 2.61e-02 4.71e+00  -4.1 1.12e+01    -  8.91e-02 6.41e-02h  2
1602  2.9525693e+01 3.87e-02 6.89e+00  -4.1 9.68e+00    -  1.65e-01 9.10e-02h  1
1603  2.9524179e+01 4.10e-02 6.01e+00  -4.1 5.82e+00    -  9.69e-02 1.00e-01h  2
1604  2.9486004e+01 4.45e-02 1.01e+01  -4.1 8.35e+00    -  1.63e-01 7.79e-02h  2
1605  2.9485751e+01 4.29e-02 5.29e+00  -6.2 5.63e+00    -  6.36e-02 1.02e-01h  1
1606  2.9430295e+01 3.95e-02 1.83e+01  -4.5 3.74e+00    -  3.01e-01 1.51e-01h  1
1607  2.9978419e+01 5.30e-01 4.13e+00  -3.3 1.58e+01    -  6.87e-02 1.97e-01f  1
1608  2.9909952e+01 5.11e-01 9.18e+00  -4.1 7.58e+00    -  1.55e-01 8.74e-02h  1
1609  2.9819382e+01 4.87e-01 2.37e+01  -4.1 2.78e+00    -  3.31e-01 4.71e-02h  1
iter    objective    inf_pr   inf_du lg(mu)  ||d||  lg(rg) alpha_du alpha_pr  ls
1610  2.9595489e+01 4.14e-01 2.00e+01  -4.1 1.46e+00    -  1.38e-01 1.51e-01h  1
1611  2.9398894e+01 2.92e-01 1.44e+01  -4.1 8.55e-01    -  2.78e-01 3.66e-01h  1
1612  2.9354012e+01 2.43e-01 1.01e+01  -4.2 6.88e-01    -  6.47e-01 1.69e-01h  1
1613  2.9314568e+01 1.73e-01 5.43e+00  -4.5 5.78e-01    -  7.66e-01 2.85e-01h  1
1614  2.9408084e+01 1.21e-02 5.95e-02  -4.0 6.86e-01    -  1.00e+00 1.00e+00h  1
1615  2.9461660e+01 1.85e-02 1.06e+00  -4.2 4.54e-01    -  9.89e-01 8.41e-01h  1
1616  2.9345036e+01 6.59e-03 1.19e+00  -3.9 4.98e-01    -  7.66e-01 8.71e-01h  1
1617  2.9741654e+01 6.78e-04 4.55e-01  -3.6 3.25e-01    -  9.73e-01 1.00e+00H  1
1618  2.9409272e+01 6.25e-03 1.67e-01  -3.7 3.03e-01    -  1.00e+00 1.00e+00f  1
1619  2.9357932e+01 8.35e-04 6.72e-01  -3.9 3.09e-01    -  9.96e-01 9.43e-01H  1
iter    objective    inf_pr   inf_du lg(mu)  ||d||  lg(rg) alpha_du alpha_pr  ls
1620  2.9292758e+01 1.76e-03 7.65e+00  -4.2 2.36e-01    -  1.00e+00 5.51e-01h  1
1621  2.9361714e+01 8.73e-05 5.45e-02  -3.9 2.23e-01    -  1.00e+00 1.00e+00H  1
1622  2.9248542e+01 2.06e-03 1.53e+00  -4.4 1.39e-01    -  1.00e+00 8.07e-01f  1
1623  2.9216408e+01 8.91e-03 4.52e+00  -4.7 1.45e-01    -  1.00e+00 6.00e-01h  1
1624  2.9206137e+01 6.08e-03 2.77e+00  -4.4 3.85e-01    -  1.00e+00 3.07e-01h  2
1625  2.9225630e+01 7.80e-04 5.36e-01  -4.5 2.81e-01    -  1.00e+00 8.90e-01H  1
1626  2.9182181e+01 4.29e-03 1.27e+00  -4.9 1.76e-01    -  1.00e+00 5.97e-01h  1
1627  2.9215182e+01 9.68e-05 3.82e-02  -4.6 1.41e-01    -  1.00e+00 1.00e+00H  1
1628  2.9167870e+01 2.18e-03 1.87e+00  -5.0 1.04e-01    -  1.00e+00 6.52e-01f  1
1629  2.9154187e+01 6.93e-04 4.56e-01  -5.2 1.19e-01    -  1.00e+00 7.91e-01h  1
iter    objective    inf_pr   inf_du lg(mu)  ||d||  lg(rg) alpha_du alpha_pr  ls
1630  2.9153040e+01 1.27e-02 2.64e+00  -5.0 3.82e-01    -  1.00e+00 2.72e-01h  2
1631  2.9147513e+01 6.35e-03 9.83e-01  -5.1 3.45e-01    -  1.00e+00 5.02e-01h  1
1632  2.9137695e+01 5.92e-03 1.78e+00  -4.8 4.21e+00    -  1.87e-01 6.94e-02h  1
1633  2.9135139e+01 6.19e-03 3.84e+00  -4.4 6.91e+00    -  1.96e-01 3.42e-02h  3
1634  2.9136317e+01 1.63e-02 3.49e+00  -4.5 2.04e+00    -  1.89e-01 1.66e-01h  2
1635  2.9128351e+01 1.35e-02 3.24e+00  -4.8 3.65e+00    -  2.04e-01 1.65e-01h  1
1636  2.9117938e+01 2.19e-02 4.16e+00  -4.0 1.76e+01    -  1.37e-01 3.97e-02f  1
1637  2.9101487e+01 3.20e-02 4.15e+00 -10.5 2.10e+01    -  5.45e-02 4.19e-02h  1
1638  2.9143788e+01 3.24e-02 4.99e+00  -3.7 1.77e+01    -  7.11e-02 3.34e-02h  2
1639  2.9118297e+01 3.03e-02 4.23e+00  -4.5 2.86e+00    -  2.13e-01 2.05e-01h  1
iter    objective    inf_pr   inf_du lg(mu)  ||d||  lg(rg) alpha_du alpha_pr  ls
1640  2.9094243e+01 2.82e-02 2.66e+02  -4.5 5.15e+00    -  1.24e-01 6.83e-02h  1
1641  2.9064009e+01 2.32e-02 9.19e+00  -6.5 1.29e+00    -  1.36e-01 1.95e-01h  1
1642  2.9075862e+01 1.91e-02 3.75e+00  -3.9 5.41e-01    -  2.98e-01 2.37e-01h  1
1643  2.9089550e+01 9.21e-03 1.04e+00  -4.2 2.11e-01    -  1.00e+00 9.08e-01h  1
1644  2.9073626e+01 2.40e-03 1.61e+00  -4.4 1.70e-01    -  1.00e+00 9.67e-01h  1
1645  2.9042414e+01 1.10e-02 3.80e+00  -4.6 4.44e-01    -  1.00e+00 8.06e-01h  1
1646  2.9036229e+01 1.03e-02 2.62e+00  -5.1 1.03e+00    -  4.35e-01 2.13e-01h  1
1647  2.9035641e+01 1.03e-02 1.15e+01  -4.8 8.73e-01    -  1.00e+00 7.30e-03h  1
1648  2.9033626e+01 6.10e-03 8.60e+00  -4.8 1.14e+00    -  8.03e-01 4.22e-01H  1
1649  2.9042892e+01 1.65e-02 7.68e+00  -4.2 2.45e+00    -  3.48e-01 2.01e-01h  2
iter    objective    inf_pr   inf_du lg(mu)  ||d||  lg(rg) alpha_du alpha_pr  ls
1650  2.9038704e+01 1.24e-02 7.11e+00  -4.6 1.19e+00    -  5.09e-01 2.52e-01h  1
1651  2.9012659e+01 9.62e-03 4.37e+00  -4.6 1.66e+00    -  3.84e-01 2.21e-01h  1
1652  2.8996233e+01 8.92e-03 5.52e+00  -4.6 4.11e+00    -  2.35e-01 7.15e-02h  2
1653  2.8986206e+01 7.80e-03 6.42e+00  -5.5 6.71e+00    -  2.59e-01 1.19e-01h  1
1654  2.8977396e+01 7.37e-03 7.84e+00  -4.4 8.88e+00    -  3.20e-01 5.04e-02h  2
1655  2.8993357e+01 7.52e-03 7.37e+00  -3.9 8.39e+00    -  2.15e-01 1.23e-01h  1
1656  2.8978924e+01 1.12e-02 6.97e+00  -4.4 1.91e+01    -  7.84e-02 6.07e-02h  2
1657  2.8957599e+01 2.10e-02 6.73e+00  -4.4 4.17e+01    -  3.18e-02 3.19e-02h  3
1658  3.0494852e+01 1.38e-01 6.50e+00  -2.9 5.68e+01    -  2.59e-02 7.60e-02f  1
1659  3.0084443e+01 1.18e-01 5.52e+00  -4.2 1.61e+01    -  1.97e-01 1.51e-01h  1
iter    objective    inf_pr   inf_du lg(mu)  ||d||  lg(rg) alpha_du alpha_pr  ls
1660  2.9610485e+01 1.16e-01 5.55e+00  -4.2 1.09e+02    -  2.64e-02 1.35e-02f  1
1661  2.9319104e+01 1.27e-01 6.23e+00  -4.2 2.74e+01    -  8.33e-02 4.33e-02f  1
1662  2.9087388e+01 1.93e+01 4.72e+00  -4.2 5.82e+00    -  9.84e-02 1.33e-01h  1
1663  2.9045703e+01 4.26e-01 6.46e+00  -4.2 2.58e+00    -  9.31e-02 3.61e-02h  1
1664  2.8884898e+01 1.83e+01 1.56e+01  -4.2 1.11e+00    -  1.70e-01 4.62e-01h  1
1665  2.8944774e+01 2.05e+00 1.22e+01  -3.1 8.92e+00    -  9.07e-02 5.48e-02f  1
1666  2.8950478e+01 1.83e+01 1.48e+01  -3.6 2.74e+00    -  3.03e-02 1.02e-01H  1
1667  2.8949819e+01 1.74e+01 1.33e+01  -4.0 1.86e+00    -  6.73e-02 5.01e-02h  1
1668  2.8944758e+01 1.66e+01 1.29e+01  -4.0 1.88e+00    -  6.45e-02 4.41e-02h  1
1669  2.8948104e+01 1.55e+01 1.16e+01  -4.0 2.52e+00    -  6.28e-02 7.07e-02h  1
iter    objective    inf_pr   inf_du lg(mu)  ||d||  lg(rg) alpha_du alpha_pr  ls
1670  2.8948200e+01 1.52e+01 1.24e+01  -4.0 2.81e+00    -  6.25e-02 1.84e-02h  1
1671  2.8949165e+01 1.50e+01 1.21e+01  -4.0 4.33e+00    -  2.26e-02 9.54e-03h  1
1672  2.8949552e+01 1.49e+01 1.20e+01  -4.0 4.83e+00    -  2.48e-02 7.48e-03h  4
1673  2.8949558e+01 1.49e+01 1.17e+01  -4.0 6.41e+00    -  2.32e-02 1.21e-04h 10
1674  2.8948133e+01 1.40e+01 1.06e+01  -4.0 1.03e+01    -  4.56e-02 6.03e-02h  1
1675  2.8969994e+01 1.32e+01 1.04e+01  -4.0 8.51e+00    -  8.87e-02 5.96e-02h  1
1676  2.8992019e+01 5.48e+00 9.53e+00  -4.0 1.17e+01    -  1.98e-01 7.33e-02h  1
1677  2.8982592e+01 1.22e+01 9.15e+00  -4.0 2.31e+00    -  4.77e-02 7.84e-02h  1
1678  2.8982921e+01 1.22e+01 1.26e+01  -4.0 1.30e+01    -  6.16e-02 1.69e-03h  1
1679  2.8983344e+01 1.21e+01 1.27e+01  -4.0 1.38e+01    -  5.59e-02 3.94e-03h  4
iter    objective    inf_pr   inf_du lg(mu)  ||d||  lg(rg) alpha_du alpha_pr  ls
1680  2.8982911e+01 1.21e+01 1.21e+01  -4.0 1.67e+01    -  5.66e-02 1.72e-03h  6
1681  2.8982680e+01 1.21e+01 1.17e+01  -4.0 1.67e+01    -  3.36e-02 1.16e-03h  7
1682  2.8982655e+01 1.21e+01 1.38e+01  -4.0 1.78e+01    -  1.13e-01 4.03e-04h  8
1683  2.8983742e+01 1.21e+01 1.23e+01  -4.0 1.78e+00    -  3.37e-02 2.23e-03h  1
1684  2.8986043e+01 1.20e+01 1.22e+01  -4.0 4.08e+00    -  2.47e-02 2.64e-03h  5
1685  2.9090618e+01 5.42e+00 1.32e+01  -4.0 3.88e+00    -  2.98e-02 7.57e-02h  1
1686  2.9095448e+01 5.13e+00 4.73e+01  -4.0 7.48e-01    -  3.19e-02 5.19e-02h  1
1687  2.9095405e+01 5.12e+00 8.83e+01  -4.0 5.29e-01    -  5.81e-02 1.31e-03h  7
1688  2.9095345e+01 5.12e+00 4.01e+02  -4.0 5.05e-01    -  3.48e-02 5.29e-04h  9
1689  2.9095342e+01 5.12e+00 6.12e+02  -4.0 1.15e-01    -  1.32e-01 4.92e-05h 13
iter    objective    inf_pr   inf_du lg(mu)  ||d||  lg(rg) alpha_du alpha_pr  ls
1690  2.9095340e+01 5.12e+00 1.16e+03  -4.0 8.60e-02    -  1.52e-01 4.13e-05h 14
1691  2.9095339e+01 5.12e+00 1.64e+03  -4.0 1.02e-01    -  3.36e-01 1.35e-05h 16
1692  2.9056332e+01 1.15e+01 1.26e+01  -4.0 1.42e-01    -  3.95e-01 6.84e-01h  1
1693  2.9062633e+01 1.14e+01 1.84e+01  -4.0 1.29e+00    -  1.41e-02 8.59e-03h  2
1694  2.9066724e+01 1.14e+01 1.86e+01  -4.0 2.51e+00    -  6.53e-02 3.54e-03h  1
1695  2.9076263e+01 1.13e+01 1.79e+01  -4.0 2.92e+00    -  2.16e-02 7.94e-03h  3
1696  2.9082860e+01 1.12e+01 1.80e+01  -4.0 3.76e+00    -  5.92e-02 4.79e-03h  4
1697  2.9092252e+01 1.12e+01 1.82e+01  -4.0 4.53e+00    -  6.56e-02 6.20e-03h  4
1698  2.9094350e+01 1.12e+01 1.80e+01  -4.0 6.57e+00    -  7.84e-02 2.12e-03h  4
1699  2.9094620e+01 1.12e+01 1.80e+01  -4.0 8.15e+00    -  5.39e-02 3.01e-04h  8
iter    objective    inf_pr   inf_du lg(mu)  ||d||  lg(rg) alpha_du alpha_pr  ls
1700  2.9145885e+01 4.78e+00 9.94e+00  -4.0 9.77e+00    -  8.88e-02 6.68e-02h  1
1701  2.9177489e+01 3.96e+00 9.36e+00  -4.0 4.51e+00    -  8.76e-02 1.71e-01h  1
1702  2.9177162e+01 3.78e+00 8.37e+00  -4.0 3.79e+00    -  1.64e-01 4.59e-02h  1
1703  2.9129643e+01 3.55e+00 5.07e+00  -4.0 9.80e+00    -  1.67e-01 5.66e-02h  1
1704  2.9126073e+01 3.54e+00 9.38e+00  -4.0 3.90e+00    -  6.87e-02 4.35e-03h  6
1705  2.9124208e+01 3.53e+00 1.98e+01  -4.0 3.68e+00    -  6.74e-02 2.07e-03h  7
1706  2.9040559e+01 9.79e+00 1.54e+01  -4.0 3.16e+00    -  9.00e-02 1.33e-01h  1
1707  2.9041788e+01 9.76e+00 1.54e+01  -4.0 1.08e+00    -  1.86e-02 3.29e-03h  3
1708  2.9042046e+01 9.76e+00 1.54e+01  -4.0 2.14e+00    -  2.15e-02 4.77e-04h  7
1709  2.9042270e+01 9.75e+00 1.54e+01  -4.0 2.64e+00    -  1.99e-02 4.64e-04h  7
iter    objective    inf_pr   inf_du lg(mu)  ||d||  lg(rg) alpha_du alpha_pr  ls
1710  2.9042285e+01 9.75e+00 1.54e+01  -4.0 3.66e+00    -  2.33e-02 2.61e-05h 11
1711  2.9042295e+01 9.75e+00 1.54e+01  -4.0 5.58e+00    -  1.55e-02 5.30e-05h 10
1712  2.9059278e+01 9.48e+00 1.49e+01  -4.0 6.14e+00    -  5.28e-02 2.75e-02h  1
1713  2.9059784e+01 9.39e+00 1.48e+01  -4.0 9.53e+00    -  2.14e-02 9.98e-03h  1
1714  2.9066483e+01 9.27e+00 1.46e+01  -4.0 8.88e+00    -  4.45e-02 1.21e-02h  1
1715  2.9096835e+01 7.82e+00 9.53e+00  -4.0 1.27e+01    -  3.81e-02 6.94e-02h  1
1716  2.9100226e+01 7.00e+00 8.53e+00  -4.0 4.35e+00    -  9.33e-02 1.05e-01h  1
1717  2.9090103e+01 2.46e+00 7.87e+00  -4.0 3.79e+00    -  1.02e-01 8.13e-02h  1
1718  2.9091135e+01 2.02e+00 5.68e+00  -4.0 3.17e+00    -  1.18e-02 1.78e-01h  1
1719  2.9054842e+01 1.84e+00 4.16e+00  -4.0 6.40e+00    -  4.60e-02 9.01e-02h  1
iter    objective    inf_pr   inf_du lg(mu)  ||d||  lg(rg) alpha_du alpha_pr  ls
1720  2.9031574e+01 1.52e+00 2.99e+00  -4.0 4.50e+00    -  2.92e-02 1.76e-01f  1
1721  2.8997590e+01 1.15e+00 2.68e+00  -4.0 3.15e+00    -  1.31e-01 2.47e-01h  1
1722  2.8960704e+01 7.81e-01 4.44e+00  -4.0 1.31e+00    -  1.29e-01 3.15e-01h  1
1723  2.8918323e+01 4.76e-01 4.29e+00  -4.0 4.58e-01    -  1.46e-01 3.89e-01h  1
1724  2.8897925e+01 2.45e-01 4.38e+00  -3.9 4.01e-01    -  3.57e-01 4.86e-01f  1
1725  2.8918837e+01 1.31e-01 7.05e+00  -3.7 4.70e-01    -  2.87e-01 4.66e-01h  1
1726  2.8904690e+01 8.28e-02 4.54e+00  -3.9 4.79e-01    -  3.53e-01 3.68e-01h  1
1727  2.9032479e+01 4.82e-02 1.30e+00  -3.4 8.53e-01    -  3.46e-01 4.48e-01f  1
1728  2.8982067e+01 2.66e-02 6.19e-01  -3.7 7.57e-01    -  5.46e-01 6.02e-01h  1
1729  2.8939550e+01 1.00e+01 1.23e+00  -3.7 5.15e-01    -  3.70e-01 3.17e-01h  1
iter    objective    inf_pr   inf_du lg(mu)  ||d||  lg(rg) alpha_du alpha_pr  ls
1730  2.8933979e+01 3.13e-01 2.26e+00  -3.7 9.05e-01    -  1.66e-01 7.24e-02h  1
1731  2.8900213e+01 9.39e+00 1.12e+01  -3.7 1.71e-01    -  5.20e-01 1.00e+00h  1
1732  2.8900957e+01 8.61e+00 1.09e+01  -3.7 1.04e+00    -  4.17e-02 8.39e-02h  1
1733  2.8910118e+01 1.57e+00 8.55e+00  -3.7 1.01e+00    -  2.11e-01 1.89e-01h  1
1734  2.8971074e+01 1.51e-02 7.02e+00  -3.7 3.94e-01    -  2.74e-01 1.00e+00h  1
1735  2.8834551e+01 8.19e+00 8.80e-02  -3.9 1.80e-01    -  1.00e+00 1.00e+00h  1
1736  2.8913287e+01 1.79e+00 1.23e+00  -3.1 9.83e-01    -  1.91e-01 2.09e-01h  1
1737  2.8916060e+01 1.24e+00 5.49e+00  -3.7 4.43e-01    -  2.75e-02 3.09e-01h  2
1738  2.8878333e+01 3.49e-02 9.47e+00  -3.7 1.85e-01    -  4.92e-01 1.00e+00h  1
1739  2.8817052e+01 1.10e-02 2.02e+00  -4.0 2.22e-01    -  7.72e-01 7.19e-01h  1
iter    objective    inf_pr   inf_du lg(mu)  ||d||  lg(rg) alpha_du alpha_pr  ls
1740  2.8738985e+01 9.44e+00 5.63e-01  -4.1 2.38e-01    -  1.00e+00 1.00e+00h  1
1741  2.8866748e+01 3.45e+00 3.03e+00  -3.3 1.47e+00    -  1.83e-02 2.18e-01h  1
1742  2.8855648e+01 7.16e+00 5.52e+00  -4.2 5.74e-01    -  2.22e-01 5.03e-02H  1
1743  2.8849668e+01 6.99e+00 3.12e+00  -4.2 8.33e-01    -  1.58e-01 2.30e-02h  1
1744  2.8846518e+01 6.85e+00 6.08e+00  -4.2 8.49e-01    -  1.71e-01 2.02e-02h  1
1745  2.8843064e+01 6.32e+00 4.94e+00  -4.2 1.72e+00    -  3.76e-02 7.75e-02h  1
1746  2.8840740e+01 6.14e+00 4.85e+00  -4.2 1.99e+00    -  2.54e-02 2.90e-02h  1
1747  2.8837512e+01 5.96e+00 4.42e+00  -4.2 2.80e+00    -  8.84e-02 3.03e-02h  1
1748  2.8836522e+01 5.18e+00 6.49e+00  -4.2 2.90e+00    -  3.89e-02 1.32e-01h  1
1749  2.8824654e+01 4.78e+00 6.20e+00  -4.2 2.67e+00    -  6.33e-02 7.63e-02h  1
iter    objective    inf_pr   inf_du lg(mu)  ||d||  lg(rg) alpha_du alpha_pr  ls
1750  2.8823191e+01 4.63e+00 5.94e+00  -4.2 2.11e+00    -  3.42e-02 3.28e-02h  1
1751  2.8823708e+01 4.23e+00 6.35e+00  -4.2 4.17e+00    -  5.31e-02 8.64e-02h  1
1752  2.8828185e+01 3.59e+00 5.18e+00  -4.2 5.64e+00    -  1.59e-01 1.54e-01h  1
1753  2.8871151e+01 2.92e+00 3.01e+00  -4.2 7.42e+00    -  2.33e-01 1.89e-01h  1
1754  2.8860195e+01 2.32e+00 2.93e+00  -4.2 4.75e+00    -  1.67e-01 2.09e-01h  1
1755  2.8831133e+01 2.08e+00 2.95e+00  -4.2 4.14e+00    -  8.93e-02 1.04e-01h  1
1756  2.8822892e+01 1.99e+00 2.60e+00  -4.2 2.92e+00    -  8.82e-02 4.45e-02h  1
1757  2.8792474e+01 1.81e+00 2.60e+00  -4.2 6.06e+00    -  5.00e-02 8.67e-02h  1
1758  2.8790604e+01 1.51e+00 2.99e+00  -3.9 3.38e+00    -  1.33e-01 1.65e-01h  1
1759  2.8778959e+01 1.34e+00 1.68e+00  -4.1 4.04e+00    -  2.53e-01 1.16e-01h  1
iter    objective    inf_pr   inf_du lg(mu)  ||d||  lg(rg) alpha_du alpha_pr  ls
1760  2.8754627e+01 1.08e+00 1.37e+00  -4.6 3.72e+00    -  1.70e-01 1.92e-01h  1
1761  2.8797054e+01 9.32e-01 2.69e+00  -3.6 5.38e+00    -  2.29e-01 1.39e-01h  1
1762  2.8795037e+01 5.70e-01 7.91e-01  -4.0 2.38e+00    -  3.56e-01 3.89e-01h  1
1763  2.8785985e+01 5.09e-01 7.97e+00  -3.7 3.33e+00    -  5.05e-01 1.07e-01h  1
1764  2.8862427e+01 2.71e-01 3.25e+00  -4.0 2.12e+00    -  4.18e-01 4.66e-01h  1
1765  2.8787240e+01 1.37e-01 3.19e+01  -4.0 4.32e-01    -  5.28e-01 4.94e-01h  1
1766  2.8746394e+01 8.45e-02 1.03e+01  -4.4 3.21e-01    -  8.96e-01 3.86e-01h  1
1767  2.8743550e+01 3.87e-02 5.33e+00  -4.3 3.69e-01    -  7.93e-01 5.49e-01h  1
1768  2.8727056e+01 2.42e-02 4.34e+00  -4.1 3.74e-01    -  8.73e-01 3.74e-01h  1
1769  2.8707855e+01 3.32e-03 2.63e+00  -4.4 1.67e-01    -  1.00e+00 1.00e+00h  1
iter    objective    inf_pr   inf_du lg(mu)  ||d||  lg(rg) alpha_du alpha_pr  ls
1770  2.8681453e+01 3.31e-03 1.14e+00  -4.5 9.53e-02    -  1.00e+00 1.00e+00h  1
1771  2.8666918e+01 1.48e-03 1.07e+00  -4.8 9.27e-02    -  1.00e+00 5.52e-01h  1
1772  2.8655249e+01 8.72e-04 1.11e+00  -4.9 1.55e-01    -  1.00e+00 4.76e-01h  1
1773  2.8652948e+01 4.00e-03 1.10e+00  -4.5 2.61e-01    -  9.09e-01 3.14e-01h  1
1774  2.8658678e+01 3.18e-03 7.45e-01  -4.3 7.67e-01    -  5.63e-01 4.42e-01h  1
1775  2.8651508e+01 1.13e-02 3.24e+00  -4.5 1.67e+00    -  5.37e-01 2.36e-01h  2
1776  2.8644508e+01 4.34e-01 2.13e+00  -4.7 2.85e+00    -  2.08e-02 8.75e-02H  1
1777  2.8621853e+01 2.48e-01 2.09e+00  -5.5 8.70e-01    -  5.07e-01 4.34e-01h  1
1778  2.8640801e+01 1.75e-01 1.49e+00  -4.3 2.19e+00    -  3.26e-01 3.07e-01H  1
1779  2.8627491e+01 4.61e+00 2.99e+00  -4.8 1.17e+00    -  6.29e-01 3.64e-01h  1
iter    objective    inf_pr   inf_du lg(mu)  ||d||  lg(rg) alpha_du alpha_pr  ls
1780  2.8626344e+01 4.57e+00 3.42e+00  -4.8 6.34e-01    -  8.79e-02 9.47e-03h  1
1781  2.8617601e+01 4.35e+00 3.33e+00  -4.8 3.81e+00    -  2.21e-02 5.03e-02h  1
1782  2.8610166e+01 4.20e+00 2.98e+00  -5.5 4.28e+00    -  9.17e-02 3.39e-02h  1
1783  2.8622926e+01 4.02e+00 2.93e+00  -3.5 1.73e+00    -  2.66e-02 4.36e-02h  1
1784  2.8622073e+01 4.00e+00 1.83e+00  -4.6 2.85e+00    -  1.14e-01 6.20e-03h  1
1785  2.8615153e+01 3.64e+00 2.40e+00  -4.6 3.40e+00    -  2.39e-02 8.62e-02h  1
1786  2.8611690e+01 3.51e+00 1.51e+00  -5.9 3.27e+00    -  1.44e-01 3.70e-02h  1
1787  2.8624642e+01 3.22e+00 1.49e+00  -3.9 3.54e+00    -  6.23e-02 8.19e-02h  1
1788  2.8622906e+01 3.03e+00 1.35e+00  -4.6 4.07e+00    -  7.84e-02 5.74e-02h  1
1789  2.8623642e+01 2.74e+00 1.29e+00  -4.6 4.66e+00    -  1.33e-01 9.45e-02h  1
iter    objective    inf_pr   inf_du lg(mu)  ||d||  lg(rg) alpha_du alpha_pr  ls
1790  2.8622987e+01 2.55e+00 1.54e+00  -4.6 4.29e+00    -  1.06e-01 6.69e-02h  1
1791  2.8622482e+01 2.31e+00 1.74e+00  -4.6 4.40e+00    -  1.34e-01 9.49e-02h  1
1792  2.8634706e+01 1.94e+00 1.39e+00  -4.6 4.99e+00    -  1.10e-01 1.61e-01h  1
1793  2.8631277e+01 1.87e+00 1.13e+00  -4.6 4.42e+00    -  1.39e-01 3.26e-02h  1
1794  2.8648249e+01 1.70e+00 1.29e+00  -4.6 7.80e+00    -  3.32e-02 1.06e-01h  1
1795  2.8628352e+01 1.39e+00 2.61e+00  -4.6 3.41e+00    -  9.57e-02 1.88e-01h  1
1796  2.8608568e+01 3.64e+00 4.01e+00  -4.6 3.65e+00    -  4.82e-02 1.22e-01h  1
1797  2.8604790e+01 1.33e+00 3.27e+00  -4.1 3.08e+00    -  1.26e-01 9.42e-02f  1
1798  2.8628303e+01 1.05e+00 2.52e+00  -4.1 2.49e+00    -  2.21e-01 2.17e-01h  1
1799  2.8619066e+01 1.86e+00 1.89e+00  -4.5 2.21e+00    -  1.01e-01 2.09e-01H  1
iter    objective    inf_pr   inf_du lg(mu)  ||d||  lg(rg) alpha_du alpha_pr  ls
1800  2.8617457e+01 1.82e+00 1.66e+00  -4.5 7.07e+00    -  5.52e-02 2.25e-02h  3
1801  2.8598809e+01 1.06e+00 1.37e+00  -4.5 3.54e+00    -  1.99e-01 4.20e-01h  1
1802  2.8645678e+01 1.04e+00 7.18e-01  -3.5 8.54e+00    -  8.38e-02 1.88e-02f  4
1803  2.8622372e+01 7.72e-01 3.09e+00  -4.3 2.09e+00    -  5.56e-01 2.58e-01h  1
1804  2.9077867e+01 5.46e-01 2.74e+00  -4.3 2.12e+00    -  1.49e-01 3.00e-01h  1
1805  2.8688005e+01 2.46e-01 1.53e+00  -4.3 9.74e-01    -  6.70e-01 5.51e-01f  1
1806  2.8599780e+01 5.51e+00 1.30e+00  -4.3 7.16e-01    -  9.31e-01 6.44e-01h  1
1807  2.8595183e+01 4.40e+00 7.22e+00  -4.3 5.40e+00    -  1.52e-02 2.02e-01h  1
1808  2.8674320e+01 8.17e-01 3.56e+00  -4.9 6.23e+00    -  2.70e-01 7.51e-02h  1
1809  2.8571727e+01 6.23e+00 6.18e+00  -4.5 1.85e+00    -  2.36e-01 9.86e-01h  1
iter    objective    inf_pr   inf_du lg(mu)  ||d||  lg(rg) alpha_du alpha_pr  ls
1810  2.8785781e+01 1.02e+00 4.24e+00  -3.8 5.54e+00    -  2.84e-01 2.96e-01h  1
1811  2.8635380e+01 6.67e+00 1.25e+00  -4.2 2.55e+00    -  5.19e-01 6.83e-01h  1
1812  2.8607198e+01 6.25e+00 3.86e+00  -4.2 6.68e+00    -  1.41e-01 6.28e-02h  1
1813  2.8605791e+01 5.43e+00 3.75e+00  -4.2 4.95e+00    -  1.52e-01 1.32e-01h  1
1814  2.9148468e+01 6.53e-01 3.95e+00  -4.2 9.48e+00    -  1.02e-01 5.97e-02h  1
1815  2.8951260e+01 5.27e-01 2.00e+00  -4.2 1.59e+00    -  3.41e-02 1.96e-01f  1
1816  2.8709319e+01 3.13e-01 1.15e+00  -4.2 1.65e+00    -  4.23e-01 4.23e-01f  1
1817  2.8681500e+01 1.02e+00 2.02e+00  -4.2 1.36e+00    -  2.33e-02 1.02e-01F  1
1818  2.8973965e+01 9.41e-01 1.87e+00  -4.2 5.33e+00    -  9.65e-02 9.40e-02h  1
1819  2.8862908e+01 7.95e-01 2.20e+00  -4.2 1.14e+00    -  4.15e-02 1.55e-01h  1
iter    objective    inf_pr   inf_du lg(mu)  ||d||  lg(rg) alpha_du alpha_pr  ls
1820  2.8854723e+01 8.92e-01 3.37e+00  -4.2 1.62e+00    -  6.44e-02 1.38e-02H  1
1821  2.8846099e+01 9.38e-01 3.19e+00  -4.2 9.10e+01    -  7.25e-03 1.44e-03f  3
1822  2.8826582e+01 9.36e-01 3.08e+00  -4.2 1.72e+01    -  2.76e-03 6.06e-03f  1
1823  2.8808365e+01 9.07e-01 3.02e+00  -4.2 1.21e+00    -  2.95e-01 3.38e-02h  4
1824  2.8787990e+01 8.84e-01 3.11e+00  -4.2 1.86e+00    -  2.53e-01 2.90e-02h  5
1825  2.8784159e+01 8.79e-01 3.60e+00  -4.2 2.02e+00    -  1.47e-01 6.33e-03h  5
1826  2.8781195e+01 8.76e-01 4.27e+00  -4.2 2.02e+00    -  3.48e-01 4.67e-03h  7
1827  2.8779357e+01 8.73e-01 3.14e+00  -4.2 1.91e+00    -  1.55e-01 3.24e-03h  8
1828  2.8679585e+01 6.76e+00 2.55e+00  -4.2 2.57e+00    -  1.37e-01 3.59e-01h  1
1829  2.8661262e+01 6.42e+00 1.93e+00  -4.2 1.33e+00    -  1.37e-01 4.94e-02h  1
iter    objective    inf_pr   inf_du lg(mu)  ||d||  lg(rg) alpha_du alpha_pr  ls
1830  2.8639985e+01 5.82e+00 1.75e+00  -4.2 8.61e-01    -  9.58e-02 9.37e-02h  1
1831  2.8616504e+01 4.97e+00 1.55e+00  -4.2 9.03e-01    -  1.98e-01 1.47e-01h  1
1832  2.8609423e+01 4.61e+00 3.35e+00  -4.2 7.91e-01    -  4.33e-01 7.15e-02h  1
1833  2.8607578e+01 4.48e+00 3.20e+00  -4.2 1.87e+00    -  5.55e-02 2.99e-02h  1
1834  2.8604903e+01 3.83e+00 2.68e+00  -4.2 7.06e+00    -  1.14e-01 1.47e-01h  1
1835  2.8617861e+01 3.34e+00 2.32e+00  -4.2 7.64e+00    -  1.26e-01 1.29e-01h  1
1836  2.8614295e+01 3.19e+00 3.09e+00  -4.2 5.39e+00    -  1.30e-01 4.52e-02h  1
1837  2.8627486e+01 2.52e+00 1.43e+00  -4.2 4.46e+00    -  8.54e-02 2.11e-01h  1
1838  2.8613232e+01 2.81e+00 1.42e+00  -4.2 4.50e+00    -  2.08e-01 1.34e-01H  1
1839  2.8603474e+01 2.40e+00 1.22e+00  -4.2 5.12e+00    -  1.50e-01 1.47e-01h  1
iter    objective    inf_pr   inf_du lg(mu)  ||d||  lg(rg) alpha_du alpha_pr  ls
1840  2.8600615e+01 2.53e+00 3.85e+00  -4.2 5.58e+00    -  2.89e-01 9.18e-02h  2
1841  2.8593311e+01 1.82e+00 2.43e+00  -4.2 3.82e+00    -  2.05e-01 2.80e-01h  1
1842  2.8590099e+01 2.76e+00 1.55e+00  -4.6 3.30e+00    -  1.55e-01 4.81e-02H  1
1843  2.8632819e+01 1.26e+00 1.16e+00  -3.9 4.18e+00    -  3.49e-01 3.59e-01H  1
1844  2.8623267e+01 1.10e+00 7.19e-01  -4.2 2.07e+00    -  2.93e-01 1.21e-01h  1
1845  2.8615356e+01 1.46e+00 7.30e-01  -4.2 1.69e+00    -  7.11e-02 9.66e-02F  1
1846  2.8611284e+01 1.45e+00 7.98e-01  -4.2 4.74e+00    -  1.50e-02 6.91e-03h  1
1847  2.8609042e+01 1.15e+00 2.11e+00  -4.2 4.16e+00    -  6.22e-03 1.99e-01f  1
1848  2.8642856e+01 1.09e+00 1.60e+00  -4.2 6.31e+00    -  1.15e-01 5.49e-02h  1
1849  2.8600209e+01 1.96e-01 2.86e+00  -4.2 1.89e+00    -  1.68e-01 8.32e-01h  1
iter    objective    inf_pr   inf_du lg(mu)  ||d||  lg(rg) alpha_du alpha_pr  ls
1850  2.8611950e+01 1.85e-01 3.66e+00  -4.4 2.51e+00    -  2.20e-01 1.03e-01h  1
1851  2.8583364e+01 1.09e-01 4.38e+00  -4.7 2.82e-01    -  6.70e-01 4.23e-01h  1
1852  2.8557172e+01 5.37e+00 2.41e-01  -4.5 2.89e-01    -  1.00e+00 9.97e-01h  1
1853  2.8580029e+01 3.95e+00 3.03e-01  -3.9 5.38e+00    -  2.31e-01 2.67e-01h  1
1854  3.8359000e+01 1.12e+00 4.03e+00  -3.6 1.22e+01    -  1.14e-02 4.29e-01H  1
1855  3.1088250e+01 5.10e-01 1.89e+00  -4.3 2.45e+00    -  7.75e-01 4.98e-01f  1
1856  2.9832094e+01 3.87e-01 2.87e+00  -4.3 8.98e-01    -  6.92e-01 2.96e-01f  1
1857  2.9015960e+01 5.49e+00 9.54e-01  -4.3 1.02e+00    -  8.76e-01 4.12e-01f  1
1858  2.8789147e+01 3.61e+00 2.04e+00  -4.3 5.01e+00    -  1.51e-01 3.44e-01h  1
1859  2.8772916e+01 3.46e+00 1.44e+00  -4.3 9.42e+00    -  9.38e-02 4.20e-02h  1
iter    objective    inf_pr   inf_du lg(mu)  ||d||  lg(rg) alpha_du alpha_pr  ls
1860  2.8751880e+01 3.29e+00 1.41e+00  -4.3 4.16e+00    -  3.92e-02 4.99e-02h  1
1861  2.8756207e+01 2.98e+00 1.96e+00  -4.3 7.36e+00    -  2.22e-01 9.43e-02h  1
1862  2.8681037e+01 2.32e+00 2.82e+00  -4.3 4.41e+00    -  5.92e-03 2.20e-01f  1
1863  2.8667629e+01 2.30e+00 2.69e+00  -4.3 1.18e+01    -  6.98e-02 1.15e-02h  1
1864  2.8628086e+01 1.58e+00 3.28e+00  -4.3 3.38e+00    -  4.43e-03 3.14e-01f  1
1865  2.8642181e+01 1.35e+00 1.60e+00  -4.3 3.32e+00    -  3.12e-01 1.45e-01h  1
1866  2.8614418e+01 9.09e-01 1.07e+00  -4.3 2.38e+00    -  3.29e-01 3.30e-01f  1
1867  2.8609674e+01 3.86e+00 9.30e+00  -4.3 2.30e+00    -  3.60e-01 3.92e-02h  4
1868  2.8609051e+01 3.82e+00 8.77e+00  -4.3 2.26e+00    -  1.16e-01 1.16e-02h  1
1869  2.8591971e+01 1.46e+00 1.12e+00  -4.3 7.14e+00    -  4.07e-03 1.29e-01f  1
iter    objective    inf_pr   inf_du lg(mu)  ||d||  lg(rg) alpha_du alpha_pr  ls
1870  2.8592176e+01 1.32e+00 2.48e+00  -4.3 2.13e+00    -  4.31e-01 9.70e-02h  3
1871  2.8587676e+01 1.59e+00 2.03e+00  -4.3 2.15e+00    -  1.20e-01 7.85e-02H  1
1872  2.8586340e+01 3.13e+00 1.57e+00  -4.3 4.58e+00    -  1.76e-01 1.30e-02h  5
1873  2.8582856e+01 2.82e+00 1.65e+00  -4.3 4.76e+00    -  1.35e-01 9.82e-02h  1
1874  3.1070511e+01 1.64e+00 9.81e-01  -3.4 1.73e+01    -  8.51e-02 1.47e-01H  1
1875  3.0002351e+01 1.23e+00 9.01e-01  -4.2 3.94e+00    -  1.44e-01 2.51e-01f  1
1876  2.9929267e+01 1.20e+00 6.19e+00  -4.2 3.32e+00    -  3.61e-01 2.63e-02h  1
1877  2.9639595e+01 1.12e+00 9.09e+00  -4.2 3.15e+00    -  4.69e-03 6.55e-02f  1
1878  2.9309790e+01 9.50e-01 6.55e+00  -4.2 3.32e+00    -  6.52e-02 1.54e-01f  1
1879  2.8942354e+01 4.38e+00 5.16e+00  -4.2 3.65e+00    -  1.81e-01 2.22e-01f  1
iter    objective    inf_pr   inf_du lg(mu)  ||d||  lg(rg) alpha_du alpha_pr  ls
1880  2.8867225e+01 4.01e+00 4.75e+00  -4.2 1.75e+00    -  8.41e-02 8.56e-02h  1
1881  2.8841374e+01 3.83e+00 4.58e+00  -4.2 1.48e+00    -  2.34e-02 4.65e-02h  1
1882  2.8797237e+01 3.61e+00 3.96e+00  -4.2 1.41e+00    -  4.35e-02 5.84e-02h  1
1883  2.8774274e+01 3.46e+00 7.86e+00  -4.2 2.83e+00    -  1.29e-01 4.19e-02h  1
1884  2.8719523e+01 3.07e+00 6.78e+00  -4.2 3.59e+00    -  2.88e-01 1.13e-01h  1
1885  2.8698791e+01 2.88e+00 6.56e+00  -4.2 3.35e+00    -  4.22e-02 6.31e-02h  1
1886  2.8688047e+01 2.40e+00 5.34e+00  -4.2 4.71e+00    -  1.06e-01 1.65e-01h  1
1887  2.8655092e+01 2.06e+00 4.50e+00  -4.2 2.63e+00    -  2.19e-01 1.42e-01h  1
1888  2.8650115e+01 1.44e+00 1.96e+00  -4.2 2.68e+00    -  4.11e-02 2.98e-01h  1
1889  2.8630454e+01 1.13e+00 1.69e+00  -4.2 1.94e+00    -  2.96e-01 2.20e-01h  1
iter    objective    inf_pr   inf_du lg(mu)  ||d||  lg(rg) alpha_du alpha_pr  ls
1890  2.8626492e+01 7.42e-01 1.18e+00  -4.2 2.12e+00    -  4.06e-01 3.44e-01h  1
1891  2.8670947e+01 2.70e-01 1.97e+00  -4.2 1.87e+00    -  2.45e-01 6.37e-01h  1
1892  2.8639667e+01 1.88e-01 9.64e-01  -4.2 8.73e-01    -  5.97e-01 3.13e-01f  2
1893  2.8603389e+01 9.86e-02 6.13e+00  -4.2 3.72e-01    -  1.00e+00 4.78e-01h  1
1894  2.8581124e+01 7.70e-03 4.44e-01  -4.3 2.26e-01    -  1.00e+00 9.20e-01h  1
1895  2.8554408e+01 1.04e-03 2.09e-02  -4.7 1.23e-01    -  1.00e+00 1.00e+00h  1
1896  2.8541123e+01 5.76e-04 1.71e+00  -4.9 8.60e-02    -  1.00e+00 5.45e-01h  1
1897  2.8537789e+01 1.05e-03 1.12e-02  -4.6 6.09e-02    -  1.00e+00 1.00e+00h  1
1898  2.8527895e+01 8.69e-03 5.35e-01  -4.9 8.79e-02    -  1.00e+00 7.37e-01h  1
1899  2.8522715e+01 3.23e-03 5.94e-01  -4.9 2.00e-01    -  1.00e+00 6.14e-01h  1
iter    objective    inf_pr   inf_du lg(mu)  ||d||  lg(rg) alpha_du alpha_pr  ls
1900  2.8523742e+01 2.73e-03 1.19e+00  -4.7 2.13e-01    -  1.00e+00 5.70e-01h  1
1901  2.8532345e+01 1.37e-03 4.37e-01  -4.7 2.66e-01    -  9.39e-01 8.46e-01H  1
1902  2.8523700e+01 6.42e+00 4.56e-01  -4.9 1.11e-01    -  1.00e+00 9.82e-01h  1
1903  2.8522458e+01 6.25e+00 4.46e-01  -5.0 8.15e-01    -  3.60e-02 2.63e-02h  1
1904  2.8566923e+01 3.63e-02 1.23e+00  -3.5 2.77e+00    -  3.67e-02 1.10e-01f  1
1905  2.8564331e+01 5.65e+00 7.88e-01  -4.7 7.88e-01    -  1.34e-02 3.89e-02H  1
1906  2.8563535e+01 5.37e+00 1.54e+00  -4.7 1.06e+00    -  1.51e-01 4.85e-02h  1
1907  2.8558862e+01 4.59e+00 1.32e+00  -4.7 9.07e-01    -  1.46e-01 1.46e-01h  1
1908  2.8555108e+01 4.25e+00 1.19e+00  -4.7 7.11e-01    -  8.41e-02 7.58e-02h  1
1909  2.8553879e+01 4.19e+00 1.26e+00  -4.7 8.12e-01    -  4.64e-02 1.25e-02h  1
iter    objective    inf_pr   inf_du lg(mu)  ||d||  lg(rg) alpha_du alpha_pr  ls
1910  2.8554040e+01 4.17e+00 1.77e+00  -4.7 3.19e+00    -  2.59e-02 6.70e-03h  1
1911  2.8550271e+01 3.97e+00 1.84e+00  -4.7 5.03e+00    -  6.71e-02 4.88e-02h  1
1912  2.8546864e+01 3.82e+00 2.33e+00  -4.7 5.29e+00    -  6.26e-02 3.61e-02h  1
1913  2.8555989e+01 3.24e+00 2.57e+00  -4.7 5.32e+00    -  5.88e-02 1.58e-01h  1
1914  2.8552018e+01 3.06e+00 2.61e+00  -4.7 4.54e+00    -  4.55e-02 5.44e-02h  1
1915  2.8549658e+01 2.96e+00 1.79e+00  -4.7 4.32e+00    -  2.05e-01 3.16e-02h  1
1916  2.8547684e+01 2.67e+00 1.69e+00  -4.7 4.78e+00    -  8.68e-02 9.82e-02h  2
1917  2.8540260e+01 2.43e+00 1.62e+00  -4.7 4.84e+00    -  7.94e-02 9.20e-02h  1
1918  2.8537901e+01 2.16e+00 2.41e+00  -4.7 5.47e+00    -  5.36e-02 1.10e-01h  1
1919  2.8535102e+01 1.88e+00 1.79e+00  -4.7 4.16e+00    -  1.92e-01 1.32e-01h  1
iter    objective    inf_pr   inf_du lg(mu)  ||d||  lg(rg) alpha_du alpha_pr  ls
1920  2.8531775e+01 3.00e+00 2.20e+00  -4.7 5.13e+00    -  9.59e-02 1.01e-01h  1
1921  2.8524754e+01 2.69e+00 2.81e+00  -4.7 3.47e+00    -  1.73e-01 1.01e-01h  1
1922  2.8519226e+01 2.37e+00 1.54e+01  -4.7 3.02e+00    -  1.70e-01 1.22e-01h  1
1923  2.8512880e+01 2.16e+00 2.72e+00  -6.8 2.68e+00    -  8.12e-02 1.11e-01h  1
1924  2.8519464e+01 1.87e+00 2.04e+00  -4.1 3.20e+00    -  1.82e-01 1.36e-01h  1
1925  2.8519664e+01 2.96e+00 1.62e+00  -4.6 3.06e+00    -  1.19e-01 6.98e-02h  2
1926  2.8519519e+01 2.57e+00 7.20e-01  -4.7 4.46e+00    -  7.85e-02 1.35e-01h  1
1927  2.8545366e+01 2.24e+00 1.15e+00  -4.7 4.19e+00    -  7.98e-02 1.29e-01h  1
1928  2.8538296e+01 1.97e+00 1.29e+00  -4.7 3.58e+00    -  1.94e-01 1.21e-01h  1
1929  2.8537434e+01 1.97e+00 2.31e+00  -4.7 4.01e+00    -  1.02e-01 1.42e-03h  6
iter    objective    inf_pr   inf_du lg(mu)  ||d||  lg(rg) alpha_du alpha_pr  ls
1930  2.8528455e+01 2.33e+00 1.69e+00  -4.7 2.99e+00    -  7.35e-02 1.34e-01H  1
1931  2.8527564e+01 2.31e+00 1.80e+00  -4.7 4.39e+00    -  3.33e-02 1.12e-02h  5
1932  2.8523909e+01 2.50e+00 2.46e+00  -4.7 3.53e+00    -  1.28e-01 7.99e-02H  1
1933  2.8523884e+01 2.46e+00 2.97e+00  -4.7 6.49e+00    -  3.43e-02 1.43e-02h  4
1934  2.8522563e+01 2.30e+00 3.13e+00  -4.7 3.71e+00    -  3.17e-02 6.59e-02h  1
1935  2.8630880e+01 2.19e+00 3.34e+00  -4.7 5.32e+00    -  6.98e-02 4.75e-02h  3
1936  2.8628164e+01 2.17e+00 2.38e+00  -4.7 3.31e+00    -  6.45e-02 1.18e-02h  4
1937  2.8626290e+01 2.15e+00 2.28e+00  -4.7 3.26e+00    -  4.81e-02 6.17e-03h  5
1938  2.8626116e+01 2.15e+00 2.56e+00  -4.7 3.27e+00    -  8.71e-02 6.51e-04h  9
1939  2.8625601e+01 2.15e+00 2.63e+00  -4.7 4.36e+00    -  3.52e-02 1.06e-03h  8
iter    objective    inf_pr   inf_du lg(mu)  ||d||  lg(rg) alpha_du alpha_pr  ls
1940  2.8625585e+01 2.15e+00 2.54e+06  -4.7 3.34e+00    -  6.86e-02 6.49e-05h 13
1941  2.8531462e+01 2.52e+00 4.72e+00  -4.7 1.03e+00    -  1.39e-01 4.87e-01h  1
1942  2.8509509e+01 2.27e+00 5.81e+00  -4.7 2.72e+00    -  4.20e-02 3.79e-02h  1
1943  2.8515486e+01 2.89e+00 3.73e+00  -4.3 3.27e+00    -  3.02e-01 1.89e-01h  1
1944  3.0058404e+01 2.29e+00 3.29e+00  -4.6 5.47e+00    -  3.32e-02 2.07e-01h  1
1945  2.9718833e+01 2.02e+00 2.88e+00  -4.6 2.88e+00    -  5.45e-02 1.16e-01h  1
1946  2.9465353e+01 2.31e+00 2.73e+00  -4.6 2.88e+00    -  2.10e-02 1.09e-01F  1
1947  2.9149279e+01 2.70e+00 4.89e+00  -4.6 2.14e+00    -  1.93e-03 1.47e-01f  1
1948  2.9019071e+01 2.46e+00 3.50e+00  -4.6 3.60e+00    -  1.13e-01 9.12e-02f  1
1949  2.8871409e+01 2.64e+00 4.95e+00  -4.6 3.16e+00    -  5.90e-02 1.60e-01h  1
iter    objective    inf_pr   inf_du lg(mu)  ||d||  lg(rg) alpha_du alpha_pr  ls
1950  2.8850886e+01 2.60e+00 5.18e+00  -4.6 7.13e-01    -  5.23e-03 1.66e-02h  1
1951  2.8842484e+01 2.54e+00 4.52e+00  -4.6 7.89e+00    -  2.02e-05 2.40e-02f  1
1952  2.8884076e+01 2.49e+00 4.47e+00  -4.6 2.33e+01    -  2.23e-02 1.85e-02h  1
1953  2.8802447e+01 2.18e+00 2.43e+00  -4.6 3.00e+00    -  2.99e-02 1.25e-01h  1
1954  2.8754623e+01 2.66e+00 7.19e+00  -4.6 2.77e+00    -  2.68e-02 6.07e-02h  1
1955  2.8751521e+01 2.64e+00 5.35e+00  -4.6 1.47e+00    -  2.46e-02 7.55e-03h  1
1956  2.8627169e+01 2.70e+00 3.66e+00  -4.6 4.90e+01    -  5.40e-04 3.04e-03f  2
1957  2.8626281e+01 2.70e+00 2.61e+00  -4.6 2.92e+00    -  7.85e-02 2.08e-03h  1
1958  2.8598361e+01 2.05e+00 2.57e+00  -4.6 4.06e+00    -  2.57e-01 2.36e-01f  1
1959  2.8552136e+01 1.56e+00 2.60e+00  -4.6 2.89e+00    -  1.13e-01 2.34e-01h  1
iter    objective    inf_pr   inf_du lg(mu)  ||d||  lg(rg) alpha_du alpha_pr  ls
1960  2.8532783e+01 1.51e+00 2.53e+00  -4.6 3.19e+00    -  1.30e-01 3.47e-02h  1
1961  2.8531854e+01 1.48e+00 2.44e+00  -4.6 2.05e+00    -  3.06e-02 1.94e-02h  1
1962  2.8524137e+01 1.43e+00 2.30e+00  -4.6 5.72e+00    -  1.17e-01 3.67e-02f  2
1963  2.8517335e+01 1.23e+00 1.99e+00  -4.6 2.44e+00    -  9.74e-02 1.35e-01h  1
1964  2.8521723e+01 1.18e+00 1.74e+00  -4.3 4.98e+00    -  1.41e-01 5.28e-02h  2
1965  2.8526463e+01 9.40e-01 3.85e+00  -4.0 1.76e+00    -  3.91e-01 2.24e-01h  1
1966  2.8525616e+01 4.85e+00 3.66e+00  -4.4 3.34e+00    -  1.34e-01 9.57e-02h  1
1967  2.8521373e+01 1.38e+00 4.27e+00  -4.4 3.44e+00    -  8.31e-02 3.25e-01h  1
1968  2.8521889e+01 1.32e+00 4.32e+00  -4.4 2.99e+00    -  1.19e-02 4.13e-02h  4
1969  2.8520841e+01 1.15e+00 3.85e+00  -4.4 2.47e+00    -  2.72e-01 1.31e-01h  1
iter    objective    inf_pr   inf_du lg(mu)  ||d||  lg(rg) alpha_du alpha_pr  ls
1970  2.8519339e+01 1.14e+00 4.05e+00 -10.3 3.07e+00    -  1.16e-01 1.32e-02h  4
1971  2.8509868e+01 9.97e-01 2.64e+00  -5.1 6.04e-01    -  3.87e-01 3.73e-01h  1
1972  2.8507549e+01 4.63e+00 2.17e+00  -4.5 2.51e+00    -  3.68e-01 1.12e-01h  2
1973  2.8527993e+01 1.48e+00 1.81e+00  -4.2 3.86e+00    -  1.96e-01 3.11e-01h  1
1974  2.8526244e+01 1.39e+00 1.75e+00  -4.5 3.31e+00    -  1.27e-02 6.16e-02h  3
1975  2.8516802e+01 4.87e+00 1.76e+00  -4.5 3.07e+00    -  2.68e-01 3.64e-01h  1
1976  2.8777071e+01 7.14e-01 1.68e+00  -4.5 4.98e+00    -  8.96e-02 1.33e-01h  1
1977  2.8746711e+01 1.00e+00 1.79e+00  -4.5 1.52e+00    -  2.61e-02 6.02e-02H  1
1978  2.8733082e+01 1.00e+00 1.81e+00  -4.5 1.47e+01    -  3.77e-03 2.65e-03h  3
1979  2.8712312e+01 9.71e-01 1.99e+00  -4.5 3.30e+00    -  4.93e-02 3.61e-02h  3
iter    objective    inf_pr   inf_du lg(mu)  ||d||  lg(rg) alpha_du alpha_pr  ls
1980  2.8706532e+01 9.64e-01 6.75e+00  -4.5 2.47e+00    -  2.30e-01 8.64e-03h  4
1981  2.8706208e+01 9.64e-01 3.11e+00  -4.5 5.74e+00    -  1.56e-01 4.83e-04h  8
1982  2.8657800e+01 4.56e+00 5.67e+00  -4.5 4.97e+00    -  2.13e-01 9.05e-02h  1
1983  2.8635799e+01 4.50e+00 6.63e+00  -4.5 3.71e+00    -  9.18e-02 1.19e-02h  1
1984  2.8604206e+01 3.69e+00 5.19e+00  -4.5 3.37e+00    -  1.30e-01 1.81e-01h  1
1985  2.8595272e+01 3.53e+00 5.17e+00  -4.5 1.15e+01    -  3.84e-02 4.27e-02h  1
1986  2.8590696e+01 3.47e+00 3.00e+00  -4.5 4.53e+00    -  1.20e-01 1.85e-02h  1
1987  2.8640081e+01 3.22e+00 3.89e+00  -4.5 7.88e+00    -  1.11e-01 7.25e-02h  2
1988  2.8627356e+01 3.09e+00 3.87e+00  -4.5 5.04e+00    -  5.13e-02 4.18e-02h  1
1989  2.8632001e+01 2.98e+00 5.86e+00  -4.5 4.40e+00    -  1.22e-01 3.55e-02h  3
iter    objective    inf_pr   inf_du lg(mu)  ||d||  lg(rg) alpha_du alpha_pr  ls
1990  2.8595066e+01 2.50e+00 3.68e+00  -4.5 3.36e+00    -  7.65e-02 1.61e-01h  1
1991  2.8590507e+01 1.84e+00 3.33e+00  -4.5 5.61e+00    -  7.16e-02 2.67e-01h  1
1992  2.8557398e+01 1.72e+00 2.96e+00  -4.5 5.33e+00    -  1.50e-01 6.48e-02h  1
1993  2.8524487e+01 1.43e+00 1.35e+01  -4.5 3.63e+00    -  5.21e-01 1.69e-01h  1
1994  2.8512764e+01 1.91e+00 1.04e+01  -4.5 2.90e+00    -  6.84e-02 1.45e-01H  1
1995  2.8522875e+01 1.55e+00 9.25e+00  -4.5 3.34e+00    -  2.51e-01 1.88e-01h  1
1996  2.8517356e+01 1.76e+00 8.62e+00  -4.5 2.86e+00    -  1.19e-02 6.75e-02F  1
1997  2.8515595e+01 1.72e+00 8.10e+00  -4.5 6.36e+00    -  1.58e-01 2.63e-02h  1
1998  2.8512889e+01 1.43e+00 7.85e+00  -4.5 3.23e+00    -  8.19e-02 1.68e-01f  1
1999  2.8664170e+01 1.34e+00 7.25e+00  -4.5 7.77e+00    -  6.89e-02 6.31e-02h  1
iter    objective    inf_pr   inf_du lg(mu)  ||d||  lg(rg) alpha_du alpha_pr  ls
2000  2.8642032e+01 1.25e+00 5.18e+00  -4.5 2.26e+00    -  2.54e-01 7.12e-02f  1
2001  2.8615415e+01 1.13e+00 6.44e+00  -4.5 2.28e+00    -  2.57e-01 9.64e-02h  3
2002  2.8583248e+01 1.41e+00 5.94e+00  -4.5 2.02e+00    -  4.97e-02 7.90e-02H  1
2003  2.8562040e+01 1.36e+00 5.79e+00  -4.5 4.58e+00    -  2.61e-02 3.79e-02f  3
2004  2.8556163e+01 1.28e+00 5.06e+00  -4.5 2.50e+00    -  3.80e-01 5.54e-02h  1
2005  2.8551557e+01 1.25e+00 5.13e+00  -4.5 2.36e+00    -  9.73e-02 2.65e-02h  4
2006  2.8551105e+01 1.24e+00 5.34e+00  -4.5 2.31e+00    -  7.42e-01 4.45e-03h  8
2007  2.8550773e+01 1.24e+00 4.42e+00  -4.5 2.81e+00    -  3.20e-01 2.20e-03h  9
2008  2.8508231e+01 4.18e+00 1.85e+00  -4.5 2.46e+00    -  6.01e-01 5.81e-01h  1
2009  2.8668965e+01 1.41e+00 1.51e+00  -3.5 8.70e+00    -  1.36e-01 1.78e-01f  1
iter    objective    inf_pr   inf_du lg(mu)  ||d||  lg(rg) alpha_du alpha_pr  ls
2010  2.8592533e+01 5.26e+00 2.97e+00  -4.3 4.74e+00    -  1.41e-02 3.27e-01h  1
2011  2.8787548e+01 1.14e+00 2.56e+00  -4.3 5.52e+00    -  1.29e-01 1.21e-01h  1
2012  2.8758664e+01 1.43e+00 2.41e+00  -4.3 3.49e+00    -  7.11e-02 5.40e-02H  1
2013  2.8763167e+01 1.39e+00 2.36e+00  -4.3 9.12e+00    -  3.24e-02 2.83e-02h  3
2014  2.8740549e+01 1.31e+00 2.23e+00  -4.3 2.55e+00    -  5.82e-02 6.17e-02h  1
2015  2.8693394e+01 1.22e+00 2.01e+00  -4.3 1.67e+00    -  7.23e-02 6.73e-02h  1
2016  2.8686692e+01 1.20e+00 1.89e+00  -4.3 1.69e+00    -  2.78e-02 1.88e-02h  1
2017  2.8644764e+01 1.84e+00 2.62e+00  -4.3 3.43e+00    -  1.03e-02 1.39e-01F  1
2018  2.8622592e+01 1.79e+00 1.90e+00  -4.3 3.17e+00    -  6.45e-02 2.57e-02h  1
2019  2.8555472e+01 1.17e+00 3.92e+00  -4.3 3.14e+00    -  9.33e-02 3.47e-01f  1
iter    objective    inf_pr   inf_du lg(mu)  ||d||  lg(rg) alpha_du alpha_pr  ls
2020  2.8626689e+01 9.63e-01 2.75e+00  -4.3 3.20e+00    -  2.10e-01 1.80e-01h  1
2021  2.8548276e+01 4.29e+00 1.86e+00  -4.3 9.60e-01    -  4.64e-01 5.04e-01f  1
2022  2.8545287e+01 4.10e+00 2.16e+00  -4.3 5.34e+00    -  1.05e-01 4.45e-02h  1
2023  2.8541155e+01 6.37e-01 1.54e+00  -4.3 1.02e+01    -  2.93e-02 6.32e-03h  1
2024  2.8541611e+01 4.12e+00 3.27e+00  -4.3 4.26e+00    -  1.83e-03 5.45e-03f  5
2025  2.8538509e+01 6.87e-01 1.53e+00  -4.3 5.23e+00    -  4.96e-02 2.22e-02h  1
2026  2.8538147e+01 6.84e-01 1.55e+00  -4.3 7.35e-01    -  4.43e-02 5.05e-03h  1
2027  2.8537702e+01 7.69e-01 2.09e+00  -4.3 1.93e-01    -  5.77e-04 2.10e-02F  1
2028  2.8521669e+01 7.28e-01 2.01e+00  -4.3 1.19e+00    -  3.11e-02 5.27e-02h  1
2029  2.8548298e+01 4.34e+00 1.71e+01  -3.1 3.53e-01    -  1.45e-01 6.70e-02f  1
iter    objective    inf_pr   inf_du lg(mu)  ||d||  lg(rg) alpha_du alpha_pr  ls
2030  2.8548711e+01 4.14e+00 8.36e+00  -3.9 1.46e+00    -  1.74e-02 5.44e-02h  1
2031  2.8552515e+01 3.82e+00 9.72e+00  -3.9 9.93e-01    -  4.28e-02 7.77e-02h  1
2032  2.8554433e+01 3.61e+00 9.77e+00  -3.9 5.86e-01    -  7.51e-02 5.33e-02h  1
2033  2.8559086e+01 3.39e+00 1.13e+01  -3.9 3.34e+00    -  1.28e-01 6.14e-02h  1
2034  2.8582916e+01 2.76e+00 7.89e+00  -3.9 4.59e+00    -  2.30e-01 1.84e-01h  1
2035  2.8595810e+01 2.43e+00 5.95e+00  -3.9 4.96e+00    -  2.73e-01 1.19e-01h  1
2036  2.8612561e+01 2.02e+00 5.31e+00  -3.9 4.80e+00    -  2.26e-01 1.72e-01h  1
2037  2.8608769e+01 2.20e+00 4.50e+00  -3.9 5.09e+00    -  1.37e-01 1.85e-01H  1
2038  2.8600936e+01 1.95e+00 3.89e+00  -3.9 3.10e+00    -  3.01e-02 1.15e-01h  1
2039  2.8591676e+01 3.02e+00 3.55e+00  -3.9 3.11e+00    -  9.25e-02 1.49e-01h  1
iter    objective    inf_pr   inf_du lg(mu)  ||d||  lg(rg) alpha_du alpha_pr  ls
2040  2.8600577e+01 2.70e+00 3.14e+00  -3.9 5.59e+00    -  7.61e-02 1.10e-01h  4
2041  2.8689901e+01 1.23e+00 1.35e+00  -3.9 5.43e+00    -  3.12e-01 5.54e-01h  1
2042  2.9156000e+01 4.74e-01 2.37e+00  -3.9 2.70e+00    -  2.53e-01 5.93e-01h  1
2043  2.8763445e+01 2.42e-01 1.21e+01  -3.9 8.29e-01    -  5.47e-02 5.33e-01f  1
2044  2.8649860e+01 1.19e-01 2.05e+00  -3.9 7.29e-01    -  8.86e-01 7.73e-01f  1
2045  2.8634786e+01 3.84e-03 1.35e+01  -3.9 2.89e-01    -  2.56e-01 1.00e+00f  1
2046  2.8627972e+01 4.52e-03 6.19e+00  -3.9 9.20e-02    -  4.40e-01 1.00e+00h  1
2047  2.8623311e+01 1.70e-03 1.80e+00  -3.9 1.39e-01    -  7.86e-01 1.00e+00h  1
2048  2.8592589e+01 1.40e-03 2.01e+00  -4.1 2.17e-01    -  1.00e+00 6.30e-01h  1
2049  2.8543667e+01 5.39e-03 9.39e-02  -4.2 2.13e-01    -  1.00e+00 1.00e+00h  1
iter    objective    inf_pr   inf_du lg(mu)  ||d||  lg(rg) alpha_du alpha_pr  ls
2050  2.8541870e+01 5.44e-03 4.82e-01  -4.2 1.10e-01    -  1.00e+00 1.00e+00h  1
2051  2.8534876e+01 1.57e-03 2.79e-01  -4.2 8.51e-02    -  1.00e+00 1.00e+00h  1
2052  2.8532212e+01 2.11e-03 1.43e-01  -4.2 3.48e-02    -  1.00e+00 1.00e+00h  1
2053  2.8501434e+01 7.14e-03 3.90e-01  -4.6 1.12e-01    -  1.00e+00 1.00e+00h  1
2054  2.8517769e+01 4.23e-03 9.60e-02  -4.3 1.35e-01    -  1.00e+00 1.00e+00h  1
2055  2.8503761e+01 6.26e+00 1.00e+00  -4.4 1.95e-01    -  1.00e+00 8.42e-01h  1
2056  2.8501912e+01 5.83e+00 9.63e-01  -4.4 8.21e-01    -  9.45e-02 6.93e-02h  1
2057  2.8501900e+01 5.32e+00 8.15e-01  -4.4 7.68e-01    -  1.36e-01 8.63e-02h  1
2058  2.8502935e+01 4.73e+00 1.74e+00  -4.4 6.89e-01    -  2.86e-01 1.12e-01h  1
2059  2.8507391e+01 1.81e-01 1.97e+00  -4.4 2.01e+00    -  8.66e-03 5.09e-02h  1
iter    objective    inf_pr   inf_du lg(mu)  ||d||  lg(rg) alpha_du alpha_pr  ls
2060  2.8502101e+01 1.36e-01 2.20e+00  -4.4 1.61e-01    -  2.06e-01 2.62e-01h  1
2061  2.8494578e+01 4.63e+00 1.16e+00  -4.4 3.49e-01    -  3.45e-01 4.08e-01f  1
2062  2.8556990e+01 4.23e-01 1.64e+00  -3.2 3.36e+00    -  3.06e-02 8.67e-02f  1
2063  2.8555424e+01 5.48e-01 1.87e+00  -4.3 5.74e-01    -  1.03e-01 2.82e-02H  1
2064  2.8542644e+01 4.55e-01 3.61e+00  -4.3 6.96e-01    -  1.56e-01 1.82e-01h  1
2065  2.8521221e+01 4.40e+00 3.77e+00  -4.3 3.52e-01    -  3.87e-02 3.23e-01h  1
2066  2.8519747e+01 4.30e+00 4.35e+00  -4.3 2.20e+00    -  5.95e-02 2.41e-02h  1
2067  2.8516288e+01 3.91e+00 3.85e+00  -4.3 5.46e+00    -  6.74e-02 9.18e-02h  2
2068  2.8511279e+01 3.44e+00 3.44e+00  -4.3 5.50e+00    -  1.11e-01 1.19e-01h  1
2069  2.8513920e+01 2.97e+00 2.82e+00  -4.3 4.72e+00    -  1.68e-01 1.39e-01h  1
iter    objective    inf_pr   inf_du lg(mu)  ||d||  lg(rg) alpha_du alpha_pr  ls
2070  2.8508034e+01 2.59e+00 3.16e+00  -4.3 4.49e+00    -  1.91e-01 1.28e-01h  1
2071  2.8499522e+01 2.83e+00 2.81e+00  -4.3 4.43e+00    -  1.18e-01 1.14e-01H  1
2072  2.8524737e+01 2.37e+00 2.81e+00  -3.8 3.50e+00    -  9.64e-02 1.81e-01f  1
2073  2.8522300e+01 2.57e+00 1.63e+00  -4.3 2.59e+00    -  1.71e-01 9.72e-02h  1
2074  2.8521139e+01 2.45e+00 2.89e+00  -4.3 3.35e+00    -  1.46e-01 4.84e-02h  1
2075  2.8520294e+01 2.38e+00 4.00e+00  -4.3 5.77e+00    -  9.86e-02 4.62e-02h  3
2076  2.8516598e+01 2.28e+00 5.12e+00  -4.3 2.59e+00    -  1.18e-01 3.88e-02h  1
2077  2.8507629e+01 2.61e+00 5.00e+00  -4.3 6.56e+00    -  1.27e-01 4.04e-02h  2
2078  2.8510767e+01 1.83e+00 2.05e+00  -4.3 3.40e+00    -  1.60e-01 3.05e-01h  1
2079  2.8626432e+01 1.48e+00 1.76e+00  -4.3 4.20e+00    -  1.17e-01 1.92e-01h  1
iter    objective    inf_pr   inf_du lg(mu)  ||d||  lg(rg) alpha_du alpha_pr  ls
2080  2.8576097e+01 1.13e+00 1.75e+00  -4.3 1.92e+00    -  4.03e-01 2.38e-01h  1
2081  2.8551001e+01 1.03e+00 2.30e+00  -4.3 1.53e+00    -  1.89e-01 8.38e-02f  1
2082  2.8538925e+01 9.01e-01 1.63e+01  -4.3 1.42e+00    -  3.15e-01 1.29e-01h  1
2083  2.8590432e+01 6.64e-01 1.22e+01  -4.3 2.49e+00    -  2.72e-01 2.61e-01h  1
2084  2.8516959e+01 1.76e-01 1.07e+00  -4.3 9.27e-01    -  1.00e+00 7.45e-01h  1
2085  2.8516722e+01 1.22e-01 6.86e-01  -4.3 3.28e-01    -  3.45e-01 3.09e-01h  1
2086  2.8510491e+01 7.85e-04 3.84e-02  -4.3 2.05e-01    -  1.00e+00 1.00e+00h  1
2087  2.8491526e+01 2.84e-03 2.18e-01  -4.6 1.37e-01    -  1.00e+00 8.53e-01h  1
2088  2.8475595e+01 1.31e-03 3.76e+00  -5.0 2.01e-01    -  1.00e+00 5.39e-01h  1
2089  2.8476071e+01 1.09e-03 3.96e+00  -4.4 5.18e-01    -  1.00e+00 4.38e-01h  1
iter    objective    inf_pr   inf_du lg(mu)  ||d||  lg(rg) alpha_du alpha_pr  ls
2090  2.8473417e+01 4.72e+00 5.89e+00  -4.6 6.25e-01    -  6.56e-01 4.11e-01h  1
2091  2.8478323e+01 4.66e+00 3.97e+00  -3.3 2.71e+00    -  5.24e-02 1.45e-02f  1
2092  2.8490910e+01 4.22e+00 3.50e+00  -4.4 3.48e+00    -  3.04e-03 1.31e-01h  1
2093  2.8493208e+01 3.55e+00 3.16e+00  -4.4 3.74e+00    -  1.36e-01 1.52e-01h  1
2094  2.8489595e+01 3.41e+00 3.05e+00  -4.4 3.70e+00    -  4.11e-02 3.87e-02h  1
2095  2.8482712e+01 3.04e+00 4.28e+00  -4.4 3.78e+00    -  1.52e-02 1.08e-01h  1
2096  2.8480461e+01 2.98e+00 3.56e+00  -4.4 3.06e+00    -  1.02e-01 2.00e-02h  1
2097  2.8474408e+01 2.74e+00 3.13e+00  -4.4 5.02e+00    -  9.17e-02 7.98e-02h  1
2098  2.8604476e+01 2.34e+00 2.52e+00  -3.3 6.37e+00    -  5.59e-02 1.48e-01f  1
2099  2.8576344e+01 1.88e+00 3.33e+00  -4.2 3.62e+00    -  1.47e-01 1.95e-01h  1
iter    objective    inf_pr   inf_du lg(mu)  ||d||  lg(rg) alpha_du alpha_pr  ls
2100  2.8552371e+01 2.99e+00 2.25e+00  -4.2 4.81e+00    -  1.78e-01 9.09e-02h  1
2101  2.8532123e+01 2.11e+00 1.95e+00  -4.2 3.87e+00    -  1.25e-01 1.33e-01h  1
2102  2.8521501e+01 2.51e+00 1.75e+00  -4.2 4.33e+00    -  9.25e-02 4.42e-02H  1
2103  2.8510933e+01 2.77e+00 2.77e+00  -4.2 3.44e+00    -  4.59e-02 2.43e-01h  1
2104  2.8511911e+01 2.70e+00 3.62e+00  -4.2 3.64e+00    -  2.46e-01 2.54e-02h  3
2105  2.8510651e+01 2.62e+00 5.15e+00  -4.2 3.54e+00    -  8.31e-02 3.23e-02h  1
2106  2.8512751e+01 2.57e+00 8.47e+00  -4.2 4.45e+00    -  3.31e-01 1.68e-02h  5
2107  2.8503574e+01 2.79e+00 2.45e+00  -4.2 3.80e+00    -  1.03e-01 2.59e-01h  1
2108  2.8503150e+01 2.76e+00 2.21e+00  -4.2 5.53e+00    -  1.91e-01 1.04e-02h  6
2109  2.8500499e+01 2.26e+00 3.37e+00  -4.2 3.64e+00    -  3.03e-02 1.22e-01h  1
iter    objective    inf_pr   inf_du lg(mu)  ||d||  lg(rg) alpha_du alpha_pr  ls
2110  3.0472624e+01 1.92e+00 2.07e+00  -4.2 5.16e+00    -  1.20e-01 2.03e-01H  1
2111  3.0222468e+01 1.80e+00 1.95e+00  -4.2 2.28e+00    -  6.47e-02 6.55e-02h  2
2112  3.0052921e+01 1.94e+00 2.48e+00  -4.2 9.98e-01    -  1.59e-01 4.97e-02H  1
2113  2.9898068e+01 1.85e+00 2.25e+00  -4.2 2.33e+00    -  1.76e-02 4.67e-02f  2
2114  2.9538366e+01 1.68e+00 6.63e+00  -4.2 1.22e+00    -  3.30e-01 9.11e-02h  1
2115  2.9395566e+01 1.89e+00 7.12e+00  -4.2 2.82e+00    -  1.78e-02 6.85e-02F  1
2116  2.9377147e+01 1.87e+00 5.71e+00  -4.2 1.48e+00    -  6.88e-02 1.04e-02h  1
2117  2.9301306e+01 1.80e+00 4.81e+00  -4.2 1.83e+00    -  9.71e-04 3.84e-02f  3
2118  2.9273422e+01 1.77e+00 7.62e+00  -4.2 1.92e+00    -  2.15e-01 1.51e-02h  3
2119  2.9212953e+01 1.87e+00 7.47e+00  -4.2 1.92e+00    -  4.34e-02 3.54e-02H  1
iter    objective    inf_pr   inf_du lg(mu)  ||d||  lg(rg) alpha_du alpha_pr  ls
2120  2.9181641e+01 1.85e+00 1.12e+01  -4.2 1.47e+00    -  1.42e-01 1.39e-02h  1
2121  2.9017651e+01 2.18e+00 9.96e+00  -4.2 1.96e+00    -  2.18e-02 1.18e-01H  1
2122  2.8970321e+01 2.09e+00 1.01e+01  -4.2 1.39e+00    -  1.19e-02 4.21e-02f  3
2123  2.8942402e+01 2.03e+00 7.49e+00  -4.2 1.49e+00    -  1.26e-01 2.51e-02h  1
2124  2.8906857e+01 1.97e+00 7.81e+00  -4.2 1.95e+00    -  9.74e-02 3.06e-02h  4
2125  2.8824343e+01 2.20e+00 6.88e+00  -4.2 1.91e+00    -  1.38e-01 8.69e-02H  1
2126  2.8708148e+01 1.95e+00 6.12e+00  -4.2 2.27e+00    -  4.82e-02 1.17e-01h  1
2127  2.8661114e+01 2.18e+00 5.84e+00  -4.2 1.88e+00    -  6.30e-02 8.23e-02H  1
2128  2.8619927e+01 2.08e+00 5.43e+00  -4.2 2.23e+00    -  5.67e-02 4.64e-02h  3
2129  2.8614084e+01 2.02e+00 5.20e+00  -4.2 1.23e+00    -  1.42e-01 2.46e-02h  1
iter    objective    inf_pr   inf_du lg(mu)  ||d||  lg(rg) alpha_du alpha_pr  ls
2130  2.8579056e+01 2.23e+00 4.26e+00  -4.2 2.46e+00    -  1.67e-02 7.82e-02H  1
2131  2.8547026e+01 1.93e+00 3.85e+00  -4.2 2.36e+00    -  1.45e-01 1.36e-01f  2
2132  2.8522626e+01 2.27e+00 3.28e+00  -4.2 2.43e+00    -  1.35e-01 1.26e-01H  1
2133  2.8505099e+01 1.97e+00 2.82e+00  -4.2 2.30e+00    -  1.06e-01 1.36e-01h  2
2134  2.8498560e+01 2.07e+00 4.11e+00  -4.2 2.68e+00    -  2.86e-01 3.76e-02H  1
2135  2.8485784e+01 2.38e+00 3.55e+00  -4.2 2.38e+00    -  1.96e-01 1.16e-01F  1
2136  2.8482780e+01 2.28e+00 2.71e+00  -4.2 2.42e+00    -  1.63e-01 3.96e-02h  1
2137  2.8482804e+01 1.83e+00 2.40e+00  -4.2 2.67e+00    -  6.15e-02 1.99e-01h  1
2138  2.8655680e+01 1.38e+00 1.31e+00  -4.2 5.10e+00    -  3.58e-01 2.51e-01h  1
2139  2.8614238e+01 1.74e+00 4.81e+00  -4.2 1.11e+00    -  3.35e-02 1.09e-01H  1
iter    objective    inf_pr   inf_du lg(mu)  ||d||  lg(rg) alpha_du alpha_pr  ls
2140  2.8586336e+01 1.66e+00 5.27e+00  -4.2 4.14e+00    -  8.20e-02 4.45e-02f  2
2141  2.8579117e+01 1.59e+00 6.49e+00  -4.2 1.44e+00    -  1.91e-01 4.26e-02h  3
2142  2.8575370e+01 1.57e+00 7.48e+00  -4.2 2.40e+00    -  2.76e-01 1.43e-02h  6
2143  2.8574902e+01 1.57e+00 6.95e+00  -4.2 2.35e+00    -  2.95e-01 1.29e-03h 10
2144  2.8552601e+01 1.74e+00 3.06e+01  -4.2 2.21e+00    -  1.36e-01 5.45e-02H  1
2145  2.8537833e+01 1.64e+00 4.50e+00  -4.2 2.10e+00    -  2.96e-01 5.60e-02f  2
2146  2.8536407e+01 1.63e+00 5.33e+00  -4.2 2.22e+00    -  3.31e-01 6.73e-03h  5
2147  2.8534114e+01 1.62e+00 5.75e+00  -4.2 2.34e+00    -  4.17e-02 4.55e-03h  6
2148  2.8529583e+01 1.77e+00 5.16e+00  -4.2 2.27e+00    -  1.11e-01 4.59e-02H  1
2149  2.8493402e+01 1.74e+00 2.55e+03  -4.2 5.55e+00    -  1.35e-01 1.40e-02h  1
iter    objective    inf_pr   inf_du lg(mu)  ||d||  lg(rg) alpha_du alpha_pr  ls
2150  2.8478767e+01 3.08e+00 1.59e+03  -4.2 2.61e+00    -  1.58e-01 4.14e-02h  1
2151  2.8477782e+01 2.98e+00 1.14e+03  -4.2 2.14e+00    -  1.05e-01 3.06e-02h  1
2152  2.8475375e+01 1.79e+00 8.41e+02  -4.2 6.53e+00    -  3.41e-01 2.33e-02h  4
2153  2.8601520e+01 3.82e+00 2.07e+03  -3.5 2.50e+00    -  1.88e-01 5.12e-01h  1
2154  2.8591172e+01 3.56e+00 2.13e+03  -4.0 3.92e+00    -  5.18e-01 6.72e-02h  1
2155  2.8568802e+01 2.73e+00 1.99e+03  -4.0 5.34e+00    -  4.16e-01 2.30e-01h  1
2156  2.8574879e+01 2.30e+00 1.44e+03  -4.0 4.17e+00    -  4.72e-01 1.58e-01h  2
2157  2.8546711e+01 1.80e+00 1.17e+03  -4.0 2.78e+00    -  3.01e-01 2.14e-01h  1
2158  2.8672914e+01 1.22e+00 9.78e+02  -4.0 2.74e+00    -  1.48e-01 3.31e-01h  1
2159  2.8620679e+01 1.01e+00 6.16e+02  -4.0 1.98e+00    -  1.97e-01 1.73e-01h  1
iter    objective    inf_pr   inf_du lg(mu)  ||d||  lg(rg) alpha_du alpha_pr  ls
2160  2.8609425e+01 8.55e-01 4.16e+02  -4.0 2.83e+00    -  3.14e-01 1.56e-01h  2
2161  2.8533366e+01 4.63e-01 1.79e+02  -4.0 1.40e+00    -  5.60e-01 4.61e-01h  1
2162  2.8563413e+01 3.08e-01 5.87e+01  -4.0 9.45e-01    -  6.40e-01 3.40e-01h  1
2163  2.8514469e+01 9.94e-02 4.10e+00  -4.0 4.71e-01    -  1.00e+00 6.97e-01h  1
2164  2.8515065e+01 1.79e-03 4.41e-01  -4.0 2.49e-01    -  1.00e+00 1.00e+00f  1
2165  2.8514438e+01 2.84e-03 5.72e-02  -4.0 8.55e-02    -  1.00e+00 1.00e+00h  1
2166  2.8509009e+01 1.82e-04 1.86e-01  -4.0 3.11e-02    -  1.00e+00 1.00e+00h  1
2167  2.8488833e+01 3.81e-04 1.88e-02  -4.3 1.70e-02    -  1.00e+00 1.00e+00h  1
2168  2.8461303e+01 3.79e-04 1.64e+00  -4.6 1.14e-01    -  1.00e+00 4.42e-01h  1
2169  2.8457190e+01 8.53e-04 1.14e-01  -4.3 1.66e-01    -  1.00e+00 9.43e-01H  1
iter    objective    inf_pr   inf_du lg(mu)  ||d||  lg(rg) alpha_du alpha_pr  ls
2170  2.8437710e+01 2.16e-02 4.21e+00  -4.6 1.21e-01    -  1.00e+00 1.00e+00h  1
2171  2.8449147e+01 4.36e-02 2.10e+00  -4.4 9.19e-02    -  6.76e-01 1.00e+00h  1
2172  2.8436896e+01 4.00e-03 3.94e-01  -4.5 5.01e-02    -  1.00e+00 1.00e+00h  1
2173  2.8424657e+01 1.41e-03 6.96e-01  -4.7 7.10e-02    -  1.00e+00 7.53e-01h  1
2174  2.8418149e+01 4.19e-03 1.11e+00  -5.0 1.23e-01    -  1.00e+00 4.89e-01h  1
2175  2.8410952e+01 5.73e+00 1.13e+00  -5.0 1.32e-01    -  1.00e+00 8.98e-01h  1
2176  2.8415084e+01 2.54e-02 5.28e-01 -11.0 1.03e+00    -  1.11e-01 9.53e-02h  1
2177  2.8423947e+01 6.24e-03 2.21e+00  -4.5 1.34e-01    -  4.89e-01 7.46e-01h  1
2178  2.8416916e+01 1.05e-02 1.09e+00  -4.8 1.05e-01    -  1.00e+00 6.64e-01h  1
2179  2.8409922e+01 5.68e+00 1.27e+00  -4.8 1.59e-01    -  1.00e+00 9.65e-01f  1
iter    objective    inf_pr   inf_du lg(mu)  ||d||  lg(rg) alpha_du alpha_pr  ls
2180  2.8409912e+01 5.07e+00 9.96e-01 -10.8 8.45e-01    -  7.73e-02 1.08e-01h  1
2181  2.8415831e+01 4.75e+00 7.71e-01  -4.1 1.14e+00    -  1.09e-01 6.44e-02h  1
2182  2.8415849e+01 4.68e+00 9.28e-01  -4.8 8.39e-01    -  1.56e-01 1.43e-02h  1
2183  2.8416882e+01 4.59e+00 1.92e+00  -4.8 2.14e+00    -  2.68e-03 1.94e-02h  1
2184  2.8417399e+01 4.38e+00 1.11e+00  -4.8 1.13e+00    -  1.23e-01 4.55e-02h  1
2185  2.8424855e+01 3.95e+00 1.09e+00  -4.8 4.22e+00    -  4.98e-02 9.87e-02h  1
2186  2.8424821e+01 3.89e+00 1.19e+00  -4.8 4.37e+00    -  5.22e-02 1.64e-02h  1
2187  2.8430940e+01 1.12e+00 3.87e+00  -4.8 4.67e+00    -  1.35e-02 8.39e-02h  1
2188  2.8444899e+01 9.84e-01 1.89e+00  -4.8 1.51e+00    -  6.35e-02 1.47e-01h  1
2189  2.8442613e+01 9.51e-01 2.18e+00  -4.8 1.47e+00    -  3.49e-03 3.37e-02f  1
iter    objective    inf_pr   inf_du lg(mu)  ||d||  lg(rg) alpha_du alpha_pr  ls
2190  2.8440147e+01 1.00e+00 2.53e+00  -4.8 1.03e+00    -  1.20e-01 1.34e-02F  1
2191  2.8428885e+01 8.64e-01 2.73e+00  -4.8 8.40e-01    -  2.31e-02 1.43e-01f  1
2192  2.8426767e+01 8.36e-01 3.90e+00  -4.8 9.74e-01    -  3.60e-01 3.22e-02h  1
2193  2.8416541e+01 4.07e+00 3.45e+00  -4.8 2.13e+00    -  1.15e-01 1.08e-01h  1
2194  2.8416360e+01 4.05e+00 3.10e+00  -4.8 3.91e+00    -  2.06e-02 4.41e-03h  1
2195  2.8412698e+01 3.94e+00 2.90e+00  -4.8 8.30e+00    -  3.56e-03 2.91e-02f  1
2196  2.8427928e+01 3.53e+00 2.32e+00  -3.8 4.86e+00    -  6.69e-02 1.06e-01f  1
2197  2.8427282e+01 3.13e+00 2.20e+00  -4.7 6.58e+00    -  1.71e-01 1.13e-01h  1
2198  2.8426169e+01 2.84e+00 2.03e+00  -4.7 6.03e+00    -  1.16e-01 9.46e-02h  1
2199  2.8423223e+01 2.64e+00 1.83e+00  -4.7 5.61e+00    -  2.03e-01 7.07e-02h  1
iter    objective    inf_pr   inf_du lg(mu)  ||d||  lg(rg) alpha_du alpha_pr  ls
2200  2.8424196e+01 2.22e+00 2.70e+00  -4.7 5.33e+00    -  1.97e-01 1.58e-01h  1
2201  2.8424209e+01 1.93e+00 3.37e+00  -4.7 5.37e+00    -  1.86e-01 1.33e-01h  1
2202  2.8427473e+01 1.61e+00 1.54e+00  -4.7 4.66e+00    -  1.05e-01 1.67e-01h  1
2203  2.8420442e+01 1.84e+00 1.24e+00  -4.7 3.43e+00    -  3.17e-02 7.58e-02H  1
2204  2.8414434e+01 2.03e+00 9.31e-01  -4.7 4.01e+00    -  9.10e-02 6.56e-02H  1
2205  2.8435596e+01 1.63e+00 1.07e+00  -3.9 3.34e+00    -  1.70e-01 1.98e-01f  1
2206  2.8473557e+01 1.29e+00 8.21e-01  -4.5 3.64e+00    -  3.97e-01 2.09e-01h  1
2207  2.8453929e+01 9.40e-01 7.61e-01  -4.5 2.53e+00    -  3.34e-01 2.76e-01h  2
2208  2.8456384e+01 8.01e-01 2.06e+00  -4.5 3.40e+00    -  1.95e-01 1.48e-01h  1
2209  2.8438036e+01 4.58e-01 5.55e+00  -4.5 1.41e+00    -  5.77e-01 4.30e-01h  1
iter    objective    inf_pr   inf_du lg(mu)  ||d||  lg(rg) alpha_du alpha_pr  ls
2210  2.8427600e+01 1.11e+00 4.18e+00  -4.5 9.48e-01    -  4.64e-02 1.50e-01H  1
2211  2.8422489e+01 1.23e+00 5.69e+00  -4.5 1.96e+00    -  1.80e-01 3.52e-02H  1
2212  2.8426005e+01 1.06e+00 7.36e+00  -4.5 1.98e+00    -  3.28e-01 1.44e-01h  3
2213  2.8420495e+01 4.04e+00 4.75e+00  -4.5 1.86e+00    -  3.85e-01 3.68e-01h  1
2214  2.8414739e+01 8.76e-01 4.89e+00  -4.5 5.94e+00    -  1.04e-01 4.70e-02h  1
2215  2.8458315e+01 3.40e-01 2.27e+00  -4.1 1.73e+00    -  1.19e-01 6.23e-01f  1
2216  2.8453789e+01 2.67e-01 2.64e+00  -4.5 1.60e+00    -  8.92e-02 2.14e-01h  1
2217  2.8429566e+01 4.97e+00 1.26e+00  -4.5 4.59e-01    -  9.87e-01 6.97e-01f  1
2218  2.8417543e+01 4.29e+00 3.44e+00  -4.5 4.79e+00    -  7.47e-02 1.38e-01h  1
2219  2.8422605e+01 6.89e-01 6.32e-01  -4.5 7.61e+00    -  1.19e-02 5.30e-02h  2
iter    objective    inf_pr   inf_du lg(mu)  ||d||  lg(rg) alpha_du alpha_pr  ls
2220  2.8415099e+01 1.23e+00 1.36e+00  -4.5 1.53e+00    -  1.13e-02 1.06e-01H  1
2221  2.8415655e+01 1.15e+00 1.39e+00  -4.5 6.29e+00    -  3.97e-02 6.42e-02h  3
2222  2.8409419e+01 1.67e+00 1.41e+00  -4.5 2.17e+00    -  8.78e-02 1.08e-01H  1
2223  2.8599286e+01 1.30e+00 8.72e-01  -4.0 2.37e+00    -  3.69e-01 2.19e-01h  1
2224  2.8470977e+01 6.98e-01 2.20e+00  -4.4 2.93e+00    -  9.67e-02 4.70e-01h  1
2225  2.8480780e+01 6.17e-01 1.96e+00  -4.4 2.51e+00    -  1.11e-01 1.14e-01h  1
2226  2.8432612e+01 3.03e-01 2.85e+00  -4.4 1.30e+00    -  7.32e-01 5.12e-01f  1
2227  2.8429153e+01 1.22e+00 2.63e+00  -4.4 6.43e-01    -  1.31e-01 1.85e-01H  1
2228  2.8428067e+01 1.11e+00 1.23e+00  -4.4 8.60e-01    -  4.11e-01 9.39e-02h  3
2229  2.8415783e+01 4.73e-01 5.47e-01  -4.4 1.70e+00    -  6.01e-01 5.77e-01h  1
iter    objective    inf_pr   inf_du lg(mu)  ||d||  lg(rg) alpha_du alpha_pr  ls
2230  2.8420151e+01 4.35e-01 1.35e+00  -4.4 3.18e+00    -  2.02e-01 7.96e-02h  2
2231  2.8416582e+01 9.36e-02 3.40e-01  -4.4 6.25e-01    -  1.00e+00 7.89e-01h  1
2232  2.8427254e+01 7.56e-02 2.23e+00  -4.4 3.87e-01    -  8.96e-01 1.92e-01h  2
2233  2.8415602e+01 4.68e-04 1.10e-02  -4.4 1.35e-01    -  1.00e+00 1.00e+00h  1
2234  2.8398279e+01 1.14e-02 1.19e-02  -4.7 4.27e-02    -  1.00e+00 1.00e+00h  1
2235  2.8402266e+01 1.09e-02 7.21e-02  -4.5 3.33e-01    -  1.00e+00 9.58e-01h  1
2236  2.8399853e+01 4.67e-01 9.29e-01  -4.6 6.41e-01    -  2.11e-02 9.42e-02H  1
2237  2.8397154e+01 7.15e-01 6.37e-01  -4.6 1.18e+00    -  1.62e-01 5.64e-02H  1
2238  2.8401566e+01 5.75e-01 1.17e+00  -4.2 1.23e+00    -  1.00e+00 1.96e-01f  2
2239  2.8399017e+01 4.04e-01 2.04e+00  -4.3 9.94e-01    -  5.29e-01 2.97e-01h  1
iter    objective    inf_pr   inf_du lg(mu)  ||d||  lg(rg) alpha_du alpha_pr  ls
2240  2.8460973e+01 2.26e-01 6.61e-01  -4.3 1.45e+00    -  3.45e-01 4.43e-01h  1
2241  2.8438351e+01 2.98e-03 2.06e+00  -4.3 8.49e-01    -  7.20e-01 1.00e+00h  1
2242  2.8404466e+01 2.17e-03 1.23e+00  -4.3 6.80e-01    -  3.93e-01 3.82e-01h  1
2243  2.8397757e+01 1.63e-03 9.00e-01  -4.3 1.86e-01    -  4.15e-02 2.48e-01f  1
2244  2.8381332e+01 4.67e-03 7.64e-02  -4.6 3.86e-01    -  1.00e+00 9.74e-01f  1
2245  2.8375298e+01 1.53e-03 7.40e-01  -4.7 8.79e-01    -  1.00e+00 6.74e-01H  1
2246  2.8400710e+01 1.10e-03 3.09e-01  -4.2 5.49e-01    -  4.64e-01 3.90e-01h  2
2247  2.8373287e+01 2.94e-03 1.34e-02  -4.5 3.71e-01    -  1.00e+00 1.00e+00h  1
2248  2.8394538e+01 8.98e-04 5.30e-01  -4.7 1.82e-01    -  9.89e-01 8.07e-01H  1
2249  2.8350843e+01 4.71e-03 7.24e-03  -4.8 2.79e-01    -  1.00e+00 1.00e+00h  1
iter    objective    inf_pr   inf_du lg(mu)  ||d||  lg(rg) alpha_du alpha_pr  ls
2250  2.8346210e+01 1.07e-03 3.36e-02  -4.8 4.41e-01    -  1.00e+00 9.71e-01h  1
2251  2.8385230e+01 4.74e-03 1.41e-01  -3.9 5.19e+00    -  1.49e-01 1.31e-01f  1
2252  2.8373678e+01 4.31e-03 3.17e-01  -4.6 3.56e+00    -  2.92e-01 1.38e-01h  1
2253  2.8347900e+01 1.96e-02 2.59e-01  -4.6 2.32e+01    -  9.89e-03 6.52e-02h  1
2254  2.8342198e+01 1.94e-02 2.99e-01  -4.6 2.79e+01    -  4.57e-02 2.43e-02f  1
2255  2.8364834e+01 1.80e-02 1.51e+00  -3.9 6.08e+00    -  1.62e-01 9.68e-02f  1
2256  2.8414096e+01 1.46e-02 6.81e-01  -4.4 2.71e+00    -  2.36e-01 2.60e-01h  1
2257  2.8363818e+01 9.79e-03 2.24e+00  -4.4 4.21e-01    -  4.58e-01 6.29e-01f  1
2258  2.8313182e+01 6.24e-03 2.91e+00  -4.4 1.18e+00    -  5.32e-01 3.60e-01f  1
2259  2.8418999e+01 2.00e-02 1.26e+00  -3.6 2.64e+00    -  1.91e-01 2.78e-01f  1
iter    objective    inf_pr   inf_du lg(mu)  ||d||  lg(rg) alpha_du alpha_pr  ls
2260  2.8387950e+01 1.76e-02 8.96e-01  -4.2 7.96e-01    -  7.21e-01 5.23e-01h  1
2261  2.8345456e+01 1.43e-02 4.59e+00  -4.2 8.45e-01    -  7.10e-01 1.88e-01h  1
2262  2.8326729e+01 7.61e-03 3.60e+00  -4.2 5.65e-01    -  8.31e-01 4.69e-01f  1
2263  2.8322067e+01 1.80e-02 4.88e-02  -4.2 1.22e-01    -  1.00e+00 1.00e+00h  1
2264  2.8279771e+01 1.15e-02 1.45e-01  -4.6 8.83e-02    -  1.00e+00 9.67e-01h  1
2265  2.8262642e+01 7.71e-04 1.55e-01  -4.8 6.50e-02    -  1.00e+00 9.33e-01h  1
2266  2.8260654e+01 1.17e-02 5.04e-01  -4.5 1.83e-01    -  1.00e+00 7.77e-01h  1
2267  2.8416434e+01 4.10e-03 1.90e+00  -4.2 8.21e-01    -  3.70e-01 8.83e-01H  1
2268  2.8323878e+01 3.54e-03 1.20e+00  -4.5 5.30e-01    -  8.93e-01 5.26e-01h  1
2269  2.8261720e+01 2.45e-03 8.64e-01  -4.5 3.85e-01    -  3.10e-01 3.19e-01f  1
iter    objective    inf_pr   inf_du lg(mu)  ||d||  lg(rg) alpha_du alpha_pr  ls
2270  2.8244073e+01 3.30e-03 2.91e+00  -4.5 9.42e-02    -  5.40e-01 9.05e-01f  1
2271  2.8226316e+01 9.25e-04 8.19e-01  -4.8 1.77e-01    -  1.00e+00 8.18e-01h  1
2272  2.8224798e+01 4.81e-03 1.41e+00  -4.6 9.32e-01    -  1.00e+00 2.88e-01h  1
2273  2.8227259e+01 4.19e-03 1.43e+00  -4.3 2.45e+00    -  2.20e-01 1.49e-01h  2
2274  2.8227455e+01 7.33e-03 1.75e+00  -4.6 3.32e+00    -  1.80e-01 1.01e-01h  2
2275  2.8226464e+01 9.57e-03 1.81e+00  -4.6 1.97e+00    -  5.16e-01 1.71e-01h  2
2276  2.8219245e+01 1.01e-02 3.26e+00  -4.6 3.22e+00    -  4.53e-01 1.41e-01h  2
2277  2.8234933e+01 1.26e-02 3.37e+00  -3.9 1.07e+01    -  1.28e-01 9.96e-02f  1
2278  2.8225368e+01 1.24e-02 3.93e+00  -4.5 1.16e+01    -  8.17e-02 3.20e-02h  3
2279  2.8217980e+01 1.31e-02 4.84e+00  -4.5 7.27e+00    -  2.58e-01 1.33e-01h  2
iter    objective    inf_pr   inf_du lg(mu)  ||d||  lg(rg) alpha_du alpha_pr  ls
2280  2.8200011e+01 1.69e-02 4.31e+00  -6.5 1.73e+01    -  4.35e-02 6.24e-02h  2
2281  2.8203774e+01 2.36e-02 4.37e+00  -3.7 4.71e+01    -  6.73e-02 4.70e-02f  1
2282  2.8193679e+01 7.15e-02 9.80e+01  -4.4 6.75e+01    -  4.07e-02 2.98e-02h  1
2283  2.9041619e+01 4.46e-01 6.37e+03  -2.9 1.02e+02    -  3.76e-02 5.16e-02f  1
2284  2.9000945e+01 4.53e-01 6.49e+03  -4.1 3.32e+01    -  7.07e-02 1.20e-01h  1
2285  2.8816195e+01 4.66e-01 6.53e+03  -4.1 1.34e+02    -  3.55e-02 1.61e-02f  1
2286  2.8570879e+01 4.64e-01 6.53e+03  -4.1 2.46e+02    -  2.14e-02 1.15e-02f  2
2287  2.8309140e+01 4.47e-01 6.47e+03  -4.1 8.80e+01    -  2.28e-02 3.16e-02f  1
2288  2.8185183e+01 4.36e-01 6.38e+03  -4.1 6.81e+01    -  1.82e-02 3.44e-02f  1
2289  2.8287224e+01 3.95e-01 6.04e+03  -4.3 1.43e+01    -  5.45e-02 9.27e-02h  1
iter    objective    inf_pr   inf_du lg(mu)  ||d||  lg(rg) alpha_du alpha_pr  ls
2290  2.8087891e+01 3.09e-01 4.38e+03  -4.2 7.43e+00    -  2.76e-01 2.21e-01h  1
2291  2.8032761e+01 3.07e-01 4.08e+03  -3.5 8.84e+01    -  6.75e-02 2.67e-02f  2
2292  2.8196376e+01 3.12e-01 3.78e+03  -3.3 2.73e+01    -  7.38e-02 1.03e-01f  1
2293  2.8115736e+01 2.98e-01 3.53e+03  -4.0 4.08e+01    -  6.58e-02 7.52e-02h  1
2294  2.8204427e+01 2.86e-01 3.09e+03  -4.0 5.53e+01    -  1.25e-01 3.48e-02h  2
2295  2.8371470e+01 2.39e-01 2.36e+03  -4.0 1.67e+01    -  2.36e-01 1.89e-01h  1
2296  2.8157098e+01 2.41e-01 2.17e+03  -4.0 7.91e+01    -  8.27e-02 5.15e-02f  2
2297  2.7991475e+01 2.55e-01 2.11e+03  -3.4 4.97e+02    -  2.61e-02 7.80e-03f  2
2298  2.7942019e+01 2.75e-01 2.04e+03  -3.1 2.86e+02    -  3.33e-02 2.00e-02f  1
2299  2.7918840e+01 3.15e-01 1.92e+03  -3.6 3.05e+02    -  5.77e-02 1.84e-02f  2
iter    objective    inf_pr   inf_du lg(mu)  ||d||  lg(rg) alpha_du alpha_pr  ls
2300  2.7852881e+01 3.41e-01 1.84e+03  -3.6 3.60e+02    -  4.13e-02 1.11e-02f  2
2301  2.7808782e+01 3.43e-01 1.77e+03  -3.8 1.94e+02    -  3.79e-02 8.22e-03h  2
2302  2.7899365e+01 3.45e-01 1.66e+03  -2.9 7.28e+01    -  6.22e-02 2.85e-02f  3
2303  2.7930231e+01 2.78e-01 1.41e+03  -3.8 1.30e+01    -  1.51e-01 2.99e-01h  1
2304  2.8350260e+01 4.55e-01 1.26e+03  -3.0 8.71e+01    -  1.05e-01 1.19e-01f  1
2305  2.8290991e+01 4.54e-01 1.24e+03  -3.6 1.68e+02    -  1.68e-02 1.44e-02f  2
2306  2.9161167e+01 3.92e-01 1.10e+03  -3.6 1.96e+01    -  1.17e-01 1.62e-01h  1
2307  2.8558338e+01 2.51e-01 8.78e+02  -3.6 2.03e+00    -  2.00e-01 3.60e-01f  1
2308  2.7425888e+01 1.19e-01 7.42e+02  -3.6 6.10e+00    -  1.55e-01 6.67e-01f  1
2309  2.7943864e+01 1.19e-01 6.51e+02  -3.3 3.29e+01    -  1.22e-01 5.25e-02H  1
iter    objective    inf_pr   inf_du lg(mu)  ||d||  lg(rg) alpha_du alpha_pr  ls
2310  2.7501561e+01 7.85e-02 3.94e+02  -5.1 2.32e+00    -  3.95e-01 3.55e-01h  1
2311  2.7648077e+01 5.04e-02 2.95e+02  -3.2 2.24e+00    -  2.50e-01 3.63e-01f  1
2312  2.7560255e+01 2.86e-02 2.32e+02  -3.1 6.60e-01    -  2.14e-01 4.35e-01h  1
2313  2.7405659e+01 1.60e-02 2.07e+01  -3.5 7.88e-01    -  9.92e-01 4.52e-01h  1
2314  2.7799372e+01 5.01e-03 2.90e+00  -3.2 2.31e+00    -  1.00e+00 8.78e-01H  1
2315  2.7711087e+01 9.44e-03 4.12e+00  -3.4 2.43e+00    -  1.00e+00 2.50e-01f  3
2316  2.7855637e+01 1.65e-02 1.14e+01  -3.0 2.78e+00    -  9.47e-01 5.34e-01f  1
2317  2.7802648e+01 1.44e-02 7.41e+01  -3.1 1.56e+00    -  5.53e-01 1.31e-01h  2
2318  2.7633346e+01 2.96e-03 3.57e-02  -3.1 4.96e-01    -  1.00e+00 1.00e+00h  1
2319  2.7728856e+01 4.67e-04 1.82e-01  -3.4 4.42e-01    -  9.89e-01 1.00e+00H  1
iter    objective    inf_pr   inf_du lg(mu)  ||d||  lg(rg) alpha_du alpha_pr  ls
2320  2.7335061e+01 2.60e-03 3.02e-01  -3.6 4.29e-01    -  1.00e+00 9.74e-01f  1
2321  2.7216101e+01 9.33e-03 4.43e+00  -4.0 1.17e-01    -  1.00e+00 5.16e-01h  1
2322  2.7389088e+01 1.12e-02 8.68e-02  -3.5 4.21e-01    -  1.00e+00 9.95e-01h  1
2323  2.7212559e+01 4.41e-03 4.83e-02  -3.6 1.42e-01    -  1.00e+00 1.00e+00h  1
2324  2.7159329e+01 1.04e-02 1.00e-01  -3.6 8.68e-02    -  9.92e-01 1.00e+00h  1
2325  2.7072335e+01 7.83e-03 1.97e+00  -3.9 7.28e-02    -  9.93e-01 7.57e-01h  1
2326  2.7011365e+01 7.51e-03 2.91e+00  -4.2 1.43e-01    -  1.00e+00 4.88e-01h  1
2327  2.6961546e+01 1.74e-02 2.01e+00  -4.2 2.16e-01    -  1.00e+00 6.55e-01h  1
2328  2.6963618e+01 1.10e-02 5.90e-01  -4.2 2.15e-01    -  1.00e+00 9.54e-01h  1
2329  2.6919107e+01 7.91e-03 4.16e+00  -4.5 1.27e-01    -  1.00e+00 6.15e-01h  1
iter    objective    inf_pr   inf_du lg(mu)  ||d||  lg(rg) alpha_du alpha_pr  ls
2330  2.6892305e+01 2.80e-03 3.18e-01  -4.6 7.32e-02    -  1.00e+00 9.77e-01h  1
2331  2.6877988e+01 8.50e-03 3.43e-01  -4.9 9.71e-02    -  1.00e+00 8.79e-01h  1
2332  2.6889423e+01 7.89e-03 2.26e-01  -4.2 3.65e-01    -  3.22e-01 3.22e-01h  1
2333  2.6880480e+01 8.63e-03 9.90e+02  -4.6 8.71e-01    -  1.52e-01 1.47e-01h  1
2334  2.6875525e+01 9.19e-03 9.19e+02  -4.6 7.87e-01    -  1.25e-01 1.16e-01h  1
2335  2.6877613e+01 1.62e-02 1.39e+03  -4.3 1.88e+00    -  3.21e-01 1.65e-01f  1
2336  2.6866096e+01 1.61e-02 7.77e+02  -4.6 1.02e+00    -  5.48e-01 2.24e-01h  1
2337  2.6850415e+01 1.31e-02 4.77e+02  -5.0 1.21e+00    -  4.72e-01 2.13e-01h  1
2338  2.6855574e+01 1.02e-02 1.55e+02  -4.2 1.03e+00    -  6.87e-01 2.50e-01h  1
2339  2.6883291e+01 8.43e-03 1.43e+02  -4.4 8.40e-01    -  1.41e-01 5.55e-01H  1
iter    objective    inf_pr   inf_du lg(mu)  ||d||  lg(rg) alpha_du alpha_pr  ls
2340  2.6863894e+01 5.34e-03 8.85e+00  -4.4 2.65e-01    -  6.73e-01 3.83e-01f  2
2341  2.6847796e+01 5.63e-03 2.96e+01  -4.5 1.06e+00    -  3.97e-01 1.23e-01h  1
2342  2.6975617e+01 1.63e-02 2.30e+01  -3.7 8.90e-01    -  2.45e-01 3.18e-01f  1
2343  2.6899780e+01 9.28e-03 2.44e+00  -4.2 5.33e-01    -  1.00e+00 6.98e-01h  1
2344  2.6863660e+01 9.77e-03 4.82e+00  -4.2 6.02e-01    -  3.74e-01 1.74e-01h  1
2345  2.6847471e+01 7.79e-03 3.10e+00  -4.2 1.51e-01    -  8.43e-01 5.00e-01h  2
2346  2.6835344e+01 1.41e-03 3.44e-02  -4.3 8.93e-02    -  1.00e+00 1.00e+00h  1
2347  2.6803205e+01 1.19e-02 9.07e-01  -4.7 8.79e-02    -  1.00e+00 7.93e-01h  1
2348  2.6813362e+01 6.39e-04 1.59e-02  -4.4 6.24e-02    -  1.00e+00 1.00e+00h  1
2349  2.6786438e+01 8.08e-04 1.34e-01  -4.8 8.55e-02    -  1.00e+00 9.50e-01h  1
iter    objective    inf_pr   inf_du lg(mu)  ||d||  lg(rg) alpha_du alpha_pr  ls
2350  2.6780339e+01 5.10e-04 1.27e+00  -5.1 1.03e-01    -  1.00e+00 3.94e-01h  1
2351  2.6795501e+01 1.19e-02 2.86e-01  -4.4 2.65e-01    -  7.26e-01 6.00e-01h  1
2352  2.6786167e+01 8.92e-03 1.49e-01  -4.6 1.98e-01    -  6.17e-01 6.41e-01h  1
2353  2.6780137e+01 3.83e-03 1.54e+00  -4.6 1.46e-01    -  7.80e-01 5.66e-01f  1
2354  2.6763627e+01 5.70e-04 5.90e-01  -4.9 3.78e-02    -  1.00e+00 8.94e-01h  1
2355  2.6758512e+01 3.17e-04 1.53e+00  -5.3 7.55e-02    -  1.00e+00 5.29e-01h  1
2356  2.6764161e+01 5.48e-03 1.58e+00  -4.5 5.07e-01    -  5.49e-01 2.91e-01h  1
2357  2.6760107e+01 4.25e-03 1.15e+00  -4.8 7.01e-01    -  4.28e-01 2.17e-01h  2
2358  2.6753486e+01 3.78e-03 1.66e+00  -4.8 1.67e+00    -  3.61e-01 1.09e-01h  1
2359  2.6753308e+01 1.00e-02 3.36e+00  -4.4 4.43e+00    -  2.04e-01 8.54e-02f  2
iter    objective    inf_pr   inf_du lg(mu)  ||d||  lg(rg) alpha_du alpha_pr  ls
2360  2.6753213e+01 5.62e-03 8.85e+00  -4.3 1.95e+00    -  4.58e-01 7.32e-02h  3
2361  2.6776564e+01 9.45e-03 4.99e+00  -4.1 6.31e-01    -  4.77e-01 3.25e-01h  2
2362  2.6838251e+01 2.95e-03 1.53e+00  -4.4 7.56e-01    -  6.94e-01 6.85e-01H  1
2363  2.6791304e+01 5.39e-03 5.86e-01  -4.4 5.31e-01    -  6.35e-01 6.24e-01f  1
2364  2.6774338e+01 3.41e-03 3.43e+00  -4.4 3.89e-01    -  5.38e-01 3.79e-01f  1
2365  2.6747033e+01 3.40e-03 6.35e-01  -4.4 8.55e-02    -  9.58e-01 1.00e+00f  1
2366  2.6740269e+01 2.20e-03 7.96e+00  -4.8 1.88e-02    -  1.00e+00 3.54e-01h  1
2367  2.6721436e+01 2.22e-03 4.57e+00  -5.1 7.84e-02    -  1.00e+00 4.85e-01h  1
2368  2.6718772e+01 2.59e-03 7.63e+00  -4.5 4.13e-01    -  1.00e+00 3.54e-01h  2
2369  2.6748790e+01 2.37e-03 2.84e+00  -4.3 6.02e-01    -  5.76e-01 6.12e-01H  1
iter    objective    inf_pr   inf_du lg(mu)  ||d||  lg(rg) alpha_du alpha_pr  ls
2370  2.6762427e+01 2.74e-03 2.00e+00  -4.5 6.23e-01    -  9.60e-01 7.40e-01H  1
2371  2.6741724e+01 1.19e-02 2.19e+00  -4.5 5.51e-01    -  5.32e-01 2.27e-01f  1
2372  2.6719130e+01 7.79e-03 1.89e+00  -4.5 1.93e-01    -  4.24e-01 3.49e-01f  1
2373  2.6712903e+01 3.26e-03 1.87e-02  -4.5 1.00e-01    -  1.00e+00 1.00e+00f  1
2374  2.6697409e+01 3.84e-04 4.19e+00  -4.8 1.06e-01    -  1.00e+00 6.05e-01h  1
2375  2.6686381e+01 1.91e-03 2.58e+00  -5.1 2.32e-01    -  1.00e+00 5.96e-01h  1
2376  2.6680920e+01 7.82e-03 1.62e+00  -4.8 3.87e-01    -  1.00e+00 3.71e-01h  1
2377  2.6683689e+01 6.99e-03 3.51e+00  -4.5 1.44e+00    -  5.67e-01 2.14e-01h  2
2378  2.6691027e+01 5.37e-03 6.38e+00  -4.7 5.98e-01    -  5.52e-01 2.31e-01h  1
2379  2.6677868e+01 5.02e-03 1.15e-02  -4.7 7.02e-02    -  1.00e+00 1.00e+00f  1
iter    objective    inf_pr   inf_du lg(mu)  ||d||  lg(rg) alpha_du alpha_pr  ls
2380  2.6663905e+01 1.02e-03 5.16e-01  -5.2 1.27e-01    -  1.00e+00 7.84e-01h  1
2381  2.6661446e+01 6.81e-03 2.50e+00  -4.9 5.99e-01    -  9.39e-01 3.91e-01h  1
2382  2.6660946e+01 6.26e-03 2.85e+00  -4.4 4.42e+00    -  2.21e-01 9.18e-02h  2
2383  2.6666782e+01 9.81e-03 4.67e+00  -4.3 1.10e+01    -  2.27e-01 6.57e-02h  2
2384  2.6657849e+01 9.64e-03 5.59e+00  -4.7 1.75e+01    -  1.41e-01 4.43e-02h  2
2385  2.6656481e+01 1.36e-02 7.50e+00  -4.0 2.73e+01    -  1.33e-01 2.58e-02h  3
2386  2.6655467e+01 1.23e-02 7.49e+00  -4.2 2.20e+01    -  1.24e-01 4.24e-02h  3
2387  2.6708656e+01 1.64e+00 6.86e+00  -3.9 3.38e+01    -  6.60e-02 7.80e-02F  1
2388  2.6698654e+01 1.62e+00 7.29e+00  -4.5 2.99e+01    -  6.32e-02 1.59e-02h  3
2389  2.6692013e+01 2.03e+01 6.56e+00  -4.5 1.23e+01    -  7.69e-02 8.26e-02h  1
iter    objective    inf_pr   inf_du lg(mu)  ||d||  lg(rg) alpha_du alpha_pr  ls
2390  2.6686749e+01 1.94e+01 6.00e+00  -4.5 7.01e+00    -  2.83e-02 4.39e-02h  1
2391  2.6678672e+01 1.88e+01 5.81e+00  -4.5 1.78e+00    -  1.55e-02 2.79e-02h  1
2392  2.6670733e+01 1.83e+01 5.74e+00  -4.5 1.47e+00    -  2.71e-02 2.95e-02h  1
2393  2.6667503e+01 1.81e+01 2.51e+00  -4.5 1.79e+00    -  9.37e-02 1.01e-02h  1
2394  2.6663080e+01 1.74e+01 3.11e+00  -4.5 1.80e+00    -  2.09e-02 3.78e-02h  1
2395  2.6659943e+01 1.71e+01 2.50e+00  -4.5 2.00e+00    -  4.51e-02 1.80e-02h  1
2396  2.6658626e+01 1.63e+01 2.55e+00  -4.5 2.04e+00    -  2.13e-02 4.46e-02h  1
2397  2.6654326e+01 1.55e+01 2.21e+00  -4.5 2.38e+00    -  6.15e-02 5.35e-02h  1
2398  2.6657261e+01 1.50e+01 2.04e+00  -4.9 2.06e+00    -  3.75e-02 3.21e-02h  1
2399  2.6658850e+01 1.46e+01 2.17e+00  -4.5 2.90e+00    -  4.67e-02 2.64e-02h  1
iter    objective    inf_pr   inf_du lg(mu)  ||d||  lg(rg) alpha_du alpha_pr  ls
2400  2.6666049e+01 1.40e+01 2.36e+00  -4.5 3.20e+00    -  5.24e-02 4.10e-02h  1
2401  2.6666505e+01 1.36e+01 2.62e+00  -4.5 4.20e+00    -  3.44e-02 2.37e-02h  1
2402  2.6669257e+01 1.35e+01 2.46e+00  -4.5 4.32e+00    -  5.93e-03 9.37e-03h  1
2403  2.6674130e+01 1.32e+01 5.05e+00  -4.5 5.64e+00    -  7.28e-02 2.19e-02h  1
2404  2.6675347e+01 1.31e+01 4.94e+00  -4.5 8.26e+00    -  8.97e-03 1.06e-02h  1
2405  2.6680061e+01 1.27e+01 4.23e+00  -4.5 1.03e+01    -  2.17e-02 3.17e-02h  1
2406  2.6697984e+01 1.19e+01 1.98e+00  -4.5 1.18e+01    -  2.38e-02 6.20e-02h  1
2407  2.6698485e+01 1.18e+01 3.82e+00  -4.5 1.28e+01    -  4.57e-02 9.46e-03h  1
2408  2.6704680e+01 1.16e+01 3.56e+00  -4.5 1.37e+01    -  9.14e-03 1.42e-02h  1
2409  2.6708134e+01 1.15e+01 3.53e+00  -4.5 1.47e+01    -  2.83e-03 1.10e-02h  1
iter    objective    inf_pr   inf_du lg(mu)  ||d||  lg(rg) alpha_du alpha_pr  ls
2410  2.6707735e+01 1.13e+01 3.49e+00  -4.5 2.12e+01    -  7.88e-03 1.17e-02h  1
2411  2.6709080e+01 1.11e+01 3.47e+00  -4.5 2.20e+01    -  1.08e-02 1.70e-02h  1
2412  2.6713260e+01 5.70e+00 6.36e+00  -4.5 2.36e+01    -  1.51e-02 2.00e-02h  1
2413  2.6725764e+01 5.17e+00 4.13e+00  -4.5 1.16e+01    -  3.47e-02 9.25e-02h  1
2414  2.6726981e+01 4.86e+00 2.98e+00  -4.5 1.06e+01    -  4.23e-02 6.05e-02h  1
2415  2.6743204e+01 4.55e+00 2.96e+00  -4.5 2.01e+01    -  8.01e-03 6.25e-02h  1
2416  2.6735934e+01 4.28e+00 2.80e+00  -4.5 8.75e+00    -  4.89e-02 6.04e-02h  1
2417  2.6714615e+01 4.13e+00 2.29e+00  -4.5 1.76e+01    -  9.49e-02 3.35e-02h  1
2418  2.6687679e+01 3.62e+00 2.70e+00  -4.5 7.04e+00    -  4.09e-02 1.23e-01h  1
2419  2.6652556e+01 3.38e+00 2.85e+00  -4.5 2.79e+00    -  5.86e-02 6.66e-02h  1
iter    objective    inf_pr   inf_du lg(mu)  ||d||  lg(rg) alpha_du alpha_pr  ls
2420  2.6682614e+01 2.64e+00 5.32e+00  -3.6 2.02e+00    -  8.61e-02 2.19e-01f  1
2421  2.6658564e+01 2.13e+00 1.41e+01  -4.3 3.35e+00    -  2.31e-02 1.93e-01h  1
2422  2.6645756e+01 1.91e+00 1.45e+01  -4.3 3.25e+00    -  7.06e-02 9.97e-02h  1
2423  2.6648685e+01 1.43e+00 1.01e+01  -4.0 2.68e+00    -  2.67e-01 2.50e-01f  1
2424  2.6760193e+01 1.09e+00 9.13e+00  -3.4 3.09e+00    -  1.91e-01 2.33e-01h  1
2425  2.6703200e+01 5.52e-01 1.21e+01  -4.0 1.25e+00    -  2.07e-01 4.96e-01h  1
2426  2.6672773e+01 4.40e-01 8.65e+00  -4.0 3.63e-01    -  3.68e-01 2.04e-01h  1
2427  2.6629246e+01 4.90e-03 5.21e+00  -4.0 2.06e-01    -  6.03e-01 1.00e+00f  1
2428  2.6696176e+01 5.19e-03 1.57e+00  -3.7 2.95e-01    -  1.00e+00 6.12e-01h  1
2429  2.6709088e+01 9.15e-03 2.29e-01  -3.8 2.60e-01    -  9.27e-01 1.00e+00h  1
iter    objective    inf_pr   inf_du lg(mu)  ||d||  lg(rg) alpha_du alpha_pr  ls
2430  2.6680231e+01 1.13e-03 2.52e-02  -3.8 1.20e-01    -  1.00e+00 1.00e+00h  1
2431  2.6612667e+01 4.37e-03 3.42e-02  -4.1 1.06e-01    -  9.95e-01 1.00e+00h  1
2432  2.6575721e+01 8.81e-03 3.60e-01  -4.2 1.82e-01    -  9.96e-01 8.10e-01h  1
2433  2.6550096e+01 8.29e-03 2.82e-01  -4.4 1.26e-01    -  1.00e+00 9.53e-01h  1
2434  2.6527956e+01 8.98e-03 1.97e-01  -4.7 7.26e-02    -  1.00e+00 9.79e-01h  1
2435  2.6517418e+01 1.28e-03 1.36e-02  -4.9 4.11e-02    -  1.00e+00 1.00e+00h  1
2436  2.6511234e+01 1.28e-03 1.89e-01  -5.1 4.63e-02    -  1.00e+00 8.58e-01h  1
2437  2.6507935e+01 4.56e-03 1.90e+00  -5.1 1.75e-01    -  1.00e+00 3.17e-01h  1
2438  2.6506270e+01 6.96e-03 2.39e+00  -4.8 4.74e-01    -  6.55e-01 2.90e-01h  1
2439  2.6504051e+01 4.85e-03 4.46e+00  -5.0 4.04e-01    -  7.62e-01 3.20e-01h  1
iter    objective    inf_pr   inf_du lg(mu)  ||d||  lg(rg) alpha_du alpha_pr  ls
2440  2.6502856e+01 3.09e-03 4.03e+00  -5.0 4.13e-01    -  5.24e-01 3.59e-01h  1
2441  2.6498801e+01 2.25e-03 8.32e+00  -5.2 1.89e-01    -  7.22e-01 2.72e-01h  1
2442  2.6496351e+01 1.27e-03 6.65e+00  -5.1 1.30e-01    -  1.00e+00 4.53e-01h  1
2443  2.6493180e+01 2.57e-03 1.46e+00  -5.1 4.92e-02    -  7.93e-01 9.87e-01h  1
2444  2.6490674e+01 2.86e-04 2.48e-01  -5.1 5.88e-02    -  1.00e+00 8.88e-01h  1
2445  2.6489325e+01 3.67e-04 1.53e-01  -5.2 1.11e-01    -  1.00e+00 9.01e-01h  1
2446  2.6492503e+01 9.91e-04 7.36e-01  -5.0 2.07e-01    -  8.80e-01 6.72e-01h  1
2447  2.6489994e+01 2.63e-03 4.83e-01  -5.1 3.75e-01    -  3.11e-01 3.28e-01h  1
2448  2.6488440e+01 2.40e-03 9.88e-01  -5.1 2.87e-01    -  4.86e-01 3.49e-01f  1
2449  2.6489801e+01 1.48e-03 2.10e+00  -4.7 8.66e-02    -  7.86e-01 5.60e-01f  1
iter    objective    inf_pr   inf_du lg(mu)  ||d||  lg(rg) alpha_du alpha_pr  ls
2450  2.6486641e+01 2.59e-03 6.46e-03  -4.9 5.92e-02    -  1.00e+00 1.00e+00h  1
2451  2.6480039e+01 6.60e-04 7.85e-01  -5.4 8.77e-02    -  9.99e-01 7.18e-01h  1
2452  2.6479726e+01 1.24e-03 1.49e+00  -5.0 2.25e-01    -  1.00e+00 3.12e-01h  2
2453  2.6504421e+01 1.08e-02 8.54e-01  -4.4 7.57e-01    -  4.23e-01 4.46e-01h  1
2454  2.6536146e+01 1.32e-02 3.79e-01  -4.7 9.50e-01    -  5.24e-01 5.53e-01H  1
2455  2.6523355e+01 1.63e-02 3.57e-01  -4.7 5.10e-01    -  3.48e-01 2.63e-01h  1
2456  2.6483595e+01 1.23e-02 4.48e+00  -4.7 3.40e-01    -  1.71e-01 7.88e-01f  1
2457  2.6478954e+01 1.01e-02 2.27e+00  -4.7 3.79e-01    -  4.73e-01 1.70e-01h  2
2458  2.6468745e+01 6.61e-04 6.81e-03  -5.1 7.17e-02    -  1.00e+00 9.98e-01h  1
2459  2.6466043e+01 6.21e-03 3.37e-01  -5.3 1.37e-01    -  1.00e+00 7.35e-01h  1
iter    objective    inf_pr   inf_du lg(mu)  ||d||  lg(rg) alpha_du alpha_pr  ls
2460  2.6466490e+01 2.59e-03 7.71e-01  -4.9 1.54e-01    -  1.00e+00 6.08e-01h  1
2461  2.6463974e+01 2.04e-03 7.36e+00  -4.9 3.83e-01    -  8.98e-01 2.26e-01h  2
2462  2.6478781e+01 1.71e-03 1.97e+00  -5.1 2.71e-01    -  9.66e-01 6.78e-01H  1
2463  2.6462294e+01 6.09e-03 4.27e-01  -5.2 8.14e-02    -  1.00e+00 9.09e-01h  1
2464  2.6460215e+01 2.58e-03 6.79e-03  -4.8 6.22e-02    -  1.00e+00 1.00e+00f  1
2465  2.6454250e+01 5.22e-04 5.43e-03  -5.0 9.68e-02    -  1.00e+00 1.00e+00h  1
2466  2.6452940e+01 3.68e-03 1.93e+00  -4.8 1.44e+00    -  5.64e-01 1.74e-01h  1
2467  2.6450060e+01 1.32e-02 2.05e+00  -5.3 5.55e+00    -  1.52e-01 8.71e-02h  1
2468  2.6450944e+01 1.91e-02 1.96e+00  -4.4 1.10e+01    -  1.29e-01 3.83e-02h  2
2469  2.6447700e+01 2.09e-02 2.21e+00  -4.9 6.43e+00    -  1.29e-01 3.95e-02h  3
iter    objective    inf_pr   inf_du lg(mu)  ||d||  lg(rg) alpha_du alpha_pr  ls
2470  2.6458317e+01 5.32e-02 2.55e+00  -4.3 7.85e+00    -  1.92e-01 1.08e-01h  1
2471  2.6449171e+01 5.77e-02 2.52e+00  -4.8 1.66e+01    -  3.90e-02 2.36e-02h  1
2472  2.6441343e+01 7.70e-02 2.82e+00  -4.8 3.94e+01    -  4.22e-02 2.12e-02f  2
2473  2.6436493e+01 1.01e-01 4.20e+00  -4.0 3.15e+01    -  1.09e-01 2.38e-02h  2
2474  2.6429910e+01 1.11e-01 3.98e+00  -4.3 1.92e+01    -  9.61e-02 2.88e-02h  3
2475  2.6542064e+01 2.07e+01 3.51e+00  -3.8 2.19e+01    -  1.05e-01 1.21e-01f  1
2476  2.6559182e+01 1.93e+01 3.04e+00  -4.4 2.55e+01    -  1.22e-02 6.80e-02h  1
2477  2.6577443e+01 1.86e+01 2.90e+00  -4.4 2.46e+01    -  4.78e-02 3.94e-02h  1
2478  2.6557261e+01 1.81e+01 2.76e+00  -4.4 3.80e+00    -  7.86e-02 2.65e-02h  1
2479  2.6529455e+01 1.73e+01 2.79e+00  -4.4 4.69e+00    -  4.07e-02 4.50e-02h  1
iter    objective    inf_pr   inf_du lg(mu)  ||d||  lg(rg) alpha_du alpha_pr  ls
2480  2.6517730e+01 1.69e+01 2.87e+00  -4.4 9.68e+00    -  1.41e-02 2.16e-02h  1
2481  2.6575461e+01 1.62e+01 2.80e+00  -4.4 2.40e+01    -  2.96e-02 3.81e-02h  1
2482  2.6571518e+01 1.59e+01 3.19e+00  -4.4 6.85e+00    -  4.03e-02 2.05e-02h  1
2483  2.6661433e+01 1.51e+01 3.28e+00  -4.4 2.37e+01    -  3.89e-02 5.27e-02h  1
2484  2.6650375e+01 1.49e+01 3.03e+00  -4.4 7.74e+00    -  3.45e-02 1.38e-02h  1
2485  2.6604044e+01 6.17e+00 2.86e+00  -4.4 1.47e+01    -  5.87e-02 5.30e-02h  1
2486  2.6572754e+01 6.00e+00 2.64e+00  -4.4 2.15e+00    -  9.02e-03 2.77e-02h  1
2487  2.6551257e+01 5.66e+00 2.88e+00  -4.4 1.38e+00    -  3.18e-02 5.71e-02h  1
2488  2.6634323e+01 5.00e+00 3.38e+00  -4.4 5.31e+00    -  4.10e-02 1.15e-01h  1
2489  2.6577656e+01 4.53e+00 2.82e+00  -4.4 1.73e+00    -  1.41e-01 9.40e-02h  1
iter    objective    inf_pr   inf_du lg(mu)  ||d||  lg(rg) alpha_du alpha_pr  ls
2490  2.6525240e+01 1.62e+01 2.68e+00  -4.4 4.10e+00    -  6.06e-02 6.94e-02H  1
2491  2.6525019e+01 1.58e+01 2.62e+00  -4.4 5.32e+00    -  2.39e-02 2.37e-02h  1
2492  2.6508471e+01 4.12e+00 3.94e+00  -4.4 7.74e+00    -  2.62e-02 3.82e-02h  1
2493  2.6482449e+01 3.80e+00 4.95e+00  -4.4 8.75e-01    -  1.08e-01 7.85e-02f  1
2494  2.6440062e+01 1.57e+01 3.10e+00  -4.4 1.96e+00    -  7.11e-03 8.72e-02h  1
2495  2.6436640e+01 1.54e+01 2.80e+00  -4.4 4.67e+00    -  1.11e-02 1.77e-02h  1
2496  2.6442442e+01 1.49e+01 3.05e+00  -4.4 8.22e+00    -  4.28e-02 3.01e-02h  1
2497  2.6449785e+01 1.42e+01 3.14e+00  -4.4 1.10e+01    -  3.53e-02 5.12e-02h  2
2498  2.6464107e+01 4.50e+00 2.42e+01  -4.4 1.11e+01    -  7.08e-02 6.30e-02h  1
2499  2.6502837e+01 3.81e+00 4.97e+00  -4.4 1.52e+00    -  1.29e-02 1.48e-01h  1
iter    objective    inf_pr   inf_du lg(mu)  ||d||  lg(rg) alpha_du alpha_pr  ls
2500  2.6488289e+01 3.38e+00 7.67e+00  -4.4 4.21e-01    -  1.23e-01 1.13e-01h  1
2501  2.6432584e+01 2.39e+00 9.83e+00  -4.4 1.20e+00    -  2.31e-01 2.91e-01h  1
2502  2.6400251e+01 2.19e+00 7.15e+00  -4.4 1.34e+01    -  5.43e-02 6.19e-02h  1
2503  2.6399362e+01 2.10e+00 7.05e+00  -3.7 1.19e+01    -  8.58e-02 4.25e-02f  1
2504  2.6448452e+01 1.87e+00 6.53e+00  -3.5 6.83e+00    -  1.17e-01 1.07e-01h  1
2505  2.6434341e+01 1.76e+00 6.35e+00  -4.2 3.83e+00    -  1.28e-01 6.25e-02h  1
2506  2.6527988e+01 1.35e+00 5.34e+00  -4.2 4.69e+00    -  9.58e-02 2.37e-01h  1
2507  2.6463897e+01 9.87e-01 4.29e+00  -4.2 4.42e-01    -  2.79e-01 2.65e-01h  1
2508  2.6401237e+01 6.67e-01 3.06e+00  -4.2 3.18e-01    -  3.24e-01 3.22e-01h  1
2509  2.6451720e+01 4.64e-03 1.19e+00  -3.9 1.91e-01    -  9.13e-01 1.00e+00f  1
iter    objective    inf_pr   inf_du lg(mu)  ||d||  lg(rg) alpha_du alpha_pr  ls
2510  2.6414878e+01 2.34e-03 7.82e-02  -4.0 9.91e-02    -  1.00e+00 1.00e+00h  1
2511  2.6372911e+01 4.95e-04 3.90e-02  -4.3 5.32e-02    -  9.95e-01 1.00e+00h  1
2512  2.6338321e+01 1.05e-03 5.21e-02  -4.4 4.42e-02    -  9.99e-01 1.00e+00h  1
2513  2.6321806e+01 5.56e-03 1.38e+00  -4.6 7.08e-02    -  9.99e-01 5.50e-01h  1
2514  2.6338342e+01 7.73e-03 6.29e-02  -4.3 8.20e-02    -  1.00e+00 1.00e+00h  1
2515  2.6323068e+01 2.36e-04 4.98e-02  -4.4 5.81e-02    -  1.00e+00 1.00e+00h  1
2516  2.6307322e+01 6.71e-04 1.35e+00  -4.7 3.59e-02    -  9.99e-01 7.05e-01h  1
2517  2.6301193e+01 1.71e-03 1.89e+00  -5.0 9.82e-02    -  1.00e+00 2.92e-01h  1
2518  2.6293727e+01 2.82e-03 3.62e+00  -5.1 3.13e-01    -  1.00e+00 3.43e-01h  1
2519  2.6292575e+01 3.19e-03 4.26e+00  -4.7 4.07e-01    -  1.00e+00 2.49e-01h  1
iter    objective    inf_pr   inf_du lg(mu)  ||d||  lg(rg) alpha_du alpha_pr  ls
2520  2.6292630e+01 1.91e-03 5.42e+00  -4.8 2.52e-01    -  1.00e+00 4.26e-01h  1
2521  2.6299674e+01 1.63e-03 7.48e-01  -4.6 7.40e-02    -  1.00e+00 9.49e-01h  1
2522  2.6289643e+01 4.82e-04 1.21e+00  -4.7 6.52e-02    -  1.00e+00 8.86e-01h  1
2523  2.6280630e+01 1.01e-03 1.26e+00  -5.1 6.85e-02    -  1.00e+00 6.62e-01h  1
2524  2.6280425e+01 2.21e-03 6.50e-01  -4.8 1.98e-01    -  7.84e-01 6.87e-01h  1
2525  2.6277557e+01 8.82e-03 4.07e+00  -4.9 5.66e-01    -  8.10e-01 1.57e-01h  1
2526  2.6326110e+01 1.35e-02 2.90e+00  -4.0 1.43e+00    -  1.68e-01 2.32e-01f  1
2527  2.6294059e+01 5.52e-03 2.59e+00  -4.7 3.22e-01    -  1.00e+00 5.99e-01h  1
2528  2.6280335e+01 4.62e-03 5.05e+00  -4.7 2.24e-01    -  4.36e-01 2.21e-01h  1
2529  2.6272534e+01 1.81e-03 2.29e+00  -4.7 6.25e-02    -  1.00e+00 8.14e-01f  1
iter    objective    inf_pr   inf_du lg(mu)  ||d||  lg(rg) alpha_du alpha_pr  ls
2530  2.6269044e+01 4.94e-03 8.60e-01  -4.7 7.17e-02    -  1.00e+00 8.91e-01f  1
2531  2.6260143e+01 1.11e-02 1.09e+00  -5.1 1.83e-01    -  1.00e+00 6.97e-01h  1
2532  2.6284566e+01 1.59e-04 2.70e-02  -4.6 2.84e-01    -  1.00e+00 1.00e+00H  1
2533  2.6289605e+01 2.97e-03 2.36e+00  -4.3 3.34e-01    -  1.00e+00 3.92e-01h  2
2534  2.6287563e+01 4.24e-03 1.23e+00  -4.4 1.37e-01    -  6.09e-01 7.89e-01h  1
2535  2.6272579e+01 4.30e-03 1.01e-02  -4.4 8.10e-02    -  1.00e+00 1.00e+00f  1
2536  2.6274142e+01 6.15e-03 1.28e-02  -4.4 1.45e-01    -  1.00e+00 1.00e+00h  1
2537  2.6284979e+01 3.58e-05 2.09e-02  -4.4 3.51e-01    -  1.00e+00 1.00e+00H  1
2538  2.6277127e+01 1.06e-02 2.76e+00  -4.5 8.35e-01    -  1.00e+00 2.39e-01h  3
2539  2.6269834e+01 9.03e-03 2.40e+00  -4.6 5.10e-01    -  4.59e-01 1.50e-01h  2
iter    objective    inf_pr   inf_du lg(mu)  ||d||  lg(rg) alpha_du alpha_pr  ls
2540  2.6257068e+01 1.07e-02 1.14e-02  -4.6 7.56e-02    -  1.00e+00 1.00e+00h  1
2541  2.6266867e+01 1.07e-02 7.74e-03  -4.3 8.55e-02    -  1.00e+00 1.00e+00h  1
2542  2.6250219e+01 6.54e-03 1.58e-01  -4.7 2.14e-01    -  1.00e+00 9.61e-01h  1
2543  2.6250703e+01 5.30e-03 1.17e+00  -4.5 1.27e+00    -  9.60e-01 1.88e-01h  3
2544  2.6249758e+01 5.25e-03 1.40e+00  -4.6 4.28e+00    -  3.92e-01 9.63e-02h  3
2545  2.6244759e+01 6.95e-03 1.31e+00  -5.4 5.06e+00    -  2.41e-01 7.83e-02h  3
2546  2.6244620e+01 6.79e-03 3.19e+00  -4.4 5.15e+00    -  3.63e-01 7.57e-02h  3
2547  2.6241711e+01 5.55e-03 2.08e+00  -5.4 1.43e+00    -  3.23e-01 1.06e-01h  3
2548  2.6266097e+01 7.46e-03 2.29e+00  -4.3 1.39e+00    -  1.00e+00 5.95e-01h  1
2549  2.6252948e+01 9.45e-03 2.42e+00  -4.4 9.57e+00    -  2.27e-01 6.38e-02h  2
iter    objective    inf_pr   inf_du lg(mu)  ||d||  lg(rg) alpha_du alpha_pr  ls
2550  2.6246003e+01 9.51e-03 3.21e+00  -4.4 9.30e+00    -  1.19e-01 3.95e-02h  3
2551  2.6237103e+01 1.07e-02 3.21e+00  -4.4 6.53e+00    -  1.11e-01 6.38e-02h  3
2552  2.6239670e+01 1.39e-02 1.48e+01  -4.1 9.81e+00    -  2.56e-01 5.93e-02h  3
2553  2.6229581e+01 1.49e-02 1.57e+01  -4.3 9.93e+00    -  2.17e-01 5.82e-02h  3
2554  2.6226569e+01 1.55e-02 1.51e+01  -3.9 2.32e+01    -  1.80e-01 2.95e-02h  3
2555  2.6223815e+01 1.53e-02 1.10e+01  -3.9 5.87e+00    -  1.72e-01 2.14e-02h  4
2556  2.6196469e+01 8.08e-03 1.61e+00  -4.6 1.21e+00    -  8.74e-01 8.59e-01h  1
2557  2.6192733e+01 7.79e-03 9.36e+00  -4.1 1.88e+01    -  1.39e-01 3.66e-02h  3
2558  2.6222708e+01 8.44e-03 9.80e+00  -3.8 1.76e+01    -  1.18e-01 6.05e-02h  3
2559  2.6213765e+01 9.30e-03 7.30e+00  -4.4 1.38e+01    -  1.76e-01 4.90e-02h  3
iter    objective    inf_pr   inf_du lg(mu)  ||d||  lg(rg) alpha_du alpha_pr  ls
2560  2.6211792e+01 1.43e-02 6.66e+00  -4.4 2.69e+01    -  8.30e-02 4.53e-02h  2
2561  2.6196212e+01 1.66e-02 5.76e+00  -4.4 4.09e+01    -  6.17e-02 2.72e-02h  3
2562  2.6170656e+01 2.59e-02 3.83e+00  -4.4 8.97e+01    -  5.60e-02 1.99e-02h  2
2563  2.6207566e+01 3.74e-02 7.53e+00  -3.6 1.13e+02    -  3.93e-02 1.74e-02f  3
2564  2.6184875e+01 4.60e-02 7.14e+00  -4.4 5.70e+01    -  5.98e-02 3.01e-02h  3
2565  2.6171042e+01 4.66e-02 7.54e+00  -4.4 4.82e+01    -  4.33e-02 9.44e-03h  1
2566  2.6154306e+01 6.05e-02 7.54e+00  -4.4 2.07e+01    -  1.38e-01 1.22e-01f  2
2567  2.6223779e+01 6.79e-02 1.30e+01  -3.3 1.23e+02    -  5.92e-02 1.62e-02f  3
2568  2.6199682e+01 7.20e-02 2.13e+01  -4.2 4.15e+01    -  7.75e-02 5.06e-02h  2
2569  2.6168555e+01 7.17e-02 3.30e+01  -4.2 1.04e+02    -  5.29e-02 9.51e-03h  3
iter    objective    inf_pr   inf_du lg(mu)  ||d||  lg(rg) alpha_du alpha_pr  ls
2570  2.6133918e+01 7.04e-02 5.10e+01  -4.2 1.28e+01    -  5.20e-02 1.59e-02h  3
2571  2.6090085e+01 5.74e-02 2.03e+02  -4.3 8.01e-01    -  4.97e-01 1.88e-01h  1
2572  2.6054995e+01 5.07e-02 1.81e+02  -4.3 1.58e+00    -  2.23e-01 1.16e-01h  1
2573  2.5993426e+01 2.81e-02 8.61e+01  -4.2 2.13e+00    -  1.00e+00 4.47e-01h  1
2574  2.6012854e+01 2.97e-02 9.66e+01  -3.1 6.34e+01    -  8.63e-02 2.88e-02f  1
2575  2.6025629e+01 2.86e-02 9.51e+01  -4.0 1.56e+01    -  3.82e-02 2.85e-02h  2
2576  2.6009666e+01 2.15e-02 6.46e+01  -4.0 8.54e-01    -  8.08e-01 2.51e-01h  1
2577  2.6085513e+01 1.17e-02 2.94e+01  -3.5 7.52e-01    -  6.07e-01 4.77e-01f  1
2578  2.6047481e+01 1.34e-02 1.90e+01  -4.7 2.07e+00    -  4.66e-01 3.80e-01h  1
2579  2.6296244e+01 8.95e-03 6.61e+00  -4.2 3.29e+00    -  6.16e-01 4.62e-01H  1
iter    objective    inf_pr   inf_du lg(mu)  ||d||  lg(rg) alpha_du alpha_pr  ls
2580  2.6169618e+01 7.21e-03 8.88e+00  -4.2 1.46e+00    -  5.56e-01 1.73e-01h  1
2581  2.6027215e+01 7.56e-03 2.43e+01 -10.1 1.42e+00    -  2.15e-01 1.02e-01f  1
2582  2.5960162e+01 5.99e-03 1.31e+01  -4.2 6.51e-01    -  6.06e-01 2.01e-01h  1
2583  2.5899682e+01 4.66e-03 2.36e+01  -4.4 1.14e+00    -  6.88e-01 3.23e-01h  1
2584  2.5953918e+01 9.19e-03 8.88e+00  -3.3 6.86e-01    -  1.60e-01 1.08e-01f  1
2585  2.5927922e+01 4.08e-03 3.26e+01  -4.0 5.86e-01    -  9.94e-01 5.64e-01h  1
2586  2.5985896e+01 2.42e-03 2.75e+01  -4.2 1.28e+00    -  1.00e+00 5.49e-01H  1
2587  2.5912183e+01 6.36e-03 1.44e+01 -10.2 7.96e-01    -  3.62e-01 3.05e-01h  1
2588  2.5855449e+01 4.35e-03 1.13e+01  -4.6 3.85e-01    -  3.22e-01 5.30e-01h  1
2589  2.5846186e+01 2.73e-03 1.28e+01  -4.2 2.06e-01    -  3.81e-01 4.13e-01h  1
iter    objective    inf_pr   inf_du lg(mu)  ||d||  lg(rg) alpha_du alpha_pr  ls
2590  2.5819175e+01 1.27e-03 2.19e-02  -4.6 2.22e-01    -  1.00e+00 1.00e+00h  1
2591  2.5825075e+01 6.87e-03 1.81e+01  -4.2 1.07e+00    -  1.00e+00 1.91e-01h  2
2592  2.5824678e+01 4.80e-03 4.36e+01  -4.4 1.70e+00    -  1.00e+00 2.68e-01h  2
2593  2.5824114e+01 1.32e-02 1.42e+01  -4.4 1.06e+01    -  4.59e-01 1.31e-01h  1
2594  2.5804405e+01 1.67e-02 5.46e+00  -4.4 4.83e+01    -  1.02e-01 3.05e-02h  3
2595  2.5828508e+01 3.25e-02 9.29e+00  -3.5 1.06e+02    -  6.68e-02 1.87e-02f  3
2596  2.5819358e+01 3.47e-02 1.13e+01  -4.3 4.89e+01    -  2.55e-02 1.66e-02h  4
2597  2.5811236e+01 5.01e-02 9.96e+00  -4.3 5.45e+01    -  1.09e-01 3.61e-02h  3
2598  2.5773599e+01 1.63e-01 9.36e+00  -4.3 2.06e+02    -  3.62e-02 2.45e-02f  2
2599  2.6502040e+01 2.14e+01 9.65e+00  -2.7 5.24e+02    -  1.30e-02 1.09e-02f  2
iter    objective    inf_pr   inf_du lg(mu)  ||d||  lg(rg) alpha_du alpha_pr  ls
2600  2.7583406e+01 1.97e+01 8.97e+00  -4.2 4.93e+01    -  4.83e-02 7.78e-02h  1
2601  2.7388169e+01 3.65e+00 8.58e+00  -4.2 6.05e+00    -  4.36e-02 4.15e-02h  1
2602  2.6996132e+01 1.87e+01 7.88e+00  -4.2 4.63e+00    -  6.71e-02 4.38e-02h  1
2603  2.6918216e+01 1.84e+01 7.45e+00  -4.2 9.65e+00    -  4.82e-02 1.68e-02h  1
2604  2.6720409e+01 1.81e+01 6.31e+00  -4.2 3.60e+01    -  2.91e-02 1.78e-02h  1
2605  2.6556264e+01 1.76e+01 5.03e+00  -4.2 2.57e+01    -  3.15e-02 2.63e-02h  1
2606  2.6374793e+01 1.71e+01 6.74e+00  -4.2 2.81e+01    -  3.33e-02 2.78e-02h  1
2607  2.6191069e+01 1.59e+01 6.66e+00  -4.2 2.05e+01    -  6.78e-02 6.90e-02h  1
2608  2.6043080e+01 1.55e+01 8.73e+00  -4.2 2.88e+01    -  3.87e-02 2.88e-02h  1
2609  2.5930160e+01 5.24e+00 8.22e+00  -4.2 5.04e+01    -  5.15e-02 5.67e-02h  1
iter    objective    inf_pr   inf_du lg(mu)  ||d||  lg(rg) alpha_du alpha_pr  ls
2610  2.6766843e+01 4.86e+00 7.53e+00  -4.2 1.68e+01    -  5.10e-02 7.09e-02h  1
2611  2.6496650e+01 4.28e+00 2.39e+01  -4.2 5.64e-01    -  6.69e-03 1.19e-01h  1
2612  2.6333506e+01 3.93e+00 6.65e+00  -4.2 7.14e-01    -  1.65e-01 7.96e-02h  1
2613  2.6304693e+01 3.85e+00 1.25e+02  -4.2 1.27e+00    -  1.36e-01 1.70e-02h  3
2614  2.6302043e+01 3.85e+00 1.45e+02  -4.2 2.89e+01    -  1.27e-02 9.08e-05h  7
2615  2.6301149e+01 3.85e+00 1.56e+02  -4.2 1.84e+01    -  1.12e-02 5.70e-05h  9
2616  2.6300584e+01 3.85e+00 1.69e+02  -4.2 1.40e+01    -  1.84e-02 5.48e-05h 10
2617  2.6300326e+01 3.84e+00 2.18e+02  -4.2 1.01e-01    -  2.22e-01 7.51e-04h  8
2618  2.6159939e+01 1.60e+01 1.48e+02  -4.2 1.03e-01    -  2.68e-01 4.50e-01h  1
2619  2.6143079e+01 1.58e+01 1.44e+02  -4.2 1.35e+00    -  1.39e-02 6.59e-03h  1
iter    objective    inf_pr   inf_du lg(mu)  ||d||  lg(rg) alpha_du alpha_pr  ls
2620  2.6133035e+01 1.56e+01 1.42e+02  -4.2 1.75e+00    -  1.33e-02 1.69e-02h  1
2621  2.6096628e+01 1.52e+01 1.40e+02  -4.2 1.68e+00    -  1.33e-02 2.56e-02h  1
2622  2.6078722e+01 1.47e+01 1.27e+02  -4.2 1.93e+00    -  7.77e-02 2.90e-02h  1
2623  2.6063228e+01 1.44e+01 1.23e+02  -4.2 2.81e+00    -  3.08e-02 2.29e-02h  1
2624  2.6042716e+01 1.41e+01 1.14e+02  -4.2 3.64e+00    -  7.53e-02 2.33e-02h  1
2625  2.6039148e+01 1.40e+01 1.02e+02  -4.2 4.97e+00    -  3.19e-02 6.97e-03h  1
2626  2.6031098e+01 1.37e+01 9.28e+01  -4.2 6.35e+00    -  3.16e-02 1.76e-02h  1
2627  2.5991660e+01 1.31e+01 9.81e+01  -4.2 8.82e+00    -  1.99e-02 4.64e-02h  1
2628  2.5967937e+01 5.88e+00 1.06e+02  -4.2 1.02e+01    -  2.31e-02 4.24e-02h  1
2629  2.5954653e+01 5.80e+00 1.06e+02  -4.2 4.42e+00    -  3.13e-02 1.28e-02h  1
iter    objective    inf_pr   inf_du lg(mu)  ||d||  lg(rg) alpha_du alpha_pr  ls
2630  2.5932928e+01 5.31e+00 9.83e+01  -4.2 3.64e+00    -  4.76e-02 8.45e-02h  1
2631  2.5881574e+01 5.07e+00 6.42e+01  -4.2 4.22e+00    -  9.41e-02 4.48e-02h  1
2632  2.5833145e+01 4.49e+00 5.33e+01  -4.2 3.05e+00    -  8.49e-02 1.15e-01h  1
2633  2.5779144e+01 3.61e+00 6.18e+01  -4.2 2.89e+00    -  8.62e-02 1.96e-01h  1
2634  2.5756180e+01 3.12e+00 4.51e+01  -4.2 2.10e+00    -  2.33e-01 1.35e-01h  1
2635  2.5825376e+01 2.72e+00 1.46e+01  -3.0 1.61e+00    -  8.56e-02 1.28e-01f  1
2636  2.5807476e+01 2.53e+00 1.10e+01  -3.9 5.52e-01    -  4.57e-02 6.99e-02h  1
2637  2.5743417e+01 1.55e+00 2.09e+01  -3.9 7.15e-01    -  1.22e-01 3.86e-01f  1
2638  2.5680578e+01 1.10e+00 1.20e+01  -4.3 1.88e+00    -  2.67e-01 2.81e-01h  1
2639  2.5713419e+01 6.60e-01 4.12e+00  -3.7 1.47e+00    -  2.83e-01 3.88e-01h  1
iter    objective    inf_pr   inf_du lg(mu)  ||d||  lg(rg) alpha_du alpha_pr  ls
2640  2.5655829e+01 3.54e-01 8.62e+00  -4.1 6.56e-01    -  2.20e-01 4.55e-01h  1
2641  2.5739109e+01 7.93e-02 2.63e+01  -3.6 2.32e-01    -  4.52e-01 6.93e-01h  1
2642  2.5863312e+01 2.73e-02 1.06e+01  -3.4 1.72e-01    -  6.21e-01 5.57e-01h  1
2643  2.5815749e+01 7.42e-03 2.29e+00  -3.6 2.73e-01    -  7.31e-01 6.32e-01h  1
2644  2.5693041e+01 1.39e-02 5.23e-01  -3.8 1.98e-01    -  1.00e+00 1.00e+00h  1
2645  2.5609909e+01 1.64e-02 4.31e-01  -4.0 1.97e-01    -  1.00e+00 9.69e-01h  1
2646  2.5558664e+01 6.75e-03 2.44e+00  -4.3 1.08e-01    -  1.00e+00 9.61e-01h  1
2647  2.5536469e+01 2.82e-03 6.33e+01  -4.7 7.53e-02    -  1.00e+00 5.85e-01h  1
2648  2.5523921e+01 1.35e-03 8.11e+00  -4.8 6.99e-02    -  1.00e+00 5.29e-01h  1
2649  2.5521132e+01 3.35e-03 4.36e+00  -4.5 8.59e-02    -  1.00e+00 5.29e-01h  1
iter    objective    inf_pr   inf_du lg(mu)  ||d||  lg(rg) alpha_du alpha_pr  ls
2650  2.5514360e+01 1.14e-02 9.13e+00  -4.6 1.33e-01    -  1.00e+00 4.80e-01h  1
2651  2.5509515e+01 6.15e-03 4.57e+00  -4.6 2.02e-01    -  1.00e+00 4.94e-01h  1
2652  2.5508584e+01 5.23e-03 3.66e+00  -4.6 1.71e-01    -  1.00e+00 7.27e-01H  1
2653  2.5496509e+01 7.03e-03 2.26e+00  -4.8 8.60e-02    -  1.00e+00 9.15e-01h  1
2654  2.5488278e+01 4.45e-04 1.07e+00  -5.0 4.02e-02    -  1.00e+00 9.46e-01h  1
2655  2.5483738e+01 9.37e-04 1.44e+01  -5.4 5.58e-02    -  1.00e+00 5.83e-01h  1
2656  2.5481385e+01 2.68e-03 5.39e+00  -5.4 3.39e-01    -  7.24e-01 1.27e-01h  1
2657  2.5484274e+01 2.83e-03 1.95e+00  -4.4 4.18e-01    -  3.31e-01 2.00e-01h  1
2658  2.5481914e+01 4.45e-03 9.52e+00  -4.9 4.99e-01    -  4.25e-01 1.48e-01h  1
2659  2.5479329e+01 4.01e-03 7.18e+00  -4.9 6.25e-01    -  4.20e-01 1.68e-01h  2
iter    objective    inf_pr   inf_du lg(mu)  ||d||  lg(rg) alpha_du alpha_pr  ls
2660  2.5480001e+01 7.39e-03 2.81e+01  -4.6 6.36e-01    -  7.87e-01 1.94e-01h  2
2661  2.5476956e+01 1.38e-02 2.35e+01  -4.8 8.54e-01    -  3.88e-01 1.61e-01h  2
2662  2.5491903e+01 1.11e-02 9.31e+00  -4.2 1.17e+00    -  4.42e-01 2.09e-01h  1
2663  2.5531737e+01 2.79e-03 7.38e+00  -4.5 5.14e-01    -  3.19e-01 8.41e-01H  1
2664  2.5506644e+01 2.86e-03 1.84e+01  -4.5 6.55e-01    -  6.62e-01 4.10e-01f  1
2665  2.5485551e+01 2.39e-03 1.18e+01  -4.5 4.39e-01    -  3.08e-01 1.59e-01h  1
2666  2.5468416e+01 7.64e-03 1.24e+01  -4.5 1.19e-01    -  2.88e-01 8.19e-01f  1
2667  2.5466964e+01 2.91e-03 3.06e+01  -4.5 8.11e-02    -  1.00e+00 3.45e-01f  2
2668  2.5450760e+01 8.00e-04 2.10e+00  -5.1 5.50e-02    -  1.00e+00 9.13e-01h  1
2669  2.5461230e+01 6.57e-03 2.82e+00  -4.6 3.94e-01    -  1.00e+00 8.95e-01h  1
iter    objective    inf_pr   inf_du lg(mu)  ||d||  lg(rg) alpha_du alpha_pr  ls
2670  2.5457962e+01 9.99e-03 2.82e+00  -4.7 2.62e+00    -  2.21e-01 1.17e-01h  2
2671  2.5452922e+01 1.41e-02 1.41e+01  -4.7 4.22e+00    -  2.96e-01 6.45e-02h  2
2672  2.5447627e+01 1.73e-02 2.59e+01  -4.7 5.55e+00    -  2.37e-01 5.41e-02h  2
2673  2.5444119e+01 2.84e-02 2.92e+01  -4.4 6.76e+00    -  1.92e-01 7.31e-02h  2
2674  2.5456850e+01 3.86e-02 3.62e+01  -4.2 4.72e+00    -  2.02e-01 1.16e-01h  2
2675  2.5453584e+01 3.51e-02 5.09e+01  -4.6 2.14e+00    -  2.50e-01 1.08e-01h  2
2676  2.5432106e+01 2.29e-02 2.63e+01  -4.6 9.35e-01    -  3.20e-01 3.65e-01h  1
2677  2.5455781e+01 1.81e-02 8.49e+00  -4.0 1.06e+00    -  3.67e-01 1.92e-01f  2
2678  2.5434635e+01 8.92e-03 6.07e+00  -4.4 1.41e-01    -  6.61e-01 5.52e-01h  1
2679  2.5454678e+01 6.21e-03 3.14e+01  -3.8 8.93e-02    -  7.87e-01 3.25e-01f  1
iter    objective    inf_pr   inf_du lg(mu)  ||d||  lg(rg) alpha_du alpha_pr  ls
2680  2.5486827e+01 2.83e-03 1.65e-02  -4.0 1.15e-01    -  1.00e+00 1.00e+00h  1
2681  2.5489179e+01 2.78e-03 5.49e-02  -4.0 7.97e-02    -  1.00e+00 1.00e+00h  1
2682  2.5493066e+01 2.38e-04 1.74e-02  -4.0 7.70e-02    -  1.00e+00 1.00e+00h  1
2683  2.5485658e+01 4.19e-05 1.10e-02  -4.0 5.08e-02    -  1.00e+00 1.00e+00h  1
2684  2.5446963e+01 4.22e-04 3.58e-02  -4.3 2.39e-02    -  9.95e-01 1.00e+00h  1
2685  2.5410897e+01 1.08e-03 4.48e+00  -4.6 5.74e-02    -  1.00e+00 7.59e-01h  1
2686  2.5400396e+01 6.82e-04 6.57e+00  -4.6 7.61e-02    -  1.00e+00 8.56e-01h  1
2687  2.5387557e+01 1.01e-04 5.17e-01  -5.0 4.18e-02    -  1.00e+00 9.81e-01h  1
2688  2.5382349e+01 1.73e-03 1.36e+00  -5.1 3.97e-02    -  1.00e+00 9.42e-01h  1
2689  2.5379835e+01 1.81e-03 2.49e+00  -5.1 3.03e-02    -  1.00e+00 9.33e-01h  1
iter    objective    inf_pr   inf_du lg(mu)  ||d||  lg(rg) alpha_du alpha_pr  ls
2690  2.5379850e+01 1.10e-03 1.06e+01  -4.9 1.01e-01    -  1.00e+00 4.11e-01h  1
2691  2.5378681e+01 5.18e-03 1.33e+01  -5.0 1.77e-01    -  5.71e-01 3.03e-01h  2
2692  2.5377208e+01 8.03e-03 3.43e+01  -5.0 3.13e-01    -  1.00e+00 2.78e-01h  1
2693  2.5382192e+01 4.19e-03 2.26e+01  -4.7 4.48e-01    -  6.47e-01 4.74e-01h  1
2694  2.5388975e+01 3.80e-03 3.17e+01  -4.9 7.91e-01    -  5.90e-01 3.42e-01H  1
2695  2.5381839e+01 4.77e-03 3.77e+01  -4.9 8.86e-01    -  4.30e-01 1.76e-01h  2
2696  2.5373562e+01 6.64e-03 5.72e+01  -4.9 2.31e-01    -  3.73e-01 2.32e-01h  2
2697  2.5390631e+01 3.43e-03 5.32e+00  -4.5 9.36e-02    -  7.06e-01 1.00e+00h  1
2698  2.5374029e+01 2.55e-03 3.58e-01  -4.7 6.21e-02    -  1.00e+00 9.84e-01h  1
2699  2.5365382e+01 1.27e-03 1.13e-01  -5.0 8.94e-02    -  1.00e+00 1.00e+00h  1
iter    objective    inf_pr   inf_du lg(mu)  ||d||  lg(rg) alpha_du alpha_pr  ls
2700  2.5361670e+01 1.37e-02 1.68e+00  -5.0 2.97e-01    -  1.00e+00 7.06e-01h  1
2701  2.5362080e+01 7.44e-03 8.25e-01  -4.4 1.83e+00    -  4.50e-01 1.72e-01h  1
2702  2.5360276e+01 9.15e-03 1.75e+00  -4.8 3.34e+00    -  1.76e-01 4.14e-02h  3
2703  2.5364846e+01 8.64e-03 3.09e+00  -4.7 1.19e+00    -  4.12e-01 1.87e-01h  1
2704  2.5400715e+01 8.38e-04 8.46e+01  -4.8 5.31e-01    -  1.16e-01 1.00e+00H  1
2705  2.5386358e+01 7.55e-03 6.84e+01  -4.8 1.10e+00    -  6.39e-01 2.01e-01h  1
2706  2.5363515e+01 1.10e-02 6.09e+01  -4.8 1.48e+00    -  1.08e-01 2.08e-01f  2
2707  2.5356381e+01 9.02e-03 4.89e+01  -4.8 1.03e+00    -  2.28e-01 1.89e-01h  2
2708  2.5394492e+01 4.30e-02 1.40e+01  -4.3 3.16e-01    -  5.69e-01 7.06e-01h  1
2709  2.5367432e+01 1.11e-02 4.85e+00  -4.5 1.15e-01    -  1.00e+00 7.44e-01h  1
iter    objective    inf_pr   inf_du lg(mu)  ||d||  lg(rg) alpha_du alpha_pr  ls
2710  2.5352829e+01 7.72e-03 1.08e+01  -4.5 9.38e-02    -  5.96e-01 1.00e+00f  1
2711  2.5344252e+01 9.19e-03 2.26e-01  -4.9 1.62e-01    -  1.00e+00 9.95e-01h  1
2712  2.5332635e+01 4.05e-04 1.59e-01  -5.0 1.06e-01    -  1.00e+00 9.83e-01h  1
2713  2.5333581e+01 2.55e-03 4.23e+00  -5.0 1.01e-01    -  1.00e+00 5.49e-01h  1
2714  2.5324883e+01 5.59e-05 8.61e-02  -5.3 3.89e-02    -  1.00e+00 1.00e+00h  1
2715  2.5323380e+01 6.74e-04 1.58e-01  -5.3 5.78e-02    -  9.97e-01 1.00e+00h  1
2716  2.5321561e+01 1.10e-03 1.78e+00  -5.1 5.16e-01    -  1.00e+00 3.66e-01h  1
2717  2.5333554e+01 1.11e-02 2.56e+00  -4.3 5.79e+00    -  2.09e-01 1.38e-01f  1
2718  2.5329092e+01 1.27e-02 6.49e+00  -4.9 7.46e+00    -  2.57e-01 9.20e-02h  1
2719  2.5323178e+01 1.54e-02 6.47e+00  -4.9 1.87e+01    -  8.16e-02 4.23e-02h  1
iter    objective    inf_pr   inf_du lg(mu)  ||d||  lg(rg) alpha_du alpha_pr  ls
2720  2.5314446e+01 1.68e-02 6.46e+00  -4.9 2.27e+01    -  4.20e-02 3.37e-02h  2
2721  2.5308525e+01 2.47e-02 1.09e+01  -4.3 5.42e+01    -  5.55e-02 2.56e-02h  2
2722  2.5307386e+01 2.69e-02 2.42e+01  -3.9 3.61e+01    -  9.09e-02 2.77e-02h  1
2723  2.5305666e+01 2.75e-02 2.85e+01  -4.2 2.47e+01    -  9.67e-02 4.10e-02h  1
2724  2.5446726e+01 2.75e-02 2.47e+01  -3.8 4.75e+00    -  1.24e-01 1.27e-01h  1
2725  2.5363533e+01 6.23e-02 7.42e+03  -4.4 3.79e-01    -  4.06e-01 2.90e-01h  1
2726  2.5355164e+01 1.43e-02 1.35e+03  -4.4 4.94e-01    -  2.88e-01 3.01e-01h  1
2727  2.5268069e+01 6.47e-02 8.88e+03  -4.4 2.94e-01    -  6.29e-01 1.00e+00f  1
2728  2.5330356e+01 5.35e-03 3.22e+03  -4.2 2.12e-01    -  1.00e+00 1.00e+00h  1
2729  2.5282435e+01 1.96e-03 2.13e+03  -4.3 1.26e-01    -  1.00e+00 1.00e+00h  1
iter    objective    inf_pr   inf_du lg(mu)  ||d||  lg(rg) alpha_du alpha_pr  ls
2730  2.5317621e+01 1.33e-02 5.86e+01  -3.8 2.91e-01    -  9.22e-01 4.60e-01h  1
2731  2.5618525e+01 2.96e-03 7.60e+01  -3.9 5.84e-01    -  3.86e-02 7.93e-01H  1
2732  2.5459924e+01 5.29e-04 2.26e+01  -3.9 3.44e-01    -  5.44e-01 1.00e+00F  1
2733  2.5425240e+01 5.82e-04 2.49e+01  -3.9 2.05e+00    -  6.91e-02 3.33e-02f  2
2734  2.5372178e+01 9.78e-03 2.33e+01  -3.9 4.96e-01    -  1.97e-01 8.90e-01f  1
2735  2.5355976e+01 1.30e-02 4.04e+01  -3.9 4.71e-01    -  7.50e-01 2.50e-01f  3
2736  2.5350644e+01 1.04e-02 2.47e+01  -3.9 1.01e-01    -  7.06e-01 1.00e+00h  1
2737  2.5341006e+01 2.04e-03 7.89e-03  -3.9 5.19e-02    -  1.00e+00 1.00e+00h  1
2738  2.5339658e+01 1.83e-05 3.22e-03  -3.9 3.91e-02    -  1.00e+00 1.00e+00h  1
2739  2.5286601e+01 4.69e-03 1.62e-01  -4.2 1.56e-01    -  9.86e-01 1.00e+00f  1
iter    objective    inf_pr   inf_du lg(mu)  ||d||  lg(rg) alpha_du alpha_pr  ls
2740  2.5260226e+01 3.22e-03 1.17e+01  -4.3 3.09e-01    -  1.00e+00 6.75e-01h  1
2741  2.5291804e+01 1.27e-02 1.10e+00  -4.4 2.20e-01    -  1.00e+00 9.19e-01h  1
2742  2.5229035e+01 1.27e-02 2.85e+00  -4.5 1.04e-01    -  2.91e-01 1.00e+00h  1
2743  2.5215837e+01 2.44e-03 3.36e+00  -4.8 5.97e-02    -  1.00e+00 8.05e-01h  1
2744  2.5207962e+01 1.25e-03 3.94e+00  -5.1 1.16e-01    -  1.00e+00 5.42e-01h  1
2745  2.5208591e+01 2.70e-03 5.62e+00  -4.6 3.54e-01    -  1.00e+00 4.53e-01h  1
2746  2.5206937e+01 3.16e-03 8.61e+00  -4.7 5.19e-01    -  7.70e-01 3.14e-01h  1
2747  2.5210546e+01 2.28e-03 1.11e+01  -4.5 2.71e-01    -  6.63e-01 2.78e-01f  2
2748  2.5210395e+01 9.02e-04 1.31e-02  -4.6 6.54e-02    -  1.00e+00 1.00e+00h  1
2749  2.5205050e+01 2.99e-04 1.10e-02  -4.6 4.60e-02    -  1.00e+00 1.00e+00h  1
iter    objective    inf_pr   inf_du lg(mu)  ||d||  lg(rg) alpha_du alpha_pr  ls
2750  2.5196477e+01 2.05e-04 3.07e+00  -5.1 9.36e-02    -  1.00e+00 5.79e-01h  1
2751  2.5202941e+01 5.34e-03 7.94e+00  -4.5 2.06e-01    -  1.00e+00 3.89e-01h  2
2752  2.5204845e+01 1.22e-02 1.12e-02  -4.6 1.72e-01    -  1.00e+00 1.00e+00h  1
2753  2.5257108e+01 1.65e-03 2.12e+00  -4.6 5.86e-01    -  1.00e+00 8.66e-01H  1
2754  2.5249091e+01 7.47e-04 3.48e+01  -4.6 1.57e-01    -  1.00e+00 1.00e+00F  1
2755  2.5199596e+01 2.90e-03 2.20e+00  -4.6 1.32e-01    -  8.57e-01 1.00e+00f  1
2756  2.5195310e+01 6.55e-03 1.35e+01  -4.6 1.57e-01    -  6.67e-01 1.00e+00h  1
2757  2.5255771e+01 2.29e-04 8.99e-01  -4.3 3.81e-01    -  9.58e-01 9.97e-01H  1
2758  2.5218684e+01 4.91e-03 4.12e-01  -4.5 2.09e-01    -  1.00e+00 1.00e+00f  1
2759  2.5204013e+01 1.72e-03 2.41e+00  -4.5 1.65e-01    -  9.26e-01 6.50e-01h  1
iter    objective    inf_pr   inf_du lg(mu)  ||d||  lg(rg) alpha_du alpha_pr  ls
2760  2.5197315e+01 9.71e-04 1.84e+00  -4.5 6.95e-02    -  9.86e-01 4.36e-01f  1
2761  2.5195112e+01 5.64e-04 4.64e-01  -4.5 7.23e-02    -  1.00e+00 1.00e+00f  1
2762  2.5180763e+01 1.74e-03 1.22e-02  -4.7 1.85e-01    -  1.00e+00 1.00e+00h  1
2763  2.5171352e+01 1.56e-03 4.66e+00  -4.9 6.35e-01    -  1.00e+00 6.24e-01h  1
2764  2.5185032e+01 5.05e-03 4.77e+00  -4.4 1.74e+00    -  4.94e-01 3.05e-01h  2
2765  2.5179360e+01 5.67e-03 3.68e+00  -4.7 2.43e+00    -  3.22e-01 8.98e-02h  3
2766  2.5172940e+01 6.13e-03 5.72e+00  -4.7 5.97e-01    -  6.39e-01 1.53e-01h  1
2767  2.5163673e+01 4.42e-03 1.48e+00  -4.7 9.05e-02    -  7.99e-01 7.24e-01f  1
2768  2.5152624e+01 5.94e-03 3.77e-01  -4.7 2.01e-01    -  1.00e+00 9.11e-01f  1
2769  2.5149688e+01 4.96e-03 7.99e+00  -4.8 1.76e+00    -  7.77e-01 1.68e-01h  3
iter    objective    inf_pr   inf_du lg(mu)  ||d||  lg(rg) alpha_du alpha_pr  ls
2770  2.5148054e+01 3.44e-01 7.69e+00  -4.4 7.07e+00    -  3.03e-02 1.54e-02H  1
2771  2.5164651e+01 2.21e+01 6.14e+00  -4.2 7.05e+00    -  2.82e-01 2.07e-01h  1
2772  2.5203697e+01 2.10e+01 8.00e+00  -4.6 2.37e+01    -  9.67e-02 4.93e-02h  1
2773  2.5202871e+01 2.06e+01 7.98e+00  -4.6 3.86e+00    -  2.05e-02 1.63e-02h  1
2774  2.5202694e+01 2.05e+01 5.61e+00  -4.6 2.75e+00    -  3.14e-02 7.41e-03h  1
2775  2.5203918e+01 1.98e+01 2.22e+00  -4.6 3.28e+00    -  9.37e-03 3.46e-02h  1
2776  2.5205646e+01 1.93e+01 3.23e+00  -4.6 3.30e+00    -  3.29e-02 2.50e-02h  1
2777  2.5206059e+01 1.90e+01 1.90e+00  -4.6 3.67e+00    -  2.74e-02 1.53e-02h  1
2778  2.5207043e+01 1.87e+01 2.08e+00  -4.6 5.76e+00    -  1.16e-02 1.48e-02h  1
2779  2.5210129e+01 1.83e+01 1.68e+00  -4.6 5.68e+00    -  2.65e-02 1.96e-02h  1
iter    objective    inf_pr   inf_du lg(mu)  ||d||  lg(rg) alpha_du alpha_pr  ls
2780  2.5207043e+01 1.82e+01 1.90e+00  -4.6 8.02e+00    -  2.17e-02 1.03e-02h  1
2781  2.5205099e+01 1.77e+01 4.34e+00  -4.6 9.48e+00    -  6.71e-02 2.72e-02h  1
2782  2.5244147e+01 1.65e+01 3.61e+00  -4.6 9.37e+00    -  3.75e-02 6.46e-02h  1
2783  2.5247617e+01 1.63e+01 4.27e+00  -4.6 8.45e+00    -  3.10e-02 1.47e-02h  1
2784  2.5250176e+01 1.55e+01 1.72e+00  -4.6 1.53e+01    -  1.63e-02 4.66e-02h  1
2785  2.5241722e+01 1.50e+01 2.34e+00  -4.6 2.86e+01    -  2.10e-02 3.62e-02h  1
2786  2.5240332e+01 1.45e+01 2.20e+00  -4.6 2.07e+01    -  2.62e-02 3.00e-02h  1
2787  2.5243822e+01 1.41e+01 2.27e+00  -4.6 1.98e+01    -  5.00e-02 2.98e-02h  1
2788  2.5248730e+01 1.35e+01 2.06e+00  -4.6 1.95e+01    -  3.55e-02 3.87e-02h  1
2789  2.5251535e+01 1.31e+01 2.15e+00  -4.6 2.59e+01    -  4.07e-02 2.91e-02h  1
iter    objective    inf_pr   inf_du lg(mu)  ||d||  lg(rg) alpha_du alpha_pr  ls
2790  2.5252552e+01 5.10e+00 6.69e+00  -4.6 2.12e+01    -  2.39e-02 2.43e-02h  1
2791  2.5250487e+01 4.85e+00 3.88e+00  -4.6 1.43e+01    -  9.33e-03 4.69e-02h  1
2792  2.5238498e+01 4.42e+00 6.35e+00  -4.6 1.03e+01    -  7.06e-02 8.78e-02h  1
2793  2.5237893e+01 4.28e+00 6.45e+00  -4.6 4.75e+01    -  2.43e-02 3.05e-02h  1
2794  2.5223522e+01 4.18e+00 6.57e+00  -4.6 1.84e+01    -  1.87e-02 2.14e-02h  1
2795  2.5194982e+01 4.04e+00 1.12e+01  -4.6 2.60e+01    -  9.39e-03 3.52e-02h  1
2796  2.5174729e+01 3.95e+00 1.25e+01  -4.6 1.32e+01    -  5.78e-03 2.07e-02h  1
2797  2.5164858e+01 3.86e+00 1.16e+01  -4.6 7.26e+00    -  4.04e-02 2.41e-02f  1
2798  2.5148757e+01 3.72e+00 1.11e+01  -4.6 4.42e+00    -  3.79e-02 3.68e-02h  1
2799  2.5145830e+01 3.64e+00 9.87e+00  -4.6 1.22e+00    -  6.86e-02 1.91e-02h  1
iter    objective    inf_pr   inf_du lg(mu)  ||d||  lg(rg) alpha_du alpha_pr  ls
2800  2.5243734e+01 2.99e+00 6.49e+00  -4.1 1.82e+00    -  7.95e-02 1.81e-01h  1
2801  2.5211375e+01 2.67e+00 5.12e+00  -4.6 1.37e+00    -  1.23e-01 1.06e-01h  1
2802  2.5392533e+01 2.03e+00 2.00e+01  -4.6 1.97e+00    -  4.58e-02 2.41e-01h  1
2803  2.5323522e+01 1.80e+00 1.46e+01  -4.6 5.81e-01    -  2.21e-01 1.14e-01h  1
2804  2.5177468e+01 1.14e+00 1.56e+01  -4.6 5.49e-01    -  1.74e-01 3.63e-01h  1
2805  2.5089879e+01 7.78e-01 1.00e+01  -4.6 5.50e-01    -  2.60e-01 3.21e-01h  1
2806  2.5069935e+01 5.72e-01 1.35e+01  -6.7 2.31e-01    -  1.26e-01 2.64e-01h  1
2807  2.5055013e+01 3.56e-01 1.07e+01  -5.1 3.16e-01    -  3.11e-01 3.78e-01h  1
2808  2.5047891e+01 2.78e-01 8.73e+00  -5.4 2.00e-01    -  1.82e-01 2.18e-01h  1
2809  2.5043220e+01 1.55e-01 5.92e+00  -4.8 1.52e-01    -  2.93e-01 4.44e-01h  1
iter    objective    inf_pr   inf_du lg(mu)  ||d||  lg(rg) alpha_du alpha_pr  ls
2810  2.5062619e+01 5.18e-02 1.83e+00  -4.3 9.55e-02    -  4.34e-01 6.66e-01h  1
2811  2.5050742e+01 1.59e-02 5.38e-01  -4.6 9.81e-02    -  9.91e-01 6.93e-01h  1
2812  2.5071071e+01 1.08e-02 4.03e+00  -4.2 2.39e-01    -  8.82e-01 5.86e-01h  1
2813  2.5069338e+01 6.78e-03 7.62e-01  -4.4 2.30e-01    -  8.49e-01 8.83e-01h  1
2814  2.5059257e+01 3.93e-03 1.68e+01  -4.4 2.23e-01    -  8.86e-01 4.23e-01f  2
2815  2.5035869e+01 1.66e-03 1.78e+00  -4.7 1.27e-01    -  1.00e+00 8.57e-01h  1
2816  2.5043523e+01 1.79e-03 1.23e-02  -4.4 4.63e-02    -  1.00e+00 1.00e+00h  1
2817  2.5023993e+01 9.81e-03 3.87e-02  -4.8 9.74e-02    -  1.00e+00 1.00e+00h  1
2818  2.5041430e+01 8.14e-03 4.33e+00  -4.3 4.02e-01    -  9.62e-01 4.01e-01h  2
2819  2.5036875e+01 6.14e-03 1.81e+00  -4.4 5.48e-01    -  9.08e-01 3.11e-01h  1
iter    objective    inf_pr   inf_du lg(mu)  ||d||  lg(rg) alpha_du alpha_pr  ls
2820  2.5035024e+01 4.80e-03 2.37e+00  -4.4 2.16e+00    -  2.33e-01 1.35e-01h  2
2821  2.5035761e+01 2.30e-03 5.89e+00  -4.4 6.68e-01    -  4.45e-01 2.42e-01h  2
2822  2.5038800e+01 8.26e-04 1.29e+00  -4.4 1.20e-01    -  1.00e+00 9.25e-01h  1
2823  2.5009677e+01 9.24e-04 8.92e-01  -4.8 7.76e-02    -  1.00e+00 8.08e-01h  1
2824  2.4999383e+01 6.55e-04 9.31e-01  -5.2 8.19e-02    -  1.00e+00 6.36e-01h  1
2825  2.4996740e+01 6.35e-04 7.94e-01  -4.9 2.83e-01    -  1.00e+00 6.50e-01h  1
2826  2.5005821e+01 1.60e-02 6.04e-01  -4.4 1.42e+00    -  3.93e-01 2.57e-01h  2
2827  2.5001478e+01 1.41e-02 1.25e+00  -4.7 3.49e+00    -  2.52e-01 1.15e-01h  1
2828  2.4999480e+01 1.78e+01 1.92e+00  -4.7 7.12e+00    -  7.04e-02 3.06e-02H  1
2829  2.4998431e+01 1.61e+01 1.37e+00  -4.7 2.48e+00    -  1.92e-01 1.67e-01h  1
iter    objective    inf_pr   inf_du lg(mu)  ||d||  lg(rg) alpha_du alpha_pr  ls
2830  2.4994943e+01 1.54e+01 1.96e+00  -4.7 6.15e+00    -  6.74e-02 4.17e-02h  2
2831  2.4990769e+01 1.47e+01 6.85e+00  -4.8 5.18e+00    -  1.46e-01 4.29e-02h  1
2832  2.5045763e+01 1.41e+01 4.63e+00  -3.2 5.60e+00    -  1.85e-02 4.13e-02f  1
2833  2.5045706e+01 1.40e+01 7.50e+00  -4.6 1.78e+00    -  5.57e-02 8.53e-03h  1
2834  2.5046883e+01 1.37e+01 7.12e+00  -4.6 3.70e+00    -  6.48e-02 2.26e-02h  1
2835  2.5048338e+01 1.34e+01 7.28e+00  -4.6 5.33e+00    -  4.36e-02 2.47e-02h  1
2836  2.5056019e+01 1.30e+01 6.95e+00  -4.6 7.77e+00    -  3.33e-02 2.77e-02h  1
2837  2.5058444e+01 1.28e+01 7.14e+00  -4.6 1.07e+01    -  4.87e-02 1.78e-02h  1
2838  2.5070077e+01 1.23e+01 6.85e+00  -4.6 1.23e+01    -  4.07e-02 4.01e-02h  1
2839  2.5068090e+01 1.21e+01 6.73e+00  -4.6 1.56e+01    -  6.64e-02 1.31e-02h  1
iter    objective    inf_pr   inf_du lg(mu)  ||d||  lg(rg) alpha_du alpha_pr  ls
2840  2.5076605e+01 1.18e+01 6.71e+00  -4.6 1.58e+01    -  4.35e-02 2.91e-02h  1
2841  2.5083589e+01 1.14e+01 6.28e+00  -4.6 1.84e+01    -  4.71e-02 2.79e-02h  1
2842  2.5110002e+01 1.07e+01 6.20e+00  -4.6 2.33e+01    -  3.88e-02 5.95e-02h  1
2843  2.5113896e+01 1.05e+01 5.88e+00  -4.6 2.24e+01    -  3.82e-02 2.71e-02h  1
2844  2.5112905e+01 1.01e+01 6.55e+00  -4.6 2.89e+01    -  6.66e-02 3.70e-02h  1
2845  2.5116898e+01 9.66e+00 4.00e+00  -4.6 2.58e+01    -  6.97e-02 4.09e-02h  1
2846  2.5115861e+01 9.29e+00 3.41e+00  -4.6 2.86e+01    -  5.52e-02 3.77e-02h  1
2847  2.5112812e+01 9.20e+00 5.21e+00  -4.6 2.78e+01    -  6.87e-02 9.47e-03h  1
2848  2.5112677e+01 8.90e+00 4.62e+00  -4.6 2.77e+01    -  3.56e-02 3.31e-02h  1
2849  2.5119350e+01 8.43e+00 1.25e+01  -4.6 2.29e+01    -  9.52e-03 5.33e-02h  1
iter    objective    inf_pr   inf_du lg(mu)  ||d||  lg(rg) alpha_du alpha_pr  ls
2850  2.5120108e+01 8.30e+00 1.21e+01  -4.6 2.34e+01    -  2.25e-02 1.57e-02h  1
2851  2.5117125e+01 8.05e+00 1.20e+01  -4.6 2.28e+01    -  2.68e-02 3.04e-02h  1
2852  2.5120013e+01 7.74e+00 1.29e+01  -4.6 2.04e+01    -  1.52e-02 3.77e-02h  1
2853  2.5117295e+01 7.48e+00 4.29e+00  -4.6 2.08e+01    -  8.16e-02 3.34e-02h  1
2854  2.5115700e+01 7.29e+00 3.32e+00  -4.6 2.12e+01    -  5.60e-02 2.60e-02h  1
2855  2.5134625e+01 6.93e+00 3.09e+00  -4.6 2.43e+01    -  4.10e-02 4.82e-02h  1
2856  2.5132288e+01 6.72e+00 3.71e+00  -4.6 2.07e+01    -  6.43e-02 3.07e-02h  1
2857  2.5140188e+01 6.38e+00 3.13e+00  -4.6 2.34e+01    -  1.54e-02 5.06e-02h  1
2858  2.5135410e+01 6.18e+00 3.24e+00  -4.6 2.00e+01    -  4.60e-02 3.21e-02h  1
2859  2.5126667e+01 6.13e+00 3.27e+00  -4.6 2.82e+01    -  1.14e-02 7.91e-03h  1
iter    objective    inf_pr   inf_du lg(mu)  ||d||  lg(rg) alpha_du alpha_pr  ls
2860  2.5124027e+01 6.05e+00 3.67e+00  -4.6 1.93e+01    -  2.84e-02 1.27e-02h  4
2861  2.5108447e+01 8.46e+00 1.49e+01  -4.6 2.68e+01    -  2.12e-02 2.92e-02h  2
2862  2.5147773e+01 5.56e+00 2.87e+00  -4.6 2.68e+01    -  2.44e-02 5.39e-02h  1
2863  2.5172051e+01 5.45e+00 3.11e+00  -4.6 2.73e+01    -  6.34e-02 2.04e-02h  1
2864  2.5170229e+01 5.40e+00 7.59e+00  -4.6 1.73e+01    -  6.02e-02 8.75e-03h  2
2865  2.5307161e+01 5.29e+00 7.65e+00  -4.6 3.68e+01    -  2.88e-02 1.94e-02h  1
2866  2.5274489e+01 4.94e+00 2.61e+00  -4.6 1.68e+01    -  5.25e-03 6.60e-02h  1
2867  2.5262481e+01 4.94e+00 4.02e+00  -4.6 2.73e+01    -  2.00e-02 5.65e-04h  5
2868  2.5262197e+01 4.94e+00 1.14e+01  -4.6 1.59e+01    -  7.55e-02 7.25e-04h  8
2869  2.5261563e+01 4.94e+00 1.20e+01  -4.6 3.35e+01    -  3.20e-03 6.31e-05h  9
iter    objective    inf_pr   inf_du lg(mu)  ||d||  lg(rg) alpha_du alpha_pr  ls
2870  2.5261537e+01 4.94e+00 2.11e+01  -4.6 1.61e+01    -  1.08e-01 6.31e-05h 12
2871  2.5600037e+01 4.81e+00 1.87e+01  -4.6 6.21e+01    -  4.42e-03 2.49e-02h  1
2872  2.5567863e+01 4.70e+00 1.90e+01  -4.6 1.61e+01    -  3.70e-02 2.31e-02h  4
2873  2.5550348e+01 4.69e+00 1.95e+01  -4.6 2.37e+01    -  1.38e-02 2.21e-03h  6
2874  2.5540853e+01 4.65e+00 2.75e+01  -4.6 1.55e+01    -  1.58e-01 8.69e-03h  5
2875  2.5532990e+01 4.65e+00 2.74e+01  -4.6 3.72e+01    -  7.86e-03 2.50e-04h  8
2876  2.5532928e+01 4.65e+00 3.46e+01  -4.6 1.55e+01    -  1.10e-01 6.22e-05h 12
2877  2.5371866e+01 4.46e+00 3.07e+01  -4.6 2.05e+01    -  7.27e-03 3.99e-02h  1
2878  2.5291742e+01 4.27e+00 3.05e+01  -4.6 1.50e+01    -  6.49e-02 4.33e-02h  1
2879  2.5229255e+01 6.16e+00 2.80e+01  -4.6 1.37e+01    -  5.57e-02 6.39e-02h  1
iter    objective    inf_pr   inf_du lg(mu)  ||d||  lg(rg) alpha_du alpha_pr  ls
2880  2.5195452e+01 5.66e+00 2.52e+01  -4.6 1.31e+01    -  6.81e-02 8.35e-02h  1
2881  2.5290959e+01 3.53e+00 2.16e+01  -4.6 2.79e+01    -  1.87e-02 3.91e-02h  1
2882  2.5283359e+01 3.49e+00 2.29e+01  -4.6 1.05e+01    -  3.12e-02 1.20e-02h  1
2883  2.5262355e+01 3.47e+00 2.10e+01  -4.6 1.44e+01    -  8.73e-03 3.77e-03h  1
2884  2.5234040e+01 3.29e+00 1.72e+01  -4.6 1.01e+01    -  2.90e-02 5.40e-02f  1
2885  2.5171087e+01 8.12e+00 1.65e+01  -4.6 1.67e+01    -  2.08e-03 1.40e-02h  1
2886  2.5170306e+01 8.09e+00 9.90e+01  -4.6 8.65e+00    -  3.84e-02 3.40e-03h  1
2887  2.5318187e+01 3.03e+00 1.09e+02  -4.6 1.61e+01    -  3.50e-02 6.06e-02h  1
2888  2.5269972e+01 2.87e+00 1.09e+02  -4.6 8.68e+00    -  3.48e-02 5.45e-02h  1
2889  2.5165294e+01 2.67e+00 1.43e+02  -4.6 1.12e+01    -  3.06e-02 7.11e-02h  1
iter    objective    inf_pr   inf_du lg(mu)  ||d||  lg(rg) alpha_du alpha_pr  ls
2890  2.5128497e+01 2.36e+00 2.08e+02  -4.6 7.82e+00    -  2.15e-02 1.14e-01h  1
2891  2.5089289e+01 2.28e+00 2.02e+02  -4.6 1.27e+01    -  5.23e-02 3.46e-02h  1
2892  2.5073686e+01 6.43e+00 1.83e+02  -4.6 7.43e+00    -  2.00e-01 1.12e-01f  1
2893  2.5061418e+01 5.71e+00 1.62e+02  -4.6 9.36e+00    -  1.09e-01 1.13e-01h  1
2894  2.5063172e+01 5.18e+00 1.47e+02  -4.6 6.02e+00    -  1.07e-01 9.46e-02h  1
2895  2.5062670e+01 4.76e+00 1.35e+02  -4.6 7.82e+00    -  8.20e-02 8.03e-02h  1
2896  2.5125607e+01 1.39e+00 1.26e+02  -4.6 2.53e+01    -  1.92e-02 6.93e-02h  1
2897  2.5102215e+01 1.23e+00 1.10e+02  -4.6 4.77e+00    -  2.27e-01 1.17e-01h  1
2898  2.5077602e+01 1.19e+00 1.05e+02  -4.6 6.90e+00    -  8.85e-02 2.75e-02h  1
2899  2.5060521e+01 9.13e-01 8.05e+01  -4.6 3.32e+00    -  2.34e-01 2.36e-01h  1
iter    objective    inf_pr   inf_du lg(mu)  ||d||  lg(rg) alpha_du alpha_pr  ls
2900  2.5047709e+01 8.82e-01 7.75e+01  -4.6 5.79e+00    -  8.50e-02 3.39e-02h  2
2901  2.5046272e+01 8.36e-01 7.37e+01  -4.6 2.58e+00    -  2.06e-01 5.29e-02h  1
2902  2.5042704e+01 4.11e+00 7.36e+01  -4.6 6.53e+00    -  4.90e-02 1.76e-02h  3
2903  2.5042595e+01 4.03e+00 7.48e+01  -4.6 3.20e+00    -  2.72e-01 1.87e-02h  1
2904  2.5034641e+01 7.78e-01 7.29e+01  -4.6 1.34e+01    -  5.91e-02 3.44e-02h  3
2905  2.5031429e+01 6.64e-01 6.05e+01  -4.6 2.43e+00    -  3.08e-01 1.47e-01h  1
2906  2.5058645e+01 4.08e-01 3.93e+01  -4.6 2.65e+00    -  2.61e-01 3.90e-01h  1
2907  2.5049511e+01 3.17e-01 3.14e+01  -4.6 1.17e+00    -  4.60e-01 2.23e-01h  1
2908  2.5034774e+01 2.01e-01 2.04e+01  -4.6 1.54e+00    -  4.69e-01 3.66e-01h  1
2909  2.5032290e+01 1.50e-01 1.43e+01  -4.6 2.27e+00    -  2.13e-01 2.53e-01h  1
iter    objective    inf_pr   inf_du lg(mu)  ||d||  lg(rg) alpha_du alpha_pr  ls
2910  2.5033064e+01 1.04e-01 1.49e+01  -4.6 1.28e+00    -  2.07e-01 3.07e-01h  2
2911  2.5036205e+01 2.72e-02 4.06e+00  -4.6 4.87e-01    -  7.53e-01 7.46e-01h  1
2912  2.5019031e+01 1.58e-02 2.38e+00  -4.6 4.07e-01    -  2.21e-01 4.16e-01f  1
2913  2.5012021e+01 6.52e-03 4.64e+00  -4.6 1.75e-01    -  4.04e-01 6.02e-01f  1
2914  2.5010109e+01 6.12e-03 3.52e+00  -4.6 5.36e-01    -  4.03e-01 4.85e-01f  2
2915  2.5006766e+01 5.09e-03 4.89e+00  -4.6 2.02e+00    -  3.95e-01 2.60e-01h  1
2916  2.5003779e+01 1.83e-02 1.74e+01  -4.6 9.86e+00    -  1.89e-01 7.19e-02h  2
2917  2.5002961e+01 1.75e-02 6.92e+01  -4.6 7.28e+00    -  3.61e-01 4.10e-02h  3
2918  2.5000676e+01 1.43e-02 1.18e+02  -4.6 1.19e+00    -  1.00e+00 1.81e-01h  3
2919  2.5044874e+01 1.33e-03 7.57e+01  -4.6 6.62e-01    -  3.61e-01 9.11e-01H  1
iter    objective    inf_pr   inf_du lg(mu)  ||d||  lg(rg) alpha_du alpha_pr  ls
2920  2.5040205e+01 1.29e-03 4.72e+01  -4.6 1.31e+00    -  5.64e-01 2.82e-02h  2
2921  2.5030556e+01 1.41e-03 3.60e+01  -4.6 1.76e+00    -  2.30e-01 1.51e-01f  2
2922  2.4985876e+01 9.15e-04 1.51e+01  -4.6 4.54e-01    -  5.38e-01 5.84e-01h  1
2923  2.5011468e+01 3.50e-03 9.33e+00  -4.2 3.96e-01    -  8.18e-01 6.41e-01f  1
2924  2.4992365e+01 2.50e-04 1.05e-02  -4.4 9.31e-02    -  1.00e+00 1.00e+00h  1
2925  2.4976951e+01 2.45e-04 1.23e-02  -4.7 3.69e-02    -  1.00e+00 1.00e+00h  1
2926  2.4966114e+01 1.69e-04 3.63e+00  -5.1 3.08e-02    -  1.00e+00 7.10e-01h  1
2927  2.4961301e+01 7.69e-04 9.45e-01  -4.8 1.35e-01    -  1.00e+00 7.48e-01h  1
2928  2.4963809e+01 4.52e-03 5.47e+00  -4.6 5.28e-01    -  1.00e+00 3.99e-01h  1
2929  2.4961699e+01 4.20e-03 4.10e+00  -4.7 2.02e+00    -  3.78e-01 1.34e-01h  3
iter    objective    inf_pr   inf_du lg(mu)  ||d||  lg(rg) alpha_du alpha_pr  ls
2930  2.4961187e+01 1.10e-02 5.39e+00  -4.7 3.84e+00    -  3.85e-01 1.23e-01h  2
2931  2.4961226e+01 1.23e+00 5.15e+00  -4.4 3.58e+00    -  6.78e-02 6.62e-02H  1
2932  2.4958409e+01 1.81e+01 2.91e+00  -4.7 2.76e+00    -  3.26e-01 2.63e-01h  1
2933  2.5061275e+01 6.41e-01 6.32e+00  -3.3 3.51e+00    -  9.39e-03 6.87e-02f  1
2934  2.4970429e+01 2.06e-01 6.59e+00  -4.6 4.41e-01    -  2.97e-01 6.78e-01h  1
2935  2.4963589e+01 1.12e-01 2.87e+00  -4.6 2.56e-01    -  3.25e-01 3.50e-01h  1
2936  2.4942600e+01 7.89e-03 5.20e-01  -4.6 2.59e-01    -  1.00e+00 1.00e+00f  1
2937  2.4967648e+01 5.49e-03 3.16e+00  -4.7 7.38e-01    -  1.00e+00 8.29e-01H  1
2938  2.4953595e+01 5.71e-03 5.84e+00  -4.8 9.78e-01    -  1.00e+00 1.54e-01h  1
2939  2.4935578e+01 2.12e-02 6.67e+00  -4.8 2.93e+00    -  1.37e-01 1.03e-01f  2
iter    objective    inf_pr   inf_du lg(mu)  ||d||  lg(rg) alpha_du alpha_pr  ls
2940  2.4954365e+01 2.72e-02 5.29e+00  -4.3 2.48e-01    -  5.44e-01 4.73e-01h  1
2941  2.4929091e+01 4.97e-03 1.49e+00  -4.5 1.99e-01    -  7.46e-01 8.80e-01h  1
2942  2.4920613e+01 7.57e-03 9.71e+00  -4.8 2.88e-01    -  1.00e+00 4.52e-01f  2
2943  2.4928746e+01 2.42e-03 2.41e-01  -4.5 2.31e-01    -  1.00e+00 1.00e+00h  1
2944  2.4959565e+01 1.12e-02 3.23e+00  -4.2 3.81e-01    -  7.59e-01 7.02e-01h  1
2945  2.4964223e+01 5.08e-03 7.36e+00  -4.3 3.39e-01    -  6.76e-01 5.72e-01h  1
2946  2.4938504e+01 6.45e-03 3.45e-01  -4.3 1.04e-01    -  1.00e+00 1.00e+00h  1
2947  2.4935253e+01 6.38e-03 6.56e-02  -4.3 1.31e-01    -  1.00e+00 1.00e+00h  1
2948  2.4918552e+01 6.39e-03 1.08e-01  -4.6 1.58e-01    -  1.00e+00 1.00e+00h  1
2949  2.4904623e+01 2.04e-03 1.24e+00  -4.8 2.56e-01    -  9.99e-01 6.80e-01h  1
iter    objective    inf_pr   inf_du lg(mu)  ||d||  lg(rg) alpha_du alpha_pr  ls
2950  2.4941376e+01 1.88e-04 1.73e-01  -4.5 2.92e-01    -  1.00e+00 1.00e+00H  1
2951  2.4907534e+01 1.29e-03 9.81e+00  -5.0 1.04e-01    -  1.00e+00 5.39e-01h  1
2952  2.4907111e+01 4.40e-04 1.13e+01  -4.5 1.11e-01    -  1.00e+00 6.65e-01h  1
2953  2.4898735e+01 3.28e-04 4.05e+00  -5.0 1.86e-01    -  1.00e+00 4.14e-01h  1
2954  2.4892878e+01 5.92e-04 6.50e+00  -5.1 8.62e-01    -  1.00e+00 3.04e-01h  1
2955  2.4891516e+01 8.79e-04 3.57e+00  -4.7 2.38e+00    -  5.90e-01 9.44e-02h  3
2956  2.4904005e+01 3.39e-03 1.88e+00  -4.2 3.76e+00    -  3.83e-01 1.81e-01h  2
2957  2.4897627e+01 4.76e-03 1.83e+00  -4.6 7.40e+00    -  1.38e-01 1.09e-01h  2
2958  2.4887904e+01 8.94e-03 1.89e+00  -4.6 4.02e+01    -  4.70e-02 2.59e-02h  2
2959  2.4966618e+01 1.59e-02 2.33e+00  -3.6 5.36e+01    -  9.69e-02 4.51e-02f  2
iter    objective    inf_pr   inf_du lg(mu)  ||d||  lg(rg) alpha_du alpha_pr  ls
2960  2.4958608e+01 1.85e-02 4.39e+00  -4.4 2.77e+01    -  1.42e-01 4.03e-02h  2
2961  2.4929117e+01 4.46e-02 4.04e+00  -4.4 4.12e+01    -  6.57e-02 7.13e-02h  1
2962  2.4920946e+01 4.38e-02 6.52e+00  -4.4 4.53e+01    -  8.12e-02 1.83e-02h  1
2963  2.4882978e+01 4.11e-02 5.06e+00  -4.4 1.16e+01    -  1.22e-01 1.35e-01f  1
2964  2.4904567e+01 4.34e-02 5.05e+00  -3.6 1.97e+01    -  7.14e-02 5.61e-02f  2
2965  2.4939167e+01 3.98e-02 7.81e+00  -4.3 3.98e+00    -  1.05e-01 1.96e-01h  1
2966  2.4893941e+01 2.14e-02 4.90e+00  -4.3 7.93e-01    -  2.67e-01 5.13e-01h  1
2967  2.4814086e+01 2.18e-02 3.05e+00  -4.3 5.47e-01    -  3.99e-01 3.83e-01f  1
2968  2.4816972e+01 1.53e-02 5.67e+00  -4.0 3.85e-01    -  7.60e-01 5.00e-01f  2
2969  2.4796071e+01 4.51e-04 3.19e-02  -4.4 3.61e-01    -  1.00e+00 1.00e+00h  1
iter    objective    inf_pr   inf_du lg(mu)  ||d||  lg(rg) alpha_du alpha_pr  ls
2970  2.4863645e+01 3.53e-03 1.51e-01  -4.1 7.68e-01    -  1.00e+00 9.82e-01H  1
2971  2.4891473e+01 4.19e-03 8.40e+00  -3.8 1.18e+00    -  8.33e-01 3.02e-01f  2
2972  2.5070831e+01 4.95e-04 3.69e+00  -3.9 3.33e-01    -  5.62e-01 1.00e+00H  1
2973  2.4835438e+01 2.34e-03 3.83e-02  -3.9 2.43e-01    -  1.00e+00 1.00e+00f  1
2974  2.4837709e+01 7.55e-04 1.14e-02  -3.9 1.99e-01    -  1.00e+00 1.00e+00h  1
2975  2.4800875e+01 6.93e-03 1.95e+00  -4.2 5.36e-01    -  9.93e-01 6.18e-01h  1
2976  2.4781570e+01 5.75e-03 4.06e+00  -4.3 2.83e+00    -  7.89e-01 3.00e-01h  2
2977  2.4776048e+01 8.07e-03 1.30e+01  -4.0 1.40e+01    -  3.81e-01 7.51e-02h  2
2978  2.4770659e+01 8.51e-03 1.29e+01  -4.8 1.65e+01    -  9.07e-02 2.41e-02h  3
2979  2.4802845e+01 1.01e-02 3.86e+00  -3.8 6.23e+00    -  4.45e-01 1.54e-01h  1
iter    objective    inf_pr   inf_du lg(mu)  ||d||  lg(rg) alpha_du alpha_pr  ls
2980  2.4795598e+01 1.01e-02 1.19e+01  -4.1 1.23e+01    -  1.16e-01 3.46e-02h  4
2981  2.4766551e+01 2.88e-02 9.58e+00  -4.1 3.50e+01    -  7.15e-02 6.57e-02h  2
2982  2.4815795e+01 5.31e-02 1.63e+01  -3.3 1.15e+02    -  8.46e-02 2.36e-02f  2
2983  2.4811583e+01 5.33e-02 3.76e+01  -4.0 4.34e+01    -  1.04e-01 1.43e-02h  4
2984  2.4786592e+01 5.59e-02 4.52e+01  -4.0 1.62e+01    -  1.33e-01 9.79e-02h  2
2985  2.4757553e+01 6.35e-02 4.55e+01  -4.0 5.53e+01    -  4.85e-02 3.21e-02h  3
2986  2.5145791e+01 1.45e-01 1.32e+01  -2.9 1.11e+02    -  7.96e-02 4.76e-02f  1
2987  2.5128364e+01 1.42e-01 1.27e+01  -3.8 2.18e+01    -  8.00e-02 4.06e-02h  1
2988  2.5081249e+01 1.24e-01 8.92e+00  -3.8 8.52e+00    -  2.23e-01 1.64e-01f  1
2989  2.4996705e+01 7.72e-01 1.14e+01  -3.8 8.34e+00    -  8.21e-03 3.48e-02F  1
iter    objective    inf_pr   inf_du lg(mu)  ||d||  lg(rg) alpha_du alpha_pr  ls
2990  2.4848230e+01 5.49e-01 2.58e+01  -3.8 4.95e+00    -  1.32e-01 3.02e-01h  1
2991  2.4832084e+01 7.00e-01 1.24e+01  -3.8 7.20e+00    -  8.63e-02 7.58e-03F  1
2992  2.4945102e+01 3.25e-01 8.04e+00  -3.8 1.58e+00    -  2.18e-01 5.16e-01h  1
2993  2.4677034e+01 1.99e+01 4.17e+00  -3.8 3.49e-01    -  1.00e+00 8.59e-01f  1
2994  2.4779322e+01 7.12e+00 3.73e+00  -3.3 3.88e-01    -  5.68e-01 6.81e-01f  1
2995  2.4786346e+01 3.10e+00 3.09e+00  -3.5 3.39e-01    -  1.00e+00 5.58e-01h  1
2996  2.4785485e+01 2.76e+00 2.78e+00  -3.5 4.59e-01    -  2.52e-01 1.10e-01h  1
2997  2.4810314e+01 1.57e+00 5.91e+00  -3.5 6.27e-01    -  9.38e-01 4.40e-01h  1
2998  2.4814439e+01 9.12e-01 3.58e+01  -3.5 5.24e-01    -  1.00e+00 4.38e-01h  1
2999  2.4844733e+01 2.98e-01 6.49e+00  -3.5 5.24e-01    -  1.00e+00 6.96e-01h  1
iter    objective    inf_pr   inf_du lg(mu)  ||d||  lg(rg) alpha_du alpha_pr  ls
3000  2.4846866e+01 4.68e-03 6.69e+01  -3.5 2.78e-01    -  4.81e-01 1.00e+00f  1

Number of Iterations....: 3000

                                   (scaled)                 (unscaled)
Objective...............:   2.4846865562535633e+01    2.4846865562535633e+01
Dual infeasibility......:   6.6937147463028992e+01    6.6937147463028992e+01
Constraint violation....:   1.7162568825557570e-03    4.6757483033097458e-03
Variable bound violation:   0.0000000000000000e+00    0.0000000000000000e+00
Complementarity.........:   8.1361951373683651e-04    8.1361951373683651e-04
Overall NLP error.......:   6.6937147463028992e+01    6.6937147463028992e+01


Number of objective function evaluations             = 4834
Number of objective gradient evaluations             = 3001
Number of equality constraint evaluations            = 4834
Number of inequality constraint evaluations          = 0
Number of equality constraint Jacobian evaluations   = 3001
Number of inequality constraint Jacobian evaluations = 0
Number of Lagrangian Hessian evaluations             = 0
Total seconds in IPOPT                               = 12059.695

EXIT: Maximum Number of Iterations Exceeded.
         nlp  :   t_proc      (avg)   t_wall      (avg)    n_eval
callback_fun  | 512.86ms (170.90us)   1.37 s (456.02us)      3001
       nlp_f  |  55.32 s ( 11.44ms)  14.75 s (  3.05ms)      4834
       nlp_g  | 473.11 s ( 97.87ms)  61.25 s ( 12.67ms)      4834
  nlp_grad_f  |   3.13ks (  1.04 s) 339.57 s (113.08ms)      3003
   nlp_jac_g  |  93.66ks ( 31.20 s)   8.92ks (  2.97 s)      3002
       total  | 124.39ks (124.39ks)  12.06ks ( 12.06ks)         1

Breakdown of objective (including weights):
  marker_tracking: 21.144
  control_effort: 3.11137
  accelerations: 0.591512

Active or violated continuous variable bounds
L and U indicate which bound is active; '*' indicates a bound is violated. 
The case of lower==upper==value is ignored.

State bounds: no bounds active or violated

Control bounds: no bounds active or violated

Multiplier bounds: no bounds active or violated

Derivative bounds: no bounds active or violated

Active or violated parameter bounds
L and U indicate which bound is active; '*' indicates a bound is violated. 
The case of lower==upper==value is ignored.

Time bounds: no bounds active or violated

Parameter bounds: no bounds active or violated

Total number of constraints: 6666.

Differential equation defects:
  L2 norm across mesh, max abs value (L1 norm), time of max abs
/jointset/ground_pelvis/pelvis_tilt/value        1.13e-16       3.12e-17       143.360240
/jointset/ground_pelvis/pelvis_list/value        5.16e-17       2.43e-17       143.538880
/jointset/ground_pelvis/pelvis_rotation/value        2.80e-17       1.04e-17       143.555120
/jointset/ground_pelvis/pelvis_tx/value        8.75e-16       2.21e-16       143.668800
/jointset/ground_pelvis/pelvis_ty/value        3.69e-16       1.87e-16       143.701280
/jointset/ground_pelvis/pelvis_tz/value        1.59e-16       3.71e-17       143.490160
/jointset/hip_r/hip_flexion_r/value        1.29e-16       7.46e-17       143.376480
/jointset/hip_r/hip_adduction_r/value        4.64e-17       1.76e-17       143.473920
/jointset/hip_r/hip_rotation_r/value        4.70e-17       2.08e-17       143.636320
/jointset/hip_l/hip_flexion_l/value        2.50e-16       1.04e-16       143.425200
/jointset/hip_l/hip_adduction_l/value        3.39e-17       3.39e-18       143.717520
/jointset/hip_l/hip_rotation_l/value        5.74e-17       3.12e-17       143.701280
/jointset/walker_knee_r/knee_angle_r/value        2.03e-16       1.32e-16       143.620080
/jointset/patellofemoral_r/knee_angle_r_beta/value        2.03e-16       1.32e-16       143.620080
/jointset/walker_knee_l/knee_angle_l/value        2.55e-16       1.80e-16       143.457680
/jointset/patellofemoral_l/knee_angle_l_beta/value        2.55e-16       1.80e-16       143.457680
/jointset/ankle_r/ankle_angle_r/value        1.34e-16       9.37e-17       143.425200
/jointset/ankle_l/ankle_angle_l/value        1.63e-16       1.09e-16       143.685040
/jointset/subtalar_r/subtalar_angle_r/value        1.54e-16       4.86e-17       143.425200
/jointset/subtalar_l/subtalar_angle_l/value        1.42e-16       3.99e-17       143.360240
/jointset/ground_pelvis/pelvis_tilt/speed        1.20e-15       8.88e-16       143.457680
/jointset/ground_pelvis/pelvis_list/speed        1.13e-15       4.44e-16       143.441440
/jointset/ground_pelvis/pelvis_rotation/speed        1.37e-15       5.00e-16       143.522640
/jointset/ground_pelvis/pelvis_tx/speed        5.95e-17       3.47e-17       143.685040
/jointset/ground_pelvis/pelvis_ty/speed        2.15e-16       1.11e-16       143.506400
/jointset/ground_pelvis/pelvis_tz/speed        9.25e-17       5.55e-17       143.425200
/jointset/hip_r/hip_flexion_r/speed        2.60e-15       2.11e-15       143.457680
/jointset/hip_r/hip_adduction_r/speed        9.95e-16       3.89e-16       143.733760
/jointset/hip_r/hip_rotation_r/speed        1.66e-15       7.22e-16       143.620080
/jointset/hip_l/hip_flexion_l/speed        2.80e-15       1.78e-15       143.490160
/jointset/hip_l/hip_adduction_l/speed        1.11e-15       4.44e-16       143.620080
/jointset/hip_l/hip_rotation_l/speed        2.70e-15       1.78e-15       143.425200
/jointset/walker_knee_r/knee_angle_r/speed        1.64e-15       5.55e-16       143.652560
/jointset/patellofemoral_r/knee_angle_r_beta/speed        1.64e-15       5.55e-16       143.652560
/jointset/walker_knee_l/knee_angle_l/speed        3.18e-15       2.22e-15       143.408960
/jointset/patellofemoral_l/knee_angle_l_beta/speed        2.64e-15       8.88e-16       143.490160
/jointset/ankle_r/ankle_angle_r/speed        2.93e-15       9.99e-16       143.733760
/jointset/ankle_l/ankle_angle_l/speed        3.27e-15       8.88e-16       143.441440
/jointset/subtalar_r/subtalar_angle_r/speed        1.74e-15       1.05e-15       143.668800
/jointset/subtalar_l/subtalar_angle_l/speed        1.33e-15       6.66e-16       143.571360
/forceset/addbrev_r/activation        2.47e-04       2.13e-04       143.376480
/forceset/addlong_r/activation        6.07e-05       4.66e-05       143.392720
/forceset/addmagDist_r/activation        1.88e-05       1.18e-05       143.344000
/forceset/addmagIsch_r/activation        2.85e-04       1.99e-04       143.344000
/forceset/addmagMid_r/activation        1.59e-05       1.24e-05       143.555120
/forceset/addmagProx_r/activation        2.12e-05       1.42e-05       143.360240
/forceset/bflh_r/activation        2.57e-05       1.84e-05       143.360240
/forceset/bfsh_r/activation        7.78e-05       3.76e-05       143.392720
/forceset/edl_r/activation        2.12e-05       1.32e-05       143.392720
/forceset/ehl_r/activation        2.51e-05       1.33e-05       143.587600
/forceset/fdl_r/activation        2.18e-05       1.18e-05       143.408960
/forceset/fhl_r/activation        5.16e-05       4.36e-05       143.701280
/forceset/gaslat_r/activation        5.68e-05       2.97e-05       143.701280
/forceset/gasmed_r/activation        1.34e-05       6.95e-06       143.701280
/forceset/glmax1_r/activation        1.01e-05       6.31e-06       143.490160
/forceset/glmax2_r/activation        2.01e-06       1.28e-06       143.555120
/forceset/glmax3_r/activation        1.03e-05       7.14e-06       143.587600
/forceset/glmed1_r/activation        4.94e-05       3.42e-05       143.344000
/forceset/glmed2_r/activation        1.44e-05       6.93e-06       143.473920
/forceset/glmed3_r/activation        9.96e-06       6.46e-06       143.344000
/forceset/glmin1_r/activation        5.14e-05       4.09e-05       143.360240
/forceset/glmin2_r/activation        8.65e-05       6.71e-05       143.360240
/forceset/glmin3_r/activation        3.07e-05       1.84e-05       143.344000
/forceset/grac_r/activation        3.85e-05       1.69e-05       143.473920
/forceset/iliacus_r/activation        2.12e-05       1.10e-05       143.717520
/forceset/perbrev_r/activation        2.18e-05       1.43e-05       143.490160
/forceset/perlong_r/activation        1.36e-05       7.70e-06       143.490160
/forceset/piri_r/activation        5.63e-06       3.94e-06       143.587600
/forceset/psoas_r/activation        2.96e-04       2.19e-04       143.376480
/forceset/recfem_r/activation        6.86e-06       4.83e-06       143.376480
/forceset/sart_r/activation        5.27e-05       4.19e-05       143.392720
/forceset/semimem_r/activation        6.24e-05       4.86e-05       143.376480
/forceset/semiten_r/activation        6.51e-05       3.40e-05       143.344000
/forceset/soleus_r/activation        4.66e-06       2.92e-06       143.392720
/forceset/tfl_r/activation        4.59e-04       3.75e-04       143.376480
/forceset/tibant_r/activation        1.06e-05       5.64e-06       143.408960
/forceset/tibpost_r/activation        3.05e-05       1.58e-05       143.701280
/forceset/vasint_r/activation        8.06e-06       6.02e-06       143.457680
/forceset/vaslat_r/activation        5.05e-06       3.92e-06       143.457680
/forceset/vasmed_r/activation        4.87e-06       4.14e-06       143.457680

Kinematic constraints:
  L2 norm across mesh, max abs value (L1 norm), time of max abs
00:  cid20_p0        0.00e+00       0.00e+00       143.344000
01:  cid21_p0        0.00e+00       0.00e+00       143.344000
02: cid20_p0d        0.00e+00       0.00e+00       143.344000
03: cid21_p0d        0.00e+00       0.00e+00       143.344000
04:cid20_p0dd        0.00e+00       0.00e+00       143.344000
05:cid21_p0dd        0.00e+00       0.00e+00       143.344000
Kinematic constraint values at each mesh point:
      time          0          1          2          3          4          5  
000  143.344000   0.00e+00   0.00e+00   0.00e+00   0.00e+00   0.00e+00   0.00e+00  
001   1.43e+02   0.00e+00   0.00e+00   0.00e+00   0.00e+00   0.00e+00   0.00e+00  
002   1.43e+02   0.00e+00   0.00e+00   0.00e+00   0.00e+00   0.00e+00   0.00e+00  
003   1.43e+02   0.00e+00   0.00e+00   0.00e+00   0.00e+00   0.00e+00   0.00e+00  
004   1.43e+02   0.00e+00   0.00e+00   0.00e+00   0.00e+00   0.00e+00   0.00e+00  
005   1.43e+02   0.00e+00   0.00e+00   0.00e+00   0.00e+00   0.00e+00   0.00e+00  
006   1.43e+02   0.00e+00   0.00e+00   0.00e+00   0.00e+00   0.00e+00   0.00e+00  
007   1.43e+02   0.00e+00   0.00e+00   0.00e+00   0.00e+00   0.00e+00   0.00e+00  
008   1.43e+02   0.00e+00   0.00e+00   0.00e+00   0.00e+00   0.00e+00   0.00e+00  
009   1.43e+02   0.00e+00   0.00e+00   0.00e+00   0.00e+00   0.00e+00   0.00e+00  
010   1.44e+02   0.00e+00   0.00e+00   0.00e+00   0.00e+00   0.00e+00   0.00e+00  
011   1.44e+02   0.00e+00   0.00e+00   0.00e+00   0.00e+00   0.00e+00   0.00e+00  
012   1.44e+02   0.00e+00   0.00e+00   0.00e+00   0.00e+00   0.00e+00   0.00e+00  
013   1.44e+02   0.00e+00   0.00e+00   0.00e+00   0.00e+00   0.00e+00   0.00e+00  
014   1.44e+02   0.00e+00   0.00e+00   0.00e+00   0.00e+00   0.00e+00   0.00e+00  
015   1.44e+02   0.00e+00   0.00e+00   0.00e+00   0.00e+00   0.00e+00   0.00e+00  
016   1.44e+02   0.00e+00   0.00e+00   0.00e+00   0.00e+00   0.00e+00   0.00e+00  
017   1.44e+02   0.00e+00   0.00e+00   0.00e+00   0.00e+00   0.00e+00   0.00e+00  
018   1.44e+02   0.00e+00   0.00e+00   0.00e+00   0.00e+00   0.00e+00   0.00e+00  
019   1.44e+02   0.00e+00   0.00e+00   0.00e+00   0.00e+00   0.00e+00   0.00e+00  
020   1.44e+02   0.00e+00   0.00e+00   0.00e+00   0.00e+00   0.00e+00   0.00e+00  
021   1.44e+02   0.00e+00   0.00e+00   0.00e+00   0.00e+00   0.00e+00   0.00e+00  
022   1.44e+02   0.00e+00   0.00e+00   0.00e+00   0.00e+00   0.00e+00   0.00e+00  
023   1.44e+02   0.00e+00   0.00e+00   0.00e+00   0.00e+00   0.00e+00   0.00e+00  
024   1.44e+02   0.00e+00   0.00e+00   0.00e+00   0.00e+00   0.00e+00   0.00e+00  
025   1.44e+02   0.00e+00   0.00e+00   0.00e+00   0.00e+00   0.00e+00   0.00e+00  

Path constraints: none

[info] Set log level to Info.
[info] ------------------------------------------------------------------------
[info] Elapsed real time: 12126 second(s) (3 hour(s), 22 minute(s), 6 second(s)).
[info] Tue Jun  2 15:39:34 2026
[warning] MocoCasADiSolver did NOT succeed:
[warning]   Maximum_Iterations_Exceeded
[info] ========================================================================
[info] Storage: read data file = SRRun02_grf.mot (nr=10005 nc=19)
[info] ExternalForce::RightGRF Data source being set to SRRun02_grf
[info] ExternalForce::LeftGRF Data source being set to SRRun02_grf
[warning] Ignoring output /forceset/addbrev_r|implicitenabled_normalized_tendon_force of type bool.
[warning] Ignoring output /forceset/addbrev_r|statebounds_normalized_tendon_force of type Vec2.
[warning] Ignoring output /forceset/addlong_r|implicitenabled_normalized_tendon_force of type bool.
[warning] Ignoring output /forceset/addlong_r|statebounds_normalized_tendon_force of type Vec2.
[warning] Ignoring output /forceset/addmagDist_r|implicitenabled_normalized_tendon_force of type bool.
[warning] Ignoring output /forceset/addmagDist_r|statebounds_normalized_tendon_force of type Vec2.
[warning] Ignoring output /forceset/addmagIsch_r|implicitenabled_normalized_tendon_force of type bool.
[warning] Ignoring output /forceset/addmagIsch_r|statebounds_normalized_tendon_force of type Vec2.
[warning] Ignoring output /forceset/addmagMid_r|implicitenabled_normalized_tendon_force of type bool.
[warning] Ignoring output /forceset/addmagMid_r|statebounds_normalized_tendon_force of type Vec2.
[warning] Ignoring output /forceset/addmagProx_r|implicitenabled_normalized_tendon_force of type bool.
[warning] Ignoring output /forceset/addmagProx_r|statebounds_normalized_tendon_force of type Vec2.
[warning] Ignoring output /forceset/bflh_r|implicitenabled_normalized_tendon_force of type bool.
[warning] Ignoring output /forceset/bflh_r|statebounds_normalized_tendon_force of type Vec2.
[warning] Ignoring output /forceset/bfsh_r|implicitenabled_normalized_tendon_force of type bool.
[warning] Ignoring output /forceset/bfsh_r|statebounds_normalized_tendon_force of type Vec2.
[warning] Ignoring output /forceset/edl_r|implicitenabled_normalized_tendon_force of type bool.
[warning] Ignoring output /forceset/edl_r|statebounds_normalized_tendon_force of type Vec2.
[warning] Ignoring output /forceset/ehl_r|implicitenabled_normalized_tendon_force of type bool.
[warning] Ignoring output /forceset/ehl_r|statebounds_normalized_tendon_force of type Vec2.
[warning] Ignoring output /forceset/fdl_r|implicitenabled_normalized_tendon_force of type bool.
[warning] Ignoring output /forceset/fdl_r|statebounds_normalized_tendon_force of type Vec2.
[warning] Ignoring output /forceset/fhl_r|implicitenabled_normalized_tendon_force of type bool.
[warning] Ignoring output /forceset/fhl_r|statebounds_normalized_tendon_force of type Vec2.
[warning] Ignoring output /forceset/gaslat_r|implicitenabled_normalized_tendon_force of type bool.
[warning] Ignoring output /forceset/gaslat_r|statebounds_normalized_tendon_force of type Vec2.
[warning] Ignoring output /forceset/gasmed_r|implicitenabled_normalized_tendon_force of type bool.
[warning] Ignoring output /forceset/gasmed_r|statebounds_normalized_tendon_force of type Vec2.
[warning] Ignoring output /forceset/glmax1_r|implicitenabled_normalized_tendon_force of type bool.
[warning] Ignoring output /forceset/glmax1_r|statebounds_normalized_tendon_force of type Vec2.
[warning] Ignoring output /forceset/glmax2_r|implicitenabled_normalized_tendon_force of type bool.
[warning] Ignoring output /forceset/glmax2_r|statebounds_normalized_tendon_force of type Vec2.
[warning] Ignoring output /forceset/glmax3_r|implicitenabled_normalized_tendon_force of type bool.
[warning] Ignoring output /forceset/glmax3_r|statebounds_normalized_tendon_force of type Vec2.
[warning] Ignoring output /forceset/glmed1_r|implicitenabled_normalized_tendon_force of type bool.
[warning] Ignoring output /forceset/glmed1_r|statebounds_normalized_tendon_force of type Vec2.
[warning] Ignoring output /forceset/glmed2_r|implicitenabled_normalized_tendon_force of type bool.
[warning] Ignoring output /forceset/glmed2_r|statebounds_normalized_tendon_force of type Vec2.
[warning] Ignoring output /forceset/glmed3_r|implicitenabled_normalized_tendon_force of type bool.
[warning] Ignoring output /forceset/glmed3_r|statebounds_normalized_tendon_force of type Vec2.
[warning] Ignoring output /forceset/glmin1_r|implicitenabled_normalized_tendon_force of type bool.
[warning] Ignoring output /forceset/glmin1_r|statebounds_normalized_tendon_force of type Vec2.
[warning] Ignoring output /forceset/glmin2_r|implicitenabled_normalized_tendon_force of type bool.
[warning] Ignoring output /forceset/glmin2_r|statebounds_normalized_tendon_force of type Vec2.
[warning] Ignoring output /forceset/glmin3_r|implicitenabled_normalized_tendon_force of type bool.
[warning] Ignoring output /forceset/glmin3_r|statebounds_normalized_tendon_force of type Vec2.
[warning] Ignoring output /forceset/grac_r|implicitenabled_normalized_tendon_force of type bool.
[warning] Ignoring output /forceset/grac_r|statebounds_normalized_tendon_force of type Vec2.
[warning] Ignoring output /forceset/iliacus_r|implicitenabled_normalized_tendon_force of type bool.
[warning] Ignoring output /forceset/iliacus_r|statebounds_normalized_tendon_force of type Vec2.
[warning] Ignoring output /forceset/perbrev_r|implicitenabled_normalized_tendon_force of type bool.
[warning] Ignoring output /forceset/perbrev_r|statebounds_normalized_tendon_force of type Vec2.
[warning] Ignoring output /forceset/perlong_r|implicitenabled_normalized_tendon_force of type bool.
[warning] Ignoring output /forceset/perlong_r|statebounds_normalized_tendon_force of type Vec2.
[warning] Ignoring output /forceset/piri_r|implicitenabled_normalized_tendon_force of type bool.
[warning] Ignoring output /forceset/piri_r|statebounds_normalized_tendon_force of type Vec2.
[warning] Ignoring output /forceset/psoas_r|implicitenabled_normalized_tendon_force of type bool.
[warning] Ignoring output /forceset/psoas_r|statebounds_normalized_tendon_force of type Vec2.
[warning] Ignoring output /forceset/recfem_r|implicitenabled_normalized_tendon_force of type bool.
[warning] Ignoring output /forceset/recfem_r|statebounds_normalized_tendon_force of type Vec2.
[warning] Ignoring output /forceset/sart_r|implicitenabled_normalized_tendon_force of type bool.
[warning] Ignoring output /forceset/sart_r|statebounds_normalized_tendon_force of type Vec2.
[warning] Ignoring output /forceset/semimem_r|implicitenabled_normalized_tendon_force of type bool.
[warning] Ignoring output /forceset/semimem_r|statebounds_normalized_tendon_force of type Vec2.
[warning] Ignoring output /forceset/semiten_r|implicitenabled_normalized_tendon_force of type bool.
[warning] Ignoring output /forceset/semiten_r|statebounds_normalized_tendon_force of type Vec2.
[warning] Ignoring output /forceset/soleus_r|implicitenabled_normalized_tendon_force of type bool.
[warning] Ignoring output /forceset/soleus_r|statebounds_normalized_tendon_force of type Vec2.
[warning] Ignoring output /forceset/tfl_r|implicitenabled_normalized_tendon_force of type bool.
[warning] Ignoring output /forceset/tfl_r|statebounds_normalized_tendon_force of type Vec2.
[warning] Ignoring output /forceset/tibant_r|implicitenabled_normalized_tendon_force of type bool.
[warning] Ignoring output /forceset/tibant_r|statebounds_normalized_tendon_force of type Vec2.
[warning] Ignoring output /forceset/tibpost_r|implicitenabled_normalized_tendon_force of type bool.
[warning] Ignoring output /forceset/tibpost_r|statebounds_normalized_tendon_force of type Vec2.
[warning] Ignoring output /forceset/vasint_r|implicitenabled_normalized_tendon_force of type bool.
[warning] Ignoring output /forceset/vasint_r|statebounds_normalized_tendon_force of type Vec2.
[warning] Ignoring output /forceset/vaslat_r|implicitenabled_normalized_tendon_force of type bool.
[warning] Ignoring output /forceset/vaslat_r|statebounds_normalized_tendon_force of type Vec2.
[warning] Ignoring output /forceset/vasmed_r|implicitenabled_normalized_tendon_force of type bool.
[warning] Ignoring output /forceset/vasmed_r|statebounds_normalized_tendon_force of type Vec2.
[info] Storage: read data file = SRRun02_grf.mot (nr=10005 nc=19)
[info] ExternalForce::RightGRF Data source being set to SRRun02_grf
[info] ExternalForce::LeftGRF Data source being set to SRRun02_grf
[info] Storage: read data file = SRRun02_grf.mot (nr=10005 nc=19)
[info] ExternalForce::RightGRF Data source being set to SRRun02_grf
[info] ExternalForce::LeftGRF Data source being set to SRRun02_grf
[info] Storage: read data file = SRRun02_grf.mot (nr=10005 nc=19)
[info] ExternalForce::RightGRF Data source being set to SRRun02_grf
[info] ExternalForce::LeftGRF Data source being set to SRRun02_grf
[info] Storage: read data file = SRRun02_grf.mot (nr=10005 nc=19)
[info] ExternalForce::RightGRF Data source being set to SRRun02_grf
[info] ExternalForce::LeftGRF Data source being set to SRRun02_grf
[info] Storage: read data file = SRRun02_grf.mot (nr=10005 nc=19)
[info] ExternalForce::RightGRF Data source being set to SRRun02_grf
[info] ExternalForce::LeftGRF Data source being set to SRRun02_grf
