PathFileType	4	(X/Y/Z)	AB05\squats_2.trc
DataRate	CameraRate	NumFrames	NumMarkers	Units	OrigDataRate	OrigDataStartFrame	OrigNumFrames
200.000000	200.000000	336	35	mm	200.000000	0	336
Frame#	Time	C7			LSHO			STRN			LASI			RASI			LPSI			RPSI			LGTR			RGTR			LTHC			LTHL			LTHR			LKNE			LMKNE			LSHC			LSHL			LSHR			LANK			LMANK			LMT1			LMT5			LCAL			RTHC			RTHL			RTHR			RKNE			RMKNE			RSHC			RSHL			RSHR			RANK			RMANK			RMT1			RMT5			RCAL			
		X1	Y1	Z1	X2	Y2	Z2	X3	Y3	Z3	X4	Y4	Z4	X5	Y5	Z5	X6	Y6	Z6	X7	Y7	Z7	X8	Y8	Z8	X9	Y9	Z9	X10	Y10	Z10	X11	Y11	Z11	X12	Y12	Z12	X13	Y13	Z13	X14	Y14	Z14	X15	Y15	Z15	X16	Y16	Z16	X17	Y17	Z17	X18	Y18	Z18	X19	Y19	Z19	X20	Y20	Z20	X21	Y21	Z21	X22	Y22	Z22	X23	Y23	Z23	X24	Y24	Z24	X25	Y25	Z25	X26	Y26	Z26	X27	Y27	Z27	X28	Y28	Z28	X29	Y29	Z29	X30	Y30	Z30	X31	Y31	Z31	X32	Y32	Z32	X33	Y33	Z33	X34	Y34	Z34	X35	Y35	Z35	

1	0.91	-2337.362826680762	1567.646364683895	2494.712104829934	-2252.413176949556	1528.188832312223	2345.946652399624	-2219.254934981819	1471.000076901091	2502.10431256589	-2240.167574079098	1011.580588199579	2364.667005816223	-2254.146425483321	1021.33663116538	2637.252654649868	-2418.867215910581	1076.006478612375	2429.711414714883	-2416.013255881644	1091.596987146296	2549.996295801529	-2321.780375692304	923.4839927731228	2310.944947006788	-2367.327623878839	947.2560570446119	2671.182001394896	-2198.248335889382	795.771076291362	2355.167653701405	-2386.788807974903	802.3330801778095	2363.531537300743	-2271.424302373804	815.6455211714426	2300.757440735311	-2272.493066333128	529.0922857237883	2302.654025668361	-2259.557048455374	519.8936935402756	2423.701677760583	-2370.068233859847	400.0945520052246	2298.797472630134	-2276.040050839909	259.4515127783674	2323.476718180254	-2288.892867979469	340.9928650790459	2399.501276786777	-2362.049759180548	109.1805304054632	2287.254204479578	-2328.79728521197	110.5323469785865	2380.241645849695	-2199.588459562773	65.86763512861015	2349.987820750008	-2248.820868175172	54.73876731444031	2234.692707777933	-2421.37546226006	71.89495286446009	2344.950645808467	-2400.428182042922	792.1104145713241	2629.491622454469	-2288.006896923064	810.757407159773	2701.493762056027	-2211.075139477238	790.905311914921	2627.818615466208	-2290.718673379755	530.531642022621	2697.409421212066	-2257.759125711211	518.86124214799	2576.022209831258	-2282.117438709638	278.4332481075541	2684.58754003471	-2357.21269225896	427.2899350277929	2704.089270708688	-2290.182550087699	377.487798186173	2600.559784119129	-2369.529538469189	106.8857084037221	2712.133792340268	-2327.830264390307	109.0843267318483	2621.496655553136	-2209.730726237957	64.249414564026	2653.651684556718	-2244.609202166841	61.5382077147943	2760.162524169421	-2430.842354790384	73.57352906460387	2658.073989241112	
2	0.915	-2335.176677974904	1566.437591224135	2495.01098465287	-2250.731380474378	1526.626582448356	2346.403084833913	-2217.87985031266	1468.921111581947	2502.287016636561	-2242.590388266192	1010.280421456567	2364.841546132277	-2256.384495784996	1020.228394297885	2637.229912457409	-2421.074886208816	1075.116298357328	2429.859240334747	-2418.078198350704	1090.848953991426	2550.160761248198	-2323.655002060539	922.3275620717817	2310.969020000782	-2369.247815309316	946.3678325025529	2671.61093449656	-2198.765501659218	795.9803000933396	2354.868783466728	-2387.468558937872	800.3631116476039	2363.151149630152	-2272.165377284176	814.9964762939907	2300.631562131333	-2270.086261359573	528.5906452643916	2302.099480553734	-2256.976181979809	519.5236059957595	2423.113259940319	-2368.082038358399	400.0811617864915	2298.215812126317	-2274.893525210572	259.0592074712271	2323.328638591906	-2287.298259105028	340.7417552421165	2399.191362391552	-2361.836939987584	109.2509573290445	2287.153675662861	-2328.714888679646	110.587610681593	2380.208619894121	-2199.564621756294	65.84560527525696	2350.012554188111	-2248.804851013134	54.76121011626985	2234.732634852444	-2421.360551939639	71.95485112770022	2344.946761744573	-2401.133327542381	790.3510497806299	2630.291814944498	-2288.566958748618	810.0884310466507	2701.78547461411	-2211.757898601482	790.9410064010896	2627.919896233202	-2288.841086582393	530.0507716702075	2698.175735595641	-2255.92721014135	518.4822956983105	2576.69925810613	-2281.178895082903	278.0355258411462	2684.896677394273	-2355.535565906587	427.1208220947206	2704.736043857298	-2288.719058376775	377.2345362611272	2601.041181442694	-2369.385601057562	106.9409014294333	2712.169244785818	-2327.86279831312	109.0911852081097	2621.563206368318	-2209.722479612286	64.24394981115248	2653.62703744326	-2244.616533260734	61.53393478609657	2760.162877231256	-2430.83903638515	73.60029489505301	2658.082050969125	
3	0.92	-2332.982362543438	1565.218367533926	2495.310148298951	-2249.041539393242	1525.053523517226	2346.859845412415	-2216.49924087597	1466.828901025997	2502.469481408521	-2245.020406004829	1008.974962964985	2365.017110958023	-2258.632982434759	1019.11217386552	2637.207546366875	-2423.290736832965	1074.218423367774	2430.006788196218	-2420.153080225093	1090.091094293716	2550.324367312012	-2325.536707594003	921.165545090876	2310.991618249702	-2371.177246861857	945.4678032647744	2672.037496969974	-2199.286355479396	796.1856780052649	2354.557754048858	-2388.149033886205	798.3859264896065	2362.775095013956	-2272.913473848138	814.3403001022634	2300.498051855011	-2267.677956815932	528.0857054361082	2301.540814316993	-2254.389836379574	519.1519406746037	2422.521531760186	-2366.093555271315	400.0672643603558	2297.635049793485	-2273.745367374662	258.6655561306191	2323.177745282002	-2285.697947742831	340.489515768393	2398.878983579063	-2361.623570889108	109.3215017561364	2287.054377233126	-2328.632033707644	110.6429930919621	2380.175146928235	-2199.540524368464	65.82377772669882	2350.036708233466	-2248.789059892287	54.78313224868329	2234.771917361697	-2421.345544123584	72.01550260261244	2344.943449023118	-2401.835935904682	788.5768907166566	2631.096132359211	-2289.125512338554	809.4141532762303	2702.074954317636	-2212.441575642219	790.9720219561383	2628.018093280396	-2286.952909592597	529.5652917498001	2698.948046908004	-2254.080683913682	518.0993018566713	2577.38345495076	-2280.23450601149	277.6354342774008	2685.208571239335	-2353.848740498826	426.9491990802986	2705.389016917734	-2287.245088233096	376.9784199850542	2601.526484064196	-2369.239745515339	106.995884538819	2712.20403722283	-2327.896728815136	109.0979393759428	2621.630609211091	-2209.713675759749	64.23845259985875	2653.602818699828	-2244.623595975409	61.52988851206585	2760.163661437407	-2430.835864949472	73.62797934967379	2658.089457700806	
4	0.925	-2330.781488866017	1563.978042134967	2495.608822938355	-2247.342748401615	1523.459210192583	2347.316149696335	-2215.114278149711	1464.713524666802	2502.651154013599	-2247.455659133314	1007.658570319354	2365.193108211985	-2260.890449008103	1017.979852879971	2637.186500280501	-2425.51229804378	1073.307842118455	2430.153760206154	-2422.236255866934	1089.316552412764	2550.486722066355	-2327.426075079504	919.9944611854196	2311.011692336232	-2373.11605932722	944.5478857378121	2672.458974667547	-2199.815449425018	796.3820714219451	2354.234152617133	-2388.83160302206	796.401473574694	2362.405237192431	-2273.671931053907	813.6730525564133	2300.355929312651	-2265.277389180887	527.5774390625693	2300.97958906959	-2251.808590847996	518.7781470243864	2421.929361082101	-2364.109631815065	400.051904661704	2297.05827111462	-2272.599814562505	258.2709886083683	2323.024344684321	-2284.097071253506	340.2361342367918	2398.565814834495	-2361.410364348566	109.3918479650967	2286.9578320097	-2328.548890634052	110.6979858779095	2380.141855294187	-2199.516264581089	65.80220764011838	2350.060246370738	-2248.773624996215	54.80429696930252	2234.810515643969	-2421.330365547184	72.07672249232972	2344.941080569953	-2402.53392066654	786.7834321932442	2631.902617213219	-2289.683478914933	808.7303056846374	2702.360546774127	-2213.126967063319	790.9936013066732	2628.112390195914	-2285.055514320313	529.0742933396982	2699.725063000648	-2252.220126793898	517.7111356918384	2578.074138346379	-2279.284564473436	277.2326199221217	2685.522511306413	-2352.153259376267	426.7740064163946	2706.047373351297	-2285.761731472973	376.7188975590674	2602.014906173304	-2369.091720213765	107.0500887448365	2712.237424011278	-2327.931018878871	109.104586499894	2621.697870336087	-2209.703853671912	64.23280736411085	2653.579210896535	-2244.630101952441	61.52615015386677	2760.164882839277	-2430.832608215222	73.65658502503973	2658.095813323275	
5	0.93	-2328.574610444985	1562.704524250452	2495.906356432282	-2245.633156810559	1521.831577208418	2347.77145156393	-2213.725430781502	1462.563203965618	2502.831584245982	-2249.895545662214	1006.324372290385	2365.368975309047	-2263.156514574317	1016.822092303362	2637.167671481845	-2427.738151912037	1072.378790599496	2430.300017951405	-2424.326929716387	1088.517695491791	2550.647595859918	-2329.324832699428	918.8098998343524	2311.028169867443	-2375.065363446912	943.5990972063112	2672.872886034335	-2200.357924695924	796.5642469539025	2353.897976294625	-2389.518323381271	794.4085164124028	2362.04315481623	-2274.44464917054	812.9902330069027	2300.204539916735	-2262.892757500004	527.065600474969	2300.417413020104	-2249.242180826539	518.4014620990324	2421.339677612769	-2362.136255850487	400.0340902520659	2296.488455168917	-2271.46062353774	257.8757947448881	2322.86885589448	-2282.500178211561	339.981456075272	2398.253582037557	-2361.197967318687	109.4617234275121	2286.865520163255	-2328.465613072754	110.7520749677112	2380.10943013307	-2199.491928165655	65.78092980653872	2350.083181928117	-2248.758657192803	54.82450014091956	2234.848448728926	-2421.314935618385	72.13834655426453	2344.940034112895	-2403.225681010094	784.9651625412434	2632.709457872541	-2290.24236828245	808.03200389913	2702.640716094471	-2213.815475669212	791.0007682370042	2628.202053727969	-2283.149600980094	528.5765942507566	2700.505616548459	-2250.345512313824	517.3165092432669	2578.770697460327	-2278.329021124545	276.8265485397322	2685.837777439228	-2350.449541403925	426.594070321852	2706.71034526771	-2284.269528497181	376.4552454251018	2602.505708414855	-2368.941228614958	107.102985490448	2712.268622397707	-2327.964583458674	109.1111098510924	2621.763922451427	-2209.692587375654	64.22689712171027	2653.556355416402	-2244.63577386335	61.52279659856722	2760.166520646907	-2430.829018928318	73.68612219851981	2658.100700385535	
6	0.9350000000000001	-2326.36136065402	1561.384589185167	2496.202211881904	-2243.910119012674	1520.157264630805	2348.225430860039	-2212.332538129384	1460.364662061091	2503.010428706731	-2252.340711320968	1004.964467998185	2365.544174950671	-2265.431710404734	1015.628578927058	2637.151879661978	-2429.967821366798	1071.424931256173	2430.445588748616	-2426.425018711234	1087.686326511811	2550.806929175295	-2331.235708544828	917.6066740658334	2311.039979531547	-2377.027084129772	942.6118157176951	2673.277032963597	-2200.919379304797	796.7269888101094	2353.549732875769	-2390.211883987831	792.4047682170237	2361.690103035201	-2275.235955877887	812.2869246591065	2300.043634853895	-2260.531169705627	526.5497717584562	2299.855965266918	-2246.69944399234	518.0209555356139	2420.755464244349	-2360.178532754417	400.0128164391731	2295.9284447799	-2270.331050876804	257.4801499962666	2322.711829075885	-2280.911230602485	339.725205756354	2397.944053555011	-2360.986963465249	109.5309016413536	2286.778839598623	-2328.382342876022	110.8047483532879	2380.078603553069	-2199.467589016801	65.7599582433611	2350.105580178522	-2248.744244149505	54.84357738852584	2234.885795619464	-2421.29917011659	72.20022981380714	2344.940680863358	-2403.910127555943	783.115824480405	2633.514959060732	-2290.804247352605	807.3138954372033	2702.91407450737	-2214.509066550198	790.9884388737946	2628.286460962148	-2281.23534435926	528.0708030804904	2701.288617073996	-2248.456378484606	516.9140397984211	2579.472510077378	-2277.367567981022	276.4165500045666	2686.153619877027	-2348.737512309729	426.4081429840935	2707.377161353701	-2282.76857809005	376.186600518123	2602.998163054926	-2368.787952458667	107.1540997681738	2712.296827430824	-2327.996314473502	109.1174764098026	2621.827642023032	-2209.679503897603	64.22060856244033	2653.534345958463	-2244.640354390274	61.51989798494728	2760.168524755734	-2430.82484082336	73.71660493307732	2658.103689179026	
7	0.9400000000000001	-2324.140608182114	1560.004200862583	2496.49595962493	-2242.170361562648	1518.421962058476	2348.677975291066	-2210.934899999462	1458.103508864261	2503.18745223665	-2254.792899972493	1003.570143316762	2365.718189770067	-2267.717316542269	1014.388289444438	2637.139839273343	-2432.20163635364	1070.439540240252	2430.590666185712	-2428.530998360464	1086.813905897166	2550.964834402145	-2333.162261656553	916.3789891006177	2311.046074996991	-2379.00378909531	941.5760521752135	2673.669543800304	-2201.50573094059	796.8652066383405	2353.190527826369	-2390.915534852581	790.3870505549168	2361.346979939964	-2276.050464476716	811.5579493809732	2299.873435490093	-2258.198623655612	526.0294131348538	2299.297012767797	-2244.188297717953	517.6355761335386	2420.179740745417	-2358.240690477536	399.9870902386635	2295.380915644804	-2269.213850103844	257.0841420746991	2322.553957758171	-2279.333627049082	339.4670114652465	2397.639027159002	-2360.777876715025	109.5992025740401	2286.699069008422	-2328.299215419975	110.8555037271613	2380.050142112032	-2199.443309443614	65.73928631129081	2350.127558715664	-2248.730447654072	54.86140954433036	2234.92269396964	-2421.282985227714	72.26224362661696	2344.943374618356	-2404.586697352631	781.228689147256	2634.317513198135	-2291.371697323587	806.5703161752643	2703.179412355262	-2215.210209811971	790.951534021448	2628.365128995362	-2279.312552091894	527.5553881650208	2702.07300432727	-2246.55201064765	516.5023190914176	2580.178883309553	-2276.399728901863	276.0018645123999	2686.469243293408	-2347.016747597893	426.2149438611028	2708.046998798244	-2281.258661725371	375.9119969937417	2603.491522878874	-2368.631575590331	107.2030202405959	2712.321229768334	-2328.025105067192	109.1236347669412	2621.887867514901	-2209.664299352854	64.21383616517173	2653.513224744384	-2244.643614061797	61.5175154356874	2760.17081436275	-2430.819814617476	73.74804601951664	2658.104347778191	
8	0.9450000000000001	-2321.910624813778	1558.548839578031	2496.78726737865	-2240.410159016814	1516.610758420137	2349.129157519466	-2209.531377839997	1455.76463639141	2503.362526792487	-2257.254780621335	1002.132095994878	2365.890516289351	-2270.015186987756	1013.089761136392	2637.132136251958	-2434.440584631381	1069.415695312163	2430.735604905595	-2430.64574086099	1085.891773330888	2551.121591351901	-2335.108697423169	915.1206193829217	2311.045457746654	-2380.998510618978	940.4817247688792	2674.048907538615	-2202.123080210384	796.9740354169145	2352.822132237291	-2391.633002267408	788.3514678826109	2361.014298703818	-2276.892930137818	810.798027043478	2299.694678468846	-2255.900021037771	525.5039150275076	2298.742416596069	-2241.715744997229	517.2441981001975	2419.61553793234	-2356.326110429788	399.9559523012148	2294.8483438642	-2268.111284521428	256.6877969581755	2322.396083473188	-2277.770244340813	339.206432113468	2397.340311796392	-2360.571175619565	109.666490587337	2286.62733496072	-2328.216364943027	110.9038558310011	2380.024831643139	-2199.419141218767	65.71888740601338	2350.149285888725	-2248.717302294456	54.87792608748243	2234.959336031077	-2421.266301792226	72.3242712518911	2344.948441567719	-2405.255358194398	779.2968313255468	2635.115575688523	-2291.947761089119	805.7954492616759	2703.435728135025	-2215.921812379064	790.8850891299279	2628.4377466043	-2277.380826451021	527.0287483743613	2702.85770675522	-2244.631627006469	516.0799804628207	2580.889001644991	-2275.424952170006	275.5816880419171	2686.783796219744	-2345.286619443035	426.0132004736872	2708.718942928734	-2279.739375918223	375.6304060400087	2603.984996461355	-2368.471807356651	107.2494059038782	2712.341036136351	-2328.049872832121	109.1295132437123	2621.943418491974	-2209.646752478029	64.2064850511193	2653.492981632307	-2244.645357663061	61.51569898443234	2760.173277864487	-2430.813683874267	73.78045094075692	2658.102252866838	
9	0.9500000000000001	-2319.669257821527	1557.003824058084	2497.075889172203	-2238.625511245183	1514.708485280836	2349.579208416772	-2208.120502623012	1453.33261048988	2503.535628023336	-2259.729758704666	1000.640661791607	2366.060658628084	-2272.327571750131	1011.721360477128	2637.129209916937	-2436.686154473178	1068.346457360916	2430.880909563754	-2432.770353206895	1084.911362106726	2551.277636619528	-2337.079674920589	913.8250876264333	2311.037197923334	-2383.014568390611	939.3189265417831	2674.413998504537	-2202.777578804295	797.048924600618	2352.447026948884	-2392.368393119696	786.2935906017376	2360.692166469239	-2277.768109768334	810.0019337911293	2299.508638417492	-2253.639211593932	524.9726495168439	2298.194125153862	-2239.287904756911	516.8456655273014	2419.065861006993	-2354.437381170796	399.9184960409904	2294.332971584665	-2267.025154074764	256.2911029507191	2322.239191394975	-2276.223493891952	338.9429856482291	2397.0497034911	-2360.367278157116	109.7326698182978	2286.564584218329	-2328.133929710908	110.9493434252247	2380.003459636352	-2199.395127350805	65.6987162798392	2350.170977092618	-2248.704815600844	54.89310642859922	2234.995961812109	-2421.249049609671	72.38620217890586	2344.956170975221	-2405.916602481708	777.3133949351607	2635.907646838102	-2292.535882525664	804.9834809530139	2703.68225791747	-2216.647141254274	790.7843588042657	2628.504207079619	-2275.439721809655	526.4892829359331	2703.641608355392	-2242.694557803991	515.6457614076104	2581.601885944857	-2274.442700609864	275.1552153380145	2687.096367083219	-2343.546440396133	425.8016871609096	2709.391957748011	-2278.210266060888	375.3407774098314	2604.477731866726	-2368.308404547046	107.2929890294506	2712.35549198152	-2328.069581935464	109.1350182903631	2621.993115707213	-2209.626734978641	64.19847238937243	2653.473556122802	-2244.645429033423	61.51448579250662	2760.175774190445	-2430.806200588286	73.81381111065814	2658.097001183563	
10	0.9550000000000001	-2317.41410004193	1555.354618227955	2497.36165361376	-2236.812315717828	1512.700043148865	2350.028487451579	-2206.700584781843	1450.792046862851	2503.70682987363	-2262.221779078735	999.0860349527187	2366.228122397178	-2274.65694326437	1010.271541999544	2637.131340590667	-2438.940176014416	1067.225039401504	2431.027218128714	-2434.906022549407	1083.864399222289	2551.433547152797	-2339.080113256966	912.4858401456056	2311.020452315676	-2385.055400525948	938.0781777949852	2674.764091123463	-2203.475306386093	797.0857143911742	2352.068418887512	-2393.126091122346	784.2086398042554	2360.380271132418	-2278.680630462457	809.1646540590823	2299.31712611297	-2251.419064524791	524.4350191375393	2297.654152725209	-2236.910061744958	516.4388340645911	2418.533641374494	-2352.576371381362	399.8738833434869	2293.836770789931	-2265.956834210246	255.8940318240724	2322.084396010343	-2274.69538926094	338.6761777084614	2396.768954969466	-2360.166556754606	109.7976771287893	2286.511562147699	-2328.052056820591	110.9915358149725	2379.986795560353	-2199.37130451159	65.67871103148175	2350.192888762395	-2248.692969682454	54.9069790287727	2235.032849481518	-2421.231171625171	72.44792550400103	2344.966806821602	-2406.571430917518	775.271839202055	2636.692262484932	-2293.139839350038	804.128748476199	2703.91850319469	-2217.38974070201	790.6449131029456	2628.564641075809	-2273.488890900212	525.9354577886543	2704.423526621196	-2240.740409917431	515.1985593672765	2582.316366399579	-2273.452535089716	274.7216790430149	2687.40598767019	-2341.795597482626	425.5792603930044	2710.064869882679	-2276.670955393238	375.0420813335695	2604.96881016501	-2368.14119094883	107.333574321389	2712.363905648999	-2328.083264224758	109.1400332715543	2622.035802418305	-2209.604218165788	64.18972729641757	2653.454842080303	-2244.643714157313	61.51389874837918	2760.178135671712	-2430.797130341146	73.8480966984438	2658.088221388274	
11	0.96	-2315.142651682565	1553.587114605896	2497.64445191635	-2234.966529199315	1510.57070207068	2350.477451213301	-2205.269821895721	1448.127961249863	2503.876297551111	-2264.735127636983	997.4584774883438	2366.392409220223	-2277.005833733235	1008.729090898271	2637.138643205288	-2441.204667281486	1066.044958003595	2431.175279960158	-2437.053875160717	1082.743085461357	2551.590018628266	-2341.115003246965	911.0964135105505	2310.994478731953	-2387.124408550974	936.750656124678	2675.09886472992	-2204.222159233494	797.0806976763673	2351.69022670293	-2393.910647893897	782.0916675884331	2360.077877165229	-2279.634870755786	808.2815217062423	2299.122460960279	-2249.241563418684	523.8905012634121	2297.1245425952	-2234.586730778525	516.0226090694857	2418.021676952693	-2350.744318264535	399.8213564275482	2293.36140560495	-2264.907324467581	255.4965563696399	2321.932916356826	-2273.187620582003	338.4055297601736	2396.499738947195	-2359.969343449057	109.8614728903041	2286.468797612597	-2327.970906482711	111.0300388959829	2379.975569649243	-2199.347706024624	65.65879577536604	2350.21531001275	-2248.68172429589	54.91961844352199	2235.070303184364	-2421.212627828732	72.50932270562652	2344.980540452529	-2407.22132640987	773.1661575540609	2637.467994689478	-2293.76367121349	803.2258758284511	2704.144256022113	-2218.153345899526	790.4627232154074	2628.61944802732	-2271.528214222835	525.3658663262737	2705.202203577565	-2238.769209774238	514.7374790541932	2583.03107172715	-2272.454187912736	274.2803839224547	2687.71164439698	-2340.033671284195	425.344889398601	2710.736367674635	-2275.121263265681	374.7333494742319	2605.457249438042	-2367.970073725414	107.3710344275313	2712.3656732249	-2328.090039431893	109.1444177866086	2622.070367212892	-2209.579275520472	64.1801893118636	2653.436694883324	-2244.640142557605	61.5139455150733	2760.180172475889	-2430.786256911322	73.88324940087699	2658.075586070966	
12	0.965	-2312.852468988462	1551.687887905972	2497.924225994292	-2233.084314313955	1508.306369728008	2350.926621093065	-2203.826400304455	1445.326085634338	2504.044279165048	-2267.274237852394	995.7485128849535	2366.553012314337	-2279.376688823494	1007.083344072381	2637.151066909712	-2443.481690097561	1064.800163305532	2431.32592936412	-2439.214854244879	1081.540250877138	2551.747839454707	-2343.189229855263	909.6505884149891	2310.958646191458	-2389.22482082442	935.3283981146207	2675.418398694398	-2205.023752841699	797.0306668213066	2351.317033978735	-2394.726671742345	779.9377276283096	2359.783831483333	-2280.634858089043	807.3483462567867	2298.927417717257	-2247.107920588877	523.3386866490308	2296.607314905517	-2232.321729989503	515.5959797937797	2417.532561734213	-2348.941927349221	399.7602456889646	2292.908193823119	-2263.877304418017	255.0986639411353	2321.78604095058	-2271.701631668253	338.1306059153745	2396.243605379889	-2359.775935179293	109.9240300092677	2286.436594282764	-2327.890655622276	111.064500727551	2379.970450771978	-2199.324365292221	65.6388839758766	2350.238551986132	-2248.671021179601	54.93114043795429	2235.108638605945	-2421.193398719995	72.57026022564439	2344.997504260422	-2407.868218652539	770.9910630635894	2638.233463050209	-2294.411604609124	802.2698943407673	2704.359620251354	-2218.941795617158	790.2342344778366	2628.669324455695	-2269.557908312357	524.7792827730759	2705.97631108943	-2236.781518869573	514.2618700272881	2583.744436063957	-2271.447623440429	273.830735427959	2688.012297344003	-2338.260535801927	425.0976810907538	2711.405016308697	-2273.561307616258	374.4137135845638	2605.942019265688	-2367.795056018697	107.4053021309524	2712.36030301752	-2328.089134554716	109.1480076998244	2622.09576854891	-2209.552081021612	64.16980569506951	2653.418940636708	-2244.634687104684	61.51461803627552	2760.181678557754	-2430.773386285265	73.91917556571084	2658.058823519149	
13	0.97	-2310.541296014801	1549.644414161568	2498.200956861473	-2231.162167529788	1505.893822238819	2351.376551149453	-2202.36858744391	1442.373144349235	2504.21109629224	-2269.84350774896	993.9471010595205	2366.709413498138	-2281.771741870587	1005.324385563393	2637.168400491491	-2445.77322013739	1063.485144982081	2431.480055567574	-2441.389620557034	1080.249482321443	2551.907861423513	-2345.307409888704	908.1425275347592	2310.912440604342	-2391.359577479559	933.8044680322399	2675.723158388257	-2205.885339873974	796.9329450693195	2350.954009551182	-2395.578716831099	777.7420315429288	2359.49658015103	-2281.684185033248	806.3615209142181	2298.735148545708	-2245.018706296711	522.7793110313343	2296.10440039805	-2230.11825780891	515.1580494411462	2417.068606117557	-2347.169479613127	399.6899736377499	2292.478068735104	-2262.867194450383	254.7003658507535	2321.645083084425	-2270.23869559379	337.8510377247861	2396.001933328932	-2359.586599195131	109.9853217003904	2286.415027932031	-2327.811500609543	111.094616694057	2379.972024040868	-2199.301319495992	65.61888240774371	2350.262935110817	-2248.660789396939	54.9416953468556	2235.148166785061	-2421.173488216053	72.63058233073895	2345.017766440781	-2408.514439990286	768.7421361130408	2638.987356405634	-2295.087976048355	801.2563457594016	2704.565027671353	-2219.758946407916	789.9564251052263	2628.715287406193	-2267.578609987858	524.1747068582785	2706.744470731454	-2234.778517696921	513.7713536869855	2584.454724103355	-2270.433084229888	273.3722621123771	2688.306906602914	-2336.476436234423	424.8368985661427	2712.069288998276	-2271.991587569307	374.082440539243	2606.42206510103	-2367.616245404542	107.4363597097611	2712.347438552604	-2328.079902391053	109.1506160556106	2622.111061040902	-2209.522903274966	64.15852797434394	2653.401387011762	-2244.627362436608	61.5158924537529	2760.182438990273	-2430.758350093219	73.9557400936159	2658.037728770782	
14	0.975	-2308.207176855453	1547.4452523957	2498.47465350605	-2229.197026197702	1503.320894838371	2351.827797168865	-2200.894812367314	1439.257085882607	2504.377133683166	-2272.447131906353	992.0457924907447	2366.861081876844	-2284.192911357819	1003.443213576162	2637.19028326352	-2448.0810344351	1062.095012711037	2431.638570267472	-2443.578478403722	1078.865220906572	2552.070968192093	-2347.473748436874	906.5668950315992	2310.855465881224	-2393.531238614012	932.1730902518306	2676.01397272867	-2206.811744036212	796.7854028025353	2350.606795799075	-2396.471175172899	775.5000875244396	2359.214196432933	-2282.78594594595	805.3181097296202	2298.549082624571	-2242.973987982389	522.2122790334734	2295.617562135132	-2227.97896879227	514.7080611611483	2416.631750246192	-2345.426941884988	399.6100553127372	2292.071542686992	-2261.877218806635	254.301702827154	2321.51132766881	-2268.799984758905	337.56654632651	2395.775878433049	-2359.40157851566	110.0453085857455	2286.403949097604	-2327.733658901783	111.120134358755	2379.980768800588	-2199.278613345979	65.5986956749117	2350.288774610595	-2248.650951353134	54.95145987792453	2235.189176803879	-2421.152925902101	72.69010477622317	2345.041326892655	-2409.162673329898	766.4159318314349	2639.72846388753	-2295.797154829615	800.1813664765049	2704.76124796311	-2220.608590595745	789.6268495002448	2628.758691318171	-2265.591435120459	523.5513989109414	2707.50528760447	-2232.762055503625	513.265839337919	2585.16007411174	-2269.411121900838	272.9046316659383	2688.594465107898	-2334.682043192731	424.5619727741189	2712.727613369226	-2270.413043219161	373.7389624716454	2606.896341503343	-2367.433858074497	107.4642260703736	2712.326878945807	-2328.061839050095	109.1520350151618	2622.115423261893	-2209.49209566084	64.14630837192321	2653.383835212401	-2244.618222236009	61.51772935367958	2760.182238467262	-2430.741008545856	73.99276153937375	2658.012173433544	
15	0.98	-2305.848546724327	1545.080187484906	2498.745342371243	-2227.186353321196	1500.576631483206	2352.280887880765	-2199.403732632835	1435.967267995213	2504.542828279637	-2275.088952141715	990.0368604627064	2367.007474322356	-2286.641723030813	1001.431877452524	2637.216220912912	-2450.406618669722	1060.625550796541	2431.802374078677	-2445.781328175266	1077.382828475206	2552.238042901927	-2349.691916615171	904.9189561888725	2310.787440665817	-2395.741916178844	930.4297435054356	2676.292004276374	-2207.807309717804	796.5864593347197	2350.281367128745	-2397.408173663038	773.2078186261057	2358.934420374109	-2283.942694849808	804.2159120480277	2298.372806645328	-2240.973474352285	521.6376799527098	2295.148308121274	-2225.906043982549	514.2454202089043	2416.223473256068	-2343.714076619385	399.5200957628697	2291.68867405289	-2260.907468239517	253.9027470734059	2321.385971257858	-2267.386631841157	337.2769613972403	2395.566317324615	-2359.221097296378	110.103925751843	2286.402990400599	-2327.657369373545	111.1408581204291	2379.997037598071	-2199.256302599777	65.57823117961418	2350.316364737799	-2248.641429098337	54.9606276008665	2235.231918040466	-2421.131768547282	72.74860980297238	2345.06811436474	-2409.81589301883	764.0100466628079	2640.455713522257	-2296.543466597153	799.0417523109759	2704.949391490488	-2221.494380061759	789.2436655297047	2628.801236799171	-2263.598011816126	522.908904923787	2708.257396653064	-2230.734664887636	512.7455294655443	2585.858557512402	-2268.38261279411	272.4276605916058	2688.874036779278	-2332.878483227582	424.272507279802	2713.378431293258	-2268.82709088937	373.3829008737889	2607.36385284997	-2367.248218850499	107.4889423307644	2712.298595582413	-2328.034600085835	109.1520388815705	2622.108186510271	-2209.460082878529	64.13309686433463	2653.366092492566	-2244.607355632112	61.52007425827878	2760.180870713454	-2430.721252959939	74.03000879577749	2657.982113759911	
16	0.985	-2303.464301241163	1542.540334331934	2499.013057543598	-2225.128199679778	1497.651394074811	2352.736299199687	-2197.894286472586	1432.494595411992	2504.70865767828	-2277.772329553073	987.9134111685531	2367.148037755177	-2289.119256703877	999.2835840615816	2637.245605675674	-2452.751095583253	1059.073247624374	2431.972323304683	-2447.997645172145	1075.798623247568	2552.409936268984	-2351.964952302357	903.1946564279114	2310.708191081747	-2397.993228867629	928.5712163946343	2676.55871308424	-2208.875866607601	796.3350712848469	2349.983862191297	-2398.393478177916	770.8616590373756	2358.654709715286	-2285.156424496618	803.0535030912572	2298.209930449689	-2239.016659052525	521.0557953488235	2294.697798466976	-2223.901252275348	513.7697125930591	2415.844701903743	-2342.030547355378	399.4197852907102	2291.329039411266	-2259.957959755632	253.5036016643902	2321.270057381926	-2265.999778659874	336.982236373661	2395.373790692134	-2359.045365907793	110.161070441231	2286.411577843537	-2327.582891153862	111.1566537440127	2380.021036709441	-2199.234457050117	65.55740438123416	2350.345962305351	-2248.6321505196	54.96939843713795	2235.276582655747	-2421.110100834815	72.80584295761778	2345.097984965999	-2410.477299769921	761.5231450815359	2641.168215886294	-2297.331118798505	797.8350038628028	2705.130904048965	-2222.419757479479	788.8056456909561	2628.844969982607	-2261.600489162332	522.247071460689	2708.999519325072	-2228.699541811374	512.2109148469501	2586.548252795985	-2267.34875919711	271.9413177957437	2689.144798514666	-2331.067346776713	423.9682763698823	2714.020269530361	-2267.235633350414	373.0140837426367	2607.823699821485	-2367.059757331088	107.510556566791	2712.26274415842	-2327.998014701105	109.1503881967474	2622.088863643366	-2209.427344434462	64.1188396318865	2653.347984599266	-2244.594883005077	61.52285829799913	2760.178148492359	-2430.699007943652	74.06719969173469	2657.947596524272	
17	0.99	-2301.053844103196	1539.818204744376	2499.277831752696	-2223.021243755165	1494.536933368846	2353.19443222692	-2196.365729875172	1428.831610814774	2504.875128144639	-2280.500039688774	985.6694720350578	2367.282213154446	-2291.626116681242	996.9927740258142	2637.277740106799	-2455.115174948528	1057.435301516606	2432.149198462805	-2450.226483199903	1074.109885806087	2552.587436422889	-2354.295184815228	901.3906796207326	2310.617640025956	-2400.286278340725	926.5956248311227	2676.815815676791	-2210.020707973889	796.030708908163	2349.720394538504	-2399.430406639305	768.4586275296662	2358.372301520687	-2286.428565824162	801.8302502502733	2298.063942815693	-2237.1029587714	520.4670986697648	2294.266751314965	-2221.966000137689	513.2807205653311	2415.495722493958	-2340.376016471524	399.3088931647433	2290.991712637965	-2259.028691123198	253.1043980658905	2321.16440975323	-2264.640610794863	336.682459412398	2395.198447047342	-2358.874585501264	110.2165910767454	2286.428945472246	-2327.510500867038	111.1674527562704	2380.05280882117	-2199.213162701387	65.53614413291433	2350.37777015952	-2248.623055068607	54.97796754937491	2235.323288930939	-2421.088035284321	72.86151213910462	2345.130722153098	-2411.150250843254	758.9549488964117	2641.865309776119	-2298.164129106347	796.5593529454213	2705.307552752592	-2223.387896300117	788.3121725841945	2628.892271389885	-2259.60152375029	521.5660505190124	2709.730527815808	-2226.66049307757	511.662760520417	2587.227330644305	-2266.311077490132	271.4457226274388	2689.406084324494	-2329.250675673239	423.6492170683362	2714.651817692845	-2265.641045580381	372.6325551774142	2608.275129637138	-2366.869000599495	107.529108439979	2712.219671302104	-2327.952097275623	109.1468348137846	2622.057176742532	-2209.394395814527	64.10347945923385	2653.329367528907	-2244.580951477064	61.52599901062909	2760.173913854785	-2430.674233285664	74.10400177775753	2657.90876233934	
18	0.995	-2298.617114009265	1536.907739505209	2499.539688322632	-2220.864810598375	1491.226424704087	2353.655595562643	-2194.817658868256	1424.972541133535	2505.042762268906	-2283.274191740097	983.3000590664018	2367.409441162331	-2294.162423766211	994.5551689863734	2637.311863670729	-2457.499124630216	1055.709605308266	2432.333675912135	-2452.46650030409	1072.31483748398	2552.771241627242	-2356.684183818223	899.5044861686802	2310.515793647975	-2402.621644380818	924.5023931651181	2677.065240641423	-2211.244580908627	795.6733220141463	2349.496847396684	-2400.521752845093	765.9963780149626	2358.084283421126	-2287.760006325649	800.5463053581476	2297.938062918884	-2235.231840990951	519.8722474436693	2293.855352153476	-2220.101368001844	512.7784352753622	2415.176100321173	-2338.750232242792	399.1872604565347	2290.675252388825	-2258.119688153688	252.7052925031328	2321.06956623716	-2263.310376727314	336.3778595866881	2395.039989584696	-2358.708951839987	110.2702783009347	2286.454152898253	-2327.440488265193	111.1732565997364	2380.092218521286	-2199.192522916722	65.51439784880341	2350.411921266216	-2248.614098748965	54.98651409894642	2235.372066025032	-2421.065711366065	72.91528914634372	2345.166038280831	-2411.83818678481	756.3061927719174	2642.546606506552	-2299.046257854848	795.2137709902444	2705.481402293669	-2224.40165046948	787.7632195596979	2628.945833511057	-2257.604246982232	520.8662947010096	2710.44951364002	-2224.621854642149	511.1020839454341	2587.894146413052	-2265.271375007525	270.9411381200634	2689.657429719778	-2327.430933134646	423.3154159275091	2715.272009338039	-2264.04613765026	372.2385772328477	2608.717587740444	-2366.676563003652	107.54461439364	2712.169915188339	-2327.897055293227	109.1411277874618	2622.013082098434	-2209.361768248736	64.08695833696845	2653.310138058565	-2244.565730373233	61.52940120250236	2760.168048219459	-2430.646925558023	74.14003549253448	2657.865846167083	
19	1	-2296.154592242118	1533.804309016853	2499.798634268918	-2218.65887132341	1487.714472473022	2354.119992298996	-2193.250017848774	1420.91330220412	2505.212086363237	-2286.096171845201	980.8012242980471	2367.529169091113	-2296.727826077461	991.9677917176241	2637.347181375206	-2459.902761500537	1053.894712584872	2432.526303776347	-2454.716003171707	1070.412594060359	2552.961936828426	-2359.132732190362	897.5343317574374	2310.402725751689	-2404.999396063398	922.2922017064883	2677.30908230266	-2212.549686600689	795.2632972585166	2349.31865900974	-2401.669722750047	763.4732278274743	2357.787672898207	-2289.151125233199	799.202573880912	2297.835093263326	-2233.402937220429	519.2720688121985	2293.463171315328	-2218.308132680342	512.2630668224633	2414.8846109701	-2337.153102700592	399.054792583187	2290.377699110679	-2257.23104320897	252.3064618169327	2320.985716650023	-2262.010391234256	336.0688079242732	2394.8976287963	-2358.548658197564	110.321858656703	2286.486105300773	-2327.373150322097	111.1741403495931	2380.138941316979	-2199.172658397399	65.49213624352693	2350.448464097715	-2248.605258164035	54.99519037676424	2235.422840711737	-2421.043293808898	72.96681383788656	2345.203577770288	-2412.544556072182	753.5785505619162	2643.21202932571	-2299.980945538771	793.7979606513437	2705.654780963644	-2225.463514562287	787.1593178333769	2629.008626687864	-2255.61221667486	520.1485433740809	2711.155856868468	-2222.588385286725	510.5301268959534	2588.547335562745	-2264.231717679732	270.4279603292968	2689.898614322055	-2325.610959648335	422.967091709412	2715.880101523595	-2262.454097197801	371.8326242709498	2609.150768416774	-2366.483133561992	107.5570540421421	2712.11419977081	-2327.83329261358	109.1330198953689	2621.95679084572	-2209.329988035854	64.06922220652598	2653.29024259751	-2244.54940689947	61.53295778859313	2760.16048183575	-2430.617119391474	74.17487979266535	2657.819174918327	
20	1.005	-2293.667292729832	1530.50468658861	2500.054654777507	-2216.404025319654	1483.997087787619	2354.587711914463	-2191.663095267818	1416.651465739046	2505.383617727271	-2288.966609856926	978.1700846284544	2367.640859073827	-2299.321525365186	989.2289613385617	2637.382893673001	-2462.325460302582	1051.989788990554	2432.727483144281	-2456.973006161433	1068.403098411565	2553.159974786798	-2361.64082203664	895.4792680423885	2310.278560951458	-2407.419115715233	919.9669041779551	2677.549553833131	-2213.937688630341	794.801408667159	2349.190605590655	-2402.87588471459	760.8881649366384	2357.479502616165	-2290.601842892888	797.800662563493	2297.757279885897	-2231.616138322739	518.6675393589866	2293.089094376482	-2216.586776197513	511.7350517775086	2414.619187765182	-2335.584754391639	398.9114520617756	2290.096582389247	-2256.362943927219	251.9080993341126	2320.912647474734	-2260.742023700019	335.7558131042778	2394.770043689355	-2358.393897170624	110.3709914453652	2286.523575635655	-2327.308783925038	111.1702557359962	2380.19245691476	-2199.153705933964	65.46935739738461	2350.487350017065	-2248.596533485439	55.00411181426378	2235.475426668145	-2421.020970082468	73.01570082784974	2345.242921925551	-2413.272739058356	750.7745377988482	2643.861844518294	-2300.971256432469	792.3123321128758	2705.830236193487	-2226.575594727311	786.5015117473426	2629.083853326898	-2253.629356697395	519.4138008734243	2711.849292074613	-2220.56514111234	509.9483227593718	2589.185907263411	-2263.194390599318	269.9067047122935	2690.129700582272	-2323.793918378864	422.604575239054	2716.475747969499	-2260.868414707361	371.4153704678018	2609.574661676709	-2366.289461558831	107.5663583098514	2712.053422495442	-2327.761407015983	109.1222746011771	2621.888783570484	-2209.299556327269	64.05022754543936	2653.269683980615	-2244.532182197135	61.53655053326956	2760.151202164124	-2430.584888319841	74.20808020082414	2657.76916217594	
21	1.01	-2291.156736732211	1527.006998893581	2500.307709314717	-2214.101467550049	1480.071644087334	2355.058727136099	-2190.057508333296	1412.186193269227	2505.557851932505	-2291.88536829916	975.4048333865882	2367.743997030044	-2301.942315240167	986.3382661587377	2637.418226799845	-2464.766178020844	1049.994552333735	2432.937455281606	-2459.235300609323	1066.287036374401	2553.365662341962	-2364.207672536254	893.3391267800602	2310.143457487787	-2409.879932313112	917.5294193790429	2677.788940972246	-2215.409727358608	794.2887632557038	2349.116589344058	-2404.141134998039	758.2408358345664	2357.156909483396	-2292.111681316592	796.3428075782294	2297.70618542292	-2229.871669414322	518.0597602900737	2292.731269844955	-2214.937482465693	511.1950580404875	2414.376889389682	-2334.045574793704	398.7572519299547	2289.828939191964	-2255.515691734642	251.5104111560463	2320.849696490886	-2259.50667285321	335.4395119573191	2394.655354508167	-2358.244861312352	110.4172691873175	2286.565228849674	-2327.247677368339	111.1618331820294	2380.252047451137	-2199.135815935901	65.44608993505453	2350.528423355466	-2248.587950249506	55.01334835326397	2235.529516893649	-2420.998947006699	73.0615484565767	2345.283595420124	-2414.025972659125	747.8973961814255	2644.496681043377	-2302.019829386194	790.7579658024583	2706.010479995336	-2227.739590548507	785.7913041549414	2629.174890951813	-2251.659888383253	518.6633081143697	2712.529966900745	-2218.557337043502	509.3582609726637	2589.809331200408	-2262.161853567728	269.3779904887393	2690.351066458146	-2321.983233668002	422.2282877747227	2717.059061082929	-2259.292795443955	370.9876714714705	2609.989593691787	-2366.096340869053	107.5723998239869	2711.988635624506	-2327.682181104639	109.1086732852098	2621.809817359604	-2209.270930147452	64.02994927161789	2653.248525937131	-2244.514267826302	61.5400506563015	2760.140260725359	-2430.550345044725	74.23915911138661	2657.716300193594	
22	1.015	-2288.624914552745	1523.310658327322	2500.55772959269	-2211.752943472524	1475.936815509102	2355.532895642116	-2188.434178634527	1407.518142293594	2505.735250275704	-2294.85155175814	972.5047360209405	2367.838102068335	-2304.588627684607	983.2965168784247	2637.452462589864	-2467.223490946398	1047.909205370454	2433.15629530325	-2461.500529952192	1064.065740489063	2553.579152131798	-2366.831767887154	891.114489108728	2309.997590624144	-2412.380561053421	914.9836019626212	2678.029557342214	-2216.966438695187	793.726743576321	2349.099439289538	-2405.46567942976	755.5315162976812	2356.817224899334	-2293.679832663898	794.8317856513739	2297.682580254546	-2228.170142707938	517.4499290666319	2292.387078022141	-2213.360124180106	510.6439866941172	2414.153891199859	-2332.536237824413	398.5922502586655	2289.57134342171	-2254.689710213512	251.1136131818016	2320.79572006867	-2258.305730151235	335.1206553179807	2394.551109764522	-2358.101742561651	110.460221983434	2286.609647924371	-2327.190100930469	111.14918256138	2380.316801243408	-2199.119148811343	65.42239515688364	2350.571414838826	-2248.579559940266	55.02291760087838	2235.584679815901	-2420.977446434428	73.10394962153397	2345.325074479642	-2414.807277302431	744.9509661288108	2645.11753600854	-2303.128836815029	789.1365633400193	2706.198325489862	-2228.956787665368	785.0305940981383	2629.285225087745	-2249.708257274225	517.8985091646697	2713.19848921231	-2216.570202045543	508.7616503161694	2590.417612565916	-2261.136693514538	268.8425239103601	2690.563429901431	-2320.182525939523	421.8387192061346	2717.63065851324	-2257.731062407609	370.5505414551564	2610.396258154141	-2365.904593519786	107.5749860320475	2711.921021568423	-2327.596566031511	109.0920225821137	2621.720924027336	-2209.244505350216	64.00838922589138	2653.226895134851	-2244.495882648399	61.54331934017517	2760.127778004026	-2430.513640964869	74.26762809310523	2657.66114940424	
23	1.02	-2286.074236853875	1519.416281955001	2500.804619554595	-2209.360694226678	1471.592502711276	2356.009966261432	-2186.794300702549	1402.64935033728	2505.916227527091	-2297.863534638867	969.4701112729921	2367.922735929445	-2307.258584376553	980.1056829816034	2637.484966664705	-2469.69564142475	1045.73436512301	2433.383912446991	-2463.766266317636	1061.741086483945	2553.800439823211	-2369.51091325112	888.8066417996542	2309.841137482274	-2414.919346094059	912.3340977029479	2678.273702212344	-2218.607975817719	793.1169489799124	2349.140732713868	-2406.849031757105	752.7610675716506	2356.458063496481	-2295.305232339003	793.2708110186916	2297.686356448756	-2226.512587513473	516.8393086061297	2292.053124270148	-2211.854243072435	510.0829703716753	2413.945503059623	-2331.057712518764	398.4165461516	2289.3199471487	-2253.885543781856	250.7179291558109	2320.749075484938	-2257.140534579611	334.800090184475	2394.454290113717	-2357.964730508493	110.499325920219	2286.655361558468	-2327.136296901977	111.1326923949612	2380.385622458039	-2199.103870339324	65.39836801587401	2350.615938926237	-2248.571439379627	55.03278012358697	2235.640359576916	-2420.956699980023	73.14250395772281	2345.366796794282	-2415.619387738399	741.9395534218376	2645.725763920279	-2304.299952789636	787.4503886142834	2706.396616536481	-2230.228060774637	784.2216090136236	2629.418373470501	-2247.779058428897	517.1210143907502	2713.855959087227	-2214.608835029624	508.1602826971493	2591.011350369949	-2260.121575511025	268.3010813479713	2690.767863074205	-2318.395545929287	421.4364072925163	2718.191690584978	-2256.187055041348	370.1051269669152	2610.795736141523	-2365.715052990423	107.5738554868284	2711.851862855828	-2327.505658033858	109.0721616727947	2621.623398609056	-2209.220602202083	63.98558432298992	2653.204980864694	-2244.477250049633	61.54620825913244	2760.113946041497	-2430.474964849026	74.29300183379117	2657.60432572151	
24	1.025	-2283.507478228752	1515.325601460492	2501.048257444414	-2206.927394787377	1467.039750538061	2356.489589129339	-2185.139305509906	1397.583102931593	2506.101140081198	-2300.919005031044	966.3022991357672	2367.997512088052	-2309.950049697949	976.7688152377787	2637.515213787998	-2472.180591231026	1043.470992392277	2433.62005676581	-2466.030084558271	1059.315387349289	2554.029366669187	-2372.242306317682	886.4175223636389	2309.67426403528	-2417.494303878193	909.5861889461065	2678.52362145006	-2220.334032713372	792.4611373363389	2349.240644971032	-2408.290028694731	749.9308807518463	2356.077407596173	-2296.986633448995	791.6634214184174	2297.716468605367	-2224.900457374505	516.2291951823618	2291.725259151873	-2210.419027173341	509.5133676118194	2413.746215656059	-2329.611255518759	398.2302775473129	2289.070533861839	-2253.103847457868	250.3235900001237	2320.707620173638	-2256.012321983578	334.4787394593246	2394.361331163191	-2357.834009590006	110.5340154592228	2286.700873249222	-2327.086469505164	111.1128272388668	2380.457246892744	-2199.090146248054	65.37413687991915	2350.661495477425	-2248.563689005467	55.04283714430364	2235.695880880029	-2420.936942826311	73.1768308134972	2345.408173170125	-2416.464689376112	738.8677956618073	2646.323048468154	-2305.534330967985	785.7022008863107	2706.608153174651	-2231.553886438026	783.3668336689771	2629.577803614006	-2245.876963074531	516.3325617780798	2714.503982393532	-2212.678068385723	507.5559988787083	2591.591774611988	-2259.119193941317	267.7544930569711	2690.965794406994	-2316.626110698414	421.0219190234293	2718.743845848461	-2254.664528564471	369.652679049116	2611.189502379061	-2365.528547768934	107.5686777003655	2711.782507570214	-2327.410668396078	109.0489693708508	2621.518777632584	-2209.19945428302	63.96161342190792	2653.183032531942	-2244.458595446644	61.54856033139689	2760.099028431376	-2430.434540594693	74.31481327195988	2657.546485934673	
25	1.03	-2280.927715637525	1511.041368061593	2501.28849989019	-2204.456087781176	1462.280661455916	2356.971329106859	-2183.470820833132	1392.323791619455	2506.290274640045	-2304.015022321932	963.0036168353458	2368.062104165743	-2312.66068276921	973.2899572560206	2637.542809145313	-2474.676078600196	1041.120324764915	2433.864331739916	-2468.28963021631	1056.791289641541	2554.265627037767	-2375.022621858521	883.9496549299859	2309.497114789104	-2420.103164919809	906.7456360622593	2678.781472255928	-2222.143868663346	791.7611688850911	2349.397834970999	-2409.786861229924	747.0428122453025	2355.673684542166	-2298.722679505013	790.0133566876129	2297.770904929584	-2223.335614998895	515.6208861762841	2291.398627022574	-2209.05328895989	508.9367527304245	2413.549776262273	-2328.198388515627	398.0336209887063	2288.818583950866	-2252.345368803836	249.9308345677591	2320.668729393625	-2254.922172210318	334.1575807116225	2394.26816665986	-2357.709755345001	110.5636994998017	2286.744691453288	-2327.040775189194	111.0901230664131	2380.530263859124	-2199.078136269292	65.34986206423375	2350.707475984387	-2248.556430158975	55.05293079812447	2235.750458625839	-2420.918406730294	73.20658244445762	2345.448600843587	-2417.345161831754	735.7405337750844	2646.911356574972	-2306.83259288628	783.8951817788219	2706.835615990177	-2232.934364913783	782.4689379200458	2629.766846303674	-2244.006648822168	515.5349779515802	2715.144663442971	-2210.782345677487	506.9506573444671	2592.160758567098	-2258.13222522242	267.2036283808596	2691.158996986373	-2314.878043392681	420.5958350425148	2719.289333012003	-2253.167058656367	369.1945250965364	2611.579416199004	-2365.345885685048	107.5590568874152	2711.714331269158	-2327.312887975309	109.0223708219338	2621.408807149489	-2209.181201323968	63.93660207689433	2653.161355166564	-2244.440144015823	61.55021094707854	2760.083357548691	-2430.392624082187	74.33262935764637	2657.48831148957	
26	1.035	-2278.338264151553	1506.567255792524	2501.525187773023	-2201.950115551947	1457.318308129023	2357.454681687298	-2181.790630294294	1386.876767918771	2506.483837619498	-2307.148086127668	959.577304068227	2368.116253354992	-2315.387986414265	969.6740489919072	2637.567504374936	-2477.179676129525	1038.68381593529	2434.116212025089	-2470.542678507515	1054.171676274064	2554.508780456469	-2377.848106404552	881.4060788454258	2309.309805461077	-2422.743412445234	903.8185206309325	2679.049292060221	-2224.036332979941	791.0189537544819	2349.609373000771	-2411.337121274421	744.0991132507033	2355.245834071377	-2300.511972414856	788.324433882165	2297.846690945717	-2221.820296282226	515.0156488507383	2291.067743630515	-2207.755448224638	508.3549008803674	2413.349293817016	-2326.82086223531	397.8267933158752	2288.559352284774	-2251.610923462079	249.5399117472901	2320.629333315368	-2253.87095735452	333.8376253816239	2394.170292683359	-2357.592129872131	110.5877805327379	2286.78536039606	-2326.999313792672	111.0651805140509	2380.603143939193	-2199.067987977762	65.32573317546485	2350.753174401538	-2248.549801521263	55.06284698395896	2235.80321238851	-2420.901312457607	73.23145681668795	2345.487478241132	-2418.262331297622	732.5626930924649	2647.492875526628	-2308.1948268626	782.0328579405287	2707.08149258005	-2234.369250002735	781.5307052260048	2629.988607972559	-2242.172735026403	514.7301402879217	2715.7805751411	-2208.925619222128	506.3461071536265	2592.720803458843	-2257.163283255082	266.6493830021623	2691.349562327209	-2313.155118204441	420.1587379173938	2719.830838596975	-2251.697955773986	368.7320418456824	2611.967696028778	-2365.167839501195	107.5445397786477	2711.648696587786	-2327.21364777377	108.9923436060084	2621.295401024206	-2209.1658864409	63.91072454087566	2653.140303203961	-2244.422118585073	61.55098991713447	2760.067328996575	-2430.349499177591	74.34606679183527	2657.43049093413	
27	1.04	-2275.742612185738	1501.907765924801	2501.75815350185	-2199.413052840232	1452.156647879852	2357.939090602905	-2180.100632771683	1381.248198760932	2506.68194553861	-2310.314214075575	956.027458804705	2368.159774615084	-2318.129351560039	965.926824981772	2637.589207337238	-2479.688847056378	1036.163083589531	2434.375065325971	-2472.787182061359	1051.459579480687	2554.758267613061	-2380.714679932056	878.7902719959831	2309.112418722686	-2425.412316876018	900.8110957526219	2679.328971654084	-2226.009889465297	790.2364044621718	2349.870716497764	-2412.937862275089	741.1023562211799	2354.793362970261	-2302.353133008695	786.6004231622456	2297.939927214371	-2220.357055378254	514.4146913180299	2290.726602137104	-2206.523523250552	507.7697681448822	2413.137372021648	-2325.480608976053	397.6100550121919	2288.287957195236	-2250.901365939249	249.151083661461	2320.585973852849	-2252.859294308735	333.5198996396428	2394.062852511739	-2357.481276665596	110.6056760532702	2286.821490965462	-2326.962121054668	111.0386559412053	2380.674272161952	-2199.05983075401	65.30196537233603	2350.797802399946	-2248.543954850574	55.07232073453034	2235.853185587502	-2420.885861986314	73.25120938093303	2345.524220805011	-2419.217233151396	729.3391776609798	2648.069935094513	-2309.620597449877	780.1190211034382	2707.348009044356	-2235.857985660639	780.5549636797363	2630.245885032798	-2240.37972419778	513.9199413358538	2716.414706123014	-2207.111272086311	505.7441652651943	2593.274994071497	-2256.21487854072	266.0926686654027	2691.539859304096	-2311.461011485623	419.7112048569079	2720.371460730595	-2250.26019267259	368.2666307270605	2612.356876893699	-2364.995134155502	107.5246274840317	2711.586911888629	-2327.114277222664	108.9589230029235	2621.180590529377	-2209.153457998553	63.88420264237084	2653.120272839618	-2244.404737638814	61.55072432023474	2760.051393415973	-2430.305472958007	74.35480702938868	2657.373701316129	
28	1.045	-2273.144358067242	1497.068134633498	2501.987229190149	-2196.848642126019	1446.800441153852	2358.423966384121	-2178.402803712594	1375.444928295453	2506.884616701609	-2313.509025953374	952.3589650995006	2368.192561483613	-2320.882096161143	962.0547098650925	2637.607984827896	-2482.200997782177	1033.559867466667	2434.640177221047	-2475.021305852034	1048.658106894202	2555.013429601326	-2383.618041198393	876.1060709538635	2308.905002843015	-2428.106965787627	897.7296483000243	2679.622232307704	-2228.062640233769	789.4153944001276	2350.175738080351	-2414.585671895808	738.0553612885847	2354.316384487405	-2304.244851575705	784.8449289262543	2298.0458612617	-2218.948693457283	513.8191368002454	2290.368805737586	-2205.355133460329	507.1834666588451	2412.906267961904	-2324.179686085343	397.3837147319991	2287.999479529355	-2250.217557425267	248.7646295990595	2320.534880668843	-2251.887504633281	333.2054277406204	2393.940740786295	-2357.377315068669	110.6168412082065	2286.851791000512	-2326.929162938618	111.0112503401485	2380.741985903901	-2199.053770227157	65.27879469458669	2350.840508662153	-2248.539050190296	55.0810439256337	2235.899368985764	-2420.872230906883	73.26566318572333	2345.558277362341	-2420.210385946886	726.0747804539832	2648.644917567321	-2311.108965002617	778.1576471983227	2707.63706898056	-2237.399747865382	779.5445211269844	2630.541083054532	-2238.63194972059	513.1062565792323	2717.050385497806	-2205.342067524494	505.1465984270065	2593.82692532388	-2255.28938162898	265.5344055856975	2691.732478814359	-2309.799259470824	419.2538052510978	2720.914620547733	-2248.856347775434	367.7996965459905	2612.749751200195	-2364.82843592326	107.4987911531506	2711.530190424049	-2327.016061953058	108.9222061483571	2621.066466857258	-2209.143776065235	63.85730141177582	2653.101693316813	-2244.388213418226	61.54924231849742	2760.036045949163	-2430.260870252229	74.35860981373902	2657.318588884348	
29	1.05	-2270.547149419976	1492.054245359237	2502.212255154041	-2194.260733296573	1441.255175500921	2358.908705188265	-2176.699159686427	1369.474350139499	2507.091764510971	-2316.727831738967	948.5774145008437	2368.214589452452	-2323.643498271038	958.0647134478562	2637.624057673689	-2484.713524936237	1030.875998559188	2434.910777670157	-2477.243448496006	1045.770382799459	2555.273529515168	-2386.553773140627	873.3575901925147	2308.687572894633	-2430.824289576837	894.580377156791	2679.93060640228	-2230.192348747717	788.5577229579898	2350.516808578939	-2416.27675437985	734.9611255986439	2353.815640336647	-2306.185926180351	783.0612807823514	2298.158992690918	-2217.598174457998	513.2300021131296	2289.987723825669	-2204.247516146427	506.5982348508959	2412.648072605274	-2322.920213089948	397.1481343959902	2287.68906983152	-2249.560332461615	248.3808502789695	2320.472064769578	-2250.955584476679	332.8952182395587	2393.798724575583	-2357.280334684317	110.6207915263921	2286.875094199272	-2326.900332205426	110.9836962173474	2380.804616568077	-2199.049883542655	65.25647262314305	2350.880401631397	-2248.535250743312	55.08867505524547	2235.940727894825	-2420.860561489992	73.2747167546796	2345.589146406362	-2421.241777613198	722.7741110892624	2649.220159422425	-2312.658514519174	776.1528161715007	2707.950201884085	-2238.993489913838	778.5021057935813	2630.876143290757	-2236.933529559074	512.2909164059834	2717.691186970805	-2203.620127172693	504.5551093690635	2594.380601400203	-2254.388991279499	264.9755175362926	2691.930165545218	-2308.173222620964	418.787103119235	2721.463953722422	-2247.488565984352	367.3326300786472	2613.149293954433	-2364.668343607915	107.4664909472826	2711.479611505788	-2326.92020290424	108.8823547703435	2620.95511867906	-2209.136623127239	63.83032158574864	2653.085017551367	-2244.372750126824	61.54637789765184	2760.021813761257	-2430.216027617771	74.35732455111615	2657.265749584829	
30	1.055	-2267.954626468549	1486.872546720895	2502.433088136204	-2191.653228869972	1435.526996002969	2359.392707307513	-2174.991727283017	1363.344293186735	2507.303192765523	-2319.965721037435	944.6890228036852	2368.225917979084	-2326.410823331193	953.964327142946	2637.637787920379	-2487.223855719436	1028.113379789162	2435.186067899243	-2479.452249817547	1042.799505670208	2555.537775334461	-2389.517444577263	870.5491427637013	2308.460114098415	-2433.561083517662	891.3692906066524	2680.255421030857	-2232.396462145189	787.6650876184335	2350.884936039907	-2418.007019742559	731.8227583866361	2353.29250362767	-2308.175286871675	781.252438863577	2298.273209164834	-2216.308531676017	512.64818103497	2289.576667484041	-2203.197559162418	506.0164029743655	2412.354908470759	-2321.704305447714	396.903734181031	2287.352061213309	-2248.930466217977	248.0000720246838	2320.393427097664	-2250.063186885871	332.5902529410188	2393.631578026524	-2357.190390174555	110.6171245270687	2286.890386835886	-2326.875447611453	110.9567426549828	2380.860533846134	-2199.048215748756	65.23526001810603	2350.916574940907	-2248.532717622582	55.09485073643292	2235.976232214187	-2420.850956888157	73.2783492492448	2345.616391587057	-2422.310864377171	719.4415416063703	2649.797848942112	-2314.267392529242	774.1086341608411	2708.288522239341	-2240.637988985963	777.4303137436866	2631.252478552952	-2235.28832522482	511.4756829601602	2718.340815231968	-2201.94693752062	503.9713267454709	2594.940310613097	-2253.515707456155	264.4169294138997	2692.135738961942	-2306.586056201224	418.3116641984137	2722.023185683878	-2246.158537410001	366.8667947057051	2613.558574517279	-2364.515381716401	107.4271976383126	2711.436085128004	-2326.827778617521	108.8395961702743	2620.848567303242	-2209.13171845224	63.80358936420672	2653.070712510428	-2244.358542249323	61.54197637779044	2760.009242101089	-2430.171286888321	74.35089891489727	2657.215710040178	
31	1.06	-2265.370370011612	1481.529976343014	2502.649608710607	-2189.030035583821	1429.622642518117	2359.875394894787	-2173.282517192003	1357.062923025293	2507.518593296692	-2323.217651505742	940.7005440283297	2368.226691328301	-2329.181346094406	949.7614231212724	2637.649658182622	-2489.729480712082	1025.273977927137	2435.465246368981	-2481.646585220855	1039.74852216116	2555.805342962134	-2392.504704391053	867.6851649327705	2308.222586880035	-2436.314027158054	888.102125075484	2680.597784070821	-2234.672133152882	786.7390631189401	2351.269959729146	-2419.772176574909	728.6434243812031	2352.748961692614	-2310.212004302294	779.420917677084	2298.381949694948	-2215.08276933612	512.0744328998693	2289.129079079999	-2202.201850548214	505.4403541978526	2412.019138879002	-2320.534008007821	396.6509967583954	2286.984085115503	-2248.328643995459	247.622650407049	2320.294878608989	-2249.209618304645	332.2914780532838	2393.434226553529	-2357.107496918152	110.6055390193851	2286.896831475761	-2326.854255999066	110.9311388592372	2380.908191133611	-2199.04877751455	65.21542057041991	2350.948134589639	-2248.53160467632	55.09919846272296	2236.004888211622	-2420.843476874641	73.27662256769398	2345.63965567796	-2423.416582599321	716.0811698883023	2650.379924416352	-2315.933350444193	772.0291597314057	2708.652699968731	-2242.331891548777	776.331564418557	2631.670919929769	-2233.699905067461	510.6622323189487	2719.002978550775	-2200.323382471696	503.3967980597761	2595.510480651717	-2252.671309072416	263.8595669367051	2692.3520062809	-2305.040686375127	417.8280670366172	2722.595995046046	-2244.867493407583	366.4035167303385	2613.980657903379	-2364.369995442541	107.3804160007856	2711.400321381371	-2326.739712434688	108.7942221194647	2620.748702251345	-2209.128735255048	63.77744401737212	2653.059249714482	-2244.345772958783	61.53590044301691	2759.998879427245	-2430.126988403759	74.33938418056745	2657.168909873779	
32	1.065	-2262.797854515145	1476.03389058894	2502.861727424747	-2186.395022792766	1423.549393588957	2360.356228575239	-2171.573504003592	1350.638659914294	2507.737546264507	-2326.478533962591	936.6191835816034	2368.217138532866	-2331.952367803385	945.464157023663	2637.660243687659	-2492.227978759781	1022.359826015091	2435.747532586251	-2483.825547926485	1036.62041685649	2556.075398278557	-2395.511364477687	864.7701472593702	2307.974933242167	-2439.079702125676	884.7842864235988	2680.958572333941	-2237.016242051806	785.7810876172441	2351.66079609863	-2421.567824986471	725.4262977619258	2352.187578487707	-2312.295281760683	777.5687321193157	2298.478390533353	-2213.923763293336	511.5093764547261	2288.638729970775	-2201.256744972247	504.8724817032386	2411.633582517381	-2319.411231156517	396.3904702281855	2286.581186991442	-2247.755434343791	247.2489728954453	2320.172467566483	-2248.393850325869	331.9997967725589	2393.201895949942	-2357.031627949593	110.5858510048701	2286.893786890485	-2326.836437395997	110.9076166101136	2380.946170486991	-2199.051544299932	65.19721392537146	2350.974226819798	-2248.532053551964	55.10135013071467	2236.025770788818	-2420.838135405802	73.26968020493139	2345.658672307836	-2424.557373284837	712.6967995369538	2650.967977716221	-2317.653792491937	769.9183359221506	2709.042942314645	-2244.073755082056	775.2080653548524	2632.131675348282	-2232.171510931304	509.8521421540502	2719.681252440337	-2198.749798310836	502.8329846937301	2596.095520125306	-2251.85733630889	263.3043580302866	2692.581670709197	-2303.539790868072	417.3369171503538	2723.185870619727	-2243.616218350189	365.9440786415079	2614.418499404559	-2364.232547194876	107.3257090711877	2711.372805848438	-2326.656746065254	108.746585401431	2620.657220168313	-2209.127319642464	63.75222412340948	2653.051096112049	-2244.334612546896	61.52803636010746	2759.9912621449	-2430.083463994672	74.322936931952	2657.125686306941	
33	1.07	-2260.240406567218	1470.391999927872	2503.069389359774	-2183.751987812216	1417.315016382745	2360.834722679856	-2169.866611967418	1344.080113199333	2507.959523365419	-2329.743312051969	932.452512553244	2368.197572783272	-2334.721229302615	941.0808747444986	2637.670178061244	-2494.717033955712	1019.373035106232	2436.032187622729	-2485.988420558363	1033.418116288152	2556.347117168055	-2398.533468048982	861.8085744448817	2307.717084082786	-2441.854609380579	881.4208139607085	2681.338421523709	-2239.425419281599	784.7924556778645	2352.045731574018	-2423.389546112721	722.1745284263055	2351.611436957376	-2314.424430217861	775.6973685163268	2298.555647996784	-2212.834164687246	510.9534888013879	2288.099919823025	-2200.35844564131	504.315142510519	2411.191726627447	-2318.337692255715	396.1227693274531	2286.139938916242	-2247.21126686145	246.8794600591722	2320.022509288219	-2247.614546859224	331.7160624299164	2392.930261380802	-2356.962712472246	110.5580052748438	2286.880823403127	-2326.821613057977	110.8868721297078	2380.973225419728	-2199.056457002637	65.18088868427196	2350.994065600551	-2248.534189123397	55.10095575891309	2236.038054890478	-2420.834900145748	73.25774290972447	2345.673274824813	-2425.731218411087	709.2919344682471	2651.563168028323	-2319.425826141638	767.779929897063	2709.458986660939	-2245.862083749163	774.0617868679625	2632.634300528016	-2230.706027375699	509.0468847491673	2720.378939962776	-2197.226046245728	502.2812581335868	2596.699653239657	-2251.075077302375	262.7522353827495	2692.827238600608	-2302.085783175273	416.8388631333638	2723.795967985118	-2242.405074866959	365.4897143618978	2614.87483689566	-2364.103314380367	107.2627223016633	2711.3537819979	-2326.579420641304	108.6970938485403	2620.575569915918	-2209.127110211775	63.72825335037571	2653.046705414164	-2244.325216785061	61.51830001491658	2759.986899506791	-2430.041029781096	74.30181696252519	2657.086261892495	
34	1.075	-2257.701168837958	1464.612309495432	2503.27257691604	-2181.104628072186	1410.927721606074	2361.310458825544	-2168.163706658097	1337.396031065228	2508.183894108219	-2333.007034536866	928.2083850297348	2368.168390487421	-2337.485320700701	936.6200236430881	2637.6801143973	-2497.194445100949	1016.315813742918	2436.318530393818	-2488.134637946157	1030.144505040846	2556.619702632304	-2401.567340371196	858.8048759278653	2307.448967117158	-2444.635186780995	878.0163663308226	2681.737717855999	-2241.896069306216	783.7743177702765	2352.412754927837	-2425.232984701052	718.8912217314697	2351.024062417835	-2316.598826700228	773.8077826088575	2298.606991772633	-2211.81630978992	510.4071091256622	2287.507670839228	-2199.503099051944	503.7706090929244	2410.687931952172	-2317.314864406131	395.8485746311084	2285.657546152514	-2246.696415356489	246.5145649034833	2319.841713382581	-2246.87010589523	331.4410713422585	2392.615590937075	-2356.900636057859	110.5220820470198	2286.857732971027	-2326.809356188835	110.8695479602928	2380.988319849313	-2199.063424011894	65.16667553024426	2351.006958633253	-2248.53811537442	55.09769683509843	2236.041044721835	-2420.833693950963	73.24110139096715	2345.683401792537	-2426.935687478252	705.8697861685956	2652.16615040062	-2321.246312825958	765.6174819889562	2709.900103283444	-2247.695356021221	772.8944470132495	2633.177682499484	-2229.305952970686	508.2478249907851	2721.098934669944	-2195.751596935825	501.7428965381445	2597.326754962982	-2250.325558994316	262.2041395944481	2693.090929394586	-2300.680799373436	416.3346135656197	2724.428971880691	-2241.2340398448	365.0416054711399	2615.352085529049	-2363.982488200403	107.1912066099615	2711.343241398718	-2326.508065977548	108.6462018989589	2620.504906462859	-2209.127757170349	63.70582676060294	2653.046509830945	-2244.317725116789	61.50664239933219	2759.986259234121	-2429.999978899147	74.27638141458745	2657.05073609903	
35	1.08	-2255.183069685554	1458.703064310851	2503.471310767559	-2178.456519675814	1404.396122004401	2361.783097515129	-2166.466592238547	1330.595263671525	2508.409935211901	-2336.264918544287	923.8948601861033	2368.130070098268	-2340.242088053356	932.0900685142262	2637.690683534431	-2499.658128322825	1013.190493265416	2436.605949043733	-2490.263743340924	1026.802451191135	2556.892398321463	-2404.609619678129	855.763388708812	2307.170515118499	-2447.417827536084	874.5752274215704	2682.156591310099	-2244.424396273448	782.7276858294313	2352.749919952566	-2427.093921594769	715.5794321439949	2350.429328680774	-2318.817857095051	771.900425330852	2298.62606166894	-2210.872138557118	509.8704468671697	2286.857910244614	-2198.686898781255	503.2410202023298	2410.117622659801	-2316.343933875811	395.5686296068138	2285.13194468808	-2246.210986615705	246.1547700272625	2319.627303560109	-2246.158714095534	331.1755545816841	2392.254878356771	-2356.845242455813	110.4782982937364	2286.824533470529	-2326.799204874478	110.8562154764556	2380.990661626644	-2199.072324506636	65.15478072593417	2351.012330866189	-2248.543911810503	55.09129875870229	2236.034199550602	-2420.834398193258	73.22010650387682	2345.689098802452	-2428.167992084441	702.4332914195488	2652.777023349418	-2323.111916817021	763.4342657972281	2710.365106654884	-2249.572042855816	771.7075065865184	2633.760035560043	-2227.973373584358	507.4562227322731	2721.84359227395	-2194.325621109481	501.2190809065315	2597.980194116065	-2249.609541897844	261.6610223152194	2693.374592273598	-2299.326686803574	415.8249536224592	2725.086970563216	-2240.1027482898	364.6008774784162	2615.85223961293	-2363.870173304828	107.111039304208	2711.340922347887	-2326.442798320709	108.5943999170434	2620.446055788303	-2209.128939940067	63.68519857682254	2653.050912080659	-2244.312258601081	61.49305421139497	2759.989754402112	-2429.960574385614	74.24707542178733	2657.019081289398	
36	1.085	-2252.688798593244	1452.672698564457	2503.665649077225	-2175.811101687248	1397.729192879712	2362.252387403476	-2164.777013784416	1323.686737037115	2508.636843080554	-2339.512402368748	919.5201307232921	2368.083170628225	-2342.989037324901	927.4994126980239	2637.702451665102	-2502.106113742967	1009.999556789399	2436.893907159379	-2492.375340493035	1023.394837940815	2557.164498067855	-2407.657266813974	852.6883332642302	2306.881674283383	-2450.198899744137	871.1013295691004	2682.594910589475	-2247.0064317553	781.6534442983669	2353.045727197838	-2428.968333440348	712.2421703810285	2349.831349330273	-2321.080845329601	769.9752960431244	2298.607080393172	-2210.003123656581	509.3435939656307	2286.147634689739	-2197.906193574237	502.728332625185	2409.477454772977	-2315.425766824983	395.2837355250917	2284.561886681734	-2245.754914607749	245.8005824618017	2319.377125385376	-2245.478411581157	330.9201680351565	2391.845959734021	-2356.796336770551	110.4270037622751	2286.781466892775	-2326.790676606768	110.8473586463012	2380.979729290215	-2199.083012757641	65.1453801926793	2351.009744637235	-2248.551630454424	55.08154191454991	2236.017155068977	-2420.836857690308	73.19515747632646	2345.690516522521	-2429.425046055076	698.9851383110888	2653.395298980079	-2325.019150295311	761.2332606922773	2710.852373855688	-2251.490615756527	770.5021733833356	2634.378909289866	-2226.709937955804	506.6732387403706	2722.614616915458	-2192.947080502592	500.7108902662758	2598.662691463992	-2248.927518523691	261.1238487610348	2693.679633374244	-2298.024994152364	415.310760361876	2725.771347846033	-2239.010542105352	364.1685953874057	2616.376786272008	-2363.766388239822	107.0222418436848	2711.346317241072	-2326.38352644499	108.5422017251994	2620.399492496021	-2209.130382381008	63.66657219571151	2653.060277560058	-2244.308917575501	61.47756925504114	2759.997732092526	-2429.923042582805	74.2144197143635	2656.991143477176	
37	1.09	-2250.220787666763	1446.529788371814	2503.855685197727	-2173.171665246119	1390.936233072967	2362.718171903296	-2163.096663936473	1316.679434581017	2508.863749215068	-2342.74518677287	915.0924589051245	2368.028329587562	-2345.723735655103	922.8563248103263	2637.715879407313	-2504.536537206626	1006.745669524877	2437.181944935839	-2494.469044161438	1019.924598147677	2557.435351291089	-2410.707553126881	849.5838027166799	2306.58241262105	-2452.974766802782	867.5982906595303	2683.052280035687	-2249.638064487136	780.5523659560537	2353.289511799044	-2430.852437620018	708.8824227455676	2349.234357269099	-2323.38697169505	768.0320215867798	2298.545054798086	-2209.210211126015	508.826540792481	2285.375050730295	-2197.157594366104	502.2342757779891	2408.765457165322	-2314.560885325747	394.9947443662455	2283.947010662227	-2245.327959584909	245.4525262832561	2319.089737801897	-2244.827163546669	330.6754804275775	2391.387609600903	-2356.753689643424	110.3686720558629	2286.728991461205	-2326.783283676802	110.8433596186401	2380.955290972431	-2199.095323137464	65.13861432414114	2350.998915734265	-2248.561293466607	55.06827100715782	2235.989739538949	-2420.84088690453	73.16668882356031	2345.687905165113	-2430.70352871146	695.5277984599787	2654.019897865202	-2326.96441293338	759.0171375957689	2711.359868896652	-2253.44954480229	769.2794144652756	2635.031208013205	-2225.516836111748	505.8999432746058	2723.412967341952	-2191.614813907619	500.2192954874019	2599.376199119883	-2248.279715231723	260.5935990300358	2694.006957078792	-2296.77696269902	414.7930157298595	2726.482697802594	-2237.956520946957	363.745758017139	2616.926634992471	-2363.671066692483	106.9249934137126	2711.358688712147	-2326.329965580302	108.4901309318444	2620.365331246493	-2209.13186496189	63.65009301343939	2653.074926648215	-2244.307779081302	61.46026633641842	2760.010464231965	-2429.887567514995	74.17899579754591	2656.966648078115	
38	1.095	-2247.781199443788	1440.283007409646	2504.041544159281	-2170.541346509842	1384.026825034437	2363.180392876625	-2161.427193002033	1309.582383020387	2509.089738327368	-2345.959264107752	910.6201209770153	2367.966259931588	-2348.443809793444	918.1688717010983	2637.731284282597	-2506.94762813684	1003.431708051641	2437.469675773214	-2496.544431586169	1016.394748554872	2557.704364444978	-2413.758027231772	846.453764702813	2306.272728325475	-2455.741808076214	864.0694613391893	2683.528038967628	-2252.31507161672	779.4251316988309	2353.471823051031	-2432.742721224791	705.5031805545378	2348.642576319782	-2325.735183867303	766.069958132779	2298.435958125569	-2208.493773363116	508.3191953148888	2284.53968622341	-2196.438074620393	501.7603110925068	2407.981139939232	-2313.749452196238	394.7025500131306	2283.287893330431	-2244.929711294239	245.1111333467003	2318.764484916774	-2244.202934733938	330.4419594495381	2390.879612642926	-2356.717042011753	110.3038874990512	2286.667767991964	-2326.776548683977	110.8444866669809	2380.917414721481	-2199.109075515728	65.13458364187171	2350.979724849971	-2248.572891423544	55.05140238095604	2235.951984199722	-2420.846276977142	73.13515666244326	2345.681605790179	-2431.999949069807	692.063563452476	2654.649169470377	-2328.944024673669	756.7882582978644	2711.885172198207	-2255.447287450467	768.0399748200452	2635.71322086921	-2224.39478133659	505.1373262461289	2724.238787428596	-2190.327614040506	499.7451515044639	2600.121806440273	-2247.666097359842	260.0712676830602	2694.356924359366	-2295.583518669779	414.2728163460812	2727.220766192604	-2236.93959258423	363.3332907866172	2617.50206637144	-2363.584059586471	106.8196393806846	2711.377094231918	-2326.281658367473	108.4387067082429	2620.343332461754	-2209.133233393469	63.63584440760822	2653.095127215231	-2244.308894179722	61.44126937722947	2760.028140913727	-2429.854286695958	74.14142941782625	2656.945210657454	
39	1.1	-2245.371921256507	1433.941084915542	2504.223378258492	-2167.923122527894	1377.010792879905	2363.639091243523	-2159.770221555842	1302.404639389972	2509.313868825269	-2349.150935009892	906.1113601259957	2367.897745519811	-2351.146941540399	913.4448583360715	2637.748808182512	-2509.337694596299	1000.06078622529	2437.756779063763	-2498.60099728173	1012.808420855715	2557.970998958891	-2416.806462444856	843.3020746508852	2305.952658099377	-2458.496438856669	860.5179784418656	2684.021264151098	-2255.03315062092	778.272353254486	2353.584780533153	-2434.6359537912	702.1074768889372	2348.060089275906	-2328.124104857374	764.0883113778144	2298.276886121034	-2207.853574850667	507.8214049233749	2283.642468306123	-2195.745058463316	501.3075980239406	2407.125565956342	-2312.991263873364	394.4080781728432	2282.58608004398	-2244.559595379739	244.7769327136019	2318.401545315145	-2243.603762435032	330.2199566909058	2390.322808359234	-2356.686110021984	110.2333288040741	2286.598641096867	-2326.770019420024	110.8508849795666	2380.866469864965	-2199.124080720785	65.13334537814305	2350.952224086387	-2248.58638229468	55.03092913550245	2235.904127656115	-2420.852803112756	73.1010251798935	2345.672039012585	-2433.310708945463	688.5945836085467	2655.280937474127	-2330.954250801777	754.5486878929792	2712.425514855214	-2257.482269516621	766.7844005904642	2636.420661489678	-2223.343996489187	504.3863078641066	2725.091364310018	-2189.0842921218	499.2891878769547	2600.899676171273	-2247.086377605642	259.5578611161445	2694.72933033052	-2294.445266755147	413.7513791220026	2727.984421570693	-2235.958520674927	362.9320369113856	2618.102702381478	-2363.50513814001	106.7066938730589	2711.400418494202	-2326.238001800187	108.3884297112613	2620.332922023657	-2209.13440343936	63.62384702306797	2653.121087470756	-2244.312285373092	61.42074553759807	2760.050866352701	-2429.823288751082	74.10237307996121	2656.926352395927	
40	1.105	-2242.99456632469	1427.512765646514	2504.401362055272	-2165.319809417156	1369.89815765804	2364.094404412011	-2158.127354597055	1295.155276281115	2509.535195226229	-2352.316812888822	901.5743474237471	2367.823634622474	-2353.83086016023	908.6917753052176	2637.768390944017	-2511.705106640701	996.6362755528878	2438.042990125559	-2500.638113244177	1009.16888724166	2558.234766354877	-2419.850787885103	840.1324984638479	2305.622285364394	-2461.235128412133	856.9468208794482	2684.530776249805	-2257.787950804888	777.0945975758593	2353.622391425715	-2436.529184464581	698.6984273631382	2347.490707326102	-2330.551942645892	762.0862692678485	2298.066180506823	-2207.288750799908	507.3329801766583	2282.685764590378	-2195.076491520696	500.8769682559447	2406.201382426421	-2312.285750414185	394.1122756035463	2281.844091617402	-2244.216882038775	244.4504394905979	2318.001957000391	-2243.027823652107	330.0096925855039	2389.719107043872	-2356.660589735672	110.1577507306423	2286.522616048744	-2326.763282430074	110.8625707378881	2380.803119403205	-2199.140145775373	65.13491106223729	2350.916638323803	-2248.601691176006	55.0069239132008	2235.846614182847	-2420.860231835914	73.06475401908487	2345.659691743951	-2434.632163061249	685.1229072580967	2655.912568075967	-2332.991318895979	752.3002192180085	2712.977817471493	-2259.552860165059	765.5130650159989	2637.148716196623	-2222.364205498846	503.6477487003599	2725.969116018186	-2187.883728399731	498.8519977471173	2601.709013003855	-2246.540027736073	259.0543923578811	2695.123402103834	-2293.362484933534	413.2300417658846	2728.771657809589	-2235.011968526234	362.5427471796883	2618.727499308393	-2363.433998068901	106.5868359978317	2711.427412536368	-2326.198278918414	108.3397688771581	2620.333223905326	-2209.135361839714	63.61406131353111	2653.152949291099	-2244.31794440736	61.39890127689663	2760.078657460159	-2429.794613098197	74.06248835888833	2656.909519697137	
41	1.11	-2240.650481610345	1421.006771526735	2504.575687101305	-2162.734062522031	1362.699089425295	2364.54656050634	-2156.500196375307	1287.843362977113	2509.752791930515	-2355.45381686942	897.0171494729689	2367.744831164194	-2356.493331932082	903.9167546363451	2637.789750767378	-2514.048279023454	993.1618181268223	2438.328088348837	-2502.654996341402	1005.479578694559	2558.495221392086	-2422.889007335102	836.9487419400846	2305.281748231285	-2463.954414837664	853.3588645557689	2685.055151091396	-2260.575103186492	775.8924114501448	2353.580814288171	-2438.419725127072	695.279271213318	2346.937846156148	-2333.016406561893	760.0631402469688	2297.803514224947	-2206.797798680765	506.8537194921156	2281.673385313115	-2194.430890079542	500.4689092983224	2405.212810724624	-2311.631981684695	393.8160992842701	2281.06540595902	-2243.900696062347	244.1321438308013	2317.567616887772	-2242.47349234763	329.8112428839345	2389.071476461788	-2356.640161356799	110.0779649513877	2286.440832274708	-2326.755974616077	110.879428847341	2380.728303756713	-2199.157078653641	65.13924517703127	2350.873361418187	-2248.618710848084	54.9795392953101	2235.780086073185	-2420.868327691564	73.02678729375708	2345.645102598151	-2435.96067442806	681.6505189012785	2656.541058365881	-2335.051427763271	750.0444075227219	2713.538733249913	-2261.657342984969	764.2261953720702	2637.892099644099	-2221.454630852021	502.9224581903671	2726.869609038526	-2186.724908163918	498.4340253910023	2602.548065044992	-2246.026293705026	258.5618730937383	2695.537816805128	-2292.335120843283	412.7102573062136	2729.579628448532	-2234.09853818936	362.166068678953	2619.374763308149	-2363.370265183505	106.4608995241133	2711.456738161377	-2326.161693862928	108.2931497727663	2620.343103941922	-2209.136163503945	63.60639308264549	2653.190782130192	-2244.325830755078	61.37597646617375	2760.111444866275	-2429.768251757991	74.02242867192716	2656.894107090473	
42	1.115	-2238.340762221708	1414.431764843887	2504.746556762014	-2160.168378523259	1355.423856139371	2364.995869479665	-2154.890365058709	1280.477940927902	2509.965777644431	-2358.559154282547	892.4477008604254	2367.662283632715	-2359.132147214432	899.1265346064223	2637.812372051749	-2516.365654263013	989.6413305290898	2438.611884631742	-2504.650684293164	1001.744094939195	2558.751954192231	-2425.919110849597	833.7544837029641	2304.931247047141	-2466.650915590465	849.756933284124	2685.592736365317	-2263.390247581089	774.6663447435376	2353.458556037439	-2440.305121737912	691.8534087704477	2346.404414193822	-2335.514635507338	758.0184891686616	2297.489934102126	-2206.378582360253	506.3834335760943	2280.610545395877	-2193.807365168165	500.0835581945468	2404.165593946897	-2311.028678801418	393.520506115235	2280.254414177703	-2243.610027517702	243.822500751198	2317.101254653347	-2241.93938330321	329.6245282195736	2388.383899521672	-2356.62449279165	109.9948211997954	2286.354534509795	-2326.747792331075	110.9012145498519	2380.643216495152	-2199.174692351923	65.14626493609966	2350.822947349357	-2248.637303204555	54.94900579209627	2235.70537033989	-2420.876859029735	72.98754480799272	2345.628846560285	-2437.292663607201	678.1793749174623	2657.163141011671	-2337.130749038253	747.7826130581265	2714.104694782915	-2263.79388530461	762.9238994447813	2638.645116940962	-2220.613997775827	502.2112007634895	2727.789604721831	-2185.606943969854	498.0355527283534	2603.414157125454	-2245.544214151611	258.0813029263406	2695.970738355636	-2291.362790055688	412.1935819574633	2730.404711900579	-2233.216804935414	361.8025330474001	2620.042187324721	-2363.31350264308	106.3298562265302	2711.487015883466	-2326.127408787435	108.2489450512689	2620.361222342173	-2209.136925311485	63.60070155912251	2653.234577600487	-2244.335871044236	61.35223686256019	2760.149076084417	-2429.744153192224	73.98282306611391	2656.879482375024	
43	1.12	-2236.06627182989	1407.796312967153	2504.914181514175	-2157.62509967621	1348.082769817512	2365.442711330984	-2153.299506430848	1273.067992893987	2510.173339609249	-2361.630294206419	887.8737791036642	2367.57697184217	-2361.745105607871	894.3274342705141	2637.835501269636	-2518.655687023142	986.0789975140625	2438.894209098499	-2506.624021276925	997.9662056096507	2559.004582295939	-2428.938984717091	830.5534080063285	2304.571051303625	-2469.321332995464	846.1438431856026	2686.141673996549	-2266.229055815323	773.4169707262542	2353.256591124444	-2442.183116609391	688.4244313472974	2345.892718350543	-2338.043142878112	755.9522625951741	2297.127858128797	-2206.028348300189	505.9219681958953	2279.503786659611	-2193.205619342714	499.7207054984207	2403.066903073224	-2310.47422990105	393.226443570734	2279.416351944978	-2243.343742496554	243.5219212119219	2316.606381668479	-2241.424379869982	329.4493081138602	2387.661304118749	-2356.613242413544	109.909189534194	2286.265042645517	-2326.738497528948	110.9275589575306	2380.549272953039	-2199.192808115426	65.15584119551524	2350.76609661508	-2248.657301535929	54.91562745352963	2235.623460248133	-2420.885602589189	72.94741585525259	2345.611519480015	-2438.624650985417	674.7114358170691	2657.775400893442	-2339.225422688542	745.5160488961436	2714.671963774824	-2265.960507876108	761.6061903662008	2639.401731482109	-2219.840545643386	501.5146990671584	2728.725132151445	-2184.529085730233	497.6566853582227	2604.303753435902	-2245.092642078485	257.6136560669642	2696.419870508392	-2290.444776697803	411.6816559679473	2731.242605168069	-2232.365347643447	361.4525450352061	2620.726906991679	-2363.263220039238	106.1947934748591	2711.516874342201	-2326.094581059155	108.2074673510895	2620.386092102025	-2209.137816993542	63.59680934885154	2653.284244842941	-2244.347959608074	61.32796541473363	2760.191320416562	-2429.722227924141	73.94426146105693	2656.865012805008	
44	1.125	-2233.827668198922	1401.108854665001	2505.078775070171	-2155.106420495721	1340.686130811853	2365.887521747591	-2151.72930575594	1265.622406029111	2510.374756682935	-2364.664933933923	883.3029796275698	2367.48989195309	-2364.330000048127	889.5253383563635	2637.858151578918	-2520.916830683167	982.4792547317769	2439.174899941076	-2508.573653837666	994.1498427465107	2559.252743472066	-2431.946325670094	827.349233583969	2304.201505679096	-2471.96245458095	842.5224386248467	2686.699928023488	-2269.08725019082	772.1449021121305	2352.978394838165	-2444.051604573839	684.9961397558626	2345.404392217243	-2340.597782483035	753.8648953449473	2296.721026306995	-2205.743753016058	505.4692237914637	2278.360861766977	-2192.625915345472	499.3798090804453	2401.925203934441	-2309.966709338778	392.9348414777322	2278.557207931233	-2243.100593519674	243.2307646479995	2316.087216654255	-2240.927643777248	329.2851803248842	2386.90946712622	-2356.606060960261	109.8219442705568	2286.17372127212	-2326.727920698065	110.9579783226778	2380.448072898552	-2199.211257721357	65.16780044756824	2350.70363834296	-2248.678513568377	54.87977516343922	2235.535492322448	-2420.894346683076	72.90675573294408	2345.593722910457	-2439.953291758668	671.2486942727808	2658.37439888703	-2341.33154817832	743.2458311247893	2715.236682875511	-2268.155057007123	760.2730089298864	2640.155637926394	-2219.132046906666	500.8336340876476	2729.671583969768	-2183.490720987525	497.2973388961726	2605.212545794651	-2244.670269326758	257.1598657887523	2696.882522813913	-2289.580036926166	411.1761775185164	2732.088442389108	-2231.542775847335	361.1163723490125	2621.42557221665	-2363.218884264781	106.0568870620935	2711.544998941301	-2326.062399179133	108.1689647503629	2620.416140228161	-2209.139049673684	63.59451345033433	2653.339606888772	-2244.36196021391	61.30345294747097	2760.237875145126	-2429.702355582448	73.90728167641602	2656.850091035825	
45	1.13	-2231.62543258956	1394.377668204467	2505.240551591593	-2152.614397241336	1333.244171372119	2366.330775546853	-2150.181496886923	1258.149930065785	2510.569420252766	-2367.660960541585	878.7426884445168	2367.402040252178	-2366.88460095044	884.7256929275565	2637.879116802513	-2523.14752687497	978.8467602372899	2439.453794028806	-2510.4980374056	990.2990852050428	2559.49608988899	-2434.938565172488	824.1457347570374	2303.823034988729	-2474.571148732943	838.8956183971385	2687.265317445974	-2271.960616579481	770.8508017910726	2352.629886110959	-2445.908586035244	681.5725481004871	2344.940350971979	-2343.173738921074	751.7573908784348	2296.274405900156	-2205.520900817926	505.0251704460102	2277.190582777196	-2192.069017297364	499.060016749222	2400.750088428967	-2309.503899501121	392.6466048131897	2277.683611958796	-2242.879229341698	242.9493329093499	2315.54859048077	-2240.448606160949	329.1315858473998	2386.134895254689	-2356.602592564558	109.7339498791942	2286.081949861923	-2326.715960511226	110.9918866439347	2380.341358658007	-2199.229884787846	65.1819277574393	2350.63650875844	-2248.70072508091	54.84187772970474	2235.442719615919	-2420.902892897141	72.86588488631995	2345.576049781274	-2441.275403777701	667.7931982597779	2658.956797769441	-2343.445173426768	740.9730285864076	2715.794928958459	-2270.37518113513	758.9242428391575	2640.900339928006	-2218.485833627081	500.1686423083098	2730.623830874246	-2182.491368020816	496.9572265818186	2606.135562986156	-2244.27565330253	256.7208070812228	2697.355685743681	-2288.767205753732	410.6788702549923	2732.9369333383	-2230.747754174146	360.7941378721184	2622.134430551529	-2363.179931843705	105.9173706140731	2711.570177394309	-2326.030115932966	108.1336186771318	2620.449768636435	-2209.140862731858	63.59359643211275	2653.400398306751	-2244.377708929518	61.27898876465453	2760.288372544927	-2429.684392911353	73.8723584632146	2656.83415953652	
46	1.135	-2229.459901539606	1387.610841514693	2505.39972411493	-2150.150960482443	1325.766999853955	2366.772968341798	-2148.657867687008	1250.659132488146	2510.756851925999	-2370.616409932715	874.2000506212712	2367.314396179215	-2369.4066418189	879.933511793133	2637.896995096552	-2525.346198632844	975.1863550197585	2439.730719696894	-2512.395453289254	986.4181359234311	2559.734284009184	-2437.912809172792	820.9467513280933	2303.436147828516	-2477.144356770016	835.2663515672587	2687.835553225029	-2274.84501185991	769.5353876746879	2352.219279008912	-2447.752119817971	678.1578701708895	2344.500776258637	-2345.765544768454	749.6313694275364	2295.794053790385	-2205.355390764716	504.5898569033423	2276.0026384375	-2191.536106598602	498.7601962112725	2399.552074591963	-2309.083314597253	392.3626071643408	2276.802706093528	-2242.678204052871	242.6778653931345	2314.995833213935	-2239.986940091575	328.9878192218713	2385.344686194886	-2356.602475005009	109.6460489399021	2285.99109447557	-2326.702580338595	111.0286110398652	2380.230970288119	-2199.248545150408	65.19797043115898	2350.565726792499	-2248.72370388955	54.80241096529979	2235.346482153594	-2420.911056331012	72.82509042112552	2345.559071365274	-2442.587988719469	664.3470686362429	2659.519485160031	-2345.562283923746	738.6987094997924	2716.342767461254	-2272.61831368875	757.5597427410979	2641.629232318595	-2217.898831429606	499.520310311707	2731.576350021371	-2181.530664401803	496.6358492888747	2607.067296121525	-2243.907245270567	256.2972780759634	2697.836111143276	-2288.0046076996	410.1914455818539	2733.782515993436	-2229.979024710005	360.4858153525286	2622.849418274507	-2363.145782163942	105.7775031271105	2711.591339931028	-2325.997077421271	108.1015440034113	2620.485411763366	-2209.143509702003	63.59383690396034	2653.466264470854	-2244.395018019403	61.25485164322177	2760.342387290164	-2429.66818220393	73.83989466347737	2656.816732235744	
47	1.14	-2227.33129939001	1380.816244785503	2505.556504126566	-2147.717930829666	1318.264546978309	2367.214596939024	-2147.160260928788	1243.158353024616	2510.936716948952	-2373.529425819749	869.6819332617677	2367.227905031866	-2371.893807976605	875.1533930490348	2637.910222092522	-2527.511247665254	971.5030132742647	2440.005491857841	-2514.264035517093	982.5112932785443	2559.966996310116	-2440.865797904722	817.7561843788621	2303.041438721458	-2479.679083112449	831.6376829989531	2688.408278387146	-2277.736365792297	768.1994315243255	2351.756846140396	-2449.580278553253	674.7564866756156	2344.085133050026	-2348.367125611617	747.4890795981354	2295.286940420132	-2205.242371750904	504.1634126407773	2274.807385443892	-2191.028676119739	498.4789706245423	2398.342381165038	-2308.702226045415	392.0836843448319	2275.922002247629	-2242.495985553362	242.4165350692384	2314.434647141581	-2239.542516107331	328.8530432395657	2384.546374107946	-2356.605339339279	109.559052114471	2285.902481776891	-2326.687801967573	111.0674092181123	2380.118799506427	-2199.267106411028	65.21564217238524	2350.492367727913	-2248.747204008065	54.76188507428722	2235.248175553671	-2420.918664535132	72.78462959636936	2345.543325944639	-2443.888247260965	660.912510508848	2660.059688484826	-2347.678794432216	736.4239825735643	2716.876307641357	-2274.881663803928	756.1793353238879	2642.335687436471	-2217.367600476124	498.8891673847642	2732.523362427852	-2180.608353171583	496.3324891887293	2608.001834864242	-2243.563419398355	255.8899809846404	2698.320394483581	-2287.29027168283	409.7155613539175	2734.619516526988	-2229.235427478433	360.191229512269	2623.566255343062	-2363.11585094112	105.6385361948317	2711.607592158971	-2325.962746793599	108.0727909508128	2620.521588298962	-2209.147243889098	63.59501859750772	2653.53676274478	-2244.413680708586	61.23130160451372	2760.399443933146	-2429.653559565048	73.81021456826606	2656.797412313557	
48	1.145	-2225.239769929597	1374.001505929271	2505.711102014256	-2145.317037616735	1310.746515465786	2367.656139072139	-2145.690570011462	1235.655659957753	2511.108832352632	-2376.398221107192	865.1948825715625	2367.143460767093	-2374.34373020051	870.3895444307952	2637.917112666183	-2529.641056144107	967.8017836460435	2440.277909300426	-2516.101806411867	978.5829179259997	2560.193904686851	-2443.793889172678	814.577975939725	2302.639588600958	-2482.172385707942	828.0127291311971	2688.981109995404	-2280.630677848127	766.8437520209453	2351.254601359795	-2451.391109048839	671.3728926924572	2343.692219042846	-2350.971872528005	745.3333713847795	2294.760741414337	-2205.17660466902	503.7460424665074	2273.61561983751	-2190.548407484756	498.2147579506859	2397.13268320804	-2308.357689333752	391.810627657322	2275.049230067739	-2242.330963678802	242.1654451253735	2313.870970108158	-2239.115343514118	328.7263067709821	2383.747764070491	-2356.610809126883	109.473730013585	2285.817376001515	-2326.671697044455	111.1074883276129	2380.006744111937	-2199.285446810838	65.23462750532738	2350.417535863828	-2248.770969853641	54.72083079518069	2235.149218869188	-2420.925555409457	72.7447348069236	2345.529309478748	-2445.173589063454	657.4918177932454	2660.575077154823	-2349.790545639629	734.1500305308705	2717.391758620589	-2277.162216060572	754.7828340926704	2643.013145218292	-2216.888382849583	498.2756767518067	2733.458974604456	-2179.724268020057	496.0462083648148	2608.933009598186	-2243.242501601128	255.4995034723836	2698.805055940595	-2286.621950516796	409.2527790183577	2735.44230968437	-2228.515918742538	359.9100612576104	2624.280540906797	-2363.08956323686	105.5016823627308	2711.618238979462	-2325.926721737942	108.0473484148605	2620.556944989597	-2209.152304307514	63.59693767148677	2653.611365783774	-2244.43347658685	61.20857276775544	2760.459024283583	-2429.640362410257	73.78355953761698	2656.775905288001	
49	1.15	-2223.185405666661	1367.173989351527	2505.863727929293	-2142.949939954619	1303.222334175731	2368.098033133896	-2144.250729070116	1228.158810675931	2511.273168940107	-2379.221044022728	860.7450755203647	2367.061889372693	-2376.753984975805	865.645815482341	2637.915909941424	-2531.733993320472	964.0877232004852	2440.547753795554	-2517.906719365437	974.6373965605019	2560.414695188123	-2446.693067151406	811.4160715808704	2302.231363489995	-2484.621369159132	824.394664924818	2689.551681620052	-2283.524009908579	765.4692026741875	2350.725913174674	-2453.182599658155	668.0116260461319	2343.32024541402	-2353.572740154153	743.1676309780649	2294.223604417776	-2205.152530605629	503.3380136711617	2272.438335426302	-2190.097037225901	497.9658124404119	2395.934855977466	-2308.046572442231	391.5441764482982	2274.192179027776	-2242.181458438412	241.9246260937946	2313.310833958084	-2238.705501360991	328.6065643636234	2382.956760439773	-2356.618499468882	109.3908067868237	2285.736959342648	-2326.654376896178	111.1480244917191	2379.896664532951	-2199.303453609382	65.25458630057152	2350.342337223841	-2248.794740429792	54.67978488024073	2235.05102266187	-2420.93157442299	72.70561948534683	2345.517468429309	-2446.441638388936	654.0873704691493	2661.063847523556	-2351.893307931025	731.878134311102	2717.885485912499	-2279.456739933647	753.3700486000143	2643.655206539187	-2216.457155525023	497.680226101256	2734.377320033558	-2178.878317871847	495.7758536095707	2609.854535124353	-2242.942797120315	255.1263015223634	2699.286618035017	-2285.997145257591	408.8045215230942	2736.245472568596	-2227.819586296636	359.6418582674731	2624.98784674589	-2363.066365398608	105.3680858730536	2711.622798499068	-2325.888745082442	108.0251483579323	2620.590291120671	-2209.158902448614	63.59940817723559	2653.689467048862	-2244.454177359391	61.18686751914839	2760.52057468796	-2429.628435659894	73.76008596765985	2656.752026860007	
50	1.155	-2221.168273488755	1360.34077845309	2506.014592460375	-2140.61824923193	1295.701117588433	2368.540658574506	-2142.842697325483	1220.675218609971	2511.429846437234	-2381.996151106131	856.3382675667741	2366.983933379629	-2379.122102742002	860.9257340772671	2637.904839809602	-2533.788427179931	960.3658263623716	2440.81479047184	-2519.676706970089	970.6791039479879	2560.629063609334	-2449.558977170819	808.2743662275537	2301.817611249014	-2487.023182929005	820.7867031463817	2690.117684925022	-2286.412476064702	764.0766554989665	2350.185063931724	-2454.952656167296	664.6771787842913	2342.96694581602	-2356.162367068132	740.9956802491922	2293.683899896027	-2205.164344003376	502.9396363584623	2271.28647660671	-2189.676218284542	497.730266822924	2394.760714720622	-2307.765586029544	391.2850098636609	2273.358538781621	-2242.045728924896	241.6940335240807	2312.760223065581	-2238.31306388329	328.4926964344376	2382.181194250378	-2356.628016104485	109.3109552312192	2285.662316009957	-2326.635981500245	111.1881823669801	2379.79034393103	-2199.321021179686	65.27515831563002	2350.267853335458	-2248.818253471603	54.63927557263136	2234.954958226799	-2420.936571574222	72.66748430835334	2345.508194750224	-2447.690236054569	650.7016241316281	2661.524786789047	-2353.982794118207	729.6096866122155	2718.354067902832	-2281.761809169951	751.9407928863133	2644.255729123797	-2216.069687845114	497.1031181074494	2735.272696612897	-2178.070470328097	495.5200684197328	2610.760152163726	-2242.662615705378	254.7706848777214	2699.761678271385	-2285.413134497006	408.3720343625623	2737.023925403066	-2227.145660363974	359.3860507225094	2625.683806712409	-2363.045735335426	105.2387968752846	2711.621005500993	-2325.848708210994	108.0060710103726	2620.620622983296	-2209.167210323219	63.60226585603602	2653.77038855049	-2244.475552606609	61.16635216550591	2760.583513357183	-2429.617636191061	73.73986571364277	2656.725705330129	
51	1.16	-2219.188435817785	1353.508662220508	2506.163906471405	-2138.323551862508	1288.191631106951	2368.984317594329	-2141.46843781572	1213.211928201247	2511.579121425203	-2384.721788819266	851.9797387236833	2366.910238192234	-2381.445584878839	856.2325446360097	2637.882169128251	-2535.802741197075	956.6409514492249	2441.078768890602	-2521.4097324587	966.7123644141276	2560.836717442449	-2452.386985379282	805.1566348419734	2301.39925626915	-2489.375026535776	817.1920673126207	2690.676909099959	-2289.292230967909	762.6669817153661	2349.646772923094	-2456.699087223797	661.3738953682695	2342.629708471764	-2358.73321392738	738.8216461867669	2293.149965564886	-2205.206069656283	502.5512381310795	2270.170693179434	-2189.287383701652	497.5061740408945	2393.621758168626	-2307.511315610297	391.0337379977174	2272.5557419408	-2241.92198342743	241.473546457002	2312.224937705382	-2237.938025698206	328.3835292386107	2381.428654722967	-2356.63895481936	109.2347931862867	2285.594420003687	-2326.616668429333	111.2271341383851	2379.689453002506	-2199.338049049393	65.29596772905036	2350.195117051089	-2248.84124958298	54.5998087602465	2234.86232877044	-2420.940398537684	72.6305230977644	2345.501822927792	-2448.917438232625	647.3370915937653	2661.957312855123	-2356.054682425272	727.3461939182005	2718.794351593984	-2284.073830827057	750.4948937221276	2644.808925138356	-2215.721602159875	496.544561632787	2736.139696748867	-2177.30073268096	495.2773128179608	2611.643763702914	-2242.400293317681	254.4328060492241	2700.226975836139	-2284.867008470562	407.9563519582422	2737.773053846013	-2226.493518267772	359.1419713607297	2626.364200934974	-2363.027190594276	105.1147499771011	2711.612804685817	-2325.806647331159	107.989950730405	2620.647138277823	-2209.17735019431	63.60537052943261	2653.853390791366	-2244.497375218027	61.14715417479363	2760.6472379845	-2429.607835261918	73.72288908333746	2656.696978737752	
52	1.165	-2217.245966766727	1346.684126147557	2506.311879501907	-2136.067430903465	1280.702262271778	2369.429218700291	-2140.129890938974	1205.775598851854	2511.721368051443	-2387.396185099144	847.6742408262849	2366.841340959487	-2383.721929376057	851.5692453960703	2637.846265727975	-2537.775356012246	952.9177476501224	2441.339424342561	-2523.103842297988	962.7414137752497	2561.037377780332	-2455.172260692304	802.066450948822	2300.977291996972	-2491.674162892368	813.613959691695	2691.227277048956	-2292.159458304789	761.2410309911073	2349.125703824349	-2458.419599857988	658.1058624624899	2342.305724394849	-2361.277713722148	736.6498076686427	2292.629854654425	-2205.271642317647	502.1731347543902	2269.101104673008	-2188.931619350178	497.2915476239279	2392.528923331422	-2307.280255882317	390.7908928551606	2271.790813474082	-2241.808391144965	241.2629670608125	2311.710466451562	-2237.580232061946	328.2778542139778	2380.706329788968	-2356.650901434737	109.1628809597651	2285.534126446657	-2326.596602577894	111.2640774349601	2379.595520289003	-2199.354440125385	65.31662769539032	2350.125091246626	-2248.863476427101	54.5618554254418	2234.774343244898	-2420.942906431647	72.59492785546853	2345.498628865241	-2450.121512390165	643.9963165437175	2662.361488240937	-2358.104650291707	725.0892667324739	2719.203506823072	-2286.389083223119	749.0321989725693	2645.309459302004	-2215.408436115714	496.0046641812928	2736.973327332355	-2176.569128839386	495.0458910853811	2612.499563932063	-2242.154209469007	254.1126536602649	2700.679451889773	-2284.355707598372	407.5582712042047	2738.488808778209	-2225.862680830152	358.9088784902758	2627.025034145037	-2363.010293783321	104.9967477893482	2711.598334498886	-2325.76273295927	107.976582459048	2620.66924097461	-2209.189386392096	63.60860730091824	2653.937684841157	-2244.519426217032	61.12936103056015	2760.711133921948	-2429.598918812429	73.70907048837638	2656.665987167508	
53	1.17	-2215.34096320384	1339.873347574675	2506.458716275975	-2133.851485077491	1273.240997647774	2369.875462631403	-2138.828943516845	1198.372498004267	2511.857051974807	-2390.017551617313	843.4259491842545	2366.77766258718	-2385.948664316885	846.9386222223279	2637.795658247144	-2539.704755544411	949.2005853590166	2441.59647908406	-2524.757217755535	958.7703624943035	2561.230780957643	-2457.909875118083	799.0070972075226	2300.552771221553	-2493.917940071214	810.0555257251115	2691.766877406353	-2295.010361019347	759.7996108758066	2348.635978153306	-2460.111805183132	654.8767961822606	2341.992143307236	-2363.788427705729	734.484428619519	2292.131098307945	-2205.354987604052	501.8055987286901	2268.087081283074	-2188.609552184727	497.0844000021285	2391.492358700008	-2307.068847224971	390.5569196741621	2271.070230819346	-2241.703095730785	241.0620217860451	2311.221871070557	-2237.239319045361	328.1744466635819	2380.02086020216	-2356.663432643898	109.0957195099422	2285.482166148453	-2326.575947364317	111.2982517309016	2379.509908458339	-2199.370099322203	65.33674498074406	2350.058651027739	-2248.884693029382	54.52584088801237	2234.692093464145	-2420.943944594065	72.56089245855456	2345.498830346474	-2451.300930488457	640.6818396049678	2662.738007353461	-2360.12841867514	722.8405983685309	2719.579078053315	-2288.703761508962	747.5525860859753	2645.752546022794	-2215.125705025744	495.4834259811685	2737.769117325965	-2175.87567052576	494.8239868500888	2613.322158096676	-2241.92279962571	253.8100506065243	2701.116303296557	-2283.876064802892	407.1783335065466	2739.167781051063	-2225.252798599087	358.6859801525047	2627.662607913462	-2362.994655035308	104.8854498695964	2711.577902879888	-2325.717253307157	107.9657287331922	2620.686537616355	-2209.203319567276	63.61188668714475	2654.022446425441	-2244.541498780234	61.11302064465358	2760.774583147724	-2429.590785746097	73.69825677027042	2656.632960897905	
54	1.175	-2213.47355097451	1333.082195349975	2506.604611107308	-2131.677343720509	1265.815404933359	2370.323031087156	-2137.567394381225	1191.008502729747	2511.986698530867	-2392.584096817327	839.2384218601049	2366.719503180901	-2388.123387617463	842.3432766958648	2637.729093561915	-2541.589516706916	945.4934926549089	2441.849643480612	-2526.368223340563	954.8031606394799	2561.416679910019	-2460.594917466064	795.9814732385399	2300.126794152115	-2496.103820924082	806.5198160908859	2692.29399154432	-2297.841154863925	758.3434680425104	2348.190716524062	-2461.773233899035	651.6899332836844	2341.686227891007	-2366.258200118666	732.3295876922022	2291.660491979707	-2205.450102781939	501.4488278533685	2267.137047817033	-2188.321259719336	496.8827782190203	2390.521222170409	-2306.873514194128	390.3321691828262	2270.399798507012	-2241.604230767223	240.8703642960105	2310.763686666944	-2236.914667625259	328.0720839646958	2379.378211289313	-2356.676117920496	109.0337491051859	2285.439142953217	-2326.554857909936	111.3289528944712	2379.433796671462	-2199.384932770809	65.35592475904231	2349.996569822868	-2248.90467420512	54.49213619051347	2234.616535046667	-2420.943360663875	72.52861465964348	2345.502588792496	-2452.454359463138	637.3961575599579	2663.088157732807	-2362.121805627009	720.601933252035	2719.919032643574	-2291.014028982294	746.055970454013	2646.134043665048	-2214.868962796232	494.9807358658732	2738.523211102257	-2175.220321493658	494.6097043314427	2614.106671956098	-2241.704562497089	253.5246571809348	2701.535029777963	-2283.424850649927	406.8168160594712	2739.807250317876	-2224.663626553454	358.4724574041251	2628.273586770425	-2362.979931422879	104.7813671864387	2711.551956654831	-2325.670592526206	107.9571272025344	2620.698826370977	-2209.219083676533	63.61514371806516	2654.10683183593	-2244.563401353202	61.09814319293746	2760.83697417071	-2429.583344473356	73.69023809786324	2656.59820521668	
55	1.18	-2211.643886787126	1326.316233518492	2506.749740294627	-2129.546676240305	1258.432619793052	2370.77177860324	-2136.346917773751	1183.689108590001	2512.110856637142	-2395.094049040647	835.1145695957681	2366.667040902225	-2390.243810949152	837.7856466691209	2637.645589246796	-2543.428341562915	941.8001004424981	2442.098617263486	-2527.935450217457	950.84356503422	2561.594845413131	-2463.222614647455	792.9920065889513	2299.700494460968	-2498.229419214397	803.0097474137493	2692.807114807872	-2300.648066711613	756.8732727651123	2347.801628235063	-2463.401360766997	648.5479330012899	2341.385496727985	-2368.680304800803	730.1890150042118	2291.223914649095	-2205.551135940132	501.1029158634602	2266.258316059577	-2188.066205322494	496.6847966075226	2389.623508963122	-2306.690705615039	390.11689129569	2269.784540602304	-2241.509937175198	240.6875802730979	2310.339839191763	-2236.60537454897	327.9695635582401	2378.783565674422	-2356.6885226317	108.9773482026666	2285.405533358614	-2326.533476466565	111.3555456600072	2379.368168848747	-2199.398847720686	65.37377565685001	2349.939509483269	-2248.923215044515	54.46105183271895	2234.548472615541	-2420.941002141369	72.49829618403068	2345.51001202936	-2453.580648981854	634.1416769269293	2663.413757190448	-2364.080787074156	718.3750262114179	2720.221804190573	-2293.316071681015	744.5423132768789	2646.450543606882	-2214.633859986658	494.4963689546059	2739.232445993162	-2174.602954215157	494.4011139837215	2614.848849693992	-2241.49806244003	253.2559789768956	2701.933474477835	-2282.998820060915	406.4737324769677	2740.405208617952	-2224.094986847872	358.2674847419015	2628.855058091747	-2362.96582349607	104.6848619293531	2711.521046526716	-2325.623204943308	107.9504985723329	2620.706080311963	-2209.23654589507	63.61833602670129	2654.189995365895	-2244.584959848764	61.08470417676926	2760.897712893164	-2429.576508124328	73.68476116403886	2656.56208279512	
56	1.185	-2209.852156439569	1319.580728548675	2506.894252922095	-2127.46119483647	1251.09933698392	2371.221427809523	-2135.169026060622	1176.41944413291	2512.230060383991	-2397.545688341082	831.056638868547	2366.620334147349	-2392.307805416657	833.2680181598315	2637.54447823868	-2545.220090504893	938.1235983767009	2442.343091280917	-2529.457752966672	946.895108864472	2561.765067545227	-2465.788454330017	790.0405729922288	2299.275023641314	-2500.292540232851	799.5280624035795	2693.304971341792	-2303.42733881327	755.3896077527687	2347.47866719454	-2464.993636787499	645.4527959962767	2341.087846784473	-2371.048577224863	728.0659460885564	2290.826188009414	-2205.652462017268	500.7678270732063	2265.456949814062	-2187.84320250338	496.4886660514142	2388.805913562607	-2306.516935658696	389.9112306311188	2269.228613603294	-2241.418382469219	240.5131940224804	2309.95358179618	-2236.310241554038	327.865720911327	2378.241239410946	-2356.700212365411	108.9268323416291	2285.381687894761	-2326.511930132543	111.3774739160452	2379.313807420232	-2199.411753176095	65.38991512525726	2349.888014280301	-2248.940135299965	54.43283392680635	2234.48854953468	-2420.936719467343	72.47014087999909	2345.521157798774	-2454.678816500911	630.920663483576	2663.717070042585	-2366.001562033881	716.1615946926789	2720.486329192509	-2295.606153333911	743.0116285804621	2646.69945132381	-2214.416197728409	494.0299860232536	2739.894412768751	-2174.023299419564	494.1963003879537	2615.545139086831	-2241.301927619044	253.0033790513374	2702.30985782323	-2282.594759112339	406.1488422987048	2740.960360698232	-2223.546720323886	358.0702460304944	2629.404585309678	-2362.952069357704	104.5961522223766	2711.48578972734	-2325.575586521705	107.9455548803154	2620.708426441119	-2209.255509508547	63.62144099289811	2654.271107852492	-2244.606018973912	61.07264847744301	2760.956234298994	-2429.570188910911	73.68154420670167	2656.524994516238	
57	1.19	-2208.098570158132	1312.880659423545	2507.038260757881	-2125.422649532923	1243.821805434721	2371.671568179747	-2134.03503333588	1169.204289198193	2512.344790491725	-2399.937384998437	827.0662097354862	2366.579327079296	-2394.313446372165	828.7925283284977	2637.425442855812	-2546.96381490091	934.4667032550768	2442.582750226193	-2530.934278361729	942.9610740038936	2561.927157903115	-2468.288302656027	787.1284318822076	2298.851534204048	-2502.291223314668	796.0772900135729	2693.786522101741	-2306.175239839905	753.8929620699646	2347.229768513434	-2466.547527437087	642.4058061155987	2340.791647651613	-2373.357526387288	725.9630020556685	2290.470980635795	-2205.748754204267	500.4433766935077	2264.737665584536	-2187.650409747368	496.2927194852868	2388.073728297188	-2306.348825112436	389.7152240867409	2268.735241646472	-2241.327781649808	240.3466766386661	2309.607450868868	-2236.027783237456	327.7594475051577	2377.754622924808	-2356.71075835655	108.8824529212908	2285.367833808754	-2326.490330680997	111.3942688076054	2379.271291991426	-2199.423561234804	65.40397518982844	2349.842508514495	-2248.955283445523	54.40766269726802	2234.437242281648	-2420.930370529335	72.44435104837108	2345.53603775788	-2455.748029717166	627.7351896804132	2664.000706800765	-2367.880618965916	713.9632662619057	2720.712075058289	-2297.880667525666	741.4639891050128	2646.879056444301	-2214.211976406198	493.5811344012463	2740.507497997077	-2173.48088994302	493.9934100457373	2616.192762564639	-2241.114844911137	252.7660935499208	2702.66280439448	-2282.209530340898	405.841668372361	2741.472104042793	-2223.018628788836	357.8799448529365	2629.920253548486	-2362.938436884999	104.5153210994957	2711.446832394906	-2325.528244853006	107.9420079944981	2620.706121921789	-2209.275719657726	63.6244520981046	2654.349375791321	-2244.626442775215	61.0618951517726	2761.012014665562	-2429.564292140209	73.6802931801892	2656.487359614615	
58	1.195	-2206.38335583849	1306.220729781536	2507.181828141758	-2123.432815019109	1236.605826966806	2372.121658246514	-2132.946021406033	1162.048095218161	2512.455437853867	-2402.267642260942	823.1442091732623	2366.543858577857	-2396.259054749114	824.3611602495436	2637.288535664004	-2548.658787603213	930.8316410938762	2442.817276849349	-2532.364485161705	939.0444664321039	2562.080953224031	-2470.718511066343	784.2561824359564	2298.431162386905	-2504.223783360034	792.6597060903613	2694.250965948941	-2308.888083115397	752.3837304352049	2347.060675514863	-2468.060555054573	639.4074993693314	2340.4958018793	-2375.602422290997	723.8821030728634	2290.160759682768	-2205.83504938255	500.1292181226012	2264.103770487971	-2187.485355753545	496.0954333129824	2387.430779707596	-2306.183141933351	389.528800590457	2268.306675050518	-2241.236419377031	240.1874554076082	2309.30324191813	-2235.756252650759	327.6497087138638	2377.326147088458	-2356.719743795841	108.8443958161615	2285.364078692371	-2326.46877613719	111.4055547294532	2379.241002265157	-2199.434189029765	65.41560858017492	2349.803297338394	-2248.968540136756	54.38565309419945	2234.394859371801	-2420.921826364735	72.42112224080984	2345.554621747259	-2456.787586674323	624.5870821698624	2664.267512576117	-2369.71479966121	711.7815241419463	2720.899057497175	-2300.136184020512	739.8995308756442	2646.988588642825	-2214.017438187685	493.1492502099745	2741.070907471715	-2172.975001448303	493.7906967372082	2616.789772566896	-2240.935552778042	252.5432498257299	2702.991362332788	-2281.840115029872	405.5515207178973	2741.940492198692	-2222.510411294474	357.6958088916038	2630.400706342775	-2362.92471482617	104.4423289684353	2711.404813652336	-2325.481669065924	107.939578162933	2620.699528884439	-2209.296871609013	63.62737475939756	2654.424060405056	-2244.646114530232	61.0523426987682	2761.064583833179	-2429.558710364953	73.68071825145692	2656.449595937727	
59	1.2	-2204.706750913942	1299.605381213101	2507.324962850793	-2121.493469336728	1229.456758316455	2372.571031130549	-2131.90280947881	1154.955005862166	2512.562271280611	-2404.535140478791	819.2909396806357	2366.513674486284	-2398.143232541882	819.9757311353527	2637.134185386209	-2550.304529727267	927.2201435780988	2443.046358096954	-2533.74815434069	935.1479952907338	2562.226321043313	-2473.076006949454	781.423744266589	2298.015011156175	-2506.088848438381	789.277294988143	2694.697734081216	-2311.562251919026	750.8622177835466	2346.974861658683	-2469.530343328301	636.4576627877442	2340.199768407189	-2377.779356315481	721.8244198160509	2289.896790105232	-2205.906806445069	499.8248380633801	2263.557137576836	-2187.344993235964	495.895444482124	2386.879402426339	-2306.016840101204	389.3517830687681	2267.944172424826	-2241.142672893172	240.0349240944058	2309.042004761478	-2235.493682588076	327.5355612359249	2376.957273706014	-2356.726770727502	108.812779869153	2285.37041479729	-2326.447353599141	111.4110533337713	2379.223124520864	-2199.443561116669	65.4244951637035	2349.770570336868	-2248.979820806013	54.36685716752715	2234.361544568991	-2420.910977676801	72.40063696327937	2345.576842166619	-2457.7968940425	621.4778718914882	2664.52044997365	-2371.501357013679	709.6176538146174	2721.047845585344	-2302.369486598905	738.3184563673972	2647.028256367217	-2213.829102649572	492.7336617534297	2741.584670152751	-2172.504593558008	493.5865622884472	2617.335089378216	-2240.762833402518	252.3338860490649	2703.295014666596	-2281.483651121522	405.2775252137242	2742.366185249497	-2222.021598683908	357.5170886697146	2630.84517180563	-2362.91070353852	104.3770287123203	2711.360333180155	-2325.436301092119	107.9380023519687	2620.689089011765	-2209.318621034505	63.63022198682452	2654.494495999699	-2244.664936133511	61.04387451519968	2761.113536942408	-2429.553318119717	73.68254971480857	2656.412101099073	
60	1.205	-2203.068993443401	1293.038806818536	2507.46760892066	-2119.606365013141	1222.379516075197	2373.018903157527	-2130.90592868858	1147.928876649606	2512.665411355059	-2406.738779612496	815.5061220347513	2366.488442815812	-2399.964890544837	815.6378764828964	2636.963186995255	-2551.900832176583	923.6334589736916	2443.269693470032	-2535.085389682495	931.2740562699329	2562.363167830416	-2475.358363797465	778.6303653453537	2297.60413432484	-2507.88539080864	785.9317127714411	2695.126478417826	-2314.194231156092	749.3286486766838	2346.973546267582	-2470.954661813843	633.5553637958332	2339.90354896848	-2379.885273420354	719.7903647832412	2289.679178914905	-2205.959956522334	499.5295598165442	2263.098217386401	-2187.225777858991	495.6915630753403	2386.42044901757	-2305.847095765916	389.1838926310006	2267.648005798802	-2241.045034975175	239.8884537793984	2308.824056812523	-2235.237939569889	327.4161695544161	2376.648508780258	-2356.731467177242	108.7876553927281	2285.386723888011	-2326.426142703865	111.4105856927062	2379.21766096463	-2199.451612109571	65.43034850557358	2349.744407385216	-2248.989077179073	54.35126779916224	2234.337283949875	-2420.897741631531	72.38305783242262	2345.602598374457	-2458.775444368855	618.408749292124	2664.762482377125	-2373.238003227219	707.4726938663903	2721.159553295646	-2304.577600446464	736.7210362826169	2646.999265688026	-2213.643794899067	492.3335938790401	2742.049622383659	-2172.068255684849	493.3795909021075	2617.828519496065	-2240.595505289265	252.1369713988389	2703.57368185766	-2281.137465623142	405.018655311964	2742.750391233639	-2221.551491382345	357.3430516516335	2631.253476527122	-2362.896206091822	104.3191825411523	2711.313923804456	-2325.392509699742	107.9370420068523	2620.675298923071	-2209.340595660223	63.63301019505018	2654.560106907884	-2244.682827115803	61.03636427182144	2761.158544992488	-2429.547967644783	73.68555241457931	2656.375235255357	
61	1.21	-2201.470312841337	1286.524964209342	2507.609642278847	-2117.773193782162	1215.378584150573	2373.464385323512	-2129.955602400667	1140.973292502393	2512.764812035843	-2408.877717175863	811.788950322421	2366.467771507489	-2401.723267138592	811.3490331643636	2636.77667616448	-2553.44777054737	920.0723769487786	2443.487005651807	-2536.376609198184	927.4247201257326	2562.491449734753	-2477.563847747254	775.8746579383513	2297.199522572563	-2509.612749164823	782.6242529200802	2695.53705487492	-2316.780644132605	747.7831809676138	2347.055797448366	-2472.331468482701	630.6990086672869	2339.607640114057	-2381.917976713863	717.7796225486094	2289.506959741854	-2205.990944273672	499.2425545623981	2262.726083296475	-2187.123767483811	495.4827804666737	2386.053333175637	-2305.671339717638	389.0247549283101	2267.417487508512	-2240.942136028612	239.7474039116426	2308.649012668123	-2234.986786774759	327.2908207723074	2376.399436222119	-2356.73349409129	108.7690028857232	2285.412782577694	-2326.4052190974	111.4040727516284	2379.224441328101	-2199.458289347754	65.43292226980266	2349.724786299228	-2248.996297578635	54.338823409218	2234.321916233983	-2420.882068303697	72.36852078327037	2345.631761093954	-2459.722793287753	615.3805272977436	2664.996463279404	-2374.922945468344	705.3473942378356	2721.235816965048	-2306.757807996571	735.1076100573533	2646.90381696955	-2213.458665752442	491.9481731735969	2742.467372548456	-2171.664162235907	493.1685755972377	2618.270752619952	-2240.432417298583	251.9514260970795	2703.827714860763	-2280.799100620763	404.7737649917387	2743.094801980248	-2221.099105684282	357.1729732324002	2631.626045573561	-2362.881020360438	104.2684797045733	2711.266030262611	-2325.350568559337	107.9364898121578	2620.658687171032	-2209.362407627217	63.63575539151565	2654.620422289118	-2244.699723402909	61.02968098604059	2761.199363587988	-2429.542485936456	73.68953783677634	2656.339306177379	
62	1.215	-2199.910920500421	1280.067587274869	2507.750869846422	-2115.995546528259	1208.458023380015	2373.90649739431	-2129.051733024044	1134.091582575421	2512.860251276338	-2410.951399001049	808.1381567874033	2366.451228400188	-2403.417937672245	807.110424694952	2636.576089292231	-2554.945712332862	916.5372661528268	2443.698053148954	-2537.62252831406	923.601727224967	2562.611185692139	-2479.691438748052	773.154661466071	2296.802092041272	-2511.270640595958	779.3558158251709	2695.929502690872	-2319.318292712688	746.2259230266111	2347.218710810847	-2473.658948456402	627.8864267028608	2339.312955954784	-2383.876106330285	715.7912154289688	2289.378211107533	-2205.996759516863	498.9628599198085	2262.438507290133	-2187.034735859002	495.2682732743044	2385.776102851315	-2305.487285291051	388.8739085843617	2267.2510169499	-2240.832764309708	239.6111332340053	2308.515827745123	-2234.737951721536	327.1589371228631	2376.208769183227	-2356.732551622864	108.7567322204255	2285.448268173623	-2326.384657266532	111.3915341919953	2379.24313620947	-2199.463555378354	65.43201609835162	2349.711591796779	-2249.001505983558	54.32941332197818	2234.315145657746	-2420.86394611985	72.35712890773169	2345.664176844776	-2460.638537752936	612.3936145543407	2665.225036719945	-2376.554906666337	703.2421848147804	2721.278758974948	-2308.907653058395	733.4785853168327	2646.74507760265	-2213.27120374123	491.5764339824563	2742.840246803458	-2171.29004182881	492.9525357717827	2618.663335645813	-2240.272444792992	251.7761407292489	2704.057878069677	-2280.466332285509	404.5416212999912	2743.401526302634	-2220.663133592753	357.0061264730692	2631.963887196302	-2362.864932606581	104.2245542273662	2711.216994891154	-2325.310639364402	107.9361750572614	2620.639793433294	-2209.383665993159	63.6384698190022	2654.67508805408	-2244.715575889992	61.02369362303641	2761.235839313901	-2429.536673376973	73.69437317721932	2656.304557180764	
63	1.22	-2198.391000417982	1273.670196216609	2507.891032539983	-2114.27487051516	1201.621482997603	2374.344184450601	-2128.19389581512	1127.28683205101	2512.951331478066	-2412.959580745236	804.5520837124188	2366.438363067698	-2405.048814742167	802.9230517608012	2636.363111321891	-2556.395315753139	913.0281229131351	2443.9026443444	-2538.824136185549	919.8064890919319	2562.722472233133	-2481.740826037385	770.4679294042007	2296.412676029513	-2512.859161604865	776.1268837625437	2696.304021078715	-2321.804198829917	744.65695375997	2347.457648970266	-2474.935547314336	625.1149751916558	2339.02072867458	-2385.759095725423	713.8235988490638	2289.290200435147	-2205.974958583634	498.6894046160929	2262.232061925674	-2186.954294364107	495.0474034101122	2385.585539217948	-2305.292950931787	388.7308155013137	2267.146144812698	-2240.715883191127	239.479010218386	2308.422853423824	-2234.489194402977	327.0200855022445	2376.074415942738	-2356.728384296235	108.7506825665548	2285.492765129748	-2326.364532136738	111.3730858014624	2379.273271800175	-2199.467390051171	65.42748058209463	2349.704625314019	-2249.00475993363	54.32288357440476	2234.316556584578	-2420.843405705012	72.3489474323904	2345.699672430759	-2461.522296362264	609.4480011805753	2665.450552976086	-2378.133130042942	701.1571568380224	2721.290938688445	-2311.024933974688	731.834436615819	2646.52712973112	-2213.079239006526	491.2173254455433	2743.171216980609	-2170.943164631368	492.7307254585012	2619.008622653342	-2240.11448830891	251.6099944461894	2704.265321712305	-2280.137182558621	404.3209351065049	2743.673022828434	-2220.241920602156	356.841772527503	2632.268561265102	-2362.847712944729	104.1870019434097	2711.16705053576	-2325.27276072897	107.9359673113322	2620.619150221557	-2209.403988908646	63.64115903294451	2654.723875237209	-2244.730348891504	61.01827510814199	2761.267913300098	-2429.530304096608	73.69998690670887	2656.271158347865	
64	1.225	-2196.910699848525	1267.336105559926	2508.029812378056	-2112.612426259704	1194.872213743187	2374.776335707937	-2127.381339896101	1120.561890890897	2513.037490066286	-2414.902338733985	801.0287594999354	2366.428730105095	-2406.616140350392	798.7876905970227	2636.139614476032	-2557.797520017723	909.5446290361749	2444.100652033933	-2539.982666794084	916.0400979173337	2562.825498934259	-2483.712379021784	767.8116357921801	2296.032020139574	-2514.37877849299	772.9375033748958	2696.660944516781	-2324.235645153307	743.0763445879744	2347.766524619025	-2476.159997663664	622.3816590861585	2338.732395171385	-2387.567109350929	711.8747791005828	2289.239544981161	-2205.923674929785	498.4210377671143	2262.102243798723	-2186.878015467467	494.8197144556117	2385.477276890914	-2305.086676783005	388.5948727284146	2267.099652062956	-2240.590644384403	239.3504226671003	2308.367901036437	-2234.238371796434	326.8739834928489	2375.99355725335	-2356.72078462285	108.7506233056554	2285.545772261499	-2326.344918939289	111.3489354292923	2379.314245793573	-2199.469792034798	65.4192209747212	2349.7036152687	-2249.006147474408	54.31904304062546	2234.325629048058	-2420.820521659254	72.34400024452572	2345.738059503583	-2462.373692821014	606.543258807337	2665.67500248529	-2379.657366944828	699.0920589199346	2721.275292307266	-2313.107687393685	730.1757039207189	2646.254892755029	-2212.880939522609	490.8697199842542	2743.463812139905	-2170.62035093507	492.5026324845032	2619.309700764748	-2239.957474934013	251.4518717778539	2704.451543575957	-2279.809923536955	404.1103890878658	2743.912034029423	-2219.833464725453	356.6791535809529	2632.542131039253	-2362.829112976645	104.1553962729812	2711.116320544032	-2325.236843254548	107.9357782352706	2620.59726716873	-2209.423015069969	63.64381937728547	2654.766684272234	-2244.744018521189	61.01330567559275	2761.295621687695	-2429.523128116638	73.70637061218569	2656.239201327533	
65	1.23	-2195.470119965485	1261.068430075968	2508.166843642205	-2111.009246527628	1188.213082500855	2375.201805450722	-2126.61299646546	1113.919379803773	2513.118019893862	-2416.780069490761	797.5659762977591	2366.421913297462	-2408.120471496037	794.7049010210579	2635.907591685532	-2559.153527340761	906.0862164328887	2444.292027274049	-2541.099566661788	912.3033448150459	2562.920563118053	-2485.607095945802	765.1826957210345	2295.660781038846	-2515.83030837718	769.7872779118488	2697.000717951668	-2326.610212640346	741.4841825118624	2348.138109192782	-2477.331337998154	619.6832587241634	2338.449478724504	-2389.300966152868	709.9424452960716	2289.222380584906	-2205.841618723788	498.1565610825052	2262.043613453031	-2186.801552044381	494.5849245071453	2385.445940556832	-2304.867134796829	388.4654254634503	2267.107640738952	-2240.456396131675	239.2247862081531	2308.348312095665	-2233.983495169034	326.7205015036109	2375.962732230315	-2356.709594839758	108.7562561645095	2285.606710910625	-2326.325890998698	111.3193775905254	2379.365344384097	-2199.47077958087	65.40719938405917	2349.708227436662	-2249.005783385328	54.31766979895756	2234.341754539578	-2420.795411952749	72.34226825412669	2345.779139196512	-2463.192343516065	603.6785560358514	2665.899969670993	-2381.127848579506	697.046308590198	2721.235063720106	-2315.154164966947	728.5029914072587	2645.934021402263	-2212.674800527028	490.532423870087	2743.722015567768	-2170.318002712056	492.2679694014463	2619.570292839379	-2239.800362359519	251.3006779206148	2704.61834037804	-2279.483074955855	403.9086624034001	2744.121522297283	-2219.435438621743	356.517489835652	2632.787098651466	-2362.808865778427	104.129302377758	2711.064825294379	-2325.202670830229	107.9355614558723	2620.574617745288	-2209.440414079404	63.64643585721887	2654.803544817069	-2244.756571052469	61.00867551910343	2761.319092871604	-2429.514875216515	73.71357716448803	2656.208697854503	
66	1.235	-2194.069306515227	1254.870088763443	2508.301727739031	-2109.46609983501	1181.646588434906	2375.619435914455	-2125.887493954206	1107.36169390369	2513.19209857444	-2418.593478077983	794.161366875171	2366.417549946834	-2409.56266114927	790.6750449561063	2635.669088801848	-2560.4647775417	902.6521361322067	2444.476811243848	-2542.176461037233	908.5967472684321	2563.008082208991	-2487.42653380822	762.5778934144071	2295.299528782922	-2517.214892937105	766.6753715077967	2697.323873076619	-2328.925812737542	739.8805934349739	2348.564349694695	-2478.448923237348	617.0164588687013	2338.173474322457	-2390.962053455251	708.0241071375141	2289.234529411212	-2205.728065413238	497.89476228158	2262.04994663112	-2186.720747410669	494.3429156852425	2385.485293250977	-2304.633332062171	388.3417806711315	2267.165633545145	-2240.312685623382	239.1015515318761	2308.361032385463	-2233.722777301372	326.5596608137505	2375.977930203057	-2356.694706582617	108.7672187683548	2285.674934242036	-2326.307515280129	111.2847867743211	2379.425760307928	-2199.470390401716	65.39143528416044	2349.718075191317	-2249.003804922254	54.31851768066375	2234.364251534647	-2420.768234820667	72.34368973531679	2345.822706787809	-2463.977850035901	600.852689673529	2666.126607048403	-2382.545243264509	695.0190193207652	2721.173728584472	-2317.162805849593	726.8169672287714	2645.570781294278	-2212.459628450898	490.2041905841585	2743.950149397635	-2170.032158378002	492.0266576205016	2619.794639139911	-2239.642145392528	251.1553524833744	2704.767749608674	-2279.155395562905	403.7144519752676	2744.30460824735	-2219.045234997971	356.3559816824339	2633.006325527625	-2362.786688293299	104.1082894986395	2711.012494364729	-2325.169907942231	107.9353104797985	2620.551628141372	-2209.455895375647	63.64898044705664	2654.834611003447	-2244.768001307067	61.00428675444414	2761.338541552552	-2429.505260363147	73.72171551095653	2656.179581976538	
67	1.24	-2192.708240477211	1248.743807221549	2508.434051072707	-2107.983460550138	1175.174880625499	2376.028081907252	-2125.203179675059	1100.891004698169	2513.2588252542	-2420.343556121918	790.8124789169385	2366.415354494219	-2410.94383670452	786.6983152682667	2635.426139596417	-2561.732916537756	899.2415292222776	2444.655143830281	-2543.215120240265	904.9205857363936	2563.088602145857	-2489.172723786757	759.9940112384262	2294.948752438359	-2518.533967594502	763.6005275731667	2697.631006657946	-2331.180712150886	738.2657650501086	2349.036677853237	-2479.512426735429	614.3779727612275	2337.905745267075	-2392.552235596037	706.1172305777226	2289.271658724348	-2205.582833630439	497.6344481107772	2262.114391979388	-2186.631731783762	494.0937207029433	2385.5883919205	-2304.384607285849	388.2232207735577	2267.268679258475	-2240.159255293094	238.9802103526487	2308.402687904152	-2233.454667637348	326.3916274582922	2376.034686365334	-2356.676058478972	108.7830897820905	2285.749737804999	-2326.289845756784	111.2456095113875	2379.494611851388	-2199.468680593531	65.37200430785984	2349.732729429956	-2249.000367262293	54.32132292726251	2234.392380437075	-2420.739183245227	72.34816263331432	2345.868556320092	-2464.72979728253	598.0641312584661	2666.355628812772	-2383.910601720153	693.0090419983592	2721.094913841726	-2319.132208206076	725.1183648878665	2645.171905119107	-2212.23452094752	489.8837375860656	2744.152749567035	-2169.758569483213	491.7788065681867	2619.987361268199	-2239.481864586409	251.0148817773187	2704.901983204996	-2278.825869539141	403.5264906792864	2744.46451088614	-2218.660033694941	356.1938177129539	2633.202939822108	-2362.762286047965	104.0919414101217	2710.959183176349	-2325.138112528216	107.935054658949	2620.528668028057	-2209.469215455465	63.65141089951945	2654.860152226058	-2244.778311126174	61.00005475321019	2761.354259784347	-2429.493990444998	73.73094258567689	2656.151715805398	
68	1.245	-2191.386828801189	1242.692118868904	2508.563404916179	-2106.561487232393	1168.799777172	2376.426636857303	-2124.558147314807	1094.50926115318	2513.317262804948	-2422.03155106137	787.5168453961652	2366.415140453347	-2412.265377869705	782.7747738042685	2635.180707128492	-2562.959760411686	895.8534973499566	2444.827267781726	-2544.217427547192	901.2749488406599	2563.162800453739	-2490.848076932857	757.4279531893893	2294.608868564738	-2519.78922911566	760.5611028972077	2697.922761627453	-2333.373548452466	736.6399688427166	2349.546298240452	-2480.521833978654	611.7646557096642	2337.647437067486	-2394.073761273465	704.2193644277879	2289.329424161005	-2205.406253213104	497.3744755582676	2262.229630830074	-2186.53100192899	493.8375071143142	2385.747746498034	-2304.120620661862	388.1090169044365	2267.411461111829	-2239.996033141399	238.8603001812081	2308.469661107211	-2233.177874381572	326.2167020503024	2376.128179482364	-2356.653631829138	108.8033957567412	2285.830371399619	-2326.272914899062	111.2023552653688	2379.570962687776	-2199.465722620463	65.3490353928286	2349.751728058083	-2248.995638793987	54.32581085500163	2234.425357774952	-2420.70847730571	72.35554867903753	2345.916485074691	-2465.447757582016	595.3110875117387	2666.587322114689	-2385.225293661075	691.0150189289883	2721.002314739738	-2321.061102940895	723.4079866718056	2644.744433649798	-2211.998844732846	489.5697668361729	2744.334434480672	-2169.492796712479	491.5246898341176	2620.153312735495	-2239.318616586467	250.8783097916069	2705.02335492043	-2278.493689386053	403.3435630417647	2744.604488916609	-2218.276887194697	356.0301886626797	2633.380233758305	-2362.735359989153	104.0798650086948	2710.904692777083	-2325.106753682882	107.9348532870193	2620.506042941488	-2209.480183185417	63.65367014482113	2654.880539810308	-2244.787507995865	60.99590894902934	2761.366605344226	-2429.480771985197	73.74145296253734	2656.124898426058	
69	1.25	-2190.104895365254	1236.717365516562	2508.689406011491	-2105.200010246791	1162.522785626192	2376.814059794603	-2123.950269433967	1088.218190639696	2513.366483028014	-2423.658928701563	784.2720501560279	2366.416839574424	-2413.528895554668	778.9043967131702	2634.934634383709	-2564.147256976378	892.4871705909209	2444.993527546058	-2545.18534963556	897.6597859846049	2563.231482970079	-2492.455285101428	754.8768570972341	2294.280231976749	-2520.982604550746	757.5551182811616	2698.199811379651	-2335.503335333166	735.0035809976179	2350.08444505831	-2481.477428632507	609.1736038689726	2337.399412703425	-2395.529173014059	702.3282523257253	2289.403592837983	-2205.199124522393	497.1137801320328	2262.388035403008	-2186.415481985682	493.5745600083052	2385.955479357699	-2303.841337685575	387.9984413169035	2267.588405605531	-2239.823117773556	238.7414080129019	2308.558166385816	-2232.891373635232	326.035305820094	2376.253330288052	-2356.627444710708	108.8276197124344	2285.916052162163	-2326.256723816619	111.1555862401669	2379.653842318846	-2199.461602453449	65.3227064575126	2349.774584920084	-2248.989796360769	54.33170238427589	2234.462369611232	-2420.676354834643	72.36567904839046	2345.966297779289	-2466.131300881711	592.5915725297613	2666.821573429222	-2386.490939365783	689.0354477599881	2720.899611397727	-2322.948332556914	721.6867093135226	2644.295546791825	-2211.752212856495	489.2609889969735	2744.499771360263	-2169.230321450776	491.2647202195851	2620.297421409964	-2239.151565769573	250.7447479937257	2705.134203687795	-2278.158236812621	403.1645191797768	2744.727782329262	-2217.892819862932	355.8643067518171	2633.541554477174	-2362.705615142109	104.0716971039678	2710.848791362986	-2325.075233282846	107.9347880365272	2620.483988079134	-2209.488663086417	63.6556863816617	2654.896230091801	-2244.795603918177	60.99179323440524	2761.375987878702	-2429.465319476888	73.75346695208634	2656.0988774342	
70	1.255	-2188.862172373157	1230.821697784914	2508.811716470853	-2103.898528991107	1156.345124455147	2377.189402516557	-2123.377233978829	1082.019300571784	2513.405612255369	-2425.227331530601	781.0757882257311	2366.420517108574	-2414.736212770263	775.0871245131177	2634.689606222093	-2565.297446847275	889.1417707700092	2445.154362321375	-2546.120910243659	894.07496571893	2563.295573745994	-2493.99722201039	752.3381908967157	2293.963148101225	-2522.116223960988	754.5803254546931	2698.462847446033	-2337.569457025253	733.3571021361051	2350.642600786206	-2482.379772035027	606.6022352300832	2337.162211302376	-2396.921221544307	700.4419260982581	2289.490143704976	-2204.962670579921	496.8514003797255	2262.581822596018	-2186.282564806275	493.3052639422228	2386.203482659702	-2303.547007771167	387.8907786850661	2267.793789600875	-2239.640759312067	238.6231729795676	2308.664324166445	-2232.59440668076	325.8479633763645	2376.404899496883	-2356.597544982152	108.8552113629725	2286.005978629112	-2326.241231752164	111.1059062450346	2379.74226679059	-2199.456416019772	65.29323886728456	2349.800798064921	-2248.983020540577	54.33872025108232	2234.50258423709	-2420.643060936734	72.37836123983362	2346.017810403064	-2466.780010720393	589.903488831752	2667.057906870305	-2387.709339984141	687.0687522339002	2720.790387052068	-2324.792837434492	719.9554916864369	2643.832390523821	-2211.494462757952	488.9561507640326	2744.653144668438	-2168.966668283128	490.9994253548665	2620.424529692901	-2238.979956748463	250.6133840252025	2705.236815618031	-2277.819063119685	402.9882877024098	2744.837553560254	-2217.504935194013	355.6954292619993	2633.690192546704	-2362.672770717232	104.0671095133793	2710.791236173963	-2325.042910377304	107.9349541177353	2620.462663343978	-2209.494576565437	63.65737394882675	2654.907744603872	-2244.802614625683	60.98766605267296	2761.38285337728	-2429.447363990892	73.76721786723127	2656.073362448832	
71	1.26	-2187.658292473955	1225.0070757788	2508.930061510167	-2102.6562183174	1150.267745054793	2377.55183585565	-2122.836583700818	1075.913881484184	2513.433874735036	-2426.738535434922	777.9259206830233	2366.426382089791	-2415.88934795296	771.322913985607	2634.447123699462	-2566.412425977409	885.8166686604701	2445.310293372779	-2547.026167345772	890.5203377141062	2563.35609821872	-2495.476849003455	749.8098297626501	2293.657886164784	-2523.192398577808	751.6342887832665	2698.712570474963	-2339.571652226507	731.7011758140762	2351.21267348528	-2483.229677633064	604.0483513186002	2336.936030303129	-2398.252787176184	698.5587782698121	2289.585344574932	-2204.698483779149	496.5864981631976	2262.803201350523	-2186.130134456813	493.0300848376129	2386.483571666193	-2303.238138763217	387.7853362201467	2268.021844017459	-2239.44933767542	238.5052879473562	2308.784233334184	-2232.286467369293	325.6552829305031	2376.577584550892	-2356.564002757807	108.8855987363904	2286.099345377915	-2326.226345716172	111.0539488248691	2379.835259223479	-2199.4502651667	65.26089100543548	2349.829857244334	-2248.975491036174	54.34659470234714	2234.545164278127	-2420.608837021539	72.39338679557743	2346.070853347981	-2467.393505235152	587.2447138759038	2667.295531043453	-2388.882410125781	685.1133564390408	2720.678050261396	-2326.593650996201	718.2153840041994	2643.36190596624	-2211.225636101576	488.6540643312298	2744.798631117917	-2168.697533150676	490.7294251838149	2620.539238566767	-2238.803127300474	250.4834892579389	2705.333347510159	-2277.475870415026	402.8138881278327	2744.936827861899	-2217.110524743182	355.5228846317048	2633.829272599013	-2362.636571224623	104.0658125734658	2710.731794518633	-2325.009127046875	107.9354507025801	2620.442149535204	-2209.497901175382	63.65863501293614	2654.91564820835	-2244.808559217694	60.98350026036815	2761.387667600327	-2429.426661740501	73.78293915637148	2656.048039870506	
72	1.265	-2186.49278193502	1219.275270331501	2509.04424363722	-2101.471943000737	1144.291353699662	2377.900673617381	-2122.325757331218	1069.903012153446	2513.450631365455	-2428.194407411819	774.8205240454906	2366.434791713395	-2416.990500572272	767.6117888828608	2634.208490827767	-2567.494311395582	882.5114338944389	2445.461906244637	-2547.903193814771	886.9957958439538	2563.414160287281	-2496.897129538344	747.2901125362224	2293.364692400924	-2524.213605003656	748.7144790195437	2698.949684218856	-2341.509988653208	730.0366056258047	2351.787132933403	-2484.028182163031	601.5101795952326	2336.720729412836	-2399.526809645929	696.6776131485624	2289.685807017732	-2204.408469037518	496.3183745362472	2263.044512286338	-2185.956571716124	492.7495524137806	2386.787632586171	-2302.915468563803	387.681452697602	2268.266852930191	-2239.249339842642	238.3875000386262	2308.91404180515	-2231.967282128033	325.4579349111397	2376.766114342178	-2356.526902973892	108.918200799379	2286.195357703034	-2326.211911103926	111.0003649242665	2379.931869582054	-2199.443253379227	65.22595128626448	2349.861250580386	-2248.967382266269	54.35506850608022	2234.589278346606	-2420.573910073999	72.41053943063181	2346.125273779724	-2467.971462110856	584.6131883724964	2667.533391086243	-2390.012115851595	683.1677591589053	2720.565763352666	-2328.349904260951	716.467537736516	2642.890666833226	-2210.94596098816	488.3536376219672	2744.939885607283	-2168.418911498554	490.455412173525	2620.645761618259	-2238.620521273936	250.3544250861561	2705.425754857498	-2277.128494745132	402.6404431142373	2745.0284330478	-2216.707172351996	355.3460989643509	2633.961650592321	-2362.596798101537	104.0675571633237	2710.670262861028	-2324.973234420517	107.9363712438183	2620.422445691747	-2209.498668100735	63.65936202843411	2654.920526120409	-2244.813460247045	60.97928280802703	2761.390899141775	-2429.403002331918	73.8008520300766	2656.022588122909	
73	1.27	-2185.365055227863	1213.627865029343	2509.154152140275	-2100.344278528208	1138.416432766732	2378.235392511658	-2121.84213137088	1063.987567154611	2513.455411664969	-2429.596866628493	771.7579342305968	2366.446249155525	-2418.042038407543	763.9538865920556	2633.974812914101	-2568.54521150064	879.2258768298792	2445.609829046892	-2548.754061258996	883.5013396523713	2563.470914388676	-2498.260955676828	744.777877504925	2293.08380247209	-2525.182474984195	745.8183752327305	2699.174892015519	-2343.384830033645	728.3643706516685	2352.359108607224	-2484.776515514955	598.9863978969905	2336.515853258833	-2400.746227228393	694.7976774233783	2289.788521645642	-2204.094785247911	496.0464813804302	2263.298358830218	-2185.760745403327	492.464243538173	2387.107763836284	-2302.579935120395	387.5785066224281	2268.523247301851	-2239.041337654112	238.2696101186066	2309.050015012059	-2231.63678536636	325.2566299842763	2376.965341222019	-2356.486338664917	108.952440576919	2286.29324570372	-2326.197704188657	110.9458103952527	2380.03119305739	-2199.435481514987	65.18873094778129	2349.894470409899	-2248.958859276803	54.36390117198125	2234.634112338838	-2420.538482916074	72.42960306717104	2346.180936797849	-2468.513646126997	582.0070026433698	2667.770222859403	-2391.10042063696	681.2306050201203	2720.456379176636	-2330.060839294645	714.7132153113713	2642.424731151748	-2210.655836746449	488.053903635667	2745.080041983678	-2168.127220648941	490.1781346514786	2620.747794767678	-2238.431701034384	250.2256478007983	2705.5157272974	-2276.776891933905	402.4671905141872	2745.114939352403	-2216.292847691849	355.1646206920333	2634.089821938224	-2362.553281323758	104.0721352986627	2710.606483121596	-2324.934617662558	107.9377942963662	2620.403467748939	-2209.496958167469	63.65944085537127	2654.922960860711	-2244.817344218129	60.97501426363036	2761.393002846415	-2429.376216457662	73.82115409720528	2655.996692627711	
74	1.275	-2184.274411395117	1208.066259152745	2509.259767063661	-2099.271536186359	1132.643260614468	2378.555646413376	-2121.383061401536	1058.168227005164	2513.447937316994	-2430.947850763746	768.7367850665781	2366.461394515009	-2419.046485530525	760.3494982460732	2633.747004847627	-2569.567201728964	875.9600819991111	2445.754708432417	-2549.580826487519	880.0371314027537	2563.527534068417	-2499.571088965778	742.2724790528628	2292.815452381326	-2526.101789342912	742.943570166662	2699.388895047608	-2345.196797859626	726.6856388817473	2352.922454638781	-2485.476071156495	596.4761433207543	2336.320668714353	-2401.913925433427	692.9186724328353	2289.89087719448	-2203.759786782867	495.7704291968949	2263.557729393771	-2185.541993083042	492.1747666781926	2387.436409769384	-2302.23264595063	387.4759238182094	2268.785692965922	-2238.825967478422	238.151471380778	2309.188601872941	-2231.295093093673	325.052097488429	2377.170329624223	-2356.442405526441	108.9877581895231	2286.392277156487	-2326.183427418944	110.8909336814858	2380.132386457398	-2199.427043823225	65.1495569512998	2349.929018392423	-2248.950074111117	54.37287235003667	2234.678880447399	-2420.50272617465	72.45036924008781	2346.237725171581	-2469.019937805694	579.4244773916565	2668.004606711256	-2392.149241218341	679.3007493984601	2720.352387863943	-2331.725830133953	712.953798654522	2641.969512368369	-2210.355821138945	487.7540471044986	2745.221631887596	-2167.819410833276	489.8983832491555	2620.848406749137	-2238.236359034171	250.096711933795	2705.604634237841	-2276.421126590631	402.2934949985772	2745.198600717052	-2215.865984007134	354.9781412495229	2634.215844216878	-2362.505910453204	104.0793793334717	2710.540355600416	-2324.892718943078	107.9397753345686	2620.385048818069	-2209.492896727939	63.65875439549617	2654.923510194558	-2244.820242393335	60.97070817306032	2761.394404307654	-2429.346182788683	73.84400939082794	2655.970059822001	
75	1.28	-2183.220032557438	1202.59167160897	2509.361157278413	-2098.251790472917	1126.971929604179	2378.861273624032	-2120.945921890215	1052.445490808239	2513.428136218763	-2432.249289048949	765.7560411517447	2366.480988932174	-2420.006509822702	756.7991002503626	2633.525807139777	-2570.562305809679	872.7144330830663	2445.897185127244	-2550.385519882065	876.6035460236478	2563.585178834508	-2500.830117129934	739.773787810661	2292.55988729096	-2526.974474003341	740.0878737258885	2699.592391494419	-2346.946730509629	725.0017781162882	2353.471788168921	-2486.128378752238	593.9790086290934	2336.134212490681	-2403.032695201422	691.0407511196302	2289.990667218733	-2203.405966627198	495.4899916087234	2263.816110291137	-2185.300095031488	491.881747518187	2387.766485952685	-2301.874848231772	387.3731847079826	2269.049172755582	-2238.603912767189	238.0329872524041	2309.326497553225	-2230.942477455597	324.8450652242116	2377.376440571594	-2356.395198253365	109.0236232215383	2286.491768620585	-2326.168708409185	110.8363640197813	2380.234682066273	-2199.418024498307	65.10876529700414	2349.96441002705	-2248.94116277584	54.38178443442654	2234.722835942914	-2420.466772561349	72.47264337891858	2346.295537478882	-2469.490361594719	576.8642355412785	2668.235018753335	-2393.160414499098	677.3773144756537	2720.255874828725	-2333.344408981895	711.1907956831766	2641.529673893413	-2210.046619499234	487.4534266866075	2745.366524184047	-2167.49305982691	489.6169800731396	2620.949954429051	-2238.034328103399	249.9672720339751	2705.693482984402	-2276.061364403234	402.1188587925641	2745.281299340805	-2215.425536132358	354.786509958566	2634.341277465648	-2362.454644552804	104.0891598307599	2710.471848204612	-2324.847057614114	107.9423399121803	2620.366941475617	-2209.486647759256	63.6571866369995	2654.922687063293	-2244.822191771106	60.96639021275151	2761.395486113943	-2429.312833797928	73.86954002595478	2655.942429624023	
76	1.285	-2182.200984891139	1197.205145866828	2509.458472709209	-2097.282907179449	1121.4023618969	2379.152296383893	-2120.52814354182	1046.819691067671	2513.396146653348	-2433.50308283486	762.8150245594733	2366.505892314201	-2420.924908795347	753.3033757696236	2633.311807191071	-2571.532482250091	869.4896295934205	2446.03787087414	-2551.17013485289	873.2012115708623	2563.644961211129	-2502.04042700705	737.2821775940948	2292.317367831724	-2527.803595675863	737.2494091697141	2699.786075614812	-2348.63564244594	723.3143636813688	2354.002507971967	-2486.735080232914	591.4950295015285	2335.955344712247	-2404.105200255489	689.1645030882252	2290.086088197641	-2203.035902483263	495.205107190686	2264.067589037078	-2185.035245207274	491.5858157953034	2388.091495021497	-2301.507900271788	387.2698314809938	2269.309062804703	-2238.375890196348	237.9141088850434	2309.4607021112	-2230.579344666577	324.6362414260871	2377.579411202156	-2356.344809006411	109.0595458886931	2286.591094365735	-2326.153103357599	110.7827004831528	2380.337398531831	-2199.408494984422	65.06669502920644	2350.000178744801	-2248.932242921564	54.39046444464834	2234.765281750785	-2420.430713899433	72.49624958103031	2346.35428465248	-2469.925112039271	574.3252622688873	2668.459878121481	-2394.135675918756	675.4597344304864	2720.16849081531	-2334.916294907089	709.4258439947949	2641.109049899028	-2209.729075086469	487.1515911705731	2745.515886695329	-2167.146446938835	489.3347699605399	2621.054025888878	-2237.825590049467	249.8370829007731	2705.782891094776	-2275.697867492752	401.9429309298426	2745.364495777879	-2214.971016268429	354.5897418417561	2634.467144130447	-2362.39952037177	104.101382225243	2710.401001911503	-2324.79724699187	107.9454783817507	2620.348822425735	-2209.478407451924	63.65462704860879	2654.92094236761	-2244.823236098619	60.96209705732903	2761.396576383228	-2429.276160233966	73.89781961684579	2655.913585864042	
77	1.29	-2181.21622235712	1191.90755582744	2509.551931213603	-2096.362570958773	1115.934322840749	2379.428912562752	-2120.127247357613	1041.291010111916	2513.352311928488	-2434.711093874018	759.9134345259334	2366.537035444338	-2421.804592566268	749.8632253347785	2633.10546316933	-2572.479615217341	866.2866955839752	2446.177328405119	-2551.936617548955	869.8310383215355	2563.707915831675	-2503.204193206286	734.7985025820714	2292.088173635013	-2528.592354724535	734.4266969841664	2699.970635886659	-2350.264686088281	721.6251821362273	2354.510799860117	-2487.297910096131	589.0246657573456	2335.782804729454	-2405.133953124256	687.2909311269038	2290.175732430939	-2202.652206925099	494.9158792136382	2264.306947460923	-2184.748022386704	491.2875934665516	2388.40563201726	-2301.133244938164	387.165475236403	2269.561202978736	-2238.142639799922	237.7948324649512	2309.588574035668	-2230.206218427611	324.4262996031117	2377.775428268558	-2356.291328172253	109.0950865793452	2286.68969289728	-2326.136105357813	110.7305021342618	2380.439948481634	-2199.398512199901	65.02368314125066	2350.03587973081	-2248.923412331458	54.39876528543554	2234.805580781025	-2420.394601123159	72.52103363973949	2346.413885108812	-2470.324576525156	571.8069509597453	2668.677589252019	-2395.076648937678	673.5477884418348	2720.091434354834	-2336.441421966521	707.6607111759866	2640.710593929554	-2209.404159824346	486.8482886061052	2745.670171132488	-2166.778603188724	489.0526130329355	2621.161412909332	-2237.610282120412	249.705998336449	2705.873073954844	-2275.330992301748	401.7655143599497	2745.449187178991	-2214.502506519558	354.3880177162557	2634.593909797799	-2362.340658195622	104.1159824599831	2710.327932574719	-2324.743007296093	107.9491423003061	2620.330299798974	-2209.468397488549	63.65097528386998	2654.918651241689	-2244.823426797614	60.95787488738031	2761.397939956278	-2429.236213986276	73.92886850355943	2655.883364308314	
78	1.295	-2180.264593380645	1186.699612495111	2509.641800981575	-2095.488311716821	1110.567431976174	2379.691480143476	-2119.740874667082	1035.859497375155	2513.297166494689	-2435.875139875322	757.0513589230744	2366.575387556289	-2422.648563089691	746.4797663446598	2632.907128035657	-2573.405508633077	863.1069807513278	2446.316055622719	-2552.686856080207	866.4942352726939	2563.774972143538	-2504.323381127789	732.3240678680386	2291.872603943788	-2529.34407291427	731.6187223068125	2700.146751593075	-2351.835118690725	719.9362300335234	2354.993634302798	-2487.818680219136	586.5687790864602	2335.615266224298	-2406.121299286948	685.4214220950493	2290.258578364355	-2202.257482394247	494.6225737757196	2264.529743772142	-2184.439363718413	490.9876843787181	2388.703877949739	-2300.752385393603	387.0598030893307	2269.801961121972	-2237.904919219874	237.6751964978601	2309.707877716637	-2229.823730332478	324.2158667695639	2377.961194354631	-2356.234847366524	109.1298634785751	2286.787071057044	-2326.117157718204	110.6802794627281	2380.541842758729	-2199.388117789076	64.98006049687999	2350.071093602378	-2248.914748279208	54.40656650124545	2234.843165875989	-2420.358447253145	72.54686424502188	2346.474258779556	-2470.689353392837	569.3091335289672	2668.886578777121	-2395.984844622523	671.6416209047279	2720.025446621152	-2337.91996366632	705.8972913988099	2640.336355712341	-2209.072964588205	486.5434678428312	2745.829121267059	-2166.389335788368	488.7713777593884	2621.272113161554	-2237.388700861268	249.5739684960344	2705.963847781801	-2274.961189252939	401.5865702339723	2745.535876405572	-2214.020648702854	354.1816766029769	2634.721484864892	-2362.278264802057	104.1329218057667	2710.252829274519	-2324.684174453863	107.9532425960592	2620.310923207828	-2209.456858150497	63.64614612983554	2654.91610319733	-2244.822823697703	60.95377751349924	2761.399772456065	-2429.193109152608	73.96265078605443	2655.851658018293	
79	1.3	-2179.344850563728	1181.581871272307	2509.728379602996	-2094.657529704307	1105.301171905788	2379.940495742137	-2119.366812509197	1030.525086708223	2513.23141509638	-2436.996996327268	754.2292760944531	2366.621920706491	-2423.459889135986	743.1543218286935	2632.717071632147	-2574.311882101556	859.9521542486239	2446.45447461936	-2553.422668661138	863.1923135671797	2563.846931869845	-2505.399762299897	729.8605958020455	2291.670975264626	-2530.062174175621	728.8249830932597	2700.315087639486	-2353.348276106519	718.249706761533	2355.448760124688	-2488.299269004166	584.1286089545937	2335.451389565478	-2407.06940886443	683.557714326737	2290.333980049909	-2201.854281549726	494.3256166084062	2264.732382392383	-2184.110541861935	490.6866656502048	2388.98208013307	-2300.36686329887	386.9525851362208	2270.028290397002	-2237.663501863938	237.5552791546914	2309.816823895768	-2229.432617978957	324.0055153864844	2378.133985356762	-2356.175464425353	109.1635581269109	2286.882805871523	-2326.095672006858	110.6324871561416	2380.642691371053	-2199.377338439709	64.93614877463962	2350.105430047124	-2248.906307780514	54.41377464342968	2234.877549155122	-2420.322233138169	72.57363241423847	2346.535320476498	-2471.020264480993	566.8320942982025	2669.085327219613	-2396.861669800972	669.7417489425142	2719.970818367674	-2339.352351019959	704.1375982417526	2639.987485565657	-2208.736688282675	486.2372725708298	2745.991803508495	-2165.979226428166	488.4919338682653	2621.38536112122	-2237.161302902097	249.4410359441479	2706.054647499435	-2274.589003269635	401.4062187439815	2745.624554637577	-2213.526613321879	353.9712011565943	2634.849246401496	-2362.212633081842	104.1521810685835	2710.175949466392	-2324.620704660347	107.9576495366636	2620.290196515987	-2209.444041354822	63.64007458932694	2654.913496261497	-2244.821495484735	60.94986417927117	2761.402197286407	-2429.147021219862	73.99907312323478	2655.818419910347	
80	1.305	-2178.455663362249	1176.554739698944	2509.811971123178	-2093.867519664173	1100.134895474213	2380.17656889718	-2119.003013853759	1025.287612961744	2513.15590686758	-2438.078403154029	751.4480455798072	2366.677572471513	-2424.241677033941	739.8883993875268	2632.535499320898	-2575.200367271752	856.8241914647837	2446.592925577469	-2554.145790259431	859.9270771247488	2563.924451840761	-2506.434939496894	727.4101895562803	2291.483616125653	-2530.750157228195	726.0455177399933	2700.476287820105	-2354.805554739398	716.5680005743181	2355.87469634585	-2488.741614296627	581.705747362376	2335.289870257679	-2407.980275248392	681.7018628033746	2290.401656466256	-2201.44507321329	494.025588622215	2264.912170076823	-2183.763145729423	490.385081004967	2389.237017681064	-2299.978239480081	386.8436811090895	2270.23777857306	-2237.419178369866	237.4351957374186	2309.914102047083	-2229.033730546902	323.7957590966465	2378.291697653058	-2356.113289968328	109.1959189026533	2286.976544487693	-2326.071050140723	110.5875181257344	2380.742201419677	-2199.366187229836	64.89225833147361	2350.13853152101	-2248.898128716664	54.42032336589204	2234.908330486586	-2420.285915558318	72.60124932524171	2346.596973110884	-2471.318361457812	564.3765673607148	2669.272396178677	-2397.708441912373	667.8490578896527	2719.9274083884	-2340.739282136544	702.3837539197569	2639.664265014938	-2208.396625079661	485.9300285277882	2746.156658209112	-2165.549604224383	488.2151446802547	2621.499685547562	-2236.928702271673	249.307330580317	2706.144558258778	-2274.215074211336	401.2247359926906	2745.714699715408	-2213.022050712068	353.7571973913776	2634.976078620028	-2362.144138062662	104.1737543770612	2710.097611231207	-2324.552674791997	107.9621944953832	2620.26759310401	-2209.430203707472	63.63272095284454	2654.910935015776	-2244.819519784476	60.94619719609644	2761.405265536473	-2429.098184377578	74.03798521403606	2655.783662510066	
81	1.31	-2177.595633492659	1171.618485473621	2509.892862465386	-2093.115494726875	1095.067831871999	2380.400394118972	-2118.647612293985	1020.146827265072	2513.071606428755	-2439.121074507837	748.70888641212	2366.743208647807	-2424.997037725456	736.6836617044995	2632.362566354228	-2576.072503397472	853.7253539454682	2446.731665043568	-2554.857857528869	856.7006014459113	2564.008032273427	-2507.430378797599	724.9752942771235	2291.310859114159	-2531.411559821946	723.2809124001307	2700.63096713276	-2356.208402277866	714.8936671221234	2356.270722455741	-2489.147709217676	579.3021122096941	2335.129483133632	-2408.855720002757	679.8562024408155	2290.461680544405	-2201.032213888835	493.7232200305224	2265.067356607069	-2183.399063787772	490.0834363291789	2389.466450443863	-2299.588076893966	386.733046487697	2270.428687824502	-2237.172760376331	237.3150963056372	2309.998903508301	-2228.628040568147	323.5870520803045	2378.432883375789	-2356.048454986035	109.2267625337113	2287.068002671786	-2326.042709480829	110.5456986060494	2380.840172398307	-2199.35466589883	64.84868678477348	2350.170077111632	-2248.890231749811	54.42617336304337	2234.935204806488	-2420.249437109677	72.62964280752669	2346.659101356523	-2471.584925675518	561.9437181036218	2669.446452037581	-2398.526408501306	665.9647858981705	2719.894672763822	-2342.081722164819	700.6379752782459	2639.366161592511	-2208.054149356574	485.6222250009936	2746.321569298418	-2165.102495397726	487.9418587252171	2621.612990367245	-2236.691663929292	249.1730636518288	2706.232358825755	-2273.840136346651	401.0425465194422	2745.805291820547	-2212.509028127185	353.5403703789244	2635.100429623555	-2362.073229294072	104.1976427315567	2710.018182980398	-2324.480278946326	107.9666734346338	2620.242573235625	-2209.415599655701	63.6240756892017	2654.908432292899	-2244.816982821242	60.94283961706019	2761.408958659467	-2429.046887080268	74.07918183757697	2655.747455023807	
82	1.315	-2176.76331266582	1166.773244618999	2509.97130054163	-2092.398610868952	1090.099092409842	2380.612722668875	-2118.298931021132	1015.10241064381	2512.979563982642	-2440.126709951055	746.0133420458212	2366.819587760158	-2425.729051141581	733.5418903863493	2632.198387814678	-2576.929731188775	850.6581625671049	2446.870867623592	-2555.560392058618	853.5152021360589	2564.098010160505	-2508.387445626873	722.5586552301625	2291.153030486011	-2532.049915359	720.5322895723693	2700.779703995916	-2357.558317020234	713.229400131394	2356.636865863575	-2489.51959982974	576.9199182821584	2334.969122582594	-2409.697403276258	678.0233090509229	2290.514467060975	-2200.617924594035	493.4193826922596	2265.197158174324	-2183.020468030144	489.7821977286267	2389.669149644662	-2299.197925563625	386.6207377663466	2270.599983479212	-2236.92508527734	237.1951634567507	2310.070934131268	-2228.216659622361	323.3797916221571	2378.556772317267	-2355.981118791335	109.2559738237354	2287.156962431004	-2326.010109609768	110.5072841019653	2380.93648936379	-2199.342767881154	64.80571804045782	2350.199786661916	-2248.882622881967	54.43131225960447	2234.957968021002	-2420.212737140699	72.65875280311796	2346.721566374188	-2471.82146173542	559.5351102933265	2669.606287314114	-2399.316769266909	664.0904991715533	2719.871704007076	-2343.380893378052	698.9025569702385	2639.091905226212	-2207.710698099635	485.3144920715637	2746.483949350219	-2164.640552751587	487.6729007967792	2621.722655017616	-2236.451093348213	249.0385211035373	2706.316574640274	-2273.465016150013	400.8602113134273	2745.894847259363	-2211.989956919144	353.3214978030196	2635.220381521133	-2362.000419797632	104.2238474895842	2709.938071019265	-2324.403821498095	107.9708519203062	2620.214602948041	-2209.400474841442	63.61416393853296	2654.905914192626	-2244.813978626613	60.93985314756077	2761.413193688491	-2428.993466061093	74.12240629541354	2655.709917975581	
83	1.32	-2175.957222099666	1162.019029686957	2510.047471211571	-2091.713992662607	1085.227676774143	2380.814335742887	-2117.955486098216	1010.153985815901	2512.880886171632	-2441.097005438532	743.3632315528361	2366.907329292825	-2426.440729241107	730.4649451013939	2632.043044473	-2577.773384502659	847.6253640413329	2447.010629867804	-2556.254782294974	850.3733951276346	2564.194557174465	-2509.307441876828	720.1632716668914	2291.010437745313	-2532.668703594574	717.8012805948779	2700.923033318237	-2358.856854775272	711.5779943193974	2356.973884083455	-2489.859383405651	574.5616444090715	2334.807839496726	-2410.506838839016	676.2059569911556	2290.560758117398	-2200.204272552766	493.115080168283	2265.301761536438	-2182.629796188742	489.4817923115191	2389.844908549105	-2298.809309042401	386.5069164805631	2270.751350173521	-2236.677020463121	237.0756101742793	2310.130415315556	-2227.800854885271	323.1743232777388	2378.663279211432	-2355.911476585702	109.2835038106908	2287.243269338606	-2325.972779256452	110.4724559742965	2381.031114579381	-2199.330481894312	64.76362145954774	2350.227425193598	-2248.875296452891	54.43575454290635	2234.9765212521	-2420.175762892112	72.68852615218469	2346.784202191597	-2472.029685394284	557.1526608254715	2669.750840625321	-2400.080698676882	662.2280595383006	2719.85727910421	-2344.638256066847	697.1798522186291	2638.839583079234	-2207.36775082207	485.007575199378	2746.640836933542	-2164.166968754929	487.4090628343691	2621.825649769242	-2236.20802216626	248.9040564944141	2706.395538080081	-2273.090627948114	400.678411407085	2745.981470131961	-2211.467514001223	353.1014032862728	2635.333730664117	-2361.926272041434	104.2523639539282	2709.857705429605	-2324.323707108354	107.9744713810071	2620.183173718366	-2209.385059801817	63.60304933014876	2654.903228026569	-2244.810607820744	60.93729642847879	2761.417830645742	-2428.938299078175	74.16735507722318	2655.67121577504	
84	1.325	-2175.175873159433	1157.355737945632	2510.121481016395	-2091.058760806557	1080.452480531895	2381.006020243928	-2117.615984252139	1005.301127160437	2512.77670907794	-2442.033662801379	740.760587474824	2367.006887590989	-2427.134979244898	727.4547199960963	2631.89658525951	-2578.604679939371	844.6298908581666	2447.150975049386	-2556.94226484515	847.2778508221641	2564.297681383627	-2510.191641411066	717.7923448477648	2290.883355663441	-2533.271297854868	715.0899853685676	2701.061441317124	-2360.10564155125	709.9423011096272	2357.283238514121	-2490.16920600135	572.2299951701368	2334.644875668729	-2411.285412717456	674.4070722942228	2290.601604734056	-2199.793157188827	492.8114349069602	2265.382307188418	-2182.229729593373	489.1826117748095	2389.994531690412	-2298.423711937286	386.3918514980595	2270.883193984612	-2236.429465585758	236.9566775694384	2310.178072560049	-2227.382062945588	322.9709478563198	2378.752995418835	-2355.839765861487	109.3093665746203	2287.326830105946	-2325.930341718582	110.4413185247803	2381.124078303834	-2199.317795827362	64.7226508647181	2350.252807560271	-2248.86823834532	54.43954157788372	2234.990873223091	-2420.138479924777	72.71891109632371	2346.846814261043	-2472.211506766222	554.7985847989476	2669.879215947282	-2400.819367354857	660.3795861554679	2719.849915337168	-2345.855481605042	695.4722515412517	2638.606749210214	-2207.026807380021	484.7023087128375	2746.789003015767	-2163.68537649087	487.1510951631781	2621.918661281887	-2235.963590123857	248.7700836361138	2706.467453348061	-2272.717967224718	400.4979274458454	2746.062920624966	-2210.944561535981	352.8809312692437	2635.438074684312	-2361.851381644496	104.2831752190698	2709.77752480449	-2324.240428125595	107.9772562752332	2620.147822033085	-2209.369564211571	63.59083680448287	2654.900152762018	-2244.806976028785	60.93522375725591	2761.422681715197	-2428.881796736368	74.21368356275234	2655.631547686563	
85	1.33	-2174.417788419578	1152.783159536329	2510.193342354267	-2090.430061606668	1075.77230448811	2381.188547772775	-2117.279315582991	1000.543368963846	2512.668174259361	-2442.938396751594	738.207581600192	2367.118533252298	-2427.814568627783	724.5130992062166	2631.759027269429	-2579.424704917287	841.6748149033099	2447.291857700959	-2557.62390618838	844.2313444203024	2564.407232055084	-2511.041321577135	715.4492187912033	2290.772011247656	-2533.860911667123	712.4009229282857	2701.195362818302	-2361.306389618907	708.3251782045209	2357.567056538792	-2490.451258047282	569.9278556674885	2334.479696087622	-2412.034404267691	672.6296802071309	2290.638343158239	-2199.386299844531	492.5096719730136	2265.440850169318	-2181.823164294937	488.8850186219782	2390.119801493214	-2298.042568085732	386.2759189908575	2270.99662932983	-2236.183351633202	236.8386322596156	2310.215111090609	-2226.9618971667	322.7699292963878	2378.827164395108	-2355.766270907263	109.3336348920031	2287.407610867499	-2325.882537173697	110.4138965386413	2381.215469394354	-2199.30470063742	64.68304314513587	2350.275803121446	-2248.861429167358	54.44274165693882	2235.001140623174	-2420.100880935009	72.74985191526497	2346.909180598542	-2472.369009917189	552.4753339162697	2669.990701534363	-2401.533960719965	658.5474131176442	2719.8479326723	-2347.03441951324	693.7821598488027	2638.390545041047	-2206.689364414209	484.3995895656911	2746.925063179873	-2163.199742901979	486.8996986563501	2621.998223646914	-2235.719023704802	248.6370689912262	2706.530463446371	-2272.348101673128	400.3196159393571	2746.136697676104	-2210.424068322884	352.6609249362879	2635.530903158524	-2361.776359735917	104.3162464195413	2709.697960450264	-2324.154549811176	107.9789218392663	2620.108147949533	-2209.354171885573	63.57767411750772	2654.896411496471	-2244.803192013095	60.93368426409118	2761.427521701948	-2428.824393752291	74.26101257364196	2655.591137757687	
86	1.335	-2173.681522422154	1148.30098561301	2510.262962515782	-2089.825098210425	1071.18586623626	2381.362657000487	-2116.944541741956	995.8802121076264	2512.556408179757	-2443.812938698372	735.7064408881004	2367.242343455812	-2428.48209328503	721.6419130167675	2631.630354345378	-2580.234405214906	838.7632952164303	2447.433167118308	-2558.300586035718	841.2367045706668	2564.522906854101	-2511.857788742862	713.1373128751559	2290.676568208503	-2534.440547836025	709.736976365321	2701.325181538258	-2362.460914127204	706.7294345586689	2357.828079102882	-2490.707766794367	567.6582383401558	2334.312019041399	-2412.755008412951	670.8768465378043	2290.672564798235	-2198.9852367037	492.2110988231152	2265.480297729307	-2181.413173630703	488.5893545080961	2390.223421590828	-2297.667249092158	386.1595994604791	2271.093449770472	-2235.939635971394	236.7217630741333	2310.243178613507	-2226.542145129868	322.5715024114675	2378.88764074076	-2355.691324799375	109.3564349066268	2287.485636529782	-2325.829240491696	110.390133342546	2381.30542629201	-2199.291193941122	64.64501632422021	2350.296340098073	-2248.85484719173	54.44544992926048	2235.007546333017	-2420.062992180694	72.78128410277381	2346.971055741159	-2472.504429919001	550.1855313205153	2670.084788583712	-2402.225693670986	656.7340446579991	2719.849521360854	-2348.177060556434	692.1119724144054	2638.187826406622	-2206.356891444669	484.1003524142488	2747.045592460544	-2162.714258651593	486.6555183232635	2622.060850406305	-2235.475612058803	248.5055237412512	2706.58271689769	-2271.982160316561	400.1443831636849	2746.200132926489	-2209.909035743853	352.4422082702464	2635.609689011926	-2361.70181505867	104.3515195118302	2709.619420767233	-2324.066693826514	107.9791821376676	2620.063831795527	-2209.339036748344	63.56375174306949	2654.891685468114	-2244.799365600033	60.93272152689778	2761.432099292711	-2428.766540010559	74.30893559491642	2655.550224329427	
87	1.34	-2172.965681414246	1143.908816479975	2510.330136781334	-2089.241163028665	1066.691813931866	2381.52903928825	-2116.610880248122	991.3111293581663	2512.442504894208	-2444.659036871291	733.259356722781	2367.378202009334	-2429.13995002497	718.8428959252873	2631.510515306628	-2581.034573227499	835.8985206756331	2447.574729493316	-2558.972983652374	838.2967621725485	2564.644260840413	-2512.642396298463	710.8600463362721	2290.597111532394	-2535.012952830984	707.1013351202928	2701.451233581451	-2363.571147308827	705.1577727601868	2358.06959184543	-2490.940984693284	565.424221551378	2334.141843280782	-2413.448357698621	669.1516129315318	2290.706079201513	-2198.591314494893	491.9170808270482	2265.504323861402	-2181.002961231559	488.2959498454886	2390.308936709371	-2297.299053050283	386.043471217117	2271.176082333114	-2235.699292923227	236.6063767814778	2310.264315721019	-2226.124753363094	322.3758794519204	2378.936833101138	-2355.615308426733	109.3779399581911	2287.56099137034	-2325.770473504797	110.369889522908	2381.394128791822	-2199.277282989346	64.60876710161499	2350.31440916824	-2248.848470837641	54.44778796265478	2235.010415434516	-2420.024876967525	72.8131304350502	2347.032177545018	-2472.620128251895	547.9319058645958	2670.161189497023	-2402.895820447623	654.942109451247	2719.852813214129	-2349.285497909246	690.4640502892883	2637.995292938205	-2206.030807837813	483.8055467237901	2747.147239718361	-2162.233228553309	486.4191386988929	2622.103163466875	-2235.234680919621	248.3759953500096	2706.622432202332	-2271.621321159296	399.9731578488738	2746.250492269885	-2209.402430418241	352.2255728376045	2635.671978135318	-2361.628336975402	104.3889087110581	2709.542276634405	-2323.977520441536	107.977758194202	2620.014648279472	-2209.324279941663	63.54930095117181	2654.885629107869	-2244.795605472269	60.93237356562982	2761.436148644827	-2428.708691709181	74.35702649489075	2655.509049774622	
88	1.345	-2172.268941389747	1139.606169745609	2510.394545600398	-2088.675670450776	1062.288742019748	2381.688327269616	-2116.277685690021	986.8355693593118	2512.327511457866	-2445.478452404069	730.8683915529955	2367.525808967723	-2429.790314234802	716.1176475428548	2631.399422848269	-2581.82583826145	833.0836487696603	2447.716308808284	-2559.641568374155	835.4143007664281	2564.77071683098	-2513.396554030752	708.6207558732298	2290.533632836691	-2535.580578908044	704.4974369071393	2701.573814091466	-2364.639147447134	703.6127312235463	2358.29533911598	-2491.153173147996	563.2288806305775	2333.969470855022	-2414.11554281486	667.4569270795552	2290.740870106519	-2198.205688664444	491.6290125405611	2265.517261619291	-2180.595804462761	488.0051334897319	2390.380629691026	-2296.939193382992	385.9281998431769	2271.247525525903	-2235.463299851096	236.4927926196162	2310.280894917552	-2225.711797609926	322.1832544951064	2378.977631697657	-2355.538646291037	109.398363691682	2287.633820852874	-2325.706411060166	110.352942522427	2381.481790812221	-2199.26298673677	64.57446803352411	2350.330065804117	-2248.842280497016	54.44990264914119	2235.010168968388	-2419.986635924362	72.84529819961097	2347.092276602269	-2472.718567141626	545.7172284841371	2670.21985539821	-2403.545639166155	653.1743152519231	2719.855954800056	-2350.361888262996	688.8406957241357	2637.809615693514	-2205.712461910068	483.5161162859275	2747.22683868183	-2161.760965961866	486.1910812396471	2622.122015385656	-2234.997565348492	248.2490584480135	2706.647958434361	-2271.266797861756	399.8068638166142	2746.285080961291	-2208.907124983572	352.01176942525	2635.715475072808	-2361.556480456708	104.4282966989979	2709.466848727177	-2323.887709959531	107.9743860218518	2619.960477452897	-2209.309988192957	63.53458992775837	2654.87788566387	-2244.792016900468	60.93267309717997	2761.439400849824	-2428.651302831225	74.40484758121376	2655.467851085918	
89	1.35	-2171.59006384779	1135.392488528102	2510.455755726136	-2088.126188729752	1057.97520840325	2381.84108603426	-2115.94442859743	982.4529593466351	2512.212415284738	-2446.272951196746	728.5353876125645	2367.684698668688	-2430.435123246291	713.4675969652662	2631.296954037859	-2582.608660101123	830.3217420219233	2447.857607032438	-2560.306595340193	832.5920095320511	2564.901576935946	-2514.121728303312	706.4226087979873	2290.48601724202	-2536.14555573135	701.9289106283101	2701.693186710076	-2365.667100183894	702.0966288561191	2358.509421622592	-2491.346581548675	561.0752130579698	2333.795523703725	-2414.757630323993	665.7955697862977	2290.779045213716	-2197.829323839553	491.3482851391171	2265.523975144441	-2180.194989331275	487.7172411695182	2390.443397044352	-2296.588787826927	385.8145234098857	2271.311271826214	-2235.232619100821	236.3813355871777	2310.295549652754	-2225.305438243531	321.9938048720217	2379.013321828085	-2355.461799047806	109.4179525733563	2287.704334366106	-2325.63738052322	110.3389873911926	2381.568654205504	-2199.248336775361	64.54226462347521	2350.343430859715	-2248.836259557951	54.45196418921437	2235.00731543904	-2419.948404068197	72.87767775853405	2347.151087812009	-2472.802283049319	543.544252830313	2670.260992411445	-2404.176490920706	651.433404746639	2719.85718058904	-2351.408414474287	687.2441280478372	2637.62755926733	-2205.403113325796	483.2329812479541	2747.281513107533	-2161.301693857231	485.9718037460361	2622.114602124846	-2234.765582226674	248.1253049383979	2706.657830809681	-2270.919825853591	399.6463936359322	2746.301348180562	-2208.425847717462	351.8015042212449	2635.738122997629	-2361.486753885263	104.4695317284662	2709.393397727487	-2323.797943905817	107.9688243895927	2619.90131217166	-2209.296213510999	63.51991792003743	2654.868102964517	-2244.788699503647	60.93364787727813	2761.441594846092	-2428.594817116803	74.45195784103058	2655.426851874557	
90	1.355	-2170.927908810567	1131.267149774034	2510.513225070603	-2087.590469814176	1053.749752384252	2381.987806514804	-2115.610672800332	978.1627065435629	2512.098132590931	-2447.044291606884	726.2618826814052	2367.854264246766	-2431.076065556298	710.8939710335929	2631.202953196319	-2583.383326868553	827.61570401694	2447.998264448626	-2560.968107173629	829.8324395667138	2565.03603531659	-2514.819433079033	704.2685153010115	2290.454032505005	-2536.709672466361	699.3995207442923	2701.809595261025	-2366.657310420263	700.6115149203603	2358.716179864098	-2491.523422036238	558.9660603962948	2333.620951784844	-2415.375676533696	664.1700816617971	2290.822780856064	-2197.462996556674	491.0762508766196	2265.529714344075	-2179.803738851137	487.4326214301678	2390.502605331713	-2296.248847700348	385.7032335416103	2271.371215996618	-2235.008176551101	236.2723286856715	2310.311095129627	-2224.907861945433	321.8076891655679	2379.047485270994	-2355.3852530034	109.4369779602183	2287.772808337653	-2325.563854716869	110.3276390056191	2381.654983514948	-2199.233377004997	64.51227262593589	2350.354689008096	-2248.830394569543	54.45416296818259	2235.00244010247	-2419.9103448915	72.91014253180791	2347.208363426937	-2472.873859215556	541.4156616476371	2670.285076062411	-2404.789753755255	649.7221131152697	2719.854883872414	-2352.427250972942	685.6764603333696	2637.446095070355	-2205.103919717057	482.9570225328064	2747.308773922316	-2160.859454669783	485.7617016543305	2622.078564007583	-2234.540003471725	248.0053333273702	2706.650820433716	-2270.581648153869	399.4925841850549	2746.296987155938	-2207.961141098171	351.5954388854038	2635.738176516873	-2361.419610127083	104.5124257698563	2709.322118282347	-2323.70888659581	107.9608621698291	2619.837261929339	-2209.282974213328	63.50560753624789	2654.855948921503	-2244.785745139396	60.93532093644713	2761.442487408613	-2428.539660650204	74.49792123327921	2655.386256253817	
91	1.36	-2170.281444809275	1127.229472758906	2510.56631097297	-2087.066475931397	1049.610912628403	2382.128900685648	-2115.276052137542	973.9641981986558	2511.985497108365	-2447.794208344443	724.049037649144	2368.03378632132	-2431.714575628296	708.3977668118716	2631.117237758427	-2584.149957884541	824.968217290755	2448.137861059894	-2561.625942004835	827.1379638454749	2565.173192393216	-2515.491212481126	702.1610442198076	2290.437321088653	-2537.274370521674	696.9131127960534	2701.923276893569	-2367.612183975308	699.1591266371762	2358.92006678563	-2491.685841043777	556.9040302875098	2333.447030530721	-2415.970736801441	662.5826928336011	2290.874263155115	-2197.107300400337	490.8141858763665	2265.53995611559	-2179.425137623919	487.1516382484567	2390.563931687904	-2295.920267747184	385.5951527911151	2271.431551106159	-2234.790837873441	236.1660845254209	2310.330442975096	-2224.521212284594	321.6250417394587	2379.083892121532	-2355.309507049857	109.4557278932221	2287.839588966095	-2325.486438595636	110.3184360746703	2381.741061494864	-2199.218162056041	64.48457582789847	2350.364084783814	-2248.824674600091	54.45670524143973	2234.996192133258	-2419.872641906818	72.94255039866647	2347.263886726882	-2472.93589701696	539.3340195901159	2670.292862974586	-2405.38683220933	648.0431274411692	2719.847683106278	-2353.420532673974	684.13967711434	2637.26250302217	-2204.815928136501	482.6890683720807	2747.306606643707	-2160.438030236315	485.5611108850329	2622.012073205096	-2234.322030930867	247.889737365975	2706.62597771655	-2270.253501020554	399.3461947946802	2746.270027395183	-2207.515328890026	351.3941936111203	2635.714266129551	-2361.355440910077	104.556753860965	2709.253137315207	-2323.621167758414	107.9503251215853	2619.768553155535	-2209.27025722546	63.49199547528036	2654.841126407913	-2244.783236017731	60.93771054723389	2761.441861924824	-2428.486235132055	74.5423149356325	2655.346244955635	
92	1.365	-2169.649755730778	1123.278727816567	2510.61428152811	-2086.552401841153	1045.557244401405	2382.264698245271	-2114.94024742891	969.8568002956249	2511.875248445717	-2448.524393306702	721.8975800044863	2368.222463563482	-2432.351833580678	705.9797286022651	2631.039607467877	-2584.908511862438	822.3816855262758	2448.275919964985	-2562.279747866427	824.5107410364132	2565.312070816252	-2516.138616263183	700.1023470798482	2290.435395702492	-2537.84074645256	694.4735592268784	2702.034475753427	-2368.53419924084	697.7408566607514	2359.125514180805	-2491.835889213441	554.8914222656857	2333.275345767114	-2416.543870031407	661.0352593932608	2290.935627514679	-2196.762653848297	490.5632529256657	2265.560236819559	-2179.062055921898	486.8746700381061	2390.633192711867	-2295.603817041379	385.4911091502859	2271.49665457751	-2234.581383904293	236.0628968568528	2310.356512106674	-2224.147513186701	321.4459642274998	2379.126386089805	-2355.235057780648	109.4744987940184	2287.905093688049	-2325.40585027857	110.3108472246657	2381.827185152548	-2199.202754628943	64.45922450464441	2350.371916179867	-2248.81908993547	54.45980764929804	2234.989269865753	-2419.835488266717	72.974746420404	2347.31748534809	-2472.990985972322	537.3017323298595	2670.285398759363	-2405.969143456655	646.3990478425922	2719.834481256459	-2354.39032762447	682.6356134122963	2637.074459509976	-2204.540071579224	482.4298825962704	2747.273547728818	-2160.040872669064	485.3703118158504	2621.913906616613	-2234.112773809466	247.7790941296132	2706.58266913372	-2269.936599446145	399.2078884327437	2746.218916183535	-2207.090490939554	351.1983521520055	2635.665453406953	-2361.29457421444	104.6022548129434	2709.186516934934	-2323.535366901806	107.9370819900292	2619.695526241559	-2209.258021527785	63.47942207430687	2654.823387174236	-2244.781243103317	60.9408298310954	2761.43953575889	-2428.434911882446	74.58473748623696	2655.306973853171	
93	1.37	-2169.032044586787	1119.414145304328	2510.656329603459	-2086.04669183188	1041.587335359016	2382.395444556777	-2114.602964649038	965.8398551049017	2511.768019795259	-2449.236474402428	719.8077663890011	2368.419443037275	-2432.988768741882	703.6403298277621	2630.969856975623	-2585.658800372434	819.8581825056264	2448.411913382383	-2562.929003114628	821.9526831551764	2565.451633498335	-2516.763170190133	698.094095046379	2290.44763863801	-2538.409564069913	692.0847043491947	2702.143456070504	-2369.42587017393	696.357731948152	2359.336798142529	-2491.975491689198	552.930161247257	2333.107764840014	-2417.09613867192	659.5292102694176	2291.008898430383	-2196.429311208235	490.3244661726133	2265.595981289348	-2178.717076864158	486.602105337777	2390.716166760416	-2295.300131615006	385.3919088313761	2271.570966961967	-2234.380486717921	235.9630326406877	2310.392138299385	-2223.788590312333	321.2705148864246	2379.178766647032	-2355.162383745631	109.4935872362619	2287.969810470557	-2325.322897391054	110.3042793910251	2381.91366201681	-2199.18722204558	64.43623467570058	2350.378525946753	-2248.813630329943	54.46369068208269	2234.98240442195	-2419.799075224326	73.00656669576486	2347.369043243734	-2473.041672451766	535.3210111004536	2670.264020727691	-2406.538101206325	644.7923500717224	2719.814515831868	-2355.33861313949	681.1659353728546	2636.880110039237	-2204.27717038999	482.1801543326539	2747.208748735338	-2159.671046386512	485.1895338670742	2621.783503441319	-2233.913229356232	247.6739516541561	2706.520607137273	-2269.632122458447	399.0782161830547	2746.142587226498	-2206.688444579652	351.0084677761903	2635.591276160402	-2361.237274156394	104.6486333863996	2709.122261780066	-2323.452000038047	107.9210498389919	2619.618629645543	-2209.24620256366	63.46822012118533	2654.802544479135	-2244.77982482736	60.94468600603729	2761.435366095045	-2428.386026614653	74.62481678093161	2655.268574848472	
94	1.375	-2168.427634390753	1115.634924775705	2510.691589179594	-2085.548050700001	1037.69981926315	2382.521299738077	-2114.263915212519	961.9126779175696	2511.664325108361	-2449.931993632434	717.7793661393741	2368.623848440982	-2433.626065882959	701.379760081042	2630.907791561565	-2586.40050615547	817.399410087204	2448.545271720017	-2563.573042176937	819.465426939558	2565.590803888038	-2517.366343853445	696.1374328132299	2290.473304989825	-2538.981274500029	689.7503072898063	2702.250513410939	-2370.289702940688	695.0104048517208	2359.557909191204	-2492.106420968356	551.0217423360615	2332.94639349716	-2417.628605053149	658.065507870227	2291.095931582531	-2196.107377033887	490.0986596732172	2265.652333978887	-2178.392430355077	486.3343359396987	2390.818415195328	-2295.009709583736	385.2983086748514	2271.658866482398	-2234.188688033839	235.8667252398423	2310.439985052285	-2223.445995931422	321.0986971511128	2379.244671613495	-2355.091929921545	109.5132819415915	2288.034294104174	-2325.238449954543	110.298088641521	2382.000806277154	-2199.171632397107	64.41558822530381	2350.384290921609	-2248.808283058158	54.46857131806259	2234.976342134629	-2419.763580279885	73.03784308372335	2347.418510295677	-2473.090427341911	533.3938414565507	2670.230353946718	-2407.095098471384	643.2253493814908	2719.787397636949	-2356.267254829582	679.7321228672358	2636.678125500163	-2204.027937928771	481.9404888366741	2747.112027315205	-2159.331181129328	485.018960151725	2621.621007075763	-2233.724267372482	247.5748162264717	2706.439873093821	-2269.341198162672	398.9576050706307	2746.040515085088	-2206.310731375563	350.8250691996413	2635.491782997169	-2361.183742740474	104.6955639755388	2709.060330236277	-2323.371509229881	107.9021985755827	2619.53841143771	-2209.234717373675	63.45870339261122	2654.778484112047	-2244.779026085996	60.94927936841476	2761.429254228148	-2428.339875023227	74.66221787789344	2655.231158868505	
95	1.38	-2167.835966404396	1111.94024431176	2510.71915367528	-2085.055448154475	1033.893387163205	2382.642338910357	-2113.922799208149	958.0745534684568	2511.564546329432	-2450.612385827117	715.8116664014169	2368.834804633367	-2434.264172961415	699.1979175164694	2630.853245253209	-2587.133205570293	815.006667077702	2448.675395802909	-2564.211085621784	817.0503088467464	2565.728488458087	-2517.949518791718	694.232952458931	2290.511529620547	-2539.556042740122	687.473982063541	2702.355982821603	-2371.128149240585	693.6991565873682	2359.792432494291	-2492.230274461017	549.1671900481942	2332.793519007276	-2418.142325353283	656.6446252070091	2291.198360041854	-2195.796824328341	489.8864615966593	2265.733997866422	-2178.089937296119	486.0717485310455	2390.945108338305	-2294.73290955395	385.2109896377025	2271.764542671783	-2234.006381503869	235.7741692286214	2310.502458387764	-2223.120942922756	320.9304490738574	2379.327463884288	-2355.024093464736	109.5338561263207	2288.099158871373	-2325.153411265193	110.2915934032065	2382.088934388664	-2199.156050717055	64.39723389368396	2350.389609865532	-2248.803031036481	54.47465515813819	2234.971826225739	-2419.729155857887	73.06840847528007	2347.465908751538	-2473.139613029407	531.5219551136433	2670.186299325389	-2407.641490078111	641.700165684008	2719.753136777332	-2357.177987759612	678.3354544687857	2636.467741411694	-2203.79298944716	481.7113992907411	2746.983904140279	-2159.023435504633	484.8587316531153	2621.427291200976	-2233.546618923106	247.482139453822	2706.340933131342	-2269.064888468711	398.8463491045971	2745.912754804653	-2205.958607931601	350.6486657074348	2635.367556744983	-2361.134122873646	104.7426957221746	2709.000648626256	-2323.294255222254	107.8805546733337	2619.455508603209	-2209.22347020911	63.45115537113307	2654.751173478975	-2244.778877477832	60.9546021711947	2761.421148338517	-2428.296709240639	74.69665052263649	2655.194820528282	
96	1.385	-2167.256596071303	1108.329269945155	2510.738095937437	-2084.568116357189	1030.166795821237	2382.758553733174	-2113.579292329738	954.3247326779868	2511.468921702894	-2451.278959515725	713.9034980365284	2369.051457165415	-2434.903309419789	697.0944065262768	2630.806100080212	-2587.856394234992	812.6808302802841	2448.801672113735	-2564.842273311866	814.7083437036891	2565.863601107667	-2518.513959909867	692.3806890419584	2290.561337519687	-2540.133779073204	685.259134558724	2702.460242751914	-2371.94355973441	692.4239126283007	2360.043442892713	-2492.34845868416	547.3670342743484	2332.651540994469	-2418.638342807627	655.2665413418288	2291.317546177163	-2195.497516699593	489.6882755880911	2265.845086449476	-2177.810967173113	485.8147160770148	2391.100861766703	-2294.469953003033	385.1305327723455	2271.891872638782	-2233.833800234121	235.6855171939737	2310.581628200104	-2222.814253055547	320.7656354996428	2379.430125970809	-2354.959211687937	109.5555603033438	2288.165067260663	-2325.068688284455	110.2840898734906	2382.17835972309	-2199.14053560923	64.38108908896362	2350.394890401533	-2248.797851291695	54.48212846773317	2234.969578214704	-2419.695919289357	73.09810226708532	2347.511335907804	-2473.191450138359	529.706804147958	2670.134012810651	-2408.178575512625	640.2186903435471	2719.712154988134	-2358.072399007389	676.9769952365635	2636.248779914074	-2203.572852810985	481.4932995085146	2746.825624904936	-2158.74947048484	484.7089504488875	2621.203970063358	-2233.380869388413	247.39630534382	2706.224646715755	-2268.804173491523	398.7446032725316	2745.759966798234	-2205.633039626357	350.479750868136	2635.219726279716	-2361.088502152286	104.7896588504792	2708.943127240792	-2323.220513228603	107.8562041404455	2619.370634370162	-2209.212358412671	63.4458185764775	2654.720668423082	-2244.779394749759	60.96063758530735	2761.411044845455	-2428.25673523098	74.72787624004397	2655.159643879651	
97	1.39	-2166.689187004042	1104.801165089585	2510.747489566325	-2084.085540645749	1026.518873419722	2382.869855470115	-2113.233037159727	950.6624303938353	2511.377536469856	-2451.932881407595	712.0532802745261	2369.272985957823	-2435.543474398466	695.0685403446695	2630.766304716603	-2588.569514777549	810.4223482905567	2448.92349066528	-2565.465699242069	812.4402072057228	2565.995088873058	-2519.060793055281	690.5801383007378	2290.621657038201	-2540.71417350828	683.108897072262	2702.563713963714	-2372.73814104703	691.1842690467108	2360.313418416643	-2492.46218161539	545.6213043255841	2332.522892422113	-2419.117681938318	653.9307559338364	2291.454540538759	-2195.209234439383	489.5042703604348	2265.988993602409	-2177.55641147275	485.5635901848823	2391.289588167775	-2294.220931134576	385.0573989280269	2272.044303575986	-2233.671010624717	235.600878763607	2310.679158671005	-2222.526323796733	320.6040447521514	2379.555165823055	-2354.897553002623	109.578615626817	2288.232714749511	-2324.985163022951	110.2748692017396	2382.269385895826	-2199.125136717559	64.36704242826295	2350.400535709829	-2248.792714046099	54.4911505866522	2234.970279531271	-2419.663944757428	73.12677568552525	2347.554962762307	-2473.247984576074	527.9495373971641	2670.075875334093	-2408.707582489566	638.7825552610752	2719.665283838507	-2358.951911063992	675.6575877108395	2636.02165465389	-2203.367979560712	481.2864975668591	2746.639166594736	-2158.51043231357	484.5696816025994	2620.953393025582	-2233.227455743638	247.3176177838194	2706.092267686955	-2268.559935699254	398.6523801609189	2745.583427540394	-2205.334696445685	350.3188044553062	2635.049966360422	-2361.046917084924	104.8360719085377	2708.887676974878	-2323.150471815579	107.8292947828582	2619.2845638247	-2209.201278414912	63.44288492141915	2654.687117475756	-2244.780578477155	60.96735890117647	2761.39898847104	-2428.220111199792	74.75571475741452	2655.125708566233	
98	1.395	-2166.133503421212	1101.355099862119	2510.74643120496	-2083.607443845121	1022.948522809929	2382.976079919146	-2112.883639355869	947.0868247770583	2511.290317405569	-2452.575165849622	710.2590810038387	2369.498612703903	-2436.184454539729	693.1193479878979	2630.73389051912	-2589.271985525442	808.231247878078	2449.040264893338	-2566.080446566214	810.2462226040241	2566.121958040812	-2519.590991214102	688.8302953833075	2290.69133535662	-2541.29673122945	681.0260619715011	2702.666853085829	-2373.513919515518	689.979528388386	2360.604174736923	-2492.572454162559	543.9295413310238	2332.409953991787	-2419.581345522693	652.6363224464908	2291.61004862282	-2194.931704246119	489.3343780930381	2266.168285258042	-2177.326674536809	485.3186955647739	2391.514369312372	-2293.985816434424	384.991913125093	2272.224745068318	-2233.517913257175	235.5203219369315	2310.796250033682	-2222.25711662017	320.4453912657535	2379.704536935097	-2354.839311324077	109.6032078544483	2288.302811036153	-2324.903666240728	110.2632358816009	2382.362298555773	-2199.109893330402	64.35495690956652	2350.406931625869	-2248.787582642251	54.50184716035172	2234.974553805405	-2419.633257717202	73.15429662944487	2347.597028673603	-2473.31105563357	526.25097946475	2670.014453798879	-2409.229651526308	637.3931051562606	2719.613748789398	-2359.817765787274	674.3778464196275	2635.787359000111	-2203.178754842263	481.0911904640169	2746.427227307883	-2158.306944386535	484.4409534879263	2620.678623500405	-2233.086667740032	247.246288955913	2705.945437405679	-2268.332944009732	398.5695489061274	2745.385026914456	-2205.063950495199	350.166292389575	2634.860485185792	-2361.009357544743	104.8815495454931	2708.834225342518	-2323.084234792387	107.800037756183	2619.19811814201	-2209.190131739538	63.44248746792588	2654.650763295468	-2244.782414072119	60.97472905785973	2761.385071163191	-2428.186947090538	74.78004945135277	2655.093095661409	
99	1.4	-2165.589401430658	1097.990260154773	2510.734063379398	-2083.133764895011	1019.454722707073	2383.076994585726	-2112.530669140597	943.5970588543952	2511.207032605809	-2453.206670337262	708.5186888089412	2369.727601975981	-2436.825831351668	691.2455848405958	2630.708983025419	-2589.963228923887	806.1071521214873	2449.15145273042	-2566.685621273915	808.1263520394255	2566.243299508979	-2520.105371159665	687.1297121844883	2290.769155464851	-2541.880806955427	679.0130169490376	2702.770140974564	-2374.272714232836	688.8087433429203	2360.916821665738	-2492.680101025489	542.2908281566275	2332.314965844559	-2420.030315698984	651.3818983222753	2291.784406019965	-2194.664632005597	489.1783017014065	2266.384615869599	-2177.121682498161	485.0803274593617	2391.777351874406	-2293.764478815262	384.9342542119554	2272.435474545518	-2233.374251147657	235.443876609691	2310.933593587951	-2222.006168263507	320.2893250569646	2379.879575048194	-2354.784604162185	109.6294819922343	2288.376058406004	-2324.824954522982	110.2485267275122	2382.457355700253	-2199.094834265912	64.34467363815178	2350.414434689937	-2248.78241444459	54.51430457423224	2234.982950296737	-2419.603832124586	73.1805537421923	2347.637832347564	-2473.382266113942	524.6116132026788	2669.95245407193	-2409.745821790557	636.0513741209863	2719.559139481255	-2360.671008956613	673.1381559915206	2635.547438225341	-2203.005504926424	480.9074599938082	2746.193199115865	-2158.139107819822	484.3227564872117	2620.383402416305	-2232.958652512411	247.1824293246353	2705.786169624778	-2268.123838194355	398.495836276295	2745.167253130744	-2204.820875228674	350.0226646896586	2634.653999538864	-2360.975771332948	104.9257104427557	2708.782730751979	-2323.021826017826	107.7687083074043	2619.112147873096	-2209.178830913137	63.44469391201889	2654.61194114275	-2244.784872249387	60.98270050961015	2761.369430038775	-2428.157305194808	74.80083148779687	2655.061892515454	
100	1.405	-2165.056819534677	1094.705856262489	2510.709597468658	-2082.664632761622	1016.036527318246	2383.172308462385	-2112.173668280638	940.1922445677382	2511.127297713987	-2453.82809770477	706.8296924238678	2369.959256365012	-2437.466988408923	689.445746194889	2630.691807200028	-2590.642698480472	804.0493089179532	2449.256577820237	-2567.280382992649	806.0801930764781	2566.358312102774	-2520.604601563206	685.4765697532421	2290.85385390381	-2542.465636235506	677.0716850276004	2702.874066547633	-2375.016121078944	687.6707662692494	2361.251741536486	-2492.785780520891	540.7038349883509	2332.239940784669	-2420.465560066455	650.165809301801	2291.977562059374	-2194.407737705161	489.0355305465787	2266.638671478792	-2176.940909948708	484.8487525775581	2392.079669877462	-2293.556705880659	384.8844500614096	2272.678058846	-2233.23962526005	235.3715399783147	2311.091341404064	-2221.77262470249	320.1354482774948	2380.080952935211	-2354.733474338127	109.6575376794556	2288.453128130701	-2324.749691456633	110.2301298115708	2382.554776886072	-2199.079979019778	64.33601605013922	2350.423361547297	-2248.777162747637	54.52856585793099	2234.995928894239	-2419.57559060775	73.20545949163387	2347.677719695868	-2473.462955643496	523.0315668624656	2669.892667577657	-2410.257018495862	634.7580675891336	2719.5033670482	-2361.512475844153	671.9386727079782	2635.303946419282	-2202.848501320398	480.7352701294501	2745.941123764854	-2158.006510549061	484.2150402007701	2620.072096433333	-2232.843422047363	247.1260398806064	2705.616826721777	-2267.933114129008	398.430829806258	2744.933166021711	-2204.605246850389	349.8883515674281	2634.433697579907	-2360.946068773684	104.9681850496978	2708.733194111793	-2322.963197013384	107.7356455264885	2619.027515810304	-2209.16730514406	63.4495020676668	2654.571074335492	-2244.787910063745	60.99121538428139	2761.352244519303	-2428.131201826467	74.8180823647081	2655.032196098347	
101	1.41	-2164.535768701758	1091.501130804273	2510.67233641011	-2082.200336766715	1012.693064918226	2383.261684699579	-2111.812162485066	936.8714694189289	2511.050589403081	-2454.440005069554	705.1895631988452	2370.192906307304	-2438.10711898943	687.7180830638546	2630.682685002468	-2591.30990311364	802.0566280821465	2449.355249709006	-2567.863971485023	804.1069810534874	2566.46632258059	-2521.089222625633	683.8687614608426	2290.944138576844	-2543.050362104537	675.2034728213674	2702.979107219379	-2375.745508465675	686.5643025250774	2361.608588246101	-2492.890012273012	539.1668778774922	2332.18658324952	-2420.888042966845	648.9861242401677	2292.189071748375	-2194.160791237956	488.9053637083803	2266.930140048178	-2176.783423031305	484.624213673889	2392.421395545733	-2293.362226520476	384.8423782364376	2272.953294320871	-2233.113516777721	235.3032833187166	2311.269091659136	-2221.555295943122	319.9833384154442	2380.308653874119	-2354.685895015494	109.6874253702872	2288.534635908126	-2324.678433296123	110.2075027700906	2382.654731918197	-2199.065340017969	64.32879456573305	2350.433979946577	-2248.771779618482	54.54462820614891	2235.013847062893	-2419.54840751131	73.22895212980067	2347.717069274722	-2473.554178386701	521.5106072259773	2669.837913614928	-2410.764042106231	633.5135508175289	2719.44860970506	-2362.342778546866	670.7793291009148	2635.059389053496	-2202.707960836415	480.574466292878	2745.675631442683	-2157.908244893419	484.1177094973072	2619.749631262599	-2232.740862905277	247.0770073078795	2705.440087038915	-2267.76111060635	398.3739830218481	2744.686359273284	-2204.416548678464	349.7637579258378	2634.203189585628	-2360.920127276535	105.0086228358934	2708.685667078621	-2322.908237187765	107.7012508842769	2618.945079969682	-2209.155505604848	63.45683755909798	2654.528666717085	-2244.791472577524	61.00020586905748	2761.333732833803	-2428.108609925737	74.83189465119398	2655.004114544885	
102	1.415	-2164.026322301678	1088.375365602644	2510.621696769892	-2081.741294575552	1009.423535883216	2383.344756305313	-2111.445678872415	933.6338055571036	2510.976266415726	-2455.042819038056	703.5957364426873	2370.427895558597	-2438.74523500237	686.0606196215075	2630.682024243923	-2591.964427942202	800.1277249810479	2449.447181850349	-2568.435727622713	802.2055978608626	2566.56680129091	-2521.559676289772	682.3039822423225	2291.038706113728	-2543.634056141261	673.4092304939135	2703.085707442214	-2376.462024578729	685.4879655024243	2361.986305073325	-2492.993211069683	537.6779869684938	2332.156217936369	-2421.298741422102	647.8407363494332	2292.418095638131	-2193.923647600915	488.7869395829574	2267.257708600518	-2176.64793674625	484.4069374960741	2392.801519291854	-2293.180736808572	384.8077717803202	2273.26116722964	-2232.995315282254	235.2390595004161	2311.46589003862	-2221.352728228772	319.8325770782948	2380.561963590832	-2354.641777544825	109.7191433733921	2288.621117385358	-2324.61161922412	110.1801899220053	2382.757329647114	-2199.050925727132	64.32281157300031	2350.446501464396	-2248.766219516976	54.56244215520645	2235.036949060363	-2419.522114564661	73.25099650810236	2347.756276125082	-2473.656686318314	520.0481399423927	2669.790979878118	-2411.267559582054	632.3178447935403	2719.397248317048	-2363.162296046106	669.6598410822696	2634.816652369822	-2202.584041408598	480.4247769162126	2745.401863349017	-2157.842933543319	484.0306199062961	2619.421410667918	-2232.650747591683	247.0351026557982	2705.25890328743	-2267.607998537852	398.3246228771494	2744.430911856078	-2204.25397944562	349.6492566288216	2633.966447224737	-2360.897795831453	105.0466988358799	2708.640256516046	-2322.856786367966	107.6659853128207	2618.865677190602	-2209.143410143696	63.46655387219926	2654.485292260855	-2244.795495145963	61.00959477416427	2761.314148049979	-2428.08946239694	74.84243080551701	2654.977766801149	
103	1.42	-2163.528606131661	1085.327887142671	2510.557229789859	-2081.288019153621	1006.227210658753	2383.421144796022	-2111.073767880322	930.4783209101281	2510.903597868399	-2455.636856163352	702.0456880223802	2370.663563580835	-2439.38017818469	684.4711717092522	2630.690298272429	-2592.605950783081	798.260968512217	2449.532206412495	-2568.995107962287	800.3745876692828	2566.659372822668	-2522.016345140738	680.7798192368158	2291.136258535627	-2544.215733674687	671.689226386225	2703.194257114314	-2377.166615046764	684.4403312965366	2362.38315908876	-2493.095724670214	536.2349808547702	2332.149731403464	-2421.698664515886	646.7274467472157	2292.663407232774	-2193.696279824056	488.6792703058952	2267.619085723946	-2176.532883422446	484.1971454045922	2393.217958502114	-2293.011927009515	384.7802295690622	2273.600835411695	-2232.884351671268	235.1788105491201	2311.680247093131	-2221.16328905046	319.6827827505614	2380.83947975392	-2354.600981486482	109.7526358189264	2288.713004796218	-2324.549566097063	110.1478376709056	2382.862607443779	-2199.036744321682	64.31786661001176	2350.461076001439	-2248.760443460989	54.58191235321438	2235.06535772191	-2419.496508780027	73.27158381844249	2347.795734902507	-2473.770919032361	518.6432180142248	2669.754563801369	-2411.768097862158	631.1706301795177	2719.351794142822	-2363.97116805869	668.5797170881747	2634.578921156433	-2202.476833923383	480.2858176756609	2745.125379351837	-2157.808763866811	483.953572974045	2619.093222052019	-2232.572747006625	246.9999839455544	2705.076452271325	-2267.473773372572	398.2819595731982	2744.171328682878	-2204.11646651699	349.54518101608	2633.727732303737	-2360.878899448349	105.0821193069683	2708.597124981572	-2322.808649215459	107.6303645727883	2618.790107791738	-2209.131027251436	63.47843485796827	2654.441582039988	-2244.799906237651	61.019296259619	2761.293773771341	-2428.0736559487	74.84992002043529	2654.953280398385	
104	1.425	-2163.042788679617	1082.358070231488	2510.478640953349	-2080.841086029101	1003.103428072672	2383.490481456243	-2110.696028721563	927.4040917454789	2510.831797896899	-2456.222347228897	700.5370032788308	2370.899226439645	-2440.010634527059	682.947366015263	2630.708016770111	-2593.234253915081	796.4545312322857	2449.610285166234	-2569.541692498023	798.6121799418655	2566.743821439459	-2522.459597284029	679.2938395273339	2291.235519245997	-2544.794363520431	670.043138480631	2703.305071694359	-2377.86004921185	683.419991061935	2362.796789925908	-2493.197872961126	534.8355435205068	2332.167529151302	-2422.088874413585	645.6440464321875	2292.923407662305	-2193.478807890452	488.5812793625674	2268.011047218027	-2176.436488578157	483.9950655996421	2393.667593739694	-2292.855508383535	384.7592305024612	2273.970631421649	-2232.779934348511	235.1224746160576	2311.910170865339	-2220.98525950584	319.5336455093609	2381.13913759494	-2354.563326068893	109.787791631833	2288.810605704602	-2324.492467401567	110.1102076997994	2382.970521830554	-2199.022807568808	64.31376158689095	2350.47778803981	-2248.754423424051	54.60289976079467	2235.09906911667	-2419.471362061938	73.29073040606872	2347.835823197177	-2473.897000824771	517.2945589252722	2669.731217235274	-2412.266039715621	630.0712594913263	2719.314811446844	-2364.76929374414	667.5382687892054	2634.349586974693	-2202.386350802307	480.1570986880618	2744.852052507669	-2157.80353026591	483.8863122509423	2618.771129938445	-2232.506443447174	246.9712029549063	2704.89607653483	-2267.358251428196	398.2450989135511	2743.912470427998	-2204.002684796096	349.4518172218728	2633.491516291683	-2360.863243580898	105.1146263554386	2708.556487285291	-2322.763610969065	107.5949526557019	2618.719121647905	-2209.118399101895	63.49219971791335	2654.398208909965	-2244.804630647126	61.02921674541241	2761.272919606155	-2428.061055188437	74.85465309287076	2654.930787474226	
105	1.43	-2162.569071690895	1079.465339522151	2510.385807508543	-2080.40110217295	1000.051594306374	2383.552430589017	-2110.312137241291	924.4102158775402	2510.760065117186	-2456.799463658126	699.0674360771499	2371.134158154844	-2440.635152752393	681.4866597722298	2630.735688775736	-2593.849231003369	794.7064395927326	2449.681516096327	-2570.075185668016	796.9163197786413	2566.820091514693	-2522.889833871016	677.8436713604571	2291.335248584439	-2545.368873144772	668.4700637941522	2703.418375726887	-2378.542952529455	682.425599349009	2363.224270770579	-2493.299985633477	533.4773005737649	2332.209509747045	-2422.470506789486	644.5883932653367	2293.196147488476	-2193.271521921939	488.4918407241412	2268.429502125119	-2176.356849913324	483.8009456497929	2394.146330090713	-2292.711238392154	384.7441507003231	2274.368086541598	-2232.68138694149	235.0699918442151	2312.153213506554	-2220.816928093903	319.3849614406523	2381.458249932925	-2354.528602252477	109.8244446071662	2288.914084767866	-2324.440396024758	110.0671875197189	2383.080940667196	-2199.009134566584	64.31030586714142	2350.496654609459	-2248.748146580377	54.62522503709081	2235.137950370082	-2419.446431905361	73.30847586350144	2347.876885888249	-2474.03474549299	516.0005703502011	2669.72329661999	-2412.761622015025	629.0187772377031	2719.288838121133	-2365.556336253823	666.5346230109059	2634.132149411425	-2202.31251246075	480.0380347842884	2744.587952616128	-2157.824684061845	483.8285205277954	2618.46135911996	-2232.451343687898	246.9482162227979	2704.72121889848	-2267.261070600395	398.2130572767649	2743.659472540913	-2203.911081705422	349.3693968905503	2633.262392300986	-2360.850618551091	105.1440014388157	2708.518603369993	-2322.721453793646	107.56035300187	2618.653405964156	-2209.105603466314	63.50751042123414	2654.355870366887	-2244.809592915227	61.03925605417156	2761.251916467929	-2428.051496730277	74.8569753769053	2654.910419258045	
106	1.435	-2162.107681039502	1076.649168644391	2510.278793283769	-2079.968677726322	997.0711827037524	2383.606713894224	-2109.921874827769	921.4958256235565	2510.687624858742	-2457.368344230694	697.6349566009876	2371.367574696622	-2441.252167415964	680.0863611017755	2630.773779858217	-2594.450889428021	793.0146225303974	2449.74613573281	-2570.595411191357	795.2847052724852	2566.888283547358	-2523.307535578493	676.4270761088753	2291.434259287043	-2545.938150554439	666.9685455581454	2703.53429113982	-2379.215842142434	681.4559170344602	2363.662179586889	-2493.40243555485	532.1578918778359	2332.2750565765	-2422.844788224268	643.558481161665	2293.479355639733	-2193.074898038269	488.4098179159817	2268.869576132372	-2176.292015054612	483.6150639611927	2394.649180721425	-2292.578942875418	384.7342828130479	2274.789974351499	-2232.588085572632	235.0213088261341	2312.406529999381	-2220.656679965534	319.2366644569618	2381.793559779478	-2354.496584540549	109.8623747123061	2289.023449312868	-2324.393310356083	110.0187980041778	2383.193637220761	-2198.995754970056	64.30732100832853	2350.517624874742	-2248.741618983244	54.64867283098218	2235.1817408697	-2419.421472494652	73.32488067080733	2347.91922124973	-2474.183668956876	514.7593838118872	2669.732920290051	-2413.25493642014	628.0119472903483	2719.276307652967	-2366.331733925719	665.5677346048466	2633.930113340959	-2202.255132987006	479.9279587163419	2744.339221285479	-2157.869390080797	483.779818785922	2618.170169715592	-2232.406891722082	246.9304001006475	2704.555351200939	-2267.181695643275	398.1847791632377	2743.41765377229	-2203.839908161536	349.2980908276753	2633.044981524939	-2360.840803937886	105.1700677266738	2708.483767955102	-2322.681972861158	107.5271973941496	2618.593574925477	-2209.092754299621	63.52398139497273	2654.315270147414	-2244.814720749384	61.0493088629568	2761.231111712939	-2428.044793125491	74.85727798171649	2654.89229933683	
107	1.44	-2161.658857860954	1073.909076784292	2510.157860058561	-2079.54440167072	994.1617344171166	2383.653134917677	-2109.525156902263	918.6600995523609	2510.613771760062	-2457.92912030884	696.2377872864026	2371.598622839347	-2441.860026839052	678.7436504025972	2630.822666073775	-2595.039348569362	791.3769570386811	2449.804517484066	-2571.102301781025	793.7148311385458	2566.948646618485	-2523.713304300013	675.042009186194	2291.531432182009	-2546.501044504945	665.53661677667	2703.652831209773	-2379.879162426412	680.509847797299	2364.106678784135	-2493.505665265045	530.8750381594634	2332.363046871566	-2423.213048190013	642.5524994202619	2293.77047552902	-2192.889605567183	488.3341015464005	2269.325709313119	-2176.240053937638	483.4377389540495	2395.170369320525	-2292.458533839732	384.7288565515269	2275.232371864213	-2232.499493560461	234.9763816027968	2312.666946497328	-2220.503076012993	319.088853370649	2382.141303727531	-2354.467041746072	109.9013107687358	2289.138539356978	-2324.351063181723	109.9651976333317	2383.30828638138	-2198.982711380154	64.30464494883861	2350.540581224922	-2248.734868302556	54.67299671509208	2235.230056910983	-2419.396245515195	73.34002368407292	2347.963069350884	-2474.343009438173	513.5688951354499	2669.761933915919	-2413.745932445381	627.049286361359	2719.279475600422	-2367.094718619599	664.636400120717	2633.746885426843	-2202.213906446032	479.8261368783877	2744.111941260657	-2157.934588797633	483.739767086393	2617.903726828842	-2232.372480823734	246.9170694469362	2704.401898900085	-2267.119427943486	398.1591571306382	2743.192414983449	-2203.787255013769	349.2380039811861	2632.843836389777	-2360.833572854247	105.1926913740318	2708.452297559235	-2322.644991208031	107.4961325314073	2618.54016130482	-2209.080000836173	63.54119119000404	2654.277099216356	-2244.81994822249	61.05926657040704	2761.21086407926	-2428.040736508501	74.85598751215304	2654.876536113195	
108	1.445	-2161.222849885873	1071.244622658762	2510.023474738421	-2079.128822340956	991.3228596647108	2383.691602374763	-2109.122059486321	915.9022720849331	2510.537910144943	-2458.481937916134	694.8744270181226	2371.826375802598	-2442.457025678465	677.4556033601147	2630.882587908907	-2595.614834818276	789.7913097396589	2449.857166455077	-2571.59588517449	792.2040374487416	2567.001568320208	-2524.107896599712	673.6866690045881	2291.625732320811	-2547.056364791787	664.1718576251922	2703.773900599067	-2380.533317357492	679.5864673985562	2364.553601689048	-2493.610204530252	529.6265996641928	2332.471876833034	-2423.576723571464	641.5688808427799	2294.066708361794	-2192.716504681263	488.2636439662646	2269.791765337819	-2176.199122290545	483.2693349717326	2395.703447940928	-2292.350021687069	384.7270595854172	2275.690735664521	-2232.41519138738	234.9351774228313	2312.931035231128	-2220.354917018378	318.9418123798748	2382.497284402939	-2354.439746085963	109.9409346623102	2289.259022525422	-2324.313412801741	109.906683275769	2383.424463221621	-2198.970060649467	64.30213542790898	2350.56534174254	-2248.727945347407	54.69792454441632	2235.282399641191	-2419.37053005993	73.35399977062644	2348.008603111287	-2474.511754583549	512.4268101364898	2669.81188444293	-2414.23442289995	626.1291021433811	2719.300353279306	-2367.844341275465	663.7392722604289	2633.58567319656	-2202.188395171999	479.7317868947264	2743.912003056222	-2158.017062620278	483.7078673555081	2617.667967901686	-2232.347464689644	246.90749932268	2704.264163495917	-2267.073419468772	398.1350537906777	2742.989129590619	-2203.751094029399	349.189171945441	2632.663342867438	-2360.82869603105	105.2117818085501	2708.424515647888	-2322.610372445497	107.4678045000033	2618.493610034363	-2209.067525122678	63.55869567578145	2654.242016841072	-2244.825218526966	61.06901970009667	2761.191538376217	-2428.039101931381	74.85355477538795	2654.863214957214	
109	1.45	-2160.799902922774	1068.655395935021	2509.876311625892	-2078.722433396567	988.554239137368	2383.722151082407	-2108.712842431355	913.2216401112149	2510.459589640768	-2459.026975246551	693.543664314167	2372.049837041166	-2443.041441538863	676.2192161897759	2630.953607859662	-2596.17767415718	788.2555738297524	2449.90471135527	-2572.076268204513	790.7495618920794	2567.04756322519	-2524.49224608533	672.359533804209	2291.716225536516	-2547.602884406946	662.8714632908043	2703.897301406977	-2381.178696932972	678.6850452860918	2364.998544289163	-2493.716677603538	528.4106254300528	2332.599501014867	-2423.937354246576	640.6063379324662	2294.36506346106	-2192.556634032478	488.1974898906064	2270.261149551856	-2176.16751348891	483.1102642787679	2396.241426800384	-2292.253521019692	384.7280580429666	2276.159990128079	-2232.334899892484	234.8976757026719	2313.195192561212	-2220.211289366794	318.7960235161199	2382.856950328232	-2354.414480194938	109.9808871745696	2289.384394127953	-2324.280035803666	109.84368743369	2383.541644034875	-2198.957873958048	64.29967245391897	2350.59166392795	-2248.720924229276	54.72316406460678	2235.338165983637	-2419.344131136771	73.36691783318932	2348.055922207144	-2474.688674622956	511.3306936953686	2669.884002291732	-2414.720091710463	625.2495344149594	2719.340650831204	-2368.579504326886	662.8748752274713	2633.44939004593	-2202.178021314935	479.6440962628373	2743.744972234826	-2158.113504688989	483.6835678045015	2617.468471180835	-2232.331167531659	246.9009488091795	2704.145244995451	-2267.042690367072	398.1113254089112	2742.813027643151	-2203.729322188043	349.1515589707683	2632.507624517106	-2360.82594563521	105.2272911626664	2708.400736727129	-2322.578030543017	107.4428416169314	2618.454273690105	-2209.055538024997	63.57604219160922	2654.210632467156	-2244.830486091177	61.0784609253298	2761.173499878234	-2428.03965040943	74.8504429429691	2654.852390613446	
110	1.455	-2160.390252476513	1066.141006265043	2509.717249193592	-2078.325665487212	985.8556248992377	2383.744959252311	-2108.297968095001	910.6175659625121	2510.378533753012	-2459.564454502906	692.2445806630255	2372.26795275572	-2443.611574690917	675.0314335991701	2631.035575589185	-2596.728283084574	786.7677010594223	2449.947894142641	-2572.54362074717	789.3485936360728	2567.087260869906	-2524.867472700682	671.0593867599513	2291.802095177268	-2548.139345209034	661.6323183193487	2704.022744755157	-2381.815695552032	677.8050582827052	2365.4369607475	-2493.825799697816	527.2253922613188	2332.743483703941	-2424.296568974808	639.6638870031348	2294.662415121224	-2192.411188518326	488.1348020140319	2270.726933629599	-2176.14369700494	482.9609848666685	2396.776912818397	-2292.169249536445	384.7310159625231	2276.634624720529	-2232.258495001611	234.8638687148878	2313.455716787259	-2220.071590431714	318.6521700399341	2383.215481598975	-2354.391041883071	110.0207754254481	2289.513982462867	-2324.250540972359	109.7767719562019	2383.659209929497	-2198.946235610932	64.29715970111648	2350.619249565411	-2248.713901153924	54.74840863115677	2235.396662099936	-2419.316886435655	73.37889935998356	2348.105049887099	-2474.872360438982	510.2780202137172	2669.979191073602	-2415.202504163731	624.4085972456847	2719.40173134994	-2369.299000168236	662.0416212014725	2633.340569496966	-2202.182062750582	479.5622411154744	2743.615960914423	-2158.220588429958	483.666268602812	2617.310328915528	-2232.322893095423	246.8966858592978	2704.047966815493	-2267.026149532849	398.0868465276594	2742.669076170237	-2203.719807787262	349.1250572839963	2632.380450868411	-2360.825098749048	105.2392130120663	2708.381250221089	-2322.547936115134	107.4218363480083	2618.422409795428	-2209.04427382729	63.5927840203769	2654.183489074961	-2244.835717946812	61.08748869065471	2761.157108397706	-2428.042131721046	74.84711564269689	2654.844080411717	
111	1.46	-2159.994115555879	1063.701070250459	2509.547360957908	-2077.938883419036	983.2268400286587	2383.760361012365	-2107.878114532124	908.0894762625106	2510.294659564234	-2460.094647363623	690.976545439726	2372.479632784069	-2444.165789668916	673.8891797009051	2631.128104564859	-2597.267158465914	785.3257286347184	2449.987558021073	-2572.998161304736	787.9983266242289	2567.121394039662	-2525.234877930121	669.7853301937256	2291.882658521451	-2548.664468509445	660.4510733127792	2704.149867042712	-2382.444721156901	676.9461963404101	2365.864261164006	-2493.938363105993	526.0694329921749	2332.901059821605	-2424.656061617397	638.7408604703651	2294.9555651022	-2192.281487917995	488.0748809094539	2271.181984823568	-2176.126342708339	482.8219941449341	2397.302254003096	-2292.097519962384	384.7351131910326	2277.108797590308	-2232.186012918775	234.8337624283276	2313.708882873665	-2219.935533456756	318.5111302393581	2383.567879819993	-2354.369246672702	110.0601817938442	2289.646959215903	-2324.224483893221	109.7066182885557	2383.776453007931	-2198.935240600941	64.29452481166089	2350.64775061948	-2248.70699194691	54.77334293496351	2235.457118873012	-2419.288671175028	73.39007750422385	2348.155932633403	-2475.061265278149	509.2662234222196	2670.098023685091	-2415.681119651375	623.6042203869445	2719.48457726887	-2370.001554488398	661.237828261559	2633.261291894856	-2202.199654239164	479.4854040877554	2743.529507203241	-2158.33503604111	483.6553284057139	2617.198028953864	-2232.321932666962	246.8940119522491	2703.97480558085	-2267.022617353456	398.0605349240805	2742.561858972557	-2203.720436677615	349.1094874052639	2632.28515270408	-2360.825940429559	105.2475806071569	2708.366304940992	-2322.520118880689	107.4053271413471	2618.398179797585	-2209.033983582995	63.60849456822987	2654.161048615935	-2244.840894350403	61.09601124736071	2761.142712050046	-2428.046287006032	74.84402537502577	2654.838258732514	
112	1.465	-2159.611682812338	1061.335196806773	2509.367900327044	-2077.562388232477	980.6677762529717	2383.768853215617	-2107.454182583052	905.6368563339691	2510.20808734785	-2460.617873855515	689.7392039008968	2372.683778652465	-2444.702557297637	672.7893917768544	2631.230563438302	-2597.794866655801	783.9278011011984	2450.024634323541	-2573.440145709197	786.6960100362833	2567.150787899741	-2525.595925966997	668.5367899844301	2291.957382159051	-2549.176971641046	659.324219920755	2704.278249674365	-2383.066194941216	676.1083605574141	2366.275909987399	-2494.055214308445	524.9415541086158	2333.069202851632	-2425.017558479855	637.8369079558693	2295.241309466376	-2192.168937738493	488.0171788028549	2271.619098098102	-2176.114331337217	482.6938188988347	2397.809687179107	-2292.038725399987	384.7395613888968	2277.576443080413	-2232.117645498951	234.8073776661337	2313.951012194926	-2219.8031333897	318.3739615771386	2383.909060809015	-2354.348928329471	110.0986740593183	2289.782354631405	-2324.201381882898	109.6340143878475	2383.892585132148	-2198.924991069535	64.29171868628957	2350.676776052118	-2248.700328508155	54.79764865953562	2235.518708865523	-2419.25940100374	73.40059656078465	2348.208442489491	-2475.253748751463	508.2927436034541	2670.240743413925	-2416.15530702936	622.8342880385688	2719.589769704115	-2370.685872957517	660.4617401257129	2633.213126402284	-2202.229794419624	479.4127902892246	2743.489466192443	-2158.453684105325	483.6500713936106	2617.135348276319	-2232.327572182731	246.8922852919819	2703.927828196656	-2267.03084980115	398.0313761365491	2742.495459426873	-2203.729156876064	349.1045990906921	2632.224546628884	-2360.828266269048	105.2524647777746	2708.35609488575	-2322.494666217309	107.3937810353588	2618.381649513303	-2209.024927400006	63.62278071260069	2654.143680025301	-2244.846008759549	61.10395078401135	2761.130640775481	-2428.051851199232	74.84160254135737	2654.834853024832	
113	1.47	-2159.243111240987	1059.042971516044	2509.180279638163	-2077.196423302934	978.1783889266986	2383.77109584526	-2107.027296537083	903.2592399937381	2510.119139603235	-2461.134494964032	688.532459632208	2372.879316897895	-2445.220495571865	671.7290564094782	2631.342084065052	-2598.312032030469	782.5721873918266	2450.060128694697	-2573.869859989645	785.4389937089211	2567.176350234798	-2525.952211944884	667.3135113605496	2292.025895429701	-2549.675591108178	658.2481605384246	2704.407440814935	-2383.680542439915	675.2916538545048	2366.667523375539	-2494.177224186576	523.8408432078824	2333.244697410722	-2425.382778297568	636.9519871028043	2295.516508109692	-2192.074984144031	487.9613071308087	2272.03112964285	-2176.106752487053	482.5770020937727	2398.291486888294	-2291.993318944652	384.7436179625875	2278.031381262902	-2232.053726347583	234.7847514558367	2314.17853643145	-2219.674676498237	318.2418756445497	2384.23394866162	-2354.329937751179	110.1358164025546	2289.919076976583	-2324.180728925047	109.5598385181938	2384.00674927215	-2198.915591883798	64.28871393522917	2350.705899451364	-2248.694054452702	54.82101001198414	2235.580564232291	-2419.229033077651	73.41061159352219	2348.262381770421	-2475.448121743118	507.355070500097	2670.4072686296	-2416.624362656528	622.0966734592508	2719.717480910449	-2371.350689517693	659.7115480221346	2633.19709058285	-2202.271358838223	479.3436405285995	2743.498915843826	-2158.573544631009	483.6497945914597	2617.12526170003	-2232.339098583953	246.8909413752927	2703.908638347646	-2267.049563032654	397.9984467605051	2742.473350089577	-2203.744019875343	349.1100725386721	2632.200871031716	-2360.831884395828	105.2539716415142	2708.350747015132	-2322.471717986954	107.3875778269974	2618.372790803713	-2209.017365870241	63.63529488061273	2654.131650197458	-2244.851067309722	61.11124727066011	2761.12119973139	-2428.058555338037	74.8402452751502	2654.833741515377	
114	1.475	-2158.888517737937	1056.823940612861	2508.986043971005	-2076.841183394554	975.7586888629327	2383.767905624463	-2106.598798296414	900.956194788453	2510.028329737717	-2461.644899903123	687.3564525278279	2373.065235441252	-2445.718407792215	670.7052470886021	2631.461586203498	-2598.819324947124	781.2572933093879	2450.095106848765	-2574.287617874745	784.224766614843	2567.199062770399	-2526.305419279878	666.1155471971448	2292.088000867241	-2550.159112269372	657.2192699430694	2704.536977596557	-2384.288177714733	674.4963648913598	2367.034963678566	-2494.305254024243	522.7666670799389	2333.424214272906	-2425.753387041547	636.0863451637908	2295.778155077325	-2192.001065240377	487.9070380745648	2272.41113038116	-2176.102892382753	482.4720871754083	2398.74011354049	-2291.961788841772	384.7465978801592	2278.467428041341	-2231.994708891425	234.7659382457506	2314.388055530998	-2219.550677570292	318.1162049059344	2384.537569892537	-2354.312140692816	110.1711808259879	2290.055935707122	-2324.162010286614	109.4850402510187	2384.118033447787	-2198.907145618883	64.2855027072326	2350.73466735643	-2248.688320230028	54.84311907175246	2235.64179513423	-2419.197565550534	73.42028789103583	2348.317489791253	-2475.64269086781	506.4507804872984	2670.597199749233	-2417.087531002253	621.3892683209158	2719.86747947009	-2371.994814416389	658.9854148432555	2633.213629069756	-2202.323118734122	479.2772412072767	2743.56008060423	-2158.691860009773	483.6537753845624	2617.169868521466	-2232.355805564362	246.8895099119141	2703.918334233602	-2267.077457683492	397.9609357366331	2742.498292926934	-2203.763217159791	349.1255195648997	2632.215735178695	-2360.836616866877	105.2522401744394	2708.35031151315	-2322.451458027424	107.3869964645028	2618.371484251734	-2209.01155089711	63.64574549876311	2654.125118185297	-2244.85608793571	61.11786164242645	2761.114662708031	-2428.066128800034	74.84031020689574	2654.834752627958	
115	1.48	-2158.547973829871	1054.677595237199	2508.786840678959	-2076.496825516215	973.408730741325	2383.760242801928	-2106.170235157981	898.7273030257096	2509.936341276459	-2462.149489505628	686.2115330212989	2373.24062078957	-2446.195316415722	669.7151620505406	2631.587817105302	-2599.317449112726	779.9816697977038	2450.130680038731	-2574.693762766019	783.0509870056368	2567.219973296115	-2526.657268942481	664.9432397749823	2292.143680564709	-2550.626404712355	656.2339471466238	2704.666407247462	-2384.889483041059	673.7229459667757	2367.374429097604	-2494.440120271578	521.7186613821557	2333.604385900667	-2426.130950226852	635.2404924986067	2296.023447586143	-2191.94856119754	487.8543004994615	2272.752478100006	-2176.102214396076	482.3796004846267	2399.148359008896	-2291.944630816005	384.7478834139941	2278.878504729584	-2231.941138162711	234.7510106010611	2314.576390072684	-2219.431829006318	317.9983627246124	2384.815146507687	-2354.295414871329	110.2043585110876	2290.191667664306	-2324.144716467706	109.4106191224786	2384.22548727931	-2198.899747279419	64.28209410783198	2350.762608147569	-2248.683278020956	54.86368089621409	2235.701508285518	-2419.165035799899	73.4297999016521	2348.373451201883	-2475.835801187024	505.5775669889882	2670.809827456425	-2417.544027445106	620.7100062253534	2720.039147328217	-2372.617180130764	658.2815014823321	2633.262611836097	-2202.383764792255	479.2129306203653	2743.674274928809	-2158.806150637361	483.6612793052551	2617.270339263369	-2232.376998861454	246.8876272437518	2703.957478942117	-2267.113242093656	397.918162921451	2742.572253868203	-2203.785110711875	349.1504845648849	2632.270082733299	-2360.842300404248	105.247439640982	2708.354754920113	-2322.434102869264	107.3922041949619	2618.377522669874	-2209.007716235041	63.65390549219654	2654.124132735513	-2244.861099249976	61.12377799831761	2761.11126575402	-2428.074301547152	74.84210427548835	2654.837666071225	
116	1.485	-2158.221501874427	1052.603356532245	2508.584385860257	-2076.163480429831	971.1285980745198	2383.749191504781	-2105.743341480571	896.572139298049	2509.843999037342	-2462.648657578093	685.0982329784609	2373.404694039233	-2446.650491182197	668.7561609038569	2631.71940281445	-2599.807128380223	778.7440174344663	2450.167990241668	-2575.088673401618	781.9155034521362	2567.240188100192	-2527.009464002846	663.7971967596479	2292.193097488338	-2551.076461663051	655.2886568421475	2704.795305831925	-2385.484786911771	672.9719857917257	2367.682536480012	-2494.582561041681	520.6967129746428	2333.781880807654	-2426.51688567965	634.4151691455202	2296.249851593672	-2191.918745693691	487.8031709044511	2273.049006708851	-2176.104335636374	482.3000323511274	2399.509487851153	-2291.942319405576	384.7469319012177	2279.258746297013	-2231.893618354487	234.7400590249027	2314.740628549226	-2219.318946189079	317.889798568553	2385.062186963795	-2354.279647001221	110.234970612905	2290.324965575162	-2324.128356140113	109.3376015049761	2384.328141109258	-2198.893479104648	64.27851136950329	2350.789241346811	-2248.679076685863	54.88241832240546	2235.7588253315	-2419.131517737883	73.43932932294466	2348.429905502218	-2476.025876018624	504.7332635942234	2671.044141583074	-2417.993062602672	620.0568803218397	2720.231507319993	-2373.216883427635	657.5979949780943	2633.343351494133	-2202.451934636643	479.1501017203726	2743.84186818313	-2158.914254236917	483.6715682991656	2617.426883987298	-2232.40200123162	246.8850435675979	2704.02608442353	-2267.155653776523	397.8695943266343	2742.696335070218	-2203.808256607695	349.1844452205557	2632.364170497293	-2360.84878643368	105.2397668430043	2708.363956367185	-2322.41988834869	107.4032488698331	2618.390615327027	-2209.00606811831	63.65961852210516	2654.128633109522	-2244.866139236128	61.12900457606242	2761.111201227213	-2428.082806458214	74.84587770525461	2654.84221554343	
117	1.49	-2157.909072987353	1050.600562090294	2508.380429164114	-2075.841263751631	968.9183849949719	2383.735934487606	-2105.320014636168	894.4902455189875	2509.752234132943	-2463.142772225397	684.0172334734724	2373.556843881888	-2447.083470254324	667.825798580436	2631.854907103606	-2600.289093083475	777.5431876253705	2450.208194955078	-2575.472771914758	780.8163666933733	2567.260864054262	-2527.363633037163	662.6782619715589	2292.236591040215	-2551.508441057717	654.379960867207	2704.92329363407	-2386.074343266871	672.2441781588807	2367.956395177045	-2494.733207011861	519.7009360348814	2333.95347536997	-2426.912419721891	633.6113056450495	2296.455161766031	-2191.91274096062	487.7538601066563	2273.2951308778	-2176.109002909033	482.2338174199572	2399.817372215106	-2291.955280153435	384.7432816297006	2279.60260765902	-2231.852778374336	234.7331906100575	2314.878170167158	-2219.212913261366	317.7919505286293	2385.274573981074	-2354.264730269498	110.2626780110167	2290.454508082521	-2324.112467780717	109.2670163141095	2384.425027513113	-2198.888405787542	64.27478888424992	2350.814087163551	-2248.675856991981	54.89907641476503	2235.812900787086	-2419.097118540089	73.44906209593211	2348.486457315894	-2476.211452851921	503.9158598486574	2671.298840580051	-2418.43386729617	619.4279554482393	2720.443259403703	-2373.793221972175	656.933137861026	2633.454637978061	-2202.526242579008	479.0882017020632	2744.062271665088	-2159.014356223036	483.6839097471873	2617.638742867645	-2232.430157219729	246.8816244616861	2704.12360956522	-2267.203478546949	397.814853528647	2742.870727782925	-2203.831421140374	349.2268130482134	2632.497562627037	-2360.855940424673	105.2294431358376	2708.377707007962	-2322.409054841062	107.4200546944333	2618.410392820963	-2209.006776394499	63.66280267552123	2654.138452992087	-2244.871253760343	61.13357337286468	2761.11461250034	-2428.0913818245	74.85181827619176	2654.848093020365	
118	1.495	-2157.610606894141	1048.668454167315	2508.176718375425	-2075.530285779617	966.7781753852315	2383.721723493829	-2104.902285776848	892.4811047460203	2509.662044923063	-2463.632159073871	682.9693296130641	2373.696654992787	-2447.49407342494	666.9218552814846	2631.992893515468	-2600.76406616021	776.3781809793376	2450.252451435892	-2575.846532646842	779.7518328851228	2567.283199568836	-2527.721275946211	661.5874813789293	2292.274666562279	-2551.921705395278	653.5045410361085	2705.050046596134	-2386.658314638993	671.5402876553162	2368.19366993419	-2494.89255885595	518.7316430999489	2334.116121973309	-2427.318549480396	632.8299793125033	2296.637553824637	-2191.93147834563	487.7066964523685	2273.485963949524	-2176.116070917302	482.1813148184042	2400.066618296911	-2291.983864354896	384.7365559634192	2279.904967457158	-2231.819237620564	234.7305263054704	2314.986763733003	-2219.114632914478	317.7061973331867	2385.448648075058	-2354.250562675547	110.2871895967413	2290.578990505694	-2324.096629797269	109.1998702077804	2384.515204803865	-2198.884570412387	64.27096919815972	2350.83667613223	-2248.673747307303	54.91342652775403	2235.862939268578	-2419.061975079525	73.45918417517018	2348.542687016058	-2476.391214589785	503.1235102175693	2671.572342024382	-2418.86571707173	618.821375677519	2720.672823452481	-2374.345724149587	656.285257948921	2633.594788049885	-2202.605310076414	479.0267290813217	2744.333947761796	-2159.105010726247	483.6975864793261	2617.904198945783	-2232.460837784597	246.8773465085787	2704.248972350795	-2267.255566857475	397.7537288901474	2743.094688002928	-2203.85358928417	349.276934015634	2632.669140041677	-2360.863640605212	105.2167111663495	2708.395712611135	-2322.401831830856	107.4424215925142	2618.436412534377	-2209.00996657849	63.66345139907358	2654.153327179423	-2244.876494885833	61.1375383865552	2761.121589535077	-2428.099774076309	74.86004701238298	2654.854954608168	
119	1.5	-2157.325973827902	1046.806169996954	2507.974965158727	-2075.230659454919	964.7080200820221	2383.70784672825	-2104.492286081445	890.5441152232376	2509.574456135798	-2464.117088013999	681.9553926530169	2373.823930313383	-2447.882406930076	666.0423612927639	2632.13198589795	-2601.23274946012	775.2481433059835	2450.301900222103	-2576.210489958455	778.7203594472342	2567.308423614885	-2528.083715444452	660.5260646794756	2292.307978937189	-2552.315857233452	652.659215454831	2705.175303579568	-2387.236761411359	670.8611136528164	2368.39263094191	-2495.060972635897	517.7893121855923	2334.267012566624	-2427.736013559205	632.0723671824511	2296.795627493365	-2191.975665829682	487.6621063628017	2273.617426654032	-2176.125484864088	482.1427888521531	2400.252682002169	-2292.028327763884	384.7264658261457	2280.16122869217	-2231.793573989044	234.7321967012626	2315.064542954334	-2219.024983015869	317.6338119556987	2385.581285489493	-2354.23704654097	110.308268776283	2290.697155527832	-2324.080469048299	109.1371229577636	2384.59778192177	-2198.881991382498	64.26710010787821	2350.856558722736	-2248.672859926179	54.92526997333162	2235.908211739256	-2419.026250293686	73.46987610184507	2348.598161323072	-2476.564015539485	502.3545372067292	2671.862795074228	-2419.287955072783	618.2353685836681	2720.918386227427	-2374.874171084405	655.6527977830882	2633.761706397869	-2202.687795425837	478.9652292605313	2744.654440562765	-2159.18515215155	483.7119078568725	2618.220612244311	-2232.493444783769	246.8722872047176	2704.400575546882	-2267.310847048591	397.6861764097938	2743.366536226731	-2203.873965712664	349.3340895710404	2632.877124246285	-2360.871776199555	105.2018313099992	2708.417599153677	-2322.398422488777	107.4700282386088	2618.468164605451	-2209.015713215183	63.6616315970301	2654.17290065741	-2244.881919000947	61.14097254624296	2761.132165488882	-2428.107740805884	74.87061540493809	2654.862427934565	
120	1.505	-2157.054998486054	1045.012734434874	2507.776813201225	-2074.942506167011	962.7079130283751	2383.695595089485	-2104.09220926429	888.6785661137772	2509.490478336979	-2464.597764578071	680.976329852928	2373.938705901802	-2448.248860006747	665.185615777884	2632.270923100088	-2601.695810745848	774.1523596075635	2450.357647851109	-2576.565243408741	777.7205951627377	2567.337782103571	-2528.452056958869	659.4953428478065	2292.337310918341	-2552.69076724355	651.8409509568683	2705.298869551592	-2387.809638676375	670.2074538288404	2368.552189492424	-2495.238653822897	516.8745510888568	2334.40363676123	-2428.165272673416	631.3396968870518	2296.928438596765	-2192.045763410885	487.6205930019978	2273.686343875311	-2176.137268706324	482.1183909860496	2400.371971261314	-2292.088814242572	384.7128106706228	2280.367415338882	-2231.776295719571	234.738336393376	2315.110058069474	-2218.944781926812	317.5759187345648	2385.669968978175	-2354.224089338319	110.3257379960527	2290.807823018039	-2324.063667745073	109.0796636891665	2384.671943932945	-2198.880660556378	64.26323204883025	2350.873314825313	-2248.673288168839	54.93444129697813	2235.948070477877	-2418.990129641013	73.4813065757543	2348.65244353254	-2476.728901728773	501.6074300466336	2672.168096143817	-2419.700012011515	617.6682478724671	2721.177950116941	-2375.378610178149	655.0343429023362	2633.952954690569	-2202.772421364014	478.9032898396414	2745.020426631818	-2159.254097384726	483.7262217594526	2618.584473766524	-2232.52741526017	246.8666098048751	2704.576344826309	-2267.368335386191	397.61231822279	2743.683681644232	-2203.89196896828	349.3974985221876	2633.119114382913	-2360.880245381138	105.1850778171824	2708.442921134523	-2322.398988886591	107.5024386936424	2618.505078337177	-2209.024034889332	63.65747897169743	2654.196739602015	-2244.887584788881	61.14396351988835	2761.146314448185	-2428.115054139498	74.88350428063642	2654.870121014329	
121	1.51	-2156.797465907113	1043.287055057267	2507.583809813021	-2074.665959387248	960.7777673381262	2383.686228824483	-2103.704271221312	886.8836163003564	2509.411069792705	-2465.074326443883	680.0330427867738	2374.041257312994	-2448.594093907679	664.3501989268734	2632.408604090906	-2602.153871934413	773.0902463426204	2450.420748793257	-2576.911459001237	776.7513664502044	2567.372521139703	-2528.827158968734	658.4967221057382	2292.363547244393	-2553.046592126878	651.046874494411	2705.420615123566	-2388.376801331006	669.5800683976648	2368.671918192951	-2495.425659853302	515.9880598969033	2334.52383360414	-2428.606501088165	630.6331967697072	2297.035519242332	-2192.14196672852	487.5827138092139	2273.690526580393	-2176.151519349613	482.1081438902027	2400.421932316583	-2292.165344840932	384.6954780750202	2280.520263686874	-2231.767818190378	234.7490771538604	2315.122303260006	-2218.874763277932	317.5334556706697	2385.712849641274	-2354.211605804956	110.3394812365562	2290.909918215783	-2324.045968765517	109.0282886865534	2384.736977248099	-2198.880542717655	64.25941597273633	2350.886562988034	-2248.675104348805	54.94081116489191	2235.981962478408	-2418.953817712317	73.49362537647148	2348.705103084183	-2476.885125240079	500.8808406284818	2672.485909276218	-2420.101422061007	617.1184161463784	2721.449381393387	-2375.859359798461	654.4286481808659	2634.165824798923	-2202.857999415768	478.8405370588985	2745.427784126281	-2159.311539012343	483.7399270704097	2618.991477370021	-2232.562225411515	246.8605441879202	2704.773777765365	-2267.427142920729	397.5324369870524	2744.042670126047	-2203.9072196864	349.4663202736097	2633.392136018789	-2360.888953132377	105.1667347231552	2708.471172219277	-2322.403638455005	107.5391124747675	2618.546528990596	-2209.034891140345	63.6511908615826	2654.224343753192	-2244.893551034162	61.14660873765521	2761.163950312859	-2428.121504474137	74.89862442421351	2654.87763245967	
122	1.515	-2156.553128956385	1041.627919734344	2507.397381839703	-2074.401166330809	958.9173922798659	2383.680946156541	-2103.330667762849	885.1582774159641	2509.337102543585	-2465.546844927404	679.1263850870782	2374.132096920135	-2448.91902444414	663.5349771700205	2632.54412066466	-2602.60749908363	772.0613421339229	2450.492186729319	-2577.249865641374	775.8116618111793	2567.413866992356	-2529.209614989269	657.5316349258034	2292.387645882368	-2553.383780398568	650.2742861196319	2705.540473168468	-2388.938017135875	668.9796460659204	2368.752055342081	-2495.621910377178	515.1305926197039	2334.625836132521	-2429.059588919471	629.954046557757	2297.116885436219	-2192.264198814308	487.5490575782252	2273.628836046088	-2176.168406165616	482.111928309395	2400.401117286454	-2292.25781227537	384.6744421361531	2280.617306625444	-2231.768446249098	234.7645402801529	2315.100738897485	-2218.815559923105	317.5071432320295	2385.708797827399	-2354.199521116966	110.3494445585094	2291.002497530029	-2324.0271794056	108.9836814533431	2384.79229360821	-2198.881576374195	64.25570186733654	2350.895969217626	-2248.678358629765	54.94428885367171	2236.009440988741	-2418.917534959512	73.50695610077597	2348.755724251787	-2477.032152395133	500.1735784488841	2672.813692665584	-2420.491833696969	616.5843694318692	2721.730456082841	-2376.31700505715	653.8346614645493	2634.397412487596	-2202.943450040046	478.7766346741488	2745.871678045257	-2159.357530196341	483.7524860796428	2619.436607099524	-2232.597394075413	246.8543651617937	2704.990001797645	-2267.486479347956	397.4469665804085	2744.439254413526	-2203.919523972233	349.5396599612793	2633.692699989273	-2360.897809168984	105.1470916299198	2708.501797730953	-2322.412412257902	107.5794178056087	2618.591844966933	-2209.048181425529	63.64301703082196	2654.255159561092	-2244.899874208379	61.14901009902916	2761.184926808703	-2428.126904534588	74.91581904650924	2654.884562814909	
123	1.52	-2156.321716959453	1040.033996614103	2507.218816517755	-2074.14828799722	957.1264721756706	2383.680855224919	-2102.973531452545	883.5014019497005	2509.269334180162	-2466.015330802135	678.2571208002337	2374.211962132614	-2449.224799171337	662.7391015594822	2632.676776095717	-2603.057194510823	771.0652969964541	2450.572855424877	-2577.58124645496	774.900616312043	2567.463003003856	-2529.599747547019	656.6014889190009	2292.410607844488	-2553.703064970149	649.5206756080806	2705.658433478775	-2389.492986612422	668.4067725148237	2368.793493773186	-2495.827203671231	514.3029187622273	2334.708307828701	-2429.524154616762	629.3033299193277	2297.173031925725	-2192.412109453713	487.5202216998529	2273.501227722483	-2176.188174470253	482.1294734454891	2400.309230478842	-2292.365980311909	384.6497608695648	2280.656948477064	-2231.778362203944	234.7848286050609	2315.045307407264	-2218.767695919693	317.4974605778128	2385.657441035811	-2354.187774729849	110.3556348983257	2291.084771247782	-2324.007173568442	108.9463956753418	2384.837451862549	-2198.883675751726	64.25213800203582	2350.901255082424	-2248.68307872209	54.94482432445918	2236.030174884362	-2418.881514416536	73.52138924902084	2348.803913824197	-2477.16966584176	499.4846061319584	2673.148732462591	-2420.871014836667	616.0647047160684	2722.018902029662	-2376.752384945	653.2515436884606	2634.644688172108	-2203.027817873934	478.7112862518357	2746.346659078426	-2159.3924621219	483.7634361581361	2619.914237275893	-2232.632485553281	246.8483697876788	2705.221839000637	-2267.545654172223	397.3564796786349	2744.868484074099	-2203.928853128467	349.6165759933329	2634.016869531436	-2360.906726044814	105.1264395227221	2708.534208426194	-2322.425275601992	107.6226477219268	2618.640315454072	-2209.063746147938	63.63324905157033	2654.288593516133	-2244.906605774315	61.15126886841902	2761.209038581051	-2428.131093644898	74.93486814785919	2654.89052668405	
124	1.525	-2156.102944927539	1038.503836392165	2507.04924765616	-2073.907498024489	955.4045481306193	2383.686950385467	-2102.634888645682	881.9116768952204	2509.208386384773	-2466.479743433883	677.425884672503	2374.281795007112	-2449.512770183985	661.961999774729	2632.806089479509	-2603.503391260977	770.10186006504	2450.663539604844	-2577.906425150485	774.0174975700526	2567.521044013674	-2529.997613690391	655.7076147732267	2292.433446963828	-2554.005442479959	648.7837439058794	2705.774536544739	-2390.041367977219	667.8619020429296	2368.797755059007	-2496.041237145851	513.505785574091	2334.770370150089	-2429.999566322364	628.6819902198081	2297.204914530961	-2192.585081344987	487.4967901211473	2273.308772468263	-2176.211151086337	482.1603514294662	2400.147151296517	-2292.489487208762	384.6215728623442	2280.638527399017	-2231.797619260958	234.8100186800498	2314.956441507158	-2218.731584779282	317.5046296468212	2385.559186854231	-2354.176324386353	110.3581173832251	2291.156122522047	-2323.985892374563	108.9168416720919	2384.872176588211	-2198.886733761362	64.24877091414562	2350.902204821653	-2248.689270317507	54.94240985763064	2236.043955563403	-2418.845998248989	73.53697620431143	2348.849307747866	-2477.297560871384	498.8130366774916	2673.488184418472	-2421.238852019818	615.5581311908225	2722.312436314528	-2377.166571440062	652.678684554401	2634.904561812509	-2203.110281694034	478.6442413792914	2746.846773304596	-2159.417035176339	483.7724001070092	2620.418242439388	-2232.66711163629	246.8428552802902	2705.465875533841	-2267.604075556898	397.2616728652285	2745.324812099709	-2203.935320979674	349.6960903849848	2634.360333969066	-2360.915617531234	105.1050668167408	2708.567794953323	-2322.442111425426	107.6680386299564	2618.691198645682	-2209.08136965243	63.62220902871709	2654.324025158759	-2244.913789221907	61.15348118862845	2761.236023318025	-2428.133942062421	74.95549475362368	2654.895165205717	
125	1.53	-2155.896522782846	1037.035876714232	2506.889647271345	-2073.6789808062	953.751003358406	2383.700093589434	-2102.316617889792	880.3876230192719	2509.15473083327	-2466.94000207694	676.6331457848426	2374.342714253693	-2449.78446341048	661.2033624008212	2632.931786798635	-2603.946449948274	769.1708657026197	2450.764896384976	-2578.226248140975	773.1616941538196	2567.58900915891	-2530.40302086773	654.8512147321674	2292.457160879364	-2554.292140307815	648.0614295573561	2705.888867512615	-2390.582804888086	667.3453329440274	2368.766950364501	-2496.263629573117	512.7398816844701	2334.811620388414	-2430.48497032714	628.0907907726383	2297.213920710914	-2192.782242060767	487.4793125195061	2273.053653468446	-2176.237749866547	482.2039762969401	2399.916932150776	-2292.627852165382	384.5900934262145	2280.562361976829	-2231.826140004051	234.8401535630898	2314.835063868909	-2218.707531930575	317.528607092496	2385.415229273873	-2354.165149768679	110.3570114649902	2291.216122117355	-2323.96334317798	108.8952768223235	2384.896372674684	-2198.890625690262	64.24564608314009	2350.898671179641	-2248.69691812545	54.93708120904142	2236.050701070972	-2418.81123399002	73.55372461004248	2348.891576785951	-2477.415936547964	498.1581330202164	2673.82912320261	-2421.595343824822	615.0634852691055	2722.608797771572	-2377.560841526722	652.1157127752163	2635.173939670612	-2203.19015910919	478.5753057067482	2747.365679847947	-2159.432225175225	483.779094707336	2620.942114139787	-2232.700932770746	246.8380988659154	2705.71853361277	-2267.661247283803	397.1633499366216	2745.802214548134	-2203.939160060953	349.7772020522356	2634.718487330242	-2360.924397364626	105.0832558265204	2708.601942390299	-2322.462716818618	107.7147908090859	2618.743730616385	-2209.100785003843	63.61023839231136	2654.360819392506	-2244.921456966325	61.15573449302089	2761.265564858707	-2428.135355189545	74.97737290410193	2654.898158322896	
126	1.535	-2155.702164005905	1035.628448560697	2506.740822552985	-2073.46292926037	952.1650526571941	2383.7210012139	-2102.020410895486	878.9275994753668	2509.108682583953	-2467.39599821429	675.8791759886641	2374.395981124186	-2450.041545394279	660.4631241611663	2633.053780786202	-2604.386657827356	768.2722178251981	2450.877437928661	-2578.541563610599	772.3327067292774	2567.667794134416	-2530.81555141803	654.0333133488789	2292.482704330695	-2554.564573085124	647.3519392246715	2706.001551227135	-2391.11695460574	666.8571872168222	2368.703729466377	-2496.493942657685	512.0058028566224	2334.832139196372	-2430.979324524043	627.5302808285762	2297.201829577948	-2193.002480729582	487.4682851416084	2272.739137861375	-2176.268475077223	482.2596076661678	2399.621770536291	-2292.780483659832	384.5556104443579	2280.429778554176	-2231.863719428594	234.8752364665972	2314.682577781485	-2218.695739316081	317.5690836475713	2385.227537222916	-2354.154255321102	110.3524861630887	2291.264538514661	-2323.9395969875	108.8818003286601	2384.910135122123	-2198.895213368893	64.24280916619482	2350.89057972805	-2248.705987344571	54.92891821842881	2236.050457226029	-2418.777470382289	73.57159556979192	2348.930431290066	-2477.525082398958	497.5193098882661	2674.168598483709	-2421.940589175939	614.5797487972415	2722.905774850752	-2377.936643326184	651.562499967852	2635.449771501266	-2203.266906432426	478.5043541604804	2747.896773536721	-2159.439246003989	483.7833371292131	2621.47908158602	-2232.733658376863	246.8343407131853	2705.976144056521	-2267.716764245989	397.0624040210658	2746.294319365184	-2203.940697916287	349.8589029260974	2635.086510460199	-2360.932978451669	105.06127981795	2708.636044306644	-2322.486802928573	107.7620902172212	2618.797134876185	-2209.121680287711	63.59768734699764	2654.398337858016	-2244.929627335145	61.15810494028788	2761.297297251778	-2428.135277434193	75.00013717443241	2654.899236205555	
127	1.54	-2155.519593186561	1034.279784492758	2506.603417796515	-2073.259542517983	950.6457363406925	2383.750236386449	-2101.747737284361	877.529813223118	2509.070400632009	-2467.847607968617	675.1640245067669	2374.4429611162	-2450.285788722926	659.74144076507	2633.172142348974	-2604.824229863344	767.4058723734744	2451.001516047263	-2578.853199043424	771.5301417773118	2567.758144184439	-2531.234593489241	653.2547123660382	2292.510965690917	-2554.824291240805	646.6537804604984	2706.112748977769	-2391.643514225519	666.3973952175076	2368.611219631347	-2496.731699857463	511.3040206570899	2334.832487205056	-2431.481434598994	627.0007684458118	2297.170762989584	-2193.244468338709	487.4641337154251	2272.369522918263	-2176.303920814801	482.3263590640965	2399.265955271229	-2292.946688618926	384.5184799935384	2280.243116131325	-2231.910031982408	234.9152253344859	2314.500848948627	-2218.6963102631	317.6254902111979	2384.998824814877	-2354.143671861195	110.3447546744605	2291.301343100775	-2323.914784316339	108.8763525411523	2384.913753466117	-2198.900349584643	64.2403075870899	2350.877931492943	-2248.716425381113	54.91804477042915	2236.043395618734	-2418.744952825461	73.59050296937579	2348.965625180485	-2477.625461499038	496.8961373980137	2674.503696160573	-2422.274771610984	614.1060692929681	2723.201229417562	-2378.295557757854	651.0191575473983	2635.729087722036	-2203.340114568318	478.4313461648301	2748.433309640226	-2159.439509988532	483.7850489555405	2622.022233323552	-2232.765046390229	246.8317707464343	2706.235017656426	-2267.7703068878	396.9597990425263	2746.794540460683	-2203.940334640313	349.9401964245106	2635.459455370905	-2360.941272591514	105.0394007522268	2708.669515871698	-2322.513998378668	107.8091308267947	2618.85063256469	-2209.143706116938	63.58490538786508	2654.435949243022	-2244.938301905541	61.16065587818533	2761.330809735347	-2428.133695423286	75.02339339577459	2654.898189140637	
128	1.545	-2155.348552064919	1032.988028678903	2506.477920703911	-2073.069023650231	949.1919186758196	2383.788206546991	-2101.499814256304	876.1923325685116	2509.03989486909	-2468.294703790228	674.4874998126613	2374.485083742012	-2450.519037354494	659.0386620171934	2633.287066651699	-2605.259311566235	766.5718181051586	2451.137309475293	-2579.161938884651	770.7537072729303	2567.860629251436	-2531.659375950995	652.5159515734207	2292.542747447647	-2555.072924689233	645.9657941145829	2706.222657157888	-2392.162242879712	665.9656858094869	2368.492956224948	-2496.976400876535	510.6348548887631	2334.813690290165	-2431.98999069357	626.5023012210567	2297.123129667294	-2193.506680598875	487.4671988076949	2271.950057509085	-2176.344765089343	482.4032105895381	2398.854787818211	-2293.125681539412	384.4791216687235	2280.005706306399	-2231.964641989333	234.9600283198323	2314.29217890223	-2218.70925317807	317.6970097866183	2384.732503561777	-2354.133456712797	110.334068560709	2291.326710294245	-2323.889089516917	108.8787188800291	2384.907710428872	-2198.90588253468	64.2381921982156	2350.860803764639	-2248.728163631579	54.90462800176674	2236.029808447044	-2418.713918510695	73.61031505410457	2348.99695921504	-2477.717690774825	496.2883453457414	2674.831602506817	-2422.598140877062	613.6417805248381	2723.493117254302	-2378.63925734202	650.4860263737827	2636.00902707496	-2203.409501994373	478.3563413371447	2748.968527909237	-2159.434587165726	483.7842576427351	2622.564637367989	-2232.794902126007	246.8305198329685	2706.491513854355	-2267.821634993064	396.8565509475803	2747.296213213659	-2203.938522562219	350.0201175346764	2635.832330670632	-2360.949190723151	105.0178677601506	2708.701805630087	-2322.543856191536	107.8551366316992	2618.903453192301	-2209.16648399672	63.57223312701647	2654.473038494899	-2244.94746342901	61.16343726424323	2761.36565259694	-2428.130640217249	75.04673016558375	2654.894875234406	
129	1.55	-2155.188803790232	1031.751248647156	2506.364672247998	-2072.891577404513	947.8022906624303	2383.835165740355	-2101.277582183007	874.9131041000671	2509.017038307796	-2468.737164793844	673.8491595191637	2374.523802681284	-2450.743173008826	658.3553018184305	2633.398836976448	-2605.691983368305	765.7700561802956	2451.284814557402	-2579.468503980297	770.003209329221	2567.975622777764	-2532.08900481211	651.8172773927638	2292.578751079227	-2555.312125123626	645.2871831928046	2706.331507560613	-2392.672978225957	665.5615824269953	2368.35280710507	-2497.22753091861	509.9984506562183	2334.77721331033	-2432.503602435594	626.034655643028	2297.061564493465	-2193.78742240043	487.4777239582846	2271.486840535424	-2176.391757786128	482.4890253945117	2398.394480520246	-2293.316592936887	384.4380133702013	2279.721826706074	-2232.027016733256	235.0095001656242	2314.059270598391	-2218.734483153188	317.7825943527673	2384.432617578016	-2354.123692225884	110.3207116735282	2291.341012610136	-2323.862743703567	108.8885381821318	2384.892674599518	-2198.911660145465	64.23651869509146	2350.839349048048	-2248.741119192504	54.88887666923492	2236.010100264218	-2418.684591391593	73.6308581990133	2349.024283615715	-2477.802519280041	495.6958267650936	2675.149668501788	-2422.910993365479	613.1864213356247	2723.779506039686	-2378.969463893622	649.9636593041001	2636.286856111292	-2203.474905954479	478.2795139012431	2749.495773407427	-2159.426164421202	483.7810953058287	2623.099457546598	-2232.823076580847	246.8306555148328	2706.74210546954	-2267.870581197934	396.7537089841657	2747.792727825466	-2203.935748630796	350.0977535514011	2636.200186908662	-2360.956643671552	104.9969162778235	2708.732405668246	-2322.575864041297	107.8993824384054	2618.954845785675	-2209.189615202979	63.55999554390692	2654.50901496077	-2244.957074535759	61.16648590321147	2761.40134383244	-2428.126188187347	75.06973068206877	2654.889225377373	
130	1.555	-2155.040135288362	1030.567448707074	2506.263879150162	-2072.727407789403	946.4753768421241	2383.891220952306	-2101.081686934069	873.6899723123998	2509.001583202624	-2469.174885243008	673.2483085869351	2374.560558415161	-2450.960083502044	657.6920056742825	2633.507789239126	-2606.122266287731	765.0005792453451	2451.443840077488	-2579.773534264556	769.2785485130593	2568.103285594783	-2532.522498791477	651.1586207323833	2292.619566497869	-2555.543510456981	644.617534700484	2706.439568592558	-2393.17564607471	665.1844052706539	2368.19489300277	-2497.484564509845	509.3947609103762	2334.724922568804	-2433.020830560489	625.5973355609311	2296.988865217259	-2194.084853036288	487.4958468613816	2270.986698986688	-2176.445702325077	482.5825693502411	2397.892034456727	-2293.518476794628	384.3956851784291	2279.396627614087	-2232.096541409986	235.0634395996944	2313.805186733279	-2218.771821170009	317.8809858126788	2384.103763525238	-2354.114482692623	110.3049939335071	2291.344810855532	-2323.836016422714	108.9053150597676	2384.869487168343	-2198.917534133525	64.23534846632452	2350.813792211506	-2248.755196430949	54.87103862569182	2235.984776832515	-2418.657177175732	73.65192261698056	2349.047500118708	-2477.880805064298	495.1186390559062	2675.455471306918	-2423.213652889352	612.739750351448	2724.058591472053	-2379.287906889709	649.4527971177909	2636.559982411996	-2203.536272841661	478.2011640126912	2750.008611953799	-2159.416005225894	483.77579479707	2623.620064152381	-2232.849464291724	246.832182145837	2706.983438457668	-2267.91704455643	396.6523371861226	2748.277657299535	-2203.932519686731	350.1722643971729	2636.558200591821	-2360.963543381481	104.976767630891	2708.760859982692	-2322.609457500135	107.9412125822908	2619.004090241029	-2209.21268986049	63.54849666994767	2654.543319504557	-2244.967077362688	61.16982629530133	2761.437376456729	-2428.120460312712	75.09198440826381	2654.881245087881	
131	1.56	-2154.902357794052	1029.43458495879	2506.175627957407	-2072.576715264035	945.209545735057	2383.956341696417	-2100.912469492936	872.5207012426501	2508.993179663864	-2469.607780774685	672.6840057800212	2374.596745008827	-2451.171633444968	657.0495163636228	2633.61427967564	-2606.550128538514	764.2633508383943	2451.614006904751	-2580.077575860067	768.5797144109515	2568.243556137472	-2532.958822014765	650.5395853166938	2292.665665987864	-2555.768614708463	643.9568310667747	2706.547146401184	-2393.670262607498	664.8332796173794	2368.023506167186	-2497.746964378264	508.8235352573237	2334.659037773689	-2433.540213818845	625.1895799392609	2296.907928770208	-2194.397011577472	487.5215937786776	2270.457049216491	-2176.507431416237	482.6825332523649	2397.355100388218	-2293.730316963785	384.3527118910181	2279.036032948301	-2232.172535148067	235.1215879507426	2313.533301366902	-2218.820991155199	317.9907402989683	2383.750997682405	-2354.105949811692	110.2872450421909	2291.338839860672	-2323.809206290089	108.928435639299	2384.83914298497	-2198.923363734473	64.23474860460216	2350.784425994896	-2248.770288415733	54.85139737923885	2235.954431433492	-2418.631858517039	73.67326959480529	2349.066563512439	-2477.953491148982	494.557000930819	2675.746869753353	-2423.506453175524	612.3017541934483	2724.328712018989	-2379.596284183172	648.9543385098524	2636.825963793951	-2203.593648504376	478.1217243117181	2750.500938349886	-2159.405910469668	483.7686831440719	2624.120137370137	-2232.874000864539	246.83504500624	2707.212385921553	-2267.960984412102	396.553496093991	2748.744877272823	-2203.929350485057	350.2429014147943	2636.901755561828	-2360.969804672302	104.9576287168662	2708.78677092597	-2322.644035780555	107.9800567853642	2619.050508628913	-2209.235295942898	63.53801564168851	2654.575430655446	-2244.97739418991	61.173471849794	2761.473226255743	-2428.113619765953	75.11309805267531	2654.87101306397	
132	1.565	-2154.775305758228	1028.350581770064	2506.099899730785	-2072.43969327475	944.0030234475871	2384.030372025662	-2100.769963144698	871.402997484386	2508.991395476791	-2470.035792059524	672.1550779579404	2374.633682219433	-2451.379637246508	656.4286385084739	2633.718657754824	-2606.975492658573	763.5582859605807	2451.794752990933	-2580.381073348442	767.9067771185964	2568.396147920668	-2533.396912287193	649.9594472337417	2292.717402383426	-2555.988846086703	643.3054482205933	2706.654584827671	-2394.156929243238	664.5071499768513	2367.843029514101	-2498.014176439804	508.2843156926479	2334.582074786588	-2434.060290444758	624.8103796901449	2296.821689261308	-2194.72184204505	487.5548772743145	2269.905745823812	-2176.577777829055	482.787556966942	2396.7918268533	-2293.951032701345	384.3097038630136	2278.64661817762	-2232.254267355228	235.1836292148991	2313.247245647323	-2218.881615622472	318.1102552849425	2383.379733057627	-2354.09822697991	110.26780818783	2291.323990339905	-2323.782630865437	108.9571858744336	2384.802766470734	-2198.929019070851	64.23479088026298	2350.751605116049	-2248.786278252321	54.83026773465154	2235.91972914711	-2418.608790560038	73.69463975690526	2349.081482714863	-2478.021581080691	494.0112836312372	2676.022050865129	-2423.789723214541	611.8726470876924	2724.588362578801	-2379.896226496665	648.4693050517253	2637.082515861327	-2203.647168951977	478.0417603183785	2750.967075908671	-2159.397680702679	483.7601725137859	2624.593762262366	-2232.89666027228	246.8391377171313	2707.426095808156	-2268.002414741033	396.4582246566106	2749.188675415514	-2203.926754109121	350.3090235704471	2637.226520420494	-2360.975347544317	104.9396913772185	2708.809803668682	-2322.678979289342	108.0154424989495	2619.093476131559	-2209.257027942615	63.5288040051577	2654.604869846726	-2244.987929094761	61.1774262265434	2761.508359751961	-2428.10586772614	75.13270535580013	2654.85867650629	
133	1.57	-2154.658834470052	1027.313349567234	2506.036584472549	-2072.316523938249	942.8539099626872	2384.113044172839	-2100.653898241278	870.3345339915069	2508.995736038455	-2470.458885745328	671.6601414930938	2374.672593647332	-2451.585834045577	655.8302028675578	2633.821245816396	-2607.398242673182	762.8852336323106	2451.985344020042	-2580.684367487239	767.259874650062	2568.560554838421	-2533.83570397753	649.417165891958	2292.775011102555	-2556.205455253368	642.6641382626226	2706.762263204979	-2394.635820785041	664.2047995806971	2367.657858344598	-2498.285622337398	507.7764396987185	2334.49678088913	-2434.579614082729	624.4585029436932	2296.733059489154	-2195.057218271673	487.5954972654562	2269.340923025901	-2176.657541549314	482.8962549465871	2396.210699856127	-2294.179483729208	384.2672959709499	2278.235469018176	-2232.340973748806	235.2491917399661	2312.950848730915	-2218.953210985959	318.2377990886709	2382.995629856595	-2354.091452793835	110.2470338053764	2291.301287594429	-2323.756616066597	108.9907715294286	2384.761583172238	-2198.934384150591	64.23554958959015	2350.715739247873	-2248.803040385407	54.80799054970515	2235.881389732488	-2418.588096951664	73.71576183607624	2349.092321408593	-2478.086114539079	493.4819953267539	2676.279564872341	-2424.063776315279	611.4528603478268	2724.836207170875	-2380.189266808537	647.9988022602777	2637.32752014852	-2203.69705172352	477.9619637404527	2751.401866109215	-2159.393079990763	483.7507489593801	2625.035514382294	-2232.917452011396	246.8443121063137	2707.622031892721	-2268.041399053033	396.3675222341603	2749.603848603821	-2203.925234310147	350.37011013199	2637.528520752011	-2360.980099969637	104.9231311129676	2708.829688694315	-2322.713668111231	108.0470032676341	2619.132431237633	-2209.277494991034	63.52108410974047	2654.631205813503	-2244.998570547933	61.18168462507712	2761.542242205472	-2428.097437410461	75.15047522848319	2654.844443482201	
134	1.575	-2154.552816820528	1026.320803746715	2505.985494601184	-2072.207372763397	941.7601976345754	2384.203993110513	-2100.563714293468	869.3129741505737	2509.005663563759	-2470.877052725648	671.1976298632279	2374.714591201312	-2451.791864123006	655.2550312269783	2633.922326248037	-2607.818230812704	762.2439621961153	2452.184889709826	-2580.987698141712	766.639195762422	2568.736064421607	-2534.274145185529	648.9114059809689	2292.838615557574	-2556.419514871735	642.0339958671191	2706.870591292148	-2395.107167993944	663.9248744643505	2367.472326400181	-2498.560691178739	507.2990508014699	2334.406064642903	-2435.096764657642	624.132527669281	2296.644877480269	-2195.400968526807	487.643145280131	2268.770833554224	-2176.74745507441	483.007242497999	2395.620378716469	-2294.414475374335	384.2261347649783	2277.810025686902	-2232.431871569758	235.3178515725244	2312.648075278924	-2219.035183842336	318.3715424254223	2382.604482818024	-2354.085764217885	110.2252734690755	2291.271867806682	-2323.731485432067	109.0283389135319	2384.716887976434	-2198.939359482495	64.23709833297244	2350.677285122218	-2248.820441946395	54.78492669277013	2235.840169791736	-2418.569866417172	73.73636146150297	2349.099198208951	-2478.148143477792	492.969758251041	2676.518346858592	-2424.328903378469	611.0430210148138	2725.071090658681	-2380.476815389249	647.5439781971727	2637.559034761117	-2203.743588041873	477.8831383439716	2751.800747446874	-2159.393801582717	483.7409592814881	2625.440535302561	-2232.9364182012	246.8503896319394	2707.798007751284	-2268.078045893387	396.282330671863	2749.985786514783	-2203.92527929895	350.4257690929847	2637.804204977051	-2360.984000962115	104.9081049435074	2708.846222435265	-2322.747500396736	108.0744829112797	2619.166884785508	-2209.29632827578	63.51504837840217	2654.654058228067	-2245.009194798323	61.18623493595852	2761.574345568884	-2428.088586419884	75.16611792053038	2654.828572758222	
135	1.58	-2154.45713965734	1025.37088445514	2505.946376994754	-2072.11238241504	940.7197914535441	2384.302771450978	-2100.498578915629	868.3359956912285	2509.020614967164	-2471.290303966132	670.765826326201	2374.76066565503	-2451.999246473248	654.7039028137442	2634.022136247479	-2608.235283367747	761.6341480278729	2452.39236541532	-2581.291211725431	766.0449582881458	2568.921778719224	-2534.711209481296	648.4405694445333	2292.908235388307	-2556.631910669784	641.4164089060246	2706.980001015996	-2395.571236153704	663.665911208804	2367.29063764239	-2498.838732127713	506.8511162604852	2334.312922666463	-2435.610355144378	623.8308801486465	2296.55985916084	-2195.750900066659	487.6974116973354	2268.203689914094	-2176.848148842101	483.1191620794737	2395.029532555508	-2294.654764495497	384.1868641155588	2277.377918111136	-2232.526173647486	235.3891373875703	2312.342961051636	-2219.126829581891	318.5095916615383	2382.212108870087	-2354.081289907397	110.2028740200178	2291.236952668823	-2323.707549529089	109.0689955219813	2384.670011201585	-2198.943864272527	64.2395059370501	2350.636737965889	-2248.838344238444	54.76145035439387	2235.796844884388	-2418.554150009059	73.75616952495652	2349.102286306025	-2478.208709264485	492.4752788327759	2676.737724075742	-2424.585370574887	610.6439198820373	2725.292049439384	-2380.760140918459	647.1059812765069	2637.775308864903	-2203.787135785848	477.806178692605	2752.15982271878	-2159.401435653684	483.7313963926443	2625.804597520469	-2232.95363071619	246.857173543718	2707.952213495073	-2268.112504981305	396.2035165274956	2750.330540678248	-2203.927356577161	350.4757408935529	2638.050502742838	-2360.987003653891	104.8947483640084	2708.859266242292	-2322.779909632601	108.097735610817	2619.19642746303	-2209.313187699141	63.51085919682809	2654.673100662921	-2245.019669840985	61.19105877349977	2761.604156405385	-2428.079587665647	75.17938908176788	2654.811361654663	
136	1.585	-2154.371700129513	1024.461576904779	2505.918923343929	-2072.031665661691	939.7305306942802	2384.408864254386	-2100.457412957185	867.401314113509	2509.040018072867	-2471.698664272814	670.3629005267562	2374.81168254894	-2452.209357456563	654.1775232270282	2634.120869481393	-2608.64920537443	761.055368156898	2452.606638302984	-2581.594972067177	765.4773836732054	2569.116641964322	-2535.145903011462	648.0028359596475	2292.983796911781	-2556.843343461474	640.8129951482928	2707.090935088767	-2396.028301474378	663.426367259631	2367.116804751447	-2499.119049356879	506.4314511216602	2334.220365787029	-2436.119035497556	623.5518774759914	2296.480557832489	-2196.104823767863	487.7577956253609	2267.647512402089	-2176.960118832996	483.2307088366808	2394.446681597435	-2294.899066965531	384.1501098664455	2276.946797843743	-2232.623101149077	235.4625368527917	2312.039548065853	-2219.227334577958	318.6500233743735	2381.824238273448	-2354.078144150115	110.1801720460462	2291.197823073573	-2323.685095788042	109.1118298786416	2384.622283917738	-2198.947838145561	64.24283187493283	2350.594622426953	-2248.856604463718	54.73794192034633	2235.752192215816	-2418.540959168622	73.774929737647	2349.101812517424	-2478.268821293544	491.9993117686176	2676.937408946902	-2424.833421322475	610.2564701002328	2725.498320951398	-2381.040357849161	646.6859190859225	2637.974801642001	-2203.828113249441	477.7320427147344	2752.475914075838	-2159.417439488357	483.7226836150486	2626.124158347699	-2232.969188452707	246.8644610918815	2708.083235147787	-2268.144964027221	396.1318536903201	2750.634878364595	-2203.931908492517	350.5198973269161	2638.26487480056	-2360.98907816608	104.8831714810983	2708.868743933995	-2322.81037996135	108.1167222223412	2619.220735464131	-2209.327767816284	63.50864915553203	2654.688062989467	-2245.029859752896	61.19613247834233	2761.631183823415	-2428.070719330015	75.19009175724138	2654.793132597823	
137	1.59	-2154.296402312732	1023.59093180727	2505.902778777521	-2071.965297813261	938.7902115949147	2384.521703446179	-2100.43892099108	866.5067054106859	2509.063306015423	-2472.102164502585	669.9869478514933	2374.868382259956	-2452.423410734189	653.6764969112439	2634.21868339021	-2609.059783941642	760.5070970766117	2452.826496992568	-2581.898973392857	764.9366689530418	2569.31947368218	-2535.577268091607	647.5962100211088	2293.06514515123	-2557.054340904673	640.225528098521	2707.203832898372	-2396.478627300526	663.2046526388272	2366.954594967601	-2499.400900585642	506.0387474451072	2334.131347023588	-2436.621495118549	623.2937720549536	2296.409330693816	-2196.460578929875	487.8237169821152	2267.109987654554	-2177.083698209451	483.3406546102369	2393.880047026023	-2295.146067406944	384.1164641797955	2276.5241725258	-2232.721894985685	235.5375042885621	2311.741820592605	-2219.335782903332	318.7909197423192	2381.446411967879	-2354.076421804652	110.1574888303642	2291.155792579939	-2323.664379038757	109.1559300343049	2384.575003922067	-2198.951242338649	64.24712161316045	2350.551483137664	-2248.875077786106	54.714780635576	2235.706974466321	-2418.530264750004	73.79240504802638	2349.098055716957	-2478.329437580019	491.5426196096333	2677.117478762536	-2425.07328221955	609.8816584273668	2725.689351708611	-2381.31841997172	646.2848199643041	2638.156205500977	-2203.866993606168	477.6617195948027	2752.746605196248	-2159.443110565325	483.7154583644128	2626.39640253931	-2232.983214835479	246.872055215132	2708.190066700161	-2268.175646249618	396.0680067873145	2750.896321006267	-2203.939348320309	350.5582358788778	2638.445353371776	-2360.990214189861	104.8734545111452	2708.874638196956	-2322.838459013359	108.1315032821315	2619.239574153975	-2209.33980315247	63.50852140825128	2654.698733342424	-2245.039629206199	61.20142818482779	2761.654967472462	-2428.062254450547	75.1980764911892	2654.774219141144	
138	1.595	-2154.231154280892	1022.757085452093	2505.897548913544	-2071.913309112803	937.8966107503858	2384.640681636139	-2100.441626198889	865.6500279249639	2509.089929844684	-2472.500832820203	669.6360302784282	2374.931382857871	-2452.642438964244	653.2013040953461	2634.315710554106	-2609.466790132321	759.9887077748822	2453.050683285212	-2582.20315405018	764.422957794128	2569.529005470022	-2536.004384527993	647.2185724618789	2293.152056797984	-2557.265277224379	639.6558559795868	2707.319114304119	-2396.92244202536	662.9991618198906	2366.807483544536	-2499.683500020335	505.6716071777025	2334.048693723483	-2437.116465175764	623.0547959956443	2296.348312261408	-2196.816058212376	487.894530297781	2266.598340767236	-2177.21903450284	483.4478697453551	2393.337412586663	-2295.394431673581	384.0864703985582	2276.117248530885	-2232.821825941925	235.6134695324945	2311.453643049835	-2219.451168060702	318.9304041723443	2381.083887305566	-2354.076194486855	110.1351258724352	2291.112181325278	-2323.645613029244	109.2004003134858	2384.529403786481	-2198.954060331291	64.25240230125331	2350.507875075743	-2248.893619775615	54.69233727706421	2235.661925249074	-2418.521997119242	73.808382675479	2349.091344632468	-2478.391447855449	491.1059299557843	2677.278343969718	-2425.305172404221	609.520491870734	2725.864803396045	-2381.595119910405	645.9035988513258	2638.318472494137	-2203.904299960827	477.5961948235914	2752.970269918049	-2159.479563087271	483.7103556700748	2626.619273574361	-2232.995855643838	246.8797752311638	2708.272115009338	-2268.204808550609	396.0125159005958	2751.113167149885	-2203.950056805044	350.5908700809036	2638.59057208678	-2360.99042328295	104.86564293168	2708.876986117931	-2322.863767989749	108.1422292267606	2619.252799744282	-2209.34907301732	63.51054994997628	2654.704959790827	-2245.048847996735	61.20691500871821	2761.675085603111	-2428.054450764499	75.20323979561988	2654.754952247499	
139	1.6	-2154.175865688684	1021.958278936417	2505.902805603971	-2071.875677658839	937.0475089557259	2384.76516517238	-2100.463908613322	864.8292431778889	2509.119369441715	-2472.894685705325	669.3082173492555	2375.001184443133	-2452.8672779877	652.7522828476993	2634.412072369409	-2609.869979397262	759.4994767546573	2453.277924474451	-2582.507409696942	763.9363124461646	2569.743919396551	-2536.426369861727	646.8677340798996	2293.244253489563	-2557.476398702234	639.1058184378312	2707.437162161224	-2397.35992036725	662.8083045638948	2366.678614727661	-2499.966026012673	505.3285769237572	2333.975045930267	-2437.602721888982	622.8332033967309	2296.299394220893	-2197.169232543162	487.9695397649951	2266.119223220126	-2177.366073424978	483.5513421358856	2392.826000498048	-2295.642822284259	384.0606093171958	2275.732786887424	-2232.922203632386	235.6898479479728	2311.178700641439	-2219.572409670196	319.0666764220481	2380.741553792052	-2354.077508120026	110.1133610698527	2291.068290971275	-2323.62896320416	109.2443760202182	2384.486622289323	-2198.956297898877	64.25867914691534	2350.464353892824	-2248.912089212523	54.67096702646945	2235.617736568946	-2418.51604736455	73.82267763698152	2349.082054993554	-2478.45565962911	490.6898927272508	2677.420707678926	-2425.529315646994	609.1739429105227	2726.024556446991	-2381.871094021215	645.5430286096355	2638.4608421771	-2203.94060085413	477.5364143660821	2753.146086657334	-2159.527708571367	483.7079919492098	2626.791493659262	-2233.007277176585	246.8874661341779	2708.329197756383	-2268.232740236608	395.9657831978984	2751.284500210239	-2203.964379232825	350.6180167237046	2638.699784702263	-2360.989740878486	104.8597426788944	2708.875874134631	-2322.88600892277	108.1491283855308	2619.260359083316	-2209.35540591707	63.51477964663466	2654.706651838277	-2245.057395435593	61.21256036774093	2761.691163143837	-2428.047541411385	75.20552129153418	2654.735647548931	
140	1.605	-2154.130445872989	1021.192876060104	2505.918091674511	-2071.852323482578	936.2407152852434	2384.894506267851	-2100.504045659358	864.0424354793905	2509.151142886602	-2473.283719479873	669.0016257700189	2375.078173959457	-2453.098554462536	652.3296164837992	2634.507893187037	-2610.269090669966	759.038592576959	2453.506964772239	-2582.811604890765	763.4766884844444	2569.962885872234	-2536.842379549321	646.5414889893882	2293.341414873058	-2557.687852468591	638.5771657032371	2707.55830459667	-2397.791169265232	662.6305346240597	2366.57076983597	-2500.247633233762	505.0081828217219	2333.912802734344	-2438.079091583784	622.6273087286747	2296.26421100883	-2197.518175705545	488.0480150945802	2265.678618000379	-2177.524549927732	483.6501930155501	2392.352363568395	-2295.889916703192	384.0392877114014	2275.376976743044	-2233.0223843873	235.7660514929455	2310.920443436096	-2219.698374520422	319.1980463175427	2380.423859913239	-2354.080381856797	110.0924456406239	2291.025381157004	-2323.614540989212	109.287035935288	2384.447680331753	-2198.957982589505	64.2659327298515	2350.421466361096	-2248.93035117364	54.65100271085709	2235.575048498765	-2418.512269571022	73.83513478813948	2349.07060596605	-2478.522787571734	490.2950401547408	2677.545519472918	-2425.745954314102	608.8428966720693	2726.168710540723	-2382.146831873993	645.2037176863662	2638.582868643872	-2203.976506076991	477.4832498533458	2753.274038003292	-2159.588241160309	483.7089493940645	2626.912572662563	-2233.017664704501	246.8950061770745	2708.361534648853	-2268.259762122358	395.9280621001099	2751.410181549813	-2203.982623226887	350.6399809476378	2638.772871973985	-2360.988227921517	104.8557158589354	2708.871432688212	-2322.904969174326	108.1524933216608	2619.262287726274	-2209.358683621611	63.52122587009452	2654.70378182214	-2245.06516444858	61.2183314260075	2761.702879703156	-2428.041727000157	75.20489987718044	2654.716594150419	
141	1.61	-2154.094802453151	1020.459379427969	2505.942924953673	-2071.843104380619	935.4740912087882	2385.028054030994	-2100.560253956332	863.2878300608535	2509.184814397953	-2473.667903110218	668.7144560901003	2375.162629890611	-2453.336678076065	651.933326136957	2634.603313017119	-2610.663844392043	758.6051672678783	2453.736594534502	-2583.115582324674	763.0439140929367	2570.184598945199	-2537.25160782729	646.2376653904753	2293.44319105066	-2557.89971608397	638.0714846901773	2707.68279826554	-2398.216219142425	662.4643754088568	2366.486341801975	-2500.527468691103	504.7089638619994	2333.864077969605	-2438.54445795209	622.435519898874	2296.244130320335	-2197.861088190713	488.1292077663835	2265.281762515252	-2177.693986703749	483.7436890869067	2391.92229474605	-2296.134428058815	384.0228298332146	2275.055329595164	-2233.121778150303	235.8415006828106	2310.682034495624	-2219.827900923216	319.3229650548544	2380.134751645309	-2354.084808310246	110.072601861144	2290.984647822324	-2323.60239975778	109.327612575939	2384.413462151165	-2198.959162636453	64.274117416626	2350.379741061954	-2248.948280301162	54.63274857011439	2235.534441110481	-2418.510484045556	73.84562953452696	2349.057455788607	-2478.593446485204	489.9217520737404	2677.653926735463	-2425.955364161715	608.5281033214945	2726.297581614364	-2382.422689255853	644.8860946454402	2638.68444423453	-2204.012662631455	477.4374665247059	2753.354895088124	-2159.661628305891	483.7137612586615	2626.982806284774	-2233.027221113911	246.9023124685904	2708.369732041522	-2268.286225837412	395.8994495809424	2751.490829636303	-2204.005057541366	350.6571402872885	2638.810336276036	-2360.985971953599	104.8534774655341	2708.863830851531	-2322.920523344868	108.1526661080921	2619.258706491104	-2209.358844879758	63.52987362843518	2654.696386204855	-2245.072065224913	61.22419665103862	2761.709977379386	-2428.037169429081	75.20138931587617	2654.698045363479	
142	1.615	-2154.068840381596	1019.756444354769	2505.976801887017	-2071.847814004418	934.7455745079837	2385.165164239478	-2100.630731367277	862.563809418382	2509.220000913917	-2474.047172895121	668.4450249769762	2375.254726671088	-2453.581839462076	651.5632680270037	2634.698497021123	-2611.05393992663	758.1982498190744	2453.965676199161	-2583.419169305319	762.6376753726462	2570.407807295211	-2537.653289691766	645.9541716777794	2293.54921413173	-2558.112025595345	637.5901359542844	2707.810813963813	-2398.635020733213	662.3084419250969	2366.427315501881	-2500.804690519923	504.4295022371473	2333.830666175862	-2438.997771549587	622.2563650377551	2296.240247767403	-2198.196319778629	488.2123672751036	2264.933089232101	-2177.873699935768	483.8312506696161	2391.540754721834	-2296.375127611646	384.0114723506982	2274.772596372151	-2233.219854436699	235.9156371642624	2310.466302655314	-2219.959824953743	319.4400530412911	2379.877622849894	-2354.090754980667	110.0540216835034	2290.947203688857	-2323.592532551481	109.3654003276726	2384.384702328507	-2198.959905327616	64.28316094965439	2350.339679421545	-2248.965764155623	54.61647470594374	2235.496428529051	-2418.510481321357	73.85406746744974	2349.04309656409	-2478.668148060856	489.5702288293081	2677.747226546962	-2426.157868780052	608.2301386106627	2726.411695201547	-2382.698903491453	644.5903997574262	2638.765817441907	-2204.049750635874	477.3996953799579	2753.390186702572	-2159.748107376042	483.7228982653023	2627.003263809107	-2233.036165638207	246.9093443645503	2708.354761225096	-2268.31251314547	395.8798821235569	2751.527786218085	-2204.031912144672	350.6699287065039	2638.813283830863	-2360.98308741179	104.8528935565724	2708.853271192312	-2322.932632825707	108.1500231441139	2619.249816718159	-2209.355888699868	63.54067615171414	2654.684566671923	-2245.078028252837	61.23012747287586	2761.712268251645	-2428.03398770333	75.19503364160703	2654.6802115838	
143	1.62	-2154.052461351077	1019.082890245739	2506.019201059848	-2071.866182537018	934.0532026755477	2385.305207728291	-2100.713698281651	861.868927510972	2509.256377349949	-2474.421429374039	668.1917918142608	2375.354538971711	-2453.834014627171	651.2191349607485	2634.793640452214	-2611.439052964649	757.8168409960954	2454.193166116829	-2583.722181415804	762.2575087846244	2570.631339699649	-2538.046704092998	645.6890361911121	2293.659108704225	-2558.324800187314	637.1342046085692	2707.942425969495	-2399.047447146625	662.1614585809214	2366.395253395577	-2501.078488161596	504.168449637187	2333.814019249258	-2439.438061172865	622.0885125397001	2296.25338505782	-2198.522390205399	488.2967569667799	2264.636183536518	-2178.062811791358	483.9124556503374	2391.211817673783	-2296.610868041816	384.0053629293075	2274.532708301589	-2233.316147338188	235.9879365087238	2310.275700590177	-2220.093006936731	319.5481232995983	2379.655277460328	-2354.098166706092	110.0368662607194	2290.91406114622	-2323.584871510938	109.3997616699415	2384.361978774025	-2198.96029485278	64.29296520303981	2350.301747188033	-2248.982706548991	54.60241235524858	2235.461454856223	-2418.512026717282	73.86038323035274	2349.028048235101	-2478.747301558162	489.2404736290408	2677.826820800478	-2426.353852468402	607.9493749221805	2726.511776100676	-2382.975609877171	644.3166834740413	2638.827602820158	-2204.088478927284	477.3704106852298	2753.382153627268	-2159.847688527437	483.736756311683	2626.975765770457	-2233.044732608836	246.9161045255336	2708.317930824879	-2268.339035086673	395.8691357529368	2751.523070582396	-2204.063379815014	350.6788215330117	2638.783394746089	-2360.979714913391	104.8537812367475	2708.839985092142	-2322.941343208861	108.1449601551059	2619.235894434061	-2209.349877029536	63.55355300201958	2654.668490887424	-2245.083006582154	61.23610002068727	2761.709641416255	-2428.032255834069	75.18590273623727	2654.663255395371	
144	1.625	-2154.045563417779	1018.437709214661	2506.069586978879	-2071.897880065713	933.395135396937	2385.447577326139	-2100.807437099419	861.2019214493794	2509.29368057382	-2474.790536435932	667.9533786854014	2375.462046205557	-2454.092976053319	650.9004618301641	2634.888968472126	-2611.818833581895	757.4599087451902	2454.418131719155	-2584.024423598647	761.9028013831752	2570.854124336905	-2538.431178142523	645.4404394333382	2293.772501076453	-2558.538062142794	636.7044673024125	2708.077606260493	-2399.45330042109	662.0222726989697	2366.391286288855	-2501.348102341382	503.9245487438555	2333.815233668312	-2439.864446455165	621.93078437161	2296.284091272184	-2198.838007215229	488.3816690706716	2264.393758034847	-2178.260268950769	483.9870391236496	2390.938634821108	-2296.840606462101	384.0045623562262	2274.33874140427	-2233.410259484563	236.0579207666761	2310.112268831669	-2220.226356486879	319.6461996115605	2379.469903172121	-2354.106968895241	110.0212663467394	2290.886117769986	-2323.579288879501	109.4301317894003	2384.345711574228	-2198.960429643897	64.30340803452714	2350.266366436666	-2248.999030729881	54.59075010282526	2235.429891655823	-2418.514865193859	73.86453893027037	2349.012851831117	-2478.831218413844	488.9322855481893	2677.894176636815	-2426.543770429001	607.6859644008857	2726.59873448373	-2383.252858162195	644.0648112471964	2638.870781192391	-2204.129580092253	477.3499136406202	2753.333689197	-2159.960163892119	483.7556456600203	2626.902851823376	-2233.053170232181	246.9226376616828	2708.260854026348	-2268.366230781014	395.8668304218375	2751.479323025021	-2204.099619323305	350.684322005846	2638.72288142865	-2360.976019356679	104.8559106380487	2708.824228659249	-2322.946779709086	108.1378780314502	2619.217283594401	-2209.340936586937	63.5683879103688	2654.64839271597	-2245.086977185626	61.24209687148934	2761.702069397412	-2428.032002750816	75.17408834215608	2654.647288902932	
145	1.63	-2154.048040687543	1017.820071791138	2506.127414434644	-2071.942522522414	932.7696756635501	2385.591693363005	-2100.910328881243	860.5617203416725	2509.331712162233	-2475.154322273031	667.72858322874	2375.577137614321	-2454.358309916488	650.6066351321224	2634.984731145066	-2612.192905559953	757.1264036311746	2454.639763711801	-2584.325689116481	761.572798995177	2571.075201859172	-2538.80609190945	645.2067381965561	2293.889027149829	-2558.751851447713	636.3013762409496	2708.216224308761	-2399.852321567768	661.8898638534246	2366.41610928711	-2501.612843246506	503.6966495267591	2333.835047652455	-2440.276150843849	621.7821630893917	2296.332647019276	-2199.142081314967	488.4664385751438	2264.207642370565	-2178.4648663554	484.0548887356021	2390.723415141225	-2297.063426010995	384.0090498454183	2274.192903445477	-2233.501864831123	236.1251702959359	2309.977606422404	-2220.358854547693	319.7335287945559	2379.323056258077	-2354.117071245019	110.0073234637814	2290.864144676947	-2323.575599392619	109.4560219045501	2384.336167301439	-2198.960419229236	64.31434611674131	2350.233908178138	-2249.014682267481	54.58163111143369	2235.402036678752	-2418.518726270484	73.86652237783723	2348.998062075855	-2478.920120617572	488.645263627765	2677.950793608624	-2426.728155405164	607.4398348643581	2726.673648604697	-2383.53062822235	643.8344738183831	2638.896689106637	-2204.173804683167	477.3383226849587	2753.248267627474	-2160.085122798043	483.779781831873	2626.787738985674	-2233.06173949764	246.929027135053	2708.185411624191	-2268.394565794706	395.8724388560164	2751.399738699232	-2204.140760089126	350.6869499004342	2638.634436331788	-2360.972186780521	104.8590089063393	2708.806279245103	-2322.949140730647	108.1291701061209	2619.194388577866	-2209.329259535305	63.58502667688597	2654.624571706268	-2245.089941371601	61.24810868454597	2761.689613696165	-2428.033214038355	75.15970065824773	2654.632373243632	
146	1.635	-2154.059782960463	1017.229329654765	2506.192133642483	-2071.999679856582	932.1752890573374	2385.737007861508	-2101.020886165359	859.9474510320536	2509.370339996146	-2475.512581603725	667.5163843277768	2375.699618152914	-2454.629438322126	650.3369066003133	2635.0811945982	-2612.560867463911	756.8152739108789	2454.857383222498	-2584.625756998605	761.2666219873929	2571.29373262605	-2539.170883278227	644.9864816720201	2294.008338809162	-2558.966234882099	635.9250600709894	2708.358052560519	-2400.244203006314	661.7633493734697	2366.469983151438	-2501.872105521179	503.4837203041777	2333.873847138005	-2440.672514078706	621.6417933535239	2296.399071391267	-2199.433736666284	488.5504556698034	2264.078787530647	-2178.675275350947	484.1160358925196	2390.567422400639	-2297.278554953181	384.0187309624121	2274.096541317826	-2233.590710164708	236.1893343650605	2309.872848918157	-2220.489571195563	319.8095867594855	2379.215657112367	-2354.128371631024	109.9951116642991	2290.848777889727	-2323.573563861426	109.4770216152644	2384.333468135803	-2198.960380648604	64.32561860107462	2350.20468563757	-2249.029631476675	54.57515141281178	2235.378113506833	-2418.523328854851	73.8663453765972	2348.984239405628	-2479.014152478994	488.3788216864662	2677.998178204093	-2426.907620198436	607.2106982575799	2726.737744322681	-2383.808844292736	643.6252018768718	2638.906997208223	-2204.221914450138	477.3355705995752	2753.129862060031	-2160.221972431533	483.8092785046167	2626.634270301106	-2233.070713401964	246.9353896893839	2708.093712080824	-2268.424530046781	395.8852997691765	2751.287993077835	-2204.186908007893	350.6872324174169	2638.521170354102	-2360.968420090143	104.862766018834	2708.786432434959	-2322.948689756989	108.1192113409217	2619.167666121602	-2209.315102674647	63.60327557515936	2654.597391650055	-2245.091924310796	61.2541355437265	2761.672429173307	-2428.035835221192	75.14286555082867	2654.61852016975	
147	1.64	-2154.080675317685	1016.665015414645	2506.263196171253	-2072.068885959444	931.6106207531085	2385.883007581086	-2101.13778102065	859.3584405745194	2509.409498688095	-2475.865078541592	667.3159411051126	2375.829215156331	-2454.905645228884	650.0904108496568	2635.178629690823	-2612.922295792105	756.5254800119064	2455.07044410518	-2584.924388663023	760.9832877604292	2571.508998811169	-2539.525052354002	644.7784201853489	2294.13010879222	-2559.181309782186	635.5753404005304	2708.502777125001	-2400.628602328685	661.6419865243843	2366.552741302972	-2502.125379111997	503.2848538899838	2333.931679131954	-2441.053003351418	621.5089789866287	2296.483131699394	-2199.712317746349	488.6331765535089	2264.007283585315	-2178.890075424668	484.1706431813519	2390.470987547068	-2297.485382380442	384.0334474827825	2274.05016619958	-2233.676615293544	236.2501400285299	2309.798654446332	-2220.617678444263	319.8740782739868	2379.147996150173	-2354.14075990004	109.9846796769078	2290.840512819776	-2323.572893794861	109.4928005403013	2384.337604920449	-2198.960434513541	64.33705145655227	2350.178948271401	-2249.043875245872	54.57135927250974	2235.358271812838	-2418.528385946178	73.8640422029419	2348.97194142219	-2479.113395174741	488.132212688227	2678.03782556994	-2427.082855819442	606.9980705641802	2726.792371764605	-2384.087387322419	643.4363839144035	2638.903677891524	-2204.27467451126	477.3414082930675	2752.982854610895	-2160.369963085902	483.8441427879289	2626.44685386631	-2233.080376681703	246.9418686420352	2707.988049814823	-2268.456635287268	395.9046351488496	2751.148160392496	-2204.238151988242	350.6856972470191	2638.386543530719	-2360.964933930698	104.8668421122249	2708.764999286156	-2322.945745813192	108.1083497331894	2619.137616888305	-2209.298784861584	63.62290075055331	2654.567278065197	-2245.092973830019	61.26018782470992	2761.650766917719	-2428.039776255154	75.12372232060775	2654.605695515111	
148	1.645	-2154.110597712164	1016.126839525342	2506.340061498468	-2072.149649768251	931.074509788104	2386.029216098903	-2101.259867491196	858.7942154026413	2509.449188751792	-2476.211549608067	667.1265861744455	2375.965585557583	-2455.186104750884	649.8661865780293	2635.277299562273	-2613.276750296534	756.2560083186575	2455.278530864815	-2585.221324414627	760.7217386382948	2571.720402287458	-2539.868165003591	644.581507631631	2294.254034111466	-2559.397202888072	635.2517618274054	2708.650012731812	-2401.005156430032	661.5251719762887	2366.663802697771	-2502.372255547137	503.0992694686127	2334.008270927078	-2441.417222453043	621.3831767496339	2296.584355968771	-2199.977391631687	488.7141324646324	2263.992389833258	-2179.107788751889	484.2189885484329	2390.433535486684	-2297.683469816662	384.0529884374873	2274.053493474671	-2233.759471962876	236.3073987858634	2309.755198472487	-2220.742457823394	319.9269306382405	2379.11974971582	-2354.154121373004	109.9760532236677	2290.839701871844	-2323.573256974695	109.5031094172148	2384.348453049949	-2198.960700825127	64.34846233420672	2350.156876600709	-2249.057438155873	54.57025560941752	2235.342587991478	-2418.533609251467	73.8596683397603	2348.961713817133	-2479.217883228947	487.904560852913	2678.071207560468	-2427.25462532525	606.8013013840119	2726.838979603155	-2384.366105198891	643.2672861773201	2638.888963205224	-2204.33284446198	477.3554149053551	2752.811940960242	-2160.528216932021	483.8842733296586	2626.230392195111	-2233.091026152583	246.9486259547259	2707.870862817281	-2268.491412195162	395.9295711031495	2750.984626610985	-2204.294570614115	350.6828674940934	2638.234289923679	-2360.961949102828	104.8708759248122	2708.742303571003	-2322.940672804484	108.0969001015364	2619.104776826558	-2209.28068244783	63.64362908162172	2654.534714474803	-2245.093158651804	61.26628645687972	2761.624975236996	-2428.044916853416	75.10242192280425	2654.59382428096	
149	1.65	-2154.149424657533	1015.614684488294	2506.422203934776	-2072.241466922363	930.5660001539317	2386.175195104702	-2101.386197696175	858.2544972684312	2509.489474391144	-2476.551706603299	666.9478144911776	2376.108323326934	-2455.469910656718	649.6632004996595	2635.377447235846	-2613.623781348251	756.0058842612601	2455.481352854495	-2585.516280461252	760.4808734195052	2571.927459298686	-2540.199855270519	644.3948989535155	2294.379838197955	-2559.614064885819	634.9536326549652	2708.799320739484	-2401.373495185227	661.4124392044153	2366.802190744508	-2502.612429811644	502.926311070173	2334.103053834481	-2441.764918370371	621.2639880206393	2296.702048144606	-2200.228745962163	488.7929368196579	2264.032576389967	-2179.326916750314	484.2614469710011	2390.453625295226	-2297.872558258012	384.0771015905861	2274.105494299929	-2233.839241594525	236.3610105827067	2309.742177802822	-2220.86330302742	319.9682817567178	2379.130005659467	-2354.168339953721	109.9692373245923	2290.846555034904	-2323.5742839929	109.5077807227695	2384.365789900556	-2198.961294674956	64.35966582575348	2350.138577962183	-2249.070372800062	54.57179541824107	2235.331066016083	-2418.538713773681	73.85329945671613	2348.954080851207	-2479.327621890954	487.69489921775	2678.099765678038	-2427.4237536646	606.6196108650383	2726.879087569975	-2384.644820771127	643.1170737887364	2638.865294494981	-2204.397168480804	477.3770136459329	2752.622032173841	-2160.695759091793	483.9294617355758	2625.990202098556	-2233.102971588347	246.955833715134	2707.744690471427	-2268.529407130107	395.9591615609283	2750.801998742108	-2204.356238265096	350.6792580028621	2638.068338822606	-2360.959686923167	104.8744939438142	2708.718678826916	-2322.933868072344	108.0851402547867	2619.069708456293	-2209.261222629915	63.66515088954985	2654.500237360533	-2245.092566219081	61.27246254025457	2761.595498414755	-2428.051112287073	75.07912554515426	2654.582797024923	
150	1.655	-2154.19702509978	1015.128596522123	2506.509119634406	-2072.343831320523	930.0843482841834	2386.320545069806	-2101.516031009863	857.7391961181238	2509.530479834655	-2476.885239268634	666.7792693393646	2376.25696684684	-2455.756106005005	649.4803729144065	2635.479284174774	-2613.962939017173	755.7741847631496	2455.678735478289	-2585.808946970518	760.259580568506	2572.129792970379	-2540.519826565481	644.2179441050946	2294.507271977006	-2559.832061429559	634.680072993917	2708.950228889368	-2401.733254018464	661.3034544434128	2366.966558349844	-2502.845698462452	502.7654436157067	2334.215190356679	-2442.095984950939	621.1511494546316	2296.835305927467	-2200.466382805081	488.869290360183	2264.125576316621	-2179.545977796529	484.2984705040525	2390.529002941281	-2298.052570417526	384.1055046386642	2274.204455819118	-2233.915951988615	236.4109647867133	2309.758824172259	-2220.979718376992	319.9984633375119	2379.17729821075	-2354.183300809474	109.9642184473119	2290.861143188221	-2323.575575853466	109.506728760438	2384.389312427193	-2198.96232196188	64.37047899623551	2350.124083309419	-2249.082759234745	54.57589011518366	2235.323638497459	-2418.543422411351	73.84503056767554	2348.94953552159	-2479.442604268564	487.5022100735892	2678.124907110321	-2427.59111408648	606.4521313464778	2726.914257924822	-2384.923337763049	642.9848323369322	2638.835265686123	-2204.468364542529	477.4054925648303	2752.418156480765	-2160.871549705928	483.9793977585072	2625.731925609419	-2233.116536901225	246.9636656707254	2707.612132208291	-2268.571178541226	395.9924139539345	2750.605012466108	-2204.423230016779	350.6753725639181	2637.892734494218	-2360.958363855306	104.8773198692394	2708.694465079479	-2322.925750550797	108.0733093879316	2619.03299220814	-2209.240874711477	63.6871247536244	2654.464429683893	-2245.091300173394	61.27875637384657	2761.562872909415	-2428.058199350031	75.0540034829399	2654.572477205537	
151	1.66	-2154.253262526503	1014.668774890634	2506.60033341805	-2072.45624597213	929.6290265461379	2386.464905409238	-2101.648835984122	857.2484001505994	2509.572384246089	-2477.211817838256	666.6207269642782	2376.411006066042	-2456.043711930545	649.3166036943335	2635.582980424575	-2614.293783363883	755.5600501241933	2455.870609140133	-2586.098987535579	760.0567709067334	2572.327124713174	-2540.827851683984	644.0501798904578	2294.636114059637	-2560.051361564928	634.4300667318025	2709.102251556605	-2402.084084917123	661.1980117512504	2367.155219019657	-2503.071954926008	502.6162474641689	2334.343603907516	-2442.410463418021	621.0445235139842	2296.983041103578	-2200.690508776886	488.9429842249124	2264.268447403334	-2179.763545196305	484.330567683646	2390.656665591676	-2298.223608186095	384.1378955161597	2274.348047328358	-2233.989693163281	236.457337883902	2309.80392752757	-2221.091314166357	320.0179801483767	2379.259651685429	-2354.198892645077	109.9609663983871	2290.883403753897	-2323.576712787255	109.4999491001317	2384.418653667158	-2198.963875275746	64.38072705841705	2350.113345232156	-2249.0947035174	54.58241070448155	2235.320168042248	-2418.547470586804	73.83497524843312	2348.948529579056	-2479.562827067363	487.3254656214801	2678.148001940556	-2427.757611855408	606.2979509355732	2726.946066645909	-2385.201444795006	642.8695894555356	2638.801562439588	-2204.547112923766	477.4400292681005	2752.205363610818	-2161.054515687221	484.0336785980307	2625.461432897977	-2233.13206128145	246.972289496687	2707.475807436703	-2268.617293000286	396.0283158997999	2750.398440224471	-2204.495624727488	350.6717015073737	2637.711556749786	-2360.958186623853	104.8789840301324	2708.670005159637	-2322.916748941373	108.0616084104569	2618.995217957381	-2209.220139392024	63.70918453748241	2654.427912918379	-2245.089477497135	61.28521603369547	2761.527720731722	-2428.066002230596	75.02723426859717	2654.562709107113	
152	1.665	-2154.31799533174	1014.235559058666	2506.695405153407	-2072.578232660989	929.1997224077772	2386.607954185553	-2101.784284983324	856.7823633605902	2509.615415357528	-2477.531095687021	666.4720811468628	2376.569889405497	-2456.331754647396	649.1707974889347	2635.68865678416	-2614.615895316776	755.3626953818206	2456.056996655079	-2586.38604026016	759.8714077468127	2572.519265508444	-2541.123771829402	643.8913208835778	2294.76617016529	-2560.272124557433	634.2025139194529	2709.254909386347	-2402.425665669735	661.09602763389	2367.366183713843	-2503.291183029906	502.4784122555344	2334.487010244929	-2442.708539686964	620.9440895229576	2297.144002161479	-2200.901521904276	489.0139008957216	2264.457642676095	-2179.978284415999	484.3582833155299	2390.832936498926	-2298.385945553101	384.1739613258969	2274.533390162786	-2234.060612546338	236.5002878163715	2309.875868789566	-2221.197800169776	320.0274863847815	2379.374632393633	-2354.215009639894	109.9594358802429	2290.913148289994	-2323.577264395221	109.4875172620798	2384.453397205178	-2198.966030137232	64.39024901774951	2350.106237393116	-2249.106335342836	54.59119164444735	2235.32044911104	-2418.550610914991	73.82326477722135	2348.951463565501	-2479.688303864337	487.1636663237495	2678.170379720065	-2427.924166143333	606.1561563015764	2726.976075098357	-2385.478917818748	642.7703361110728	2638.766899628847	-2204.634044294553	477.4797184857836	2751.988634038853	-2161.243580949968	484.0918224462268	2625.184718558647	-2233.149899941763	246.9818604113878	2707.338317068766	-2268.668320787798	396.0658618619869	2750.187001938656	-2204.573505896556	350.6687192660816	2637.528844507975	-2360.959347920758	104.8791324100332	2708.645640592574	-2322.907290335484	108.0502018269415	2618.956976891423	-2209.199536323141	63.73094854923938	2654.391337620144	-2245.087225315376	61.29189569022862	2761.490739845382	-2428.07433807507	74.99900399427128	2654.553325940428	
153	1.67	-2154.391077415004	1013.82941381659	2506.793935455624	-2072.709340112175	928.7963330607168	2386.749407335654	-2101.922241840286	856.3414908991136	2509.659842064284	-2477.84271235418	666.3333286973001	2376.733030483157	-2456.619289823485	649.0418870818128	2635.796379317138	-2614.928887450235	755.181421096812	2456.237999810244	-2586.669720535157	759.702532706117	2572.70610791166	-2541.407494915044	643.7412503528292	2294.897271811998	-2560.494486161327	633.9962804499676	2709.407747368293	-2402.757707322213	660.9975355442247	2367.597202887498	-2503.50344976554	502.3517306570087	2334.643949802131	-2442.990538605067	620.8499356391679	2297.316798900079	-2201.099995802203	489.0820130177956	2264.689088590128	-2180.188988473037	484.3821796685173	2391.053549338139	-2298.540017426151	384.2133855712898	2274.757129616965	-2234.128909755743	236.5400451264639	2309.972661464717	-2221.298978629474	320.0277602497399	2379.519407881283	-2354.231553149789	109.9595676592051	2290.950071637762	-2323.57680112468	109.4695865793735	2384.493089058114	-2198.968841826091	64.39890306156259	2350.102555603474	-2249.117804855994	54.60203527895933	2235.324210641264	-2418.552617927041	73.81004706606963	2348.958677052984	-2479.819074986857	487.015874753318	2678.193323934401	-2428.091691020111	606.0258722152998	2727.005802888123	-2385.755521337413	642.6860474320047	2638.73395964049	-2204.729727833866	477.5236014078031	2751.772795125219	-2161.437694078079	484.153286121293	2624.907793091322	-2233.170424167224	246.9925165800874	2707.20220690807	-2268.72483092366	396.1040787842728	2749.975280459628	-2204.656960103812	350.6668816157142	2637.348524288986	-2360.96202274552	104.8774349620941	2708.621707100891	-2322.897789686852	108.0392207593146	2618.918853825791	-2209.179590318778	63.75203053840115	2654.355372677197	-2245.084677399021	61.29885384335523	2761.452691605044	-2428.083022086603	74.96950572738383	2654.544157701058	
154	1.675	-2154.472358955611	1013.450912484636	2506.895570492959	-2072.849150508197	928.4189554392505	2386.889017381566	-2102.062743165356	855.9263225889459	2509.705966273547	-2478.146297249758	666.2045564863755	2376.899814799797	-2456.905423661378	648.9288540308812	2635.906156400614	-2615.232413993572	755.0156233760697	2456.413785730771	-2586.949625457346	759.5492859018783	2572.887619360588	-2541.678993471534	643.6000117583238	2295.02927424955	-2560.718545349087	633.8102424283422	2709.560350578421	-2403.079959995162	660.902680403223	2367.845812896554	-2503.708898094455	502.2360924100374	2334.812820163195	-2443.25691538128	620.762251870191	2297.499928650851	-2201.286661778301	489.1473801563516	2264.958269714639	-2180.394610267132	484.402820010067	2391.313740680248	-2298.686404923073	384.2558535323136	2275.015507724717	-2234.194831183949	236.5769013568517	2310.092001012073	-2221.394737937747	320.0196778125354	2379.690812353211	-2354.248433274364	109.9612893174877	2290.993762284907	-2323.57490693052	109.4463852025235	2384.537246817248	-2198.97234304565	64.40657142294648	2350.102020750872	-2249.129278774166	54.61471669924499	2235.331119707175	-2418.553292842241	73.79548526905761	2348.970439305205	-2479.955213267765	486.8812432455945	2678.218063409	-2428.261076439733	605.9062957649966	2727.036702535759	-2386.031008839345	642.6157029581715	2638.705333870068	-2204.834659941412	477.5706957876327	2751.562445710886	-2161.63585258755	484.2174862622772	2624.636571869815	-2233.194020438059	247.0043765062013	2707.069933149573	-2268.78738550667	396.1420497696758	2749.767643692221	-2204.746073038557	350.6666224521758	2637.174345173593	-2360.966365397205	104.8735929268153	2708.598529820757	-2322.888640467459	108.0287667069901	2618.881420050223	-2209.160816745671	63.77205198681376	2654.320693503708	-2245.081970514155	61.30615155798313	2761.414385491807	-2428.091872089806	74.93893889577383	2654.535038397483	
155	1.68	-2154.561687278559	1013.100718285651	2507.000005732715	-2072.997284307221	928.0678717628058	2387.026571622764	-2102.205974222146	855.5375149155536	2509.754114298458	-2478.441474302905	666.0859302841169	2377.069606586281	-2457.18933030584	648.8307459566568	2636.017938370769	-2615.526179470139	754.8648028115837	2456.584573658135	-2587.22533972167	759.4109198062306	2573.063837067369	-2541.938302486927	643.4678010022639	2295.162053595844	-2560.944352454347	633.6433232967032	2709.712357001738	-2403.392217261432	660.8117131157389	2368.109385721632	-2503.907740345057	502.1314788568536	2334.991908057329	-2443.508244567202	620.6813240123944	2297.691803665403	-2201.462389424798	489.2101436158746	2265.260318527979	-2180.594290553283	484.42075525509	2391.608349082042	-2298.825817758902	384.3010557954102	2275.304436143735	-2234.25866451978	236.6111954318555	2310.231320432838	-2221.485047961735	320.0041871236852	2379.88541683033	-2354.265570346999	109.9645156011746	2291.043713652326	-2323.571192817515	109.4182122093801	2384.585366205143	-2198.976542630043	64.41316445223173	2350.104283734865	-2249.140935962835	54.62898891153967	2235.340786435415	-2418.552468321308	73.77975597371061	2348.986940656322	-2480.096825223053	486.759034267127	2678.245760281253	-2428.433170032035	605.7967237030531	2727.070136523696	-2386.305122919364	642.5583061949658	2638.683469477382	-2204.949254168075	477.6200259082805	2751.361890246995	-2161.837123121631	484.2838231624014	2624.376764343572	-2233.221088440459	247.0175383478841	2706.943830241071	-2268.856533221399	396.1789349852301	2749.568175104237	-2204.840923267549	350.6683501342746	2637.009821242008	-2360.972507146012	104.8673449090345	2708.576418350926	-2322.880206729548	108.0189156713004	2618.845226754547	-2209.143706712818	63.79065493992836	2654.287969559803	-2245.079240877423	61.31385064408605	2761.376661701261	-2428.100712582234	74.90750852735754	2654.525812353733	
156	1.685	-2154.658907729355	1012.779563972456	2507.106988548251	-2073.153403387307	927.7435309150273	2387.161889873805	-2102.35224051794	855.1758217780518	2509.80462803926	-2478.727867683902	665.9776853772598	2377.241756020421	-2457.470265531503	648.7466901067199	2636.131619666463	-2615.809945472889	754.7285719128306	2456.750622669483	-2587.496442706406	759.2868066587283	2573.234864453879	-2542.185517458762	643.3449592406834	2295.295503182868	-2561.171899553153	633.4945225572835	2709.863467037887	-2403.694319264032	660.7249848967549	2368.385180777323	-2504.10025245973	502.037957912949	2335.179420441352	-2443.745207003012	620.6075281699143	2297.890779159402	-2201.62816615447	489.2705195020471	2265.590108757964	-2180.78738026267	484.4365142515252	2391.931919068054	-2298.959074324218	384.3486901096443	2275.619568701141	-2234.320733229304	236.6432989552317	2310.387850238288	-2221.569957560928	319.9822834498941	2380.099602327832	-2354.28289633615	109.9691484211651	2291.099336041229	-2323.565310821221	109.3854327814258	2384.636925455342	-2198.981425407789	64.4186236848457	2350.108932454184	-2249.152962584877	54.64458820122686	2235.352770298475	-2418.550013049554	73.7630469084832	2349.00828497974	-2480.244047567057	486.648633058627	2678.277494704266	-2428.608760379715	605.6965719831294	2727.107357185464	-2386.577595568088	642.5129033678003	2638.67062302711	-2205.073832915066	477.6706515687459	2751.175083045036	-2162.040657106356	484.351705997265	2624.133766512038	-2233.252037811591	247.0320808789491	2706.826081357198	-2268.932801904003	396.213989120308	2749.380614022596	-2204.941574013224	350.6724435721713	2636.858181978399	-2360.980554631671	104.8584715282668	2708.555661744878	-2322.872816671126	108.0097223196112	2618.810799057489	-2209.128712707265	63.80751452971353	2654.257851639909	-2245.076621036581	61.32201163330024	2761.340372392518	-2428.109378345854	74.87542425989921	2654.516339428402	
157	1.69	-2154.763864506295	1012.488229833789	2507.216319718571	-2073.317212600578	927.4465261446069	2387.294821876769	-2102.501936445929	854.8420742451609	2509.857856114102	-2479.005108565622	665.8801187182236	2377.415606958559	-2457.747576932564	648.6759031363744	2636.247043237298	-2616.083535219811	754.6066605534123	2456.912220749884	-2587.762516388498	759.1764399255434	2573.400868796425	-2542.420792851682	643.2319657564792	2295.429529218196	-2561.401113724628	633.3629357662738	2710.013449466209	-2403.986154702591	660.6429411077946	2368.670397443053	-2504.286769096631	501.9556792704477	2335.373514481237	-2443.968575173853	620.5413253414531	2298.095181456843	-2201.785076030638	489.3287902447312	2265.942350549743	-2180.973456020057	484.4505979101523	2392.27880809388	-2299.08707999599	384.3984618773287	2275.956373346812	-2234.38139093151	236.673601448823	2310.55868083264	-2221.649594353004	319.9549863894235	2380.329634161068	-2354.300356079824	109.9750766032544	2291.159969002927	-2323.556967866646	109.3484724326417	2384.691388081064	-2198.986953234392	64.42292377550604	2350.115500762553	-2249.16554691723	54.6612395951554	2235.366587805292	-2418.545835933864	73.74555414169522	2349.034483655312	-2480.397039395805	486.5495527285851	2678.31424690143	-2428.788562296195	605.6053871902332	2727.149489800818	-2386.848149040446	642.4786013024628	2638.668822137025	-2205.208621289235	477.7216952800397	2751.005582761407	-2162.245701630295	484.4205780687747	2623.912559665681	-2233.287283505827	247.0480656945593	2706.718691708361	-2269.016690142166	396.246574908719	2749.208306732021	-2205.048063367947	350.6792483492436	2636.722330689131	-2360.99058903733	104.8467985331126	2708.536523549972	-2322.866757705036	108.0012239327134	2618.778630642106	-2209.116235305428	63.82235039570509	2654.230959360225	-2245.074237461648	61.33069141056478	2761.306362509732	-2428.117717683775	74.84289906535652	2654.506499127055	
158	1.695	-2154.876401446202	1012.227520296514	2507.327853965041	-2073.488459872206	927.1775697319711	2387.425244575561	-2102.655512449365	854.5371595396937	2509.914145021477	-2479.272842748553	665.793582223148	2377.590505215852	-2458.020710950598	648.6176973974885	2636.364006908114	-2616.346835698365	754.4989189545198	2457.069675479328	-2588.023153690381	759.0794307805966	2573.562079508882	-2542.644341043984	643.1294301806983	2295.56404598765	-2561.631853620319	633.2477662544983	2710.16214379003	-2404.267661769156	660.5661142327644	2368.96222690597	-2504.467679396759	501.8848694876747	2335.572326472645	-2444.179197444337	620.4832554563552	2298.303335654877	-2201.93427817826	489.3852948207701	2266.311685652191	-2181.152328035087	484.463477013338	2392.643294415085	-2299.210804189226	384.4500836704528	2276.310203318636	-2234.441015570489	236.7024965073179	2310.740825383977	-2221.72416626942	319.9233195363361	2380.571735432217	-2354.317908237213	109.9821755109029	2291.224893931161	-2323.545938846304	109.3078103303735	2384.748204654281	-2198.993067134259	64.42607324579328	2350.123479197908	-2249.178873927126	54.6786623298015	2235.381721530363	-2418.539889684249	73.72747880437437	2349.065451414312	-2480.555970734155	486.4614325283206	2678.356877580127	-2428.973204418948	605.5228501940568	2727.197519111312	-2387.116497546923	642.4545843797877	2638.679835741715	-2205.353743312211	477.7723668781251	2750.856516806968	-2162.451605602877	484.4899407536437	2623.717617999919	-2233.327239738807	247.0655402491056	2706.62346484401	-2269.108658004476	396.2761724421063	2749.054168934572	-2205.160393555408	350.6890732106633	2636.604810671624	-2361.00266604935	104.8321983695662	2708.519237025386	-2322.862272977313	107.9934439653505	2618.749178987536	-2209.106611553233	63.83493637221539	2654.207869203978	-2245.072209018882	61.33994044282758	2761.275451002267	-2428.125595291106	74.81014764605165	2654.496193685565	
159	1.7	-2154.996362802596	1011.998239489841	2507.441499758623	-2073.666935003565	926.9374654125899	2387.55305949581	-2102.813442226348	854.2619994862378	2509.973830355781	-2479.53073889165	665.7184767742835	2377.76580731311	-2458.2892170185	648.5714843629207	2636.482271383917	-2616.59979739281	754.4053177982499	2457.223306435429	-2588.277966866465	758.9955009008227	2573.718786347556	-2542.856431719306	643.0380832480649	2295.698970926108	-2561.863909560797	633.1483296526984	2710.309458987448	-2404.538828088861	660.4951155945623	2369.257901963529	-2504.643423108527	501.8258265514347	2335.773999883845	-2444.37798164272	620.4339302115831	2298.513592241644	-2202.076985053131	489.4404179217374	2266.692780803739	-2181.324040052752	484.4755931402487	2393.019683641684	-2299.331256654919	384.5032741793677	2276.676367271774	-2234.500003278842	236.7303696885517	2310.931281342871	-2221.793964027757	319.8882932304203	2380.822157830073	-2354.335525844953	109.9903066812807	2291.293346727209	-2323.532078190986	109.2639718030314	2384.806814198902	-2198.999690442476	64.42811405808879	2350.132327202671	-2249.193119719439	54.6965752372488	2235.397630375968	-2418.532173586197	73.70902342786947	2349.101004362642	-2480.721008389779	486.3840304885774	2678.40610803806	-2429.163219202662	605.448772910951	2727.25227926784	-2387.382349779452	642.4401304985945	2638.70515306776	-2205.509220513013	477.8219847952766	2750.730555026897	-2162.657821543322	484.5593750086559	2623.552827217397	-2233.372312565235	247.0845413580709	2706.54198204855	-2269.209117114062	396.3023842391131	2748.920659637038	-2205.27852001443	350.7021872389034	2636.507778667226	-2361.016816535341	104.8145903082628	2708.504000731338	-2322.859559250057	107.986395142281	2618.722861172116	-2209.100105559119	63.84510800524563	2654.189103399358	-2245.070646348171	61.3497996544025	2761.248413067481	-2428.132894695339	74.77738446425653	2654.485350263545	
160	1.705	-2155.12359407998	1011.801166317558	2507.55721866232	-2073.852467324386	926.7270794676783	2387.678190522503	-2102.976191434405	854.0175286959019	2510.037228073865	-2479.778497061798	665.6552464765824	2377.94088951851	-2458.552748931999	648.5367760489953	2636.601569626055	-2616.8424317727	754.3259451968341	2457.373439267903	-2588.526595574196	758.9244729913299	2573.871336794865	-2543.057391524927	642.958765291368	2295.834219938303	-2562.097007180384	633.064052689376	2710.455368785132	-2404.799689717716	660.4306254312248	2369.554743573225	-2504.814486717438	501.7789134918349	2335.97671272707	-2444.565878442496	620.3940241157228	2298.724352148722	-2202.214440865338	489.4945783104068	2267.080417574375	-2181.488861613254	484.4873618086422	2393.40241167094	-2299.449463522624	384.5577569546459	2277.050198024285	-2234.558761829926	236.7575887312199	2311.12708886301	-2221.859363436683	319.8508907039235	2381.077248064752	-2354.353196406391	109.9993176234275	2291.364530435071	-2323.515329188012	109.2175201579134	2384.866645750046	-2199.006732784624	64.42912008200314	2350.141486491535	-2249.208445992489	54.71470196352399	2235.413760922806	-2418.522735323635	73.69038802958495	2349.140860388087	-2480.892300189585	486.3172118975882	2678.462501504745	-2429.359035168749	605.3830894874986	2727.314447005444	-2387.645412071607	642.4346259174216	2638.74597089735	-2205.6749728088	477.8699933075939	2750.629891761445	-2162.863903592819	484.6285594213628	2623.42141588633	-2233.422891256213	247.1050988507295	2706.475584905294	-2269.318420371531	396.3249362641064	2748.80976605522	-2205.402341170654	350.7188179790554	2636.432985013319	-2361.033047784082	104.7939393440953	2708.490974743336	-2322.858766037879	107.9800820885341	2618.700050206642	-2209.096901754401	63.85276764932441	2654.175119853043	-2245.069652018024	61.36029709155316	2761.225963833916	-2428.139520143571	74.74482137943953	2654.47392241334	
161	1.71	-2155.25794298805	1011.637029760741	2507.675024416365	-2074.044922299225	926.5473114563055	2387.800582375515	-2103.144189190391	853.8046728096926	2510.104625835555	-2480.015857312288	665.6043727555431	2378.11515695241	-2458.811063408374	648.5131853546822	2636.72161740888	-2617.07480688028	754.2610004168538	2457.520401277939	-2588.76871432757	758.8662604000989	2574.020131966109	-2543.247603698308	642.8924118171986	2295.969703343439	-2562.330814455674	632.9944678835852	2710.599903671497	-2405.050329260735	660.3733810245318	2369.850203109869	-2504.981399241324	501.7445506841126	2336.17870437984	-2444.743864939844	620.3642632823434	2298.934089789055	-2202.347900471046	489.5482166076804	2267.469577069703	-2181.64727331322	484.4991767643917	2393.786141717862	-2299.566443548374	384.6132592207665	2277.427119478911	-2234.617703606632	236.7844964024235	2311.325384546148	-2221.920826455332	319.8120576326651	2381.333508528924	-2354.370921501625	110.0090419249152	2291.437627773873	-2323.495730356394	109.1690479199043	2384.927120563789	-2199.014094675164	64.4291945570035	2350.150395185044	-2249.224994660104	54.73277593012657	2235.429559664183	-2418.511671748969	73.67176609403228	2349.184642074639	-2481.069958727533	486.2609352259864	2678.526447297161	-2429.560971090211	605.3258434710891	2727.384537681391	-2387.90539187106	642.4375787355787	2638.803188202362	-2205.850821497607	477.9159752027101	2750.556235294154	-2163.069502492907	484.6972838835327	2623.325901130658	-2233.479338732905	247.1272391160547	2706.425361111571	-2269.436851688241	396.343675286373	2748.722998697291	-2205.531689748879	350.7391506954123	2636.381759875055	-2361.051345092295	104.7702541487836	2708.480277767294	-2322.859995869575	107.9745035313585	2618.681071848042	-2209.09710111986	63.85788705736626	2654.166303349367	-2245.069321227809	61.37144458307567	2761.208743753897	-2428.145397801463	74.71266489834063	2654.461890984389	
162	1.715	-2155.399260550601	1011.50648527115	2507.79498182773	-2074.244197158687	926.3990655498013	2387.920200029577	-2103.317803421018	853.6243271626704	2510.176274513528	-2480.242608006707	665.5663679558302	2378.288052474827	-2459.064015769743	648.5004260812705	2636.842124929529	-2617.297041466256	754.2107844443315	2457.664518224579	-2589.00403908875	758.820856983107	2574.165620542828	-2543.427507291638	642.8400357485741	2296.10532274104	-2562.56495177134	632.9392057221563	2710.743140002021	-2405.290873192149	660.324162715641	2370.141899462285	-2505.144727397519	501.7232065840017	2336.378301818701	-2444.91292875985	620.3454117143971	2299.141373702829	-2202.478609046414	489.6017827566641	2267.855518095329	-2181.799945988843	484.5114143960966	2394.165853329024	-2299.68318497503	384.6695109454915	2277.802711216259	-2234.677238080968	236.811405951917	2311.523449236025	-2221.978900088367	319.7726947973605	2381.587651098343	-2354.388715956971	110.0192997988062	2291.511813507197	-2323.473418322016	109.1191675595791	2384.987655375768	-2199.02167246949	64.42846668543625	2350.158502294528	-2249.242882811593	54.75054493836591	2235.444485831897	-2418.499128497348	73.653340581267	2349.231882182031	-2481.25404575453	486.2152370619554	2678.598149217206	-2429.769231708105	605.2771725791197	2727.462903745584	-2388.162001184349	642.4486306342123	2638.877406846952	-2206.036494143943	477.9596594763109	2750.510803713803	-2163.274358337378	484.765458063013	2623.268050036772	-2233.541981361718	247.1509883498224	2706.392133628714	-2269.564616122982	396.3585631237679	2748.661395440123	-2205.666326360231	350.7633288536589	2636.3550049914	-2361.071673477371	104.7435843629447	2708.471985396545	-2322.863305550585	107.969654105901	2618.666201850037	-2209.100720474058	63.86050750158578	2654.162958221822	-2245.069742782801	61.38323464059567	2761.197305879035	-2428.15047618829	74.68111309112952	2654.449264596071	
163	1.72	-2155.547402348846	1011.410093187008	2507.917205346581	-2074.45021560941	926.2832233567273	2388.037029232432	-2103.497320828154	853.4773362653814	2510.252380067602	-2480.458593610286	665.5417682036732	2378.459065037024	-2459.31155281663	648.4983130882683	2636.962809332606	-2617.509298175722	754.1756876574062	2457.806111992349	-2589.232332808838	758.7883280874339	2574.308290430176	-2543.597595620583	642.8027062395503	2296.240968965792	-2562.799004481865	632.8979857526589	2710.885186740363	-2405.521488483308	660.2837778482997	2370.427650277442	-2505.305069907438	501.7153868013029	2336.573945031486	-2445.074052951767	620.3382550578283	2299.344884503875	-2202.607782837602	489.6557234272127	2268.233847581109	-2181.947714815323	484.5244374574671	2394.536921543196	-2299.800623382364	384.7262442561608	2278.172770218086	-2234.737763880464	236.8385988600524	2311.718748991292	-2222.034212448731	319.733653328768	2381.836643333634	-2354.406606639023	110.0298991767511	2291.586266594411	-2323.448626827259	109.0685017420679	2385.047666992356	-2199.029363382894	64.42708752330535	2350.165282101105	-2249.26219819678	54.7677753049113	2235.458024431428	-2418.485298319408	73.63528006674836	2349.282031685863	-2481.444558301186	486.1802174430177	2678.677619304386	-2429.983904607427	605.2372925246317	2727.549735216749	-2388.414959715943	642.4675663649175	2638.968936866451	-2206.231631123876	478.0009238542843	2750.494326332781	-2163.478291903434	484.8331140054475	2623.248857860537	-2233.611098421808	247.1763753821274	2706.376453222337	-2269.701830834856	396.3696684171102	2748.625533168448	-2205.80593590148	350.7914558328571	2636.353190503366	-2361.093979340471	104.7140174736423	2708.466129674839	-2322.868708321963	107.9655257598065	2618.65566362194	-2209.107694724094	63.86073754281887	2654.165302679152	-2245.071000079425	61.39563785574593	2761.19210513253	-2428.15472589399	74.65035227761985	2654.436079776598	
164	1.725	-2155.70222981676	1011.348300091693	2508.041857087917	-2074.662921670632	926.2006190318909	2388.151078183353	-2103.682931911997	853.364474532054	2510.333096075439	-2480.66372167798	665.5311254240988	2378.627737182778	-2459.553703163501	648.5067627042004	2637.083407890441	-2617.711776280291	754.1561750414015	2457.945498728443	-2589.453409778186	758.7688031836896	2574.44865805686	-2543.75841361844	642.7815243269624	2296.376521157382	-2563.032537219986	632.870607784341	2711.026170627094	-2405.742378671486	660.2530429257206	2370.705496871165	-2505.463050768917	501.7216216031668	2336.764211182764	-2445.228201862064	620.3435820589571	2299.543429890587	-2202.736591250128	489.7104696518167	2268.600582254758	-2182.09154934713	484.5385975461087	2394.895184705595	-2299.919620928367	384.7831932141867	2278.53336915818	-2234.799660593058	236.8663243885494	2311.908968793257	-2222.087465630283	319.6957318664914	2382.077746708615	-2354.424630945824	110.0406374183372	2291.660182073914	-2323.421681728299	109.0176731303335	2385.106578350516	-2199.037070289892	64.42522536630493	2350.170247927113	-2249.282995443386	54.78425541816122	2235.469699041692	-2418.470417997002	73.61773509954899	2349.334470292848	-2481.641417535787	486.1560266991205	2678.764677623926	-2430.204958009168	605.2064810592907	2727.645061779462	-2388.663997540771	642.4943203900403	2639.077804860623	-2206.435793596273	478.0397921417619	2750.507049986478	-2163.681195317893	484.9004024193422	2623.268543711006	-2233.686911543363	247.2034340057492	2706.378594407638	-2269.848517280959	396.3771566193523	2748.615545433197	-2205.950127081	350.8235977629614	2636.376356611007	-2361.118191984485	104.6816754699649	2708.462700043795	-2322.876176829026	107.9621087123095	2618.649626278027	-2209.117881832246	63.85874861752767	2654.173464923705	-2245.073171887208	61.40860104007919	2761.193489668588	-2428.158138743688	74.62055361784634	2654.422400824553	
165	1.73	-2155.863611463379	1011.321423943037	2508.169144034252	-2074.882272683384	926.1520173664276	2388.262380354113	-2103.874721175514	853.2864287081339	2510.418517282333	-2480.85796878798	665.5349985504855	2378.793671448056	-2459.790565510785	648.5257932388922	2637.203691357924	-2617.904704401101	754.1527695398937	2458.082987116494	-2589.66713868844	758.7624703479238	2574.587255492815	-2543.910553860657	642.7775960478482	2296.511846863251	-2563.265109016286	632.856944092904	2711.166220837674	-2405.953779528593	660.2327645125189	2370.973722589721	-2505.619311402526	501.7424521373166	2336.947836959819	-2445.376308112361	620.3621642308759	2299.735956555709	-2202.866140510615	489.7664250185736	2268.952200727889	-2182.232520570799	484.5542360486978	2395.236999819974	-2300.040947460091	384.8400939055717	2278.880910661498	-2234.863280524458	236.8948004067562	2312.092038910944	-2222.139425371298	319.6596749002586	2382.308546845706	-2354.442835069287	110.051303665137	2291.732782628284	-2323.392992065482	108.9672938263309	2385.163826008811	-2199.044706037815	64.42306084191284	2350.172964777986	-2249.305293223157	54.79979862548588	2235.479083916001	-2418.454763734275	73.60083487333772	2349.388519246606	-2481.844461203324	486.1428545861567	2678.858958266381	-2430.432239415948	605.1850630457851	2727.748756191225	-2388.908857292628	642.5289800709768	2639.203764267028	-2206.648472662404	478.0764266144868	2750.548749751053	-2163.883022728598	484.9675824807877	2623.326563922184	-2233.769574419645	247.232204693111	2706.398554798535	-2270.004595102007	396.3812788418641	2748.631144617806	-2206.098435186465	350.8597872479457	2636.424119991661	-2361.144224974712	104.6467114272857	2708.461645687883	-2322.885646815847	107.9593919105364	2618.648203066652	-2209.131070151445	63.85476866783542	2654.187481155685	-2245.07633277975	61.42204631794625	2761.201694419686	-2428.16072662339	74.59186974045103	2654.4083194035	
166	1.735	-2156.031423888017	1011.329643643113	2508.299314206586	-2075.108231552643	926.138095450025	2388.370998347871	-2104.072662355252	853.2437824472415	2510.5086745673	-2481.041385209153	665.5539441234931	2378.956535495768	-2460.022295484658	648.5555252486656	2637.323476753214	-2618.088333592825	754.1660342813501	2458.218876569643	-2589.873444345146	758.7695724992343	2574.724615844129	-2544.054651113038	642.7920039834572	2296.646803032046	-2563.496288185526	632.856933185753	2711.305454386719	-2406.155954505272	660.2237196195319	2371.230864713521	-2505.774501679687	501.7784158601216	2337.123738446439	-2445.519260765908	620.3947345076347	2299.921558895024	-2202.99745911308	489.8239547824268	2269.285685323247	-2182.37176610806	484.5716834980077	2395.559284715297	-2300.165264071754	384.8966847887498	2279.212176839411	-2234.928940664209	236.9242150479568	2312.26615409032	-2222.190907807905	319.6261715840135	2382.526976031945	-2354.461272105589	110.0616818265128	2291.803329764377	-2323.363037545418	108.917954613113	2385.218868844492	-2199.052197051189	64.42078191096633	2350.173060353888	-2249.329072556691	54.81424539647997	2235.485814938583	-2418.438644974425	73.58468432953997	2349.443456143109	-2482.053440249275	486.1409221138403	2678.959921214029	-2430.665475235142	605.1733970523161	2727.860538803721	-2389.149295973061	642.5717848675233	2639.346306655644	-2206.86909945654	478.1111158804586	2750.618743817686	-2164.083781539716	485.0350053354437	2623.421642825771	-2233.859163146897	247.2627354852617	2706.436057886248	-2270.169878144988	396.3823600875497	2748.671647269617	-2206.250328058939	350.9000275915791	2636.495685079168	-2361.17197738214	104.6093061451915	2708.462879247215	-2322.897021452271	107.9573629534671	2618.651450178992	-2209.14698771761	63.84907411170011	2654.207295519311	-2245.080553129532	61.43587133374048	2761.216836955415	-2428.162520149449	74.56443152323246	2654.393953831951	
167	1.74	-2156.205552476193	1011.372993511122	2508.432651664256	-2075.340758330979	926.1594283618622	2388.477028587108	-2104.276618316678	853.2370034552102	2510.603531720991	-2481.214098146423	665.5885066362066	2379.116065885726	-2460.249091763632	648.5961810631879	2637.442638585797	-2618.262931088334	754.1965545338761	2458.353455244528	-2590.072308005937	758.7904050524972	2574.861257659269	-2544.191375344767	642.8257784640392	2296.781237720879	-2563.725665952579	632.8705753172982	2711.443963531129	-2406.349190127894	660.2266364528468	2371.475720303865	-2505.929269977273	501.8300318237848	2337.291027860419	-2445.657894746771	620.4419659072842	2300.099484483219	-2203.131485256463	489.88337627925	2269.598553158145	-2182.510454768802	484.5912574916464	2395.859546692749	-2300.293109767531	384.9527072602742	2279.524373252041	-2234.996915130664	236.9547288952398	2312.429785838131	-2222.2427638599	319.5958544258846	2382.731328452211	-2354.480000095134	110.0715541470026	2291.871134498622	-2323.332353049245	108.8702142460549	2385.271197551386	-2199.059486062534	64.41857896780773	2350.170233987095	-2249.354276378812	54.82746474759485	2235.489599025678	-2418.422396668191	73.56936183421213	2349.498531391845	-2482.268019912507	486.1504760902671	2679.066869258657	-2430.904271667033	605.171863707472	2727.979983142772	-2389.385086538578	642.6231211390418	2639.504673637549	-2207.097055878723	478.1442588386685	2750.715912411858	-2164.283524639435	485.1030918689474	2623.551820101071	-2233.9556676484	247.2950817315037	2706.490559321248	-2270.34407304756	396.380787258821	2748.736001518296	-2206.40521513938	350.9442970318223	2636.589860434707	-2361.201334967929	104.569664939878	2708.466281818633	-2322.910176182202	107.9560075131094	2618.659365955901	-2209.165313054933	63.84198051904099	2654.232762000071	-2245.085898629362	61.44995068786287	2761.238915782968	-2428.163567297344	74.53834512415355	2654.379447983335	
168	1.745	-2156.385891706674	1011.451362875938	2508.569470273341	-2075.579801335974	926.2164791727859	2388.580606512148	-2104.486345122912	853.2664335652433	2510.702984394837	-2481.376313467046	665.6392091162013	2379.272070404428	-2460.471182218314	648.6480829903209	2637.561117437809	-2618.428774944026	754.2449202937485	2458.486997868891	-2590.263766356671	758.8253144475785	2574.99766928972	-2544.321423240342	642.8798698595758	2296.914992305745	-2563.9528679542	632.8979295732448	2711.581806166055	-2406.53379151037	660.2421764831332	2371.707346658216	-2506.084252554961	501.897786593612	2337.449026527862	-2445.792981579352	620.5044513857183	2300.269136376562	-2203.269056489014	489.9449510253369	2269.888876232093	-2182.649751678915	484.6132594892152	2396.135897688339	-2300.424891902509	385.0079064477009	2279.815166286617	-2235.067428356976	236.9864775358311	2312.581688095701	-2222.295861926809	319.5692974549501	2382.920268588192	-2354.499080078848	110.0807052714601	2291.935567375661	-2323.301511032003	108.8245891138224	2385.320344400667	-2199.066533866527	64.41664022444238	2350.164263131995	-2249.380810398329	54.83935495332186	2235.49022159467	-2418.406370117087	73.5549175724788	2349.5529858788	-2482.487785216139	486.1717860594332	2679.178968799171	-2431.148117262689	605.1808558582229	2728.10652261788	-2389.616019388804	642.6835123232364	2639.677869423777	-2207.331685643588	478.1763455407482	2750.838720737974	-2164.482343905547	485.1723057381209	2623.714513298808	-2234.058984749674	247.3293043457799	2706.561256798701	-2270.526780724776	396.3769972093431	2748.822815810845	-2206.562459394176	350.9925524448495	2636.705080518615	-2361.232171390988	104.5280146440912	2708.471709075209	-2322.924963955012	107.9553083481176	2618.671890529486	-2209.18568704462	63.83383239895345	2654.263648214794	-2245.092429338954	61.46413867242368	2761.267811190387	-2428.16393204164	74.5136893574369	2654.364969664494	
169	1.75	-2156.572345051379	1011.56450073939	2508.7101062731	-2075.825288090582	926.309593333552	2388.681911880902	-2104.701499719577	853.3322820420328	2510.806861513768	-2481.528315863806	665.7065445114429	2379.424428887662	-2460.688810723318	648.7116495957972	2637.67892483612	-2618.586149753578	754.3117103861515	2458.619763443091	-2590.447909174026	758.8746968843886	2575.134294241846	-2544.445508343294	642.9551234646962	2297.047903955347	-2564.177563042425	632.93911200686	2711.718999773987	-2406.710078104544	660.270918802458	2371.925057219709	-2506.240062669614	501.9821216078952	2337.597273527789	-2445.925221528626	620.5826861042086	2300.430072431312	-2203.410901780504	490.0088788504275	2270.155290533723	-2182.790785170521	484.6379709212962	2396.387056327203	-2300.560880992166	385.0620323108583	2280.082712872381	-2235.140649270237	237.0195743965859	2312.720896658773	-2222.351069605777	319.5470137040425	2383.092833149841	-2354.518574252222	110.0889266914121	2291.996067589377	-2323.271102813489	108.7815436364299	2385.36589268479	-2199.073320049293	64.41514756686168	2350.155007115642	-2249.408545205695	54.84984360351577	2235.487551754778	-2418.390922629753	73.54137277983507	2349.606069309536	-2482.712250446133	486.205143031553	2679.295273141536	-2431.396387592897	605.2007704171901	2728.239458517649	-2389.841903771485	642.7536045164391	2639.864674438826	-2207.572305276934	478.2079359135219	2750.985245980359	-2164.680365123099	485.2431230605401	2623.906593529838	-2234.168913509795	247.3654663715134	2706.647103617454	-2270.717500940257	396.3714650407875	2748.930388497834	-2206.721391881272	351.0447320146055	2636.839433186671	-2361.264349572892	104.4846007889896	2708.478998210575	-2322.941220667522	107.9552440546392	2618.688905943049	-2209.207725410345	63.82499250563797	2654.299640957634	-2245.100198285236	61.47827332270217	2761.303288663341	-2428.16369301595	74.4905135127445	2654.35070830656	
170	1.755	-2156.764824492798	1011.712025208008	2508.854909759164	-2076.077116455756	926.4389973035366	2388.781173704217	-2104.921650648088	853.434622335093	2510.914929351766	-2481.670467454248	665.7909684454839	2379.57309249169	-2460.902225170325	648.7873895264773	2637.796143523347	-2618.735343492415	754.3974788414948	2458.751992930272	-2590.624875757493	758.9389965584909	2575.271518507515	-2544.564350056979	643.0522584359594	2297.179808128789	-2564.399469159051	632.9942940530108	2711.855519022826	-2406.87837974621	660.313347686661	2372.128413859361	-2506.397279887219	502.083422754145	2337.735529519928	-2446.055237218199	620.6770532503929	2300.582001981206	-2203.557636214911	490.0752943461474	2270.396994431391	-2182.934616514785	484.6656490936417	2396.612337551094	-2300.701210292663	385.1148412086967	2280.325681535967	-2235.216686719777	237.0541137584378	2312.846722875093	-2222.4092351151	319.5294520581592	2383.24842682601	-2354.538544269608	110.0960214224293	2292.052150943784	-2323.241719733106	108.7414817769235	2385.407485318883	-2199.079842697985	64.41427305289835	2350.142407968267	-2249.437319520548	54.85888708662016	2235.481544912999	-2418.376406339428	73.52871987800118	2349.657058656705	-2482.940871929104	486.25085922286	2679.414746870465	-2431.648352395945	605.2320016506466	2728.377969489519	-2390.062568988684	642.8341477751071	2640.063660657459	-2207.818214650137	478.2396373980085	2751.153208409859	-2164.877744292507	485.31600050118	2624.124471715787	-2234.285153317817	247.403627878906	2706.746825892147	-2270.915639932383	396.3646928247215	2749.056738081275	-2206.881328658118	351.1007564696202	2636.990693173904	-2361.297723401264	104.4396848618167	2708.487975311482	-2322.958770611091	107.9557877239257	2618.71023679134	-2209.231031367816	63.81583104743527	2654.340353296674	-2245.10924967296	61.49218171553369	2761.345004806707	-2428.162942183921	74.46883571478499	2654.336871801708	
171	1.76	-2156.963249704784	1011.893437176652	2509.00423527095	-2076.335146374391	926.604801069643	2388.87867432891	-2105.146291181542	853.57339241133	2511.026898352196	-2481.80320484204	665.8928938326287	2379.718081410303	-2461.111667033747	648.8758925102645	2637.91292251681	-2618.876645433837	754.5027441188971	2458.883907083047	-2590.794850247687	759.0187027658403	2575.409660675825	-2544.678661799873	643.1718520457139	2297.310540901181	-2564.618356345348	633.0637003046376	2711.991296715416	-2407.039032960509	660.3698441713566	2372.317216406512	-2506.556440030051	502.2020128296168	2337.863775383955	-2446.183568764468	620.7878143732208	2300.724780357295	-2203.709758417827	490.1442658216453	2270.613736792167	-2183.082213419669	484.6965233428515	2396.811630758908	-2300.845880295543	385.1660981339958	2280.54326400849	-2235.29558643265	237.090173769648	2312.958742425867	-2222.471169063839	319.5169936535646	2383.386812124559	-2354.559049702174	110.1018087288946	2292.103416396139	-2323.213934997916	108.7047400091072	2385.444832178064	-2199.086117153253	64.41417616213005	2350.126488308436	-2249.466944424992	54.8664695804669	2235.472242565262	-2418.363156612475	73.5169235133006	2349.705276119277	-2483.173063235614	486.3092679508744	2679.536289947568	-2431.903185398475	605.2749355385358	2728.521122698641	-2390.27786518769	642.9259737529565	2640.273209480359	-2208.068706620984	478.2720825594592	2751.340006614703	-2165.074665153297	485.3913437295117	2624.364192281161	-2234.407305045039	247.4438394685048	2706.858943273389	-2271.120520854566	396.3571989279724	2749.199634169785	-2207.041589639926	351.1605286423455	2637.156361682966	-2361.332139930392	104.3935414936471	2708.498462733798	-2322.977431701415	107.9569056771881	2618.735651427364	-2209.2552079705	63.8067151433772	2654.385332975182	-2245.11961679361	61.50568632605569	2761.392515602897	-2428.161783512901	74.44864190761076	2654.323682373717	
172	1.765	-2157.167546946598	1012.10813758493	2509.158431719189	-2076.599192672884	926.807004043588	2388.974752183282	-2105.374854265575	853.7483986983275	2511.142432628147	-2481.92703467265	666.0126877153667	2379.859481066793	-2461.317362645714	648.9778174093984	2638.029466693895	-2619.010344982198	754.6279815100987	2459.015704547895	-2590.958055980361	759.1143454004068	2575.54896535024	-2544.789138666443	643.3143301901576	2297.439940995391	-2564.834047125523	633.1476047395639	2712.126227510156	-2407.192377391103	660.4406822812865	2372.491490159868	-2506.718026139882	502.3381473995013	2337.982205460873	-2446.31067040091	620.9151049539757	2300.858401817192	-2203.867650719056	490.2157968561817	2270.805795379642	-2183.23442804054	484.7307918022472	2396.985367598216	-2300.994768004761	385.2155798014309	2280.735176847088	-2235.377329810563	237.1278191891441	2313.056780278169	-2222.537627174609	319.5099480740539	2383.508093620648	-2354.580146608735	110.1061286853056	2292.14955095659	-2323.188286884605	108.6715820150497	2385.477715850719	-2199.092173924082	64.41500182573232	2350.107346435786	-2249.497208398854	54.87260162524658	2235.459769165423	-2418.351480534682	73.5059224292707	2349.750106004568	-2483.408211852895	486.3807228817462	2679.658760389431	-2432.159976779053	605.3299447483942	2728.66788680205	-2390.487663486623	643.0299705315564	2640.491532973164	-2208.323075371422	478.3059076102849	2751.542756780253	-2165.271337617355	485.4694783141488	2624.62153080399	-2234.534875276979	247.4861348356247	2706.98179290712	-2271.331396630794	396.3495081061697	2749.356629371464	-2207.201518898588	351.2239312852957	2637.333711954496	-2361.36744212296	104.3464554485774	2708.510286106506	-2322.997020284191	107.9585564264516	2618.76486380238	-2209.279869676153	63.79799881606028	2654.434071860775	-2245.131319764497	61.51861211535826	2761.445286759977	-2428.160331646189	74.42988552346449	2654.311371472354	
173	1.77	-2157.377647725848	1012.355447461467	2509.317831929104	-2076.869019382445	927.0455037269052	2389.069802726136	-2105.606728651208	853.959323573797	2511.261161900027	-2482.042527715266	666.1506705202268	2379.997436813474	-2461.519516171095	649.0938774991514	2638.146021015791	-2619.136731220758	754.7736188120219	2459.147560337909	-2591.114749053898	759.2264885657122	2575.689600078945	-2544.896444996785	643.4799646586066	2297.56785147778	-2565.046414556229	633.2463246550266	2712.260173672164	-2407.33875214788	660.5260303333345	2372.651471914775	-2506.882460783418	502.4920143704164	2338.091215385571	-2446.436908516294	621.0589356602335	2300.982991455114	-2204.03158193549	490.289830431497	2270.973946154555	-2183.3919800881	484.7686189923713	2397.134480677832	-2301.147640617531	385.2630786890948	2280.901652763343	-2235.461834911156	237.1671035394457	2313.140893075125	-2222.609294542347	319.5085496107924	2383.612697015086	-2354.601886167471	110.1088463510965	2292.190332760493	-2323.165263814879	108.6421953025572	2385.505995568486	-2199.098055933066	64.41687919275797	2350.085148942215	-2249.527882969801	54.8773183508758	2235.444326115738	-2418.341646011369	73.4956320648606	2349.791009946227	-2483.64569637002	486.4655959900686	2679.78099465578	-2432.417748020836	605.3973837460849	2728.817146770521	-2390.691855224701	643.1470556700833	2640.716699146075	-2208.580623111009	478.3417326105309	2751.758335797858	-2165.467996725984	485.550625060259	2624.892091979612	-2234.667283416652	247.5305229406753	2707.113556259838	-2271.547464745464	396.3421424857307	2749.525092472107	-2207.36050577254	351.2908232695052	2637.519840367891	-2361.403472011466	104.2987183429667	2708.523280671365	-2323.017355370344	107.9606899669006	2618.79753603612	-2209.304652682002	63.79001374838546	2654.486016190355	-2245.14436328256	61.53079390696124	2761.502705843801	-2428.158710574606	74.41248787488445	2654.300173797767	
174	1.775	-2157.593487301589	1012.634629924221	2509.48274210532	-2077.144336040653	927.3201065049093	2389.164277201797	-2105.841275634675	854.2057362523558	2511.382695433084	-2482.150311523851	666.3071177372079	2380.132147171544	-2461.718304180025	649.2248234475929	2638.262849871045	-2619.256092956648	754.940035138432	2459.279624686692	-2591.265211310089	759.3557222404535	2575.831655690266	-2545.001202315507	643.6688771777004	2297.694121143579	-2565.255378210832	633.3602119058164	2712.392972071792	-2407.478491855359	660.6259574684981	2372.797594852922	-2507.050099981257	502.6637373594642	2338.191384715183	-2446.562561026282	621.2191994212584	2301.098796591408	-2204.201712565615	490.366255514745	2271.119424188125	-2183.555445469287	484.8101342909046	2397.260354544428	-2301.304173037364	385.3084079974208	2281.043421542334	-2235.548959934809	237.2080703607606	2313.211350240842	-2222.686771978813	319.512953863776	2383.701343493266	-2354.624313346388	110.1098553458232	2292.22563216986	-2323.145291714633	108.6166898501327	2385.529609143385	-2199.103815298575	64.41992104774278	2350.060121264997	-2249.558728814518	54.88067743499162	2235.426183076529	-2418.333872065568	73.48594776019684	2349.827539873807	-2483.884903261506	486.5642738446307	2679.901825195481	-2432.675468707456	605.4775836507026	2728.967720473493	-2390.890350223307	643.2781485862398	2640.946661653441	-2208.840664949971	478.3801439411766	2751.983427821044	-2165.664901735282	485.6348815828192	2625.171404296382	-2234.803871306493	247.5769803693428	2707.252288352548	-2271.767883460469	396.3356134815376	2749.702243277847	-2207.518006054632	351.3610344861834	2637.711722227944	-2361.440074017959	104.2506250930734	2708.537296736243	-2323.03826225595	107.9632474476019	2618.833281838251	-2209.329223646309	63.78306098846584	2654.540577362201	-2245.158734609048	61.54208358152395	2761.564095861025	-2428.157052327789	74.39633930945035	2654.290320661917	
175	1.78	-2157.815003110704	1012.944913312325	2509.653431537729	-2077.424796390125	927.6305399683415	2389.258678914673	-2106.077845861242	854.4871068472756	2511.506637354845	-2482.251061778338	666.4822638357529	2380.263855679558	-2461.913871714486	649.3714247380042	2638.38021238178	-2619.368719035911	755.1275625694564	2459.41202221337	-2591.409742939394	759.5026521742652	2575.97514963948	-2545.103978135147	643.88104974546	2297.818605665679	-2565.460898311573	633.4896415092683	2712.524441693189	-2407.611922223889	660.7404452637263	2372.930472497982	-2507.221228982465	502.8533826688049	2338.283454778838	-2446.687818031601	621.3956841225636	2301.206178017905	-2204.378102111063	490.444915845981	2271.243877007923	-2183.725250745095	484.8554311866071	2397.364770294435	-2301.463968499813	385.3514073353472	2281.161680621577	-2235.638509433114	237.2507533367103	2313.268614923923	-2222.770564929571	319.5232349811554	2383.775019950522	-2354.647465645537	110.1090806432558	2292.255410803068	-2323.128723976931	108.5950988089851	2385.54857281284	-2199.109509885344	64.42422377852762	2350.032536682897	-2249.589502172622	54.88275686504245	2235.405666940995	-2418.328320942625	73.47674845883415	2349.859348181489	-2484.125242415072	486.6771521363494	2680.020094929161	-2432.932074665406	605.5708466269425	2729.118376831936	-2391.083074068392	643.4241433887981	2641.179293886667	-2209.102531925706	478.4216795210772	2752.214573741032	-2165.862334979044	485.722211540668	2625.455008110305	-2234.943914964433	247.6254444886393	2707.395948885186	-2271.991788944297	396.3304146163097	2749.885189441175	-2207.673562435367	351.4343599623222	2637.906270980701	-2361.47709811926	104.2024701466141	2708.552204060617	-2323.059575595405	107.9661612049667	2618.871670904703	-2209.353286530778	63.77740377549001	2654.597143026756	-2245.174401978827	61.5523567011038	2761.628729978893	-2428.155495747803	74.38130119144107	2654.282032973947	
176	1.785	-2158.042133189419	1013.285514673078	2509.830122864389	-2077.709999783868	927.9764662445101	2389.353556896919	-2106.315795688707	854.8028233112293	2511.632602589979	-2482.345492453902	666.6763080674751	2380.392841495242	-2462.106329808986	649.5344504743963	2638.498334877949	-2619.474898687337	755.3364902162185	2459.544851256553	-2591.548654918409	759.6678884304717	2576.120031748275	-2545.205276084841	644.1163403333757	2297.94116860013	-2565.662968171991	633.6349981903898	2712.654391016622	-2407.739355028959	660.869403949779	2373.050881848339	-2507.39606000792	503.0609693981218	2338.368302391701	-2446.812783747906	621.5880903582902	2301.30560134111	-2204.560718164842	490.5256205700468	2271.34931132454	-2183.901673514664	484.9045670942267	2397.449845192973	-2301.626581458161	385.3919488068261	2281.258055629434	-2235.730243270792	237.2951751888281	2313.313325650862	-2222.861075346295	319.5393838550279	2383.834945704883	-2354.671371995664	110.1064804487798	2292.279718451864	-2323.115834261283	108.5773812164036	2385.562978968362	-2199.115199857412	64.42986779428099	2350.002704316377	-2249.619961428215	54.88365255537315	2235.383148964553	-2418.325092583181	73.46790079852374	2349.886194635434	-2484.366160626028	486.8046286648117	2680.134668767931	-2433.186486754835	605.6774398585026	2729.267855228779	-2391.269964547962	643.5858832305209	2641.412426983518	-2209.365572361747	478.4668171363993	2752.448222945856	-2166.060600218639	485.8124424136819	2625.738534413393	-2235.086638033096	247.6758080065014	2707.542434702732	-2272.218312786692	396.3270151421328	2750.070965444695	-2207.826823286399	351.5105538706276	2638.100399222209	-2361.514402593111	104.154543584929	2708.567895018156	-2323.081142076649	107.9693550914876	2618.91223438806	-2209.376587435813	63.7732616634125	2654.655088234198	-2245.191313560212	61.56151830128113	2761.695847099486	-2428.15418545071	74.36720880079228	2654.275514191859	
177	1.79	-2158.274814626683	1013.655662901068	2510.012983194716	-2077.999495436	928.3574959164237	2389.449497027643	-2106.554502637533	855.1522108748173	2511.760232569844	-2482.434344987342	666.8894216973542	2380.519408985693	-2462.295754480489	649.714650636386	2638.617382121429	-2619.574921643857	755.5670701996614	2459.678183183488	-2591.682261470289	759.8520332126532	2576.26619157464	-2545.305527703875	644.3745027111427	2298.061682330224	-2565.861605098662	633.7966618905732	2712.782624774079	-2407.861082444028	661.0126924504266	2373.159745739639	-2507.574731952574	503.2864819755462	2338.446910273216	-2446.93747968459	621.7960533364517	2301.397628544585	-2204.749446825621	490.6081562533736	2271.438034229568	-2184.084848621857	484.957563419438	2397.51796866484	-2301.791541739173	385.4299430756265	2281.334551483665	-2235.823888139926	237.3413453872062	2313.346279261671	-2222.95859675936	319.5613076079644	2383.882536361251	-2354.696051922456	110.1020470751923	2292.298687928544	-2323.106812261887	108.5634266024339	2385.572991822925	-2199.120944445955	64.43691830100651	2349.970956736862	-2249.649873664485	54.88347583045732	2235.359030670449	-2418.324221877991	73.45926347068644	2349.907949711775	-2484.6071524008	486.9470952477477	2680.244442547509	-2433.437629574134	605.7975894040075	2729.414885733863	-2391.450967471192	643.7641371625634	2641.643890840598	-2209.62915191207	478.5159661207189	2752.680786660731	-2166.260020235521	485.9052720196447	2626.01777250628	-2235.231226560551	247.7279155050347	2707.689613054786	-2272.446599364691	396.3258543302393	2750.256573703294	-2207.977558775371	351.5893242418762	2638.291079563469	-2361.551856182855	104.1071271941428	2708.584286420055	-2323.102822863033	107.9727450070859	2618.954471499873	-2209.398917420748	63.77080611020338	2654.713786416638	-2245.209397030884	61.56950765805084	2761.764667985302	-2428.153271085946	74.35387523234425	2654.270943597323	
178	1.795	-2158.51298205041	1014.054620913333	2510.202116373173	-2078.292789448446	928.7732021880856	2389.547110834184	-2106.793379497496	855.5345535023035	2511.889209868079	-2482.518376616807	667.1217561656447	2380.643876616325	-2462.482187178212	649.912738910519	2638.737429260835	-2619.669077800776	755.8195249956733	2459.812061458845	-2591.810872715983	760.0556687794979	2576.413466596897	-2545.405086072115	644.6552089497591	2298.180029002501	-2566.056839947967	633.9749935714287	2712.908949733125	-2407.97737072345	661.1701411971543	2373.258114449103	-2507.757311904491	503.5298841910176	2338.520335165098	-2447.061848992625	622.019167748985	2301.482909786727	-2204.944103932238	490.6922997524525	2271.512590101068	-2184.274779817271	485.0144055521359	2397.571736030233	-2301.958378853355	385.4653449414303	2281.393495005566	-2235.919151182413	237.3892568857864	2313.368415359948	-2223.063312644914	319.5888306991142	2383.919365537145	-2354.721515076401	110.0958067803389	2292.312527982485	-2323.10176246269	108.5530613041162	2385.578841152233	-2199.126799119274	64.44542633144688	2349.937637813905	-2249.67902093198	54.88235074696978	2235.333729253309	-2418.325678891545	73.45069170428975	2349.924594231688	-2484.847767605459	487.1049291841143	2680.348349964401	-2433.68444938341	605.9314744447762	2729.558209573388	-2391.626032131581	643.9595803614457	2641.871556835585	-2209.892652782196	478.569462443354	2752.908692123872	-2166.460933459883	486.000283255825	2626.288725828851	-2235.376844758601	247.7815624336541	2707.83535512018	-2272.675822534384	396.3273362987978	2750.439027490087	-2208.125673247489	351.6703292457706	2638.47540324193	-2361.589339616638	104.0604906094241	2708.601319943597	-2323.124495928053	107.9762395483806	2618.997857265914	-2209.420113391522	63.77015766518281	2654.77262001188	-2245.22855981911	61.57630182033567	2761.834411549489	-2428.152906950063	74.34109631634573	2654.268470214366	
179	1.8	-2158.756566141072	1014.481706338345	2510.397556626266	-2078.589354338342	929.2231350060006	2389.647022338756	-2107.031886742834	855.9491167805664	2512.019270977331	-2482.598348094145	667.3734517114964	2380.766565492927	-2462.665636558016	650.1293782237016	2638.858436900925	-2619.757656214986	756.0940555752969	2459.94650027335	-2591.934787661886	760.2793463391481	2576.561650433492	-2545.504221297764	644.9580730713632	2298.296101481108	-2566.24870564157	634.1703227689301	2713.033179316887	-2408.088453285693	661.3415764861244	2373.347146524314	-2507.943798241432	503.7911336986967	2338.58967474604	-2447.185761824338	622.2570142308832	2301.562175352109	-2205.144446591135	490.7778313568555	2271.575694584494	-2184.471356200708	485.0750425634991	2397.613881390349	-2302.126645264797	385.4981579634001	2281.437470371412	-2236.015735058508	237.4388822531383	2313.380802123282	-2223.175298037411	319.6216979386504	2383.947125214695	-2354.747761196274	110.0878185705952	2292.321514513884	-2323.100705780888	108.5460562386842	2385.580814321231	-2199.132813331657	64.4554298817788	2349.903091423768	-2249.70720593919	54.8804112126201	2235.307663236506	-2418.329372011447	73.44204170390684	2349.936215308158	-2485.087615760657	487.2784849851133	2680.445368220978	-2433.925930655739	606.0792225558391	2729.696599200788	-2391.795106651556	644.1727784624746	2642.093380669343	-2210.155472730819	478.6275670616392	2753.128436807289	-2166.66368949024	486.0969659432003	2626.54765614263	-2235.52265143349	247.8364969239275	2707.977569291704	-2272.905201150085	396.3318252905519	2750.615395133563	-2208.271212859723	351.7531758647624	2638.650634381538	-2361.626746488959	104.0148876329013	2708.618961181809	-2323.146058362026	107.9797407179043	2619.041851435712	-2209.440057223861	63.7713848271548	2654.830990562069	-2245.248690065532	61.58191767033034	2761.904310840048	-2428.153251921624	74.32865647359718	2654.268207622558	
180	1.805	-2159.005492200778	1014.936310292847	2510.599263788956	-2078.888640616727	929.7068348856907	2389.749853404797	-2107.269543036944	856.3951715676959	2512.150216558892	-2482.675011013641	667.6446460594635	2380.887787920686	-2462.846081258574	650.3651700134784	2638.980231965471	-2619.840943330727	756.3908497737542	2460.081482587326	-2592.054287645155	760.5235768031584	2576.710500444575	-2545.603117780498	645.2826743330489	2298.409804330297	-2566.437225087321	634.3829382893605	2713.155136999632	-2408.194523316757	661.526845044745	2373.428088809016	-2508.134125011092	504.0701959332451	2338.656034491805	-2447.309021499614	622.5091859506816	2301.636227587803	-2205.350184502655	490.8645476128959	2271.630167126546	-2184.674372455401	485.1393865636781	2397.647211113814	-2302.295937426534	385.5284377087794	2281.469249059085	-2236.113353622284	237.4901697053394	2313.384622919592	-2223.294524210115	319.6595796206746	2383.96758553773	-2354.774780537603	110.0781720057617	2292.325980379081	-2323.103583899689	108.5421358307523	2385.579246875476	-2199.139029013286	64.46695495626379	2349.86765157371	-2249.734256907386	54.87779788144028	2235.28123908309	-2418.335153813532	73.43317485787692	2349.942998732785	-2485.326367079384	487.4680871074887	2680.534523125919	-2434.161110797094	606.2409066710819	2729.828877333709	-2391.958133393419	644.4041765580937	2642.307443535577	-2210.417024526535	478.6904672085162	2753.336641829474	-2166.868643465185	486.1947441876338	2626.791117004749	-2235.667816850222	247.8924246289076	2708.114233733625	-2273.13401295526	396.3396413834569	2750.782844710727	-2208.414367674104	351.8374216234282	2638.814258046689	-2361.663983564798	103.9705527963338	2708.637197395531	-2323.167428710864	107.9831446563617	2619.085908531542	-2209.458673387533	63.77450456626666	2654.888328134361	-2245.269658344532	61.58641230740122	2761.973628225039	-2428.154469597781	74.31633530025299	2654.270229841914	
181	1.81	-2159.259678859544	1015.417913913143	2510.807120258641	-2079.190089835306	930.2238462372665	2389.856208098673	-2107.505933758795	856.8720176677527	2512.281918654742	-2482.749095039173	667.9354828307399	2381.007836336265	-2463.02347319416	650.6206480282152	2639.10249695707	-2619.919220419174	756.7100903689682	2460.216957534996	-2592.169630321182	760.7888241755874	2576.859744249485	-2545.701873106058	645.6285787622254	2298.521054827295	-2566.622399085924	634.613083215483	2713.2746585236	-2408.295726098946	661.7258374732481	2373.502255661113	-2508.32816726793	504.367056461902	2338.720495649678	-2447.431371273639	622.7753138919079	2301.705932601646	-2205.560990659637	490.9522732399275	2271.678863625718	-2184.883551624052	485.2073118711107	2397.674539402594	-2302.465913487032	385.5562932704757	2281.491716220801	-2236.211747224261	237.5430396167753	2313.381162831385	-2223.420866129561	319.7020788770784	2383.982554913926	-2354.802554765617	110.0669840691245	2292.32630412258	-2323.110266010024	108.5409877468225	2385.574512032725	-2199.145479900948	64.4800163226666	2349.831634331129	-2249.760031416131	54.87465485734595	2235.254839327672	-2418.342829333999	73.42396154149813	2349.945218052219	-2485.563750612979	487.6740244002861	2680.614894368513	-2434.389092700242	606.416544398144	2729.953934396951	-2392.115044580869	644.6540932168689	2642.511989731497	-2210.676736512796	478.7582801433609	2753.530103623836	-2167.076149385052	486.2930073183807	2627.015978062906	-2235.811539836299	247.9490165967319	2708.24342773306	-2273.361606444946	396.3510566991124	2750.938688299814	-2208.555467821848	351.9225797626714	2638.964020700404	-2361.700970606933	103.9276981845705	2708.656034098033	-2323.188549406024	107.9863423693056	2619.129488978513	-2209.47592541711	63.77948441795112	2654.944099914431	-2245.291320128609	61.58988165592653	2762.041669332174	-2428.156728455622	74.30391458736402	2654.27456841224	
182	1.815	-2159.519037037177	1015.92610239172	2511.020929770136	-2079.493148424431	930.7737300314886	2389.966656622145	-2107.740717614728	857.3790067766688	2512.414324543121	-2482.82129531062	668.2461193419427	2381.126972977815	-2463.197740839606	650.8962770122638	2639.224769479758	-2619.992760312353	757.0519624457162	2460.35283725109	-2592.281044224412	761.0755021771481	2577.009084911136	-2545.800498382855	645.9953577956277	2298.629783997605	-2566.804194889839	634.8609550557062	2713.391593071989	-2408.392151346849	661.9385093205811	2373.571007417091	-2508.525747007761	504.6817309621064	2338.784085501437	-2447.552501519003	623.0550894944811	2301.772211494357	-2205.77651105865	491.0408715804555	2271.724610818113	-2185.098569014942	485.2786542899261	2397.698627394124	-2302.63630676155	385.5818867840555	2281.507795599529	-2236.310696564879	237.5973820662973	2313.371793987771	-2223.554112286141	319.7487412339315	2383.993841301494	-2354.831058275212	110.0543951975496	2292.322897990479	-2323.1205576138	108.5422730740064	2385.567009447157	-2199.152191689019	64.49461786461278	2349.795331715238	-2249.784419153722	54.8711262988708	2235.228812633383	-2418.35216636458	73.41428437408506	2349.94322074999	-2485.799550075678	487.896546914121	2680.685621594429	-2434.609054909152	606.6061002829686	2730.070743924739	-2392.265758254902	644.9227196806858	2642.705458887989	-2210.934054794287	478.8310588147095	2753.705842845808	-2167.28655261585	486.391142243888	2627.219442087391	-2235.95306490479	248.005919961884	2708.363361365134	-2273.587410370244	396.3662922446063	2751.080424766449	-2208.694973867985	352.0081279144223	2639.09796226718	-2361.737639852337	103.8865104853479	2708.675490632158	-2323.209389313485	107.9892204332379	2619.172071164995	-2209.491811593475	63.78624599027859	2654.997817831381	-2245.313518897418	61.59245734091527	2762.107795378527	-2428.160201831675	74.29118543950658	2654.281210753162	
183	1.82	-2159.783469276495	1016.460576348759	2511.240418004632	-2079.79728159525	931.3560756730885	2390.081719387644	-2107.973631478813	857.9155639688082	2512.547457123829	-2482.892260259206	668.5767333845195	2381.245420696172	-2463.368792107985	651.1924560481673	2639.346452499592	-2620.06182357282	757.4166597486146	2460.488993298688	-2592.388723877207	761.3839744815076	2577.158204751191	-2545.898919791198	646.3826031849457	2298.735937633907	-2566.982536104541	635.1267114650651	2713.505803612511	-2408.483825869941	662.1648987279226	2373.635728237653	-2508.726639318628	505.0142722571219	2338.847751070639	-2447.672057126631	623.3482835196415	2301.836030936585	-2205.996373113393	491.1302530825366	2271.770144021193	-2185.319075782401	485.3532108718902	2397.72212717258	-2302.806934306742	385.6054307880712	2281.520375191697	-2236.410034016951	237.6530558775624	2313.357958614922	-2223.693976425148	319.7990662278243	2384.003215550879	-2354.860259844795	110.0405646003303	2292.316195585875	-2323.134210984609	108.5456365926835	2385.557153631791	-2199.159182847566	64.5107525428492	2349.75900749525	-2249.807343545037	54.86735306705041	2235.203466018503	-2418.362907300265	73.40404083660457	2349.93741213552	-2486.033598041763	488.1358656052436	2680.745911753963	-2434.82025929153	606.8094915099616	2730.178375609913	-2392.410174676786	645.2101242084671	2642.886511283006	-2211.188447340013	478.9087988824043	2753.861149466625	-2167.500181925207	486.4885650857997	2627.399056663938	-2236.091699071239	248.0627709866264	2708.472402982487	-2273.810940652378	396.3855155669879	2751.205780029633	-2208.83346199981	352.0935200100106	2639.214439565446	-2361.773935266417	103.8471482174498	2708.695594921628	-2323.229946333854	107.991661706101	2619.213164145834	-2209.50636015859	63.79466968412503	2655.049045096641	-2245.336089709744	61.59430202304267	2762.17143361207	-2428.165067499051	74.27795515921946	2654.290099853164	
184	1.825	-2160.052869529696	1017.021160451909	2511.465234925983	-2080.101986572849	931.970511944747	2390.201851799682	-2108.204493625589	858.4812070744779	2512.681411899835	-2482.962579983885	668.9275284851677	2381.363355340274	-2463.536516651996	651.5095257637664	2639.466834241186	-2620.126654261718	757.8043898514683	2460.625252971124	-2592.492825385733	761.714558682851	2577.306767942589	-2545.996981091657	646.7899376853633	2298.83947720497	-2567.157294592323	635.410481515043	2713.617166683853	-2408.570706873306	662.4051398056109	2373.697803550272	-2508.930578380788	505.3647741318408	2338.912337345628	-2447.789644895996	623.6547602667167	2301.898392963828	-2206.220192509545	491.2203814020972	2271.818049795087	-2185.544720788911	485.4307405668808	2397.747531927595	-2302.977700217597	385.627183418778	2281.532235830784	-2236.509651474028	237.7098894496108	2313.341148957102	-2223.840110668451	319.8525208121941	2384.01237762908	-2354.890124468762	110.0256650258612	2292.306639524668	-2323.150936837639	108.5507168279701	2385.545362415622	-2199.166465868253	64.52840207491323	2349.722894705088	-2249.828762264143	54.86346958244989	2235.179059351075	-2418.374781982603	73.39314520083987	2349.928237677667	-2486.265769248308	488.3921552716317	2680.795047974236	-2435.022056261727	607.0265973211114	2730.276005834196	-2392.548173276027	645.5162613149843	2643.054045199716	-2211.439410072221	478.9914465958585	2753.99362304534	-2167.717341497113	486.5847502508413	2627.552722060263	-2236.226827902129	248.1192097327887	2708.569104027174	-2274.031804603483	396.4088394066167	2751.312743768634	-2208.971605015264	352.1782008931273	2639.312141292752	-2361.809811678305	103.8097391172783	2708.716377612073	-2323.250249842763	107.9935461320094	2619.252320544218	-2209.519624322825	63.80460039882242	2655.09740157726	-2245.358863002287	61.59560350284431	2762.232085662123	-2428.171506627641	74.26405358675233	2654.301135287013	
185	1.83	-2160.327123437153	1017.607809292432	2511.694958589751	-2080.406804458037	932.6167168764063	2390.327430273337	-2108.433205494116	859.0755634337844	2512.816350746922	-2483.032775281591	669.298737110608	2381.480900113027	-2463.700787640725	651.847778242729	2639.585115453499	-2620.187475456703	758.2153780646164	2460.761395805473	-2592.593462464074	762.0675338224652	2577.454422156396	-2546.094446850285	647.2170214108397	2298.940380507371	-2567.328284972381	635.7123819933923	2713.725571897707	-2408.652676176918	662.6594711743222	2373.758597377127	-2509.137263020534	505.7333719460702	2338.978570887506	-2447.904840664474	623.9744865794287	2301.96032393098	-2206.447578326651	491.311276832597	2271.870714951993	-2185.775169498236	485.5109661552555	2397.777133331845	-2303.148593583369	385.6474416049008	2281.54598472794	-2236.609504063121	237.7676834695046	2313.322883632029	-2223.992119531454	319.9085541506731	2384.022926477618	-2354.920615181456	110.0098771549215	2292.294669445639	-2323.170416732044	108.5571556055925	2385.532045789749	-2199.174048683937	64.54753647420571	2349.687194633325	-2249.848666670777	54.85960104893667	2235.155802085032	-2418.387520929562	73.38152974957842	2349.916164563344	-2486.495973697689	488.6655607748605	2680.832399940637	-2435.213887743294	607.2572721331783	2730.362925654246	-2392.679610197052	645.8409853819752	2643.207205897832	-2211.68647482173	479.078907074175	2754.101207290737	-2167.938303433111	486.679255545612	2627.678696204315	-2236.357930229983	248.1748954320289	2708.652220658862	-2274.249702496049	396.4363215041246	2751.399601576713	-2209.110150268823	352.2616229164763	2639.390094995448	-2361.845233852546	103.7743777157484	2708.737865877152	-2323.270362623918	107.9947517963906	2619.289149063773	-2209.531677270251	63.81585397419806	2655.142567961673	-2245.381668377762	61.59656795937966	2762.289333660414	-2428.179701960788	74.24933860807543	2654.314175515671	
186	1.835	-2160.606109100842	1018.220610615734	2511.929100032638	-2080.71133008327	933.2944264019775	2390.458739964396	-2108.659752071744	859.6983836724253	2512.9524927338	-2483.10328741778	669.690621350064	2381.598122176764	-2463.861463187904	652.2074683715088	2639.700441290341	-2620.244484643733	758.6498700600999	2460.897150688373	-2592.690702869187	762.4431509840482	2577.600799604328	-2546.191006194142	647.6635540979537	2299.038641895278	-2567.495262217467	636.0325377009096	2713.830921347983	-2408.729535602499	662.9282393675069	2373.819429911442	-2509.346361648929	506.1202403219693	2339.047049363812	-2448.017195948921	624.3075354057461	2302.022862642672	-2206.67813639386	491.4030169122207	2271.93028316749	-2186.010118851418	485.5935778065037	2397.812987019694	-2303.319681378753	385.6665326079178	2281.563995793999	-2236.709609422186	237.8262153977306	2313.304680469178	-2224.149574388704	319.9666132610051	2384.036334151565	-2354.951694708315	109.9933838053896	2292.280710728024	-2323.192315716588	108.5646068665893	2385.517595472029	-2199.181936050109	64.56811356871184	2349.65207705101	-2249.867080242156	54.8558611632805	2235.133852118338	-2418.400868341749	73.3691452791483	2349.901663239709	-2486.724150155718	488.9562062552378	2680.85743548952	-2435.39528817077	607.5013619508474	2730.438546324358	-2392.804316404643	646.1840678393329	2643.345386351046	-2211.929218889408	479.1710525638354	2754.182218199975	-2168.163301247525	486.7717423592397	2627.775597284369	-2236.484590928228	248.2295215045586	2708.720731714026	-2274.464426647384	396.4679656531919	2751.464961647278	-2209.249895781401	352.3432636699025	2639.447666595892	-2361.880175507004	103.7411231942495	2708.760077244559	-2323.290381863329	107.9951564287086	2619.323325922536	-2209.542607330551	63.82822410144989	2655.184288706967	-2245.404338194267	61.59741266969254	2762.342844054743	-2428.189835144455	74.23370056603638	2654.32904140239	
187	1.84	-2160.889698325068	1018.859786055606	2512.167108777263	-2081.015219343788	934.0034416876915	2390.595964603707	-2108.884200928926	860.3495522864458	2513.09010229903	-2483.174468775377	670.1034707765979	2381.715031646217	-2464.018387621772	652.5888254639399	2639.811935097953	-2620.297849079986	759.1081332286054	2461.03219394913	-2592.78456529474	762.8416461579125	2577.745517819413	-2546.286277000131	648.1292738428638	2299.134271954727	-2567.65792271872	636.3711042517159	2713.93312899174	-2408.801003747852	663.2118970367923	2373.881555796721	-2509.557516558906	506.5255883810436	2339.118237153652	-2448.126243938728	624.6540839944397	2302.087047757071	-2206.911471023386	491.4957342112303	2271.998620241177	-2186.249307346094	485.6782385091236	2397.856886833692	-2303.491096880355	385.6848044047622	2281.588358337299	-2236.810042615089	237.8852454674273	2313.288026370112	-2224.312028002319	320.0261588516619	2384.053924764577	-2354.983326843374	109.9763641287151	2292.265164273236	-2323.216294732003	108.5727445090614	2385.502375496561	-2199.190130743715	64.59007858108005	2349.617681473639	-2249.884056091269	54.85235037644679	2235.113316589704	-2418.414594311033	73.35596087824642	2349.885189668289	-2486.950260509288	489.2642067074681	2680.869732851077	-2435.56588387758	607.7587232813138	2730.502402492547	-2392.922096200196	646.5452169052544	2643.468220391377	-2212.167275851411	479.2677302822926	2754.23536526796	-2168.392524793358	486.8619902755335	2627.842404287185	-2236.606511145354	248.2828291927179	2708.773852567761	-2274.675858271017	396.5037240151873	2751.507775203492	-2209.391665686075	352.4226439080342	2639.484553161916	-2361.914618269819	103.7099976553028	2708.783013873026	-2323.31043876547	107.9946395444211	2619.35460449593	-2209.552513464868	63.84148942495723	2655.222373785106	-2245.42671083995	61.59835848402233	2762.392369104038	-2428.202083275192	74.2170653424286	2654.345520883159	
188	1.845	-2161.177758270626	1019.525689515277	2512.408378513871	-2081.318193647922	934.7436350440342	2390.739178726189	-2109.106699892295	861.0290949208331	2513.229475137028	-2483.246574613889	670.5375974046851	2381.83158302219	-2464.171392732757	652.992064232093	2639.918731720624	-2620.347701207883	759.5904568098648	2461.166148794465	-2592.875016837466	763.2632543432032	2577.888180468611	-2546.379810518288	648.6139531297185	2299.227296550941	-2567.815909008438	636.7282915680285	2714.032119972194	-2408.866714332865	663.5109961272059	2373.946143667047	-2509.770347655886	506.949653136856	2339.192466794156	-2448.231504768544	625.0144071029131	2302.153904640644	-2207.147185433317	491.5896114502116	2272.077288817135	-2186.492519897188	485.7645914530175	2397.910348251483	-2303.663024442169	385.7026155007796	2281.620835501019	-2236.91092709828	237.9445238536672	2313.274345193501	-2224.479028784354	320.0866806002161	2384.076858626553	-2355.015477517624	109.9589879708321	2292.248397696392	-2323.242022302385	108.5812690400952	2385.486714104612	-2199.198634500273	64.6133638198463	2349.584119298349	-2249.899673659746	54.84915472307974	2235.094254385815	-2418.428505706754	73.34196298289179	2349.867169000515	-2487.174285309763	489.5896810394526	2680.868992774103	-2435.725391199205	608.029243435494	2730.55415322304	-2393.032725952342	646.9240987920451	2643.575569286996	-2212.400347174	479.3687695168848	2754.259765475263	-2168.626116927164	486.9499057688637	2627.878455724098	-2236.723515447748	248.3346189258629	2708.81104456209	-2274.883962401243	396.5435006418182	2751.527350060206	-2209.536286094432	352.4993447154369	2639.500769719959	-2361.948550583032	103.6809849703336	2708.806657760158	-2323.330696429745	107.9930853524176	2619.382822527684	-2209.561501194896	63.85542056236262	2655.256699270514	-2245.448633636815	61.59962225560897	2762.437746126424	-2428.216614832193	74.19939593329056	2654.363374731101	
189	1.85	-2161.470153440013	1020.218803298517	2512.652252623733	-2081.620041318396	935.5149543614302	2390.888342473117	-2109.327473327855	861.7371822940102	2513.370922208011	-2483.319756280536	670.9933278882687	2381.947679109581	-2464.320299072133	653.417394435438	2640.020008360383	-2620.394134190798	760.097150875207	2461.298586334215	-2592.961971195149	763.7082237723675	2578.028378406113	-2546.471096512657	649.1173931171049	2299.317755237994	-2567.968818087632	637.1043861493876	2714.127829834516	-2408.926216257216	663.8261764124553	2374.014257584425	-2509.984455735176	507.3926917148727	2339.269945723463	-2448.332490087598	625.3888658371808	2302.224431908945	-2207.384881290178	491.6848742335399	2272.1675330892	-2186.739587525346	485.8522692096113	2397.974601096018	-2303.83568163442	385.7203247767181	2281.662833535696	-2237.012422438871	238.0037986263314	2313.264965056246	-2224.650134510168	320.1477110769691	2384.106121799595	-2355.048115564591	109.9414105659262	2292.230738212407	-2323.269185087097	108.5899128583606	2385.470897164808	-2199.207448660406	64.63788851393365	2349.551476693381	-2249.914034655864	54.84634519901606	2235.076680104575	-2418.442455262344	73.32715372833786	2349.847981343734	-2487.39622070268	489.9327656502435	2680.8550496384	-2435.873613555642	608.3128609140117	2730.593581003232	-2393.135952883571	647.3203593229309	2643.667503075648	-2212.628214158925	479.4739877445991	2754.254949959935	-2168.864172064597	487.0355249231393	2627.883446735866	-2236.835555431438	248.3847587693438	2708.832019782756	-2275.088781231058	396.587156099062	2751.523356937924	-2209.68456234659	352.5730229730775	2639.49663101695	-2361.981966589439	103.6540303780961	2708.830967366003	-2323.351345777402	107.9903864405874	2619.407906426788	-2209.569679071848	63.86978679452004	2655.287206820607	-2245.469965344596	61.60140939003498	2762.478894666654	-2428.233585183174	74.18069241616131	2654.382343319633	
190	1.855	-2161.766747886899	1020.939732066149	2512.89802933158	-2081.920615966078	936.3174260330665	2391.043299029108	-2109.546817024145	862.4741307931941	2513.514752364789	-2483.394056303858	671.4709933443894	2382.063177441501	-2464.464917333129	653.865028779371	2640.115011486469	-2620.437197638904	760.6285442989498	2461.429028301579	-2593.045287774084	764.176829214645	2578.165691074013	-2546.559569056945	649.6394171715184	2299.405699055713	-2568.116213010478	637.4997702987498	2714.220203601024	-2408.978975465229	664.1581500088191	2374.086841013338	-2510.19942543071	507.8549730770131	2339.350767515395	-2448.428707013474	625.7778929349407	2302.299587905175	-2207.624157858747	491.7817817941548	2272.270273669755	-2186.990382479592	485.9409042636541	2398.050591264085	-2304.009299867233	385.7382819238526	2281.715382666318	-2237.114709691872	238.0628240739874	2313.261086680862	-2224.82492523196	320.2088375386077	2384.142521102944	-2355.081213212578	109.9237677299674	2292.212467369622	-2323.29749692889	108.5984440555115	2385.45516327919	-2199.216574525484	64.66355881408673	2349.519818116095	-2249.927258302203	54.84397764127134	2235.06056921135	-2418.456348436455	73.31154865673287	2349.827950187715	-2487.616076826631	490.2936276316009	2680.827880627627	-2436.010437692012	608.6095845391302	2730.620588908777	-2393.231493838799	647.7336450056644	2643.744278169959	-2212.850749713662	479.5831956589927	2754.220863452211	-2169.106736623866	487.1190103914874	2627.857424660246	-2236.942709539837	248.4331895668331	2708.836741100318	-2275.290426222633	396.6345130488232	2751.495828422205	-2209.837258457682	352.6434242870868	2639.472729182315	-2362.014865061923	103.6290410131187	2708.855876089358	-2323.37259951111	107.9864481317625	2619.429872377042	-2209.577155731988	63.88436221354184	2655.313902088547	-2245.490578232973	61.60390670360083	2762.515811835036	-2428.253131818206	74.16099030054244	2654.402154214303	
191	1.86	-2162.067407543679	1021.689194699158	2513.14496638567	-2082.219832040052	937.1511563433318	2391.203774634745	-2109.765091709715	863.2403998670779	2513.661254170825	-2483.469405822442	671.9709174614859	2382.177899078297	-2464.605049812918	654.3351888213778	2640.203078745385	-2620.476893609837	761.1849819368316	2461.556951421997	-2593.124771876042	764.6693834957903	2578.299688268731	-2546.644613149608	650.1798645444443	2299.491187747664	-2568.257637049526	637.9149367783618	2714.309194660712	-2409.024378676722	664.5076826970655	2374.164703884257	-2510.414827996114	508.3367698811751	2339.434926595671	-2448.519661602439	626.1819754336742	2302.380277345951	-2207.864611252298	491.8806162276165	2272.386112408072	-2187.244809937993	486.0301401796082	2398.138990816467	-2304.184104687735	385.7568189295592	2281.779129927988	-2237.217975469925	238.1213689685034	2313.263754467224	-2225.003015154051	320.2697109168831	2384.186684371581	-2355.11474635426	109.9061717135794	2292.193817611663	-2323.326706125646	108.6066687109293	2385.439700648059	-2199.226013428248	64.69026797521877	2349.489190284598	-2249.939475988635	54.84209304750848	2235.045864121128	-2418.470147699249	73.29517388259177	2349.80733390309	-2487.833877636574	490.672476859035	2680.78761209689	-2436.135829181909	608.9195100884558	2730.63519611856	-2393.319034051475	648.1636227153277	2643.80631281356	-2213.06792940957	479.6962011132147	2754.157856707749	-2169.353811222375	487.2006430716336	2627.800782989702	-2237.045179042811	248.4799266146144	2708.825417533066	-2275.489069360839	396.6853626181429	2751.445150750374	-2209.995079393394	352.7103927246082	2639.429908210834	-2362.04724843758	103.6058875343471	2708.881292926424	-2323.394684290437	107.9811933126952	2619.44882420462	-2209.5840375368	63.89893115613253	2655.336852086968	-2245.510359677641	61.60727583971342	2762.548566128548	-2428.275369427613	74.14035735319891	2654.422530342828	
192	1.865	-2162.372002593345	1022.468014183251	2513.392285271444	-2082.517657924798	938.0163313182524	2391.369381005375	-2109.982715294724	864.0365864564267	2513.810677557448	-2483.545624728354	672.4934038372194	2382.291639345061	-2464.740491904824	654.8281087955094	2640.28365525445	-2620.513173016912	761.7668213186926	2461.681793262573	-2593.200176098951	765.1862466023368	2578.429932237887	-2546.725572315553	650.7385849217675	2299.574286438893	-2568.392629437657	638.350497809717	2714.394763389216	-2409.061739013077	664.8755730329514	2374.248513137362	-2510.630224142757	508.8383510089328	2339.522335313331	-2448.604861981197	626.601635741526	2302.467338329196	-2208.10583424344	491.9816707392718	2272.515346543027	-2187.502797763019	486.119642549	2398.240215424005	-2304.360296939293	385.7762429637194	2281.854343949475	-2237.322395795386	238.179224338377	2313.273831860671	-2225.184063220173	320.3300515022497	2384.239065543804	-2355.14869466954	109.88870785202	2292.174970506213	-2323.356600767647	108.6144317383543	2385.424645682167	-2199.235766521597	64.71789672001813	2349.459626359526	-2249.950825494508	54.84071826217492	2235.032480925539	-2418.483874017804	73.27806285043269	2349.786320533843	-2488.049661960607	491.069576416786	2680.734522416255	-2436.249827258388	609.2428333778857	2730.637531967193	-2393.398226016247	648.6099972370893	2643.854161876642	-2213.279841233778	479.8128120835207	2754.066672322153	-2169.605354389771	487.2808091939268	2627.714253473813	-2237.143280356808	248.5250578955614	2708.798495133347	-2275.684933927981	396.7394713637983	2751.372048874723	-2210.158656607128	352.7738769622591	2639.369236123935	-2362.079122001236	103.5844069769362	2708.907105474127	-2323.417831493363	107.974567486553	2619.46494815031	-2209.590426766641	63.91329279207996	2655.356181514297	-2245.529213233344	61.61164754283305	2762.577290077432	-2428.300384938888	74.11888908388833	2654.443198444232	
193	1.87	-2162.680409847756	1023.277105689859	2513.639175073338	-2082.814107087425	938.9132150764974	2391.539619905463	-2110.200153973933	864.8634167927042	2513.963216031425	-2483.622424740809	673.0387237068425	2382.404179726325	-2464.871033504082	655.3440374298249	2640.356304071926	-2620.545932651411	762.3744292261624	2461.802959320231	-2593.271203025128	765.7278319962001	2578.555980054121	-2546.801757329758	651.3154343798534	2299.655061838694	-2568.520741429188	638.8071878816464	2714.476875412108	-2409.09030351128	665.2626302844259	2374.338786941236	-2510.845167190779	509.3599751568125	2339.612842244717	-2448.683821263235	627.0374121548622	2302.561529880099	-2208.347417025765	492.0852374397795	2272.657991205013	-2187.764285811002	486.2091089233025	2398.354447906525	-2304.538035886304	385.7968308965861	2281.940931280216	-2237.428120817704	238.2362103468141	2313.291982386515	-2225.367782138599	320.389651048661	2384.299953957973	-2355.183041699588	109.871432115162	2292.156056417831	-2323.387012109237	108.6216164077694	2385.410083270023	-2199.2458342966	64.74631378071106	2349.431150061001	-2249.96144501523	54.83986695267434	2235.020316465701	-2418.497605482012	73.26025283113295	2349.765025916862	-2488.263485447227	491.4852509496632	2680.669040778781	-2436.352539036349	609.5798589936624	2730.627828697247	-2393.468688674423	649.0725260264369	2643.888492250132	-2213.486693357821	479.9328388078073	2753.948424444397	-2169.861287489647	487.3599836912331	2627.598895978854	-2237.237434089659	248.5687390645751	2708.756643735383	-2275.878285171006	396.7965886192699	2751.277565470805	-2210.328537083022	352.8339327406594	2639.291975640225	-2362.110493239948	103.5644068608728	2708.933185222081	-2323.442267072641	107.9665437710283	2619.47850485175	-2209.596420325946	63.92726479636696	2655.372068072013	-2245.547059157146	61.6171170931954	2762.602172076557	-2428.328232646894	74.09670314566803	2654.463897485634	
194	1.875	-2162.992515097344	1024.117463125696	2513.884796193739	-2083.109227857226	939.8421467959033	2391.713889584045	-2110.417912357771	865.7217359423232	2514.1189901938	-2483.699415403651	673.6071052803919	2382.515299900644	-2464.996460147143	655.8832380429094	2640.420711027653	-2620.57501309006	763.0081785295662	2461.919831088507	-2593.337509203874	766.2946100438002	2578.677386229523	-2546.872456116322	651.9102730984051	2299.733578083999	-2568.641551342713	639.285860426703	2714.55549949241	-2409.109262455963	665.6696521944982	2374.435892570722	-2511.059206721945	509.9018857295294	2339.706250715275	-2448.756060323378	627.4898398420859	2302.663520207983	-2208.588949206043	492.1915952078706	2272.813808973703	-2188.029216067285	486.2982771371866	2398.481666434161	-2304.717425233237	385.8188255564764	2282.038463483427	-2237.535261396874	238.2921819362334	2313.31865742982	-2225.553945557396	320.4483712716171	2384.369487100227	-2355.217774976717	109.8543696230826	2292.137155407348	-2323.41781606938	108.6281427081216	2385.396048530281	-2199.256215861953	64.77537664252253	2349.40377946327	-2249.971467262841	54.83954079544426	2235.009255450577	-2418.511473192149	73.24178129977493	2349.743494992302	-2488.475422934243	491.9198926519409	2680.591741693952	-2436.444133211076	609.9310041663847	2730.606413047351	-2393.530007186801	649.5510306902866	2643.910059788456	-2213.688819160528	480.0560952661338	2753.804573015745	-2170.121500503765	487.4387108330006	2627.456085634643	-2237.328151355215	248.6111855400806	2708.700740012719	-2276.069421198012	396.856453993774	2751.163034718084	-2210.505175979524	352.890721767095	2639.199554198585	-2362.141371383331	103.5456704760381	2708.959394824254	-2323.468201075224	107.9571275462267	2619.489818946921	-2209.602108910598	63.94068611094074	2655.38473683249	-2245.563834396786	61.62374114865391	2762.62344776207	-2428.35892957043	74.07393293661104	2654.484386737978	
195	1.88	-2163.308215365015	1024.990144554791	2514.128284191978	-2083.403092451456	940.8035365028766	2391.891492764091	-2110.636522818493	866.6124954954439	2514.278033346662	-2483.776112766532	674.1987257802626	2382.624788841415	-2465.116553664963	656.4459874490865	2640.476684447637	-2620.600197773372	763.6684455838212	2462.03177486657	-2593.398710381532	766.8871087408381	2578.79370559125	-2546.936944743221	652.5229650187608	2299.809892391113	-2568.754677384285	639.7874789785658	2714.630605129613	-2409.117760363899	666.0974034610321	2374.540047711776	-2511.271892752875	510.4643071251306	2339.80233668329	-2448.821110448217	627.9594332283435	2302.773875839561	-2208.830023161477	492.3009980999699	2272.982344972513	-2188.297524540809	486.3869316634098	2398.621675854952	-2304.898502722251	385.8424337160664	2282.146213849067	-2237.643878395515	238.3470329933479	2313.354091440865	-2225.742393118031	320.5061389517605	2384.447665960301	-2355.252886297766	109.8375141608521	2292.11829915934	-2323.448933062347	108.633964745975	2385.38252980844	-2199.266908043475	64.80493256599603	2349.37753024679	-2249.981013900977	54.83973078658014	2234.999177341836	-2418.525654690267	73.22268233312209	2349.72170602389	-2488.685570711145	492.3739647242479	2680.503335122755	-2436.524833336496	610.2967976168559	2730.573696792097	-2393.581733565137	650.0454049004218	2643.919688441444	-2213.886678689173	480.1824001700854	2753.636893221071	-2170.385858330657	487.5175831585613	2627.287496777361	-2237.416017999621	248.6526622150187	2708.631847359391	-2276.258664375522	396.9188047872249	2751.03005177517	-2210.688932848014	352.944507380822	2639.093534148783	-2362.171767153789	103.5279631463956	2708.985596787004	-2323.495817382848	107.9463604459545	2619.499266779495	-2209.607576570292	63.95341888109247	2655.394453743101	-2245.579492102028	61.6315361418679	2762.64139127858	-2428.392451140731	74.05072069585576	2654.504453208965	
196	1.885	-2163.627420956826	1025.896257033949	2514.368753995904	-2083.695785870877	941.7978599634778	2392.071645888331	-2110.856534265356	867.5367398191825	2514.44027991458	-2483.851950311749	674.8137070111345	2382.732454013429	-2465.231092136275	657.0325744045598	2640.524150562892	-2620.621213491328	764.3556083456692	2462.138151109311	-2593.454387895314	767.5059121379204	2578.904496519505	-2546.99449927431	653.1533794916471	2299.88405072006	-2568.859787329023	640.3131038439582	2714.702160061887	-2409.114908344635	666.5465956908399	2374.651324761816	-2511.482780236682	511.0474423828236	2339.900865285047	-2448.878515840759	628.4466705607181	2302.893051776274	-2209.070238734345	492.4136647305317	2273.162965838246	-2188.569135498969	486.4749078467419	2398.774140550838	-2305.081233719499	385.8678256872241	2282.263202214644	-2237.753975316555	238.400698880576	2313.398304773676	-2225.933033164983	320.5629380736746	2384.534372103997	-2355.288372192873	109.8208286959325	2292.099473736882	-2323.480326427999	108.6390674045469	2385.36947262533	-2199.277904393784	64.83482000951015	2349.352418230616	-2249.990190548963	54.84041859330898	2234.989962750759	-2418.540365357046	73.20298317220883	2349.699577319325	-2488.894048175076	492.8480022842918	2680.404652453464	-2436.594910780103	610.6778735839197	2730.530166339466	-2393.623388351792	650.5556187000553	2643.918251956756	-2214.080855766066	480.3115776324689	2753.44744083852	-2170.654207286923	487.5972197415333	2627.095083230818	-2237.501677399595	248.6934714136116	2708.551193128422	-2276.446353407399	396.9833830951513	2750.880438910955	-2210.880071273341	352.9956473995773	2638.975583779101	-2362.201692751554	103.5110391825161	2709.011662811261	-2323.525264196036	107.9343233891991	2619.507262744299	-2209.612900570929	63.96534970617881	2655.401518364248	-2245.59400073782	61.6404782822685	2762.656306752513	-2428.428727311985	74.02721038710891	2654.5239181519	
197	1.89	-2163.95005718007	1026.836941503015	2514.605304666566	-2083.987395293866	942.8256529798482	2392.253489353477	-2111.078500596517	868.4955913248232	2514.605557276849	-2483.926291561753	675.4521149740093	2382.838127908828	-2465.33984899226	657.643298408124	2640.56314552417	-2620.637732419998	765.0700452220141	2462.238324135232	-2593.504096117853	768.1516569862591	2579.009324704251	-2547.044408094782	653.8013948217053	2299.956083676195	-2568.956604455581	640.8638755635618	2714.770127957488	-2409.099797462306	667.017869458477	2374.769657551384	-2511.691433519542	511.6514720790681	2340.001605459444	-2448.927835940881	628.9519812164549	2303.021382814333	-2209.309209075549	492.5297689865021	2273.354900825352	-2188.843958286277	486.5620940299209	2398.938617206437	-2305.265508932805	385.8951363133218	2282.388246039423	-2237.865494707615	238.4531572435191	2313.451113908876	-2226.125842967644	320.6187996104292	2384.629385547165	-2355.324234601676	109.8042468656047	2292.080622946226	-2323.51199975094	108.6434625167986	2385.356784263779	-2199.289194240791	64.86487057010903	2349.328461073654	-2249.999082571237	54.84157788162884	2234.981499099235	-2418.555848328093	73.18270111007772	2349.676975918907	-2489.100998478511	493.3426108936454	2680.296628775594	-2436.654677407168	611.0749616266893	2730.476371509905	-2393.654463409963	651.0817193914897	2643.906658322711	-2214.272050093609	480.4434576962374	2753.238514132737	-2170.926381565847	487.6782447618701	2626.881054567275	-2237.585812445238	248.7339397524017	2708.460143746995	-2276.632836172568	397.0499423984931	2750.71620925181	-2211.078761632107	353.0445846217777	2638.847449608902	-2362.231162077743	103.4946491861684	2709.03748293913	-2323.556645755097	107.9211383696637	2619.514244866682	-2209.618151434766	63.97639036218767	2655.406255948624	-2245.607342870996	61.65050514334753	2762.668520243243	-2428.467639219127	74.00354066961542	2654.542642413627	
198	1.895	-2164.276065608373	1027.813358403868	2514.837024815664	-2084.278000585763	943.887505383134	2392.436098513461	-2111.302969100141	869.4902352267204	2514.773581412834	-2483.998443755365	676.1139636959474	2382.941671460432	-2465.442591233799	658.278469607641	2640.593804995641	-2620.649375747525	765.8121345478751	2462.331672003448	-2593.547370810197	768.8250281055791	2579.107767556221	-2547.085984217112	654.4669034870064	2300.026002878188	-2569.044909461616	641.4409964877716	2714.834466641932	-2409.071512653356	667.5117789866979	2374.894849847849	-2511.897430259137	512.2765542983841	2340.104342149819	-2448.968647514605	629.4757360680645	2303.15907618348	-2209.546567301974	492.649432378491	2273.55728327583	-2189.121886660712	486.6484317175972	2399.114585910258	-2305.451146153476	385.9244670777435	2282.520015598458	-2237.978318539596	238.5044270335097	2313.512148463155	-2226.320866408677	320.673789700906	2384.732402524323	-2355.360481731607	109.7876753580507	2292.061652090535	-2323.543993338503	108.6471848215485	2385.34433869021	-2199.30076193458	64.89491150783088	2349.305679134331	-2250.007751850694	54.84317558844175	2234.973685294003	-2418.572363604222	73.16184086777486	2349.653727614907	-2489.306587894494	493.8584630101521	2680.18028216739	-2436.70447797624	611.4888731024033	2730.41291367517	-2393.674425748426	651.623829353169	2643.885836928788	-2214.461064001988	480.5778769084367	2753.012612906258	-2171.202209482206	487.761267254552	2626.64784817838	-2237.669127237928	248.774404533984	2708.36017819634	-2276.818463305417	397.1182534526196	2750.539529077835	-2211.285086521584	353.091835471838	2638.710930147268	-2362.260191170947	103.478547372707	2709.06297369398	-2323.590015767455	107.90696875569	2619.520660253037	-2209.623393022265	63.98647813932448	2655.409008993519	-2245.619513680681	61.66151877380734	2762.678372381461	-2428.509016601121	73.97983826869223	2654.560530448905	
199	1.9	-2164.605404818737	1028.826674663437	2515.062998752646	-2084.56766648237	944.9840549971601	2392.618495293656	-2111.530469079475	870.5219042864171	2514.943956541665	-2484.067671995575	676.7992231013206	2383.042974219842	-2465.539076827369	658.9384103977063	2640.616352364929	-2620.655718832098	766.5822545524087	2462.417596357508	-2593.583738207918	769.5267528650851	2579.199419301719	-2547.11857699905	655.1498186952773	2300.093798005208	-2569.124538467602	642.0457116734332	2714.895127182277	-2409.029146712251	668.0287798469841	2375.02658499363	-2512.100364272932	512.9228254670791	2340.208885654633	-2449.000546449252	630.0182409769714	2303.306205695416	-2209.781973514369	492.7727182559664	2273.769190721535	-2189.4028003206	486.7339140271895	2399.301478110894	-2305.637895676163	385.9558889998058	2282.657090981353	-2238.092272542463	238.5545656937623	2313.580874176871	-2226.51820919764	320.7279970574391	2384.843052301334	-2355.397129034419	109.7709970645262	2292.042431915361	-2323.576380091863	108.6502879619154	2385.331981541239	-2199.312586451747	64.92476884787139	2349.284095591488	-2250.016234706246	54.84517313804312	2234.966435184932	-2418.59017710098	73.14039260117596	2349.629627598695	-2489.51100375222	494.3962927485489	2680.056690927865	-2436.744682163766	611.9204853910771	2730.340433511305	-2393.682722170566	652.182141244608	2643.856728230591	-2214.64878389706	480.7146791406931	2752.772395341601	-2171.481519391704	487.8468627446165	2626.398097278473	-2237.752328947542	248.8152002550035	2708.252860314783	-2277.003582450377	397.1881092968696	2750.352679552729	-2211.499048321818	353.1379772486646	2638.567851199768	-2362.288798820496	103.4624986002119	2709.088084540552	-2323.62537297184	107.8920178983686	2619.526951064143	-2209.628682527712	63.99557590416917	2655.410128441925	-2245.630519223824	61.67339022599076	2762.686211825988	-2428.55263632825	73.95621206533961	2654.577532897472	
200	1.905	-2164.938050596873	1029.878052590542	2515.282313472349	-2084.85643689754	946.115981845702	2392.799660314074	-2111.761500958885	871.5918640429255	2515.116178719943	-2484.133213318039	677.5078304273222	2383.141951540218	-2465.629051400328	659.623459067528	2640.631086691263	-2620.65629775348	767.3807836844212	2462.495532030657	-2593.612724623285	770.2575950350612	2579.283896638669	-2547.141582660245	655.8500818388914	2300.159434703335	-2569.195377586595	642.6792900823817	2714.952054034432	-2408.97181383245	668.5692199343747	2375.164436038796	-2512.29984685602	513.5904018297667	2340.315077817903	-2449.023149170544	630.579733278271	2303.46270761811	-2210.015121652742	492.8996280110762	2273.989682002167	-2189.686568106249	486.81858274981	2399.498700134334	-2305.825448826595	385.989445968809	2282.798018503559	-2238.207134235475	238.6036644723571	2313.656620955822	-2226.718031773807	320.7815204822958	2384.960912292723	-2355.434200196943	109.7540748417852	2292.022802588073	-2323.609260970963	108.6528407528322	2385.319534953444	-2199.324641470587	64.95427099985652	2349.263736000788	-2250.024541049633	54.84752762250118	2234.959679643929	-2418.609550357869	73.11833064264474	2349.604451032753	-2489.714450907642	494.9568893230556	2679.926969817173	-2436.775676112758	612.3707249443481	2730.259598711005	-2393.678784425022	652.7569111540961	2643.820275533228	-2214.836156938593	480.8537168852225	2752.520633333686	-2171.764145206422	487.9355572808518	2626.13459530978	-2237.836110200501	248.8566457650837	2708.139810374293	-2277.188533125072	397.2593292016207	2750.158018701454	-2211.720578328519	353.1836343883321	2638.420042788356	-2362.317007323684	103.4462848186132	2709.112802190628	-2323.662659204494	107.8765259102134	2619.533541637769	-2209.634070289386	64.00367195441606	2655.409964759523	-2245.640374487429	61.68596531874997	2762.692389580256	-2428.598222450001	73.93274821005606	2654.593647680257	
201	1.91	-2165.273995677834	1030.968641127658	2515.494066611737	-2085.144331667106	947.2840028827414	2392.978545448861	-2111.996526104967	872.7013990338235	2515.289643166673	-2484.19429018069	678.2397044380598	2383.238539276741	-2465.712244373098	660.3339755681959	2640.638371460442	-2620.650617048916	768.2081011838399	2462.564956223817	-2593.633866291822	771.0183481691078	2579.360844693185	-2547.154452983985	656.5676703378097	2300.222853494706	-2569.257354778627	643.3430068269835	2715.005186321032	-2408.898662175583	669.1333338044246	2375.307875737116	-2512.495506300169	514.2793813821322	2340.422794943554	-2449.036093584523	631.1603809541473	2303.628378484291	-2210.24574566	493.0300992794551	2274.217829972455	-2189.973052252262	486.9025243967747	2399.705651237328	-2306.013448845828	386.0251581758123	2282.941364149465	-2238.322644141027	238.6518418685947	2313.738614940545	-2226.920540170251	320.8344573520664	2385.085520900233	-2355.471728009918	109.7367557041539	2292.002577588095	-2323.642760225811	108.654923895307	2385.306802070969	-2199.336895950782	64.98325280264613	2349.244627452109	-2250.032654798693	54.85019297299246	2234.95336719552	-2418.63073149811	73.09561303932135	2349.577962928129	-2489.917146806367	495.5410894829707	2679.792246402257	-2436.797853440177	612.8405500904956	2730.171092099218	-2393.662034477426	653.3484503070133	2643.777418398789	-2215.02416393059	480.9948532697289	2752.260167107038	-2172.049931428947	488.027814175985	2625.860257520593	-2237.921132323278	248.8990325578003	2708.022676405936	-2277.373642161337	397.3317613749033	2749.957944361724	-2211.949546916477	353.2294641072745	2638.269317767849	-2362.344843358517	103.4297106830826	2709.137152506657	-2323.701760234717	107.860764568784	2619.540827319248	-2209.639599356199	64.01077969175033	2655.4088591552	-2245.649101288002	61.69907134511438	2762.697254111632	-2428.64544814652	73.90950651463011	2654.608919620743	
202	1.915	-2165.613249136756	1032.099569765778	2515.697375455361	-2085.431345899044	948.4888675287789	2393.154086745963	-2112.235957581386	873.8518005012355	2515.463654926543	-2484.250122917965	678.9947615570146	2383.332686641812	-2465.788364704178	661.0703491099237	2640.63862486132	-2620.638158360275	769.0645877675786	2462.62539709416	-2593.646719125917	771.80982862357	2579.429942944478	-2547.15670165428	657.3026053351109	2300.283969795373	-2569.310429777905	644.0381270100166	2715.054460200694	-2408.808884941986	669.7212403013895	2375.456285811481	-2512.686985610504	514.9898461425627	2340.531947554007	-2449.039039439614	631.7602840816415	2303.802874992011	-2210.473624479106	493.1640060469539	2274.452748612976	-2190.262113014215	486.9858656458147	2399.921735522649	-2306.201503277646	386.0630253326173	2283.085761747393	-2238.438519458547	238.6992353055812	2313.826013425973	-2227.125975219891	320.8868938385986	2385.216387674379	-2355.509754965444	109.7188752659078	2291.981547409902	-2323.677020533928	108.6566272526079	2385.293571120708	-2199.349315169474	65.01155988075102	2349.226797428296	-2250.040535493245	54.85312114309208	2234.947463227067	-2418.653947833674	73.07218191250826	2349.549926869659	-2490.119315270349	496.149769174316	2679.653638548685	-2436.811605730293	613.3309342722864	2730.0756006706	-2393.631889542151	653.9571159117768	2643.729087187288	-2215.213789757975	481.1379649983487	2751.993860016652	-2172.338737592348	488.124023582509	2625.57808065878	-2238.008009748563	248.9426145995426	2707.903105800054	-2277.559219712412	397.4052842933918	2749.754858742653	-2212.185774235426	353.2761417664472	2638.117452230705	-2362.372338928173	103.4126081272928	2709.161199977914	-2323.742509499966	107.8450304168699	2619.549165446877	-2209.645304802011	64.01693709788401	2655.407135230021	-2245.656726123912	61.71252433308121	2762.70114712983	-2428.693939820981	73.8865182933082	2654.623438644196	
203	1.92	-2165.955835565887	1033.271945269572	2515.891386972931	-2085.717451960537	949.7313542978588	2393.32521760804	-2112.480152043889	875.0443560387038	2515.637442367391	-2484.299940739022	679.7729330110951	2383.424347826745	-2465.857096507232	661.8330069448544	2640.632311735308	-2620.618389663272	769.9506262598082	2462.676441606276	-2593.650867973354	772.6328682802236	2579.490910804316	-2547.147907806258	658.05495874909	2300.342675101555	-2569.354582859045	644.7658915103507	2715.099812203478	-2408.701729442453	670.3329432894035	2375.608964991182	-2512.873938677481	515.721864725233	2340.64247731824	-2449.031667980527	632.3794780967023	2303.985716072999	-2210.698585507349	493.3011605037588	2274.693613631908	-2190.553612955119	487.0687686252499	2400.146367460995	-2306.389197001846	386.103029398202	2283.229953726084	-2238.554469324125	238.7459912477604	2313.917941261153	-2227.334600577098	320.9388974778361	2385.353000601979	-2355.548333440111	109.7002622690253	2291.959483009145	-2323.712198135462	108.6580477331541	2385.279618990627	-2199.361862109992	65.03905316707939	2349.210272409622	-2250.048121004455	54.85626329962665	2234.941947897751	-2418.679400298494	73.04796462788481	2349.520112335616	-2490.321179193362	496.7838345903796	2679.512233976697	-2436.817312638008	613.8428501016646	2729.973806067777	-2393.58776658349	654.583301555819	2643.676198355006	-2215.405992897186	481.2829463211167	2751.724554530046	-2172.630441920891	488.2244948991516	2625.291101758564	-2238.097295889816	248.9876000175324	2707.782717761459	-2277.745555790108	397.479806611064	2749.551135140086	-2212.429040977186	353.3243462881196	2637.966167786359	-2362.399532291316	103.3948397554549	2709.185044934558	-2323.784694695467	107.8296362624336	2619.558868788174	-2209.651212833814	64.02220596369544	2655.405091333885	-2245.663278110183	61.72613641813196	2762.704399843195	-2428.743283371262	73.86378573068401	2654.637336657657	
204	1.925	-2166.301794175332	1034.48685119481	2516.075288760287	-2086.002603994527	951.0122687917524	2393.490882107392	-2112.729402953117	876.2803415674991	2515.810172933691	-2484.342990885959	680.5741821172976	2383.513472903663	-2465.918094875952	662.6224234583428	2640.619936882335	-2620.590774703519	770.8666019788124	2462.717742489358	-2593.645934938545	773.4883069849978	2579.543512614543	-2547.127716537333	658.8248592791156	2300.398839345967	-2569.389803198793	645.5275048141986	2715.141183310005	-2408.576503728632	670.9683352339986	2375.765135492057	-2513.056025363669	516.4754952453177	2340.754351598248	-2449.013680717958	633.0179384465267	2304.176287122029	-2210.920506252958	493.4413164456936	2274.939675943793	-2190.847420133836	487.1514264713099	2400.378971212469	-2306.576105135644	386.145136549086	2283.372822553451	-2238.670210694801	238.7922541262736	2314.013527177764	-2227.546690087109	320.9905124969123	2385.494830529034	-2355.587525338819	109.680743049684	2291.936138963483	-2323.748457998368	108.6592877572715	2385.264714285561	-2199.37449907293	65.06561340277605	2349.195076260733	-2250.055331185006	54.85957097372467	2234.936812955265	-2418.707259699075	73.02287572763555	2349.488300559267	-2490.52295235064	497.4442127139784	2679.369072631543	-2436.815331778994	614.3772543608294	2729.866376912674	-2393.52908606144	655.2274273590033	2643.619650304815	-2215.601675545132	481.4297139720306	2751.45503045555	-2172.924943932246	488.3294519200781	2625.00235694856	-2238.189470786184	249.0341448884494	2707.663077238124	-2277.932917250042	397.5552657063712	2749.349087282836	-2212.679098767624	353.3747459542809	2637.817115791435	-2362.426468745281	103.3763009604066	2709.208818811403	-2323.828066981062	107.8149014106392	2619.570201555434	-2209.657339789582	64.02667080067299	2655.402993889662	-2245.668787099004	61.73972291070282	2762.707329543043	-2428.793032476229	73.841282756642	2654.650783261095	
205	1.93	-2166.651177945886	1035.745350043053	2516.248320626254	-2086.286744721678	952.332443293596	2393.650048270185	-2112.983935225527	877.5610159332224	2515.980970540765	-2484.378545615895	681.3985208969758	2383.599998440791	-2465.970982268156	663.4391286226664	2640.602039225083	-2620.554782234468	771.8129027241785	2462.749024125665	-2593.631586334267	774.3769846601193	2579.587561894322	-2547.095836302211	659.6124970868415	2300.452314358756	-2569.416077610639	646.3241246875043	2715.178523442873	-2408.432580421109	671.6272033556108	2375.923947844307	-2513.232906082774	517.2507886330097	2340.867556108689	-2448.984797096583	633.6755862839859	2304.373846329271	-2211.139314064746	493.584174000925	2275.19026773805	-2191.143409419121	487.2340595472674	2400.618974359696	-2306.761805148263	386.1892981436011	2283.513411363449	-2238.785483863153	238.8381545725689	2314.111938377816	-2227.76251505684	321.0417580956363	2385.641332924548	-2355.627401095748	109.6601458173132	2291.911256368472	-2323.785968999039	108.6604542280989	2385.248619875305	-2199.387189371088	65.09114537830582	2349.181228466586	-2250.062072264745	54.86299708038785	2234.93205775299	-2418.737664617405	72.99681953182477	2349.454289043309	-2490.724830509441	498.1318414034293	2679.22513241687	-2436.805988592688	614.9350738984009	2729.753963210744	-2393.455274735752	655.8899299478559	2643.560319747097	-2215.801655793828	481.5782128190089	2751.187966487176	-2173.2221656158	488.4390306092688	2624.714841120865	-2238.284930810743	249.0823492957777	2707.54567095336	-2278.121545125407	397.6316250182203	2749.150941701948	-2212.935679734318	353.4279849061116	2637.671863590492	-2362.453201112984	103.3569206997845	2709.232677874289	-2323.872352384687	107.801141067896	2619.583377972161	-2209.663691145886	64.03043736650321	2655.401071915193	-2245.673282026957	61.7531087222609	2762.710236439541	-2428.842718562455	73.81895731517751	2654.663980469849	
206	1.935	-2167.00405295512	1037.048487799992	2516.409786421841	-2086.569814157105	953.6927380977611	2393.801721109895	-2113.243901373156	878.8876182839595	2516.148933991399	-2484.40590674697	682.246025253709	2383.683838242186	-2466.015345765039	664.2837149080995	2640.579186379438	-2620.509894653702	772.7899182856388	2462.770087181719	-2593.607537899506	775.2997330254303	2579.622924689027	-2547.052033266667	660.41812701634	2300.502938290494	-2569.433380409557	647.1568532010515	2715.211795946762	-2408.26939747383	672.3092380674735	2376.084484243898	-2513.404236471826	518.047792451149	2340.982086178385	-2448.944750859957	634.352294949188	2304.577533041857	-2211.354983919311	493.7293854643416	2275.444801200205	-2191.441461215637	487.3169126135571	2400.865797007891	-2306.945887664443	386.2354504763415	2283.650932856433	-2238.900066620929	238.8837975766409	2314.212411676516	-2227.982331975958	321.0926296757702	2385.791947358109	-2355.668037954305	109.6383046488943	2291.884565535534	-2323.824899091857	108.6616578846312	2385.231094992801	-2199.39989897711	65.11558164858397	2349.168742322459	-2250.068241751142	54.86649669064818	2234.927684820822	-2418.770720703717	72.96969327602459	2349.417894942307	-2490.926981997845	498.8476590368829	2679.081318600523	-2436.789566360323	615.5171922642357	2729.637192848206	-2393.365767380835	656.5712522534369	2643.499058650737	-2216.006643100685	481.7284217641316	2750.925906055415	-2173.522050778127	488.5532793997249	2624.431469201652	-2238.38398072778	249.132255750684	2707.431886152925	-2278.311652244055	397.7088703770692	2748.958813413747	-2213.198504806406	353.4846706380039	2637.531882790877	-2362.479789815645	103.3366608899247	2709.256795882755	-2323.9172648183	107.7886554355912	2619.598563228848	-2209.670260645174	64.03363076318466	2655.39951292825	-2245.67678947844	61.76613391077246	2762.713400739391	-2428.891862026042	73.7967348446269	2654.677156632933	
207	1.94	-2167.360497998833	1038.397300535757	2516.559065577711	-2086.851759772694	955.0940445842471	2393.944955122591	-2113.509379136665	880.2613682438761	2516.313155825945	-2484.424407636176	683.1168480184035	2383.764874653415	-2466.050735475921	665.1568418515486	2640.551969298242	-2620.455615675865	773.7980394879645	2462.780811787175	-2593.573558028409	776.2573669099887	2579.649521866781	-2546.996122823126	661.2420703619488	2300.550540771743	-2569.441665034147	648.0267284390594	2715.240981580702	-2408.086455737093	673.0140433989459	2376.245760859707	-2513.56966268135	518.8665552966554	2341.097937065091	-2448.893285013989	635.0478970509851	2304.786378078008	-2211.56753435013	493.876562053427	2275.702760300305	-2191.741457078845	487.4002530826733	2401.118837453497	-2307.127965560113	386.2835132233845	2283.784766273217	-2239.013786154731	238.9292512754069	2314.314279555402	-2228.20637121447	321.1431028344514	2385.946095188305	-2355.709517484041	109.6150631459536	2291.855788602043	-2323.865410467184	108.6630128932547	2385.211896976642	-2199.412598017534	65.1388854582342	2349.157623211055	-2250.073733558621	54.87002744847558	2234.923695362003	-2418.806501058324	72.9413906299675	2349.378957562815	-2491.129537900223	499.5925936997887	2678.938456909372	-2436.766296550129	616.1244369011579	2729.516670081992	-2393.260007331909	657.2718331254805	2643.436691927025	-2216.217218116934	481.8803592544998	2750.671228297503	-2173.82456217447	488.6721619562293	2624.155039675313	-2238.486828376355	249.1838499970814	2707.322992626162	-2278.503421131857	397.7870055684013	2748.774685089555	-2213.467290342958	353.5453627364877	2637.398539535185	-2362.506302476139	103.3155144372498	2709.281356186148	-2323.962519985333	107.7777190633379	2619.61587656067	-2209.677029622748	64.03639310719328	2655.39846035554	-2245.679332456606	61.77865818300469	2762.717079981233	-2428.939984277181	73.77452275677479	2654.690559721113	
208	1.945	-2167.720604634303	1039.792822702986	2516.695623748163	-2087.132547586711	956.5372899159966	2394.078865899368	-2113.780370614509	881.6834687564417	2516.47274107116	-2484.433412638666	684.0112292776867	2383.842950931909	-2466.076664318408	666.0592376566227	2640.520996745082	-2620.391476751191	774.8376568592201	2462.781159069437	-2593.529468882229	777.2506752518983	2579.667330220376	-2546.927958602602	662.0847153122936	2300.594948517427	-2569.440857818791	648.9347161867991	2715.266081539613	-2407.88331334048	673.7411490747731	2376.406729719585	-2513.728817647037	519.7071318242221	2341.215093731412	-2448.830145464379	635.7621919988252	2304.999315901153	-2211.777021697706	494.0252814431304	2275.963686385859	-2192.043272033274	487.4843702809616	2401.377455758634	-2307.307681083449	386.3333866322745	2283.914443017313	-2239.126527885337	238.9745371323583	2314.416989650575	-2228.434827179948	321.1931397868777	2386.103176035455	-2355.751922348435	109.5902777581121	2291.824642203705	-2323.907654743422	108.664636538646	2385.190782775047	-2199.425262042751	65.16105266038308	2349.147867108146	-2250.078443088635	54.87354956457411	2234.920085016306	-2418.845047403207	72.91180544859654	2349.337340209602	-2491.332582118433	500.3675518602711	2678.797289990758	-2436.736349629229	616.7575667692918	2729.392975904089	-2393.137445870378	657.9920967789309	2643.374016000811	-2216.433817737825	482.0340876510172	2750.426124703468	-2174.129676156188	488.7955623577386	2623.8882009606	-2238.593582227306	249.2370641537795	2707.22012846691	-2278.697002278989	397.8660473827094	2748.60038976102	-2213.741752760351	353.6105630657402	2637.273086669248	-2362.532813063236	103.2935020173857	2709.30654373584	-2324.007849372428	107.7685710519302	2619.635396106133	-2209.683966591196	64.03888081143481	2655.398012494867	-2245.680929414565	61.79056422805893	2762.721506622784	-2428.98662019835	73.7522157005187	2654.704450151047	
209	1.95	-2168.084477770298	1041.23609675068	2516.819021979869	-2087.412173671424	958.0234431267437	2394.202640485893	-2114.056802920789	883.1551113517783	2516.626825418168	-2484.432314292327	684.9295035541693	2383.917865221051	-2466.092609348054	666.9916974433677	2640.486889405835	-2620.317042016327	775.9091590482328	2462.771170872778	-2593.475145381421	778.2804120240522	2579.676382284769	-2546.847419465841	662.9465162675692	2300.635991063337	-2569.430854028347	649.8817009937148	2715.287119067956	-2407.659577118684	674.4900238585199	2376.566280905381	-2513.8813185139	520.5695883774373	2341.333520474696	-2448.755073596977	636.4949538539602	2305.215198521094	-2211.983532952375	494.1750959705145	2276.227158591379	-2192.346763869087	487.5695753868887	2401.640956580557	-2307.484710867397	386.3849476841214	2284.039622254215	-2239.238240662283	239.019622276796	2314.520116499593	-2228.66785034856	321.2426977452849	2386.262563641108	-2355.795332413736	109.5638208241017	2291.790840387923	-2323.951768280164	108.6666488998732	2385.167510341447	-2199.437873034324	65.18211249244489	2349.13945944424	-2250.082272021079	54.87702538037401	2234.916840153702	-2418.886371762511	72.88083563942142	2349.292931564098	-2491.536141625535	501.1734064334631	2678.658476594437	-2436.69982643657	617.4172603911709	2729.266670182053	-2392.997540529668	658.7324421498209	2643.311798410767	-2216.65672599511	482.1897156739753	2750.192581687059	-2174.437374744695	488.9232926084792	2623.633421229133	-2238.704251983472	249.2917820872819	2707.124289899374	-2278.892512903576	397.9460204090273	2748.437596989991	-2214.021610915229	353.6807075607224	2637.156657667264	-2362.5594006356	103.2706678056106	2709.332537446971	-2324.053013506612	107.7614066619884	2619.657165164892	-2209.691027137438	64.041261542521	2655.398223012807	-2245.681593677569	61.80175977280284	2762.72688583486	-2429.031330611791	73.7297014025531	2654.719093314773	
210	1.955	-2168.452236913139	1042.728183671578	2516.928923920695	-2087.690675613005	959.5535222931539	2394.31554614153	-2114.338530428965	884.67748348852	2516.774592423815	-2484.42052861266	685.872103568084	2383.989366645601	-2466.098014711076	667.9550780531522	2640.450273521694	-2620.231911635664	777.012931135129	2462.750967538035	-2593.410512188763	779.3472874056374	2579.676764866305	-2546.754395093166	663.8279922415576	2300.673506351201	-2569.411516014137	650.8684761953872	2715.304139332264	-2407.414891538884	675.2600896809697	2376.723245819567	-2514.026765229633	521.4540091553605	2341.453150844662	-2448.667798227674	637.2459393827029	2305.432810927638	-2212.18717753928	494.3255414100489	2276.492770295026	-2192.651760182535	487.6562014801279	2401.908572512108	-2307.658768821212	386.43804562128	2284.160058480832	-2239.348937984129	239.0644147146317	2314.623364791308	-2228.905541482844	321.2917386518262	2386.423601703081	-2355.83982036899	109.535583398023	2291.754097949833	-2323.997867718813	108.6691724259171	2385.141840063024	-2199.450420130207	65.20212715623798	2349.132374416332	-2250.085132634214	54.88041855837874	2234.91393487704	-2418.930458398029	72.84838707080051	2349.245646750786	-2491.740177287133	502.0109841313127	2678.522592608982	-2436.656750210906	618.1041044155688	2729.138295440015	-2392.839752432409	659.4932323208275	2643.250778575451	-2216.886071101286	482.3473981957387	2749.972369015374	-2174.747635257585	489.0551022638379	2623.392962273125	-2238.818752254642	249.3478468449647	2707.036325313157	-2279.090036364411	398.0269518095626	2748.287802329688	-2214.30658608894	353.756159749533	2637.050262190363	-2362.586147773838	103.2470744332758	2709.359503269397	-2324.09781371294	107.7563707935996	2619.681199451846	-2209.69815419322	64.04371091778926	2655.399102900399	-2245.681333416972	61.81217829119962	2762.733393453812	-2429.073714340153	73.70686688465521	2654.734751988097	
211	1.96	-2168.824018140588	1044.27017410435	2517.025100727694	-2087.968143493847	961.128602465709	2394.416937225754	-2114.625338649971	886.2517775292336	2516.915289382133	-2484.397488933206	686.8395604641481	2384.057153946387	-2466.092296147225	668.9502896029879	2640.411774078713	-2620.135723456416	778.1493529923857	2462.720743702117	-2593.335538898365	780.4519595118538	2579.668616373239	-2546.648770872082	664.7297245321336	2300.707345931344	-2569.382673189919	651.8957326929369	2715.317207366502	-2407.148925821657	676.0507359926399	2376.876402250446	-2514.164740232138	522.3605027709916	2341.573878367788	-2448.568027430291	638.0148962124547	2305.650887789501	-2212.38807844217	494.4761462076484	2276.760103006636	-2192.958044301757	487.7446030084361	2402.179449045617	-2307.829606984531	386.4924973695794	2284.275563568372	-2239.458695200313	239.1087619974444	2314.726563862655	-2229.147948201783	321.3402395652561	2386.585600231637	-2355.885447082582	109.5054779128644	2291.714134344851	-2324.046045851583	108.6723313409612	2385.113536377424	-2199.462900056887	65.22119021120102	2349.126574802755	-2250.086951513662	54.88369300168279	2234.911328859965	-2418.977265780337	72.81437747123267	2349.195428242671	-2491.944575623363	502.8810520632049	2678.390133017268	-2436.607059463342	618.8185828608836	2729.00838200733	-2392.663542752413	660.2747842515987	2643.191669867431	-2217.121828591755	482.5073327711485	2749.767033753363	-2175.060417825013	489.1906897917441	2623.168858020098	-2238.936909150374	249.4050698915719	2706.956933452755	-2279.289622335629	398.108866264696	2748.152319829904	-2214.596399540244	353.8372060620035	2636.954783209063	-2362.613138807778	103.2227974825362	2709.387588240412	-2324.142101685228	107.7535536918971	2619.707494922174	-2209.705278733403	64.04640899094372	2655.400623753396	-2245.680152293009	61.82177838248316	2762.741174097089	-2429.113419439881	73.68360486298144	2654.751678785313	
212	1.965	-2169.199976812896	1045.863199607932	2517.107433493439	-2088.244729984226	962.749824059518	2394.506260049768	-2114.916949748078	887.8792008406683	2517.048241544413	-2484.362638701756	687.8325005482404	2384.120876906576	-2466.074846820281	669.9782842398332	2640.372007780335	-2620.028152967858	779.3187978579483	2462.680762192686	-2593.250233744674	781.5950269518999	2579.652123114719	-2546.53041278573	665.65235378928	2300.737379602199	-2569.344123485163	652.9640465098595	2715.326404057026	-2406.86136011775	676.8613337399681	2377.02448184441	-2514.294809093052	523.2892089561381	2341.695548666073	-2448.455440747432	638.801571009592	2305.868131074362	-2212.586363075693	494.6264410332421	2277.028699151555	-2193.265341393427	487.8351540143149	2402.452632124554	-2307.997014506002	386.5480834666334	2284.385966083935	-2239.56764292736	239.1524537426564	2314.829653714451	-2229.395063867396	321.3882029664093	2386.747832913978	-2355.932256934817	109.4734406943615	2291.670678275417	-2324.096367897922	108.6762508122753	2385.082369747189	-2199.475317263649	65.23942382302843	2349.122012302233	-2250.087672538469	54.88681163431181	2234.908966132536	-2419.026728412981	72.77874026501854	2349.14224676955	-2492.149141859299	503.7843036859131	2678.261513897929	-2436.550602046881	619.5610672302136	2728.877454072622	-2392.468368363231	661.077359108886	2643.135163121284	-2217.363830147198	482.6697524859334	2749.577899176011	-2175.375651322619	489.3297151404358	2622.962898206615	-2239.058469429458	249.4632417744581	2706.886665516243	-2279.491287774532	398.1917812095713	2748.032277296017	-2214.890767775853	353.9240528844509	2636.870975676265	-2362.640457959114	103.1979198349007	2709.416915701403	-2324.185786260775	107.752989129952	2619.736035709004	-2209.712320930743	64.04953655759608	2655.40272219709	-2245.678050800749	61.83054192058034	2762.750339519685	-2429.150153201272	73.65982013550025	2654.770108816274	
213	1.97	-2169.580290950727	1047.508443712873	2517.175913160248	-2088.52065915852	964.4184014432212	2394.583055640178	-2115.213029630227	889.5609864854991	2517.172864380644	-2484.315423586207	688.851638753707	2384.180140607491	-2466.045044150574	671.040042758657	2640.331576191413	-2619.908911635506	780.5216312644584	2462.631346220942	-2593.154636229369	782.7770224812972	2579.627514790088	-2546.399152954799	666.5965765372653	2300.763499353785	-2569.295635961503	654.0738653903155	2715.331820263421	-2406.551871661653	677.6912483818977	2377.166180377234	-2514.416521915839	524.240305039843	2341.817953544015	-2448.32968222618	639.6057175949288	2306.083228165282	-2212.782154302659	494.7759684755844	2277.298035221111	-2193.573305988139	487.9282446279128	2402.7270590965	-2308.160814994122	386.6045451246052	2284.491070762844	-2239.675957154185	239.1952281399635	2314.932663340672	-2229.646828515286	321.4356662790855	2386.909535901727	-2355.980273349966	109.4394342847407	2291.623472971199	-2324.148868242638	108.6810558144503	2385.048119166284	-2199.487683764585	65.2569749299084	2349.118628405881	-2250.087259062652	54.88973519255455	2234.906774915411	-2419.078758360841	72.74142825890173	2349.086102401332	-2492.353594584124	504.7213443693728	2678.137073749053	-2436.487130899371	620.3318077485627	2728.746036038725	-2392.253676743192	661.9011535646518	2643.081931618051	-2217.611777367997	482.8349149769759	2749.406067980094	-2175.693218408583	489.4718128915509	2622.776617542406	-2239.183111663864	249.5221437047052	2706.825930750388	-2279.695018615665	398.2757024254333	2747.928614006934	-2215.18939591834	354.0168252249547	2636.799466758904	-2362.668187519597	103.1725261633076	2709.447581778921	-2324.228836909938	107.7546552041832	2619.76680169894	-2209.719191763771	64.05327130451802	2655.405305247784	-2245.675028280872	61.83847112920157	2762.760967325957	-2429.183690543498	73.63543575511598	2654.790252701432	
214	1.975	-2169.965165129089	1049.20715234323	2517.230638013979	-2088.796233712195	966.1356314906247	2394.646960450234	-2115.513196473996	891.2984040033444	2517.288673590276	-2484.255283181287	689.8977692301494	2384.234512297448	-2466.002257267781	672.1365599228145	2640.291059562142	-2619.777743778149	781.7582104354383	2462.572870193066	-2593.048809107654	783.9984080615997	2579.595059419305	-2546.254776419079	667.5631411149836	2300.785622539973	-2569.236954295254	655.2254949853086	2715.333549283579	-2406.220121769034	678.539851429145	2377.30017091917	-2514.529415240286	525.2140117151656	2341.940827516557	-2448.190354640455	640.4271048661923	2306.294869967696	-2212.975561960237	494.9242926630248	2277.567496709072	-2193.881511987855	488.0242755402862	2403.001553707039	-2308.320862589117	386.6615830110379	2284.590620852099	-2239.783846701323	239.2367822776508	2315.035682650077	-2229.903131327177	321.4827099783913	2387.069908337562	-2356.029494731029	109.4034494787601	2291.572282092277	-2324.203547680057	108.6868696349529	2385.010575354099	-2199.500018709858	65.27401041336779	2349.116355812528	-2250.085695254325	54.8924211834128	2234.904668562174	-2419.133246368838	72.70241705925878	2349.027025966279	-2492.557562306264	505.6926770251616	2678.01707361673	-2436.41630192794	621.130926087335	2728.614658559881	-2392.018900281824	662.7462925300221	2643.032637425269	-2217.865259538641	483.003087846607	2749.252429068836	-2176.012940487848	489.616605351865	2622.61129044296	-2239.310458746236	249.5815594090564	2706.775004986281	-2279.900772029212	398.3606200343995	2747.842080641011	-2215.491969778533	354.1155668040609	2636.74075760395	-2362.69640616575	103.1466978159836	2709.479653168458	-2324.271283672461	107.7584777265096	2619.799775311409	-2209.72579505404	64.0577838311427	2655.408256394352	-2245.671085502247	61.84558476434673	2762.77310013791	-2429.213880482499	73.61039876708149	2654.812290119502	
215	1.98	-2170.354834669543	1050.96064321004	2517.271808939047	-2089.071840333136	967.902901883524	2394.697705135715	-2115.817030505223	893.0927698561253	2517.395292601023	-2484.181642535424	690.9717535956195	2384.283530375114	-2465.945854659303	673.2688294494401	2640.251011926268	-2619.634422255989	783.0288842289903	2462.505749559362	-2592.932830169246	785.2595716956392	2579.555057954881	-2546.097009684249	668.5528428893398	2300.803694269623	-2569.167800797844	656.419085475351	2715.331677990411	-2405.865744418346	679.4065300925924	2377.425119658935	-2514.6330141979	526.2105975648851	2342.06384711642	-2448.037015184957	641.2655243187135	2306.50176843474	-2213.166675207399	495.0710085523065	2277.836356170363	-2194.189446012178	488.1236503530842	2403.274825568722	-2308.477037195897	386.7188582389551	2284.684265728522	-2239.891538825881	239.2767858139751	2315.138829664853	-2230.163813967766	321.5294637551748	2387.228114802253	-2356.079890991488	109.365506931208	2291.516896097555	-2324.260371227426	108.6938119898885	2384.969544740178	-2199.512347726674	65.29071139959746	2349.115120394801	-2250.082986602163	54.89482315079634	2234.902547599301	-2419.190062502805	72.66170808315933	2348.965080925861	-2492.760582139217	506.6986884197847	2677.901695759479	-2436.337674360744	621.9584100805844	2728.48386375562	-2391.763450235023	663.612823881024	2642.987938769375	-2218.123774262085	483.1745311292396	2749.117667158713	-2176.33456352552	489.763714970814	2622.467931124467	-2239.44009101312	249.6412865234987	2706.734041443095	-2280.10847900977	398.446504983719	2747.773241234485	-2215.798147420964	354.220241394922	2636.695226532853	-2362.725187480418	103.1205083003736	2709.513166216729	-2324.313213575069	107.7643360275156	2619.834947135856	-2209.732029904062	64.06323358139997	2655.411442184112	-2245.666227665106	61.85191362668635	2762.786745285827	-2429.240650403963	73.5846852633739	2654.836364094755	
216	1.985	-2170.749569867032	1052.770313817257	2517.299722680653	-2089.347953053692	969.721698973298	2394.735111597571	-2116.124084809724	894.9454572045443	2517.492457339091	-2484.093903641255	692.0745075065033	2384.326714726686	-2465.875211565629	674.4378296633348	2640.211958029946	-2619.478743312802	784.3339936928235	2462.43043018527	-2592.806784208817	786.5608264301726	2579.507838758811	-2545.925511494809	669.5665185060072	2300.817689062937	-2569.087880608361	657.6546197461438	2715.326277093925	-2405.488336998974	680.2906947696957	2377.539703835323	-2514.72683467874	527.2303818630893	2342.186633197897	-2447.869172837938	642.1207968880259	2306.702672908887	-2213.355555935803	495.2157505915052	2278.103755636273	-2194.496504734479	488.2267658375504	2403.545474314875	-2308.629239360676	386.7759959259588	2284.771535773836	-2239.999263822542	239.3148972406742	2315.24221497962	-2230.428674022339	321.5761103100044	2387.383289698593	-2356.13140087308	109.3256581809917	2291.457138846401	-2324.319266614068	108.7019967532324	2384.924854259952	-2199.524702083966	65.30726686497431	2349.114843696407	-2250.079159635171	54.89689035486214	2234.900302773541	-2419.249056303886	72.61933103477264	2348.900365762874	-2492.962100774623	507.7396369459694	2677.791040849711	-2436.250713690562	622.8141110512428	2728.354209244147	-2391.486710626652	664.5007157502044	2642.94849794254	-2218.386749766511	483.3494778901988	2749.002274444362	-2176.657745675803	489.9127755624889	2622.347298575008	-2239.57155928393	249.7011468076625	2706.703083052785	-2280.318047032984	398.5333061685075	2747.722477051511	-2216.10755112009	354.3307352823941	2636.663133452666	-2362.75459872738	103.0940195463594	2709.548127263809	-2324.354763847233	107.772070824475	2619.872320153623	-2209.737793503391	64.06976473188699	2655.414719093524	-2245.660467612421	61.85749568257167	2762.801875047677	-2429.2640079246	73.55830448247207	2654.862576260525	
217	1.99	-2171.149679967995	1054.637647787736	2517.314763401141	-2089.625134476172	971.5936149995462	2394.759088565359	-2116.433896957386	896.8579047530699	2517.580018110947	-2483.9914369891	693.2069862719023	2384.363577502197	-2465.789716717371	675.64451075813	2640.174392349532	-2619.310520935599	785.6738732851931	2462.347377728148	-2592.670755516665	787.9024119028592	2579.453752048648	-2545.739866203677	670.6050389122878	2300.827611853692	-2568.996885723076	658.9319044007018	2715.317391077509	-2405.087453638468	681.1917842783051	2377.642630942078	-2514.810385285644	528.2737352884883	2342.308756347074	-2447.686287477592	642.9927788164732	2306.896384699587	-2213.542233405738	495.3582004434065	2278.36869448472	-2194.80199665255	488.3340002500899	2403.811998426164	-2308.777385252095	386.832591509119	2284.851826002035	-2240.107239464091	239.3507817673097	2315.345905643331	-2230.697467794574	321.6228864564965	2387.534543420995	-2356.183930219568	109.283985955393	2291.392874147973	-2324.380123595148	108.7115293458114	2384.876356880169	-2199.537117727614	65.32386676421656	2349.11544587672	-2250.074260917647	54.89856792809753	2234.89781894118	-2419.310056516683	72.57534573792768	2348.833016844164	-2493.161477796544	508.815642733009	2677.685123969441	-2436.154797150754	623.6977444207356	2728.226270715644	-2391.188032354949	665.4098568753838	2642.914989132645	-2218.65356769853	483.5281143390224	2748.906563541494	-2176.982047673797	490.0634419562429	2622.249905663749	-2239.704397223669	249.7609945769065	2706.682075543443	-2280.529362536433	398.6209483938841	2747.689992231269	-2216.419760622711	354.4468607627037	2636.644625175658	-2362.78469991699	103.0672791060085	2709.584514167364	-2324.396112431889	107.7814936729708	2619.911912294184	-2209.742984253629	64.07750209373906	2655.417940450172	-2245.653829002597	61.86237110605816	2762.818427412685	-2429.284040178263	73.53130167459062	2654.890983336981	
218	1.995	-2171.55551662862	1056.564219287791	2517.317392832591	-2089.904034825653	973.5203544184867	2394.769626034285	-2116.746001208949	898.8316244347106	2517.657938516796	-2483.873573303285	694.3701702589386	2384.393633437414	-2465.688778122204	676.8897844453875	2640.138779952617	-2619.129581056101	787.0488527956346	2462.257067413336	-2592.524821125715	789.2844987591561	2579.393164352768	-2545.539579992435	671.6693009190848	2300.833498429995	-2568.894498637286	660.2505649133406	2715.305028385919	-2404.662601346105	682.1092689579334	2377.732658130234	-2514.883168875949	529.3410783468057	2342.429745395539	-2447.487770717393	643.8813662671207	2307.081769389435	-2213.726700192278	495.4980934561278	2278.630023677779	-2195.105148518824	488.445699986424	2404.072808510187	-2308.921402138408	386.8882197884817	2284.924389397693	-2240.215656069464	239.3841297218968	2315.449890673362	-2230.969911857968	321.6700813229872	2387.680970025674	-2356.237351338203	109.2406036608848	2291.324011947901	-2324.442794255261	108.7225038766335	2384.823937668514	-2199.549634195327	65.34069493353326	2349.1168489198	-2250.068355381275	54.89979753321941	2234.894979567666	-2419.372870520006	72.52984323297235	2348.763211596573	-2493.357991264221	509.9266810226952	2677.583869865417	-2436.049221525049	624.6088942425476	2728.100642754232	-2390.866727690291	666.3400603145761	2642.888105492115	-2218.923585299637	483.7105609622412	2748.830680919094	-2177.30692685726	490.2153978773497	2622.176031448421	-2239.838132602134	249.8207229435574	2706.670880567695	-2280.742293028966	398.7093313986913	2747.675820991859	-2216.734308548047	354.5683606446373	2636.639741279025	-2362.815543197199	103.0403184232067	2709.622278885339	-2324.437466369854	107.7923974288222	2619.953757085265	-2209.747505136075	64.08654711364186	2655.420963161368	-2245.646349202158	61.86657754201361	2762.836307289321	-2429.300910437528	73.50375947691347	2654.921595013697	
219	2	-2171.967476625366	1058.551695383362	2517.308139325044	-2090.185388834987	975.503739037529	2394.766788874112	-2117.059941048563	900.8682077198898	2517.726291431055	-2483.739595654009	695.5650507982006	2384.416408997267	-2465.571827723911	678.17451656402	2640.105558534685	-2618.935755846479	788.4592599501945	2462.159974442574	-2592.369044926988	790.7071961606406	2579.32645297688	-2545.324080079914	672.7602171288449	2300.835415404139	-2568.780395477576	661.6100461117582	2715.289152413595	-2404.213239039865	683.0426519821179	2377.808610557528	-2514.944683545184	530.4328774796957	2342.549098907054	-2447.272988338491	644.786498444594	2307.257766479008	-2213.908909470863	495.6352235870132	2278.886447050364	-2195.405116409132	488.5621650456263	2404.326244622398	-2309.061224665116	386.9424464361399	2284.988340355208	-2240.324662911398	239.4146743316662	2315.554050318858	-2231.245682991029	321.7180315622874	2387.821656044136	-2356.291503534544	109.1956540230918	2291.250513851473	-2324.507094452606	108.7350001663008	2384.767520131026	-2199.562293368796	65.35792204380715	2349.118979824242	-2250.061524056476	54.90051851160521	2234.891671556244	-2419.43728364551	72.48294606337222	2348.691171699792	-2493.550845342974	511.0725797050497	2677.487108073002	-2435.933212978424	625.5470221525868	2727.977937595428	-2390.522065349655	667.2910705733066	2642.868564693589	-2219.196155968469	483.8968561351145	2748.774620063417	-2177.631735543367	490.3683620300613	2622.125735615306	-2239.972297214857	249.8802676677719	2706.669288264272	-2280.956688686279	398.7983301530616	2747.679836046682	-2217.050678581768	354.6949137294129	2636.648420124469	-2362.847172582447	103.0131522760161	2709.661350955432	-2324.479048676732	107.8045671184784	2619.997902211684	-2209.751267218052	64.09697410939168	2655.423654018446	-2245.638081684722	61.87014584799989	2762.855388049897	-2429.314852088312	73.47579760808183	2654.9543733407	
220	2.005	-2172.386003652254	1060.601836194668	2517.287586087945	-2090.470010509075	977.5457116207824	2394.750709911697	-2117.375281744196	902.9693303583147	2517.785252228779	-2483.588732215484	696.7926172182653	2384.431449840653	-2465.438324809593	679.4995230145455	2640.075140864734	-2618.728878297689	789.9054236095012	2462.056565100459	-2592.203472640732	792.1705624305472	2579.254000456159	-2545.092716963404	673.8787041321547	2300.833459800972	-2568.654248509229	663.0096189489528	2715.269673791473	-2403.738779373552	683.9914694255186	2377.869397379567	-2514.994422986408	531.5496390120679	2342.666299369728	-2447.041264170075	645.7081590207139	2307.423396145206	-2214.088773646906	495.7694465292897	2279.136530076556	-2195.701001130396	488.683634016742	2404.570597054698	-2309.196792150869	386.9948414835306	2285.042668045565	-2240.434356599464	239.442207815375	2315.65813098716	-2231.524416442909	321.7671136184391	2387.955690079666	-2356.346194861737	109.1493069005778	2291.172397723761	-2324.572806517154	108.7490807982852	2384.707072477085	-2199.575137990628	65.37569889126156	2349.121773435798	-2250.053861280721	54.9006694717127	2234.887790103476	-2419.503058603662	72.43480770505414	2348.617165873886	-2493.73917960545	512.2530217921646	2677.394568601661	-2435.805938472626	626.5114809753009	2727.858781559368	-2390.153266443195	668.2625738765319	2642.857112165274	-2219.470647300402	484.0869435016235	2748.738233707281	-2177.955724268394	490.522092479641	2622.098873956109	-2240.106435426924	249.9396085979263	2706.677028778532	-2281.172383337735	398.8877966066125	2747.701757775046	-2217.368306879989	354.8261412343914	2636.670504693079	-2362.87962398445	102.9857794569363	2709.701641701179	-2324.521084367746	107.8177906494712	2620.044405922732	-2209.754193168292	64.10882693462629	2655.425895388676	-2245.629097751976	61.87309652492942	2762.875513317168	-2429.326160103513	73.44757078380687	2654.98923364149	
221	2.01	-2172.811589107624	1062.716492740205	2517.256358933827	-2090.758785859852	979.6483376429962	2394.721582754198	-2117.691622603454	905.1367554106004	2517.835089587931	-2483.420149994748	698.0538455351123	2384.438326323892	-2465.287758043395	680.865569200911	2640.047917080753	-2618.508777227089	791.3876773831259	2461.947288508986	-2592.028127531128	793.6746186513225	2579.176188945084	-2544.844769659744	675.0256690003007	2300.827758369264	-2568.515727825772	664.4483942224673	2715.246444419036	-2403.238593157587	684.9552897423488	2377.914024209413	-2515.031876241781	532.691901233796	2342.780829683826	-2446.791885296386	646.6463757207673	2307.577763097524	-2214.266164335415	495.9006808745759	2279.378716239802	-2195.991867362794	488.8102695482107	2404.804129919836	-2309.328047038887	387.0449941177635	2285.086259020801	-2240.544771993908	239.4665948656185	2315.761727486947	-2231.805702825332	321.8177332598729	2388.082172881262	-2356.401205072871	109.1017563599572	2291.089741169954	-2324.639683258367	108.7647883394793	2384.642613441679	-2199.588209884015	65.39415031514058	2349.125174598301	-2250.045471495155	54.90019022541264	2234.883243294782	-2419.569935245107	72.38561113365465	2348.541511744139	-2493.922079478157	513.4675534128315	2677.305878903999	-2435.666518188005	627.5015329169165	2727.743809036317	-2389.759501736449	669.2542109905414	2642.854521206155	-2219.746455762752	484.2806641491065	2748.721244588997	-2178.278050094962	490.6763894782212	2622.095113860701	-2240.240111476011	249.9987688275634	2706.693782422366	-2281.389194794505	398.9775630056424	2747.741163627811	-2217.686586817131	354.9616140897569	2636.705747966231	-2362.912925449444	102.9581847105755	2709.743049021697	-2324.563786314021	107.8318688626984	2620.093331408161	-2209.756220627403	64.12211631296383	2655.427590154293	-2245.619487421386	61.8754370009777	2762.896498932402	-2429.335180294695	73.41926486029494	2655.02604689169	
222	2.015	-2173.244771843039	1064.897602392321	2517.215113855242	-2091.052663760508	981.8138049225046	2394.679654561588	-2118.008608575393	907.3723344736212	2517.876154335545	-2483.232949892197	699.3496892137899	2384.436636964379	-2465.119646002068	682.2733729903667	2640.024256594708	-2618.275272820275	792.9063634139069	2461.832568940603	-2591.843006680763	795.2193647870462	2579.093394499418	-2544.579453832754	676.2019942999508	2300.818466746978	-2568.364501937979	665.9253435170489	2715.219253635807	-2402.712016070733	685.9337132827345	2377.941601230628	-2515.056526938993	533.860225012882	2342.892191384955	-2446.524108519312	647.6012180286386	2307.720057742377	-2214.440913701437	496.0289072768792	2279.611350768962	-2196.276765624833	488.9421454458494	2405.025106847236	-2309.45493456956	387.0925279971016	2285.117927918858	-2240.655876099571	239.4877828035927	2315.864273951764	-2232.08908424167	321.8703127750809	2388.200227679918	-2356.456289693388	109.0532171557079	2291.002683766933	-2324.707453258993	108.7821428607953	2384.57421729404	-2199.601547854113	65.41337002462386	2349.129139362339	-2250.036465780923	54.89902394477162	2234.877956195312	-2419.637630870584	72.3355665753048	2348.464576224217	-2494.098587209567	514.7155976439252	2677.220562811157	-2435.514038245861	628.5163719771008	2727.633654064682	-2389.339890739448	670.2655917026664	2642.861589285272	-2220.023017228158	484.4777542711974	2748.723254331833	-2178.597789820121	490.8310968476623	2622.113948971811	-2240.372915798037	250.0578118172388	2706.71918830498	-2281.606924524887	399.0674468161103	2747.797497261719	-2218.004876904131	355.100860988449	2636.753817679582	-2362.947097459628	102.930341890579	2709.785462661461	-2324.607341609725	107.8466245069021	2620.144739459033	-2209.757305260178	64.13681809530866	2655.428665780709	-2245.609359361675	61.87715988483983	2762.918135072012	-2429.342296762337	73.39109133188911	2655.064643447939	
223	2.02	-2173.686136921084	1067.147181922724	2517.164524790415	-2091.352645136502	984.0444209390262	2394.625218900831	-2118.325940846552	909.6780070267762	2517.908866910798	-2483.026163484417	700.6810723201893	2384.426009959157	-2464.933536121303	683.7236109976451	2640.004509569797	-2618.028172746742	794.4618360488188	2461.712798632906	-2591.648077595569	796.8047976780814	2579.005981239839	-2544.295932605509	677.4085220975805	2300.805768615254	-2568.200236921798	667.4393271987602	2715.187826865432	-2402.158357292134	686.9263723134837	2377.951346676644	-2515.067852174556	535.0551834026252	2342.999923892111	-2446.237168040928	648.5727931131546	2307.849555058845	-2214.612817154846	496.1541657483552	2279.832711080006	-2196.554755889452	489.0792366116897	2405.231818160745	-2309.577403681889	387.1371162437877	2285.136454755918	-2240.767565237658	239.5058079362148	2315.965044436668	-2232.374050485656	321.9252764358295	2388.309010668357	-2356.511185058642	109.0039207946066	2290.911427966597	-2324.775827340083	108.8011398864386	2384.502017678994	-2199.615185302531	65.43341659951595	2349.133635077499	-2250.026958317922	54.89711939421228	2234.871874239233	-2419.705841272464	72.28490852994472	2348.386773888565	-2494.267712727216	515.9964741708056	2677.138041987439	-2435.347562957807	629.5551499484086	2727.52893969472	-2388.893503068877	671.2963098433602	2642.879130010087	-2220.299812693127	484.6778486428402	2748.743750131004	-2178.91395753587	490.9861019503841	2622.154712374391	-2240.504470691596	250.1168368070719	2706.752851391376	-2281.825356756034	399.1572571861302	2747.870076973143	-2218.322511398635	355.2433770146446	2636.814300364564	-2362.982153138802	102.902218224568	2709.828769867108	-2324.651899088259	107.861909783857	2620.198679894311	-2209.757423307351	64.15287266911456	2655.429077388472	-2245.598839803583	61.87824225253729	2762.940188497445	-2429.347918121815	73.36328045095438	2655.104817946949	
224	2.025	-2174.136313503419	1069.467318204655	2517.105271953558	-2091.659770779557	986.3426077244989	2394.55860874441	-2118.64338608519	912.0557978368521	2517.93370406525	-2482.798751930075	702.0488852948467	2384.4061029541	-2464.72900205034	685.2169277463915	2639.989007883623	-2617.767268813348	796.0544651084167	2461.588331127039	-2591.443274908109	798.430930056415	2578.914295427556	-2543.993329773726	678.6460376403343	2300.789874924694	-2568.022593777791	668.9891288094731	2715.151826978833	-2401.576909643497	687.9329318040939	2377.942585925204	-2515.065321269342	536.277350753614	2343.103623946058	-2445.93028433109	649.5612402302362	2307.965611716247	-2214.781637344283	496.2765513752543	2280.041042825386	-2196.824931536183	489.2214129548411	2405.422608982689	-2309.695409107365	387.1784952870469	2285.140626993341	-2240.879665597194	239.5207979220629	2316.063163631353	-2232.660036242215	321.9830350304641	2388.407721576317	-2356.565614130585	108.9541113690403	2290.816238602174	-2324.844505993659	108.8217489101317	2384.426209965608	-2199.629147641243	65.4543108935239	2349.138639289812	-2250.017062961389	54.89443309915597	2234.864965758098	-2419.774242657923	72.23389217470697	2348.308562912324	-2494.428443826635	517.3094244129494	2677.057640254222	-2435.166145838049	630.6170051366985	2727.430265480571	-2388.419362370184	672.3459576436202	2642.907960467325	-2220.576368724826	484.8804898620328	2748.782109019881	-2179.225525672064	491.141334195525	2622.216587937445	-2240.634435600557	250.1759728611329	2706.794348027081	-2282.044257161805	399.2468027643781	2747.958103118237	-2218.638812871947	355.3886326181933	2636.886704643022	-2363.018098219332	102.8737794935826	2709.872861296339	-2324.697558562077	107.8776121700998	2620.255182334346	-2209.75657346173	64.17018568870682	2655.428809690985	-2245.588070403787	61.87864598570304	2762.962404947925	-2429.352463224434	73.33607337888236	2655.146335128366	
225	2.03	-2174.595972051718	1071.8601567437	2517.038031116258	-2091.975108122791	988.7108942980556	2394.480189634643	-2118.9607840014	914.5078123859225	2517.951185399813	-2482.549607375032	703.4539834952894	2384.376601292136	-2464.505639532552	686.7539469995487	2639.978065263123	-2617.492334069124	797.684638482644	2461.459475240456	-2591.228497001557	800.0978095887413	2578.818659504851	-2543.670745067539	679.9152535518517	2300.771023177622	-2567.831223724593	670.573494744213	2715.110858489787	-2400.966960808156	688.9530910645915	2377.914746851679	-2515.048394673714	537.5272918820029	2343.202964335999	-2445.602674106099	650.5667239831465	2308.067662022322	-2214.947109330317	496.3962088573425	2280.234600068591	-2197.086442359438	489.3684381702698	2405.595907752244	-2309.808914585451	387.2164767978477	2285.129284352325	-2240.991937058834	239.5329702215513	2316.157627392432	-2232.946420203201	322.0439704032939	2388.495614318671	-2356.619292926834	108.9040413139206	2290.717440909556	-2324.913187499412	108.8439126294343	2384.347051820211	-2199.643449649189	65.47603500607231	2349.14413747308	-2250.006890123214	54.89093133537279	2234.857223522127	-2419.842494570067	72.18278924480116	2348.230438332639	-2494.57975523956	518.6536413882689	2676.978590912969	-2434.968838695381	631.7010927032193	2727.338193586223	-2387.91645289866	673.4141383095172	2642.948883893503	-2220.852252563201	485.0851429672842	2748.837599605438	-2179.531448435028	491.296761987013	2622.298619657236	-2240.76251216526	250.2353718595148	2706.843230001171	-2282.26337136132	399.3359005722359	2748.060664342483	-2218.953105828283	355.5360826571323	2636.970463748923	-2363.05493067213	102.8449958577478	2709.917636961939	-2324.744362281625	107.8936582909139	2620.314246935896	-2209.754777924212	64.18863021054439	2655.427877671854	-2245.577205092294	61.87831914172296	2762.984511722561	-2429.356347155047	73.30971386269864	2655.188936287483	
226	2.035	-2175.065821055203	1074.32788829802	2516.963464218563	-2092.29973734023	991.151906698057	2394.390353019669	-2119.278052924582	917.0362303443669	2517.961860270143	-2482.277557171735	704.8971885442404	2384.337215004874	-2464.263061019955	688.3352843531235	2639.971976094584	-2617.203120270781	799.352763818062	2461.326489865515	-2591.003602474565	801.8055369075179	2578.719366181912	-2543.327271042873	681.216795454554	2300.749476647089	-2567.625761298579	672.1911776827963	2715.064474516932	-2400.327805169607	689.9865861908543	2377.867352311017	-2515.01652332649	538.805551868507	2343.297711016804	-2445.253561259436	651.5894269225049	2308.155213298695	-2215.108946766009	496.5133263298113	2280.411687845904	-2197.338515579213	489.5199739010898	2405.750254630863	-2309.917897096904	387.2509570620829	2285.101364235315	-2241.104080007955	239.5426269205323	2316.247332012492	-2233.23252688761	322.1084209689273	2388.572007671344	-2356.671937421534	108.8539671933924	2290.615416966702	-2324.981576362243	108.8675470536895	2384.264861787202	-2199.65809296873	65.49853289815573	2349.150119744134	-2249.996544118209	54.88659184976536	2234.848665213437	-2419.910243877554	72.13188346905665	2348.152922608239	-2494.720616230357	520.0283032334662	2676.900046984027	-2434.754698276609	632.8066153210688	2727.253234080081	-2387.383728674045	674.5004759523617	2643.00266796288	-2221.127062319076	485.2912147173249	2748.909381336862	-2179.830686448322	491.4523880475349	2622.399719050648	-2240.888448990959	250.2952007326941	2706.899027216788	-2282.482423484351	399.4243855255763	2748.176742592013	-2219.264730401071	355.6851752238017	2637.064937227494	-2363.092639956319	102.8158480053758	2709.96301190601	-2324.792289004842	107.9100157301409	2620.375835689779	-2209.752082546308	64.20805021811036	2655.426325919313	-2245.566406000523	61.87719829188601	2763.006220523615	-2429.359968223465	73.28443991984845	2655.232346051911	
227	2.04	-2175.546603493906	1076.872733897522	2516.882211653542	-2092.634737132649	993.6683557445737	2394.289509759973	-2119.595193172051	919.6432971909105	2517.966295508234	-2481.981371131754	706.3792923724114	2384.28767491784	-2464.000889241913	689.9615601034113	2639.971012412354	-2616.899355655003	801.0592691317021	2461.189579862734	-2590.768406470923	803.5542816321838	2578.616672731259	-2542.962011101151	682.5511899270955	2300.725523359762	-2567.405815329907	673.8409819284335	2715.012186238906	-2399.658755778923	691.0331931656862	2377.800010734073	-2514.969148758958	540.112647047375	2343.387737784144	-2444.882188450063	652.6295420499878	2308.227841256489	-2215.266848891026	496.628128928305	2280.570705291806	-2197.580474155729	489.6755893195468	2405.88432919955	-2310.0223519641	387.2819232679473	2285.055945616382	-2241.215744739284	239.5501463589368	2316.331110506911	-2233.5176317503	322.1766690992235	2388.636295876063	-2356.723270762144	108.8041455740301	2290.510600486488	-2325.049391620653	108.8925426262191	2384.18001575576	-2199.673063973499	65.52171261954628	2349.156576840389	-2249.986121090718	54.88140524678822	2234.83933280807	-2419.977129834535	72.0814656320065	2348.07655369665	-2494.849996488584	521.4326089693582	2676.821094057577	-2434.522790160472	633.9328527118685	2727.175829993576	-2386.820124938296	675.6046223651873	2643.070019410277	-2221.400413221752	485.4980765177703	2748.996501583766	-2180.122231384007	491.6082431506395	2622.51867080995	-2241.012045866103	250.3556332370876	2706.961249022012	-2282.701115054431	399.5121201333524	2748.305217036569	-2219.573055165331	355.8353600112544	2637.169411726357	-2363.131205897017	102.786333267239	2710.008921234635	-2324.841250933903	107.9266927954334	2620.439864842017	-2209.748556020494	64.22826541917303	2655.424226596539	-2245.555838656885	61.87521169547412	2763.027230623134	-2429.363696498903	73.2604759208639	2655.27627920133	
228	2.045	-2176.039093217836	1079.496928587436	2516.794886497975	-2092.981170540231	996.2630227413789	2394.178083799525	-2119.9122880963	922.3313141578227	2517.965064317847	-2481.659771897919	707.9010636719298	2384.227728407982	-2463.718749892359	691.633411431647	2639.975418713221	-2616.580743016567	802.8046022754203	2461.048893385969	-2590.52267697155	805.3442954809724	2578.510795786468	-2542.574098030754	683.9188556323987	2300.699474690048	-2567.170958082505	675.5218085878626	2714.95347436093	-2398.959155925283	692.0927313796941	2377.712405880407	-2514.905704173213	541.4490576807448	2343.473037776032	-2444.487828888252	653.6872658439839	2308.285185892122	-2215.420508147797	496.7408725208144	2280.710187567971	-2197.811752049468	489.8347756908083	2405.996976777339	-2310.122298591524	387.3094563335997	2284.992289395392	-2241.326542991223	239.5559720912616	2316.407773800293	-2233.800969900339	322.2489311237416	2388.687959014456	-2356.77303058192	108.7548289988127	2290.403469968908	-2325.116374504904	108.9187664508809	2384.092941300678	-2199.688332232664	65.54545000465957	2349.163495748555	-2249.975707568579	54.87537599628897	2234.829290900153	-2420.042790124289	72.03182835225977	2348.00187110359	-2494.966870234001	522.8658148516859	2676.740765244938	-2434.272189859099	635.079188615373	2727.106342665259	-2386.224571455568	676.726260509722	2643.151556173494	-2221.671921259554	485.705089721079	2749.097891026462	-2180.405129418487	491.7643784426167	2622.654137054752	-2241.133157011563	250.4168415900437	2707.029384246218	-2282.919124406287	399.5990038694246	2748.444867184559	-2219.877488193253	355.9860960406994	2637.28310078281	-2363.170597243428	102.7564713141035	2710.055324115651	-2324.891093622262	107.9437363749653	2620.50619893361	-2209.74428812204	64.24907710173881	2655.421676095271	-2245.545666728457	61.87228309242379	2763.047232378248	-2429.367864239373	73.23802535128796	2655.320447297599	
229	2.05	-2176.544091385449	1082.202704229817	2516.702070852578	-2093.340071085901	998.9387433885357	2394.056506002703	-2120.229502831278	925.1026267242215	2517.958736596648	-2481.311448362404	709.4632563344151	2384.157135501039	-2463.416263532759	693.3515030741347	2639.98540443114	-2616.246958130759	804.5892292459878	2460.904521012505	-2590.266131181099	807.1759217145885	2578.401907085633	-2542.162712356441	685.3200983128062	2300.671663495143	-2566.920713058161	677.2326983969238	2714.887801948626	-2398.228389762164	693.1650672900182	2377.604286785878	-2514.825616620464	542.815222712979	2343.553731193124	-2444.069797715097	654.7627924158481	2308.326948332039	-2215.569618243762	496.8518379716964	2280.828844992624	-2198.03190623483	489.9969651576646	2406.087232666567	-2310.217786518507	387.3337300733075	2284.9098734624	-2241.436061105134	239.560599781548	2316.476154519007	-2234.081748458852	322.3253504681862	2388.726572947451	-2356.820976099121	108.7062620458374	2290.294540314454	-2325.182294921598	108.9460656096327	2384.004109984089	-2199.703849740538	65.56959360011228	2349.170855434058	-2249.965379603994	54.86852303692567	2234.818624051692	-2420.106867706554	71.98326069566612	2347.92940056462	-2495.070218592836	524.3272695338037	2676.658057584902	-2434.001981309892	636.2451338363625	2727.045037842735	-2385.59600701623	677.8651049259065	2643.247778621268	-2221.941185781951	485.9116318579452	2749.212358085106	-2180.678502442241	491.920856701758	2622.804660603704	-2241.251692896254	250.4789883016936	2707.102899997074	-2283.136106802854	399.6849817129037	2748.594375592556	-2220.177485644583	356.1368586205407	2637.405143578275	-2363.210769994875	102.7263090436938	2710.102206355752	-2324.941598799941	107.961228075562	2620.574646849188	-2209.739387038125	64.27027474642964	2655.418790500481	-2245.536046643964	61.86833582378217	2763.065911088394	-2429.372758402412	73.21726446520626	2655.364564943615	
230	2.055	-2177.062423064717	1084.992271710356	2516.604314320306	-2093.712429506412	1001.698390217075	2393.925208178869	-2120.54708088245	927.9596118842786	2517.947870817484	-2480.935071883028	711.0666193943485	2384.075666022619	-2463.093036786803	695.1165358172243	2640.001134078867	-2615.897648575426	806.4136313815344	2460.756497033733	-2589.998432160342	809.0496003267839	2578.290130696687	-2541.727099712274	686.7551101516025	2300.642441831536	-2566.654542132238	678.9728699648132	2714.81462791402	-2397.465891450471	694.2501179272407	2377.475458849205	-2514.728310297593	544.2115368846318	2343.63006877656	-2443.627462302612	655.856309311265	2308.352888923303	-2215.713882509315	496.9613262316874	2280.925597976232	-2198.240625239625	490.161552847905	2406.154343682093	-2310.308901358844	387.355006689598	2284.808421054453	-2241.543874269166	239.5645626937347	2316.535151110812	-2234.359162296853	322.4059942097988	2388.751818599745	-2356.866894617092	108.6586774490169	2290.184353118455	-2325.246956339119	108.9742714122403	2383.914027780845	-2199.719550990178	65.59397051932599	2349.178623115176	-2249.955202382698	54.86087996188132	2234.807433305233	-2420.169018203755	71.93604276645462	2347.859638169631	-2495.159030400852	525.81644630015	2676.571949233662	-2433.711253105728	637.4303441926696	2726.992072986607	-2384.933394381507	679.0208995609113	2643.359041641158	-2222.207772708537	486.1171223182939	2749.338583305788	-2180.941566095511	492.0777430295849	2622.968667737417	-2241.367620197964	250.5422185596434	2707.181239295883	-2283.351695357442	399.7700513713898	2748.752330648541	-2220.472557425194	356.2871454331206	2637.534602792267	-2363.25166560989	102.6959242725914	2710.149581226717	-2324.992489920767	107.9792788288209	2620.644960119766	-2209.733975860849	64.29164300697875	2655.415700094191	-2245.527122436001	61.86329695309061	2763.082951181836	-2429.378615308322	73.1983370186075	2655.408355529015	
231	2.06	-2177.594934050038	1087.867802909481	2516.502134511549	-2094.099181284987	1004.544853871629	2393.784617329636	-2120.865338809979	930.9046643957075	2517.933007476888	-2480.529314867581	712.7119080299615	2383.983098372392	-2462.748652951615	696.9292523358912	2640.0227152139	-2615.532433024559	808.2783015312943	2460.604803185965	-2589.719185884703	810.965868572605	2578.175542279296	-2541.26658645092	688.2239737587993	2300.612178396715	-2566.371832782188	680.7417513248472	2714.733420453736	-2396.671152331687	695.3478539690476	2377.325776807766	-2514.613210915555	545.6383503681662	2343.702430750059	-2443.160250822792	656.9679953157915	2308.362826715922	-2215.853022430176	497.0696544591241	2280.999606625135	-2198.437733892032	490.3279213656857	2406.197786418515	-2310.395770147537	387.3736287712349	2284.687921363624	-2241.649561291829	239.5684164559623	2316.583770192029	-2234.632412629301	322.4908530945075	2388.76349038014	-2356.910607017262	108.6122922849492	2290.073465990667	-2325.310198817435	109.0032042839949	2383.823223862133	-2199.735353877142	65.61839287527417	2349.18675145925	-2249.945230147514	54.85249478531625	2234.795832055689	-2420.228917492568	71.89044043376393	2347.793034810906	-2495.232301638223	527.3329707820752	2676.481416821179	-2433.399092932133	638.6346324400341	2726.94748618726	-2384.235734875396	680.193413686461	2643.485529379095	-2222.471199934466	486.3210460950584	2749.475114715458	-2181.19364389694	492.2350955695395	2623.144470932863	-2241.480959584809	250.606653546736	2707.263817655356	-2283.565502799769	399.8542687436674	2748.917229934744	-2220.762269743263	356.4364816696593	2637.670461887999	-2363.293209238316	102.6654278915653	2710.197488297707	-2325.043440110724	107.9980221417418	2620.716833568179	-2209.728188385152	64.31296858647093	2655.412543237191	-2245.519021100071	61.85710107394178	2763.09804073619	-2429.385617447567	73.18135025966949	2655.4515563497	
232	2.065	-2178.142487885102	1090.831412790641	2516.396019330959	-2094.501195179184	1007.481023549743	2393.635150140224	-2121.184659343455	933.9401821925493	2517.914664002159	-2480.092871108298	714.3998952245347	2383.879220225063	-2462.382662269708	698.790440058999	2640.050184545606	-2615.150901122885	810.1837393491551	2460.449374974302	-2589.427938944724	812.9253565790398	2578.058170866533	-2540.780592770874	689.72667077831	2300.581255910135	-2566.071886199318	682.5390029661322	2714.643669797816	-2395.84372574029	696.4583021018481	2377.155140099403	-2514.479751070998	547.0959709660178	2343.771321123498	-2442.667658527369	658.098020448749	2308.356640349403	-2215.986786245096	497.1771532615013	2281.050294181687	-2198.623193988362	490.4954666676303	2406.217281806067	-2310.478565632231	387.3900081552046	2284.548641735862	-2241.752719377455	239.5727237335996	2316.621165327556	-2234.90072771613	322.5798448811918	2388.761503551338	-2356.95197190061	108.5673042850992	2289.962441336008	-2325.371900109767	109.0326789267649	2383.732238060919	-2199.751161349987	65.64266441506824	2349.195176965699	-2249.935506297774	54.84342930762005	2234.783941524181	-2420.286269122044	71.84670035164143	2347.729981816645	-2495.289033733627	528.8766428043435	2676.385452440102	-2433.064580780371	639.8579735391814	2726.911187054016	-2383.502081929917	681.3824365843491	2643.627234234746	-2222.730926328332	486.5229744138765	2749.620365102759	-2181.434176978988	492.3929568834843	2623.330272017354	-2241.591781125259	250.6723850955134	2707.350018731302	-2283.777124051575	399.9377512553742	2749.087484651556	-2221.046244699856	356.5844241767913	2637.811622311794	-2363.335308144626	102.6349642264327	2710.245990141421	-2325.094082101369	108.0176061998391	2620.789908252368	-2209.7221644286	64.33404648346553	2655.409460051259	-2245.51184870558	61.84969354967732	2763.110876362784	-2429.393892347973	73.16637231795214	2655.49392301947	
233	2.07	-2178.705963014433	1093.885141931916	2516.286430670385	-2094.919262952321	1010.509766853758	2393.477207705232	-2121.50548334369	937.0685511373623	2517.893330904986	-2479.624477069872	716.1313837066631	2383.76383117686	-2461.994572279998	700.7009308959165	2640.083492689399	-2614.752614094177	812.1304459245638	2460.290110585402	-2589.124177114877	814.9287779314978	2577.938003488308	-2540.268642758297	691.2630948657102	2300.550068674407	-2565.753907061944	684.3645309616477	2714.54489970853	-2394.983229194785	697.5815463907232	2376.963490856351	-2514.327376519054	548.5846687867904	2343.837357474283	-2442.149251319262	659.2465481560901	2308.334270265831	-2216.114957479595	497.2841650028682	2281.077363812573	-2198.797100794091	490.663624226202	2406.212805581162	-2310.557509138505	387.4046121695768	2284.391131163077	-2241.852978440184	239.5780393546504	2316.646670809274	-2235.163384744885	322.6728207663598	2388.745900373399	-2356.990888170913	108.5238883933764	2289.851835056772	-2325.431974923929	109.0625093950856	2383.641607448205	-2199.766863681852	65.6665869807595	2349.203819660723	-2249.9260635722	54.83375812394362	2234.771886091072	-2420.340811167207	71.80504541486401	2347.670798537893	-2495.328231028916	530.4474513010008	2676.283079794041	-2432.706781594685	641.1005029204545	2726.882949882806	-2382.731553103526	682.587771547908	2643.783941306162	-2222.986345381771	486.7225813590381	2749.772612002364	-2181.662729227457	492.5513465693829	2623.524166121301	-2241.700197300242	250.7394720783033	2707.439189212232	-2283.986139515942	400.0206788179477	2749.261425509476	-2221.324157328746	356.7305646281065	2637.956901144652	-2363.377850516329	102.6047094677867	2710.295166908624	-2325.144019672539	108.0381851034732	2620.863776560928	-2209.716044940652	64.35468511317286	2655.40658633313	-2245.505687427076	61.84103302518765	2763.121168497822	-2429.403513325988	73.15343106147932	2655.535233134027	
234	2.075	-2179.286249931166	1097.030939792889	2516.173809007369	-2095.354090560295	1013.633909228327	2393.311170458123	-2121.828301085018	940.2921292842341	2517.869468892044	-2479.122933194142	717.9072177648751	2383.636747137967	-2461.583838832007	702.6615978237612	2640.122488281336	-2614.337106246281	814.1189180039138	2460.126882217401	-2588.807324981462	816.9769153183491	2577.814992714111	-2539.730370874724	692.8330685752277	2300.519020537192	-2565.41699570059	686.2184893665456	2714.436677280767	-2394.08934385864	698.7177283897794	2376.750814563902	-2514.155553156225	550.1046831948057	2343.901256562653	-2441.604666369138	660.4137395403858	2308.295722108963	-2216.237363246932	497.3910429743563	2281.080808591123	-2198.959675586267	490.831894297994	2406.184594355354	-2310.632871786528	387.4179479157422	2284.216215112433	-2241.950014567535	239.5848963368215	2316.659829341321	-2235.419731858559	322.7695745580015	2388.716854825418	-2357.02729601308	108.4821937307648	2289.742185596628	-2325.490372551024	109.0925137883198	2383.551852552715	-2199.782341218414	65.68996647290508	2349.21258408925	-2249.916924277198	54.82356734052011	2234.759788727506	-2420.392322152131	71.76567076477673	2347.615722514378	-2495.348897785377	532.0455815647938	2676.173369040679	-2432.324738083655	642.3625076989788	2726.862409361549	-2381.923340332243	683.8092295739428	2643.955218899393	-2223.236784120048	486.9196559214024	2749.930000934589	-2181.878987914095	492.7102555743103	2623.724146716931	-2241.806353783387	250.8079388629471	2707.530633155919	-2284.192118962772	400.1032923086589	2749.437310378029	-2221.5957307222	356.8745317643774	2638.105029720384	-2363.420704858728	102.5748681789423	2710.3451089037	-2325.192840099164	108.0599095919748	2620.937989230149	-2209.70996717092	64.37470994870776	2655.404048050455	-2245.500593600153	61.8310931525028	2763.128647131915	-2429.414501860248	73.14251439626274	2655.575289189355	
235	2.08	-2179.884248158296	1100.270648980016	2516.058578305197	-2095.806291097635	1016.856213063166	2393.13739328045	-2122.153643354113	943.6132308140981	2517.84350661221	-2478.58712422568	719.7282944913087	2383.497806173321	-2461.149858409542	704.6733485286333	2640.166902367185	-2613.903887494626	816.1496420740805	2459.959549488571	-2588.476746745949	819.0706015786479	2577.689066895131	-2539.165524572643	694.4363635251398	2300.488523410233	-2565.060143296079	688.101271689909	2714.31862074165	-2393.161811330117	699.8670457524345	2376.517143242078	-2513.963774400077	551.6562317225951	2343.963816367379	-2441.033609733362	661.5997593003514	2308.241071089648	-2216.353882119858	497.498151113144	2281.060914789656	-2199.111254759049	490.9998650719339	2406.133147018935	-2310.704974021663	387.430545366438	2284.024982068898	-2242.043562307441	239.5937931972916	2316.660412835295	-2235.669209260166	322.8698541501174	2388.674675663964	-2357.061176353197	108.4423411378491	2289.634003677261	-2325.547073144031	109.1225183449808	2383.463463833715	-2199.797467463085	65.7126180963884	2349.221361480233	-2249.908100573973	54.81295306446278	2234.747766730479	-2420.440625736081	71.7287404294017	2347.564902682214	-2495.350035200345	533.6714144505072	2676.055449849781	-2431.91746445116	643.6444111413896	2726.849059019917	-2381.076718336829	685.0466230040684	2644.140415128687	-2223.481507388839	487.1141091929775	2750.090552230825	-2182.082760182478	492.8696424751307	2623.928111935455	-2241.910418368083	250.8777760075061	2707.623606049993	-2284.39462592022	400.1858896284726	2749.613333830016	-2221.860730027989	357.015992743751	2638.254653649843	-2363.46372016232	102.5456680426597	2710.395907439074	-2325.240127084758	108.0829176503273	2621.012063969449	-2209.704060140006	64.39396552791229	2655.401956646885	-2245.496596834661	61.81986357603395	2763.133067988479	-2429.426831285215	73.13357189656384	2655.61392078079	
236	2.085	-2180.50086289652	1103.605990746651	2515.941150563365	-2096.276379848322	1020.179356467323	2392.956200801506	-2122.482072833301	947.034109788604	2517.815838747088	-2478.016037618492	721.5955739719668	2383.346875529118	-2460.691962327515	706.7371164962957	2640.216334151344	-2613.452446952201	818.2230885958825	2459.787974434856	-2588.1317482351	821.2106968260763	2577.560142596961	-2538.573962900332	696.0727230762332	2300.458996420059	-2564.682230611367	690.0134918801859	2714.190405104401	-2392.200427998555	701.0297491373005	2376.262560876696	-2513.75156856144	553.2395205550883	2344.025895318656	-2440.43585115428	662.8047829145936	2308.170466985432	-2216.464451381107	497.6058639115072	2281.018258776157	-2199.252276302101	491.1672324636335	2406.059221274335	-2310.774183626488	387.4429401313902	2283.818762500632	-2242.133425502981	239.605182880454	2316.648435776455	-2235.911368370453	322.9733746787595	2388.619807529426	-2357.092548981073	108.4044214476162	2289.527763016605	-2325.602082968574	109.1523608174908	2383.376889041438	-2199.812112388654	65.73437078293185	2349.230032888575	-2249.899594881233	54.80201971292366	2234.735927930595	-2420.48559394107	71.69438465748776	2347.518395928176	-2495.330638926921	535.3255175358335	2675.928522222164	-2431.483941737958	644.9467510872695	2726.8422525686	-2380.191051165278	686.2997593329889	2644.338660201357	-2223.719727170364	487.3059766893995	2750.252171554705	-2182.273965977053	493.0294318153418	2624.133872276154	-2242.012568646364	250.9489431335204	2707.71730896901	-2284.593222532867	400.2688195402646	2749.787638541543	-2222.118956163915	357.1546536180041	2638.404334582078	-2363.506727002162	102.5173531444444	2710.447644397336	-2325.285473670554	108.1073253934513	2621.085495314802	-2209.698440641957	64.41231585426297	2655.400405289916	-2245.493700124487	61.80735034759392	2763.13421915726	-2429.440431520793	73.12651759828286	2655.650986113334	
237	2.09	-2181.137001188144	1107.038551922061	2515.821929420868	-2096.764771808766	1023.605911704908	2392.767882952025	-2122.814176151144	950.5569438589677	2517.786824223196	-2477.408779247024	723.5100879194227	2383.183859697483	-2460.209413184601	708.8538501218187	2640.270239331394	-2612.982257556774	820.3397066898824	2459.612037494674	-2587.771580081816	823.3980626614606	2577.428138503828	-2537.955651159225	697.7418866571066	2300.430865703092	-2564.282030570094	691.9559558454363	2714.051765661699	-2391.205037379755	702.206137255681	2375.987210747561	-2513.518505782462	554.8547561373728	2344.088389642826	-2439.811216440239	664.0290045158256	2308.084139338166	-2216.569073494589	497.7145661840237	2280.953697912094	-2199.383264695281	491.3338153478207	2405.963825170048	-2310.840912580067	387.455656761465	2283.599101282856	-2242.219486441777	239.6194636019121	2316.624160858209	-2236.14588811958	323.0798325554996	2388.552829793592	-2357.121469579539	108.3684946057449	2289.423892278669	-2325.655428974381	109.1818930886713	2383.292522056716	-2199.826145896171	65.75507076892457	2349.238473063187	-2249.891400477384	54.79087815442471	2234.72436750937	-2420.527148793376	71.66269798654535	2347.476167153305	-2495.289697530086	537.0086286334398	2675.791864714206	-2431.023115295933	646.2701534296905	2726.841208211967	-2379.265796834358	687.568435398893	2644.548873781496	-2223.950616207244	487.4954159897956	2750.412663990004	-2182.452628177691	493.1895144427979	2624.339159765018	-2242.112979247829	251.0213736669959	2707.810883303922	-2284.787474885709	400.3524736026811	2749.958328310076	-2222.37024005589	357.2902589301963	2638.552553906985	-2363.549539688529	102.4901762029412	2710.50038108509	-2325.328494650798	108.1332185967632	2621.157765299953	-2209.693210007544	64.42964335593379	2655.399466157094	-2245.491880788517	61.79357607680608	2763.131928190032	-2429.455194602341	73.12123376676412	2655.686372849514	
238	2.095	-2181.793567478772	1110.56977339946	2515.701312384474	-2097.271782043065	1027.138323347435	2392.572690894188	-2123.1505568503	954.1838180690542	2517.756784415217	-2476.764585866264	725.4729462420445	2383.008709476361	-2459.701403738005	711.0245005427878	2640.327922374416	-2612.492781629418	822.4999195643531	2459.431653821163	-2587.395442006278	825.6335347653758	2577.292989978518	-2537.310651864878	699.4436147986734	2300.40456482711	-2563.858214777328	693.9296250216023	2713.902499380451	-2390.175520993572	703.3965499845098	2375.691304267299	-2513.264204146301	556.5021574141966	2344.152209823715	-2439.159577991713	665.2726448657062	2307.982402378727	-2216.667821686748	497.8246524349362	2280.868355913734	-2199.504815411089	491.4995651207504	2405.848203605422	-2310.905613283602	387.4691934263103	2283.367724899876	-2242.301713122028	239.6369718688602	2316.588096796536	-2236.37258760025	323.1889194396226	2388.47445287262	-2357.14802593683	108.334589708202	2289.322768477602	-2325.707153065464	109.2109830518219	2383.210693701231	-2199.839441351552	65.77458435120855	2349.246554741103	-2249.883502386475	54.77964366509866	2234.713165527564	-2420.565262339534	71.63373806948718	2347.438092876518	-2495.226192207156	538.7216324137366	2675.644839857811	-2430.533894687494	647.6153021091135	2726.84501595734	-2378.300509992513	688.8524321882365	2644.769776796329	-2224.173324962271	487.6827000570225	2750.569751311354	-2182.618860807002	493.3497497034439	2624.541638585304	-2242.211809548315	251.0949809597342	2707.903406607765	-2284.976958798192	400.4372765937229	2750.123482263487	-2222.614438059844	357.4225904448309	2638.69771848441	-2363.591959505694	102.4643902428753	2710.554147103327	-2325.368838100084	108.1606452062402	2621.228354540709	-2209.68845183541	64.4458466760572	2655.399188837886	-2245.49109199869	61.77858020406588	2763.126069614712	-2429.470980815538	73.11757545160746	2655.719998319365	
239	2.1	-2182.471458503539	1114.200940237206	2515.579691491749	-2097.797629182678	1030.778886335082	2392.370833499165	-2123.491829368368	957.9167089035063	2517.726001300086	-2476.082833993494	727.4853410655699	2382.821432017539	-2459.167058136546	713.2500090044924	2640.388534211099	-2611.983477162622	824.704120914017	2459.246789239015	-2587.002488121063	827.9178953305727	2577.154663458634	-2536.639112398733	701.1777138868916	2300.380535795465	-2563.409363860223	695.935573899656	2713.742464292118	-2389.11178845727	704.6013595690221	2375.375130927228	-2512.988334622367	558.1819681761413	2344.218257240443	-2438.480844146078	666.5359588426069	2307.865659257392	-2216.760844575539	497.9365256606884	2280.763603192948	-2199.617580249948	491.6645687177013	2405.713819904592	-2310.968774746955	387.4840087174433	2283.126504938698	-2242.380164468583	239.6579778849876	2316.54098843012	-2236.591434490498	323.3003351765259	2388.385511807743	-2357.172333614199	108.3027059674079	2289.224712018675	-2325.757306475086	109.2395158121443	2383.131664885611	-2199.851879111542	65.79279986966955	2349.254153028278	-2249.875878603333	54.76843367601044	2234.702385215285	-2420.59995507417	71.60752527563164	2347.403968267638	-2495.139097996339	540.4655312203233	2675.486896721269	-2430.015156084488	648.9829073519207	2726.85264787707	-2377.294842493398	690.1515105291619	2644.999907069933	-2224.38700083599	487.868206763669	2750.721091810203	-2182.772856215081	493.509969300604	2624.738917181467	-2242.309192703412	251.1696652563723	2707.993890098682	-2285.161266062928	400.5236758782198	2750.281169699977	-2222.851429003514	357.5514650862662	2638.83816838951	-2363.633778923433	102.4402402562724	2710.608930042004	-2325.406195695309	108.1896091233707	2621.296753339556	-2209.684230825843	64.46083766067177	2655.399599885504	-2245.491264635621	61.7624197392727	2763.116572676183	-2429.487625254284	73.11537564777683	2655.751809120144	
240	2.105	-2183.171557479567	1117.933173356688	2515.457452445723	-2098.34244229247	1034.529724300758	2392.162474568623	-2123.838613987195	961.7574687380123	2517.694715602409	-2475.363045083989	729.5485477690369	2382.622101813879	-2458.605435216882	715.5312946251602	2640.451076849472	-2611.453804516315	826.9526724204676	2459.057475137077	-2586.59183318679	830.2518468422949	2577.013169904264	-2535.941249819295	702.944059607131	2300.359230540538	-2562.933981312506	697.9749437233221	2713.57157699906	-2388.013767534504	705.8209600423532	2375.039068929548	-2512.690624579427	559.894468972812	2344.28740206968	-2437.774948072061	667.8192418857916	2307.734405244969	-2216.84836983159	498.0505955106177	2280.64103274037	-2199.722254637158	491.8290446089094	2405.562332713418	-2311.030919317855	387.5005112017939	2282.877419457023	-2242.454993370826	239.6826834699607	2316.483799398834	-2236.802548861624	323.4137988208409	2388.286957026338	-2357.194531312377	108.2728145553259	2289.129983490281	-2325.805944652561	109.2673942880485	2383.055622346156	-2199.863349920643	65.80962899655628	2349.261149516859	-2249.868501670604	54.75736531529436	2234.692072005134	-2420.63129289121	71.58404307903467	2347.373517327852	-2495.027386613255	542.2414114369949	2675.317570707688	-2429.465747077996	650.3736740452922	2726.862971206032	-2376.248541782069	691.4654080047499	2645.237638179367	-2224.590808575683	488.0524053057093	2750.864301866192	-2182.914872126106	493.6699826084907	2624.928561823563	-2242.405226684548	251.245321031735	2708.081278288577	-2285.340011050575	400.6121302239656	2750.429464957282	-2223.081113041968	357.6767322521212	2638.972186590973	-2363.674786476004	102.417955400306	2710.664666790919	-2325.440311566419	108.2200655090215	2621.362472418844	-2209.680592742662	64.47453796706726	2655.400703477908	-2245.492309270506	61.74517063560943	2763.103428883016	-2429.50494461133	73.11445088522841	2655.781780138978	
241	2.11	-2183.894727650888	1121.767422761468	2515.334972434503	-2098.906271206855	1038.392768634458	2391.947730995179	-2124.191532610829	965.7078108342364	2517.663125041371	-2474.604887021963	731.6639226656631	2382.410872462246	-2458.015533392197	717.8692433942283	2640.514416174189	-2610.90323308803	829.2459023848701	2458.863821542087	-2586.1625597365	832.6359886543703	2576.868576535243	-2535.21733335653	704.7426180549695	2300.341112737385	-2562.430510361535	700.0488947662286	2713.389808464704	-2386.881394899128	707.05575508396	2374.683596069598	-2512.370859676247	561.6399880592178	2344.360463527983	-2437.041836965901	669.1228349079696	2307.589229631544	-2216.930706905769	498.1672757978368	2280.502432158655	-2199.819567782375	491.9933318414933	2405.395568651584	-2311.092600442533	387.5190521793936	2282.622513758903	-2242.526447467068	239.7112225188998	2316.417687890733	-2237.006202207182	323.529057074954	2388.179842325455	-2357.214776150922	108.2448612151323	2289.038782226233	-2325.853123017026	109.2945393077539	2382.98267712013	-2199.873758044238	65.82500744711116	2349.267435821137	-2249.861340585986	54.74655280010457	2234.682253215093	-2420.659382755897	71.56323924409635	2347.346405723033	-2494.89003098404	544.0504069933112	2675.136480834391	-2428.884493695213	651.7882721137778	2726.874764080331	-2375.16144708239	692.793837440872	2645.48120094132	-2224.78395086966	488.2358403081021	2750.996978396309	-2183.045219364838	493.8295832162402	2625.108111602921	-2242.499967780697	251.3218443220247	2708.164451087369	-2285.512837549212	400.7030986032161	2750.566461762275	-2223.303412317581	357.7982707496766	2639.098010418911	-2363.714771871149	102.3977422269536	2710.721237140813	-2325.47098944749	108.2519177750538	2621.425052894119	-2209.677565413743	64.48687571261105	2655.402483060486	-2245.4941181795	61.72692973010348	2763.086698700856	-2429.522743993679	73.11460706695378	2655.809913036916	
242	2.115	-2184.641805303268	1125.704462151801	2515.21261697903	-2099.4891003115	1042.36973880936	2391.726672037353	-2124.551205192309	969.7692949825032	2517.631382847958	-2473.808172037035	733.8328970543761	2382.187988865218	-2457.396296626871	720.2646990590464	2640.577303564629	-2610.331247464919	831.5841054388852	2458.666027586777	-2585.713725954046	835.0707976438878	2576.72101610081	-2534.467665167991	706.5734635463142	2300.326659691001	-2561.897353238396	702.1585596789542	2713.197178304753	-2385.714608338012	708.3061446276054	2374.309300425457	-2512.028884029152	563.4189108604747	2344.438193445463	-2436.281462267429	670.4471273010104	2307.430816071776	-2217.008248901993	498.2869814023581	2280.349752509385	-2199.91027624352	492.1578728250931	2405.215491348195	-2311.154401790633	387.5399218861845	2282.363861984938	-2242.59486766779	239.743663907359	2316.343976174571	-2237.202811750938	323.6458897710786	2388.065310264739	-2357.233239057066	108.218769488499	2288.951246551783	-2325.898893825931	109.3208893120013	2382.912865812063	-2199.883024012435	65.83889524634506	2349.272916290211	-2249.854362997203	54.7361047839894	2234.672938234263	-2420.68436739578	71.54502780769995	2347.322255538087	-2494.726011458587	545.8936617577609	2674.943324877185	-2428.270209322297	653.2273105345827	2726.886733643194	-2374.033483522396	694.1364872626381	2645.728706975902	-2224.965688175919	488.4191144819198	2751.116721417645	-2183.164250975662	493.9885564652479	2625.275094806149	-2242.593426837205	251.3991397608889	2708.242228596012	-2285.679425682203	400.7970295148639	2750.690286636185	-2223.518273271328	357.9159856533414	2639.213844637744	-2363.753530892106	102.3797793358933	2710.77846015744	-2325.498097940968	108.285016350478	2621.484075124066	-2209.67516058099	64.49778252807646	2655.404903764209	-2245.496567411417	61.70781696249728	2763.066516564705	-2429.540823546573	73.11564536723137	2655.836234235052	
243	2.12	-2185.413592431151	1129.744884766863	2515.090736238476	-2100.090865615	1046.462124462477	2391.499319854984	-2124.918246623869	973.9433138451006	2517.599596763602	-2472.972851203298	736.0569674968197	2381.953799345744	-2456.746621117933	722.7184562573133	2640.638405992791	-2609.737352586194	833.9675432001325	2458.464388621489	-2585.244374126018	837.5566139610447	2576.570692953544	-2533.692559989786	708.436792276542	2300.316363993677	-2561.332892132011	704.3050003450809	2712.993747806115	-2384.513341023903	709.5725106133425	2373.916890412901	-2511.664598656954	565.2316874728318	2344.521263983198	-2435.493771506648	671.7925578003878	2307.25994114907	-2217.081473694423	498.4101246474543	2280.185074710976	-2199.99516096145	492.3231911824183	2405.024167693209	-2311.216937884516	387.5633491406393	2282.103530760864	-2242.660684486156	239.7800166290502	2316.264114899579	-2237.392930317947	323.7641123441848	2387.944575313392	-2357.250100449307	108.1944443739873	2288.867455530723	-2325.943304267427	109.3463997806793	2382.846154590931	-2199.891086879149	65.85127668185622	2349.277509759027	-2249.847537622143	54.72612179419308	2234.664119056315	-2420.706419399884	71.52929183418622	2347.300661021322	-2494.53432356466	547.7722926385289	2674.737872885012	-2427.621705141108	654.691316267249	2726.897536166221	-2372.864654492369	695.4930238618791	2645.978173852081	-2225.135356893364	488.6028706730744	2751.221156183647	-2183.272353307671	494.146687723871	2625.427046585562	-2242.685568350442	251.4771270892351	2708.313378670827	-2285.839498771611	400.8943513262079	2750.799111096158	-2223.725670358911	358.0298053923419	2639.317875927415	-2363.79086977628	102.3642137021539	2710.836093581244	-2325.521573742277	108.319159255226	2621.539166121101	-2209.673376338576	64.50719129524768	2655.407915337094	-2245.499519010118	61.68797743947388	2763.043093337807	-2429.558984687899	73.11736798910975	2655.860792444391	
244	2.125	-2186.210849281813	1133.88910026003	2514.969661233347	-2100.711474810632	1050.671169664949	2391.265651410904	-2125.293263897859	978.2310800152467	2517.567828749468	-2472.099005720057	738.337682338388	2381.708766997477	-2456.06536251211	725.2312559268613	2640.696343217468	-2609.121077541216	836.3964456540492	2458.259299339554	-2584.753539388681	840.0936325423675	2576.41788531223	-2532.892324351408	710.3329311441177	2300.310734625748	-2560.73551105767	706.4891704902807	2712.779611864851	-2383.277518341093	710.8552023507252	2373.507203753714	-2511.27795830281	567.0788377775524	2344.610260039542	-2434.6787022218	673.1596131099164	2307.077470998566	-2217.150944367732	498.5371112655983	2280.010574308299	-2200.075027317916	492.4898664698522	2404.823732321925	-2311.280856170788	387.5895041870291	2281.843545957499	-2242.724412315868	239.820236856715	2316.179643423412	-2237.577232296437	323.8835755173709	2387.818905253346	-2357.265546377682	108.1717762173976	2288.787431963184	-2325.98639575068	109.3710424922594	2382.782445714604	-2199.897905939817	65.8621600478856	2349.281150312047	-2249.840836799749	54.71669389293879	2234.655771048884	-2420.725735153911	71.51588688342612	2347.281204311927	-2494.313987019268	549.6873551685135	2674.519959653401	-2426.937801622059	656.1807189552056	2726.905798774515	-2371.655032645319	696.8630959071243	2646.227551383844	-2225.292385095402	488.7877740606914	2751.307954586719	-2183.369939475304	494.3037711214534	2625.561527815701	-2242.776312418294	251.5557469364223	2708.376627238059	-2285.992830080886	400.9954640719824	2750.891162573077	-2223.925610869561	358.1396793442188	2639.40828858938	-2363.826608927359	102.3511587693984	2710.893836258769	-2325.541422693886	108.3540944940975	2621.590005277283	-2209.672199864634	64.51503475906605	2655.411455305426	-2245.502823512227	61.667582871489	2763.016715446806	-2429.577035798423	73.11958357118134	2655.883655790654	
245	2.13	-2187.034287019448	1138.137332405473	2514.849700415146	-2101.350829852679	1054.997859761392	2391.025601788614	-2125.676853328253	982.6336137967263	2517.536095627239	-2471.186835235677	740.6766246786207	2381.453479504353	-2455.351343646827	727.8037827583676	2640.749729883918	-2608.481977772456	838.8710129726671	2458.051252467567	-2584.240258378401	842.6819006538309	2576.262943322052	-2532.067236022237	712.2623412591562	2300.310297199269	-2560.103617846687	708.711885954387	2712.554889999781	-2382.007057548434	712.1545220117143	2373.081214868652	-2510.868966810185	568.9609538332505	2344.70567656235	-2433.836178194775	674.5488242968104	2306.884355940332	-2217.217308997506	498.668336107568	2279.828485508952	-2200.150707370342	492.658507772602	2404.616351476245	-2311.346840278495	387.6185042779561	2281.585863382251	-2242.786641849299	239.8642365556707	2316.092147669268	-2237.756496478931	324.0041626163381	2387.689601475438	-2357.279765235467	108.1506446438638	2288.711146352306	-2326.028204260098	109.3948047007953	2382.721586206266	-2199.903461890887	65.87157725319091	2349.283787143193	-2249.834239037391	54.70789867329054	2234.647853921556	-2420.742529000938	71.50464508832255	2347.263470230539	-2494.064055601853	551.6398131760723	2674.289476777251	-2426.217340606427	657.69584181226	2726.910142332025	-2370.404750000383	698.2463402970689	2646.474748711874	-2225.436305239719	488.9744951426775	2751.374855672919	-2183.457445432305	494.4596184432809	2625.676144999484	-2242.865539458018	251.634965680008	2708.430671266868	-2286.139249456839	401.100733068318	2750.964734131794	-2224.118140516868	358.2455761317838	2639.483281312854	-2363.860585981311	102.3406942356026	2710.951333374061	-2325.557718588146	108.3895242545973	2621.636328269322	-2209.671610156619	64.52124511910343	2655.415452094387	-2245.506322797334	61.6468319659026	2762.987740159039	-2429.594797264429	73.12211204080633	2655.90490861116	
246	2.135	-2187.88456075276	1142.489617446915	2514.731136930221	-2102.008851359683	1059.442911098157	2390.779068901847	-2126.069597629951	987.1517317275644	2517.504370835007	-2470.236643556743	743.0753921782276	2381.188656637304	-2454.603362839979	730.4366642835095	2640.797219938088	-2607.819635596771	841.3914174472568	2457.840832794383	-2583.703577298008	845.3213213100412	2576.106282832049	-2531.217524317513	714.2256158913119	2300.315593128088	-2559.435665428156	710.9738040750905	2712.319716605269	-2380.70187033225	713.4707107838084	2372.640040165396	-2510.437671277996	570.8786993181681	2344.807920627502	-2432.966108062356	675.9607610480297	2306.681623198643	-2217.281299704975	498.8041787893831	2279.641065424958	-2200.223063260691	492.8297280323157	2404.404187430423	-2311.415614034534	387.650421400291	2281.3323439445	-2242.848030857983	239.9118932526191	2316.003217168329	-2237.931586813331	324.125785056472	2387.557978894446	-2357.292945093276	108.1309223731775	2288.638521560199	-2326.068761562636	109.4176882852958	2382.663378143897	-2199.907757450849	65.87958333229737	2349.285383693006	-2249.827731387399	54.69979966931478	2234.640312923089	-2420.75702791722	71.49537969780697	2347.247059422152	-2493.783627451101	553.6305138386055	2674.04636488627	-2425.459197576419	659.2368986537457	2726.909205015535	-2369.113987605293	699.6423892551312	2646.717661856803	-2225.566763536168	489.1636940268934	2751.419685199206	-2183.535328738726	494.6140678728682	2625.768571059862	-2242.953097539712	251.7147791994069	2708.47419425642	-2286.278649965485	401.2104845978187	2751.018193210778	-2224.303349463918	358.3474827136336	2639.541084845316	-2363.892658351794	102.3328673174691	2711.008184063086	-2325.570599756346	108.4251108203549	2621.677929155658	-2209.671580513718	64.52575462664431	2655.419827869429	-2245.509853290237	61.62594947597586	2762.956586799011	-2429.61210581059	73.12478873859435	2655.924648035362	
247	2.14	-2188.762263158182	1146.945802928888	2514.614226815531	-2102.68550393213	1064.006763876837	2390.525919484695	-2126.472062718366	991.7860359104142	2517.472587399259	-2469.248822160824	745.5355742325967	2380.915154667525	-2453.820202688689	733.1304711115678	2640.837550749085	-2607.133659059057	843.9578052079854	2457.628706583307	-2583.1425588659	848.0116620185378	2575.9483751538	-2530.343351825995	716.2234728587592	2300.327177622039	-2558.73017152168	713.2754130612821	2712.07423064673	-2379.361868082752	714.8039361677228	2372.184940713281	-2509.984155247385	572.8328058954244	2344.917317790163	-2432.068386200795	677.3960239446352	2306.470367893626	-2217.343730848719	498.94499951068	2279.450559455358	-2200.292990873452	493.0041205630839	2404.189364635723	-2311.487945664102	387.6852914940586	2281.084733541099	-2242.909293572275	239.9630605571648	2315.914402991939	-2238.103432257389	324.2483766364686	2387.425346236972	-2357.305271646609	108.1124788012005	2288.569437905913	-2326.108097005016	109.4397089027433	2382.607589920668	-2199.910817494247	65.88625586662403	2349.28591631747	-2249.821311473117	54.69244523698129	2234.633080331225	-2420.769466870006	71.48788991617258	2347.231599391861	-2493.471855362349	555.6601690151105	2673.790606612151	-2424.662293835599	660.8039965970202	2726.901666038176	-2367.782965178039	701.0508779320882	2646.954201450928	-2225.68352596621	489.3560064653031	2751.440374245899	-2183.604069972903	494.7669922584466	2625.836566819617	-2243.03881213292	251.7952153685482	2708.50588403417	-2286.410994654755	401.3250037979	2751.049989684598	-2224.481378461299	358.4454042487803	2639.579980403792	-2363.922705388884	102.3276951945696	2711.063950910801	-2325.580263649309	108.4604840095567	2621.71466083092	-2209.672080562513	64.52849714720094	2655.424500894776	-2245.513249443968	61.60518374968642	2762.923724086955	-2429.628818089805	73.12746768052151	2655.942980485338	
248	2.145	-2189.667918906155	1151.505546890415	2514.499198244084	-2103.380821284885	1068.689578253827	2390.265996156752	-2126.884794193357	996.5369042616786	2517.440642076349	-2468.223831964009	748.0587271336925	2380.633966992048	-2453.000639243278	735.8857178331224	2640.86958457393	-2606.42367917504	846.5702973954826	2457.415606718781	-2582.556287638128	850.7525679673876	2575.789733386643	-2529.444798043417	718.2567416029326	2300.34561650076	-2557.985735835392	715.617031591744	2711.818565041036	-2377.98696958037	716.1542807976369	2371.717321935223	-2509.508531186996	574.8240664613297	2345.034121891535	-2431.14289564861	678.8552349739058	2306.251742572281	-2217.405496180626	499.0911353027192	2279.259168687213	-2200.361423016954	493.1822387300552	2403.973938644691	-2311.564651506666	387.723124526687	2280.844647638416	-2242.971188912825	240.0175790454689	2315.827178204852	-2238.273006961174	324.3718873440823	2387.292987420034	-2357.316926727624	108.0951832671575	2288.50373851759	-2326.146239604437	109.4608951659586	2382.553967819435	-2199.912688771299	65.89169428557001	2349.285372777684	-2249.814988996737	54.68586794966517	2234.626077291231	-2420.780084911322	71.48196586398318	2347.216753197326	-2493.127956703067	557.7293432961412	2673.522220765681	-2423.825608468793	662.3971435620055	2726.886268855088	-2366.411931111913	702.4714518350528	2647.182320357228	-2225.786481253381	489.552032023554	2751.434976993427	-2183.664176646303	494.9183065776444	2625.878002935008	-2243.122498005529	251.8763352019108	2708.524452580613	-2286.536323568823	401.444534745355	2751.058663597455	-2224.652424822262	358.539364633863	2639.598318639252	-2363.950630207626	102.3251683138502	2711.11817085557	-2325.586959782057	108.4952498505569	2621.74643411104	-2209.673077691373	64.5294105980154	2655.429387246584	-2245.516347394352	61.58480278489344	2762.8896541943	-2429.644813521026	73.13002387035915	2655.960018240257	
249	2.15	-2190.601980064099	1156.168317336437	2514.386251817958	-2104.094929992837	1073.491233662739	2389.999125263865	-2127.308313545295	1001.404481833587	2517.408400423759	-2467.162183752968	750.6463479042427	2380.346220308069	-2452.14345135031	738.7028641761723	2640.892345370397	-2605.689345618614	849.2289904216577	2457.20231423195	-2581.943873287273	853.543578541481	2575.630896152815	-2528.521845310689	720.3263454178323	2300.371481886691	-2557.201053903313	717.9988182251185	2711.552835997736	-2376.577110714233	717.5217330213571	2371.238730175402	-2509.010932536863	576.8533253145342	2345.158527234832	-2430.189512714536	680.3390265672651	2306.026945591238	-2217.467564795625	499.2428969633121	2279.069020081301	-2200.429331623037	493.3645793368704	2403.759868729343	-2311.646598537103	387.7639148340054	2280.613560319208	-2243.034507852502	240.0752871456888	2315.742902275133	-2238.44131188971	324.4962774204646	2387.162144647469	-2357.328087312232	108.0789079560349	2288.441234827898	-2326.183220125423	109.4812878665551	2382.502247311296	-2199.913439285979	65.89601897627513	2349.283750823179	-2249.808786592449	54.68008453928576	2234.61921602731	-2420.789121977171	71.47739349743368	2347.202225723255	-2492.751222610135	559.8384487317527	2673.241258133855	-2422.948190071085	664.0162593781899	2726.861843035011	-2365.001153221274	703.9037733971721	2647.40004088153	-2225.875641323681	489.7523247287311	2751.40168783666	-2183.716189407874	495.0679742799841	2625.890882015116	-2243.203972931544	251.9582326800726	2708.528657488614	-2286.654761087564	401.5692825865773	2751.042852922839	-2224.816748032049	358.6294075732455	2639.594538929058	-2363.976361150913	102.3252542575469	2711.170367100243	-2325.590981537268	108.5290001417286	2621.773215762956	-2209.674537835911	64.52844013558186	2655.43440177868	-2245.518988673173	61.56508896533917	2762.854894510299	-2429.659996388	73.13235462220395	2655.975876209566	
250	2.155	-2191.56482261503	1160.933391916709	2514.275561790754	-2104.828070646905	1078.411331178474	2389.725125115292	-2127.743114131343	1006.388673379074	2517.375702397588	-2466.064417600466	753.2998475380394	2380.053165726542	-2451.247429918603	741.5823160881107	2640.905049391586	-2604.930320884405	851.9339549337345	2456.989637080945	-2581.304451574814	856.384145923541	2575.472409755196	-2527.574367366562	722.4332795007145	2300.405346886477	-2556.374926796594	720.4207896239495	2711.277132661623	-2375.13225582343	718.9061793400411	2370.750846218746	-2508.491505547072	578.9214653680019	2345.290681868355	-2429.208112803882	681.8480295217861	2305.797208683537	-2217.530975728729	499.4005669046645	2278.882140053107	-2200.497728664006	493.5515699366522	2403.548994911702	-2311.734705005048	387.8076511967149	2280.392797431591	-2243.100060220674	240.1360317036213	2315.662790605901	-2238.609358770595	324.6215124087795	2387.034003724653	-2357.338924941288	108.0635304129246	2288.381712177444	-2326.219072855051	109.5009392586783	2382.452163612442	-2199.913157379472	65.89937009070027	2349.281057076909	-2249.80273993265	54.67509638805394	2234.612402413387	-2420.796816311238	71.47395934471588	2347.187767572346	-2492.341026194411	561.9877457643827	2672.947799236853	-2422.029168267654	665.6611891082379	2726.827323915932	-2363.550910624618	705.3475270090108	2647.605481243656	-2225.951139932974	489.9573864429717	2751.338858002918	-2183.76069025584	495.2160122029147	2625.873360634562	-2243.283072751743	252.0410334228914	2708.517324540575	-2286.76652358343	401.6994174228681	2751.001301671611	-2224.974674871881	358.7155980451971	2639.567188730133	-2363.999852809199	102.3279019130618	2711.220061678784	-2325.592657362978	108.5613225259659	2621.795025769915	-2209.676425626664	64.52554194464123	2655.439458319894	-2245.521023889245	61.54633278622165	2762.819958414294	-2429.674297221099	73.13437990108115	2655.990669064045	
251	2.16	-2192.556744197717	1165.799857729339	2514.167277996019	-2105.580615299153	1083.449198606813	2389.44381419282	-2128.189656943475	1011.489137309192	2517.342368009184	-2464.93108152773	756.0205244089864	2379.756164390698	-2450.311386845821	744.5244264970971	2640.90712844204	-2604.146272931724	854.6852331141459	2456.778387220556	-2580.637182951451	859.2736544907948	2575.314809833973	-2526.602120730366	724.5785856592324	2300.447779425033	-2555.506266111629	722.8828461249549	2710.991507511309	-2373.652410199324	720.3073987007281	2370.255475962393	-2507.95040114375	581.0293926365757	2345.430700686271	-2428.198576903766	683.3828602144913	2305.563784056088	-2217.596831086962	499.564398081159	2278.700431877393	-2200.567665660362	493.7435600386714	2403.343019892287	-2311.829938606667	387.854326176934	2280.183533413265	-2243.168661297143	240.1996779354062	2315.58789009372	-2238.778156952401	324.7475598075091	2386.909681945473	-2357.34960545365	108.0489356756361	2288.324935546666	-2326.253836841416	109.5199124028375	2382.403461185713	-2199.911950526444	65.90190591706097	2349.277306343023	-2249.796897046516	54.6708905364742	2234.605538860008	-2420.803402408107	71.471454940783	2347.173176701151	-2491.896829577061	564.1773495804234	2672.641954268758	-2421.067764955832	667.3317171848418	2726.781769275376	-2362.061487163318	706.8024218629068	2647.796880851726	-2226.013230194362	490.1676630628223	2751.245011770309	-2183.79831239206	495.3624937891428	2625.823770932844	-2243.35966719953	252.1248925269436	2708.489370760145	-2286.871927289193	401.8350795308359	2750.932868597737	-2225.126604010867	358.7980240567611	2639.514942688532	-2364.021086530206	102.3330457195114	2711.266788329937	-2325.592341845913	108.5918107402756	2621.811934057007	-2209.678703962127	64.52068745688156	2655.444469168798	-2245.522316327666	61.52882593049545	2762.785336434177	-2429.687673470089	73.13604173914689	2656.004508878051	
252	2.165	-2193.577963138306	1170.76661114186	2514.061528184272	-2106.353080215423	1088.603897920441	2389.155018917264	-2128.648366175073	1016.705281143361	2517.308202608343	-2463.762709719739	758.8095385981347	2379.456667537736	-2449.334163336781	747.5294955761743	2640.89824512523	-2603.336866327661	857.4828340355947	2456.569357088375	-2579.941248944808	862.2114397482455	2575.158603549999	-2525.604739026229	726.7633246426936	2300.499335457251	-2554.594093910573	725.3848028284764	2710.69596808868	-2372.137633210055	721.7250585767868	2369.754538461031	-2507.387767094762	583.1780183736284	2345.578677200874	-2427.160798127124	684.9441075309956	2305.32793138075	-2217.666287651055	499.7346140849452	2278.525657163958	-2200.640231780532	493.9408160187319	2403.143496114295	-2311.933311799351	387.9039443031019	2279.98679133066	-2243.241118581693	240.266118482913	2315.519061421108	-2238.948703424916	324.8743877637209	2386.790218742505	-2357.360288898238	108.0350180603352	2288.270655460883	-2326.287556433972	109.5382805451452	2382.355902019022	-2199.909943819862	65.90380069817982	2349.272521384978	-2249.791316863841	54.66744113448677	2234.59852745999	-2420.809109358019	71.4696808614198	2347.158298029449	-2491.41818970899	566.4072409116352	2672.323865239611	-2420.063305045404	669.0275811136814	2726.724372513396	-2360.533166700142	708.2681920629617	2647.972623752094	-2226.062281746151	490.3835434742479	2751.118862290694	-2183.829751255972	495.5075503910616	2625.740641484213	-2243.433675786139	252.2099920003318	2708.443827190468	-2286.971396159798	401.9763853921847	2750.836536646813	-2225.273010068028	358.8767986209407	2639.436621176132	-2364.040070385078	102.3406098017226	2711.310105312313	-2325.590407024146	108.6200747543979	2621.824056821311	-2209.681333110948	64.51386779402395	2655.449344030059	-2245.522745460303	61.51285402168596	2762.7514790057	-2429.700109447569	73.1373028354104	2656.017503424725	
253	2.17	-2194.628618799537	1175.832357514502	2513.958420456394	-2107.146133137237	1093.87423468382	2388.858580628912	-2129.119624609626	1022.036258487996	2517.273001431486	-2462.55980071364	761.6678878181971	2379.156191471709	-2448.314637334841	750.5977703993987	2640.878299859824	-2602.501751990716	860.3267269473453	2456.363296659095	-2579.215846712798	865.196805657345	2575.004253185912	-2524.581730248161	728.9885471519284	2300.560551841951	-2553.637537645424	727.926424118116	2710.390470679433	-2370.588051434237	723.1587127657361	2369.250051520647	-2506.803740796082	585.3682393714818	2345.7346931043	-2426.094687741204	686.5323199010281	2305.090905042789	-2217.740546949456	499.9114104042669	2278.359421503489	-2200.716550600188	494.1435194516627	2402.951817960476	-2312.045874150038	387.9565287760129	2279.803445643962	-2243.318219164337	240.3352812870254	2315.456968633755	-2239.121975915373	325.0019660020653	2386.676569107597	-2357.371129470423	108.0216826562763	2288.218614103303	-2326.32028104139	109.5561264868247	2382.309272622074	-2199.907278106253	65.9052418345198	2349.266733176812	-2249.78606704541	54.6647112388721	2234.591273335697	-2420.814159467167	71.46845027601003	2347.14302134217	-2490.904763027685	568.6772802069681	2671.993710064668	-2419.015226367989	670.7484837413757	2726.654472142184	-2358.966230545789	709.7445936592254	2648.131259517036	-2226.098778255013	490.6053610524386	2750.959326943118	-2183.855776176015	495.651370538441	2625.622717111716	-2243.505082978188	252.2965382638085	2708.379860592505	-2287.065469398321	402.1234339468841	2750.711423174494	-2225.414447171576	358.9520619311523	2639.331207914414	-2364.056838598143	102.3505118359084	2711.349607781662	-2325.587234173405	108.6457505637744	2621.831552543365	-2209.68426948488	64.50509818793579	2655.453988601775	-2245.522210372812	61.49868931069778	2762.718781729387	-2429.711615510531	73.13814449453432	2656.029755223083	
254	2.175	-2195.708773221026	1180.995610736816	2513.858045534705	-2107.960594479471	1099.258769164254	2388.554361553913	-2129.6037688938	1027.480967507506	2517.236553112838	-2461.322796091699	764.5963854837527	2378.856288489746	-2447.251729780096	753.7294439291763	2640.847429864216	-2601.640555792299	863.2168325695925	2456.160892173496	-2578.460182307334	868.2290394206792	2574.852161891968	-2523.532476859874	731.2552646113676	2300.631939213008	-2552.635820430768	730.5074593675096	2710.074916485886	-2369.003871135088	724.6078008610667	2368.744114923636	-2506.19844300744	587.6009170389733	2345.898825044302	-2425.000180183249	688.1479927771801	2304.853941976037	-2217.820843890715	500.094956736828	2278.203164282164	-2200.797775601555	494.3517685536698	2402.769218861682	-2312.168701908429	388.0121264745584	2279.634227207352	-2243.400718138082	240.4071360078956	2315.402076356112	-2239.298928675616	325.1302689197526	2386.569599592945	-2357.382275323112	108.0088465944228	2288.168551636244	-2326.352064094713	109.5735418899447	2382.263389741726	-2199.904107734626	65.90642648583952	2349.259981602965	-2249.781221196901	54.66265485544097	2234.583688132576	-2420.818767031045	71.46759195896966	2347.127277850297	-2490.356309043167	570.9872240190593	2671.651708106324	-2417.923088427241	672.4941033485734	2726.571557609568	-2357.360957173747	711.2313985485524	2648.271520876481	-2226.123315816594	490.8333974168197	2750.765542085947	-2183.877241996471	495.7941971614226	2625.468977304589	-2243.573951918411	252.3847601121365	2708.296793251776	-2287.154808218257	402.2763124915087	2750.556790846218	-2225.551552049157	359.023983739209	2639.19786634637	-2364.071450493762	102.3626665212818	2711.384939340691	-2325.583206192443	108.6685094378363	2621.83461771563	-2209.687464255617	64.49442209387377	2655.45830306869	-2245.520633074133	61.48658351710872	2762.687573701386	-2429.722226473335	73.13856409562699	2656.041361358097	
255	2.18	-2196.818413965478	1186.254692545085	2513.76047870814	-2108.797432159067	1104.755828844887	2388.242249657877	-2130.101084811067	1033.038050773264	2517.198641905332	-2460.052060285758	767.5956412915853	2378.558515307261	-2446.144409434257	756.9246532823914	2640.806000650333	-2600.75286645253	866.1530126669079	2455.96274754136	-2577.673463278099	871.3074230235967	2574.70266216195	-2522.456238539925	733.5644207477847	2300.713975207572	-2551.588247279229	733.1276775623168	2709.749150652098	-2367.385389365728	726.0716493781871	2368.238891245277	-2505.571972826342	589.8768558987981	2346.07114833581	-2423.87723667098	689.791556820914	2304.618250346964	-2217.908434123845	500.2854001473216	2278.058152598499	-2200.885084482748	494.5655824178754	2402.596772904476	-2312.302885240519	388.0708111534433	2279.479730070353	-2243.489328459118	240.4816987663988	2315.354654689884	-2239.480490351188	325.2592805095178	2386.470086519363	-2357.393868133095	107.9964401469915	2288.120212686758	-2326.382961276815	109.5906264674384	2382.218104809495	-2199.900597896131	65.90755765663106	2349.252316552152	-2249.776855583259	54.66121913324312	2234.575693590747	-2420.823137157165	71.46695272130893	2347.111035765445	-2489.772692935374	573.336742431724	2671.298126549279	-2416.786579740255	674.2641010807077	2726.475271654941	-2355.717624332364	712.7283854550061	2648.392337599271	-2226.136602600414	491.0678881133671	2750.536877012258	-2183.895099997508	495.9363228839283	2625.278652879823	-2243.640436022875	252.4749073604694	2708.194120116458	-2287.240201355653	402.4351017291861	2750.372059025851	-2225.685046672479	359.0927659540109	2639.035954424279	-2364.083989054054	102.3769885671038	2711.415802364301	-2325.578700630598	108.6880664401522	2621.833482311474	-2209.69086200231	64.48191469476774	2655.462180772148	-2245.517961581099	61.47676105286276	2762.658109244155	-2429.731999299193	73.1385722955048	2656.052413998415	
256	2.185	-2197.957458028301	1191.607731650993	2513.665781378986	-2109.657750059708	1110.363522013992	2387.92216240675	-2130.611802745761	1038.705896293883	2517.159048419149	-2458.747862155748	770.6660444756998	2378.264400832844	-2444.99169609919	760.1834771860056	2640.754590780861	-2599.838223299047	869.1350583030951	2455.769369257714	-2576.854891252039	874.431241055903	2574.556007499571	-2521.35215732995	735.9168649054923	2300.807098390704	-2550.494188124743	735.786898653958	2709.412964283214	-2365.733002974448	727.5494745115104	2367.736584096333	-2504.924404121822	592.1967821042647	2346.251737589152	-2422.725847139823	691.4633669720646	2304.384999267201	-2218.004580367271	500.4828687737506	2277.925479147452	-2200.97967234882	494.7849077141822	2402.435400349852	-2312.449513714119	388.1326848285161	2279.340419740732	-2243.584712564871	240.5590350526805	2315.314791423087	-2239.667563197143	325.389000525686	2386.378715879995	-2357.406042343386	107.9844076912648	2288.073352907365	-2326.413028158422	109.6074870100527	2382.173307119304	-2199.896921557957	65.90883989865333	2349.243799305345	-2249.77304547324	54.66034663009947	2234.56722509597	-2420.827464557648	71.46639924389797	2347.094295191732	-2489.153887238363	575.7254364311104	2670.933286996035	-2415.605523640642	676.0581254716877	2726.36540952221	-2354.036513633162	714.2353283776961	2648.492846406552	-2226.139459846554	491.3090298415139	2750.27294681449	-2183.910407443557	496.0780836136209	2625.05124051034	-2243.704787907319	252.5672501967703	2708.071522551111	-2287.322568838103	402.5998796221073	2750.156815375924	-2225.815740448559	359.1586454629994	2638.845037489398	-2364.094559193438	102.3933951558011	2711.441966716788	-2325.574083340857	108.704188036225	2621.828405022204	-2209.69439956763	64.46768550017926	2655.465507311881	-2245.514172611785	61.46941286972747	2762.630563161506	-2429.741010166477	73.13819016379971	2656.063001451944	
257	2.19	-2199.125756623378	1197.052662756389	2513.574002194288	-2110.542770473479	1116.079752030135	2387.594049558805	-2131.136093613737	1044.482639461824	2517.117548772916	-2457.410359035623	773.8077497401555	2377.975415121568	-2443.792662195947	763.5059324842185	2640.693970743154	-2598.896104499048	872.1626772216478	2455.581155460804	-2576.003655073002	877.5997845162101	2574.412367591656	-2520.219264924096	738.3133278394453	2300.911703145608	-2549.353058682898	738.4850196539159	2709.066099402443	-2364.047214792834	729.0403864739518	2367.239413547454	-2504.255783545248	594.5613224834285	2346.440664426746	-2421.546030386079	693.1636924730731	2304.155309627447	-2218.110538005503	500.6874757421052	2277.806063829418	-2201.082743890295	495.0096274864395	2402.285876305669	-2312.609660714696	388.1978774258346	2279.216642645968	-2243.687475934668	240.6392607277072	2315.282410722538	-2239.861022882133	325.5194511188376	2386.296084352093	-2357.418924041	107.9727085401048	2288.027745476272	-2326.442317457818	109.6242362007613	2382.128925709819	-2199.893256029657	65.91047478276768	2349.234504056662	-2249.769861268225	54.65997757565545	2234.558235074337	-2420.831932250253	71.46581931392271	2347.077082587148	-2488.499972696601	578.152854292769	2670.557571765346	-2414.379882564842	677.8758140359425	2726.241915421169	-2352.317917647062	715.7519829837319	2648.572396953638	-2226.132824122177	491.5569887446644	2749.973623740485	-2183.924335178809	496.2198507416948	2624.786514730547	-2243.767365239224	252.6620790873628	2707.928878087491	-2287.402963562477	402.7707238648516	2749.910827329098	-2225.94453189942	359.2218971408383	2638.624898933341	-2364.10328583304	102.4118079063356	2711.463276532857	-2325.569702698303	108.7166986001178	2621.819668288191	-2209.698005275713	64.45187977407896	2655.468160294799	-2245.509273717168	61.4646911486923	2762.605029444699	-2429.749351028735	73.13744643068179	2656.07320955063	
258	2.195	-2200.323100640226	1202.587225540053	2513.485177766934	-2111.453811200136	1121.902231786953	2387.257895211317	-2131.674065606832	1050.36616562039	2517.073912170164	-2456.039583905873	777.0206657778186	2377.692940991753	-2442.546432826914	766.8919695345586	2640.625076841994	-2597.925916335451	875.2354807707769	2455.398389500471	-2575.118925010138	880.8123504564988	2574.271827130073	-2519.056491849771	740.7544004849721	2301.028135697298	-2548.164300402707	741.2220337835214	2708.708256636792	-2362.328636358448	730.5433953297095	2366.749588500214	-2503.566130069874	596.9709845282222	2346.637992565153	-2420.337832466331	694.8927078015848	2303.930246070734	-2218.227540305437	500.8993229515619	2277.700658691045	-2201.19550471812	495.2395716168056	2402.148841643562	-2312.784367512549	388.266544828099	2279.108636554302	-2243.798162644551	240.7225411209741	2315.257297059482	-2240.061718195524	325.6506830788937	2386.222700822354	-2357.432629465147	107.9613176158878	2287.983187358352	-2326.470876196694	109.6409911575408	2382.084929910024	-2199.889779232996	65.9126562859977	2349.224519341802	-2249.767364613438	54.66005205661051	2234.548696064947	-2420.836710118764	71.46512248944347	2347.059445019573	-2487.81113839318	580.6185062921675	2670.171429487004	-2413.109761002086	679.7167920857469	2726.104876619459	-2350.562149439105	717.2780715029828	2648.63055406861	-2226.117750605003	491.8119091765979	2749.639046522425	-2183.938172827389	496.3620223261211	2624.484537032655	-2243.828633279993	252.7597049661445	2707.766265708007	-2287.482570324887	402.9477129525482	2749.634053042834	-2226.072409716638	359.2828369601442	2638.375548361898	-2364.110311827549	102.4321544171086	2711.479654823208	-2325.565884295791	108.7254856356047	2621.807573134032	-2209.701598633419	64.43467857787897	2655.470009889814	-2245.503304729966	61.46270498432984	2762.581523158182	-2429.757125787907	73.13637501006569	2656.083123140565	
259	2.2	-2201.549226582835	1208.208963682728	2513.399333009218	-2112.392258302178	1127.8284978398	2386.913719427608	-2132.225762133462	1056.354112968516	2517.027897068804	-2454.63543623689	780.3044462337515	2377.418249308432	-2441.252184584778	770.3414663287903	2640.548981064418	-2596.9269840297	878.3529707464147	2455.221238100826	-2574.199848474776	884.0682374905034	2574.134388230557	-2517.862678328209	743.2405159393037	2301.156691332451	-2546.927360890325	743.9980414230641	2708.339105315911	-2360.577986668869	732.0574181685546	2366.269275899435	-2502.855435796852	599.4261377114411	2346.843770589106	-2419.101323589915	696.6504843545216	2303.71081008001	-2218.356783655334	501.1185044345575	2277.609855642896	-2201.319152097001	495.4745284533874	2402.02481515138	-2312.974627710094	388.3388654970216	2279.01654169036	-2243.917252832786	240.8090883013758	2315.239122778496	-2240.270470122403	325.782780877963	2386.158987896148	-2357.447263173834	107.9502259306414	2287.939505120227	-2326.498743042237	109.6578716383858	2382.041328509772	-2199.886665766775	65.91556622044605	2349.213949102863	-2249.765604732655	54.66051204334261	2234.538603288863	-2420.841953298205	71.46424024599834	2347.041444440216	-2487.087681274014	583.1218773188879	2669.775379653615	-2411.795407396723	681.5806690820991	2725.954515479842	-2348.769554305522	718.8132667906175	2648.667096464792	-2226.095417057947	492.0739223000681	2749.269627123795	-2183.953331316639	496.5050136691944	2624.145661691289	-2243.889164063264	252.8604593649274	2707.583966414695	-2287.562702083376	403.130925949504	2749.326651403323	-2226.200453032583	359.3418250681527	2638.097227039401	-2364.115795798541	102.4543694920015	2711.491105754026	-2325.562926021027	108.7305035473128	2621.792433805963	-2209.70509059602	64.41629728296711	2655.470920280512	-2245.496338468033	61.46351714225829	2762.559985082652	-2429.76444619956	73.13501294096839	2656.092827450501	
260	2.205	-2202.803822834751	1213.915223964795	2513.316481145404	-2113.359535774126	1133.855923623427	2386.561579845652	-2132.791161337364	1062.443875563105	2516.979246301666	-2453.197676889543	783.6584829364855	2377.152478501874	-2439.909143494174	773.8542211741147	2640.466857927738	-2595.898544569207	881.514526495745	2455.049753935211	-2573.245547629904	887.3667373841868	2573.999976177763	-2516.636586659242	745.7719346407716	2301.297612793583	-2545.641676210821	746.8132521252164	2707.95829559026	-2358.796086704174	733.5812873772907	2365.800566961681	-2502.123667568082	601.9269965491907	2347.058022809399	-2417.836593921214	698.4369826598756	2303.497934138298	-2218.499413277767	501.3451090623525	2277.534096274444	-2201.454865380212	495.7142570305579	2401.914205900272	-2313.18137276883	388.4150358912864	2278.940412222799	-2244.045161857372	240.8991566709969	2315.227477511883	-2240.488069943232	325.9158658873599	2386.105282996223	-2357.46291592422	107.93944083129	2287.896560087862	-2326.52594609859	109.6749978538682	2381.998167544859	-2199.884082861366	65.91936981440753	2349.202913109337	-2249.764615235809	54.66130317867203	2234.527976535256	-2420.847800371345	71.46312569098113	2347.023152205794	-2486.330005222984	585.6624372422256	2669.370015820204	-2410.437215287341	683.4670329756464	2725.79117968546	-2346.940523272807	720.3571763369032	2648.682012097185	-2226.067128071476	492.3431538996446	2748.866054372611	-2183.971342584427	496.6492477198528	2623.770538005184	-2243.94963232895	252.9646940950093	2707.382459100177	-2287.644793409055	403.3204411766386	2748.988990595351	-2226.329830714837	359.3992686483491	2637.790410471273	-2364.119909964235	102.4783961409468	2711.497714520964	-2325.561093432995	108.7317758331336	2621.774572227429	-2209.708384425619	64.39698248560832	2655.470752034493	-2245.48848064993	61.46714191689206	2762.540288637655	-2429.771427640147	73.13339886673033	2656.102409106843	
261	2.21	-2204.086536125705	1219.703155453005	2513.236623535468	-2114.357073532852	1139.981731210963	2386.201573654278	-2133.370177538806	1068.632606235694	2516.927681702794	-2451.725927311597	787.0819011884996	2376.896618567786	-2438.5165825845	777.4299437572964	2640.379949362147	-2594.839741988152	884.7193926190707	2454.883882212957	-2572.255119214711	890.7071231557245	2573.868447970221	-2515.376915029688	748.3487325283644	2301.451089764993	-2544.306656403413	749.6679775095486	2707.565472105773	-2356.983849782306	735.1137596567565	2365.345441023529	-2501.370768828938	604.4736058725301	2347.280738729836	-2416.543748846682	700.252044898685	2303.29247688707	-2218.656509907482	501.5792224453133	2277.473683031225	-2201.603796482937	495.9584992709895	2401.817324893504	-2313.405459248881	388.495264933346	2278.880227727757	-2244.182240802756	240.9930371063279	2315.221897590902	-2240.71527621217	326.050097414344	2386.061838840823	-2357.479662342569	107.9289859717805	2287.854252648287	-2326.552501341534	109.6924878733211	2381.955526738855	-2199.882186306398	65.92421155513442	2349.191546489928	-2249.764411607285	54.66237626554123	2234.516861209074	-2420.854371388066	71.46175295740912	2347.004644082323	-2485.538619835047	588.2396490714176	2668.956007183615	-2409.035723839227	685.3754431452122	2725.61533086483	-2345.075507742208	721.9093270793494	2648.675490299181	-2226.034319076077	492.6197308896154	2748.429293997538	-2183.993856429048	496.7951457373929	2623.360108726291	-2244.0108084793	253.0727800787047	2707.162412014116	-2287.730391271141	403.5163341327328	2748.621654712122	-2226.461799446116	359.4556243536887	2637.455808062789	-2364.122838080573	102.5041864121122	2711.499644820673	-2325.560615382829	108.7293956200524	2621.754312338064	-2209.711377110906	64.37700734666956	2655.469365341566	-2245.479868952559	61.47354409608035	2762.522248642034	-2429.77818488336	73.13157215135726	2656.111956567855	
262	2.215	-2205.396978088274	1225.569708804433	2513.159749487927	-2115.386275126024	1146.203001154667	2385.833840173561	-2133.962664853029	1074.917219318209	2516.872898944911	-2450.219673150333	790.5735568872822	2376.651499594725	-2437.073819692526	781.0682443883377	2640.289528689954	-2593.749625541431	887.9666676171232	2454.723470693022	-2571.22763682481	894.0886343012085	2573.739602871201	-2514.082312674243	750.970791835691	2301.61725930086	-2542.921675378067	752.5626153797732	2707.160288700559	-2355.142268187723	736.6535253527757	2364.905728109151	-2500.596661244567	607.065828736218	2347.511861829669	-2415.222904328208	702.0953875956103	2303.095219127097	-2218.829077946859	501.820927962958	2277.428791029502	-2201.767060735569	496.2069915697498	2401.734395234426	-2313.647658293666	388.5797677921697	2278.835904152463	-2244.328777915307	241.0910499464252	2315.221893719559	-2240.952810651884	326.185671504833	2386.028823283828	-2357.497558478346	107.9189009834237	2287.81252551778	-2326.578411789414	109.7104546763322	2381.913514713586	-2199.881116416958	65.93021141787656	2349.179998202146	-2249.764989505158	54.66368841474966	2234.505328419947	-2420.861765743492	71.46011639779948	2346.98599594371	-2484.714138961185	590.8529750375595	2668.534098343912	-2407.59161773825	687.3054226599581	2725.427531839776	-2343.175034576992	723.4691518964621	2648.647910877514	-2225.998559582657	492.9037861484615	2747.960584646018	-2184.022634513136	496.9431186488042	2622.915604555959	-2244.073548936216	253.1851049883969	2706.924670369823	-2287.821143471449	403.7186750316866	2748.22544785684	-2226.597700285359	359.5114000867275	2637.094359842137	-2364.124773574323	102.5317020793111	2711.497134053843	-2325.561679857658	108.7235245287446	2621.731974439861	-2209.713961264505	64.35666548012017	2655.466624028004	-2245.470671097224	61.48263903330565	2762.505631543288	-2429.784828040558	73.12957271239392	2656.121559785663	
263	2.22	-2206.734731786466	1231.511635749463	2513.085836221815	-2116.448486403278	1152.516680081267	2385.458564027446	-2134.568423096694	1081.294393183189	2516.814563343968	-2448.678272285896	794.1320352678021	2376.417784749098	-2435.580216163078	784.7686212021184	2640.19686475204	-2592.627151163371	891.2552938272343	2454.568282356708	-2570.162155797073	897.5104598969253	2573.613193958031	-2512.751396310139	753.6377941335609	2301.796206936843	-2541.486066098487	755.4976258667999	2706.742423523437	-2353.272396887774	738.1992176748665	2364.483071715794	-2499.801245776266	609.7033372442561	2347.751278510214	-2413.874182958765	703.9665944559096	2302.90686039277	-2219.018035603677	502.0703069469841	2277.399479840874	-2201.945728441781	496.4594752479983	2401.665560268713	-2313.908647770085	388.6687592381656	2278.8073037322	-2244.485000567442	241.1935371887191	2315.226975470155	-2241.201353172526	326.3228177345439	2386.006318664583	-2357.516639360872	107.9092408297662	2287.771365822445	-2326.603667391615	109.7290029730366	2381.872263152065	-2199.880994088577	65.93746162372466	2349.168428359534	-2249.766323918348	54.66520383181079	2234.493474023378	-2420.870059973575	71.45822968644249	2346.967280334292	-2483.857279004892	593.5018807299612	2668.105107130254	-2406.105726258509	689.256450631191	2725.228432759939	-2341.239720940603	725.0359786304308	2648.599830430457	-2225.961555111374	493.1954615059717	2747.461429570336	-2184.05954156109	497.0935595172876	2622.438534715401	-2244.138784359429	253.3020695079337	2706.670240822556	-2287.918785170701	403.9275263564303	2747.801395189831	-2226.738953327545	359.5671559187502	2636.707230238396	-2364.125917861963	102.5609151891645	2711.490486555804	-2325.564430070868	108.7143899200924	2621.70786971983	-2209.716027380107	64.33626362277131	2655.46240023176	-2245.46108183495	61.49429381863423	2762.490166797505	-2429.791458814067	73.12744161365421	2656.131308976341	
264	2.225	-2208.099358072215	1237.525488848982	2513.014849050556	-2117.544966182106	1158.919585836455	2385.075978647158	-2135.187205924281	1087.760572732478	2516.752307320651	-2447.100967142771	797.7556511453688	2376.195967532588	-2434.035177129915	788.5304451362171	2640.103187197469	-2591.471186516158	894.5840489585311	2454.41800979039	-2569.057720765426	900.9717203952287	2573.488939580165	-2511.382767739839	756.3492152723683	2301.987968089487	-2539.999121625732	758.4735007813797	2706.311593945885	-2351.375335458284	739.7494215010976	2364.078893461286	-2498.98440316946	612.385606385817	2347.998808077864	-2412.497711280308	705.8651094637261	2302.728015739258	-2219.224207471255	502.3274381213129	2277.385704675095	-2202.140817432433	496.7157055291049	2401.610889394884	-2314.189007346009	388.7624468027781	2278.794243279608	-2244.651077487286	241.300854284717	2315.236671613724	-2241.461536383322	326.4617944216536	2385.994320934824	-2357.536916707529	107.9000748441921	2287.730805865076	-2326.628245523326	109.7482259746951	2381.831920153978	-2199.881916987656	65.94602407205579	2349.157004429233	-2249.768369166288	54.66689422620066	2234.481416546356	-2420.879305554179	71.45612491001192	2346.948563996932	-2482.96885689293	596.1858374129913	2667.669920453794	-2404.579021253741	691.2279553744095	2725.018756468735	-2339.270288255816	726.6090223697875	2648.531966197253	-2225.925147333559	493.4949089418411	2746.93358383445	-2184.106533815868	497.2468375091932	2621.930673727855	-2244.207506238201	253.4240822740447	2706.400273649583	-2288.025124030381	404.142940797511	2747.350740402004	-2226.887050028995	359.6235039823513	2636.295798879383	-2364.126478773217	102.591808462236	2711.480065269548	-2325.568960894193	108.7022806355495	2621.682295148879	-2209.717466319861	64.31611342221615	2655.456579599861	-2245.451318736903	61.50832952046546	2762.475559084607	-2429.798167197377	73.12522239220212	2656.141292471601	
265	2.23	-2209.490401578591	1243.607621641471	2512.946741739777	-2118.676859751493	1165.408410054489	2384.686369670343	-2135.818730987664	1094.31197207429	2516.685730071316	-2445.486900966277	801.4424506844414	2375.986372967732	-2432.438153987602	792.3529426387979	2640.009653886299	-2590.280519843177	897.9515394862276	2454.272290200249	-2567.91337588965	904.4714489318094	2573.366533732015	-2509.975032496204	759.1043219570362	2302.192529251065	-2538.460102253523	761.4907276518355	2705.867570681448	-2349.452209509262	741.3026816665323	2363.694361121582	-2498.145993986728	615.1119108504902	2348.254194531563	-2411.09361884055	707.790230489161	2302.559212365231	-2219.448319934806	502.5923964643133	2277.387326529838	-2202.353286846269	496.9754589054154	2401.5703814943	-2314.489216658285	388.861023958603	2278.796500305462	-2244.827121189851	241.413361932689	2315.250545801734	-2241.733940109834	326.6028828200863	2385.99273889711	-2357.558376962661	107.8914854488822	2287.690922483843	-2326.652111932368	109.7682023279908	2381.792643048504	-2199.883955938336	65.95592857517107	2349.145896392876	-2249.771059690278	54.66873882103229	2234.469293949955	-2420.889526826807	71.45385169058316	2346.929906378116	-2482.049787628837	598.9043226567788	2667.229488240007	-2403.012613861001	693.2193090140232	2724.799283571049	-2337.267574735255	728.1873814975703	2648.445177712484	-2225.891312082572	493.802290294548	2746.379037081647	-2184.165644860308	497.4032936935644	2621.394044664456	-2244.280752400672	253.551553822432	2706.116043468251	-2288.142024539727	404.3649598791774	2746.874939157891	-2227.043542789453	359.6811072289142	2635.861648364936	-2364.126668994535	102.6243755275403	2711.466282296322	-2325.575315828242	108.6875413813565	2621.655528983145	-2209.718171912909	64.29652276659716	2655.449066820239	-2245.44161677313	61.52452445244123	2762.461501009372	-2429.805028733149	73.12296299549183	2656.15159372405	
266	2.235	-2210.907396087827	1249.754189309826	2512.881456889314	-2119.845175910098	1171.979718079336	2384.290077698143	-2136.462691802269	1100.944577681058	2516.614399850534	-2443.835137596225	805.1902148744671	2375.789162211383	-2430.788649498305	796.2351762689495	2639.917321273813	-2589.053872768937	901.3561961249134	2454.130719972159	-2566.728177708893	908.0085729106457	2573.245654604569	-2508.526819393871	761.9021697848386	2302.40982849932	-2536.868248669031	764.5497501120847	2705.410190650357	-2347.50415290482	742.8575108040892	2363.330361363739	-2497.285858416887	617.8813247568888	2348.517100733044	-2409.662039355072	709.7411037597593	2302.400885775946	-2219.690999693411	502.8652516908917	2277.404121056833	-2202.584032275614	497.2385389827408	2401.543966207767	-2314.8096565917	388.964663536851	2278.813816562716	-2245.013190710214	241.5314182653446	2315.268207507364	-2242.019086527233	326.7463809033441	2386.001393902508	-2357.580979862224	107.8835665481546	2287.651834937033	-2326.675221998743	109.7889934317625	2381.754590918255	-2199.8871516012	65.96717199078387	2349.135271035709	-2249.774311565683	54.67072393511162	2234.457259216346	-2420.900719213962	71.45147634489369	2346.911359019411	-2481.101081332703	601.6568194210612	2666.784815598271	-2401.407749814553	695.2298240767133	2724.57083778229	-2335.232546048762	729.7700377027328	2648.340446502717	-2225.862155061238	494.1177759728878	2745.799992064321	-2184.238968963256	497.5632389319474	2620.830899186824	-2244.359591994331	253.6848900780739	2705.818929255495	-2288.271392111734	404.5936134968747	2746.375648167127	-2227.210031509039	359.7406770036456	2635.406549005338	-2364.126704503386	102.6586209499855	2711.449588706463	-2325.583484808246	108.6705659231295	2621.6278271193	-2209.718043573617	64.27778713081523	2655.439791234394	-2245.432221755961	61.54261841887207	2762.447685896874	-2429.812102400609	73.12071810143229	2656.162287635444	
267	2.24	-2212.349868924243	1255.961150021381	2512.818926142282	-2121.05076808988	1178.629946201828	2383.887499793363	-2137.118770903964	1107.654152320454	2516.537859115495	-2442.144684156623	808.9964650147485	2375.604339997689	-2429.086225753255	800.1760235732826	2639.827118574324	-2587.789917098414	904.7962715800526	2453.992867835373	-2565.501210518662	911.5818965590834	2573.125970926226	-2507.036800826583	764.7416026828163	2302.639754976081	-2535.222800843714	767.6509263785207	2704.939368303188	-2345.532291941285	744.4123968860846	2362.987478305672	-2496.403816160343	620.692724239833	2348.787105307656	-2408.203114179365	711.7167196298055	2302.25337535605	-2219.952775583331	503.1460665554058	2277.435786087211	-2202.833882307789	497.5047810625691	2401.531503556808	-2315.150613553059	389.0735116122361	2278.845898812945	-2245.209294807564	241.6553718466584	2315.289318333581	-2242.317436529571	326.8925973479363	2386.020020330224	-2357.60465770983	107.8764215934006	2287.613701269855	-2326.697522203859	109.8106413461166	2381.717917060305	-2199.891511586881	65.97971831516014	2349.125285605296	-2249.778024644579	54.67284211351475	2234.445474807368	-2420.912847912121	71.44908104164074	2346.89296565377	-2480.123839650834	604.4428137266283	2666.33695349896	-2399.76580340439	697.2587525254934	2724.334272138053	-2333.166303861447	731.3558598345008	2648.21885411453	-2225.839905218075	494.4415432633944	2745.198839267637	-2184.328642170436	497.7269540197328	2620.243694756304	-2244.445110475954	253.8244860393478	2705.510394309717	-2288.415157504402	404.8289204991339	2745.854709717369	-2227.388147059548	359.8029694486613	2634.932440588526	-2364.126803012994	102.6945599987218	2711.430463942534	-2325.593403195855	108.6517892594665	2621.599420567631	-2209.716988884083	64.26018140961006	2655.428712231649	-2245.423382809406	61.56231790455447	2762.433820275001	-2429.819429144865	73.11855151874921	2656.173436470734	
268	2.245	-2213.817343932905	1262.224267134674	2512.759070035307	-2122.294319928996	1185.355396209215	2383.479089045539	-2137.786653756161	1114.436240015665	2516.455632604452	-2440.414516012446	812.8584705814063	2375.431764281238	-2427.330514989457	804.1741548255956	2639.739826435142	-2586.487295514286	908.2698407620703	2453.858285964653	-2564.231604094652	915.1900850828723	2573.007146050607	-2505.503713601435	767.6212538036374	2302.882147201541	-2533.523022161116	770.7944875176676	2704.455105276242	-2343.537732437035	745.9658106118355	2362.665978937745	-2495.499666784713	623.5447928485162	2349.06370238652	-2406.716998070623	713.7159101343545	2302.116919427909	-2220.234083775312	503.43489515883	2277.481947933617	-2203.103596415597	497.7740558068171	2401.532782623765	-2315.512286500377	389.1876820966523	2278.892416860761	-2245.415395792936	241.7855559145359	2315.313593867653	-2242.629387861811	327.0418462852726	2386.048267137087	-2357.629315516072	107.8701613372503	2287.576713141581	-2326.718951715644	109.8331674918353	2381.682761594372	-2199.897008196833	65.99349977184438	2349.116081167829	-2249.78208521246	54.67509080751213	2234.434106127599	-2420.925847246835	71.44676288281012	2346.874762765975	-2479.119251390927	607.2617910427177	2665.886988326702	-2398.088270235158	699.3052875361892	2724.090456509991	-2331.070092159647	732.9436112223381	2648.081558898718	-2225.826905815821	494.7737748146903	2744.578128071954	-2184.436821409411	497.8946921244051	2619.635069377986	-2244.538395112303	253.9707202923317	2705.191966662508	-2288.575262035784	405.0708903343276	2745.314131719545	-2227.579531894449	359.8687807903859	2634.441411341935	-2364.127182445729	102.732218109139	2711.409405140293	-2325.604952296045	108.6316789376776	2621.570514290659	-2209.714926117307	64.24395264494518	2655.415824122684	-2245.415344092398	61.58330217934453	2762.419635662494	-2429.82703099414	73.11653834095426	2656.185085697732	
269	2.25	-2215.309342537478	1268.53911251282	2512.701797359327	-2123.576335439659	1192.152227272193	2383.065351547201	-2138.466042731527	1121.286172234465	2516.367238204021	-2438.643603324432	816.7732598651276	2375.271157471531	-2425.52123307794	808.228010409829	2639.656060735239	-2585.144645849811	911.7748036236286	2453.726518699288	-2562.918553484209	918.8316509978075	2572.888840037611	-2503.9263800459	770.5395480760596	2303.136790309793	-2531.768228063063	773.9804970881744	2703.9574983316	-2341.521550433806	747.5162127360401	2362.365806368604	-2494.573191054273	626.4360296994835	2349.346304082029	-2405.203866975424	715.7373488425233	2301.991650082648	-2220.535276292719	503.7317814173764	2277.542166725771	-2203.393864167493	498.0462722922938	2401.547520111383	-2315.894796395381	389.3072522803312	2278.952999162233	-2245.631414086977	241.9222842965042	2315.340801344685	-2242.955275367937	327.1944433055672	2386.0857007421	-2357.654832105986	107.8649013203233	2287.541089131142	-2326.739443982741	109.8565723095754	2381.649244432566	-2199.903577029578	66.00841890357114	2349.107776079374	-2249.786369016836	54.67747064604312	2234.423314230086	-2420.939620844168	71.44463281307466	2346.856780359036	-2478.088587232977	610.1132315125287	2665.436030732885	-2396.376759018452	701.3685680930433	2723.840266685545	-2328.945301416007	734.5319599268707	2647.929772123715	-2225.82560316741	495.1146577614991	2743.940535003393	-2184.56566192096	498.0666834291962	2619.007814224957	-2244.640521436513	254.1239508708165	2704.865220330427	-2288.75364390814	405.3195256502468	2744.756063553566	-2227.785818330157	359.9389415931047	2633.935674375603	-2364.128059416689	102.7716300066403	2711.386916708398	-2325.61796167776	108.6107256649918	2621.541287609697	-2209.711786690969	64.22931395833145	2655.401160218312	-2245.408336056001	61.60523026571125	2762.404899334297	-2429.83491065947	73.11476655712789	2656.197260139226	
270	2.255	-2216.825382350367	1274.901071212383	2512.647003984288	-2124.897133720148	1199.016445229589	2382.646840258678	-2139.156670408633	1128.199075446425	2516.272200210702	-2436.830938564556	820.7376337135142	2375.122118707313	-2423.658195341744	812.3357788077215	2639.576261925041	-2583.760628385657	915.3088907416569	2453.597108901024	-2561.561340466478	922.5049431374455	2572.770710179871	-2502.303729084068	773.4947067401301	2303.40341245605	-2529.95781822484	777.208813569076	2703.446745551973	-2339.484786940784	749.0620613698603	2362.086581738108	-2493.62415380975	629.3647603160389	2349.634245410748	-2403.6639273935	717.779553510156	2301.877588264688	-2220.856632657016	504.0367578219683	2277.615941135042	-2203.705305885398	498.3213805911791	2401.575359570095	-2316.298197697602	389.4322595399237	2279.027226574591	-2245.857233579888	242.0658493361322	2315.370753555103	-2243.295373497846	327.350703055985	2386.131809495455	-2357.681062249218	107.8607591501513	2287.507066610775	-2326.758928251496	109.8808359773467	2381.617458833704	-2199.911116731776	66.02435163970677	2349.100460062873	-2249.790744517331	54.67998338073983	2234.413248115989	-2420.954042730782	71.44281425334535	2346.83904269543	-2477.033193410958	612.9966041210836	2664.985204206111	-2394.632982662141	703.4476862188825	2723.584575112749	-2326.793470710305	736.1194913292117	2647.764734111666	-2225.838532927652	495.4643837535293	2743.288829716465	-2184.717293392538	498.2431417363785	2618.364844456377	-2244.752541025288	254.2845127945359	2704.531757695374	-2288.952225761291	405.5748256088442	2744.182768234772	-2228.008605316603	360.0143100634818	2633.417542013794	-2364.129647676736	102.8128384772178	2711.363500501274	-2325.632213497729	108.589433356625	2621.511896323747	-2209.707517533495	64.21643990438656	2655.384795881509	-2245.402566568213	61.62774866208719	2762.389423786382	-2429.84305149513	73.11333788781907	2656.209960842112	
271	2.26	-2218.364972857027	1281.305347807939	2512.594571192625	-2126.256848032152	1205.943889383091	2382.224145471514	-2139.858311428993	1135.169880132765	2516.170064327722	-2434.975564423194	824.7481825779615	2374.984136706396	-2421.741334225048	816.4953762744592	2639.500690071103	-2582.333955434655	918.8696717036008	2453.469602261841	-2560.159356154636	926.2081387187939	2572.652410548369	-2500.634816958193	776.4847542977701	2303.681680734477	-2528.091310992476	780.4790567835224	2702.923150795022	-2337.428446900694	750.6018192566263	2361.82761539568	-2492.652308967105	632.3291500701938	2349.926791273293	-2402.09742678307	719.8408919605852	2301.774639740604	-2221.198374313644	504.3498445879725	2277.702712904171	-2204.038475118578	498.5993737725629	2401.615871940645	-2316.722491502968	389.5626994026168	2279.114625059942	-2246.092707854864	242.2165219684044	2315.40329967703	-2243.649901011011	327.5109385776372	2386.186009949407	-2357.707839816889	107.8578516343287	2287.47489237884	-2326.777331003531	109.9059201692201	2381.587465762559	-2199.919490187905	66.04115126549179	2349.09418941001	-2249.795076225204	54.68262961292763	2234.404037076484	-2420.968959438857	71.44144135831721	2346.821568846441	-2475.954484357625	615.911359878831	2664.535633728405	-2392.858748926587	705.5416964042397	2723.32424329762	-2324.616287943591	737.7047224806792	2647.587691170499	-2225.868303785117	495.8231499135975	2742.62583941409	-2184.893795273226	498.4242726223503	2617.709168495961	-2244.875470857416	254.452717424428	2704.193193200491	-2289.172903380984	405.8367895970919	2743.596591624117	-2228.249434733038	360.0957644758255	2632.889398511713	-2364.132156465756	102.8558927836568	2711.339646867692	-2325.647448941761	108.5683087540196	2621.482476626796	-2209.702083326516	64.20546338953471	2655.366850378158	-2245.398212307395	61.65049962724694	2762.373074649635	-2429.851417728499	73.11236769361703	2656.223163057173	
272	2.265	-2219.927607823739	1287.746974561319	2512.544363633588	-2127.655429007749	1212.930216998368	2381.797881868727	-2140.57079223028	1142.193331275494	2516.060413489141	-2433.076601601488	828.8013068792252	2374.856602831069	-2419.770718232545	820.7044292989722	2639.42942552125	-2580.86342234575	922.4545662656582	2453.343550071061	-2558.712124082899	929.9392387059921	2572.533591176615	-2498.918847265599	779.5075283461622	2303.971196969705	-2526.16837859931	783.79057931692	2702.387126508596	-2335.353502342446	752.1339610523992	2361.58792752109	-2491.657407109788	635.3272201103093	2350.223145089638	-2400.504664475369	721.9195914945136	2301.682592650715	-2221.560681334327	504.6710492606728	2277.801871627672	-2204.393863443905	498.8802890531197	2401.668557898369	-2317.167639930511	389.6985251200862	2279.214658361184	-2246.337667340709	242.3745537891117	2315.438313968795	-2244.019027650325	327.6754622914207	2386.247655086187	-2357.73498191664	107.8562918239881	2287.444812352039	-2326.794577422386	109.9317707123928	2381.559289254641	-2199.928527388183	66.05865316841006	2349.088983773615	-2249.799228035909	54.6854064296186	2234.395783568727	-2420.984193165348	71.44065681550484	2346.804372963836	-2474.853934429299	618.8569240616574	2664.088434796654	-2391.055950916161	707.6496265798191	2723.060115739359	-2322.415588272876	739.2861176845078	2647.399874079628	-2225.917578451963	496.1911605065973	2741.954412413957	-2185.097171884176	498.610282579894	2617.043855966294	-2245.010284398374	254.6288536008934	2703.85113843758	-2289.417535336423	406.1054209952724	2742.999929556548	-2228.509768366322	360.1841947676897	2632.353671684747	-2364.135788769894	102.9008467367982	2711.315826765276	-2325.663376785872	108.5478507608982	2621.453150833132	-2209.695468574237	64.19647424584664	2655.34748742612	-2245.395410895492	61.6731297239031	2762.355776811871	-2429.859954941755	73.11198388964721	2656.236815665638	
273	2.27	-2221.512754279196	1294.220821563498	2512.496227028261	-2129.092651719414	1219.970885848045	2381.368672476903	-2141.293998058872	1149.264000279624	2515.942883406386	-2431.133276005931	832.8932405136043	2374.738824103555	-2417.746571489059	824.9602608686581	2639.362374896882	-2579.347938964527	926.0608581394175	2453.218511046647	-2557.219322993914	933.6960665654209	2572.413897488841	-2497.155189986278	782.5606927148671	2304.271493726661	-2524.188881597361	787.1424437255852	2701.839195114203	-2333.26089951572	753.6569806972441	2361.366277825136	-2490.639205991732	638.3568655985109	2350.522458733933	-2398.88600261853	724.0137519611393	2301.60111730458	-2221.94371075037	505.0003668074323	2277.912760230099	-2204.771907980334	499.1642078515767	2401.732852378449	-2317.633581362811	389.8396488665121	2279.326721808452	-2246.591927465301	242.540180647782	2315.475683440253	-2244.402882455913	327.8445883076875	2386.316044571623	-2357.762293904184	107.8561860151311	2287.417060698959	-2326.810593067785	109.9583209093789	2381.532912946497	-2199.938030067884	66.07668018903061	2349.084824859369	-2249.803066496793	54.6883050942587	2234.388557082242	-2420.999546004818	71.44060913679681	2346.787464259604	-2473.733068931946	621.832687521376	2663.6447029581	-2389.226557652496	709.7704898050431	2722.79301518729	-2320.193350861885	740.8621048273661	2647.202478720682	-2225.98905200361	496.5686289072507	2741.277381525488	-2185.329328073704	498.8013884485503	2616.372004391907	-2245.157904453828	254.8131903865307	2703.507188582547	-2289.687933243411	406.3807306941134	2742.395193845203	-2228.790966745637	360.2804933512525	2631.812803946244	-2364.140739537821	102.9477564464113	2711.292485028363	-2325.6796839038	108.5285397066046	2621.424034785389	-2209.687679440129	64.18951949860318	2655.326914412538	-2245.394254283797	61.69529822299863	2762.337518517562	-2429.868590872351	73.11232488305583	2656.250842274445	
274	2.275	-2223.119838183155	1300.72160888552	2512.449985730612	-2130.568126287099	1227.061135341715	2380.937130077055	-2142.027876751264	1156.376298197857	2515.817176619167	-2429.144944858627	837.0200771379643	2374.630035973486	-2415.669293203672	829.2598814643291	2639.299281947267	-2577.786560539977	929.6857111569179	2453.09405284075	-2555.680808432065	937.4762703647971	2572.292970526386	-2495.343399182812	785.6417541964915	2304.582030838669	-2522.152901022377	790.5334061305931	2701.279989187259	-2331.151569690445	755.1693989808533	2361.161203469765	-2489.597484071501	641.4158759972115	2350.823843442687	-2397.241876750146	726.1213624309611	2301.529768762599	-2222.347615767614	505.3377801970053	2278.034681557266	-2205.173001631481	499.4512546938792	2401.808131605143	-2318.120246143973	389.9859446249092	2279.450138466208	-2246.85529788145	242.7136270444144	2315.515295679469	-2244.801563344601	328.0186355394918	2386.390437005015	-2357.789575126287	107.8576307471349	2287.39184882915	-2326.825305924634	109.9854952631936	2381.508277873686	-2199.947778003653	66.09504836059754	2349.081657087327	-2249.806463988414	54.69130895139209	2234.382389354957	-2421.014805227266	71.44144943793599	2346.770846725129	-2472.593454710013	624.8379970729276	2663.20550385284	-2387.372604908204	711.9032957488454	2722.523738925292	-2317.951694031008	742.4310919993027	2646.996649181088	-2226.085427826933	496.9557793631963	2740.597527842084	-2185.592046270659	498.9978263452512	2615.696704721619	-2245.319197764592	255.0059811134022	2703.162910013438	-2289.985852355971	406.6627401041828	2741.784778122252	-2229.094270925811	360.3855452161523	2631.269223184598	-2364.147193949836	102.9966778054936	2711.270034802399	-2325.696047307946	108.5108268568803	2621.395246613347	-2209.678745280953	64.18460529991737	2655.305380292496	-2245.394783891777	61.71668492268866	2762.318353239601	-2429.877236649251	73.11353661162495	2656.265144055757	
275	2.28	-2224.748227200428	1307.243920687006	2512.405440223099	-2132.08131158648	1234.195967055035	2380.503836882927	-2142.772438875126	1163.524490048258	2515.68307383796	-2427.111121240277	841.1777986846597	2374.529414698727	-2413.539476241913	833.5999856320681	2639.239742656826	-2576.178517081557	933.3261874810855	2452.969753772895	-2554.096632170349	941.2773280496099	2572.170448451417	-2493.483229052089	788.7480829590935	2304.902192698562	-2520.0607670096	793.9619065824384	2700.710250573138	-2329.026443252969	756.6697713532457	2360.971063999708	-2488.532056972234	644.5019570374279	2351.126381353761	-2395.572805693163	728.2403212106768	2301.467992595046	-2222.772565056146	505.6832614385985	2278.166906418367	-2205.597505626446	499.7415951135722	2401.893722871672	-2318.627572330023	390.137252754779	2279.584158779337	-2247.127592832685	242.8951104793833	2315.557027957903	-2245.215147566334	328.1979309715742	2386.470064034624	-2357.816625230592	107.8607098340973	2287.36935464497	-2326.838648913574	110.0132133677217	2381.485281583968	-2199.957536656225	66.11357278534749	2349.079390043794	-2249.809301832815	54.6943916976488	2234.377271187376	-2421.029749508091	71.44332774788617	2346.754518645709	-2471.436690537064	627.8721450041102	2662.771863621826	-2385.496186369303	714.0470610294907	2722.253055760304	-2315.692868926001	743.9914839460536	2646.783463416788	-2226.209391614842	497.3528480919146	2739.917545495079	-2185.886965833982	499.1998592922293	2615.021005702554	-2245.494971276435	255.2074683290617	2702.819828832385	-2290.312982256137	406.9514834464188	2741.171024401029	-2229.420788146115	360.5002174598418	2630.725313850183	-2364.15532584289	103.0476637938404	2711.248853122401	-2325.712147081189	108.4951246070085	2621.366916286425	-2209.668719803263	64.18170041447905	2655.283172200341	-2245.396987924811	61.73699696811433	2762.298399165086	-2429.885788580556	73.11576878813692	2656.279604261631	
276	2.285	-2226.397211310144	1313.782221152088	2512.362364638264	-2133.63153147166	1241.370125755999	2380.069323516602	-2143.527753956897	1170.70270995902	2515.540441539441	-2425.031496604677	845.3623053786735	2374.436089281328	-2411.357923933815	837.9769548702054	2639.183223887722	-2574.52324023757	936.9792674613834	2452.845205245716	-2552.467058466143	945.0965556497281	2572.045969700227	-2491.574648007239	791.8769364759465	2305.231286508515	-2517.913082806271	797.4260663748297	2700.130828438444	-2326.886466707001	758.1566959387631	2360.794091843255	-2487.442796523641	647.6127538801682	2351.429137313424	-2393.879400566054	730.3684587404275	2301.415134058487	-2223.218761285636	506.036773021502	2278.308683293059	-2206.045763609727	500.0354327439632	2401.988917155973	-2319.155521059074	390.2933861341826	2279.727964724211	-2247.408642711321	243.0848448997363	2315.600738623173	-2245.643702622396	328.3828123847923	2386.554146107281	-2357.843250883476	107.8654914714177	2287.349712448186	-2326.8505628488	110.0413937715468	2381.46377858355	-2199.967065728194	66.13207337971801	2349.077902362261	-2249.811473368812	54.69751613857371	2234.373151016714	-2421.04415594506	71.44638893123773	2346.738471989562	-2470.264397500923	630.9343578611881	2662.344759468996	-2383.599445094926	716.2008175418575	2721.981703395793	-2313.419251876538	745.5416979145764	2646.563921387232	-2226.36358393823	497.7600834100303	2739.240007846913	-2186.21556555447	499.4077828178124	2614.347877171797	-2245.685969997079	255.4178891422883	2702.479419926946	-2290.67093749279	407.2470091349042	2740.55619111048	-2229.771482061449	360.6253484418656	2630.183388583138	-2364.165296417358	103.1007616882186	2711.229277587495	-2325.727679429364	108.4817978509535	2621.339195244338	-2209.657681774363	64.18074105261216	2655.260610820312	-2245.400801159282	61.75597437146025	2762.277836222112	-2429.894130574783	73.11917046212062	2656.294094214528	
277	2.29	-2228.065982257511	1320.330872053786	2512.320504457749	-2135.217992754984	1248.578082282079	2379.634048498931	-2144.293942706626	1177.904976856003	2515.38923514275	-2422.905960826686	849.5694464013811	2374.349153002285	-2409.125664200325	842.3868673789401	2639.129084782403	-2572.82038684756	940.6418706557296	2452.720015156012	-2550.792576166617	948.9311181180325	2571.919178002642	-2489.617850487077	795.0254865255658	2305.568541651488	-2515.710743348169	800.9236922926547	2699.542676142298	-2324.732622129427	759.628821635263	2360.628446725794	-2486.329651818081	650.7458748556315	2351.731170627607	-2392.162372775118	732.5035627155827	2301.3704507699	-2223.686458075612	506.3982696573802	2278.459249764884	-2206.518116402389	500.3330056923416	2402.092984416211	-2319.704091053097	390.4541376465921	2279.880679239384	-2247.698306795252	243.2830424983048	2315.64626160137	-2246.08729717073	328.5736298497866	2386.641909518722	-2357.869272751415	107.8720254780907	2287.333003891384	-2326.860999746651	110.0699576634861	2381.443582124623	-2199.976128177512	66.15038024212321	2349.077046598414	-2249.812887035811	54.70063350413962	2234.369935353462	-2421.057807619318	71.45076833562044	2346.722691786367	-2469.078209522516	634.0237848139432	2661.925110171096	-2381.684565219397	718.3636180068623	2721.710385840366	-2311.133335628801	747.0801784981763	2646.338935444349	-2226.55057193863	498.1777448016386	2738.567335509671	-2186.579150028324	499.6219279748383	2613.680172418477	-2245.892876345471	255.6374803936394	2702.143096171535	-2291.061248078936	407.5493800669042	2739.942423198868	-2230.147167965429	360.7617367876252	2629.645660680281	-2364.17725341116	103.1560102241499	2711.211604046605	-2325.742369075539	108.4711570021682	2621.312265337389	-2209.645735233551	64.18163677403115	2655.238044593197	-2245.40610729586	61.77339409166727	2762.256900703991	-2429.902137235842	73.12388502288626	2656.308480459613	
278	2.295	-2229.753613073734	1326.884151689456	2512.279574612676	-2136.839804029579	1255.814019791719	2379.198379581514	-2145.07116538306	1185.125210442716	2515.229497589686	-2420.734619352387	853.7950502930713	2374.26767469011	-2406.843960078909	846.8255149361595	2639.076600150453	-2571.069858389062	944.3108774368399	2452.593812429077	-2549.073905780163	952.778042448762	2571.789729284494	-2487.613266228373	798.1908485276173	2305.913110329539	-2513.454947780983	804.4522875918939	2698.946846754188	-2322.565948503175	761.0848561406431	2360.472272128997	-2485.192671513042	653.8989150473177	2352.031546547759	-2390.422540905588	734.6434045869483	2301.33312876151	-2224.175974550791	506.7677001879142	2278.617845593512	-2207.014916552139	500.6345821353239	2402.205191160405	-2320.273331695083	390.6192886581279	2280.04138141748	-2247.996486987843	243.4899133511464	2315.693404493992	-2246.546011365779	328.770745372099	2386.732604325386	-2357.894532604565	107.8803407588001	2287.319250369714	-2326.869926333844	110.0988322537635	2381.424467321421	-2199.984499266368	66.16833845083289	2349.076654680588	-2249.813469470969	54.70368335248362	2234.367491132136	-2421.070501378495	71.45658728900641	2346.707155650468	-2467.879764086264	637.1394860324839	2661.513766375016	-2379.75376389852	720.5345381179148	2721.439770394089	-2308.837719601349	748.6054111632145	2646.109322665683	-2226.772820669816	498.6061009868725	2737.901766470495	-2186.97884041222	499.8426614553351	2613.020589905563	-2246.116310917703	255.8664830349495	2701.812197405654	-2291.485349781957	407.8586726430958	2739.331724755995	-2230.548513120972	360.9101304567239	2629.114217655031	-2364.191330980803	103.2134367001146	2711.196085182649	-2325.755980283621	108.4634530627671	2621.286346339838	-2209.633009164097	64.18427714097253	2655.215842882388	-2245.41274377613	61.78907268935767	2762.235877703848	-2429.909677630861	73.13004479575481	2656.322632679515	
279	2.3	-2231.459039039351	1333.436274883419	2512.239258249089	-2138.495994328054	1263.071824948722	2378.762578232565	-2145.859606702091	1192.357247313808	2515.06135364835	-2418.517807012556	858.0349541926855	2374.190709892019	-2404.514315790387	851.2884268128777	2639.024985113369	-2569.271815609917	947.983150503067	2452.466252606115	-2547.312000794881	956.6342326539957	2571.657300264731	-2485.561566770124	801.3701122192406	2306.264069604112	-2511.147205508924	808.0090693141267	2698.344487033894	-2320.387564172584	762.5235737177645	2360.323751790706	-2484.032026428967	657.0694789018451	2352.329347428749	-2388.660836457394	736.7857664401557	2301.302301557781	-2224.687706753752	507.1450094916717	2278.783727218495	-2207.53654181695	500.9404549907493	2402.324819697812	-2320.863354087197	390.7886180327202	2280.209127579517	-2248.303142135	243.7056626968234	2315.741950264459	-2247.019946019439	328.9745301897523	2386.825522571326	-2357.91890038668	107.8904430929269	2287.308407233584	-2326.877327572047	110.1279537422502	2381.406175532442	-2199.99197529192	66.18581215789727	2349.076543577235	-2249.813168559917	54.7065940554291	2234.365649966946	-2421.082055465527	71.46394857356327	2346.691833619905	-2466.67069322968	640.2804215703908	2661.111500561781	-2377.80928356367	722.712674846352	2721.170483647226	-2306.53509924925	750.1159342403587	2645.875798788891	-2227.032664624323	499.0454270814002	2737.245328506968	-2187.415569827938	500.0703827419351	2612.37163480768	-2246.356834650632	256.1051451207784	2701.487978940243	-2291.944574151207	408.174974377446	2738.725934459144	-2230.976042016617	361.0712160509085	2628.590996087368	-2364.207650523187	103.2730539897026	2711.182929889967	-2325.768325932425	108.4588750009999	2621.261701397766	-2209.619656605416	64.18853876712913	2655.194388277404	-2245.420508773345	61.80286768921441	2762.2150917211	-2429.916619693134	73.13776542156465	2656.33643193771	
280	2.305	-2233.181041532662	1339.981413719974	2512.199206406552	-2140.185530626736	1270.345085473506	2378.326788438165	-2146.659457945143	1199.594857173353	2514.885000652036	-2416.256098060404	862.2850310528682	2374.117312045338	-2402.138477630677	855.770900287421	2638.973420358153	-2567.42668777266	951.6555555701524	2452.337024231669	-2545.508042744592	960.4964861261634	2571.521598386528	-2483.463668974441	804.5603724660236	2306.620424964119	-2508.789335541309	811.590991341801	2697.736829702919	-2318.198689497787	763.9438224527159	2360.181164244725	-2482.848031329684	660.2552010064862	2352.623683616672	-2386.878308391597	738.9284671672052	2301.277071666023	-2225.222135289564	507.5301402115469	2278.95618339681	-2208.08340674568	501.2509355382945	2402.45118837581	-2321.474339525195	390.9619111851883	2280.382977912685	-2248.618302224079	243.9304860076861	2315.791662005394	-2247.509229962302	329.1853593982224	2386.920016188171	-2357.942281068691	107.9023133754349	2287.300360140673	-2326.883210007468	110.1572697832012	2381.388419887789	-2199.998381710383	66.20268788659052	2349.076520892173	-2249.8119563194	54.70928382614499	2234.364214215632	-2421.09231662336	71.47293200408615	2346.67668844826	-2465.452614892562	643.4454412574188	2660.718996585918	-2375.853384537766	724.8971407227785	2720.903105966885	-2304.228254548044	751.6103492800273	2645.638973414025	-2227.332280030618	499.4960008556794	2736.599813997128	-2187.890083460067	500.3055184830205	2611.735580985322	-2246.614952433644	256.3537229034423	2701.171599525213	-2292.440138263955	408.4983800358104	2738.126703984249	-2231.430146110265	361.2456084816517	2628.077757906247	-2364.226322602108	103.3348574397707	2711.17230336699	-2325.77927428773	108.457549500874	2621.238639935311	-2209.605853218927	64.19429236926848	2655.174068269467	-2245.429169933563	61.81467784609819	2762.194895904748	-2429.922835188777	73.14714024598177	2656.349778833523	
281	2.31	-2234.918236168232	1346.513718652118	2512.159038796096	-2141.907333325981	1277.627095227662	2377.891030716778	-2147.470897140228	1206.831759255213	2514.700696629292	-2413.950312025317	866.5412140439514	2374.046543558322	-2399.718429179538	860.2680370357804	2638.921077416544	-2565.535176176676	955.3249805540801	2452.205855622242	-2543.663429796592	964.3615109258573	2571.382372584834	-2481.320735359125	807.758758850776	2306.981115537273	-2506.383459098543	815.1947724272086	2697.125183872181	-2316.000668666287	765.3445306873863	2360.042933522984	-2481.641164656442	663.4537641742812	2352.913704189274	-2385.076126465315	741.0693868306239	2301.256533664873	-2225.779828756925	507.9230341242829	2279.134551597636	-2208.655971533115	501.5663459586684	2402.583672064973	-2322.10654492267	391.1389686791463	2280.562027845999	-2248.942081556266	244.1645623111223	2315.842289932508	-2248.014025059737	329.4036038064664	2387.015513860634	-2357.964621072244	107.9159064388615	2287.294923757498	-2326.887604770186	110.1867413808454	2381.370891795601	-2200.003580412383	66.2188769663414	2349.076390166469	-2249.809831452416	54.71166222198336	2234.362964629033	-2421.101166375135	71.48359025111004	2346.661676404909	-2464.227124836258	646.6332760980357	2660.336838759325	-2373.88833798112	727.0870542397884	2720.638164201448	-2301.920037559608	753.0873297912891	2645.399346162827	-2227.67365858736	499.9580979954069	2735.966757171514	-2188.402943226868	500.5485144697998	2611.114434139898	-2246.891118235148	256.6124796667756	2700.864108920872	-2292.973134275459	408.8289863633916	2737.535479332451	-2231.911097420073	361.4338410676737	2627.576068208627	-2364.247450027418	103.3988216722987	2711.164327855526	-2325.788753396851	108.4595429372801	2621.217517740632	-2209.591795371215	64.20140938243262	2655.155266588705	-2245.438474365196	61.82444252720681	2762.175660433452	-2429.928205140532	73.15823496872127	2656.362601192287	
282	2.315	-2236.669066478785	1353.027339629567	2512.118345789109	-2143.660289015408	1284.910867641862	2377.455201915556	-2148.294068346291	1214.061639122521	2514.50874687419	-2411.601515041488	870.7995174817585	2373.977486479131	-2397.256380555239	864.774784518469	2638.867143390889	-2563.598251913263	958.9883526424844	2452.072521461091	-2541.779758980879	968.2259436071687	2571.239424267329	-2479.134171063343	810.9624625938432	2307.345021047492	-2503.9319856404	818.8169283010601	2696.510923566931	-2313.794989547156	766.7247122581091	2359.907674289508	-2480.412084937435	666.6629139933334	2353.198607692622	-2383.255583330018	743.2064881733762	2301.23979794518	-2226.36144272968	508.3236329827214	2279.318234701556	-2209.254747362885	501.8870109035665	2402.721722149023	-2322.760304848352	391.3196139197569	2280.745442826018	-2249.274689875658	244.4080464279846	2315.89357965232	-2248.534528504021	329.6296191905508	2387.111536134795	-2357.985914018073	107.931150567097	2287.291842900275	-2326.890570072324	110.2163441827514	2381.353268225635	-2200.007475931669	66.2343170617862	2349.075955735092	-2249.806821398208	54.71363204433054	2234.361669206936	-2421.108526261478	71.49594507630241	2346.646748543172	-2462.995789412962	649.8425316606165	2659.965500559817	-2371.916419023685	729.2815268915044	2720.37612270417	-2299.613359043731	754.5456284979957	2645.157303514055	-2228.058583384961	500.4319862240707	2735.34741381145	-2188.954536817197	500.7998257154712	2610.509896952742	-2247.185741706548	256.8816821184185	2700.56643538617	-2293.544519033834	409.1668856071719	2736.953484836185	-2232.419065162508	361.6363561161519	2627.087274703193	-2364.271131980627	103.4648973707957	2711.159083938555	-2325.796753241006	108.4648652788633	2621.198734127549	-2209.577697838552	64.20976768418871	2655.138354526904	-2245.44815934054	61.83214040701093	2762.157760501052	-2429.932625561627	73.17108280867475	2656.37486095048	
283	2.32	-2238.431804128847	1359.516446902318	2512.076691679023	-2145.443260017732	1292.1891579058	2377.019081009999	-2149.12906116355	1221.278166039602	2514.309489977827	-2409.211016398641	875.0560537595945	2373.909252298117	-2394.754751674626	869.2859814634993	2638.810844470893	-2561.617148038163	962.6426527493696	2451.936848599812	-2539.858802574855	972.08636728139	2571.092617772455	-2476.905617308785	814.1687593490615	2307.710970596991	-2501.437592673821	822.4538068951978	2695.8954744114	-2311.583300414169	768.0834701778757	2359.774229793979	-2479.161642636249	669.8804690546538	2353.477653024201	-2381.41809534128	745.3378343370126	2301.226014113066	-2226.967714255573	508.7318786841571	2279.506717494541	-2209.880297557457	502.2132483437825	2402.86488528756	-2323.436029954579	391.5036995482419	2280.932494729735	-2249.616440457071	244.6610608634291	2315.94528089737	-2249.070972229129	329.8637333681474	2387.207708096817	-2358.006205521094	107.9479477732091	2287.290796107637	-2326.892193066684	110.2460691688988	2381.335219527684	-2200.010020380619	66.24897277707589	2349.075027060738	-2249.802983686187	54.71509156650629	2234.360092726292	-2421.114361855596	71.50998418180041	2346.631852321267	-2461.760139427347	653.0716839120328	2659.605333182578	-2369.939899856073	731.4796477090459	2720.117373096616	-2297.311174110353	755.9840833462232	2644.913116075526	-2228.488607823544	500.9179182243802	2734.74274337339	-2189.545090850304	501.0599052074394	2609.923337006633	-2247.499195989349	257.1615943895129	2700.279373462856	-2294.155104214825	409.5121581841765	2736.381709486617	-2232.954134499192	361.8534960772659	2626.612488875807	-2364.297468907832	103.5330082159316	2711.156612282136	-2325.803325853866	108.4734755535622	2621.182726194134	-2209.563791222208	64.21925604382039	2655.123682546939	-2245.457963164301	61.83778763822961	2762.14156430591	-2429.936013303313	73.18568043121763	2656.386559922624	
284	2.325	-2240.204556290814	1365.975251181456	2512.033619260175	-2147.255090369722	1299.454493936181	2376.582340793281	-2149.975891637623	1228.475011063196	2514.103284255911	-2406.780360151296	879.3070459021865	2373.840990470983	-2392.216149682575	873.7964066126103	2638.751467477761	-2559.593346465356	966.2849269334786	2451.798720477709	-2537.902479502647	975.9393296806205	2570.941889505714	-2474.636941255399	817.3750265234123	2308.077753294283	-2498.903199860579	826.1016256871596	2695.280298670716	-2309.367422312711	769.4199984562116	2359.641701168291	-2477.89088636109	673.1043262303922	2353.750170620663	-2379.565201969219	747.4616020163028	2301.214393088782	-2227.599452016897	509.1477126643637	2279.699582433091	-2210.533234070695	502.5453600216192	2403.012820246558	-2324.134201658021	391.6911122075232	2281.122597891105	-2249.967754291351	244.9236880227539	2315.997156230207	-2249.623619518387	330.1062317253733	2387.303769071605	-2358.02559671993	107.966174872867	2287.291401571132	-2326.892590922209	110.2759227490535	2381.316417505401	-2200.011216914465	66.26283534422784	2349.073422545087	-2249.798406393892	54.71593704401999	2234.35800629864	-2421.118685366842	71.52565889803839	2346.616933426182	-2460.521665203945	656.3190778981324	2659.256554284262	-2367.96104252131	733.6804664054155	2719.862223366592	-2295.016466916305	757.4016225594447	2644.666936109984	-2228.965038354524	501.4161234810757	2734.153393538225	-2190.174687890004	501.3291919465333	2609.355758246187	-2247.83182614411	257.4524699579091	2700.003572387517	-2294.805547578288	409.8648649575717	2735.820895209813	-2233.516326346803	362.0854954392632	2626.152569011276	-2364.326567751846	103.6030482176809	2711.156915695285	-2325.808583590378	108.4852884838215	2621.169960300201	-2209.550319073369	64.22977708584318	2655.11157238702	-2245.467635674495	61.84143560943826	2762.127421369293	-2429.938311761967	73.20198486226633	2656.39774416342	
285	2.33	-2241.985280408222	1372.398022883798	2511.988655753794	-2149.094608032779	1306.699215734425	2376.144565030944	-2150.834485751951	1235.64586589429	2513.890495417995	-2404.311311706589	883.5488354870827	2373.771895417446	-2389.643340889347	878.3008299255702	2638.688378629953	-2557.528559938058	969.9122944453085	2451.658079671732	-2535.912822806225	979.7813610102628	2570.787254977143	-2472.330222178614	820.5787540088237	2308.444130637428	-2496.331938084926	829.7565101615428	2694.666878956019	-2307.149355846772	770.7335818413439	2359.509466823957	-2476.601062624282	676.3324606625019	2354.015574101762	-2377.698563613681	749.5760894916715	2301.204227007716	-2228.257522456476	509.5710744913674	2279.896524186346	-2211.214209176745	502.8836218472936	2403.165312151089	-2324.855363011648	391.881775421344	2281.31534264054	-2250.329159724154	245.1959633034097	2316.048989533325	-2250.192759056627	330.3573419628505	2387.399578977412	-2358.044246202497	107.9856853588324	2287.293225297371	-2326.891910963253	110.3059262712632	2381.296543455097	-2200.011121530301	66.27592143280634	2349.070972886521	-2249.793207517888	54.71606548575627	2234.355196279252	-2421.121556626785	71.54288293380101	2346.601937650355	-2459.281812802496	659.5829295984679	2658.919237373058	-2365.982091172875	735.8829763780702	2719.610886947135	-2292.732234377533	758.7972690325136	2644.418795199442	-2229.488921831163	501.9267994067752	2733.579687264273	-2190.843287007584	501.6080989081252	2608.807776679849	-2248.183957359462	257.7545420750326	2699.73952536451	-2295.4963460101	410.2250396301068	2735.271526818765	-2234.105617182348	362.3324736133862	2625.708105279103	-2364.358547001837	103.6748797389631	2711.159961383172	-2325.812695695923	108.5001818597114	2621.160920994582	-2209.537534601545	64.24124877529809	2655.102309747457	-2245.476947874792	61.84316832637145	2762.115651461477	-2429.93949613694	73.21991158665126	2656.408506670079	
286	2.335	-2243.771806169368	1378.779110264559	2511.94132006554	-2150.960623235957	1313.91552235854	2375.705270383064	-2151.704666698447	1242.784462385119	2513.671486226823	-2401.80583939899	887.77788580887	2373.701211932673	-2387.039217716364	882.7940652939923	2638.621038828911	-2555.424709478248	973.5219521737904	2451.514928223581	-2533.891944294955	983.608991389109	2570.628813064765	-2469.98773393776	823.7775475796467	2308.808850402266	-2493.727114284469	833.4145323611003	2694.056700953833	-2304.931281288094	772.0235933768395	2359.377191090964	-2475.293608663265	679.5629204978073	2354.273372476096	-2375.81995754936	751.6797192183136	2301.194906151761	-2228.942832333345	510.0018997279663	2280.097362517473	-2211.923902571274	503.2282745661292	2403.322283631413	-2325.600105828202	392.0756504180167	2281.510524335239	-2250.701287170786	245.4778695040378	2316.100594289616	-2250.778696821507	330.6172188933617	2387.495121205201	-2358.062369991499	108.0063120712911	2287.295791323613	-2326.89032972694	110.3361149180632	2381.275295907607	-2200.009843007059	66.288271139291	2349.0675240907	-2249.787533105605	54.71537767503803	2234.351471902044	-2421.123082279867	71.56153238467955	2346.58681267924	-2458.041981145029	662.86133119372	2658.593302358573	-2364.005263619062	738.086098824759	2719.363472401396	-2290.461468820984	760.1701442687813	2644.16860200933	-2230.061038118605	502.450102323194	2733.021612550481	-2191.550747534883	501.897001553041	2608.279600972397	-2248.555901998886	258.0680134760168	2699.487559863167	-2296.227830997872	410.5926817413083	2734.733823553537	-2234.721957889689	362.594429108686	2625.279407206106	-2364.393540998513	103.7483325027639	2711.165683274204	-2325.815883331225	108.518004165039	2621.156097750138	-2209.525696762437	64.25360460082175	2655.096137569089	-2245.485700255741	61.84309938590486	2762.106534408241	-2429.939577904573	73.23933401034139	2656.41898820416	
287	2.34	-2245.561864154168	1385.112956353275	2511.891131267432	-2152.851922980398	1321.095525387556	2375.263932166242	-2152.58614701963	1249.884592452919	2513.44660874677	-2399.266091165947	891.9907802839925	2373.628239077209	-2384.406761330649	887.2710235038817	2638.549015039983	-2553.283897769633	977.1111753977179	2451.369325529137	-2531.841997464378	987.4187676637368	2570.466746978854	-2467.611923788068	826.9691246561064	2309.170661626556	-2491.092172980588	837.0717484836601	2693.451235530505	-2302.71555120019	773.2894897663814	2359.244821767063	-2473.97013815282	682.7938167812258	2354.523182936725	-2373.931271696482	753.7710348992907	2301.185932314418	-2229.656308355336	510.4401172260154	2280.302053145226	-2212.663004448204	503.5795150295156	2403.483802522228	-2326.36905430829	392.2727348304463	2281.708166060219	-2251.084858834889	245.7693329032406	2316.151821689747	-2251.381746334841	330.8859301400722	2387.590502137579	-2358.080239303876	108.0278706499788	2287.298593755684	-2326.888050828233	110.366535946441	2381.252397871832	-2200.007540810793	66.29994522427879	2349.062940239176	-2249.781554064936	54.71378141627656	2234.346671143463	-2421.123413094133	71.58144714400463	2346.571509645464	-2456.803519662294	666.1522598772342	2658.278507781422	-2362.032742020986	740.2886691189047	2719.119974251067	-2288.207139483855	761.5194719152324	2643.916140213176	-2230.68189837481	502.9861389835979	2732.478815258314	-2192.296855576899	502.1962274784002	2607.771018525526	-2248.94796465291	258.3930462408176	2699.247829101068	-2297.000167120818	410.9677506867544	2734.207732343071	-2235.365290921154	362.8712353042483	2624.866494001644	-2364.431702930355	103.8232038338705	2711.173984321055	-2325.818413245927	108.5385819393581	2621.155970003404	-2209.515065538779	64.26679269729259	2655.09324991358	-2245.493729434675	61.84136849446261	2762.100301077155	-2429.938608197161	73.26008446322599	2656.429376051437	
288	2.345	-2247.353120317882	1391.394114730067	2511.837618063216	-2154.767261924133	1328.231307478204	2374.820012835238	-2153.478526486026	1256.940128065857	2513.216199561645	-2396.694366561089	896.1842161995424	2373.552332679035	-2381.749000862458	891.726763847921	2638.471987736992	-2551.108378970581	980.6773148934971	2451.221383709752	-2529.765139767359	991.2072693308115	2570.301321560166	-2465.205387703416	830.1513026110177	2309.528330180391	-2488.430655503528	840.7242345135285	2692.851920503844	-2300.504675191522	774.5308046178574	2359.1125768584	-2472.632419934751	686.0233092376786	2354.76474419128	-2372.034495949906	755.8486932351248	2301.176928209668	-2230.398874743092	510.885646082359	2280.510696335054	-2213.432195419066	503.937488437878	2403.650086016667	-2327.162845677306	392.4730592999816	2281.908533488309	-2251.480673685867	246.0702212654993	2316.202568549774	-2252.002217911044	331.1634435714107	2387.68594763426	-2358.098175901453	108.0501637328852	2287.301110345907	-2326.885301580744	110.3972462337494	2381.227603448302	-2200.004420856705	66.31102167494424	2349.057106099551	-2249.775461650308	54.71119494854233	2234.340664501241	-2421.122739436436	71.60243379113187	2346.555984311414	-2455.567725968048	669.4535902340724	2657.974445190975	-2360.066662628471	742.489426401875	2718.880265346238	-2285.972172800868	762.8445807909335	2643.661066761012	-2231.351749115855	503.5349593132569	2731.950595463847	-2193.081352756387	502.5060477345218	2607.281387595444	-2249.36044464522	258.7297526436865	2699.020304925632	-2297.813354020026	411.3501610980994	2733.692923129675	-2236.035565304669	363.1626381084598	2624.469088327134	-2364.473205996241	103.8992603257545	2711.184738736664	-2325.820590327165	108.5617263847334	2621.160991132765	-2209.505896322023	64.2807741257551	2655.093786524043	-2245.500912823591	61.83813753022461	2762.097125870685	-2429.936679838727	73.28195690844021	2656.439900591818	
289	2.35	-2249.143215248669	1397.617264284135	2511.780328843115	-2156.705350123211	1335.314984431334	2374.372991900678	-2154.381296232515	1263.945040962498	2512.98057808106	-2394.093084465786	900.354994029781	2373.472906613117	-2379.068970345946	896.1565425571076	2638.389754727251	-2548.900525467784	984.2177905927438	2451.071260516671	-2527.663495321035	994.9711232211346	2570.132876693504	-2462.770842491715	833.3219802647295	2309.880654388394	-2485.746157849426	844.3681189914352	2692.260142312416	-2298.30129687436	775.747139695142	2358.98092137931	-2471.282350175471	689.249588941618	2354.997930186043	-2370.131710886528	757.9114508275817	2301.167642729728	-2231.171429786351	511.3383925096124	2280.723543103943	-2214.232124398566	504.3022819601206	2403.821501413979	-2327.982108602408	392.6766820813819	2282.112140784129	-2251.889588260696	246.380343910112	2316.252784958241	-2252.640407633262	331.4496172727175	2387.781796949726	-2358.116544996199	108.0729858269583	2287.302817273846	-2326.882328391862	110.428309127755	2381.200703732451	-2200.00072913748	66.32159169120642	2349.049929635255	-2249.769461697355	54.7075504251137	2234.333356580998	-2421.121285066439	71.62426995564779	2346.540197794333	-2454.335843039603	672.7631101088683	2657.680536039104	-2358.109104442588	744.6870071340878	2718.644091057241	-2283.759431485892	764.1449071830588	2643.402910782598	-2232.070581898696	504.0965509350283	2731.435907900204	-2193.90396654388	502.8266702499647	2606.809635947394	-2249.793635791974	259.0781877153131	2698.804772365429	-2298.667232147883	411.7397798417639	2733.188786760554	-2236.732749238106	363.4682557819557	2624.086614162331	-2364.518242316114	103.9762410472122	2711.197794232187	-2325.822749247317	108.5872388232162	2621.171572116752	-2209.498433427436	64.29552045813605	2655.097828243901	-2245.507171127792	61.83358622390371	2762.097121044047	-2429.933927863065	73.30471147010005	2656.450829628366	
290	2.355	-2250.929806986752	1403.777223168243	2511.718841799136	-2158.66483837442	1342.338769112879	2373.92239587212	-2155.293849283672	1270.893421830571	2512.740047786063	-2391.464746972072	904.5000027355674	2373.389433029054	-2376.369664782518	900.5558561183761	2638.302231783187	-2546.662792074188	987.7300821226086	2450.919149949249	-2525.539119085313	998.7070165543148	2569.961816787154	-2460.31109507465	836.4791136493893	2310.226480191885	-2483.042287955956	847.9996122219208	2691.677217782565	-2296.10816353424	776.9381543566179	2358.850535545206	-2469.921918640013	692.4708591111519	2355.22276398599	-2368.225073779477	759.9581470013404	2301.157952009705	-2231.974822614457	511.7982468577659	2280.940999057351	-2215.063385791445	504.6739201348074	2403.99856376908	-2328.827440404551	392.8836817801417	2282.319746893678	-2252.312494108739	246.6994538387134	2316.302481511885	-2253.296586843378	331.7441927878045	2387.878494613243	-2358.135745844416	108.0961287211762	2287.303204727049	-2326.879391026545	110.4597906511803	2381.171531941845	-2199.996743364631	66.33175522010322	2349.041344434244	-2249.763767735719	54.70279732153052	2234.324685590542	-2421.119299472543	71.64671007500463	2346.524116845192	-2453.109055391233	676.0785397536066	2657.396031327946	-2356.162076715286	746.8799431543525	2718.411065572408	-2281.571692495928	765.419996101982	2643.141073483068	-2232.838148249478	504.6708358881644	2730.933367098611	-2194.764441404213	503.1582357045339	2606.354266492565	-2250.247823538951	259.4383441019738	2698.600826153297	-2299.561492392759	412.1364248037294	2732.69443606083	-2237.456840171259	363.78758120451	2623.718199391069	-2364.567019354909	104.0538623106185	2711.212974426503	-2325.825245388297	108.6149147713082	2621.188065647756	-2209.492902903619	64.31101073986625	2655.10539356538	-2245.512468591043	61.8279075879992	2762.10033310123	-2429.930528405729	73.32808078678343	2656.462460526051	
291	2.36	-2252.710616115483	1409.86896219297	2511.652774490371	-2160.644302124047	1349.295035594498	2373.467826744222	-2156.215497207203	1277.779498773774	2512.494900013014	-2388.81190000955	908.6162017352916	2373.301441665728	-2373.653996929691	904.9204775618698	2638.209450346625	-2544.397678160755	991.2117167106207	2450.765270893155	-2523.393963412826	1002.411708011693	2569.788596499997	-2457.829009366982	839.6206875144799	2310.564715376357	-2480.322622993276	851.6150314606548	2691.104376196373	-2293.928089393577	778.10355341305	2358.722276009396	-2468.553170034164	695.6853154550494	2355.439431462481	-2366.316801962043	761.9876835585437	2301.147856373609	-2232.809831487281	512.2650809811856	2281.163625974862	-2215.926497482506	505.0523624061866	2404.18193082853	-2329.699384281909	393.094148364539	2282.532342054895	-2252.750292877982	247.0272517740325	2316.351735925427	-2253.970992957522	332.0467922457952	2387.976580829675	-2358.156200339014	108.1193872501603	2287.301792810149	-2326.876755915659	110.4917551653575	2381.139967683459	-2199.992762892422	66.34161617538328	2349.031312006794	-2249.758593166849	54.69690561086841	2234.314621027816	-2421.117049029977	71.66949237158111	2346.507713782723	-2451.888483742423	679.3975538471634	2657.120014114344	-2354.227505233644	749.0666646385681	2718.180670709101	-2279.411624066968	766.6695011172444	2642.874829443771	-2233.653979354322	505.2576697875636	2730.441257825663	-2195.66256989366	503.5008160679934	2605.913370285714	-2250.723279862477	259.8101496763112	2698.407869515429	-2300.495689489944	412.5398655228139	2732.208710756058	-2238.207872420443	364.1199868642063	2623.362683612288	-2364.619753859864	104.1318239170279	2711.230081628114	-2325.828445140175	108.6445466068339	2621.21075139712	-2209.489504924404	64.32722786815764	2655.116436629269	-2245.516811031007	61.82130323822931	2762.106741407048	-2429.926695923226	73.35177807040903	2656.475110333063	
292	2.365	-2254.483471814443	1415.887617888911	2511.581792240363	-2162.642225064552	1356.176381963541	2373.008987551759	-2157.1454922907	1284.597655007454	2512.245419665565	-2386.137091383313	912.7006005224888	2373.208518331169	-2370.924756396428	909.246484010364	2638.111552388177	-2542.107688202652	994.6602550947437	2450.609854207606	-2521.229847672203	1006.082036582114	2569.613703167935	-2455.327471241216	842.7446843707058	2310.894342433547	-2477.59066708249	855.21082187372	2690.54274188884	-2291.763913693474	779.2430737050505	2358.597131994458	-2467.178161601044	698.8911276126715	2355.648294326982	-2364.409153703024	763.9990026651674	2301.137473352664	-2233.677144918872	512.7387460931961	2281.392141301909	-2216.821881243569	505.4375030458054	2404.372395642833	-2330.598407910896	393.3081726073017	2282.751124885725	-2253.203870155246	247.36339183736	2316.400698706608	-2254.663822439062	332.3569197999861	2388.076680987069	-2358.178340070232	108.1425651581691	2287.298147259248	-2326.874688774537	110.5242606482385	2381.105940251849	-2199.989097295468	66.35127747831648	2349.019823814306	-2249.754142773726	54.68986853665086	2234.303159996656	-2421.114807340902	71.69234677463386	2346.490966217878	-2450.675177733242	682.7178057235949	2656.851404843313	-2352.307217380865	751.2455081640147	2717.95225774391	-2277.281762119408	767.8931823487895	2642.603329828197	-2234.517409993465	505.8568435193641	2729.957551321168	-2196.598222790105	503.8544158801991	2605.484647171881	-2251.220256528493	260.1934682252964	2698.225115494918	-2301.469259003023	412.9498256170027	2731.730186901907	-2238.985922520525	364.4647328001197	2623.018631505678	-2364.676663547453	104.2098166824177	2711.248900129048	-2325.832715588899	108.675925030833	2621.239822955985	-2209.4884061736	64.34415447454904	2655.130846970737	-2245.520241843594	61.81397873217677	2762.116259006212	-2429.922678760165	73.37550662747981	2656.489104196989	
293	2.37	-2256.246357585556	1421.828505414295	2511.50561481835	-2164.656983664337	1362.975690382347	2372.545703630668	-2158.083054366329	1291.342445807047	2511.99189211388	-2383.442826982952	916.7502371145547	2373.110302575906	-2368.184572239346	913.5302742621047	2638.008782599939	-2539.795291226116	998.0732762307796	2450.453128807887	-2519.048431452712	1009.714928055664	2569.437636614904	-2452.809352114589	845.8490530948288	2311.214429689369	-2474.84980971878	858.7835732641589	2689.993317630773	-2289.618455111898	780.3564697865875	2358.476178290956	-2465.79891835424	702.0864232453268	2355.849901948434	-2362.504406881545	765.9910641684688	2301.127027112908	-2234.577346887677	513.2190711878545	2281.627415691403	-2217.749847205732	505.8291735670846	2404.570877217401	-2331.524884870326	393.5258341423835	2282.977470930105	-2253.674069224535	247.7074885194676	2316.449597481806	-2255.37522677644	332.6739675416116	2388.179494879892	-2358.20259245985	108.1654807663089	2287.291894418959	-2326.873446888838	110.5573537840569	2381.069430843039	-2199.986054058874	66.36083606651079	2349.006902825246	-2249.750603931337	54.68170482192715	2234.29032267801	-2421.112845208744	71.71500341927891	2346.473856682666	-2449.470106380293	686.0369528970925	2656.588969352872	-2350.402926045494	753.4147297860593	2717.725052695435	-2275.184486399391	769.0909022025186	2642.325608101629	-2235.427606198519	506.4680873975743	2729.479927674522	-2197.571377327698	504.2189761908028	2605.065434249596	-2251.738977471284	260.5881033625739	2698.051591066659	-2302.481537578723	413.3659868149352	2731.257191401766	-2239.791112689259	364.8209776085238	2622.6843518779	-2364.737956974375	104.287530950432	2711.269200043332	-2325.838413574456	108.7088397089067	2621.275376807803	-2209.489732737342	64.36176855032866	2655.148451193428	-2245.522836282254	61.80613902832576	2762.12873549845	-2429.918753161984	73.39897048724009	2656.504762538118	
294	2.375	-2257.997455410592	1427.687131413976	2511.424020980663	-2166.686833964973	1369.686183145671	2372.077938445698	-2159.027401207083	1298.008614751172	2511.734610513517	-2380.731526006006	920.762156618575	2373.006484580485	-2365.435879612455	917.7685758463831	2637.901478475515	-2537.46287967034	1001.448361706646	2450.295307384252	-2516.851191709437	1013.307399142633	2569.2608871968	-2450.277471747429	848.9316792087702	2311.524140416404	-2472.103285132608	862.3300326746626	2689.456969064822	-2287.494464244257	781.4434991793082	2358.360527142351	-2464.417387474151	705.2692762589642	2356.045001323067	-2360.604835878142	767.9628236587059	2301.116834793485	-2235.510907264014	513.7058620321127	2281.870468691757	-2218.710583975001	506.2271475658997	2404.778409526362	-2332.479080308376	393.7471883749275	2283.212894008137	-2254.161665904143	248.0591245950719	2316.498739487318	-2256.105312275058	332.9972257282515	2388.285786240524	-2358.22936666749	108.1879721137586	2287.282734949627	-2326.873271496891	110.5910650854554	2381.030473592341	-2199.983925909811	66.37037805445547	2348.992604383243	-2249.748137974306	54.67246017273149	2234.276147505801	-2421.111420758418	71.73720128709783	2346.456372236306	-2448.27414620526	689.3526827861809	2656.331329259426	-2348.516212597303	755.5725226153462	2717.498165256823	-2273.121996724477	770.2626185364309	2642.040588932256	-2236.383596114888	507.0910774844222	2729.005804484895	-2198.582142616555	504.5943809113063	2604.652742160688	-2252.279631155894	260.9938055409279	2697.886144314011	-2303.53178609321	413.7879942573758	2730.787822060097	-2240.623612929928	365.1877924279889	2622.357922298409	-2364.803822177072	104.3646657225373	2711.290741628845	-2325.845874181071	108.7430795470493	2621.317403617122	-2209.493564075546	64.38003924154521	2655.169016582788	-2245.524694414456	61.79798417082402	2762.143961718694	-2429.915215907766	73.42188567289061	2656.522387584218	
295	2.38	-2259.735187159522	1433.459206838467	2511.336850592247	-2168.729901980168	1376.30147368413	2371.605803153958	-2159.977781259489	1304.591109259142	2511.473882839562	-2378.005476099657	924.7333912312411	2372.896801293329	-2362.680890448826	921.9584416353375	2637.790059175195	-2535.112728235063	1004.783080832034	2450.136572447704	-2514.639404097233	1016.856559287629	2569.083913042802	-2447.734560882438	851.9903588839592	2311.822739754465	-2469.354132880692	865.8471130003722	2688.934410460728	-2285.39457595298	782.5039076900187	2358.251280969013	-2463.035393466448	708.4377004445744	2356.234544537851	-2358.712687211379	769.9132125167882	2301.107290401403	-2236.478178380796	514.1989006469624	2282.122462611112	-2219.704155769346	506.6311477292358	2404.996129163238	-2333.461142103389	393.9722525510904	2283.45900205937	-2254.66734560704	248.4178596431258	2316.548511802548	-2256.854144312388	333.325896826141	2388.396373083496	-2358.259040002377	108.2099012327958	2287.270455762563	-2326.874380725409	110.6254042678599	2380.989155390595	-2199.982978355491	66.37997426986146	2348.977016212731	-2249.746872208555	54.66220795539486	2234.260686539416	-2421.1107702066	71.75869652010144	2346.438504089899	-2447.088067260963	692.6627374592524	2656.076974302844	-2346.648509355675	757.7170379453037	2717.270601287458	-2271.096289665405	771.4083751063695	2641.747100875363	-2237.384303539573	507.7254435228668	2728.532371769388	-2199.630781347586	504.9804651683577	2604.243299019445	-2252.842363787766	261.4102816946085	2697.727454948578	-2304.619215175416	414.2154625895127	2730.319973450659	-2241.483642396926	365.5641775833598	2622.037219003186	-2364.874414772744	104.4409379831446	2711.313279966706	-2325.855398932994	108.7784330043886	2621.365782149358	-2209.499928615247	64.39892335910443	2655.192256488544	-2245.525933208259	61.78970532784423	2762.161675922971	-2429.912375800603	73.44399155532646	2656.542249975138	
296	2.385	-2261.45825213662	1439.14065959251	2511.244004184013	-2170.784178884542	1382.815611674107	2371.129559422144	-2160.933507343279	1311.085095365609	2511.210038035222	-2375.266789367729	928.6609429925865	2372.781031841096	-2359.921567887162	926.0972365717029	2637.675014119332	-2532.746953377365	1008.074977360847	2449.977063385421	-2512.414128652841	1020.359610346818	2568.907117537612	-2445.183224377648	855.0227785100798	2312.109599366797	-2466.605160094617	869.3318977258141	2688.426192068112	-2283.32126333992	783.5374152501239	2358.149487677499	-2461.654595667777	711.5896494899255	2356.41969307524	-2356.830154525963	771.8411210370889	2301.098847001139	-2237.479398372989	514.697945121362	2282.384694495713	-2220.730507611152	507.0408545677954	2405.22526182431	-2334.471098444547	394.2009913661058	2283.717449363924	-2255.1916837859	248.7832387900931	2316.599379150615	-2257.621756392327	333.6591125774812	2388.51211919143	-2358.291945543536	108.2311572367082	2287.254939726784	-2326.876963505476	110.6603560771275	2380.945614489079	-2199.983437986359	66.38967639961628	2348.960257452894	-2249.746893016484	54.65104894428787	2234.244001406158	-2421.111099720104	71.77926994439844	2346.420247276627	-2445.912517591575	695.9649362724625	2655.824276119064	-2344.801082201737	759.8464086302341	2717.041278517808	-2269.109135978763	772.5282893298051	2641.443893248147	-2238.428583559613	508.3707777176943	2728.056632907375	-2200.717726925389	505.3770250962266	2603.833601560279	-2253.427274120662	261.8372067080407	2697.574048416475	-2305.743012403466	414.6479822578731	2729.851368690654	-2242.371470673126	365.9490813417387	2621.719951517449	-2364.94984628664	104.5160917544563	2711.336569815494	-2325.867244238692	108.8146887174743	2621.420276189534	-2209.508801370692	64.41836312369706	2655.217837159078	-2245.5266782184	61.78148132209724	2762.181571162492	-2429.910544300874	73.46506166584065	2656.564576183778	
297	2.39	-2263.165659730043	1444.72764670911	2511.145439917048	-2172.847521891	1389.223121621496	2370.649615379165	-2161.893989851233	1317.485971634891	2510.943430775418	-2372.517360247469	932.5417705781958	2372.658992182158	-2357.159604203616	930.1826153983277	2637.55689201589	-2530.36747425705	1011.321558725431	2449.816865149171	-2510.176199925091	1023.813844390081	2568.730828104039	-2442.625905507595	858.0265013261745	2312.384199850064	-2463.858905994049	872.7816418721966	2687.932689376163	-2281.276794944377	784.543702675467	2358.056099973348	-2460.276449600362	714.723023850407	2356.601818336856	-2354.959353578528	773.7453854943868	2301.091997964477	-2238.514701520614	515.2027295585267	2282.658586030713	-2221.789479123581	507.4559162773413	2405.467107697079	-2335.508862305666	394.4333025511259	2283.989887101194	-2255.7351309555	249.1548011896314	2316.651879457388	-2258.408163909985	333.9959531275344	2388.633926817019	-2358.328361587945	108.2516579548978	2287.236172754448	-2326.881174814383	110.6958767473603	2380.900037957927	-2199.985482061484	66.39951394832684	2348.94247667567	-2249.748240424463	54.63911005221536	2234.226160041844	-2421.112578710496	71.79873338457577	2346.401600395432	-2444.748006973442	699.2571954284053	2655.57150284376	-2342.975014183563	761.9587731978921	2716.809044926176	-2267.162059148561	773.6225375717563	2641.129657366306	-2239.515259625437	509.0266435090685	2727.575451208631	-2201.843595257895	505.7838283836307	2603.419972832848	-2254.03441041617	262.2742356854442	2697.424313715451	-2306.902370255633	415.0851253798933	2729.37959700641	-2243.287419549389	366.3414200571441	2621.403701266306	-2365.030173503909	104.5899063828995	2711.360370395437	-2325.881610821954	108.851636568813	2621.480534815004	-2209.520103767706	64.43828550012049	2655.245385619562	-2245.527055347658	61.77347576300924	2762.203303515018	-2429.910025634063	73.4849133282828	2656.589537462389	
298	2.395	-2264.856756226075	1450.216565572913	2511.041168021	-2174.917661338885	1395.519034473183	2370.166514967424	-2162.858767936766	1323.789382086927	2510.674444437982	-2369.758826363528	936.3727812847621	2372.530528952957	-2354.396402241375	934.2124925398568	2637.436290696554	-2527.975976097377	1014.52028852998	2449.655999102939	-2507.926221636778	1027.216639961746	2568.555277290406	-2440.064852153047	860.9989621750327	2312.646130994732	-2461.117609461748	876.1937692114553	2687.454094617838	-2279.263196565335	785.5223996946564	2357.971939716545	-2458.902173553771	717.8356844219138	2356.782497811061	-2353.102297884654	775.6247797567783	2301.087258006634	-2239.584135373136	515.7129639538841	2282.945671007461	-2222.880826876864	507.875959047104	2405.723025655463	-2336.574242767303	394.6690029252861	2284.277914198568	-2256.298003445751	249.532087665112	2316.70661769393	-2259.213382089471	334.3354671851646	2388.76273038484	-2358.368503428496	108.2713499385131	2287.214247959721	-2326.887132474777	110.73189124069	2380.852658111813	-2199.989229826037	66.40949215399648	2348.923848895447	-2249.750904407883	54.62654197449406	2234.207234322623	-2421.11533482086	71.81693443330703	2346.382565468231	-2443.594891055194	702.5375436795554	2655.316833968048	-2341.171191103721	764.0522990966419	2716.572699131509	-2265.256315495894	774.6913382494895	2640.803052125786	-2240.6431612634	509.6925835305252	2727.085601459619	-2203.00919056121	506.2006248127508	2602.998625534591	-2254.663769849622	262.7210159368323	2697.276524843633	-2308.096513719591	415.5264505713815	2728.902156746049	-2244.231865748579	366.7400988732095	2621.085963336476	-2365.115389627584	104.6622035491192	2711.38444981049	-2325.898634908453	108.8890692109562	2621.546096249958	-2209.533705603303	64.45860323587678	2655.274498155098	-2245.527183162122	61.76583482141983	2762.226500826563	-2429.911106759115	73.5034155028012	2656.617240916791	
299	2.4	-2266.531244949466	1455.604063583176	2510.931242867495	-2176.992214109414	1401.698911957273	2369.680921344936	-2163.827537172353	1329.99122796702	2510.403491975841	-2366.992533615715	940.1508291005033	2372.395512532525	-2351.633060621051	938.1850055400223	2637.313847850579	-2525.573877096091	1017.66858288889	2449.494416443854	-2505.6645659847	1030.56545718655	2568.380587072728	-2437.502085680794	863.9374709507449	2312.895090062889	-2458.38318065293	879.5658657714259	2686.990410868427	-2277.282218882558	786.4730745566716	2357.897668016889	-2457.532721617474	720.9254724081136	2356.963506373543	-2351.260875693264	777.478011758118	2301.085144644584	-2240.687683940414	516.2283338492343	2283.247579831297	-2224.004254555759	508.3005971197315	2405.994415970941	-2337.666962623459	394.9078154259864	2284.58303033949	-2256.880480829212	249.9146469448622	2316.764258707275	-2260.037447147005	334.6766922070113	2388.899490712175	-2358.412517822496	108.2902067748224	2287.189366696832	-2326.894915612934	110.7682913898118	2380.803748059198	-2199.994735921887	66.41959093818286	2348.904571617906	-2249.754823119417	54.6135157037937	2234.187298581093	-2421.119450761948	71.83375945329396	2346.363147965851	-2442.453357200303	705.8041335714971	2655.058374983029	-2339.390290152619	766.1252035269538	2716.331012144353	-2263.392876437986	775.7349330605789	2640.462733781665	-2241.811161469443	510.3681260954136	2726.58382556787	-2204.215504687545	506.6271560081955	2602.565729865778	-2255.315300353538	263.1771976870116	2697.128865539531	-2309.32472636595	415.9715061899182	2728.416503241819	-2245.205244784773	367.1440321134176	2620.764190508783	-2365.205417938475	104.7328525266852	2711.408588822156	-2325.918381806378	108.9267839614757	2621.616395295988	-2209.549428884701	64.47921747374687	2655.304748989026	-2245.527166220732	61.75868560364439	2762.250771608285	-2429.914047635305	73.52049431065129	2656.647723144255	
300	2.405	-2268.189198974606	1460.887045574102	2510.815752951013	-2179.068703079991	1407.758863438512	2369.193595346389	-2164.800172188242	1336.087678141094	2510.131014508455	-2364.219506919194	943.8727193769719	2372.253829517276	-2348.870363285428	942.098473685244	2637.190232530396	-2523.162300166313	1020.76381102548	2449.33199450663	-2503.391377737174	1033.85783215766	2568.206757170726	-2434.939373419732	866.8392248015188	2313.130878308451	-2455.657177756708	882.8956696420051	2686.541449087542	-2275.335311825847	787.3952254909783	2357.833761515743	-2456.168764197027	723.9902342723534	2357.146802296944	-2349.436828940336	779.3037248612233	2301.086160603431	-2241.825295738521	516.7484996883325	2283.566020415017	-2225.159449522484	508.7294419520438	2406.282701086291	-2338.786681228759	395.1493576381397	2284.906592809092	-2257.482610524471	250.3020400401802	2316.8255196935	-2260.8804393672	335.0186736626783	2389.04518906711	-2358.460480352634	108.3082257788884	2287.161836401187	-2326.904564746069	110.8049350233466	2380.753616564317	-2200.001986142674	66.42976491005922	2348.884860013161	-2249.759883144886	54.60021791413108	2234.166428944685	-2421.124963044599	71.84913471479257	2346.343357060166	-2441.323413393859	709.05524776088	2654.794171546213	-2337.632772667877	768.1757704997287	2716.08274993029	-2261.57241357718	776.7535666158324	2640.107389640996	-2243.018212626396	511.052789756468	2726.066891233807	-2205.463709617028	507.0631636516566	2602.117484638065	-2255.988904589134	263.6424426885564	2696.979456722821	-2310.58637365911	416.4198315770374	2727.920100672843	-2246.208055786779	367.5521625091804	2620.435838653881	-2365.300108495872	104.8017733033016	2711.432583760623	-2325.940842304052	108.9645849088417	2621.690774048241	-2209.567053199083	64.50002159184953	2655.33569883362	-2245.527089819568	61.75213501438905	2762.275713747377	-2429.919072244354	73.53613582605747	2656.680946659764	
301	2.41	-2269.831065710142	1466.062678312768	2510.6948091874	-2181.144581931944	1413.695555090016	2368.705370292872	-2165.776742871519	1342.075177850681	2509.857477596827	-2361.440428150497	947.5352201753203	2372.105375023415	-2346.108774158289	945.9513536032656	2637.066137146962	-2520.742050903694	1023.803300372046	2449.168536168119	-2501.106583376989	1037.09137108799	2568.03365803558	-2432.378205745757	869.7013286496307	2313.353396004233	-2452.940790136317	886.1810571251539	2686.10682844388	-2273.423606416963	788.2882742666155	2357.780495121691	-2454.810676831836	727.02785024219	2357.334507658913	-2347.631734805279	781.1005038894513	2301.090777595513	-2242.996915009032	517.2730958957663	2283.902754760815	-2226.346123667466	509.1621099162975	2406.58930391766	-2339.933021114804	395.3931323407506	2285.249778534066	-2258.104319414608	250.69384253361	2316.891162660188	-2261.742506463004	335.3604825543628	2389.200820246691	-2358.512395716846	108.3254232652468	2287.132065254422	-2326.916083350813	110.8416461114625	2380.702602423602	-2200.010895665555	66.4399444057906	2348.864941340429	-2249.765921815238	54.58684527823387	2234.144703413237	-2421.131862545044	71.86302569755578	2346.323206136386	-2440.204881493912	712.2893000808824	2654.522223140681	-2335.89888205698	770.2023630843323	2715.826696405012	-2259.795287356259	777.7474647908545	2639.735775201986	-2244.263379565157	511.7460856784961	2725.531652460016	-2206.755142846315	507.5083955076029	2601.650190274653	-2256.684445514935	264.1164301037874	2696.826385889074	-2311.880922270448	416.870956049282	2727.410476860347	-2247.240866672933	367.9634784937355	2620.098412538038	-2365.399238220686	104.8689373113792	2711.456248458774	-2325.965932082347	109.0022850165258	2621.768495348222	-2209.586322247868	64.52090574515378	2655.366903121334	-2245.527016444747	61.74626897136829	2762.300922734476	-2429.926360783978	73.55038587024862	2656.716799120187	
302	2.415	-2271.45766270096	1471.128391475732	2510.568532092683	-2183.217264236739	1419.506211140547	2368.217124629249	-2166.757522838775	1347.950455526441	2509.583365320248	-2358.655622938798	951.1350798725326	2371.950045488823	-2343.348437902362	949.7421936764767	2636.942269609546	-2518.313603261935	1026.784346230247	2449.003772468177	-2498.809905669989	1040.263744723443	2567.861028976332	-2429.819778884269	872.5208231139128	2313.562636268726	-2450.234829145551	889.4200253672271	2685.685980243718	-2271.547904580658	789.1515621124391	2357.737931299836	-2453.458537911464	730.0362645169865	2357.528882972595	-2345.846990464251	782.8668853933789	2301.099421809802	-2244.202514018666	517.8017297864498	2284.259570601261	-2227.564055806246	509.5982281102883	2406.915623177776	-2341.105596543198	395.6385205864942	2285.613552253808	-2258.745431555795	251.089644799803	2316.961986746026	-2262.623885354723	335.7012305307716	2389.367383781848	-2358.568200828823	108.3418287259675	2287.10055375305	-2326.929440677944	110.8782159410504	2380.651068539722	-2200.021309785139	66.4500375193231	2348.845048792077	-2249.772731527741	54.57359787320328	2234.122202575767	-2421.140096749868	71.87543470175645	2346.302713551554	-2439.097395901953	715.5048311762044	2654.240496439917	-2334.188647788779	772.2034302079483	2715.561676632787	-2258.061540038875	778.7168122473337	2639.346754044509	-2245.545868192072	512.4475177092427	2724.975110661577	-2208.091285455169	507.9626087392611	2601.160322304967	-2257.401752913122	264.5988591945457	2696.667737688067	-2313.207954174349	417.3243955750157	2726.88527975749	-2248.304318614161	368.377028915337	2619.74951102414	-2365.502514507011	104.9343656625657	2711.479415163828	-2325.993494150265	109.0397079893395	2621.848758259618	-2209.606951198919	64.54176145842034	2655.397919858577	-2245.526984085135	61.74115185041818	2762.325999177469	-2429.936043356759	73.56334672994679	2656.755095183935	
303	2.42	-2273.07016403179	1476.081874650223	2510.437038544344	-2185.28415537206	1425.188606888613	2367.729753965189	-2167.742989092935	1353.710527323921	2509.309172428606	-2355.865057975092	954.6690501287358	2371.787732849879	-2340.589187974685	953.4695890306132	2636.819345329935	-2515.877094461454	1029.704225862203	2448.837368453152	-2496.50088419745	1043.372683499776	2567.688481662242	-2427.264984628991	875.2947184878694	2313.758678017262	-2447.539727949267	892.6106717584934	2685.278155753335	-2269.708677202656	789.9843483231043	2357.705915826346	-2452.112135656599	733.0135151364201	2357.732296010528	-2344.083801619103	784.6013715575286	2301.112461355186	-2245.442124022562	518.3339804567942	2284.638247649475	-2228.81313235406	510.037437992976	2407.26300534316	-2342.304041893125	395.8847778225334	2285.998641316085	-2259.405690374689	251.4890503888487	2317.038819806767	-2263.524920397094	336.0400821383955	2389.545872374895	-2358.627770481896	108.3574783377281	2287.067883294632	-2326.944575527488	110.9144053250254	2380.599395828452	-2200.03300709607	66.45993305208559	2348.825414951886	-2249.780065950635	54.56067193271993	2234.099010822848	-2421.149573468647	71.88639701105438	2346.281903566568	-2438.000408445366	718.7004986709944	2653.946938814465	-2332.501896116313	774.1775077958777	2715.286580141616	-2256.370893782138	779.6617297939709	2638.939339536856	-2246.865047985889	513.1565801264926	2724.394475151532	-2209.473732644447	508.425570164507	2600.644603957658	-2258.14063020838	265.0894485452046	2696.501625009451	-2314.567174380631	417.7796472616506	2726.342334265357	-2249.399128352219	368.7919346792278	2619.386870611354	-2365.609582329039	104.9981249215285	2711.50193440201	-2326.02330417176	109.0766896792761	2621.93071481143	-2209.628634537705	64.56248559496778	2655.428317127451	-2245.527006399027	61.73682607608342	2762.350555443955	-2429.9481953708	73.57517094448363	2656.795580741118	
304	2.425	-2274.670076771988	1480.921070086813	2510.300428921311	-2187.342685492824	1430.741053116072	2367.244144116873	-2168.733812028518	1359.352698988528	2509.035394997871	-2353.068350486628	958.1339129305921	2371.6183210021	-2337.830563369759	957.1321386639243	2636.698078962686	-2513.432330649417	1032.560216688119	2448.668932148316	-2494.178902523865	1046.415973880019	2567.515509001372	-2424.714408264433	878.0200330712657	2313.941678397455	-2444.855551664255	895.7511705538067	2684.882438157965	-2267.906070531837	790.7858119399883	2357.684079731806	-2450.770984483387	735.9577614023555	2357.947184948618	-2342.343175377511	786.3024470398784	2301.130195781559	-2246.715862262611	518.8693977918929	2285.040518294808	-2230.093382669617	510.4793967036699	2407.632713096989	-2343.528037629881	396.131033533583	2286.40551719162	-2260.084783319654	251.8916728948368	2317.122508423143	-2264.446076124365	336.3762639626735	2389.737256785881	-2358.690925230106	108.372408275087	2287.034701939613	-2326.961400677703	110.9499478587529	2380.547977031762	-2200.045705013616	66.46950427791901	2348.806265075417	-2249.787647901328	54.54825229728587	2234.075217843341	-2421.16016576931	71.89597592398665	2346.260807327661	-2436.91319996326	721.8750619365449	2653.639492614004	-2330.838267866525	776.123214462821	2715.000384410416	-2254.722754567093	780.5822524835777	2638.512737191536	-2248.220466657424	513.8727531325646	2723.787221817304	-2210.904156522159	508.8970532982647	2600.100076468676	-2258.900860912687	265.58793174914	2696.326220076376	-2315.95841130098	418.2361819698365	2725.779697901015	-2250.526086714478	369.2073969996374	2619.008406292262	-2365.720034628268	105.0603205880428	2711.523673789944	-2326.055078452071	109.1130788632566	2622.013487318904	-2209.651054122995	64.58298312733142	2655.457680272847	-2245.52707458612	61.73331180483915	2762.374221335931	-2429.962834777699	73.58605252434768	2656.837939218296	
305	2.43	-2276.259206987462	1485.644161122613	2510.158775448082	-2189.390341550364	1436.162371518156	2366.761146709067	-2169.730835247807	1364.874564582046	2508.762520148373	-2350.264791427116	961.5265102080692	2371.441685281526	-2335.071835519621	960.7284060444888	2636.57917590647	-2510.978804775516	1035.349618063424	2448.49802648108	-2491.84322271036	1049.3914562246	2567.341499175249	-2422.168336056134	880.6938339113134	2314.111865085754	-2442.18201907908	898.8397473374548	2684.497758836875	-2266.139920903051	791.5550569088468	2357.671847011774	-2449.434350631688	738.86730678858	2358.176016127527	-2340.625918054072	787.9685979666021	2301.152847672747	-2248.023952282084	519.4075016542927	2285.46802296045	-2231.405005363425	510.9237760427574	2408.025890337089	-2344.777331573222	396.3762948387977	2286.834383482184	-2260.782366765855	252.2971316101669	2317.213905492884	-2265.387942754682	336.7090705948974	2389.942466630188	-2358.757441064419	108.3866483149685	2287.001707587417	-2326.979807667257	110.984554237818	2380.49721045196	-2200.059067468274	66.47861340226601	2348.787810414152	-2249.795178605125	54.53650496706929	2234.050920147508	-2421.171717870264	71.90425700995712	2346.239463748437	-2435.834898794316	725.0273615782044	2653.316111030582	-2329.19724328758	778.0392423326647	2714.702178655401	-2253.116222732594	781.4783095031966	2638.066386293442	-2249.611855355242	514.5954963003354	2723.151148862907	-2212.384260877016	509.3768322382043	2599.524165739449	-2259.682213994477	266.0940496892717	2696.13978525609	-2317.38160892723	418.6934355758819	2725.195713768521	-2251.686051600373	369.6227021227936	2618.612248865288	-2365.833425563229	105.1210885869194	2711.544515858185	-2326.088484271781	109.1487373168071	2622.096185730187	-2209.673887179453	64.60316834553107	2655.485618782556	-2245.527160711583	61.73060667535586	2762.396648754851	-2429.979921206051	73.59621613007899	2656.881799684801	
306	2.435	-2277.839614977815	1490.249556383629	2510.01211253576	-2191.424696255664	1441.451860819124	2366.281558783031	-2170.735044974856	1370.274001543398	2508.491015471098	-2347.453383748024	964.8437744598443	2371.257695409038	-2332.312046713692	964.256884309137	2636.46332371877	-2508.515728032792	1038.069775903112	2448.324183884021	-2489.493027761616	1052.297024399317	2567.16575442095	-2419.626773705448	883.3132778995479	2314.269528794454	-2439.518537087736	901.8746521166997	2684.122918053041	-2264.409777693085	792.291121062647	2357.668447602577	-2448.101286744816	741.7406153936621	2358.421236919034	-2338.932638438546	789.5983322604091	2301.180556207385	-2249.366734873269	519.9477812292937	2285.922260777256	-2232.748382026426	511.3702591928191	2408.443524124692	-2346.051753264601	396.619454414639	2287.285169959347	-2261.498088986511	252.7050462026725	2317.313854762568	-2266.351232953707	337.0378675084308	2390.162366907986	-2358.827060398366	108.4002161822867	2286.969628924264	-2326.999671661975	111.0179176321208	2380.447493575676	-2200.072714549464	66.48711659125266	2348.770241825126	-2249.802347977329	54.52557015186462	2234.026222378937	-2421.184051702967	71.91134195226051	2346.217920157239	-2434.764506089324	728.15629377626	2652.974776487705	-2327.578173628342	779.9243438281106	2714.391187939017	-2251.550110807118	782.3497069690319	2637.599999265754	-2251.039122954083	515.3242403083788	2722.484428582422	-2213.915727639077	509.8646726542379	2598.914744015417	-2260.484447375345	266.6075397239537	2695.940703470331	-2318.836810173261	419.1507996053214	2724.589059263161	-2252.879933770214	370.0372225573979	2618.196778117155	-2365.949285997727	105.1805851804951	2711.564355074847	-2326.123152171106	109.1835392169414	2622.177924608968	-2209.696813998991	64.62296440637287	2655.511772837708	-2245.527222169908	61.72868563895651	2762.417515379577	-2429.999356995429	73.60590483542749	2656.926746523334	
307	2.44	-2279.413559586984	1494.735870057251	2509.860429830893	-2193.443431946743	1446.609253365591	2365.806107622549	-2171.747529195116	1375.549161527794	2508.221318847381	-2344.632896828938	968.0827588639415	2371.066222018781	-2329.55006112697	967.7159670388622	2636.351183706688	-2506.042076004288	1040.718109239481	2448.146923185118	-2487.127472306412	1055.130627134806	2566.98751399893	-2417.089477112606	885.8756511833085	2314.415016255794	-2436.86424874379	904.8541319842919	2683.756610041714	-2262.714934379632	792.9929891899789	2357.672935077034	-2446.770674938724	744.5763201749758	2358.685224380733	-2337.263757029298	791.190200448522	2301.213372542823	-2250.744667145989	520.4896944185543	2286.404536662319	-2234.124075238846	511.8185353455329	2408.886404255746	-2347.351219403257	396.8593030438226	2287.757532013532	-2262.23160908912	253.1150306273374	2317.423171933904	-2267.33676865487	337.3620910614691	2390.397730494496	-2358.899503824186	108.4131130152438	2286.939204642903	-2327.020856190023	111.0497200724488	2380.399216531451	-2200.086233809922	66.4948694296813	2348.753723919282	-2249.808845537179	54.51555614847868	2234.001238258804	-2421.196973840293	71.91734232028492	2346.196232622577	-2433.700927627873	731.2607796173702	2652.6135225767	-2325.98031884792	781.7773154091841	2714.06679733599	-2250.022969233059	783.1961146911005	2637.113597170679	-2252.502338146624	516.0583773601131	2721.785654273956	-2215.500154715745	510.360320314296	2598.270185322437	-2261.307308649844	267.1281222511968	2695.727508183301	-2320.324130902559	419.6076121187795	2723.958788987356	-2254.108673894724	370.450414998726	2617.760651622394	-2366.067140430627	105.2389757992806	2711.583094378451	-2326.158689679548	109.2173700110744	2622.2578395006	-2209.719525174648	64.64230140503217	2655.535819482485	-2245.527206949829	61.72750093777599	2762.436527456433	-2430.020990085303	73.61536714176293	2656.972330431046	
308	2.445	-2280.983431693317	1499.101898697005	2509.703668561579	-2195.444357551519	1451.634662165276	2365.335441646919	-2172.769427016104	1380.698456452199	2507.953829364643	-2341.801937752572	971.2406654610957	2370.867146587791	-2326.784629177467	971.1039253685379	2636.243383009943	-2503.556650334066	1043.292137684432	2447.965768257568	-2484.745741455234	1057.890270976306	2566.805980652594	-2414.555996623096	888.3784049654095	2314.548723822456	-2434.218095481219	907.7764044391249	2683.397452326282	-2261.054467502302	793.6596103644766	2357.684208458987	-2445.441277763219	747.3732214583116	2358.970230554285	-2335.619521652225	792.7428160722299	2301.251256876412	-2252.158307521363	521.0326671139619	2286.915906257093	-2235.532808342674	512.2682924705746	2409.355081454475	-2348.675728577748	397.0945469763042	2288.250854820168	-2262.982609947654	253.5266865082365	2317.542622291219	-2268.345457040421	337.6812459926311	2390.649207223346	-2358.974482066998	108.4253202271177	2286.911161584664	-2327.043217587883	111.0796397572531	2380.35275533246	-2200.099192889718	66.50173261513173	2348.738389988569	-2249.81437154813	54.5065342990207	2233.976091088879	-2421.210282485227	71.92237357821207	2346.174465926867	-2432.643011620272	734.3397295605744	2652.230460536588	-2324.402890620718	783.5969792798986	2713.728575538984	-2248.533120407034	784.0170578569375	2636.607539779347	-2254.001698272135	516.7972506523548	2721.053881584114	-2217.138984950823	510.863487696915	2597.589413505875	-2262.150532087199	267.6554852680783	2695.498912958252	-2321.843724359603	420.0631498074281	2723.304370470577	-2255.37320951832	370.8618152402094	2617.30282921462	-2366.186524449618	105.2964233285337	2711.600641603893	-2326.194695875695	109.2501249670725	2622.335102510454	-2209.741728240975	64.66111339627477	2655.557478312001	-2245.527059351498	61.72698234906123	2762.453421868541	-2430.044618665549	73.62484393546571	2657.018080476157	
309	2.45	-2282.551677314324	1503.346595176851	2509.541721624044	-2197.425417196396	1456.528518557163	2364.870127756777	-2173.801869146568	1385.720539165763	2507.688900028278	-2338.959039619261	974.3148701639631	2370.660374314503	-2324.014465524359	974.4188918681557	2636.140507438454	-2501.058156309041	1045.789508749478	2447.780267790422	-2482.347117478172	1060.574024551782	2566.620349746388	-2412.025735629544	890.819185966549	2314.67109167715	-2431.578893559088	910.6396325818426	2683.044018901095	-2259.42728320263	794.2899196329037	2357.701037483739	-2444.111796332296	750.1302745791771	2359.278325396232	-2334.000029767404	794.2548748100681	2301.294077044868	-2253.608284909415	521.5760921555193	2287.457120440947	-2236.975425265094	512.7192085162712	2409.849825494991	-2350.025343859256	397.3238301013977	2288.764261539268	-2263.75080337567	253.9395962617724	2317.672895132184	-2269.378255101059	337.9949009396088	2390.917290568166	-2359.051707557905	108.4367979170359	2286.886192597341	-2327.066609049764	111.1073591376603	2380.308464901032	-2200.111153083421	66.50757762198468	2348.724337915669	-2249.818647968037	54.49853523091384	2233.950913773427	-2421.223774244384	71.92654959656794	2346.152693196172	-2431.58959180606	737.3920032169452	2651.823811121782	-2322.845099622056	785.3821640844557	2713.376297024613	-2247.078701210683	784.8119144389789	2636.082548766546	-2255.537484078369	517.54014321242	2720.28866373873	-2218.833426123805	511.3738392963035	2596.871941862767	-2263.01383103169	268.1892676571548	2695.25384051608	-2323.395735938754	420.5166222267243	2722.625711465387	-2256.674430887168	371.2710304319476	2616.822593405564	-2366.307001719533	105.3530764081237	2711.616906204256	-2326.230776095535	109.2817076608742	2622.408936958315	-2209.763153629381	64.67933496321716	2655.57651650767	-2245.526725805603	61.72703784084023	2762.467967687374	-2430.069997461927	73.63455609982329	2657.063516878449	
310	2.455	-2284.120711157076	1507.469040545595	2509.374437701075	-2199.384689427019	1461.291500975261	2364.410655008839	-2174.845910806045	1390.614278202524	2507.426832916272	-2336.102766509482	977.302943550869	2370.445849277845	-2321.238340557375	977.6588512841791	2636.043095208953	-2498.545296207215	1048.208024043894	2447.590015478318	-2479.931053738703	1063.180023844571	2566.429840180812	-2409.498023947808	893.1958601034304	2314.782598507769	-2428.94542419089	913.4419034793945	2682.694876720534	-2257.832170851255	794.8828640519597	2357.722090586067	-2442.780934798968	752.8465659934297	2359.611338453725	-2332.405257595889	795.7251714403031	2301.341608523425	-2255.095250898938	522.1193277856952	2288.028571299874	-2238.452829619388	513.1709413721557	2410.370584813852	-2351.400162236159	397.5457606642899	2289.296624923197	-2264.535926121759	254.3533162530732	2317.814575640517	-2270.436122529265	338.3026826389681	2391.202283254208	-2359.130905062122	108.4474848502338	2286.864935012321	-2327.090884207434	111.1325735867223	2380.266671942273	-2200.121683444186	66.51229201606246	2348.711627225501	-2249.821428780279	54.49154655007979	2233.92584831077	-2421.237250461393	71.92997788666257	2346.130995203802	-2430.539534990755	740.4163647134977	2651.391942428854	-2321.306205944288	787.1316856149849	2713.009961805677	-2245.657713885038	785.5799189810832	2635.539722754422	-2257.109999949267	518.2862664209764	2719.490080225336	-2220.584362204907	511.8909762236548	2596.117903529724	-2263.896884924543	268.7290419945675	2694.991451105971	-2324.980248425614	420.967168958057	2721.923177849192	-2258.013125011882	371.6777290749756	2616.319566136729	-2366.42817948785	105.4090583181437	2711.631796646411	-2326.266556108646	109.3120286613359	2622.478630991486	-2209.783559865018	64.69689798902866	2655.592753002091	-2245.526160450002	61.72755478287581	2762.479967407649	-2430.096845510069	73.64469348025705	2657.108164143783	
311	2.46	-2285.692821886327	1511.468414633616	2509.201629552534	-2201.320376437417	1465.924455624025	2363.957444011971	-2175.902458762439	1395.378726210704	2507.167877294404	-2333.231834017606	980.2026666347042	2370.22357105574	-2318.455184673672	980.8216379595344	2635.951631627261	-2496.01687764119	1050.54566348244	2447.394669918041	-2477.497255148978	1065.706478173699	2566.233726134605	-2406.972205771209	895.5065282805336	2314.883756406453	-2426.316536146438	916.1812109778789	2682.348624747783	-2256.2678630445	795.4374328815196	2357.745964902369	-2441.447470241445	755.5212777679426	2359.970800556649	-2330.835095969454	797.1526138183351	2301.393535698524	-2256.619814460434	522.6616954541087	2288.630241537547	-2239.965903354198	513.623117951275	2410.916949349588	-2352.800270348822	397.7589419390391	2289.846581753615	-2265.337725736941	254.7673702718849	2317.968115217504	-2271.519963092177	338.6042694801041	2391.504263387144	-2359.211820820231	108.4572999107079	2286.84795068437	-2327.115900186079	111.1550003991313	2380.227667811355	-2200.130374968641	66.51578410404339	2348.700277395563	-2249.822509272234	54.48551212330065	2233.901044698625	-2421.250522930196	71.9327557223864	2346.109459369433	-2429.491791984747	743.4114340777436	2650.9334138818	-2319.785571378161	788.8443285396723	2712.629811848145	-2244.268084715544	786.3201732625511	2634.980543129862	-2258.719499575108	519.0347485642661	2718.658758543187	-2222.392256509478	512.4144206641849	2595.328071967318	-2264.799320288298	269.2742976667444	2694.711169817919	-2326.597218035354	421.4138602527982	2721.197601506807	-2259.389907852061	372.0816291329397	2615.793722254266	-2366.549721609335	105.4644570307213	2711.645218805945	-2326.301695115087	109.3410046441907	2622.543550050335	-2209.802737939795	64.71372922278215	2655.606061561486	-2245.525330133314	61.72840183259239	2762.489258035075	-2430.124855229669	73.65540581493343	2657.151564161852	
312	2.465	-2287.270070838266	1515.343966318718	2509.023086457818	-2203.2307831579	1470.428310322335	2363.510861051442	-2176.972194522834	1400.013081901549	2506.912231021725	-2330.345243496509	983.0120410530807	2369.993611884187	-2315.664203973196	983.9049395899647	2635.866544697541	-2493.471935407177	1052.800606758895	2447.193973535032	-2475.045764246614	1068.151676662972	2566.031368657179	-2404.447741245651	897.7495335872749	2314.975105707774	-2423.691258920905	918.8554440875159	2682.003934654324	-2254.733100938812	795.9526914793897	2357.771217611729	-2440.110326847917	758.1536409754475	2360.357886989908	-2329.28939251196	798.5362331476313	2301.449454332978	-2258.182459445692	523.202476885484	2289.261659396921	-2241.515406353539	514.0753227542301	2411.488118413642	-2354.225686532735	397.9620059392608	2290.412549526416	-2266.155935929797	255.1812435717984	2318.133801659758	-2272.630555106721	338.899384948113	2391.82305284867	-2359.294229679788	108.4661448440799	2286.835708492346	-2327.141520093211	111.1743878036477	2380.191701589309	-2200.13685432519	66.51798666435749	2348.690267501458	-2249.821733843921	54.48033302100351	2233.876659228823	-2421.263418837231	71.93496724627963	2346.088178489987	-2428.445450739863	746.3756353131434	2650.447026121607	-2318.282712176042	790.5188301024506	2712.23634337751	-2242.907729569783	787.0316641415452	2634.406869813606	-2260.36609764161	519.7846237462126	2717.795888645208	-2224.257047952791	512.9436006812842	2594.503871041677	-2265.720685166855	269.8244250065445	2694.412712252408	-2328.246401795157	421.8557014124499	2720.450277993896	-2260.805145109585	372.4824846001145	2615.24540002446	-2366.671358168372	105.5193169872954	2711.657075614575	-2326.33589693389	109.3685581169004	2622.603148065094	-2209.820514792207	64.7297490752397	2655.616372614231	-2245.524218543061	61.72943157096839	2762.495712145617	-2430.153702510064	73.66679607577193	2657.193288845497	
313	2.47	-2288.854186358896	1519.09498435932	2508.838590614301	-2205.114286570182	1474.803983281032	2363.071235694368	-2178.055495975659	1404.516645702982	2506.660045361387	-2327.442427295287	985.7292934098796	2369.756133388491	-2312.865005258046	986.9063068833117	2635.788201571661	-2490.909864553935	1054.971251479727	2446.987769931183	-2472.577051858814	1070.513995110589	2565.822246117253	-2401.924319847872	899.9234596137742	2315.057209491835	-2421.068923925263	921.4623817433481	2681.659592099954	-2253.226703489177	796.4278181448948	2357.796397988296	-2438.768653024328	760.7428791353339	2360.773363774396	-2327.767999410192	799.8751899897013	2301.508875226853	-2259.783446071084	523.7409103884762	2289.921861195435	-2243.101859575091	514.5270862519075	2412.08287535783	-2355.676289805708	398.153648953626	2290.992744783471	-2266.990241621877	255.5943776460603	2318.311730834883	-2273.768472216707	339.1877912402177	2392.158189773043	-2359.377939728144	108.4739080610911	2286.82857007977	-2327.167614912147	111.1905236181383	2380.158973636883	-2200.140796512222	66.51885959598131	2348.681537229315	-2249.819001975434	54.47587010316143	2233.85285221102	-2421.275784811549	71.93668158198338	2346.067249254839	-2427.399790344393	749.3071421207077	2649.931876020922	-2316.79735079444	792.153866632812	2711.830314501148	-2241.574624912449	787.7132886046496	2633.820926492086	-2262.049668885523	520.5348214031515	2716.903229683721	-2226.17804229183	513.4778357865655	2593.64737433048	-2266.660416755429	270.3787010346528	2694.096107742413	-2329.927277117785	422.2916408275872	2719.682954251991	-2262.258862821772	372.8800707994488	2614.675308875208	-2366.792890927193	105.5736330910459	2711.667268114898	-2326.36891876781	109.3946178671489	2622.656977207981	-2209.836755805941	64.74487188355432	2655.623673690697	-2245.522829209076	61.73048390044148	2762.499238977056	-2430.183057376721	73.67891645418268	2657.232951843907	
314	2.475	-2290.446456392184	1522.720769671887	2508.64793710965	-2206.969296223861	1479.052289131557	2362.638880500886	-2179.15236002825	1408.888769716981	2506.411433086966	-2324.523401395621	988.3528738069973	2369.511401933413	-2310.057727446837	989.8231686258661	2635.716905684668	-2488.330561546528	1057.056227516287	2446.776019134294	-2470.092111180183	1072.791903307406	2565.60598252237	-2399.401982848698	902.027120031022	2315.130647534434	-2418.449290610827	923.9996943111355	2681.314537354786	-2251.747638725033	796.862142884721	2357.820079586481	-2437.421899751337	763.2881434509097	2361.217538782508	-2326.270825653605	801.1687756830415	2301.57122918495	-2261.422698582939	524.276186455256	2290.609363507455	-2244.725415482288	514.9778733916143	2412.699570666676	-2357.15173714827	398.3326674673441	2291.585202509872	-2267.840234492265	256.0061658335596	2318.501781558622	-2274.933996323514	339.469283075082	2392.508906879716	-2359.462794026963	108.4804692579501	2286.826779422796	-2327.19406479166	111.2032431526292	2380.129629929824	-2200.141935829333	66.5183913980578	2348.673989243844	-2249.814272056127	54.47194814724897	2233.829785225498	-2421.287490015568	71.93795190789706	2346.04677059771	-2426.354334449155	752.2038225513847	2649.387415470878	-2315.329465027204	793.748043550039	2711.412747799201	-2240.266882549652	788.3638856797369	2633.225275233278	-2263.769736747895	521.2841565614234	2715.983108651849	-2228.153801034536	514.0163236322271	2592.761293374182	-2267.617802324089	270.9362772415291	2693.761719121473	-2331.638954826763	422.7205812778348	2718.897807104308	-2263.750649775794	373.2741686196474	2614.084534374265	-2366.914194061646	105.6273472871205	2711.675697947528	-2326.400577009022	109.419120155367	2622.704695940084	-2209.85136622232	64.75900768258346	2655.628008368938	-2245.521187214257	61.73139014325551	2762.49978555799	-2430.212594690252	73.6917670176169	2657.270218836368	
315	2.48	-2292.047622381294	1526.220609903137	2508.450956898968	-2208.794207596216	1483.173845075526	2362.214111442925	-2180.262329018716	1413.128803041367	2506.166479545682	-2321.588921015581	990.8814489167921	2369.259801752976	-2307.243175745555	992.652851617227	2635.652894386646	-2485.734569562403	1059.054407329715	2446.558810336782	-2467.59255377544	1074.983972939317	2565.382372769004	-2396.881251248474	904.0595400191538	2315.196009589203	-2415.832673983679	926.4649517716082	2680.967903895434	-2250.295094811364	797.2551868597354	2357.840892028109	-2436.069898216856	765.7884421831983	2361.690219458108	-2324.797892255552	802.4164091018411	2301.635873507392	-2263.099682374721	524.8074427882319	2291.322146810121	-2246.385720578722	515.4270725309723	2413.336114884863	-2358.651371217856	398.4979928989763	2292.187796083157	-2268.705360370984	256.4159497489088	2318.703595231096	-2276.12702519624	339.7436815172217	2392.874117276699	-2359.548669218427	108.4857046163741	2286.830456555151	-2327.22075974287	111.2124359746306	2380.103757492731	-2200.140074645042	66.51659944003146	2348.667492869282	-2249.80756286982	54.46836136558919	2233.807618027065	-2421.298428282947	71.93881540400878	2346.026841920796	-2425.308902655716	755.0631842522266	2648.813512001271	-2313.879332930757	795.2998893718088	2710.984927726776	-2238.982826034022	788.9822744352044	2632.622780859629	-2265.525354758675	522.0313209708692	2715.038410489718	-2230.18203154428	514.5581281395638	2591.848954671394	-2268.59193403281	271.496169693912	2693.410257867144	-2333.380087451199	423.1413938346333	2718.097413646356	-2265.279554686369	373.6645478660548	2613.474540249012	-2367.035209945162	105.6803479589507	2711.682271149467	-2326.430749744748	109.4420105522409	2622.746075005914	-2209.864291376867	64.77206532740733	2655.629473675175	-2245.519339542285	61.73197770448221	2762.497337825004	-2430.242004286837	73.70529688925302	2657.304815945799	
316	2.485	-2293.657777950675	1529.593757154781	2508.247542038298	-2210.587350593801	1487.168980510377	2361.797267698247	-2181.384423884249	1417.236033994618	2505.925256129374	-2318.640633981798	993.3138902365479	2369.001845239616	-2304.422954167012	995.3926049204293	2635.596336883518	-2483.123223159582	1060.964912239937	2446.336371831437	-2465.080705385494	1077.088886237478	2565.151403953038	-2394.363254715125	906.0199305702225	2315.253888036242	-2413.220069533312	928.8556381709703	2680.619053575458	-2248.868548345368	797.6067011254549	2357.857551896073	-2434.71293445496	768.2425670503704	2362.190678907543	-2323.349388641076	803.6176289602524	2301.702100301011	-2264.813274881106	525.3337589876143	2292.057652052979	-2248.081775702925	515.8739851571062	2413.989982503393	-2360.174121467332	398.6487235734349	2292.798257333746	-2269.58486044743	256.823016397861	2318.916561567282	-2277.346977931349	340.0108275466217	2393.25240906098	-2359.63547099704	108.489492354244	2286.839595508757	-2327.247599766468	111.2180511899548	2380.081381244401	-2200.135089607506	66.51352901908207	2348.661889012152	-2249.798952621705	54.46488014503716	2233.78650519712	-2421.308519371991	71.93929397075948	2346.007561210296	-2424.263658399375	757.8823223917664	2648.210508727751	-2312.447572019058	796.8078540632944	2710.548392757099	-2237.721066381475	789.5672968610423	2632.016565889883	-2267.314984643584	522.7748753774646	2714.072559211328	-2232.259482680132	515.1021693644202	2590.914265305068	-2269.581658806682	272.0572516276108	2693.042793340358	-2335.148775299166	423.5529335529845	2717.284714916582	-2266.843981992444	374.0509499283539	2612.847167024661	-2367.155940058498	105.7324722201358	2711.686903009255	-2326.459375885467	109.4632461938124	2622.781000973249	-2209.875515729939	64.78395663439119	2655.628215989377	-2245.517354079974	61.73207510016878	2762.49192162357	-2430.27100001014	73.71940768051846	2657.336535904592	
317	2.49	-2295.276276165807	1532.83940976657	2508.037672259807	-2212.346936053114	1491.037653842691	2361.388729614109	-2182.517087199935	1421.209631248239	2505.687835444071	-2315.681225974428	995.6492584310747	2368.738180036372	-2301.599591288057	998.039627900066	2635.547332336612	-2480.498786819718	1062.787114826261	2446.109077961743	-2462.559698511873	1079.105445538942	2564.913271966719	-2391.849856280797	907.9076571289074	2315.304870108305	-2410.613271150128	931.1691717067097	2680.26760704225	-2247.46782714054	797.9167032008526	2357.868892252017	-2433.3518184562	770.6490200233444	2362.717632042599	-2321.925728111182	804.7720821407447	2301.769146951301	-2266.561635530985	525.8541512320709	2292.812791174111	-2249.811800346779	516.3178168446018	2414.65822758346	-2361.718402445249	398.7841524802758	2293.414196317453	-2270.477708877365	257.2265957314655	2319.139811529213	-2278.592702000572	340.2705751225064	2393.642049660308	-2359.72312666491	108.4917183958497	2286.854066317379	-2327.274494437639	111.2201009563832	2380.06246253993	-2200.126935102774	66.50925126291524	2348.656996208593	-2249.78857548112	54.46125884443838	2233.766592595998	-2421.317709421775	71.93939562574568	2345.98902305746	-2423.219151891025	760.6578727887642	2647.579280596438	-2311.035171335156	798.2703119076116	2710.104922175145	-2236.480574497266	790.1178640862719	2631.409957235741	-2269.136375921196	523.5132433987924	2713.089489636681	-2234.381850989955	515.6472154293727	2589.961667204316	-2270.58552502136	272.6182486249622	2692.660754811698	-2336.94247357635	423.9540561054881	2716.462974372602	-2268.441590926059	374.433070074256	2612.204626627957	-2367.276431392424	105.7835110360124	2711.689523621041	-2326.486451075795	109.482798134891	2622.809476926438	-2209.885060742289	64.79460107506054	2655.624425628245	-2245.515317348587	61.7315171143411	2762.483603443437	-2430.29932718729	73.73395883680354	2657.365241731436	
318	2.495	-2296.901649383681	1535.956699141722	2507.821441820712	-2214.071003500921	1494.779380403542	2360.988933785644	-2183.658139232308	1425.048586322858	2505.454307368116	-2312.714551143803	997.8867849183368	2368.46959279124	-2298.776653530698	1000.591101602995	2635.505908045927	-2477.864581223506	1064.520637841393	2445.877452978856	-2460.033557752743	1081.032583915043	2564.66839274882	-2389.343766929453	909.7222044388005	2315.349530070568	-2408.014977172686	933.402929725319	2679.91346820841	-2246.093164669651	798.1855099861178	2357.873890288198	-2431.98794501984	773.0059442745127	2363.269223271649	-2320.527600078498	805.8795087808322	2301.836209081173	-2268.342080838418	526.3675673819838	2293.583972127684	-2251.57310762514	516.7576700174832	2415.337511506942	-2363.282013788489	398.9037896088201	2294.033120421519	-2271.382549906913	257.6258584103221	2319.372218300413	-2279.862386078569	340.5227836094444	2394.04100043874	-2359.811575172759	108.4922819286251	2286.873620795044	-2327.301361979355	111.2186620304604	2380.046899638833	-2200.115643888988	66.50386003082204	2348.652617611162	-2249.77661571943	54.45724447672987	2233.748013647059	-2421.325970671724	71.93911649575313	2345.971316600731	-2422.176356705945	763.3859731781295	2646.92128347254	-2309.643515144517	799.6855689580638	2709.656517389922	-2235.260747490354	790.6330041815278	2630.806426127337	-2270.986452415189	524.2447076395475	2712.093609408801	-2236.543702923471	516.1918769328388	2588.996080205472	-2271.601728299793	273.1777364834538	2692.265925044532	-2338.757904556171	424.3436345849158	2715.635732692793	-2270.069203113591	374.8105398472513	2611.54949210131	-2367.396758959814	105.8332169628161	2711.690083706647	-2326.512020728389	109.5006534612056	2622.831620029258	-2209.892981709205	64.80393051073504	2655.618330364185	-2245.513331069794	61.73014985493425	2762.472490718206	-2430.326768229384	73.74877453023797	2657.390867806268	
319	2.5	-2298.531545789509	1538.944682684531	2507.59908541672	-2215.757373669052	1498.393175438174	2360.598384358856	-2184.80475006951	1428.751660351272	2505.224795125422	-2309.745741150456	1000.025852084998	2368.197009554204	-2295.958839813738	1003.044223175525	2635.472017735589	-2475.225090629724	1066.165350187326	2445.642171737073	-2457.507272938402	1082.869377020124	2564.417407724874	-2386.848643811069	911.4631397964711	2315.38842184414	-2405.428879379295	935.5542779217695	2679.556841730873	-2244.74524340761	798.4137655897068	2357.87169260274	-2430.623343507924	775.3110632960122	2363.843026991141	-2319.156016621591	806.9397250792753	2301.902456233433	-2270.150971310413	526.8728830362634	2294.367138534144	-2253.361996663038	517.1925391798471	2416.024142821648	-2364.862047049595	399.0073779584348	2294.652452476118	-2272.297638015676	258.0199137254636	2319.612406804406	-2281.153483152156	340.767309626067	2394.446941658812	-2359.900755190538	108.4911006305727	2286.897901707704	-2327.328127865582	111.2138752386028	2380.034530250573	-2200.101324944447	66.49746806737302	2348.648548661805	-2249.763299663485	54.45258607268302	2233.730885511367	-2421.333300461213	71.93844332629834	2345.954523410778	-2421.136698583362	766.0622358665054	2646.238592381384	-2308.274397122179	801.0518750594659	2709.205377675298	-2234.061465913304	791.1119097231916	2630.209522956511	-2272.861211597148	524.967408789458	2711.089751124103	-2238.738418708325	516.73460437122	2588.022834277207	-2272.628059244621	273.7341419510376	2691.860424418627	-2340.590979453274	424.720575843377	2714.806760259621	-2271.722724360417	375.1829102473084	2610.884681428662	-2367.51700525535	105.8813141443834	2711.688560232893	-2326.536170698895	109.5168168625171	2622.847655877461	-2209.899363694382	64.81189351111459	2655.610188159977	-2245.511507707995	61.72783552676135	2762.458731518842	-2430.353146165391	73.76365173659218	2657.413418346634	
320	2.505	-2300.162686658743	1541.802343986609	2507.371001832086	-2217.403609325213	1501.877516060766	2360.217659873463	-2185.95343070116	1432.317338428993	2504.999470455589	-2306.781285478969	1002.065973711409	2367.921492850134	-2293.152051194939	1005.396243178483	2635.445540037066	-2472.586044484943	1067.72136064504	2445.404057177449	-2454.986854409562	1084.615056305583	2564.161183127515	-2384.369165703913	913.1300771453319	2315.422072598293	-2402.859729585561	937.6206031112106	2679.198242568914	-2243.42522454289	798.602462702874	2357.861637549274	-2429.260713624391	777.561632307143	2364.436061875645	-2317.81235083017	807.9526049785909	2301.967050339191	-2271.983617218516	527.3688991811674	2295.157823596875	-2255.173669088731	517.6213093356431	2416.714128714412	-2366.454804995109	399.0949026436438	2295.269547684153	-2273.22078481626	258.4078078868326	2319.85877190197	-2282.462648572398	341.0039985999607	2394.857307466114	-2359.990591871502	108.4881153956923	2286.926454882771	-2327.354723017445	111.2059428503183	2380.025136218037	-2200.08415869295	66.49020272926333	2348.64458515661	-2249.74888585776	54.44704448045188	2233.715305279438	-2421.339719498053	71.93735642321329	2345.93871536802	-2420.102074935236	768.681735182936	2645.533925227364	-2306.930024019078	802.367440396087	2708.753870405989	-2232.883138961573	791.553983318806	2629.622808884088	-2274.755642962319	525.679348502902	2710.083114575007	-2240.958163441794	517.2736892503583	2587.04759151746	-2273.661856435167	274.2857466172088	2691.446684931845	-2342.436735136528	425.0838359114955	2713.980008374636	-2273.397086448783	375.549636578903	2610.21343442853	-2367.637237712343	105.9275100641684	2711.684961351163	-2326.559016319673	109.5313114452652	2622.857909803144	-2209.904316717814	64.81845892110309	2655.600279381671	-2245.509965184635	61.72445680909836	2762.442513484245	-2430.378326048437	73.77836915629068	2657.432963394351	
321	2.51	-2301.790848187528	1544.528601425367	2507.137773926657	-2219.006987859909	1505.230325820703	2359.847415223583	-2187.100045620492	1435.743795195831	2504.778566943373	-2303.829075975034	1004.006777318391	2367.644235474008	-2290.363429144978	1007.644505806976	2635.426277322423	-2469.954466444036	1069.189010168515	2445.164074544189	-2452.479364399455	1086.269023732501	2563.900803017516	-2381.911079534219	914.7226445424219	2315.450977781662	-2400.313378538678	939.5993490595883	2678.838496797814	-2242.134761879935	798.7529562678698	2357.843274047786	-2427.903444382781	779.7544060086975	2365.044819709514	-2316.49836441406	808.9180620468511	2302.029166786254	-2273.834210372603	527.8543421713971	2295.951217433169	-2257.002176025764	518.0427583007489	2417.403237215535	-2368.055739297421	399.1665928222125	2295.881709436304	-2274.149316562022	258.7885231570878	2320.109505078471	-2283.785697713009	341.2326765199429	2395.269330155484	-2360.080983087198	108.4832944422555	2286.958743753178	-2327.381081683008	111.1951239084086	2380.018450297586	-2200.064389919067	66.48220161087217	2348.640531404477	-2249.733654005211	54.44040230349656	2233.701346397069	-2421.345269395069	71.93583292203162	2345.923952639459	-2419.07486350729	771.2390130679833	2644.810648606002	-2305.613007893316	803.6304565077307	2708.304496076594	-2231.7267348309	791.9588793679226	2629.049786156681	-2276.663671694756	526.3783968919163	2709.079199282783	-2243.193890629625	517.8072696676221	2586.076258809762	-2274.699968458606	274.8306943941016	2691.027413885823	-2344.289291090385	425.4324342281056	2713.159559856255	-2275.086214731512	375.910066032326	2609.539281761703	-2367.757485411881	105.9715084301586	2711.679330239242	-2326.580690656568	109.5441786678445	2622.862795492893	-2209.907970383138	64.82361847190552	2655.588898745014	-2245.508821015553	61.71992078947505	2762.424061859938	-2430.402214309036	73.79269666930848	2657.449632525048	
322	2.515	-2303.410871384016	1547.122326312084	2506.900183557836	-2220.564488741335	1508.448985087773	2359.488378608872	-2188.239849056345	1439.028875462771	2504.562390595975	-2300.898408963217	1005.84799021966	2367.366551025818	-2287.601356398003	1009.786492098927	2635.413955097867	-2467.338684343539	1070.568863631766	2444.923322249046	-2449.992918459853	1087.830868101028	2563.637555975863	-2379.481212236461	916.2404574946412	2315.475597934094	-2397.796782007097	941.4880550041428	2678.478733012356	-2240.875998183042	798.8669683362856	2357.816376157367	-2426.555613549123	781.8856265203676	2365.665309229196	-2315.216222129756	809.8360330063161	2302.088017604487	-2275.695788806217	528.3278668545331	2296.742246472485	-2258.840401442179	518.4555635134717	2418.087068834804	-2369.659412538258	399.2229164691208	2296.486204414115	-2275.080046103364	259.160978534223	2320.362629172069	-2285.117587722086	341.4531425338457	2395.680092617913	-2360.171786010336	108.476636744558	2286.994165814775	-2327.407139117398	111.1817276452844	2380.014164883585	-2200.042318833003	66.47360834534292	2348.636208200068	-2249.717893396008	54.43247362121349	2233.689055625951	-2421.350009522857	71.93385025672261	2345.910281915431	-2418.05791862445	773.7281058760867	2644.072762869951	-2304.326346086822	804.8391216805837	2707.859848612711	-2230.593793737416	792.326540427877	2628.493829117751	-2278.578133673329	527.0623054532202	2708.083727698679	-2245.435382860604	518.3333411735111	2585.114892331663	-2275.738729019221	275.3670031705626	2690.605547597375	-2346.141832070939	425.765466597624	2712.349579248429	-2276.783026969178	376.263429185399	2608.866005327723	-2367.877716485055	106.0130224981592	2711.671747532479	-2326.601332861666	109.5554774100889	2622.862801401033	-2209.910468183763	64.82738834171923	2655.576347272	-2245.508186166142	61.71416244038973	2762.403636558821	-2430.424756254624	73.80640503325105	2657.463606598932	
323	2.52	-2305.016702974823	1549.582371631026	2506.659220105647	-2222.072798445843	1511.530369820032	2359.141343621507	-2189.367546242474	1442.170093691547	2504.351326838121	-2297.999939021147	1007.589431065422	2367.089861139495	-2284.875414945017	1011.819866204519	2635.408222231831	-2464.748295336368	1071.861701935613	2444.683019264236	-2447.536651214673	1089.300383092501	2563.372915615364	-2377.087442969137	917.6831004906768	2315.49635745024	-2395.317969372387	943.2843966675193	2678.120363910892	-2239.651542677655	798.9465832222128	2357.780952632929	-2425.221965047946	783.9510349488665	2366.293115132848	-2313.96849074583	810.706464414474	2302.14287596823	-2277.560240704006	528.7880636602712	2297.525663135239	-2260.680086893543	518.8583138018523	2418.761135966326	-2371.259490100194	399.2645683092105	2297.080277738881	-2276.009262953856	259.524032853545	2320.616040441669	-2286.452427467674	341.665163140805	2396.086587558126	-2360.262804988086	108.4681747701545	2287.032070470333	-2327.432829202711	111.166105197888	2380.011942413026	-2200.018290844342	66.46456878115191	2348.631460336975	-2249.70189158679	54.42311309390626	2233.678450860713	-2421.354013296481	71.93138967608509	2345.897735069148	-2417.054553484479	776.1425950211659	2643.324864385412	-2303.073388230557	805.9916705676962	2707.422571679144	-2229.486421504283	792.6572266611286	2627.958117871912	-2280.490787385833	527.728726155325	2707.102559689957	-2247.671333507699	518.8497736541392	2584.169595420057	-2276.773949183674	275.8925813203871	2690.184196030516	-2347.986621679927	426.0821169609594	2711.554262481158	-2278.479468165088	376.6088366392185	2608.197589632305	-2367.997817775181	106.0517881367403	2711.662332172929	-2326.621077372928	109.5652823094327	2622.858475495291	-2209.911961776235	64.82980965259699	2655.562924562417	-2245.50815895397	61.70714762255738	2762.381528208081	-2430.445932011572	73.8192755337458	2657.475107974284	
324	2.525	-2306.601469527498	1551.907612226217	2506.41608140015	-2223.528334854232	1514.470920444405	2358.807156815349	-2190.477380177315	1445.164655936322	2504.145843225819	-2295.145579536659	1009.2310085598	2366.815679306788	-2282.19629670207	1013.742524705159	2635.408652348891	-2462.194081381073	1073.068515330003	2444.444488911155	-2445.120641444073	1090.677587077631	2563.108515214165	-2374.738631684059	919.0501187638311	2315.513645277636	-2392.885970678738	944.986229754351	2677.765057995542	-2238.46442892714	798.9942323099841	2357.737250666847	-2423.907862130986	785.9459094545274	2366.9234720233	-2312.758120533685	811.5293039733756	2302.193100916086	-2279.418352957992	529.2334704036557	2298.296143647211	-2262.511901551879	519.2495264086932	2419.420948085967	-2372.848766852272	399.2924514984342	2297.661169231046	-2276.932744731957	259.8764912577681	2320.867556957297	-2287.783519155159	341.8684687811287	2396.485781800379	-2360.353781663011	108.4579765196738	2287.071777715786	-2327.458082169119	111.1486399291952	2380.011427075851	-2199.992685618874	66.45522764563367	2348.626163355415	-2249.685924037314	54.41222405260844	2233.66952004164	-2421.35736407938	71.92843963896379	2345.886328342929	-2416.068507048708	778.4756834754038	2642.572083881986	-2301.857789685434	807.0864078512076	2706.995311861172	-2228.407262094115	792.9515369673938	2627.445576454498	-2282.392367535464	528.3752372260227	2706.141599214297	-2249.889472259576	519.3543348136201	2583.246411596319	-2277.800930539495	276.4052497385669	2689.766579759943	-2349.815051548024	426.3816681881295	2710.77778551823	-2280.166585084274	376.9452819069199	2607.538164053439	-2368.117578333577	106.0875760000353	2711.651240644626	-2326.640044534611	109.5736815704831	2622.850408899648	-2209.9126055205	64.83094794830036	2655.548921687326	-2245.508819350487	61.69887556649718	2762.358053200115	-2430.465751271239	73.83110927794304	2657.484389692079	
325	2.53	-2308.157586019676	1554.096997000807	2506.172166036282	-2224.927292405347	1517.266741577178	2358.486701219114	-2191.56324316303	1448.009507446	2503.946487347579	-2292.348346589667	1010.772728795028	2366.545591192752	-2279.575663697007	1015.552648864359	2635.414746750336	-2459.687871613922	1074.190498698337	2444.20913893578	-2442.755792616343	1091.962744661781	2562.846116864837	-2372.44450130459	920.3410219271751	2315.527817341591	-2390.510699026657	946.5916360776009	2677.414701708944	-2237.318052869414	799.0126681497625	2357.685753095804	-2422.619214620869	787.8651318876373	2367.551352523233	-2311.588407654835	812.3044978139109	2302.238160948416	-2281.259908422886	529.6625893867035	2299.048391559566	-2264.325559955727	519.6276694190502	2420.062100516177	-2374.41923257495	399.3076538749011	2298.226132045827	-2277.845792594713	260.2171159364727	2321.11497188736	-2289.103434223167	342.0627536161291	2396.874683763319	-2360.44438824863	108.446146846273	2287.112597091298	-2327.48282259786	111.1297367575003	2380.012257344887	-2199.965905920718	66.44572571659343	2348.620229160444	-2249.670245267187	54.39976520581472	2233.662221245031	-2421.360150928138	71.92499891209674	2345.876062081479	-2415.103894266978	780.7202993227211	2641.820000900574	-2300.683450984695	808.1217457239429	2706.580669732825	-2227.359448029256	793.2104205669895	2626.958817162928	-2284.272684013813	528.9993759316694	2705.206694422478	-2252.076735914285	519.844720586262	2582.351214826098	-2278.814502469131	276.9027699447857	2689.355961095196	-2351.61772993567	426.6635121513812	2710.024251346356	-2281.834642737074	377.2716514400288	2606.891936320101	-2368.23667816142	106.1202022692412	2711.638664665209	-2326.658333047267	109.5807744672277	2622.839219016018	-2209.912551547303	64.83089173753801	2655.534614969248	-2245.510224026129	61.68938074007826	2762.333547823286	-2430.484247230863	73.84173578744461	2657.491724192278	
326	2.535	-2309.676898921844	1556.149613285432	2505.929056321602	-2226.265708503807	1519.913732161987	2358.180876313847	-2192.618811108478	1450.701408474387	2503.753879584061	-2289.622144491203	1012.214712271134	2366.281231388594	-2277.025956242877	1017.248759600659	2635.425939190865	-2457.242349839133	1075.229049400063	2443.978437826527	-2440.453666493611	1093.156389804507	2562.587575597141	-2370.215472319472	921.5553006422409	2315.539200319392	-2388.202786451591	948.0989725390463	2677.071352695199	-2236.216091446203	799.0049277588614	2357.627168536655	-2421.362379320425	789.7032840417728	2368.17156814074	-2310.462936348712	813.0319948649757	2302.277655019125	-2283.073834252853	530.0739101298067	2299.777244331671	-2266.109988205677	519.9911895482426	2420.680364368046	-2375.962178836487	399.3114197489524	2298.772455022563	-2278.743292371002	260.5446418501366	2321.356109804969	-2290.404125009495	342.2476791669488	2397.250412000076	-2360.534224744147	108.4328279795669	2287.15384629087	-2327.506967894904	111.1098109598772	2380.01407872743	-2199.93836662294	66.43619745466505	2348.613610110603	-2249.65508190528	54.38575561962944	2233.656483878427	-2421.362464408857	71.92107919794761	2345.866920968102	-2414.165138711451	782.8692265840646	2641.074535514274	-2299.554443062741	809.0962449054624	2706.181149916503	-2226.346528299031	793.4351780232989	2626.500092450737	-2286.120768453074	529.5986783480495	2704.303532805372	-2254.219484243231	520.318592492446	2581.48959933337	-2279.809085861623	277.3828785486401	2688.955571476192	-2353.384612313264	426.9271593066711	2709.297634645337	-2283.473283419071	377.5867423079413	2606.263117956434	-2368.354683291088	106.1495375136107	2711.624827458712	-2326.67601452229	109.5866687212846	2622.825532707821	-2209.911945536099	64.82975021049967	2655.520260832734	-2245.512402441319	61.67873396425222	2762.308361605235	-2430.501470109032	73.85102050255445	2657.497392124105	
327	2.54	-2311.150862534833	1558.064763005846	2505.688491471968	-2227.539550777237	1522.407744344752	2357.890575026718	-2193.637697222633	1453.237039927665	2503.568700641577	-2286.98149345226	1013.557221193044	2366.02425663211	-2274.560149452822	1018.82977487622	2635.441602735613	-2454.870807435431	1076.185768081216	2443.753887433043	-2438.226269312343	1094.259350170999	2562.334799028227	-2368.062450423135	922.6924569250186	2315.548096265381	-2385.973373038	949.5069231314865	2676.737185174604	-2235.162402968951	798.9742853647613	2357.5624141677	-2420.144033677069	791.4547733409336	2368.778880781589	-2309.38550051899	813.7117590738652	2302.311329416825	-2284.848401665506	530.4659377423383	2300.477780219343	-2267.853537440892	520.3385449920967	2421.271775198349	-2377.468348509114	399.3051182505999	2299.297490038095	-2279.619801983723	260.8577978474847	2321.588883757244	-2291.677072345255	342.4228822177528	2397.610262580771	-2360.622820686251	108.418199110509	2287.194868823978	-2327.530427415954	111.0892769329395	2380.0165560525	-2199.910484157119	66.42676902753959	2348.606301217884	-2249.640627802787	54.37027761768199	2233.65221082584	-2421.364392695484	71.91670713160664	2345.858874694914	-2413.256887190002	784.9152624026198	2640.341819659232	-2298.474918379375	810.0086587871033	2705.799111280596	-2225.372374100881	793.6274509896436	2626.0712555189	-2287.925068767925	530.1707257852428	2703.437533390451	-2256.303758889653	520.7736216011987	2580.666771501613	-2280.778784389692	277.8433280434954	2688.568537399653	-2355.105174878867	427.1722478994845	2708.601723653974	-2285.07172699125	377.8892875852268	2605.655842918694	-2368.471047892388	106.1755132934265	2711.609978762069	-2326.693130292801	109.5914778861545	2622.809970101014	-2209.91092329909	64.82765024785337	2655.506091812194	-2245.515354223339	61.66704260064535	2762.282850049424	-2430.517480586228	73.85887078108453	2657.501671763564	
328	2.545	-2312.570745867545	1559.842049647806	2505.452331153733	-2228.744823800265	1524.744768088145	2357.616658304002	-2194.613620432823	1455.613139273	2503.39167405403	-2284.441202297539	1014.800697088387	2365.77631562981	-2272.191460567313	1020.295069036121	2635.461058790991	-2452.586844340321	1077.062462634223	2443.536992078908	-2436.08579223078	1095.27277217026	2562.089703228585	-2365.996569872531	923.7520480611443	2315.55478753192	-2383.833850987643	950.8145539154192	2676.414428650473	-2234.160911097444	798.9241952014413	2357.492591153306	-2418.97102390515	793.1139863970515	2369.368122226574	-2308.360005154893	814.3437898099692	2302.339089151891	-2286.571475148641	530.8372265806735	2301.145422714101	-2269.544241421802	520.6682427133342	2421.832717928807	-2378.928127283493	399.2902092125584	2299.798685475099	-2280.469664504737	261.1553331966029	2321.811350659545	-2292.913467717196	342.5879870128352	2397.951773052429	-2360.709641800472	108.4024748295715	2287.235050165243	-2327.553102401021	111.0685373612368	2380.019384581347	-2199.882666592423	66.41755667614672	2348.598340230326	-2249.627041189253	54.35347721943484	2233.649281402861	-2421.366018124579	71.9119255014355	2345.85187901114	-2412.383906554449	786.8513984302684	2639.628051492329	-2297.449008520476	810.8579801236477	2705.436718430785	-2224.441063602519	793.7892003380489	2625.6737304972	-2289.673690009732	530.7131971535592	2702.613738354564	-2258.315581233609	521.2075384050247	2579.887446551479	-2281.717503029002	278.2819334996896	2688.197807184683	-2356.768630036477	427.3985527265078	2707.940059096526	-2286.619009041753	378.1779890083474	2605.07408112815	-2368.585123667811	106.1981261909221	2711.59438874223	-2326.709690498947	109.5953188208544	2622.793129500183	-2209.909608190219	64.8247328465948	2655.492313716682	-2245.519048000363	61.65444961078924	2762.257366982614	-2430.532343509169	73.86523999676552	2657.504829477157	
329	2.55	-2313.9278657966	1561.481474301629	2505.222510016636	-2229.877692889968	1526.921137190267	2357.359927821507	-2195.54058277217	1457.826665627838	2503.223544122344	-2282.015991838232	1015.945808181251	2365.539015726027	-2269.933011899821	1021.644533371235	2635.483588312874	-2450.4040233579	1077.861155227095	2443.329224531478	-2434.044310168521	1096.198145934308	2561.85416564126	-2364.028897417544	924.7337433995571	2315.559541436354	-2381.795567633773	952.0213705673625	2676.105301362288	-2233.215475027233	798.8582254086768	2357.418952997084	-2417.85018994475	794.675467406183	2369.934318432521	-2307.39034897895	814.9281502828312	2302.361002736053	-2288.230806593219	531.1864184716104	2301.776039875438	-2271.17011293709	520.9788791836238	2422.360005640136	-2380.331774436696	399.2682074685506	2300.273626541277	-2281.287144872219	261.4360491301288	2322.021762636845	-2294.104426959148	342.7426213571322	2398.272780764558	-2360.794101639344	108.3859021686703	2287.273831910161	-2327.574886843098	111.0479731780429	2380.022299285892	-2199.855304480776	66.4086653967026	2348.589805545102	-2249.614443684471	54.33556174352464	2233.64755505297	-2421.367414339672	71.90679356609517	2345.845877125836	-2411.550963711155	788.6710229137867	2638.939337139274	-2296.480709488671	811.6434894748508	2705.095895640501	-2223.556747852318	793.9226727574389	2625.308492889648	-2291.354677561407	531.2239261829766	2701.836706707753	-2260.241282998838	521.6181875589626	2579.155752742216	-2282.619091924419	278.6966242820661	2687.846080859112	-2358.364180661567	427.6059931563573	2707.315870510774	-2288.104251492351	378.4515559842703	2604.521549052161	-2368.696176406817	106.217439027774	2711.578341024462	-2326.725675336644	109.5983092968005	2622.775573843275	-2209.908109302829	64.82114909197152	2655.479103883924	-2245.523421793269	61.64113128417429	2762.232256756543	-2430.54612220894	73.87012942800683	2657.507111600223	
330	2.555	-2315.213840680568	1562.983538302897	2505.000984390588	-2230.934621550924	1528.933751033452	2357.121097399895	-2196.413049200009	1459.874991158523	2503.065049987585	-2279.720077423513	1016.993505296283	2365.313886776545	-2267.797456737321	1022.878636821432	2635.508445154122	-2448.335485754977	1078.584092052856	2443.131989406199	-2432.113445747964	1097.037329305054	2561.629976058811	-2362.17010393568	925.6373925336533	2315.562614180943	-2379.869493853719	953.1273776471564	2675.811940133914	-2232.329749184132	798.7799845656508	2357.342867393908	-2416.788170898765	796.1341168375998	2370.472815106829	-2306.480290766377	815.4650032570403	2302.377299629389	-2289.814367218854	531.5122844219508	2302.366036031651	-2272.719471575355	521.2691832834604	2422.850949956081	-2381.669687812716	399.2406463406596	2300.720082560936	-2282.066586950831	261.6988345915831	2322.218612200673	-2295.241230614173	342.8864358437773	2398.571473507438	-2360.875577988847	108.3687559959452	2287.310723560823	-2327.595669370393	111.0279346259476	2380.025081768671	-2199.82876256297	66.40018791334383	2348.580812059859	-2249.602920858132	54.31679429039274	2233.646875763777	-2421.368644120566	71.90138636496037	2345.840801461876	-2410.762690787441	790.368138561371	2638.28152496836	-2295.573756666755	812.364804359913	2704.778284341647	-2222.723501000079	794.0303563865275	2624.976060723652	-2292.956336286351	531.7009620709588	2701.110412880297	-2262.06786120243	522.003586083261	2578.475145769559	-2283.477512149656	279.0854994709849	2687.515745349419	-2359.881307625165	427.794639896953	2706.732010856551	-2289.516958196154	378.7087495980546	2604.001619881182	-2368.803409208327	106.2335791270821	2711.562125047338	-2326.741038266323	109.6005657438947	2622.757819040148	-2209.90652038981	64.81705581054413	2655.466610403097	-2245.52838499386	61.62729345780857	2762.207846555678	-2430.558873785334	73.87358775960767	2657.508738031628	
331	2.56	-2316.420857083785	1564.349349206219	2504.789672779972	-2231.912518128981	1530.780305069458	2356.900763753649	-2197.226122905981	1461.756113880945	2502.91689670489	-2277.566722214407	1017.94508437314	2365.102342722734	-2265.796578190307	1023.998485329858	2635.534871473089	-2446.393538881253	1079.233755188132	2442.946584833055	-2430.304007690992	1097.792569719976	2561.418786869961	-2360.430113197982	926.4631025833123	2315.56425362972	-2378.065866833108	954.1331382366793	2675.536328610869	-2231.507036423115	798.6930428774969	2357.265772437421	-2415.791195971518	797.4854043466788	2370.979400627742	-2305.633302915865	815.954652770503	2302.388360073739	-2291.310707574115	531.8137684022352	2302.912433451977	-2274.181293220437	521.5380598215087	2423.303420879576	-2382.932695592217	399.2090410287832	2301.136060558837	-2282.802586269663	261.9427049695617	2322.400669545479	-2296.315584197633	343.0191251499447	2398.84643066586	-2360.95343350805	108.3513325715307	2287.345311677724	-2327.615336164042	111.0087336491987	2380.027564469935	-2199.803372396805	66.39220389551758	2348.571505177667	-2249.592523981391	54.29748498685309	2233.647077149576	-2421.369757966075	71.89579295807155	2345.836575742342	-2410.023438498399	791.9375898073632	2637.660038081951	-2294.731492305113	813.021927815248	2704.485205265408	-2221.945159090216	794.1149265719001	2624.67649654553	-2294.467576794632	532.1426318295571	2700.438153102521	-2263.78334697432	522.3619832750127	2577.848335827597	-2284.287018417386	279.4468852774081	2687.208816983577	-2361.310082624799	427.9647198597581	2706.190890821477	-2290.847326203599	378.9484298963598	2603.51723616358	-2368.905991542183	106.2467336165402	2711.546027967342	-2326.755710923591	109.6022011219706	2622.740324453403	-2209.904919433615	64.81261104462453	2655.45495214438	-2245.533821887963	61.61316610805594	2762.184439047578	-2430.570645670479	73.87570816672547	2657.509897760485	
332	2.565	-2317.541940856302	1565.580726065208	2504.590392180994	-2232.808886273431	1532.459521774268	2356.699377334616	-2197.975709115874	1463.468884748155	2502.779724326454	-2275.567775724972	1018.802252966618	2364.905641590287	-2263.94087367653	1025.005877925764	2635.562115040899	-2444.589229293101	1079.812875685597	2442.774163476555	-2428.625615629826	1098.466522727564	2561.2220640287	-2358.817739436519	927.2113214854278	2315.564700669272	-2376.393818553041	955.0398320870763	2675.280226352169	-2230.750139437443	798.6008504866678	2357.189128340981	-2414.8648673908	798.7255883583924	2371.4504221044	-2304.852417026158	816.3975899947245	2302.394697481994	-2292.709333441625	532.0900314911985	2303.412941712844	-2275.545569542849	521.7846319636354	2423.715894160238	-2384.112365081299	399.1748526211848	2301.519863591472	-2283.490172478078	262.1668422133413	2322.567010687901	-2297.319889678272	343.1404501955006	2399.096653433121	-2361.027039764267	108.3339412018913	2287.377266241338	-2327.633774861204	110.9906377803042	2380.029631997882	-2199.77942594149	66.3847793535935	2348.562053245182	-2249.583272646978	54.27797910279156	2233.64798804263	-2421.370793478794	71.89011359237297	2345.833117343298	-2409.337121952982	793.3752916478944	2637.079711058892	-2293.956729315129	813.6152947312783	2704.21762630594	-2221.225152796884	794.1791833967538	2624.409420040397	-2295.878277577371	532.5476022990554	2699.822462437616	-2265.37717588719	522.6919202257507	2577.277229508698	-2285.042352370913	279.7793924323025	2686.926893082884	-2362.641495964865	428.1166184556682	2705.694414739671	-2292.086561717224	379.1696044325443	2603.070827975092	-2369.003092989936	106.2571419438707	2711.530326345635	-2326.769609422567	109.6033229232397	2622.723485681582	-2209.903368798405	64.80796949232909	2655.444219410339	-2245.539596613366	61.59899628281127	2762.162305573595	-2430.581473701046	73.87662309165874	2657.510746420899	
333	2.57	-2318.571222541181	1566.680299266485	2504.404792606917	-2233.62197295973	1533.971372620358	2356.517214220341	-2198.658660724263	1465.013239646506	2502.654076153349	-2273.733214984451	1019.567197405235	2364.72484499332	-2262.239140342643	1025.903357123999	2635.589448138801	-2442.931917474399	1080.324446737835	2442.615694254872	-2427.086325747107	1099.062265724046	2561.041040421669	-2357.340327484908	927.8829234142537	2315.564189019385	-2374.861003641438	955.8493098698673	2675.045101742714	-2230.061215786669	798.5066557791995	2357.114366154701	-2414.013943217746	799.8519333877578	2371.882890273551	-2304.140067383226	816.794540860473	2302.396934004484	-2294.001083232078	532.3404944101022	2303.866012619287	-2276.803663861691	522.0082807290108	2424.087484572334	-2385.201316556384	399.1394535066691	2301.870151468015	-2284.124994357472	262.3706343633262	2322.717035597636	-2298.247517698476	343.2502599234232	2399.321583050301	-2361.095803555431	108.3168941207588	2287.406344167949	-2327.650879306399	110.9738656197553	2380.031219610743	-2199.757170110072	66.37796614903898	2348.552638759635	-2249.575158010978	54.25864242026629	2233.64943831115	-2421.371775570842	71.8844558705901	2345.830339799153	-2408.707064359074	794.6784508886648	2636.544637153575	-2293.251616101669	814.1458140080673	2703.976137200733	-2220.566340505677	794.2259831644203	2624.174030679515	-2297.179649459852	532.9149394692934	2699.265045274078	-2266.840545789623	522.9922865228449	2576.762888396722	-2285.73893873921	280.0819712798061	2686.67111416004	-2363.867786662867	428.2508787656136	2705.243920494685	-2293.227188362849	379.3714758563239	2602.664239813374	-2369.093920176933	106.2650859629632	2711.515277869955	-2326.782641666466	109.604031358394	2622.707629708856	-2209.901915893614	64.80327806025588	2655.43447502906	-2245.545559369011	61.58503945270279	2762.141680029082	-2430.591381822199	73.87649696243182	2657.511405825977	
334	2.575	-2319.504185962238	1567.651599509565	2504.234292561606	-2234.350907111063	1535.317280593152	2356.354350207041	-2199.272899628595	1466.390424775422	2502.540367501333	-2272.070708137313	1020.24264659929	2364.56077866349	-2260.698079165465	1026.694250655197	2635.616187526854	-2441.428872582938	1080.77173543469	2442.471926332202	-2425.69227383506	1099.583305384659	2560.876673460436	-2356.003411117685	928.4792917258998	2315.562943516321	-2373.473242325113	956.5641405500049	2674.832072035129	-2229.441642603177	798.4134268864508	2357.042835302089	-2413.242129211108	800.8629149711645	2372.274569019376	-2303.497939321258	817.1465126429576	2302.395770361482	-2295.178490489786	532.5648762838896	2304.270878714346	-2277.948648124862	522.2086796130318	2424.417963842862	-2386.193528271003	399.1040950708657	2302.186000800876	-2284.703499162978	262.5537122686855	2322.850475871235	-2299.093068513806	343.3485114845668	2399.521106509158	-2361.159194184776	108.300494951903	2287.432390021996	-2327.666554919418	110.958583950591	2380.032309062522	-2199.736802288908	66.37180159450641	2348.543448752006	-2249.568146477019	54.23984452305491	2233.651264536161	-2421.372717457128	71.8789300871227	2345.828155325823	-2408.135845240289	795.8457695300299	2636.058032199078	-2292.617508093533	814.6149042649919	2703.760932169484	-2219.970849017723	794.2581664966792	2623.969139481393	-2298.364586735136	533.2441624175951	2698.766722054845	-2268.16674677559	523.2623714624464	2576.305505914625	-2286.373075442585	280.3539620884674	2686.442137984749	-2364.98276028268	428.3681972188871	2704.840126204133	-2294.263334323859	379.5534862258272	2602.298669425915	-2369.177755096094	106.2708781235372	2711.50111339753	-2326.794715189229	109.6044178145062	2622.693012409564	-2209.90059425926	64.79867167590616	2655.425755740555	-2245.551553607093	61.57154949630137	2762.122753549355	-2430.600383435183	73.87551724932939	2657.511965291226	
335	2.58	-2320.337887957753	1568.499129981916	2504.080018541881	-2234.995821292639	1536.500292020769	2356.210638461479	-2199.817508313613	1467.603202067035	2502.438856528665	-2270.58522228452	1020.831927879063	2364.413995949191	-2259.321937567257	1027.382700932423	2635.641714710885	-2440.084907525661	1081.158291315706	2442.343357148308	-2424.447354097866	1100.033577171874	2560.729608796836	-2354.810406704087	929.0023942028251	2315.561177066989	-2372.234196096178	957.1876483018558	2674.641853838041	-2228.891897584374	798.3237798134012	2356.975752102536	-2412.551889937607	801.7584011721719	2372.624045509991	-2302.926830325257	817.4548363739569	2302.39195150014	-2296.236113569658	532.7632273599214	2304.627573604495	-2278.975604505097	522.3858223730141	2424.707762347477	-2387.084617177273	399.069878690021	2302.466960746347	-2285.223097207342	262.7159811718338	2322.967391888004	-2299.852608498787	343.4352876623283	2399.69554963679	-2361.216770182563	108.2850263379869	2287.455334058334	-2327.680724360295	110.9449064824181	2380.032922187725	-2199.718466840673	66.36630818048931	2348.534664833268	-2249.562183674508	54.22194093304364	2233.653315172384	-2421.373622334027	71.87364398131952	2345.826477236215	-2407.625160773002	796.8776191905707	2635.622121366249	-2292.054852487683	815.0245206067195	2703.571801663482	-2219.439929780528	794.278486097037	2623.793208735486	-2299.427987586565	533.535288884282	2698.327395012255	-2269.351446939983	523.5019069603457	2575.904403728799	-2286.942107816161	280.5951379113722	2686.240126525595	-2365.982078341051	428.469415622296	2704.483086872304	-2295.190984172733	379.7153557081191	2601.974621699655	-2369.253992764823	106.2748484381193	2711.488029644764	-2326.805744990862	109.6045636709569	2622.679818340736	-2209.899424961274	64.79426950587923	2655.418073775017	-2245.557423847331	61.55876770214446	2762.105670121307	-2430.608484278779	73.87388440305487	2657.512484454879	
336	2.585	-2321.071136689638	1569.228415389574	2503.942751923168	-2235.557948577064	1537.525206066201	2356.085692244063	-2200.292786937417	1468.656020006185	2502.349618849486	-2269.278698724956	1021.339009775513	2364.284746578449	-2258.112211898451	1027.973678136913	2635.665495475792	-2438.902075888378	1081.487949632567	2442.230206385585	-2423.352953137795	1100.417435252105	2560.600152095259	-2353.762360290254	929.4548449141784	2315.559086643872	-2371.145095241917	957.7239348147228	2674.474726982454	-2228.411463280408	798.2399167064162	2356.914151773048	-2411.944290085342	802.5397990757361	2372.930777212905	-2302.426532427775	817.7212017361991	2302.386230050037	-2297.170813539203	532.9359534065317	2304.936932531737	-2279.881874378822	522.5400421020536	2424.957954056219	-2387.872078887256	399.0377311689168	2302.713100341238	-2285.682302034461	262.857644936245	2323.068159753784	-2300.523868478543	343.5108104516893	2399.845657918173	-2361.268203868269	108.2707375066882	2287.4751878015	-2327.69333310181	110.9328941869647	2380.033112737702	-2199.70225267255	66.36149351175719	2348.526453452158	-2249.557198584102	54.2052552007109	2233.655454890312	-2421.374485577898	71.86869723503884	2345.825222146495	-2407.175704612949	797.7761749750623	2635.238054677535	-2291.563093456631	815.3771697742815	2703.408134262455	-2218.973838897914	794.2895375179756	2623.64439836167	-2300.36702514608	533.7888693149478	2697.946035640205	-2270.392917092589	523.7110993321256	2575.558048764871	-2287.444576579441	280.8057371926229	2686.064746510426	-2366.863502112488	428.5555095708227	2704.172164500887	-2296.008180967912	379.8571133916389	2601.691880555305	-2369.322175992218	106.2773309882256	2711.47618288231	-2326.815660837813	109.6045395265852	2622.6681627063	-2209.898418179852	64.79017172785834	2655.411418573315	-2245.563023666919	61.54691136323523	2762.090523281271	-2430.615686586753	73.87180132728481	2657.512997253376	
