inDegrees=no
num_controls=58
num_derivatives=20
num_input_controls=0
num_multipliers=2
num_parameters=0
num_slacks=2
num_states=80
DataType=double
version=3
OpenSimVersion=4.6-2026-03-27-4e5ffda9c
endheader
time	/jointset/ground_pelvis/pelvis_tilt/value	/jointset/ground_pelvis/pelvis_list/value	/jointset/ground_pelvis/pelvis_rotation/value	/jointset/ground_pelvis/pelvis_tx/value	/jointset/ground_pelvis/pelvis_ty/value	/jointset/ground_pelvis/pelvis_tz/value	/jointset/hip_r/hip_flexion_r/value	/jointset/hip_r/hip_adduction_r/value	/jointset/hip_r/hip_rotation_r/value	/jointset/hip_l/hip_flexion_l/value	/jointset/hip_l/hip_adduction_l/value	/jointset/hip_l/hip_rotation_l/value	/jointset/walker_knee_r/knee_angle_r/value	/jointset/patellofemoral_r/knee_angle_r_beta/value	/jointset/walker_knee_l/knee_angle_l/value	/jointset/patellofemoral_l/knee_angle_l_beta/value	/jointset/ankle_r/ankle_angle_r/value	/jointset/ankle_l/ankle_angle_l/value	/jointset/subtalar_r/subtalar_angle_r/value	/jointset/subtalar_l/subtalar_angle_l/value	/jointset/ground_pelvis/pelvis_tilt/speed	/jointset/ground_pelvis/pelvis_list/speed	/jointset/ground_pelvis/pelvis_rotation/speed	/jointset/ground_pelvis/pelvis_tx/speed	/jointset/ground_pelvis/pelvis_ty/speed	/jointset/ground_pelvis/pelvis_tz/speed	/jointset/hip_r/hip_flexion_r/speed	/jointset/hip_r/hip_adduction_r/speed	/jointset/hip_r/hip_rotation_r/speed	/jointset/hip_l/hip_flexion_l/speed	/jointset/hip_l/hip_adduction_l/speed	/jointset/hip_l/hip_rotation_l/speed	/jointset/walker_knee_r/knee_angle_r/speed	/jointset/patellofemoral_r/knee_angle_r_beta/speed	/jointset/walker_knee_l/knee_angle_l/speed	/jointset/patellofemoral_l/knee_angle_l_beta/speed	/jointset/ankle_r/ankle_angle_r/speed	/jointset/ankle_l/ankle_angle_l/speed	/jointset/subtalar_r/subtalar_angle_r/speed	/jointset/subtalar_l/subtalar_angle_l/speed	/forceset/addbrev_r/activation	/forceset/addlong_r/activation	/forceset/addmagDist_r/activation	/forceset/addmagIsch_r/activation	/forceset/addmagMid_r/activation	/forceset/addmagProx_r/activation	/forceset/bflh_r/activation	/forceset/bfsh_r/activation	/forceset/edl_r/activation	/forceset/ehl_r/activation	/forceset/fdl_r/activation	/forceset/fhl_r/activation	/forceset/gaslat_r/activation	/forceset/gasmed_r/activation	/forceset/glmax1_r/activation	/forceset/glmax2_r/activation	/forceset/glmax3_r/activation	/forceset/glmed1_r/activation	/forceset/glmed2_r/activation	/forceset/glmed3_r/activation	/forceset/glmin1_r/activation	/forceset/glmin2_r/activation	/forceset/glmin3_r/activation	/forceset/grac_r/activation	/forceset/iliacus_r/activation	/forceset/perbrev_r/activation	/forceset/perlong_r/activation	/forceset/piri_r/activation	/forceset/psoas_r/activation	/forceset/recfem_r/activation	/forceset/sart_r/activation	/forceset/semimem_r/activation	/forceset/semiten_r/activation	/forceset/soleus_r/activation	/forceset/tfl_r/activation	/forceset/tibant_r/activation	/forceset/tibpost_r/activation	/forceset/vasint_r/activation	/forceset/vaslat_r/activation	/forceset/vasmed_r/activation	/forceset/addbrev_r	/forceset/addlong_r	/forceset/addmagDist_r	/forceset/addmagIsch_r	/forceset/addmagMid_r	/forceset/addmagProx_r	/forceset/bflh_r	/forceset/bfsh_r	/forceset/edl_r	/forceset/ehl_r	/forceset/fdl_r	/forceset/fhl_r	/forceset/gaslat_r	/forceset/gasmed_r	/forceset/glmax1_r	/forceset/glmax2_r	/forceset/glmax3_r	/forceset/glmed1_r	/forceset/glmed2_r	/forceset/glmed3_r	/forceset/glmin1_r	/forceset/glmin2_r	/forceset/glmin3_r	/forceset/grac_r	/forceset/iliacus_r	/forceset/perbrev_r	/forceset/perlong_r	/forceset/piri_r	/forceset/psoas_r	/forceset/recfem_r	/forceset/sart_r	/forceset/semimem_r	/forceset/semiten_r	/forceset/soleus_r	/forceset/tfl_r	/forceset/tibant_r	/forceset/tibpost_r	/forceset/vasint_r	/forceset/vaslat_r	/forceset/vasmed_r	/forceset/pelvis_tx_residual	/forceset/pelvis_ty_residual	/forceset/pelvis_tz_residual	/forceset/pelvis_tilt_residual	/forceset/pelvis_list_residual	/forceset/pelvis_rotation_residual	/forceset/hip_flexion_r_reserve	/forceset/hip_adduction_r_reserve	/forceset/hip_rotation_r_reserve	/forceset/knee_angle_r_reserve	/forceset/ankle_angle_r_reserve	/forceset/subtalar_angle_r_reserve	/forceset/hip_flexion_l_torque	/forceset/hip_adduction_l_torque	/forceset/hip_rotation_l_torque	/forceset/knee_angle_l_torque	/forceset/ankle_angle_l_torque	/forceset/subtalar_angle_l_torque	lambda_cid20_p0	lambda_cid21_p0	/jointset/ground_pelvis/pelvis_tilt/accel	/jointset/ground_pelvis/pelvis_list/accel	/jointset/ground_pelvis/pelvis_rotation/accel	/jointset/ground_pelvis/pelvis_tx/accel	/jointset/ground_pelvis/pelvis_ty/accel	/jointset/ground_pelvis/pelvis_tz/accel	/jointset/hip_r/hip_flexion_r/accel	/jointset/hip_r/hip_adduction_r/accel	/jointset/hip_r/hip_rotation_r/accel	/jointset/hip_l/hip_flexion_l/accel	/jointset/hip_l/hip_adduction_l/accel	/jointset/hip_l/hip_rotation_l/accel	/jointset/walker_knee_r/knee_angle_r/accel	/jointset/patellofemoral_r/knee_angle_r_beta/accel	/jointset/walker_knee_l/knee_angle_l/accel	/jointset/patellofemoral_l/knee_angle_l_beta/accel	/jointset/ankle_r/ankle_angle_r/accel	/jointset/ankle_l/ankle_angle_l/accel	/jointset/subtalar_r/subtalar_angle_r/accel	/jointset/subtalar_l/subtalar_angle_l/accel	gamma_cid20_p0	gamma_cid21_p0
145.924	-0.09325916242948175	-0.05322733732228117	1.482295381021422	0.8565984008360744	1.160512666890537	-0.9639328588062277	-0.1867811938857566	-0.05245508672392925	0.1750170553407474	0.5188634500748115	0.03331789397404492	-0.03148277992788176	0.3168913119530383	0.3168913118898739	1.300228569188762	1.300228570157854	-0.1122990252896883	-0.2193329375579009	-0.4294120447700447	-0.394612781877643	-2.112216432869075	-0.756533218644343	0.3928475533382113	-0.1333272794982264	0.8921801551694541	-0.3058748191833751	-3.076652396799842	-3.116223892661588	-2.989051075214892	1.126345550691926	2.961812590600449	-0.8151388782613276	-3.999864371764234	-3.999864397403405	-8.403170169383111	-8.403170149287401	-8.24305861552252	-0.7124989484790786	3.401799286764249	-2.792856863853014	0.05958789761315469	0.2923710476267414	0.01564443487782952	0.01432958600809122	0.01721964912570525	0.02968914478432142	0.01912575066053069	0.05394068359515011	0.01306008483575104	0.05016241846664121	0.02220881301206077	0.02417605060330625	0.1121212890670661	0.232722051513624	0.02900065833488554	0.03247587897071581	0.01362013326626992	0.05162424429751224	0.03002956103111814	0.02195418247536714	0.04325919389104115	0.02885116959573731	0.02459383114057422	0.0452442552596551	0.2042681395279417	0.5249354030417221	0.07406694621643092	0.02356007241003624	0.1916402423776767	0.02617119222271064	0.05219057062050355	0.01973949993002339	0.02341836444618914	0.08995366073079694	0.04690253759616471	0.4923670742837866	0.01932960458628535	0.01258690698824543	0.01171747708048676	0.01198324766669335	0.05958789761315469	0.2923710476267414	0.01564443487782952	0.01432958600809122	0.01721964912570525	0.02968914478432142	0.01912575066053069	0.05394068359515011	0.01306008483575104	0.05016241846664121	0.02220881301206077	0.02417605060330625	0.1121212890670661	0.232722051513624	0.02900065833488554	0.03247587897071581	0.01362013326626992	0.05162424429751224	0.03002956103111814	0.02195418247536714	0.04325919389104115	0.02885116959573731	0.02459383114057422	0.0452442552596551	0.2042681395279417	0.5249354030417221	0.07406694621643092	0.02356007241003624	0.1916402423776767	0.02617119222271064	0.05219057062050355	0.01973949993002339	0.02341836444618914	0.08995366073079694	0.04690253759616471	0.4923670742837866	0.01932960458628535	0.01258690698824543	0.01171747708048676	0.01198324766669335	0	0	0	0	0	0	0	0	0	0	0	0	-0.12546359554898	0.133158913813103	-0.08488360119664248	0.04402546922922546	0.007935288845106322	-0.003868609493044683	0	0	22.09585365624097	12.86552443577187	7.156672276244169	-1.109918267679647	-1.046276818836282	-1.829695230245915	16.01868461174516	26.15441057536934	-62.26703761008682	-61.34570298173343	-17.3914377085211	26.90362126731295	40.59728211027394	40.59728292200478	-70.28221193386447	-70.28221329972156	15.31617164000687	-32.95697301487616	92.36134173192626	-48.86430096856524	0	0
145.93352	-0.1122529020955645	-0.05989016789390861	1.486345928875515	0.8552887596133374	1.16892522415747	-0.9669125997324436	-0.2152931971329787	-0.08077338377614988	0.1440752271340942	0.5268966806934812	0.06056224991259761	-0.03798221974758149	0.2807421968799254	0.2807421966067628	1.217168857826382	1.217168858912131	-0.1895846128044336	-0.2272910193377435	-0.3931832950779656	-0.4227947381684116	-1.866388873065948	-0.6484137732372117	0.456154615858022	-0.1407040151071143	0.8715573516192756	-0.3185024118292791	-2.907036681401504	-2.816208033959909	-3.473435879314638	0.571705591431241	2.744513919666204	-0.5468715769765167	-3.58460307318086	-3.584603091974074	-9.032858497152899	-9.032858493878781	-7.941158080314757	-0.9248433519442791	4.170247206219403	-3.060986473804069	0.073811917590866	0.2829445202986646	0.01628579457164256	0.01477008436341209	0.02465477005649538	0.03734087709794555	0.01717072752237515	0.04991952923499702	0.0376994270075136	0.04584431564017417	0.01903803166677333	0.02080632712636376	0.1017864341272645	0.2147319077858377	0.02483205585974808	0.02782593858315267	0.01286087792620578	0.04462868197653767	0.02573044387683377	0.01879091010520557	0.04306239658054917	0.02471185780481781	0.0210560838774385	0.04395481333296914	0.2024108748232218	0.4788422352931662	0.06559444298538043	0.02015480876872821	0.1846983578089768	0.02289087729768254	0.04634631149564817	0.01923905317142251	0.02249743993721002	0.0782628068450329	0.04048453849821918	0.4480974211839717	0.01654853091867483	0.01214222145830586	0.01141354130045726	0.01164898730351321	0.1104321598497548	0.2485863488137137	0.01774248990030745	0.01576671743342784	0.0418018628129086	0.05555609289104122	0.01270586595861506	0.03993456317694143	0.09554528316974804	0.03522207876598483	0.01175341168697133	0.01302435234698069	0.07291421976081933	0.1538825849914332	0.0150954542552856	0.01687627777039386	0.01115028005631184	0.02741514016483697	0.01566460734833144	0.0115256697696877	0.04258401177082656	0.01504940525611733	0.01288016201286627	0.04080748370885789	0.1963269231982619	0.2775788595418199	0.04368229611241765	0.01230350754459303	0.162436044941686	0.01527491329586901	0.03192564459989304	0.01809169963133393	0.02036694362754481	0.04707159168041201	0.0248578886300853	0.258271566323827	0.01020125627438868	0.01114215613197175	0.01073127297163846	0.01089817518930816	0	0	0	0	0	0	0	0	0	0	0	0	-0.1287395914723597	0.1548540936305272	-0.07104621600382466	0.05551264105932752	0.008200129923711053	-0.004365620318908257	0	0	29.39220905814173	9.538979058103516	5.870283771825396	-0.4108891146898663	-3.317798384407415	-0.8105046185738012	20.01571619094089	36.64403932405386	-38.1708907160288	-54.71580153763863	-28.23223990940846	28.93345354721198	46.85268174647423	46.85268236057571	-61.75032940683657	-61.75033146117167	48.13512584356631	-11.17746264288589	67.49734639639249	-6.823900431928559	0	0
145.94304	-0.1285929861713064	-0.06570190376038741	1.490914836785412	0.8539430571434196	1.177035882683867	-0.9699653824717516	-0.241972568950877	-0.1057866979422313	0.1097449635883395	0.5299934065886468	0.08525322928740942	-0.04188809013174916	0.2488513456209199	0.2488513451951672	1.128528624253701	1.12852862527664	-0.2625095978542273	-0.2362446947675962	-0.3509180766771867	-0.4515751740481778	-1.556956041010617	-0.5803017179671505	0.4990484032404301	-0.1406861291599599	0.8285705106804393	-0.3211623404922034	-2.688061143975577	-2.42540322880293	-3.687158307167294	0.09358549953985643	2.426754149714202	-0.2760916069915643	-3.103004604403842	-3.103004617634203	-9.572478900129896	-9.572478916405382	-7.328133663388724	-0.9187322258034352	4.65430851401493	-2.915681212454619	0.1063184740791241	0.2591456833576095	0.01775994277723034	0.01578234101445494	0.04151272576357231	0.05479039314843243	0.01264191966252282	0.04041469804539968	0.09186558593878899	0.03564616668421884	0.0116610004594444	0.01295448053873558	0.07649735339629937	0.1689109946207786	0.01507785499652534	0.01691562553045027	0.01111237242082634	0.02798531436216052	0.01566300725530749	0.01143145233587356	0.04260352229907145	0.01502834174048625	0.01280798646942611	0.04093724456034239	0.1978453636023809	0.3556342830028546	0.04519530054498606	0.0122216039409893	0.1675222302503473	0.01524196687034978	0.03247961652180775	0.01808340404921146	0.0203649521122344	0.04973367263054532	0.02526611185496277	0.3297306875204897	0.01009231751145331	0.01111921997521268	0.01071479861543053	0.01088038317604563	0.1612764220863548	0.204801650000686	0.01984054492278538	0.01720384885876447	0.06638407650011194	0.08142304099776101	0.006285981256699436	0.02592844275873275	0.178030481503745	0.02028173906532845	0.001298010361881888	0.001872654090655128	0.03370715045457257	0.07504311846924237	0.001190250175685664	0.001276676570071913	0.00868042684635377	0.003206036032161695	0.001299653665544746	0.00109715706400825	0.04190882965061197	0.001247640916497361	0.001166492885158314	0.03637071215806068	0.188385706868582	0.03022231604191774	0.01329764600840438	0.001046942679149807	0.1332318475056953	0.004378634369027382	0.01166071857928253	0.01644389933264447	0.01731552280890047	0.004189522630027084	0.002813239664005891	0.02417605836386728	0.001072907962492005	0.009697405275698078	0.009745068862790168	0.009813102711922978	0	0	0	0	0	0	0	0	0	0	0	0	-0.1320155873957395	0.1765492734479515	-0.05720883081100685	0.06699981288942956	0.008464971002315779	-0.004862631144771831	0	0	35.35860235015082	4.656207706882335	2.943063267542409	0.4214989426963039	-5.711370996320126	0.2473837435154982	26.18989943676527	45.03436403477163	-5.566395881200318	-45.43586809552109	-38.27307552246408	27.42567904612501	54.52629970820765	54.52630034252638	-51.27613371909248	-51.27613565989243	80.39741240691613	12.44673421986453	32.99134800119326	37.11474082364208	0	0
145.95256	-0.1417414452465398	-0.07109066809204274	1.495744987737065	0.852635242917956	1.184629995230665	-0.9729964120461527	-0.2662763658029991	-0.1267400230589508	0.07494973278428697	0.5289793189201681	0.10649166366604	-0.04332942836737694	0.2219092136230501	0.2219092131049858	1.03525783065377	1.035257831441269	-0.3281696434195243	-0.2440840433006611	-0.3056979434450069	-0.4770261675899734	-1.19851320346136	-0.5593826407496538	0.5098847271482859	-0.1328029348078257	0.7632455325596937	-0.3140628374801705	-2.407518466702779	-1.967647087288563	-3.562720653310329	-0.2903731355927568	2.02245968594683	-0.03348936506199163	-2.543454394960663	-2.543454400544502	-10.00210291872338	-10.00210295102471	-6.41919138267995	-0.6933959994526543	4.783548298038816	-2.368317554430051	0.1251564347109653	0.2429295950934563	0.01698105736738562	0.01511444136785375	0.04874152871947061	0.06939753890902069	0.0101433372471628	0.04123667583900668	0.1286631759899378	0.03498060792599827	0.01209442306672458	0.01014205122752721	0.06269444704741796	0.1160271712497435	0.01002405643877345	0.0100149703813902	0.01003464582180322	0.01488761830218526	0.01006632033806843	0.01005278070734938	0.03649991429797276	0.01143249095414592	0.01059823159236555	0.04577071060432211	0.182577153404371	0.2625260221552912	0.02619246850196021	0.01052281868066209	0.1527482052081394	0.01020791322540684	0.03105992043046281	0.01880707998145467	0.02086859685626998	0.02566681372304746	0.01572669504626158	0.2500346916330932	0.02926276454715779	0.01033474275711547	0.01019167895428067	0.01027899498469936	0.1312574962992955	0.2331796801981787	0.01348464787988948	0.0124260672141551	0.0454506430389209	0.08410402414505302	0.009759976054327575	0.05517301245671102	0.1573936944314082	0.04603941993631371	0.02155426355921903	0.01290597897129512	0.06237820385882369	0.0380718837681845	0.01002352204103573	0.00726194545389629	0.009623895783864892	0.005056918833706607	0.009225502013328682	0.01542532500436524	0.02236811290070719	0.01460493856067964	0.01516583813236603	0.06133400118799565	0.1416081342488287	0.1907033332079135	0.007152467556511619	0.01585788551635042	0.1366388699695601	0.007791244993783438	0.04476544626483459	0.02181504411744006	0.02454325224124575	0.005360247686442563	0.01219786009340541	0.215480742265948	0.08096635873045896	0.00974876113782302	0.009819522400054116	0.009811586941032463	0	0	0	0	0	0	0	0	0	0	0	0	-0.1306804649682018	0.1651425405155059	-0.05302431999077482	0.07421285341580285	0.007252623216755979	-0.004732334469456415	0	0	39.65307474808081	-0.1057606476633909	-0.6999189196996722	1.21477736527824	-7.968287588465337	1.220301503367222	32.62889785522871	50.6527370925939	32.21148718125982	-35.21262184385701	-46.23151532914286	23.17043601421369	63.12116255352127	63.12116354228186	-38.5837161918101	-38.58371757919289	109.8556105246972	34.34068806276006	-6.102851786556117	76.65564163199208	0	0
145.96208	-0.1513095193362323	-0.07647684593219471	1.500513750360231	0.851436147672909	1.191504785451427	-0.975918277660639	-0.2876347406966618	-0.1431239768581797	0.04307809736077095	0.524769058931467	0.1235622376772408	-0.04268362654767228	0.2006890703570124	0.2006890698349968	0.9385095020642716	0.9385095024917384	-0.3839174225022122	-0.2488450132023166	-0.2610190166018183	-0.4956034742144728	-0.8075782949348355	-0.5772394461847836	0.4865596241899292	-0.1181304150959268	0.6780433347130949	-0.2985258838779778	-2.071699225292561	-1.469900483675423	-3.072045721124381	-0.5788545230353465	1.555762706225981	0.1596792269767389	-1.900625891597223	-1.900625886510793	-10.29898671203523	-10.29898675422541	-5.254937089845448	-0.2790344504420127	4.543044567006144	-1.486931405094403	0.1197387439019929	0.2454376998071626	0.01299532942433671	0.01207782731427007	0.04049963169231347	0.07747005056866786	0.01109068645147758	0.05741862173498906	0.1361307937333528	0.04877466087436342	0.02383083267872745	0.01529411729013335	0.07097696536373574	0.06741056076268254	0.01294890451200297	0.01049584443602087	0.01012610951261709	0.01012592712767012	0.01223343308315183	0.0176983571531792	0.02278671959803835	0.01755129874224009	0.01769313420953828	0.06137171246563422	0.1524497169882799	0.2684000739133873	0.01391080661965929	0.01829879069999411	0.1462810483743127	0.01002380312688858	0.04858610808171015	0.02217122324059571	0.02517585275147758	0.01502132569903524	0.01687528602609379	0.2781542191745416	0.08032488369573655	0.01003342764216818	0.01001429277267969	0.0100244967553163	0.1012385705122361	0.2615577103956714	0.007128750836993576	0.007648285569545726	0.02451720957772987	0.08678500729234506	0.01323397085195571	0.08441758215468929	0.1367569073590713	0.07179710080729895	0.04181051675655617	0.02393930385193511	0.09104925726307479	0.001100649067126634	0.0188567939063858	0.01324721433772067	0.01056736472137602	0.006907801635251519	0.01715135036111262	0.02975349294472223	0.002827396150802417	0.02796223620486192	0.02916518337957375	0.0862972902179306	0.09483056162907538	0.3511843503739092	0.001007289104618862	0.03066882835355104	0.1400458924334249	0.0112038556185395	0.07787017395038666	0.02718618890223565	0.03177098167359103	0.006530972742858042	0.02158248052280493	0.4067854261680288	0.1608598094984259	0.009800116999947962	0.009893975937318061	0.009810071170141949	0	0	0	0	0	0	0	0	0	0	0	0	-0.1293453425406642	0.1537358075830602	-0.0488398091705428	0.08142589394217614	0.006040275431196178	-0.004602037794140998	0	0	42.1785881262074	-3.286480248473809	-4.089068967891749	1.829457422768539	-9.852848873801445	2.006180770497521	37.54690720308427	53.46875831785845	70.53917085859109	-25.60055468117642	-51.28788447516403	17.20975417357251	71.88882452518341	71.88882571843463	-23.33453702997751	-23.33453769445065	133.4904508504467	51.8214842986599	-43.64896470282866	106.5648927251642	0	0
145.9716	-0.1570686031237979	-0.08214170383174277	1.504919242286999	0.8504008967040982	1.197490723857318	-0.978660209181935	-0.3056109631085323	-0.1546809488423032	0.01756427326041838	0.5182256433727707	0.1360094298554169	-0.04048389878154985	0.1859795672648188	0.1859795668433159	0.8396674241576551	0.8396674241662789	-0.4276356655575941	-0.2489534516215803	-0.2202391242083235	-0.5046212370179105	-0.4011822276662442	-0.613939279014539	0.4350822756401752	-0.09878994450366664	0.5773717571019951	-0.2766554163142569	-1.701291185859305	-0.9575471163454999	-2.234421252713065	-0.7832213215989212	1.056366736774045	0.291733434022012	-1.176647026918172	-1.176647011311598	-10.4375599894907	-10.43756003385348	-3.906399442621377	0.274836115559955	3.976282397841713	-0.3805718348837856	0.1166616464840578	0.2519678475209637	0.01030543597549113	0.01012832157274399	0.03549543808604711	0.08229888257598336	0.01169579790252522	0.06309311386299457	0.1195356367060033	0.06779580390888112	0.0391986862892496	0.01867421026991766	0.0687993591487103	0.07097237688705997	0.01455713225146649	0.01143128467965721	0.01027119729226934	0.01261850549093377	0.01374379474142425	0.02066607274883656	0.01842146776606792	0.02155637560568827	0.02091377041149933	0.06753715579695453	0.1388727444239488	0.2645506571892032	0.1278825959811797	0.02090594011635864	0.1479095169413363	0.01344789037899102	0.05796750940761945	0.0217803266241904	0.02466488943948617	0.01080358774997053	0.02607468903896553	0.3788321777176187	0.1360635985291601	0.01004490653480838	0.01001177354898442	0.01002886193715525	0.1234844992611542	0.2606501020365936	0.009090412613470208	0.009401467263013556	0.03666750064411745	0.08720912423532781	0.01128490552217177	0.05456892587715843	0.07070063488436663	0.09650650812932501	0.06063938771189421	0.01920699863739869	0.04607774534827401	0.1339829940472172	0.01329962585459314	0.01125742790172811	0.01023209846523345	0.02086122673012881	0.01308136232491204	0.01743511349951223	0.02470420800076857	0.02209582247023358	0.01875535991528459	0.06217836409646987	0.1466031379721731	0.1761411893594846	0.448098177968088	0.01658732779344745	0.158101456373873	0.0201737617791086	0.05658410604617183	0.01671464030704552	0.01798977195348306	0.008280688489750625	0.0434335108090478	0.6463033266079825	0.2232708316495849	0.01026275369851687	0.01010525706551148	0.01021525155706592	0	0	0	0	0	0	0	0	0	0	0	0	-0.144347052097312	0.1173456674461979	-0.02913203183391963	0.09078567463277862	0.002880233206251655	-0.004139682856137089	0	0	42.88970104640662	-3.964677655803494	-6.530587834208627	2.188097158281459	-11.19706317559712	2.544633573355284	39.76391709875288	53.78247056705504	104.2230550156997	-17.67291322553273	-53.06891642242225	10.46876038692584	80.04481121282001	80.04481213993115	-5.314597595011694	-5.314597352035271	148.0442082928745	63.53103704907289	-73.74875192654623	123.55455960262	0	0
145.98112	-0.1589549326711143	-0.0881449444005995	1.508742375455618	0.8495619081432615	1.202466588186687	-0.9811735133794215	-0.320006644075363	-0.1613796066319166	0.001423199571107731	0.5100640140575654	0.1436720344566991	-0.03733563805286482	0.1785148354434953	0.1785148352031879	0.7403635879260494	0.7403635875392935	-0.4580266076627842	-0.2433493419804663	-0.1860528721691411	-0.5025475244750136	0.003014798202746707	-0.6439701109383612	0.3661933301775369	-0.07732588128047545	0.4668294947115025	-0.2509115511555148	-1.324324600920465	-0.4526072685239014	-1.118256944796132	-0.9222488015551716	0.5558440970934674	0.3588961150974304	-0.3806458375602942	-0.380645816198549	-10.39184060453418	-10.39184064151547	-2.47392146428895	0.9115931704058714	3.176653989540006	0.82097699176871	0.125908611710288	0.2553243716335211	0.01029726907360937	0.01031716170711752	0.03991830250078678	0.08483132892193576	0.01082328874734123	0.04965498080807004	0.07741968704062893	0.08921224231303578	0.05605651086436723	0.01740138467851011	0.04356950272680512	0.1386466879394796	0.01203222438913318	0.01067325666971163	0.01013800487980632	0.02164615982760046	0.01203290676688364	0.014876765522362	0.02884441349170132	0.01992211062010886	0.01633505242782048	0.05755990568536022	0.1558568736953868	0.1857630602009837	0.3745050027492461	0.01394957749385983	0.1572275021807033	0.02002195288199057	0.05072119066151454	0.0156317703657754	0.01659735613352742	0.01001076776671792	0.04214080534551776	0.5250366185477011	0.1911191719889027	0.01031770498091155	0.01013311896355851	0.01026540110104142	0.1457304280100723	0.2597424936775157	0.01105207438994684	0.01115464895648138	0.04881779171050504	0.08763324117831058	0.009335840192387819	0.02472026959962758	0.004644362409661991	0.1212159154513511	0.07946825866723224	0.01447469342286228	0.00110623343347323	0.2668653390273077	0.007742457802800478	0.00926764146573556	0.009896832209090893	0.03481465182500609	0.009011374288711472	0.005116734054302238	0.04658101985073472	0.01622940873560523	0.00834553645099544	0.03805943797500912	0.1983757143152708	0.001098028345060039	0.8951890668315573	0.002505827233343859	0.1761570203143211	0.02914366793967769	0.035298038141957	0.006243091711855381	0.004208562233375102	0.01003040423664321	0.06528454109529068	0.8858212270479362	0.2856818538007438	0.01072539039708577	0.0103165381937049	0.01062043194398988	0	0	0	0	0	0	0	0	0	0	0	0	-0.1593487616539597	0.08095552730933564	-0.009424254497296471	0.1001454553233811	-0.0002798090186928679	-0.003677327918133179	0	0	41.70511205330252	-1.909055997155991	-7.731861769625175	2.27844977794151	-11.9211108278963	2.821244242447145	38.94656014144584	51.97905478958976	128.3002287862323	-11.89785634915113	-51.54960576416071	3.692856334318954	86.92475021934436	86.92475046316605	15.31503893485375	15.3150402539512	150.7483707371441	69.27056764147399	-92.02393701313289	126.5650407226496	0	0
145.99064	-0.1570757319951231	-0.09430421393566826	1.511873652094751	0.848927672355378	1.206366638714001	-0.9834329035974629	-0.3308913239553059	-0.1633799460696828	-0.003191456514590119	0.5008090062175501	0.1466850532019431	-0.03384754904986344	0.1789149966515432	0.1789149966148732	0.6424626860406432	0.6424626853763238	-0.4748563692464444	-0.2315094981104859	-0.1601018291382199	-0.4891024507967842	0.3869194821752762	-0.6431768388073257	0.291587098244564	-0.05613926675800712	0.352322795384109	-0.2236837395255339	-0.9675912583177163	0.02685757176479858	0.1658876147158936	-1.016067285834412	0.08424457702448412	0.3642103398450796	0.4728919873378644	0.4728920077320455	-10.13971798125397	-10.13971800123961	-1.078565649577421	1.575978929899455	2.268087223883371	1.987590384664932	0.1482664273951335	0.282608468336052	0.01123574879257421	0.01059972826739306	0.05418100715465008	0.1016256856472841	0.01013019079761295	0.04166157435809558	0.06567818688826049	0.08933710457543141	0.05722250314939065	0.01450332375919504	0.02482832943942099	0.1666780605614502	0.0100570555266286	0.01002848960387788	0.01004494330486461	0.0241152666757964	0.01049040007266654	0.0103120034403393	0.0318337144568891	0.01660236547101291	0.01231379077430501	0.0584845079026042	0.177186937118711	0.10455547603574	0.4883870265151225	0.01030167795912282	0.1774108172888816	0.02484250445285878	0.04938437334207536	0.01096556969548166	0.01072491264738252	0.01003759304290907	0.04540097519599588	0.5719101220991821	0.1997545252804506	0.01041292117233641	0.01017692372946087	0.01034868627315705	0.1974046645530609	0.3757422814931596	0.0127161447755639	0.01054182739779524	0.08187897857707421	0.1449778466266381	0.00980375115118111	0.04266463303622579	0.09432558936444531	0.06215970642207926	0.04029362165925907	0.01033748726733471	0.014996291797226	0.1373566139044558	0.009158077678042144	0.009743166831110884	0.01003551740229535	0.01884574846374539	0.009517829375531131	0.008053254814893211	0.02401755352493685	0.01206786453852674	0.009792438219843205	0.07693864190964807	0.2066138521150611	0.0159101779374716	0.4686402960306915	0.01147880923257943	0.2238291196080296	0.02841231998997555	0.05883917529255483	0.008158646044944817	0.007638600940689952	0.01008140170797636	0.03381111718513637	0.4465696742956748	0.1433523829834316	0.01029000517022731	0.0101237640664176	0.01024245480768004	0	0	0	0	0	0	0	0	0	0	0	0	-0.1880863106393068	0.1117218626842414	-0.00529408812391885	0.1161520326852734	-0.004413805011814069	-0.0009293823243974013	0	0	38.6478805758783	2.370700339506413	-7.769813056263958	2.139578589761853	-12.03995004107297	2.8641422116264	35.67697714585124	48.51378632075523	139.0461567391477	-8.098738725506815	-47.08516088624486	-2.398820874484146	92.0745418377213	92.07454144428377	37.89442350711593	37.8944256640296	140.1544765676036	69.40962805095199	-96.55154220436718	116.5039349291344	0	0
146.00016	-0.151707055948802	-0.100238626447125	1.514306956583134	0.8484861692921551	1.209179435105348	-0.9854340760089897	-0.3385534075264168	-0.1609930911800781	0.004680810536044216	0.4908083697765208	0.1454484341545453	-0.03056631681181558	0.187644368886221	0.1876443690214901	0.5480018472005862	0.5480018464484659	-0.4790807996682694	-0.2134183636272537	-0.1428028556677764	-0.4651797594172695	0.7333009143275296	-0.594597777856544	0.2208541369407782	-0.03708213359402992	0.2392406098081687	-0.1969507907030211	-0.649630400022424	0.4670036257306496	1.481006173155771	-1.081386738594944	-0.3331922727315997	0.3176340274518324	1.365912580173066	1.365912595674062	-9.66798633584466	-9.667986334125532	0.15403344060979	2.216612276472485	1.379577065659764	3.005148691909772	0.1835260010874039	0.3448341660111602	0.01259205068255304	0.0103637310183369	0.07801522141249306	0.1377902505038073	0.01010893113325873	0.04771627470552445	0.1054750812178682	0.0584317876120482	0.03636049878508516	0.01087397602131671	0.0239527693046258	0.1185947581546308	0.01003975193817708	0.010032127156577	0.01008613634519917	0.01606828018191893	0.01013038937808554	0.01005674801993589	0.02039231878605432	0.01277890594718391	0.01142319307153497	0.0792905426163857	0.1921033784975373	0.06435697920770439	0.3939502162248236	0.01391284679044924	0.2094208918442823	0.02649583769641791	0.06136924335394809	0.01007246536089344	0.01017950757206503	0.01007842875399138	0.02940593919456951	0.4429723671460292	0.1383045365471214	0.01020083002479587	0.01008367307499438	0.01016480522509515	0.2490789010960496	0.4917420693088034	0.01438021516118096	0.009929005839109103	0.1149401654436434	0.2023224520749656	0.0102716621099744	0.06060899647282399	0.1840068163192286	0.003103497392807455	0.001118984651285907	0.006200281111807135	0.02888635016097877	0.007847888781603982	0.01057369755328381	0.01021869219648621	0.0101742025954998	0.002876845102484683	0.01002428446235079	0.01098977557548418	0.001454087199138973	0.007906320341448244	0.01123933998869097	0.115817845844287	0.2148519899148515	0.03072232752988317	0.04209152522982564	0.02045179123181501	0.271501218901738	0.0276809720402734	0.08238031244315265	0.01007420037803425	0.0110686396480048	0.01013239917930951	0.002337693274982068	0.007318121543413581	0.001022912166119253	0.009854619943368843	0.009930989939130311	0.009864477671370187	0	0	0	0	0	0	0	0	0	0	0	0	-0.2168238596246538	0.1424881980591473	-0.001163921750541229	0.1321586100471658	-0.00854780100493527	0.001818563269338377	0	0	33.82104533501479	8.00419787319392	-6.995763046298801	1.845820968395142	-11.63839799540886	2.72613612493258	30.93045927932132	43.73148629273306	134.6716578825993	-5.884820108436462	-40.2538603831325	-7.113022506910412	95.1568259397542	95.15682540281028	61.18760954276845	61.18761181341196	116.8574225088792	64.32753236987254	-88.1364177494756	95.73772301126337	0	0
146.00968	-0.1432876849721794	-0.1054415094730423	1.516108379237571	0.8482114883776929	1.210940583025058	-0.9871891864408741	-0.3434199242262039	-0.1546546182018172	0.02464471252947873	0.4802612495736088	0.1405789308585974	-0.02791604856369985	0.2049790054427239	0.2049790057051883	0.4590778643121778	0.4590778636724459	-0.4727881745976474	-0.189535470663485	-0.1334145376374069	-0.4326368744409193	1.024782305762256	-0.4882160143568787	0.1592941506999988	-0.02119132727519577	0.1320463897063316	-0.172201747870028	-0.381896638676797	0.8545507041270859	2.682382194050771	-1.133628879661091	-0.6757488462827073	0.234531097932508	2.276772566755088	2.2767725785577	-8.978322904174345	-8.978322883265976	1.115501959741419	2.78467963918442	0.6223075619664713	3.786678789868996	0.216693137532245	0.4060955313544871	0.01306508094024564	0.01017392106531777	0.09724132484395777	0.1694942937352766	0.01017474661096086	0.05784536097844358	0.1365393281690629	0.04026293869494899	0.01930519242145387	0.01006658833443421	0.02734819469351232	0.06302531482921746	0.0102403329352687	0.01010062138818587	0.01011108191912376	0.01005391107870463	0.010087537595055	0.01040862032117846	0.01133436831085909	0.01045833003957269	0.01140655873006655	0.1006685914192097	0.2130650566156707	0.04261316615552982	0.2688047849639645	0.02066749327418756	0.244119728784461	0.02527376808501515	0.07603652677530409	0.01010635697085657	0.01060412965469939	0.01011732323050616	0.02004187480368392	0.2911907676531318	0.07189821535041467	0.01004526124563255	0.01001433537780425	0.01002967705430754	0.2678128483691511	0.5171278231763458	0.01265296123442356	0.01010741796838115	0.1175161455316203	0.2099283306802913	0.01018785732632253	0.07229040772594407	0.1575290214123044	0.04058221725109355	0.008247482792029517	0.01210013681010132	0.03117002197972738	0.004836568133914105	0.01024891718645957	0.01010006185954976	0.01009430686939626	0.007319933605934141	0.01007913675271176	0.01042671715658607	0.006292843180761724	0.009256555566264056	0.01151954883500333	0.1273789493208487	0.2620054748598863	0.01641847723627033	0.09349988984470863	0.03067862641099933	0.3073500446817295	0.0214425936319927	0.09622612405591585	0.0101807277888518	0.01082154706194829	0.01015981801247016	0.02041997042900757	0.06802828269405897	0.001409812677456305	0.009982543670875909	0.009985079549613375	0.009974894483954303	0	0	0	0	0	0	0	0	0	0	0	0	-0.2406657661204598	0.1622674911029252	-0.01200173992678596	0.1437570942294942	-0.01224092848996629	0.002717434996467472	0	0	27.08195855773927	14.4421235866825	-5.933261966523692	1.489528161775894	-10.82277939342987	2.454771131498532	25.17001639391653	37.38595998237542	115.3578358391521	-5.404960637160377	-31.39612854711532	-10.01460728955197	95.75355204582233	95.75355186898562	83.33915335899533	83.33915501608176	83.8878164222555	54.16380936385577	-69.5886473261623	67.48740688970098	0	0
146.0192	-0.1324282514861745	-0.1093335543679516	1.517370874155438	0.8480719124975442	1.211722902688478	-0.9887224514008516	-0.3460099726972715	-0.1449422632180751	0.05496799293314715	0.4692101563137503	0.1328764004429131	-0.02615673373845174	0.2309707867314363	0.2309707871057081	0.3776836672108102	0.377683666831251	-0.4589291953393302	-0.1607829747368214	-0.1302899192892334	-0.3940090889645025	1.242935184657818	-0.3188254228753948	0.1074028058256346	-0.008678387513937272	0.0340308315612545	-0.1504760663920328	-0.1723405627849069	1.172808483263428	3.637387446534448	-1.190186828170534	-0.9257850266484926	0.1339659804185304	3.18024151657269	3.18024152895449	-8.090949373588233	-8.090949341291509	1.735981493255703	3.231389275596563	0.07266559220282176	4.276834633617248	0.2425491873026873	0.4517698537103295	0.01226797728636281	0.01019735617452896	0.107636312334186	0.1891184203489511	0.01015387837254635	0.06863577619814724	0.1389265256953063	0.0518526931393389	0.01560113782297762	0.01313192871362272	0.03010107428358461	0.03155067090414808	0.01013653372701515	0.0100606964994536	0.01007528680039178	0.01003659104868247	0.01010129288201205	0.01023043521549419	0.0101789810841257	0.0102540863952646	0.01156129935413416	0.1165588158609844	0.2448713016019202	0.02423808321048781	0.2070324348680179	0.02929878413333396	0.2781976388076903	0.02120770136703275	0.08996477042971952	0.01018233132555052	0.01063972496465016	0.01014955684161583	0.02606063203739282	0.2125677845122309	0.03524985827757372	0.01005390293454259	0.01001650573640475	0.01003678612634817	0.2865467956422527	0.5425135770438881	0.01092570730766615	0.0102858300976532	0.1200921256195972	0.2175342092856169	0.01010405254267067	0.08397181897906417	0.1310512265053802	0.07806093710937964	0.01537598093277313	0.01799999250839551	0.03345369379847599	0.001825247486224227	0.00992413681963533	0.009981431522613307	0.01001441114329273	0.0117630221093836	0.01013398904307272	0.009863658737687965	0.01113159916238448	0.01060679079107987	0.0117997576813157	0.1389400527974104	0.3091589598049211	0.002114626942657496	0.1449082544595916	0.04090546159018366	0.3431988704617209	0.01520421522371199	0.110071935668679	0.01028725519966935	0.01057445447589178	0.01018723684563082	0.03850224758303308	0.1287384438447043	0.001796713188793357	0.01011046739838297	0.01003916916009644	0.01008531129653842	0	0	0	0	0	0	0	0	0	0	0	0	-0.2645076726162658	0.1820467841467032	-0.02283955810303069	0.1553555784118227	-0.01593405597499731	0.003616306723596567	0	0	18.47361957034045	21.11706051268522	-5.010910836237912	1.145336453688302	-9.73935960309694	2.10090959555405	18.8129068065093	29.16394502054026	83.50120420837459	-6.754735187153377	-20.91992166322337	-10.70559802260018	93.58441731883025	93.5844175686828	102.4454122293394	102.445412986209	46.12443017293644	38.80346475835827	-45.39632618175867	35.03345837463187	0	0
146.02872	-0.1199043091612798	-0.111316397165663	1.518176750741828	0.8480365423931348	1.21162309251158	-0.9900654132231411	-0.3468934595352523	-0.1325999351680339	0.09279801792718713	0.4575369993028031	0.1232841122638271	-0.02534864863482796	0.2654238918184372	0.2654238923234101	0.3055413013199878	0.3055413012727927	-0.4408843319863646	-0.1285523579972082	-0.1312802901961146	-0.3522160822863966	1.37242020482944	-0.08809217890505648	0.06284067917635555	0.0007851538806684426	-0.05315926432248885	-0.1322430704586522	-0.02304835433633522	1.404296951964003	4.246696136134417	-1.26637156076393	-1.071451189473778	0.03863679648262292	4.050129653497201	4.050129668539384	-7.041511774794189	-7.041511738034366	1.996039590623621	3.507327289240686	-0.2423368731063877	4.449563269823771	0.2640806587232656	0.4893691731465706	0.01129296933215224	0.01021070805816134	0.1123621945034024	0.2036847703859733	0.01011745111603164	0.07935394683743781	0.1435469584774304	0.05473661657351767	0.01436337197855785	0.01430596732839547	0.027221238693332	0.02521852813445628	0.01003652182115741	0.01002324908155504	0.01004384017690552	0.01068747835112379	0.01010969250115001	0.01006764581551437	0.01169669050073627	0.0123264649275112	0.01495411824229316	0.1286758054485574	0.2737370557088461	0.02850873199372909	0.1745506871226195	0.03797766873714339	0.307655248733703	0.0243977985580036	0.1036173951747807	0.01018881795058918	0.01047893417218732	0.01011980828969201	0.0406559584090987	0.1792658584307553	0.01790894563230153	0.01006746076298178	0.01002274891612887	0.01004954100506614	0.3009588914768765	0.5675328191003423	0.01021118239452597	0.01016767435279326	0.1150411938142381	0.2263505091151965	0.01007703950144424	0.09443201466211185	0.1639503953963055	0.03969986483855526	0.01174547937170303	0.01293007067580627	0.01767325911750444	0.0346185850972577	0.009987845536544457	0.01000481981300744	0.01002367689530743	0.01072041758313243	0.01010153753958183	0.0100056869040031	0.01431466138236102	0.01668785143681522	0.02241747020009615	0.1444282604537085	0.3190711390452296	0.05656164473802625	0.123253402879269	0.04896546404940759	0.3582685267583461	0.03672614283994379	0.1239634091487532	0.01011687207327939	0.01017280845084002	0.01002224855480255	0.06507486263818478	0.1427480406337694	0.00487871687950383	0.01005117668650109	0.01001803579494979	0.01003808274321379	0	0	0	0	0	0	0	0	0	0	0	0	-0.2921340999710255	0.178407440258562	-0.01517051208141444	0.1687565734590666	-0.01854675162809981	0.004875936144031871	0	0	8.575220859755971	27.18291790625153	-4.420372418510764	0.8542438762219201	-8.583110958872462	1.734050911336833	12.66327769582361	19.19654343253683	43.6444024408996	-9.394647150548927	-9.621496829597504	-8.925872548833333	88.75623509454319	88.75623532804858	117.2488420153848	117.2488422839682	9.077118172794812	18.39011394765886	-21.30009521216	1.266669821105118	0	0
146.03824	-0.1066073231874017	-0.1108465254076008	1.518578534356629	0.8480791453126088	1.210744374592831	-0.99125069068392	-0.3466205631729963	-0.1185291450961086	0.1345674591500181	0.4450099707009831	0.112819513994916	-0.02533348158938947	0.3079050507395861	0.3079050513945866	0.2439895263077406	0.2439895266197331	-0.4219731789949861	-0.09468511913084877	-0.1342459923445206	-0.3102996911876411	1.404476839136059	0.1941660710767403	0.02180962656451116	0.007814123038230208	-0.1298181973237341	-0.1172382533604905	0.07242603733047329	1.533566905520159	4.461571242634916	-1.37006062277946	-1.109087804411072	-0.02922115593703498	4.863471143115918	4.863471159183071	-5.873494022156048	-5.87349398369897	1.927052238518372	3.568912604685557	-0.3516728869972569	4.304439790271252	0.28225900875819	0.5218137694161008	0.01046711235775776	0.01014788216633738	0.1122335952951935	0.2155041318369655	0.01008647811782326	0.08977145731147415	0.1613731886547608	0.03502682426568551	0.01174265661686144	0.01187841135319724	0.01699489210334818	0.04055609642699746	0.01003135182392625	0.01002104817151927	0.01003598067343969	0.01035726341995753	0.01009442508751616	0.01008140780789057	0.01416963217313503	0.01669339992348334	0.02244226445221375	0.1374254409008958	0.2941132331895355	0.06004626639717219	0.1459056146408927	0.04619338398392107	0.330697283070853	0.03778433498312459	0.1171335828465011	0.01009283704382438	0.01017851408003982	0.01001170708380624	0.06135883259982009	0.1664646922552848	0.01180259192368726	0.01003881082937095	0.01001312956158568	0.01002754107683361	0.3153709873115003	0.5925520611567964	0.009496657481385781	0.01004951860793332	0.1099902620088789	0.235166808944776	0.01005002646021782	0.1048922103451595	0.196849564287231	0.001338792567730872	0.008114977810632938	0.007860148843217032	0.001892824436532894	0.06741192270829117	0.01005155425345358	0.01002820810340158	0.01003294264732212	0.009677813056881267	0.01006908603609095	0.01014771507031824	0.01749772360233756	0.02276891208255058	0.03303518271887659	0.1499164681100066	0.3289833182855381	0.111008662533395	0.1015985512989464	0.05702546650863152	0.3733381830549714	0.05824807045617559	0.1378548826288273	0.009946488946889431	0.00977116242578826	0.009857260263974278	0.09164747769333649	0.1567576374228346	0.007960720570214304	0.009991885974619205	0.009996902429803139	0.009990854189889159	0	0	0	0	0	0	0	0	0	0	0	0	-0.3197605273257851	0.1747680963704208	-0.007501466059798196	0.1821575685063105	-0.0211594472812023	0.006135565564467174	0	0	-1.865148940100745	31.80972684723423	-4.261791033592135	0.6321603868095744	-7.560834060488026	1.437115338958794	7.666143651713855	7.744123159073023	1.616190699963606	-12.33614482780509	1.655314500305324	-5.002031213886125	81.83051646824804	81.83051645243054	127.3658159480263	127.3658160586143	-22.27699257534007	-5.9909230475641	-3.07390174862334	-31.4741509013417	0	0
146.04776	-0.09347729878134317	-0.1075102475290985	1.518593242560642	0.8481792028032161	1.209177953601699	-0.9923045417316793	-0.3456372831208598	-0.1037640733827682	0.176507164816393	0.4313727519829689	0.1025007208126059	-0.0257570694453855	0.3577932046821015	0.3577932054871754	0.1939490217513397	0.1939490224323314	-0.4050117019441891	-0.061378379354551	-0.1375684427673105	-0.2712224444178825	1.3377776417928	0.510636339447714	-0.01863260016546058	0.01288744616940047	-0.1981488351886215	-0.1043853357060386	0.1294512736042586	1.548575607041876	4.287384158321253	-1.497947284197728	-1.041690070176458	-0.050499277567512	5.604260741239949	5.604260756564798	-4.629835747739734	-4.629835708974444	1.60087816676617	3.38596952349876	-0.3335724874908211	3.855913267533662	0.3002804003257029	0.5510927019246792	0.01022656800521384	0.01010892887529442	0.1184670800158392	0.2289595154997269	0.01008088075603669	0.09709238960204737	0.1744830518852324	0.03299789623148112	0.01011768535479883	0.01005705605475028	0.01282417702863273	0.05287367103848001	0.01006064451624111	0.01003031028835277	0.01003930307933988	0.01004699667354108	0.01008996554269053	0.01012360706987471	0.01402267218444895	0.01716727602514585	0.02560649725257468	0.1469257394348893	0.3089495336943604	0.08068565061370593	0.1318032481097187	0.0560665378523069	0.3493467277009163	0.05482922868004503	0.1273066285947272	0.01007547472196992	0.0102121781030436	0.01001475261888748	0.07367144809351467	0.161791574415988	0.01003707319537387	0.01002429995001477	0.0100082046552725	0.01001599106829064	0.3370953702221556	0.6163556356195826	0.01048780951389624	0.01010284913399855	0.1380437251623213	0.2571489627674777	0.01009839494110266	0.1041841920757918	0.1845635904393728	0.05560542317562919	0.0094613117281692	0.009280697181877554	0.01573880132155848	0.06051251471283806	0.01010949941589741	0.01004512052141299	0.01004923473140563	0.009912601340467201	0.0101008695176548	0.01016334760840742	0.01093813695666417	0.01320781344568582	0.02413279691529929	0.1645422288194969	0.3331406443203988	0.09064979788822942	0.1274408269783848	0.07151998727800882	0.383291211187019	0.07957526382506258	0.1388589265077665	0.01015721775293322	0.01062312716795735	0.01014879453863091	0.07970780962601333	0.1556721609418381	0.009241469003798091	0.01003051542363716	0.0100105625301107	0.0100203925080078	0	0	0	0	0	0	0	0	0	0	0	0	-0.3437097967434696	0.1842371518028567	-0.0145275789526244	0.1909675225719947	-0.02040052738751651	0.006535140777294227	0	0	-12.03334026787058	34.26151565948079	-4.194847961068545	0.4296093347581644	-6.861649243298445	1.295695758784648	4.717734224396443	-4.699705395262265	-37.33739441383183	-14.22982686353961	12.38872140161054	0.830469153819927	73.66969037148071	73.66969026758328	133.3027472038941	133.3027471195688	-44.57244212187499	-32.62069712446498	4.927607441032564	-62.44593215286025	0	0
146.05728	-0.08143002881359002	-0.1010891728939473	1.518232268037786	0.8483176626013321	1.206986170836105	-0.9932392460809699	-0.3442063725771514	-0.08942718083919328	0.2151153728035324	0.4164653029232281	0.09329895699651136	-0.02609487224466556	0.4143555030947513	0.4143555040412215	0.155968563870118	0.1559685649099705	-0.3920119428753055	-0.03102315177534103	-0.140537321610531	-0.2377881534016554	1.178638050113592	0.8379778822722086	-0.05617293575260855	0.01576976874771671	-0.2619250356763927	-0.09184888417531191	0.1706526407705785	1.443137871582135	3.772596705139103	-1.632848892081162	-0.8756145629352412	-0.009021703232764256	6.265047518725943	6.265047533115189	-3.344315638113088	-3.3443156022614	1.111018275438693	2.949938283957122	-0.296781330006318	3.122456589576613	0.3195344345254389	0.5781361891777893	0.01069923032972594	0.01012343473655412	0.1351917695763925	0.2458858269380809	0.01010654757827145	0.1003036510972049	0.175806809797415	0.06145103075936558	0.01020955273372715	0.01010823381791991	0.01894531430530894	0.05462219963936565	0.01010653571336399	0.01004400480963597	0.01005013991012011	0.01005235839049249	0.01010650310301191	0.01015041434936647	0.01017146484680433	0.01186792937767959	0.02192811393865913	0.1587152577905529	0.3193362123149032	0.07953204774949978	0.1366100177601609	0.06823534307992006	0.3643769479138823	0.07368131886498824	0.1329304343917179	0.01019024958771128	0.0107196286940763	0.01018492873761146	0.07310926684546645	0.1587602086119448	0.01003123937438176	0.01004057874855608	0.01001404829473094	0.01002824821295514	0.3588197531328109	0.6401592100823689	0.0114789615464067	0.01015617966006377	0.1660971883157638	0.2791311165901793	0.01014676342198751	0.1034761738064241	0.1722776165915147	0.1098720537835275	0.01080764564570546	0.01070124552053807	0.02958477820658407	0.05361310671738494	0.01016744457834124	0.01006203293942441	0.01006552681548915	0.01014738962405314	0.01013265299921865	0.01017898014649659	0.00437855031099077	0.003646714808821066	0.01523041111172199	0.1791679895289872	0.3372979703552595	0.07029093324306386	0.1532831026578232	0.0860145080473861	0.3932442393190667	0.1009024571939496	0.1398629703867056	0.01036794655897701	0.01147509191012643	0.01044032881328754	0.06776814155869017	0.1545866844608416	0.01052221743738188	0.01006914487265511	0.01002422263041826	0.01004993082612644	0	0	0	0	0	0	0	0	0	0	0	0	-0.367659066161154	0.1937062072352927	-0.02155369184545059	0.1997774766376789	-0.01964160749383072	0.006934715990121281	0	0	-21.17846525963533	34.03731323033534	-3.535053828859818	0.1564643365040061	-6.620103552621211	1.379556518529979	4.399368931144091	-17.44453312779277	-69.43619252219744	-13.56464693003884	22.37219223231608	8.024367616161264	65.15453985092167	65.15453974709851	136.4434338777696	136.4434333125622	-56.65319391235623	-58.54389432031518	0.7579410779784177	-91.19229620973799	0	0
146.0668	-0.07129063831743289	-0.09160498379682358	1.517560187771625	0.8484691031786954	1.204190509754263	-0.9940469757699131	-0.3423559598119709	-0.07666878268576201	0.2474994718727926	0.4003575790323173	0.08611936352448867	-0.02570385916042183	0.4768249921706013	0.4768249932474824	0.1303457491549976	0.1303457505024949	-0.3840748267991966	-0.005938152847624631	-0.143523771679201	-0.2125935763346525	0.9393664779732888	1.149606074026356	-0.08206157872345396	0.01536434081791414	-0.3258275588072609	-0.07730432798626802	0.2219227915549797	1.21747415941729	2.994200197429664	-1.744034861579632	-0.6179954522607435	0.1029385871204713	6.845712107045495	6.845712119741649	-2.035467715382398	-2.035467687386173	0.5523391539199243	2.286248352146866	-0.3552412590695341	2.130161202446152	0.3287326735159734	0.5896430614132241	0.01092312457825173	0.01014115230491839	0.1368106977685401	0.250524508792448	0.01010605607341487	0.1063938071736834	0.1733898620266303	0.07781138464114486	0.01041742283545781	0.01031922412914827	0.0206575189927818	0.05878365508749809	0.01009823455075286	0.01004004917569615	0.01004883712411295	0.01007851090707203	0.01009371671527444	0.01012451560311612	0.01395665589678284	0.01322314148201974	0.02224424093260729	0.1645927737111139	0.3346051327583492	0.07228730601759496	0.1483028542962748	0.07246758730632412	0.37685029694599	0.08563067255160399	0.1396821071079391	0.01020036865558326	0.01076759778481361	0.01024488709604583	0.08267395919288216	0.1646683898844211	0.01020400769632863	0.01004544968287724	0.01001573409564185	0.01003185780353502	0.3288726632719957	0.5857548275294913	0.01078164201573041	0.01015379851687282	0.1148570780954948	0.2375409696151731	0.01007182363635402	0.1205996020777582	0.1688338682296711	0.07874268429259236	0.0103895994857342	0.01030247146375015	0.01573386412197245	0.07008310903755124	0.01002948604063877	0.01001635133350795	0.01003324703392334	0.01005869255844835	0.01004357751426426	0.01004305733163535	0.0272306528181708	0.02301596268811283	0.02849028637520396	0.1650577411215969	0.3766407564865904	0.06107029797818617	0.1688838925505644	0.06838953429151551	0.4005262882741875	0.09412523866851512	0.1536698653617929	0.01007658387921507	0.01025221685402448	0.01016854871623741	0.1123353871408707	0.1863838766037335	0.01018578034095737	0.01003280586054548	0.01001112089926429	0.01002206471500528	0	0	0	0	0	0	0	0	0	0	0	0	-0.3802446144470386	0.1982829262624133	-0.007724327366389821	0.2014830105965647	-0.02223718814998592	0.01258818361019978	0	0	-28.81446707408572	30.95626328587731	-1.665131616793851	-0.2737895429414902	-6.88974796499711	1.718170889959274	6.808509954379012	-29.86850137362367	-92.48285894591857	-9.086300554738862	31.64593123427815	15.42290218198341	56.91384387258257	56.91384356942859	138.453884022387	138.4538829670059	-59.2715232717477	-79.76426588179886	-14.69653394642279	-116.6078131125148	0	0
146.07632	-0.06375004129184339	-0.07933564575834663	1.516748833485486	0.8485940979677195	1.200766821938023	-0.9946972172225894	-0.3398708170282239	-0.0666116408548774	0.2715758671578659	0.3834591882838866	0.08180414745622538	-0.02392237997228836	0.544456947280746	0.5444569484577558	0.1172709107921449	0.1172709123530043	-0.3814518130329768	0.01198197650152364	-0.1479014641096275	-0.1979323146746012	0.6353246943441329	1.418826654856902	-0.08300708919880839	0.009874002091669025	-0.3946157913094402	-0.0583936780401453	0.307684213332239	0.8768484084413724	2.042771290158084	-1.792120989814064	-0.2746379391942394	0.2815794967609665	7.350495936902464	7.350495944359935	-0.7082717932149839	-0.7082717769131237	0.006709484110958654	1.458142620227489	-0.6014221449923062	0.9169209281394641	0.3223029670618347	0.5781330798436743	0.01061361587352802	0.01014722640318379	0.1126742682998243	0.2354353057728325	0.01006243276858764	0.1178713746594213	0.1704955602425924	0.06898267239632122	0.01026274224885839	0.01017696765949416	0.0134504060444379	0.06942038310334279	0.01001481149461069	0.01001191707624699	0.01002958639934821	0.01003812104243737	0.01003672996071519	0.01003487092024863	0.0285205174864011	0.02482662148359945	0.02984141223227342	0.1611716244890497	0.3591257312350763	0.06392082167745415	0.1616546395977408	0.06517958969877355	0.3872397014166313	0.08780094860268266	0.1497123885601215	0.01003582595957231	0.01007964151005443	0.01011266871192636	0.1097150108180709	0.1823576163804006	0.0100817461694646	0.01002644353047578	0.01000885167668263	0.0100172300130092	0.2989255734111804	0.5313504449766139	0.01008432248505411	0.01015141737368187	0.06361696787522589	0.195950822640167	0.009996883850720518	0.1377230303490924	0.1653901198678275	0.04761331480165722	0.009971553325762937	0.009903697406962226	0.001882950037360833	0.08655311135771755	0.009891527502936299	0.009970669727591495	0.01000096725235753	0.009969995492843569	0.009954502029309874	0.009907134516774106	0.05008275532535084	0.04238521056740459	0.04175016163868592	0.1509474927142066	0.4159835426179212	0.05184966271330847	0.1844846824433056	0.05076456053564492	0.4078083372293084	0.08734802014308067	0.1674767603368802	0.009785221199453128	0.009029341797922519	0.009896768619187278	0.1569026327230512	0.2181810687466253	0.009849343244532861	0.009996466848435847	0.009998019168110323	0.009994198603884109	0	0	0	0	0	0	0	0	0	0	0	0	-0.3928301627329232	0.2028596452895339	0.006105037112670953	0.2031885445554505	-0.02483276880614112	0.01824165123027827	0	0	-34.78260296097958	25.19391477327474	1.726676706903277	-0.9173212499973212	-7.631946687613354	2.288893333363342	11.5317884045012	-41.53658687298691	-105.7872324162348	-0.319751635949609	40.42423965944449	21.87403898415464	49.23362739187014	49.23362653660688	140.3938317651389	140.3938303738206	-54.27124576858593	-92.53864348715429	-37.91365164834729	-137.3883058003641	0	0
146.08584	-0.05934944494300122	-0.06479891943930473	1.516104747807479	0.8486343548991664	1.19664884917414	-0.9951387473753838	-0.3363293493708535	-0.06031055412451257	0.2861350734990066	0.3665601401857163	0.08114959960878276	-0.02017267262071598	0.6165554469862281	0.6165554481847647	0.1169207772138367	0.1169207788620189	-0.3837069753746359	0.02160063620496416	-0.1557344645234142	-0.1956745700011635	0.2823047293913606	1.6226042111073	-0.04469710212415615	-0.002767701911075031	-0.472228003511661	-0.03319214274759619	0.4462001836951012	0.4301667728001294	1.009560902070559	-1.738259812047188	0.1503815191764337	0.5134024937921989	7.785003392292247	7.785003388268099	0.637908938158312	0.6379089397223759	-0.4639775314233834	0.560129607087884	-1.085146164549895	-0.4654245956364805	0.2957041043611706	0.5377603316113395	0.01027890805088553	0.01011675878341058	0.08089233323652172	0.2056711336115052	0.01005706646721734	0.1283963583514929	0.1705560200812793	0.05863087683469256	0.01028458704855716	0.01010435467575039	0.01077716680238049	0.07575970012710034	0.01013954213340583	0.01002357764027509	0.01002158279523987	0.01539695301004488	0.02213471135696704	0.0210943694727357	0.03868848414032126	0.04443887760949046	0.04664697267902469	0.1523193946751009	0.3588277714937538	0.06690326035818976	0.1622280688344126	0.07060243768278683	0.3739528193998038	0.07606183807031219	0.1563000738116086	0.01106993616317041	0.01158653497022826	0.01001248542175474	0.1275921381831383	0.1983602674872871	0.01004938233485703	0.01002243251492776	0.01000759191529852	0.01001489112155519	0.2168914853144896	0.3997195336622822	0.009966089523267847	0.0100451658334706	0.03526893783666275	0.1398484090476543	0.01009906919591756	0.1417597012617578	0.1751144847500236	0.05002376686213884	0.01057333948892801	0.01016706799129353	0.01424018674192105	0.07778581615850812	0.01052003063334468	0.01008363032656326	0.01002726580221949	0.02754078272482513	0.04980015338840507	0.04638418192698452	0.04482050470937522	0.0767190211174556	0.07727520491519949	0.1340655413465341	0.3069250703204323	0.08458146455443666	0.1442375240548627	0.09654850292695841	0.3025986451849523	0.04527125378537514	0.1610231337201171	0.01359245585655381	0.01582919302376704	0.00996633289702057	0.1380576600716039	0.2187945826359835	0.01016845723317942	0.01003816093312683	0.01001369985835141	0.01002863642342442	0	0	0	0	0	0	0	0	0	0	0	0	-0.3616053313857598	0.1243377769164617	0.01721502153566964	0.1786157536827131	-0.02289148554768341	0.03828358128376344	0	0	-39.10896539736808	17.3262368579945	6.507818391399232	-1.766881067688658	-8.714731320585985	3.026448393669966	17.74499194722867	-52.07963284275887	-109.7861279300492	12.16165401412493	48.76692409201765	26.40396667795675	42.14660361059947	42.146602078959	142.396511850766	142.3965101623934	-43.90383773949181	-94.05327411630741	-63.64243687431848	-151.7121488543877	0	0
146.09536	-0.05848055088787189	-0.04870217671544391	1.516055158362553	0.8485137411445903	1.19174001615827	-0.9953053915648258	-0.3311742710640781	-0.05871686233598243	0.2908089947784483	0.3507814534247829	0.08490707482376042	-0.01405549821383185	0.6924779791614778	0.6924779802458489	0.1294719593245636	0.1294719609089045	-0.3899166932802738	0.02279477576263217	-0.1693102559041848	-0.2070925539599948	-0.1039341062887543	1.744407116300821	0.04284568429485922	-0.0240722476336574	-0.5609780372514793	-0.0005195108221299389	0.6478199535643973	-0.1094291163722291	-0.02037221617876685	-1.552973998686314	0.6505862320485878	0.7735772134863572	8.154754197119173	8.154754176709616	2.001175360012789	2.001175344939021	-0.8189220918830997	-0.2908913099228225	-1.802640128093832	-1.94053689739868	0.2453393063306127	0.4638814723098973	0.01006949695351881	0.01004238317882502	0.04939188199427386	0.1629365619429026	0.01011401117236581	0.135662580217704	0.1750386950658033	0.05495262768382776	0.01064223162803023	0.01022635945130196	0.0167343068995635	0.07417698916947972	0.01055596034059046	0.01009392818887474	0.01003345393207721	0.02762333350513332	0.0493043116238927	0.04603158254625333	0.04019641677502094	0.07128225102240184	0.07294727823285779	0.1395673894489539	0.3155470502701429	0.08529165893085239	0.143624923963097	0.0966539748165112	0.3245052302127654	0.04788600873152701	0.156752491105174	0.01370122026832933	0.01613247226545191	0.01001064335286416	0.127299159064867	0.2072806092392799	0.01022062124472796	0.01004490330245952	0.01001614785102389	0.010033861261518	0.1348573972177988	0.2680886223479506	0.009847856561481582	0.009938914293259328	0.00692090779809962	0.08374599545514169	0.01020125454111461	0.1457963721744231	0.1848388496322197	0.05243421892262044	0.01117512565209309	0.01043043857562483	0.02659742344648126	0.06901852095929871	0.01114853376375307	0.01019659092553503	0.01005356435208144	0.04511156995680668	0.08964580474750027	0.08286122933719495	0.03955825409339962	0.1110528316675066	0.1128002481917131	0.1171835899788616	0.1978665980229433	0.1173132663955648	0.1039903656664199	0.1423324453182719	0.1973889531405963	0.003194487427669611	0.1545695071033541	0.01739969051365449	0.02262904424961156	0.01003589717485386	0.1192126874201567	0.2194080965253417	0.01048757122182598	0.01007985501781782	0.01002938054859251	0.01006307424296474	0	0	0	0	0	0	0	0	0	0	0	0	-0.3303805000385963	0.04581590854338951	0.02832500595866833	0.1540429628099757	-0.0209502022892257	0.05832551133724861	0	0	-41.73186492782374	8.101600238433477	11.88463060617993	-2.709319286667708	-9.932033694048268	3.842624905255474	24.68226323164328	-60.93207873664587	-105.2125031783257	27.0127295984016	56.04220360708416	27.54842992937875	35.61864761979391	35.61864581008054	143.8096283528573	143.8096266060499	-30.28034657543416	-82.47368764167028	-86.07222986711641	-156.1934244386193	0	0
146.10488	-0.06137868023661064	-0.03187566962070994	1.517077398059691	0.8481484149145626	1.185932018232364	-0.995123921717636	-0.3237804298219859	-0.06262557034292497	0.2860076170381505	0.3374542600741313	0.09372502938233672	-0.005478918559580888	0.7716319881942519	0.7716319890057816	0.1550412573138754	0.1550412586794691	-0.3988596038821542	0.01661452500425016	-0.1906219700482356	-0.2325608442544255	-0.5058921912867644	1.774960432874373	0.1793574260720276	-0.05400060552356355	-0.6609210506037628	0.039910971121441	0.9169386267831066	-0.7215998954814442	-0.9684080930201516	-1.222560082759693	1.209565731164478	1.022303521122065	8.464585165658304	8.464585129393079	3.36951759162715	3.369517561365603	-1.035813984572545	-0.9682095535768962	-2.696807727194739	-3.39509135081668	0.1996664492479794	0.3809298476085252	0.01357929208780141	0.02421910803721598	0.03070964237502731	0.116523834906745	0.04478276317662702	0.1438063621429249	0.1787314088308291	0.05654363012321802	0.01066308959870781	0.01024681518349587	0.02031911525824699	0.07277019614884626	0.01067662468619049	0.01011950136117374	0.01005575605521165	0.0509776704393532	0.05801256916021742	0.05387116286191734	0.06104157738547158	0.07653051581809257	0.07797302038709258	0.1253288465200652	0.2745324354334735	0.08919866723204763	0.1330907843256561	0.1005377343571911	0.2617404297238349	0.02421829368117968	0.1374779032019382	0.07015224179860399	0.05815327542037121	0.0100187699891321	0.1081234565575586	0.212376706426517	0.01024931215318063	0.01005434413277905	0.01001965895872064	0.01004155199434322	0.1404912056346547	0.211187355263652	0.02165522120121335	0.0567580773482139	0.02046191331630287	0.04611962386358674	0.1268966475209011	0.1593016333858871	0.1819299821642323	0.06263208001947709	0.0102705315265136	0.01012440738948701	0.02033125466762897	0.07342718444287506	0.01045835157066202	0.01009210359164882	0.01008905496863254	0.09296042049574368	0.04534968269548492	0.04194295384834039	0.1134513255212007	0.05612136971902005	0.05693860964372592	0.102696147208076	0.2255968253087888	0.07226299768442204	0.1353605954832721	0.07167621645946542	0.1418139520066733	0.00438168332735093	0.08130722011959117	0.2068863135941831	0.1549397505876731	0.01001613362503886	0.06031859434151525	0.21872969396096	0.01009351039908308	0.01004665664784529	0.01001660700514271	0.01003467923232466	0	0	0	0	0	0	0	0	0	0	0	0	-0.2206648856669695	-0.148503828955939	0.02869974737595388	-0.005884248486677998	-0.1315565051007508	0.270671709661312	0	0	-42.33793524370892	-1.728924012489832	16.55258873630118	-3.539394213821685	-11.01830547262329	4.639912204815751	31.8873504415082	-67.13172914799694	-92.67159167802286	42.28653539931877	60.82581702581501	23.80766601517626	29.53081790535008	29.53081649883988	143.1329848883521	143.1329835352915	-15.15904717715171	-57.76830326444001	-100.0011142626524	-146.7904388167874	0	0
146.1144	-0.06809491064036662	-0.0152058235493371	1.519583213505199	0.8474649968194337	1.179128663839868	-0.9945228015393268	-0.3134947405724696	-0.07258869949261572	0.2728632812052586	0.3279450010397549	0.1080229219925032	0.005214442236450486	0.8534641022763907	0.8534641026915142	0.1935488167059535	0.1935488177345581	-0.4091750478512412	0.005278570591759098	-0.2209046654187694	-0.2712089129496214	-0.9020682562128466	1.711505771676912	0.3510506562515502	-0.09033607576689875	-0.7694055380203376	0.0874602659639864	1.255746599941124	-1.375115359504872	-1.76136850666174	-0.7539594763316012	1.794973171638107	1.209777215249856	8.717726580353338	8.717726534780695	4.71213144955619	4.71213141053456	-1.106964307578674	-1.357384367871569	-3.668056775747076	-4.68355372077662	0.1750313730773205	0.3038471904953809	0.02180256225046272	0.05594703179488959	0.02949704918706615	0.07159252730797624	0.1198227486875729	0.1543895801062254	0.1794083263073505	0.06271266093082098	0.01014797524346459	0.01007813398413997	0.0182674076179076	0.07439331610695631	0.01032780153293491	0.01006972337215545	0.01008569824850614	0.08631854515168742	0.03773750149886956	0.03491435779123471	0.1083573898092204	0.04970201278357536	0.0506038247439122	0.1106998255428132	0.2607877850714261	0.06764771765329838	0.1424115634513452	0.06584707876051563	0.1984320805712822	0.01381419048942771	0.09083124945302332	0.186957173082549	0.1429368907985503	0.01001073641884807	0.06792219054256374	0.2149171705075723	0.01003309664463959	0.01003907956302193	0.01001373435504012	0.01002833400372153	0.1461250140515107	0.1542860881793535	0.03346258584094512	0.1035772404031685	0.03400291883450612	0.008493252272031777	0.2435920405006876	0.1728068945973511	0.1790211146962448	0.07282994111633377	0.00936593740093411	0.009818376203349187	0.01406508588877668	0.0778358479264514	0.009768169377570978	0.009987616257762609	0.01012454558518363	0.1408092710346807	0.001053560643469572	0.001024678359485841	0.1873443969490018	0.001189907770533495	0.001076971095738802	0.08820870443729044	0.2533270525946343	0.02721272897327927	0.1667308253001243	0.001019987600658946	0.08623895087275046	0.005568879227032249	0.008044933135828271	0.3963729366747117	0.2872504569257346	0.009996370075223865	0.001424501262873802	0.2180512913965784	0.009699449576340185	0.01001345827787275	0.0100038334616929	0.01000628422168459	0	0	0	0	0	0	0	0	0	0	0	0	-0.1109492712953428	-0.3428235664552674	0.02907448879323942	-0.1658114597833317	-0.2421628079122758	0.4830179079853755	0	0	-40.43196238288971	-11.55162216406242	19.0379448858108	-4.015725296050344	-11.67508476197517	5.322478007067872	39.34175741155482	-69.39169590153691	-72.74635128149467	55.61663273560089	61.29040826798621	14.73779836210453	23.65599157986633	23.65599107105723	137.9288824108625	137.9288820062743	0.1621855051900499	-22.62054544861204	-101.8388645596728	-121.15691597595	0	0
146.12392	-0.07845328102828771	0.0004221290224838144	1.523788697098998	0.8464219085560337	1.17127280944392	-0.9934408779002141	-0.2996414946551577	-0.08880126825090463	0.2531747742291786	0.3234408815292805	0.1278309596297124	0.01721175257231982	0.9374382570075799	0.9374382569799232	0.2444998345240454	0.2444998351815599	-0.4194808453530662	-0.00806741537214764	-0.2603141039731498	-0.3207207904114832	-1.266400705804981	1.557154799043952	0.5310628794261862	-0.1286684021408214	-0.8808545221596003	0.1405893020360417	1.666807660272195	-2.026222361644368	-2.333018706801836	-0.1785136514910515	2.357837428335895	1.28964794031319	8.91417136655854	8.914171320524504	5.971717189205912	5.971717152325548	-1.03483525973262	-1.382136039242942	-4.592683463658439	-5.65307554253206	0.1917096446159098	0.2639421039135435	0.04952766364820826	0.1064069675564358	0.06127868171846658	0.06446003448188212	0.161555950346733	0.1451807841083693	0.1735728417371597	0.06196488304716304	0.01020750977888804	0.01008289610719871	0.01447446603205156	0.06547170735883781	0.01005120551877939	0.01002469163375473	0.01008568023567659	0.0949702968168905	0.0187490132005601	0.01746669960261709	0.1472394249033377	0.02366492291087281	0.02471521157189244	0.09362674762187986	0.2731837611505631	0.05601580824834548	0.1460770707526186	0.03200543966716726	0.1629023222739219	0.01003646268500778	0.04763562318020451	0.2621281032145873	0.1983125243574979	0.01000877807195911	0.03299784964974918	0.2053127532411413	0.01005038836512187	0.01012524584949214	0.0100864403475142	0.01029094114247317	0.2691150796725583	0.2470314885693186	0.1065632946361054	0.200668466843854	0.1359734726111506	0.09742716518130738	0.1763397858394307	0.1013255351248218	0.1555244837910214	0.05153217895290976	0.01098473728028328	0.01030752682789481	0.009320901650384362	0.03947314766957044	0.009893522434079554	0.009991645341735467	0.0100536334941716	0.0712024321468505	0.004332301427998599	0.004575362736458935	0.1918365699405612	0.001204849561671424	0.003274616865015393	0.06543910737609385	0.3235888976571777	0.05977738735701011	0.1360802837263751	0.001925387281280795	0.1447156536987532	0.008322016027114557	0.004629003444844011	0.3271156414640771	0.2433159851578501	0.01001623548917151	0.001345183990379304	0.1707653495933539	0.01036387450142909	0.01033903590037227	0.0102571739321138	0.01089652034699696	0	0	0	0	0	0	0	0	0	0	0	0	-0.07750401956404333	-0.2073461159951358	0.0736461901193069	-0.2173471531772212	-0.3228060955381906	0.6357501366842049	0	0	-35.60410345946058	-20.68738850381349	18.15338136065492	-3.930803513656688	-11.58827544480781	5.796578577966234	47.02582338177348	-66.43791281006692	-46.39848653622648	64.24555557415971	55.89679204832472	1.535026665059762	17.50860926964796	17.50860965014766	125.186011141903	125.1860120304151	14.82719971489212	17.76695794400035	-90.15997602570756	-80.24885963433127	0	0
146.13344	-0.09201600652896544	0.01418786177107599	1.529610401443539	0.8450276853420985	1.162374630003989	-0.9918358753260834	-0.2815289018916303	-0.1109892532478794	0.2293159364138936	0.3247017689609511	0.1526558919988143	0.02933611228014817	1.02299096559191	1.022990965154536	0.3067194078269877	0.3067194081943651	-0.4284524740574872	-0.01981294276195503	-0.3077984171019388	-0.3774225266422736	-1.570560291219881	1.322955585054408	0.6845561324750756	-0.1630376104613301	-0.9867211616411061	0.1968752134695909	2.149982962190762	-2.620856711986571	-2.630256286969864	0.445115249415757	2.838709320175431	1.233972181948339	9.04761264252199	9.04761260360474	7.063365314464025	7.063365292515232	-0.8287039857355855	-1.023199135960095	-5.344335281480751	-6.176718799538283	0.25410682128295	0.2777457316865318	0.09963744572717281	0.1757504524590504	0.1270308753813313	0.1062647596731735	0.1502676783591363	0.1054212811083657	0.1595367850273804	0.05018003589359793	0.01116933718521301	0.01036821122057287	0.01010594275256353	0.04047127787208864	0.01000738141725776	0.01000808344269429	0.01004458806779768	0.06282005237436826	0.01194670050217178	0.01158502796726949	0.1682904455386771	0.01141878503414358	0.01375285898572631	0.07318333299691711	0.3090342765765878	0.06762367824279629	0.1333572822657018	0.01599528742837453	0.1693514382311367	0.01001828099620529	0.0236475876062375	0.2718035538679981	0.2063437093655398	0.01001946482762362	0.01583129076609436	0.1786563125065118	0.01044245800324176	0.01035007328400027	0.01026376586750279	0.01091665930494789	0.3921051452936059	0.3397768889592837	0.1796640034312658	0.2977596932845396	0.2379440263877951	0.186361078090583	0.1090875311781738	0.02984417565229246	0.132027852885798	0.03023441678948574	0.01260353715963245	0.01079667745244043	0.004576717411992048	0.001110447412689479	0.01001887549058813	0.009995674425708324	0.009982721403159577	0.001595593259020337	0.007611042212527626	0.008126047113432028	0.1963287429321205	0.001219791352809352	0.005472262634291984	0.04266951031489725	0.3938507427197211	0.09234204574074095	0.1054297421526258	0.002830786961902644	0.203192356524756	0.01107515282719686	0.001213073753859752	0.2578583462534424	0.1993815133899657	0.01003610090311916	0.001265866717884804	0.1234794077901295	0.011028299426518	0.0106646135228718	0.0105105144025347	0.01178675647230933	0	0	0	0	0	0	0	0	0	0	0	0	-0.0440587678327439	-0.07186866553500422	0.1182178914453744	-0.2688828465711107	-0.4034493831641053	0.7884823653830341	0	0	-27.82749605312749	-28.13646618584815	13.48342090058503	-3.176444943791651	-10.45658068304217	5.971173925756499	54.33090706201118	-57.44742325770006	-15.51592896331118	65.28487372945726	44.07613416178175	-13.22864028418357	10.26022867832231	10.26022976703409	102.3178357218407	102.3178379377416	28.21302208393228	56.86764033452844	-65.83583270387963	-28.47926995839305	0	0
146.14296	-0.1080817089066433	0.02542498500724325	1.536630354960992	0.8433503732518074	1.152538328812323	-0.9896925549111001	-0.2585043369025415	-0.1383371206718392	0.2040613148370071	0.3318050741514679	0.1814319641035221	0.04027450213562412	1.109457821313292	1.109457820562946	0.3781275507290316	0.3781275510024185	-0.4348819847396038	-0.02646288043468429	-0.3611766681258892	-0.436676728823068	-1.788255420767105	1.030420203770272	0.777866407065598	-0.1871429353823896	-1.075939724019285	0.253083856610743	2.696179400637992	-3.100484996260132	-2.624125313949665	1.033348173929694	3.17883487267612	1.043202235461371	9.10292072774137	9.102920701592327	7.884473185261489	7.884473188589696	-0.5039115968937925	-0.3237994017619993	-5.815715686552209	-6.183352997345181	0.2727409025200363	0.2795716916939374	0.1156507192418723	0.1955097550734181	0.1499865712863819	0.1213541346927604	0.1171673806200695	0.08852260001068707	0.1528727068803569	0.04347134668869745	0.01134170906885468	0.01044871225308902	0.01022512895312395	0.02351797424222789	0.0100148729350743	0.01000785785427005	0.01004521148881819	0.1024717442258715	0.01000962252668192	0.01000564726150405	0.1911135594385746	0.01005384761861647	0.01001829367668977	0.06087120383082451	0.3369852684204044	0.07770792590430967	0.1287260872061368	0.01000565106603091	0.1869039349031355	0.01040746317935259	0.02238722247232326	0.2394463353059322	0.1811394770599147	0.01002501248762875	0.03018981844850665	0.1671751156413967	0.01051128358729305	0.01045534012345598	0.0103366438122881	0.01111815864244311	0.2143509734339875	0.2310116457359959	0.09040140169858794	0.1494495187864653	0.1195647194919461	0.09386848764663135	0.0551355941013067	0.1043726080224283	0.1559223693673007	0.04350249231660801	0.01054519777360378	0.01027574506108398	0.01503017057930085	0.01560919602628137	0.0100221529001025	0.01001757680296368	0.01009757427696512	0.2594853022377634	0.009234221468064692	0.00931353081262871	0.2391980347358491	0.01534696144403818	0.008430145146604734	0.05457887709500341	0.367393651880252	0.0830361132823908	0.1387463047102653	0.00730723743812523	0.2130962922901079	0.0104068444851697	0.03778199071146717	0.1373776513127916	0.1053511528570919	0.01002371019286173	0.0755236847886525	0.1778771659958506	0.01018243892726693	0.01043171282630657	0.01029637666512577	0.01085242549952937	0	0	0	0	0	0	0	0	0	0	0	0	-0.07374064928187643	-0.1784762564531001	0.1779613164465892	-0.2905315222016762	-0.4695625288270724	0.9286867338777117	0	0	-17.54809636914154	-32.76203797863326	5.725917316888657	-1.796010411351362	-8.067926235696756	5.769785155353038	60.01881158263404	-42.32815989675555	16.68547658921172	56.55965023964126	26.55684286820819	-26.28944877238569	0.9358010247620906	0.9358025354872969	68.3921229564331	68.39212586628445	39.61793346379303	88.32941499121074	-31.96984333908994	27.02448269768248	0	0
146.15248	-0.1257249460466514	0.0337213492493837	1.54415925780955	0.8415134825415798	1.141980665852906	-0.9870295070622339	-0.2300647427767229	-0.1694801918918604	0.1802959385680716	0.3439554726643857	0.2125860452007626	0.04886676943004981	1.195987522064079	1.195987521132383	0.455661899930553	0.4556619003627194	-0.4377431376068556	-0.02520220562638499	-0.4174171003232847	-0.4935165375758907	-1.89928569335575	0.7111060187993764	0.7894114291458267	-0.1958984477677974	-1.136213753996698	0.30539392640233	3.282443438605708	-3.409601178250858	-2.322233647454202	1.488953393836341	3.332274545621395	0.7487059078294428	9.056226397277836	9.056226384942143	8.335354974002085	8.335355002909592	-0.08372808725550254	0.6189125483790123	-5.93826812298101	-5.676797722905986	0.2066379945964018	0.2347167131204121	0.07796169178889729	0.1367335855934871	0.1034510153137161	0.08196868199867509	0.07181774904370172	0.1168201542730101	0.1604036840524393	0.04757684426904896	0.01022299777318102	0.01018088436544937	0.01629143631385845	0.02388433807655257	0.01001992265283879	0.01002045359806178	0.01011201340881507	0.2405974453751116	0.01012876057270797	0.01002514525868549	0.2222147915083063	0.017590668063847	0.01013705095722549	0.06121572635726064	0.3429627954380646	0.07759373852984788	0.142211961598972	0.01001890660823981	0.2007052671554304	0.01018395435675379	0.04214635178108975	0.1664251384418928	0.1224554391209846	0.01002016636403307	0.07632482558017398	0.1855366369205324	0.01005033169824594	0.01036475619413825	0.01024329071548233	0.01066244887642144	0.03659680157436897	0.1222464025127081	0.001138799965910125	0.001139344288390979	0.001185412596097071	0.001375897202679699	0.001183657024439617	0.178901040392564	0.1798168858488034	0.05677056784373028	0.008486858387575119	0.009754812669727525	0.02548362374660966	0.03010794463987326	0.01002543030961688	0.01003947918021904	0.01021242715077065	0.5173750112165064	0.01085740072360176	0.01050101451182539	0.2820673265395777	0.029474131535267	0.01138802765891748	0.06648824387510957	0.340936561040783	0.07373018082404063	0.1720628672679047	0.01178368791434782	0.2230002280554597	0.009738536143142537	0.07435090766907458	0.01689695637214081	0.01132079232421807	0.0100113194826043	0.1497815028594202	0.2322749242015717	0.009336578428015855	0.01019881212974135	0.01008223892771684	0.009918094526749412	0	0	0	0	0	0	0	0	0	0	0	0	-0.103422530731009	-0.2850838473711961	0.2377047414478042	-0.3121801978322416	-0.5356756744900395	1.068891102372389	0	0	-5.577229863629907	-33.64134135500903	-3.324180326229669	0.0007794007299052885	-4.388724676440083	5.148365459416317	62.45945499810094	-21.8247641851374	45.82816734257717	37.48409420693679	5.259336502709999	-34.5663064637049	-11.27268460020224	-11.27268332981226	25.03836735962792	25.0383695640976	48.07114894926954	107.3607455194101	6.525259341753708	77.93035058860387	0	0
146.162	-0.1438685715935751	0.03900065700009928	1.551394975914757	0.839677301610813	1.131033580889252	-0.9839030272563971	-0.1960016726415521	-0.2025726973956352	0.1606253270810309	0.3594346001243688	0.244208593489138	0.05437876173855738	1.281471065698333	1.281471064696386	0.535425084664884	0.5354250854453499	-0.4362783548764219	-0.01432566394909134	-0.4730743974103653	-0.5433886811087916	-1.892313549866447	0.4032410624070766	0.7179490599676986	-0.1868608258233117	-1.156013949100652	0.3497814712315292	3.869789323553058	-3.504075503366724	-1.776141958686748	1.718383074039287	3.275535369888085	0.4070128457455195	8.878032396316009	8.878032392691853	8.34431952409008	8.344319565139594	0.3984426540155669	1.672468585385371	-5.694920493636018	-4.73942140796945	0.1257850600887559	0.1834571575772429	0.03810808113610418	0.07091270060287475	0.05194694781835169	0.04034135233446433	0.03489447327275066	0.143953963731855	0.1722261819004201	0.0566734788037673	0.01013988564129152	0.01006111227673819	0.0181680641663424	0.03125884486548353	0.01002512707128363	0.01002328356104146	0.01011286794475992	0.3596637697372342	0.07243781435162555	0.05734799228491306	0.2411631023762333	0.06674081986766216	0.04593832352822731	0.05501765050275502	0.3440106193306114	0.06934477337956978	0.1576202826660928	0.04257828783312487	0.2269582071437998	0.05951507539676466	0.0905108939728803	0.09420470734748	0.06638311785056783	0.01001304903039615	0.144449892229677	0.2101529631047283	0.01003416722312841	0.01021775831865319	0.0101251065692956	0.01023480362487171	0.01892945673149885	0.1102376580658506	0.001094366876546187	0.001088972219533633	0.001124234648074901	0.001264323530970307	0.001107621913018721	0.1695155915592889	0.1921794274733822	0.07162208896410473	0.01138283715607169	0.01014421375873984	0.01481232486502075	0.04338635855193148	0.01003222594660986	0.01001393617898069	0.01003204276086226	0.546880194857292	0.2264824088251616	0.1715201629835732	0.2532641014956964	0.1780320144122274	0.1299273887022917	0.03495829853958751	0.3498150430202189	0.05110100572511501	0.1784708982485375	0.1179936626351635	0.2949249695302277	0.1797766651831898	0.1887080144690262	0.008963688706884181	0.006183190351006207	0.01000442456644813	0.2741506306381466	0.2496334003616104	0.01058578084974582	0.01002561946517368	0.009993437824554214	0.009890773329254338	0	0	0	0	0	0	0	0	0	0	0	0	-0.1557426309517487	-0.5977696133007805	0.3198632846812535	-0.2849866215721358	-0.6264496608814306	1.317655272103374	0	0	7.064679551588988	-30.33795808497693	-11.32505559637392	1.880986265998741	0.3812681737638561	4.110690618921772	59.99922531847783	2.417625055817496	67.26261313680405	9.443254432614417	-17.11919414872131	-35.98714627155817	-26.68709174558051	-26.68709121934798	-23.57873428468699	-23.57873408547443	52.45846398834243	111.3896132116565	43.94802085278051	116.359521348808	0	0
146.17152	-0.1613749059230433	0.04156008937372107	1.557627322882368	0.8380094962074505	1.120126070890812	-0.9804066921321096	-0.1565460754443671	-0.2354362467232753	0.1469650802748656	0.3757264890436639	0.2742926605539369	0.05668395547027161	1.36451472458212	1.364514723558882	0.6130553149584796	0.6130553161040243	-0.4300972182434613	0.006531784445373758	-0.5247973497290738	-0.5828515999332898	-1.766026354485505	0.1458869835276476	0.5833879180588255	-0.1609617755940908	-1.126854892088455	0.382530753102341	4.405900155131812	-3.35946696096891	-1.077423231845142	1.650732825802418	3.01177275771923	0.08638912913065741	8.539234446474913	8.539234444665647	7.888102253145816	7.888102285311531	0.8991558412470133	2.691867156431229	-5.121868091141116	-3.518419773516822	0.06861341358267224	0.1475241103324746	0.01813236374819169	0.03443724971212803	0.02487153042791381	0.01927641881524335	0.01659871665594356	0.1529956389629152	0.184136086394788	0.06868706451116847	0.01177966811085799	0.01023626923928714	0.012833659625937	0.04180201863185865	0.01003125337851056	0.01000967372246988	0.01000871614577752	0.4347225787700723	0.2034664137082769	0.158121925850354	0.2393857756191468	0.1615761308156516	0.1222629915996528	0.0348720081505281	0.3481238485144784	0.05331759871528707	0.1685872538375581	0.1116638720427677	0.2718558180487355	0.165224424729937	0.1676193898830536	0.04865006747186022	0.03335044181125938	0.01000606050706181	0.2326074550526426	0.2310016178369259	0.01075058950571702	0.01005555821539286	0.01002392109599743	0.01003875440968642	0.001262111888628729	0.09822891361899308	0.001049933787182249	0.001038600150676286	0.00106305670005273	0.001152749859260915	0.001031586801597825	0.1601301427260138	0.204541969097961	0.08647361008447917	0.01427881592456825	0.01053361484775215	0.004141025983431836	0.0566647724639897	0.01003902158360285	0.009988393177742329	0.009851658370953866	0.5763853784980776	0.4421074169267215	0.332539311455321	0.2244608764518152	0.3265898972891877	0.2484667497456659	0.003428353204065445	0.3586935249996548	0.0284718306261894	0.1848789292291704	0.2242036373559792	0.3668497110049956	0.349814794223237	0.3030651212689779	0.001030421041627556	0.001045588377794344	0.009997529650291969	0.398519758416873	0.2669918765216492	0.01183498327147578	0.009852426800606003	0.009904636721391587	0.009863452131759265	0	0	0	0	0	0	0	0	0	0	0	0	-0.2080627311724885	-0.9104553792303649	0.4020218279147028	-0.2577930453120301	-0.7172236472728217	1.566419441834358	0	0	19.31287631358236	-23.15283785877255	-16.34155603274844	3.487627177700131	5.806640548929415	2.718571939965547	51.62077164778466	27.93138837161091	77.47341397156299	-24.22431832921654	-37.80012815423392	-30.27211136396135	-44.86678017596338	-44.86678024966421	-71.65965095214248	-71.65965292557443	51.847351586728	100.4197464848034	75.00458050994916	136.9427549173917	0	0
146.18104	-0.1771417831174271	0.04204178547961538	1.562407349756348	0.836653564578057	1.109745149666312	-0.9766657803726769	-0.1124549267493785	-0.2657819353894373	0.1402312120047231	0.3898167501219678	0.3009810370310634	0.05628642240612947	1.443480741264476	1.443480740216985	0.6842404891833612	0.6842404905235354	-0.4192577699579098	0.03639723213522525	-0.5697998535876259	-0.6100481540363316	-1.529164872076548	-0.02897311871407031	0.4188010644216988	-0.1222183242622756	-1.045320444060981	0.4007854861872091	4.834733643804229	-2.977974073143868	-0.3408484472563136	1.254595996979492	2.568445586083598	-0.1522852514335194	8.019037810134099	8.019037806643901	7.000636557496944	7.000636564466066	1.368598533603456	3.545468229560294	-4.299156835492923	-2.192634722139438	0.04500298004514355	0.1384831001036308	0.0102937022405489	0.01681576215713516	0.01298315621548389	0.01381582848422206	0.01004295082245308	0.1523386823727298	0.1876359204015449	0.07238026791105351	0.01232343884859757	0.01030985577841576	0.01006890581575806	0.04208148780581464	0.01017614799774634	0.01005624313060227	0.01001507195565003	0.4363499968185789	0.2572900251854958	0.1981038414967688	0.2177979702583841	0.1978688933590938	0.1513364245891322	0.03263761719048663	0.3330201320375025	0.05646887598044473	0.1722135777165038	0.1375443727300478	0.285097440096987	0.2075034185998243	0.1983599994229232	0.0352632624728698	0.02126056116469379	0.01000721239584606	0.2610102080238999	0.2417223829977086	0.01099190924705928	0.01002918330071347	0.01000972858396263	0.01001898694410674	0.04069317581999371	0.1529286253324912	0.00657205797599532	0.003184749611542371	0.005290500929180089	0.01621897863570255	0.008010678180190859	0.1442236661036926	0.1811529912471436	0.06689724214794211	0.0114824181219823	0.01022945618522088	0.01099647243876634	0.03026534545709556	0.0104937946934974	0.01017790204672194	0.01015866332663365	0.3138710079461162	0.2215932586848424	0.1667979333113432	0.157395215006444	0.1639763354566179	0.1248175356798795	0.0529632958736939	0.2654317781448117	0.08481006853942975	0.1694809446398434	0.1126289104945108	0.2481579979511233	0.1755028108210243	0.1752189999252069	0.04159655515690212	0.0193902802786405	0.01001681601143111	0.2095124212453871	0.2470362570251602	0.01063847087976542	0.01013754311005173	0.01007626362796969	0.01011919903496701	0	0	0	0	0	0	0	0	0	0	0	0	-0.1890686720183028	-0.8963898886828733	0.3504743912865069	-0.2720623037986402	-0.7490497460823289	1.651530926237123	0	0	30.12249584351083	-13.28144511060293	-17.62360557603954	4.543761197069442	11.27216060500427	1.089184259299803	37.65527425055181	51.63927404018361	75.2326907886913	-58.67493950651704	-54.53009324315843	-19.22370973291754	-64.51414911682109	-64.51414932164721	-113.2597747705546	-113.2597778392117	45.90852942507202	77.23640390853515	95.95877780393452	138.5801267970804	0	0
146.19056	-0.1901970208961517	0.04132491262951885	1.565614610993346	0.8357041512256435	1.100380936007752	-0.9728267446464772	-0.06497860553149844	-0.2914855541677872	0.1402312968292598	0.3986250552575518	0.3227684350414293	0.05416268563479117	1.51660346775492	1.51660346666759	0.7452454665195793	0.7452454677890282	-0.4042930869829279	0.07320713525065518	-0.606192781900832	-0.6248048871947844	-1.200200297930416	-0.1048657288112455	0.2580741154077542	-0.07666153285471508	-0.9142850244381681	0.4030225625472947	5.111365160092119	-2.392188765456574	0.3196525571171707	0.5485753673730216	1.990742032281276	-0.2728906311706707	7.312432818366342	7.31243281391103	5.767052215689406	5.767052194730201	1.758416918489289	4.139156446867585	-3.331307641460483	-0.9300260953168321	0.05464149796927233	0.1592968592610894	0.01008937450525433	0.01006279047690187	0.01016922228743225	0.02004263977664403	0.01124626016074501	0.1444881432185677	0.1789455898930361	0.063800251927061	0.01093636956119513	0.01016463731701388	0.01284876567512119	0.02751846464362353	0.01050044512543249	0.01018561439571064	0.01019559713995563	0.3366362152049313	0.1884593003540364	0.1412127395781438	0.1752892286339329	0.1407019701446695	0.1051520182502601	0.05851520367375374	0.286175442789976	0.08731242434051159	0.1670794090079698	0.09472002088196595	0.2428820362033476	0.1486661418560752	0.155486058950659	0.05106103621614991	0.02613321271745528	0.0100188717358088	0.1940949227990254	0.2392413194588506	0.01040097780446307	0.01018325707870569	0.0101031930252855	0.01015883151381946	0.0801242397513587	0.2076283370459893	0.01209418216480839	0.005330899072408456	0.009517945158307447	0.03128520741214419	0.01498976955878389	0.1283171894813715	0.1577640133963261	0.04732087421140505	0.008686020319396351	0.009925297522689612	0.01785191889410084	0.003865918450201425	0.01094856780339195	0.01036741091570154	0.01046566828231344	0.05135663739415481	0.001079100442963422	0.001056555167365313	0.09032955356107289	0.00136277362404817	0.001168321614093123	0.1024982385433224	0.1721700312899687	0.1411483064526701	0.1540829600505164	0.001054183633042379	0.1294662848972509	0.001190827418811628	0.04737287858143588	0.08216268927217668	0.03773497217948665	0.01003610237257025	0.02050508407390131	0.2270806375286713	0.009441958488055065	0.01042265941949746	0.01024789053454779	0.01037494593817476	0	0	0	0	0	0	0	0	0	0	0	0	-0.1700746128641172	-0.8823243981353818	0.298926954658311	-0.2863315622852503	-0.780875844891836	1.736642410639888	0	0	38.51244605354124	-2.759420418519429	-15.70489936723338	4.907221110414875	16.0933890110092	-0.6169828667354313	20.11857627778728	70.35135238642438	61.92250273668661	-88.40665874655203	-65.86362218371814	-6.053789191984108	-83.66570056204026	-83.66570050096841	-143.7763718828743	-143.7763744127246	35.33650311621439	46.73335728282382	105.5047851875055	124.4973739045069	0	0
146.20008	-0.1997858319009859	0.04034350106825858	1.567412911921452	0.8351941729063536	1.092465695904678	-0.9690428209598824	-0.01568030749231831	-0.3108701504992891	0.1457855947220409	0.3994957951374817	0.3386318621865481	0.0514808785729377	1.582163940023462	1.582163938903978	0.7933224863336512	0.7933224873120721	-0.3861467926354243	0.1142391258763973	-0.6331004967828204	-0.6283529297000804	-0.805937773839704	-0.08757679439648425	0.1258189743701453	-0.03100919519432236	-0.7429147510700879	0.3893758094405213	5.217234345264414	-1.662336866149322	0.8139023862905713	-0.3973406325221324	1.333384370523289	-0.2714437847578033	6.434596665921396	6.434596664484751	4.306089924224217	4.306089886748202	2.03265735126948	4.429597768206207	-2.322469761229422	0.1464818975636845	0.08914783462783651	0.1875041078551361	0.0193109948051539	0.02103010379318137	0.02772113560070355	0.04004948912754484	0.01877463727719884	0.127962104899057	0.1731278754934471	0.05789563731392638	0.01014324375843911	0.01010027817000428	0.01416775330366627	0.01631145157572489	0.01055891427035478	0.01021103713588548	0.01024162764473363	0.2169590126014741	0.1022095175750337	0.07351347401704515	0.1361738152438619	0.07352769190987553	0.05293054841880503	0.07664982773074838	0.2391194042548337	0.1049823552501723	0.1660844375361797	0.04708797982422599	0.1943117276991763	0.07802164563752705	0.1004057516258075	0.08472173190238352	0.04446342983780513	0.01002418296864806	0.1148177439227534	0.2350229149896518	0.01003050644898476	0.01030440033589935	0.01017881616568657	0.01028600765422708	0.1578528590211636	0.2341628771757686	0.03859350977513051	0.04989687670403546	0.06868316064707329	0.07808134675857956	0.03277798685430667	0.09306667224512903	0.172927299853516	0.05664094464981437	0.01021991385926992	0.01015350873570975	0.01300604794778291	0.009862119486408956	0.01032045500904008	0.0101181029121029	0.01012204609010841	0.03038023786464533	0.001092860838055902	0.001052837122370947	0.08896489096328349	0.001926313909011175	0.001267996847476111	0.08591230852770239	0.1707739940458617	0.1069888519142199	0.174087833686211	0.001055126739728216	0.1287235209509172	0.001290385806503943	0.03147097347559973	0.1456371273939254	0.07874519387249246	0.01002186220179721	0.01975273497700423	0.2310880664768113	0.009991553271961219	0.01037814697934441	0.01022873065512453	0.01039243834016323	0	0	0	0	0	0	0	0	0	0	0	0	-0.09913266224834047	-0.6687026983875772	0.2789602777224935	-0.304904753217177	-0.8357993557329587	1.79651791738503	0	0	43.74945437800322	5.85647329323268	-11.88524469030337	4.573540356297674	19.65736423376235	-2.217191017319288	2.420047294632561	81.59436934128755	41.00234607710142	-108.3220267622076	-71.24139311228076	5.926856421443794	-100.1332593675149	-100.1332587675712	-160.8406557786125	-160.8406566263522	22.0416705045647	14.40886142035897	104.9993737135175	100.5552644384059	0	0
146.2096	-0.2054359972639956	0.03986002918696824	1.568137696912339	0.8350942280534457	1.086319354224275	-0.9654577494024762	0.03386501836167524	-0.3229250986735303	0.1550321425020555	0.3906505805056936	0.3480821655164054	0.04930957921362386	1.638683865537265	1.638683864439966	0.8269242512929085	0.8269242519030325	-0.3660019375138748	0.1565985117511959	-0.6505425953512851	-0.6228147257977377	-0.3782687751772646	-0.007097587222404767	0.03333228473585077	0.008545690712693108	-0.545309549270526	0.3616833657519982	5.169023521589627	-0.8659713235196076	1.090321543599678	-1.471455779917571	0.6525546161705388	-0.1711510354447013	5.420374226630483	5.420374233585234	2.747304756066062	2.747304718822067	2.178480845498052	4.422434709395138	-1.353314942513077	0.9730661655684097	0.1431959923237009	0.2141158218042232	0.03804573649432882	0.05034116143987633	0.0672918653369675	0.07370603033157255	0.03197683832869989	0.1018064498821936	0.1768517641616456	0.06005899045818566	0.01069644865657951	0.01020539367314828	0.01193000954770789	0.01476513244937507	0.01021979478649733	0.01007730563688699	0.01006193072811199	0.1285448407491559	0.05115782249078663	0.03577784042999294	0.1135605014395019	0.03642502459948434	0.02548609906408331	0.07627394153343296	0.2098556004741292	0.09621300777794553	0.174720297805691	0.02246509266760386	0.1650726353380669	0.03828812594198685	0.06146327248747437	0.1315627984028169	0.07431178809674699	0.0100181658278316	0.06760594346975279	0.2343179065321012	0.01019280378320011	0.01032958911607856	0.01019952811312266	0.0103496386147385	0.2355814782909685	0.260697417305548	0.06509283738545263	0.09446285433566247	0.1278483761358391	0.1248774861050149	0.05056620414982944	0.05781615500888659	0.1880905863107059	0.06596101508822369	0.01175380739914349	0.01038171994872989	0.008160177001464989	0.01585832052261649	0.009692342214688216	0.00986879490850426	0.009778423897903373	0.009403838335135858	0.001106621233148382	0.00104911907737658	0.0876002283654941	0.002489854193974181	0.001367672080859098	0.06932637851208244	0.1693779568017545	0.07282939737576977	0.1940927073219057	0.001056069846414054	0.1279807570045836	0.001389944194196257	0.01556906836976357	0.2091115655156741	0.1197554155654982	0.01000762203102418	0.01900038588010714	0.2350954954249513	0.01054114805586737	0.01033363453919136	0.01020957077570127	0.01040993074215169	0	0	0	0	0	0	0	0	0	0	0	0	-0.02819071163256377	-0.4550809986397726	0.258993600786676	-0.3234779441491037	-0.8907228665740815	1.856393424130172	0	0	45.51939166927607	10.17867540078502	-7.563490127064972	3.652445868301383	21.56166280489333	-3.543321656840936	-11.66503125138729	84.27871012810208	16.91861697147732	-114.9631598926083	-70.88976903174424	14.46234122252797	-112.0676345370161	-112.0676334010218	-164.5336304267417	-164.5336296139389	8.87350445806697	-15.16710323925549	97.8341880557922	72.94157550842228	0	0
146.21912	-0.2069855916002289	0.04025582820372699	1.568172615620319	0.835322313640231	1.082113806646102	-0.9621908788556506	0.08240190695019853	-0.3274028555282047	0.165820729751594	0.3714932539675589	0.351144648300687	0.04841728211577371	1.685089238834764	1.685089237860599	0.8456993038222492	0.8456993041317314	-0.3450294477511852	0.1976249245906744	-0.6591380484219657	-0.6106572316206428	0.05032942120427289	0.08815633906261625	-0.02000461978272135	0.03727895931061874	-0.3379704499851928	0.3231376708872128	5.015500154937803	-0.08322918506137893	1.139625945083836	-2.541436094459594	-0.0008576054937449382	-0.009330747693399578	4.31848799909755	4.318488018446357	1.209025363511772	1.209025339012668	2.211392369147827	4.158180037871388	-0.4682260133029544	1.538750020663695	0.1755185624895377	0.2286898894613351	0.05022122761517286	0.0670190840125347	0.0905862026465797	0.09414359335790128	0.0385496977298969	0.07991475163342815	0.1850311400359481	0.06424979693194445	0.01107105620540736	0.01026997322880605	0.01014639845944927	0.01367708958515208	0.01001910879202241	0.01001580245251417	0.01009945470747499	0.06925055977375066	0.02433648924637107	0.01786787168777216	0.09529266312352951	0.01811163294714717	0.01329024604779606	0.07279111780034729	0.1883429429394195	0.09285094422682372	0.1786144958172377	0.01198293992162833	0.1455334250722578	0.01901617683588651	0.0374461284067787	0.1489113898007689	0.08782363794312144	0.01001234829710468	0.03993631531672431	0.2343820253244068	0.01031818448934889	0.01047920786855244	0.01031008720907744	0.01051587824432293	0.1937399887875508	0.236990733211193	0.05717670160105041	0.07158563501706706	0.1000843456553751	0.1048525793826942	0.03866867317526092	0.05755667482457862	0.2012876847569719	0.06996216516327554	0.01103834953126098	0.01026914754579829	0.009250080424874966	0.01031434123543356	0.01000475298364231	0.01005005108687929	0.01041688997743067	0.005513959093059318	0.001100978843530546	0.004521375877759074	0.06650548480121009	0.003158149080376819	0.005119194852408098	0.06951967635508161	0.1530713798675379	0.1032396486024794	0.1741462060151247	0.005646196723080738	0.1176785298636182	0.004073030358056995	0.01605896830761398	0.1325271428789571	0.08472244209936046	0.01000802799561178	0.01121545423552072	0.2339272005823544	0.01031162303525986	0.01081072659051462	0.01054916729158407	0.01083831959087634	0	0	0	0	0	0	0	0	0	0	0	0	-0.003621310540806695	-0.3766692141757493	0.1789676507099568	-0.2809839068490842	-0.893250454004812	1.78777289468579	0	0	44.02231312236719	8.865541934204519	-3.796462719369142	2.33781878939113	21.71619319758842	-4.486073380872788	-19.40882538606199	78.95935258071393	-6.071518068433122	-107.5947420161221	-65.66968282337943	18.87268912353573	-118.4776860494616	-118.4776846430102	-157.036931056699	-157.0369293537359	-1.248703992442796	-39.35078307799152	87.93984869098084	46.33153793847251	0	0
146.22864	-0.2045649129563078	0.04141429655716734	1.567854815628285	0.8357611573419677	1.079864955140222	-0.9593275163756654	0.1292327879645206	-0.3247699429053691	0.1760917805448624	0.3426733781659516	0.3482822300121644	0.04920970304983674	1.720797795199586	1.720797794472375	0.8502999687242133	0.8502999688803841	-0.3241323362892968	0.2351291635269048	-0.659762741635276	-0.5942752549389682	0.4517516452012537	0.1446324190397023	-0.04256117919674616	0.05258829482699714	-0.1366311493470954	0.2775519455049642	4.821636900900161	0.6183747242741668	0.9883879322106602	-3.482869449735562	-0.586570313348158	0.1774186348302012	3.181671641080953	3.181671673289401	-0.2183527771234784	-0.2183527848496187	2.170487116041587	3.69167451394319	0.3212468504505475	1.865806308391606	0.1727430332228263	0.2265143276204395	0.05130856707772043	0.06235833402354516	0.0870683285361048	0.09351154412700445	0.03483303786519289	0.0686273927359715	0.1953881457516117	0.06831361368729236	0.01081468508812242	0.01023193805675575	0.01002213711078759	0.01001163723995244	0.0101156253776304	0.01009494204637187	0.01048504381725559	0.03483106164306361	0.01166546746751162	0.01171235955719126	0.07508246246996991	0.01015995232971872	0.01005765962370782	0.07121305993957631	0.1686941019422117	0.1064066838167008	0.1715978661858174	0.01003321362245399	0.1299449941751337	0.0117327714953984	0.02619419453258062	0.1207337874553019	0.0760366286596707	0.01001013673945337	0.02215852588788995	0.2339170200585532	0.0102379863861419	0.01081831217670487	0.01055322812033964	0.01083376915102757	0.1518984992841331	0.213284049116838	0.04926056581664818	0.04870841569847166	0.07232031517491112	0.08482767266037337	0.02677114220069238	0.05729719464027067	0.2144847832032379	0.07396331523832737	0.01032289166337847	0.0101565751428667	0.01033998384828494	0.004770361948250626	0.0103171637525964	0.01023130726525431	0.01105535605695796	0.001624079850982778	0.001095336453912711	0.007993632678141568	0.04541074123692607	0.003826443966779457	0.008870717623957098	0.06971297419808078	0.1367648029333213	0.1336498998291891	0.1541997047083438	0.01023632359974742	0.1073763027226529	0.006756116521917733	0.01654886824546438	0.05594272024224019	0.04968946863322267	0.01000843396019938	0.003430522590934312	0.2327589057397575	0.01008209801465235	0.01128781864183789	0.01088876380746686	0.01126670843960099	0	0	0	0	0	0	0	0	0	0	0	0	0.02094809055095038	-0.2982574297117259	0.09894170063323764	-0.2384898695490647	-0.8957780414355423	1.719152365241408	0	0	39.967054977038	2.223891152111921	-1.152192719878872	0.8757801822597753	20.36726625381051	-5.027560478722725	-20.24607100482327	67.67507006041183	-24.80664190853032	-88.5839591827857	-56.9255020808585	19.91601632453923	-119.5308392591189	-119.5308380579724	-141.8844989767134	-141.8844972764157	-6.45899424410167	-57.77070959403665	78.02772634823941	22.99481885261883	0	0
146.23816	-0.1985328762683946	0.04274717116406186	1.567422917344095	0.8362802432283243	1.079454334877579	-0.9569173048162233	0.1742692329729161	-0.3160257050493382	0.1841597793874285	0.3058784669484227	0.3402742549557166	0.05179312548518467	1.745704824852221	1.745704824476741	0.8420700957967572	0.8420700959495487	-0.3037820616089342	0.2674308815521287	-0.6533110679984646	-0.5757813417563084	0.8067454812824967	0.1191401576396558	-0.0459937396549887	0.05431789632307454	0.04660817278511654	0.2284595274108856	4.646939822313634	1.196037071035362	0.6862132439108972	-4.205695363830328	-1.079005731539681	0.363980645896898	2.055864597371989	2.0558646379034	-1.480440327329464	-1.480440321236462	2.104502990053291	3.072140311069171	1.019270917245899	1.988236219624841	0.1471807286935677	0.2082672188561579	0.04360261866537563	0.04859109916772174	0.0699092207833283	0.07781292933362315	0.02688449512208715	0.08900951241082683	0.208503297642184	0.07299394709537486	0.01047446896569503	0.01016941525491705	0.01016474243846817	0.01069206608078086	0.0101658384837979	0.01012856157444355	0.0106089227575997	0.08833074317935699	0.01187690197882338	0.01002810582474076	0.0876490708288218	0.02887401264263492	0.01312666428022291	0.07238366022123081	0.176148138425893	0.1177978426839505	0.1776424416520167	0.01009768752972801	0.1385368891427118	0.01018093512190086	0.04721391223643341	0.09897146637467361	0.06031491667106925	0.01000998286973961	0.04921298247281086	0.2454322571721909	0.01013193754745067	0.01085800588830304	0.01057613832765209	0.01084885886047366	0.08656717712010738	0.1586847758195219	0.02638665239179928	0.02556056843970617	0.03714885487820643	0.04316612774479472	0.01482431121531956	0.1523763055192167	0.2348786786093474	0.08038100807228138	0.01011810783784031	0.01009165690489429	0.01022174537711335	0.01651760497978141	0.01011207509994257	0.01009138775420581	0.01041613595082344	0.2544917101890529	0.0210036164009368	0.009313728440639921	0.1455595654540157	0.07728741103791975	0.02100040082812192	0.0766822698383335	0.2263924645209774	0.1266625379345077	0.2113782527781531	0.0100745031439372	0.1827126883511019	0.01079324162358969	0.1058507372510711	0.09184607822538354	0.0418256857457928	0.01001104171872787	0.1299064508629759	0.2859644271581384	0.01002316935905154	0.01055991852923359	0.0103508882113178	0.01052577756396104	0	0	0	0	0	0	0	0	0	0	0	0	0.01486845441830121	-0.3592023551497349	0.1233863684216392	-0.1706387550066858	-0.8991388055679032	1.657243696953381	0	0	34.48310434345058	-7.967882729747268	0.2239596521927897	-0.4724056507291956	18.00882260723544	-5.241334357748253	-15.80065217938058	53.48055998447391	-37.63375639067556	-62.54771151850922	-46.38792530700714	19.09748425071378	-116.4318615424659	-116.4318610611325	-122.9232539557212	-122.9232528374794	-6.664535675243241	-71.84314090326315	68.6244984679136	3.297056122550163	0	0
146.24768	-0.1893762552878736	0.04335103630213809	1.567002564398823	0.8367591855514278	1.080672741363308	-0.9549806485914621	0.2178902484715013	-0.3024309218604018	0.1888636156388047	0.2634266826171773	0.3280609484606163	0.05610374287658937	1.76007719623374	1.76007719625233	0.8227037582973876	0.8227037585444702	-0.2840104990410048	0.2932362669073945	-0.6406469597054211	-0.5569653576759186	1.108039841172164	-0.009957991297561719	-0.0419692461069258	0.04471285409426241	0.204942946475888	0.1783737086341744	4.527737869904051	1.638124949660793	0.2913663253324774	-4.668763024496307	-1.470290113236624	0.5394592604352652	0.972204136325143	0.9722041771485692	-2.557006921144406	-2.557006909102112	2.054177220626269	2.330047677123524	1.62487110372194	1.938403222077902	0.1012272962196142	0.173253285751976	0.02735613757558982	0.02931034120669666	0.04255676099854731	0.04785217088815474	0.01655002967097323	0.1453135160636792	0.2246186029406324	0.07854373675175663	0.01021251795251266	0.01010549968006843	0.01015621589238451	0.01772822129922749	0.01006814370794002	0.01006163956685769	0.01029083826880661	0.2316066447886231	0.02332736709483824	0.01007961810668212	0.1428635531905822	0.07640776837496654	0.02135418094843906	0.07657061647181528	0.2200097808751745	0.1200323250690605	0.2065040061174404	0.0100310461179526	0.1780081470411322	0.01185673442458228	0.1029614077427533	0.1054320104457325	0.04844008645813592	0.01001142914960393	0.1258555958325304	0.2742758679057915	0.01005317082397419	0.01045339562364033	0.01027433913253928	0.01042635957635421	0.02123585495608162	0.1040855025222057	0.003512738966950372	0.002412721180940687	0.001977394581501724	0.00150458282921608	0.002877480229946747	0.2474554163981627	0.2552725740154568	0.08679870090623538	0.009913324012302148	0.01002673866692189	0.01010350690594175	0.02826484801131219	0.009906986447288733	0.009951468243157301	0.009776915844688927	0.5073593405271231	0.04091189634796089	0.01063382420313827	0.2457083896711053	0.1507483781090601	0.03313008403228675	0.08365156547858624	0.3160201261086335	0.1196751760398263	0.2685568008479625	0.009912682688126968	0.258049073979551	0.01483036672526165	0.1951526062566777	0.1277494362085269	0.03396190285836295	0.01001364947725636	0.2563823791350175	0.3391699485765193	0.009964240703450724	0.009832018416629295	0.009813012615168737	0.009784846688321087	0	0	0	0	0	0	0	0	0	0	0	0	0.008788818285652044	-0.4201472805877438	0.1478310362100407	-0.1027876404643068	-0.9024995697002641	1.595335028665353	0	0	28.91142679381328	-19.06293995096782	0.4461609415890743	-1.469818648383553	15.23451132640366	-5.261009684081071	-9.182488595315412	39.73725967125318	-44.34239782204814	-34.90914182115684	-36.00562065918716	17.74798426099261	-111.0045425746036	-111.0045429919151	-103.347181597817	-103.3471815287565	-3.564668000274067	-83.92229801314517	58.25971572124438	-13.27689180188741	0	0
146.2572	-0.1775904155642095	0.04224182755685843	1.566615605483448	0.8371089459942459	1.083272895765044	-0.9535204205427991	0.2606680742382246	-0.2852089746681568	0.189588945504807	0.2177860114600472	0.3125687702729703	0.0620223098351893	1.7643922531726	1.76439225354836	0.793960750985631	0.7939607513319911	-0.2645568392802354	0.3114353697168188	-0.6227263587776455	-0.5393291200715544	1.360963646591659	-0.2377053317824487	-0.04045644215788728	0.02802001530341066	0.3371006201881944	0.1284518314269399	4.467521012952548	1.963395389198591	-0.1411734235368005	-4.880810681445066	-1.77110999892387	0.7016067589124907	-0.05634820128468052	-0.05634816830932866	-3.452411448322565	-3.452411441438968	2.038815912295033	1.474181248031974	2.118672717503491	1.745408178853871	0.05822132985941871	0.1286232231770348	0.01470175069251233	0.01514458772684713	0.02047149293103168	0.0228629391259994	0.01024041682603777	0.1857775286910817	0.2366145388151811	0.08384049328922177	0.01017560469506108	0.01009056518467317	0.0101540722595379	0.02034857919084235	0.0100382474849828	0.0100212794978921	0.01004183557124924	0.3536740260399719	0.06097857679632567	0.01803492978157448	0.1930561534998617	0.1224044522530832	0.04404418322598361	0.07361831919105495	0.2519832473402021	0.1209091893026705	0.2304728911943328	0.01492034450613901	0.2016179665956283	0.0132606056758154	0.1420265700122167	0.1060899836340912	0.03846960022852752	0.01001113256008784	0.1871711123845248	0.2911037330240092	0.01004155196730274	0.01012402584450769	0.01004584964935679	0.01009647512643024	0.01119796248632285	0.05267610693857645	0.005156650572589822	0.004518247774142717	0.001617052561486891	0.001326539320601245	0.007223230068235385	0.2215705606667399	0.2507180398207125	0.09092439975717154	0.01033954701035844	0.01012205459262955	0.01019269819933414	0.01759105103288681	0.01010416127081794	0.0100217991603899	0.00990832935943485	0.5493807986910834	0.1386054195303524	0.03560190551445108	0.2592196807760806	0.1853684328477436	0.08837863580639453	0.05990607809746761	0.2768268798040748	0.1237233025526024	0.2564573591495453	0.02603770849301215	0.2073158156049062	0.01396613464421403	0.1742073321194902	0.08880124944571481	0.02624002126905645	0.01000864018145961	0.259556572656795	0.2948089572659131	0.01008883557508653	0.009898983004603736	0.0099148165452794	0.009886867143840797	0	0	0	0	0	0	0	0	0	0	0	0	0.02600840990019508	-0.559145784233171	0.1084876252854098	-0.06329930809915424	-0.8685469205498815	1.463906926951482	0	0	24.50587118697143	-28.24770546331039	-0.2629501526445608	-1.938690749594212	12.58930764906846	-5.228032482546801	-3.990874083203665	29.34552710119334	-45.74324049619868	-10.50948107075417	-27.67339091359077	16.26668949562514	-105.1486951642138	-105.1486963571169	-85.05972255390535	-85.05972369269504	0.2320983875858806	-95.97748554027531	44.82174238641295	-26.665579721813	0	0
146.26672	-0.1635682000408799	0.03860467409148947	1.566199668821861	0.8372876668958381	1.087017961748866	-0.9525343626666958	0.3030501243985651	-0.2652883155194941	0.1861989574506217	0.1711430456257628	0.2945420651498852	0.0694089919188606	1.759169432819797	1.759169433447275	0.7574947942016862	0.7574947945467025	-0.2450956610902863	0.3209310567832071	-0.6007766130180007	-0.5240757775074329	1.581060597305318	-0.534357614017026	-0.04913835427958951	0.009753565867958256	0.4462844705715219	0.07868883231115914	4.437533072490877	2.213208470936977	-0.5668035130206277	-4.889661330124153	-2.008260878113834	0.8465509765665445	-1.03323403148608	-1.033234012266913	-4.182348002644358	-4.182348011215054	2.052947466440175	0.5006286634723385	2.464456081342918	1.444931157214309	0.03045205456249426	0.0778032786377508	0.01002889474744155	0.01002815987169302	0.01005359720164401	0.01105356644370846	0.01003538280963363	0.1946517917394093	0.2414034367305269	0.08849733338519061	0.01040694949738319	0.01013950013886975	0.01020483386301073	0.01535650215152723	0.01013990038529919	0.01004505127005027	0.01001318237120045	0.4346564782415538	0.126913422449534	0.03542528909278274	0.2244227305281251	0.1603008490919359	0.08311070321019202	0.05966210262775531	0.2529683343165393	0.123329355788784	0.2384104033284156	0.02614426920707842	0.1914532008336946	0.01335470341817799	0.150873773481529	0.08670375642501124	0.02958435997004635	0.0100081053186039	0.2186277024634931	0.2826148539358668	0.01010884862288568	0.01002410275402725	0.01000864584416591	0.01001663835087204	0.001160070016564073	0.001266711354947169	0.006800562178229272	0.006623774367344747	0.001256710541472058	0.00114849581198641	0.01156897990652402	0.1956857049353171	0.2461635056259681	0.0950500986081077	0.01076577000841474	0.0102173705183372	0.01028188949272654	0.006917254054461429	0.01030133609434716	0.01009213007762249	0.01003974287418077	0.5914022568550438	0.2362989427127438	0.06056998682576389	0.2727309718810559	0.2199884875864272	0.1436271875805023	0.03616059071634899	0.2376336334995161	0.1277714290653785	0.2443579174511282	0.04216273429789733	0.1565825572302614	0.01310190256316641	0.1532620579823026	0.04985306268290274	0.01851813967974994	0.01000363088566286	0.2627307661785724	0.2504479659553069	0.01021343044672233	0.009965947592578179	0.01001662047539006	0.009988887599360504	0	0	0	0	0	0	0	0	0	0	0	0	0.04322800151473811	-0.6981442878785981	0.06914421436077883	-0.0238109757340017	-0.8345942713994988	1.33247882523761	0	0	22.10045346689794	-33.24436884835264	-1.653613393972939	-1.796150388975754	10.45291697158446	-5.237312841119551	-3.2170159991895	24.04781588351381	-43.11384219497312	7.419342590015894	-22.7947700570518	13.92947110264443	-100.3401090642103	-100.3401106887933	-68.564615567543	-68.56461758766073	2.268473622624069	-108.6227924352259	27.07492620222167	-35.54662217532782	0	0
146.27624	-0.147526857616548	0.03199450672962659	1.565630610586737	0.8373079802482959	1.091715402451293	-0.9520234254477437	0.3450967161160952	-0.2431482191929528	0.1789225825263461	0.1251156944424196	0.2744198919163561	0.07804039548704431	1.744839023396955	1.744839024132329	0.7148051260417309	0.7148051262069299	-0.2254561279385407	0.320582558154266	-0.5764046591194818	-0.5119954678117887	1.788498134479788	-0.8539724650740411	-0.07330885127724134	-0.004345544807217005	0.5382227058313852	0.02854399840170986	4.387927993241287	2.437975915505362	-0.9531954334858831	-4.763309384435264	-2.217474670375427	0.9593907061754556	-1.972547227905519	-1.972547224431446	-4.761933814395293	-4.761933844038444	2.070634142532933	-0.5937926589536218	2.620999143918849	1.088983235425383	0.05864053404911148	0.09199433878627543	0.02083388751757344	0.02807724182319769	0.0291453971794362	0.03048088739839888	0.01330935792600042	0.1724899432112063	0.2380409302370873	0.08958808078471092	0.01052182429877797	0.01016729431769206	0.01018948681263546	0.01108482294681693	0.01017643471412958	0.01006218386390834	0.01017678406768736	0.4361585325337649	0.1493336787075178	0.04029648116962867	0.2259019453922315	0.1610226758877176	0.09439721993807505	0.05411534019538729	0.2412433170214388	0.1245532869756229	0.242060930083671	0.0287954083475908	0.1724164384481498	0.01251430162304048	0.132932306807582	0.09296745316147728	0.03585250828749156	0.01000757110303475	0.2080407307755927	0.2734260733925529	0.01014291813830477	0.010237048904605	0.01009220380440826	0.01019628966929311	0.1522168406950761	0.1922329007950739	0.04808680574624315	0.07247931873261521	0.08047401390519558	0.08363698710228532	0.01940441404831632	0.100667786684182	0.2223256529196358	0.08698414089864094	0.01048315870894291	0.01016529860543427	0.01009166918011604	0.008391895994322936	0.0101251287439314	0.0100617049372383	0.01052075619942229	0.2987818739106783	0.1186764107388799	0.03080088369203379	0.1883299339280044	0.1105872774663823	0.07235283666217406	0.05962316163765879	0.2138411177389339	0.1242991139672561	0.2494603758202553	0.02159960263142528	0.1418708565906581	0.01082937671323849	0.0772879660479916	0.1403369977356281	0.05985379306566451	0.01001006304122431	0.1334275622458394	0.2682519194991828	0.01013294341887585	0.01076124426675838	0.01027247766540378	0.01062093982230949	0	0	0	0	0	0	0	0	0	0	0	0	0.07198626602439148	-0.53983497668557	0.04370090264653653	0.01718391308732834	-0.798840730384656	1.204254425888214	0	0	21.79097108250642	-33.02359097669766	-3.47550206967639	-1.080005491110817	8.970384898728394	-5.303603809764349	-8.15738450911855	23.96204130907973	-37.67437813361823	17.92544836327957	-21.76365916117714	9.255372726712384	-97.30779831942593	-97.30779992812101	-53.33864718142111	-53.33864947391535	0.7649728959511355	-121.1658857879595	5.236124989754835	-38.0206511607694	0	0
146.28576	-0.1295000368829664	0.02242851990029641	1.564745160506885	0.8372335988904919	1.097230261964066	-0.9519931362262436	0.3863650133528932	-0.2188076228478335	0.1682469023949562	0.08066402473204869	0.2523025506305258	0.08748245368596128	1.72167643081556	1.721676431516108	0.6672779149480449	0.6672779147315989	-0.2057787031369165	0.3092667329906353	-0.5515750921439019	-0.5033011265269637	2.000358211877459	-1.147589719594076	-0.1159012755012491	-0.009475410775622205	0.6189330624811565	-0.0222811584666533	4.265917224735386	2.681487696234706	-1.277737911372185	-4.56884763601467	-2.432124957308377	1.010990416940517	-2.891460749826705	-2.89146075995988	-5.199377760607473	-5.199377810342875	2.054378789034634	-1.800448936383098	2.557103055301723	0.746117626144649	0.1470124667021757	0.1896630713756629	0.04830081706055456	0.07137702279068585	0.07982903896300929	0.08293581268336576	0.01917500477821152	0.1147511415454357	0.2258467784692193	0.0859980641007216	0.01040648533426826	0.01014882238252236	0.01007283165876586	0.01010814264334486	0.01008972445925519	0.01005176222789595	0.01052416569505493	0.324232201437466	0.1028645463252489	0.0258092653891715	0.1893608504374212	0.1085072574973291	0.06255460653292313	0.06397646689273906	0.2241877771725675	0.1234930373620283	0.2463162439676561	0.01828136201434264	0.1549679853998962	0.01084502328399403	0.08546478160639273	0.1403182216591394	0.06101626583471245	0.01001107336213876	0.1425224062668794	0.2753386236651582	0.01011062210198691	0.0107870007239086	0.01027554783209999	0.01063779766260988	0.303273611373588	0.3831990902352007	0.08937304931425703	0.1383348630978857	0.1596913172689191	0.1661254783925842	0.02723984819010861	0.005649868433046954	0.1984878002133035	0.07891818318917419	0.01020054740947107	0.01011322669253134	0.00990144886750555	0.009866537934184445	0.009948921393515654	0.0100312797968541	0.0110017695246638	0.00616149096631282	0.001053878765015971	0.001031780558303687	0.1039288959749529	0.001186067346337501	0.001078485743845792	0.08308573255896859	0.1900486019783517	0.1208267988691337	0.2545628341893825	0.001036470964953236	0.1271591559510548	0.008556850863310574	0.001313874113680571	0.2308209327883534	0.1011894464515791	0.01001649519678576	0.004124358313106419	0.2860558730430587	0.01005245639102937	0.01155654094093858	0.01052833485541749	0.01125299204525847	0	0	0	0	0	0	0	0	0	0	0	0	0.1007445305340448	-0.3815256654925419	0.01825759093229422	0.05817880190865839	-0.763087189369813	1.076030026538819	0	0	22.84411721826253	-27.94474766162606	-5.482300702290409	0.05373206021895286	8.066214853593733	-5.365076623626477	-18.1823347148455	27.63117631216385	-30.20701825067342	22.01560533835964	-23.68245859647567	0.8998895937497227	-95.98287936798209	-95.98288056762838	-38.58359233650476	-38.58359412595868	-4.830074041205524	-131.8153461659028	-18.78125495380007	-32.6171239483046	0	0
146.29528	-0.1094029867613917	0.01035561056081878	1.563363491437295	0.8371654333147603	1.103478786838993	-0.9524482560843011	0.4259629868231258	-0.1919540224183836	0.1548461017496696	0.03817577325952429	0.2280315139916982	0.09697441736735202	1.689807095479894	1.689807096037674	0.6162545715702751	0.6162545708156566	-0.1865644313320823	0.2860380931234734	-0.5284407917632964	-0.4974989646807921	2.22337638208508	-1.375267371846797	-0.1774169316799848	-0.002759055639169845	0.6929009814012068	-0.07325849286839652	4.032342978221855	2.967735979945406	-1.523059679285355	-4.357500881903168	-2.671446756590427	0.9632977905515513	-3.803313458001428	-3.803313477042371	-5.49629186511318	-5.496291926474777	1.968037690537458	-3.089420151734633	2.266292644860436	0.494726383148485	0.1924485312775767	0.2422965025699577	0.06149997183661961	0.09867766009201942	0.1029110148937385	0.1046952343733949	0.02069367802405342	0.061310172537435	0.219548902250516	0.07974199819321265	0.01035345376715693	0.01016302978821752	0.01001911789336649	0.01000915806750047	0.0100366675132881	0.01004569836160676	0.01065761163171644	0.2360956360053116	0.05160259555701533	0.01340955226003893	0.1636846599939139	0.06020845764962812	0.03039712598224319	0.06570096454672032	0.2060278746268405	0.1237777795490957	0.2509380472405522	0.01032445593399205	0.1310486951149236	0.01011035732000278	0.04228357415511316	0.1773821024215129	0.07563263935068872	0.0100192088987774	0.09010613768248414	0.2770168746514231	0.01009619517067867	0.01205935201938931	0.0113943139320697	0.01190981680300287	0.1944375494778038	0.2431734891218414	0.05960208623666324	0.1140619192582796	0.09599353764799512	0.09137454674996776	0.01748033772584809	0.008140841329784314	0.2218963176703005	0.06906924291266356	0.01040450189234498	0.01022413248837506	0.01004020158508489	0.009986851170068471	0.0100340241329269	0.01004901426193311	0.01056274935792824	0.1843317006446171	0.001161812146381397	0.005290470632706168	0.1549257979830123	0.01990173244009375	0.002149113669155957	0.05392714022241119	0.1749784793973024	0.1268609854974492	0.2598416820944081	0.006464578320180893	0.08347387768489885	0.01034893306373253	0.001556164652720876	0.2119105667930852	0.0791344386018174	0.01003293169182196	0.05530623792174472	0.2736867679304245	0.01011185233454964	0.01428133547167721	0.01369368420009839	0.01425740711346369	0	0	0	0	0	0	0	0	0	0	0	0	0.135344490679243	-0.2981808671134259	0.03364718592819876	0.06068836342513025	-0.6959355786969134	0.9198891960408916	0	0	23.86518338405584	-19.4917768377999	-7.399812979362444	1.363684690925079	7.50561445513712	-5.316820195064696	-31.14309669426645	32.43780581084255	-21.07484940596909	21.9046041552061	-26.54732376170776	-11.57818159262329	-95.67348879605862	-95.67348948457867	-23.75936953619031	-23.75937009485675	-13.74904355817709	-138.0151398929989	-41.89051693859059	-18.8312011312869	0	0
146.3048	-0.08715583536392334	-0.003473515808100319	1.561314398931645	0.8372200655794093	1.110407904873546	-0.9533836403830018	0.4627371323630717	-0.1621755467877584	0.1395457136394198	-0.002340320230368692	0.201366495730033	0.1053921601478306	1.649266412671053	1.649266413022514	0.5630786208091367	0.5630786194681198	-0.1686090252436983	0.2503527947253134	-0.5090719446155348	-0.4933484773076312	2.449383149359094	-1.514339454563949	-0.2554379656047309	0.01615658446834226	0.7619941373747668	-0.1228438695046676	3.672346242953022	3.292830738078884	-1.674631808904036	-4.157343085943587	-2.932549849615995	0.7801682694145298	-4.713270495838633	-4.713270519531545	-5.651504222892886	-5.651504282263081	1.787267782092202	-4.406607205396025	1.772560557459746	0.4105364687394451	0.1652613143680896	0.2085226083188292	0.05139428906577688	0.09901933807711137	0.08109544791951347	0.07654323185641833	0.01576398699891716	0.03413044435272882	0.2261014164424614	0.07155551423001695	0.01044924391809368	0.01023324850270236	0.01007691163691344	0.01003721926896319	0.0100636528681952	0.01005342263747257	0.01045958156194991	0.2544528736783105	0.02477368804709925	0.01037192521796	0.1725529686244247	0.0447193219127414	0.01541588768666634	0.05088860810592613	0.1889015129414423	0.1268503765754825	0.2558173382936961	0.01001313180244735	0.09654119116415462	0.01083749006382501	0.02048324131753816	0.1875660964108594	0.07079079134999516	0.01003215396904274	0.08699677010032916	0.2728787038131328	0.01012453503697563	0.01416543041788839	0.01369072975640354	0.01417676367573071	0.08560148758201952	0.1031478880084822	0.02983112315906945	0.08978897541867359	0.03229575802707113	0.0166236151073513	0.007720827261587563	0.01063181422652168	0.2453048351272976	0.0592203026361529	0.01060845637521889	0.01033503828421878	0.01017895430266423	0.0101071644059525	0.01011912687233815	0.01006674872701212	0.01012372919119268	0.3625019103229215	0.001269745527746824	0.00954916070710865	0.2059226999910716	0.03861739753385	0.003219741594466121	0.02476854788585378	0.159908356816253	0.1328951721257647	0.2651205299994336	0.01189268567540855	0.0397885994187429	0.01214101526415449	0.00179845519176118	0.193000200797817	0.05707943075205574	0.01004936818685816	0.106488117530383	0.2613176628177903	0.0101712482780699	0.01700613000241584	0.0168590335447793	0.01726182218166891	0	0	0	0	0	0	0	0	0	0	0	0	0.169944450824441	-0.21483606873431	0.0490367809241033	0.06319792494160212	-0.6287839680240137	0.7637483655429643	0	0	23.20359345197839	-9.640963853957306	-8.889535038066255	2.569367864578124	6.996269369123089	-5.05953748646178	-44.32675684820079	35.28029504763968	-10.57337032083301	19.99988248171118	-27.83253415854985	-27.27376320926184	-95.42861243913498	-95.42861273922172	-8.885006837804642	-8.88500585497534	-24.32135964539261	-137.4389700133316	-60.89629502963167	2.101498282013182	0	0
146.31432	-0.06282910146152255	-0.01817841363068385	1.558465566556338	0.8375047608036956	1.117969643682232	-0.9547755985956994	0.49550838351854	-0.1292353452613975	0.1232935756015824	-0.04104547735112375	0.1722084575587725	0.1113308934762413	1.600083010754129	1.600083010872192	0.5090925802492732	0.5090925784093825	-0.1528528632573227	0.202272313049257	-0.4951696056004086	-0.4889794455063348	2.655400046222514	-1.559671333273544	-0.3441895584605777	0.04499003289233161	0.8255009385417873	-0.1687653975996805	3.194420505489154	3.624528643706803	-1.721660451885275	-3.977409266681376	-3.189069705852883	0.4410214006672362	-5.617753816183797	-5.617753840887691	-5.667484978300839	-5.667485021572153	1.507057848529761	-5.680661036833633	1.12884872263361	0.5465128666079524	0.1340601402206655	0.1702121745729334	0.03688741104923656	0.08667264698358478	0.05548495589892601	0.04936831966675455	0.01178649460858773	0.02750859880492944	0.2328340066305072	0.07111203876454716	0.01049232630665218	0.01024738947339176	0.01009505069249671	0.01005258099040075	0.01008667371298706	0.01006060701712397	0.0102556153997895	0.2812584428071273	0.0133126530837169	0.01002980223704051	0.1793917013513154	0.04503091227063717	0.01011531934125688	0.03938091092772662	0.1764629467938844	0.1286526941270466	0.2577913330108835	0.01071232600801211	0.07629789907526215	0.01117451217233074	0.01233444791449068	0.1881022551993247	0.06452162450711867	0.01003212925128506	0.09420499380734908	0.2672732747604665	0.01013699273549616	0.01453456057958485	0.01418906573049582	0.01469143411439858	0.1071215913738769	0.1364612533521706	0.01943942308763543	0.06097024396721116	0.03005356278468538	0.02959972144180262	0.009419603870195963	0.03115393682724349	0.2390021565125625	0.08024771615356115	0.01045753787706309	0.01019515214665601	0.01005153705062442	0.01002930125248781	0.01009244714958391	0.01006569281912678	0.01007593952041788	0.280740888166613	0.006337576139187851	0.009942134905067691	0.1719722685982327	0.05085700026839563	0.008183432262470676	0.03283927985425527	0.16176104117639	0.1287309978571217	0.2566228224653719	0.0107269758525982	0.06910583101695018	0.0108547656094119	0.009114195876840564	0.1851349496547241	0.05984289349063691	0.01001789148511245	0.0971446778326477	0.2573333847010072	0.01012636699422503	0.01302126524722143	0.0126960679724607	0.01330546385932838	0	0	0	0	0	0	0	0	0	0	0	0	0.1721988427532576	-0.2352880555180137	0.01626079905892394	0.07113851513358868	-0.5597520225537803	0.6448514181078643	0	0	19.49107225984068	-0.05199036389127831	-9.599127405927691	3.408797213440658	6.296276028016034	-4.54347795978312	-55.61185667429288	33.45929245676249	0.7697736167686027	17.8662514432905	-25.28086819708052	-43.88941760234269	-94.39379718505191	-94.39379707955666	5.357757114090568	5.357759459067177	-34.23601025877661	-128.8093946386814	-72.99827605251178	26.72651416180851	0	0
146.32384	-0.03676357834502628	-0.03290088903001437	1.554754750977067	0.8380942420269155	1.126099124708952	-0.9565773986937967	0.5232662796753894	-0.09330927005853773	0.1071107036581931	-0.07812433336399445	0.1407970965811804	0.113307233497917	1.542355960577458	1.542355960473831	0.455582323986395	0.4555823218573704	-0.1401772468628229	0.1425839172640015	-0.4878168627919846	-0.4821924361278481	2.808911370676715	-1.520707605601524	-0.4348592762221183	0.07932129032939642	0.8806649142699032	-0.2085416989254081	2.624701813640101	3.910425527239273	-1.660204909417391	-3.814223124030505	-3.398059539472787	-0.04905663940544861	-6.505794012993985	-6.505794033783472	-5.553586393275085	-5.553586409177746	1.144741455362851	-6.831388683093733	0.410447294806406	0.9176271963879102	0.1271186124607044	0.1633661190864776	0.02433207802912175	0.06549375125186772	0.0415702859501334	0.04295881061034174	0.01106281414230371	0.03593915694056175	0.2339231287816564	0.08180262224924099	0.01042308239170326	0.01017231097237851	0.01002885702844663	0.0100139276532654	0.0100808998009921	0.01006301724513839	0.01014206466164428	0.2623343521106601	0.0111703664598696	0.01011335919819076	0.1674955788214036	0.05180661517092263	0.01070941964251577	0.03845597745238339	0.1703965068194971	0.1275668436580064	0.2553578801919917	0.01033106682082279	0.08112645413088848	0.01057212961471564	0.0129908275027806	0.1848487831485755	0.06297807046478797	0.0100138808543816	0.09295703322990759	0.2623173517812353	0.01011623298920353	0.01239521884322382	0.01200012481051803	0.0126312233328724	0.1286416951657343	0.169774618695859	0.009047723016201418	0.03215151251574874	0.02781136754229963	0.04257582777625395	0.01111838047880436	0.05167605942796531	0.2326994778978275	0.1012751296709694	0.0103066193789073	0.01005526600909325	0.009924119798584603	0.009951438099023126	0.01006576742682966	0.01006463691124144	0.01002814984964309	0.1989798660103045	0.01140540675062888	0.01033510910302673	0.1380218372053938	0.06309660300294126	0.01314712293047523	0.04091001182265676	0.163613725536527	0.1245668235884788	0.2481251149313103	0.009561266029787857	0.09842306261515749	0.009568515954669305	0.01642993656191995	0.1772696985116313	0.06260635622921809	0.009986414783366739	0.08780123813491238	0.2533491065842241	0.01008148571038016	0.009036400492027027	0.008533102400142094	0.009349105536987857	0	0	0	0	0	0	0	0	0	0	0	0	0.1744532346820741	-0.2557400423017173	-0.01651518280625542	0.07907910532557523	-0.4907200770835468	0.5259544706727642	0	0	12.16311728115899	7.859147090583196	-9.26111494738525	3.704601406805316	5.217819783630453	-3.774154636565395	-63.39220646531256	25.55994436385949	12.02803953479267	16.64495747775344	-17.79048372937349	-58.48417822223262	-91.87529832892044	-91.87529754108974	18.32329568133204	18.32329901117529	-41.23217144633627	-111.4586151065528	-76.3914279285481	50.79433646438221	0	0
146.33336	-0.009620091169368208	-0.04693129600980875	1.550213136270356	0.8390149264893092	1.134697799241678	-0.9587197866894058	0.545312488905643	-0.05511128863166354	0.09200770278315662	-0.1136820779694397	0.1078080897712505	0.1100197843259309	1.476317041817357	1.476317041565744	0.403720988160797	0.4037209860402208	-0.1312035948194579	0.07286020022753351	-0.4873171277417225	-0.4708373933670737	2.876786654754121	-1.418492740975093	-0.5169479541194272	0.1136227627867277	0.9232991400713118	-0.2400118838458678	2.001499098524346	4.092533647644511	-1.496951776905742	-3.655228984746071	-3.513286623028571	-0.6571572448427991	-7.360841887791513	-7.360841896585638	-5.323508347229928	-5.323508328864639	0.7366227086446995	-7.775064265415339	-0.2961320051881904	1.498761961584126	0.1264250035310047	0.1665621687415157	0.0159600827478369	0.0437320864741591	0.03304035343596468	0.04514690614065563	0.01153503683812382	0.04736471221251128	0.2335376836954878	0.08360899405390936	0.01032909309767301	0.01011986959160085	0.01002418061476384	0.01001376585513099	0.01008406033642437	0.01006978010654396	0.01016197119412127	0.2209506480882728	0.01104729640096279	0.01019642207213706	0.1438938465296662	0.0510359744503112	0.01152697110526508	0.04164756061250493	0.1649731053246432	0.1272189717759314	0.2439547857529245	0.01002697188949786	0.09549266379801523	0.01022167478824009	0.02088956047078085	0.1766586000462381	0.06077296796776378	0.01000735947467788	0.085018504169008	0.2571019096781373	0.01008783392162352	0.01075164409696894	0.01031960085518322	0.01097700163136105	0.1231184095405287	0.1709448221659672	0.009314189269119453	0.01712474632540118	0.02399259133048014	0.05080273388701571	0.01254913979281327	0.06194968437916271	0.2332824125211678	0.07184979074532125	0.01021476984817828	0.01009901173796257	0.01010000933124317	0.01006488521815007	0.0101035948112576	0.01008356799641675	0.01030033655179168	0.1328933119263242	0.01057755361226551	0.01019948258862969	0.09721497214916762	0.0396249721556698	0.0113484016518434	0.04731693596053469	0.1539503290022284	0.1287587887524961	0.2104970532542488	0.00998079493823123	0.1195647339272299	0.01026397581530913	0.03607766599102334	0.1572201652395526	0.0554820545208736	0.01001540707675	0.06799622152277693	0.2465150337605485	0.01005295254708227	0.009827048178355271	0.009404453316532753	0.009963097758042135	0	0	0	0	0	0	0	0	0	0	0	0	0.1566393681344461	-0.2081694466732784	-0.02316758001377544	0.08610510980111592	-0.4284090017454157	0.4220636108242976	0	0	1.65017499612301	13.12453290378928	-7.806343341474491	3.405353184795372	3.654590766008726	-2.812932761375066	-66.76560237774029	11.83413874093616	21.92662746537667	17.0671312284909	-5.771133654317201	-68.26439398247284	-87.40500699122252	-87.40500526946296	29.7627823939748	29.76278615372123	-43.64998251320215	-85.39108843317318	-70.52148880319554	70.19435987752597	0	0
146.34288	0.01765826186024961	-0.05979517293743028	1.54497108690316	0.8402403192193486	1.143623949814822	-0.9611164305936222	0.5613422160420836	-0.01587181521580838	0.07887131171344214	-0.1476783490453524	0.07431773145374937	0.1005979032958467	1.402373262716576	1.402373262469078	0.3545471717414061	0.354547169964162	-0.1261452061742494	-0.004543927049561017	-0.4931427047339214	-0.4531829585924645	2.834179427426849	-1.28042527216287	-0.5805388849689205	0.1425176385679254	0.9486818712698882	-0.261814325230319	1.367949117313349	4.122754167773175	-1.25136606657094	-3.483126266443736	-3.498862614103944	-1.32684467770711	-8.162978071353573	-8.162978060996531	-4.991041728245534	-4.991041675020919	0.3307136145428185	-8.432669179295416	-0.904567080828371	2.227980412082744	0.1233855010225924	0.1688137921097038	0.01243755234172428	0.02493923373929132	0.02702672478295813	0.05060302450673678	0.01255992606293942	0.05796141572775158	0.2335680270387393	0.06915208264128794	0.01023631974262005	0.01012314717507362	0.01012411583541356	0.01007942649621977	0.01010730469740927	0.01008359264429489	0.01032800112718342	0.1665806831234175	0.01051607911418904	0.01015279501842044	0.1111873935599008	0.0378383880451805	0.01083050484905627	0.04657735227876998	0.1575455204844148	0.1290645447533102	0.2211190215092333	0.01014194844945251	0.1129449954576334	0.01047661726769053	0.03525823470161343	0.1629314778593096	0.05593086432325119	0.01002141528804414	0.07081711674547572	0.2511793743374884	0.01005935609969297	0.010512410114144	0.01011232761661107	0.0106304480120546	0.1175951239153232	0.1721150256360753	0.009580655522037487	0.002097980135053624	0.02017381511866067	0.05902963999777747	0.01397989910682217	0.07222330933036013	0.233865347144508	0.04242445181967312	0.01012292031744926	0.01014275746683188	0.01027589886390174	0.01017833233727702	0.01014142219568555	0.01010249908159207	0.01057252325394027	0.06680675784234397	0.00974970047390214	0.01006385607423265	0.05640810709294143	0.01615334130839833	0.009549680373211574	0.05372386009841262	0.1442869324679299	0.1329507539165135	0.1728689915771873	0.0104003238466746	0.1407064052393023	0.01095943567594896	0.05572539542012674	0.1371706319674739	0.04835775281252911	0.01004439937013326	0.04819120491064149	0.2396809609368729	0.01002441938378438	0.01061769586468351	0.01027580423292341	0.01057708997909641	0	0	0	0	0	0	0	0	0	0	0	0	0.1388255015868182	-0.1605988510448395	-0.02981997722129546	0.09313111427665662	-0.3660979264072847	0.318172750975831	0	0	-10.78789832711682	15.38373795856531	-5.428538166781416	2.592316100205704	1.601120214143186	-1.762115990309131	-65.60356065640433	-5.955347969439475	29.11078823763766	19.40731727851652	9.08817821128984	-71.15371260545497	-80.73000900830064	-80.73000685559276	39.90952940016606	39.90953281897465	-40.72370924191813	-51.62225928647364	-55.94894061217977	81.38641744689242	0	0
146.3524	0.04395693600024975	-0.07128570006089577	1.539240961759681	0.8416981442867273	1.152692185256087	-0.9636729698382133	0.5714566823567995	0.02281740740538123	0.06834439616964712	-0.1799025686608789	0.04165490811132953	0.08478860660678678	1.321130655804347	1.321130655748307	0.3089848743910412	0.3089848732607189	-0.1247386720889111	-0.08658451851697219	-0.5039841210187399	-0.4282345386609568	2.67055396554345	-1.134333441302883	-0.6186664237855218	0.1619281304739004	0.9525178483939704	-0.2736431442539018	0.7651628387917098	3.974732667195379	-0.9547727078068902	-3.280209303756851	-3.33861492622017	-1.986219001299677	-8.890476222448896	-8.890476193458598	-4.565941097397422	-4.565941016535687	-0.02243597753384194	-8.740332674541534	-1.338394452380593	3.013924791723353	0.1301534577599338	0.1795239165447053	0.01087500238471999	0.01363957575338556	0.02701846263535385	0.05986890671052301	0.01229303086957864	0.06303520730505695	0.2269758351219356	0.06131474457426025	0.01018868749134111	0.01012420124848202	0.01014110002665199	0.01009203409481913	0.01011761930187543	0.01008618736642738	0.01032061726201896	0.115311721409435	0.01023018024648443	0.01012303201109731	0.08659361036755737	0.02718333473854091	0.01033337870056224	0.05089523285617016	0.1554491119363541	0.1224628360140247	0.1971565634631521	0.01023003691236631	0.1280252527591225	0.01063700686296392	0.04345330658143982	0.1538455745287895	0.05141361350545155	0.01002526732311478	0.0582489912919229	0.2409099218585431	0.01004645338644014	0.01049421789169928	0.01015502990768309	0.0105144496626743	0.1546503869934837	0.2102734628900995	0.009720027519577979	0.006482811392223166	0.03265274995710899	0.07604438262729439	0.01052076327819684	0.06388874204745733	0.2042965622966039	0.06341725228085762	0.01017558163189573	0.01011040209370748	0.01005402037431559	0.0100387351924758	0.01011257655078686	0.01007641263627029	0.01010259663223149	0.04731477966371079	0.01022186810726961	0.01012973985360857	0.06482342551113822	0.01981126254420174	0.01027498143220299	0.05557207289223273	0.1603521246477107	0.1000316923617391	0.1594923863671415	0.01021415793949702	0.1475295879620402	0.01059825193787496	0.04605083253956432	0.1479909235440128	0.04646616219670088	0.01001494382602347	0.0450069969092159	0.2152797911593603	0.01004638572944362	0.01036674373485884	0.01011583572918024	0.01029872735344868	0	0	0	0	0	0	0	0	0	0	0	0	0.1173402001989525	-0.1130039898185409	-0.04352458173889709	0.1031432765439767	-0.3050880570308106	0.2426105910836168	0	0	-23.49071695119244	14.90413170581415	-2.536186363274955	1.449180284573931	-0.8486551960419599	-0.7360839763652393	-60.43728618215523	-25.13056308993762	32.50388604278879	23.46657607538934	24.46634249161558	-65.96819276627008	-71.70217857364604	-71.70217696482844	49.32792017745768	49.32792245667501	-32.68300718208373	-12.34009338975301	-34.14889009888648	81.76544973578436	0	0
146.36192	0.06813675644533942	-0.08144031051020076	1.533281137916111	0.8432865461797356	1.161681832827923	-0.9662971577239466	0.5761165401375395	0.05923998136398491	0.06073039545761671	-0.2099919195452533	0.01119648406733759	0.06306493022607139	1.233408560857635	1.233408561133998	0.2678918518018587	0.2678918515224577	-0.1262635410891263	-0.1697266180747949	-0.5178820410814454	-0.3959688035688113	2.391141010103744	-1.002875035911172	-0.6287607264608082	0.1697883189705505	0.9318228116386995	-0.2762209096854923	0.2268139893774922	3.648831293794766	-0.6462915280226296	-3.032947197358968	-3.038441844189828	-2.555878334774913	-9.520238009782712	-9.520237970836938	-4.052425795621433	-4.052425700074689	-0.2787143610634904	-8.660572864092783	-1.538646704213755	3.745747872863612	0.151236588355513	0.202398391323507	0.01029364823266248	0.01117480982471509	0.03398191861422115	0.07307920911497781	0.01017982931393635	0.06094999779021956	0.2103044149527722	0.06861117347597609	0.01019918082043487	0.0101059001845221	0.01001969505071603	0.01001645663770799	0.01010524706866067	0.01007216536423194	0.01004528047464334	0.07666038900739489	0.01038326249460542	0.01014867561733617	0.07817853031169039	0.0244097369145833	0.01054349635995727	0.05385292898594237	0.1617950029924075	0.1027711572593937	0.177361283871686	0.01015923918012934	0.1388567397399849	0.01049547134038884	0.04175415235405849	0.1539822514532331	0.04828607725362639	0.01000982036245675	0.05048616427226005	0.224451683758603	0.01005375278195029	0.01034125897966669	0.01008031817203388	0.01030442627396483	0.1917056500716443	0.2484319001441237	0.009859399517118473	0.01086764264939271	0.04513168479555732	0.09305912525681131	0.007061627449571502	0.05555417476455453	0.1747277774486998	0.08441005274204215	0.01022824294634219	0.01007804672058306	0.009832141884729431	0.00989913804767458	0.01008373090588817	0.01005032619094851	0.009632670010522709	0.02782280148507761	0.01069403574063709	0.01019562363298449	0.07323874392933502	0.02346918378000514	0.0110002824911944	0.05742028568605284	0.1764173168274915	0.06711263080696478	0.1461157811570956	0.01002799203231943	0.1543527706847781	0.01023706819980095	0.0363762696590019	0.1588112151205516	0.04457457158087267	0.009985488281913682	0.0418227889077903	0.1908786213818478	0.01006835207510286	0.01011579160503417	0.009955867225437058	0.01002036472780095	0	0	0	0	0	0	0	0	0	0	0	0	0.09585489881108691	-0.06540912859224217	-0.05722918625649871	0.1131554388112968	-0.2440781876543364	0.1670484311914026	0	0	-34.87904894106338	12.47265728256039	0.378122633964967	0.2039614256747327	-3.517560945628904	0.1679293822882325	-52.25416056167897	-42.88991477860756	31.57032425785332	28.57652597256935	38.16310507463222	-52.29599374315305	-60.16641828619434	-60.16641786464311	58.54442102259097	58.54442182576696	-20.60992642628452	29.13890626294398	-7.288684523079188	69.89005831824738	0	0
146.37144	0.08917405383532061	-0.09047122697329002	1.527352182297584	0.8448942762683566	1.170352729221351	-0.9689075023383504	0.5760546376508953	0.09180313707488724	0.05594558440387072	-0.2374910799656916	-0.0158274512541562	0.03666389906764025	1.140254187129233	1.140254187774785	0.2321041400708423	0.2321041407162084	-0.129638037263714	-0.2502416616497896	-0.5324224185659561	-0.3574615497794464	2.014231000766467	-0.8996734233498658	-0.6128887274503966	0.1661626087814908	0.8855633646141482	-0.2710212762989008	-0.2238456094276599	3.169701447795753	-0.3670989359503607	-2.735992995040341	-2.622127716417315	-2.955823155617214	-10.02737593558921	-10.02737589918864	-3.451529933644658	-3.45152983708569	-0.4071794373113807	-8.191330992420141	-1.469566982665708	4.305812104609031	0.1950589799442346	0.2470342553638493	0.02810834911192596	0.02707447268216578	0.06658522167451759	0.1099168895912681	0.02605591181741969	0.0523432435826095	0.1881694524710628	0.06901361305131752	0.01105618411066656	0.01031965202678774	0.01032629435482118	0.01002795266648153	0.01008219590572964	0.01005863932867717	0.01501920735984791	0.04762064049954012	0.01040610865268383	0.01013541117261905	0.06564614060359693	0.02107127442925092	0.01059450900929042	0.06278505836232955	0.1641350608144816	0.08344966591004627	0.1569958263398487	0.01008323518411068	0.1504213523407702	0.01032311715310518	0.03384296607111288	0.1695065184772473	0.05537952717823454	0.01001734926144259	0.03997784678184699	0.2057009762866776	0.01108215886078186	0.01039070693958134	0.01007102112003589	0.01030977867433177	0.2977256759632646	0.3576702636237064	0.06952750360839111	0.0639387616128116	0.1386190431786571	0.193343320138968	0.06509155077105325	0.0352639626901062	0.1466818220908537	0.05667299627383914	0.01295154399734341	0.01082078107389163	0.01116662832706034	0.01015030367262402	0.01004837496738386	0.01004638678802769	0.02657163658775058	0.01444464193025516	0.01020111114616765	0.01006706332715536	0.03725829524367594	0.01413577399304567	0.01033249780359607	0.08235233471601425	0.1587579347367807	0.06092004146907005	0.1205546933032278	0.01002140120998661	0.1717541635252214	0.01015025749087471	0.01933717946837328	0.2131177796609391	0.0761017094387747	0.01005422866058283	0.02153617783914877	0.1722059141220914	0.0133735523443907	0.01068712110553695	0.01015275617213103	0.01055576441273848	0	0	0	0	0	0	0	0	0	0	0	0	0.1171657599395937	-0.002761361685673046	-0.004614926315462788	0.1066758455573114	-0.2093091946305835	0.133439038099153	0	0	-43.83773752963795	9.1521973821245	2.848984963389431	-0.9326344543332745	-6.18005681641633	0.8923059935957783	-42.20520248951399	-57.02801844742184	26.42972037881853	33.72276920070757	48.69651847717217	-30.42363135638418	-45.89783262937789	-45.8978336006827	67.6585070527174	67.658506485092	-6.121395701735942	68.790037887696	21.96203139073524	45.84904456980117	0	0
146.38096	0.1062609519141022	-0.09867128966951694	1.521675491593808	0.8464194851641852	1.17846533338553	-0.9714384132779383	0.5721735145407226	0.1192352653356645	0.05353016621856792	-0.2619417889440664	-0.03846660400654311	0.007559184467670517	1.042962545984843	1.042962546912004	0.2024449858218611	0.2024449873416932	-0.1335618428148597	-0.3245666170382904	-0.5449759073907715	-0.3148760583467463	1.565959664376152	-0.8280454026919913	-0.5769999426517425	0.152868722784849	0.8149130406131639	-0.2598327235473887	-0.5743071383467486	2.578705984160456	-0.1539418225943993	-2.394153567591217	-2.12324382605091	-3.112683311848158	-10.38470256683791	-10.38470254616038	-2.765631426695219	-2.765631341458894	-0.3929431901583182	-7.369418443664725	-1.121969840397574	4.586446174822357	0.2637414204496623	0.3164897996219555	0.06803676428991756	0.06276215920726941	0.128254975759288	0.175074378151397	0.06441574379175193	0.03721464170764579	0.162774424846083	0.05443177777602923	0.01298904891438998	0.01083951754405387	0.01122737888951208	0.01017829132680059	0.01005201482843035	0.01005066728576566	0.02673589864698332	0.02591312812467323	0.01013020955031633	0.01005534985214482	0.04014763564587073	0.01428155512688301	0.0102293232633237	0.07994785942217528	0.1571757293667061	0.07041712487490071	0.1336535379405842	0.01004744261831109	0.1645415855834371	0.01020024394407202	0.02067594869801937	0.2022140204144486	0.07526444200411561	0.01006034370518174	0.02380499387068388	0.1866137109012249	0.01342193339944453	0.01074221623331901	0.01018116731262071	0.01062198484412663	0.403745701854885	0.4669086271032891	0.1291956076996637	0.1170098805762305	0.2321064015617568	0.2936275150211247	0.123121474092535	0.01497375061565787	0.1186358667330076	0.02893593980563613	0.01567484504834462	0.0115635154272002	0.01250111476939124	0.01040146929757346	0.01001301902887955	0.01004244738510686	0.04351060316497844	0.001066482375432714	0.009708186551698215	0.009938503021326229	0.00127784655801686	0.004802364206086191	0.009664713115997734	0.1072843837459757	0.1410985526460698	0.05472745213117532	0.09499360544936	0.0100148103876538	0.1891555563656648	0.01006344678194846	0.002298089277744657	0.2674243442013267	0.1076288472966767	0.01012296903925197	0.001249566770507256	0.1535332068623348	0.01667875261367854	0.01125845060603973	0.01034964511882501	0.01109116409767601	0	0	0	0	0	0	0	0	0	0	0	0	0.1384766210681005	0.05988640522089608	0.04799933362557313	0.1001962523033261	-0.1745402016068305	0.09982964500690347	0	0	-49.8189257356693	6.005200873520159	4.544513252039002	-1.807857282860874	-8.604459079060863	1.428570513566887	-31.37519925121559	-66.25066114017275	17.8808984133403	37.84115043509235	55.47507776654445	-1.516954348843643	-28.66489656654401	-28.66489883818186	76.31649655588321	76.31649478346066	9.112701395493961	102.6020251935216	50.75037772111654	11.71445413273313	0	0
146.39048	0.1188564877612045	-0.1063190976647613	1.516403832245955	0.8477834298436511	1.1858014745189	-0.9738410443274659	0.5654473665723205	0.1407038610504358	0.05271950859084583	-0.2829771469862857	-0.05610609781250745	-0.02164780518917132	0.9430956345200242	0.9430956355288121	0.1796945809032061	0.1796945831389681	-0.1366642416975793	-0.3896622245608849	-0.5529543155757786	-0.2712737679645343	1.075645212190198	-0.7819904672058148	-0.5292222720896498	0.1328221580525711	0.723144314661136	-0.244321210924485	-0.8218442552526735	1.92539220341909	-0.03326396988684373	-2.021443425355319	-1.57765842528929	-2.969994523714546	-10.56366903640803	-10.56366904078549	-2.001758940605239	-2.001758876918565	-0.2355330675144106	-6.266935026406539	-0.5135404119404273	4.510092049630357	0.2959316940001493	0.3461347297425891	0.08784800267041919	0.08520855981689912	0.156752694142044	0.2020164213334865	0.09104614088706603	0.02786452739756553	0.1410975089384793	0.04026647631654524	0.01350358407279179	0.01089652202184576	0.01764762898927034	0.01038698062431379	0.01005163552114086	0.01005744912179879	0.03019309605007874	0.01337161502669959	0.01003341267373603	0.01003504474501236	0.02042018483005554	0.0100788093653342	0.01008233765807315	0.08638286628294214	0.1520038786098655	0.06198743908818978	0.1134126616191219	0.01005574049521048	0.1658032318747831	0.01014549954874708	0.01203552124634019	0.2360508769783488	0.08986669744075816	0.01010056004530046	0.01265507569352123	0.1681545653178199	0.01366897221123141	0.01094492916579475	0.01029355537341372	0.01082757958568806	0.2868613451759198	0.3237897425994318	0.08739835405454487	0.09744261231160603	0.1502490675452092	0.1830958636292461	0.1109250342144823	0.02401230195351751	0.1130275987316045	0.0266095535590294	0.01244382517417741	0.01042721402718929	0.03114988416441799	0.01067003298341054	0.01008291462485758	0.01007938600064843	0.02426757404575892	0.004983783831559929	0.01016458474864358	0.01008590393698929	0.005822981410936076	0.008412608322415862	0.0102186688689858	0.08022873340553434	0.1499847822739876	0.05347281089688646	0.08782648601608548	0.01010117918371448	0.1483912569794574	0.01013576306645548	0.007459520814897373	0.2924818425657645	0.1011987561400608	0.01013889268840691	0.005671734836816466	0.1382995593476048	0.01153425171917934	0.01097364197564823	0.01040616925595166	0.01090142031219262	0	0	0	0	0	0	0	0	0	0	0	0	0.1701053313901258	0.09006196330656129	0.04190397150065422	0.07083120042422289	-0.1184048033625751	0.07308207519744007	0	0	-52.66640156901126	3.900743564224073	5.346460602302241	-2.344885494644211	-10.58645537527103	1.8078894899265	-20.73506082630544	-70.10616654572202	7.25819871841072	40.10074093275043	58.55381021044386	31.97456403821731	-8.459121501964615	-8.459124296543505	83.93694054902005	83.93693784345926	23.77553453035561	127.2676491404551	76.31239671954354	-28.27235833620669	0	0
146.4	0.126702120848017	-0.1136012901079611	1.511610776329604	0.8489374567360513	1.192182657465185	-0.9760806369529944	0.5568340735340382	0.1558577811138152	0.05256360533190492	-0.3003953496299641	-0.06846385268616859	-0.04795139367671824	0.8424811419570105	0.8424811428049304	0.1645393079135175	0.1645393106227714	-0.1376230434421396	-0.4433096163857456	-0.5540601309430938	-0.2302332643953645	0.572966788883847	-0.7487179690918555	-0.4776919957353573	0.10931153801745	0.6152322485462677	-0.225751597546187	-0.9724230944217671	1.260279071203329	-0.01702315981639565	-1.63782791047161	-1.018887950395428	-2.501624066656889	-10.53778811982457	-10.53778814788248	-1.17254365734487	-1.172543622452764	0.05505345648610525	-4.982352994107928	0.3127069848051562	4.04840202967518	0.2657357593265501	0.3063227307671115	0.07530494677104288	0.0854004221238801	0.1318842841115147	0.1657974574249297	0.0970346274542077	0.02868942289199952	0.1265687968748666	0.03233811877356982	0.0118574046310304	0.0102626714346299	0.03088912000125679	0.01063025118644916	0.01009197066583343	0.01008170265755499	0.02081523639353073	0.01007382658738877	0.01025705536145155	0.01011190029275334	0.01394196882816169	0.01037094809538434	0.01034131890891615	0.07545694323522138	0.1533898238542042	0.05727600991980174	0.09914604372724863	0.01010926820955363	0.1474094464435957	0.01016435729904621	0.01124257144878121	0.2651028126132206	0.09349197755596586	0.01012670051550161	0.01029529415757002	0.1508008853130051	0.01080296688963875	0.0108655476309025	0.01037356906240996	0.01080436297697441	0.1699769884969545	0.1806708580955745	0.04560110040942598	0.07787534404698156	0.06839173352866154	0.07256421223736748	0.09872859433642958	0.03305085329137715	0.1074193307302014	0.02428316731242267	0.009212805300010202	0.009290912627178377	0.04979865355944474	0.01093859666924763	0.0101528102208356	0.01011632461619	0.005024544926539401	0.008901085287687144	0.01062098294558894	0.01023330485265235	0.01036811626385529	0.01202285243874553	0.01077262462197387	0.053173083065093	0.1588710119019054	0.0522181696625976	0.08065936658281095	0.01018754797977516	0.1076269575932502	0.01020807935096249	0.01262095235205009	0.3175393409302025	0.09476866498344483	0.01015481633756185	0.01009390290312568	0.1230659118328747	0.006389750824680143	0.01068883334525673	0.0104626933930783	0.01071167652670923	0	0	0	0	0	0	0	0	0	0	0	0	0.2017340417121511	0.1202375213922265	0.0358086093757353	0.04146614854511972	-0.0622694051183198	0.04633450538797669	0	0	-52.43578554511465	3.375906305192604	5.370854755654889	-2.540523228016558	-11.97683477094283	2.079596526611409	-11.13711523934588	-68.81002637367892	-3.762087000544407	40.1129506109978	58.32256415152692	66.14079886995489	14.23659697526166	14.23659503214733	89.96866215294125	89.96865888668205	36.96781111294462	140.5960200502832	96.11702079668447	-68.15705180371452	0	0
146.40952	0.1298176625647432	-0.1205644452046346	1.507300889289513	0.8498634253834999	1.197483447040288	-0.9781322145159054	0.547197980286396	0.1648094224564725	0.05207754090014093	-0.3141941084618168	-0.07555732636115961	-0.06829325581750421	0.7431672202669143	0.7431672207858822	0.1575235522161047	0.1575235551066936	-0.1352479135518809	-0.4843078549739643	-0.5465149183149488	-0.1953193683484221	0.08658675613181788	-0.7122363474328639	-0.4284673167117417	0.0853695100579485	0.4972323267726639	-0.2049200724094677	-1.039537615935532	0.6295233420559406	-0.1003599419599119	-1.264398625478465	-0.4762425179639565	-1.724404412010601	-10.28831163524879	-10.28831167330973	-0.2947812012956312	-0.2947811981959167	0.4613933743648935	-3.629040931333787	1.291291463041894	3.233561749942035	0.2292084965897195	0.2604513434920232	0.0598774657993654	0.08095815414498037	0.1053933309960073	0.129538009892368	0.1105512212722305	0.03773840449308365	0.1121735876468733	0.03142775261454735	0.011218351328603	0.01037186022655473	0.0436864659707524	0.01054741331514497	0.0101016112867016	0.01008284772914972	0.01261960214910992	0.02876660363215967	0.01033186151956652	0.01013736232086425	0.02811905389732737	0.01210613571858241	0.0104545568174037	0.06909589440680462	0.1504598530096349	0.05295603096298307	0.08923143654202202	0.01012173817321891	0.1278235729154427	0.01015833978249826	0.01338091283379989	0.3020655764689981	0.1037162036863186	0.01010762883072299	0.01264750029214595	0.1301916660704283	0.01016067250312199	0.01062079396083539	0.01032315342660376	0.01059708876719255	0.1845855605216433	0.2024864528989247	0.04493943088333276	0.07546653896205718	0.08304026974411602	0.09893264430876432	0.1466590606770484	0.05564888595900046	0.08729585143527067	0.0359268378201438	0.01196065946406008	0.01141642766697562	0.05862381100470197	0.01010777185542842	0.01007304339830231	0.01005688295646378	0.006940501703868108	0.07286081670620143	0.0101993180319209	0.01009427488917796	0.06384988076282279	0.01463762151161156	0.01035251233539268	0.07110933256778758	0.1368814234845679	0.04637520131931153	0.0778087586222474	0.01008512850078333	0.1037179622569462	0.0101088545267014	0.01705683857198158	0.3899437388712613	0.1307377952134117	0.01004181391091116	0.01809646581721669	0.09266534659126005	0.01234918986320317	0.01021813445994469	0.01013689333079722	0.01020920493274318	0	0	0	0	0	0	0	0	0	0	0	0	0.2449164045048523	0.1045495054574629	0.02348367618909424	0.008130085918288347	-0.0289219429215938	0.02120448449594834	0	0	-49.27015655731317	4.565642063706145	4.923134182678875	-2.447490601694639	-12.69956076603166	2.289258007283405	-3.314741516728739	-63.02361747133777	-13.35545604791044	38.02508151612074	55.23750351080579	95.97029414039507	38.26236074586389	38.26236066344677	94.11153720634427	94.11153387124781	47.96176205544467	141.6626844927767	107.9783528468105	-101.3903186484835	0	0
146.41904	0.1284884749632678	-0.1271023436735276	1.503436569935456	0.8505691408297219	1.201638327705067	-0.9799765918739588	0.5372432213019719	0.1680762265695797	0.0504051911606579	-0.3245584440544972	-0.0776632416574051	-0.0800099136649445	0.6473176070625646	0.6473176072436226	0.1590227477455364	0.1590227505177009	-0.1285499709584521	-0.5125572439172498	-0.5292576502970088	-0.1694997608897239	-0.3564720145728132	-0.6569832667166542	-0.3842137929949067	0.06336756621609373	0.3755533218496677	-0.1822815158867266	-1.043191751098882	0.07164844133961096	-0.2611968744356488	-0.9187770455546883	0.02500121886944094	-0.7047960839078504	-9.810728893470106	-9.810728923687368	0.6132952138393329	0.6132951862795131	0.9581476850302498	-2.322891969565489	2.33753450915023	2.157603975700592	0.213689951640065	0.2414309557139712	0.05201314415441972	0.07753931761034479	0.09860203372246701	0.1220869088591532	0.1404651987196794	0.05401538069126101	0.09461860720008633	0.03747953059910241	0.01253341861753909	0.01164697099230542	0.05406927587697726	0.01003133937895112	0.01005945286018811	0.01004889054571753	0.01015510596000675	0.07129211234967092	0.01011908981189785	0.01006752687186359	0.0633009096746778	0.01434266453470955	0.01025891389106777	0.0753666984883332	0.1384790736392444	0.04778153605164386	0.08279830948234831	0.01006764749038538	0.1154056561811321	0.01009832605825335	0.01682920060844281	0.3520466605769974	0.1264236595915497	0.01003413514329979	0.0182287402675247	0.1041877438668404	0.01332902881506615	0.01024510139746685	0.01011322435730009	0.01021880397442051	0.1991941325463321	0.224302047702275	0.04427776135723952	0.0730577338771328	0.09768880595957048	0.1253010763801612	0.1945895270176672	0.07824691862662377	0.06717237214033998	0.04757050832786493	0.01470851362810996	0.01354194270677287	0.06744896844995919	0.009276947041609208	0.009993276575769029	0.009997441296737559	0.008856458481196814	0.1368205481247157	0.009777653118252853	0.009955244925703564	0.1173316452617903	0.01725239058447758	0.009932400048811491	0.08904558207048215	0.1148918350672304	0.04053223297602546	0.07495815066168385	0.009982709021791498	0.09980896692064224	0.01000962970244031	0.02149272479191307	0.4623481368123202	0.1667069254433785	0.009928811484260469	0.0260990287313077	0.06226478134964544	0.01830862890172619	0.009747435574632649	0.009811093268516135	0.009706733338777125	0	0	0	0	0	0	0	0	0	0	0	0	0.2880987672975535	0.08886148952269934	0.01115874300245317	-0.02520597670854302	0.004425519275132198	-0.00392553639608002	0	0	-43.37975196158252	7.260417374577426	4.394839225943391	-2.148173680124545	-12.75664605064918	2.461073526794797	2.102298897048897	-53.67223221688278	-19.77564348921214	34.38662423396206	49.68310223507883	116.2472342000171	61.81845531195439	61.81845692545063	96.35698006917166	96.35697699367881	55.76003279964995	130.8560333951903	110.0703193285187	-122.208903091796	0	0
146.42856	0.1232456086967491	-0.1329742314244189	1.499973041715071	0.851080994399998	1.204641528731077	-0.9815982047975613	0.5274573806559963	0.1664969588891199	0.04697490051928217	-0.3318122895830526	-0.07528236449148523	-0.08129448579381879	0.55705110144672	0.5570511014288444	0.1692419548922057	0.1692419572679162	-0.1168329512158238	-0.5290255226112592	-0.5021073226373322	-0.1546358995609613	-0.7318782352140605	-0.5706362186683497	-0.3437515858863838	0.04481654306856808	0.2562168817988528	-0.1581814847587311	-1.008584247078717	-0.3847287735535239	-0.4624980277838037	-0.6122023758874382	0.4630002564614538	0.4456004968955948	-9.119480910920364	-9.119480921267616	1.53445299795235	1.534452942811892	1.508566748735017	-1.170433027210686	3.352348757364625	0.9569957283163708	0.2064600961821474	0.2311094900701285	0.05370595731383414	0.082747469165387	0.09891751136259368	0.1204710926522884	0.1705295700860936	0.06261810663668863	0.09477600426274937	0.03742919257539466	0.01253923840199193	0.01178903029822911	0.06915467244337646	0.01095974388633454	0.01005037482385552	0.0100408010328265	0.01011750726150435	0.09971303999079434	0.01018489188596992	0.01006655695810761	0.08401441183400762	0.01512843842306663	0.01028164851807049	0.08026769163788876	0.1281404789136194	0.0481685777963536	0.06871009744067211	0.01006571029205794	0.1063207008857935	0.01005829877687802	0.01721291218810101	0.3938527225481281	0.1454960370051324	0.01002465280113624	0.01975468206896307	0.07696579593413229	0.01393342289479548	0.01006524868658547	0.01002150523245382	0.01004038016856222	0.1950548974055872	0.2105987170955014	0.06434753268539264	0.100278149867521	0.100555640553448	0.1130977807200161	0.2154136080429853	0.06384904925854556	0.1180582058501896	0.02886225343738766	0.01075755031258612	0.01054402437040832	0.09633143326951686	0.01365982903175083	0.01008459502214023	0.01006509949118166	0.01110250121705536	0.1194761222126888	0.01061331404886597	0.01015688878520604	0.09182743478622145	0.01450093793498739	0.01060148721482366	0.08160920065664454	0.1178465322670406	0.05513999300941307	0.03842761532832473	0.01013135420215731	0.09396833118874336	0.01004186478054248	0.01422425901273017	0.4607240825628895	0.1670747318416115	0.01009021991434448	0.01671412121828223	0.03868906569920498	0.01117703613117638	0.0100729101091306	0.01006528815847421	0.01006311633787608	0	0	0	0	0	0	0	0	0	0	0	0	0.3253579571137541	0.0930578010448456	0.01066995549728649	-0.04340837519874741	0.005738506522472916	-0.005284484774679393	0	0	-35.13850126160087	11.01558700793821	4.189722757301528	-1.738870403559934	-12.22599501391075	2.594324596658523	4.664538831722607	-41.90902011899183	-21.68353639322043	29.9458392901665	42.01135710326297	122.9432386199631	82.79957622082271	82.79957860832452	96.9003664174397	96.90036371457593	58.982580641969	109.7226304262381	101.2638408313823	-127.2856681055724	0	0
146.43808	0.1148313501602737	-0.1378432873390062	1.496893911694461	0.8514354032342804	1.206540101648087	-0.9829851290581348	0.5180707107890365	0.1611280022625569	0.04161894209731242	-0.3363534653124494	-0.06910700878890758	-0.07155363064578336	0.4742547245956956	0.4742547245876211	0.1882321319924278	0.1882321337280397	-0.09981671930138869	-0.535607766990792	-0.4658636173910362	-0.1511863775633639	-1.0199648621309	-0.4453599374888601	-0.3024872770856975	0.03032409317209538	0.1442043754186034	-0.1330691324095361	-0.9642645081536187	-0.7227072236908439	-0.6574947872171363	-0.3491834367449491	0.8194276112465146	1.587047388833384	-8.24848159643518	-8.248481584402793	2.453585945688169	2.453585867224216	2.061696082938307	-0.2581557524006129	4.230282892356107	-0.2149782515753205	0.2005453538470124	0.2192169382627036	0.0651729891038418	0.09908343483164128	0.1005137245920478	0.1136539357964999	0.1953996267009651	0.05886934900546378	0.1200611264439438	0.02696118774542173	0.01025757384888816	0.01011428429756966	0.09100714385571436	0.01387852406355032	0.01009946200971908	0.01007659762546395	0.01140120901796587	0.1041187805213892	0.01069640392245629	0.01018296115145096	0.08030492436164906	0.01387965913108254	0.01067855590812354	0.07875523727130526	0.1241132796458651	0.05621405470135264	0.04218122102150324	0.01015100768704465	0.09874738514639875	0.01006013520173079	0.01320049198715468	0.4182036042977142	0.1553437886416341	0.01011417802633229	0.01503300554796008	0.05054777679876924	0.01006805752161329	0.01017807409789436	0.01013017451946449	0.01017172066424207	0.1909156622648422	0.1968953864887279	0.08441730401354575	0.1274985658579093	0.1034224751473254	0.1008944850598709	0.2362376890683035	0.04945117989046736	0.1689440395600392	0.0101539985469104	0.006806586997062292	0.007546106034043761	0.1252138980890745	0.01804271102189246	0.01017591346851143	0.01013275768562575	0.01334854395291392	0.1021316963006619	0.01144897497947908	0.01035853264470852	0.06632322431065257	0.0117494852854972	0.01127057438083582	0.0741728192428069	0.1208012294668508	0.06974775304280069	0.001897079994965599	0.01027999938252311	0.08812769545684448	0.01007409985864464	0.006955793233547264	0.4591000283134588	0.1674425382398444	0.01025162834442849	0.007329213705256771	0.01511335004876452	0.004045443360626564	0.01039838464362854	0.01031948304843229	0.01041949933697503	0	0	0	0	0	0	0	0	0	0	0	0	0.3626171469299547	0.09725411256699186	0.01018116799211981	-0.06161077368895179	0.007051493769813632	-0.006643433153278764	0	0	-25.15758630823194	15.36680254343052	4.592400561164447	-1.308164134202614	-11.24496792021531	2.669500055421377	4.12470495572089	-29.01200019870184	-18.40475181647507	25.31429420915307	32.61819597211246	114.2938874662472	99.31416590805229	99.31416806104488	95.96021339149448	95.96021124071018	56.07743031304101	80.94261501103276	81.36986178092789	-116.4119968714724	0	0
146.4476	0.1041441273049927	-0.1413182372604268	1.494236218833809	0.8516709367419044	1.207421587860139	-0.9841307592639923	0.5090351191335769	0.1531289305694385	0.03463250208555944	-0.3385992774120572	-0.05998513147588055	-0.05156365577562185	0.4004164519550332	0.4004164521446548	0.2159087250058764	0.2159087259094494	-0.07777378145356527	-0.5348840945179496	-0.4223215409052174	-0.1581870676444027	-1.20790758388766	-0.277460776058314	-0.2541254270308357	0.01977762143554394	0.0429724023117506	-0.1076242523963426	-0.939575253031671	-0.9374198392182324	-0.797215826524998	-0.1297590360661286	1.07998394249718	2.575947874698176	-7.246451402250475	-7.24645137464263	3.357115273071051	3.357115178234821	2.552978537723324	0.3581518455319879	4.869704215966583	-1.217515401608428	0.193674377990886	0.2074670817030148	0.07341049927079918	0.1101306228616959	0.1011442551784521	0.1074166325516541	0.2115765977858169	0.05634167266857769	0.1323935525993098	0.02863537331952649	0.01036138924472253	0.01086305954376647	0.1127853208098632	0.0145659881221419	0.01011307525291012	0.01008963030759023	0.01261859522396757	0.1011324105793153	0.01075829002741943	0.01019870619461835	0.07367913816275402	0.0125015051609351	0.01071194704230204	0.07777005473536311	0.1197162597992397	0.06459072216525645	0.06731350959741234	0.01016027129207885	0.0918491468096224	0.01005218488496632	0.01056053551299354	0.4280482893850248	0.1611373781313689	0.01448011900649983	0.01112397947399391	0.0587585951381441	0.03294375666380715	0.01019966677049716	0.01015297658559704	0.01020241568439757	0.1796643245532147	0.1876871565888387	0.07845258729542834	0.116594481861181	0.1004207239465052	0.1006767264548255	0.2291097885093822	0.05782534143090562	0.1258421164946322	0.04633868124804259	0.01343043858839276	0.01465171697825248	0.1439403875992101	0.01267583185667905	0.01008052881876896	0.01007250338252972	0.0137480634170597	0.09454864859558401	0.01027648569269934	0.0100892541880049	0.06799282211998128	0.01114945070678498	0.01029870564797531	0.07902181269790426	0.1099082279155403	0.07445620384890518	0.1636804340956514	0.01007470516481159	0.08199214568486685	0.01002290364638078	0.009762974695293764	0.4321768796923521	0.1684782623903888	0.02420082671693337	0.008649470651428156	0.1083350360717716	0.09108042956943192	0.01006642975979727	0.01004798444316037	0.01006689690772308	0	0	0	0	0	0	0	0	0	0	0	0	0.3680453793065504	0.1059837341994215	0.004278367695217653	-0.0679914926306168	0.01309984236687961	-0.01214008783803881	0	0	-14.24227222293256	19.90465713672898	5.678516513677573	-0.9181023263327538	-9.993863190544918	2.659868209329262	0.6031471733535899	-16.20361701317584	-10.21833568079285	20.82066730935543	21.94355078986768	91.30360399265111	110.223127653585	110.2231286159242	93.62098357737953	93.62098237452311	45.86977274360868	48.21592259603707	51.4746745649819	-92.40578969277848	0	0
146.45712	0.09216651325852372	-0.1429909355081916	1.492097588895013	0.8518226609196856	1.207397805983563	-0.98503610554965	0.500036876112733	0.1436527301746949	0.02674624667795831	-0.3389559164952746	-0.04888066601562999	-0.02337953646864083	0.336524967683052	0.336524968151836	0.2520590624888294	0.2520590624559477	-0.05162942645171547	-0.5297896454063984	-0.3741693265365199	-0.1735046005446888	-1.290972576883378	-0.06710218067416576	-0.1925233055553094	0.0125918871528127	-0.04587780573137147	-0.08275183284468678	-0.9600146867602332	-1.034816185328697	-0.8410641145040094	0.04816437970020549	1.234647356673921	3.291651782492066	-6.167738514972127	-6.167738486985777	4.231436254590076	4.231436155133565	2.911708707188192	0.6602464502652556	5.187319828157641	-1.950137180385272	0.1847805161789994	0.1967020655252068	0.07414452557179543	0.1101513001411221	0.09995210097671532	0.1041262450977964	0.2172899942867646	0.05962679207722808	0.1175884272827829	0.04926480791289139	0.01422510912300012	0.01527099822007776	0.1324530461657784	0.01176279305542345	0.01006354010491127	0.01006020292096423	0.01336190394739271	0.09581885208490827	0.01010539542361419	0.01004933040072453	0.07132509934924806	0.01156899256075449	0.01016327298233275	0.07980224146314432	0.1120984005214894	0.07093182460633982	0.1587830768472777	0.01004523347195395	0.08527205384972628	0.01001917820142092	0.01106062332961553	0.4241305989280367	0.1646895352555354	0.02426349058268731	0.01021545010210014	0.1102880759704519	0.08899228519876141	0.01001643605133271	0.01000527102620757	0.01001105019378129	0.1684129868415871	0.1784789266889496	0.0724878705773109	0.1056903978644527	0.09741897274568498	0.10045896784978	0.2219818879504609	0.06619950297134387	0.0827401934292251	0.08252336394917478	0.02005429017972324	0.02175732792246119	0.1626668771093456	0.007308952691465646	0.00998514416902649	0.01001224907943368	0.01414758288120548	0.08696560089050616	0.009103996405919596	0.009819975731301285	0.06966241992931001	0.01054941612807277	0.009326836915114798	0.08387080615300162	0.09901522636422987	0.07916465465500967	0.3254637881963373	0.00986941094710006	0.07585659591288922	0.009971707434116926	0.01257015615704026	0.4052537310712456	0.1695139865409333	0.03815002508943824	0.009969727597599542	0.2015567220947787	0.1781154157782373	0.009734474875965989	0.009776485837888449	0.009714294478471126	0	0	0	0	0	0	0	0	0	0	0	0	0.3734736116831462	0.1147133558318512	-0.001624432601684508	-0.07437221157228179	0.01914819096394559	-0.01763674252279886	0	0	-3.27447649573895	24.20956461805892	7.339185157880262	-0.606571665659693	-8.679792208758975	2.548300542683516	-5.172353868497025	-4.516642174706359	1.397825671624671	16.61967679336915	10.45704778121344	57.72398131687221	115.5326199366415	115.5326189904715	89.80100924875462	89.80100958108515	28.35976878416765	15.58908475924285	14.36953121229118	-60.81696194767606	0	0
146.46664	0.07988604651042931	-0.1424751539965418	1.490626158794788	0.8519187047039072	1.206586211994235	-0.9857112016233557	0.4905635382258892	0.1337532809351261	0.01899458066297594	-0.3378026681573727	-0.03683062145466199	0.009998686609443301	0.2830708366553176	0.2830708373183902	0.2963359451441034	0.2963359442078309	-0.02295887616873256	-0.5232541687460469	-0.3247378657683226	-0.194331027808208	-1.272796977996405	0.1811145628554207	-0.1135356660032603	0.007933070787582605	-0.1227764333602626	-0.05939836199987783	-1.040688600296752	-1.029229523056203	-0.7672996967638855	0.1882160121608558	1.278179986355679	3.65930336498521	-5.060706723009965	-5.060706713054535	5.061826369066567	5.061826281771351	3.074506062327895	0.6667511346626761	5.133631985851088	-2.374211997728893	0.1728041139310997	0.1822840104751581	0.07220950439029619	0.1082202289463788	0.09592094078638666	0.09810166021379263	0.2079947626613064	0.05787392802157099	0.08972227074783919	0.06357013888965561	0.01486900342068056	0.01576433295831343	0.1262474240567674	0.01004039570498932	0.01008188268599728	0.01006643303203023	0.01272424474873723	0.1007719322673576	0.01142596860504072	0.01021148986969118	0.07257220143930812	0.01335764729953415	0.01103715010141383	0.07656277673048884	0.1050811204465346	0.06427953123310511	0.2403539673084361	0.01017151145955866	0.07914711829998926	0.01003779310101947	0.0118048859719197	0.4014040025183351	0.1581606969341737	0.02642881515684102	0.01157753922295487	0.1469357642907494	0.1108382887416992	0.01032287084199657	0.01014533828477049	0.01037444171863597	0.1490224672075366	0.1516672240316017	0.06856058852883049	0.1065829751760889	0.0870088724541575	0.08458179552760917	0.1730027159457538	0.04792347242628774	0.04194389400596011	0.0713659450050038	0.01149800572031661	0.01150649014956375	0.08184775294959351	0.009843267627621142	0.01018748508304771	0.01011987118630072	0.01063956324652925	0.1217985015343257	0.01520987884690413	0.01076310740763446	0.07720684528514744	0.01822555016914459	0.01368316502214375	0.06459399819749806	0.09649495534016823	0.04017941574703662	0.3583241107360838	0.01059876657479534	0.07080053962467467	0.01011852239546342	0.01223056738781193	0.3252564813100197	0.1339089709833885	0.01987300257959352	0.01483369548717079	0.1740421823758105	0.0930074502140581	0.01124059416834602	0.0106470228481385	0.0114318208634593	0	0	0	0	0	0	0	0	0	0	0	0	0.3473123537383316	0.09571147184740264	-0.01809706450276906	-0.07164156621757375	0.02192494124190507	-0.01991041355777083	0	0	6.900300565388257	27.76376700481365	9.262923154503762	-0.3872174273160194	-7.517856175471026	2.345262631144784	-11.76170005667463	5.356813407662067	14.04246375082095	12.9072477550723	-1.317325444831767	19.20871142516661	116.4586969126432	116.458694169297	84.37850586365725	84.37850809871681	5.082752009722642	-13.36115023493457	-25.76648662279502	-28.82530226071667	0	0
146.47616	0.06822017435701694	-0.1394531458722306	1.489992521417035	0.8519790658299572	1.205090671061032	-0.9861741237543354	0.4800322736244775	0.1243241640572197	0.01250293601093327	-0.3354737021532851	-0.0248984606754917	0.04512674940927934	0.2401534424553343	0.2401534430717744	0.3482478966526535	0.3482478950136702	0.006149921882751106	-0.517882192035331	-0.2776294688709725	-0.2178203498940398	-1.164105786776266	0.4573174867672689	-0.01689639152889683	0.004974997631624983	-0.1901073729031705	-0.03825515847585761	-1.180583821118992	-0.9391544744186744	-0.5789488657704275	0.2964081652454225	1.210197707730913	3.661061721798097	-3.957905097305796	-3.957905118326113	5.832893321501393	5.832893263801319	2.99909660563894	0.4257193262371035	4.701764699166848	-2.520038402087692	0.1572271186715627	0.1619311936915703	0.06922446449530062	0.1076862459009465	0.08862466257182323	0.08701594628173197	0.1807996080705148	0.04719349295195904	0.05384057961398313	0.06408854203842872	0.01020154952257681	0.01005829475418623	0.08243448919853447	0.01077742851477828	0.01020681457721064	0.0101314039683013	0.01042657379303044	0.120435766348155	0.01549679361216612	0.01082567113690636	0.07709302682690446	0.01851257121343808	0.01391738015530146	0.06488699997334083	0.100247484777801	0.04002382022063297	0.2953594347473139	0.01064691618226489	0.07352221780519785	0.01013067943388564	0.01192171019931268	0.3563582165888572	0.1378272164930505	0.01696792210455516	0.01495213266498537	0.1517520728348062	0.07768844838493055	0.01132311222921656	0.01070825530587655	0.01152070453746099	0.1296319475734862	0.1248555213742538	0.06463330648035008	0.1074755524877251	0.07659877216263003	0.06870462320543834	0.1240235439410466	0.02964744188123161	0.001147594582695115	0.0602085260608328	0.002941721260909979	0.001255652376666302	0.001028628789841408	0.01237758256377664	0.01038982599706893	0.01022749329316775	0.007131543611853023	0.1566314021781453	0.02131576128788866	0.01170623908396764	0.08475127064098487	0.02590168421021641	0.01803949312917269	0.0453171902419945	0.09397468431610659	0.001194176839063563	0.3911844332758304	0.01132812220249062	0.06574448333646012	0.01026533735680992	0.0118909786185836	0.2452592315487938	0.09830395542584365	0.001595980069748797	0.01969766337674203	0.1465276426568424	0.007899484649878922	0.01274671346072605	0.01151755985838855	0.01314934724844747	0	0	0	0	0	0	0	0	0	0	0	0	0.321151095793517	0.07670958786295411	-0.03456969640385361	-0.06891092086286575	0.02470169151986454	-0.02218408459274281	0	0	15.66208807049599	29.99702384012082	10.94099376859194	-0.2428596481945527	-6.697313266943231	2.093804584575161	-17.29097031537865	13.25784690078317	25.07052913778582	9.978677018276169	-12.89290858161371	-18.19972543316906	115.0128293456137	115.0128258131855	77.35312717588687	77.35313105772003	-21.13598259414119	-36.08653588190126	-64.35892525211894	-3.392171631889349	0	0
146.48568	0.05796050342752083	-0.1337262010231624	1.490342495554133	0.8520173498328403	1.202984548721572	-0.9864471046888681	0.467955708514912	0.1160851323370305	0.008258106758853875	-0.3322322393599439	-0.01412983265673681	0.07864983989692655	0.2076581129732646	0.2076581132349053	0.4071597759295137	0.4071597739323796	0.03334651790799083	-0.5157222357124213	-0.2363154928075743	-0.2417034149482885	-0.9801467824108137	0.7465059386597125	0.09142593644418785	0.003282492764402679	-0.2518021779710711	-0.01945671218736578	-1.36078059152862	-0.781602059975138	-0.3005311698346544	0.3816215856310229	1.034778306089663	3.331350961088993	-2.871562520188809	-2.871562572499743	6.530180091284939	6.530180074882714	2.673494906995176	0.004206346093600211	3.924316622187505	-2.474876319499153	0.1467268772472152	0.1497561163067632	0.06727693954017799	0.1041377828260707	0.08460793269311248	0.08224980805634753	0.1457051981029347	0.03735664764161598	0.1092948417380248	0.05877286350967301	0.02060120627973858	0.01182850730043967	0.04062604136150956	0.01105860915222959	0.01021104525632385	0.01012965854001948	0.01019625536475319	0.1245408474888379	0.01571853925857296	0.01086644470049722	0.07731746153468397	0.01893185735423166	0.01407498257199534	0.0560591423476429	0.09775829098370264	0.0824554656281067	0.3608178598069968	0.01067612918689299	0.07390960769175954	0.01014047939142316	0.01141254684901066	0.2930406647968637	0.1139328911528566	0.01000572186784082	0.01504627992047229	0.1310432290823673	0.1007217372429231	0.01139981586612035	0.01075838865532117	0.01159601591019442	0.1384156780689281	0.1441359027623675	0.06610339854044349	0.09443016853627972	0.08393838805598541	0.08484655137428486	0.08597342118079622	0.02802871663338712	0.302796936421099	0.04853495529940579	0.05023250230754712	0.02300805187010342	0.001657841404964667	0.01036877568579866	0.0100697070725522	0.01004658311322953	0.01239021880571579	0.1050898745457116	0.01139941352915453	0.0102317112423627	0.07144012202559344	0.01375572664558223	0.0110208243929431	0.04998954067515926	0.09621113063544125	0.2238155292591094	0.5240971269074397	0.0101799474280951	0.08142394604177737	0.01005144357979091	0.0102958019955786	0.1498057013451711	0.07833890183649518	0.006897493938090261	0.01133031980484982	0.07379150051775932	0.2201473889043812	0.01039738929752183	0.010203402352774	0.01042109880759783	0	0	0	0	0	0	0	0	0	0	0	0	0.263407311765165	0.0576367601697392	-0.02755120816638111	-0.0552736078660264	0.02368498688425881	-0.02113360236533337	0	0	22.68284928022657	30.42191525864676	11.55933032402275	-0.1059334136218489	-6.349604963595253	1.86646987116202	-19.96015456257657	19.65898632472656	32.81121250730201	8.123643879450015	-23.81540495668914	-49.82959527482274	113.3274331836543	113.3274304088313	68.9325447556137	68.93254935186938	-46.90424463720227	-51.10555024871193	-97.93419666025386	10.78955493612943	0	0
146.4952	0.04974307512516545	-0.1252585331032595	1.491725363245087	0.8520466897096833	1.200298956927343	-0.9865501214628188	0.4541020635978584	0.109622979650285	0.006958820702185998	-0.3282445522824491	-0.005511716632805967	0.1077208034738065	0.1854444280614193	0.1854444277274309	0.472311590754201	0.4723115888066471	0.05632210802602376	-0.518130664211909	-0.2038235131841936	-0.2647047565425591	-0.737888257557224	1.029656378365137	0.1970263028878645	0.003232250298628926	-0.3126804664580257	-0.002380124801153138	-1.547251897580436	-0.5668777691277352	0.03398723529117685	0.4552707345585018	0.7600587397558213	2.739086658770446	-1.795686518053254	-1.795686587477518	7.142247495747638	7.142247521893264	2.11861848760157	-0.5207529502457201	2.85967680137784	-2.354818775222717	0.1452125560829582	0.1521825158863809	0.06712402158033355	0.09579709866451931	0.08638770698162092	0.08816383592733894	0.1075814291897716	0.03192676972777311	0.2726859998144885	0.04998885429333101	0.05117374992991124	0.02497503535852892	0.01986096443964382	0.01001383471643142	0.01002736591618921	0.01002410942409828	0.01313589783721399	0.1010867062302329	0.01009078984440467	0.01002975893673218	0.07047740474480019	0.01213360371551207	0.01008710720137105	0.0543603219883541	0.09764068620735566	0.2080740715767571	0.4490605482292136	0.01002347665896897	0.08221022083075137	0.01002067842361618	0.01027480622060836	0.2124500533396912	0.09122899124699868	0.01006621436993774	0.01025686030349968	0.08358847846469558	0.2112458904623736	0.01007233237513131	0.01001846106762097	0.01004883445637134	0.1471994085643701	0.1634162841504811	0.06757349060053693	0.0813847845848344	0.0912780039493408	0.1009884795431314	0.04792329842054584	0.02640999138554264	0.6044462782595029	0.03686138453797878	0.09752328335418427	0.04476045136354054	0.002287054020087925	0.008359968807820684	0.009749588148035475	0.009865672933291323	0.01764889399957856	0.053548346913278	0.001483065770420405	0.008757183400757755	0.05812897341020201	0.001609769080948046	0.00400215565671351	0.05466189110832401	0.09844757695477592	0.4464368816791553	0.6570098205390491	0.009031772653699584	0.09710340874709462	0.009837549802771907	0.008700625372573604	0.05435217114154844	0.05837384824714674	0.01219900780643172	0.002962976232957616	0.001055358378676221	0.4323952931588835	0.008048065134317609	0.008889244847159453	0.007692850366748183	0	0	0	0	0	0	0	0	0	0	0	0	0.205663527736813	0.0385639324765243	-0.02053271992890861	-0.04163629486918704	0.02266828224865308	-0.02008312013792393	0	0	27.92735569106712	28.67912079247729	10.24890236823717	0.1163608045776954	-6.527109154996343	1.744911435700413	-18.43850227474624	25.41773044232843	36.86101336997055	7.586685118738308	-33.70076050786987	-73.07638686853301	113.0199491090685	113.0199484578057	59.53338924304502	59.53339342439614	-68.71052276903777	-57.76982670730716	-124.4153533251683	12.41247709488735	0	0
146.50472	0.04404473964929607	-0.1142096845716061	1.494018638557018	0.8520877417827292	1.19701810708087	-0.9864936885532695	0.4386140656719354	0.1054657041370073	0.008975000646423531	-0.3235579039483855	6.200783025534396e-05	0.1302393749827342	0.1734903175104863	0.173490316524856	0.5428557400799475	0.5428557385555166	0.07312646324121486	-0.5257112813312406	-0.1825430376237635	-0.2866617783487819	-0.4534423447828779	1.28499975532318	0.2788341976800065	0.005985845283323906	-0.3776293778300915	0.01431415250320886	-1.696465030957785	-0.297144932111206	0.3907190681290158	0.5308414897978551	0.3972883978699439	1.969541480416169	-0.7127716570969312	-0.7127717205626541	7.662350290101688	7.66235035101185	1.388760973163723	-1.069064599452687	1.582456267609113	-2.272278525434352	0.1276943170555732	0.137152370673237	0.05800736353764956	0.07768713158634442	0.07653956239926299	0.08105037274433566	0.07160527207775573	0.02766496597978142	0.3763713479154698	0.03795357600256084	0.06191844956444397	0.02931505611140909	0.01134229762203128	0.04305588878794978	0.01846039539772739	0.01566311864589869	0.01414533596219714	0.0822458213191067	0.02325539192591792	0.02595119720968844	0.05615121646429664	0.01344259827372098	0.01578913177743642	0.04687164375930359	0.08495477785344729	0.319731283793343	0.5559563231861027	0.01750281352118695	0.076639949519109	0.01578793016471086	0.01371173676124862	0.1354268498561586	0.06677788375000106	0.01182829621805419	0.0136404684429703	0.07082451918872439	0.2581993651758916	0.01297650483555618	0.03685439356654197	0.01654331660357035	0.07417281178456239	0.08227688206579184	0.03442842935265302	0.04132860792868166	0.04624739596609167	0.05109665993023189	0.02465835351486059	0.02220684714304983	0.463107535272777	0.01957477703127235	0.04927445602211389	0.02288875558094276	0.00642665716196093	0.1225355941014225	0.03780830866595839	0.02851878443075202	0.01269072855792473	0.07085611075181859	0.0604210529162556	0.06355685160507653	0.03001926956606043	0.02500951560167532	0.0336553798312632	0.02808217320353895	0.04990226424117026	0.500100662001149	0.8284814253370856	0.03524936042428502	0.04922178954503083	0.02895596878659498	0.02274038452112397	0.02784365470738069	0.02991855355839123	0.01402040132913565	0.02723364597095013	0.1042001682967816	0.2167001585842263	0.02116684418219866	0.1005576698456519	0.03315944357603801	0	0	0	0	0	0	0	0	0	0	0	0	0.1599482135048535	0.06329058996983225	-0.08675727198921049	-0.02597407052798802	0.02133724888987959	-0.0143426162390563	0	0	31.58535968381016	24.56425966957881	6.516882825159025	0.4909835242593442	-7.190197122073057	1.794908040909073	-12.1005162034262	31.31940151962183	37.59507224662065	8.545904449643926	-42.26890424061471	-87.05557023329938	114.8497020676452	114.8497039199504	49.70974178143541	49.70974480799381	-83.12348111053599	-56.04348469615125	-142.3938413253079	3.493342052017519	0	0
146.51424	0.04119845218415894	-0.1009521414957131	1.496883735039845	0.8521746445084206	1.193082912386596	-0.9862730035498115	0.4220639568655401	0.1041507434369917	0.01438013712620075	-0.318085373319375	0.001817313115020942	0.1449343101896583	0.1719599108061573	0.1719599093296586	0.6179061293091742	0.6179061284780601	0.08247565778593721	-0.5383104678924664	-0.1740950108706159	-0.3083476211390028	-0.1409458412726264	1.489987811991165	0.3132365964808532	0.01314531648565003	-0.4507102708006022	0.03245637675620101	-1.763165566463661	0.03100921744518267	0.7420975742151646	0.6227564649648828	-0.03950975642294016	1.109340747727022	0.3972387120498079	0.3972386749500137	8.089150659510869	8.08915074156622	0.5688235926810917	-1.562346570948759	0.1790737620291697	-2.307339940931506	0.08176635735430321	0.08886674509746319	0.03561261592209804	0.04732271930289159	0.04773520993840968	0.05113946017333114	0.04048418895669229	0.02340522724790886	0.3780976180155708	0.02272218414058563	0.04053006773829072	0.01878689549667476	0.01002643729599327	0.1163130443174116	0.03775317160264007	0.02860997478891859	0.01171126213077021	0.08154177978134908	0.06111889933251436	0.06260801531346159	0.03392238720618704	0.02728717143004417	0.03490199417670033	0.02870247267454384	0.05303795887178815	0.3992452709492856	0.6811651589014051	0.03540245020905822	0.04843848294829726	0.02904723540786686	0.02316933540879396	0.07620800121764676	0.03919606649184412	0.01361898155102709	0.0288383101665998	0.1162563872349471	0.1883118800962054	0.02169805790689874	0.09663535477008145	0.03363904977299167	0.001146215004754703	0.001137479981102562	0.001283368104769119	0.001272431272528898	0.001216787982842541	0.001204840317332416	0.00139340860917533	0.01800370290055703	0.321768792286051	0.002288169524565913	0.00102562869004351	0.001017059798344978	0.01056626030383393	0.2367112193950243	0.06586702918388131	0.04717189592821271	0.007732563116270892	0.08816387459035921	0.1193590400620908	0.1183565198093953	0.001909565721918847	0.0484092621224026	0.0633086040058129	0.001502455298753881	0.001356951527564592	0.5537644423231426	0.9999530301351219	0.06146694819487045	0.001340170342967042	0.04807438777041804	0.03678014366967435	0.001335138273212943	0.001463258869635719	0.01584179485183958	0.05150431570894266	0.207344978214887	0.001005024009569198	0.0342856232300797	0.1922260948441443	0.05862603678532785	0	0	0	0	0	0	0	0	0	0	0	0	0.114232899272894	0.0880172474631402	-0.1529818240495124	-0.01031184618678899	0.0200062155311061	-0.008602112340188674	0	0	33.83594911394594	18.13393164866668	0.3237544002748388	1.041323102351455	-8.206572488413707	2.0521204947081	-1.226380740621756	37.68841299036836	35.89616664601861	11.00682781872163	-49.18267032546283	-92.30315389610362	118.6012201183785	118.601223571888	40.02044674060826	40.02044807670602	-87.20522332768824	-46.30152715522196	-150.7350993445277	-11.39152146235226	0	0
146.52376	0.04140806592920016	-0.08606639982454543	1.499763269092542	0.852356971795892	1.188402809742879	-0.9858647667282261	0.4054287965958668	0.1062522118255754	0.02302608212375658	-0.3116045794934727	-0.000868685336217058	0.1513196429635753	0.1811850085109385	0.1811850068446285	0.6965884495208974	0.6965884495022591	0.08401522844485282	-0.5550509871150155	-0.1792267548478827	-0.3310685295751952	0.1863012523551412	1.623863995867386	0.2787639617289136	0.02625020734078693	-0.534359221949204	0.05404262061162129	-1.708897703081219	0.4207037698035506	1.068917220557046	0.7449024473077217	-0.5323620626363406	0.2355520102147077	1.548136543248084	1.548136540583937	8.426368681642485	8.426368767200499	-0.2322978739067038	-1.927570591689289	-1.253344067835855	-2.490308251021402	0.04060085779834244	0.04409240006871538	0.02260601568872959	0.03680180441269085	0.02491954503722842	0.02525081882405535	0.0323157910837099	0.01893048917965958	0.3238180528813309	0.02837390093283929	0.04008534320892498	0.03397505273980583	0.0120430469580026	0.1778117535269911	0.04349330859343117	0.03192634119100667	0.0102749370120987	0.1282547882613166	0.1010299129738767	0.0825974619834486	0.03602514755589377	0.04395530297504122	0.04596729696400768	0.01550982896950175	0.02725696931310696	0.403122986071988	0.7007961145562825	0.04067497322048542	0.0239194483392196	0.03246652987684438	0.0254608331401117	0.06072989770994561	0.02699144873110328	0.01323543642026953	0.03649932905482697	0.1939548282675279	0.148656359324647	0.02763451375774591	0.1571085389415902	0.04872074974251007	0.002679475804286058	0.001616219320093453	0.02010963960605498	0.04876787669401955	0.008502307243677183	0.004060199433838514	0.04461162148824806	0.01309314317008014	0.1614160235001327	0.05826326454241482	0.07114765923214986	0.08417527647632114	0.01612192390306245	0.257245854438553	0.03362557224103913	0.02418181384104028	0.0103285929570539	0.2535846144963494	0.1574576974785343	0.0868686553434963	0.06713369519382424	0.0662209787553078	0.04880956108859143	0.007358028555074676	0.007438845322083063	0.2773972030326557	0.500486079973768	0.0313648891610924	0.003974796082690335	0.02457825615390328	0.01942098025782794	0.08163094710848144	0.02883055682414007	0.01053346185714123	0.03565703702729496	0.3525084108115186	0.1782790044665492	0.03096077367391424	0.2499762076432447	0.06433652603517281	0	0	0	0	0	0	0	0	0	0	0	0	0.127749092163555	0.04733693071490012	-0.1237883060498462	-0.02023256488466804	0.01949367594603603	-0.008793795159665328	0	0	34.66312783266489	9.695693162303039	-7.816482448789228	1.727535196767112	-9.370950494263724	2.514552136452585	13.05873898466625	44.11563660009216	32.52360417163477	14.87745245344581	-53.9540009687608	-90.16455938502628	123.1887830889203	123.1887866212579	30.96202731029337	30.96202671873495	-78.95113377598061	-29.30775996768293	-148.3070994703955	-26.64850192244734	0	0
146.53328	0.04474671503188393	-0.07031258191182986	1.501927304877125	0.8526961612634409	1.182874312828619	-0.9852274195764228	0.3899882647324749	0.1123440855836703	0.03460984184905291	-0.3037665310756201	-0.008423879232152903	0.1495770441298085	0.2015669698006032	0.2015669682559353	0.7780836980001848	0.7780836987427485	0.07849579863473891	-0.5744028779007767	-0.1977113066183379	-0.3561676673209248	0.513778834318419	1.670140855137772	0.1614472235436823	0.04615988374347613	-0.6287526372200448	0.0808418074900263	-1.509904388059327	0.8676624366489074	1.35721314073997	0.9097497580696322	-1.058102300456614	-0.5890193584201046	2.739442474748282	2.739442501271976	8.681511659871063	8.681511731627614	-0.8940417597975379	-2.10158960672973	-2.607630734934849	-2.79928890391533	0.02069375462657098	0.02146423498025248	0.02727768586383417	0.05756314102237219	0.01835311825667987	0.01464564872996589	0.05213077918588288	0.01417019445995604	0.2224149549742425	0.0613226971775343	0.07714073098700114	0.08487674725155289	0.01608643341478607	0.2168611102878552	0.02809265592762892	0.02038449737151165	0.01116885733572513	0.2265039858021888	0.137905012285725	0.07535898467185689	0.07191573750305554	0.06079125236675471	0.04287601351471333	0.01298127391983164	0.01846269042622174	0.2966638806632381	0.5411878047314237	0.02618613800669358	0.0139131671291599	0.02069353314956361	0.01656263357749264	0.09436961907452726	0.03659095962756985	0.01000465766217411	0.03099063316571339	0.2944242266877597	0.205599703759614	0.0283144469234101	0.2121448962801884	0.05840569103049927	0.004212736603817412	0.002094958659084344	0.03893591110734084	0.0962633221155102	0.01578782650451183	0.006915558550344614	0.08782983436732079	0.008182583439603253	0.001063254714214473	0.1142383595602637	0.1412696897742562	0.1673334931542973	0.02167758750229098	0.2777804894820817	0.001384115298196954	0.001191731753867839	0.01292462279783692	0.4190053544023397	0.1955563548949778	0.05538079087759731	0.1323578246657297	0.08403269538821299	0.03431051817136999	0.01321360181139547	0.01352073911660153	0.001029963742168862	0.001019129812414135	0.001262830127314366	0.006609421822413628	0.001082124537388517	0.002061816845981528	0.16192675594375	0.05619785477864442	0.005225128862442893	0.01980975834564726	0.4976718434081502	0.3555529849235292	0.02763592411774878	0.3077263204423452	0.07004701528501775	0	0	0	0	0	0	0	0	0	0	0	0	0.141265285054216	0.006656613966660063	-0.09459478805018001	-0.03015328358254709	0.01898113636096595	-0.008985477979141981	0	0	33.82606237061157	-0.1325323135468865	-16.88156302151646	2.451248224506224	-10.41358286841476	3.135710254059575	28.77227261769466	49.48399440377584	27.84159543782581	19.91300838773696	-55.98410322147073	-82.23364241889193	126.7081557516215	126.7081582282585	22.78438934980089	22.78438712336716	-58.0579800353147	-6.427058115572496	-134.2301801047349	-37.09098972311481	0	0
146.5428	0.05113540271375231	-0.05457388127655401	1.502564190480608	0.8532568067286268	1.176405369256743	-0.9843053451057623	0.3771452448564666	0.1229008053941843	0.04870829268808784	-0.2941186747187842	-0.02102731205670308	0.1404136779697094	0.2334047851849121	0.2334047839831168	0.8616493460074047	0.8616493473140885	0.06779549320228209	-0.5943093313515602	-0.2282728836313385	-0.3845631781294732	0.8237847073258974	1.62005035541045	-0.04146292729260618	0.07262620137430571	-0.7312295583397928	0.1139702766174486	-1.165355914684072	1.354509892541211	1.595406762603188	1.126173492654782	-1.587541386716044	-1.316669836102763	3.948971217305403	3.948971260418871	8.862449144940467	8.86244919007718	-1.303840943862464	-2.038257938434629	-3.772062100676754	-3.169252043866937	0.01238617144666709	0.0119366685323895	0.02837170740189911	0.06637233918160422	0.01572069954350689	0.01083379841223091	0.06687932107525037	0.01271145717811255	0.1415807875848634	0.07677319463154911	0.09066446975239745	0.1040225396949801	0.01608037589018232	0.2115415468429228	0.03735130611296667	0.03271571484134049	0.0137824285377193	0.3188856797251527	0.1802122333318985	0.09248033777509722	0.1034853896467153	0.07889449431603868	0.04676467436541586	0.01256314112180005	0.01485583867100984	0.1905240722926688	0.3463587766287912	0.02260500039515864	0.01043712356137629	0.01151708371087392	0.01019433279410178	0.1226680805283208	0.04435575466221747	0.03599797174406111	0.03122605902445676	0.3580021849036307	0.2304471917491998	0.04734295235476153	0.2418815076909465	0.08682016333740021	0.007020526491346641	0.006140972635535216	0.02120032895164829	0.05576781816261644	0.0118439714407969	0.008605424933489154	0.07392802267282456	0.01434148949258044	0.06947909637099926	0.0713094771465447	0.07116040494030984	0.0841819794200839	0.01143248101121413	0.1394027207427929	0.08118900362222901	0.07734088688905892	0.01822015036327485	0.4772173009249296	0.260259780888523	0.1548263770017679	0.1366594978062059	0.1062174361820819	0.06336163871130601	0.01142922231851524	0.01072634392900061	0.07281094808623401	0.001037686863276701	0.03462644725517409	0.008625212819774346	0.006739205110385117	0.0077174427195892	0.1436748713400632	0.04668673340216534	0.1006713328731288	0.04099290762023152	0.4156500655873187	0.17828388775125	0.0938460830248392	0.2582650959857723	0.1513737626070461	0	0	0	0	0	0	0	0	0	0	0	0	0.1725455312705058	-0.05624237043161227	-0.09063996948910508	-0.05452460112868728	0.01906688986157545	-0.00858974783752681	0	0	30.92209311325462	-10.35789815693955	-25.56413917202304	3.081140981024636	-11.01323988524609	3.826266856834499	43.12004516469416	52.2122741808292	22.02078202125837	25.61317858471222	-54.62904727889583	-70.03447965796467	126.5278755047584	126.5278764794502	15.30773007287158	15.30772682894699	-26.56859301905631	20.10487791644306	-108.5359998726547	-39.019079222127	0	0
146.55232	0.06030825328019428	-0.03976717113405287	1.500898049749499	0.8540948616972747	1.168944183906381	-0.9830368904174385	0.3681750744520613	0.1381569266769604	0.06479491053409017	-0.282149810804353	-0.03855238028636207	0.1249261350214212	0.2766587235261503	0.2766587227562886	0.9466033930721647	0.9466033946550411	0.05473517891719743	-0.6123892691833591	-0.2685936020636764	-0.4164187808220554	1.094857697732405	1.47578362307505	-0.3194698505762663	0.1040534511079114	-0.8359699113524831	0.1535263506729412	-0.7036708266578764	1.848098150741009	1.773294377674242	1.397264159813848	-2.085901278959768	-1.912756914934288	5.127055409356865	5.127055454777603	8.973394368678507	8.973394381217066	-1.379843850258397	-1.716966156416448	-4.641644786437081	-3.510302070141563	0.01038669010645771	0.0101065121565925	0.01879634082383948	0.04863725047668168	0.01232070624334391	0.01018215086056323	0.06619852139913625	0.01562820886319161	0.125243261860784	0.06115344805192124	0.06024062593586241	0.07012426939878456	0.01016850650912645	0.145006896867042	0.08384035397216995	0.07886979826888796	0.01791986176942095	0.3914847917188861	0.2304790805246555	0.1492130060124461	0.1202512322620247	0.09859755606021933	0.06409330476662843	0.01135532028185799	0.01169405509588425	0.1551433271806111	0.207532252084441	0.03958286789474065	0.01012098800399004	0.01077549365401388	0.01071813637309856	0.1273476185747191	0.04257544889347861	0.09743338209837829	0.04301781933036341	0.3621257561692323	0.1639173322472961	0.09050144606633896	0.2369243704643972	0.1401185531428207	0.00982831637887587	0.01018698661198609	0.003464746795955724	0.01527231420972267	0.007900116377081979	0.01029529131663369	0.0600262109783283	0.02050039554555763	0.137894938027784	0.02838059473282572	0.001051120106363492	0.001030465685870507	0.001187374520137276	0.001024952003504033	0.1609938919462611	0.15349004202425	0.02351567792871278	0.5354292474475194	0.3249632068820681	0.2542719631259386	0.1409611709466822	0.1284021769759509	0.09241275925124202	0.009644842825635007	0.007931948741399689	0.1445919324302991	0.001056243914139267	0.06799006438303383	0.01064100381713506	0.01239628568338172	0.01337306859319687	0.1254229867363764	0.03717561202568628	0.1961175368838146	0.06217605689481578	0.333628287766487	0.001014790578970759	0.1600562419319296	0.2088038715291994	0.2327005099290745	0	0	0	0	0	0	0	0	0	0	0	0	0.2038257774867956	-0.1191413548298846	-0.08668515092803013	-0.07889591867482745	0.01915264336218495	-0.008194017695911642	0	0	25.61069176464693	-19.66996328083431	-32.41154245078988	3.467891077767871	-10.83370852838565	4.463245066913355	52.80782669752551	50.63973072462635	15.18877375680274	31.24806434222998	-49.39977761767553	-54.75823922263336	119.5879300590102	119.5879296590838	7.952687101272427	7.952683640038313	11.20074405562694	47.19774500403084	-72.63453964681291	-30.96477695848412	0	0
146.56184	0.07178386413372596	-0.02672407134915799	1.496319198961265	0.8552442430841161	1.160509384797785	-0.9813654156069433	0.3639302161740242	0.1579599801560728	0.0822507035982708	-0.2673574405965329	-0.06052444986381741	0.1044929212385807	0.3306785260609093	0.3306785256944267	1.032272396985383	1.032272398537945	0.04269509118583306	-0.6262141615314053	-0.3154394133522765	-0.4510101167878374	1.303731858413818	1.253537368801502	-0.6481926986510639	0.1374092966503054	-0.934043711349848	0.1983271513453174	-0.1853278864090933	2.300852259680226	1.881505583127639	1.717570789291776	-2.515488935743373	-2.352080361202695	6.195557116705483	6.195557155386831	9.011435030209041	9.011435012462677	-1.088458075474409	-1.149070987735168	-5.130816716582594	-3.729257198200356	0.0101203355591897	0.01012405121556081	0.01163466059704353	0.04343046809717217	0.01024663672604208	0.01020316055981152	0.05959804894372329	0.01631228259850758	0.1137241866390793	0.04565855030379005	0.07093604391394377	0.08367201196471385	0.01503972209788283	0.07574840531170834	0.1129354193330097	0.1005960275113587	0.01863481412357186	0.4655769339038501	0.2801506017592684	0.195871901770056	0.1471311397211937	0.1243395090817619	0.08530017259988246	0.01048301904959576	0.01019834073876825	0.16144482815232	0.1142069505677701	0.05308625836650883	0.01029853511616804	0.01106997559475023	0.0115770811127457	0.1189297221774353	0.03782464526742688	0.1481912315574828	0.06289135827291095	0.3410437783057791	0.2120894148584474	0.1153693390559545	0.2625402800785381	0.175028307131942	0.009984417373531637	0.01009697435879574	0.007979271182719072	0.05800809853319212	0.009230930928292721	0.01015694288569744	0.04796565877250182	0.01383263196456705	0.0697889234848373	0.0341809519073242	0.1465547808296442	0.1755535196384736	0.03338162219178299	0.001058120539293581	0.1260764912938023	0.09451629860955464	0.01562989638116677	0.6416270738437578	0.3712443710654509	0.2499429110056673	0.2084596148899776	0.1716052110277652	0.1169188200781851	0.009937656525434041	0.00994093324554211	0.1896631000485062	0.001036676506117634	0.06230102430739513	0.01026714531594978	0.01039298413448037	0.01131258177406066	0.09633444955091845	0.03084421583750406	0.2086369113257199	0.09647820690151065	0.2842417439551926	0.5004912362224889	0.1241572416883444	0.3754549875631365	0.2007928627137296	0	0	0	0	0	0	0	0	0	0	0	0	0.1909170230896297	-0.1611251205268388	-0.06602701969383928	-0.08388717238399637	0.01806310098876468	-0.007828801904190099	0	0	17.89676830388249	-26.47057537867504	-35.99734112263533	3.463616462152002	-9.568100217431946	4.904356267779447	54.52139605436143	43.47566887882529	7.387689237579056	35.76789712883864	-40.21196234715784	-37.21398376509238	103.1207161262806	103.1207153242208	-0.1671638688535959	-0.1671665972199214	49.62425402764566	71.30870599726838	-29.15658140879755	-13.66130276077272	0	0
146.57136	0.0848669655705442	-0.01605125036060056	1.488510912765152	0.8567037834462591	1.151217068439367	-0.9792519038812383	0.3645497639971427	0.1816574737159775	0.1003708031385366	-0.2493378489669339	-0.08611446161901785	0.08069875076252457	0.3939599592781802	0.3939599592509647	1.117914146442545	1.117914147724857	0.03511100195277925	-0.6336260413665961	-0.3649023642456407	-0.4867897475302814	1.429542568763797	0.9837949277606817	-0.9910266115317428	0.1684311575182799	-1.014108242454825	0.2458803048071403	0.3022568574366603	2.656712743221644	1.911814086292567	2.072290895419115	-2.840438796727998	-2.616389907561621	7.055187418508315	7.055187452201756	8.965157845205688	8.965157808835498	-0.4524329790868327	-0.3801192204528585	-5.186311249713347	-3.749560750120673	0.01009860392917142	0.01007928333703309	0.01113405172124899	0.06390388202286015	0.01013745456122211	0.01013186193465017	0.04998919179161694	0.01276752135978003	0.07308215840784398	0.04144393168241935	0.1479413584205098	0.1743586759020456	0.0352369028605278	0.03695476196053934	0.1092448624452041	0.08052311622576735	0.01442016083141048	0.548595990751323	0.3264106488012663	0.217727676119983	0.1917786866924159	0.1575239114138242	0.1075260002151851	0.01028409783901239	0.01072779710126305	0.185395980416474	0.05779654741111986	0.05600075072389388	0.01015665222408763	0.01003398661335105	0.01074608713124409	0.100136730564359	0.03215785614656689	0.1781605647162912	0.08964157544233771	0.3083541816159795	0.4394640770424423	0.1094156181097435	0.3445351992283809	0.1780984693404963	0.0101405183681874	0.01000696210560539	0.01249379556948242	0.1007438828566616	0.01056174547950346	0.01001859445476118	0.03590510656667533	0.007164868383576464	0.001682908941890555	0.03998130908182269	0.2920584415529249	0.3500765735910767	0.0655758698634287	0.00109128907508313	0.09115909064134346	0.03554255519485928	0.007744114833620749	0.7478249002399964	0.4175255352488337	0.2456138588853961	0.2759580588332731	0.2148082450795796	0.1414248809051282	0.01023047022523307	0.01194991774968453	0.2347342676667133	0.001017109098096	0.05661198423175644	0.0098932868147645	0.008389682585579015	0.009252094954924454	0.06724591236546049	0.02451281964932183	0.2211562857676252	0.1307803569082056	0.2348552001438982	0.9999676818660073	0.08825824144475916	0.5421061035970736	0.1688852154983848	0	0	0	0	0	0	0	0	0	0	0	0	0.1780082686924638	-0.2031088862237929	-0.04536888845964847	-0.08887842609316531	0.0169735586153444	-0.007463586112468557	0	0	8.284672123360391	-29.53120535046037	-35.24936918751398	2.968503973803749	-7.038398257893737	5.024393976319091	46.19202837062171	30.31802038356057	-1.051072437466029	38.44307429477583	-27.54525993728356	-18.13147289514333	75.60242006225664	75.6024199369278	-9.859700956543518	-9.859702020314973	82.547789676166	88.85665618504444	17.51842944015782	10.15954159942567	0	0
146.58088	0.09869346720060831	-0.008025423774592951	1.477543826538523	0.8584286191515555	1.141296081382583	-0.9766860338112119	0.3692818824866781	0.2080633460382897	0.1183996266048573	-0.2278459884376491	-0.1141820673580498	0.05526537261794903	0.4640126646117509	0.4640126649138919	1.202647939568068	1.202647940486287	0.03492076913759084	-0.6330581977331524	-0.4128048009640266	-0.5216310010517055	1.458354603624857	0.7035991021237736	-1.304310425188483	0.1923620065572517	-1.06419160222503	0.292731727624736	0.6632536343401627	2.861621570838789	1.863164867307022	2.444556230710941	-3.032043933341226	-2.69560875615889	7.601297220236341	7.601297257132665	8.817691615532118	8.817691578597756	0.4466413869167325	0.5120028336808542	-4.808657246785335	-3.528421246661433	0.01011977883290542	0.01006108086008989	0.01136400051657721	0.0717705159849793	0.01032209156592233	0.01009593039308851	0.03757756739178438	0.01031514948526071	0.03791370895329086	0.0571075028500549	0.1800805554603972	0.2122305508142389	0.04350713611828908	0.02056507462013266	0.09965860037045204	0.05851285084164133	0.01117302409890676	0.6030586738710708	0.3518288360933368	0.2264086690177917	0.2191050287905307	0.1760036671594309	0.1173550329896752	0.01027044956381819	0.01329562076073714	0.1797088638942486	0.07406118990328488	0.05727993423693534	0.01008806018532722	0.01893294493202608	0.01020055075406445	0.07529836636868321	0.0251703814360956	0.2166890813907028	0.1085606434483202	0.3597386631896287	0.6405382868104348	0.1154733642518159	0.4118551409881961	0.1859755565874475	0.01013259950345287	0.01007995859590988	0.01075903210721205	0.0605992317181524	0.01038549709554291	0.01010888743566308	0.01908961922619413	0.00941783548296924	0.008608684025735294	0.09712473684090556	0.1502499986122802	0.1756473243658858	0.03783338723293385	0.01146332894207623	0.08829597260167174	0.03901369200890345	0.009350491296892551	0.666707632758224	0.3683672019576001	0.231338418008312	0.2350323038306949	0.1835341414681906	0.1160243002536835	0.01028427944145851	0.01806299242384366	0.1178882279698352	0.1622253606576815	0.05997953072584436	0.01015160866947358	0.04047869656149566	0.01020989962090726	0.03630894337529578	0.01511294021692251	0.3047390060004556	0.1254565896664936	0.617275735450465	0.9998835041737956	0.1502722182291602	0.5010006424199418	0.2188140393599776	0	0	0	0	0	0	0	0	0	0	0	0	0.1395711752730565	-0.1854433456779882	-0.001942128400321546	-0.08596144955148675	0.01547441098745086	-0.008154647593320892	0	0	-2.303591946905664	-28.72384266416021	-29.78953438279665	1.982187448634392	-3.298662362063985	4.748999252232391	28.18843923980658	11.99699135920417	-8.96376327383293	39.55572678967129	-12.39382932460767	1.479302342177485	37.54152723276942	37.5415279695961	-21.4335211795856	-21.43352025113183	104.0257626619104	96.76223338085188	60.62259985078487	36.30977830604918	0	0
146.5904	0.1123121935983299	-0.002577619155231442	1.463909967101907	0.8603300166993826	1.131083250399581	-0.9736929532520311	0.3765136397612294	0.2355308388093838	0.1356295187743934	-0.2027769032339151	-0.1433633310693091	0.02996089780839886	0.5374099800124394	0.5374099807043548	1.285425899581281	1.285425900215165	0.04404422046039792	-0.6238067526197877	-0.4552896722604057	-0.553196969199201	1.386097297029264	0.4474796096772113	-1.544366989528021	0.2048793744221955	-1.073935004064166	0.3349618649117689	0.8158927738896979	2.874378357191607	1.746758458673418	2.822162702255352	-3.07237912220916	-2.590403726722224	7.745817442888713	7.745817487988203	8.551491641197318	8.551491620658942	1.480431650503438	1.42621789068166	-4.064116218631781	-3.06467673204565	0.01012409924877526	0.01009571410244353	0.01045739350763351	0.05402702526039073	0.01029768282580744	0.01013312057840252	0.02242832463192913	0.01057704989976724	0.02434642649727694	0.09389090589727835	0.1292198268560575	0.1517542917808819	0.03175012061495873	0.01897528024811374	0.0933403947282954	0.04949287781252307	0.01071554163365949	0.6095401183561534	0.3476411574996084	0.2250784133073671	0.2158813702977648	0.1713359917405269	0.1096858262138819	0.01029595003762604	0.01788396580696186	0.1212019926027508	0.1607291124473169	0.05966998158542784	0.01020883223694896	0.04063293276263485	0.0105252468823783	0.04622203954180895	0.01672347453670483	0.272912018098951	0.1150359113299574	0.5322873049107842	0.7593536889207719	0.1483068013040316	0.4359073359079758	0.2124449190224744	0.01012468063871833	0.01015295508621437	0.009024268644941673	0.02045458057964322	0.01020924871158235	0.01019918041656498	0.002274131885712944	0.01167080258236202	0.01553445910958003	0.1542681645999884	0.008441555671635511	0.001218075140694851	0.01009090460243899	0.02183536880906933	0.08543285456200003	0.04248482882294762	0.01095686776016436	0.5855903652764517	0.3192088686663664	0.2170629771312277	0.1941065488281166	0.1522600378568015	0.09062371960223868	0.01033808865768395	0.02417606709800279	0.001042188272957145	0.3234336122172669	0.06334707721993228	0.01040993052418266	0.07256771053741232	0.01116770428689007	0.005371974385131059	0.005713060784523187	0.388321726233286	0.1201328224247815	0.9996962707570318	0.999799326481584	0.2122861950135612	0.4598951812428101	0.2687428632215705	0	0	0	0	0	0	0	0	0	0	0	0	0.1011340818536493	-0.1677778051321835	0.04148463165900537	-0.08304447300980819	0.01397526335955732	-0.008845709074173227	0	0	-12.76422867876972	-24.58969029173883	-19.9897137333927	0.5906846563576686	1.373918318672374	4.052978352472363	2.961629429211117	-9.695372673951178	-15.13236436791855	39.62393714830981	4.032974234346804	20.3975460679231	-8.05629046270619	-8.056289659955345	-34.75176415909844	-34.75176182024687	110.5723451390044	93.39252505140587	93.72530165949094	60.45877918101812	0	0
146.59992	0.1247828733309612	0.0006603905703749164	1.448489072282245	0.862283013298187	1.120998565746968	-0.9703356019244121	0.3839880728335671	0.2621118904819758	0.1515055647226074	-0.1741232318891216	-0.1721782391831429	0.006489418073402304	0.6100589963947598	0.6100589975411681	1.365044672957228	1.365044673508146	0.06307590255438698	-0.606173111000584	-0.4893844165025841	-0.5793248484028994	1.218997857970208	0.2432807956716145	-1.674593993921553	0.2027987504929958	-1.036514984365456	0.3686203618006367	0.7088698983268562	2.673781836235122	1.582406082373775	3.196232587816923	-2.954895298066065	-2.313819896691281	7.440329423491281	7.440329472351698	8.151995144058697	8.151995147253501	2.504621196858423	2.255871496395309	-3.067755878561911	-2.394556744507879	0.01012504872645774	0.0101024114827254	0.01054914048531475	0.04892940023831371	0.01022866908094944	0.01015570291278537	0.01245862757616242	0.01092629259840269	0.01728434648315925	0.1036029405315559	0.1279368030815188	0.1674181938181587	0.01853549032580027	0.01740194669940304	0.07791784410818357	0.03974679725709322	0.01070935171316498	0.6048180977399313	0.3314124876762634	0.2055920745292848	0.2164280131092052	0.1640066600811103	0.09729012011034879	0.01030482735070965	0.03500554410599665	0.06188963822845751	0.2141494339786692	0.05430534343231928	0.01025200894648023	0.0558698484594734	0.01070118687722429	0.02435282739935321	0.0113627137387144	0.3216487227534405	0.1205124989443313	0.6057298393281703	0.8388262106195333	0.1743916173927737	0.4585652183293742	0.2346642312133168	0.01012669697139414	0.01007022823796913	0.01193356766710163	0.06383373874168403	0.01014713993708081	0.010151782859802	0.006257466018357011	0.01080696649651645	0.008324307707589991	0.07784288217324495	0.2221401285720425	0.3375387995152358	0.005654258674491905	0.01143848800510323	0.0433547648203225	0.02182165549244529	0.01049665966663044	0.6047778302829966	0.2940780627801945	0.1474593556988116	0.2369097093737091	0.157552965556043	0.07903139857559048	0.01028994653379098	0.0699503086061222	0.001031253172304589	0.2399769651107951	0.03773468728449125	0.01018289492595926	0.06649507570454698	0.01056540431074296	0.005779342449911218	0.008294619536137309	0.3985590409849704	0.1317936832322418	0.5003580224943626	0.9992473346573979	0.1990743122079683	0.5316752034667015	0.2603562944450204	0	0	0	0	0	0	0	0	0	0	0	0	0.07553601228119046	-0.1266946945670042	0.05453802784660968	-0.07201935906419453	0.01298885646669823	-0.00912308804421936	0	0	-22.07647508454306	-17.98867566684126	-6.95806925646663	-1.054082400849481	6.520244927898511	2.955080899257573	-25.63440413594739	-32.39945533534426	-19.00375585614985	38.81339503118703	20.57688548618228	37.2371857752273	-56.00907259041263	-56.00907273340926	-49.32564712211585	-49.32564472844884	102.3053465004825	79.28835207813384	113.1847951447378	79.22078126571016	0	0
146.60944	0.1352672839014226	0.002277587526957626	1.432449197780931	0.8641401291531581	1.111503998882199	-0.9667130032403728	0.3891484284832622	0.2857688643515021	0.1656761012921065	-0.1419591102788812	-0.1991354943484404	-0.01363444212387855	0.6776604826448092	0.6776604842302454	1.440189747081426	1.440189747755867	0.09128952210106406	-0.5814133440297523	-0.5133296248059578	-0.59832780573806	0.9718511014512988	0.1089556272361823	-1.671979022784015	0.1846651161975779	-0.9501326369238615	0.3901477970821829	0.3316534079718227	2.2626602297505	1.391971850614003	3.558128081523327	-2.683639046777086	-1.892837889271152	6.691377967409893	6.691378008731552	7.610958055116992	7.610958075817354	3.390568406797857	2.91083979611937	-1.954516967890412	-1.579280649250142	0.01012661749918718	0.01005730041223273	0.01226957626964653	0.06957187427530225	0.01016364860439264	0.01013774547504428	0.01038562268845125	0.01057313541072086	0.01004752993858635	0.06885723499216305	0.2241636481617822	0.3191282351312044	0.01007261693532997	0.01074186379469102	0.04787814507730882	0.02372382036235351	0.01044019401016794	0.6083599981642426	0.311435864748318	0.1628679922060582	0.2352350795559394	0.1624608983589547	0.08508444348422635	0.01028066566252307	0.06707506534044615	0.02980692261193898	0.2042611439334247	0.03782652604165102	0.01013866512710451	0.05936177341996561	0.01042638605787597	0.01440002469594565	0.0105468747292713	0.3534269388580093	0.1289484810059786	0.473656413947368	0.8910617498882385	0.1818366441887902	0.4988116828651459	0.243338038238484	0.01012871330406994	0.009987501389723879	0.01484286668926158	0.1072128969037249	0.01008503116257928	0.01010438530303901	0.01024080015100108	0.009943130410670881	0.001114156305599948	0.001417599746501477	0.4358387014724494	0.6738595238897768	0.001217612746544822	0.001041607201137139	0.00127667507864498	0.001158482161942959	0.01003645157309653	0.6239652952895415	0.2689472568940224	0.07785573426639542	0.2797128699193016	0.1628458932552843	0.06743907754894231	0.01024180440989802	0.1157245501142416	0.001020318071652033	0.1565203180043231	0.01212229734905023	0.009955859327735864	0.06042244087168166	0.009963104334595862	0.006186710514691377	0.01087617828775143	0.4087963557366546	0.1434545440397021	0.001019774231693339	0.9986953428332118	0.1858624294023754	0.6034552256905927	0.2519697256684704	0	0	0	0	0	0	0	0	0	0	0	0	0.04993794270873157	-0.08561158400182491	0.06759142403421398	-0.06099424511858087	0.01200244957383914	-0.009400467014265491	0	0	-29.47939006308128	-10.14251523213757	7.596766734805806	-2.743121951758174	11.55793822880694	1.518614064451723	-53.03104493661339	-53.47502284586846	-20.66624046002399	37.04023080739603	36.16015030739936	50.47444977899524	-100.2145802283146	-100.2145816508397	-64.32491814730366	-64.32491703196271	82.18650630691307	57.36097680663397	118.4049502852397	90.80484532493099	0	0
146.61896	0.1430980200116384	0.002973784559576147	1.417093984649909	0.8657501449560941	1.103051566015823	-0.9629545493322057	0.3895443483170759	0.3046116131879433	0.1779870995471391	-0.1064467784310322	-0.2228310872547395	-0.02922245311462312	0.7362492026765162	0.7362492045749919	1.509509710560879	1.509509711456637	0.1268951317115223	-0.5514785409018632	-0.5266386142390819	-0.6091563426755915	0.6652808312202234	0.04941938854961628	-1.53155912956305	0.1512038750217164	-0.8187004293293855	0.3967899506509323	-0.2833527008397581	1.669139092234863	1.194572744840193	3.897799823254271	-2.272940204662383	-1.369014017331531	5.561424293692516	5.561424316656688	6.929216940837581	6.929216963889014	4.045659771025837	3.33812922125131	-0.8531258368457783	-0.6887824931389951	0.01608768651707864	0.01080438399893263	0.01767660528394515	0.09195126019732341	0.01142984168801648	0.01017344442492739	0.01026505241488832	0.01026647096717127	0.02160141382188052	0.03345543435502779	0.3010660283375054	0.4393748470740704	0.0225661028210313	0.01001859592337519	0.0235241496736214	0.01255032689863263	0.01022471995303323	0.6076772850038081	0.2802511082963183	0.1134770784617676	0.2533522600908839	0.1540901872829011	0.0670550156771766	0.01026108820624609	0.1003454136787669	0.05900675257034926	0.164532986339995	0.02283193137697389	0.01129285167888424	0.06144455412857153	0.01020411028114692	0.01048839420162972	0.01058727740870617	0.36608509908701	0.132569215078031	0.3196587980712951	0.9263776550647033	0.1863529839916237	0.5295180223411717	0.2507627762602485	0.0295485125296555	0.01253443615272161	0.02782074703669576	0.1193380263123464	0.01433249052088634	0.01028077429521505	0.01011476665728846	0.0100993961166519	0.05527173559386463	0.001261588262249252	0.3825106357767435	0.5902848607092719	0.05836409892782595	0.0163420522720004	0.003634692049063856	0.005527123376356947	0.01007532764375182	0.5906549659564663	0.2026420476272618	0.03952370663460946	0.2771824254732571	0.1281315855071871	0.03467426530753702	0.01024932435608987	0.1478240076127498	0.1546809740688479	0.07879130816021175	0.008695324449772161	0.01402965854093796	0.06583374839944001	0.01008859695785207	0.0084369683166482	0.01040684263724347	0.3664844177479953	0.1307273532606353	0.1050639438375498	0.9993293381057025	0.1972722657826388	0.5691335927427973	0.26902625035425	0	0	0	0	0	0	0	0	0	0	0	0	0.03834286956164901	-0.03719890195728077	0.1016300082390126	-0.0501455936656033	0.01185051420356022	-0.01171636383545584	0	0	-34.50633109646493	-2.532067486866739	21.64787470405434	-4.232561274079367	15.89098682064712	-0.1513247862674515	-74.96051043031807	-70.30448858499231	-20.54774580532059	34.10916735512842	49.6832295891418	58.6109186921575	-135.2961752443973	-135.2961775995338	-78.70343107529278	-78.70343167056201	54.56488088585421	32.33152132565042	111.1214206838528	95.13655882782619	0	0
146.62848	0.1478207585662014	0.003427503342938258	1.403682138954474	0.866979860994511	1.096030303685298	-0.959210514267232	0.3832112278535519	0.3171313022409107	0.1884457720271548	-0.06785311570639821	-0.2420477749281018	-0.03954559839993603	0.7826710524493126	0.7826710544506121	1.571709519028702	1.571709520096606	0.16742191873231	-0.5185973846875966	-0.5299491159989539	-0.611408681948305	0.3229502480040428	0.0553061410189924	-1.267580403374777	0.1054591022696762	-0.6513526862979617	0.3869720646641716	-1.068528202142379	0.9444509409504114	1.004916909427113	4.203376431904408	-1.747697580012501	-0.7966071040050312	4.155144831082613	4.155144828933656	6.117798960009284	6.117798971344707	4.41930935369234	3.533146756011991	0.1307762214752559	0.2127877776969686	0.02959202734956186	0.0125898433045148	0.02731402697241685	0.1084911827949284	0.01441103907209146	0.01029063840423096	0.01014135426164387	0.01022786956422436	0.05631443493031266	0.01597712697278203	0.3206427017026643	0.4760190561239666	0.05922703876815689	0.01849620738629774	0.01345394524159568	0.01015073658199991	0.01015655941083076	0.5956892296904402	0.2333502968100359	0.06633539778640128	0.2625047474763624	0.1331009539856981	0.04051912863407747	0.01025721142079722	0.1315388210447202	0.1490195922013027	0.1042868389296785	0.01406676316911662	0.01412735510799877	0.06528285791631198	0.01018326159644604	0.01011914920618455	0.01033273533468178	0.3573225833092217	0.1282917066420113	0.2560025372700982	0.9502046160292562	0.1939402840593699	0.5367529227009333	0.2621845881080059	0.04896831175524106	0.01508137091571934	0.04079862738412994	0.131463155720968	0.0185799498791934	0.01045716328739109	0.009988733163575837	0.01025566182263292	0.1094293148821293	0.001105576777997027	0.3291825700810377	0.506710197528767	0.1155105851091071	0.03164249734286365	0.005992709019482731	0.009895764590770935	0.0101142037144071	0.557344636623391	0.1363368383605013	0.001191679002823505	0.2746519810272126	0.09341727775908994	0.001909453066131725	0.01025684430228172	0.179923465111258	0.3083416300660438	0.001062298316100363	0.005268351550494086	0.01810345775414005	0.07124505592719835	0.01021408958110827	0.01068722611860502	0.009937506986735517	0.3241724797593361	0.1180001624815685	0.2091081134434063	0.999963333378193	0.2086821021629023	0.5348119597950017	0.2860827750400297	0	0	0	0	0	0	0	0	0	0	0	0	0.02674779641456645	0.01121378008726339	0.1356685924438111	-0.03929694221262572	0.01169857883328129	-0.01403226065664618	0	0	-36.99341492690215	3.378104525145737	33.26903885814146	-5.289119645543316	19.03912139782073	-1.913208460561888	-88.42478370273099	-80.74607675187461	-19.11119578483554	29.86378317870427	60.05725600437789	60.56666512854218	-157.9230456431335	-157.9230484912125	-91.40144097443437	-91.40144268425382	23.69610275301472	9.377510912885167	94.2395170078706	93.39135330905771	0	0
146.638	0.1492086014428769	0.004166273164787664	1.393256630794728	0.8677347382660635	1.090723560743586	-0.9556393180735543	0.3689373342180964	0.3223898707233931	0.1971794303807353	-0.02656289925456497	-0.255851334706822	-0.04442766873937844	0.8148809353369038	0.8148809371870731	1.625644896303178	1.625644897395864	0.2100958945934291	-0.4848194820096987	-0.5247685314498214	-0.6052305371710035	-0.03159995597754957	0.1049049821994757	-0.9101960086985472	0.05239044652445984	-0.4608052370110939	0.3605962283027476	-1.936304432309647	0.1555778252691611	0.8336607634373269	4.462211960512807	-1.141976306280481	-0.2359792313520088	2.596743559571262	2.596743530051381	5.197031541055686	5.197031534720137	4.496588557780365	3.536241166936731	0.9202125766359586	1.075245663431904	0.03333308407678941	0.01317404988830583	0.02983489799671902	0.1052591292591874	0.01527071255366521	0.01038936046150814	0.01018838020097335	0.01035935194250174	0.06887418990403958	0.01714791412694373	0.2914188684178684	0.4418193611908841	0.07254391207007976	0.0211624132709761	0.01005849246407146	0.01004306529222873	0.01016442559052502	0.5612432173540823	0.1886549253094869	0.03362309919809508	0.2525842841137966	0.11101011405593	0.02134744483424678	0.01036909225317967	0.1441031214840668	0.1853469325428949	0.0538634250006279	0.01006552414695589	0.01534565454076925	0.06672408619224066	0.01025149064253316	0.01082710890731739	0.01047036988709198	0.3473559478573932	0.1198755887967968	0.2127594322299115	0.9242043535117259	0.1868457699415571	0.5135021808128597	0.2553291127666023	0.02592381544938478	0.01243250042878358	0.02448742296695274	0.07646420663000945	0.01376774615418134	0.01047301468652047	0.01041928284281515	0.01063055797309831	0.05525377346413772	0.03197235569039115	0.1742571511081967	0.2684252254491284	0.05828478722513693	0.01633010834120955	0.008563660970141676	0.01001232453907166	0.01021691306220122	0.4408503432934108	0.123662789522169	0.006336110917161989	0.2069320938974705	0.08114623561247038	0.0077690322326614	0.01061966645790575	0.1393616653155201	0.1547849335731531	0.006196195442588658	0.008298480509064845	0.01481637318103975	0.06540917974652877	0.01037868715774768	0.01194407529597027	0.01110376830375846	0.3377158161194288	0.104365723329596	0.1051470147996269	0.7543984413865075	0.1511498089700049	0.4133193595482484	0.2100650543152915	0	0	0	0	0	0	0	0	0	0	0	0	0.02732912374190308	0.03397628262594558	0.1025254229692802	-0.02526111345274967	0.0112501549000164	-0.01339056112604588	0	0	-37.13708864949227	6.526275926894652	41.10988609234076	-5.753516468779311	20.74321934762979	-3.601318305976743	-92.29084637084132	-83.72118916761181	-16.73609590742881	24.30529819129652	66.50299304021075	56.20756633111054	-167.3355278014208	-167.3355305974793	-101.5591357971241	-101.5591376387841	-7.2982497375187	-7.488786791302479	70.73108430238747	87.17694480798518	0	0
146.64752	0.1472444168416779	0.005471596841384579	1.386523478948756	0.8679730597086132	1.087285668030637	-0.9523926670351849	0.3463676060141137	0.3201155331835316	0.2044013198790216	0.01692253618555999	-0.2636594956239223	-0.04425688763526772	0.8320147180281088	0.8320147194783456	1.67039940053407	1.67039940149155	0.2521213742634549	-0.4516591586742841	-0.5132071807917473	-0.5911747096365723	-0.3783854177748162	0.1691021959099436	-0.4988747518511214	-0.002039684993053839	-0.2610638997079033	0.3191766045684668	-2.796990940476118	-0.6266462495116266	0.6883809530512748	4.663006108709075	-0.4948155666297346	0.2562786934615282	1.006658168625285	1.00665811516104	4.193963290519505	4.193963269682424	4.285753223298838	3.416144681366956	1.465071081319953	1.8628768881666	0.0219806588624181	0.01189243014637196	0.02172166912898849	0.07552239517584246	0.01286458627854289	0.0104400687788954	0.01045752198790346	0.01063189802799226	0.04537634300635126	0.03499683155574401	0.207560202248157	0.3283567830056675	0.04791152030937231	0.01352345465977505	0.01009988662738476	0.01006528859593786	0.01022722747443877	0.497192459194459	0.1565192314485191	0.02052427412871727	0.2176751410291773	0.09318614103668144	0.01586051259748423	0.01062630208517857	0.131070621727407	0.1312243861793204	0.03016963138437009	0.0101103854236594	0.01397192563217438	0.06431859068240293	0.01037556488202029	0.01185136878546118	0.01120312534428722	0.3465224067985199	0.1087902114353184	0.1392445681122278	0.8256448652251251	0.1564660433429119	0.4543920078304939	0.2186927644419742	0.002879319143528504	0.009783629941847829	0.008176218549775535	0.02146525753905097	0.008955542429169279	0.01048886608564984	0.01084983252205446	0.01100545412356369	0.001078232046146143	0.0628391346027853	0.01933173213535575	0.03014025336948974	0.001058989341166764	0.001017719339555448	0.01113461292080062	0.01012888448737238	0.01031962240999534	0.3243560499634306	0.1109887406838366	0.01148054283150047	0.1392122067677285	0.0688751934658508	0.01362861139919107	0.01098248861352978	0.09879986551978213	0.001228237080262399	0.01133009256907695	0.01132860946763561	0.01152928860793944	0.05957330356585919	0.01054328473438708	0.01320092447333551	0.0122700296207814	0.3512591524795214	0.09073128417762359	0.00118591615584742	0.5088335493948219	0.09361751577710743	0.2918267593014952	0.1340473335905534	0	0	0	0	0	0	0	0	0	0	0	0	0.02791045106923972	0.05673878516462778	0.06938225349474934	-0.01122528469287362	0.01080173096675152	-0.01274886159544559	0	0	-35.47425381361908	6.382976828626946	44.54824704919054	-5.575947621586343	20.98358697221537	-5.046306680539858	-87.11885685185145	-79.50199874320427	-13.68955770514411	17.78167183676772	68.76175613093254	46.41458164212169	-164.9426208072132	-164.9426229541628	-108.6205238505845	-108.6205249214043	-36.61411573413336	-16.3573816843236	43.31925840093515	77.87832894036619	0	0
146.65704	0.1420732432908307	0.007328874997187037	1.383793949710939	0.867710490070728	1.085739605204581	-0.9496003997565847	0.3159597579690064	0.3106795926795021	0.2103862833056203	0.06201910835607249	-0.2652657861968464	-0.03990924312568673	0.834269338014566	0.8342693388734672	1.705335155761987	1.7053351564915	0.290848853096602	-0.4199213148198907	-0.4977274722973966	-0.5700762377927618	-0.7036467639472821	0.2153300218804625	-0.076169136825827	-0.05190759636427324	-0.06543742677077052	0.2657569399966984	-3.570937758826785	-1.339830425007829	0.5745902671381741	4.800587568557736	0.1546603667889427	0.6352918667604546	-0.5145196811876358	-0.5145197502491657	3.139614785133279	3.13961476018917	3.807972423279136	3.249877227663007	1.741770354972073	2.551478331355719	0.01243561495146349	0.01067697270029734	0.01438212262833408	0.04634742531657123	0.01085244589570945	0.01038700410357214	0.01056205110984577	0.01078489344624908	0.02151515159747316	0.04237120590083411	0.1395224465800179	0.2301380248862789	0.07074817417596757	0.03969849955354199	0.01371586711849212	0.01041373083136487	0.0102754925689776	0.4421537924827177	0.1487064831710849	0.03206810813099986	0.1869925277640446	0.08783633952930085	0.02109371632414505	0.01064973796139474	0.1076962636266739	0.06773308561923404	0.01826607357930873	0.01248067534237228	0.01205151326729267	0.08009477383485097	0.01050213323042689	0.01203407693131486	0.0114539120534484	0.3260980815092705	0.1063760547168292	0.09260427951553299	0.7261876614576703	0.1295203699277049	0.3984164425112828	0.1858416246105717	0.006358325403424478	0.009687399837162514	0.008763971788947559	0.01720855740810437	0.009550952188700515	0.01022806970765528	0.0104726757295638	0.01081924762045419	0.001239516659932247	0.03664461887740929	0.0832733112607472	0.1282772581866946	0.1671777074429308	0.1117383777349214	0.0209972838385455	0.01114084856308548	0.0103073343123893	0.3606403183356392	0.1633975640957624	0.06654062262453239	0.1535877603407001	0.09369674001575493	0.03491776576172592	0.01040866760726797	0.06828401739387728	0.001129289262138306	0.006184383439137515	0.01679773710534244	0.009737682230313132	0.1251693427856203	0.01064685788531958	0.01133114460186321	0.01113653949016324	0.2433899032709352	0.1148102554806222	0.07347662372377332	0.5375159482948699	0.1022943688831972	0.3101418630088489	0.1505661772709367	0	0	0	0	0	0	0	0	0	0	0	0	0.02360581767213562	0.01110925052575423	0.06423397828536206	-0.007107340144125068	0.01078911507736613	-0.01355793470464852	0	0	-32.74680598363345	2.766439624177383	43.54025021039	-4.813272769191243	19.91862901195181	-6.101933982507592	-74.37943412970687	-69.54400191867398	-10.14745531708371	11.19342027102553	67.07444098217974	32.70697218042516	-153.3476943198809	-153.3476953955863	-112.3210468023752	-112.3210465554362	-63.26736547045873	-17.40218162873593	14.87914645950148	66.47329568460019	0	0
146.66656	0.1339362389651346	0.009414282561115367	1.38498063198526	0.8670149363248129	1.085991241382055	-0.9473575421759818	0.2788510944168427	0.294966539337563	0.2154535262998976	0.1081361140557935	-0.2608168784860023	-0.03261272031599013	0.8226727017921123	0.8226727019641004	1.730115325181557	1.730115325703999	0.323865689299537	-0.3897188511588026	-0.4808858430694747	-0.542968356436825	-1.001029529985295	0.2123223005621449	0.3176097537895142	-0.09232513724351736	0.1150261953827432	0.2045082769614288	-4.19629703548741	-1.939994799693947	0.4959730352416492	4.878609014470942	0.7723162202622333	0.872563708411781	-1.893439240802357	-1.893439313939269	2.065477628555786	2.065477611786668	3.090921094750692	3.102279975271409	1.754005331206825	3.122134594357354	0.01026541896399469	0.01010706537023109	0.0115201174894342	0.02961713019723636	0.01034295740849258	0.01021362569890692	0.01038763371940173	0.0107412901549662	0.0104922531657095	0.03106443469987162	0.1295987847728513	0.2092156895609307	0.1629581366274131	0.1087568430424806	0.02087628106629483	0.0111459686284865	0.01028868842289762	0.4195600185466978	0.1687910164782118	0.06686976853621929	0.175775983872684	0.09772951606797205	0.03526870803775386	0.01032725139252379	0.07990319222743959	0.03280916620089092	0.01000781184502197	0.01662036523659794	0.01019905307766456	0.1204213486270075	0.01061540767526965	0.01103055661175334	0.01090391396212523	0.2696444098651789	0.1170237221123421	0.1029917576162865	0.6685463789963749	0.1190086844924599	0.3690449082072085	0.1743024678331567	0.00983733166332045	0.009591169732477197	0.009351725028119585	0.01295185727715776	0.01014636194823175	0.009967273329660712	0.01009551893707313	0.01063304111734468	0.00140080127371835	0.01045010315203329	0.1472148903861387	0.2264142630038994	0.3332964255446949	0.2224590361302873	0.03085995475629037	0.01215281263879858	0.01029504621478327	0.3969245867078477	0.215806387507688	0.1216007024175643	0.1679633139136718	0.118518286565659	0.05620692012426078	0.009834846601006161	0.03776816926797244	0.001030341444014212	0.001038674309198077	0.02226686474304927	0.007946075852686828	0.1907653820053814	0.01075043103625208	0.009461364730390904	0.01000304935954508	0.1355206540623489	0.1388892267836208	0.1457673312916992	0.5661983471949181	0.1109712219892871	0.3284569667162027	0.1670850209513199	0	0	0	0	0	0	0	0	0	0	0	0	0.01930118427503152	-0.03452028411311932	0.05908570307597478	-0.002989395595376518	0.01077649918798073	-0.01436700781385146	0	0	-29.74720519450341	-3.803392830268423	38.601299753086	-3.624812574235106	17.86089097095546	-6.683912430657776	-56.33518910065437	-56.20725264867746	-6.365029033353002	5.368975509698377	62.26427011109492	16.96576460203381	-135.5516341217832	-135.5516338692412	-112.8526681164022	-112.8526667568425	-86.84771366672959	-12.9943984542763	-11.78716895149089	53.01982596220272	0	0
146.67608	0.1230999658027303	0.01114210036859048	1.389643225759969	0.8659923304314332	1.087857195743933	-0.9457168530796335	0.2366564027768318	0.2741639232149961	0.2199414692784959	0.1547480365730623	-0.2507387582206547	-0.02377943611812589	0.7988170779801436	0.7988170774885935	1.744686673256202	1.744686673687205	0.349035599202347	-0.3606826958707977	-0.4650787565806676	-0.5110776481383881	-1.271387010041177	0.137521893939564	0.6493414474048355	-0.1203090371863282	0.2727764573060528	0.1400022432226996	-4.635295456268113	-2.408095213476392	0.4523498812247704	4.906277286537127	1.334363094713339	0.957944414316246	-3.084410362088272	-3.084410426165273	0.9988934912006726	0.9988934890057007	2.164527169296204	3.007218517590163	1.531515159626049	3.551536808568421	0.0101187286798486	0.01006603237917701	0.01041195783719248	0.0192425488838712	0.01021493393086864	0.01012610364586748	0.01021311848156398	0.01066061306181787	0.01007921383019159	0.01839773483536766	0.1192752984123883	0.1904618408674792	0.2118395773860635	0.1799641930987154	0.02366368412181667	0.0113146165908643	0.01025169488411853	0.4016250979688417	0.1832036364630318	0.09258876439679627	0.1676207479977861	0.1050209212712984	0.04562655133326391	0.01020039086403451	0.06650725481464549	0.02493270959647006	0.02599823901339258	0.02026626514259554	0.01068272702204685	0.1623745355368042	0.01126303196163694	0.01023653729602671	0.01039849171065052	0.2238129435895721	0.1279161447343845	0.1547253840690218	0.606638768218755	0.1121057550439285	0.3359822150021947	0.1639299739933287	0.01014326489427456	0.01039919089967051	0.009714475866793828	0.008904630445871645	0.01009059989883177	0.01013329973924768	0.01006338602088232	0.01056953487030468	0.01660075745902437	0.005962605557257539	0.07415572168548971	0.1137457959278296	0.2155860493753874	0.2941621551055073	0.02179850504683658	0.01086254626997803	0.01016369411014218	0.348568044404617	0.1877320203951797	0.1138253128041139	0.1488432200199321	0.107463488447967	0.05312892654658857	0.01032229258659025	0.06647603200582565	0.03235773018180089	0.07009675592315043	0.0239328226787485	0.01361847414305946	0.2265290532985521	0.01260297315940349	0.00975063784565457	0.01000910299635231	0.1792544436244807	0.1405703739880584	0.2693622575991145	0.413684777151493	0.09934126272716128	0.2430013661477296	0.1378365300300199	0	0	0	0	0	0	0	0	0	0	0	0	-0.0001763739911307827	-0.07708274051432097	0.08513272826332445	0.003285194737157434	0.01048877136287841	-0.01638450855280722	0	0	-27.1618841015747	-12.05789356285375	30.68946141853543	-2.243167115966502	15.21799686035383	-6.793769318001813	-35.68224047524554	-42.25186026391899	-2.930265287682406	0.6155555817166245	55.62294435794185	1.09516073529548	-114.2594131593498	-114.2594115394995	-110.8749855106999	-110.8749839962637	-107.2329755065918	-7.105224474680613	-33.9883950478094	36.56946564213587	0	0
146.6856	0.1097961193977388	0.01177707566687956	1.39707368171673	0.8647659810652522	1.091101103363362	-0.9446889161261797	0.1912278239730419	0.2495182983858668	0.2241535560194727	0.2014219097186648	-0.2356234583141229	-0.01483566937524182	0.7646171883708365	0.7646171873592672	1.749221235299455	1.749221235768586	0.3645121432472199	-0.3323132415518368	-0.4522984445238101	-0.4759071447985637	-1.520634800986788	-0.01726401135286466	0.8962564543974351	-0.1352201831038826	0.4042445138605875	0.07639981763200152	-4.875667614359512	-2.750175061810027	0.4358364509595772	4.892884857637165	1.829695659454989	0.8981171721836146	-4.064231855062023	-4.064231898717907	-0.04060027628042957	-0.04060026740001717	1.059821391302241	2.957505591668391	1.129388180775205	3.803960703553108	0.01023420519970661	0.01051672434647634	0.01015385530621466	0.01231375185187108	0.01012878910234307	0.0101854490329207	0.0101210468273057	0.0105899325261115	0.01863002947543651	0.01016223840150676	0.07693485595793774	0.1270320054607822	0.1837943758725237	0.2459281852115762	0.01971063228659239	0.01063904438463007	0.01016003603298895	0.371879881311503	0.1781002996682039	0.1004987920192523	0.1542867387846321	0.1030824345254505	0.04851217237735727	0.01042930918857724	0.07489045530246871	0.03877719881164382	0.07025832322425409	0.02276569988828201	0.01415770747875211	0.1995103919981836	0.01260547201077207	0.01006895081586614	0.01018892590545757	0.2150745926615113	0.1342256185422847	0.2355710165671717	0.5116748868454465	0.1027846212078601	0.2808806606037496	0.1445675632943353	0.01044919812522867	0.01120721206686382	0.01007722670546807	0.004857403614585525	0.0100348378494318	0.01029932614883464	0.0100312531046915	0.01050602862326468	0.03180071364433039	0.001475107962481787	0.001096552984840779	0.001077328851759831	0.09787567320607994	0.3658652740807273	0.01273705533738278	0.009572279901157487	0.01003234200550109	0.3002115021013863	0.1596576532826713	0.1060499231906636	0.1297231261261924	0.09640869033027491	0.05005093296891636	0.01080973857217434	0.09518389474367887	0.06368511891958757	0.1391548375371028	0.02559878061444772	0.01929087243343209	0.2622927245917229	0.0144555152825549	0.01003991096091823	0.01001515663315955	0.2229882331866125	0.142251521192496	0.3929571839065298	0.2611712071080679	0.08771130346503547	0.1575457655792565	0.1085880391087198	0	0	0	0	0	0	0	0	0	0	0	0	-0.01965393225729309	-0.1196451969155226	0.1111797534506741	0.009559785069691386	0.01020104353777609	-0.01840200929176298	0	0	-25.32887473378341	-20.30766964878674	20.99214015879632	-0.9189374516124413	12.40549357588593	-6.513180239150539	-15.01367882513127	-30.06068802107147	-0.8794734401185682	-3.353947483855361	48.43835562888818	-13.30330923398863	-91.45988052674507	-91.45987795650484	-107.3277222897502	-107.327721596372	-124.2551814478873	-4.162450189697768	-49.09304419176117	15.59262256890454	0	0
146.69512	0.09419208195664845	0.01058603011570264	1.406403498199711	0.863454161331235	1.095470830675206	-0.9442493476143764	0.144420762870465	0.2221235053793012	0.2282640684871462	0.2477908300167734	-0.2161149928997287	-0.007075948750433008	0.722129750670943	0.7221297493667406	1.744033283692239	1.744033284260511	0.3687578980414882	-0.304367077984566	-0.4438937446663823	-0.4393623327439098	-1.755566437053412	-0.2430487706059346	1.047718191379728	-0.1387223227343526	0.509604739800172	0.01679853677018207	-4.928622644924864	-2.990793751514162	0.4263943509379353	4.841971863102946	2.25794190901156	0.7137508999542965	-4.825153120071516	-4.825153137543801	-1.042660694864273	-1.042660684624729	-0.1884253817214311	2.908799091162113	0.6277445555048735	3.832257079298594	0.0103040779586462	0.01059660155526499	0.01056360206147822	0.01027910350318757	0.01034838785848819	0.01023551071031728	0.01012097257845829	0.01056159109215441	0.02129777108455751	0.01670607386366691	0.06322816969022849	0.1018849401106359	0.1605488748947304	0.2975411584354768	0.01582841316979506	0.01020965829458103	0.01013882569600075	0.335455013572374	0.1632074343855005	0.09548574606107989	0.1391476280676459	0.09574892642565255	0.04656252588151723	0.01046367249846488	0.08362250211842838	0.04304418578538692	0.08663244498012419	0.02103639716772195	0.01671705770348543	0.2300994880356439	0.01588653275438871	0.0100959018848737	0.01020388298490795	0.1927402636769986	0.1344123158930056	0.2588022485584555	0.4102106639130445	0.09098675351564799	0.224549485701424	0.1239124291450065	0.01028324304988591	0.01020625076620467	0.01154380817795271	0.01183556825169952	0.0109170513859032	0.01025366408839277	0.01019478783371071	0.01056736580624681	0.01645011602069173	0.03862311964854371	0.08930498630618977	0.1329677522906111	0.1601357392049756	0.3758958991997441	0.01271562310738812	0.01012734416409259	0.01019659471141468	0.2565673261598471	0.132563055528302	0.07700595054234684	0.1146758106703759	0.08122735268156038	0.04048417006047011	0.01022705826925692	0.08950312083132819	0.03235175698949228	0.07009068431898097	0.01469685144158252	0.01827820949648511	0.2771960868338949	0.02178645825283359	0.01018010491843826	0.01038052967274927	0.1120384674795791	0.1280966556374004	0.1970048170778521	0.2013722824371048	0.07143801185438654	0.1336772860249725	0.09382645763511133	0	0	0	0	0	0	0	0	0	0	0	0	-0.038474177505664	-0.1110871341933238	0.1238161428500894	0.01757819057716665	0.01002850257957347	-0.01946118292395481	0	0	-24.08408616292398	-26.63529166912588	10.89074819360933	0.1177685776956217	9.787879190938245	-5.978847766091544	3.306515435120212	-21.09173159692497	-1.744373846843958	-7.484449510235813	41.65282918382142	-24.82811533887935	-68.43933182045146	-68.43932903303323	-103.1512677099359	-103.1512680787709	-137.1936723652706	-7.14753182962605	-54.44827724982973	-10.37714140546158	0	0
146.70464	0.07640547750259959	0.007010220951692876	1.416729205820825	0.8621494583026024	1.100731230849806	-0.9443509013336995	0.0978794128987034	0.192789963261189	0.2321810638195484	0.293469348749976	-0.1928247414792575	-0.001533905673484214	0.6734348545196258	0.6734348531689255	1.729496152017431	1.729496152655692	0.3606111800591692	-0.2771150346715429	-0.440332786529238	-0.4037811997933318	-1.979105361822947	-0.512178724666608	1.1073175013766	-0.1344649184873891	0.5921077796248262	-0.03712323903994159	-4.826931129215343	-3.163116162446054	0.3877994469811031	4.74533000989103	2.625571654403573	0.4390178607503958	-5.36931593060386	-5.369315923875326	-2.004808287536274	-2.004808283917477	-1.534943792883057	2.802042332962717	0.1307862114157436	3.59668627145092	0.01023734214756429	0.01005045438382005	0.01158413607341662	0.0134401017438071	0.01095141952677435	0.0102301207974959	0.01021567269116716	0.0105851849775544	0.01363976235296498	0.04028388749199296	0.1014904094978254	0.1515909901779696	0.1760025472023558	0.3303364781524546	0.01413756335542994	0.01035018034205641	0.01022504643089045	0.2951510145308729	0.1423064109649938	0.07810291726860014	0.1237611891585876	0.08433284946953214	0.04043580085070176	0.0101406580188701	0.08484808655160218	0.02749586942229509	0.05779059909873781	0.01405075148341122	0.01722103744938827	0.2531095821609281	0.021456189074759	0.01018845438882709	0.01042178000166745	0.1281107882062156	0.127686747986072	0.1855740547008896	0.3189544584794491	0.07667832711779766	0.1795383581318375	0.1056021252182237	0.01011728797454315	0.009205289465545514	0.01301038965043734	0.01881373288881352	0.0117992649223746	0.0102080020279509	0.01035832256272993	0.01062870298922894	0.001099518397053061	0.07577113133460563	0.1775134196275387	0.2648581757294624	0.2223958052038713	0.3859265243187608	0.01269419087739345	0.01068240842702769	0.01036084741732827	0.2129231502183079	0.1054684577739327	0.0479619778940301	0.09962849521455944	0.06604601503284588	0.03091740715202386	0.009644377966339511	0.08382234691897752	0.001018395059396982	0.001026531100859168	0.003794922268717315	0.01726554655953814	0.2920994490760669	0.02911740122311227	0.01032029887595829	0.01074590271233899	0.001088701772545701	0.1139417900823047	0.001052450249174282	0.1415733577661416	0.05516472024373762	0.1098088064706885	0.07906487616150289	0	0	0	0	0	0	0	0	0	0	0	0	-0.05729442275403489	-0.102529071471125	0.1364525322495046	0.02559659608464191	0.009855961621370852	-0.02052035655614664	0	0	-22.80243092449363	-29.14247264602701	1.942801221853935	0.6904692308534421	7.638681081258284	-5.344270689137781	17.17671314776532	-15.655344587923	-7.243442999728723	-13.19040096846974	35.72670367131666	-32.07669976858065	-46.04428382847066	-46.04428164764915	-99.02848713368091	-99.02848803247551	-144.6550629316449	-16.17794683359593	-47.86904004783881	-39.36855909887291	0	0
146.71416	0.05655910093257633	0.0008304888498459294	1.427249168704354	0.8609033982805608	1.106688511233882	-0.9449369798949241	0.05285150385950463	0.1620178180638622	0.235400520692556	0.3379326693437908	-0.1662915617510362	0.001140467166783181	0.6205570975574186	0.6205570963545286	1.705980970704649	1.705980971336812	0.3394056028484238	-0.2513618198045653	-0.4410169849704424	-0.3717674402410193	-2.186860630951842	-0.782335850515183	1.092305185254769	-0.1272204699359743	0.6569621112825701	-0.08502487636808484	-4.619697153353692	-3.29712085572196	0.271324619969998	4.582587697367841	2.940244145855401	0.1195377616414588	-5.70597254966229	-5.705972527020635	-2.929430565361186	-2.929430570025648	-2.921142434231056	2.587117273180694	-0.2446438448056018	3.082944088484448	0.01018275662114007	0.01718870815156364	0.01158021530133311	0.01414225113522318	0.01095049354525031	0.01019920575319256	0.01021531137600611	0.02215868210836312	0.01566762516039184	0.05431726998782335	0.1171191145322696	0.1724981913713652	0.1719474573875706	0.3123294352770716	0.0143540697605332	0.01044376435735983	0.0102276829274134	0.2565440782317741	0.1280888308629076	0.07318886388372685	0.1102403227143203	0.08355516148412179	0.04650201573981054	0.01080170575490075	0.1006211775203423	0.05546390192337779	0.02767507619360657	0.02964096683583323	0.04359587445852221	0.2449634296724824	0.04222718837608855	0.01018536438086772	0.01042796056685331	0.1012396035029742	0.128997359618569	0.1144556078286828	0.2517117200127805	0.05801911270082433	0.1342294063556999	0.08194286831049084	0.01015957318771313	0.03403444667584452	0.0103945825986354	0.01127990591341816	0.01024936031623744	0.01014827901634132	0.01009695841002081	0.04853836575901205	0.0305214715024497	0.05881265119836103	0.09456357696798018	0.1360815964392817	0.1182989554971398	0.1934901354552343	0.01603375273477872	0.01037935192377846	0.01012167999688796	0.1890343881465647	0.1174330590788391	0.08530502260098909	0.09219894500277483	0.09674035576402383	0.06916014185670043	0.01269029814036239	0.1443602204945855	0.1456900396124714	0.001198597462391578	0.07422841399264817	0.1062922059460097	0.1818993043668315	0.08529915768215955	0.0100698130373428	0.01017466407106489	0.1283430933525287	0.1444143625717917	0.05316242888635991	0.1598735550006211	0.02810294714488896	0.05541157462930343	0.04004611526969506	0	0	0	0	0	0	0	0	0	0	0	0	-0.06723691058643842	-0.1142064698344316	0.1351630678094644	0.02787645955361203	0.01005163633755406	-0.02085567100911189	0	0	-20.61934707886702	-26.78487133968144	-4.6378086451491	0.7502121900818494	6.087930886218313	-4.729065059904572	25.38122812081944	-12.78687204923201	-18.08646752786526	-21.45646100388442	30.42864775467934	-34.14856116597335	-24.95148483247324	-24.95148370470386	-95.29415239513216	-95.29415315749981	-145.3577178857236	-29.47898545255692	-29.07319353639257	-68.27221479662347	0	0
146.72368	0.03485730856249634	-0.007741583418837556	1.437370473419898	0.8597221970189028	1.113201882870757	-0.9459522605571029	0.01008085032021065	0.1300815802546534	0.2369477556087198	0.3804316923447403	-0.1370025516317064	0.0007594211456332041	0.5654033097981622	0.5654033088454479	1.673826081368964	1.673826081926431	0.3050825518026499	-0.2282913782606377	-0.4442595921422467	-0.3459150587999727	-2.366111777062063	-1.007441069302482	1.0280744819133	-0.1214910972902937	0.7098384667910626	-0.1274155704889397	-4.3617074719891	-3.408756841644125	0.02964594980824613	4.328575762473614	3.204102072896422	-0.1946311893546082	-5.850556134985296	-5.850556106718108	-3.820526077384805	-3.820526088063964	-4.278921859807968	2.23615117742361	-0.3907495400340467	2.307792741262238	0.01018428345942807	0.03418196825553117	0.0100646917259805	0.01008638160121748	0.01005263148298991	0.01015160394335859	0.01006374739261427	0.04806114023425766	0.0331210079049106	0.05134779071944656	0.08270514732843301	0.1218124789498025	0.1201829148113178	0.2204816223429719	0.01636219930022546	0.01030763421557402	0.01009024487055841	0.2228867020051256	0.1262963690754903	0.08997388583097783	0.09951404775860553	0.0987420081812346	0.06964454120522898	0.01283987843213708	0.13787188497096	0.1409139715211004	0.01332950824833836	0.07430065695826808	0.1015291269632224	0.1919438468122925	0.08106219310821577	0.01003894949024941	0.01009969776211514	0.1479309564537372	0.1442239784692401	0.09861799842558513	0.2173440764069814	0.03418239497512895	0.08153868322251948	0.04922894593050275	0.01020185840088311	0.05886360388614353	0.007778775546833455	0.003746078938022795	0.008699455710100282	0.01008855600473174	0.009835594257311684	0.08644802852879517	0.05994342460784634	0.04185417106211643	0.0116137343084216	0.007305017149101132	0.01420210579040834	0.001053746591707772	0.01937331459216399	0.01007629542052923	0.009882512576447651	0.1651456260748214	0.1293976603837456	0.1226480673079481	0.0847693947909902	0.1274346964952018	0.107402876561377	0.01573621831438527	0.2048980940701934	0.2903616841655458	0.001370663823923989	0.144661905716579	0.1953188653324813	0.0716991596575961	0.1414809141412068	0.00981932719872732	0.009603425429790789	0.2555974849325117	0.1748869350612787	0.1052724075235455	0.1781737522351005	0.001041174046040291	0.001014342787918346	0.001027354377887226	0	0	0	0	0	0	0	0	0	0	0	0	-0.07717939841884194	-0.1258838681977383	0.1338736033694242	0.03015632302258214	0.01024731105373728	-0.02119098546207714	0	0	-16.68397191327273	-19.82675451745599	-8.390258996575467	0.4010008256983004	5.105247402773941	-4.190860835955021	27.93763763606371	-10.59777727406081	-33.21513003005514	-32.28230867995308	24.85647262897486	-31.03860631920359	-5.80154758028232	-5.801547484935671	-91.96792403963696	-91.96792459086839	-138.6413091491182	-44.20559496027216	-0.2677790105018709	-93.69573945128715	0	0
146.7332	0.01166119911144498	-0.01808620594886863	1.446750647220299	0.85857586260813	1.120181044321896	-0.9473479274519913	-0.03019245513779346	0.09719549685700281	0.2354725039593915	0.4199926393066941	-0.1054719624471955	-0.002401835394685691	0.5097043928931657	0.5097043922023863	1.633334459434573	1.633334459864553	0.2582497772382923	-0.2092112853581245	-0.4474843587131087	-0.328500803526952	-2.497103363209835	-1.149647593877905	0.9406341304595754	-0.1202045240525923	0.7554629170471082	-0.1650541263751303	-4.102269048777381	-3.494484000835999	-0.3661704705572647	3.962807909674336	3.408849210607208	-0.457674339815031	-5.824538278526327	-5.82453825276606	-4.681182946602818	-4.681182962895677	-5.537624256944421	1.752160827039077	-0.2321242716275385	1.321460964985676	0.0219117818116548	0.05885897438316378	0.0101204489910004	0.01006199476798027	0.01140910644441796	0.01365698821023845	0.01004812535010332	0.05700233478298408	0.04631572592805518	0.04039678406069252	0.04462827106950582	0.06454994894181067	0.07290009687861138	0.1425190765127875	0.0155111688573468	0.01015230199496722	0.01002974612060753	0.1889131456198715	0.1112031125659071	0.08997539351406131	0.09037245678127566	0.0963555161685056	0.07437168096734575	0.01483146860750046	0.1605439819041384	0.2076376965172143	0.01653243086119089	0.09059770134644005	0.1313959766633754	0.1353650067394306	0.09298434843584964	0.01004843853536531	0.01012718475446395	0.1668430467447684	0.1435053177723007	0.08792388584301604	0.2295868486851575	0.01760284272127138	0.04013977231754244	0.02446861105769021	0.04864321632051807	0.0989525654295064	0.01212556614646291	0.01520871276288878	0.01556279436473276	0.0215940374112944	0.01020113887573849	0.046584263398792	0.05565158180943418	0.02152584724814983	0.006375489936660643	0.004197487127108434	0.03141344449076117	0.07783305731837749	0.01108679792853242	0.009995468131970249	0.01006559445201721	0.1268369881926026	0.06534509098830987	0.06187039955445015	0.07788594115640836	0.06509523078054388	0.0543168157750632	0.01693730830268163	0.1706268382748674	0.2848970380276056	0.03358365963877647	0.07286179359157519	0.1343680094901001	0.0625495160920187	0.07266436612454887	0.01025057151961517	0.01059740413829107	0.1289503112812295	0.1147564871120561	0.05314434857858634	0.3039720422977334	0.00613938993300874	0.001639572432239916	0.004743565527598901	0	0	0	0	0	0	0	0	0	0	0	0	-0.08069042718610249	-0.06773423523704475	0.1114339653744436	0.0367668952069585	0.0104598136253639	-0.01986012467820382	0	0	-10.43609243362518	-9.685350971543039	-9.610646749621052	-0.1426297879096881	4.527930942825972	-3.724973440901235	25.95768346295775	-7.047509734093434	-49.91830254246249	-44.69126584497661	17.8352266860294	-23.61148278979863	10.8062254506883	10.80622492028363	-88.85247841357203	-88.85247907587396	-124.6151268358983	-56.82370209868216	34.04230403236269	-112.0458395410465	0	0
146.74272	-0.01246408044491885	-0.02930126538767877	1.455273421639879	0.8574169466731838	1.127571701052428	-0.9490813239409052	-0.06813187169366125	0.06369052297718986	0.2294877515301462	0.4555051802963239	-0.07234119893183286	-0.007681388833250604	0.4549634212722994	0.4549634208007532	1.584790946411189	1.584790946653641	0.2001736835446955	-0.1952397111118448	-0.4476267533690302	-0.3211629440876124	-2.55786032255148	-1.188778948418717	0.8508009435357132	-0.1240650308922163	0.7965218416789083	-0.1983942349182229	-3.87528038465767	-3.534685124475019	-0.9146681019806174	3.478514603459871	3.536914058779417	-0.6351273839131268	-5.653776812765724	-5.653776792357418	-5.511922649495838	-5.511922672809175	-6.630344679847403	1.17158260988451	0.2561904417231727	0.2073139658235259	0.04817244387890267	0.09061101348860787	0.01265556021703132	0.0166465055985853	0.01592969903367151	0.02170627259048253	0.01025330251807686	0.03926453462129086	0.04974660252537867	0.0239918664199634	0.02257529444417824	0.03194869406242434	0.05664194702263929	0.1318474777440285	0.0103688846113738	0.0100400961135897	0.01011036273935367	0.1516261863799608	0.07064418563723789	0.05810948679703018	0.08226801442498977	0.06276535761038916	0.04820356017706844	0.01636094765162886	0.1560916374826341	0.238391443603208	0.03600345329429688	0.06051428843581891	0.1159028585453522	0.09820244224726264	0.06267756450662523	0.01030222333280389	0.01071425624104908	0.1156810101512273	0.1139595308807345	0.05520999273849169	0.2891853825775949	0.01301194913470822	0.01961607024449415	0.01493712515436335	0.08708457424015305	0.1390415269728693	0.01647235674609236	0.02667134658775475	0.02242613301936524	0.03309951881785705	0.0105666834941653	0.006720498268788837	0.05135973901102201	0.001197523434183234	0.00113724556489969	0.001089957105115737	0.04862478319111399	0.1546123680450472	0.002800281264900844	0.00991464084341127	0.01024867632758676	0.08852835031038377	0.001292521592874115	0.001092731800952231	0.07100248752182653	0.002755765065885968	0.001230754988749383	0.018138398290978	0.1363555824795415	0.2794323918896655	0.06579665545362896	0.001061681466571348	0.07341715364771896	0.05339987252644128	0.003847818107890914	0.01068181584050303	0.01159138284679134	0.002303137629947266	0.05462603916283356	0.001016289633627147	0.4297703323603663	0.01123760581997719	0.002264802076561485	0.008459776677310576	0	0	0	0	0	0	0	0	0	0	0	0	-0.08420145595336305	-0.009584602276351238	0.08899432737946289	0.04337746739133485	0.01067231619699053	-0.01852926389433051	0	0	-2.024277527089438	1.413113711522831	-9.035987227339543	-0.643621221701495	4.097963769520496	-3.275817812325119	21.53987118045409	-0.9423570054273658	-64.69596439381264	-56.81145743324851	8.713220679195512	-13.33869266455117	24.60686531051024	24.6068648499884	-85.62540921418432	-85.62541000566299	-103.8998515731838	-64.00777433429469	67.96062348559512	-120.0691148824286	0	0
146.75224	-0.03676329211498529	-0.04040023065259353	1.462983966885904	0.8562014356570786	1.13533263671659	-0.9511111592511016	-0.1041169937630975	0.03011894647752486	0.2176797833840559	0.4858889658773721	-0.03843496247448376	-0.01416200010072776	0.4024333652726417	0.4024333649835474	1.528490506303566	1.528490506288433	0.1327252063308864	-0.1870101522238636	-0.4416591040000372	-0.3246112147097293	-2.531663448263243	-1.127750619836496	0.7714068278926182	-0.131734170351598	0.8330195114761486	-0.2272375390280733	-3.691269476184182	-3.504583464289862	-1.581126084858162	2.889542360394133	3.568814677942649	-0.7083569876719479	-5.364074380548814	-5.364074361523762	-6.310093289714104	-6.310093320371524	-7.497357122136527	0.5581713801356318	1.041195835959511	-0.9244957640894329	0.06230212820471974	0.1134840152411004	0.0143450393933371	0.01976424172685534	0.01889737438177624	0.03012050667335125	0.01037208648318673	0.0253253856695298	0.05682977230765654	0.0154967955892986	0.02498465069625123	0.03104898195808447	0.04711169367148005	0.1483621164121436	0.01004161133398873	0.01005554954911326	0.01018124545024426	0.1107243327223906	0.03681817369361471	0.0350391724801766	0.06689167231394318	0.03634312167348189	0.03012638237489723	0.01958132414214888	0.1367543024037351	0.2873386550035258	0.0426220636335987	0.03517053974558402	0.09952889977155722	0.07573194748955181	0.03976414184936165	0.01062464437210452	0.0114888550348688	0.05922260815026445	0.08026989658967909	0.08630218974627103	0.3028620044323589	0.01193000208288168	0.01125170212655017	0.01166289214259567	0.06466224212666624	0.1353107844893477	0.01500407662407706	0.01856404807365061	0.02028522434503319	0.04029170549995707	0.01037960353943688	0.01900732105101638	0.07315497291293918	0.0146591070876028	0.04807936191682406	0.05406268863047473	0.03016117471064495	0.1779087442988361	0.01551418152804298	0.01019346641546015	0.01022580943607628	0.04484993073405312	0.00949300835937205	0.0251039668511257	0.03622331792078319	0.02029833657641714	0.02497044015500707	0.02547636563343431	0.09562837330738908	0.4246041106151703	0.03340379065394185	0.02151727128478621	0.08937847117082436	0.0529290675315941	0.03110790110260139	0.01103362718970084	0.01250292335820613	0.001693789180044681	0.03785238324401925	0.212088307677828	0.2257790377901093	0.01095735628582788	0.006511464994202948	0.009607980123259778	0	0	0	0	0	0	0	0	0	0	0	0	-0.08354155069952478	0.04438773809373137	0.04853598419385979	0.05106755449643055	0.01049507075137788	-0.01594930134199846	0	0	7.628919432334232	10.94826015275223	-7.573167973937031	-0.9191552447045028	3.521874726305051	-2.767916360541603	17.39069399823474	7.598208114168843	-74.18540539361472	-66.28749065199419	-2.25614824780881	-2.033687115244482	35.8843892145165	35.88438943449251	-81.9611892016524	-81.96118989975945	-77.35476389257674	-63.45649050659662	95.39958844366473	-115.4910818186001	0	0
146.76176	-0.06037161884341478	-0.05053466893168493	1.470007999762718	0.8549050929626684	1.143409762692768	-0.953390948619611	-0.1385054229726289	-0.002754153113951513	0.1992091178611103	0.5103006006882537	-0.00474041289349773	-0.02083363581805362	0.3531413918622139	0.3531413917743469	1.464766983888832	1.464766983555736	0.05830190210252494	-0.1844671971099735	-0.4271349361368459	-0.338425671686248	-2.412815980980633	-0.9918976452795963	0.7065545513176582	-0.140531737631606	0.8623261713005889	-0.250718744292636	-3.535604390029708	-3.385894468168432	-2.301673578730892	2.231245523074207	3.4909334064781	-0.6766587036164652	-4.976484903015079	-4.976484878899252	-7.070332152934343	-7.070332188334797	-8.088137600978841	-0.009638541417388586	2.035033618882975	-1.949402756513835	0.05663498926776299	0.1226474477788513	0.01421349426644301	0.01645240718959864	0.01893656437352847	0.03773650858602592	0.01031372103336602	0.0258533868098906	0.0716011053536733	0.01942899205679699	0.05185672521332274	0.05941877946154567	0.03249612969057444	0.1677017715211606	0.01721299420229011	0.01022360749190521	0.01019781636412682	0.06597677322189513	0.02470912693849354	0.03720132498674973	0.04062468403989757	0.0332388499996564	0.03481409971329689	0.02511552856007389	0.106426150541812	0.3725840110122763	0.02748581108642232	0.03424668035622305	0.09905100340773194	0.06408925030718056	0.0435572863382406	0.01096387479814185	0.01234134639675645	0.02864344973299238	0.05385016344306134	0.201411988105183	0.2247554678097569	0.01130922049353057	0.01006745834323216	0.01092695554412941	0.04223991001317944	0.1315800420058261	0.01353579650206177	0.01045674955954646	0.01814431567070115	0.04748389218205709	0.01019252358470846	0.03129414383324392	0.09495020681485636	0.02812069074102237	0.09502147826874842	0.1070354201558337	0.01169756623017591	0.201205120552625	0.02822808179118512	0.01047229198750902	0.0102029425445658	0.001171511157722468	0.01769349512586998	0.04911520190129916	0.001444148319739844	0.03784090808694832	0.04871012532126476	0.03281433297589062	0.05490116413523668	0.5697758293406752	0.001010925854254734	0.04197286110300107	0.1053397886939298	0.05245826253674693	0.05836798409731186	0.01138543853889865	0.01341446386962091	0.001084440730142096	0.02107872732520493	0.4231603257220289	0.02178774321985238	0.01067710675167857	0.01075812791184441	0.01075618356920898	0	0	0	0	0	0	0	0	0	0	0	0	-0.08288164544568652	0.09836007846381398	0.008077641008256682	0.05875764160152626	0.01031782530576524	-0.01336933878966641	0	0	17.22268799127193	16.88145802574798	-6.120126387381073	-0.8717129552618591	2.556019820051616	-2.143151979075243	15.88577593584685	17.42639332398712	-75.6712486929745	-71.13253092422563	-14.17407482196984	8.392085157357046	45.283135520594	45.28313627360622	-77.63040883954993	-77.63040907107907	-46.08682563592465	-54.4647100042606	111.0489024461174	-97.68321814498437	0	0
146.77128	-0.08242832854808049	-0.0591731379453906	1.47647196997545	0.8535322959804121	1.151714685127822	-0.9558640004957479	-0.1714258478528372	-0.03404962268277501	0.1739552170348021	0.5283067343788533	0.02767056920403431	-0.0267643679714652	0.30794377993262	0.307943780107475	1.394013642657896	1.394013641988515	-0.02027402420400914	-0.1868047700087668	-0.4026649120751423	-0.361004456810873	-2.207619963113164	-0.8205558247562411	0.6526369572811622	-0.1472650714627887	0.8800728561288894	-0.2676374158269332	-3.376993099987456	-3.173499995302397	-2.990510480991096	1.552460765036171	3.299373601393055	-0.5568023831284974	-4.505949043670864	-4.505949013096989	-7.785713716573248	-7.785713750527869	-8.364671418846397	-0.4555475660216194	3.105895868572988	-2.747201156995506	0.04709816915400063	0.1223342623546171	0.0127547277396595	0.01261614667640547	0.01605509194058294	0.03823612041421761	0.01022129206269389	0.03252877787378184	0.07059430260541157	0.03364952018828098	0.07948606310697612	0.0888718110493445	0.03558466655420849	0.1750817608247294	0.02190561330101822	0.01034615628455986	0.01017731252937084	0.04539877448126082	0.02591178527265775	0.04191426088048731	0.02438105883613467	0.04020450378211003	0.04318997631231217	0.02859759959144957	0.09297313045876855	0.3913244178957367	0.1165905060923344	0.04056485852348002	0.1047794256694143	0.05478366046167947	0.05493589404859953	0.01081655514486622	0.01200527052456513	0.01951662772182855	0.05038910627985839	0.353200914237202	0.1987233632727708	0.0107733742235948	0.01030359422417862	0.01064452172597246	0.03541600925021059	0.1138056739513699	0.01002350094401331	0.008875996283730288	0.01014183034050536	0.03128185910042328	0.01011437407751824	0.04372698018181111	0.04807660880956368	0.0597602929781316	0.1138808786357625	0.1254587108326555	0.05998615346152594	0.1691105926789339	0.02352100230476659	0.01041533983598236	0.01012722981929132	0.04668383898042753	0.03449357741712009	0.04332507466312645	0.01794482136838323	0.05308672450596878	0.05177480712805609	0.0303382240065522	0.09875120099566	0.2854014336261336	0.3786337763043045	0.04930351449730237	0.1152979050343012	0.04100408918699738	0.07066564447661304	0.01013886903278561	0.01036408750856665	0.02086435257948062	0.06868211398026182	0.7005403964129822	0.2786285381626985	0.01009298448830352	0.01026255533036379	0.0101525046684916	0	0	0	0	0	0	0	0	0	0	0	0	-0.0856380519207052	0.04586484960652725	0.01730678079623484	0.05941148320509119	0.009433693786155377	-0.01287830614350341	0	0	25.60970128873415	18.36855690872781	-5.359188323507116	-0.4911057400601976	1.08631210000857	-1.392269452893805	18.0602944198478	27.03692219203253	-67.30477654541262	-70.56848402332498	-25.95640955783975	16.24656567460728	53.39814986815833	53.39815030583265	-72.52243551069401	-72.52243492996929	-11.61672701321303	-38.1874471293164	111.1334110460575	-68.22311361010942	0	0
146.7808	-0.1021787299323073	-0.06617843883764007	1.482442780120014	0.852116976581104	1.160114384814656	-0.9584625882929206	-0.202683446619513	-0.0629063611529629	0.1426812946728556	0.5399556012291409	0.05773810957048532	-0.03125045260050015	0.2675796661759972	0.2675796666476093	1.316694385443733	1.316694384492137	-0.09989166474035825	-0.1925685413783523	-0.3682508322037463	-0.3897045312396724	-1.931358076242688	-0.6553787219518756	0.6014071763346902	-0.1490506708592904	0.8814717103801799	-0.2769583382973427	-3.18086547546538	-2.875967310846566	-3.549685061008767	0.9036979369614339	3.000492613403348	-0.3789545750747835	-3.96231487610647	-3.962314845978176	-8.448284527473994	-8.44828455121757	-8.304656852392837	-0.722179601193586	4.09739953467454	-3.222480425666127	0.0389007161339617	0.1134560605451483	0.01010476962577657	0.01005816561531144	0.01020425315976327	0.02943946573159347	0.01013711594197863	0.04230420912490152	0.04495045543640718	0.05700528051564456	0.1015567743636983	0.1115767494164467	0.06305573878803612	0.1642437336397011	0.02122557973484037	0.01036467395453414	0.01012482290045832	0.05974004460950801	0.03581010403271961	0.04082728905973967	0.02617402456980392	0.05159253497074098	0.04856161277347896	0.02871941420983925	0.1079762851358805	0.2897925684288803	0.3256033880166678	0.04736991718866965	0.1125582071991227	0.04417135542175743	0.06659949862613442	0.01003265095485002	0.01009868705236561	0.02660347808567035	0.07393263044979227	0.5372533265825066	0.2915308860064242	0.01020904914044756	0.01011581248273856	0.01017592361069171	0.02859210848724173	0.09603130589691371	0.006511205385964856	0.007295243007914112	0.002139345010309569	0.01507982601878947	0.01003622457032802	0.05615981653037831	0.001203010804270998	0.09139989521524082	0.1327402790027766	0.1438820015094772	0.108274740692876	0.1370160648052428	0.01881392281834806	0.0103583876844557	0.01005151709401683	0.09219616680313258	0.05129365970837019	0.03753494742495372	0.03444549441702662	0.06833254092498924	0.05483948893484742	0.02786211503721379	0.1426012378560833	0.001027037911592054	0.7562566267543542	0.05663416789160367	0.1252560213746727	0.02954991583724783	0.08296330485591423	0.008892299526672568	0.007313711147512389	0.04064426442881915	0.1162855006353187	0.9779204671039353	0.5354693331055446	0.00950886222492847	0.009766982748883159	0.009548825767774214	0	0	0	0	0	0	0	0	0	0	0	0	-0.08839445839572388	-0.006630379250759475	0.02653592058421298	0.06006532480865611	0.008549562266545515	-0.01238727349734042	0	0	32.07693931520389	15.72221521524647	-5.562833842094829	0.1496917599315417	-0.8639050766236348	-0.5579348223921684	23.62332308334515	35.13807969779855	-48.43701063873331	-64.97023774391492	-36.55813154070008	20.46364409393803	60.70896360068719	60.7089630192234	-66.50306436658917	-66.50306278796097	24.3186122971618	-17.35756961567445	94.4303314419134	-30.65146150907209	0	0
146.79032	-0.1190380458538955	-0.07178095701606758	1.487903251434458	0.8507162184439009	1.168433200504455	-0.9611117209286666	-0.2317844121767286	-0.08859548829584024	0.1070917902816291	0.5457447320162401	0.08450775479292817	-0.03391163031014139	0.232713864429042	0.23271386514539	1.233356944858505	1.233356943767017	-0.1773084034606755	-0.1998984947909728	-0.3253921089771193	-0.4211579880275788	-1.603597887406455	-0.5304741104233691	0.5441438963035697	-0.1439979665927869	0.8625409541624413	-0.2782522230007283	-2.920664960678904	-2.511559405150031	-3.881615679675505	0.3273931705939288	2.609752347620077	-0.1796211619671902	-3.351647528992149	-3.351647509237198	-9.048130758385899	-9.048130762609961	-7.902969828229342	-0.7831109710369709	4.856259047823837	-3.32049675675284	0.05162825826120579	0.1192988636549832	0.01042095441567184	0.01337797602075249	0.01327647813603835	0.02357994336157025	0.0101062233477778	0.04666553976478047	0.03613773528952296	0.06235538238865303	0.09952912369642873	0.1086640580677538	0.08063181433461739	0.1460568337518412	0.01800481536362269	0.0102877301015786	0.01008168404056823	0.06648126166639343	0.036802684002191	0.03367772700117694	0.04448600854656153	0.05081296386041714	0.04412019518972012	0.02774203226878558	0.1429126954613328	0.184018542205944	0.4601296801509111	0.04425083708378077	0.11923817217847	0.03212754153417016	0.06383225951963399	0.02053476321139252	0.01373737999329651	0.04314990092692572	0.07983075263574539	0.6502797466169973	0.3338724744730406	0.01005305355664757	0.01001643255641755	0.01003478885453209	0.09136503287702336	0.1505266970978353	0.0140818006936933	0.02311370591567091	0.02679332872733857	0.02172824601275359	0.010120262346232	0.04569716788556647	0.05044282494069712	0.04657594642095131	0.06702574520567235	0.07250443076086149	0.08775576333483961	0.113983274967564	0.01261528154683204	0.01012083538614487	0.01004561130082959	0.05605017581070747	0.02618311609945109	0.0192873420128801	0.08152103997687861	0.03474349461859016	0.02796441733248933	0.0261605093814033	0.2146069274275098	0.06484192598549018	0.5994790622440701	0.0288304263397812	0.127408075218656	0.01534958717173834	0.04285932680900765	0.04536765717851782	0.02421327048533786	0.07104036691081785	0.05894264680170804	0.7545412324185103	0.2682657731125906	0.01028082114346779	0.01008154585391429	0.0102356321958603	0	0	0	0	0	0	0	0	0	0	0	0	-0.1024607409768771	0.03583667008039716	0.02602426352748787	0.07785047260987098	0.006287794130519321	-0.009005590294459324	0	0	36.44145751064783	10.17266018438615	-6.56672644118238	0.9212931577032822	-3.152793827014312	0.2786477141285533	31.22701081940674	41.03088844676337	-19.80562214985659	-55.61827511040136	-45.13986492332323	20.78451925562239	67.50708938153949	67.50708784104907	-59.27760195189066	-59.27759948626505	59.8234000710294	4.399098393930765	62.82281424176445	10.15844404344605	0	0
146.79984	-0.1326085775970798	-0.07647016703552	1.492766286266284	0.8493988226372549	1.176465376152617	-0.9637362904974612	-0.2580545654625683	-0.110582694163783	0.06976515372781866	0.5465079927389125	0.1072056781735122	-0.03471496830558487	0.2039626619868079	0.2039626628121562	1.144660148237622	1.144660147224834	-0.2493235901656776	-0.2068494978742602	-0.2769182848587476	-0.4517057808528547	-1.243349891700488	-0.4653185869909423	0.4754211611873741	-0.131565008546477	0.8210654294025191	-0.2719423580524165	-2.586011548890998	-2.101737505305771	-3.902552625549429	-0.1490432670361276	2.149131572239739	0.005939206389765586	-2.678501943746801	-2.678501941319841	-9.571459114025904	-9.571459092873482	-7.174162873040767	-0.6466549996801015	5.260639020802556	-3.035329969942687	0.09021007063485376	0.1483690869884974	0.01491734920564122	0.02379730693047197	0.02856686438099862	0.02473073556246757	0.01014191213329599	0.04290365800944689	0.05865891589064624	0.04047830709350429	0.06446882490053542	0.07060549880062275	0.07805928271248939	0.1251232886950167	0.01305505983767366	0.01011776462808121	0.01006011545647058	0.05020001367356185	0.02315600759032667	0.0201774536769796	0.07751075895170655	0.0319613711172279	0.02716887987148924	0.02635557698803022	0.1934265645660515	0.1457439166758767	0.4773831777956762	0.02739366938180412	0.1236535484091381	0.0186116614953311	0.04083016335721755	0.04525890388614769	0.02489538119005922	0.06667107141127546	0.05215935426256309	0.6436471444512825	0.2475188422761852	0.01043444105779833	0.01015684613000781	0.01037315571795557	0.154137957266805	0.2050220882987568	0.02165239600142175	0.0389321688234277	0.05144731244436757	0.02837666600671771	0.01020430012213598	0.03523451924075464	0.09968263907712326	0.001751997626661788	0.001311211408568091	0.001126860012245739	0.06723678597680327	0.09095048512988511	0.006416640275316031	0.009883283087834042	0.01003970550764235	0.01990418481828234	0.001072572490531991	0.00103973660080648	0.1285965855367306	0.001154448312191081	0.001089345730131244	0.02445890372559281	0.2866126169989363	0.1286568140593883	0.4427014977337861	0.00102668478795873	0.1295601290626394	0.001149258506228858	0.002755348762101059	0.08184301483036308	0.04111282982316333	0.1014364693928166	0.001599792968097377	0.5311619977330853	0.001062213119636646	0.01105278006200711	0.01039610895894542	0.01092243862394639	0	0	0	0	0	0	0	0	0	0	0	0	-0.1165270235580304	0.0783037194115538	0.02551260647076276	0.09563562041108585	0.004026025994493128	-0.005623907091578231	0	0	38.97373141531744	3.483029908722038	-7.867226930688008	1.67588461276342	-5.559554268983963	1.024524855410085	38.92212201668882	44.73640543200811	16.4119134278241	-44.30482442731793	-51.17889541071352	17.70469196538012	73.81842660052558	73.81842461385997	-50.32178037814455	-50.32177767335791	92.61844518679715	23.59884145901551	20.90848360437491	49.01613743780561	0	0
146.80936	-0.1426570611563749	-0.08083815528567587	1.496918864361887	0.8482321728944447	1.183994691242457	-0.9662692932577193	-0.28081157281898	-0.1285279215132936	0.03395618707847714	0.5432565208706648	0.1252861285868852	-0.03393212875148926	0.1818966844472859	0.1818966852078955	1.051420993122234	1.051420992424615	-0.3129857981644376	-0.2116998887263851	-0.2265787076308378	-0.4778610018266799	-0.8658080405300891	-0.4618414091746946	0.3954158077668737	-0.1125656401741414	0.7571076949054797	-0.2592836488953807	-2.185600422350953	-1.665021683720817	-3.556488899833897	-0.5158866963975809	1.644068102157933	0.1497472193826233	-1.948234598884385	-1.948234614332238	-9.99855817966019	-9.998558135977444	-6.156783527115955	-0.3497346503876936	5.242130606319683	-2.408075399504004	0.1124886677063098	0.1656995413634886	0.01780892262495759	0.02847017451766247	0.03892017855666439	0.02845558906889929	0.0106667558361038	0.04129506220810503	0.07959519602409244	0.04499842242094636	0.04574214582816274	0.04676218585772628	0.06329760749082983	0.09676460454546931	0.01001837684763434	0.01001369176589384	0.01005453934208156	0.03509152131040968	0.01226214940006093	0.01107062527409426	0.09303148963554425	0.01584929496620853	0.01387585495335143	0.02797425825151239	0.2178861681732895	0.1214791210805671	0.4488366131357739	0.01393982325125951	0.1234435906938972	0.01049395167955362	0.02443615918945968	0.06713259725846715	0.03437312945697293	0.0706613272057967	0.02672528376621858	0.5852813856308007	0.1655910758384855	0.01052803181826626	0.01019740515103615	0.01045380483510165	0.1188641033699456	0.1694167961845076	0.01880655256564424	0.0267389681151394	0.04438168015588319	0.03413788739401639	0.01179000714529847	0.04375134770528245	0.09889480624543719	0.08753643914624175	0.05034883088005489	0.04332895782455532	0.03417848417571089	0.0459836922725427	0.00865862717617593	0.009974145849295306	0.01005888602419592	0.02340714161241436	0.005509445469397972	0.006091039521824198	0.09067291384002121	0.003766189432946663	0.004708365888777542	0.03333025060158495	0.2161487372448831	0.06483843624766503	0.3589246036083469	0.004626627150087283	0.1178018439488432	0.006437615022523651	0.0167564434782134	0.09120283783794648	0.04317624266698897	0.05123790683249944	0.006935503861140162	0.4198551328917574	0.1014169690475598	0.0102278318480821	0.01009096556609751	0.01018155942206183	0	0	0	0	0	0	0	0	0	0	0	0	-0.1151962255478519	0.1006645355158371	0.001284102674631661	0.09870695647557171	0.001337756119841721	-0.003703402592129207	0	0	40.15897718815246	-2.487929778182953	-8.837970749930308	2.281882350481018	-7.834528157741846	1.602052634826689	44.74136346483073	46.7951622608571	56.57222582945242	-32.89003238228012	-54.46681404103364	12.19232016609802	79.46963585015402	79.4696342258341	-38.93976866475556	-38.93976682313926	119.9628768509851	37.82929442245921	-24.83461378037956	81.34936562572059	0	0
146.81888	-0.1490724959305186	-0.08541445588644936	1.500276696940323	0.8472705387101366	1.190816691829508	-0.9686586906368734	-0.2995388552735203	-0.1422389089510537	0.003268109363376448	0.5370133998426325	0.138450344438269	-0.03205432820833858	0.1670262778396178	0.1670262783932455	0.9546763723981032	0.9546763721756643	-0.3658397684206134	-0.2131658175415778	-0.1784650950762319	-0.496717612123362	-0.4814903069419109	-0.5055204050964611	0.3097525969805169	-0.08886753146530604	0.6730396743292013	-0.2421041284213304	-1.74466467761207	-1.213623088088178	-2.828067680172567	-0.779765138525838	1.120514943326642	0.2338664685189211	-1.168252628376398	-1.168252654819644	-10.30294068106404	-10.30294062771885	-4.916982739336265	0.05521981911374683	4.798134676110946	-1.517457286973015	0.1055573313584107	0.158125277156209	0.01740645775014573	0.02360196882575587	0.03950852119421318	0.0332933393403269	0.01180462196202337	0.04521913047389228	0.08875226576947769	0.09199566408503981	0.06283149332726508	0.05763843087878116	0.03822689438402856	0.058495009441508	0.01002438625175003	0.0100225520430032	0.01006330633716226	0.02999074890914412	0.0100333867887503	0.01001903159051355	0.08084854842598786	0.01009689233588	0.01005209542866313	0.03363595008175006	0.1998806213460571	0.0762591032995901	0.3992097212307466	0.01002960614021595	0.1175911097640572	0.01002846761215853	0.02476811813678914	0.08177841080948212	0.03960674743983267	0.04555903588341593	0.01770456875874617	0.5070940493781445	0.1611591505793491	0.01008963528957946	0.01003768728363293	0.01005861529795243	0.08359024947308628	0.1338115040702585	0.01596070912986674	0.01454576740685111	0.0373160478673988	0.03989910878131507	0.01337571416846097	0.05226817616981026	0.0981069734137511	0.1733208806658217	0.09938645035154171	0.0855310556368649	0.001120182374618508	0.001016899415200269	0.01090061407703583	0.01006500861075657	0.01007806654074949	0.02691009840654638	0.009946318448263951	0.01114234244284192	0.05274924214331184	0.006377930553702246	0.00832738604742384	0.04220159747757708	0.14568485749083	0.001020058435941734	0.2751477094829077	0.008226569512215837	0.106043558835047	0.01172597153881844	0.03075753819432574	0.1005626608455299	0.04523965551081461	0.001039344272182329	0.01227121475418295	0.3085482680504295	0.201771724975483	0.009402883634157082	0.009785822173249602	0.009440680220177279	0	0	0	0	0	0	0	0	0	0	0	0	-0.1138654275376735	0.1230253516201203	-0.02294440112149943	0.1017782925400576	-0.001350513754809686	-0.001782898092680183	0	0	40.46927958785492	-6.228788928399267	-8.997956017822592	2.653875990732549	-9.751750377862463	1.971898103433812	47.28102788833881	47.95206289624719	95.88837066221912	-22.86213997597163	-55.11027656896963	5.352714496220196	84.22340349599973	84.2234028627612	-24.43442747179521	-24.43442738175589	138.8249979308518	46.32652568914269	-67.36426960745969	103.983438082869	0	0
146.8284	-0.1518238180621807	-0.09053292242643735	1.502826625031976	0.8465474578800917	1.196758757801012	-0.9708708621965219	-0.3140084529072656	-0.1516049498495461	-0.01877466784518256	0.5286826314327332	0.1466364751632304	-0.02969287048676169	0.1597809586908955	0.1597809589798874	0.8557447245359219	0.8557447247955646	-0.4061985845776375	-0.2104694004057447	-0.1363875589847033	-0.5062323252997835	-0.09680750394322776	-0.5711018414867949	0.2272628316312497	-0.06286036164855642	0.5730551063179523	-0.2223613629692683	-1.296816441646274	-0.7524342392947752	-1.749705418663897	-0.957701784694685	0.6017223269390721	0.2510485154805734	-0.3480145910708906	-0.348014618664415	-10.45227417384442	-10.4522741289749	-3.549882769585122	0.5171392053462205	3.988476306641576	-0.4626597995007771	0.08366376762067042	0.1302540597792702	0.01536754703072065	0.01748938076885002	0.03305764945906754	0.03125091524252102	0.01199922397957857	0.04418260406524724	0.1090699522926531	0.1153025258110442	0.0680818336271577	0.06030200767920756	0.01935316187811807	0.07074370512398243	0.01038562620382179	0.01007079642479137	0.01009315202779982	0.03885270064011868	0.01099057315961121	0.0105685977514426	0.0679436448870737	0.01206619051163881	0.01049998116597934	0.03281402145162592	0.1692306096763498	0.1085402195523287	0.3242672124479514	0.01003740512646125	0.1030835474743114	0.01166873847550804	0.02764078989022176	0.07779018408352614	0.036347029719849	0.02246651835832965	0.02300179787837276	0.4493259013787199	0.1552581329988223	0.01019132041438936	0.01006141171859556	0.01016134340804218	0.04261815945912879	0.06770860995257545	0.01192717215230275	0.01091427825099553	0.01946056525908859	0.02089919609895188	0.01113990143453521	0.03574789560729303	0.1571280524808441	0.1091618814533151	0.05029945128287111	0.04331376116532118	0.005484008119723882	0.1489386197666332	0.01047148190725889	0.01014369024574114	0.01014773109781995	0.06255262980730515	0.0132058333433648	0.01087231104903568	0.05768579018292802	0.01954029833117352	0.01292140905842598	0.02370610596315446	0.1179592838685361	0.2584091899280208	0.1381680512691973	0.01153846776354699	0.072129885868239	0.01394608549500766	0.02937236428189246	0.05120588537413401	0.02380724110926751	0.004093186186776411	0.03966412186506381	0.3772905589508963	0.1014577123774386	0.01098428413700298	0.01032192853577247	0.01089997805304437	0	0	0	0	0	0	0	0	0	0	0	0	-0.107348498090392	0.0646136827622544	-0.008287165009626533	0.1044068093472443	-0.004283503401009104	-0.003078023516331732	0	0	40.29059437903548	-7.061860325507443	-8.171078809847486	2.767658494489413	-11.16161685185001	2.147128541667572	46.25722136908718	48.96765102689253	129.2499275950399	-14.85699324671633	-53.56972914277338	-1.680854202003066	87.91694907627719	87.91694941937455	-6.318654372258682	-6.318656199630594	146.2799170406942	50.06764402290537	-100.8316711271836	115.8263004291271	0	0
146.83792	-0.1509262837547018	-0.09627043321064081	1.504642444014681	0.8460734241370189	1.201693575934989	-0.9728895083764177	-0.3243070839948873	-0.156531058438493	-0.02918578731937903	0.5189906723421187	0.1499799490832731	-0.02747691849385417	0.1604956657252784	0.1604956657776053	0.7562671081575919	0.7562671087383195	-0.4333999443798538	-0.2032579178260557	-0.1033483267601822	-0.5053273573092951	0.2844423215073776	-0.6311415582676185	0.1568697184069753	-0.03692121234586411	0.4623436638195744	-0.2016736973611715	-0.8729368255944291	-0.2805410967405197	-0.4017503862837406	-1.068868332235907	0.1058209896241576	0.2047151484971226	0.5023411248027692	0.5023411036013187	-10.41210881193807	-10.41210879145778	-2.173676373580768	0.998963114523257	2.92032012939238	0.6552352515439296	0.05088923762851238	0.08203543003784423	0.01217216674147829	0.01273663865760056	0.02009668886744436	0.01961745683002722	0.01078822379775851	0.03460346614119934	0.1474880068570093	0.09416859554634259	0.04405755633396011	0.03855463485062795	0.01320943684892483	0.1496245120642106	0.0102889575821128	0.01013667314403845	0.01014606672285864	0.06202283094698363	0.01327441469712128	0.01064328173409786	0.06421366096605433	0.02043263295210354	0.01334038469396941	0.0220401873770124	0.1388444243998579	0.2424290562655347	0.2184509528299174	0.01195564566509667	0.07834483528366494	0.01363839430229694	0.02810944661783807	0.04961259936385039	0.02286710720053874	0.01344389703760664	0.04054020264205059	0.4366706459222995	0.1033055966024996	0.01114919982521005	0.01038189263843576	0.01104911141348665	0.001646069445171283	0.001605715834892432	0.007893635174738766	0.007282789095139948	0.001605082650778387	0.001899283416588702	0.008904088700609452	0.0192276150447758	0.2161491315479372	0.04500288224080853	0.001212452214200515	0.001096466693777458	0.009847833864829255	0.2968603401180662	0.01004234973748196	0.0102223718807257	0.0102173956548904	0.09819516120806392	0.01646534823846564	0.01060227965522945	0.06262233822254422	0.0327026661086448	0.01751543206942811	0.005210614448731835	0.09023371024624227	0.5157983214200997	0.001188393055486856	0.01485036601487814	0.03821621290143099	0.01616619945119688	0.02798719036945918	0.001849109902738109	0.002374826707720414	0.007147028101370492	0.06705702897594468	0.4460328498513632	0.001143699779394192	0.01256568463984888	0.01085803489829534	0.01235927588591146	0	0	0	0	0	0	0	0	0	0	0	0	-0.1008315686431105	0.006202013904388496	0.006370071102246368	0.1070353261544311	-0.007216493047208523	-0.004373148939983281	0	0	39.69275612123432	-5.097161466246451	-6.50218479393276	2.64573168132725	-11.99761158313457	2.179433300311034	42.37034787157179	50.1597944723896	151.7006691936055	-8.844164636042398	-50.32635074408019	-7.826606388844653	90.54665222930434	90.5466531558382	15.25948883261462	15.25948568771343	140.6261697731806	50.76751065614761	-121.087193715121	117.3900048902896	0	0
146.84744	-0.1464408016456449	-0.1024490634708159	1.505872566002066	0.8458377310793473	1.205545701327152	-0.9747114095785566	-0.3307840777593666	-0.1569169802573897	-0.02596703727420669	0.508478785834218	0.1487778260522068	-0.02595734321968414	0.1694072927520865	0.1694072926487926	0.6581886531041281	0.6581886537296905	-0.4479517633781493	-0.1914604944584282	-0.08116146542440486	-0.4938536801329197	0.6549701424291227	-0.6594176949733854	0.1049615940447447	-0.01309070330492739	0.3465729766063249	-0.1811927122650603	-0.4978078134446675	0.2001324356308832	1.088858929064642	-1.133811252597427	-0.3499717835415313	0.1074595544525306	1.37205153879924	1.372051527623901	-10.15497847367576	-10.15497848501051	-0.9123526222580925	1.47733496967871	1.733999727685126	1.742886967975126	0.03043154018534781	0.05323299924867202	0.01024332992383434	0.0102368983915448	0.01135965569652647	0.01216732266014503	0.01022215472611058	0.03574127269272923	0.1687146872561231	0.07365833933255836	0.02185292716468468	0.01917523372258876	0.01121280761653596	0.1817729669629825	0.0101670063650897	0.01015197995968502	0.0101570886856858	0.08499307490068171	0.01577490671608229	0.01059540004565862	0.06517907341264161	0.02836464943656702	0.01520438058813145	0.01904214310239515	0.121841376841691	0.301001060834928	0.1287371659705695	0.01251662059754691	0.06850774495013287	0.01382658872344478	0.03347143227549067	0.0386312805305805	0.01859584105189366	0.0103968934468605	0.05121452221756253	0.4004100396134102	0.05188067923589153	0.01144409297612391	0.01048211194001037	0.01132381000344781	0.02126745063235363	0.04485058614116594	0.009437806217786194	0.009111971882555052	0.006687486544227791	0.009766494336446415	0.01050633159501063	0.05110617187295322	0.1738274000999593	0.05989895740366338	0.004351646651434884	0.00440774097107756	0.00949153438954823	0.1492500155310555	0.01009734568700532	0.01011560230881198	0.01012296801438815	0.114346160923923	0.0188005132380602	0.01052188602862962	0.06897962669413568	0.03660378202556711	0.01596928047707127	0.0259301571098678	0.1131826571023831	0.2585314651958052	0.02963828504002386	0.01138751243486396	0.07602960395136114	0.0121627935833503	0.04624368826302815	0.05074630667389004	0.02552245836045371	0.008728371629998236	0.05503722433210911	0.2418911321544488	0.00120621417109186	0.01093719851242933	0.01031398914334557	0.01085923637208671	0	0	0	0	0	0	0	0	0	0	0	0	-0.09758283936224363	-0.009940553039775759	0.01133843406835542	0.1096597916527428	-0.008769316121335979	-0.005501425823278625	0	0	37.83437446803429	-0.3927998930976652	-4.367621629223818	2.333898302397393	-12.22067206791464	2.107868817845746	36.05505476093038	50.55113556532535	158.5222562995184	-5.260825221544611	-45.02356299760424	-12.26957651340877	91.92810993082385	91.92811106021489	38.93679931498636	38.93679600281258	122.445663312352	49.40960658664644	-125.3618042353125	109.6508369817588	0	0
146.85696	-0.1385449689275517	-0.1086446273502536	1.506706219006039	0.8458126041624673	1.208294773839346	-0.9763429063621142	-0.3340086796455171	-0.1527401395605792	-0.008521917469290688	0.497467741145585	0.1435156937509446	-0.02553270783765111	0.1866382297967793	0.1866382296388572	0.5636381881531713	0.5636381885342261	-0.4514802623270291	-0.175200892390603	-0.0702130700020801	-0.4725031651126608	0.9970344979616216	-0.6308278438931563	0.07344744956891913	0.007114813496223187	0.2315511524257761	-0.1618053508117226	-0.1928295627409047	0.6741171350977867	2.557664575395975	-1.17839279151373	-0.7428583207404879	-0.02172971283090464	2.247541712500738	2.247541712237064	-9.671152281999825	-9.671152320082337	0.126746167472548	1.933012528734705	0.584957768983306	2.717446057210638	0.03168864369152481	0.06170829512735104	0.01031965627619295	0.01023375901727485	0.01048748143371661	0.0134526532052009	0.01091088073301416	0.05361279161371159	0.160023817595245	0.0710625207097262	0.01333286837118506	0.01219347660992789	0.01015853765262359	0.1281916888484073	0.01014751590743227	0.01009656020741536	0.01010701791173587	0.1037653166783106	0.01816982599495635	0.01052867951026752	0.06898148866407333	0.03394192921069692	0.01510471444426176	0.02940963963176157	0.1239208325009721	0.2235890986441552	0.08832620294518509	0.0107517905996356	0.08325684971435451	0.01159692492088459	0.04586744702320812	0.05981880027500407	0.02976290583112348	0.01001485595803404	0.04943671773833142	0.2970149693075283	0.02492156207362506	0.01062631140383971	0.0102092201039836	0.01057167521369937	0.04088883181953597	0.08809545644743944	0.01098197726083362	0.01094115466997016	0.01176989043767719	0.01763370525630413	0.0121085744894118	0.08298472870113063	0.1315056686519815	0.07479503256651825	0.007490841088669252	0.007719015248377662	0.009135234914267204	0.001639690944044957	0.01015234163652868	0.01000883273689826	0.0100285403738859	0.1304971606397821	0.02113567823765476	0.0104414924020298	0.07533691516572713	0.04050489794248941	0.01442312888471443	0.04664969977100377	0.1361316039585238	0.001264608971510693	0.05808817702456087	0.007924658854849775	0.1138429950012913	0.008159387715503711	0.06450018615659711	0.09964350344504196	0.048670090013187	0.01030971515862598	0.04301741968827354	0.03774941445753439	0.001268728562789528	0.009308712385009792	0.009769943388395789	0.009359196858261962	0	0	0	0	0	0	0	0	0	0	0	0	-0.09433411008137672	-0.02608311998394001	0.01630679703446447	0.1122842571510546	-0.01032213919546344	-0.00662970270657397	0	0	33.54506039090555	6.743332144108372	-2.312741720479706	1.895279140329441	-11.85177797030178	1.952663481521094	27.7485319644859	48.48620106294813	146.9082629607011	-4.60323566674131	-37.0380800036757	-14.45264876555195	91.70033168518033	91.70033284375549	62.48462304966319	62.48462095777243	94.57231621884233	45.89891168451737	-113.5055032216015	93.86479034332305	0	0
146.86648	-0.1276325713095724	-0.1142178776793712	1.50732610315316	0.8459587161086823	1.2099733471848	-0.9777979136174011	-0.3347261995952407	-0.1441977892345706	0.02209879082766392	0.4860184303163542	0.1349184027542639	-0.02639644340062676	0.212165187486193	0.2121651873792725	0.4747322894911814	0.474732289444702	-0.4464778343584562	-0.1548065642122122	-0.06945087091289529	-0.4426970177772344	1.283891497262799	-0.5264345061656639	0.05919281278142658	0.02277584360670124	0.122426052957242	-0.1442133160616768	0.02735300490682544	1.111366859138681	3.82831317626636	-1.230224818651026	-1.046259656291467	-0.1587478148918697	3.111856399711673	3.111856410831455	-8.973104299138104	-8.973104347590496	0.8717207086408916	2.340799608478159	-0.3852164199646586	3.508744194668519	0.03589940344735788	0.07423457470654131	0.01049424928262034	0.01043663417547961	0.01084944589198666	0.01603144785053573	0.01316469989720636	0.06837771444838865	0.1463250913695177	0.06718628613323692	0.01053428599331946	0.01014320134513666	0.01251835661467851	0.07238658876326418	0.01013032461935478	0.01005358688947179	0.01006491115646347	0.1025991012120236	0.01814976565719048	0.010540998752263	0.06867751389731652	0.03763336265317803	0.01761975809467481	0.03914179037924601	0.1289480481939227	0.1335791045340962	0.07648369848398937	0.01034188756227993	0.09757529706563492	0.01002126441250643	0.05616164812810848	0.08124050365660275	0.04054709746115116	0.01011058506439291	0.04601560786052061	0.20604028065299	0.01303518614088237	0.01002146164523049	0.01000744246063303	0.01001477886727197	0.03824869200486087	0.08421329759793809	0.01033908983925895	0.01030756902720468	0.01060282459089218	0.01841700302921357	0.01724609237294185	0.08104855456309949	0.1290780926721078	0.05402981876578347	0.009050636887227988	0.009226108156766163	0.01865936952455385	0.02330579871968507	0.01008791536803964	0.01002977231859491	0.01003541070059555	0.07637315266131792	0.01564865873282015	0.01064037680297868	0.06253977792602546	0.04099324691825446	0.02390509357607284	0.04793248077313167	0.1330881927510373	0.03559489565567914	0.07026316364954774	0.01174957505119101	0.1102660827566606	0.009319752205166131	0.06605834972539233	0.1030092932566543	0.05049879600668571	0.01008168016495741	0.04294651043113262	0.1076752280191444	0.005218702421954154	0.009753066576753674	0.00991804591403873	0.00976725475849214	0	0	0	0	0	0	0	0	0	0	0	0	-0.09428849414485604	-0.004274382197517869	0.004344844569080608	0.1100579830536209	-0.008835604697557373	-0.008142606348136081	0	0	26.21990775609217	15.31273470118443	-0.7892271614370958	1.386769166724977	-11.01022889277098	1.735045587737268	18.45162540982504	42.71280516215521	117.2842949120342	-6.675367794521248	-26.2775507022948	-13.82693937519328	89.54400035831989	89.5440016048785	83.61163599126148	83.61163595771069	61.47634655793924	39.10460186863152	-88.53891658934364	71.37299070931157	0	0
146.876	-0.1143653858997967	-0.1184042725320726	1.507867853149493	0.846230430620988	1.210656121609573	-0.9790959137132073	-0.3337675273937827	-0.131816577496398	0.06324111913512778	0.4739502222201942	0.1239553253429022	-0.02848972846864018	0.2457911036935561	0.2457911037500563	0.393370456068925	0.39337045558901	-0.4359019566604356	-0.1309054677994573	-0.07665799017731943	-0.4064622458944503	1.487152557597555	-0.3394187996911343	0.05570702019227609	0.03347417081395684	0.02279952945829069	-0.1288757160516488	0.1598591232547271	1.473876928987263	4.745192655644943	-1.311354973994894	-1.236391515793827	-0.2752221333239478	3.9455887611219	3.945588784364443	-8.092668522142143	-8.092668561949862	1.297100722179348	2.662022534849806	-1.077243826472028	4.059292271322946	0.03628884742709441	0.07800909576248619	0.01019539267498975	0.01015502441811531	0.01032614862820223	0.01757094184039913	0.01706362581168206	0.07408119946131669	0.1377583465580241	0.05427804499888302	0.0102457747394344	0.01014642064074628	0.01897208682312811	0.05340485648738479	0.01008577375311604	0.01004764296975301	0.01005117968828077	0.07426978762826135	0.014997309881906	0.0106613182779518	0.0617657184184521	0.03953701285286374	0.02407852911343534	0.04408804831205199	0.130049916856627	0.09554380586284028	0.07691280459952358	0.0123786736966256	0.1026354804954917	0.0100266084924715	0.0616343566082871	0.09277769644984138	0.04624836633243779	0.01001871867046906	0.04440341640977437	0.1795088731190505	0.01006230379334588	0.01002390300832997	0.01000832539786278	0.01001646187304252	0.03560855219018577	0.08033113874843677	0.009696202417684284	0.009673983384439195	0.009435758744107172	0.01920030080212301	0.0223836102564719	0.07911238042506835	0.126650516692234	0.0332646049650487	0.01061043268578673	0.01073320106515466	0.02818350413484049	0.04497190649532518	0.0100234890995506	0.01005071190029156	0.01004228102730519	0.02224914468285375	0.01016163922798554	0.01083926120392757	0.04974264068632377	0.04148159589401952	0.03338705826743125	0.04921526177525957	0.1300447815435507	0.0699251823398476	0.08243815027453462	0.01557449124753224	0.1066891705120299	0.01048011669482855	0.06761651329418755	0.1063750830682666	0.05232750200018441	0.00985364517128884	0.0428756011739917	0.1776010415807543	0.009168676281118782	0.01019742076849756	0.01006614843968168	0.01017531265872232	0	0	0	0	0	0	0	0	0	0	0	0	-0.09424287820833535	0.01753435558890427	-0.007617107896303259	0.1078317089561872	-0.007349070199651311	-0.009655509989698193	0	0	16.13802250106518	23.89479288648836	-0.07759612509906053	0.8633739956277622	-9.895077387031886	1.484547218426995	9.514332307200412	32.88444072435551	73.79254836579861	-10.5507442698462	-13.44563434522128	-10.27359319971678	85.32373191824406	85.32373318920578	100.7379027975781	100.7379045415642	28.14461142905941	27.6917133829475	-56.26193695130475	43.68631488125946	0	0
