inDegrees=no
num_controls=58
num_derivatives=20
num_input_controls=0
num_iterations=1352
num_multipliers=2
num_parameters=0
num_slacks=2
num_states=80
objective=2.625369
objective_accelerations=0.127899
objective_control_effort=0.722837
objective_marker_tracking=1.774634
solver_duration=5535.377059
status=Solve_Succeeded
success=true
DataType=double
version=3
OpenSimVersion=4.5.2-2025-05-03-6a4c6ec41
endheader
time	/jointset/ground_pelvis/pelvis_tilt/value	/jointset/ground_pelvis/pelvis_list/value	/jointset/ground_pelvis/pelvis_rotation/value	/jointset/ground_pelvis/pelvis_tx/value	/jointset/ground_pelvis/pelvis_ty/value	/jointset/ground_pelvis/pelvis_tz/value	/jointset/hip_r/hip_flexion_r/value	/jointset/hip_r/hip_adduction_r/value	/jointset/hip_r/hip_rotation_r/value	/jointset/hip_l/hip_flexion_l/value	/jointset/hip_l/hip_adduction_l/value	/jointset/hip_l/hip_rotation_l/value	/jointset/walker_knee_r/knee_angle_r/value	/jointset/patellofemoral_r/knee_angle_r_beta/value	/jointset/walker_knee_l/knee_angle_l/value	/jointset/patellofemoral_l/knee_angle_l_beta/value	/jointset/ankle_r/ankle_angle_r/value	/jointset/ankle_l/ankle_angle_l/value	/jointset/subtalar_r/subtalar_angle_r/value	/jointset/subtalar_l/subtalar_angle_l/value	/jointset/ground_pelvis/pelvis_tilt/speed	/jointset/ground_pelvis/pelvis_list/speed	/jointset/ground_pelvis/pelvis_rotation/speed	/jointset/ground_pelvis/pelvis_tx/speed	/jointset/ground_pelvis/pelvis_ty/speed	/jointset/ground_pelvis/pelvis_tz/speed	/jointset/hip_r/hip_flexion_r/speed	/jointset/hip_r/hip_adduction_r/speed	/jointset/hip_r/hip_rotation_r/speed	/jointset/hip_l/hip_flexion_l/speed	/jointset/hip_l/hip_adduction_l/speed	/jointset/hip_l/hip_rotation_l/speed	/jointset/walker_knee_r/knee_angle_r/speed	/jointset/patellofemoral_r/knee_angle_r_beta/speed	/jointset/walker_knee_l/knee_angle_l/speed	/jointset/patellofemoral_l/knee_angle_l_beta/speed	/jointset/ankle_r/ankle_angle_r/speed	/jointset/ankle_l/ankle_angle_l/speed	/jointset/subtalar_r/subtalar_angle_r/speed	/jointset/subtalar_l/subtalar_angle_l/speed	/forceset/addbrev_r/activation	/forceset/addlong_r/activation	/forceset/addmagDist_r/activation	/forceset/addmagIsch_r/activation	/forceset/addmagMid_r/activation	/forceset/addmagProx_r/activation	/forceset/bflh_r/activation	/forceset/bfsh_r/activation	/forceset/edl_r/activation	/forceset/ehl_r/activation	/forceset/fdl_r/activation	/forceset/fhl_r/activation	/forceset/gaslat_r/activation	/forceset/gasmed_r/activation	/forceset/glmax1_r/activation	/forceset/glmax2_r/activation	/forceset/glmax3_r/activation	/forceset/glmed1_r/activation	/forceset/glmed2_r/activation	/forceset/glmed3_r/activation	/forceset/glmin1_r/activation	/forceset/glmin2_r/activation	/forceset/glmin3_r/activation	/forceset/grac_r/activation	/forceset/iliacus_r/activation	/forceset/perbrev_r/activation	/forceset/perlong_r/activation	/forceset/piri_r/activation	/forceset/psoas_r/activation	/forceset/recfem_r/activation	/forceset/sart_r/activation	/forceset/semimem_r/activation	/forceset/semiten_r/activation	/forceset/soleus_r/activation	/forceset/tfl_r/activation	/forceset/tibant_r/activation	/forceset/tibpost_r/activation	/forceset/vasint_r/activation	/forceset/vaslat_r/activation	/forceset/vasmed_r/activation	/forceset/addbrev_r	/forceset/addlong_r	/forceset/addmagDist_r	/forceset/addmagIsch_r	/forceset/addmagMid_r	/forceset/addmagProx_r	/forceset/bflh_r	/forceset/bfsh_r	/forceset/edl_r	/forceset/ehl_r	/forceset/fdl_r	/forceset/fhl_r	/forceset/gaslat_r	/forceset/gasmed_r	/forceset/glmax1_r	/forceset/glmax2_r	/forceset/glmax3_r	/forceset/glmed1_r	/forceset/glmed2_r	/forceset/glmed3_r	/forceset/glmin1_r	/forceset/glmin2_r	/forceset/glmin3_r	/forceset/grac_r	/forceset/iliacus_r	/forceset/perbrev_r	/forceset/perlong_r	/forceset/piri_r	/forceset/psoas_r	/forceset/recfem_r	/forceset/sart_r	/forceset/semimem_r	/forceset/semiten_r	/forceset/soleus_r	/forceset/tfl_r	/forceset/tibant_r	/forceset/tibpost_r	/forceset/vasint_r	/forceset/vaslat_r	/forceset/vasmed_r	/forceset/pelvis_tx_residual	/forceset/pelvis_ty_residual	/forceset/pelvis_tz_residual	/forceset/pelvis_tilt_residual	/forceset/pelvis_list_residual	/forceset/pelvis_rotation_residual	/forceset/hip_flexion_r_reserve	/forceset/hip_adduction_r_reserve	/forceset/hip_rotation_r_reserve	/forceset/knee_angle_r_reserve	/forceset/ankle_angle_r_reserve	/forceset/subtalar_angle_r_reserve	/forceset/hip_flexion_l_torque	/forceset/hip_adduction_l_torque	/forceset/hip_rotation_l_torque	/forceset/knee_angle_l_torque	/forceset/ankle_angle_l_torque	/forceset/subtalar_angle_l_torque	lambda_cid20_p0	lambda_cid21_p0	/jointset/ground_pelvis/pelvis_tilt/accel	/jointset/ground_pelvis/pelvis_list/accel	/jointset/ground_pelvis/pelvis_rotation/accel	/jointset/ground_pelvis/pelvis_tx/accel	/jointset/ground_pelvis/pelvis_ty/accel	/jointset/ground_pelvis/pelvis_tz/accel	/jointset/hip_r/hip_flexion_r/accel	/jointset/hip_r/hip_adduction_r/accel	/jointset/hip_r/hip_rotation_r/accel	/jointset/hip_l/hip_flexion_l/accel	/jointset/hip_l/hip_adduction_l/accel	/jointset/hip_l/hip_rotation_l/accel	/jointset/walker_knee_r/knee_angle_r/accel	/jointset/patellofemoral_r/knee_angle_r_beta/accel	/jointset/walker_knee_l/knee_angle_l/accel	/jointset/patellofemoral_l/knee_angle_l_beta/accel	/jointset/ankle_r/ankle_angle_r/accel	/jointset/ankle_l/ankle_angle_l/accel	/jointset/subtalar_r/subtalar_angle_r/accel	/jointset/subtalar_l/subtalar_angle_l/accel	gamma_cid20_p0	gamma_cid21_p0
13.27332770999742	-0.07509939914381505	0.05688641315909353	-0.01987201551341579	2.339344869508384	1.033809012787097	1.032699191046748	0.05133547156798589	0.007710627364288947	0.05870297277633944	0.5707127232440656	-0.1390198681646876	-0.1520665306785152	0.5711369465032077	0.5711369465032077	1.214805541406955	1.214805541406955	0.03838295593503302	0.08686290231081085	-0.01693239026069536	-0.2332043149041091	0.1720743477764296	1.0677753704894	1.022215023956883	0.115987019809528	0.829333491864481	-0.1324948451704989	-4.640336597427764	-2.228391906747958	-1.201666699422504	1.771833665445006	1.941191048934526	-1.27347821071552	-1.510573153220207	-1.510573153220207	-5.79190603704122	-5.79190603704122	-5.853610329261568	-2.65345702344752	-1.336163634511848	-1.645642505806829	0.1880752016123726	0.5922520213142204	0.01306956007255685	0.01123677387903319	0.04175991394113585	0.2119221444901691	0.01201016906887087	0.08596003050544622	0.01056916088448378	0.01073409910658006	0.01112343890629884	0.01063685563530023	0.03162926559414979	0.2032843658421617	0.01362319884385849	0.01096478227072454	0.0107517303759699	0.01073447200906981	0.01462506123044026	0.1082821354629473	0.01170036110729979	0.02123969143820504	0.07157757537872697	0.141543176204867	0.04734931378815203	0.01528410527051159	0.03492968656776542	0.3536158880432354	0.432887885394338	0.4048389430427874	0.1169704725960937	0.01177378021705532	0.01464862578643706	0.01016626839911493	0.02386161395603905	0.01008144623877658	0.01032798673632749	0.01068580765678235	0.01022833938558211	0.0104570824770573	0.1880752016123726	0.5922520213142204	0.01306956007255685	0.01123677387903319	0.04175991394113585	0.2119221444901691	0.01201016906887087	0.08596003050544622	0.01056916088448378	0.01073409910658006	0.01112343890629884	0.01063685563530023	0.03162926559414979	0.2032843658421617	0.01362319884385849	0.01096478227072454	0.0107517303759699	0.01073447200906981	0.01462506123044026	0.1082821354629473	0.01170036110729979	0.02123969143820504	0.07157757537872697	0.141543176204867	0.04734931378815203	0.01528410527051159	0.03492968656776542	0.3536158880432354	0.432887885394338	0.4048389430427874	0.1169704725960937	0.01177378021705532	0.01464862578643706	0.01016626839911493	0.02386161395603905	0.01008144623877658	0.01032798673632749	0.01068580765678235	0.01022833938558211	0.0104570824770573	-6.678984329780481e-05	-1.512614724550135e-05	-2.977565615127394e-05	-3.885826316672551e-06	-0.0004625624660441936	0.001645119951809119	0.002501257857475571	0.0002058496000464871	-0.004936674747211302	-0.001364395726993757	-0.02270267273341381	-0.0027678611969358	-0.3283559179524098	0.2103575568682718	-0.006777028848252317	0.1181535792069649	-0.008316654320273068	0.005180343494855208	-2.720405125508977	0.06374446772949939	-4.231863421531984	-20.42803709413094	-38.11032362747696	0.7185611099361385	-4.515384610734754	1.886961532493369	75.34787199746624	42.45663559106375	-0.1984353252867009	-75.13344288024288	-0.4155812388507339	5.045014540801791	67.41679448931188	67.41679448931188	-54.42013033594277	-54.42013033594277	-74.28887814900958	-55.56268850925303	55.25294417343256	54.72694981342396	1.44712218408755e-17	2.785835126252687e-16
13.29066102599741	-0.07344802526070286	0.07179708407377411	-0.004316953677369222	2.34151462690301	1.047371161383599	1.030429073687622	-0.02031725766342448	-0.02475916842360921	0.03295457834247258	0.5923758271880321	-0.1044167618030805	-0.1695145714509853	0.5478865169349297	0.5478865169349297	1.107002668257016	1.107002668257016	-0.06683228277682617	0.03295683173946898	-0.02910538448615305	-0.2536101809990992	0.02700713199468119	0.6430066529232535	0.7657664599657792	0.1336037609791078	0.7307117245361224	-0.1283817259212557	-3.66766589570731	-1.519220678866781	-1.700018748378502	0.7505931890769264	2.012786431133462	-0.7034913154846839	-1.224905776511744	-1.224905776511744	-6.632785971988361	-6.632785971988361	-5.960837610824313	-3.515196222769383	-0.1893224550458689	-0.6992348421384743	0.1870178404375421	0.5491079715462444	0.01240304897050805	0.01100000758420339	0.04085098561674073	0.1960428920510175	0.01139378375320311	0.0707660787035809	0.07762834400704402	0.04123851845634133	0.01127482458685529	0.0106508208232933	0.04048577379621408	0.2099830592277147	0.01269700416073456	0.01072720110235284	0.01057809213547758	0.01071513195365523	0.01406328618358977	0.08588704936399996	0.01317550644349388	0.03017166527189113	0.07132416774704951	0.1252230320211994	0.116342853464781	0.04701903302570007	0.0834219544701702	0.3081547749691457	0.4072403927738061	0.3572821318851683	0.1063883740501515	0.01120676765499772	0.01317288913595299	0.0178725154585176	0.04765177775638051	0.1513515201619543	0.01035209991223588	0.01059776784426513	0.01019908017230889	0.01040077117101448	0.1855546884210877	0.4654219724933119	0.01175692674907147	0.01077140347851872	0.03990270465619089	0.1736198285109183	0.01079790097301679	0.05365144744285492	0.1518340301960651	0.07266819688957099	0.01142107385938618	0.01066429025092883	0.04967508412879075	0.2195388456393991	0.01179831634767452	0.01049798019951924	0.01041063716223551	0.0106964760928187	0.01351628335372196	0.05972447962461459	0.01460706760248177	0.03920346935322812	0.07104057003791196	0.1046998991328483	0.1988941181757705	0.08016187037611019	0.1380733876785318	0.2334426791472193	0.3617006813281862	0.275402431562112	0.09358541140070328	0.01065890774267111	0.01173874137337569	0.02542401468852178	0.07261131658522799	0.3282337251133244	0.01037533791510733	0.01051286225917385	0.01017089402064888	0.01034649448146736	1.555028310345444e-05	-5.267185302454755e-05	0.0005094437006066678	-0.0004587965988197816	-9.114079339052534e-05	-0.001337362704696507	0.001789741408156363	0.0001636099122650566	-0.002250704206844019	-0.0008926064305776777	-0.005095485604037927	-0.003038799084800911	-0.3000617954512886	0.1597394017773877	0.02079897101042436	0.1033914622612591	-0.006534855413304034	0.003360992288624214	-2.598538063249607	0.05141268041237864	-9.69909551021232	-27.3826920219221	-3.729027500250543	1.098950156133327	-6.693977593493259	-0.4957797791531864	43.0058727445555	40.0476625815683	-37.03152557724244	-48.83380094555285	3.055146914209672	49.94190773384632	-13.55071336709822	-13.55071336709822	-44.33710296221064	-44.33710296221064	56.05802461900926	-42.35425523153178	61.15625863289291	55.37219562600328	-8.269352727364322e-18	4.532179212481894e-16
13.3079943419974	-0.07386716397279169	0.0788416553486385	0.006437577333895463	2.343949904093741	1.058973246273952	1.028285386347762	-0.077209700496218	-0.04499356006917594	0.002170964570067753	0.5975248888482146	-0.07058468487070775	-0.1751969171776936	0.5268454655866026	0.5268454655866026	0.9853584579909598	0.9853584579909598	-0.1569653721055744	-0.03321926128841382	-0.02768705012506598	-0.2571099675844499	-0.06683119057548444	0.160147581343949	0.46830706718923	0.1466239499968641	0.6031720688396361	-0.1179067514362713	-2.937224925244154	-0.8166130939302688	-1.782654127164573	-0.1336346573838477	1.852226025827036	0.08410334445453585	-1.255644642143434	-1.255644642143434	-7.388984993672725	-7.388984993672725	-4.113360583267468	-4.06923026112996	0.2320681552450422	0.3050609267789439	0.1848167178417036	0.4506834171401493	0.01112636275967455	0.01054718356088103	0.03907847501474913	0.1622998880602742	0.01021397708960469	0.04001567692108511	0.202086919789871	0.09850343646476609	0.01156424727956785	0.01067751410400051	0.05752933846222014	0.2239189534995562	0.01092189734443737	0.01027289939091704	0.01024612478034748	0.01067816340901212	0.01298621907222204	0.03971322162391928	0.01599396316007273	0.04725097017260405	0.07082212408816872	0.09134070138355135	0.2470086461039796	0.1067291922102018	0.1751327849519541	0.205533307873448	0.3499660537925686	0.2491901005575046	0.08476585648803227	0.01012167507359534	0.01034141920991532	0.03251658228047099	0.09281777558607236	0.4128210725304412	0.01039818039194829	0.01042946894027212	0.01014316700641817	0.01029314404522545	0.1830341752298027	0.3385919236724033	0.01044429342558609	0.01030603307800425	0.03804549537124594	0.1353175125316675	0.009585632877162705	0.02134286438026364	0.2930988995076463	0.1346022946725619	0.01171870881247351	0.01069172486655743	0.0677209026634317	0.2357933254366366	0.009973433851490547	0.01003117812831395	0.01006954394850113	0.01065848017656758	0.01240750547700366	0.01116682378628193	0.01751377409766375	0.0571672472682512	0.07050356469709694	0.06785662206082969	0.3504389225633889	0.1450396354817088	0.2412170887892982	0.1132694702512032	0.2905134772620344	0.1459659200814367	0.07020035020531291	0.009544035268286909	0.008828856960314319	0.04068176097792862	0.1213610192144169	0.6463860039878722	0.01042268909388717	0.01033991686156535	0.01011344865571564	0.01023590648587741	9.789040950471356e-05	-9.021755880359375e-05	0.00104866305736461	-0.0009137073713228906	0.0002802808792631427	-0.004319845361202134	0.001078224958837155	0.0001213702244836261	0.0004352663335232635	-0.0004208171341615986	0.01251170152533796	-0.003309736972666022	-0.2717676729501675	0.1091212466865036	0.04837497086910103	0.08862934531555329	-0.004753056506334999	0.001541641082393219	-2.368301848471761	0.04466523939063757	1.67916862930074	-27.13077695223825	-42.84234706551541	0.1881891774304795	-7.852067374510679	2.621022486063254	47.39825967199933	41.6992914170271	47.7689207386209	-59.3242774663812	-27.2028142767144	30.15362788500916	30.90834540313644	30.90834540313644	-44.64924595781047	-44.64924595781047	151.2541522925362	-20.05821135538089	-28.45297443733925	61.40635325233772	-3.100992729560648e-17	6.27852329871128e-16
13.32532765799739	-0.07610056930781067	0.0808521562765373	0.008199955115358627	2.34651174442776	1.068053627156961	1.026645891371719	-0.1193674772528687	-0.0571078608925879	-0.02081113701042932	0.5882214053920115	-0.03929144571844736	-0.1698700644126251	0.5107193509241706	0.5107193509241706	0.85077718549958	0.85077718549958	-0.2326378615422522	-0.1055730831845739	-0.03384004719657114	-0.2427667878480477	-0.2209953964745902	0.1288179013696237	-0.1999464027168144	0.1484729104225584	0.4382014061829436	-0.07508625335450445	-1.910237717873993	-0.6396727470860193	-0.8639950540630127	-0.8463633126222349	1.831040782971122	0.5732601278633757	-0.5458971496035013	-0.5458971496035013	-8.054470327389025	-8.054470327389025	-4.48622630739014	-4.161113815658108	-0.9127370756672371	1.313184971897768	0.1719138439553836	0.3656735552112971	0.01089403351520543	0.01045451776339107	0.03590016720762785	0.1328587832879998	0.01048139759333232	0.05523031334403165	0.2407190318195589	0.1088757007084383	0.01176236986757017	0.01072803800136391	0.05025944568915643	0.1839626706869066	0.01018783904198944	0.01010062261170976	0.01013538285790205	0.01069162774680423	0.011870775558872	0.01513173333641943	0.02050938720157464	0.04827688094421957	0.05914523119722093	0.08769715841387342	0.2948297517100011	0.110524354074371	0.1838632486993574	0.1174706279827202	0.3025182219594375	0.1429475683476437	0.08304722204788599	0.02095594370468442	0.0183990374530802	0.03161772365516125	0.0943807226046661	0.4520165067829899	0.01045821572113141	0.01029248873652797	0.01009714633538104	0.01020223546003757	0.1557380849762607	0.3045049435710643	0.01116597117039454	0.01054065342063244	0.03337828928249454	0.1151557746962708	0.01119649639524331	0.08548924505357064	0.223642420791273	0.09350971550562404	0.01184150147026638	0.01076643281231526	0.03494422927427473	0.1185519262085817	0.01016974086247424	0.01011053591221936	0.01015718535882301	0.01071894269579949	0.01121152905720769	0.01084052225736813	0.02385381220644969	0.04199432100787532	0.04658961405978431	0.100838060547976	0.2850304447732602	0.08561627814314061	0.1434082475293029	0.07022400159382053	0.2712547433775147	0.07356124918604739	0.09188539404205368	0.03207267534549227	0.02741977241344797	0.02468669068991495	0.07446349878083704	0.3243521171491623	0.01049824851476932	0.01022564938827478	0.01007444952086059	0.01015630476678911	5.139212896634177e-05	1.577360226289444e-05	0.001328478726073192	-0.0009079426751240579	0.0002130164639193352	-0.006622832563698714	0.004170304071352409	-5.799320899915186e-05	-0.0009116653664602043	0.003202721701334752	0.006926858849084637	-0.001160051813387582	-0.2200304441646365	0.1317051790149661	0.009586089355274278	0.08959523064174664	-0.0009787962050165962	0.002524855845707758	-2.134089801054139	0.02512721929844002	-16.78776638804827	15.78550848622267	-30.7827115688001	0.02260814981855349	-10.90100440836869	2.064507682900656	66.63744671591358	-10.59830273436188	56.05928743304311	-23.92657084493045	18.04253007089226	30.9515498957834	51.08645052434722	51.08645052434722	-27.89514700833876	-27.89514700833876	-96.48310806300097	12.30495078798531	-82.30832246354505	53.35915843431101	-3.363859009292424e-17	4.179307647482194e-16
13.34266097399739	-0.08257268708906745	0.08528279446876366	0.001759758243874846	2.349079612769758	1.073943600665093	1.02554996126298	-0.1428453050502919	-0.06919618183647772	-0.02760284089562988	0.5714250281891318	-0.004595169461163302	-0.1538427527599867	0.5099721223141015	0.5099721223141015	0.70908960673864	0.70908960673864	-0.3079164849161239	-0.1733740844045078	-0.05831308113204629	-0.2128598513064593	-0.5559138849935286	0.4393944680133729	-0.4781448007569411	0.1473194900743698	0.2350477728449102	-0.05518766556678457	-0.7818440437975983	-0.8136154125261832	0.08547055195669694	-0.9982001850278266	2.244884545988462	1.318772912305817	0.5188439845416912	0.5188439845416912	-8.208944229350825	-8.208944229350825	-4.067914453651396	-3.543904273162261	-1.881784365989581	2.100880815505739	0.1473396564476234	0.312673286693118	0.01156247862074301	0.01067116178797367	0.03134409836455573	0.1102556582141567	0.01201741513968841	0.1126884936608738	0.1957581656466578	0.07502576649342174	0.01188936406226417	0.01080140919379009	0.01957642912286048	0.07809507570258069	0.01033264083806286	0.01016626101867403	0.01021221450818586	0.01074950047546819	0.01067764434560857	0.01253121475199324	0.02669481484744865	0.03459301653013441	0.03628006425769562	0.1150766811769159	0.2583852668059691	0.05967192287513348	0.1057319487814895	0.06025120772259168	0.2740495771334319	0.05440516854885784	0.1013572929910717	0.0424242524718539	0.03613456469248287	0.01671126923302751	0.0535658615836796	0.2339421207027393	0.01053292007922499	0.01017695830808698	0.01005776320950226	0.01012200755648661	0.1284419947227187	0.2704179634697254	0.01188764891520298	0.01077527376326063	0.02871108319374314	0.09499403686087403	0.01280735991332391	0.1496356257268776	0.1541859420748997	0.05241713633868614	0.01196429412805924	0.01084114075807309	0.002167555885117751	0.001310526980526833	0.01036604787345794	0.01018989369612478	0.01024482676914489	0.0107794052150314	0.01001555263741172	0.01051422072845432	0.03019385031523563	0.02682139474749944	0.02267566342247168	0.1338194990351223	0.2196219669831315	0.02619292080457246	0.04559940626930758	0.0271785329364378	0.251996009492995	0.001156578290658105	0.1135704378787944	0.05460131542269764	0.04601068786658163	0.008691620401901284	0.02756597834725719	0.00231823031045242	0.01057380793565147	0.01011138191498421	0.01003545038600554	0.0100767030477008	4.893848427970087e-06	0.0001217647633293827	0.001608294394781774	-0.0009021779789252255	0.0001457520485755276	-0.008925819766195294	0.007262383183867663	-0.0002373566424819299	-0.002258597066443672	0.006826260536831104	0.001342016172831314	0.0009896333458908582	-0.1682932153791055	0.1542891113434287	-0.02920279215855247	0.09056111596794002	0.002795464096301807	0.003508070609022296	-1.931660627102486	0.003934308350509449	-19.17711560620431	12.31998326216366	2.16405238697169	-0.1582397198312207	-12.257799166553	-0.02381596193565403	59.09901753117399	1.212749513034709	51.32352424532016	5.394069886548511	22.99289044284997	59.73319604539081	71.86919116460753	71.86919116460753	14.31367051526708	14.31367051526708	242.5439641048601	61.76030473517115	-8.173191781785732	35.97230456702538	-3.443889727470455e-17	1.730495656484077e-16
13.35999428999738	-0.09097000654470785	0.09255306126473545	-0.006104445069184906	2.351578256776509	1.0764672671886	1.024591017322763	-0.1526497563539078	-0.08020865671622972	-0.01777009454590407	0.5509884887211068	0.03524068059810707	-0.1204804415505995	0.5280206470770241	0.5280206470770241	0.5700743876587587	0.5700743876587587	-0.3534547328445887	-0.2272147749655887	-0.1028070016517734	-0.1711867371915821	-0.4249589850270264	0.3903685374075113	-0.4513804777885724	0.140381799970601	0.05533021486033914	-0.05355184073826322	-0.3366030337698137	-0.4591349846675071	1.023481720856802	-1.316212208051807	2.301694987501379	2.525387979692232	1.556388141832154	1.556388141832154	-7.769145103886826	-7.769145103886826	-1.395784892194262	-2.798888440001778	-3.2386513483508	2.664159914526071	0.1243374610824368	0.2770266679947302	0.01131527625544088	0.01061609973469342	0.02305140113357109	0.08383984166015726	0.0119108929546128	0.1441940135844033	0.1494486037496174	0.05420343156421788	0.01155433104321961	0.01068565862776158	0.0104858561594509	0.01656305760944935	0.01030035044617239	0.01015433694428577	0.01018758676433811	0.01931573378022313	0.01649778725093795	0.01086206532662313	0.04810496684232893	0.0439483947409082	0.03659114398188924	0.1224803534196993	0.2532804910656001	0.02906733946235111	0.08390545109778014	0.02724507238204263	0.264595176243356	0.01158878893443724	0.1176045261899809	0.05972435719036259	0.04207808204950885	0.01003425222610609	0.05916810908088475	0.108512449051249	0.01043077415087158	0.0101125723437307	0.01003617028154158	0.01007767670684742	0.1094491320162182	0.2534173419766579	0.01083967488763535	0.01048721903459824	0.01665757567398226	0.06424215964279666	0.01123235574471653	0.1552372790615296	0.1186719165646213	0.04785638553360621	0.01117580597569277	0.01054508441664416	0.01410906897447846	0.005551465303645239	0.01024492414401275	0.01012565408134275	0.01014013086992411	0.02771673568333299	0.02267158648749124	0.01071368920727542	0.06795918596981752	0.05950713887186667	0.04686025507054137	0.117274139774863	0.2753924026951875	0.02110134702724414	0.101774477762798	0.01657689733250629	0.2671372250566912	0.005491611164169378	0.1280684274810752	0.06919879574147529	0.04091631238096918	0.009349921586520626	0.08443188630351735	0.1026835749288202	0.01030255427156276	0.01009827538098207	0.01003161429638484	0.01006795022038673	1.307308865272107e-05	-5.191676278320796e-05	0.002053110298883089	-0.001343677972090868	0.00142000601179819	-0.01318941852414053	0.006804960669636443	-0.001273882332885251	-1.825616890052922e-05	0.005859511951860485	0.003220939153615956	2.126248099049019e-05	-0.1545938310674768	0.1232075354002542	-0.01772812628156568	0.0888233784310636	-0.00124483542400025	0.006561751242215606	-1.883468401475837	0.00250607814661366	19.88703224270897	-11.19140357152767	-0.6797927360119874	-0.5735336254035726	-9.494090787927725	0.3185838837530214	10.09188816648819	29.88993764298283	53.29727705603274	-26.439734700845	-10.89576896217602	74.08996712429052	53.22192643951282	53.22192643951282	36.28061940554678	36.28061940554678	91.85936793411972	22.30788489191982	-112.1678752667012	27.00340221817593	2.869841643421466e-17	3.75835720951904e-17
13.37732760599737	-0.0977188648392933	0.09849957847167959	-0.01465478018537761	2.353925235689739	1.075833473608781	1.023759642619117	-0.1540691865870894	-0.08518491551660129	0.00699047822828853	0.5273096590837241	0.07346804295581531	-0.06648119085674362	0.5636740666639865	0.5636740666639865	0.4419138458090551	0.4419138458090551	-0.3635587089920764	-0.2749226185581607	-0.1701187941112692	-0.1220069429670457	-0.3657066377413833	0.2866539780773103	-0.5573139341337624	0.1298196540913123	-0.1292749110924239	-0.04046812355063641	0.1856593549102473	-0.1171282453409253	1.807913784916191	-1.37231096329547	2.059289625597817	3.699960618625724	2.550180034037171	2.550180034037171	-6.956480219558016	-6.956480219558016	0.02065945580652469	-2.836267376850913	-4.514618376490528	2.967037078930813	0.1041474377217317	0.2542137631899916	0.01031149707376873	0.01034081049844045	0.01114864831598344	0.05280958990663331	0.01041773705673319	0.1537681819880276	0.1099700745549733	0.0474418748175005	0.01079096887303668	0.01039948215125775	0.02101689681518586	0.01185955428410477	0.0101840662994672	0.01009293991243346	0.0100872425750361	0.03554291419525257	0.02864263590828899	0.01095406988197296	0.08346710749246071	0.07399694939280511	0.05844382448379238	0.1098357248584994	0.2925640852043461	0.02088241310497169	0.1272944147407976	0.01369709928207909	0.2730800807661644	0.01076621383305204	0.132133666853105	0.07428510719978279	0.03793128135685137	0.01022902431672931	0.1091401642736845	0.1535587875476279	0.01016873671333031	0.01009667487158912	0.01003137074301671	0.01006699029003777	0.09045626930971767	0.2364167204835905	0.009791700860067714	0.01019916430593585	0.004604068154221383	0.0334902824247193	0.009657351576109153	0.1608389323961816	0.083157891054343	0.04329563472852627	0.0103873178233263	0.01024902807521522	0.02605058206383917	0.009792403626763646	0.01012380041456755	0.01006141446656073	0.01003543497070332	0.04465406615163459	0.03532762033757077	0.01091315768609652	0.1057245216243994	0.09219288299623392	0.07104484671861107	0.1007287805146038	0.3311628384072435	0.01600977324991582	0.1579495492562885	0.005975261728574774	0.2822784406203875	0.009826644037680653	0.142566417083356	0.08379627606025294	0.03582193689535673	0.01000822277113997	0.1412977942597775	0.203048919547188	0.01003130060747404	0.01008516884697993	0.01002777820676414	0.01005919739307265	2.125232887747216e-05	-0.0002255982888957986	0.002497926202984403	-0.001785177965256511	0.002694259975020852	-0.01745301728208576	0.006347538155405225	-0.002310408023288572	0.002222084728642614	0.004892763366889865	0.005099862134400598	-0.000947108383909878	-0.140894446755848	0.09212595945707976	-0.006253460404578884	0.08708564089418716	-0.005285134944302307	0.009615431875408918	-1.989408233123222	-0.006650541770421462	-27.45049534276423	6.009750560657863	-13.14724515282106	-0.5764465736751977	-12.82174988067999	1.297096015796844	67.98610857045522	-0.2265236799423927	33.60284058146809	35.6148617743152	-11.53204447631131	56.03598906515239	66.82084783717175	66.82084783717175	57.33668571501275	57.33668571501275	97.65706381907796	-28.51610515777822	1.161427655317989	5.925897449573619	1.046232543212675e-16	-7.599938034872374e-17
13.39466092199736	-0.1034368740385766	0.1098087855190615	-0.02461338665929184	2.356133128612426	1.071965589638318	1.023179489306395	-0.1465320875905962	-0.093191049213209	0.0392536175298178	0.5031935618038087	0.1142439412640469	0.006005074486907563	0.6170340982074556	0.6170340982074556	0.3289875554119507	0.3289875554119507	-0.3488948260354426	-0.305204434326776	-0.2474393047086305	-0.07642325911409366	-0.2972955257900264	1.004334086510356	-0.4052928838276588	0.1254280392530228	-0.3177801603480406	-0.03864952231973278	0.6562377805700385	-0.7144773468404224	1.854957881765249	-1.411324210242402	2.732757880680345	4.636665942247898	3.619805214907506	3.619805214907506	-5.993442659117573	-5.993442659117573	1.520550497466837	0.5945884306753583	-4.339040344762533	2.226548397751908	0.1477540729763935	0.3078138409192771	0.01569784167961554	0.01055767474631087	0.04941550717136312	0.09817358288949705	0.01742832111845756	0.148003427669055	0.1411034808028442	0.04841995029298941	0.01134973500999037	0.01052797567364786	0.02336666580293339	0.01979088379052497	0.01017053638336806	0.01009375210529728	0.01014769783287267	0.03259451052883239	0.02603714321733703	0.01073194479411309	0.07729159176888478	0.06757678319557293	0.05229931642851515	0.1330053686877884	0.2971637971553088	0.07150278792522585	0.1168898200326102	0.01396006678634348	0.2921618094467223	0.01010590306625542	0.1248688727227935	0.09435373588900564	0.05873543959299576	0.01004771313293558	0.1031387793767334	0.1913683029149784	0.01037350793135617	0.01010937234150662	0.01003592379828471	0.01007639641795348	0.2141667160257603	0.4069104207803528	0.02133266263576224	0.01086988110247807	0.09458678741687905	0.1660519760287112	0.02485196698620962	0.1350968416719188	0.2012342404468599	0.05251914479809676	0.01218358024274685	0.01076137186257656	0.02200575212930081	0.02912580393441006	0.01020135784328694	0.01011747458031248	0.01024362775205329	0.02287380356469897	0.01851544739011846	0.01054740544362658	0.0535205554180913	0.04681827735516002	0.03635238131651343	0.1690407177648084	0.2737556956192116	0.1309189430123249	0.08058786306270514	0.01982505080947948	0.3149290424120647	0.01015261056274457	0.1078599172277956	0.110446003221044	0.08276251299998123	0.01003372777880213	0.07139374463860335	0.2037827366686374	0.01067088179096202	0.01012997382902468	0.01004292203612053	0.01009112517350026	0.0002714673775312386	4.429473768672649e-05	0.002215787990525916	-0.0006831324331324721	0.000890329976722325	-0.01817649167591164	0.003809937165002216	0.0009170845883575418	-0.0001870416316410367	0.003555255727624415	0.001533161185753236	0.003500356837197707	-0.162967112087864	0.208706123921537	-0.04841478707198621	0.08069806380154781	0.02105116721785645	0.0003678231655493247	-2.256737999680413	-0.01471365978194191	19.36582161720627	57.89735161989198	35.8656541048103	-0.04936808452888846	-9.967892698547342	-1.544932535199748	4.327030225515138	-43.60333969728092	-17.90546857717081	-21.27061952052512	71.58721708500845	50.69086359992466	60.28291984140778	60.28291984140778	61.59865764217225	61.59865764217225	67.92173168247658	419.5384981401713	20.49363876915238	-72.76185160177599	1.801407165899448e-16	-5.714967084313878e-17
13.41199423799736	-0.1081371146483016	0.1328338386156797	-0.02224082986453119	2.358290409532268	1.064790747969601	1.021997664788675	-0.1322822907520181	-0.1067578690186925	0.0692224874168131	0.4783489349909932	0.17122410894408	0.09331410480252232	0.6896130038574305	0.6896130038574305	0.2369163254576097	0.2369163254576097	-0.3160733180006944	-0.2108944362552097	-0.3181831953299246	-0.04711062796321005	-0.2482716830496391	1.638483720204148	0.865514019695777	0.1239798017694065	-0.5108473347710792	-0.109891793551121	0.9602021881555267	-0.7587465149066818	1.543190126207724	-1.456372147306706	3.929014884377937	5.410281364173805	4.767744648507308	4.767744648507308	-4.550124685190251	-4.550124685190251	2.115772136856442	11.53972551916938	-3.755776851179356	1.08960604356796	0.2521269956460083	0.4405901151775027	0.02678957799008698	0.01120326117974219	0.1310347376925491	0.2126293298536013	0.03198161144017945	0.1258734510800683	0.2395242348807577	0.0567855982684827	0.0130752830073185	0.01101914144979481	0.01975250048261925	0.03818487108513656	0.01024313503890447	0.01014681078410101	0.01034783796928678	0.01212421106952317	0.01013928643295775	0.01037401508381948	0.02983900493442221	0.02594176450821749	0.02001507586501394	0.1918034087584068	0.2565117270448228	0.1736815821061783	0.04820696452948157	0.02690802375059359	0.3207036668329086	0.01037748789165083	0.09447884293120634	0.1195480316453219	0.1018294173919377	0.01006195071028652	0.04099167226139423	0.1991495981921935	0.01098912801609253	0.01015243240744557	0.01005049325701978	0.01010710136531272	0.3378771627418029	0.5774041210771151	0.03287362441145677	0.01154059789902028	0.1845695066795367	0.298613669632703	0.04004658239631009	0.1093547509476561	0.3193105898393768	0.06174265486766725	0.01397984266216739	0.01127371564993789	0.01796092219476244	0.04845920424205648	0.01027891527200634	0.01017353469406424	0.01045182053340327	0.001093540977763361	0.001703274442666144	0.01018165320115664	0.001316589211783169	0.001443671714086136	0.001659915914415791	0.2373526550150131	0.2163485528311797	0.245828112774734	0.003226176869121777	0.03367483989038419	0.3475796442037419	0.0104785770878085	0.07315341737223525	0.137095730381835	0.1297030891046058	0.0100592327864643	0.00148969501742921	0.2045165537900867	0.01131046297444999	0.01017477881106944	0.01005806586547693	0.01012305295392788	0.0005216824261850051	0.0003141877642692516	0.00193364977806743	0.000418913098991567	-0.0009136000215762023	-0.01889996606973751	0.001272336174599207	0.004144577200003656	-0.002596167991924687	0.002217748088358965	-0.002033539762894126	0.007947822058305293	-0.1850397774198801	0.3252862883859942	-0.09057611373939353	0.07431048670890847	0.0473874693800152	-0.008879785544310268	-2.958125508104203	-0.007158301919841635	-29.68749018102582	-3.628390778171044	115.9435593092721	-0.2368257700534792	-13.3481263879131	-7.133013083042025	48.76139495254417	63.59045553320831	-7.798568405334462	34.9185506798454	48.78979453190818	37.21790466672095	75.85711680376808	75.85711680376808	112.7537119190113	112.7537119190113	-6.727971597239806	838.5172173722128	48.20210491007579	-39.81880287265206	2.555223869858201e-16	5.844259312270628e-18
13.42932755399735	-0.113945234844296	0.1494060478631293	0.008826377292758664	2.360122051046528	1.054424092144377	1.019056171964447	-0.1105930699954218	-0.09753870383561199	0.09694577158771116	0.4575158516598042	0.2339292266635537	0.16741518937395	0.7819300447186842	0.7819300447186842	0.1848060652367493	0.1848060652367493	-0.282698854259009	-0.07200730647092204	-0.3721045213894004	-0.05351016448356453	-0.2616599966991547	0.2101355934589106	2.456114207304421	0.08011931329162351	-0.6686328678311325	-0.2141785731450288	1.45289963567895	1.738163456930015	1.555827541298323	-0.9794621908186588	3.128381753859554	3.09940302493411	5.81019251395032	5.81019251395032	-1.076729556764925	-1.076729556764925	1.72941778737707	4.718967558364541	-2.455302812444546	-1.616961899520907	0.2679513409953269	0.4893467215428653	0.02607661452959631	0.01109624131377596	0.1326610555721175	0.2154001267621682	0.02929663618551838	0.168509762160534	0.2623647161599684	0.06167026474713575	0.01270414377329132	0.01091029797833079	0.01571675372788859	0.05014564556111825	0.0102088578693008	0.01012760345076746	0.01031846408568099	0.1512743759133464	0.01389649163883023	0.01024804574226005	0.1080628784908343	0.07015889194727094	0.03670612831791707	0.2023911719542587	0.3457679549664744	0.1827637275778186	0.05924516057323483	0.02662650624946187	0.3851123019278767	0.01042381004055329	0.13598670586593	0.1074111978693226	0.09801451582167571	0.01005171619396817	0.1112515117586834	0.2236963654668402	0.01087279941758067	0.01013766977118703	0.0100458769082506	0.01009685343024495	0.2229348215580384	0.4663254451494048	0.02089248841289372	0.01074729847568069	0.09295121015088725	0.15015731795861	0.02064847907249672	0.2378359030020862	0.2327448323312171	0.06330246793781925	0.01168513950921618	0.01061992423587736	0.01306247216218574	0.05510246603150618	0.01014979936009364	0.01008965750868663	0.01021448291397439	0.3355621232705637	0.02369939429869015	0.01026662738793338	0.2233243735480249	0.1377323788603084	0.06748259635248163	0.1814025704641681	0.5240335221127442	0.137785958384409	0.1043619721888064	0.02136918256856025	0.472932020002088	0.01039487940861101	0.2045670793081278	0.07940407440168137	0.07228384988756788	0.01004383880526918	0.2263445148344363	0.2549441889685156	0.01052661365706496	0.0101071896445918	0.010035921410084	0.01007537645197891	0.0004103505377555462	-7.097510075171749e-05	0.002845557194867249	-0.0009538236124726923	0.001307603600719239	-0.02458954796826805	0.004436173593670144	-0.0008317366857090446	-0.001054723869669142	0.004619920519803151	-0.0008480434377626991	-0.004770013464057579	-0.2587482422350914	0.01263897946690195	0.01378136468526806	0.1515070487890469	0.03364021734671914	0.1214145626130101	-4.097642699188675	0.02800494836031481	27.55179169505836	-127.2934187010818	56.9122172397062	-4.304125457239378	-5.537559581205128	-4.131425179080633	10.51115822175248	176.9855982414804	-3.645890434370842	21.04132053237517	-109.0685065920236	-222.0894326229433	45.876074482367	45.876074482367	277.5987000488598	277.5987000488598	-30.56500435999372	-989.3329349807702	89.35895126378563	-196.0488434193814	1.779870940395999e-16	-1.422343972345864e-16
13.44666086999734	-0.111653118565996	0.1379151003692407	0.05378521226704186	2.360816739138543	1.042189515563426	1.015104358163732	-0.08501792387004883	-0.04942517013012774	0.1196971566037327	0.4432844403760225	0.2735102692184067	0.1993577277550574	0.8884661010724743	0.8884661010724743	0.2129666937097639	0.2129666937097639	-0.256318298884756	-0.03921811390710899	-0.4029321831610004	-0.09584875640183675	0.6863719217052807	-1.599576064934579	2.468395755308233	-0.007207262753783123	-0.726376868269183	-0.2264674074136983	1.408578640621789	3.729069725496626	0.9695088808096973	-0.6946399954887538	1.260849697216861	0.545828862374473	6.408401922919507	6.408401922919507	4.711910195372827	4.711910195372827	1.308781902854432	-0.7023564022035712	-1.091120614843959	-3.057212187627253	0.1842890123242376	0.4313185156735408	0.01485728165940733	0.01034077040762813	0.05422215877146033	0.09551587408376917	0.0110174161712237	0.2752817103171983	0.2022808224073667	0.06358242870923676	0.01051768840953574	0.01028645384116969	0.0108474966226526	0.05716789757899687	0.01008489719520684	0.01004723701123905	0.01009244981660573	0.4252154745901531	0.03459918411421961	0.01032149183520461	0.2955268503050659	0.1896026588961397	0.09667869585047427	0.1606137401824375	0.5777173183381148	0.09575659363694228	0.1469525503131437	0.01514011629766772	0.4883581605518633	0.01034721714301886	0.246611851908754	0.05556422231124039	0.04720188525110942	0.01003660189614269	0.2997739819145148	0.2670812724432695	0.01012555396981445	0.01007294964753175	0.01002468286008977	0.0100512082149745	0.1079924803742738	0.3552467692216946	0.008911352414330668	0.0099539990523411	0.001332913622237771	0.001700966284517061	0.001250375748683338	0.3663170550565162	0.1461790748230574	0.06486228100797128	0.009390436356264969	0.00996613282181682	0.008164022129609047	0.06174572782095588	0.01002068344818094	0.01000578032330902	0.00997714529454552	0.6700307055633641	0.04569551415471416	0.01035160157471012	0.4453321578842666	0.2740210860065306	0.1333052767905475	0.1254524859133232	0.8317184913943085	0.0297438039940839	0.2054977675084911	0.00906352524673632	0.598284395800434	0.01031118172941352	0.3359807412440203	0.02171241842152775	0.01486461067053002	0.01002844482407406	0.4511993346514434	0.3053718241469445	0.009742764339679919	0.01003960047811416	0.01001377695469108	0.01002769995002994	0.0002990186493260871	-0.0004561379657726866	0.003757464611667068	-0.002326560323936952	0.00352880722301468	-0.03027912986679859	0.007600011012741081	-0.005808050571421745	0.000486720252586402	0.007022092951247338	0.0003374528873687283	-0.01748784898642045	-0.3324567070503027	-0.3000083294521902	0.1181388431099297	0.2287036108691853	0.01989296531342307	0.2517089107703305	-4.629143686089745	0.02620623452945817	81.24572445077143	-47.63191920267143	-66.17031198985396	-5.252148581642815	-1.804861080565358	3.482145069648384	-13.202333462818	5.205354463071143	-76.90895392873854	12.75455607451679	-74.31405081710514	9.214512434092011	24.59878210612281	24.59878210612281	379.8975894913656	379.8975894913656	-10.68353728856856	999.9905327190694	55.55305366861747	106.2949188160415	2.399331942229262e-17	-3.958493471326351e-16
13.46399418599733	-0.09964871870466531	0.1134171303231867	0.08309867782358396	2.360111285059484	1.028842688628735	1.012021233136682	-0.04945816957469767	0.0006241447220094164	0.1265124381142989	0.4404796274797091	0.2933473091622832	0.2075197278223037	1.005963573095322	1.005963573095322	0.3287375711994737	0.3287375711994737	-0.2349736691919066	0.02346209823488946	-0.4139421316091355	-0.161488721698941	0.6457503355243859	-1.237013587140702	0.89518840996194	-0.07101710044712735	-0.8012547431472143	-0.1266668624479168	2.703509623175769	2.096983591760577	-0.02343790814249909	0.2652547174545105	0.9810832528954229	0.3582586364711063	7.060568772240914	7.060568772240914	8.088515139001341	8.088515139001341	1.166397076825607	6.894469965921733	-0.2337701055551548	-4.225603511612372	0.1328807297310443	0.3588823030577339	0.01010912101768022	0.01012852141527721	0.01158930030405254	0.02879676321131529	0.02392756383934391	0.3237647212017882	0.1972905423827452	0.07869741661806012	0.01053282781978197	0.01021733619358577	0.01452860981984488	0.08626447863567518	0.01006023167226932	0.01003070716571752	0.01002682058691478	0.4904412551861894	0.03520035522984678	0.01032346280216477	0.335377996013625	0.208966718207453	0.09892609040535721	0.1523351374658056	0.6374241953436427	0.05385188421800018	0.1835649852477052	0.01011895126531062	0.4996219892568288	0.01026208516858531	0.2854602721932815	0.05515352800388908	0.07916124694864839	0.01002879463998866	0.3373701365362674	0.3128394220064952	0.01011985411139962	0.01005189642760088	0.01001785330444354	0.01003595069851676	0.1215844013932208	0.2930199790457546	0.009814864908679062	0.01020540140327258	0.005444484724721721	0.02154315983147471	0.04398892381912208	0.3277393089561519	0.2326688645523305	0.09480293370906434	0.01136742206695203	0.01038379712408509	0.02007325298582487	0.1159514629711587	0.01008320365255285	0.01004495635267779	0.01004751826746749	0.4033471441950327	0.02760836957193255	0.0103034490737817	0.2763065498363128	0.1685489333774695	0.07350933595053262	0.1678523049000568	0.5427951990986944	0.05386392079369837	0.1864428166374829	0.009652957433801311	0.4303423531536442	0.01020628017596282	0.2731745481600524	0.07941186726222428	0.1397581272898462	0.01002721282240207	0.2733587181897322	0.3551164043148163	0.01039286350255713	0.01005588979332781	0.01001921324854498	0.01003836506574811	0.0007959119434414623	-0.0005659368813608132	0.003998496378599912	-0.002333149030839667	0.001147615713949699	-0.03751428647586048	0.00693993706589261	-0.003315997669102868	0.002704654490813516	0.009608683392935906	0.004078309729695116	-0.003559350356612384	-0.2823029679518912	-0.3811213061080257	0.1421321961416153	0.05311349794747967	-0.03553097674020118	0.4681430830194547	-6.010380465898927	-0.04200505953791164	-48.72492777929736	54.33503372536351	-104.6798433193819	-2.621240064262895	-4.505316062507332	7.121498217255753	119.4445405056844	-139.4166200356332	-33.65422155295845	67.53893186242783	8.882717648113875	-24.10031576983793	36.4844108208228	36.4844108208228	53.98941776225539	53.98941776225539	-5.91258656658081	67.40342376471803	41.70005742369554	-129.0726862693563	5.898130035074797e-17	-3.093596498922331e-16
13.48132750199732	-0.09110453669545894	0.09468887614561143	0.08416865167807112	2.358464856555349	1.014842177078747	1.010803768984982	0.009016882756122268	0.02504257530853712	0.1244206114803633	0.4488138382177073	0.3058932260825558	0.2104710164156984	1.130166202826643	1.130166202826643	0.4740323960110142	0.4740323960110142	-0.2154556406053183	0.1637288128839807	-0.4129259106346082	-0.2322470288975774	0.2871156164344504	-0.9338389528342489	-0.7904719307211024	-0.1157813434522925	-0.8018020916132327	-0.01119862960446317	4.052654134944865	0.7716570451276806	-0.05823539437756321	0.5906332475902467	0.4195654301317503	-0.05540767815289814	7.18207473987807	7.18207473987807	8.118522908352158	8.118522908352158	1.098020025985398	8.249941300916552	0.2965157061771163	-3.647790689921284	0.1322402004361214	0.2907744764823365	0.01067065779342186	0.01035459634471238	0.0105923722622554	0.03590228300090796	0.06378003707807844	0.308832788306705	0.2611954914636618	0.1062745746866508	0.01240010151697436	0.01060837364294133	0.02587914498948069	0.1356399961691246	0.01011801777391101	0.01006686141086601	0.01008980897527787	0.3278420367311681	0.01851995523145671	0.01027804513825823	0.2212313465143555	0.1285557617537254	0.04680846163494603	0.1841678014091042	0.4721310577520347	0.06831914524721913	0.1751596300242672	0.01036589509404081	0.3912294476909789	0.01015825060069403	0.2485427053217207	0.1052599485161541	0.1873250495185524	0.01002720608864577	0.2160001010034314	0.3601221493966716	0.01073409253889426	0.01006615919814439	0.01002262469099918	0.01004520973982019	0.1351763224121678	0.2307931888698145	0.01071837740302745	0.01045680375420405	0.009556055827205673	0.04138535337843236	0.08672747188956083	0.2891615628557875	0.3191586542816037	0.1247435864101574	0.0133444077776391	0.01080146142635335	0.03198248384204069	0.1701571981213615	0.01014572385692475	0.01008413238204656	0.01011789124038945	0.1366635828267012	0.009521224989150935	0.01025529657285328	0.107280941788359	0.06307678074840828	0.01371339511051777	0.2102521238867904	0.2538719068030803	0.07798403759331284	0.1673878657664747	0.01024238962086631	0.2624003105068544	0.01010137862251212	0.2103683550760845	0.1371113161029208	0.2646516439091623	0.01002598082073008	0.09551810172802114	0.404860984482688	0.01104296266543434	0.01007217910854146	0.01002464954239888	0.01004903018146628	0.001292805237556837	-0.0006757357969489399	0.004239528145532757	-0.002339737737742383	-0.001233575795115281	-0.04474944308492237	0.006279863119044138	-0.0008239447667839905	0.004922588729040629	0.01219527383462447	0.007819166572021504	0.01036914827319568	-0.2321492288534798	-0.4622342827638613	0.166125549173301	-0.1224766149742259	-0.09095491879382543	0.684577255268579	-10.40482210845565	-0.01433911440485461	44.55186472892901	-54.48436953444299	-79.14567058099716	-3.054577766204201	6.771746697432372	5.289957017192536	-6.946919990273005	40.60072683190013	33.64684540216416	-60.45892284755594	-106.8238577625691	-16.87352389095269	-36.63138085686577	-36.63138085686577	-6.248624456294424	-6.248624456294424	-2.144170073587858	279.8334625850813	17.81478159688234	307.7802140332972	2.289562495262018e-16	2.006193816139718e-17
13.49866081799732	-0.08280414141180448	0.07115753732992633	0.0626041801891563	2.356010913531353	1.002028125126491	1.011131311415735	0.08056943900631161	0.04435246791992591	0.1255222826702951	0.4523709550815599	0.3003595915106876	0.2101773183257248	1.247989131338026	1.247989131338026	0.6117280943939	0.6117280943939	-0.1944448488282729	0.2960507463750759	-0.4041860312200947	-0.2884083461914931	0.5773208461197645	-1.655430556774853	-1.60504099107233	-0.1633613393956022	-0.669854682396146	0.04478411591066947	4.244772027672312	1.339770230222942	0.1228858093426187	-0.179152510072968	-0.9112986119382607	0.01312875343414343	6.364590353501778	6.364590353501778	7.520679427429836	7.520679427429836	1.319154372326332	6.672933048872767	0.7132460042873431	-2.713340866106261	0.1241300740739303	0.2282273025110492	0.01116941432149605	0.01068190981406008	0.01682367889921564	0.04052619120333768	0.1396112280651803	0.2910549594172777	0.2761462233143119	0.1052273929177523	0.01239488612521702	0.0106383771653781	0.02610414035959776	0.1543752237179498	0.01015584265736016	0.0100935124021292	0.01014185639196604	0.1877964575602754	0.01077279931896417	0.01027351642200016	0.1341090365973282	0.06809116466821712	0.01784337134348328	0.1934327296867644	0.3162494897040744	0.0800801435765913	0.1631123544572615	0.01026893429843982	0.2726668663927823	0.01017701671790297	0.205923268568734	0.1217658864805242	0.2567425516336707	0.01003120474000683	0.1159510309900021	0.3784788258060275	0.01072502575347197	0.01010149928335449	0.01003574879012286	0.01006965260506141	0.1117739850194293	0.1796257615909284	0.01161626732475078	0.01092315326433177	0.02367875797808639	0.04126342170580113	0.2152279864279223	0.2780911608414589	0.2529304629692232	0.08994085736385413	0.01170166943770694	0.01052675478422702	0.02184393840190396	0.1518171543573568	0.01017211177393714	0.01010660953658487	0.01017154812788236	0.1198896414067836	0.009730860317308165	0.01028570781778281	0.1003523401456786	0.04465042366743195	0.01203555408162359	0.1859591109574609	0.215759057334751	0.0860998972483876	0.152885004798176	0.01026537233604787	0.1785151819109557	0.01023647932422334	0.1731625971921588	0.1173934378571085	0.296463093878841	0.01003594650950556	0.07201864497857745	0.3739353803032447	0.01049142502807284	0.01013115234231417	0.01004691223141523	0.01009040996351476	0.001004630914529169	-0.0006386951806753548	0.004999783318533174	-0.003627515979490005	-0.002725967091454218	-0.04837703903813076	0.004949921083201306	0.001239040603406131	0.00165663224189007	0.007227190908010516	0.002457704246572533	-9.512336784664867e-05	-0.1357649495992223	-0.4476454403820007	0.2198832338835424	-0.3445882783874674	-0.2250943734616772	0.8807261821669178	-16.06942075012524	-0.03543591362134514	-5.236248455552206	-24.30916752381349	-22.89685416869923	-2.24363904932346	8.628841820384739	1.835540680584658	23.67775470891346	18.76951510252681	-6.55514065061242	-36.29635439218527	-49.05839087396372	13.64169058470049	-56.60818833881085	-56.60818833881085	-70.14114642573135	-70.14114642573135	19.58996634176588	-306.2494087512922	27.26947593965498	-62.72375920978369	1.678083674173086e-16	1.868008647685359e-16
13.51599413399731	-0.07432524777699052	0.04166477625671731	0.03174080734032242	2.352940504553706	0.991859395304815	1.012210409422009	0.1576024268889791	0.06744439874795886	0.1265151759953766	0.4426394079263171	0.2793893774920029	0.2106352705149329	1.349130654015805	1.349130654015805	0.7261247007278449	0.7261247007278449	-0.1699728731908426	0.3830949867515213	-0.3881545539122301	-0.3221831557740186	0.3077116006257709	-1.621696055021379	-1.863423160586604	-0.1869121015427587	-0.4965723097779172	0.07551940813539794	4.685012263358477	1.208046506514764	-0.07078669902697282	-0.9426756725381418	-1.361580133339694	0.03132128694324343	5.257295218912532	5.257295218912532	5.430163445113542	5.430163445113542	1.497387793859305	3.025586871022994	1.137854765980193	-1.064729524775352	0.1031552905061639	0.1713924778107591	0.01204457711775846	0.01114043118456278	0.03034827696177388	0.04080733319880137	0.2517381197353669	0.2779306042542437	0.2307096783215274	0.07520651330550988	0.01084435660701441	0.01038037794993974	0.01667716912776198	0.142787863274618	0.01018285065399087	0.0101162152637497	0.01019542211735474	0.1311259167447824	0.01045832513094014	0.01030202193022	0.1065251753900844	0.04098480441443631	0.01334229848838061	0.1763696146156412	0.23295463248735	0.08853457219283797	0.1489602787477531	0.0102853626834215	0.1706527570783682	0.01030577955258617	0.1660204654961066	0.1076905091125932	0.2951057062741384	0.01004084686429147	0.0715038887784413	0.3627049730787614	0.01020321236406986	0.01015918670749991	0.01005751562774725	0.01011011212974482	0.08837164762669078	0.1284583343120422	0.0125141572464741	0.01138950277445948	0.03780146012896712	0.04114149003316991	0.3437285009662839	0.2670207588271302	0.1867022716568426	0.05513812831755085	0.01005893109777479	0.0102520481421007	0.01170539296176723	0.1334771105933521	0.01019849969094953	0.01012908669112318	0.01022520501537528	0.103115699986866	0.009940495645465394	0.01031611906271234	0.09342373850299815	0.02622406658645564	0.01035771305272942	0.1616660980281313	0.1776462078664216	0.09421575690346234	0.1383821438298773	0.01028835505122944	0.094630053315057	0.01037158002593456	0.1359568393082331	0.0976755596112963	0.3282745438485196	0.01004591219828105	0.04851918822913377	0.3430097761238015	0.009939887390711324	0.01019012557608687	0.01006917492043158	0.01013178974556323	0.0007164565915015019	-0.0006016545644017698	0.005760038491533594	-0.004915294221237628	-0.004218358387793156	-0.05200463499133916	0.003619979047358475	0.003302025973596253	-0.00160932424526049	0.002259107981396559	-0.002903758078876437	-0.01055939500888898	-0.03938067034496475	-0.43305659800014	0.2736409185937838	-0.5666999418007089	-0.3592338281295289	1.076875109065256	-21.49598716197822	-0.02882244141228439	-20.04217777045056	32.66872981417043	-14.9701959243034	-0.2819710940400138	11.54117032083631	2.376786416666151	21.68260974989237	-40.14976647287664	-9.598626161379819	-59.73631498671222	-5.218080694982157	-22.68244101655829	-70.07111601349706	-70.07111601349706	-178.4802391565304	-178.4802391565304	-7.094281732312892	40.94807841427134	18.72383599623986	390.1835484577365	-1.244623459759144e-16	1.908571299292167e-16
13.5333274499973	-0.06886780810421102	0.01550130630678686	-0.00029212085016579	2.349661211704336	0.9852385077385163	1.013645201247539	0.2375939704283581	0.08514025816308643	0.1212124315851451	0.4154905985911115	0.2542783211370436	0.2089717996052866	1.427813577763295	1.427813577763295	0.7994877356803457	0.7994877356803457	-0.1446001690267321	0.4323235385216326	-0.3653024149195046	-0.3420120296783554	0.2929050485699247	-1.442885017200857	-1.782287387169577	-0.1877084806706107	-0.2663782920578138	0.08599496169162882	4.53683426021425	0.8633448360018536	-0.5751232008335737	-2.142390980225562	-1.55989454100656	-0.1691520777656773	3.779509022536401	3.779509022536401	3.063392029633236	3.063392029633236	1.453456358812561	2.381777077753803	1.500647888830537	-1.274900441272423	0.103367400534538	0.1516713107417589	0.01441168308442998	0.03074727030382482	0.03665508904798843	0.03584518196383058	0.3039366347513578	0.2573884834122561	0.2034603393536487	0.06721697693714843	0.01089542351719929	0.01040085853491439	0.01208792300492028	0.1192680814215398	0.01019669931221808	0.01012721530868812	0.010227067217657	0.1889264942358423	0.01447495920033479	0.01031717852996496	0.1220924731420034	0.04172695083485526	0.0112153434999929	0.1617415723421818	0.1959558090097896	0.09190277132086572	0.1341149489421916	0.01025927780536228	0.1151394678705048	0.01031399393594228	0.1331747572549431	0.1119661406024774	0.3128086924454784	0.01004240511626203	0.05429505348206737	0.3271095760868903	0.01021604837681631	0.01018459866099954	0.01006746729499278	0.01012808591015555	0.1146835425444696	0.1576662438021545	0.01637209005759409	0.05032480403101012	0.03760420990472474	0.03047738089037941	0.3112079562757931	0.2343434050289678	0.1977176168882465	0.0730262917823865	0.01151626405440887	0.01051399116603124	0.01122659841296259	0.09686552927838443	0.01019865133813557	0.01012844296488428	0.01023587817425731	0.2897010601419878	0.01876126571895232	0.01032152412027536	0.1512430086000059	0.053317110359295	0.01132264550793874	0.1533066245671472	0.1848382052431913	0.09155183123057943	0.12311810344327	0.01023196788445686	0.0999315325523384	0.01027402066833609	0.1132594429649482	0.1247068850549598	0.314881599566735	0.01004021964664176	0.05221747250134474	0.2833743506694546	0.0104200202389008	0.01018656128954944	0.01006856599687492	0.010129621494034	0.0008388623404113526	-0.000509568066917291	0.006201081886662459	-0.005407041888901865	-0.002894340531072652	-0.06179156087354083	0.001809985037647494	0.0007172953102266919	0.0006418014228215106	0.006329831380968062	0.003333244598283634	-0.001055442339380977	0.009422478100128015	-0.4885658430701971	0.3547088833195952	-0.6151641746397313	-0.5063560163917624	1.191885993173506	-25.67663675765069	-0.03170622261035399	6.222469781350434	-4.816525351949999	18.86803421126691	0.3974305224663895	14.23649933307736	-0.6313571324591972	-24.35293138871274	-7.197074046061328	-41.79223341455866	-69.84362627028369	-16.6333774184804	-1.324995160940087	-96.48485571683146	-96.48485571683146	-113.1034461729296	-113.1034461729296	1.754934351052611	-99.80124670636472	22.18206404900341	-217.7520319919586	-2.43813540563496e-16	1.485265103494262e-16
13.55066076599729	-0.06517961858766654	-0.009940012118000156	-0.02829788680447142	2.346563621265291	0.9826595795984513	1.015051557032209	0.3146033762682635	0.09839838020518905	0.1053970484747399	0.370016295208791	0.2244796254671449	0.2066470920178747	1.478697374544946	1.478697374544946	0.8333130070953217	0.8333130070953217	-0.1187814247983111	0.4562040652337932	-0.3360727011941849	-0.368171255639995	0.1035671476848763	-1.538370795717994	-1.398750130199989	-0.1659464178472612	-0.03019190960112226	0.07223832321654472	4.340919107787434	0.6959993745029854	-1.283784685122462	-3.057157869380708	-1.902462133638019	-0.04497532909559308	2.049700438334958	2.049700438334958	0.8681092441121243	0.8681092441121243	1.548854006592123	0.1008118241753986	1.873729509462298	-1.795155492582755	0.1253983374869765	0.1706181464464546	0.01817041356580239	0.06736991608479022	0.03696682307573737	0.02560657463534475	0.2933728518858204	0.2274674304886163	0.2050203076781831	0.0817368144845316	0.01227386427212364	0.01064956228712144	0.01134720026007124	0.08405846369605573	0.01019759618134856	0.0101272041244144	0.01023888137940122	0.3401230775011646	0.02296663932738353	0.01032311559630819	0.1716984633299384	0.06606439567107068	0.01199981161243921	0.1519416159611489	0.1920936134884723	0.09008792560547205	0.1187044069675865	0.01020454051469603	0.107498514962754	0.01022220152664661	0.1076878043320206	0.1350745112614399	0.3081467406874724	0.01003710575501841	0.05538984399268913	0.273436277728143	0.01067061437128558	0.01018261004339862	0.01006743127379233	0.01012701169021404	0.1409954374622485	0.1868741532922667	0.02023002286871409	0.08926010528756076	0.03740695968048236	0.01981327174758891	0.2786874115853023	0.2016660512308055	0.2087329621196505	0.09091445524722214	0.01297359701104295	0.01077593418996178	0.01074780386415795	0.06025394796341681	0.01019880298532161	0.01012779923864538	0.01024655133313933	0.4762864202971097	0.02758203579243925	0.01032692917783838	0.2090622786970135	0.08041015413213438	0.01228757796314806	0.1449471511061631	0.192030202619961	0.08888790555769652	0.1078540630566626	0.01017558071768428	0.1052330117896198	0.01017646131073761	0.09056204662166328	0.1517382104986232	0.3014886552849504	0.01003452709500246	0.05591575677355572	0.2237389252151077	0.01090015308709027	0.010182997003012	0.01006795707331826	0.01012745324250476	0.0009612680893212034	-0.0004174815694328125	0.006642125281791323	-0.005898789556566102	-0.001570322674352149	-0.07157848675574252	-8.972063486741792e-09	-0.001867435353142869	0.002892927090903511	0.01040055478053957	0.009570247275443707	0.008448510330127027	0.05822562654522078	-0.5440750881402541	0.4357768480454066	-0.6636284074787535	-0.6534782046539959	1.306896877281757	-28.17385594757093	-0.03401752610879396	-40.18043046592793	1.01906551014671	19.92231783967541	2.320928657076452	12.23259771263959	-0.4192385368194774	16.17447163222248	-19.68556804551028	-33.17460925456047	-26.85761843120004	-21.86269560474982	14.77722490993271	-99.15065138058145	-99.15065138058145	-158.6930697586759	-158.6930697586759	8.982166977947633	-147.9546636011571	19.91097154277018	354.4045740464467	-1.210774088231418e-16	4.125425213298397e-17
13.56799408199728	-0.06635130807012452	-0.03452244658625295	-0.04987913365942037	2.34406330019762	0.9840723281967468	1.016264126539024	0.3884324119398853	0.1056273615015533	0.08018938352379368	0.3108175714115624	0.1914475022374414	0.2056909254765139	1.4995454603086	1.4995454603086	0.8268131028723151	0.8268131028723151	-0.09067428467069678	0.4548830259010117	-0.3013415336377792	-0.3905102348799286	-0.2060135390579153	-1.320845881070167	-1.062058690483871	-0.1206778097751902	0.1912214037730811	0.06591104865956288	4.112035212770084	0.1707964932960219	-1.614594055360547	-3.747167504132174	-1.914426041423266	-0.04037353516301002	0.3454260023347804	0.3454260023347804	-1.49626198190694	-1.49626198190694	1.694579575206994	-0.4498372491718376	2.09662242698429	-0.9128695540657743	0.137408287432875	0.1864919623176933	0.01778445513945523	0.06611855314702261	0.03451021472608476	0.02841067887950514	0.2497899360693188	0.2045699493467206	0.1973072488136461	0.08106022910347153	0.01261224822354528	0.01077618949442483	0.01093791090954192	0.05310683993708465	0.01020771296733197	0.01014038244261735	0.0102695757063935	0.373540750037935	0.02289729657413376	0.01033940418677416	0.1811850020300363	0.07047637994782256	0.01261222572147425	0.1385157651286137	0.1945690288895598	0.07689381548690168	0.1131748509681924	0.01020449832117328	0.1169285610904811	0.010265990929396	0.09514096908151451	0.1727679280935087	0.2773673157817602	0.01004287104396068	0.06535608486513919	0.2364434021015818	0.01075358079372562	0.01022559636703435	0.01008117813407601	0.0101533823191961	0.140635604191011	0.1956309437114295	0.01590033955919889	0.04828392099633078	0.0316626581782012	0.03549122162792185	0.19420325127975	0.1914334770955256	0.1835714952618339	0.07339840446122989	0.01243017812316582	0.01080634922777028	0.01097874484724227	0.03638978077357733	0.01021658055811705	0.01015264211241968	0.0102935672296997	0.3179328197513245	0.01944374559964157	0.01035232570569884	0.1648953415888838	0.06459702776854438	0.01299605853849932	0.1265313185494583	0.1980774217603888	0.0627365474689926	0.1145452039850091	0.01022553204792838	0.1301851565880393	0.01034146873176027	0.09295606146503586	0.2099056875650706	0.2339987401065116	0.01005029886228006	0.07591837577114584	0.2186981699567454	0.01066650473598155	0.01026672618609655	0.01009403369331523	0.01017846067941682	0.001115598312818955	-0.0002444727507908193	0.00764818561377132	-0.00908016687858078	-0.00144119692880431	-0.07783179550724871	0.0001956933267082632	-0.0001285878462868567	0.002563711073392618	0.00562256178002563	0.003398980701633245	0.002119286005974353	0.06319596554905572	-0.4909271505178971	0.3807718157076095	-0.5690412933818632	-0.7209033828734778	1.284571314025267	-28.49802805315089	-0.05354043638531644	-3.866424336510592	16.34348780678594	21.7144573089287	2.919244396546475	12.87313088295337	-0.4904696900965773	-33.58780752388427	-32.77927462079969	-11.15768747617427	-44.00736177119834	9.421298838378416	-4.828806649232361	-98.81221523618767	-98.81221523618767	-114.7191244281241	-114.7191244281241	8.145652097990469	9.311684679575229	6.123241129394747	-112.1393183623194	-3.274592617262732e-17	-1.054568070694051e-17
13.58532739799728	-0.07118612755282526	-0.05651896467517729	-0.06409885097902839	2.342445115692667	0.9892199374559937	1.01727536650942	0.4548731018173003	0.1054522875678085	0.04977814113907526	0.2410264697579274	0.1579227575668102	0.2061133860284137	1.490310754508627	1.490310754508627	0.7856663206840977	0.7856663206840977	-0.06002570038375624	0.4337943442210043	-0.2646758038094095	-0.4043395593139539	-0.319102121166437	-1.239995530497004	-0.5493420267137038	-0.06416132805627149	0.4007539822239502	0.04900796886089049	3.48841681749167	-0.1583155448249026	-1.884198066355985	-4.279356536549884	-1.959303125970681	0.1140971868916829	-1.421394367026045	-1.421394367026045	-3.129611441903899	-3.129611441903899	1.842097856681437	-2.180072266005007	2.0969484563695	-0.8132712638625185	0.139176302576129	0.1966132550142674	0.01369754963726052	0.02905020452022771	0.02902483828985474	0.04299360671093853	0.1732195402722772	0.1910352241381839	0.1759134517800718	0.0656625705787468	0.01211907618921475	0.01081189084723433	0.0111330779538151	0.0274233710708774	0.01022507327085275	0.01016459089906994	0.01031570006249091	0.2698815093328281	0.0152903341252695	0.01036430284609441	0.1478187521383233	0.05698321065564391	0.01331464923752817	0.1208040039217617	0.1998022326467037	0.05205348984189502	0.1178133839495593	0.0102517267864903	0.1390747262158252	0.01042437708876564	0.09516225811016163	0.2251060361227996	0.2185102490923804	0.01005810001942887	0.08398176697757408	0.2225172294922732	0.01053733657561275	0.01030710232769589	0.01010658507223591	0.01020304862436562	0.1402757709197735	0.2043877341305924	0.0115706562496837	0.007307736705100794	0.02591835667592003	0.05116917150825479	0.1097190909741977	0.1812009029602457	0.1584100284040173	0.05588235367523763	0.0118867592352887	0.01083676426557878	0.01120968583032659	0.01252561358373785	0.01023435813091249	0.01017748498619397	0.01034058312626007	0.1595792192055394	0.01130545540684391	0.01037772223355931	0.1207284044807541	0.04878390140495437	0.01370453911385058	0.1081154859927535	0.2041246409008166	0.03658518938028869	0.1212363449133556	0.01027548337817247	0.1551373013864587	0.01050647615278292	0.09535007630840844	0.268073164631518	0.1665088249280727	0.01006607062955767	0.09592099476873595	0.213657414698383	0.01043285638487283	0.01035045536918111	0.0101201103133122	0.01022946811632887	0.001269928536316705	-7.146393214882594e-05	0.008654245945751317	-0.01226154420059546	-0.00131207118325647	-0.0840851042587549	0.0003913956254800131	0.001610259660569156	0.002234495055881725	0.0008445687795116938	-0.002772285872177218	-0.004209938318178321	0.06816630455289066	-0.4377792128955401	0.3257667833698124	-0.4744541792849729	-0.7883285610929595	1.262245750768778	-26.76211635302469	-0.06728609167754242	-17.50824187439032	-14.75109226863303	40.23294092577475	3.618761529546175	10.86174231216807	-1.639524977301527	-29.37186240579322	2.940321090316601	-26.1124453567034	-8.647530721055311	-25.66037364421829	32.06981083200061	-106.3674970621205	-106.3674970621205	-74.34432009964533	-74.34432009964533	9.189018668596146	-284.0608701096479	-5.769848923075099	264.0943704692344	-1.322374170180072e-17	4.859903720619343e-17
13.60266071399727	-0.07791964957061963	-0.07996431606972514	-0.06910998926776665	2.341890408034041	0.9977251685868682	1.017984889681445	0.5091241961297411	0.1038438797577189	0.01517277516522437	0.1643239103154166	0.120489771682316	0.2106468077096123	1.450319324743242	1.450319324743242	0.7201511403042637	0.7201511403042637	-0.02628089859843197	0.3881828612080577	-0.2298836771006532	-0.413561840260694	-0.4340044142506496	-1.416792646595877	-0.0847462202231125	-0.00094136356751333	0.573562345697868	0.03728442662053033	2.743533396940956	-0.04102017301283094	-2.047124181463841	-4.525260887639353	-2.324557500360156	0.2362626847132498	-3.163178914042087	-3.163178914042087	-4.30945350177775	-4.30945350177775	2.002138452593506	-3.125071012635255	1.884205582135232	-0.5136432606465381	0.1255163868371819	0.1844180070523119	0.01165231393857159	0.01103390129996468	0.02295379126772903	0.05773813353396432	0.119046980890883	0.1846109292122182	0.1556339270942342	0.05737719404391455	0.01170994902963213	0.01074603824832028	0.01114342196970381	0.01463870431908131	0.01030151220898236	0.01020700363899312	0.01033241215915412	0.1570716826156814	0.01156581799854175	0.01049905145535347	0.100239198740432	0.04029907635646586	0.01309519699259732	0.1093821260239084	0.1749132194750757	0.05029271196609608	0.11675199010552	0.01057719511614926	0.1614898153385954	0.01056763242474793	0.1081498238706724	0.2234014900307709	0.1605606781442892	0.01006509208894489	0.0732881410000408	0.224961602497105	0.01042043830825354	0.01032653608417159	0.01011073846595247	0.01021246136164941	0.1075231689617359	0.1615321763193593	0.01121563920331307	0.008826942832109072	0.01913955645979586	0.06746140622420634	0.09643419032890288	0.1832583864275333	0.1419012847196279	0.05552497266007799	0.01148319874986063	0.01066440094735456	0.0110976379958638	0.01272369986216611	0.01036840696145361	0.01023847655571297	0.01033040732778863	0.08035975255427441	0.01084088117945085	0.01061918595514743	0.06203793080675028	0.0287095210951427	0.012598039479992	0.104941377533457	0.1373933435655422	0.05975199311580912	0.1128577913485159	0.01087369924207892	0.1784996973759301	0.01064599358883239	0.1236048925056977	0.1870077059300609	0.1201736130010381	0.0100660250438233	0.05230504529203397	0.2353856471169545	0.01038377894505583	0.0103137111806981	0.01010489619278992	0.01020230251068448	0.001686710077953471	-0.0001556542264833916	0.008582018022855483	-0.01546964742671772	0.0005759929437448947	-0.08650281900279726	0.0007691247341743182	0.001066680229804028	0.002974983404620792	0.001954814465774219	-0.001075151671927198	-0.004725225156380326	0.07528227287892103	-0.3255018955969187	0.2057168964131749	-0.3413090309453333	-0.7412927125419581	1.105582027097239	-23.36334319469225	-0.07849529900523804	0.8736435361898295	-3.731653555977564	15.25325352831933	3.566572691957437	8.912969967133877	0.1880927950634775	-52.18077081516861	7.49050423262877	4.28835100926738	-13.00277544801722	-15.72061117956137	-20.41049091182604	-94.96656542410328	-94.96656542410325	-54.51158535587019	-54.51158535587019	4.98029184518084	56.59323384394684	-18.4095302966519	-128.8604998802724	-9.093185949400079e-18	6.758625507395087e-17
13.61999402999726	-0.08540517791693121	-0.1039548864339975	-0.06897386776601348	2.342374421370064	1.008858753291493	1.018721266036855	0.549018511944916	0.1035535895910219	-0.019052997261119	0.08573472148723539	0.07856310180476411	0.2083159275863919	1.381687999395209	1.381687999395209	0.6404454767096637	0.6404454767096637	0.007669214878636792	0.3239931397561327	-0.2005120471281406	-0.4312563749396892	-0.4058721689192779	-1.30290547452904	0.04457315841229801	0.05569121425573852	0.7040258516979564	0.05210641619606438	1.831863795868759	-0.006224895419655971	-1.840398767075029	-4.49704476027709	-2.477805643672384	-0.6779384287311049	-4.726001008093503	-4.726001008093503	-4.766976527127332	-4.766976527127332	1.865787690957186	-4.323717306456214	1.471505899821629	-1.790839979768817	0.0956265522931639	0.147674110026179	0.01119666957780458	0.01100571884524672	0.01617416001233192	0.07359342325237959	0.09633999576031048	0.1847812443775474	0.1380197348604313	0.05607241183437196	0.01130585259745836	0.010579530991753	0.0110381744664545	0.01383206718143273	0.01043240614634412	0.01026698079883952	0.01032370387323986	0.06039987700463992	0.01089954963914796	0.01073462877497996	0.04029272688900661	0.02014298348990484	0.01203964281963594	0.1047675752060815	0.1153740701450404	0.07065996710061077	0.1095651813384731	0.01116021132048273	0.1841967083564701	0.01070732791775595	0.1336572607265309	0.1597821504053669	0.1089761548566215	0.0100654282941543	0.03296401624209892	0.2418873776688999	0.01036763316468653	0.01029285703211702	0.0100965761556566	0.01018728665122525	0.07477056700369832	0.1186766185081262	0.01086062215694244	0.01034614895911735	0.01236075624367168	0.08375364094015789	0.08314928968360805	0.185315869894821	0.1253925410352385	0.05516759164491836	0.01107963826443256	0.01049203762913034	0.010985590161401	0.01292178614059437	0.01050245579199474	0.01029946812523196	0.01032023152931718	0.001140285903009402	0.01037630695205779	0.01086064967673556	0.003347457132746467	0.008635140785331041	0.01149153984613342	0.1017672690741605	0.0706620462302677	0.08291879685132955	0.1044792377836762	0.01147191510598538	0.2018620933654015	0.01078551102488187	0.151859708702987	0.1059422472286037	0.07383840107400345	0.01006597945808893	0.008689095815332006	0.2571138795355261	0.01033470150523882	0.0102769669922151	0.01008968207226764	0.01017513690504009	0.002103491619590237	-0.0002398445208179572	0.00850979009995965	-0.01867775065283998	0.00246405707074626	-0.08892053374683961	0.001146853842868623	0.0005231007990388996	0.003715471753359859	0.003065060152036744	0.000621982528322821	-0.005240511994582331	0.08239824120495141	-0.2132245782982973	0.08566700945653746	-0.2081638826056938	-0.6942568639909567	0.9489183034257003	-19.05172754873083	-0.09522274682089051	-1.004240168583018	18.78943606026158	1.547160564379231	2.858677692672806	5.975792333081726	1.423424064405913	-48.61644094132074	-6.578930069580759	16.53969685276601	22.98178688347615	-1.198091749935219	-87.51107158731108	-85.71796260896627	-85.71796260896627	9.000267228548841	9.000267228548841	-25.01001832450104	-313.3279240525662	-28.8418113888173	82.15287441170364	-5.11375163522756e-17	-3.389902719441347e-17
13.63732734599725	-0.09249483628831771	-0.1247442397968003	-0.06754978174012029	2.343792726357231	1.021779659470011	1.019784760252213	0.5730047904796601	0.1032691921889886	-0.04977631360695466	0.01028452117162511	0.03461285319580621	0.1841677167314582	1.286586788672132	1.286586788672132	0.5574304783716613	0.5574304783716613	0.03631331309680904	0.2322920327272532	-0.1784098375461742	-0.4410747738161988	-0.440871553363553	-1.079282559880088	0.09162336675566404	0.1059798243221916	0.7732654183458526	0.07171185771808231	0.9840265473841799	-0.02028479505146002	-1.681322092384558	-4.153104191771813	-2.543778751071702	-2.122191573160105	-6.196817809883465	-6.196817809883465	-4.732275887968499	-4.732275887968499	1.410017593486049	-5.919513504520629	1.094664083866201	0.2454101033054553	0.0872070477478001	0.1362056321427395	0.01115779469936668	0.01047529270901189	0.02099426328961686	0.09377808204650974	0.08711448342980105	0.1735374372937581	0.1490731453590398	0.05827944593256849	0.01185742170870762	0.0107407595760144	0.01110899259455236	0.01398790148728611	0.01070508204080079	0.01055770996350192	0.01064958118261015	0.012741668572293	0.01038834934916306	0.01074617820806564	0.01037267074050411	0.01050270580579408	0.01128145149962831	0.1039680739923544	0.06986721752960577	0.06438104235226028	0.11006341896081	0.02537897570080847	0.199966190554083	0.01090919911067185	0.1432502472834649	0.1222287262740799	0.07899571226077744	0.01007098377995995	0.01243811829076113	0.2474240271109187	0.01043429450966149	0.01030131745164753	0.01009928187690969	0.01019443387905519	0.09281228509012338	0.1432116395398101	0.01136484450447239	0.01044337732729406	0.02856184753806454	0.1094773368245848	0.0861516358834373	0.1578174596434418	0.1730286391534338	0.0613476940493509	0.012555847237276	0.01095998625750279	0.01121566341407767	0.01480289707461966	0.01091707605768524	0.01081435398766338	0.01096636855484419	0.005459445530882619	0.01027599256742638	0.01066558367109528	0.006674641564068892	0.009397845112634451	0.01094722592759672	0.1052653641891224	0.04972110663804709	0.04831180453909881	0.1144971790683236	0.03931608008242318	0.2082682142764148	0.01104709344573511	0.1415290681558781	0.1141054388091743	0.0697557441834811	0.01007593249014264	0.009422226329403332	0.243791045393422	0.01052251848476253	0.01032103377370969	0.01010690436381081	0.0102101604052743	0.002570358958314647	-0.0003164516178648802	0.009699483848700504	-0.0222607845064167	0.001292410433598666	-0.09269772797202352	0.00145887735781401	0.0009484678623215784	-0.001927199221723058	0.003021971066702336	0.001557298150007789	0.0007211531498884499	0.08891813544177576	-0.1300400316213083	0.04080249791959265	-0.1216753872336609	-0.5505161173725777	0.7050248538563051	-14.24525055928464	-0.08147447219654992	-5.010799454386816	11.39260456385061	0.8645036384965359	2.751244045416752	1.828454840968435	1.080736832365902	-44.8877599283088	2.618404248920022	7.511096212696452	23.08927572821672	-0.8175814296783844	-82.42185042560237	-80.06106682488276	-80.06106682488276	5.374906203495189	5.374906203495185	-29.47106518477378	47.78813036847963	-16.81339485361474	99.43737309718425	-5.708453222727311e-17	-9.236309168196779e-17
13.65466066199724	-0.1016838293497747	-0.1407950002537719	-0.06677246351399407	2.345979755390035	1.035194349088926	1.021245660293626	0.5848037182841748	0.1030689719899152	-0.07653170716946087	-0.05631014238977732	-0.007901563881631374	0.1342684603782474	1.168612699336057	1.168612699336057	0.479146315582005	0.479146315582005	0.05553451933222195	0.1304896585764881	-0.1620120980231109	-0.4370500865024174	-0.6481033369279284	-0.7561442078638955	-0.03005397003413498	0.1443902312975861	0.7610009210265128	0.09796098044158343	0.4256296130689207	0.003487868480786597	-1.382561065006777	-3.475251036074254	-2.312132608977693	-3.649215880580498	-7.365181948775422	-7.365181948775422	-4.221110341067072	-4.221110341067072	0.7785298364573245	-5.489249293744827	0.8132971578929774	-0.1935592066844595	0.1012949963125538	0.1537764882442112	0.01163164714585809	0.01053770026722751	0.03630525297860111	0.118207191687549	0.0883067228348535	0.1491907908218084	0.1890430198857156	0.06400473630220825	0.01328026621670112	0.01119169408012473	0.01133018961245893	0.0157651092652976	0.01111175657627326	0.0110601222480326	0.01127785708976533	0.01101405531374664	0.01026522623448076	0.01056247937322329	0.01061520425150554	0.01056033351506155	0.01072448342472275	0.1067939527908295	0.04384626160159132	0.03254861451368294	0.1185192771067176	0.05180988631867742	0.2083227500168615	0.01116741599589367	0.1365121934828523	0.121166643289598	0.07058499977139829	0.01008069810766214	0.01137173615127593	0.23886416002123	0.01061546312262025	0.0103434406329965	0.01011571573207209	0.01022793966212961	0.1108540031765485	0.1677466605714938	0.01186906685200234	0.01054060569547076	0.0447629388324574	0.1352010327090117	0.08915398208326657	0.1303190493920628	0.2206647372716291	0.06752779645378344	0.01403205621011945	0.01142793488587525	0.01144573666675435	0.01668400800864496	0.01133169632337574	0.0113292398500948	0.01161250558037118	0.009778605158755838	0.01017567818279497	0.01047051766545501	0.01000182599539132	0.01016054943993786	0.01040291200906002	0.1087634593040843	0.02878016704582648	0.01370481222686807	0.1245151203529711	0.06716024505886098	0.2146743351874282	0.01130867586658836	0.1311984276087691	0.122268630389745	0.06567308729295876	0.01008588552219635	0.01015535684347466	0.2304682112513178	0.01071033546428624	0.01036510055520429	0.01012412665535398	0.01024518390550852	0.003037226297039057	-0.0003930587149118032	0.01088917759744136	-0.02584381835999342	0.0001207637964510729	-0.09647492219720742	0.001770900872759396	0.001373834925604257	-0.007569870196805975	0.002978881981367928	0.002492613771692756	0.006682818294359232	0.0954380296786001	-0.04685548494431917	-0.004062013617352184	-0.03518689186162798	-0.4067753707541988	0.46113140428691	-9.365039439046805	-0.07198058266400623	-20.87722917082429	30.27199800827997	-17.92142180419346	1.488114426986711	-3.428532144390066	2.190003431156803	-15.2194482170821	-2.213629954580305	32.65713828028984	61.51020085717293	33.14262522464428	-97.06159994454329	-50.81954352999044	-50.81954352999044	63.97704232949704	63.97704232949704	-45.28515316398309	-79.55148925598937	-17.82546691298209	-203.4496488522149	1.174550245370533e-16	6.427893273442301e-17
13.67199397799724	-0.1123804968630539	-0.1494036866814395	-0.06873363660272863	2.348700168219917	1.047963173045559	1.023194476151107	0.5859221582576327	0.1024206055026845	-0.0958048133877735	-0.1127303457164651	-0.04262834523684356	0.06195599889542102	1.033673448083801	1.033673448083801	0.4120278706697969	0.4120278706697969	0.0633012680842012	0.02815860113839322	-0.1502055616827982	-0.4225501039909842	-0.5411152078081491	-0.193650539617989	-0.1342059656994305	0.1674256799839737	0.7056669432931962	0.122061982153285	-0.3185572259309314	-0.1542865374167129	-0.8607693981960796	-3.081432522129631	-1.614065878414776	-4.317093344180458	-8.154065069777316	-8.154065069777316	-3.540608695367048	-3.540608695367048	0.1450227412501978	-6.104928742609305	0.6159629430388758	1.714974471784947	0.1151867604519997	0.1654085408244325	0.01372515296281686	0.01064292367242558	0.05201764521327333	0.1418459332603254	0.09860407806396587	0.1216245829112141	0.2005303989447476	0.07099437418783328	0.01284039247102819	0.01104297904936275	0.01096328951796472	0.01431606335274532	0.01130945920821106	0.0112159641253007	0.01382761990492252	0.01005096796145546	0.01024880870052258	0.0106049361393629	0.01020248308431057	0.01034123104814491	0.0106889872354466	0.1030431908226556	0.02656200811406617	0.03708648814160356	0.1120745826642291	0.06353280764309742	0.1986406580132172	0.01125151970543199	0.1196148242767166	0.109610486253515	0.05937345145737329	0.01006806636069271	0.01049910479812195	0.231865990114521	0.01069082328779795	0.01041923460805576	0.01014194438198599	0.01027968821510722	0.124775265002853	0.1700786831083475	0.01558570254110143	0.01074228936245668	0.06234149078708741	0.1587295469940158	0.1101112962046165	0.1010313181082621	0.1918804106461188	0.07614156673187526	0.01186588846834317	0.01072741108130331	0.01052497063325473	0.01223447627313392	0.01134027902139026	0.0111705013234356	0.01606040966749661	0.01002053297870363	0.010298154239033	0.01071281419527503	0.01025082288019816	0.0104208738360353	0.01088876239641653	0.09706900382169613	0.01979621645825238	0.05558193350182369	0.09968165206729399	0.06474591857589278	0.1800480453579248	0.0112299035358073	0.1025656252998021	0.09470648495195293	0.05069602724445364	0.01005212759738785	0.01054125084493468	0.2280236856718726	0.0106944485793136	0.01047652359899683	0.01016108564450749	0.01031699766503631	0.003328354821249588	-0.0006551217231564271	0.01135151609181893	-0.02744634835284623	0.002979335326152706	-0.09453502036228741	0.002173241938938819	9.731008231855245e-05	-0.003278017781582277	0.002865432729948034	0.005727473024930329	0.0001444882611008675	0.09182675685427115	0.02373688572807629	0.04113910859553517	-0.01548279701502971	-0.2718500663481438	0.2956242755780528	-5.321263204028885	-0.05750283650528644	23.59261975671913	37.30721669378735	5.315490688919859	1.069553466405214	-3.650555167861949	0.5717628497215691	-58.69311261479947	-19.12256429421107	27.13830491598607	-0.7119517420813459	50.82564942855679	23.39716810754346	-38.4730678130627	-38.4730678130627	25.40612032698884	25.40612032698884	-29.81005837838417	4.951250569003664	-2.369135304373747	253.7620080782125	2.905856069929354e-16	1.954657784389016e-16
13.68932729399723	-0.1188820027332604	-0.1459996515231094	-0.06927457872857716	2.351711795953997	1.059426584618666	1.02530932975602	0.5729984913103323	0.09508616136157159	-0.1070479698825299	-0.1647503524130807	-0.06105674441284949	-0.002305890255602654	0.8876957059581627	0.8876957059581627	0.3558064590092673	0.3558064590092673	0.06151143167087823	-0.07375453310588746	-0.1383372487611403	-0.3828552845310165	-0.1640457402078633	0.6299404381441861	0.1338189972488321	0.1779919846146063	0.6103762646102682	0.1171192012265133	-1.19461511341787	-0.7679834015157077	-0.4560274780624389	-2.96753553258097	-0.4315481692532239	-2.720302759535882	-8.63885524630099	-8.63885524630099	-2.963759093136975	-2.963759093136975	-0.3241541699158938	-5.441027338544287	0.8204252320993438	2.71354027140107	0.1289047517939061	0.1695301445927339	0.01733747213102328	0.01083927801236562	0.06909389409862779	0.1648605744429644	0.1177666874391601	0.09181657432024287	0.1805463702996813	0.07934577764197499	0.01077170588283553	0.01037284653120942	0.0100727629851625	0.01003563597348408	0.01132854795684396	0.01107469121472634	0.01815083468423555	0.01022603271057725	0.0103637062427148	0.0108362245769772	0.01041511850727207	0.01057523287245539	0.01114599727846048	0.09251991858252201	0.01661061983884113	0.07500510691668741	0.0899919951954803	0.06257301323461069	0.1693392517362999	0.01118181197946649	0.09251683705376855	0.0842765899749245	0.04463728743436652	0.01003545423270345	0.01081464490521847	0.2282606867095265	0.01067995091097688	0.01052869885579006	0.01017831900501065	0.01035040353585859	0.1386965268291576	0.1724107056452012	0.01930233823020051	0.0109439730294426	0.07992004274171743	0.1822580612790198	0.1310686103259665	0.07174358682446147	0.1630960840206085	0.0847553370099671	0.009699720726566888	0.01002688727673138	0.009604204599755117	0.007784944537622876	0.01134886171940478	0.0110117627967764	0.02050831375462204	0.01026246079865142	0.01042063029527104	0.01095511072509504	0.010499819765005	0.01068119823213274	0.01137461278377303	0.08537454833930795	0.01081226587067827	0.0974590547767793	0.07484818378161687	0.06233159209292456	0.1454217555284214	0.01115113120502625	0.07393282299083516	0.06714433951416088	0.03571896719594852	0.01001836967257934	0.01092714484639469	0.2255791600924274	0.01067856169434095	0.01058794664278938	0.01019804463366099	0.01038881142456409	0.00361948334546012	-0.0009171847314010514	0.0118138545861965	-0.02904887834569904	0.005837906855854341	-0.09259511852736739	0.002575583005118243	-0.001179214760967152	0.00101383463364142	0.002751983478528139	0.008962332278167902	-0.006393841772157496	0.08821548402994221	0.09432925640047175	0.08634023080842253	0.004221297831568561	-0.1369247619420888	0.1301171468691956	-3.644737449535819	-0.04329099839566818	10.28603335558758	60.39864077142881	25.0221163640053	0.04936559718858616	-8.038925325894335	-1.161205609108351	-30.43535364304276	-54.82012004588194	19.15138477333143	29.21153112818546	89.0408709612191	164.2465130842106	-15.73186100249729	-15.73186100249729	52.01717920001871	52.01717920001871	-26.32395912112264	68.09260295695711	28.53571451528588	-308.4460475625012	4.482174720557283e-16	4.664565831240362e-17
13.70666060999722	-0.1214705354376722	-0.1280456320857525	-0.06523343709612188	2.354801604075496	1.068655444160854	1.027353225540968	0.5494546309798799	0.07673770553650677	-0.1110506453326191	-0.2112729616554071	-0.060036890189679	-0.04316406702733396	0.7362181396735819	0.7362181396735819	0.3118207053938074	0.3118207053938074	0.04716671926617801	-0.166853031176221	-0.1217448944833237	-0.3411289479925422	-0.1362058251276817	1.391425357150266	0.2913888386820075	0.1764871756328559	0.4507188457936739	0.120895334727752	-1.47618078359988	-1.296297027997154	-0.02056409229787632	-2.384340488716553	0.4846690635974872	-2.023239343084872	-8.719108328332762	-8.719108328332762	-2.044453415613376	-2.044453415613376	-1.306269914875476	-5.259336433978968	1.065764076765814	2.326075869123796	0.126930492173381	0.1638236772260733	0.01930995948190101	0.01091179441467438	0.07463095807165183	0.1743218201061408	0.1283468296099962	0.07490434221018943	0.1607214427836356	0.06570942147958037	0.01624710020971033	0.01108563137035341	0.01335184903986284	0.02220860135030859	0.01214720784359841	0.01525174637615271	0.03133041760774372	0.01020629797357496	0.01036737931025391	0.01092323031556407	0.01041048958321702	0.01057547213725333	0.01117976135727856	0.08444457467650823	0.01150122973972676	0.09080859518559584	0.1037475155616695	0.0719414895853958	0.1525038060497666	0.01104170949127468	0.07892325984241942	0.08556839363472719	0.04050202160126614	0.0100626712904833	0.01076232943372208	0.2688582328510796	0.010489966932191	0.01053759154987008	0.01018006046876641	0.01035847164917925	0.1170075697206291	0.153988285091661	0.01981512013279443	0.01090556103870881	0.07270437176911654	0.1736151643070162	0.1313562447277427	0.0703416307119976	0.1473602966914845	0.04653379408517036	0.02238189269642199	0.01202573014282574	0.01687563090639569	0.03592083759006395	0.01292489950825242	0.01936907176036732	0.04291151751591939	0.01016077740137839	0.01032949016320868	0.01092064914470312	0.01034438141210922	0.01049857350448126	0.01104591022868763	0.08041459658612878	0.01073357688219649	0.09190025577136968	0.1315710401734095	0.08257744689158679	0.1482830003542095	0.01092875951927647	0.07699709041734921	0.09980210475835659	0.04270184871479221	0.0101013120756063	0.0106299690174735	0.3327674505600518	0.01030780169101176	0.0105030418175754	0.01016738316189012	0.01033829406506687	0.003941288218097865	-0.001048517166431265	0.01233577692653013	-0.02703725957178512	0.004801833513897916	-0.09514146138856411	0.001315376974521626	0.0001396740621178861	-0.0008760918007513588	0.001354214982960398	-0.001738446272723362	-0.00235979603209596	0.1059998543108266	0.1021972636167217	0.06076446256041194	0.001876154672494156	-0.06442509839286772	0.06281455739929803	-2.779087460288761	-0.02534486684840668	-2.870038535787779	31.34957902507023	-2.430040957524915	-0.3312306307424483	-10.12368646068682	1.096052755551181	-5.184615073893842	-13.735767519685	26.83275749421029	37.25832362832466	29.18120264484749	-24.32147409333084	11.32587550119765	11.32587550119765	59.35108774470202	59.35108774470203	-69.68821346978008	-14.70733596349207	4.51306922711423	140.1665354638142	6.058493371185212e-16	-1.021744618140944e-16
13.72399392599721	-0.1236583796544753	-0.09950575429793285	-0.06059715204718209	2.357759378038346	1.074920644521856	1.029575943024322	0.5234122181326533	0.05198008263488782	-0.108271980486253	-0.2468484862686368	-0.04649279474027768	-0.07345470537127706	0.5896017157992123	0.5896017157992123	0.2872572992523599	0.2872572992523599	0.01708499110666618	-0.2546295947134417	-0.1023723841716301	-0.2944168963611974	-0.1178124069427282	1.851386853875325	0.2024894601290785	0.1627572587666615	0.2684152478968014	0.1377524947528051	-1.48290992287908	-1.507503419099998	0.3264356462997217	-1.704409119942827	1.013558032726415	-1.500970183150273	-8.077953638067061	-8.077953638067061	-0.7227167589383382	-0.7227167589383382	-2.139965495898607	-4.826957355268713	1.141212787565138	3.288815665084868	0.1085239898182213	0.1478793886685238	0.01991388048046103	0.0108795105731552	0.06896104113664447	0.1693795263309209	0.1303363773457503	0.07121752909993041	0.1438246572518783	0.02968556392947711	0.02839968240866353	0.01301103965434928	0.0203616917553446	0.04885292759497339	0.01367866972554112	0.02331526523539613	0.0526889612789589	0.01010907077173586	0.0102814153277156	0.01089547829166988	0.01026328727948364	0.01040286938016065	0.01087116969263254	0.07899271287793526	0.01110395181275729	0.0879735520918344	0.1528155009932526	0.09064659156787926	0.1512606379376913	0.0108238679172599	0.07957483038607219	0.1135065230536075	0.04641508689534687	0.0101425868372238	0.01047861046205629	0.3559269283075586	0.01012903108445051	0.01045782780416746	0.01015116131831775	0.01031115314920299	0.09531861261210071	0.1355658645381208	0.02032790203538835	0.01086714904797502	0.06548870079651563	0.1649722673350125	0.1316438791295189	0.06893967459953372	0.1316245093623605	0.008312251160373624	0.03506406466627709	0.0140245730089201	0.02414705721303627	0.06405673064250501	0.01450093729710007	0.02772638072395824	0.06531472127721673	0.01005909400410536	0.01023835003114631	0.01088618756431119	0.01018894305921345	0.01031594877682977	0.01071720767360222	0.07545464483294959	0.01065488789371472	0.08634145676596006	0.1882938965652022	0.102823301690249	0.1511442451799975	0.01070638783352669	0.08006135784386327	0.1324598700025523	0.04968473023363589	0.01018425447863327	0.0103327931885523	0.4399557410276762	0.009937041687682564	0.01041813699236142	0.01013672169011925	0.01028777670556964	0.00426309309073561	-0.001179849601461479	0.01285769926686376	-0.0250256407978712	0.003765760171941491	-0.09768780424976083	5.517094392500825e-05	0.001458562885202925	-0.002766018235144138	-4.355351260734296e-05	-0.01243922482361463	0.001674249707965576	0.123784224591711	0.1100652708329717	0.03518869431240135	-0.0004689884865802493	0.008074565156353339	-0.004488032070599573	-1.700914871916954	-0.01583653710400169	9.196051854617721	25.60744187086571	-3.416668227034882	-1.361225184684834	-10.65194860202782	0.3481451145293309	1.276585480773246	-18.23078706669367	8.944030662092212	40.37342593346729	44.34910353230279	144.0779248560276	67.50758057899797	67.50758057899797	98.45156938267262	98.45156938267262	-9.198538464565386	97.01819043774226	8.932987158648181	-152.6530996650589	1.789394964167537e-16	-6.727019427980946e-17
13.7413272419972	-0.1249169957427965	-0.0647310248020372	-0.05823031454782714	2.360355838423129	1.077970944018065	1.032048834724217	0.4993398622878535	0.02419506820962326	-0.102365229631978	-0.2695075684306977	-0.02386107600266206	-0.08133244614467372	0.4614217508779219	0.4614217508779219	0.2903011359883108	0.2903011359883108	-0.03555183520338728	-0.3220057632176859	-0.08366173115233999	-0.2577869498911979	-0.04921489847927441	2.110005593501775	0.06005701145323779	0.1358832579262041	0.08337617735168121	0.1478320291947858	-1.240166002829228	-1.651015268244461	0.3119961333210417	-0.8726838425330983	1.530545692409665	0.4052903702158522	-6.620598261934451	-6.620598261934451	1.106824334386517	1.106824334386517	-4.045242065082704	-2.941269266091687	0.9123353050460974	1.101898391559966	0.09236261798268311	0.1301290375641307	0.01782923694365439	0.0108688687811307	0.05603135905451447	0.1498349546574569	0.1357814528627854	0.0766391378633216	0.2785262278880181	0.06881555173426558	0.02588891092986767	0.0126069224060043	0.02006538177659465	0.04986636783458506	0.01325248548596585	0.02145598721397904	0.04795865328207245	0.01013857973921306	0.01035431907837427	0.01096514478103112	0.01037532104291501	0.01056401469026417	0.01118666119469953	0.0778350018723202	0.01462324244702134	0.1197977670803849	0.2080332934742159	0.1121424938748893	0.1484783201965102	0.01064583325314427	0.08466553939454864	0.1619464482964285	0.05994954817360903	0.08846187629028852	0.01070463099134136	0.4296156175985205	0.06034355561432553	0.0103876579610402	0.01012682127522475	0.01026307576773264	0.08306068778052612	0.1168305482967887	0.01547571401565872	0.01086759678759046	0.04450583034655322	0.1274662653468095	0.1416919060462916	0.08446843486197604	0.4916582535003556	0.1282079406379588	0.01847858473732516	0.01147665066494671	0.01700160132349986	0.03960698934354671	0.01223933101712333	0.01638243114621581	0.03357597229172506	0.01020336955073538	0.01045591916643039	0.01103915715567867	0.01053740209262578	0.01078266433962935	0.01160347408639835	0.07915577833718983	0.01837734528577249	0.1598605680518366	0.2567341001731788	0.1286875490560666	0.1449452260275468	0.01055959167804967	0.09014946031554935	0.2101194387419479	0.07216273188213501	0.1768204901746966	0.011028796443811	0.4903157621691597	0.1142499136806609	0.01034890854660097	0.01011388584791449	0.01023376387758167	0.004158143020348144	-0.001600396408674052	0.01338365591457941	-0.02237812776800805	0.004526086056698872	-0.09643004553472549	0.001588261305738798	0.001551147185692446	-0.002936101843406242	0.003728049210945907	0.004911170018768803	-0.008844583288035134	0.1549706863418785	0.1003497486644292	0.01303834114636769	-0.008124702225460155	0.007469763460290504	-0.003541899382960538	-1.465924614176177	-0.008539043062948368	-0.5484302064620669	5.156349706077636	-11.53058261178588	-1.727354232865797	-10.70145213886746	0.7198806287902069	25.08531598621581	0.8021434080412035	-9.452879096558162	55.02778231667821	16.74500160416289	76.76854837735897	100.2783434296711	100.2783434296711	111.9467560813161	111.9467560813161	-169.9488176276029	115.1909028905457	-33.39226730822611	-98.71840940256374	-2.479703442849701e-16	-3.236592674552808e-17
13.7586605579972	-0.1261203042067013	-0.02812975067294097	-0.05888092581629509	2.362437012289176	1.077805241674676	1.034709468375234	0.4823093920483329	-0.003610203393884475	-0.09895084920288642	-0.2758043006017231	0.004234702196269128	-0.06587721902508933	0.363258442268131	0.363258442268131	0.3267675401638299	0.3267675401638299	-0.1270229360342594	-0.3563870735321131	-0.07439780794734044	-0.250526307780746	-0.1114307515899285	2.062142214615464	-0.1456780535566173	0.1033010625331631	-0.1026622585190932	0.1594150492372378	-0.6703838482050571	-1.509840788157734	0.03885415581231529	0.1835562285274645	1.644027062578293	1.191298035232354	-4.614489830967151	-4.614489830967151	3.133737186698299	3.133737186698299	-6.620847806108159	-1.019854526262217	0.05120441129197349	-0.09995361132603127	0.07927652354028644	0.1112427045903967	0.01314146860912891	0.01086870362107259	0.03562828915991985	0.1151539547845316	0.1449468521109663	0.09076620353823049	0.559831552816111	0.174436102841811	0.01020901863325612	0.01017907899066468	0.01335070623991607	0.0276818024822841	0.01109541460144198	0.01069920908332397	0.01842579246420823	0.0102766076463242	0.01056396268893076	0.01111348744611461	0.01071079975597339	0.01101384959841977	0.01204076126168129	0.08089388948509468	0.02206149071764068	0.1844101052187745	0.270770443795895	0.1367852930804145	0.1429204405807265	0.01049727900674627	0.09402017277561026	0.2310872415080114	0.0811315216807199	0.2334507376204498	0.01137451631693863	0.485388159987498	0.1541887047839089	0.0103183714252299	0.01010390292481707	0.010209383203024	0.07080276294895153	0.09809523205545657	0.01062352599592909	0.0108680445272059	0.0235229598965908	0.08996026335860653	0.1517399329630644	0.09999719512441833	0.8516919976383508	0.248103630115544	0.001893104808373237	0.008928728320973323	0.009856145433963454	0.01515724804458841	0.009977724737146596	0.005038481568473386	0.001837223306233411	0.01034764509736539	0.01067348830171447	0.01119212674704615	0.01088586112603811	0.01124937990242894	0.01248974049919447	0.08285691184143007	0.02609980267783027	0.2333796793377131	0.3251743037811554	0.154551796421884	0.1387462068750961	0.01041279552257265	0.1002375627872354	0.2877790074813434	0.09464073353063411	0.34345672587076	0.0117247996990697	0.5406757833106431	0.2185627856736392	0.01027968010084052	0.01009105000570973	0.01017975104959368	0.004053192949960678	-0.002020943215886625	0.01390961256229506	-0.0197306147381449	0.005286411941456251	-0.09517228681969016	0.003121351667552587	0.001643731486181967	-0.003106185451668347	0.007499651934499156	0.02226156486115223	-0.01936341628403584	0.1861571480920461	0.09063422649588666	-0.009112012019665978	-0.01578041596434006	0.006864961764227669	-0.002595766695321504	-1.392675325723705	-0.005930338143344451	-5.897812651650631	-9.755914859363884	-10.72082356973362	-2.019863676314039	-10.7672601010687	0.5216243957553658	39.01180412843033	14.61766838537532	-20.90628355708692	66.27900495261569	-2.20936104710069	14.81784694016588	130.8253040699834	130.8253040699834	121.2252566548616	121.2252566548616	-86.54428948435394	101.1405004045666	-64.01940247474533	-38.99160862210489	-1.524767109859006e-16	-1.181591702131788e-16
13.77599387399719	-0.127279545368544	0.005717419129205151	-0.06226700677365134	2.363921613915831	1.074530082500423	1.037481442625437	0.4746674016157332	-0.02758754637655973	-0.1022657532262671	-0.2646595173766984	0.03235527854561306	-0.04114169978534404	0.3039638271889173	0.3039638271889173	0.398239517311133	0.398239517311133	-0.2394569780204217	-0.3613674368630909	-0.08245771482234965	-0.2598606565716896	-0.03208276512016889	1.814777085968029	-0.2294648056029464	0.06863517066410983	-0.2767206092921548	0.1588482274789082	-0.2064240101898001	-1.220494911522956	-0.3850397177707506	1.097754630819229	1.594448119299505	1.693839821481665	-2.16818902947008	-2.16818902947008	5.063260918280703	5.063260918280703	-5.405965562290242	0.325982249056851	-1.366170516945138	-0.9796214378992149	0.06686628759343022	0.1042202073854576	0.011522252947908	0.01069379159446248	0.03079953773303168	0.1069437275104605	0.1623230698782017	0.09810073928115111	0.676200591579935	0.2199182196509364	0.01432418836238804	0.01018811993449373	0.01026011483812519	0.01480226233922184	0.01122875679835307	0.01118640033949556	0.01202786338363268	0.01024308922921365	0.01049077028498062	0.01100162985401262	0.01061895146735078	0.01089169432652389	0.01181612968760952	0.08526011546967417	0.02103266754614888	0.2076131856356266	0.3405391103945816	0.1238436307517765	0.1436373750484872	0.01031625829834175	0.09707204634130663	0.2752289598308768	0.09806855694690646	0.2449205917732418	0.01120446420331951	0.5773013411577778	0.1570415126515664	0.01021252748555163	0.01006884869204976	0.01013886623074556	0.05925348107930389	0.1055813116017796	0.01178306317578527	0.01052553461701789	0.03466588811388056	0.1157113904584951	0.1800227067863644	0.09975442991741239	0.6622132032437885	0.2252177830667643	0.02439539270889106	0.01110617147015003	0.009807056424940683	0.01110563470536386	0.01217096952969864	0.01576911764373083	0.01770615720585048	0.01015910023968825	0.01034049381750936	0.01083639406379106	0.01040295258653811	0.01060234656504349	0.01127182588633678	0.08880955469409474	0.01705700635678098	0.2015686979325227	0.4100174211476559	0.09411777909999194	0.1477362624790055	0.01020327505866525	0.09597864546220346	0.2971780110789585	0.1076287048625785	0.1722312454231584	0.01078517877182742	0.708047958200951	0.1100156117915808	0.01013871018952899	0.01004444427052172	0.01009250638339074	0.00437168244242677	-0.002140296145140381	0.01326059983371827	-0.0173312247202791	0.007010978182732823	-0.09265094233952248	0.000492827405964104	-0.00079202186077699	-0.004130301802071672	0.002802053866094706	0.006083849426231436	0.003497136164709661	0.2035473471784482	0.09471948338868404	0.00121560419389267	-0.02573656516016092	0.007826236873063145	-0.005008771872040641	-1.378121787979143	-0.009657941083879625	8.971400733334983	-18.99737055063703	-0.543903198311052	-1.934976481443279	-9.807161403011806	-0.4466145799682679	21.07383941991669	20.87066489241722	-23.08834508503469	45.57349015615214	-3.723209236597143	38.76617785307211	151.3936824873466	151.3936824873466	102.057947446743	102.057947446743	230.3027630592183	55.57986961838421	-123.9631243683947	-56.84863725293926	-9.491852777641661e-18	-2.149249146810043e-16
13.79332718999718	-0.1275706712421054	0.03379351420668721	-0.06629631340556093	2.364838406109941	1.068160980577035	1.040161420313311	0.4753253532198538	-0.04466282235604688	-0.1110403507908197	-0.2379092456503816	0.0592935703649483	-0.006081561877925705	0.2901404593651077	0.2901404593651077	0.5005681513584114	0.5005681513584114	-0.2816225000168449	-0.3492191284304899	-0.1351041570845953	-0.2845743194517724	-0.01126350277478464	1.39624831125999	-0.2198964748389222	0.03778452403083459	-0.4596560096439792	0.1488000506612472	0.2873027291035735	-0.713447645242489	-0.5911111135192533	1.984191317774079	1.507609480390409	2.38260138049857	0.6321977913466469	0.6321977913466469	6.69412423554583	6.69412423554583	1.487066454472348	0.9565326536158001	-5.093400970304796	-1.874491626919458	0.05503811193494752	0.1093645229475421	0.01252029125556449	0.01036043892320778	0.04054926526906216	0.1269600509865104	0.1880346484815554	0.09893325655345109	0.5971133766413226	0.2114854622597787	0.03550581892623938	0.01224500675447995	0.01003178619533559	0.01001356914505544	0.01330474775542657	0.02128854983647231	0.02638194702412293	0.0100629738825877	0.01017195976218265	0.0106593583627125	0.0101574245283707	0.01027348990474247	0.01065359806029348	0.09096952492883631	0.01249411992953558	0.1877657879711266	0.4179545997528158	0.07017698789706482	0.1510454351933614	0.01010824628627205	0.09387788625433979	0.2927900821933797	0.1113579592473173	0.1109532294444198	0.01030728703802092	0.7143789474053907	0.065903652538226	0.0100734526663209	0.01002286788190159	0.010052523413202	0.04770419920965625	0.1130673911481027	0.01294260035564144	0.01018302470682989	0.0458088163311703	0.1414625175583836	0.2083054806096644	0.09951166471040643	0.4727344088492263	0.2023319360179845	0.04689768060940889	0.01328361461932675	0.009757967415917914	0.007054021366139311	0.01436421432225069	0.02649975371898828	0.03357509110546755	0.009970555382011111	0.01000749933330424	0.01048066138053597	0.009920044047038121	0.00995531322765804	0.01005391127347909	0.09476219754675944	0.008014210035731696	0.1697577165273322	0.4948605385141565	0.03368376177809985	0.156726318082915	0.009993754594757862	0.09171972813717151	0.3065770146765735	0.120616676194523	0.001005764975556917	0.009845557844585144	0.8754201330912589	0.001468437909522374	0.009997740278217454	0.009997838535333705	0.0100052617171878	0.004690171934892861	-0.002259649074394137	0.01261158710514148	-0.0149318347024133	0.008735544424009397	-0.09012959785935482	-0.002135696855624379	-0.003227775207735947	-0.005154418152474999	-0.001895544202309744	-0.01009386600868936	0.02635768861345517	0.2209375462648503	0.09880474028148142	0.01154322040745132	-0.03569271435598178	0.008787511981898623	-0.007421777048759777	-1.453007244477475	-0.01181312795056532	-12.6511337270184	-29.50558607757621	0.05092752629440443	-1.579642631964536	-11.7915360767409	-0.572379205094704	42.44645001824524	39.73708461776824	4.227104403378606	63.07572690276902	-6.508560995953741	36.30476528489432	171.6814240783919	171.6814240783919	86.76440515738392	86.76440515738392	568.627493335219	18.6073750913862	-330.5414603572304	-40.74572912011774	9.546637571004669e-17	-5.788855217369464e-17
13.81066050599717	-0.1272023543123163	0.05339945642395896	-0.069271222714629	2.365284684519578	1.058563684213665	1.042570333544322	0.4838799624155953	-0.05211483744185342	-0.1110379362429349	-0.1975389216114145	0.08447272635486104	0.04011325124560321	0.325205340224992	0.325205340224992	0.6278622577061644	0.6278622577061644	-0.239366365089052	-0.3306132622316446	-0.214588422775274	-0.3205385052696388	0.05660656124656784	0.8897731836416578	-0.09143234371588178	0.01260658591468124	-0.6404331365990126	0.1272522640471091	0.6642287813601219	-0.1664186165913523	0.6344269863814364	2.644764488209459	1.413985041397649	2.90234649977826	3.308155223740653	3.308155223740653	7.91144278463554	7.91144278463554	3.257798741282351	1.135237630444874	-4.079026253932542	-2.209783994319272	0.03945652755991443	0.08732837840049835	0.01976708235346568	0.02948806811909267	0.03674742627734891	0.1071093874285293	0.1755360312865023	0.07758365493645006	0.4379958047736293	0.1622829183782182	0.03864133147630685	0.01340235624875203	0.01034002954990419	0.01014004984340933	0.0273578914838653	0.03972909822641411	0.04581885315940263	0.06485695248186264	0.03545150429572187	0.02220526462765719	0.02661066068434476	0.02009291527460988	0.01651524790210463	0.07348357396700647	0.01074979654300249	0.2190517476059059	0.3793432974682027	0.03377486457935717	0.1210856774827046	0.01013649633865317	0.07170566454459812	0.26906247951819	0.09926472188203959	0.04750343494986443	0.01268081202138995	0.6681970103405278	0.01924051487613405	0.01034392161631286	0.01015163458852029	0.01021622212177617	0.02844641377542848	0.05875857582379195	0.02659407080682012	0.04884554091851763	0.02895000658634928	0.07199271265345114	0.1427762987972622	0.05266435806232525	0.2369546469526114	0.1020474739005731	0.03342631495414444	0.0137680020393139	0.01083635955950711	0.01241270339761356	0.04064431391480688	0.05481677421739849	0.06071009060266425	0.1241032774429906	0.06130483050479994	0.03376246344109209	0.04322131283537665	0.02999811515578475	0.02268393976161721	0.05083766086152449	0.01231217050138874	0.2779028615810332	0.2479778113358696	0.02134309141539349	0.07911471629026684	0.01024701869170718	0.04816918429933967	0.2211961252246783	0.07787125577903818	0.05215461487388264	0.01531742003901912	0.4382613368401247	0.01580904855183097	0.01065965404450826	0.01029387011631701	0.01040830969925104	0.003906903803042316	-0.002575270465544606	0.0130334368922652	-0.01357649200081155	0.009206283737976915	-0.0890659663506962	0.0009399226319067206	0.0001273572363220328	-0.0009491149434528848	0.0007855793692141023	0.001830744990059397	0.01041207738410783	0.2145039608325333	0.07467088067032619	0.01613739061062271	-0.03971900225243758	0.01095582051667851	-0.01039699478899331	-1.562487914997117	-0.02572562288762383	12.44513792927979	-27.01763308197044	13.85483665875455	-1.484458658613621	-9.117356068686746	-1.742903663238548	8.319848327134538	25.73826955413259	107.6671185141007	23.10344171863789	-3.436884548125019	22.91162302926306	136.5943901077643	136.5943901077643	54.84678428726474	54.84678428726474	-142.400503070709	1.396146127614718	252.9531525083328	-2.979570487875577	1.928192782536291e-16	1.499082317286757e-16
13.82799382199716	-0.1255096890119475	0.06546385076616988	-0.06835904916561249	2.365237210410628	1.046212120563457	1.044506978804889	0.4971198838737315	-0.05112593486033536	-0.08755494669034317	-0.1472351570966431	0.1088768876289095	0.09296510697686911	0.4011623035898744	0.4011623035898744	0.7719806186110281	0.7719806186110281	-0.1732216340032064	-0.3117730973926703	-0.2765503555145093	-0.3589114246588195	0.1415460774094487	0.5260688401115712	0.2286135342195096	-0.01918697739305128	-0.7774563990027392	0.09430753804050712	0.8279162230705377	0.2605053672484136	2.118188711709505	3.13035867268859	1.418186923752703	3.150722449512711	5.350519721785857	5.350519721785857	8.63538631801384	8.63538631801384	4.243445690628132	0.9835671391267119	-3.07159130025074	-2.152422701540766	0.02018275060461948	0.03606115164616876	0.03288534724432415	0.06586886027346577	0.02088654992145482	0.04335998451627741	0.1198654122077581	0.03289163747683661	0.2089693154330184	0.06741867394235193	0.02651518628216816	0.01392443853452615	0.01137580559357181	0.01519925364402897	0.05232989160912885	0.06663168895100137	0.07167207928809073	0.1669473251818665	0.08326344865566836	0.04438319723606246	0.05808250050875889	0.0392372378265993	0.02863808006970947	0.03192882303316832	0.01469570551108233	0.3063366796788536	0.1851557950335638	0.01794621892690528	0.04877176764394069	0.01037749969395524	0.02972795377682575	0.1983575140771018	0.0603786644762531	0.08037180781000026	0.01795849387276306	0.3628369350294811	0.0263684848728807	0.01098422747482189	0.01043852463306079	0.01060615225753375	0.009188628341200699	0.004449760499481203	0.04024554125799881	0.08750805713020537	0.01209119684152826	0.002522907748518646	0.07724711698486003	0.005817051414244074	0.001174885055996447	0.00176301178316173	0.01995494929888	0.01425238945930105	0.01191475170309632	0.0177713854290878	0.06692441350736307	0.0831337947158087	0.08784509009986093	0.2382359995039701	0.1126021616762956	0.05704426550164822	0.07652258162371518	0.05004091708391146	0.03531396824975533	0.006913124176289549	0.01661013096704578	0.3860480066347343	0.001095084157582665	0.009002421052687122	0.001503114497618672	0.01050028278865651	0.004618640461507818	0.1358152357727831	0.03512583536355339	0.1033034647722084	0.02078928223345309	0.001102540588990476	0.03014965919413955	0.01132156781079907	0.01058990169730032	0.01081135768131429	0.003123635671191771	-0.002890891856695074	0.01345528667938891	-0.01222114929920981	0.009677023051944433	-0.08800233484203758	0.00401554211943782	0.003482489680380013	0.003256188265569229	0.003466702940737949	0.01375535598880815	-0.005533533845239512	0.2080703754002163	0.05053702105917095	0.02073156081379409	-0.04374529014889338	0.01312412905145839	-0.01337221252922685	-1.773245821506623	-0.04015446217610615	-10.68157958728703	-13.03201759381813	22.15653580256849	-2.342984763566144	-6.74300819536768	-1.887411988489286	17.84197035073921	25.87879635816173	34.02216790161461	42.88582371790516	4.779102754924325	4.992906717801643	98.57447393116257	98.57447393116257	29.83646180117526	29.83646180117526	478.0406330409077	-19.51290935359643	-331.3422030068717	4.560507745176464	2.878740125140071e-16	3.612798040303459e-16
13.84532713799716	-0.124161591791746	0.07370942983247104	-0.06485418589581655	2.364456061801326	1.032066752648826	1.046106412410866	0.5137448657898969	-0.04228017236347082	-0.04314154994658798	-0.08749761562545144	0.1352770294015185	0.143124619389889	0.5043278491117609	0.5043278491117609	0.9235880115080823	0.9235880115080823	-0.07359802482791213	-0.2981149376725741	-0.3265645141187811	-0.3940535524386499	0.03060053628932246	0.4666091938189108	0.1331793405739268	-0.07188229646292556	-0.8386953172037639	0.09298073413130455	1.013527087662203	0.7219125355002589	2.920561036408042	3.735994507022704	1.653665342972617	2.555495363494867	6.331382605489296	6.331382605489296	8.768857299056469	8.768857299056469	6.825065367483989	0.6586323212009737	-2.331099949313278	-1.852011696743281	0.01099130008393558	0.01043701626637385	0.03213302152277725	0.0673860771882262	0.01306536312499511	0.0107060300708399	0.07502612650661181	0.01258974633885737	0.06250076127430104	0.01593649472202628	0.0405948295628288	0.01454494893730422	0.02642373421258844	0.02942053298542825	0.0792808954054644	0.09889075238353003	0.06984133630017003	0.2054551427622726	0.1146057130666199	0.08015765935436227	0.06709666477110302	0.05152080034824284	0.04202993248340515	0.01200234052875418	0.01489811473435135	0.2879259182800589	0.08547879171811905	0.03749347361208445	0.01093598940885049	0.01100109029442204	0.0110075507714997	0.1267630676063532	0.03635275619040643	0.1141490457909291	0.02438783353390258	0.1233333858848569	0.04449008774479313	0.02905902877065912	0.07047145027348095	0.03888045543651857	0.009951755687799962	0.00744566275170359	0.0259437959430645	0.05277184487585604	0.0117656515224181	0.006837895679348889	0.05372544253041305	0.01173620035797015	0.02438950157572294	0.008502149273966461	0.06007292808038946	0.01491026244661302	0.04105222578676566	0.04181794091292765	0.09836252521996543	0.1237941241223417	0.05567061964807703	0.2020268737975099	0.1294756802446426	0.1105057962043177	0.06310206138002068	0.05645443982232087	0.050939264415818	0.01012236894888649	0.01369791224583975	0.1936900164862937	0.08777684503086985	0.06425205628669464	0.006059860486115478	0.01151348097599877	0.01044252495908263	0.07943948488570328	0.0292443161004606	0.1369042835579622	0.0287091637822441	0.03361607293070855	0.06054820708408062	0.04695973191157063	0.1358889569453613	0.06771206875421137	0.002025623828700128	-0.002454720630395519	0.0122563428551745	-0.01008425884078865	0.01080961419785787	-0.08352042754510909	0.0004247454322221247	0.001197810097265321	0.001974307193973973	0.001001661533045277	0.002861240511410944	-0.009341674992334884	0.182397627086304	0.09086616069930986	-0.02625421343437283	-0.03754848007839764	0.01459199574209047	-0.01129812220566435	-4.547174969359674	-0.05314438865736743	-2.824015102198539	4.941393792619319	-23.02482996890865	-3.469740514807699	-0.5427353309163574	1.065833715228639	0.4931205457974295	23.68017999482036	44.99328788869718	28.6792524083872	20.21063388762956	-61.05285782684682	16.3986810888171	16.3986810888171	-11.06411671643425	-11.06411671643425	-52.52218090677038	-12.62920191426347	261.6138218622362	28.08106525294176	3.821626906799965e-16	5.73842972465145e-16
13.86266045399715	-0.1238735170550705	0.08307010780763088	-0.06521948260443883	2.362712822725766	1.017692313498496	1.047825226883494	0.5295921643810763	-0.02742558873864563	0.01071396427529198	-0.01863763738951599	0.1670941005233177	0.1787328277040222	0.6129600413773381	0.6129600413773381	1.072884304780633	1.072884304780633	0.04859395840535344	-0.2866436476089324	-0.3445982145536198	-0.4213661751435562	0.019235668538298	0.6547342274914798	-0.2179438329247758	-0.1301975268182222	-0.8038877218608652	0.1080822671980153	0.7381834419931673	0.9538315753396233	3.207664894815958	4.182948582749411	2.043217858305857	1.471724143719028	5.981287284518028	5.981287284518028	8.368720710059252	8.368720710059252	6.847491455210212	0.7312357725889423	0.6184652555112993	-1.24901736641303	0.01107989953134949	0.01092637761071642	0.01882937089541995	0.03638962532417876	0.01222109022190891	0.01146943877381698	0.04678401128562237	0.01635300030882399	0.04514600883990512	0.01552515383769444	0.07767964949953568	0.01520003205997907	0.05405524335702814	0.05234780518859704	0.1092710729602682	0.1370823982469561	0.04091192503574299	0.1846672871226124	0.1329147959302827	0.129575299542809	0.05612254161398206	0.05836983440501044	0.05721381286223809	0.01331489510403798	0.01216881876074991	0.1339201446396249	0.1319597991482707	0.08839797731322953	0.01114485155298481	0.01199197024772209	0.01490669060409366	0.06288353021976736	0.02824449099557301	0.1466128658687494	0.03214185432489269	0.06881120636482226	0.07317602377639325	0.06267454342113078	0.1818208330024653	0.09168922045247294	0.01071488303439923	0.01044156500392598	0.01164205062813019	0.01803563262150671	0.01144010620330793	0.01115288361017913	0.03020376807596607	0.01765534930169623	0.04760411809544943	0.01524128676477119	0.1001909068618989	0.01556813543392499	0.070189699870435	0.0658644963967675	0.1298006369325678	0.1644544535288746	0.02349614919629314	0.1658177480910497	0.1463491988129896	0.1639673269069871	0.0496815411363262	0.06286796256073028	0.06656456058188068	0.01333161372148343	0.01078569352463371	0.001332026337853207	0.174458605904157	0.1195016915207021	0.01061660647461228	0.01252667916334103	0.01626640945665744	0.02306373399862343	0.02336279683736781	0.1705051023437159	0.03662904533103509	0.06612960527242662	0.09094675497402169	0.0825978960123422	0.2611880121934224	0.1246127798271085	0.0009276119862084844	-0.002018549404095964	0.01105739903096009	-0.007947368382367485	0.01194220534377131	-0.0790385202481806	-0.003166051254993571	-0.001086869485849371	0.0006924261223787166	-0.001463379874647395	-0.008032874965986264	-0.01314981613943026	0.1567248787723917	0.1311953003394488	-0.07323998768253975	-0.0313516700079019	0.01605986243272256	-0.009224031882101842	-10.35613231739296	-0.05764662292373371	0.8085095992421311	15.53547404659742	-7.346068298485756	-2.991436714182513	4.339292911237255	0.00816725046541744	-35.34514171263148	-0.6006295534854162	-25.43194535528925	24.57637172297503	22.55690085349882	-51.37762662483346	-54.99778018054963	-54.99778018054963	-31.73370400438502	-31.73370400438502	182.7487697724154	26.35693682169807	-76.44881112639047	39.47400329708375	3.920081611380822e-16	3.680395976500283e-16
13.87999376999714	-0.1242817143403135	0.09541477047628845	-0.06884692731370357	2.360025747262689	1.004593349856997	1.049589710161646	0.5380238276155854	-0.01102322566667673	0.06032324877296873	0.05831683032796003	0.2038374048509325	0.1975407468098164	0.7085701550734307	0.7085701550734307	1.212086132636616	1.212086132636616	0.167965217579815	-0.2702930026783273	-0.3540643439786531	-0.4368650766186115	-0.06255518541232165	0.7511940208768756	-0.1587308875056838	-0.1766282391137839	-0.6968439560744361	0.09226662490885958	0.1973586363318643	0.901213609358741	2.497696813547656	4.668099400466308	2.162596676190292	0.7457439477965739	4.990797227898401	4.990797227898401	7.614731791565617	7.614731791565617	6.693622669828801	1.138688448166123	-1.365321673270365	-0.5536182122387886	0.01070811960103051	0.01047493413322024	0.01284916257524034	0.02174599715704839	0.01140553630126263	0.01103925802267534	0.02759305332661887	0.01580552305506116	0.03781422480338271	0.01607036722026656	0.07450083081075064	0.0625768936633412	0.06092515075859704	0.05221133130497137	0.1260966761985402	0.1508230640432333	0.02878293329528657	0.2085643447421455	0.1577248867941008	0.157182062054109	0.06257415284704469	0.06937265897840195	0.06937641438006532	0.01269229155805314	0.01112024589123906	0.030376344829491	0.1269522602954972	0.1067496699405479	0.01067588228967297	0.0287206983101706	0.0148507482026769	0.02615824557643766	0.02078938888111576	0.217324910836003	0.04070547452247537	0.05111535084878487	0.1845356664371355	0.09836511913272712	0.2908137037608569	0.1427396902837099	0.01061493547222387	0.01039219762389892	0.01221065594430369	0.02018959599982797	0.01118484888809521	0.01085411141582437	0.01988299556546247	0.01431990109613804	0.02839887877722468	0.0168110138724077	0.05396209089254417	0.1133105892365831	0.05626790167419992	0.04199467746663115	0.1311174445596629	0.1473998468634893	0.02894795932988486	0.2569923585232302	0.1797005166365377	0.1661745065298684	0.07443261839800201	0.07818352509549528	0.07578725922794956	0.01207610112042419	0.01111203261440505	0.005460743490228098	0.08780710852985625	0.1046142959307616	0.01060759715310093	0.04511693906856819	0.01380407759103333	0.01624758852957773	0.01690513552311155	0.2977061015077817	0.04625293252455982	0.03398513877034644	0.317516817886189	0.124444769827435	0.3910137056035437	0.1808282281670345	0.0003492394902573382	-0.002196714114473924	0.01040782086278597	-0.006749111443698746	0.0122158394734356	-0.07420447279630482	-0.001331947379051862	-0.002180946675068943	-0.0001279355359632313	-0.000849279622341449	-0.005450783871088731	-0.005665059374813384	0.130249784276627	0.1176932589800949	-0.08208563830225414	-0.03550628663823252	0.01445730999628188	-0.006622829248140861	-19.08098858276858	-0.04987315747871834	-7.155182057231194	-1.017517103605194	12.42121217946508	-2.243525711678678	8.018751510205325	-1.653610309476963	-32.36124144958685	-7.501570476223796	-50.34988630155308	27.24506863951413	-3.872734610969668	-33.04133273365797	-63.39711375505248	-63.39711375505248	-56.15934136782759	-56.15934136782759	-124.8107390545487	20.63751923183799	-103.5600531698362	39.20441637932488	3.596320277422273e-16	-4.694704879000328e-17
13.89732708599713	-0.125911047256367	0.1084716210198964	-0.06927041294843013	2.356701402496233	0.9939056222681408	1.050911288216755	0.5351393636105697	0.002515168283777313	0.09664923733801925	0.1422077990442371	0.2408922510783009	0.2062257325856038	0.7838989335437329	0.7838989335437329	1.33414656411655	1.33414656411655	0.2725790957917341	-0.2477477591073711	-0.3799557974536337	-0.441053952310708	-0.1216647374556923	0.7369098336998557	0.1517441222869798	-0.2037286738163192	-0.5256678991053645	0.05697776728093799	-0.5675248528916552	0.6233732693217622	1.674975369899643	4.983314882977728	2.079165036532317	0.3036922068396174	3.641130879846274	3.641130879846274	6.390865304197385	6.390865304197385	5.144715025985813	1.445997868930324	-1.276766337792002	0.05598691354861281	0.01059302178880764	0.01040326331873462	0.0129871690495656	0.02243894861378758	0.0111180756411887	0.01073296180308959	0.0161723007919581	0.01263614333570484	0.019463955935926	0.01757556246562866	0.03276655359944199	0.1506338934198604	0.04916161007690055	0.03052424712075111	0.129837452903379	0.1393983227324249	0.03263413368842843	0.2822390618805845	0.1887318370432653	0.1637444034264131	0.08498888533878371	0.08399772561195203	0.07879675308929873	0.01147230238815012	0.0113683151586764	0.01400308859623494	0.05148823468110812	0.09654699953190464	0.01064124825098999	0.05952516887302199	0.0125302917788284	0.01553088465814598	0.01419440666856499	0.3260123238018321	0.05013764538396506	0.01981230729315599	0.3727166448392901	0.1378628087603999	0.4068853935107807	0.1954495770514071	0.01051498791004852	0.01034283024387186	0.0127792612604772	0.02234355937814923	0.0109295915728825	0.01055533922146961	0.009562223054958874	0.01098445289057986	0.009193639458999925	0.01838074098004422	0.007733274923189441	0.2110530430392412	0.04234610347796483	0.0181248585364948	0.1324342521867581	0.130345240198104	0.03439976946347659	0.3481669689554107	0.2130518344600859	0.1683816861527498	0.09918369565967781	0.09349908763026028	0.08500995787401847	0.01082058851936495	0.01143837170417639	0.009589460642602989	0.001155611155555477	0.08972690034082108	0.01059858783158957	0.07770719897379537	0.01134174572540923	0.009431443060532028	0.01044747420885528	0.4249071006718474	0.05587681971808456	0.001840672268266257	0.5440868807983564	0.1662916436425278	0.5208393990136652	0.2370436765069606	-0.0002291330056938079	-0.002374878824851884	0.009758242694611841	-0.00555085450503001	0.01248947360309989	-0.06937042534442903	0.0005021564968898471	-0.003275023864288514	-0.0009482971943051792	-0.0002351793700355029	-0.002868692776191199	0.001819697389803486	0.1037746897808623	0.1041912176207409	-0.09093128892196851	-0.03966090326856316	0.01285475755984121	-0.004021626614179878	-28.68088596472035	-0.04195443532563899	3.425585513309495	2.757309665071651	21.64573735182197	-0.7610178384134353	11.73918006297106	-2.238744458612594	-61.19809259200356	-26.58785254719274	-38.44196171681664	4.968428822083688	-0.8443291872506576	-18.61661829086841	-96.44123986623953	-96.44123986623953	-85.95040078355954	-85.95040078355954	21.7825866759783	14.80193432673126	162.6678430972975	29.57468243004612	2.261050690697784e-16	-2.296075390581954e-16
13.91466040199712	-0.1291705902140674	0.1191136937494887	-0.06163005650223449	2.353122268616526	0.9865692046335102	1.051452381978751	0.5172375176355998	0.0113784736960238	0.1181825534027543	0.2306310040733992	0.27361884044537	0.2101034394612587	0.8316975924875517	0.8316975924875517	1.432341056072854	1.432341056072854	0.3540831264823592	-0.2205272105632557	-0.3966502115361788	-0.4356858141160612	-0.2562962167657877	0.468610493334861	0.7374497019962002	-0.2064522668466415	-0.3183894090716335	0.006205780368786473	-1.490596050182239	0.4269813706383948	0.8354770656774141	5.195482394836758	1.644326511837888	0.1357902910825691	1.888240975150625	1.888240975150625	4.910898067608406	4.910898067608406	4.143806263994741	1.650294449273122	-0.7670602376529098	0.543053544553923	0.01050116526746946	0.01033260856663348	0.01304159420355803	0.03154785726799771	0.01095861380999891	0.01055875264256052	0.01092554814685846	0.01127356948409654	0.01077077300653662	0.02006411194954938	0.06223981356309567	0.219987122239545	0.1022207736369915	0.03100632374224514	0.1304163900123317	0.1283199502587823	0.0283932946698046	0.372460489193968	0.230884908887713	0.1822333351207673	0.1177550545356054	0.1081143387096348	0.09314893156603093	0.0109074434305845	0.0117329026389448	0.01022457851787627	0.01098721361969957	0.08310115735736986	0.01058495279645235	0.08252444815406733	0.0114923878228513	0.01064238748472011	0.0111815853764426	0.465270498183359	0.06870652432997169	0.0633619994939328	0.4930759229131661	0.1669089393122757	0.4909069248389728	0.2346447450495723	0.01046938782093191	0.01030849465412181	0.01324589641036486	0.04086099501509012	0.01094183998128002	0.01051999594990629	0.01061404363691221	0.01115580461788756	0.009709128263240718	0.0219323917858693	0.1132128399012712	0.2687544562252204	0.1696935000045606	0.0405501942724598	0.1291720083725356	0.1211572562335198	0.02280768861945283	0.4690489094718397	0.2726527633214585	0.2038345789960638	0.1464615759966116	0.1296208903192438	0.1051390664453189	0.0108360325394279	0.01203448332255633	0.009767859291939093	0.005401955789834566	0.07260839994091109	0.0105617111321721	0.09464466380861	0.01135233558478251	0.01031626632308155	0.01098008173568406	0.6302842455562347	0.08483960932959331	0.1244188894874272	0.5680378968868453	0.1830597855184183	0.5506291322825009	0.2585972553529347	-0.000196108558165834	-0.001905902326087094	0.008784438037439177	-0.003679431447814481	0.01299698480182745	-0.06567301463712207	-0.001658111392642567	-0.001156034048185396	0.0008562944949867754	-0.0009523717878371223	0.004487619656036655	0.008529688377888686	0.08822248399885457	0.02812789526721829	-0.07193748031507978	-0.03456338370851544	0.01056419486025586	-0.002634131859656289	-33.62314789712022	-0.03115205022955847	-13.52452112929357	-26.53642413035923	40.52209028630951	0.3868145854983636	12.28029156998595	-3.209493405349452	-48.63499255735638	-1.307495125721237	-51.19212520977085	13.80901104125596	-41.7650036993241	-5.909285256444266	-102.2485784941214	-102.2485784941214	-87.55512186743117	-87.55512186743117	-107.5295917919677	6.423845704645754	-47.39696462461379	25.60071051026125	2.032752091407421e-17	-2.463207749179044e-16
13.93199371799711	-0.1348604353655311	0.1239398071711083	-0.04344158621253132	2.349641341531354	0.9829531802402169	1.051152407467915	0.4837246828198195	0.01827621045453383	0.1265080797969533	0.3214894746042034	0.2960700669461189	0.2106576751590156	0.8498479520695315	0.8498479520695315	1.503406964151815	1.503406964151815	0.4122165292461226	-0.1920817765597356	-0.4106221198667194	-0.4229339525898168	-0.4020845017713586	0.06583693478362262	1.368835398245116	-0.1923971092693358	-0.09639132659735301	-0.04006866893842042	-2.368794597332712	0.3965766594016014	0.1509981147059326	5.264307337236724	0.8935450586440061	-0.07978562024202376	0.2201698402097924	0.2201698402097924	3.260640957354881	3.260640957354881	2.44810141473296	1.587330947887083	-0.9626307445788055	0.907955842240764	0.01045301873900564	0.01029628363932097	0.0134842009003444	0.04912730099411178	0.01096131352209327	0.01051574761004319	0.01158592988272069	0.0113565489484905	0.01066963633480098	0.02353493828959722	0.1554882492152493	0.2768379877414774	0.2130346405608157	0.0514433716620545	0.1278316798489225	0.1186833235073919	0.0172981982323276	0.4792329986559636	0.2846227255091753	0.2135583094661101	0.1613276944031929	0.1415901239806731	0.1121751446673354	0.0108903214133751	0.01231571994797687	0.01016680765779398	0.01049012857617079	0.0662453529301353	0.01054700576447398	0.09972397410312359	0.01144265259225242	0.01117288821808131	0.01150281827074802	0.6398856074611302	0.09590515680671848	0.1719585979557489	0.5449955189472069	0.1855005244475205	0.5369906249474475	0.2595196951979784	0.01042378773181529	0.01027415906437176	0.01371253156025252	0.05937843065203101	0.01095408838967754	0.01048465267834297	0.01166586421886554	0.01132715634519526	0.01022461706748151	0.02548404259169437	0.2186924048793529	0.3264558694111996	0.2970408965311563	0.06297553000842479	0.1259097645583131	0.1119692722689357	0.01121560777542906	0.5899308499882689	0.3322536921828312	0.2392874718393779	0.1937394563335454	0.1657426930082273	0.1252681750166194	0.01085147655949084	0.01263059494093628	0.009946257941275197	0.009648300424113654	0.05548989954100112	0.01052483443275462	0.1115821286434246	0.0113629254441558	0.01120108958563107	0.01151268926251285	0.8356613904406222	0.1138023989411021	0.2469971067065882	0.5919889129753341	0.1998279273943088	0.5804188655513366	0.2801508341989087	-0.0001630841106378601	-0.001436925827322304	0.007810633380266515	-0.001808008390598952	0.01350449600055502	-0.06197560392981512	-0.003818379282174981	0.0009629557679177216	0.00266088618427873	-0.001669564205638742	0.01184393208826451	0.01523967936597389	0.07267027821684686	-0.04793542708630437	-0.05294367170819104	-0.02946586414846773	0.008273632160670501	-0.0012466371051327	-35.08661834639131	-0.01864166229916306	2.138260491890491	-12.75896179577414	26.91652530026978	1.174993783094689	13.43759627375922	-1.71979729294079	-56.02047393667736	-7.435465612499225	-20.55509537793205	-11.57111496274498	-37.29931893065697	-24.11746943413129	-86.65444895388802	-86.65444895388802	-105.5992520090989	-105.5992520090989	-58.38627279338782	-16.03579824895946	81.28969167314517	15.47878372047082	-7.42861830932983e-17	-2.125755433289041e-16
13.94932703399711	-0.1402244696350447	0.1231510071163739	-0.01565356486468242	2.346524964682581	0.9833778761569154	1.050220634649588	0.4330762148309787	0.02452739785428432	0.1263730570497476	0.4088888830504123	0.3058398405846992	0.2059129534947934	0.8406968672372932	0.8406968672372932	1.543785518318917	1.543785518318917	0.4478029736566518	-0.1661318923182154	-0.4218544034456526	-0.4060152422927372	-0.2180325034401557	-0.1641556821791839	1.769046232940881	-0.1653789029247546	0.1414951281170436	-0.06199791589212876	-3.42633249597106	0.3644579013470284	-0.1055823870623693	4.796958421652536	0.1707684822072352	-0.5290278511274789	-1.22228355736331	-1.22228355736331	1.407215325053284	1.407215325053284	1.563223084216255	1.449245586314766	-0.4334707455041562	1.031384031754805	0.01037840572194305	0.01025058563309293	0.0129020330001076	0.04650053393979135	0.0108094646915019	0.01043811574272262	0.01136655783338144	0.01126811412109642	0.01035745570524263	0.0212153347646385	0.1769707741050516	0.2921203958863538	0.2594385270385176	0.1519692617953577	0.1135260185422506	0.09691746467652192	0.01180053021664938	0.5663247182577799	0.3198828882253753	0.2272175687341104	0.1975010005271361	0.1663082719663666	0.1253946805539524	0.01077561782402345	0.01203596401381536	0.01012659409739172	0.01003211072873017	0.0567759893553552	0.01046577628121564	0.1196813525059745	0.0113552968141769	0.01100186906652077	0.01131840508151707	0.7322258133628442	0.1224807896115681	0.2221059334192847	0.5727235674282705	0.1924274707014134	0.5473667452498133	0.2683547315573024	0.01032776366637994	0.01022265675981025	0.01217069416970652	0.03612788627086331	0.01066819153271665	0.01038590874623775	0.01109635333067314	0.01120406965263418	0.01038022675638555	0.0174885776196645	0.1557769521272989	0.2765689681713709	0.2608728899772812	0.2693620459062868	0.09738614461654753	0.07590278273647313	0.01085436655480761	0.6411702104164213	0.3385013013205788	0.2268991377628287	0.2219420224851149	0.1801875154392098	0.1317439178804513	0.01069321341350953	0.01153580294524137	0.01024833030620535	0.01020296344674227	0.05434489868702388	0.01040360152968731	0.1349797023683856	0.01132891863571456	0.01081622461035979	0.01113301537102537	0.7571578851158168	0.1412015197085589	0.2328721903971345	0.5880584946808652	0.1909347948061784	0.5319635982936866	0.2656694638303673	-0.0002855785123133176	-0.001152644845452094	0.006833642978414151	-0.001240335060256234	0.01299013425135996	-0.0521266669399854	-0.002826288324225824	-0.001132808051446857	0.001180114801359394	-0.001713887394218669	0.001722695013222751	0.005088585031188319	0.05183555150258418	-0.1254460901044605	-0.006087244427944308	-0.01560034569453493	0.007943186974989322	-0.00364106678597834	-34.59896670372352	-0.003491466806334432	14.75553738938413	-14.15576023070486	15.25341929630423	1.906933299017765	13.53008259319002	-0.5665574341215693	-59.27298822362999	4.377522391646718	-6.648112478201084	-36.67374773745708	-49.34763573353339	-32.12674633455645	-76.8464043121036	-76.8464043121036	-106.8326640306823	-106.8326640306823	-55.58747963635469	-0.2663698009257911	-3.511801674167592	1.832397310027229	-5.773604295233753e-17	-1.283718442911858e-16
13.9666603499971	-0.1424601188648718	0.1179959029305726	0.01551299091222921	2.343970830005032	0.9877231529987305	1.04919193507041	0.3666416086910646	0.03228849385775852	0.1249623953450362	0.4869764306594803	0.299807106374962	0.1901914354145257	0.8093399296610415	0.8093399296610415	1.552495019272826	1.552495019272826	0.4631215412360054	-0.1403729688564768	-0.4291180929594742	-0.3876238013639304	-0.04111663622411604	-0.4379678918368336	1.758666683737661	-0.127522947715717	0.3559838479068604	-0.05125253714363055	-4.190273897782818	0.5707970571286606	0.003808857035185854	4.189860781581113	-0.9298230549154162	-1.34634031941794	-2.342046500163095	-2.342046500163095	-0.3934842213710465	-0.3934842213710465	0.1094979033004307	1.565296989724475	-0.5047155868428747	1.077886469678463	0.0102835430779855	0.01019939659575874	0.01141449184525845	0.02500983617603533	0.01053091727229896	0.01034051809900363	0.01081645599138264	0.01114694834666705	0.01048732670161634	0.01357584984048529	0.129999306873793	0.2596843172077336	0.2428642602143896	0.3256973164963	0.0869328318391339	0.06219714737156208	0.01110801152636597	0.6284407566913401	0.3338916158423859	0.221003422978163	0.226477462841668	0.1823542357207716	0.132880679754103	0.01061973588952042	0.01098685250301703	0.01041000762476531	0.0105312415137028	0.05462362444731799	0.01034672295707719	0.1420692589938245	0.0113182999836625	0.01062877611142729	0.01094954809899112	0.7176127451705671	0.1490229731744301	0.2213343686239268	0.5801128786628287	0.1869928362830006	0.5198379734987032	0.2599969821519242	0.01023173960094459	0.01017115445524875	0.01062885677916053	0.01287734188969562	0.01038229467575576	0.01028716481413254	0.01052684244248074	0.01108098296007309	0.01053583644528958	0.009493112647634623	0.09286149937524495	0.2266820669315422	0.2247048834234061	0.4757485618041487	0.06886252467478199	0.03983629320401062	0.01049312533418616	0.6924095708445737	0.3447489104583263	0.2145108036862795	0.2501445886366845	0.1946323378701924	0.1382196607442832	0.01053495026752822	0.01044101094954646	0.01055040267113551	0.01075762646937088	0.05319989783304665	0.01028236862661999	0.1583772760933465	0.01129491182727333	0.01043135963508852	0.01075334147953789	0.6786543797910115	0.1686006404760158	0.2187472740876808	0.5841280763863965	0.1820416622180479	0.4835083310360364	0.2511880934618259	-0.0004080729139887751	-0.0008683638635818833	0.005856652576561787	-0.0006726617299135165	0.0124757725021649	-0.0422777299501557	-0.001834197366276667	-0.003228571870811435	-0.000300656581559942	-0.001758210582798597	-0.008398542061819005	-0.00506250930359725	0.03100082478832149	-0.2029567531226166	0.04076918285230242	-0.00173482724060213	0.007612741789308143	-0.006035496466823979	-32.03423493032231	0.01094474368616981	1.314859924432253	-17.81507370129329	-20.45933560241831	2.425504517966349	10.73785492887283	2.050355596699166	-22.14392119550302	20.07893657532359	21.6724559880064	-27.69598391307131	-80.89339645004796	-66.58715468133633	-49.42089770801428	-49.42089770801428	-99.51546678562622	-99.51546678562622	-124.0225134757101	13.28770395709748	12.01214080940539	6.602726583981009	-5.890079354362682e-17	-3.105892446292148e-17
13.98399366599709	-0.1407774707051193	0.1099799476953422	0.04361343205097942	2.342191535456638	0.9956074115646334	1.048555904915899	0.2880637486551532	0.0417455757409197	0.1264883742806072	0.5517748622635825	0.2747369362211299	0.1580245093884392	0.7601022240404015	0.7601022240404015	1.530153460458652	1.530153460458652	0.4533610784092212	-0.1114735077169714	-0.4297046440003526	-0.3685022968409646	0.2322145101624774	-0.4842666295092286	1.480078923141748	-0.0766316819728434	0.5458419698156234	-0.02294320866285459	-4.830099134032688	0.4920651791196102	0.1084385351575479	3.254254636732082	-1.928330775846883	-2.318185943403246	-3.290594414941668	-3.290594414941668	-2.154769027678447	-2.154769027678447	-1.288251770132761	1.770707247745544	0.3865133033478951	1.148113905974171	0.01025302629734524	0.0101675900359623	0.01074987419007703	0.0139918847760547	0.01042702427875667	0.01029797552548842	0.01054147286788376	0.01153494899809403	0.010685643099399	0.01637441253110538	0.1023928903525122	0.2165891795750074	0.2266188934528833	0.394680624384966	0.05750247401324619	0.03582094535412723	0.01050362323153009	0.6341826347903955	0.3178108467101441	0.1910540638254964	0.2377965087639363	0.1820396737912337	0.124674786852174	0.01055427378734651	0.03900269794125962	0.0103890777971492	0.0104953427123586	0.04136753977562544	0.01047531806404864	0.1760400797673886	0.01255733831468006	0.01049887387262318	0.01083996113150309	0.6483749374671521	0.1661732062241782	0.1945267485295028	0.5089551372211613	0.1541104937630646	0.4356443266815063	0.2185959068749516	0.01026132125974269	0.01015750352664179	0.01067963896928726	0.01189089827396464	0.01043501996697687	0.01029580664452843	0.0104869818507676	0.0119580613301311	0.01084160103539706	0.02209534948089802	0.09612073756998729	0.1783993234070484	0.2166667701893	0.3881296451264701	0.03811381450962856	0.02419537166472613	0.01036780897716242	0.5933149418845214	0.2828726384117601	0.1537570838038273	0.2359304350899733	0.1721207296819855	0.1103661076857947	0.01055285226800765	0.06815423603602792	0.01026672396064846	0.01029595528726352	0.0284711029068589	0.0106461242144884	0.2088211438936643	0.01377495117004318	0.01051727301728447	0.01087699495204522	0.5403242216333294	0.1737501170489272	0.1585388030517074	0.368874563100034	0.1139831661581182	0.3093328269948448	0.1642838451789585	-5.700642769909713e-05	-0.000671091854060237	0.005136164896323681	-0.0006512933966831124	0.01056889928420898	-0.03727288226134675	-0.0005010778655991665	-0.002764126660987967	0.001556355978752989	-0.0007789821013285692	-0.0007001253127895237	0.006705054354017637	-0.0004920640860540641	-0.2020736753470317	0.09433270720036024	0.007440634763510022	0.007526216633733124	-0.009529741117558851	-25.3890584457715	0.02299328519693187	22.73195918574686	5.13320806596407	-14.19185566948509	3.290718843737789	10.37770356291312	1.354783786647462	-40.28979644168934	-19.30536599992292	-7.305247395039009	-69.94211878639921	-42.97185118738723	-46.73725354083573	-53.1664060256341	-53.1664060256341	-100.0978949199288	-100.0978949199288	-63.49518110816604	11.25733489146569	66.74737509560804	4.478293006333207	-8.486639116006302e-17	8.460690447212869e-17
14.00132698199708	-0.134515896863222	0.1013010660672394	0.06669697981197126	2.341354092461609	1.006371885183934	1.048368575301001	0.2008038272352235	0.04836426282035901	0.1265089174337795	0.5986591619409791	0.2341564865593794	0.1114586571038743	0.6969522367076226	0.6969522367076226	1.478823311974466	1.478823311974466	0.4166406159845861	-0.07893832562643648	-0.4174704494091787	-0.3471406413287449	0.4872214708232347	-0.5144594751983325	1.179793792046236	-0.01884765980602783	0.6883166864011347	0.0005206538156500883	-5.192051213101153	0.2432896368839532	-0.16989544540751	2.122843492250707	-2.719472480094702	-3.007756549120887	-3.947311379906233	-3.947311379906233	-3.738324835829989	-3.738324835829989	-3.001274391840667	1.984803672811684	0.9746026961744372	1.336365688456332	0.01027933032665815	0.01015295036074122	0.01076056829038974	0.01225002197097698	0.01047115921554148	0.01030382208450538	0.01048861062513935	0.01238416204931903	0.01098542402198877	0.02829540250214406	0.1001183906157617	0.1679156505155974	0.2163934647335735	0.3531400493457066	0.02581521913582771	0.018474829474785	0.01035156661741724	0.5737226724876218	0.2684911414126867	0.1356497734062002	0.2298259165165749	0.1641815596745621	0.0999317074821116	0.0105675936468138	0.09251143268360049	0.01011972299946217	0.01005689797488723	0.01731763097292794	0.01082612588676054	0.2217779097747983	0.01496255967034329	0.01057292361525421	0.01095069634935295	0.534170188185691	0.173540715543786	0.1404614916747974	0.3376997312495075	0.09083518753362428	0.2846751515205913	0.1396919582699798	0.01029090291854078	0.01014385259803483	0.01073042115941398	0.01090445465823366	0.01048774525819797	0.01030444847492432	0.01044712125905446	0.0128351397001891	0.01114736562550453	0.0346975863141614	0.09937997576472962	0.1301165798825546	0.2086286569551938	0.3005107284487913	0.007365104344475121	0.008554450125441641	0.01024249262013868	0.4942203129244692	0.2209963663651938	0.09300336392137513	0.2217162815432622	0.1496091214937786	0.08251255462730618	0.01057075426848709	0.1258674611225094	0.009983045250161405	0.009834284105156155	0.003742307980671142	0.0110098798023568	0.2592650116939821	0.01625499051281303	0.01060318639948042	0.01100064842455255	0.4019940634756474	0.1788995936218387	0.09833033201573405	0.1536210498136715	0.04592467009818838	0.1351573229536532	0.07737959689609097	0.000294060058590581	-0.0004738198445385908	0.004415677216085575	-0.0006299250634527087	0.008662026066253058	-0.0322680345725378	0.0008320416350783344	-0.002299681451164499	0.003413368539065919	0.0002002463801414581	0.006998291436239957	0.01847261801163252	-0.03198495296042962	-0.2011905975714469	0.1478962315484181	0.01661609676762217	0.007439691478158104	-0.01302398576829373	-14.88293054310218	0.03125925518171306	-0.7994713121117931	-15.95669969100025	-22.96288085591833	3.220823362201932	5.270533462712194	1.491262806574823	9.918398233915939	0.4584941594946639	-22.51570266410518	-50.28889107895127	-56.96652444428274	-34.01692769559491	-15.74806213354735	-15.74806213354735	-79.00825418349774	-79.00825418349774	-160.4001977312624	14.28995500301088	-22.96552847953665	20.22093399293911	-1.19131212406365e-16	1.849933382432011e-16
14.01866029799707	-0.1266493339077834	0.09116946245444885	0.08359336403726918	2.341513348485784	1.018897457479841	1.048589842300036	0.1135312992509815	0.05059781903762438	0.118566045716399	0.6280314551278148	0.1805899253075394	0.05405422501601623	0.6275396611103781	0.6275396611103781	1.402453098033198	1.402453098033198	0.3411593430838267	-0.04400200689166178	-0.39445716999667	-0.3197307837532413	0.4186385726905466	-0.6617923787321757	0.7886393114418755	0.03553494818895729	0.7461665344636099	0.02248305969708295	-4.84324957956632	0.01653400496110266	-0.7927251519490158	1.273618642161719	-3.397308504108611	-3.561689405549356	-4.010946761406241	-4.010946761406241	-5.035112107834905	-5.035112107834905	-5.584465125330293	1.96858059789689	1.781571482251137	1.868044434592401	0.01082062654478868	0.01358405992513835	0.01068037155935783	0.01092436872149894	0.01055931710597278	0.01062749159939557	0.01037262513287742	0.01733521712343509	0.0108259715152815	0.02589240117733902	0.07722946090709309	0.1113078844559526	0.1873547737134559	0.2887457511786106	0.01054640137306776	0.01020226610482733	0.01022947698130004	0.4672284318089147	0.1996317193435372	0.0833466021828564	0.2028560137513852	0.1430079470674393	0.08241148459984855	0.01126069684134335	0.1557237548601412	0.01798096884210629	0.02085866737637328	0.01124798571234755	0.06271429865301201	0.2223958670304922	0.03125708520616394	0.01044240381592788	0.01077660380019991	0.3968225886912967	0.173907743880676	0.08512403765370546	0.2269553352088071	0.0449830689255354	0.1491039889632304	0.07408784672099827	0.01133438355993045	0.01692105677149398	0.01062495338821266	0.01062127118398103	0.0106322474418756	0.01093914686268418	0.01029102555483473	0.02185469352385184	0.0105542275272608	0.01878290068392227	0.05151376814003873	0.06808909796568993	0.1525544099789756	0.2253683978678689	0.00878745235001189	0.009313983908981345	0.01019120976794478	0.3297934930480466	0.13538789653696	0.05221646736034059	0.1704253378536573	0.1264234218766711	0.07494292535779599	0.01192778064218198	0.209967246013367	0.02578682257881144	0.03167769931251941	0.01511272154075041	0.1183843626594553	0.1937867530527796	0.04675812569491423	0.01029455904053711	0.01057226637630471	0.2510898203693535	0.1702830946520677	0.04971079308469623	0.1924843707279117	0.02695426433612437	0.06811890847625178	0.04153899037021166	0.0002332853438633668	-0.0002694930318180488	0.003516541702727277	-0.0009227340814958753	0.005888452074573195	-0.02576543679721768	0.0005236832236281128	-0.001837536756717913	0.001989664808572935	-0.0006577761718731391	-0.00202275121636343	-0.001360851200946411	-0.058825423355634	-0.1512144327091405	0.1600669383162371	0.0209616375560784	0.005983482334112416	-0.01289476045860962	-7.38282669990277	0.03343311370549347	-5.692933223292785	-5.396390654844969	-20.73739080393424	2.949666399602529	1.438386731553432	0.9362700530511138	28.22123668892456	-19.6701555186208	-46.63333832137328	-47.71035533530837	-24.63875089394147	-26.24210658586157	6.771341698455701	6.771341698455701	-69.38452767481076	-69.38452767481076	-132.6452590747749	-15.27583966533901	90.03916239544532	39.51158735320237	-1.699944809124065e-16	2.54820981686337e-16
14.03599361399707	-0.1200662425725325	0.07810867750499073	0.09468985771646585	2.342527437422359	1.031865378589131	1.049060380532593	0.03410470872473144	0.04901042679350837	0.09742847917938974	0.6430659608853335	0.1186012924605098	-0.01013595581945608	0.5596705174016421	0.5596705174016421	1.305608279317462	1.305608279317462	0.2273324378815618	-0.01338902374875346	-0.3522152081310074	-0.2809351561443706	0.3391284434777108	-0.8524422751044618	0.5105749828923687	0.07978700564391847	0.7393569851395277	0.02928274798416971	-4.28674983187721	-0.1975894726162811	-1.692361754754729	0.4684817498900963	-3.691250943626247	-3.790728341433139	-3.769222906989751	-3.769222906989751	-6.100781595341673	-6.100781595341673	-7.425774851132211	1.485956759518425	3.193299044081855	2.650109698358663	0.01183572411150136	0.02013829530363636	0.01057628464163063	0.01058119054052813	0.01070071237977963	0.01124485210701502	0.01021870033342846	0.02604760032279523	0.01025661490451816	0.01085257577434791	0.03135245146363217	0.04641707152687134	0.1358977897688053	0.2134428771712581	0.01071621010697118	0.01036986417704411	0.01017431861873808	0.3156747879533334	0.1129106715403668	0.03813526774956284	0.1560978391135107	0.1197410490584377	0.07319481547617612	0.01257960227146959	0.2317048770315291	0.03313722247118074	0.04169799517811933	0.02148312829014461	0.1591016626664943	0.1717456419976063	0.06011331244639978	0.01014347481278627	0.01036215239364105	0.2394059093950137	0.167160995463866	0.03223452758301251	0.2208591947257734	0.02118537196332794	0.05459198198424101	0.03022663698906367	0.01237786420132012	0.02369826094495313	0.01051948561701133	0.0103380877097284	0.01077674962555323	0.01157384525044404	0.01013492985061499	0.03087424734751458	0.009961089429017057	0.002868215053683144	0.003647560515347831	0.006061616048825305	0.09648016300275745	0.1502260672869464	0.01020980035554866	0.01007351769252105	0.01013992691575089	0.165366673171624	0.04977942670872625	0.01142957079930606	0.1191343941640526	0.1032377222595637	0.06737329608828581	0.01328480701587687	0.2940670309042246	0.04159059990746147	0.05352111451988267	0.02648313510082969	0.2257588455165538	0.1283084944115771	0.07726126087701544	0.009985931681593811	0.01014388432805686	0.1001855772630595	0.1616665956822968	0.001091254153658407	0.231347691642152	0.00798385857406035	0.001080493998850384	0.005698383844332338	0.0001725106291361519	-6.516621909750681e-05	0.00261740618936898	-0.001215543099539042	0.003114878082893333	-0.01926283902189756	0.0002153248121778912	-0.001375392062271327	0.0005659610780799506	-0.001515798723887736	-0.01104379386896682	-0.02119432041352535	-0.08566589375083838	-0.101238267846834	0.1722376450840562	0.02530717834453463	0.004527273190066729	-0.01276553514892552	-3.563517590665882	0.03471286902238301	-2.060306928349628	-20.95481924740393	-9.914004108398782	2.05191251559549	-2.19017369644724	-0.2582832807812169	33.88358921691892	1.916051887683833	-54.45499186466338	-45.20181393602209	-12.67106655308122	3.470869855067949	19.48573109062673	19.48573109062673	-52.34079084315925	-52.34079084315925	-74.79845739628669	-39.52557151988657	46.81440004127135	49.11171491798615	-1.876235216783423e-16	3.191254645036838e-16
14.05332692999706	-0.116077732715927	0.06004724307460797	0.1012340009144481	2.344169562395881	1.044037563138715	1.049578431944243	-0.03256935927441357	0.0462659890912559	0.06207352738546569	0.6467257469695227	0.05287945624597028	-0.07615582480052077	0.4990532311958358	0.4990532311958358	1.193080388292066	1.193080388292066	0.09194639250308635	0.006389133971832491	-0.2909887109687708	-0.2274254101672245	0.1533163602531701	-1.215678943160769	0.2519026629757881	0.106867110753149	0.6590006224616508	0.02983302685827122	-3.4283263405917	-0.1107944897715688	-2.314651583591112	-0.0574483613418417	-3.842665047346501	-3.825665781097717	-3.176296059675991	-3.176296059675991	-6.849994434337418	-6.849994434337418	-8.094540349982386	0.8147145105518973	3.862563791690243	3.502069274222953	0.03163911655386516	0.06745541511408858	0.01069173565954791	0.01054145934836383	0.01131957061653861	0.01474007451869756	0.01046843683906281	0.05081624572197129	0.01869109963238745	0.01132882819363236	0.01184936354894153	0.01384421984792315	0.1060762569571805	0.1725654421819368	0.0102725977101863	0.01012903102832689	0.01015963122280437	0.1911339858796944	0.05216472467804923	0.01486722240293744	0.1216878359177571	0.08643833529142964	0.05422206688664227	0.02679342942907408	0.2740687553936466	0.03406099575102994	0.04827104249086325	0.0215947367139055	0.2024670585245105	0.1103871692929505	0.07461756636552062	0.01955212746225731	0.01505301364263226	0.1199830550053244	0.140744970273508	0.04255032178121301	0.1806638342246949	0.01021321515868483	0.01158694995786694	0.01013544933702728	0.05123748650504729	0.1161684535081374	0.01084444191430367	0.01068005623429588	0.01186195881278094	0.01790211919744992	0.01077014432281928	0.07330688319731804	0.027189566469929	0.0175829958694437	0.01226726765041117	0.009524113152559244	0.09848602196139022	0.1632189453254238	0.01021332292196436	0.01011260490071172	0.01017051029787223	0.1180956120361667	0.02874931489780812	0.0106525080800273	0.1055341751583139	0.0593463000962005	0.03783752985968539	0.04048363698780939	0.2886295732940634	0.02876251373564386	0.04638399681021523	0.01803960241521264	0.2091599924411328	0.06517634371319084	0.07780786113315943	0.02892238817409155	0.01978153082590564	0.06143292872317917	0.1105562694306335	0.07623240995811573	0.1162836499739759	0.009007896566743116	0.005468246386523032	0.007830938312248376	0.0001432539908608654	-5.904197754518913e-05	0.002232130012752396	-0.0009352754811671396	0.001827521170730087	-0.01387244143667556	0.001881382677934483	-0.0005348637176967656	0.0007904007783167879	0.0006484652537748405	-0.002993130335806333	-0.002328900258486857	-0.1022375028002534	-0.04081008307891185	0.1394441928994972	0.03361655982671635	0.004605744767807833	-0.01151421104459983	-2.025516098674727	0.03165769412698521	-12.26047270360054	-19.58124769807836	-16.78917234175775	1.073302206083987	-6.389025730636459	0.1196943187073686	55.44914641511271	7.26981913594943	-20.35845701590856	-23.88588367392896	-2.494316482808858	-4.647176199427585	45.79040311578958	45.79040311578958	-35.79020623084708	-35.79020623084708	-11.71990442405015	-36.71818844613036	33.75364782542673	47.26515895824571	-1.0554987922394e-16	3.668604654436346e-16
14.07066024599705	-0.1136339173672391	0.03651612346888303	0.1036784337992587	2.346134329894071	1.054498321044519	1.050071730261391	-0.08550325342664257	0.04545667245918533	0.01969745487909851	0.6406844185674455	-0.0128991109547261	-0.1427141598960461	0.4512504255347836	0.4512504255347836	1.069293820426859	1.069293820426859	-0.04977088772716287	0.01549827776371192	-0.2186161188669049	-0.1602938688445033	0.1608942835606581	-1.483560426454718	0.0375310121745084	0.1170150264874701	0.5418844826154681	0.02642661883940697	-2.701343571826002	0.02569395107285888	-2.502491877859463	-0.6508787332708953	-3.697796833190239	-3.852859109078622	-2.290627519383542	-2.290627519383542	-7.399860991323079	-7.399860991323079	-8.156302679941991	0.2549154597796028	4.479388207821199	4.221856886903762	0.06818500589368476	0.150854019528301	0.01100510515820959	0.01086241180856576	0.01237798769047083	0.02087325942970899	0.01108232909234582	0.09044537070209142	0.03518645354149212	0.02513861046447373	0.01822158019837647	0.01370716143348543	0.1021947002943576	0.172774865105564	0.01025145927913739	0.01015281752537895	0.01018775168520459	0.1162157615251223	0.02320814213190689	0.0120173427640372	0.1035020370194744	0.0424828802532276	0.02519434962425742	0.05261631205716177	0.2803061717908711	0.02228745445939856	0.0423945655747768	0.01369930746035618	0.1978421098283709	0.04329815161899293	0.07669487541091315	0.03766330817969311	0.02433955058610863	0.05610703517404207	0.0929722492708091	0.109605356045826	0.07639996210532135	0.01040849050076204	0.01078145493283117	0.01047825535833954	0.09009710880877447	0.2086386460713217	0.01116939821159601	0.01102202475886336	0.01294716800000864	0.02423039314445581	0.01140535879502357	0.1157395190471215	0.04441804351084094	0.03229777668520425	0.02088697478547451	0.01298661025629318	0.100491880920023	0.1762118233639013	0.01021684548838007	0.01015169210890238	0.01020109367999357	0.07082455090070941	0.007719203086889999	0.009875445360748525	0.09193395615257514	0.01545487793283734	0.008301763631084973	0.06768246695974192	0.2831921156839022	0.01593442756382625	0.03924687910054778	0.009596069729595598	0.1925611393657117	0.002044193014804611	0.07835446138930341	0.0478588446665893	0.02941917732375441	0.02268028018329881	0.05944594317897032	0.151373565762573	0.001219608305799871	0.01003193455942588	0.009855998774195679	0.009963492780164411	0.0001139973525855792	-5.291773599287134e-05	0.001846853836135813	-0.0006550078627952372	0.0005401642585668403	-0.008482043851453567	0.003547440543691075	0.0003056646268777956	0.001014840478553625	0.002812729231437417	0.005057533197354151	0.01653651989655163	-0.1188091118496684	0.01961810168901033	0.1066507407149382	0.04192594130889808	0.004684216345548938	-0.01026288694027414	-1.860899443121833	0.02857814706675741	20.25394690884177	-9.952286926132468	-4.802383329625336	0.09819640323499648	-6.431690688155508	-0.7148245326649018	18.71733683683447	7.649918159981682	-4.326149285638133	-52.99031334342335	21.51538892683539	4.36442209673675	53.26365251995232	53.26365251995232	-29.33927376354381	-29.33927376354381	-4.759560177673136	-26.6667281001636	40.76358651228959	33.86108853079657	-3.745488250730478e-17	3.525568184284238e-16
14.08799356199704	-0.1096098865275906	0.007690743883476949	0.1033270265723219	2.348122316571441	1.062658281368837	1.050427099638046	-0.1266041833559558	0.04853579651531739	-0.02400288405198319	0.6247769824236852	-0.07529067022788166	-0.2083572179047832	0.4224200191429607	0.4224200191429607	0.9386539810590726	0.9386539810590726	-0.1853826105690658	0.01639707484612207	-0.1331171832684647	-0.08158899102649893	0.3052810677135838	-1.812883761689557	-0.06007957772554733	0.110817378456047	0.3952864598831721	0.01377022444202298	-2.05258730923114	0.3079884137186607	-2.480464971813118	-1.143202563134991	-3.46595352844013	-3.684413645840086	-1.018327397128503	-1.018327397128503	-7.594371164956059	-7.594371164956059	-7.489635474591008	-0.08852783681320778	5.264427878042165	4.784936050204202	0.08445332585627489	0.184873340500037	0.01113463386396244	0.01102914391285484	0.01294349534398534	0.02048675011064391	0.01108117220007189	0.09964054376277175	0.08769200070694981	0.04842268149962229	0.01812979056307108	0.01255311988299755	0.08175040431270225	0.1615424732553903	0.01019595172095866	0.01013570258092927	0.01018449184749979	0.06824336998599022	0.01033856824937667	0.01019748370595063	0.09607880966923497	0.01790072953302324	0.01098403756449574	0.0571066250733403	0.2818873063152611	0.02588805059868706	0.05299647485372354	0.01022228780304527	0.1857623817696196	0.01016025587486918	0.07188647530283243	0.05515610533103213	0.02939818353781833	0.0263954538700568	0.0676225474436319	0.1732330107875408	0.01622062940753793	0.01013658598955702	0.01002831983434855	0.01008274284977429	0.08626695344015267	0.1850557120786377	0.01114008485229323	0.01107388170286168	0.0130770872048738	0.01764709288527077	0.01084485228536578	0.09115668976335103	0.1399624169036451	0.06744875876393353	0.01609079614580398	0.01195762486368273	0.05935998514380698	0.143911959428913	0.01016766654986786	0.01012003720241063	0.01017164252521232	0.04581963976536194	0.008877210132647277	0.009996398179567483	0.09590166058553853	0.01241314708600627	0.009166256021461521	0.05066603549288128	0.2820970192372119	0.0341572595826589	0.0666751034508707	0.009834255609117966	0.1730410270164546	0.006116217953492144	0.06525227822497505	0.0661562078451025	0.03075538851767345	0.01950790640379707	0.06327898638069684	0.2234988595395063	0.005666805673428785	0.01014854274715526	0.009975371713106626	0.01007609231390858	7.43612507865068e-05	-1.162741423712654e-06	0.001479900093907971	-0.0006476777128788443	0.0009255880204226364	-0.00656080946759499	0.003780397713684732	-0.0009233402987768454	0.0009836116450916152	0.003938048628211702	0.006869067194051044	0.005758326811485132	-0.1190905288171246	0.03460749126280703	0.09930632290883068	0.05758099523563046	0.005371897184602943	-0.01012313714569485	-1.729682264381411	0.01964616827920668	2.529325581491202	-20.96455310573829	-4.488326230719294	-0.7196465227859989	-9.848178759334102	-0.8077211938407969	45.78759867240131	18.73502833514645	9.209207517922588	-12.52766125802017	12.35902008813019	15.59101395410907	84.99717928371635	84.99717928371635	4.726389146940077	4.726389146940077	60.20926696591224	-10.96346983300996	37.04381050500257	25.34621597538515	-3.925311447953932e-17	2.805993163721925e-17
14.10532687799703	-0.1029862449447562	-0.02530554999361712	0.1022196232711945	2.349922230602578	1.068050290171276	1.050521109231661	-0.1570585950133135	0.05538474097841307	-0.06423288714267285	0.6024884245042894	-0.1318289068879807	-0.2691600007354324	0.4165597475750569	0.4165597475750569	0.8087823791671174	0.8087823791671174	-0.3093564134689374	0.01460222598824133	-0.04032659079796536	0.002999413330147927	0.4608496692683995	-1.964820249063371	-0.04969939130869607	0.0953143148368507	0.2225051414808409	-0.003730309360446062	-1.472897927384933	0.4606736637793407	-2.102068111236434	-1.387162751359329	-3.022412779376286	-3.294365260805147	0.3597753030111216	0.3597753030111216	-7.311218117007344	-7.311218117007344	-6.813464420714899	-0.05589015182894418	5.32073407286657	4.900726012539628	0.08303764387051187	0.1724987541265584	0.01111412730817719	0.01108733853561283	0.01309819537078136	0.01429821921620401	0.01055156580031064	0.07973487300900946	0.1732318557312771	0.08158927120496616	0.01362425301665749	0.0115152335568169	0.04247666016534995	0.1331316272796064	0.01014642434957772	0.01010483729051823	0.01015646537034109	0.03814049815686003	0.01049041229651904	0.01020794677483922	0.09828834313918543	0.0127152104318678	0.01072568394387903	0.04223589033649674	0.2815241584788907	0.04288848970566519	0.07834119921941665	0.01024046339029973	0.1676935347834969	0.01065349381205296	0.05973939573995983	0.07299748201272477	0.03099300138183206	0.02016829961372791	0.06718720625376799	0.2399077124308917	0.01200519600851454	0.01023194543545836	0.01009951803770031	0.01016750276488842	0.08243679807153087	0.1614727780859538	0.01111077149299045	0.01112573864686	0.01320700640973896	0.01106379262608572	0.01028434577570799	0.06657386047958058	0.2355067902964491	0.1025997408426628	0.01129461750613345	0.01092863947107228	0.01822808936759096	0.1116120954939248	0.01011848761135565	0.01008838229591887	0.01014219137043106	0.02081472863001447	0.01003521717840455	0.01011735099838644	0.0998693650185019	0.009371416239175208	0.01003074841183807	0.03364960402602062	0.2810019227905216	0.05238009160149155	0.09410332780119361	0.01007244148864034	0.1535209146671974	0.01018824289217968	0.05215009506064668	0.08445357102361567	0.0320915997115925	0.01633553262429534	0.06711202958242338	0.2956241533164394	0.0101140030410577	0.01026515093488465	0.01009474465201757	0.01018869184765275	3.472514898743458e-05	5.059225314544622e-05	0.001112946351680128	-0.0006403475629624515	0.001311011782278433	-0.004639575083736413	0.004013354883678389	-0.002152345224431486	0.0009523828116296047	0.005063368024985986	0.008680601190747936	-0.005019866273581371	-0.1193719457845808	0.04959688083660374	0.09196190510272317	0.07323604916236283	0.006059578023656947	-0.00998338735111555	-1.764001412354667	0.01099753416491902	21.54415789927142	10.51544675634412	7.658103321279256	-0.9755064690575799	-9.452843209698077	-1.273764253730072	10.74807339656888	-7.305005939386269	36.79350197214753	-24.33294141991274	45.94204154354522	29.9340155659267	65.47165448387341	65.47165448387341	25.77576845710334	25.77576845710334	-3.662961174328324	16.72727470659803	-43.32112934899019	-17.74925549861068	-3.725480239596764e-17	-2.740901251682913e-16
14.12266019399703	-0.09258230636017131	-0.05738481027148352	0.1021027933047426	2.351414322461182	1.070389765673674	1.050316764245728	-0.1800884241095888	0.06184026413117832	-0.09396487128153316	0.5765219301532609	-0.1777653772438955	-0.3219095294478645	0.4344334557305751	0.4344334557305751	0.6881477249722585	0.6881477249722585	-0.4034228520587047	0.01444025318884507	0.0443355265607579	0.08441806495709127	0.7428785961851802	-1.727793681545162	0.03880979641416048	0.07625226348045171	0.04686141233223296	-0.01869694666360953	-1.204971824880931	0.2782543476956145	-1.338982112757713	-1.557590833574632	-2.321413313450905	-2.801280018813031	1.672134013239975	1.672134013239975	-6.456830819308255	-6.456830819308255	-3.979509422745122	0.01067284240358049	4.446106115250408	4.459683303338438	0.0765986941927275	0.1574847136193281	0.01114803490927617	0.01108670868254798	0.01324129763339085	0.01366576260279753	0.01265699843380858	0.08055312755787479	0.1790230608780612	0.07644828179462719	0.01166423567242268	0.01088025024613274	0.01861866519057454	0.09097783806439619	0.0101444119915489	0.01010185177649108	0.01015191703979892	0.02615161411564401	0.01028190442080018	0.01019042487476727	0.0937293112610898	0.01263311144285443	0.01062918941640671	0.04592280115982658	0.2700394055196133	0.04383106978038567	0.07113403200953468	0.01018867055832725	0.1610849932009763	0.01022558075731456	0.06022668040094681	0.1038982095083314	0.04735280979238788	0.01458466530984335	0.06401464133258421	0.2294392294059038	0.01041191703251662	0.01021391588849912	0.0100761668820991	0.01015153879821397	0.06973263950960049	0.1458843324279134	0.01118322590075036	0.01105814471513649	0.01330098061890713	0.0154022627607021	0.01489188626875622	0.09127330278140645	0.1376562764913451	0.0548137058161588	0.01145715956736073	0.01069377955240394	0.01190566156427834	0.05639573309913707	0.01016280304898241	0.01011095053008605	0.01015792325760384	0.02646292773135524	0.01041208539283293	0.01023946970510375	0.08718257168050428	0.01498512085982669	0.01104169680638554	0.05614611775496217	0.2526203835934456	0.03777869551605102	0.05125848867691303	0.01026103214132369	0.1630427910638824	0.01015156933132253	0.06637421305576115	0.1315472654534366	0.06372955463207108	0.01189782130536659	0.06057183310348805	0.16964348055232	0.01024740221617201	0.01017238263767634	0.01005715310712046	0.01012074313604186	1.884045488719638e-05	2.007464430520801e-05	0.0005548076103849239	-0.0003351100381253432	0.0008352676252439481	-0.002246802241601582	0.003099495872015127	-0.0009577022109411168	0.002454212729706686	0.004265671912000902	0.0001965734496244579	-0.003337373493264168	-0.110419111086784	0.05591671786358097	0.0647044233336555	0.09211834675751554	0.001916490031674718	-0.005182629475963176	-1.806430078691827	-0.0004243588852449275	13.91750207284196	16.01946161223978	4.05460894877903	-1.213602446113775	-10.52313534559746	-0.558700023247689	16.03101183748472	-12.64790708164585	46.7367260347675	1.864514572643703	33.93159130881327	26.91160313061714	78.19923761569906	78.19923761569906	74.14700197993527	74.14700197993527	252.3442946638928	-4.899077601072553	-54.19076584729026	-32.24006065529103	6.505494301493544e-18	-3.304250521314298e-16
14.13999350999702	-0.07711969556202042	-0.08489578486259802	0.103654842488448	2.352544907759428	1.069654946692147	1.049912851574528	-0.1995443186973996	0.06482493488959418	-0.111012572553434	0.5502732848147827	-0.2138110591535436	-0.3665883211377705	0.4734716219684481	0.4734716219684481	0.5901925322144058	0.5901925322144058	-0.4452029002253302	0.01405257685994661	0.113739918901518	0.156420871858454	1.044543200681342	-1.437709835019808	0.1428637801188571	0.05360197769860896	-0.1322214998525946	-0.02675737299520815	-1.060520456338308	0.06019029471701375	-0.638495547629425	-1.419718667082516	-1.881166817406731	-2.363125442350359	2.801830600723836	2.801830600723836	-4.694354565103429	-4.694354565103429	-0.7804133388370675	-0.08193289281425892	3.560225579515381	3.814281303912048	0.06461939734878873	0.1417954058830719	0.0112183422454926	0.01102283263473511	0.01333812114968071	0.0176996314332034	0.01710900881834345	0.1018408153651339	0.09989805149915119	0.03314269751729327	0.01170166004546593	0.01062275495983303	0.01046605749336512	0.03516361202890095	0.01018620789161808	0.01012303194479291	0.0101665460818749	0.03025003304189279	0.01062666005095791	0.01030493455918836	0.08215914408250265	0.01790211708601353	0.01157862580942111	0.06639225693759014	0.2459818305169516	0.03058469154374476	0.03188063195456563	0.01036415096483379	0.1672758364264373	0.01016734676821661	0.07282137619781973	0.1472569239769299	0.0769744608425775	0.01003911637221435	0.05784415934932734	0.1272666883593251	0.01044711372175682	0.01012521285269535	0.01003934721474428	0.01008641422992477	0.05702848094767011	0.130295886769873	0.01125568030851026	0.01099055078341297	0.01339495482807531	0.01974073289531848	0.01949942676180446	0.1159727450832323	0.03980576268624105	0.007027670789654785	0.011619701628588	0.0104589196337356	0.005583233760965723	0.001179370704349381	0.01020711848660917	0.01013351876425322	0.01017365514477661	0.03211112683269601	0.0107889536072613	0.01036158841182106	0.07449577834250666	0.02059882548047817	0.01205264520093301	0.07864263148390371	0.2242388443963697	0.02317729943061049	0.008413649552632452	0.01044962279400704	0.1725646674605675	0.01011489577046538	0.08059833105087562	0.1786409598832575	0.09536750955254968	0.007460109986437844	0.05403163662455272	0.0436628077882005	0.01038080139128632	0.01007961434046804	0.01001956156222335	0.01005279442443098	2.95576078695831e-06	-1.044296453503019e-05	-3.331130910280092e-06	-2.987251328823496e-05	0.0003595234682094635	0.0001459706005332485	0.002185636860351865	0.0002369408025492528	0.003956042647783766	0.003467975799015818	-0.008287454291499021	-0.001654880712946965	-0.1014662763889872	0.06223655489055818	0.03744694156458784	0.1110006443526683	-0.002226597960307512	-0.000381871600810804	-1.860000565233996	-0.003422470070338763	23.80981527024306	16.63744660994038	9.45173542050909	-1.389533932174895	-9.849672418398962	-0.4768929601394001	-3.499025538387818	-11.41786430934739	29.57048320869092	11.24019977333124	15.85513031648121	23.59585551282791	44.39523462917577	44.39523462917577	130.5553682181813	130.5553682181813	38.46874471950536	-1.638366287939377	-44.61950504569698	-41.3291971814707	5.026579099895023e-17	-3.867599790945626e-16
