inDegrees=no
num_controls=58
num_derivatives=20
num_input_controls=0
num_iterations=1069
num_multipliers=2
num_parameters=0
num_slacks=2
num_states=80
objective=3.391769
objective_accelerations=0.144586
objective_control_effort=1.078944
objective_marker_tracking=2.168239
solver_duration=4628.812612
status=Solve_Succeeded
success=true
DataType=double
version=3
OpenSimVersion=4.5.2-2025-05-03-6a4c6ec41
endheader
time	/jointset/ground_pelvis/pelvis_tilt/value	/jointset/ground_pelvis/pelvis_list/value	/jointset/ground_pelvis/pelvis_rotation/value	/jointset/ground_pelvis/pelvis_tx/value	/jointset/ground_pelvis/pelvis_ty/value	/jointset/ground_pelvis/pelvis_tz/value	/jointset/hip_r/hip_flexion_r/value	/jointset/hip_r/hip_adduction_r/value	/jointset/hip_r/hip_rotation_r/value	/jointset/hip_l/hip_flexion_l/value	/jointset/hip_l/hip_adduction_l/value	/jointset/hip_l/hip_rotation_l/value	/jointset/walker_knee_r/knee_angle_r/value	/jointset/patellofemoral_r/knee_angle_r_beta/value	/jointset/walker_knee_l/knee_angle_l/value	/jointset/patellofemoral_l/knee_angle_l_beta/value	/jointset/ankle_r/ankle_angle_r/value	/jointset/ankle_l/ankle_angle_l/value	/jointset/subtalar_r/subtalar_angle_r/value	/jointset/subtalar_l/subtalar_angle_l/value	/jointset/ground_pelvis/pelvis_tilt/speed	/jointset/ground_pelvis/pelvis_list/speed	/jointset/ground_pelvis/pelvis_rotation/speed	/jointset/ground_pelvis/pelvis_tx/speed	/jointset/ground_pelvis/pelvis_ty/speed	/jointset/ground_pelvis/pelvis_tz/speed	/jointset/hip_r/hip_flexion_r/speed	/jointset/hip_r/hip_adduction_r/speed	/jointset/hip_r/hip_rotation_r/speed	/jointset/hip_l/hip_flexion_l/speed	/jointset/hip_l/hip_adduction_l/speed	/jointset/hip_l/hip_rotation_l/speed	/jointset/walker_knee_r/knee_angle_r/speed	/jointset/patellofemoral_r/knee_angle_r_beta/speed	/jointset/walker_knee_l/knee_angle_l/speed	/jointset/patellofemoral_l/knee_angle_l_beta/speed	/jointset/ankle_r/ankle_angle_r/speed	/jointset/ankle_l/ankle_angle_l/speed	/jointset/subtalar_r/subtalar_angle_r/speed	/jointset/subtalar_l/subtalar_angle_l/speed	/forceset/addbrev_r/activation	/forceset/addlong_r/activation	/forceset/addmagDist_r/activation	/forceset/addmagIsch_r/activation	/forceset/addmagMid_r/activation	/forceset/addmagProx_r/activation	/forceset/bflh_r/activation	/forceset/bfsh_r/activation	/forceset/edl_r/activation	/forceset/ehl_r/activation	/forceset/fdl_r/activation	/forceset/fhl_r/activation	/forceset/gaslat_r/activation	/forceset/gasmed_r/activation	/forceset/glmax1_r/activation	/forceset/glmax2_r/activation	/forceset/glmax3_r/activation	/forceset/glmed1_r/activation	/forceset/glmed2_r/activation	/forceset/glmed3_r/activation	/forceset/glmin1_r/activation	/forceset/glmin2_r/activation	/forceset/glmin3_r/activation	/forceset/grac_r/activation	/forceset/iliacus_r/activation	/forceset/perbrev_r/activation	/forceset/perlong_r/activation	/forceset/piri_r/activation	/forceset/psoas_r/activation	/forceset/recfem_r/activation	/forceset/sart_r/activation	/forceset/semimem_r/activation	/forceset/semiten_r/activation	/forceset/soleus_r/activation	/forceset/tfl_r/activation	/forceset/tibant_r/activation	/forceset/tibpost_r/activation	/forceset/vasint_r/activation	/forceset/vaslat_r/activation	/forceset/vasmed_r/activation	/forceset/addbrev_r	/forceset/addlong_r	/forceset/addmagDist_r	/forceset/addmagIsch_r	/forceset/addmagMid_r	/forceset/addmagProx_r	/forceset/bflh_r	/forceset/bfsh_r	/forceset/edl_r	/forceset/ehl_r	/forceset/fdl_r	/forceset/fhl_r	/forceset/gaslat_r	/forceset/gasmed_r	/forceset/glmax1_r	/forceset/glmax2_r	/forceset/glmax3_r	/forceset/glmed1_r	/forceset/glmed2_r	/forceset/glmed3_r	/forceset/glmin1_r	/forceset/glmin2_r	/forceset/glmin3_r	/forceset/grac_r	/forceset/iliacus_r	/forceset/perbrev_r	/forceset/perlong_r	/forceset/piri_r	/forceset/psoas_r	/forceset/recfem_r	/forceset/sart_r	/forceset/semimem_r	/forceset/semiten_r	/forceset/soleus_r	/forceset/tfl_r	/forceset/tibant_r	/forceset/tibpost_r	/forceset/vasint_r	/forceset/vaslat_r	/forceset/vasmed_r	/forceset/pelvis_tx_residual	/forceset/pelvis_ty_residual	/forceset/pelvis_tz_residual	/forceset/pelvis_tilt_residual	/forceset/pelvis_list_residual	/forceset/pelvis_rotation_residual	/forceset/hip_flexion_r_reserve	/forceset/hip_adduction_r_reserve	/forceset/hip_rotation_r_reserve	/forceset/knee_angle_r_reserve	/forceset/ankle_angle_r_reserve	/forceset/subtalar_angle_r_reserve	/forceset/hip_flexion_l_torque	/forceset/hip_adduction_l_torque	/forceset/hip_rotation_l_torque	/forceset/knee_angle_l_torque	/forceset/ankle_angle_l_torque	/forceset/subtalar_angle_l_torque	lambda_cid20_p0	lambda_cid21_p0	/jointset/ground_pelvis/pelvis_tilt/accel	/jointset/ground_pelvis/pelvis_list/accel	/jointset/ground_pelvis/pelvis_rotation/accel	/jointset/ground_pelvis/pelvis_tx/accel	/jointset/ground_pelvis/pelvis_ty/accel	/jointset/ground_pelvis/pelvis_tz/accel	/jointset/hip_r/hip_flexion_r/accel	/jointset/hip_r/hip_adduction_r/accel	/jointset/hip_r/hip_rotation_r/accel	/jointset/hip_l/hip_flexion_l/accel	/jointset/hip_l/hip_adduction_l/accel	/jointset/hip_l/hip_rotation_l/accel	/jointset/walker_knee_r/knee_angle_r/accel	/jointset/patellofemoral_r/knee_angle_r_beta/accel	/jointset/walker_knee_l/knee_angle_l/accel	/jointset/patellofemoral_l/knee_angle_l_beta/accel	/jointset/ankle_r/ankle_angle_r/accel	/jointset/ankle_l/ankle_angle_l/accel	/jointset/subtalar_r/subtalar_angle_r/accel	/jointset/subtalar_l/subtalar_angle_l/accel	gamma_cid20_p0	gamma_cid21_p0
14.83332732999724	-0.03144616606431366	0.02417830824685317	0.09796918416344041	2.39865451473649	0.9396550728910744	1.039597450613607	-0.0347477552739662	0.04005530304703278	-0.0721414217722112	0.767249465985461	-0.1571203130993254	-0.04682462315121306	0.6309958410372581	0.6309958410372581	1.765136715093094	1.765136715093094	0.268377691445409	-0.3239648430649919	-0.1629597111002788	-0.1504934205435331	-0.7633193090025309	1.321855666263512	1.86398763854902	0.2008030144377141	0.7389039446979033	-0.2011055580525295	-7.411324538939311	-1.93386123293085	-1.502336134616087	4.128898465104058	2.034774998581106	-3.015214409826824	-4.670980037885587	-4.670980037885587	-6.877830722189719	-6.877830722189719	-7.423432430923365	4.319969488809248	0.8399050323225357	0.2287008057567938	0.03923820881345116	0.1064235996683405	0.02547374974021063	0.02147606824612089	0.03250604284090862	0.05654041352338746	0.01207608786669232	0.01901944024014602	0.05719039729311189	0.08827571025297465	0.05544942387106538	0.04473380898483225	0.02104336181738906	0.04886636659628393	0.02187592250090872	0.01515025141638636	0.01362382248442846	0.03753457789064061	0.09949973296051434	0.143314673355765	0.03180509218822634	0.03332841301637648	0.0569803529390129	0.02928031362031122	0.4539720525345875	0.1396606184569388	0.2276065242186378	0.2100379990991573	0.5297794924881707	0.4230342877231335	0.03576494003806956	0.01114195718227587	0.01303282140228972	0.5012905770722971	0.08802030269592295	0.1441932318682739	0.09436439268858911	0.071936369429398	0.09006689836099978	0.06276497109520221	0.03923820881345116	0.1064235996683405	0.02547374974021063	0.02147606824612089	0.03250604284090862	0.05654041352338746	0.01207608786669232	0.01901944024014602	0.05719039729311189	0.08827571025297465	0.05544942387106538	0.04473380898483225	0.02104336181738906	0.04886636659628393	0.02187592250090872	0.01515025141638636	0.01362382248442846	0.03753457789064061	0.09949973296051434	0.143314673355765	0.03180509218822634	0.03332841301637648	0.0569803529390129	0.02928031362031122	0.4539720525345875	0.1396606184569388	0.2276065242186378	0.2100379990991573	0.5297794924881707	0.4230342877231335	0.03576494003806956	0.01114195718227587	0.01303282140228972	0.5012905770722971	0.08802030269592295	0.1441932318682739	0.09436439268858911	0.071936369429398	0.09006689836099978	0.06276497109520221	0.0004910747203427956	-0.000142355184246839	-0.0005766743903488475	-0.0007242709401751937	-0.0007518734791205975	0.00116190291980028	0.001863286161458901	0.001182087830830813	0.00165844315176634	-0.002827908263218405	0.01256236763002746	0.0004174572280679448	-0.259134870582792	0.1263385020143272	0.03025416079198073	0.05234032666650242	0.00226093681295983	-0.005807715758789524	-19.09178691393303	0.1274329568209955	-78.94120408627019	3.094161056903825	-21.95863709322601	3.780326786795919	-3.186327435087955	0.4588438578811465	163.0716814450553	12.83578402924452	7.944845800153595	-52.97447838887449	37.43786253080564	-29.35342533581738	82.3148913435424	82.3148913435424	-129.3053674675905	-129.3053674675905	-189.8213284552787	-13.22602553562553	4.722775788912316	-2.5087600795389	-5.291259927194157e-18	-5.962253661509571e-17
14.84799398199723	-0.04938842405490258	0.043892162569019	0.1252634108649267	2.402028252466532	0.950179435050901	1.036547254381294	-0.1325363249712786	0.01378075601439136	-0.09602073393818346	0.8210576631021064	-0.1222122081946949	-0.09190601925563055	0.5589674703144942	0.5589674703144942	1.650574179146173	1.650574179146173	0.1392991324167354	-0.2612154054874191	-0.1508820084048604	-0.1460351751147343	-1.692357057148283	1.300913990817874	1.85727501097498	0.2543027415640547	0.6851066081897323	-0.2143160408483433	-5.891723433700534	-1.601394668564353	-1.680342895007042	3.285404328558124	2.649776832552045	-3.063707829013984	-5.127899834047674	-5.127899834047674	-8.713499584758184	-8.713499584758184	-10.00129953364053	4.256090296736718	0.8583104839577401	0.4779342319772346	0.05217288965888772	0.143670616486074	0.02251296377506702	0.01904616846791896	0.03097094665915107	0.06998106200887187	0.01807225684213637	0.08322981491063318	0.04510871796060045	0.07274829511222809	0.0604247614641969	0.04913365392613275	0.04210129732763221	0.06430827736624742	0.01924313808919993	0.01397883152725245	0.01289519508030696	0.03561722474228194	0.08572365228515495	0.1289488267506664	0.05218099640489857	0.07585159505237359	0.09039031013038047	0.07985013007245341	0.4421166738282699	0.1121168733839428	0.1857181907466202	0.2133288770582308	0.5177722523814028	0.354795099883167	0.0824720642240464	0.07670072647381659	0.0442822858454361	0.4233568586927646	0.1059137569752925	0.1289166031606057	0.1031728626354877	0.05726713218083909	0.07138562198862279	0.05015938161867517	0.06863187664109907	0.200110711435605	0.01898140255843772	0.01617502021516434	0.02910111699633014	0.08778863258360467	0.02510456669170176	0.1689322038275842	0.02977475190113242	0.05170004898430017	0.06690532074733727	0.05471840813613792	0.06815329481568536	0.0844889383283947	0.01613027130732151	0.01261430125176457	0.01204915093781381	0.03325402536881201	0.06654728405715354	0.1071906368293712	0.07801354036318688	0.1321759485285916	0.1362056673446419	0.1471994202709034	0.4164402899335434	0.07131954826508632	0.11473903519979	0.2189736445277035	0.4905778636028182	0.2122917323857158	0.1451211886300399	0.1629423584217722	0.08296554924751297	0.251264536072189	0.1314113763641817	0.1057672022877836	0.1157129916583259	0.03807130391437936	0.04608329792257995	0.03395729431826182	0.0005810026848407068	-0.0002445662790972212	-2.389299078329847e-05	-0.0006647579602858093	5.872512058933705e-05	-0.001651592208992123	0.002322188065684002	0.0002441564926041594	-0.0001964831978246253	-0.000678260799774655	-0.001295075502773161	0.003837936300748652	-0.220212091156283	0.08746805893970498	0.05217236727176408	0.03840386812580066	0.006370375522382681	-0.006848420913747658	-14.33099877263695	0.1181547666162747	-56.46541560943154	-10.38627253367569	10.22314344166921	3.075170010576323	-5.04725905426965	-1.527858944360711	77.12730470576686	32.45672875238236	-14.65100444601005	-51.92330453836012	36.44220382623254	16.72765052937238	-85.51719044447719	-85.51719044447719	-119.9313189311088	-119.9313189311088	-150.64228608852	2.054768889333436	4.762923347898473	36.83768468952472	-2.585218026690327e-17	-3.562767634733264e-16
14.86266063399723	-0.0813526595096981	0.06041749620179769	0.1524292184282895	2.405968858935598	0.9594249991092411	1.03332594991586	-0.2066395413571614	-0.005521441535666263	-0.119272673582102	0.865874439245796	-0.08161264039014923	-0.1346825858733516	0.4812575570719345	0.4812575570719345	1.510445894999385	1.510445894999385	-0.01980419188995217	-0.198553234038224	-0.1362791675330995	-0.1335790717612448	-2.675409057121282	0.887056955639091	1.846475920384103	0.2781033743324898	0.5645222110224933	-0.2244385222655845	-4.181500403009724	-0.9830853527113133	-1.416785250603296	2.90279437905091	2.810884351951961	-2.70091916552739	-5.445736610796498	-5.445736610796498	-10.36407259932403	-10.36407259932403	-11.51772269949004	4.308069550312337	1.184242400706748	1.319318886105892	0.07809682930586102	0.2195762109334892	0.01653315994664155	0.01415335674773493	0.02786282134591346	0.09716198569564105	0.02997209991396919	0.2068890675054575	0.01999070412084735	0.03981593556163054	0.07055887901075701	0.05804946025305503	0.08359486888280185	0.09535663513319836	0.01393930865415569	0.01163254369424859	0.01143789298725295	0.03172196871283336	0.05643144238770031	0.09784850735566966	0.09260514028839649	0.159142503194528	0.1570101081450306	0.1783088734571686	0.4148500829904644	0.05138931422809121	0.0888265358067705	0.2204714322927305	0.4899662826261229	0.1873856844995332	0.1738989700359746	0.2023244869633045	0.1051457119125434	0.2302240243015083	0.1425382940723434	0.09579450924915529	0.1213945626359044	0.02642972424252268	0.0315506350598573	0.02385569587163835	0.09802554446874698	0.2937978232028695	0.0124890553766648	0.0108739721842078	0.02569619115175166	0.1190368516438219	0.03813304551671119	0.3188449674150224	0.002359106509152949	0.0151243877156257	0.07836121762360918	0.06470300728744359	0.1152632278139817	0.1201115100605055	0.0103846201137343	0.01007835108714278	0.01047447939119916	0.02897347284698341	0.03359483515379276	0.07106660030297744	0.1242219885381474	0.2310234840408067	0.215430981750271	0.2651185269214957	0.3789085273324994	0.002978478073233803	0.001871546180942304	0.2279092899562496	0.4513762347174659	0.001549177048298136	0.2544774372220103	0.3147427596612686	0.1528982770927362	0.001238495072080957	0.1748024500324405	0.0673411727072933	0.1370615906280626	0.004206238399360728	0.002099697484160128	0.005149617541321426	0.000670930649338618	-0.0003467773739476034	0.0005288884087822528	-0.0006052449803964251	0.0008693237202992716	-0.004465087337784526	0.002781089969909103	-0.0006937748456224933	-0.002051409547415591	0.001471386663669095	-0.01515251863557378	0.007258415373429359	-0.181289311729774	0.04859761586508277	0.07409057375154744	0.02446740958509888	0.01047981423180553	-0.007889126068705793	-7.942495629497775	0.106002472483714	-86.30679124648513	-50.48525975887829	-22.51588260731311	-0.2695537664371448	-12.29366299593676	0.8799353760509314	189.0656063642687	51.81438002874956	68.15823394011809	9.873428146157325	-24.45687862364734	26.730551112786	101.2807765930627	101.2807765930627	-104.0649993177627	-104.0649993177627	-45.07882868530844	2.572869215296242	46.6582447853728	78.2392153832285	-4.641310060661239e-17	-6.52930990331557e-16
14.87732728599722	-0.1229128672821825	0.06908789517157093	0.1764360681377521	2.409874758860584	0.9667511450769359	1.030208248954979	-0.253197451490432	-0.01469085105684651	-0.128940765349508	0.9022193492411802	-0.04300250089446062	-0.1708704828643804	0.4175501268354826	0.4175501268354826	1.348066017626763	1.348066017626763	-0.1827026270944667	-0.1339073135320154	-0.1243970966268366	-0.1043334460696214	-2.841955142375372	0.2747905417194419	1.396816969106796	0.2515939426578367	0.4387378398596558	-0.1989131685169312	-2.277555829012796	-0.2623707584270897	0.06764247364394002	1.952681268336714	2.416411820539267	-2.137318019690216	-3.080347967568018	-3.080347967568018	-11.67355129095087	-11.67355129095087	-10.55093835427109	4.517062362809718	0.4708915527281659	2.676484599921779	0.1020628646946704	0.2800315324391755	0.01436290507273911	0.01225547610081179	0.02877465088752924	0.1142608373307522	0.03096055383123093	0.2504302140461147	0.08274841786311654	0.04752174178328172	0.06339999764686986	0.05257623774968744	0.1151233218419784	0.1259430166160216	0.01130911725197233	0.01053144013297382	0.01083623706963368	0.02457090929096495	0.03428379526794084	0.06559811823553982	0.09950982313343697	0.1764959128545428	0.1693579243444948	0.2185264077529497	0.4257955834379002	0.04708837158195749	0.0751651831744808	0.1986810113706242	0.4853025227800714	0.05875768658726522	0.2074277900475944	0.2229825774944734	0.115273636667696	0.07556979679027469	0.1567752786949223	0.1443178463466407	0.1065927408623764	0.01034086090577931	0.01011394781566529	0.01021708969351261	0.1200942699737854	0.3288349253435975	0.01485057225775887	0.01250218344115853	0.03151089479984757	0.1217583167882551	0.02596921965233615	0.2340298162340476	0.1808926986127634	0.0759006545861426	0.04797688837349905	0.04046492880733606	0.1352161181562679	0.1511842801625949	0.01091515010071626	0.01042212786501516	0.01086212425038227	0.01802917942833213	0.02356549902700679	0.0421089931986416	0.08438403753119393	0.1458615200723446	0.1418211835238972	0.2151411705330134	0.4782241126713263	0.07744436238295495	0.1202982731262209	0.1556262650112182	0.506510547363096	0.006154790251583189	0.1973930399605793	0.1647298561195799	0.0919322010519714	0.005833680796686624	0.1533033003847538	0.2403453017568802	0.07285931131669282	0.00782734513520909	0.006412697231887625	0.008069465711070634	-0.0001966887284962226	-0.0001116286122959513	0.002389240307586115	-0.0009248396592501048	0.001648254539954775	-0.005864052764930879	0.005017935663407076	-0.001250627137302262	-0.003921522263164539	0.005715198550741542	-0.0006355778890634315	-0.006229499034190651	-0.2356011300780704	0.04732137223883458	0.1341823954818192	0.08144057861353787	0.008120671892409021	-0.008396131695663431	-4.514956730362725	0.1055154486993473	41.45530281136788	-39.47021983556091	-37.8361525090093	-2.875661117702142	-6.283942477014536	2.353627765249099	88.91403438395399	48.30542774640296	114.5910514945176	-112.4015782157196	-31.97394369500719	54.143190730583	207.7713067529233	207.7713067529233	-71.14181664178228	-71.14181664178228	136.2226687774453	21.08708805645987	-92.72133042394712	100.4751694353174	-3.193856847231753e-17	-7.17805231150596e-16
14.89199393799721	-0.160318283907851	0.06787724066092193	0.1925115726660152	2.413263113267446	0.9724189777349285	1.027543669473046	-0.2766815983403673	-0.0130733473952563	-0.1181909444857025	0.9202005357528045	-0.01183798812622149	-0.1945470793034788	0.3956322637925778	0.3956322637925778	1.171105254702215	1.171105254702215	-0.3250510768654494	-0.06576627534028583	-0.1214440986741466	-0.05484131972710221	-2.108846061446738	-0.4603607754732508	0.7649277686718664	0.2075289149228707	0.3383883517472802	-0.1626491678924378	-1.035074990673392	0.4878588249750206	1.367478347008722	0.398647763481247	1.795570601076412	-0.9948310205388134	0.252846432363967	0.252846432363967	-12.35237716289212	-12.35237716289212	-8.71544915627897	4.784676984036499	-0.03335967420132974	4.080208099391353	0.1239415332789718	0.3215076354012366	0.01606750514768653	0.01338306199632361	0.0337915306067622	0.1201961607600011	0.02084601731059811	0.2051217545798359	0.2270906730549573	0.09735647097471585	0.03718304306590244	0.03156032699802108	0.1369067170015325	0.1558970184147788	0.01139119160352117	0.01067448787533187	0.01108670840219375	0.01411739262725781	0.02166350803054255	0.03470475467978844	0.06973130270205855	0.1184220488932082	0.1183617060871172	0.1949456267698093	0.4887398200640536	0.1050408572747404	0.1606839814454853	0.1401557261428286	0.515251555400342	0.02143293203594748	0.1764349142317276	0.1205205579204974	0.07003093717760177	0.02527603504949763	0.1447937418721052	0.2772088543950691	0.05242986849594603	0.01086338662790646	0.0102169819039241	0.01058390916559447	0.1421629954788239	0.3638720274843254	0.01721208913885294	0.01413039469810926	0.03732559844794348	0.1244797819326883	0.01380539378796111	0.1492146650530728	0.3594262907163738	0.1366769214566595	0.01759255912338892	0.01622685032722854	0.155169008498554	0.1822570502646844	0.01144568008769822	0.01076590464288754	0.01124976910956539	0.007084886009680864	0.01353616290022082	0.01315138609430576	0.04454608652424043	0.06069955610388247	0.06821138529752345	0.1651638141445311	0.5775396980101531	0.1519102466926761	0.2387250000714995	0.08334324006618682	0.561644860008726	0.01076040345486824	0.1403086426991483	0.01471695257789133	0.03096612501120657	0.01042886652129229	0.1318041507370672	0.4133494308064671	0.008657032005323051	0.01144845187105745	0.01072569697961512	0.01098931388081984	-0.001064308106331063	0.0001235201493557008	0.004249592206389978	-0.001244434338103785	0.00242718535961028	-0.007263018192077234	0.007254781356905049	-0.00180747942898203	-0.005791634978913485	0.009959010437813987	0.01388136285744692	-0.01971741344181066	-0.2899129484263668	0.04604512861258638	0.194274217212091	0.1384137476419769	0.005761529553012513	-0.008903137322621069	-4.135544697994768	0.08718213505911193	36.3735813679564	-67.24230878044155	-47.3654868875146	-2.663501077701042	-8.825266384293625	2.344297778028612	98.86591584759843	55.83915529687504	42.98659273903891	-72.47943522601096	-55.32536695353665	105.6696100492789	233.2544208445231	233.2544208445231	-18.06680154421503	-18.06680154421503	73.38104242550956	10.56676021774572	75.17185798751197	84.58801068480244	-1.427899520402124e-17	-7.616085641479043e-16
14.90666058999721	-0.1862527341060023	0.05420899698806023	0.1975055640768416	2.416052964219527	0.9764754486765416	1.025526351795992	-0.2825117739781003	0.0007643538480336825	-0.09009620286382376	0.9176020211623959	0.00719897722262043	-0.1986103908094928	0.4247335099753948	0.4247335099753948	0.9898851047025897	0.9898851047025897	-0.4292012384163335	0.004580354227605042	-0.1313359738464361	0.01214210631420369	-1.370325652302139	-1.33680075639052	-0.07436562329534355	0.1740389238204614	0.2188552935408769	-0.1117093598707123	0.1273898860806716	1.356967516013386	2.390126301978346	-0.7710852596994292	0.807563869323957	0.3742577350284633	3.646569652138709	3.646569652138709	-12.17885075665644	-12.17885075665644	-5.399829403189464	4.774092152377022	-1.43299260777633	4.889359197239846	0.1616559199496406	0.397024960171212	0.01606879777275878	0.01340709565791477	0.03983940304110876	0.1334737636288083	0.01481323883971401	0.1888162999330156	0.2513705954603666	0.1112076572586861	0.02360667400584401	0.01938960950456766	0.1238252121792944	0.1452951466091303	0.01124047802968615	0.01063724868668098	0.01101227245205089	0.01597565077773238	0.01608803786265765	0.01818263609122997	0.09002699383158487	0.1072395871726488	0.1062197088761321	0.1952945908208565	0.5689221300046974	0.1089923449416683	0.2146767783436137	0.12411431177068	0.5739914846370496	0.01265475912783336	0.1739708000313668	0.04622350433101261	0.04233730850998178	0.01323531719770551	0.1674551765188591	0.336700654059179	0.01934714022443881	0.01105605178871006	0.01046864857442092	0.01072038900221336	0.2059186999796975	0.5160753307060281	0.01521087001086069	0.01287461044071755	0.04464313256675592	0.1500799895571911	0.01298265150421122	0.20480058190685	0.1831682058075733	0.09994715495633442	0.02170485382374907	0.01622766269138203	0.08986226751327141	0.1078848305031444	0.0110255191853929	0.01052584689217104	0.01080421182387172	0.02341413227140427	0.01558185568703431	0.01433317600527847	0.1374728362144987	0.1344423094413726	0.1264512159010577	0.2191992159248684	0.6772937764372053	0.07741384716934963	0.2408357804702813	0.1430005522199299	0.6700685943492084	0.01030929286894935	0.1980348125010149	0.02237206202741075	0.03568067927052678	0.0100720334684794	0.2136639055784049	0.3374116819562725	0.01090116727941379	0.0108402017505006	0.01037774657406372	0.01057421143632952	-9.445082354763817e-05	4.921594119346433e-05	0.003762541480587484	-0.002681357113366898	0.002315823111190687	-0.009927691883586156	0.008087185342489693	-0.002476040110483711	-0.0009531354266617413	0.008502115775104053	0.006540270071231254	0.004217477400928139	-0.3551907199617507	0.07571329522514716	0.1434418959324024	0.2066814948825726	0.001031563899951644	-0.003569440048910588	-4.443889967883227	0.05948682772977426	63.20889880554782	-49.19408923098413	-61.17616876810003	-1.977466199806492	-7.394263277069293	4.112321911626098	57.93352057997069	56.65738149157577	75.57871869509337	-85.24273792939121	-72.64903158976664	80.3861874129485	223.4078143113067	223.4078143113067	45.2545337417078	45.2545337417078	311.3081378755375	-9.839379165636961	-192.7431998259896	23.63164448649072	8.383264586298143e-17	-2.661272919808478e-16
14.9213272419972	-0.1988322636007575	0.03062074682650999	0.1906106869286517	2.41840149152985	0.9789586400752153	1.024288293468663	-0.2762495326437856	0.02549504018430903	-0.0502366500784182	0.8970512934842049	0.01206120172979626	-0.1855190822016323	0.500575972653779	0.500575972653779	0.8191579570281455	0.8191579570281455	-0.4808930251231293	0.07327738376189248	-0.1669239630369518	0.0837530800658708	-0.2877186898554679	-1.813090285751786	-0.8562832014965747	0.1473483581387629	0.1238500177171093	-0.05638642303085774	0.6138926090287097	1.973267368518579	2.971772382693481	-2.049383741976161	-0.1373505375273071	1.344437697895615	6.626655055570867	6.626655055570867	-10.92151177859234	-10.92151177859234	-1.562027251387398	4.559731299962976	-3.537378726161851	4.711237963652567	0.2163292350766645	0.5152162722363438	0.01435462277050159	0.0123310739845801	0.04688535566118938	0.1555882553646701	0.0131980641530603	0.2218662549562054	0.133450141608912	0.08585579553991454	0.02472737349750292	0.01738435343943823	0.07006507761571443	0.08615341060244844	0.01085752510559362	0.01042508845391311	0.01061789065718612	0.03009314305306118	0.01698252626123715	0.01638672351527832	0.1641979238520312	0.1587335552648979	0.1463465359246644	0.232421090756693	0.6581825158457393	0.05092949872099058	0.2307364542157513	0.1631631804240646	0.6595813499642742	0.0109310688537385	0.2134640482124163	0.03291173688223101	0.040398296744451	0.01103444911543018	0.2308122006729579	0.3079290092614608	0.01489812132033282	0.01055818622626662	0.01020293250638385	0.01038114254638958	0.2696744044805711	0.6682786339277309	0.01320965088286845	0.01161882618332583	0.05196066668556835	0.1756801971816938	0.01215990922046133	0.2603864987606272	0.006910120898772792	0.06321738845600934	0.02581714852410922	0.01622847505553552	0.02455552652798879	0.03351261074160441	0.01060535828308758	0.01028578914145454	0.01035865453817805	0.03974337853312767	0.0176275484738478	0.01551496591625119	0.230399585904757	0.2081850627788627	0.184691046504592	0.2732346177052056	0.7770478548642575	0.002917447646023152	0.242946560869063	0.202657864373673	0.7784923286896908	0.009858182283030455	0.2557609823028815	0.03002717147693016	0.040395233529847	0.009715200415666507	0.2955236604197426	0.261473933106078	0.01314530255350453	0.01023195162994374	0.01002979616851231	0.0101591089918392	0.000875406459235787	-2.508826696877298e-05	0.00327549075478499	-0.004118279888630011	0.002204460862771093	-0.01259236557509508	0.008919589328074339	-0.003144600791985393	0.003885364125590002	0.007045221112394119	-0.0008008227149844131	0.02815236824366694	-0.4204684914971346	0.1053814618377079	0.0926095746527139	0.2749492421231683	-0.003698401753109224	0.001764257224799892	-5.094846224682523	0.02833215705860741	83.29452192101806	-12.67628354766473	-39.54150445907711	-1.736305774953866	-5.480565441959082	2.941997760019193	6.689166333623566	21.36518829564229	-17.15008661418799	-87.28383081623878	-49.44913495441243	51.27290210253026	176.8492076652965	176.8492076652965	129.7259696797695	129.7259696797695	144.5878043658333	-17.22090676373801	-20.93094513494938	-50.0401691392231	1.980347004897184e-16	3.372109012190346e-16
14.93599389399719	-0.1969159939762438	0.002892528495597352	0.1746496293686731	2.420363417892484	0.9799982451304544	1.023718843893105	-0.2643047916823384	0.05602631758777952	-0.0102649844476578	0.8615020258367244	0.005471089892303031	-0.1604339049837908	0.6154670312343516	0.6154670312343516	0.6752567163128589	0.6752567163128589	-0.4871689113654137	0.1367240680149723	-0.2200285199176646	0.1441722595969483	0.5177548838144993	-1.920125008690753	-1.272730434673338	0.1198979905051567	0.01747326182017047	-0.02412230295958059	0.9821596347187688	2.144118041985467	2.447448696985592	-2.728767207215619	-0.6979861958673094	2.038968183345228	8.886383383916012	8.886383383916012	-8.569765499589952	-8.569765499589952	0.5430666363091937	4.031185712110255	-3.725825919526754	3.411257564828583	0.2455863302633372	0.5882766119863134	0.0135548677073298	0.01193657376194683	0.04518075933523729	0.159164027021413	0.01301171776197451	0.2355428438811303	0.1064636619833247	0.07114821954803742	0.02208111106030152	0.01501381202707984	0.03427564272801593	0.05103139281858674	0.01067579961361879	0.01032965787129723	0.01044774405323264	0.04348081560609671	0.0183094914484434	0.01595606799318014	0.2049056274585175	0.1871730652968372	0.1662013232659105	0.2461864416139603	0.7182584365121311	0.06500220844242804	0.2018604945963232	0.1713078729738176	0.714319223524305	0.03043607206995281	0.2339850499123467	0.02963649117804972	0.0388741661229987	0.01017501696584279	0.2683078590285734	0.2586047610228738	0.01267263315073257	0.0103914383333291	0.01011173746477963	0.01026913753537879	0.2538646672285409	0.6274957826144326	0.0134816387546865	0.01201290964458745	0.03917115523290023	0.1488851979847906	0.0135727834091103	0.2284236973529183	0.1592200743832307	0.0683361107096379	0.01811038186693467	0.01310745963914266	0.0223248155080949	0.04354456558120348	0.01065486085421437	0.0103239188479951	0.01044556197322377	0.05272370137831162	0.01938571672272748	0.01610556487252692	0.2184825934341733	0.1935155503586593	0.1668983637776139	0.2376295469135426	0.7635962455363541	0.119800940487815	0.1423955441739107	0.1527244890497396	0.7466806742635801	0.05472004141856683	0.235611264302878	0.0278242444432634	0.03698321420201573	0.01017033425880047	0.2832159604387892	0.2036000788782869	0.01139729246978662	0.01044333201061614	0.01013625493018399	0.01030622243054381	0.0004340693575419063	-0.0006172064017719624	0.004353908927650944	-0.005391399424629024	0.0006686758384806951	-0.01445909428223678	0.009400613682448627	-0.002431969620696589	0.0003902676029918213	0.007371553226626541	0.002000740206433432	0.00308929675702808	-0.4537943996595389	0.1133976870899232	0.06892759285176848	0.2967058702502589	-0.00977617430504249	0.005062825209756416	-6.775187277310406	0.001106142189985946	37.53236490785112	0.2912039893490369	-17.96289452376581	-1.968864682574801	-8.184290641639329	1.536608437122497	30.96685965759711	2.088818616789593	-48.26714538472145	-18.73450427398681	-26.13774372492962	41.58000997834524	126.94035135269	126.94035135269	189.1198346463816	189.1198346463816	126.3134689293573	-51.67506449692831	-11.02349237613353	-119.8465287822287	1.321374218982665e-16	2.9665912061539e-16
14.95066054599719	-0.1845621590860047	-0.02429752957701829	0.154670524208373	2.42191000867145	0.9794582470760435	1.023496917990873	-0.2484010236821505	0.08704051483926048	0.0206321034249425	0.8190456516892183	-0.006555778534419116	-0.1268036442348582	0.7567273961012445	0.7567273961012445	0.5716398215323024	0.5716398215323024	-0.4697490229049858	0.1897386230770921	-0.2768503097486948	0.180399447688388	1.135587087868105	-1.739704722598415	-1.404199331275005	0.09071163100193233	-0.0915506217268207	-0.008996783823933581	1.153760472361485	2.039120140918266	1.734328723681921	-2.991262842950123	-0.8787271774355312	2.509677526466638	10.22247314497983	10.22247314497983	-5.428186385073733	-5.428186385073733	1.669217984774758	3.137166805903219	-4.04427463537402	1.41232674115274	0.2439962762807695	0.5955360190584288	0.01367436227663835	0.01222042169366529	0.03429090051309264	0.1405925644132202	0.01419844640696138	0.2180659345700842	0.2079935299293181	0.07192673870575424	0.01511076103619544	0.01199080408632614	0.02493463684045424	0.05114793262000691	0.01069340077713984	0.01034943355378502	0.01049926611906011	0.05629940962585248	0.02000137221019581	0.01639880469392731	0.2077498560356418	0.1845165711308666	0.1585777214797614	0.2265228662023282	0.7374406803936226	0.1572376899892482	0.1200117061953524	0.1371985497828029	0.7210604118134518	0.07021744249325816	0.2266231513666813	0.02724789618611858	0.03577852010819004	0.01044854826944974	0.2720428335878065	0.2015324305385393	0.01085100203895508	0.01055078943322577	0.01019108843986311	0.01038065460913793	0.2380549299765106	0.5867129313011341	0.01375362662650456	0.01240699310584906	0.02638164378023212	0.1220901987878874	0.01498565759775926	0.1964608959452094	0.3115300278676886	0.07345483296326646	0.01040361520976012	0.009986444222749797	0.02009410448820101	0.05357652042080256	0.01070436342534115	0.01036204855453565	0.01053246940826949	0.06570402422349558	0.02114388497160716	0.01669616382880266	0.2065656009635896	0.1788460379384558	0.1491056810506357	0.2020244761218795	0.7501446362084506	0.2366844333296069	0.04184452747875833	0.1027911137258062	0.7148690198374695	0.09958190055410319	0.2154615463028744	0.02562131740959664	0.03357119487418447	0.01062546810193443	0.2709082604578358	0.1457262246504959	0.009649282386068698	0.01065471239128853	0.01024271369185568	0.01045333586924843	-7.267744151976188e-06	-0.00120932453657515	0.005432327100516898	-0.006664518960628037	-0.0008671091858097005	-0.01632582298937847	0.009881638036822914	-0.001719338449407784	-0.003104828919606359	0.007697885340858961	0.004802303127851276	-0.02197377472961078	-0.4871203078219434	0.1214139123421384	0.04524561105082308	0.3184624983773496	-0.01585394685697575	0.00836139319471294	-10.59984817109406	-0.004680629022788154	57.70703684038013	26.52216597325481	-0.680783338096412	-1.973032175719237	-5.841537755211436	0.6049134771660052	-20.12897703644352	-16.25056402932274	-42.89506066769044	-30.43543358077416	2.354736409272844	20.75180671848309	50.89836799421247	50.89836799421247	237.4305549544759	237.4305549544759	11.09550643287453	-67.05822728576257	-38.65844320096022	-145.3516860214952	6.207032234093821e-18	4.147734874396563e-17
14.96532719799718	-0.1639180805660365	-0.04715146104833493	0.1346950425362209	2.423027640874372	0.9773391142028567	1.023370176353231	-0.2317768288238415	0.115332460998597	0.04190516609150051	0.7749794908713645	-0.01819515304259644	-0.08798321047351718	0.9101561046967801	0.9101561046967801	0.5191967247093471	0.5191967247093471	-0.4452039694102975	0.2316611070177177	-0.3376188606548732	0.1806208983262276	1.603006884655502	-1.399559171459673	-1.272684153451981	0.06220248028713513	-0.2033132964678315	-0.01232092733741184	1.181542893158574	1.853112505351467	1.16468357704342	-2.906132486999091	-0.6573586932898692	2.775767621305854	10.60050195361709	10.60050195361709	-1.668543260391811	-1.668543260391811	1.614229141460035	2.631821845015031	-4.17617320916235	-1.587113512869541	0.2451855718921789	0.5885939969021751	0.01392801289428491	0.01226458579998402	0.03746099156170526	0.1455574763584045	0.01438869333030025	0.2061678010558901	0.2421283339982608	0.07251014287067581	0.01507895223909209	0.01208446657367616	0.02223643311583481	0.05537417803242965	0.01084247069853879	0.01040033427420318	0.01055492283980073	0.05678888048847052	0.02108462486569605	0.01773516566535429	0.1950569728716054	0.1722393798689026	0.1434948945091378	0.222511438765375	0.725886873786995	0.1801731802115942	0.1049871742579457	0.1099080626929029	0.7068257218551069	0.1143434355568883	0.2220706311006771	0.02648538810995237	0.0304122509423439	0.01053079037686296	0.2607951242267366	0.1838552932867408	0.01104129890476415	0.01087948805608658	0.01029443437670314	0.01058338058611153	0.2520560762372209	0.5796849359098738	0.01416375044550625	0.01217595677421388	0.04735147584161994	0.1676070185228986	0.01401970248580439	0.2028209996854518	0.2160792939708815	0.07212083612848412	0.01856331021048679	0.01369293152174934	0.02264457903239191	0.05896000920667988	0.01100630329332488	0.010449567386395	0.01059425007485777	0.05021590703604642	0.02150827026033773	0.01908161301033867	0.174607680174266	0.156719573879628	0.1274221246536334	0.2348522588733633	0.6871001857403728	0.152194408035118	0.141434663309335	0.0958485385119822	0.6774136104192326	0.1537702253371632	0.2229882360930203	0.02679174911445168	0.02552820674570894	0.01049315525088819	0.2410480253730747	0.1976031890459528	0.01216045287311735	0.01118099604975882	0.01037488122838494	0.01076274795910151	0.0001775155164595778	-0.0009778828280142013	0.005925750213917363	-0.008149642869758096	-0.002213615909812446	-0.01805181665033078	0.00894100145721579	-0.0009579091865283412	-0.002038692045856955	0.002648804428494508	0.001550648018768658	-0.009011844387730315	-0.4868665932790832	0.1396426921385442	0.01338958601155413	0.3198708564740349	-0.00975198139464733	-7.376277591275751e-05	-13.32077695208996	-0.01272229798252447	11.12588565712242	19.19315137079978	18.60261019981911	-1.877080505755255	-9.112001733966823	-1.055070914356837	19.89780189624431	-7.396819285622535	-37.00220263109318	35.34122194409896	26.68907672874325	15.99355396461544	3.073313002585833	3.073313002585835	271.3790687486223	271.3790687486223	-17.677087172123	-12.80706269312425	12.60810144534671	-255.0497555296545	-1.941012976492176e-16	-1.670538158390441e-16
14.97999384999717	-0.1397849753756376	-0.06602048047473821	0.1187185826977662	2.423749560235906	0.9733215948852287	1.023017152132214	-0.2117370826883481	0.1424026861192717	0.05474147930479646	0.737073737233745	-0.0243392567050892	-0.04562337451626812	1.064766966828318	1.064766966828318	0.5242977940337584	0.5242977940337584	-0.4242642100299239	0.2684722154380841	-0.3974099600647678	0.1278312884715943	1.611363927794793	-1.1963070821669	-0.8588776268124942	0.03675073503345511	-0.3504217593855168	-0.03985353059536798	1.619517930462482	1.872521650865816	0.5838617386786984	-2.151206478315973	-0.1293713127587196	2.992323763100547	10.38367606109217	10.38367606109217	2.418753209237448	2.418753209237448	1.177586477554657	2.440160356133843	-3.910985661682637	-5.816461463884911	0.2549028205996401	0.5815900511221568	0.01431582784920855	0.012071962192928	0.05523091551636692	0.179627117274263	0.01358667021556864	0.2067498325922713	0.1860889180919523	0.07157007871050609	0.02203138079374495	0.01527993478631848	0.02397361334689833	0.06051323149238197	0.01112326565014549	0.01048281653067778	0.01061585622011102	0.04422896898146803	0.02155561231673843	0.01996316065081766	0.1685912576257787	0.1527253700664817	0.1232789975192934	0.2433325438674014	0.6860456336170752	0.1242677408040059	0.1739047714201812	0.09736570452580255	0.6797832184806595	0.1638123398529525	0.2257147312529489	0.0273507402943824	0.02274963432916965	0.01042796618595001	0.2370241923001064	0.214148732559267	0.01322859167131302	0.01137829421535493	0.01042262827335874	0.0108780332119274	0.2660572224979313	0.5726569405186134	0.01457387426450794	0.01194492044257869	0.06832130790300776	0.2131238382579097	0.01305374737384952	0.2091811034256942	0.1206285600740744	0.07078683929370178	0.02672300521121346	0.01739941882074887	0.02519505357658281	0.06434349799255722	0.0113082431613086	0.01053708621825436	0.01065603074144606	0.03472778984859725	0.02187265554906831	0.02146706219187467	0.1426497593849423	0.1345931098208001	0.1057385682566311	0.267680041624847	0.6240557352722949	0.06770438274062916	0.2410247991399118	0.08890596329815818	0.6399582010009957	0.2079585501202232	0.2305149258831662	0.02796218081930672	0.0174852186172334	0.01036084239984196	0.2111877902883135	0.2494801534414096	0.014671623360166	0.0117072797082291	0.01050704876491421	0.01107216004895459	0.0003622987770711319	-0.0007464411194532527	0.006419173327317828	-0.009634766778888157	-0.003560122633815191	-0.01977781031128309	0.008000364877608666	-0.0001964799236488994	-0.0009725551721075517	-0.002400276483869944	-0.001701007090313959	0.003950085954150149	-0.4866128787362229	0.1578714719349499	-0.01846643902771482	0.3212792145707201	-0.003650015932318903	-0.008508918746538455	-19.06684914355254	-0.01321237932451357	-4.892492165735846	7.854857054214678	37.81352999484227	-1.556112832283733	-10.66142278100871	-2.696243425512045	35.80643569537806	11.76084322043532	-44.41915651808974	60.90042858223027	44.16644590993067	13.99717000322669	-30.21826328093292	-30.21826328093292	282.1106012182694	282.1106012182694	-40.94824841871952	-24.28316560063675	15.48971839286713	-313.066539690025	-4.315985976420985e-16	-3.522596767778464e-16
14.99466050199717	-0.1187084890355684	-0.08456297262365876	0.1072800022860663	2.424213469406777	0.9669980569156511	1.02235553122735	-0.1812822427978666	0.1727119535970119	0.06162616498767005	0.7088593593064485	-0.02525856999347121	0.0003719968464725558	1.214204645086497	1.214204645086497	0.5756188110666567	0.5756188110666567	-0.4102864773314786	0.2970292797108379	-0.4509210948138436	0.04900164363033038	1.193594187569871	-1.334397197898705	-0.7517184983962982	0.02636876723597576	-0.5056536245995015	-0.04640647687251892	2.627629943530426	2.247332214474727	0.3753817732956571	-1.700625994995573	-0.01584582124723704	3.197167854596681	9.98315038615155	9.98315038615155	4.355287608212094	4.355287608212094	0.8055460256139549	1.765480395820755	-3.278777285521107	-4.969920135866654	0.248734143701831	0.5426204572788441	0.01557070491398476	0.01294262290638445	0.06149112132152392	0.1704255515428597	0.01779023658719246	0.1984416558211322	0.1566329678287018	0.07142584763274336	0.02328642601971849	0.01575390777622799	0.02723755109896958	0.06280973185166039	0.01105648137661197	0.01047387126446226	0.01063964832088631	0.03051381846319823	0.01907554923657543	0.01843720088631345	0.1582339567725045	0.1163229609376996	0.08997780192256533	0.2264244279659098	0.639077275232433	0.09277817326776011	0.1999935448707474	0.07284675621177471	0.616256649417191	0.1551265965265593	0.208887074442142	0.03333198016243347	0.03141968243298827	0.01035886563990942	0.2004070198220902	0.2186461224525684	0.01341940078844689	0.01134603827404627	0.01041751600605324	0.01085489947261159	0.2286279243060152	0.4600228313453534	0.01684278176029626	0.01404805215590435	0.05955908932588305	0.1286805561691192	0.02312321910230934	0.1824774544835404	0.1593906821508973	0.0718324948985376	0.02123876164536443	0.01471531976269713	0.03024053123413626	0.06288653861949203	0.01084083097520136	0.01042292812468577	0.01063701440857179	0.02077481493322934	0.0159071436470654	0.01550890113493738	0.1619030208824028	0.07564521958030047	0.05595216710802776	0.1768956230867297	0.5780296179246396	0.08997645216845775	0.1886333695290878	0.04582180703262581	0.4976994945763334	0.1059299034573911	0.1760658444247514	0.04016434405360993	0.04592625616225673	0.0103294545918532	0.1577837421545234	0.1979122306005512	0.01255844562284023	0.01106234002560737	0.01034842128562071	0.01068283229619893	-8.432564991594322e-05	-0.0006954577641431268	0.006827304236019842	-0.00869258055323038	-0.004976891669011677	-0.02579604899510175	0.009733088036293358	-1.386394177573013e-05	0.000578367466347689	0.00691410993570632	7.277271989500724e-05	-0.001178562591437323	-0.436402457200592	0.02737063487121672	0.07649157298806454	0.1288118483235556	0.01891529686667351	0.04895929655125233	-28.37955270484281	0.02538446044071839	-47.34843282866516	-18.27325986622867	-13.1415450828714	-0.2981473014089828	-9.908528759397747	1.083047818337798	94.83447666337747	31.09922109339108	2.976337383595041	15.18055024881702	-12.50338982455709	5.50256476679636	-26.98481276660401	-26.98481276660401	34.06111794445818	34.06111794445818	-9.692710768565934	-25.00270520205714	67.87829388620349	239.3402562235925	-4.329246334696844e-16	-3.805008394125011e-16
15.00932715399716	-0.1068001704740937	-0.1052267085229762	0.09517841134674659	2.424518910166255	0.9586717357891306	1.021772089435901	-0.1318964945965058	0.2079362211120083	0.06635170579219472	0.6870592967447852	-0.02538651218113916	0.04573687587790954	1.357281350642101	1.357281350642101	0.6454736999277774	0.6454736999277774	-0.3983739857806936	0.3293966701955055	-0.4904422941510611	-0.01903452088973762	0.3611579805071526	-1.485567882845609	-0.9492882437167636	0.01514138459770547	-0.6235288266213028	-0.02919273174162392	4.201008008891924	2.542749598901774	0.2894325972018308	-1.276526235594399	-0.02145696383785507	2.906347450128234	9.516269825152467	9.516269825152467	4.946101894981334	4.946101894981334	0.8959624030676853	2.959750813712809	-2.003265288707897	-4.344621766426854	0.221430217539579	0.4603111067768417	0.01769036529258428	0.01487004725599951	0.05556080991737021	0.1053168445071558	0.02694549166662559	0.1771396519310809	0.1751660802917569	0.07222708890732922	0.01881298661150622	0.01351985292280939	0.0319826587566358	0.06208192631908991	0.01064433299784538	0.01037417171803124	0.0106265251299265	0.0163358181544744	0.01360593103927341	0.01311422026699178	0.1690217292754014	0.06067817692955844	0.04202634438006275	0.1572282965440673	0.5921383652169812	0.1015624999984299	0.1701218551804638	0.03237833604161762	0.5067623547284456	0.07522784500076578	0.1652746828725723	0.04442465774007742	0.05628903918915631	0.01032229211966252	0.1505587886468939	0.1841640070606521	0.01162877800672954	0.01078578517757281	0.01027997055160278	0.01051601391757995	0.191198626114099	0.3473887221720935	0.01911168925608457	0.01615118386923002	0.05079687074875832	0.0442372740803287	0.03319269083076915	0.1557738055413866	0.1981528042277203	0.07287815050337343	0.01575451807951539	0.01203122070464539	0.0352860088916897	0.06142957924642684	0.01037341878909412	0.01030877003111717	0.01061799807569751	0.006821840017861421	0.009941631745062485	0.009550740078000088	0.1811562823798633	0.01669732933980092	0.006165765959424424	0.08611120454861232	0.5320035005769842	0.1122485215962863	0.1362419399182637	0.002737650767093432	0.355440788151671	0.003901256794558944	0.1216167629663366	0.05236650728791312	0.07436729370728007	0.01029806678386445	0.1043796940207334	0.1463443077596928	0.01044526788551445	0.01041740034298565	0.01018979380632721	0.01029350454344327	-0.0005309500769030188	-0.0006444744088330012	0.007235435144721856	-0.007750394327572603	-0.006393660704208159	-0.0318142876789204	0.01146581119497805	0.0001687520400974387	0.002129290104802929	0.01622849635528259	0.001846552530103974	-0.006307211137024794	-0.386192035664961	-0.1031302021925165	0.1714495850038439	-0.06365551792360895	0.04148060966566593	0.1064275118490431	-37.32900816643292	-0.0240824088233492	-61.43797600731077	6.071141286620926	-3.740448886883769	-1.671396789493782	-5.56732725161292	0.5446722801388041	112.8882471808945	0.9344897783677777	-27.71039581533689	57.28941716404988	27.92052501371528	-53.59351067356653	-39.26666588276709	-39.26666588276709	98.60312968269704	98.60312968269704	22.11410956109227	230.5739590118608	103.2130271141757	-343.2360642111722	-2.655569091791888e-16	-2.966243604013326e-16
15.02399380599715	-0.1060670309594815	-0.126627616496506	0.08081388240697986	2.424472900729713	0.9493454142714494	1.021431366464523	-0.0600111211461704	0.2450062814638775	0.06696393045709512	0.6723429248535997	-0.02402473742898755	0.08471477094729872	1.491352169978455	1.491352169978455	0.7270603922618876	0.7270603922618876	-0.3819557388435531	0.3736893323594687	-0.5079056927242334	-0.08118239023698152	-0.1831373301512129	-1.442230767262126	-1.097243746189788	-0.02337093214223398	-0.6268026023081547	-0.01148251651159198	5.529696493038861	2.471666603934808	-0.1709567819258285	-0.913443337029076	0.1135624433898712	2.443006522741909	8.718122313490309	8.718122313490309	5.954989304851616	5.954989304851616	1.376682617596897	2.841501730197122	-0.3288978482791393	-3.651250899344362	0.2012669897469396	0.3912483875209155	0.01737705062994187	0.01553528905528876	0.04680102615953799	0.05968173219656685	0.02918717114181769	0.1676664632068762	0.1858632941713384	0.0670787678552433	0.01931510022852373	0.01429459094500176	0.03152394769269043	0.05413010222607539	0.010415085884155	0.0103016344094824	0.01056232090011444	0.1087032328629796	0.01091775719688043	0.0104602391308958	0.2039198767713221	0.03681093213396587	0.01555483637812849	0.1099675459998665	0.5630031303727907	0.09228475064389488	0.1462312593863598	0.01066541733324292	0.41985411780631	0.02840692753485123	0.148762119866844	0.04727026852132543	0.06428245971151807	0.01041804016149282	0.1375074088008521	0.1598965292703717	0.01186361760088971	0.01098564637412429	0.01031612324053347	0.01060663577689798	0.1905746975843262	0.335533682062168	0.01594126626467546	0.01535019644266322	0.03925073276098388	0.04298788704347853	0.02716134623465965	0.1690433331305039	0.1850769177772251	0.0597344434086851	0.02220307739334976	0.01631289699881127	0.02846685386448205	0.04433925335601077	0.01035349516484918	0.01026698424216395	0.01049465327553632	0.2455304791852184	0.01054083934550786	0.01005127394001167	0.2524290428720529	0.03896126424791035	0.009979752191610878	0.09262146674216318	0.5449195426015087	0.07095956415206324	0.1348375193693666	0.006738011655879612	0.3526352806214974	0.02065658847862718	0.1563560710531727	0.04479917063726928	0.06075585948375625	0.01054655580646558	0.1527401933452532	0.1501496856984989	0.01302152881897221	0.01149222782762414	0.01042529359896801	0.01087773929095755	-0.0001471887648399281	-0.0009769123978844714	0.008739108101924034	-0.01081863340904662	-0.006025446326554042	-0.0352474337382095	0.005949318368739747	0.001146934977863352	0.004058050307958376	0.00463354062880516	-0.001638562589022707	-0.002406375739866178	-0.3711265324463027	-0.3760085086018458	0.3922818628912281	-0.2599576213811681	-0.2277741659100507	0.351097768497197	-45.38392380234275	-0.02881195105799831	-16.96554802243341	0.4260595098740978	-22.23406323245548	-3.303062510250975	4.641672856960163	2.130792754880376	72.09566774716124	-11.88908236234374	-29.65154401078068	-10.24650994564491	-9.723289000086552	-17.09462960440854	-66.90565125090832	-66.90565125090832	30.93243525653377	30.93243525653377	41.56345547029408	-151.7892831428264	124.6688099649819	291.5038928128311	-6.838439126789125e-17	-2.452787834209282e-16
15.03866045799715	-0.109882817656448	-0.1478104780174544	0.06041919773111598	2.423776001435226	0.9409144786728411	1.02160502175161	0.02819999314930515	0.2792475224446343	0.06236336698364058	0.6548914299932036	-0.02480069148304526	0.1184009748956324	1.611604373285151	1.611604373285151	0.8135714642835069	0.8135714642835069	-0.3570001365205762	0.405746560059224	-0.49864641070169	-0.1120916597617123	-0.2591507595625971	-1.455834245941769	-1.771583030025153	-0.07361641206166616	-0.5014306246494672	0.04094982819167881	6.427247623106171	2.157001117092346	-0.4214028597732438	-1.649497922549518	-0.3129657289207436	2.184752484752654	7.631911209475932	7.631911209475932	5.61760888751258	5.61760888751258	2.060148392595518	1.291280809213734	1.640740254715018	-0.08480843990533557	0.1943441902425698	0.3549810915669454	0.01461876773583733	0.0149438407623397	0.0356344684293296	0.04755025277068717	0.02444833952253859	0.1743169933966701	0.179682165547838	0.05545724464058203	0.02486172365128076	0.01806876653910522	0.02571761142450447	0.0385906005224116	0.01036632631950316	0.01025562050920008	0.01044710357101639	0.2976773639375213	0.01105198157717396	0.01051636582789877	0.2623787114768061	0.05015151431675872	0.01403166522871849	0.1013458187000785	0.5574907188703663	0.05749961731714837	0.1382690135695865	0.01043262801411984	0.3805448948681431	0.03193470149105307	0.1689132648998277	0.04153366700870582	0.05475208152170721	0.01064550635219346	0.1687752870683428	0.1553410282880983	0.01411063229594147	0.01193906208187805	0.01052422800370837	0.01112275790986497	0.1899507690545533	0.3236786419522425	0.01277084327326635	0.01454920901609642	0.02770459477320944	0.04173850000662836	0.02113000163855015	0.1823128607196212	0.1720010313267299	0.04659073631399677	0.02865163670718414	0.02059457329297715	0.02164769883727441	0.02724892746559471	0.01033357154060424	0.01022519845321073	0.01037130847537513	0.4842391183525755	0.01114004694595324	0.01055180780202326	0.3237018033642425	0.0612251991560198	0.01379373842379733	0.09913172893571405	0.557835584626033	0.02967060670784011	0.1334330988204693	0.01073837254466579	0.3498297730913238	0.03741192016269542	0.1910953791400089	0.03723183398662543	0.04714442526023241	0.0107950448290667	0.201100692669773	0.153955063637305	0.01559778975242998	0.01256705531226264	0.01066079339160881	0.01146197403847183	0.0002365725472231617	-0.001309350386935942	0.01024278105912621	-0.01388687249052064	-0.005657231948899923	-0.03868057979749859	0.0004328255425014436	0.002125117915629265	0.005986810511113823	-0.006961415097672266	-0.005123677708149388	0.001494459657292439	-0.3560610292276444	-0.648886815011175	0.6131141407786124	-0.4562597248387272	-0.4970289414857674	0.5957680251453509	-52.60711734115299	0.01155268906192305	2.418708019443957	-1.693492968442842	-75.52012721600352	-3.271375186676431	11.97529301995216	5.279512852241281	54.09673101485829	-32.28133778413293	0.9182648060967449	-92.5931169120628	-48.65422149811105	-25.62708869844097	-78.54810412134269	-78.54810412134269	-84.97903033717698	-84.97903033717698	49.76125909044588	35.3048768152799	143.4772486373329	48.5468174386803	1.585929202642153e-16	-2.264641084712961e-16
15.05332710999714	-0.1166719995463792	-0.1669490403850638	0.02617579912963148	2.422378345112569	0.9347227151387966	1.022779389169571	0.1317993428664289	0.304745732350409	0.05591405937009091	0.6226134729704617	-0.03177979122053014	0.1454614043427203	1.715038474615508	1.715038474615508	0.8849927663685231	0.8849927663685231	-0.3218520405762804	0.4488143608812492	-0.459772791304219	-0.123554013817784	-0.631960667584437	-1.114664388845724	-2.820998096822994	-0.1131164930534582	-0.3344713228759508	0.1155418324258969	7.619763035528649	1.308855991184301	-0.4700879213340015	-2.846224809262451	-0.5751603670303599	1.494945584644996	6.366837974861157	6.366837974861157	3.940617662429944	3.940617662429944	2.708709051337885	4.211624387609028	3.583291858406425	-1.116601431031226	0.2090170181879293	0.347505522020931	0.01773286929857991	0.02979891015173271	0.04526888948353741	0.05267925192858003	0.02203691418740296	0.1690127109962949	0.1690412932408364	0.05649950034620318	0.02790781574940314	0.01923249601338075	0.02471978453049015	0.0319875301025882	0.01043811467749136	0.01030530526092099	0.01052761372557754	0.414332425230871	0.01299840804604441	0.01078150793217153	0.2915201215429468	0.07186584859699441	0.01760445349777088	0.1074176400188821	0.52748185777777	0.05431637502404348	0.1272740215725707	0.01086691250067516	0.3444534328621037	0.03078295671461188	0.1620151093093019	0.0386034977982871	0.07794014431865003	0.01066786385486938	0.1734748286783402	0.166100025694965	0.01568907831399816	0.01219098563720509	0.01058522565294914	0.01126177070664192	0.2373914687720839	0.3577314819899863	0.02277808169090184	0.04797890804744104	0.06339260676040012	0.06366683687793301	0.02165207997608676	0.1541425723707671	0.1578560634597519	0.06457937405807879	0.02870832460057126	0.01870285976160359	0.02657969886769454	0.03237257865690222	0.01054540047902687	0.01038533995889564	0.01067720046762611	0.4925200909183058	0.01518949287800845	0.01106089452660021	0.2956952476397063	0.09197429699439073	0.02197453638643193	0.1178640216288417	0.4585241129075356	0.07106801254861933	0.1144601405449725	0.01113901115445989	0.2962765716926642	0.02523736919430912	0.1333859512847887	0.03820613574830079	0.114976614228196	0.01058168638518883	0.1552230353037161	0.184320961099117	0.01641489937077272	0.01201203035757204	0.01055332209220226	0.0111682762868546	0.0005579814255855214	-0.001260076757668242	0.009486668555532041	-0.01659222752001382	-0.004263842778129852	-0.04278172014918162	0.001883757499098403	-0.0005433773136047696	0.003747532282078279	0.002479488252305208	0.00330004691811794	0.002583072455359158	-0.2955491684686198	-0.6856189830670673	0.6740862418036077	-0.6250521384678445	-0.7140834741813222	0.8641480013597308	-51.46042591419117	0.01976566214700832	-35.79013757146737	39.75928678340428	-61.69383725538992	-2.009653242415345	11.94994308991205	4.615733085433612	86.71255534052067	-71.74443107966309	-6.669540034356541	-85.72801228128708	4.013235065357911	-58.79493334640269	-100.9408043730253	-100.9408043730253	-147.53778764353	-147.53778764353	38.98784591099521	243.1801945667195	119.0646670053471	-92.81185416402151	2.227851157550882e-16	-2.187515232645587e-16
15.06799376199713	-0.127402826865376	-0.1793542358087557	-0.02007198095886777	2.420571053175165	0.9313506178748788	1.024887193229387	0.2493606537505954	0.3173127936807363	0.04822099543922442	0.56863967890989	-0.03980731919080444	0.161948652502909	1.795257927242685	1.795257927242685	0.9238519568734079	0.9238519568734079	-0.2782507891118604	0.5184346062881131	-0.3957929768083874	-0.1342371737334487	-0.7966484010239928	-0.5376469263107155	-3.408545778854361	-0.1294758699319384	-0.1169302942225406	0.1682367702770604	8.331153322518652	0.3936609116448141	-0.5910061635561974	-4.608024113508483	-0.4559333581779078	0.7429535947395001	4.466274129767155	4.466274129767155	1.177316504472798	1.177316504472798	3.212852570771762	4.912072327939594	5.064315737159554	0.02144541276771066	0.2457203872271452	0.3657203512401727	0.02668207288692828	0.05967179421222984	0.07580259121027305	0.07128991485346667	0.02210562565559001	0.1471460063558522	0.1557688823011881	0.07113709596528749	0.0284260972642906	0.01778890914607524	0.02871826960527065	0.03511326963347462	0.01063067286686939	0.01045027072824329	0.01080245738518836	0.4589778029291109	0.01674217020093798	0.01125679249252044	0.282992484301242	0.1000780311835827	0.02507389476562974	0.1230073812478654	0.4567529113640253	0.08658464302409236	0.1101390511705732	0.01127192781187445	0.2964515454478906	0.02032178162189585	0.1175535925930472	0.03889909418408405	0.1346700186758555	0.01048694227440899	0.1415363267699164	0.1906264786076244	0.01661258057673446	0.01174829794819506	0.01050092478336145	0.0110278942196	0.2848321684896145	0.3917843220277302	0.03278532010853735	0.08140860707878564	0.09908061874759082	0.08559517374923767	0.02217415831362338	0.1259722840219131	0.143711095592774	0.08256801180216079	0.02876501249395838	0.01681114623023003	0.03151169889811467	0.03749622984820973	0.0107572294174495	0.01054548146458055	0.01098309245987709	0.5008010634840361	0.01923893881006366	0.01156998125117715	0.2676886919151701	0.1227233948327616	0.03015533434906654	0.1365963143219694	0.3592126411890382	0.1124654183893986	0.0954871822694756	0.01153964976425399	0.2427233702940046	0.01306281822592283	0.07567652342956854	0.03918043750997615	0.1828088031961596	0.01036832794131095	0.1093453779376591	0.214686858560929	0.01723200898911547	0.01145700540288144	0.0104458507927957	0.01087457853523737	0.0008793903039478806	-0.001210803128400542	0.008730556051937869	-0.01929758254950699	-0.00287045360735978	-0.04688286050086465	0.003334689455695361	-0.003211872542838804	0.001508254053042736	0.01192039160228268	0.01172377154438527	0.003671685253425878	-0.2350373077095951	-0.7223511511229596	0.7350583428286028	-0.7938445520969619	-0.9311380068768772	1.132527977574111	-45.93367317759025	0.01956502721781238	30.79903293373077	30.46757629795559	-12.53814812947406	-0.1158214702149837	18.87280812836531	2.293546268583967	-11.51130624309433	-41.42452242251861	-8.93172422500238	-169.6485236311123	3.357873281564283	-34.10688215067103	-165.2060012991772	-165.2060012991772	-233.112351135277	-233.112351135277	30.0679931278305	-267.4084674524955	80.54158684642042	344.4343635433949	5.907814878827164e-17	-2.265818636978705e-16
15.08266041399713	-0.1367713222820084	-0.1853952842326918	-0.07048058140418313	2.418736657077585	0.9315038353050459	1.027536483013342	0.3704314863343406	0.3204834933826552	0.03777730519287707	0.4859196297507471	-0.04604498551776414	0.1680888671078975	1.841475300675671	1.841475300675671	0.9201897210004183	0.9201897210004183	-0.2291931043123968	0.5749582251156174	-0.3155131122128542	-0.1361523344666424	-0.4769121948524391	-0.3187398823839373	-3.382976760165087	-0.1141695759613333	0.1355851986255346	0.1885033399405763	8.079552182167037	0.0433623341134983	-0.8724847606021637	-6.612358214572404	-0.386239549254584	0.1436651386987355	1.780417325014335	1.780417325014335	-1.660163979505945	-1.660163979505945	3.424194732347052	2.682217877519217	5.691654097812108	-0.2981192661939889	0.2473571229146632	0.3541243150014664	0.02942925261176465	0.06693430915582296	0.07952227417733915	0.07231419880629332	0.0403083014427596	0.1438345438371741	0.1580186834914695	0.07850252812497632	0.02895255863485281	0.01737353828917212	0.0280643979108918	0.04246153182331122	0.0108067514760712	0.01058131894774035	0.01107346253029602	0.4756294572102236	0.02544379433791804	0.01165279161208339	0.2705864792159004	0.1191535832873955	0.0315615510739329	0.1324016364554942	0.3866163074606825	0.0953640924248511	0.1070901903814974	0.01159654761233347	0.2514143866210264	0.01392829679250766	0.1009927966800173	0.04098679440119583	0.1711911533869689	0.01037057524034132	0.1260457732367385	0.2115197305350466	0.01709872170828544	0.01140718483305299	0.01041846952941024	0.0108262376802123	0.218551018104667	0.3092483671019683	0.0281233118713278	0.05963616668766863	0.06644932334501254	0.06263690534783159	0.06270771903770719	0.1551247904212289	0.1709919384885037	0.07961433533533317	0.02933383789718937	0.01761894195718867	0.02516570611360294	0.04980483251485114	0.01091516171395552	0.01066116276157148	0.01125109394010637	0.4775788744500362	0.03393449118215926	0.01187605047728768	0.2597770128532375	0.1290962776073066	0.03557028792321265	0.1358375608746666	0.3168455035854092	0.08735792274480771	0.1139488368290895	0.01177131221805598	0.2108784482237226	0.01184896540346814	0.1087801750092101	0.04337511303056379	0.1900539908935227	0.01032520604381441	0.1273385453797209	0.2276516807032111	0.01720384919201703	0.01123083937062868	0.01036462921646628	0.01070822998407669	-2.735865256110401e-05	-0.001232347802176222	0.009402754740176267	-0.02027906389329259	-0.002142939517375691	-0.05053927628631992	0.001963466821737371	-0.000326750786171576	0.003080256955592348	0.006524763623146891	0.005088098393264011	-0.0005926815269296204	-0.1424058485853585	-0.7095434904073968	0.6847184482103689	-0.7839056313980662	-0.999309074309116	1.199013886878578	-40.2900033612845	-0.02736911874434284	17.7060951703964	3.819679835684815	17.30977520477446	2.288074165039814	16.16014214411202	0.4629531235454003	-30.09824871384994	-14.63771900024328	-28.34617822384944	-114.0655508291375	6.309861503148288	-39.19380793847947	-197.7821298678047	-197.7821298678047	-171.9484871278133	-171.9484871278133	1.196546456161897	-105.9555901200986	4.324556489690557	-206.4867604148315	9.395438621994189e-18	-1.79902398262998e-16
15.09732706599712	-0.1412759957130026	-0.1896603905809188	-0.1168892601682433	2.417412740753664	0.9352621199853357	1.030283825971058	0.4834574971820899	0.3187212911246511	0.02147387152695499	0.3764266760559151	-0.05089004991233876	0.1676094241106324	1.845850055589457	1.845850055589457	0.8756392938939163	0.8756392938939163	-0.1793520570659443	0.5937840666344163	-0.2344492822927087	-0.143437112115596	-0.133399285187578	-0.2954727647215636	-2.863101367784009	-0.05986492209464086	0.3746702769404153	0.1816076709788087	7.234131079678312	-0.2790082101049998	-1.390062883464364	-8.258878382867413	-0.2660329047703129	-0.1597278900678762	-1.239543192307164	-1.239543192307164	-4.398351512131158	-4.398351512131158	3.319674829456191	-0.2285388093154398	5.171220206511188	-0.7107758079665332	0.2026995785370906	0.2974808732058051	0.02592791566225251	0.05066157178230245	0.05412566328762674	0.05406066237194863	0.07617837695811237	0.1640284662380768	0.1781487141215179	0.07766366076219722	0.02951398959349101	0.0180020194389948	0.02260275640102155	0.05380187108477005	0.01096714284284914	0.01069909117866256	0.01134177390851307	0.4687972131513821	0.0390594597896019	0.01197114617219505	0.2610262481673591	0.1283221452560919	0.03709653804297881	0.1341823280723333	0.3311335692482209	0.07757740855315046	0.1202929543698425	0.01184098070135793	0.2137288893210061	0.01192637612590828	0.1217445287083628	0.04480597122354921	0.1856747396475372	0.01031737500344748	0.1351524129735499	0.2266243361232617	0.01714511273743484	0.01116492962236583	0.01033706863503602	0.01065496395088568	0.1522698677197195	0.2267124121762064	0.02346130363411826	0.03786372629655161	0.03381802794243426	0.03967863694642551	0.103241279761791	0.1842772968205447	0.1982727813842335	0.07666065886850558	0.02990266330042035	0.01842673768414732	0.01881971332909121	0.06211343518149256	0.01107309401046155	0.0107768440585624	0.01151909542033564	0.4543566854160363	0.04863004355425487	0.01218211970339822	0.251865333791305	0.1354691603818516	0.04098524149735877	0.1350788074273638	0.2744783659817803	0.06225042710021684	0.1324104913887035	0.01200297467185797	0.1790335261534407	0.01063511258101345	0.1418838265888515	0.04756978855115144	0.1972991785908857	0.01028208414631788	0.1453317128217828	0.2406165028454931	0.01717568939491858	0.01100467333837592	0.01028340764013685	0.010541881432916	-0.0009341076090700886	-0.001253892475951902	0.01007495342841466	-0.02126054523707818	-0.001415425427391601	-0.0541956920717752	0.0005922441877793802	0.002558370970495652	0.00465225985814196	0.001129135644011101	-0.001547574757857247	-0.004857048307285119	-0.04977438946112185	-0.696735829691834	0.6343785535921349	-0.7739667106991708	-1.067480141741355	1.265499796183045	-36.64364905911916	-0.06811878016421266	34.04131392510052	3.789377856417647	54.86733387037411	5.202142015399084	17.04138613332509	-1.410399066083449	-92.4868366009926	-37.61615043512437	-41.1271463044704	-120.8556658242911	10.24599410981729	6.24253464523871	-210.7656440272961	-210.7656440272961	-219.5723896834647	-219.5723896834647	-13.0041496442606	-360.2588652685174	-75.97296766185757	331.7400059202802	1.877612420567949e-16	-2.420332109175699e-17
15.11199371799711	-0.1391273215307381	-0.1933234093117935	-0.1523824944020034	2.417145507138335	0.9424533637684022	1.032748286383156	0.5778613009968098	0.3097716227518333	-0.002601185584856228	0.2435142587781731	-0.05231866664009391	0.1663302951157548	1.805862810443845	1.805862810443845	0.7904775093717501	0.7904775093717501	-0.1330131953777251	0.5714645423514255	-0.1695372976490688	-0.1523190793708249	0.3512580228211768	-0.2183268625052265	-1.963145753681491	0.02453666759685649	0.5908984637789341	0.1537892784534257	5.666214915113059	-0.9293634670609775	-1.904471120492955	-9.681483240537883	0.009633924970447514	-0.07175921410464217	-4.148578759950342	-4.148578759950342	-7.035352556893047	-7.035352556893047	2.953727465524671	-2.813965802025062	3.542227785055321	-0.7155785873999648	0.1579731981546409	0.2366541043417306	0.02223533999074731	0.03505063383940686	0.03612786431735877	0.04582167133479323	0.08762247878110821	0.1793889250249179	0.1896489126801623	0.08010673205777204	0.02924748675377492	0.01804687944040667	0.0187118276149174	0.05860596957799009	0.01159253459813247	0.01107172995360928	0.0116050525975917	0.3940846576658572	0.04207196082007396	0.01387942117274451	0.220130367796744	0.1157607539461354	0.0403231377925747	0.1302939798579667	0.2789673715892668	0.07809685166601274	0.1355286501187405	0.01440481556457867	0.1946499387826151	0.01345000034709564	0.1382561905804943	0.08804532442553195	0.1793206704164133	0.01034123823409515	0.1354306813129762	0.2499975659508834	0.01661742420618657	0.01161699481540905	0.01047337668403293	0.01092304704988383	0.1243798550648606	0.1813201544813445	0.01967993959044681	0.02519349477195041	0.02872693852554885	0.04615207806764843	0.08214533107919343	0.1881619784075449	0.1925742754266313	0.08420590074982993	0.02863146970244168	0.01778060438119703	0.01694109330010867	0.05845249531953228	0.01223616816544033	0.01144376055421677	0.01177665514082745	0.2450924520445917	0.03852437911512348	0.01593922619068992	0.1548827231740636	0.09164997827561165	0.04137514260569814	0.1237281548893284	0.2245206410734806	0.09048516730493297	0.1489479935281468	0.01726646078003055	0.189535530912359	0.01618806578455325	0.1473081942864057	0.1445982030062007	0.1596789469158041	0.01039516165494497	0.1278686340114955	0.2804489315292817	0.01597568274185482	0.01225980358305748	0.01067070953626396	0.01131717832434987	-0.000446907714314067	-0.001185413448348486	0.01123272639988163	-0.02255943499448422	-0.000188187171643605	-0.05796479212253083	0.001548864866648853	0.001572606953177858	0.002460503666247539	0.003058030151871003	-0.0003854588937851839	-0.002415403795971375	0.01298313328409481	-0.5910035406405776	0.451789837062936	-0.5763651404877317	-0.9822398716229407	1.12993021813456	-35.11639866159292	-0.1273135814706376	24.86157298878814	4.533089753292358	66.01299891462891	6.144720381459209	12.05371560165595	-2.207997284921942	-111.3415251931923	-46.47434814787949	-33.22954451941801	-66.23991158279708	16.77151064043411	0.03982499797507026	-185.5164824971559	-185.5164824971559	-141.5720787581637	-141.5720787581637	-35.58187241952637	-84.18007719868507	-142.7487873603088	-188.3678379092939	2.324306296386646e-16	5.255762602434005e-17
15.1266603699971	-0.133176617496154	-0.1964840045471715	-0.1740716484152251	2.418165122315772	0.9521534705286253	1.034775432657841	0.6504608573276839	0.29181312975886	-0.0347298978387823	0.09783637273240071	-0.05241401737120254	0.1638307236492428	1.726056095023834	1.726056095023834	0.6745279793816044	0.6745279793816044	-0.09404530150659919	0.5112725367642071	-0.1345977575863623	-0.1707392144257648	0.3850598494972147	-0.2269604013687122	-0.9807249098786566	0.1156146342166673	0.7167882977617851	0.1219738653341035	4.260821631297527	-1.507485523149599	-2.488289682889188	-9.999625864710813	-0.08422372341833455	-0.3261520298967809	-6.669476386933956	-6.669476386933956	-8.596684637918143	-8.596684637918143	2.314541849264543	-5.39297324251072	1.084064585589881	-2.011436354042857	0.1236588157250425	0.1834657463361056	0.01844805324091505	0.02157916220096315	0.02848427970262262	0.0495422958296436	0.07330472639198378	0.1864361890314506	0.1889696793821775	0.08653945670568651	0.0281364556113881	0.01750197737414328	0.01651693938202547	0.05653152685838892	0.01268003188248551	0.01169766031905043	0.01186330719194114	0.2281209256604373	0.03418310762571097	0.01736563169685003	0.1375376830369643	0.07885425422615272	0.04118966607266044	0.1208139759729901	0.2262641848438984	0.1001701277621804	0.1514772411464298	0.01926712715543898	0.1958687597367622	0.01841901306042613	0.1463473087099723	0.1695742264188876	0.15045535522422	0.01044205866551801	0.1225003061301401	0.2837770512635046	0.01551413673903137	0.01275973454330212	0.01082609127772555	0.01162800895167989	0.09648984241000173	0.1359278967864825	0.01589857554677536	0.0125232632473492	0.02363584910866345	0.05262551918887135	0.06104938239659585	0.1920466599945451	0.1868757694690291	0.09175114263115429	0.02736027610446301	0.01713447107824675	0.01506247327112613	0.054791555457572	0.01339924232041911	0.01211067704987113	0.01203421486131926	0.03582821867314701	0.0284187146759921	0.01969633267798162	0.05790011255682224	0.04783079616937174	0.04176504371403752	0.1123775023512929	0.1745629161651809	0.1187199075096491	0.1654854956675902	0.02252994688820314	0.2000375356712774	0.02174101898809305	0.1527325619839598	0.2416266174612501	0.1220587152407226	0.01050823916357206	0.1104055552012081	0.3202813602130702	0.01477567608879106	0.01351493382773903	0.01105801143239107	0.01209247521578375	4.029218044195385e-05	-0.00111693442074507	0.01239049937134859	-0.02385832475189026	0.001039051084104392	-0.06173389217328645	0.002505485545518327	0.0005868429358600652	0.0002687474743531171	0.004986924659730904	0.0007766569702868788	2.62407153423707e-05	0.07574065602931147	-0.4852712515893213	0.2692011205337371	-0.3787635702762926	-0.8969996015045265	0.9943606400860744	-34.19715013324721	-0.1708840174871688	-27.43904046429119	-7.907830351681293	66.11260371114726	6.112557961494589	4.722507515940221	-1.955447873942418	-70.3246034274229	-27.76615864866999	-50.59220013784377	29.75297117044836	-40.14375784307907	-40.44317000713083	-157.8376901002844	-157.8376901002844	-72.89011158246024	-72.89011158246024	-50.26394858525171	-359.3834709080365	-189.04182318662	155.686877065774	-1.239892303383669e-16	-1.074958170250341e-16
15.1413270219971	-0.1281874175710272	-0.2013002361960315	-0.1808192876875717	2.420522206110082	0.9631344189307011	1.036288253830805	0.7023826853162719	0.2671485608167227	-0.07668343161997158	-0.04901547538696942	-0.05815954046953897	0.156178733937944	1.612612346211181	1.612612346211181	0.5377907751668779	0.5377907751668779	-0.06583310329988429	0.4035322484225899	-0.1368049514330996	-0.1900142372369244	0.2238780241148496	-0.3938488241947835	0.04550579326028113	0.2011901234892127	0.7622444655512451	0.08367994662598184	2.91982458739119	-1.85831385175432	-3.212183925146067	-9.848015906678418	-0.6733009760922402	-0.6913010359619632	-8.690348522644662	-8.690348522644662	-9.856187737361319	-9.856187737361319	1.499250716354038	-9.081229713329121	-1.240940055492148	-0.9153758375140791	0.09953631860026731	0.1588900525491831	0.01793886875519307	0.01501343015027283	0.02996496275854122	0.06628549383170236	0.05219681661549464	0.1854982313589598	0.1893963767425081	0.08347733534227478	0.02540035794705359	0.01667611941973763	0.01559992894452194	0.04459451332778419	0.01428873882323448	0.0127843300257393	0.01402144544061744	0.09074341777286075	0.02577395198393503	0.01878409413699577	0.06939606616168767	0.04718220362799037	0.03611510569997109	0.1090510544058628	0.1738895714503274	0.1082395496484427	0.1567412041774116	0.02502640661015638	0.2171470240933048	0.01896088170762748	0.155186072994891	0.2179048356617379	0.107075593045723	0.01058743314538496	0.09324990926476608	0.2795528642902583	0.01419918865279262	0.01282641794242203	0.01082131239672388	0.01166049834232645	0.08540948571485027	0.1560479527257668	0.01925082113852955	0.01403979713465809	0.03541488541413677	0.08586055878764395	0.03397080883491289	0.179506803127516	0.1917587803678476	0.07524831654972276	0.02269599348724131	0.01598296041308379	0.01561670625370845	0.03077201091172324	0.01562080051945759	0.01373448290673795	0.01640225531738173	0.01991867664243938	0.01992773213053176	0.01869981767455441	0.03254607512881368	0.02913784092468333	0.02940727530966897	0.09841125640971198	0.1266329710782834	0.1053027738861382	0.1539448639607969	0.02943183958098805	0.2502153621733173	0.01709827669520855	0.1639872869417251	0.2403256885078456	0.06449055718317878	0.01070553844800704	0.0607156905300382	0.2418794693454216	0.0132192694279749	0.01233759420836967	0.01064212697847397	0.01135009066314916	0.0005142576589941797	-0.00110619059879891	0.01161069497172965	-0.02402662054788489	0.003089358222358947	-0.06300087480355743	-1.516165833539637e-05	-9.712743733554031e-05	-0.0002084101713822244	-0.0006586679985603953	-0.0004993946616561385	-0.001641004882341569	0.1161316452529837	-0.3211640467887543	0.1655810562309213	-0.1898808957757932	-0.7186886146830085	0.7596942934259929	-31.35623528044017	-0.1793246349180309	-10.06812501084846	-9.437497917785032	70.3563721516452	5.223668769246705	0.4088445783563648	-3.004177592642526	-91.71810459667408	-22.24725531463573	-46.64523711970602	18.7958441531993	-37.52007316842179	-14.46402893405262	-116.5326593064348	-116.5326593064348	-72.616075112746	-72.616075112746	-61.65883028517296	-175.2550411162109	-128.5257827957666	3.735829343986999	-4.511856299476577e-16	-1.803308619661878e-16
15.15599367399709	-0.1287041752926155	-0.2069823509813251	-0.1731793227127406	2.423931288459065	0.973973743222847	1.037211263064049	0.7390537260710699	0.2372309041194884	-0.1283534555826092	-0.1858279889404323	-0.07140276949130134	0.1443152789645061	1.474360041734622	1.474360041734622	0.391078530002505	0.391078530002505	-0.05104498057826599	0.2512750227947123	-0.1667715299417094	-0.2063431926629782	-0.3657533076865147	-0.3450354925938904	0.9812230857762484	0.2590691260356543	0.6974758998225915	0.0415448840342424	2.181166747034003	-2.223816387903108	-3.813266941700892	-8.630624327630422	-1.106639189937784	-0.9004433217527404	-10.05246463318374	-10.05246463318374	-9.956918854922918	-9.956918854922918	0.4839842707384526	-11.46347076113728	-2.701309835496068	-1.609699490700488	0.08486253944774699	0.1658513560358424	0.02071781706810289	0.01530775547590059	0.04002559093595701	0.0956611899315077	0.02553580919463782	0.1763600094656998	0.1929405903158958	0.06978153592739854	0.02102068569319702	0.01557067553030654	0.01594102069694063	0.02236455647543363	0.01641881403027732	0.01433062883021174	0.0180643098563638	0.03111384730046086	0.01719618732855923	0.01814024908767015	0.03060298417499092	0.02498945623903607	0.0248974438128108	0.0954414547083582	0.1220754494923799	0.09979467562036509	0.1497801305394277	0.03170107787630137	0.2574917555093592	0.01507208182445459	0.1656879440450728	0.2304169870964677	0.05016380559395798	0.01077754996770035	0.04657859299711988	0.225821795967533	0.01267438670325813	0.01182296534251635	0.01046203513735155	0.01102548408157589	0.07432912901969882	0.1761680086650511	0.02260306673028374	0.01555633102196698	0.04719392171961009	0.1190955983864166	0.006892235273229946	0.1669669462604869	0.1966417912666661	0.05874549046829123	0.01803171087001963	0.01483144974792083	0.01617093923629078	0.006752466365874493	0.01784235871849606	0.01535828876360478	0.0207702957734442	0.004009134611731748	0.01143674958507141	0.0177033026711272	0.007192037700805135	0.01044488567999492	0.01704950690530043	0.08444501046813101	0.07870302599138579	0.09188564026262724	0.1424042322540036	0.03633373227377297	0.3003931886753572	0.01245553440232405	0.1752420118994903	0.2390247595544411	0.006922399125635022	0.01090283773244201	0.01102582585886826	0.1634775784777729	0.01166286276715875	0.01116025458900031	0.01022624252455687	0.01060770611051456	0.0009882231375464056	-0.00109544677685275	0.0108308905721107	-0.02419491634387953	0.005139665360613502	-0.0642678574338284	-0.002535808862189119	-0.0007810978105311456	-0.0006855678171175661	-0.006304260656851694	-0.001775446293599156	-0.00330825048002551	0.156522634476656	-0.1570568419881873	0.06196099192810543	-0.0009982212752936927	-0.5403776278614905	0.5250279467659116	-25.32745183628991	-0.1794327748180257	-85.86403158280761	21.50607466591347	53.76985355616848	2.335760540226823	-10.30815299446961	-2.479240745501576	11.81264283019779	-29.76718895116474	-33.84519806782709	175.0869739157328	-18.90659494749396	-19.16950505967414	-68.00723320092975	-68.00723320092975	85.12440759779672	85.12440759779672	-77.53333667807165	-181.2902805860993	-71.13695149831861	-88.4566629481249	-6.322647277183094e-16	1.829260836335703e-16
15.17066032599708	-0.1399989606339864	-0.2106154306862334	-0.1537183234926919	2.427904745636246	0.9831622025643653	1.037585879565885	0.7689667492307141	0.2031061123647401	-0.186607440287207	-0.2985156856404185	-0.08996219617521814	0.1293366923683101	1.320610927071087	1.320610927071087	0.2508822369295522	0.2508822369295522	-0.05038915412292562	0.0730812684721322	-0.2101363577313332	-0.2214602241097802	-1.067039194206352	-0.1306351529816205	1.603074752112766	0.2759017215115395	0.5566920882953559	0.01312986484114604	1.818845747543151	-2.365664466928199	-3.996136154211479	-6.745007693893929	-1.336193332311094	-1.117827260321464	-10.87218730596832	-10.87218730596832	-8.841604238059539	-8.841604238059539	-0.3073752738480472	-12.03780944149323	-2.911803282857477	-0.5644110214610039	0.1215230965551088	0.1747524736440991	0.02960477159622772	0.01496320918771901	0.07074787232966576	0.1432330725000762	0.05259746131281811	0.1581106554150246	0.1818973901208017	0.06885496784042425	0.02194496546221867	0.01546426831079451	0.01494469393485641	0.01140496347057002	0.01774516350407417	0.01552715102624727	0.03505400606866456	0.01104291441541428	0.0125927199820496	0.01823031474498011	0.01273658891218165	0.01359346343933315	0.01852700392196553	0.09749490461358851	0.07534530075692947	0.08610460992522902	0.1430051001501749	0.04155872826525289	0.2720058070102225	0.01494939794935252	0.1577110397409667	0.2017388148054958	0.0397740697227404	0.0106789484115265	0.0188634118547318	0.193811418794222	0.01253348414806965	0.01200853188725555	0.01048829699521207	0.0110363754291404	0.1832563669080305	0.1809568576572368	0.03889280603864521	0.01437460232924632	0.1055376381980846	0.195967897621946	0.1012852941367987	0.1363269382855651	0.1607393260514134	0.07601706134684347	0.02528973910956545	0.01589419823040439	0.01360890395329748	0.01013461698934115	0.01823256762511037	0.01615261492425364	0.05366919292094519	0.007253060022741537	0.01152363473371857	0.01866445417352603	0.008853311521864268	0.01096331729696751	0.01683111400127501	0.1088528423351184	0.0426239064420453	0.07307505426211242	0.138278939642912	0.05025889729994087	0.2637813277502424	0.01676565492686726	0.1375286716520601	0.1455493403339697	0.05858537661772416	0.01047138593273726	0.01131566549458968	0.1877019688081266	0.01312748420401478	0.01271971975218559	0.0106950822413894	0.01136171827349361	0.0008345801635680286	-0.001237714944502916	0.0121277962076385	-0.02474648887713521	0.006041925490771822	-0.06520727818795941	0.0009236652362767431	-0.0007509181901874861	-0.00218991707511496	0.007154691763816555	0.006014624971539105	0.0003242824289518153	0.1676710460916066	-0.009332272338274175	0.05020123444234974	0.06691661040973726	-0.336823625265718	0.3111704664906503	-19.18801253354088	-0.1540399234101062	-17.80565431046968	13.19416096606141	29.60794864435202	-0.1484419308580332	-9.122065539660509	-1.299240217318898	-51.04557984783916	6.912083325035189	11.95835998719856	104.3718943635973	-5.023751106702202	-10.16596586116191	-45.6224578684798	-45.6224578684798	104.1468375402385	104.1468375402385	-33.25196795926303	113.5086131136139	44.75103718398925	139.6072970625568	-7.350974380954885e-16	4.958518709078483e-16
15.18532697799708	-0.1568533570176093	-0.2102349844677223	-0.1281938464492067	2.431823031323788	0.9903384149796425	1.037701730403454	0.7900879711814291	0.1697126790512336	-0.2416329884718618	-0.383948651587004	-0.1080163769712466	0.1122375139645995	1.156650148572975	1.156650148572975	0.1410874446945548	0.1410874446945548	-0.05750409335457229	-0.07842888032878394	-0.2433761831543991	-0.2262049515320252	-1.123882844305331	0.2022640442630986	1.808061797629438	0.2515457335613503	0.4230783173010906	0.006258621802434678	0.9822835651144523	-2.124085591639289	-3.373025157830322	-4.914066417425136	-1.037741954510289	-1.189615221040399	-11.44496563949146	-11.44496563949146	-5.81125550408177	-5.81125550408177	-0.5756666553203237	-7.824793642231448	-1.320626313917609	-0.1952929820355104	0.2089352513789051	0.1806652589206106	0.04454170069880316	0.01390057197754713	0.12175428208416	0.209463771544484	0.1313787784148614	0.130430009771498	0.1529107855428133	0.08231362753988936	0.0282191932380139	0.01635840284556273	0.01260295252270121	0.01260789084231388	0.01827006594373203	0.01637738611936621	0.06469182553808475	0.01047852326916395	0.01199258345788591	0.01906297771439292	0.01120756264329003	0.01224602770555214	0.01734718087222185	0.1165725742641167	0.03454605877110536	0.06814238569909956	0.1381306505826832	0.05462097553723734	0.2525915299599371	0.01861557500724807	0.1278145097533158	0.125276412720631	0.07927571224542423	0.01029325170112521	0.01400402047595744	0.2000359898158221	0.01377198848408141	0.01337529036510989	0.01089616875179072	0.01168739913837947	0.2921836047963621	0.1857457066494225	0.05518254534700667	0.01319287363652566	0.163881354676559	0.2728401968574755	0.1956783530003674	0.1056869303106434	0.1248368608361608	0.0932886322253957	0.03254776734911127	0.01695694671288794	0.01104686867030419	0.0135167676128078	0.01862277653172467	0.01694694108490251	0.08656809006844619	0.01049698543375133	0.01161051988236573	0.01962560567592486	0.0105145853429234	0.0114817489139401	0.0166127210972496	0.1332606742021057	0.006544786892704812	0.05426446826159759	0.1341536470318204	0.06418406232610878	0.2271694668251276	0.02107577545141048	0.09981533140462995	0.05207392111349822	0.1102483541098133	0.0100399341330325	0.01160550513031111	0.2119263591384804	0.01459210564087082	0.01427918491537086	0.01116392195822193	0.01211573043647266	0.0006809371895896523	-0.001379983112153081	0.01342470184316629	-0.02529806141039088	0.006944185620930141	-0.0661466989420904	0.004383139334742605	-0.0007207385698438269	-0.003694266333112354	0.0206136441844848	0.01380469623667737	0.00395681533792914	0.1788194577065572	0.1383922973116389	0.03844147695659406	0.1348314420947682	-0.1332696226699454	0.0973129862153891	-13.03939632425852	-0.1386052383360047	2.014543080473182	37.6650259565704	-3.075378855434629	-3.280870089053091	-9.330419216784813	0.4585498497066101	-52.85667405794861	22.51835710449838	76.0613039603308	167.6312359234868	53.09422980438219	0.6845117738692595	-34.33297144554467	-34.33297144554467	346.2656847093469	346.2656847093469	-6.205788562184981	471.5314376383602	174.5456236800072	-180.6618137643202	2.278011285561004e-17	2.551349166021538e-16
15.19999362999707	-0.1743103788401658	-0.2029101370657684	-0.1040842715468062	2.435217000021289	0.9955632259609355	1.038031668066831	0.7999480136077181	0.1427195926640578	-0.2808100781848786	-0.4374031655160346	-0.117331289159399	0.09564287701070262	0.9840614542138545	0.9840614542138545	0.09077678100938927	0.09077678100938927	-0.0675592452871715	-0.2111945863393682	-0.2424438564493043	-0.2345774509246367	-1.211360752047776	0.8068336503648302	1.44376778854659	0.2120869530494164	0.292289173899692	0.04179446127163793	0.3442050119205731	-1.544889006122644	-1.861080461513401	-2.452246056219268	-0.2014214599497615	-0.9920107340433437	-12.0047782384579	-12.0047782384579	-1.090066715798355	-1.090066715798355	-0.7720433112746086	-10.16863275776067	1.476195837039647	-0.799827683966557	0.2322978152407003	0.1886856029270658	0.06250387539363692	0.02631490367793013	0.143840745461487	0.2187389347266971	0.1757930079828184	0.0972004843216881	0.1504658012297106	0.09026016743562007	0.03006100338916886	0.01791379407556617	0.01150514979272755	0.01234442164352144	0.0183297202374932	0.01663598493906999	0.08322791295722758	0.01193263021025535	0.01332953219680042	0.01872405187033183	0.013988689735857	0.0144133732417911	0.01848374181801769	0.1218610277624051	0.02419437691638025	0.05456493491713355	0.1168850011815668	0.04931012090906788	0.2040202548917715	0.01821259567420387	0.09563086355650853	0.1226966079219142	0.1006387957414521	0.01029316929061314	0.01439026270569656	0.1940604980417569	0.01748825840142845	0.01343797227706407	0.0109383408478667	0.01174914406901467	0.2044693891799635	0.1979019487739952	0.07757453665391817	0.04168111061253445	0.1437314771047987	0.1829903764953378	0.1937947309297499	0.06806134497855838	0.1683831189759624	0.09275125490129461	0.0290153005349146	0.01929150633280939	0.01139820514142927	0.01135790010478089	0.01813502296318312	0.01651139776767372	0.09124856212609547	0.01360067007187619	0.01516853976928214	0.01790169977564116	0.01774167648858758	0.01751010950098122	0.02037388145340254	0.1165770529300251	0.03233874028402931	0.04734489033369467	0.08835591068841818	0.03524034556003386	0.1395368085662573	0.01588837360985109	0.07059808181146632	0.1741152620596765	0.106148058693369	0.01048267361833215	0.01663708581511586	0.1745792076980006	0.02122745681219179	0.01283291254590089	0.0107865016762124	0.01149965256107592	0.001791033871567358	-0.001256764653119177	0.01270198924276091	-0.0251112171962702	0.009120437655139806	-0.06571227640619132	0.00186238580767529	0.003021192697596832	-0.0001490898591506558	0.003335325823235484	0.001306721304098817	-0.001315990216990818	0.2677158160674574	0.156722161228483	0.03265633057212213	0.06252271468277305	-0.04639457666940421	0.03921118947859029	-8.212272103807383	-0.1166243121215205	-5.324836426825831	44.04722341416095	-39.38545534865781	-2.311435158512726	-8.415136478536922	3.718188136278733	-40.6772192350726	49.19440196517867	127.6692127254983	160.0812587322143	62.16164242385563	28.18018747534191	-31.38354982709457	-31.38354982709457	305.5467987390142	305.5467987390142	-14.58295893941441	-464.12386303912	201.6741223845781	43.49508876923441	7.806576638067085e-16	1.441796229645926e-17
15.21466028199706	-0.1910588932467029	-0.1862671078897598	-0.086894760804528	2.438068246142695	0.9989970703394757	1.039017505081891	0.7996547644119378	0.1247451784927213	-0.2930498798660546	-0.4581413580690405	-0.1130138422774837	0.08552281199250931	0.8070066505946131	0.8070066505946131	0.1079162584028258	0.1079162584028258	-0.07946285292889213	-0.373452298826434	-0.1992404206085071	-0.2453667195754848	-1.027268100051535	1.472926465933539	0.8644157412390296	0.1775380355406012	0.178855354520802	0.09569953192743426	-0.4022575860731027	-0.8942654232950363	0.3002450652379708	-0.4527454048260831	0.8212179594596454	-0.3067181650924679	-12.0539811476146	-12.0539811476146	3.386500204396414	3.386500204396414	-0.8277290495357484	-11.84643491066742	4.443621605201312	-0.524852755900438	0.1781562879212606	0.1995333655443574	0.08358217558282896	0.05186563493243593	0.1342952184365538	0.1580827886640525	0.1855413562872158	0.05916587073159311	0.1809379793304545	0.09154352302454821	0.02738035858107139	0.02012974444475372	0.01165343074889999	0.01044824830980211	0.0179223908506833	0.01630088533878839	0.09053150733166204	0.01480076424087591	0.0165675408410704	0.01720315434018627	0.02055739082929854	0.01987315087995456	0.02185125045228509	0.110533337628077	0.04383683378876005	0.0461835097599447	0.07610334495682784	0.02429308779476202	0.1248292520436685	0.01371515686029406	0.0645529153403613	0.2093564569429567	0.1019224261605306	0.01067502316360039	0.01874822816187299	0.1658268543256131	0.02366751266783929	0.01220354910329716	0.01061876434325349	0.01122710602483359	0.1167551735635649	0.2100581908985679	0.09996652796082967	0.07016934758854325	0.1235815995330385	0.09314055613320009	0.1919111088591325	0.03043575964647342	0.2119293771157641	0.09221387757719356	0.02548283372071791	0.02162606595273084	0.01174954161255435	0.009199032596753984	0.01764726939464156	0.01607585445044493	0.09592903418374475	0.01670435471000105	0.01872655965619855	0.01617779387535746	0.02496876763425175	0.02353847008802233	0.02413504180955548	0.09989343165794443	0.05813269367535381	0.04042531240579177	0.042558174345016	0.006296628793958936	0.05190415030738688	0.01070097176829171	0.0413808322183027	0.2961566030058548	0.1020477632769247	0.0109254131036318	0.02166866649992061	0.1372320562575208	0.02786280798351277	0.01138664017643093	0.01040908139420287	0.01088357468567918	0.002901130553545064	-0.001133546194085273	0.01197927664235551	-0.02492437298214951	0.01129668968934947	-0.06527785387029224	-0.0006583677193920251	0.006763123965037489	0.003396086614811043	-0.01394299253801383	-0.01119125362847973	-0.006588795771910776	0.3566121744283576	0.175052025145327	0.0268711841876502	-0.009786012729222101	0.04048046933113696	-0.0188906072582085	-6.405764204594257	-0.08968351808262141	39.04692916815083	46.05456290978974	-32.40150430312445	-2.611342646372812	-6.96378175616788	2.963447516413515	-67.63633131031185	32.25841193241597	164.613323935269	104.5875760871606	78.50138132730099	67.18749854331507	35.29569224811187	35.29569224811187	312.908123885138	312.908123885138	12.97935576294201	562.3547506375029	197.8097765629532	-60.72856246776681	4.702070495346617e-17	4.813492600553049e-17
15.22932693399706	-0.1981409277055819	-0.1604300111471994	-0.07746408812418859	2.440406827701395	1.001118910553614	1.040708655678134	0.7828832836108431	0.1148207901480113	-0.2695827197916262	-0.4589948102444812	-0.09283090046760356	0.08736982275892191	0.6361040094937227	0.6361040094937227	0.18811799728214	0.18811799728214	-0.09199292711924827	-0.4935577881718727	-0.1186688916449683	-0.2584316699661776	0.05427203602548882	2.028638313499966	0.4315672987883366	0.1414777908365849	0.1094473392679857	0.1328444395982498	-1.838235464879141	-0.5287749783949395	2.814243330259403	0.2740621908041927	1.910396361675906	0.5222086060544215	-11.10904837134172	-11.10904837134172	7.345587789990215	7.345587789990215	-0.9445246127057462	-5.041360158931346	6.249539855342721	-1.125187284771844	0.1285727205357484	0.1782096797538678	0.08722940054651195	0.05592960553197533	0.1180636899464607	0.1214748856452433	0.2122121457937826	0.04732197986337885	0.1631725811811947	0.07553270500810548	0.03265357342350441	0.02751820232335148	0.0216899700354254	0.01896365691540561	0.0259352140730318	0.02890131316527935	0.09451197975839916	0.01442118422185532	0.01653360682717189	0.01853068787214909	0.02035398029620002	0.01998608611834591	0.02324435139853079	0.1046759094132799	0.04358693971795414	0.05081262475258196	0.07261056810179632	0.04387792140141968	0.08747538344507937	0.01163661139213523	0.04596551791877936	0.2819052730616141	0.1091871984210367	0.0123010851123796	0.01841410254234104	0.2100169891446645	0.02213545449337163	0.01170747051318374	0.01052486130952996	0.01107235239533273	0.09848137927429045	0.1346096151323795	0.07952955795652017	0.04705097403716051	0.1022072386094603	0.1149376233087404	0.2523222289651775	0.05356005799726863	0.1097291199311768	0.05317818682794852	0.04051683606195874	0.03525673101081088	0.03347521104566879	0.02990680270419191	0.03572658599198365	0.04422044901489795	0.09591204767478088	0.01255022297402249	0.01487147815992886	0.02086439016198624	0.01678937155984508	0.01735883171384127	0.02318183313885549	0.1044248126505622	0.03234273391880975	0.06109395118375446	0.09316488077262523	0.08202884938475444	0.08827469904465499	0.01147892236085182	0.03943513692831802	0.3415026005128811	0.1195632635804043	0.01399564476002261	0.01582384590828086	0.3070537859546109	0.01715181382860556	0.01174469889966311	0.01057351174575642	0.01115076304378493	0.002880021557300629	-0.002190725051898689	0.01226685666510721	-0.02477216865794375	0.01185812578111156	-0.0643806555548309	-0.0002983049991393621	0.003449906992580847	-0.000619946493044576	-0.007796436110809163	-0.007682496607957971	0.000968964473381578	0.4138152301906532	0.1696251012174654	0.01439535711161233	-0.05191219627735708	0.03610691940598914	-0.01658189640296286	-4.216628854807873	-0.07802616314090047	90.34588488813978	31.58974759098429	-27.04710446280635	-2.37024147225877	-3.722970005180386	2.105721110854577	-108.2846673733283	14.12075291065741	166.054331826792	15.66695106316561	70.03505158529144	47.46277157573302	93.50555482843347	93.50555482843347	227.5358105002072	227.5358105002072	-24.93980231267404	362.6625413743217	55.73593023629501	-17.58005982347616	-6.866162538997762e-16	8.185188971460172e-17
15.24399358599705	-0.1896799666166185	-0.1273963663533238	-0.0739426922621267	2.44222171917168	1.002177032118581	1.042853618822488	0.747098104128025	0.1071895379756836	-0.2130092301177862	-0.4519297688461146	-0.05758009898691593	0.0997739193334899	0.4853039355308816	0.4853039355308816	0.3173872622818706	0.3173872622818706	-0.1090346392070511	-0.536284918226024	-0.02454112818280269	-0.2745135048190329	1.092233412338632	2.454274908825452	0.05860446020769167	0.106125679344207	0.0338026663992748	0.1575831230989006	-2.995037271816358	-0.5815647234511208	4.814749070573071	0.6270502532165708	2.875928151099143	1.132885884715308	-9.312719251162832	-9.312719251162832	10.0775331845804	10.0775331845804	-1.442953014411833	-1.294829910245272	6.292200885412428	-0.936246503043841	0.1001083538947439	0.1166531500872	0.07189184976369629	0.03765727791430731	0.09761551507101136	0.1271034310552515	0.2610128961650192	0.06363256974475892	0.08113086054060324	0.04052973084249416	0.04597914574404811	0.04004587442581642	0.04138791919603929	0.03764440204362195	0.04226665016659788	0.05415041211865883	0.09538408480220936	0.01079582410253862	0.01322467599375669	0.02271154443392803	0.01333329308795139	0.01472466972247604	0.02264653474238536	0.1067072261652127	0.02197168553085638	0.06835758023581091	0.11103429853196	0.1076011188199445	0.1053241912745434	0.01201046936555654	0.04063558153761579	0.3332454701360247	0.1241205850093676	0.01516333938513098	0.0133635415884166	0.3354057123708231	0.0127613414053805	0.01194627921656657	0.01065372343013459	0.01128112195026536	0.08020758498501603	0.05916103936619118	0.05909258795221065	0.02393260048577777	0.08083287768588203	0.1367346904842806	0.3127333490712224	0.07668435634806384	0.007528862746589476	0.0141424960787035	0.05555083840319958	0.04888739606889091	0.05520088047878322	0.05061457281162984	0.05380590258932574	0.07236504357935097	0.095895061165817	0.008396091238043938	0.01101639666365918	0.02555098644861501	0.008609975485438397	0.01117919333966021	0.0222286244681555	0.1089561936431799	0.006552774162265691	0.08176258996171717	0.1437715872002344	0.15776106997555	0.1246452477819231	0.01225687295341193	0.03748944163833334	0.3868485980199072	0.137078763883884	0.01706587641641342	0.00997902531664112	0.4768755156517011	0.006440819673698344	0.01210275762289528	0.01073794209730996	0.01141795140189068	0.002858912561056194	-0.003247903909712106	0.0125544366878589	-0.02461996433373798	0.01241956187287366	-0.06348345723936956	6.175772111330097e-05	0.0001366900201242057	-0.004635979600900195	-0.001649879683604491	-0.004173739587436207	0.008526724718673932	0.4710182859529488	0.1641981772896037	0.001919530035574466	-0.09403837982549207	0.03173336948084132	-0.01427318554771722	-3.195234853089588	-0.06744188291995211	33.10436507596375	28.31701077573693	-24.23527742734149	-2.514778930040185	-7.814235917880814	1.271687983267044	-29.56682889504227	-24.77985282718771	94.59154599876122	53.61213421834381	61.64046272187087	37.4261743520666	151.3953097895154	151.3953097895154	145.5703850468226	145.5703850468226	-39.06153789653501	145.2800831467193	-42.63463025498676	46.89999660621942	-6.573643454518534e-16	2.417843662448974e-16
15.25866023799704	-0.1678918959707529	-0.09068162370319856	-0.07458935396068588	2.443506904191314	1.001985243647253	1.045190072708386	0.6979109959446802	0.09652077683076336	-0.1369632957688129	-0.4408242534412148	-0.01104149247234062	0.1201978930905982	0.3664158575069792	0.3664158575069792	0.4774699126666184	0.4774699126666184	-0.1298084289096271	-0.5433577749668815	0.05524812886255758	-0.2819500060325977	1.82209439400713	2.477308911653967	-0.1154202473339068	0.06896997132310626	-0.06333817552620487	0.158323921523272	-3.601766393801893	-0.8288141280743565	5.383284512234069	0.8924171683980662	3.37458044972957	1.585563890768227	-6.783649288405341	-6.783649288405341	11.61448382003099	11.61448382003099	-1.468985951529881	0.1693487089287704	4.357315946283654	-0.1286450711558814	0.06897861802724924	0.06236979596762977	0.05140749402759844	0.02473886418022614	0.06900753072644822	0.1072329823815075	0.2973837384942379	0.1226060506736733	0.1089565476298173	0.05944545782351547	0.04552370919115793	0.03792587430088269	0.0402823937569657	0.03681896469878473	0.04379558889014315	0.0539902871993052	0.07666804149906287	0.01377918849646682	0.01605588945482588	0.03049492644165485	0.01396345906782154	0.01630918272231144	0.02516174884690003	0.09940227437105975	0.02192527745262452	0.1219877382542772	0.1939770382542279	0.1299181871298709	0.1317337001674744	0.01173920200812086	0.09786520307640405	0.4161522546254469	0.1553245912234605	0.01487314238320602	0.0154031662646437	0.3438101991016106	0.143415630548384	0.01185558901212344	0.01063387441519788	0.01122961089204425	0.04165775168337133	0.03075086726038833	0.03445383479955344	0.01930900204361498	0.04285483730768753	0.0707306334393807	0.3232892647794727	0.197234286016432	0.2053058072686503	0.1040764991119655	0.03764672934881603	0.02858089015689487	0.02836435535121917	0.02591816078316545	0.036895459324355	0.03977342484306779	0.05063527507739846	0.01904597735157017	0.0210240727885914	0.03775253173945961	0.0182308135725754	0.02082297704569571	0.02848825992652948	0.08725055965344344	0.03337352880201087	0.1887265616027883	0.3007149180120185	0.122798462292224	0.1557197713555583	0.01124074689386727	0.1793653117390182	0.543103718005042	0.1933358476079646	0.01310636449159555	0.02032278612128956	0.2400777841671464	0.341242267935149	0.0116334061096005	0.01054792261364957	0.01106762162709024	0.003307915110464187	-0.002704142978012674	0.01249068699529833	-0.0215291501317995	0.01395207655701509	-0.05891122873446693	0.0006723892815935571	-0.002787639721212721	-0.001767729974698302	0.007162972236198893	0.01081700113910449	-0.009847574086302175	0.4725913339289641	0.109015990834522	0.02181170376827827	-0.1081717285615194	0.03239959423954584	-0.02174733699530431	-2.712446696102645	-0.05684835891156157	52.28615298927795	-19.4708628892186	-2.472528057927058	-2.558689550559822	-6.373689638100279	-0.8362807005243567	-35.96366261229083	-8.350567337049931	-6.728384198897281	0.8530426284586495	10.39376938572653	20.76807722984356	194.7861891530265	194.7861891530265	70.34496615759448	70.34496615759448	8.773757187555885	60.6397465134875	-200.1782471788226	53.94795377170556	-5.587589036129301e-16	4.131909803044133e-16
15.27332688999704	-0.1378973369248412	-0.05692803413886025	-0.07640829742646099	2.444240230178932	1.000219893978365	1.04741856437505	0.6446887809432654	0.08418165417012567	-0.0601414271113338	-0.4256032865739867	0.03860113810175751	0.1443289655973191	0.289709729153416	0.289709729153416	0.6540463746079401	0.6540463746079401	-0.1544464828020603	-0.5360400163260683	0.09650183158920872	-0.2797778732181145	2.211301131413111	2.050480902423958	-0.101252304269496	0.03087209972465451	-0.180774075117552	0.1428609875721112	-3.545279660886703	-0.8093415215531166	4.920558400269588	1.188248741096438	3.299204582492508	1.638399856085751	-3.560629453115211	-3.560629453115211	12.32669155509075	12.32669155509075	-1.969898658156422	0.667528695069286	1.03734731436896	0.3740230837783188	0.03050662409611824	0.02569573287233309	0.02691591063078104	0.01862580493899241	0.03166149946558432	0.05030828268834391	0.3163311980074047	0.2223971958492774	0.2570975838046041	0.1329955474184647	0.03058054624463956	0.02051610694013053	0.01753506350252306	0.01584799014171008	0.029987498073734	0.02696921553236846	0.03591803839646315	0.0232887795594164	0.02497921784369546	0.04187418712766339	0.02226401399027748	0.02474342287609379	0.03081912529491982	0.08083271520777557	0.04433131038471277	0.2112195256569487	0.3208273791565698	0.108559964463452	0.160829212530063	0.01082613878626404	0.2138154248823849	0.5389944341963302	0.2033422826686027	0.01143015351525296	0.02450464033736912	0.1883235145515199	0.4002939240468122	0.01143884197351489	0.01046726678749435	0.0109205855497271	0.003107918381726641	0.002340695154585475	0.009815081646896238	0.01468540360145219	0.004876796929493025	0.004726576394480759	0.333845180487723	0.3177842156848001	0.4030827517907112	0.1940105021452274	0.01974262029443248	0.008274384244898828	0.001527830223655125	0.001221748754701057	0.01998501605938426	0.007181806106784621	0.005375488988979913	0.02969586346509641	0.03103174891352362	0.0499540770303042	0.02785165165971241	0.03046676075173121	0.03474789538490346	0.06554492566370695	0.06019428344175603	0.2956905332438595	0.4576582488238026	0.08783585460889813	0.1867942949291936	0.01022462083432261	0.3212411818397031	0.6993588379901767	0.2495929313320452	0.009146852566777679	0.03066654692593799	0.003280052682591651	0.6760437161965996	0.01116405459630572	0.01035790312998918	0.01071729185228981	0.003756917659872179	-0.002160382046313242	0.01242693730273775	-0.01843833592986103	0.01548459124115652	-0.05433900022956431	0.001283020842073813	-0.005711969462549647	0.00110051965150359	0.01597582415600228	0.02580774186564519	-0.02822187289127828	0.4741643819049793	0.0538338043794403	0.04170387750098206	-0.1223050772975468	0.03306581899825035	-0.02922148844289141	-2.52395662896886	-0.05610537307012167	-13.34853286729757	-33.02787039533345	1.427382408876213	-2.643255909974179	-10.58174654892003	-0.9379140957267623	60.87178721189404	11.5913668819309	-46.03517012239961	57.76640985219522	-16.63618362764902	-17.09779481766218	246.0249324918119	246.0249324918119	33.10533161933507	33.10533161933507	-103.8179348586635	13.55286509669022	-231.5098681465686	5.318144530654788	-3.33396805100125e-16	3.210223181133402e-16
15.28799354199703	-0.1055326833151342	-0.03077039316590811	-0.07928095371259758	2.444406245034036	0.9965340251610072	1.049538529171722	0.5981792902196245	0.07535657572746919	0.006201004614070068	-0.4046940735640963	0.08484418000374765	0.1630260150575156	0.2641929707531134	0.2641929707531134	0.8350405329181607	0.8350405329181607	-0.1983189240100111	-0.5261891102935455	0.0916975126930805	-0.2737683767931172	2.136202551252874	1.539272144053747	-0.2895868401862263	-0.005534245324162208	-0.3270014123810572	0.1468486530450653	-2.730379020196996	-0.400490665087707	3.855668406202896	1.707162583262571	2.99239051160394	0.8588568329692656	0.05334789840011849	0.0533478984001185	12.26529137688149	12.26529137688149	-3.573350615815031	0.663883834792261	-1.899060898812939	0.3708747264288962	0.02215281092655075	0.03776263342061536	0.01336050335431881	0.01397609016269618	0.01463846393545756	0.08403579025108374	0.3153441417605518	0.2713197266651193	0.2980656016845887	0.1408654242284421	0.01976079348078503	0.0115211263735105	0.01433292840389642	0.03128693339514892	0.06595776975881933	0.08196800106977671	0.01534126985638137	0.02214166530538608	0.02325184841474059	0.03851138521250549	0.02122482825349761	0.02322660026299466	0.02779061781201761	0.1047449895992196	0.04733780946735874	0.2857069621259859	0.4704769832753772	0.1989800053410403	0.2316138971776464	0.01055307769443972	0.2953574683829547	0.5551843458997098	0.2052878079567044	0.01006538473567812	0.02486567638918043	0.1896377686826194	0.457077033686469	0.01087261731459211	0.0102730943081354	0.01054680792677563	0.03233908620345648	0.07028129973307821	0.01003412900524918	0.01148455255006438	0.01410744209828069	0.1651433551969525	0.2991901781940855	0.280741185816782	0.2514807161548986	0.1036470279102647	0.01491572275181376	0.01009891072544678	0.02245904488545974	0.06107087126818133	0.1205823832847891	0.1714052683742373	0.01317488527747351	0.01594311617758867	0.01662422350169397	0.02820073425618448	0.01577920004411458	0.01709926596349884	0.0211664285047084	0.1505780985091327	0.03896090350550761	0.351296473795544	0.6703684984642181	0.3633988160027687	0.3314753149678212	0.0106881685115568	0.3551626161814475	0.4562787627690789	0.1711598556132625	0.01019693423928771	0.02064014380779461	0.3303319825952808	0.3386006501639446	0.01042441579103952	0.01013114761743867	0.01026777077208894	0.003310827987264439	-0.002323693423988829	0.01106659676616214	-0.0166792839283708	0.01240370251421897	-0.05637949529187365	0.006086035857706414	-0.002374462787004209	-0.006620551278270933	0.01358930941888445	-0.0003994674182299701	0.001660460806648774	0.4316242760582798	0.05964670157598546	0.002335700543076303	-0.1325366334813745	0.03272385435517986	-0.02663352058992622	-2.644138174196402	-0.04683526502246035	-7.742230944067512	-33.43717027091521	-19.88447040943241	-2.125672351081933	-10.19158111070744	0.9405276932707408	59.71265382488792	35.36295939872453	-113.5542245364488	28.7031476785383	-24.52116484909093	-76.53049262440648	243.7642091715119	243.7642091715119	-31.94099523750207	-31.94099523750208	-67.1457728498458	-8.365654321059731	-205.6872138244245	-10.60855029008442	-8.26833752525325e-17	1.761386006721263e-16
15.30266019399702	-0.0771674253575266	-0.01110734289322638	-0.08487681453890636	2.44415707604385	0.9904766046714594	1.051744402330068	0.5665499021108322	0.07224587819287516	0.04502406835641867	-0.3742314389988836	0.1259589425972956	0.1679866659565332	0.2904614768181581	0.2904614768181581	1.011215373279519	1.011215373279519	-0.246376713983598	-0.5169150056217036	0.03473646998094369	-0.2710865639061221	1.665928451662964	1.164854012214298	-0.4725987492759701	-0.02574393579440968	-0.5041678083555808	0.1545757758787016	-1.516172729753948	-0.03010698212785283	1.167913559024441	2.490989346836183	2.599893068393084	-0.2347472754048893	3.501004581069693	3.501004581069693	11.66951117761059	11.66951117761059	-2.540628606018843	0.5888738854125189	-6.074940318287006	-0.07975239790679398	0.04506686085192879	0.09450018596750918	0.0113828579227458	0.01054145045618686	0.01961417951125334	0.2101330582368593	0.2927661300341673	0.2617731175804525	0.209111306502261	0.0733829651657212	0.01389539117523821	0.01172154001141591	0.03156356987751558	0.08250782212790821	0.1500627156902905	0.2148492054916279	0.01839504312976253	0.01020727421809307	0.01068319462784004	0.01967400939006532	0.01074184714243982	0.01158493174401547	0.01579163654505825	0.1731763692827017	0.03022218008814546	0.3442359167343988	0.6473410136181202	0.4047167688837557	0.3467969921591063	0.01091499405902364	0.3419118619728164	0.4194192414854598	0.1500298178022371	0.01078074574228517	0.01639501957208389	0.4018705657485939	0.2651288148476616	0.01015637071764437	0.01005075150234601	0.01010748592458643	0.06157025402518632	0.1382219043115709	0.01025317636360213	0.008283701498676573	0.02333808726706835	0.3255601339994243	0.2645351759004479	0.2436981559487638	0.09987868051908601	0.01328355367530203	0.01008882520919503	0.01192343720599473	0.04339025954726435	0.1209199937816616	0.2211797505101939	0.3356287306416899	0.02097428156596711	0.00219036889008094	0.002216698089864321	0.006447391482064762	0.003706748428516756	0.003731771175266466	0.007584961624513345	0.2356112713545584	0.01772752356925919	0.4069024143472285	0.8830787481046337	0.6389617773966393	0.4761563350064488	0.01115171618879099	0.3890840505231919	0.2131986875479812	0.09272677989447978	0.01124701591179775	0.01061374068965124	0.65738391250797	0.001157584131289479	0.009684776985773328	0.009904392104888153	0.009818249691888058	0.002864738314656699	-0.002487004801664416	0.009706256229586539	-0.01492023192688057	0.009322813787281418	-0.05841999035418299	0.01088905087333901	0.0009630438885412269	-0.01434162220804546	0.01120279468176662	-0.02660667670210513	0.03154279450457583	0.3890841702115802	0.06545959877253062	-0.03703247641482946	-0.1427681896652023	0.03238188971210937	-0.02404555273696104	-2.878258723051152	-0.03836674598734534	-67.23615758626823	-14.37458448784365	2.15319588382457	-0.4346189860767169	-14.80071331939141	-0.4279875820706111	115.3226120836562	6.345837976550942	-267.3351441195417	93.89093525957641	-28.32029153752924	-59.92434927028371	223.3448186054474	223.3448186054474	-39.76474412281925	-39.76474412281925	255.660692909433	3.821252305611214	-400.5288380236453	-55.70174835103208	1.444821850072396e-16	2.390159538270389e-16
15.31732684599702	-0.0617620098975734	0.006280424589018632	-0.08948266493650023	2.443804414609153	0.9813675750132589	1.053825130126045	0.5566396271928505	0.07061244025199262	0.05437438893210207	-0.3253287265222864	0.1629268186898502	0.1621520065322203	0.3600787146485671	0.3600787146485671	1.178601117299652	1.178601117299652	-0.2643875676770923	-0.5070196349753918	-0.05571941050026614	-0.2786802746126376	0.4351000416514194	1.190641966745478	-0.1440295663077662	-0.0237680948075865	-0.7264761452241913	0.1272938920575143	0.1260681183441171	-0.1538623091055838	0.3484620987888945	4.190013703801494	2.46302721169428	-0.4913961931086815	5.864108618145936	5.864108618145936	11.13040455590562	11.13040455590562	-0.08051821627046372	0.8243257567366499	-6.142407882609253	-0.9042074823144796	0.0469100533269115	0.0992005668660462	0.01969789823762868	0.01428666792879399	0.02418000460668399	0.2292075135290796	0.2332618274119413	0.2099923996816841	0.1656120244282562	0.07435186390141763	0.01408773158043699	0.01216711115519311	0.03170682334516004	0.0932871374126728	0.1901302227545363	0.2742939690236636	0.05975807688238965	0.01062029364602613	0.01682534420827651	0.04016254217689297	0.01119046715187361	0.0125191435784339	0.01913198668084579	0.1737825476303958	0.01963722867787014	0.3151424094716905	0.654379416975777	0.4495310781602888	0.3478541928387364	0.01270055424456701	0.3073002001472135	0.2762710320830274	0.10536248895885	0.0108055587634108	0.01427604797268222	0.5665827483400955	0.1091143907966865	0.02034175753244867	0.03666125169559926	0.02415601603799757	0.03657569101983046	0.07121247701120541	0.03033534306981019	0.02033753204224966	0.02680521254694352	0.16580970628978	0.1473396433916224	0.133159331621273	0.1766573152745303	0.1205729535703051	0.01716023533428913	0.0125317793230847	0.02288951254306218	0.07795704687488311	0.1971148110079284	0.2805524179970076	0.1105781410807233	0.01707471971455666	0.03037048111804793	0.07556137265172887	0.01695883819463009	0.01946604918028073	0.02922507324133149	0.1240250070264867	0.01629693081686727	0.2051029802002515	0.4686203569208032	0.343292020873897	0.2399694588181788	0.0145920181763023	0.1999161662700158	0.155289044749925	0.08243294536749643	0.01048498333275497	0.0161172706679187	0.7140010073814649	0.04905470446728515	0.03269053926192997	0.0691738855840847	0.04104740872789996	0.002149550573033967	-0.00261023318050428	0.01042256709715514	-0.01259694096809083	0.01132688539952788	-0.05477682839779043	0.00274977822836624	-0.0007641765817870829	-0.006429739858295588	0.002550913144054097	0.002364797922142415	0.0148270132982234	0.3692766632383462	0.1114895904126424	-0.01317055837821345	-0.1496429823649522	0.0336611656277497	-0.02486666295275326	-5.916397746499815	-0.04590320957871342	-92.23277891293807	8.232761956849574	33.69739180900282	0.2739741751758352	-14.15984402924038	-2.767065706730026	106.3371354502712	-11.86435634660433	74.541522808661	128.091313534206	2.396251359139898	10.82117900727893	116.9020505200942	116.9020505200942	-37.85498104092655	-37.85498104092655	106.8849308097285	28.69773350613853	205.387199853448	-51.19660615822508	3.637984554044439e-16	3.711469971806481e-16
15.33199349799701	-0.06439605789814533	0.02336152956505597	-0.08876602183804072	2.443418173586846	0.9695039244815595	1.055423610237173	0.5691126350645848	0.06886991292285868	0.06232463887875248	-0.2509594496583533	0.19884834389145	0.1556108426273777	0.458715918748427	0.458715918748427	1.336960797065529	1.336960797065529	-0.2535820610918316	-0.4908624754737401	-0.1419923146572993	-0.2960979083281758	-0.79400084379356	1.123036355913758	0.2531965441632811	-0.0303229750472999	-0.8797983030997322	0.08881466218345115	1.536096157477532	-0.04498282267434205	0.9769946459645811	5.963706145100304	2.457208713305756	-0.33108889181878	7.458276665995898	7.458276665995898	10.43868300301962	10.43868300301962	1.388878997866154	1.442755037749504	-5.504533885492604	-1.419379602401333	0.02641663546592781	0.0467623768591648	0.03781827321939488	0.02508773828629795	0.02778948189377787	0.1195361922881741	0.1290599335152387	0.1126386568272543	0.2048104355690309	0.1557330470344368	0.020157455831743	0.01275239512609755	0.01435168313835386	0.06144034992278649	0.1835687463771066	0.2554134552311779	0.1365814059355703	0.02340088521483116	0.0414290277250025	0.09905202171820622	0.02258273956428722	0.02606062924836682	0.03785213374973138	0.09049598973350677	0.0166998178490805	0.1672729540179108	0.417399032337629	0.2808996045485717	0.1906240136286975	0.01590116392590008	0.1656650016764603	0.1770190821440692	0.08505652835517824	0.01015170608273838	0.0186679200843855	0.6610477141066594	0.08684119482549656	0.04114528890341358	0.0887539788378882	0.05222430086886642	0.01158112801447459	0.004203049710839849	0.05041750977601826	0.03239136258582275	0.03027233782681869	0.00605927858013572	0.03014411088279695	0.02262050729378219	0.2534359500299747	0.2278623534653082	0.02423164545938322	0.01314012144017467	0.002388765538860012	0.03499409996810463	0.1730498715056629	0.2254761053523254	0.2001820005954795	0.03195907053903237	0.05852426414623154	0.144675353821393	0.03021092796074342	0.035200327185295	0.05086518485814964	0.01243874269841493	0.01486633806447535	0.003303546053274505	0.05416196573697274	0.04762226435115469	0.003782582629908776	0.01803232016381362	0.01074828201683983	0.09737940195186887	0.0721391108405131	0.009722950753712196	0.02162080064618616	0.7706181022549596	0.09695182480328082	0.05569630153808661	0.1284433790632813	0.07227656776391186	0.001434362831411235	-0.002733461559344143	0.01113887796472374	-0.01027365000930108	0.01333095701177434	-0.05113366644139786	-0.005389494416606534	-0.002491397052115393	0.001482142491454278	-0.006100968393658431	0.03133627254638997	-0.001888767908129032	0.3494691562651122	0.1575195820527542	0.01069135965840256	-0.1565177750647022	0.03494044154339004	-0.02568777316854549	-12.44123479699577	-0.05765335495849879	-67.00058581889202	-27.11008340919797	11.51551354198858	-1.597900316613541	-5.393497685844007	-1.954899934375794	83.65719737759373	38.06879880074911	-69.88258201990736	104.0729569416251	-10.45017935237115	-3.066626186123115	118.4898061286238	118.4898061286238	-60.57589191320566	-60.57589191320566	120.5633065922023	56.04549676015879	-304.3458016443538	-13.52675649590841	4.871916835877136e-16	3.583992611240602e-16
15.346660149997	-0.08213187422610171	0.03547834051441749	-0.08320281795648277	2.442755059371135	0.956368296975339	1.056436020869294	0.5974291683616311	0.07249747751360545	0.06689742002242249	-0.1529981959557669	0.2322359278366963	0.1511068131607042	0.5765606620561206	0.5765606620561206	1.483791671044241	1.483791671044241	-0.1978278918534917	-0.4635120815852127	-0.2330705372825859	-0.3163524552073259	-1.571987963342918	0.5635533065049827	0.5268824845406166	-0.06284772356397689	-0.8928000158019682	0.04814781873583177	2.15593565432907	0.4928061044274356	-0.2224297504666321	7.373559891938188	2.144115351890178	-0.24243094013006	8.317365304849355	8.317365304849355	9.548090665365651	9.548090665365651	6.140416968594729	2.240062802869905	-6.435655538424126	-1.242034827836838	0.0152460503859084	0.01527928110412922	0.04505409101430845	0.05312221137729609	0.02729091007309196	0.03782329622529348	0.07671033488532204	0.04573222427534224	0.1948430028366264	0.1730208576616139	0.02357989549018565	0.01615968959269708	0.02006654366716228	0.03412846279763509	0.191813678980862	0.2583576570773746	0.1437562758103731	0.1698145245460111	0.1232698002284756	0.156920109036579	0.06223912445911396	0.06124942229659947	0.06586851955783321	0.03334427520292863	0.01556014387190413	0.05158196796548367	0.1846271074145047	0.1489314340877512	0.06071455025247237	0.01714334906394016	0.05699898207739305	0.1101608569359415	0.06624954662357554	0.04782245203616259	0.03067879316747019	0.6449460665837268	0.2352313617109096	0.07268377317450664	0.1989689429482832	0.10959097502228	0.01304718571442585	0.008292345268732189	0.04445573565527835	0.0828886886075911	0.02481606371954011	0.0103367888528567	0.07497520320614691	0.02156309857944377	0.1385813724518513	0.1419394820119416	0.02457583102159307	0.01984942978993603	0.03579164057184259	0.01946702333898253	0.2137899540349643	0.2874695860519542	0.1033462694438377	0.3861741747939479	0.2264445671670416	0.2083066621059586	0.1071787222051115	0.09925973822090897	0.09214642692649617	0.01604270505090578	0.01559972645811423	0.005884067434641592	0.0277383178914179	0.0986812262417127	0.006317112131084577	0.01699681371904153	0.01434992310451744	0.06869059500358139	0.05081530276462481	0.09506242430193096	0.04293000428667023	0.5136796041999291	0.4765557596773272	0.1028420347364848	0.3428521602601349	0.174158581917115	0.001059488600937006	-0.002322607908530403	0.009832943042559515	-0.01058968050894193	0.01486557650459327	-0.04989594420606425	0.0005111798732698319	0.001216250375154198	-0.0003377840684983965	0.0002796526961066263	0.004488903361440476	-0.01031039242913398	0.3257327850155061	0.1593559595769138	0.02598505279219988	-0.1380844410282571	0.03254867905509749	-0.02296301346002646	-26.26993440841629	-0.07006249146670539	-40.69384831015333	-40.15736397641436	24.42760857414331	-2.808283202555326	3.271899765618022	-3.293514109054494	4.247560789512018	31.17581375341276	-74.32916719090603	89.99528663947538	-21.83898110652126	14.75970282651347	-1.463125447902992	-1.463125447902989	-64.44027810014734	-64.44027810014734	418.1491168515964	48.73533276053143	105.9925224013164	35.18671286306315	5.626233906640159e-16	2.73212135362374e-16
15.361326801997	-0.1089666623396728	0.0408984135184793	-0.07268133797999014	2.441494094642426	0.9438614948735238	1.056803864401999	0.6273867093425816	0.08195142229602481	0.05964279628235235	-0.03528751140324465	0.2631640331453366	0.1496924284476587	0.6940644522094643	0.6940644522094643	1.615992455250928	1.615992455250928	-0.07562089292867175	-0.426526392556748	-0.316703670693099	-0.3295807845472075	-2.034770964420848	0.2098439047254391	0.9293257786930342	-0.1118481265267062	-0.7940492985681585	0.0009190607310583741	1.759870156329473	0.7495243616067718	-0.6358349055576107	8.656813045017969	2.121824927475538	0.09022672317360304	7.411783007545424	7.411783007545424	8.443668766364743	8.443668766364743	10.45063756233102	2.756660234374074	-4.489293431873448	-0.4612580707427135	0.01472050701812629	0.01289622671784045	0.04133779298747538	0.09801690460407728	0.02260280759495767	0.0199002375745922	0.09688948836178993	0.02791385612861953	0.1077749502762603	0.1140607132901199	0.02438067868518863	0.02236395956395449	0.04885652779364497	0.01575603021567891	0.2224009344089117	0.2997322674559085	0.07113300395706247	0.4391612089981335	0.2599849093465675	0.2156220001611309	0.1290507151806553	0.117529929196941	0.103337136532591	0.02298914018463239	0.01602174679314877	0.01859529933611792	0.06331546034790132	0.135904161483606	0.02105478600919294	0.01643644378291366	0.0271511626931954	0.06813685872052921	0.04494688830237219	0.1213939124430428	0.05019744188263164	0.4915797758651421	0.5165056396334338	0.1151543488279826	0.3686114771602647	0.1961217139875263	0.01451324341437711	0.01238164082662453	0.03849396153453844	0.1333860146293595	0.01935978961226153	0.01461429912557769	0.1198062955294969	0.02050568986510535	0.02372679487372793	0.05601661055857499	0.02492001658380292	0.0265587381396974	0.06919451560482516	0.003939946709860427	0.2545300365642659	0.3494630667515828	0.006510538292195799	0.7403892790488634	0.3943648701878515	0.2719379703905243	0.1841465164494796	0.1633191492565229	0.1334276689948427	0.01964666740339662	0.01633311485175311	0.008464588816008678	0.00131467004586307	0.1497401881322707	0.008851641632260376	0.01596130727426945	0.01795156419219505	0.04000178805529391	0.02949149468873653	0.1804018978501497	0.0642392079271543	0.2567411061448986	0.8561596945513736	0.149987767934883	0.5572609414569885	0.2760405960703182	0.0006846143704627773	-0.001911754257716661	0.00852700812039529	-0.01090571100858278	0.01640019599741221	-0.04865822197073064	0.006411854163146198	0.004923897802423787	-0.002157710628451071	0.006660273785871683	-0.02235846582350901	-0.01873201695013892	0.3019964137659	0.1611923371010733	0.04127874592599719	-0.1196511069918121	0.03015691656680496	-0.02023825375150743	-51.23441390894244	-0.07511274762363523	-24.01816304488958	0.9499875094184819	29.07335206916519	-3.844582715031463	9.845485271698228	-2.849707359704664	-54.87544045299475	-0.2590581529143114	37.30196716563604	86.80922234723117	29.20480625730744	30.20609503410683	-122.147380348326	-122.147380348326	-89.73449761913531	-89.73449761913531	60.38360409534036	17.76677662466069	88.0387397606824	68.75950522625259	4.475160856141526e-16	2.126295564485212e-16
15.37599345399699	-0.1399162776392969	0.04400064154080639	-0.05628144178844299	2.439428687688043	0.9334944771496938	1.056570775077726	0.6450560873057438	0.09352279633461782	0.05610062467571514	0.09964516663964154	0.2966085350683741	0.1526299941405317	0.7892412632578567	0.7892412632578567	1.729091194537622	1.729091194537622	0.07999445581104102	-0.3846561772615105	-0.3779746703783867	-0.3288830650218818	-2.106405018572862	0.1795826683076919	1.316726754666678	-0.1670400801595459	-0.608845510966282	-0.03282993162204854	0.5173876119608902	0.8322549042210006	0.1017664968323106	9.636665174373675	2.364880734805923	0.2693994005357954	5.493212673834146	5.493212673834146	6.915671618988795	6.915671618988795	10.66321666010803	2.90049839772451	-3.79934812681483	0.5522945895172418	0.0138415612739026	0.01214843534261731	0.03513161998750741	0.1057233557919491	0.01856119547937492	0.01509961011023697	0.09111663498353345	0.02254427346542417	0.04117445777481595	0.06788917191650444	0.1219507668998706	0.1929896246387843	0.1884366768401686	0.01072334148597729	0.2617919577279406	0.345412641982894	0.06099962983211033	0.6022649299843644	0.3525460104120573	0.2726031677766819	0.1725965037946842	0.1630761774065803	0.1385772387710615	0.0190966989487709	0.01649805703103884	0.0111310860061584	0.01736329451692074	0.1531780156465286	0.01214605587067447	0.03395880675437312	0.02136160701136351	0.04171688525212178	0.03097109647615945	0.2063995758406575	0.08240911007508925	0.4417233931120186	0.7254114603722953	0.1748975622012502	0.5309062528229226	0.2746438324395621	0.01297351880299873	0.0116670138725367	0.02960997581254091	0.08880496750235489	0.01621089132475747	0.01341548041798959	0.06516405896317337	0.02165739913460382	0.01410967969863653	0.04738256384723236	0.2606919901521366	0.4586015114884677	0.3906022093281453	0.0136475573797074	0.306552702450024	0.3943158058149037	0.0952413778949053	0.7128160418766836	0.4190265443498313	0.3294311587230649	0.1966198460844585	0.1968034586182275	0.16733969951916	0.0169913938827415	0.01682228544608168	0.00996439304322257	0.005594802433893593	0.169049416668266	0.01078225086201002	0.05560619359691218	0.0213163462723894	0.02888396497617477	0.02528244890632467	0.2965317448431448	0.114734102138502	0.5185786731837398	0.9276204508058506	0.2408132456632899	0.7248937463472926	0.3492989779560782	0.0002869530716349718	-0.001893298429650175	0.007297460705650392	-0.007901611498779026	0.01938808922054231	-0.04149239666133267	-6.393894670874125e-05	-0.0008437523250578534	0.0007244363532577904	0.001335432894787022	-0.003899811478047372	-0.0007893769889078871	0.2713719165909589	0.09461296289106763	0.00626494696320899	-0.1008008367145104	0.02731692125348597	-0.01493899259610949	-77.03185200599069	-0.06310581242693918	12.7859735058503	-7.006768733420007	26.07604788311673	-3.440228575653491	15.12218242491105	-2.03963060774581	-113.1554925479536	8.985700433643665	51.56513093269199	45.92061178104341	2.696331142342761	-0.9667680965654162	-142.6787084367228	-142.6787084367228	-117.8720943490175	-117.8720943490175	-19.33684294369282	0.4660125815264999	33.34475066741859	68.85909619734895	1.963094861884215e-16	1.696216538545382e-16
15.39066010599698	-0.1684303939246734	0.04518042248422342	-0.03377283480564265	2.436675172459717	0.9263185753785639	1.055837160057772	0.6386853800010024	0.1064775243180504	0.06113063930756847	0.244265163357764	0.3303656921211281	0.1563935626026022	0.8530374467544838	0.8530374467544838	1.816997196830891	1.816997196830891	0.2340441925393735	-0.3429828985542692	-0.426200348145521	-0.3135006356763387	-1.70265713036402	-0.05230823182363801	1.762332628689315	-0.2056811668066359	-0.3588966880471837	-0.06733451147910489	-1.518326567491912	0.9381637245425192	0.5331007504454475	9.977812367186443	2.164459760526274	0.2028635770647096	3.132602244031155	3.132602244031155	5.00829210461049	5.00829210461049	10.23714480183177	2.729805218246843	-2.710384118669726	1.541204361750247	0.01239377360573869	0.01142838692786392	0.02662844655355057	0.07259887753935584	0.01525906879579025	0.01335504586310617	0.04618461857951273	0.02266111054207022	0.01675573435298462	0.04944878055937416	0.3083942478264294	0.5150018446575452	0.4336423817225144	0.01829031836385962	0.3082472301797232	0.3893472545883137	0.1271795502551693	0.6497745673371076	0.3980666317774157	0.3275795291015129	0.1923679303237951	0.1980711549580648	0.1715815117829076	0.01623868781511307	0.0169850213843716	0.01130645949096175	0.01153267867144128	0.1716199424587715	0.01244318255503219	0.06916199999170954	0.02328590057863639	0.0271291500053843	0.02494276199608823	0.306211314597122	0.1274321156255966	0.5705615150993849	0.850081268593332	0.2528586924512001	0.6869250870836987	0.3453659358754636	0.01143379419162036	0.01095238691844887	0.02072599009054337	0.04422392037535033	0.01306199303725341	0.01221666171040149	0.0105218223968499	0.02280910840410229	0.004492564523545128	0.03874851713588972	0.4964639637204704	0.890644284837238	0.7120099030514654	0.02335516804955438	0.3585753683357821	0.4391685448782248	0.1839722174976148	0.6852428047045036	0.443688218511811	0.3869243470556056	0.2090931757194373	0.230287767979932	0.2012517300434774	0.01433612036208637	0.01731145604041025	0.01146419727043646	0.009874934821924116	0.1883586452042612	0.01271286009175965	0.09525107991955492	0.02468112835258375	0.01776614189705564	0.02107340312391281	0.4126615918361398	0.1652289963498498	0.780416240222581	0.9990812070603275	0.3316387233916969	0.8925265512375968	0.4225573598418382	-0.0001107082271928336	-0.001874842601583687	0.006067913290905494	-0.004897511988975272	0.02237598244367241	-0.03432657135193469	-0.00653973205656368	-0.006611402452539494	0.003606583334966652	-0.003989407996297639	0.01455884286741427	0.01715326297232315	0.2407474194160179	0.02803358868106192	-0.02874885199957921	-0.08195056643720867	0.02447692594016698	-0.00963973144071156	-95.36595355464557	-0.04473332295265053	40.80671210194855	-26.54499412833639	37.01039155834369	-1.587644050944144	18.67436255292779	-2.952742122368939	-163.0434988598574	2.9016192405767	-4.461776704051147	-0.2869924594224222	-31.26936080007237	-3.299643130729271	-182.4256355482048	-182.4256355482048	-141.4685084898538	-141.4685084898538	-26.70524972808892	-25.12390392441601	142.4504355023771	65.39910804399709	5.205917991492989e-17	9.340404351517895e-17
15.40532675799698	-0.1874054001577593	0.04029159663085174	-0.002727314973367312	2.433570559019816	0.9231838889150336	1.054451086370736	0.5971831000055259	0.1210632331074994	0.06643581617521338	0.3874851392448875	0.3575337644230511	0.1607654726922967	0.8785305242930057	0.8785305242930057	1.874921009254381	1.874921009254381	0.3771582152139021	-0.3051337849300917	-0.4616329153374411	-0.2855399445439331	-0.865300480325309	-0.5836643698029919	2.456600724033322	-0.2131384051194396	-0.07008625767375341	-0.1196729249113627	-4.10440328201917	1.034417783433192	0.1955661005194938	9.45619729814493	1.524993445513078	0.3553201310445121	0.3966377752390263	0.3966377752390263	2.862546924052657	2.862546924052657	8.941085907653715	2.449503342259876	-2.166884035516443	2.174301685297505	0.01184234242011849	0.01115030727367063	0.02488792336971686	0.06046093341589234	0.01425756166789583	0.01293132306284213	0.0202915171613593	0.01974666027890197	0.01261109961151112	0.04841946172264583	0.374270365226343	0.6420581060660771	0.524223974683136	0.08376880462311743	0.3260920402368436	0.3963465526807459	0.1382964788176109	0.7128250619692188	0.4365990955642506	0.3630772496940849	0.2298587629938577	0.2336533390459873	0.1956943486701687	0.01470461307009966	0.01572646562115152	0.01108501762424994	0.0102491828161255	0.1863778604088193	0.01248158656501452	0.1128008163781639	0.02103264453959347	0.0178379971930005	0.01982328843371639	0.4642163968218876	0.1478252202612088	0.5871001630203652	0.9110654216998708	0.2965219099380321	0.7709693842638703	0.3806316099024121	0.01192227184309598	0.01118528790676531	0.0272253185418691	0.06570377311094523	0.01473414084159838	0.01329159860940315	0.01497309666834871	0.01618473275992189	0.0168850550909681	0.05519175018129659	0.345746452020037	0.612943486455792	0.4852326549836329	0.1670360639311052	0.3195770604678054	0.3697788068626821	0.1094617553224442	0.8351451669570787	0.4808412147111477	0.3853358160902485	0.2811820747999047	0.2694089077319545	0.2117802104524518	0.01433716551528215	0.0140087726204428	0.01071112255063481	0.0100073177180074	0.1972430412696654	0.01232401078527572	0.1540446524983853	0.017308548352789	0.01379187664035524	0.01664194120903079	0.7060906974612123	0.1489083103795417	0.4459072819795321	0.9381421103165463	0.3130711812193654	0.8025191298707803	0.3884861304875251	0.0002395158868840853	-0.001445589338228867	0.004932144729173271	-0.00438532014411039	0.01865046106681916	-0.02922454623030397	-0.00728935483106167	-0.002517300189616696	0.002385594052230245	-0.005229789769172763	0.01939803131040931	0.01791740433496183	0.1899538616265849	-0.08964419929857788	0.009861300988351702	-0.04570503286198618	0.02355790635513795	-0.0117320246263041	-100.0062670648357	-0.01250365967239844	67.23448489808248	-37.93244071231046	51.01140938595549	0.4951844720373528	20.04428463041628	-3.671594464308787	-179.2125088449997	6.718057592845565	-31.75455000361705	-63.02241705610691	-51.32885829276669	13.35700343274208	-183.1909808341507	-183.1909808341507	-151.567578312522	-151.567578312522	-153.6994310650525	-14.25820205087186	-20.29841434601443	22.09598210779494	1.476516679365175e-17	-1.602327456954867e-17
15.41999340999697	-0.1932391722864722	0.02895974384514345	0.03786055630100083	2.430556210763428	0.9242179725724782	1.052385506537023	0.5193655467874014	0.1363399135028923	0.06702073796968555	0.5188304832914172	0.3746503517351298	0.1657020080628747	0.8662241034135271	0.8662241034135271	1.900147620237116	1.900147620237116	0.4864205644436462	-0.2706010943484193	-0.4910983369805506	-0.2525758794916129	0.08933113040324903	-0.9309036921017988	3.063563672024567	-0.1933722658368458	0.2095725332825447	-0.159994533231551	-6.470414231761278	1.032387219576571	-0.1105710395683996	8.358542769653246	0.7938013457975074	0.2798580105433002	-2.021879967453678	-2.021879967453678	0.5495783585187886	0.5495783585187886	5.621002897762422	2.27756526021051	-1.896681639219929	2.223483305836051	0.01218538995232187	0.01131235748525468	0.03008006623278988	0.07496151390343364	0.01554589837431731	0.01379456068651937	0.01926921134372839	0.01364900772707136	0.02255736245911075	0.06156596915331312	0.3010940820433707	0.5351481510169019	0.4247325748889778	0.2029756809304959	0.3075877990167003	0.3564023273595108	0.08406572482480396	0.8225699980427974	0.4736420094121481	0.375005053889189	0.2891479883933437	0.2705802463433941	0.2098759730556469	0.01448328496422035	0.0127121524161391	0.01040514971379997	0.01018486568565786	0.1968273383102003	0.01215246022150607	0.1655950201572234	0.01440248164517184	0.01297573482418136	0.01525387825968051	0.6901883970374854	0.1408884277794481	0.3975994337459059	0.9062524038125478	0.298759566995532	0.7590884822961924	0.3726551750641899	0.0124107494945716	0.01141818889508174	0.03372464699319484	0.08718362584654014	0.01640628864594335	0.0143665355084048	0.01942437093984752	0.009560357115741495	0.02927754565839108	0.07163498322670347	0.1950289403196036	0.335242688074346	0.2584554069158005	0.310716959812656	0.2805787525998287	0.3003890688471393	0.03495129314727358	0.9850475292096539	0.5179942109104844	0.3837472851248913	0.353270973880372	0.3085300474839772	0.2223086908614262	0.01433821066847794	0.01070608920047535	0.00995804783083316	0.01013970061409068	0.2061274373350697	0.0119351614787918	0.2128382250772157	0.009935968352994255	0.00981761138365485	0.01221047929414876	0.9995198030862851	0.1325876244092336	0.1113983237364832	0.877203013572765	0.294503639047034	0.7125117085039637	0.354414901133212	0.0005897400009610041	-0.001016336074874048	0.003796376167441048	-0.003873128299245509	0.01492493968996591	-0.02412252110867325	-0.008038977605559659	0.001576802073306104	0.001164604769493838	-0.006470171542047888	0.02423721975340434	0.01868154569760051	0.1391603038371519	-0.2073219872782177	0.04847145397628261	-0.009459499286763684	0.02263888677010891	-0.01382431781189665	-94.83528762344359	0.02218609891886056	56.79876818808265	-1.4381305195676	25.10513228679287	2.124638424348932	17.42641047536616	-1.314085241156324	-133.0345009255968	-10.50084271834111	-0.1802938082851743	-78.83790638994418	-43.77743485847639	-34.37949345800606	-139.1374023373012	-139.1374023373012	-164.2717201534453	-164.2717201534453	-302.7088142381415	-10.34700815602169	105.1825318448953	-14.2258401730877	6.756029138379473e-17	-6.141228350238285e-17
15.43466006199696	-0.1846075653733629	0.01541166670030834	0.08699253911502941	2.428015182503268	0.9291907745239626	1.049795764583883	0.4090733385192293	0.1498733573996612	0.06282776343621331	0.6296095200694676	0.3821420617662414	0.1680887872394264	0.820482280028773	0.820482280028773	1.89048506738298	1.89048506738298	0.5455231798287679	-0.239002679398982	-0.5035666840462504	-0.2231784566082144	1.014659488680221	-0.9218923076256729	3.568602889999956	-0.15118130322154	0.4553247891533179	-0.188038230381661	-8.404781350542153	0.827441380826295	-0.5193434579041351	6.755553903019524	0.1545658177599765	0.03757422455131902	-4.111264838126655	-4.111264838126655	-1.82857329710867	-1.82857329710867	2.475485284161839	2.033983308180242	0.07600108624518577	1.716978812129507	0.01185289773762739	0.01108223502861538	0.02787847198556791	0.06904469633536954	0.01497187032786948	0.01322160499226427	0.01825691960671522	0.01507945704774925	0.02328329020995673	0.0545749684591938	0.1994588680772247	0.3685627427446887	0.3259487964051293	0.335165693917611	0.2528646505053569	0.2791742930732471	0.04137055200543279	0.9087532458080778	0.4858495027082284	0.3542844280643281	0.3472871624929094	0.3009123844466924	0.2136446741304921	0.01362454700850156	0.01631931658929214	0.01863665236219002	0.0421187820971964	0.1682612356088619	0.01161935610954287	0.2303922013984314	0.01659135814221929	0.01275261281894237	0.01474223983118486	0.7391570625871589	0.1988867972148522	0.242961836385041	0.7674019114105788	0.2641423543635217	0.6657355243952976	0.3251806474068264	0.01129922605512509	0.01073718214793072	0.02246790159513939	0.05174034257946147	0.01365632901254163	0.0121271855772987	0.01694800401097928	0.01981207624567667	0.01906913025520235	0.03784034872414671	0.1012972654514271	0.1699989525751166	0.2566231588070395	0.4930501912475267	0.1726698467958085	0.1745903491642957	0.02222114250696676	0.9869372299241848	0.476095522615244	0.3050210736239272	0.4082935061131111	0.3272470439395105	0.21018116531041	0.01273404260187462	0.02204486561526702	0.02863207370706563	0.08146486466796969	0.1141690445488319	0.01116521011660108	0.3023879142757103	0.02250501885055801	0.01485566494542003	0.01642286658326237	0.5940867113475359	0.3009388882083088	0.164978353793148	0.4431675337455874	0.2029363557884842	0.4770639341675328	0.2449744869680448	0.0004295350029727908	-0.0006506376723652606	0.002918351905248247	-0.004936007904756354	0.01456253638637551	-0.01996301174468087	-0.003840320858128576	-0.004981123170800347	0.002390188196954379	-0.001166244017944494	-0.01155138796921082	0.006303094724765366	0.07184872528812113	-0.3436035144048953	0.230079425502757	0.02213503794470985	0.01985111846925922	-0.02428049736276157	-81.70784200392859	0.06122768708087499	58.76575359267048	1.095664236274118	32.17985560132313	3.452166478166497	15.06927182413848	-1.688019937932735	-114.4750863561403	-14.24162489376138	-47.66278499953948	-123.7204860033768	-50.97721766995406	-8.411368380234977	-133.4430769872179	-133.4430769872179	-157.1339234617865	-157.1339234617865	-166.5591538954037	-19.46529471051851	136.8418458107683	-51.67205707657385	2.464802087699321e-16	-1.714765962258681e-17
15.44932671399696	-0.1656185922582716	0.001761276799684071	0.1405548964149037	2.426178782092086	0.9371865805132938	1.047019740917155	0.2776557393762399	0.1610326452052515	0.05008110312410691	0.7172234448894941	0.3770361800432806	0.1665684037594213	0.748689014573286	0.748689014573286	1.847642587895212	1.847642587895212	0.5601210144636621	-0.2108593385691018	-0.4924021618978651	-0.2042141363607576	1.501700661225485	-0.9448554454793533	3.667706251510008	-0.09728655398134149	0.6218007688537218	-0.1853966104866872	-9.351152231793796	0.7086383379395433	-1.276983903068249	5.199660707402928	-0.9240537930682613	-0.252937429964665	-5.574352893209888	-5.574352893209888	-3.974961616063839	-3.974961616063839	-0.447836909747388	1.806418318214685	1.325985567187554	0.8007860691461505	0.01084917710603588	0.01046331081554605	0.01799662050632362	0.03904776918356617	0.01252948536887271	0.01121453567889872	0.01599244184444709	0.02401896907238889	0.01469025393202695	0.02529465007340374	0.09365093721084106	0.1849418652184954	0.2836530801520893	0.4876160021974261	0.1583309549766462	0.1633711385226592	0.02137181898197866	0.9491688340245381	0.4663279783593394	0.2965104616265544	0.401519689946897	0.3232211633385753	0.2064574867255513	0.01212404905087842	0.02647623927498383	0.03558043028931175	0.1042454049996957	0.09121405767473426	0.010881789753007	0.3082042247034276	0.02758197722767791	0.01703852725790921	0.01826959713713843	0.533398776721851	0.3275621969324541	0.2135194399190332	0.4562737730335785	0.1895923914573721	0.489299200305349	0.2354016239559985	0.01018770261567858	0.0100561754007797	0.01121115619708395	0.01629705931238278	0.01090636937913991	0.009887835646192594	0.01447163708211103	0.03006379537561184	0.008860714852013608	0.004045714221589943	0.00756559058325058	0.004755217075887137	0.2547909106982784	0.6753834226823975	0.06476094099178827	0.04879162948145211	0.009490991866659949	0.9888269306387155	0.4341968343200036	0.2262948621229632	0.4633160383458502	0.3459640403950439	0.1980536397593939	0.0111298745352713	0.03338364203005869	0.04730609958329809	0.1527900287218487	0.022210651762594	0.01039525875441037	0.3919376034742048	0.03507406934812176	0.0198937185071852	0.02063525387237597	0.1886536196087868	0.4692901520073841	0.2185583838498129	0.009132053918409797	0.1113690725299345	0.2416161598311019	0.1355340728028775	0.0002693300049845786	-0.0002849392698564732	0.002040327643055447	-0.005998887510267201	0.0142001330827851	-0.01580350238068849	0.0003583358893025071	-0.0115390484149068	0.003615771624414919	0.004137683506158899	-0.04733999569182598	-0.006075356248069774	0.00453714673909036	-0.479885041531573	0.4116873970292313	0.05372957517618338	0.01706335016840952	-0.03473667691362648	-58.81054842223651	0.09528024257635212	-2.967725996397755	-5.798297015618672	-30.24981258617668	3.720610923716591	6.615998368989903	2.870280358449792	1.692393464433695	1.245913918901171	-47.75325413059051	-72.41576301091723	-103.6935060642155	-40.95602756054341	-53.73320571628406	-53.73320571628406	-132.6675971849056	-132.6675971849056	-272.4094085262651	-8.162874781245021	6.632672678254951	-70.09247548658541	3.006168625519277e-16	1.767887681340311e-17
15.46399336599695	-0.1444351213558105	-0.01015516277485403	0.1896465114822349	2.425213078914617	0.9469078000696227	1.044694602382858	0.1410013997342388	0.1678829779789818	0.02451375643774757	0.7852271561381068	0.3544581394481895	0.1564825755390962	0.66167995690689	0.66167995690689	1.77470634283033	1.77470634283033	0.5269686999474708	-0.1855335687338572	-0.4667854564205098	-0.1993313133246978	1.340299339976524	-0.6996924495803538	2.962224967868894	-0.03351971820228955	0.6904685386473499	-0.1286558860091926	-9.200884182590926	0.2110746209702943	-2.230144986216975	4.105174746054582	-2.141444016048693	-1.10595917429133	-6.25432380588109	-6.25432380588109	-5.917422710166024	-5.917422710166024	-3.985176003962305	1.635808840157235	2.208394970152367	-0.08369330877578517	0.01111233617709086	0.01071720155332003	0.01270315196804986	0.01963527365045956	0.0115914406145006	0.01167522497009831	0.01371776775359392	0.03445614116165406	0.03893910453346792	0.03603871975712616	0.0417210169915434	0.1234835161688003	0.2199024895021912	0.4916387840544924	0.0798062716589682	0.07287459957910707	0.01209568901088384	0.885328464260402	0.4053657674844893	0.2297925328171703	0.4079579282124398	0.3161955465890539	0.1877006281994932	0.01326035191041946	0.136147947946844	0.05715586856641564	0.1419872406141044	0.06271640865932605	0.08292339374568525	0.3247179414342686	0.05837459883920965	0.01646137563248704	0.01736216680267033	0.3278964751039068	0.3898847601289289	0.1763978548120597	0.1829649875235826	0.1139917826410909	0.3050463140413054	0.1430200669077257	0.01191152681231022	0.01131492988011448	0.01158485175650165	0.01306955531354713	0.01171947621043858	0.01320142641865621	0.01220507628251949	0.04256848188951803	0.07317587478653634	0.0652712994486794	0.03575231109965742	0.1582539909733426	0.1283143133245166	0.3386768542714815	0.03559795839430127	0.0266791300568388	0.01006401708364861	0.6920053474606823	0.3007147161024527	0.1639130552249795	0.3702480151287851	0.2839563045146051	0.1629645244488546	0.0153251456780948	0.2901426088633072	0.07566163664554601	0.1595959350505967	0.0749629481477288	0.1791605118601755	0.2874450469264453	0.09189114673389476	0.01363956285685554	0.01451861043288184	0.1661138838776806	0.3972666889863238	0.1105442845290653	0.005814452398044118	0.05708744112365873	0.1214644010482385	0.06867140613345314	0.0002378615898069696	-0.0006121751301068016	0.001873542610441446	-0.003930656952253797	0.00876476033389521	-0.008450475338346919	0.00191977510431826	-0.003776960846703158	0.0006617019774077604	-0.0005346946055212558	-0.006760362084000165	-0.01120512724570715	-0.04887566005059196	-0.406246931646198	0.4356107835342978	0.0654891761137855	0.01443770676430473	-0.0356337464073108	-34.47932031353015	0.1103915452933292	-19.79495357521172	25.97044235548777	-63.61166263848239	4.75137648948106	2.349212469698523	4.675957019265843	22.97651495244356	-52.98541631870435	-75.71973476811355	-72.497206733713	-71.29599649490594	-65.08105873794369	-38.97298823362587	-38.97298823362587	-126.8579272400537	-126.8579272400537	-216.5933295878016	-14.52197410853467	91.14278117771515	-50.17022355029986	1.051869891256396e-16	3.362923836178077e-17
15.47866001799694	-0.1276718178743868	-0.01933727958052111	0.2255580696014602	2.425221370570872	0.9570486203613262	1.043334195486976	0.01018824118569941	0.1668010499503619	-0.01594270885173654	0.8385685057202367	0.3146115349558216	0.1346093527724724	0.5662910941946333	0.5662910941946333	1.675633692175031	1.675633692175031	0.4457969778770461	-0.1632068442423545	-0.4264144040423437	-0.2051657298379489	0.8989499556057647	-0.5719928768614597	1.870423961303311	0.03553105616215951	0.6790191081686449	-0.05384216460308879	-8.554626740704968	-0.37303467132721	-3.3073202883772	3.20024575346658	-3.278860315686448	-1.860311020925232	-6.7170547239842	-6.7170547239842	-7.539020487908612	-7.539020487908612	-6.995944487980949	1.397457180561277	3.337943974712092	-0.6606571490219973	0.01263273615396234	0.01183672632166438	0.01224179552565091	0.01352229070954128	0.01215937680585182	0.0145870012607367	0.01144264782154921	0.04645794818518761	0.09464669636005324	0.08736642407231655	0.05197788464460192	0.2114479062510008	0.1062010753054058	0.2845761656132078	0.03403793772008035	0.02862597811673245	0.01117242145095984	0.6943602979028169	0.2967684876939241	0.1623015543236458	0.3533518236196082	0.2736047494199406	0.1569506853740902	0.01701587715214575	0.3375605526046523	0.08355268678742361	0.1556643828030737	0.097026264402497	0.2213513476709901	0.2627017041886864	0.1084910113283358	0.01101020859122282	0.0119876194096984	0.2195961317623943	0.3675568487994251	0.08439082258872063	0.05619998183470869	0.048691635946836	0.1410417978515302	0.06120031043069986	0.01363535100894186	0.01257368435944927	0.01195854731591934	0.009842051314711475	0.01253258304173725	0.01651501719111982	0.009938515482927946	0.0550731684034242	0.1374910347210591	0.1264968846757689	0.06393903161606428	0.3117527648707981	0.001837715950754782	0.00197028586056551	0.00643497579681428	0.004566630632225493	0.01063704230063727	0.3951837642826489	0.1672325978849018	0.1015312483269956	0.2771799919117199	0.2219485686341663	0.1278754091383154	0.0195204168209183	0.5469015756965556	0.1040171737077939	0.1664018413793448	0.1277152445328636	0.3479257649659407	0.1829524903786858	0.1487082241196677	0.007385407206525873	0.008401966993387701	0.1435741481465744	0.3252432259652636	0.002530185208317705	0.002496850877678438	0.002805809717383015	0.001312642265375062	0.001808739464028766	0.0002063931746293611	-0.0009394109903571295	0.001706757577827444	-0.001862426394240395	0.003329387585005323	-0.001097448296005348	0.003481214319334013	0.003985126721500483	-0.002292367669599398	-0.005207072717201411	0.03381927152382565	-0.01633489824334454	-0.1022884668402743	-0.3326088217608231	0.4595341700393644	0.07724877705138762	0.01181206336019993	-0.03653081590099513	-16.77765858553506	0.1140484455623365	-41.1425000514359	-21.81605255794198	-82.92982748319085	4.441148724081629	-4.309085320508282	5.334782404127045	69.32737828350997	-10.55576724572975	-64.66430090684985	-46.56705960397237	-92.78796015739007	-27.50102805652413	-24.10954046968225	-24.10954046968225	-88.9134648362609	-88.9134648362609	-200.6042535124919	-17.40045422862561	40.33356114210265	-28.15849659680528	-5.87765278830679e-17	3.123037523106363e-17
15.49332666999693	-0.1195695702766788	-0.0299190715654213	0.2428542210730428	2.42620028532013	0.9663425890833361	1.043194514666796	-0.1059780693815512	0.159561372007285	-0.06948450573326878	0.8813175359680944	0.257041003169357	0.1038103873480366	0.4678478988961339	0.4678478988961339	1.556097868682415	1.556097868682415	0.3242828180505122	-0.1436904683874126	-0.3678954342239889	-0.2147224873401382	0.2873316584778839	-0.8739918305397117	0.5082907756556894	0.0928101957786201	0.5855140529097151	0.03324205673342564	-7.288612606795545	-0.5893336106128524	-3.796984404070723	2.557939234093549	-4.504875999903314	-2.277120459105881	-6.520044340368875	-6.520044340368875	-8.727288149154937	-8.727288149154937	-9.252541540705993	1.309970703927852	4.526330176061889	-0.4753970376825093	0.01632141127475197	0.04437879576663677	0.01294091479590821	0.01220146994312731	0.01382427946818755	0.01731132977283485	0.01231140771344837	0.08663978237788687	0.2361139430659286	0.1019027018470221	0.06656039529007114	0.2239801995632347	0.08726774398905265	0.1634363077338983	0.01313575196311749	0.01097857039526265	0.01084817570128749	0.4717480860106594	0.1835656576512349	0.09953371971012648	0.2686504340333695	0.2022342430016933	0.1129621731343775	0.04093701880072367	0.4358786856458612	0.103992016679096	0.2136632793595313	0.09444793479165177	0.2951902619008287	0.1769516256643806	0.13188866722393	0.02054857680553671	0.03044678000152038	0.1415126098119269	0.2910188199853004	0.1083769368218931	0.08122090549357303	0.01442658428277244	0.04104592675040507	0.01699180089579154	0.01987767604491606	0.08406958076459263	0.01396450154155876	0.01341833037138719	0.01547935072698884	0.01905331539978855	0.01444452430727368	0.1342747372403611	0.4372133329495248	0.09144288403391988	0.0764299583404216	0.1623110363112755	0.1369549944278382	0.1610017542166017	0.008593593992557798	0.007903994310348829	0.01087447660111566	0.1993602689399475	0.085331971988734	0.05237631430845079	0.1668756437579617	0.1173528030008251	0.0692883464048602	0.06846104178944355	0.461761347580017	0.1168170999769125	0.3022818945078106	0.06674809616765449	0.3247076263465591	0.09226172407837697	0.1345989553103084	0.03453359012861944	0.0554124360907676	0.07393172825746397	0.1749140332512854	0.2052251799427138	0.1562447563769693	0.006407408085810497	0.004646636268372932	0.00567477248466754	0.0006573238559134677	-0.0002841587650162587	0.001210305874791711	-0.002384612750406278	0.003888261064852842	-0.005638516164481211	0.003770756345819753	-0.002166624779126571	-0.00173113927475713	0.0001951409738299124	0.01116448329155214	0.008342081860679036	-0.1427949578210855	-0.198546127214254	0.3752340569011697	0.07746301884864426	0.0106666039917889	-0.02855740075083345	-7.766542080655543	0.1080582915305019	-33.65275416828484	-20.28626916772802	-95.78388547515387	3.111100839280691	-7.69765803881902	6.080159065472314	94.57349046718404	-14.30096336716175	2.385910496817749	-49.6922839882113	-72.16243151525727	-22.49270598196943	51.32721252563591	51.32721252563591	-73.58865695627604	-73.58865695627604	-97.59107419289661	4.467642163283111	89.55077987510829	50.12033995400331	-1.283409756390828e-16	-2.621616193695686e-17
15.50799332199693	-0.1168548621627551	-0.04506268870117818	0.2410588740662957	2.42779281421983	0.9741407428155281	1.044263748896869	-0.2036801620033632	0.1502432183910595	-0.1215463483855353	0.9115117846242304	0.1844280613133345	0.06964521241580229	0.3805215817265792	0.3805215817265792	1.42063221356224	1.42063221356224	0.1838242231781228	-0.1234287735789671	-0.2970329198531291	-0.2142078884752879	0.1642847458787547	-1.194060564955331	-0.7329647982224348	0.1192057967154309	0.4750441328547642	0.1110100525564502	-6.036776321202736	-0.6564634556400127	-3.105508146210557	1.488228369850056	-5.330100103685015	-2.319340049199721	-5.201115281369823	-5.201115281369823	-9.711272427555969	-9.711272427555969	-9.579279123024291	1.499091684946328	5.021156278721256	0.7127110016703249	0.02216657686277245	0.1066308821976208	0.01476111848087138	0.01508243929033611	0.01658352559967621	0.0198664771716924	0.01629928445266214	0.1544883719364228	0.4650408521956229	0.07757954155426625	0.0792175266279553	0.119809681823524	0.1817399431256758	0.2249079895705326	0.01143286152075199	0.01095636162950736	0.01100790806144318	0.2431074059518778	0.08130598406937919	0.0429512261644951	0.1602031053451716	0.1012328146666815	0.05515883305797202	0.08431362745322943	0.4192154362582067	0.1181583827125459	0.3205191520014809	0.04517472091646361	0.302523397957019	0.07982064604608594	0.1267767751663509	0.04470666393375768	0.07182821140584335	0.06324590316276044	0.15844990268499	0.2589592824572982	0.2009867829507477	0.01103346140811329	0.01559307120028136	0.01128452632793825	0.02612000108089025	0.155565477169736	0.01597045576719817	0.01699460942806292	0.01842611841224042	0.02159161360845726	0.01895053313161942	0.213476306077298	0.7369356311779905	0.05638888339207088	0.08892088506477894	0.01286930775175293	0.2720722729049215	0.3200332225726379	0.01075221218830132	0.01124135798847217	0.01111191090159405	0.00353677359724607	0.00343134609256622	0.003221380289905955	0.05657129560420342	0.01275703736748393	0.01070128367140499	0.1174016667579688	0.3766211194634784	0.1296170262460311	0.4381619476362763	0.005780947802445384	0.3014894877271775	0.00157095777806812	0.1204896865009491	0.06168177305071301	0.1024229051881475	0.004289308368353535	0.02458484053730726	0.4079201746771099	0.3099926618762601	0.01000900645423798	0.007980630271370802	0.009540805505306314	0.001108254537197574	0.0003710934603246121	0.00071385417175598	-0.002906799106572159	0.004447134544700361	-0.01017958403295708	0.004060298372305492	-0.008318376279753625	-0.001169910879914863	0.005597354664861234	-0.01149030494072137	0.03301906196470261	-0.1833014488018967	-0.06448343266768504	0.2909339437629752	0.0776772606459009	0.009521144623377874	-0.02058398560067178	-4.740842848998863	0.101624418134123	25.48093718958737	-24.28011603164744	-66.44650030401587	0.2297528745498872	-6.62247828790515	4.06438674552767	67.39403339789884	9.785493221696198	96.40045655166242	-104.8495285506206	-38.13450817184638	23.57945685400233	128.8795227990466	128.8795227990466	-61.05661204594674	-61.05661204594674	62.5586647060066	20.31878226134112	-54.24291052855965	108.5936303390192	-1.736186384301582e-16	-6.937632657455145e-17
15.52265997399692	-0.112851687116346	-0.06805668337925533	0.2229498133709629	2.429480544411515	0.9801965073984709	1.046303111445218	-0.281082391780734	0.1418123916255289	-0.1670879755668966	0.9251775126994976	0.1001617782008015	0.03931748257177017	0.3249256840618748	0.3249256840618748	1.273719196369841	1.273719196369841	0.01994559786085685	-0.09851228650881	-0.2032259481228733	-0.1897462544965092	0.4373696363226283	-1.956790796010688	-1.672332396388251	0.1073389972878065	0.3506685598723878	0.1624626593717046	-4.571247606690084	-0.4958750638937766	-3.124859624666617	0.3817915854508758	-6.145856308660078	-1.826081076301554	-2.267120722498128	-2.267120722498128	-10.2337159770241	-10.2337159770241	-12.30986858369288	1.935611185283195	7.568148477485633	2.698278141480119	0.05250395200570353	0.1548797784074232	0.0205724945686233	0.01752862673554105	0.03197441189087132	0.04616525381244369	0.03479639908886371	0.166121425167281	0.5088405491070408	0.08022803590419705	0.07031804181033188	0.04075790986329426	0.2132494557660063	0.277039029200851	0.01198828399940134	0.01129370919996297	0.01176930933993088	0.08217855339873903	0.03137283459034997	0.02860559090088836	0.08219209248318751	0.05130288197225592	0.03797817716842147	0.1148884253189835	0.3583905736713935	0.1198150063694608	0.3202730218994244	0.03138425104109131	0.2973793374004282	0.02240568099719968	0.1119961700031824	0.09501729457207839	0.09016872798138222	0.02300051386983138	0.06994668193117683	0.3451294795796881	0.2187328353864833	0.01062875723248836	0.010122956799405	0.01031651653088616	0.08771319999916251	0.189037903816231	0.02651938437877512	0.01895875731913067	0.04918093199383351	0.07759644756656456	0.05525537497811606	0.1369012260955203	0.3701946924058385	0.09997815165393087	0.05092128075012182	0.01207672808845877	0.1919945948796808	0.2929722207039441	0.01314110039751805	0.01146994697855765	0.0125719860075844	0.007200719917426123	0.02368483266753497	0.04014130160528288	0.04527914994010511	0.0485918777645972	0.04900274783081512	0.1324721793379322	0.2671054997259344	0.1132988571652	0.2202112922837995	0.04329633040778311	0.288395987991304	0.006381725200740666	0.09515174640138807	0.1504181253262126	0.09131121288168029	0.01576753299892751	0.04018993422906798	0.3856187917281149	0.1582890114302118	0.0109280614616179	0.00944688173588808	0.01050305270983057	0.0003944301655890688	-2.243965973572804e-05	0.001165489437827241	-0.002070530494601132	0.002341505007678104	-0.004684901973307259	0.00308668348194065	-0.0004972721647081521	3.588347366530274e-05	0.002356967731995145	-0.0006727515605844249	0.007213353740436745	-0.1923724672547661	-0.01640532592264799	0.1967666789986262	0.1033605222712768	0.009954158917516349	-0.01323625825559583	-3.5294689881998	0.08310859869992633	20.89207621794804	-67.43165279216868	-56.29052802420667	-1.696757057534251	-9.416592559027999	2.75725833967579	110.7495335343803	11.25707584066268	-52.23910000347239	-60.06788911041213	-62.83736242511398	37.65320243299048	247.1880977126028	247.1880977126027	-13.83955655221977	-13.83955655221977	-263.7075869129332	38.26844951400552	266.8923704358195	156.4747624069229	-9.746237639648214e-17	-4.110462855998534e-17
15.53732662599691	-0.1023895549497398	-0.1029107301026088	0.1938847684555189	2.430835808203699	0.9844248333861433	1.048893723474158	-0.3393294293161264	0.1356189753535956	-0.2137995688425686	0.9229019447987107	0.004587204187411058	0.01579224236986584	0.3173349939825972	0.3173349939825972	1.123043172380552	1.123043172380552	-0.1638314168998668	-0.06556566709384605	-0.08097610320475959	-0.1328494299131687	1.045052506673835	-2.811342006593441	-2.226964140419504	0.0738694241744248	0.2258477115759062	0.1861805114439174	-3.42470203976648	-0.3513617195930452	-3.265049136794004	-0.6855868916100014	-6.872141314025725	-1.391726897659593	1.345055935544664	1.345055935544664	-10.22441023117888	-10.22441023117888	-12.29269857873478	2.594110826985133	8.899733773826748	5.135695961643178	0.106439228074116	0.1902734174863303	0.03033908871113219	0.01955517011525335	0.0596950177715472	0.09533649709478351	0.06740776216800486	0.1124460863477637	0.3003329938803308	0.1144104775727789	0.03761746842610092	0.01945700041210537	0.1654008443586105	0.2753228445481627	0.01411887330286403	0.01153721430466891	0.01313081036147137	0.02766158524480926	0.03665339645999971	0.05623742058871142	0.05062679153283681	0.06738499991898944	0.0655694670658315	0.1328159316347666	0.2638975922197676	0.1078649775146676	0.1722619863405568	0.05945990909736577	0.2870823165009436	0.01359684770054774	0.08884613129327956	0.1712506848728522	0.08513111570820805	0.02428499097782851	0.05607448086349058	0.3589252154488006	0.1135963420864449	0.01136468619655892	0.01059126190632363	0.01101146180396303	0.1493063989174347	0.2225103304627261	0.03706831299035206	0.02092290521019843	0.07993574557542658	0.1336012815246718	0.09156021682461268	0.0603261461137426	0.0034537536336863	0.1435674199157909	0.01292167643546471	0.0112841484251646	0.1119169168544402	0.2659112188352503	0.01552998860673478	0.01169853596864313	0.01403206111357475	0.01086466623760618	0.04393831924250373	0.07706122292065982	0.0339870042760068	0.08442671816171046	0.08730421199022527	0.1475426919178956	0.1575898799883906	0.09698068808436883	0.002260636931322716	0.08081171301312083	0.2753024882554305	0.01119249262341321	0.06981380630182703	0.2391544776017122	0.08019952057521308	0.02724575762950148	0.0557950279208287	0.3633174087791198	0.006585360984163439	0.01184711646899782	0.01091313320040536	0.01146529991435483	-0.0003193942060194365	-0.0004159727797960686	0.001617124703898502	-0.001234261882630105	0.000235875470655845	0.0008097800863425576	0.002113068591575809	0.007323831950337322	0.001241677827245468	-0.0008834192008709452	0.01014480181955252	-0.01859235448382912	-0.2014434857076356	0.03167278082238905	0.1025994142342772	0.1290437838966527	0.01038717321165482	-0.005888530910519877	-3.654357317941115	0.06090248210748767	71.10798007674377	-36.80117121553553	-13.98246773069868	-2.716082846617838	-6.68319770963894	0.2823709530952221	23.89628795617054	7.593439105253966	79.92252639127051	-99.52339040562025	-25.93387784265319	15.54697687749037	221.3589924382572	221.3589924382572	11.45472800815775	11.45472800815775	437.2535119864989	50.58883180846089	-219.9803811420119	170.2096938214675	-3.43753317273083e-17	-2.028534451720592e-17
15.55199327799691	-0.08117643877714896	-0.1502729389546769	0.1606618187347328	2.431627970459943	0.9868524419992312	1.051542211392857	-0.3856667598276651	0.1322429230392419	-0.2557619329574123	0.9061501800106474	-0.09998713892496132	-0.002118245474488092	0.358900900961828	0.358900900961828	0.9763859502737552	0.9763859502737552	-0.3189208113108668	-0.02477052329630383	0.04469874355485565	-0.04118747952386966	1.848944737782478	-3.658281679980513	-2.243396262162978	0.0334107850170166	0.1008004417433344	0.1701411495806952	-2.961441877859641	-0.1419959114388021	-2.585913213480498	-1.48255865751286	-7.388787086270853	-1.052994644729873	4.249779808372734	4.249779808372734	-9.621805669727182	-9.621805669727182	-9.072587406497357	2.903787653986886	8.398016549795729	7.188004345677593	0.1197030427133305	0.1888912152840673	0.03668584685383322	0.02311534043157239	0.06980950242731251	0.1133926440448925	0.1427805319834978	0.1172525550463255	0.1297541081044264	0.1123232854344437	0.02657094970877275	0.02042136254578488	0.1152178216752626	0.2226129220982007	0.02394424810410558	0.01270010867847536	0.01753963844929913	0.02964577621092707	0.06507449459734919	0.09920287279238481	0.04062893123090201	0.07752826398453502	0.08332447426274649	0.152697124733998	0.1686324144806993	0.08244041391790537	0.06110326016940198	0.07230838027836936	0.2405890980713033	0.01130677273605412	0.08800895938928278	0.2666129897463548	0.1434833338112072	0.02126348872036809	0.04649483053583884	0.3241431804995202	0.03919037738077061	0.01129050653845991	0.01059792696500279	0.01099527317602924	0.1049883866906975	0.1607400341108728	0.03935696146219372	0.02631901994426575	0.06747698479586567	0.1090391526655372	0.2350503929860283	0.1640198490707668	0.060284101632443	0.08632109795114544	0.03140387885894531	0.02768476617852587	0.07993023575896344	0.1355314527666364	0.034549556312955	0.01392715550125332	0.02202785631902478	0.04463515248127042	0.09632920743827041	0.142181927099802	0.04050977811546799	0.07794798080179803	0.09041770260279205	0.1718342636219267	0.08871057863024111	0.05530450606234859	0.02350911395642112	0.0727579213695288	0.1650729517900818	0.01045104768768777	0.1013676883355664	0.3787441389179954	0.2351787055891358	0.01544643131716437	0.03452386486137248	0.2513122472801331	0.01717609706289044	0.01084341916961688	0.01036459406890143	0.0106366661176132	-0.0003205626154001271	-0.0001203754592276528	0.001401528462022824	-0.0005479682277513006	0.00158573837853006	-0.0007976564795253022	0.002673333705791436	-0.0001517554625390443	-0.0006066892517989516	0.009337501287273972	0.0006515832227657385	-0.007727328183640535	-0.1422454847323847	0.003317000457992028	0.08335464168670237	0.1367865048487288	0.01055091576881432	-0.006142063091411181	-4.134635095999231	0.02092742747056376	46.79495943197104	-69.35705766901053	11.45178567384466	-2.855667046732944	-9.89628792054115	-2.276182487671063	28.53649944502893	14.24210153957399	16.32150566358356	-19.86395644719179	-39.95129510121146	26.62622368225887	178.9035378863829	178.9035378863828	71.50097325643301	71.50097325643301	88.53947242502723	-0.278932740645469	75.0677889046663	106.8243664550517	-1.150496780676046e-16	-8.144261416407143e-17
15.5666599299969	-0.04811586062079093	-0.210546821694581	0.1298399021097442	2.431794090881901	0.9872528785171298	1.053742665467538	-0.4281756830749181	0.1304861660022501	-0.2934315481048829	0.8828217876436862	-0.2121731092438136	-0.01516537847516624	0.4398464668240028	0.4398464668240028	0.8452776257981719	0.8452776257981719	-0.4363172325685903	0.01770297122521249	0.1700662509675573	0.07284553267400191	2.660617120025579	-4.572026570165501	-1.899550209033034	-0.01150000223406054	-0.05058512329193426	0.1250849261641091	-2.902645981671251	-0.130548506412192	-2.67967369223107	-1.582400640092003	-7.910091516496363	-0.7285414830635554	6.715014789543664	6.715014789543664	-8.104103888433423	-8.104103888433423	-7.152742554238802	2.822977063666121	8.857823820974021	8.186298349779515	0.0886599130274297	0.1441124601127178	0.03960936606492649	0.02820819755530616	0.06171385400692255	0.09852359575070484	0.2606565895723647	0.1936421534208598	0.1046501966392553	0.06719639031586601	0.04000410664880839	0.0343853095277372	0.07631318712250443	0.1105409149990827	0.04133241481248327	0.01477603877319159	0.02496897607588023	0.05781787156183162	0.1112624317536043	0.156715133271891	0.04412286385489565	0.0743996353129726	0.08926105436969367	0.1753539978912796	0.08412072955091934	0.04309353209783085	0.04358224756570803	0.06830217906898227	0.1470854502819857	0.01034395894088712	0.1120388370247035	0.383758923975109	0.2662370198369004	0.01071740546866345	0.02706453508000041	0.2378286098889098	0.0286751012742359	0.01041504081884847	0.01012564255471162	0.01027850517687564	0.06067037446396019	0.09896973775901945	0.04164560993403538	0.03171513467833307	0.05501822401630476	0.08447702380640253	0.3785405691474438	0.2677135520277911	0.1171144496311997	0.02907477598650003	0.0498860812824259	0.04408538393188714	0.04794355466348669	0.005151686698022542	0.05356912401917522	0.01615577503386351	0.03002365152447481	0.07840563872493467	0.1487200956340371	0.2073026312789442	0.04703255195492918	0.0714692434418856	0.09353119321535885	0.1961258353259578	0.01983127727209167	0.01362832404032835	0.04475759098151954	0.06470412972593677	0.05484341532473325	0.009709602751962323	0.1329215703693059	0.5183338002342786	0.3901578906030585	0.003647105004827257	0.01325270180191625	0.1393070857811464	0.02776683314161745	0.009839721870235936	0.009816054937397499	0.009808032320871568	-0.0003217310247808172	0.000175221861340763	0.001185932220147146	0.0001383254271275043	0.002935601286404277	-0.002405093045393169	0.003233598820007063	-0.00762734287541541	-0.002455056330843372	0.01955842177541889	-0.008841635374021044	0.003137698116548049	-0.08304748375713371	-0.02503877990640499	0.06410986913912754	0.1445292258008049	0.01071465832597381	-0.006395595272302486	-4.829772480201506	-0.009947799485792679	72.16891083782839	-45.91098261597569	35.1464234264073	-3.323194557411941	-10.27478701068847	-3.674477761032132	-31.25798525064238	-19.39546103742606	-25.4725429216736	-4.460143070915551	-26.56915002070505	13.59982612169308	161.428629100076	161.428629100076	136.2408373182381	136.2408373182381	259.9442910437189	-2.659505620243163	-88.86327340539579	26.48031646486945	-1.957240244079008e-16	-1.42599883810937e-16
