inDegrees=no
num_controls=58
num_derivatives=20
num_input_controls=0
num_multipliers=2
num_parameters=0
num_slacks=2
num_states=80
DataType=double
version=3
OpenSimVersion=4.5.2-2025-05-03-6a4c6ec41
endheader
time	/jointset/ground_pelvis/pelvis_tilt/value	/jointset/ground_pelvis/pelvis_list/value	/jointset/ground_pelvis/pelvis_rotation/value	/jointset/ground_pelvis/pelvis_tx/value	/jointset/ground_pelvis/pelvis_ty/value	/jointset/ground_pelvis/pelvis_tz/value	/jointset/hip_r/hip_flexion_r/value	/jointset/hip_r/hip_adduction_r/value	/jointset/hip_r/hip_rotation_r/value	/jointset/hip_l/hip_flexion_l/value	/jointset/hip_l/hip_adduction_l/value	/jointset/hip_l/hip_rotation_l/value	/jointset/walker_knee_r/knee_angle_r/value	/jointset/patellofemoral_r/knee_angle_r_beta/value	/jointset/walker_knee_l/knee_angle_l/value	/jointset/patellofemoral_l/knee_angle_l_beta/value	/jointset/ankle_r/ankle_angle_r/value	/jointset/ankle_l/ankle_angle_l/value	/jointset/subtalar_r/subtalar_angle_r/value	/jointset/subtalar_l/subtalar_angle_l/value	/jointset/ground_pelvis/pelvis_tilt/speed	/jointset/ground_pelvis/pelvis_list/speed	/jointset/ground_pelvis/pelvis_rotation/speed	/jointset/ground_pelvis/pelvis_tx/speed	/jointset/ground_pelvis/pelvis_ty/speed	/jointset/ground_pelvis/pelvis_tz/speed	/jointset/hip_r/hip_flexion_r/speed	/jointset/hip_r/hip_adduction_r/speed	/jointset/hip_r/hip_rotation_r/speed	/jointset/hip_l/hip_flexion_l/speed	/jointset/hip_l/hip_adduction_l/speed	/jointset/hip_l/hip_rotation_l/speed	/jointset/walker_knee_r/knee_angle_r/speed	/jointset/patellofemoral_r/knee_angle_r_beta/speed	/jointset/walker_knee_l/knee_angle_l/speed	/jointset/patellofemoral_l/knee_angle_l_beta/speed	/jointset/ankle_r/ankle_angle_r/speed	/jointset/ankle_l/ankle_angle_l/speed	/jointset/subtalar_r/subtalar_angle_r/speed	/jointset/subtalar_l/subtalar_angle_l/speed	/forceset/addbrev_r/activation	/forceset/addlong_r/activation	/forceset/addmagDist_r/activation	/forceset/addmagIsch_r/activation	/forceset/addmagMid_r/activation	/forceset/addmagProx_r/activation	/forceset/bflh_r/activation	/forceset/bfsh_r/activation	/forceset/edl_r/activation	/forceset/ehl_r/activation	/forceset/fdl_r/activation	/forceset/fhl_r/activation	/forceset/gaslat_r/activation	/forceset/gasmed_r/activation	/forceset/glmax1_r/activation	/forceset/glmax2_r/activation	/forceset/glmax3_r/activation	/forceset/glmed1_r/activation	/forceset/glmed2_r/activation	/forceset/glmed3_r/activation	/forceset/glmin1_r/activation	/forceset/glmin2_r/activation	/forceset/glmin3_r/activation	/forceset/grac_r/activation	/forceset/iliacus_r/activation	/forceset/perbrev_r/activation	/forceset/perlong_r/activation	/forceset/piri_r/activation	/forceset/psoas_r/activation	/forceset/recfem_r/activation	/forceset/sart_r/activation	/forceset/semimem_r/activation	/forceset/semiten_r/activation	/forceset/soleus_r/activation	/forceset/tfl_r/activation	/forceset/tibant_r/activation	/forceset/tibpost_r/activation	/forceset/vasint_r/activation	/forceset/vaslat_r/activation	/forceset/vasmed_r/activation	/forceset/addbrev_r	/forceset/addlong_r	/forceset/addmagDist_r	/forceset/addmagIsch_r	/forceset/addmagMid_r	/forceset/addmagProx_r	/forceset/bflh_r	/forceset/bfsh_r	/forceset/edl_r	/forceset/ehl_r	/forceset/fdl_r	/forceset/fhl_r	/forceset/gaslat_r	/forceset/gasmed_r	/forceset/glmax1_r	/forceset/glmax2_r	/forceset/glmax3_r	/forceset/glmed1_r	/forceset/glmed2_r	/forceset/glmed3_r	/forceset/glmin1_r	/forceset/glmin2_r	/forceset/glmin3_r	/forceset/grac_r	/forceset/iliacus_r	/forceset/perbrev_r	/forceset/perlong_r	/forceset/piri_r	/forceset/psoas_r	/forceset/recfem_r	/forceset/sart_r	/forceset/semimem_r	/forceset/semiten_r	/forceset/soleus_r	/forceset/tfl_r	/forceset/tibant_r	/forceset/tibpost_r	/forceset/vasint_r	/forceset/vaslat_r	/forceset/vasmed_r	/forceset/pelvis_tx_residual	/forceset/pelvis_ty_residual	/forceset/pelvis_tz_residual	/forceset/pelvis_tilt_residual	/forceset/pelvis_list_residual	/forceset/pelvis_rotation_residual	/forceset/hip_flexion_r_reserve	/forceset/hip_adduction_r_reserve	/forceset/hip_rotation_r_reserve	/forceset/knee_angle_r_reserve	/forceset/ankle_angle_r_reserve	/forceset/subtalar_angle_r_reserve	/forceset/hip_flexion_l_torque	/forceset/hip_adduction_l_torque	/forceset/hip_rotation_l_torque	/forceset/knee_angle_l_torque	/forceset/ankle_angle_l_torque	/forceset/subtalar_angle_l_torque	lambda_cid20_p0	lambda_cid21_p0	/jointset/ground_pelvis/pelvis_tilt/accel	/jointset/ground_pelvis/pelvis_list/accel	/jointset/ground_pelvis/pelvis_rotation/accel	/jointset/ground_pelvis/pelvis_tx/accel	/jointset/ground_pelvis/pelvis_ty/accel	/jointset/ground_pelvis/pelvis_tz/accel	/jointset/hip_r/hip_flexion_r/accel	/jointset/hip_r/hip_adduction_r/accel	/jointset/hip_r/hip_rotation_r/accel	/jointset/hip_l/hip_flexion_l/accel	/jointset/hip_l/hip_adduction_l/accel	/jointset/hip_l/hip_rotation_l/accel	/jointset/walker_knee_r/knee_angle_r/accel	/jointset/patellofemoral_r/knee_angle_r_beta/accel	/jointset/walker_knee_l/knee_angle_l/accel	/jointset/patellofemoral_l/knee_angle_l_beta/accel	/jointset/ankle_r/ankle_angle_r/accel	/jointset/ankle_l/ankle_angle_l/accel	/jointset/subtalar_r/subtalar_angle_r/accel	/jointset/subtalar_l/subtalar_angle_l/accel	gamma_cid20_p0	gamma_cid21_p0
15.83332459999599	-0.0789622524881514	-0.01039548814029234	-0.05943883963128641	2.385769794626844	1.034481350396794	0.9925424686875176	-0.05565673506403353	0.0482757604540299	-0.02831402889312912	0.5238189370749743	-0.03450202477548154	-0.05589840527147542	0.3733303105860292	0.3733303100721663	1.160004302091722	1.160004302364031	0.174390299872418	0.03581593521082381	-0.08371291188337336	-0.2968026678607614	-0.2478276596009913	1.317269177970252	0.9283621050258613	0.3124742759038776	0.7431795321344679	-0.02703803695897087	-4.668267622008184	-1.32129414309195	-0.688110629285882	-0.3957286104901958	1.47111106612174	-1.317528566933621	-5.227253600973125	-5.227253563963352	-9.824449444961049	-9.824449438415764	-7.314388375601999	1.014009357518654	-0.6942977692216032	0.1077206493562968	0.09519259748638535	0.1959620786237188	0.03165346625004325	0.04442772997742907	0.03408891588119398	0.02644044652066878	0.06979733780176502	0.09357164438038727	0.01061184728403388	0.02081178817888207	0.102112335091712	0.1139247009000751	0.08612472615591234	0.09863791869981879	0.01591539028070028	0.0160862138420983	0.01571771068208767	0.1099751835544495	0.04032149012505363	0.02496212927022088	0.09459956216924548	0.05801960018244959	0.06010820797586563	0.04105462901782269	0.5597900167058696	0.01100934435398928	0.3214756549915542	0.02351541636277265	0.146842941660299	0.01469476127110622	0.05441043194190465	0.4113444321161884	0.1348353758529227	0.07560848477589593	0.04838403194662683	0.1028530403097243	0.1509379650213995	0.01960488009753933	0.04942818777572161	0.02288526247920568	0.09519259748638535	0.1959620786237188	0.03165346625004325	0.04442772997742907	0.03408891588119398	0.02644044652066878	0.06979733780176502	0.09357164438038727	0.01061184728403388	0.02081178817888207	0.102112335091712	0.1139247009000751	0.08612472615591234	0.09863791869981879	0.01591539028070028	0.0160862138420983	0.01571771068208767	0.1099751835544495	0.04032149012505363	0.02496212927022088	0.09459956216924548	0.05801960018244959	0.06010820797586563	0.04105462901782269	0.5597900167058696	0.01100934435398928	0.3214756549915542	0.02351541636277265	0.146842941660299	0.01469476127110622	0.05441043194190465	0.4113444321161884	0.1348353758529227	0.07560848477589593	0.04838403194662683	0.1028530403097243	0.1509379650213995	0.01960488009753933	0.04942818777572161	0.02288526247920568	0	0	0	0	0	0	0	0	0	0	0	0	-0.02819064931713009	0.1183459867276751	-0.1953139808548129	0.01013163337969175	0.002903509788590624	0.008460531937673418	0	0	-11.95223920889449	-11.57613981390525	3.22184695612076	0.2978439381690886	-2.934009065796236	-0.6055155204876089	45.06494870375703	14.91081005404012	-30.9302843213767	-26.7089968491004	-4.272256259629187	-0.4004094813876335	39.6049666078784	39.60496879482213	-69.36444862905059	-69.36444713807531	-70.19427636205683	-20.3007266311368	-11.36960027975783	51.55461094903922	0	0
15.84185792479599	-0.08158196839307863	0.0003283388312391934	-0.05142885685020163	2.388433371279427	1.040694177722347	0.9922849071193436	-0.09368430805238857	0.03765314718580855	-0.03521359264137168	0.5196119323906575	-0.02217261971476682	-0.06702703381866326	0.3303544075972527	0.3303544074636945	1.073793030903395	1.073793031284064	0.109814463532117	0.04378666610657603	-0.0900691425616149	-0.2937763132691287	-0.3737689299446303	1.185800129143425	0.9458002159547896	0.3103048087689399	0.7105378828129643	-0.03384257580609262	-4.226154380108548	-1.156514639038548	-0.9184691989994231	-0.5748057868242038	1.411158263604265	-1.276820879435915	-4.824724537029031	-4.824724486524088	-10.36513627401799	-10.36513625536835	-7.777887220454224	0.8602465425278367	-0.7972969402798011	0.6266572954952946	0.08821102774981822	0.1823005561442963	0.02895276079358596	0.03908379184032312	0.03237989094733627	0.02603702300686372	0.060469483480192	0.08632122786583148	0.05949378814122098	0.0349760396782756	0.08815264454167283	0.09830546481502728	0.08419466698807354	0.1140838517436775	0.01476924684293671	0.01487069496200489	0.01465997789105229	0.09499661892328339	0.03449911612799893	0.02195343473095655	0.08425812078797817	0.05008475369280709	0.05153359823339998	0.04041672744499025	0.513670024957424	0.032198085454027	0.2895825806721415	0.02081517818473828	0.1417214136167544	0.01459295409071357	0.0516527412538155	0.3791720749138648	0.1200142391148195	0.08104005684711856	0.04344032854442455	0.1314164973468848	0.1311475363233988	0.01833011174350701	0.04209784534184793	0.0207132908629095	0.0708359398187945	0.1419284462275427	0.02310476828637113	0.02718847349625923	0.02865078882038702	0.02517244271714802	0.03854527609225909	0.0683430963517964	0.1689314238849702	0.06562217347939006	0.05315316843020303	0.05826577663998402	0.07945509381856361	0.1537392044975407	0.01238188598450014	0.0123379712851833	0.01245766797291424	0.05687747078062075	0.02167672174400911	0.01555398620335163	0.05863743323643766	0.03190052913563215	0.0318033513208486	0.03899983347796398	0.3254804264665522	0.07746534736562524	0.1799014387587792	0.01509063130819729	0.1276525317480934	0.01438141580217761	0.04534507625098715	0.2592817561381106	0.08046025758424774	0.09419913272504668	0.03232267067920939	0.2064472570500357	0.07696710515506074	0.01564905828813808	0.0256253055906521	0.01611276914052772	0	0	0	0	0	0	0	0	0	0	0	0	-0.03798643644439344	0.1018177150954986	-0.1630995764337893	0.01731439888148935	0.003446863675004519	0.006955677240179056	0	0	-17.41076874173112	-19.18601587305542	0.8400617252791152	-0.79134439922588	-4.701335172831445	-0.9913090262860833	58.31516196983593	23.57629158647827	-23.00794573962877	-15.39931032807728	-9.732476693329145	10.05838911896518	54.71667352032676	54.71667448254291	-57.16690480138325	-57.16690346453142	-38.16644899176051	-15.67122435682895	-12.68046604930647	69.56417399185742	0	0
15.85039124959598	-0.08545434988593072	0.00966528288675721	-0.04335764432738744	2.391041114231551	1.046566962118819	0.9919554244257024	-0.1274915501955819	0.02873035024548567	-0.04379389645992794	0.5142652604181071	-0.01054426310410791	-0.07742427580340133	0.2913511769893767	0.2913511773066277	0.9834232800529993	0.9834232806385658	0.04244939620431595	0.05061636640979018	-0.0973401915837496	-0.2857339252603075	-0.5392628441679103	0.9921487338912874	0.9418467480183277	0.2994918784989394	0.6634807879761303	-0.0439753762699562	-3.681558134883996	-0.9242790399904427	-1.080227485485018	-0.6637275231455171	1.306877527398784	-1.142444560958769	-4.29398984351576	-4.293989790357411	-10.7934264669975	-10.79342643808047	-7.958559556754562	0.748448423290537	-0.9069945660643156	1.27635384790196	0.07160966748542226	0.1485062261693401	0.02274980048361691	0.02666459722467172	0.02845897395098218	0.02511747196082855	0.03836312664712929	0.06907964196113306	0.1627382484365039	0.06631391459482011	0.05432964421909135	0.06017655100307536	0.0796705574322242	0.1494240358969003	0.01216606516036198	0.01210928687844252	0.01225832004401907	0.05853019913397017	0.02097690846162605	0.01506024741935794	0.05948157895666335	0.03142631673294587	0.03132314073484336	0.03895225307773127	0.392299212827051	0.07833891774332959	0.2066974052145787	0.0146373522971861	0.1294017962734822	0.01436255415502588	0.04525423093594892	0.2955564628954582	0.08371836800929833	0.09355040032975347	0.03194240396879453	0.195812943646184	0.08190189507297053	0.01542847360690712	0.02494548234197557	0.01575163765138056	0.04647928215120365	0.08789481383136648	0.014556070322699	0.009949217015089379	0.02321266175958006	0.02390443891362726	0.007293214382753174	0.04311454832320552	0.3272510004859066	0.1104325587798981	0.004194001768694056	0.002606852379892962	0.07278546148121487	0.2088404902952627	0.008848381688300004	0.008589728728268287	0.009197625263740813	0.00377975800679201	0.003031953362964593	0.006145843136482386	0.02267530430362983	0.005781458088814708	0.00349849466583157	0.03694503793810527	0.09117083622723479	0.1439213503772612	0.03832722252600431	0.006665846253621931	0.1084621218358879	0.01406807033324901	0.03627972056006965	0.1072190801600328	0.0260851393155728	0.1127897806741974	0.01626130941179196	0.3100414737903472	0.002996245288722001	0.01169323647873683	0.001822423405582595	0.009340275801849771	0	0	0	0	0	0	0	0	0	0	0	0	-0.04778222357165678	0.08528944346332203	-0.1308851720127657	0.02449716438328694	0.003990217561418414	0.005450822542684692	0	0	-20.88307646543414	-25.95970828672278	-1.833766467070172	-1.70033793761089	-6.282632001696909	-1.380231722133246	68.61585231990952	30.35100168330144	-14.97558653598789	-5.900542200310389	-14.53387966674507	21.64692321193533	69.64323129768763	69.64323095551823	-42.67285716898918	-42.67285614652242	-3.807256640173057	-10.41506273655029	-12.67738231383213	81.1125643048443	0	0
15.85892457439598	-0.09083124627594802	0.01711974440604112	-0.03542350901239458	2.393525926318497	1.051982968763638	0.9915256654699094	-0.1563208239527147	0.02200032173080107	-0.05346993272664053	0.5084768304293834	3.035743103218977e-05	-0.08623707657169535	0.2574272967388024	0.2574272974826289	0.8899720718601095	0.8899720727227193	-0.02517591811027623	0.05669207542576601	-0.1055198517257036	-0.2718362860336531	-0.7213181761657285	0.7484083338057964	0.9134932817109755	0.2819697072081032	0.604094867447358	-0.05718528003190482	-3.067006245972366	-0.6488217159244866	-1.178696392177711	-0.6840174462104048	1.166662801653189	-0.9064681266865058	-3.636282332827002	-3.636282287495751	-11.08466605940209	-11.08466602432725	-7.843686858074034	0.6832627285962554	-1.006576997544581	1.982745577208498	0.06024771753534466	0.1233175848330759	0.01768604333218783	0.01752745654198988	0.02454591079068318	0.02300025672488488	0.02369324646099004	0.06089488782518188	0.2187753033135108	0.07550007398877427	0.02739423761957117	0.03002830106235461	0.06991040354931062	0.1807794818256159	0.010485625353898	0.01033827858554626	0.01065569904547744	0.03202048360806932	0.01190227370115352	0.01063420467724893	0.0501590496719309	0.01834874892411328	0.01656190737788895	0.03769673844400272	0.2938876473140984	0.1036921327176647	0.1503609261084816	0.01066533910966974	0.1252647694105362	0.0129773426786378	0.04218488814316076	0.2169557600067406	0.060478610363944	0.1032357872441801	0.0248522295050171	0.2664755759770069	0.03891521009166588	0.01255952530536294	0.01270645634769415	0.01186330948397182	0.05415619800405806	0.1056431395654417	0.01368076540182798	0.01174884886165838	0.02044344833772921	0.01948138667419413	0.01706703228429768	0.06294921192461168	0.2385710479949466	0.05993627050257834	0.008240938227399875	0.009058208098799432	0.05220432024788072	0.2189746676627633	0.009721842020669532	0.00955272617932708	0.009842601234038519	0.01683983673355873	0.007488608103140989	0.008715225957480749	0.05863575847789464	0.01122227570128217	0.007672494272691178	0.03657305084915165	0.2005183699265715	0.1107156810124447	0.1253609593296199	0.008926517584844983	0.131744264383281	0.01034510351834079	0.0426798772680644	0.1225433837934313	0.05197614008750995	0.1115040599831263	0.02234214056774037	0.3881126113868131	0.003216139405696999	0.009649096049793277	0.005710971009225968	0.009014322584674368	0	0	0	0	0	0	0	0	0	0	0	0	-0.05759595292635935	0.0803125726167134	-0.1047561920016573	0.03262332837906029	0.00459883854127143	0.00427116848603421	0	0	-21.25250736789546	-30.74986326730096	-4.862209301994779	-2.369253821451769	-7.589115002648393	-1.694910531254229	74.7388054826346	33.51693635957946	-8.538407640540475	0.6194690886466065	-18.0900448439171	33.54238573243249	84.51027273545482	84.51027132127811	-25.0973628949068	-25.09736253565411	30.29983113810743	-4.878049140493949	-10.21132404000925	82.76914496254523	0	0
15.86745789919597	-0.09773404718391673	0.02235459387964532	-0.02784471261926657	2.395839761668809	1.056848536276773	0.9909735279334956	-0.1797361994200334	0.01768077535727472	-0.06378769177665657	0.5027110767148488	0.009298666277716004	-0.09261890879841839	0.2296542993438043	0.2296543004151893	0.7947102987635104	0.7947102999277951	-0.09062426710755103	0.06241033454552844	-0.1144259783469099	-0.2519789801960032	-0.8922581466164248	0.4759194292210117	0.858094892381579	0.2596990431225758	0.5348507287308405	-0.07244422370294525	-2.418322034105322	-0.3657038326497979	-1.234669444413097	-0.6628016083136339	1.002867449213171	-0.5746346724287816	-2.851974038803072	-2.851974008030114	-11.21292276597773	-11.21292273164227	-7.452830193465644	0.6644888338699771	-1.073404224540687	2.658813063049221	0.05944542069156803	0.1195924132959639	0.01511630612686884	0.01488317127569707	0.02129201476237802	0.01948948052885377	0.02331150001305303	0.06830165602168146	0.2038967075366734	0.05093661011304578	0.01789555329255445	0.02032002760042272	0.05389095874468294	0.2009544192025752	0.01036420968247977	0.01023644823741302	0.0104247273918444	0.02786087213146329	0.01096113963862137	0.01045756779917716	0.06627951674627562	0.01619725875955334	0.01295191350058192	0.03695572075320749	0.2793318729584987	0.09699378103076368	0.1616651996699373	0.01048202598677668	0.135124458624738	0.01015942048639348	0.04458452258018104	0.1772543323643907	0.06408923239315342	0.1069962188037534	0.02554136680860343	0.3361592369632693	0.01876789833802658	0.01018054256535393	0.01007810733047279	0.01012873080544646	0.06183311385691248	0.1233914652995169	0.01280546048095696	0.01354848070822739	0.01767423491587837	0.01505833443476101	0.02684085018584218	0.08278387552601786	0.1498910955039867	0.009439982225258613	0.01228787468610569	0.0155095638177059	0.03162317901454657	0.2291088450302638	0.01059530235303906	0.01051572363038588	0.01048757720433623	0.02989991546032544	0.01194526284331738	0.01128460877847911	0.09459621265215946	0.01666309331374963	0.01184649387955078	0.03620106376019804	0.3098659036259083	0.07751001164762809	0.2123946961332354	0.01118718891606803	0.155026406930674	0.006622136703432567	0.04908003397605915	0.1378676874268298	0.07786714085944708	0.1102183392920552	0.02842297172368878	0.4661837489832789	0.003436033522671997	0.007604955620849727	0.00959951861286934	0.008688369367498965	0	0	0	0	0	0	0	0	0	0	0	0	-0.06740968228106194	0.07533570177010476	-0.07862721199054888	0.04074949237483365	0.005207459521124447	0.003091514429383729	0	0	-18.23921143780215	-32.54018007561402	-8.153139572231051	-2.815009988655309	-8.584696555054313	-1.849244884008525	76.57534353346675	31.98844666973907	-5.144973283602677	3.777671431103847	-19.99176168988162	43.77002706179484	99.26130396646977	99.26130208755949	-4.451166225873912	-4.45116676887939	60.37061924071399	0.399752288091188	-5.020245078091135	73.95195432400872	0	0
15.87599122399597	-0.1059452446959541	0.02524266150936584	-0.02085989295696159	2.397949738652245	1.061091034082504	0.990288029115322	-0.1976006070251685	0.01565901233089048	-0.07450065040159672	0.4972002846813101	0.01712321478780168	-0.09583792266580725	0.2091053553442565	0.2091053566105697	0.6991417900209068	0.6991417914482495	-0.1517199740790195	0.06815332404372705	-0.1236849778188901	-0.2267936999476974	-1.023318382021605	0.2037035791454497	0.774219819354142	0.2344599243076669	0.4585500160859167	-0.08814113938275955	-1.771956772650244	-0.1176745663434735	-1.276057724913901	-0.6290115377012213	0.8311078612681221	-0.1708784356607365	-1.944133990127081	-1.944133974923585	-11.152469085696	-11.15246905946178	-6.833613188718378	0.6880486403638363	-1.086331917756348	3.218037796798485	0.06408596675398179	0.1265677461954607	0.01539492093836336	0.01523238415324524	0.02206275913438472	0.01868679656253508	0.02232762875318293	0.06901395910932803	0.2104623758634414	0.06540717958693477	0.0148448052846711	0.01578057542865418	0.03668996083777985	0.2124072923588148	0.0104570058493742	0.01036021485553341	0.01052196378147527	0.02492773595368401	0.01119872874465401	0.01072875517735386	0.07338807109529137	0.01518930882079566	0.01198845259140091	0.03478559771810102	0.2815744308900602	0.08905489154185188	0.2053303599168719	0.01069020264007812	0.1456785176677255	0.01134278991032161	0.04522729793963239	0.1407484608006514	0.06150175204579007	0.09972754240046969	0.02759281573399311	0.4297716754312733	0.01108876544521671	0.01166479248812806	0.01036320306847611	0.01131645428182559	0.07295173378553792	0.1418320301490747	0.01785990838666263	0.01704878127799245	0.02664803763837388	0.02060772836578346	0.01733922908446183	0.05857854776144345	0.2754933091532878	0.1327311095494921	0.0130389166264936	0.01018679743064724	0.01639307940859739	0.2228809814229814	0.01045951284542241	0.01038707808167963	0.01067075416759404	0.01696601538331549	0.01088567651584285	0.01061247640898465	0.06646548212638377	0.01270692255860295	0.01089748022224911	0.0306412967004625	0.2623967302096534	0.08542580954147598	0.2898682894176206	0.01054366274234895	0.1576023290416805	0.01665503904193505	0.04295611031283181	0.07137930785267094	0.04390933831596585	0.07849292542869844	0.02963451819191624	0.6572987855009701	0.007540631636364572	0.01681813351457527	0.01133899239918856	0.01493450241041465	0	0	0	0	0	0	0	0	0	0	0	0	-0.08530523331522924	0.07518386740432834	-0.06083935625426308	0.05307116673670369	0.005136922368430549	0.002347420846637182	0	0	-11.96821501920591	-30.60391689008001	-11.4844007425349	-3.07279158043287	-9.239943585849973	-1.793293434892616	74.24285839615503	25.28410060719358	-5.056227659954933	3.616053705178603	-19.91340656242861	49.99993821067441	113.3200941978084	113.3200925186628	19.07020069689567	19.07019939624704	83.39150709664889	4.968488063256791	2.227228749484844	55.73289565478979	0	0
15.88452454879597	-0.1150116806437056	0.02592612411808168	-0.01470924400202785	2.399836789373507	1.064662789385728	0.989473203978384	-0.210081657084665	0.01544919290787097	-0.08559581266942713	0.4919359427995311	0.02351091093647454	-0.09545340017434939	0.1967975654482295	0.1967975667892003	0.6049768846222094	0.6049768862205692	-0.2067971194221803	0.0742512051247632	-0.1327784570866541	-0.1975903187689022	-1.0889003886238	-0.03516130988308411	0.6631075840701562	0.2076498121096059	0.3781434021321738	-0.1024593729448113	-1.161987479597742	0.05212653938306187	-1.327573225003148	-0.6090305752460627	0.6692253212865107	0.261132205927187	-0.9230445440463511	-0.9230445409822016	-10.88058553293029	-10.88058551955369	-6.055084746239785	0.7459935010302976	-1.033847537627899	3.591121905286347	0.07229988556941588	0.1393208029059405	0.01856371087662452	0.01749006946429677	0.02772643531339748	0.02170438402771773	0.01619990649264936	0.05568622449116067	0.2708525723336137	0.1372107018107526	0.01408950276905797	0.01072706694419151	0.02017033237398726	0.2154955129957218	0.01040982441226919	0.01032938077333568	0.01067180083379126	0.01595138539054715	0.01064260313099524	0.01042235886639207	0.06072025433225902	0.01238447356329379	0.01103226738521276	0.03060811541300314	0.2618170095726801	0.08960168854985695	0.2625596441798663	0.01037689679890781	0.152111531101256	0.01789702834040011	0.0419496541903786	0.08657894122715837	0.04088882138912674	0.07911584312009294	0.02913806412632598	0.5566753032552474	0.01052125902523156	0.01783723600648153	0.01153770417532746	0.01558039370746508	0.08407035371416335	0.1602725949986325	0.0229143562923683	0.02054908184775751	0.0356218403608694	0.02615712229680592	0.007837607983081489	0.03437321999686904	0.4010955228025889	0.2560222368737256	0.0137899585668815	0.004864031043588586	0.001162979802648204	0.216653117815699	0.01032372333780576	0.01025843253297339	0.01085393113085184	0.004032115306305544	0.009826090188368318	0.009940344039490186	0.0383347516006081	0.008750751803456263	0.009948466564947443	0.02508152964072696	0.2149275567933984	0.0933416074353239	0.3673418827020059	0.009900136568629871	0.160178251152687	0.02668794138043753	0.03683218664960446	0.004890928278512055	0.009951535772484621	0.04676751156534172	0.03084606466014369	0.8484138220186613	0.01164522975005715	0.02603131140830081	0.01307846618550779	0.02118063545333032	0	0	0	0	0	0	0	0	0	0	0	0	-0.1032007843493965	0.07503203303855191	-0.04305150051797728	0.06539284109857374	0.005066385215736653	0.001603327263890636	0	0	-3.040459115430967	-24.74402987880415	-14.45342742851233	-3.192928827761968	-9.54978806361674	-1.531605925329886	68.15289546130664	13.80326476476409	-7.262055385455645	0.6843317332766669	-17.65697334080747	50.08245939308414	125.5891847296187	125.5891835831128	44.99508326019718	44.99508162839673	97.49990495947203	8.376036396768875	10.00183581709114	30.92999071268013	0	0
15.89305787359596	-0.1242899822599279	0.024829052370765	-0.009605471670684037	2.401491824740231	1.067541042801451	0.9885477571803418	-0.2176179271350628	0.01622346873491511	-0.09722206820660435	0.4867111974062415	0.02862634476270391	-0.09146751733577643	0.1936155123755405	0.1936155137073008	0.5140983597387725	0.5140983613920935	-0.2548321631017516	0.08094872863731438	-0.1411524865525543	-0.1661505381048519	-1.07076106621419	-0.2086813786107437	0.5301570976393656	0.1801923528183344	0.2964465865477238	-0.1138589720639302	-0.6171883307484959	0.108111158603273	-1.401006222543771	-0.6220864239274884	0.5360504690662637	0.6626376465368621	0.1902229696017414	0.1902229650613251	-10.37985362979308	-10.37985363012591	-5.196416450598236	0.8261968802924947	-0.9197915246986391	3.738525948342537	0.07955728735212259	0.1595669919815637	0.01894035768750478	0.01751624112539774	0.02847957884134649	0.02541878346017494	0.01195213686163117	0.05301108822862229	0.3117680622761811	0.1700692161590246	0.0161318491275549	0.01114838086274283	0.05563525356152018	0.1892859701559381	0.01040654830200886	0.01029575032989683	0.01067062012321073	0.01874672592946845	0.01086862592486277	0.01048257662647894	0.0580055336664562	0.0165983594581268	0.01271655880726899	0.03437644297966542	0.2576981283837076	0.07827092823539056	0.2828240553012348	0.01054753945409804	0.1703623710950858	0.0207678902320813	0.04787660496705122	0.04205512315734458	0.02441098440278797	0.05473090962623565	0.04183011972453927	0.6004601055567564	0.0132522302644526	0.01950520834893815	0.01184480650767498	0.01667671668918887	0.08722856089958092	0.1979674419087302	0.01616783348720435	0.01507009701244895	0.02359732400814954	0.0296836935607572	0.009931763039090533	0.06428814292696541	0.3341537637455936	0.1573526113940693	0.02063178978724967	0.0167751367072167	0.1507456738655449	0.1089905233903845	0.01046995482281417	0.01028441191796576	0.01051975129271211	0.03427039841620499	0.01199872626542634	0.01099902738265024	0.07001406447513825	0.02833113286909118	0.01707860455982697	0.04711334101878461	0.2842361176735357	0.04736535963224075	0.2569383552572801	0.01128686539664722	0.2151310853890585	0.01959391644071792	0.06540706973728096	0.004216296665617062	0.01367268686679228	0.02396893094158102	0.06838669628372226	0.5163795014059592	0.01797860147258959	0.01628169540758896	0.01122130878201788	0.01437765802161846	0	0	0	0	0	0	0	0	0	0	0	0	-0.1253568224101191	0.08004103829358473	-0.03686738816838515	0.08236977203900699	0.003854521145632152	0.001157026708003612	0	0	7.444400190700208	-15.42048006738375	-16.50555967335641	-3.233789347546451	-9.551554386745703	-1.122862594912576	59.12504354262212	-1.091408300416673	-9.804287724507898	-3.911565053977179	-13.19793471374969	42.75416766972937	134.6832207473088	134.6832200773427	72.56239700509816	72.5623954826646	102.2355461698741	10.09151804504558	16.31423040155173	3.534491517275627	0	0
15.90159119839596	-0.1330245110085405	0.02262368295641926	-0.005694695542242428	2.40291154135668	1.069725237302275	0.9875408781888474	-0.2208608287489518	0.01691058439738993	-0.1095490218409195	0.4811994436906821	0.03279289535929085	-0.08441245959284613	0.2002129088936843	0.2002129101656444	0.4285074079889268	0.4285074095874508	-0.2954736678703605	0.08836709480329721	-0.1483597354389362	-0.1344442705528144	-0.9610408917725159	-0.291517259861723	0.385576105459164	0.152535370125344	0.2158169539967152	-0.1214669666247006	-0.1585546063792533	0.02991469247666391	-1.488706129650699	-0.6768329618094295	0.4496686948326168	0.9702149948341131	1.362488674115826	1.362488664911552	-9.640454960279706	-9.640454972371151	-4.334148030089968	0.9116562099294825	-0.765327291696867	3.655656412353909	0.08450196006124239	0.1878117647118394	0.01500149630126352	0.01420135092691313	0.02159515841107246	0.02899843771235824	0.01154843592173923	0.06865620874336241	0.3050693159068813	0.1359976657313732	0.02106233194213818	0.01854336088610162	0.1499277441615734	0.1212452017198701	0.01049481364639969	0.01029862612621457	0.01046557432161617	0.03778369245765611	0.012283929352634	0.0111536635225416	0.07446679550171666	0.02996524846832043	0.01769970198418757	0.04871020932183928	0.2859320926429697	0.04713259583679349	0.2444431132519729	0.01146184993512266	0.2057698711183448	0.01761406785204914	0.06655275179461406	0.02046699319905469	0.01962191310343217	0.03031810320697704	0.06835801091041301	0.5018592966096184	0.01815531053737438	0.0142511087452532	0.01082845879919269	0.01296902455130309	0.0903867680849985	0.2356622888188278	0.009421310682040399	0.009591112177140385	0.01157280765542967	0.03321026482470847	0.01202591809509957	0.09420306585706181	0.2672120046885982	0.05868298591441309	0.02747362100761784	0.02868624237084481	0.3003283679284416	0.00132792896506988	0.01061618630782259	0.01031039130295813	0.01018557145457237	0.06450868152610442	0.01417136234248435	0.01205771072581029	0.1016933773496684	0.0479115139347261	0.0242087425547065	0.06914515239684225	0.3535446785536729	0.001389111829157597	0.1465348278125545	0.01267359422466457	0.2700839196254299	0.01249989150099831	0.09398195282495743	0.00354166505272207	0.01739383796109994	0.001170350317820319	0.1059273279073008	0.1843451807932573	0.02431197319512203	0.006532079406877115	0.009364151378527967	0.007574680589906599	0	0	0	0	0	0	0	0	0	0	0	0	-0.1475128604708417	0.08505004354861756	-0.03068327581879301	0.09934670297944025	0.002642657075527651	0.0007107261521165888	0	0	18.2242777197591	-3.714712244082646	-17.10161198686703	-3.247589376046616	-9.311978269212787	-0.6592889233620572	48.10723382573802	-17.22985505207165	-10.16880098896812	-8.888602775559885	-6.749951549556122	28.24766935371016	139.1951825581009	139.1951820780895	100.7272919183006	100.7272906840202	98.61285841368615	9.49788544611431	19.1562466339979	-22.4151234078755	0	0
15.91012452319596	-0.1404365318846089	0.02015297170000286	-0.003018273182652533	2.404094694076443	1.071232370080289	0.9864857580373543	-0.2206079608708853	0.01635169178597099	-0.122588074114098	0.4750441474831342	0.03647683723091235	-0.07533263486897024	0.2169113882553015	0.216911389430639	0.3502463644541846	0.3502463659072043	-0.3289726951842444	0.09645914677629461	-0.154203010806484	-0.1043421891126057	-0.7618516527612968	-0.2696739266854657	0.2434052764791935	0.1247289911712079	0.1379975689278049	-0.1252186118316151	0.2004288541039652	-0.1818981668277383	-1.56130625104673	-0.7720647658179021	0.4250074405889581	1.129728586907118	2.549550503944276	2.549550490349562	-8.663050795762947	-8.66305081753541	-3.531345922289195	0.9798983986211931	-0.6073073904857206	3.369033629141149	0.09132455156676116	0.2125806496989895	0.01215782666429166	0.011655785265527	0.01701859160979346	0.03070396657482083	0.01182354119624762	0.08633260404440378	0.2607466692684798	0.09442856278329817	0.02165367466680455	0.0207889567062167	0.1901335421299138	0.05866193186362534	0.01057109128353397	0.01030980845727844	0.01033994060427734	0.04658893668968755	0.0133736078779854	0.01164278259563701	0.09186567995629952	0.03736685666592185	0.02093384829497875	0.06040611813453593	0.3272669331609515	0.06316765147240257	0.1877358128376081	0.01210655179457922	0.2417151346985571	0.01431041829497536	0.08575118879762629	0.01897402711247088	0.01962925894497117	0.01475515196013448	0.09368676816733298	0.3801839483023095	0.01889195885040711	0.01041629809739274	0.01010723661001212	0.01028460670025004	0.1032765180331961	0.2456906371698928	0.010803391349728	0.01014116360231365	0.01553701177857052	0.03093168521739985	0.01200218501432072	0.1077308728996842	0.1452812926691702	0.05035225740187452	0.01763921336651612	0.01717892113128955	0.1717185113361584	0.001753972764942153	0.01062908360312148	0.01032320779673406	0.01030971718575537	0.04393059691308712	0.01408873526949015	0.01191413491418682	0.1116358877542846	0.03867866674043223	0.02241032072387091	0.07028500669717697	0.4093785230168028	0.1372810439300586	0.09714362877841455	0.01244899816654543	0.2974693474142305	0.01158471829245574	0.1091300948520435	0.02951760616008884	0.02146397232135482	0.005330442356274756	0.1239054631993151	0.1885982739771955	0.01538804679450489	0.00876273169631875	0.009816300376018092	0.009133315077613216	0	0	0	0	0	0	0	0	0	0	0	0	-0.1667010486338945	0.1003057798131308	-0.03759446712512522	0.1173561100556072	3.865866842312311e-05	0.0008101399601381653	0	0	28.26710459569324	8.827891485882933	-15.9101711147471	-3.274307199499768	-8.905621824264742	-0.2325563231074929	35.89203309122544	-31.94366572562643	-5.910768904418141	-13.2715914783315	1.145117338696991	8.521073152662233	138.0141866328419	138.0141860506228	128.0821930755782	128.0821920098565	88.7101057631676	5.959300495958749	16.95680797434738	-43.83113551710598	0	0
15.91865784799595	-0.1457996638847474	0.01831927314482256	-0.001489375375615281	2.405039171724028	1.072091527040002	0.9854130907309724	-0.2177436793177988	0.01349195522682098	-0.1360202542133994	0.4679301513882846	0.04024733409652665	-0.06564290087996136	0.2436227962201863	0.2436227972563464	0.2812967764792126	0.2812967777082301	-0.3560338051650979	0.1049645266853549	-0.1588453059734681	-0.0773951815282005	-0.4830496319328434	-0.1435780085813574	0.1191887065517017	0.09653810510505696	0.06406592334531293	-0.1257210719927256	0.453015251697282	-0.5034617375130239	-1.572195965660944	-0.8997223839329371	0.4706806901830005	1.110728846077396	3.700673119841912	3.700673100627057	-7.461642923495756	-7.461642954188958	-2.830340699289911	1.003723969556269	-0.4916813433420531	2.924674104795921	0.1013269970906798	0.2299297181256872	0.01188146089796131	0.01099240132466372	0.01757569165261663	0.03004812268772118	0.01191634697863473	0.1013477230106946	0.1779950876772475	0.06874415551550617	0.0159468029675163	0.01470442065303424	0.1455944070408337	0.02705131846614291	0.01060856122824593	0.01032199055909932	0.01036724884414525	0.03821460005921992	0.01374718775265829	0.01174496800022169	0.104871971964423	0.034931087049072	0.02112572977336009	0.06597309219848586	0.3734247814697066	0.1422188796944218	0.1310427812432249	0.01221993307712936	0.2726565667540342	0.01244336149430593	0.1022626747268969	0.0338072283587327	0.02207926152805039	0.01082230665146522	0.114251616726139	0.3027845931457501	0.01376648615972422	0.01027110032386266	0.01010401637388838	0.01018690138688211	0.1161662679813937	0.2557189855209578	0.01218547201741561	0.01069121502748691	0.01950121590171138	0.02865310561009122	0.01197845193354187	0.1212586799423065	0.02335058064974223	0.04202152888933596	0.007804805725414394	0.005671599891734288	0.04310865474387529	0.002180016564814426	0.01064198089842036	0.01033602429050999	0.01043386291693837	0.0233525123000698	0.01400610819649595	0.01177055910256335	0.1215783981589008	0.02944581954613835	0.02061189889303532	0.07142486099751169	0.4652123674799326	0.2731729760309596	0.04775242974427461	0.0122244021084263	0.3248547752030311	0.01066954508391318	0.1242782368791295	0.0554935472674556	0.02553410668160969	0.009490534394729192	0.1418835984913294	0.1928513671611337	0.006464120393887759	0.01099338398576039	0.01026844937350822	0.01069194956531983	0	0	0	0	0	0	0	0	0	0	0	0	-0.1858892367969473	0.115561516077644	-0.04450565843145743	0.1353655171317742	-0.002565339738681405	0.0009095537681597418	0	0	36.74969316213887	20.41494592380413	-12.92200479421989	-3.34145877579363	-8.41630580819843	0.09551893972867462	23.34792566161216	-42.52962918022537	4.396603660912571	-16.38486237877414	9.544665442515862	-12.9020683870039	130.8076550355235	130.8076543256068	152.9291687579015	152.9291677190857	75.23612063363629	-0.950711270152337	9.278347338732395	-59.31105275776772	0	0
15.92719117279595	-0.148501307309457	0.01795570573466377	-0.0008925548912013422	2.405739971012896	1.072337706731032	0.9843466663261758	-0.2131732335073664	0.00757372273004054	-0.1490973331772642	0.4596346242503161	0.04470819107488886	-0.05687628556054506	0.2798274325841223	0.2798274334310392	0.2234568956508463	0.2234568965799684	-0.3776204240427466	0.1133804652368469	-0.1628383155413196	-0.05473331829895741	-0.1414738452816271	0.07105540600209216	0.02701526439408108	0.0675325519432029	-0.005698312208347416	-0.1239205662430324	0.6017442455286568	-0.8897843415212375	-1.469983397381188	-1.046269864593722	0.5857140636406171	0.9171968328926058	4.767107974317693	4.767107949355963	-6.065349350256908	-6.065349389878128	-2.249223097979918	0.9542384929832731	-0.4612322352268058	2.372549005613825	0.1197031011409379	0.2536704997521487	0.01235853882709724	0.01197441453530344	0.01861051407675767	0.02525851154644211	0.01181263239036158	0.1155135092370604	0.1199377685696321	0.05303043151368862	0.01287419742649978	0.01089363057280014	0.08815116845592588	0.02172716146421453	0.01048814030046957	0.01026499242076036	0.01033850064524364	0.04764099909376505	0.01286096095386231	0.01131000738965036	0.1219311912463638	0.02750647665869213	0.01802751518860303	0.06264065541233922	0.4175445460961328	0.1828975502953448	0.1040715557185276	0.01163893129736109	0.2888799700609665	0.01117164020020685	0.1075561351991497	0.06337616859304059	0.03307407296374679	0.01015845455510258	0.1114429461610817	0.2634046085308946	0.01050242416067145	0.01053019385131628	0.01015761079425697	0.01036842110608854	0.154803761910073	0.3067414448624752	0.01309649570509398	0.01424552046609812	0.01920896403933924	0.01610771947454688	0.01154788608828248	0.1352450996655011	0.08606524124532104	0.03843927785623417	0.01310526398531877	0.01034162783863112	0.02318271610869784	0.03044257901367657	0.0102132173056243	0.01013639458875574	0.01022512362505051	0.08090005057898446	0.01081388137396695	0.01039216574301861	0.1522683956448811	0.01590941312168467	0.0119245574482724	0.05027635693248044	0.4997333758283944	0.1828050272736606	0.1017655790876334	0.0104358053348492	0.2972709772551603	0.009992113755311238	0.102477050450679	0.1128140621182566	0.05397193472664489	0.009877556635526511	0.08053700777850731	0.2260483125800066	0.009694610677183437	0.0104742639927364	0.01013376277493121	0.01032997817879361	0	0	0	0	0	0	0	0	0	0	0	0	-0.1946884585218061	0.1279200830381248	-0.04638653525883085	0.147162520659213	-0.004421938449415309	-0.0001840044863443066	0	0	42.8343351370391	29.31377537813367	-8.486460640667307	-3.467744121015466	-7.947787185578664	0.3081612213100063	11.8191493787838	-46.84193220450943	20.36237901501904	-17.58667302358263	17.17128865190979	-31.64105874317845	118.4026555745911	118.4026549888667	173.463466225724	173.4634651683827	61.07999868826195	-11.14886786299403	-2.663885679595403	-69.29583282390084	0	0
15.93572449759594	-0.1481037069235843	0.0197020945337967	-0.0009087269332769814	2.406187830921125	1.072004308306477	0.9833021048955447	-0.2077252948771187	-0.001710572692507902	-0.1606711366458125	0.4500743480057195	0.0504063565902951	-0.05037219254661344	0.3246335381338465	0.3246335387504699	0.1782122272314408	0.1782122277836661	-0.3947478882427478	0.1209699377963253	-0.1670350377652443	-0.03709435003958898	0.2386903956375785	0.3452093856911206	-0.0233210096128891	0.03715596830878504	-0.07196902914063946	-0.1207314714945384	0.6626250332372067	-1.281938011083208	-1.21512127984216	-1.192429517413395	0.7576265445508817	0.5901055343688195	5.711901977336727	5.711901948868551	-4.518043378347967	-4.518043427085817	-1.782583076681496	0.8066436486249808	-0.5416752358225028	1.752829722864973	0.1479465880999718	0.2889591898152894	0.01309964422145199	0.01452171927630379	0.0188401653706573	0.01575249629467881	0.01150886935112726	0.1293274721336397	0.1205479471619938	0.04391755418513842	0.01488105594112661	0.01224060486379262	0.04712875703760035	0.03624009556646677	0.01017884768630135	0.01012061549238902	0.01019950195304097	0.08375157320277808	0.01056408638849607	0.01029730974203309	0.1455535411930955	0.0163093838371558	0.01151180154302928	0.04914851543024997	0.4567924721614692	0.1576403333014424	0.1186010013831359	0.01031845159761533	0.2857846826205701	0.01026082438013562	0.09842907528723055	0.1067308611881633	0.05394864137614045	0.01013763112614171	0.07701418438191379	0.2551670530740823	0.0111947740840426	0.01031266752737104	0.0100958542369374	0.01021702905439906	0.1934412558387522	0.3577639042039926	0.01400751939277236	0.01779982590470932	0.0189167121769671	0.003562333339002546	0.0111173202430231	0.1492315193886957	0.1487799018408999	0.03485702682313239	0.01840572224522315	0.01501165578552795	0.003256777473520386	0.0587051414625387	0.009784453712828239	0.009936764887001478	0.01001638433316263	0.1384475888578991	0.007621654551437944	0.009013772383473874	0.1829583931308614	0.002373006697230989	0.003237216003509472	0.0291278528674492	0.5342543841768562	0.09243707851636168	0.1557787284309922	0.008647208561272103	0.2696871793072894	0.009314682426709298	0.08067586402222857	0.1701345769690576	0.08240976277168009	0.01026457887632383	0.01919041706568518	0.2592452579988795	0.01292510096047912	0.009955143999712415	0.009999076176354198	0.009968006792267383	0	0	0	0	0	0	0	0	0	0	0	0	-0.2034876802466649	0.1402786499986056	-0.04826741208620427	0.1589595241866518	-0.006278537160149214	-0.001277562740848355	0	0	45.65453242292794	34.19244366016878	-3.236484634526482	-3.663733966273523	-7.617070353184952	0.426410518355066	3.065128478190211	-43.83417133857291	39.6385505477153	-16.17375777248534	22.65899256326277	-43.61690609861103	102.6713632338618	102.6713630284697	188.0975562732943	188.0975552017788	48.76617455811932	-23.70236386382418	-16.17506188531074	-75.48802886125497	0	0
15.94425782239594	-0.1444059377117478	0.02390968749335577	-0.001160091287664721	2.406368486126713	1.071114759203802	0.9822882301978323	-0.2020267947095103	-0.01414414250159919	-0.1693612513091142	0.4393563336394224	0.05773474860950346	-0.04698672418158306	0.3769100487659666	0.3769100491379885	0.1466222232399577	0.1466222233380984	-0.4083027986102535	0.126831086385519	-0.1723985054317342	-0.02494090762831089	0.6263322466254372	0.6412372360272601	-0.02798991184704515	0.004808763413556115	-0.1363940905224913	-0.1168141593721439	0.6668506351238505	-1.617975835749299	-0.7947720819134675	-1.312944516951021	0.9632037658548916	0.1996257894958399	6.516594754403486	6.516594726240872	-2.874879039595217	-2.874879097105774	-1.406918562993522	0.5486524124065554	-0.732109101228941	1.089574062103486	0.1627311200266508	0.3120038623864754	0.01298758122795638	0.01483901738507805	0.01938451923216333	0.01768027530330238	0.01153648176711225	0.143221596191014	0.1445656819952882	0.0484375581522035	0.01563415610648594	0.01300713354262807	0.02361362105160737	0.0439945191433644	0.01009243476829064	0.01007577298469399	0.01014445137118936	0.1102797929914422	0.01018789189220147	0.01009306666564887	0.1570615898980126	0.01430376684343443	0.01033950879287288	0.05368004986215989	0.4740784581440947	0.1217938156577819	0.1314574359287531	0.01007575590565749	0.287206411290227	0.01020908606588018	0.1011288081992594	0.1285725209167337	0.06888650389914004	0.0101927338875182	0.06401301989715494	0.2442885352599214	0.01171133338422312	0.01018839778303713	0.01006351467189564	0.01012821506624148	0.165079762831583	0.3299930383428185	0.01201481939998999	0.01281829312332779	0.02046648120394347	0.03159028838075863	0.01191254789588346	0.1640324996648824	0.1854057380453742	0.06605320113279732	0.0143207580516896	0.01232951887812686	0.007638811569034545	0.04251680115688476	0.01023611550876641	0.01013340590552461	0.01018050068310934	0.1306203750851881	0.0118071822096617	0.01071819164324326	0.1570416130865846	0.02139932181567071	0.01463260004652863	0.080361929270772	0.4726190190755542	0.07877951421822295	0.1339375447120378	0.01093709239710631	0.3057830908356172	0.0108731277708421	0.1226704386663072	0.1313988187383441	0.07996729834179246	0.01020254098704267	0.07985400554820887	0.2058517965975794	0.01136472233410985	0.01022418555959169	0.01007591109559723	0.0101485456442817	0	0	0	0	0	0	0	0	0	0	0	0	-0.2106527702716935	0.1220511351736306	-0.03182218160116266	0.1725119386877835	-0.01304150751966169	0.002566508063879409	0	0	44.49379215801589	34.40059564434075	2.098314366577274	-3.928058426657557	-7.53014122846492	0.4841128252907064	-1.213743947605556	-33.87591689192923	58.44720987319147	-11.48241066004856	24.92758649093128	-46.23968487438184	85.95732126955528	85.95732155299831	195.8218083670719	195.8218074247249	39.93830499626429	-36.59757433265793	-27.87919708268873	-79.76942653677338	0	0
15.95279114719593	-0.1374943844702397	0.03059490707347215	-0.001262014025421286	2.406262806655581	1.069675019796469	0.9813093829367073	-0.1963829521852622	-0.02901293344129522	-0.1738240592341903	0.4278242415320488	0.06685608178704228	-0.04690863919328869	0.4354527254628185	0.4354527256106731	0.1292475629649434	0.1292475625426256	-0.4189250585995382	0.1300430196675787	-0.1797624907783417	-0.01859144292621777	0.9858256347994475	0.9195355728513561	0.01093059098311807	-0.0300236508809082	-0.2013528467965273	-0.112575677888045	0.6576618615676399	-1.845353879527119	-0.2310334816120161	-1.378097750917529	1.172681632960411	-0.1711850410842268	7.182125001899784	7.182124978170034	-1.196588382950286	-1.196588446725639	-1.089567697638505	0.1894393661100404	-1.003676861985481	0.3936718354618017	0.1559397128246734	0.3129105219095654	0.01172781179440597	0.0119264022856841	0.02053948845836638	0.03511484648214867	0.01203349450569522	0.1573352128056315	0.1741157170951874	0.06798695571016178	0.0134442095238071	0.01166756157714301	0.01602537966545242	0.0377209084860804	0.01033559450954342	0.01017886584279554	0.01022365402911668	0.11794959903065	0.01259887830050244	0.0110569836792661	0.1497866980030521	0.02494701412260834	0.01681073111789837	0.08409393687827378	0.4604740208660087	0.09601952419914996	0.1263146990774112	0.01138254016461098	0.3036294609550291	0.01114269793571847	0.1243333752986495	0.118519184394138	0.07386115111817416	0.01017607585630084	0.09113480389137883	0.2137085116580998	0.01095755583000137	0.01030499801848175	0.01009806133805179	0.01020438453305372	0.1367182698244138	0.3022221724816444	0.01002211940720763	0.007836760341946256	0.02201625023091985	0.05961824342251473	0.01270777554874383	0.178833479941069	0.2220315742498485	0.09724937544246226	0.01023579385815606	0.009647381970725762	0.0120208456645487	0.02632846085123082	0.01068777730470458	0.01033004692404774	0.01034461703305604	0.1227931613124772	0.01599270986788546	0.01242261090301265	0.1311248330423077	0.04042563693411043	0.02602798408954778	0.1315960056740948	0.4109836539742523	0.06512194992008422	0.1120963609930835	0.01322697623294051	0.3418790023639449	0.0124315731149749	0.1646650133103858	0.09266306050763065	0.07752483391190483	0.0101405030977615	0.1405175940307326	0.1524583351962792	0.009804343707740587	0.01049322711947096	0.01015274601484027	0.01032908449629603	0	0	0	0	0	0	0	0	0	0	0	0	-0.2178178602967221	0.1038236203486556	-0.01537695111612106	0.1860643531889153	-0.01980447787917417	0.006410578868607173	0	0	39.05816671829943	30.14543310534365	6.893445054821249	-4.241117494472433	-7.74618991341701	0.5035804895296679	0.004725199868089995	-18.77571141062525	72.56506886792067	-3.195457530968642	23.57944733345871	-39.14260617952496	70.34552260441272	70.34552333905771	196.3351535361506	196.3351530857919	35.08191651017204	-46.88022673529422	-34.7749977513015	-83.21978586665031	0	0
15.96132447199593	-0.1277626317682854	0.03945426283576692	-0.0008676541804496536	2.405848251718378	1.067669475154608	0.9803669765041498	-0.1907058446977614	-0.04523516473522216	-0.1730532464798567	0.4160791218138826	0.07767517001284903	-0.0496327163167747	0.4991323484941452	0.4991323484698952	0.1261274092195969	0.1261274082468203	-0.4269720227337699	0.1298774021006066	-0.1896185057877471	-0.0182960523196217	1.281744706869109	1.145909690647242	0.08700610558866743	-0.06759415407419617	-0.2694096657752523	-0.1083276492099035	0.6823032468894561	-1.931982805896015	0.4201284439733634	-1.35830912680008	1.356639738294597	-0.44593808214645	7.723926875548154	7.723926859254484	0.4561609806757487	0.4561609167723416	-0.7985110789285912	-0.2345094114646024	-1.306839583714025	-0.3279320697418823	0.1465359445298245	0.304406630880249	0.01200261412362876	0.01096811442932946	0.02329730770290656	0.04620065366773287	0.03520339287492417	0.1804936702122275	0.1929347482346444	0.07747476977517882	0.01207904980234494	0.01082722294569971	0.01674117364726898	0.03739623179168175	0.01045985470584667	0.01024606710837282	0.01031826674004217	0.1046250234588993	0.01323490462137857	0.01136467365560887	0.1345845372247192	0.0285158554547481	0.01859500054174377	0.1139870397477874	0.4328355445214528	0.08304123622564584	0.1265634804703456	0.01176942500736932	0.3083645194471789	0.01148820385988378	0.146461271199949	0.120883188575224	0.1037032884137443	0.01015373565913523	0.09901571638161011	0.2073206125049043	0.01043622037984426	0.01038437462280105	0.01012685232619807	0.01026358749803828	0.1366271992322327	0.2845744060790276	0.01395789499632839	0.01231741924185718	0.02793576149294108	0.05046869814179089	0.0844459991739835	0.2285148796340604	0.2067820376288217	0.07555658062714027	0.01186652699090835	0.01074030290557168	0.02149835459009083	0.04598471123193149	0.01042834982027754	0.01026100004666152	0.01041418256292322	0.06600422719587132	0.01177788356821223	0.01088477821270941	0.1087520857104482	0.02337638165281055	0.01476328366902509	0.1494580563452905	0.3700472466116018	0.07644648454262973	0.1391154104344771	0.01106231182560172	0.2910943614514792	0.01114910930801365	0.1720352747390373	0.1485536555907213	0.1749620004137221	0.01013680670759442	0.0765067346055555	0.2392999487519123	0.01030260580579816	0.01039419513802447	0.01014145823434311	0.01028367344742886	0	0	0	0	0	0	0	0	0	0	0	0	-0.1978097925693441	0.08137770176221602	-0.03536790395305364	0.1298526373080148	0.01578825790939489	-0.02096795229272753	0	0	29.71715868591422	22.46083311147666	10.76441170594017	-4.560971558687517	-8.245285106985824	0.4845823807388637	6.584432616359049	-1.428498661608117	78.46448478792026	8.284335381945114	19.09705504720393	-24.20485880336804	57.07664524716771	57.0766461994769	189.9192408297512	189.9192413135767	33.60402660153125	-51.22753090391812	-35.13427597740841	-85.65021513445208	0	0
15.96985779679593	-0.11588420807508	0.04993795780110363	0.0003039783548706894	2.40510190497315	1.06506246103338	0.9794595338094061	-0.1845247878153005	-0.06156794811593923	-0.1666305580655117	0.4049489544416457	0.08987302233242528	-0.05409335935611477	0.5669837243390971	0.5669837242097504	0.1367985212541555	0.1367985197674353	-0.4325592616150731	0.1260352776808762	-0.201992739582346	-0.02422276118933903	1.484932290360088	1.297621053504774	0.191570810621529	-0.1077103492426847	-0.3425688986647819	-0.1044562201256383	0.781472308982387	-1.8727764258455	1.079268492127156	-1.231260610045746	1.493067951244121	-0.5721469902864567	8.163486093369604	8.16348608480854	2.026797428716343	2.026797373792232	-0.5100870827920108	-0.6597068648388017	-1.584550626229249	-1.061136659039265	0.1417120833712901	0.2918898520833865	0.01450729983345646	0.01332844724389136	0.02791881570608189	0.04541691583375267	0.08487028814260721	0.2156118516674541	0.1951883771686861	0.06957340529040232	0.0125394097347088	0.0111683749616611	0.02272977993646036	0.04863397674285334	0.01034913784072205	0.01022980734654988	0.01039752762938096	0.06723736938344191	0.01090778239873444	0.0105430963227188	0.1153796975808455	0.01972011260122486	0.01244862892402409	0.1365394215094072	0.3994671861336224	0.08308807796114384	0.1404353291202879	0.01059558447537599	0.2890609437237462	0.01083791035306439	0.1606759292273215	0.1503690943736098	0.1667089377485335	0.01014281612461217	0.06744076214927101	0.2437138271247792	0.01053870426837164	0.0103544902597509	0.01013108875209625	0.010258710784729	0.1365361286400515	0.2669266396764107	0.01789367058544916	0.0167980781417681	0.03385527275496231	0.04131915286106706	0.1561842227992232	0.2781962793270517	0.1915325010077949	0.05386378581181827	0.01349726012366065	0.0118332238404176	0.03097586351563297	0.06564096161263216	0.0101689223358505	0.0101919531692753	0.01048374809279041	0.009215293079265489	0.007563057268539009	0.009346945522406173	0.08637933837858862	0.006327126371510675	0.003498583248502401	0.1673201070164862	0.3291108392489513	0.08777101916517525	0.1661344598758708	0.008897647418262921	0.2403097205390133	0.009866645501052403	0.1794055361676887	0.2044442506738121	0.2723991669155394	0.01013311031742733	0.01249587518037845	0.3261415623075454	0.01080086790385573	0.01029516315657797	0.01013017045384595	0.0102382623985617	0	0	0	0	0	0	0	0	0	0	0	0	-0.1778017248419661	0.05893178317577648	-0.05535885678998622	0.07364092142711427	0.05138099369796394	-0.04834648345406225	0	0	17.5590358579134	12.9369062320818	13.55929267351284	-4.826490776009775	-8.91638191024324	0.4128681810346425	17.15490647920776	14.86252237264579	74.30771045430555	21.6547602144754	12.67729604330319	-5.031096290305058	46.32748257288214	46.3274833703065	177.2165972752884	177.2165988964338	34.21984898427097	-46.78337101030665	-28.95977282464518	-85.60619554089132	0	0
15.97839112159592	-0.1027344801526594	0.06136314451310045	0.002456250964338464	2.404004852073536	1.061806253353859	0.9785817885735285	-0.1770838188531481	-0.0768428768784024	-0.1548562035895632	0.3953947985331043	0.1029911989986629	-0.05892183253738856	0.6382196826174126	0.6382196824392309	0.1603410019377628	0.1603410000539504	-0.4356510105799729	0.1188496558713743	-0.2164460351708821	-0.03635418839198613	1.57800392706803	1.36643150212692	0.3152703393854312	-0.1496163125227624	-0.4215449102188047	-0.1014518353803065	0.9801001768383354	-1.689713394612081	1.660646771483928	-0.9891422916503996	1.571671170599113	-0.5324831658712944	8.519774562671307	8.519774559151253	3.465131884947176	3.465131848157117	-0.212755180121348	-1.003438865517928	-1.787213303608011	-1.775387456579161	0.1383838809637064	0.2847975186422262	0.01507470107421233	0.01415457727680041	0.0271362512042062	0.03993251287579405	0.1323320423508084	0.246869988723155	0.202293214601653	0.06930568405653943	0.01336759312157766	0.01143850971444427	0.02627333875748449	0.06719606027961816	0.01029350374896284	0.01021062259849384	0.01039069567028119	0.05558015805586593	0.01069023011012744	0.01031793195301607	0.1043252776420035	0.02428280918783673	0.01298704378373662	0.1587636549308175	0.368532389687484	0.08622751790906702	0.1532636818924327	0.01025067988026651	0.2738971099087018	0.01029862763640845	0.1759377493876495	0.1744479553372134	0.2202218414728673	0.01012054401658634	0.05484204716788024	0.2859011727575867	0.01075737489046235	0.01025717861811078	0.01009910677947889	0.01018905614618731	0.1336865160413659	0.2825549244672724	0.01348579430570851	0.01303157414731428	0.02057555431328989	0.03107447111484665	0.194079073432712	0.2904742761260475	0.2266408702770117	0.08160715237505259	0.01430001933010286	0.01145306616601511	0.02705709857712863	0.09617501508881286	0.01032594396218813	0.01020203089649244	0.01030638923629775	0.07513797118113694	0.01296195618781353	0.01082875875646656	0.09994037432294665	0.04484322735995942	0.02135638941900055	0.1940647376177678	0.3162775635140243	0.09002455297843637	0.1668112743002488	0.010923361469115	0.2653295803395805	0.009980310534273	0.2036324977744697	0.1962218532770857	0.2873248515631618	0.01008268603584559	0.06982738955731738	0.3516447015867932	0.01099359295986613	0.01010546399702988	0.01003413934253547	0.01006254978432999	0	0	0	0	0	0	0	0	0	0	0	0	-0.1697372994801644	-0.02929492426960416	0.005778209918294003	0.01581463446865913	0.0535216039147562	0.02554326677097545	0	0	4.206583840796489	3.309524264570568	15.24790350576138	-4.969361525293129	-9.573037959479025	0.2822085860688957	29.48275526381814	27.18852524052241	60.49918716046744	34.871344771152	5.78229021050447	13.91104411191487	37.38853102785752	37.38853138360261	159.0598665675163	159.0598691365732	35.45512987366266	-32.0351769226567	-17.94961456475609	-80.79724623993592	0	0
15.98692444639592	-0.08927469611969724	0.07303778758497986	0.00571204183339877	2.402547045181759	1.057854402010811	0.9777243558624555	-0.1675003510559278	-0.09017361316534429	-0.1387198986823199	0.3883646331965645	0.1165351532071008	-0.06276482792346619	0.7121820935050973	0.7121820933039666	0.1954383747493244	0.1954383726526529	-0.4361649092136387	0.10939142105664	-0.2321945103833554	-0.05432622053972259	1.558466214887527	1.358043399270358	0.4486127101916123	-0.1920049838153155	-0.5052733006609558	-0.09974940531525396	1.282621507789952	-1.425381935615275	2.091487861990109	-0.6432619503015861	1.593937400443898	-0.3475544356985436	8.803417663805494	8.803417661309684	4.728541695393442	4.728541682990769	0.09320504664511531	-1.178373129748773	-1.885343556409449	-2.420041429357549	0.1352878460525464	0.287579314992488	0.01261148529381796	0.01217910284902616	0.018858959678179	0.0316053637924409	0.1722887356580751	0.2687677856370796	0.2223903868439659	0.08442437453394654	0.01417910604699408	0.01131090327240204	0.02534798992783567	0.09179934140377345	0.01036809850341814	0.0102093611548429	0.01027942304393953	0.08663484153374587	0.01389854738308589	0.01113721309666015	0.1061239058769841	0.04864101572452149	0.02396501932882658	0.1826246284283921	0.3444947574422683	0.0888726759909681	0.1598809061677754	0.01135592516081002	0.2762422672447636	0.01015879290774614	0.1952390665063675	0.1822755850576994	0.2533647210876028	0.01008102290871219	0.08089172668638701	0.3194648859669142	0.01096009925643032	0.01010325353878883	0.01002788049540907	0.01005441903052448	0.1308369034426804	0.298183209258134	0.009077918025967848	0.009265070152860468	0.007295835871617464	0.02082978936862624	0.2319739240662008	0.3027522729250433	0.2617492395462285	0.1093505189382869	0.01510277853654507	0.01107290849161261	0.02313833363862429	0.1267090685649936	0.01048296558852575	0.01021210862370957	0.01012903037980508	0.1410606492830084	0.01836085510708804	0.01231057199052694	0.1135014102673047	0.08335932834840816	0.0392141955894987	0.2208093682190495	0.3034442877790973	0.09227808679169748	0.1674880887246268	0.01294907551996708	0.2903494401401476	0.0100939755674936	0.2278594593812507	0.1879994558803592	0.3022505362107843	0.01003226175426384	0.1271589039342563	0.377147840866041	0.01118631801587652	0.009915764837481798	0.009938108231224985	0.009886837170098273	0	0	0	0	0	0	0	0	0	0	0	0	-0.1616728741183626	-0.1175216317149848	0.06691527662657423	-0.04201165248979601	0.05566221413154846	0.09943301699601315	0	0	-8.542573687761561	-4.952621315347173	15.81386965795198	-4.931906241926572	-9.992851826345207	0.1142307458099628	41.11638521329785	33.72062928493593	39.604871572966	45.58810783654604	-0.3656678239268528	28.39113402647572	29.09655490920963	29.09655482303367	136.378254261754	136.3782573185473	36.07173437165451	-7.498347311041775	-5.001098836307929	-68.98556383539696	0	0
15.99545777119592	-0.0764237761805777	0.08436572521258594	0.01011222802924672	2.40073139249544	1.053177602893756	0.97687534213542	-0.1549393705024282	-0.1010867860736109	-0.1197182732562572	0.3846261613511031	0.1300610004624344	-0.06458577445987269	0.7882602420877229	0.7882602418594207	0.240444949830014	0.2404449477395277	-0.4340606291151528	0.09943015213757452	-0.2483152544284234	-0.07727203175175894	1.438362561512204	1.288404811817239	0.5818166670401886	-0.2331873634367121	-0.5908230971962801	-0.09945403313886361	1.674137736716975	-1.131910363338195	2.327861910088206	-0.2241567344885801	1.569391463188985	-0.0690896665058609	9.014966865313216	9.014966861274116	5.782557121584881	5.782557135307802	0.3989196890154563	-1.11135943101874	-1.876334987840339	-2.929593024009979	0.1287884201906262	0.2816038161388917	0.01128368952962704	0.01093163968237447	0.01511020287056054	0.03418220511390323	0.1916147297945418	0.286623140502569	0.2420069001171277	0.09649402442697229	0.01455994525956334	0.01125567827772847	0.02144229914161254	0.1159848909909044	0.01049077748092373	0.01024796609041394	0.01026789117232839	0.1161969320052934	0.01603371313510771	0.01181269545848665	0.1100497559058219	0.06641327566016886	0.03217120543735203	0.1994087793693128	0.3307484847710012	0.08639767941102379	0.1637934864266219	0.01248135695381213	0.2813981464669301	0.01043164311302039	0.2144568518466577	0.1659319708853761	0.2702059615745071	0.01006279249143654	0.1045916327082409	0.3434797925260317	0.0110645443712813	0.010144227932209	0.01005497277869268	0.010098398193392	0.115071942180194	0.252418971318205	0.01141881074356115	0.010731765923162	0.01665073614456342	0.04859262079868198	0.1964666304288051	0.3162433403571666	0.2694851987246989	0.1055131130948217	0.01459698715764198	0.0113358669836757	0.01494672403709027	0.1483264422606581	0.01064947424429252	0.01032507889142099	0.01036672275480983	0.1451079166805803	0.01682976614223869	0.01224891687834388	0.1139567113538899	0.07847086226970758	0.03727873140473892	0.2162791415317941	0.3179029702934115	0.07743774993497603	0.1683969853411474	0.01350607099654794	0.2862693841468512	0.01104538518938498	0.244471871137799	0.1137377800128179	0.2824487686189706	0.01006506305942008	0.1246085241037756	0.3770533565650427	0.01109520612022111	0.01038115073211659	0.01018375979705641	0.01032526201916799	0	0	0	0	0	0	0	0	0	0	0	0	-0.1706392418380437	-0.2144269178398588	0.1295502598992713	-0.09406642543608316	-0.00691372174286644	0.2248575139781795	0	0	-19.15011600779147	-10.95408234627099	15.20439251403465	-4.684782094258291	-9.969695847212083	-0.0360888459615387	50.08290078163853	34.08006990761307	15.66191657043854	51.74489644718287	-5.144831843460603	35.50712959772974	20.33101101233742	20.33101081137873	110.149124841531	110.1491278069792	35.31879387912004	24.01951976191192	6.642061308190476	-49.10602427091633	0	0
16.00399109599591	-0.06494841611570376	0.09491118547423481	0.01561213679547594	2.398575842019949	1.047778413873484	0.9760242577232638	-0.1387542085978113	-0.1095498786648075	-0.09956771969796248	0.3846200261999597	0.1432203433726034	-0.06387169759281099	0.8658114634942227	0.8658114632269408	0.2934569717834428	0.2934569699115072	-0.4293942389169317	0.09123162504857726	-0.263976903570804	-0.1037496845611892	1.240466984822056	1.178178342202285	0.7046265060609296	-0.2713801467897937	-0.6737489247583106	-0.1001046881407596	2.126757862779173	-0.8584916682697316	2.362711876701944	0.2232105432746675	1.509921683201335	0.2348565680083544	9.146964319913632	9.146964315297204	6.601224978210892	6.601225014754641	0.6914419067019087	-0.7620703176858874	-1.78344090944912	-3.237621108164666	0.1174398324998527	0.2579543807076517	0.01219421979313395	0.01134173302653719	0.01926160140776647	0.05131511444983382	0.1842882885137845	0.3023299400054314	0.2559219919839179	0.09987712081224151	0.0144011835647039	0.01139499056732796	0.01491517443212062	0.1381009377288016	0.01064025570196916	0.01033211202988205	0.01040898191153688	0.1314754765701726	0.01593840824445896	0.01203723365748559	0.1121379425825741	0.07110769504824281	0.0342982457530347	0.2058640396935684	0.3287765463710944	0.07714889225383476	0.1662146629085904	0.01325808866544228	0.2824868578329646	0.01111958014961664	0.2321097375491896	0.1198264258999127	0.2706001143008496	0.01007582802282207	0.1137477853296947	0.3570638839852003	0.01104933056439547	0.01044511812221024	0.01021595472608039	0.01038396005054919	0.09930698091770759	0.206654733378276	0.01375970346115446	0.01219846169346354	0.02600563641750938	0.07635545222873773	0.1609593367914093	0.3297344077892898	0.2772211579031694	0.1016757072513566	0.01409119577873888	0.01159882547573878	0.006755114435556241	0.1699438159563227	0.01081598290005928	0.0104380491591324	0.01060441512981457	0.1491551840781523	0.01529867717738934	0.01218726176616083	0.1144120124404752	0.07358239619100701	0.03534326721997912	0.2117489148445387	0.3323616528077257	0.06259741307825457	0.169305881957668	0.0140630664731288	0.2821893281535548	0.01199679481127637	0.2610842828943473	0.03947610414527655	0.2626470010271568	0.01009786436457631	0.1220581442732949	0.3769588722640445	0.0110040942245657	0.01084653662675139	0.01042941136288784	0.0107636868682377	0	0	0	0	0	0	0	0	0	0	0	0	-0.1796056095577248	-0.3113322039647328	0.1921852431719684	-0.1461211983823703	-0.06948965761728135	0.3502820109603458	0	0	-26.67722530944645	-14.48461859569617	13.37815117139244	-4.235348433156338	-9.361194320536013	-0.09517800074491127	55.35224780874295	29.28953131962444	-6.928848155644361	52.08715803717507	-8.607079766403979	34.40905188000011	10.37555721508559	10.37555734804247	81.39306820759053	81.39307050412472	32.98511917554185	57.74098903318222	14.29995413138468	-22.09368485854699	0	0
16.01252442079591	-0.05539517184322889	0.1044148012487587	0.02207930459637412	2.396112891289063	1.041701471603673	0.9751671840175117	-0.1185615222861137	-0.1158994944262221	-0.07989122275328449	0.3883697488927937	0.1557579542347808	-0.06069445073601378	0.9441096244825588	0.9441096241876454	0.3523870318967683	0.3523870304083107	-0.4223343753178918	0.08721571109646745	-0.2786308015108505	-0.1318107648632951	0.9926385871876313	1.047229339936856	0.8069084559810036	-0.3049987138972731	-0.7487600286368615	-0.1006391782596998	2.608016121433491	-0.6410782428874473	2.22382024195833	0.6474912497760902	1.424845416144807	0.4983511902752449	9.188038878274323	9.188038877280022	7.167536205807878	7.167536257655559	0.9579250928999314	-0.1361879076339394	-1.647930453606129	-3.294827781604179	0.1116265939433899	0.2382040576924635	0.01292654303816223	0.01179957218538421	0.0225248407470441	0.05974171314138417	0.1700628737392924	0.3033272646821469	0.262358097934018	0.09908272598409702	0.01373762494420403	0.01137168104564654	0.01591429878807615	0.1555681877000679	0.01064977861283784	0.01034909878459421	0.01046632463020081	0.1420887078067258	0.01472550563033234	0.0118016644975147	0.1132567511322574	0.06767708332637673	0.03123465981632572	0.2017347619960289	0.322837104901092	0.07799761763522674	0.1661933837898268	0.01301020676127075	0.2750488780381328	0.01180928377669032	0.2342591794763359	0.08143270895723742	0.2625780222837912	0.01009652299171355	0.1128071906017055	0.3687738196646093	0.01088101987796731	0.01064485297588702	0.01027270489925533	0.01051814316921867	0.111633497782312	0.2189233327138511	0.01316352706497003	0.01204524033992824	0.02389467259345003	0.05820496452124914	0.1486611948435324	0.2827965365497406	0.2647811846824342	0.09556825983029217	0.01261399654626984	0.01115755900632426	0.02462382542687698	0.1766822726307379	0.01052615987656551	0.01029770115301844	0.01042498904401836	0.1559104008576143	0.01272042810115152	0.01119296892546541	0.1142494473045755	0.05747129486384511	0.0237019832389498	0.1842300543665241	0.2990226653478466	0.09205704773159315	0.1635051394900546	0.01183985758369499	0.2506424805804922	0.01251641682935248	0.2158896751411295	0.05031695338069233	0.2432250755547667	0.0101210902903539	0.1033546064983352	0.3935511031293842	0.01057143718159577	0.01072855875558367	0.01021542257472213	0.01048463071656032	0	0	0	0	0	0	0	0	0	0	0	0	-0.1803342845340756	-0.3758713485843155	0.2385051491214153	-0.2235854668934769	-0.1403315578183244	0.4766658426108452	0	0	-30.85667708389916	-15.9057925805313	10.42331292919595	-3.620406521612509	-8.113104716526237	-0.001289189691784389	56.84403593449027	21.32923022130296	-24.57990143319016	46.37458052924906	-11.24580037563786	26.40129171820968	-0.9737005886755917	-0.973699852670706	51.18790595904097	51.18790721775557	29.27247631357514	87.86107649107591	16.50779846978274	9.030201392660482	0	0
16.0210577455959	-0.04806965184562725	0.1127689893562586	0.02930020035573257	2.393387020456085	1.035037479689793	0.9743110867556318	-0.09424961923808617	-0.1207013854424223	-0.06196206164898899	0.3954631689237241	0.1674781928155213	-0.055619463473718	1.022329589850138	1.022329589580979	0.415042570503294	0.4150425694900595	-0.4131489290087056	0.08954192730744283	-0.2921159733502677	-0.1592159541163921	0.7228329693113513	0.9108425065122958	0.8800512556120043	-0.3328355205489424	-0.8104680053752393	-0.09962764624845669	3.087508892572327	-0.4970322538875532	1.963056790921765	0.9991354799054267	1.318718484401222	0.6738656364704815	9.126937820826365	9.126937828673151	7.473940415255177	7.473940473314189	1.188227500666738	0.7113900672376869	-1.517265765428544	-3.084296041175802	0.1152537630266162	0.2327171587637577	0.01284853065270106	0.01188405798148609	0.02255141777725124	0.05297218972446213	0.1565578547654556	0.2834941277429199	0.2603445138777102	0.09544617562411277	0.01257720850593503	0.01109276521372451	0.02703140718968679	0.1674002281175566	0.01047605551371137	0.01026973024869928	0.01037869460513951	0.1506361205948557	0.01267823775496157	0.0111022226105748	0.1137028545246927	0.05708475871960974	0.02304498584532157	0.1864465456688744	0.3051557479812235	0.09434493359979938	0.163333574200882	0.01155641058023228	0.2568434127752818	0.01239428777753222	0.2145329824153708	0.06824543910216664	0.249387137534741	0.01011876824970823	0.1024899013415515	0.3823943745887462	0.0105508472359218	0.01065006979088713	0.01016360932639854	0.01039928210088161	0.1239600146469165	0.2311919320494263	0.0125673506687856	0.01189201898639294	0.02178370876939067	0.04005447681376055	0.1363630528956555	0.2358586653101913	0.2523412114616991	0.08946081240922779	0.01113679731380079	0.01071629253690974	0.04249253641819772	0.1834207293051529	0.01023633685307173	0.01015735314690449	0.01024556295822215	0.1626656176370763	0.01014217902491369	0.01019867608476999	0.1140868821686758	0.0413601935366832	0.01206069925792048	0.1567111938885095	0.2656836778879675	0.1215166823849317	0.1577043970224412	0.009616648694261187	0.2190956330074296	0.01303603884742858	0.1706950673879117	0.06115780261610812	0.2238031500823768	0.01014431621613148	0.08465106872337541	0.410143333994724	0.01013878013862583	0.01061058088441595	0.01000143378655643	0.01020557456488295	0	0	0	0	0	0	0	0	0	0	0	0	-0.1810629595104264	-0.4404104932038982	0.2848250550708623	-0.3010497354045834	-0.2111734580193674	0.6030496742613446	0	0	-31.88168867593616	-15.87710629997421	6.60523676253314	-2.888198208961902	-6.253697798298473	0.2661325267439029	55.03785892079627	12.45547356393396	-35.3178270195729	35.2174595747537	-13.62064293374453	14.34178660508705	-13.51439383609357	-13.51439253100421	20.67082033301537	20.6708205597506	24.57671243618386	108.8845736174685	13.29411638226019	39.87016741766654	0	0
16.0295910703959	-0.04304873344684224	0.1199717641399363	0.0369991261119775	2.390451290703367	1.027921295026548	0.9734752277794372	-0.06594646640241643	-0.1245901918500781	-0.04656125898797155	0.4050947695100025	0.1782061819363232	-0.04950411583280689	1.099560752711917	1.099560752561496	0.4792085273545562	0.4792085268345781	-0.4021772528952146	0.09971740295484033	-0.3046576365344575	-0.1837477455590499	0.4564673177398502	0.7784815556956387	0.9182566675777922	-0.3540775447938534	-0.8539978287071396	-0.0956968243455793	3.539598353575884	-0.425678834918886	1.64133798398412	1.236234269269205	1.192203998363069	0.7412295445071915	8.955184962177894	8.955184982499992	7.522763404858156	7.522763461276702	1.375777838177661	1.684983043627875	-1.432500136431126	-2.628323120044004	0.1189924589795171	0.2323353466963968	0.01268893905217905	0.01197755720233482	0.02100458101163004	0.04367524149541256	0.1686089380522797	0.2784384670744807	0.2617272267558547	0.09390267846675318	0.01249594839714685	0.01110103357248877	0.03526757350663606	0.1829763378297146	0.01040551210198392	0.01024142192722643	0.01033866857598207	0.1643805447150248	0.01263008382531575	0.01077428482167386	0.115245995991218	0.05150876215359508	0.01794541387272188	0.1835553907129685	0.2903200082959762	0.1054521066282477	0.1632805629228041	0.01068416438966194	0.2426965683224992	0.01296050628138059	0.2077373214195986	0.06228763843039226	0.2566854094268463	0.01012952031778964	0.0946673384340871	0.3958333956061488	0.01053825405634623	0.01078586729419524	0.03501249309106663	0.01282724751498333	0.1214434889395451	0.2324466911091942	0.01258742833705379	0.01216376124003754	0.01835262513531915	0.03327728084987014	0.2196385164567834	0.302318421851298	0.2730848877665004	0.09502823043839279	0.01350152047621801	0.01142478995940122	0.04038410387206219	0.2143492598579942	0.01045573821873012	0.01027478749766389	0.010364834377718	0.1927967575351875	0.01459370480337546	0.01083493828200902	0.1189415578513546	0.05162352851135405	0.01610946431692194	0.2001476632659674	0.2741585531774812	0.1106391146135537	0.1678944947703095	0.01046637988435332	0.2297080702048504	0.01360795189070733	0.2240879999821615	0.05415776303694822	0.301878257238737	0.01013079831857668	0.08977963108981572	0.4209687467301356	0.01084805613505761	0.01109745769943116	0.08846096236933317	0.01799830267043756	0	0	0	0	0	0	0	0	0	0	0	0	-0.1678688751919876	-0.4879233359483212	0.3216082359916052	-0.3872307217234305	-0.2640299468982729	0.6972870784920328	0	0	-30.11566317435136	-15.06119669806918	2.302139574789774	-2.08053960209054	-3.871154712552058	0.6726125481788426	50.50974026914734	4.549326854202712	-38.9778310590962	19.74546852803434	-16.04727866585221	1.600739708865523	-26.82993217289023	-26.82993063359071	-8.986742035927669	-8.98674260499685	19.3213027231469	116.94353373267	6.085975991560025	65.84185964405202	0	0
16.0381243951959	-0.04020633849205248	0.1260795544295382	0.04486516136897359	2.387364354048883	1.020525619899118	0.972688694243689	-0.03397895316645361	-0.128134682885421	-0.03396339801106939	0.4161466488654004	0.1877654478441164	-0.04325852727886967	1.174836398704459	1.174836398781402	0.5427323747786856	0.5427323747118762	-0.3897995867476768	0.1183207651949045	-0.3167659666024081	-0.2035369982502742	0.2156179769138031	0.6546221924941481	0.9190908025394501	-0.3682052852282486	-0.8754130315085027	-0.08798672339926952	3.943144457283686	-0.4133132797853836	1.314358973101876	1.327912627781104	1.044764310528784	0.7075396945135889	8.668183513931766	8.668183546436534	7.326320882571229	7.326320931552636	1.517536007670371	2.666266701795603	-1.417992875099566	-1.984839870931618	0.1194657675621013	0.2327032373135488	0.01263815532344372	0.0121795385529571	0.01831434479988672	0.0357072918887551	0.2143505245274745	0.3043908761041955	0.2716907013510895	0.0961679423528205	0.01390539662752718	0.01153747836775268	0.03733372619463887	0.2055775852101949	0.01051247207947571	0.01030237003233155	0.01039617336119869	0.1858471320524355	0.01532002620309905	0.01103601313923273	0.1185106331994212	0.05491630080603147	0.01832902035864767	0.2026658045089201	0.2854729776240931	0.1047709100327855	0.168248596923937	0.01086424654638046	0.2396101369881574	0.01353025842414185	0.2287672391751119	0.05568799824682961	0.2950270136805677	0.01012540347691474	0.09371668393472339	0.4081130891123861	0.01096747192357783	0.01113639238651572	0.08899271803628747	0.01849692565822469	0.1189269632321737	0.2337014501689621	0.01260750600532198	0.01243550349368214	0.01492154150124764	0.02650008488597973	0.3029139800179113	0.3687781783924048	0.2938285640713018	0.1005956484675578	0.01586624363863523	0.01213328738189269	0.03827567132592667	0.2452777904108356	0.0106751395843885	0.01039222184842328	0.01048410579721386	0.2229278974332988	0.01904523058183723	0.01147120047924806	0.1237962335340333	0.06188686348602491	0.02015822937592341	0.2435841326434252	0.282633428466995	0.09976154684217568	0.1780845925181778	0.01131611107444545	0.2403205074022712	0.01417986493398608	0.2774809325764114	0.04715772345778832	0.3799533643950973	0.01011728042102187	0.09490819345625603	0.4317941594655472	0.01155733213148939	0.01158433451444637	0.1669204909521099	0.02579103077599217	0	0	0	0	0	0	0	0	0	0	0	0	-0.1546747908735487	-0.5354361786927441	0.3583914169123481	-0.4734117080422777	-0.3168864357771783	0.7915244827227208	0	0	-25.97680050888597	-13.94860479404975	-2.091293313309737	-1.223844822180775	-1.094904636580118	1.135115983468641	43.73070675695529	-1.246437383607443	-36.85568681618967	1.393378608246911	-18.49385764846923	-8.946522510350274	-40.44822363132073	-40.44822241589776	-36.62410931048411	-36.62411044969224	13.91070812247397	110.6980742315983	-2.72684657379114	83.35274710281132	0	0
16.04665771999589	-0.03924419004711905	0.1311716427739306	0.0525803910227814	2.384188520922601	1.013051650178617	0.971984508077722	0.001161755971145825	-0.1317546256358217	-0.02402688884801451	0.4272924276240352	0.1959795743993849	-0.03764023592330731	1.247167537546843	1.247167537936232	0.6036081806470499	0.6036081809519216	-0.3764074794238379	0.1449060208115813	-0.3290660878977177	-0.217319510798361	0.01842955039449267	0.5404333373815503	0.88325187035847	-0.3748605498732869	-0.8720129510643928	-0.07646848348264834	4.280702589365836	-0.4397999759870486	1.02282716751406	1.256474627961343	0.8772990204092265	0.5998047831373667	8.265258193287201	8.265258232758516	6.906534411971894	6.906534449640787	1.613888808258905	3.537365415003533	-1.475882408142908	-1.235112152087341	0.1144267309944122	0.2246260907523686	0.0124898599284232	0.01212252215468674	0.01660039627167474	0.03206567714578481	0.2624720928678765	0.337537391714322	0.2861710238462973	0.103552483208102	0.01461681209877748	0.01166521631753509	0.03553273027803661	0.2301766901896742	0.01056529107929056	0.01033220269553931	0.0104224890225141	0.2060167101908272	0.01682478881013854	0.01118787269738151	0.1213986613806642	0.06076160515933346	0.02067903565764635	0.2268953347036888	0.2839573535367202	0.1064269131057111	0.1697235624099041	0.01104188439497222	0.2411119235817425	0.02719767152214492	0.2581689666798108	0.05330274524813165	0.3368436268578288	0.0101071802352567	0.09759736061811991	0.4161161421249692	0.0111615236173912	0.01256601213609272	0.136385668223607	0.05650055778961456	0.1017071677554609	0.1985577026708999	0.01220844981625323	0.01179608747971946	0.01577758247468965	0.03163747989190315	0.3374378329152964	0.3960613962930338	0.3149863950419914	0.1185486207953088	0.01449238904361409	0.01144279727460056	0.03080220847612061	0.2716279524408343	0.01054136309640665	0.01032031681100182	0.01040494836060329	0.2343148212687583	0.01691616490949718	0.01114578894303233	0.1245481777356635	0.0685227460774271	0.0241349246465835	0.2658475366467864	0.2813573194316003	0.1148499331096984	0.1655584538158054	0.01103924879322313	0.2452536685591121	0.05567172234704398	0.3094875949883996	0.05485038156960143	0.4065635059459157	0.01007635447012716	0.1063435374787264	0.4253110085996751	0.01108027965841272	0.01515221445933856	0.1929854017070561	0.1354593493092828	0	0	0	0	0	0	0	0	0	0	0	0	-0.1370255615402849	-0.5738949478438301	0.3935652389443433	-0.5388809762328421	-0.351124792091049	0.8469353205854686	0	0	-19.98075363018516	-12.82862628148117	-6.247553457379441	-0.3303850381046219	1.916736103757283	1.547318279837553	35.11478819750672	-4.546130942444714	-31.04747052457608	-18.19957829212092	-20.68510516389513	-15.58109008449602	-53.93219868722363	-53.93219834991935	-61.16648155976331	-61.16648302183778	8.747133809187806	91.57157078431426	-10.4431720073206	90.6197080875107	0	0
16.05519104479589	-0.0397298161850042	0.135328688024242	0.05984341742849688	2.380988820078073	1.005717614761291	0.9713921041663213	0.0388512117873214	-0.1356912864263757	-0.01634227144608393	0.4371160249528951	0.2026909397757547	-0.03313022105239936	1.315574542103302	1.315574542827512	0.660054217366283	0.6600542179385991	-0.3623744542998337	0.1781033207618681	-0.3421055740529695	-0.2245642530488384	-0.122031645477672	0.4352638401744441	0.8137384777488719	-0.3737548456506801	-0.8425313072437675	-0.06199414055166463	4.538587691282818	-0.4841975698735319	0.7886818809355441	1.018743997120836	0.6933617353433871	0.4538973985003276	7.749183190327148	7.749183227571531	6.293757635373303	6.293757660446097	1.668681094214197	4.202907868133661	-1.586382947694208	-0.4667470754541567	0.1029320457436384	0.2038445295249672	0.01218920906365994	0.01171008237598233	0.01644192634146448	0.03358026523772551	0.3026543322172217	0.3674827336966158	0.3033742873766378	0.1164069062224814	0.01405873558148448	0.01129266615048754	0.030380701415574	0.2550000694694697	0.01050391759445892	0.0102997424105285	0.01038425260644366	0.2216903849044668	0.01612258347653021	0.01104801534770362	0.1231712615355717	0.06699670044090188	0.02399423713375609	0.249673631685146	0.2825445893225461	0.1151218430781688	0.1643351424235773	0.01094185907684284	0.2441661022103689	0.05666591146086554	0.2879691826186802	0.05663784093515777	0.3711212839709803	0.01007504711657286	0.1054672557030152	0.418297130031238	0.01094493660762636	0.01529379113125101	0.1704539295528031	0.130925879422879	0.08448737227874815	0.1634139551728377	0.01180939362718448	0.01115667146575678	0.01663362344813168	0.03677487489782658	0.3719616858126816	0.4233446141936629	0.3361442260126811	0.1365015931230599	0.01311853444859295	0.01075230716730844	0.02332874562631454	0.297978114470833	0.01040758660842479	0.01024841177358037	0.01032579092399271	0.2457017451042179	0.01478709923715713	0.0108203774068166	0.1253001219372936	0.07515862866882929	0.02811161991724359	0.2881109406501476	0.2800812103962056	0.1299383193772212	0.153032315113433	0.01076238651200081	0.2501868297159531	0.09716357976010187	0.3414942574003878	0.06254303968141454	0.4331736474967341	0.01003542851923244	0.1177788815011968	0.418827857733803	0.01060322718533606	0.01872009440423076	0.2190503124620022	0.2451276678425734	0	0	0	0	0	0	0	0	0	0	0	0	-0.119376332207021	-0.6123537169949161	0.4287390609763385	-0.6043502444234066	-0.3853631484049196	0.9023461584482163	0	0	-12.8119298634516	-11.85386922942703	-9.961269239271978	0.5942781443392113	4.987744204466673	1.8151814103411	25.15236302879134	-5.496160962574994	-23.7469913093752	-37.2880398129676	-22.31168299693962	-17.93920909599848	-66.91112068616016	-66.91112157855228	-81.73068388471563	-81.73068530315493	4.236969862307905	63.28611941768574	-14.73071329086662	87.93418404148242	0	0
16.06372436959589	-0.04114649633334841	0.1386210252645232	0.06638422088661462	2.377832537181358	0.998746030351562	0.9709306799891725	0.07836801793737649	-0.1400161221188171	-0.01038865176797778	0.4442379021861759	0.2077820306327951	-0.02990501784617283	1.379114241154423	1.379114242148626	0.7105766549722706	0.7105766557116249	-0.3480266080310828	0.2158838929164655	-0.3561877469200146	-0.2254540196381011	-0.1993482689955815	0.3374062249248295	0.714710665750473	-0.364651182714061	-0.7872373383199593	-0.04604790682369941	4.708011995798695	-0.5279548511967609	0.6167353842949885	0.6264097938318106	0.4985691229378781	0.3036816161351456	7.125653424866026	7.125653449186833	5.524695477288196	5.524695492088558	1.689146777978592	4.605697638442563	-1.71329033601553	0.2430948815609797	0.0960418406097983	0.1888852715762173	0.01203254332932716	0.01146224039483107	0.01664360055773884	0.03562108060210015	0.3229197214107479	0.3776988303908123	0.3086671161208006	0.1223447529753851	0.01362407874378565	0.01108943788015177	0.02672301715094061	0.2669177626577323	0.01054718568882256	0.01030287541028657	0.01036908291754279	0.2340481152574831	0.02354019256767405	0.0115421850753932	0.1226661952870131	0.07300573734809823	0.0301359115629964	0.2587197398269482	0.2756838511574937	0.1130016089247861	0.1655465367576602	0.01173041965885911	0.2420560095941656	0.07887134391713131	0.2993239383080925	0.05872525677679857	0.385047959776698	0.0100631449337753	0.1093142104513563	0.4178016417330552	0.01079431153996141	0.01599973340302975	0.1870196246478182	0.1832278484237543	0.09396437996913914	0.1785462068283258	0.01201788089271857	0.01140186493056233	0.01690470023814733	0.03745518076319687	0.3318085007264397	0.3656341084002111	0.2981365769431556	0.120932480316629	0.01348889346674838	0.0111110678782411	0.02460571651140129	0.2682611608740101	0.01071460665182789	0.01035112386330112	0.01038549946157769	0.251873679757452	0.04031210300612845	0.01274577418773705	0.1195399753531182	0.08051435486447162	0.03997603368832367	0.2544790477648984	0.2550624749449831	0.09492260795365653	0.1785284483814542	0.01350145463036366	0.2301596167880781	0.09744353136215045	0.2907688979909247	0.05865665800411893	0.3812206114578642	0.01007096834317554	0.1088265666331086	0.4154734501117756	0.01076268765282793	0.01466572253964782	0.1933050228081485	0.2307256774144869	0	0	0	0	0	0	0	0	0	0	0	0	-0.1040568965342203	-0.6367350657021299	0.4543590825718509	-0.6287736294059213	-0.4129273939452958	0.928900007383148	0	0	-5.336175176946142	-11.13324605335158	-13.1633349105552	1.542164198259257	7.936655541582889	1.888713312116736	14.50551576573145	-4.460116236209194	-16.70806087304258	-54.16532808288694	-23.22355211613649	-16.78874019443951	-79.06712273854704	-79.06712482664514	-97.72664478083215	-97.72664569146244	0.7602332713068777	30.8722020388206	-14.13461221196789	77.36234379704052	0	0
16.07225769439588	-0.04295545592843506	0.1411004113730216	0.07196948476666938	2.374788588103251	0.9923506027236179	0.9706056397927676	0.1189414986622746	-0.1446558360723318	-0.005660062150296066	0.4474377072189493	0.2111859825380426	-0.02788939869947123	1.43690316814273	1.436903169258266	0.7540120202629486	0.7540120211052667	-0.3336152670433949	0.255918771316936	-0.3712668991986163	-0.2207393914689558	-0.2148294648351862	0.2441997959384365	0.5904820966606537	-0.3474185705827187	-0.7079076523221206	-0.03029561358268656	4.786333100125826	-0.555672432029347	0.4996291258053354	0.1046581715156951	0.2988560271320609	0.1734337157374151	6.402914393702038	6.402914396890364	4.639534884640608	4.639534895203508	1.685462859409257	4.732674983411852	-1.812534896935131	0.8400033310291009	0.09783990512490574	0.1880909320876483	0.01209807384635919	0.01151531358937923	0.01688392372914838	0.03685221991952307	0.3171795003522327	0.359896316020572	0.2952592259346294	0.1170772259674773	0.01367941823504171	0.01122990145047092	0.02598460659255555	0.2601837017632411	0.01075181650255349	0.01036696835811605	0.0103997188468455	0.2434493113481662	0.04151740067562066	0.0129090884887133	0.1194412590999558	0.07860444848857949	0.03957039574021046	0.2485282754273285	0.260727227999586	0.09337887826018762	0.178566202364982	0.01370653021940656	0.2317702342027743	0.08843787904266473	0.2835671703278269	0.05742487549502361	0.3719144881403181	0.01008030956312137	0.1063972292355546	0.4161639374035634	0.01083343827806723	0.01381042154039151	0.1829732471514249	0.2007650053910186	0.1034413876595301	0.193678458483814	0.01222636815825266	0.01164705839536787	0.01717577702816299	0.03813548662856718	0.2916553156401979	0.3079236026067592	0.26012892787363	0.1053633675101981	0.01385925248490382	0.01146982858917375	0.02588268739648804	0.2385442072771873	0.011021626695231	0.01045383595302188	0.01044520799916268	0.2580456144106861	0.06583710677509978	0.01467117096865749	0.1137798287689429	0.08587008106011396	0.05184044745940376	0.2208471548796493	0.2300437394937606	0.05990689653009184	0.2040245816494753	0.01624052274872651	0.2101324038602031	0.09772348296419901	0.2400435385814616	0.0547702763268233	0.3292675754189944	0.01010650816711864	0.09987425176502028	0.4121190424897482	0.0109221481203198	0.01061135067506487	0.1675597331542949	0.2163236869864004	0	0	0	0	0	0	0	0	0	0	0	0	-0.08873746086141958	-0.6611164144093438	0.4799791041673633	-0.6531970143884359	-0.4404916394856719	0.9554538563180797	0	0	1.541042511092192	-10.7842081985671	-15.87439803213129	2.495452099259449	10.59569557573037	1.775719580499501	3.916343651361705	-1.787665122540558	-11.02025116065496	-67.43237413000985	-23.49240559475172	-13.50500307610226	-90.12024635329087	-90.12024908807851	-108.9404636134393	-108.9404636672051	-1.382642639740242	-0.5669063801018841	-8.270683780323482	62.02437681311462	0	0
16.08079101919588	-0.04465998494638505	0.1427915404305369	0.07640155716680615	2.371926198897886	0.9867241762762122	0.970409116282124	0.159803915689871	-0.1494173437247305	-0.001745159487937087	0.4457538769347524	0.2128818880654786	-0.02685263258466154	1.488137850553653	1.48813785159689	0.7895424766849134	0.7895424776256967	-0.3192954692108266	0.2959431438472626	-0.3869197663520337	-0.211517410663256	-0.176680448820525	0.1519615902397355	0.4450757018542023	-0.3221343775246797	-0.6075984294706839	-0.01610980126130481	4.776598622162687	-0.5545324414879551	0.4234201675828978	-0.5119860095033952	0.09885553620103132	0.0753481195585861	5.591396622245726	5.591396602456824	3.678497901250008	3.678497914859337	1.669824087389011	4.610360861068765	-1.841105383034393	1.297338487540818	0.09944805962582259	0.1909993605649815	0.01231004978737209	0.01177207629195106	0.01676541369327172	0.03560106874599189	0.3048055301746717	0.3406096061601754	0.2803060370745609	0.1090033932119187	0.01378082499844752	0.0113893628943295	0.0243401433306521	0.2458138985623389	0.01090455272477915	0.01044673690609063	0.01047223539968864	0.2565556423282952	0.05506797749336138	0.01373737318586436	0.1193108974024228	0.08165353494850794	0.04350391748112899	0.2359561313759979	0.2525770314370799	0.08520871231629297	0.1867868404829576	0.01445091501656022	0.2262179525432094	0.09764264769362743	0.2672502347303071	0.0592621497799474	0.3535585554306876	0.01010113323116727	0.1041035330717761	0.4127721111589808	0.01087638192257821	0.02061987555716403	0.1690804678348888	0.2093976214738812	0.09881123015377836	0.1948159552237742	0.01264421329129631	0.01219465964914532	0.01628445309808304	0.03180383988611368	0.2844558421435167	0.3169591896279954	0.2605348024865299	0.09787097753832649	0.01384462293432123	0.01152239397166337	0.02090814906911002	0.2182221985208493	0.01099912719000562	0.0105400025044672	0.01058434204799468	0.2859577595131575	0.06552727218490488	0.01401536746882116	0.1237042518848437	0.0829928174595948	0.04210151953165624	0.2197942623833616	0.2525377807891398	0.09253151996284306	0.1889951427780301	0.01392690675704151	0.2273797888928811	0.1128744462999565	0.2507685350705568	0.06571409781978232	0.3245206650172611	0.0101225737711233	0.103689742495984	0.4035896409771179	0.01089248057727867	0.03752486626773598	0.142016697880959	0.2221341983779616	0	0	0	0	0	0	0	0	0	0	0	0	-0.0806718166661658	-0.6672462036353521	0.4873930966760234	-0.6299668839329681	-0.4700870104928877	0.9608143027391628	0	0	7.154061699939632	-10.92460143609148	-18.1318442186267	3.423002805572061	12.83664878677627	1.534554414027003	-6.069428254782739	2.269938607217887	-7.157603948512858	-76.34859466921228	-23.33284554194347	-9.450244140989573	-99.84137989707435	-99.84138239009198	-115.5780378848258	-115.578037177318	-2.029261183490023	-27.02839640764853	2.254965768095963	45.14884675448903	0	0
16.08932434399587	-0.04585336448963947	0.1436835899975388	0.07951598691851335	2.369312663415363	0.9820294399265781	0.9703240911112743	0.2002297687874489	-0.1540062314682324	0.001637332700077482	0.4385373259196854	0.2128796938406552	-0.02650542227821058	1.532111520161574	1.532111520956313	0.8166813024856424	0.8166813035730035	-0.3051144318760425	0.3340435197380466	-0.4023886121423553	-0.1990011156658194	-0.09732447480684757	0.056078582743007	0.2822903179460021	-0.2891871876136343	-0.490255307291491	-0.004220470321200981	4.685284382886556	-0.513500359571247	0.372228999209913	-1.185801304711438	-0.09891682210862263	0.01150549542373367	4.703269451312725	4.70326941443738	2.678477629021162	2.678477650076435	1.655043604755766	4.291999648215616	-1.764788837563293	1.613635461061074	0.09772272962586269	0.1930551601440251	0.0126479105160833	0.01220661352123389	0.01617941685120849	0.03135614582107587	0.2945488984795509	0.332967887449382	0.2719330193356305	0.1011490456731565	0.01381138813132354	0.0114834074934335	0.02069287081864442	0.2285358605195484	0.01095009589468019	0.01053043562937912	0.01058555958685218	0.2760752467639007	0.06049453777298017	0.01366116868302612	0.1243738983227104	0.08144858535166739	0.03946754899807907	0.2285126434852556	0.2580932507267353	0.09887908094694836	0.1837749217139378	0.01333302406773508	0.2311021206732632	0.109876886812752	0.2627272858256188	0.06620619379134654	0.3406568688528733	0.01011904129416077	0.1050350745041083	0.4073131669226463	0.01087486711752799	0.03922704440456846	0.1491871235130272	0.2166402880507777	0.0941810726480266	0.1959534519637344	0.01306205842433997	0.01274226090292276	0.01539312916800309	0.02547219314366019	0.2772563686468354	0.3259947766492314	0.2609406770994297	0.09037858756645485	0.01382999338373863	0.01157495935415298	0.01593361074173199	0.1979001897645112	0.01097662768478025	0.01062616905591252	0.01072347609682669	0.3138699046156289	0.06521743759470996	0.01335956396898483	0.1336286750007445	0.08011555385907568	0.03236259160390871	0.2187413698870738	0.275031822084519	0.1251561433955943	0.173965703906585	0.01161329076535651	0.244627173925559	0.1280254096357141	0.261493531559652	0.07665791931274135	0.3197737546155278	0.01013863937512796	0.1075052332269476	0.3950602394644875	0.01086281303423754	0.06443838186040708	0.1164736626076231	0.2279447097695227	0	0	0	0	0	0	0	0	0	0	0	0	-0.072606172470912	-0.6733759928613605	0.4948070891846835	-0.6067367534775002	-0.4996823815001036	0.9661747491602457	0	0	11.15172698885645	-11.65303229285977	-19.94425439286417	4.284731064574085	14.57664876634364	1.253093983303673	-15.15824258321954	7.531806067019379	-5.130366497406594	-80.85602940311411	-23.01973548966651	-5.610271254986382	-108.0458000544562	-108.0458014451956	-118.1865174525348	-118.1865165293028	-1.200164630244831	-46.3048243993773	16.01547967453342	29.3333734537081	0	0
16.09785766879587	-0.04624655648394121	0.1437230970805355	0.08118124901704947	2.367010517131051	0.9783927063220513	0.9703306043978138	0.2395596010854624	-0.1580408315632121	0.004636483607506021	0.4254588344459795	0.2112003824162222	-0.02657185878948892	1.568227887376657	1.568227887824484	0.835234334870554	0.8352343361672986	-0.2910129307375595	0.3688186717562192	-0.4166839066621111	-0.1843314578533554	0.008087475067392054	-0.04878464921180312	0.1061671454055323	-0.2492958295516754	-0.3604325624687467	0.005410962744003349	4.521539378331951	-0.423265101005507	0.3312852598929384	-1.879838596150139	-0.294414129333044	-0.02277362480705911	3.752260285274574	3.752260243074855	1.670949428483514	1.670949455793416	1.653016564223697	3.841850000163752	-1.564345515605392	1.806044433234829	0.09837352338984706	0.1960629764832489	0.01269918541828623	0.01236224582786995	0.01558987647915983	0.02743286982819759	0.2867425485447916	0.3329042319342699	0.2705893019557541	0.09879992327793173	0.01362545182559071	0.01144137977763625	0.01768700766006155	0.2134762904033365	0.01088589877451539	0.01052740680880171	0.01060060874415411	0.2928780835930184	0.06422867176722874	0.01319819260151228	0.1315730132212491	0.08364115200833017	0.03668599306460738	0.2250498835220484	0.2672905553538786	0.1113179393346116	0.1825350052468898	0.01225691633086127	0.2407727906334076	0.1241372939972631	0.26486546363598	0.07657191327572888	0.3324592224959726	0.01012064382739349	0.1097900444975485	0.4065439715137121	0.01082335917183011	0.04884646443856023	0.1373353249422388	0.2239123955373825	0.1029753267839327	0.2025338612948935	0.01246736831738979	0.01224679273552942	0.01500276174387349	0.02377454184639963	0.275472995464443	0.3387287279803745	0.2756349970030804	0.1018323067228222	0.01322507097912138	0.01128014233487047	0.01524479748138939	0.1931689460543242	0.01073205936643228	0.01044314879437314	0.01051915211386553	0.3160785529058497	0.06904753638746691	0.0124845335758299	0.142993981887007	0.09011007098919491	0.03636671765133859	0.2226491395369804	0.2825723759881892	0.1209572705389797	0.1872357076234751	0.01143198458728207	0.2595760542993489	0.1461798864673748	0.2728876522694716	0.09263320340247436	0.3217571855939035	0.01010796955744523	0.1199354561471346	0.4143666419835706	0.01072718763899038	0.04939064742100901	0.132272408486755	0.2366345347932386	0	0	0	0	0	0	0	0	0	0	0	0	-0.06951219173035399	-0.6626903864512695	0.4768802055691569	-0.5463532954274404	-0.5280000097997734	0.9499943247168093	0	0	13.19627061199984	-13.03469364250335	-21.23317203531762	5.045945225361741	15.75172175962301	1.017692045303517	-22.9644190203643	13.74250272546942	-4.713565417017882	-81.11599559692532	-22.84071181012397	-2.58706006103955	-114.5484764997965	-114.5484763330394	-117.4560855857986	-117.4560851588172	0.915936612885468	-57.98606059145951	30.97273190032587	16.3187239316892	0	0
16.10639099359587	-0.04569251126039442	0.1428096870914584	0.08130491829251715	2.365075067489583	0.975899291521849	0.9704118238981257	0.277227496036445	-0.1610719594532406	0.007283911715379857	0.406497677491772	0.2078564068632235	-0.02683219132158715	1.596014340396598	1.596014340508276	0.8452503437194846	0.8452503452533018	-0.2768389932781071	0.3994105308171964	-0.4287305351417821	-0.1684530761552069	0.1215015142115546	-0.1681335460826418	-0.07794684535717608	-0.203414876755486	-0.2231500082168885	0.01342691221328595	4.298150855301256	-0.2776739342435849	0.2877984971148653	-2.558951412709261	-0.4893932243955335	-0.0351941223551174	2.753569589970335	2.753569555301227	0.6813245923311017	0.6813246190950225	1.673355759234501	3.320636932075941	-1.239316591805943	1.901639334803042	0.1033522394210267	0.2007511849025141	0.01235620060017684	0.01212013693661731	0.01512116384273603	0.0248122552713288	0.2815210291105135	0.3382189453579854	0.2763149889652814	0.1037762699979189	0.01318430744002127	0.01124479397132067	0.0160686436469548	0.203036282544287	0.01071127456231848	0.01041414963004702	0.01048133282479462	0.3031490907622861	0.06799591476075331	0.01248320984096228	0.1398091641525042	0.09005484635235204	0.0378608819476044	0.2249723366144442	0.275683825315494	0.1148540190473243	0.188252393716978	0.0117252784324174	0.2527387426597361	0.1401255466279185	0.2710995174865903	0.08983610127547074	0.3285102190052331	0.01010247465309264	0.1185208533406617	0.4138220088110458	0.01072038257583515	0.04410113952860822	0.1393253700422498	0.2317850105689629	0.1117695809198387	0.2091142706260526	0.01187267821043961	0.01175132456813609	0.01461239431974389	0.02207689054913909	0.2736896222820507	0.3514626793115175	0.2903293169067311	0.1132860258791896	0.01262014857450413	0.01098532531558795	0.01455598422104679	0.1884377023441371	0.01048749104808431	0.01026012853283376	0.01031482813090437	0.3182872011960706	0.07287763518022383	0.01160950318267497	0.1523592887732696	0.1001045881193142	0.04037084369876845	0.2265569091868871	0.2901129298918593	0.1167583976823651	0.2005057113403651	0.01125067840920762	0.2745249346731387	0.1643343632990356	0.2842817729792911	0.1086084874922074	0.3237406165722791	0.0100772997397625	0.1323656790673216	0.4336730445026539	0.01059156224374321	0.03434291298161093	0.1480711543658869	0.2453243598169544	0	0	0	0	0	0	0	0	0	0	0	0	-0.06641821098979597	-0.6520047800411786	0.4589533219536303	-0.4859698373773805	-0.5563176380994432	0.933813900273373	0	0	13.01371378344158	-15.02573559455689	-21.76452733770553	5.686146307650175	16.32321764162359	0.8784181231389033	-29.10658398384495	20.39646030136484	-5.702051705040253	-77.44983355243919	-22.87827260631406	-0.4312300234212039	-119.2080067021339	-119.2080051987438	-114.1153841516864	-114.1153847633187	3.966798310052752	-63.2966975735859	44.83740323095499	6.583254375616023	0	0
16.11492431839586	-0.04420322161485205	0.1407998361306869	0.07985047952692555	2.363552868344553	0.9745909691595321	0.9705575913533543	0.3127854388047107	-0.1626197985588058	0.009508295929629295	0.3819156371262698	0.202847123873987	-0.02712520315543842	1.615131537566724	1.615131537446921	0.8469680273134765	0.8469680290395422	-0.2623739076369148	0.4254160363510266	-0.43753169310714	-0.1520819407851106	0.2244002416283633	-0.3062952116293716	-0.2621289831948825	-0.1526275768541344	-0.08350018054468161	0.02067469932857743	4.029236268498496	-0.0760750618956622	0.2303035126191652	-3.192831648059674	-0.6845643154421731	-0.03073005402872489	1.723018083412648	1.723018064647467	-0.2713190710384514	-0.2713190543001065	1.721782435689829	2.772226915188774	-0.8082284606340662	1.924642465035552	0.107854686089691	0.2050834568001135	0.01209233394828133	0.01184565822372584	0.01512616421069518	0.02689153435562513	0.2784631815888512	0.3467126859961733	0.2850726278961937	0.1100185874412976	0.01295639756043495	0.0111147741952003	0.01471766148592808	0.1940045915254996	0.01060262818104778	0.01034585535322941	0.01041653055705676	0.3031078974433096	0.06915275520059415	0.01205869908255332	0.1435292791698738	0.09512278102658547	0.04068444172878127	0.2269809676500896	0.2821597820942437	0.1165422631173393	0.1957037819619295	0.01156787868133108	0.2658241618387989	0.1581217774044238	0.2798354753959132	0.1113560991876501	0.3256912411867622	0.01008843946280206	0.1282619976002356	0.4239410570598284	0.01066252232582168	0.03902504066155687	0.1489647673706758	0.2391047185058972	0.1123122998254003	0.2109679247562324	0.01194169261042108	0.01158001207551561	0.01555228037191084	0.03358494929247522	0.2750785346406336	0.3651983390140679	0.3020220689761481	0.118054682054669	0.01294426153081297	0.01105833893229007	0.01313794182658987	0.1794451459728387	0.01056147422621024	0.01033094280661642	0.01041895084459685	0.2897945036115578	0.06783341560061645	0.011893977430474	0.1430593765826284	0.09934602938226691	0.04487477912093617	0.2318602480089937	0.291131965821135	0.1193468305463937	0.2073130972693236	0.01163000066783697	0.2893948860332886	0.1874467694433244	0.297271195946357	0.1502852925557018	0.3200118314024419	0.01008011208942783	0.1423787812145219	0.4446021412024033	0.01064841446656396	0.03572854707284219	0.1680494909048563	0.2504768032419222	0	0	0	0	0	0	0	0	0	0	0	0	-0.06206133908528384	-0.6189890115789645	0.4111222024269441	-0.4088457631837004	-0.5730823818039149	0.895335712663012	0	0	10.80843591183339	-17.38800334819471	-21.19126050008993	6.194681306282919	16.31625064085853	0.8337164011757938	-33.69455132353973	26.72858765101242	-7.975851505273398	-70.69161215845878	-22.80255848603712	1.516990063826374	-122.0297856429928	-122.0297835622433	-108.906096758464	-108.9060984544903	7.38512708541237	-64.88867501944935	55.51849293432885	-0.9765291723803138	0	0
16.12345764319586	-0.04193583778698127	0.1375239643763438	0.07686121673333646	2.36248093239945	0.9744676910669112	0.9707644456778109	0.3458968710398188	-0.1622283425992083	0.01114542407371738	0.3521983680700404	0.1961811139085734	-0.0273045849221228	1.625373236235496	1.625373236031178	0.8407632086492324	0.8407632104470283	-0.2473734623333377	0.4466990843525668	-0.4423191228406185	-0.1357788489785594	0.3017677336698444	-0.4648243812334942	-0.4357514498765885	-0.09807584258965173	0.05387641847929885	0.02783309940778617	3.72641292160832	0.1752142226033675	0.1486602536811558	-3.759605631599212	-0.8768391604756307	-0.007872521897020448	0.6758149402947324	0.6758149390221037	-1.173670211972488	-1.173670212772313	1.798264518335377	2.214441656212815	-0.305357764341028	1.88647016616086	0.1102489642392749	0.2082340643006244	0.01203159850786364	0.01163414786135975	0.01569819467897592	0.0345307546370567	0.2773515346376074	0.3573354423048424	0.2950443325804134	0.115439373511975	0.01306502029646003	0.01110892020689925	0.01332279994777542	0.1849049477693537	0.01060576799632238	0.01036275124761473	0.010455160545175	0.290744833191962	0.06684981996990783	0.01206699692096681	0.1406644732928717	0.09703752872594451	0.04446881446589363	0.2304980266004429	0.2862164474247758	0.1186951160482183	0.2027929191908285	0.01173846112326463	0.2795501005414164	0.1782443000948329	0.2903655679409552	0.1426100095775215	0.322480770996095	0.01008472600837361	0.1380220012970132	0.4343262200637538	0.01067487065134148	0.0376807228591278	0.1636126849655133	0.2453923600407457	0.1128550187309618	0.2128215788864122	0.01201070701040254	0.01140869958289514	0.01649216642407779	0.04509300803581136	0.2764674469992166	0.3789339987166182	0.3137148210455651	0.1228233382301485	0.01326837448712181	0.01113135254899219	0.01171989943213295	0.1704525896015402	0.01063545740433617	0.01040175708039908	0.01052307355828932	0.2613018060270451	0.06278919602100906	0.01217845167827304	0.1337594643919872	0.09858747064521968	0.04937871454310391	0.2371635868311004	0.2921510017504108	0.1219352634104224	0.2141204831982821	0.01200932292646633	0.3042648373934386	0.2105591755876131	0.3102606189134228	0.1919620976191962	0.3162830462326046	0.01008292443909317	0.1523918833617222	0.4555312379021526	0.01070526668938472	0.03711418116407344	0.1880278274438257	0.25562924666689	0	0	0	0	0	0	0	0	0	0	0	0	-0.05770446718077171	-0.5859732431167505	0.3632910829002579	-0.3317216889900202	-0.5898471255083866	0.8568575250526511	0	0	7.125139522503511	-19.72634174481561	-19.27482889590895	6.5687306936093	15.80397513986578	0.8517316563656714	-37.10750099200235	31.91507489795696	-11.29784700075805	-61.87552201257814	-22.13614055055736	3.930032537522032	-123.1341725289993	-123.1341706013833	-102.3932498855261	-102.3932521927169	10.40438210236326	-66.0265295920362	61.45954628112734	-7.965640909107965	0	0
16.13199096799585	-0.03915531912744129	0.1328145071816256	0.07247584048880898	2.361886530462666	0.9754926338866521	0.9710335432296682	0.3763122169680196	-0.159523747602711	0.01195690808971745	0.3179835239211617	0.187907788172126	-0.02719673913246086	1.626658210886732	1.626658210736147	0.8271090993448437	0.8271091010505565	-0.2316227450714439	0.4631599484547084	-0.4426650654251407	-0.1200555918974644	0.3433299971420263	-0.6416278672835064	-0.5876217927202401	-0.04088953015678255	0.185007803151816	0.03531607865751097	3.398753650594065	0.4635418284955218	0.03611228088919653	-4.245049422913226	-1.060225709578025	0.03677923256460938	-0.3739619051763332	-0.3739618920439605	-2.015650544800031	-2.015650565489125	1.895915963590328	1.638738937119628	0.2248562211662262	1.788866422060795	0.1082284334890104	0.2086563313124507	0.01190884940434575	0.01143099143673407	0.01549567026993646	0.03912760848902049	0.2730866814261914	0.3673365533934105	0.3043952343705854	0.1196030288667821	0.01340020156528348	0.01119777630592875	0.01250157587912172	0.1749606522379722	0.01074618432332085	0.010439537723828	0.01050521650790528	0.2663748703008722	0.05720299170500662	0.01242038555736361	0.1315381718717494	0.09393847068119648	0.04566415975846802	0.2329229059190686	0.2876375299571921	0.121443152122705	0.208141040791735	0.01318787743873464	0.2929614760833728	0.195359165632729	0.2993445696000324	0.1786135002159516	0.3169387169670805	0.01008476091280474	0.1457434013580801	0.4415391679563379	0.01076168251425834	0.03514907480601036	0.1839814650210805	0.2405480346232824	0.1008281691820328	0.2060069973860438	0.01167260686217579	0.01119588372899193	0.01442555817561534	0.04052684050005761	0.2597741182789136	0.3844571526221777	0.3198862793127982	0.1242894324730302	0.01392831477190418	0.01136249051327756	0.01210751580716151	0.1583218291319871	0.01101093683928141	0.01056564868059379	0.01055283058341259	0.2110017464373727	0.03805883261755032	0.01305940729368095	0.1126679760892113	0.08486517514670305	0.04429017936470044	0.234783673957566	0.2872516878117465	0.1259462227854929	0.2145953107155916	0.01596413911614038	0.3163381605453914	0.2180125589423605	0.3123604402458192	0.238243620399862	0.3031447752392531	0.01008630028035367	0.1546947826709692	0.4504179884837666	0.0109155315806433	0.03005130823916147	0.2219233145513819	0.2162924240275452	0	0	0	0	0	0	0	0	0	0	0	0	-0.0476724244677089	-0.528232553393417	0.2956042700384803	-0.2575618615021119	-0.5891512516004037	0.8029775087993715	0	0	2.502423745591425	-21.59821194263666	-16.15580110347936	6.813328421230477	14.86512365556825	0.9075354703064977	-39.523884240682	35.33156182905029	-15.09316357611525	-51.71669495640648	-20.73727428173405	6.455185404279213	-122.6530852928162	-122.6530838783843	-94.75061693347055	-94.75061917726391	12.22408969770103	-69.45371460035851	61.86840125724184	-14.83942236545289	0	0
16.14052429279585	-0.03619499559908312	0.1265376967588022	0.06691802119658818	2.361787504699867	0.9775978917835212	0.9713689225134924	0.4038554543003172	-0.1542591314798665	0.01167157730016111	0.2800083252277966	0.1781272497736274	-0.02662693716665111	1.619020777795764	1.61902077780109	0.806563340437403	0.8065633418911341	-0.2149927840506142	0.4745398879359867	-0.4385390438604655	-0.1054061964760709	0.3433502451340377	-0.8309149032213577	-0.7096155141560471	0.01785085228993422	0.3065774282890768	0.04341396372218482	3.05464313711328	0.772242733474783	-0.1078877499569904	-4.639644777409364	-1.229429792098637	0.09849778566707115	-1.413293143788721	-1.413293121307321	-2.787055759540114	-2.787055797007536	2.001807539635964	1.018160952485448	0.7350343983587695	1.636369122468501	0.1009006152838811	0.2056831067097328	0.01165460365628702	0.01122189918657969	0.0141606462099664	0.03834660895993496	0.2632953118459775	0.3754358861657525	0.3123156988769503	0.1223475480100794	0.01393288892712089	0.01137362984217001	0.01241710160809164	0.1638352694053591	0.01103040263032355	0.01056964534788734	0.01054284796557282	0.2297251378851498	0.03870047590865141	0.01309532895175457	0.1161156064830418	0.08507701492332091	0.0432231502179674	0.2331452979734119	0.2863000516040107	0.1248329946813242	0.2111811419304673	0.01615636696723219	0.305652621187426	0.2076155437811814	0.3052971505181228	0.2180872390383169	0.3081241326652853	0.01008684272565649	0.1506824331225884	0.4438680008753649	0.01092403322435449	0.02993396304051086	0.2103081131774573	0.2198304665199257	0.08880131963310374	0.1991924158856754	0.01133450671394904	0.01098306787508872	0.01235894992715288	0.03596067296430387	0.2430807895586106	0.3899803065277372	0.3260577375800313	0.125755526715912	0.01458825505668655	0.01159362847756293	0.01249513218219007	0.1461910686624339	0.01138641627422664	0.01072954028078849	0.01058258760853587	0.1607016868477003	0.01332846921409158	0.01394036290908886	0.09157648778643543	0.07114287964818641	0.03920164418629698	0.2324037610840316	0.2823523738730823	0.1299571821605635	0.2150701382329011	0.01991895530581444	0.3284114836973443	0.2254659422971079	0.3144602615782157	0.2845251431805278	0.2900065042459015	0.01008967612161417	0.1569976819802161	0.4453047390653806	0.01112579647190188	0.02298843531424951	0.2558188016589381	0.1769556013882005	0	0	0	0	0	0	0	0	0	0	0	0	-0.0376403817546461	-0.4704918636700835	0.2279174571767028	-0.1834020340142034	-0.5884553776924206	0.7490974925460917	0	0	-2.510971696677487	-22.58607683870506	-12.38656539820686	6.933145704765179	13.57630295785702	0.995659681238777	-40.97198910650086	36.65783894074023	-18.52624535726001	-40.64830762262427	-18.87198741676223	7.64334257711016	-120.7080555421452	-120.7080547783256	-85.80884878387937	-85.80885039870556	12.27269208558836	-76.68192166140453	56.86062474386956	-20.59484837561962	0	0
16.14905761759585	-0.03341582657615721	0.1186238644172154	0.06045799040363731	2.362192555826163	0.9806901561175043	0.971776958516298	0.4284201408396267	-0.1463386810861787	0.01004396990743961	0.2390760514401451	0.1669735818713849	-0.02551824639194031	1.602601543908899	1.602601544125861	0.7797785491962245	0.7797785502820586	-0.1974808772134203	0.4803114257404812	-0.4302995135151708	-0.09224158576445994	0.3012697982596895	-1.023517489305781	-0.7991279374253929	0.07707071991451829	0.4159662598120394	0.05238028029768321	2.701801024109066	1.082841931496152	-0.2769194355571754	-4.937454990314412	-1.381782360212198	0.1589823100593246	-2.430357476964913	-2.430357450744677	-3.475739064408726	-3.475739111872597	2.099896511426642	0.3185557094884546	1.182678266621581	1.444318195051147	0.0910719111454109	0.1973262743073922	0.01154660718469373	0.01113669487318039	0.01333126188955959	0.03576811496453317	0.2469399804191498	0.3771790015758351	0.3138245185088052	0.1223472605324852	0.01407297091443024	0.01141783540442823	0.01241600522785304	0.1509043632857912	0.01116116512514697	0.01065433422009986	0.01061206629198841	0.1812605874904445	0.02632554224912903	0.01358393619101715	0.09953622284616773	0.07605753217268957	0.04111577337852598	0.2279709223730268	0.2813227800011158	0.1199906303027396	0.215991410775405	0.01806677018386757	0.3136745554241611	0.2147543231665882	0.3060561184985326	0.2518269254546311	0.2931128687468212	0.01009079795428896	0.1533101068012823	0.4402343254242267	0.01094578063371721	0.02556669537992295	0.2310375581904353	0.1942656569787994	0.07651201308209611	0.1777702678635101	0.01158466984277797	0.01115576471868074	0.01307911212156839	0.03204569916384287	0.2116097323082986	0.3708032987544403	0.3070557337731539	0.1194740886579075	0.01382873495335091	0.01132960509229041	0.01234992103108738	0.1295527858508516	0.01114025440608991	0.0106982524256038	0.01072206040162589	0.09361462280599157	0.02001893894597722	0.01390677135406974	0.07746821964010715	0.06570452193303668	0.03972390049865702	0.2124300846586545	0.2681508625272021	0.1028639023921859	0.227354532054086	0.01898470014782665	0.3213551875352997	0.221169523039657	0.3006877463489834	0.3003167298923612	0.257846932777675	0.01009661599733718	0.155269511147348	0.4250709765247958	0.01082610833261377	0.02185183261789888	0.2557109877445556	0.1534134835021235	0	0	0	0	0	0	0	0	0	0	0	0	-0.02026344642671753	-0.399296611543734	0.1627723011659743	-0.1259336868137126	-0.5712817797657925	0.6902950152291132	0	0	-7.243293124617154	-22.31807973330892	-8.649253009063802	6.924216942450007	12.02665060952907	1.10814337643462	-41.61874176001925	35.76184922233276	-20.86666905963729	-29.11885892104248	-16.80964347413486	5.966370400835245	-117.4703154066434	-117.4703152709516	-75.33336092797465	-75.33336163809666	10.41290970351993	-87.90779511873491	47.4477345872621	-23.94118897910498	0	0
16.15759094239584	-0.03115805005821979	0.1090943346246894	0.05336473938576299	2.363100951522275	0.984657215658477	0.9722656644312382	0.4499569315687771	-0.1358279800701463	0.006905683501183915	0.1960228745971991	0.1545973149877067	-0.02399671941275631	1.577634691950855	1.577634692390752	0.7475179326824171	0.7475179333485545	-0.1792205027521493	0.4796630013045837	-0.4186214200933259	-0.08080218525942172	0.2225533230207274	-1.20738545871366	-0.8588090593381195	0.1356202670732516	0.5113830391643837	0.0623150457543083	2.345612244908882	1.376094125974678	-0.4599157547180768	-5.136851509382465	-1.51562369856449	0.1902477742502607	-3.415170341650474	-3.415170316203474	-4.068174812392981	-4.06817486201227	2.17495238817529	-0.4908579755442702	1.537105087066949	1.236226263444793	0.07976494528286932	0.1826437500140626	0.01165741582010896	0.01120918284733415	0.01344423185034721	0.03238960206941049	0.2234168927763709	0.3703443028292547	0.306543188924334	0.1190925288354854	0.01366531075022812	0.01127354592874483	0.01232646576663782	0.1358995514215593	0.01106135680945789	0.01066802646928635	0.01072427582916378	0.1205956075212585	0.02507177365983834	0.01375401820409317	0.08390834079974467	0.06890385415454511	0.04052982097622096	0.215920940638451	0.2722648992981845	0.1034208583208569	0.2242370976300357	0.01825198756185758	0.3152111727893538	0.2165265216092039	0.3005559517704551	0.2765810684269059	0.2703903974525021	0.01009658170873002	0.1537635748093237	0.4300253470759918	0.01077081150103591	0.02309825021640348	0.2418682876218555	0.1689763725253858	0.06422270653108847	0.1563481198413449	0.0118348329716069	0.01132846156227277	0.0137992743159839	0.02813072536338188	0.1801386750579866	0.3516262909811433	0.2880537299662765	0.113192650599903	0.01306921485001526	0.01106558170701788	0.0122047098799847	0.1129145030392694	0.01089409253795317	0.0106669645704191	0.0108615331947159	0.02652755876428287	0.02670940867786287	0.01387317979905062	0.06335995149377888	0.06026616421788692	0.04024615681101706	0.1924564082332773	0.253949351181322	0.07577062262380839	0.2396389258752709	0.01805044498983887	0.3142988913732552	0.2168731037822061	0.2869152311197512	0.3161083166041945	0.2256873613094484	0.01010355587306018	0.1535413403144799	0.404837213984211	0.01052642019332566	0.02071522992154826	0.2556031738301732	0.1298713656160466	0	0	0	0	0	0	0	0	0	0	0	0	-0.002886511098788951	-0.3281013594173846	0.09762714515524572	-0.06846533961322185	-0.5541081818391644	0.6314925379121347	0	0	-10.99277063398602	-20.49928880340523	-5.456757528896012	6.773044847495094	10.31882125183009	1.216210888637035	-41.81864509988871	32.59020090842899	-21.78157764825519	-17.67095746095391	-14.49371207454261	0.7883129151444721	-113.1976435173071	-113.1976437938261	-63.25956816826388	-63.25956797646791	6.956479424461313	-102.1666913110924	35.33802326530698	-24.34745881458575	0	0
16.16612426719584	-0.02969196028882858	0.09808252936772117	0.04586945648419418	2.364501549967617	0.9893752849640942	0.972842648912405	0.4684495875399667	-0.1229576385387402	0.002189540447665547	0.151679851011968	0.1411693775579784	-0.02243600109282374	1.544429532648363	1.544429533291767	0.7106596590594766	0.7106596593193535	-0.1604596685716647	0.4715685346485099	-0.4043740054902635	-0.0711199980501053	0.1177531850556631	-1.368489185442473	-0.8944388413586267	0.1921976436913904	0.5918931796735027	0.07300458037798709	1.988582156685871	1.632728545870932	-0.6448134402968889	-5.240471014687759	-1.627388757127877	0.1639470202921623	-4.360161722049628	-4.360161700227621	-4.551272836200882	-4.551272880639515	2.2157682848484	-1.428099171532632	1.783947254021217	1.036122033983915	0.06781336431656548	0.1651396696111311	0.01156956534950621	0.01117431199311669	0.01309439779339488	0.03410057254867903	0.1997075597951631	0.354553486834729	0.2923481818336945	0.1140480541272208	0.0136888461206355	0.0112957137132122	0.0121522433895002	0.117971764734672	0.0110580240890642	0.01062037878818759	0.01065656040057851	0.06802492448499055	0.02310611678982622	0.01383232140468635	0.06422839161347146	0.05646381807781867	0.03664749987805194	0.2018023105270308	0.2496154293369729	0.09882702049099855	0.2243133515228004	0.02597000957175443	0.3100869592048164	0.2146429054825612	0.2903985385850098	0.2873176037217986	0.2421407893300705	0.01009751148564371	0.1437401457052688	0.409918944528509	0.01078694688064887	0.01962048799255272	0.2387226228918441	0.1380672292994287	0.05207530926632863	0.1370112151727826	0.01124378493728523	0.01100528302645269	0.0120803268250267	0.04132059986621936	0.1643668821193763	0.3139917431764934	0.260233698187066	0.1058219546153059	0.01422383799069884	0.01151090317233118	0.01189268210983717	0.0895797789488629	0.01118750530350641	0.01052321923921592	0.0104053741771042	0.01416236837836376	0.01758301948402829	0.0138984599981558	0.03416315721282099	0.03456888846561239	0.02830821449153756	0.1789868744262742	0.1917942699425877	0.1100485230091753	0.2112674340705475	0.04254761042729696	0.2932698857010859	0.2085712563476508	0.2679210500451791	0.2886220594241325	0.1893388444370803	0.01009374023694579	0.1161734999143482	0.356158892661152	0.01101928232515589	0.01421581904294046	0.216872702002753	0.08495536192971022	0	0	0	0	0	0	0	0	0	0	0	0	0.02176136415329329	-0.2589698084636131	0.05341310765703264	-0.03433928439554006	-0.5235926522527378	0.5744284941846207	0	0	-13.31958678453737	-16.9699431952685	-3.022092678134177	6.457827047809966	8.546326145701862	1.277978560256219	-41.83594781504548	27.20367320613791	-21.35302749573923	-6.714806624707006	-11.55757638136529	-7.340573693764686	-108.1853579487838	-108.1853585339137	-49.75226772902708	-49.75226672250603	2.50057209327629	-117.4578143671391	22.58387772146607	-22.19747171267596	0	0
16.17465759199584	-0.02918712384751233	0.08584534833241615	0.03814980833401784	2.366371243952113	0.9947156750844974	0.9735121895469825	0.4838972335129113	-0.1081183428162951	-0.004075261664891879	0.1068442545683869	0.1269065671171347	-0.02141859542968992	1.50334943986432	1.503349440667218	0.6701851767452853	0.6701851766712942	-0.1415185449840257	0.454931542669154	-0.3884734220954937	-0.06304484474043252	-0.0007338432146857012	-1.492170541670558	-0.9123976328554263	0.2452959548348196	0.6572372499263748	0.08389113020551821	1.63227693758019	1.834779831554989	-0.8214244140247297	-5.253132014393165	-1.709728311819342	0.06087132274651103	-5.260184399588349	-5.260184384767057	-4.914173408251349	-4.914173441119486	2.216786274680904	-2.490544393042227	1.926585477525216	0.861751354723207	0.05553467305559047	0.1463659145877623	0.01117406990855284	0.01096309087799622	0.01190923118288736	0.04250483657073352	0.1792127482620663	0.3294358132924043	0.2720119607980057	0.1077474440405765	0.01440060716514246	0.01157657569754075	0.01189393888089642	0.09675000980768221	0.01123613524747067	0.01051388563845791	0.01035099523180764	0.03452186642489281	0.01681899551304421	0.01387818629810117	0.03845831951891013	0.03609554384251783	0.02798077730632227	0.187784821198575	0.2082373157313525	0.1146819056864175	0.2111691005192204	0.04342366588994996	0.2980932706404115	0.2097584001308146	0.2762866658915919	0.2812447281081602	0.209385678709611	0.01009185787962286	0.1195622969989542	0.3779953172507474	0.01109477000383364	0.01429090556371301	0.2191982301582561	0.09856921392778553	0.03992791200156878	0.1176743105042204	0.01065273690296356	0.01068210449063261	0.01036137933406949	0.05451047436905684	0.1485950891807659	0.2763571953718435	0.2324136664078556	0.0984512586307089	0.01537846113138243	0.01195622463764448	0.01158065433968965	0.06624505485845646	0.01148091806905964	0.01037947390801273	0.009949215159492489	0.001797177992444645	0.008456630290193706	0.01392374019726098	0.004966362931863096	0.008871612713337871	0.01637027217205805	0.1655173406192711	0.1296391887038535	0.1443264233945422	0.1828959422658241	0.06704477586475505	0.2722408800289166	0.2002694089130954	0.2489268689706069	0.2611358022440707	0.1529903275647123	0.0100839246008314	0.07880565951421649	0.3074805713380931	0.01151214445698611	0.007716408164332661	0.1781422301753328	0.04003935824337382	0	0	0	0	0	0	0	0	0	0	0	0	0.04640923940537552	-0.1898382575098416	0.009199070158819572	-0.0002132291778582689	-0.4930771226663111	0.5173644504571068	0	0	-14.24259600455906	-11.74768752327048	-1.290594717874625	5.953835843527166	6.771501188578512	1.258060013423964	-41.60894305880034	19.86128766948621	-19.89830135770017	3.660280091218604	-7.520730271864885	-16.89391490815398	-102.6970905126841	-102.6970916154788	-35.15559016288043	-35.15558849640134	-2.25181790240268	-131.0068598106503	11.2448031338038	-18.52363923264357	0	0
16.18319091679583	-0.02971343039275848	0.07276171568076766	0.03033299938835772	2.368673233005095	1.000549296105538	0.9742727634859085	0.4963186982093617	-0.09184152097190298	-0.0117846287964092	0.06227282788832553	0.1121049836971186	-0.02162783339345576	1.454792842321102	1.454792843202155	0.6271547990289839	0.6271547987406135	-0.1227389478918651	0.4287843143393066	-0.3717343540892122	-0.05631731510179806	-0.1225326250937488	-1.564780458970169	-0.9179582603542674	0.2932251386494695	0.707527056502027	0.09420714576071441	1.280189415988266	1.967618517866172	-0.9823438383286911	-5.179104182870481	-1.751602129188552	-0.1227261496599865	-6.112078592970251	-6.112078590432773	-5.149359805269409	-5.14935982213062	2.178478498184693	-3.650189383978638	1.985049985351534	0.7205640478665072	0.04796074406668047	0.1260741730073686	0.0113803921941437	0.01085697395109201	0.01365971135138646	0.06263490408018187	0.1721569992059747	0.2983655893585498	0.2451388543589836	0.0967967328918167	0.01417481575081518	0.01155416745907903	0.01193253840763003	0.07326609197560596	0.01250958833407092	0.01271667470580933	0.01235123428971617	0.01673126751313671	0.01207680397450861	0.01310097277202313	0.0196312201157107	0.02013999529504995	0.01972063863617698	0.1747790516043158	0.1551158934234032	0.1238998157519242	0.1977773286884937	0.06077871331297606	0.2798423312381905	0.205623958265837	0.2595797622344237	0.2621503962810687	0.1752033066289527	0.01010946153608431	0.08792314728938437	0.3400715873049345	0.01106076758900158	0.01308635060176931	0.1790481191905396	0.06753978301648339	0.04350885035559875	0.09531083737355237	0.01223029707212777	0.01086743398057758	0.01854508755242952	0.09894380834398435	0.1775750070167177	0.2373447937916439	0.1921789729386087	0.07676111791718958	0.01290775517676047	0.01119845214590562	0.01226800702715855	0.04104589924334184	0.01493942366392735	0.01737420687864055	0.01680499483258881	0.005188474641616527	0.009023070825792177	0.01145334685245009	0.006192050622004117	0.007932870507464581	0.01161318274904032	0.1557829382179692	0.06679459623316944	0.1229364147925231	0.1814642557107852	0.08084466750140477	0.2410018959172401	0.2012082821765004	0.2284626837219017	0.2167044043403754	0.1218031405773218	0.01015209468903143	0.04140506931109722	0.2650778482711953	0.01065051209126794	0.01592826250099507	0.09375738654998537	0.03990984216453367	0	0	0	0	0	0	0	0	0	0	0	0	0.07442976636123792	-0.1335903574503483	-0.009567568584898005	0.01262547756916812	-0.4516765154869482	0.4638643078826251	0	0	-14.19304328455756	-5.055387944689429	-0.08514400828854869	5.245059204425236	5.019176484856978	1.14490838382245	-40.76859567596886	11.09647208208371	-17.70777808338241	13.6521754724224	-2.040388279193736	-25.87159656856381	-96.93305502231497	-96.93305678989471	-19.88907128670794	-19.88906925668683	-6.606624873678567	-139.7266190790629	3.118721156412713	-14.64315377482811	0	0
16.19172424159583	-0.03127127308132181	0.05931627585840232	0.02250777249031403	2.371355933477322	1.006748506263226	0.9751162523453555	0.505778204997596	-0.07476032818369518	-0.02077927553313891	0.01869514108983556	0.09716368623747924	-0.02370585598141844	1.399178626343845	1.39917862717633	0.5826778678337813	0.582677867477092	-0.1044344042227758	0.3925094405638861	-0.3547408917583406	-0.0506623567722703	-0.2420354225800247	-1.575498996663441	-0.9148943192931549	0.3342404814671402	0.7429461808671622	0.1032189983295177	0.9396316960664557	2.022460351160848	-1.121669809980349	-5.020320063271517	-1.740418860398822	-0.3736102807543638	-6.914122235231744	-6.914122249649004	-5.252800533692921	-5.252800532739485	2.106847679754152	-4.853253085603245	1.992565192060706	0.6089139916148858	0.04671916156266218	0.1041600850027579	0.01242409978014678	0.01092916856149036	0.01929880147302502	0.09545773931816862	0.1824773745722257	0.2630203659264807	0.2114153368505832	0.07984228323903815	0.01258083236627194	0.01108207212699331	0.01236725904271232	0.04796673703364025	0.01511054513687068	0.01781801480732532	0.01729277609322754	0.01131416532344429	0.01054261305323905	0.0112890084824593	0.01238999384000587	0.01286848456292815	0.01346843711127835	0.1631849860511881	0.09330806357376704	0.1171387482945966	0.189894058699567	0.07570335623513194	0.2555370937086329	0.2038590482713915	0.2409296619007994	0.2312436175648291	0.1411731861215079	0.01015804294340357	0.05155402929890128	0.2992095877201554	0.01052020194488659	0.01759302357404144	0.1144248566022014	0.05259330099523431	0.04708978870962872	0.07294736424288435	0.01380785724129198	0.01105276347052255	0.02672879577078955	0.1433771423189119	0.2065549248526695	0.1983323922114444	0.1519442794693617	0.05507097720367026	0.01043704922213852	0.01044067965416676	0.01295535971462746	0.01584674362822723	0.01839792925879506	0.02436893984926837	0.02366077450568513	0.008579771290788411	0.009589511361390649	0.008982953507639205	0.00741773831214514	0.006994128301591292	0.006856093326022585	0.1460485358166672	0.003950003762485411	0.101546406190504	0.1800325691557463	0.0946445591380545	0.2097629118055636	0.2021471554399053	0.2079984984731965	0.1722730064366803	0.09061595358993127	0.01022026477723146	0.004004479107977956	0.2226751252042974	0.009788879725549768	0.02414011683765747	0.009372542924637959	0.03978032608569351	0	0	0	0	0	0	0	0	0	0	0	0	0.1024502933171003	-0.07734245739085498	-0.02833420732861558	0.02546418431619451	-0.4102759083075853	0.4103641653081435	0	0	-13.81548054964171	2.667334505010505	0.750553554641414	4.336534949367419	3.283414116058028	0.9581298701578594	-38.83128482876221	1.741985092980239	-14.81319144254411	23.57431291393639	4.877153991655789	-32.38810610170451	-91.03260364759238	-91.03260575675732	-4.332751271190424	-4.332749165927092	-9.979035154341151	-140.7519267031591	-0.5527170397638415	-11.77690228715809	0	0
16.20025756639582	-0.03383668575971283	0.0460674883279351	0.01473546462319067	2.374353399885521	1.013186791711089	0.976029328067487	0.5124186684674138	-0.05754950240325295	-0.0308464462803441	-0.0231652214041255	0.08258361405649592	-0.02811927999568152	1.336935820000051	1.336935820634903	0.5378855361951668	0.5378855359219652	-0.08684816837021256	0.3460453402889647	-0.3377579979020008	-0.04587608682230723	-0.3590269371754752	-1.518129610883417	-0.9059634287005718	0.3667633074731403	0.7635575820779664	0.1104741858972416	0.6214533972902474	1.998655970998092	-1.232265499260182	-4.776465744467899	-1.665534879992691	-0.6647310109128834	-7.665612209856207	-7.665612241220271	-5.223253372946257	-5.223253354590673	2.012067385489525	-6.024285905540603	1.989478201188856	0.514388597217379	0.04693821676461547	0.0907230977964181	0.01314587407907085	0.01115276696123376	0.02269614580248879	0.1173943961805132	0.1882496133155333	0.2267251406968394	0.1879332785949767	0.06825879929244846	0.01290743641034565	0.01140122310549807	0.0123554491136723	0.02808944437795064	0.02084495126148538	0.03369988775255809	0.02444404148810286	0.01010841633323756	0.01034275759765709	0.01086101454621512	0.01036988449735101	0.01051456595755791	0.01096787726073677	0.1516531329031295	0.0468708201799739	0.1066492722200253	0.184784096730024	0.0854342232344746	0.2311457087900765	0.1825033772769704	0.2180176933066945	0.1981420862707965	0.1150388515478539	0.01019722723980645	0.02661801032460667	0.2628191894796781	0.01065628227483027	0.01886505719808154	0.05804137899474809	0.03969762466286422	0.04712715935703409	0.08277339837112956	0.01350941012126356	0.01151240312466363	0.02378421059124692	0.1329459160912589	0.1845307143614993	0.1665449010211262	0.1678907957215922	0.06092437898277082	0.01532892807746757	0.01258149730131111	0.01185146665814581	0.01045379518032985	0.03020482700401229	0.06249826110495676	0.03437406690270979	0.009852149895888984	0.01070782969199098	0.01185574186059733	0.01024770785838923	0.01043196494294928	0.0111737064044135	0.1337895804489619	0.009331173115577757	0.09255497933151288	0.1781445719972881	0.09325217238808114	0.1928598655764257	0.1203729739742074	0.1747137085096906	0.1471044644561576	0.08754692421958823	0.01022705898493345	0.01001998047622656	0.2076241776739936	0.01153191606804941	0.01616621711075186	0.005513399222171661	0.02126156232275166	0	0	0	0	0	0	0	0	0	0	0	0	0.1272582900082561	-0.04102582475382398	-0.03200351436920386	0.02436178531062878	-0.3617686048317483	0.360294113133641	0	0	-13.67303335661562	10.78138966776625	1.298765600395486	3.263230559152367	1.545948784483467	0.7416237688862084	-35.51326700257464	-7.151494951354039	-10.89344696747811	33.5865997461848	12.77518992026246	-35.15369756720831	-85.10150429925349	-85.10150603038284	11.24546027664662	11.24546219579824	-11.99019682811544	-131.9490830487844	0.6129629722519407	-10.71124152088982	0	0
16.20879089119582	-0.03740023723032652	0.03360135398850297	0.007056282791285695	2.377587891613664	1.019737607026223	0.9769965276554982	0.5164800203323298	-0.04084999309950665	-0.04169709707708126	-0.06258106382005552	0.06893449336132833	-0.03506678057582052	1.268495656810383	1.268495657125703	0.4939111944824274	0.4939111944296346	-0.07012598796158791	0.2900389968408453	-0.320704882532234	-0.04188187853050437	-0.4765328328297908	-1.392635110411008	-0.8934053252822727	0.3896550637080672	0.7693120172343343	0.1159317582535532	0.3367302127825588	1.904823206813296	-1.303008103574658	-4.447689702684323	-1.522077345291066	-0.9615461426840519	-8.366738162334858	-8.366738204368895	-5.061286864571437	-5.061286832188473	1.90644100021813	-7.074324320694565	2.014969587813312	0.4204696989962071	0.04705618127513674	0.0896036029638981	0.01324530371102186	0.01152068986338468	0.02227212075966653	0.1219294754847229	0.1806233290199873	0.1912496781044003	0.1828164222550061	0.06621853804648009	0.01600883927415282	0.01283229317866735	0.01167671617922275	0.01626868955895928	0.03014063506855368	0.06193947663123089	0.03361831340752299	0.01041795941047939	0.01094963020008185	0.01244922346509081	0.01131030511851645	0.01169319276948669	0.01262119654390425	0.1395961998533776	0.02758978253735112	0.0968083109117007	0.1811968434094475	0.08900437653071824	0.2096591703667981	0.1303521978718467	0.1896694448302933	0.1677109542989996	0.1002128183478832	0.01021656800737981	0.01925171867702136	0.2349198156153551	0.01177487930167794	0.01453019878794777	0.02754950001794195	0.02318966287819593	0.04716453000443946	0.09259943249937476	0.01321096300123514	0.01197204277880471	0.02083962541170429	0.1225146898636058	0.1625065038703292	0.1347574098308079	0.1838373119738227	0.06677778076187138	0.02022080693279663	0.01472231494845545	0.01074757360166416	0.005060846732432471	0.04201172474922952	0.1006275823606451	0.04508735929973445	0.01112452850098956	0.01182614802259131	0.01472853021355545	0.01307767740463332	0.01386980158430727	0.01549131948280442	0.1215306250812567	0.0147123424686701	0.08356355247252178	0.1762565748388299	0.09185978563810779	0.1759568193472878	0.03859879250850955	0.1414289185461848	0.1219359224756349	0.0844778948492452	0.01023385319263544	0.01603548184447516	0.1925732301436897	0.01327495241054905	0.008192317383846247	0.001654255519705362	0.002742798559809798	0	0	0	0	0	0	0	0	0	0	0	0	0.1520662866994119	-0.004709192116792996	-0.03567282140979215	0.02325938630506305	-0.3132613013559115	0.3102240609591386	0	0	-13.91256774702873	18.49306589258304	1.610409330738722	2.093170303272957	-0.1967906450906515	0.5441278996608987	-31.09857986149397	-14.4995699468081	-5.362253896768337	43.3735243724935	20.77367080572683	-33.72354574726727	-79.24702274226387	-79.24702343319619	26.6818599454457	26.68186121416226	-12.52483685071226	-112.3472654627521	5.941081155823787	-11.606710941806	0	0
16.21732421599582	-0.04197678237209891	0.02247419850797397	-0.0005065823224330175	2.3809747846153	1.026274222060808	0.9780036710380365	0.5182777040047776	-0.02519142641531648	-0.05292437497608481	-0.09884526478495677	0.05679173375635581	-0.04444692911451409	1.194283867727657	1.194283867674279	0.451878271903011	0.4518782721590457	-0.05430773889171749	0.2259148547844146	-0.3032041749494234	-0.03874206721787092	-0.5964093986370456	-1.206093413903812	-0.8789216892209257	0.4024785270606671	0.7602609098387879	0.1199099929612436	0.09108804138285903	1.758152961465776	-1.317301385520218	-4.039387577533976	-1.313964969368975	-1.229525288371291	-9.018577208305894	-9.018577250924567	-4.768580397752233	-4.768580359583546	1.802094868163112	-7.912189636933434	2.097853067430367	0.311999501031486	0.05079497605764674	0.09228740862395733	0.01332227784663512	0.01144269518032926	0.025733269131856	0.1367733518391296	0.1819249326835556	0.1681629949120469	0.1816889968104977	0.06740769094738058	0.01753055535651338	0.01338964596075104	0.01118886940994547	0.01072690336650609	0.03556829210018912	0.08805578167752171	0.057058893304191	0.01056158187293743	0.01102141420224934	0.01265418427136636	0.01159620351248968	0.01203437698316817	0.01302649993045617	0.1365072142022489	0.01847796206059973	0.09054415543992368	0.1781308400596779	0.09419465207132188	0.2046017457039316	0.09500882978235868	0.1765686247498038	0.1443172527825468	0.09030190168945387	0.0102081875452575	0.01567476992361455	0.2212200596634167	0.01226114764229078	0.01122784084441078	0.01368967206890227	0.01245160994928876	0.05919017208305299	0.09646063902192692	0.01351054058865113	0.01091408382394285	0.03429094195946109	0.17603744647456	0.2010193402508558	0.1486335069253649	0.1775267207699206	0.06975260467904326	0.01726462895981211	0.01300063550053337	0.01094011085077237	0.00833571803416415	0.03760333326287141	0.1184837472681366	0.1005970071001155	0.01028101595247472	0.01045455513512655	0.01121674631446206	0.01074356906568459	0.010961841940752	0.01152046598139532	0.1432631801292313	0.009626681656800829	0.08592188725438996	0.1734180976744206	0.1047492686453474	0.2178226376172096	0.0785762793594139	0.1788599601322131	0.1173396034083459	0.0785731996516444	0.01017688171445925	0.01081192056166641	0.2146003855201606	0.0120413087587089	0.009549126965476848	0.005395990283190383	0.006509531167644854	0	0	0	0	0	0	0	0	0	0	0	0	0.1682052362962324	0.04008336021807597	-0.0265257278216494	0.01781559525530857	-0.2617922544929353	0.2631872454593586	0	0	-14.11906260603828	24.9494479383514	1.768267552642	0.9205442362075738	-1.916965666673621	0.3981459969891342	-26.56201874721561	-19.41598970392453	2.442036407089631	52.03858532324531	27.72861451744235	-28.53923697033949	-73.55834494054569	-73.55834440218383	41.87467728371665	41.87467726947358	-11.73693028315595	-82.43022734196734	13.69502077152216	-13.99858852712056	0	0
16.22585754079581	-0.04757654904572601	0.01315144031496807	-0.007940826889529807	2.384429324308464	1.032671693325699	0.9790401506611224	0.5181337654040539	-0.01092885978887134	-0.06395685767469844	-0.131334177377189	0.04665468437973513	-0.0558896570814154	1.114714909929101	1.114714909544401	0.412892698918106	0.412892699479252	-0.03933842326377699	0.1558392149750689	-0.284706888847081	-0.03662513676127837	-0.7152038249166899	-0.9726157235747401	-0.8632914716960166	0.4056533396245104	0.7368046641044836	0.1228865613514955	-0.1200731555751908	1.581786421159897	-1.253398570553521	-3.566138040890951	-1.055121694262915	-1.441334175930871	-9.62250462080431	-9.622504654484993	-4.347501982693225	-4.347501951787787	1.7088053105782	-8.457346250554407	2.248374537296084	0.1799101718899725	0.05921423181276691	0.09559312315552262	0.01353410380152594	0.01076507348859952	0.03507553206021123	0.1705374984329729	0.2009354470631294	0.1626472360022368	0.1780570627071379	0.06958921482291242	0.01633672254101979	0.0125567677159373	0.01111672011881024	0.01053012452804324	0.03517620549540882	0.108819983857971	0.09727340326524014	0.01010059113054517	0.01020952394807572	0.0105870005556054	0.01027877733748014	0.01038804318333185	0.01075767420918344	0.145925347894393	0.01167199503255437	0.0888854467398749	0.1751645871027143	0.103448081876014	0.221367554465637	0.09835295161898422	0.1875987967981318	0.1298304561539	0.0824274906995298	0.01017004185599245	0.01107173112986551	0.2238440406921048	0.01169653352047457	0.0107579534642816	0.0102619832766541	0.01038839346631777	0.07121581416166652	0.1003218455444791	0.01381011817606712	0.009856124869080985	0.04774225850721787	0.2295602030855142	0.2395321766313825	0.1625096040199218	0.1712161295660185	0.07272742859621517	0.01430845098682759	0.01127895605261129	0.01113264809988058	0.01161058933589583	0.0331949417765133	0.136339912175628	0.1561066549004966	0.009437503403959881	0.009082962247661804	0.007704962415368659	0.008409460726735861	0.008053882297196739	0.007549612479986221	0.164995735177206	0.004541020844931554	0.08828022203625813	0.1705796205100113	0.117638751652587	0.2596884558871314	0.1185537662103183	0.2162910017182413	0.1127432843410569	0.07266850445404359	0.01011991023628307	0.005588359278857671	0.2366275408966315	0.01080766510686874	0.01090593654710745	0.009137725046675406	0.01027626377547991	0	0	0	0	0	0	0	0	0	0	0	0	0.184344185893053	0.08487591255294494	-0.01737863423350666	0.01237180420555408	-0.2103232076299591	0.2161504299595787	0	0	-13.51950711792137	29.37989500577177	1.904332258764774	-0.1513179968385419	-3.56361741780059	0.307240422032373	-23.24251020362141	-21.42308682460939	13.01875595704008	58.39853136028142	32.48495470951396	-20.81079443688379	-67.99038723355366	-67.99038574414864	56.75889127238685	56.7588895557573	-10.0142837047096	-44.19464467563368	21.32561399222018	-16.96562500745335	0	0
16.23439086559581	-0.05415113801011206	0.005952337584882271	-0.01523557272172637	2.387874025474056	1.038810452932989	0.9800991747352865	0.5162826846491554	0.001791100723590712	-0.07402421181866074	-0.1595910246350503	0.03886418308670065	-0.06884242387906998	1.030196272730845	1.030196272121006	0.3780377785416992	0.3780377792841117	-0.0250959600987418	0.0825762542351572	-0.2646747039112956	-0.03574052792461828	-0.8226418541728671	-0.712029300984617	-0.8460326910367314	0.4004476715560092	0.6998081372445887	0.1252331329979054	-0.3124318038958266	1.400647755588786	-1.087123912991881	-3.052246569373736	-0.7684061064556675	-1.582185313841018	-10.17835228433582	-10.17835230258691	-3.801024962231329	-3.801024952813925	1.632290439671476	-8.652031451869421	2.453404371604111	0.02388567638814272	0.05894408944632192	0.08890022962510803	0.01406465176859834	0.01100833068710337	0.03724567649108469	0.1706371098480171	0.1984758590201827	0.1514630895017034	0.1757482082996094	0.07035075998312058	0.01555607037746096	0.01204987210998005	0.01100385202566861	0.01089887455258589	0.03163821758989099	0.1045967308116888	0.1067507871983515	0.01013492405014476	0.01035326102365366	0.01085736800910633	0.01041664895928919	0.01055079776468996	0.01098290169490063	0.1382909495909034	0.01371054811546723	0.08984113163735777	0.17073859158803	0.09595751833445937	0.2107372062124449	0.09257102755677935	0.178189287190198	0.1381059561183921	0.07780983435273067	0.01015974371095387	0.01183909480774208	0.2290160545632333	0.01129454625959619	0.01157836982120595	0.01035069642496473	0.01137139334681866	0.04830978644745416	0.06824753080582609	0.01494025554414654	0.01224949002550488	0.03152608355605649	0.1192692886506412	0.1575002620425126	0.1201630564487403	0.1748730434316502	0.06955531501799347	0.01558081885100982	0.0120434348093035	0.01075840538343597	0.01077683526389338	0.02554971330107	0.07024422565882422	0.0801934112120686	0.01074546316362141	0.01156596262450036	0.01375814042168991	0.01222130931398906	0.01278449827463574	0.01405552320582276	0.101004284033113	0.02372028616395243	0.09271555029804318	0.1618991598564292	0.0649658601946403	0.1443459285035251	0.06089592880334146	0.125654460082303	0.1746869504683007	0.07469387361937642	0.01017942096263843	0.01787586746791713	0.2341052420397529	0.01118980077693982	0.01314842130345239	0.01144839608269164	0.01348761041166724	0	0	0	0	0	0	0	0	0	0	0	0	0.1960328762551425	0.08646148275362706	-0.01584553984746217	0.006656159661796834	-0.1703900232208508	0.17605857933961	0	0	-11.34976073820356	31.23695057438402	2.176594688067842	-1.030332445722604	-5.081921088244735	0.243571065100413	-22.30770967613491	-20.59740843897847	26.37588366430729	61.42763923619475	34.14602383406248	-12.19902596492181	-62.19873533217196	-62.19873325125195	71.24206515025899	71.24206192707325	-7.904507512108146	-0.9192729377624183	26.01790326874898	-19.4354694705833	0	0
16.2429241903958	-0.0615399121615894	0.001010810304985867	-0.02237009295843963	2.39124524930561	1.044580209496164	0.9811758053230775	0.5127893551631484	0.01302451983858291	-0.08215884597814962	-0.1833983429108901	0.03353858767600663	-0.08268823686241862	0.9411544709499136	0.9411544702654178	0.3483668412269642	0.3483668419215041	-0.01143036354406715	0.009252229639217964	-0.2427802092571111	-0.03626262715942966	-0.9031742927322731	-0.4474677663520804	-0.8253355504413731	0.388792817839143	0.6505650309513892	0.1269827319496026	-0.5091167649220473	1.236476337903326	-0.797635414096347	-2.528752435394875	-0.4824259647391905	-1.651728507817949	-10.68119140645083	-10.6811914051185	-3.133382499650083	-3.1333825211625	1.573307006312882	-8.470290826279664	2.677356377259036	-0.1478098628198888	0.04572152809892637	0.06815385458640544	0.01496170232240613	0.01256557189612304	0.02856324977014138	0.1146047840110784	0.1572950154094409	0.1242490319138064	0.176325267763761	0.06892262386719968	0.01601988519155519	0.01231890941716622	0.01073105020842904	0.01053143109540935	0.02563859218470196	0.06648709327082124	0.06963231229082015	0.01094887852638492	0.0119273281793709	0.01465222165444283	0.0127988145127777	0.01350158938029314	0.01503439387555771	0.101154275550846	0.02604817439264014	0.09267035654349549	0.1642062047655732	0.06346949065018613	0.1489269572980206	0.05792917619016953	0.1279016443427623	0.1728507514879391	0.07681683210902368	0.01019221019825399	0.01958609137378363	0.2306340820455567	0.01137178621248025	0.01326502383564307	0.01179802516888631	0.01371147588222106	0.02540375873324179	0.03617321606717307	0.01607039291222597	0.01464285518192877	0.01530990860489509	0.00897837421576809	0.07546834745364285	0.07781650887755875	0.178529957297282	0.06638320143977176	0.01685318671519205	0.01280791356599571	0.01038416266699136	0.00994308119189093	0.01790448482562669	0.00414853914202047	0.004280167523640644	0.01205342292328294	0.01404896300133892	0.01981131842801117	0.01603315790124226	0.01751511425207474	0.02056143393165929	0.03701283288901996	0.04289955148297331	0.09715087855982822	0.1532186992028472	0.01229296873669364	0.02900340111991888	0.003238091396364644	0.03501791844636479	0.2366306165955444	0.07671924278470925	0.0102389316889938	0.03016337565697658	0.2315829431828743	0.0115719364470109	0.01539090605979734	0.01375906711870788	0.01669895704785457	0	0	0	0	0	0	0	0	0	0	0	0	0.2077215666172319	0.08804705295430917	-0.01431244546141767	0.0009405151180395863	-0.1304568388117426	0.1359667287196413	0	0	-7.181900742204406	30.3080435251745	2.731256530366814	-1.656542863078854	-6.427848715498692	0.1585768198556483	-24.26843387180726	-17.60112046068948	41.66993375770213	60.61980255780568	32.28953598881782	-4.342347595902462	-55.3919387056546	-55.39193621777381	85.10417325299893	85.10416941995749	-6.000518772377287	43.31406466079915	25.46068266908346	-20.5230808169255	0	0
16.2514575151958	-0.06943971484782774	-0.001739719723251222	-0.02930345360650885	2.394497469803628	1.049883139063038	0.9822635593999728	0.507513395426099	0.02298273900343053	-0.0872587920149706	-0.2028140988381525	0.03054371558274046	-0.09686192391061875	0.8480931004868814	0.8480930999077512	0.3248865267299026	0.3248865271051216	0.00179397304421278	-0.06093809615688551	-0.2190703578399104	-0.0382681282682715	-0.9396379188595599	-0.2022377813235544	-0.7983585247994216	0.3729338729885776	0.5906841331710783	0.1277421991598888	-0.7338162660163393	1.103281713152859	-0.3758291046940443	-2.028249589529266	-0.2269247876672484	-1.66172581800557	-11.11715004523702	-11.11715002157911	-2.35162520002626	-2.35162525245431	1.527869709481684	-7.922314643876398	2.869914607500011	-0.3212307733268089	0.03690261873344756	0.05380916531426182	0.01699978251376779	0.01415813917959045	0.02431679052050646	0.07090671325549527	0.1274625185337402	0.1005219494555168	0.1781838508399309	0.06783219420826908	0.0169061701478398	0.01295910078552234	0.01083270808798044	0.01035929675062032	0.02120918749357895	0.03591796704491857	0.03818577146694335	0.0114311435840123	0.01284891137933605	0.01659432916805595	0.01416531491443154	0.01529106195855635	0.01755530505077521	0.07385150113299283	0.03121940441698598	0.08676023324951869	0.1583615692949186	0.04027065763543147	0.1010048675108469	0.02887983462442104	0.08668002632249625	0.1908983181925929	0.07598186000770617	0.01022814922226188	0.0232211317851431	0.2325026729991069	0.01201307145863719	0.01483595634033103	0.0127820585706098	0.01605604649482625	0.03386974047803916	0.04660031728367515	0.02034673931719154	0.01576195909574836	0.02599095008076745	0.04778174039043061	0.1136413741362781	0.07767495858858359	0.181693123668173	0.06735632343160418	0.01807736511779391	0.01388434899900083	0.01132450853126354	0.01048449933197079	0.01809902107230786	0.01684502148376859	0.01910317737697164	0.01152412408976502	0.01302189726945254	0.01642039235233054	0.01435538110803753	0.01572829185023589	0.01829573589945262	0.05906050810999742	0.02843132176846319	0.06834571267363672	0.1511559179776819	0.0288873455429628	0.07215894670601472	0.008321476816647274	0.05717878744362063	0.1883552119807085	0.07405614927756626	0.01026394512720066	0.02221736317831887	0.2375337933833223	0.01317322453055693	0.01636301298530124	0.01321570998075552	0.01849681004713881	0	0	0	0	0	0	0	0	0	0	0	0	0.2098052138699792	0.0914219768016767	-0.01418242816589925	-0.01643689407600626	-0.05988508150789112	0.07270296033270941	0	0	-1.068673513191328	26.76664353522528	3.654715531176065	-2.018107399218203	-7.570883362764739	0.005111438657850345	-28.73239348372877	-13.54640768574229	56.97340024904075	56.10999179374735	27.08007890345277	1.634469114813381	-46.26449074092444	-46.2644880521153	97.88550969947637	97.88550649807016	-4.795882779336112	84.21796552257869	18.63166595917341	-19.82485439572622	0	0
16.2599908399958	-0.07740845174542924	-0.002553903862214102	-0.03596862483121865	2.397604110143366	1.054636137734299	0.9833511302275758	0.5001375179037555	0.03195322613652844	-0.08822773381270185	-0.218162520717505	0.02950472955563928	-0.1109299910588965	0.7516874933669028	0.7516874930856456	0.308522926343327	0.3085229261732938	0.01466315886329918	-0.1250399083401368	-0.1940375675346999	-0.04170765215886801	-0.9172691551261836	0.00338974183309786	-0.7620044511132982	0.3549921153369383	0.5219936439592171	0.1268118632223319	-1.003051397674446	1.004680942355951	0.1664040536935174	-1.579771950326592	-0.02775019762648558	-1.630075027782492	-11.45921450492088	-11.45921445923667	-1.468003154746823	-1.468003227545835	1.488694207771473	-7.053567826545664	2.979593659121251	-0.4816905651255778	0.03807068159606244	0.05328203491952292	0.02037735928597119	0.0154572903045204	0.02892327831791593	0.07043650215712269	0.1314083765967909	0.08872219750086703	0.1806696127853348	0.06789230006498262	0.0179954046424703	0.01386400388133045	0.01144722072475831	0.01062399235303019	0.01953097064230777	0.02943533018586254	0.03240967875090488	0.0112946078287979	0.01258047027703959	0.01529586473340161	0.01367578085305687	0.01490304812493334	0.01716999831846317	0.07282241167367813	0.0246706126905387	0.06816860311113507	0.1543531690249461	0.03943729561074975	0.0987411048775973	0.01893691797465328	0.07785096774607929	0.1766783114998667	0.07413462553697422	0.01025739125367836	0.0198777781663831	0.2362315647846129	0.01323895803747722	0.01603916902572674	0.01283317712815915	0.01806050668522817	0.04233572222283652	0.05702741850017723	0.02462308572215711	0.01688106300956796	0.0366719915566398	0.08658510656509311	0.1518144008189134	0.07753340829960842	0.184856290039064	0.06832944542343657	0.01930154352039577	0.01496078443200596	0.01226485439553571	0.01102591747205065	0.01829355731898902	0.02954150382551672	0.03392618723030263	0.0109948252562471	0.01199483153756616	0.01302946627664992	0.01267760431483281	0.01394146944839704	0.01603003786724596	0.08110818333097487	0.01396309205395308	0.03954054678744524	0.1490931367525167	0.04548172234923196	0.1153144922921106	0.0134048622369299	0.07933965644087647	0.1400798073658726	0.07139305577042329	0.01028895856540753	0.01427135069966117	0.2434846435837704	0.01477451261410296	0.01733511991080515	0.01267235284280316	0.02029466304642304	0	0	0	0	0	0	0	0	0	0	0	0	0.2118888611227266	0.09479690064904425	-0.01405241087038083	-0.03381430327005212	0.01068667579596035	0.009439191945777563	0	0	6.486434701680274	21.13829562785412	4.90823449667392	-2.155701133652445	-8.490021632506368	-0.2374816632631684	-34.42427852068426	-9.695071231848159	69.33855787197982	48.58480768482027	19.25110527224146	5.444591403054016	-33.0670389471838	-33.06703659621569	108.8350715113305	108.8350701074122	-4.552342894828839	117.9151876106313	6.331390595237808	-17.57559226298641	0	0
16.26852416479579	-0.08490161874439121	-0.001836920075971448	-0.04227568157403795	2.400554615680549	1.058772326575667	0.9844210061972368	0.4902596770246286	0.04021024852006537	-0.08418651525530188	-0.2299842298476227	0.02985851256755245	-0.1246117699286294	0.652910511099636	0.6529105112823516	0.3000679786256173	0.3000679778125073	0.02719515994942956	-0.1806170917609955	-0.1685614093849042	-0.04642213545088927	-0.8274244519190136	0.1547391436338057	-0.7142665193441317	0.3365348111690574	0.4464502561149734	0.1235030056781794	-1.319094623347956	0.9343390654195545	0.7893267810977572	-1.204268735068166	0.09738962125222062	-1.573548245376977	-11.66440666195319	-11.66440660053464	-0.5018851946522248	-0.5018852689965262	1.447519768239385	-5.938743990603633	2.969742245585213	-0.6189260344384993	0.04499010409568368	0.06337771793020755	0.02117681495487865	0.01500045458263129	0.03423643599565117	0.08640457002866524	0.1405046151725158	0.08393250456260011	0.180012361662173	0.06773259530552121	0.01763634296794834	0.01357798295326431	0.01139576334513594	0.01065464527568765	0.0192156565704981	0.03221247964262962	0.04186618384830331	0.01090098664506189	0.01181829040251938	0.01339281570417047	0.01250347544465645	0.01347179721430136	0.01529372587531074	0.07872220890059108	0.01772575007994826	0.06171369320277561	0.1427676824361873	0.04517825002344815	0.1119258132048877	0.01744006159481216	0.08271394110636099	0.1623081419287853	0.07037082800127256	0.01024292445445346	0.01576322373212672	0.2377084401662141	0.0130210683639011	0.01553887013063612	0.01223641000733512	0.0173968389892356	0.05690822940837924	0.08371851712462273	0.01938829420520841	0.01288771946056209	0.03941411891070126	0.1116763971292409	0.1478296445555768	0.08144752146737178	0.1745302033404476	0.06698896121696897	0.01581479798655424	0.01208941588653726	0.01062296533886986	0.01039013358839069	0.01956353742980071	0.0381549082473951	0.06151248849939062	0.01033453882946024	0.01072159738851329	0.01128749498072123	0.01089060922747163	0.01128497787459256	0.01230780242529498	0.08603698686005867	0.01176378520557309	0.06995895872467428	0.1151740022848793	0.05302392958887175	0.1317639913167857	0.01880341540521931	0.09331108632430336	0.1520458711998249	0.06366464669615522	0.01018747122280179	0.01170777950151256	0.2361215121395389	0.01131612527022067	0.01343663882690369	0.01113349834348027	0.01417723528197641	0	0	0	0	0	0	0	0	0	0	0	0	0.2078971219776671	0.1068436690674062	0.003424282054841666	-0.02982633132394606	0.008267267331107499	0.002630384255168561	0	0	14.56663943361962	14.18079587612434	6.270682022880295	-2.156655807818061	-9.176475156614007	-0.5438840626636821	-39.3241821551153	-7.044257662979499	75.3104075392267	39.2412542078261	9.936022687053965	7.605310957605607	-13.87428739385536	-13.87428619273387	117.0781693259062	117.0781704220356	-5.233817640656333	141.517107945301	-8.822214149904053	-14.54118317727595	0	0
16.27705748959579	-0.09133757782004659	-9.057939817271634e-05	-0.04812768167955956	2.40334820267386	1.06224174190867	0.9854513176886587	0.4775369122793474	0.04794473861486234	-0.07471917731402435	-0.2389506239166612	0.03093439694121815	-0.1377434085153278	0.5531693421038486	0.5531693428341925	0.3001172561327907	0.3001172547553698	0.03934214080286206	-0.2259603862502254	-0.1437223176060999	-0.05219711240888651	-0.6702999251645338	0.2438745308680053	-0.6557165607915343	0.3182433247608098	0.3660551467249363	0.1175494180183712	-1.665502839242112	0.8800060549207057	1.424675406985904	-0.9110618297789254	0.1411514268198462	-1.50198672977115	-11.67444318203399	-11.67444311761391	0.5202409692613023	0.5202409146717994	1.397540578497334	-4.671580924548524	2.831524550319149	-0.7306257034074722	0.05620665225073843	0.08248381901180726	0.01834040465546768	0.01238953201741198	0.03799799428615595	0.1068844464873397	0.1429034278928852	0.08385222067374319	0.1746703953069749	0.06691288569200056	0.0153813277804356	0.01171448596349597	0.01037102472150624	0.01027719509961791	0.0198550951341846	0.03839777635643154	0.06151701819988789	0.01034384047625749	0.01074253047266347	0.01158105803035561	0.0109529662376249	0.01128863750420152	0.01228630516418413	0.08404229814730101	0.01358095490153308	0.0756980812844136	0.119548873339965	0.05189672956597956	0.1265752611649502	0.02009778486488723	0.0924718720685643	0.1606929694459727	0.06437250188909628	0.01017515462671262	0.01256163989608617	0.2351530242442612	0.0108234046736441	0.01297035882280954	0.01106328019743807	0.01341957296801627	0.07148073659392197	0.1104096157490682	0.01415350268825971	0.008894375911556215	0.04215624626476271	0.1367676876933886	0.1438448882922403	0.08536163463513514	0.1642041166418313	0.06564847701050136	0.01232805245271271	0.009218047341068555	0.008981076282204018	0.009754349704730728	0.02083351754061241	0.04676831266927347	0.08909878976847861	0.009674252402673375	0.009448363239460409	0.009545523684792551	0.009103614140110459	0.008628486300788078	0.00858556698334401	0.09096579038914249	0.009564478357193098	0.1003773706619033	0.08125486781724195	0.06056613682851153	0.1482134903414608	0.02420196857350871	0.1072825162077303	0.1640119350337771	0.05593623762188713	0.01008598388019606	0.009144208303363958	0.2287583806953074	0.007857737926338385	0.009538157743002222	0.009594643844157381	0.008059807517529787	0	0	0	0	0	0	0	0	0	0	0	0	0.2039053828326077	0.1188904374857681	0.02090097498006416	-0.02583835937784001	0.005847858866254652	-0.004178423435440441	0	0	22.07773334624527	6.678135668265516	7.375555152779457	-2.137210404250089	-9.626013551750649	-0.8425027936146712	-41.19047998108005	-5.930133637608173	71.83131228906582	29.53991824506451	0.3778604317505472	9.170770740622959	12.86027491982682	12.86027436635418	121.856100962273	121.8561043797927	-6.557573959000528	153.4831129512339	-23.10423913587086	-11.77497291700487	0	0
16.28559081439579	-0.09617528545170162	0.002142590027561404	-0.05344650586570514	2.40598556942403	1.065011701782106	0.9864209042511293	0.4618440272246204	0.05524084241203688	-0.06008883689210487	-0.2457596640804742	0.03204287030195812	-0.1502034952681312	0.454413543777013	0.4544135450147729	0.3090160774413436	0.3090160757414029	0.05100960939278997	-0.2601990141930673	-0.1205385269799898	-0.05883734468300554	-0.4550215085454259	0.2689544288142521	-0.5902093372814649	0.2997831153554925	0.282863836092911	0.1094160941485139	-2.008410111282882	0.8300857746530934	1.983690519113207	-0.697168331245599	0.1061976425198493	-1.415290957102494	-11.42208443176166	-11.42208437974662	1.566693814573452	1.566693795266298	1.33464569723383	-3.352803318915058	2.588039597546834	-0.8235291277783988	0.05692565018447197	0.08459204309770085	0.01654202971055242	0.01143774823870339	0.03678492667689032	0.1107428776735236	0.1399170010811372	0.08568590106070013	0.1716546154766964	0.0647607031875875	0.01537559712079392	0.01216259546389512	0.01094818088357898	0.01034208269717	0.02042413286860761	0.04092341478731822	0.06615098156172551	0.01020312010012538	0.0104853661828446	0.01142997815315535	0.01059360492788107	0.01084116025957079	0.01179597907692706	0.08352123245589914	0.01374316310319057	0.08900834461814885	0.100982915293713	0.06087079665322166	0.1315711508717444	0.02041154275276713	0.09880697113200741	0.1702565959506296	0.06282884644032254	0.01016251596793867	0.01248789358627289	0.2311631293471106	0.01134766936719396	0.01142015657742963	0.01039130066092206	0.01089923700747629	0.0458348402567674	0.0661170756166727	0.01618731223882675	0.01231651538541662	0.03068208967220353	0.09526624636276269	0.1309589924839684	0.08893080174035468	0.171845335029281	0.06073896623821624	0.01785103626915642	0.01512028902834896	0.0132676380683448	0.01090137480984081	0.0208240760916001	0.03960619587055246	0.05382209094634189	0.01045920098026134	0.0110100685535204	0.01277579704941967	0.01135942740050487	0.01208403504146861	0.01379361133073905	0.07644998773281608	0.0173462206091438	0.1008275809554675	0.0849269351138614	0.07442350837486178	0.1265534826329946	0.01771027683877441	0.1022717117915288	0.1946477607575242	0.06617326047566501	0.01020918769871485	0.01511654590853757	0.2241398491354704	0.01484024872378148	0.01101107881587525	0.01020419656337944	0.0100515672428524	0	0	0	0	0	0	0	0	0	0	0	0	0.2092232091864676	0.1054501592333308	0.02072559671059114	-0.02971364111870794	0.008017068073206084	-0.00538611979413076	0	0	28.05428261125124	-0.7480269021088607	7.845664141915912	-2.213938951233397	-9.830589940020506	-1.039058609480289	-38.28726333893313	-5.863745414929387	57.34482389801343	20.86982006037246	-8.364343052076013	11.33556429946392	47.56297398607599	47.56297169265907	122.7524574658415	122.7524620654861	-8.230998452807787	153.71726530133	-33.01684414304054	-10.27090834600961	0	0
16.29412413919578	-0.09898370228168285	0.004324094204991392	-0.05819942400902551	2.408460610733222	1.067067332294213	0.9873159410652981	0.443396532293712	0.06211050996461346	-0.04134460100061466	-0.2510356826781565	0.03255144114010834	-0.1618293415575686	0.3591617491531222	0.3591617507352972	0.3268305025428939	0.3268305008451985	0.0620753271407062	-0.2833082004925563	-0.09972150863954159	-0.06623616772167662	-0.1978358037577541	0.2324112637227566	-0.5243360609342296	0.2799407565505736	0.1989877096100151	0.1003347034392162	-2.303369547914671	0.7801982540954469	2.374524486149528	-0.5486644283728059	0.0026773495688838	-1.304432925955041	-10.84378574693291	-10.84378571979483	2.604483828222524	2.604483847401478	1.255914215055006	-2.078040950687062	2.285442075567389	-0.9108859655037691	0.04249167079741704	0.06091292958555063	0.01705732748088997	0.0131534696983378	0.02951769079934541	0.09037954979562329	0.131883672938624	0.08845611110974227	0.173813006765659	0.06105249206223141	0.01871453119987555	0.01592673445260689	0.01378749131581178	0.01106918970258178	0.02064608611785266	0.03779021787961687	0.04807360363257809	0.01062916461752271	0.01134086681684628	0.01334243422002038	0.01183311559855763	0.01277726393383836	0.01477625421822111	0.07531900151812722	0.01851918760361216	0.09515645907181752	0.09385865415376239	0.07245034515189433	0.1228309725056149	0.01661480265806376	0.09903783720203471	0.189871298487825	0.06787265969916782	0.01023308613942706	0.01609052451903305	0.2268693593102765	0.01580130835938874	0.01171330374705785	0.0105032034610588	0.01112812784410533	0.02018894391961283	0.02182453548427713	0.01822112178939379	0.01573865485927704	0.01920793307964435	0.05376480503213677	0.1180730966756965	0.09249996884557422	0.1794865534167306	0.0558294554659311	0.02337402008560014	0.02102253071562937	0.01755419985448558	0.0120483999149509	0.02081463464258778	0.03244407907183146	0.01854539212420518	0.0112441495578493	0.01257177386758039	0.01600607041404679	0.01361524066089928	0.01553958378214914	0.0190016556781341	0.06193418507648967	0.02512796286109451	0.1012777912490317	0.08859900241048087	0.08828087992121204	0.1048934749245284	0.01121858510404011	0.09726090737532737	0.2252835864812714	0.07641028332944286	0.01033239151723365	0.02108888351371119	0.2195213175756334	0.02182275952122458	0.01248399988874827	0.01081374928260149	0.01204332696817501	0	0	0	0	0	0	0	0	0	0	0	0	0.2145410355403276	0.0920098809808936	0.02055021844111812	-0.03358892285957588	0.01018627728015751	-0.00659381615282108	0	0	31.82488236626732	-7.724528490436517	7.438233950587422	-2.470617120934544	-9.786594905108037	-1.055280575773492	-29.96678898999832	-5.696192060644187	32.82342213256012	14.36475222188405	-15.61792547333525	14.91320380453341	88.84047772355095	88.84047433216995	119.8924810104163	119.8924851537462	-10.33146917862907	143.4740135565479	-36.91474930948726	-10.48563581694382	0	0
16.30265746399578	-0.09948914443120845	0.005946733631393262	-0.06241619795773758	2.41075450500631	1.068411800497725	0.988135385899497	0.4227945773431435	0.06857428313718664	-0.02024819203965574	-0.2552490919611323	0.03193337204311544	-0.1723600264045936	0.2703979661409088	0.2703979678264164	0.35335594462579	0.3533559432232325	0.07238208015639057	-0.2960199932288401	-0.08156294936935836	-0.07440707367503499	0.08137976873377291	0.138815874703959	-0.465825446441746	0.257039013852413	0.1165290976676425	0.09198862586483564	-2.506948723355895	0.7370122889605174	2.526188646249335	-0.444261588613675	-0.1553816286023051	-1.156488833512997	-9.897115654718631	-9.897115657854151	3.603835570370188	3.603835617673832	1.15518466463319	-0.9276169770586612	1.971780175554957	-1.00645830732891	0.02944936008509867	0.03981547562525942	0.01659818679053801	0.01378812009188831	0.02273994211086585	0.07326356246989658	0.128962504381562	0.09659494366358144	0.1788572035619995	0.05619492857271341	0.01847184567672983	0.01610053837233163	0.01408283247445929	0.01133989194127733	0.02151377471127841	0.03518647989271738	0.03032918973005834	0.01087538002047095	0.01184749421392522	0.01421691751585373	0.01255895796624847	0.01380454222525615	0.0162422948247252	0.07078519653890007	0.02146484260067701	0.1018673816812251	0.07933433569770185	0.08703571866424595	0.1221262704844828	0.01323470404046675	0.1056837426437145	0.2109132028773148	0.07270624006651125	0.01034245008883353	0.01812360883701822	0.2116976749640468	0.01622708287048015	0.01169604981489996	0.01053402216753343	0.01127581283802251	0.01902809416050092	0.02379245051247758	0.01468893522367354	0.01299205413864955	0.01664377448531515	0.06173455752420645	0.1327179453471792	0.1135316393236313	0.1886252205824564	0.04925885284909153	0.01414320904296314	0.01228879181833382	0.01161514462608219	0.01109903947707508	0.02320797043932502	0.0338418208847736	0.01517644268761778	0.01088082715491023	0.01188851536023348	0.01385443681931906	0.01260424616820151	0.01367664660717777	0.01584028229492799	0.0709991131725697	0.02225937414569557	0.1136938104122104	0.04798421861485001	0.1092987693115056	0.1352313927520288	0.01059611557174196	0.1240788528832609	0.2436502909549217	0.07709993590030341	0.01048634979716038	0.01828300332801194	0.1712442909157793	0.01217980342913712	0.01103186957969524	0.01034432448596967	0.01083380707714328	0	0	0	0	0	0	0	0	0	0	0	0	0.2201234431631373	0.08077865112056141	0.0265064890641717	-0.04080499292457891	0.01173157219333866	-0.009062514718043566	0	0	33.24317270903158	-14.10747044428401	6.138484935716256	-2.928308418066099	-9.501158654838628	-0.8693972554990291	-17.16212148923712	-4.090542363891245	2.157518961905413	10.55913862277363	-21.13405523877012	19.97024357815122	133.1391777390678	133.1391741926997	113.8688638912635	113.8688661578409	-13.54957667631529	125.0089484322428	-36.06273260037575	-12.07578939418732	0	0
16.31119078879577	-0.09758610472091696	0.006546265450883319	-0.06619007381043876	2.41283423838209	1.069065661778631	0.9888924315047227	0.4009563939950738	0.07475418249541134	0.00100415184922503	-0.2586779498494501	0.02978693273372262	-0.1814316123492889	0.1913160242626155	0.1913160257981164	0.388158939826905	0.3881589388808794	0.08168886808521325	-0.2996620265409877	-0.0660233778685516	-0.08345985289566321	0.3637952196384255	-0.006391443106268295	-0.421482653605804	0.2295315592663332	0.0374151233060534	0.0859196328021528	-2.589961512377835	0.7168868230165257	2.410802177469269	-0.3611260319487605	-0.35305685285588	-0.9613281358691357	-8.577664787311035	-8.577664818414023	4.541234756366372	4.541234812523672	1.018446997815172	0.03993284354586639	1.673246575238088	-1.118164558386154	0.0232161303305892	0.03156845772170864	0.01427337470025919	0.01236084329196673	0.01842238874601022	0.06965640982236503	0.134996265761272	0.1114592611658129	0.1858441343835666	0.05032069867474519	0.01276990144879147	0.01084499404865885	0.01057110754058114	0.01086431039943156	0.02329382211470646	0.03492176383843541	0.02066191563223183	0.01074849242493021	0.01162663033445487	0.01324689193794662	0.01222380084403184	0.01306904819195633	0.01489578855436442	0.07375261747125941	0.02090460038557323	0.1115221699746604	0.04976392627228959	0.1047596917776097	0.1372882706635873	0.01151832057570835	0.1227888156623989	0.2302780144710805	0.0752149795595321	0.01047911107892528	0.01722424495348108	0.180506309719285	0.01051396799883334	0.01080134366800484	0.01025850705699303	0.01059312653017839	0.01786724440138902	0.02576036554067802	0.01115674865795329	0.01024545341802207	0.01407961589098595	0.06970431001627611	0.1473627940186617	0.1345633098016884	0.1977638877481823	0.04268825023225196	0.00491239800032613	0.00355505292103827	0.005676089397678792	0.01014967903919926	0.02560130623606225	0.03523956269771575	0.01180749325103037	0.01051750475197116	0.01120525685288657	0.01170280322459132	0.01159325167550374	0.01181370943220641	0.01267890891172188	0.08006404126864973	0.01939078543029663	0.126109829575389	0.007369434819219157	0.1303166587017991	0.1655693105795293	0.009973646039443822	0.1508967983911944	0.2620169954285721	0.07778958847116398	0.01064030807708712	0.01547712314231269	0.1229672642559252	0.002536847337049668	0.009579739270642198	0.009874899689337848	0.009624287186111549	0	0	0	0	0	0	0	0	0	0	0	0	0.225705850785947	0.06954742126022921	0.03246275968722528	-0.04802106298958195	0.01327686710651981	-0.01153121328326605	0	0	32.6532901746281	-19.79106539851244	4.173198037122386	-3.536442865846985	-9.01398543636436	-0.5371510932281279	-2.146279782762998	-0.2403036633821846	-28.69616508361781	9.322666986917865	-24.90695625567975	25.81243617817866	175.2813596588248	175.2813567508769	105.5247725433381	105.5247723400709	-18.94064694810213	101.093704979528	-34.06932952031868	-14.0779456588433	0	0
16.31972411359577	-0.09331485465339939	0.005710899502613292	-0.0696617452312468	2.414656143751164	1.069063758367512	0.9896105403809976	0.3789600807323167	0.08092849138444932	0.02020310354208764	-0.261414651232571	0.0258376363207127	-0.1886259274952328	0.1249518821669577	0.1249518833429955	0.4306375758456418	0.4306375753438875	0.08959914398277839	-0.295958303013142	-0.05298192833048065	-0.0935334488462292	0.6341823686500593	-0.1960058594831296	-0.395392441087046	0.1965373673711712	-0.03702560565591738	0.08290389902096522	-2.54438839451665	0.7384322850005174	2.053310753427358	-0.2789101385882342	-0.5753799529483482	-0.7170545141854399	-6.927023807017301	-6.927023858703248	5.40083609796013	5.400836142967171	0.8238929827725568	0.7903666149133979	1.382331030522254	-1.244721009310205	0.0188716901311389	0.02523817708625713	0.012534359986282	0.01123964482176261	0.01550217601521084	0.06298202310629721	0.1381601879411016	0.1280454722924046	0.2304977442290265	0.04580595635480075	0.01944377145915549	0.01602476105898564	0.02875591608758835	0.01203140082150584	0.02502622498901879	0.0330287004662739	0.01611899024335836	0.01049206493865739	0.01111947889521607	0.01307076005472179	0.01147342966826738	0.01200459222078829	0.01424838625389862	0.07611931616266633	0.02407954578585513	0.1994241063240663	0.02476596579575898	0.1300482087175765	0.1519897663631837	0.01093385469310013	0.1428409664863706	0.2481157907403991	0.07822866761705514	0.01041742599044874	0.01928704129846122	0.1677709305473394	0.0464988038619815	0.01033297300162802	0.01011180234848391	0.01021068133877084	0.01405500058049611	0.01636564271194454	0.01146921110478521	0.0106486682077232	0.01293453504116055	0.0472086819615109	0.1362552568119352	0.1521948418433386	0.3559588589702174	0.04187930165801494	0.03979955127081829	0.03270246458917601	0.07137083008187155	0.01502022937862562	0.02683248021756691	0.02863074657941429	0.01378774329959817	0.01015272581134436	0.01041757969223518	0.01396378037604966	0.01043888792714003	0.01082702123547892	0.01470699222506925	0.07654679960435659	0.03206152981068641	0.436832296555509	0.004211614785077081	0.1748547215918817	0.1683678966772104	0.01098680652687298	0.1730772716933782	0.2771164747269637	0.08336283177852709	0.01015922912455684	0.02504359852866334	0.1791663001934548	0.1319146806868142	0.01036426358762086	0.01012277956186303	0.01021322215789805	0	0	0	0	0	0	0	0	0	0	0	0	0.2235649038232965	0.05931783047751573	0.03284413688228804	-0.05086627363493181	0.01336821338602813	-0.01232959017204135	0	0	30.47776194054046	-24.42479286336013	1.928443795740266	-4.195965524764431	-8.4293418718316	-0.1762084582368195	12.62350251476843	5.507739126673592	-53.68846288996365	10.28865481549765	-26.88426616016884	31.2652413321908	209.9681631416116	209.9681612544253	95.78695663005098	95.78695435482942	-27.10767273481001	74.58655607691125	-34.81847081387177	-15.38957186533696	0	0
16.32825743839576	-0.0868329292869543	0.003107798003103296	-0.07299262894595643	2.416172828966844	1.068447630331072	0.9903152031848843	0.3578725085641673	0.08750607934687119	0.03555403132472457	-0.2633901133859971	0.01994342034136649	-0.1935538527745811	0.07380899670048627	0.07380899737978312	0.4800877513742725	0.480087751157493	0.09552310317280144	-0.2868231393557756	-0.04250528571642807	-0.1047187221906219	0.8798838166945165	-0.4181555112772502	-0.3884161302197157	0.1580686158128864	-0.1066428990708736	0.08262656546707828	-2.379356362787385	0.8118947430435444	1.52318198754212	-0.1798801357713919	-0.8059018157826348	-0.4325423908570019	-5.026015693016125	-5.026015756249924	6.174367507673328	6.174367527967385	0.5500890819748149	1.312957290446319	1.065367113243254	-1.376641462336412	0.01481646907239762	0.01699377036735472	0.01204226671121356	0.01104862607578762	0.01364603648215234	0.04721339118559174	0.1340569629479388	0.1448162471933062	0.3233359061647191	0.04340478929316735	0.04267200466550566	0.03541726263451424	0.07351275336458686	0.0154498291007862	0.02645402067310336	0.02833645364828997	0.0154974520048528	0.01016917165354788	0.01044024882912065	0.01437904539671131	0.01047501188302572	0.01098604322515689	0.01522741710428023	0.07523566048912539	0.03286352076472768	0.3787486628197465	0.01195672338728547	0.1641815687762213	0.1605428578457153	0.01132550473015713	0.1634686119353356	0.2644431517924155	0.0826299019252711	0.01009883243583475	0.02583574604337127	0.1881476860157033	0.1311444067296485	0.01063128311334592	0.01020677834030326	0.01042284735617767	0.0102427567596032	0.006970919883211069	0.01178167355161713	0.01105188299742434	0.01178945419133515	0.02471305390674568	0.1251477196052087	0.1698263738849888	0.5141538301922525	0.04107035308377793	0.07468670454131043	0.06184987625731374	0.1370655707660643	0.01989077971805198	0.02806365419907157	0.02202193046111284	0.01576799334816597	0.009787946870717558	0.009629902531583788	0.016224757527508	0.009284524178776326	0.009840333038751425	0.01673507553841661	0.07302955794006342	0.0447322741910762	0.747554763535629	0.001053794750935004	0.2193927844819644	0.1711664827748916	0.01199996701430213	0.1952577449955619	0.2922159540253554	0.08893607508589017	0.00967815017202657	0.03461007391501399	0.2353653361309845	0.2612925140365787	0.01114878790459951	0.01037065943438821	0.01080215712968454	0	0	0	0	0	0	0	0	0	0	0	0	0.2214239568606461	0.04908823969480225	0.03322551407735079	-0.05371148428028166	0.01345955966553646	-0.01312796706081664	0	0	26.86322101839883	-27.26078127098828	-0.2735204343444184	-4.804827280047074	-7.9145477666805	0.08609071328163302	25.74704921556811	11.58840110280366	-68.70521624850284	13.24808572296551	-26.75002408544896	35.03333629607704	233.5690310601411	233.5690302281024	85.46386760507254	85.46386428423089	-37.21926955673119	48.09156924905136	-40.26248741811091	-15.25374655954774	0	0
16.33679076319576	-0.07840430444243397	-0.001463335306295486	-0.07634298147537912	2.417340350342728	1.067253662785387	0.9910250422308194	0.3386499159140418	0.09491616637418389	0.04597087456490773	-0.2643891726692166	0.0121174911426268	-0.1959480074779798	0.03960020145385157	0.03960020157508867	0.5357605683613229	0.5357605681949464	0.0987410001153471	-0.274172895046486	-0.03498414714811089	-0.1170044429217449	1.088237693452381	-0.6532852504549065	-0.3998629911984495	0.1148669105577633	-0.1728099354341898	0.08386454504527784	-2.109559406248813	0.9309110190853555	0.9128979422927915	-0.04733180629060839	-1.024350895945041	-0.1272329486349	-2.975297258670071	-2.975297324891764	6.859100198495947	6.859100190205402	0.1906950535858364	1.617277447854174	0.6841898810173527	-1.500244252139771	0.01284500130357723	0.01322237496068944	0.01158498272876318	0.01094181837053561	0.01229561358054521	0.03183452729334068	0.1238742805715533	0.152839677863731	0.3538933382033381	0.03600465048530595	0.07722043873590781	0.06227022322658584	0.08835007809965895	0.01819011769238268	0.02361206428324951	0.02154058039187122	0.01403104287716146	0.0138041269943042	0.02082925273772471	0.01874563824056003	0.02865275377056042	0.02640289855458824	0.02514561944389017	0.07111714198781716	0.06065233740937206	0.4494819028377488	0.1462554882118054	0.1631455279131774	0.1576425754569313	0.01125577195283464	0.1666394522670785	0.2859567042045066	0.09060267657432128	0.01190254264846741	0.04382128000405097	0.2393779675548444	0.2452714535101376	0.01065138980622782	0.01021112053621116	0.01044807402852005	0.0124767688737834	0.01350623973316807	0.01085406624679311	0.01071923671300457	0.01101434900546453	0.01621310617177697	0.1041673459191615	0.1537404885080786	0.2892965351718657	0.02154491629561603	0.1313401124691824	0.1014591234610563	0.06996917766131346	0.02029185509713022	0.01622297660622977	0.01220837405540211	0.01076187032251308	0.02163130932494272	0.04324139070931052	0.02637368454517633	0.06820995750175123	0.05994813606567481	0.04492006439557211	0.06309231207510432	0.114004394454631	0.3745501605856811	0.5003503836079465	0.1119634643737363	0.1404022194855892	0.01056269045206429	0.1483307049881256	0.3328997038988531	0.105001075334146	0.01596275631146576	0.07620987668233618	0.3556580420618273	0.4703757427013543	0.01027094751778712	0.01008651384815219	0.01019082434997079	0	0	0	0	0	0	0	0	0	0	0	0	0.2119334978487755	0.02417747991563009	0.03548687112558023	-0.04897318347489981	0.01226915826325037	-0.01275925309842743	0	0	21.70166138050985	-27.30351055086056	-2.415764575064501	-5.298541222770403	-7.646751721377639	0.1721631361687679	37.28309067838904	15.82054619445833	-72.50605140207071	18.12537127637824	-23.96506706164327	35.97267596396692	245.1113119719177	245.111312082641	75.01416827911757	75.01416508858638	-46.57937251831434	23.74174794688868	-49.49642506171558	-13.44062499212209	0	0
16.34532408799576	-0.06840504950402462	-0.008001140438559609	-0.07987028375806747	2.418122892319585	1.065500688395288	0.9917462950773555	0.3221372866712858	0.1034558181269863	0.05116832255287952	-0.2640583755648641	0.002564462060925131	-0.1957447930419785	0.02317344830047196	0.02317344787104777	0.5968953479068673	0.5968953475644475	0.09859556821995848	-0.2597706605925825	-0.03107168986645478	-0.1302595757931168	1.245761515765147	-0.8741006382068801	-0.4301236115837993	0.0680374269832173	-0.2381668417122114	0.08504065250809124	-1.745386608157188	1.071438234877425	0.3139410758464176	0.1341290265465476	-1.206524764347612	0.1710738790667631	-0.8738826923312309	-0.8738827539905041	7.454413868306076	7.454413836889412	-0.2315314390667899	1.728993055490054	0.2185679739553988	-1.601678862738749	0.01343001232597904	0.01569234031238587	0.01083978386559437	0.01069680464651206	0.01129381521205922	0.02017179354534284	0.1079095548760056	0.1487535548440697	0.2740505170776349	0.02128949012467685	0.1218533751001401	0.09504173122676797	0.05734063936947853	0.01950545597346331	0.01532460940246396	0.0128355170165691	0.0103994386697461	0.02236884908343744	0.04468670339701197	0.02654174697774856	0.06961709703469943	0.06144820736393063	0.04559037958885853	0.06372072297739866	0.109814404863451	0.3363442986384241	0.4302367546760598	0.1075067493977223	0.1407671674090026	0.01034918386326829	0.1448790289757377	0.3153629288605069	0.1028087501492843	0.01642414386523867	0.07460659366093532	0.3186407484283959	0.3893033048646012	0.01012161373118251	0.01003872405211275	0.01008341182283667	0.01471078098796359	0.02004155958312508	0.009926458941969101	0.01038659042858479	0.01023924381959391	0.007713158436808247	0.08318697223311435	0.1376546031311683	0.06443924015147881	0.002019479507454136	0.1879935203970544	0.1410683706647989	0.002872784556562605	0.02069293047620846	0.004382299013387974	0.002394817649691383	0.005755747296860186	0.03347467177916787	0.07685287888703725	0.03652261156284466	0.1271353908247261	0.1100559390925982	0.07310505325272761	0.05315506621014522	0.1832765147181858	0.001545557635733142	0.9996469724649578	0.004534144265508311	0.1096379561962868	0.009125413889826456	0.1014036649806892	0.3735834537723507	0.1210660755824019	0.02224736245090495	0.1178096794496584	0.4759507479926702	0.6794589713661299	0.009393107130974736	0.009802368261916159	0.009579491570257045	0	0	0	0	0	0	0	0	0	0	0	0	0.202443038836905	-0.0007332798635420608	0.03774822817380966	-0.04423488266951796	0.01107875686096429	-0.01239053913603822	0	0	14.97250067252289	-23.8520165238027	-4.719697181711807	-5.652774595148135	-7.732924863922723	0.07542238550394403	47.97948632454313	16.42069466356045	-66.45289325357901	24.62856651546598	-18.26857447193217	33.30639512329471	245.7356047798037	245.7356057201016	64.48928253966859	64.48928043140802	-51.26069591416943	3.192169963026291	-59.43143382474761	-10.10603747953436	0	0
16.35385741279575	-0.05732305047894173	-0.01625562738980897	-0.08374267642096961	2.41849476296609	1.063182558962229	0.9924721514093322	0.3091148174634829	0.1131655485113937	0.05156819100163403	-0.2619286387579082	-0.008305013952757654	-0.1931392308327695	0.02458440081887608	0.02458439990625664	0.66272462304119	0.6627246223717272	0.09476866153701706	-0.2451051142880747	-0.03146784728008733	-0.1442437375012787	1.340264392910417	-1.050955010080993	-0.4810515454965387	0.01883940267805672	-0.3057445809249653	0.08473539523394744	-1.292459823342424	1.199206575496073	-0.2018619632250788	0.3755763501719652	-1.329698625270185	0.4304861360999869	1.192206202122476	1.192206151470052	7.959028014604836	7.959027971510338	-0.6602357156771249	1.686200918613867	-0.3212176342045331	-1.669511562376776	0.01616062928662814	0.01860100459954388	0.01600976694015314	0.01937065995814405	0.01447735104531711	0.01539222607759732	0.09436078336152909	0.1255574229761381	0.2402995363269675	0.07500603501630862	0.1301079860366901	0.09945258822473184	0.02696755908512127	0.01704868176272138	0.01643054911369202	0.0136277497257418	0.01538191143373744	0.07333583413563431	0.068311462508387	0.03784983290356766	0.08545124990682292	0.07446038276100726	0.05348775121265383	0.05257072239463594	0.12284408309431	0.2073151999215604	0.5565805273022379	0.06081378713874688	0.1104906426915382	0.01036136406121505	0.1098158390639643	0.3031650122920893	0.09986674674227237	0.01644349990792503	0.08130759536936494	0.3482849107709843	0.4349611199493434	0.0174296010089604	0.0169285640269473	0.01863593158269426	0.02080005145062417	0.02113480978897299	0.02749212075776262	0.0377418044484661	0.02193347578563628	0.01548371350771546	0.08060830019529652	0.0719869770037538	0.303485572546974	0.2154352069668827	0.09466123561194061	0.07112429645876769	0.003520271141005385	0.0109224131676841	0.02761039222990822	0.02372805188344491	0.0294918766700169	0.1814590945016507	0.09611053106042793	0.05430977923968101	0.07464243787956074	0.0640076321074228	0.04839625096746302	0.03552423963403865	0.09316421539313863	0.0640127609097122	0.5231581300467458	0.03016441631776908	0.05631057653524248	0.01138272620224703	0.05299026013516191	0.2091675316342247	0.07692114643369244	0.01170975983246488	0.06075686291187737	0.311531705204887	0.3402795823362498	0.03322969438067149	0.03144371152363214	0.03687928556539689	0	0	0	0	0	0	0	0	0	0	0	0	0.1905864425355742	-0.007709402012790062	0.03188746284822415	-0.03701169086507194	0.01061768745752884	-0.01158068315873057	0	0	7.025989623673953	-17.12937165965799	-7.231152175997236	-5.84932773418695	-8.151504997795504	-0.1676234588945067	58.01330387225316	12.86751849963329	-53.60490863567004	32.02601928639388	-10.34313265012586	26.90799556252844	237.0511843372131	237.0511859321139	53.72050233430053	53.72050171918929	-47.59535799349757	-12.29650896775742	-66.26920015843204	-5.65130891872144	0	0
16.36239073759575	-0.04573230006493031	-0.02574474310289623	-0.08814048840940217	2.418441867540625	1.06026979807973	0.9931851735415327	0.3003062751728605	0.1237919352369666	0.04808438036456514	-0.257468061573942	-0.0199237961587038	-0.1885922704744801	0.04320523092770679	0.04320522964567551	0.7324627696221078	0.7324627685794562	0.08753900679094426	-0.2312995450755868	-0.03665176083294448	-0.1586363746032706	1.364338388302063	-1.160515504432873	-0.5529866745072425	-0.0312432995068366	-0.3777767390366803	0.08188499730820187	-0.7602460279760428	1.281556433445412	-0.5916487252506972	0.6801329730499042	-1.381251375335785	0.6219198344299615	3.147541676651179	3.147541641112949	8.369870673341781	8.369870630802625	-1.014398486351047	1.535703617353515	-0.8947815274659833	-1.69670986846283	0.02090458292867762	0.02040059722527527	0.02855591040213135	0.03896610198374841	0.02277459975530186	0.01817282350583972	0.08648842611927292	0.07881736517605964	0.3244178940035339	0.2063283652824868	0.08433952276252402	0.06294312713058138	0.01381203679235044	0.01012240918603259	0.03074733318083218	0.02676214388764878	0.03152354162766991	0.1711579356701158	0.08872438245758052	0.05268358547365148	0.06309298639457515	0.05403382353575836	0.04252327395447629	0.0374642024364582	0.08053439463365113	0.1558725869304245	0.4427532717116295	0.05213360015009697	0.0662837032860961	0.01174681381167898	0.06568576089109661	0.2224237825855443	0.07447594330388348	0.01002406856198506	0.05218085171415266	0.2945736783844223	0.3209835108128397	0.03447720274351407	0.03253011521328947	0.0381665407166446	0.02688932191328475	0.0222280599948209	0.04505778257355614	0.06509701846834742	0.03362770775167864	0.02325426857862267	0.0780296281574787	0.006319350876339305	0.5425319049424692	0.4288509344263113	0.001328950826826811	0.001180222252736467	0.004167757725448165	0.001151895859159733	0.05083848544642847	0.04506128611719844	0.05322800604317361	0.3294435172241334	0.1153681832338186	0.07209694691651736	0.02214948493439535	0.0179593251222474	0.02368744868219845	0.01789341305793208	0.00305191606809146	0.1264799641836913	0.04666928762853399	0.05579468837002984	0.002983196874198176	0.0136400385146676	0.004576855289634583	0.04475160949609864	0.03277621728498294	0.001172157214024812	0.003704046374096362	0.1471126624171038	0.001100193306369564	0.05706628163036825	0.05308505478534811	0.06417907956053674	0	0	0	0	0	0	0	0	0	0	0	0	0.1787298462342434	-0.01468552416203806	0.02602669752263864	-0.0297884990606259	0.01015661805409338	-0.01077082718142291	0	0	-1.381988152731002	-8.339318820304415	-9.538279379387312	-5.853215778794554	-8.739079331530608	-0.5146382670965112	66.27158506889941	6.007474517432516	-37.47633809502668	39.22027325496514	-1.79391013427183	17.59428424906993	219.8102939642054	219.8102958314808	42.46919488793234	42.46919555440082	-33.67163403799399	-21.9849416522094	-66.96181959317069	-0.7031063434495678	0	0
16.37092406239574	-0.03423916004384732	-0.03583885573377856	-0.09322715745339355	2.417964155082332	1.056721263677239	0.9938603071440436	0.2963001900558938	0.1348459732904158	0.04187346520108755	-0.250159776354495	-0.03168081308399462	-0.1827715443413954	0.0777795309368178	0.07777952941828377	0.8052890851692431	0.8052890837980456	0.0779169086161787	-0.2190593779467504	-0.04666525365073924	-0.1730818705231465	1.318089805794757	-1.192221767874454	-0.6411689236353407	-0.08040047941214129	-0.454615610668577	0.07575829760176711	-0.172335744612629	1.297153086910723	-0.8405522614204217	1.041100422915777	-1.363860927144791	0.7273099402726557	4.918983695013077	4.918983674809869	8.681809512428789	8.681809478902615	-1.207147307079983	1.327590979072182	-1.44235655967958	-1.682288531392114	0.02127608051004096	0.01905838871535878	0.03292548212395948	0.04678903600312716	0.02520254841147912	0.01903580362974414	0.07388972349428467	0.04200744019735412	0.356685808606236	0.2574510341714778	0.05202308260078367	0.04093013169296374	0.01006794368981472	0.01009930172673576	0.05257094040420912	0.05268623532686317	0.03874269383649417	0.2428641600953081	0.1135586798845356	0.07486407260860467	0.05419945991122191	0.0476807415683416	0.04202799288966283	0.02566758241590737	0.03995746610300054	0.1315047752747517	0.3030296651800841	0.05306162573397459	0.03195237940561174	0.01277672572075387	0.0345651286212796	0.1405916181089382	0.05039387584712277	0.01005927628049449	0.03437517482612813	0.2819799655100015	0.2075796895896368	0.04882241039556866	0.05912798150886302	0.06612872617239857	0.01714889274468271	0.01473695928987883	0.02873429802978202	0.04245897328101676	0.0214335340783955	0.01668495901307231	0.05035495517450497	0.01534180769460542	0.2721825545758287	0.2154683322989181	0.042520623900105	0.04045174224945126	0.01016027798535226	0.01731635906602931	0.08477738948324741	0.09541051473098952	0.03654215596382789	0.3204967634161792	0.1543308543336167	0.1109400382767841	0.0668042117921368	0.06244505634298526	0.05625967021889648	0.01602185918299917	0.008636801864242117	0.08950893881678559	0.1321008213376536	0.0521470983739963	0.005598393323152916	0.01335611037205027	0.01347197700169972	0.05034862532797935	0.02837166688263014	0.01730046739440995	0.03368855080452061	0.3629093281016253	0.1045750776706552	0.06208269149759849	0.1023033326204635	0.108700764389517	0	0	0	0	0	0	0	0	0	0	0	0	0.170574948434286	-0.004336064951077477	0.00629495598291169	-0.02595836528211863	0.01081696860240838	-0.009973103911345002	0	0	-9.298599555143738	0.8236456646176966	-10.90843758054211	-5.627925490996608	-9.228855711131921	-0.929808809656356	70.69838161863913	-2.45439027156917	-20.99748816274985	45.0803886393642	5.521967100643264	7.081606070268832	193.9091420220246	193.9091436738337	30.5117152187698	30.51171654301024	-10.07215920933405	-25.8627875728604	-60.09412098586623	3.972762749324519	0	0
16.37945738719574	-0.02341497675147124	-0.04588101370249721	-0.09909811692345194	2.417078076463471	1.052503093334647	0.994467538714551	0.2974066811604349	0.1457236005432677	0.03412319506909227	-0.2395816872198553	-0.04305243508860204	-0.1764293736603454	0.1264211205332142	0.1264211188966127	0.8803324569237608	0.8803324553160397	0.06760280862700518	-0.2086714701662557	-0.06101033664599093	-0.1872442974947564	1.209445739966481	-1.150197848808372	-0.7344695915641941	-0.1266176391396862	-0.5341658281639556	0.06592500953143525	0.4297403742345755	1.240737165271943	-0.9548289174976764	1.443511067182968	-1.294799892168006	0.7454794975139881	6.432265762020451	6.4322657538199	8.888395508073978	8.888395486085649	-1.166956843461024	1.108817488740461	-1.899675684563982	-1.631814569594492	0.01553475021807893	0.0139845584739366	0.02497889604918464	0.03680804239601448	0.01883723543196456	0.01539687998478927	0.05254146032520573	0.03005099357429446	0.2572265254926283	0.182749928601496	0.05991108793945089	0.05342486561584901	0.01225287164970844	0.0198950878186312	0.08042284886164172	0.0911032738737366	0.03184033963818628	0.2736892846286795	0.1448251336856246	0.1053164705072075	0.07511875770682963	0.06992789424892311	0.06039846907216811	0.01959645655151565	0.02415527799186617	0.09973989832985004	0.2493523940977208	0.051374921441193	0.01786746218577338	0.01300546157497792	0.02565765601389437	0.09664675022569021	0.03683966072121996	0.01985671353557035	0.04392256315540447	0.3657216884623319	0.1857950595807773	0.05753461332185125	0.09707317798777837	0.1019499543586889	0.007408463576080682	0.007245858584936763	0.01241081348600789	0.0198209280936861	0.009239360405112368	0.01011564944752195	0.02268028219153124	0.02436426451287154	0.001833204209188189	0.002085730171524918	0.08371229697338319	0.07972326224616604	0.01615279824525635	0.03348082227289888	0.1187162935200664	0.1457597433447806	0.01985630588448215	0.311550009608225	0.1932935254334149	0.1497831296370508	0.1114589386498783	0.1069307875637231	0.08883189175559451	0.01415030530806625	0.01422168766039277	0.05253791344987994	0.2175323550467731	0.04849950837796274	0.008213589772107656	0.01307218222943295	0.02236709871376485	0.05594564115986005	0.02396711648027735	0.03342877757479508	0.06367305523494486	0.5787059937861468	0.2080499620349407	0.06709910136482872	0.151521610455579	0.1532224492184972	0	0	0	0	0	0	0	0	0	0	0	0	0.1624200506343287	0.006013394259883108	-0.01343678555681526	-0.02212823150361136	0.01147731915072338	-0.009175380641267092	0	0	-15.88806312755152	8.686444473085778	-10.64259534943158	-5.166823989321868	-9.327872151066718	-1.376780421300399	69.32366698758429	-10.55074903578828	-6.188889030456385	48.85212097117405	10.12648025947092	-2.487750021027242	159.3791385414906	159.3791396870089	17.78602517559833	17.78602644854006	20.27028076401425	-24.66218464985029	-45.9903640993772	7.632412117695217	0	0
16.38799071199574	-0.01373632632594352	-0.05530632724449846	-0.105731787470463	2.415816960132902	1.047609554232447	0.9949745890997413	0.3035195003545013	0.1558455075144625	0.02590429646386296	-0.225460343729553	-0.05370757350476368	-0.1702504445348574	0.1866223638682494	0.1866223621978401	0.9566672722251679	0.9566672704707255	0.05877802980084271	-0.2000566470595455	-0.07867026703286074	-0.2008606522224395	1.052252475849126	-1.051288376090276	-0.8170799462316901	-0.1680211356826838	-0.6120054309495437	0.05229582988354738	0.9913361827767273	1.122936814472919	-0.9545768352079915	1.868293430061716	-1.200787302391344	0.6932159262853472	7.617581421945096	7.617581421678526	8.983637217214968	8.983637204070448	-0.8550052156426553	0.917340013318135	-2.211325496106417	-1.556556459900145	0.01169926941656294	0.01087447381096359	0.01841040865771109	0.02962908024419449	0.01393283218525249	0.01271141185195585	0.03648518162760535	0.02633441506216398	0.140750629487263	0.09905052021031467	0.07370248654925192	0.07934634962856318	0.036232580204367	0.02326019060862202	0.1008365881310595	0.1159800433434379	0.02392312856355833	0.3138897461522555	0.178309569318191	0.1323672135168046	0.09942708434977597	0.0932846792754262	0.0786211267369582	0.0166327998895685	0.0187723921082554	0.06737638467485871	0.2088593578097784	0.05437337521784943	0.01283535011964233	0.01406259039196255	0.02311818255941388	0.07422699500701219	0.02984998183814454	0.0250596842854149	0.05648253465207814	0.4065020001116584	0.2190417918295245	0.06889978489399716	0.1550196672561178	0.1250161520100494	0.01035115702747724	0.009922972952866765	0.01472600496139068	0.02781461493201517	0.0114939954764122	0.01143660848067583	0.02488021158263068	0.02298028338160635	0.005680067523363481	0.01961299837356383	0.08641076842061306	0.1187999350336841	0.08464872351580825	0.01918636165424937	0.1192810054121924	0.132916887808235	0.01667613636920415	0.4163903530786803	0.231680615654216	0.165723014293093	0.1289296308134769	0.1192086475710418	0.09818559503262596	0.01485343297400079	0.01546470606881566	0.02739272165015212	0.1094343255278033	0.06359968086400175	0.01019958830288388	0.01620038410052136	0.02038933452318903	0.05282839623435208	0.02512135303996604	0.02492608218238101	0.06866126678476295	0.3641213000871038	0.3001209259022738	0.0876335309176785	0.2638768022457348	0.1413194678758785	0	0	0	0	0	0	0	0	0	0	0	0	0.1587584706797879	0.0114447798460695	-0.02279073139935046	-0.02134740777392296	0.01238036157389011	-0.008819294036966878	0	0	-20.62485172206487	14.00327284745971	-8.381744894438874	-4.510334935356714	-8.796302301437644	-1.811256290585903	61.16515305269036	-16.61799621028338	5.681537239880181	50.34476407179142	11.33642407113348	-9.13971425779318	117.3532386983363	117.3532394665515	4.463197703963746	4.463198461229909	52.76818090966914	-19.7301232082969	-26.30946714678171	9.714490346332301	0	0
16.39652403679573	-0.00554789286639361	-0.06373074534718381	-0.1129642808889109	2.414228118251804	1.042080079445541	0.9953501477585963	0.3140479952493504	0.1647753099271872	0.01807641390230203	-0.2076841577196817	-0.063556363835208	-0.1647111023367429	0.2553389620573852	0.2553389604114309	1.033325789378687	1.033325787532674	0.05377669332950383	-0.1928662750047368	-0.09822666627464208	-0.2137802427557532	0.862883876433426	-0.9199797766208191	-0.8721395194923762	-0.2032633281957809	-0.6821446285651052	0.03520030837922149	1.455770421508189	0.9655067228945193	-0.8684860045290445	2.297523020857167	-1.110261181703023	0.601610535753736	8.42106639990064	8.421066405875868	8.963964060079908	8.963964051015504	-0.2752762063885235	0.7778313449802001	-2.339646979868363	-1.470971829031516	0.0119798607385839	0.01128791113782485	0.01714127648433106	0.03134224657265137	0.0133479810602997	0.0124585584998793	0.03077612162931286	0.02398832243937942	0.072573599381732	0.06209088562790055	0.08112614618440794	0.1113561171297409	0.08436260738161504	0.01595530961626726	0.1102094729435828	0.1204619182956105	0.01874745200858323	0.379888524669626	0.2129123540839394	0.1529274115038582	0.1193513449325635	0.110017724890254	0.09155612025942469	0.01587742671861681	0.01734444565642371	0.03754410124600213	0.1329947983680009	0.06418479578717547	0.01204266922306598	0.01637121018409095	0.02090565520499279	0.06186564921747879	0.02761494912547352	0.02201248124536111	0.06454178011178457	0.341195572740885	0.2777320918325548	0.08510589444055659	0.2351356889595113	0.1294550143167215	0.01329385047887379	0.01260008732079677	0.01704119643677346	0.03580830177034424	0.01374863054771204	0.01275756751382971	0.02708014097373011	0.02159630225034116	0.009526930837538776	0.03714026657560274	0.08910923986784294	0.1578766078212022	0.1531446487863602	0.004891901035599859	0.1198457173043185	0.1200740322716895	0.01349596685392615	0.5212306965491357	0.2700677058750171	0.1816628989491351	0.1464003229770755	0.1314865075783604	0.1075392983096574	0.01555656063993533	0.01670772447723854	0.002247529850424313	0.001336296008833486	0.07869985335004077	0.0121855868336601	0.01932858597160976	0.0184115703326132	0.04971115130884411	0.02627558959965474	0.01642338678996695	0.07364947833458106	0.1495366063880607	0.392191889769607	0.1081679604705283	0.3762319940358906	0.1294164865332597	0	0	0	0	0	0	0	0	0	0	0	0	0.1550968907252471	0.01687616543225589	-0.03214467724188567	-0.02056658404423455	0.01328340399705684	-0.008463207432666662	0	0	-23.46578197840277	16.26314609502442	-4.244183465544301	-3.737977229554988	-7.515896568068218	-2.179808225545064	46.77749348037712	-19.77000098442309	13.83012018401439	50.02316202096672	9.431513875127225	-11.56560174876283	70.43335642415454	70.43335717084638	-9.067700058094927	-9.067699817989396	82.15056710873236	-12.78048497587487	-3.45919910225112	10.07655688171392	0	0
16.40505736159573	0.0009412009987979534	-0.07098811116584766	-0.1204975731692925	2.412367236620232	1.036007727305132	0.9955677092089175	0.3279561786707018	0.1722832521279795	0.01123060019958566	-0.1862711223989803	-0.07273097520829856	-0.1599858927436835	0.3291767169050855	0.3291767153387521	1.109325768156671	1.109325766239088	0.05470814195713548	-0.1866049493380281	-0.11803230225943	-0.2259740496877596	0.6561632109216307	-0.7817611544323922	-0.8856578840841848	-0.2317441410966615	-0.7382143300169759	0.01543599236491898	1.77726035633553	0.7938107147335873	-0.7302375424998298	2.719336039738107	-1.045709016387609	0.5089285115610532	8.816072778644269	8.816072791489205	8.829697879022925	8.829697871134876	0.5240178806541148	0.6999846078436233	-2.269121044484888	-1.388296306561862	0.01255503859578366	0.01180672945201271	0.01944689686134203	0.04225915709709046	0.01394714373953348	0.01258380187711123	0.02666301405796686	0.02113403138967044	0.03758032209496572	0.0476475972951871	0.08902910194163263	0.1411099913027862	0.1035948906245707	0.01117980416224107	0.1144941366639039	0.1221265638690959	0.02012612882438581	0.4545452738752696	0.2460425548094477	0.1668126906612531	0.1412957066763368	0.1256778618988038	0.1005264109233661	0.01530529184295976	0.01651102404594177	0.01833991749865885	0.06501926531849925	0.06406911845856486	0.01195239468332765	0.01958215021917098	0.01843419661664711	0.04856315347173804	0.02506238542986313	0.03149864227433784	0.06905954648764054	0.2642549260360475	0.3379440369536588	0.1052378779428726	0.3142660460145717	0.1420601247482632	0.01267153836330675	0.01180647061780731	0.02437324341196443	0.06269062794301576	0.01486200537909567	0.01259876375360738	0.02082113686969002	0.01703270117288802	0.008580104814074148	0.03497023713058809	0.1017901430938466	0.1808590688753412	0.09260258165561326	0.01025257285602533	0.1174927706885501	0.1268408650978029	0.02731032411941961	0.6096021849369772	0.3000737924081613	0.1814586472931942	0.1773105151815975	0.1486341409807962	0.1096466381893595	0.01437516927277977	0.01528893455818316	0.005624179672428543	0.001461230130671606	0.0516578178776939	0.01165031065056724	0.02390621952529505	0.01526622844224645	0.02806079620010878	0.02068782823594299	0.05649360287692248	0.0721447523617859	0.165869928498629	0.4432129618015438	0.13646174096082	0.4512374552398773	0.1762228279999794	0	0	0	0	0	0	0	0	0	0	0	0	0.1510375882818792	0.02239028726540607	-0.02168888552331752	-0.02268302343126853	0.01382990531690308	-0.008670659904265781	0	0	-24.7630146684084	15.71862700877109	1.24093432989992	-2.939634568620843	-5.514487349382582	-2.428533436383273	28.04234755282956	-20.0350040524838	17.88756176576236	48.75075399967854	5.471092162497448	-9.420350504154786	22.26212770838424	22.26212856021379	-22.31561446157148	-22.31561434768804	103.4855919520725	-5.551380547360591	19.82418737879479	9.148058880852041	0	0
16.41359068639573	0.005633820928217659	-0.07711299983291799	-0.1279370268616256	2.410292021972068	1.029537315959748	0.9956094140281305	0.3438947562737439	0.1783453269843838	0.005663572559219112	-0.1613093254399704	-0.08151067523140174	-0.1559225824257865	0.4046512091789006	0.4046512077530034	1.1837049572516	1.183704955273021	0.06310351021397075	-0.1807550049553682	-0.1364088430680002	-0.2375043579606998	0.4434062560266219	-0.6573771293591864	-0.8493362121919831	-0.2535607113125457	-0.7746254348616077	-0.005786492384938603	1.928934911147494	0.6296646942155404	-0.5743063977696934	3.128982006594476	-1.01851467538128	0.4520813505000931	8.808324161214417	8.808324181178021	8.585061521652371	8.585061515584185	1.457386779333069	0.6797655480984468	-2.00807226561859	-1.316075598709775	0.01239885634142982	0.01152302237779931	0.02475679212573339	0.06208406121254068	0.01485856021587263	0.01253574019317865	0.02123600028817857	0.01723194756397659	0.02090086074351451	0.0399941574656198	0.09940354962253832	0.1664404746902274	0.07921866609828404	0.01255560453842	0.1152912417003448	0.1264161007653977	0.02892339005948165	0.5317600850658124	0.2767966269201498	0.17360949224138	0.1671124378412443	0.14178622568358	0.1057504151067915	0.01436181472332182	0.01531989192890023	0.01224874589616582	0.02980310276309027	0.04863019034190652	0.0115903100951165	0.02360204814785822	0.01554130411313681	0.03008462612600973	0.02067783508790243	0.05845554366048118	0.07019158633247638	0.2247764192831572	0.3918452276647034	0.1290764484073741	0.3870463571969914	0.1713812783895433	0.01204922624773971	0.01101285391481784	0.0317052903871554	0.0895729541156873	0.01597538021047931	0.01243995999338506	0.01456213276564993	0.01246910009543489	0.00763327879060952	0.03280020768557346	0.1144710463198502	0.2038415299294802	0.03206051452486636	0.01561324467645081	0.1151398240727817	0.1336076979239162	0.04112468138491308	0.6979736733248186	0.3300798789413055	0.1812543956372532	0.2082207073861195	0.1657817743832319	0.1117539780690617	0.01319377790562421	0.01387014463912779	0.009000829494432773	0.001586164252509726	0.02461578240534702	0.01111503446747438	0.02848385307898033	0.0121208865518797	0.006410441091373452	0.01510006687223124	0.096563818963878	0.07064002638899076	0.1822032506091974	0.4942340338334806	0.1647555214511117	0.526242916443864	0.2230291694666991	0	0	0	0	0	0	0	0	0	0	0	0	0.1469782858385114	0.02790440909855624	-0.01123309380474936	-0.02479946281830252	0.01437640663674932	-0.008878112375864899	0	0	-24.95769935292167	13.19696017357605	7.293324617025811	-2.185052142563476	-2.942082048715686	-2.516064447035923	7.40622768195828	-18.17519652405463	18.06272639527658	47.27716787294683	0.9427652415107307	-3.3483877249569	-23.35257240997392	-23.35257163148761	-34.88421750597019	-34.88421716086052	113.1178047091921	0.5284270366495147	40.74515702329415	7.792570760010137	0	0
16.42212401119572	0.00851293293065198	-0.08228170258326077	-0.1348473443517741	2.408057197375947	1.022854707584943	0.9954690331113705	0.3603766983885318	0.183089534459303	0.001393017919952327	-0.1329030944967834	-0.09021547778761847	-0.1520877846570314	0.4784611811699731	0.4784611799403029	1.255549390509344	1.255549388494815	0.07965441597736765	-0.1748791606883321	-0.1518476699778683	-0.248463561829658	0.2320428269805564	-0.5587798424707876	-0.7620923082467113	-0.2692681838289223	-0.7874706120049988	-0.02697711409314166	1.905527442044461	0.4862521681846644	-0.4307642384882349	3.527017423231812	-1.026708956976615	0.4589370314891872	8.434327512002801	8.434327537720284	8.236873783034349	8.23687378100311	2.416500077489554	0.7031339850730456	-1.58741704052703	-1.253591642367227	0.01230365799093618	0.0113586931159349	0.02820498357387211	0.07831158591602798	0.01530792561214429	0.01239948906142498	0.01797849215356799	0.01498424440885428	0.01429655295848081	0.03756047530927499	0.1070612601636715	0.18330105512689	0.04910905508800821	0.01334825846383671	0.1108523726147582	0.120130433472592	0.03155344188030271	0.5983519137767772	0.302555570158703	0.1778403978067722	0.1942831503049309	0.159482308628781	0.1129014319548242	0.01381422994773454	0.01634704443641696	0.01082418253348952	0.01473631088444772	0.03305407994128139	0.01139742067968873	0.02318223431160502	0.01380477686302965	0.02148742887473083	0.01867326281747477	0.09229369023547924	0.07681060792143141	0.2097132607252915	0.4292079926520494	0.1532002127007799	0.4590721803390742	0.208403822642307	0.01239200513910047	0.01143567701793804	0.02989568049529363	0.09395126939076745	0.01533216883168758	0.01219625493180622	0.01655846902787824	0.01417469392693745	0.01123470268322827	0.03807169702989785	0.1139078591630252	0.1999520610747504	0.01731535100918264	0.01249154735768241	0.09945631503949372	0.09739425929623924	0.02716932804542253	0.7222786599572486	0.3425552997389629	0.1835634725339659	0.2383001075005521	0.1882724098282985	0.1263099160420663	0.01363104067253489	0.01967261977912695	0.01052931589082492	0.005636135886406594	0.01812411258387059	0.01138724147517137	0.01828069433984792	0.01298463262202878	0.02225472329838793	0.0189958548333335	0.1420974729506375	0.0923253182981697	0.1996632219300584	0.4784370956823984	0.1888491024483877	0.6072859355232926	0.2735528500923832	0	0	0	0	0	0	0	0	0	0	0	0	0.1386229485041338	0.03552249195420997	-0.003120520196692073	-0.02684831673932817	0.01414156394514854	-0.008568100226637607	0	0	-24.49820188883897	9.883065634347288	13.03080499917591	-1.511017903879672	-0.03406712849803656	-2.418889431599618	-12.59896452979555	-15.38850020300994	15.16008467877002	46.06566852110733	-2.575504252105874	5.223323474332409	-63.09554767304969	-63.09554710807364	-46.57166916613311	-46.57166859579156	109.4501559874036	4.56421360148358	56.88053195319831	7.033183958272269	0	0
16.43065733599572	0.009611453440122772	-0.08672862848036644	-0.1408154726672077	2.405711836151709	1.016170161290589	0.9951536419254696	0.3759563174374083	0.1867117019980901	-0.001784763814903041	-0.1011422762259194	-0.09909419722129333	-0.1478689110990994	0.5477264075486569	0.5477264065566154	1.324007619584982	1.324007617574468	0.104098410808888	-0.1686854678419964	-0.1631844552686066	-0.2589016421592864	0.0268840714566141	-0.4877361276805932	-0.6300644264722935	-0.2795853938064738	-0.7749496030478638	-0.04654152791903642	1.720929359890498	0.3663616213744964	-0.3207876740357047	3.91521356267628	-1.056119708094669	0.5429659374457639	7.754734449531562	7.754734479246281	7.792587379185272	7.792587382137214	3.289428116936618	0.7508876220089141	-1.055957851416589	-1.191851609754814	0.01247583893518914	0.01155332415127204	0.02851134647512425	0.08770754215333315	0.01509252629737817	0.01219743439456217	0.0178766286476197	0.01513059489940568	0.01382916570971668	0.03961365899116113	0.1103179355838854	0.189917431234746	0.02658458728297176	0.01175145979774858	0.1004335304540216	0.09798833836141983	0.02430840065282122	0.6479540851942703	0.3221243827018412	0.1811242173524365	0.2220518313309503	0.1791590244829732	0.1238286117121368	0.01386589038852977	0.02025784091143051	0.01120250969867903	0.01095324536244886	0.02249330720592644	0.01148885738288977	0.01685654955487491	0.01364778807839058	0.0273657968286457	0.02021760766147985	0.1307038645845586	0.09155631733514279	0.2096481652115768	0.4447849531984687	0.1766291175360164	0.5320572211756674	0.2502649385578017	0.01273478403046123	0.01185850012105823	0.02808607060343185	0.0983295846658476	0.01468895745289585	0.01195254987022737	0.01855480529010656	0.01588028775844001	0.01483612657584701	0.04334318637422226	0.1133446720062003	0.1960625922200205	0.002570187493498924	0.009369850038914017	0.08377280600620576	0.0611808206685623	0.01321397470593199	0.7465836465896785	0.3550307205366202	0.1858725494306787	0.2683795076149847	0.2107630452733652	0.140865854015071	0.01406830343944557	0.02547509491912612	0.01205780228721707	0.009686107520303461	0.01163244276239414	0.01165944848286837	0.008077535600715516	0.01384837869217786	0.03809900550540241	0.02289164279443576	0.187631126937397	0.1140106102073486	0.2171231932509194	0.4626401575313163	0.2129426834456636	0.6883289546027211	0.3240765307180672	0	0	0	0	0	0	0	0	0	0	0	0	0.1302676111697563	0.04314057480986369	0.004992053411365215	-0.02889717066035381	0.01390672125354776	-0.008258088077410316	0	0	-23.46042523504703	6.894045745252432	17.6803159543716	-0.9191750754149399	2.966581150528867	-2.137226752061583	-30.18550498562983	-12.82084178049414	10.43413473171736	44.83422460101952	-3.888014690100408	14.40199933322399	-94.7171090003751	-94.71710862198812	-57.44236054543283	-57.44235998638423	93.22889596603665	6.236889054691237	66.4882159298096	7.73295099503994	0	0
16.43919066079571	0.009008003638184823	-0.09066722826284923	-0.1455060263342485	2.40329920422129	1.009701033758118	0.9946835941312202	0.3893560767914834	0.1893946682053835	-0.004204616126104069	-0.06612397693860848	-0.1082396577557598	-0.1426100061839367	0.6101494796841335	0.6101494789569718	1.388286198524489	1.388286196558087	0.1352715139950372	-0.1620507168749991	-0.1697250622258678	-0.2687648526653567	-0.1653740929459846	-0.4381771152141387	-0.464960912287412	-0.2851136119108851	-0.7371208719935548	-0.06299797088187331	1.398861239700563	0.2648323645622384	-0.2535644999909044	4.288797845662421	-1.085420772140452	0.7006709662829703	6.843514930857144	6.843514962887861	7.258010420490167	7.258010427720293	3.979737691841192	0.8034613422675843	-0.4738802459295621	-1.116121601384048	0.01251105040945702	0.01161633420448634	0.02845923130485441	0.09431770087698051	0.01479331125117006	0.01203079953026443	0.01834061972191481	0.01542457540416153	0.01515252340133841	0.04331252665462529	0.1097227194698347	0.1872675053023481	0.01427457445612481	0.01051017339218308	0.08461298142779428	0.07385441955261469	0.01867246674174475	0.6932697617407325	0.3346552673190289	0.1761697634929502	0.2471606140520441	0.1948498636203344	0.1303059211607858	0.01382773460781241	0.0228401604618462	0.01146850953421356	0.01034811021719196	0.01707370014434494	0.01148520236222963	0.01236132696074184	0.01358987123956586	0.03351097958912461	0.02166873229061923	0.1710548008540689	0.1029607197698016	0.2162680982008843	0.4384764707578805	0.1990790138569342	0.5937795415377668	0.2900758098996188	0.01237272510246855	0.01149749653794464	0.02869489515672427	0.1018646966908243	0.01450125633018573	0.01188684598519274	0.0187642658264224	0.01542704346860677	0.01708258225312769	0.04848311310388652	0.1056410399951281	0.1741937094607261	0.007741931441439867	0.009892131501374012	0.05911753042333417	0.04508334078191873	0.01577460455163905	0.7979124479357897	0.3496733411731253	0.1577148469016882	0.2860358704473842	0.2139250941124089	0.1331462195475279	0.01358463607954984	0.02402923554140787	0.01131937245353924	0.01013484980033054	0.01448707759615358	0.01133883873390497	0.01015949702176928	0.01330753385333058	0.03799266171645305	0.02255173828173115	0.2347172525686838	0.1127939919709123	0.2300706702114261	0.3985548428381979	0.234122846601319	0.7065519146160403	0.3564466606127417	0	0	0	0	0	0	0	0	0	0	0	0	0.1169774489183275	0.04393754514096058	0.008328145154960396	-0.02898669405723121	0.01291871445521382	-0.007401291976488191	0	0	-21.38421876471739	4.928702014238718	20.71590541988098	-0.3826104854003822	5.869939076520017	-1.696322534780815	-44.79734421465449	-11.15560295842979	5.397327045597757	42.41584828832818	-2.535524158145539	22.16194688298564	-117.3432443589965	-117.3432442203033	-67.78994202183317	-67.78994156636691	67.25959165375652	5.776577968475748	68.68497074975754	10.34720102015899	0	0
16.44772398559571	0.006855642854434981	-0.09423850741359865	-0.1486997166224548	2.40085860530735	1.00365780026288	0.9940907391974553	0.3995125195241854	0.1912583321346454	-0.006224576638787494	-0.02803099310764794	-0.1175546245456693	-0.1357568225702147	0.6640813513478748	0.6640813508944531	1.447629917977888	1.447629916090092	0.17130873920522	-0.1550039897063231	-0.1713077609075967	-0.2778631622225383	-0.3342554384003733	-0.399677870899228	-0.2819484990443396	-0.2861653750834015	-0.6754919037819446	-0.07515749612908368	0.9651892401652467	0.1727125862407819	-0.22547713525549	4.632632844892456	-1.092320010251156	0.9120887326561834	5.77710641199002	5.777106443505404	6.636329853162717	6.63632986449865	4.421618483599249	0.845429556052694	0.09590675659485931	-1.009922268157857	0.01230368563582292	0.01142006802820979	0.02880323123170729	0.09922396061022347	0.01456251340715205	0.01192586388284099	0.01865191892718416	0.01526365969722329	0.01703291834756761	0.0478192901070907	0.1053780311312896	0.1753326364574219	0.01236496018792778	0.01034618691591274	0.06351793621219738	0.05338080742340068	0.01793606990035292	0.7403218154637625	0.3395634783885782	0.1598109453274137	0.2683735176714156	0.2043659237267032	0.1294619519643735	0.01351811985715352	0.02299406205648772	0.01112024968422883	0.01038771350617279	0.01661376868474796	0.01128771449274637	0.01185295230820707	0.01323723856222076	0.03592455705565679	0.02204100918352067	0.2128338532826873	0.1075214463182713	0.2257681926894229	0.40912619492495	0.2204224824638429	0.6382182457796609	0.3254345145740243	0.01201066617447587	0.01113649295483105	0.02930371971001668	0.1053998087158011	0.0143135552074756	0.0118211421001581	0.01897372636273824	0.01497379917877353	0.01932903793040837	0.05362303983355079	0.09793740798405595	0.1523248267014317	0.01291367538938081	0.01041441296383401	0.03446225484046258	0.02898586089527517	0.01833523439734611	0.8492412492819009	0.3443159618096304	0.1295571443726977	0.3036922332797838	0.2170871429514525	0.1254265850799848	0.01310096871965412	0.02258337616368961	0.01058094261986142	0.01058359208035762	0.01734171242991301	0.01101822898494157	0.01224145844282304	0.0127666890144833	0.03788631792750369	0.02221183376902653	0.2818033781999706	0.111577373734476	0.2430181471719329	0.3344695281450795	0.2553030097569743	0.7247748746293594	0.3888167905074161	0	0	0	0	0	0	0	0	0	0	0	0	0.1036872866668987	0.04473451547205747	0.01166423689855558	-0.02907621745410862	0.01193070765687988	-0.006544495875566064	0	0	-17.99771890418068	4.344279858910737	21.84893113697803	0.1361010533192946	8.519160383188655	-1.138220186415601	-56.29631122621159	-10.62914806272864	1.466399749602648	37.76092775119807	1.291316958032818	26.74447792453898	-131.1914748713652	-131.1914751599682	-77.88565738683663	-77.88565683035419	35.78787245824758	3.904762514172052	63.77145105693295	14.81906906430676	0	0
16.45625731039571	0.003397440875424882	-0.09748389022055343	-0.1503142882282724	2.398428003502893	0.998232428085191	0.99341538223326	0.4055918550451977	0.1923410804698212	-0.008125264668089988	0.01279793163773636	-0.1267639363690466	-0.1269821392482961	0.7085082385804425	0.7085082383793632	1.501303530162029	1.501303528395068	0.209947839213779	-0.1476752781051236	-0.16828034429013	-0.2858746491393622	-0.470358802412544	-0.3595642161353078	-0.09762279552799044	-0.2827509172179026	-0.5928907551047838	-0.08224578945039741	0.4485198868419721	0.08018899113416579	-0.2227128191685048	4.92686756028003	-1.057942851199276	1.144981050081165	4.627027846961494	4.627027873893404	5.929406147846827	5.929406165360514	4.588565615649371	0.8690005455586312	0.5987892487134269	-0.8596085684177199	0.01214425038266701	0.0112683762630522	0.02766320880350586	0.09857259545870989	0.0143429680332235	0.01188233797862846	0.01798689876045627	0.01526316368722922	0.01732361320024919	0.04731564781043087	0.09916925058382617	0.1632561770759989	0.02302728852673432	0.01676216321208839	0.04416311672517094	0.03694071287108239	0.0172731860013959	0.7839079756884992	0.3381176053283108	0.1369454171086465	0.2880010722231165	0.2100816940103786	0.123574303643996	0.01328483685428133	0.02406231482418093	0.01107434375738469	0.01055654838938578	0.01608240809856873	0.01124212292674562	0.01411117481293183	0.01319921396981103	0.03930670440317922	0.02191385690476209	0.2477182971791412	0.1117379424238823	0.2230706122553858	0.3747785964931147	0.2353841539263377	0.6674223995285226	0.3559793401880711	0.01205416167987416	0.01118699548943096	0.02478835498561364	0.09173700449531819	0.01408936579761762	0.01187786391534565	0.01632602452579758	0.01549954789060809	0.01605445921230642	0.04137278664011174	0.08961559523001388	0.1481871874602317	0.04502472899584789	0.0300436785977838	0.02371792392048184	0.02005503079409397	0.01555629737989768	0.8760171704484029	0.3288824977788039	0.09929598426959078	0.3223662042631861	0.2164923648338511	0.1113111288393149	0.01314195504847944	0.02668001268805156	0.01141909875900553	0.01074416173301755	0.01438182045216741	0.01136787605039	0.01846705465475762	0.0135045932322767	0.04515983113873585	0.0215044572123983	0.2969566030954425	0.1192143049442061	0.1997875749654145	0.3129859411385916	0.2518904518391198	0.7138614662257705	0.4082797961265079	0	0	0	0	0	0	0	0	0	0	0	0	0.08857995540768664	0.03242778866372952	0.01681605975455059	-0.02630190082008562	0.01072088119957313	-0.005854929378422697	0	0	-13.87020268703642	5.325754795148833	21.04051326420945	0.6683611788504524	10.75988081654832	-0.5180304939242132	-64.10956301179527	-11.23696131627306	-0.4390426353810749	30.8984237009283	7.024297943015323	27.09543897436437	-137.1392024740939	-137.1392032468179	-87.74513264835865	-87.74513172353375	3.613962863331948	1.645624544269492	53.37004604826877	20.53993627132675	0	0
16.4647906351957	-0.001073598607942915	-0.1003319157631372	-0.1504071303846546	2.396046264857744	0.9935872512849911	0.9927022789934359	0.4070305559883101	0.1925996404987451	-0.01004372767356727	0.05586947166518329	-0.1354548482966808	-0.1162611559188833	0.7429890529919151	0.742989052988082	1.548590760570134	1.54859075899179	0.2488725091099055	-0.1402227641744358	-0.1613850182761731	-0.2923894665957964	-0.5722952422038944	-0.3043257671666773	0.07228317067255405	-0.2746681261746067	-0.4934066237708701	-0.08401005146734694	-0.1160051315674304	-0.02183780973695323	-0.2263382888729577	5.156528696627559	-0.969209456969746	1.362027331720943	3.455369660178601	3.455369679045743	5.140232507463793	5.140232534781453	4.493733068505777	0.8753616758239986	0.9981367930603428	-0.6589184080736425	0.01210869137246495	0.01124033059983097	0.02450399611651486	0.09093518714031437	0.01412015942264157	0.0119001389863359	0.01612162043830635	0.01558416433348929	0.01545212779021359	0.04000472948818289	0.09177279779112944	0.1549415179920647	0.04607038803807483	0.03099620542383296	0.02926359804782967	0.02450991011925626	0.01532529085234019	0.8212519940231048	0.3307828992527646	0.1095699793743009	0.3069057311405751	0.2128175092612475	0.1133589275950653	0.01321906592383765	0.02693562713839188	0.01156891847465691	0.01072028245630571	0.01407530301182686	0.01143827542824343	0.01876032808993757	0.01363488700841232	0.04492700638087856	0.02144028601419599	0.2727113268960401	0.1177173610607821	0.2014058838986015	0.345013565213371	0.2417793427960316	0.6818489481660268	0.3813507158795517	0.01209765718527245	0.01123749802403087	0.0202729902612106	0.07807420027483528	0.01386517638775964	0.01193458573053319	0.01367832268885692	0.01602529660244265	0.01277988049420447	0.02912253344667268	0.08129378247597181	0.1440495482190317	0.07713578260231499	0.04967294423173359	0.0129735930005011	0.01112420069291277	0.01277736036244925	0.9027930916149048	0.3134490337479774	0.06903482416648388	0.3410401752465885	0.2158975867162496	0.09719567259864507	0.01318294137730476	0.03077664921241351	0.01225725489814966	0.01090473138567749	0.01142192847442181	0.01171752311583844	0.02469265086669219	0.01424249745007009	0.05243334434996802	0.02079708065577006	0.3121098279909145	0.1268512361539363	0.1565570027588962	0.2915023541321037	0.2484778939212654	0.7029480578221818	0.4277428017455998	0	0	0	0	0	0	0	0	0	0	0	0	0.07347262414847455	0.02012106185540159	0.0219678826105456	-0.02352758418606261	0.00951105474226638	-0.00516536288127933	0	0	-10.19885467431554	7.862854189660951	18.53172597357097	1.231979788473013	12.45824880789136	0.09809516977480097	-67.39605397685227	-12.8114724866868	-0.02797174397321384	22.82707413427823	13.88625212004182	23.08182187092741	-136.5005730991606	-136.5005741738993	-97.101619955788	-97.10161859828361	-24.93888088562544	0.02520875671180174	39.93330243165056	26.41206334459907	0	0
16.4733239599957	-0.006296292321352898	-0.1025999618143033	-0.1491580217757473	2.393754452529788	0.9898455530137162	0.9919958883774196	0.4035907955011557	0.1919217753600432	-0.01195107451730441	0.1006023406705795	-0.1431335040637697	-0.1038821393502944	0.7675601013368805	0.7675601014535419	1.588812780008882	1.588812778716192	0.2860215475958258	-0.1327600022705827	-0.1515858817787924	-0.2969883644431941	-0.6485950190095442	-0.2219078607286865	0.2151480709381237	-0.2616241765098706	-0.382000559200081	-0.08077260244143092	-0.6880952620322303	-0.1401017123618327	-0.2170353801388511	5.315998520181601	-0.8204427913412289	1.528277825817678	2.311417928615311	2.311417937902685	4.274783076958411	4.274783116789342	4.181768665419058	0.8733491542943235	1.278382469575099	-0.4122835674143844	0.01216396854288501	0.01128145299886166	0.02218291849699387	0.08467890150376435	0.01396023068369268	0.01183752644824617	0.01478098660406251	0.01615502073457642	0.01362316540089191	0.0345280846463216	0.08703415240072684	0.1495116465216747	0.05589809080507449	0.05873614296487289	0.01945390251707732	0.01652963322663412	0.01354745320269057	0.8453866526457325	0.321934040048798	0.08661103090015101	0.3232919424997229	0.2164195604290827	0.1058711560439418	0.01316929608256992	0.04461066404357234	0.01153567467958817	0.01065128126022459	0.0125088312771439	0.01152175695176369	0.02041713212812533	0.01387472829208091	0.04651049779509731	0.02147539793749944	0.2921231734706262	0.1281736498466924	0.172080240044857	0.3192574362686025	0.2407419359672377	0.6815651287146703	0.3944937209274367	0.01228693530361965	0.01136838197268528	0.0207066457327224	0.0799300706731108	0.01383572889964211	0.01167984443938122	0.01397739057283333	0.01698336146115713	0.01200153797199996	0.03137064765189925	0.08401710727630585	0.1436054753217841	0.05225271459862296	0.1059718472791851	0.01180588110132491	0.01057753657833883	0.01193168390748544	0.8786923593390764	0.3061592135665119	0.06242461237599529	0.3499992453204813	0.2248042585828226	0.1000713059821423	0.01309446499649359	0.0804823991794333	0.01090588988921081	0.01035899410426038	0.01142691512993477	0.0114656936868099	0.01904770990861955	0.01387469361302055	0.04385810707238778	0.02207364114198147	0.3224942459391942	0.1481507015659916	0.123992414386744	0.2753764069299975	0.2316871321003519	0.6616232520294056	0.4020708906873975	0	0	0	0	0	0	0	0	0	0	0	0	0.0597365001395983	-0.002540365633146766	0.02940139578639028	-0.0183042680177478	0.008511143873420611	-0.005018850729358766	0	0	-7.965855044807538	11.60578601314652	14.79488506132345	1.830742654777244	13.55165982070338	0.6441361139188466	-65.93973252441081	-14.95602061703027	2.539352000712343	14.57144629274232	20.92414297167652	15.34567008972233	-130.9478646699778	-130.9478658079516	-105.553434916081	-105.5534334264314	-46.9383281086298	-0.2352876006518678	25.78680220845397	31.07650786252575	0	0
16.48185728479569	-0.01210898463593195	-0.104019722619016	-0.146835470657062	2.391596126537554	0.9870871652376128	0.9913356657223878	0.3953727374177207	0.1901550112634785	-0.01366283381715183	0.1463973688112062	-0.1492937160077827	-0.09040155492750912	0.782614276237324	0.7826142763923246	1.62135647457477	1.621356473672066	0.3197992998221045	-0.1253046579639985	-0.1399038907450105	-0.2993397211008518	-0.7128638557505278	-0.1047736782528936	0.3229627428147211	-0.2433410587797514	-0.2637569014706373	-0.07336087158967741	-1.230514946812667	-0.277007080318208	-0.1780041329368883	5.405691503984789	-0.6145392925073111	1.616500733234596	1.229173285567648	1.229173285345872	3.342452590446837	3.342452641267071	3.714432214079369	0.8758750017455317	1.440586729605945	-0.1357377298358099	0.01230137743019446	0.01137755579472091	0.02150776511823834	0.08278580462138978	0.01388027249278437	0.01165752590098566	0.01443253415982139	0.01695788641907444	0.01242952854624137	0.03354623493247116	0.08631328594262626	0.1465446746125586	0.04568678982213496	0.1009500398102598	0.01471652667273097	0.01296133934918741	0.01233299602421302	0.8523964282512972	0.3136923377206399	0.07190016327682718	0.3363495194942174	0.222465890154405	0.1037954149719441	0.0130958996603977	0.07976407028897742	0.01069610733405107	0.01029034701983812	0.01189786271392467	0.01140039538645852	0.0176629750542258	0.01374370052541451	0.04221174359381361	0.02225323771950735	0.3073396778535372	0.1439900278878912	0.1401444448613698	0.2971473511046879	0.232519064528118	0.6663808796958798	0.3918065285586108	0.01247621342196685	0.0114992659213397	0.0211403012042342	0.0817859410713863	0.01380628141152457	0.01142510314822925	0.01427645845680974	0.01794142631987161	0.01122319544979544	0.03361876185712583	0.0867404320766399	0.1431614024245363	0.02736964659493094	0.1622707503266366	0.01063816920214872	0.01003087246376489	0.01108600745252164	0.8545916270632481	0.2988693933850464	0.05581440058550671	0.3589583153943741	0.2337109304493956	0.1029469393656395	0.01300598861568241	0.1301881491464531	0.009554524880271968	0.009813256822843272	0.01143190178544772	0.01121386425778136	0.01340276895054691	0.01350688977597101	0.03528286979480753	0.02335020162819288	0.3328786638874739	0.169450166978047	0.09142782601459185	0.2592504597278914	0.2148963702794384	0.6202984462366294	0.3763989796291951	0	0	0	0	0	0	0	0	0	0	0	0	0.04600037613072205	-0.02520179312169512	0.03683490896223495	-0.01308095184943298	0.007511233004574844	-0.004872338577438203	0	0	-7.325168416229849	15.86203695684545	10.41954038679376	2.458427300403457	14.07423982919717	1.070073306440155	-60.70212913980838	-17.07003761175071	6.856998690591602	6.455026031958288	27.10910949578984	5.007261260880663	-122.3550022403064	-122.3550033245309	-112.7210157559927	-112.7210147947007	-61.34474346968624	1.078151874396605	12.43584474504014	33.22438825555611	0	0
16.49039060959569	-0.01846048694016788	-0.1042867999938992	-0.143754210203365	2.389616942928816	0.9853508521197265	0.990752470154207	0.3827454109034009	0.1871495227486029	-0.01486831818746154	0.1926605793821362	-0.1534908758187611	-0.07656376825918261	0.7887660120967676	0.788766012211084	1.645701607399984	1.645701606953329	0.3491516042689125	-0.1177630287999633	-0.1273077644232538	-0.2992930469374622	-0.7761249416941327	0.0477009426807306	0.392969533501652	-0.219607957598442	-0.1431011666681324	-0.06292775431396377	-1.718976346355152	-0.4294333631158483	-0.09676393527259461	5.42527868606741	-0.3629103622400143	1.610267658443684	0.2265993219754669	0.2265993127361277	2.355468883908899	2.355468938325991	3.154221101117867	0.895376491847971	1.494622503027327	0.1447941570019673	0.01257321360927705	0.01160433428193272	0.019949436767336	0.07438908806826977	0.01371626168551886	0.0116416810649203	0.01404406307306557	0.01939281878750714	0.0126795009020478	0.03186449192467973	0.08039443869050016	0.137032498704784	0.06997082305768342	0.1221066014422079	0.01233290611126299	0.01132527387755511	0.0115281031431865	0.8475361012781246	0.301702930903186	0.05668101566019982	0.3447310208355985	0.2246329371597379	0.09988600741800974	0.01337337492897064	0.1100131194562363	0.01057804175200981	0.01029035146238615	0.0115916456591163	0.01228922541653633	0.01388843827669655	0.01482633028213634	0.0371669022282896	0.02237449750610022	0.3235726640668393	0.1598763384881858	0.1127551551854768	0.2702691556435247	0.216349616764546	0.6347946335999284	0.3756751165456328	0.0129917201476334	0.01197243451270087	0.01696065856501955	0.05490025777286333	0.01343603348957058	0.01179831675861181	0.01336688964913237	0.0237075594097923	0.0141786590444634	0.02814269441085341	0.06555921513100055	0.1138852229454505	0.1416391365144911	0.1243678907996871	0.01071381597443909	0.0103328189018573	0.01088298869435665	0.8242162812511943	0.2735533941540871	0.03431759917461643	0.3545926515831619	0.2216744510467967	0.09066426866275422	0.0140217177679837	0.1432518538285635	0.01126468164616869	0.01067895357796349	0.01133985473296732	0.01427526886785362	0.00949406544414833	0.01726983816705542	0.03168128320492582	0.02173656380091192	0.3572713583384796	0.1824608122793774	0.0806514986721991	0.2133768901803491	0.1813171474777731	0.5419765603329392	0.3299733312308571	0	0	0	0	0	0	0	0	0	0	0	0	0.03508240726075566	-0.04702171623915883	0.05296948213515475	-0.007696177885504822	0.006968951407838886	-0.005780189541010393	0	0	-7.552844498489018	19.72977867164639	6.044554515563054	3.107098085781111	14.14063575146645	1.349808147400214	-53.68336162514484	-18.48682774988101	12.30182561866263	-1.983599492706769	31.49896554813072	-6.544119079027781	-112.5674558761075	-112.5674569070927	-118.3252729504175	-118.3252731380782	-68.97694934331246	3.653944423831002	0.475489625345547	31.89431511524991	0	0
16.49892393439569	-0.02536014609040681	-0.1031251330037873	-0.1402285903217189	2.387864117944809	0.984642353729792	0.9902666319699513	0.3662054858432823	0.182805326494454	-0.01517723064501761	0.2387726732547309	-0.1554095234853521	-0.06320040810242764	0.7867185060248252	0.7867185060238728	1.661441202432193	1.661441202427379	0.3735091884899188	-0.1099518038122484	-0.1146678678734305	-0.2969474576567666	-0.8409210120172813	0.2282450821795066	0.4280959736387456	-0.1902631007251501	-0.02330291591758725	-0.05076077392148591	-2.14832185725488	-0.5890405780713953	0.03228898055598441	5.368728505169994	-0.08404188482255258	1.505799831681886	-0.6930463221166634	-0.6930463396937689	1.328015274738698	1.328015322102574	2.550330532993454	0.9398784023846183	1.452993819156721	0.3975825118356607	0.01299318510082491	0.01198143302773524	0.01680239293642077	0.05549477049979983	0.01342570804911788	0.01186341315899909	0.01333836726549669	0.02381701000711633	0.01457655890083416	0.0279297648627555	0.06595852976284441	0.1172160272390433	0.1408807053826788	0.111921456434051	0.01144178894914844	0.01087019470613673	0.01109002075288908	0.8336422933013523	0.2838047497007166	0.03745926024954659	0.3477453088484485	0.2202318742325451	0.09146350093773745	0.01409967208280229	0.1301676071150902	0.01157814948116091	0.01082032451716779	0.01141629746987439	0.01449973710694746	0.01000950563405683	0.01753155134761825	0.03292911323437656	0.02145536012746929	0.3430487223259374	0.174067245746698	0.09321358129027292	0.2341768430764362	0.1916928151130885	0.5856982432637904	0.3468408028319067	0.01350722687329995	0.01244560310406204	0.01278101592580489	0.02801457447434035	0.01306578556761658	0.01217153036899438	0.012457320841455	0.02947369249971299	0.01713412263913136	0.02266662696458099	0.04437799818536121	0.08460904346636471	0.2559086264340513	0.08646503127273765	0.01078946274672947	0.01063476533994971	0.01067996993619165	0.7938409354391405	0.2482373949231279	0.01282079776372616	0.3502269877719498	0.2096379716441978	0.07838159795986893	0.01503744692028498	0.156315558510674	0.01297483841206541	0.01154465033308371	0.01124780768048693	0.01733667347792589	0.005585361937749752	0.02103278655813984	0.02807969661504412	0.02012292597363096	0.3816640527894852	0.1954714575807079	0.06987517132980636	0.1675033206328068	0.1477379246761077	0.4636546744292487	0.2835476828325191	0	0	0	0	0	0	0	0	0	0	0	0	0.02416443839078928	-0.06884163935662255	0.06910405530807456	-0.002311403921576661	0.006426669811102929	-0.006688040504582582	0	0	-7.491442676705612	22.30692415397575	2.363228849557134	3.77342853258867	13.89688541510199	1.476377083316096	-47.20904873521199	-18.6976749442058	17.84940834988502	-11.50072791825203	33.41639360439129	-17.74838946519613	-103.135364912148	-103.1353657959941	-122.1814731137118	-122.1814745393689	-72.02290719605658	6.800921552333566	-9.971851258563019	26.71623131072494	0	0
16.50745725919568	-0.03279752696279723	-0.1003506786053608	-0.1365225097510809	2.38638615283056	0.9849446548902486	0.9898873921081423	0.3462138035854996	0.1771075048200494	-0.01419479787641745	0.2840382707696784	-0.1549110015806809	-0.05111780101988991	0.7771528032675322	0.7771528030894198	1.668295130197344	1.668295130533477	0.3926329994331486	-0.1016472452170119	-0.1027438276520326	-0.2926782858407294	-0.9003539393051289	0.4230179972224626	0.4372161942298854	-0.155167648139621	0.09353563899992164	-0.03815597248140339	-2.531235108582595	-0.7448648121716952	0.203919375357143	5.224792647777831	0.1998637626444998	1.312799912782006	-1.537345627622353	-1.537345650803441	0.2755307847099329	0.2755308161441126	1.930085574041613	1.010557207269215	1.329263750680438	0.5905420838294838	0.01283854055010167	0.01190992799186771	0.01486654686351646	0.04757605999336048	0.01299507619029119	0.01182559893026043	0.01268663187640645	0.02445560070765841	0.01603014442185409	0.02523666610083485	0.05302737113153332	0.09753811038830114	0.164636881685766	0.110995243004153	0.01110556909684628	0.0107724099228538	0.01094991549456121	0.8100375344091497	0.2556828816757212	0.02278662699612689	0.3465918182819127	0.2091055286783946	0.07803847513735225	0.0139695872404123	0.1406130066369353	0.01274819400709038	0.01158564545783005	0.01126386052676713	0.01503037718833844	0.01707711600135442	0.01825702815891674	0.02765256694404637	0.01962471339776898	0.3628622734138916	0.1794131867044825	0.07782846297929631	0.1975834349701532	0.1625302784781043	0.5234138166097563	0.2955474374051323	0.01210024014091056	0.01138421549513991	0.01410848197917761	0.0519186070887115	0.01239858242471515	0.01149684458353335	0.01205612954431023	0.0211687714322918	0.01696949448672623	0.02376311188464824	0.04078227830311314	0.07423960023642853	0.129332039534749	0.1297055174671932	0.01094462080085739	0.01076312647309181	0.01099582909155165	0.7419167303505058	0.1940460326718245	0.01111114807519913	0.3403344494164381	0.1841300814877563	0.0560287354312896	0.01293525850413058	0.1466533673348941	0.01402624429789097	0.01257246821967757	0.0110869830371989	0.01381637995797643	0.03537165621839258	0.01691162429357214	0.02020711001329762	0.01684802050849185	0.3998131877614155	0.1765754887812239	0.05943736012556487	0.1422160203512476	0.115345011141189	0.3765292365719239	0.1720975302924483	0	0	0	0	0	0	0	0	0	0	0	0	0.01529708694416862	-0.08032774842145908	0.08839287165403753	0.00239712359519884	0.006223362552897718	-0.008182994126257601	0	0	-6.174181687057117	23.00918525430751	0.04974066540496608	4.453569339023904	13.46258468369258	1.453899109246628	-43.00166994302674	-17.63498636466015	22.00491418598971	-22.47460163700148	32.70810119313277	-27.0545793821627	-95.00126353915276	-95.00126388483794	-124.1818120120953	-124.1818142172264	-73.28582509082467	9.635127372534528	-18.71227635287108	17.96639409253672	0	0
16.51599058399568	-0.04067396705746848	-0.09591253206160565	-0.1328018150917976	2.385232477134249	0.986226526056513	0.9896132145191049	0.3230729494403767	0.1701306448994266	-0.01162829733765689	0.3276597751893237	-0.1520439650066331	-0.04098660375851092	0.7606602962378038	0.7606602958600361	1.66611764961367	1.666117650134081	0.4064148780927139	-0.09264847751433714	-0.09216935576789155	-0.2871178318047991	-0.9413820016231291	0.6154383879412624	0.4340702801465556	-0.1142608495239393	0.2061074870394837	-0.02632465984078633	-2.890553101773381	-0.8876338979483106	0.3993008236099152	4.981644566122428	0.4680027514175404	1.052762496968519	-2.318601159566574	-2.31860118181455	-0.7861040620081046	-0.7861040504602941	1.297079349655126	1.100858133275975	1.139742116497424	0.6962610628121526	0.01191934682171834	0.01123333414465547	0.01490743106508643	0.05769859470397257	0.01242009486995602	0.01139854358572259	0.01218725289522086	0.01972391672327242	0.01649861857351442	0.02479428884530155	0.04520113519446587	0.08236307735311933	0.1110183460673934	0.1328570253040134	0.01106988112221215	0.0108130266969593	0.01108876478783324	0.7763003708485462	0.214862113030429	0.01558315920194825	0.3417849567548102	0.1910390943724239	0.05934911340257581	0.01263782372401378	0.1407730367106379	0.01384344437866282	0.01251010130112688	0.0111062136539808	0.01309439647060863	0.03753418518334126	0.01604711390180873	0.02077373175092729	0.0169154088568654	0.3817384960101705	0.1729709951934969	0.06484975154607567	0.1650449479777828	0.1307275213650849	0.4499616958979454	0.2146613494434846	0.01069325340852117	0.01032282788621778	0.01543594803255034	0.07582263970308266	0.01173137928181373	0.01082215879807233	0.01165493824716546	0.0128638503648706	0.01680486633432111	0.0248595968047155	0.03718655842086505	0.06387015700649236	0.002755452635446683	0.1729460036616488	0.01109977885498531	0.0108914876062339	0.01131168824691164	0.6899925252618709	0.139854670420521	0.009401498386672105	0.3304419110609264	0.1586221913313147	0.03367587290271028	0.01083307008797619	0.1369911761591142	0.01507765018371653	0.01360028610627144	0.01092615839391088	0.01029608643802698	0.0651579504990354	0.01279046202900444	0.01233452341155112	0.01357311504335273	0.4179623227333459	0.15767951998174	0.04899954892132338	0.1169287200696884	0.08295209760627036	0.2894037987145991	0.06064737775237745	0	0	0	0	0	0	0	0	0	0	0	0	0.006429735497547969	-0.09181385748629561	0.1076816880000005	0.00710565111197434	0.006020055294692505	-0.00967794774793262	0	0	-3.147308927574524	21.79815545402939	-0.4814368050237597	5.13111323648086	12.90334343796918	1.29980727283776	-41.68973203279759	-15.74646969399298	23.18003625940213	-34.6718326825811	29.84384966549077	-33.33625361396899	-88.31956227465292	-88.31956167003572	-124.3443023524876	-124.3443047051665	-75.4027687472926	11.2588556401182	-25.30457615607812	6.4333315391632	0	0
16.52452390879568	-0.0487694598080852	-0.08989572626337054	-0.1291060232100558	2.384452195829826	0.9884473458401201	0.989433146217273	0.2968811143329412	0.1620077269896066	-0.007398275599556299	0.368753022391457	-0.147011506015498	-0.03326283940487969	0.7377310522196034	0.7377310516858745	1.65489559139019	1.654895591927068	0.4146894150297268	-0.08284170194675287	-0.08342132741777968	-0.2810990248408487	-0.9493471778313378	0.7910103363508572	0.4337305252843833	-0.06771113817661684	0.3134493583673991	-0.01622427270950301	-3.249835094223032	-1.013337717252275	0.5881392112443279	4.631419978203588	0.7055762861139933	0.7532070459651617	-3.047226257820152	-3.04722627084139	-1.8419861278573	-1.841986134933916	0.6354493228660495	1.197179483485561	0.90497774891116	0.6956148747887383	0.01139200665791219	0.01078900474235366	0.01597158586793199	0.06387238988569825	0.01234446544155634	0.01117891740372639	0.01188628381771992	0.01536370886146247	0.01574799985258112	0.02336038358657222	0.03829906309932758	0.06491725688367712	0.07114174222742131	0.1512127189976697	0.01103870691133043	0.01084666811131738	0.01126560481690579	0.7269002084400115	0.1697685938501464	0.01222715971812533	0.3290047705567254	0.1683753043768788	0.04201174973063914	0.01177372685407429	0.1421580258373934	0.01504300236062989	0.01368261707790608	0.01096676816743637	0.01150741257074273	0.05975839552448748	0.0138976664506812	0.01557586842886536	0.01476344023343782	0.3808616755626341	0.1614067173947963	0.05079940239632054	0.1366399972287343	0.10515232795346	0.3691616978302841	0.1415383667317461	0.01130324485941174	0.01061577372975508	0.01775870602315754	0.06314126179862695	0.01274942047609657	0.01119597363200288	0.01169866035177691	0.01181857696445746	0.01393170985889814	0.02025087711968269	0.02952550121427801	0.0385244571811818	0.05954053029297855	0.1672627458640121	0.01095014926788625	0.01085200320449043	0.01144832732536542	0.5890765204057079	0.09976183067521874	0.01029383036603103	0.2939472731770785	0.1300088474157595	0.02368609571118802	0.01145870181524724	0.1491200605574088	0.01652764179113644	0.0152209885681741	0.01082637593404743	0.01050764809148245	0.0872865768990557	0.01208033882418367	0.01154414671543634	0.0130005324754593	0.3457305582196267	0.141405732442841	0.03142644395177129	0.0983134351893246	0.07802194142722969	0.2058823221462928	0.05829916624923887	0	0	0	0	0	0	0	0	0	0	0	0	-0.001434701690203375	-0.08921939793616447	0.1176879682675846	0.01088018808693721	0.005909225966239845	-0.01071898611399457	0	0	1.521479699373972	19.18239350095595	0.6294921598999544	5.767478889394228	12.2361717805166	1.058211016650064	-42.84189736548566	-13.7620464385333	20.38795436337642	-47.43498397026085	25.70897853391816	-36.36570168339902	-82.52181558127378	-82.5218140833844	-122.8869410959896	-122.8869430203097	-80.20718241425089	10.95212470463929	-29.23608116971274	-6.750017976477329	0	0
16.53305723359567	-0.05674774216782401	-0.08248550072203717	-0.1253587191720211	2.38409124335546	0.9915583763275525	0.9893300235606064	0.2675626944902229	0.1528790680182479	-0.001707997459031209	0.4063947918008839	-0.1401087018332221	-0.02817146341517661	0.7087937753926051	0.7087937748083617	1.634732787812288	1.634732788228265	0.4171030601907757	-0.07225127844742023	-0.07678339485196847	-0.2755730553507402	-0.9124378722716174	0.9412248775482142	0.4474630569947452	-0.01613302884555112	0.4145613767695037	-0.008316675802580109	-3.624932809894009	-1.124188467689167	0.7358783831852592	4.173346831279369	0.9059532612305891	0.4394533686282946	-3.726489476457269	-3.726489474821475	-2.879811864190986	-2.879811884202179	-0.08128083149652318	1.281306299638036	0.6495915460577811	0.5804648921416209	0.0115597174014873	0.01079564752984788	0.01779672492478717	0.05937382982761055	0.01293647941621101	0.0113222896858558	0.01179565899740537	0.01298755738778155	0.01370679528327643	0.02001596119023882	0.03087421020605536	0.04247283124966897	0.08225817330848713	0.1572333750872822	0.01093503206152442	0.01083558664524751	0.01141786007200315	0.6584494697549148	0.1248127610274389	0.0114470167747027	0.3059865822128888	0.142145161633202	0.02851270798282166	0.01181870496084947	0.1489287329810059	0.01639341274156309	0.01512685564063795	0.01085157808388834	0.01101662707877188	0.08118956002803526	0.01261748447154633	0.01301318796301646	0.01356413038504528	0.3505437481053909	0.1473395409765463	0.03437968130753678	0.1122944249874547	0.08976062308262318	0.2827930617602379	0.09901983837638237	0.01191323631030231	0.01090871957329238	0.02008146401376475	0.05045988389417123	0.01376746167037941	0.01156978846593344	0.01174238245638835	0.01077330356404433	0.01105855338347517	0.01564215743464987	0.02186444400769097	0.01317875735587123	0.1163256079505104	0.1615794880663753	0.0108005196807872	0.01081251880274696	0.0115849664038192	0.488160515549545	0.05966899092991645	0.01118616234538995	0.2574526352932308	0.1013955035002042	0.01369631851966576	0.01208433354251829	0.1612489449557033	0.01797763339855635	0.01684169103007676	0.01072659347418397	0.01071920974493793	0.109415203299076	0.0113702156193629	0.01075377001932157	0.01242794990756587	0.2734987937059074	0.125131944903942	0.0138533389822192	0.07969815030896077	0.07309178524818905	0.1223608455779865	0.05595095474610028	0	0	0	0	0	0	0	0	0	0	0	0	-0.00929913887795472	-0.08662493838603331	0.1276942485351687	0.01465472506190008	0.005798396637787185	-0.01176002448005653	0	0	7.214310909734363	16.00625642037098	2.664899276348248	6.296180737652252	11.43492795633691	0.7981171653446585	-45.09416245507927	-12.35856486980785	13.62107345515495	-59.73542013767781	21.28139081243571	-36.82872842055029	-76.54808323572671	-76.54808142140652	-120.1758753459727	-120.1758763972873	-88.30084493257516	8.391987245970947	-30.07217916464672	-20.12756698007892	0	0
16.54159055839567	-0.06420195862709287	-0.07390796593988323	-0.1214174585382331	2.384187561016336	0.9955008239398564	0.9892853094644046	0.2349670814852192	0.1428445780967199	0.004954366058355374	0.4396990329529293	-0.1316530290022846	-0.02575264293310668	0.674291110391979	0.6742911098847886	1.605824661724323	1.605824661943745	0.413071301880473	-0.06106200577144957	-0.0723143728186567	-0.2715025555990295	-0.8268333722384305	1.064997182261075	0.4791765031283001	0.03917955441926349	0.5080195001639302	-0.002467882860346012	-4.016401130471539	-1.227004252413412	0.8113585183714672	3.617701302329212	1.07026264676139	0.1289984029402196	-4.349594620447155	-4.349594604614912	-3.890352962433462	-3.89035298703893	-0.8787819980681235	1.334696591184856	0.4015138660230196	0.3568913947308489	0.01254391467621662	0.01142365279958397	0.01795890654749527	0.04917535111126386	0.01342393245145464	0.01162608019697835	0.01159218455300645	0.01341808375748052	0.01380920389591232	0.01868746845060284	0.0286558349192014	0.03609059400846554	0.09871585853087878	0.1621387521747534	0.01082290296670982	0.01074358987921295	0.01132108905231204	0.5730140358763767	0.08482747741455386	0.01130743105931301	0.27319770057304	0.1165572234492293	0.02094842187089503	0.01214457753554513	0.1603013033481578	0.01831711070645477	0.0170523598863326	0.01083824597408255	0.01454096421526358	0.09436275398919641	0.01396887895363976	0.01165029461354698	0.0129298838207802	0.3066963601441471	0.1345537697699253	0.02275653508380859	0.08535297535553167	0.07572335426305206	0.2030692955305283	0.07447117736937378	0.01428695008984699	0.0126247485774203	0.01642658083372432	0.0331670645644917	0.01375365300127748	0.01204999456337084	0.01121576583092915	0.01611309868207184	0.0161787835856849	0.01945560528141444	0.03120826076685737	0.04568368327553386	0.1108803177904144	0.1722737627984678	0.01070169664101831	0.01057299277633929	0.01098526109289159	0.3652592421428382	0.03691877337495856	0.01123303155972124	0.205053614187822	0.0823295532434721	0.01686466033076508	0.01259984015948777	0.1816609911357404	0.02105006246235545	0.01966853767317649	0.01091261893433168	0.02208498061114464	0.1031565275459326	0.0177870015519552	0.01067470358321112	0.01254206273892988	0.2201804255112093	0.1183558806105852	0.01441860023224796	0.04462893877737958	0.05533804402124837	0.08616225666821044	0.04966951684933877	0	0	0	0	0	0	0	0	0	0	0	0	-0.01751556107269294	-0.0718646829303415	0.1160669651656623	0.01779005809922532	0.005580924301968924	-0.01138039908667157	0	0	12.67872604193825	13.10416336603588	4.695255718389782	6.62644966921204	10.4268782060324	0.5844750395236579	-46.26692936684998	-11.90466944161976	3.616855319826302	-69.99641103817103	17.3617903323662	-35.76020981019146	-69.15671865063467	-69.15671724688039	-116.5335116923549	-116.5335117327376	-98.89733369272713	3.847062559779223	-27.48613368226313	-31.8086483532754	0	0
16.55012388319566	-0.07074410017642993	-0.06437142712962338	-0.1171389508236993	2.384764618996299	1.000200703831392	0.9892836631136946	0.1990238524814493	0.1319379748166648	0.01186757920331175	0.4679301230068469	-0.1219274699479233	-0.02593377860657134	0.6347676896516331	0.6347676893208667	1.568435398080365	1.568435398098186	0.4018344215391965	-0.0495994588829579	-0.06982623270306788	-0.2697243035751369	-0.701259192682441	1.167085751284943	0.5254352179738806	0.09612431560054364	0.5916590315355413	0.001894562225118827	-4.404558157993848	-1.329789595468942	0.7917624824185213	2.989873180828529	1.204879518486181	-0.1689495343062075	-4.89973036788384	-4.899730343617119	-4.866509367307027	-4.866509388987018	-1.770813214175965	1.343765179994355	0.190096503712064	0.04883785540421164	0.01437315291004767	0.01271553505867643	0.01580842551577902	0.03467842859253333	0.01360541815740136	0.0120374535751957	0.01119119050881916	0.01682906592540916	0.01695530848646534	0.02045357103820567	0.03325831488297591	0.05209374064679961	0.1031656093072288	0.1698493269135797	0.01071893187242042	0.01056126500037892	0.01091667682990323	0.4708106967267809	0.05218376728344316	0.01128211241550509	0.2305979801193595	0.09356147609132982	0.01974935841670042	0.01258600937719418	0.1759404668790552	0.02092435458358923	0.01951346406196123	0.01094690295589104	0.02277021811175112	0.09689327431313095	0.01838590458174213	0.01106957752133826	0.01275209138286454	0.257143162717486	0.1246478381359482	0.01825016611588264	0.05275928241623813	0.05931365025712372	0.1381096227823633	0.05928011479854845	0.01666066386939167	0.01434077758154822	0.01277169765368389	0.01587424523481216	0.01373984433217554	0.01253020066080823	0.01068914920546996	0.02145289380009935	0.02129901378789462	0.02326905312817902	0.04055207752602377	0.07818860919519649	0.1054350276303183	0.1829680375305604	0.01060287360124943	0.01033346674993162	0.01038555578196398	0.2423579687361314	0.01416855582000067	0.01127990077405253	0.1526545930824132	0.06326360298673998	0.02003300214186439	0.01311534677645726	0.2020730373157776	0.02412249152615455	0.02249538431627623	0.01109864439447939	0.03345075147735135	0.09689785179278927	0.0242037874845475	0.01059563714710068	0.01265617557029388	0.1668620573165112	0.1115798163172284	0.01498386148227672	0.009559727245798394	0.03758430279430769	0.04996366775843442	0.04338807895257726	0	0	0	0	0	0	0	0	0	0	0	0	-0.02573198326743115	-0.05710442747464967	0.1044396817961559	0.02092539113655055	0.005363451966150662	-0.01100077369328661	0	0	16.33171804703039	10.96117364250493	5.979983049345114	6.664517406839347	9.120459159236447	0.4526567372229943	-43.96045351096542	-12.28353959738962	-8.423720181061052	-76.36932284329113	14.34404637437125	-34.00804297764314	-59.31592366758574	-59.31592313489475	-112.1369402562515	-112.1369396239976	-110.0683799807245	-1.809217358782027	-21.56130227209112	-39.53928829653191	0	0
16.55865720799566	-0.07611474924325273	-0.05403250881646852	-0.1124317336148041	2.385824785742444	1.005562654666206	0.9893154806340403	0.1599096355477533	0.120136068404421	0.01816541014980783	0.4906310512001347	-0.1111526189091332	-0.02858989643396242	0.5909423888224582	0.5909423887067978	1.522884497260804	1.522884497119085	0.3825941788360794	-0.03826787457319053	-0.06889435384279995	-0.2707876986121473	-0.5563661486961432	1.25401500818056	0.578096956194973	0.1518985169372494	0.6627152150152562	0.005491303823181808	-4.752635858487857	-1.437015655506839	0.6666900691891	2.328732444493815	1.317295597959556	-0.4507222493745178	-5.353821140747209	-5.353821115879345	-5.802323176742221	-5.80232319239367	-2.751866094141536	1.304183387933658	0.03993413771761672	-0.3003610353097079	0.01755032433444475	0.02000138024328617	0.01446014873876334	0.02348609631914563	0.01424608364986735	0.01331168646394467	0.01141409766618454	0.02491152478069132	0.01658852911389063	0.01891463999016701	0.03301704847477959	0.05637575130061647	0.1039678324573878	0.1689852369124487	0.0108399843860281	0.01059694911703756	0.0108068944765853	0.3686886843377037	0.0302973174449447	0.01143241273841585	0.185162607976701	0.07224666381417937	0.01959642599873419	0.01539940925220308	0.1833570626233543	0.02209708720628575	0.02099519336462289	0.01126592391834673	0.04049718810867581	0.09425755610433151	0.02595656259429234	0.01211167597732509	0.01397973366006088	0.2086425606849896	0.1124173860929225	0.01501842550926225	0.02953089248426794	0.04360205752024159	0.08693519488791292	0.04555292173399275	0.0223172428189461	0.03393592692825577	0.01412835843991588	0.01465510369578378	0.01546606249260345	0.01554672053954921	0.01228235821350482	0.0382546771417047	0.01226418132033334	0.0133685231437702	0.02647323808509394	0.04432325003400997	0.1041106408129712	0.1552978792302851	0.01118373313640574	0.01085597221417857	0.01101354993884472	0.1811818113428491	0.01262588755598534	0.01174415221873889	0.1137277933401769	0.04535324946906272	0.01904711624507499	0.02081405291459775	0.1825357873048484	0.02196160655792103	0.02168579691531785	0.01179951339464924	0.07042390655602417	0.08763599309538161	0.03728069595109775	0.01464615801406381	0.01660191709014183	0.1335459564353948	0.09134060983135821	0.0109324692092687	0.01301277635918273	0.02569778335506667	0.02759077514654016	0.02733042049103032	0	0	0	0	0	0	0	0	0	0	0	0	-0.03464376213185221	-0.03754345497927478	0.07509123601747725	0.02262461161864613	0.005049896685001979	-0.009277662362081428	0	0	17.12359818757211	9.48289190194874	6.176637745909319	6.345048783247673	7.48053813880944	0.4018626376335216	-36.79112495026097	-12.77602851936345	-20.76121592591752	-77.73318096667107	12.09662569121168	-31.99790285611592	-46.65936846619939	-46.65936882849183	-107.0974563261633	-107.0974556465197	-119.3386474440665	-7.338669486260077	-13.43196255433828	-41.12217407886907	0	0
16.56719053279566	-0.08025559571988865	-0.04300288778064523	-0.1072809306128872	2.387344707041241	1.011467702052002	0.9893768456007521	0.1181437709166285	0.1074103544914172	0.02296346553464489	0.5077005502654913	-0.09949527799877998	-0.03357407072378538	0.5437337947816452	0.5437337948566846	1.469538176751013	1.469538176496835	0.3546904087704397	-0.02746245786098073	-0.06894122168472686	-0.2747985282210728	-0.4170007130173707	1.329003132940692	0.6279635540141139	0.2033482068928395	0.718570580237708	0.008885363111820197	-5.019666465833311	-1.544783707702098	0.4430625166683189	1.676745441609329	1.412095760813526	-0.7141114339767154	-5.6893499707191	-5.689349951714598	-6.69281730571317	-6.692817316906418	-3.795150662571787	1.222350860767127	-0.03945992644840106	-0.6310126305510091	0.02220066698052488	0.03450292358900004	0.01475265035601727	0.01808542407738188	0.01554520110066751	0.0156417339136029	0.01247356321515269	0.03802335492869577	0.01094056762637219	0.01229125770747997	0.02455551433119128	0.03862557313662317	0.103642892648595	0.1548945151036192	0.01124220079197399	0.01093052127885279	0.01114837787820797	0.2772297523877543	0.01980352746484684	0.01177441903246725	0.1406398232784198	0.05217013737522572	0.01894138775245641	0.02114647392217543	0.1777076437488071	0.02126631408737546	0.02109576584442049	0.01181807202118921	0.06865182306681539	0.08803551070797117	0.03667839440638281	0.0149838129845186	0.01685312291122144	0.1650217631224261	0.09572992825767714	0.01126583175713094	0.02137943097449108	0.02973606916642199	0.04820036814554804	0.03015069958623674	0.02797382176850054	0.05353107627496331	0.01548501922614786	0.01343596215675539	0.01719228065303136	0.01856324041829019	0.01387556722153968	0.05505646048331004	0.003229348852772058	0.003467993159361374	0.0123943986441641	0.01045789087282344	0.1027862539956241	0.1276277209300098	0.01176459267156205	0.01137847767842552	0.01164154409572546	0.1200056539495667	0.01108321929197001	0.01220840366342524	0.07480099359794058	0.02744289595138545	0.0180612303482856	0.02851275905273824	0.1629985372939193	0.0198007215896875	0.02087620951435946	0.01250038239481909	0.107397061634697	0.07837413439797397	0.05035760441764799	0.01869667888102693	0.02054765860998978	0.1002298555542783	0.07110140334548803	0.006881076936260675	0.01646582547256707	0.01381126391582564	0.005217882534645911	0.01127276202948338	0	0	0	0	0	0	0	0	0	0	0	0	-0.04355554099627326	-0.0179824824838999	0.04574279023879857	0.0243238321007417	0.004736341403853294	-0.007554551030876248	0	0	15.13012216265296	8.025358039507207	5.366994095001035	5.652967107240459	5.576561740603997	0.396783409569949	-25.15863231068869	-12.19844708541524	-31.12382681649517	-74.37153283662468	10.11759541919215	-29.64559930781027	-31.66065873777899	-31.6606596751651	-101.5325201206487	-101.5325197725319	-124.2701504715629	-11.53497535921034	-5.419407655692517	-35.02279342904103	0	0
16.57572385759565	-0.0833072504268863	-0.03139384135239293	-0.1017434260981334	2.389274209838613	1.017777965400269	0.9894670267581619	0.07456438241022655	0.09380988362615894	0.0255206412279965	0.5193766193459942	-0.08710302843681064	-0.04071207437115228	0.4942286831340088	0.4942286833348435	1.408801421927632	1.40880142158754	0.3177768504386374	-0.01748380006703225	-0.06939873045827791	-0.2813104215431648	-0.3040328722884511	1.388665755999758	0.6677679040649244	0.2474148015682581	0.7574858561238528	0.0122270486899226	-5.173344951018524	-1.638900190759564	0.1474104996917557	1.069839127711497	1.489118623640234	-0.9543736353410867	-5.889961870513693	-5.889961860078354	-7.533762486358759	-7.533762495525214	-4.854358525763697	1.113477026975916	-0.06000853016701211	-0.8750799808436984	0.02794592188198923	0.05089819467986478	0.01498818359800243	0.01538575061804831	0.0168369031306473	0.01852937507264917	0.01317974266485892	0.04951861335312337	0.01820440808369935	0.01704802736119086	0.02215137327958778	0.02763772644381297	0.09560985110830848	0.1385634536228643	0.01135954391399313	0.01098203952003906	0.01122777180036214	0.1960032805905872	0.0161558725452171	0.0122986593620217	0.107185698813201	0.04242610319528623	0.02070296313704185	0.02803585575402223	0.1751359116648174	0.02679380740996912	0.02403157603862648	0.01260731486547562	0.09546110369045581	0.07168218165269248	0.04579650096592627	0.02032004336370879	0.02113633193384216	0.1296612306072997	0.08052246102506927	0.01042542493438258	0.0239739690764658	0.01945637523796177	0.02399410026028925	0.01860429556001372	0.03550406700133731	0.07185375590566433	0.0148823672793921	0.01353627859276689	0.01818990463081308	0.02218967628022399	0.01349685980572714	0.06118374248706311	0.03961672408507412	0.03412144498683258	0.02691732137592919	0.02651060737482533	0.07601279627078783	0.1165285308955483	0.01117555214987887	0.01072299295926475	0.01098939644721447	0.07364267391189767	0.01560027559615843	0.01302791910427233	0.073415617093645	0.04062482556256442	0.02514242792591759	0.03671993745323834	0.1801435007847333	0.03979890004458957	0.0304516658444935	0.01368234551540501	0.1284483071737329	0.04007566826592932	0.05479865481859098	0.02849102759752621	0.02713493287916075	0.08646395719274012	0.06342556887633766	0.01226142344358292	0.03349491448225286	0.01050741754788659	0.00575171339042085	0.009353413278112335	0	0	0	0	0	0	0	0	0	0	0	0	-0.05065571593364115	-0.001445502960132075	0.01958622595507233	0.02558570332775837	0.004599982810680022	-0.005691085532561617	0	0	11.06150147242218	5.761993460058692	3.880795906884279	4.624449286401983	3.529975585433299	0.3789814311798947	-10.47250298025897	-9.426137925336006	-37.33618274248789	-67.3542300229721	7.84518638131502	-26.48081442580756	-15.17598050834109	-15.17598147394013	-95.47461688444407	-95.47461668825764	-122.7563754054346	-13.585532957588	0.01383519215108203	-20.883703971837	0	0
16.58425718239565	-0.0855620083210011	-0.01937397257050719	-0.09592520408765064	2.391538877588293	1.024345021964727	0.9895843536964533	0.03023275866321129	0.07953991245936395	0.02539221138046025	0.5261641704043781	-0.07414384356988803	-0.04976971227449842	0.4436234582783737	0.4436234585385987	1.341116425677561	1.341116425268693	0.2719733114444137	-0.008479587190525877	-0.06987973071757238	-0.2893000538898379	-0.2322455686793022	1.423257796931235	0.6933159947498099	0.2815346469111819	0.7786956891978205	0.01514281773821128	-5.193529228420213	-1.697776954186877	-0.1786822073605555	0.5347730577775814	1.543968728342041	-1.162002544828991	-5.946004699598796	-5.946004695260309	-8.320366089852829	-8.320366096387247	-5.867334993216135	0.9974140519625049	-0.05063417111933755	-0.9673536251082306	0.03469169415960985	0.06796485016038956	0.01471441025116582	0.01437513535451351	0.01794776916557149	0.02184729659089871	0.01322417135981688	0.05775259821125318	0.04256184036121531	0.03713602140260297	0.0298177258429421	0.03245773272407815	0.07727764779404002	0.1245797324284246	0.0110449318570287	0.01060090494864534	0.01085967028788932	0.1249869626879702	0.01743002708128798	0.01300252392230956	0.08943237908256794	0.04579566394106913	0.02564293654551956	0.0356228003279342	0.1820802943424122	0.04076649132545651	0.03089829296225821	0.01363468437301235	0.118261911441082	0.04237883136707648	0.05210075879864545	0.02826768249123134	0.0267652212007376	0.1040194917149942	0.06914442186437761	0.01338255702872542	0.03509682166085949	0.01322966871219888	0.01378157089996569	0.01267997268805037	0.04303431223417408	0.09017643553636534	0.01427971533263634	0.01363659502877839	0.01918752860859481	0.02581611214215779	0.01311815238991461	0.06731102449081618	0.07600409931737619	0.06477489681430379	0.04144024410769429	0.04256332387682722	0.04923933854595157	0.1054293408610868	0.01058651162819568	0.01006750824010398	0.01033724879870348	0.02727969387422863	0.02011733190034685	0.01384743454511941	0.07203024058934944	0.05380675517374339	0.03222362550354958	0.04492711585373843	0.1972884642755473	0.05979707849949165	0.04002712217462755	0.01486430863599093	0.1494995527127689	0.001777202133884676	0.05923970521953398	0.03828537631402551	0.03372220714833172	0.07269805883120196	0.0557497344071873	0.01764176995090516	0.05052400349193863	0.007203571179947538	0.00628554424619579	0.007434064526741288	0	0	0	0	0	0	0	0	0	0	0	0	-0.05775589087100905	0.01509147656363575	-0.00657033832865391	0.02684757455477505	0.004463624217506751	-0.003827620034246987	0	0	5.572243401323313	2.076498814161339	2.083997035305785	3.337799313056501	1.439966610739759	0.2877517046957531	5.936053781590913	-3.909639037699905	-38.16207754209739	-57.67940281450555	4.872044242097558	-21.89335905308663	2.148570719318359	2.1485703491767	-88.74722410111202	-88.7472236170144	-113.236837500727	-13.21938088619017	1.48670661575059	0.2676620103388316	0	0
16.59279050719564	-0.08741647251788751	-0.007213024972221701	-0.08995507885354342	2.394045696950489	1.031017049867923	0.9897219098307213	-0.01366238361652094	0.06500086822916167	0.02251699941258497	0.5287629490153839	-0.06083511938246584	-0.0604092316305242	0.3931782155833567	0.3931782158780979	1.266975470139399	1.266975469698062	0.2179772358811436	-0.0004246424472713224	-0.07027631115707943	-0.2972416673119922	-0.2114963108384553	1.419379883167712	0.7034044872138693	0.3039592831415689	0.7821144835013988	0.01679986259220888	-5.070040501761404	-1.698338533120939	-0.4889180181505045	0.09074995590293183	1.569832344280627	-1.322239529018566	-5.85162193136224	-5.851621926288601	-9.045371892965932	-9.045371893382038	-6.762095798495916	0.8940968351169029	-0.04574578301629074	-0.8571962864684332	0.0332216976639815	0.08374197721668958	0.01429613198748596	0.0136233451562542	0.01764326305419119	0.02297534301499775	0.0140500182997403	0.06441200063158144	0.06522262476314865	0.04401110224537796	0.03068503202152149	0.03213850936413305	0.0755672218877271	0.106786403815527	0.01103888261590573	0.01054908307626682	0.0107436440753286	0.0740820170300447	0.01756247341650089	0.0132262226027478	0.07657112237911275	0.04485150053951826	0.02659114153741178	0.04118375743149603	0.1939094084068508	0.05363870789439632	0.03497648029673189	0.01429741858291153	0.1397071415868291	0.02020294974896296	0.05619554988334625	0.04694368080373793	0.03016602702568771	0.08518211324137138	0.06109762999713312	0.03264798817450637	0.03628776556286203	0.01057845081620114	0.01016197353398307	0.01035877027748714	0.02311307088092813	0.103222786000624	0.01378198980934006	0.0126676660760766	0.01599133996628895	0.02211461948583706	0.01584999968296606	0.07201114578877343	0.08938319273809583	0.03619209975956699	0.02295794039721377	0.02309227131018812	0.09443408716250486	0.07648860655036736	0.01139987063060827	0.01087692731009472	0.01093042071628401	0.02590844970781434	0.01564154841277027	0.01300019687567341	0.05962334879082203	0.0360898977009914	0.02321042109013452	0.0458030070897343	0.2157761246923953	0.06695135636859406	0.03634404555371722	0.01466991207309679	0.170650578713735	0.004992525240986919	0.05968087891763871	0.08009462425949176	0.03178258485441245	0.0640880247150383	0.05324963434488467	0.07040538386852233	0.02609949828925776	0.01000309664818105	0.008778429214164375	0.009836597863395372	0	0	0	0	0	0	0	0	0	0	0	0	-0.06122666203943021	0.0218842715128312	-0.008307874239934543	0.02850614538265154	0.004728631572708305	-0.003050400059188755	0	0	-0.8192973950071464	-3.254397802951585	0.3109500970057783	1.903890510990148	-0.632268622520079	0.07856759530340665	23.05480607460797	4.143988239718486	-33.77582722532267	-46.13546962551651	1.054285048152133	-15.27668570146913	20.07267925870035	20.07267980637862	-80.95736093935037	-80.9573599996218	-95.02458753630923	-10.67763452194914	-0.901423694778376	26.0599121520971	0	0
16.60132383199564	-0.0893331496680622	0.00470226422162333	-0.08396031816106432	2.396691039583602	1.037643354601151	0.9898643587973736	-0.0558791198088581	0.0507735300657459	0.01720431334315335	0.5280094993526483	-0.04745368958269404	-0.07214574308763802	0.3441988507156584	0.3441988510827376	1.186949067781753	1.186949067374814	0.1571120509233632	0.006862010888513678	-0.07075364661239561	-0.3032787768438793	-0.2474190426380917	1.363668357801446	0.6995515716301516	0.3139744581910882	0.7680533716338038	0.01609733984308952	-4.800243139772629	-1.622414605287029	-0.7448577573437742	-0.2492122223763787	1.560068876023619	-1.415514868173658	-5.601441409848208	-5.601441397125169	-9.697500386796374	-9.69750037801456	-7.465541739160953	0.8194988402580156	-0.07306670405444984	-0.5194044487401622	0.02074035060513536	0.09769757678104217	0.01382953186745714	0.01273899038353831	0.01558655894772732	0.02120266155664334	0.01603153369958447	0.0699125709212655	0.08199884981924281	0.0300211669912369	0.01998380831448116	0.02038440833220675	0.09920332066570207	0.08254047420257087	0.01153377476916196	0.01102426141630673	0.01106150150543867	0.0475424673216494	0.0149008603453912	0.01279704161752127	0.06371927000107605	0.03411244576459126	0.02157732803353094	0.04397988425603636	0.2087320967201145	0.06302574986318227	0.03446623440065422	0.01443827053387618	0.1604513565009968	0.01262413406084321	0.05819532159299388	0.07805255930191447	0.03038747903162438	0.07147027381892655	0.05609554465292683	0.07042116846115171	0.02225539455581772	0.01124976422021829	0.01026427755664803	0.01091958421166032	0.003191829527682185	0.1162691364648827	0.01328426428604377	0.01169873712337481	0.01279515132398309	0.01841312682951632	0.01858184697601751	0.07671126708673068	0.1027622861588155	0.00760930270483019	0.004475636686733257	0.003621218743549027	0.1396288357790581	0.04754787223964798	0.01221322963302086	0.01168634638008546	0.01152359263386455	0.02453720554140005	0.0111657649251937	0.01215295920622742	0.04721645699229462	0.01837304022823941	0.01419721667671946	0.04667889832573018	0.2342637851092434	0.07410563423769648	0.03266096893280689	0.01447551551020266	0.1918016047147013	0.008207848348089162	0.06012205261574344	0.121903872204958	0.02984296256049319	0.05547799059887462	0.05074953428258202	0.1231689977861395	0.001674993086576887	0.01280262211641457	0.01127131418213296	0.01223913120004945	0	0	0	0	0	0	0	0	0	0	0	0	-0.06469743320785137	0.02867706646202665	-0.01004541015121518	0.03016471621052803	0.00499363892790986	-0.002273180084130523	0	0	-7.625577871528394	-9.992946555176612	-1.13926705314382	0.4512558726667695	-2.652564805978993	-0.2651159658761851	40.11078606058999	13.80961245875928	-25.81616321141989	-33.40141914509447	-3.419721121327828	-6.138282134185067	38.70079936899998	38.70080049754998	-71.57196289551803	-71.57196174522375	-68.57762946713687	-6.625669446964744	-5.74048542078902	52.95116736765571	0	0
16.60985715679564	-0.09180394227348543	0.01588540356519827	-0.07804538431931228	2.399369912571448	1.044076990694468	0.9899868129328606	-0.09518002271296788	0.03755272224139251	0.01001748773046832	0.5248264264943943	-0.03432257624137877	-0.08431315787726786	0.2980432198097451	0.2980432203254934	1.101724007247111	1.10172400695558	0.09129310357897966	0.01367006672874905	-0.07165065549804704	-0.3054790056917221	-0.341075041376148	1.246747140651721	0.6854167845496836	0.3119744805798705	0.7370727348897074	0.01195425652326528	-4.387820955885714	-1.462224361746032	-0.9268300567069784	-0.4781098132610052	1.510861875806705	-1.419506378270839	-5.188502824662709	-5.188502803037669	-10.26075736368434	-10.26075734574245	-7.913841616978819	0.7828379631028506	-0.1445022423858198	0.03765195494628158	0.03001319189571616	0.1031306551592653	0.01433104017121005	0.01416214677553736	0.0159824356528855	0.01912052379291557	0.01696774881687811	0.06908323166311611	0.1138146145003451	0.02994615380093289	0.01595064521335044	0.01317532719819481	0.1008786466061319	0.1176149315592913	0.01157734477859491	0.0111606368118963	0.0111825614618349	0.04208455115652956	0.01267073751071075	0.0120696220195436	0.06582067242388359	0.02487927203343845	0.01684348997025206	0.04139987333915125	0.2235938098448183	0.1162790033779367	0.02845010864789634	0.01364767486881915	0.1523912080735338	0.01285890737118044	0.05470265292476121	0.09648339466823283	0.0334868787300583	0.05456280585567601	0.05451319468531368	0.1401010288547786	0.01631655695970364	0.01580428404361611	0.01123486024222963	0.0154055356481831	0.0641612150113095	0.1012420681967517	0.01581422579525345	0.01795766483573961	0.01907912470647969	0.01700440531841343	0.01683848908090521	0.06144275285171304	0.1770027613946468	0.04791848030624966	0.02004814413273147	0.01168410900738487	0.07050841866306726	0.2360394448902648	0.01111316262486032	0.01090176648345007	0.01105519276681953	0.04857310065866907	0.01108640982854987	0.01109096600015257	0.08431463404947213	0.01777407736123235	0.0128984111735483	0.03341040063450748	0.2472211025071929	0.2408054236623227	0.01688526844742488	0.01197589787585462	0.1025661114248824	0.01693520780207412	0.0450518207963441	0.1048496415814775	0.04068153839700237	0.02829300542842129	0.05528832918606071	0.2756862887185171	0.0204432352795796	0.02399664429706447	0.01241189028788441	0.02363635565802744	0	0	0	0	0	0	0	0	0	0	0	0	-0.06597076585386263	0.02997143389186054	0.006420926368603389	0.03564541083831924	0.00558390475137288	-0.002431557480151616	0	0	-14.21900872134876	-17.45376489729841	-2.086616476192601	-0.8915956630672366	-4.591473600304871	-0.7199604277780968	56.32928530247992	23.61772802695721	-16.91528744029321	-20.26566871734516	-8.10623384776318	5.605837955248062	58.24170922846181	58.24171000824201	-60.04397784848985	-60.04397692525666	-35.6167840422878	-1.929599732635966	-10.85968843908361	76.7376242788263	0	0
16.61839048159563	-0.0953027811346341	0.02579937158346406	-0.07227968229556847	2.40198521972864	1.050177109877427	0.990056585071679	-0.1303913263287289	0.02604200817018376	0.001587923041221227	0.5201627157547292	-0.02178001587670503	-0.09606071984515077	0.2561338254709103	0.2561338261864763	1.0121422530297	1.012142252918732	0.02290275842782882	0.02033687610065819	-0.07332729252991287	-0.3021349131997582	-0.4866323406133926	1.066628051875673	0.6651988193593686	0.2993927777720597	0.6900799102419596	0.003691459353650214	-3.844612528676129	-1.223878506224424	-1.038666185503694	-0.5974129268208842	1.422527694776204	-1.314425258204101	-4.605034448327848	-4.605034424898895	-10.71496940516137	-10.71496938158648	-8.063065887055362	0.7862346034760531	-0.2532200567611081	0.7698979691487245	0.06870201516515997	0.09762790650269644	0.01606538829791419	0.01851399658671555	0.01993649010639678	0.01743877908473378	0.01628060995786491	0.06015014080590398	0.1657678585686205	0.05326496186908274	0.02369018440047364	0.01516888033536442	0.06365596765797589	0.225981079508007	0.01092156811843791	0.01073350773577436	0.0109430416861749	0.0535235163251846	0.01174507095243102	0.0111367930206444	0.08713145882545346	0.02068303591871413	0.01415679929425484	0.03254447619353725	0.2373718505983396	0.2217677507140161	0.01650563603113063	0.01181344608383052	0.102164648821883	0.01824228350517982	0.04453800817509737	0.09544797820625062	0.04109610128411817	0.0311977929904622	0.05640278748647291	0.2439818104342894	0.02516848621367259	0.02431530272771717	0.0123078536243356	0.02401541407806654	0.1251306004949368	0.08621499992862074	0.01834418730446313	0.02421659254810441	0.02536309808897629	0.01559568380731054	0.01509513118579291	0.04617423861669541	0.251243236630478	0.08822765790766912	0.03562065157872967	0.01974699927122072	0.001388001547076371	0.4245310175408817	0.01001309561669978	0.01011718658681467	0.0105867928997745	0.0726089957759381	0.01100705473190603	0.01002897279407773	0.1214128111066496	0.01717511449422528	0.01159960567037714	0.02014190294328479	0.2601784199051425	0.407505213086949	0.001109567962042875	0.009476280241506586	0.01333061813506356	0.02566256725605907	0.02998158897694477	0.08779541095799703	0.05152011423351156	0.001108020257967951	0.05982712408953939	0.4282035796508946	0.03921147747258232	0.03519066647771438	0.01355246639363585	0.03503358011600542	0	0	0	0	0	0	0	0	0	0	0	0	-0.06724409849987389	0.03126580132169443	0.02288726288842196	0.04112610546611043	0.006174170574835899	-0.002589934876172711	0	0	-19.58555970758118	-24.61394301378264	-2.600108631418336	-2.012395622551431	-6.392847742555063	-1.215348147924903	70.52027515582374	31.83060426253305	-9.788034541100979	-7.964951394193509	-12.51129957804004	19.22121274354206	78.61235664150411	78.6123561863816	-45.96538948263204	-45.96538911723654	0.9489720553270222	2.659302962492282	-14.18487959817839	93.4029254058953	0	0
16.62692380639563	-0.1002123958328975	0.03393018681652974	-0.06670253030020427	2.404455826240078	1.055813092989688	0.9900382342961427	-0.1604895452405986	0.01682890952067272	-0.007577431363602741	0.5149041273756353	-0.01014396654921594	-0.1064072292151979	0.2199501492266104	0.2199501501082648	0.9192298764833537	0.9192298765794155	-0.04541917741763231	0.02719367167500146	-0.0760179352892156	-0.2920515340786773	-0.6681236723939988	0.8309751613316384	0.641405171353797	0.2784886379955169	0.6286135378275173	-0.008611543017198393	-3.194601618840858	-0.9284511776528944	-1.104630859783711	-0.6210174234557536	1.299464433678651	-1.090837793812381	-3.846241000741866	-3.846240987154719	-11.03752293640641	-11.03752291230004	-7.897977504905141	0.8265216177515108	-0.3777789338043143	1.602685057426717	0.08305886143872501	0.08863027361029772	0.01675426031202887	0.02080547876117427	0.0215556437627837	0.01613809752032514	0.01468950414992482	0.05333667547400776	0.1750499777716592	0.05968695920808136	0.03138720340716274	0.02089592979066004	0.04226331424628028	0.2657405249936184	0.01042572921011182	0.01037521659134408	0.01070161953503571	0.06083467768094317	0.01116692810074339	0.0105141022899227	0.1019691759377709	0.01784840972463256	0.01239380421567954	0.02602659672511706	0.2443538034475061	0.2578564185333229	0.0608502720094669	0.01055541801694188	0.07109930027052998	0.01958183115453396	0.03722142557773585	0.09362632934559703	0.04526832558314075	0.02463300806204596	0.05741460446112932	0.3376048619632295	0.03540100980441046	0.02587577755835571	0.01241506496103438	0.02549931540306107	0.06948403884513772	0.07570505289584993	0.01632987486491765	0.02095579528341081	0.02052577724798899	0.01492286736583122	0.01234165615240497	0.0491213151891018	0.1264688809778926	0.04502785679066369	0.03813430779534386	0.0291869092580808	0.0434718096106911	0.2128706277767514	0.01014546173347733	0.0101403043128108	0.01049498435798639	0.06180355003394665	0.01057628799232836	0.01013461030225767	0.1101727519849806	0.01474584088983576	0.01082513053604084	0.02207168017481253	0.2467847132707645	0.2044159247735444	0.1735969363725539	0.009866032925258157	0.06655193567877905	0.01630803007323678	0.03287883051453706	0.0954447216508693	0.04596378349660718	0.0347535764116914	0.05691857912457889	0.4884995041581478	0.04601926218261548	0.02024346304102704	0.01162103444651097	0.01958216698984706	0	0	0	0	0	0	0	0	0	0	0	0	-0.06719686943523233	0.02164391506676016	0.04074899598027206	0.04752727289185665	0.006274797781148467	-0.002809836365249828	0	0	-22.42372535040589	-30.25913116034517	-2.988042144799352	-2.832830710215741	-7.967169802759475	-1.648945918596757	81.08583243479515	36.72255936430273	-6.401663680441277	1.890803254808953	-16.16575715537206	33.03518781295897	99.18191006600023	99.18190828398969	-29.18623339345279	-29.18623361665757	37.39325787158882	6.658233462884048	-14.44825731599216	99.9082414873774	0	0
16.63545713119563	-0.1067326210361653	0.03987433652271315	-0.06134449009574822	2.406722176297452	1.060870892077849	0.9899007965836182	-0.1847144205537047	0.01026071419387097	-0.01723683719214877	0.5097594977120451	0.0003226172568580705	-0.1143609277596899	0.190983067787806	0.1909830687108687	0.8242077775296663	0.8242077778174871	-0.1110426509512924	0.03453017750654679	-0.07974059130125256	-0.2747644923772714	-0.8589320330539474	0.5580464034369803	0.6134939345861159	0.2519922788746299	0.5550280154603782	-0.02399017927010889	-2.475327411776996	-0.6107904097121584	-1.160924778991272	-0.5762359232366152	1.150244035645588	-0.7566144088889264	-2.91498472392236	-2.914984728551876	-11.2057893750239	-11.20578935480527	-7.436320248911318	0.897467030316633	-0.4904518894182057	2.441595545398786	0.0581279453811911	0.07869751550752471	0.01580015283446144	0.01973953946825903	0.0192797027036817	0.01521336744200207	0.01238389867095368	0.05202649261980604	0.1163579798050756	0.03744527683427896	0.03593913435372847	0.02878204646423221	0.05654616077759025	0.1874770012008366	0.01031418838903287	0.01025031704871209	0.01055165165850482	0.05782894059186508	0.01067837709509019	0.01033672247899087	0.1026786763706834	0.01524657292493541	0.01122932824379883	0.0244798114582638	0.2420554069710909	0.1810509859304597	0.1696278598348377	0.01030363268706422	0.08495200507287333	0.01444104959875491	0.03580588990811594	0.09687677522511504	0.04378254288640845	0.04163355828461553	0.05620724560813051	0.4113401677418524	0.04346213765500595	0.01750835931786603	0.01127648728626266	0.01678740569698189	0.01383747719533861	0.06519510586307914	0.01431556242537216	0.01769499801871722	0.01568845640700169	0.01425005092435191	0.009588181119017025	0.05206839176150821	0.00169452532530721	0.001828055673658245	0.04064796401195806	0.03862681924494089	0.08555561767430583	0.001210238012621043	0.01027782785025489	0.01016342203880693	0.01040317581619828	0.0509981042919552	0.01014552125275069	0.01024024781043761	0.09893269286331152	0.01231656728544623	0.01005065540170454	0.02400145740634027	0.2333910066363864	0.001326636460139758	0.346084304783065	0.01025578560900973	0.1197732532224945	0.006953492890414494	0.03577607205212934	0.1030940323437416	0.04040745275970281	0.06839913256541486	0.05401003415961839	0.548795428665401	0.05282704689264866	0.005296259604339711	0.00968960249938608	0.004130753863688704	0	0	0	0	0	0	0	0	0	0	0	0	-0.06714964037059078	0.0120220288118259	0.05861072907212216	0.05392844031760288	0.006375424987461033	-0.003029737854326945	0	0	-21.62885567764994	-33.15638253077626	-3.619703505220937	-3.322237407097366	-9.218562781905758	-1.922023698260726	86.54730546607381	36.83952053475934	-7.538224669940919	7.871428363227668	-18.54846569652063	44.73906141950885	118.8034976395048	118.8034953382028	-9.85330985819326	-9.853310516393726	69.83824184022912	9.816597115892796	-11.46217797652316	94.73740131390161	0	0
16.64399045599562	-0.1148024872120694	0.04342710711946187	-0.05625297706996452	2.408748523517489	1.065259821034899	0.9896247721058163	-0.2026738463524365	0.00634036533449454	-0.02746963145609446	0.505159657836507	0.009449801042991346	-0.1190847294396299	0.1706519938862026	0.1706519946905601	0.7284814835111214	0.7284814839440447	-0.1716252377143881	0.04257572032738838	-0.08428322316185442	-0.2506484368398717	-1.025475032277414	0.2758048032536421	0.5782622508745904	0.2226832059975426	0.4724061185649221	-0.04077613779952437	-1.734631461147651	-0.3158820270786808	-1.244696231616913	-0.4999055659310197	0.9881431931596505	-0.3402694770083707	-1.825671211535864	-1.825671233753834	-11.19954764293505	-11.19954762946074	-6.72686473538218	0.9913559912833027	-0.5665504354197333	3.187142190257533	0.03725256584256352	0.07703675344876519	0.01533198693116637	0.0182938649779309	0.01770971206972758	0.0149730157153055	0.01408704142521571	0.0523462780010361	0.09358731446058317	0.05161671508623645	0.032799121357835	0.0287838871931786	0.06888664464919933	0.1099010499677518	0.01043165718631382	0.01037052803196101	0.01063743498514771	0.0468638169742342	0.0106613194533463	0.01045949658253048	0.09485065280884331	0.01441601068033417	0.01144055610767821	0.02509371757332424	0.2440287421188532	0.1089617737779718	0.2203915576029782	0.01069433869287206	0.09835517411821657	0.01137905896537467	0.03620326802747879	0.104947118668417	0.04510688056566974	0.05595309358854677	0.05267270594286019	0.4363465700941304	0.04079090677293132	0.01247345768658627	0.01057779949990254	0.01167704161886913	0.02609216096306236	0.08417347474423356	0.01557062657669935	0.01692790709011645	0.01734568112105021	0.01526141208405589	0.01989545262273972	0.05303896028798618	0.1273043739043898	0.1124245548771684	0.02204764643458477	0.02066089102069855	0.07346624622852335	0.04822009873026094	0.01070282810062282	0.01068846157800543	0.01093494362836657	0.02750239495818618	0.01106028847074004	0.01079057312168892	0.0782117470177638	0.01507428351829731	0.01283596602976092	0.02679936726155562	0.2577166272325945	0.05789646238850673	0.2138556620647912	0.01153705278971918	0.1022950790670553	0.01112348540582553	0.03709782252494932	0.1202195929528288	0.05085901926300666	0.06612781402271835	0.04635465044480996	0.408199416330092	0.0270750829535517	0.01189939127550553	0.01043163595646236	0.01132319648468745	0	0	0	0	0	0	0	0	0	0	0	0	-0.0696555032032803	0.02778472645102166	0.03412574401234522	0.06392902238626456	0.005462796680368846	-0.001633408252815727	0	0	-16.72010422169177	-32.31119255752893	-4.722161239963712	-3.498635257342601	-10.07690557154107	-1.97279703819381	86.02404825579212	31.30712039455902	-12.64390534231876	9.233854162326683	-19.0926779341988	51.89614361467229	135.9541562382663	135.954154617904	11.63243553874196	11.63243466243193	95.01412629440209	12.0258383193114	-6.096484117606819	78.24411094062704	0	0
16.65252378079562	-0.1240670495307327	0.04465233253635829	-0.05150785112348564	2.410521659188455	1.068917516531225	0.9892064762315234	-0.2144058138646278	0.00466613633865085	-0.03863586444289843	0.5012053398856909	0.01720058699684475	-0.1200690512659375	0.1601949336920736	0.1601949342659125	0.6336113934344941	0.6336113939509871	-0.2253463987666072	0.05149053115571773	-0.0892658677724561	-0.2208891686997969	-1.133515794716629	0.01853511993911018	0.5317211669956354	0.1930120620995891	0.3842415686675904	-0.05700968498725825	-1.024452347234809	-0.09235699814713205	-1.382684581380168	-0.4312726428791468	0.8309602657088384	0.110465092246081	-0.6068305481684665	-0.6068305775793046	-11.00277146546946	-11.00277145913416	-5.84159694676392	1.099692667435846	-0.592676413011658	3.751285581076371	0.03512301354674912	0.08662336637766334	0.01591139348411313	0.01725934791029126	0.0180889788882293	0.0154937796801102	0.0209847217754469	0.05303569978122288	0.1466846524799846	0.1177598915783414	0.02041349901278282	0.01800852752947868	0.0673854359453074	0.09151934339610582	0.01073734734041141	0.01073852819586908	0.01099612478226115	0.02833806278181408	0.01121427442897833	0.01084392218014555	0.07992010760992826	0.01576143822584531	0.01322218343706053	0.02700956473967722	0.2560568236886365	0.09887843794135898	0.1818434298001929	0.0116293165443926	0.09498936077069092	0.01271615573049615	0.03713952736817414	0.117670477345074	0.05167061360290508	0.0605794255041116	0.04674464979398897	0.3946646763780093	0.02446307822156913	0.01448239711989077	0.01076024156525005	0.01402242669789049	0.0383468447307861	0.103151843625388	0.01682569072802653	0.01616081616151567	0.01900290583509874	0.01627277324375987	0.03020272412646241	0.05400952881446414	0.2529142224834723	0.2230210540806787	0.003447328857211478	0.002694962796456211	0.06137687478274085	0.09522995944790083	0.01112782835099074	0.01121350111720395	0.01146671144053487	0.004006685624417155	0.01197505568872938	0.01134089843294022	0.05749080117221607	0.01783199975114838	0.0156212766578173	0.02959727711677097	0.2820422478288027	0.1144662883168737	0.08162701934651732	0.01281831997042863	0.08481690491161613	0.01529347792123657	0.0384195729977693	0.1373451535619161	0.06131058576631052	0.06385649548002184	0.03869926673000153	0.2676034039947829	0.001323119014454753	0.01850252294667134	0.01117366941353864	0.01851563910568619	0	0	0	0	0	0	0	0	0	0	0	0	-0.07216136603596984	0.04354742409021742	0.009640758952568284	0.07392960445492623	0.00455016837327666	-0.0002370786513045097	0	0	-8.048557676296062	-27.29445710871332	-6.231055511857598	-3.419047310612185	-10.51818353694555	-1.797086191797196	79.46039359749535	20.22341979850495	-19.83415346786185	6.187403716384093	-17.33884086914422	52.54556473065393	148.8555540970522	148.8555541522125	34.70001400248214	34.70001328535811	110.805974102044	13.17814925854876	-0.09443043351478217	52.76247815724754	0	0
16.66105710559561	-0.1339013634581436	0.04391374358951123	-0.04721689098527957	2.412046917702025	1.07181163221381	0.988658392476773	-0.2203835595104348	0.004437241812824636	-0.05124372739233278	0.4976814022253946	0.02370388467581898	-0.117272452566525	0.1605420453840961	0.1605420457333959	0.5412741677160613	0.5412741682670665	-0.2710597839067287	0.06135800189716827	-0.09426379532333141	-0.1873203921666232	-1.155216414173565	-0.1789581126847363	0.471756434300474	0.1648411014619282	0.2939909732798547	-0.07094690902127793	-0.3934844810519762	0.01662265160411008	-1.58171033853334	-0.4037264592332967	0.6992947601672689	0.5352799388678635	0.6981470732073727	0.6981470528056717	-10.60447857392998	-10.60447857125189	-4.86435236103888	1.212912157028698	-0.572258685154206	4.072535478162721	0.03936683227929821	0.1083375348611264	0.01648225754357482	0.01950096881252681	0.01871436217224992	0.01472279586848155	0.02290984578382108	0.0518916483205941	0.1834496393501374	0.1434478776630061	0.01351763114193576	0.0111760514860287	0.05612948833183338	0.08057722378220439	0.0107727900482472	0.01082210663259747	0.01106438467007162	0.01577793557262285	0.01129743375037405	0.01088222584360012	0.07496086341818825	0.01550322121453892	0.0135187821230116	0.02572756845226581	0.2792470055297745	0.1016368538568739	0.1224517835103654	0.01175842705934462	0.0883164645711163	0.01356860363113637	0.03560929605635216	0.1308914214702934	0.05600802956790817	0.05390330134403184	0.04312844696765073	0.3143442122044044	0.01974859371063224	0.01604559723719771	0.01102755609833175	0.01570788747146179	0.0460857342296371	0.1493521503606536	0.01692503552679225	0.02509965359696075	0.01927786286794722	0.0124815377499962	0.01940587560252446	0.0484745583521472	0.1952988687061378	0.1201297043738575	0.01283161976942566	0.009378282330754039	0.03487466173628338	0.05053419633296521	0.01052746089329788	0.01060696733910291	0.01082131868712653	0.008886422389642396	0.01084849036920657	0.01055596368106222	0.08146356284255656	0.01327484611548895	0.01217384822060285	0.02085280391706436	0.3326324612541651	0.09549217823683914	0.04142788875779747	0.01105484774869712	0.08019767225842003	0.01322949828806934	0.03119424713905836	0.1493522697947823	0.05795635650046253	0.03576209892616962	0.0416313662890422	0.1361492907917852	0.02842518751506112	0.01601456532231046	0.01124094053896871	0.0155399648842697	0	0	0	0	0	0	0	0	0	0	0	0	-0.08445618423563289	0.06376445531243594	-0.02279958069465758	0.08770709325971553	0.002192575777767315	0.0006004880630395434	0	0	3.278117331919827	-18.42577354463107	-7.782615078451044	-3.16090464668594	-10.57488878807914	-1.447575101443553	67.64866079308324	4.766614574073626	-26.43424392794315	-0.1456928356489866	-13.11524482839351	45.77982314232061	155.8740498217243	155.8740518410781	58.75612817668522	58.75612810506292	116.5787047008502	13.12738969855673	4.431281956757739	22.05094676527226	0	0
16.66959043039561	-0.1434881582451077	0.04185226572167909	-0.04348929630392323	2.413342644469933	1.07393776287712	0.9880054682507133	-0.2214625113673258	0.004540676270886747	-0.06575159644406484	0.4941353496742084	0.02926728175134255	-0.1111881597543133	0.1721927741604694	0.1721927744273961	0.4532207184491965	0.4532207190304529	-0.3083435159671518	0.0721709367337276	-0.09896329761960522	-0.152152956984444	-1.07427302435575	-0.2880435018336931	0.4003828786113495	0.1393398544000336	0.2046748380848087	-0.08147600995102404	0.118781277013528	-0.01690255837373653	-1.823021840372645	-0.4385853296468457	0.6135504580394028	0.8718931951161568	2.032650673417613	2.032650676324094	-9.999188663604937	-9.999188658028968	-3.878574342892878	1.319287248804988	-0.5276505288767784	4.125921274886618	0.04560780939888513	0.1420222328839029	0.01676623977281454	0.02574476087911483	0.01912686472463586	0.01210996124530184	0.01716071526426403	0.04822772608379357	0.173037937758364	0.1015446226128148	0.01643004263505407	0.01251986557647985	0.03583484205700876	0.05043608039685222	0.01041900948179442	0.01048325039196299	0.0106959518640515	0.01356162851795315	0.0106404833079157	0.01041660830617023	0.08578666250306552	0.01262886961937627	0.01153042548652383	0.01996605443221315	0.313842371988461	0.09275744645109626	0.06872059292775806	0.01073010596003891	0.08269948293850833	0.01264231854624327	0.03071868317682375	0.1432805583495594	0.0559490873451983	0.03471690395067009	0.04328746481078247	0.2053022520262446	0.03390209259595752	0.01514636868468146	0.01117236281701885	0.01455766311338078	0.05382462372848808	0.1955524570959192	0.01702438032555798	0.03403849103240582	0.01955281990079571	0.008690302256232522	0.008609027078586509	0.04293958788983027	0.1376835149288032	0.01723835466703629	0.02221591068163985	0.01606160186505187	0.008372448689825913	0.005838433218029599	0.009927093435605005	0.01000043356100187	0.01017592593371819	0.01376615915486764	0.009721925049683769	0.009771028929184208	0.1054363245128971	0.00871769247982951	0.008726419783388397	0.01210833071735774	0.3832226746795275	0.07651806815680458	0.001228758169077605	0.009291375526965615	0.07557843960522397	0.01116551865490211	0.0239689212803474	0.1613593860276484	0.05460212723461455	0.007667702372317387	0.04456346584808285	0.004695177588787481	0.05552725601566749	0.01352660769794959	0.01130821166439878	0.01256429066285321	0	0	0	0	0	0	0	0	0	0	0	0	-0.09675100243529597	0.08398148653465448	-0.05523992034188344	0.1014845820645048	-0.0001650168177420298	0.001438054777383596	0	0	15.7922514045821	-6.782020989364421	-8.828020349380507	-2.805294231229216	-10.31231674579824	-1.013134978468107	51.85950095605497	-12.79858873097356	-29.32807871707277	-8.202016684723612	-6.643998674522442	32.06862423896339	155.6795764093587	155.67957965591	83.11297660706741	83.11297733608289	113.074389139737	11.53675028159079	5.299262227276246	-9.344781422757187	0	0
16.67812375519561	-0.1519326209332824	0.03929666584060505	-0.04039857645451163	2.4144340190403	1.075314188320213	0.9872784935468801	-0.218770664658728	0.003726583740796496	-0.0823575453859454	0.4899946916094187	0.03435191724637424	-0.1027885289145509	0.1951371332423478	0.1951371336542221	0.3712026432614249	0.3712026439227915	-0.3374315809861426	0.08381344531320645	-0.1033066967538996	-0.1176284548899122	-0.8861131873352551	-0.2914599957110803	0.3240438914431788	0.1170254619576815	0.1187325642984828	-0.08826080156509035	0.4838795411463279	-0.1990211714940086	-2.062493884793795	-0.5446492504344896	0.5905355666296787	1.067840881019414	3.331796623255799	3.331796653687035	-9.187813258024367	-9.187813244453713	-2.956243348750622	1.403523629996217	-0.49785532636019	3.924216808876202	0.06173502824332356	0.1684614324742482	0.01640885554378033	0.02657984397715952	0.02153463655433616	0.01193575753944678	0.01299242738213245	0.04947211977223622	0.1386439568243902	0.06407965032736718	0.0280402825123063	0.02261339827825707	0.01932287390505981	0.02454279246823274	0.01018847550565878	0.01022781692838591	0.01040062236158427	0.01285725515276006	0.01024594889083035	0.01014986817604342	0.09009378113616008	0.01107594419333171	0.01044488411302398	0.02109950095855787	0.3288430348632038	0.07332279333836089	0.09613146122280271	0.01016815719215582	0.09503043042596955	0.01151497789193548	0.03105105934707599	0.1369265629740009	0.05426347371118601	0.01837512608312055	0.04443918559723294	0.1396580295994562	0.06496516757422542	0.01314294159143774	0.01089577804253946	0.01256664591878029	0.09204008497525941	0.1966210032332027	0.01545124370239912	0.02153833330291469	0.02627529161206235	0.01435794093287379	0.01126968205374176	0.05664366821432396	0.07229298475352197	0.04128125592398793	0.04802179198341179	0.04094534975912578	0.006162259771322823	0.00375109435309207	0.01011525905170582	0.01009595307351569	0.01021679343618235	0.01123320145721802	0.01018269610651384	0.01012736374718268	0.08420016315457186	0.01105244547710484	0.01049109607551426	0.02988918173150849	0.3198811125836996	0.0393965339925265	0.2184547597162958	0.01018391101815944	0.1315108967367843	0.0103901444229665	0.03728785965421006	0.1040979489034565	0.05150479689167459	0.005333083211817766	0.0459720629104562	0.1145094094469824	0.1180366722520904	0.01030451413868809	0.01021547060443269	0.01006456392318128	0	0	0	0	0	0	0	0	0	0	0	0	-0.1156876065051795	0.0876666410542432	-0.06993661806558008	0.1167828277655883	-0.002665426432068416	0.0003108110263199841	0	0	28.15215912931912	5.976430488945222	-8.836877007809107	-2.428635233721493	-9.789993568178605	-0.5863425187475936	33.3783624435037	-29.33960857394767	-25.2741764188772	-16.58425304237524	1.433739603569612	13.22980507198257	147.3095054856504	147.309508380259	106.8194091968472	106.8194101950401	101.9568392161764	7.715136829605848	0.5460754654851563	-36.81466726248103	0	0
16.6866570799956	-0.1583237984746518	0.03718304708265883	-0.03794480538552623	2.415348628756828	1.075979138223183	0.9865087980426176	-0.2136688913220253	0.0007828487770117876	-0.100756984689965	0.4846436749803751	0.03955054135094155	-0.09345276457770019	0.22876142952325	0.2287614302820762	0.2969721335969311	0.2969721344068657	-0.3591318736308413	0.09600077036697055	-0.1076457564955627	-0.08576991918035071	-0.5965410275972886	-0.1874324352323093	0.2526094976809675	0.09779349265923779	0.03805800466394759	-0.09164001591324918	0.6853186561686911	-0.5085254502699934	-2.233887876127106	-0.7199144947845385	0.639566397961677	1.091921191781595	4.528034512623404	4.528034561132719	-8.179826188589429	-8.179826167970312	-2.151300253429976	1.444220690595914	-0.5330452778124914	3.513769967486606	0.08961817213855838	0.1818166958399366	0.01531361358328629	0.01941206616053874	0.02651020703446063	0.01531692953351408	0.01295830251041507	0.05780615841693044	0.0862235031510537	0.0592878687673852	0.04770385337131107	0.04124519202020661	0.01104968587010664	0.01195796586275154	0.01021432708917991	0.01018725060158539	0.01031103839506466	0.01103524711509195	0.01037496879642684	0.01026466564881593	0.08047334436675038	0.01189484202882793	0.01110144143261755	0.03212697939267896	0.3103228578496849	0.04320684660591419	0.2167202030905186	0.01049640180554456	0.1299135862404131	0.01060068080873237	0.03899945491892257	0.1039881470895	0.05176750385659974	0.01011571878583114	0.04573722131361015	0.1570130080242913	0.1116206342724168	0.01038762630002133	0.0101193372948355	0.01025759438898259	0.1302555462220307	0.1976895493704862	0.01387810707924026	0.009038175573423554	0.03299776332332899	0.02002557960951507	0.01393033702889702	0.07034774853881764	0.006902454578240761	0.06532415718093958	0.07382767328518373	0.06582909765319969	0.003952070852819731	0.00166375548815454	0.01030342466780664	0.0101914725860295	0.0102576609386465	0.008700243759568401	0.0106434671633439	0.01048369856518116	0.06296400179624669	0.01338719847438018	0.01225577236764011	0.04767003274565924	0.2565395504878716	0.002274999828248412	0.435680761263514	0.01107644650935326	0.1874433538683446	0.009614770191030889	0.05060679802807272	0.04683651177926462	0.04840746654873462	0.002998464051318145	0.04738065997282954	0.2243236413051773	0.1805460884885133	0.007082420579426596	0.009122729544466595	0.007564837183509363	0	0	0	0	0	0	0	0	0	0	0	0	-0.1346242105750631	0.09135179557383193	-0.08463331578927671	0.1320810734666719	-0.005165836046394801	-0.000816432724743628	0	0	39.6174416738266	18.33185652507443	-7.812379009959058	-2.082878210940154	-9.105548971852036	-0.2111549663103758	13.76941521714813	-42.87920255846868	-14.26756926871834	-24.42404516559284	10.0836559663616	-7.700995007895208	132.5171210709377	132.5171223070031	129.3013942961912	129.3013948898478	86.36513346356152	1.611849088038591	-9.231391304569664	-58.86259413010669	0	0
