inDegrees=no
num_controls=56
num_derivatives=0
num_input_controls=0
num_iterations=259
num_multipliers=2
num_parameters=0
num_slacks=2
num_states=76
objective=0.195001
objective_control_effort=0.056145
objective_marker_tracking=0.033067
objective_state_tracking=0.105790
solver_duration=1375.449264
status=Solve_Succeeded
success=true
DataType=double
version=3
OpenSimVersion=4.5.2-2025-05-03-6a4c6ec41
endheader
time	/jointset/ground_pelvis/pelvis_tilt/value	/jointset/ground_pelvis/pelvis_list/value	/jointset/ground_pelvis/pelvis_rotation/value	/jointset/ground_pelvis/pelvis_tx/value	/jointset/ground_pelvis/pelvis_ty/value	/jointset/ground_pelvis/pelvis_tz/value	/jointset/hip_r/hip_flexion_r/value	/jointset/hip_r/hip_adduction_r/value	/jointset/hip_r/hip_rotation_r/value	/jointset/hip_l/hip_flexion_l/value	/jointset/hip_l/hip_adduction_l/value	/jointset/hip_l/hip_rotation_l/value	/jointset/walker_knee_r/knee_angle_r/value	/jointset/patellofemoral_r/knee_angle_r_beta/value	/jointset/walker_knee_l/knee_angle_l/value	/jointset/patellofemoral_l/knee_angle_l_beta/value	/jointset/ankle_r/ankle_angle_r/value	/jointset/ankle_l/ankle_angle_l/value	/jointset/ground_pelvis/pelvis_tilt/speed	/jointset/ground_pelvis/pelvis_list/speed	/jointset/ground_pelvis/pelvis_rotation/speed	/jointset/ground_pelvis/pelvis_tx/speed	/jointset/ground_pelvis/pelvis_ty/speed	/jointset/ground_pelvis/pelvis_tz/speed	/jointset/hip_r/hip_flexion_r/speed	/jointset/hip_r/hip_adduction_r/speed	/jointset/hip_r/hip_rotation_r/speed	/jointset/hip_l/hip_flexion_l/speed	/jointset/hip_l/hip_adduction_l/speed	/jointset/hip_l/hip_rotation_l/speed	/jointset/walker_knee_r/knee_angle_r/speed	/jointset/patellofemoral_r/knee_angle_r_beta/speed	/jointset/walker_knee_l/knee_angle_l/speed	/jointset/patellofemoral_l/knee_angle_l_beta/speed	/jointset/ankle_r/ankle_angle_r/speed	/jointset/ankle_l/ankle_angle_l/speed	/forceset/addbrev_r/activation	/forceset/addlong_r/activation	/forceset/addmagDist_r/activation	/forceset/addmagIsch_r/activation	/forceset/addmagMid_r/activation	/forceset/addmagProx_r/activation	/forceset/bflh_r/activation	/forceset/bfsh_r/activation	/forceset/edl_r/activation	/forceset/ehl_r/activation	/forceset/fdl_r/activation	/forceset/fhl_r/activation	/forceset/gaslat_r/activation	/forceset/gasmed_r/activation	/forceset/glmax1_r/activation	/forceset/glmax2_r/activation	/forceset/glmax3_r/activation	/forceset/glmed1_r/activation	/forceset/glmed2_r/activation	/forceset/glmed3_r/activation	/forceset/glmin1_r/activation	/forceset/glmin2_r/activation	/forceset/glmin3_r/activation	/forceset/grac_r/activation	/forceset/iliacus_r/activation	/forceset/perbrev_r/activation	/forceset/perlong_r/activation	/forceset/piri_r/activation	/forceset/psoas_r/activation	/forceset/recfem_r/activation	/forceset/sart_r/activation	/forceset/semimem_r/activation	/forceset/semiten_r/activation	/forceset/soleus_r/activation	/forceset/tfl_r/activation	/forceset/tibant_r/activation	/forceset/tibpost_r/activation	/forceset/vasint_r/activation	/forceset/vaslat_r/activation	/forceset/vasmed_r/activation	/forceset/addbrev_r	/forceset/addlong_r	/forceset/addmagDist_r	/forceset/addmagIsch_r	/forceset/addmagMid_r	/forceset/addmagProx_r	/forceset/bflh_r	/forceset/bfsh_r	/forceset/edl_r	/forceset/ehl_r	/forceset/fdl_r	/forceset/fhl_r	/forceset/gaslat_r	/forceset/gasmed_r	/forceset/glmax1_r	/forceset/glmax2_r	/forceset/glmax3_r	/forceset/glmed1_r	/forceset/glmed2_r	/forceset/glmed3_r	/forceset/glmin1_r	/forceset/glmin2_r	/forceset/glmin3_r	/forceset/grac_r	/forceset/iliacus_r	/forceset/perbrev_r	/forceset/perlong_r	/forceset/piri_r	/forceset/psoas_r	/forceset/recfem_r	/forceset/sart_r	/forceset/semimem_r	/forceset/semiten_r	/forceset/soleus_r	/forceset/tfl_r	/forceset/tibant_r	/forceset/tibpost_r	/forceset/vasint_r	/forceset/vaslat_r	/forceset/vasmed_r	/forceset/pelvis_tx_residual	/forceset/pelvis_ty_residual	/forceset/pelvis_tz_residual	/forceset/pelvis_tilt_residual	/forceset/pelvis_list_residual	/forceset/pelvis_rotation_residual	/forceset/hip_flexion_r_reserve	/forceset/hip_adduction_r_reserve	/forceset/hip_rotation_r_reserve	/forceset/knee_angle_r_reserve	/forceset/ankle_angle_r_reserve	/forceset/hip_flexion_l_torque	/forceset/hip_adduction_l_torque	/forceset/hip_rotation_l_torque	/forceset/knee_angle_l_torque	/forceset/ankle_angle_l_torque	lambda_cid18_p0	lambda_cid19_p0	gamma_cid18_p0	gamma_cid19_p0
67.32999999999792	0.1202386279987116	0.001502616332487974	-1.566522376658836	-5.24856853243232	0.9456046765016529	-2.612566484592965	-0.1786721726341338	-0.2044793547242297	-0.3201081387143181	0.4069745556657656	0.07501162449726254	-0.1597911384990929	0.616976513536583	0.616976513536583	0.4085451961409524	0.4085451961409524	-0.00217893876068828	0.04703409293834496	0.7332179577521333	0.01139314664873081	0.1776047904690968	0.3412017801555599	0.07518663589070221	0.9280442634245959	2.699451198341586	-2.373951192874577	-0.3279469535700403	-1.199633315397726	2.084900151321627	-0.6474519895938053	7.406055628762201	7.406055628762201	-0.64614375493472	-0.64614375493472	-2.719739992622748	0.8753591181067665	0.3713868171212956	0.4160744052105154	0.1522643803042718	0.1378880009844534	0.2049376180303623	0.3312496526304422	0.1917725792556965	0.7575932407579014	0.75302645742387	0.6669452426263813	0.4822972114374109	0.3495112543106683	0.3417097890716307	0.2811046294608653	0.1679054191616293	0.1040216772006718	0.07597123571812481	0.6987796274820102	0.5016204333217021	0.3128726310855907	0.7035513998749243	0.6494641035508771	0.5860620333787533	0.51057138133721	0.8856072011430288	0.4827730446893864	0.3768212093274108	0.4853443829480792	0.8337775611314276	0.3042129886752049	0.7843551684820913	0.4963605188133439	0.3995226629341674	0.04860437189223158	0.7835639376402791	0.8919685729664496	0.3029768714157621	0.148344258138032	0.05008396837081486	0.1884372769230114	0.3713868171212956	0.4160744052105154	0.1522643803042718	0.1378880009844534	0.2049376180303623	0.3312496526304422	0.1917725792556965	0.7575932407579014	0.75302645742387	0.6669452426263813	0.4822972114374109	0.3495112543106683	0.3417097890716307	0.2811046294608653	0.1679054191616293	0.1040216772006718	0.07597123571812481	0.6987796274820102	0.5016204333217021	0.3128726310855907	0.7035513998749243	0.6494641035508771	0.5860620333787533	0.51057138133721	0.8856072011430288	0.4827730446893864	0.3768212093274108	0.4853443829480792	0.8337775611314276	0.3042129886752049	0.7843551684820913	0.4963605188133439	0.3995226629341674	0.04860437189223158	0.7835639376402791	0.8919685729664496	0.3029768714157621	0.148344258138032	0.05008396837081486	0.1884372769230114	-0.01212137035810452	-0.009318641165552659	-0.005058962819444976	0.01416431350955004	0.030748948972656	-0.0456129130091804	0.8961994943738733	-0.2578115702183066	0.5084116724284833	1.186284681319475	1.066584295354355	-0.1350436110876163	-0.3366454074701613	0.3469114233335709	-0.1640815017755315	-0.02371765458677625	-19.74232682252646	-0.04185057658870996	6.643760273605092e-16	1.51092648144521e-17
67.34999999999791	0.1350823928090142	0.001786746925165821	-1.563593012718379	-5.242046730848572	0.9468739190063032	-2.594562047004068	-0.119094720729859	-0.2510250195974721	-0.3190654277697692	0.3818055005049946	0.1166541313271941	-0.1707457469929518	0.7675462870336717	0.7675462870336717	0.3924866491951309	0.3924866491951309	-0.04627075523745292	0.06156646275825393	0.7152786234690753	0.01332470671510121	0.1093112751327018	0.3100404642332024	0.0542261404566637	0.8724780617335663	3.24687065631093	-2.220028200234976	0.4440710585411408	-1.303544180927438	2.024850830570076	-0.4690775833317571	7.614267277578032	7.614267277578032	-0.9235759985145494	-0.9235759985145494	-1.603999065006939	0.6058807255287776	0.3839234361374592	0.4339461512845335	0.1476025942418254	0.12870272125592	0.2039471570483023	0.377174278613101	0.2069160974994545	0.790314546863896	0.7861827950502892	0.7011332524133815	0.4684328764520457	0.3238763889698784	0.3339940255143053	0.2803065399645133	0.1807403151934552	0.11027307255441	0.08271897146860803	0.6328597078329263	0.5165068315406146	0.3974929079049907	0.6789684401599173	0.6643714979766142	0.6200137989556096	0.577789668519741	0.8804024958236271	0.4672526900000549	0.3500193112759916	0.5434053699831142	0.8421802877019736	0.4089150280791601	0.8104136636538578	0.5361148593401449	0.4632906122241066	0.04254393419683117	0.7984339274762831	0.9061940514019695	0.2795483727011945	0.1472344828324541	0.05574489080288649	0.1796719425270893	0.4024607620326983	0.4613711111786969	0.1424016188554681	0.1187733180951354	0.2027415894005284	0.4441679898804762	0.2253248128841795	0.8481775829735799	0.8447710447577307	0.760406021029702	0.4465025710175393	0.2875489073428002	0.3230188029140691	0.2792355228177217	0.195758058504946	0.1167616295226837	0.08934116753230929	0.5191714860127723	0.5405663914604272	0.5221124785994909	0.6363152545165912	0.6899957947748845	0.6773587867915287	0.6888822920579654	0.8710760139490659	0.4427107130047143	0.3110799460627984	0.6379041229027342	0.8571714637630822	0.5640168756344739	0.8566631441230146	0.600754850191163	0.5622482817227979	0.03708699333126345	0.8247942470806532	0.9317171533988788	0.2478821506796821	0.1459988365082365	0.06097983949819017	0.1693518592621787	-0.05603241501006802	-0.01941790299317316	0.001817628292748954	0.01197911958361734	-0.004780528719980822	-0.326734246682796	0.2859178211112781	-0.1049204680148426	0.1469936559278176	0.3015664949255061	0.3864511342357793	-0.1124912992962514	-0.4219759400337984	0.3551608260889247	-0.1772565177249361	-0.02459610976053895	-25.38097211904423	-0.04155898476909033	1.596141835329245e-16	-1.102538397923791e-17
67.36999999999789	0.1474145769450338	0.001887796364932534	-1.5623907387913	-5.236204430422466	0.947873263155206	-2.577664219472986	-0.04925427981302965	-0.2908569989647938	-0.3018711759520447	0.3553819092188841	0.1538256696757841	-0.1793969907738924	0.9200810269041357	0.9200810269041357	0.3730475538457758	0.3730475538457758	-0.06292119775887915	0.07238943642520602	0.4820598903236051	-0.006914968642399216	0.004895789131093429	0.2732516643913092	0.04819680031592695	0.8173832576428474	3.725750099597978	-1.702582642281907	1.287207133748992	-1.325086927931788	1.637803303187056	-0.4171155183017637	7.602552266099926	7.602552266099926	-0.984198595288403	-0.984198595288403	0.0243974029135873	0.5044195028107417	0.4101944988315914	0.471641127400609	0.1383344914531369	0.1104894680190032	0.2019449277012322	0.4715964054338507	0.2371215540280322	0.8617866649784823	0.8585841557942256	0.7753216537040805	0.4385422241400542	0.2692430646613367	0.3177653940649971	0.2786572946455126	0.2061475179307305	0.1223610545934856	0.09558306992938877	0.4856096688864812	0.5483479992463022	0.5696849270879192	0.6249597818118424	0.6967486346097477	0.6931123046473193	0.7205970244726241	0.8689585060862023	0.4337641057306872	0.2925969012686974	0.6663432743679876	0.8606191673432916	0.6212872431543556	0.8674309787935037	0.620637412748795	0.5960635460052427	0.03107448472105848	0.8309904618336827	0.9374498761232615	0.2301428320844559	0.1450367917449933	0.06639199608618956	0.1619593206497422	0.433534706944101	0.5066678171468785	0.1325388574066644	0.09965863520581753	0.2005455607706946	0.5570863271305102	0.2588770465126625	0.9387619251892586	0.9365156320915913	0.8538667994330228	0.4107079305976677	0.225586560374932	0.3043278167565076	0.2773664161745781	0.2236106978482627	0.1295015818446957	0.1027110993464938	0.3395633445435344	0.5795123495991523	0.7313523261133913	0.5690791091582579	0.7305274859988918	0.7686555402043042	0.8671932027787206	0.8565448267551027	0.4026483813200422	0.2453386827981861	0.7904638628573893	0.8805653663947368	0.8238207625937428	0.9289711197639376	0.7051491815689823	0.7249739005114284	0.02556961477029532	0.8660245565210273	0.9714657338313081	0.1927874299436022	0.143653414878441	0.07187571062556548	0.1502664416013461	-0.09994345966203151	-0.02951716482079366	0.008694219404942884	0.009793925657684647	-0.04031000641261764	-0.6078555803564116	-0.324363852151317	0.0479706341886215	-0.2144243605728481	-0.583151691468463	-0.293682026882796	-0.08993898750488663	-0.5073064725974356	0.3634102288442783	-0.1904315336743406	-0.02547456493430164	-26.06011967306692	-0.04264070208223025	-3.451476602946602e-16	-3.716003277292792e-17
67.38999999999787	0.1545328235981024	0.001712469934374315	-1.561994843117454	-5.230968939872168	0.9488606062512089	-2.561778163098574	0.02756354483691762	-0.3199976498698058	-0.275836963824511	0.3289577631747617	0.1829858935493412	-0.1845418218757735	1.067398662770248	1.067398662770248	0.3526474177259972	0.3526474177259972	-0.04604503658653494	0.08121560361117541	0.2107680987893981	-0.006960429564374992	0.02543015884241703	0.2496452739376971	0.05123772263236781	0.7724127506131676	3.950580226401937	-1.172470937955103	1.327158979531846	-1.307677831359313	1.250767187620118	-0.1102723985443777	7.077300768500963	7.077300768500963	-1.030427450971846	-1.030427450971846	1.547098823230522	0.3836614871453901	0.4026413503967794	0.4559583188469449	0.1218939967939413	0.09185784491459327	0.1876723783659498	0.533726359804428	0.2948438813105417	0.9120590385224682	0.9058372673022533	0.8279107554997851	0.4079021601806602	0.2249980033545467	0.2892475411914832	0.276544449189184	0.1987755053182319	0.1150530091523401	0.09176310004371101	0.3502065016737217	0.5037191676427413	0.6134725740126005	0.535020831607069	0.6922450100641396	0.7399119254265983	0.8164571308336127	0.8725859783328085	0.3995768667788088	0.2461890860236564	0.765402215970628	0.8820652272396794	0.7886018230181158	0.9099016170260411	0.7048246252450558	0.6792627187226449	0.02364638086081788	0.8542916653893733	0.958306310961513	0.1899301011815013	0.1442449415132813	0.1119939925084885	0.2229500188445685	0.372940325587495	0.4036183010368114	0.1085221009756407	0.08081408905696237	0.1716712906202432	0.5656082299657433	0.3551182015442045	0.9405163962120292	0.9280815443267025	0.8583623569859488	0.3827852541147132	0.2009922436469057	0.2604686644846846	0.2747077259298905	0.1766236431674801	0.1020985054482	0.08270668302439542	0.2574128136968333	0.4061708377939255	0.5561763557035523	0.4291751561369734	0.6574407609878731	0.7611851006103773	0.867812999557693	0.8889983247698927	0.3718300976433548	0.2206167554076329	0.8387490731516549	0.9045084660054598	0.9161906005011297	0.9367698227495549	0.782259576637278	0.7177514047107802	0.02114922089039569	0.8678614027237168	0.968597281580169	0.1686607239807567	0.1443959883082851	0.1546220341922931	0.3069861437694428	-0.1378305180898118	-0.0436652258786187	0.02022039109755397	0.01536295629552776	-0.07459108025117644	-0.9133583960946473	-0.01535025030154877	-0.02899954941609907	-0.1337238990182225	0.07443060819474194	-0.03211064019525239	-0.08231561294416637	-0.5238016656573719	0.3423120954513379	-0.1791064742414535	-0.02841047615923755	-40.43402762523674	-0.0435132802370404	1.014106700989329e-16	-2.515699488504801e-18
67.40999999999785	0.1550854338488227	0.001755668976320199	-1.561744077214049	-5.226244704133019	0.9499507805944157	-2.546720094615953	0.1085508436828323	-0.3361953760722827	-0.2483470207498155	0.3034607897695001	0.2027582813184966	-0.1843240789819656	1.201096635562969	1.201096635562969	0.3328459584357173	0.3328459584357173	-0.005682040473384123	0.08795446676534305	-0.1745037499118206	0.01493757860803098	-0.009617187913092623	0.2221261832764591	0.05847992503633508	0.7345844684637088	4.1426975191951	-0.4082901720272036	1.432780228465304	-1.232369664045632	0.6990196927460178	0.11914188126762	6.2405859587595	6.2405859587595	-0.9243309123384725	-0.9243309123384725	2.373080896996385	0.2956890996303752	0.3551621959004679	0.3754654386895781	0.09830190705669312	0.07266624347133162	0.1606956496412306	0.5567658255711768	0.3803439788019969	0.9298170392328684	0.9157821653129967	0.8479895302516139	0.3788672084927407	0.1956968863464242	0.2479199929002162	0.2739939674293543	0.1574365570049036	0.08927147841028375	0.07278812618283384	0.2472236706222367	0.363271794127802	0.5025330575256646	0.4060805246281959	0.6407324190747798	0.7496443201491655	0.8473501943283197	0.8954831244410397	0.3673762004613387	0.2160897239465754	0.8289326183875479	0.9051564299793323	0.9018175088379176	0.9291399027132411	0.7830558840987155	0.6992719038633597	0.01916404017393127	0.8631831934485882	0.9633315255857291	0.1621929051167019	0.144804144585642	0.1886317912948023	0.3579708272916308	0.3123459442308891	0.3005687849267444	0.08450534454461707	0.06196954290810722	0.1427970204697917	0.5741301328009766	0.4513593565757464	0.9422708672347998	0.9196474565618138	0.8628579145388747	0.3548625776317588	0.1763979269188794	0.2166095122128616	0.2720490356852027	0.1296365884866975	0.07469542905170432	0.06270226670229706	0.1752622828501322	0.2328293259886987	0.3810003852937132	0.2892712031156888	0.5843540359768543	0.7537146610164505	0.8684327963366653	0.9214518227846829	0.3410118139666673	0.1958948280170797	0.8870342834459205	0.9284515656161828	1.008560438408517	0.9445685257351721	0.8593699717055735	0.7105289089101322	0.01672882701049607	0.8696982489264062	0.9657288293290299	0.1445340180179112	0.1451385617381291	0.2373683577590208	0.4637058459375397	-0.175717576517592	-0.05781328693644375	0.03174656279016506	0.02093198693337087	-0.1088721540897352	-1.218861211832883	0.2936633515482195	-0.1059697330208196	-0.05302343746359684	0.7320129078579468	0.2294607464922913	-0.07469223838344609	-0.5402968587173081	0.3212139620583974	-0.1677814148085664	-0.03134638738417345	-70.85758991956419	-0.03750402308769627	6.344526526944513e-16	3.765399580301953e-17
67.42999999999783	0.1470358037826527	0.001822863802428369	-1.562367764368768	-5.222081549792766	0.9512214809508964	-2.532356781116123	0.1921516084255224	-0.3356985973801462	-0.220020054427	0.2789465575976738	0.2102314704199908	-0.1803948509289133	1.317013704119834	1.317013704119834	0.3156352271975605	0.3156352271975605	0.04656972282132449	0.09431013087917346	-0.6117679073212456	-0.004473444794633044	-0.04536270015674243	0.1952576165562624	0.06742976681541088	0.7030939970331498	4.201649408475598	0.4102588160730239	1.351936809766335	-1.213756562507895	0.06823840266810122	0.2566764642407779	5.351565540196876	5.351565540196876	-0.8005012009203384	-0.8005012009203384	2.744244306600002	0.3460206441171138	0.3272778513149624	0.3147770442489217	0.09561740228345296	0.06895202972383545	0.1574790414344893	0.5778596938471762	0.4201540458297867	0.9301416484796853	0.9135874382625895	0.8473598658959909	0.3771505699206102	0.1925314114714804	0.2163784506501324	0.2657769706665349	0.149957399430607	0.08988170431262218	0.07877783817811387	0.177285915802532	0.27078527393849	0.4034755940242922	0.3226595858180101	0.5633048079022429	0.7216630957337391	0.8417428305303675	0.8738747973013423	0.3625777225991273	0.2119741566359594	0.8676213736874956	0.9069181289889936	0.9541079040063865	0.9342879782145419	0.7449169994129031	0.6531423218615575	0.0185830590416284	0.8475549403321589	0.9624117655431444	0.160164122667503	0.1706307587860132	0.2333235330396164	0.4080405260663288	0.3202409841117485	0.2850666866935464	0.1029394195447494	0.07310988394986095	0.1670829013346488	0.599171476412342	0.4237757190645038	0.9207619292396784	0.906554537859009	0.834346109559295	0.3931684120964132	0.2031543807796934	0.2001293655934046	0.2563901276256877	0.161984669246848	0.101103291494076	0.09197764881322877	0.1448847363440233	0.2397365463958774	0.3432132352962524	0.2898932642738717	0.4775668179088211	0.6693286978749544	0.8148661362811569	0.8143413931726661	0.3758932239896381	0.2220482911911848	0.8902132541023835	0.8914411617667424	0.9625477809486616	0.9311978609945825	0.6160028835860418	0.564389870887155	0.01982417406153438	0.8144081856404892	0.9588391180925433	0.170947490044296	0.19999133691201	0.2507644316358075	0.3978426632570237	-0.2053754698828972	-0.06566556911169776	0.04237738985940107	0.02713147791120112	-0.1453232732420451	-1.532699504547356	0.18044781245043	-0.05953063503043935	-0.07237683086627866	0.3674556263641549	0.1557225953050999	-0.04904203464677264	-0.5415017601535392	0.2903154108070736	-0.1645489710244719	-0.03370133478418669	-94.77981503980949	-0.03858782348854962	3.281540167095293e-16	2.061307351162159e-17
67.44999999999781	0.131362371531381	0.001726517232637898	-1.563263032124234	-5.218391664838492	0.9526015575151727	-2.518542450114148	0.2759876381574673	-0.3216933924360899	-0.1961887321213091	0.2551224068944817	0.206285384835778	-0.1747411988042308	1.415177042901022	1.415177042901022	0.3006755508212705	0.3006755508212705	0.09977368675535103	0.1020410258245696	-0.9368839684226906	-0.001416560981847988	-0.03677524798779453	0.1747992446785133	0.06941754581593251	0.679686218678241	4.166224018120602	0.9425524531660001	0.9832158267524331	-1.163361517182146	-0.4429077758257234	0.2915842884308014	4.465212981190231	4.465212981190231	-0.6992254261515848	-0.6992254261515848	2.468300960928266	0.4332121827870717	0.3265699799215411	0.2874216179208053	0.1122682573691849	0.07925220393772804	0.1779915131568976	0.6015883096084325	0.4093764933992737	0.9158930328480804	0.9041148627940067	0.828036470211331	0.4053084555285862	0.214437630118836	0.1966789736577432	0.2515212177543173	0.1769261743094083	0.114184846852548	0.1063489925026873	0.1377738492430148	0.2529115524078242	0.3463492988642682	0.3009472187327253	0.4631786004467586	0.6550439535242734	0.8039383145580229	0.7948687604619722	0.3876162843840253	0.2328499459074937	0.8824544802845856	0.8827717084580955	0.940722268051106	0.9270774050911068	0.5649570688344606	0.5367678209028325	0.02169582886820966	0.8052916787125689	0.9575107830329419	0.1826076659028506	0.2204942202519819	0.2509707904545919	0.3700275671983205	0.328136023992608	0.2695645884603484	0.1213734945448817	0.08425022499161468	0.1913687821995058	0.6242128200237076	0.3961920815532611	0.8992529912445569	0.8934616191562041	0.8058343045797154	0.4314742465610676	0.2299108346405073	0.1836492189739475	0.2407312195661728	0.1943327500069985	0.1275111539364478	0.1212530309241605	0.1145071898379144	0.2466437668030561	0.3054260852987915	0.2905153254320545	0.3707795998407878	0.5849427347334584	0.7612994762256486	0.7072309635606494	0.4107746340126089	0.2482017543652899	0.8933922247588466	0.8544307579173021	0.9165351234888066	0.9178271962539929	0.3726357954665103	0.4182508328641778	0.0229195211125727	0.7591181223545723	0.9519494068560566	0.1973609620706807	0.254844112085891	0.2641605055125941	0.3319794805765078	-0.2350333632482025	-0.07351785128695176	0.05300821692863707	0.03333096888903138	-0.181774392394355	-1.846537797261829	0.06723227335264056	-0.01309153704005906	-0.09173022426896046	0.002898344870362945	0.08198444411790864	-0.02339183091009919	-0.5427066615897702	0.2594168595557499	-0.1613165272403773	-0.03605628218419994	-107.0987425628236	-0.0411410886787052	-1.460127429914808e-16	-7.869972296360794e-18
67.4699999999978	0.1104354898494382	0.001792305102111909	-1.564314660846142	-5.215121445881896	0.9539777721369989	-2.505113212098677	0.358460450686344	-0.2994642543362154	-0.1799704852043648	0.2323892710716728	0.1933401432768317	-0.1678017742185233	1.49469411623584	1.49469411623584	0.287162367782302	0.287162367782302	0.1462422834772387	0.1103396594850042	-1.14028069141924	0.005494450407451341	-0.06977251472635172	0.1523408634395989	0.06818927192463986	0.6643936005374032	4.070154167640591	1.241447706318695	0.6347303959281543	-1.118905952751477	-0.8391952090965679	0.3989679755975323	3.485120382107406	3.485120382107406	-0.6615758290951502	-0.6615758290951502	2.150042369684057	0.3924152190920338	0.3083051150931557	0.2514452946362685	0.1183670165331901	0.08209380291235911	0.1828126906702111	0.6147093696877923	0.4035967598831304	0.905281169238769	0.8995344340810442	0.8182819350045487	0.4268640197613098	0.2308212340693341	0.1895106624018382	0.2431317635016658	0.1962488773943534	0.1308104492857724	0.1258734196110735	0.110004810276414	0.2320886614412935	0.3076582988163797	0.2731612202688135	0.3816573680488692	0.5744089278080807	0.7551558164818093	0.6890771788564474	0.4059678224484616	0.2478669693834072	0.8941638975130777	0.8675026783554308	0.9335138030118671	0.9232757550755346	0.3972672803546887	0.431257946235022	0.02360585967608918	0.7370971753710086	0.9554197343031851	0.1993565665000541	0.2520720610061029	0.242701041655147	0.3748709265535033	0.2816848357277238	0.2176526519255762	0.1180171549924839	0.08121700479620456	0.1783663302347486	0.618901802363398	0.405121890597325	0.899533144809661	0.8998324946550769	0.8186325166744992	0.4391487129956313	0.2395163332374761	0.1906794356528714	0.2405030922975195	0.2060215705262628	0.1386254649367092	0.135379703572551	0.09747908920292654	0.2102781420368391	0.2845655042297739	0.2437564120028507	0.3287712077305346	0.4934475262274926	0.7028724094711184	0.5731052254564583	0.4153654402213288	0.2553456408188598	0.9064089355186256	0.8628024312713306	0.9398951500076603	0.9238422958446209	0.2811077136855439	0.3559862476393822	0.02436369707636701	0.6534731169875692	0.9561065884301192	0.2082132618891653	0.2658612623345389	0.2219994287567079	0.4113205776309687	-0.2692940808163512	-0.08191801044569542	0.06339363923273879	0.06477558501168623	-0.1642025244957968	-2.226496826616121	0.0709362060443246	-0.02925853540126523	-0.1067450191777648	0.1445532041813411	0.07667925434431941	-0.01109289212945361	-0.5447129021815353	0.2300545990136613	-0.1601920214187708	-0.0349377468476187	-115.472111234275	-0.04294629546152535	-6.490087952478025e-17	3.64749131417261e-17
67.48999999999778	0.08637208420882225	0.001846259348063692	-1.566109328334215	-5.212293301802588	0.9553285426144692	-2.491920465385981	0.4383576821775843	-0.2735920302035774	-0.1709546550448182	0.2100080132784372	0.1732144233108862	-0.1589180875620657	1.554526899377539	1.554526899377539	0.2738331996035427	0.2738331996035427	0.1846347278794091	0.1175681960216323	-1.250536364290296	-0.00259992333407196	-0.1110791246043672	0.1305917569495778	0.06687313138035242	0.6560370884007632	3.908665914356728	1.306861056442669	0.2629741510120151	-1.128173714224785	-1.160955616526295	0.4860104955059905	2.496783961876584	2.496783961876584	-0.680823940130646	-0.680823940130646	1.660685728955791	0.3262024704063122	0.2675399008304495	0.2013913198488102	0.1158805784845536	0.07941737377490882	0.1723534530388707	0.6150279910320782	0.408709104990177	0.9019397693799562	0.9022683278458986	0.8236573565731502	0.4380363863943955	0.2414596539285007	0.1943085598528402	0.241338450144395	0.2088618208881269	0.1422782575390368	0.1402208659888111	0.09132602354264303	0.1980213503531962	0.2821122205759211	0.2294794567112446	0.3270887515516773	0.4843057600858167	0.6995382744460591	0.5616747914235082	0.413972528472682	0.256353421223925	0.9067404489636153	0.8680374004498538	0.9466967510579741	0.9260254319703908	0.2758494145018952	0.3535604782832681	0.0250456324495194	0.6426607303036961	0.9574956038609129	0.2109421123790375	0.2663743678813777	0.2063988229493146	0.4349818341507867	0.2352336474628396	0.1657407153908041	0.114660815440086	0.07818378460079442	0.1653638782699913	0.6135907847030885	0.414051699641389	0.8998132983747649	0.9062033701539496	0.8314307287692833	0.4468231794301951	0.2491218318344448	0.1977096523317953	0.2402749650288662	0.2177103910455271	0.1497397759369707	0.1495063762209416	0.08045098856793868	0.1739125172706221	0.2637049231607564	0.1969974985736468	0.2867628156202813	0.4019523177215269	0.6444453427165884	0.4389794873522672	0.4199562464300488	0.2624895272724297	0.9194256462784046	0.8711741046253594	0.9632551765265143	0.9298573954352487	0.1895796319045776	0.2937216624145867	0.02580787304016132	0.5478281116205661	0.9602637700041817	0.2190655617076498	0.2768784125831869	0.1798383520008218	0.4906616746854296	-0.3035547983844999	-0.09031816960443909	0.07377906153684051	0.0962202011343411	-0.1466306565972386	-2.606455855970413	0.07464013873600864	-0.0454255337624714	-0.1217598140865691	0.2862080634923193	0.07137406457073017	0.001206046651191958	-0.5467191427733005	0.2006923384715728	-0.1590675155971642	-0.03381921151103746	-121.4789416354476	-0.04422862201285872	2.013038583311575e-16	1.050957756618361e-16
67.50999999999776	0.06133286489035034	0.001912416117891765	-1.567972413160989	-5.209817463269499	0.9566208470154841	-2.478827435693196	0.5144489897562156	-0.2493422494483877	-0.1700848303251877	0.1874760829637147	0.1480295016535348	-0.1501668776542749	1.594866608135194	1.594866608135194	0.260127931860573	0.260127931860573	0.2143416791485075	0.1242337360412487	-1.243348493296056	0.005518417692234118	-0.07407674468201596	0.1171669783904192	0.06225501588170835	0.6540145942381985	3.686682520640842	1.113986099609881	-0.1560093577171914	-1.13074503759441	-1.337171592314607	0.3854761678801016	1.536401034195294	1.536401034195295	-0.6931671049011956	-0.6931671049011956	1.318879736922962	0.3581854522125233	0.234426252434649	0.1600548475965829	0.1145151625668623	0.07746735269430992	0.1652172846474743	0.6206819626397756	0.422035565862929	0.8957223505961567	0.901710630186054	0.8243010018846169	0.4479346895810967	0.2530313904696013	0.1935556938048035	0.2334426506221694	0.2143172347991447	0.148217328876513	0.1553266374246679	0.0758086757796272	0.1653603396323002	0.2551357206912835	0.1890939661664839	0.2774684418737334	0.3993482753638035	0.6275359719465031	0.452338511289054	0.4218740174695008	0.2661122428905662	0.9113517739670565	0.8644944027576617	0.9545136776356412	0.927701485822053	0.1923296345798331	0.292065097253388	0.026995418296858	0.5348824642259719	0.9575770742869449	0.2232926919323551	0.2846897100768873	0.1787360972586151	0.4516653317427292	0.2160334006384322	0.1381293811461536	0.1139805343691892	0.07646558882201392	0.1622076054858518	0.6314105905390087	0.438149245928777	0.8862685149692661	0.8975628879691746	0.819235678409037	0.4564014819046782	0.2621291595307878	0.1900893557688405	0.2242162102837938	0.2143114765392621	0.1492311698113404	0.1652597936131557	0.06844835270909319	0.1450546024234894	0.2335630550599279	0.1641292337196764	0.2403463983293926	0.3321002262115886	0.5473982283772278	0.3721771003811614	0.4292393351728408	0.27423939206888	0.9094833601957887	0.8556470924075705	0.9553260910477512	0.927648268033585	0.1511350183530206	0.251744272413633	0.02813187752182655	0.4293242130779708	0.9555092167545001	0.2324628353766656	0.3011267502388584	0.1655183654865444	0.4334312210760488	-0.3285775297013981	-0.09326134748548708	0.08540422844335538	0.1437412203873013	-0.07555063254445474	-2.940098225699616	0.08124197924553798	-0.04944848346734872	-0.1312052877042355	0.2011798431215348	0.06449906585708243	0.00955587226205864	-0.4909341334105182	0.1749914823536665	-0.1505603682260697	-0.0333312938389027	-124.4425707238208	-0.04771253948060176	1.667139643669776e-16	8.489204436906645e-17
67.52999999999774	0.03703962744754961	0.001919108750766941	-1.569026293585846	-5.207599627385741	0.9578146515361534	-2.465729933082109	0.5852736900881849	-0.2291978229979675	-0.1763957365002333	0.1645491829609062	0.1205421578942109	-0.1436444139426269	1.615951505557402	1.615951505557402	0.2459679445781753	0.2459679445781753	0.2377447309149274	0.1326089709363828	-1.175938176723108	-0.008546337029367169	-0.03015868441262175	0.1047914920165345	0.05702314334578886	0.6564843802308623	3.382005189690048	0.8963256259653534	-0.4550989384562553	-1.167670683033414	-1.391197826723761	0.2631358758915028	0.5713028283300887	0.5713028283300887	-0.7262958940734905	-0.7262958940734905	1.030295778687357	0.4971719579582279	0.2120107509366229	0.1293058441362403	0.1137688602008899	0.0757315519687672	0.1614841586522748	0.6347266989922417	0.4431856938518575	0.8846062673795118	0.895753145045892	0.8163254841243297	0.4575612951449652	0.2656677534954651	0.186984761862705	0.2187746848513906	0.2123815922502684	0.1484619949015534	0.170794849941604	0.06336242605193945	0.1351029712387649	0.2250711482094348	0.1538408349389201	0.2288241045107527	0.3225154202939183	0.5368571734820762	0.3699825863554601	0.4307645215053274	0.2773982271440536	0.9062433498561736	0.8529277930944176	0.9518273197280157	0.9267845974947717	0.1422477973914786	0.2438618553993909	0.02931314341616758	0.415658527588663	0.9544333106841912	0.2363914629361847	0.3074631073790108	0.1619217952049482	0.4139799814356342	0.1968331538140249	0.110518046901503	0.1133002532982924	0.07474739304323341	0.1590513327017122	0.6492303963749289	0.462246792216165	0.8727237315637673	0.8889224057843996	0.8070406280487907	0.4659797843791612	0.2751364872271307	0.1824690592058856	0.2081574555387213	0.2109125620329972	0.1487225636857102	0.1810132110053698	0.05644571685024771	0.1161966875763567	0.2034211869590994	0.131260968865706	0.1939299810385039	0.2622481347016503	0.4503511140378673	0.3053747134100557	0.4385224239156328	0.2859892568653303	0.8995410741131727	0.8401200801897818	0.9473970055689884	0.9254391406319215	0.1126904048014637	0.2097668824126791	0.03045588200349178	0.3108203145353753	0.9507546635048185	0.2458601090456813	0.3253750878945299	0.1511983789722669	0.376200767466668	-0.3536002610182963	-0.09620452536653508	0.09702939534987026	0.1912622396402616	-0.004470608491670846	-3.273740595428819	0.08784381975506735	-0.05347143317222604	-0.1406507613219019	0.1161516227507502	0.05762406714343467	0.01790569787292532	-0.435149124047736	0.1492906262357602	-0.1420532208549752	-0.03284337616676794	-122.6191886143082	-0.04636573068433789	-1.827324550726119e-17	2.027601616985703e-17
67.54999999999772	0.01391942577071021	0.001826437209457326	-1.569377824230082	-5.205641916764565	0.9588627253392844	-2.452541550521951	0.6494991133784029	-0.212230945957698	-0.1875763540563666	0.1411230277645075	0.09226635162947018	-0.1384465423602681	1.617447403454809	1.617447403454809	0.2309815797466943	0.2309815797466943	0.2562243322696522	0.1401548651014098	-1.126471976294878	-0.0007811271067875311	-0.004726231615843188	0.09108178717071821	0.0471862926904771	0.6627331775293459	3.031137846467243	0.798045203143406	-0.6508865543694555	-1.171923816277605	-1.416915097880089	0.2634184079458207	-0.4083165979320193	-0.4083165979320196	-0.7644520257090193	-0.7644520257090193	0.818810686211277	0.293650638348995	0.187355288576247	0.1044692976207302	0.109104295497523	0.07243863612435314	0.1524627089516384	0.6383077306844207	0.485866427349641	0.886822125997904	0.8971199285159887	0.8188109675190371	0.4588899767763113	0.2653470621234492	0.1806126914998396	0.2142398429807311	0.205553683509945	0.1418731333137423	0.1785734776351197	0.0535661786719739	0.1123716075046802	0.1951822421108093	0.127092828386214	0.1863551269716605	0.2604793141442761	0.4493291332938987	0.3130998245365105	0.4301646731629341	0.2758911495631056	0.9007464996822506	0.8563032189684454	0.9536521859386647	0.9308484127623692	0.113653290905208	0.2152486283720622	0.02964514930295345	0.3235311743120657	0.954796859478846	0.2368275085957662	0.3144490756143803	0.1599713874829445	0.4056988622521487	0.1690596735896	0.09214159925205667	0.1045970244671338	0.06997890634034364	0.1441006155301021	0.6328863023251853	0.5382128154155094	0.9002905504055561	0.905032452936995	0.8306459120724865	0.4543582904065475	0.2576663020807745	0.1764824468392399	0.2166238408990069	0.1983120725297649	0.1343960573718035	0.1799333045585918	0.04942934951111872	0.1020349342522588	0.1749044940441095	0.1143781511568524	0.16075249940644	0.2222576248399652	0.3772176654786159	0.2813749200853333	0.4231657221370959	0.2672844846046776	0.8962410163004766	0.8725667898018994	0.9604783715308599	0.9392276631185402	0.1045188832562108	0.2048115330578782	0.02911496756577835	0.2691319734397783	0.9583933582811742	0.2301611396668354	0.3102653764186204	0.1657223714888413	0.4223867058482585	-0.3466148089292243	-0.09820817096147003	0.1015908190708006	0.2218800032742992	0.07698926811274762	-3.382199714223458	0.04979584024702643	-0.0563253396322663	-0.152889248263725	0.1508166398293868	0.06896831318090886	0.02943569163941328	-0.3817834378381655	0.1257625998011258	-0.1321086818964975	-0.03818128791350769	-121.9687816094075	-0.04740199059044871	9.095485932292948e-17	7.220457365288945e-18
67.56999999999771	-0.007634851017482651	0.00188545126628808	-1.569204616914672	-5.203952267216134	0.9596781854726941	-2.43920543391123	0.7061432322319506	-0.1973686898690491	-0.2019481481634428	0.117793071123084	0.06464426205396967	-0.1328369926007649	1.600154699266425	1.600154699266425	0.21570540608452	0.21570540608452	0.2705430115403279	0.145804323662484	-1.019345687858313	0.006622222784683608	0.02231511155200988	0.07798538474210895	0.03376177637365652	0.6712577852872251	2.623874746022334	0.6858635308031158	-0.7742165935508283	-1.158050827535874	-1.325826157799685	0.3043036936059854	-1.307557380250663	-1.307557380250663	-0.7552767771428509	-0.7552767771428509	0.6142035702820886	0.3075283975627671	0.1595196603016868	0.08497442340939589	0.1007259096645115	0.06773526974317746	0.1381510689830182	0.628146079821698	0.5516110300418068	0.9059751176178965	0.908334201589322	0.8354658894099565	0.4508056731334628	0.2512085484103835	0.1745368335657412	0.2204701747962482	0.1938363607914423	0.1283720246060845	0.1787219958211689	0.04635373258925681	0.09696291408804761	0.1657434099780638	0.1085664666440681	0.150415998882447	0.2138891063942986	0.3694292752394841	0.2802064917934179	0.418704939184787	0.2606180012554769	0.8967159554531244	0.8791291645551641	0.9629838634994533	0.9414001918808	0.1028551395266837	0.2057339455203099	0.02831435897821417	0.2664514398200878	0.9600121984263786	0.2240066396837027	0.3041669206000006	0.172256350814207	0.4374839431092712	0.1412861933651751	0.07376515160261032	0.09589379563597517	0.06521041963745386	0.1291498983584921	0.6165422082754416	0.6141788386148539	0.927857369247345	0.9211425000895901	0.8542511960961823	0.4427367964339339	0.2401961169344183	0.1704958344725942	0.2250902262592925	0.1857115830265327	0.1200695510578969	0.1788533981118139	0.04241298217198972	0.08787318092816096	0.1463878011291196	0.09749533344799886	0.1275750177743762	0.1822671149782801	0.3040842169193646	0.2573751267606109	0.4078090203585589	0.2485797123440249	0.8929409584877804	0.9050134994140168	0.9735597374927315	0.953016185605159	0.09634736171095781	0.1998561837030774	0.02777405312806492	0.2274436323441813	0.96603205305753	0.2144621702879893	0.2951556649427109	0.1802463640054157	0.4685726442298491	-0.3396293568401523	-0.100211816556405	0.106152242791731	0.2524977669083369	0.1584491447171661	-3.490658833018097	0.01174786073898552	-0.05917924609230656	-0.1651277352055481	0.1854816569080234	0.08031255921838304	0.04096568540590124	-0.3284177516285949	0.1022345733664912	-0.1221641429380198	-0.04351919966024745	-122.9355279199251	-0.04841896655650767	4.103367603705697e-16	3.099380527117896e-17
67.58999999999769	-0.02674709363115839	0.001890034110111324	-1.568645577608091	-5.202538250846907	0.9602237849544224	-2.425684335478255	0.7538661586085827	-0.1844407203451469	-0.2181235081787955	0.09465211282997986	0.03942754348748514	-0.1280774256729216	1.565696302070492	1.565696302070492	0.2012805497799874	0.2012805497799874	0.2809289476261786	0.1526770259110012	-0.8910146349051252	-0.00360833577894503	0.02989796387343633	0.06302878951263696	0.02027056334409813	0.6809735461410055	2.149132997874908	0.6177255512506032	-0.8273176419720218	-1.147167562202595	-1.194080168981902	0.1723699547554003	-2.118698286388782	-2.118698286388782	-0.6690884843934773	-0.6690884843934772	0.414585745542178	0.3770250565486003	0.1361119240568915	0.07049921685813479	0.09059587332853772	0.062332120411021	0.1219969757595575	0.5990549364123626	0.6186951281054904	0.9248657058590521	0.9204544957075065	0.8549389978007945	0.4373049134354227	0.2319941487120233	0.1666494325946078	0.2315320870432895	0.180752186305077	0.113623597778297	0.1640016891308418	0.04112297732587531	0.08543047941460885	0.1445843120173196	0.09494646697559456	0.1270505087046609	0.1817266468031712	0.3172738465596525	0.2665794332185947	0.400963979601367	0.2403292281194948	0.8931368589284855	0.8988967419200655	0.968990964249382	0.9509554869016769	0.09837514661825748	0.2001717064380106	0.02642924489576061	0.2306282411219167	0.9655841254515696	0.2062725081121175	0.2787396503523955	0.2165576824067347	0.4319908585481665	0.1235925996368844	0.06455052488284456	0.08392276966330321	0.05905559708684581	0.1112640617246887	0.5590375180132452	0.6813237436290714	0.9412861458895896	0.9319752698734667	0.8746921930953271	0.4226863946163816	0.2158204742370013	0.1605634804198824	0.241933348955692	0.1713472088568427	0.1041299717183171	0.1469567276421991	0.0392433528622822	0.08051895778624288	0.1350858140439418	0.08911928378964941	0.1182580406700278	0.1666146337392699	0.292637509027275	0.2657885785990097	0.3826266130927816	0.2232845625102553	0.8897359195599158	0.9136302308852404	0.9713390853647849	0.9588470075995297	0.09856054652227778	0.1978421679168996	0.02518701647879599	0.2138332857064393	0.9707935846718078	0.191625158389929	0.251248961383901	0.2644583264179445	0.3990324408651915	-0.3171327497240812	-0.1097215895238715	0.1112762896747213	0.2582553924170224	0.2744663641794969	-3.467288279743463	0.0707768701155523	-0.09072960730906128	-0.1927075231590003	0.2424880367545095	0.1088882692642262	0.0497594265941082	-0.3064945457965277	0.08499056863079575	-0.110110033774663	-0.06071954035156082	-121.7101471211337	-0.04791185823429821	3.395595538446487e-16	3.912300909696413e-17
67.60999999999767	-0.04324087886942037	0.001843341940066868	-1.568156332569044	-5.201446614142352	0.9604679036682523	-2.411961632540434	0.7921371563960563	-0.172227982632555	-0.2344007832017382	0.07226146621798378	0.01695167648950336	-0.1259135161874903	1.516190129929228	1.516190129929228	0.1896666814655344	0.1896666814655344	0.2867342696515307	0.1607766550947752	-0.7574999503167005	0.001494721397908875	0.01533568479863828	0.04574741827497406	0.003613699583779961	0.6914182357718109	1.678681887105618	0.6143403496720148	-0.7844080943098296	-1.083019659424996	-1.051741000949161	0.04473794936455228	-2.812334874785238	-2.812334874785238	-0.4741779781346258	-0.4741779781346258	0.1561421642318185	0.4302210910885601	0.1173074951955114	0.06080194194635218	0.07864179948377607	0.05617577542166542	0.1040208829522141	0.5498752891066966	0.6848013694415618	0.9400998806379975	0.9317105455376062	0.8750352177472731	0.4189163525224431	0.2082357117990763	0.156935013909799	0.2472270298217539	0.1664264013814976	0.09757332061239064	0.1340207735031493	0.03788191357084515	0.07766869590606991	0.1317457409026329	0.08599823425930865	0.1157996659362399	0.1628992765694905	0.2953858906043837	0.2704544964861575	0.3775131660955809	0.2156235695652788	0.8898071534676574	0.9111983410355564	0.969511359213662	0.9580248680767091	0.1000301356805014	0.1975696693814818	0.02383928771702018	0.2122394566050536	0.9706152487496287	0.1839856692529359	0.2379830887831442	0.2918915351296896	0.37889546967069	0.1058990059085937	0.05533589816307878	0.07195174369063126	0.05290077453623777	0.0933782250908852	0.5015328277510489	0.7484686486432892	0.954714922531834	0.9428080396573433	0.8951331900944718	0.4026359927988294	0.1914448315395844	0.1506311263671706	0.2587764716520916	0.1569828346871527	0.08819039237873724	0.1150600571725844	0.03607372355257467	0.0731647346443248	0.1237838269587641	0.08074323413129993	0.1089410635656794	0.1509621525002597	0.2811908011351855	0.2742020304374085	0.3574442058270044	0.1979894126764857	0.8865308806320512	0.9222469623564642	0.9691184332368383	0.9646778295939004	0.1007737313335977	0.1958281521307217	0.02259997982952705	0.2002229390686973	0.9755551162860855	0.1687881464918687	0.2073422578250911	0.3486702888304733	0.3294922375005339	-0.2946361426080102	-0.119231362491338	0.1164003365577116	0.2640130179257079	0.3904835836418276	-3.443917726468829	0.1298058794921191	-0.122279968525816	-0.2202873111124525	0.2994944166009957	0.1374639793100693	0.05855316778231517	-0.2845713399644606	0.06774656389510025	-0.0980559246113063	-0.07791988104287419	-118.3575323811149	-0.04827465467271755	-1.213767602548338e-16	3.160806884264444e-17
67.62999999999765	-0.05667036431231517	0.001865898164705073	-1.568084343468964	-5.200720796233808	0.9603594478275675	-2.398026732322688	0.8211646303946547	-0.1599152994316257	-0.2485782873697307	0.05147132628557453	-0.002078739430610492	-0.1245972783150263	1.455131740464915	1.455131740464915	0.1826180867209271	0.1826180867209271	0.2867304752879163	0.1699038215740762	-0.5893302779046429	0.002133459130794962	-0.005369195795766206	0.02688289945872366	-0.01467901533416849	0.702171469987975	1.229126053533142	0.6237657486494466	-0.6275446566241195	-0.9857872583625537	-0.8551212603502314	0.07691897870647244	-3.246074902083051	-3.246074902083051	-0.2218485230911041	-0.2218485230911041	-0.1655876112223293	0.5067955211641824	0.1018516338153888	0.05277309525763293	0.06886706575258963	0.05083006384249233	0.08975616234357535	0.5042874471893617	0.7414940945074816	0.9525396753119471	0.9423080672160939	0.8949679513005705	0.3931298539932634	0.185824518385883	0.1537674593875352	0.2656087632619478	0.1531010941271745	0.08482516474336974	0.1119142091040885	0.03480585691670891	0.07064866686939038	0.1207155848406925	0.07757382618364027	0.104801528541997	0.1468015113620676	0.2779992694931794	0.2783647647803464	0.3485299431231902	0.1927038935106464	0.8868464557907705	0.9233899507206108	0.9703555320975464	0.9641843774480439	0.113458710397026	0.2042767287506128	0.02189869403305701	0.1924709017599824	0.9754075604870845	0.1630734193853335	0.194653674034457	0.3305966564302601	0.3585470524081079	0.09418529996651946	0.04926527667928033	0.06429983242526226	0.04826891900722943	0.08309615868230061	0.4680320640942182	0.7895629455956188	0.9632192701245277	0.9524826136828111	0.9146188321471196	0.3669434275384856	0.1714957532676659	0.1548805909420032	0.2808054908006538	0.1450139195035512	0.07891720748081106	0.1023037741848739	0.03338318032832202	0.06714720001841552	0.1147809658705655	0.0731403456651534	0.09841994280574601	0.1375577073692674	0.2653959702713649	0.2860480179844872	0.3219137597870415	0.1781265967431157	0.8841582847896479	0.9364500309406555	0.9721889486840704	0.9699441231137778	0.1268912805079249	0.2137398262804966	0.02112449949308797	0.1775887344717879	0.9800799658902538	0.1501724164673851	0.1643297641527597	0.3398619602999279	0.3666362579659819	-0.274351697213796	-0.1244493489709731	0.1175308650696434	0.2664588228274264	0.4581372656538156	-3.395957528214528	0.1307716184565712	-0.1517519963903194	-0.2276531294823009	0.3518781403650122	0.1230479535124328	0.07905225990226779	-0.2747590133421401	0.05168654619994082	-0.09177700341040747	-0.1106973333734359	-112.6235451593625	-0.04937270928143914	-4.150211777155555e-16	2.476299777455764e-17
67.64999999999763	-0.06696935734281022	0.001983582627893791	-1.568260397241078	-5.200369357088833	0.9598719537876099	-2.383870786381582	0.8415046201683882	-0.1470038415575038	-0.2592706628320171	0.03323825890172775	-0.01740600069592569	-0.1232354314062535	1.388244300628763	1.388244300628763	0.1811460594713238	0.1811460594713238	0.2797481247774811	0.1820204745141955	-0.4444507090764414	0.01100754525296882	-0.009468602420659783	0.008309541918106515	-0.03429012034354086	0.7135228081079058	0.8099334646183318	0.6742178169913254	-0.4358952237389149	-0.827312404568516	-0.6814255354689586	0.04929885299544384	-3.395239911969699	-3.395239911969699	0.08347877136628715	0.08347877136628715	-0.5417134504508987	0.7291697371706554	0.08960540082304587	0.04656876646199236	0.06101029375561971	0.04614472520071712	0.07899556641502624	0.4666998263068022	0.7872048872024466	0.9623517292080496	0.952287263848262	0.9145839373370214	0.3595707882541902	0.1651106231940341	0.1570604107066512	0.2866739367822447	0.1408092916268807	0.07516318099226794	0.09786916524869439	0.03209951926559712	0.06452761560774953	0.1114010192725779	0.06984887293332473	0.09412047158818353	0.1328504743127321	0.2616895789868661	0.2893533808956403	0.3140471084109653	0.1719652414806097	0.8842784527052882	0.936919184114771	0.9726841567236971	0.9697477301510145	0.1381153879014594	0.2202823807495295	0.02041999760207382	0.1699396547412063	0.9800213218075385	0.1437862032332041	0.1500619581087999	0.3317835922183878	0.381331376290717	0.08247159402444521	0.04319465519548188	0.05664792115989328	0.04363706347822109	0.07281409227371601	0.4345313004373876	0.8306572425479485	0.9717236177172212	0.9621571877082788	0.9341044741997674	0.3312508622781417	0.1515466749957473	0.1591300555168358	0.302834509949216	0.1330450043199496	0.06964402258288487	0.08954749119716351	0.03069263710406937	0.06112966539250624	0.1057781047823669	0.06553745719900686	0.08789882204581258	0.1241532622382751	0.2496011394075444	0.2978940055315658	0.2863833137470786	0.1582637808097457	0.8817856889472446	0.9506530995248466	0.9752594641313025	0.9752104166336552	0.1530088296822519	0.2316515004302714	0.01964901915664888	0.1549545298748785	0.9846048154944221	0.1315566864429014	0.1213172704804283	0.3310536317693825	0.4037802784314301	-0.2540672518195818	-0.1296673354506082	0.1186613935815752	0.268904627729145	0.5257909476658035	-3.347997329960227	0.1317373574210233	-0.1812240242548228	-0.2350189478521493	0.4042618641290289	0.1086319277147964	0.0995513520222204	-0.2649466867198196	0.03562652850478139	-0.08549808220950864	-0.1434747857039976	-102.6204866927723	-0.0485025937295948	-4.74456939882012e-16	1.885574356719688e-17
67.66999999999761	-0.07480337863931585	0.002020084577149076	-1.568459818151452	-5.200390221332055	0.9590192766186532	-2.369480046726847	0.8534664301165807	-0.1325471047764178	-0.2660067872452433	0.01795557977192459	-0.02968009093765761	-0.1235863334999367	1.321030443043934	1.321030443043934	0.1852185285920232	0.1852185285920232	0.2651526969566451	0.1976872277665253	-0.3389949416788619	-0.002731626261094934	-0.01003174278265135	-0.01062428497932873	-0.05064666845095542	0.7258941519737292	0.4039315067515912	0.769391754742608	-0.2366656653739978	-0.6987198482617157	-0.5442484513132075	-0.07702160937892796	-3.278238298422717	-3.278238298422717	0.3112133077523752	0.3112133077523752	-0.9226737410983729	0.814225492345557	0.0795769659668072	0.04164560368598932	0.0536521850402757	0.04136677103686717	0.06950557632758643	0.4488038008197665	0.8230768011177315	0.9696138879242474	0.9597114847235177	0.9281837160616595	0.323271244009015	0.145578970943658	0.1496715593454333	0.3230351962883141	0.1277331202539756	0.0657043173200248	0.08457138976245231	0.02939523960140904	0.05842735128302065	0.1017359374250195	0.06264554881738191	0.08404308079784102	0.1198569487322352	0.2495578127013458	0.305941530605279	0.2800054208366951	0.1522259959606751	0.889285024639988	0.9483680168447476	0.97480383878917	0.97445657473152	0.1800620339692398	0.2209834769968244	0.01873838980119887	0.1496500411369639	0.983403325891164	0.1260992013925694	0.1254246294185274	0.2964733225847814	0.4530850133987961	0.0748776566986392	0.03963441278164377	0.04996772456562965	0.03887107628809026	0.0648376303816828	0.4458746067372091	0.8520512793478313	0.9751836183543673	0.965171265118431	0.9369991065577674	0.2933498542917654	0.1336774255822086	0.1398526487692376	0.3609359570755727	0.1192873514602725	0.06066199824377669	0.0773566712452186	0.02804499625142249	0.05516532067848327	0.09590065400911052	0.05894103748552618	0.07855334976096104	0.1123671682564348	0.2429515605243156	0.3221031464125798	0.2547595937546073	0.1399622473546763	0.9002520479394106	0.9579678905845822	0.9765582586433729	0.9785603818269057	0.2170827487078403	0.2132068034642436	0.01786357702250069	0.1377834891433221	0.9858235245818902	0.1159181955222133	0.1195163566595698	0.2481903044461273	0.5456121681832231	-0.2272185706768042	-0.1390190116652081	0.1126947247134506	0.2489300233062457	0.5746945592792627	-3.238035103252241	0.1937973581636661	-0.2033576993551067	-0.294625852044777	0.5143516792629261	0.3033179678448546	0.1130877234272577	-0.2675271430780815	0.02927693954116236	-0.08395650132674648	-0.1892272162914968	-92.87370438158146	-0.04870036839504242	-4.393541559865319e-16	3.620637691352646e-18
67.6899999999976	-0.08053089585411338	0.002059346540103604	-1.568643997119017	-5.200803461237565	0.957859324173624	-2.354821300518389	0.8583692395004197	-0.1163107356228665	-0.2686952273585554	0.005378891377343462	-0.03910653725274856	-0.1260215976620134	1.259031070615836	1.259031070615836	0.1930923984633423	0.1930923984633423	0.242647398755006	0.2136582903792612	-0.2338003009054377	0.01128354662289333	-0.007944408139705064	-0.03092802431072477	-0.06501764795080403	0.7403234634802113	0.1040334081823264	0.8521810542380246	-0.03112679374712069	-0.5567133310460667	-0.3966611428046022	-0.159137353844101	-2.873791396296165	-2.873791396296165	0.463618846428613	0.463618846428613	-1.332700488531936	0.7596006732112918	0.0717341929675563	0.03803049231353794	0.04688928906775687	0.03657396371354449	0.06135847590449807	0.4520587591930829	0.8491271940273948	0.9743401920160003	0.9641938143975736	0.9346338852221077	0.2849552582634499	0.1271746022329032	0.1317273997413843	0.3752802590411167	0.1138813489354805	0.05660306239240932	0.0721265398001063	0.02673852460371618	0.05241634131701799	0.09178086594050615	0.0559666077700045	0.07454531393007661	0.107794087659807	0.2417775009706871	0.3282872333687745	0.247155369848897	0.1334056536589614	0.9032833886863932	0.9570566824574266	0.976376154206577	0.9782591690785318	0.2391787672647037	0.2057523753181077	0.01694874579108093	0.1317449335880143	0.985342984277419	0.1099620496245447	0.1207109615571064	0.2219155550238977	0.5730899902964378	0.0672837193728332	0.03607417036780566	0.04328752797136601	0.03410508909795944	0.05686116848964958	0.4572179130370306	0.8734453161477143	0.9786436189915133	0.9681853425285831	0.9398937389157674	0.2554488463053891	0.1158081761686699	0.1205752420216394	0.4190374042019296	0.1055296986005953	0.05167997390466852	0.06516585129327365	0.02539735539877562	0.0492009759644603	0.08602320323585415	0.05234461777204551	0.0692078774761095	0.1005810742745946	0.2363019816410868	0.3463122872935938	0.2231358737621359	0.1216607138996069	0.9187184069315767	0.9652826816443176	0.9778570531554434	0.9819103470201563	0.2811566677334287	0.1947621064982159	0.01607813488835249	0.1206124484117658	0.9870422336693582	0.1002797046015251	0.1177154428387113	0.1653269771228721	0.6874440579350164	-0.2003698895340265	-0.1483706878798081	0.1067280558453259	0.2289554188833463	0.6235981708927217	-3.128072876544255	0.2558573589063089	-0.2254913744553906	-0.3542327562374047	0.6244414943968234	0.4980040079749128	0.1266240948322949	-0.2701075994363434	0.02292735057754333	-0.08241492044398435	-0.2349796468789961	-83.19455276492073	-0.04916696911093336	-2.151742799671787e-16	-3.027017152145857e-17
67.70999999999758	-0.08454045712149617	0.002054662775061015	-1.568823779731652	-5.201636248784383	0.956513740424063	-2.339859920768882	0.8573716033208664	-0.09816620889766005	-0.2676909546978302	-0.005011352241442744	-0.04600259929341725	-0.1293718390069536	1.207161443311458	1.207161443311458	0.203548486193326	0.203548486193326	0.2150274061268269	0.2318606089745778	-0.1701900747137043	-0.008782147086291998	-0.00947196975017053	-0.05264921156486396	-0.06847586454356865	0.7562557345415448	-0.1879173400622612	0.9605232698374867	0.1275377730021363	-0.4889747873197038	-0.2990818454560316	-0.1769219929839199	-2.281630731956062	-2.281630731956062	0.5668894644051994	0.5668894644051994	-1.364495235721488	0.970390036163167	0.06361811563571337	0.03435459302294255	0.04100316080445225	0.03234267908085945	0.0538212270976644	0.4512545371431509	0.8536817597078592	0.9780428420376479	0.9685481874801607	0.9412402344386486	0.2494655210382602	0.1112167083141606	0.125837850044292	0.4059717943110434	0.1045973426818669	0.04989387317860514	0.06173850656411861	0.02441927485711581	0.04740278879762973	0.08474097595784416	0.05005974069560445	0.06669857578760516	0.09831180990084264	0.2369279161740963	0.3615171944005424	0.2200713589866773	0.1173992813424778	0.9200247719813099	0.9644780815503187	0.9783481751654249	0.9815124007822275	0.316014327569273	0.1978382719809153	0.01549016402132719	0.1171454276248022	0.9871627914030301	0.09536534972726389	0.1030506841889092	0.1490135353424531	0.6790069336753546	0.05913009401932132	0.03250994991620672	0.03829223218776753	0.03038897493176996	0.050063812667452	0.4459529776491915	0.8423680338703462	0.9812637535765482	0.9731902258359468	0.9489100226147487	0.2251278030244586	0.10272394813568	0.1276985893805151	0.4173922899277493	0.1010877127019789	0.04726315905737145	0.05691473653508834	0.0233816364990918	0.04513941501637386	0.08193610385140219	0.04723788724147421	0.06305616907419398	0.09387913035277085	0.23489416980482	0.3953370635546206	0.203953441390806	0.1089498146282372	0.9377385729523879	0.9712496097433806	0.9807125627219299	0.984446576924994	0.3873368752323783	0.1964949135436443	0.01488490685916606	0.1097681660247069	0.9890788649748929	0.08752589409629577	0.0869733892378632	0.1054041412774902	0.7676233457131035	-0.159770276077075	-0.1480900652779385	0.0769613234163822	0.2035838227768198	0.5743289567375001	-2.900920840938566	0.311550849336813	-0.328375671788483	-0.4940506091892291	0.8945988760487763	0.4347031202659085	0.1225121202435153	-0.3000188124904897	0.02043669591913121	-0.07898092067187344	-0.2908563044875466	-74.56188398659366	-0.04818899543719543	-5.999360629037667e-17	-4.149016202159621e-17
67.72999999999756	-0.08745986879787518	0.001826851698286562	-1.569000400574077	-5.202921368947909	0.9551628840903579	-2.324553422213965	0.8514877333409547	-0.07795973876727311	-0.263754367911178	-0.01444665037487487	-0.05131528243870419	-0.1331398858747118	1.169027465425285	1.169027465425285	0.21516395855291	0.21516395855291	0.1906597308688736	0.2488642458194018	-0.1247853418049595	-0.01102918455031338	-0.007628231118665439	-0.0761612859817358	-0.06554490636520134	0.7748353440213906	-0.3845899718539628	1.058375394756265	0.2621046188458524	-0.4612187825105716	-0.238323253266282	-0.2009179061259483	-1.500226454474499	-1.500226454474499	0.5795573093887494	0.5795573093887494	-1.007468751509055	0.6397324981619298	0.05539317870206791	0.03077313988078484	0.03595124725960813	0.02860079213982542	0.04693611363036165	0.4428239687865461	0.834355484387175	0.9810236341167409	0.9733360729344667	0.9494531467481258	0.217331847732342	0.09763438570479289	0.1315434777595651	0.4122526654324278	0.09966508441752832	0.04536033103539148	0.05328277734764682	0.02239707452565677	0.04328781668234997	0.08041043599752043	0.04489055288470466	0.06040179995698255	0.09130519181099357	0.2348770557194087	0.4060478956452653	0.1990281173056025	0.1041377931787989	0.9382776116987905	0.9709288282699156	0.9809092039032141	0.9842875255072115	0.4119214515240721	0.197994184022349	0.01429715924758309	0.1057483096312114	0.9891271356279775	0.08226134578105185	0.07290943492391878	0.08297222038256034	0.7652804157985353	0.05097646866580943	0.02894572946460778	0.03329693640416907	0.02667286076558048	0.04326645684525442	0.4346880422613522	0.8112907515929781	0.9838838881615829	0.9781951091433105	0.95792630631373	0.1948067597435282	0.08963972010269013	0.1348219367393909	0.4157471756535692	0.09664572680336248	0.0428463442100744	0.04866362177690302	0.02136591759940798	0.04107785406828742	0.07784900446695026	0.04213115671090292	0.05690446067227845	0.08717718643094709	0.2334863579685532	0.4443618398156474	0.1847710090194761	0.09623891535686745	0.9567587389731993	0.9772165378424436	0.9835680722884164	0.9869828068298316	0.4935170827313278	0.1982277205890727	0.01369167882997964	0.09892388363764792	0.9911154962804276	0.07477208359106639	0.05623133563701511	0.04548130543210823	0.8478026334911907	-0.1191706626201236	-0.1478094426760689	0.04719459098743846	0.1782122266702933	0.5250597425822785	-2.673768805332876	0.3672443397673171	-0.4312599691215754	-0.6338684621410534	1.164756257700729	0.3714022325569042	0.1184001456547356	-0.329930025544636	0.01794604126071909	-0.07554692089976255	-0.3467329620960971	-67.98462765142344	-0.04832265279307232	-1.118105396412283e-16	1.530230361628687e-17
67.74999999999754	-0.08935826218544343	0.001908551655779249	-1.568882436496469	-5.204679711267516	0.9539158988252319	-2.308839578808038	0.8422039623300538	-0.05611510458556615	-0.2571591540168793	-0.02338429782348031	-0.05541289810016407	-0.1376739698477273	1.146371366534193	1.146371366534193	0.2266967022573974	0.2266967022573974	0.1743312449718039	0.2632771110719749	-0.06976103212319333	0.007556026817310063	0.01755725075743318	-0.09959776897620591	-0.05464585543615273	0.796262242895163	-0.5639581157896394	1.123376951940966	0.3755707747258517	-0.4528839265406593	-0.1815158339140611	-0.2603320023771062	-0.7983899959962212	-0.7983899959962216	0.5684596001128301	0.5684596001128301	-0.5230044444514548	0.6660080735550171	0.05058017025845451	0.02899259904502657	0.03305734892150589	0.02643107367817807	0.04302325235480775	0.4002950831351268	0.8348734324995987	0.9826503294078511	0.9756167509825143	0.953492824920566	0.2001137943213855	0.08989365191236329	0.1312536098966247	0.4073412910600678	0.1014219731514462	0.04339164431552959	0.04814435731827003	0.02146605782674175	0.04174983342287387	0.08197286027658272	0.04229596284346818	0.05762225840944966	0.08989083392066825	0.2271686824313003	0.4550565274135198	0.1868780999595792	0.09666252536078218	0.952107480931604	0.9740612110950404	0.9819092577922495	0.9858248520276448	0.505579536397547	0.1888156504313632	0.01361062261650138	0.1013897961420049	0.9900027290231395	0.07502897603306417	0.06082052475352493	0.06164801411194407	0.8204102200977424	0.04932987472500255	0.02874926718835798	0.03240933013943528	0.02593106403406118	0.04212427403267207	0.3419067550757003	0.8542064014032716	0.9832898964739285	0.9758339468022115	0.9539805807089901	0.1959047424287733	0.08793241962934152	0.1285071426370846	0.3971809327231033	0.1054357685795965	0.04342198409764523	0.04676233779307867	0.0214073781208837	0.04195572943692941	0.08537741166783074	0.04194167822957706	0.05755203012977959	0.09148983010016977	0.2185082292408218	0.5004580287065707	0.1830121382290206	0.09481011644515301	0.9621924805109924	0.9746680348666207	0.9815820823613142	0.9864356333041262	0.5880445139596853	0.1776804908901912	0.01346792555899881	0.101908167168985	0.9899880581041214	0.07340943794848452	0.06128445561405403	0.067647021766014	0.8520440845198448	-0.08146034510963902	-0.1524570842581488	0.005206971582061481	0.1587698497975654	0.4721639056734853	-2.368973877737723	0.5876438214207871	-0.4648446775708517	-0.7160929574240823	1.298294894551954	0.512136806941924	0.108564415372068	-0.3551020712815964	0.01052953263690888	-0.07260944449227273	-0.3966184872122257	-66.45588120800375	-0.0495890527726463	-1.433214514443615e-16	4.923260308109711e-17
67.76999999999752	-0.09043859148964636	0.001663366631687936	-1.568372806068663	-5.206902272626835	0.9531573604613679	-2.292714402645288	0.828122569247284	-0.03313310354869335	-0.2496053767565075	-0.03337552600407898	-0.05897901663661898	-0.1438668264178299	1.135771603131089	1.135771603131089	0.2376920441194739	0.2376920441194739	0.1738345688407487	0.2700827306199163	-0.04297893346835049	-0.0437176827087431	0.03153840390120212	-0.1225831899528289	-0.01670021623895829	0.8159686197037153	-0.8643521790412725	1.17211208027295	0.3579609554532439	-0.5665768557099896	-0.1851735407657374	-0.3667951658348048	-0.2945929056744737	-0.2945929056744737	0.5258171251476034	0.5258171251476034	0.5757122250938392	-0.1209920723019262	0.04881074335868898	0.02878248501091008	0.03213813763232751	0.02567940410193102	0.04180174934929011	0.3186097800887853	0.8637904725203753	0.9827964620355207	0.9748024428708498	0.9522062219526711	0.1980614761662548	0.08769682377807424	0.1255773122338904	0.3922598235402649	0.1096078993764685	0.04390356920006496	0.04612322145351399	0.0215092226689645	0.04257296460157551	0.0891014421286191	0.04204639318402411	0.0581274850669122	0.09378268889017119	0.2133999494220128	0.5082467438560909	0.1834430666636708	0.09470909233380485	0.9603336332372217	0.9734057124857869	0.9809184752804542	0.9859724442929479	0.5969079317873147	0.1698514744111758	0.01339218560535815	0.1037423071826446	0.9895429378117996	0.07327901477336643	0.06494018536779107	0.08097242008972035	0.8410947453764086	0.04768328078419568	0.02855280491210819	0.03152172387470149	0.02518926730254189	0.04098209122008973	0.2491254678900484	0.897122051213565	0.9826959047862742	0.9734727844611126	0.95003485510425	0.1970027251140184	0.08622511915599293	0.1221923485347782	0.3786146897926374	0.1142258103558306	0.04399762398521605	0.04486105380925432	0.02144883864235942	0.04283360480557138	0.0929058188687112	0.0417521997482512	0.05819959958728071	0.09580247376939247	0.2035301005130905	0.5565542175974941	0.1812532674385651	0.0933813175334386	0.9676262220487856	0.9721195318907978	0.979596092434212	0.985888459778421	0.6825719451880428	0.1571332611913097	0.01324417228801799	0.104892450700322	0.9888606199278153	0.07204679230590266	0.06633757559109293	0.08981273809991977	0.8562855355484988	-0.04375002759915448	-0.1571047258402287	-0.0367806478233155	0.1393274729248375	0.4192680687646922	-2.06417895014257	0.808043303074257	-0.4984293860201281	-0.7983174527071112	1.431833531403179	0.6528713813269437	0.09872868508940044	-0.3802741170185568	0.003113024013098679	-0.06967196808478293	-0.4465040123283543	-68.67761005572426	-0.05414368127320794	-7.330225550890235e-17	-3.114792831945674e-17
67.78999999999751	-0.09091490815311336	0.001348236477809158	-1.5675863924292	-5.209578779344779	0.9533096600178521	-2.276227061148651	0.8095407239255427	-0.00968502040732095	-0.2433776562600146	-0.04420855894355371	-0.06265305836604571	-0.1515565311876512	1.133000089703198	1.133000089703198	0.2488628155250492	0.2488628155250492	0.1925029632776411	0.2656476009351692	-0.001481943141457742	0.007076371559272914	0.05339238657070862	-0.1444628528650143	0.03630992219229798	0.8321772231281231	-1.006193246491141	1.169368952940638	0.279950099265618	-0.514209972916669	-0.1846299337731788	-0.4055651337914201	-0.06154907884761163	-0.06154907884761166	0.586400360578498	0.586400360578498	1.222126532313099	-0.4321103345757581	0.04664577905309972	0.02824981961506401	0.03153250979001065	0.025154945136629	0.04067257525871838	0.2513488359621467	0.8543405816688736	0.9827335598546223	0.9740843509324462	0.9511322826121751	0.1978249270999586	0.08594538020430341	0.1210650474913961	0.3853056064466031	0.1310617844686105	0.04691165380764755	0.04469040850798073	0.0219656437473345	0.04565294939017395	0.1085975344197585	0.04286185357784276	0.06130144824908297	0.1048769184331861	0.2063243206566967	0.5460788059203222	0.1810749845487443	0.09275657349126259	0.9662717575975163	0.9723468633037294	0.9809229214377874	0.9858837552003156	0.6867716037221639	0.172208581575339	0.01322494801062275	0.1108256092036034	0.9891302995002275	0.07209999462188718	0.06774714860090029	0.1195786198834585	0.8614305915048798	0.04549043903909746	0.02795224926371356	0.03144427488441733	0.0250538429163601	0.04025096609430131	0.2134988969158797	0.8107555077843249	0.982700790900449	0.9738557346450055	0.9509374810154129	0.198337419763983	0.08528251809940893	0.1187552324138084	0.3855370599239762	0.150602505244122	0.04957079325703985	0.0443030882093545	0.0223979092952981	0.04824831229867589	0.1258172424005817	0.04380653447783545	0.06422475235816573	0.1147500597511491	0.2050742443716155	0.5694469873035979	0.1799290366156762	0.09176385540451736	0.9711219910018033	0.9714702716374611	0.9819888071353163	0.9857913114526089	0.772110403705525	0.1844384364572376	0.01319081359326503	0.1173305776933195	0.9889334271546958	0.07186061635303438	0.06939909301011564	0.1531271824208087	0.8856231915629827	0.003993227989338185	-0.1513209033391513	-0.0748867912810243	0.1507536265150792	0.3166237957090605	-1.631557860025781	0.7176642757393444	-0.6525482136189924	-0.9272646002323524	1.740955517873862	0.8610008190657769	0.1231872584739999	-0.3753892843648284	-0.01228697650214809	-0.08598428488893424	-0.4648482840038647	-73.1055312181709	-0.05975270501435211	-2.982093174857313e-18	-9.365783501889126e-17
67.80999999999749	-0.09037103762582734	0.001741289663596231	-1.565985533544812	-5.212656601582357	0.9547849473612546	-2.25945084599353	0.7873804036534116	0.01350856333185833	-0.2378018125831336	-0.0538432663078551	-0.06646018605137573	-0.1602250246752078	1.130150014307883	1.130150014307883	0.260953672349295	0.260953672349295	0.2199596026818705	0.2484147397008031	0.05903978560704357	0.02710065125790628	0.1129829283939277	-0.1627147419162302	0.1155985624529931	0.8448559855520501	-1.222199674080589	1.146662140053615	0.2927732734919899	-0.4467442981925455	-0.1984821363560802	-0.4646740376084286	-0.3024491024168724	-0.3024491024168724	0.6178256670147386	0.6178256670147386	1.45453672182833	-1.400765227264983	0.04444826820551607	0.02764926368395207	0.03144980174659666	0.02501860997668288	0.03993221490639184	0.2070262808828993	0.7932445187837802	0.9827158524015023	0.974100375485877	0.9513766368266795	0.1989107727396749	0.08494525512432871	0.1175025541900308	0.3887095523885022	0.165245153699485	0.05240012366693515	0.04410895803590154	0.02291543286834492	0.0509925717269079	0.1398144481414393	0.04488683897442339	0.06718780697532296	0.1229834820795159	0.2064174495235527	0.5659454444276557	0.1795936439403218	0.09111058315829328	0.9705808298652864	0.9715611023766767	0.9825196471361916	0.9857894263621744	0.7749994071561072	0.1958118399859407	0.01317306164117762	0.1227064859992523	0.9890412980755827	0.0718590497622332	0.07078728213185206	0.1786732657357503	0.8877630815649619	0.04329759729399926	0.02735169361531892	0.03136682589413316	0.02491841853017832	0.0395198409685129	0.177872325941711	0.7243889643550847	0.982705677014624	0.9742386848288985	0.9518401069265757	0.1996721144139477	0.08433991704282492	0.1153181162928387	0.392459430055315	0.1869792001324135	0.05514396252886364	0.04374512260945467	0.02334697994823679	0.05366301979178039	0.1587286659324522	0.04586086920741968	0.07024990512905072	0.1336976457329059	0.2066183882301405	0.5823397570097018	0.1786048057927872	0.09014639327559611	0.9746177599548211	0.9708210113841245	0.9843815218364205	0.9856941631267968	0.8616488622230071	0.2117436117231656	0.01313745489851207	0.129768704686317	0.9890062343815763	0.0716744404001661	0.07246061042913836	0.2164416267416977	0.9149608475774667	0.05173648357783085	-0.1455370808380738	-0.1129929347387331	0.1621797801053209	0.2139795226534287	-1.198936769908993	0.6272852484044318	-0.8066670412178566	-1.056211747757594	2.050077504344544	1.06913025680461	0.1476458318585993	-0.3705044517111001	-0.02768697701739486	-0.1022966016930855	-0.4831925556793751	-78.71122607221224	-0.0682379118148069	7.064869954363249e-17	4.040912999398685e-17
67.82999999999747	-0.0884673296391158	0.001559525817980294	-1.563222083487827	-5.216067843628267	0.9581117028627925	-2.242465965589571	0.7595019051140652	0.03529217610965907	-0.233709574838077	-0.06263787615931062	-0.07100650558484099	-0.1704675047713084	1.121465303903902	1.121465303903902	0.2750136713930486	0.2750136713930486	0.2512923174284561	0.2128299288776392	0.1355037763071436	-0.02828654533007557	0.1601734770386978	-0.1780910418532661	0.2161962428429731	0.8530261555882058	-1.54612475778662	1.01314828604194	0.1175937666353744	-0.402529268405248	-0.2635390707361449	-0.5521389949964866	-0.5807567551614432	-0.5807567551614431	0.8048231195087155	0.8048231195087155	1.589993063351818	-2.18768402439202	0.04675414355819681	0.029555390012737	0.03414439238147252	0.02697024345653724	0.04285168506690574	0.184624609133334	0.7175601232494787	0.9815470582693773	0.9724603463778015	0.9489526189078694	0.2028365528277243	0.09158456463948353	0.1195906206704483	0.4008981558313678	0.1907244570233813	0.06097532273271264	0.0466272029496701	0.02660156621184203	0.06472122928887906	0.3083122378467723	0.05254381259818133	0.08168517511358883	0.1517855408257324	0.2347824920409539	0.6412755016123803	0.1855823632536345	0.09704766231976941	0.9714133048301311	0.9692048307459888	0.9802732178319035	0.9844575725950703	0.8317596714101259	0.2167409218807739	0.0137748104998753	0.1781411263253138	0.9882530867527705	0.07853496717545926	0.07939609711139009	0.2475131097680575	0.9113835457638189	0.04967574839292318	0.03142528397899283	0.03657217055933577	0.02872678053714045	0.04577063598087696	0.1794145185324625	0.6391475451429658	0.9794515726284733	0.9693982922295633	0.9442220104588356	0.2070232363457898	0.09866831729126715	0.1234149621660656	0.4162425525242822	0.2041591584896623	0.06698261444908209	0.0491721654698768	0.02946816402172341	0.075670954849951	0.5165737698789352	0.05885622340044338	0.09356978267574641	0.1755818489742643	0.2703070395209354	0.7558102205051014	0.193403824711915	0.103762311458685	0.9696818650861213	0.965556733628434	0.9747405583579882	0.9821366059616725	0.8631227530366752	0.2302531563733188	0.01430214136855865	0.2363749299072378	0.9868624123418988	0.08516409679261021	0.08654741220308103	0.3043911398571428	0.9320047245340284	0.07078152346853742	-0.1467500434159254	-0.1234687204642952	0.1734676898278839	0.2293682866374804	-0.8497562738146485	0.6020886973488608	-0.6830219181351068	-0.9270268994409088	1.782840612308223	0.9371541375057849	0.1316261378118255	-0.3535312791145362	-0.03742619542705951	-0.1019353032345394	-0.442867012080767	-83.86164244696444	-0.06836767593155584	1.442794922621223e-16	1.74476095006865e-16
67.84999999999745	-0.08478397604383227	0.001289447469971253	-1.559706138473912	-5.219767506423613	0.9633975672806411	-2.225354035740322	0.7263164302248009	0.05329246070603969	-0.2330523312928695	-0.06873694030210918	-0.07729731903062308	-0.1820131853948044	1.10633035141427	1.10633035141427	0.2938125524154864	0.2938125524154864	0.2800096576366383	0.159708651951708	0.2370043464644045	0.01826920101858778	0.1882324240870995	-0.191556816860116	0.311509454084267	0.8575609300810678	-1.752897309072875	0.7683293219112568	-0.05072614649323338	-0.1771897273266054	-0.3729315275879206	-0.5949940903480894	-0.9474733109824351	-0.9474733109824351	1.091713864883593	1.091713864883593	1.192999267987757	-3.154411837543303	0.05300700392006157	0.03360623860872394	0.03930523353894854	0.03076423976260376	0.04901015015960246	0.1821961135938963	0.6344843240638324	0.9789879443649108	0.9686863575941072	0.9430637850104499	0.2096162443613782	0.1052675341004779	0.1270747949478	0.4216009405084561	0.2086882463479949	0.07258187212019852	0.05196360746693082	0.03269259824091562	0.08608045789310617	0.6057488412458281	0.06527117485807046	0.1041587239555666	0.1911710787725733	0.2910408558840168	0.7825058594188811	0.1989967391603122	0.1099908673884387	0.9683995131347136	0.9649094168398511	0.9730965331591352	0.9816418245971112	0.8511532425109858	0.2353443657436706	0.01494582413999838	0.2738423363899848	0.9865611049838517	0.09153368085410746	0.09304315858243224	0.3283741580254821	0.9305917777248265	0.0560538994918471	0.03549887434266673	0.04177751522453839	0.03253514254410257	0.05202143099324103	0.1809567111232139	0.553906125930847	0.9761974682423227	0.964557899630228	0.9366039139910952	0.2143743582776319	0.1129967175397094	0.1315118080392925	0.4400256749932493	0.2213391168469111	0.07882126636930054	0.05459920833029894	0.03558934809521003	0.09767888990812162	0.8744188738254184	0.07185157759346708	0.1168896602224421	0.2174660522156228	0.3339956908117303	0.9292806840005011	0.2082028436310428	0.1173782296417739	0.9647459702174215	0.9602924558727435	0.9650995948795559	0.9785790487965482	0.8645966438503434	0.2487627010234719	0.01546682783860524	0.3429811551281586	0.9847185903022212	0.0986537531850543	0.1006342139770237	0.3923406529725879	0.9490486014905902	0.08982656335924401	-0.147963005993777	-0.1339445061898573	0.184755599550447	0.2447570506215322	-0.5005757777203045	0.5768921462932899	-0.559376795052357	-0.7978420511242241	1.515603720271903	0.80517801820696	0.1156064437650517	-0.3365581065179722	-0.04716541383672415	-0.1015740047759933	-0.4025414684821588	-88.01269198933508	-0.07199109152645618	2.086077424719471e-17	5.739363450261641e-17
67.86999999999743	-0.07765054745792058	0.001969008866111157	-1.556069500937422	-5.223738640650066	0.9705265551105527	-2.208251463270902	0.6898159354527867	0.06479177084695643	-0.232391788111312	-0.06888930405007188	-0.08452515147167407	-0.1922215245325756	1.083459591961597	1.083459591961597	0.3211798562637549	0.3211798562637549	0.302014863593161	0.08423514906357463	0.4787370599306172	0.03319456728591937	0.1502659736306544	-0.2061917425182376	0.3981779175903813	0.8498821645719257	-1.888598115971	0.3846134046490858	0.1062316373815935	0.1697819329611677	-0.3375192175959444	-0.4025935502226077	-1.321928847381851	-1.321928847381851	1.731905029016499	1.731905029016499	0.9997909172872879	-4.001986561081016	0.05924510018685632	0.03812654577981073	0.04195207136081754	0.0327378822181009	0.0526974504675827	0.1875957172008207	0.550417941003548	0.9757152939197886	0.964511906299053	0.9365365324450891	0.2154506991159761	0.1157278287489378	0.1515951088803147	0.4373330001726374	0.2150554533151788	0.07576105403974752	0.05311497575764139	0.03864293552350062	0.1036093808690624	0.7881681522699845	0.07770697782936306	0.1265576809146631	0.2580896092558616	0.4226919551899974	0.8562947409793598	0.207948645404053	0.1195823626404358	0.9649521039221328	0.9601832827112622	0.96290245137495	0.9783891381798998	0.8592585139602468	0.2261333650855017	0.01616751370018477	0.3812134102927268	0.9846021190874018	0.1024831932324495	0.1035365652775871	0.4146500708132664	0.9376766451175329	0.06283453273778351	0.04076718426835271	0.04253710565663944	0.03319303315719686	0.05389824553583412	0.1949308340706924	0.4730302901156979	0.9720577673164991	0.9603030404809109	0.929967737798378	0.2190365881453091	0.1209141003169433	0.1754825377194491	0.44705934555274	0.2132700749822043	0.07426789910316105	0.05226609147828756	0.04182443920470878	0.1127921400098373	0.8861775504837586	0.0848841421364232	0.140752597942907	0.3229893317163472	0.5835346896737971	0.8696613246108488	0.2118657305558873	0.1241901713038826	0.9616715465624921	0.9553732135971732	0.9509560521393633	0.9749851817332752	0.8629979683918739	0.2043319499791104	0.01682130971294435	0.4798441290919554	0.9825501622982207	0.1083589619149231	0.1086205597842634	0.4917277315978775	0.9356457702088629	0.1139609411943798	-0.1699532586133365	-0.1086798095653013	0.2103708779342574	0.3785932459749313	-0.1173014824857054	0.7066141215258317	-0.5636723012811409	-0.7670185354026555	1.506003143133461	0.7337226850507585	0.0730950732516626	-0.2174417098022908	-0.05189168874546884	-0.06384358971705655	-0.3045463265963669	-89.92496552505597	-0.07133243494776677	-1.025579437677329e-16	-5.968882600163215e-17
67.88999999999741	-0.06553855173449698	0.00195753530902562	-1.554702113765953	-5.228040581593646	0.9791962275315556	-2.191471315249094	0.6511146676724635	0.06879746539069397	-0.2292250188883072	-0.0616325197664351	-0.09030478777757331	-0.1971870764754007	1.05416014899525	1.05416014899525	0.3665642939389104	0.3665642939389104	0.3196920779129246	0.01526726511643386	0.7348610602160467	-0.05083429430401908	-0.03869261241515903	-0.2246374885729502	0.4655779131935194	0.8253184853199508	-1.97297460990399	0.01896776219265617	0.199896457651724	0.5637250758340157	-0.2281119140726121	-0.07071537085300027	-1.590341662350274	-1.590341662350274	2.893427247573928	2.893427247573928	0.7602001043114476	-2.503849943443453	0.06595944000700185	0.04335699332593863	0.04274350593851206	0.03340503790393093	0.05461970580098455	0.2002171664834	0.4665875436244739	0.9718644349462571	0.9602835974276155	0.9299355248949099	0.2202872560439803	0.12378688465121	0.1923872076670556	0.446607202607571	0.2093668223569668	0.07162309833209524	0.05089314802723222	0.04483115350856244	0.1186305879647249	0.8505152438463772	0.09053785003013531	0.1497880448241871	0.3525598706093492	0.6325068117624331	0.840160385719544	0.2124257274456997	0.1265850940843354	0.9617532554773424	0.9553280218036729	0.9500729103983508	0.9749088880326759	0.8608634287169461	0.187383188163362	0.01752135405565843	0.5048896115884813	0.982503475778488	0.1121757555653815	0.1116298595945127	0.5072524507618286	0.9310896309613275	0.06961516598371995	0.04603549419403868	0.04329669608874048	0.03385092377029113	0.0557750600784272	0.2089049570181709	0.3921544543005488	0.9679180663906753	0.9560481813315937	0.923331561605661	0.2236988180129864	0.1288314830941773	0.2194532673996057	0.4540930161122305	0.2052010331174976	0.06971453183702157	0.04993297462627619	0.04805953031420751	0.127905390111553	0.897936227142099	0.09791670667937934	0.1646155356633718	0.4285126112170716	0.8330736885358641	0.8100419652211965	0.2155286174807319	0.1310021129659913	0.9585971229075628	0.950453971321603	0.9368125093991707	0.9713913146700022	0.8613992929334046	0.1599011989347489	0.01817579158728346	0.6167071030557522	0.9803817342942203	0.1180641706447918	0.1166069055915031	0.5911148102231671	0.9222429389271356	0.1380953190295155	-0.191943511232896	-0.0834151129407454	0.2359861563180679	0.5124294413283305	0.2659728127488938	0.8363360967583737	-0.5679678075099247	-0.7361950196810869	1.49640256599502	0.6622673518945571	0.03058370273827358	-0.09832531308660943	-0.05661796365421352	-0.02611317465811978	-0.2065511847105751	-90.12202750387362	-0.06403329132129337	-2.060065066814858e-18	1.390411300750302e-16
67.9099999999974	-0.05088127872637486	0.001444225300843354	-1.557151838771929	-5.232610623974298	0.9887941935017682	-2.17529709853229	0.6125321073711538	0.06784508808499451	-0.2272304086367108	-0.0439393833428543	-0.09650270632460066	-0.1961032235100928	1.018382422618906	1.018382422618906	0.4343321972612683	0.4343321972612683	0.3315698044540324	-0.04464004002977012	0.7054220295210192	0.001726562758929838	-0.1687882638704918	-0.2270468313996629	0.4884566677045894	0.7904988937159777	-1.883345255630075	-0.09802554009286915	-0.01590376273979754	1.230689018186196	-0.3969566458525035	0.2009538339306142	-1.958177740724722	-1.958177740724722	3.913321923990747	3.913321923990747	0.4456902135091463	-3.138860361264229	0.07421425767049473	0.04913190352701086	0.04690398094405305	0.03646900446103479	0.06020439185742694	0.2058512955516305	0.3810206137744358	0.9702657980709644	0.9587370136896843	0.9280821226051772	0.2418496449263821	0.1345025241410445	0.2117124979685876	0.4569019018351381	0.215372395050892	0.07436805226260916	0.05225644010047432	0.05553098652064338	0.1524243860093481	0.862055415656914	0.1101777315954201	0.1773121206009646	0.4773818089622482	0.7680549176433679	0.8516761441380469	0.2217302044236787	0.1370751614784819	0.9598431302501623	0.9547529627582256	0.9274140009939428	0.9728696443249376	0.8639749435827211	0.2567816724438055	0.0186080378754062	0.6467313096579294	0.9817477690424151	0.1217823656395588	0.1121313715466739	0.5742909850407183	0.9357800870787639	0.07947586406532636	0.05244176267346057	0.05027332651561758	0.03885551106659663	0.06457977208522045	0.2061159060710324	0.3083876765172104	0.9705459059334385	0.9593425553013312	0.9300327868360208	0.2666574467785512	0.1423408594204237	0.2145026591372755	0.4670961211381565	0.2259387936582364	0.07841037041193141	0.05420333884496021	0.06303439804450206	0.1828165859033632	0.8447235239279981	0.1249146302652121	0.1978199353133498	0.6087033537769326	0.8416021098299921	0.8962813664809639	0.2309372920314504	0.1451916326760405	0.9589312272666525	0.9576172090431486	0.8972818123142237	0.972013708106501	0.8691121803816501	0.367305618007345	0.0190589116221357	0.7945352118458547	0.9820849870411337	0.1275667443947663	0.1089775404118059	0.6175015746141579	0.9512860627216136	0.09289972743012642	-0.1673953916510049	-0.06269487831604401	0.3242495616307529	0.4475805545632004	0.2787366283027419	0.4231664929585349	-0.3886701904786371	-0.5192896333536484	1.12897850850462	0.548444093985347	0.06174963750323247	0.008104652020981666	-0.05294423434906793	-0.007319326617233504	-0.1029270829177727	-87.48597906961325	-0.05802834754965718	1.187938678809983e-16	3.664813058408662e-16
67.92999999999738	-0.0383394389967401	0.002115528590310033	-1.559953979348278	-5.236909658125907	0.99850401359476	-2.159915531206323	0.5758583040313451	0.06552364189377498	-0.230479902607814	-0.01140094097261207	-0.1063941218205316	-0.1882747964563155	0.9770031687488397	0.9770031687488397	0.5242955244713059	0.5242955244713059	0.3382443930016228	-0.0963663409373072	0.523317732367119	0.06762703546098323	-0.07393416945245807	-0.1975366656687252	0.4767633254714413	0.7460535462361789	-1.782098913753735	-0.1179391263594744	-0.3245139646187246	2.048255670501508	-0.5974616089633067	0.6037420379945537	-2.15049441172296	-2.15049441172296	5.112969636343927	5.112969636343927	0.2398863049592444	-1.685749519576019	0.0839070539051069	0.05548037091635292	0.05377784897081592	0.04142986752724342	0.06883116391206295	0.2044066061177585	0.2931620100071562	0.9714852338095167	0.9604187033082304	0.931937170210169	0.2803224925884606	0.147584330400061	0.2104951602990994	0.469117975880383	0.2335099709289949	0.08270218916566437	0.05642448521187312	0.0702008566841293	0.2034120166790138	0.8301931716604896	0.1360780573482198	0.2090291973060444	0.6360400655794951	0.8151142125941905	0.9131490480345065	0.2359931944532201	0.1507292947210871	0.9594295679357218	0.9593385852993013	0.893472471194552	0.9726050313691571	0.8701647656106342	0.4305671718835244	0.01948843633942412	0.809065232438597	0.98263146205174	0.1312077446741974	0.1052240287612634	0.6117414364093433	0.9567145703657691	0.08933656214693277	0.05884803115288246	0.0572499569424947	0.04386009836290213	0.0733844840920137	0.203326855123894	0.224620898733872	0.9731737454762017	0.9626369292710687	0.9367340120663806	0.309616075544116	0.1558502357466701	0.2095520508749453	0.4800992261640825	0.2466765541989752	0.08710620898684124	0.05847370306364423	0.07800926577479664	0.2377277816951734	0.7915108207138971	0.151912553851045	0.2310243349633279	0.7888940963367935	0.85013053112412	0.9825207677407315	0.246345966582169	0.1593811523860897	0.959265331625742	0.9647804467646941	0.8577511152292765	0.9726361015429997	0.8768250678298957	0.5747100370799411	0.01994203165698794	0.9723633206359573	0.9837882397880471	0.1370693181447408	0.1013481752321087	0.6438883390051486	0.9803291865160917	0.04770413583073733	-0.1428472720691138	-0.0419746436913426	0.4125129669434379	0.3827316677980703	0.2915004438565901	0.009996889158696034	-0.2093725734473496	-0.3023842470262099	0.7615544510142205	0.4346208360761368	0.09291557226819137	0.1145346171285728	-0.04927050504392235	0.01147452142365277	0.0006970188750296652	-85.24409115772156	-0.05067431144147402	5.800559386507278e-17	1.745186574487982e-16
67.94999999999736	-0.02989608793152927	0.002315091752359752	-1.560116497376761	-5.240459850052909	1.007987075788061	-2.145478400590891	0.5388010999484535	0.06420786777320109	-0.2378079988948422	0.03492294979719765	-0.1191688415608977	-0.1737420216065524	0.9317969539317563	0.9317969539317563	0.6380674455621008	0.6380674455621008	0.3400965026294899	-0.1062918288945375	0.3315664759323887	-0.02822328713716051	0.0420601278364507	-0.1586181790358718	0.4707169374175402	0.6987635874202944	-1.897384367145035	-0.008402175633986464	-0.3813778152715319	2.578267004233036	-0.655015171936785	0.8131961103825195	-2.36414756807117	-2.36414756807117	6.195395231172998	6.195395231172998	-0.04929834259317791	0.4548392163733684	0.1128569260398146	0.07991365076408713	0.06568046205451142	0.05143706631827231	0.08429091784859202	0.2360025457602415	0.2339076663409825	0.9631073094292115	0.9469533151633719	0.9033051106559217	0.3440742095087144	0.1835390730180529	0.2539601234145535	0.4397461744412322	0.2479857673080037	0.09252954282590152	0.06499860681984995	0.1038493178864758	0.2824134766932049	0.7788119023865868	0.2018483821688936	0.3133664770642726	0.7137306756767668	0.7748845533744534	0.9250206074746816	0.2933481078662608	0.1870318485350325	0.939007231066487	0.9496792659091966	0.8606953308615112	0.9640874608488958	0.8384429365176062	0.5085785789785344	0.02321693823080105	0.8811659854227966	0.977469441188964	0.1639825082033488	0.1841541327670829	0.5700617723234359	0.9541689855689126	0.1386968783182633	0.1010721718714551	0.07435610493149819	0.05880542835527831	0.09607974284510727	0.2766048441536664	0.207606109255265	0.9466808582003473	0.9209558246357444	0.8480270589652349	0.4106825382376192	0.2191086469171322	0.310492903495911	0.3852969223527446	0.2564649286236855	0.09910085434457622	0.07158573204125041	0.1320565053967208	0.3588469272397716	0.7184363551992959	0.267491417231158	0.4368762230784656	0.7247745571230736	0.6753655403853122	0.8907872259294425	0.3620468089283684	0.222927832594429	0.9024044200052808	0.9279491922429892	0.8305366317681855	0.9487354477226185	0.7764006889448871	0.5155194399493493	0.02607652703383347	0.8786232054397474	0.9672534265987109	0.1965865895483919	0.2784008868227077	0.4743865169025787	0.9306933590210986	0.02938888409751023	-0.1453342043233108	-0.0122418729004115	0.4593653066116951	0.4776639423946838	0.4332641362273028	0.2003403963516911	-0.1552738263055684	-0.2473217612962925	0.5663721441844362	0.3265089178312736	0.08439686046569966	0.1205035617568866	-0.06474383184681939	0.02193196718724987	0.007568979840705158	-81.71519384042342	-0.0565725175513981	-3.911112154360042e-17	-1.013245557748504e-16
67.96999999999734	-0.02465481588835073	0.00176449438957724	-1.55889646378553	-5.243299811367496	1.017299652833764	-2.131920824825056	0.501012414441362	0.06539699927097757	-0.2446583012661333	0.09149508310659017	-0.1315949209724725	-0.157200525505065	0.8826764461028119	0.8826764461028119	0.7693582440550861	0.7693582440550861	0.3364875392810651	-0.08770723258152904	0.2031098301635982	-0.007389017022308054	0.06432099251901716	-0.1265136044270706	0.4597148107115768	0.6580980612764673	-1.855247056173801	0.1325514354757917	-0.276734573044975	3.073079924460721	-0.5625975760841366	0.8046141631671796	-2.54192371290941	-2.54192371290941	6.864857376564544	6.864857376564544	-0.306220992670437	1.165258907450449	0.1592474216671711	0.1201931192481304	0.08235717187515687	0.06608625018035756	0.1062082814941861	0.3003899922422582	0.2071216366101316	0.9426461118521753	0.9146540590888812	0.8344254900235009	0.4337785993167676	0.2413241348714942	0.3416030547085926	0.3611938668087371	0.2585245203267985	0.1042569137492568	0.07779882511947081	0.1547734845807946	0.390312184490398	0.7124552579292376	0.3051898561328443	0.488711821070896	0.6936504051154014	0.642718373237838	0.8676501771547703	0.3937309449449529	0.245040273920799	0.894243615459578	0.9218876327352729	0.8315819799344163	0.9453090977410652	0.7604010609856385	0.4858905056385887	0.02933075704243746	0.8417790095873904	0.9647240221955066	0.218622989491614	0.339156643149688	0.4360680006116313	0.9202033035851832	0.1880571944895938	0.1432963125900278	0.09146225292050168	0.07375075834765449	0.1187750015982009	0.3498828331834388	0.1905913197766579	0.9201879709244931	0.8792747200004202	0.7593201058640894	0.5117490009311225	0.2823670580875944	0.4114337561168765	0.2904946185414068	0.2662533030483958	0.1110954997023112	0.08469776101885658	0.1861037450186449	0.4799660727843697	0.6453618896846949	0.383070280611271	0.6427281111936033	0.6606550179093537	0.5006005496465041	0.7990536841181535	0.4777476512745679	0.2864745128027683	0.8455435083848196	0.8911179377212844	0.8033221483070943	0.9248347939022372	0.6759763100598787	0.4563288428187575	0.032211022410679	0.7848830902435374	0.9507186134093749	0.256103860952043	0.4554535984133068	0.3048846948000088	0.8810575315261054	0.01107363236428314	-0.1478211365775078	0.0174908978905196	0.5062176462799522	0.5725962169912973	0.5750278285980154	0.3906839035446861	-0.1011750791637872	-0.1922592755663751	0.3711898373546517	0.2183969995864103	0.07587814866320793	0.1264725063852005	-0.08021715864971643	0.03238941295084698	0.01444094080638065	-76.41432513264054	-0.05504246469594407	-8.971968390440519e-17	-1.65770444231067e-16
67.98999999999732	-0.02094995067739347	0.002048320841514064	-1.557505138520294	-5.245500018926384	1.026376599568535	-2.119106902040924	0.4649254966154582	0.06800074234997644	-0.2504884321987551	0.1567851115525475	-0.1401732886149845	-0.1405852347844923	0.8323205201708552	0.8323205201708552	0.9108711723470488	0.9108711723470488	0.3295732197196575	-0.04678934124534861	0.1917155876188645	0.02057549636750524	0.06939329538338106	-0.0941980682549564	0.4500763654152437	0.6246765771495866	-1.77703089271092	0.0967519806870888	-0.2938759990269134	3.398878834060874	-0.2681130635447779	0.8376271198412972	-2.501969180395834	-2.501969180395834	7.187296947908766	7.187296947908766	-0.3859701379750458	2.734005774538172	0.2002382040905861	0.1585345607998773	0.1096717547181586	0.09128586051438195	0.1379556017396814	0.3464559434422662	0.2087112188047565	0.9126880767041824	0.8860652756013206	0.7899117738407301	0.4858477483589575	0.2886731778568684	0.3700333313794831	0.2976382771396895	0.2913503125780206	0.1349294688589274	0.09833622747414679	0.2725543841499043	0.4906529678235934	0.6790739901233244	0.4077543108723362	0.5956984146319578	0.6779184242366086	0.5625237583054042	0.8269166062626797	0.4536452712905427	0.2931882238850902	0.8556332748012421	0.8886495460307987	0.8145587360121174	0.9171519972531368	0.6467957739003855	0.4641288696782977	0.03930250223650056	0.8071051745960002	0.9485001859419601	0.2639563234710336	0.3969513055612754	0.3083117742525511	0.8597663680460546	0.2267275580601376	0.1835756061480644	0.1308773854252272	0.110521063431497	0.1627210177669798	0.3726076483684057	0.2230885820085396	0.8768137326088455	0.8630516327711406	0.7706138564876451	0.5055583938281991	0.3195480196526668	0.3560327328077776	0.2619797536458037	0.329503196126963	0.1627660867518349	0.1138715215678354	0.3985293428713079	0.5753076290727708	0.6742521782102966	0.49595060916856	0.647295329773512	0.6768514847218081	0.5386689468963254	0.8089040437374291	0.4786389600301748	0.325111988160451	0.8254015521398752	0.8535956824908137	0.8068001529951351	0.8829196290861892	0.5162381299639583	0.4528183490958407	0.04605434368110203	0.7907298839023544	0.9305173408324938	0.293347051425026	0.3884859622629748	0.2221276827541545	0.7826942625056466	0.0148671400994052	-0.1274483364599238	0.01325107511105366	0.5404911786376395	0.4868715170764438	0.8464818160984363	0.2091633323843709	-0.05654483669210689	-0.09397382057372691	0.2220840376709671	0.1083367910782799	0.06185933824227793	0.08969328041840534	-0.06593870413002914	0.02834660621921523	0.01073981540916295	-70.18790215431528	-0.04856793128496538	-1.248255285825871e-16	-1.59750557764806e-16
68.00999999999731	-0.01601263651614804	0.001979667610336812	-1.55633746151505	-5.247095370769411	1.035386567556315	-2.106878467338626	0.4289877320813481	0.06802424282896906	-0.2559172403795669	0.2251684730257005	-0.1412343985293324	-0.1244669522734546	0.78226566688287	0.78226566688287	1.052884581781746	1.052884581781746	0.3210183667819135	0.01395202033457968	0.3263547251925258	-0.04263698533374768	0.04195616651984958	-0.06602803284093899	0.4530169360125615	0.5995492530931618	-1.840331726994427	-0.1254728245250656	-0.2366022978639493	3.38241322718058	0.1891281967329578	0.7549133422136441	-2.511816448512223	-2.511816448512223	6.914905490837989	6.914905490837989	-0.4702743303042268	3.147605931827039	0.2379879848287015	0.197275461605729	0.1471454728028806	0.1264471075540625	0.1794649547050951	0.3736324228459014	0.2358441459428439	0.8737312712432498	0.8657091065535627	0.7827937538919579	0.4950522271508657	0.3266570630009257	0.3340990445275598	0.2595266535167464	0.3471775289759551	0.183124197610586	0.126327148747826	0.4554146137003274	0.5838740825722996	0.6880156052730648	0.5131646485858198	0.628314697266301	0.6839517985177467	0.5636311663909649	0.8200098897098476	0.469205063742008	0.3324787620893758	0.8293114226613116	0.8524938003392045	0.8112814994643122	0.8797752539070216	0.4979078114183262	0.4554252791365926	0.05294114363543881	0.7995697178273592	0.9296174392765819	0.301486016740259	0.3590470641267569	0.2072914333116287	0.7735999224477993	0.2653979216306814	0.223854899706101	0.1702925179299528	0.1472913685153396	0.2066670339357588	0.3953324635533726	0.2555858442404214	0.833439494293198	0.8468285455418613	0.7819076071112008	0.4993677867252757	0.3567289812177392	0.3006317094986787	0.2334648887502007	0.3927530892055303	0.2144366738013586	0.1430452821168142	0.6109549407239709	0.6706491853611717	0.7031424667358985	0.608830937725849	0.6518625483534206	0.6930479515342627	0.5767373441461465	0.8187544033567046	0.4795302687857818	0.3637494635181338	0.8052595958949308	0.8160734272603429	0.810278157683176	0.8410044642701412	0.3564999498680378	0.4493078553729239	0.05989766495152505	0.7965766775611713	0.9103160682556127	0.330590241898009	0.3215183261126429	0.1393706707083002	0.6843309934851876	0.01866064783452727	-0.1070755363423398	0.009011252331587722	0.5747647109953267	0.4011468171615905	1.117935803598857	0.02764276122405557	-0.01191459422042662	0.004311634418921234	0.07297823798728258	-0.001723417429850621	0.04784052782134792	0.05291405445161017	-0.05166024961034183	0.02430379948758348	0.007038690011945256	-59.78585181671117	-0.04069859557842591	-1.156666388480099e-16	-2.378414477986615e-17
68.02999999999729	-0.00667675194102066	0.001629495236594035	-1.555951292381184	-5.248178657887029	1.044392144226575	-2.095052786759669	0.3928982558774408	0.06143210000874522	-0.2587154755999636	0.2926218664246608	-0.1315245048482445	-0.1114962202051304	0.7316511494567979	0.7316511494567979	1.185004407685727	1.185004407685727	0.3109955188489524	0.07527008202100736	0.6010152562786611	0.002502972431725418	0.003506606138725226	-0.04217482605891588	0.4477522543450918	0.5840577237390745	-1.774079133948077	-0.5355088508641545	-0.06196793964012183	3.347142960481779	0.7610683165118474	0.5354348463623124	-2.540724448117653	-2.540724448117653	6.250331012265713	6.250331012265713	-0.5300033186682929	2.959172665498917	0.2526899758265981	0.2111313018839545	0.1601850033998298	0.1395396883765134	0.1934048610529714	0.3807285420347403	0.2395264778576194	0.8492268070198866	0.851144194482521	0.7779392757528676	0.4979480645619251	0.3463967781068109	0.3132553657933434	0.2328877294693243	0.360885239021645	0.2017598043773715	0.1339366015116416	0.556164204517635	0.6335569295845492	0.6911397764200903	0.5754373981483227	0.6481004462875591	0.6908713499063065	0.5678030076054198	0.8250058676685073	0.4757519600219727	0.3528081784779425	0.8073186916809725	0.8328252005114279	0.7983147668983632	0.8582665012875423	0.4136420741168471	0.4450403585309131	0.05738137807630155	0.8016500639268428	0.9215221421511888	0.3213808021292259	0.3222990784253697	0.1377984648236491	0.7094622276342267	0.250513397804041	0.2076861600583534	0.1573708649614917	0.1380982603959223	0.1892060609350978	0.3742364385520598	0.2290934072064364	0.837577712328491	0.8401876577672038	0.7700576202258	0.4991930669718672	0.3510541637553469	0.3095806246779552	0.2183440674289612	0.3449329734105928	0.2001294388301574	0.1296395386328904	0.5930893436085887	0.6481082976127478	0.6845046665385162	0.6013594065637798	0.6631659281742707	0.6956247932805335	0.5643461575942718	0.8349045597093961	0.477979699035384	0.3575131724661713	0.787383136010358	0.8267906057437523	0.7760850416306198	0.8507368479293885	0.3905839630412564	0.433659566178535	0.05643067930090532	0.8077321574575007	0.9224094378398326	0.3263939683166325	0.2987453268403572	0.1073444402780531	0.6677783344424112	-0.02220021413803105	-0.1020670519755963	0.004723804215467929	0.6115458131120343	0.3739175964330219	1.216404947136318	0.01302423946627987	-0.0108992946964139	-0.0222111950798025	0.02439969431464998	0.02653879107860931	0.0514628100719054	0.01822221661097155	-0.02957720541719637	0.009080174388168511	0.00604175388179386	-49.97479698243645	-0.03109112695457673	-8.437538190705321e-17	1.771555314644132e-16
68.04999999999727	0.007779234693280748	0.001875115486497417	-1.555923362898622	-5.248777329697291	1.053305118663336	-2.083474601631664	0.3578060371015503	0.04653319305977298	-0.2591458265837351	0.3584228653552585	-0.1116233800634801	-0.1033185591492874	0.6809931227975339	0.6809931227975339	1.301027978779891	1.301027978779891	0.2998985198081812	0.131317824101534	0.8383649311103941	0.01694227703092243	0.006132201389454224	-0.01756650210555673	0.443756712662699	0.5747997079979064	-1.740605984192638	-0.9561492374006609	0.0001861257987707367	3.21717378034418	1.208251307101537	0.275606240965085	-2.516167371831414	-2.516167371831414	5.305280009854797	5.305280009854797	-0.5776894410853345	2.620573971236452	0.2432206590976433	0.1996864285068838	0.1504058386170453	0.1326726325536473	0.180492780385977	0.366556627728311	0.218373268772329	0.8438730332861598	0.8418743438510378	0.7683646305347268	0.4986446339906522	0.346500201711415	0.3153154527934109	0.2152387164657155	0.3273884625131576	0.1923322076121954	0.1226928970011319	0.5702118666112317	0.6328207747791986	0.6794036832599404	0.5878617295933722	0.6619829842207514	0.6948217339454026	0.5603565442355823	0.8374814402354936	0.4764448927329443	0.3526796375824206	0.7880519639829582	0.8335040841294776	0.7710334513421777	0.8576442132188	0.4139294639603421	0.4307606844425229	0.05417809757494171	0.8098299573185844	0.9268988840509407	0.3223798217001508	0.2956855503663685	0.09772638816554448	0.6771865395670293	0.2356288739774006	0.1915174204106058	0.1444492119930305	0.1289051522765051	0.1717450879344369	0.3531404135507471	0.2026009701724514	0.841715930363784	0.8335467699925466	0.7582076333403992	0.4990183472184588	0.3453793462929546	0.3185295398572318	0.2032232461077217	0.2971128576156552	0.1858222038589562	0.1162337951489666	0.5752237464932063	0.625567409864324	0.6658668663411337	0.5938878754017108	0.6744693079951207	0.6982016350268044	0.5519549710423971	0.8510547160620877	0.4764291292849863	0.3512768814142087	0.7695066761257852	0.8375077842271617	0.7418919255780634	0.8604692315886358	0.4246679762144749	0.4180112769841461	0.05296369365028559	0.81888763735383	0.9345028074240523	0.3221976947352559	0.2759723275680716	0.07531820984780603	0.6512256753996348	-0.06306107611058936	-0.09705856760885281	0.0004363560993481364	0.6483269152287418	0.3466883757044534	1.31487409067378	-0.001594282291495832	-0.009883995172401183	-0.04873402457852623	-0.02417884935798262	0.05480099958706925	0.05508509232246287	-0.01646962122966707	-0.007494161224050904	-0.006143450711246456	0.005044817751642464	-42.19549039731014	-0.02393412462821384	-4.317982060166131e-17	9.145306564181497e-17
68.06999999999725	0.0262206090021033	0.001773529187498367	-1.555889305512855	-5.248923122594701	1.062167204918946	-2.072030585087627	0.3226295772243715	0.02405506446355571	-0.2586557078044994	0.4204937755917266	-0.08489440563146215	-0.101333715645724	0.6309231832229957	0.6309231832229957	1.395990589308866	1.395990589308866	0.287886853693708	0.1801840984019273	0.9831355642657703	-0.01543883345522598	-0.003400987269562531	0.002481164857661373	0.4404521334512119	0.5705673188618444	-1.771565481361046	-1.26152314911494	0.0366246292304991	3.005203968263941	1.422121732571265	-0.08040745180211667	-2.501942811355673	-2.501942811355673	4.172411131192806	4.172411131192806	-0.6301091674450773	2.261975804493702	0.2427362195968961	0.1976509558179505	0.1428727329309344	0.125937407318106	0.1727945526973292	0.3662631180764319	0.2123093854528447	0.8549179644322744	0.8422496505643927	0.7641137745866238	0.4979995993772722	0.3435005330423325	0.3218317745416998	0.2028713362457564	0.3064385711026489	0.1801715922190689	0.1148327677590687	0.5651197624631907	0.6250711088917187	0.6687288197806712	0.5909436824798078	0.6687900698507274	0.6965945171860169	0.5626677493422254	0.8501383193527262	0.4758589157083272	0.350065253478212	0.7775415151748047	0.8429360618795851	0.7483782347669755	0.8675106721840556	0.4186884330294843	0.4294710889701863	0.05019938093966952	0.811899212549265	0.9338702281943108	0.3188474933355597	0.2927174727167884	0.08688553222639858	0.6094410491844249	0.2478776064251692	0.2013305726939304	0.1389278840497888	0.121472795756078	0.1703437422311182	0.3762137257981174	0.2166668206098478	0.8763722401291838	0.8495712972309291	0.7647102752782288	0.4966703454660605	0.3400683321158703	0.328467651672362	0.1967705638176232	0.3003753995321306	0.1706766002617122	0.1112837646429754	0.5526925322922527	0.6176344405355148	0.6610519572151611	0.5913366523093782	0.670579536877951	0.6969834869537853	0.5731326391742056	0.8618845817860875	0.4749430936575575	0.3473819131619255	0.7737275757029273	0.8565649784031493	0.73166603046874	0.8829015746867563	0.4175250900777366	0.4374320109415031	0.04742587580140537	0.8083413618591354	0.9403172103748049	0.3140439333414225	0.3037207211649301	0.09216392721294953	0.5142265095501606	-0.0664831892917648	-0.08660433751790446	0.0143685949730897	0.6288468733452346	0.3736362694041294	1.394824319509227	0.04275509434135289	-0.01574461168720093	-0.05791826828311283	0.06403234586365421	0.07026699054932724	0.06520973631717174	-0.02810512470847962	-0.008460634992984484	-0.02188877279277907	0.004592047971218316	-36.63813315265687	-0.0196345497253513	5.090243821184274e-18	-1.989937873714101e-16
68.08999999999723	0.0461991798435659	0.001724045087312942	-1.556086383367678	-5.248698325003262	1.070843212823454	-2.060613293979014	0.2871623987338687	-0.002722113980453008	-0.2581688863302898	0.4792424930839328	-0.05643948690193651	-0.1066662796691109	0.5804707613142497	0.5804707613142497	1.46718162755311	1.46718162755311	0.2744288732271212	0.2216337501086553	0.9920845843745394	0.0221524969122896	-0.0169813226695922	0.01949254677943561	0.4251488775525581	0.5721271644553861	-1.76967784552506	-1.386054222180197	-0.0001436047038378317	2.884954505917678	1.380845736852468	-0.4561345117306108	-2.554415605252228	-2.554415605252228	2.928122781379497	2.928122781379497	-0.7223208762968348	1.878911711869252	0.2525822510868969	0.2055580636216338	0.1370667091284942	0.118532425483018	0.1704613689633933	0.3835528005677793	0.2229045640434633	0.8817541424260021	0.8531086199608324	0.7671184216868131	0.496135810057392	0.338725588565616	0.3309666144624486	0.1953577706952516	0.3041497240326365	0.1653229048931986	0.1095535147427032	0.5477667713172452	0.6171816677776955	0.6620476149326562	0.5901009350155603	0.6682636167712503	0.6963286719506953	0.5781797399508105	0.8615609317570269	0.4746237680422949	0.3464701361085679	0.7769484392225905	0.8588090890790618	0.734073363263832	0.8857756563043219	0.4146495122638184	0.443338475906209	0.04468729357355404	0.8054902297939965	0.9400683334718718	0.3117162059056919	0.3137771795259541	0.1015117427321396	0.4915929098021543	0.2601263388729378	0.2111437249772549	0.133406556106547	0.1140404392356508	0.1689423965277995	0.3992870380454876	0.2307326710472441	0.9110285498945835	0.8655958244693114	0.7712129172160582	0.4943223437136622	0.334757317938786	0.3384057634874922	0.1903178815275247	0.303637941448606	0.1555309966644682	0.1063337341369841	0.5301613180912992	0.6097014712067055	0.6562370480891886	0.5887854292170455	0.6666897657607813	0.6957653388807664	0.5943103073060142	0.8727144475100873	0.4734570580301287	0.3434869449096422	0.7779484752800694	0.8756221725791369	0.7214401353594166	0.9053339177848769	0.4103822039409983	0.4568527448988601	0.04188805795252516	0.7977950863644411	0.9461316133255575	0.3058901719475891	0.3314691147617887	0.109009644578093	0.3772273437006863	-0.06990530247294026	-0.0761501074269561	0.02830083384683126	0.6093668314617273	0.4005841631038054	1.474774548344675	0.08710447097420161	-0.02160522820200067	-0.06710251198769943	0.152243541085291	0.08573298151158523	0.0753343803118806	-0.03974062818729217	-0.009427108761918065	-0.03763409487431169	0.004139278190794167	-32.56867871826471	-0.0160386257695131	6.161706700488991e-17	-2.372500570685419e-16
68.10999999999721	0.06480195368027188	0.001944932060755586	-1.556526476911654	-5.248156655242621	1.079180521067826	-2.049132243293037	0.2506133831000609	-0.0297546441706367	-0.2590541336812635	0.5350828847187854	-0.03123253267654119	-0.1189110982455952	0.5281792437071609	0.5281792437071609	1.513058661040761	1.513058661040761	0.2592068739248527	0.255842460911577	0.8588424105597521	0.001549943832845224	-0.02874452436565096	0.03438513275096255	0.40717914799819	0.5763589496797356	-1.88104097686433	-1.299649083504822	-0.08619161214900789	2.694307225935394	1.132376029717022	-0.7524399083459492	-2.672379944501559	-2.672379944501559	1.665633943866663	1.665633943866663	-0.7944044067369072	1.555937789597798	0.2874756386007829	0.2383248065256527	0.1624288119238204	0.1470109394432181	0.1966861358133977	0.4092732076148663	0.2180000079994609	0.8322962687243306	0.846792581070053	0.7579050228151664	0.4996909469022596	0.3502010923127504	0.3040411583435291	0.1745045331701636	0.3331833352111908	0.191723888604076	0.1293343548005285	0.5645857068278175	0.6178272694626005	0.6554491703108478	0.5948579710954028	0.6620468614400905	0.6860976406275633	0.5521828212017664	0.8383138207891268	0.4806736080977729	0.3590605006230326	0.7591577732218927	0.8341927373426626	0.709166874349576	0.8523107938890869	0.3553876240590693	0.4137887576630286	0.04965890690077435	0.79258218029252	0.93275243246803	0.3220144596902492	0.2815983024037873	0.09404779795638286	0.3496081783014769	0.3283219454076811	0.2753620330446115	0.1939118959365522	0.1817967514737178	0.2291461329169404	0.4356083773574576	0.2059672677174139	0.7202718774544788	0.8255233260909085	0.7383880540974538	0.5068233416025144	0.3697573258916056	0.2608836243026611	0.1537724293861463	0.3744223027420697	0.2304626538478665	0.1529331124302611	0.6063053857953109	0.624849946572079	0.6487235032246594	0.6038892717577364	0.6525910873210917	0.668794469174849	0.4962444294693935	0.7878520729756375	0.4911873498663976	0.3795982861351143	0.7269508878764878	0.7767640115486617	0.6756895687795116	0.7767174003877837	0.2711265043865744	0.3579146960333229	0.05622192608833919	0.7758192573465756	0.9147495333343786	0.3409099606589118	0.2241907967102224	0.0810236604253179	0.2229430138338578	-0.03221618636722889	-0.06863831488380812	0.04332762414072745	0.5516693071707169	0.4389465920810797	1.497471326048251	0.06072611814975459	-0.01639414174833726	-0.0590828280142432	0.07451704211066026	0.04367407150687317	0.06623981398293603	-0.03143691864710306	-0.01274010493106987	-0.03676636900452627	0.003786902978977207	-26.87812167621744	-0.01085309208550238	1.264006489494556e-16	-2.33157434495805e-17
68.1299999999972	0.08017886071640522	0.001850592576660646	-1.557304824047808	-5.247334491554572	1.087074266787881	-2.03754369417039	0.2120880692991524	-0.05400608878716689	-0.261528970086463	0.58682368485576	-0.01144339195218991	-0.1361275785000029	0.4736698119726785	0.4736698119726785	1.534049120366788	1.534049120366788	0.2428716828454533	0.2844303985393805	0.6694979043169849	-0.009370148841497528	-0.05080668188751602	0.04754193952033321	0.3807926251208765	0.5828770081223728	-1.967307662235303	-1.107945664814594	-0.1591025101265636	2.4749953561295	0.8390643867475712	-0.9533006795234023	-2.776207017991782	-2.776207017991782	0.4394653652146668	0.4394653652146668	-0.8336400540100201	1.316834394356909	0.3475539632942659	0.295627425974643	0.217172472889423	0.2086109794874208	0.2505365557638491	0.4425028656496106	0.196472553883951	0.6869278233199277	0.8178317108900472	0.7327034820662194	0.509626609008838	0.3794084472322911	0.2360905994412159	0.1396028820578107	0.3934332421443467	0.257797764337694	0.1723456525799239	0.6226158396439946	0.6284928139136863	0.6482137923549771	0.6067952950417683	0.6504134266217878	0.6643994601510056	0.4745812083999878	0.7735894619471927	0.4950950577657645	0.3892855614184417	0.7188354654498251	0.7595502254502803	0.6699402025611584	0.7547248336360265	0.2304138964371021	0.3313492062344006	0.06363074550770255	0.7735488958440838	0.9093703223648143	0.351239746454603	0.1868051665616889	0.06729928082461167	0.1855063060858956	0.3965175519424243	0.3395803411119682	0.2544172357665573	0.2495530637117848	0.2893498693060814	0.4719297166694277	0.1812018643875837	0.5295152050143743	0.7854508277125055	0.7055631909788495	0.5193243394913667	0.4047573338444252	0.18336148511783	0.1172269772447678	0.4452066640355334	0.3053943110312647	0.1995324907235381	0.6824494534993227	0.6399984219374527	0.6412099583601302	0.6189931142984276	0.6384924088814019	0.6418235994689315	0.3981785516327727	0.7029896984411879	0.5089176417026665	0.4157096273605864	0.675953300472906	0.6779058505181866	0.6299390021996065	0.6481008829906904	0.1318708048321506	0.2589766471677857	0.07055579422415323	0.7538434283287101	0.8833674533431997	0.3759297493702345	0.1169124786586561	0.05303767627254283	0.06865868396702941	0.005472929738482481	-0.06112652234066013	0.05835441443462365	0.4939717828797064	0.4773090210583541	1.520168103751828	0.03434776532530757	-0.01118305529467386	-0.05106314404078697	-0.003209456863970513	0.001615161502161108	0.05714524765399146	-0.02313320910691394	-0.01605310110022166	-0.03589864313474084	0.003434527767160247	-19.29337127869691	-0.006644813603969097	1.329689236857717e-16	8.26907933981082e-17
68.14999999999718	0.09173927435371773	0.001929451021749836	-1.558478116874918	-5.246243616460151	1.094329458306296	-2.025804169302134	0.1726671041873021	-0.07435455827664464	-0.2655793916806393	0.6341313361439178	0.002937684679996845	-0.1564463857549855	0.4179177481591754	0.4179177481591754	1.531112271184171	1.531112271184171	0.2257593078327571	0.308399457582955	0.4838961018519417	0.01047174294950503	-0.06493891669437889	0.06178364917675177	0.3444492473500129	0.591183403947209	-1.976785370988121	-0.9223859323609804	-0.2285872745648199	2.239124035697284	0.607833673167283	-1.063914797701323	-2.789669719796427	-2.789669719796427	-0.7095323900728778	-0.7095323900728778	-0.8714227918754408	1.077585840497756	0.3833975608359649	0.3357348326993571	0.2401462590933801	0.2316587655955664	0.2767132527655718	0.4586639806292828	0.192997189365811	0.6251136149350357	0.8023791528593643	0.7200275838867939	0.5145136429242131	0.3929861009382564	0.2056552592989388	0.1236235376541057	0.4150143812055383	0.2797133586702109	0.1864578927501368	0.6609904449309789	0.6281383135030216	0.6303559731337295	0.6188406241056132	0.6438527708339589	0.6479550317830797	0.4458226223800799	0.7504156031090429	0.5022611200473016	0.4034905082923714	0.6840120255283542	0.7231916029672522	0.6497968051747999	0.7088322547065887	0.1716007192793506	0.3013231838539823	0.06655444060839173	0.7626137274677901	0.9004519820028041	0.3644671232390473	0.1328980395020628	0.05552277256207977	0.0957133664162685	0.3973524123678983	0.3574558751242961	0.2403794272420841	0.2287825735157002	0.2811130191838604	0.4606728062533574	0.2002521765037171	0.6424107818893311	0.8007392027701632	0.7194304475237375	0.5147654095980014	0.3933284966288816	0.2068698979133797	0.1227041505146296	0.4066998875249767	0.2716906020381961	0.1823226031217562	0.678852720359824	0.6183905521210267	0.6054200920559367	0.6295489066869153	0.6420765121183889	0.6376252097203075	0.4598164597308039	0.7656459115714002	0.5028630457479943	0.404071788239507	0.6575073040566316	0.7241368573634258	0.6468522436177931	0.7128611330472353	0.17179266740162	0.3140598078930616	0.06427010067504318	0.7590154896405974	0.9052292117740509	0.364395081814448	0.1223104608262823	0.0546883754289195	0.07952969566662356	0.01773549313024378	-0.05874823553373565	0.06628121880364163	0.4440955835702302	0.49714370361548	1.433567528681764	0.04362485599815211	0.007126553251243241	-0.04095329567226302	-0.03355069476841908	0.03492945513136851	0.04088776428984099	-0.006234161449641998	-0.0230098756463519	-0.02394633486434531	0.00288116494569603	-15.62228210808317	-0.001875289888479628	5.803576833053828e-17	3.759844276601502e-17
68.16999999999716	0.09942881048793034	0.00199809227860397	-1.559839033350413	-5.244853622417306	1.100841145507017	-2.013892041002808	0.1329367935783074	-0.09072091201061069	-0.2699783660799833	0.6757228168038383	0.0132215708422738	-0.1780975604770023	0.3624562089236095	0.3624562089236095	1.506612540500046	1.506612540500046	0.2082617573858959	0.327434405379053	0.2824101540066438	-0.01039186766500396	-0.0695690467259422	0.07745383436278427	0.3064421933512991	0.600137351229354	-1.998242211949771	-0.7097340892630639	-0.1939577906433593	1.903378293305236	0.4293453397562177	-1.086537426226948	-2.747154560198035	-2.747154560198035	-1.71682278493814	-1.71682278493814	-0.8721575974265421	0.8234232696088056	0.392387252575697	0.3579377372531872	0.2324258199568899	0.2181247554724245	0.2750041384871773	0.4548030121372696	0.2084324491681002	0.6823931629650615	0.8075667807294621	0.72534032489376	0.5126697368073293	0.3877846804709008	0.2193696789767052	0.126628132849599	0.3917145265218588	0.25675151000271	0.1736265250841264	0.6702968299888317	0.6130877714812647	0.6000135208320794	0.6298243999093293	0.6442616020727064	0.6398811261119677	0.4821329617339998	0.7850735686683095	0.4999605023858958	0.3983800436726046	0.6601924246301591	0.7426073751338655	0.6550178380456707	0.737699873368193	0.1939799014262392	0.3366809429626376	0.06067215129387707	0.7625390254023664	0.9120857555432055	0.3588319122556418	0.1291605554797684	0.05650971224560453	0.09105082257084282	0.3981872727933721	0.3753314091366241	0.2263416187176108	0.2080120833196156	0.2728761690616395	0.4494158958372872	0.2193024886198505	0.7553063587642879	0.8160275778278209	0.7332977040686257	0.5102064797046363	0.3818996594133379	0.2303783107089293	0.1281813237844915	0.36819311101442	0.2379868930451274	0.1651127155199743	0.6752559872203252	0.5967826823046007	0.5696302257517433	0.640104699075403	0.6456606153553758	0.6334268199716834	0.5214543678288351	0.8283021247016126	0.4968084497933221	0.3924339491184276	0.6390613076403572	0.7703678642086649	0.6637654850359798	0.7776213831037802	0.2117145299710894	0.3691429686183377	0.05798440712593315	0.7641875509524847	0.9270909702049023	0.3528604142586614	0.1277084429939085	0.05633907458529617	0.09040070736621769	0.02999805652200508	-0.05636994872681116	0.07420802317265962	0.3942193842607538	0.5169783861726059	1.3469669536117	0.05290194667099667	0.02543616179716034	-0.03084344730373905	-0.06389193267286765	0.06824374876057591	0.02463028092569052	0.01066488620762995	-0.02996665019248215	-0.01199402659394978	0.002327802124231812	-15.84613839019048	0.00221257252505099	-2.214284047196991e-17	-1.126760543186925e-17
68.18999999999714	0.1026838170879382	0.001901348831855053	-1.561183019734833	-5.243123943884871	1.106531637794137	-2.001783246849882	0.09337129019096495	-0.1022740785369437	-0.2733032284726025	0.7104965189988517	0.02025888677771687	-0.1993315696689111	0.3081869061323015	0.3081869061323015	1.463892595915476	1.463892595915476	0.1910506552524448	0.3411316675436744	0.0428086120793543	0.0003017285083485637	-0.06384492803783709	0.09587207095802606	0.2624050849382872	0.6110110160490657	-1.954040179081279	-0.4438311535701036	-0.1410978056484313	1.570227257804945	0.2839285069083672	-1.034560477147527	-2.674482133383813	-2.674482133383813	-2.512282400500432	-2.512282400500432	-0.8499755884171621	0.5513190447129107	0.4048259484588442	0.3944362593547836	0.2242239059738479	0.2104338970744276	0.2717476741193809	0.4481369130082836	0.2097738726736795	0.7229099090214526	0.8089104101360144	0.7266429825135166	0.5108046090175306	0.3830289443748023	0.230164126636779	0.1303923677772859	0.3572984775221788	0.2286402497527938	0.1585697742559917	0.6923849519262126	0.6069791053638839	0.5740847929938265	0.648473518330331	0.6523628123018771	0.6395690586349299	0.5089076440447944	0.8179235330740433	0.4981313443713912	0.3943381722966805	0.6389523730099228	0.762805964938903	0.634395984359594	0.7572747109197433	0.2130853448875181	0.3591618745963144	0.05658845644139289	0.7697650964208623	0.918095549014089	0.3527345042850107	0.1331272165916658	0.0558359495052583	0.09491598552534221	0.4189965253378221	0.4348861431907918	0.2185209387508253	0.2085617785231235	0.2690429010440935	0.4419636972331072	0.2031670705493456	0.7350844966391251	0.8045389309010748	0.7225784550352571	0.5097292191354207	0.3805398821989835	0.2353133828007922	0.1332986831400516	0.3249946636981414	0.2069445291511269	0.1476808768745263	0.7266860976434676	0.6095569658561213	0.5546608953743297	0.6721789271554151	0.6651356708245224	0.6441576236745696	0.5207091420583099	0.8416761878098055	0.4976742690990744	0.3929090477619835	0.6193220057237184	0.7761965688102568	0.5921470667672578	0.759792836416297	0.2228756906396984	0.3661600828494263	0.05472390807825443	0.7812039435376852	0.9168849311906335	0.3485311857116394	0.1385065701575613	0.05533452279284732	0.09928893261156958	0.03352317005735713	-0.05183643667391382	0.08236506394802405	0.3425762015737712	0.5057573466083438	1.226495575023435	0.04808654458426753	0.001573430289526709	-0.03887187021244968	0.002000598877053587	0.04351078792475956	0.004676249261603378	0.03626606063615274	-0.04388536101836124	0.007960985725324193	0.001886383075787209	-15.83844727158693	0.004871094634906315	-1.128123561690277e-16	-6.768104876133569e-17
68.20999999999712	0.1011298792144997	0.001993529639667722	-1.562353443924791	-5.241004417495905	1.11132927088762	-1.989440842281482	0.05494590432339875	-0.1084041017613516	-0.275725052587098	0.7383813203802058	0.02496040124338329	-0.2193878589301324	0.2556886670105096	0.2556886670105096	1.407836815401009	1.407836815401009	0.1742218149493593	0.3496878110818823	-0.1984842933384316	0.008500557791171842	-0.05221282727975162	0.1164386200159181	0.2171562739875497	0.6234983927766697	-1.884230459972047	-0.1674197590700627	-0.1036539628308959	1.214488211938652	0.1957651927783384	-0.9687654331580968	-2.570048193246268	-2.570048193246268	-3.05040637792918	-3.05040637792918	-0.8339314143899436	0.3093114069669853	0.4233828254712945	0.4473464610003938	0.2162875239114024	0.2095688593245819	0.2680232494827595	0.4408795356246989	0.1964559566296338	0.7219160721738139	0.801627710108934	0.7197862862034051	0.5099270401115725	0.3808094896219434	0.2360673174614769	0.1353486366666391	0.3155031583735253	0.1975010882052919	0.1412319467295939	0.7343430083440502	0.6139441236482833	0.5556623127935988	0.6762593412483394	0.6682512187351197	0.6468544144894475	0.5158355903259599	0.8376058064966847	0.4982286897340268	0.3936572600609978	0.6186553395023801	0.7732568134654102	0.5782789380595907	0.7515143548581662	0.2253245609678678	0.3620580181263885	0.05327946180774511	0.7835854085173914	0.9132777564948238	0.3479651741951856	0.1431355727904165	0.05484284208467404	0.1033904817686161	0.4398057778822721	0.4944408772449595	0.2107002587840399	0.2091114737266314	0.2652096330265474	0.4345114986289271	0.1870316524788407	0.7148626345139624	0.7930502839743286	0.7118592060018883	0.5092519585662052	0.379180104984629	0.2402484548926551	0.1384160424956117	0.2817962163818629	0.1759021652571265	0.1302490382290783	0.7781162080666099	0.622331249407642	0.5396915649969161	0.7042531552354272	0.684610726293669	0.6548884273774559	0.5199639162877847	0.8550502509179985	0.4985400884048268	0.3933841464055395	0.5995827038070797	0.7820252734118485	0.5205286484985358	0.7419642897288138	0.2340368513083073	0.3631771970805149	0.0514634090305757	0.7982203361228858	0.9066788921763649	0.3442019571646175	0.1493046973212142	0.05432997100039847	0.1081771578569215	0.03704828359270917	-0.04730292462101648	0.09052210472338848	0.2909330188867886	0.4945363070440817	1.10602419643517	0.0432711424975384	-0.02228930121810693	-0.04690029312116029	0.06789313042697483	0.0187778270889432	-0.01527778240248376	0.06186723506467551	-0.05780407184424034	0.02791599804459817	0.001444964027342606	-16.0142165888137	0.006170480295182906	-1.575724376094907e-16	-7.819752642290462e-17
68.2299999999971	0.09471402770850039	0.002055306344609533	-1.563204759001016	-5.2384504259335	1.115239047508235	-1.976836075338076	0.01794939916538334	-0.1089025691759398	-0.2773358479178428	0.7589158856462097	0.02834507865118762	-0.2379581950490543	0.2054443946373593	0.2054443946373593	1.34372370784157	1.34372370784157	0.158160010268338	0.3533132306238389	-0.4369368971122353	-0.001198885171189319	-0.03538871996450378	0.1391717070221613	0.1744584113066301	0.6372726093330511	-1.80665498907645	0.1044535221390376	-0.059737418304262	0.8440563152431709	0.150111581916607	-0.8892685469846163	-2.443540859428261	-2.443540859428261	-3.313175964820931	-3.313175964820931	-0.7688712256972533	0.04203449186925513	0.4294600223345214	0.4743540131898668	0.2126540544715999	0.2096158121534364	0.2653842873740901	0.4262742451217137	0.1859015903936016	0.7201855077921047	0.8066045545669966	0.7222255540385936	0.5082205139286131	0.3773882969037408	0.2427929597410661	0.1464058848447676	0.2849050171097558	0.1780348255874381	0.1289951812958403	0.7706809354886084	0.6097453983044875	0.5185388195147292	0.7042531496025187	0.6799378670428232	0.644532232168508	0.5096629468613882	0.8571095184338372	0.4972706614211571	0.3914936931672464	0.5720669367133416	0.787878005579703	0.5177139615067793	0.7471905760857178	0.2209944782818049	0.3546569470835756	0.05293952807114797	0.798966325732941	0.9123617137663019	0.3435555900415596	0.146804106405781	0.0560669909926784	0.1066651955794067	0.4258924591454328	0.4794943190583047	0.2123848698790776	0.2100190671738658	0.2640488002182516	0.4087771966268046	0.18037966621534	0.7227765814578497	0.8222892381467206	0.7328015555476156	0.5059973799334032	0.3736012835090828	0.2482058204981107	0.156342336919165	0.2687180983753227	0.1710372026201417	0.1237848032439174	0.7996747264893397	0.5959835731082977	0.4704089652921754	0.7305187229761599	0.6870971103824814	0.6341687952151298	0.4964262143548256	0.8779980393623207	0.4954887111521986	0.3884748880295856	0.5089306483816826	0.8067524091032886	0.4635546495033275	0.7471958115017439	0.2089771969850853	0.3430595287346252	0.05393707480949238	0.8145434691507036	0.9159934281762606	0.34014106295155	0.1462649206831181	0.05757323232996753	0.1065059195954676	0.02776048539478201	-0.04396902462118354	0.09036461015543863	0.2378582523225574	0.4566054345683931	0.8964584609733467	0.04678560957917293	-0.006457270635646255	0.05307020505948364	0.1177938805307781	0.06773598546281545	-0.03452762827779943	0.0786553616240326	-0.05666915630769169	0.04797086482490251	0.0006656054371270005	-16.03649907922182	0.004769940845281233	-6.460421628016972e-17	4.897689291921883e-17
68.24999999999709	0.0838989617360197	0.001990534317851981	-1.563867794308234	-5.235429102383126	1.118333088269173	-1.963938165597461	-0.01696969256933752	-0.1047507406946794	-0.2782070232416872	0.7723470930130837	0.03126122587661	-0.2549986155394381	0.1583805600192706	0.1583805600192706	1.277218913336276	1.277218913336276	0.1436020790421531	0.3509213485422614	-0.6384057399869726	-0.004154315378776101	-0.03338485037898917	0.1631718188129774	0.1355826880197371	0.6528126724976826	-1.676489117642403	0.2976098305152259	-0.02969196214078401	0.5041524220249991	0.1489121745401005	-0.8157738703041499	-2.252004417739805	-2.252004417739805	-3.289575072514814	-3.289575072514814	-0.6835440689061595	-0.2924187553869784	0.4208132166813209	0.4707770422921849	0.2134351357962401	0.210380598738265	0.263926172606792	0.4033521456355278	0.1785824358353106	0.724999917749851	0.8278709560763337	0.7372089377857086	0.5054088972328921	0.3723372846148643	0.2504872154342719	0.1633572147454714	0.2676628713337767	0.17077740287656	0.121789514731563	0.7969041990094907	0.5901537112234044	0.4578404762791157	0.7309488864762089	0.6853157403878156	0.6295329244780021	0.49106261225286	0.8788937467154293	0.4948138269548476	0.3872756204530929	0.4936360832527928	0.8092759946991782	0.4585520114580405	0.7493268708701208	0.1993580973027517	0.3375101015083128	0.05531577190573166	0.8149579678496733	0.9182757305031576	0.339402546967888	0.1445559368737258	0.05923153224205761	0.105409189911905	0.4119791404085935	0.4645477608716498	0.2140694809741152	0.2109266606211002	0.2628879674099558	0.383042894624682	0.1737276799518394	0.7306905284017371	0.8515281923191128	0.7537439050933429	0.5027428013006012	0.3680224620335367	0.2561631861035663	0.1742686313427182	0.2556399803687824	0.1661722399831569	0.1173205682587565	0.8212332449120695	0.5696358968089537	0.4011263655874348	0.7567842907168926	0.6895834944712939	0.6134491630528037	0.4728885124218665	0.9009458278066429	0.4924373338995705	0.3835656296536316	0.4182785929562852	0.8314795447947289	0.4065806505081192	0.7524273332746739	0.1839175426618632	0.3229418603887355	0.05641074058840906	0.8308666021785216	0.9253079641761562	0.3360801687384825	0.143225144045022	0.06081649365953659	0.1048346813340137	0.01847268719685484	-0.04063512462135059	0.09020711558748878	0.1847834857583263	0.4186745620927045	0.6868927255115227	0.05030007666080746	0.009374759946814415	0.1530407032401276	0.1676946306345813	0.1166941438366877	-0.05377747415311509	0.09544348818338967	-0.05553424077114304	0.06802573160520686	-0.0001137531530886046	-15.98151079194526	0.001702889367610909	1.254618608653441e-17	1.536348597011641e-16
68.26999999999707	0.06957613847328788	0.002085434768694886	-1.564711963348395	-5.231922271134215	1.120699459186771	-1.950707087519993	-0.04860300292017729	-0.09772141093909116	-0.2786868523774194	0.7794906266088347	0.03454266027458804	-0.270839502677366	0.115898575607113	0.115898575607113	1.213812122614445	1.213812122614445	0.1313669467372209	0.341490135459855	-0.782143596255847	0.007216724209720631	-0.05336844016356987	0.1876789489431171	0.1034660632213544	0.6704905451547863	-1.486953617573597	0.3849400322085482	-0.02456840353636763	0.2058099508264264	0.187115190601061	-0.7727495539327754	-1.98021906751872	-1.98021906751872	-3.019335693627417	-3.019335693627417	-0.5248949442597067	-0.6457699821054386	0.4070611394018622	0.46090880139364	0.203393402998632	0.2038460177749785	0.2507273039341775	0.3759926674315358	0.1673326572059884	0.725643546362136	0.823349898651053	0.7328215649720136	0.5022563084364486	0.3712033461350304	0.2597113020566429	0.1645828019526507	0.2479742276991271	0.1609010169835071	0.1109730046260528	0.815112732687326	0.5734317173086106	0.4060205354514291	0.7495357255854375	0.6868120281062577	0.6097905242399073	0.4710541939194616	0.8889777616202231	0.49214784427493	0.3863397946856665	0.4234644773989135	0.813835691262645	0.4214199735725995	0.7466270047618695	0.1903006506576061	0.3264436149858301	0.05484855514196517	0.8217262070111122	0.9143242720309549	0.3383298183430177	0.1347207216402253	0.05585279587647959	0.098479542780116	0.3930825707865364	0.4502698975383336	0.190661676598656	0.195465722731162	0.2343396685888304	0.3510558715228908	0.1579388323225494	0.7222335010937553	0.7963730585752695	0.7119275735488985	0.4992803530536501	0.372885985794002	0.2674030529670866	0.1577867179592336	0.2314691273089557	0.1530295304193145	0.102917235795919	0.8280182061234593	0.5616962628066918	0.3704542542357102	0.7615502495484237	0.6860078494471137	0.5890535761829448	0.4535418186082406	0.8894093606534332	0.4897505448374735	0.3878326816284102	0.3723890986726267	0.8041920385789907	0.4043616674666511	0.7394059884989024	0.1909774042148244	0.3219908828983984	0.05362470460358339	0.821056641847873	0.9016022669147183	0.3393673195276549	0.1249513533371566	0.05157319691950369	0.09183517251710734	0.009166286091246426	-0.03265293281195854	0.07268295775535577	0.1114866641097486	0.3190860696689317	0.4741744598149161	-0.06093451892814791	0.05438236229877012	-0.1759722332463423	-0.2072604254717872	-0.1162446770402292	-0.06780955964528279	0.1050012379136802	-0.04904731030338446	0.08183731223423325	-0.0006354317919657901	-15.62269252117695	-0.002455337717889258	1.060749364015421e-17	1.457105636822185e-16
68.28999999999705	0.05308253748708044	0.002022097836106593	-1.566095987375832	-5.227915238710824	1.122568197177265	-1.937110727395114	-0.07645230527739307	-0.09016846391977858	-0.2794408574672965	0.7804038515771603	0.03906119051436771	-0.2860859861144289	0.0798107955570375	0.0798107955570375	1.157716217833155	1.157716217833155	0.1232092499649219	0.3252878520880302	-0.8554835123347317	-0.01997805372191028	-0.08737034910664286	0.2131919362608959	0.08581939530932668	0.6893408772388707	-1.298088318279657	0.3499715568877023	-0.05710955755530783	-0.1188784407181171	0.2726217587203761	-0.7563335002176079	-1.612583981531007	-1.612583981531007	-2.558486478460043	-2.558486478460043	-0.2758005156424756	-0.9695257843294414	0.3893934017985133	0.4477978711132123	0.1819703228764608	0.1897559160258239	0.2248594832058461	0.3447496988381406	0.1520300527812982	0.7201104312215741	0.7847803650944769	0.7030054263537511	0.4988789227281962	0.374587042931949	0.2704951135105192	0.1503859903375467	0.224345042446308	0.1480886189172456	0.09675914942967766	0.8256217970284078	0.5627861999515918	0.3688334543216534	0.758734831167966	0.6848456260297663	0.5867238416804799	0.4513768662886796	0.884604162505167	0.4894644772746636	0.3892949798303459	0.3693195959132802	0.7969837244533747	0.409489326019249	0.736939111634357	0.1947995168191912	0.3231251349655981	0.05214160146354265	0.8173597838017496	0.8971788133864812	0.3405986947314733	0.1172365612134603	0.04678690620061179	0.08588120153168299	0.3741860011644793	0.4359920342050173	0.1672538722231967	0.1800047848412238	0.205791369767705	0.3190688484210997	0.1421499846932594	0.7137764737857736	0.7412179248314262	0.6701112420044539	0.495817904806699	0.3777495095544673	0.278642919830607	0.141304804575749	0.2072982742491291	0.1398868208554722	0.08851390333308151	0.8348031673348491	0.55375662880443	0.3397821428839857	0.7663162083799546	0.6824322044229336	0.5646579893130861	0.4341951247946148	0.8778728935002236	0.4870637557753766	0.3920997336031888	0.3264996043889681	0.7769045323632525	0.402142684425183	0.7263846437231308	0.1980372657677856	0.3210399054080613	0.05083866861875772	0.8112466815172245	0.8778965696532803	0.3426544703168273	0.1066775626292913	0.04232990017947079	0.07883566370020098	-0.0001401150143619875	-0.0246707410025665	0.05515879992322275	0.03818984246117082	0.2194975772451589	0.2614561941183097	-0.1721691145171033	0.09938996465072582	-0.5049851697328122	-0.5822154815781558	-0.3491834979171461	-0.08184164513745049	0.1145589876439708	-0.04256037983562588	0.09564889286325967	-0.001157110430842975	-15.07789766113279	-0.006778179230817164	6.876181274775523e-18	1.384158859740546e-16
68.30999999999703	0.03569960955256202	0.00188699545479048	-1.568295571933903	-5.223369619413467	1.124172508798243	-1.923119225393723	-0.09924994842296611	-0.08466436621355217	-0.2791565283913376	0.7755750743444778	0.04587407409123061	-0.300750612141544	0.05297421736814309	0.05297421736814309	1.111790589985417	1.111790589985417	0.1201985839074848	0.3042404793958517	-0.8922209186451165	-0.006102671816502201	-0.1041073223792647	0.2447754419126768	0.07763630853153206	0.7102652198143341	-1.019759464942781	0.210896092793405	0.1006597643664177	-0.3720720231953512	0.4298714218506777	-0.6537640799022371	-1.098312741901821	-1.098312741901821	-2.046932335323129	-2.046932335323129	-0.06459767610831547	-1.067694651958823	0.3827487395590451	0.4427306063578248	0.1736088127046399	0.18414899269736	0.208465119656715	0.3234596876320973	0.1570839773329891	0.7485799999879285	0.7933643028668249	0.7130666512008573	0.5145383021424542	0.3837930426444552	0.3145794954840442	0.1538704505433836	0.206659601368282	0.1382042768058763	0.08912620337683173	0.8559816490400928	0.5705319547218797	0.3452371979626906	0.7934277364986286	0.7071981492751481	0.5887435225011726	0.4554459598185719	0.8983411806191373	0.5050307297929751	0.4000428117232612	0.3326418983148321	0.8133512322785872	0.4128554776763314	0.7546113557591277	0.2326193234547843	0.3462135602314836	0.04878031003751045	0.8381646696930214	0.9045081407696716	0.3458348323160008	0.1143978080666258	0.06003410118994411	0.08891851247063173	0.3846652550854763	0.4440866438571651	0.1747892464504752	0.1847949604399095	0.2025079075975156	0.3130017988908645	0.1701629552463475	0.8035818837961836	0.8432672089677015	0.7567318341637824	0.5422280290167446	0.3949518162320179	0.3688330591207963	0.1645516117083373	0.1976455875712754	0.1333705333912956	0.08746523767764311	0.9028387591464553	0.5905351963836341	0.3334460598759691	0.8487474874613096	0.7479785727592347	0.6095528371061227	0.4752292362026931	0.9283558304081949	0.5319179647270829	0.413961249271812	0.3127281945959356	0.8584477437739483	0.4236858090621783	0.794094772793529	0.2774196334946166	0.3807691682587703	0.04664729955179373	0.8801244029414625	0.9330711360518124	0.3517443313789689	0.1191568783826162	0.07564502291309153	0.09709730018455512	-0.009133892107950226	-0.01153570316772659	0.02680771142134405	0.03152707776846093	0.1067520970823947	0.07952761219570889	0.3888066290719489	-0.2218051131707827	0.4793588985655448	0.7747315702975753	0.5041689808595238	-0.06899242553864218	0.1214558066716835	-0.03338450094678794	0.08953012889230358	0.000431875702373435	-17.24727927720882	-0.01210993719277784	-1.657395019958644e-17	1.380470096844903e-16
68.32999999999701	0.01701723524025159	0.001275171467175627	-1.569121048898142	-5.217988003096823	1.12579463118824	-1.908681882726053	-0.1187660226215883	-0.08131430504573178	-0.2748097749240362	0.765198061023569	0.05710424030374419	-0.3099819484067766	0.03478872969936771	0.03478872969936771	1.075324683260097	1.075324683260097	0.1190520794803208	0.2852807393269737	-0.98542815011405	-0.06765021435182769	0.05004041027669655	0.2967916381898036	0.0876004722112072	0.7339249438669192	-0.9699314235842724	0.1345679030469048	0.3491328815793111	-0.6737020495412496	0.7143500222858468	-0.2130045240288637	-0.747474929518319	-0.747474929518319	-1.612514366217406	-1.612514366217406	-0.08938435261499066	-0.7607625219991999	0.3889001080909443	0.447252998663758	0.1788057634914522	0.1873537446019158	0.2028311800643273	0.3137188550150495	0.1819189035846384	0.8182954290303593	0.864650311990483	0.7749282005523672	0.5518749585536813	0.3989305126981116	0.3927990499684789	0.1744641107289958	0.1954757158942826	0.131221925503149	0.08755360512410708	0.9114829658642661	0.5985056385181395	0.3345717200123634	0.8600599390732163	0.7587608188039631	0.6205062051051965	0.48620237392541	0.9366041456332199	0.5413020579361241	0.4189697187576341	0.3129506524051079	0.8733838912584642	0.4296070886019897	0.8059736820636673	0.3028776085075773	0.3966827916474704	0.04459853757520703	0.8911196561750934	0.943770612086114	0.3539944426480164	0.1253592377474814	0.0920899011994771	0.1059924428566806	0.3951445090064734	0.452181253509313	0.1823246206777538	0.1895851360385952	0.1992244454273262	0.3069347493606295	0.1981759257994355	0.8933872938065937	0.9453164931039767	0.843352426323111	0.58863815322679	0.4121541229095683	0.4590231984109858	0.1877984188409256	0.1879929008934217	0.1268542459271189	0.08641657202220469	0.9708743509580616	0.627313763962838	0.3271099768679527	0.9311787665426643	0.813524941095536	0.6544476848991594	0.5162633476107715	0.9788387673161661	0.5767721736787892	0.4358227649404353	0.2989567848029031	0.9399909551846439	0.4452289336991737	0.8618049018639271	0.3568020012214476	0.4404984311094794	0.04245593048482973	0.9490021243657007	0.9882457024503443	0.3608341924411105	0.1316361941359411	0.1089601456467123	0.1153589366689093	-0.01812766920153846	0.00159933466711333	-0.001543377080534658	0.02486431307575103	-0.005993383080369562	-0.1024009697268919	0.9497823726610011	-0.5430001909922911	1.463702966863902	2.131678622173307	1.357521459636194	-0.05614320593983386	0.1283526256993963	-0.02420862205794999	0.0834113649213475	0.002020861835589846	-22.0696477232008	-0.01546490302596039	-4.002408167394839e-17	1.37678133394926e-16
