squats_2_grf
version=1
nRows=1676
nColumns=19
inDegrees=no
endheader
time	ground_force_left_vx	ground_force_left_vy	ground_force_left_vz	ground_force_left_px	ground_force_left_py	ground_force_left_pz	ground_force_left_mx	ground_force_left_my	ground_force_left_mz	ground_force_right_vx	ground_force_right_vy	ground_force_right_vz	ground_force_right_px	ground_force_right_py	ground_force_right_pz	ground_force_right_mx	ground_force_right_my	ground_force_right_mz
      0.91000000	     -1.92857497	    280.05703572	     19.02196656	     -2.29261769	      0.01021476	      2.31772153	      0.00033788	     -0.17232244	      0.00043091	     -0.86703679	    242.63387968	    -18.42601320	     -2.29678644	      0.01049759	      2.68487881	     -0.00212295	      1.72013046	      0.00513997
      0.91100000	     -2.36313887	    278.98151320	     18.96854048	     -2.29242674	      0.01021513	      2.31771924	      0.00030694	     -0.15654596	      0.00039146	     -1.08709609	    242.10629347	    -18.35730260	     -2.29669030	      0.01049774	      2.68486707	     -0.00212318	      1.72032230	      0.00514055
      0.91200000	     -2.80226449	    277.85888456	     18.91133756	     -2.29223007	      0.01021551	      2.31771657	      0.00027543	     -0.14047269	      0.00035127	     -1.30917826	    241.55878231	    -18.28804593	     -2.29659122	      0.01049790	      2.68485467	     -0.00212326	      1.72038191	      0.00514072
      0.91300000	     -3.24362825	    276.69124331	     18.85046284	     -2.29202836	      0.01021590	      2.31771346	      0.00024346	     -0.12417095	      0.00031050	     -1.53191129	    240.99292306	    -18.21866508	     -2.29648957	      0.01049807	      2.68484172	     -0.00212316	      1.72030328	      0.00514049
      0.91400000	     -3.68490138	    275.48085813	     18.78606092	     -2.29182228	      0.01021629	      2.31770980	      0.00021119	     -0.10770967	      0.00026934	     -1.75389185	    240.41039019	    -18.14958655	     -2.29638570	      0.01049824	      2.68482835	     -0.00212289	      1.72008211	      0.00513983
      0.91500000	     -4.12378134	    274.23014962	     18.71831703	     -2.29161251	      0.01021670	      2.31770553	      0.00017873	     -0.09115760	      0.00022795	     -1.97370114	    239.81293580	    -18.08123623	     -2.29628002	      0.01049841	      2.68481469	     -0.00212244	      1.71971595	      0.00513874
      0.91600000	     -4.55802292	    272.94166794	     18.64745773	     -2.29139976	      0.01021710	      2.31770053	      0.00014623	     -0.07458246	      0.00018650	     -2.18992084	    239.20236891	    -18.01403435	     -2.29617292	      0.01049858	      2.68480087	     -0.00212180	      1.71920428	      0.00513721
      0.91700000	     -4.98546833	    271.61807133	     18.57375120	     -2.29118470	      0.01021751	      2.31769472	      0.00011382	     -0.05805021	      0.00014516	     -2.40114909	    238.58053417	    -17.94839057	     -2.29606481	      0.01049876	      2.68478706	     -0.00212099	      1.71854870	      0.00513525
      0.91800000	     -5.40407565	    270.26210632	     18.49750698	     -2.29096800	      0.01021792	      2.31768799	      0.00008161	     -0.04162431	      0.00010409	     -2.60601637	    237.94929041	    -17.88469944	     -2.29595611	      0.01049893	      2.68477340	     -0.00212001	      1.71775295	      0.00513287
      0.91900000	     -5.81194542	    268.87658941	     18.41907523	     -2.29075031	      0.01021832	      2.31768023	      0.00004973	     -0.02536508	      0.00006343	     -2.80320080	    237.31048923	    -17.82333628	     -2.29584723	      0.01049910	      2.68476007	     -0.00211886	      1.71682306	      0.00513009
      0.92000000	     -6.20734467	    267.46439082	     18.33884545	     -2.29053223	      0.01021873	      2.31767135	      0.00001829	     -0.00932917	      0.00002333	     -2.99144293	    236.66595403	    -17.76465348	     -2.29573861	      0.01049928	      2.68474722	     -0.00211756	      1.71576728	      0.00512694
      0.92100000	     -6.58872818	    266.02842006	     18.25724455	     -2.29031436	      0.01021913	      2.31766123	     -0.00001261	      0.00643097	     -0.00001608	     -3.16955967	    236.01745984	    -17.70897742	     -2.29563064	      0.01049945	      2.68473501	     -0.00211612	      1.71459620	      0.00512344
      0.92200000	     -6.95475651	    264.57161338	     18.17473436	     -2.29009721	      0.01021953	      2.31764979	     -0.00004288	      0.02186746	     -0.00005468	     -3.33645727	    235.36671409	    -17.65660588	     -2.29552372	      0.01049961	      2.68472362	     -0.00211454	      1.71332268	      0.00511963
      0.92300000	     -7.30431056	    263.09692308	     18.09180852	     -2.28988128	      0.01021992	      2.31763691	     -0.00007242	      0.03693736	     -0.00009237	     -3.49114319	    234.71533886	    -17.60780608	     -2.29541826	      0.01049977	      2.68471319	     -0.00211287	      1.71196181	      0.00511556
      0.92400000	     -7.63650255	    261.60730831	     18.00898867	     -2.28966700	      0.01022030	      2.31762250	     -0.00010118	      0.05160287	     -0.00012904	     -3.63273681	    234.06485470	    -17.56281335	     -2.29531460	      0.01049993	      2.68470388	     -0.00211110	      1.71053085	      0.00511129
      0.92500000	     -7.95068301	    260.10572736	     17.92682015	     -2.28945475	      0.01022068	      2.31760649	     -0.00012908	      0.06583149	     -0.00016462	     -3.76047878	    233.41666633	    -17.52183031	     -2.29521310	      0.01050008	      2.68469583	     -0.00210927	      1.70904913	      0.00510686
      0.92600000	     -8.24644394	    258.59513096	     17.84586699	     -2.28924486	      0.01022105	      2.31758878	     -0.00015607	      0.07959608	     -0.00019904	     -3.87373916	    232.77205040	    -17.48502666	     -2.29511408	      0.01050022	      2.68468919	     -0.00210741	      1.70753786	      0.00510235
      0.92700000	     -8.52361792	    257.07845652	     17.76670650	     -2.28903760	      0.01022140	      2.31756931	     -0.00018210	      0.09287484	     -0.00023224	     -3.97202408	    232.13214548	    -17.45253942	     -2.29501783	      0.01050036	      2.68468407	     -0.00210553	      1.70602002	      0.00509781
      0.92800000	     -8.78227332	    255.55862298	     17.68992318	     -2.28883318	      0.01022175	      2.31754801	     -0.00020715	      0.10565115	     -0.00026419	     -4.05498119	    231.49794435	    -17.42447366	     -2.29492461	      0.01050048	      2.68468060	     -0.00210368	      1.70452012	      0.00509333
      0.92900000	     -9.02270562	    254.03852586	     17.61610239	     -2.28863176	      0.01022209	      2.31752483	     -0.00023119	      0.11791341	     -0.00029486	     -4.12240358	    230.87028868	    -17.40090369	     -2.29483465	      0.01050060	      2.68467887	     -0.00210188	      1.70306395	      0.00508898
      0.93000000	     -9.24542510	    252.52103236	     17.54582351	     -2.28843345	      0.01022241	      2.31749973	     -0.00025422	      0.12965477	     -0.00032422	     -4.17423248	    230.24986619	    -17.38187453	     -2.29474812	      0.01050070	      2.68467896	     -0.00210017	      1.70167837	      0.00508484
      0.93100000	     -9.45114108	    251.00897627	     17.47965289	     -2.28823832	      0.01022273	      2.31747268	     -0.00027621	      0.14087276	     -0.00035227	     -4.21055853	    229.63721017	    -17.36740382	     -2.29466519	      0.01050080	      2.68468097	     -0.00209858	      1.70039099	      0.00508099
      0.93200000	     -9.64074304	    249.50515222	     17.41813658	     -2.28804639	      0.01022303	      2.31744367	     -0.00029718	      0.15156897	     -0.00037902	     -4.23162158	    229.03270148	    -17.35748387	     -2.29458595	      0.01050089	      2.68468493	     -0.00209715	      1.69922988	      0.00507752
      0.93300000	     -9.81527891	    248.01230939	     17.36179309	     -2.28785763	      0.01022333	      2.31741267	     -0.00031714	      0.16174859	     -0.00040447	     -4.23780928	    228.43657271	    -17.35208399	     -2.29451046	      0.01050096	      2.68469091	     -0.00209591	      1.69822321	      0.00507451
      0.93400000	     -9.97593102	    246.53314425	     17.31110601	     -2.28767200	      0.01022361	      2.31737970	     -0.00033611	      0.17141999	     -0.00042866	     -4.22965424	    227.84891468	    -17.35115283	     -2.29443873	      0.01050103	      2.68469892	     -0.00209489	      1.69739894	      0.00507205
      0.93500000	    -10.12399005	    245.07029231	     17.26651697	     -2.28748942	      0.01022388	      2.31734477	     -0.00035409	      0.18059426	     -0.00045160	     -4.20782987	    227.26968487	    -17.35462088	     -2.29437074	      0.01050108	      2.68470899	     -0.00209413	      1.69678437	      0.00507021
      0.93600000	    -10.26082755	    243.62631873	     17.22841873	     -2.28730978	      0.01022414	      2.31730791	     -0.00037113	      0.18928470	     -0.00047333	     -4.17314498	    226.69871777	    -17.36240287	     -2.29430640	      0.01050112	      2.68472110	     -0.00209367	      1.69640583	      0.00506908
      0.93700000	    -10.38786742	    242.20370771	     17.19714878	     -2.28713296	      0.01022439	      2.31726916	     -0.00038725	      0.19750639	     -0.00049389	     -4.12653715	    226.13573691	    -17.37440014	     -2.29424560	      0.01050116	      2.68473526	     -0.00209352	      1.69628821	      0.00506873
      0.93800000	    -10.50655696	    240.80485063	     17.17298341	     -2.28695884	      0.01022463	      2.31722857	     -0.00040249	      0.20527564	     -0.00051332	     -4.06906485	    225.58036826	    -17.39050285	     -2.29418816	      0.01050118	      2.68475141	     -0.00209373	      1.69645464	      0.00506923
      0.93900000	    -10.61833794	    239.43203305	     17.15613250	     -2.28678728	      0.01022486	      2.31718620	     -0.00041687	      0.21260952	     -0.00053166	     -4.00189851	    225.03215485	    -17.41059197	     -2.29413387	      0.01050119	      2.68476953	     -0.00209431	      1.69692604	      0.00507064
      0.94000000	    -10.72461826	    238.08742053	     17.14673505	     -2.28661814	      0.01022508	      2.31714211	     -0.00043043	      0.21952532	     -0.00054895	     -3.92631043	    224.49057218	    -17.43454106	     -2.29408248	      0.01050119	      2.68478955	     -0.00209529	      1.69772081	      0.00507301
      0.94100000	    -10.82674469	    236.77304360	     17.14485565	     -2.28645129	      0.01022529	      2.31709640	     -0.00044320	      0.22604009	     -0.00056524	     -3.84366365	    223.95504419	    -17.46221776	     -2.29403367	      0.01050119	      2.68481141	     -0.00209669	      1.69885447	      0.00507640
      0.94200000	    -10.92597713	    235.49078196	     17.15048190	     -2.28628659	      0.01022550	      2.31704914	     -0.00045522	      0.23217013	     -0.00058057	     -3.75539991	    223.42495940	    -17.49348492	     -2.29398711	      0.01050118	      2.68483503	     -0.00209852	      1.70033942	      0.00508084
      0.94300000	    -11.02346496	    234.24234818	     17.16352290	     -2.28612393	      0.01022569	      2.31700045	     -0.00046651	      0.23793053	     -0.00059497	     -3.66302663	    222.89968695	    -17.52820149	     -2.29394241	      0.01050116	      2.68486032	     -0.00210080	      1.70218464	      0.00508635
      0.94400000	    -11.12022576	    233.02927114	     17.18380878	     -2.28596322	      0.01022588	      2.31695041	     -0.00047711	      0.24333473	     -0.00060849	     -3.56810315	    222.37859219	    -17.56622315	     -2.29389917	      0.01050113	      2.68488719	     -0.00210353	      1.70439552	      0.00509296
      0.94500000	    -11.21712686	    231.85287977	     17.21109137	     -2.28580435	      0.01022607	      2.31689915	     -0.00048703	      0.24839418	     -0.00062114	     -3.47222617	    221.86105149	    -17.60740254	     -2.29385692	      0.01050110	      2.68491552	     -0.00210671	      1.70697378	      0.00510066
      0.94600000	    -11.31487005	    230.71428727	     17.24504597	     -2.28564726	      0.01022624	      2.31684678	     -0.00049629	      0.25311800	     -0.00063295	     -3.37701458	    221.34646609	    -17.65158939	     -2.29381518	      0.01050106	      2.68494521	     -0.00211034	      1.70991731	      0.00510946
      0.94700000	    -11.41397961	    229.61437645	     17.28527423	     -2.28549189	      0.01022642	      2.31679343	     -0.00050491	      0.25751267	     -0.00064394	     -3.28409382	    220.83427457	    -17.69863035	     -2.29377346	      0.01050102	      2.68497614	     -0.00211442	      1.71322024	      0.00511933
      0.94800000	    -11.51479395	    228.55378648	     17.33130812	     -2.28533823	      0.01022658	      2.31673922	     -0.00051289	      0.26158188	     -0.00065412	     -3.19507984	    220.32396401	    -17.74836863	     -2.29373121	      0.01050098	      2.68500821	     -0.00211893	      1.71687292	      0.00513024
      0.94900000	    -11.61746098	    227.53290165	     17.38261492	     -2.28518624	      0.01022674	      2.31668428	     -0.00052023	      0.26532631	     -0.00066348	     -3.11156277	    219.81507932	    -17.80064353	     -2.29368789	      0.01050093	      2.68504127	     -0.00212385	      1.72086202	      0.00514216
      0.95000000	    -11.72193727	    226.55184244	     17.43860330	     -2.28503595	      0.01022690	      2.31662875	     -0.00052693	      0.26874357	     -0.00067202	     -3.03509067	    219.30723104	    -17.85528982	     -2.29364294	      0.01050088	      2.68507522	     -0.00212917	      1.72517073	      0.00515503
      0.95100000	    -11.82799107	    225.61045946	     17.49863009	     -2.28488737	      0.01022705	      2.31657275	     -0.00053298	      0.27182815	     -0.00067974	     -2.96715321	    218.80010118	    -17.91213698	     -2.29359582	      0.01050084	      2.68510993	     -0.00213485	      1.72977887	      0.00516880
      0.95200000	    -11.93520908	    224.70833052	     17.56200805	     -2.28474054	      0.01022720	      2.31651643	     -0.00053836	      0.27457144	     -0.00068660	     -2.90916576	    218.29344727	    -17.97100849	     -2.29354594	      0.01050079	      2.68514528	     -0.00214088	      1.73466325	      0.00518340
      0.95300000	    -12.04300699	    223.84476124	     17.62801422	     -2.28459551	      0.01022734	      2.31645990	     -0.00054304	      0.27696181	     -0.00069258	     -2.86245384	    217.78710461	    -18.03172105	     -2.29349276	      0.01050075	      2.68518114	     -0.00214722	      1.73979791	      0.00519874
      0.95400000	    -12.15064351	    223.01878947	     17.69589887	     -2.28445234	      0.01022748	      2.31640330	     -0.00054701	      0.27898477	     -0.00069763	     -2.82823822	    217.28098664	    -18.09408382	     -2.29343574	      0.01050071	      2.68521739	     -0.00215383	      1.74515453	      0.00521475
      0.95500000	    -12.25723780	    222.22919360	     17.76489497	     -2.28431109	      0.01022761	      2.31634674	     -0.00055022	      0.28062320	     -0.00070173	     -2.80762080	    216.77508376	    -18.15789775	     -2.29337436	      0.01050068	      2.68525392	     -0.00216068	      1.75070285	      0.00523133
      0.95600000	    -12.36178994	    221.47450507	     17.83422802	     -2.28417182	      0.01022775	      2.31629035	     -0.00055264	      0.28185762	     -0.00070482	     -2.80157149	    216.26946038	    -18.22295501	     -2.29330813	      0.01050065	      2.68529061	     -0.00216772	      1.75641115	      0.00524839
      0.95700000	    -12.46320418	    220.75302485	     17.90312606	     -2.28403458	      0.01022787	      2.31623421	     -0.00055423	      0.28266653	     -0.00070684	     -2.81091623	    215.76425070	    -18.28903849	     -2.29323658	      0.01050063	      2.68532734	     -0.00217493	      1.76224682	      0.00526582
      0.95800000	    -12.56031453	    220.06284410	     17.97082990	     -2.28389942	      0.01022800	      2.31617844	     -0.00055493	      0.28302690	     -0.00070774	     -2.83632643	    215.25965311	    -18.35592144	     -2.29315930	      0.01050062	      2.68536400	     -0.00218224	      1.76817689	      0.00528354
      0.95900000	    -12.65191224	    219.40186869	     18.03660324	     -2.28376638	      0.01022812	      2.31612312	     -0.00055471	      0.28291462	     -0.00070746	     -2.87830990	    214.75592366	    -18.42336722	     -2.29307590	      0.01050061	      2.68540049	     -0.00218964	      1.77416863	      0.00530145
      0.96000000	    -12.73677486	    218.76784734	     18.09974266	     -2.28363545	      0.01022824	      2.31606832	     -0.00055352	      0.28230505	     -0.00070594	     -2.93720357	    214.25336861	    -18.49112929	     -2.29298608	      0.01050061	      2.68543670	     -0.00219707	      1.78019019	      0.00531944
      0.96100000	    -12.81369603	    218.15840318	     18.15958737	     -2.28350663	      0.01022836	      2.31601412	     -0.00055130	      0.28117357	     -0.00070311	     -3.01316810	    213.75233647	    -18.55895126	     -2.29288955	      0.01050063	      2.68547252	     -0.00220450	      1.78621120	      0.00533743
      0.96200000	    -12.88151583	    217.57106811	     18.21552839	     -2.28337987	      0.01022847	      2.31596056	     -0.00054801	      0.27949626	     -0.00069891	     -3.10618459	    213.25320974	    -18.62656736	     -2.29278611	      0.01050065	      2.68550786	     -0.00221190	      1.79220332	      0.00535534
      0.96300000	    -12.93915082	    217.00331961	     18.26701724	     -2.28325511	      0.01022859	      2.31590769	     -0.00054361	      0.27725041	     -0.00069330	     -3.21605358	    212.75639662	    -18.69370299	     -2.29267560	      0.01050068	      2.68554262	     -0.00221923	      1.79814086	      0.00537308
      0.96400000	    -12.98562323	    216.45261928	     18.31357379	     -2.28313223	      0.01022870	      2.31585553	     -0.00053805	      0.27441522	     -0.00068621	     -3.34239629	    212.26232303	    -18.76007572	     -2.29255796	      0.01050072	      2.68557672	     -0.00222646	      1.80400121	      0.00539059
      0.96500000	    -13.02008881	    215.91645249	     18.35479325	     -2.28301109	      0.01022881	      2.31580411	     -0.00053130	      0.27097235	     -0.00067760	     -3.48465845	    211.77142509	    -18.82539658	     -2.29243315	      0.01050078	      2.68561007	     -0.00223357	      1.80976535	      0.00540781
      0.96600000	    -13.04186256	    215.39236843	     18.39035215	     -2.28289152	      0.01022891	      2.31575342	     -0.00052333	      0.26690648	     -0.00066743	     -3.64211643	    211.28414252	    -18.88937173	     -2.29230124	      0.01050084	      2.68564258	     -0.00224055	      1.81541821	      0.00542471
      0.96700000	    -13.05044194	    214.87801970	     18.42001309	     -2.28277328	      0.01022902	      2.31570345	     -0.00051411	      0.26220587	     -0.00065568	     -3.81388599	    210.80091290	    -18.95170457	     -2.29216233	      0.01050092	      2.68567419	     -0.00224737	      1.82094895	      0.00544123
      0.96800000	    -13.04552682	    214.37120071	     18.44362831	     -2.28265613	      0.01022913	      2.31565419	     -0.00050363	      0.25686285	     -0.00064232	     -3.99893325	    210.32216715	    -19.01209829	     -2.29201662	      0.01050101	      2.68570483	     -0.00225404	      1.82635124	      0.00545738
      0.96900000	    -13.02703584	    213.86988406	     18.46114195	     -2.28253976	      0.01022923	      2.31560559	     -0.00049189	      0.25087418	     -0.00062734	     -4.19608811	    209.84832629	    -19.07025882	     -2.29186435	      0.01050111	      2.68573444	     -0.00226055	      1.83162340	      0.00547313
      0.97000000	    -12.99511864	    213.37225415	     18.47259086	     -2.28242386	      0.01022934	      2.31555763	     -0.00047889	      0.24424142	     -0.00061075	     -4.40405963	    209.37979949	    -19.12589833	     -2.29170583	      0.01050122	      2.68576298	     -0.00226690	      1.83676852	      0.00548850
      0.97100000	    -12.95016362	    212.87673720	     18.47810408	     -2.28230806	      0.01022945	      2.31551024	     -0.00046463	      0.23697115	     -0.00059257	     -4.62145347	    208.91698364	    -19.17873908	     -2.29154142	      0.01050134	      2.68579042	     -0.00227310	      1.84179441	      0.00550352
      0.97200000	    -12.89280093	    212.38202705	     18.47790087	     -2.28219197	      0.01022956	      2.31546336	     -0.00044915	      0.22907506	     -0.00057283	     -4.84679098	    208.46026425	    -19.22851777	     -2.29137152	      0.01050147	      2.68581672	     -0.00227917	      1.84671358	      0.00551822
      0.97300000	    -12.82390058	    211.88710600	     18.47228727	     -2.28207517	      0.01022967	      2.31541693	     -0.00043247	      0.22057004	     -0.00055156	     -5.07852974	    208.01001785	    -19.27499022	     -2.29119660	      0.01050161	      2.68584188	     -0.00228513	      1.85154307	      0.00553265
      0.97400000	    -12.74456554	    211.39126022	     18.46165131	     -2.28195725	      0.01022979	      2.31537087	     -0.00041465	      0.21147799	     -0.00052883	     -5.31508530	    207.56661558	    -19.31793643	     -2.29101716	      0.01050176	      2.68586591	     -0.00229101	      1.85630422	      0.00554688
      0.97500000	    -12.65611977	    210.89408922	     18.44645675	     -2.28183775	      0.01022991	      2.31532510	     -0.00039572	      0.20182568	     -0.00050469	     -5.55485368	    207.13042816	    -19.35716595	     -2.29083371	      0.01050192	      2.68588883	     -0.00229683	      1.86102234	      0.00556098
      0.97600000	    -12.56009154	    210.39550906	     18.42723564	     -2.28171621	      0.01023003	      2.31527955	     -0.00037576	      0.19164438	     -0.00047923	     -5.79623451	    206.70183176	    -19.39252334	     -2.29064682	      0.01050209	      2.68591067	     -0.00230264	      1.86572632	      0.00557503
      0.97700000	    -12.45819200	    209.89574924	     18.40457958	     -2.28159220	      0.01023016	      2.31523413	     -0.00035483	      0.18096950	     -0.00045254	     -6.03765428	    206.28121485	    -19.42389382	     -2.29045704	      0.01050226	      2.68593149	     -0.00230847	      1.87044813	      0.00558914
      0.97800000	    -12.35228957	    209.39534308	     18.37912999	     -2.28146524	      0.01023030	      2.31518876	     -0.00033301	      0.16984007	     -0.00042471	     -6.27758949	    205.86898578	    -19.45120874	     -2.29026497	      0.01050243	      2.68595136	     -0.00231436	      1.87522227	      0.00560341
      0.97900000	    -12.24438041	    208.89511169	     18.35156733	     -2.28133493	      0.01023044	      2.31514335	     -0.00031038	      0.15829820	     -0.00039584	     -6.51458931	    205.46558090	    -19.47445090	     -2.29007118	      0.01050262	      2.68597036	     -0.00232036	      1.88008512	      0.00561794
      0.98000000	    -12.13655561	    208.39614197	     18.32259971	     -2.28120082	      0.01023059	      2.31509784	     -0.00028703	      0.14638850	     -0.00036606	     -6.74729739	    205.07147297	    -19.49365940	     -2.28987626	      0.01050280	      2.68598860	     -0.00232652	      1.88507427	      0.00563285
      0.98100000	    -12.03096558	    207.89975862	     18.29295066	     -2.28106254	      0.01023075	      2.31505216	     -0.00026304	      0.13415744	     -0.00033548	     -6.97447264	    204.68717983	    -19.50893401	     -2.28968076	      0.01050299	      2.68600621	     -0.00233288	      1.89022777	      0.00564825
      0.98200000	    -11.92978240	    207.40749097	     18.26334670	     -2.28091973	      0.01023091	      2.31500623	     -0.00023853	      0.12165269	     -0.00030421	     -7.19500847	    204.31327287	    -19.52043877	     -2.28948526	      0.01050318	      2.68602331	     -0.00233949	      1.89558343	      0.00566425
      0.98300000	    -11.83516085	    206.92103502	     18.23450452	     -2.28077206	      0.01023108	      2.31496001	     -0.00021357	      0.10892253	     -0.00027237	     -7.40795027	    203.95038531	    -19.52840477	     -2.28929026	      0.01050337	      2.68604006	     -0.00234639	      1.90117804	      0.00568097
      0.98400000	    -11.74919869	    206.44221150	     18.20711825	     -2.28061925	      0.01023127	      2.31491347	     -0.00018826	      0.09601518	     -0.00024010	     -7.61251090	    203.59921991	    -19.53313199	     -2.28909628	      0.01050356	      2.68605662	     -0.00235363	      1.90704665	      0.00569850
      0.98500000	    -11.67389726	    205.97292060	     18.18184697	     -2.28046109	      0.01023146	      2.31486656	     -0.00016270	      0.08297821	     -0.00020750	     -7.80808387	    203.26055598	    -19.53498993	     -2.28890377	      0.01050375	      2.68607316	     -0.00236126	      1.91322191	      0.00571696
      0.98600000	    -11.61112288	    205.51509453	     18.15930261	     -2.28029738	      0.01023166	      2.31481928	     -0.00013697	      0.06985798	     -0.00017469	     -7.99425392	    202.93525535	    -19.53441717	     -2.28871315	      0.01050394	      2.68608988	     -0.00236929	      1.91973344	      0.00573641
      0.98700000	    -11.56256999	    205.07064867	     18.14003861	     -2.28012802	      0.01023188	      2.31477164	     -0.00011117	      0.05669912	     -0.00014178	     -8.17080505	    202.62426735	    -19.53191964	     -2.28852480	      0.01050412	      2.68610697	     -0.00237778	      1.92660722	      0.00575695
      0.98800000	    -11.52972679	    204.64143237	     18.12453945	     -2.27995294	      0.01023210	      2.31472364	     -0.00008538	      0.04354403	     -0.00010889	     -8.33772552	    202.32863225	    -19.52806757	     -2.28833904	      0.01050429	      2.68612462	     -0.00238673	      1.93386518	      0.00577864
      0.98900000	    -11.51384393	    204.22918067	     18.11321131	     -2.27977213	      0.01023233	      2.31467533	     -0.00005967	      0.03043248	     -0.00007610	     -8.49521005	    202.04948327	    -19.52349121	     -2.28815616	      0.01050446	      2.68614304	     -0.00239619	      1.94152477	      0.00580153
      0.99000000	    -11.51590715	    203.83546772	     18.10637405	     -2.27958565	      0.01023258	      2.31462675	     -0.00003412	      0.01740125	     -0.00004351	     -8.64365888	    201.78804687	    -19.51887511	     -2.28797638	      0.01050463	      2.68616244	     -0.00240615	      1.94959867	      0.00582565
      0.99100000	    -11.53661428	    203.46166326	     18.10425470	     -2.27939361	      0.01023283	      2.31457798	     -0.00000879	      0.00448380	     -0.00001121	     -8.78367377	    201.54564119	    -19.51495125	     -2.28779986	      0.01050478	      2.68618302	     -0.00241664	      1.95809463	      0.00585104
      0.99200000	    -11.57635725	    203.10889293	     18.10698261	     -2.27919618	      0.01023310	      2.31452908	      0.00001625	     -0.00828997	      0.00002073	     -8.91605088	    201.32367254	    -19.51249081	     -2.28762672	      0.01050493	      2.68620497	     -0.00242765	      1.96701543	      0.00587770
      0.99300000	    -11.63520943	    202.77800354	     18.11458640	     -2.27899357	      0.01023337	      2.31448017	      0.00004097	     -0.02089388	      0.00005225	     -9.04177045	    201.12362983	    -19.51229485	     -2.28745700	      0.01050507	      2.68622849	     -0.00243918	      1.97635885	      0.00590562
      0.99400000	    -11.71291887	    202.46953406	     18.12699286	     -2.27878607	      0.01023366	      2.31443133	      0.00006530	     -0.03330561	      0.00008328	     -9.16198341	    200.94707678	    -19.51518382	     -2.28729071	      0.01050520	      2.68625375	     -0.00245122	      1.98611789	      0.00593478
      0.99500000	    -11.80890742	    202.18369311	     18.14402779	     -2.27857398	      0.01023395	      2.31438270	      0.00008923	     -0.04550670	      0.00011379	     -9.27799496	    200.79564190	    -19.52198611	     -2.28712779	      0.01050532	      2.68628094	     -0.00246377	      1.99628098	      0.00596515
      0.99600000	    -11.92227625	    201.92034340	     18.16541886	     -2.27835764	      0.01023425	      2.31433439	      0.00011271	     -0.05748256	      0.00014374	     -9.39124523	    200.67100622	    -19.53352580	     -2.28696814	      0.01050543	      2.68631018	     -0.00247679	      2.00683229	      0.00599668
      0.99700000	    -12.05181746	    201.67899382	     18.19080044	     -2.27813744	      0.01023457	      2.31428653	      0.00013573	     -0.06922234	      0.00017310	     -9.50328728	    200.57488868	    -19.55060968	     -2.28681162	      0.01050553	      2.68634163	     -0.00249026	      2.01775218	      0.00602931
      0.99800000	    -12.19603204	    201.45879907	     18.21972029	     -2.27791378	      0.01023489	      2.31423926	      0.00015827	     -0.08071882	      0.00020185	     -9.61576261	    200.50902935	    -19.57401377	     -2.28665802	      0.01050562	      2.68637539	     -0.00250417	      2.02901771	      0.00606297
      0.99900000	    -12.35315373	    201.25856725	     18.25164808	     -2.27768707	      0.01023521	      2.31419271	      0.00018032	     -0.09196817	      0.00022998	     -9.73037451	    200.47517057	    -19.60446962	     -2.28650710	      0.01050570	      2.68641155	     -0.00251847	      2.04060315	      0.00609759
      1.00000000	    -12.52117860	    201.07677512	     18.28598545	     -2.27745773	      0.01023555	      2.31414701	      0.00020189	     -0.10296973	      0.00025749	     -9.84885965	    200.47503610	    -19.64265044	     -2.28635860	      0.01050577	      2.68645015	     -0.00253313	      2.05248069	      0.00613308
      1.00100000	    -12.69789970	    200.91159093	     18.32207751	     -2.27722617	      0.01023589	      2.31410230	      0.00022298	     -0.11372572	      0.00028438	     -9.97295821	    200.51030865	    -19.68915748	     -2.28621222	      0.01050582	      2.68649125	     -0.00254811	      2.06462109	      0.00616936
      1.00200000	    -12.88094640	    200.76090427	     18.35922551	     -2.27699280	      0.01023624	      2.31405868	      0.00024360	     -0.12424096	      0.00031068	    -10.10438310	    200.58260600	    -19.74450687	     -2.28606763	      0.01050587	      2.68653482	     -0.00256338	      2.07699445	      0.00620633
      1.00300000	    -13.06782739	    200.62236243	     18.39670031	     -2.27675801	      0.01023660	      2.31401628	      0.00026376	     -0.13452251	      0.00033639	    -10.24478875	    200.69345601	    -19.80911709	     -2.28592450	      0.01050591	      2.68658085	     -0.00257890	      2.08957101	      0.00624391
      1.00400000	    -13.25597675	    200.49341253	     18.43375647	     -2.27652216	      0.01023696	      2.31397519	      0.00028348	     -0.14457933	      0.00036154	    -10.39573988	    200.84427102	    -19.88329755	     -2.28578246	      0.01050594	      2.68662925	     -0.00259464	      2.10232189	      0.00628201
      1.00500000	    -13.44280202	    200.37134857	     18.46964655	     -2.27628557	      0.01023732	      2.31393552	      0.00030278	     -0.15442192	      0.00038615	    -10.55868097	    201.03632201	    -19.96723837	     -2.28564116	      0.01050596	      2.68667994	     -0.00261056	      2.11521992	      0.00632055
      1.00600000	    -13.62573335	    200.25336240	     18.50363535	     -2.27604854	      0.01023769	      2.31389732	      0.00032168	     -0.16406196	      0.00041026	    -10.73490685	    201.27071290	    -20.06100173	     -2.28550025	      0.01050598	      2.68673276	     -0.00262663	      2.12824037	      0.00635946
      1.00700000	    -13.80227264	    200.13659750	     18.53501372	     -2.27581131	      0.01023806	      2.31386065	      0.00034021	     -0.17351193	      0.00043389	    -10.92553500	    201.54835571	    -20.16451510	     -2.28535938	      0.01050599	      2.68678756	     -0.00264282	      2.14136165	      0.00639867
      1.00800000	    -13.97004178	    200.01820467	     18.56311169	     -2.27557407	      0.01023844	      2.31382557	      0.00035839	     -0.18278475	      0.00045707	    -11.13148015	    201.86994685	    -20.27756631	     -2.28521823	      0.01050600	      2.68684413	     -0.00265912	      2.15456599	      0.00643812
      1.00900000	    -14.12682890	    199.89539809	     18.58731047	     -2.27533699	      0.01023882	      2.31379210	      0.00037625	     -0.19189338	      0.00047985	    -11.35343162	    202.23594536	    -20.39980102	     -2.28507648	      0.01050600	      2.68690223	     -0.00267550	      2.16783997	      0.00647779
      1.01000000	    -14.27063173	    199.76551090	     18.60705315	     -2.27510015	      0.01023921	      2.31376024	      0.00039381	     -0.20085046	      0.00050225	    -11.59183394	    202.64655343	    -20.53072228	     -2.28493387	      0.01050600	      2.68696160	     -0.00269196	      2.18117504	      0.00651763
      1.01100000	    -14.39969708	    199.62604880	     18.62185379	     -2.27486360	      0.01023959	      2.31372998	      0.00041110	     -0.20966792	      0.00052430	    -11.84687127	    203.10169998	    -20.66969269	     -2.28479015	      0.01050599	      2.68702194	     -0.00270849	      2.19456789	      0.00655765
      1.01200000	    -14.51255585	    199.47474076	     18.63130470	     -2.27462734	      0.01023999	      2.31370129	      0.00042813	     -0.21835660	      0.00054603	    -12.11845582	    203.60102765	    -20.81593881	     -2.28464512	      0.01050599	      2.68708292	     -0.00272509	      2.20802071	      0.00659785
      1.01300000	    -14.60805250	    199.30958547	     18.63508176	     -2.27439132	      0.01024038	      2.31367414	      0.00044494	     -0.22692586	      0.00056745	    -12.40622082	    204.14388377	    -20.96855822	     -2.28449863	      0.01050599	      2.68714422	     -0.00274178	      2.22154140	      0.00663825
      1.01400000	    -14.68536877	    199.12889275	     18.63294770	     -2.27415543	      0.01024078	      2.31364846	      0.00046152	     -0.23538325	      0.00058860	    -12.70951819	    204.72931563	    -21.12652876	     -2.28435057	      0.01050599	      2.68720545	     -0.00275856	      2.23514357	      0.00667890
      1.01500000	    -14.74404073	    198.93131885	     18.62475329	     -2.27391953	      0.01024118	      2.31362419	      0.00047789	     -0.24373411	      0.00060949	    -13.02742108	    205.35607049	    -21.28872020	     -2.28420088	      0.01050599	      2.68726625	     -0.00277548	      2.24884651	      0.00671985
      1.01600000	    -14.78396917	    198.71589484	     18.61043638	     -2.27368346	      0.01024159	      2.31360124	      0.00049406	     -0.25198132	      0.00063011	    -13.35873133	    206.02260031	    -21.45390796	     -2.28404957	      0.01050600	      2.68732622	     -0.00279254	      2.26267495	      0.00676117
      1.01700000	    -14.80542286	    198.48204769	     18.59001889	     -2.27344700	      0.01024200	      2.31357952	      0.00051003	     -0.26012499	      0.00065047	    -13.70199194	    206.72707160	    -21.62078882	     -2.28389669	      0.01050601	      2.68738498	     -0.00280980	      2.27665872	      0.00680295
      1.01800000	    -14.80903460	    198.22961324	     18.56360186	     -2.27320993	      0.01024241	      2.31355895	      0.00052579	     -0.26816224	      0.00067057	    -14.05550428	    207.46738015	    -21.78799829	     -2.28374234	      0.01050603	      2.68744212	     -0.00282729	      2.29083230	      0.00684531
      1.01900000	    -14.79579031	    197.95884116	     18.53135860	     -2.27297201	      0.01024283	      2.31353943	      0.00054133	     -0.27608702	      0.00069039	    -14.41734992	    208.24117071	    -21.95412940	     -2.28358669	      0.01050606	      2.68749724	     -0.00284507	      2.30523422	      0.00688834
      1.02000000	    -14.76701113	    197.67039153	     18.49352621	     -2.27273299	      0.01024325	      2.31352087	      0.00055663	     -0.28388997	      0.00070990	    -14.78541673	    209.04586122	    -22.11775262	     -2.28342997	      0.01050609	      2.68754998	     -0.00286318	      2.31990633	      0.00693218
      1.02100000	    -14.72432888	    197.36532336	     18.45039557	     -2.27249260	      0.01024368	      2.31350318	      0.00057166	     -0.29155838	      0.00072908	    -15.15742883	    209.87867155	    -22.27743662	     -2.28327242	      0.01050614	      2.68759995	     -0.00288167	      2.33489302	      0.00697696
      1.02200000	    -14.66965548	    197.04507515	     18.40230014	     -2.27225063	      0.01024411	      2.31348630	      0.00058640	     -0.29907617	      0.00074788	    -15.53097985	    210.73665600	    -22.43176939	     -2.28311436	      0.01050619	      2.68764680	     -0.00290061	      2.35024027	      0.00702282
      1.02300000	    -14.60514668	    196.71143816	     18.34960371	     -2.27200683	      0.01024455	      2.31347016	      0.00060081	     -0.30642396	      0.00076625	    -15.90356906	    211.61673942	    -22.57937949	     -2.28295615	      0.01050626	      2.68769021	     -0.00292006	      2.36599470	      0.00706990
      1.02400000	    -14.53316090	    196.36652266	     18.29268748	     -2.27176102	      0.01024499	      2.31345472	      0.00061484	     -0.31357926	      0.00078414	    -16.27263942	    212.51575605	    -22.71895692	     -2.28279818	      0.01050634	      2.68772986	     -0.00294006	      2.38220257	      0.00711833
      1.02500000	    -14.45621388	    196.01271827	     18.23193669	     -2.27151304	      0.01024544	      2.31343996	      0.00062844	     -0.32051663	      0.00080149	    -16.63561719	    213.43049071	    -22.84927336	     -2.28264086	      0.01050642	      2.68776548	     -0.00296068	      2.39890870	      0.00716825
      1.02600000	    -14.37693001	    195.65264886	     18.16772717	     -2.27126276	      0.01024589	      2.31342587	      0.00064156	     -0.32720809	      0.00081822	    -16.98995208	    214.35772142	    -22.96920124	     -2.28248465	      0.01050652	      2.68779684	     -0.00298197	      2.41615543	      0.00721979
      1.02700000	    -14.29799117	    195.28912319	     18.10041197	     -2.27101012	      0.01024636	      2.31341251	      0.00065414	     -0.33362343	      0.00083426	    -17.33315725	    215.29426287	    -23.07773133	     -2.28233001	      0.01050663	      2.68782373	     -0.00300397	      2.43398159	      0.00727305
      1.02800000	    -14.22208415	    194.92508226	     18.03030858	     -2.27075511	      0.01024682	      2.31339992	      0.00066611	     -0.33973070	      0.00084954	    -17.66284835	    216.23700989	    -23.17398855	     -2.28217742	      0.01050675	      2.68784600	     -0.00302672	      2.45242148	      0.00732815
      1.02900000	    -14.15184739	    194.56354441	     17.95768681	     -2.27049776	      0.01024730	      2.31338820	      0.00067742	     -0.34549673	      0.00086396	    -17.97678088	    217.18298026	    -23.25724558	     -2.28202738	      0.01050689	      2.68786351	     -0.00305027	      2.47150396	      0.00738518
      1.03000000	    -14.08981827	    194.20754932	     17.88275774	     -2.27023820	      0.01024778	      2.31337750	      0.00068799	     -0.35088771	      0.00087744	    -18.27288495	    218.12935594	    -23.32693392	     -2.28188036	      0.01050703	      2.68787619	     -0.00307465	      2.49125154	      0.00744418
      1.03100000	    -14.03838170	    193.86010208	     17.80566411	     -2.26997661	      0.01024827	      2.31336797	      0.00069776	     -0.35586983	      0.00088989	    -18.54929700	    219.07352216	    -23.38265238	     -2.28173687	      0.01050718	      2.68788400	     -0.00309986	      2.51167965	      0.00750523
      1.03200000	    -13.99972110	    193.52411858	     17.72647209	     -2.26971323	      0.01024877	      2.31335982	      0.00070666	     -0.36040990	      0.00090125	    -18.80438755	    220.01310346	    -23.42417246	     -2.28159736	      0.01050735	      2.68788694	     -0.00312592	      2.53279596	      0.00756832
      1.03300000	    -13.97577257	    193.20237317	     17.64516505	     -2.26944840	      0.01024927	      2.31335329	      0.00071463	     -0.36447607	      0.00091142	    -19.03678469	    220.94599622	    -23.45144085	     -2.28146230	      0.01050752	      2.68788506	     -0.00315283	      2.55459983	      0.00763348
      1.03400000	    -13.96818317	    192.89744997	     17.56163921	     -2.26918250	      0.01024978	      2.31334867	      0.00072162	     -0.36803848	      0.00092032	    -19.24539258	    221.87039680	    -23.46457869	     -2.28133213	      0.01050770	      2.68787844	     -0.00318058	      2.57708195	      0.00770066
      1.03500000	    -13.97827401	    192.61169864	     17.47570147	     -2.26891603	      0.01025030	      2.31334626	      0.00072756	     -0.37106993	      0.00092790	    -19.42940488	    222.78482495	    -23.46387780	     -2.28120727	      0.01050789	      2.68786720	     -0.00320914	      2.60022400	      0.00776981
      1.03600000	    -14.00700891	    192.34719576	     17.38706946	     -2.26864951	      0.01025082	      2.31334640	      0.00073242	     -0.37354654	      0.00093410	    -19.58831252	    223.68814194	    -23.44979382	     -2.28108811	      0.01050808	      2.68785148	     -0.00323848	      2.62399862	      0.00784085
      1.03700000	    -14.05496914	    192.10571244	     17.29537402	     -2.26838355	      0.01025135	      2.31334943	      0.00073615	     -0.37544833	      0.00093885	    -19.72190598	    224.57956299	    -23.42293647	     -2.28097501	      0.01050828	      2.68783149	     -0.00326856	      2.64836939	      0.00791367
      1.03800000	    -14.12233477	    191.88868915	     17.20016388	     -2.26811883	      0.01025188	      2.31335575	      0.00073872	     -0.37675978	      0.00094213	    -19.83027181	    225.45866380	    -23.38405702	     -2.28086830	      0.01050849	      2.68780742	     -0.00329932	      2.67329105	      0.00798814
      1.03900000	    -14.20887295	    191.69721789	     17.10091279	     -2.26785608	      0.01025242	      2.31336574	      0.00074011	     -0.37747032	      0.00094391	    -19.91378360	    226.32538097	    -23.33403338	     -2.28076828	      0.01050869	      2.68777951	     -0.00333069	      2.69870986	      0.00806410
      1.04000000	    -14.31393332	    191.53203255	     16.99702877	     -2.26759608	      0.01025297	      2.31337978	      0.00074032	     -0.37757470	      0.00094417	    -19.97308752	    227.18000626	    -23.27385281	     -2.28067522	      0.01050890	      2.68774801	     -0.00336260	      2.72456411	      0.00814135
      1.04100000	    -14.43645074	    191.39350730	     16.88786559	     -2.26733967	      0.01025352	      2.31339825	      0.00073933	     -0.37707328	      0.00094292	    -20.00908277	    228.02317478	    -23.20459285	     -2.28058937	      0.01050911	      2.68771318	     -0.00339496	      2.75078480	      0.00821970
      1.04200000	    -14.57495516	    191.28166328	     16.77273598	     -2.26708772	      0.01025407	      2.31342154	      0.00073717	     -0.37597224	      0.00094016	    -20.02289738	    228.85584726	    -23.12740056	     -2.28051092	      0.01050932	      2.68767529	     -0.00342768	      2.77729643	      0.00829892
      1.04300000	    -14.72758858	    191.19618342	     16.65092666	     -2.26684114	      0.01025462	      2.31344999	      0.00073386	     -0.37428363	      0.00093594	    -20.01585973	    229.67928662	    -23.04347065	     -2.28044005	      0.01050953	      2.68763463	     -0.00346066	      2.80401801	      0.00837877
      1.04400000	    -14.89212878	    191.13643515	     16.52171471	     -2.26660087	      0.01025518	      2.31348392	      0.00072944	     -0.37202532	      0.00093029	    -19.98946662	    230.49502929	    -22.95402277	     -2.28037692	      0.01050974	      2.68759147	     -0.00349379	      2.83086411	      0.00845899
      1.04500000	    -15.06601934	    191.10150062	     16.38438501	     -2.26636786	      0.01025574	      2.31352361	      0.00072394	     -0.36922089	      0.00092328	    -19.94534839	    231.30485182	    -22.86027856	     -2.28032164	      0.01050994	      2.68754607	     -0.00352697	      2.85774612	      0.00853932
      1.04600000	    -15.24640544	    191.09021370	     16.23824839	     -2.26614308	      0.01025629	      2.31356930	      0.00071742	     -0.36589932	      0.00091497	    -19.88523191	    232.11073315	    -22.76343874	     -2.28027431	      0.01051014	      2.68749871	     -0.00356008	      2.88457355	      0.00861948
      1.04700000	    -15.43017492	    191.10120333	     16.08266016	     -2.26592751	      0.01025684	      2.31362117	      0.00070996	     -0.36209464	      0.00090546	    -19.81090225	    232.91481354	    -22.66466089	     -2.28023501	      0.01051034	      2.68744962	     -0.00359301	      2.91125546	      0.00869921
      1.04800000	    -15.61400356	    191.13294210	     15.91703855	     -2.26572211	      0.01025739	      2.31367937	      0.00070163	     -0.35784543	      0.00089483	    -19.72416387	    233.71935062	    -22.56503817	     -2.28020380	      0.01051053	      2.68739905	     -0.00362565	      2.93770183	      0.00877824
      1.04900000	    -15.79440415	    191.18379942	     15.74088276	     -2.26552784	      0.01025793	      2.31374394	      0.00069251	     -0.35319429	      0.00088320	    -19.62680222	    234.52667355	    -22.46557961	     -2.28018071	      0.01051071	      2.68734720	     -0.00365789	      2.96382513	      0.00885630
      1.05000000	    -15.96777802	    191.25209805	     15.55379012	     -2.26534563	      0.01025847	      2.31381491	      0.00068270	     -0.34818721	      0.00087068	    -19.52054638	    235.33913612	    -22.36719219	     -2.28016576	      0.01051089	      2.68729427	     -0.00368963	      2.98954173	      0.00893314
      1.05100000	    -16.13046862	    191.33617304	     15.35547220	     -2.26517640	      0.01025899	      2.31389219	      0.00067228	     -0.34287288	      0.00085739	    -19.40703393	    236.15906971	    -22.27066535	     -2.28015897	      0.01051106	      2.68724043	     -0.00372077	      3.01477337	      0.00900854
      1.05200000	    -16.27881575	    191.43443178	     15.14576938	     -2.26502101	      0.01025951	      2.31397565	      0.00066135	     -0.33730197	      0.00084346	    -19.28777839	    236.98873705	    -22.17665787	     -2.28016033	      0.01051122	      2.68718582	     -0.00375122	      3.03944853	      0.00908227
      1.05300000	    -16.40921001	    191.54541416	     14.92466360	     -2.26488031	      0.01026001	      2.31406508	      0.00065003	     -0.33152637	      0.00082902	    -19.16414025	    237.83028757	    -22.08568785	     -2.28016981	      0.01051137	      2.68713057	     -0.00378091	      3.06350374	      0.00915415
      1.05400000	    -16.51814622	    191.66785133	     14.69228906	     -2.26475509	      0.01026049	      2.31416020	      0.00063841	     -0.32559848	      0.00081420	    -19.03730201	    238.68571538	    -21.99812556	     -2.28018739	      0.01051152	      2.68707476	     -0.00380976	      3.08688470	      0.00922401
      1.05500000	    -16.60227521	    191.80072210	     14.44894065	     -2.26464608	      0.01026095	      2.31426069	      0.00062659	     -0.31957041	      0.00079912	    -18.90824790	    239.55682056	    -21.91418961	     -2.28021302	      0.01051165	      2.68701847	     -0.00383773	      3.10954728	      0.00929173
      1.05600000	    -16.65845307	    191.94330559	     14.19507969	     -2.26455397	      0.01026140	      2.31436611	      0.00061467	     -0.31349332	      0.00078393	    -18.77774852	    240.44517448	    -21.83394640	     -2.28024664	      0.01051178	      2.68696174	     -0.00386478	      3.13145838	      0.00935721
      1.05700000	    -16.68378712	    192.09522907	     13.93133712	     -2.26447936	      0.01026182	      2.31447603	      0.00060276	     -0.30741673	      0.00076873	    -18.64635086	    241.35208992	    -21.75731289	     -2.28028819	      0.01051190	      2.68690462	     -0.00389086	      3.15259647	      0.00942037
      1.05800000	    -16.67567796	    192.25650989	     13.65851372	     -2.26442283	      0.01026222	      2.31458990	      0.00059094	     -0.30138792	      0.00075366	    -18.51437371	    242.27859642	    -21.68406265	     -2.28033757	      0.01051201	      2.68684710	     -0.00391599	      3.17295202	      0.00948119
      1.05900000	    -16.63185689	    192.42759052	     13.37757756	     -2.26438485	      0.01026258	      2.31470718	      0.00057930	     -0.29545145	      0.00073881	    -18.38190866	    243.22542141	    -21.61383504	     -2.28039467	      0.01051211	      2.68678920	     -0.00394015	      3.19252764	      0.00953969
      1.06000000	    -16.55041829	    192.60936591	     13.08965843	     -2.26436585	      0.01026292	      2.31482727	      0.00056792	     -0.28964868	      0.00072430	    -18.24882645	    244.19297737	    -21.54614742	     -2.28045937	      0.01051221	      2.68673088	     -0.00396336	      3.21133806	      0.00959590
      1.06100000	    -16.42984637	    192.80320239	     12.79603951	     -2.26436617	      0.01026323	      2.31494952	      0.00055688	     -0.28401751	      0.00071022	    -18.11478850	    245.18135543	    -21.48041007	     -2.28053151	      0.01051229	      2.68667214	     -0.00398567	      3.22940980	      0.00964990
      1.06200000	    -16.26903616	    193.01094761	     12.49814628	     -2.26438608	      0.01026350	      2.31507328	      0.00054624	     -0.27859218	      0.00069665	    -17.97926341	    246.19032521	    -21.41594359	     -2.28061093	      0.01051237	      2.68661295	     -0.00400710	      3.24678072	      0.00970180
      1.06300000	    -16.06730826	    193.23493105	     12.19753275	     -2.26442578	      0.01026373	      2.31519789	      0.00053607	     -0.27340312	      0.00068368	    -17.84154778	    247.21934131	    -21.35199839	     -2.28069741	      0.01051244	      2.68655328	     -0.00402774	      3.26349929	      0.00975176
      1.06400000	    -15.82441749	    193.47795491	     11.89586536	     -2.26448540	      0.01026393	      2.31532266	      0.00052641	     -0.26847702	      0.00067136	    -17.70079102	    248.26755591	    -21.28777598	     -2.28079072	      0.01051251	      2.68649311	     -0.00404764	      3.27962381	      0.00979994
      1.06500000	    -15.54055525	    193.74327531	     11.59490461	     -2.26456498	      0.01026408	      2.31544692	      0.00051731	     -0.26383691	      0.00065976	    -17.55602340	    249.33383751	    -21.22245162	     -2.28089061	      0.01051257	      2.68643243	     -0.00406689	      3.29522126	      0.00984655
      1.06600000	    -15.21634567	    194.03457370	     11.29648484	     -2.26466449	      0.01026419	      2.31557001	      0.00050881	     -0.25950229	      0.00064892	    -17.40618669	    250.41679541	    -21.15519790	     -2.28099677	      0.01051262	      2.68637124	     -0.00408558	      3.31036625	      0.00989181
      1.06700000	    -14.85283572	    194.35591897	     11.00249238	     -2.26478382	      0.01026426	      2.31569128	      0.00050094	     -0.25548946	      0.00063888	    -17.25016674	    251.51480932	    -21.08520887	     -2.28110889	      0.01051266	      2.68630955	     -0.00410381	      3.32513960	      0.00993595
      1.06800000	    -14.45147953	    194.71172034	     10.71484250	     -2.26492281	      0.01026429	      2.31581012	      0.00049373	     -0.25181179	      0.00062968	    -17.08682717	    252.62606370	    -21.01172419	     -2.28122659	      0.01051271	      2.68624740	     -0.00412169	      3.33962704	      0.00997924
      1.06900000	    -14.01411700	    195.10667175	     10.43545542	     -2.26508119	      0.01026427	      2.31592593	      0.00048720	     -0.24848003	      0.00062135	    -16.91504349	    253.74858609	    -20.93405290	     -2.28134948	      0.01051274	      2.68618484	     -0.00413933	      3.35391766	      0.01002194
      1.07000000	    -13.54294724	    195.54568825	     10.16623191	     -2.26525865	      0.01026420	      2.31603817	      0.00048136	     -0.24550276	      0.00061391	    -16.73373692	    254.88028883	    -20.85159638	     -2.28147713	      0.01051277	      2.68612195	     -0.00415684	      3.36810246	      0.01006433
      1.07100000	    -13.04049724	    196.03383519	      9.90902878	     -2.26545480	      0.01026408	      2.31614633	      0.00047623	     -0.24288667	      0.00060737	    -16.54190715	    256.01901332	    -20.76387002	     -2.28160909	      0.01051280	      2.68605884	     -0.00417433	      3.38227276	      0.01010667
      1.07200000	    -12.50958612	    196.57625119	      9.66563470	     -2.26566916	      0.01026392	      2.31624996	      0.00047182	     -0.24063706	      0.00060174	    -16.33866353	    257.16257614	    -20.67052334	     -2.28174485	      0.01051282	      2.68599563	     -0.00419191	      3.39651873	      0.01014924
      1.07300000	    -11.95328557	    197.17806580	      9.43774676	     -2.26590122	      0.01026371	      2.31634864	      0.00046814	     -0.23875807	      0.00059704	    -16.12325384	    258.30881618	    -20.57135809	     -2.28188391	      0.01051283	      2.68593249	     -0.00420969	      3.41092788	      0.01019230
      1.07400000	    -11.37487713	    197.84431312	      9.22694804	     -2.26615039	      0.01026346	      2.31644202	      0.00046519	     -0.23725312	      0.00059328	    -15.89509029	    259.45564193	    -20.46634413	     -2.28202571	      0.01051285	      2.68586960	     -0.00422778	      3.42558370	      0.01023609
      1.07500000	    -10.77780685	    198.57984260	      9.03468663	     -2.26641601	      0.01026316	      2.31652981	      0.00046297	     -0.23612513	      0.00059046	    -15.65377206	    260.60107823	    -20.35563266	     -2.28216970	      0.01051286	      2.68580720	     -0.00424627	      3.44056434	      0.01028085
      1.07600000	    -10.16563794	    199.38922846	      8.86225634	     -2.26669737	      0.01026281	      2.31661177	      0.00046151	     -0.23537681	      0.00058859	    -15.39910413	    261.74331153	    -20.23956668	     -2.28231529	      0.01051286	      2.68574553	     -0.00426525	      3.45594149	      0.01032680
      1.07700000	     -9.54200229	    200.27667926	      8.71077944	     -2.26699372	      0.01026242	      2.31668772	      0.00046079	     -0.23501089	      0.00058767	    -15.13111192	    262.88073291	    -20.11868841	     -2.28246188	      0.01051286	      2.68568488	     -0.00428479	      3.47177931	      0.01037413
      1.07800000	     -8.91055140	    201.24594914	      8.58119173	     -2.26730422	      0.01026199	      2.31675753	      0.00046083	     -0.23503021	      0.00058772	    -14.85005157	    264.01197816	    -19.99374350	     -2.28260888	      0.01051286	      2.68562554	     -0.00430498	      3.48813366	      0.01042300
      1.07900000	     -8.27490760	    202.30025241	      8.47423008	     -2.26762802	      0.01026151	      2.31682114	      0.00046163	     -0.23543792	      0.00058874	    -14.55641573	    265.13596426	    -19.86568198	     -2.28275568	      0.01051285	      2.68556785	     -0.00432586	      3.50505138	      0.01047355
      1.08000000	     -7.63861617	    203.44218321	      8.39042284	     -2.26796420	      0.01026099	      2.31687852	      0.00046319	     -0.23623753	      0.00059074	    -14.25093475	    266.25192148	    -19.73565598	     -2.28290168	      0.01051283	      2.68551217	     -0.00434748	      3.52256989	      0.01052590
      1.08100000	     -7.00509927	    204.67364178	      8.33008318	     -2.26831180	      0.01026044	      2.31692971	      0.00046554	     -0.23743296	      0.00059373	    -13.93457342	    267.35942073	    -19.60501406	     -2.28304630	      0.01051282	      2.68545888	     -0.00436987	      3.54071685	      0.01058012
      1.08200000	     -6.37761226	    205.99576914	      8.29330550	     -2.26866981	      0.01025985	      2.31697480	      0.00046867	     -0.23902855	      0.00059772	    -13.60852320	    268.45839570	    -19.47529243	     -2.28318896	      0.01051279	      2.68540837	     -0.00439307	      3.55951014	      0.01063628
      1.08300000	     -5.75920331	    207.40889142	      8.27996524	     -2.26903719	      0.01025923	      2.31701390	      0.00047259	     -0.24102913	      0.00060272	    -13.27419037	    269.54915929	    -19.34820309	     -2.28332911	      0.01051276	      2.68536104	     -0.00441707	      3.57895800	      0.01069439
      1.08400000	     -5.15267675	    208.91247550	      8.28972180	     -2.26941288	      0.01025858	      2.31704717	      0.00047732	     -0.24344002	      0.00060875	    -12.93318022	    270.63241424	    -19.22561914	     -2.28346622	      0.01051272	      2.68531731	     -0.00444188	      3.59905926	      0.01075446
      1.08500000	     -4.56056097	    210.50509699	      8.32202495	     -2.26979577	      0.01025789	      2.31707481	      0.00048286	     -0.24626705	      0.00061582	    -12.58727775	    271.70925780	    -19.10955734	     -2.28359981	      0.01051267	      2.68527760	     -0.00446748	      3.61980389	      0.01081645
      1.08600000	     -3.98508131	    212.18442152	      8.37612440	     -2.27018472	      0.01025719	      2.31709702	      0.00048923	     -0.24951666	      0.00062395	    -12.23842522	    272.78118026	    -19.00215838	     -2.28372942	      0.01051262	      2.68524234	     -0.00449386	      3.64117358	      0.01088030
      1.08700000	     -3.42813848	    213.94720023	      8.45108256	     -2.27057858	      0.01025646	      2.31711404	      0.00049644	     -0.25319593	      0.00063315	    -11.88869704	    273.85005743	    -18.90566489	     -2.28385466	      0.01051256	      2.68521193	     -0.00452097	      3.66314247	      0.01094595
      1.08800000	     -2.89129289	    215.78927986	      8.54579030	     -2.27097618	      0.01025571	      2.31712611	      0.00050452	     -0.25731268	      0.00064344	    -11.54027247	    274.91813722	    -18.82239758	     -2.28397516	      0.01051248	      2.68518678	     -0.00454878	      3.68567798	      0.01101329
      1.08900000	     -2.37575510	    217.70562767	      8.65898541	     -2.27137633	      0.01025494	      2.31713350	      0.00051346	     -0.26187560	      0.00065485	    -11.19540668	    275.98802049	    -18.75472985	     -2.28409062	      0.01051240	      2.68516729	     -0.00457725	      3.70874174	      0.01108220
      1.09000000	     -1.88238260	    219.69037123	      8.78927357	     -2.27177784	      0.01025416	      2.31713645	      0.00052330	     -0.26689438	      0.00066740	    -10.85640057	    277.06263648	    -18.70506111	     -2.28420080	      0.01051230	      2.68515381	     -0.00460631	      3.73229053	      0.01115257
      1.09100000	     -1.41168298	    221.73685276	      8.93515150	     -2.27217953	      0.01025337	      2.31713522	      0.00053406	     -0.27237980	      0.00068112	    -10.52556995	    278.14521325	    -18.67578924	     -2.28430552	      0.01051219	      2.68514669	     -0.00463591	      3.75627731	      0.01122425
      1.09200000	     -0.96382316	    223.83769736	      9.09503175	     -2.27258019	      0.01025257	      2.31713005	      0.00054575	     -0.27834396	      0.00069603	    -10.20521454	    279.23924338	    -18.66928245	     -2.28440466	      0.01051207	      2.68514624	     -0.00466600	      3.78065222	      0.01129708
      1.09300000	     -0.53864466	    225.98489424	      9.26726894	     -2.27297865	      0.01025177	      2.31712118	      0.00055841	     -0.28480030	      0.00071218	     -9.89758720	    280.34844569	    -18.68785110	     -2.28449818	      0.01051194	      2.68515273	     -0.00469649	      3.80536360	      0.01137092
      1.09400000	     -0.13568423	    228.16988987	      9.45018672	     -2.27337375	      0.01025096	      2.31710882	      0.00057207	     -0.29176384	      0.00072959	     -9.60486397	    281.47672322	    -18.73371956	     -2.28458610	      0.01051179	      2.68516639	     -0.00472734	      3.83035902	      0.01144561
      1.09500000	      0.24580046	    230.38369164	      9.64210527	     -2.27376434	      0.01025016	      2.31709315	      0.00058675	     -0.29925122	      0.00074831	     -9.32911513	    282.62811825	    -18.80899881	     -2.28466850	      0.01051162	      2.68518741	     -0.00475848	      3.85558625	      0.01152099
      1.09600000	      0.60680085	    232.61698023	      9.84136843	     -2.27414932	      0.01024936	      2.31707436	      0.00060249	     -0.30728083	      0.00076839	     -9.07227785	    283.80676491	    -18.91565985	     -2.28474555	      0.01051144	      2.68521593	     -0.00478984	      3.88099425	      0.01159692
      1.09700000	      0.94852398	    234.86022909	     10.04637039	     -2.27452761	      0.01024856	      2.31705258	      0.00061934	     -0.31587285	      0.00078988	     -8.83613071	    285.01684002	    -19.05550852	     -2.28481749	      0.01051125	      2.68525203	     -0.00482136	      3.90653405	      0.01167323
      1.09800000	      1.27235618	    237.10382875	     10.25558113	     -2.27489818	      0.01024777	      2.31702792	      0.00063733	     -0.32504940	      0.00081282	     -8.62227040	    286.26251284	    -19.23016182	     -2.28488462	      0.01051103	      2.68529573	     -0.00485298	      3.93215963	      0.01174980
      1.09900000	      1.57982488	    239.33821413	     10.46757026	     -2.27526004	      0.01024699	      2.31700048	      0.00065651	     -0.33483448	      0.00083729	     -8.43209093	    287.54789442	    -19.44102634	     -2.28494729	      0.01051080	      2.68534702	     -0.00488466	      3.95782874	      0.01182651
      1.10000000	      1.87255937	    241.55399244	     10.68102884	     -2.27561226	      0.01024623	      2.31697029	      0.00067694	     -0.34525405	      0.00086335	     -8.26676549	    288.87698732	    -19.68927880	     -2.28500596	      0.01051056	      2.68540581	     -0.00491635	      3.98350362	      0.01190323
      1.10100000	      2.15225137	    243.74206956	     10.89478874	     -2.27595399	      0.01024548	      2.31693739	      0.00069867	     -0.35633602	      0.00089106	     -8.12723133	    290.25363642	    -19.97584918	     -2.28506111	      0.01051029	      2.68547195	     -0.00494801	      4.00915169	      0.01197987
      1.10200000	      2.42061631	    245.89377268	     11.10783935	     -2.27628442	      0.01024474	      2.31690176	      0.00072176	     -0.36811018	      0.00092050	     -8.01417766	    291.68148147	    -20.30140649	     -2.28511332	      0.01051001	      2.68554524	     -0.00497959	      4.03474614	      0.01205635
      1.10300000	      2.67935608	    248.00096713	     11.31934114	     -2.27660282	      0.01024402	      2.31686336	      0.00074626	     -0.38060825	      0.00095176	     -7.92803671	    293.16391217	    -20.66634738	     -2.28516318	      0.01050971	      2.68562542	     -0.00501109	      4.06026647	      0.01213260
      1.10400000	      2.93012404	    250.05616528	     11.52863606	     -2.27690857	      0.01024332	      2.31682213	      0.00077225	     -0.39386378	      0.00098490	     -7.86897818	    294.70402624	    -21.07078773	     -2.28521138	      0.01050939	      2.68571218	     -0.00504248	      4.08569892	      0.01220860
      1.10500000	      3.17449288	    252.05262586	     11.73525447	     -2.27720108	      0.01024263	      2.31677796	      0.00079980	     -0.40791214	      0.00102003	     -7.83690687	    296.30459116	    -21.51455711	     -2.28525863	      0.01050905	      2.68580514	     -0.00507375	      4.11103683	      0.01228431
      1.10600000	      3.41392597	    253.98444184	     11.93891865	     -2.27747990	      0.01024197	      2.31673073	      0.00082897	     -0.42279044	      0.00105724	     -7.83146366	    297.96800994	    -21.99719632	     -2.28530569	      0.01050870	      2.68590388	     -0.00510491	      4.13628089	      0.01235975
      1.10700000	      3.64975251	    255.84661560	     12.13954269	     -2.27774465	      0.01024132	      2.31668030	      0.00085985	     -0.43853747	      0.00109661	     -7.85202971	    299.69629135	    -22.51795761	     -2.28535336	      0.01050833	      2.68600794	     -0.00513596	      4.16143933	      0.01243492
      1.10800000	      3.88314694	    257.63512014	     12.33722891	     -2.27799503	      0.01024070	      2.31662652	      0.00089250	     -0.45519370	      0.00113827	     -7.89773378	    301.49102487	    -23.07580782	     -2.28540247	      0.01050794	      2.68611680	     -0.00516692	      4.18652796	      0.01250989
      1.10900000	      4.11511269	    259.34694539	     12.53226090	     -2.27823085	      0.01024009	      2.31656922	      0.00092703	     -0.47280108	      0.00118229	     -7.96746249	    303.35336040	    -23.66943408	     -2.28545387	      0.01050754	      2.68622990	     -0.00519783	      4.21157011	      0.01258472
      1.11000000	      4.34647042	    260.98012896	     12.72509320	     -2.27845204	      0.01023951	      2.31650820	      0.00096350	     -0.49140307	      0.00122881	     -8.05987346	    305.28399280	    -24.29725192	     -2.28550842	      0.01050712	      2.68634667	     -0.00522871	      4.23659649	      0.01265950
      1.11100000	      4.57785082	    262.53377105	     12.91633808	     -2.27865859	      0.01023894	      2.31644330	      0.00100201	     -0.51104442	      0.00127793	     -8.17341092	    307.28315127	    -24.95741570	     -2.28556702	      0.01050669	      2.68646648	     -0.00525963	      4.26164486	      0.01273435
      1.11200000	      4.80969177	    264.00803326	     13.10674938	     -2.27885061	      0.01023839	      2.31637432	      0.00104265	     -0.53177113	      0.00132976	     -8.30632371	    309.35059321	    -25.64783115	     -2.28563055	      0.01050625	      2.68658870	     -0.00529062	      4.28675969	      0.01280940
      1.11300000	      5.04223977	    265.40412161	     13.29720404	     -2.27902830	      0.01023786	      2.31630109	      0.00108551	     -0.55363022	      0.00138442	     -8.45668523	    311.48560250	    -26.36616965	     -2.28569987	      0.01050579	      2.68671267	     -0.00532176	      4.31199166	      0.01288479
      1.11400000	      5.27555531	    266.72425417	     13.48868149	     -2.27919195	      0.01023734	      2.31622344	      0.00113068	     -0.57666958	      0.00144203	     -8.62241506	    313.68699173	    -27.10988432	     -2.28577586	      0.01050533	      2.68683771	     -0.00535312	      4.33739707	      0.01296071
      1.11500000	      5.50952191	    267.97161390	     13.68224138	     -2.27934195	      0.01023684	      2.31614122	      0.00117827	     -0.60093779	      0.00150272	     -8.80130176	    315.95310820	    -27.87622754	     -2.28585935	      0.01050485	      2.68696316	     -0.00538476	      4.36303725	      0.01303732
      1.11600000	      5.74385847	    269.15028762	     13.87900007	     -2.27947877	      0.01023636	      2.31605430	      0.00122836	     -0.62648381	      0.00156660	     -8.99102670	    318.28184315	    -28.66226976	     -2.28595116	      0.01050436	      2.68708833	     -0.00541678	      4.38897778	      0.01311484
      1.11700000	      5.97813440	    270.26519233	     14.08010634	     -2.27960295	      0.01023588	      2.31596256	      0.00128105	     -0.65335677	      0.00163380	     -9.18918826	    320.67064396	    -29.46491961	     -2.28605205	      0.01050387	      2.68721255	     -0.00544925	      4.41528787	      0.01319345
      1.11800000	      6.21178730	    271.32198990	     14.28671675	     -2.27971512	      0.01023542	      2.31586592	      0.00133643	     -0.68160559	      0.00170443	     -9.39332618	    323.11652882	    -30.28094493	     -2.28616276	      0.01050336	      2.68733516	     -0.00548227	      4.44203947	      0.01327339
      1.11900000	      6.44414256	    272.32699180	     14.49997118	     -2.27981595	      0.01023497	      2.31576434	      0.00139461	     -0.71127863	      0.00177864	     -9.60094576	    325.61610371	    -31.10699482	     -2.28628397	      0.01050285	      2.68745550	     -0.00551592	      4.46930659	      0.01335487
      1.12000000	      6.67443445	    273.28705539	     14.72096891	     -2.27990621	      0.01023453	      2.31565778	      0.00145568	     -0.74242331	      0.00185652	     -9.80954150	    328.16558117	    -31.93962241	     -2.28641628	      0.01050234	      2.68757295	     -0.00555030	      4.49716449	      0.01343811
      1.12100000	      6.90182842	    274.20947347	     14.95074572	     -2.27998668	      0.01023409	      2.31554627	      0.00151972	     -0.77508564	      0.00193819	    -10.01661996	    330.76080075	    -32.77530831	     -2.28656024	      0.01050182	      2.68768688	     -0.00558550	      4.52568892	      0.01352335
      1.12200000	      7.12544382	    275.10185882	     15.19025245	     -2.28005819	      0.01023366	      2.31542985	      0.00158683	     -0.80930981	      0.00202377	    -10.21972182	    333.39725099	    -33.61048454	     -2.28671634	      0.01050130	      2.68779674	     -0.00562162	      4.55495539	      0.01361080
      1.12300000	      7.34437690	    275.97202574	     15.44033528	     -2.28012161	      0.01023323	      2.31530862	      0.00165707	     -0.84513762	      0.00211337	    -10.41644265	    336.07009275	    -34.44155888	     -2.28688498	      0.01050078	      2.68790196	     -0.00565875	      4.58503845	      0.01370069
      1.12400000	      7.55772353	    276.82787033	     15.70171809	     -2.28017782	      0.01023281	      2.31518271	      0.00173054	     -0.88260804	      0.00220706	    -10.60445270	    338.77418413	    -35.26493950	     -2.28706647	      0.01050025	      2.68800204	     -0.00569698	      4.61601101	      0.01379324
      1.12500000	      7.76460109	    277.67725140	     15.97498725	     -2.28022771	      0.01023238	      2.31505228	      0.00180730	     -0.92175663	      0.00230496	    -10.78151535	    341.50410686	    -36.07705976	     -2.28726106	      0.01049973	      2.68809650	     -0.00573639	      4.64794371	      0.01388866
      1.12600000	      7.96416938	    278.52787395	     16.26057888	     -2.28027217	      0.01023196	      2.31491753	      0.00188741	     -0.96261501	      0.00240713	    -10.94550439	    344.25419443	    -36.87440306	     -2.28746889	      0.01049921	      2.68818491	     -0.00577707	      4.68090429	      0.01398715
      1.12700000	      8.15564998	    279.38717675	     16.55876893	     -2.28031208	      0.01023153	      2.31477871	      0.00197093	     -1.00521037	      0.00251365	    -11.09441999	    347.01856208	    -37.65352766	     -2.28769003	      0.01049869	      2.68826689	     -0.00581909	      4.71495707	      0.01408891
      1.12800000	      8.33834396	    280.26222591	     16.86966598	     -2.28034829	      0.01023111	      2.31463609	      0.00205790	     -1.04956486	      0.00262456	    -11.22640350	    349.79113879	    -38.41109115	     -2.28792442	      0.01049818	      2.68834209	     -0.00586254	      4.75016238	      0.01419410
      1.12900000	      8.51164743	    281.15961580	     17.19320699	     -2.28038162	      0.01023068	      2.31448998	      0.00214835	     -1.09569514	      0.00273991	    -11.33975097	    352.56570151	    -39.14387460	     -2.28817196	      0.01049767	      2.68841023	     -0.00590749	      4.78657613	      0.01430291
      1.13000000	      8.67506501	    282.08537892	     17.52915589	     -2.28041287	      0.01023024	      2.31434071	      0.00224230	     -1.14361182	      0.00285974	    -11.43292543	    355.33591166	    -39.84880606	     -2.28843242	      0.01049717	      2.68847107	     -0.00595398	      4.82424936	      0.01441548
      1.13100000	      8.82822088	    283.04490574	     17.87710496	     -2.28044278	      0.01022980	      2.31418866	      0.00233976	     -1.19331894	      0.00298403	    -11.50456798	    358.09535398	    -40.52298322	     -2.28870548	      0.01049667	      2.68852442	     -0.00600209	      4.86322786	      0.01453196
      1.13200000	      8.97086736	    284.04287589	     18.23647888	     -2.28047202	      0.01022936	      2.31403420	      0.00244072	     -1.24481350	      0.00311280	    -11.55350762	    360.83757779	    -41.16369516	     -2.28899074	      0.01049618	      2.68857015	     -0.00605185	      4.90355176	      0.01465245
      1.13300000	      9.10289102	    285.08320130	     18.60654139	     -2.28050123	      0.01022891	      2.31387775	      0.00254517	     -1.29808500	      0.00324601	    -11.57876976	    363.55614039	    -41.76844277	     -2.28928772	      0.01049570	      2.68860817	     -0.00610332	      4.94525527	      0.01477707
      1.13400000	      9.22431628	    286.16898221	     18.98640421	     -2.28053098	      0.01022846	      2.31371971	      0.00265307	     -1.35311502	      0.00338362	    -11.57958347	    366.24465247	    -42.33495793	     -2.28959583	      0.01049523	      2.68863846	     -0.00615653	      4.98836631	      0.01490589
      1.13500000	      9.33530651	    287.30247632	     19.37503812	     -2.28056176	      0.01022800	      2.31356053	      0.00276437	     -1.40987682	      0.00352556	    -11.55538727	    368.89682523	    -42.86122091	     -2.28991441	      0.01049477	      2.68866103	     -0.00621150	      5.03290630	      0.01503898
      1.13600000	      9.43616283	    288.48508143	     19.77128598	     -2.28059402	      0.01022753	      2.31340064	      0.00287899	     -1.46833513	      0.00367174	    -11.50583354	    371.50651861	    -43.34547602	     -2.29024273	      0.01049432	      2.68867597	     -0.00626825	      5.07888993	      0.01517638
      1.13700000	      9.52732068	    289.71733140	     20.17387729	     -2.28062813	      0.01022707	      2.31324047	      0.00299685	     -1.52844583	      0.00382206	    -11.43079129	    374.06779027	    -43.78624520	     -2.29057997	      0.01049388	      2.68868339	     -0.00632680	      5.12632500	      0.01531813
      1.13800000	      9.60934428	    290.99890544	     20.58144408	     -2.28066439	      0.01022660	      2.31308047	      0.00311784	     -1.59015588	      0.00397637	    -11.33034740	    376.57494459	    -44.18233933	     -2.29092526	      0.01049346	      2.68868347	     -0.00638713	      5.17521235	      0.01546421
      1.13900000	      9.68291934	    292.32865007	     20.99253790	     -2.28070306	      0.01022612	      2.31292106	      0.00324185	     -1.65340318	      0.00413453	    -11.20480608	    379.02258089	    -44.53286722	     -2.29127767	      0.01049304	      2.68867641	     -0.00644925	      5.22554581	      0.01561461
      1.14000000	      9.74884397	    293.70461332	     21.40564751	     -2.28074431	      0.01022564	      2.31276266	      0.00336874	     -1.71811661	      0.00429635	    -11.05468659	    381.40564012	    -44.83724194	     -2.29163621	      0.01049264	      2.68866248	     -0.00651314	      5.27731230	      0.01576930
      1.14100000	      9.80801823	    295.12409037	     21.81921697	     -2.28078828	      0.01022517	      2.31260568	      0.00349834	     -1.78421610	      0.00446164	    -10.88071905	    383.71944923	    -45.09518455	     -2.29199983	      0.01049225	      2.68864196	     -0.00657877	      5.33049190	      0.01592820
      1.14200000	      9.86143242	    296.58367965	     22.23166397	     -2.28083506	      0.01022469	      2.31245050	      0.00363048	     -1.85161280	      0.00463018	    -10.68383842	    385.95976222	    -45.30672489	     -2.29236748	      0.01049188	      2.68861520	     -0.00664612	      5.38505808	      0.01609125
      1.14300000	      9.91015440	    298.07934829	     22.64139808	     -2.28088469	      0.01022421	      2.31229749	      0.00376498	     -1.92020934	      0.00480171	    -10.46517656	    388.12279721	    -45.47219962	     -2.29273806	      0.01049152	      2.68858254	     -0.00671513	      5.44097799	      0.01625835
      1.14400000	      9.95531610	    299.60650579	     23.04683866	     -2.28093718	      0.01022373	      2.31214699	      0.00390163	     -1.98990016	      0.00497598	    -10.22605249	    390.20526866	    -45.59224720	     -2.29311044	      0.01049117	      2.68854440	     -0.00678577	      5.49821274	      0.01642938
      1.14500000	      9.99809947	    301.16008450	     23.44643218	     -2.28099249	      0.01022325	      2.31199931	      0.00404019	     -2.06057201	      0.00515270	     -9.96796070	    392.20441412	    -45.66780004	     -2.29348350	      0.01049084	      2.68850118	     -0.00685798	      5.55671782	      0.01660420
      1.14600000	     10.03972216	    302.73462547	     23.83866882	     -2.28105057	      0.01022277	      2.31185475	      0.00418045	     -2.13210447	      0.00533158	     -9.69255784	    394.11801488	    -45.70007384	     -2.29385609	      0.01049053	      2.68845333	     -0.00693169	      5.61644355	      0.01678266
      1.14700000	     10.08142295	    304.32436830	     24.22209804	     -2.28111135	      0.01022230	      2.31171356	      0.00432214	     -2.20437063	      0.00551229	     -9.40164760	    395.94440995	    -45.69055413	     -2.29422710	      0.01049022	      2.68840130	     -0.00700684	      5.67733554	      0.01696462
      1.14800000	     10.12444745	    305.92334339	     24.59534301	     -2.28117474	      0.01022183	      2.31157597	      0.00446501	     -2.27723784	      0.00569450	     -9.09716420	    397.68250309	    -45.64098044	     -2.29459540	      0.01048994	      2.68834557	     -0.00708336	      5.73933526	      0.01714988
      1.14900000	     10.17003385	    307.52546528	     24.95711358	     -2.28124065	      0.01022137	      2.31144218	      0.00460879	     -2.35056863	      0.00587787	     -8.78115442	    399.33176258	    -45.55332795	     -2.29495991	      0.01048966	      2.68828662	     -0.00716117	      5.80238051	      0.01733827
      1.15000000	     10.21939928	    309.12462540	     25.30621787	     -2.28130896	      0.01022091	      2.31131236	      0.00475321	     -2.42422157	      0.00606205	     -8.45575855	    400.89221359	    -45.42978716	     -2.29531956	      0.01048940	      2.68822492	     -0.00724019	      5.86640607	      0.01752958
      1.15100000	     10.27372669	    310.71478300	     25.64157206	     -2.28137959	      0.01022046	      2.31118663	      0.00489797	     -2.49805235	      0.00624667	     -8.12319033	    402.36442332	    -45.27274156	     -2.29567333	      0.01048916	      2.68816099	     -0.00732033	      5.93134422	      0.01772363
      1.15200000	     10.33415242	    312.29005287	     25.96220857	     -2.28145243	      0.01022001	      2.31106511	      0.00504279	     -2.57191488	      0.00643137	     -7.78571627	    403.74947900	    -45.08474379	     -2.29602024	      0.01048893	      2.68809530	     -0.00740152	      5.99712534	      0.01792019
      1.15300000	     10.40175461	    313.84478853	     26.26728238	     -2.28152740	      0.01021957	      2.31094788	      0.00518739	     -2.64566238	      0.00661579	     -7.44563443	    405.04895934	    -44.86849032	     -2.29635937	      0.01048871	      2.68802834	     -0.00748366	      6.06367844	      0.01811906
      1.15400000	     10.47754257	    315.37365990	     26.55607560	     -2.28160442	      0.01021914	      2.31083499	      0.00533147	     -2.71914861	      0.00679955	     -7.10525313	    406.26489980	    -44.62679509	     -2.29668985	      0.01048850	      2.68796060	     -0.00756666	      6.13093168	      0.01832002
      1.15500000	     10.56244707	    316.87172435	     26.82800031	     -2.28168344	      0.01021871	      2.31072645	      0.00547476	     -2.79222906	      0.00698230	     -6.76686966	    407.39975235	    -44.36256234	     -2.29701086	      0.01048831	      2.68789254	     -0.00765044	      6.19881281	      0.01852286
      1.15600000	     10.65731176	    318.33449023	     27.08259958	     -2.28176442	      0.01021829	      2.31062228	      0.00561698	     -2.86476216	      0.00716367	     -6.43274934	    408.45634039	    -44.07875881	     -2.29732169	      0.01048813	      2.68782463	     -0.00773490	      6.26724955	      0.01872736
      1.15700000	     10.76288566	    319.75797228	     27.31954693	     -2.28184733	      0.01021788	      2.31052245	      0.00575786	     -2.93661052	      0.00734334	     -6.10510528	    409.43780965	    -43.77838575	     -2.29762165	      0.01048796	      2.68775732	     -0.00781996	      6.33616992	      0.01893330
      1.15800000	     10.87981686	    321.13873822	     27.53864421	     -2.28193218	      0.01021747	      2.31042694	      0.00589713	     -3.00764211	      0.00752096	     -5.78607881	    410.34757574	    -43.46445093	     -2.29791015	      0.01048780	      2.68769102	     -0.00790553	      6.40550251	      0.01914048
      1.15900000	     11.00864735	    322.47394618	     27.73981799	     -2.28201900	      0.01021708	      2.31033568	      0.00603455	     -3.07773146	      0.00769623	     -5.47772105	    411.18926932	    -43.13994111	     -2.29818668	      0.01048765	      2.68762616	     -0.00799152	      6.47517671	      0.01934867
      1.16000000	     11.14980919	    323.76137265	     27.92311470	     -2.28210782	      0.01021668	      2.31024861	      0.00616990	     -3.14676074	      0.00786884	     -5.18197558	    411.96667962	    -42.80779518	     -2.29845079	      0.01048752	      2.68756312	     -0.00807784	      6.54512286	      0.01955768
      1.16100000	     11.30362177	    324.99943099	     28.08869459	     -2.28219871	      0.01021630	      2.31016567	      0.00630295	     -3.21462087	      0.00803854	     -4.90066244	    412.68369724	    -42.47087821	     -2.29870213	      0.01048739	      2.68750229	     -0.00816442	      6.61527248	      0.01976729
      1.16200000	     11.47029042	    326.18718033	     28.23682464	     -2.28229174	      0.01021592	      2.31008677	      0.00643352	     -3.28121242	      0.00820506	     -4.63546350	    413.34425717	    -42.13195696	     -2.29894040	      0.01048727	      2.68744400	     -0.00825117	      6.68555845	      0.01997732
      1.16300000	     11.64990614	    327.32432531	     28.36787071	     -2.28238703	      0.01021554	      2.31001184	      0.00656143	     -3.34644654	      0.00836818	     -4.38790931	    413.95228295	    -41.79367678	     -2.29916540	      0.01048716	      2.68738858	     -0.00833800	      6.75591513	      0.02018755
      1.16400000	     11.84244662	    328.41120674	     28.48228894	     -2.28248468	      0.01021518	      2.30994078	      0.00668652	     -3.41024562	      0.00852772	     -4.15936745	    414.51163287	    -41.45854037	     -2.29937698	      0.01048705	      2.68733632	     -0.00842484	      6.82627860	      0.02039781
      1.16500000	     12.04777831	    329.44878371	     28.58061665	     -2.28258481	      0.01021481	      2.30987352	      0.00680867	     -3.47254390	      0.00868350	     -3.95103236	    415.02604931	    -41.12888859	     -2.29957509	      0.01048695	      2.68728752	     -0.00851161	      6.89658680	      0.02060790
      1.16600000	     12.26565966	    330.43860770	     28.66346292	     -2.28268757	      0.01021445	      2.30980997	      0.00692777	     -3.53328790	      0.00883540	     -3.76391681	    415.49911196	    -40.80688337	     -2.29975973	      0.01048686	      2.68724240	     -0.00859824	      6.96677970	      0.02081764
      1.16700000	     12.49574548	    331.38278906	     28.73149893	     -2.28279309	      0.01021409	      2.30975008	      0.00704374	     -3.59243661	      0.00898331	     -3.59884485	    415.93419596	    -40.49449306	     -2.29993100	      0.01048677	      2.68720120	     -0.00868466	      7.03679947	      0.02102687
      1.16800000	     12.73759225	    332.28395673	     28.78544834	     -2.28290152	      0.01021374	      2.30969376	      0.00715653	     -3.64996164	      0.00912716	     -3.45644633	    416.33443574	    -40.19348023	     -2.30008903	      0.01048669	      2.68716409	     -0.00877080	      7.10659062	      0.02123542
      1.16900000	     12.99066448	    333.14521179	     28.82607778	     -2.28301300	      0.01021339	      2.30964096	      0.00726611	     -3.70584706	      0.00926691	     -3.33715303	    416.70269532	    -39.90539192	     -2.30023404	      0.01048661	      2.68713126	     -0.00885658	      7.17610014	      0.02144312
      1.17000000	     13.25434192	    333.97007545	     28.85418755	     -2.28312768	      0.01021304	      2.30959164	      0.00737246	     -3.76008913	      0.00940254	     -3.24119623	    417.04154557	    -39.63155250	     -2.30036629	      0.01048653	      2.68710283	     -0.00894196	      7.24527755	      0.02164983
      1.17100000	     13.52792775	    334.76243249	     28.87060275	     -2.28324569	      0.01021270	      2.30954574	      0.00747561	     -3.81269587	      0.00953409	     -3.16860599	    417.35324907	    -39.37305916	     -2.30048612	      0.01048645	      2.68707891	     -0.00902687	      7.31407502	      0.02185541
      1.17200000	     13.81065749	    335.52647064	     28.87616488	     -2.28336716	      0.01021235	      2.30950324	      0.00757559	     -3.86368637	      0.00966160	     -3.11921189	    417.63975265	    -39.13077984	     -2.30059391	      0.01048638	      2.68705958	     -0.00911125	      7.38244734	      0.02205971
      1.17300000	     14.10170874	    336.26661695	     28.87172399	     -2.28349219	      0.01021201	      2.30946411	      0.00767245	     -3.91309006	      0.00978514	     -3.09264540	    417.90268783	    -38.90535384	     -2.30069008	      0.01048630	      2.68704489	     -0.00919506	      7.45035195	      0.02226262
      1.17400000	     14.40021160	    336.98747169	     28.85813140	     -2.28362089	      0.01021167	      2.30942834	      0.00776628	     -3.96094573	      0.00990481	     -3.08834398	    418.14337907	    -38.69719487	     -2.30077509	      0.01048623	      2.68703486	     -0.00927824	      7.51774887	      0.02246401
      1.17500000	     14.70525975	    337.69374072	     28.83623311	     -2.28375334	      0.01021133	      2.30939590	      0.00785717	     -4.00730048	      0.01002072	     -3.10555663	    418.36285956	    -38.50649647	     -2.30084946	      0.01048615	      2.68702948	     -0.00936074	      7.58460063	      0.02266377
      1.17600000	     15.01592208	    338.39016696	     28.80686387	     -2.28388959	      0.01021099	      2.30936680	      0.00794522	     -4.05220850	      0.01013302	     -3.14335130	    418.56189401	    -38.33323984	     -2.30091373	      0.01048607	      2.68702873	     -0.00944254	      7.65087223	      0.02286180
      1.17700000	     15.33125491	    339.08146193	     28.77084174	     -2.28402968	      0.01021065	      2.30934102	      0.00803056	     -4.09572976	      0.01024185	     -3.20062367	    418.74100807	    -38.17720372	     -2.30096845	      0.01048599	      2.68703254	     -0.00952357	      7.71653102	      0.02305800
      1.17800000	     15.65031448	    339.77223781	     28.72896346	     -2.28417363	      0.01021031	      2.30931858	      0.00811330	     -4.13792872	      0.01034738	     -3.27610771	    418.90052344	    -38.03797636	     -2.30101422	      0.01048591	      2.68704082	     -0.00960381	      7.78154654	      0.02325227
      1.17900000	     15.97216975	    340.46694119	     28.68200022	     -2.28432143	      0.01020997	      2.30929947	      0.00819358	     -4.17887291	      0.01044976	     -3.36838762	    419.04059795	    -37.91496934	     -2.30105165	      0.01048583	      2.68705347	     -0.00968322	      7.84589044	      0.02344454
      1.18000000	     16.29591531	    341.16978898	     28.63069407	     -2.28447303	      0.01020963	      2.30928369	      0.00827153	     -4.21863152	      0.01054918	     -3.47591111	    419.16126970	    -37.80743298	     -2.30108136	      0.01048574	      2.68707035	     -0.00976177	      7.90953627	      0.02363472
      1.18100000	     16.62068405	    341.88470746	     28.57575477	     -2.28462839	      0.01020930	      2.30927124	      0.00834730	     -4.25727409	      0.01064581	     -3.59700414	    419.26250425	    -37.71447322	     -2.30110397	      0.01048565	      2.68709131	     -0.00983943	      7.97245933	      0.02382275
      1.18200000	     16.94565961	    342.61527523	     28.51785719	     -2.28478741	      0.01020896	      2.30926212	      0.00842101	     -4.29486915	      0.01073982	     -3.72988662	    419.34424374	    -37.63506965	     -2.30112013	      0.01048556	      2.68711616	     -0.00991617	      8.03463642	      0.02400854
      1.18300000	     17.27008808	    343.36467072	     28.45763901	     -2.28494996	      0.01020863	      2.30925632	      0.00849280	     -4.33148302	      0.01083138	     -3.87268928	    419.40645707	    -37.56809452	     -2.30113046	      0.01048546	      2.68714470	     -0.00999196	      8.09604567	      0.02419204
      1.18400000	     17.59328896	    344.13562527	     28.39569889	     -2.28511592	      0.01020830	      2.30925381	      0.00856279	     -4.36717860	      0.01092064	     -4.02347129	    419.44918984	    -37.51233239	     -2.30113559	      0.01048536	      2.68717673	     -0.01006678	      8.15666620	      0.02437318
      1.18500000	     17.91466498	    344.93038209	     28.33259493	     -2.28528511	      0.01020797	      2.30925458	      0.00863109	     -4.40201436	      0.01100775	     -4.18023868	    419.47261306	    -37.46650018	     -2.30113616	      0.01048525	      2.68721200	     -0.01014059	      8.21647790	      0.02455191
      1.18600000	     18.23371054	    345.75066205	     28.26884336	     -2.28545734	      0.01020764	      2.30925859	      0.00869782	     -4.43604340	      0.01109285	     -4.34096315	    419.47706948	    -37.42926745	     -2.30113277	      0.01048514	      2.68725029	     -0.01021339	      8.27546106	      0.02472815
      1.18700000	     18.55001858	    346.59763666	     28.20491763	     -2.28563238	      0.01020732	      2.30926580	      0.00876305	     -4.46931265	      0.01117604	     -4.50360123	    419.46311655	    -37.39927667	     -2.30112601	      0.01048503	      2.68729131	     -0.01028514	      8.33359609	      0.02490187
      1.18800000	     18.86328567	    347.47190879	     28.14124763	     -2.28581001	      0.01020699	      2.30927615	      0.00882687	     -4.50186226	      0.01125743	     -4.66611350	    419.43156487	    -37.37516315	     -2.30111647	      0.01048491	      2.68733482	     -0.01035582	      8.39086312	      0.02507299
      1.18900000	     19.17331512	    348.37350148	     28.07821919	     -2.28598994	      0.01020667	      2.30928956	      0.00888934	     -4.53372504	      0.01133711	     -4.82648368	    419.38351131	    -37.35557455	     -2.30110470	      0.01048479	      2.68738054	     -0.01042540	      8.44724171	      0.02524146
      1.19000000	     19.48001808	    349.30185514	     28.01617378	     -2.28617191	      0.01020636	      2.30930595	      0.00895052	     -4.56492619	      0.01141513	     -4.98273717	    419.32036584	    -37.33918960	     -2.30109123	      0.01048466	      2.68742818	     -0.01049386	      8.50271048	      0.02540721
      1.19100000	     19.78341245	    350.25583332	     27.95540845	     -2.28635560	      0.01020605	      2.30932521	      0.00901043	     -4.59548309	      0.01149154	     -5.13295918	    419.24387161	    -37.32473578	     -2.30107657	      0.01048453	      2.68747747	     -0.01056116	      8.55724680	      0.02557017
      1.19200000	     20.08361962	    351.23373700	     27.89617597	     -2.28654069	      0.01020574	      2.30934724	      0.00906910	     -4.62540531	      0.01156637	     -5.27531173	    419.15611745	    -37.31100587	     -2.30106119	      0.01048440	      2.68752812	     -0.01062729	      8.61082649	      0.02573027
      1.19300000	     20.38085911	    352.23332733	     27.83868517	     -2.28672685	      0.01020544	      2.30937188	      0.00912653	     -4.65469477	      0.01163961	     -5.40804976	    419.05954265	    -37.29687302	     -2.30104555	      0.01048426	      2.68757984	     -0.01069220	      8.66342359	      0.02588744
      1.19400000	     20.67544108	    353.25185664	     27.78310152	     -2.28691372	      0.01020514	      2.30939900	      0.00918271	     -4.68334605	      0.01171126	     -5.52953582	    418.95693358	    -37.28130414	     -2.30103006	      0.01048413	      2.68763235	     -0.01075587	      8.71501012	      0.02604158
      1.19500000	     20.96775689	    354.28610730	     27.72954785	     -2.28710093	      0.01020484	      2.30942842	      0.00923761	     -4.71134684	      0.01178128	     -5.63825326	    418.85141215	    -37.26337163	     -2.30101511	      0.01048399	      2.68768538	     -0.01081825	      8.76555586	      0.02619262
      1.19600000	     21.25826780	    355.33243789	     27.67810540	     -2.28728810	      0.01020456	      2.30945996	      0.00929120	     -4.73867853	      0.01184962	     -5.73281772	    418.74641615	    -37.24226308	     -2.30100103	      0.01048384	      2.68773865	     -0.01087931	      8.81502830	      0.02634045
      1.19700000	     21.54749214	    356.38683611	     27.62881502	     -2.28747485	      0.01020427	      2.30949343	      0.00934343	     -4.76531696	      0.01191623	     -5.81198684	    418.64567154	    -37.21728895	     -2.30098817	      0.01048370	      2.68779191	     -0.01093900	      8.86339254	      0.02648497
      1.19800000	     21.83599099	    357.44497771	     27.58167855	     -2.28766078	      0.01020400	      2.30952862	      0.00939424	     -4.79123320	      0.01198104	     -5.87466791	    418.55315706	    -37.18788815	     -2.30097679	      0.01048356	      2.68784489	     -0.01099728	      8.91061126	      0.02662607
      1.19900000	     22.12435283	    358.50229051	     27.53666055	     -2.28784547	      0.01020373	      2.30956531	      0.00944358	     -4.81639450	      0.01204396	     -5.91992355	    418.47306153	    -37.15363136	     -2.30096715	      0.01048341	      2.68789735	     -0.01105409	      8.95664485	      0.02676362
      1.20000000	     22.41317731	    359.55402258	     27.49369010	     -2.28802853	      0.01020346	      2.30960327	      0.00949136	     -4.84076528	      0.01210490	     -5.94697529	    418.40973452	    -37.11422228	     -2.30095948	      0.01048327	      2.68794907	     -0.01110939	      9.00145155	      0.02689751
      1.20100000	     22.70305856	    360.59531371	     27.45266295	     -2.28820955	      0.01020320	      2.30964228	      0.00953752	     -4.86430821	      0.01216377	     -5.95520501	    418.36763102	    -37.06949657	     -2.30095396	      0.01048312	      2.68799982	     -0.01116312	      9.04498762	      0.02702760
      1.20200000	     22.99456827	    361.62126903	     27.41344385	     -2.28838811	      0.01020295	      2.30968210	      0.00958198	     -4.88698530	      0.01222048	     -5.94415435	    418.35125102	    -37.01941886	     -2.30095075	      0.01048298	      2.68804942	     -0.01121523	      9.08720771	      0.02715376
      1.20300000	     23.28823893	    362.62703360	     27.37586910	     -2.28856382	      0.01020271	      2.30972249	      0.00962468	     -4.90875906	      0.01227493	     -5.91352210	    418.36507501	    -36.96407759	     -2.30095000	      0.01048283	      2.68809767	     -0.01126565	      9.12806515	      0.02727585
      1.20400000	     23.58454768	    363.60786709	     27.33974922	     -2.28873626	      0.01020247	      2.30976322	      0.00966553	     -4.92959371	      0.01232703	     -5.86315970	    418.41349657	    -36.90367815	     -2.30095180	      0.01048269	      2.68814442	     -0.01131434	      9.16751244	      0.02739372
      1.20500000	     23.88390076	    364.55921710	     27.30487188	     -2.28890504	      0.01020225	      2.30980407	      0.00970447	     -4.94945630	      0.01237670	     -5.79306491	    418.50075321	    -36.83853420	     -2.30095623	      0.01048255	      2.68818951	     -0.01136122	      9.20550170	      0.02750724
      1.20600000	     24.18661933	    365.47679016	     27.27100488	     -2.28906978	      0.01020202	      2.30984479	      0.00974145	     -4.96831786	      0.01242386	     -5.70337392	    418.63085691	    -36.76905759	     -2.30096337	      0.01048241	      2.68823283	     -0.01140625	      9.24198516	      0.02761625
      1.20700000	     24.49292645	    366.35661934	     27.23789920	     -2.28923011	      0.01020181	      2.30988520	      0.00977643	     -4.98615445	      0.01246846	     -5.59435205	    418.80752547	    -36.69574692	     -2.30097325	      0.01048228	      2.68827428	     -0.01144936	      9.27691575	      0.02772063
      1.20800000	     24.80293591	    367.19512716	     27.20529214	     -2.28938567	      0.01020161	      2.30992508	      0.00980935	     -5.00294820	      0.01251046	     -5.46638330	    419.03411644	    -36.61917510	     -2.30098589	      0.01048214	      2.68831378	     -0.01149050	      9.31024759	      0.02782023
      1.20900000	     25.11664279	    367.98918306	     27.17291053	     -2.28953610	      0.01020141	      2.30996424	      0.00984022	     -5.01868817	      0.01254982	     -5.31995909	    419.31356457	    -36.53997609	     -2.30100131	      0.01048201	      2.68835126	     -0.01152961	      9.34193658	      0.02791492
      1.21000000	     25.43391614	    368.73615427	     27.14047381	     -2.28968110	      0.01020122	      2.31000253	      0.00986900	     -5.03337117	      0.01258654	     -5.15566633	    419.64832454	    -36.45883115	     -2.30101947	      0.01048188	      2.68838671	     -0.01156664	      9.37194090	      0.02800458
      1.21100000	     25.75449387	    369.43394926	     27.10769731	     -2.28982036	      0.01020104	      2.31003979	      0.00989573	     -5.04700242	      0.01262062	     -4.97417533	    420.04031991	    -36.37645474	     -2.30104038	      0.01048176	      2.68842011	     -0.01160154	      9.40022150	      0.02808909
      1.21200000	     26.07797984	    370.08105320	     27.07429529	     -2.28995359	      0.01020087	      2.31007588	      0.00992042	     -5.05959614	      0.01265211	     -4.77622772	    420.49089963	    -36.29358038	     -2.30106397	      0.01048164	      2.68845146	     -0.01163428	      9.42674258	      0.02816833
      1.21300000	     26.40384342	    370.67655457	     27.03998412	     -2.29008053	      0.01020071	      2.31011070	      0.00994313	     -5.07117594	      0.01268107	     -4.56262462	    421.00080296	    -36.21094676	     -2.30109021	      0.01048152	      2.68848081	     -0.01166480	      9.45147206	      0.02824223
      1.21400000	     26.73142129	    371.22016276	     27.00448524	     -2.29020097	      0.01020055	      2.31014415	      0.00996391	     -5.08177512	      0.01270757	     -4.33421553	    421.57013384	    -36.12928410	     -2.30111903	      0.01048140	      2.68850822	     -0.01169307	      9.47438193	      0.02831069
      1.21500000	     27.05992158	    371.71221621	     26.96752809	     -2.29031469	      0.01020041	      2.31017618	      0.00998285	     -5.09143676	      0.01273173	     -4.09188795	    422.19834504	    -36.04930117	     -2.30115034	      0.01048128	      2.68853374	     -0.01171907	      9.49544870	      0.02837364
      1.21600000	     27.38843019	    372.15368096	     26.92885291	     -2.29042153	      0.01020028	      2.31020673	      0.01000006	     -5.10021370	      0.01275368	     -3.83655797	    422.88423285	    -35.97167294	     -2.30118407	      0.01048117	      2.68855748	     -0.01174277	      9.51465372	      0.02843102
      1.21700000	     27.71591921	    372.54613959	     26.88821324	     -2.29052133	      0.01020016	      2.31023580	      0.01001566	     -5.10816832	      0.01277357	     -3.56916202	    423.62594217	    -35.89702919	     -2.30122012	      0.01048106	      2.68857954	     -0.01176416	      9.53198352	      0.02848281
      1.21800000	     28.04125717	    372.89177072	     26.84537840	     -2.29061398	      0.01020004	      2.31026337	      0.01002979	     -5.11537217	      0.01279159	     -3.29064972	    424.42098217	    -35.82594397	     -2.30125836	      0.01048095	      2.68860005	     -0.01178323	      9.54743016	      0.02852896
      1.21900000	     28.36322113	    373.19331924	     26.80013560	     -2.29069941	      0.01019994	      2.31028949	      0.01004260	     -5.12190549	      0.01280793	     -3.00197794	    425.26625219	    -35.75892624	     -2.30129867	      0.01048085	      2.68861912	     -0.01179996	      9.56099144	      0.02856949
      1.22000000	     28.68051008	    373.45405785	     26.75229180	     -2.29077755	      0.01019985	      2.31031419	      0.01005426	     -5.12785650	      0.01282281	     -2.70410595	    426.15807726	    -35.69641153	     -2.30134090	      0.01048074	      2.68863690	     -0.01181438	      9.57267123	      0.02860439
      1.22100000	     28.99175975	    373.67774020	     26.70167544	     -2.29084840	      0.01019977	      2.31033754	      0.01006498	     -5.13332065	      0.01283647	     -2.39799159	    427.09225258	    -35.63875483	     -2.30138491	      0.01048064	      2.68865354	     -0.01182648	      9.58247970	      0.02863370
      1.22200000	     29.29555826	    373.86854653	     26.64813766	     -2.29091196	      0.01019970	      2.31035963	      0.01007494	     -5.13839973	      0.01284917	     -2.08458829	    428.06409595	    -35.58622459	     -2.30143051	      0.01048053	      2.68866919	     -0.01183630	      9.59043350	      0.02865746
      1.22300000	     29.59046249	    374.03102267	     26.59155336	     -2.29096827	      0.01019964	      2.31038056	      0.01008435	     -5.14320084	      0.01286118	     -1.76484288	    429.06850698	    -35.53899795	     -2.30147753	      0.01048043	      2.68868398	     -0.01184386	      9.59655599	      0.02867576
      1.22400000	     29.87501482	    374.17001311	     26.53182186	     -2.29101739	      0.01019960	      2.31040045	      0.01009344	     -5.14783527	      0.01287277	     -1.43969383	    430.10003182	    -35.49715718	     -2.30152575	      0.01048033	      2.68869807	     -0.01184919	      9.60087736	      0.02868867
      1.22500000	     30.14776001	    374.29058960	     26.46886723	     -2.29105943	      0.01019956	      2.31041944	      0.01010242	     -5.15241738	      0.01288422	     -1.11006996	    431.15293210	    -35.46068720	     -2.30157496	      0.01048023	      2.68871160	     -0.01185234	      9.60343476	      0.02869631
      1.22600000	     30.40726181	    374.39797615	     26.40263821	     -2.29109449	      0.01019954	      2.31043767	      0.01011153	     -5.15706325	      0.01289584	     -0.77688917	    432.22125649	    -35.42947444	     -2.30162492	      0.01048013	      2.68872470	     -0.01185338	      9.60427236	      0.02869882
      1.22700000	     30.65211916	    374.49747182	     26.33310787	     -2.29112272	      0.01019953	      2.31045530	      0.01012099	     -5.16188948	      0.01290791	     -0.44105732	    433.29891361	    -35.40330668	     -2.30167538	      0.01048003	      2.68873749	     -0.01185235	      9.60344145	      0.02869633
      1.22800000	     30.88098163	    374.59437251	     26.26027289	     -2.29114426	      0.01019953	      2.31047248	      0.01013104	     -5.16701186	      0.01292072	     -0.10346687	    434.37974474	    -35.38187411	     -2.30172608	      0.01047993	      2.68875009	     -0.01184934	      9.60100035	      0.02868904
      1.22900000	     31.09256392	    374.69389307	     26.18415258	     -2.29115930	      0.01019954	      2.31048937	      0.01014188	     -5.17254404	      0.01293455	      0.23500472	    435.45759532	    -35.36477146	     -2.30177674	      0.01047983	      2.68876258	     -0.01184442	      9.59701445	      0.02867713
      1.23000000	     31.28565910	    374.80109097	     26.10478764	     -2.29116799	      0.01019956	      2.31050616	      0.01015375	     -5.17859632	      0.01294969	      0.57349704	    436.52638381	    -35.35150110	     -2.30182707	      0.01047973	      2.68877506	     -0.01183768	      9.59155605	      0.02866082
      1.23100000	     31.45915049	    374.92079287	     26.02223873	     -2.29117055	      0.01019960	      2.31052300	      0.01016684	     -5.18527439	      0.01296639	      0.91116919	    437.58016715	    -35.34147713	     -2.30187677	      0.01047963	      2.68878759	     -0.01182923	      9.58470413	      0.02864034
      1.23200000	     31.61202194	    375.05752519	     25.93658487	     -2.29116715	      0.01019965	      2.31054005	      0.01018136	     -5.19267822	      0.01298490	      1.24720288	    438.61320182	    -35.33403038	     -2.30192555	      0.01047953	      2.68880021	     -0.01181916	      9.57654416	      0.02861596
      1.23300000	     31.74336629	    375.21545011	     25.84792184	     -2.29115800	      0.01019971	      2.31055748	      0.01019748	     -5.20090097	      0.01300546	      1.58080606	    439.61999966	    -35.32841423	     -2.30197310	      0.01047943	      2.68881296	     -0.01180758	      9.56716763	      0.02858794
      1.23400000	     31.85239205	    375.39830786	     25.75636049	     -2.29114328	      0.01019979	      2.31057542	      0.01021538	     -5.21002803	      0.01302829	      1.91121725	    440.59537786	    -35.32381124	     -2.30201912	      0.01047934	      2.68882584	     -0.01179463	      9.55667165	      0.02855658
      1.23500000	     31.93842808	    375.60936651	     25.66202512	     -2.29112318	      0.01019987	      2.31059403	      0.01023520	     -5.22013619	      0.01305356	      2.23771031	    441.53450244	    -35.31934058	     -2.30206329	      0.01047925	      2.68883884	     -0.01178042	      9.54515840	      0.02852218
      1.23600000	     32.00092624	    375.85138001	     25.56505197	     -2.29109789	      0.01019997	      2.31061343	      0.01025707	     -5.23129291	      0.01308146	      2.55959975	    442.43292491	    -35.31406618	     -2.30210533	      0.01047915	      2.68885195	     -0.01176509	      9.53273452	      0.02848505
      1.23700000	     32.03946211	    376.12655539	     25.46558773	     -2.29106757	      0.01020008	      2.31063374	      0.01028112	     -5.24355568	      0.01311213	      2.87624642	    443.28661177	    -35.30700563	     -2.30214493	      0.01047907	      2.68886512	     -0.01174877	      9.51951044	      0.02844554
      1.23800000	     32.05373367	    376.43652945	     25.36378828	     -2.29103238	      0.01020020	      2.31065506	      0.01030742	     -5.25697160	      0.01314567	      3.18706324	    444.09196676	    -35.29713973	     -2.30218182	      0.01047898	      2.68887828	     -0.01173160	      9.50559974	      0.02840397
      1.23900000	     32.04355814	    376.78235549	     25.25981753	     -2.29099247	      0.01020034	      2.31067747	      0.01033606	     -5.27157696	      0.01318220	      3.49152115	    444.84584592	    -35.28342264	     -2.30221574	      0.01047890	      2.68889137	     -0.01171373	      9.49111836	      0.02836070
      1.24000000	     32.00886720	    377.16450021	     25.15384632	     -2.29094797	      0.01020048	      2.31070105	      0.01036708	     -5.28739702	      0.01322176	      3.78915468	    445.54556561	    -35.26479248	     -2.30224643	      0.01047882	      2.68890430	     -0.01169529	      9.47618393	      0.02831607
      1.24100000	     31.94970060	    377.58285058	     25.04605149	     -2.29089899	      0.01020064	      2.31072585	      0.01040050	     -5.30444590	      0.01326439	      4.07956731	    446.18890388	    -35.24018244	     -2.30227365	      0.01047875	      2.68891697	     -0.01167645	      9.46091498	      0.02827045
      1.24200000	     31.86619863	    378.03673078	     24.93661506	     -2.29084563	      0.01020081	      2.31075192	      0.01043635	     -5.32272654	      0.01331010	      4.36243620	    446.77409549	    -35.20853219	     -2.30229721	      0.01047869	      2.68892927	     -0.01165734	      9.44543021	      0.02822417
      1.24300000	     31.75859369	    378.52492849	     24.82572344	     -2.29078797	      0.01020099	      2.31077927	      0.01047459	     -5.34223085	      0.01335887	      4.63751626	    447.29982121	    -35.16879956	     -2.30231690	      0.01047863	      2.68894108	     -0.01163811	      9.42984773	      0.02817761
      1.24400000	     31.62720115	    379.04573017	     24.71356676	     -2.29072609	      0.01020119	      2.31080792	      0.01051519	     -5.36293990	      0.01341066	      4.90464326	    447.76519185	    -35.11997233	     -2.30233258	      0.01047857	      2.68895230	     -0.01161890	      9.41428431	      0.02813111
      1.24500000	     31.47241001	    379.59696442	     24.60033828	     -2.29066005	      0.01020139	      2.31083785	      0.01055810	     -5.38482427	      0.01346538	      5.16373605	    448.16972783	    -35.06108007	     -2.30234408	      0.01047853	      2.68896278	     -0.01159986	      9.39885472	      0.02808500
      1.24600000	     31.29467358	    380.17605254	     24.48623386	     -2.29058987	      0.01020161	      2.31086905	      0.01060324	     -5.40784450	      0.01352295	      5.41479757	    448.51333480	    -34.99120580	     -2.30235132	      0.01047849	      2.68897242	     -0.01158112	      9.38367103	      0.02803963
      1.24700000	     31.09450049	    380.78006523	     24.37145142	     -2.29051561	      0.01020183	      2.31090148	      0.01065051	     -5.43195157	      0.01358323	      5.65791465	    448.79627614	    -34.90949737	     -2.30235419	      0.01047846	      2.68898109	     -0.01156282	      9.36884196	      0.02799532
      1.24800000	     30.87244639	    381.40578419	     24.25619051	     -2.29043727	      0.01020207	      2.31093510	      0.01069979	     -5.45708758	      0.01364609	      5.89325653	    449.01914325	    -34.81517822	     -2.30235265	      0.01047844	      2.68898868	     -0.01154508	      9.35447231	      0.02795238
      1.24900000	     30.62910649	    382.04976738	     24.14065173	     -2.29035490	      0.01020232	      2.31096985	      0.01075096	     -5.48318639	      0.01371135	      6.12107210	    449.18282411	    -34.70755760	     -2.30234665	      0.01047843	      2.68899508	     -0.01152804	      9.34066233	      0.02791111
      1.25000000	     30.36510928	    382.70841663	     24.02503623	     -2.29026849	      0.01020258	      2.31100566	      0.01080388	     -5.51017446	      0.01377884	      6.34168566	    449.28847103	    -34.58603981	     -2.30233620	      0.01047843	      2.68900020	     -0.01151180	      9.32750723	      0.02787181
      1.25100000	     30.08111147	    383.37804611	     23.90954505	     -2.29017806	      0.01020285	      2.31104247	      0.01085838	     -5.53797161	      0.01384835	      6.55549152	    449.33746816	    -34.45013260	     -2.30232131	      0.01047843	      2.68900395	     -0.01149648	      9.31509668	      0.02783472
      1.25200000	     29.77779436	    384.05495056	     23.79437837	     -2.29008364	      0.01020313	      2.31108018	      0.01091430	     -5.56649196	      0.01391967	      6.76294716	    449.33139941	    -34.29945446	     -2.30230203	      0.01047845	      2.68900627	     -0.01148219	      9.30351437	      0.02780011
      1.25300000	     29.45586166	    384.73547178	     23.67973470	     -2.28998526	      0.01020341	      2.31111873	      0.01097146	     -5.59564484	      0.01399257	      6.96456533	    449.27201722	    -34.13374086	     -2.30227842	      0.01047848	      2.68900709	     -0.01146901	      9.29283762	      0.02776821
      1.25400000	     29.11603880	    385.41606229	     23.56580991	     -2.28988293	      0.01020371	      2.31115802	      0.01102968	     -5.62533568	      0.01406681	      7.16090496	    449.16121283	    -33.95284914	     -2.30225056	      0.01047851	      2.68900640	     -0.01145704	      9.28313702	      0.02773922
      1.25500000	     28.75907362	    386.09334489	     23.45279606	     -2.28977673	      0.01020402	      2.31119796	      0.01108876	     -5.65546701	      0.01414216	      7.35256117	    449.00098833	    -33.75676217	     -2.30221856	      0.01047856	      2.68900417	     -0.01144635	      9.27447619	      0.02771334
      1.25600000	     28.38573844	    386.76416721	     23.34088025	     -2.28966669	      0.01020434	      2.31123848	      0.01114850	     -5.68593932	      0.01421836	      7.54015444	    448.79343084	    -33.54559059	     -2.30218253	      0.01047862	      2.68900041	     -0.01143702	      9.26691147	      0.02769074
      1.25700000	     27.99683333	    387.42565036	     23.23024317	     -2.28955291	      0.01020466	      2.31127948	      0.01120872	     -5.71665198	      0.01429516	      7.72431916	    448.54068911	    -33.31957374	     -2.30214259	      0.01047868	      2.68899514	     -0.01142909	      9.26049180	      0.02767155
      1.25800000	     27.59319029	    388.07523082	     23.12105763	     -2.28943550	      0.01020500	      2.31132089	      0.01126922	     -5.74750408	      0.01437231	      7.90569170	    448.24495263	    -33.07907906	     -2.30209888	      0.01047875	      2.68898843	     -0.01142263	      9.25525854	      0.02765592
      1.25900000	     27.17567835	    388.71069510	     23.01348690	     -2.28931457	      0.01020534	      2.31136264	      0.01132978	     -5.77839527	      0.01444956	      8.08489825	    447.90843343	    -32.82460025	     -2.30205153	      0.01047884	      2.68898034	     -0.01141768	      9.25124539	      0.02764393
      1.26000000	     26.74520908	    389.33020665	     22.90768302	     -2.28919028	      0.01020569	      2.31140465	      0.01139024	     -5.80922644	      0.01452665	      8.26254248	    447.53335057	    -32.55675402	     -2.30200070	      0.01047893	      2.68897096	     -0.01141427	      9.24847836	      0.02763566
      1.26100000	     26.30274247	    389.93232472	     22.80378502	     -2.28906282	      0.01020604	      2.31144687	      0.01145038	     -5.83990050	      0.01460336	      8.43919339	    447.12191734	    -32.27627567	     -2.30194651	      0.01047903	      2.68896041	     -0.01141241	      9.24697578	      0.02763117
      1.26200000	     25.84929274	    390.51601506	     22.70191704	     -2.28893240	      0.01020641	      2.31148924	      0.01151003	     -5.87032289	      0.01467943	      8.61537343	    446.67633109	    -31.98401341	     -2.30188912	      0.01047913	      2.68894883	     -0.01141213	      9.24674844	      0.02763049
      1.26300000	     25.38593394	    391.08065251	     22.60218655	     -2.28879927	      0.01020677	      2.31153172	      0.01156900	     -5.90040219	      0.01475465	      8.79154713	    446.19876567	    -31.68092158	     -2.30182865	      0.01047924	      2.68893636	     -0.01141343	      9.24779964	      0.02763363
      1.26400000	     24.91380498	    391.62601558	     22.50468258	     -2.28866369	      0.01020715	      2.31157428	      0.01162714	     -5.93005052	      0.01482879	      8.96811030	    445.69136638	    -31.36805288	     -2.30176523	      0.01047936	      2.68892319	     -0.01141630	      9.25012541	      0.02764058
      1.26500000	     24.43411383	    392.15227343	     22.40947402	     -2.28852597	      0.01020752	      2.31161689	      0.01168426	     -5.95918396	      0.01490164	      9.14538019	    445.15624719	    -31.04654970	     -2.30169898	      0.01047948	      2.68890950	     -0.01142073	      9.25371471	      0.02765130
      1.26600000	     23.94814078	    392.65996578	     22.31660825	     -2.28838646	      0.01020790	      2.31165953	      0.01174022	     -5.98772280	      0.01497300	      9.32358651	    444.59549030	    -30.71763460	     -2.30163001	      0.01047961	      2.68889550	     -0.01142670	      9.25854972	      0.02766575
      1.26700000	     23.45724039	    393.14997616	     22.22610991	     -2.28824552	      0.01020829	      2.31170220	      0.01179486	     -6.01559183	      0.01504269	      9.50286368	    444.01114760	    -30.38260028	     -2.30155841	      0.01047974	      2.68888139	     -0.01143417	      9.26460612	      0.02768385
      1.26800000	     22.96284210	    393.62349954	     22.13798010	     -2.28810354	      0.01020867	      2.31174489	      0.01184805	     -6.04272039	      0.01511053	      9.68324428	    443.40524398	    -30.04279902	     -2.30148426	      0.01047987	      2.68886740	     -0.01144311	      9.27185349	      0.02770550
      1.26900000	     22.46644923	    394.08200486	     22.05219600	     -2.28796096	      0.01020906	      2.31178762	      0.01189966	     -6.06904254	      0.01517635	      9.86465391	    442.77978224	    -29.69963187	     -2.30140763	      0.01048001	      2.68885377	     -0.01145348	      9.28025568	      0.02773061
      1.27000000	     21.96963631	    394.52719355	     21.96871086	     -2.28781820	      0.01020944	      2.31183039	      0.01194957	     -6.09449700	      0.01524000	     10.04690761	    442.13674925	    -29.35453760	     -2.30132859	      0.01048015	      2.68884072	     -0.01146523	      9.28977132	      0.02775905
      1.27100000	     21.47404466	    394.96095490	     21.88745459	     -2.28767575	      0.01020983	      2.31187324	      0.01199767	     -6.11902713	      0.01530135	     10.22970772	    441.47812329	    -29.00898177	     -2.30124716	      0.01048028	      2.68882850	     -0.01147829	      9.30035432	      0.02779067
      1.27200000	     20.98137609	    395.38531912	     21.80833479	     -2.28753408	      0.01021022	      2.31191618	      0.01204385	     -6.14258085	      0.01536024	     10.41264350	    440.80588210	    -28.66444581	     -2.30116339	      0.01048042	      2.68881735	     -0.01149261	      9.31195436	      0.02782533
      1.27300000	     20.49338483	    395.80240920	     21.73123833	     -2.28739368	      0.01021060	      2.31195924	      0.01208802	     -6.16511044	      0.01541658	     10.59519225	    440.12201143	    -28.32241633	     -2.30107728	      0.01048056	      2.68880751	     -0.01150811	      9.32451753	      0.02786287
      1.27400000	     20.01186771	    396.21439222	     21.65603341	     -2.28725506	      0.01021098	      2.31200247	      0.01213010	     -6.18657246	      0.01547025	     10.77672214	    439.42851379	    -27.98437476	     -2.30098885	      0.01048069	      2.68879919	     -0.01152473	      9.33798690	      0.02790312
      1.27500000	     19.53865264	    396.62343129	     21.58257223	     -2.28711871	      0.01021135	      2.31204589	      0.01217001	     -6.20692752	      0.01552115	     10.95649658	    438.72741703	    -27.65178725	     -2.30089810	      0.01048082	      2.68879264	     -0.01154240	      9.35230317	      0.02794590
      1.27600000	     19.07558553	    397.03163861	     21.51069397	     -2.28698515	      0.01021172	      2.31208954	      0.01220768	     -6.22614011	      0.01556919	     11.13368010	    438.02078241	    -27.32609503	     -2.30080500	      0.01048095	      2.68878805	     -0.01156104	      9.36740533	      0.02799103
      1.27700000	     18.62451587	    397.44103061	     21.44022839	     -2.28685484	      0.01021209	      2.31213345	      0.01224305	     -6.24417842	      0.01561430	     11.30734560	    437.31071199	    -27.00870506	     -2.30070954	      0.01048108	      2.68878564	     -0.01158057	      9.38323137	      0.02803832
      1.27800000	     18.18728100	    397.85348574	     21.37099960	     -2.28672828	      0.01021245	      2.31217766	      0.01227606	     -6.26101415	      0.01565640	     11.47648301	    436.59935480	    -26.70098116	     -2.30061169	      0.01048120	      2.68878558	     -0.01160092	      9.39971894	      0.02808758
      1.27900000	     17.76568956	    398.27070537	     21.30283026	     -2.28660591	      0.01021280	      2.31222220	      0.01230667	     -6.27662228	      0.01569543	     11.64000895	    435.88891178	    -26.40423543	     -2.30051142	      0.01048131	      2.68878805	     -0.01162201	      9.41680602	      0.02813864
      1.28000000	     17.36150401	    398.69417841	     21.23554586	     -2.28648816	      0.01021314	      2.31226710	      0.01233482	     -6.29098094	      0.01573134	     11.79677754	    435.18163899	    -26.11972011	     -2.30040869	      0.01048142	      2.68879321	     -0.01164376	      9.43443158	      0.02819131
      1.28100000	     16.97642290	    399.12514987	     21.16897903	     -2.28637542	      0.01021348	      2.31231239	      0.01236048	     -6.30407124	      0.01576407	     11.94559203	    434.47984917	    -25.84861971	     -2.30030346	      0.01048153	      2.68880118	     -0.01166611	      9.45253619	      0.02824541
      1.28200000	     16.61206292	    399.56459388	     21.10297384	     -2.28626805	      0.01021380	      2.31235807	      0.01238363	     -6.31587714	      0.01579359	     12.08521714	    433.78591122	    -25.59204360	     -2.30019571	      0.01048163	      2.68881209	     -0.01168897	      9.47106254	      0.02830077
      1.28300000	     16.26994117	    400.01319120	     21.03738980	     -2.28616635	      0.01021412	      2.31240416	      0.01240424	     -6.32638538	      0.01581987	     12.21439192	    433.10224762	    -25.35101895	     -2.30008537	      0.01048172	      2.68882602	     -0.01171229	      9.48995596	      0.02835722
      1.28400000	     15.95145805	    400.47131144	     20.97210549	     -2.28607058	      0.01021442	      2.31245066	      0.01242228	     -6.33558544	      0.01584287	     12.33184308	    432.43132965	    -25.12648407	     -2.29997243	      0.01048181	      2.68884305	     -0.01173600	      9.50916480	      0.02841462
      1.28500000	     15.65788100	    400.93900019	     20.90702165	     -2.28598095	      0.01021471	      2.31249757	      0.01243773	     -6.34346951	      0.01586259	     12.43629848	    431.77567019	    -24.91928225	     -2.29985685	      0.01048190	      2.68886322	     -0.01176004	      9.52864085	      0.02847282
      1.28600000	     15.39032943	    401.41597086	     20.84206365	     -2.28589762	      0.01021500	      2.31254488	      0.01245060	     -6.35003258	      0.01587900	     12.52650075	    431.13781429	    -24.73015604	     -2.29973859	      0.01048197	      2.68888657	     -0.01178435	      9.54833951	      0.02853168
      1.28700000	     15.14976117	    401.90160150	     20.77718315	     -2.28582066	      0.01021527	      2.31259256	      0.01246088	     -6.35527244	      0.01589210	     12.60122086	    430.52032733	    -24.55974211	     -2.29961763	      0.01048204	      2.68891310	     -0.01180888	      9.56822013	      0.02859109
      1.28800000	     14.93696070	    402.39493633	     20.71235890	     -2.28575012	      0.01021552	      2.31264058	      0.01246856	     -6.35918981	      0.01590190	     12.65927152	    429.92578080	    -24.40856672	     -2.29949396	      0.01048211	      2.68894280	     -0.01183360	      9.58824603	      0.02865093
      1.28900000	     14.75252937	    402.89469219	     20.64759672	     -2.28568595	      0.01021577	      2.31268889	      0.01247365	     -6.36178839	      0.01590840	     12.69952027	    429.35673600	    -24.27704188	     -2.29936756	      0.01048216	      2.68897562	     -0.01185845	      9.60838467	      0.02871110
      1.29000000	     14.59687773	    403.39926955	     20.58292846	     -2.28562806	      0.01021601	      2.31273744	      0.01247617	     -6.36307503	      0.01591162	     12.72090214	    428.81572558	    -24.16546216	     -2.29923844	      0.01048222	      2.68901152	     -0.01188341	      9.62860768	      0.02877153
      1.29100000	     14.47022027	    403.90676823	     20.51841013	     -2.28557629	      0.01021623	      2.31278616	      0.01247614	     -6.36305977	      0.01591158	     12.72243178	    428.30523328	    -24.07400235	     -2.29910659	      0.01048226	      2.68905041	     -0.01190845	      9.64889079	      0.02883214
      1.29200000	     14.37257256	    404.41500750	     20.45411918	     -2.28553041	      0.01021644	      2.31283499	      0.01247359	     -6.36175601	      0.01590832	     12.70321483	    427.82767220	    -24.00271588	     -2.29897205	      0.01048230	      2.68909219	     -0.01193353	      9.66921382	      0.02889287
      1.29300000	     14.30375079	    404.92155043	     20.39015095	     -2.28549015	      0.01021664	      2.31288383	      0.01246854	     -6.35918062	      0.01590188	     12.66245851	    427.38536176	    -23.95153411	     -2.29883484	      0.01048234	      2.68913676	     -0.01195864	      9.68956052	      0.02895367
      1.29400000	     14.26337387	    405.42373233	     20.32661463	     -2.28545516	      0.01021683	      2.31293261	      0.01246104	     -6.35535410	      0.01589231	     12.59948123	    426.98050414	    -23.92026645	     -2.29869501	      0.01048237	      2.68918398	     -0.01198376	      9.70991839	      0.02901450
      1.29500000	     14.25086786	    405.91869283	     20.26362849	     -2.28542506	      0.01021701	      2.31298121	      0.01245113	     -6.35030076	      0.01587967	     12.51372100	    426.61516027	    -23.90860151	     -2.29855261	      0.01048240	      2.68923370	     -0.01200889	      9.73027844	      0.02907534
      1.29600000	     14.26547281	    406.40341165	     20.20131494	     -2.28539940	      0.01021718	      2.31302954	      0.01243887	     -6.34404889	      0.01586404	     12.40474256	    426.29122631	    -23.91610908	     -2.29840771	      0.01048242	      2.68928577	     -0.01203402	      9.75063488	      0.02913617
      1.29700000	     14.30625162	    406.87474734	     20.13979520	     -2.28537770	      0.01021735	      2.31307747	      0.01242433	     -6.33663105	      0.01584549	     12.27224302	    426.01041078	    -23.94224327	     -2.29826039	      0.01048244	      2.68933999	     -0.01205913	      9.77098476	      0.02919697
      1.29800000	     14.37210102	    407.32947900	     20.07918403	     -2.28535943	      0.01021750	      2.31312491	      0.01240757	     -6.32808428	      0.01582412	     12.11605600	    425.77421319	    -23.98634662	     -2.29811074	      0.01048246	      2.68939620	     -0.01208424	      9.79132753	      0.02925776
      1.29900000	     14.46176412	    407.76435022	     20.01958449	     -2.28534405	      0.01021765	      2.31317172	      0.01238868	     -6.31845046	      0.01580003	     11.93615389	    425.58390451	    -24.04765529	     -2.29795888	      0.01048247	      2.68945418	     -0.01210934	      9.81166469	      0.02931853
      1.30000000	     14.57384457	    408.17611514	     19.96108297	     -2.28533096	      0.01021779	      2.31321780	      0.01236775	     -6.30777657	      0.01577334	     11.73264845	    425.44051000	    -24.12530532	     -2.29780492	      0.01048248	      2.68951374	     -0.01213443	      9.83199923	      0.02937929
      1.30100000	     14.70682179	    408.56158575	     19.90374458	     -2.28531957	      0.01021793	      2.31326302	      0.01234489	     -6.29611513	      0.01574417	     11.50578950	    425.34479498	    -24.21834006	     -2.29764899	      0.01048249	      2.68957465	     -0.01215953	      9.85233524	      0.02944006
      1.30200000	     14.85906724	    408.91768011	     19.84760918	     -2.28530926	      0.01021806	      2.31330727	      0.01232020	     -6.28352445	      0.01571269	     11.25596176	    425.29725376	    -24.32571851	     -2.29749123	      0.01048250	      2.68963671	     -0.01218464	      9.87267745	      0.02950084
      1.30300000	     15.02886121	    409.24147073	     19.79268789	     -2.28529941	      0.01021818	      2.31335043	      0.01229382	     -6.27006906	      0.01567904	     10.98367985	    425.29810216	    -24.44632477	     -2.29733178	      0.01048251	      2.68969968	     -0.01220976	      9.89303079	      0.02956166
      1.30400000	     15.21441005	    409.53023237	     19.73896036	     -2.28528939	      0.01021831	      2.31339242	      0.01226588	     -6.25582003	      0.01564341	     10.68958156	    425.34727397	    -24.57897834	     -2.29717081	      0.01048252	      2.68976334	     -0.01223490	      9.91340001	      0.02962253
      1.30500000	     15.41386340	    409.78148874	     19.68637289	     -2.28527859	      0.01021843	      2.31343312	      0.01223654	     -6.24085524	      0.01560599	     10.37441946	    425.44442126	    -24.72244515	     -2.29700847	      0.01048253	      2.68982747	     -0.01226006	      9.93378932	      0.02968346
      1.30600000	     15.62533135	    409.99305723	     19.63483722	     -2.28526640	      0.01021855	      2.31347245	      0.01220596	     -6.22525966	      0.01556699	     10.03905109	    425.58891881	    -24.87544926	     -2.29684494	      0.01048254	      2.68989185	     -0.01228525	      9.95420208	      0.02974445
      1.30700000	     15.84690110	    410.16309104	     19.58423028	     -2.28525224	      0.01021868	      2.31351034	      0.01217432	     -6.20912555	      0.01552665	      9.68442788	    425.77987248	    -25.03668496	     -2.29668039	      0.01048255	      2.68995624	     -0.01231048	      9.97464049	      0.02980552
      1.30800000	     16.07665308	    410.29011794	     19.53439467	     -2.28523555	      0.01021880	      2.31354672	      0.01214183	     -6.19255250	      0.01548520	      9.31158309	    426.01613120	    -25.20482911	     -2.29651500	      0.01048256	      2.69002044	     -0.01233574	      9.99510540	      0.02986668
      1.30900000	     16.31267622	    410.37307502	     19.48514005	     -2.28521582	      0.01021892	      2.31358155	      0.01210868	     -6.17564753	      0.01544293	      8.92161903	    426.29630240	    -25.37855352	     -2.29634894	      0.01048258	      2.69008424	     -0.01236103	     10.01559609	      0.02992790
      1.31000000	     16.55308227	    410.41133864	     19.43624526	     -2.28519253	      0.01021905	      2.31361477	      0.01207511	     -6.15852494	      0.01540011	      8.51569391	    426.61877030	    -25.55653719	     -2.29618239	      0.01048259	      2.69014743	     -0.01238634	     10.03611013	      0.02998920
      1.31100000	     16.79601900	    410.40474913	     19.38746114	     -2.28516525	      0.01021919	      2.31364638	      0.01204135	     -6.14130613	      0.01535706	      8.09500852	    426.98171659	    -25.73747819	     -2.29601554	      0.01048261	      2.69020981	     -0.01241168	     10.05664325	      0.03005056
      1.31200000	     17.03968217	    410.35362947	     19.33851407	     -2.28513357	      0.01021932	      2.31367635	      0.01200765	     -6.12411930	      0.01531408	      7.66079331	    427.38314287	    -25.92010504	     -2.29584855	      0.01048264	      2.69027120	     -0.01243704	     10.07718930	      0.03011195
      1.31300000	     17.28232625	    410.25879770	     19.28911003	     -2.28509712	      0.01021947	      2.31370469	      0.01197428	     -6.10709904	      0.01527152	      7.21429588	    427.82089435	    -26.10318745	     -2.29568162	      0.01048266	      2.69033142	     -0.01246241	     10.09774019	      0.03017336
      1.31400000	     17.52227367	    410.12157268	     19.23893920	     -2.28505560	      0.01021961	      2.31373141	      0.01194151	     -6.09038576	      0.01522972	      6.75676944	    428.29268407	    -26.28554620	     -2.29551490	      0.01048269	      2.69039031	     -0.01248776	     10.11828595	      0.03023476
      1.31500000	     17.75792272	    409.94377293	     19.18768096	     -2.28500876	      0.01021977	      2.31375655	      0.01190963	     -6.07412505	      0.01518906	      6.28946220	    428.79611732	    -26.46606208	     -2.29534859	      0.01048272	      2.69044771	     -0.01251310	     10.13881475	      0.03029610
      1.31600000	     17.98775392	    409.72770854	     19.13500905	     -2.28495637	      0.01021993	      2.31378014	      0.01187892	     -6.05846688	      0.01514991	      5.81360807	    429.32871553	    -26.64368377	     -2.29518285	      0.01048276	      2.69050349	     -0.01253840	     10.15931301	      0.03035735
      1.31700000	     18.21033498	    409.47616621	     19.08059704	     -2.28489829	      0.01022010	      2.31380224	      0.01184971	     -6.04356471	      0.01511264	      5.33041862	    429.88793938	    -26.81743449	     -2.29501785	      0.01048281	      2.69055752	     -0.01256364	     10.17976547	      0.03041846
      1.31800000	     18.42432435	    409.19238738	     19.02412377	     -2.28483443	      0.01022028	      2.31382290	      0.01182228	     -6.02957449	      0.01507766	      4.84107648	    430.47121061	    -26.98641743	     -2.29485376	      0.01048285	      2.69060968	     -0.01258880	     10.20015535	      0.03047939
      1.31900000	     18.62847324	    408.88003999	     18.96527873	     -2.28476472	      0.01022046	      2.31384220	      0.01179694	     -6.01665353	      0.01504535	      4.34673015	    431.07593225	    -27.14981984	     -2.29469076	      0.01048290	      2.69065987	     -0.01261387	     10.22046445	      0.03054008
      1.32000000	     18.82162640	    408.54318400	     18.90376742	     -2.28468917	      0.01022065	      2.31386021	      0.01177401	     -6.00495935	      0.01501611	      3.84849019	    431.69950702	    -27.30691584	     -2.29452901	      0.01048296	      2.69070803	     -0.01263881	     10.24067331	      0.03060046
      1.32100000	     19.00272146	    408.18623136	     18.83931636	     -2.28460784	      0.01022086	      2.31387700	      0.01175379	     -5.99464838	      0.01499032	      3.34742674	    432.33935371	    -27.45706797	     -2.29436868	      0.01048302	      2.69075407	     -0.01266360	     10.26076130	      0.03066049
      1.32200000	     19.17078705	    407.81390096	     18.77167801	     -2.28452080	      0.01022107	      2.31389267	      0.01173659	     -5.98587469	      0.01496838	      2.84456831	    432.99292142	    -27.59972753	     -2.29420995	      0.01048308	      2.69079794	     -0.01268822	     10.28070678	      0.03072009
      1.32300000	     19.32493971	    407.43116938	     18.70063521	     -2.28442820	      0.01022128	      2.31390730	      0.01172270	     -5.97878861	      0.01495066	      2.34090157	    433.65770156	    -27.73443382	     -2.29405298	      0.01048315	      2.69083960	     -0.01271263	     10.30048721	      0.03077920
      1.32400000	     19.46437962	    407.04321811	     18.62600540	     -2.28433021	      0.01022151	      2.31392097	      0.01171240	     -5.97353543	      0.01493753	      1.83737215	    434.33123771	    -27.86081233	     -2.29389793	      0.01048323	      2.69087904	     -0.01273681	     10.32007922	      0.03083774
      1.32500000	     19.58838534	    406.65537822	     18.54764439	     -2.28422704	      0.01022174	      2.31393377	      0.01170596	     -5.97025407	      0.01492932	      1.33488609	    435.01113333	    -27.97857205	     -2.29374498	      0.01048330	      2.69091623	     -0.01276073	     10.33945877	      0.03089565
      1.32600000	     19.69630759	    406.27307336	     18.46544966	     -2.28411892	      0.01022199	      2.31394578	      0.01170365	     -5.96907571	      0.01492637	      0.83431187	    435.69505747	    -28.08750195	     -2.29359429	      0.01048339	      2.69095118	     -0.01278435	     10.35860121	      0.03095285
      1.32700000	     19.78756224	    405.90176195	     18.37936327	     -2.28400611	      0.01022224	      2.31395708	      0.01170571	     -5.97012259	      0.01492899	      0.33648280	    436.38074853	    -28.18746671	     -2.29344602	      0.01048347	      2.69098391	     -0.01280766	     10.37748139	      0.03100926
      1.32800000	     19.86162270	    405.54687956	     18.28937426	     -2.28388889	      0.01022249	      2.31396774	      0.01171234	     -5.97350684	      0.01493745	     -0.15780042	    437.06601628	    -28.27840202	     -2.29330032	      0.01048356	      2.69101443	     -0.01283060	     10.39607373	      0.03106482
      1.32900000	     19.91801187	    405.21378233	     18.19552063	     -2.28376756	      0.01022276	      2.31397783	      0.01172376	     -5.97932932	      0.01495201	     -0.64776712	    437.74874238	    -28.36030925	     -2.29315735	      0.01048365	      2.69104279	     -0.01285316	     10.41435237	      0.03111944
      1.33000000	     19.95629384	    404.90769215	     18.09789086	     -2.28364242	      0.01022302	      2.31398741	      0.01174013	     -5.98767874	      0.01497289	     -1.13267418	    438.42687942	    -28.43324992	     -2.29301723	      0.01048375	      2.69106903	     -0.01287530	     10.43229125	      0.03117304
      1.33100000	     19.97606560	    404.63364462	     17.99662499	     -2.28351380	      0.01022330	      2.31399653	      0.01176160	     -5.99863073	      0.01500028	     -1.61180392	    439.09844899	    -28.49733978	     -2.29288011	      0.01048384	      2.69109320	     -0.01289699	     10.44986434	      0.03122555
      1.33200000	     19.97694899	    404.39644022	     17.89191527	     -2.28338200	      0.01022358	      2.31400524	      0.01178830	     -6.01224718	      0.01503433	     -2.08446233	    439.76153875	    -28.55274280	     -2.29274611	      0.01048394	      2.69111538	     -0.01291819	     10.46704571	      0.03127689
      1.33300000	     19.95858306	    404.20059940	     17.78400643	     -2.28324733	      0.01022386	      2.31401358	      0.01182032	     -6.02857567	      0.01507516	     -2.54997785	    440.41429906	    -28.59966494	     -2.29261532	      0.01048404	      2.69113563	     -0.01293888	     10.48380981	      0.03132699
      1.33400000	     19.92061716	    404.05032207	     17.67319541	     -2.28311012	      0.01022415	      2.31402157	      0.01185771	     -6.04764906	      0.01512286	     -3.00770082	    441.05493924	    -28.63834793	     -2.29248785	      0.01048415	      2.69115403	     -0.01295903	     10.50013159	      0.03137576
      1.33500000	     19.86270488	    403.94945188	     17.55983084	     -2.28297064	      0.01022445	      2.31402923	      0.01190053	     -6.06948520	      0.01517746	     -3.45700357	    441.68172391	    -28.66906306	     -2.29236376	      0.01048425	      2.69117065	     -0.01297860	     10.51598674	      0.03142314
      1.33600000	     19.78449914	    403.90144540	     17.44431193	     -2.28282919	      0.01022474	      2.31403658	      0.01194877	     -6.09408684	      0.01523898	     -3.89728118	    442.29296951	    -28.69210500	     -2.29224313	      0.01048435	      2.69118560	     -0.01299756	     10.53135187	      0.03146905
      1.33700000	     19.68564851	    403.90934652	     17.32708714	     -2.28268604	      0.01022504	      2.31404362	      0.01200240	     -6.12144163	      0.01530738	     -4.32795303	    442.88704136	    -28.70778590	     -2.29212597	      0.01048446	      2.69119896	     -0.01301589	     10.54620472	      0.03151343
      1.33800000	     19.56579506	    403.97576584	     17.20865234	     -2.28254144	      0.01022534	      2.31405034	      0.01206138	     -6.15152228	      0.01538260	     -4.74846490	    443.46235122	    -28.71642961	     -2.29201233	      0.01048456	      2.69121082	     -0.01303356	     10.56052432	      0.03155622
      1.33900000	     19.42457373	    404.10286523	     17.08954865	     -2.28239562	      0.01022564	      2.31405673	      0.01212562	     -6.18428681	      0.01546453	     -5.15829171	    444.01735578	    -28.71836615	     -2.29190218	      0.01048467	      2.69122128	     -0.01305055	     10.57429120	      0.03159736
      1.34000000	     19.26161347	    404.29234710	     16.97035991	     -2.28224881	      0.01022595	      2.31406277	      0.01219502	     -6.21967892	      0.01555304	     -5.55694068	    444.55055597	    -28.71392656	     -2.29179552	      0.01048477	      2.69123043	     -0.01306684	     10.58748756	      0.03163679
      1.34100000	     19.07654010	    404.54544834	     16.85170971	     -2.28210118	      0.01022625	      2.31406843	      0.01226942	     -6.25762843	      0.01564793	     -5.94395498	    445.06049733	    -28.70343794	     -2.29169228	      0.01048487	      2.69123838	     -0.01308240	     10.60009735	      0.03167447
      1.34200000	     18.86898093	    404.86293849	     16.73425814	     -2.28195292	      0.01022655	      2.31407368	      0.01234868	     -6.29805180	      0.01574902	     -6.31891752	    445.54577147	    -28.68721892	     -2.29159240	      0.01048498	      2.69124522	     -0.01309722	     10.61210647	      0.03171036
      1.34300000	     18.63857121	    405.24512188	     16.61869802	     -2.28180417	      0.01022686	      2.31407847	      0.01243260	     -6.34085275	      0.01585605	     -6.68145497	    446.00501875	    -28.66557548	     -2.29149578	      0.01048508	      2.69125103	     -0.01311129	     10.62350283	      0.03174441
      1.34400000	     18.38496214	    405.69184327	     16.50575082	     -2.28165505	      0.01022716	      2.31408277	      0.01252097	     -6.38592287	      0.01596875	     -7.03124176	    446.43693214	    -28.63879710	     -2.29140231	      0.01048518	      2.69125592	     -0.01312459	     10.63427645	      0.03177660
      1.34500000	     18.10783053	    406.20249675	     16.39616219	     -2.28150567	      0.01022746	      2.31408652	      0.01261356	     -6.43314232	      0.01608683	     -7.36800395	    446.84026225	    -28.60715340	     -2.29131185	      0.01048528	      2.69125996	     -0.01313710	     10.64441949	      0.03180691
      1.34600000	     17.80688980	    406.77603750	     16.29069706	     -2.28135611	      0.01022776	      2.31408966	      0.01271010	     -6.48238062	      0.01620995	     -7.69152289	    447.21382347	    -28.57089111	     -2.29122424	      0.01048538	      2.69126324	     -0.01314884	     10.65392635	      0.03183532
      1.34700000	     17.48190218	    407.41099599	     16.19013443	     -2.28120644	      0.01022806	      2.31409215	      0.01281032	     -6.53349742	      0.01633778	     -8.00163846	    447.55650122	    -28.53023148	     -2.29113930	      0.01048548	      2.69126584	     -0.01315978	     10.66279369	      0.03186182
      1.34800000	     17.13269174	    408.10549450	     16.09526171	     -2.28105669	      0.01022836	      2.31409391	      0.01291394	     -6.58634335	      0.01646992	     -8.29825185	    447.86726013	    -28.48536812	     -2.29105685	      0.01048557	      2.69126781	     -0.01316994	     10.67102050	      0.03188640
      1.34900000	     16.75915806	    408.85726553	     16.00686885	     -2.28090689	      0.01022866	      2.31409490	      0.01302064	     -6.64076088	      0.01660600	     -8.58132769	    448.14515315	    -28.43646527	     -2.29097667	      0.01048567	      2.69126924	     -0.01317930	     10.67860806	      0.03190907
      1.35000000	     16.36129017	    409.66367203	     15.92574215	     -2.28075705	      0.01022895	      2.31409504	      0.01313009	     -6.69658527	      0.01674560	     -8.85089550	    448.38933127	    -28.38365641	     -2.29089855	      0.01048576	      2.69127017	     -0.01318788	     10.68556000	      0.03192984
      1.35100000	     15.93918026	    410.52172913	     15.85265791	     -2.28060717	      0.01022924	      2.31409428	      0.01324197	     -6.75364551	      0.01688828	     -9.10705026	    448.59905385	    -28.32704340	     -2.29082226	      0.01048585	      2.69127065	     -0.01319568	     10.69188231	      0.03194874
      1.35200000	     15.49303703	    411.42812737	     15.78837592	     -2.28045722	      0.01022953	      2.31409256	      0.01335593	     -6.81176529	      0.01703362	     -9.34995209	    448.77369917	    -28.26669590	     -2.29074755	      0.01048594	      2.69127073	     -0.01320272	     10.69758329	      0.03196577
      1.35300000	     15.02319803	    412.37925728	     15.73363295	     -2.28030719	      0.01022982	      2.31408983	      0.01347161	     -6.87076401	      0.01718115	     -9.57982502	    448.91277509	    -28.20265128	     -2.29067421	      0.01048604	      2.69127042	     -0.01320900	     10.70267358	      0.03198098
      1.35400000	     14.53014084	    413.37123530	     15.68913627	     -2.28015702	      0.01023011	      2.31408602	      0.01358865	     -6.93045780	      0.01733042	     -9.79695468	    449.01592957	    -28.13491486	     -2.29060198	      0.01048613	      2.69126977	     -0.01321455	     10.70716613	      0.03199441
      1.35500000	     14.01449243	    414.39993093	     15.65555726	     -2.28000669	      0.01023039	      2.31408109	      0.01370669	     -6.99066053	      0.01748097	    -10.00168512	    449.08296073	    -28.06346060	     -2.29053063	      0.01048622	      2.69126877	     -0.01321937	     10.71107619	      0.03200609
      1.35600000	     13.47703667	    415.46099520	     15.63352526	     -2.27985615	      0.01023067	      2.31407498	      0.01382536	     -7.05118481	      0.01763231	    -10.19441457	    449.11382628	    -27.98823212	     -2.29045993	      0.01048631	      2.69126744	     -0.01322350	     10.71442123	      0.03201608
      1.35700000	     12.91871945	    416.54989027	     15.62362170	     -2.27970536	      0.01023094	      2.31406765	      0.01394429	     -7.11184302	      0.01778400	    -10.37559042	    449.10865220	    -27.90914417	     -2.29038966	      0.01048640	      2.69126577	     -0.01322695	     10.71722095	      0.03202445
      1.35800000	     12.34065126	    417.66192015	     15.62637459	     -2.27955426	      0.01023122	      2.31405907	      0.01406312	     -7.17244832	      0.01793555	    -10.54570322	    449.06774023	    -27.82608438	     -2.29031961	      0.01048649	      2.69126375	     -0.01322976	     10.71949716	      0.03203125
      1.35900000	     11.74410704	    418.79226236	     15.64225347	     -2.27940282	      0.01023149	      2.31404919	      0.01418149	     -7.23281554	      0.01808650	    -10.70528019	    448.99157412	    -27.73891547	     -2.29024959	      0.01048659	      2.69126135	     -0.01323196	     10.72127369	      0.03203656
      1.36000000	     11.13052312	    419.93600049	     15.67166491	     -2.27925100	      0.01023176	      2.31403798	      0.01429903	     -7.29276220	      0.01823641	    -10.85487795	    448.88082452	    -27.64747773	     -2.29017942	      0.01048668	      2.69125856	     -0.01323356	     10.72257633	      0.03204045
      1.36100000	     10.50149128	    421.08815724	     15.71494854	     -2.27909877	      0.01023203	      2.31402541	      0.01441539	     -7.35210940	      0.01838481	    -10.99507496	    448.73635215	    -27.55159186	     -2.29010895	      0.01048678	      2.69125532	     -0.01323462	     10.72343261	      0.03204301
      1.36200000	      9.85874983	    422.24372793	     15.77237373	     -2.27894612	      0.01023229	      2.31401147	      0.01453023	     -7.41068268	      0.01853128	    -11.12646365	    448.55920939	    -27.45106208	     -2.29003804	      0.01048688	      2.69125160	     -0.01323516	     10.72387170	      0.03204432
      1.36300000	      9.20417192	    423.39771405	     15.84413703	     -2.27879303	      0.01023255	      2.31399613	      0.01464323	     -7.46831287	      0.01867539	    -11.24964244	    448.35064002	    -27.34567949	     -2.28996660	      0.01048698	      2.69124734	     -0.01323523	     10.72392419	      0.03204448
      1.36400000	      8.53975117	    424.54515663	     15.93036017	     -2.27863950	      0.01023281	      2.31397937	      0.01475406	     -7.52483691	      0.01881674	    -11.36520792	    448.11207719	    -27.23522571	     -2.28989453	      0.01048708	      2.69124249	     -0.01323485	     10.72362190	      0.03204358
      1.36500000	      7.86758490	    425.68116915	     16.03108892	     -2.27848554	      0.01023307	      2.31396119	      0.01486241	     -7.58009860	      0.01895493	    -11.47374728	    447.84513956	    -27.11947666	     -2.28982179	      0.01048719	      2.69123698	     -0.01323408	     10.72299767	      0.03204171
      1.36600000	      7.18985522	    426.80096949	     16.14629260	     -2.27833116	      0.01023332	      2.31394159	      0.01496800	     -7.63394931	      0.01908959	    -11.57583126	    447.55162547	    -26.99820662	     -2.28974834	      0.01048730	      2.69123076	     -0.01323296	     10.72208510	      0.03203899
      1.36700000	      6.50880823	    427.89991088	     16.27586425	     -2.27817642	      0.01023357	      2.31392055	      0.01507054	     -7.68624867	      0.01922037	    -11.67200763	    447.23350532	    -26.87119239	     -2.28967421	      0.01048741	      2.69122374	     -0.01323152	     10.72091840	      0.03203550
      1.36800000	      5.82673196	    428.97351126	     16.41962148	     -2.27802135	      0.01023382	      2.31389809	      0.01516978	     -7.73686514	      0.01934694	    -11.76279551	    446.89291215	    -26.73821758	     -2.28959942	      0.01048753	      2.69121585	     -0.01322981	     10.71953209	      0.03203136
      1.36900000	      5.14593313	    430.01748084	     16.57730787	     -2.27786600	      0.01023407	      2.31387422	      0.01526549	     -7.78567664	      0.01946900	    -11.84868055	    446.53213026	    -26.59907702	     -2.28952403	      0.01048764	      2.69120703	     -0.01322787	     10.71796084	      0.03202666
      1.37000000	      4.46871353	    431.02774753	     16.74859483	     -2.27771046	      0.01023431	      2.31384894	      0.01535744	     -7.83257099	      0.01958626	    -11.93011092	    446.15358228	    -26.45358121	     -2.28944815	      0.01048777	      2.69119720	     -0.01322574	     10.71623926	      0.03202152
      1.37100000	      3.79734614	    432.00048005	     16.93308388	     -2.27755479	      0.01023455	      2.31382229	      0.01544542	     -7.87744643	      0.01969848	    -12.00749444	    445.75981438	    -26.30156076	     -2.28937190	      0.01048789	      2.69118628	     -0.01322348	     10.71440169	      0.03201603
      1.37200000	      3.13405178	    432.93210841	     17.13030925	     -2.27739910	      0.01023478	      2.31379428	      0.01552928	     -7.92021195	      0.01980542	    -12.08119653	    445.35347998	    -26.14287075	     -2.28929542	      0.01048802	      2.69117421	     -0.01322111	     10.71248200	      0.03201029
      1.37300000	      2.48097650	    433.81934162	     17.33974066	     -2.27724347	      0.01023502	      2.31376495	      0.01560883	     -7.96078763	      0.01990688	    -12.15153923	    444.93732174	    -25.97739493	     -2.28921890	      0.01048816	      2.69116090	     -0.01321868	     10.71051339	      0.03200441
      1.37400000	      1.84017023	    434.65918254	     17.56078625	     -2.27708803	      0.01023524	      2.31373434	      0.01568396	     -7.99910487	      0.02000270	    -12.21880110	    444.51415222	    -25.80504971	     -2.28914252	      0.01048830	      2.69114629	     -0.01321623	     10.70852821	      0.03199848
      1.37500000	      1.21356727	    435.44893969	     17.79279559	     -2.27693288	      0.01023547	      2.31370249	      0.01575455	     -8.03510656	      0.02009273	    -12.28321794	    444.08683298	    -25.62578779	     -2.28906651	      0.01048844	      2.69113032	     -0.01321379	     10.70655768	      0.03199259
      1.37600000	      0.60296866	    436.18623612	     18.03506270	     -2.27677816	      0.01023569	      2.31366948	      0.01582051	     -8.06874715	      0.02017685	    -12.34498436	    443.65825252	    -25.43960138	     -2.28899111	      0.01048858	      2.69111292	     -0.01321142	     10.70463170	      0.03198683
      1.37700000	      0.01002714	    436.86901522	     18.28682905	     -2.27662400	      0.01023591	      2.31363535	      0.01588177	     -8.09999264	      0.02025498	    -12.40425596	    443.23130305	    -25.24652495	     -2.28891657	      0.01048873	      2.69109405	     -0.01320913	     10.70277858	      0.03198130
      1.37800000	     -0.56376530	    437.49554371	     18.54728657	     -2.27647053	      0.01023612	      2.31360018	      0.01593830	     -8.12882049	      0.02032707	    -12.46115208	    442.80885626	    -25.04663729	     -2.28884316	      0.01048888	      2.69107364	     -0.01320697	     10.70102480	      0.03197605
      1.37900000	     -1.11708704	    438.06441188	     18.81558056	     -2.27631789	      0.01023633	      2.31356406	      0.01599006	     -8.15521945	      0.02039308	    -12.51575895	    442.39373843	    -24.84006309	     -2.28877113	      0.01048904	      2.69105167	     -0.01320495	     10.69939474	      0.03197118
      1.38000000	     -1.64879330	    438.57453127	     19.09081262	     -2.27616625	      0.01023653	      2.31352709	      0.01603706	     -8.17918932	      0.02045302	    -12.56813321	    441.98870493	    -24.62697366	     -2.28870078	      0.01048920	      2.69102808	     -0.01320312	     10.69791041	      0.03196675
      1.38100000	     -2.15791968	    439.02513000	     19.37204347	     -2.27601575	      0.01023673	      2.31348936	      0.01607931	     -8.20074059	      0.02050691	    -12.61830550	    441.59641451	    -24.40758705	     -2.28863237	      0.01048936	      2.69100287	     -0.01320149	     10.69659112	      0.03196281
      1.38200000	     -2.64368250	    439.41574604	     19.65829588	     -2.27586654	      0.01023693	      2.31345100	      0.01611687	     -8.21989406	      0.02055481	    -12.66628422	    441.21940361	    -24.18216748	     -2.28856617	      0.01048952	      2.69097599	     -0.01320009	     10.69545323	      0.03195941
      1.38300000	     -3.10547614	    439.74621862	     19.94855757	     -2.27571881	      0.01023712	      2.31341213	      0.01614978	     -8.23668036	      0.02059679	    -12.71205916	    440.86006090	    -23.95102408	     -2.28850247	      0.01048968	      2.69094745	     -0.01319893	     10.69450981	      0.03195659
      1.38400000	     -3.54286751	    440.01667802	     20.24178418	     -2.27557270	      0.01023731	      2.31337289	      0.01617813	     -8.25113946	      0.02063294	    -12.75560504	    440.52060258	    -23.71450894	     -2.28844150	      0.01048985	      2.69091723	     -0.01319801	     10.69377037	      0.03195438
      1.38500000	     -3.95558771	    440.22753403	     20.53690246	     -2.27542839	      0.01023749	      2.31333344	      0.01620201	     -8.26332005	      0.02066340	    -12.79688481	    440.20304852	    -23.47301464	     -2.28838350	      0.01049001	      2.69088533	     -0.01319736	     10.69324059	      0.03195279
      1.38600000	     -4.34352127	    440.37946335	     20.83281357	     -2.27528607	      0.01023768	      2.31329394	      0.01622154	     -8.27327896	      0.02068830	    -12.83585263	    439.90920000	    -23.22697110	     -2.28832872	      0.01049018	      2.69085178	     -0.01319697	     10.69292208	      0.03195184
      1.38700000	     -4.70669309	    440.47339608	     21.12839659	     -2.27514591	      0.01023785	      2.31325456	      0.01623684	     -8.28108051	      0.02070781	    -12.87245656	    439.64061907	    -22.97684193	     -2.28827733	      0.01049035	      2.69081658	     -0.01319683	     10.69281217	      0.03195151
      1.38800000	     -5.04525355	    440.51050163	     21.42251225	     -2.27500809	      0.01023802	      2.31321549	      0.01624804	     -8.28679584	      0.02072211	    -12.90664083	    439.39861026	    -22.72312015	     -2.28822953	      0.01049052	      2.69077977	     -0.01319694	     10.69290382	      0.03195179
      1.38900000	     -5.35946198	    440.49217409	     21.71400692	     -2.27487282	      0.01023819	      2.31317693	      0.01625531	     -8.29050225	      0.02073137	    -12.93834769	    439.18420481	    -22.46632344	     -2.28818547	      0.01049069	      2.69074137	     -0.01319729	     10.69318552	      0.03195263
      1.39000000	     -5.64966903	    440.42001722	     22.00171679	     -2.27474028	      0.01023836	      2.31313907	      0.01625880	     -8.29228253	      0.02073583	    -12.96751889	    438.99814777	    -22.20698900	     -2.28814528	      0.01049086	      2.69070142	     -0.01319785	     10.69364131	      0.03195399
      1.39100000	     -5.91629812	    440.29582911	     22.28447239	     -2.27461068	      0.01023852	      2.31310213	      0.01625869	     -8.29222428	      0.02073568	    -12.99409676	    438.84088845	    -21.94566789	     -2.28810905	      0.01049103	      2.69065997	     -0.01319861	     10.69425085	      0.03195581
      1.39200000	     -6.15982660	    440.12158666	     22.56110326	     -2.27448422	      0.01023868	      2.31306633	      0.01625515	     -8.29041924	      0.02073117	    -13.01802484	    438.71257403	    -21.68291923	     -2.28807685	      0.01049119	      2.69061706	     -0.01319952	     10.69498962	      0.03195802
      1.39300000	     -6.38076686	    439.89942975	     22.83044304	     -2.27436112	      0.01023883	      2.31303190	      0.01624837	     -8.28696266	      0.02072252	    -13.03924828	    438.61304693	    -21.41930413	     -2.28804873	      0.01049136	      2.69057274	     -0.01320055	     10.69582909	      0.03196053
      1.39400000	     -6.57964773	    439.63164527	     23.09133473	     -2.27424159	      0.01023899	      2.31299905	      0.01623855	     -8.28195266	      0.02070999	    -13.05771379	    438.54184566	    -21.15537955	     -2.28802468	      0.01049153	      2.69052709	     -0.01320167	     10.69673710	      0.03196324
      1.39500000	     -6.75699681	    439.32065087	     23.34263615	     -2.27412586	      0.01023914	      2.31296802	      0.01622587	     -8.27548962	      0.02069383	    -13.07336936	    438.49820948	    -20.89169222	     -2.28800469	      0.01049169	      2.69048015	     -0.01320284	     10.69767821	      0.03196605
      1.39600000	     -6.91332372	    438.96897853	     23.58322575	     -2.27401414	      0.01023928	      2.31293904	      0.01621055	     -8.26767554	      0.02067429	    -13.08616368	    438.48108661	    -20.62877267	     -2.28798872	      0.01049186	      2.69043198	     -0.01320399	     10.69861417	      0.03196885
      1.39700000	     -7.04910490	    438.57925783	     23.81200839	     -2.27390668	      0.01023943	      2.31291233	      0.01619278	     -8.25861345	      0.02065163	    -13.09604527	    438.48914603	    -20.36712947	     -2.28797667	      0.01049202	      2.69038266	     -0.01320509	     10.69950439	      0.03197151
      1.39800000	     -7.16477001	    438.15419901	     24.02792136	     -2.27380369	      0.01023957	      2.31288812	      0.01617277	     -8.24840684	      0.02062611	    -13.10296147	    438.52079269	    -20.10724382	     -2.28796845	      0.01049218	      2.69033224	     -0.01320608	     10.70030653	      0.03197391
      1.39900000	     -7.26069040	    437.69657578	     24.22994035	     -2.27370540	      0.01023971	      2.31286663	      0.01615072	     -8.23715906	      0.02059798	    -13.10685719	    438.57418579	    -19.84956442	     -2.28796394	      0.01049234	      2.69028080	     -0.01320691	     10.70097702	      0.03197591
      1.40000000	     -7.33716956	    437.20920800	     24.41708545	     -2.27361206	      0.01023984	      2.31284806	      0.01612682	     -8.22497270	      0.02056751	    -13.10767358	    438.64725997	    -19.59450288	     -2.28796299	      0.01049250	      2.69022840	     -0.01320752	     10.70147166	      0.03197739
      1.40100000	     -7.39443602	    436.69494422	     24.58842700	     -2.27352389	      0.01023998	      2.31283261	      0.01610129	     -8.21194909	      0.02053494	    -13.10534649	    438.73774890	    -19.34242943	     -2.28796543	      0.01049265	      2.69017512	     -0.01320786	     10.70174624	      0.03197821
      1.40200000	     -7.43263861	    436.15664423	     24.74309142	     -2.27344112	      0.01024011	      2.31282047	      0.01607431	     -8.19818766	      0.02050053	    -13.09980493	    438.84321108	    -19.09366921	     -2.28797110	      0.01049281	      2.69012101	     -0.01320787	     10.70175707	      0.03197824
      1.40300000	     -7.45184427	    435.59716177	     24.88026673	     -2.27336397	      0.01024024	      2.31281181	      0.01604607	     -8.18378544	      0.02046452	    -13.09096930	    438.96105726	    -18.84849899	     -2.28797979	      0.01049296	      2.69006614	     -0.01320750	     10.70146157	      0.03197736
      1.40400000	     -7.45203846	    435.01932745	     24.99920798	     -2.27329265	      0.01024037	      2.31280680	      0.01601676	     -8.16883646	      0.02042713	    -13.07874972	    439.08857900	    -18.60714439	     -2.28799133	      0.01049311	      2.69001057	     -0.01320671	     10.70081874	      0.03197544
      1.40500000	     -7.43312821	    434.42593213	     25.09924229	     -2.27322738	      0.01024049	      2.31280557	      0.01598655	     -8.15343130	      0.02038861	    -13.06304418	    439.22297813	    -18.36977772	     -2.28800550	      0.01049326	      2.68995438	     -0.01320544	     10.69978967	      0.03197236
      1.40600000	     -7.39494779	    433.81971095	     25.17977361	     -2.27316834	      0.01024061	      2.31280824	      0.01595562	     -8.13765658	      0.02034916	    -13.04373693	    439.36139634	    -18.13651627	     -2.28802210	      0.01049341	      2.68989761	     -0.01320365	     10.69833790	      0.03196803
      1.40700000	     -7.33726695	    433.20332815	     25.24028715	     -2.27311571	      0.01024073	      2.31281493	      0.01592413	     -8.12159456	      0.02030900	    -13.02069686	    439.50094477	    -17.90742127	     -2.28804094	      0.01049356	      2.68984032	     -0.01320129	     10.69642976	      0.03196232
      1.40800000	     -7.25980165	    432.57936304	     25.28035329	     -2.27306966	      0.01024085	      2.31282572	      0.01589223	     -8.10532281	      0.02026831	    -12.99377614	    439.63873296	    -17.68249749	     -2.28806181	      0.01049371	      2.68978258	     -0.01319834	     10.69403469	      0.03195517
      1.40900000	     -7.16222708	    431.95029721	     25.29963122	     -2.27303034	      0.01024096	      2.31284066	      0.01586005	     -8.08891395	      0.02022728	    -12.96280924	    439.77189692	    -17.46169342	     -2.28808454	      0.01049385	      2.68972442	     -0.01319475	     10.69112539	      0.03194647
      1.41000000	     -7.04419282	    431.31850330	     25.29787197	     -2.27299786	      0.01024108	      2.31285980	      0.01582774	     -8.07243541	      0.02018607	    -12.92761226	    439.89762600	    -17.24490218	     -2.28810893	      0.01049400	      2.68966590	     -0.01319049	     10.68767800	      0.03193617
      1.41100000	     -6.90533985	    430.68623538	     25.27492103	     -2.27297232	      0.01024118	      2.31288316	      0.01579542	     -8.05594944	      0.02014485	    -12.88798279	    440.01318814	    -17.03196310	     -2.28813483	      0.01049414	      2.68960707	     -0.01318555	     10.68367218	      0.03192420
      1.41200000	     -6.74531917	    430.05562121	     25.23072043	     -2.27295380	      0.01024129	      2.31291073	      0.01576319	     -8.03951299	      0.02010375	    -12.84370025	    440.11595343	    -16.82266397	     -2.28816208	      0.01049428	      2.68954795	     -0.01317990	     10.67909110	      0.03191051
      1.41300000	     -6.56381162	    429.42865635	     25.16531023	     -2.27294232	      0.01024139	      2.31294248	      0.01573116	     -8.02317783	      0.02006290	    -12.79452695	    440.20341559	    -16.61674405	     -2.28819055	      0.01049443	      2.68948859	     -0.01317352	     10.67392145	      0.03189507
      1.41400000	     -6.36054856	    428.80720030	     25.07882947	     -2.27293789	      0.01024149	      2.31297837	      0.01569942	     -8.00699063	      0.02002242	    -12.74020969	    440.27321136	    -16.41389769	     -2.28822010	      0.01049457	      2.68942902	     -0.01316640	     10.66815336	      0.03187783
      1.41500000	     -6.13533301	    428.19297459	     24.97151640	     -2.27294049	      0.01024158	      2.31301832	      0.01566806	     -7.99099319	      0.01998242	    -12.68048207	    440.32313750	    -16.21377871	     -2.28825064	      0.01049471	      2.68936926	     -0.01315853	     10.66178021	      0.03185879
      1.41600000	     -5.88806077	    427.58756283	     24.84370810	     -2.27295005	      0.01024168	      2.31306224	      0.01563714	     -7.97522265	      0.01994298	    -12.61506756	    440.35116544	    -16.01600540	     -2.28828209	      0.01049485	      2.68930934	     -0.01314991	     10.65479854	      0.03183792
      1.41700000	     -5.61874110	    426.99241254	     24.69583946	     -2.27296645	      0.01024176	      2.31311002	      0.01560672	     -7.95971182	      0.01990419	    -12.54368314	    440.35545356	    -15.82016616	     -2.28831439	      0.01049499	      2.68924926	     -0.01314055	     10.64720785	      0.03181524
      1.41800000	     -5.32751640	    426.40883867	     24.52844139	     -2.27298956	      0.01024185	      2.31316152	      0.01557688	     -7.94448949	      0.01986613	    -12.46604370	    440.33435687	    -15.62582570	     -2.28834747	      0.01049513	      2.68918905	     -0.01313043	     10.63901040	      0.03179075
      1.41900000	     -5.01468057	    425.83802860	     24.34213841	     -2.27301918	      0.01024193	      2.31321660	      0.01554765	     -7.92958085	      0.01982885	    -12.38186705	    440.28643449	    -15.43253176	     -2.28838132	      0.01049527	      2.68912872	     -0.01311957	     10.63021103	      0.03176445
      1.42000000	     -4.68069543	    425.28104823	     24.13764548	     -2.27305509	      0.01024200	      2.31327509	      0.01551907	     -7.91500786	      0.01979241	    -12.29087943	    440.21045466	    -15.23982220	     -2.28841593	      0.01049540	      2.68906825	     -0.01310798	     10.62081697	      0.03173638
      1.42100000	     -4.32620495	    424.73884904	     23.91576413	     -2.27309700	      0.01024207	      2.31333682	      0.01549119	     -7.90078965	      0.01975685	    -12.19282163	    440.10539763	    -15.04723234	     -2.28845129	      0.01049554	      2.68900767	     -0.01309566	     10.61083767	      0.03170656
      1.42200000	     -3.95204678	    424.21227566	     23.67737795	     -2.27314461	      0.01024214	      2.31340160	      0.01546404	     -7.88694297	      0.01972223	    -12.08745539	    439.97045640	    -14.85430251	     -2.28848745	      0.01049568	      2.68894696	     -0.01308263	     10.60028457	      0.03167503
      1.42300000	     -3.55926093	    423.70207368	     23.42344734	     -2.27319755	      0.01024221	      2.31346921	      0.01543765	     -7.87348259	      0.01968857	    -11.97457009	    439.80503559	    -14.66058549	     -2.28852441	      0.01049581	      2.68888612	     -0.01306892	     10.58917098	      0.03164182
      1.42400000	     -3.14909523	    423.20889734	     23.15500366	     -2.27325544	      0.01024227	      2.31353946	      0.01541204	     -7.86042168	      0.01965591	    -11.85398954	    439.60874851	    -14.46565391	     -2.28856224	      0.01049595	      2.68882514	     -0.01305453	     10.57751184	      0.03160698
      1.42500000	     -2.72300731	    422.73331684	     22.87314270	     -2.27331784	      0.01024233	      2.31361212	      0.01538724	     -7.84777220	      0.01962428	    -11.72557870	    439.38141251	    -14.26910731	     -2.28860099	      0.01049608	      2.68876402	     -0.01303949	     10.56532359	      0.03157056
      1.42600000	     -2.28266325	    422.27582495	     22.57901764	     -2.27338428	      0.01024239	      2.31368697	      0.01536327	     -7.83554527	      0.01959370	    -11.58925005	    439.12304302	    -14.07057883	     -2.28864072	      0.01049622	      2.68870275	     -0.01302381	     10.55262397	      0.03153261
      1.42700000	     -1.82993247	    421.83684263	     22.27383133	     -2.27345427	      0.01024244	      2.31376378	      0.01534014	     -7.82375146	      0.01956421	    -11.44496959	    438.83384612	    -13.86974131	     -2.28868149	      0.01049635	      2.68864132	     -0.01300753	     10.53943185	      0.03149319
      1.42800000	     -1.36687925	    421.41672364	     21.95882804	     -2.27352728	      0.01024249	      2.31384232	      0.01531789	     -7.81240108	      0.01953583	    -11.29276209	    438.51420991	    -13.66631284	     -2.28872338	      0.01049648	      2.68857973	     -0.01299067	     10.52576707	      0.03145236
      1.42900000	     -0.89575062	    421.01575778	     21.63528480	     -2.27360275	      0.01024255	      2.31392236	      0.01529652	     -7.80150441	      0.01950858	    -11.13271563	    438.16469489	    -13.46006151	     -2.28876646	      0.01049661	      2.68851797	     -0.01297324	     10.51165026	      0.03141018
      1.43000000	     -0.41896109	    420.63417280	     21.30450213	     -2.27368011	      0.01024260	      2.31400367	      0.01527607	     -7.79107194	      0.01948249	    -10.96498509	    437.78602320	    -13.25080945	     -2.28881078	      0.01049675	      2.68845605	     -0.01295529	     10.49710263	      0.03136671
      1.43100000	      0.06092581	    420.27213492	     20.96779458	     -2.27375876	      0.01024265	      2.31408601	      0.01525655	     -7.78111448	      0.01945759	    -10.78979476	    437.37906709	    -13.03843593	     -2.28885643	      0.01049687	      2.68839398	     -0.01293683	     10.48214586	      0.03132202
      1.43200000	      0.54121871	    419.92974790	     20.62648088	     -2.27383811	      0.01024270	      2.31416916	      0.01523797	     -7.77164331	      0.01943391	    -10.60743969	    436.94483657	    -12.82287962	     -2.28890344	      0.01049700	      2.68833176	     -0.01291789	     10.46680189	      0.03127617
      1.43300000	      1.01912219	    419.60705078	     20.28187398	     -2.27391754	      0.01024276	      2.31425290	      0.01522038	     -7.76267025	      0.01941147	    -10.41828606	    436.48446654	    -12.60413998	     -2.28895187	      0.01049713	      2.68826940	     -0.01289851	     10.45109282	      0.03122923
      1.43400000	      1.49176251	    419.30401449	     19.93527115	     -2.27399642	      0.01024281	      2.31433700	      0.01520379	     -7.75420769	      0.01939031	    -10.22277019	    435.99920339	    -12.38227767	     -2.28900175	      0.01049725	      2.68820695	     -0.01287869	     10.43504071	      0.03118126
      1.43500000	      1.95621523	    419.02053728	     19.58794408	     -2.27407415	      0.01024287	      2.31442125	      0.01518822	     -7.74626865	      0.01937045	    -10.02139648	    435.49039125	    -12.15741414	     -2.28905310	      0.01049738	      2.68814441	     -0.01285849	     10.41866757	      0.03113233
      1.43600000	      2.40953391	    418.75643949	     19.24112941	     -2.27415010	      0.01024293	      2.31450545	      0.01517371	     -7.73886667	      0.01935194	     -9.81473412	    434.95945812	    -11.92973024	     -2.28910594	      0.01049750	      2.68808183	     -0.01283791	     10.40199521	      0.03108252
      1.43700000	      2.84877976	    418.51145773	     18.89601953	     -2.27422367	      0.01024300	      2.31458939	      0.01516028	     -7.73201584	      0.01933481	     -9.60341268	    434.40790175	    -11.69946415	     -2.28916025	      0.01049762	      2.68801925	     -0.01281699	     10.38504520	      0.03103187
      1.43800000	      3.27105153	    418.28523879	     18.55375407	     -2.27429427	      0.01024307	      2.31467289	      0.01514795	     -7.72573064	      0.01931910	     -9.38811670	    433.83727559	    -11.46690838	     -2.28921602	      0.01049774	      2.68795672	     -0.01279576	     10.36783887	      0.03098045
      1.43900000	      3.67351527	    418.07733372	     18.21541204	     -2.27436133	      0.01024314	      2.31475576	      0.01513677	     -7.72002587	      0.01930483	     -9.16957921	    433.24917484	    -11.23240614	     -2.28927322	      0.01049785	      2.68789431	     -0.01277423	     10.35039729	      0.03092833
      1.44000000	      4.05343353	    417.88719223	     17.88200470	     -2.27442430	      0.01024323	      2.31483783	      0.01512675	     -7.71491646	      0.01929205	     -8.94857452	    432.64522256	    -10.99634709	     -2.28933177	      0.01049797	      2.68783206	     -0.01275244	     10.33274130	      0.03087558
      1.44100000	      4.40819342	    417.71415785	     17.55446941	     -2.27448264	      0.01024331	      2.31491893	      0.01511793	     -7.71041734	      0.01928080	     -8.72591019	    432.02705623	    -10.75916247	     -2.28939163	      0.01049808	      2.68777006	     -0.01273041	     10.31489154	      0.03082224
      1.44200000	      4.73533330	    417.55746411	     17.23366443	     -2.27453586	      0.01024341	      2.31499891	      0.01511033	     -7.70654321	      0.01927112	     -8.50241851	    431.39631456	    -10.52131983	     -2.28945270	      0.01049819	      2.68770839	     -0.01270817	     10.29686851	      0.03076838
      1.44300000	      5.03256748	    417.41623222	     16.92036467	     -2.27458350	      0.01024351	      2.31507763	      0.01510399	     -7.70330837	      0.01926303	     -8.27894747	    430.75462495	    -10.28331724	     -2.28951488	      0.01049829	      2.68764711	     -0.01268573	     10.27869265	      0.03071407
      1.44400000	      5.29780882	    417.28947027	     16.61525852	     -2.27462512	      0.01024362	      2.31515495	      0.01509893	     -7.70072650	      0.01925657	     -8.05635149	    430.10359161	    -10.04567728	     -2.28957806	      0.01049840	      2.68758633	     -0.01266314	     10.26038436	      0.03065936
      1.44500000	      5.52918878	    417.17607456	     16.31894575	     -2.27466034	      0.01024375	      2.31523076	      0.01509517	     -7.69881046	      0.01925178	     -7.83548201	    429.44478437	     -9.80894063	     -2.28964212	      0.01049850	      2.68752612	     -0.01264040	     10.24196411	      0.03060432
      1.44600000	      5.72507467	    417.07483298	     16.03193637	     -2.27468881	      0.01024388	      2.31530495	      0.01509274	     -7.69757211	      0.01924868	     -7.61717809	    428.77972850	     -9.57365960	     -2.28970692	      0.01049860	      2.68746658	     -0.01261756	     10.22345249	      0.03054901
      1.44700000	      5.88408398	    416.98443079	     15.75465055	     -2.27471021	      0.01024401	      2.31537743	      0.01509166	     -7.69702215	      0.01924731	     -7.40225724	    428.10989546	     -9.34039143	     -2.28977230	      0.01049869	      2.68740781	     -0.01259462	     10.20487027	      0.03049348
      1.44800000	      6.00509567	    416.90345890	     15.48741955	     -2.27472429	      0.01024416	      2.31544810	      0.01509195	     -7.69716994	      0.01924768	     -7.19150641	    427.43669482	     -9.10969167	     -2.28983813	      0.01049878	      2.68734988	     -0.01257163	     10.18623846	      0.03043781
      1.44900000	      6.08725818	    416.83042458	     15.23048760	     -2.27473083	      0.01024432	      2.31551690	      0.01509363	     -7.69802342	      0.01924981	     -6.98567352	    426.76146729	     -8.88210757	     -2.28990423	      0.01049887	      2.68729291	     -0.01254860	     10.16757844	      0.03038205
      1.45000000	      6.12999436	    416.76376484	     14.98401468	     -2.27472966	      0.01024449	      2.31558377	      0.01509670	     -7.69958900	      0.01925373	     -6.78545938	    426.08547914	     -8.65817168	     -2.28997045	      0.01049896	      2.68723697	     -0.01252556	     10.14891199	      0.03032627
      1.45100000	      6.13300316	    416.70186220	     14.74808018	     -2.27472066	      0.01024467	      2.31564867	      0.01510117	     -7.70187154	      0.01925943	     -6.59151034	    425.40991782	     -8.43839575	     -2.29003662	      0.01049904	      2.68718216	     -0.01250254	     10.13026142	      0.03027054
      1.45200000	      6.09625829	    416.64306292	     14.52268722	     -2.27470376	      0.01024486	      2.31571155	      0.01510706	     -7.70487424	      0.01926694	     -6.40441153	    424.73588900	     -8.22326484	     -2.29010258	      0.01049912	      2.68712855	     -0.01247957	     10.11164967	      0.03021492
      1.45300000	      6.02000395	    416.58569738	     14.30776766	     -2.27467894	      0.01024506	      2.31577240	      0.01511436	     -7.70859872	      0.01927626	     -6.22468098	    424.06441492	     -8.01323198	     -2.29016817	      0.01049919	      2.68707623	     -0.01245668	     10.09310045	      0.03015950
      1.45400000	      5.90474781	    416.52810247	     14.10318761	     -2.27464623	      0.01024527	      2.31583121	      0.01512308	     -7.71304497	      0.01928737	     -6.05276449	    423.39643412	     -7.80871325	     -2.29023323	      0.01049926	      2.68702526	     -0.01243389	     10.07463830	      0.03010433
      1.45500000	      5.75125146	    416.46864543	     13.90875322	     -2.27460571	      0.01024550	      2.31588798	      0.01513321	     -7.71821140	      0.01930029	     -5.88903142	    422.73280238	     -7.61008341	     -2.29029760	      0.01049933	      2.68697572	     -0.01241125	     10.05628878	      0.03004950
      1.45600000	      5.56051868	    416.40574898	     13.72421678	     -2.27455752	      0.01024573	      2.31594273	      0.01514475	     -7.72409486	      0.01931501	     -5.73377149	    422.07429487	     -7.41767218	     -2.29036115	      0.01049940	      2.68692765	     -0.01238877	     10.03807852	      0.02999508
      1.45700000	      5.33378164	    416.33791714	     13.54928292	     -2.27450184	      0.01024597	      2.31599548	      0.01515768	     -7.73069067	      0.01933150	     -5.58719238	    421.42160943	     -7.23176109	     -2.29042374	      0.01049946	      2.68688113	     -0.01236650	     10.02003538	      0.02994117
      1.45800000	      5.07248553	    416.26376118	     13.38361472	     -2.27443890	      0.01024622	      2.31604627	      0.01517200	     -7.73799266	      0.01934976	     -5.44941848	    420.77537079	     -7.05258105	     -2.29048523	      0.01049952	      2.68683618	     -0.01234448	     10.00218853	      0.02988784
      1.45900000	      4.77827180	    416.18202527	     13.22683965	     -2.27436899	      0.01024648	      2.31609515	      0.01518768	     -7.74599321	      0.01936976	     -5.32049049	    420.13613579	     -6.88031053	     -2.29054553	      0.01049957	      2.68679285	     -0.01232273	      9.98456850	      0.02983519
      1.46000000	      4.45296048	    416.09161112	     13.07855531	     -2.27429244	      0.01024675	      2.31614218	      0.01520472	     -7.75468329	      0.01939150	     -5.20036605	    419.50439933	     -6.71507450	     -2.29060451	      0.01049963	      2.68675117	     -0.01230130	      9.96720724	      0.02978331
      1.46100000	      4.09853192	    415.99160111	     12.93833463	     -2.27420963	      0.01024702	      2.31618743	      0.01522309	     -7.76405245	      0.01941492	     -5.08892141	    418.88060109	     -6.55694401	     -2.29066210	      0.01049967	      2.68671115	     -0.01228024	      9.95013814	      0.02973231
      1.46200000	      3.71710815	    415.88127936	     12.80573066	     -2.27412101	      0.01024730	      2.31623099	      0.01524277	     -7.77408888	      0.01944002	     -4.98595390	    418.26513287	     -6.40593645	     -2.29071821	      0.01049972	      2.68667281	     -0.01225958	      9.93339595	      0.02968228
      1.46300000	      3.31093436	    415.76015021	     12.68028073	     -2.27402703	      0.01024759	      2.31627294	      0.01526373	     -7.78477940	      0.01946675	     -4.89118551	    417.65834641	     -6.26201661	     -2.29077276	      0.01049976	      2.68663616	     -0.01223936	      9.91701672	      0.02963334
      1.46400000	      2.88236065	    415.62795363	     12.56150996	     -2.27392824	      0.01024789	      2.31631339	      0.01528595	     -7.79610948	      0.01949509	     -4.80426725	    417.06056160	     -6.12509837	     -2.29082572	      0.01049980	      2.68660119	     -0.01221964	      9.90103770	      0.02958559
      1.46500000	      2.43382428	    415.48467727	     12.44893411	     -2.27382518	      0.01024819	      2.31635245	      0.01530938	     -7.80806321	      0.01952498	     -4.72478442	    416.47207492	     -5.99504717	     -2.29087702	      0.01049984	      2.68656790	     -0.01220046	      9.88549715	      0.02953915
      1.46600000	      1.96783269	    415.33056466	     12.34206174	     -2.27371848	      0.01024849	      2.31639023	      0.01533401	     -7.82062338	      0.01955639	     -4.65226273	    415.89316787	     -5.87168299	     -2.29092665	      0.01049987	      2.68653626	     -0.01218187	      9.87043421	      0.02949414
      1.46700000	      1.48694720	    415.16611952	     12.24039566	     -2.27360876	      0.01024880	      2.31642687	      0.01535979	     -7.83377143	      0.01958926	     -4.58617503	    415.32411545	     -5.75478412	     -2.29097459	      0.01049990	      2.68650626	     -0.01216392	      9.85588862	      0.02945068
      1.46800000	      0.99376772	    414.99210577	     12.14343378	     -2.27349672	      0.01024911	      2.31646251	      0.01538668	     -7.84748752	      0.01962356	     -4.52594883	    414.76519433	     -5.64409129	     -2.29102082	      0.01049993	      2.68647787	     -0.01214665	      9.84190052	      0.02940888
      1.46900000	      0.49091829	    414.80954335	     12.05066926	     -2.27338307	      0.01024942	      2.31649728	      0.01541465	     -7.86175059	      0.01965923	     -4.47097431	    414.21669064	     -5.53931242	     -2.29106535	      0.01049995	      2.68645105	     -0.01213013	      9.82851015	      0.02936887
      1.47000000	     -0.01896653	    414.61969973	     11.96159022	     -2.27326853	      0.01024973	      2.31653134	      0.01544364	     -7.87653842	      0.01969621	     -4.42061276	    413.67890725	     -5.44012778	     -2.29110820	      0.01049998	      2.68642578	     -0.01211439	      9.81575754	      0.02933076
      1.47100000	     -0.53325428	    414.42407729	     11.87567892	     -2.27315388	      0.01025004	      2.31656486	      0.01547362	     -7.89182779	      0.01973444	     -4.37420530	    413.15217020	     -5.34619546	     -2.29114939	      0.01050000	      2.68640202	     -0.01209949	      9.80368216	      0.02929468
      1.47200000	     -1.04932658	    414.22439658	     11.79241071	     -2.27303990	      0.01025034	      2.31659799	      0.01550454	     -7.90759464	      0.01977387	     -4.33108181	    412.63683426	     -5.25715717	     -2.29118896	      0.01050001	      2.68637973	     -0.01208547	      9.79232260	      0.02926073
      1.47300000	     -1.56459024	    414.02257591	     11.71125271	     -2.27292737	      0.01025064	      2.31663090	      0.01553634	     -7.92381421	      0.01981443	     -4.29056968	    412.13328735	     -5.17264423	     -2.29122697	      0.01050003	      2.68635888	     -0.01207238	      9.78171612	      0.02922904
      1.47400000	     -2.07648782	    413.82070745	     11.63166250	     -2.27281710	      0.01025094	      2.31666378	      0.01556898	     -7.94046131	      0.01985606	     -4.25200247	    411.64195359	     -5.09228357	     -2.29126345	      0.01050004	      2.68633943	     -0.01206026	      9.77189833	      0.02919970
      1.47500000	     -2.58250757	    413.62103021	     11.55308691	     -2.27270990	      0.01025124	      2.31669679	      0.01560241	     -7.95751050	      0.01989869	     -4.21472813	    411.16329490	     -5.01570379	     -2.29129848	      0.01050005	      2.68632134	     -0.01204916	      9.76290273	      0.02917282
      1.47600000	     -3.08019291	    413.42590045	     11.47496094	     -2.27260657	      0.01025152	      2.31673011	      0.01563657	     -7.97493633	      0.01994226	     -4.17811669	    410.69781116	     -4.94254092	     -2.29133214	      0.01050006	      2.68630459	     -0.01203911	      9.75476033	      0.02914849
      1.47700000	     -3.56715156	    413.23775990	     11.39670716	     -2.27250789	      0.01025180	      2.31676393	      0.01567143	     -7.99271354	      0.01998672	     -4.14156731	    410.24603861	     -4.87244405	     -2.29136449	      0.01050007	      2.68628916	     -0.01203015	      9.74749926	      0.02912680
      1.47800000	     -4.04106433	    413.05910236	     11.31773539	     -2.27241465	      0.01025207	      2.31679842	      0.01570693	     -8.01081730	      0.02003199	     -4.10451457	    409.80854675	     -4.80508056	     -2.29139564	      0.01050007	      2.68627501	     -0.01202230	      9.74114432	      0.02910781
      1.47900000	     -4.49969371	    412.89243925	     11.23744299	     -2.27232761	      0.01025233	      2.31683376	      0.01574302	     -8.02922338	      0.02007802	     -4.06643382	    409.38593360	     -4.74014089	     -2.29142567	      0.01050007	      2.68626214	     -0.01201560	      9.73571671	      0.02909159
      1.48000000	     -4.94089236	    412.74026460	     11.15521567	     -2.27224749	      0.01025258	      2.31687011	      0.01577965	     -8.04790835	      0.02012474	     -4.02684569	    408.97881937	     -4.67734289	     -2.29145469	      0.01050007	      2.68625053	     -0.01201007	      9.73123363	      0.02907819
      1.48100000	     -5.36261131	    412.60502014	     11.07042908	     -2.27217500	      0.01025281	      2.31690765	      0.01581679	     -8.06684977	      0.02017210	     -3.98531956	    408.58783867	     -4.61643555	     -2.29148279	      0.01050007	      2.68624018	     -0.01200572	      9.72770805	      0.02906766
      1.48200000	     -5.76290822	    412.48906095	     10.98245093	     -2.27211080	      0.01025303	      2.31694652	      0.01585439	     -8.08602625	      0.02022006	     -3.94147609	    408.21363134	     -4.55720218	     -2.29151009	      0.01050006	      2.68623109	     -0.01200256	      9.72514846	      0.02906001
      1.48300000	     -6.13995545	    412.39462228	     10.89064391	     -2.27205551	      0.01025324	      2.31698688	      0.01589241	     -8.10541765	      0.02026855	     -3.89498887	    407.85683204	     -4.49946304	     -2.29153670	      0.01050005	      2.68622326	     -0.01200060	      9.72355869	      0.02905526
      1.48400000	     -6.49204797	    412.32378804	     10.79436934	     -2.27200971	      0.01025344	      2.31702886	      0.01593082	     -8.12500508	      0.02031753	     -3.84558515	    407.51805869	     -4.44307727	     -2.29156272	      0.01050004	      2.68621670	     -0.01199983	      9.72293780	      0.02905340
      1.48500000	     -6.81761123	    412.27846151	     10.69299137	     -2.27197392	      0.01025362	      2.31707259	      0.01596957	     -8.14477093	      0.02036696	     -3.79304576	    407.19790003	     -4.38794430	     -2.29158827	      0.01050002	      2.68621142	     -0.01200026	      9.72327996	      0.02905443
      1.48600000	     -7.11520875	    412.26033853	     10.58588186	     -2.27194860	      0.01025378	      2.31711817	      0.01600864	     -8.16469890	      0.02041679	     -3.73720445	    406.89690236	     -4.33400458	     -2.29161346	      0.01050001	      2.68620746	     -0.01200185	      9.72457449	      0.02905829
      1.48700000	     -7.38354948	    412.27088377	     10.47242575	     -2.27193418	      0.01025393	      2.31716570	      0.01604801	     -8.18477390	      0.02046699	     -3.67794644	    406.61555575	     -4.28123979	     -2.29163839	      0.01049998	      2.68620482	     -0.01200461	      9.72680585	      0.02906496
      1.48800000	     -7.62149479	    412.31131020	     10.35202685	     -2.27193099	      0.01025406	      2.31721525	      0.01608763	     -8.20498200	      0.02051752	     -3.61520663	    406.35427991	     -4.22967237	     -2.29166315	      0.01049996	      2.68620353	     -0.01200849	      9.72995372	      0.02907437
      1.48900000	     -7.82806509	    412.38256216	     10.22411394	     -2.27193932	      0.01025417	      2.31726689	      0.01612749	     -8.22531037	      0.02056835	     -3.54896736	    406.11341004	     -4.17936464	     -2.29168784	      0.01049992	      2.68620363	     -0.01201348	      9.73399318	      0.02908644
      1.49000000	     -8.00244583	    412.48530204	     10.08814712	     -2.27195939	      0.01025427	      2.31732066	      0.01616756	     -8.24574710	      0.02061946	     -3.47925588	    405.89318273	     -4.13041723	     -2.29171254	      0.01049989	      2.68620513	     -0.01201953	      9.73889489	      0.02910109
      1.49100000	     -8.14399288	    412.61990077	      9.94362423	     -2.27199134	      0.01025434	      2.31737658	      0.01620782	     -8.26628121	      0.02067081	     -3.40614183	    405.69372249	     -4.08296716	     -2.29173732	      0.01049985	      2.68620808	     -0.01202660	      9.74462536	      0.02911821
      1.49200000	     -8.25223717	    412.78643217	      9.79008718	     -2.27203524	      0.01025440	      2.31743465	      0.01624825	     -8.28690250	      0.02072237	     -3.32973454	    405.51502877	     -4.03718538	     -2.29176225	      0.01049981	      2.68621251	     -0.01203465	      9.75114726	      0.02913770
      1.49300000	     -8.32688844	    412.98467096	      9.62712817	     -2.27209111	      0.01025444	      2.31749485	      0.01628884	     -8.30760153	      0.02077413	     -3.25018057	    405.35696409	     -3.99327403	     -2.29178737	      0.01049976	      2.68621846	     -0.01204362	      9.75841972	      0.02915943
      1.49400000	     -8.36783798	    413.21409458	      9.45439552	     -2.27215888	      0.01025447	      2.31755715	      0.01632956	     -8.32836959	      0.02082607	     -3.16766129	    405.21924333	     -3.95146329	     -2.29181272	      0.01049970	      2.68622596	     -0.01205347	      9.76639877	      0.02918327
      1.49500000	     -8.37516041	    413.47388841	      9.27159908	     -2.27223841	      0.01025447	      2.31762149	      0.01637040	     -8.34919871	      0.02087815	     -3.08239073	    405.10142440	     -3.91200808	     -2.29183831	      0.01049965	      2.68623505	     -0.01206413	      9.77503767	      0.02920908
      1.49600000	     -8.34911428	    413.76295441	      9.07851497	     -2.27232950	      0.01025446	      2.31768779	      0.01641134	     -8.37008172	      0.02093037	     -2.99461376	    405.00290071	     -3.87518453	     -2.29186415	      0.01049958	      2.68624577	     -0.01207555	      9.78428734	      0.02923672
      1.49700000	     -8.29014141	    414.07992286	      8.87498971	     -2.27243187	      0.01025443	      2.31775596	      0.01645238	     -8.39101227	      0.02098271	     -2.90460447	    404.92289533	     -3.84128627	     -2.29189023	      0.01049951	      2.68625816	     -0.01208766	      9.79409673	      0.02926604
      1.49800000	     -8.19886509	    414.42316700	      8.66094345	     -2.27254519	      0.01025438	      2.31782587	      0.01649350	     -8.41198491	      0.02103516	     -2.81266492	    404.86045726	     -3.81062076	     -2.29191651	      0.01049944	      2.68627226	     -0.01210039	      9.80441326	      0.02929686
      1.49900000	     -8.07608686	    414.79082035	      8.43637236	     -2.27266906	      0.01025432	      2.31789740	      0.01653470	     -8.43299522	      0.02108769	     -2.71912409	    404.81445985	     -3.78350542	     -2.29194294	      0.01049936	      2.68628810	     -0.01211368	      9.81518313	      0.02932904
      1.50000000	     -7.92278190	    415.18079636	      8.20135013	     -2.27280301	      0.01025424	      2.31797039	      0.01657596	     -8.45403991	      0.02114032	     -2.62433717	    404.78360133	     -3.76026384	     -2.29196946	      0.01049927	      2.68630573	     -0.01212746	      9.82635172	      0.02936242
      1.50100000	     -7.74009307	    415.59081012	      7.95602847	     -2.27294654	      0.01025414	      2.31804469	      0.01661729	     -8.47511688	      0.02119302	     -2.52868481	    404.76640775	     -3.74122182	     -2.29199599	      0.01049918	      2.68632518	     -0.01214167	      9.83786388	      0.02939682
      1.50200000	     -7.52932352	    416.01840191	      7.70063668	     -2.27309906	      0.01025403	      2.31812010	      0.01665867	     -8.49622537	      0.02124581	     -2.43257251	    404.76123805	     -3.72670353	     -2.29202243	      0.01049909	      2.68634648	     -0.01215624	      9.84966428	      0.02943208
      1.50300000	     -7.29192793	    416.46096219	      7.43548037	     -2.27325999	      0.01025391	      2.31819644	      0.01670012	     -8.51736601	      0.02129867	     -2.33642977	    404.76629149	     -3.71702755	     -2.29204865	      0.01049898	      2.68636969	     -0.01217109	      9.86169767	      0.02946804
      1.50400000	     -7.02950240	    416.91575786	      7.16093932	     -2.27342865	      0.01025377	      2.31827352	      0.01674164	     -8.53854089	      0.02135162	     -2.24070907	    404.77961729	     -3.71250299	     -2.29207453	      0.01049888	      2.68639482	     -0.01218616	      9.87390913	      0.02950453
      1.50500000	     -6.74377314	    417.37995937	      6.87746451	     -2.27360436	      0.01025362	      2.31835111	      0.01678323	     -8.55975366	      0.02140467	     -2.14588436	    404.79912652	     -3.71342567	     -2.29209991	      0.01049876	      2.68642191	     -0.01220138	      9.88624435	      0.02954138
      1.50600000	     -6.43658409	    417.85066846	      6.58557459	     -2.27378639	      0.01025346	      2.31842901	      0.01682491	     -8.58100948	      0.02145782	     -2.05244910	    404.82260613	     -3.72007430	     -2.29212464	      0.01049865	      2.68645100	     -0.01221669	      9.89864981	      0.02957845
      1.50700000	     -6.10988348	    418.32494615	      6.28585170	     -2.27397401	      0.01025328	      2.31850699	      0.01686669	     -8.60231514	      0.02151110	     -1.96091371	    404.84773496	     -3.73270687	     -2.29214854	      0.01049852	      2.68648212	     -0.01223203	      9.91107303	      0.02961558
      1.50800000	     -5.76570964	    418.79984076	      5.97893678	     -2.27416643	      0.01025310	      2.31858483	      0.01690857	     -8.62367899	      0.02156452	     -1.87180227	    404.87210174	     -3.75155707	     -2.29217142	      0.01049840	      2.68651529	     -0.01224732	      9.92346272	      0.02965260
      1.50900000	     -5.40617606	    419.27241558	      5.66552454	     -2.27436289	      0.01025291	      2.31866232	      0.01695060	     -8.64511097	      0.02161811	     -1.78564857	    404.89322477	     -3.77683095	     -2.29219311	      0.01049826	      2.68655054	     -0.01226250	      9.93576902	      0.02968937
      1.51000000	     -5.03345594	    419.73977593	      5.34635803	     -2.27456257	      0.01025271	      2.31873922	      0.01699277	     -8.66662256	      0.02167191	     -1.70299149	    404.90857314	     -3.80870374	     -2.29221340	      0.01049813	      2.68658789	     -0.01227753	      9.94794361	      0.02972575
      1.51100000	     -4.64976645	    420.19909528	      5.02222308	     -2.27476470	      0.01025250	      2.31881532	      0.01703513	     -8.68822674	      0.02172593	     -1.62436964	    404.91558925	     -3.84731687	     -2.29223209	      0.01049799	      2.68662737	     -0.01229234	      9.95993993	      0.02976160
      1.51200000	     -4.25735259	    420.64764008	      4.69394248	     -2.27496848	      0.01025229	      2.31889041	      0.01707770	     -8.70993793	      0.02178022	     -1.55031548	    404.91171235	     -3.89277529	     -2.29224897	      0.01049784	      2.68666898	     -0.01230687	      9.97171329	      0.02979678
      1.51300000	     -3.85847120	    421.08279304	      4.36237017	     -2.27517310	      0.01025208	      2.31896428	      0.01712051	     -8.73177192	      0.02183482	     -1.48134897	    404.89440282	     -3.94514507	     -2.29226386	      0.01049769	      2.68671276	     -0.01232107	      9.98322106	      0.02983116
      1.51400000	     -3.45537494	    421.50207439	      4.02838555	     -2.27537781	      0.01025186	      2.31903673	      0.01716360	     -8.75374577	      0.02188977	     -1.41797079	    404.86116691	     -4.00445124	     -2.29227655	      0.01049754	      2.68675869	     -0.01233489	      9.99442276	      0.02986464
      1.51500000	     -3.05029656	    421.90316092	      3.69288780	     -2.27558184	      0.01025163	      2.31910757	      0.01720699	     -8.77587769	      0.02194511	     -1.36065548	    404.80958152	     -4.07067604	     -2.29228685	      0.01049738	      2.68680679	     -0.01234829	     10.00528025	      0.02989708
      1.51600000	     -2.64543365	    422.28390236	      3.35679047	     -2.27578445	      0.01025141	      2.31917663	      0.01725073	     -8.79818685	      0.02200090	     -1.30984450	    404.73731873	     -4.14375749	     -2.29229458	      0.01049722	      2.68685705	     -0.01236122	     10.01575782	      0.02992839
      1.51700000	     -2.24293393	    422.64233499	      3.02101640	     -2.27598493	      0.01025118	      2.31924373	      0.01729486	     -8.82069319	      0.02205718	     -1.26593936	    404.64216961	     -4.22358837	     -2.29229956	      0.01049706	      2.68690946	     -0.01237365	     10.02582229	      0.02995846
      1.51800000	     -1.84488124	    422.97669202	      2.68649280	     -2.27618260	      0.01025096	      2.31930872	      0.01733942	     -8.84341714	      0.02211400	     -1.22929513	    404.52206703	     -4.31001562	     -2.29230165	      0.01049690	      2.68696401	     -0.01238552	     10.03544315	      0.02998721
      1.51900000	     -1.45328250	    423.28541075	      2.35414681	     -2.27637679	      0.01025073	      2.31937144	      0.01738444	     -8.86637931	      0.02217142	     -1.20021433	    404.37510698	     -4.40284022	     -2.29230068	      0.01049673	      2.68702067	     -0.01239681	     10.04459265	      0.03001455
      1.52000000	     -1.07005550	    423.56713642	      2.02490130	     -2.27656690	      0.01025051	      2.31943177	      0.01742997	     -8.88960008	      0.02222949	     -1.17894140	    404.19956822	     -4.50181759	     -2.29229654	      0.01049656	      2.68707942	     -0.01240749	     10.05324589	      0.03004041
      1.52100000	     -0.69701802	    423.82072252	      1.69967109	     -2.27675235	      0.01025029	      2.31948959	      0.01747604	     -8.91309924	      0.02228825	     -1.16565790	    403.99392977	     -4.60665838	     -2.29228911	      0.01049638	      2.68714020	     -0.01241753	     10.06138089	      0.03006472
      1.52200000	     -0.33587799	    424.04522790	      1.37935955	     -2.27693260	      0.01025008	      2.31954477	      0.01752270	     -8.93689549	      0.02234776	     -1.16047849	    403.75688610	     -4.71702988	     -2.29227830	      0.01049621	      2.68720298	     -0.01242691	     10.06897868	      0.03008742
      1.52300000	      0.01177487	    424.23991058	      1.06485548	     -2.27710715	      0.01024987	      2.31959722	      0.01756998	     -8.96100601	      0.02240805	     -1.16344787	    403.48735971	     -4.83255779	     -2.29226404	      0.01049603	      2.68726768	     -0.01243560	     10.07602334	      0.03010847
      1.52400000	      0.34447614	    424.40421871	      0.75703049	     -2.27727557	      0.01024966	      2.31964684	      0.01761790	     -8.98544595	      0.02246916	     -1.17453869	    403.18451104	     -4.95282860	     -2.29224629	      0.01049586	      2.68733425	     -0.01244360	     10.08250198	      0.03012783
      1.52500000	      0.66089223	    424.53777879	      0.45673663	     -2.27743743	      0.01024946	      2.31969355	      0.01766649	     -9.01022792	      0.02253113	     -1.19365044	    402.84774542	     -5.07739220	     -2.29222502	      0.01049568	      2.68740259	     -0.01245088	     10.08840471	      0.03014547
      1.52600000	      0.95982447	    424.64038160	      0.16480440	     -2.27759237	      0.01024927	      2.31973728	      0.01771577	     -9.03536159	      0.02259398	     -1.22060952	    402.47671713	     -5.20576510	     -2.29220022	      0.01049550	      2.68747264	     -0.01245745	     10.09372461	      0.03016136
      1.52700000	      1.24021168	    424.71196631	     -0.11795895	     -2.27774008	      0.01024908	      2.31977794	      0.01776575	     -9.06085321	      0.02265773	     -1.25517025	    402.07133046	     -5.33743381	     -2.29217192	      0.01049532	      2.68754428	     -0.01246329	     10.09845757	      0.03017551
      1.52800000	      1.50113120	    424.75260301	     -0.39077075	     -2.27788028	      0.01024890	      2.31981548	      0.01781644	     -9.08670524	      0.02272237	     -1.29701711	    401.63173794	     -5.47185866	     -2.29214017	      0.01049514	      2.68761742	     -0.01246841	     10.10260223	      0.03018789
      1.52900000	      1.74179849	    424.76247447	     -0.65287410	     -2.27801273	      0.01024872	      2.31984984	      0.01786783	     -9.11291614	      0.02278792	     -1.34576792	    401.15833565	     -5.60847772	     -2.29210504	      0.01049496	      2.68769192	     -0.01247280	     10.10615980	      0.03019852
      1.53000000	      1.96156516	    424.74185731	     -0.90353868	     -2.27813725	      0.01024856	      2.31988094	      0.01791991	     -9.13948007	      0.02285434	     -1.40097811	    400.65175583	     -5.74671104	     -2.29206662	      0.01049478	      2.68776768	     -0.01247647	     10.10913395	      0.03020741
      1.53100000	      2.15991573	    424.69110335	     -1.14206145	     -2.27825367	      0.01024840	      2.31990873	      0.01797267	     -9.16638679	      0.02292163	     -1.46214593	    400.11285703	     -5.88596492	     -2.29202503	      0.01049461	      2.68784456	     -0.01247943	     10.11153061	      0.03021457
      1.53200000	      2.33646289	    424.61062148	     -1.36776717	     -2.27836188	      0.01024825	      2.31993316	      0.01802607	     -9.19362164	      0.02298973	     -1.52871858	    399.54271180	     -6.02563636	     -2.29198041	      0.01049443	      2.68792241	     -0.01248168	     10.11335788	      0.03022003
      1.53300000	      2.49094163	    424.50086078	     -1.58000881	     -2.27846179	      0.01024810	      2.31995416	      0.01808007	     -9.22116552	      0.02305861	     -1.60009915	    398.94259239	     -6.16511763	     -2.29193292	      0.01049425	      2.68800110	     -0.01248325	     10.11462585	      0.03022382
      1.53400000	      2.62320209	    424.36229509	     -1.77816791	     -2.27855334	      0.01024797	      2.31997167	      0.01813464	     -9.24899506	      0.02312820	     -1.67565431	    398.31395461	     -6.30380083	     -2.29188275	      0.01049408	      2.68808046	     -0.01248413	     10.11534653	      0.03022597
      1.53500000	      2.73320150	    424.19540987	     -1.96165492	     -2.27863652	      0.01024784	      2.31998563	      0.01818971	     -9.27708274	      0.02319843	     -1.75472260	    397.65842028	     -6.44108259	     -2.29183008	      0.01049390	      2.68816034	     -0.01248437	     10.11553375	      0.03022653
      1.53600000	      2.82099515	    424.00069144	     -2.12990960	     -2.27871132	      0.01024772	      2.31999597	      0.01824523	     -9.30539718	      0.02326924	     -1.83662327	    396.97775862	     -6.57636864	     -2.29177513	      0.01049373	      2.68824058	     -0.01248396	     10.11520310	      0.03022554
      1.53700000	      2.88672670	    423.77861921	     -2.28240145	     -2.27877776	      0.01024760	      2.32000262	      0.01830112	     -9.33390346	      0.02334052	     -1.92066548	    396.27386683	     -6.70907846	     -2.29171812	      0.01049356	      2.68832101	     -0.01248293	     10.11437188	      0.03022306
      1.53800000	      2.93061793	    423.52966092	     -2.41863029	     -2.27883590	      0.01024750	      2.32000553	      0.01835732	     -9.36256349	      0.02341219	     -2.00615778	    395.54875036	     -6.83864973	     -2.29165929	      0.01049339	      2.68840146	     -0.01248131	     10.11305909	      0.03021914
      1.53900000	      2.95295826	    423.25427118	     -2.53812705	     -2.27888579	      0.01024740	      2.32000460	      0.01841373	     -9.39133646	      0.02348414	     -2.09241762	    394.80450313	     -6.96454265	     -2.29159889	      0.01049323	      2.68848178	     -0.01247912	     10.11128542	      0.03021384
      1.54000000	      2.95409403	    422.95289325	     -2.64045470	     -2.27892752	      0.01024730	      2.31999979	      0.01847028	     -9.42017933	      0.02355626	     -2.17878080	    394.04328788	     -7.08624404	     -2.29153716	      0.01049306	      2.68856178	     -0.01247639	     10.10907317	      0.03020723
      1.54100000	      2.93441794	    422.62596393	     -2.72520949	     -2.27896118	      0.01024722	      2.31999101	      0.01852689	     -9.44904728	      0.02362845	     -2.26461072	    393.26731722	     -7.20327118	     -2.29147435	      0.01049290	      2.68864132	     -0.01247315	     10.10644631	      0.03019938
      1.54200000	      2.89435884	    422.27392141	     -2.79202247	     -2.27898689	      0.01024713	      2.31997819	      0.01858345	     -9.47789432	      0.02370059	     -2.34930710	    392.47883527	     -7.31517536	     -2.29141071	      0.01049275	      2.68872021	     -0.01246943	     10.10343037	      0.03019036
      1.54300000	      2.83437194	    421.89721565	     -2.84056133	     -2.27900477	      0.01024706	      2.31996128	      0.01863987	     -9.50667376	      0.02377255	     -2.43231423	    391.68010042	     -7.42154499	     -2.29134649	      0.01049259	      2.68879832	     -0.01246526	     10.10005245	      0.03018027
      1.54400000	      2.75492977	    421.49632098	     -2.87053248	     -2.27901494	      0.01024698	      2.31994019	      0.01869608	     -9.53533884	      0.02384423	     -2.51312840	    390.87336914	     -7.52200836	     -2.29128194	      0.01049244	      2.68887548	     -0.01246068	     10.09634116	      0.03016918
      1.54500000	      2.65651403	    421.07175038	     -2.88168350	     -2.27901757	      0.01024692	      2.31991489	      0.01875197	     -9.56384330	      0.02391551	     -2.59130458	    390.06088115	     -7.61623591	     -2.29121729	      0.01049229	      2.68895154	     -0.01245572	     10.09232651	      0.03015718
      1.54600000	      2.53960848	    420.62407084	     -2.87380581	     -2.27901280	      0.01024685	      2.31988531	      0.01880745	     -9.59214190	      0.02398628	     -2.66646199	    389.24484600	     -7.70394195	     -2.29115276	      0.01049215	      2.68902638	     -0.01245043	     10.08803992	      0.03014438
      1.54700000	      2.40469304	    420.15391940	     -2.84673765	     -2.27900080	      0.01024679	      2.31985141	      0.01886245	     -9.62019104	      0.02405642	     -2.73828864	    388.42743111	     -7.78488586	     -2.29108857	      0.01049201	      2.68909985	     -0.01244485	     10.08351404	      0.03013085
      1.54800000	      2.25223911	    419.66201903	     -2.80036722	     -2.27898174	      0.01024673	      2.31981316	      0.01891688	     -9.64794928	      0.02412583	     -2.80654465	    387.61075137	     -7.85887275	     -2.29102491	      0.01049187	      2.68917184	     -0.01243901	     10.07878276	      0.03011671
      1.54900000	      2.08270635	    419.14919383	     -2.73463601	     -2.27895583	      0.01024668	      2.31977054	      0.01897066	     -9.67537785	      0.02419442	     -2.87106420	    386.79686036	     -7.92575357	     -2.29096198	      0.01049174	      2.68924222	     -0.01243296	     10.07388104	      0.03010207
      1.55000000	      1.89654079	    418.61638308	     -2.64954213	     -2.27892326	      0.01024662	      2.31972355	      0.01902372	     -9.70244113	      0.02426209	     -2.93175621	    385.98774307	     -7.98542465	     -2.29089994	      0.01049161	      2.68931090	     -0.01242674	     10.06884482	      0.03008702
      1.55100000	      1.69417430	    418.06465332	     -2.54514376	     -2.27888423	      0.01024657	      2.31967217	      0.01907600	     -9.72910707	      0.02432877	     -2.98860356	    385.18531015	     -8.03782683	     -2.29083895	      0.01049149	      2.68937778	     -0.01242041	     10.06371089	      0.03007168
      1.55200000	      1.47602554	    417.49520810	     -2.42156243	     -2.27883899	      0.01024652	      2.31961646	      0.01912745	     -9.75534760	      0.02439439	     -3.04166086	    384.39139351	     -8.08294396	     -2.29077913	      0.01049137	      2.68944277	     -0.01241400	     10.05851679	      0.03005616
      1.55300000	      1.24250203	    416.90939497	     -2.27898617	     -2.27878777	      0.01024647	      2.31955643	      0.01917802	     -9.78113892	      0.02445889	     -3.09105088	    383.60774328	     -8.12080112	     -2.29072063	      0.01049125	      2.68950580	     -0.01240756	     10.05330065	      0.03004057
      1.55400000	      0.99400353	    416.30870916	     -2.11767237	     -2.27873083	      0.01024642	      2.31949216	      0.01922767	     -9.80646176	      0.02452221	     -3.13695952	    382.83602585	     -8.15146234	     -2.29066353	      0.01049114	      2.68956681	     -0.01240114	     10.04810110	      0.03002503
      1.55500000	      0.73092639	    415.69479364	     -1.93795028	     -2.27866846	      0.01024637	      2.31942372	      0.01927638	     -9.83130154	      0.02458432	     -3.17962966	    382.07782297	     -8.17502799	     -2.29060794	      0.01049103	      2.68962574	     -0.01239479	     10.04295712	      0.03000966
      1.55600000	      0.45366888	    415.06943558	     -1.74022313	     -2.27860094	      0.01024632	      2.31935122	      0.01932411	     -9.85564846	      0.02464521	     -3.21935369	    381.33463168	     -8.19163182	     -2.29055393	      0.01049093	      2.68968254	     -0.01238856	     10.03790789	      0.02999457
      1.55700000	      0.16263712	    414.43455881	     -1.52496961	     -2.27852858	      0.01024627	      2.31927478	      0.01937088	     -9.87949752	      0.02470484	     -3.25646511	    380.60786513	     -8.20143765	     -2.29050156	      0.01049083	      2.68973718	     -0.01238250	     10.03299271	      0.02997989
      1.55800000	     -0.14174830	    413.79221262	     -1.29274486	     -2.27845173	      0.01024622	      2.31919454	      0.01941666	     -9.90284846	      0.02476323	     -3.29132922	    379.89885395	     -8.20463583	     -2.29045090	      0.01049074	      2.68978963	     -0.01237664	     10.02825076	      0.02996572
      1.55900000	     -0.45904550	    413.14455681	     -1.04418078	     -2.27837074	      0.01024617	      2.31911067	      0.01946148	     -9.92570559	      0.02482039	     -3.32433309	    379.20884821	     -8.20143928	     -2.29040199	      0.01049065	      2.68983986	     -0.01237105	     10.02372097	      0.02995218
      1.56000000	     -0.78878431	    412.49384338	     -0.77998560	     -2.27828597	      0.01024612	      2.31902335	      0.01950534	     -9.94807760	      0.02487634	     -3.35587507	    378.53901992	     -8.19207948	     -2.29035487	      0.01049056	      2.68988786	     -0.01236577	     10.01944185	      0.02993940
      1.56100000	     -1.13045924	    411.84239515	     -0.50094277	     -2.27819783	      0.01024607	      2.31893278	      0.01954828	     -9.96997728	      0.02493110	     -3.38635405	    377.89046580	     -8.17680214	     -2.29030958	      0.01049048	      2.68993362	     -0.01236085	     10.01545128	      0.02992747
      1.56200000	     -1.48352284	    411.19258170	     -0.20790904	     -2.27810671	      0.01024601	      2.31883919	      0.01959033	     -9.99142116	      0.02498472	     -3.41615869	    377.26421029	     -8.15586296	     -2.29026615	      0.01049040	      2.68997714	     -0.01235632	     10.01178629	      0.02991652
      1.56300000	     -1.84737936	    410.54679318	      0.09818819	     -2.27801305	      0.01024595	      2.31874282	      0.01963152	    -10.01242916	      0.02503725	     -3.44565679	    376.66120870	     -8.12952327	     -2.29022460	      0.01049033	      2.69001840	     -0.01235225	     10.00848288	      0.02990665
      1.56400000	     -2.22137905	    409.90741244	      0.41635435	     -2.27791729	      0.01024589	      2.31864393	      0.01967190	    -10.03302411	      0.02508875	     -3.47518525	    376.08235032	     -8.09804594	     -2.29018498	      0.01049026	      2.69005742	     -0.01234866	     10.00557578	      0.02989796
      1.56500000	     -2.60481310	    409.27678616	      0.74553189	     -2.27781988	      0.01024583	      2.31854279	      0.01971152	    -10.05323133	      0.02513928	     -3.50504061	    375.52846136	     -8.06169145	     -2.29014729	      0.01049020	      2.69009418	     -0.01234560	     10.00309818	      0.02989056
      1.56600000	     -2.99690946	    408.65719548	      1.08460528	     -2.27772129	      0.01024577	      2.31843969	      0.01975043	    -10.07307812	      0.02518891	     -3.53547058	    375.00030761	     -8.02071435	     -2.29011158	      0.01049014	      2.69012870	     -0.01234311	     10.00108153	      0.02988453
      1.56700000	     -3.39682964	    408.05082686	      1.43240663	     -2.27762201	      0.01024570	      2.31833493	      0.01978870	    -10.09259328	      0.02523771	     -3.56666678	    374.49859678	     -7.97536009	     -2.29007787	      0.01049009	      2.69016097	     -0.01234123	      9.99955519	      0.02987997
      1.56800000	     -3.80366642	    407.45974366	      1.78772202	     -2.27752251	      0.01024563	      2.31822880	      0.01982637	    -10.11180658	      0.02528576	     -3.59875881	    374.02398021	     -7.92586249	     -2.29004620	      0.01049004	      2.69019099	     -0.01233998	      9.99854628	      0.02987696
      1.56900000	     -4.21644279	    406.88585920	      2.14929847	     -2.27742327	      0.01024556	      2.31812164	      0.01986351	    -10.13074829	      0.02533312	     -3.63180987	    373.57705417	     -7.87244164	     -2.29001660	      0.01048999	      2.69021877	     -0.01233941	      9.99807929	      0.02987556
      1.57000000	     -4.63411199	    406.33091173	      2.51585131	     -2.27732480	      0.01024548	      2.31801374	      0.01990017	    -10.14944865	      0.02537989	     -3.66581405	    373.15836049	     -7.81530250	     -2.28998910	      0.01048995	      2.69024430	     -0.01233953	      9.99817594	      0.02987585
      1.57100000	     -5.05555882	    405.79644194	      2.88607209	     -2.27722757	      0.01024540	      2.31790544	      0.01993642	    -10.16793739	      0.02542612	     -3.70069536	    372.76838659	     -7.75463413	     -2.28996376	      0.01048991	      2.69026757	     -0.01234036	      9.99885489	      0.02987788
      1.57200000	     -5.47960220	    405.28377345	      3.25863679	     -2.27713207	      0.01024532	      2.31779705	      0.01997232	    -10.18624320	      0.02547190	     -3.73630855	    372.40756502	     -7.69060952	     -2.28994062	      0.01048987	      2.69028859	     -0.01234194	     10.00013155	      0.02988169
      1.57300000	     -5.90499904	    404.79399669	      3.63221426	     -2.27703876	      0.01024523	      2.31768888	      0.02000790	    -10.20439328	      0.02551728	     -3.77244170	    372.07627234	     -7.62338610	     -2.28991973	      0.01048984	      2.69030733	     -0.01234427	     10.00201789	      0.02988733
      1.57400000	     -6.33044932	    404.32795656	      4.00547484	     -2.27694810	      0.01024514	      2.31758125	      0.02004323	    -10.22241285	      0.02556234	     -3.80882050	    371.77482774	     -7.55310681	     -2.28990114	      0.01048982	      2.69032381	     -0.01234736	     10.00452228	      0.02989481
      1.57500000	     -6.75460245	    403.88624411	      4.37709897	     -2.27686055	      0.01024504	      2.31747446	      0.02007835	    -10.24032476	      0.02560713	     -3.84511417	    371.50349103	     -7.47990168	     -2.28988491	      0.01048980	      2.69033801	     -0.01235122	     10.00764931	      0.02990416
      1.57600000	     -7.17606473	    403.46919235	      4.74578573	     -2.27677652	      0.01024494	      2.31736880	      0.02011330	    -10.25814908	      0.02565171	     -3.88094288	    371.26246039	     -7.40388991	     -2.28987110	      0.01048978	      2.69034992	     -0.01235585	     10.01139971	      0.02991537
      1.57700000	     -7.59340785	    403.07687639	      5.11026122	     -2.27669642	      0.01024484	      2.31726454	      0.02014811	    -10.27590279	      0.02569610	     -3.91588633	    371.05186979	     -7.32518218	     -2.28985978	      0.01048976	      2.69035954	     -0.01236124	     10.01577019	      0.02992842
      1.57800000	     -8.00517837	    402.70911773	      5.46928660	     -2.27662063	      0.01024473	      2.31716195	      0.02018281	    -10.29359955	      0.02574035	     -3.94949346	    370.87178601	     -7.24388323	     -2.28985101	      0.01048975	      2.69036687	     -0.01236739	     10.02075340	      0.02994332
      1.57900000	     -8.40990795	    402.36549279	      5.82166571	     -2.27654952	      0.01024462	      2.31706128	      0.02021742	    -10.31124947	      0.02578449	     -3.98129295	    370.72220548	     -7.16009449	     -2.28984485	      0.01048974	      2.69037191	     -0.01237428	     10.02633783	      0.02996000
      1.58000000	     -8.80612429	    402.04534517	      6.16625225	     -2.27648342	      0.01024450	      2.31696277	      0.02025195	    -10.32885902	      0.02582852	     -4.01080411	    370.60305078	     -7.07391662	     -2.28984139	      0.01048974	      2.69037466	     -0.01238190	     10.03250782	      0.02997844
      1.58100000	     -9.19236251	    401.74780162	      6.50195631	     -2.27642264	      0.01024438	      2.31686663	      0.02028640	    -10.34643096	      0.02587246	     -4.03754813	    370.51416697	     -6.98545198	     -2.28984068	      0.01048974	      2.69037514	     -0.01239021	     10.03924354	      0.02999857
      1.58200000	     -9.56717692	    401.47179106	      6.82775033	     -2.27636744	      0.01024425	      2.31677305	      0.02032078	    -10.36396434	      0.02591631	     -4.06105920	    370.45531767	     -6.89480681	     -2.28984278	      0.01048974	      2.69037336	     -0.01239919	     10.04652102	      0.03002031
      1.58300000	     -9.92915294	    401.21606625	      7.14267433	     -2.27631809	      0.01024412	      2.31668222	      0.02035507	    -10.38145459	      0.02596005	     -4.08089525	    370.42618100	     -6.80209312	     -2.28984775	      0.01048975	      2.69036934	     -0.01240881	     10.05431227	      0.03004359
      1.58400000	    -10.27691892	    400.97922767	      7.44584043	     -2.27627480	      0.01024399	      2.31659429	      0.02038926	    -10.39889364	      0.02600365	     -4.09664817	    370.42634542	     -6.70743022	     -2.28985565	      0.01048976	      2.69036313	     -0.01241902	     10.06258535	      0.03006831
      1.58500000	    -10.60915781	    400.75974882	      7.73643667	     -2.27623777	      0.01024385	      2.31650942	      0.02042333	    -10.41627011	      0.02604711	     -4.10795312	    370.45530553	     -6.61094583	     -2.28986652	      0.01048977	      2.69035477	     -0.01242978	     10.07130453	      0.03009437
      1.58600000	    -10.92461842	    400.55600257	      8.01373001	     -2.27620715	      0.01024371	      2.31642771	      0.02045725	    -10.43356953	      0.02609036	     -4.11449681	    370.51245791	     -6.51277675	     -2.28988038	      0.01048978	      2.69034429	     -0.01244104	     10.08043051	      0.03012164
      1.58700000	    -11.22212597	    400.36628789	      8.27706874	     -2.27618308	      0.01024356	      2.31634929	      0.02049099	    -10.45077464	      0.02613339	     -4.11602451	    370.59709701	     -6.41306903	     -2.28989728	      0.01048980	      2.69033178	     -0.01245275	     10.08992063	      0.03015000
      1.58800000	    -11.50059203	    400.18885637	      8.52588408	     -2.27616568	      0.01024340	      2.31627423	      0.02052450	    -10.46786568	      0.02617613	     -4.11234578	    370.70841126	     -6.31197771	     -2.28991720	      0.01048982	      2.69031728	     -0.01246486	     10.09972917	      0.03017930
      1.58900000	    -11.75902343	    400.02193807	      8.75969122	     -2.27615501	      0.01024324	      2.31620261	      0.02055774	    -10.48482073	      0.02621852	     -4.10333862	    370.84547955	     -6.20966611	     -2.28994017	      0.01048984	      2.69030089	     -0.01247730	     10.10980762	      0.03020942
      1.59000000	    -11.99653025	    399.86376612	      8.97808969	     -2.27615114	      0.01024308	      2.31613450	      0.02059067	    -10.50161608	      0.02626052	     -4.08895221	    371.00726807	     -6.10630465	     -2.28996614	      0.01048986	      2.69028267	     -0.01249001	     10.12010505	      0.03024019
      1.59100000	    -12.21233268	    399.71259973	      9.18076325	     -2.27615410	      0.01024291	      2.31606992	      0.02062324	    -10.51822656	      0.02630206	     -4.06920805	    371.19262781	     -6.00206933	     -2.28999510	      0.01048988	      2.69026273	     -0.01250292	     10.13056844	      0.03027146
      1.59200000	    -12.40576670	    399.56674510	      9.36747915	     -2.27616389	      0.01024274	      2.31600892	      0.02065540	    -10.53462593	      0.02634307	     -4.04419960	    371.40029277	     -5.89713993	     -2.29002700	      0.01048991	      2.69024115	     -0.01251597	     10.14114309	      0.03030306
      1.59300000	    -12.57628861	    399.42457400	      9.53808698	     -2.27618049	      0.01024257	      2.31595149	      0.02068708	    -10.55078727	      0.02638348	     -4.01409054	    371.62887908	     -5.79169783	     -2.29006176	      0.01048994	      2.69021803	     -0.01252909	     10.15177294	      0.03033482
      1.59400000	    -12.72347835	    399.28453976	      9.69251698	     -2.27620386	      0.01024239	      2.31589765	      0.02071825	    -10.56668328	      0.02642323	     -3.97911163	    371.87688507	     -5.68592373	     -2.29009931	      0.01048996	      2.69019349	     -0.01254221	     10.16240104	      0.03036658
      1.59500000	    -12.84704162	    399.14519045	      9.83077802	     -2.27623395	      0.01024220	      2.31584739	      0.02074884	    -10.58228663	      0.02646225	     -3.93955652	    372.14269255	     -5.57999530	     -2.29013954	      0.01048999	      2.69016762	     -0.01255525	     10.17296985	      0.03039816
      1.59600000	    -12.94681082	    399.00517912	      9.95295510	     -2.27627068	      0.01024201	      2.31580067	      0.02077881	    -10.59757030	      0.02650047	     -3.89577649	    372.42456933	     -5.47408476	     -2.29018235	      0.01049002	      2.69014054	     -0.01256815	     10.18342162	      0.03042939
      1.59700000	    -13.02274491	    398.86327119	     10.05920653	     -2.27631394	      0.01024182	      2.31575746	      0.02080810	    -10.61250780	      0.02653782	     -3.84817446	    372.72067310	     -5.36835662	     -2.29022759	      0.01049005	      2.69011235	     -0.01258084	     10.19369873	      0.03046010
      1.59800000	    -13.07492808	    398.71834888	     10.14976078	     -2.27636363	      0.01024162	      2.31571773	      0.02083666	    -10.62707350	      0.02657424	     -3.79719840	    373.02905687	     -5.26296558	     -2.29027512	      0.01049008	      2.69008317	     -0.01259323	     10.20374395	      0.03049011
      1.59900000	    -13.10356756	    398.56941294	     10.22491298	     -2.27641960	      0.01024142	      2.31568140	      0.02086444	    -10.64124281	      0.02660968	     -3.74333439	    373.34767591	     -5.15805475	     -2.29032478	      0.01049010	      2.69005311	     -0.01260527	     10.21350081	      0.03051927
      1.60000000	    -13.10899028	    398.41558178	     10.28502116	     -2.27648171	      0.01024122	      2.31564843	      0.02089140	    -10.65499247	      0.02664406	     -3.68709940	    373.67439643	     -5.05375417	     -2.29037640	      0.01049013	      2.69002227	     -0.01261689	     10.22291374	      0.03054740
      1.60100000	    -13.09163887	    398.25608817	     10.33050225	     -2.27654979	      0.01024101	      2.31561872	      0.02091749	    -10.66830070	      0.02667734	     -3.62903407	    374.00700574	     -4.95017968	     -2.29042979	      0.01049016	      2.68999077	     -0.01262802	     10.23192842	      0.03057433
      1.60200000	    -13.05206671	    398.09027394	     10.36182783	     -2.27662365	      0.01024080	      2.31559220	      0.02094268	    -10.68114747	      0.02670946	     -3.56969564	    374.34322416	     -4.84743233	     -2.29048475	      0.01049019	      2.68995871	     -0.01263859	     10.24049190	      0.03059992
      1.60300000	    -12.99093244	    397.91758270	     10.37951960	     -2.27670311	      0.01024059	      2.31556877	      0.02096693	    -10.69351466	      0.02674039	     -3.50965098	    374.68071843	     -4.74559802	     -2.29054107	      0.01049022	      2.68992619	     -0.01264854	     10.24855285	      0.03062401
      1.60400000	    -12.90899384	    397.73755110	     10.38414480	     -2.27678793	      0.01024037	      2.31554834	      0.02099021	    -10.70538620	      0.02677007	     -3.44947010	    375.01711659	     -4.64474778	     -2.29059856	      0.01049024	      2.68989332	     -0.01265780	     10.25606173	      0.03064645
      1.60500000	    -12.80710122	    397.54979884	     10.37631133	     -2.27687790	      0.01024015	      2.31553077	      0.02101249	    -10.71674830	      0.02679849	     -3.38971998	    375.35002429	     -4.54493830	     -2.29065699	      0.01049027	      2.68986018	     -0.01266633	     10.26297099	      0.03066709
      1.60600000	    -12.68619038	    397.35401769	     10.35666285	     -2.27697277	      0.01023992	      2.31551597	      0.02103374	    -10.72758956	      0.02682560	     -3.33095895	    375.67704230	     -4.44621293	     -2.29071615	      0.01049030	      2.68982686	     -0.01267406	     10.26923521	      0.03068581
      1.60700000	    -12.54727528	    397.14996011	     10.32587371	     -2.27707228	      0.01023970	      2.31550380	      0.02105396	    -10.73790109	      0.02685138	     -3.27373158	    375.99578512	     -4.34860306	     -2.29077582	      0.01049032	      2.68979346	     -0.01268094	     10.27481136	      0.03070247
      1.60800000	    -12.39144042	    396.93742750	     10.28464392	     -2.27717615	      0.01023947	      2.31549412	      0.02107313	    -10.74767663	      0.02687583	     -3.21856413	    376.30390039	     -4.25212968	     -2.29083579	      0.01049035	      2.68976004	     -0.01268693	     10.27965890	      0.03071696
      1.60900000	    -12.21983298	    396.71625866	     10.23369405	     -2.27728409	      0.01023924	      2.31548680	      0.02109124	    -10.75691260	      0.02689892	     -3.16596056	    376.59908901	     -4.15680518	     -2.29089584	      0.01049037	      2.68972669	     -0.01269196	     10.28374009	      0.03072915
      1.61000000	    -12.03365483	    396.48631859	     10.17376020	     -2.27739579	      0.01023901	      2.31548168	      0.02110829	    -10.76560814	      0.02692067	     -3.11639910	    376.87912554	     -4.06263530	     -2.29095578	      0.01049040	      2.68969347	     -0.01269601	     10.28702015	      0.03073895
      1.61100000	    -11.83415450	    396.24748809	     10.10558911	     -2.27751095	      0.01023878	      2.31547861	      0.02112428	    -10.77376507	      0.02694106	     -3.07032927	    377.14187865	     -3.96962112	     -2.29101541	      0.01049043	      2.68966044	     -0.01269903	     10.28946755	      0.03074627
      1.61200000	    -11.62261904	    395.99965417	     10.02993344	     -2.27762921	      0.01023854	      2.31547744	      0.02113923	    -10.78138782	      0.02696013	     -3.02816936	    377.38533134	     -3.87776098	     -2.29107454	      0.01049045	      2.68962765	     -0.01270099	     10.29105422	      0.03075101
      1.61300000	    -11.40036596	    395.74270175	      9.94754716	     -2.27775025	      0.01023831	      2.31547800	      0.02115314	    -10.78848330	      0.02697787	     -2.99030423	    377.60760043	     -3.78705237	     -2.29113299	      0.01049048	      2.68959515	     -0.01270186	     10.29175588	      0.03075311
      1.61400000	    -11.16873525	    395.47650659	      9.85918133	     -2.27787369	      0.01023807	      2.31548014	      0.02116603	    -10.79506071	      0.02699432	     -2.95708342	    377.80695522	     -3.69749365	     -2.29119061	      0.01049050	      2.68956297	     -0.01270160	     10.29155220	      0.03075250
      1.61500000	    -10.92908156	    395.20092973	      9.76558002	     -2.27799916	      0.01023783	      2.31548367	      0.02117794	    -10.80113133	      0.02700950	     -2.92881948	    377.98183465	     -3.60908556	     -2.29124725	      0.01049053	      2.68953115	     -0.01270022	     10.29042715	      0.03074914
      1.61600000	    -10.68276658	    394.91581340	      9.66747654	     -2.27812630	      0.01023759	      2.31548846	      0.02118887	    -10.80670828	      0.02702344	     -2.90578631	    378.13086292	     -3.52183248	     -2.29130276	      0.01049055	      2.68949970	     -0.01269768	     10.28836911	      0.03074299
      1.61700000	    -10.43115167	    394.62097854	      9.56558997	     -2.27825471	      0.01023736	      2.31549432	      0.02119887	    -10.81180616	      0.02703619	     -2.88821775	    378.25286311	     -3.43574336	     -2.29135705	      0.01049058	      2.68946865	     -0.01269398	     10.28537110	      0.03073403
      1.61800000	    -10.17559087	    394.31622385	      9.46062205	     -2.27838401	      0.01023712	      2.31550111	      0.02120795	    -10.81644079	      0.02704778	     -2.87630606	    378.34686856	     -3.35083234	     -2.29141001	      0.01049060	      2.68943800	     -0.01268911	     10.28143087	      0.03072225
      1.61900000	     -9.91742423	    394.00132640	      9.35325423	     -2.27851379	      0.01023688	      2.31550866	      0.02121617	    -10.82062886	      0.02705825	     -2.87020044	    378.41213176	     -3.26711895	     -2.29146156	      0.01049063	      2.68940775	     -0.01268309	     10.27655100	      0.03070767
      1.62000000	     -9.65797146	    393.67604374	      9.24414516	     -2.27864367	      0.01023665	      2.31551683	      0.02122354	    -10.82438758	      0.02706765	     -2.87000558	    378.44813043	     -3.18462800	     -2.29151166	      0.01049066	      2.68937789	     -0.01267592	     10.27073885	      0.03069030
      1.62100000	     -9.39852606	    393.34011738	      9.13392841	     -2.27877325	      0.01023642	      2.31552547	      0.02123010	    -10.82773434	      0.02707602	     -2.87578022	    378.45457085	     -3.10338911	     -2.29156026	      0.01049069	      2.68934841	     -0.01266761	     10.26400651	      0.03067019
      1.62200000	     -9.14034978	    392.99327772	      9.02321041	     -2.27890214	      0.01023619	      2.31553446	      0.02123589	    -10.83068640	      0.02708340	     -2.88753565	    378.43138815	     -3.02343590	     -2.29160735	      0.01049071	      2.68931930	     -0.01265818	     10.25637066	      0.03064737
      1.62300000	     -8.88466750	    392.63525013	      8.91256872	     -2.27902996	      0.01023596	      2.31554366	      0.02124093	    -10.83326049	      0.02708984	     -2.90523449	    378.37874358	     -2.94480481	     -2.29165295	      0.01049074	      2.68929052	     -0.01264767	     10.24785234	      0.03062192
      1.62400000	     -8.63266236	    392.26576227	      8.80255050	     -2.27915634	      0.01023574	      2.31555295	      0.02124527	    -10.83547261	      0.02709537	     -2.92878946	    378.29701888	     -2.86753374	     -2.29169708	      0.01049077	      2.68926205	     -0.01263610	     10.23847669	      0.03059390
      1.62500000	     -8.38547139	    391.88455250	      8.69367121	     -2.27928092	      0.01023551	      2.31556223	      0.02124893	    -10.83733771	      0.02710003	     -2.95806240	    378.18680762	     -2.79166028	     -2.29173980	      0.01049081	      2.68923385	     -0.01262351	     10.22827267	      0.03056341
      1.62600000	     -8.14418136	    391.49137911	      8.58641357	     -2.27940336	      0.01023530	      2.31557142	      0.02125193	    -10.83886946	      0.02710386	     -2.99286361	    378.04890391	     -2.71721988	     -2.29178118	      0.01049084	      2.68920588	     -0.01260993	     10.21727260	      0.03053054
      1.62700000	     -7.90982502	    391.08603050	      8.48122673	     -2.27952332	      0.01023508	      2.31558041	      0.02125430	    -10.84008010	      0.02710689	     -3.03295148	    377.88428831	     -2.64424383	     -2.29182133	      0.01049087	      2.68917810	     -0.01259541	     10.20551181	      0.03049540
      1.62800000	     -7.68337768	    390.66833588	      8.37852562	     -2.27964051	      0.01023488	      2.31558915	      0.02125607	    -10.84098033	      0.02710914	     -3.07803250	    377.69411150	     -2.57275719	     -2.29186034	      0.01049091	      2.68915045	     -0.01258001	     10.19302820	      0.03045809
      1.62900000	     -7.46575417	    390.23817653	      8.27869062	     -2.27975464	      0.01023467	      2.31559759	      0.02125724	    -10.84157919	      0.02711064	     -3.12776175	    377.47967580	     -2.50277678	     -2.29189835	      0.01049094	      2.68912289	     -0.01256376	     10.17986172	      0.03041875
      1.63000000	     -7.25780611	    389.79549726	      8.18206734	     -2.27986546	      0.01023448	      2.31560566	      0.02125784	    -10.84188412	      0.02711140	     -3.18174391	    377.24241487	     -2.43430937	     -2.29193550	      0.01049098	      2.68909536	     -0.01254672	     10.16605394	      0.03037749
      1.63100000	     -7.06031954	    389.34031811	      8.08896674	     -2.27997272	      0.01023429	      2.31561336	      0.02125787	    -10.84190094	      0.02711145	     -3.23953484	    376.98387211	     -2.36734997	     -2.29197194	      0.01049102	      2.68906781	     -0.01252894	     10.15164756	      0.03033444
      1.63200000	     -6.87401294	    388.87274588	      7.99966526	     -2.28007623	      0.01023410	      2.31562065	      0.02125735	    -10.84163396	      0.02711078	     -3.30064371	    376.70567790	     -2.30188042	     -2.29200785	      0.01049105	      2.68904018	     -0.01251047	     10.13668591	      0.03028974
      1.63300000	     -6.69953545	    388.39298552	      7.91440525	     -2.28017581	      0.01023392	      2.31562753	      0.02125628	    -10.84108614	      0.02710941	     -3.36453595	    376.40952634	     -2.23786833	     -2.29204339	      0.01049109	      2.68901241	     -0.01249137	     10.12121255	      0.03024350
      1.63400000	     -6.53746550	    387.90135104	      7.83339544	     -2.28027133	      0.01023375	      2.31563402	      0.02125466	    -10.84025923	      0.02710734	     -3.43063674	    376.09715181	     -2.17526625	     -2.29207873	      0.01049113	      2.68898444	     -0.01247170	     10.10527075	      0.03019586
      1.63500000	     -6.38830961	    387.39827583	      7.75681153	     -2.28036268	      0.01023359	      2.31564012	      0.02125249	    -10.83915395	      0.02710458	     -3.49833530	    375.77030592	     -2.11401127	     -2.29211407	      0.01049117	      2.68895623	     -0.01245150	     10.08890314	      0.03014696
      1.63600000	     -6.25250138	    386.88432216	      7.68479689	     -2.28044978	      0.01023343	      2.31564588	      0.02124977	    -10.83777022	      0.02710112	     -3.56698985	    375.43073518	     -2.05402485	     -2.29214957	      0.01049122	      2.68892771	     -0.01243082	     10.07215127	      0.03009690
      1.63700000	     -6.13040069	    386.36018960	      7.61746329	     -2.28053260	      0.01023328	      2.31565133	      0.02124651	    -10.83610737	      0.02709696	     -3.63593321	    375.08016010	     -1.99521301	     -2.29218543	      0.01049126	      2.68889882	     -0.01240972	     10.05505526	      0.03004581
      1.63800000	     -6.02229297	    385.82672217	      7.55489173	     -2.28061114	      0.01023314	      2.31565654	      0.02124270	    -10.83416439	      0.02709210	     -3.70447906	    374.72025579	     -1.93746674	     -2.29222180	      0.01049130	      2.68886953	     -0.01238825	     10.03765344	      0.02999381
      1.63900000	     -5.92838863	    385.28491401	      7.49713319	     -2.28068544	      0.01023301	      2.31566155	      0.02123834	    -10.83194013	      0.02708654	     -3.77192883	    374.35263480	     -1.88066274	     -2.29225887	      0.01049134	      2.68883979	     -0.01236644	     10.01998211	      0.02994101
      1.64000000	     -5.84882244	    384.73591322	      7.44420942	     -2.28075557	      0.01023288	      2.31566644	      0.02123343	    -10.82943363	      0.02708027	     -3.83757896	    373.97883225	     -1.82466435	     -2.29229679	      0.01049139	      2.68880954	     -0.01234434	     10.00207529	      0.02988750
      1.64100000	     -5.78365308	    384.18102386	      7.39611372	     -2.28082164	      0.01023277	      2.31567129	      0.02122796	    -10.82664433	      0.02707329	     -3.90072872	    373.60029362	     -1.76932264	     -2.29233572	      0.01049143	      2.68877876	     -0.01232199	      9.98396455	      0.02983339
      1.64200000	     -5.73286261	    383.62170567	      7.35281158	     -2.28088381	      0.01023266	      2.31567618	      0.02122194	    -10.82357240	      0.02706561	     -3.96068814	    373.21836554	     -1.71447779	     -2.29237580	      0.01049147	      2.68874741	     -0.01229942	      9.96567893	      0.02977875
      1.64300000	     -5.69635604	    383.05957154	      7.31424122	     -2.28094226	      0.01023255	      2.31568120	      0.02121536	    -10.82021900	      0.02705723	     -4.01678627	    372.83428940	     -1.65996055	     -2.29241717	      0.01049152	      2.68871545	     -0.01227667	      9.94724490	      0.02972366
      1.64400000	     -5.67396089	    382.49638251	      7.28031404	     -2.28099721	      0.01023246	      2.31568645	      0.02120824	    -10.81658659	      0.02704814	     -4.06837921	    372.44919827	     -1.60559388	     -2.29245995	      0.01049156	      2.68868288	     -0.01225376	      9.92868639	      0.02966821
      1.64500000	     -5.66542680	    381.93404019	      7.25091498	     -2.28104892	      0.01023237	      2.31569202	      0.02120058	    -10.81267918	      0.02703837	     -4.11485818	    372.06411667	     -1.55119463	     -2.29250426	      0.01049161	      2.68864966	     -0.01223073	      9.91002495	      0.02961244
      1.64600000	     -5.67042526	    381.37457659	      7.22590273	     -2.28109768	      0.01023229	      2.31569801	      0.02119239	    -10.80850261	      0.02702793	     -4.15565711	    371.67996352	     -1.49657532	     -2.29255020	      0.01049165	      2.68861579	     -0.01220760	      9.89127992	      0.02955643
      1.64700000	     -5.68854939	    380.82014122	      7.20510993	     -2.28114382	      0.01023222	      2.31570452	      0.02118369	    -10.80406475	      0.02701683	     -4.19025986	    371.29755786	     -1.44154590	     -2.29259785	      0.01049170	      2.68858125	     -0.01218438	      9.87246872	      0.02950022
      1.64800000	     -5.71931402	    380.27298568	      7.18834333	     -2.28118768	      0.01023215	      2.31571164	      0.02117449	    -10.79937573	      0.02700511	     -4.21820676	    370.91762717	     -1.38591549	     -2.29264731	      0.01049174	      2.68854604	     -0.01216110	      9.85360714	      0.02944386
      1.64900000	     -5.76215609	    379.73544558	      7.17538398	     -2.28122964	      0.01023209	      2.31571947	      0.02116483	    -10.79444801	      0.02699278	     -4.23910047	    370.54081822	     -1.32949414	     -2.29269863	      0.01049179	      2.68851015	     -0.01213778	      9.83470981	      0.02938739
      1.65000000	     -5.81643539	    379.20992009	      7.16598742	     -2.28127012	      0.01023203	      2.31572810	      0.02115473	    -10.78929654	      0.02697990	     -4.25261094	    370.16770991	     -1.27209438	     -2.29275187	      0.01049183	      2.68847358	     -0.01211443	      9.81579060	      0.02933086
      1.65100000	     -5.88143591	    378.69884916	      7.15988406	     -2.28130953	      0.01023198	      2.31573764	      0.02114423	    -10.78393872	      0.02696650	     -4.25847950	    369.79882784	     -1.21353281	     -2.29280707	      0.01049187	      2.68843632	     -0.01209107	      9.79686311	      0.02927430
      1.65200000	     -5.95636770	    378.20468871	      7.15677968	     -2.28134832	      0.01023193	      2.31574817	      0.02113336	    -10.77839434	      0.02695264	     -4.25652189	    369.43466033	     -1.15363149	     -2.29286428	      0.01049191	      2.68839838	     -0.01206772	      9.77794120	      0.02921776
      1.65300000	     -6.04036949	    377.72988413	      7.15635604	     -2.28138694	      0.01023188	      2.31575977	      0.02112216	    -10.77268549	      0.02693836	     -4.24663025	    369.07567534	     -1.09221921	     -2.29292350	      0.01049196	      2.68835976	     -0.01204439	      9.75903944	      0.02916128
      1.65400000	     -6.13251205	    377.27684236	      7.15827184	     -2.28142587	      0.01023183	      2.31577252	      0.02111069	    -10.76683628	      0.02692374	     -4.22877397	    368.72233785	     -1.02913263	     -2.29298476	      0.01049200	      2.68832044	     -0.01202110	      9.74017363	      0.02910491
      1.65500000	     -6.23180232	    376.84790300	      7.16216386	     -2.28146558	      0.01023179	      2.31578652	      0.02109900	    -10.76087264	      0.02690882	     -4.20299946	    368.37512732	     -0.96421726	     -2.29304806	      0.01049204	      2.68828042	     -0.01199789	      9.72136123	      0.02904869
      1.65600000	     -6.33718854	    376.44530890	      7.16764834	     -2.28150655	      0.01023175	      2.31580183	      0.02108714	    -10.75482190	      0.02689369	     -4.16942874	    368.03455470	     -0.89732822	     -2.29311338	      0.01049208	      2.68823970	     -0.01197476	      9.70262173	      0.02899270
      1.65700000	     -6.44756619	    376.07117656	      7.17432274	     -2.28154924	      0.01023171	      2.31581853	      0.02107516	    -10.74871241	      0.02687842	     -4.12825700	    367.70117844	     -0.82833089	     -2.29318072	      0.01049212	      2.68819825	     -0.01195175	      9.68397702	      0.02893698
      1.65800000	     -6.56178491	    375.72746696	      7.18176774	     -2.28159412	      0.01023167	      2.31583668	      0.02106312	    -10.74257304	      0.02686306	     -4.07974912	    367.37561911	     -0.75710140	     -2.29325006	      0.01049216	      2.68815605	     -0.01192888	      9.66545160	      0.02888163
      1.65900000	     -6.67865644	    375.41595725	      7.18954958	     -2.28164165	      0.01023162	      2.31585635	      0.02105108	    -10.73643269	      0.02684771	     -4.02423513	    367.05857213	     -0.68352689	     -2.29332135	      0.01049220	      2.68811309	     -0.01190620	      9.64707278	      0.02882671
      1.66000000	     -6.79696338	    375.13821372	      7.19722269	     -2.28169225	      0.01023158	      2.31587760	      0.02103909	    -10.73031966	      0.02683242	     -3.96210495	    366.75081828	     -0.60750568	     -2.29339456	      0.01049224	      2.68806934	     -0.01188374	      9.62887074	      0.02877232
      1.66100000	     -6.91546896	    374.89556670	      7.20433262	     -2.28174633	      0.01023153	      2.31590049	      0.02102722	    -10.72426109	      0.02681727	     -3.89380213	    366.45323149	     -0.52894728	     -2.29346966	      0.01049228	      2.68802475	     -0.01186153	      9.61087851	      0.02871856
      1.66200000	     -7.03292763	    374.68908768	      7.21041928	     -2.28180428	      0.01023147	      2.31592507	      0.02101549	    -10.71828236	      0.02680232	     -3.81981711	    366.16678380	     -0.44777231	     -2.29354659	      0.01049232	      2.68797929	     -0.01183963	      9.59313182	      0.02866553
      1.66300000	     -7.14809630	    374.51956922	      7.21502039	     -2.28186645	      0.01023142	      2.31595138	      0.02100397	    -10.71240643	      0.02678763	     -3.74067968	    365.89254719	     -0.36391234	     -2.29362529	      0.01049237	      2.68793291	     -0.01181808	      9.57566890	      0.02861334
      1.66400000	     -7.25974628	    374.38750812	      7.21767524	     -2.28193315	      0.01023136	      2.31597946	      0.02099269	    -10.70665329	      0.02677324	     -3.65695115	    365.63169213	     -0.27730967	     -2.29370572	      0.01049241	      2.68788558	     -0.01179692	      9.55853013	      0.02856213
      1.66500000	     -7.36667559	    374.29309200	      7.21792853	     -2.28200467	      0.01023129	      2.31600935	      0.02098168	    -10.70103943	      0.02675920	     -3.56921600	    365.38548283	     -0.18791713	     -2.29378783	      0.01049245	      2.68783722	     -0.01177622	      9.54175770	      0.02851201
      1.66600000	     -7.46772149	    374.23618994	      7.21533444	     -2.28208122	      0.01023122	      2.31604109	      0.02097098	    -10.69557732	      0.02674555	     -3.47807342	    365.15526918	     -0.09569791	     -2.29387154	      0.01049250	      2.68778781	     -0.01175603	      9.52539506	      0.02846312
      1.66700000	     -7.56177307	    374.21634712	      7.20946066	     -2.28216301	      0.01023115	      2.31607468	      0.02096058	    -10.69027500	      0.02673229	     -3.38412859	    364.94247542	     -0.00062537	     -2.29395681	      0.01049254	      2.68773727	     -0.01173640	      9.50948650	      0.02841558
      1.66800000	     -7.64778365	    374.23278380	      7.19989241	     -2.28225017	      0.01023106	      2.31611014	      0.02095050	    -10.68513579	      0.02671944	     -3.28798401	    364.74858582	      0.09731694	     -2.29404358	      0.01049259	      2.68768555	     -0.01171738	      9.49407655	      0.02836954
      1.66900000	     -7.72478272	    374.28439879	      7.18623634	     -2.28234278	      0.01023097	      2.31614748	      0.02094074	    -10.68015808	      0.02670699	     -3.19023104	    364.57512745	      0.19813531	     -2.29413179	      0.01049264	      2.68763261	     -0.01169903	      9.47920939	      0.02832511
      1.67000000	     -7.79188725	    374.36977722	      7.16812413	     -2.28244089	      0.01023088	      2.31618669	      0.02093129	    -10.67533517	      0.02669493	     -3.09144159	    364.42365041	      0.30182570	     -2.29422140	      0.01049269	      2.68757839	     -0.01168140	      9.46492827	      0.02828244
      1.67100000	     -7.84831208	    374.48720284	      7.14521598	     -2.28254449	      0.01023078	      2.31622777	      0.02092211	    -10.67065531	      0.02668323	     -2.99216032	    364.29570586	      0.40837349	     -2.29431235	      0.01049274	      2.68752284	     -0.01166455	      9.45127491	      0.02824164
      1.67200000	     -7.89337915	    374.63467448	      7.11720356	     -2.28265349	      0.01023067	      2.31627069	      0.02091318	    -10.66610183	      0.02667184	     -2.89289744	    364.19282213	      0.51775311	     -2.29440460	      0.01049280	      2.68746592	     -0.01164853	      9.43828888	      0.02820284
      1.67300000	     -7.92652540	    374.80992664	      7.08381267	     -2.28276780	      0.01023056	      2.31631543	      0.02090446	    -10.66165335	      0.02666072	     -2.79412221	    364.11647946	      0.62992749	     -2.29449810	      0.01049286	      2.68740759	     -0.01163337	      9.42600702	      0.02816614
      1.67400000	     -7.94730905	    375.01045366	      7.04480541	     -2.28288725	      0.01023044	      2.31636196	      0.02089589	    -10.65728414	      0.02664979	     -2.69625734	    364.06808373	      0.74484746	     -2.29459281	      0.01049292	      2.68734784	     -0.01161912	      9.41446291	      0.02813164
      1.67500000	     -7.95541425	    375.23353723	      6.99998182	     -2.28301161	      0.01023032	      2.31641024	      0.02088742	    -10.65296452	      0.02663899	     -2.59967441	    364.04893971	      0.86245096	     -2.29468869	      0.01049299	      2.68728663	     -0.01160582	      9.40368633	      0.02809944
      1.67600000	     -7.95065388	    375.47627671	      6.94918101	     -2.28314064	      0.01023019	      2.31646021	      0.02087899	    -10.64866144	      0.02662823	     -2.50469047	    364.06022445	      0.98266211	     -2.29478571	      0.01049305	      2.68722396	     -0.01159350	      9.39370284	      0.02806961
      1.67700000	     -7.93297041	    375.73562172	      6.89228170	     -2.28327402	      0.01023006	      2.31651183	      0.02087051	    -10.64433904	      0.02661742	     -2.41156584	    364.10296114	      1.10539026	     -2.29488384	      0.01049312	      2.68715984	     -0.01158218	      9.38453334	      0.02804221
      1.67800000	     -7.90243486	    376.00840647	      6.82920223	     -2.28341143	      0.01022992	      2.31656503	      0.02086192	    -10.63995934	      0.02660647	     -2.32050324	    364.17799426	      1.23052880	     -2.29498304	      0.01049320	      2.68709428	     -0.01157189	      9.37619377	      0.02801729
      1.67900000	     -7.85924388	    376.29138530	      6.75989998	     -2.28355249	      0.01022978	      2.31661976	      0.02085315	    -10.63548298	      0.02659527	     -2.23164812	    364.28596632	      1.35795402	     -2.29508327	      0.01049327	      2.68702731	     -0.01156263	      9.36869484	      0.02799488
      1.68000000	     -7.80371484	    376.58126881	      6.68437022	     -2.28369679	      0.01022964	      2.31667596	      0.02084410	    -10.63086989	      0.02658374	     -2.14509039	    364.42729686	      1.48752385	     -2.29518451	      0.01049335	      2.68695898	     -0.01155442	      9.36204181	      0.02797500
      1.68100000	     -7.73627929	    376.87476003	      6.60264447	     -2.28384392	      0.01022950	      2.31673354	      0.02083471	    -10.62608010	      0.02657176	     -2.06086730	    364.60216406	      1.61907657	     -2.29528673	      0.01049343	      2.68688933	     -0.01154726	      9.35623441	      0.02795765
      1.68200000	     -7.65747471	    377.16859020	      6.51478840	     -2.28399341	      0.01022935	      2.31679244	      0.02082490	    -10.62107446	      0.02655924	     -1.97896754	    364.81048950	      1.75242964	     -2.29538989	      0.01049352	      2.68681845	     -0.01154112	      9.35126673	      0.02794280
      1.68300000	     -7.56793480	    377.45955353	      6.42089929	     -2.28414482	      0.01022920	      2.31685260	      0.02081458	    -10.61581534	      0.02654609	     -1.89933634	    365.05192643	      1.88737852	     -2.29549396	      0.01049361	      2.68674641	     -0.01153602	      9.34712729	      0.02793043
      1.68400000	     -7.46837851	    377.74454061	      6.32110318	     -2.28429766	      0.01022906	      2.31691393	      0.02080371	    -10.61026730	      0.02653222	     -1.82188167	    365.32585177	      2.02369575	     -2.29559890	      0.01049369	      2.68667332	     -0.01153191	      9.34379902	      0.02792049
      1.68500000	     -7.35959804	    378.02056994	      6.21555177	     -2.28445147	      0.01022891	      2.31697636	      0.02079220	    -10.60439772	      0.02651754	     -1.74648101	    365.63136214	      2.16113012	     -2.29570466	      0.01049379	      2.68659929	     -0.01152877	      9.34125941	      0.02791290
      1.68600000	     -7.24244605	    378.28481721	      6.10441913	     -2.28460578	      0.01022877	      2.31703982	      0.02078000	    -10.59817728	      0.02650199	     -1.67298892	    365.96727404	      2.29940617	     -2.29581120	      0.01049388	      2.68652446	     -0.01152658	      9.33948066	      0.02790758
      1.68700000	     -7.11782228	    378.53464206	      5.98789840	     -2.28476013	      0.01022863	      2.31710425	      0.02076707	    -10.59158043	      0.02648549	     -1.60124491	    366.33212812	      2.43822404	     -2.29591847	      0.01049397	      2.68644895	     -0.01152528	      9.33842988	      0.02790444
      1.68800000	     -6.98665991	    378.76761190	      5.86619843	     -2.28491406	      0.01022849	      2.31716957	      0.02075335	    -10.58458574	      0.02646800	     -1.53108159	    366.72419766	      2.57725962	     -2.29602641	      0.01049406	      2.68637293	     -0.01152484	      9.33806933	      0.02790337
      1.68900000	     -6.84991194	    378.98152271	      5.73954056	     -2.28506715	      0.01022835	      2.31723571	      0.02073882	    -10.57717617	      0.02644947	     -1.46233284	    367.14150089	      2.71616517	     -2.29613495	      0.01049416	      2.68629655	     -0.01152519	      9.33835674	      0.02790423
      1.69000000	     -6.70853778	    379.17441649	      5.60815552	     -2.28521899	      0.01022822	      2.31730262	      0.02072346	    -10.56933924	      0.02642987	     -1.39484175	    367.58181729	      2.85457038	     -2.29624402	      0.01049425	      2.68621998	     -0.01152629	      9.33924561	      0.02790688
      1.69100000	     -6.56349028	    379.34459537	      5.47228054	     -2.28536921	      0.01022810	      2.31737024	      0.02070724	    -10.56106715	      0.02640919	     -1.32846832	    368.04270723	      2.99208396	     -2.29635354	      0.01049435	      2.68614341	     -0.01152807	      9.34068560	      0.02791118
      1.69200000	     -6.41570360	    379.49063227	      5.33215679	     -2.28551745	      0.01022798	      2.31743850	      0.02069016	    -10.55235678	      0.02638741	     -1.26309655	    368.52153498	      3.12829565	     -2.29646341	      0.01049444	      2.68606702	     -0.01153046	      9.34262303	      0.02791697
      1.69300000	     -6.26608181	    379.61137801	      5.18802708	     -2.28566339	      0.01022786	      2.31750734	      0.02067223	    -10.54320967	      0.02636453	     -1.19864082	    369.01549452	      3.26277890	     -2.29657355	      0.01049453	      2.68599100	     -0.01153339	      9.34500125	      0.02792408
      1.69400000	     -6.11548862	    379.70596500	      5.04013393	     -2.28580677	      0.01022776	      2.31757673	      0.02065345	    -10.53363191	      0.02634058	     -1.13505147	    369.52163780	      3.39509390	     -2.29668383	      0.01049462	      2.68591554	     -0.01153680	      9.34776128	      0.02793233
      1.69500000	     -5.96473827	    379.77380746	      4.88871805	     -2.28594734	      0.01022766	      2.31764660	      0.02063384	    -10.52363401	      0.02631558	     -1.07231933	    370.03690511	      3.52479122	     -2.29679416	      0.01049471	      2.68584082	     -0.01154060	      9.35084230	      0.02794153
      1.69600000	     -5.81458757	    379.81459835	      4.73401710	     -2.28608490	      0.01022756	      2.31771692	      0.02061345	    -10.51323066	      0.02628957	     -1.01047921	    370.55815701	      3.65141580	     -2.29690440	      0.01049479	      2.68576705	     -0.01154472	      9.35418228	      0.02795151
      1.69700000	     -5.66572934	    379.82830325	      4.57626488	     -2.28621929	      0.01022748	      2.31778762	      0.02059229	    -10.50244054	      0.02626258	     -0.94961217	    371.08220743	      3.77451139	     -2.29701443	      0.01049487	      2.68569439	     -0.01154909	      9.35771857	      0.02796208
      1.69800000	     -5.51878713	    379.81515120	      4.41569083	     -2.28635039	      0.01022740	      2.31785868	      0.02057042	    -10.49128608	      0.02623469	     -0.88984655	    371.60585754	      3.89362523	     -2.29712411	      0.01049495	      2.68562304	     -0.01155362	      9.36138857	      0.02797305
      1.69900000	     -5.37431127	    379.77562302	      4.25251977	     -2.28647813	      0.01022732	      2.31793004	      0.02054788	    -10.47979318	      0.02620595	     -0.83135783	    372.12592981	      4.00831306	     -2.29723332	      0.01049502	      2.68555316	     -0.01155823	      9.36513035	      0.02798423
      1.70000000	     -5.23277633	    379.71043718	      4.08697190	     -2.28660246	      0.01022726	      2.31800167	      0.02052474	    -10.46799101	      0.02617644	     -0.77436707	    372.63930204	      4.11814419	     -2.29734191	      0.01049509	      2.68548490	     -0.01156287	      9.36888327	      0.02799544
      1.70100000	     -5.09457980	    379.62053367	      3.91926295	     -2.28672340	      0.01022720	      2.31807351	      0.02050106	    -10.45591173	      0.02614623	     -0.71913831	    373.14294067	      4.22270663	     -2.29744975	      0.01049516	      2.68541843	     -0.01156744	      9.37258860	      0.02800651
      1.70200000	     -4.96004206	    379.50705615	      3.74960448	     -2.28684096	      0.01022715	      2.31814554	      0.02047690	    -10.44359029	      0.02611542	     -0.66597461	    373.63393316	      4.32161227	     -2.29755670	      0.01049522	      2.68535387	     -0.01157188	      9.37619019	      0.02801728
      1.70300000	     -4.82940755	    379.37133276	      3.57820423	     -2.28695524	      0.01022711	      2.31821770	      0.02045234	    -10.43106428	      0.02608410	     -0.61521316	    374.10951888	      4.41450174	     -2.29766262	      0.01049528	      2.68529134	     -0.01157614	      9.37963500	      0.02802757
      1.70400000	     -4.70284692	    379.21485591	      3.40526651	     -2.28706632	      0.01022707	      2.31828996	      0.02042746	    -10.41837370	      0.02605237	     -0.56721930	    374.56711818	      4.50104920	     -2.29776740	      0.01049533	      2.68523095	     -0.01158013	      9.38287370	      0.02803725
      1.70500000	     -4.58046019	    379.03926146	      3.23099250	     -2.28717435	      0.01022704	      2.31836228	      0.02040234	    -10.40556081	      0.02602033	     -0.52237971	    375.00435929	      4.58096661	     -2.29787092	      0.01049537	      2.68517279	     -0.01158382	      9.38586116	      0.02804617
      1.70600000	     -4.46228070	    378.84630756	      3.05558049	     -2.28727949	      0.01022701	      2.31843461	      0.02037706	    -10.39266999	      0.02598809	     -0.48109486	    375.41910274	      4.65400772	     -2.29797306	      0.01049541	      2.68511693	     -0.01158715	      9.38855692	      0.02805423
      1.70700000	     -4.34827982	    378.63785339	      2.87922598	     -2.28738191	      0.01022699	      2.31850690	      0.02035172	    -10.37974755	      0.02595578	     -0.44377087	    375.80946297	      4.71997147	     -2.29807374	      0.01049545	      2.68506342	     -0.01159007	      9.39092559	      0.02806131
      1.70800000	     -4.23837214	    378.41583821	      2.70212158	     -2.28748182	      0.01022698	      2.31857911	      0.02032642	    -10.36684153	      0.02592350	     -0.41081093	    376.17382681	      4.77870494	     -2.29817286	      0.01049548	      2.68501231	     -0.01159255	      9.39293716	      0.02806732
      1.70900000	     -4.13242127	    378.18226080	      2.52445672	     -2.28757944	      0.01022697	      2.31865120	      0.02030124	    -10.35400154	      0.02589140	     -0.38260649	    376.51086873	      4.83010565	     -2.29827036	      0.01049551	      2.68496362	     -0.01159457	      9.39456726	      0.02807219
      1.71000000	     -4.03024593	    377.93915961	      2.34641721	     -2.28767498	      0.01022696	      2.31872311	      0.02027630	    -10.34127851	      0.02585958	     -0.35952825	    376.81956238	      4.87412329	     -2.29836619	      0.01049553	      2.68491734	     -0.01159608	      9.39579731	      0.02807586
      1.71100000	     -3.93162625	    377.68859380	      2.16818443	     -2.28776869	      0.01022696	      2.31879479	      0.02025168	    -10.32872450	      0.02582819	     -0.34191738	    377.09918852	      4.91076088	     -2.29846030	      0.01049554	      2.68487347	     -0.01159709	      9.39661459	      0.02807831
      1.71200000	     -3.83631036	    377.43262521	      1.98993447	     -2.28786081	      0.01022695	      2.31886621	      0.02022750	    -10.31639239	      0.02579735	     -0.33007684	    377.34933896	      4.94007522	     -2.29855268	      0.01049555	      2.68483199	     -0.01159758	      9.39701223	      0.02807950
      1.71300000	     -3.74402086	    377.17330153	      1.81183687	     -2.28795156	      0.01022695	      2.31893730	      0.02020386	    -10.30433569	      0.02576720	     -0.32426329	    377.56991667	      4.96217680	     -2.29864332	      0.01049556	      2.68479285	     -0.01159755	      9.39698915	      0.02807943
      1.71400000	     -3.65446142	    376.91264046	      1.63405328	     -2.28804119	      0.01022695	      2.31900802	      0.02018087	    -10.29260819	      0.02573787	     -0.32467949	    377.76113186	      4.97722898	     -2.29873223	      0.01049556	      2.68475599	     -0.01159701	      9.39654988	      0.02807811
      1.71500000	     -3.56732316	    376.65261512	      1.45673583	     -2.28812992	      0.01022696	      2.31907832	      0.02015862	    -10.28126371	      0.02570951	     -0.33146751	    377.92349419	      4.98544661	     -2.29881946	      0.01049555	      2.68472136	     -0.01159597	      9.39570434	      0.02807559
      1.71600000	     -3.48229080	    376.39514058	      1.28002538	     -2.28821797	      0.01022696	      2.31914814	      0.02013724	    -10.27035575	      0.02568223	     -0.34470281	    378.05780113	      4.98709397	     -2.29890504	      0.01049554	      2.68468886	     -0.01159444	      9.39446752	      0.02807189
      1.71700000	     -3.39904859	    376.14206139	      1.10404966	     -2.28830554	      0.01022696	      2.31921744	      0.02011681	    -10.25993720	      0.02565618	     -0.36438932	    378.16512269	      4.98248209	     -2.29898904	      0.01049553	      2.68465843	     -0.01159246	      9.39285919	      0.02806709
      1.71800000	     -3.31728582	    375.89514031	      0.92892134	     -2.28839283	      0.01022696	      2.31928616	      0.02009744	    -10.25005996	      0.02563148	     -0.39045563	    378.24678263	      4.97196548	     -2.29907154	      0.01049551	      2.68462995	     -0.01159004	      9.39090345	      0.02806124
      1.71900000	     -3.23670197	    375.65604791	      0.75473614	     -2.28848000	      0.01022696	      2.31935427	      0.02007924	    -10.24077463	      0.02560826	     -0.42275241	    378.30433655	      4.95593822	     -2.29915263	      0.01049549	      2.68460334	     -0.01158724	      9.38862828	      0.02805444
      1.72000000	     -3.15701136	    375.42635328	      0.58157108	     -2.28856722	      0.01022696	      2.31942172	      0.02006229	    -10.23213010	      0.02558664	     -0.46105101	    378.33954704	      4.93482949	     -2.29923242	      0.01049547	      2.68457848	     -0.01158407	      9.38606507	      0.02804678
      1.72100000	     -3.07794741	    375.20751551	      0.40948288	     -2.28865462	      0.01022695	      2.31948846	      0.02004669	    -10.22417321	      0.02556674	     -0.50504350	    378.35435636	      4.90909867	     -2.29931102	      0.01049544	      2.68455526	     -0.01158060	      9.38324809	      0.02803837
      1.72200000	     -2.99926636	    375.00087622	      0.23850673	     -2.28874232	      0.01022695	      2.31955446	      0.02003252	    -10.21694841	      0.02554868	     -0.55434395	    378.35085696	      4.87922987	     -2.29938855	      0.01049541	      2.68453358	     -0.01157685	      9.38021385	      0.02802930
      1.72300000	     -2.92075054	    374.80765290	      0.06865527	     -2.28883041	      0.01022694	      2.31961967	      0.02001987	    -10.21049736	      0.02553255	     -0.60849115	    378.33126035	      4.84572618	     -2.29946515	      0.01049538	      2.68451333	     -0.01157288	      9.37700059	      0.02801970
      1.72400000	     -2.84221120	    374.62893323	     -0.10008182	     -2.28891897	      0.01022692	      2.31968408	      0.02000882	    -10.20485863	      0.02551845	     -0.66695258	    378.29786474	      4.80910367	     -2.29954097	      0.01049534	      2.68449438	     -0.01156875	      9.37364764	      0.02800968
      1.72500000	     -2.76349081	    374.46567029	     -0.26773793	     -2.28900807	      0.01022691	      2.31974764	      0.01999942	    -10.20006738	      0.02550647	     -0.72912975	    378.25302192	      4.76988509	     -2.29961614	      0.01049530	      2.68447664	     -0.01156449	      9.37019481	      0.02799936
      1.72600000	     -2.68446508	    374.31867866	     -0.43436896	     -2.28909774	      0.01022689	      2.31981034	      0.01999175	    -10.19615498	      0.02549668	     -0.79436468	    378.19910412	      4.72859360	     -2.29969081	      0.01049526	      2.68445999	     -0.01156015	      9.36668191	      0.02798886
      1.72700000	     -2.60504446	    374.18863155	     -0.60005230	     -2.28918801	      0.01022687	      2.31987216	      0.01998586	    -10.19314882	      0.02548916	     -0.86194761	    378.13847109	      4.68574648	     -2.29976514	      0.01049521	      2.68444433	     -0.01155579	      9.36314812	      0.02797830
      1.72800000	     -2.52517543	    374.07605882	     -0.76488518	     -2.28927889	      0.01022684	      2.31993308	      0.01998178	    -10.19107194	      0.02548397	     -0.93112561	    378.07343824	      4.64184894	     -2.29983928	      0.01049517	      2.68442956	     -0.01155145	      9.35963163	      0.02796780
      1.72900000	     -2.44484128	    373.98134609	     -0.92898249	     -2.28937037	      0.01022681	      2.31999310	      0.01997957	    -10.18994288	      0.02548115	     -1.00111219	    378.00624628	      4.59738821	     -2.29991336	      0.01049512	      2.68441559	     -0.01154718	      9.35616913	      0.02795745
      1.73000000	     -2.36406275	    373.90473488	     -1.09247407	     -2.28946244	      0.01022678	      2.32005221	      0.01997924	    -10.18977539	      0.02548073	     -1.07109748	    377.93903281	      4.55282796	     -2.29998755	      0.01049506	      2.68440233	     -0.01154301	      9.35279549	      0.02794737
      1.73100000	     -2.28289814	    373.84632375	     -1.25550145	     -2.28955506	      0.01022674	      2.32011041	      0.01998082	    -10.19057829	      0.02548274	     -1.14025902	    377.87380648	      4.50860315	     -2.30006198	      0.01049501	      2.68438970	     -0.01153900	      9.34954347	      0.02793765
      1.73200000	     -2.20144321	    373.80607058	     -1.41821422	     -2.28964821	      0.01022670	      2.32016772	      0.01998430	    -10.19235530	      0.02548718	     -1.20777287	    377.81242393	      4.46511553	     -2.30013678	      0.01049495	      2.68437761	     -0.01153517	      9.34644346	      0.02792839
      1.73300000	     -2.11983073	    373.78379599	     -1.58076593	     -2.28974183	      0.01022666	      2.32022414	      0.01998969	    -10.19510496	      0.02549406	     -1.27282478	    377.75657016	      4.42272961	     -2.30021210	      0.01049490	      2.68436600	     -0.01153157	      9.34352337	      0.02791966
      1.73400000	     -2.03822964	    373.77918770	     -1.74330968	     -2.28983587	      0.01022662	      2.32027968	      0.01999698	    -10.19882054	      0.02550335	     -1.33462129	    377.70774233	      4.38176941	     -2.30028804	      0.01049484	      2.68435481	     -0.01152822	      9.34080844	      0.02791155
      1.73500000	     -1.95684401	    373.79180612	     -1.90599343	     -2.28993029	      0.01022657	      2.32033437	      0.02000613	    -10.20349003	      0.02551502	     -1.39240047	    377.66723744	      4.34251591	     -2.30036473	      0.01049477	      2.68434398	     -0.01152515	      9.33832131	      0.02790412
      1.73600000	     -1.87591153	    373.82109096	     -2.06895521	     -2.29002501	      0.01022652	      2.32038822	      0.02001712	    -10.20909621	      0.02552904	     -1.44544222	    377.63614381	      4.30520516	     -2.30044225	      0.01049471	      2.68433347	     -0.01152238	      9.33608200	      0.02789743
      1.73700000	     -1.79570183	    373.86636887	     -2.23231818	     -2.29011998	      0.01022646	      2.32044126	      0.02002991	    -10.21561668	      0.02554535	     -1.49307769	    377.61533648	      4.27002723	     -2.30052070	      0.01049464	      2.68432323	     -0.01151995	      9.33410802	      0.02789153
      1.73800000	     -1.71651441	    373.92686227	     -2.39618579	     -2.29021513	      0.01022641	      2.32049351	      0.02004443	    -10.22302397	      0.02556387	     -1.53469790	    377.60547650	      4.23712589	     -2.30060016	      0.01049457	      2.68431323	     -0.01151786	      9.33241448	      0.02788647
      1.73900000	     -1.63867628	    374.00169912	     -2.56063714	     -2.29031041	      0.01022635	      2.32054501	      0.02006063	    -10.23128576	      0.02558453	     -1.56976124	    377.60701387	      4.20659902	     -2.30068069	      0.01049450	      2.68430344	     -0.01151613	      9.33101432	      0.02788228
      1.74000000	     -1.56253922	    374.08992378	     -2.72572261	     -2.29040574	      0.01022629	      2.32059579	      0.02007843	    -10.24036503	      0.02560723	     -1.59779967	    377.62019403	      4.17849979	     -2.30076233	      0.01049443	      2.68429385	     -0.01151478	      9.32991851	      0.02787901
      1.74100000	     -1.48847681	    374.19050867	     -2.89145998	     -2.29050109	      0.01022623	      2.32064587	      0.02009776	    -10.25022032	      0.02563188	     -1.61842372	    377.64506760	      4.15283851	     -2.30084511	      0.01049436	      2.68428444	     -0.01151381	      9.32913630	      0.02787667
      1.74200000	     -1.41688100	    374.30236688	     -3.05783105	     -2.29059638	      0.01022616	      2.32069528	      0.02011851	    -10.26080604	      0.02565835	     -1.63132597	    377.68150294	      4.12958522	     -2.30092906	      0.01049428	      2.68427520	     -0.01151324	      9.32867548	      0.02787530
      1.74300000	     -1.34815841	    374.42436525	     -3.22477897	     -2.29069156	      0.01022610	      2.32074406	      0.02014060	    -10.27207281	      0.02568652	     -1.63628309	    377.72920144	      4.10867277	     -2.30101417	      0.01049420	      2.68426615	     -0.01151308	      9.32854267	      0.02787490
      1.74400000	     -1.28272621	    374.55533803	     -3.39220626	     -2.29078659	      0.01022603	      2.32079225	      0.02016393	    -10.28396781	      0.02571627	     -1.63315644	    377.78771486	      4.09000052	     -2.30110044	      0.01049412	      2.68425727	     -0.01151333	      9.32874359	      0.02787550
      1.74500000	     -1.22100770	    374.69410063	     -3.55997365	     -2.29088143	      0.01022597	      2.32083985	      0.02018837	    -10.29643526	      0.02574744	     -1.62189119	    377.85646448	      4.07343853	     -2.30118783	      0.01049404	      2.68424859	     -0.01151399	      9.32928337	      0.02787711
      1.74600000	     -1.16342752	    374.83946355	     -3.72789971	     -2.29097603	      0.01022590	      2.32088692	      0.02021382	    -10.30941687	      0.02577991	     -1.60251406	    377.93476177	      4.05883201	     -2.30127631	      0.01049396	      2.68424012	     -0.01151508	      9.33016676	      0.02787975
      1.74700000	     -1.11040652	    374.99024607	     -3.89576134	     -2.29107037	      0.01022583	      2.32093346	      0.02024017	    -10.32285230	      0.02581350	     -1.57512965	    378.02182986	      4.04600620	     -2.30136583	      0.01049387	      2.68423188	     -0.01151660	      9.33139841	      0.02788343
      1.74800000	     -1.06235635	    375.14528954	     -4.06329511	     -2.29116439	      0.01022576	      2.32097950	      0.02026728	    -10.33667978	      0.02584808	     -1.53991569	    378.11682578	      4.03477137	     -2.30145633	      0.01049378	      2.68422389	     -0.01151856	      9.33298304	      0.02788817
      1.74900000	     -1.01967383	    375.30347012	     -4.23019935	     -2.29125809	      0.01022569	      2.32102505	      0.02029504	    -10.35083659	      0.02588348	     -1.49711709	    378.21886280	      4.02492789	     -2.30154774	      0.01049369	      2.68421619	     -0.01152096	      9.33492558	      0.02789397
      1.75000000	     -0.98273509	    375.46371068	     -4.39613706	     -2.29135144	      0.01022562	      2.32107014	      0.02032332	    -10.36525970	      0.02591955	     -1.44703911	    378.32703254	      4.01627130	     -2.30163998	      0.01049360	      2.68420880	     -0.01152380	      9.33723131	      0.02790086
      1.75100000	     -0.95188963	    375.62499173	     -4.56073957	     -2.29144441	      0.01022555	      2.32111475	      0.02035200	    -10.37988627	      0.02595612	     -1.39003987	    378.44042667	      4.00859721	     -2.30173297	      0.01049351	      2.68420175	     -0.01152710	      9.33990588	      0.02790885
      1.75200000	     -0.92745430	    375.78636110	     -4.72361070	     -2.29153699	      0.01022548	      2.32115890	      0.02038095	    -10.39465430	      0.02599305	     -1.32652218	    378.55815752	      4.00170595	     -2.30182663	      0.01049341	      2.68419508	     -0.01153087	      9.34295535	      0.02791797
      1.75300000	     -0.90970743	    375.94694229	     -4.88433165	     -2.29162917	      0.01022541	      2.32120257	      0.02041007	    -10.40950311	      0.02603018	     -1.25692515	    378.67937763	      3.99540687	     -2.30192087	      0.01049332	      2.68418883	     -0.01153510	      9.34638608	      0.02792822
      1.75400000	     -0.89888312	    376.10594117	     -5.04246612	     -2.29172093	      0.01022534	      2.32124576	      0.02043922	    -10.42437390	      0.02606737	     -1.18171557	    378.80329775	      3.98952226	     -2.30201560	      0.01049322	      2.68418302	     -0.01153981	      9.35020471	      0.02793963
      1.75500000	     -0.89516576	    376.26265101	     -5.19756590	     -2.29181226	      0.01022526	      2.32128844	      0.02046831	    -10.43921025	      0.02610447	     -1.10137942	    378.92920313	      3.98389081	     -2.30211074	      0.01049311	      2.68417768	     -0.01154501	      9.35441796	      0.02795222
      1.75600000	     -0.89868509	    376.41645567	     -5.34917658	     -2.29190316	      0.01022519	      2.32133058	      0.02049723	    -10.45395850	      0.02614135	     -1.01641354	    379.05646800	      3.97837038	     -2.30220620	      0.01049301	      2.68417285	     -0.01155071	      9.35903247	      0.02796601
      1.75700000	     -0.90951164	    376.56683090	     -5.49684336	     -2.29199362	      0.01022512	      2.32137216	      0.02052588	    -10.46856821	      0.02617788	     -0.92731776	    379.18456790	      3.97284035	     -2.30230189	      0.01049291	      2.68416856	     -0.01155691	      9.36405459	      0.02798101
      1.75800000	     -0.92765299	    376.71334362	     -5.64011691	     -2.29208363	      0.01022504	      2.32141313	      0.02055416	    -10.48299242	      0.02621395	     -0.83458760	    379.31308985	      3.96720316	     -2.30239775	      0.01049280	      2.68416482	     -0.01156362	      9.36949014	      0.02799726
      1.75900000	     -0.95305072	    376.85564941	     -5.77855905	     -2.29217319	      0.01022497	      2.32145345	      0.02058199	    -10.49718796	      0.02624945	     -0.73870767	    379.44174029	      3.96138529	     -2.30249369	      0.01049269	      2.68416166	     -0.01157084	      9.37534417	      0.02801475
      1.76000000	     -0.98557824	    376.99348799	     -5.91174829	     -2.29226228	      0.01022489	      2.32149306	      0.02060930	    -10.51111559	      0.02628428	     -0.64014592	    379.57035069	      3.95533757	     -2.30258965	      0.01049258	      2.68415909	     -0.01157859	      9.38162074	      0.02803350
      1.76100000	     -1.02503970	    377.12667716	     -6.03928501	     -2.29235092	      0.01022482	      2.32153192	      0.02063601	    -10.52474014	      0.02631835	     -0.53934879	    379.69888078	      3.94903480	     -2.30268556	      0.01049247	      2.68415714	     -0.01158686	      9.38832264	      0.02805353
      1.76200000	     -1.07116990	    377.25510505	     -6.16079632	     -2.29243908	      0.01022474	      2.32156996	      0.02066207	    -10.53803055	      0.02635158	     -0.43673749	    379.82741952	      3.94247485	     -2.30278139	      0.01049235	      2.68415580	     -0.01159566	      9.39545121	      0.02807483
      1.76300000	     -1.12363529	    377.37872112	     -6.27594035	     -2.29252678	      0.01022466	      2.32160713	      0.02068742	    -10.55095980	      0.02638391	     -0.33270530	    379.95618371	      3.93567704	     -2.30287706	      0.01049224	      2.68415508	     -0.01160498	      9.40300614	      0.02809741
      1.76400000	     -1.18203623	    377.49752618	     -6.38441011	     -2.29261401	      0.01022458	      2.32164335	      0.02071202	    -10.56350480	      0.02641528	     -0.22761601	    380.08551448	      3.92868009	     -2.30297255	      0.01049212	      2.68415497	     -0.01161483	      9.41098531	      0.02812125
      1.76500000	     -1.24591033	    377.61156151	     -6.48593671	     -2.29270077	      0.01022450	      2.32167858	      0.02073582	    -10.57564621	      0.02644564	     -0.12180357	    380.21587154	      3.92153940	     -2.30306781	      0.01049200	      2.68415548	     -0.01162519	      9.41938476	      0.02814635
      1.76600000	     -1.31473693	    377.72089761	     -6.58029190	     -2.29278706	      0.01022441	      2.32171274	      0.02075881	    -10.58736823	      0.02647496	     -0.01557272	    380.34782536	      3.91432399	     -2.30316281	      0.01049188	      2.68415659	     -0.01163607	      9.42819855	      0.02817268
      1.76700000	     -1.38794266	    377.82562269	     -6.66729009	     -2.29287287	      0.01022433	      2.32174577	      0.02078094	    -10.59865834	      0.02650319	      0.09079930	    380.48204751	      3.90711293	     -2.30325752	      0.01049176	      2.68415827	     -0.01164745	      9.43741883	      0.02820024
      1.76800000	     -1.46490802	    377.92583129	     -6.74678954	     -2.29295822	      0.01022424	      2.32177762	      0.02080222	    -10.60950695	      0.02653032	      0.19706008	    380.61929903	      3.89999151	     -2.30335191	      0.01049163	      2.68416053	     -0.01165932	      9.44703583	      0.02822897
      1.76900000	     -1.54497471	    378.02161325	     -6.81869310	     -2.29304310	      0.01022415	      2.32180822	      0.02082261	    -10.61990719	      0.02655632	      0.30297860	    380.76041716	      3.89304712	     -2.30344596	      0.01049151	      2.68416331	     -0.01167167	      9.45703793	      0.02825886
      1.77000000	     -1.62745385	    378.11304325	     -6.88294819	     -2.29312750	      0.01022406	      2.32183753	      0.02084211	    -10.62985451	      0.02658120	      0.40834106	    380.90630053	      3.88636509	     -2.30353964	      0.01049138	      2.68416660	     -0.01168447	      9.46741169	      0.02828986
      1.77100000	     -1.71163459	    378.20017130	     -6.93954626	     -2.29321145	      0.01022396	      2.32186549	      0.02086072	    -10.63934641	      0.02660493	      0.51294628	    381.05789294	      3.88002448	     -2.30363293	      0.01049126	      2.68417037	     -0.01169771	      9.47814199	      0.02832192
      1.77200000	     -1.79679311	    378.28301422	     -6.98852177	     -2.29329492	      0.01022387	      2.32189206	      0.02087844	    -10.64838212	      0.02662753	      0.61660065	    381.21616606	      3.87409398	     -2.30372579	      0.01049113	      2.68417456	     -0.01171137	      9.48921209	      0.02835500
      1.77300000	     -1.88220183	    378.36154841	     -7.02995053	     -2.29337794	      0.01022377	      2.32191721	      0.02089526	    -10.65696228	      0.02664898	      0.71911304	    381.38210112	      3.86862803	     -2.30381820	      0.01049100	      2.68417915	     -0.01172543	      9.50060380	      0.02838904
      1.77400000	     -1.96713850	    378.43570403	     -7.06394771	     -2.29346048	      0.01022366	      2.32194091	      0.02091120	    -10.66508873	      0.02666931	      0.82028970	    381.55667009	      3.86366325	     -2.30391013	      0.01049088	      2.68418409	     -0.01173987	      9.51229760	      0.02842398
      1.77500000	     -2.05089505	    378.50536050	     -7.09066536	     -2.29354256	      0.01022356	      2.32196314	      0.02092625	    -10.67276418	      0.02668850	      0.91992949	    381.74081636	      3.85921518	     -2.30400153	      0.01049075	      2.68418932	     -0.01175464	      9.52427282	      0.02845977
      1.77600000	     -2.13278602	    378.57034358	     -7.11028967	     -2.29362416	      0.01022345	      2.32198387	      0.02094042	    -10.67999209	      0.02670657	      1.01781945	    381.93543551	      3.85527553	     -2.30409237	      0.01049062	      2.68419482	     -0.01176975	      9.53650784	      0.02849633
      1.77700000	     -2.21215640	    378.63042390	     -7.12303789	     -2.29370529	      0.01022334	      2.32200311	      0.02095372	    -10.68677638	      0.02672354	      1.11373107	    382.14135625	      3.85180996	     -2.30418260	      0.01049049	      2.68420052	     -0.01178514	      9.54898028	      0.02853360
      1.77800000	     -2.28838869	    378.68531683	     -7.12915505	     -2.29378592	      0.01022322	      2.32202086	      0.02096616	    -10.69312137	      0.02673940	      1.20741727	    382.35932198	      3.84875635	     -2.30427216	      0.01049036	      2.68420637	     -0.01180080	      9.56166727	      0.02857151
      1.77900000	     -2.36090904	    378.73468375	     -7.12891060	     -2.29386606	      0.01022311	      2.32203713	      0.02097775	    -10.69903158	      0.02675418	      1.29861027	    382.58997316	      3.84602375	     -2.30436099	      0.01049023	      2.68421234	     -0.01181669	      9.57454567	      0.02860999
      1.78000000	     -2.42919240	    378.77813455	     -7.12259489	     -2.29394568	      0.01022299	      2.32205193	      0.02098849	    -10.70451168	      0.02676789	      1.38702047	    382.83383077	      3.84349196	     -2.30444905	      0.01049011	      2.68421837	     -0.01183279	      9.58759229	      0.02864897
      1.78100000	     -2.49276663	    378.81523125	     -7.11051571	     -2.29402476	      0.01022287	      2.32206530	      0.02099840	    -10.70956635	      0.02678053	      1.47233621	    383.09128129	      3.84101169	     -2.30453625	      0.01048998	      2.68422441	     -0.01184907	      9.60078416	      0.02868839
      1.78200000	     -2.55121547	    378.84549260	     -7.09299485	     -2.29410328	      0.01022274	      2.32207726	      0.02100749	    -10.71420024	      0.02679211	      1.55422468	    383.36256317	      3.83840545	     -2.30462253	      0.01048986	      2.68423044	     -0.01186551	      9.61409874	      0.02872818
      1.78300000	     -2.60418043	    378.86839948	     -7.07036482	     -2.29418121	      0.01022262	      2.32208786	      0.02101576	    -10.71841789	      0.02680266	      1.63233368	    383.64775526	      3.83546900	     -2.30470780	      0.01048973	      2.68423640	     -0.01188206	      9.62751407	      0.02876826
      1.78400000	     -2.65136158	    378.88340116	     -7.04296562	     -2.29425851	      0.01022249	      2.32209715	      0.02102322	    -10.72222361	      0.02681218	      1.70629433	    383.94676723	      3.83197335	     -2.30479200	      0.01048961	      2.68424228	     -0.01189872	      9.64100902	      0.02880859
      1.78500000	     -2.69251738	    378.88992209	     -7.01114179	     -2.29433514	      0.01022236	      2.32210518	      0.02102988	    -10.72562148	      0.02682067	      1.77572466	    384.25933227	      3.82766739	     -2.30487502	      0.01048949	      2.68424805	     -0.01191545	      9.65456333	      0.02884909
      1.78600000	     -2.72746355	    378.88736918	     -6.97523967	     -2.29441106	      0.01022223	      2.32211200	      0.02103575	    -10.72861518	      0.02682816	      1.84023384	    384.58500219	      3.82228076	     -2.30495680	      0.01048938	      2.68425369	     -0.01193222	      9.66815774	      0.02888971
      1.78700000	     -2.75607109	    378.87513955	     -6.93560486	     -2.29448622	      0.01022209	      2.32211768	      0.02104084	    -10.73120802	      0.02683464	      1.89942710	    384.92314505	      3.81552730	     -2.30503725	      0.01048926	      2.68425919	     -0.01194903	      9.68177406	      0.02893040
      1.78800000	     -2.77826366	    378.85262843	     -6.89258003	     -2.29456057	      0.01022196	      2.32212228	      0.02104514	    -10.73340279	      0.02684013	      1.95291117	    385.27294543	      3.80710860	     -2.30511628	      0.01048915	      2.68426456	     -0.01196584	      9.69539512	      0.02897110
      1.78900000	     -2.79401431	    378.81923725	     -6.84650292	     -2.29463407	      0.01022182	      2.32212587	      0.02104867	    -10.73520177	      0.02684463	      2.00030001	    385.63340744	      3.79671787	     -2.30519380	      0.01048903	      2.68426980	     -0.01198264	      9.70900475	      0.02901177
      1.79000000	     -2.80334178	    378.77438171	     -6.79770473	     -2.29470667	      0.01022169	      2.32212851	      0.02105142	    -10.73660664	      0.02684814	      2.04122088	    386.00336035	      3.78404392	     -2.30526975	      0.01048893	      2.68427493	     -0.01199940	      9.72258772	      0.02905236
      1.79100000	     -2.80630634	    378.71749971	     -6.74650866	     -2.29477831	      0.01022155	      2.32213029	      0.02105341	    -10.73761848	      0.02685067	      2.07532032	    386.38146698	      3.76877519	     -2.30534404	      0.01048882	      2.68427998	     -0.01201611	      9.73612956	      0.02909282
      1.79200000	     -2.80300555	    378.64805919	     -6.69322884	     -2.29484898	      0.01022142	      2.32213127	      0.02105462	    -10.73823771	      0.02685222	      2.10227020	    386.76623465	      3.75060378	     -2.30541661	      0.01048871	      2.68428499	     -0.01203276	      9.74961645	      0.02913312
      1.79300000	     -2.79356972	    378.56556557	     -6.63816942	     -2.29491861	      0.01022128	      2.32213152	      0.02105506	    -10.73846410	      0.02685279	      2.12177337	    387.15602862	      3.72922937	     -2.30548739	      0.01048861	      2.68429002	     -0.01204932	      9.76303496	      0.02917322
      1.79400000	     -2.77815745	    378.46956889	     -6.58162392	     -2.29498720	      0.01022115	      2.32213112	      0.02105474	    -10.73829675	      0.02685237	      2.13356906	    387.54908779	      3.70436300	     -2.30555635	      0.01048851	      2.68429512	     -0.01206578	      9.77637190	      0.02921307
      1.79500000	     -2.75695123	    378.35967058	     -6.52387475	     -2.29505472	      0.01022101	      2.32213014	      0.02105363	    -10.73773406	      0.02685096	      2.13743763	    387.94354259	      3.67573056	     -2.30562342	      0.01048841	      2.68430035	     -0.01208212	      9.78961403	      0.02925264
      1.79600000	     -2.73015311	    378.23552964	     -6.46519284	     -2.29512116	      0.01022088	      2.32212865	      0.02105175	    -10.73677377	      0.02684856	      2.13320483	    388.33743466	      3.64307619	     -2.30568859	      0.01048832	      2.68430581	     -0.01209833	      9.80274788	      0.02929189
      1.79700000	     -2.69798067	    378.09686826	     -6.40583752	     -2.29518653	      0.01022074	      2.32212671	      0.02104908	    -10.73541292	      0.02684516	      2.12074533	    388.72873817	      3.60616527	     -2.30575183	      0.01048822	      2.68431157	     -0.01211439	      9.81575945	      0.02933077
      1.79800000	     -2.66066318	    377.94347687	     -6.34605635	     -2.29525083	      0.01022061	      2.32212441	      0.02104562	    -10.73364789	      0.02684075	      2.09998541	    389.11538239	      3.56478725	     -2.30581312	      0.01048813	      2.68431772	     -0.01213028	      9.82863412	      0.02936924
      1.79900000	     -2.61843815	    377.77521834	     -6.28608505	     -2.29531409	      0.01022048	      2.32212180	      0.02104136	    -10.73147439	      0.02683531	      2.07090494	    389.49527535	      3.51875817	     -2.30587246	      0.01048803	      2.68432437	     -0.01214598	      9.84135638	      0.02940725
      1.80000000	     -2.57154819	    377.59203156	     -6.22614750	     -2.29537634	      0.01022035	      2.32211896	      0.02103629	    -10.72888754	      0.02682884	      2.03353844	    389.86632798	      3.46792288	     -2.30592988	      0.01048794	      2.68433160	     -0.01216148	      9.85390972	      0.02944476
      1.80100000	     -2.52023830	    377.39393408	     -6.16645562	     -2.29543764	      0.01022022	      2.32211594	      0.02103039	    -10.72588185	      0.02682133	      1.98797542	    390.22647878	      3.41215702	     -2.30598538	      0.01048785	      2.68433953	     -0.01217674	      9.86627656	      0.02948172
      1.80200000	     -2.46475348	    377.18102386	     -6.10720934	     -2.29549802	      0.01022010	      2.32211282	      0.02102367	    -10.72245132	      0.02681275	      1.93435990	    390.57371821	      3.35136871	     -2.30603901	      0.01048776	      2.68434826	     -0.01219175	      9.87843815	      0.02951806
      1.80300000	     -2.40533684	    376.95348008	     -6.04859642	     -2.29555757	      0.01021997	      2.32210965	      0.02101610	    -10.71858951	      0.02680309	      1.87288915	    390.90611291	      3.28549985	     -2.30609080	      0.01048766	      2.68435788	     -0.01220648	      9.89037462	      0.02955373
      1.80400000	     -2.34222803	    376.71156295	     -5.99079231	     -2.29561635	      0.01021985	      2.32210650	      0.02100766	    -10.71428959	      0.02679234	      1.80381180	    391.22182900	      3.21452718	     -2.30614081	      0.01048757	      2.68436850	     -0.01222091	      9.90206497	      0.02958866
      1.80500000	     -2.27566201	    376.45561243	     -5.93395987	     -2.29567445	      0.01021973	      2.32210342	      0.02099836	    -10.70954448	      0.02678047	      1.72742536	    391.51915442	      3.13846298	     -2.30618909	      0.01048748	      2.68438019	     -0.01223500	      9.91348725	      0.02962279
      1.80600000	     -2.20586821	    376.18604595	     -5.87824916	     -2.29573195	      0.01021961	      2.32210046	      0.02098817	    -10.70434698	      0.02676748	      1.64407315	    391.79651985	      3.05735534	     -2.30623573	      0.01048738	      2.68439304	     -0.01224874	      9.92461867	      0.02965605
      1.80700000	     -2.13307000	    375.90335509	     -5.82379707	     -2.29578895	      0.01021949	      2.32209768	      0.02097708	    -10.69868987	      0.02675333	      1.55414081	    392.05251794	      2.97128809	     -2.30628080	      0.01048728	      2.68440713	     -0.01226209	      9.93543579	      0.02968837
      1.80800000	     -2.05748433	    375.60810121	     -5.77072708	     -2.29584553	      0.01021937	      2.32209512	      0.02096507	    -10.69256605	      0.02673802	      1.45805243	    392.28592068	      2.88038026	     -2.30632439	      0.01048718	      2.68442251	     -0.01227503	      9.94591477	      0.02971969
      1.80900000	     -1.97932165	    375.30091027	     -5.71914892	     -2.29590180	      0.01021926	      2.32209283	      0.02095214	    -10.68596872	      0.02672152	      1.35626631	    392.49569468	      2.78478519	     -2.30636660	      0.01048708	      2.68443922	     -0.01228751	      9.95603163	      0.02974992
      1.81000000	     -1.89878594	    374.98246674	     -5.66915842	     -2.29595787	      0.01021914	      2.32209085	      0.02093826	    -10.67889145	      0.02670382	      1.24927061	    392.68101409	      2.68468903	     -2.30640753	      0.01048698	      2.68445729	     -0.01229952	      9.96576249	      0.02977900
      1.81100000	     -1.81607491	    374.65350687	     -5.62083730	     -2.29601382	      0.01021903	      2.32208920	      0.02092343	    -10.67132834	      0.02668491	      1.13757864	    392.84127136	      2.58030899	     -2.30644729	      0.01048687	      2.68447674	     -0.01231103	      9.97508395	      0.02980685
      1.81200000	     -1.73138021	    374.31481134	     -5.57425313	     -2.29606975	      0.01021891	      2.32208793	      0.02090764	    -10.66327414	      0.02666477	      1.02172417	    392.97608535	      2.47189099	     -2.30648600	      0.01048676	      2.68449756	     -0.01232200	      9.98397334	      0.02983341
      1.81300000	     -1.64488778	    373.96719762	     -5.52945936	     -2.29612577	      0.01021880	      2.32208705	      0.02089087	    -10.65472433	      0.02664339	      0.90225661	    393.08530712	      2.35970703	     -2.30652379	      0.01048665	      2.68451973	     -0.01233241	      9.99240904	      0.02985862
      1.81400000	     -1.55677818	    373.61151194	     -5.48649542	     -2.29618196	      0.01021869	      2.32208657	      0.02087313	    -10.64567525	      0.02662076	      0.77973619	    393.16902317	      2.24405214	     -2.30656078	      0.01048653	      2.68454320	     -0.01234223	     10.00037078	      0.02988241
      1.81500000	     -1.46722692	    373.24862133	     -5.44538697	     -2.29623841	      0.01021858	      2.32208651	      0.02085440	    -10.63612412	      0.02659688	      0.65472924	    393.22755629	      2.12524105	     -2.30659711	      0.01048641	      2.68456791	     -0.01235145	     10.00783987	      0.02990473
      1.81600000	     -1.37640481	    372.87940559	     -5.40614626	     -2.29629520	      0.01021847	      2.32208686	      0.02083469	    -10.62606913	      0.02657173	      0.52780359	    393.26146395	      2.00360463	     -2.30663293	      0.01048629	      2.68459378	     -0.01236004	     10.01479952	      0.02992552
      1.81700000	     -1.28447827	    372.50474963	     -5.36877256	     -2.29635241	      0.01021836	      2.32208762	      0.02081398	    -10.61550950	      0.02654533	      0.39952409	    393.27153449	      1.87948605	     -2.30666838	      0.01048617	      2.68462071	     -0.01236798	     10.02123496	      0.02994475
      1.81800000	     -1.19160961	    372.12553605	     -5.33325284	     -2.29641011	      0.01021825	      2.32208879	      0.02079229	    -10.60444543	      0.02651766	      0.27044846	    393.25878095	      1.75323687	     -2.30670360	      0.01048604	      2.68464857	     -0.01237526	     10.02713372	      0.02996238
      1.81900000	     -1.09795729	    371.74263831	     -5.29956243	     -2.29646837	      0.01021814	      2.32209032	      0.02076961	    -10.59287817	      0.02648873	      0.14112332	    393.22443282	      1.62521313	     -2.30673876	      0.01048591	      2.68467723	     -0.01238187	     10.03248577	      0.02997837
      1.82000000	     -1.00367621	    371.35691453	     -5.26766594	     -2.29652724	      0.01021803	      2.32209221	      0.02074595	    -10.58080992	      0.02645856	      0.01208067	    393.16992577	      1.49577137	     -2.30677402	      0.01048578	      2.68470653	     -0.01238779	     10.03728365	      0.02999271
      1.82100000	     -0.90891786	    370.96920195	     -5.23751817	     -2.29658678	      0.01021792	      2.32209443	      0.02072131	    -10.56824388	      0.02642713	     -0.11616534	    393.09688942	      1.36526489	     -2.30680952	      0.01048565	      2.68473631	     -0.01239302	     10.04152260	      0.03000538
      1.82200000	     -0.81383061	    370.58031223	     -5.20906521	     -2.29664703	      0.01021781	      2.32209692	      0.02069570	    -10.55518413	      0.02639448	     -0.24312121	    393.00713340	      1.23404013	     -2.30684544	      0.01048551	      2.68476638	     -0.01239756	     10.04520064	      0.03001637
      1.82300000	     -0.71855986	    370.19102755	     -5.18224548	     -2.29670803	      0.01021769	      2.32209967	      0.02066914	    -10.54163563	      0.02636060	     -0.36831642	    392.90263174	      1.10243338	     -2.30688194	      0.01048538	      2.68479654	     -0.01240141	     10.04831858	      0.03002568
      1.82400000	     -0.62324830	    369.80209771	     -5.15699092	     -2.29676983	      0.01021758	      2.32210261	      0.02064163	    -10.52760414	      0.02632551	     -0.49130546	    392.78550583	      0.97076784	     -2.30691919	      0.01048524	      2.68482660	     -0.01240457	     10.05088007	      0.03003334
      1.82500000	     -0.52803612	    369.41423808	     -5.13322814	     -2.29683244	      0.01021746	      2.32210572	      0.02061318	    -10.51309617	      0.02628923	     -0.61166932	    392.65800603	      0.83935106	     -2.30695733	      0.01048511	      2.68485633	     -0.01240705	     10.05289154	      0.03003935
      1.82600000	     -0.43306137	    369.02812854	     -5.11087952	     -2.29689591	      0.01021735	      2.32210894	      0.02058382	    -10.49811898	      0.02625178	     -0.72901661	    392.52249207	      0.70847286	     -2.30699654	      0.01048497	      2.68488553	     -0.01240887	     10.05436209	      0.03004374
      1.82700000	     -0.33846029	    368.64441337	     -5.08986436	     -2.29696024	      0.01021723	      2.32211224	      0.02055355	    -10.48268056	      0.02621317	     -0.84298435	    392.38141244	      0.57840360	     -2.30703696	      0.01048483	      2.68491397	     -0.01241003	     10.05530341	      0.03004656
      1.82800000	     -0.24436779	    368.26370197	     -5.07009990	     -2.29702545	      0.01021711	      2.32211558	      0.02052239	    -10.46678965	      0.02617344	     -0.95323823	    392.23728299	      0.44939304	     -2.30707874	      0.01048470	      2.68494143	     -0.01241056	     10.05572961	      0.03004783
      1.82900000	     -0.15091795	    367.88657043	     -5.05150224	     -2.29709157	      0.01021699	      2.32211892	      0.02049036	    -10.45045581	      0.02613259	     -1.05947264	    392.09266467	      0.32166961	     -2.30712202	      0.01048457	      2.68496770	     -0.01241047	     10.05565696	      0.03004761
      1.83000000	     -0.05824467	    367.51356375	     -5.03398723	     -2.29715861	      0.01021687	      2.32212223	      0.02045749	    -10.43368946	      0.02609066	     -1.16141036	    391.95014095	      0.19544007	     -2.30716694	      0.01048444	      2.68499256	     -0.01240978	     10.05510368	      0.03004596
      1.83100000	      0.03351769	    367.14519873	     -5.01747121	     -2.29722657	      0.01021674	      2.32212549	      0.02042379	    -10.41650201	      0.02604769	     -1.25880189	    391.81229473	      0.07088963	     -2.30721362	      0.01048431	      2.68501581	     -0.01240853	     10.05408962	      0.03004293
      1.83200000	      0.12423368	    366.78196721	     -5.00187165	     -2.29729546	      0.01021661	      2.32212868	      0.02038929	    -10.39890601	      0.02600368	     -1.35142463	    391.68168523	     -0.05181753	     -2.30726216	      0.01048419	      2.68503727	     -0.01240674	     10.05263597	      0.03003858
      1.83300000	      0.21376599	    366.42433970	     -4.98710775	     -2.29736529	      0.01021648	      2.32213179	      0.02035401	    -10.38091527	      0.02595870	     -1.43908183	    391.56082490	     -0.17253751	     -2.30731267	      0.01048407	      2.68505674	     -0.01240443	     10.05076487	      0.03003299
      1.83400000	      0.30197491	    366.07276913	     -4.97310085	     -2.29743607	      0.01021635	      2.32213483	      0.02031799	    -10.36254502	      0.02591276	     -1.52160132	    391.45215663	     -0.29114554	     -2.30736522	      0.01048395	      2.68507409	     -0.01240163	     10.04849910	      0.03002622
      1.83500000	      0.38871770	    365.72769457	     -4.95977480	     -2.29750780	      0.01021622	      2.32213780	      0.02028126	    -10.34381208	      0.02586592	     -1.59883417	    391.35803146	     -0.40753468	     -2.30741990	      0.01048384	      2.68508915	     -0.01239838	     10.04586173	      0.03001834
      1.83600000	      0.47384815	    365.38954466	     -4.94705621	     -2.29758048	      0.01021608	      2.32214073	      0.02024386	    -10.32473498	      0.02581821	     -1.67065320	    391.28068712	     -0.52161432	     -2.30747676	      0.01048373	      2.68510181	     -0.01239469	     10.04287577	      0.03000942
      1.83700000	      0.55721630	    365.05874068	     -4.93487464	     -2.29765411	      0.01021595	      2.32214363	      0.02020582	    -10.30533411	      0.02576970	     -1.73695148	    391.22222755	     -0.63330860	     -2.30753585	      0.01048363	      2.68511198	     -0.01239061	     10.03956387	      0.02999952
      1.83800000	      0.63866827	    364.73569905	     -4.92316263	     -2.29772871	      0.01021581	      2.32214656	      0.02016719	    -10.28563175	      0.02572043	     -1.79764071	    391.18460378	     -0.74255474	     -2.30759718	      0.01048353	      2.68511956	     -0.01238614	     10.03594800	      0.02998872
      1.83900000	      0.71804637	    364.42083303	     -4.91185576	     -2.29780425	      0.01021567	      2.32214954	      0.02012801	    -10.26565225	      0.02567047	     -1.85264978	    391.16959622	     -0.84930148	     -2.30766080	      0.01048344	      2.68512452	     -0.01238133	     10.03204923	      0.02997707
      1.84000000	      0.79518938	    364.11455380	     -4.90089262	     -2.29788075	      0.01021553	      2.32215264	      0.02008835	    -10.24542193	      0.02561988	     -1.90192327	    391.17879881	     -0.95350755	     -2.30772668	      0.01048335	      2.68512681	     -0.01237619	     10.02788747	      0.02996463
      1.84100000	      0.86993310	    363.81727059	     -4.89021476	     -2.29795820	      0.01021538	      2.32215592	      0.02004825	    -10.22496919	      0.02556874	     -1.94542018	    391.21360502	     -1.05514033	     -2.30779483	      0.01048326	      2.68512644	     -0.01237076	     10.02348124	      0.02995147
      1.84200000	      0.94211113	    363.52939003	     -4.87976668	     -2.29803659	      0.01021524	      2.32215944	      0.02000777	    -10.20432437	      0.02551711	     -1.98311278	    391.27519589	     -1.15417469	     -2.30786522	      0.01048319	      2.68512342	     -0.01236504	     10.01884752	      0.02993762
      1.84300000	      1.01155581	    363.25131474	     -4.86949579	     -2.29811592	      0.01021509	      2.32216329	      0.01996698	    -10.18351973	      0.02546509	     -2.01498569	    391.36453040	     -1.25059204	     -2.30793782	      0.01048311	      2.68511779	     -0.01235906	     10.01400151	      0.02992314
      1.84400000	      1.07809954	    362.98344109	     -4.85935248	     -2.29819617	      0.01021494	      2.32216753	      0.01992594	    -10.16258931	      0.02541275	     -2.04103519	    391.48233804	     -1.34437959	     -2.30801256	      0.01048305	      2.68510962	     -0.01235283	     10.00895658	      0.02990806
      1.84500000	      1.14157621	    362.72615635	     -4.84929019	     -2.29827733	      0.01021480	      2.32217224	      0.01988472	    -10.14156877	      0.02536018	     -2.06126867	    391.62911389	     -1.43552982	     -2.30808940	      0.01048298	      2.68509899	     -0.01234637	     10.00372410	      0.02989243
      1.84600000	      1.20182290	    362.47983526	     -4.83926552	     -2.29835938	      0.01021465	      2.32217751	      0.01984340	    -10.12049519	      0.02530749	     -2.07570445	    391.80511615	     -1.52404011	     -2.30816827	      0.01048292	      2.68508599	     -0.01233970	      9.99831334	      0.02987626
      1.84700000	      1.25868188	    362.24483610	     -4.82923852	     -2.29844230	      0.01021450	      2.32218342	      0.01980206	    -10.09940690	      0.02525475	     -2.08437167	    392.01036618	     -1.60991251	     -2.30824906	      0.01048287	      2.68507075	     -0.01233281	      9.99273146	      0.02985958
      1.84800000	      1.31200265	    362.02149648	     -4.81917295	     -2.29852608	      0.01021435	      2.32219005	      0.01976076	    -10.07834320	      0.02520208	     -2.08731043	    392.24465113	     -1.69315369	     -2.30833171	      0.01048282	      2.68505338	     -0.01232571	      9.98698344	      0.02984241
      1.84900000	      1.36164437	    361.81012898	     -4.80903670	     -2.29861069	      0.01021421	      2.32219747	      0.01971958	    -10.05734414	      0.02514957	     -2.08457203	    392.50752898	     -1.77377489	     -2.30841609	      0.01048277	      2.68503403	     -0.01231842	      9.98107207	      0.02982474
      1.85000000	      1.40747824	    361.61101675	     -4.79880233	     -2.29869610	      0.01021406	      2.32220575	      0.01967861	    -10.03645022	      0.02509732	     -2.07621940	    392.79833602	     -1.85179207	     -2.30850210	      0.01048273	      2.68501285	     -0.01231092	      9.97499800	      0.02980659
      1.85100000	      1.44939018	    361.42440929	     -4.78844765	     -2.29878230	      0.01021391	      2.32221496	      0.01963793	    -10.01570211	      0.02504544	     -2.06232749	    393.11619662	     -1.92722598	     -2.30858961	      0.01048269	      2.68498999	     -0.01230322	      9.96875978	      0.02978795
      1.85200000	      1.48728342	    361.25051862	     -4.77795640	     -2.29886925	      0.01021377	      2.32222516	      0.01959762	     -9.99514039	      0.02499402	     -2.04298381	    393.46003496	     -2.00010237	     -2.30867851	      0.01048265	      2.68496561	     -0.01229531	      9.96235396	      0.02976881
      1.85300000	      1.52108120	    361.08951581	     -4.76731899	     -2.29895692	      0.01021363	      2.32223640	      0.01955775	     -9.97480523	      0.02494317	     -2.01828897	    393.82858880	     -2.07045215	     -2.30876866	      0.01048262	      2.68493986	     -0.01228720	      9.95577521	      0.02974915
      1.85400000	      1.55072939	    360.94152818	     -4.75653317	     -2.29904528	      0.01021348	      2.32224872	      0.01951840	     -9.95473609	      0.02489299	     -1.98835716	    394.22042474	     -2.13831149	     -2.30885992	      0.01048259	      2.68491290	     -0.01227885	      9.94901644	      0.02972896
      1.85500000	      1.57619898	    360.80663713	     -4.74560476	     -2.29913431	      0.01021334	      2.32226215	      0.01947964	     -9.93497147	      0.02484356	     -1.95331669	    394.63395503	     -2.20372200	     -2.30895216	      0.01048256	      2.68488490	     -0.01227028	      9.94206900	      0.02970820
      1.85600000	      1.59748835	    360.68487664	     -4.73454824	     -2.29922397	      0.01021320	      2.32227670	      0.01944156	     -9.91554857	      0.02479499	     -1.91331040	    395.06745548	     -2.26673077	     -2.30904522	      0.01048253	      2.68485600	     -0.01226146	      9.93492283	      0.02968684
      1.85700000	      1.61462529	    360.57623258	     -4.72338718	     -2.29931423	      0.01021306	      2.32229240	      0.01940422	     -9.89650307	      0.02474737	     -1.86849615	    395.51908442	     -2.32739032	     -2.30913898	      0.01048250	      2.68482634	     -0.01225238	      9.92756668	      0.02966486
      1.85800000	      1.62766861	    360.48064274	     -4.71215459	     -2.29940505	      0.01021293	      2.32230922	      0.01936768	     -9.87786881	      0.02470077	     -1.81904714	    395.98690234	     -2.38575856	     -2.30923329	      0.01048248	      2.68479607	     -0.01224303	      9.91998835	      0.02964222
      1.85900000	      1.63670935	    360.39799744	     -4.70089304	     -2.29949642	      0.01021279	      2.32232717	      0.01933201	     -9.85967754	      0.02465528	     -1.76515221	    396.46889212	     -2.44189860	     -2.30932802	      0.01048245	      2.68476531	     -0.01223338	      9.91217489	      0.02961887
      1.86000000	      1.64187157	    360.32814078	     -4.68965459	     -2.29958828	      0.01021266	      2.32234622	      0.01929727	     -9.84195868	      0.02461097	     -1.70701609	    396.96297949	     -2.49587850	     -2.30942303	      0.01048243	      2.68473419	     -0.01222343	      9.90411291	      0.02959478
      1.86100000	      1.64331253	    360.27087236	     -4.67850047	     -2.29968062	      0.01021253	      2.32236632	      0.01926351	     -9.82473903	      0.02456791	     -1.64485954	    397.46705360	     -2.54777104	     -2.30951820	      0.01048240	      2.68470281	     -0.01221316	      9.89578886	      0.02956990
      1.86200000	      1.64122247	    360.22594925	     -4.66750056	     -2.29977340	      0.01021240	      2.32238743	      0.01923077	     -9.80804255	      0.02452616	     -1.57891943	    397.97898750	     -2.59765332	     -2.30961342	      0.01048238	      2.68467126	     -0.01220255	      9.88718931	      0.02954421
      1.86300000	      1.63582376	    360.19308813	     -4.65673262	     -2.29986659	      0.01021227	      2.32240950	      0.01919910	     -9.79189008	      0.02448577	     -1.50944865	    398.49665828	     -2.64560645	     -2.30970857	      0.01048236	      2.68463965	     -0.01219158	      9.87830127	      0.02951765
      1.86400000	      1.62736955	    360.17196754	     -4.64628127	     -2.29996017	      0.01021215	      2.32243246	      0.01916853	     -9.77629915	      0.02444678	     -1.43671593	    399.01796676	     -2.69171515	     -2.30980357	      0.01048233	      2.68460803	     -0.01218024	      9.86911250	      0.02949019
      1.86500000	      1.61614186	    360.16222993	     -4.63623681	     -2.30005409	      0.01021202	      2.32245624	      0.01913909	     -9.76128371	      0.02440924	     -1.36100555	    399.54085663	     -2.73606732	     -2.30989832	      0.01048231	      2.68457648	     -0.01216851	      9.85961183	      0.02946180
      1.86600000	      1.60244926	    360.16348355	     -4.62669375	     -2.30014835	      0.01021190	      2.32248076	      0.01911080	     -9.74685390	      0.02437315	     -1.28261674	    400.06333283	     -2.77875356	     -2.30999276	      0.01048229	      2.68454505	     -0.01215639	      9.84978947	      0.02943245
      1.86700000	      1.58662396	    360.17530395	     -4.61774921	     -2.30024292	      0.01021178	      2.32250595	      0.01908367	     -9.73301586	      0.02433855	     -1.20186294	    400.58347918	     -2.81986671	     -2.31008683	      0.01048227	      2.68451377	     -0.01214386	      9.83963724	      0.02940212
      1.86800000	      1.56901867	    360.19723513	     -4.60950119	     -2.30033778	      0.01021166	      2.32253173	      0.01905770	     -9.71977149	      0.02430543	     -1.11907072	    401.09947517	     -2.85950123	     -2.31018047	      0.01048224	      2.68448267	     -0.01213092	      9.82914886	      0.02937078
      1.86900000	      1.55000302	    360.22879017	     -4.60204666	     -2.30043291	      0.01021154	      2.32255800	      0.01903289	     -9.70711829	      0.02427379	     -1.03457843	    401.60961172	     -2.89775257	     -2.31027367	      0.01048222	      2.68445178	     -0.01211755	      9.81832014	      0.02933842
      1.87000000	      1.52995987	    360.26945146	     -4.59547958	     -2.30052831	      0.01021141	      2.32258470	      0.01900922	     -9.69504918	      0.02424361	     -0.94873438	    402.11230601	     -2.93471644	     -2.31036639	      0.01048220	      2.68442110	     -0.01210376	      9.80714917	      0.02930504
      1.87100000	      1.50928134	    360.31867034	     -4.58988892	     -2.30062395	      0.01021130	      2.32261174	      0.01898668	     -9.68355239	      0.02421486	     -0.86189475	    402.60611515	     -2.97048799	     -2.31045864	      0.01048218	      2.68439062	     -0.01208956	      9.79563641	      0.02927064
      1.87200000	      1.48836494	    360.37586643	     -4.58535659	     -2.30071984	      0.01021118	      2.32263904	      0.01896523	     -9.67261137	      0.02418750	     -0.77442098	    403.08974868	     -3.00516085	     -2.31055042	      0.01048215	      2.68436035	     -0.01207493	      9.78378475	      0.02923522
      1.87300000	      1.46760959	    360.44042644	     -4.58195551	     -2.30081596	      0.01021106	      2.32266654	      0.01894483	     -9.66220477	      0.02416148	     -0.68667675	    403.56207966	     -3.03882623	     -2.31064174	      0.01048213	      2.68433025	     -0.01205989	      9.77159955	      0.02919881
      1.87400000	      1.44741182	    360.51170275	     -4.57974774	     -2.30091232	      0.01021094	      2.32269417	      0.01892542	     -9.65230638	      0.02413672	     -0.59902453	    404.02215429	     -3.07157188	     -2.31073264	      0.01048211	      2.68430030	     -0.01204445	      9.75908851	      0.02916143
      1.87500000	      1.42816205	    360.58901177	     -4.57878277	     -2.30100891	      0.01021082	      2.32272186	      0.01890695	     -9.64288526	      0.02411317	     -0.51182167	    404.46919990	     -3.10348113	     -2.31082315	      0.01048209	      2.68427046	     -0.01202862	      9.74626165	      0.02912310
      1.87600000	      1.41024110	    360.67163211	     -4.57909595	     -2.30110573	      0.01021070	      2.32274958	      0.01888934	     -9.63390578	      0.02409071	     -0.42541623	    404.90263103	     -3.13463193	     -2.31091332	      0.01048206	      2.68424071	     -0.01201241	      9.73313109	      0.02908386
      1.87700000	      1.39401699	    360.75880293	     -4.58070718	     -2.30120278	      0.01021057	      2.32277726	      0.01887252	     -9.62532784	      0.02406926	     -0.34014245	    405.32205371	     -3.16509599	     -2.31100319	      0.01048204	      2.68421099	     -0.01199585	      9.71971094	      0.02904376
      1.87800000	      1.37984195	    360.84972236	     -4.58361980	     -2.30130005	      0.01021045	      2.32280489	      0.01885640	     -9.61710702	      0.02404870	     -0.25631608	    405.72726764	     -3.19493811	     -2.31109281	      0.01048202	      2.68418125	     -0.01197895	      9.70601700	      0.02900284
      1.87900000	      1.36804976	    360.94354632	     -4.58781969	     -2.30139756	      0.01021033	      2.32283241	      0.01884089	     -9.60919485	      0.02402892	     -0.17422966	    406.11826624	     -3.22421558	     -2.31118226	      0.01048200	      2.68415144	     -0.01196173	      9.69206661	      0.02896116
      1.88000000	      1.35895351	    361.03938777	     -4.59327469	     -2.30149528	      0.01021021	      2.32285982	      0.01882588	     -9.60153912	      0.02400978	     -0.09414783	    406.49523461	     -3.25297787	     -2.31127158	      0.01048198	      2.68412151	     -0.01194422	      9.67787836	      0.02891876
      1.88100000	      1.35284356	    361.13631666	     -4.59993429	     -2.30159322	      0.01021008	      2.32288710	      0.01881126	     -9.59408425	      0.02399113	     -0.01630288	    406.85854528	     -3.28126648	     -2.31136083	      0.01048196	      2.68409140	     -0.01192644	      9.66347180	      0.02887571
      1.88200000	      1.34998593	    361.23336050	     -4.60772955	     -2.30169136	      0.01020996	      2.32291424	      0.01879692	     -9.58677159	      0.02397285	      0.05910942	    407.20875184	     -3.30911508	     -2.31145009	      0.01048194	      2.68406105	     -0.01190842	      9.64886720	      0.02883207
      1.88300000	      1.35062101	    361.32950594	     -4.61657341	     -2.30178970	      0.01020983	      2.32294124	      0.01878274	     -9.57953992	      0.02395476	      0.13193349	    407.54658041	     -3.33654980	     -2.31153940	      0.01048192	      2.68403042	     -0.01189017	      9.63408523	      0.02878790
      1.88400000	      1.35496255	    361.42370111	     -4.62636122	     -2.30188822	      0.01020971	      2.32296810	      0.01876860	     -9.57232588	      0.02393672	      0.20205705	    407.87291923	     -3.36358981	     -2.31162883	      0.01048190	      2.68399943	     -0.01187174	      9.61914666	      0.02874326
      1.88500000	      1.36319703	    361.51485902	     -4.63697154	     -2.30198691	      0.01020958	      2.32299484	      0.01875436	     -9.56506445	      0.02391857	      0.26941359	    408.18880627	     -3.39024797	     -2.31171842	      0.01048188	      2.68396805	     -0.01185313	      9.60407207	      0.02869822
      1.88600000	      1.37548328	    361.60186196	     -4.64826730	     -2.30208574	      0.01020945	      2.32302145	      0.01873990	     -9.55768946	      0.02390012	      0.33398400	    408.49541528	     -3.41653176	     -2.31180822	      0.01048187	      2.68393622	     -0.01183438	      9.58888152	      0.02865283
      1.88700000	      1.39195239	    361.68356678	     -4.66009714	     -2.30218469	      0.01020933	      2.32304796	      0.01872509	     -9.55013420	      0.02388123	      0.39579743	    408.79404031	     -3.44244430	     -2.31189828	      0.01048185	      2.68390388	     -0.01181552	      9.57359425	      0.02860715
      1.88800000	      1.41270798	    361.75881127	     -4.67229712	     -2.30228373	      0.01020920	      2.32307439	      0.01870979	     -9.54233193	      0.02386172	      0.45493123	    409.08607894	     -3.46798552	     -2.31198864	      0.01048184	      2.68387100	     -0.01179655	      9.55822839	      0.02856123
      1.88900000	      1.43782666	    361.82642136	     -4.68469263	     -2.30238285	      0.01020907	      2.32310075	      0.01869388	     -9.53421654	      0.02384143	      0.51150994	    409.37301468	     -3.49315346	     -2.31207932	      0.01048183	      2.68383754	     -0.01177751	      9.54280068	      0.02851513
      1.89000000	      1.46735874	    361.88521923	     -4.69710055	     -2.30248201	      0.01020894	      2.32312707	      0.01867722	     -9.52572315	      0.02382019	      0.56570335	    409.65639839	     -3.51794565	     -2.31217036	      0.01048182	      2.68380345	     -0.01175841	      9.52732622	      0.02846889
      1.89100000	      1.50132915	    361.93403219	     -4.70933166	     -2.30258119	      0.01020881	      2.32315337	      0.01865971	     -9.51678872	      0.02379785	      0.61772350	    409.93782936	     -3.54236055	     -2.31226178	      0.01048181	      2.68376870	     -0.01173927	      9.51181830	      0.02842255
      1.89200000	      1.53973856	    361.97170237	     -4.72119318	     -2.30268036	      0.01020868	      2.32317966	      0.01864121	     -9.50735270	      0.02377425	      0.66782082	    410.21893603	     -3.56639908	     -2.31235359	      0.01048180	      2.68373328	     -0.01172011	      9.49628813	      0.02837614
      1.89300000	      1.58256463	    361.99709692	     -4.73249140	     -2.30277950	      0.01020855	      2.32320597	      0.01862161	     -9.49735766	      0.02374926	      0.71627931	    410.50135668	     -3.59006614	     -2.31244580	      0.01048180	      2.68369714	     -0.01170092	      9.48074480	      0.02832970
      1.89400000	      1.62976327	    362.00911878	     -4.74303450	     -2.30287858	      0.01020843	      2.32323230	      0.01860081	     -9.48674984	      0.02372273	      0.76341084	    410.78672027	     -3.61337206	     -2.31253842	      0.01048179	      2.68366029	     -0.01168173	      9.46519515	      0.02828323
      1.89500000	      1.68127006	    362.00671788	     -4.75263521	     -2.30297760	      0.01020830	      2.32325869	      0.01857871	     -9.47547976	      0.02369455	      0.80954877	    411.07662770	     -3.63633411	     -2.31263143	      0.01048179	      2.68362271	     -0.01166254	      9.44964374	      0.02823677
      1.89600000	      1.73700160	    361.98890244	     -4.76111352	     -2.30307654	      0.01020817	      2.32328513	      0.01855523	     -9.46350271	      0.02366460	      0.85504086	    411.37263368	     -3.65897772	     -2.31272484	      0.01048179	      2.68358438	     -0.01164335	      9.43409289	      0.02819030
      1.89700000	      1.79685681	    361.95475052	     -4.76829929	     -2.30317538	      0.01020804	      2.32331164	      0.01853028	     -9.45077922	      0.02363278	      0.90024175	    411.67622939	     -3.68133777	     -2.31281861	      0.01048179	      2.68354532	     -0.01162416	      9.41854272	      0.02814383
      1.89800000	      1.86071820	    361.90342130	     -4.77403465	     -2.30327414	      0.01020792	      2.32333823	      0.01850380	     -9.43727548	      0.02359901	      0.94550512	    411.98882618	     -3.70345954	     -2.31291274	      0.01048179	      2.68350554	     -0.01160496	      9.40299131	      0.02809736
      1.89900000	      1.92845304	    361.83416628	     -4.77817616	     -2.30337281	      0.01020779	      2.32336490	      0.01847574	     -9.42296368	      0.02356323	      0.99117563	    412.31174042	     -3.72539954	     -2.31300719	      0.01048180	      2.68346503	     -0.01158576	      9.38743483	      0.02805088
      1.90000000	      1.99991438	    361.74633990	     -4.78059680	     -2.30347141	      0.01020766	      2.32339165	      0.01844605	     -9.40782230	      0.02352536	      1.03758106	    412.64617976	     -3.74722602	     -2.31310192	      0.01048180	      2.68342382	     -0.01156655	      9.37186779	      0.02800436
      1.90100000	      2.07494208	    361.63940968	     -4.78118752	     -2.30356995	      0.01020754	      2.32341849	      0.01841471	     -9.39183628	      0.02348539	      1.08502459	    412.99323083	     -3.76901930	     -2.31319689	      0.01048181	      2.68338194	     -0.01154732	      9.35628322	      0.02795779
      1.90200000	      2.15336373	    361.51296548	     -4.77985864	     -2.30366845	      0.01020741	      2.32344542	      0.01838169	     -9.37499719	      0.02344328	      1.13377758	    413.35384855	     -3.79087164	     -2.31329206	      0.01048182	      2.68333941	     -0.01152805	      9.34067295	      0.02791115
      1.90300000	      2.23499551	    361.36672801	     -4.77654079	     -2.30376694	      0.01020728	      2.32347243	      0.01834700	     -9.35730323	      0.02339903	      1.18407301	    413.72884713	     -3.81288685	     -2.31338738	      0.01048183	      2.68329627	     -0.01150874	      9.32502784	      0.02786440
      1.90400000	      2.31964309	    361.20055619	     -4.77118567	     -2.30386545	      0.01020716	      2.32349952	      0.01831064	     -9.33875922	      0.02335266	      1.23609969	    414.11889291	     -3.83517954	     -2.31348278	      0.01048184	      2.68325257	     -0.01148938	      9.30933805	      0.02781751
      1.90500000	      2.40710248	    361.01445353	     -4.76376635	     -2.30396401	      0.01020703	      2.32352668	      0.01827264	     -9.31937654	      0.02330419	      1.28999749	    414.52449893	     -3.85787404	     -2.31357822	      0.01048186	      2.68320836	     -0.01146995	      9.29359331	      0.02777047
      1.90600000	      2.49716093	    360.80857319	     -4.75427736	     -2.30406266	      0.01020691	      2.32355390	      0.01823302	     -9.29917289	      0.02325367	      1.34585363	    414.94602144	     -3.88110291	     -2.31367362	      0.01048187	      2.68316368	     -0.01145043	      9.27778311	      0.02772322
      1.90700000	      2.58959800	    360.58322189	     -4.74273438	     -2.30416143	      0.01020678	      2.32358117	      0.01819185	     -9.27817209	      0.02320116	      1.40370013	    415.38365811	     -3.90500529	     -2.31376893	      0.01048189	      2.68311860	     -0.01143083	      9.26189701	      0.02767575
      1.90800000	      2.68418655	    360.33886245	     -4.72917362	     -2.30426037	      0.01020666	      2.32360849	      0.01814917	     -9.25640374	      0.02314672	      1.46351269	    415.83744805	     -3.92972487	     -2.31386408	      0.01048191	      2.68307318	     -0.01141111	      9.24592482	      0.02762803
      1.90900000	      2.78069396	    360.07611503	     -4.71365087	     -2.30435951	      0.01020653	      2.32363584	      0.01810505	     -9.23390285	      0.02309046	      1.52521076	    416.30727336	     -3.95540774	     -2.31395900	      0.01048193	      2.68302750	     -0.01139128	      9.22985682	      0.02758001
      1.91000000	      2.87888336	    359.79575698	     -4.69624022	     -2.30445890	      0.01020641	      2.32366321	      0.01805957	     -9.21070940	      0.02303246	      1.58865912	    416.79286240	     -3.98220010	     -2.31405364	      0.01048195	      2.68298161	     -0.01137132	      9.21368397	      0.02753169
      1.91100000	      2.97851504	    359.49872131	     -4.67703244	     -2.30455856	      0.01020628	      2.32369059	      0.01801283	     -9.18686779	      0.02297284	      1.65367078	    417.29379440	     -4.01024588	     -2.31414793	      0.01048197	      2.68293561	     -0.01135122	      9.19739809	      0.02748302
      1.91200000	      3.07934779	    359.18609382	     -4.65613311	     -2.30465855	      0.01020615	      2.32371796	      0.01796490	     -9.16242635	      0.02291172	      1.72001127	    417.80950557	     -4.03968435	     -2.31424183	      0.01048199	      2.68288957	     -0.01133098	      9.18099199	      0.02743400
      1.91300000	      3.18114040	    358.85910869	     -4.63366047	     -2.30475889	      0.01020602	      2.32374531	      0.01791591	     -9.13743669	      0.02284923	      1.78740417	    418.33929645	     -4.07064779	     -2.31433528	      0.01048201	      2.68284357	     -0.01131057	      9.16445964	      0.02738460
      1.91400000	      3.28365312	    358.51914277	     -4.60974297	     -2.30485961	      0.01020589	      2.32377263	      0.01786594	     -9.11195314	      0.02278551	      1.85553782	    418.88234056	     -4.10325922	     -2.31442825	      0.01048204	      2.68279769	     -0.01129001	      9.14779632	      0.02733481
      1.91500000	      3.38664919	    358.16770846	     -4.58451666	     -2.30496075	      0.01020576	      2.32379991	      0.01781512	     -9.08603205	      0.02272069	      1.92407294	    419.43769399	     -4.13763030	     -2.31452069	      0.01048206	      2.68275202	     -0.01126927	      9.13099862	      0.02728461
      1.91600000	      3.48989634	    357.80644511	     -4.55812241	     -2.30506233	      0.01020563	      2.32382712	      0.01776355	     -9.05973120	      0.02265492	      1.99265114	    420.00430610	     -4.17385946	     -2.31461259	      0.01048208	      2.68270664	     -0.01124838	      9.11406463	      0.02723401
      1.91700000	      3.59316831	    357.43710911	     -4.53070297	     -2.30516438	      0.01020550	      2.32385425	      0.01771135	     -9.03310912	      0.02258835	      2.06090384	    420.58103095	     -4.21203018	     -2.31470394	      0.01048210	      2.68266164	     -0.01122731	      9.09699388	      0.02718300
      1.91800000	      3.69624630	    357.06156250	     -4.50239994	     -2.30526691	      0.01020537	      2.32388129	      0.01765864	     -9.00622439	      0.02252112	      2.12846150	    421.16663943	     -4.25220970	     -2.31479472	      0.01048212	      2.68261709	     -0.01120607	      9.07978739	      0.02713159
      1.91900000	      3.79892041	    356.68176019	     -4.47335070	     -2.30536994	      0.01020523	      2.32390820	      0.01760552	     -8.97913507	      0.02245338	      2.19496296	    421.75983198	     -4.29444798	     -2.31488496	      0.01048214	      2.68257308	     -0.01118467	      9.06244766	      0.02707977
      1.92000000	      3.90099096	    356.29973570	     -4.44368533	     -2.30547348	      0.01020510	      2.32393497	      0.01755212	     -8.95189800	      0.02238527	      2.26006437	    422.35925165	     -4.33877693	     -2.31497465	      0.01048216	      2.68252968	     -0.01116311	      9.04497862	      0.02702757
      1.92100000	      4.00226977	    355.91758547	     -4.41352363	     -2.30557755	      0.01020496	      2.32396158	      0.01749853	     -8.92456826	      0.02231693	      2.32344784	    422.96349742	     -4.38521012	     -2.31506383	      0.01048218	      2.68248696	     -0.01114140	      9.02738555	      0.02697500
      1.92200000	      4.10258130	    355.53745190	     -4.38297219	     -2.30568214	      0.01020482	      2.32398799	      0.01744487	     -8.89719853	      0.02224849	      2.38482931	    423.57113760	     -4.43374268	     -2.31515254	      0.01048220	      2.68244498	     -0.01111954	      9.00967497	      0.02692208
      1.92300000	      4.20176369	    355.16150513	     -4.35212162	     -2.30578725	      0.01020468	      2.32401416	      0.01739122	     -8.86983861	      0.02218007	      2.44396555	    424.18072308	     -4.48435162	     -2.31524082	      0.01048221	      2.68240382	     -0.01109755	      8.99185455	      0.02686883
      1.92400000	      4.29966967	    354.79192378	     -4.32104402	     -2.30589289	      0.01020454	      2.32404007	      0.01733769	     -8.84253491	      0.02211180	      2.50066021	    424.79080032	     -4.53699641	     -2.31532871	      0.01048222	      2.68236351	     -0.01107543	      8.97393294	      0.02681528
      1.92500000	      4.39616724	    354.43087487	     -4.28979057	     -2.30599904	      0.01020439	      2.32406567	      0.01728435	     -8.81533002	      0.02204377	      2.55476873	    425.39992402	     -4.59161992	     -2.31541627	      0.01048223	      2.68232410	     -0.01105320	      8.95591955	      0.02676145
      1.92600000	      4.49114030	    354.08049315	     -4.25838955	     -2.30610570	      0.01020425	      2.32409091	      0.01723127	     -8.78826229	      0.02197608	      2.60620196	    426.00666911	     -4.64814960	     -2.31550357	      0.01048224	      2.68228565	     -0.01103086	      8.93782434	      0.02670738
      1.92700000	      4.58448904	    353.74286006	     -4.22684450	     -2.30621284	      0.01020410	      2.32411575	      0.01717854	     -8.76136544	      0.02190882	      2.65492860	    426.60964227	     -4.70649894	     -2.31559066	      0.01048224	      2.68224816	     -0.01100844	      8.91965760	      0.02665310
      1.92800000	      4.67613010	    353.41998272	     -4.19513285	     -2.30632045	      0.01020395	      2.32414014	      0.01712619	     -8.73466832	      0.02184206	      2.70097620	    427.20749258	     -4.76656913	     -2.31567760	      0.01048225	      2.68221168	     -0.01098595	      8.90142959	      0.02659863
      1.92900000	      4.76599671	    353.11377307	     -4.16320493	     -2.30642849	      0.01020380	      2.32416400	      0.01707428	     -8.70819458	      0.02177586	      2.74443091	    427.79892145	     -4.82825090	     -2.31576446	      0.01048224	      2.68217620	     -0.01096339	      8.88315028	      0.02654401
      1.93000000	      4.85403843	    352.82602771	     -4.13098334	     -2.30653695	      0.01020364	      2.32418730	      0.01702285	     -8.68196252	      0.02171027	      2.78543578	    428.38269173	     -4.89142654	     -2.31585130	      0.01048224	      2.68214173	     -0.01094077	      8.86482905	      0.02648926
      1.93100000	      4.94022081	    352.55840848	     -4.09836294	     -2.30664579	      0.01020348	      2.32420995	      0.01697192	     -8.65598492	      0.02164531	      2.82418784	    428.95763586	     -4.95597195	     -2.31593817	      0.01048223	      2.68210828	     -0.01091812	      8.84647436	      0.02643442
      1.93200000	      5.02452480	    352.31242429	     -4.06521118	     -2.30675496	      0.01020333	      2.32423191	      0.01692149	     -8.63026898	      0.02158100	      2.86093389	    429.52266329	     -5.02175884	     -2.31602511	      0.01048222	      2.68207582	     -0.01089544	      8.82809349	      0.02637949
      1.93300000	      5.10694586	    352.08941433	     -4.03136909	     -2.30686443	      0.01020316	      2.32425310	      0.01687159	     -8.60481629	      0.02151735	      2.89596516	    430.07676690	     -5.08865690	     -2.31611217	      0.01048221	      2.68204433	     -0.01087273	      8.80969230	      0.02632451
      1.93400000	      5.18749287	    351.89053295	     -3.99665271	     -2.30697415	      0.01020300	      2.32427346	      0.01682219	     -8.57962292	      0.02145435	      2.92961098	    430.61902867	     -5.15653602	     -2.31619938	      0.01048219	      2.68201379	     -0.01085000	      8.79127500	      0.02626947
      1.93500000	      5.26618678	    351.71673645	     -3.96085507	     -2.30708405	      0.01020283	      2.32429293	      0.01677329	     -8.55467951	      0.02139198	      2.96223156	    431.14862447	     -5.22526835	     -2.31628675	      0.01048217	      2.68198417	     -0.01082725	      8.77284403	      0.02621440
      1.93600000	      5.34305902	    351.56877196	     -3.92374868	     -2.30719409	      0.01020266	      2.32431146	      0.01672484	     -8.52997150	      0.02133019	      2.99421017	    431.66482799	     -5.29473038	     -2.31637431	      0.01048215	      2.68195541	     -0.01080448	      8.75439992	      0.02615929
      1.93700000	      5.41814961	    351.44716864	     -3.88508855	     -2.30730420	      0.01020249	      2.32432897	      0.01667682	     -8.50547936	      0.02126895	      3.02594476	    432.16701402	     -5.36480482	     -2.31646204	      0.01048213	      2.68192747	     -0.01078170	      8.73594128	      0.02610413
      1.93800000	      5.49150512	    351.35223121	     -3.84461559	     -2.30741431	      0.01020232	      2.32434543	      0.01662917	     -8.48117894	      0.02120818	      3.05783941	    432.65466093	     -5.43538235	     -2.31654994	      0.01048210	      2.68190030	     -0.01075890	      8.71746486	      0.02604892
      1.93900000	      5.56317639	    351.28403609	     -3.80206045	     -2.30752433	      0.01020214	      2.32436079	      0.01658185	     -8.45704188	      0.02114783	      3.09029560	    433.12735254	     -5.50636315	     -2.31663797	      0.01048207	      2.68187385	     -0.01073607	      8.69896562	      0.02599364
      1.94000000	      5.63321610	    351.24243001	     -3.75714777	     -2.30763421	      0.01020196	      2.32437499	      0.01653478	     -8.43303602	      0.02108780	      3.12370376	    433.58477925	     -5.57765827	     -2.31672611	      0.01048204	      2.68184805	     -0.01071320	      8.68043693	      0.02593828
      1.94100000	      5.70167623	    351.22703133	     -3.70960065	     -2.30774384	      0.01020178	      2.32438801	      0.01648790	     -8.40912595	      0.02102801	      3.15843497	    434.02673861	     -5.64919072	     -2.31681430	      0.01048200	      2.68182285	     -0.01069029	      8.66187078	      0.02588280
      1.94200000	      5.76860550	    351.23723398	     -3.65914543	     -2.30785315	      0.01020159	      2.32439983	      0.01644113	     -8.38527352	      0.02096836	      3.19483337	    434.45313517	     -5.72089636	     -2.31690248	      0.01048197	      2.68179819	     -0.01066732	      8.64325811	      0.02582718
      1.94300000	      5.83404680	    351.27221397	     -3.60551663	     -2.30796204	      0.01020140	      2.32441040	      0.01639439	     -8.36143842	      0.02090876	      3.23320908	    434.86397965	     -5.79272457	     -2.31699060	      0.01048193	      2.68177400	     -0.01064428	      8.62458914	      0.02577139
      1.94400000	      5.89803473	    351.33093847	     -3.54846202	     -2.30807043	      0.01020122	      2.32441973	      0.01634761	     -8.33757880	      0.02084909	      3.27383208	    435.25938761	     -5.86463861	     -2.31707858	      0.01048190	      2.68175023	     -0.01062115	      8.60585370	      0.02571541
      1.94500000	      5.96059319	    351.41217719	     -3.48774767	     -2.30817821	      0.01020102	      2.32442781	      0.01630070	     -8.31365187	      0.02078926	      3.31692698	    435.63957730	     -5.93661587	     -2.31716634	      0.01048186	      2.68172681	     -0.01059794	      8.58704171	      0.02565920
      1.94600000	      6.02173335	    351.51451614	     -3.42316304	     -2.30828530	      0.01020083	      2.32443464	      0.01625357	     -8.28961447	      0.02072915	      3.36266883	    436.00486702	     -6.00864788	     -2.31725379	      0.01048182	      2.68170368	     -0.01057461	      8.56814348	      0.02560273
      1.94700000	      6.08145173	    351.63637330	     -3.35452574	     -2.30839160	      0.01020064	      2.32444023	      0.01620614	     -8.26542373	      0.02066866	      3.41118013	    436.35567180	     -6.08074017	     -2.31734086	      0.01048178	      2.68168081	     -0.01055117	      8.54915025	      0.02554597
      1.94800000	      6.13972874	    351.77601618	     -3.28168617	     -2.30849702	      0.01020044	      2.32444461	      0.01615832	     -8.24103761	      0.02060768	      3.46252888	    436.69249947	     -6.15291211	     -2.31742745	      0.01048174	      2.68165812	     -0.01052760	      8.53005450	      0.02548891
      1.94900000	      6.19652755	    351.93158093	     -3.20453169	     -2.30860146	      0.01020024	      2.32444781	      0.01611005	     -8.21641552	      0.02054611	      3.51672785	    437.01594616	     -6.22519651	     -2.31751348	      0.01048170	      2.68163559	     -0.01050390	      8.51085036	      0.02543153
      1.95000000	      6.25179343	    352.10109267	     -3.12299035	     -2.30870482	      0.01020005	      2.32444988	      0.01606123	     -8.19151878	      0.02048385	      3.57373493	    437.32669135	     -6.29763931	     -2.31759887	      0.01048166	      2.68161316	     -0.01048006	      8.49153396	      0.02537381
      1.95100000	      6.30545363	    352.28248697	     -3.03703403	     -2.30880703	      0.01019985	      2.32445087	      0.01601181	     -8.16631121	      0.02042082	      3.63345461	    437.62549227	     -6.37029913	     -2.31768354	      0.01048163	      2.68159079	     -0.01045608	      8.47210374	      0.02531575
      1.95200000	      6.35741767	    352.47363195	     -2.94668093	     -2.30890799	      0.01019965	      2.32445086	      0.01596171	     -8.14075955	      0.02035692	      3.69574036	    437.91317792	     -6.44324685	     -2.31776742	      0.01048159	      2.68156846	     -0.01043196	      8.45256062	      0.02525735
      1.95300000	      6.40757834	    352.67235101	     -2.85199740	     -2.30900762	      0.01019945	      2.32444993	      0.01591087	     -8.11483391	      0.02029209	      3.76039802	    438.19064258	     -6.51656516	     -2.31785043	      0.01048155	      2.68154614	     -0.01040771	      8.43290825	      0.02519863
      1.95400000	      6.45581320	    352.87644570	     -2.75309893	     -2.30910585	      0.01019926	      2.32444816	      0.01585926	     -8.08850818	      0.02022626	      3.82718989	    438.45883884	     -6.59034811	     -2.31793253	      0.01048152	      2.68152381	     -0.01038333	      8.41315303	      0.02513960
      1.95500000	      6.50198663	    353.08371870	     -2.65015049	     -2.30920261	      0.01019906	      2.32444566	      0.01580681	     -8.06176035	      0.02015938	      3.89583962	    438.71877015	     -6.66470066	     -2.31801364	      0.01048148	      2.68150144	     -0.01035883	      8.39330425	      0.02508029
      1.95600000	      6.54595247	    353.29199643	     -2.54336595	     -2.30929784	      0.01019887	      2.32444255	      0.01575350	     -8.03457283	      0.02009139	      3.96603765	    438.97148297	     -6.73973819	     -2.31809374	      0.01048145	      2.68147902	     -0.01033423	      8.37337395	      0.02502073
      1.95700000	      6.58755715	    353.49915131	     -2.43300691	     -2.30939149	      0.01019867	      2.32443894	      0.01569931	     -8.00693264	      0.02002227	      4.03744710	    439.21805847	     -6.81558596	     -2.31817279	      0.01048142	      2.68145655	     -0.01030955	      8.35337690	      0.02496098
      1.95800000	      6.62664325	    353.70312324	     -2.31938061	     -2.30948353	      0.01019848	      2.32443497	      0.01564421	     -7.97883158	      0.01995200	      4.10971008	    439.45960386	     -6.89237850	     -2.31825075	      0.01048139	      2.68143401	     -0.01028481	      8.33333042	      0.02490108
      1.95900000	      6.66305336	    353.90194038	     -2.20283732	     -2.30957393	      0.01019830	      2.32443079	      0.01558820	     -7.95026633	      0.01988057	      4.18245420	    439.69724343	     -6.97025896	     -2.31832763	      0.01048137	      2.68141142	     -0.01026003	      8.31325414	      0.02484109
      1.96000000	      6.69663437	    354.09373877	     -2.08376692	     -2.30966268	      0.01019811	      2.32442653	      0.01553129	     -7.92123841	      0.01980799	      4.25529926	    439.93210928	     -7.04937832	     -2.31840340	      0.01048134	      2.68138877	     -0.01023524	      8.29316969	      0.02478107
      1.96100000	      6.72724175	    354.27678087	     -1.96259489	     -2.30974978	      0.01019793	      2.32442234	      0.01547348	     -7.89175419	      0.01973426	      4.32786398	    440.16533205	     -7.12989463	     -2.31847808	      0.01048132	      2.68136608	     -0.01021048	      8.27310042	      0.02472110
      1.96200000	      6.75474410	    354.44947275	     -1.83977777	     -2.30983526	      0.01019775	      2.32441839	      0.01541479	     -7.86182476	      0.01965942	      4.39977271	    440.39803158	     -7.21197208	     -2.31855168	      0.01048129	      2.68134336	     -0.01018576	      8.25307097	      0.02466125
      1.96300000	      6.77902760	    354.61037982	     -1.71579807	     -2.30991915	      0.01019758	      2.32441483	      0.01535527	     -7.83146575	      0.01958350	      4.47066201	    440.63130763	     -7.29578008	     -2.31862420	      0.01048127	      2.68132063	     -0.01016112	      8.23310692	      0.02460159
      1.96400000	      6.80000038	    354.75824108	     -1.59115876	     -2.31000150	      0.01019741	      2.32441182	      0.01529494	     -7.80069712	      0.01950656	      4.54018704	    440.86623089	     -7.38149215	     -2.31869569	      0.01048125	      2.68129791	     -0.01013659	      8.21323430	      0.02454221
      1.96500000	      6.81759673	    354.89198161	     -1.46637739	     -2.31008240	      0.01019725	      2.32440951	      0.01523386	     -7.76954291	      0.01942865	      4.60802765	    441.10383418	     -7.46928486	     -2.31876617	      0.01048123	      2.68127523	     -0.01011221	      8.19347924	      0.02448318
      1.96600000	      6.83178089	    355.01072333	     -1.34197994	     -2.31016191	      0.01019709	      2.32440806	      0.01517207	     -7.73803086	      0.01934985	      4.67389419	    441.34510414	     -7.55933658	     -2.31883569	      0.01048121	      2.68125262	     -0.01008800	      8.17386752	      0.02442458
      1.96700000	      6.84255050	    355.11379397	     -1.21849439	     -2.31024016	      0.01019693	      2.32440760	      0.01510964	     -7.70619208	      0.01927024	      4.73753277	    441.59097336	     -7.65182616	     -2.31890428	      0.01048120	      2.68123012	     -0.01006401	      8.15442415	      0.02436648
      1.96800000	      6.84993944	    355.20073397	     -1.09644414	     -2.31031725	      0.01019678	      2.32440828	      0.01504664	     -7.67406059	      0.01918989	      4.79873009	    441.84231324	     -7.74693154	     -2.31897199	      0.01048118	      2.68120777	     -0.01004025	      8.13517299	      0.02430896
      1.96900000	      6.85402007	    355.27130144	     -0.97634141	     -2.31039331	      0.01019664	      2.32441022	      0.01498314	     -7.64167285	      0.01910890	      4.85731765	    442.09992740	     -7.84482819	     -2.31903886	      0.01048116	      2.68118563	     -0.01001675	      8.11613636	      0.02425207
      1.97000000	      6.85490469	    355.32547504	     -0.85868064	     -2.31046849	      0.01019650	      2.32441355	      0.01491921	     -7.60906724	      0.01902737	      4.91317531	    442.36454603	     -7.94568749	     -2.31910495	      0.01048115	      2.68116374	     -0.00999355	      8.09733469	      0.02419589
      1.97100000	      6.85274634	    355.36345461	     -0.74393199	     -2.31054292	      0.01019636	      2.32441836	      0.01485493	     -7.57628354	      0.01894539	      4.96623408	    442.63682088	     -8.04967499	     -2.31917030	      0.01048113	      2.68114215	     -0.00997066	      8.07878613	      0.02414046
      1.97200000	      6.84773859	    355.38565977	     -0.63253518	     -2.31061677	      0.01019624	      2.32442475	      0.01479038	     -7.54336234	      0.01886306	      5.01647818	    442.91732124	     -8.15694855	     -2.31923495	      0.01048111	      2.68112094	     -0.00994810	      8.06050634	      0.02408584
      1.97300000	      6.84011460	    355.39272625	     -0.52489358	     -2.31069020	      0.01019611	      2.32443278	      0.01472564	     -7.51034450	      0.01878050	      5.06394630	    443.20653065	     -8.26765648	     -2.31929894	      0.01048110	      2.68110017	     -0.00992588	      8.04250809	      0.02403206
      1.97400000	      6.83014528	    355.38550009	     -0.42136875	     -2.31076336	      0.01019599	      2.32444251	      0.01466079	     -7.47727054	      0.01869779	      5.10873197	    443.50484449	     -8.38193566	     -2.31936231	      0.01048108	      2.68107990	     -0.00990403	      8.02480114	      0.02397915
      1.97500000	      6.81813666	    355.36502962	     -0.32227548	     -2.31083641	      0.01019588	      2.32445399	      0.01459591	     -7.44418010	      0.01861505	      5.15098313	    443.81256840	     -8.49990963	     -2.31942508	      0.01048106	      2.68106022	     -0.00988254	      8.00739194	      0.02392713
      1.97600000	      6.80442638	    355.33255544	     -0.22787741	     -2.31090949	      0.01019577	      2.32446721	      0.01453107	     -7.41111142	      0.01853235	      5.19090073	    444.12991749	     -8.62168687	     -2.31948728	      0.01048104	      2.68104118	     -0.00986143	      7.99028355	      0.02387601
      1.97700000	      6.78937970	    355.28949816	     -0.13838326	     -2.31098276	      0.01019566	      2.32448219	      0.01446635	     -7.37810077	      0.01844981	      5.22873660	    444.45701632	     -8.74735905	     -2.31954891	      0.01048102	      2.68102288	     -0.00984069	      7.97347549	      0.02382578
      1.97800000	      6.77338471	    355.23744430	     -0.05394378	     -2.31105634	      0.01019556	      2.32449891	      0.01440181	     -7.34518205	      0.01836749	      5.26479037	    444.79389957	     -8.87699953	     -2.31960998	      0.01048100	      2.68100538	     -0.00982031	      7.95696368	      0.02377644
      1.97900000	      6.75684723	    355.17813017	      0.02535050	     -2.31113035	      0.01019546	      2.32451732	      0.01433750	     -7.31238628	      0.01828548	      5.29940563	    445.14051337	     -9.01066203	     -2.31967047	      0.01048097	      2.68098877	     -0.00980028	      7.94074049	      0.02372797
      1.98000000	      6.74018526	    355.11342403	      0.09947070	     -2.31120488	      0.01019536	      2.32453736	      0.01427350	     -7.27974129	      0.01820385	      5.33296531	    445.49671718	     -9.14837950	     -2.31973037	      0.01048094	      2.68097313	     -0.00978060	      7.92479469	      0.02368032
      1.98100000	      6.72382316	    355.04530661	      0.16845023	     -2.31128001	      0.01019527	      2.32455895	      0.01420983	     -7.24727138	      0.01812265	      5.36588644	    445.86228617	     -9.29016324	     -2.31978963	      0.01048092	      2.68095853	     -0.00976125	      7.90911159	      0.02363345
      1.98200000	      6.70818578	    354.97585012	      0.23238444	     -2.31135581	      0.01019518	      2.32458200	      0.01414655	     -7.21499710	      0.01804195	      5.39861418	    446.23691401	     -9.43600235	     -2.31984822	      0.01048088	      2.68094505	     -0.00974220	      7.89367317	      0.02358732
      1.98300000	      6.69369243	    354.90719609	      0.29142950	     -2.31143231	      0.01019509	      2.32460640	      0.01408369	     -7.18293510	      0.01796177	      5.43161532	    446.62021602	     -9.58586341	     -2.31990607	      0.01048085	      2.68093275	     -0.00972342	      7.87845819	      0.02354186
      1.98400000	      6.68075102	    354.84153193	      0.34580030	     -2.31150950	      0.01019500	      2.32463201	      0.01402126	     -7.15109805	      0.01788216	      5.46537134	    447.01173262	     -9.73969047	     -2.31996311	      0.01048081	      2.68092171	     -0.00970489	      7.86344244	      0.02349699
      1.98500000	      6.66975232	    354.78106688	      0.39576753	     -2.31158738	      0.01019492	      2.32465868	      0.01395930	     -7.11949470	      0.01780313	      5.50037103	    447.41093303	     -9.89740533	     -2.32001926	      0.01048077	      2.68091199	     -0.00968657	      7.84859894	      0.02345263
      1.98600000	      6.66106446	    354.72800715	      0.44165397	     -2.31166589	      0.01019483	      2.32468626	      0.01389780	     -7.08812992	      0.01772470	      5.53710285	    447.81721913	    -10.05890807	     -2.32007443	      0.01048073	      2.68090364	     -0.00966842	      7.83389820	      0.02340871
      1.98700000	      6.65502785	    354.68453093	      0.48382994	     -2.31174497	      0.01019475	      2.32471459	      0.01383677	     -7.05700487	      0.01764687	      5.57604712	    448.22992957	    -10.22407784	     -2.32012850	      0.01048068	      2.68089672	     -0.00965042	      7.81930850	      0.02336511
      1.98800000	      6.65195043	    354.65276327	      0.52270810	     -2.31182450	      0.01019466	      2.32474347	      0.01377621	     -7.02611723	      0.01756963	      5.61766826	    448.64834389	    -10.39277386	     -2.32018136	      0.01048063	      2.68089127	     -0.00963251	      7.80479625	      0.02332175
      1.98900000	      6.65210349	    354.63475140	      0.55873762	     -2.31190438	      0.01019458	      2.32477272	      0.01371610	     -6.99546143	      0.01749297	      5.66240703	    449.07168693	    -10.56483668	     -2.32023289	      0.01048058	      2.68088733	     -0.00961465	      7.79032630	      0.02327851
      1.99000000	      6.65571805	    354.63244066	      0.59239791	     -2.31198445	      0.01019450	      2.32480214	      0.01365643	     -6.96502892	      0.01741687	      5.71067308	    449.49913325	    -10.74008957	     -2.32028295	      0.01048053	      2.68088493	     -0.00959680	      7.77586238	      0.02323529
      1.99100000	      6.66298186	    354.64765134	      0.62419186	     -2.31206454	      0.01019441	      2.32483154	      0.01359718	     -6.93480851	      0.01734130	      5.76283788	    449.92981173	    -10.91834009	     -2.32033140	      0.01048047	      2.68088410	     -0.00957891	      7.76136747	      0.02319198
      1.99200000	      6.67403703	    354.68205695	      0.65463889	     -2.31214446	      0.01019433	      2.32486072	      0.01353832	     -6.90478660	      0.01726623	      5.81922812	    450.36281030	    -11.09938185	     -2.32037809	      0.01048041	      2.68088486	     -0.00956093	      7.74680425	      0.02314846
      1.99300000	      6.68897838	    354.73716391	      0.68426781	     -2.31222403	      0.01019425	      2.32488948	      0.01347981	     -6.87494758	      0.01719161	      5.88011981	    450.79718068	    -11.28299633	     -2.32042288	      0.01048035	      2.68088721	     -0.00954283	      7.73213551	      0.02310463
      1.99400000	      6.70785257	    354.81429322	      0.71360963	     -2.31230301	      0.01019416	      2.32491762	      0.01342163	     -6.84527405	      0.01711741	      5.94573310	    451.23194333	    -11.46895490	     -2.32046561	      0.01048028	      2.68089115	     -0.00952455	      7.71732459	      0.02306037
      1.99500000	      6.73065789	    354.91456418	      0.74319050	     -2.31238120	      0.01019408	      2.32494495	      0.01336374	     -6.81574717	      0.01704358	      6.01622794	    451.66609229	    -11.65702089	     -2.32050613	      0.01048022	      2.68089669	     -0.00950605	      7.70233582	      0.02301558
      1.99600000	      6.75734491	    355.03888043	      0.77352480	     -2.31245837	      0.01019399	      2.32497131	      0.01330609	     -6.78634691	      0.01697006	      6.09170078	    452.09860015	    -11.84695183	     -2.32054430	      0.01048015	      2.68090382	     -0.00948729	      7.68713484	      0.02297016
      1.99700000	      6.78781785	    355.18791848	      0.80510857	     -2.31253428	      0.01019391	      2.32499650	      0.01324865	     -6.75705228	      0.01689680	      6.17218217	    452.52842300	    -12.03850167	     -2.32057996	      0.01048008	      2.68091251	     -0.00946823	      7.67168902	      0.02292401
      1.99800000	      6.82193674	    355.36211888	      0.83841332	     -2.31260873	      0.01019382	      2.32502038	      0.01319138	     -6.72784154	      0.01682376	      6.25763547	    452.95450533	    -12.23142318	     -2.32061297	      0.01048001	      2.68092276	     -0.00944882	      7.65596781	      0.02287703
      1.99900000	      6.85952033	    355.56168009	      0.87388037	     -2.31268149	      0.01019373	      2.32504280	      0.01313422	     -6.69869241	      0.01675087	      6.34795665	    453.37578497	    -12.42547023	     -2.32064319	      0.01047993	      2.68093454	     -0.00942905	      7.63994297	      0.02282914
      2.00000000	      6.90034974	    355.78655526	      0.91191571	     -2.31275236	      0.01019365	      2.32506363	      0.01307715	     -6.66958216	      0.01667807	      6.44297519	    453.79119802	    -12.62040014	     -2.32067050	      0.01047986	      2.68094781	     -0.00940886	      7.62358888	      0.02278028
      2.00100000	      6.94417282	    356.03645188	      0.95288554	     -2.31282117	      0.01019356	      2.32508278	      0.01302010	     -6.64048775	      0.01660532	      6.54245609	    454.19968380	    -12.81597594	     -2.32069479	      0.01047979	      2.68096255	     -0.00938824	      7.60688272	      0.02273036
      2.00200000	      6.99070904	    356.31083435	      0.99711250	     -2.31288773	      0.01019347	      2.32510014	      0.01296304	     -6.61138587	      0.01653255	      6.64610300	    454.60018987	    -13.01196857	     -2.32071594	      0.01047971	      2.68097872	     -0.00936717	      7.58980465	      0.02267932
      2.00300000	      7.03965508	    356.60892955	      1.04487263	     -2.31295191	      0.01019338	      2.32511565	      0.01290592	     -6.58225302	      0.01645970	      6.75356245	    454.99167723	    -13.20815887	     -2.32073387	      0.01047964	      2.68099629	     -0.00934561	      7.57233791	      0.02262713
      2.00400000	      7.09069076	    356.92973527	      1.09639308	     -2.31301359	      0.01019330	      2.32512926	      0.01284869	     -6.55306549	      0.01638671	      6.86442912	    455.37312555	    -13.40433956	     -2.32074851	      0.01047956	      2.68101520	     -0.00932356	      7.55446891	      0.02257374
      2.00500000	      7.14348538	    357.27203152	      1.15185061	     -2.31307267	      0.01019321	      2.32514094	      0.01279131	     -6.52379942	      0.01631353	      6.97825203	    455.74353865	    -13.60031688	     -2.32075979	      0.01047949	      2.68103542	     -0.00930099	      7.53618723	      0.02251911
      2.00600000	      7.19770439	    357.63439462	      1.21137077	     -2.31312911	      0.01019312	      2.32515070	      0.01273373	     -6.49443081	      0.01624009	      7.09454172	    456.10195009	    -13.79591213	     -2.32076767	      0.01047941	      2.68105689	     -0.00927791	      7.51748560	      0.02246323
      2.00700000	      7.25301611	    358.01521379	      1.27502794	     -2.31318287	      0.01019304	      2.32515855	      0.01267589	     -6.46493552	      0.01616633	      7.21277812	    456.44742887	    -13.99096295	     -2.32077215	      0.01047934	      2.68107959	     -0.00925431	      7.49835988	      0.02240608
      2.00800000	      7.30909862	    358.41271027	      1.34284603	     -2.31323397	      0.01019295	      2.32516451	      0.01261777	     -6.43528937	      0.01609220	      7.33241908	    456.77908534	    -14.18532433	     -2.32077321	      0.01047927	      2.68110345	     -0.00923018	      7.47880893	      0.02234765
      2.00900000	      7.36564649	    358.82495859	      1.41479995	     -2.31328246	      0.01019287	      2.32516866	      0.01255930	     -6.40546818	      0.01601762	      7.45290949	    457.09607718	    -14.37886940	     -2.32077088	      0.01047920	      2.68112842	     -0.00920553	      7.45883451	      0.02228797
      2.01000000	      7.42237741	    359.24990978	      1.49081781	     -2.31332840	      0.01019279	      2.32517106	      0.01250043	     -6.37544789	      0.01594256	      7.57369059	    457.39761565	    -14.57148991	     -2.32076520	      0.01047913	      2.68115447	     -0.00918036	      7.43844115	      0.02222703
      2.01100000	      7.47903855	    359.68541618	      1.57078381	     -2.31337193	      0.01019270	      2.32517180	      0.01244114	     -6.34520473	      0.01586693	      7.69420958	    457.68297185	    -14.76309646	     -2.32075624	      0.01047906	      2.68118154	     -0.00915468	      7.41763597	      0.02216486
      2.01200000	      7.53541245	    360.12925764	      1.65454182	     -2.31341318	      0.01019262	      2.32517098	      0.01238135	     -6.31471538	      0.01579069	      7.81392910	    457.95148321	    -14.95361847	     -2.32074407	      0.01047899	      2.68120959	     -0.00912851	      7.39642847	      0.02210149
      2.01300000	      7.59132250	    360.57916860	      1.74189957	     -2.31345234	      0.01019254	      2.32516872	      0.01232105	     -6.28395720	      0.01571377	      7.93233660	    458.20255999	    -15.14300388	     -2.32072881	      0.01047892	      2.68123858	     -0.00910185	      7.37483028	      0.02203695
      2.01400000	      7.64663772	    361.03286580	      1.83263342	     -2.31348963	      0.01019245	      2.32516512	      0.01226017	     -6.25290850	      0.01563613	      8.04895318	    458.43569180	    -15.33121872	     -2.32071057	      0.01047885	      2.68126845	     -0.00907473	      7.35285494	      0.02197129
      2.01500000	      7.70127691	    361.48807619	      1.92649366	     -2.31352528	      0.01019237	      2.32516034	      0.01219868	     -6.22154880	      0.01555771	      8.16334192	    458.65045416	    -15.51824639	     -2.32068949	      0.01047879	      2.68129918	     -0.00904716	      7.33051755	      0.02190454
      2.01600000	      7.75521198	    361.94256464	      2.02321022	     -2.31355956	      0.01019229	      2.32515448	      0.01213655	     -6.18985915	      0.01547847	      8.27511544	    458.84651484	    -15.70408688	     -2.32066574	      0.01047872	      2.68133072	     -0.00901917	      7.30783453	      0.02183676
      2.01700000	      7.80847042	    362.39416114	      2.12249878	     -2.31359276	      0.01019221	      2.32514769	      0.01207373	     -6.15782243	      0.01539836	      8.38394246	    459.02363994	    -15.88875586	     -2.32063947	      0.01047866	      2.68136304	     -0.00899077	      7.28482326	      0.02176800
      2.01800000	      7.86113688	    362.84078716	      2.22406704	     -2.31362517	      0.01019213	      2.32514010	      0.01201021	     -6.12542361	      0.01531734	      8.48955341	    459.18169961	    -16.07228362	     -2.32061088	      0.01047859	      2.68139610	     -0.00896198	      7.26150185	      0.02169831
      2.01900000	      7.91335388	    363.28048068	      2.32762129	     -2.31365711	      0.01019204	      2.32513184	      0.01194595	     -6.09265010	      0.01523539	      8.59174485	    459.32067324	    -16.25471400	     -2.32058014	      0.01047853	      2.68142988	     -0.00893284	      7.23788885	      0.02162775
      2.02000000	      7.96532151	    363.71141983	      2.43287294	     -2.31368891	      0.01019196	      2.32512303	      0.01188093	     -6.05949194	      0.01515247	      8.69038263	    459.44065391	    -16.43610319	     -2.32054746	      0.01047847	      2.68146434	     -0.00890336	      7.21400302	      0.02155638
      2.02100000	      8.01729634	    364.13194446	      2.53954505	     -2.31372088	      0.01019187	      2.32511379	      0.01181515	     -6.02594212	      0.01506858	      8.78540373	    459.54185203	    -16.61651851	     -2.32051303	      0.01047841	      2.68149947	     -0.00887357	      7.18986311	      0.02148425
      2.02200000	      8.06958927	    364.54057569	      2.64737873	     -2.31375336	      0.01019178	      2.32510422	      0.01174860	     -5.99199672	      0.01498369	      8.87681683	    459.62459793	    -16.79603718	     -2.32047706	      0.01047834	      2.68153524	     -0.00884348	      7.16548773	      0.02141141
      2.02300000	      8.12256256	    364.93603282	      2.75613917	     -2.31378665	      0.01019169	      2.32509441	      0.01168126	     -5.95765515	      0.01489782	      8.96470144	    459.68934327	    -16.97474505	     -2.32043974	      0.01047828	      2.68157162	     -0.00881313	      7.14089524	      0.02133792
      2.02400000	      8.17662595	    365.31724755	      2.86562136	     -2.31382106	      0.01019160	      2.32508446	      0.01161316	     -5.92292023	      0.01481096	      9.04920580	    459.73666123	    -17.15273529	     -2.32040127	      0.01047822	      2.68160860	     -0.00878254	      7.11610371	      0.02126384
      2.02500000	      8.23223194	    365.68337511	      2.97565529	     -2.31385687	      0.01019151	      2.32507443	      0.01154429	     -5.88779835	      0.01472313	      9.13054337	    459.76724530	    -17.33010712	     -2.32036184	      0.01047815	      2.68164616	     -0.00875172	      7.09113087	      0.02118922
      2.02600000	      8.28987018	    366.03380231	      3.08611049	     -2.31389436	      0.01019141	      2.32506437	      0.01147469	     -5.85229945	      0.01463436	      9.20898817	    459.78190661	    -17.50696450	     -2.32032161	      0.01047809	      2.68168427	     -0.00872069	      7.06599419	      0.02111411
      2.02700000	      8.35006119	    366.36815215	      3.19689989	     -2.31393377	      0.01019131	      2.32505433	      0.01140437	     -5.81643708	      0.01454468	      9.28486882	    459.78156986	    -17.68341475	     -2.32028076	      0.01047803	      2.68172292	     -0.00868949	      7.04071094	      0.02103856
      2.02800000	      8.41334928	    366.68628530	      3.30798289	     -2.31397530	      0.01019120	      2.32504431	      0.01133338	     -5.78022830	      0.01445414	      9.35856158	    459.76726768	    -17.85956728	     -2.32023943	      0.01047796	      2.68176208	     -0.00865812	      7.01529828	      0.02096262
      2.02900000	      8.48029494	    366.98829806	      3.41936750	     -2.31401914	      0.01019109	      2.32503435	      0.01126174	     -5.74369359	      0.01436278	      9.43048237	    459.74013350	    -18.03553217	     -2.32019775	      0.01047789	      2.68180174	     -0.00862662	      6.98977339	      0.02088635
      2.03000000	      8.55146658	    367.27451733	      3.53111163	     -2.31406544	      0.01019097	      2.32502441	      0.01118952	     -5.70685669	      0.01427066	      9.50107788	    459.70139298	    -18.21141875	     -2.32015583	      0.01047782	      2.68184188	     -0.00859500	      6.96415355	      0.02080980
      2.03100000	      8.62743196	    367.54549232	      3.64332346	     -2.31411432	      0.01019085	      2.32501448	      0.01111675	     -5.66974441	      0.01417786	      9.57081613	    459.65235403	    -18.38733422	     -2.32011375	      0.01047775	      2.68188246	     -0.00856329	      6.93845628	      0.02073301
      2.03200000	      8.70874921	    367.80198352	      3.75616084	     -2.31416584	      0.01019073	      2.32500451	      0.01104350	     -5.63238632	      0.01408444	      9.64017631	    459.59439557	    -18.56338220	     -2.32007159	      0.01047768	      2.68192347	     -0.00853150	      6.91269942	      0.02065605
      2.03300000	      8.79595776	    368.04494907	      3.86982985	     -2.31422004	      0.01019060	      2.32499444	      0.01096983	     -5.59481454	      0.01399049	      9.70963844	    459.52895508	    -18.73966138	     -2.32002937	      0.01047761	      2.68196489	     -0.00849966	      6.88690123	      0.02057896
      2.03400000	      8.88956917	    368.27552883	      3.98458248	     -2.31427693	      0.01019046	      2.32498421	      0.01089582	     -5.55706339	      0.01389609	      9.77967269	    459.45751514	    -18.91626416	     -2.31998713	      0.01047754	      2.68200668	     -0.00846779	      6.86108046	      0.02050180
      2.03500000	      8.99005818	    368.49502660	      4.10071351	     -2.31433645	      0.01019032	      2.32497374	      0.01082152	     -5.51916906	      0.01380133	      9.85072886	    459.38158907	    -19.09327540	     -2.31994484	      0.01047747	      2.68204883	     -0.00843592	      6.83525641	      0.02042464
      2.03600000	      9.09785394	    368.70489082	      4.21855673	     -2.31439853	      0.01019017	      2.32496292	      0.01074701	     -5.48116928	      0.01370631	      9.92322586	    459.30270587	    -19.27077119	     -2.31990246	      0.01047739	      2.68209131	     -0.00840407	      6.80944897	      0.02034752
      2.03700000	      9.21333176	    368.90669417	      4.33848051	     -2.31446304	      0.01019001	      2.32495166	      0.01067237	     -5.44310298	      0.01361112	      9.99754168	    459.22239465	    -19.44881771	     -2.31985994	      0.01047732	      2.68213410	     -0.00837226	      6.78367865	      0.02027051
      2.03800000	      9.33680533	    369.10211251	      4.46088286	     -2.31452983	      0.01018985	      2.32493984	      0.01059768	     -5.40500994	      0.01351586	     10.07400380	    459.14216869	    -19.62747013	     -2.31981717	      0.01047724	      2.68217718	     -0.00834053	      6.75796656	      0.02019368
      2.03900000	      9.46851966	    369.29290345	      4.58618607	     -2.31459870	      0.01018969	      2.32492735	      0.01052302	     -5.36693048	      0.01342064	     10.15288030	    459.06350950	    -19.80677161	     -2.31977406	      0.01047716	      2.68222053	     -0.00830890	      6.73233438	      0.02011709
      2.04000000	      9.60864483	    369.48088509	      4.71483104	     -2.31466944	      0.01018951	      2.32491407	      0.01044846	     -5.32890506	      0.01332555	     10.23437184	    458.98785104	    -19.98675234	     -2.31973046	      0.01047709	      2.68226414	     -0.00827739	      6.70680429	      0.02004080
      2.04100000	      9.75727058	    369.66791507	      4.84727131	     -2.31474179	      0.01018934	      2.32489987	      0.01037409	     -5.29097397	      0.01323070	     10.31860460	    458.91656432	    -20.16742873	     -2.31968621	      0.01047701	      2.68230798	     -0.00824603	      6.68139887	      0.01996489
      2.04200000	      9.91440189	    369.85587048	      4.98396694	     -2.31481547	      0.01018915	      2.32488464	      0.01029998	     -5.25317705	      0.01313619	     10.40562440	    458.85094277	    -20.34880266	     -2.31964113	      0.01047693	      2.68235206	     -0.00821486	      6.65614099	      0.01988942
      2.04300000	     10.07995572	    370.04662859	      5.12537825	     -2.31489018	      0.01018897	      2.32486826	      0.01022621	     -5.21555330	      0.01304210	     10.49539199	    458.79218837	    -20.53086086	     -2.31959503	      0.01047686	      2.68239637	     -0.00818390	      6.63105365	      0.01981445
      2.04400000	     10.25375872	    370.24204890	      5.27195953	     -2.31496560	      0.01018877	      2.32485061	      0.01015286	     -5.17814063	      0.01294855	     10.58777983	    458.74139902	    -20.71357452	     -2.31954770	      0.01047678	      2.68244091	     -0.00815317	      6.60615984	      0.01974007
      2.04500000	     10.43554632	    370.44395637	      5.42415275	     -2.31504140	      0.01018858	      2.32483158	      0.01007999	     -5.14097556	      0.01285561	     10.68257029	    458.69955728	    -20.89689891	     -2.31949890	      0.01047671	      2.68248569	     -0.00812272	      6.58148237	      0.01966633
      2.04600000	     10.62496299	    370.65412611	      5.58238129	     -2.31511723	      0.01018838	      2.32481107	      0.01000767	     -5.10409293	      0.01276338	     10.77945536	    458.66752062	    -21.08077331	     -2.31944841	      0.01047664	      2.68253070	     -0.00809256	      6.55704369	      0.01959330
      2.04700000	     10.82156374	    370.87426945	      5.74704378	     -2.31519273	      0.01018817	      2.32478899	      0.00993597	     -5.06752571	      0.01267194	     10.87803801	    458.64601351	    -21.26512105	     -2.31939598	      0.01047657	      2.68257597	     -0.00806272	      6.53286572	      0.01952105
      2.04800000	     11.02481695	    371.10602147	      5.91850810	     -2.31526757	      0.01018797	      2.32476527	      0.00986495	     -5.03130472	      0.01258137	     10.97783516	    458.63562135	    -21.44984972	     -2.31934138	      0.01047650	      2.68262152	     -0.00803323	      6.50896968	      0.01944965
      2.04900000	     11.23410839	    371.35092988	      6.09710560	     -2.31534137	      0.01018776	      2.32473982	      0.00979467	     -4.99545844	      0.01249173	     11.07828222	    458.63678638	    -21.63485160	     -2.31928434	      0.01047643	      2.68266736	     -0.00800411	      6.48537596	      0.01937915
      2.05000000	     11.44874649	    371.61044528	      6.28312553	     -2.31541381	      0.01018755	      2.32471259	      0.00972517	     -4.96001286	      0.01240309	     11.17873920	    458.64980553	    -21.82000430	     -2.31922463	      0.01047637	      2.68271351	     -0.00797538	      6.46210393	      0.01930961
      2.05100000	     11.66796872	    371.88591259	      6.47680981	     -2.31548454	      0.01018734	      2.32468354	      0.00965650	     -4.92499130	      0.01231552	     11.27849838	    458.67483040	    -22.00517151	     -2.31916200	      0.01047631	      2.68276002	     -0.00794708	      6.43917186	      0.01924108
      2.05200000	     11.89094909	    372.17856372	      6.67834816	     -2.31555324	      0.01018713	      2.32465264	      0.00958871	     -4.89041424	      0.01222905	     11.37679334	    458.71186911	    -22.19020395	     -2.31909624	      0.01047625	      2.68280690	     -0.00791922	      6.41659679	      0.01917363
      2.05300000	     12.11680661	    372.48951119	      6.88787371	     -2.31561962	      0.01018691	      2.32461987	      0.00952182	     -4.85629924	      0.01214375	     11.47280936	    458.76079012	    -22.37494052	     -2.31902713	      0.01047619	      2.68285418	     -0.00789182	      6.39439444	      0.01910728
      2.05400000	     12.34461465	    372.81974270	      7.10545903	     -2.31568339	      0.01018670	      2.32458523	      0.00945586	     -4.82266075	      0.01205963	     11.56569490	    458.82132788	    -22.55920955	     -2.31895446	      0.01047614	      2.68290190	     -0.00786489	      6.37257919	      0.01904210
      2.05500000	     12.57341115	    373.17011643	      7.33111273	     -2.31574430	      0.01018649	      2.32454873	      0.00939086	     -4.78951009	      0.01197673	     11.65457420	    458.89309017	    -22.74283024	     -2.31887807	      0.01047609	      2.68295009	     -0.00783846	      6.35116398	      0.01897810
      2.05600000	     12.80220947	    373.54135707	      7.56477659	     -2.31580212	      0.01018628	      2.32451041	      0.00932684	     -4.75685526	      0.01189507	     11.73856055	    458.97556703	    -22.92561424	     -2.31879780	      0.01047604	      2.68299876	     -0.00781254	      6.33016035	      0.01891534
      2.05700000	     13.03000970	    373.93405244	      7.80632337	     -2.31585666	      0.01018608	      2.32447032	      0.00926379	     -4.72470094	      0.01181467	     11.81677029	    459.06814112	    -23.10736738	     -2.31871353	      0.01047600	      2.68304794	     -0.00778714	      6.30957841	      0.01885384
      2.05800000	     13.25581048	    374.34865065	      8.05555513	     -2.31590775	      0.01018587	      2.32442852	      0.00920173	     -4.69304841	      0.01173552	     11.88833706	    459.17009934	    -23.28789153	     -2.31862517	      0.01047596	      2.68309765	     -0.00776227	      6.28942684	      0.01879363
      2.05900000	     13.47862093	    374.78545776	      8.31220232	     -2.31595527	      0.01018567	      2.32438509	      0.00914065	     -4.66189553	      0.01165762	     11.95242632	    459.28064565	    -23.46698652	     -2.31853266	      0.01047592	      2.68314790	     -0.00773794	      6.26971296	      0.01873472
      2.06000000	     13.69747269	    375.24463580	      8.57592348	     -2.31599912	      0.01018547	      2.32434013	      0.00908053	     -4.63123676	      0.01158095	     12.00824975	    459.39891476	    -23.64445228	     -2.31843598	      0.01047589	      2.68319870	     -0.00771416	      6.25044269	      0.01867714
      2.06100000	     13.91143178	    375.72620130	      8.84630576	     -2.31603924	      0.01018528	      2.32429376	      0.00902137	     -4.60106318	      0.01150550	     12.05507927	    459.52398670	    -23.82009091	     -2.31833516	      0.01047586	      2.68325005	     -0.00769093	      6.23162062	      0.01862089
      2.06200000	     14.11961017	    376.23002421	      9.12286610	     -2.31607563	      0.01018509	      2.32424611	      0.00896314	     -4.57136259	      0.01143123	     12.09226068	    459.65490202	    -23.99370895	     -2.31823026	      0.01047584	      2.68330194	     -0.00766825	      6.21325005	      0.01856600
      2.06300000	     14.32117686	    376.75582732	      9.40505328	     -2.31610828	      0.01018490	      2.32419732	      0.00890580	     -4.54211957	      0.01135810	     12.11922644	    459.79067741	    -24.16511966	     -2.31812139	      0.01047582	      2.68335437	     -0.00764614	      6.19533302	      0.01851246
      2.06400000	     14.51536829	    377.30318630	      9.69225074	     -2.31613727	      0.01018472	      2.32414755	      0.00884932	     -4.51331571	      0.01128608	     12.13550753	    459.93032171	    -24.33414536	     -2.31800871	      0.01047580	      2.68340729	     -0.00762459	      6.17787034	      0.01846028
      2.06500000	     14.70149785	    377.87153032	      9.98378028	     -2.31616268	      0.01018454	      2.32409697	      0.00879367	     -4.48492970	      0.01121509	     12.14074413	    460.07285197	    -24.50061992	     -2.31789241	      0.01047578	      2.68346069	     -0.00760360	      6.16086167	      0.01840946
      2.06600000	     14.87896446	    378.46014352	     10.27890654	     -2.31618462	      0.01018437	      2.32404577	      0.00873878	     -4.45693765	      0.01114510	     12.13469491	    460.21730941	    -24.66439126	     -2.31777274	      0.01047577	      2.68351453	     -0.00758316	      6.14430557	      0.01835998
      2.06700000	     15.04726001	    379.06816726	     10.57684240	     -2.31620325	      0.01018421	      2.32399413	      0.00868462	     -4.42931332	      0.01107602	     12.11724470	    460.36277517	    -24.82532382	     -2.31765000	      0.01047576	      2.68356875	     -0.00756329	      6.12819958	      0.01831186
      2.06800000	     15.20597552	    379.69460336	     10.87675516	     -2.31621876	      0.01018405	      2.32394224	      0.00863112	     -4.40202842	      0.01100779	     12.08841060	    460.50838542	    -24.98330110	     -2.31752453	      0.01047575	      2.68362330	     -0.00754396	      6.11254032	      0.01826507
      2.06900000	     15.35480603	    380.33831842	     11.17777350	     -2.31623135	      0.01018389	      2.32389032	      0.00857823	     -4.37505305	      0.01094033	     12.04834607	    460.65334594	    -25.13822800	     -2.31739669	      0.01047574	      2.68367811	     -0.00752518	      6.09732358	      0.01821960
      2.07000000	     15.49355403	    380.99804918	     11.47899521	     -2.31624125	      0.01018374	      2.32383856	      0.00852589	     -4.34835599	      0.01087357	     11.99734325	    460.79694550	    -25.29003306	     -2.31726691	      0.01047574	      2.68373311	     -0.00750694	      6.08254451	      0.01817543
      2.07100000	     15.62213148	    381.67240931	     11.77949550	     -2.31624871	      0.01018360	      2.32378716	      0.00847402	     -4.32190522	      0.01080743	     11.93583323	    460.93856824	    -25.43867040	     -2.31713565	      0.01047574	      2.68378823	     -0.00748923	      6.06819769	      0.01813256
      2.07200000	     15.74056023	    382.35989737	     12.07833595	     -2.31625400	      0.01018346	      2.32373633	      0.00842258	     -4.29566829	      0.01074182	     11.86438430	    461.07770448	    -25.58412126	     -2.31700338	      0.01047573	      2.68384337	     -0.00747205	      6.05427735	      0.01809097
      2.07300000	     15.84897097	    383.05890631	     12.37457381	     -2.31625741	      0.01018333	      2.32368627	      0.00837149	     -4.26961282	      0.01067667	     11.78369831	    461.21395990	    -25.72639523	     -2.31687062	      0.01047573	      2.68389844	     -0.00745539	      6.04077748	      0.01805063
      2.07400000	     15.94760050	    383.76773439	     12.66727168	     -2.31625922	      0.01018320	      2.32363716	      0.00832070	     -4.24370689	      0.01061189	     11.69460493	    461.34706275	    -25.86553087	     -2.31673790	      0.01047573	      2.68395335	     -0.00743924	      6.02769201	      0.01801153
      2.07500000	     16.03678757	    384.48459757	     12.95550737	     -2.31625972	      0.01018308	      2.32358919	      0.00827014	     -4.21791951	      0.01054740	     11.59805407	    461.47686907	    -26.00159582	     -2.31660577	      0.01047573	      2.68400799	     -0.00742360	      6.01501490	      0.01797365
      2.07600000	     16.11696705	    385.20764328	     13.23838379	     -2.31625923	      0.01018297	      2.32354251	      0.00821975	     -4.19222103	      0.01048314	     11.49510638	    461.60336543	    -26.13468631	     -2.31647480	      0.01047573	      2.68406227	     -0.00740845	      6.00274029	      0.01793697
      2.07700000	     16.18866273	    385.93496557	     13.51503877	     -2.31625802	      0.01018286	      2.32349730	      0.00816948	     -4.16658354	      0.01041903	     11.38692203	    461.72666933	    -26.26492606	     -2.31634555	      0.01047573	      2.68411609	     -0.00739379	      5.99086255	      0.01790148
      2.07800000	     16.25247875	    386.66462140	     13.78465457	     -2.31625640	      0.01018275	      2.32345368	      0.00811928	     -4.14098122	      0.01035501	     11.27474774	    461.84702696	    -26.39246455	     -2.31621859	      0.01047573	      2.68416933	     -0.00737961	      5.97937629	      0.01786715
      2.07900000	     16.30908976	    387.39464791	     14.04646698	     -2.31625465	      0.01018265	      2.32341179	      0.00806911	     -4.11539070	      0.01029102	     11.15990232	    461.96480835	    -26.51747479	     -2.31609447	      0.01047572	      2.68422189	     -0.00736591	      5.96827644	      0.01783399
      2.08000000	     16.35923003	    388.12308041	     14.29977388	     -2.31625303	      0.01018255	      2.32337172	      0.00801891	     -4.08979137	      0.01022700	     11.04376077	    462.08049994	    -26.64015055	     -2.31597373	      0.01047572	      2.68427369	     -0.00735269	      5.95755813	      0.01780196
      2.08100000	     16.40368166	    388.84797090	     14.54394302	     -2.31625181	      0.01018246	      2.32333356	      0.00796867	     -4.06416558	      0.01016292	     10.92773721	    462.19469463	    -26.76070307	     -2.31585690	      0.01047571	      2.68432461	     -0.00733992	      5.94721666	      0.01777106
      2.08200000	     16.44326208	    389.56740672	     14.77841900	     -2.31625121	      0.01018237	      2.32329739	      0.00791834	     -4.03849893	      0.01009874	     10.81326680	    462.30807937	    -26.87935754	     -2.31574447	      0.01047570	      2.68437457	     -0.00732762	      5.93724742	      0.01774127
      2.08300000	     16.47881096	    390.27952924	     15.00272924	     -2.31625145	      0.01018228	      2.32326323	      0.00786792	     -4.01278036	      0.01003443	     10.70178693	    462.42142067	    -26.99634909	     -2.31563690	      0.01047569	      2.68442349	     -0.00731577	      5.92764571	      0.01771258
      2.08400000	     16.51117692	    390.98255210	     15.21648893	     -2.31625274	      0.01018220	      2.32323112	      0.00781737	     -3.98700230	      0.00996997	     10.59471793	    462.53554812	    -27.11191867	     -2.31553462	      0.01047567	      2.68447128	     -0.00730437	      5.91840660	      0.01768497
      2.08500000	     16.54120402	    391.67477881	     15.41940482	     -2.31625522	      0.01018212	      2.32320105	      0.00776671	     -3.96116070	      0.00990535	     10.49344364	    462.65133630	    -27.22630874	     -2.31543801	      0.01047565	      2.68451788	     -0.00729340	      5.90952478	      0.01765843
      2.08600000	     16.56971844	    392.35461948	     15.61127783	     -2.31625905	      0.01018204	      2.32317301	      0.00771591	     -3.93525505	      0.00984057	     10.39929205	    462.76968552	    -27.33975891	     -2.31534740	      0.01047563	      2.68456322	     -0.00728288	      5.90099437	      0.01763294
      2.08700000	     16.59751540	    393.02060627	     15.79200444	     -2.31626434	      0.01018197	      2.32314695	      0.00766500	     -3.90928831	      0.00977563	     10.31351651	    462.89150160	    -27.45250176	     -2.31526308	      0.01047560	      2.68460725	     -0.00727277	      5.89280873	      0.01760848
      2.08800000	     16.62534672	    393.67140732	     15.96157686	     -2.31627116	      0.01018189	      2.32312282	      0.00761398	     -3.88326680	      0.00971056	     10.23727759	    463.01767534	    -27.56475873	     -2.31518527	      0.01047557	      2.68464994	     -0.00726309	      5.88496026	      0.01758503
      2.08900000	     16.65390905	    394.30583893	     16.12008187	     -2.31627958	      0.01018182	      2.32310053	      0.00756287	     -3.85720005	      0.00964538	     10.17162617	    463.14906194	    -27.67673648	     -2.31511416	      0.01047553	      2.68469125	     -0.00725381	      5.87744021	      0.01756256
      2.09000000	     16.68383308	    394.92287581	     16.26769853	     -2.31628960	      0.01018175	      2.32307998	      0.00751169	     -3.83110054	      0.00958012	     10.11748782	    463.28646098	    -27.78862358	     -2.31504984	      0.01047549	      2.68473116	     -0.00724492	      5.87023849	      0.01754104
      2.09100000	     16.71567389	    395.52165901	     16.40469460	     -2.31630122	      0.01018168	      2.32306107	      0.00746049	     -3.80498348	      0.00951481	     10.07564895	    463.43059718	    -27.90058776	     -2.31499238	      0.01047545	      2.68476967	     -0.00723641	      5.86334348	      0.01752043
      2.09200000	     16.74990263	    396.10150170	     16.53142184	     -2.31631441	      0.01018161	      2.32304365	      0.00740928	     -3.77886652	      0.00944950	     10.04674490	    463.58210263	    -28.01277368	     -2.31494177	      0.01047540	      2.68480679	     -0.00722826	      5.85674192	      0.01750071
      2.09300000	     16.78689961	    396.66189238	     16.64831023	     -2.31632908	      0.01018154	      2.32302760	      0.00735811	     -3.75276934	      0.00938424	     10.03125014	    463.74150055	    -28.12530136	     -2.31489795	      0.01047535	      2.68484252	     -0.00722046	      5.85041870	      0.01748181
      2.09400000	     16.82694905	    397.20249578	     16.75586118	     -2.31634513	      0.01018147	      2.32301277	      0.00730702	     -3.72671338	      0.00931908	     10.02947091	    463.90919116	    -28.23826517	     -2.31486077	      0.01047529	      2.68487691	     -0.00721297	      5.84435683	      0.01746370
      2.09500000	     16.87023557	    397.72315118	     16.85463987	     -2.31636245	      0.01018140	      2.32299899	      0.00725606	     -3.70072138	      0.00925409	     10.04154032	    464.08543978	    -28.35173348	     -2.31483008	      0.01047523	      2.68490999	     -0.00720579	      5.83853727	      0.01744631
      2.09600000	     16.91684237	    398.22386837	     16.94526679	     -2.31638088	      0.01018134	      2.32298610	      0.00720527	     -3.67481707	      0.00918931	     10.06741606	    464.27036751	    -28.46574891	     -2.31480562	      0.01047516	      2.68494182	     -0.00719888	      5.83293897	      0.01742958
      2.09700000	     16.96675134	    398.70482119	     17.02840871	     -2.31640024	      0.01018127	      2.32297394	      0.00715470	     -3.64902471	      0.00912481	     10.10688077	    464.46394456	    -28.58032916	     -2.31478710	      0.01047510	      2.68497245	     -0.00719222	      5.82753879	      0.01741344
      2.09800000	     17.01984490	    399.16633882	     17.10476907	     -2.31642034	      0.01018120	      2.32296234	      0.00710439	     -3.62336870	      0.00906066	     10.15954503	    464.66598655	    -28.69546830	     -2.31477418	      0.01047502	      2.68500197	     -0.00718577	      5.82231160	      0.01739782
      2.09900000	     17.07590966	    399.60889506	     17.17507814	     -2.31644098	      0.01018113	      2.32295114	      0.00705440	     -3.59787324	      0.00899690	     10.22485295	    464.87615357	    -28.81113855	     -2.31476649	      0.01047495	      2.68503046	     -0.00717950	      5.81723035	      0.01738264
      2.10000000	     17.13464176	    400.03309553	     17.24008294	     -2.31646193	      0.01018106	      2.32294018	      0.00700477	     -3.57256194	      0.00893361	     10.30209018	    465.09395222	    -28.92729234	     -2.31476359	      0.01047487	      2.68505801	     -0.00717337	      5.81226623	      0.01736781
      2.10100000	     17.19565388	    400.43966336	     17.30053717	     -2.31648296	      0.01018099	      2.32292931	      0.00695555	     -3.54745747	      0.00887083	     10.39039428	    465.31874046	    -29.04386462	     -2.31476503	      0.01047479	      2.68508471	     -0.00716735	      5.80738888	      0.01735323
      2.10200000	     17.25848368	    400.82942329	     17.35719140	     -2.31650382	      0.01018093	      2.32291837	      0.00690678	     -3.52258123	      0.00880863	     10.48876725	    465.54973508	    -29.16077535	     -2.31477032	      0.01047470	      2.68511067	     -0.00716140	      5.80256666	      0.01733882
      2.10300000	     17.32260363	    401.20328462	     17.41078349	     -2.31652430	      0.01018086	      2.32290723	      0.00685849	     -3.49795313	      0.00874704	     10.59608983	    465.78602171	    -29.27793201	     -2.31477893	      0.01047462	      2.68513601	     -0.00715547	      5.79776695	      0.01732448
      2.10400000	     17.38743202	    401.56222326	     17.46202964	     -2.31654414	      0.01018079	      2.32289577	      0.00681072	     -3.47359130	      0.00868612	     10.71113753	    466.02656696	    -29.39523211	     -2.31479034	      0.01047453	      2.68516082	     -0.00714954	      5.79295652	      0.01731011
      2.10500000	     17.45234492	    401.90726321	     17.51161603	     -2.31656311	      0.01018072	      2.32288388	      0.00676351	     -3.44951196	      0.00862591	     10.83259793	    466.27023261	    -29.51256561	     -2.31480399	      0.01047444	      2.68518524	     -0.00714355	      5.78810184	      0.01729560
      2.10600000	     17.51668889	    402.23945771	     17.56019125	     -2.31658101	      0.01018066	      2.32287146	      0.00671688	     -3.42572924	      0.00856644	     10.95908904	    466.51579141	    -29.62981731	     -2.31481934	      0.01047435	      2.68520936	     -0.00713746	      5.78316957	      0.01728086
      2.10700000	     17.57979428	    402.55987057	     17.60835959	     -2.31659761	      0.01018059	      2.32285842	      0.00667085	     -3.40225512	      0.00850774	     11.08917835	    466.76194426	    -29.74686894	     -2.31483582	      0.01047426	      2.68523329	     -0.00713124	      5.77812690	      0.01726580
      2.10800000	     17.64098877	    402.86955788	     17.65667535	     -2.31661273	      0.01018053	      2.32284469	      0.00662545	     -3.37909937	      0.00844983	     11.22140234	    467.00733841	    -29.86360119	     -2.31485288	      0.01047416	      2.68525716	     -0.00712484	      5.77294204	      0.01725030
      2.10900000	     17.69961093	    403.16955052	     17.70563820	     -2.31662619	      0.01018047	      2.32283023	      0.00658069	     -3.35626950	      0.00839275	     11.35428602	    467.25058637	    -29.97989551	     -2.31486997	      0.01047407	      2.68528106	     -0.00711822	      5.76758465	      0.01723429
      2.11000000	     17.75502368	    403.46083765	     17.75568966	     -2.31663786	      0.01018040	      2.32281499	      0.00653657	     -3.33377082	      0.00833649	     11.48636233	    467.49028509	    -30.09563558	     -2.31488657	      0.01047398	      2.68530509	     -0.00711136	      5.76202629	      0.01721768
      2.11100000	     17.80662722	    403.74435150	     17.80721074	     -2.31664760	      0.01018035	      2.32279896	      0.00649312	     -3.31160646	      0.00828106	     11.61619105	    467.72503531	    -30.21070869	     -2.31490216	      0.01047389	      2.68532934	     -0.00710422	      5.75624082	      0.01720040
      2.11200000	     17.85387134	    404.02095374	     17.86052078	     -2.31665531	      0.01018029	      2.32278213	      0.00645031	     -3.28977743	      0.00822647	     11.74237686	    467.95346031	    -30.32500672	     -2.31491628	      0.01047380	      2.68535389	     -0.00709677	      5.75020481	      0.01718236
      2.11300000	     17.89626681	    404.29142349	     17.91587734	     -2.31666094	      0.01018023	      2.32276451	      0.00640817	     -3.26828273	      0.00817272	     11.86358648	    468.17422421	    -30.43842698	     -2.31492845	      0.01047371	      2.68537882	     -0.00708899	      5.74389789	      0.01716351
      2.11400000	     17.93339569	    404.55644734	     17.97347736	     -2.31666444	      0.01018018	      2.32274611	      0.00636667	     -3.24711946	      0.00811980	     11.97856460	    468.38604905	    -30.55087279	     -2.31493827	      0.01047362	      2.68540418	     -0.00708085	      5.73730303	      0.01714381
      2.11500000	     17.96492035	    404.81661129	     18.03345921	     -2.31666581	      0.01018013	      2.32272698	      0.00632582	     -3.22628295	      0.00806770	     12.08614832	    468.58773063	    -30.66225379	     -2.31494535	      0.01047353	      2.68543002	     -0.00707234	      5.73040676	      0.01712320
      2.11600000	     17.99059103	    405.07239492	     18.09590577	     -2.31666507	      0.01018008	      2.32270717	      0.00628559	     -3.20576690	      0.00801640	     12.18528019	    468.77815285	    -30.77248610	     -2.31494936	      0.01047345	      2.68545637	     -0.00706344	      5.72319934	      0.01710166
      2.11700000	     18.01025173	    405.32416772	     18.16084832	     -2.31666227	      0.01018004	      2.32268672	      0.00624598	     -3.18556351	      0.00796588	     12.27501949	    468.95630015	    -30.88149232	     -2.31494999	      0.01047337	      2.68548328	     -0.00705416	      5.71567484	      0.01707918
      2.11800000	     18.02384445	    405.57218763	     18.22827120	     -2.31665750	      0.01017999	      2.32266570	      0.00620696	     -3.16566367	      0.00791611	     12.35455178	    469.12126824	    -30.98920131	     -2.31494700	      0.01047329	      2.68551073	     -0.00704448	      5.70783111	      0.01705574
      2.11900000	     18.03141163	    405.81660178	     18.29811697	     -2.31665086	      0.01017995	      2.32264418	      0.00616852	     -3.14605712	      0.00786708	     12.42319667	    469.27227272	    -31.09554786	     -2.31494019	      0.01047321	      2.68553874	     -0.00703441	      5.69966979	      0.01703136
      2.12000000	     18.03309667	    406.05744938	     18.37029210	     -2.31664250	      0.01017991	      2.32262224	      0.00613063	     -3.12673258	      0.00781876	     12.48041363	    469.40865576	    -31.20047230	     -2.31492939	      0.01047314	      2.68556729	     -0.00702395	      5.69119613	      0.01700603
      2.12100000	     18.02914270	    406.29466663	     18.44467297	     -2.31663258	      0.01017988	      2.32259995	      0.00609327	     -3.10767796	      0.00777111	     12.52580595	    469.52989086	    -31.30391997	     -2.31491451	      0.01047307	      2.68559635	     -0.00701311	      5.68241884	      0.01697981
      2.12200000	     18.01988944	    406.52809350	     18.52111202	     -2.31662126	      0.01017984	      2.32257740	      0.00605641	     -3.08888052	      0.00772411	     12.55912277	    469.63558559	    -31.40584073	     -2.31489547	      0.01047301	      2.68562588	     -0.00700192	      5.67334983	      0.01695271
      2.12300000	     18.00576825	    406.75748230	     18.59944398	     -2.31660874	      0.01017981	      2.32255465	      0.00602004	     -3.07032703	      0.00767771	     12.58025918	    469.72548249	    -31.50618839	     -2.31487228	      0.01047295	      2.68565583	     -0.00699039	      5.66400397	      0.01692478
      2.12400000	     17.98729549	    406.98250774	     18.67949208	     -2.31659524	      0.01017978	      2.32253178	      0.00598411	     -3.05200399	      0.00763189	     12.58925447	    469.79945817	    -31.60492026	     -2.31484497	      0.01047289	      2.68568614	     -0.00697853	      5.65439874	      0.01689608
      2.12500000	     17.96506422	    407.20277835	     18.76107399	     -2.31658095	      0.01017975	      2.32250887	      0.00594861	     -3.03389778	      0.00758662	     12.58628859	    469.85752068	    -31.70199680	     -2.31481361	      0.01047284	      2.68571674	     -0.00696638	      5.64455386	      0.01686666
      2.12600000	     17.93973443	    407.41784892	     18.84400752	     -2.31656610	      0.01017972	      2.32248599	      0.00591351	     -3.01599485	      0.00754185	     12.57167684	    469.89980533	    -31.79738126	     -2.31477831	      0.01047279	      2.68574754	     -0.00695396	      5.63449093	      0.01683659
      2.12700000	     17.91202204	    407.62723379	     18.92811589	     -2.31655091	      0.01017970	      2.32246318	      0.00587878	     -2.99828189	      0.00749756	     12.54586304	    469.92656898	    -31.89103962	     -2.31473925	      0.01047275	      2.68577847	     -0.00694130	      5.62423298	      0.01680594
      2.12800000	     17.88268673	    407.83042056	     19.01323243	     -2.31653557	      0.01017967	      2.32244050	      0.00584439	     -2.98074600	      0.00745371	     12.50941118	    469.93818307	    -31.98294049	     -2.31469661	      0.01047271	      2.68580942	     -0.00692843	      5.61380405	      0.01677478
      2.12900000	     17.85251893	    408.02688402	     19.09920468	     -2.31652030	      0.01017964	      2.32241800	      0.00581033	     -2.96337483	      0.00741027	     12.46299581	    469.93512549	    -32.07305530	     -2.31465061	      0.01047267	      2.68584030	     -0.00691538	      5.60322871	      0.01674318
      2.13000000	     17.82232626	    408.21609981	     19.18589780	     -2.31650527	      0.01017962	      2.32239571	      0.00577657	     -2.94615675	      0.00736721	     12.40739124	    469.91797140	    -32.16135861	     -2.31460151	      0.01047264	      2.68587100	     -0.00690218	      5.59253165	      0.01671121
      2.13100000	     17.79291953	    408.39755776	     19.27319710	     -2.31649066	      0.01017959	      2.32237366	      0.00574309	     -2.92908092	      0.00732451	     12.34345982	    469.88738325	    -32.24782852	     -2.31454959	      0.01047261	      2.68590142	     -0.00688886	      5.58173723	      0.01667896
      2.13200000	     17.76509877	    408.57077428	     19.36100985	     -2.31647662	      0.01017956	      2.32235185	      0.00570987	     -2.91213738	      0.00728214	     12.27213943	    469.84410001	    -32.33244727	     -2.31449514	      0.01047259	      2.68593144	     -0.00687544	      5.57086900	      0.01664648
      2.13300000	     17.73963929	    408.73530387	     19.44926614	     -2.31646327	      0.01017953	      2.32233029	      0.00567689	     -2.89531712	      0.00724008	     12.19443032	    469.78892586	    -32.41520187	     -2.31443849	      0.01047257	      2.68596097	     -0.00686197	      5.55994937	      0.01661385
      2.13400000	     17.71727838	    408.89074932	     19.53791892	     -2.31645072	      0.01017951	      2.32230897	      0.00564414	     -2.87861209	      0.00719831	     12.11138159	    469.72271843	    -32.49608493	     -2.31437995	      0.01047256	      2.68598990	     -0.00684845	      5.54899915	      0.01658113
      2.13500000	     17.69870255	    409.03677053	     19.62694326	     -2.31643905	      0.01017948	      2.32228789	      0.00561160	     -2.86201517	      0.00715680	     12.02407745	    469.64637660	    -32.57509545	     -2.31431986	      0.01047255	      2.68601814	     -0.00683492	      5.53803730	      0.01654838
      2.13600000	     17.68453584	    409.17309174	     19.71633474	     -2.31642831	      0.01017945	      2.32226700	      0.00557925	     -2.84552016	      0.00711556	     11.93362339	    469.56082817	    -32.65223973	     -2.31425855	      0.01047254	      2.68604557	     -0.00682140	      5.52708053	      0.01651564
      2.13700000	     17.67532921	    409.29950719	     19.80610720	     -2.31641852	      0.01017941	      2.32224627	      0.00554710	     -2.82912169	      0.00707455	     11.84113246	    469.46701730	    -32.72753233	     -2.31419638	      0.01047254	      2.68607213	     -0.00680790	      5.51614312	      0.01648295
      2.13800000	     17.67155128	    409.41588505	     19.89628972	     -2.31640967	      0.01017938	      2.32222566	      0.00551513	     -2.81281523	      0.00703377	     11.74771184	    469.36589203	    -32.80099706	     -2.31413367	      0.01047254	      2.68609773	     -0.00679444	      5.50523666	      0.01645036
      2.13900000	     17.67358057	    409.52216972	     19.98692317	     -2.31640173	      0.01017934	      2.32220512	      0.00548333	     -2.79659694	      0.00699322	     11.65444984	    469.25839185	    -32.87266798	     -2.31407074	      0.01047254	      2.68612230	     -0.00678103	      5.49436991	      0.01641789
      2.14000000	     17.68169926	    409.61838258	     20.07805620	     -2.31639463	      0.01017931	      2.32218459	      0.00545170	     -2.78046365	      0.00695288	     11.56240345	    469.14543544	    -32.94259033	     -2.31400793	      0.01047255	      2.68614578	     -0.00676767	      5.48354871	      0.01638556
      2.14100000	     17.69608870	    409.70462124	     20.16974102	     -2.31638830	      0.01017927	      2.32216401	      0.00542022	     -2.76441277	      0.00691274	     11.47258666	    469.02790876	    -33.01082144	     -2.31394553	      0.01047256	      2.68616813	     -0.00675438	      5.47277592	      0.01635337
      2.14200000	     17.71682648	    409.78105746	     20.26202894	     -2.31638262	      0.01017923	      2.32214332	      0.00538891	     -2.74844225	      0.00687280	     11.38595958	    468.90665349	    -33.07743145	     -2.31388382	      0.01047257	      2.68618931	     -0.00674114	      5.46205144	      0.01632132
      2.14300000	     17.74388535	    409.84793390	     20.35496595	     -2.31637746	      0.01017918	      2.32212246	      0.00535775	     -2.73255047	      0.00683306	     11.30341856	    468.78245601	    -33.14250386	     -2.31382308	      0.01047259	      2.68620931	     -0.00672796	      5.45137225	      0.01628941
      2.14400000	     17.77713354	    409.90555984	     20.44858841	     -2.31637265	      0.01017914	      2.32210136	      0.00532674	     -2.71673623	      0.00679352	     11.22578735	    468.65603694	    -33.20613585	     -2.31376354	      0.01047261	      2.68622811	     -0.00671483	      5.44073256	      0.01625762
      2.14500000	     17.81633683	    409.95430607	     20.54291904	     -2.31636801	      0.01017910	      2.32207997	      0.00529589	     -2.70099863	      0.00675416	     11.15380939	    468.52804146	    -33.26843826	     -2.31370543	      0.01047263	      2.68624574	     -0.00670174	      5.43012395	      0.01622592
      2.14600000	     17.86116188	    409.99459911	     20.63796327	     -2.31636337	      0.01017905	      2.32205823	      0.00526518	     -2.68533704	      0.00671500	     11.08814132	    468.39903046	    -33.32953529	     -2.31364894	      0.01047265	      2.68626222	     -0.00668867	      5.41953558	      0.01619428
      2.14700000	     17.91118097	    410.02691493	     20.73370610	     -2.31635849	      0.01017900	      2.32203610	      0.00523462	     -2.66975102	      0.00667603	     11.02934766	    468.26947278	    -33.38956391	     -2.31359424	      0.01047267	      2.68627758	     -0.00667561	      5.40895443	      0.01616266
      2.14800000	     17.96587780	    410.05177237	     20.83010958	     -2.31635317	      0.01017896	      2.32201352	      0.00520421	     -2.65424025	      0.00663724	     10.97789675	    468.13973851	    -33.44867287	     -2.31354146	      0.01047269	      2.68629188	     -0.00666254	      5.39836558	      0.01613102
      2.14900000	     18.02465437	    410.06972630	     20.92711089	     -2.31634716	      0.01017891	      2.32199046	      0.00517394	     -2.63880451	      0.00659864	     10.93415802	    468.01009370	    -33.50702149	     -2.31349070	      0.01047271	      2.68630519	     -0.00664944	      5.38775251	      0.01609931
      2.15000000	     18.08683871	    410.08136076	     21.02462117	     -2.31634024	      0.01017887	      2.32196690	      0.00514382	     -2.62344355	      0.00656023	     10.89840032	    467.88069637	    -33.56477813	     -2.31344204	      0.01047274	      2.68631758	     -0.00663629	      5.37709741	      0.01606747
      2.15100000	     18.15169330	    410.08728206	     21.12252505	     -2.31633214	      0.01017882	      2.32194283	      0.00511385	     -2.60815709	      0.00652200	     10.87079158	    467.75159409	    -33.62211843	     -2.31339554	      0.01047276	      2.68632917	     -0.00662307	      5.36638152	      0.01603545
      2.15200000	     18.21842420	    410.08811198	     21.22068096	     -2.31632264	      0.01017878	      2.32191822	      0.00508402	     -2.59294472	      0.00648396	     10.85139947	    467.62272309	    -33.67922340	     -2.31335119	      0.01047278	      2.68634004	     -0.00660974	      5.35558544	      0.01600319
      2.15300000	     18.28619053	    410.08448099	     21.31892206	     -2.31631148	      0.01017874	      2.32189308	      0.00505434	     -2.57780588	      0.00644611	     10.84019321	    467.49390906	    -33.73627737	     -2.31330898	      0.01047280	      2.68635031	     -0.00659630	      5.34468952	      0.01597063
      2.15400000	     18.35411436	    410.07702171	     21.41705799	     -2.31629842	      0.01017870	      2.32186743	      0.00502480	     -2.56273983	      0.00640843	     10.83704619	    467.36486947	    -33.79346582	     -2.31326888	      0.01047282	      2.68636011	     -0.00658270	      5.33367413	      0.01593771
      2.15500000	     18.42129076	    410.06636242	     21.51487716	     -2.31628322	      0.01017867	      2.32184129	      0.00499540	     -2.54774561	      0.00637094	     10.84173959	    467.23521773	    -33.85097316	     -2.31323082	      0.01047284	      2.68636957	     -0.00656894	      5.32252002	      0.01590438
      2.15600000	     18.48679799	    410.05312082	     21.61214974	     -2.31626567	      0.01017863	      2.32181467	      0.00496614	     -2.53282210	      0.00633362	     10.85396673	    467.10446871	    -33.90898050	     -2.31319469	      0.01047286	      2.68637883	     -0.00655498	      5.31120861	      0.01587058
      2.15700000	     18.54970753	    410.03789800	     21.70863118	     -2.31624554	      0.01017860	      2.32178763	      0.00493702	     -2.51796799	      0.00629647	     10.87333819	    466.97204591	    -33.96766333	     -2.31316038	      0.01047287	      2.68638801	     -0.00654080	      5.29972230	      0.01583626
      2.15800000	     18.60909411	    410.02127260	     21.80406609	     -2.31622266	      0.01017858	      2.32176020	      0.00490803	     -2.50318191	      0.00625950	     10.89938757	    466.83729000	    -34.02718922	     -2.31312776	      0.01047289	      2.68639726	     -0.00652639	      5.28804465	      0.01580137
      2.15900000	     18.66404541	    410.00379529	     21.89819260	     -2.31619682	      0.01017856	      2.32173245	      0.00487916	     -2.48846240	      0.00622269	     10.93157795	    466.69946863	    -34.08771553	     -2.31309667	      0.01047290	      2.68640672	     -0.00651172	      5.27616071	      0.01576585
      2.16000000	     18.71367149	    409.98598335	     21.99074689	     -2.31616789	      0.01017855	      2.32170442	      0.00485043	     -2.47380806	      0.00618605	     10.96930891	    466.55778737	    -34.14938711	     -2.31306694	      0.01047290	      2.68641652	     -0.00649678	      5.26405714	      0.01572969
      2.16100000	     18.75711386	    409.96831558	     22.08146793	     -2.31613572	      0.01017854	      2.32167619	      0.00482182	     -2.45921756	      0.00614956	     11.01192411	    466.41140164	    -34.21233410	     -2.31303839	      0.01047291	      2.68642679	     -0.00648156	      5.25172241	      0.01569283
      2.16200000	     18.79355415	    409.95122733	     22.17010223	     -2.31610022	      0.01017854	      2.32164781	      0.00479334	     -2.44468973	      0.00611323	     11.05871938	    466.25942947	    -34.27666978	     -2.31301083	      0.01047291	      2.68643766	     -0.00646604	      5.23914695	      0.01565525
      2.16300000	     18.82222223	    409.93510576	     22.25640867	     -2.31606129	      0.01017855	      2.32161938	      0.00476497	     -2.43022357	      0.00607706	     11.10895121	    466.10096480	    -34.34248855	     -2.31298408	      0.01047291	      2.68644923	     -0.00645021	      5.22632322	      0.01561693
      2.16400000	     18.84240382	    409.92028524	     22.34016303	     -2.31601889	      0.01017856	      2.32159095	      0.00473673	     -2.41581833	      0.00604104	     11.16184563	    465.93509120	    -34.40986403	     -2.31295793	      0.01047290	      2.68646162	     -0.00643407	      5.21324579	      0.01557786
      2.16500000	     18.85344762	    409.90704307	     22.42116244	     -2.31597301	      0.01017858	      2.32156260	      0.00470860	     -2.40147348	      0.00600517	     11.21660739	    465.76089576	    -34.47884726	     -2.31293221	      0.01047289	      2.68647489	     -0.00641761	      5.19991138	      0.01553801
      2.16600000	     18.85477166	    409.89559525	     22.49922940	     -2.31592365	      0.01017860	      2.32153441	      0.00468060	     -2.38718871	      0.00596945	     11.27242929	    465.57748298	    -34.54946507	     -2.31290672	      0.01047288	      2.68648914	     -0.00640084	      5.18631889	      0.01549740
      2.16700000	     18.84586917	    409.88609261	     22.57421542	     -2.31587087	      0.01017864	      2.32150645	      0.00465271	     -2.37296390	      0.00593387	     11.32850169	    465.38398835	    -34.62171857	     -2.31288129	      0.01047287	      2.68650442	     -0.00638375	      5.17246936	      0.01545601
      2.16800000	     18.82631371	    409.87861718	     22.64600421	     -2.31581475	      0.01017868	      2.32147878	      0.00462493	     -2.35879907	      0.00589845	     11.38402213	    465.17959149	    -34.69558188	     -2.31285576	      0.01047285	      2.68652077	     -0.00636634	      5.15836594	      0.01541387
      2.16900000	     18.79576359	    409.87317893	     22.71451426	     -2.31575541	      0.01017873	      2.32145149	      0.00459728	     -2.34469434	      0.00586318	     11.43820478	    464.96352867	    -34.77100102	     -2.31282998	      0.01047283	      2.68653822	     -0.00634863	      5.14401383	      0.01537098
      2.17000000	     18.75396560	    409.86971299	     22.77970086	     -2.31569299	      0.01017878	      2.32142462	      0.00456974	     -2.33064987	      0.00582806	     11.49028986	    464.73510435	    -34.84789303	     -2.31280381	      0.01047281	      2.68655676	     -0.00633062	      5.12942024	      0.01532738
      2.17100000	     18.70075802	    409.86807746	     22.84155743	     -2.31562768	      0.01017884	      2.32139823	      0.00454232	     -2.31666579	      0.00579309	     11.53955281	    464.49370175	    -34.92614540	     -2.31277716	      0.01047278	      2.68657637	     -0.00631232	      5.11459426	      0.01528307
      2.17200000	     18.63607280	    409.86805198	     22.90011622	     -2.31555969	      0.01017891	      2.32137238	      0.00451502	     -2.30274216	      0.00575828	     11.58531306	    464.23879223	    -35.00561583	     -2.31274992	      0.01047275	      2.68659703	     -0.00629375	      5.09954680	      0.01523811
      2.17300000	     18.55993696	    409.86933722	     22.95544823	     -2.31548927	      0.01017899	      2.32134710	      0.00448784	     -2.28887894	      0.00572361	     11.62694237	    463.96994321	    -35.08613221	     -2.31272203	      0.01047272	      2.68661867	     -0.00627492	      5.08429050	      0.01519252
      2.17400000	     18.47247321	    409.87155548	     23.00766254	     -2.31541669	      0.01017907	      2.32132243	      0.00446077	     -2.27507589	      0.00568909	     11.66387256	    463.68682475	    -35.16749309	     -2.31269346	      0.01047269	      2.68664121	     -0.00625585	      5.06883962	      0.01514635
      2.17500000	     18.37389963	    409.87425246	     23.05690493	     -2.31534224	      0.01017915	      2.32129840	      0.00443383	     -2.26133264	      0.00565473	     11.69560262	    463.38921441	    -35.24946832	     -2.31266417	      0.01047266	      2.68666456	     -0.00623656	      5.05320994	      0.01509965
      2.17600000	     18.26452845	    409.87690052	     23.10335595	     -2.31526624	      0.01017924	      2.32127502	      0.00440700	     -2.24764862	      0.00562051	     11.72170496	    463.07700044	    -35.33180014	     -2.31263417	      0.01047262	      2.68668860	     -0.00621707	      5.03741865	      0.01505246
      2.17700000	     18.14476398	    409.87890329	     23.14722843	     -2.31518901	      0.01017934	      2.32125232	      0.00438028	     -2.23402313	      0.00558644	     11.74183080	    462.75018320	    -35.41420453	     -2.31260350	      0.01047259	      2.68671318	     -0.00619740	      5.02148418	      0.01500485
      2.17800000	     18.01509942	    409.87960199	     23.18876452	     -2.31511091	      0.01017944	      2.32123029	      0.00435368	     -2.22045533	      0.00555251	     11.75571461	    462.40887474	    -35.49637289	     -2.31257221	      0.01047255	      2.68673817	     -0.00617759	      5.00542611	      0.01495686
      2.17900000	     17.87611277	    409.87828312	     23.22823236	     -2.31503229	      0.01017954	      2.32120893	      0.00432719	     -2.20694438	      0.00551872	     11.76317744	    462.05329649	    -35.57797404	     -2.31254037	      0.01047252	      2.68676338	     -0.00615764	      4.98926491	      0.01490857
      2.18000000	     17.72846163	    409.87418784	     23.26592237	     -2.31495352	      0.01017964	      2.32118824	      0.00430081	     -2.19348947	      0.00548508	     11.76412917	    461.68377522	    -35.65865646	     -2.31250808	      0.01047248	      2.68678864	     -0.00613759	      4.97302186	      0.01486004
      2.18100000	     17.57287702	    409.86652255	     23.30214320	     -2.31487494	      0.01017974	      2.32116819	      0.00427453	     -2.18009000	      0.00545157	     11.75856955	    461.30073722	    -35.73805094	     -2.31247546	      0.01047245	      2.68681376	     -0.00611747	      4.95671872	      0.01481132
      2.18200000	     17.41015609	    409.85447083	     23.33721758	     -2.31479694	      0.01017985	      2.32114877	      0.00424837	     -2.16674569	      0.00541820	     11.74658807	    460.90470086	    -35.81577331	     -2.31244265	      0.01047241	      2.68683853	     -0.00609730	      4.94037754	      0.01476249
      2.18300000	     17.24115391	    409.83720626	     23.37147781	     -2.31471986	      0.01017995	      2.32112994	      0.00422231	     -2.15345682	      0.00538497	     11.72836257	    460.49626772	    -35.89142755	     -2.31240980	      0.01047238	      2.68686275	     -0.00607712	      4.92402041	      0.01471361
      2.18400000	     17.06677437	    409.81390592	     23.40526135	     -2.31464404	      0.01018005	      2.32111169	      0.00419637	     -2.14022433	      0.00535188	     11.70415656	    460.07611231	    -35.96460905	     -2.31237708	      0.01047235	      2.68688619	     -0.00605694	      4.90766910	      0.01466475
      2.18500000	     16.88796019	    409.78376434	     23.43890613	     -2.31456982	      0.01018016	      2.32109397	      0.00417054	     -2.12705009	      0.00531894	     11.67431528	    459.64497075	    -36.03490805	     -2.31234467	      0.01047232	      2.68690865	     -0.00603679	      4.89134479	      0.01461597
      2.18600000	     16.70568220	    409.74600735	     23.47274596	     -2.31449751	      0.01018025	      2.32107676	      0.00414483	     -2.11393706	      0.00528615	     11.63926059	    459.20362853	    -36.10191325	     -2.31231277	      0.01047230	      2.68692991	     -0.00601670	      4.87506768	      0.01456734
      2.18700000	     16.52092816	    409.69990573	     23.50710592	     -2.31442741	      0.01018035	      2.32106001	      0.00411924	     -2.10088946	      0.00525352	     11.59948457	    458.75290759	    -36.16521554	     -2.31228157	      0.01047228	      2.68694976	     -0.00599669	      4.85885669	      0.01451890
      2.18800000	     16.33469101	    409.64478799	     23.54229784	     -2.31435979	      0.01018044	      2.32104368	      0.00409380	     -2.08791295	      0.00522107	     11.55554209	    458.29365304	    -36.22441178	     -2.31225129	      0.01047226	      2.68696799	     -0.00597679	      4.84272904	      0.01447070
      2.18900000	     16.14795705	    409.58005218	     23.57861591	     -2.31429490	      0.01018053	      2.32102775	      0.00406851	     -2.07501475	      0.00518882	     11.50804226	    457.82671974	    -36.27910869	     -2.31222214	      0.01047225	      2.68698440	     -0.00595701	      4.82669997	      0.01442281
      2.19000000	     15.96169408	    409.50517629	     23.61633254	     -2.31423298	      0.01018061	      2.32101217	      0.00404339	     -2.06220376	      0.00515678	     11.45763905	    457.35295906	    -36.32892672	     -2.31219431	      0.01047224	      2.68699882	     -0.00593736	      4.81078233	      0.01437524
      2.19100000	     15.77683974	    409.41972693	     23.65569445	     -2.31417422	      0.01018069	      2.32099692	      0.00401847	     -2.04949064	      0.00512499	     11.40502108	    456.87320604	    -36.37350393	     -2.31216803	      0.01047224	      2.68701107	     -0.00591787	      4.79498637	      0.01432804
      2.19200000	     15.59429039	    409.32336605	     23.69691910	     -2.31411880	      0.01018076	      2.32098195	      0.00399376	     -2.03688784	      0.00509348	     11.35090078	    456.38826735	    -36.41249981	     -2.31214349	      0.01047224	      2.68702099	     -0.00589853	      4.77931942	      0.01428123
      2.19300000	     15.41489059	    409.21585566	     23.74019152	     -2.31406687	      0.01018083	      2.32096725	      0.00396929	     -2.02440965	      0.00506227	     11.29600309	    455.89891013	    -36.44559906	     -2.31212088	      0.01047224	      2.68702844	     -0.00587936	      4.76378571	      0.01423481
      2.19400000	     15.23942352	    409.09706015	     23.78566143	     -2.31401856	      0.01018088	      2.32095278	      0.00394510	     -2.01207210	      0.00503142	     11.24105385	    455.40585211	    -36.47251516	     -2.31210039	      0.01047225	      2.68703330	     -0.00586035	      4.74838623	      0.01418880
      2.19500000	     15.06860243	    408.96694645	     23.83344097	     -2.31397397	      0.01018094	      2.32093853	      0.00392122	     -1.99989294	      0.00500097	     11.18676814	    454.90975294	    -36.49299381	     -2.31208219	      0.01047227	      2.68703548	     -0.00584151	      4.73311863	      0.01414317
      2.19600000	     14.90306329	    408.82558174	     23.88360274	     -2.31393317	      0.01018098	      2.32092449	      0.00389769	     -1.98789145	      0.00497096	     11.13383864	    454.41120712	    -36.50681618	     -2.31206643	      0.01047229	      2.68703490	     -0.00582282	      4.71797723	      0.01409793
      2.19700000	     14.74335869	    408.67312906	     23.93617842	     -2.31389623	      0.01018102	      2.32091064	      0.00387455	     -1.97608834	      0.00494144	     11.08292431	    453.91073839	    -36.51380171	     -2.31205325	      0.01047232	      2.68703150	     -0.00580428	      4.70295306	      0.01405304
      2.19800000	     14.58995327	    408.50984068	     23.99115795	     -2.31386318	      0.01018105	      2.32089698	      0.00385183	     -1.96450546	      0.00491248	     11.03463949	    453.40879574	    -36.51381073	     -2.31204276	      0.01047235	      2.68702525	     -0.00578587	      4.68803401	      0.01400846
      2.19900000	     14.44322045	    408.33604956	     24.04848916	     -2.31383402	      0.01018107	      2.32088351	      0.00382960	     -1.95316560	      0.00488412	     10.98954374	    452.90575094	    -36.50674649	     -2.31203507	      0.01047238	      2.68701615	     -0.00576757	      4.67320504	      0.01396414
      2.20000000	     14.30344071	    408.15215917	     24.10807807	     -2.31380876	      0.01018109	      2.32087022	      0.00380789	     -1.94209222	      0.00485643	     10.94813237	    452.40189748	    -36.49255685	     -2.31203023	      0.01047243	      2.68700421	     -0.00574935	      4.65844841	      0.01392005
      2.20100000	     14.17080133	    407.95863189	     24.16978970	     -2.31378737	      0.01018110	      2.32085715	      0.00378675	     -1.93130908	      0.00482946	     10.91082808	    451.89745093	    -36.47123534	     -2.31202831	      0.01047247	      2.68698947	     -0.00573121	      4.64374400	      0.01387611
      2.20200000	     14.04539750	    407.75597642	     24.23344955	     -2.31376981	      0.01018110	      2.32084429	      0.00376622	     -1.92083997	      0.00480329	     10.87797364	    451.39255043	    -36.44282177	     -2.31202931	      0.01047252	      2.68697200	     -0.00571309	      4.62906971	      0.01383226
      2.20300000	     13.92723479	    407.54473450	     24.29884559	     -2.31375603	      0.01018110	      2.32083167	      0.00374635	     -1.91070832	      0.00477795	     10.84982586	    450.88726134	    -36.40740227	     -2.31203322	      0.01047258	      2.68695188	     -0.00569499	      4.61440185	      0.01378843
      2.20400000	     13.81623286	    407.32546734	     24.36573098	     -2.31374597	      0.01018108	      2.32081931	      0.00372719	     -1.90093684	      0.00475352	     10.82655095	    450.38157870	    -36.36510880	     -2.31204003	      0.01047264	      2.68692921	     -0.00567687	      4.59971559	      0.01374455
      2.20500000	     13.71223036	    407.09874218	     24.43382722	     -2.31373954	      0.01018107	      2.32080724	      0.00370878	     -1.89154721	      0.00473004	     10.80822124	    449.87543159	    -36.31611817	     -2.31204966	      0.01047270	      2.68690411	     -0.00565869	      4.58498547	      0.01370053
      2.20600000	     13.61499076	    406.86511925	     24.50282804	     -2.31373667	      0.01018104	      2.32079549	      0.00369116	     -1.88255965	      0.00470756	     10.79481351	    449.36868797	    -36.26065057	     -2.31206204	      0.01047277	      2.68687672	     -0.00564042	      4.57018588	      0.01365631
      2.20700000	     13.52420916	    406.62513967	     24.57240368	     -2.31373724	      0.01018101	      2.32078410	      0.00367436	     -1.87399270	      0.00468614	     10.78620870	    448.86116026	    -36.19896772	     -2.31207704	      0.01047284	      2.68684719	     -0.00562204	      4.55529155	      0.01361180
      2.20800000	     13.43951981	    406.37931433	     24.64220576	     -2.31374114	      0.01018098	      2.32077310	      0.00365842	     -1.86586287	      0.00466581	     10.78219321	    448.35261116	    -36.13137052	     -2.31209454	      0.01047291	      2.68681569	     -0.00560351	      4.54027808	      0.01356694
      2.20900000	     13.36050416	    406.12811423	     24.71187252	     -2.31374828	      0.01018094	      2.32076253	      0.00364337	     -1.85818447	      0.00464661	     10.78246159	    447.84276007	    -36.05819650	     -2.31211437	      0.01047299	      2.68678238	     -0.00558481	      4.52512240	      0.01352165
      2.21000000	     13.28669941	    405.87196246	     24.78103446	     -2.31375850	      0.01018089	      2.32075242	      0.00362922	     -1.85096939	      0.00462857	     10.78662063	    447.33128979	    -35.97981679	     -2.31213636	      0.01047306	      2.68674746	     -0.00556590	      4.50980318	      0.01347588
      2.21100000	     13.21760732	    405.61122783	     24.84932023	     -2.31377170	      0.01018084	      2.32074280	      0.00361600	     -1.84422701	      0.00461171	     10.79419478	    446.81785364	    -35.89663302	     -2.31216030	      0.01047314	      2.68671111	     -0.00554677	      4.49430129	      0.01342956
      2.21200000	     13.15270303	    405.34622039	     24.91636274	     -2.31378772	      0.01018079	      2.32073372	      0.00360372	     -1.83796409	      0.00459604	     10.80463282	    446.30208288	    -35.80907387	     -2.31218600	      0.01047322	      2.68667351	     -0.00552739	      4.47860014	      0.01338264
      2.21300000	     13.09144390	    405.07718887	     24.98180528	     -2.31380642	      0.01018073	      2.32072519	      0.00359239	     -1.83218474	      0.00458159	     10.81731557	    445.78359454	    -35.71759155	     -2.31221320	      0.01047330	      2.68663486	     -0.00550775	      4.46268598	      0.01333509
      2.21400000	     13.03327817	    404.80431987	     25.04530762	     -2.31382764	      0.01018067	      2.32071725	      0.00358201	     -1.82689048	      0.00456835	     10.83156469	    445.26199953	    -35.62265810	     -2.31224169	      0.01047339	      2.68659535	     -0.00548783	      4.44654813	      0.01328686
      2.21500000	     12.97765323	    404.52773881	     25.10655200	     -2.31385124	      0.01018060	      2.32070992	      0.00357258	     -1.82208024	      0.00455633	     10.84665224	    444.73691101	    -35.52476156	     -2.31227119	      0.01047347	      2.68655516	     -0.00546763	      4.43017925	      0.01323795
      2.21600000	     12.92402352	    404.24751249	     25.16524875	     -2.31387705	      0.01018054	      2.32070322	      0.00356409	     -1.81775052	      0.00454550	     10.86181103	    444.20795305	    -35.42440211	     -2.31230147	      0.01047356	      2.68651447	     -0.00544714	      4.41357541	      0.01318834
      2.21700000	     12.87185789	    403.96365295	     25.22114167	     -2.31390490	      0.01018047	      2.32069716	      0.00355653	     -1.81389549	      0.00453586	     10.87624544	    443.67476938	    -35.32208802	     -2.31233226	      0.01047364	      2.68647345	     -0.00542635	      4.39673617	      0.01313802
      2.21800000	     12.82064643	    403.67612258	     25.27401287	     -2.31393462	      0.01018040	      2.32069174	      0.00354989	     -1.81050725	      0.00452739	     10.88914262	    443.13703208	    -35.21833163	     -2.31236330	      0.01047372	      2.68643227	     -0.00540528	      4.37966460	      0.01308701
      2.21900000	     12.76990655	    403.38484004	     25.32368710	     -2.31396605	      0.01018032	      2.32068697	      0.00354414	     -1.80757603	      0.00452006	     10.89968392	    442.59445013	    -35.11364523	     -2.31239434	      0.01047381	      2.68639108	     -0.00538394	      4.36236720	      0.01303532
      2.22000000	     12.71918849	    403.08968694	     25.37003545	     -2.31399900	      0.01018025	      2.32068284	      0.00353927	     -1.80509046	      0.00451384	     10.90705633	    442.04677752	    -35.00853695	     -2.31242512	      0.01047389	      2.68635002	     -0.00536232	      4.34485376	      0.01298299
      2.22100000	     12.66807991	    402.79051478	     25.41297835	     -2.31403331	      0.01018017	      2.32067934	      0.00353524	     -1.80303786	      0.00450871	     10.91046377	    441.49382077	    -34.90350664	     -2.31245541	      0.01047398	      2.68630922	     -0.00534046	      4.32713715	      0.01293005
      2.22200000	     12.61620994	    402.48715216	     25.45248772	     -2.31406880	      0.01018009	      2.32067644	      0.00353204	     -1.80140455	      0.00450462	     10.90913813	    440.93544555	    -34.79904182	     -2.31248496	      0.01047406	      2.68626881	     -0.00531836	      4.30923305	      0.01287655
      2.22300000	     12.56325223	    402.17941176	     25.48858836	     -2.31410530	      0.01018002	      2.32067412	      0.00352963	     -1.80017609	      0.00450155	     10.90234984	    440.37158242	    -34.69561366	     -2.31251357	      0.01047415	      2.68622888	     -0.00529605	      4.29115965	      0.01282254
      2.22400000	     12.50892740	    401.86709702	     25.52135844	     -2.31414264	      0.01017994	      2.32067234	      0.00352799	     -1.79933760	      0.00449945	     10.88941785	    439.80223118	    -34.59367312	     -2.31254103	      0.01047423	      2.68618952	     -0.00527356	      4.27293725	      0.01276809
      2.22500000	     12.45300464	    401.55000815	     25.55092902	     -2.31418065	      0.01017986	      2.32067107	      0.00352708	     -1.79887394	      0.00449830	     10.86971889	    439.22746397	    -34.49364718	     -2.31256716	      0.01047431	      2.68615082	     -0.00525092	      4.25458787	      0.01271326
      2.22600000	     12.39530262	    401.22794744	     25.57748279	     -2.31421917	      0.01017978	      2.32067025	      0.00352687	     -1.79876995	      0.00449804	     10.84269591	    438.64742687	    -34.39593533	     -2.31259179	      0.01047440	      2.68611284	     -0.00522814	      4.23613482	      0.01265812
      2.22700000	     12.33568959	    400.90072348	     25.60125176	     -2.31425804	      0.01017971	      2.32066983	      0.00352735	     -1.79901060	      0.00449864	     10.80786560	    438.06233985	    -34.30090625	     -2.31261478	      0.01047448	      2.68607562	     -0.00520527	      4.21760224	      0.01260274
      2.22800000	     12.27408290	    400.56815444	     25.62251424	     -2.31429711	      0.01017963	      2.32066975	      0.00352847	     -1.79958114	      0.00450006	     10.76482484	    437.47249519	    -34.20889482	     -2.31263601	      0.01047456	      2.68603921	     -0.00518233	      4.19901468	      0.01254720
      2.22900000	     12.21044781	    400.23007013	     25.64159086	     -2.31433622	      0.01017955	      2.32066994	      0.00353020	     -1.80046715	      0.00450228	     10.71325604	    436.87825413	    -34.12019947	     -2.31265539	      0.01047464	      2.68600362	     -0.00515935	      4.18039664	      0.01249157
      2.23000000	     12.14479563	    399.88631298	     25.65883998	     -2.31437524	      0.01017948	      2.32067034	      0.00353253	     -1.80165458	      0.00450525	     10.65293138	    436.28004191	    -34.03507983	     -2.31267283	      0.01047473	      2.68596887	     -0.00513637	      4.16177218	      0.01243592
      2.23100000	     12.07718136	    399.53673785	     25.67465228	     -2.31441404	      0.01017940	      2.32067087	      0.00353542	     -1.80312977	      0.00450894	     10.58371567	    435.67834116	    -33.95375493	     -2.31268829	      0.01047481	      2.68593497	     -0.00511340	      4.14316446	      0.01238031
      2.23200000	     12.00770077	    399.18121090	     25.68944495	     -2.31445248	      0.01017933	      2.32067145	      0.00353885	     -1.80487941	      0.00451331	     10.50556807	    435.07368372	    -33.87640167	     -2.31270175	      0.01047489	      2.68590190	     -0.00509048	      4.12459544	      0.01232483
      2.23300000	     11.93648692	    398.81960742	     25.70365529	     -2.31449046	      0.01017926	      2.32067200	      0.00354280	     -1.80689046	      0.00451834	     10.41854242	    434.46664110	    -33.80315391	     -2.31271320	      0.01047497	      2.68586965	     -0.00506764	      4.10608548	      0.01226952
      2.23400000	     11.86370636	    398.45180902	     25.71773409	     -2.31452786	      0.01017918	      2.32067245	      0.00354723	     -1.80915009	      0.00452399	     10.32278629	    433.85781361	    -33.73410198	     -2.31272265	      0.01047506	      2.68583819	     -0.00504489	      4.08765303	      0.01221444
      2.23500000	     11.78955491	    398.07770015	     25.73213871	     -2.31456458	      0.01017911	      2.32067271	      0.00355212	     -1.81164554	      0.00453023	     10.21853864	    433.24781844	    -33.66929262	     -2.31273015	      0.01047514	      2.68580749	     -0.00502226	      4.06931438	      0.01215964
      2.23600000	     11.71425314	    397.69716426	     25.74732622	     -2.31460053	      0.01017904	      2.32067270	      0.00355745	     -1.81436400	      0.00453703	     10.10612622	    432.63727691	    -33.60872956	     -2.31273576	      0.01047522	      2.68577751	     -0.00499976	      4.05108338	      0.01210516
      2.23700000	     11.63804164	    397.31007981	     25.76374649	     -2.31463565	      0.01017897	      2.32067234	      0.00356319	     -1.81729246	      0.00454435	      9.98595872	    432.02680103	    -33.55237438	     -2.31273955	      0.01047530	      2.68574820	     -0.00497740	      4.03297128	      0.01205104
      2.23800000	     11.56117617	    396.91631627	     25.78183561	     -2.31466985	      0.01017890	      2.32067154	      0.00356932	     -1.82041755	      0.00455217	      9.85852269	    431.41697971	    -33.50014797	     -2.31274162	      0.01047539	      2.68571952	     -0.00495521	      4.01498655	      0.01199730
      2.23900000	     11.48392268	    396.51573035	     25.80200953	     -2.31470308	      0.01017884	      2.32067025	      0.00357581	     -1.82372540	      0.00456044	      9.72437447	    430.80836473	    -33.45193236	     -2.31274207	      0.01047547	      2.68569142	     -0.00493317	      3.99713483	      0.01194396
      2.24000000	     11.40655238	    396.10816260	     25.82465820	     -2.31473528	      0.01017877	      2.32066838	      0.00358262	     -1.82720142	      0.00456913	      9.58413215	    430.20145695	    -33.40757291	     -2.31274102	      0.01047555	      2.68566386	     -0.00491131	      3.97941885	      0.01189102
      2.24100000	     11.32933695	    395.69343446	     25.85014023	     -2.31476644	      0.01017870	      2.32066587	      0.00358974	     -1.83083020	      0.00457821	      9.43846672	    429.59669278	    -33.36688087	     -2.31273860	      0.01047564	      2.68563677	     -0.00488961	      3.96183844	      0.01183849
      2.24200000	     11.25254383	    395.27134596	     25.87877810	     -2.31479651	      0.01017863	      2.32066266	      0.00359712	     -1.83459535	      0.00458762	      9.28809267	    428.99443148	    -33.32963624	     -2.31273495	      0.01047572	      2.68561011	     -0.00486808	      3.94439061	      0.01178635
      2.24300000	     11.17643195	    394.84167404	     25.91085404	     -2.31482548	      0.01017857	      2.32065871	      0.00360473	     -1.83847934	      0.00459733	      9.13375798	    428.39494331	    -33.29559088	     -2.31273020	      0.01047581	      2.68558384	     -0.00484670	      3.92706962	      0.01173460
      2.24400000	     11.10124774	    394.40417153	     25.94660655	     -2.31485334	      0.01017850	      2.32065395	      0.00361255	     -1.84246342	      0.00460730	      8.97623393	    427.79839897	    -33.26447190	     -2.31272451	      0.01047589	      2.68555791	     -0.00482547	      3.90986712	      0.01168319
      2.24500000	     11.02722159	    393.95856690	     25.98622758	     -2.31488010	      0.01017843	      2.32064836	      0.00362051	     -1.84652747	      0.00461746	      8.81630470	    427.20486043	    -33.23598517	     -2.31271801	      0.01047598	      2.68553227	     -0.00480437	      3.89277228	      0.01163211
      2.24600000	     10.95456494	    393.50456469	     26.02986049	     -2.31490577	      0.01017837	      2.32064190	      0.00362860	     -1.85064996	      0.00462777	      8.65475704	    426.61427342	    -33.20981906	     -2.31271086	      0.01047606	      2.68550689	     -0.00478339	      3.87577202	      0.01158131
      2.24700000	     10.88346782	    393.04184655	     26.07759864	     -2.31493036	      0.01017830	      2.32063456	      0.00363675	     -1.85480784	      0.00463816	      8.49237014	    426.02646172	    -33.18564828	     -2.31270319	      0.01047615	      2.68548174	     -0.00476251	      3.85885118	      0.01153075
      2.24800000	     10.81409703	    392.57007291	     26.12948467	     -2.31495390	      0.01017823	      2.32062632	      0.00364492	     -1.85897655	      0.00464859	      8.32990591	    425.44112346	    -33.16313776	     -2.31269515	      0.01047623	      2.68545679	     -0.00474170	      3.84199281	      0.01148037
      2.24900000	     10.74659493	    392.08888512	     26.18551048	     -2.31497642	      0.01017817	      2.32061717	      0.00365307	     -1.86312993	      0.00465897	      8.16809989	    424.85782943	    -33.14194662	     -2.31268688	      0.01047631	      2.68543202	     -0.00472095	      3.82517835	      0.01143013
      2.25000000	     10.68107884	    391.59790805	     26.24561782	     -2.31499796	      0.01017810	      2.32060714	      0.00366113	     -1.86724032	      0.00466925	      8.00765278	    424.27602354	    -33.12173201	     -2.31267850	      0.01047640	      2.68540742	     -0.00470023	      3.80838797	      0.01137996
      2.25100000	     10.61764096	    391.09675294	     26.30969944	     -2.31501856	      0.01017803	      2.32059622	      0.00366904	     -1.87127849	      0.00467935	      7.84922295	    423.69502534	    -33.10215292	     -2.31267014	      0.01047648	      2.68538297	     -0.00467951	      3.79160080	      0.01132980
      2.25200000	     10.55634882	    390.58502050	     26.37760086	     -2.31503827	      0.01017796	      2.32058444	      0.00367676	     -1.87521384	      0.00468919	      7.69341983	    423.11403448	    -33.08287385	     -2.31266192	      0.01047656	      2.68535867	     -0.00465877	      3.77479524	      0.01127958
      2.25300000	     10.49724621	    390.06230406	     26.44912260	     -2.31505713	      0.01017789	      2.32057184	      0.00368421	     -1.87901442	      0.00469870	      7.54079835	    422.53213712	    -33.06356817	     -2.31265395	      0.01047665	      2.68533453	     -0.00463798	      3.75794923	      0.01122924
      2.25400000	     10.44035442	    389.52819271	     26.52402285	     -2.31507518	      0.01017783	      2.32055845	      0.00369133	     -1.88264713	      0.00470778	      7.39185449	    421.94831395	    -33.04392142	     -2.31264633	      0.01047673	      2.68531055	     -0.00461711	      3.74104058	      0.01117872
      2.25500000	     10.38567379	    388.98227425	     26.60202062	     -2.31509248	      0.01017776	      2.32054431	      0.00369806	     -1.88607792	      0.00471636	      7.24702187	    421.36144973	    -33.02363421	     -2.31263916	      0.01047681	      2.68528674	     -0.00459614	      3.72404723	      0.01112794
      2.25600000	     10.33318546	    388.42413801	     26.68279914	     -2.31510906	      0.01017769	      2.32052949	      0.00370432	     -1.88927209	      0.00472435	      7.10666951	    420.77034422	    -33.00242478	     -2.31263253	      0.01047689	      2.68526312	     -0.00457503	      3.70694760	      0.01107684
      2.25700000	     10.28285331	    387.85337733	     26.76600956	     -2.31512497	      0.01017762	      2.32051403	      0.00371005	     -1.89219456	      0.00473165	      6.97110063	    420.17372414	    -32.98003132	     -2.31262652	      0.01047696	      2.68523971	     -0.00455377	      3.68972084	      0.01102537
      2.25800000	     10.23462582	    387.26959176	     26.85127488	     -2.31514024	      0.01017755	      2.32049802	      0.00371518	     -1.89481026	      0.00473820	      6.84055256	    419.57025608	    -32.95621379	     -2.31262122	      0.01047704	      2.68521653	     -0.00453233	      3.67234721	      0.01097345
      2.25900000	     10.18843800	    386.67238896	     26.93819398	     -2.31515492	      0.01017748	      2.32048150	      0.00371964	     -1.89708456	      0.00474388	      6.71519773	    418.95856016	    -32.93075541	     -2.31261669	      0.01047711	      2.68519359	     -0.00451068	      3.65480829	      0.01092104
      2.26000000	     10.14421316	    386.06138626	     27.02634573	     -2.31516903	      0.01017741	      2.32046456	      0.00372337	     -1.89898370	      0.00474863	      6.59514557	    418.33722416	    -32.90346373	     -2.31261299	      0.01047719	      2.68517093	     -0.00448881	      3.63708730	      0.01086809
      2.26100000	     10.10186455	    385.43621193	     27.11529309	     -2.31518258	      0.01017734	      2.32044728	      0.00372629	     -1.90047529	      0.00475236	      6.48044532	    417.70481801	    -32.87417138	     -2.31261019	      0.01047726	      2.68514856	     -0.00446670	      3.61916936	      0.01081455
      2.26200000	     10.06129677	    384.79650623	     27.20458727	     -2.31519560	      0.01017727	      2.32042973	      0.00372836	     -1.90152881	      0.00475500	      6.37108961	    417.05990846	    -32.84273641	     -2.31260835	      0.01047732	      2.68512649	     -0.00444433	      3.60104175	      0.01076038
      2.26300000	     10.02240693	    384.14192225	     27.29377164	     -2.31520810	      0.01017720	      2.32041199	      0.00372951	     -1.90211608	      0.00475646	      6.26701863	    416.40107361	    -32.80904243	     -2.31260752	      0.01047739	      2.68510474	     -0.00442168	      3.58269412	      0.01070556
      2.26400000	      9.98508562	    383.47212664	     27.38238573	     -2.31522006	      0.01017713	      2.32039415	      0.00372969	     -1.90221176	      0.00475670	      6.16812492	    415.72691734	    -32.77299833	     -2.31260774	      0.01047745	      2.68508331	     -0.00439876	      3.56411873	      0.01065005
      2.26500000	      9.94921754	    382.78680030	     27.46996895	     -2.31523150	      0.01017706	      2.32037629	      0.00372887	     -1.90179378	      0.00475566	      6.07425841	    415.03608339	    -32.73453785	     -2.31260907	      0.01047752	      2.68506221	     -0.00437554	      3.54531063	      0.01059385
      2.26600000	      9.91468199	    382.08563910	     27.55606414	     -2.31524239	      0.01017700	      2.32035849	      0.00372701	     -1.90084377	      0.00475328	      5.98523175	    414.32726907	    -32.69361883	     -2.31261155	      0.01047757	      2.68504143	     -0.00435204	      3.52626785	      0.01053695
      2.26700000	      9.88135310	    381.36835463	     27.64022097	     -2.31525271	      0.01017693	      2.32034083	      0.00372408	     -1.89934736	      0.00474954	      5.90082578	    413.59923856	    -32.65022226	     -2.31261523	      0.01047763	      2.68502095	     -0.00432825	      3.50699149	      0.01047935
      2.26800000	      9.84909994	    380.63467525	     27.72199902	     -2.31526245	      0.01017687	      2.32032339	      0.00372005	     -1.89729454	      0.00474441	      5.82079488	    412.85083575	    -32.60435112	     -2.31262016	      0.01047769	      2.68500075	     -0.00430418	      3.48748583	      0.01042106
      2.26900000	      9.81778659	    379.88434728	     27.80097067	     -2.31527158	      0.01017681	      2.32030625	      0.00371493	     -1.89467984	      0.00473787	      5.74487227	    412.08099655	    -32.55602902	     -2.31262638	      0.01047774	      2.68498079	     -0.00427983	      3.46775844	      0.01036211
      2.27000000	      9.78727206	    379.11713660	     27.87672374	     -2.31528005	      0.01017675	      2.32028949	      0.00370870	     -1.89150249	      0.00472992	      5.67277504	    411.28876072	    -32.50529880	     -2.31263395	      0.01047779	      2.68496105	     -0.00425522	      3.44782013	      0.01030254
      2.27100000	      9.75741040	    378.33283058	     27.94886381	     -2.31528786	      0.01017670	      2.32027317	      0.00370137	     -1.88776648	      0.00472058	      5.60420891	    410.47328304	    -32.45222086	     -2.31264291	      0.01047783	      2.68494147	     -0.00423037	      3.42768499	      0.01024237
      2.27200000	      9.72805079	    377.53124052	     28.01701638	     -2.31529498	      0.01017664	      2.32025736	      0.00369297	     -1.88348060	      0.00470986	      5.53887253	    409.63384371	    -32.39687146	     -2.31265333	      0.01047788	      2.68492200	     -0.00420530	      3.40737034	      0.01018167
      2.27300000	      9.69903783	    376.71220436	     28.08082878	     -2.31530137	      0.01017659	      2.32024212	      0.00368351	     -1.87865832	      0.00469781	      5.47646142	    408.76985808	    -32.33934090	     -2.31266526	      0.01047792	      2.68490257	     -0.00418003	      3.38689657	      0.01012049
      2.27400000	      9.67021201	    375.87559001	     28.13997185	     -2.31530705	      0.01017654	      2.32022752	      0.00367304	     -1.87331767	      0.00468445	      5.41667142	    407.88088530	    -32.27973162	     -2.31267876	      0.01047796	      2.68488310	     -0.00415460	      3.36628704	      0.01005890
      2.27500000	      9.64141043	    375.02129891	     28.19414145	     -2.31531199	      0.01017650	      2.32021359	      0.00366160	     -1.86748104	      0.00466986	      5.35920165	    406.96663597	    -32.21815617	     -2.31269390	      0.01047800	      2.68486353	     -0.00412903	      3.34556784	      0.00999699
      2.27600000	      9.61246770	    374.14927001	     28.24305968	     -2.31531623	      0.01017646	      2.32020040	      0.00364923	     -1.86117490	      0.00465409	      5.30375711	    406.02697859	    -32.15473524	     -2.31271075	      0.01047804	      2.68484377	     -0.00410335	      3.32476751	      0.00993484
      2.27700000	      9.58321729	    373.25948392	     28.28647604	     -2.31531978	      0.01017642	      2.32018799	      0.00363601	     -1.85442951	      0.00463722	      5.25005075	    405.06194454	    -32.08959553	     -2.31272939	      0.01047808	      2.68482374	     -0.00407762	      3.30391676	      0.00987253
      2.27800000	      9.55349294	    372.35196732	     28.32416822	     -2.31532270	      0.01017639	      2.32017638	      0.00362199	     -1.84727859	      0.00461934	      5.19780522	    404.07173158	    -32.02286777	     -2.31274990	      0.01047811	      2.68480335	     -0.00405186	      3.28304811	      0.00981017
      2.27900000	      9.52313060	    371.42679723	     28.35594283	     -2.31532504	      0.01017635	      2.32016561	      0.00360724	     -1.83975894	      0.00460053	      5.14675424	    403.05670564	    -31.95468461	     -2.31277236	      0.01047815	      2.68478251	     -0.00402613	      3.26219555	      0.00974786
      2.28000000	      9.49197045	    370.48410525	     28.38163586	     -2.31532690	      0.01017633	      2.32015571	      0.00359185	     -1.83191013	      0.00458091	      5.09664367	    402.01740073	    -31.88517867	     -2.31279686	      0.01047818	      2.68476113	     -0.00400046	      3.24139413	      0.00968571
      2.28100000	      9.45985928	    369.52408139	     28.40111292	     -2.31532839	      0.01017630	      2.32014670	      0.00357590	     -1.82377412	      0.00456056	      5.04723230	    400.95451689	    -31.81448062	     -2.31282349	      0.01047822	      2.68473912	     -0.00397489	      3.22067964	      0.00962381
      2.28200000	      9.42665300	    368.54697740	     28.41426938	     -2.31532963	      0.01017628	      2.32013860	      0.00355947	     -1.81539490	      0.00453961	      4.99829243	    399.86891608	    -31.74271737	     -2.31285234	      0.01047825	      2.68471640	     -0.00394948	      3.20008816	      0.00956228
      2.28300000	      9.39221939	    367.55310957	     28.42103018	     -2.31533077	      0.01017626	      2.32013142	      0.00354265	     -1.80681820	      0.00451816	      4.94961034	    398.76161590	    -31.67001039	     -2.31288352	      0.01047828	      2.68469288	     -0.00392426	      3.17965574	      0.00950123
      2.28400000	      9.35644085	    366.54286056	     28.42134954	     -2.31533200	      0.01017624	      2.32012518	      0.00352554	     -1.79809107	      0.00449634	      4.90098654	    397.63378127	    -31.59647418	     -2.31291712	      0.01047831	      2.68466850	     -0.00389928	      3.15941799	      0.00944075
      2.28500000	      9.31921719	    365.51668043	     28.41521044	     -2.31533350	      0.01017622	      2.32011988	      0.00350823	     -1.78926160	      0.00447426	      4.85223611	    396.48671395	    -31.52221489	     -2.31295325	      0.01047834	      2.68464317	     -0.00387459	      3.13940976	      0.00938096
      2.28600000	      9.28046841	    364.47508654	     28.40262380	     -2.31533549	      0.01017621	      2.32011554	      0.00349081	     -1.78037854	      0.00445205	      4.80318887	    395.32184015	    -31.44732904	     -2.31299201	      0.01047837	      2.68461684	     -0.00385022	      3.11966478	      0.00932196
      2.28700000	      9.24013721	    363.41866235	     28.38362757	     -2.31533820	      0.01017619	      2.32011216	      0.00347339	     -1.77149096	      0.00442982	      4.75368966	    394.14069625	    -31.37190252	     -2.31303351	      0.01047840	      2.68458945	     -0.00382622	      3.10021533	      0.00926385
      2.28800000	      9.19819122	    362.34805497	     28.35828547	     -2.31534188	      0.01017618	      2.32010975	      0.00345605	     -1.76264791	      0.00440771	      4.70359863	    392.94491291	    -31.29600963	     -2.31307786	      0.01047843	      2.68456094	     -0.00380261	      3.08109194	      0.00920670
      2.28900000	      9.15462496	    361.26397157	     28.32668551	     -2.31534679	      0.01017617	      2.32010832	      0.00343889	     -1.75389803	      0.00438583	      4.65279157	    391.73619775	    -31.21971236	     -2.31312516	      0.01047846	      2.68453128	     -0.00377945	      3.06232308	      0.00915062
      2.29000000	      9.10946126	    360.16717453	     28.28893838	     -2.31535320	      0.01017615	      2.32010787	      0.00342201	     -1.74528921	      0.00436430	      4.60116031	    390.51631692	    -31.14305979	     -2.31317552	      0.01047849	      2.68450044	     -0.00375676	      3.04393492	      0.00909567
      2.29100000	      9.06275222	    359.05847549	     28.24517559	     -2.31536140	      0.01017614	      2.32010841	      0.00340550	     -1.73686816	      0.00434324	      4.54861318	    389.28707578	    -31.06608775	     -2.31322905	      0.01047852	      2.68446840	     -0.00373456	      3.02595107	      0.00904194
      2.29200000	      9.01457964	    357.93872840	     28.19554761	     -2.31537167	      0.01017612	      2.32010996	      0.00338945	     -1.72868013	      0.00432277	      4.49507553	    388.05029917	    -30.98881859	     -2.31328586	      0.01047855	      2.68443514	     -0.00371289	      3.00839235	      0.00898947
      2.29300000	      8.96505486	    356.80882166	     28.14022186	     -2.31538429	      0.01017610	      2.32011251	      0.00337394	     -1.72076846	      0.00430298	      4.44049030	    386.80781146	    -30.91126112	     -2.31334603	      0.01047858	      2.68440066	     -0.00369177	      2.99127665	      0.00893832
      2.29400000	      8.91431797	    355.66966951	     28.07938069	     -2.31539954	      0.01017608	      2.32011610	      0.00335905	     -1.71317424	      0.00428399	      4.38481856	    385.56141694	    -30.83341076	     -2.31340967	      0.01047861	      2.68436497	     -0.00367121	      2.97461871	      0.00888855
      2.29500000	      8.86253642	    354.52220299	     28.01321946	     -2.31541769	      0.01017606	      2.32012072	      0.00334485	     -1.70593597	      0.00426589	      4.32804013	    384.31288063	    -30.75524979	     -2.31347686	      0.01047864	      2.68432808	     -0.00365123	      2.95843003	      0.00884017
      2.29600000	      8.80990301	    353.36736054	     27.94194462	     -2.31543901	      0.01017603	      2.32012639	      0.00333143	     -1.69908926	      0.00424877	      4.27015411	    383.06391024	    -30.67674790	     -2.31354769	      0.01047866	      2.68429003	     -0.00363184	      2.94271876	      0.00879323
      2.29700000	      8.75663332	    352.20607869	     27.86577193	     -2.31546373	      0.01017600	      2.32013312	      0.00331884	     -1.69266647	      0.00423271	      4.21117940	    381.81613923	    -30.59786280	     -2.31362221	      0.01047869	      2.68425084	     -0.00361304	      2.92748964	      0.00874772
      2.29800000	      8.70296260	    351.03928303	     27.78492488	     -2.31549209	      0.01017596	      2.32014094	      0.00330713	     -1.68669652	      0.00421778	      4.15115509	    380.57111164	    -30.51854121	     -2.31370050	      0.01047871	      2.68421055	     -0.00359484	      2.91274402	      0.00870366
      2.29900000	      8.64914213	    349.86787971	     27.69963328	     -2.31552428	      0.01017592	      2.32014984	      0.00329636	     -1.68120462	      0.00420405	      4.09014078	    379.33026870	    -30.43872003	     -2.31378259	      0.01047874	      2.68416923	     -0.00357724	      2.89847983	      0.00866103
      2.30000000	      8.59543524	    348.69274787	     27.61013215	     -2.31556049	      0.01017588	      2.32015983	      0.00328657	     -1.67621210	      0.00419157	      4.02821673	    378.09493771	    -30.35832786	     -2.31386851	      0.01047876	      2.68412692	     -0.00356022	      2.88469169	      0.00861983
      2.30100000	      8.54211293	    347.51473303	     27.51666075	     -2.31560085	      0.01017583	      2.32017093	      0.00327780	     -1.67173624	      0.00418037	      3.96548389	    376.86632336	    -30.27728678	     -2.31395829	      0.01047877	      2.68408370	     -0.00354378	      2.87137105	      0.00858003
      2.30200000	      8.48944931	    346.33464178	     27.41946197	     -2.31564548	      0.01017577	      2.32018313	      0.00327006	     -1.66779015	      0.00417050	      3.90206369	    375.64550158	    -30.19551445	     -2.31405191	      0.01047879	      2.68403962	     -0.00352790	      2.85850631	      0.00854159
      2.30300000	      8.43771676	    345.15323777	     27.31878182	     -2.31569445	      0.01017571	      2.32019644	      0.00326338	     -1.66438271	      0.00416198	      3.83809762	    374.43341621	    -30.11292651	     -2.31414936	      0.01047880	      2.68399478	     -0.00351257	      2.84608309	      0.00850447
      2.30400000	      8.38718114	    343.97123920	     27.21486914	     -2.31574780	      0.01017564	      2.32021083	      0.00325776	     -1.66151853	      0.00415482	      3.77374646	    373.23087850	    -30.02943916	     -2.31425058	      0.01047881	      2.68394926	     -0.00349776	      2.83408448	      0.00846861
      2.30500000	      8.33809695	    342.78931773	     27.10797550	     -2.31580554	      0.01017556	      2.32022629	      0.00325321	     -1.65919793	      0.00414902	      3.70918930	    372.03856942	    -29.94497207	     -2.31435551	      0.01047882	      2.68390314	     -0.00348346	      2.82249134	      0.00843397
      2.30600000	      8.29070261	    341.60809904	     26.99835525	     -2.31586761	      0.01017548	      2.32024280	      0.00324972	     -1.65741705	      0.00414457	      3.64462199	    370.85704475	    -29.85945138	     -2.31446406	      0.01047883	      2.68385652	     -0.00346962	      2.81128264	      0.00840048
      2.30700000	      8.24521598	    340.42816461	     26.88626560	     -2.31593393	      0.01017540	      2.32026032	      0.00324727	     -1.65616794	      0.00414144	      3.58025533	    369.68674283	    -29.77281283	     -2.31457612	      0.01047883	      2.68380949	     -0.00345624	      2.80043581	      0.00836807
      2.30800000	      8.20183008	    339.25005501	     26.77196698	     -2.31600436	      0.01017530	      2.32027880	      0.00324584	     -1.65543872	      0.00413962	      3.51631265	    368.52799472	    -29.68500494	     -2.31469152	      0.01047883	      2.68376216	     -0.00344327	      2.78992712	      0.00833667
      2.30900000	      8.16070920	    338.07427420	     26.65572331	     -2.31607873	      0.01017521	      2.32029819	      0.00324540	     -1.65521382	      0.00413906	      3.45302710	    367.38103646	    -29.59599216	     -2.31481011	      0.01047883	      2.68371464	     -0.00343068	      2.77973201	      0.00830620
      2.31000000	      8.12198539	    336.90129482	     26.53780243	     -2.31615682	      0.01017510	      2.32031843	      0.00324591	     -1.65547418	      0.00413971	      3.39063835	    366.24602315	    -29.50575784	     -2.31493168	      0.01047882	      2.68366703	     -0.00341846	      2.76982543	      0.00827660
      2.31100000	      8.08575538	    335.73156419	     26.41847651	     -2.31623837	      0.01017500	      2.32033943	      0.00324733	     -1.65619759	      0.00414152	      3.32938911	    365.12304442	    -29.41430705	     -2.31505599	      0.01047881	      2.68361944	     -0.00340656	      2.76018220	      0.00824778
      2.31200000	      8.05207802	    334.56551087	     26.29802247	     -2.31632305	      0.01017489	      2.32036111	      0.00324961	     -1.65735893	      0.00414442	      3.26952115	    364.01214085	    -29.32166903	     -2.31518278	      0.01047879	      2.68357200	     -0.00339495	      2.75077725	      0.00821968
      2.31300000	      8.02097224	    333.40355145	     26.17672242	     -2.31641052	      0.01017477	      2.32038337	      0.00325269	     -1.65893055	      0.00414835	      3.21127127	    362.91332091	    -29.22789935	     -2.31531176	      0.01047877	      2.68352481	     -0.00338360	      2.74158597	      0.00819222
      2.31400000	      7.99241553	    332.24609747	     26.05486397	     -2.31650039	      0.01017465	      2.32040609	      0.00325652	     -1.66088259	      0.00415323	      3.15486701	    361.82657797	    -29.13308157	     -2.31544258	      0.01047875	      2.68347801	     -0.00337249	      2.73258439	      0.00816532
      2.31500000	      7.96634295	    331.09356210	     25.93274055	     -2.31659220	      0.01017453	      2.32042917	      0.00326103	     -1.66318336	      0.00415899	      3.10052241	    360.75190680	    -29.03732844	     -2.31557490	      0.01047873	      2.68343171	     -0.00336159	      2.72374943	      0.00813892
      2.31600000	      7.94264669	    329.94636649	     25.81065155	     -2.31668549	      0.01017440	      2.32045246	      0.00326616	     -1.66579966	      0.00416553	      3.04843377	    359.68931914	    -28.94078249	     -2.31570831	      0.01047870	      2.68338604	     -0.00335087	      2.71505908	      0.00811295
      2.31700000	      7.92117611	    328.80494546	     25.68890237	     -2.31677975	      0.01017428	      2.32047583	      0.00327184	     -1.66869715	      0.00417277	      2.99877549	    358.63885784	    -28.84361601	     -2.31584238	      0.01047867	      2.68334112	     -0.00334029	      2.70649254	      0.00808735
      2.31800000	      7.90173825	    327.66975227	     25.56780426	     -2.31687440	      0.01017415	      2.32049914	      0.00327800	     -1.67184066	      0.00418063	      2.95169618	    357.60060928	    -28.74603043	     -2.31597666	      0.01047863	      2.68329709	     -0.00332985	      2.69803038	      0.00806207
      2.31900000	      7.88409883	    326.54126244	     25.44767404	     -2.31696888	      0.01017402	      2.32052223	      0.00328458	     -1.67519454	      0.00418902	      2.90731490	    356.57471357	    -28.64825504	     -2.31611065	      0.01047860	      2.68325407	     -0.00331951	      2.68965457	      0.00803704
      2.32000000	      7.86798357	    325.41997633	     25.32883350	     -2.31706256	      0.01017390	      2.32054495	      0.00329150	     -1.67872291	      0.00419784	      2.86571772	    355.56137239	    -28.55054510	     -2.31624384	      0.01047856	      2.68321219	     -0.00330926	      2.68134852	      0.00801222
      2.32100000	      7.85307995	    324.30642038	     25.21160868	     -2.31715479	      0.01017377	      2.32056715	      0.00329869	     -1.68238996	      0.00420701	      2.82695462	    354.56085417	    -28.45317945	     -2.31637566	      0.01047852	      2.68317159	     -0.00329908	      2.67309712	      0.00798756
      2.32200000	      7.83903934	    323.20114691	     25.09632881	     -2.31724490	      0.01017365	      2.32058865	      0.00330608	     -1.68616014	      0.00421644	      2.79103666	    353.57349645	    -28.35645754	     -2.31650554	      0.01047847	      2.68313239	     -0.00328894	      2.66488668	      0.00796303
      2.32300000	      7.82547930	    322.10473243	     24.98332498	     -2.31733218	      0.01017353	      2.32060930	      0.00331360	     -1.68999841	      0.00422604	      2.75793362	    352.59970546	    -28.26069613	     -2.31663287	      0.01047843	      2.68309473	     -0.00327885	      2.65670489	      0.00793858
      2.32400000	      7.81198627	    321.01777440	     24.87292849	     -2.31741592	      0.01017341	      2.32062894	      0.00332120	     -1.69387039	      0.00423572	      2.72757197	    351.63995286	    -28.16622555	     -2.31675704	      0.01047838	      2.68305873	     -0.00326877	      2.64854070	      0.00791418
      2.32500000	      7.79811833	    319.94088647	     24.76546895	     -2.31749536	      0.01017330	      2.32064741	      0.00332879	     -1.69774260	      0.00424540	      2.69983325	    350.69476974	    -28.07338583	     -2.31687740	      0.01047834	      2.68302452	     -0.00325870	      2.64038424	      0.00788981
      2.32600000	      7.78340822	    318.87469217	     24.66127202	     -2.31756976	      0.01017320	      2.32066454	      0.00333632	     -1.70158257	      0.00425501	      2.67455287	    349.76473815	    -27.98252260	     -2.31699328	      0.01047829	      2.68299223	     -0.00324864	      2.63222674	      0.00786544
      2.32700000	      7.76736644	    317.81981722	     24.56065692	     -2.31763835	      0.01017310	      2.32068019	      0.00334372	     -1.70535903	      0.00426445	      2.65151936	    348.85048034	    -27.89398307	     -2.31710402	      0.01047824	      2.68296199	     -0.00323856	      2.62406033	      0.00784103
      2.32800000	      7.74948441	    316.77688061	     24.46393365	     -2.31770034	      0.01017302	      2.32069420	      0.00335094	     -1.70904205	      0.00427366	      2.63047400	    347.95264592	    -27.80811195	     -2.31720891	      0.01047820	      2.68293392	     -0.00322846	      2.61587803	      0.00781658
      2.32900000	      7.72923773	    315.74648456	     24.37139997	     -2.31775496	      0.01017294	      2.32070643	      0.00335793	     -1.71260324	      0.00428257	      2.61111092	    347.07189754	    -27.72524761	     -2.31730728	      0.01047815	      2.68290813	     -0.00321833	      2.60767360	      0.00779207
      2.33000000	      7.70608935	    314.72920369	     24.28333835	     -2.31780143	      0.01017288	      2.32071675	      0.00336462	     -1.71601582	      0.00429110	      2.59307760	    346.20889508	    -27.64571839	     -2.31739843	      0.01047811	      2.68288476	     -0.00320817	      2.59944149	      0.00776747
      2.33100000	      7.67949286	    313.72557359	     24.20001265	     -2.31783898	      0.01017282	      2.32072502	      0.00337097	     -1.71925481	      0.00429920	      2.57597588	    345.36427907	    -27.56983918	     -2.31748166	      0.01047807	      2.68286390	     -0.00319797	      2.59117681	      0.00774277
      2.33200000	      7.64889565	    312.73607907	     24.12166489	     -2.31786684	      0.01017278	      2.32073112	      0.00337693	     -1.72229715	      0.00430681	      2.55936331	    344.53865353	    -27.49790824	     -2.31755629	      0.01047803	      2.68284567	     -0.00318773	      2.58287534	      0.00771797
      2.33300000	      7.61374205	    311.76114227	     24.04851202	     -2.31788426	      0.01017276	      2.32073494	      0.00338247	     -1.72512180	      0.00431387	      2.54275509	    343.73256867	    -27.43020443	     -2.31762165	      0.01047800	      2.68283018	     -0.00317743	      2.57453354	      0.00769304
      2.33400000	      7.57347642	    310.80111099	     23.98074285	     -2.31789051	      0.01017275	      2.32073638	      0.00338755	     -1.72770988	      0.00432034	      2.52562637	    342.94650394	    -27.36698472	     -2.31767707	      0.01047797	      2.68281752	     -0.00316708	      2.56614866	      0.00766799
      2.33500000	      7.52754616	    309.85624746	     23.91851516	     -2.31788489	      0.01017276	      2.32073535	      0.00339212	     -1.73004474	      0.00432618	      2.50741509	    342.18085172	    -27.30848213	     -2.31772193	      0.01047794	      2.68280779	     -0.00315668	      2.55771877	      0.00764280
      2.33600000	      7.47540462	    308.92671772	     23.86195308	     -2.31786674	      0.01017279	      2.32073178	      0.00339618	     -1.73211214	      0.00433135	      2.48752522	    341.43590205	    -27.25490392	     -2.31775562	      0.01047792	      2.68280107	     -0.00314622	      2.54924293	      0.00761747
      2.33700000	      7.41651400	    308.01258205	     23.81114486	     -2.31783541	      0.01017283	      2.32072560	      0.00339968	     -1.73390026	      0.00433582	      2.46533053	    340.71182878	    -27.20643034	     -2.31777755	      0.01047790	      2.68279744	     -0.00313570	      2.54072133	      0.00759201
      2.33800000	      7.35034808	    307.11378654	     23.76614099	     -2.31779032	      0.01017290	      2.32071676	      0.00340262	     -1.73539988	      0.00433957	      2.44017872	    340.00867745	    -27.16321353	     -2.31778719	      0.01047789	      2.68279698	     -0.00312513	      2.53215534	      0.00756641
      2.33900000	      7.27639504	    306.23015610	     23.72695281	     -2.31773094	      0.01017299	      2.32070522	      0.00340499	     -1.73660442	      0.00434258	      2.41139604	    339.32635512	    -27.12537688	     -2.31778404	      0.01047789	      2.68279975	     -0.00311451	      2.52354775	      0.00754069
      2.34000000	      7.19416013	    305.36138902	     23.69355160	     -2.31765676	      0.01017310	      2.32069096	      0.00340676	     -1.73751001	      0.00434485	      2.37829225	    338.66462246	    -27.09301463	     -2.31776765	      0.01047789	      2.68280580	     -0.00310384	      2.51490280	      0.00751486
      2.34100000	      7.10316845	    304.50705331	     23.66586815	     -2.31756738	      0.01017323	      2.32067397	      0.00340795	     -1.73811557	      0.00434636	      2.34016603	    338.02308812	    -27.06619178	     -2.31773763	      0.01047790	      2.68281517	     -0.00309313	      2.50622635	      0.00748893
      2.34200000	      7.00296772	    303.66658485	     23.64379291	     -2.31746241	      0.01017338	      2.32065427	      0.00340855	     -1.73842283	      0.00434713	      2.29631073	    337.40120560	    -27.04494421	     -2.31769363	      0.01047792	      2.68282791	     -0.00308239	      2.49752592	      0.00746293
      2.34300000	      6.89313122	    302.83928744	     23.62717654	     -2.31734157	      0.01017357	      2.32063186	      0.00340858	     -1.73843628	      0.00434716	      2.24602053	    336.79827253	    -27.02927902	     -2.31763538	      0.01047794	      2.68284403	     -0.00307163	      2.48881073	      0.00743689
      2.34400000	      6.77326074	    302.02433468	     23.61583101	     -2.31720464	      0.01017377	      2.32060678	      0.00340804	     -1.73816312	      0.00434648	      2.18859692	    336.21343237	    -27.01917502	     -2.31756265	      0.01047797	      2.68286354	     -0.00306087	      2.48009171	      0.00741084
      2.34500000	      6.64298980	    301.22077372	     23.60953108	     -2.31705146	      0.01017400	      2.32057909	      0.00340696	     -1.73761314	      0.00434511	      2.12335559	    335.64567832	    -27.01458329	     -2.31747531	      0.01047801	      2.68288645	     -0.00305012	      2.47138142	      0.00738481
      2.34600000	      6.50198697	    300.42753086	     23.60801621	     -2.31688198	      0.01017426	      2.32054885	      0.00340537	     -1.73679853	      0.00434307	      2.04963370	    335.09385933	    -27.01542789	     -2.31737327	      0.01047806	      2.68291274	     -0.00303940	      2.46269398	      0.00735885
      2.34700000	      6.34995946	    299.64341875	     23.61099284	     -2.31669620	      0.01017454	      2.32051612	      0.00340328	     -1.73573365	      0.00434041	      1.96679738	    334.55668783	    -27.02160651	     -2.31725654	      0.01047811	      2.68294238	     -0.00302873	      2.45404492	      0.00733301
      2.34800000	      6.18665691	    298.86714525	     23.61813701	     -2.31649423	      0.01017485	      2.32048100	      0.00340073	     -1.73443481	      0.00433716	      1.87424965	    334.03274915	    -27.03299122	     -2.31712517	      0.01047818	      2.68297535	     -0.00301812	      2.44545101	      0.00730733
      2.34900000	      6.01187536	    298.09732383	     23.62909727	     -2.31627625	      0.01017518	      2.32044358	      0.00339776	     -1.73291990	      0.00433337	      1.77143851	    333.52051202	    -27.04942918	     -2.31697931	      0.01047825	      2.68301160	     -0.00300760	      2.43693008	      0.00728186
      2.35000000	      5.82546146	    297.33248517	     23.64349783	     -2.31604255	      0.01017554	      2.32040399	      0.00339441	     -1.73120815	      0.00432909	      1.65786530	    333.01834019	    -27.07074343	     -2.31681919	      0.01047833	      2.68305105	     -0.00299720	      2.42850079	      0.00725668
      2.35100000	      5.62731676	    296.57109011	     23.66094198	     -2.31579348	      0.01017593	      2.32036232	      0.00339070	     -1.72931970	      0.00432437	      1.53309305	    332.52450469	    -27.09673361	     -2.31664509	      0.01047842	      2.68309364	     -0.00298694	      2.42018243	      0.00723182
      2.35200000	      5.41740208	    295.81154350	     23.68101566	     -2.31552950	      0.01017634	      2.32031872	      0.00338669	     -1.72727532	      0.00431925	      1.39675493	    332.03719649	    -27.12717685	     -2.31645739	      0.01047851	      2.68313928	     -0.00297683	      2.41199471	      0.00720735
      2.35300000	      5.19574191	    295.05220904	     23.70329125	     -2.31525116	      0.01017677	      2.32027331	      0.00338242	     -1.72509598	      0.00431380	      1.24856245	    331.55453944	    -27.16182856	     -2.31625652	      0.01047861	      2.68318788	     -0.00296691	      2.40395755	      0.00718334
      2.35400000	      4.96242873	    294.29142470	     23.72733138	     -2.31495909	      0.01017722	      2.32022625	      0.00337792	     -1.72280248	      0.00430807	      1.08831344	    331.07460318	    -27.20042346	     -2.31604301	      0.01047872	      2.68323932	     -0.00295720	      2.39609096	      0.00715983
      2.35500000	      4.71762709	    293.52751881	     23.75269292	     -2.31465400	      0.01017770	      2.32017766	      0.00337324	     -1.72041503	      0.00430210	      0.91589943	    330.59541593	    -27.24267661	     -2.31581743	      0.01047884	      2.68329348	     -0.00294773	      2.38841485	      0.00713689
      2.35600000	      4.46157755	    292.75882644	     23.77893095	     -2.31433670	      0.01017820	      2.32012772	      0.00336842	     -1.71795289	      0.00429594	      0.73131249	    330.11497706	    -27.28828466	     -2.31558042	      0.01047896	      2.68335023	     -0.00293851	      2.38094893	      0.00711459
      2.35700000	      4.19460017	    291.98370611	     23.80560280	     -2.31400808	      0.01017871	      2.32007657	      0.00336348	     -1.71543391	      0.00428964	      0.53465115	    329.63126932	    -27.33692723	     -2.31533271	      0.01047909	      2.68340943	     -0.00292958	      2.37371266	      0.00709296
      2.35800000	      3.91709758	    291.20055663	     23.83227208	     -2.31366908	      0.01017925	      2.32002436	      0.00335846	     -1.71287423	      0.00428324	      0.32612530	    329.14227094	    -27.38826858	     -2.31507505	      0.01047923	      2.68347094	     -0.00292096	      2.36672512	      0.00707208
      2.35900000	      3.62955741	    290.40783400	     23.85851265	     -2.31332074	      0.01017980	      2.31997124	      0.00335339	     -1.71028786	      0.00427678	      0.10605988	    328.64596730	    -27.44195949	     -2.31480826	      0.01047937	      2.68353459	     -0.00291267	      2.36000503	      0.00705200
      2.36000000	      3.33255414	    289.60406830	     23.88391261	     -2.31296415	      0.01018036	      2.31991737	      0.00334829	     -1.70768642	      0.00427027	     -0.12510294	    328.14036257	    -27.49763944	     -2.31453322	      0.01047951	      2.68360023	     -0.00290472	      2.35357066	      0.00703278
      2.36100000	      3.02675002	    288.78788048	     23.90807816	     -2.31260046	      0.01018094	      2.31986290	      0.00334317	     -1.70507893	      0.00426375	     -0.36680305	    327.62349109	    -27.55493911	     -2.31425084	      0.01047966	      2.68366769	     -0.00289716	      2.34743980	      0.00701446
      2.36200000	      2.71289514	    287.95799887	     23.93063738	     -2.31223089	      0.01018153	      2.31980796	      0.00333806	     -1.70247156	      0.00425723	     -0.61836350	    327.09342874	    -27.61348326	     -2.31396206	      0.01047981	      2.68373681	     -0.00288999	      2.34162970	      0.00699709
      2.36300000	      2.39182649	    287.11327536	     23.95124389	     -2.31185666	      0.01018212	      2.31975270	      0.00333296	     -1.69986762	      0.00425072	     -0.87899339	    326.54830432	    -27.67289383	     -2.31366787	      0.01047996	      2.68380742	     -0.00288323	      2.33615699	      0.00698074
      2.36400000	      2.06446583	    286.25270107	     23.96958021	     -2.31147906	      0.01018272	      2.31969723	      0.00332786	     -1.69726746	      0.00424422	     -1.14779267	    325.98631102	    -27.73279339	     -2.31336926	      0.01048011	      2.68387935	     -0.00287691	      2.33103760	      0.00696544
      2.36500000	      1.73181645	    285.37542132	     23.98536103	     -2.31109940	      0.01018333	      2.31964170	      0.00332276	     -1.69466861	      0.00423772	     -1.42375881	    325.40571793	    -27.79280883	     -2.31306726	      0.01048027	      2.68395245	     -0.00287105	      2.32628657	      0.00695125
      2.36600000	      1.39495863	    284.48074974	     23.99833606	     -2.31071899	      0.01018394	      2.31958619	      0.00331766	     -1.69206584	      0.00423121	     -1.70579545	    324.80488178	    -27.85257523	     -2.31276288	      0.01048042	      2.68402655	     -0.00286566	      2.32191796	      0.00693819
      2.36700000	      1.05504377	    283.56818134	     24.00829256	     -2.31033915	      0.01018454	      2.31953083	      0.00331253	     -1.68945134	      0.00422467	     -1.99272280	    324.18225873	    -27.91173994	     -2.31245716	      0.01048057	      2.68410150	     -0.00286076	      2.31794467	      0.00692632
      2.36800000	      0.71328730	    282.63740426	     24.01505751	     -2.30996119	      0.01018515	      2.31947570	      0.00330736	     -1.68681499	      0.00421808	     -2.28328985	    323.53641626	    -27.96996665	     -2.31215112	      0.01048072	      2.68417715	     -0.00285635	      2.31437819	      0.00691566
      2.36900000	      0.37096022	    281.68831010	     24.01849923	     -2.30958643	      0.01018574	      2.31942089	      0.00330213	     -1.68414464	      0.00421140	     -2.57618802	    322.86604511	    -28.02693945	     -2.31184574	      0.01048087	      2.68425338	     -0.00285247	      2.31122845	      0.00690625
      2.37000000	      0.02937943	    280.72100246	     24.01852864	     -2.30921613	      0.01018633	      2.31936647	      0.00329680	     -1.68142643	      0.00420460	     -2.87006623	    322.16997117	    -28.08236681	     -2.31154201	      0.01048102	      2.68433006	     -0.00284910	      2.30850357	      0.00689811
      2.37100000	     -0.31010314	    279.73580355	     24.01509978	     -2.30885152	      0.01018691	      2.31931251	      0.00329134	     -1.67864518	      0.00419765	     -3.16354698	    321.44716724	    -28.13598527	     -2.31124088	      0.01048116	      2.68440706	     -0.00284627	      2.30620963	      0.00689125
      2.37200000	     -0.64611242	    278.73325861	     24.00820991	     -2.30849381	      0.01018748	      2.31925905	      0.00328574	     -1.67578482	      0.00419050	     -3.45524319	    320.69676448	    -28.18756284	     -2.31094324	      0.01048130	      2.68448430	     -0.00284398	      2.30435049	      0.00688570
      2.37300000	     -0.97726304	    277.71413796	     23.99789886	     -2.30814413	      0.01018803	      2.31920616	      0.00327994	     -1.67282880	      0.00418310	     -3.74377555	    319.91806350	    -28.23690202	     -2.31064996	      0.01048143	      2.68456167	     -0.00284222	      2.30292758	      0.00688145
      2.37400000	     -1.30217295	    276.67943637	     23.98424788	     -2.30780355	      0.01018857	      2.31915387	      0.00327392	     -1.66976057	      0.00417543	     -4.02778991	    319.11054472	    -28.28384223	     -2.31036184	      0.01048155	      2.68463910	     -0.00284100	      2.30193966	      0.00687850
      2.37500000	     -1.61947756	    275.63036972	     23.96737776	     -2.30747307	      0.01018909	      2.31910221	      0.00326766	     -1.66656404	      0.00416744	     -4.30597455	    318.27387801	    -28.32826179	     -2.31007964	      0.01048167	      2.68471654	     -0.00284032	      2.30138272	      0.00687683
      2.37600000	     -1.92784420	    274.56836878	     23.94744647	     -2.30715364	      0.01018959	      2.31905121	      0.00326111	     -1.66322398	      0.00415909	     -4.57707690	    317.40793120	    -28.37007928	     -2.30980403	      0.01048178	      2.68479391	     -0.00284015	      2.30124975	      0.00687643
      2.37700000	     -2.22598668	    273.49507002	     23.92464617	     -2.30684608	      0.01019007	      2.31900088	      0.00325425	     -1.65972653	      0.00415034	     -4.83991941	    316.51277735	    -28.40925428	     -2.30953564	      0.01048188	      2.68487120	     -0.00284050	      2.30153068	      0.00687727
      2.37800000	     -2.51267968	    272.41230338	     23.89919970	     -2.30655117	      0.01019052	      2.31895125	      0.00324706	     -1.65605953	      0.00414117	     -5.09341436	    315.58870044	    -28.44578756	     -2.30927501	      0.01048197	      2.68494837	     -0.00284134	      2.30221224	      0.00687931
      2.37900000	     -2.78677270	    271.32207725	     23.87135668	     -2.30626956	      0.01019095	      2.31890232	      0.00323952	     -1.65221294	      0.00413155	     -5.33657723	    314.63619947	    -28.47972059	     -2.30902262	      0.01048205	      2.68502540	     -0.00284265	      2.30327792	      0.00688249
      2.38000000	     -3.04720335	    270.22656052	     23.84138916	     -2.30600182	      0.01019135	      2.31885410	      0.00323161	     -1.64817913	      0.00412147	     -5.56853850	    313.65599061	    -28.51113456	     -2.30877886	      0.01048212	      2.68510230	     -0.00284442	      2.30470793	      0.00688677
      2.38100000	     -3.29300974	    269.12806205	     23.80958712	     -2.30574842	      0.01019173	      2.31880659	      0.00322332	     -1.64395318	      0.00411090	     -5.78855360	    312.64900739	    -28.54014883	     -2.30854408	      0.01048218	      2.68517906	     -0.00284661	      2.30647928	      0.00689206
      2.38200000	     -3.52334157	    268.02900772	     23.77625377	     -2.30550975	      0.01019208	      2.31875978	      0.00321466	     -1.63953309	      0.00409984	     -5.99601091	    311.61639890	    -28.56691880	     -2.30831851	      0.01048223	      2.68525570	     -0.00284918	      2.30856582	      0.00689830
      2.38300000	     -3.73747002	    266.93191534	     23.74170076	     -2.30528607	      0.01019241	      2.31871369	      0.00320561	     -1.63491996	      0.00408831	     -6.19043760	    310.55952572	    -28.59163345	     -2.30810233	      0.01048227	      2.68533222	     -0.00285211	      2.31093841	      0.00690538
      2.38400000	     -3.93479597	    265.83936787	     23.70624353	     -2.30507756	      0.01019270	      2.31866830	      0.00319620	     -1.63011808	      0.00407630	     -6.37150342	    309.47995381	    -28.61451230	     -2.30789566	      0.01048230	      2.68540866	     -0.00285535	      2.31356517	      0.00691323
      2.38500000	     -4.11485650	    264.75398501	     23.67019665	     -2.30488431	      0.01019297	      2.31862361	      0.00318643	     -1.62513501	      0.00406384	     -6.53902212	    308.37944622	    -28.63580209	     -2.30769853	      0.01048231	      2.68548504	     -0.00285886	      2.31641171	      0.00692174
      2.38600000	     -4.27732967	    263.67839396	     23.63386945	     -2.30470630	      0.01019321	      2.31857961	      0.00317632	     -1.61998157	      0.00405095	     -6.69295090	    307.25995258	    -28.65577316	     -2.30751092	      0.01048232	      2.68556137	     -0.00286260	      2.31944151	      0.00693079
      2.38700000	     -4.42203729	    262.61519943	     23.59756176	     -2.30454344	      0.01019342	      2.31853629	      0.00316591	     -1.61467176	      0.00403768	     -6.83338754	    306.12359666	    -28.67471553	     -2.30733275	      0.01048231	      2.68563768	     -0.00286652	      2.32261628	      0.00694028
      2.38800000	     -4.54894592	    261.56695359	     23.56156011	     -2.30439553	      0.01019360	      2.31849365	      0.00315523	     -1.60922265	      0.00402405	     -6.96056566	    304.97266185	    -28.69293480	     -2.30716388	      0.01048229	      2.68571400	     -0.00287057	      2.32589633	      0.00695008
      2.38900000	     -4.65816588	    260.53612629	     23.52613412	     -2.30426231	      0.01019376	      2.31845167	      0.00314431	     -1.60365427	      0.00401013	     -7.07484793	    303.80957484	    -28.71074795	     -2.30700412	      0.01048226	      2.68579032	     -0.00287470	      2.32924110	      0.00696008
      2.39000000	     -4.74994848	    259.52507623	     23.49153331	     -2.30414344	      0.01019389	      2.31841034	      0.00313320	     -1.59798934	      0.00399596	     -7.17671766	    302.63688773	    -28.72847913	     -2.30685324	      0.01048221	      2.68586667	     -0.00287885	      2.33260953	      0.00697014
      2.39100000	     -4.82468144	    258.53602345	     23.45798436	     -2.30403850	      0.01019399	      2.31836967	      0.00312195	     -1.59225305	      0.00398162	     -7.26676871	    301.45725863	    -28.74645543	     -2.30671098	      0.01048216	      2.68594305	     -0.00288299	      2.33596060	      0.00698015
      2.39200000	     -4.88288270	    257.57102368	     23.42568869	     -2.30394702	      0.01019407	      2.31832963	      0.00311062	     -1.58647282	      0.00396716	     -7.34569404	    300.27343122	    -28.76500282	     -2.30657705	      0.01048210	      2.68601944	     -0.00288705	      2.33925379	      0.00698999
      2.39300000	     -4.92519262	    256.63194501	     23.39482057	     -2.30386847	      0.01019413	      2.31829022	      0.00309926	     -1.58067793	      0.00395267	     -7.41427313	    299.08821337	    -28.78444222	     -2.30645111	      0.01048203	      2.68609583	     -0.00289100	      2.34244958	      0.00699954
      2.39400000	     -4.95236480	    255.72044726	     23.36552554	     -2.30380227	      0.01019416	      2.31825143	      0.00308793	     -1.57489921	      0.00393822	     -7.47335842	    297.90445517	    -28.80508575	     -2.30633284	      0.01048194	      2.68617220	     -0.00289478	      2.34550999	      0.00700869
      2.39500000	     -4.96525559	    254.83796449	     23.33791945	     -2.30374780	      0.01019417	      2.31821325	      0.00307669	     -1.56916870	      0.00392389	     -7.52386102	    296.72502672	    -28.82723326	     -2.30622188	      0.01048185	      2.68624850	     -0.00289834	      2.34839901	      0.00701732
      2.39600000	     -4.96481260	    253.98569075	     23.31208783	     -2.30370439	      0.01019416	      2.31817568	      0.00306562	     -1.56351924	      0.00390976	     -7.56673604	    295.55279569	    -28.85116913	     -2.30611788	      0.01048175	      2.68632469	     -0.00290165	      2.35108309	      0.00702534
      2.39700000	     -4.95206215	    253.16456948	     23.28808583	     -2.30367136	      0.01019413	      2.31813871	      0.00305476	     -1.55798414	      0.00389592	     -7.60296761	    294.39060520	    -28.87715921	     -2.30602049	      0.01048165	      2.68640071	     -0.00290468	      2.35353158	      0.00703266
      2.39800000	     -4.92809620	    252.37528653	     23.26593872	     -2.30364799	      0.01019409	      2.31810233	      0.00304420	     -1.55259683	      0.00388245	     -7.63355388	    293.24125194	    -28.90544820	     -2.30592935	      0.01048153	      2.68647649	     -0.00290737	      2.35571711	      0.00703919
      2.39900000	     -4.89405860	    251.61826695	     23.24564277	     -2.30363357	      0.01019403	      2.31806653	      0.00303399	     -1.54739050	      0.00386943	     -7.65949232	    292.10746505	    -28.93625710	     -2.30584413	      0.01048141	      2.68655194	     -0.00290972	      2.35761590	      0.00704486
      2.40000000	     -4.85113126	    250.89367545	     23.22716678	     -2.30362735	      0.01019395	      2.31803132	      0.00302420	     -1.54239784	      0.00385695	     -7.68176543	    290.99188563	    -28.96978103	     -2.30576451	      0.01048129	      2.68662698	     -0.00291168	      2.35920805	      0.00704962
      2.40100000	     -4.80052009	    250.20142056	     23.21045407	     -2.30362861	      0.01019386	      2.31799667	      0.00301489	     -1.53765078	      0.00384508	     -7.70132710	    289.89704742	    -29.00618721	     -2.30569019	      0.01048116	      2.68670150	     -0.00291325	      2.36047769	      0.00705341
      2.40200000	     -4.74344121	    249.54116219	     23.19542483	     -2.30363662	      0.01019376	      2.31796257	      0.00300613	     -1.53318026	      0.00383390	     -7.71908998	    288.82535844	    -29.04561316	     -2.30562089	      0.01048102	      2.68677540	     -0.00291440	      2.36141307	      0.00705621
      2.40300000	     -4.68110743	    248.91232256	     23.18197895	     -2.30365064	      0.01019365	      2.31792903	      0.00299796	     -1.52901604	      0.00382348	     -7.73591365	    287.77908402	    -29.08816526	     -2.30555635	      0.01048088	      2.68684857	     -0.00291514	      2.36200656	      0.00705798
      2.40400000	     -4.61471525	    248.31410002	     23.16999912	     -2.30366999	      0.01019353	      2.31789602	      0.00299046	     -1.52518662	      0.00381391	     -7.75259418	    286.76033118	    -29.13391737	     -2.30549637	      0.01048074	      2.68692087	     -0.00291544	      2.36225461	      0.00705872
      2.40500000	     -4.54543258	    247.74548563	     23.15935429	     -2.30369397	      0.01019340	      2.31786353	      0.00298366	     -1.52171910	      0.00380524	     -7.76985477	    285.77103445	    -29.18290982	     -2.30544075	      0.01048059	      2.68699220	     -0.00291532	      2.36215758	      0.00705843
      2.40600000	     -4.47438716	    247.20528204	     23.14990324	     -2.30372194	      0.01019327	      2.31783156	      0.00297762	     -1.51863912	      0.00379754	     -7.78833781	    284.81294323	    -29.23514861	     -2.30538932	      0.01048045	      2.68706242	     -0.00291478	      2.36171956	      0.00705713
      2.40700000	     -4.40265599	    246.69212417	     23.14149836	     -2.30375325	      0.01019313	      2.31780008	      0.00297239	     -1.51597082	      0.00379086	     -7.80859829	    283.88761074	    -29.29060493	     -2.30534197	      0.01048030	      2.68713140	     -0.00291383	      2.36094810	      0.00705482
      2.40800000	     -4.33125573	    246.20450142	     23.13398947	     -2.30378732	      0.01019298	      2.31776908	      0.00296801	     -1.51373682	      0.00378528	     -7.83109865	    282.99638452	    -29.34921489	     -2.30529859	      0.01048015	      2.68719902	     -0.00291248	      2.35985396	      0.00705155
      2.40900000	     -4.26113422	    245.74078067	     23.12722762	     -2.30382359	      0.01019284	      2.31773855	      0.00296452	     -1.51195812	      0.00378083	     -7.85620499	    282.14039853	    -29.41087964	     -2.30525912	      0.01048000	      2.68726514	     -0.00291075	      2.35845073	      0.00704736
      2.41000000	     -4.19316306	    245.29922975	     23.12106877	     -2.30386152	      0.01019269	      2.31770847	      0.00296196	     -1.51065415	      0.00377757	     -7.88418490	    281.32056680	    -29.47546570	     -2.30522353	      0.01047985	      2.68732966	     -0.00290865	      2.35675453	      0.00704229
      2.41100000	     -4.12813148	    244.87804079	     23.11537728	     -2.30390064	      0.01019254	      2.31767882	      0.00296037	     -1.50984260	      0.00377554	     -7.91520652	    280.53757866	    -29.54280570	     -2.30519182	      0.01047971	      2.68739244	     -0.00290622	      2.35478357	      0.00703640
      2.41200000	     -4.06674134	    244.47535297	     23.11002915	     -2.30394050	      0.01019238	      2.31764959	      0.00295978	     -1.50953943	      0.00377478	     -7.94933920	    279.79189543	    -29.61269934	     -2.30516400	      0.01047956	      2.68745338	     -0.00290347	      2.35255784	      0.00702975
      2.41300000	     -4.00960326	    244.08927435	     23.10491491	     -2.30398069	      0.01019223	      2.31762076	      0.00296021	     -1.50975879	      0.00377533	     -7.98655538	    279.08374865	    -29.68491469	     -2.30514012	      0.01047941	      2.68751238	     -0.00290044	      2.35009866	      0.00702240
      2.41400000	     -3.95723395	    243.71790209	     23.09994209	     -2.30402085	      0.01019208	      2.31759232	      0.00296168	     -1.51051284	      0.00377721	     -8.02673384	    278.41313965	    -29.75918982	     -2.30512024	      0.01047927	      2.68756934	     -0.00289714	      2.34742833	      0.00701442
      2.41500000	     -3.91005460	    243.35934101	     23.09503726	     -2.30406065	      0.01019193	      2.31756425	      0.00296423	     -1.51181176	      0.00378046	     -8.06966409	    277.77984052	    -29.83523467	     -2.30510443	      0.01047912	      2.68762416	     -0.00289362	      2.34456977	      0.00700588
      2.41600000	     -3.86839033	    243.01171991	     23.09014750	     -2.30409981	      0.01019179	      2.31753653	      0.00296786	     -1.51366353	      0.00378509	     -8.11505188	    277.18339642	    -29.91273326	     -2.30509279	      0.01047898	      2.68767679	     -0.00288988	      2.34154616	      0.00699684
      2.41700000	     -3.83247059	    242.67320556	     23.08524132	     -2.30413807	      0.01019165	      2.31750916	      0.00297259	     -1.51607384	      0.00379112	     -8.16252568	    276.62312912	    -29.99134610	     -2.30508542	      0.01047884	      2.68772714	     -0.00288598	      2.33838059	      0.00698739
      2.41800000	     -3.80243055	    242.34201416	     23.08030908	     -2.30417521	      0.01019150	      2.31748211	      0.00297842	     -1.51904598	      0.00379855	     -8.21164393	    276.09814178	    -30.07071295	     -2.30508243	      0.01047870	      2.68777518	     -0.00288192	      2.33509579	      0.00697757
      2.41900000	     -3.77831328	    242.01642008	     23.07536275	     -2.30421107	      0.01019137	      2.31745537	      0.00298535	     -1.52258063	      0.00380739	     -8.26190305	    275.60732482	    -30.15045575	     -2.30508391	      0.01047856	      2.68782086	     -0.00287775	      2.33171380	      0.00696746
      2.42000000	     -3.76007283	    241.69476207	     23.07043517	     -2.30424550	      0.01019123	      2.31742892	      0.00299338	     -1.52667577	      0.00381763	     -8.31274587	    275.14936301	    -30.23018183	     -2.30508996	      0.01047842	      2.68786415	     -0.00287348	      2.32825570	      0.00695713
      2.42100000	     -3.74757802	    241.37544683	     23.06557888	     -2.30427838	      0.01019110	      2.31740273	      0.00300249	     -1.53132649	      0.00382926	     -8.36357056	    274.72274351	    -30.30948727	     -2.30510067	      0.01047829	      2.68790506	     -0.00286914	      2.32474138	      0.00694663
      2.42200000	     -3.74061700	    241.05695029	     23.06086442	     -2.30430964	      0.01019098	      2.31737679	      0.00301269	     -1.53652493	      0.00384226	     -8.41373964	    274.32576495	    -30.38796047	     -2.30511613	      0.01047815	      2.68794358	     -0.00286476	      2.32118928	      0.00693602
      2.42300000	     -3.73890234	    240.73781665	     23.05637828	     -2.30433922	      0.01019086	      2.31735106	      0.00302393	     -1.54226013	      0.00385660	     -8.46258910	    273.95654751	    -30.46518584	     -2.30513640	      0.01047802	      2.68797972	     -0.00286035	      2.31761620	      0.00692534
      2.42400000	     -3.74207682	    240.41665564	     23.05222054	     -2.30436710	      0.01019074	      2.31732552	      0.00303620	     -1.54851797	      0.00387225	     -8.50943752	    273.61304389	    -30.54074754	     -2.30516152	      0.01047789	      2.68801354	     -0.00285593	      2.31403708	      0.00691464
      2.42500000	     -3.74971966	    240.09213822	     23.04850220	     -2.30439329	      0.01019062	      2.31730014	      0.00304946	     -1.55528112	      0.00388916	     -8.55359487	    273.29305132	    -30.61423323	     -2.30519150	      0.01047776	      2.68804507	     -0.00285152	      2.31046488	      0.00690397
      2.42600000	     -3.76135321	    239.76299104	     23.04534227	     -2.30441782	      0.01019051	      2.31727487	      0.00306367	     -1.56252907	      0.00390729	     -8.59437123	    272.99422435	    -30.68523776	     -2.30522636	      0.01047763	      2.68807437	     -0.00284714	      2.30691047	      0.00689335
      2.42700000	     -3.77645014	    239.42799027	     23.04286468	     -2.30444074	      0.01019040	      2.31724970	      0.00307879	     -1.57023813	      0.00392656	     -8.63108493	    272.71408860	    -30.75336673	     -2.30526605	      0.01047750	      2.68810154	     -0.00284278	      2.30338256	      0.00688281
      2.42800000	     -3.79444084	    239.08595493	     23.04119510	     -2.30446214	      0.01019030	      2.31722456	      0.00309476	     -1.57838154	      0.00394693	     -8.66307050	    272.45005533	    -30.81823989	     -2.30531053	      0.01047737	      2.68812666	     -0.00283847	      2.29988763	      0.00687236
      2.42900000	     -3.81472134	    238.73574045	     23.04045767	     -2.30448210	      0.01019020	      2.31719943	      0.00311152	     -1.58692958	      0.00396830	     -8.68968591	    272.19943688	    -30.87949435	     -2.30535970	      0.01047724	      2.68814983	     -0.00283420	      2.29643006	      0.00686203
      2.43000000	     -3.83666131	    238.37623259	     23.04077175	     -2.30450073	      0.01019010	      2.31717426	      0.00312901	     -1.59584973	      0.00399061	     -8.71031954	    271.95946272	    -30.93678761	     -2.30541346	      0.01047711	      2.68817118	     -0.00282998	      2.29301208	      0.00685182
      2.43100000	     -3.85961244	    238.00634230	     23.04224875	     -2.30451816	      0.01019000	      2.31714901	      0.00314716	     -1.60510686	      0.00401376	     -8.72439638	    271.72729635	    -30.98980026	     -2.30547165	      0.01047698	      2.68819084	     -0.00282582	      2.28963398	      0.00684172
      2.43200000	     -3.88291690	    237.62500180	     23.04498921	     -2.30453454	      0.01018990	      2.31712363	      0.00316589	     -1.61466350	      0.00403766	     -8.73138389	    271.50005274	    -31.03823846	     -2.30553410	      0.01047684	      2.68820894	     -0.00282169	      2.28629422	      0.00683174
      2.43300000	     -3.90591590	    237.23116216	     23.04908006	     -2.30454998	      0.01018981	      2.31709808	      0.00318514	     -1.62448010	      0.00406220	     -8.73079713	    271.27481631	    -31.08183611	     -2.30560062	      0.01047671	      2.68822563	     -0.00281761	      2.28298957	      0.00682187
      2.43400000	     -3.92795836	    236.82379266	     23.05459230	     -2.30456465	      0.01018972	      2.31707232	      0.00320482	     -1.63451539	      0.00408730	     -8.72220336	    271.04865943	    -31.12035663	     -2.30567095	      0.01047658	      2.68824108	     -0.00281357	      2.27971537	      0.00681209
      2.43500000	     -3.94840941	    236.40188206	     23.06157904	     -2.30457868	      0.01018962	      2.31704631	      0.00322484	     -1.64472672	      0.00411283	     -8.70522608	    270.81866131	    -31.15359457	     -2.30574486	      0.01047644	      2.68825544	     -0.00280956	      2.27646566	      0.00680238
      2.43600000	     -3.96665887	    235.96444199	     23.07007401	     -2.30459222	      0.01018953	      2.31702001	      0.00324512	     -1.65507045	      0.00413870	     -8.67954837	    270.58192709	    -31.18137676	     -2.30582204	      0.01047631	      2.68826890	     -0.00280557	      2.27323340	      0.00679272
      2.43700000	     -3.98212936	    235.51051233	     23.08009044	     -2.30460540	      0.01018944	      2.31699339	      0.00326557	     -1.66550236	      0.00416478	     -8.64491563	    270.33560725	    -31.20356319	     -2.30590219	      0.01047617	      2.68828162	     -0.00280160	      2.27001061	      0.00678309
      2.43800000	     -3.99428417	    235.03916879	     23.09162057	     -2.30461834	      0.01018935	      2.31696642	      0.00328611	     -1.67597802	      0.00419098	     -8.60113773	    270.07691695	    -31.22004758	     -2.30598497	      0.01047603	      2.68829379	     -0.00279762	      2.26678854	      0.00677346
      2.43900000	     -4.00263461	    234.54953233	     23.10463543	     -2.30463115	      0.01018925	      2.31693906	      0.00330665	     -1.68645319	      0.00421717	     -8.54809050	    269.80315529	    -31.23075756	     -2.30607001	      0.01047589	      2.68830559	     -0.00279363	      2.26355783	      0.00676381
      2.44000000	     -4.00674685	    234.04078044	     23.11908517	     -2.30464392	      0.01018916	      2.31691130	      0.00332711	     -1.69688420	      0.00424326	     -8.48571667	    269.51172439	    -31.23565451	     -2.30615694	      0.01047575	      2.68831720	     -0.00278962	      2.26030859	      0.00675410
      2.44100000	     -4.00624813	    233.51215999	     23.13489980	     -2.30465672	      0.01018906	      2.31688311	      0.00334739	     -1.70722825	      0.00426912	     -8.41402620	    269.20014791	    -31.23473304	     -2.30624536	      0.01047561	      2.68832882	     -0.00278558	      2.25703051	      0.00674430
      2.44200000	     -4.00083228	    232.96300138	     23.15199030	     -2.30466960	      0.01018897	      2.31685448	      0.00336742	     -1.71744377	      0.00429467	     -8.33309611	    268.86608900	    -31.22802020	     -2.30633483	      0.01047546	      2.68834063	     -0.00278148	      2.25371299	      0.00673439
      2.44300000	     -3.99026433	    232.39273359	     23.17025009	     -2.30468258	      0.01018887	      2.31682538	      0.00338712	     -1.72749065	      0.00431979	     -8.24306975	    268.50736753	    -31.21557431	     -2.30642492	      0.01047531	      2.68835281	     -0.00277733	      2.25034512	      0.00672432
      2.44400000	     -3.97438438	    231.80089984	     23.18955683	     -2.30469566	      0.01018877	      2.31679580	      0.00340641	     -1.73733052	      0.00434440	     -8.14415559	    268.12197631	    -31.19748365	     -2.30651519	      0.01047517	      2.68836555	     -0.00277309	      2.24691583	      0.00671408
      2.44500000	     -3.95311031	    231.18717337	     23.20977446	     -2.30470882	      0.01018867	      2.31676572	      0.00342523	     -1.74692688	      0.00436840	     -8.03662563	    267.70809628	    -31.17386478	     -2.30660517	      0.01047501	      2.68837902	     -0.00276877	      2.24341387	      0.00670361
      2.44600000	     -3.92643963	    230.55137291	     23.23075540	     -2.30472199	      0.01018856	      2.31673514	      0.00344350	     -1.75624535	      0.00439170	     -7.92081327	    267.26411048	    -31.14486083	     -2.30669440	      0.01047486	      2.68839339	     -0.00276435	      2.23982785	      0.00669290
      2.44700000	     -3.89445005	    229.89347740	     23.25234293	     -2.30473510	      0.01018846	      2.31670404	      0.00346116	     -1.76525371	      0.00441422	     -7.79711095	    266.78861667	    -31.11063947	     -2.30678239	      0.01047471	      2.68840883	     -0.00275980	      2.23614626	      0.00668190
      2.44800000	     -3.85729903	    229.21363951	     23.27437360	     -2.30474803	      0.01018836	      2.31667240	      0.00347815	     -1.77392200	      0.00443590	     -7.66596729	    266.28043838	    -31.07139095	     -2.30686866	      0.01047455	      2.68842550	     -0.00275513	      2.23235748	      0.00667057
      2.44900000	     -3.81522207	    228.51219754	     23.29667965	     -2.30476065	      0.01018825	      2.31664022	      0.00349443	     -1.78222260	      0.00445666	     -7.52788403	    265.73863449	    -31.02732584	     -2.30695275	      0.01047439	      2.68844355	     -0.00275030	      2.22844980	      0.00665890
      2.45000000	     -3.76852989	    227.78968533	     23.31909142	     -2.30477279	      0.01018815	      2.31660749	      0.00350993	     -1.79013020	      0.00447643	     -7.38341261	    265.16250702	    -30.97867288	     -2.30703417	      0.01047423	      2.68846312	     -0.00274532	      2.22441135	      0.00664683
      2.45100000	     -3.71760445	    227.04683983	     23.34143965	     -2.30478429	      0.01018804	      2.31657419	      0.00352462	     -1.79762183	      0.00449516	     -7.23315047	    264.55160710	    -30.92567678	     -2.30711246	      0.01047407	      2.68848433	     -0.00274016	      2.22023021	      0.00663434
      2.45200000	     -3.66289391	    226.28460599	     23.36355773	     -2.30479492	      0.01018793	      2.31654031	      0.00353846	     -1.80467683	      0.00451281	     -7.07773719	    263.90573914	    -30.86859602	     -2.30718715	      0.01047391	      2.68850732	     -0.00273481	      2.21589429	      0.00662138
      2.45300000	     -3.60490654	    225.50413890	     23.38528368	     -2.30480448	      0.01018783	      2.31650585	      0.00355140	     -1.81127679	      0.00452931	     -6.91785028	    263.22496311	    -30.80770081	     -2.30725782	      0.01047375	      2.68853218	     -0.00272925	      2.21139139	      0.00660793
      2.45400000	     -3.54420372	    224.70680281	     23.40646201	     -2.30481274	      0.01018773	      2.31647080	      0.00356341	     -1.81740558	      0.00454464	     -6.75420081	    262.50959488	    -30.74327108	     -2.30732402	      0.01047359	      2.68855901	     -0.00272347	      2.20670918	      0.00659393
      2.45500000	     -3.48139212	    223.89416710	     23.42694532	     -2.30481945	      0.01018762	      2.31643516	      0.00357448	     -1.82304922	      0.00455875	     -6.58752882	    261.76020468	    -30.67559462	     -2.30738535	      0.01047343	      2.68858790	     -0.00271746	      2.20183516	      0.00657937
      2.45600000	     -3.41711503	    223.06799926	     23.44659555	     -2.30482437	      0.01018752	      2.31639893	      0.00358457	     -1.82819588	      0.00457162	     -6.41859839	    260.97761363	    -30.60496542	     -2.30744144	      0.01047326	      2.68861892	     -0.00271119	      2.19675672	      0.00656419
      2.45700000	     -3.35204317	    222.23025480	     23.46528505	     -2.30482724	      0.01018743	      2.31636211	      0.00359367	     -1.83283577	      0.00458322	     -6.24819256	    260.16288839	    -30.53168207	     -2.30749192	      0.01047310	      2.68865213	     -0.00270465	      2.19146115	      0.00654837
      2.45800000	     -3.28686492	    221.38306436	     23.48289720	     -2.30482781	      0.01018733	      2.31632472	      0.00360176	     -1.83696107	      0.00459354	     -6.07710800	    259.31733401	    -30.45604634	     -2.30753648	      0.01047294	      2.68868757	     -0.00269783	      2.18593570	      0.00653186
      2.45900000	     -3.22227621	    220.52871822	     23.49932682	     -2.30482584	      0.01018724	      2.31628677	      0.00360882	     -1.84056580	      0.00460255	     -5.90614950	    258.44248498	    -30.37836194	     -2.30757481	      0.01047278	      2.68872528	     -0.00269071	      2.18016764	      0.00651462
      2.46000000	     -3.15897016	    219.66964849	     23.51448025	     -2.30482109	      0.01018715	      2.31624829	      0.00361486	     -1.84364566	      0.00461025	     -5.73612432	    257.54009465	    -30.29893333	     -2.30760666	      0.01047262	      2.68876528	     -0.00268328	      2.17414439	      0.00649663
      2.46100000	     -3.09762668	    218.80840923	     23.52827520	     -2.30481333	      0.01018707	      2.31620930	      0.00361987	     -1.84619789	      0.00461663	     -5.56783650	    256.61212302	    -30.21806464	     -2.30763182	      0.01047247	      2.68880758	     -0.00267552	      2.16785363	      0.00647783
      2.46200000	     -3.03890215	    217.94765504	     23.54064031	     -2.30480237	      0.01018699	      2.31616984	      0.00362383	     -1.84822109	      0.00462169	     -5.40208107	    255.66072307	    -30.13605871	     -2.30765008	      0.01047231	      2.68885216	     -0.00266741	      2.16128347	      0.00645820
      2.46300000	     -2.98341936	    217.09011838	     23.55151466	     -2.30478802	      0.01018692	      2.31612995	      0.00362676	     -1.84971501	      0.00462543	     -5.23963835	    254.68822578	    -30.05321616	     -2.30766131	      0.01047216	      2.68889901	     -0.00265894	      2.15442259	      0.00643770
      2.46400000	     -2.93175792	    216.23858620	     23.56084703	     -2.30477010	      0.01018686	      2.31608969	      0.00362866	     -1.85068037	      0.00462784	     -5.08126824	    253.69712388	    -29.96983443	     -2.30766539	      0.01047200	      2.68894809	     -0.00265010	      2.14726052	      0.00641629
      2.46500000	     -2.88444532	    215.39587621	     23.56859515	     -2.30474849	      0.01018680	      2.31604909	      0.00362952	     -1.85111861	      0.00462894	     -4.92770460	    252.69005450	    -29.88620690	     -2.30766225	      0.01047186	      2.68899937	     -0.00264088	      2.13978780	      0.00639396
      2.46600000	     -2.84194875	    214.56481335	     23.57472490	     -2.30472307	      0.01018675	      2.31600823	      0.00362935	     -1.85103174	      0.00462872	     -4.77964970	    251.66978094	    -29.80262192	     -2.30765187	      0.01047171	      2.68905277	     -0.00263126	      2.13199623	      0.00637068
      2.46700000	     -2.80466804	    213.74820666	     23.57920957	     -2.30469376	      0.01018670	      2.31596717	      0.00362815	     -1.85042206	      0.00462720	     -4.63776888	    250.63917378	    -29.71936181	     -2.30763425	      0.01047156	      2.68910824	     -0.00262124	      2.12387912	      0.00634643
      2.46800000	     -2.77292960	    212.94882718	     23.58202925	     -2.30466051	      0.01018666	      2.31592597	      0.00362593	     -1.84929202	      0.00462437	     -4.50268540	    249.60119132	    -29.63670178	     -2.30760942	      0.01047142	      2.68916568	     -0.00261082	      2.11543149	      0.00632118
      2.46900000	     -2.74698191	    212.16938710	     23.58317033	     -2.30462328	      0.01018663	      2.31588472	      0.00362270	     -1.84764399	      0.00462025	     -4.37497549	    248.55885973	    -29.55490880	     -2.30757748	      0.01047129	      2.68922502	     -0.00259998	      2.10665030	      0.00629495
      2.47000000	     -2.72699225	    211.41252052	     23.58262537	     -2.30458209	      0.01018661	      2.31584348	      0.00361846	     -1.84548015	      0.00461484	     -4.25516396	    247.51525301	    -29.47424032	     -2.30753851	      0.01047115	      2.68928614	     -0.00258873	      2.09753460	      0.00626771
      2.47100000	     -2.71304517	    210.68076611	     23.58039304	     -2.30453697	      0.01018660	      2.31580234	      0.00361321	     -1.84280227	      0.00460814	     -4.14372014	    246.47347284	    -29.39494299	     -2.30749267	      0.01047102	      2.68934893	     -0.00257707	      2.08808565	      0.00623947
      2.47200000	     -2.70514248	    209.97655200	     23.57647847	     -2.30448799	      0.01018659	      2.31576138	      0.00360695	     -1.83961168	      0.00460016	     -4.04105451	    245.43662872	    -29.31725128	     -2.30744011	      0.01047089	      2.68941326	     -0.00256500	      2.07830706	      0.00621025
      2.47300000	     -2.70320497	    209.30218286	     23.57089384	     -2.30443523	      0.01018659	      2.31572067	      0.00359969	     -1.83590913	      0.00459091	     -3.94751605	    244.40781825	    -29.24138604	     -2.30738102	      0.01047077	      2.68947902	     -0.00255253	      2.06820474	      0.00618006
      2.47400000	     -2.70707575	    208.65982959	     23.56365923	     -2.30437881	      0.01018660	      2.31568031	      0.00359143	     -1.83169476	      0.00458037	     -3.86339028	    243.39010799	    -29.16755304	     -2.30731561	      0.01047065	      2.68954606	     -0.00253967	      2.05778696	      0.00614894
      2.47500000	     -2.71652523	    208.05152143	     23.55480373	     -2.30431887	      0.01018662	      2.31564037	      0.00358216	     -1.82696806	      0.00456855	     -3.78889831	    242.38651482	    -29.09594158	     -2.30724410	      0.01047053	      2.68961423	     -0.00252644	      2.04706423	      0.00611689
      2.47600000	     -2.73125769	    207.47914073	     23.54436683	     -2.30425556	      0.01018664	      2.31560094	      0.00357189	     -1.82172791	      0.00455544	     -3.72419662	    241.39998790	    -29.02672307	     -2.30716671	      0.01047042	      2.68968338	     -0.00251285	      2.03604919	      0.00608398
      2.47700000	     -2.75091922	    206.94442008	     23.53239989	     -2.30418905	      0.01018668	      2.31556209	      0.00356060	     -1.81597260	      0.00454105	     -3.66937790	    240.43339145	    -28.96004971	     -2.30708367	      0.01047032	      2.68975336	     -0.00249891	      2.02475644	      0.00605024
      2.47800000	     -2.77510697	    206.44894196	     23.51896782	     -2.30411952	      0.01018672	      2.31552391	      0.00354831	     -1.80969996	      0.00452537	     -3.62447266	    239.48948824	    -28.89605326	     -2.30699524	      0.01047021	      2.68982401	     -0.00248465	      2.01320233	      0.00601571
      2.47900000	     -2.80337950	    205.99414051	     23.50415078	     -2.30404718	      0.01018677	      2.31548645	      0.00353499	     -1.80290746	      0.00450838	     -3.58945164	    238.57092390	    -28.83484383	     -2.30690163	      0.01047012	      2.68989515	     -0.00247009	      2.00140471	      0.00598046
      2.48000000	     -2.83526806	    205.58130534	     23.48804581	     -2.30397222	      0.01018682	      2.31544980	      0.00352064	     -1.79559240	      0.00449009	     -3.56422907	    237.68021216	    -28.77650886	     -2.30680307	      0.01047003	      2.68996663	     -0.00245525	      1.98938264	      0.00594453
      2.48100000	     -2.87028848	    205.21158705	     23.47076834	     -2.30389484	      0.01018688	      2.31541401	      0.00350527	     -1.78775209	      0.00447048	     -3.54866641	    236.81972088	    -28.72111209	     -2.30669978	      0.01046994	      2.69003829	     -0.00244016	      1.97715612	      0.00590800
      2.48200000	     -2.90795350	    204.88600423	     23.45245358	     -2.30381525	      0.01018695	      2.31537914	      0.00348886	     -1.77938402	      0.00444956	     -3.54257671	    235.99165892	    -28.66869274	     -2.30659196	      0.01046986	      2.69010995	     -0.00242485	      1.96474577	      0.00587092
      2.48300000	     -2.94778526	    204.60545149	     23.43325748	     -2.30373365	      0.01018703	      2.31534524	      0.00347142	     -1.77048617	      0.00442731	     -3.54572929	    235.19806395	    -28.61926467	     -2.30647978	      0.01046978	      2.69018146	     -0.00240933	      1.95217255	      0.00583335
      2.48400000	     -2.98932760	    204.37070826	     23.41335742	     -2.30365021	      0.01018711	      2.31531235	      0.00345293	     -1.76105714	      0.00440373	     -3.55785462	    234.44079098	    -28.57281576	     -2.30636342	      0.01046971	      2.69025267	     -0.00239364	      1.93945744	      0.00579535
      2.48500000	     -3.03215794	    204.18244781	     23.39295246	     -2.30356512	      0.01018720	      2.31528053	      0.00343340	     -1.75109644	      0.00437882	     -3.57864940	    233.72150181	    -28.52930737	     -2.30624301	      0.01046965	      2.69032341	     -0.00237779	      1.92662121	      0.00575699
      2.48600000	     -3.07589840	    204.04124616	     23.37226305	     -2.30347854	      0.01018729	      2.31524978	      0.00341283	     -1.74060472	      0.00435259	     -3.60778150	    233.04165525	    -28.48867394	     -2.30611867	      0.01046959	      2.69039355	     -0.00236183	      1.91368418	      0.00571834
      2.48700000	     -3.12022586	    203.94759042	     23.35153013	     -2.30339062	      0.01018739	      2.31522014	      0.00339122	     -1.72958393	      0.00432503	     -3.64489474	    232.40249834	    -28.45082277	     -2.30599051	      0.01046955	      2.69046295	     -0.00234576	      1.90066599	      0.00567944
      2.48800000	     -3.16488073	    203.90188619	     23.33101365	     -2.30330148	      0.01018749	      2.31519163	      0.00336858	     -1.71803755	      0.00429615	     -3.68961337	    231.80505828	    -28.41563396	     -2.30585858	      0.01046950	      2.69053147	     -0.00232962	      1.88758548	      0.00564035
      2.48900000	     -3.20967415	    203.90446367	     23.31099037	     -2.30321124	      0.01018760	      2.31516426	      0.00334492	     -1.70597075	      0.00426598	     -3.74154611	    231.25013546	    -28.38296055	     -2.30572296	      0.01046947	      2.69059900	     -0.00231342	      1.87446056	      0.00560113
      2.49000000	     -3.25449342	    203.95558214	     23.29175100	     -2.30311999	      0.01018771	      2.31513802	      0.00332026	     -1.69339055	      0.00423452	     -3.80028970	    230.73829741	    -28.35262883	     -2.30558366	      0.01046944	      2.69066541	     -0.00229718	      1.86130813	      0.00556183
      2.49100000	     -3.29930551	    204.05543275	     23.27359667	     -2.30302780	      0.01018783	      2.31511293	      0.00329460	     -1.68030589	      0.00420180	     -3.86543181	    230.26987387	    -28.32443889	     -2.30544071	      0.01046942	      2.69073062	     -0.00228094	      1.84814404	      0.00552249
      2.49200000	     -3.34415846	    204.20413929	     23.25683474	     -2.30293471	      0.01018795	      2.31508897	      0.00326798	     -1.66672780	      0.00416785	     -3.93655327	    229.84495295	    -28.29816538	     -2.30529411	      0.01046941	      2.69079451	     -0.00226470	      1.83498314	      0.00548317
      2.49300000	     -3.38918075	    204.40175695	     23.24177405	     -2.30284075	      0.01018808	      2.31506613	      0.00324041	     -1.65266936	      0.00413269	     -4.01322969	    229.46337858	    -28.27355844	     -2.30514386	      0.01046941	      2.69085700	     -0.00224847	      1.82183930	      0.00544389
      2.49400000	     -3.43457840	    204.64826908	     23.22871972	     -2.30274594	      0.01018821	      2.31504441	      0.00321194	     -1.63814584	      0.00409638	     -4.09503225	    229.12474930	    -28.25034484	     -2.30498993	      0.01046942	      2.69091801	     -0.00223229	      1.80872553	      0.00540471
      2.49500000	     -3.48063020	    204.94358209	     23.21796751	     -2.30265026	      0.01018835	      2.31502378	      0.00318258	     -1.62317472	      0.00405894	     -4.18152783	    228.82841839	    -28.22822941	     -2.30483232	      0.01046944	      2.69097748	     -0.00221616	      1.79565408	      0.00536565
      2.49600000	     -3.52768081	    205.28751845	     23.20979803	     -2.30255369	      0.01018849	      2.31500423	      0.00315239	     -1.60777566	      0.00402043	     -4.27227853	    228.57349568	    -28.20689657	     -2.30467100	      0.01046946	      2.69103533	     -0.00220009	      1.78263655	      0.00532675
      2.49700000	     -3.57613217	    205.67980824	     23.20447073	     -2.30245618	      0.01018863	      2.31498573	      0.00312140	     -1.59197060	      0.00398091	     -4.36684046	    228.35885092	    -28.18601212	     -2.30450597	      0.01046950	      2.69109152	     -0.00218410	      1.76968406	      0.00528805
      2.49800000	     -3.62643329	    206.12007939	     23.20221801	     -2.30235770	      0.01018878	      2.31496828	      0.00308966	     -1.57578371	      0.00394043	     -4.46476211	    228.18311901	    -28.16522528	     -2.30433723	      0.01046954	      2.69114600	     -0.00216821	      1.75680736	      0.00524957
      2.49900000	     -3.67906863	    206.60784698	     23.20323941	     -2.30225818	      0.01018894	      2.31495184	      0.00305723	     -1.55924139	      0.00389907	     -4.56558228	    228.04470713	    -28.14417089	     -2.30416480	      0.01046960	      2.69119873	     -0.00215243	      1.74401695	      0.00521135
      2.50000000	     -3.73454541	    207.14250200	     23.20769629	     -2.30215757	      0.01018910	      2.31493640	      0.00302415	     -1.54237228	      0.00385688	     -4.66882771	    227.94180383	    -28.12247178	     -2.30398871	      0.01046967	      2.69124967	     -0.00213676	      1.73132323	      0.00517342
      2.50100000	     -3.79338007	    207.72330005	     23.21570684	     -2.30205578	      0.01018926	      2.31492195	      0.00299050	     -1.52520717	      0.00381396	     -4.77401062	    227.87239018	    -28.09974142	     -2.30380903	      0.01046974	      2.69129879	     -0.00212123	      1.71873661	      0.00513581
      2.50200000	     -3.85608425	    208.34935047	     23.22734196	     -2.30195277	      0.01018943	      2.31490846	      0.00295632	     -1.50777894	      0.00377038	     -4.88062622	    227.83425309	    -28.07558665	     -2.30362583	      0.01046982	      2.69134609	     -0.00210584	      1.70626761	      0.00509855
      2.50300000	     -3.92315063	    209.01960633	     23.24262173	     -2.30184846	      0.01018960	      2.31489593	      0.00292170	     -1.49012249	      0.00372623	     -4.98815051	    227.82500071	    -28.04961063	     -2.30343923	      0.01046992	      2.69139153	     -0.00209061	      1.69392689	      0.00506167
      2.50400000	     -3.99503891	    209.73285590	     23.26151300	     -2.30174280	      0.01018978	      2.31488435	      0.00288671	     -1.47227461	      0.00368160	     -5.09603836	    227.84207997	    -28.02141588	     -2.30324936	      0.01047002	      2.69143512	     -0.00207555	      1.68172532	      0.00502521
      2.50500000	     -4.07216233	    210.48771599	     23.28392785	     -2.30163573	      0.01018996	      2.31487371	      0.00285142	     -1.45427383	      0.00363658	     -5.20372219	    227.88279616	    -27.99060755	     -2.30305640	      0.01047014	      2.69147686	     -0.00206067	      1.66967398	      0.00498920
      2.50600000	     -4.15487509	    211.28262765	     23.30972321	     -2.30152721	      0.01019015	      2.31486401	      0.00281590	     -1.43616024	      0.00359129	     -5.31061119	    227.94433442	    -27.95679676	     -2.30286055	      0.01047026	      2.69151673	     -0.00204600	      1.65778407	      0.00495367
      2.50700000	     -4.24346089	    212.11585452	     23.33870168	     -2.30141720	      0.01019034	      2.31485525	      0.00278024	     -1.41797532	      0.00354581	     -5.41609149	    228.02378307	    -27.91960410	     -2.30266204	      0.01047039	      2.69155477	     -0.00203154	      1.64606684	      0.00491866
      2.50800000	     -4.33812296	    212.98548419	     23.37061339	     -2.30130566	      0.01019054	      2.31484744	      0.00274453	     -1.39976168	      0.00350027	     -5.51952708	    228.11815849	    -27.87866325	     -2.30246114	      0.01047053	      2.69159096	     -0.00201730	      1.63453349	      0.00488420
      2.50900000	     -4.43897577	    213.88943287	     23.40515917	     -2.30119259	      0.01019075	      2.31484059	      0.00270885	     -1.38156280	      0.00345476	     -5.62026177	    228.22443134	    -27.83362458	     -2.30225812	      0.01047068	      2.69162535	     -0.00200331	      1.62319498	      0.00485032
      2.51000000	     -4.54603860	    214.82545320	     23.44199479	     -2.30107796	      0.01019096	      2.31483469	      0.00267328	     -1.36342280	      0.00340940	     -5.71762207	    228.33955387	    -27.78415885	     -2.30205331	      0.01047083	      2.69165794	     -0.00198957	      1.61206190	      0.00481705
      2.51100000	     -4.65923115	    215.79114553	     23.48073619	     -2.30096176	      0.01019117	      2.31482976	      0.00263792	     -1.34538607	      0.00336430	     -5.81092109	    228.46048802	    -27.72996084	     -2.30184705	      0.01047100	      2.69168876	     -0.00197610	      1.60114426	      0.00478443
      2.51200000	     -4.77837125	    216.78397241	     23.52096579	     -2.30084401	      0.01019139	      2.31482580	      0.00260284	     -1.32749702	      0.00331956	     -5.89946339	    228.58423390	    -27.67075286	     -2.30163970	      0.01047117	      2.69171786	     -0.00196290	      1.59045137	      0.00475248
      2.51300000	     -4.90317473	    217.80127609	     23.56223943	     -2.30072471	      0.01019162	      2.31482283	      0.00256814	     -1.30979965	      0.00327531	     -5.98255060	    228.70785821	    -27.60628816	     -2.30143164	      0.01047134	      2.69174527	     -0.00194999	      1.57999163	      0.00472122
      2.51400000	     -5.03325747	    218.84029895	     23.60409409	     -2.30060387	      0.01019185	      2.31482085	      0.00253390	     -1.29233726	      0.00323164	     -6.05948789	    228.82852251	    -27.53635400	     -2.30122325	      0.01047152	      2.69177102	     -0.00193738	      1.56977237	      0.00469068
      2.51500000	     -5.16813952	    219.89820632	     23.64605593	     -2.30048152	      0.01019209	      2.31481985	      0.00250021	     -1.27515202	      0.00318867	     -6.12959099	    228.94351053	    -27.46077452	     -2.30101495	      0.01047171	      2.69179517	     -0.00192507	      1.55979974	      0.00466088
      2.51600000	     -5.30725122	    220.97211143	     23.68764867	     -2.30035768	      0.01019233	      2.31481983	      0.00246714	     -1.25828466	      0.00314649	     -6.19219364	    229.05025449	    -27.37941311	     -2.30080715	      0.01047189	      2.69181776	     -0.00191307	      1.55007859	      0.00463184
      2.51700000	     -5.44994123	    222.05910190	     23.72840199	     -2.30023236	      0.01019258	      2.31482079	      0.00243476	     -1.24177408	      0.00310520	     -6.24665535	    229.14635989	    -27.29217443	     -2.30060026	      0.01047209	      2.69183885	     -0.00190139	      1.54061234	      0.00460355
      2.51800000	     -5.59548619	    223.15626731	     23.76785972	     -2.30010561	      0.01019283	      2.31482268	      0.00240316	     -1.22565700	      0.00306490	     -6.29236917	    229.22962842	    -27.19900588	     -2.30039471	      0.01047228	      2.69185849	     -0.00189002	      1.53140300	      0.00457603
      2.51900000	     -5.74310180	    224.26072737	     23.80558772	     -2.29997746	      0.01019309	      2.31482550	      0.00237240	     -1.20996768	      0.00302567	     -6.32876948	    229.29807853	    -27.09989850	     -2.30019092	      0.01047248	      2.69187675	     -0.00187898	      1.52245109	      0.00454928
      2.52000000	     -5.89195513	    225.36966002	     23.84118115	     -2.29984792	      0.01019336	      2.31482920	      0.00234254	     -1.19473757	      0.00298758	     -6.35533931	    229.34996357	    -26.99488735	     -2.29998931	      0.01047268	      2.69189366	     -0.00186824	      1.51375576	      0.00452330
      2.52100000	     -6.04117783	    226.48032894	     23.87427111	     -2.29971704	      0.01019362	      2.31483372	      0.00231363	     -1.17999508	      0.00295072	     -6.37161731	    229.38378697	    -26.88405119	     -2.29979028	      0.01047288	      2.69190930	     -0.00185783	      1.50531483	      0.00449808
      2.52200000	     -6.18987992	    227.59011001	     23.90453035	     -2.29958486	      0.01019390	      2.31483902	      0.00228573	     -1.16576531	      0.00291513	     -6.37720407	    229.39831435	    -26.76751165	     -2.29959424	      0.01047307	      2.69192372	     -0.00184772	      1.49712494	      0.00447360
      2.52300000	     -6.33716373	    228.69651608	     23.93167805	     -2.29945140	      0.01019417	      2.31484502	      0.00225888	     -1.15206990	      0.00288089	     -6.37176757	    229.39258238	    -26.64543179	     -2.29940158	      0.01047327	      2.69193695	     -0.00183791	      1.48918176	      0.00444987
      2.52400000	     -6.48213784	    229.79721960	     23.95548359	     -2.29931672	      0.01019445	      2.31485165	      0.00223311	     -1.13892684	      0.00284802	     -6.35504787	    229.36590414	    -26.51801403	     -2.29921267	      0.01047347	      2.69194905	     -0.00182841	      1.48148019	      0.00442686
      2.52500000	     -6.62393053	    230.89007265	     23.97576919	     -2.29918085	      0.01019474	      2.31485880	      0.00220845	     -1.12635037	      0.00281657	     -6.32686061	    229.31787106	    -26.38549767	     -2.29902789	      0.01047366	      2.69196006	     -0.00181920	      1.47401466	      0.00440455
      2.52600000	     -6.76170241	    231.97312397	     23.99241153	     -2.29904386	      0.01019502	      2.31486637	      0.00218492	     -1.11435101	      0.00278657	     -6.28709955	    229.24835119	    -26.24815580	     -2.29884759	      0.01047386	      2.69197000	     -0.00181027	      1.46677937	      0.00438293
      2.52700000	     -6.89465811	    233.04463266	     24.00534221	     -2.29890580	      0.01019532	      2.31487427	      0.00216254	     -1.10293547	      0.00275802	     -6.23573794	    229.15748398	    -26.10629188	     -2.29867209	      0.01047405	      2.69197890	     -0.00180161	      1.45976867	      0.00436198
      2.52800000	     -7.02205659	    234.10307821	     24.01454725	     -2.29876674	      0.01019561	      2.31488237	      0.00214131	     -1.09210678	      0.00273094	     -6.17282866	    229.04567163	    -25.96023591	     -2.29850171	      0.01047423	      2.69198676	     -0.00179323	      1.45297728	      0.00434169
      2.52900000	     -7.14322002	    235.14716680	     24.02006550	     -2.29862677	      0.01019590	      2.31489054	      0.00212123	     -1.08186442	      0.00270533	     -6.09850334	    228.91356704	    -25.81034037	     -2.29833676	      0.01047442	      2.69199360	     -0.00178512	      1.44640064	      0.00432203
      2.53000000	     -7.25754106	    236.17583377	     24.02198627	     -2.29848599	      0.01019620	      2.31489865	      0.00210229	     -1.07220448	      0.00268117	     -6.01297024	    228.76205874	    -25.65697596	     -2.29817751	      0.01047460	      2.69199939	     -0.00177726	      1.44003515	      0.00430301
      2.53100000	     -7.36448839	    237.18824219	     24.02044605	     -2.29834452	      0.01019650	      2.31490657	      0.00208447	     -1.06311991	      0.00265846	     -5.91651118	    228.59225295	    -25.50052719	     -2.29802422	      0.01047477	      2.69200414	     -0.00176966	      1.43387840	      0.00428462
      2.53200000	     -7.46361057	    238.18377779	     24.01562459	     -2.29820248	      0.01019679	      2.31491416	      0.00206777	     -1.05460081	      0.00263715	     -5.80947752	    228.40545317	    -25.34138804	     -2.29787714	      0.01047494	      2.69200781	     -0.00176232	      1.42792937	      0.00426684
      2.53300000	     -7.55453815	    239.16204029	     24.00774039	     -2.29806004	      0.01019709	      2.31492127	      0.00205215	     -1.04663480	      0.00261723	     -5.69228533	    228.20313765	    -25.17995755	     -2.29773649	      0.01047511	      2.69201037	     -0.00175523	      1.42218852	      0.00424968
      2.53400000	     -7.63698404	    240.12283140	     23.99704571	     -2.29791735	      0.01019739	      2.31492778	      0.00203759	     -1.03920742	      0.00259866	     -5.56540988	    227.98693513	    -25.01663556	     -2.29760247	      0.01047527	      2.69201177	     -0.00174841	      1.41665797	      0.00423316
      2.53500000	     -7.71074240	    241.06613970	     23.98382131	     -2.29777462	      0.01019768	      2.31493355	      0.00202405	     -1.03230252	      0.00258139	     -5.42937969	    227.75859931	    -24.85181872	     -2.29747525	      0.01047543	      2.69201197	     -0.00174185	      1.41134141	      0.00421727
      2.53600000	     -7.77568605	    241.99212274	     23.96837086	     -2.29763206	      0.01019797	      2.31493844	      0.00201150	     -1.02590271	      0.00256539	     -5.28477017	    227.51998229	    -24.68589666	     -2.29735499	      0.01047558	      2.69201093	     -0.00173556	      1.40624418	      0.00420204
      2.53700000	     -7.83176267	    242.90108655	     23.95101535	     -2.29748990	      0.01019826	      2.31494233	      0.00199991	     -1.01998983	      0.00255060	     -5.13219705	    227.27300753	    -24.51924870	     -2.29724181	      0.01047572	      2.69200858	     -0.00172954	      1.40137310	      0.00418749
      2.53800000	     -7.87898993	    243.79346302	     23.93208737	     -2.29734840	      0.01019855	      2.31494511	      0.00198923	     -1.01454532	      0.00253699	     -4.97230985	    227.01964261	    -24.35224086	     -2.29713580	      0.01047587	      2.69200488	     -0.00172382	      1.39673638	      0.00417363
      2.53900000	     -7.91744991	    244.66978553	     23.91192555	     -2.29720782	      0.01019883	      2.31494667	      0.00197944	     -1.00955059	      0.00252450	     -4.80578538	    226.76187220	    -24.18522347	     -2.29703705	      0.01047600	      2.69199977	     -0.00171840	      1.39234340	      0.00416050
      2.54000000	     -7.94728286	    245.53066315	     23.89086908	     -2.29706848	      0.01019910	      2.31494692	      0.00197049	     -1.00498740	      0.00251309	     -4.63332145	    226.50167162	    -24.01852936	     -2.29694557	      0.01047614	      2.69199321	     -0.00171329	      1.38820452	      0.00414814
      2.54100000	     -7.96868076	    246.37675404	     23.86925251	     -2.29693066	      0.01019937	      2.31494577	      0.00196236	     -1.00083814	      0.00250271	     -4.45563089	    226.24098133	    -23.85247251	     -2.29686138	      0.01047626	      2.69198516	     -0.00170851	      1.38433076	      0.00413656
      2.54200000	     -7.98188073	    247.20873845	     23.84740081	     -2.29679469	      0.01019963	      2.31494317	      0.00195500	     -0.99708602	      0.00249333	     -4.27343595	    225.98168280	    -23.68734745	     -2.29678446	      0.01047639	      2.69197558	     -0.00170407	      1.38073350	      0.00412581
      2.54300000	     -7.98715863	    248.02729186	     23.82562482	     -2.29666091	      0.01019988	      2.31493906	      0.00194839	     -0.99371528	      0.00248490	     -4.08746303	    225.72557604	    -23.52342907	     -2.29671473	      0.01047651	      2.69196445	     -0.00169999	      1.37742416	      0.00411592
      2.54400000	     -7.98482292	    248.83305877	     23.80421705	     -2.29652963	      0.01020012	      2.31493341	      0.00194250	     -0.99071133	      0.00247739	     -3.89843795	    225.47435901	    -23.36097304	     -2.29665211	      0.01047662	      2.69195175	     -0.00169627	      1.37441382	      0.00410693
      2.54500000	     -7.97520907	    249.62662772	     23.78344805	     -2.29640122	      0.01020036	      2.31492621	      0.00193731	     -0.98806070	      0.00247076	     -3.70708153	    225.22960935	    -23.20021676	     -2.29659646	      0.01047673	      2.69193750	     -0.00169294	      1.37171281	      0.00409886
      2.54600000	     -7.95867447	    250.40850792	     23.76356326	     -2.29627599	      0.01020058	      2.31491745	      0.00193278	     -0.98575112	      0.00246499	     -3.51410570	    224.99276853	    -23.04138064	     -2.29654763	      0.01047684	      2.69192169	     -0.00169000	      1.36933036	      0.00409174
      2.54700000	     -7.93559409	    251.17910798	     23.74478045	     -2.29615428	      0.01020079	      2.31490717	      0.00192889	     -0.98377131	      0.00246004	     -3.32021004	    224.76512851	    -22.88466989	     -2.29650542	      0.01047694	      2.69190437	     -0.00168746	      1.36727418	      0.00408559
      2.54800000	     -7.90635675	    251.93871723	     23.72728770	     -2.29603642	      0.01020099	      2.31489539	      0.00192564	     -0.98211090	      0.00245588	     -3.12607870	    224.54782126	    -22.73027656	     -2.29646960	      0.01047704	      2.69188556	     -0.00168533	      1.36555011	      0.00408044
      2.54900000	     -7.87136226	    252.68748986	     23.71124209	     -2.29592269	      0.01020118	      2.31488218	      0.00192299	     -0.98076021	      0.00245251	     -2.93237777	    224.34181092	    -22.57838173	     -2.29643992	      0.01047714	      2.69186533	     -0.00168362	      1.36416178	      0.00407629
      2.55000000	     -7.83101917	    253.42543232	     23.69676895	     -2.29581338	      0.01020136	      2.31486761	      0.00192093	     -0.97970997	      0.00244988	     -2.73975301	    224.14788894	    -22.42915798	     -2.29641609	      0.01047724	      2.69184375	     -0.00168232	      1.36311033	      0.00407315
      2.55100000	     -7.78574325	    254.15239417	     23.68396169	     -2.29570876	      0.01020153	      2.31485178	      0.00191944	     -0.97895109	      0.00244798	     -2.54882787	    223.96667179	    -22.28277172	     -2.29639781	      0.01047733	      2.69182091	     -0.00168144	      1.36239414	      0.00407101
      2.55200000	     -7.73595651	    254.86806271	     23.67288223	     -2.29560905	      0.01020168	      2.31483479	      0.00191851	     -0.97847433	      0.00244679	     -2.36020189	    223.79860147	    -22.13938557	     -2.29638474	      0.01047741	      2.69179690	     -0.00168096	      1.36200869	      0.00406986
      2.55300000	     -7.68208682	    255.57196142	     23.66356194	     -2.29551446	      0.01020182	      2.31481676	      0.00191811	     -0.97827011	      0.00244628	     -2.17444922	    223.64394851	    -21.99916056	     -2.29637652	      0.01047750	      2.69177184	     -0.00168088	      1.36194639	      0.00406967
      2.55400000	     -7.62456777	    256.26345233	     23.65600308	     -2.29542515	      0.01020195	      2.31479784	      0.00191822	     -0.97832815	      0.00244642	     -1.99211742	    223.50281740	    -21.86225802	     -2.29637278	      0.01047758	      2.69174587	     -0.00168119	      1.36219656	      0.00407042
      2.55500000	     -7.56383895	    256.94174244	     23.65018060	     -2.29534125	      0.01020206	      2.31477816	      0.00191883	     -0.97863729	      0.00244720	     -1.81372630	    223.37515416	    -21.72884127	     -2.29637314	      0.01047766	      2.69171911	     -0.00168187	      1.36274544	      0.00407206
      2.55600000	     -7.50034618	    257.60589393	     23.64604428	     -2.29526284	      0.01020217	      2.31475788	      0.00191990	     -0.97918526	      0.00244857	     -1.63976683	    223.26075604	    -21.59907672	     -2.29637720	      0.01047774	      2.69169172	     -0.00168290	      1.36357627	      0.00407454
      2.55700000	     -7.43454176	    258.25483826	     23.64352120	     -2.29518998	      0.01020226	      2.31473715	      0.00192142	     -0.97995856	      0.00245050	     -1.47070009	    223.15928294	    -21.47313461	     -2.29638455	      0.01047781	      2.69166386	     -0.00168424	      1.36466945	      0.00407781
      2.55800000	     -7.36688450	    258.88739377	     23.64251836	     -2.29512267	      0.01020234	      2.31471615	      0.00192335	     -0.98094230	      0.00245296	     -1.30695621	    223.07027044	    -21.35118907	     -2.29639479	      0.01047788	      2.69163570	     -0.00168589	      1.36600276	      0.00408179
      2.55900000	     -7.29783937	    259.50228663	     23.64292542	     -2.29506088	      0.01020241	      2.31469503	      0.00192566	     -0.98212016	      0.00245591	     -1.14893320	    222.99314413	    -21.23341757	     -2.29640750	      0.01047795	      2.69160740	     -0.00168780	      1.36755167	      0.00408642
      2.56000000	     -7.22787664	    260.09817488	     23.64461765	     -2.29500454	      0.01020246	      2.31467396	      0.00192831	     -0.98347435	      0.00245929	     -0.99699580	    222.92723508	    -21.11999974	     -2.29642230	      0.01047802	      2.69157915	     -0.00168995	      1.36928965	      0.00409162
      2.56100000	     -7.15747042	    260.67367500	     23.64745882	     -2.29495352	      0.01020251	      2.31465310	      0.00193128	     -0.98498568	      0.00246307	     -0.85147416	    222.87179597	    -21.01111542	     -2.29643879	      0.01047808	      2.69155111	     -0.00169229	      1.37118859	      0.00409729
      2.56200000	     -7.08709642	    261.22739082	     23.65130419	     -2.29490768	      0.01020255	      2.31463260	      0.00193451	     -0.98663361	      0.00246719	     -0.71266245	    222.82601784	    -20.90694215	     -2.29645658	      0.01047814	      2.69152347	     -0.00169480	      1.37321921	      0.00410336
      2.56300000	     -7.01722895	    261.75794418	     23.65600344	     -2.29486682	      0.01020258	      2.31461261	      0.00193796	     -0.98839639	      0.00247160	     -0.58081734	    222.78904689	    -20.80765201	     -2.29647532	      0.01047820	      2.69149639	     -0.00169743	      1.37535150	      0.00410973
      2.56400000	     -6.94833716	    262.26400672	     23.66140355	     -2.29483072	      0.01020260	      2.31459325	      0.00194160	     -0.99025123	      0.00247624	     -0.45615636	    222.76000134	    -20.71340798	     -2.29649467	      0.01047826	      2.69147005	     -0.00170015	      1.37755518	      0.00411631
      2.56500000	     -6.88088045	    262.74433243	     23.66735157	     -2.29479913	      0.01020262	      2.31457467	      0.00194537	     -0.99217457	      0.00248105	     -0.33885619	    222.73798771	    -20.62435984	     -2.29651430	      0.01047831	      2.69144460	     -0.00170292	      1.37980020	      0.00412302
      2.56600000	     -6.81530310	    263.19779001	     23.67369734	     -2.29477177	      0.01020263	      2.31455696	      0.00194923	     -0.99414229	      0.00248597	     -0.22905080	    222.72211644	    -20.54063980	     -2.29653392	      0.01047836	      2.69142019	     -0.00170570	      1.38205718	      0.00412977
      2.56700000	     -6.75202843	    263.62339453	     23.68029594	     -2.29474834	      0.01020263	      2.31454022	      0.00195313	     -0.99613013	      0.00249094	     -0.12682959	    222.71151655	    -20.46235790	     -2.29655326	      0.01047840	      2.69139694	     -0.00170847	      1.38429787	      0.00413646
      2.56800000	     -6.69145239	    264.02033746	     23.68701007	     -2.29472854	      0.01020263	      2.31452454	      0.00195702	     -0.99811398	      0.00249590	     -0.03223555	    222.70534892	    -20.38959746	     -2.29657207	      0.01047844	      2.69137499	     -0.00171118	      1.38649558	      0.00414303
      2.56900000	     -6.63393696	    264.38801441	     23.69371215	     -2.29471203	      0.01020263	      2.31450996	      0.00196085	     -1.00007036	      0.00250079	      0.05473650	    222.70281812	    -20.32241048	     -2.29659015	      0.01047848	      2.69135443	     -0.00171381	      1.38862564	      0.00414939
      2.57000000	     -6.57980345	    264.72604960	     23.70028619	     -2.29469849	      0.01020262	      2.31449655	      0.00196459	     -1.00197679	      0.00250556	      0.13414152	    222.70318256	    -20.26081355	     -2.29660730	      0.01047852	      2.69133534	     -0.00171633	      1.39066577	      0.00415549
      2.57100000	     -6.52932611	    265.03431652	     23.70662937	     -2.29468757	      0.01020261	      2.31448432	      0.00196819	     -1.00381229	      0.00251015	      0.20608549	    222.70576277	    -20.20478408	     -2.29662339	      0.01047855	      2.69131779	     -0.00171871	      1.39259640	      0.00416126
      2.57200000	     -6.48272617	    265.31295375	     23.71265328	     -2.29467897	      0.01020260	      2.31447330	      0.00197161	     -1.00555774	      0.00251452	      0.27072624	    222.70994776	    -20.15425728	     -2.29663828	      0.01047858	      2.69130181	     -0.00172094	      1.39440101	      0.00416665
      2.57300000	     -6.44016664	    265.56237547	     23.71828493	     -2.29467235	      0.01020259	      2.31446346	      0.00197482	     -1.00719632	      0.00251861	      0.32827366	    222.71519952	    -20.10912398	     -2.29665190	      0.01047861	      2.69128741	     -0.00172299	      1.39606638	      0.00417163
      2.57400000	     -6.40174820	    265.78327592	     23.72346721	     -2.29466741	      0.01020258	      2.31445479	      0.00197780	     -1.00871392	      0.00252241	      0.37898912	    222.72105543	    -20.06922940	     -2.29666418	      0.01047863	      2.69127460	     -0.00172487	      1.39758271	      0.00417616
      2.57500000	     -6.36750637	    265.97662738	     23.72815918	     -2.29466387	      0.01020256	      2.31444725	      0.00198052	     -1.01009938	      0.00252587	      0.42318405	    222.72712886	    -20.03437319	     -2.29667509	      0.01047865	      2.69126333	     -0.00172655	      1.39894376	      0.00418023
      2.57600000	     -6.33741020	    266.14367103	     23.73233583	     -2.29466145	      0.01020255	      2.31444078	      0.00198296	     -1.01134484	      0.00252899	      0.46121741	    222.73310789	    -20.00431053	     -2.29668465	      0.01047867	      2.69125357	     -0.00172803	      1.40014686	      0.00418382
      2.57700000	     -6.31136273	    266.28590066	     23.73598749	     -2.29465992	      0.01020254	      2.31443532	      0.00198512	     -1.01244584	      0.00253174	      0.49349197	    222.73875238	    -19.97875471	     -2.29669287	      0.01047868	      2.69124524	     -0.00172932	      1.40119282	      0.00418695
      2.57800000	     -6.28920329	    266.40503878	     23.73911895	     -2.29465906	      0.01020253	      2.31443079	      0.00198699	     -1.01340142	      0.00253413	      0.52044939	    222.74388950	    -19.95738103	     -2.29669982	      0.01047870	      2.69123824	     -0.00173042	      1.40208575	      0.00418961
      2.57900000	     -6.27071184	    266.50300543	     23.74174807	     -2.29465868	      0.01020252	      2.31442710	      0.00198858	     -1.01421409	      0.00253616	      0.54256402	    222.74840795	    -19.93983203	     -2.29670558	      0.01047871	      2.69123249	     -0.00173134	      1.40283280	      0.00419185
      2.58000000	     -6.25561525	    266.58187975	     23.74390420	     -2.29465863	      0.01020252	      2.31442417	      0.00198991	     -1.01488963	      0.00253785	      0.56033537	    222.75225094	    -19.92572417	     -2.29671024	      0.01047871	      2.69122785	     -0.00173210	      1.40344383	      0.00419367
      2.58100000	     -6.24359568	    266.64385497	     23.74562628	     -2.29465878	      0.01020251	      2.31442189	      0.00199098	     -1.01543682	      0.00253922	      0.57427939	    222.75540840	    -19.91465559	     -2.29671391	      0.01047872	      2.69122421	     -0.00173270	      1.40393091	      0.00419513
      2.58200000	     -6.23430069	    266.69118764	     23.74696064	     -2.29465903	      0.01020251	      2.31442018	      0.00199183	     -1.01586701	      0.00254029	      0.58491859	    222.75790850	    -19.90621504	     -2.29671672	      0.01047872	      2.69122143	     -0.00173317	      1.40430784	      0.00419625
      2.58300000	     -6.22735511	    266.72614227	     23.74795873	     -2.29465932	      0.01020250	      2.31441893	      0.00199247	     -1.01619362	      0.00254111	      0.59277120	    222.75980877	    -19.89999164	     -2.29671879	      0.01047873	      2.69121938	     -0.00173351	      1.40458959	      0.00419710
      2.58400000	     -6.22237407	    266.75093309	     23.74867464	     -2.29465958	      0.01020250	      2.31441805	      0.00199293	     -1.01643147	      0.00254171	      0.59833965	    222.76118718	    -19.89558507	     -2.29672026	      0.01047873	      2.69121792	     -0.00173376	      1.40479166	      0.00419770
      2.58500000	     -6.21897691	    266.76766488	     23.74916264	     -2.29465980	      0.01020250	      2.31441747	      0.00199325	     -1.01659613	      0.00254212	      0.60209874	    222.76213347	    -19.89261612	     -2.29672125	      0.01047873	      2.69121695	     -0.00173393	      1.40492945	      0.00419811
