DataType=double
version=3
OpenSimVersion=4.5.2-2025-05-03-6a4c6ec41
endheader
time	/forceset/addbrev_r|active_fiber_force	/forceset/addbrev_r|fiber_force	/forceset/addbrev_r|implicitresidual_normalized_tendon_force	/forceset/addbrev_r|passive_fiber_force	/forceset/addbrev_r|tendon_force	/forceset/addlong_r|active_fiber_force	/forceset/addlong_r|fiber_force	/forceset/addlong_r|implicitresidual_normalized_tendon_force	/forceset/addlong_r|passive_fiber_force	/forceset/addlong_r|tendon_force	/forceset/addmagDist_r|active_fiber_force	/forceset/addmagDist_r|fiber_force	/forceset/addmagDist_r|implicitresidual_normalized_tendon_force	/forceset/addmagDist_r|passive_fiber_force	/forceset/addmagDist_r|tendon_force	/forceset/addmagIsch_r|active_fiber_force	/forceset/addmagIsch_r|fiber_force	/forceset/addmagIsch_r|implicitresidual_normalized_tendon_force	/forceset/addmagIsch_r|passive_fiber_force	/forceset/addmagIsch_r|tendon_force	/forceset/addmagMid_r|active_fiber_force	/forceset/addmagMid_r|fiber_force	/forceset/addmagMid_r|implicitresidual_normalized_tendon_force	/forceset/addmagMid_r|passive_fiber_force	/forceset/addmagMid_r|tendon_force	/forceset/addmagProx_r|active_fiber_force	/forceset/addmagProx_r|fiber_force	/forceset/addmagProx_r|implicitresidual_normalized_tendon_force	/forceset/addmagProx_r|passive_fiber_force	/forceset/addmagProx_r|tendon_force	/forceset/bflh_r|active_fiber_force	/forceset/bflh_r|fiber_force	/forceset/bflh_r|implicitresidual_normalized_tendon_force	/forceset/bflh_r|passive_fiber_force	/forceset/bflh_r|tendon_force	/forceset/bfsh_r|active_fiber_force	/forceset/bfsh_r|fiber_force	/forceset/bfsh_r|implicitresidual_normalized_tendon_force	/forceset/bfsh_r|passive_fiber_force	/forceset/bfsh_r|tendon_force	/forceset/edl_r|active_fiber_force	/forceset/edl_r|fiber_force	/forceset/edl_r|implicitresidual_normalized_tendon_force	/forceset/edl_r|passive_fiber_force	/forceset/edl_r|tendon_force	/forceset/ehl_r|active_fiber_force	/forceset/ehl_r|fiber_force	/forceset/ehl_r|implicitresidual_normalized_tendon_force	/forceset/ehl_r|passive_fiber_force	/forceset/ehl_r|tendon_force	/forceset/fdl_r|active_fiber_force	/forceset/fdl_r|fiber_force	/forceset/fdl_r|implicitresidual_normalized_tendon_force	/forceset/fdl_r|passive_fiber_force	/forceset/fdl_r|tendon_force	/forceset/fhl_r|active_fiber_force	/forceset/fhl_r|fiber_force	/forceset/fhl_r|implicitresidual_normalized_tendon_force	/forceset/fhl_r|passive_fiber_force	/forceset/fhl_r|tendon_force	/forceset/gaslat_r|active_fiber_force	/forceset/gaslat_r|fiber_force	/forceset/gaslat_r|implicitresidual_normalized_tendon_force	/forceset/gaslat_r|passive_fiber_force	/forceset/gaslat_r|tendon_force	/forceset/gasmed_r|active_fiber_force	/forceset/gasmed_r|fiber_force	/forceset/gasmed_r|implicitresidual_normalized_tendon_force	/forceset/gasmed_r|passive_fiber_force	/forceset/gasmed_r|tendon_force	/forceset/glmax1_r|active_fiber_force	/forceset/glmax1_r|fiber_force	/forceset/glmax1_r|implicitresidual_normalized_tendon_force	/forceset/glmax1_r|passive_fiber_force	/forceset/glmax1_r|tendon_force	/forceset/glmax2_r|active_fiber_force	/forceset/glmax2_r|fiber_force	/forceset/glmax2_r|implicitresidual_normalized_tendon_force	/forceset/glmax2_r|passive_fiber_force	/forceset/glmax2_r|tendon_force	/forceset/glmax3_r|active_fiber_force	/forceset/glmax3_r|fiber_force	/forceset/glmax3_r|implicitresidual_normalized_tendon_force	/forceset/glmax3_r|passive_fiber_force	/forceset/glmax3_r|tendon_force	/forceset/glmed1_r|active_fiber_force	/forceset/glmed1_r|fiber_force	/forceset/glmed1_r|implicitresidual_normalized_tendon_force	/forceset/glmed1_r|passive_fiber_force	/forceset/glmed1_r|tendon_force	/forceset/glmed2_r|active_fiber_force	/forceset/glmed2_r|fiber_force	/forceset/glmed2_r|implicitresidual_normalized_tendon_force	/forceset/glmed2_r|passive_fiber_force	/forceset/glmed2_r|tendon_force	/forceset/glmed3_r|active_fiber_force	/forceset/glmed3_r|fiber_force	/forceset/glmed3_r|implicitresidual_normalized_tendon_force	/forceset/glmed3_r|passive_fiber_force	/forceset/glmed3_r|tendon_force	/forceset/glmin1_r|active_fiber_force	/forceset/glmin1_r|fiber_force	/forceset/glmin1_r|implicitresidual_normalized_tendon_force	/forceset/glmin1_r|passive_fiber_force	/forceset/glmin1_r|tendon_force	/forceset/glmin2_r|active_fiber_force	/forceset/glmin2_r|fiber_force	/forceset/glmin2_r|implicitresidual_normalized_tendon_force	/forceset/glmin2_r|passive_fiber_force	/forceset/glmin2_r|tendon_force	/forceset/glmin3_r|active_fiber_force	/forceset/glmin3_r|fiber_force	/forceset/glmin3_r|implicitresidual_normalized_tendon_force	/forceset/glmin3_r|passive_fiber_force	/forceset/glmin3_r|tendon_force	/forceset/grac_r|active_fiber_force	/forceset/grac_r|fiber_force	/forceset/grac_r|implicitresidual_normalized_tendon_force	/forceset/grac_r|passive_fiber_force	/forceset/grac_r|tendon_force	/forceset/iliacus_r|active_fiber_force	/forceset/iliacus_r|fiber_force	/forceset/iliacus_r|implicitresidual_normalized_tendon_force	/forceset/iliacus_r|passive_fiber_force	/forceset/iliacus_r|tendon_force	/forceset/perbrev_r|active_fiber_force	/forceset/perbrev_r|fiber_force	/forceset/perbrev_r|implicitresidual_normalized_tendon_force	/forceset/perbrev_r|passive_fiber_force	/forceset/perbrev_r|tendon_force	/forceset/perlong_r|active_fiber_force	/forceset/perlong_r|fiber_force	/forceset/perlong_r|implicitresidual_normalized_tendon_force	/forceset/perlong_r|passive_fiber_force	/forceset/perlong_r|tendon_force	/forceset/piri_r|active_fiber_force	/forceset/piri_r|fiber_force	/forceset/piri_r|implicitresidual_normalized_tendon_force	/forceset/piri_r|passive_fiber_force	/forceset/piri_r|tendon_force	/forceset/psoas_r|active_fiber_force	/forceset/psoas_r|fiber_force	/forceset/psoas_r|implicitresidual_normalized_tendon_force	/forceset/psoas_r|passive_fiber_force	/forceset/psoas_r|tendon_force	/forceset/recfem_r|active_fiber_force	/forceset/recfem_r|fiber_force	/forceset/recfem_r|implicitresidual_normalized_tendon_force	/forceset/recfem_r|passive_fiber_force	/forceset/recfem_r|tendon_force	/forceset/sart_r|active_fiber_force	/forceset/sart_r|fiber_force	/forceset/sart_r|implicitresidual_normalized_tendon_force	/forceset/sart_r|passive_fiber_force	/forceset/sart_r|tendon_force	/forceset/semimem_r|active_fiber_force	/forceset/semimem_r|fiber_force	/forceset/semimem_r|implicitresidual_normalized_tendon_force	/forceset/semimem_r|passive_fiber_force	/forceset/semimem_r|tendon_force	/forceset/semiten_r|active_fiber_force	/forceset/semiten_r|fiber_force	/forceset/semiten_r|implicitresidual_normalized_tendon_force	/forceset/semiten_r|passive_fiber_force	/forceset/semiten_r|tendon_force	/forceset/soleus_r|active_fiber_force	/forceset/soleus_r|fiber_force	/forceset/soleus_r|implicitresidual_normalized_tendon_force	/forceset/soleus_r|passive_fiber_force	/forceset/soleus_r|tendon_force	/forceset/tfl_r|active_fiber_force	/forceset/tfl_r|fiber_force	/forceset/tfl_r|implicitresidual_normalized_tendon_force	/forceset/tfl_r|passive_fiber_force	/forceset/tfl_r|tendon_force	/forceset/tibant_r|active_fiber_force	/forceset/tibant_r|fiber_force	/forceset/tibant_r|implicitresidual_normalized_tendon_force	/forceset/tibant_r|passive_fiber_force	/forceset/tibant_r|tendon_force	/forceset/tibpost_r|active_fiber_force	/forceset/tibpost_r|fiber_force	/forceset/tibpost_r|implicitresidual_normalized_tendon_force	/forceset/tibpost_r|passive_fiber_force	/forceset/tibpost_r|tendon_force	/forceset/vasint_r|active_fiber_force	/forceset/vasint_r|fiber_force	/forceset/vasint_r|implicitresidual_normalized_tendon_force	/forceset/vasint_r|passive_fiber_force	/forceset/vasint_r|tendon_force	/forceset/vaslat_r|active_fiber_force	/forceset/vaslat_r|fiber_force	/forceset/vaslat_r|implicitresidual_normalized_tendon_force	/forceset/vaslat_r|passive_fiber_force	/forceset/vaslat_r|tendon_force	/forceset/vasmed_r|active_fiber_force	/forceset/vasmed_r|fiber_force	/forceset/vasmed_r|implicitresidual_normalized_tendon_force	/forceset/vasmed_r|passive_fiber_force	/forceset/vasmed_r|tendon_force
15.13999240999651	97.1523074285378	114.3272597425433	0	17.1749523140055	113.5912328154701	257.6372927338466	291.250271015177	0	33.61297828133045	288.743313631048	9.670302665767414	13.10729094561874	0	3.436988279851328	12.67367596145966	7.941322794963459	11.37682567770283	0	3.435502882739367	11.09956670477141	27.38254837419442	30.16016621446589	0	2.777617840271464	28.8479122727868	54.52052248987381	58.86428948760511	0	4.343766997731304	54.0455728454723	17.59661216511167	26.84779246176279	0	9.251180296651123	26.18487919190085	7.744368623991258	45.17201218855358	0	37.42764356456232	44.04947357828722	296.9486360456083	307.3080028323653	0	10.35936678675692	298.8759313129918	56.22593871815611	62.63949439899172	0	6.413555680835606	61.37284436626454	5.800648191865444	19.74567977585579	0	13.94503158399034	19.30327585077405	11.15304994049318	35.25663540982672	0	24.10358546933354	34.14173622380077	81.06680919659343	243.7585071255251	0	162.6916979289317	240.5244847508861	1509.010145331728	1741.757152117441	0	232.7470067857134	1726.306954649308	12.74448461580348	40.23277044187757	0	27.48828582607409	37.83922046142876	17.4405892648292	51.70579123549278	0	34.26520197066358	48.23676852313572	12.70498827092444	26.42983028002444	0	13.7248420091	24.10592114765446	142.2310625767387	167.9473622350491	0	25.71629965831044	159.2687925276085	72.5302583928186	93.17712887129443	0	20.64687047847584	88.58855145448476	10.14818034997499	32.99934187004958	0	22.85116152007459	31.3744128028513	6.966809547026269	19.24552875221014	0	12.27871920518387	18.97192688237569	18.1294281876944	37.31344583988951	0	19.18401765219511	37.31344583988951	16.56837259988689	43.83752543207731	0	27.26915283219042	43.83245292317998	9.026783586281285	22.63526900456882	0	13.60848541828753	22.38119404378556	114.7629330998355	184.2905188065677	0	69.52758570673218	178.5521646611216	8.210094767492475	27.15061818679954	0	18.94052341930706	26.66545133521256	56.97403383999026	101.6909883376937	0	44.7169544977034	99.11193014868572	8.579222187870856	43.46682015059277	0	34.88759796272191	42.88089186451738	208.9930769686296	334.1287352231372	0	125.1356582545076	328.2640067541366	119.5025110230452	192.1654474474357	0	72.66293642439049	188.3134473121117	3.557474947145109	17.39305179005193	0	13.83557684290682	17.38854430893291	28.12866958841784	42.17082597657284	0	14.042156388155	39.79954525512741	9.192475279809335	23.7790851447828	0	14.58660986497347	23.10590652542005	657.9657360374581	1039.409085153225	0	381.4433491157673	990.1477115384773	17.59336930570561	42.08650031946535	0	24.49313101375974	42.04377474605822	809.7505528518556	826.6678595574756	0	16.91730670561999	806.8767592690948	21.0687683112889	84.84979913981094	0	63.78103082852204	83.01513041218041	38.30023872961635	63.6505137961578	0	25.35027506654144	63.50058104624779	63.16910738440517	134.4183651895904	0	71.24925780518521	129.1278244326829	77.96053409391311	122.3207484464055	0	44.36021435249234	109.9146327686644
15.1566590599965	81.42928057157394	103.9510040188666	0	22.52172344729267	103.3279535141122	238.6885348202449	284.780438590913	0	46.0919037706681	282.5140729387683	8.874432588855598	12.37743207916712	0	3.502999490311522	11.97349897647281	7.62145700332619	11.04664915631275	0	3.425192152986559	10.7769935966051	21.84442460392189	24.78870450586734	0	2.944279901945444	23.76585993060625	47.83634095873345	52.57842580841866	0	4.742084849685211	48.55034950383178	16.60150935994878	25.63580196012493	0	9.034292600176144	25.00163809918956	31.79905838860427	71.24971258583214	0	39.45065419722788	69.50747920791316	266.6333540003176	282.0623119297225	0	15.42895792940485	275.4281901195567	45.28857730727127	54.88390638643157	0	9.595329079160305	53.92751312010452	5.413543643835276	18.16173439088976	0	12.74819074705448	17.74351652978106	10.37094599611892	30.67931860822409	0	20.30837261210517	29.6547387511519	72.82521579388343	176.3795676734226	0	103.5543518795392	173.7143846472597	1157.283145399063	1294.795927955699	0	137.5127825566362	1281.265576765999	12.63510854001858	36.19702203789182	0	23.56191349787324	33.90138160518198	17.39410193515355	46.29146076218188	0	28.89735882702833	42.98602553126211	12.27158664057678	24.86053583723554	0	12.58894919665875	22.6011005772401	118.8213694092755	140.1268957322783	0	21.3055263230028	132.3400800022141	59.450650808797	75.20940658820676	0	15.75875577940977	71.13566254960473	33.3773265990535	49.8351318342966	0	16.4578052352431	47.09004589723065	16.18919803039776	27.58944494202233	0	11.40024691162457	27.18600886329612	24.66646621667822	40.61135698374548	0	15.94489076706726	40.61135698374549	20.19840031641518	38.15581951291715	0	17.95741919650197	38.150814859014	16.7900662412923	31.53852429874367	0	14.74845805745136	31.19490008767933	204.712716472161	285.1129613815538	0	80.4002449093927	276.5257198072884	13.42765099254439	30.9864613099507	0	17.55881031740631	30.41961996691144	68.30732693850871	108.2250336973478	0	39.91770675883912	105.3826939477608	24.26401677030191	42.07623438501071	0	17.8122176147088	41.38198040469808	305.4404202778553	443.8449890855752	0	138.4045688077199	436.2275258180694	98.16284237469804	165.7600201338252	0	67.59717775912715	162.3242517500071	12.3520608078236	26.41888606068451	0	14.06682525286091	26.41207682319302	85.91669649927988	99.99341085487886	0	14.07671435559897	94.46972874684549	16.65553117691266	31.54072813760191	0	14.88519696068925	30.65643799168521	493.5084472187702	714.8734496766371	0	221.3650024578668	674.0589913399167	22.29458011661991	44.98843371090963	0	22.69385359428972	44.94162781548778	777.0092881345146	803.3411332776338	0	26.33184514311924	787.3099329353055	19.62443698921067	75.7271739168268	0	56.10273692761613	74.02558552628503	35.00441244851696	58.35305787626687	0	23.34864542774991	58.20934347802357	64.6569397806301	130.6952833008108	0	66.03834352018072	125.3088969323983	69.09874297767409	110.2360860169842	0	41.13734303931006	98.57393861836441
15.1733257099965	56.12332635665892	82.98305631514052	0	26.85972995848159	82.50725917007546	217.7698738337187	274.6484976011704	0	56.87862376745176	272.5689122118075	7.398358412007756	10.91510218404412	0	3.516743772036365	10.5612205847202	6.992021437500993	10.40397784587736	0	3.41195640837637	10.14962519962561	11.558067937547	14.58285728210286	0	3.02478934455586	13.99927814555122	36.24463143892805	41.14797359392256	0	4.903342154994514	38.09679562331999	15.04014055438297	23.54823236212631	0	8.508091807743337	22.95620454441054	75.60887502094262	115.9522734271612	0	40.34339840621863	113.1369452388552	159.8816276345367	182.0730291997112	0	22.19140156517446	178.3376970962416	18.05114105124369	31.85309319252428	0	13.80195214128059	31.36554664354866	5.051024233219687	16.32122042973792	0	11.27019619651823	15.92999901184665	10.11571175978326	26.8667472459191	0	16.75103548613583	25.90736546099237	76.3508640275092	140.4624619311282	0	64.111597903619	137.9974406330773	691.4250944333907	771.6952468076256	0	80.270152374235	761.9948647737879	12.22312727920307	32.43898577235619	0	20.21585849315311	30.24418301393124	17.08008906451837	41.69571764415066	0	24.61562857963229	38.53355410744577	11.54527745547026	22.93660177059048	0	11.39132431512022	20.77124741395499	50.68437555293117	69.70093054842862	0	19.01655499549745	65.63535261976452	28.05209595400871	40.26932033412654	0	12.21722438011783	37.87955786938689	73.43844395625368	84.89045867677216	0	11.45201472051847	79.59991811254787	34.75605242843715	45.97445223751649	0	11.21839980907934	45.29616497658021	36.40583998092546	49.85115038892519	0	13.44531040799973	49.85115038892518	24.68760130224472	35.84558417869459	0	11.15798287644987	35.84014860057346	31.09966832242467	46.40468646462323	0	15.30501814219856	45.90619269708487	377.2211450045239	469.0297636745391	0	91.80861867001514	455.317283113845	24.40558641111877	40.75546502478629	0	16.34987861366752	39.99154108261543	96.36408144572974	132.2894634426931	0	35.92538199696342	128.6902352482721	43.74155780667201	49.86359469966856	0	6.122036892996543	48.77515340066288	494.7655039207758	643.516681153494	0	148.7511772327182	632.6466661332407	40.50799952634312	107.0328623521579	0	66.52486282581484	104.789648007043	28.87401119020693	43.05036711275982	0	14.17635592255289	43.03930038514815	188.8702668878976	202.2983899478218	0	13.42812305992418	191.0616524278967	30.63649605094706	45.45992359620155	0	14.82342754525449	44.18568787438424	239.0301706361258	366.9671896922123	0	127.9370190560865	341.0981738755204	31.0440260517555	52.96413271864152	0	21.92010666688601	52.9083642377612	565.9369626302461	604.8457309163505	0	38.90876828610442	594.5062428093678	18.578529895919	66.28502608029392	0	47.70649618437491	64.71692823277974	25.79196418731239	48.56068827409918	0	22.76872408678679	48.43859348792108	63.96159973912796	128.6051664841492	0	64.6435667450212	123.1920531985834	46.11293142048353	86.27301201615786	0	40.16008059567434	76.96641831782084
15.18999235999649	33.49931758191948	63.30114200291284	0	29.80182442099337	62.94728715689379	201.9246791688783	266.6800055254676	0	64.75532635658935	264.7199564776641	6.743239150459414	10.27224035163148	0	3.529001201172066	9.939888780512904	6.756164521563198	10.19777401158998	0	3.441609490026786	9.948600772511456	6.771653266450236	9.845677310260328	0	3.074024043810092	9.457536509599313	24.92867337405485	29.8129725878787	0	4.884299213823857	27.61897072646701	13.86147460323372	21.50939951227224	0	7.647924909038518	20.9505128996659	87.64119503255223	127.3887022845576	0	39.74750725200533	124.284689211877	115.0228616103674	144.8572111996355	0	29.83434958926807	142.1698651349718	11.77722849273362	30.14402912809358	0	18.36680063535996	29.72367627297968	5.045491496670664	14.94627511954201	0	9.900783622871343	14.57197958850979	10.07151542142327	24.04457340211227	0	13.97305798068899	23.12816486287247	67.71780008516095	109.4644930457734	0	41.74669296061245	107.2564251212408	210.1428345065784	260.3102121886615	0	50.16737768208318	256.4449439001916	12.32422023897445	30.00367079290827	0	17.67945055393383	27.84497484340288	17.43634763818763	39.12031869694182	0	21.68397105875419	35.99317899486942	11.42866640619998	21.8742414910431	0	10.44557508484312	19.72853145869126	16.0262758218872	33.90846033441915	0	17.88218451253195	31.87503693395424	11.61897800410794	21.17217199688472	0	9.553193992776787	19.79537963135645	70.19467589267093	77.89019097488365	0	7.695515082212718	72.30547916680112	47.24337282401631	58.73151260967005	0	11.48813978565374	57.87082937434619	44.6525458885917	55.99833684029353	0	11.34579095170184	55.99833684029354	24.0221107976103	30.26590432756204	0	6.243793529951736	30.26041171520673	32.89433005036755	48.14928579630714	0	15.25495574593959	47.63207061735622	533.4277427030866	636.5286508602492	0	103.1009081571626	618.3923727856569	30.53573920740975	46.00669742219654	0	15.47095821478679	45.12841282549038	109.4441657767855	142.5741397404862	0	33.12997396370073	138.5892677344095	40.60631914558779	40.2470474310135	0	-0.3592717145742919	38.93394521126193	681.1714863807324	836.5339717543587	0	155.3624853736262	822.5386503248531	32.30924251538828	103.0657203739442	0	70.75647785855591	100.9467022759236	40.61669348086308	54.75465955568511	0	14.13796607482202	54.74057679377632	171.2706288222192	183.0051495605468	0	11.73452073832761	172.4818042503657	27.70581513715522	42.03287996761909	0	14.32706483046387	40.84213252904132	57.10429470049233	137.8405397564569	0	80.73624505596455	126.0910917804502	57.76415338885497	79.80920400834125	0	22.04505061948629	79.72523804780364	384.5307704899408	437.5307982846996	0	53.00002779475878	430.8175403707521	38.37241463926447	78.90394777778532	0	40.53153313852086	76.93458618926699	22.3539211923065	46.3781195296014	0	24.02419833729491	46.26272644062637	67.15254421499966	135.3685869667535	0	68.21604275175383	129.7311275141035	36.32863337458804	78.39655743730707	0	42.06792406271902	70.02258864410277
15.20665900999648	13.23029647896134	46.0239124484447	0	32.79361596948336	45.77218486238701	195.5378394841626	268.4583823072618	0	72.92054282309921	266.5358349084374	6.847565242922887	10.46639043927289	0	3.618825196350005	10.12963725896793	6.860452074631951	10.39843338578498	0	3.537981311153025	10.14604433491558	6.912047292400057	10.15054704970193	0	3.238499757301867	9.756678302179141	14.10298716394431	19.09031070608513	0	4.987323542140819	17.6907847809838	13.12950649998638	19.72371110979788	0	6.594204609811496	19.18487833886873	73.0012942372267	110.5083703288717	0	37.507076091645	107.771838175913	136.1857670283034	173.6560847304517	0	37.47031770214826	170.6640932644571	22.33648574796119	45.23461386110398	0	22.89812811314279	44.64573944287512	5.470789270236717	14.37297511172283	0	8.902185841486107	13.99867867880182	10.57089571837327	22.68469611113634	0	12.11380039276307	21.76922955090166	56.98037029370124	85.48243051035315	0	28.50206021665191	83.51455309580172	71.68567802620356	105.3800759821864	0	33.69439795598284	103.5601183065324	12.67785522662658	28.67811979007028	0	16.0002645634437	26.51018705493157	17.93760195367005	37.8606117182949	0	19.92300976462484	34.71715205007128	11.80890024897432	21.80916381726786	0	10.00026356829354	19.61387410034041	22.04652526292088	38.59057564147557	0	16.54405037855469	36.21586922360564	9.979987314824916	17.44469358318165	0	7.464706268356729	16.20033816980114	29.18188507540361	34.40871975535598	0	5.226834679952375	31.5565429504274	51.65103352790096	63.18013938303897	0	11.52910585513801	62.25788327483161	48.57768111470339	57.96601182231517	0	9.388330707611779	57.96601182231517	19.85125643921492	23.00250059348849	0	3.151244154273574	22.99735445651943	24.21735850234916	39.10953626218023	0	14.89217775983108	38.68609639307864	682.6972293778703	795.4993086506668	0	112.8020792727965	773.2768937754015	32.53294741306004	47.14270704673653	0	14.60975963367649	46.22557697258374	109.2090032345513	139.9688183870194	0	30.75981515246804	135.9580483214554	26.67200776201113	24.17877122885107	0	-2.493236533160053	22.86852519588686	880.9840476769775	1040.38588368247	0	159.4018360054926	1023.07687150021	78.54105837626703	160.1302281610133	0	81.5891697847463	157.0115159747498	48.72159705020009	62.6406701618608	0	13.91907311166071	62.6244864594272	61.4392383293289	70.65001597679769	0	9.210777647468792	66.28386317921226	10.3334868413837	23.76941561307121	0	13.43592877168751	23.0808728472541	54.2979642535529	111.4957285468439	0	57.19776429329097	100.2784537772824	99.60248079094413	122.0384370614887	0	22.43595627054457	121.9107743622231	255.4350095496686	322.6712686861313	0	67.23625913646271	318.094548733459	80.16770372105238	115.7039538605048	0	35.53625013945242	112.6771565392062	24.11290298473036	51.25529350052487	0	27.14239051579451	51.1334169353642	72.1974871381332	149.0758575673738	0	76.87837042924056	143.1506790709766	39.05015355674397	86.00376201576032	0	46.95360845901634	77.20275579393379
15.22332565999647	33.56287133670817	71.2784715143855	0	37.71560017767734	70.90069508093531	247.6579433202117	333.3377627803252	0	85.67981946011345	331.0322345599188	7.033813284858686	10.86548049506824	0	3.831667210209557	10.52184883886594	7.036708158343067	10.77351013308096	0	3.736801974737889	10.51637791834749	7.141384582866176	10.70042416492184	0	3.559039582055661	10.29825799382167	8.58555810090629	13.94592838827069	0	5.360370287364395	12.94498676971877	12.79621856430322	18.45427427236807	0	5.658055708064849	17.91875219416086	78.44610154836188	112.4212670678465	0	33.97516551948463	109.5572983138819	120.19423353878	161.5300694102616	0	41.33583587148159	158.8376637123201	20.43400600414247	46.02467036008739	0	25.59066435594492	45.44603805648118	6.005560263756698	14.8045029788958	0	8.798942715139102	14.41402173959884	11.76191288884885	23.61033806639468	0	11.84842517754583	22.63387804288637	46.8831130816777	68.81798338664692	0	21.93487030496922	67.05283886881276	45.92573869891594	73.89725535309957	0	27.97151665418362	72.48829318589557	13.19528765770445	28.32782147056655	0	15.1325338128621	26.11459730059536	18.5161857235382	37.60060086548911	0	19.08441514195091	34.40617699077985	12.47727269067562	22.73115701761553	0	10.25388432693991	20.43917224104153	25.17444205622574	39.52304083496728	0	14.34859877874154	36.97482856541323	9.017688435221382	14.99035476798802	0	5.972666332766642	13.81750489454776	9.047502280223544	13.05677219906155	0	4.009269918838009	11.82450239256472	59.55969929960705	70.1901797139987	0	10.63048041439166	69.14258157938204	38.38726047298769	45.86258913180266	0	7.475328658814976	45.86258913180266	14.40933346300107	15.96496034208627	0	1.555626879085194	15.96049401165417	23.48185990502559	38.00304552304501	0	14.52118561801942	37.58799495766883	761.180680721587	879.7351666168282	0	118.5544858952411	855.430078304943	31.6475579901052	45.29173759446747	0	13.64417960436228	44.39112944138667	125.4457103949745	154.0993205989247	0	28.65361020395015	149.5781877521573	12.1568757660027	10.17451966245297	0	-1.982356103549731	9.247117757670408	928.6160101091774	1091.198524394726	0	162.5825142855483	1073.121669763624	81.66600200575151	181.0720862906985	0	99.40608428494696	177.8113869880514	51.07618153625159	64.57676855863154	0	13.50058702237995	64.55993194933851	32.61662432521876	39.25544706204631	0	6.638822736827561	36.55552795948956	9.620868096799565	21.97423716847257	0	12.35336907167301	21.31762520528401	63.8822946658711	116.7522175702278	0	52.86992290435672	103.8898191331653	104.7426765704558	126.7425626608596	0	21.99988609040378	126.6093410545844	202.2547170957116	278.4001857309431	0	76.14546863523154	274.6108266882221	88.77029504295898	123.703086194915	0	34.93279115195601	120.4160647775662	25.20707418443049	57.37465990199608	0	32.16758571756559	57.24768205869604	76.21783024324483	167.0867279084758	0	90.86889766523096	160.9274893100554	40.54852510417298	95.41413237265201	0	54.86560726847904	86.29490728374154
15.23999230999646	89.91003638771654	134.4575012724186	0	44.54746488470208	133.7710084570436	352.5634576794448	455.0782586360263	0	102.5148009565815	452.0490426868416	7.22331490232731	11.32845838134857	0	4.105143479021262	10.97969657031098	7.179877544307872	11.14707938835937	0	3.967201844051499	10.88740480904841	7.586149088601979	11.53934837476135	0	3.953199286159371	11.12435424254592	8.13418152898603	14.10055155497387	0	5.966370025987845	13.12748407623358	12.48903315487002	17.24925743818027	0	4.76022428331025	16.71438049399441	103.6415191963267	133.2745973580564	0	29.63307816172976	129.7409324717981	78.80314296540936	118.5632028625585	0	39.76005989714908	116.5687940748323	11.10962240339144	37.02167785794057	0	25.91205545454914	36.55845111084647	6.205532717071076	15.97290767902077	0	9.767374961949697	15.56362279925884	12.66958970680309	25.67002592518888	0	13.0004362183858	24.63142184052834	26.11495730818478	44.60151688685367	0	18.48655957866889	43.36634936517628	30.50175375142481	57.07511956767775	0	26.57336581625294	55.94197365008347	13.65145798974592	28.53261708827906	0	14.88115909853314	26.27072646981017	18.9250853390678	37.7580605101335	0	18.8329751710657	34.5194475168601	13.06412442458443	24.11220630580387	0	11.04808188121944	21.73649705208839	27.68574402689804	39.47808518604121	0	11.79234115914317	36.75502500006522	9.276732306820154	14.4902802264782	0	5.213547919658049	13.26960579518969	10.32735285030241	14.1941989907852	0	3.866846140482794	12.74315804942125	71.37107494307452	80.34262887676798	0	8.971553933693457	79.07926365718312	15.49157381113504	21.52280588011024	0	6.0312320689752	21.52280588011024	6.684844138572709	7.903451295782074	0	1.218607157209364	7.900811784718764	30.5884605170895	44.7273809329644	0	14.13892041587489	44.2344277373496	772.0330970677132	890.4412128603683	0	118.4081157926551	865.8422297854841	27.01792808737244	39.11629232111249	0	12.09836423374005	38.30948045819066	151.4989090825994	177.24611216296	0	25.74720308036057	171.8710779333801	4.247029656921672	4.204902315837328	0	-0.04212734108434402	3.686415372965951	791.2532083724235	956.5162790765365	0	165.263070704113	940.7259786350406	47.25827593841864	173.0927424886681	0	125.8344665502495	170.2477696950045	47.56251770456068	60.47906255365604	0	12.91654484909536	60.46307985759562	64.28198758618286	68.38958360681187	0	4.107596020629007	62.98204877375281	22.88788255854981	34.04781558365529	0	11.15993302510548	32.99105959342807	73.6229619947992	130.5223076656366	0	56.89934567083744	116.1081012967027	78.01544214350459	98.75317962882778	0	20.7377374853232	98.64753596742089	221.9547271683481	300.6259139417676	0	78.67118677341952	296.5797420783742	47.88177184490845	87.305289057138	0	39.42351721222956	85.06068803247588	26.06221380096207	65.45269998427234	0	39.39048618331027	65.31995610918881	79.17210391754507	190.1030705172539	0	110.9309665997089	183.7148534096979	41.77272119080328	107.9094465447454	0	66.13672535394213	98.42087939957229
15.25665895999646	101.7050847173648	152.2255326929552	0	50.52044797559038	151.4703155531221	365.39060712386	481.2521957421464	0	115.8615886182864	478.1320248693715	7.169105990759261	11.46740672445681	0	4.298300733697553	11.12346640610856	7.126563682508776	11.24576496211225	0	4.119201279603478	10.98946782776384	7.46051163245842	11.65089833274233	0	4.190386700283915	11.24795749869733	17.11609358889708	23.63831573363776	0	6.522222144740685	22.07627983117469	25.43336418021577	29.22893386720456	0	3.79556968698879	28.25008553090952	120.0901568845113	144.9266342981251	0	24.83647741361385	140.8769461788392	78.2008789339834	112.3602608180026	0	34.15938188401917	110.3864250035207	12.38255598055118	36.88934700936273	0	24.50679102881154	36.42069009363653	6.496183058255053	18.43874224038152	0	11.94255918212646	17.99674657683249	13.46551358856496	28.9746724073178	0	15.50915881875284	27.87157515770942	17.20107365717705	34.05285284526247	0	16.85177918808542	33.06452614153886	82.87960394461214	107.5049972611458	0	24.6253933165337	105.2701156201054	14.49367874856121	29.96867225580913	0	15.47499350724792	27.61108592602787	19.88339947465547	39.43322664514894	0	19.54982717049347	36.07410426720752	13.48202679998217	25.72941721191546	0	12.24739041193329	23.2938319882113	30.12219118880276	40.27300619921702	0	10.15081501041427	37.29421791127405	10.57480209040481	16.10682486450236	0	5.53202277409755	14.71666623627097	12.11584588996643	17.03337668474997	0	4.917530794783537	15.31111040172291	65.67890465378163	73.0550635479642	0	7.376158894182555	71.82475577494904	8.127330967061553	13.72749211282448	0	5.600161145762923	13.72749211282447	7.139273256275453	9.19605040101094	0	2.056777144735488	9.19290870452423	40.21960518812129	53.71447473487429	0	13.49486954675301	53.1135742330568	701.274084458108	813.0370725149699	0	111.7629880568619	790.3057285205481	28.30534060801818	38.21902072515918	0	9.913680117140999	37.37939771035275	169.824856367793	191.5512951702435	0	21.72643880245045	185.4190846467488	12.51652382186771	15.45456961730275	0	2.938045795435037	13.88251488580151	690.6661409248923	856.9785493466497	0	166.3124084217575	842.8525898116607	30.95767602729789	197.1245018302717	0	166.1668258029738	194.2013038681784	49.30157763297336	61.54276199932428	0	12.24118436635092	61.52622441159935	149.2438745746121	150.9174083507783	0	1.673533776166289	136.6165037957425	52.58272177783107	62.41306403774187	0	9.830342259910795	60.38243701287834	81.7277682458743	149.4431472403314	0	67.71537899445708	133.9594638444909	57.76684494752788	77.56741780279896	0	19.80057285527108	77.48309185118192	272.4820055254156	349.0305428106262	0	76.54853728521061	344.2999222803344	25.71005667678566	75.7217781481578	0	50.01172147137213	73.91979619724225	26.59335299469383	76.22563933918306	0	49.63228634448923	76.08531678657438	81.04084777679812	219.9774027097004	0	138.9365549329023	213.301658151345	42.50599055831816	124.3465787821618	0	81.84058822384367	114.3775242491543
15.27332560999645	77.79882580857317	128.5549753389897	0	50.75614953041649	127.9186854931098	296.9946288154682	410.5643263411429	0	113.5696975256748	407.8938466487352	6.932182556863404	11.26289600962125	0	4.330713452757847	10.92956623862445	6.951473929955799	11.1084455632078	0	4.156971633252001	10.85821573473776	6.872981199931289	11.00190092373099	0	4.128919723799705	10.62658294208603	33.65699436568911	40.34232868854913	0	6.685334322860021	37.73728824407416	47.51354758378933	50.20722123831118	0	2.693673654521842	48.35154170601559	126.2747097681227	146.0584544221483	0	19.78374465402561	141.6865517564362	117.8735678100822	145.3731547924731	0	27.49958698239092	142.6469396985889	22.87498816028015	45.06884337909317	0	22.19385521881302	44.47967765328294	6.731179212242737	21.87435209586154	0	15.1431728836188	21.39116096330459	13.84718516591706	32.82965613014409	0	18.98247096422703	31.67248663323375	21.23437490514055	36.63210542977804	0	15.39773052463749	35.53058447112425	191.2286066618709	212.7395772663398	0	21.5109706044689	208.0761865090586	15.60080776346594	32.8528527492402	0	17.25204498577426	30.36869877708176	21.27104782372575	43.11010572290127	0	21.83905789917552	39.56478948632977	13.70977892503564	27.40394359499698	0	13.69416466996135	24.92838766699668	32.37561728400877	42.57921544968779	0	10.20359816567902	39.33406697353357	12.34266798775458	19.21157058057899	0	6.868902592824407	17.63570277946041	14.32501859684143	21.26572338346689	0	6.940704786625461	19.34332199134171	37.23575842690055	43.81952743581706	0	6.583769008916511	43.04338903935844	18.48799137748168	24.73442279613397	0	6.246431418652296	24.73442279613397	20.47356747099789	24.0652737877068	0	3.591706316708921	24.05831327257079	51.62847164370235	63.89779584489485	0	12.26932420119251	63.1605260020842	553.7405122211057	653.5970713830436	0	99.85655916193791	634.8802259958999	35.33438080639171	43.07798827480551	0	7.7436074684138	42.05011790646689	186.4959095168523	204.1340055552149	0	17.63809603836265	197.1253949466758	78.12776857048598	84.09955264541904	0	5.971784074933061	79.18547238948699	682.6655870932627	845.0431210160458	0	162.377533922783	831.0461564034213	28.43364306099418	259.1079431762197	0	230.6743001152256	255.684829013262	56.79863245014821	68.30915759000499	0	11.51052513985677	68.29044400099667	242.6819520587256	242.051721562936	0	-0.6302304957895859	212.8133855928002	94.52319991867998	102.8299848455945	0	8.306784926914492	99.2703929472523	86.67043596161993	170.274347485975	0	83.60391152435508	154.3621477980235	42.09492714896297	62.53159261116026	0	20.43666546219729	62.46409345863139	355.3121898280502	426.5787904410394	0	71.26660061298917	420.6754530651259	26.55459115897753	93.21967174217396	0	66.66508058319643	91.20418772478301	26.59237120732039	90.89858882573509	0	64.30621761841469	90.74783639192032	81.2457722626486	259.181588631098	0	177.9358163684494	252.1188820250455	42.4821548339316	146.3143566822488	0	103.8322018483172	135.6926513862052
15.28999225999644	86.50067457661619	131.0662052933208	0	44.56553071670457	130.399550122304	266.8107962582066	362.7982489880299	0	95.9874527298233	360.3559526743115	23.76064294283275	27.99340846835861	0	4.232765525525857	27.16306526423967	18.37049994008053	22.48675838626048	0	4.116258446179948	21.98054647733029	32.63318904624649	36.46112917858327	0	3.827940132336786	35.19713556943554	49.03200677102318	55.39813085368848	0	6.366124082665303	51.79381842874939	144.8598455216615	146.4022040712461	0	1.542358549584648	140.2231350596658	136.5582289247809	151.3650645047723	0	14.80683557999139	146.4098167347548	157.4839103151805	179.7254626703694	0	22.24155235518883	176.1194468556275	27.66472523250799	47.60827290829319	0	19.94354767578521	46.96585390098021	6.448865892260388	25.11733801047168	0	18.6684721182113	24.60078834453602	13.59999466897004	36.22265181852976	0	22.62265714955971	35.03010181452485	29.07410587174411	42.11809757966006	0	13.04399170791596	40.78066625237779	283.4189001410056	300.0330748228931	0	16.61417468188753	292.8802562220301	16.34868879762383	36.45681856141679	0	20.10812976379296	33.87863441835176	22.25595368958075	47.87921927380431	0	25.62326558422356	44.17332304811774	13.77286781900538	28.93229929696605	0	15.15943147796066	26.4306064541951	28.78768503646128	40.34868498032684	0	11.56099994386556	37.35883626986876	13.35737405652783	22.30996169731466	0	8.952587640786826	20.66880240725868	15.56047663587703	25.33640120653934	0	9.775924570662315	23.40129998169659	15.02502904681842	21.59010240465469	0	6.565073357836268	21.20313411397903	18.39391950901574	26.08813404409054	0	7.694214535074801	26.08813404409054	21.81145302622793	27.59956367300969	0	5.788110646781762	27.59338171634885	59.45980660783687	69.9590468821966	0	10.49924027435974	69.10848698659416	431.1493136590341	517.6911472573051	0	86.54183359827104	502.3972823802005	46.5988024279502	52.80264009152887	0	6.203837663578679	51.43329951472303	202.2844944280971	216.9092591783788	0	14.6247647502817	208.9196739960582	106.3464457554188	115.4321304577453	0	9.085684702326546	111.6177668500134	604.016819387215	757.3702614993144	0	153.3534421120995	744.6736362303251	24.04849915869611	357.570323149132	0	333.5218239904358	353.3922525498741	56.58546279324806	67.31073927381648	0	10.72527648056842	67.29188366315194	179.9223906776109	177.5360581874276	0	-2.386332490183254	147.674123193494	148.296272782984	154.9803188861066	0	6.684046103122595	149.1594235464639	88.11618576638762	190.195091958695	0	102.0789061923074	174.1846313841724	25.45691478255381	48.36528063482665	0	22.90836585227284	48.31484137444444	436.143526368006	501.4497358093603	0	65.30620944135435	494.3255462300143	24.70230495528453	111.1263566508536	0	86.42405169556902	108.9190895438304	25.88226066274046	110.8981561042444	0	85.01589544150391	110.7329437225422	79.31958794391355	310.244399885736	0	230.9248119418224	302.6563949325609	41.47313937971737	175.4701085594693	0	133.9969691797519	163.962192936891
15.30665890999643	117.3533587123525	151.4192282929182	0	34.06586958056571	150.6033551794479	261.9870572673597	331.6355931351887	0	69.64853586782898	329.248651475912	55.04961702797105	59.11511869519865	0	4.065501667227606	57.33921493261253	40.5153812583374	44.62234193008179	0	4.106960671744389	43.61548688592269	76.59850453697977	79.90809411786383	0	3.30958958088405	77.01758244711961	61.75520360470917	67.23864321896673	0	5.483439614257559	62.67647467657139	297.2390243805044	298.0416642337378	0	0.8026398532334582	283.3210220957262	151.6038443786909	161.9938547470182	0	10.39001036832734	156.0603360974293	193.4140542868415	212.1518315524638	0	18.73777726562221	207.643037326793	26.69785044679404	44.72222369210387	0	18.02437324530982	44.09997523366641	5.904275430659546	27.54131332361434	0	21.63703789295479	27.00218219439366	13.05948351259107	38.76646940265415	0	25.70698589006307	37.55118079409217	40.06653081703601	50.08158622359858	0	10.01505540656258	48.34590957351259	359.7902839565149	370.5178281310319	0	10.72754417451698	360.4187203823668	17.04485698059041	41.48344981051136	0	24.43859282992095	38.79039830348868	23.3243745605376	54.98414144044652	0	31.65976687990893	51.05606191185607	14.0891933080961	31.04320930901606	0	16.95401600091995	28.47396682938689	18.3606238778469	32.6991528688016	0	14.33852899095469	30.45505854938848	14.01824058354751	26.30101372085045	0	12.28277313730294	24.61420224191341	16.29546505944552	30.59864956660215	0	14.30318450715663	28.6493254840051	6.054388136197722	13.11089700856106	0	7.056508872363339	12.88061125701751	7.314165246258163	17.17603647194835	0	9.861871225690189	17.17603647194835	9.01600107232675	18.65507759919752	0	9.639076526870767	18.65181494915599	63.55916704713594	71.98649485065569	0	8.427327803519759	71.04264680931431	337.9480733598141	410.3377994407315	0	72.38972608091741	397.7314996027499	62.99230822530034	68.40164150297873	0	5.409333277678397	66.51395132364185	213.381676125742	226.4364178444253	0	13.05474171868336	217.6568819229271	52.96042604775059	68.81627491924289	0	15.8558488714923	67.36374238666477	405.618941836069	544.397882419671	0	138.778940583602	535.0767529060263	19.23471609739157	507.2215540463694	0	487.9868379489778	501.9624233463422	47.39737664482281	57.25546720095844	0	9.85809055613564	57.23899441128395	66.03163670337413	63.20848671045684	0	-2.823149992917291	47.20854121749336	218.6923412356048	223.9457105160201	0	5.253369280415278	214.6877911922825	87.35096578367565	208.7973673900417	0	121.446401606366	192.7094224972029	9.618746687879529	36.06964403188096	0	26.45089734400144	36.03367805841651	510.6794652560362	570.2135325482677	0	59.53406729223158	561.8793264930666	22.5943965045182	126.7704770823648	0	104.1760805778466	124.3969895862511	24.41078063067247	138.7973663322132	0	114.3865857015408	138.6117873144377	75.21367070387812	377.7234807795073	0	302.5098100756293	369.4158942693122	39.42278876426933	214.9612756501677	0	175.5384868858984	202.232797136553
15.32332555999643	129.340779989887	152.3269288524579	0	22.98614886257091	151.4307610103338	280.7553031860275	324.9281533125175	0	44.17285012648998	322.345890702464	53.57527604869205	57.41186042260991	0	3.836584373917859	55.65186678535695	39.37054962644991	43.42339626564172	0	4.052846639191808	42.44100470500537	74.12279588668851	76.85505144453076	0	2.732255557842245	73.88434260652274	56.16950125209577	60.52287235930232	0	4.35337110720655	56.08380591308768	276.4796520524875	276.6448231665382	0	0.1651711140507399	260.4510870524495	162.4090669218791	169.4054838495157	0	6.996416927636624	162.3337661030934	212.9542757125812	229.4890047680544	0	16.53472905547326	224.3946771453954	29.69701603934482	46.08965409135794	0	16.39263805201313	45.42948250077453	5.576738385540729	28.99759179709378	0	23.42085341155305	28.44465866298323	12.62335009054428	40.43521785799319	0	27.81186776744891	39.20458103710575	36.31719997124605	43.63628191647292	0	7.319081945226873	41.9389487233451	390.2569083765841	396.1813957576642	0	5.924487381080159	383.2332124504695	16.8371841055349	46.40857079129665	0	29.57138668576175	43.64939218334635	23.08299497512193	62.15959112073297	0	39.07659614561103	58.07744633089623	13.77553541473726	32.31288211543371	0	18.53734670069645	29.74242111220347	150.0944299201796	168.5859640102396	0	18.49153409006001	158.1797638719441	14.35094016328109	31.28781215489223	0	16.93687199161115	29.54409161457453	16.4044616040009	37.08754307369188	0	20.68308146969098	35.0869523434686	42.44216757652702	50.43690678934379	0	7.994739212816767	49.58765300947861	14.15765534052636	26.86105542310687	0	12.70340008258051	26.86105542310687	8.895569612936836	24.86459422344987	0	15.96902461051303	24.86105342949429	65.12674122418088	71.58639905534685	0	6.459657831165972	70.55325539355475	402.7810186460555	462.4730963591663	0	59.69207771311075	447.6260378480692	66.99326309564037	72.1780498916563	0	5.184786796015919	70.12717486777655	236.3125406600444	249.0200685335005	0	12.7075278734561	239.1607641926244	20.6094338648053	50.34321970868652	0	29.73378584388122	49.57270577943362	418.3496715179105	539.9508748691029	0	121.6012033511925	530.435941695112	15.01182426961421	699.1570043692011	0	684.1451800995869	692.5994850470348	55.86179872852923	64.84624031835418	0	8.98444158982495	64.8270099408612	19.25866273627742	16.73228264594806	0	-2.52638009032936	10.08848957800644	226.9465265540027	231.0333330537921	0	4.0868064997894	220.448452343892	86.17206447061329	226.6999449944065	0	140.5278805237932	210.4083459662446	29.41147738884356	59.94865179591468	0	30.53717440707111	59.89143780543579	547.4454834018363	601.4891009748656	0	54.04361757302917	592.4305882940157	21.06745631318299	136.4419849260932	0	115.3745286129102	133.9671910036733	21.96559464149412	172.7472805749958	0	150.7816859335016	172.5375459695927	68.29955400840294	454.0198531904297	0	385.7202991820268	444.9112363778946	35.89755178052083	261.0345434110878	0	225.1369916305669	246.915653130754
15.33999220999642	130.3808180498015	146.0582439954791	0	15.67742594567765	145.1167595140616	331.7561204626344	360.6023174792002	0	28.84619701656585	357.4380017344753	21.70107356319659	25.3219467919931	0	3.62087322879651	24.52691651709932	16.61188167997152	20.55491683056703	0	3.943035150595505	20.08631866518876	31.24237888622935	33.57904801708526	0	2.336669130855908	32.18529211977685	37.39308195042174	40.93188980431164	0	3.538807853889901	37.65427192981505	111.1388105265775	110.7190463243423	0	-0.4197642022352575	102.8376794463386	168.7471437032032	173.4365146654064	0	4.689370962203176	165.1154409844167	210.8100312549209	225.8212495202411	0	15.01121826532021	220.6343828203865	37.14292916021254	52.11886268368263	0	14.97593352347009	51.35105854065642	5.510713248175934	29.81253721654355	0	24.30182396836761	29.25088828784042	12.41324274805699	41.62424624337901	0	29.21100349532202	40.37979638681826	20.63767198413953	26.03043629385196	0	5.392764309712424	24.88429654021969	379.4402828353917	382.182839977606	0	2.742557142214277	366.7991425757025	15.92788731115878	49.83667082695776	0	33.90878351579898	47.05751845023655	21.82992625160566	67.14229092324403	0	45.31236467163836	62.98967835940545	13.08971675150696	32.30208472117412	0	19.21236796966715	29.78278832034619	406.8925898860153	430.2529010099957	0	23.36031112398041	406.2458629768282	14.16562898268696	36.34407634316208	0	22.17844736047511	34.53449817188741	15.72344404672486	43.53060769262885	0	27.80716364590398	41.4543971075946	120.3816891626114	129.6143006385042	0	9.232611475892886	127.5435535261126	36.49532988033805	52.4258338387219	0	15.93050395838385	52.4258338387219	19.81582847030548	44.39934393143958	0	24.58351546113411	44.39392012172601	64.67736484529871	69.65683531727997	0	4.979470471981259	68.54509143243314	639.3688925316528	691.4669432427906	0	52.09805071113774	668.5305071258917	53.29002263567489	58.48478248365404	0	5.194759847979144	56.81324411032806	266.5953269535455	279.495000130101	0	12.89967317655549	268.4358176594453	19.23160411206134	69.82157817062605	0	50.58997405856472	68.95250374390979	685.5020103001358	794.4033988193764	0	108.9013885192407	780.052528918943	11.9316652889997	924.1882995441225	0	912.2566342551228	916.197105049933	83.40036160467525	91.61176374361153	0	8.21140213893629	91.58376425606649	7.975423177318798	6.400781074445074	0	-1.574642102873723	2.343308744463995	164.7493337862059	167.9059400653178	0	3.15660627911199	159.3357275712297	84.96495456417594	244.3324257500223	0	159.3674711858464	227.746199336421	77.95078900177498	113.0934143985353	0	35.14262539676036	112.9899216574299	544.7167786501797	593.7119634843818	0	48.99518483420215	584.4893591144192	20.46856564206982	141.573445622709	0	121.1048799806392	139.0433354900753	19.56974337759836	209.3638288729821	0	189.7940854953837	209.128383913058	61.62931781112088	530.2233632096036	0	468.5940453984828	520.3089844280871	32.44215218188081	308.6452306753228	0	276.203078493442	293.0966089328086
15.35665885999641	129.8525280332797	141.416754956606	0	11.5642269233263	140.4334550136891	341.6167436928277	361.9932664216847	0	20.37652272885699	358.5409706610828	6.749779573923893	10.42329318272283	0	3.67351360879894	10.09230044166598	7.092246675214274	11.24795020517252	0	4.15570352995825	10.99252024829355	11.21188454166578	13.44083909828001	0	2.228954556614227	12.85371397284446	31.14697630408582	34.20423804494808	0	3.057261740862254	31.25753862151958	50.24056516122432	50.19448738036868	0	-0.04607778085565273	45.92060804255264	162.7967501113986	165.9685292053203	0	3.17177909392174	156.8107205413589	196.9229982266786	210.7289804289745	0	13.80598220229591	205.7438348854157	37.22632635660929	50.99048975562298	0	13.76416339901369	50.21904243750233	5.442335197170601	30.26565052735763	0	24.82331533018703	29.69925104698878	12.30892164883233	42.62453800248733	0	30.31561635365501	41.36644211418022	21.04400745898389	24.99785882220789	0	3.953851363224001	23.75100474402518	334.2159884500899	334.5640037330543	0	0.3480152829643375	317.6021542801467	15.92964441819073	54.02256100546848	0	38.09291658727775	51.14887952448667	22.21965197338683	74.14772910342387	0	51.92807713003705	69.77186560516299	14.09976928523049	35.01515161913546	0	20.91538233390497	32.34986241847086	433.9717336314145	460.8038271642065	0	26.832093532792	436.7020406652434	13.43607451124693	40.12257076736635	0	26.68649625611943	38.26541331602654	15.03572041678533	49.44007136742032	0	34.40435095063498	47.26255240041814	121.0877719723765	130.7654286321461	0	9.677656659769569	128.7336476674213	32.44495142334473	50.34475159897445	0	17.89980017562972	50.34475159897445	17.77290526457677	49.64836079025443	0	31.87545552567766	49.64280172702571	65.40180664026947	69.35157810756542	0	3.949771467295955	68.13533279150771	665.9398944273777	711.4411063476125	0	45.50121192023482	687.1101606038486	51.54353696873557	56.78215679405224	0	5.238619825316668	55.16298097306623	270.8666261557203	284.0435669380823	0	13.17694078236201	272.8903872341038	16.80652618509045	89.58547266797169	0	72.77894648288124	88.59724924022535	752.5033203026296	850.7360619305078	0	98.23274162787816	835.0145557253585	9.37962247852542	1134.69354281777	0	1125.313920339245	1125.430148046529	92.28963293283655	99.71320881203498	0	7.423575879198425	99.68171595342912	4.652643651407227	4.575496352768543	0	-0.07714729863868433	0.379194487918456	148.8423411004806	151.5147387037313	0	2.672397603250702	142.9868795414162	83.942660741369	262.3176721737957	0	178.3750114324268	245.3589716280862	72.26583149284998	109.2467432544514	0	36.98091176160139	109.1485068847366	530.1711233539964	574.7989739809581	0	44.62785062696166	565.5975788811859	20.19131904389039	144.7799941952696	0	124.5886751513792	142.2141538363275	17.66279963923233	247.1141913413648	0	229.4513917021325	246.8526361265478	56.42364351923689	602.7277830390215	0	546.3041395197846	592.04323868118	29.68630362922332	355.7117447912544	0	326.0254411620311	338.7582977183453
15.3733255099964	132.758377002628	141.7664812718076	0	9.008104269179576	140.7146675551115	320.2741717846802	335.0655972516288	0	14.79142546694863	331.6068678358106	8.994651783434053	12.92776961823938	0	3.933117834805327	12.52286441449525	9.7406667121697	14.37984722167002	0	4.639180509500325	14.06368954669488	18.26286015698435	20.55657982969088	0	2.293719672706529	19.64015703106402	38.06237625426014	40.85767844456308	0	2.795302190302934	37.13715732947635	80.71720195058209	81.31591262431309	0	0.5987106737309991	73.76875296653748	148.6780203798985	150.9399800649226	0	2.261959685024097	141.4196458303765	173.5159504206616	186.235746589133	0	12.71979616847143	181.7022299875202	28.95779855972593	41.64297519698628	0	12.68517663726034	40.99639694735049	5.325609709061705	30.62605003769885	0	25.30044032863715	30.05618601309244	12.24768938450357	43.64022173361945	0	31.39253234911589	42.3670390494656	36.37092991506709	39.55247704218143	0	3.181547127114334	37.33583512791574	271.9417609810338	271.1786581330432	0	-0.7631028479906354	253.583008045851	15.9575403261124	59.29922002869122	0	43.34167970257882	56.301012649798	22.54202050881615	84.12195197378065	0	61.5799314649645	79.4355152184242	15.04209660806261	39.85437243667472	0	24.81227582861211	36.99234941418158	267.7715947824705	295.2244412769342	0	27.45284649446368	280.0600795634632	12.52637526481866	42.25171705324799	0	29.72534178842933	40.37537490204677	14.43535273843012	54.84786774125959	0	40.41251500282947	52.56513510392515	65.0236460538584	73.81608178418197	0	8.792435730323582	72.64260856189169	11.38204212735389	28.86008201411722	0	17.47803988676334	28.86008201411722	8.8730029777327	43.20710615119145	0	34.33410317345875	43.20239241087116	69.10122178417167	72.36088956719711	0	3.259667783025446	70.98035749931535	497.1389650962905	534.1078343343012	0	36.9688692380107	514.947447762538	63.99133303472733	69.24706359937072	0	5.255730564643388	67.27711587253943	248.9491414214788	262.3501196662817	0	13.40097824480292	252.1254872228153	15.34002943561619	109.7393342547961	0	94.39930481917986	108.6213368861445	598.3727775351709	684.2029100990952	0	85.83013256392418	671.1723895734943	7.823269142664726	1232.467792149038	0	1224.644523006373	1222.633718159602	82.42041318465689	89.00780997993935	0	6.587396795282461	88.97855916079322	2.678418878200338	3.085391735530262	0	0.4069728573299242	-0.3267981449397369	194.2131216561241	196.7332915022943	0	2.520169846170193	184.9174500695668	83.39790552305089	282.22658669982	0	198.8286811767691	264.7837998887454	32.82655253322417	66.13813690680509	0	33.31158437358093	66.0769800767134	504.6226677216526	545.3934182449069	0	40.77075052325434	536.4025391561728	19.9650409139664	147.7856826140583	0	127.8206417000919	145.1857056816822	16.01072620347156	282.3064726676761	0	266.2957464642046	282.0211950458275	52.55411205904223	671.350423307812	0	618.7963112487697	659.9389494875038	27.27065641832699	397.3310313630151	0	370.0603749446881	379.1612581008994
15.3899921599964	117.1654070217664	124.1538771477079	0	6.988470125941461	123.1728202137201	255.4199423279086	265.9520560251071	0	10.53211369719845	262.970870347603	9.200964888962481	13.42996758288084	0	4.229002693918364	13.02133099999824	13.12718646962681	18.35293535627455	0	5.225748886647748	17.96871366230772	21.35212006647081	23.66078502912173	0	2.308664962650925	22.60394158115343	32.20598454606513	34.69812053504054	0	2.492135988975401	31.38628615554764	137.263600041526	138.3898836821017	0	1.12628364057564	125.6308817479448	146.6969581471797	148.5211871664475	0	1.824229019267833	138.0436329153697	158.6392616263432	170.3257971629484	0	11.68653553660523	166.0534235438014	25.72250233294595	37.40813240469736	0	11.68563007175141	36.81179101335851	5.572185114476895	31.42409882691901	0	25.85191371244212	30.84319317477126	12.35351440583231	44.90543003063237	0	32.55191562480006	43.61104591391965	61.30683261612723	64.3262522956324	0	3.019419679505165	60.3913893917579	228.8276143272315	228.1657297698071	0	-0.6618845574243566	209.5887158742828	15.7813792341458	65.56742304764579	0	49.78604381349999	62.42564187889749	22.31077729059891	96.79771695820345	0	74.48693966760455	91.73802127797097	15.21466433026781	45.72895034677649	0	30.51428601650868	42.68399211053094	329.3448475216849	356.0356918038318	0	26.69084428214688	337.5901113920967	20.83018699207723	52.89793113526974	0	32.06774414319251	50.60904271527797	14.29553874968193	61.09315658179266	0	46.79761783211072	58.66974200552823	51.5292238799187	59.00510445716518	0	7.475880577246481	58.01486998587312	13.58330915055854	29.52129451037328	0	15.93798535981474	29.52129451037328	6.130216544343488	40.05961798564601	0	33.92940144130252	40.05523408568976	73.96996804056361	76.76490713193972	0	2.794939091376112	75.19243980904665	370.3493048845948	399.0396485131957	0	28.69034362860094	383.8317491471039	71.24571676088459	76.48827295323407	0	5.242556192349478	74.31119581421065	236.8787847144523	250.4347439958063	0	13.55595928135394	240.7219570823314	14.58448817037663	133.5078890929508	0	118.9234009225742	132.2349410101953	439.3971834723195	512.6369616955619	0	73.23977822324244	502.5153320402832	7.304384505964667	1213.272398556589	0	1205.968014050625	1203.553998894355	81.70082109307154	87.52451173433457	0	5.823690641263022	87.49449092195715	1.652464585486988	1.929903785069158	0	0.2774391995821699	-0.3399799999646848	246.6526758317552	249.1888484471773	0	2.536172615422142	233.7682369189061	82.61284722429791	304.339971729361	0	221.7271245050631	286.3426216478507	15.61819735152607	42.91087640176463	0	27.29267905023855	42.86883267017428	492.6399521715876	529.8950464758872	0	37.2550943042996	520.8968205005688	20.60286410078968	152.2057685786593	0	131.6029044778696	149.5503339356353	14.82861518071336	312.694242824889	0	297.8656276441757	312.3888245035094	49.29199991214531	736.7120651089344	0	687.4200651967891	724.6166780963567	25.70680593640119	433.5510239430506	0	407.8442180066494	414.3283417190204
15.40665880999639	87.06932070790096	92.10467249113825	0	5.035351783237282	91.31789086727116	159.0131352042821	165.7867709983202	0	6.773635794038113	163.7286103071672	8.282946238795413	12.92636516127588	0	4.64341892248047	12.54709642745977	18.34902245948603	24.41238524973008	0	6.063362790244049	23.93042058529536	21.34935597127009	23.69124035131385	0	2.341884380043754	22.63540598290446	15.45942473839843	17.58492688180264	0	2.125502143404216	15.8088208928591	246.9675035832391	248.9339242838452	0	1.966420700606052	228.0836650839221	157.5646484885959	159.2316955599252	0	1.667047071329278	147.0817771291636	155.9130097847953	166.701936443067	0	10.78892665827168	162.3961293991459	28.25051942293305	39.01643652490816	0	10.7659171019751	38.37764267129007	6.103036315000134	32.34012144108274	0	26.23708512608261	31.74510047449217	12.54222791369163	46.10852102627577	0	33.56629311258414	44.79332337231557	97.33018576602642	100.5181267318366	0	3.187940965810195	94.07097048623207	212.9100984680112	212.9858278119939	0	0.0757293439827591	192.4549913651225	15.6180595865033	73.68078355342951	0	58.06272396692621	70.34748409916632	22.04836475753237	114.1564499183579	0	92.1080851608255	108.583479906229	15.36089413642391	54.03367714550717	0	38.67278300908326	50.72057139705176	599.1996959422123	624.7085801022974	0	25.50888416008511	591.8533686984871	37.0653484004913	71.68614540421945	0	34.62079700372814	68.66210288378041	14.22554880322302	69.20779687064305	0	54.98224806742004	66.59904693511646	71.86481889535665	77.96948231733295	0	6.104663421976296	76.5693446784031	33.05672939336613	47.17580825197075	0	14.11907885860462	47.17580825197075	6.714444992364512	39.61703991014092	0	32.9025949177764	39.61266650340411	81.15567237808838	83.65652897912439	0	2.500856601036008	81.84216559084349	307.0857753540453	328.2159526972579	0	21.13017734321263	314.757693925686	74.30082773052069	79.60860006052717	0	5.30777233000648	77.34765822922176	241.138310914725	255.0183532559465	0	13.88004234122151	245.1989284873364	13.77246374171426	165.8963449110572	0	152.123881169343	164.4186725754118	306.7085386600623	367.0716652514407	0	60.36312659137836	359.4966578953694	7.094594683922242	1119.033471419185	0	1111.938876735263	1109.876281508584	92.1973242819285	97.36224256545408	0	5.164918283525587	97.3273984157431	1.635329054975041	1.644624507795816	0	0.009295452820774985	-0.2122380954525217	304.9902447774688	307.7742792727581	0	2.784034495289257	288.8677252041044	81.2500973488162	327.4134202909748	0	246.1633229421586	308.8420634395843	15.32483880743232	36.28589085502344	0	20.96105204759112	36.24745225610052	498.9519043092133	532.9618538994978	0	34.00994959028448	523.6332721602118	21.83850301379311	156.251099817138	0	134.4125968033449	153.5421184465568	13.91016535178556	341.2743744906423	0	327.3642091388568	340.9502853960512	46.46363497457909	798.0979140752937	0	751.6342791007146	785.3689204377461	24.39748838836322	467.8812283295657	0	443.4837399412025	447.6727793081642
15.42332545999638	84.25598068986342	87.97390053230008	0	3.717919842436666	87.15655994455081	149.1746562475561	153.5514214386291	0	4.376765191072989	151.4166933158148	7.903046460439898	13.08968850810525	0	5.186642047665348	12.72263656751295	17.84198785153351	24.99259239704341	0	7.150604545509897	24.53166646518081	16.99224210954117	19.48730328093518	0	2.495061171394008	18.63055638029758	8.262989755359829	10.21515964202671	0	1.952169886666879	9.123369317585535	394.1939290211472	396.8974250593666	0	2.703496038219414	368.8997486731329	160.0665367755366	161.725700383271	0	1.65916360773443	148.8329631405011	163.8350377548745	173.8892406454608	0	10.05420289058634	169.2769947787869	31.25925852486219	41.16158281530487	0	9.902324290442689	40.46892995195929	5.958260528522954	32.13757134809043	0	26.17931081956748	31.54613260490742	12.3625920055853	46.55960282780087	0	34.19701082221557	45.24032296629548	92.47159562083189	96.06312871178137	0	3.591533090949487	89.86260588742464	217.3537927071822	218.6741494024377	0	1.320356695255503	195.864088580655	14.98956766243342	82.83870960817212	0	67.84914194573871	79.30189439024032	20.96328332260606	135.0459671860228	0	114.0826838634167	128.8843495642566	14.98601507384705	64.76514187344964	0	49.77912679960258	61.12063747090436	665.9792137249478	689.3017971326103	0	23.32258340766247	652.0069545857106	57.00292988789272	93.32540605080179	0	36.32247616290908	89.45722769033625	13.61053012789012	77.10270550578721	0	63.49217537789709	74.3269948092447	75.07097964103309	79.81764665837571	0	4.74666701734261	78.25618245910027	41.05071693009187	52.97490435032366	0	11.92418742023178	52.97490435032365	7.776288261805731	37.95225918459628	0	30.17597092279055	37.9479676324122	90.36203904500479	92.75981395200709	0	2.3977749070023	90.67731471510439	288.9140771261624	304.0174383077189	0	15.10336118155656	290.4534311690045	66.90207433981507	72.44639536517396	0	5.544321025358879	70.41444212440459	251.0301075946085	265.6310417280006	0	14.60093413339212	255.5667827450364	12.28294152692268	199.7975717430749	0	187.5146302161522	198.1162823371067	308.5965918455746	356.978007252524	0	48.38141540694945	349.2155208104245	7.35397876717242	966.9071344346152	0	959.5531556674428	958.6755067744581	99.20629598631454	103.8500345435606	0	4.643738557246071	103.8113639003391	2.737350185650405	3.05976358745131	0	0.3224134018009059	0.1100388651280356	335.9653814789786	339.13052691966	0	3.16514544068142	319.2010786305593	79.69666804278182	351.1892646740875	0	271.4925966313057	332.0159284650246	17.56214751799141	32.56348512242853	0	15.00133760443712	32.52526000488054	491.5551172360072	522.4392999455495	0	30.88418270954237	512.9957559638982	21.29587115195485	155.7169658309304	0	134.4210946789755	153.018292206836	13.01513848193414	364.3711509585486	0	351.3560124766145	364.0322996037078	43.6431574832889	846.4366434610623	0	802.7934859777735	833.2210450718044	23.05402111193146	495.4051807986762	0	472.3511596867447	474.424207302877
15.43999210999637	102.3062017947081	105.2191245717124	0	2.912922777004255	104.1683651283094	215.6352061154221	218.6387768092252	0	3.003570693803081	215.26954149977	7.90890242066422	13.70636520100108	0	5.797462780336859	13.34020185479145	11.49118875098041	19.92711372359345	0	8.435924972613037	19.58398272341534	7.236789710895082	9.904502787267036	0	2.667713076371955	9.480171114153155	8.926118071115249	10.76094684188656	0	1.834828770771313	9.560038572451081	537.8890163745343	541.3065227300934	0	3.417506355559079	509.9446614119992	148.3449740960577	150.0608937106179	0	1.715919614560211	137.905069280033	181.9510147675307	191.4182120905748	0	9.467197323044092	186.2216874025366	34.82206837899831	43.9238481165354	0	9.101779737537083	43.16363574770085	5.278398934365185	30.94008181901819	0	25.66168288465301	30.36745894042967	11.91328296764461	46.31713650052934	0	34.40385353288473	45.00795101725343	38.27619053950023	42.38376022693387	0	4.107569687433644	39.72408689429209	249.743373413857	252.4768026436854	0	2.733429229828439	226.7297044093332	14.29361288508666	92.12269604430169	0	77.82908315921503	88.38032413917669	19.79203276777524	157.3386351281742	0	137.546602360399	150.5587245771531	14.29135425621305	77.27768067383002	0	62.98632641761698	73.25095276612366	559.7382976314742	580.8133330588134	0	21.07503542733918	548.1930845275859	83.2693992544427	120.3228250773457	0	37.05342582290295	115.3706284113972	13.25819121773245	83.92065205428976	0	70.6624608365573	80.99815192613718	65.08177591395042	68.81455752795259	0	3.732781614002171	67.33957879530351	42.85114056487612	52.77735405954139	0	9.92621349466528	52.77735405954139	10.24754353862063	36.7758530955246	0	26.52830955690396	36.77153187139986	98.39112559259254	100.8155466959081	0	2.424421103315598	98.53320273215616	291.5671726184421	302.4887247199171	0	10.92155210147499	287.8010729660265	46.24753399009844	52.19386709279436	0	5.946333102695926	50.76484576885851	262.2981855354133	278.0133074385861	0	15.71512190317286	267.7486182052889	11.31584197794766	224.0255774244512	0	212.7097354465035	222.202413598739	436.3336141112279	475.1638651750013	0	38.83025106377342	464.2632950314947	7.940460403878784	792.1755353701494	0	784.2350749662706	785.0470407233354	99.69700254747112	103.979197459204	0	4.282194911732924	103.9392131758074	5.586531023608137	6.811085413020118	0	1.224554389411981	1.785700802833138	328.3972099593056	332.0460603430165	0	3.648850383710915	313.7822736928135	77.85727007898942	374.9231877067812	0	297.0659176277918	355.1488956817824	22.06194272626335	32.50674527356946	0	10.4448025473061	32.46386059365265	468.4877807382857	496.4089462872205	0	27.92116554893488	487.1226842453406	19.44308932276718	150.9227377531369	0	131.4796484303698	148.2914676590826	12.25058578592133	375.0347591814809	0	362.7841733955595	374.6893300839363	41.17900721067025	867.8177518530305	0	826.6387446423603	854.3990035085822	21.85504149590439	507.8529229328612	0	485.9978814369568	486.5386478354738
15.45665875999637	104.8026334057108	107.0678435930673	0	2.265210187356482	105.9240762574383	231.386634605409	233.4393549858763	0	2.052720380467305	229.4769222209912	7.840838277240653	14.21308344771122	0	6.372245170470571	13.84956499494913	8.436085270478239	18.21422524169556	0	9.778139971217319	17.91921142186701	7.962047280104686	10.72868819995602	0	2.766640919851339	10.28044898539619	24.41608428041647	26.07055014617608	0	1.65446586575961	23.03809948826853	602.1383372178415	606.3009108647175	0	4.162573646876034	577.3348389569649	142.0219103723392	143.8533156183824	0	1.831405246043199	132.268702145848	196.6405719790436	205.7529260850613	0	9.11235410601773	200.0725126998834	34.81685083139072	43.28308517364182	0	8.466234342251107	42.51475750066727	5.084391757388429	29.84526896767403	0	24.7608772102856	29.28709253830112	11.73208685153657	45.8577186625814	0	34.12563181104483	44.55882167865423	24.26942575487431	28.88919941153508	0	4.619773656660768	27.16442303049224	296.3482258848181	300.3688116546627	0	4.020585769844666	272.7999392605743	13.66393197694552	101.4040434814412	0	87.74011150449567	97.45464844319649	18.69916318523689	179.8877138122901	0	161.1885506270532	172.4921078970936	13.42513545459934	90.13799305185447	0	76.71285759725512	85.72412607116216	410.5131762230479	430.6141095502045	0	20.10093332715664	405.8424001915077	77.60614220756162	116.0689898564429	0	38.46284764888127	111.3439031069632	13.09644553206663	91.39165928565988	0	78.29521375359326	88.30450854728517	49.78655367775043	53.01013033570721	0	3.223576657956785	51.7889449347664	36.72928922005982	45.48447403743649	0	8.755184817376673	45.48447403743649	10.89533392348906	35.42804801483039	0	24.53271409134132	35.42377426299252	97.7543258470938	100.2786385315724	0	2.524312684478585	98.03353361987411	281.5585702342174	289.6927077083931	0	8.134137474175732	274.4465848428302	46.40600792067416	52.90330998773479	0	6.497302067060629	51.50211288035106	272.8706354602771	290.0212688448225	0	17.15063338454543	279.6552023450386	11.01885880406085	246.4681709470932	0	235.4493121430324	244.5139179880903	505.3638595699121	536.8702792954607	0	31.50641972554871	523.8938203302675	9.010973012230027	623.9994462636818	0	614.9884732514518	617.9838299258901	99.79837710109	103.8774098642949	0	4.079032763204856	103.8366005850849	18.10111273503661	20.41108607578793	0	2.309973340751325	9.752646184271246	297.059761640091	301.2786986797562	0	4.218937039665165	285.9193694371392	75.03383877954988	393.5249556489051	0	318.4911168693552	373.3226126916941	27.4689414108719	34.99056074807547	0	7.521619337203575	34.93882858632886	493.9391731193388	519.4544392247384	0	25.51526610539957	509.4169289257151	18.75002110598817	144.8181629215908	0	126.0681418156026	142.2635364677822	11.77851578362074	369.5342175275802	0	357.7557017439594	369.1925891299509	39.60620391993922	855.2817806544766	0	815.6755767345373	842.0074135731295	21.08776244536364	500.9380779047648	0	479.8503154594011	479.8403978895425
15.47332540999636	93.53039941450209	95.28160013998711	0	1.75120072548502	94.19095346928992	191.5941379212991	193.0130415296351	0	1.418903608335993	189.4124306039996	7.80152467145134	14.66898449009121	0	6.867459818639868	14.30654852265804	8.407641040465752	19.46672953326708	0	11.05908849280133	19.16673513490734	18.34350008766832	21.15789506275377	0	2.814394975085445	20.28863488919448	52.74716203795398	54.21247991534089	0	1.46531787738691	47.59645931614322	551.412335186866	556.4856477875848	0	5.073312600718764	534.2020573393448	146.3759861919471	148.4066851406356	0	2.030698948688467	136.769276698623	202.5393869143329	211.4789035698853	0	8.939516655552421	205.5866288364892	30.25364085857335	38.26041664707043	0	8.00677578849708	37.56757786403347	5.31621725732283	28.98527898102404	0	23.66906172370121	28.43579050432887	11.85593270105106	45.34789393860519	0	33.49196123755414	44.05597602571959	55.79952678660986	61.12426056175637	0	5.324733775146512	57.70318898510639	328.8711370866283	334.3830689740505	0	5.511931887422268	308.2547131680311	13.0246544866227	110.6287880909202	0	97.60413360429754	106.4752797936804	17.67772649901115	201.8131632174718	0	184.1354367184607	193.8297257847256	12.6008958300627	101.9998446284987	0	89.39894879843598	97.23336717336032	191.2276682798503	211.6947109962458	0	20.46704271639553	199.5158707461729	34.55733531825339	75.90688182746337	0	41.34954650920997	72.88466402854043	12.71685907685361	100.6470911302183	0	87.9302320533647	97.36080839108313	23.6337156423209	26.70577501652704	0	3.072059374206143	26.0655921939199	17.32814606443793	25.69825130799799	0	8.370105243560056	25.69825130799799	8.413614635688823	33.32878026298738	0	24.91516562729856	33.32476779033889	87.42893649996678	90.11334638548401	0	2.684409885517233	88.14341642839869	253.7102187811373	260.0558738865291	0	6.345655105391848	245.3391511321072	69.03104788674449	76.17742931135047	0	7.146381424605982	74.23356576780456	282.3227698168308	301.1036677902171	0	18.78089797338627	290.7062693248648	10.5922477403364	277.7389215839912	0	267.1466738436548	275.6058293849611	503.0905309375777	529.1240964142592	0	26.03356547668133	515.689102585505	10.57489599034888	485.3990903297975	0	474.8241943394486	480.3501326018397	99.98130515626784	103.9890501826109	0	4.007745026343074	103.9477888498936	60.97007072211501	64.28871198770116	0	3.318641265586151	41.12128140162724	246.3210122002194	251.2181438606775	0	4.897131660458146	239.3771738865659	72.97179065388717	406.7228692686023	0	333.7510786147151	386.2145085072275	33.42171067955195	39.21860464761115	0	5.796893968059203	39.15464634076962	570.0523374669748	593.758998266448	0	23.70666079947319	581.9699746794869	19.1113570834684	138.5335981856491	0	119.4222411021807	136.0517874207141	11.69321257419722	351.7146985283973	0	340.0214859542001	351.3847860190857	39.22073537774802	816.9126156286238	0	777.6918802508758	804.0461597555895	20.91786540634532	479.3427302697906	0	458.4248648634454	458.8769684456616
15.48999205999635	76.16833081919964	77.50208104407622	0	1.333750224876575	76.5492288223696	148.8702802441819	149.8738813269509	0	1.003601082768951	146.8135229966249	7.658424088783495	14.85440251321423	0	7.195978424430733	14.49581582156389	8.155891248366851	20.23595705273913	0	12.08006580437228	19.93509068060917	17.9684597806864	20.74238284130267	0	2.773923060616275	19.89436861152313	51.37306625538938	52.62847802704665	0	1.255411771657276	45.82650786337768	438.6679753269065	444.7970110977187	0	6.129035770812228	429.5294519804979	151.7699349105219	154.1163431502939	0	2.346408239771921	142.6173884308393	196.2521010631214	205.0720741059277	0	8.819973042806232	199.3265275422123	31.51408906655056	39.17716202995368	0	7.66307296340312	38.45642876588231	5.386889263166939	28.08657943627975	0	22.69969017311281	27.5471473778964	11.89663350068817	44.75619009026036	0	32.85955658957219	43.47293339473642	58.98177129466472	65.36414705754974	0	6.382375762885029	62.00071323781827	331.3310466201814	338.7327127509927	0	7.401666130811295	317.1358892823058	12.54092387334449	119.4433458381367	0	106.9024219647922	115.0951299224744	16.8416930982328	221.388382715706	0	204.5466896174732	212.8888200336861	11.86223869606681	110.9641205253189	0	99.10188182925211	105.93711212694	47.35430916567873	69.76257280458383	0	22.40826363890509	65.8571453845211	12.51370621767798	58.75000755975654	0	46.23630134207855	56.49033730887764	12.43624773276767	112.6427418235495	0	100.2064940907818	109.1006118241865	8.074176848117387	11.32563939937964	0	3.251462551262251	11.05399001941432	6.699900912441831	15.46965993480856	0	8.769759022366733	15.46965993480856	7.317973197037483	35.4550145417113	0	28.13704134467381	35.45089200986921	73.72373982170905	76.61156758804972	0	2.887827766340683	74.98946594570117	220.8921696393705	226.2261564876264	0	5.333986848255911	212.6482111258854	77.97837319513239	85.72394032720402	0	7.745567132071631	83.60922645301962	272.1744845604873	292.4573485727789	0	20.28286401229165	282.6630289560633	13.9244601802018	328.1709137847416	0	314.2464536045399	325.75009354821	491.5463628283833	513.7565757704089	0	22.21021294202557	500.138726720619	17.62121418289692	390.5515863394818	0	372.930372156585	386.1778812158294	95.46987997260672	99.52614379570061	0	4.056263823093886	99.48670840307902	138.349982484856	142.4960395893177	0	4.146057104461683	106.364054259834	194.5786439697764	200.2469097353084	0	5.668265765532085	191.5023698076651	71.79753767656878	417.2554608066917	0	345.4579231301229	396.484872351128	33.78584597509836	38.74105389521997	0	4.955207920121609	38.67330186442272	578.0136627493686	600.3567801051165	0	22.34311735574784	588.1670363458067	19.473036556438	133.0117443429588	0	113.5387077865208	130.5931817634144	11.94621865232835	328.0708017456796	0	316.1245830933512	327.7564750458304	39.8430817791708	765.813978604268	0	725.9708968250972	753.4882779897398	21.27360469563144	450.821459942326	0	429.5478552466946	431.1877999063565
15.50665870999634	54.88975092455807	55.96852182427703	0	1.07877089971896	55.23156999790167	112.1505622087067	112.9550017657615	0	0.8044395570547651	110.4542151912309	7.551856291640153	14.96824494107783	0	7.416388649437681	14.61198914770579	8.051631701878614	20.92692595241671	0	12.87529425053809	20.62336716200665	8.826217209632183	11.55573063650586	0	2.729513426873678	11.0815623949224	23.61812529002947	24.72474078625489	0	1.106615496225419	21.32431205540386	293.2862046767008	300.8759511229925	0	7.589746446291724	291.8705564236087	155.8228371654749	158.6283304397421	0	2.805493274267293	147.6302435830679	180.1868603382797	188.9531353664215	0	8.766275028141816	183.6417727245033	39.48237994107401	46.94631285995391	0	7.463932918879899	46.0736220787285	5.281670009142323	27.35122488101585	0	22.06955487187353	26.82111965747616	11.78013834583258	44.20612734255116	0	32.42598899671857	42.93273899373639	32.41066573169683	40.14685538342501	0	7.736189651728171	38.28037965388296	260.0000763145841	269.501765386282	0	9.501689071697832	255.7631950535843	12.22551292067775	127.2155738992054	0	114.9900609785276	122.6961645748385	16.27631500220792	237.4142222056261	0	221.1379072034182	228.496855063728	11.42439834256015	116.8936022818059	0	105.4692039392457	111.6947664997003	24.28390302879272	49.94132345034213	0	25.65742042154941	47.27703959823748	12.7194170238392	65.65750026486549	0	52.9380832410263	63.23645735065853	12.10014096683399	126.4543849211564	0	114.3542439543225	122.6245530759272	6.607570108018413	10.22606870308403	0	3.618498595065616	9.988647742331077	6.922889534172887	16.66786488651936	0	9.744975352346477	16.66786488651936	7.365643394204841	41.4463089383399	0	34.08066554413507	41.44175803300721	58.62168358754931	61.77762656608336	0	3.155942978534055	60.51929340250987	179.4256679209869	184.1883847117113	0	4.762716790724387	172.6451245124678	73.52319664821441	81.66807719877198	0	8.144880550557586	79.69914187523287	242.5538471978121	263.8420711111725	0	21.28822391336036	255.1861444797471	19.64075050500541	393.1487681731828	0	373.5080176681773	390.3685024000853	472.5715346821967	492.179251287142	0	19.60771660494529	478.6679981851864	31.15347570074989	331.9514829485973	0	300.7980072478475	327.9726815004475	84.2286577404756	88.41728150693341	0	4.188623766457807	88.38260762086468	219.6757737176113	224.8950814854944	0	5.219307767883141	183.6851441392783	149.9594966603706	156.5736873649646	0	6.614190704593938	150.2307427370756	70.15273455828836	422.9180420072985	0	352.7653074490101	402.0362246521215	24.95731606248332	29.50312599640739	0	4.545809933924066	29.44931628872175	497.1535000130933	518.7292324709532	0	21.57573245785998	508.037524801543	19.6546778110895	129.3835846136107	0	109.7289068025212	127.0065480968654	12.38217350207101	303.1233955301907	0	290.7412220281198	302.8257129457249	41.00596320115901	711.2510828433572	0	670.2451196421981	699.5077221288597	21.9051545621909	420.7314478057467	0	398.8262932435558	401.9830110181368
15.52332535999633	36.11358669525703	37.20515607130798	0	1.091569376050944	36.69125251588909	97.2071568313564	98.09391983650173	0	0.886763005145327	95.79444423244145	7.602639092310254	15.28625417639002	0	7.68361508407977	14.92715906363946	8.075273271051191	21.78792803675474	0	13.71265476570355	21.47882652075354	6.612385045031579	9.409874825867503	0	2.797489780835923	9.024173285654001	35.86419039774203	36.98616528050198	0	1.121974882759956	31.65119212279219	236.2775998952633	246.0314759305609	0	9.7538760352976	239.590761155788	148.3293392065441	151.764816253088	0	3.435477046543967	142.1737746068281	170.6284773715512	179.3399612050694	0	8.711483833518164	174.2886063480107	39.1849890791234	46.57450202982364	0	7.389512950700245	45.70499778330392	5.408680831841682	27.31871552229393	0	21.91003469045225	26.78771187115604	11.96145128324195	44.32116085839856	0	32.35970957515662	43.0428426082081	19.73394644209424	29.33095838156739	0	9.597011939473145	28.11330926924205	162.8835512141044	175.1442256627006	0	12.26067444859621	168.0072058887186	11.87014509464119	133.0371362502551	0	121.166991155614	128.3928007768923	17.53724807047332	251.3120636088102	0	233.7748155383369	242.0176436888336	11.77384350266553	122.3871333277846	0	110.6132898251191	117.0181693926844	18.32274486883071	47.52089651805652	0	29.19815164922581	45.1093758507421	11.89665054709552	71.69782520087543	0	59.8011746537799	69.15316793945779	11.39732207784087	138.4282971889681	0	127.0309751111272	134.3586788241096	5.688880232903024	9.67174472773045	0	3.982864494827426	9.456629254771688	6.5885060089965	17.39845007627601	0	10.80994406727951	17.39845007627601	6.834658117979688	47.55323421377274	0	40.71857609579305	47.54828547554455	49.99183702811762	53.52724459183153	0	3.535407563713914	52.48842092996621	122.2715621950811	126.6638367390649	0	4.392274543983812	118.4655137199464	62.55326351539621	70.76013275347705	0	8.206869238080845	69.06699499692047	221.9057621575109	243.4011916261201	0	21.49542946860921	235.4705030425362	17.22186768451762	438.1099244236717	0	420.8880567391541	435.0999209302242	461.2976953214938	479.1245517555602	0	17.82685643406633	465.5990123049895	60.29922984982399	300.8070380975852	0	240.5078082477612	296.9308909916102	74.09396292791024	78.44831589352067	0	4.354352965610432	78.41798607637976	253.4372400620381	260.3207910737314	0	6.883551011693302	225.5116149686845	106.3636882662095	114.2297839376807	0	7.866095671471161	109.9543123605197	69.66004128723574	425.9197734129689	0	356.2597321257331	404.9679665309301	15.68191593860133	19.83317197580389	0	4.15125603720255	19.79571828605998	414.2187006769373	435.5504429112022	0	21.33174223426493	426.5193141396321	20.18249399879166	128.920149052035	0	108.7376550532433	126.5439597221421	12.70230165959549	277.3637420914953	0	264.6614404318998	277.0836295806724	42.18884036744338	655.9334106601229	0	613.7445702926796	644.790561067835	22.44563812454762	390.1846068830735	0	367.7389687585259	372.3511616607711
15.53999200999633	17.13249735867709	18.43600178137395	0	1.303504422696857	18.17892976620245	104.4231329539636	105.61244365206	0	1.1893106980964	103.0956775839744	7.603248457003366	15.52816701570762	0	7.924918558704249	15.16807093312949	7.972241237651676	22.43748240497215	0	14.46524116732048	22.12541502642306	10.36329679375749	13.26590103858158	0	2.902604244824087	12.7278990193924	88.54316493034241	89.78647509574301	0	1.243310165400599	76.62803337083446	288.7317252066609	301.2268418192478	0	12.49511661258696	294.2945421409698	126.2519916526537	130.5724524025993	0	4.320460749945573	123.1585245032388	171.3637521697841	179.9555967387421	0	8.591844568958013	174.8651669077817	30.04271943685093	37.43996072604732	0	7.397241289196395	36.74080564699075	5.734122563434424	28.07518811232682	0	22.3410655488924	27.53234093453779	12.38234041466966	45.21817199212756	0	32.8358315774579	43.91925923255252	21.34069606445017	33.57997524331596	0	12.23927917886579	32.34946612241184	83.97709462034526	100.1717568289665	0	16.19466220862121	96.89873559763045	11.43014530072319	135.1490572804288	0	123.7189119797056	130.465602474538	20.11312935575614	259.6687185081863	0	239.5555891524301	250.1321349381244	12.44209717086667	126.8225020733384	0	114.3804049024717	121.3131957530255	18.05484265048609	50.395726621595	0	32.34088397110891	47.93718458005016	11.29249145888227	76.1178827985365	0	64.82539133965423	73.48391189793048	10.5787160772035	144.4349680469036	0	133.8562519697001	140.2519350557225	5.736129203422522	10.09554579101989	0	4.359416587597364	9.879901039794765	6.449112561332389	18.16378312584093	0	11.71467056450854	18.16378312584093	6.251051928186127	51.69148786130555	0	45.44043593311942	51.68628261498856	48.60358897606955	52.64408573700521	0	4.040496760935653	51.68016153809253	51.16832097681394	55.55743533986045	0	4.389114363046523	51.89962634562153	46.06090701540897	53.90600120026771	0	7.845094184858744	52.60178758056321	212.2181414352486	232.940971239995	0	20.72282980474641	225.2813655827568	10.0143503129539	437.8549366409039	0	427.84058632795	434.8593826090352	469.8834108495384	486.9842471197175	0	17.10083627017902	473.0122193940709	110.1375611231085	298.8824151301416	0	188.7448540070332	294.7049595055394	67.9622294823219	72.54001007614237	0	4.577780593820472	72.51245686574036	171.2237068851154	180.09194691159	0	8.868240026474609	162.1798739453908	60.07867218259349	69.49400258365522	0	9.415330401061732	67.09658668448104	69.69088589024436	428.5825559048409	0	358.8916700145965	407.5558052893259	8.434623274283602	12.31492134113991	0	3.880298066856311	12.29092109658645	356.6032033055384	378.102347285074	0	21.4991439795356	370.271777747679	20.94893324854832	132.266932642765	0	111.3179993942167	129.8441135138726	12.8683152314788	247.575423606146	0	234.7071083746672	247.3161957248037	43.08764036199431	597.5296839528164	0	554.4420435908221	587.0362716803957	22.54799139030531	354.5080285714212	0	331.9600371811159	337.7759288737391
15.55665865999632	18.81499733722849	20.43766030730103	0	1.622662970072533	20.16158070652554	91.68538175735743	93.22770857104021	0	1.542326813682787	91.06449628731291	7.750633016997701	15.96715883444158	0	8.216525817443875	15.60166107915117	8.011793949593045	23.21985239502132	0	15.20805844542828	22.90241830880469	17.27376724163355	20.37764410185851	0	3.103876860224966	19.5683866588993	106.4076320418452	107.8470842070004	0	1.439452165155252	92.36885787160136	346.6230328445276	363.1876297179044	0	16.56459687337677	355.8175934551148	109.7452802974809	115.3491811201493	0	5.603900822668394	109.5301348168657	153.9614722632039	162.4106241643837	0	8.449151901179871	157.7870632698974	19.79840206618239	27.27327209055169	0	7.4748700243693	26.76559482817696	5.732834554233622	29.00899674759068	0	23.27616219335706	28.45498135315408	12.40888100781389	46.15023591914809	0	33.74135491133419	44.83603034193781	22.3095579105547	38.37539666093483	0	16.06583875038013	37.14591439832562	42.29806075350394	64.35774692229799	0	22.05968616879405	62.66367314387022	11.10685375321571	133.6115902499185	0	122.5047364967028	128.9682541972901	19.11423289551562	257.4197668909097	0	238.3055339953941	247.9537362606162	37.0653138523553	154.2603786533033	0	117.195064800948	147.604976533652	17.12306046845864	51.09430228814934	0	33.97124181969069	48.65399051540724	10.71272378081085	77.10201843917575	0	66.3892946583649	74.45572775595596	10.08687918130887	142.8219925207856	0	132.7351133394767	138.6782567966709	5.560922663416195	10.12433095070872	0	4.563408287292521	9.914004832695682	6.127388998541294	18.15988267643553	0	12.03249367789423	18.15988267643553	5.668065462366451	51.37657319043352	0	45.70850772806707	51.37141668361274	45.43643654374172	50.17192916664914	0	4.735492622907424	49.31337821338364	13.38997466403501	17.84268500526741	0	4.452710341232401	16.66571530201655	45.02600913416132	52.25153482313263	0	7.225525688971313	50.95175803576235	213.6984750777025	233.0013387457632	0	19.3028636680607	225.1575112070546	7.287584272839633	394.0109282288285	0	386.7233439559889	391.2505757134997	422.9414451649768	439.9949128500036	0	17.05346768502682	427.3283483792063	124.485508872609	267.4533035150511	0	142.967794642442	263.3405269051788	59.33355147629395	64.18388172919002	0	4.850330252896065	64.16001664140988	220.4303323287318	232.9185867624751	0	12.48825443374326	215.3995837845852	50.03632714014199	61.528068046296	0	11.49174090615401	59.57708893035348	69.32903425484521	430.0403180846296	0	360.7112838297844	408.982995432293	4.669673251975709	8.180190018772473	0	3.510516766796765	8.163705232814275	353.6339536832008	375.6267567651233	0	21.9928030819225	367.9044356998543	20.98333121930402	138.0474523927439	0	117.0641211734399	135.5550500590188	13.09526618944279	213.676019166383	0	200.5807529769402	213.4412622327591	43.37674578163261	531.6661019638332	0	488.2893561822006	521.9295964779435	22.73492315489201	312.1723779214539	0	289.4374547665619	296.7795494231221
15.57332530999631	43.53124673056733	45.56425785293479	0	2.033011122367458	44.98556781729023	52.72917334445364	54.68904960646175	0	1.959876262008111	53.49153829023295	7.922040845840163	16.46930936087302	0	8.54726851503286	16.09790941750312	8.034274066390026	24.00794341669591	0	15.97366935030588	23.68531414817497	27.57343295493951	30.92889024867403	0	3.355457293734527	29.73823034760394	82.9831861537055	84.65090230280637	0	1.667716149100865	73.09497535665267	389.1483942810989	411.5825968744904	0	22.43420259339153	404.2364513957722	102.0391513474301	109.4832589297037	0	7.444107582273592	104.6079672244656	113.0587876548495	121.4128403025591	0	8.354052647709642	117.9384635603801	8.862213054672386	16.41052814841327	0	7.548315093740884	16.10618870267461	5.399911955442275	29.51781559845809	0	24.11790364301581	28.9604401323909	12.02299800907112	46.5276594498836	0	34.50466144081248	45.21299979813024	23.42643069402078	45.08052632732415	0	21.65409563330336	43.82449594460113	46.7224578980804	77.66557101091102	0	30.94311311283062	76.0064698564486	10.71186599285677	129.567143558536	0	118.8552775656792	125.0214900559236	14.70981300719508	247.4387671057987	0	232.7289540986037	238.2821614584433	82.32726168105063	202.3043106787605	0	119.9770489977098	193.6341771295607	16.48452213855023	50.40927137922022	0	33.92474924066999	48.00723416766147	10.33584391325808	74.9311675154934	0	64.59532360223533	72.34062112938611	9.866838162177887	135.2324854508797	0	125.3656472887018	131.2487544812397	5.441298607788317	10.06179362783089	0	4.620495020042576	9.855065163942321	5.88029001197999	17.59671488121618	0	11.71642486923619	17.59671488121618	5.309833087998117	46.90953352270429	0	41.59970043470617	46.90470432232055	38.79729660395781	44.45845739843534	0	5.661160794477522	43.75321265755221	14.23287541419561	18.87395475941533	0	4.641079345219723	17.6370933163288	60.17099018813662	66.97542782258215	0	6.80443763444552	65.26495117802112	231.303640734123	249.5791594792055	0	18.27551874508248	240.9866232742205	7.617509644512692	325.0996506440757	0	317.482140999563	322.7114521817382	314.6665371141303	332.1803256949276	0	17.51378858079729	322.6651932521151	106.6876740414244	209.5267774930446	0	102.8391034516203	205.9021142982624	47.666793120885	52.83389133376465	0	5.167098212879655	52.81469657976252	472.8440267617004	491.1754189555417	0	18.3313921938413	463.016864874352	77.3572942385924	91.62979376609054	0	14.27249952749814	88.97216711422577	69.01976466305752	430.7047978285508	0	361.6850331654933	409.6364162002332	4.603318258088763	7.693703119180117	0	3.090384861091354	7.677468334765618	402.9565498767139	425.3588721104869	0	22.40232223377303	416.6805272515331	20.20605552432763	142.5859002381372	0	122.3798447138096	140.0455523304001	13.46907414139038	178.2029738728402	0	164.7338997314498	177.9947233665304	43.69731966262614	457.4021953827632	0	413.7048757201371	448.5452396775472	23.14080364386847	266.2454481701801	0	243.1046445263117	252.3476431114835
15.58999195999631	58.74390957206145	61.29699039151899	0	2.553080819457533	60.57844165140484	57.33623654912923	59.84941054459346	0	2.513173995464241	58.64297996367489	11.60011701690144	20.26748074476357	0	8.667363727862128	19.81451133260925	7.78795974362112	24.02213177858721	0	16.23417203496609	23.70193086439417	38.32559280768793	41.84337508757347	0	3.517782279885547	40.27956442111714	80.02657593365379	81.91201524865706	0	1.88543931500328	71.4384625261042	409.3285572868924	438.7070086128076	0	29.37845132591515	431.7077030995309	76.57713233875906	86.51638814285938	0	9.939255804100318	83.10334489211876	112.4479432947278	120.8200806737155	0	8.372137378987718	117.3589720495304	12.16966882346622	19.71010391057829	0	7.540435087112066	19.34472538812646	5.560227682814705	29.74339836507487	0	24.18317068226017	29.18282015016219	11.828020280026	46.35840534354496	0	34.53038506351896	45.05027793790455	24.17042658035428	53.81619385295883	0	29.64576727260455	52.51016755036432	48.50248776834204	92.70548662105971	0	44.20299885271767	91.07618086256156	10.68223351597222	122.5669088193928	0	111.8846753034206	118.1841860802761	30.23819699991907	250.0970907189687	0	219.8588937190497	240.7002177350461	108.9728851489562	228.1280293672471	0	119.1551442182909	218.3375161011979	16.3658890058036	49.59334116609442	0	33.22745216029082	47.21428667992894	10.13430638175567	70.57978481152385	0	60.44547842976819	68.09252836811567	9.677977457426021	122.5793876040029	0	112.9014101465769	118.86422569015	5.530740652849771	10.27846968267712	0	4.747729029827352	10.06903898859653	5.87437381616545	17.10532296610716	0	11.2309491499417	17.10532296610716	5.2385484668815	40.75786343840419	0	35.51931497152269	40.75347579419261	32.7486278332249	39.52388049712798	0	6.775252663903071	38.94286952445601	14.71227205890797	20.02411367767104	0	5.311841618763069	18.7449410631063	91.91493182672633	98.82405536907655	0	6.909123542350211	96.28916402819495	199.9606306380278	218.4035574100799	0	18.44292677205205	210.8565118780817	7.925360441276664	247.0430416271333	0	239.1176811858566	245.0965019385111	209.0152359143158	228.0822017869667	0	19.06696587265089	221.6710636034846	82.34732473582005	155.5588728299626	0	73.21154809414257	152.4953714346644	33.04699508427407	38.63849292014965	0	5.591497835875586	38.62483839203082	623.35607328945	649.8757977027678	0	26.51972441331788	620.4272526966939	71.73027872748972	89.23886268306008	0	17.50858395557037	86.85738137285469	68.75116434220534	430.7588750390122	0	362.0077106968068	409.6966213742588	4.828627649504466	7.807496618739982	0	2.978868969235516	7.790445261879849	411.4554205900598	433.7893491833107	0	22.33392859325092	424.9480530250412	22.97402379874714	145.8986943570843	0	122.9246705583371	143.305087026274	13.82522079311881	143.8432684018892	0	130.0180476087704	143.6618283131485	44.03911487644882	380.4282705482291	0	336.3891556717803	372.516126399787	23.48256657667177	220.0994225390772	0	196.6168559624054	207.7616402112778
15.6066586099963	64.38822052958794	67.54951763563885	0	3.161297106050909	66.82188797173883	110.5398509998071	113.6654019480051	0	3.125550948197913	111.5817436857101	18.49634827359705	27.05476750972043	0	8.558419236123383	26.44898726283302	7.597888445782961	23.43162793044313	0	15.83373948466017	23.11731334174393	49.98614444703988	53.60433924170444	0	3.618194794664568	51.64069052775316	104.9562276570906	107.0473066462173	0	2.091078989126736	94.25192132791224	421.499446317557	458.3980249965546	0	36.89857867899757	451.6938970961558	30.91543063188118	44.14995819540426	0	13.23452756352309	42.59175255595795	159.8660010287484	168.4705146745501	0	8.604513645801683	163.6794570142903	28.11857478445754	35.52814372012883	0	7.409568935671297	34.86623244148402	6.070184886409287	28.90680376107295	0	22.83661887466366	28.35338345608415	11.73250536660508	44.94582711153461	0	33.21332174492954	43.66377177242576	24.38051385791143	65.10376223235106	0	40.72324837443962	63.71529168750337	49.76902135038933	113.4288103510415	0	63.65978900065218	111.7560033302186	11.36912099972449	113.8054997268796	0	102.4363787271552	109.6178897202183	64.29097203973565	264.9621734308412	0	200.6712013911055	254.7546943067585	124.9923886862305	238.3091299486903	0	113.3167412624598	227.9398042475617	16.14002247787532	48.23091546182044	0	32.09089298394512	45.89120718494289	10.03835321893561	64.91254206071368	0	54.87418884177806	62.5587612891922	9.721665028331987	107.427186269319	0	97.70552124098705	104.0376710082489	5.538362526109493	10.41005494384846	0	4.87169241773897	10.20020728857207	5.840246045177798	16.53734242853254	0	10.69709638335475	16.53734242853254	5.261519426043672	34.52925486180492	0	29.26773543576124	34.52532254507788	28.28444463666826	36.33458386748649	0	8.050139230818228	35.83678030101486	15.04925126708056	21.28643149078083	0	6.237180223700276	19.98785061974869	145.7357201103311	153.6246023156307	0	7.888882205299616	149.8246370431238	91.67688647228846	112.2954391752543	0	20.6185527029658	108.533244129585	8.671574697997887	178.6293293399898	0	169.9577546419919	177.0927521617087	106.397551027076	127.9956357214376	0	21.59808469436166	124.5138954716643	40.15007038419676	92.60708631751298	0	52.45701593331621	90.52408486565515	14.59370895548735	20.72954642316306	0	6.135837467675711	20.72245902938492	658.4774870967176	696.9936196105733	0	38.51613251385563	670.8413381672334	35.21930835948366	56.24866389306418	0	21.02935553358052	54.85036853226641	68.38443541239023	428.5950644235948	0	360.2106290112046	407.6058148325836	4.999982092306014	8.006618949442075	0	3.006636857136061	7.988981165926211	369.2170987233374	390.7249275793436	0	21.50782885600615	382.678277903624	28.21657212261308	142.9328724814528	0	114.7163003588397	140.3448530373952	14.149255698881	113.0661035436636	0	98.91684784478261	112.9098468172858	44.43457008907289	307.2353826731279	0	262.800812584055	300.2572638841975	23.77417573648938	177.2777564952891	0	153.5035807587998	166.4478909113737
15.62332525999629	56.62403677275166	60.43053492248666	0	3.806498149735	59.82676667852879	107.1831128329448	110.9627383266229	0	3.779625493678078	109.1041701693709	17.71735767942514	25.96877141144613	0	8.251413732020985	25.38079378896133	7.353158597118209	22.25730958783939	0	14.90415099072118	21.95312567680869	45.80063558353143	49.42933808445297	0	3.628702500921529	47.63520147899181	112.6597424744379	114.9146577973641	0	2.254915322926164	101.9674054662587	407.0325830550734	451.5311773060629	0	44.49859425098953	445.359611891448	35.68765053099969	53.09824566665223	0	17.41059513565254	51.40228390165394	178.9873493856558	188.2170211965862	0	9.22967181093043	182.9800057951979	34.75762487453891	42.01074540444636	0	7.253120529907457	41.22180159398914	5.623085859463915	25.60862969679163	0	19.98554383732772	25.09882885135645	11.17307848320138	41.45484007888688	0	30.2817615956855	40.2387673426018	23.63425093773355	78.45149904686158	0	54.81724810912803	76.95796437562481	48.78186071194033	138.611862431578	0	89.83000171963764	136.8527735651427	13.52762598276095	106.2376076226555	0	92.70998163989459	102.1967778865577	74.12892272321082	254.107621429264	0	179.9786987060532	244.0164937306406	120.1564806517974	224.4330421486571	0	104.2765614968597	214.4369091455843	15.9871450516133	46.6177062937191	0	30.6305612421058	44.32047718863083	10.09731305749369	59.11515741878275	0	49.01784436128906	56.89700571372394	10.01811761797224	93.1966911296534	0	83.17857351168117	90.11777766229798	5.520918776664803	10.49200048996401	0	4.971081713299204	10.28237553948565	5.844763048271142	16.03905577890647	0	10.19429273063533	16.03905577890647	5.44852876953633	29.49357358426619	0	24.04504481472986	29.49000908099741	29.43762744168448	38.86438407585312	0	9.426756634168633	38.36423414900865	15.29998085414711	22.68594642932852	0	7.385965575181409	21.37615192708984	146.2076588030166	156.2748799254921	0	10.06722112247542	152.7223724193557	56.7382600559979	82.19313242000179	0	25.45487236400389	79.62850668053645	24.88536016933084	145.9067423389666	0	121.0213821696357	144.5315095537342	149.6882260991803	174.5654975341716	0	24.87727143499129	169.9977411021353	19.96361496123869	58.3166156977278	0	38.35300073648911	56.81810305424156	17.05672976720478	23.84560456402391	0	6.788874796819135	23.83774050968928	725.9019721840276	780.6750552766899	0	54.77308309266242	755.5480224983584	36.33589095468226	61.04115973615895	0	24.7052687814767	59.61222587146304	66.50575130656863	417.8957841619124	0	351.3900328553437	397.2676689059428	5.126751604526258	8.25019772285102	0	3.123446118324761	8.232170562812023	353.4188596818764	373.6809987514819	0	20.26213906960557	365.8228709806112	25.28722566650661	122.8452943986034	0	97.55806873209679	120.5172941002842	15.07578484700382	88.9016329096637	0	73.82584806265989	88.76554812925153	46.05948526724016	246.4369617668053	0	200.3774764995651	240.2441350885103	24.97509338726117	142.6651730731054	0	117.6900796858442	133.0656095234049
15.63999190999628	35.47655531151153	39.9820922594792	0	4.505536947967665	39.60686123966589	44.02933527682315	48.57192303254304	0	4.54258775571989	47.82053913011217	10.41780711428841	18.26450358687626	0	7.846696472587847	17.84362471031318	7.136144304103434	20.85734841269519	0	13.72120410859176	20.56443219627886	26.64167250959119	30.23670032383777	0	3.59502781424658	29.13971638854611	101.4089279773504	103.8178136906217	0	2.408885713271356	92.67596388802089	363.8261479798805	414.5992884089033	0	50.77314042902274	409.1918008789881	86.05505024035612	108.0974510286618	0	22.04240078830567	104.9165354316074	157.4816472798765	167.8525202495856	0	10.37087296970912	163.3650276623704	33.57197571572848	40.86960493506139	0	7.29762921933291	40.10194758848898	4.5882810639777	21.2535135256062	0	16.6652324616285	20.8062187622318	10.46972185053825	36.96003187206486	0	26.49031002152661	35.82869402467693	21.89178148157301	90.82243643645181	0	68.9306549548788	89.23264025220526	45.21399740377998	162.4218870555534	0	117.2078896517734	160.5733001138163	17.1390717643055	100.9613048160687	0	83.82223305176323	96.98759271752074	60.62810628942831	221.158902353343	0	160.5307960639147	212.0860165506426	93.09191868975091	187.1223767796506	0	94.03045808989967	178.5373271900598	15.88098141635593	44.91598000213691	0	29.03499858578098	42.66127307318396	10.22304128710089	53.84375257223873	0	43.62071128513784	51.74897113733791	10.41782801370105	81.25503650137524	0	70.83720848767419	78.44117161767916	5.490077412337375	10.53390011287213	0	5.043822700534752	10.32482811665834	5.847521134169607	15.6156941289361	0	9.768172994766491	15.6156941289361	5.650537738471384	25.78282133491388	0	20.13228359644249	25.77952709834466	35.61424776254007	46.35169714451191	0	10.73744938197184	45.784670349929	15.49038773617059	24.21923043471414	0	8.728842698543549	22.89725201106032	66.35130581500901	79.7734868458283	0	13.42218103081928	78.14196940146518	120.3146885303894	152.9094497022728	0	32.59476117188334	148.5388005756877	60.24694947036091	149.5728637777158	0	89.32591430735484	148.0371954553571	332.0873533285431	360.7889553938531	0	28.70160206531001	351.713160216901	22.89083561559691	52.30052158194125	0	29.40968596634433	50.78180253793587	39.34295727513982	46.82302511115702	0	7.480067836017195	46.80811157994474	815.4376828587777	888.2624444681588	0	72.82476160938114	862.7536807437366	70.26868567483092	98.27058517661976	0	28.00189950178884	96.07351058467587	63.85649894644913	393.6099814929131	0	329.753482546464	373.7610264178033	5.211239963818902	8.501809742454622	0	3.29056977863572	8.483573733864571	377.1719057299846	396.7105504299199	0	19.53864469993534	388.2277693766918	16.76016246081171	95.0739808327173	0	78.31381837190558	93.15235803809337	16.52561950230267	72.17824071722909	0	55.65262121492641	72.05565382151769	48.64180982181397	201.8652090789017	0	153.2233992570877	196.2289035393673	26.87708379524301	117.8735985001245	0	90.99651470488145	109.1210203724755
15.65665855999628	24.5969664497687	29.74990505026521	0	5.15293860049651	29.48422741277675	27.55323087319756	32.81047517233455	0	5.257244299136991	32.33485538396386	7.214360337188127	14.73066575853992	0	7.516305421351791	14.38519139733237	7.226177514799895	19.94957865070005	0	12.72340113590016	19.66169006601636	14.61511988934084	18.19149406658298	0	3.576374177242144	17.53011623005611	73.70530563537442	76.22818149476836	0	2.522875859393946	68.35755622631599	295.8094131935022	350.6816485866649	0	54.87223539316273	346.2300242305463	93.79369602117646	119.9948896512653	0	26.20119363008888	116.6633147381391	127.8781305553812	139.8644415327023	0	11.9863109773211	136.3206216638596	26.08950390320502	33.81789897347009	0	7.728395070265075	33.19345529026533	7.952211768428817	22.03301169232552	0	14.0807999238967	21.54280074976536	17.25905365084914	40.38514518004823	0	23.12609152919909	39.08990859895106	32.51395865358794	110.0051533118557	0	77.49119465826772	108.1607187287329	100.6109478190841	234.6760434890698	0	134.0650956699857	232.1479382799736	16.94763983891582	93.83330172831538	0	76.88566188939956	90.02631998821836	42.81364319538463	187.9185794973625	0	145.1049363019779	179.9782728163074	62.52776283396301	147.8216196986999	0	85.2938568647369	140.8412169428186	46.81460932895622	74.43119774342762	0	27.6165884144714	70.62605313704834	10.70142467177985	50.06526307159965	0	39.3638383998198	48.05187390808452	11.08577366272924	72.74931082138424	0	61.663537158655	70.12126351690051	10.62805389330219	15.71037365550861	0	5.082319762206421	15.39991822839302	7.338822349870384	16.7729716825408	0	9.434149332670417	16.7729716825408	6.080372434799207	23.53483572892249	0	17.45446329412328	23.53168419898335	32.2551649164872	44.05495928892427	0	11.79979437243707	43.53521661235376	55.01439981822092	64.97452189597419	0	9.960122077753278	61.59360740387855	57.67882467739686	74.59326005360084	0	16.91443537620399	73.19492254254102	237.0987559028626	276.634505027206	0	39.53574912434339	269.2655573834553	66.45613557108953	136.3874242666272	0	69.93128869553763	134.8816252376097	351.9997971706964	384.3338632970299	0	32.3340661263336	374.9851314102128	23.98414441209656	48.32764000725344	0	24.34349559515689	46.77643009017888	40.97560631389678	49.04463814616796	0	8.069031832271177	49.02944460900556	837.5217101875166	925.8789189646774	0	88.35720877716072	901.1565671359479	79.51124896840426	109.9235128622787	0	30.41226389387449	107.5384334608382	62.01505338589069	356.9548025486158	0	294.9397491627251	338.2371467999253	7.877836475420517	11.28403168577853	0	3.406195210358018	11.26027946874181	487.4290481134394	507.6241118653545	0	20.19506375191508	496.8246084845689	94.44269428773789	158.2805987831151	0	63.83790449537718	154.8692660441593	18.13414371064362	62.41434852920607	0	44.28020481856245	62.29818549347029	53.19300759448051	176.1182222316294	0	122.9252146371489	170.7120039688815	29.37330954453513	103.2115871637362	0	73.83827761920109	94.85012587595324
15.67332520999627	23.50932244731555	28.88605094121318	0	5.376728493897633	28.63457635484088	57.03911996124453	62.50973177571232	0	5.470611814467787	61.63513361858771	7.297979155687688	14.56672475751567	0	7.268745601827979	14.22026488867848	7.412699800087131	19.43292703472887	0	12.02022723464174	19.14645206240397	9.298919969283185	12.79485168778135	0	3.495931718498162	12.32714624688362	29.21368481831875	31.70956796182463	0	2.495883143505882	28.50182650162719	203.2468177745947	260.2674734549181	0	57.02065568032341	257.0079627885236	68.29868113520826	97.3671265467657	0	29.06844541155744	94.75521203102801	95.84416707777193	109.4772296768897	0	13.63306259911779	106.8391177690078	10.55867593785544	19.06744775232567	0	8.50877181447022	18.72643411302298	16.33551072117547	29.25665020551115	0	12.92113948433568	28.58391466948728	32.1724020211853	53.44048282908916	0	21.26808080790386	51.66901232099248	52.11424832344108	130.4456487851772	0	78.3314004617361	128.2726889623225	192.6704652161816	327.6486637972882	0	134.9781985811066	324.1441336004297	12.4974808030208	85.61035781407729	0	73.11287701105648	82.07107290249276	17.84169470605594	154.239871338299	0	136.398176632243	147.5986547538895	25.51662418659625	105.2652612436339	0	79.74863705703767	100.1913007600904	106.5643578354086	133.0943345815923	0	26.52997674618364	126.1853534726909	11.54885073999966	48.52534437146543	0	36.97649363146577	46.53094007856461	12.09125634665223	69.14687027709137	0	57.05561393043914	66.5843749745726	20.17890060142847	25.19824954587228	0	5.019348944443804	24.69944921285716	10.31639825476566	19.56970309849117	0	9.253304843725514	19.56970309849117	6.929870527893036	23.26176392819422	0	16.33189340030118	23.25856791314346	20.1954791445916	32.62966454599204	0	12.43418540140043	32.25261006196773	126.1643355922814	136.8401390465822	0	10.67580345430079	129.9249484481458	117.1891176280552	135.5767929302962	0	18.38767530224094	133.1244218738131	376.1275165860681	418.1709231268751	0	42.04340654080697	407.3219004807788	31.56679336925667	94.55366303200182	0	62.98686966274516	93.47193602952566	212.1838521832792	246.901182340374	0	34.71733015709481	241.0199831098352	24.37085909819071	46.60957273533796	0	22.23871363714725	45.01365315353013	23.78879253460286	32.25927174073883	0	8.47047920613597	32.24945630255652	807.3573305169172	905.5905664742032	0	98.23323595728608	882.337968191121	69.24951050469268	101.0178920205011	0	31.76838151580843	98.86088051210461	62.3963801538715	319.5656748739436	0	257.1692947200721	301.9472984269673	13.02768902104133	16.52386354173051	0	3.496174520689172	16.48955363633078	684.1584058870567	706.4688999684623	0	22.3104940814056	691.9013714835651	277.5173285254931	334.7883624398886	0	57.27103391439547	327.2876506967776	19.37966843106886	57.91152701673853	0	38.53185858566967	57.79675443283321	58.56945770678758	166.0562319968482	0	107.4867742900606	160.6106196697592	31.7192635155828	96.70162879479514	0	64.98236527921235	88.38368734203533
15.68999185999626	18.4779420164941	23.60694825127789	0	5.12900623478379	23.40055307743596	52.78695891181436	57.93534256368646	0	5.148383651872106	57.12357559853509	7.448380408880364	14.59590735714543	0	7.147526948265069	14.24565868936955	13.20114275299631	24.89463025346923	0	11.69348750047292	24.52313071289754	6.713828081534389	10.12345847797668	0	3.409630396442287	9.749709703725424	6.931446547938607	9.314613354995451	0	2.383166807056844	8.369941226818606	121.2442398881528	177.9610018585652	0	56.71676197041241	175.7324947745936	41.90367965934141	71.67013668046535	0	29.76645702112394	69.76581501346489	115.3029123836598	129.8880632851022	0	14.58515090144239	126.8489286807582	22.22814873916353	31.89188790831571	0	9.663739169152178	31.34551155727646	17.20431816893155	31.03197341261039	0	13.82765524367884	30.32900980289383	32.44482965892156	54.24964754263174	0	21.80481788371018	52.45332442141059	43.42244672287168	114.6380104695834	0	71.21556374671177	112.6747465928658	163.8352663872132	280.6749529982924	0	116.8396866110792	277.5342835228893	60.03447444336442	132.7485136385341	0	72.71403919516963	127.2434773009696	86.82499629778604	221.7788260224712	0	134.9538297246852	212.1926359748312	11.78280858575106	89.62270583655348	0	77.83989725080242	85.26808122444716	283.5107443754226	309.5910933568802	0	26.08034898145756	293.3862280771756	93.43289688672181	130.1049161241415	0	36.67201923741969	124.7334171609506	78.1331205557445	135.1931680815782	0	57.06004752583375	130.1748600766877	35.86356273256717	40.78706481318797	0	4.923502080620791	39.97385506777506	29.46971497725952	38.73903660157059	0	9.269321624311072	38.73903660157058	25.78778151913981	42.45675624131693	0	16.66897472217712	42.45094257760815	11.31882204834685	23.77259343133166	0	12.45377138298481	23.49862572503963	120.9898673335556	131.6551800313091	0	10.6653126977535	125.0467203115327	94.80755070683897	110.2673150138173	0	15.45976430697833	108.1815117619142	310.6910874101177	346.5021073458119	0	35.81101993569419	337.1246525127899	36.51343012403655	103.0650709684084	0	66.55164084437186	101.9022443896119	105.4571242564497	140.6310014334678	0	35.17387717701816	137.2995566625089	27.66663881051188	50.90686755623728	0	23.24022874572539	49.14324084616146	11.72935517079513	20.33049598683124	0	8.601140816036111	20.32435234582568	606.124159382533	704.6169373280521	0	98.49277794551915	686.6159753002978	49.03640486986385	80.81792441050109	0	31.78151954063724	79.09513065849333	64.43082675944598	288.1783730162476	0	223.7475462568016	271.4206391673752	17.34849599314129	20.93972459818806	0	3.591228605046771	20.89673062759125	845.7924147160048	872.2764020196896	0	26.48398730368472	855.314753807536	329.4625326706164	390.84875896114	0	61.38622629052362	382.2208112184451	47.72980717539731	85.66756575308416	0	37.93775857768686	85.4945657073613	377.6263784228038	483.892654263487	0	106.2662758406832	467.7054394616397	104.9355776018806	168.9320302822418	0	63.99645268036122	154.138217878152
15.70665850999625	10.60240780157506	15.20604909806516	0	4.603641296490101	15.06986813439677	23.18752324115785	27.70974719177127	0	4.522223950613423	27.3110848044094	7.780805577806027	14.88926780928801	0	7.108462231481981	14.53068985553585	24.27232744001663	35.91711470781472	0	11.64478726779809	35.3794570182441	6.669825725680858	9.984236265676516	0	3.314410539995659	9.611372884503284	6.584624458614359	8.805282584720898	0	2.220658126106539	7.895105490875987	56.71380153483014	109.3759134725344	0	52.66211193770422	107.9773310015339	17.12208769376567	45.04916511648423	0	27.92707742271856	43.83151586132549	177.7660359780251	192.1300077541694	0	14.36397177614424	187.6362366443107	56.75917453254848	67.49111616815743	0	10.73194163560896	66.37769859455537	6.886471848397036	23.29722700658433	0	16.41075515818729	22.79735253491852	13.127348516494	37.31244162498825	0	24.18509310849425	36.11660951730935	16.32994950923138	77.0689476187224	0	60.73899810949102	75.68017492349834	61.49447289748657	160.0638648419922	0	98.56939194450561	158.1655968456176	156.2961726487775	230.8615943660748	0	74.56542171729734	221.3657277430205	244.7304620280189	383.1432465634801	0	138.4127845354612	366.6986506943362	23.2937607234296	101.7896245288309	0	78.49586380540129	96.85412186721568	580.185048661283	606.5519465814382	0	26.36689792015521	574.8581618698643	251.9914451876747	289.9204538660018	0	37.92900867832711	278.0660024124802	205.9660591670067	266.0878049170026	0	60.12174574999585	256.3593479884858	58.16269363476542	63.04073452080615	0	4.878040886040738	61.7769965509013	64.17228821059861	73.65192349646601	0	9.479635285867412	73.65192349646601	62.60271579962586	80.61030234794656	0	18.00758654832069	80.59951900323357	5.700149824752076	17.53889465983299	0	11.83874483508091	17.33356303464356	49.18143113870531	59.36673357663086	0	10.18530243792556	56.35960736324207	42.43445012374808	53.40750247738746	0	10.97305235363938	52.2840796999244	155.6646438884206	182.0869731738023	0	26.4223292853817	176.6726170939538	92.80570421914699	169.4117248303606	0	76.60602061121365	167.5776930784911	46.62155642239072	80.79653702990541	0	34.17498060751468	78.87099396163383	33.30367908875588	60.91672769850326	0	27.61304860974738	58.92288574873178	5.875335779405152	14.33335375025671	0	8.458017970851555	14.32900416885041	266.2899175719695	352.2718299354306	0	85.98191236346106	342.9120653883189	20.34288972759668	50.42360570865961	0	30.08071598106292	49.33073716455676	71.94934411117082	279.0286899863634	0	207.0793458751925	262.2229089429715	21.42394743407896	25.2045684183879	0	3.78062098430894	25.15368540722079	879.93908037859	910.9938064841356	0	31.05472610554563	894.3258277651013	146.2514624852425	221.1130295219481	0	74.86156703670562	216.5190156755471	108.350896573874	150.5568382771611	0	42.20594170328719	150.2627399548833	1073.794279817492	1192.190136566404	0	118.3958567489124	1153.686330046914	261.6673482834789	332.1944047245322	0	70.52705644105333	304.0118394268872
15.72332515999624	6.75160599889902	10.5016339705227	0	3.750027971623679	10.40325903583972	9.409949393634447	12.94455733006976	0	3.534607936435312	12.74863270079482	7.729616552886934	14.77831219844787	0	7.04869564556094	14.42151218472613	34.35714402141166	45.97519506044961	0	11.61805103903795	45.28673233492027	6.435784625267124	9.57250079634462	0	3.136716171077496	9.208909406294742	6.108656860923372	8.082341543591772	0	1.9736846826684	7.217059089606355	33.56208744587035	79.48745081119225	0	45.92536336532191	78.42723060877447	6.260437651097653	30.65188070330181	0	24.39144305220416	29.78950304704646	141.6872197105251	153.549191861989	0	11.86197215146381	149.7653320113317	48.78998866676414	59.01739995227	0	10.22741128550586	58.03632961570206	24.48352278831724	44.79140913525729	0	20.30788634694005	43.89394775127934	85.90652283284717	114.5168740440002	0	28.61035121115307	111.0432633442925	19.92036740175504	77.83963861827483	0	57.9192712165198	76.40328800789328	40.10316128773386	132.9746792463404	0	92.87151795860656	131.3441150249068	224.3483908894577	302.8268347729807	0	78.47844388352301	290.5833968604964	351.2067434880607	497.2950859707724	0	146.0883424827118	476.2784571934611	35.72605720886048	116.4081687792615	0	80.68211157040103	110.8088452738496	791.4127531724703	817.9133053893374	0	26.50055221686713	775.3220785042423	355.892032708659	396.082191452693	0	40.19015874403403	380.1798742450415	292.4422763332085	358.6038063731786	0	66.1615300399701	345.8599022170454	71.64049721283742	76.30287457464345	0	4.662377361806036	74.75595405898596	85.82487436000125	95.53615946874847	0	9.711285108747227	95.53615946874847	87.96768301150803	108.342019605497	0	20.374336593989	108.3280762740948	3.173208691143168	13.92842730173216	0	10.75521861058899	13.75998057524213	13.48530281924243	22.79262703197422	0	9.307324212731784	21.61325177269483	15.96066009716772	23.7461769972972	0	7.78551690012948	23.1847276349401	75.44343040804428	95.31435546588129	0	19.87092505783701	92.18786360299411	142.8957057384629	240.7028389359413	0	97.80713319747844	238.2732418734197	20.24831608087037	52.43710378672787	0	32.1887877058575	51.16953548420206	36.16297547562404	71.00199335741507	0	34.83901788179103	68.92175668132835	3.253963593486533	11.40189260282794	0	8.147929009341402	11.3983909547572	101.9533770796239	168.1562179823344	0	66.20284090271045	163.3018496621373	6.974510502575982	34.06065793696121	0	27.08614743438522	33.29673159803444	367.457963974008	604.9755567916447	0	237.5175928176367	569.9430780357022	27.85950531605896	31.87169455514097	0	4.012189239082002	31.80887784048056	623.2190438316429	653.6742823200949	0	30.45523848845202	641.7982424780458	361.8827491482185	459.0597374224162	0	97.17698827419775	450.2559442572343	214.4957682633774	264.9817730358888	0	50.48600477251134	264.4995099552905	2049.75919353463	2190.794662120838	0	141.0354685862083	2125.095850764333	473.7874751007748	556.9391976688995	0	83.15172256812471	512.7715993908356
15.73999180999624	6.47762081639385	9.33779897951883	0	2.860178163124978	9.244421865925347	9.204278523525806	11.82941146826499	0	2.625132944739183	11.63720050143273	7.349805600170058	14.23155040801637	0	6.881744807846309	13.88558264365825	43.46110658233138	54.82530648304984	0	11.36419990071846	53.99946451202301	6.261433753958893	9.155077324196213	0	2.893643570237321	8.797870394356208	5.941931825414333	7.667288300327184	0	1.725356474912851	6.804945929623857	43.0472605651737	81.92636434421021	0	38.87910377903652	80.77361209338601	6.466794957030498	27.27159361818683	0	20.80479866115633	26.46531385890446	55.08424121594633	63.18817793050612	0	8.103936714559792	61.43793452575523	17.77437757041528	25.89316887306529	0	8.118791302650015	25.43221035204913	64.98903791201383	90.28877908623943	0	25.29974117422559	88.60114356138057	240.8160440836164	276.0132267048456	0	35.19718262122927	268.2038318671194	54.55308800980087	120.9943593051284	0	66.44127129532755	118.8486772166441	96.36040011163124	202.9263211180009	0	106.5659210063696	200.5365465676074	263.0356730115503	346.8668762069112	0	83.83120319536089	333.1589428918497	406.407671992761	562.8700392872092	0	156.4623672944482	539.5524556078855	49.55305388066887	132.3614490894264	0	82.80839520875755	126.0454317242605	932.7912752849489	958.8406680489165	0	26.04939276396757	908.6851345643846	406.977033592989	449.5932904266151	0	42.61625683362606	431.8833722671982	332.3131633576282	406.7772781118163	0	74.46411475418805	392.8266601931537	79.97117652674204	84.3075238802254	0	4.336347353483371	82.55590983555186	96.68523000152929	106.5590991779391	0	9.873869176409773	106.5590991779391	100.5491170907184	124.1041173201322	0	23.55500022941382	124.0888667944251	3.223111250018748	12.80752145642284	0	9.584410206404096	12.64613643674245	13.62130657191475	22.0907211902703	0	8.469414618355552	20.91610703452498	13.73399462813754	19.3734626964158	0	5.639468068278253	18.86020260291901	77.42489858813212	93.1243127017909	0	15.69941411365878	89.79667578682367	175.4224228589123	312.1849736344997	0	136.7625507755874	309.3187167328027	20.68379902258039	50.79746703427164	0	30.11366801169124	49.54810149435983	36.04498346984327	80.37347411201094	0	44.32849064216767	78.29149567743556	3.346528702403248	11.19760215845654	0	7.851073456053294	11.19411842954236	91.43848097019199	139.496139538846	0	48.05765856865399	135.0112003629792	6.873304163089546	30.69559270333178	0	23.82228854024224	29.97640694589927	932.3041488104283	1265.491443958538	0	333.1872951481101	1200.777074588986	37.13077245679725	41.46051716706651	0	4.329744710269271	41.38113383598561	262.8819919681122	287.1887793872885	0	24.30678741917634	281.6213396992727	922.6837969845233	1051.521429844002	0	128.8376328594791	1032.986816706055	353.6374552893428	414.3477765300065	0	60.71032124066374	413.6487346681853	3228.542068035987	3396.693214160854	0	168.1511461248664	3302.500318840015	720.0833552616959	818.5838768119944	0	98.50052155029857	758.1852027482809
15.75665845999623	6.36533783715774	8.575193706860846	0	2.209855869703105	8.48305901759079	9.138045334810347	11.26185774634888	0	2.123812411538535	11.06545559658071	8.410635902126291	14.90413445696507	0	6.49349855483878	14.53545595170326	53.26656777699368	63.91086501835185	0	10.64429724135816	62.92930849855333	6.039521593270117	8.609200255439173	0	2.569678662169056	8.259761620113474	5.812787719655915	7.319958905424964	0	1.50717118576905	6.448348273247928	46.33082390333402	78.4711925676982	0	32.14036866436418	77.29666695523051	6.630592045092456	24.8604025820313	0	18.22981053693885	24.09250883388766	12.9224493083437	18.38160632931632	0	5.459157020972623	17.79473863775172	5.154230647688428	11.10771952343182	0	5.953488875743394	10.88864409604424	73.60080038723135	102.8315343184888	0	29.23073393125748	100.9964384776324	288.4160933020434	329.8593891390933	0	41.44329583704987	321.0397539398988	122.1045428958995	204.5818224243762	0	82.47727952847666	201.2057393036422	92.90295292665813	225.6887215171613	0	132.7857685905031	223.2340804583217	270.6269807883725	359.1311942968219	0	88.50421350844948	345.2094745132172	405.6440793270052	570.1112638228127	0	164.4671844958076	546.8426242912942	43.52918154518929	125.3432086729286	0	81.81402712773931	119.3461029638305	1125.399844425912	1151.505357294995	0	26.10551286908274	1091.137565215433	461.7253032218516	506.7603934920559	0	45.03509027020439	487.1446987952168	359.1221250565347	442.1803708100227	0	83.05824575348794	427.5044322543541	102.7066461927078	106.9876184455178	0	4.28097225281	104.7274010517971	118.8793292168822	129.2333742205729	0	10.35404500369074	129.2333742205729	114.4289242332212	142.2197995968243	0	27.79087536360318	142.2031914489945	3.244029869626427	11.83033838201678	0	8.586308512390353	11.67504131477292	13.99729728330396	22.28069761335103	0	8.283400330047067	21.07698674657104	12.01608690689108	16.77083603453412	0	4.754749127643036	16.28714732728065	71.35980789551307	85.52456074687881	0	14.16475285136574	82.30139116596902	147.0659338130034	340.2320549647397	0	193.1661211517364	337.3880728348389	20.86831957687485	50.05109722307412	0	29.18277764619927	48.8072555729506	35.45257829714958	91.22104995567079	0	55.76847165852121	89.10888054984423	3.379995559638427	11.11616205811674	0	7.736166498478314	11.11268121512512	98.17181714519987	132.564641988075	0	34.39282484287512	127.7711401656651	7.237521883222459	28.0915878613186	0	20.85406597809614	27.40207226766933	1508.035280385778	1996.751793818426	0	488.7165134326478	1908.087838831495	40.32908291427279	45.33858563275511	0	5.009502718482316	45.25590773006864	108.6052433997849	126.2381239328516	0	17.63288053306663	123.5162081423449	1031.805077347188	1188.963076380508	0	157.1579990333202	1169.20566645987	439.4114151733077	509.2632541750538	0	69.85183900174601	508.452284931776	4028.052041835216	4219.783263188228	0	191.7312213530117	4109.441648190782	939.3797963533746	1051.359537163269	0	111.9797408098939	977.9203667646361
15.77332510999622	6.594112280022182	8.48736643013785	0	1.893254150115668	8.390457266183567	9.672283768137525	11.72703812992283	0	2.054754361785307	11.51233736781013	10.7197132496479	16.62776936058676	0	5.908056110938866	16.20344852579417	63.89950691322858	73.39210411615061	0	9.492597202922038	72.22290885942496	5.865545125180856	8.091933065874457	0	2.226387940693601	7.746002142322113	5.790490336165451	7.162318457403072	0	1.37182812123762	6.260295752524562	45.68123413920674	71.61716596970297	0	25.93593183049622	70.46573855937743	7.093222940546	23.97850528783787	0	16.88528234729187	23.21692372017523	6.744123971703132	10.64476048568161	0	3.900636513978482	10.25742809562115	6.668014692837296	11.01715101377101	0	4.349136320933711	10.7747669900056	62.94791681622448	93.77948466218272	0	30.83156784595824	92.13458563736056	259.6090002207598	305.3222133437405	0	45.71321312298075	297.423995417733	219.8506491777898	323.9118408254433	0	104.0611916476535	318.9511990894388	43.89593492614271	213.5221025835909	0	169.6261676574482	211.3898957183209	251.6129742161235	341.9567368327544	0	90.34376261663091	328.806053402971	357.2483442822825	522.3618942859853	0	165.1135500037028	501.08061471202	21.61797392141123	97.54965873803091	0	75.93168481661969	92.78290651060107	1360.155176841933	1387.739741939222	0	27.58456509728853	1316.109798794962	521.8562424401621	569.7000107672933	0	47.84376832713127	548.0604948301499	378.1327382408937	468.4517654785199	0	90.31902723762612	453.2871144704703	139.7641247814941	144.4098156168573	0	4.645690835363237	141.4083033804688	151.4946813008284	163.0178822463659	0	11.52320094553747	163.0178822463659	127.8976937635939	161.7947540297715	0	33.8970602661776	161.7769568627594	3.371517894285156	11.24166619829566	0	7.870148304010505	11.08894710935745	15.25119419969438	24.17551884393595	0	8.924324644241569	22.88210592753736	6.34356937968837	10.88537814085994	0	4.541808761171571	10.55965490149336	29.9401778851891	44.11028343910882	0	14.17010555391972	42.42935313025636	78.97641552403768	337.9611137113423	0	258.9846981873046	335.3436068440527	21.79933506780695	51.85681013260926	0	30.05747506480232	50.57405447243315	34.41809156035835	103.2451699391201	0	68.82707837876171	101.0765954187182	3.465300871631187	11.33344899170479	0	7.868148120073602	11.3299144128515	112.1003195528667	136.9758925189178	0	24.87557296605108	131.3889041575159	8.531319051751218	26.87931545727159	0	18.34799640552038	26.18832532370777	2061.67440978317	2744.757324189752	0	683.0829144065823	2636.094561137292	34.75146605462667	40.97315111871438	0	6.221685064087706	40.9041810062984	134.9438698036716	147.5481326236767	0	12.60426282000507	143.969248002668	859.2729012625755	1030.618007714028	0	171.3451064514524	1013.918950064608	481.5136738909525	557.1134036377911	0	75.59972974683852	556.2551334125102	4474.517433873391	4680.707263548484	0	206.1898296750926	4562.326520261794	1138.01191738532	1258.351175896572	0	120.339258511252	1173.16570408512
15.78999175999621	7.092351228824859	9.047518831831177	0	1.955167603006316	8.941120338277061	10.52489179032177	12.9521357226083	0	2.427243932286528	12.71344407683447	10.17956904735158	15.40974998657378	0	5.230180939222206	14.99915787544519	58.02871131190426	66.1475471212907	0	8.118835809386438	65.03693369660083	5.768662740087943	7.716746955210901	0	1.94808421512296	7.367355927787977	5.949498525810439	7.33339371411952	0	1.383895188309081	6.37305659497619	37.56947419176362	58.40050569671809	0	20.83103150495448	57.38693435300548	7.569463406112712	24.41264490738634	0	16.84318150127363	23.63379314362061	5.622673859515493	8.739121244459481	0	3.116447384943988	8.384867815408398	6.774188484381982	10.08861302684672	0	3.314424542464733	9.842479515392437	49.05651712267829	79.48756459230168	0	30.43104746962339	78.08950592892197	214.7869458130548	262.4920984075652	0	47.70515259451037	255.802064470866	199.4247406817707	332.1023780168669	0	132.6776373350962	327.3859258530989	65.20618909294011	286.1114432940975	0	220.9052542011574	283.4970292217762	201.1970569987926	288.9683051738918	0	87.77124817509916	277.7593941510034	271.2053599961894	426.934492700225	0	155.7291327040357	409.2605412148683	11.3662270235825	77.18332997036575	0	65.81710294678325	73.25053124912745	1531.395618721957	1561.953193632878	0	30.55757491092112	1484.056816519429	530.5003596629456	581.2326684849101	0	50.73230882196443	559.5606294559898	340.1814231286305	434.3605605580956	0	94.17913742946506	420.4782026728044	170.6339353046471	176.082883744852	0	5.448948440204944	172.6132850194234	169.0281567194803	182.550041509249	0	13.52188478976868	182.550041509249	124.3068580197702	166.4192333638801	0	42.11237534410994	166.4020644145914	3.536388049754386	11.06008063773147	0	7.523692587977086	10.90675298519559	16.15046074451546	26.67092322844492	0	10.52046248392946	25.29941456279067	6.341066037959174	11.13536711314486	0	4.794301075185681	10.80327547275351	14.65519620084554	29.88400934975125	0	15.22881314890571	28.76667095502483	45.30734735539942	359.8890228642994	0	314.5816755088999	357.2353173450527	22.68889822094413	55.87850937829836	0	33.18961115735423	54.5277813741594	32.82905828159873	114.4105972265878	0	81.58153894498906	112.1841289800933	3.550298705184384	11.82348488022042	0	8.27318617503604	11.81985440189932	126.6751312682014	145.7445120982922	0	19.06938083009085	139.1090020826709	8.74700916635615	25.22648360109343	0	16.47947443473728	24.55105317743799	2537.530661951037	3421.835848296055	0	884.3051863450177	3297.273803249668	44.62791527977419	52.74890806418581	0	8.120992784411627	52.66886274275183	165.4908465516104	174.8440414121349	0	9.353194860524438	170.0874536595508	701.6449675975103	873.3700344758092	0	171.7250668782989	859.2403707407735	457.8520610115601	533.7878519382306	0	75.93579092667051	532.9697069517842	4226.587685327368	4433.332802924836	0	206.7451175974681	4321.781145204401	1119.776417053934	1240.58453389522	0	120.8081168412854	1157.006680028704
15.80665840999621	7.647399261594874	9.948116214616276	0	2.3007169530214	9.832579266875982	11.43414880787291	14.58183388706946	0	3.147685079196549	14.32421903501461	7.303883898376399	11.84833106485567	0	4.544447166479271	11.51584955930552	36.96516735885255	43.68707534961163	0	6.721907990759086	42.90406305655781	5.703083202290294	7.448266772989445	0	1.745183570699151	7.091898188488028	6.19945005547142	7.705033147116133	0	1.505583091644713	6.685923022320985	21.30614360500498	38.05403439872082	0	16.74789079371585	37.3399542079073	7.903071677813203	25.86715335474575	0	17.96408167693255	25.05707283871465	6.415344612544039	9.300083828173669	0	2.884739215629631	8.89630388256097	5.306478921898029	8.109406098305636	0	2.802927176407607	7.895463112998183	32.5690641832474	61.44260889513895	0	28.87354471189155	60.34556380834657	160.5162049706121	208.1484550098704	0	47.63225003925824	202.8462593756132	74.98094359830593	240.9700946690377	0	165.9891510707318	237.7708651469954	136.8895256979619	420.4839781524889	0	283.594452454527	416.9404419407269	122.4060128085676	203.2286554520317	0	80.82264264346409	195.130794414802	151.2046285143161	288.7366379795934	0	137.5320094652774	276.3561328395755	10.4216207936394	63.91356905914272	0	53.49194826550332	60.44739049465129	1606.732509373188	1641.56097464815	0	34.8284652749615	1563.346996534486	481.3026671520145	534.3458348337125	0	53.04316768169801	514.7042605283301	245.8635391768957	339.1150150506033	0	93.25147587370763	328.2543700719349	190.6341272806275	197.3900216609121	0	6.755894380284563	193.8013617406065	167.1711697933164	183.621751980637	0	16.45058218732062	183.621751980637	105.4554551577007	157.652245514791	0	52.1967903570903	157.6369524440436	3.674987469104262	11.19854829130747	0	7.523560822203209	11.04280368039372	16.55763229899782	29.83848044010602	0	13.28084814110819	28.39970853550438	12.59446958605742	17.91797045745667	0	5.32350087139925	17.40154451748606	29.9095224713654	46.80528946662997	0	16.89576699526457	45.11938534869847	38.97305232057692	378.222083214167	0	339.2490308935901	375.4856555528386	23.35593426599832	62.24503119504676	0	38.88909692904845	60.79833933798446	31.45388109657849	123.8380030268599	0	92.38412193028137	121.5545076308979	3.619162231832528	12.55546035907809	0	8.936298127245564	12.55170060116477	137.7055659429421	153.2307613640964	0	15.52519542115431	145.5799660354654	7.780506642352328	22.93532717804941	0	15.15482053569709	22.30082817910117	2993.140710295582	4026.508952745698	0	1033.368242450116	3886.964142420745	71.0161174268539	81.97862989104358	0	10.96251246418969	81.86763268160398	177.4880072282513	185.2467026389958	0	7.758695410744539	179.7235781935829	608.1176229599289	771.0133215885273	0	162.8956986285984	758.3623041063348	383.9284188433606	454.9575693025569	0	71.02915045919626	454.245065997602	3362.571078118826	3556.523623449186	0	193.9525453303601	3465.077492823235	908.9321071095064	1022.599220429998	0	113.6671133204916	952.2885824724884
15.8233250599962	8.304948824086742	11.28306557503271	0	2.978116750945966	11.15923899878478	12.43112772037153	16.77550567091516	0	4.344377950543632	16.50418857738108	6.152151314303407	10.1103303494408	0	3.958179035137389	9.810441127989874	27.94674202715373	33.44136857402892	0	5.494626546875199	32.79624636176738	5.816793462264803	7.489228780915475	0	1.672435318650672	7.114951212462802	6.590924300387288	8.354031085308476	0	1.763106784921189	7.278190160639146	13.68953008024111	27.31161510481134	0	13.62208502457023	26.7577301518794	8.063998547201772	28.18702575435733	0	20.12302720715556	27.33537375349102	6.886811933404338	9.851488199650065	0	2.964676266245728	9.413626152878239	4.51837798088885	7.16785929345644	0	2.649481312567588	6.97106560565169	24.26273561239501	51.32980749697604	0	27.06707188458104	50.3956726484283	121.2063078877307	167.4565989425894	0	46.2502910548587	163.1544112384298	90.53099852685483	290.8905170842243	0	200.3595185573694	287.2342610284609	394.2555384603137	745.1323851080539	0	350.8768466477401	739.255685907341	63.35669518166245	134.0184978636751	0	70.66180268201262	128.4315589126909	69.92807306836465	184.0520738700758	0	114.1240008017111	175.7207887476857	9.730852113873462	50.9344957293227	0	41.20364361544924	47.93840703734116	1509.786739462447	1549.201340550076	0	39.41460108762855	1478.619322046316	371.9406361094793	425.3729960922396	0	53.43235998276032	409.7908280601268	146.7370347547424	233.1819095447047	0	86.44487478996236	225.5574859753384	202.0658521040639	210.6098826771556	0	8.544030573091678	207.1165327130362	144.0751770914906	164.1353958460149	0	20.06021875452425	164.1353958460149	70.63067521900471	132.6984938741755	0	62.06781865517075	132.6862351750128	3.80487873899613	11.65998237858533	0	7.855103639589196	11.50002009505956	106.3756954637609	124.0083940258669	0	17.63269856210602	118.4928557524069	12.74442848759383	18.8078322557284	0	6.06340376813457	18.29210556470355	29.45455236272411	48.40117530637988	0	18.94662294365576	46.73119143702309	27.22302009888529	344.9427293627999	0	317.7197092639146	342.4082918597409	23.85441674347062	71.40048748406812	0	47.54607074059751	69.82265564466772	33.88219552920543	133.3507900889724	0	99.46859455976697	130.9701736064912	3.629262290727213	13.44203645099725	0	9.812774160270036	13.43813395983038	112.7217739308217	126.2087535074006	0	13.48697957657882	119.4300817937326	7.391474453986853	21.66726469881135	0	14.27579024482449	21.05303067974752	2719.242273602827	3810.293281192739	0	1091.051007589912	3680.496601683239	83.48377154077657	98.31779840397475	0	14.83402686319818	98.1986180120153	163.603433934188	170.8394293384161	0	7.235995404228107	165.4661468890036	462.844621702367	613.8996704366104	0	151.0550487342435	603.6150139520453	308.4961272733389	370.9805995052381	0	62.48447223189925	370.3729976766627	2448.865594686731	2620.486027812682	0	171.6204331259514	2549.982983405342	694.0766979012648	795.2081427247475	0	101.1314448234827	738.161935160467
15.83999170999619	8.989477313243736	13.08625252109353	0	4.096775207849797	12.95564678463116	13.45242749363568	19.7597580239628	0	6.307330530327114	19.47749206738863	6.364984128932032	9.895542340965303	0	3.53055821203327	9.586498149729785	30.34216246719382	34.88653866977635	0	4.544376202582527	34.16177447733354	6.076155746006438	7.807761710877	0	1.731605964870562	7.409436713616166	7.04420840291457	9.181162579733854	0	2.136954176819284	8.072874590254505	13.67378619304331	25.03448668361484	0	11.36070049057153	24.48863379903136	8.05166228936759	31.23826856164478	0	23.18660627227719	30.33634816227568	7.213080496412191	10.52288307360348	0	3.309802577191294	10.0634824631728	4.489698112420452	7.264570385594584	0	2.774872273174131	7.065097694524749	24.07389993490332	49.52119063245247	0	25.44729069754915	48.6029890597686	97.30339077452646	141.4886788815844	0	44.18528810705791	137.8029184386526	210.9898278390828	442.4232518359973	0	231.4334239969146	437.0859831633424	763.8737920312068	1176.157166209439	0	412.2833741782319	1167.324317781412	26.93691688914431	85.98536917969884	0	59.04845229055453	82.17107616940183	31.2365304678026	121.0765538578642	0	89.84002339006162	115.189511152849	9.619716752722315	40.29102497937073	0	30.67130822664842	37.68351716376863	1249.932049640597	1292.612793086573	0	42.68074344597613	1235.467544118774	210.8235061815634	261.252007586033	0	50.42850140446959	251.5284798266768	55.16518916743714	128.8432308306066	0	73.67804166316952	124.4364329458472	204.8937613009242	215.5739176430797	0	10.68015634215551	212.2917617828784	103.1255165289373	126.6763820769125	0	23.55086554797519	126.6763820769125	25.80655425634749	92.88993776133883	0	67.08338350499133	92.88154565216749	3.909606652976266	12.42809593165815	0	8.518489278681889	12.26243555889432	281.2644394960937	305.5821434084128	0	24.31770391231914	293.1536146039196	7.000734332030941	13.92422358441862	0	6.923489252387682	13.56261846281253	15.28326567867001	36.37809761621057	0	21.09483193754055	35.17397705996121	12.04965203425519	262.0503989134807	0	250.0007468792255	260.0087873546867	24.17672779392299	83.61951655607334	0	59.44278876215034	81.8710809991555	39.31407514698088	140.4748606879013	0	101.1607855409205	137.9908114404269	3.58737035120117	14.40850307625885	0	10.82113272505768	14.40445339180105	45.85835480821199	58.30255749758281	0	12.44420268937082	55.00645477475208	7.484290524561645	21.25619741313762	0	13.77190688857598	20.64414361125641	1686.761207310735	2743.325631087991	0	1056.564423777255	2649.041012287775	81.90828302615586	101.3127276520641	0	19.40444462590826	101.200862900593	116.7175852889413	124.2896769930236	0	7.572091704082229	120.3357108998031	218.8199988092793	358.3670467943605	0	139.5470479850811	352.2280471190606	234.4727642942927	286.800031360008	0	52.32726706571533	286.2990607667359	1582.83715632594	1727.482406501445	0	144.645250175505	1677.835727444542	497.7452491273116	583.7552081411045	0	86.00995901379295	539.2360520422289
15.85665835999618	17.06707611038023	22.88765239580525	0	5.820576285425014	22.68444927797642	41.78349863175293	51.28869242152547	0	9.505193789772537	50.65274993915477	6.49628362438995	9.777050113866254	0	3.280766489476302	9.459078277371532	25.48952628471719	29.39416663443273	0	3.904640349715536	28.74159720629106	6.407780481467951	8.295517803072126	0	1.887737321604174	7.875553960741526	7.572008067876599	10.14111947177767	0	2.569111403901076	9.023962046032059	13.71911700875333	23.59172010216566	0	9.87260309341233	23.04441679357748	16.65416313585056	43.53567098577253	0	26.88150784992197	42.33664562956274	7.869890368324967	11.95233621596535	0	4.08244584764038	11.46297650571123	4.49345331399762	7.764984799466769	0	3.271531485469149	7.561643938432441	18.57579457977311	42.81296034538147	0	24.23716576560836	42.00710313957748	65.8144839970246	107.4838091556657	0	41.6693251586411	104.6332676737836	222.2074954187572	468.52560449648	0	246.3181090777227	462.9751273106402	782.3263040665669	1221.367665160027	0	439.0413610934601	1212.374941525979	10.67274256883399	58.47561811224649	0	47.8028755434125	55.67777731868551	14.43154506557824	82.38868925026159	0	67.95714418468336	78.02056776523244	9.730689074831952	32.42829850162029	0	22.69760942678834	30.10320056504373	901.9612503685862	944.9485261033445	0	42.98727573475828	903.419013452249	94.96703808761818	138.7474728850899	0	43.78043479747173	133.3648438447979	11.58153742631496	68.83664311498372	0	57.25510568866875	66.30331676769077	166.796926335399	179.5633510279703	0	12.76642469257131	177.0065505928229	65.49959678757598	91.17624420269624	0	25.67664741512026	91.17624420269624	6.045101568885892	69.11176714772169	0	63.06666557883579	69.10542748699946	4.829693776200187	14.31512628126336	0	9.485432505063176	14.13174503580175	338.6621422826356	372.6091730438882	0	33.94703076125266	358.7478206691078	24.84332458956759	32.58559212533831	0	7.742267535770713	31.77860068088582	79.42428380916873	102.2048091128922	0	22.78052530372343	98.92566326046936	6.522175602543444	168.7327750993857	0	162.2105994968423	167.2653741489386	76.54579797349383	151.2367601193644	0	74.69096214587053	148.2446301252102	36.8420346804493	134.3610191682622	0	97.51898448781289	131.9568622902719	5.735110728763904	17.57501447020882	0	11.83990374144491	17.57021961387372	23.7605877279025	35.83926051097338	0	12.07867278307089	33.75175159962011	7.694933123916825	21.26376459422791	0	13.56883147031108	20.64695864215363	867.1892327795931	1793.173797358999	0	925.9845645794057	1729.104927876808	66.51435619833478	90.24349496727577	0	23.729138768941	90.15033825065731	71.8866844394575	80.98898882551539	0	9.102304386057895	78.52281461993357	182.535172817515	312.5068693023488	0	129.9716964848338	307.0437256649791	155.4709148083014	198.1431491257551	0	42.67223431745372	197.7691366567253	886.7128754986562	1005.245096771694	0	118.5322212730379	973.9286580362943	313.3270017461303	384.7119555465321	0	71.38495380040168	353.1236121801767
15.87332500999618	32.44389339323761	40.78890599492367	0	8.345012601686054	40.46669172403259	96.80815436482077	111.3791477542024	0	14.57099338938159	110.1743705546671	6.561482029278247	9.723818183246891	0	3.162336153968643	9.399087451082764	12.70906744688132	16.22327030317753	0	3.514202856296212	15.8435850088645	6.724428156963901	8.80225408003677	0	2.077825923072869	8.369653436092015	8.103134813729739	11.10844111618022	0	3.005306302450478	9.997317285312663	14.18068359077986	23.15462912905086	0	8.973945538271005	22.59122794917026	32.526042802412	63.36228323526921	0	30.83624043285721	61.690796611342	8.831472511962053	14.37137873827659	0	5.539906226314535	13.84858307897684	4.486386432982125	8.818847650100876	0	4.33246121711875	8.610206546377809	7.241604767861274	30.46286175171304	0	23.22125698385177	29.88196281226545	25.03700827611668	63.38007653690597	0	38.34306826078929	61.65623019653556	156.18583007407	384.7130968799892	0	228.5272668059192	380.0667888105833	553.6114521694252	936.2079919875362	0	382.5965398181109	929.0461024235682	11.26982820120204	49.04244699344779	0	37.77261879224574	46.48204591582463	15.06888404275327	65.52802451167229	0	50.45914046891902	61.70274513195982	9.972402509589987	27.10169067016042	0	17.12928816057043	24.95161752844099	506.388440903953	546.716094900284	0	40.32765399633107	522.2438527818713	40.18435085514846	75.32233415126882	0	35.13798329612036	72.19843266776178	8.969646069080529	49.92640225354695	0	40.95675618446641	47.89440288429621	86.99069015731021	101.4298012508122	0	14.43911109350201	100.0490820637782	35.86931521663723	61.56270650322228	0	25.69339128658504	61.56270650322228	6.340862096190238	57.3726603813699	0	51.03179828517967	57.36709393522595	6.47858641736307	17.13328479159007	0	10.654698374227	16.92311489624257	277.5207751509687	324.3147997336541	0	46.79402458268535	313.1943697493138	62.58698909496827	70.99238857991128	0	8.405399484943004	69.2952857795714	204.8539060968826	228.4371782602328	0	23.58327216335016	221.2238410539391	7.670067429900108	94.85034685505845	0	87.18027942515833	93.87626988651793	172.4031456959573	264.8102113220213	0	92.40706562606398	259.8277948262662	28.47205998006337	118.6996815720454	0	90.22762159198204	116.5144104165669	9.776337891381568	22.52852452743352	0	12.75218663605195	22.52252630651854	49.26793855472591	61.50122320603668	0	12.23328465131077	57.88499454439621	8.069104980279523	21.69037827646536	0	13.62127329618584	21.06120615120761	498.8377369124719	1206.231691345876	0	707.3939544334048	1159.467207106826	41.07217291629603	67.89396661594731	0	26.82179369965128	67.82663412428616	30.90941968363553	43.29200062197555	0	12.38258093834002	42.11088026460227	388.1154679763823	509.1354345749736	0	121.0199665985914	500.0524987201387	63.747738437399	98.46793015956662	0	34.72019172216763	98.26615201074576	346.4704879314084	443.1760420265772	0	96.70555409516878	428.1193859290602	124.5293589693997	183.6517963283463	0	59.12243735894657	167.3428555025414
15.88999165999617	42.21568512954655	53.66534859784503	0	11.44966346829848	53.28069710422905	142.2975973088692	163.7283162918195	0	21.4307189829503	162.1465654649399	6.568991155921362	9.653050105552511	0	3.08405894963115	9.325444324166835	6.340436845617725	9.60409086748639	0	3.263654021868664	9.370364898737234	6.95452561799875	9.153470639465089	0	2.198945021466339	8.719207638704161	15.0660551805827	18.38463166421521	0	3.318576483632512	16.68555029670689	41.97991906400014	50.3222764352846	0	8.342357371284459	49.053905576714	53.65284720798346	88.25607583235245	0	34.603228624369	86.00945310885838	9.672527663305754	17.80785465994781	0	8.135326996642059	17.2591889896447	4.76178465067513	11.10449711138218	0	6.342712460707053	10.87789092815956	11.51915335504707	33.39656168214353	0	21.87740832709646	32.74846038255658	26.11009662906559	59.81233420970401	0	33.70223758063842	58.12031922343493	124.4934406403063	301.1944525774028	0	176.7010119370966	297.2928176620822	432.8301871135274	689.8485522083506	0	257.0183650948232	683.9180240986318	11.22747899114019	40.89639525565531	0	29.66891626451512	38.55145031892455	15.15770274390485	52.85991197125091	0	37.70220922734606	49.45287118171657	10.08405572668251	23.37008701636834	0	13.28603128968584	21.33002600188239	223.9677230127003	260.6254338921697	0	36.65771087946941	248.5858999678208	16.12030550032226	43.048598098744	0	26.92829259842175	41.10535205541993	9.843172211484404	37.55759045533417	0	27.71441824384977	35.82906530585569	34.97938842283778	50.77967566248218	0	15.80028723964441	50.10943296641405	20.70249922955951	44.8420729338531	0	24.13957370429359	44.8420729338531	7.697961084849811	44.3194007017524	0	36.62143961690259	44.31468765586016	16.4138483814415	28.22071007252243	0	11.80686169108092	27.88765632301828	262.0486815238119	324.6639321396421	0	62.61525061583019	314.2891277568939	82.22069332258917	91.0084864666847	0	8.787793144095531	88.87724650401044	282.2005145619353	305.4374765227803	0	23.23696196084504	295.7762949906757	16.76186298236565	55.91997384061177	0	39.15811085824612	55.19932755828336	262.6344895204014	373.3812672593933	0	110.7467777389919	366.6431949630625	25.44540319645595	107.51557886422	0	82.07017566776406	105.4609991079804	16.10667655880278	29.59423200904713	0	13.48755545024435	29.58649540908429	249.7734759012625	262.2011450356365	0	12.42766913437399	246.8467062267629	35.40628305358226	49.19029451155544	0	13.78401145797319	47.76975092057788	325.4251467416647	778.8899606553605	0	453.4648139136958	744.1253247312872	23.12940585970087	51.7829901532051	0	28.65358429350422	51.73269983662576	108.3339953253903	126.948487084817	0	18.61449175942678	124.0210460935624	399.3343495992379	509.2418952386259	0	109.907545639388	499.9067251526635	17.78627000841488	46.62873167154324	0	28.84246166312837	46.52534696594243	79.26625154259322	159.8816909038455	0	80.61543936125227	153.9766364755631	29.72853981972655	79.63642521946575	0	49.90788539973921	72.01185702650022
15.90665830999616	46.82837776979629	61.31116933068071	0	14.48279156088442	60.90061447164082	178.0327272734528	206.9464697205935	0	28.91374244714072	205.1030398975537	6.529748191131253	9.529198890392458	0	2.999450699261205	9.201616477205262	6.430048738032418	9.509152504567185	0	3.079103766534766	9.270659504924971	7.139163032208521	9.374970518032006	0	2.235807485823486	8.941402066555691	27.41062606610081	30.88113806360605	0	3.470511997505236	28.16454866132415	92.72103636487259	100.3500974821173	0	7.629061117244708	97.73278231160032	79.26064253913042	116.7697606619091	0	37.50911812277867	113.8703706599447	10.0013583522176	22.33800603565659	0	12.33664768343899	21.76265048555512	5.175404448676826	14.86052196335703	0	9.685117514680208	14.60217906629344	29.22907126910079	49.04541359253547	0	19.81634232343468	48.06526504442666	62.79305984650436	90.90356282993582	0	28.11050298343147	88.1818141257865	132.2492403467342	247.064282319025	0	114.8150419722908	243.4445084370482	434.783779414428	582.3516144583103	0	147.5678350438825	576.4052359415258	11.29279496250058	34.9271483128945	0	23.63435335039392	32.72903500267029	15.59276352496305	44.59592020119449	0	29.00315667623144	41.43682064624433	10.09427766129756	20.65863802276958	0	10.56436036147202	18.68522020375629	76.64714655910822	110.3143336615172	0	33.66718710240902	105.0617498010181	9.613284851561177	30.12190992641991	0	20.50862507485873	28.63245011926497	13.50072812418012	31.90318867041858	0	18.40246054623845	30.2218003241266	19.21860028710848	36.43739139229447	0	17.21879110518599	35.96969556075084	16.63703492489187	38.76818973210102	0	22.13115480720915	38.76818973210102	10.20281062897695	34.88626920580342	0	24.68345857682647	34.8821104011087	32.86601898965125	45.52893077354904	0	12.66291178389779	45.00578974938173	301.9933696207864	382.91410613792	0	80.92073651713359	371.3855284252236	87.62695183726018	96.50014941108782	0	8.873197573827641	94.25551370577914	328.3923722652705	350.4423819325636	0	22.0500096672931	339.178256436848	31.82792028534798	46.45588216457362	0	14.62796187922564	45.65887394891707	352.3588977608296	480.2406018254937	0	127.8817040646641	471.851096549627	27.20170991833929	104.272396250832	0	77.07068633249273	102.2224086416443	24.61505222666607	38.63331160133407	0	14.01825937466799	38.62333832969566	587.1276138571616	599.1303596030658	0	12.00274574590427	563.9524280013736	85.40899872373386	99.19459133306032	0	13.78559260932645	96.334193747081	240.929247681835	493.3525055157469	0	252.4232578339119	466.5154174607717	11.34677801322913	41.58828598833251	0	30.24150797510337	41.54854311372974	308.1324461226757	337.3287880765496	0	29.19634195387398	330.8626360113597	198.8623524562077	294.2324494361728	0	95.37009697996506	288.6151739593022	19.31599786723025	44.67571614220795	0	25.3597182749777	44.5702502093686	63.80969665386446	135.1320525388029	0	71.32235588493847	129.8013375865752	31.75101119341794	76.1121101597508	0	44.36109896633286	68.37662041262452
15.92332495999615	38.98556114714699	55.73160843192738	0	16.74604728478039	55.37310019589532	162.0621328493553	197.4606996953848	0	35.39856684602948	195.7904066389641	6.542636523054756	9.438031821241957	0	2.895395298187202	9.108881443865522	6.372954983067082	9.300496479830773	0	2.927541496763691	9.061280512330697	7.161568604214959	9.371342325297064	0	2.209773721082106	8.942074990032328	26.85178933599199	30.30284754312992	0	3.451058207137931	27.6855542350382	102.3517157227607	108.9577644437621	0	6.606048721001365	105.9794026333082	76.32113369364617	115.2080591956394	0	38.88692550199329	112.3802186081669	107.8902774340161	127.3718944823542	0	19.48161704833807	124.6151272883111	20.71097851846555	35.40154423147116	0	14.69056571300561	34.86922843190204	25.04563659032893	41.07348337042865	0	16.02784678009972	40.20083834364497	54.76502755486071	76.00110568384332	0	21.23607812898261	73.52099597399449	109.5567593349951	173.7247930354721	0	64.168033700477	170.6940522009158	428.4363492866499	504.884878207071	0	76.44852892042114	498.4978745529937	11.28542620753613	30.36107767310149	0	19.07565146556536	28.26994411512507	15.8680082929786	38.91698984560145	0	23.04898155262284	35.91173111051281	9.987128098877179	18.47565477994132	0	8.488526681064135	16.54976445507726	18.38805713337953	50.22842930763984	0	31.8403721742603	47.78693923736178	9.144036387566393	24.71232351692993	0	15.56828712936353	23.37038076459006	13.79417483238432	25.5702795188299	0	11.77610468644558	24.00713798808349	11.43368900626304	30.56018264150649	0	19.12649363524345	30.18074803586403	13.24613890323292	33.43210681413833	0	20.18596791090542	33.43210681413833	10.14869884466452	25.84833499994565	0	15.69963615528113	25.84480987924687	34.58296707624952	47.59587631646504	0	13.01290924021552	47.05512561398282	273.1222923800203	375.0008621636073	0	101.8785697835871	364.2778305600295	79.42696968605961	89.27638416242492	0	9.849414476365311	87.25507887121091	319.0770569246111	341.8535759406702	0	22.77651901605908	330.8886676963726	29.99320470177081	32.53702125781442	0	2.543816556043613	31.72744564033426	376.9943429470126	519.7939667603302	0	142.7996238133177	510.932857450054	29.79425877917167	108.0729377321067	0	78.27867895293504	105.9493482977732	24.18320222647285	38.5242442850514	0	14.34104205857855	38.51437343823011	588.3590701304901	598.9059283184096	0	10.54685818791943	562.6530180636688	89.23494051941056	102.6266438580463	0	13.39170333863574	99.64167210508995	175.4012485218219	302.4151334509693	0	127.0138849291474	281.3837783044839	5.837828440230528	38.61600051921918	0	32.77817207898865	38.57995359059072	455.5213449987778	500.6192162234908	0	45.09787122471295	492.4647148315212	53.21618429813317	125.9655205391904	0	72.74933624105718	123.3704463074725	20.55764124465787	44.86208984796746	0	24.30444860330959	44.75278749756779	61.86367551517898	130.5836998418873	0	68.72002432670827	125.2612245040131	33.63695076040666	76.24760149515051	0	42.61065073474385	68.26302111784297
15.93999160999615	20.46002814896276	38.91350086495603	0	18.45347271599328	38.66940947887384	98.79346796261615	139.9990319106981	0	41.20556394808198	138.8574747675673	6.67615355789546	9.489189234240088	0	2.813035676344627	9.153385847234516	6.56459663428859	9.378468612953986	0	2.813871978665397	9.132076822621991	7.185409238874677	9.390149608372301	0	2.204740369497624	8.960646009288974	15.95724701446946	19.34073761823736	0	3.383490603767895	17.66940542926759	79.02191083885769	84.37821441885755	0	5.356303579999866	81.91062256771947	47.24799568296765	85.75277396642203	0	38.50477828345438	83.64366648027185	275.857403976975	306.5303390864793	0	30.67293510950431	300.8659504909095	45.58248002716245	66.61971208427133	0	21.03723205710888	65.72772184884307	8.892162321559155	20.24463108130949	0	11.35246875975033	19.76682398165212	19.82786462046707	34.38246937466268	0	14.55460475419562	33.11525400487491	56.78569933441702	91.46910881528984	0	34.68340948087283	89.52521931301301	435.2912137546922	474.5502953991742	0	39.25908164448196	466.9850001165478	11.39847234601734	26.92893775085935	0	15.53046540484201	24.89988696405807	16.23107994392361	35.1517964554772	0	18.92071651155358	32.21639615360624	9.985574352904555	16.92013177205827	0	6.934557419153718	14.99966143835063	17.71566162252056	47.65747864266726	0	29.94181702014671	45.29355847422274	13.97782954263376	25.2541178770046	0	11.27628833437084	23.72528234504657	11.6159191408943	18.39262923445949	0	6.776710093565189	17.04951851223115	7.087615569104488	28.34000813960561	0	21.25239257050113	27.99986113298941	10.18767435398136	28.02614223438103	0	17.83846788039967	28.02614223438103	7.84608625835141	16.51480055203413	0	8.66871429368272	16.51211176126073	23.95479305489717	36.87843796510991	0	12.92364491021274	36.4589172644116	166.7904506067033	293.6970430835676	0	126.9065924768643	285.6903991306405	34.14709049468399	45.91849765265133	0	11.77140715796733	44.9402376385411	151.8492781009613	177.4415945098768	0	25.59231640891554	171.954715438845	20.24979426334147	17.04690926023786	0	-3.202885003103614	16.31932297523769	337.5479822787884	493.7863445206726	0	156.2383622418842	485.5320595699629	32.2287378866211	119.4151598107046	0	87.18642192408352	117.1563864643924	15.18992351461829	29.66333709180594	0	14.47341357718765	29.65576087332117	293.0448831264441	301.2489071315788	0	8.20402400513473	281.6907369308129	51.28270635256181	63.85177080430625	0	12.56906445174445	61.95409764533323	142.0413307981074	205.812281633933	0	63.77095083582554	187.0656819792864	5.880865475852977	42.41592549089366	0	36.53506001504068	42.3775670764345	544.4602101024363	608.8585484030957	0	64.39833830065932	600.0802222944262	16.25654199757076	63.90455685705517	0	47.64801485948442	62.41245615510613	22.46953118924451	47.83597345394135	0	25.36644226469684	47.72008426480004	67.48578032421604	139.3066473084105	0	71.82086698419444	133.6617022255418	36.44817029887206	80.6600599610981	0	44.21188966222603	72.25858669849802
15.95665825999614	11.08727002482527	31.75103773133721	0	20.66376770651194	31.55715628207178	74.18357636633021	123.0739023539222	0	48.89032598759194	122.1089108520465	6.733610040966633	9.538060190232097	0	2.804450149265462	9.197455226336055	6.622300490515786	9.363151624219277	0	2.740851133703491	9.113076995592451	7.127253789841615	9.448126597328141	0	2.320872807486526	9.019723119757021	9.889775580426384	13.36074188515605	0	3.470966304729667	12.20784276715829	57.74215076639693	61.77274699417714	0	4.030596227780208	59.79348238516776	38.59127100106947	75.04614883346117	0	36.45487783239169	73.17202127005247	259.6988007015349	302.4375871237497	0	42.73878642221488	297.4245791580124	39.63045052128912	65.86389071752835	0	26.23344019623922	65.04069859193734	4.940064548732217	13.10103652294801	0	8.160971974215794	12.75470204686841	9.937586523066324	20.59227782915568	0	10.65469130608935	19.73694810371623	25.85677087646378	48.48394687896163	0	22.62717600249786	47.2728441288014	425.0032183672401	451.4241778807449	0	26.42095951350482	442.8300263060023	11.41439188832982	24.26288749381257	0	12.84849560548275	22.26757260795211	16.42576642424344	32.43834800769459	0	16.01258158345115	29.53528908292265	10.07010176514085	15.93293416995157	0	5.862832404810718	13.97773101007805	15.61694783396301	42.0209810766658	0	26.40403324270279	39.85425856526395	12.54855862493207	20.06840416717998	0	7.519845542247914	18.67677442609844	9.221430003703896	12.55980127519678	0	3.338371271492886	11.42233049070067	16.72767461723363	39.1389907140124	0	22.41131609677877	38.67795507505218	7.171526257205195	21.85558621239888	0	14.68405995519368	21.85558621239888	5.225894577798759	8.945110398292146	0	3.719215820493385	8.943256300103693	15.45283994831333	28.08212577936555	0	12.62928583105222	27.76017743043706	196.3615819278685	353.7543481016189	0	157.3927661737504	344.5404910874959	16.49904774058458	30.57069982179675	0	14.07165208121217	29.96046283579357	78.72960160825454	108.0956094733801	0	29.36600786512551	104.9109833169592	6.565786251611052	1.728697511229863	0	-4.837088740381189	1.562747809369926	254.6015290997916	424.9469089606404	0	170.3453798608488	417.973719058141	33.23188407469461	139.1955896533132	0	105.9637055786186	136.751196622669	12.13431501121292	26.56438514229977	0	14.43007013108686	26.55759609986249	205.8463275052411	211.1666137452362	0	5.320286239995042	195.7275119405568	43.80385653749796	55.1924985561848	0	11.38864201868685	53.49311358480537	123.1777469030318	168.303089596739	0	45.12534269370715	149.4618080817972	9.48993252001566	50.14263705035606	0	40.6527045303404	50.09869192143064	474.3400794799721	552.477689925045	0	78.13761044507277	545.0097840866844	30.2361683368828	62.28450506556086	0	32.04833672867806	60.62492782309238	24.01114952025554	52.38375321435523	0	28.37260369409968	52.261945217185	72.09626962747753	152.3187292692521	0	80.22245964177456	146.4040524392332	38.73636409687894	87.65393146425423	0	48.91756736737528	78.87238745180008
15.97332490999613	9.496860852545559	33.5933219127341	0	24.09646106018855	33.39552356324864	88.35440030031202	148.9327486641184	0	60.5783483638064	147.8201783652873	6.663304942294995	9.523268333960809	0	2.859963391665813	9.183314863941135	6.559000214015117	9.25887750824357	0	2.699877294228453	9.008715205986988	6.80507966832478	9.327044572762544	0	2.521964904437764	8.914352744269848	7.396653348711284	11.11886709911891	0	3.722213750407624	10.17658453060251	38.83615016747034	41.65872847160775	0	2.822578304137413	40.16479547926684	49.90524664412484	83.08856356923326	0	33.18331692510841	80.95672542059839	112.2631398765385	163.1526032114038	0	50.8894633348653	160.5914952577967	14.69323122886712	42.98019843723361	0	28.28696720836649	42.45553974331603	11.23643977702965	17.740366323837	0	6.503926546807355	17.22877778123797	21.70807365204734	30.61730685011687	0	8.909233198069526	29.23578148629755	14.86477410179462	32.23334744745217	0	17.36857334565754	31.3289159981678	216.8405578839842	240.0019668973877	0	23.16140901340342	235.0067186630907	11.4099498295337	22.37948825019132	0	10.96953842065761	20.38808518150437	16.41258733586836	30.29668995896769	0	13.88410262309933	27.41517182607996	10.1846575853175	15.36009365273711	0	5.175436067419611	13.347285767352	13.69511388112055	35.32523019000905	0	21.6301163088885	33.38143011725899	7.423659545986913	12.2950247146591	0	4.871365168672189	11.30016557254472	6.974452452075908	8.559824783123592	0	1.585372331047684	7.583839382442473	36.68816773869689	58.43192589149363	0	21.74375815279674	57.73885016939244	4.757760587066364	16.13153985416986	0	11.37377926710349	16.13153985416986	2.953241332830963	4.106603779873064	0	1.153362447042102	4.105463603396016	8.783171071156897	21.07075651722539	0	12.2875854460685	20.82686066198514	352.5891153276784	545.0285453997089	0	192.4394300720305	531.4121917146534	32.49063297974679	49.20795962955097	0	16.71732664980418	48.28267018593981	147.3912244711159	181.3682334909126	0	33.97700901979678	176.2853880192459	0.6104387157428494	-2.838575308469166	0	-3.449014024212016	-2.01546000569742	123.7078045780471	310.5638438068081	0	186.856039228761	305.5666067463721	32.38084971848801	169.5676334999564	0	137.1867837814684	166.8684092259079	14.83896368470158	29.06647453684511	0	14.22751085214353	29.05901548590179	313.200732203409	315.7546965758578	0	2.553964372448876	288.3937539790448	65.82541637478887	75.84813730801827	0	10.02272093322939	73.39906518585973	62.99231048668501	106.3266167677675	0	43.33430628108246	93.29918222334342	16.23720304339529	60.08989582819083	0	43.85269278479553	60.03839142716119	308.5960532099602	389.533495230507	0	80.93744202054675	384.3378158525709	88.83609219550161	113.4365157876281	0	24.6004235921265	110.0987005141072	25.08038089475474	58.32303253815854	0	33.2426516434038	58.1960864462467	75.86433338228589	169.667128170609	0	93.80279478832313	163.5219557702653	40.33188631752898	96.89974081946886	0	56.56785450193989	87.78446360742295
