DataType=double
version=3
OpenSimVersion=4.6-2026-03-27-4e5ffda9c
endheader
time	/forceset/addbrev_r|active_fiber_force	/forceset/addbrev_r|fiber_force	/forceset/addbrev_r|implicitresidual_normalized_tendon_force	/forceset/addbrev_r|passive_fiber_force	/forceset/addbrev_r|tendon_force	/forceset/addlong_r|active_fiber_force	/forceset/addlong_r|fiber_force	/forceset/addlong_r|implicitresidual_normalized_tendon_force	/forceset/addlong_r|passive_fiber_force	/forceset/addlong_r|tendon_force	/forceset/addmagDist_r|active_fiber_force	/forceset/addmagDist_r|fiber_force	/forceset/addmagDist_r|implicitresidual_normalized_tendon_force	/forceset/addmagDist_r|passive_fiber_force	/forceset/addmagDist_r|tendon_force	/forceset/addmagIsch_r|active_fiber_force	/forceset/addmagIsch_r|fiber_force	/forceset/addmagIsch_r|implicitresidual_normalized_tendon_force	/forceset/addmagIsch_r|passive_fiber_force	/forceset/addmagIsch_r|tendon_force	/forceset/addmagMid_r|active_fiber_force	/forceset/addmagMid_r|fiber_force	/forceset/addmagMid_r|implicitresidual_normalized_tendon_force	/forceset/addmagMid_r|passive_fiber_force	/forceset/addmagMid_r|tendon_force	/forceset/addmagProx_r|active_fiber_force	/forceset/addmagProx_r|fiber_force	/forceset/addmagProx_r|implicitresidual_normalized_tendon_force	/forceset/addmagProx_r|passive_fiber_force	/forceset/addmagProx_r|tendon_force	/forceset/bflh_r|active_fiber_force	/forceset/bflh_r|fiber_force	/forceset/bflh_r|implicitresidual_normalized_tendon_force	/forceset/bflh_r|passive_fiber_force	/forceset/bflh_r|tendon_force	/forceset/bfsh_r|active_fiber_force	/forceset/bfsh_r|fiber_force	/forceset/bfsh_r|implicitresidual_normalized_tendon_force	/forceset/bfsh_r|passive_fiber_force	/forceset/bfsh_r|tendon_force	/forceset/edl_r|active_fiber_force	/forceset/edl_r|fiber_force	/forceset/edl_r|implicitresidual_normalized_tendon_force	/forceset/edl_r|passive_fiber_force	/forceset/edl_r|tendon_force	/forceset/ehl_r|active_fiber_force	/forceset/ehl_r|fiber_force	/forceset/ehl_r|implicitresidual_normalized_tendon_force	/forceset/ehl_r|passive_fiber_force	/forceset/ehl_r|tendon_force	/forceset/fdl_r|active_fiber_force	/forceset/fdl_r|fiber_force	/forceset/fdl_r|implicitresidual_normalized_tendon_force	/forceset/fdl_r|passive_fiber_force	/forceset/fdl_r|tendon_force	/forceset/fhl_r|active_fiber_force	/forceset/fhl_r|fiber_force	/forceset/fhl_r|implicitresidual_normalized_tendon_force	/forceset/fhl_r|passive_fiber_force	/forceset/fhl_r|tendon_force	/forceset/gaslat_r|active_fiber_force	/forceset/gaslat_r|fiber_force	/forceset/gaslat_r|implicitresidual_normalized_tendon_force	/forceset/gaslat_r|passive_fiber_force	/forceset/gaslat_r|tendon_force	/forceset/gasmed_r|active_fiber_force	/forceset/gasmed_r|fiber_force	/forceset/gasmed_r|implicitresidual_normalized_tendon_force	/forceset/gasmed_r|passive_fiber_force	/forceset/gasmed_r|tendon_force	/forceset/glmax1_r|active_fiber_force	/forceset/glmax1_r|fiber_force	/forceset/glmax1_r|implicitresidual_normalized_tendon_force	/forceset/glmax1_r|passive_fiber_force	/forceset/glmax1_r|tendon_force	/forceset/glmax2_r|active_fiber_force	/forceset/glmax2_r|fiber_force	/forceset/glmax2_r|implicitresidual_normalized_tendon_force	/forceset/glmax2_r|passive_fiber_force	/forceset/glmax2_r|tendon_force	/forceset/glmax3_r|active_fiber_force	/forceset/glmax3_r|fiber_force	/forceset/glmax3_r|implicitresidual_normalized_tendon_force	/forceset/glmax3_r|passive_fiber_force	/forceset/glmax3_r|tendon_force	/forceset/glmed1_r|active_fiber_force	/forceset/glmed1_r|fiber_force	/forceset/glmed1_r|implicitresidual_normalized_tendon_force	/forceset/glmed1_r|passive_fiber_force	/forceset/glmed1_r|tendon_force	/forceset/glmed2_r|active_fiber_force	/forceset/glmed2_r|fiber_force	/forceset/glmed2_r|implicitresidual_normalized_tendon_force	/forceset/glmed2_r|passive_fiber_force	/forceset/glmed2_r|tendon_force	/forceset/glmed3_r|active_fiber_force	/forceset/glmed3_r|fiber_force	/forceset/glmed3_r|implicitresidual_normalized_tendon_force	/forceset/glmed3_r|passive_fiber_force	/forceset/glmed3_r|tendon_force	/forceset/glmin1_r|active_fiber_force	/forceset/glmin1_r|fiber_force	/forceset/glmin1_r|implicitresidual_normalized_tendon_force	/forceset/glmin1_r|passive_fiber_force	/forceset/glmin1_r|tendon_force	/forceset/glmin2_r|active_fiber_force	/forceset/glmin2_r|fiber_force	/forceset/glmin2_r|implicitresidual_normalized_tendon_force	/forceset/glmin2_r|passive_fiber_force	/forceset/glmin2_r|tendon_force	/forceset/glmin3_r|active_fiber_force	/forceset/glmin3_r|fiber_force	/forceset/glmin3_r|implicitresidual_normalized_tendon_force	/forceset/glmin3_r|passive_fiber_force	/forceset/glmin3_r|tendon_force	/forceset/grac_r|active_fiber_force	/forceset/grac_r|fiber_force	/forceset/grac_r|implicitresidual_normalized_tendon_force	/forceset/grac_r|passive_fiber_force	/forceset/grac_r|tendon_force	/forceset/iliacus_r|active_fiber_force	/forceset/iliacus_r|fiber_force	/forceset/iliacus_r|implicitresidual_normalized_tendon_force	/forceset/iliacus_r|passive_fiber_force	/forceset/iliacus_r|tendon_force	/forceset/perbrev_r|active_fiber_force	/forceset/perbrev_r|fiber_force	/forceset/perbrev_r|implicitresidual_normalized_tendon_force	/forceset/perbrev_r|passive_fiber_force	/forceset/perbrev_r|tendon_force	/forceset/perlong_r|active_fiber_force	/forceset/perlong_r|fiber_force	/forceset/perlong_r|implicitresidual_normalized_tendon_force	/forceset/perlong_r|passive_fiber_force	/forceset/perlong_r|tendon_force	/forceset/piri_r|active_fiber_force	/forceset/piri_r|fiber_force	/forceset/piri_r|implicitresidual_normalized_tendon_force	/forceset/piri_r|passive_fiber_force	/forceset/piri_r|tendon_force	/forceset/psoas_r|active_fiber_force	/forceset/psoas_r|fiber_force	/forceset/psoas_r|implicitresidual_normalized_tendon_force	/forceset/psoas_r|passive_fiber_force	/forceset/psoas_r|tendon_force	/forceset/recfem_r|active_fiber_force	/forceset/recfem_r|fiber_force	/forceset/recfem_r|implicitresidual_normalized_tendon_force	/forceset/recfem_r|passive_fiber_force	/forceset/recfem_r|tendon_force	/forceset/sart_r|active_fiber_force	/forceset/sart_r|fiber_force	/forceset/sart_r|implicitresidual_normalized_tendon_force	/forceset/sart_r|passive_fiber_force	/forceset/sart_r|tendon_force	/forceset/semimem_r|active_fiber_force	/forceset/semimem_r|fiber_force	/forceset/semimem_r|implicitresidual_normalized_tendon_force	/forceset/semimem_r|passive_fiber_force	/forceset/semimem_r|tendon_force	/forceset/semiten_r|active_fiber_force	/forceset/semiten_r|fiber_force	/forceset/semiten_r|implicitresidual_normalized_tendon_force	/forceset/semiten_r|passive_fiber_force	/forceset/semiten_r|tendon_force	/forceset/soleus_r|active_fiber_force	/forceset/soleus_r|fiber_force	/forceset/soleus_r|implicitresidual_normalized_tendon_force	/forceset/soleus_r|passive_fiber_force	/forceset/soleus_r|tendon_force	/forceset/tfl_r|active_fiber_force	/forceset/tfl_r|fiber_force	/forceset/tfl_r|implicitresidual_normalized_tendon_force	/forceset/tfl_r|passive_fiber_force	/forceset/tfl_r|tendon_force	/forceset/tibant_r|active_fiber_force	/forceset/tibant_r|fiber_force	/forceset/tibant_r|implicitresidual_normalized_tendon_force	/forceset/tibant_r|passive_fiber_force	/forceset/tibant_r|tendon_force	/forceset/tibpost_r|active_fiber_force	/forceset/tibpost_r|fiber_force	/forceset/tibpost_r|implicitresidual_normalized_tendon_force	/forceset/tibpost_r|passive_fiber_force	/forceset/tibpost_r|tendon_force	/forceset/vasint_r|active_fiber_force	/forceset/vasint_r|fiber_force	/forceset/vasint_r|implicitresidual_normalized_tendon_force	/forceset/vasint_r|passive_fiber_force	/forceset/vasint_r|tendon_force	/forceset/vaslat_r|active_fiber_force	/forceset/vaslat_r|fiber_force	/forceset/vaslat_r|implicitresidual_normalized_tendon_force	/forceset/vaslat_r|passive_fiber_force	/forceset/vaslat_r|tendon_force	/forceset/vasmed_r|active_fiber_force	/forceset/vasmed_r|fiber_force	/forceset/vasmed_r|implicitresidual_normalized_tendon_force	/forceset/vasmed_r|passive_fiber_force	/forceset/vasmed_r|tendon_force
143.344	227.0706651864662	266.7062228683902	0	39.63555768192391	265.2360613674111	29.87582294667983	127.1519801035107	0	97.27615715683091	126.2481273236705	96.62117029943369	100.5178725201566	0	3.89670222072289	97.0201117334357	208.754008540191	212.1800659454975	0	3.426057405306559	206.5682477116832	58.40174054481724	62.23555718095754	0	3.833816636140291	59.6970435795403	204.7225363855229	210.9468604351028	0	6.224324049579902	195.6248108323095	265.5513397092174	271.2155542764875	0	5.664214567270077	260.7793122056116	188.0211972061688	226.0315055283697	0	38.01030832220091	220.0066842328071	67.12813382595151	79.75991903442241	0	12.63178520847091	77.71696052851901	69.79023425069445	77.43288805815934	0	7.642653807464873	75.94207969773758	172.2093937852296	187.1620207600162	0	14.95262697478658	182.850111458776	407.8582890186568	433.9303840421965	0	26.07209502353961	419.7896480875572	308.6431315935848	446.3192092067953	0	137.6760776132105	439.6400645902735	1180.578835620348	1412.338698984307	0	231.7598633639586	1398.75662719821	16.12838124233731	35.65856030182865	0	19.53017905949134	33.19688891942369	20.81160802212113	44.87641614202144	0	24.06480811990031	41.35908081646297	13.10063411245518	22.99023546271201	0	9.889601350256838	20.62563850663399	689.7554945221997	709.6686656135869	0	19.91317109138726	670.2396696352012	25.97760026253336	38.69793181029436	0	12.720331547761	36.44271400339206	44.73930328514485	56.79569230256308	0	12.05638901741824	53.1887002617415	7.070232679436264	18.37535231014786	0	11.3051196307116	18.11685708005799	12.01977825546625	25.38458660878215	0	13.36480835331589	25.38458660878215	53.92226772168855	65.50125068664441	0	11.57898296495586	65.49135033273656	423.5837230946844	441.3917094633202	0	17.80798636863577	436.4107796360381	450.3163607331886	546.2506578142995	0	95.93429708111094	530.6699884434407	140.9125662997696	167.0457356453375	0	26.13316934556792	164.1962103397094	447.6854263503894	506.6357635880657	0	58.95033723767624	494.2210268767581	26.14535151814991	37.94065264016251	0	11.7953011220126	36.96589530673481	19.43058044039919	169.4255802524351	0	149.994999812036	166.6162831255139	31.94752938048697	215.5503441324115	0	183.6028147519245	212.2799863889746	8.148132737189682	24.55113240880111	0	16.40299967161143	24.54474883323619	466.9465134151794	475.7579576442454	0	8.811444229066053	427.3586255096284	993.8671550838187	1006.78651043186	0	12.91935534804092	973.164948429152	2912.822408379691	3346.044106616234	0	433.2216982365435	3180.71849641292	12.32049344131671	59.09617585835527	0	46.77568241703856	59.04399074822398	958.8268571174441	977.4474142454021	0	18.62055712795805	954.981601210781	831.7953726122951	902.1786795493636	0	70.38330693706854	882.0147962955635	138.2405234464813	180.8788226525202	0	42.63829920603889	180.5104466899541	543.8891165873625	652.3708056614593	0	108.4816890740967	629.6255178736631	224.8548048443361	296.8718500775051	0	72.01704523316901	270.6723982695977
143.36024	191.4207985752229	235.6406307296266	0	44.21983215440372	234.3727799853533	41.36718635760329	160.1504763885989	0	118.7832900309956	159.0596888155481	83.25204716803712	87.02429773686774	0	3.772250568830624	83.91972680805483	175.5885628988158	178.6809198760891	0	3.092356977273285	173.6827266423083	53.53367540911884	57.57794494907951	0	4.044269539960665	55.24172199395159	177.9636153688285	184.7415714425012	0	6.777956073672665	171.7534972239891	225.5577846130867	231.3208777067619	0	5.763093093675206	222.8386745818028	186.0443764526838	231.4791614486809	0	45.43478499599702	225.642819310613	82.85413382195139	96.27010336682508	0	13.41596954487369	93.79539618869187	83.939052481513	91.8357856094154	0	7.896733127902394	90.05821252033783	127.7047223354086	142.2658128830107	0	14.5610905476021	138.9826960360669	292.3026416931199	317.5972640674226	0	25.29462237430264	307.2472650696453	213.0810613660168	376.8457211743785	0	163.7646598083617	371.5372561003669	796.8221943648811	1052.557673372228	0	255.7354790073466	1042.864339169877	16.35133066954502	35.71204107945382	0	19.3607104099088	33.24764023428074	21.17207872633714	44.119916701892	0	22.94783797555485	40.60877067064303	14.09220346321451	22.79127274758802	0	8.699069284373522	20.32012436675169	556.816282371175	577.0345055429027	0	20.2182231717277	545.2646939271536	23.06806415753859	36.58465889040285	0	13.51659473286425	34.5197115432304	35.81978724405005	49.06140288403754	0	13.2416156399875	46.10730664857857	82.96982021505609	94.7498566586257	0	11.78003644356961	93.43547180360878	14.89020745849436	30.14435355836652	0	15.25414609987216	30.14435355836652	41.93443603804339	57.45761109194922	0	15.52317505390583	57.44986105276739	346.5451855687798	367.0494183497986	0	20.5042327810188	363.1094891847189	369.576222702489	475.679274001661	0	106.103051299172	462.4022518189506	148.8786205121702	175.6794890401924	0	26.80086852802217	172.7008340586199	506.8315798936716	566.9486780573255	0	60.11709816365393	553.1330853784556	27.23912610385388	43.49715351346396	0	16.25802740961007	42.63651086716314	189.296691491671	303.3436874693643	0	114.0469959776934	298.0065508428658	35.68243936761682	181.9304513603033	0	146.2480119926865	178.9327118626859	37.35495056539104	54.77524432253101	0	17.42029375713997	54.76127555840445	525.1519288673483	534.2709381723096	0	9.119009304961329	485.9376011940375	844.7296717555773	858.6518240539099	0	13.92215229833252	830.954321968909	1939.348937115579	2366.98074683965	0	427.6318097240704	2250.816574973524	13.43872343012193	59.47385379070836	0	46.03513036058644	59.42109710103288	1221.43925167188	1241.377311881784	0	19.93806020990409	1212.605397164516	580.6893813409787	649.0433523154026	0	68.35397097442385	634.5128356514995	116.7291378927498	148.8126006695691	0	32.08346277681927	148.4727557932831	426.770791174282	510.926263324855	0	84.1554721505729	490.9983069518336	182.1373036331746	237.7895971334039	0	55.65229350022929	214.3850098915827
143.37648	96.8017746541335	148.354419618214	0	51.5526449640805	147.5832748152179	61.72877955306604	213.0281737381048	0	151.2993941850388	211.6494778058526	52.81074394432948	56.55981360491813	0	3.749069660588646	54.51518561075046	94.72980026157113	97.61465332105911	0	2.884853059487968	94.76231518584457	40.12937130180566	44.48948494534076	0	4.360113643535102	42.72601182562322	108.6006038146851	116.0562648661854	0	7.455661051500294	108.2126046585392	145.2657750458656	150.7707817154391	0	5.505006669573475	145.3463520897747	190.9016564034258	242.4664593625299	0	51.56480295910413	236.5853809931347	83.32308527709007	100.4053459744333	0	17.08226069734327	98.01751640005689	85.11275351607512	94.78099333340472	0	9.66823981732961	93.05981189141572	66.95715035855075	79.79516385656525	0	12.83801349801451	77.88254247401581	134.2689555271652	156.0711508860165	0	21.80219535885121	150.7529056453491	117.1507333983141	259.5850752290086	0	142.4343418306944	255.7911085275906	392.0985986044311	595.1681640577655	0	203.0695654533343	589.305830475067	17.57255079063688	36.46347233104544	0	18.89092154040856	33.92297705410165	22.86141293687623	44.5245332192926	0	21.66312028241637	40.90139297559653	16.54202557568466	24.37330229679105	0	7.831276721106384	21.59561505957237	272.6854200545403	292.5797552986976	0	19.89433524415732	276.418406754673	19.18551022539071	32.88391731021414	0	13.69840708482343	31.0450232684997	22.23240017324514	36.01470523961968	0	13.78230506637455	33.89338852547317	222.0453025785847	234.1621456082429	0	12.11684302965821	230.9470217607094	20.80104245981919	37.35939177922811	0	16.55834931940892	37.35939177922812	24.74757110525765	43.40355177710207	0	18.65598067184442	43.39806354562881	184.9676571937278	208.0820484833103	0	23.1143912895825	205.9399146712848	171.4100316008379	290.7303603725765	0	119.3203287717386	282.8176043655731	148.3927648383448	176.2244702689417	0	27.83170543059684	173.2736696764597	601.0864336588687	661.6555133866294	0	60.56907972776062	645.5861005937662	29.52203741482975	50.83785063780876	0	21.31581322297901	49.96134983896744	503.7560391866921	623.0107345884287	0	119.2546954017367	612.1570913019303	44.5911511646051	167.6643332586339	0	123.0731820940288	164.7063575338594	90.75174470708001	108.8926186184584	0	18.14087391137839	108.8652096525713	605.0198835826465	613.5874276796302	0	8.567544096983768	561.3114847441009	505.3913570841581	519.8764457569018	0	14.48508867274379	503.4527780467553	1289.277527506973	1607.230002959061	0	317.9524754520879	1520.284190422198	16.00466726040085	61.43485007090395	0	45.4301828105031	61.38013591765338	1380.705697501996	1406.158815264225	0	25.4531177622289	1375.996126587173	253.9570699699372	312.0194414445146	0	58.06237147457744	304.6923763679783	79.79103827563488	105.5500877477476	0	25.7590494721127	105.2829030557421	200.315236491519	270.4062254388259	0	70.09098894730693	258.7821401131922	102.361799193921	148.0340857023958	0	45.6722865084748	131.9732969624817
143.39272	153.2278301936613	214.2716337614476	0	61.04380356778631	213.1989802720481	68.96994186943023	263.3084045720708	0	194.3384627026406	261.689997660032	39.59515352495144	43.39192180418048	0	3.796768279229037	41.81900947091484	106.0439879459808	108.8158653124058	0	2.771877366425063	105.533473438101	48.07918046698282	52.82547780015757	0	4.746297333174756	50.80233640872927	61.15794292469607	69.3682262256319	0	8.210283300935826	64.87013741949428	84.01672098828529	89.11972897090489	0	5.103007982619607	85.88510192297205	171.7815234117952	227.2485524028257	0	55.46702899103047	221.8568750335214	130.4544633262779	150.8398820619304	0	20.3854187356525	147.5020233350439	76.49395005710335	87.75312318143445	0	11.2591731243311	86.25167311182406	43.61095864887968	55.15953924981357	0	11.54858060093389	53.78435337571198	68.46707816444179	87.88001200226822	0	19.41293383782644	84.74382216946728	91.43376990358857	211.6251830037734	0	120.1914131001848	208.3620588922521	262.2431901120316	423.3110558457909	0	161.0678657337593	418.7900180402852	17.01165171544956	35.33131725276434	0	18.31966553731478	32.83849961763287	22.53993779662859	43.02493358457608	0	20.4849957879475	39.44537971746043	16.65783362394309	23.9358600035094	0	7.278026379566306	21.09912597412005	81.88770294665376	100.9773205927881	0	19.08961764613436	95.32697128167595	15.97137417816379	29.41311379378743	0	13.44173961562363	27.76240576960999	14.94872354576581	28.77425932431881	0	13.82553577855299	27.09004406336161	256.2429216581359	268.4782129619745	0	12.23529130383861	264.8070110665213	20.81217264174972	38.11909965936169	0	17.30692701761197	38.11909965936169	14.25858719787847	35.05547718774832	0	20.79688998986985	35.05120713926873	63.55877314979391	88.97936237814353	0	25.42058922834962	88.09264356438429	320.9667972950806	391.9537819709746	0	70.98698467589404	380.0042197592065	145.5806705998944	174.1109356532888	0	28.53026505339438	171.2193586951144	569.5397562334612	630.1583083886766	0	60.6185521552154	614.8569131051912	25.86971115729492	51.42533934893463	0	25.5556281916397	50.60900645867729	554.0375778012403	678.0552358856056	0	124.0176580843653	666.344388791394	72.11053794785866	185.8405285935869	0	113.7299906457283	182.4454806411593	97.70953853669728	116.2898190942256	0	18.58028055752834	116.2607734833772	562.7708576406676	570.4660560310332	0	7.695198390365597	522.1005309318789	240.6746285288175	255.2626704859983	0	14.58804195718074	247.2464268299102	1245.559407579558	1492.617103074592	0	247.0576954950342	1403.208107346391	80.2275353028276	125.6376351167978	0	45.41009981397016	125.5257107433541	1125.329275707778	1155.090139556753	0	29.76086384897522	1132.045269379948	94.62880253252979	145.1620055724084	0	50.53320303987863	141.5805680069165	55.11072306228237	77.95024259583788	0	22.83951953355551	77.73882723238683	75.71678254625076	139.5432440673364	0	63.82646152108561	133.1581816577144	58.83591865904702	99.8115408452658	0	40.97562218621878	88.26185096562963
143.40896	352.2330943002551	423.8005266425257	0	71.56743234227066	421.7519404324736	64.73805232312772	308.0135548699231	0	243.2755025467954	306.2041439256859	45.82729810688224	49.69441219958127	0	3.867114092699036	47.9006944003356	221.9813285936381	224.7164096028952	0	2.735081009257118	217.8017950825971	77.35752030570232	82.46208431609877	0	5.104564010396451	79.41725434070081	47.39042825040454	56.28998858437188	0	8.899560333967345	52.77227401351422	44.45093787370313	49.19651192608315	0	4.745574052380017	47.36918762237198	126.3248128680698	183.7412030215394	0	57.41639015346954	179.4272838936464	251.8578884379194	276.5458532076103	0	24.68796476969082	270.7966099365356	83.41446964554682	96.99841603790385	0	13.58394639235704	95.43389165983076	52.97011931961151	63.69825746113138	0	10.72813814151986	62.06736621735804	79.91757251670069	97.29822131766322	0	17.38064880096252	93.69237649461198	51.22246800462798	146.1504296956858	0	94.92796169105779	143.737902194671	101.7981898672878	221.2514771153705	0	119.4532872480827	218.6588071607408	14.700612504749	32.21575750128358	0	17.51514499653457	29.90158504686257	20.17522672776344	39.39661153388777	0	19.22138480612432	36.03849717693154	14.34455394977807	21.23540427121475	0	6.890850321436684	18.64303006116637	49.78668437723414	67.75183317660603	0	17.96514879937189	63.88100923338163	13.16933513983843	25.87384606438402	0	12.70451092454559	24.39668000559533	12.79752309180853	25.94899391820718	0	13.15147082639865	24.41102243941759	176.7211274805589	188.8941482115713	0	12.17302073101249	186.3084998376535	15.75740410240455	33.10883946082019	0	17.35143535841565	33.10883946082019	9.232390287207389	30.35243405432951	0	21.12004376712212	30.34876632656245	24.70486020863342	51.9512273579496	0	27.24636714931618	51.44556663419103	815.3040383825729	889.5318488335014	0	74.22781045092844	862.6862990888308	124.8194983117709	151.6440250920106	0	26.82452678023972	149.0875648981533	304.9702855986916	361.2086601791178	0	56.23837458042626	352.2670631928998	16.83376565385147	42.82242905195497	0	25.98866339810351	42.1568805548884	316.5706467788719	444.5022817434912	0	127.9316349646192	436.8777392450431	118.5411747904203	230.7807557565659	0	112.2395809661456	226.5299597815076	55.30080363783823	74.11126769225996	0	18.81046405442174	74.09283127527367	413.3040428805378	420.2930457262737	0	6.989002845735905	383.8140815238839	136.0905425454668	150.5413065561114	0	14.45076401064453	145.8026464843069	558.0937332335534	738.1808404170527	0	180.0871071834992	688.8534888745899	198.9844885059497	244.6145051327996	0	45.63001662684994	244.3968900660105	780.0278948686705	817.7486471539363	0	37.72075228526582	802.6351088707806	86.98175334766117	132.6470333648959	0	45.66528001723471	129.2587208844152	44.99526696623798	66.83164570220542	0	21.83637873596744	66.64378712776295	86.0253962056162	147.7941348403873	0	61.76873863477113	140.8160797855439	60.15223641657619	99.44336404323903	0	39.29112762666283	87.54975130470308
143.4252	455.7541362497785	535.1592796659512	0	79.40514341617269	532.6309854743978	99.1747548890806	378.3116698580479	0	279.1369149689673	376.1493451853424	45.35828188528382	49.32925448636936	0	3.970972601085547	47.56348792411021	244.9701913634366	247.7750346192464	0	2.804843255809752	240.1060133771399	80.59832757249244	85.91748535256707	0	5.319157780074638	82.83105402361359	44.34584842621493	53.63852411961343	0	9.2926756933985	50.36451849838352	27.78251041202821	32.23176504653689	0	4.449254634508677	31.00145045632379	99.84321032028662	156.755339731995	0	56.91212941170842	153.0687374303627	315.4696767877949	346.2888864567835	0	30.8192096689885	339.61457360265	80.94811294716868	98.54533468646505	0	17.59722173929637	97.08565190410094	61.60946284514336	72.04528623852521	0	10.43582339338185	70.1739357683584	95.1533571908213	110.9910754047992	0	15.83771821397793	106.7170731772193	46.08261189573929	109.7182574024909	0	63.63564550675162	107.6667254399906	68.82928888348049	144.9107214485186	0	76.08143256503814	142.9328571139964	14.49419087798152	31.52093686715604	0	17.02674598917452	29.21931594193721	20.32055435963744	39.03806781244906	0	18.71751345281162	35.65182584441816	14.4414893662989	21.48900135969414	0	7.047511993395235	18.83788260856378	39.458507942704	56.18464624098347	0	16.72613829827947	52.89091175975006	12.10738864764631	23.9644062603858	0	11.85701761273949	22.56095518836496	12.28933484741836	24.59541576431625	0	12.30608091689788	23.10089287547768	132.6168836467247	144.3669909132197	0	11.75010726649502	142.3713293724108	12.23673581243395	28.86341454649174	0	16.62667873405778	28.86341454649174	7.596821644002386	27.29267773910287	0	19.69585609510048	27.28931435918448	16.34833018877155	44.33424752530926	0	27.98591733653771	43.90696436216656	1108.244671821354	1184.091939913769	0	75.84726809241471	1148.541871863754	108.1051857740729	130.1178862196007	0	22.01270044552784	127.7923466687397	190.0478779808137	236.0632819093403	0	46.01540392852655	229.860343304919	14.58816029850312	38.24441099606912	0	23.656250697566	37.63300776941374	417.9264263708704	547.8976215795966	0	129.9711952087262	538.5333153294271	131.7619421700333	250.5774882927327	0	118.8155461226994	246.0448445941183	35.31449507059289	54.14207598286336	0	18.82758091227047	54.1286149046331	264.8427553668466	270.8371321061661	0	5.994376739319469	246.3572198334221	87.20647096619716	101.2767571841029	0	14.07028621790572	98.06116524469206	268.1355783829297	383.8543321704191	0	115.7187537874895	353.3475662050107	221.2006185053511	266.7887676808071	0	45.588149175456	266.5513972725835	465.154488769199	517.5981165022019	0	52.44362773300296	509.0818244352353	122.9785407785364	166.4968427365701	0	43.51830195803375	162.1500180466558	74.03001556626285	97.33646990021762	0	23.30645433395477	97.06448155419278	118.0799340547199	183.4379940147856	0	65.35805996006573	174.8215106492671	100.9630204752118	142.3863937806144	0	41.4233733054026	125.4494018426065
143.44144	493.4124531957559	577.1910556674281	0	83.77860247167229	574.4957348899098	168.9620844364539	464.7667118459188	0	295.8046274094649	462.1404142039148	37.91460919166974	42.02349965577819	0	4.10889046410845	40.5375980725541	145.5384985029112	148.438208980891	0	2.899710477979858	143.870752241559	60.3000751755055	65.82598564505011	0	5.525910469544601	63.50712224154933	50.24726400609178	59.78805774122236	0	9.540793735130574	56.18492919618918	30.6286653884549	34.71861558471893	0	4.089950196264032	33.35071723412214	99.72097847401915	153.7675050535508	0	54.04652657953167	150.0993260753171	318.0534649805381	353.696683337878	0	35.64321835733988	347.2133424533484	70.53907507569571	92.22358107020338	0	21.68450599450768	90.94753895538967	63.86805928018618	74.68889264433346	0	10.82083336414729	72.76459296885862	105.878674755923	121.3376012843932	0	15.45892652847017	116.5835276566178	69.96614223706254	114.6338837820943	0	44.6677415450318	112.2103232624377	118.4533956002867	171.8029337575532	0	53.34953815726654	169.1069594663384	15.5347074458124	32.40763185658863	0	16.87292441077623	30.02456934737696	21.6462601101063	40.47930167386855	0	18.83304156376225	36.95935795154139	16.01723158437183	23.50461563228506	0	7.487384047913231	20.64684605799493	22.72258347678794	38.09131479481618	0	15.36873131802823	35.78929774168056	12.25066827861209	23.28071793160533	0	11.03004965299323	21.87979393113966	12.99491158864473	24.53102832550124	0	11.5361167368565	23.00195646750249	160.3820422111431	171.3318016340303	0	10.94975942288728	168.9112372494868	10.02206773925287	25.42223940357754	0	15.40017166432467	25.42223940357754	8.657622407950052	26.20857351588095	0	17.55095110793089	26.2052289180529	14.36272114566008	42.05281276344876	0	27.69009161778869	41.64637803487992	1212.106185604909	1287.598499805879	0	75.49231420097007	1248.908896973071	101.530486658147	118.9945845267581	0	17.46409786861106	116.7035528872238	253.5043852226902	290.2540617913863	0	36.74967656869609	282.0525837996509	16.65915908381842	37.72229274230974	0	21.06313365849131	37.09419688756768	902.1491239834356	1032.43472323725	0	130.2855992538142	1014.799708062762	99.96172332288531	234.2314028178434	0	134.2696794949581	230.1821665488781	48.00102294084637	66.66090484244006	0	18.6598819015937	66.64428921818903	139.7050631868989	144.4673061983023	0	4.762243011403332	130.5497622740074	50.17549044750413	63.62539297036419	0	13.44990252286006	61.57218523362111	215.3165705498162	300.5785362835705	0	85.26196573375429	272.7393015115165	135.2150449887672	180.3891886303971	0	45.17414364162989	180.2282859015496	393.3000900523592	462.4578495762864	0	69.15775952392727	455.546249505961	185.0746216386222	230.1990626909829	0	45.12444105236064	224.228911858293	144.8117129795329	171.2682015972593	0	26.45648861772646	170.8118773169402	172.5083471092179	245.2908815680919	0	72.782534458874	234.2436767050884	183.3265035536994	229.6215351421029	0	46.29503158840352	203.4863392670252
143.45768	465.2770868433419	551.355247520119	0	86.07816067677714	548.7957613326164	349.6216870941342	651.3122716099081	0	301.6905845157738	647.6462017335083	28.90612747683145	33.14271847857913	0	4.236591001747678	31.98758280811406	70.7302399677574	73.71850789256439	0	2.988267924806983	71.47596734348275	41.45999205173921	47.14424538645438	0	5.684253334715163	45.50978564911762	46.0277776561277	55.72393737703048	0	9.696159720902775	52.39284448719409	28.28986123399972	32.01072239107334	0	3.720861157073633	30.70135593209701	97.1572186883558	147.1508182289695	0	49.99359954061374	143.5616654379075	311.2612522451926	350.3207358612445	0	39.05948361605191	344.0820125310353	69.64275778284662	95.30169569538906	0	25.65893791254244	94.04862708581965	64.41757711153977	76.04242984540259	0	11.62485273386282	74.12964009823317	98.00430162688521	113.5262472382606	0	15.52194561137543	109.0784950276404	97.49386192160837	129.7897133196226	0	32.29585139801422	126.7271976198861	122.8988555260599	161.1036467348373	0	38.20479120877737	158.256081084945	15.66003393172401	32.72976902766618	0	17.06973509594216	30.32777302027144	21.95614201832883	41.40056306000003	0	19.44442104167121	37.83331562338324	15.93168713558351	23.98416143431091	0	8.052474298727406	21.15124815408617	28.21221654799745	42.499997759115	0	14.28778121111755	39.85288466446982	12.59642576144677	23.10507339546412	0	10.50864763401735	21.68336047312046	13.2148510941026	24.39985432451076	0	11.18500323040816	22.85225121451097	174.8455670392292	184.9395135396101	0	10.09394650038092	182.2545360782867	11.04283125687591	25.30287532433968	0	14.26004406746377	25.30287532433968	8.935169445126641	24.82609341722107	0	15.89092397209442	24.82281879054464	12.73836791152843	39.59761254768266	0	26.85924463615423	39.21124140741578	1176.131918645101	1250.145532091506	0	74.01361344640503	1212.419494240756	99.94474501850168	113.6227367725595	0	13.67799175405787	111.2561568493859	290.8314730644187	319.8645218596255	0	29.0330487952068	310.1158432903808	17.93203277947047	38.08214163759411	0	20.15010885812363	37.4324993435883	1033.530609706634	1163.260188219652	0	129.7295785130183	1143.372975173642	269.6427249261405	426.8267436533341	0	157.1840187271935	419.8764642634348	52.3930100666282	70.76108989831437	0	18.36807983168617	70.74336927009509	71.85463451049692	75.45111671243745	0	3.596482201940522	67.53041548281449	30.16845488951441	42.85986141100312	0	12.69140652148871	41.44566501371854	196.4503493360997	261.1681153862722	0	64.71776605017253	233.8756295656106	126.3527704015908	171.2255375293884	0	44.87276712779764	171.0724907185621	414.7491613114158	502.434766047569	0	87.68560473615325	495.4649201295717	177.5948159512983	226.7024238488744	0	49.10760789757603	220.9822367591413	145.0152833387047	175.6573850746766	0	30.64210173597185	175.2198765502833	170.1528661707758	252.7728832637491	0	82.62001709297336	242.0685282893284	180.2974184692519	233.180894214559	0	52.88347574530712	208.2646993365357
143.47392	364.6518933061904	450.7263212528861	0	86.07442794669571	448.6343250381651	637.6876216856894	934.7785907852144	0	297.0909690995251	929.5017643028	18.6204632742668	22.99430962789255	0	4.373846353625748	22.20445658220547	54.49414716480783	57.59566540614659	0	3.101518241338753	55.86904347241722	25.23282020068934	31.02527012270689	0	5.79244992201756	29.96159853161815	31.92645959630135	41.67010507707291	0	9.743645480771566	39.1878479321281	22.24110713352964	25.72937015202859	0	3.488263018498954	24.6361399556831	88.4271039547836	133.9881595445258	0	45.5610555897422	130.6308624099802	272.9526908533133	315.4113186456761	0	42.4586277923628	309.938007653329	72.72656794755008	103.1362870476564	0	30.40971910010632	101.8467992243045	64.64701822913673	77.24858480200876	0	12.60156657287203	75.35965730174929	74.98527122445084	90.62356478087933	0	15.63829355642849	87.08271775218846	137.6141183142907	160.4977806759734	0	22.88366236168273	156.2223670495986	107.2852840692785	133.7521648770648	0	26.46688080778632	131.0491601985144	14.87204516848366	32.48976603134499	0	17.61772086286133	30.13270830173607	21.37711218020323	41.94802435863839	0	20.57091217843516	38.4043071566465	14.52301316658211	23.33684704082496	0	8.813833874242849	20.6825631901997	53.89057513427645	67.37845677106236	0	13.48788163678591	63.0778684639879	12.83358858883477	23.11267501333283	0	10.27908642449806	21.673225462917	12.57946012144993	23.801355083716	0	11.22189496226608	22.286244180426	153.7931077070758	163.0852530482047	0	9.29214534112892	160.6504882849199	14.80716395562132	28.18201194548134	0	13.37484798986002	28.18201194548134	7.837754738158697	22.77693706884756	0	14.93918233068886	22.77386773709106	11.22612599942731	36.91947475486567	0	25.69334875543836	36.55408211185954	993.7044141319055	1065.395089830948	0	71.69067569904293	1033.018012998655	113.0530626321347	123.7173411302081	0	10.66427849807337	120.9124543265647	303.4056975981271	326.0936499342824	0	22.68795233615531	315.2912722500894	16.78148274659301	37.67551668029174	0	20.89403393369873	37.03650368697977	718.0392515027808	846.4807388154135	0	128.4414873126326	831.9785057608582	598.8430149925229	784.2400115988892	0	185.3969966063663	772.236771494777	45.17728100036609	63.16137512027305	0	17.98409411990696	63.14545657711785	51.70786200475332	54.47214694992712	0	2.76428494517379	48.16518168558145	25.1950462904125	37.12416474691244	0	11.92911845649994	35.8681155732061	250.7665574013696	299.7788761804167	0	49.01231877904703	264.1691110695958	221.0820944159816	265.76976507322	0	44.68767065723828	265.5319372324363	435.081052253246	546.6327990112284	0	111.5517467579824	539.5844255143303	98.16302090116247	152.4188438609891	0	54.25582295982658	148.7013279399477	70.14141670951716	105.7916124163259	0	35.65019570680871	105.546330460056	109.8397641565178	204.2270615453868	0	94.38729738886902	196.1446301001719	88.19357657977544	148.9632934386364	0	60.76971685886092	134.089053497796
143.49016	397.8334369514932	482.5509467600175	0	84.7175098085243	480.3043603066039	842.1308975430688	1129.042242813908	0	286.9113452708396	1122.626502919875	44.62307980651831	49.03747021374262	0	4.414390407224312	47.37345838963493	42.2889891871955	45.46138924000402	0	3.172400052808523	44.11834651585397	191.1846343582389	196.9291886569295	0	5.744554298690518	190.2216039140963	194.2871714995505	203.9223124972386	0	9.635140997688159	191.7729288584039	23.56584603422185	26.7794984233111	0	3.213652389089253	25.5973580441003	97.0369994745848	138.5635154226352	0	41.52651594805041	134.9942765213799	259.7003548138974	306.0507733346161	0	46.35041852071863	300.879190254872	65.28055873655153	101.6961480587157	0	36.41558932216422	100.4888176678604	56.15207718777717	69.80564934267395	0	13.65357215489678	68.14544504316522	58.21774496345798	73.84881409768846	0	15.63106913423048	70.96465515346033	124.160486610544	139.8613503656676	0	15.70086375512358	135.5985747288543	91.58503890935103	108.5920924746961	0	17.00705356534506	106.0280759457871	22.80470431223247	40.79208391534644	0	17.98737960311396	37.86683559115985	26.7247100678838	48.07706067724788	0	21.35235060936407	44.09154242232556	20.06177191497706	29.32099189995691	0	9.259219984979847	26.09592047337853	53.27720416045733	66.36949823233834	0	13.09229407188102	62.05291285289037	15.02915300980899	25.15325702769634	0	10.12410401788735	23.57365846830081	20.32028171379062	31.47739029657965	0	11.15710858278903	29.47100325490766	118.1460459116385	126.8928610167828	0	8.746815105144361	124.952592761101	17.88258468086836	30.57355026545644	0	12.69096558458808	30.57355026545644	24.3129627861056	38.41802529630537	0	14.10506251019976	38.41275102890281	75.0757115492347	99.4801629088265	0	24.40445135959181	98.47922969106557	905.5133059127406	975.0170113632129	0	69.5037054504723	945.1765158096653	97.33597334110713	105.6963382972908	0	8.360364956183641	103.0870604969479	289.8339044620042	307.4147934033041	0	17.58088894129994	296.2991452261916	168.7378490214434	189.3536230087668	0	20.61577398732342	186.1551156339583	702.4839054551663	829.4358078757073	0	126.9519024205409	815.1897798189102	1187.452261580251	1402.32030216322	0	214.8680405829693	1381.99647038206	65.79187129489067	83.37192079352107	0	17.58004949863039	83.35076062052663	38.39531378935335	40.73728204848927	0	2.341968259135916	35.5236079447617	22.92814316404081	34.16777752622666	0	11.23963436218585	32.98225931693538	216.1369248823069	251.1363427559752	0	34.99941787366827	216.6506704751027	238.1651213381603	282.9538787753617	0	44.78875743720131	282.7007446139643	384.2653007642239	527.895597226829	0	143.6302964626051	521.5706041307654	55.78194590354619	115.9312499921981	0	60.14930408865195	113.1997535928419	51.03456626511758	91.62831733704833	0	40.59375107193076	91.42892716835085	100.0066408146287	205.8667163636531	0	105.8600755490244	198.205271827195	66.0556552477728	134.5808073841613	0	68.5251521363885	121.9297700516857
143.5064	499.7012848216698	569.767631316529	0	70.06634649485916	567.0119650427002	770.1832755654572	992.3200560799143	0	222.1367805144571	986.398291110658	97.67875119678183	101.7410477224723	0	4.062296525690493	98.2521614604447	26.63074535030354	29.96197447564817	0	3.331229125344635	29.09077455168534	426.9769405006912	431.4945581599696	0	4.517617659278492	416.1500538419337	425.6427868632089	433.7187236719145	0	8.075936808705562	406.7943261004532	33.77471607328941	37.36869854690471	0	3.593982473615299	35.68262725368339	123.7112702791404	162.0117983240752	0	38.30052804493478	157.7345628120624	267.333961390528	316.5460882762335	0	49.21212688570553	311.2980552389652	44.71855532069058	87.61133177744904	0	42.89277645675845	86.61843539174261	39.06410486358789	54.1498311560461	0	15.0857262924582	52.90344964781713	50.37557155478036	66.38286194009608	0	16.00729038531571	63.80427650242991	68.14527494876248	79.98559472512378	0	11.84031977636128	77.21837089519146	87.1380690934578	99.54964604629153	0	12.41157695283374	96.80846967821748	40.88356002740022	59.68483995599703	0	18.80127992859681	55.46978560077813	39.65556297728703	62.14370183013001	0	22.48813885284298	57.08272671681662	32.08664883384359	41.4286734773771	0	9.342024643533518	36.93148043841649	27.5053948973997	43.00107410115596	0	15.49567920375626	40.30122870012634	21.51074382688951	32.86676499101991	0	11.35602116413041	30.85307824836072	39.40973533746858	51.41324610347366	0	12.00351076600509	48.1856738977275	63.30856221930342	72.67416499785257	0	9.365602778549155	71.57680390284322	21.94325036352961	35.02899833794569	0	13.08574797441608	35.02899833794569	62.38594342468016	76.50118116839161	0	14.11523774371144	76.49062900888012	179.5465028256478	201.2595626733107	0	21.71305984766288	199.1603776271803	856.5627629282016	974.0967740329597	0	117.5340111047581	947.5396728505018	50.06015294766688	56.85436073344114	0	6.794207785774267	55.33485865472732	266.006319688564	279.9488433025116	0	13.94252361394762	268.9115026289896	414.5358365910391	432.8185115259805	0	18.2826749349414	425.2534809889917	1115.726271577759	1238.617789580566	0	122.8915180028065	1217.199841217457	1918.53214484437	2151.259624539985	0	232.7274796956141	2121.026116561851	114.1430735139381	131.2957505540967	0	17.15267704015864	131.2621770229607	34.31732580195064	38.11335526461336	0	3.796029462662711	32.97754774078494	23.81003973484794	34.72645968277553	0	10.9164199479276	33.50005411604865	134.0786913533112	162.6983226099995	0	28.61963125668825	137.0485500064314	136.9518840642462	184.3587747585734	0	47.4068906943272	184.1963415046701	248.2286761261241	429.5748312288474	0	181.3461551027233	424.7567395078694	53.78479407412393	122.412859260172	0	68.62806518604809	119.6475245097823	87.40942395828446	132.3766233620956	0	44.96719940381121	132.1023162953212	138.1101145119402	254.0219978254284	0	115.9118833134882	245.0124820166994	111.4010309996643	186.7217648873299	0	75.32073388766561	169.9690959525672
143.52264	603.6699928294826	649.5281657118534	0	45.85817288237078	646.0863980311685	867.5615518280182	993.4717143135074	0	125.9101624854893	986.8227881955395	100.3149277052758	104.1256612677158	0	3.810733562439945	100.4431694089863	18.07820592111528	21.83198564534771	0	3.753779724232431	21.21996313285502	503.6612679102348	506.9548029431887	0	3.293535032953939	486.8230935606589	493.0248639214249	498.938773729803	0	5.913909808378104	464.504217019989	34.68538076510883	39.21084418605889	0	4.525463420950066	37.50269104872306	146.4843605935923	182.8392555290837	0	36.35489493549134	177.9300392161439	240.2608646706285	288.7597412026258	0	48.49887653199728	283.9593978667942	41.56028168750503	88.56135962446329	0	47.00107793695825	87.58348920921445	34.57940139562377	51.75673759322837	0	17.17733619760459	50.61522095535467	50.31943773063947	67.50415073631171	0	17.18471300567225	64.93901583580558	42.93310355066355	54.55554805539486	0	11.62244450473131	52.53604695821244	88.3322463238157	101.731874177199	0	13.39962785338329	98.673191946187	47.95046794260809	67.43762902769052	0	19.48716108508244	62.77259644039731	42.10815806728448	65.65332651060099	0	23.54516844331651	60.42319703555421	31.29718729382871	40.8112325378509	0	9.514045244022183	36.4115230695359	80.92742429097824	101.298218222777	0	20.37079393179872	95.58387349636948	59.15344592385696	72.45971706566074	0	13.30627114180378	68.3014713149274	107.7144896532551	120.4069281292197	0	12.69243847596462	113.0798272685375	57.77417030097787	69.23410029685431	0	11.45992999587644	68.25542967014238	65.22312182389506	79.79869773457807	0	14.57557591068302	79.79869773457807	109.5358008151013	123.8260642939412	0	14.29026347883984	123.8091080061625	241.5278708200318	259.7265208580636	0	18.19865003803176	256.850800204371	981.0969822500081	1086.476437094384	0	105.379454844376	1056.14771764441	84.51936430810831	90.47486511493054	0	5.955500806822229	87.90781856235343	352.992377805048	364.9590708555984	0	11.96669305055044	349.5504339461475	371.137015297437	382.6101200583098	0	11.4731047608728	375.0729683756997	1348.15349815486	1462.630315858597	0	114.4768177037363	1436.947396400938	2241.205740701299	2464.740262505904	0	223.534521804605	2429.701978791505	142.776283428807	159.3750490187199	0	16.5987655899129	159.3338838421762	34.9777572733606	41.32369076460711	0	6.345933491246518	36.15912738809583	21.75198242668911	33.1209097546913	0	11.36892732800219	31.96017722862673	96.16016155252807	126.7712115186865	0	30.61104996615846	105.3934847624979	118.1178725898185	170.9709979066179	0	52.85312531679936	170.8249672383059	232.0689907023493	441.7512022808412	0	209.6822115784919	436.9934818163111	58.66955805320821	140.2463552657412	0	81.57679721253294	137.2479687547469	113.0414304602776	160.604809099748	0	47.56337863947039	160.2818251359967	191.1825151689318	312.8127901305086	0	121.6302749615768	302.0417489043288	149.4968597181947	228.8427736572692	0	79.34591393907446	208.8882322727481
143.53888	882.3529032954165	921.458439308254	0	39.10553601283753	916.3594237500653	1504.637631132291	1603.228389378798	0	98.5907582465067	1591.868639049855	50.48909411999426	54.36715100781753	0	3.878056887823267	52.41755761993802	14.60532174823168	18.27286186815823	0	3.667540119926556	17.77605199260642	546.37011770985	550.1688686716012	0	3.798750961751241	527.0620361754992	571.7958595310677	577.7754977917108	0	5.979638260643134	535.3765514064652	19.66874427599479	23.39594132550433	0	3.72719704950954	22.4072066036368	161.9558373410173	198.1585137307731	0	36.20267638975589	192.8234522647012	181.9925045682155	226.2243937821677	0	44.23188921395219	222.3647933631411	54.70193998188028	101.640685119751	0	46.93874513787069	100.5189552780142	43.27608276005446	63.12260655129192	0	19.84652379123746	61.79498048969633	57.45926525257431	76.60815960063141	0	19.1488943480571	73.80460505165686	55.89793044136746	69.89863353951141	0	14.00070309814394	67.36222081548557	75.56188232007291	93.44599381031109	0	17.88411149023819	90.67928266534912	40.94029134030217	58.95968926229112	0	18.01939792198896	54.81959621124481	31.54779165574881	53.2669851392725	0	21.71919348352368	48.97761810340489	15.88348756168109	24.71946192889929	0	8.835974367218192	22.03561173616414	167.01716608395	188.4339114338704	0	21.41674534992042	178.3525446871449	94.85435900044814	107.1430014906288	0	12.28864249018064	101.0291132362674	165.7227041401635	176.1093819251392	0	10.38667778497574	165.0189578483903	105.8477333383201	118.7236201204555	0	12.87588678213541	117.1264475502302	119.0621490065934	133.5836400670266	0	14.52149106043321	133.5836400670266	123.2902297075361	134.8730233745855	0	11.58279366704937	134.8536063802809	281.4003496436779	298.4846879218395	0	17.08433827816156	295.0847603965097	1200.211272128399	1306.809048077104	0	106.5977759487052	1270.370408396654	207.0172044004819	212.5296882411284	0	5.512483840646516	206.2660495751094	559.2252662801498	570.2654006700888	0	11.04013438993896	545.1357332443807	239.5606573899164	242.7906351828987	0	3.229977792982247	236.6233970928197	1360.420963082383	1470.852730528738	0	110.4317674463553	1444.797072730173	2709.058253083336	2921.380659116292	0	212.3224060329564	2879.018416913794	154.9924432323993	171.3316365056338	0	16.33919327323446	171.2871181233	29.84486770148364	34.67004080122528	0	4.825173099741639	30.68384753605539	14.18390217139316	25.81366412141544	0	11.62976195002227	24.92320333002774	97.64964291415932	135.4425921159432	0	37.79294920178386	113.2657199491497	211.6952750891266	268.3209168771493	0	56.62564178802266	268.0964419174365	322.8680526933253	538.6946146375954	0	215.82656194427	532.9432287335402	70.04459400868132	168.8488400859992	0	98.80424607731788	165.4509482120293	130.3884774437449	177.7173743230754	0	47.32889687933054	177.3616156446812	255.6790546797502	376.3902624389052	0	120.7112077591549	363.4889296498369	182.5808828979193	261.6129769785496	0	79.03209408063036	238.9005582481549
143.55512	629.7232027725101	669.6544758486767	0	39.93127307616661	665.9797718279157	1035.250590435419	1133.139827628359	0	97.88923719293919	1125.12182535765	96.2947652389219	100.6943262922806	0	4.399561053358658	97.16886877631761	208.9813578873853	213.3246517554048	0	4.343293868019452	207.6832864652341	384.4989673881225	388.434015041151	0	3.935047653028466	372.5305393872115	390.9648740108973	396.7538876752762	0	5.789013664378921	367.8189382040399	433.0650797054047	439.5199404292686	0	6.454860723863927	421.9920241248917	156.4390809311347	193.0285784648805	0	36.58949753374574	187.8503642651585	169.0681965810677	205.9747051195271	0	36.90650853845938	202.2716750139925	54.33773974917946	96.55821196088257	0	42.22047221170311	95.46241881243877	44.56672102976879	67.97184422225959	0	23.40512319249081	66.61523354517924	57.63911957590253	80.03187577948781	0	22.39275620358527	77.25807586434989	59.42087876246119	77.90621676901323	0	18.48533800655204	75.35090430026176	66.70054659063449	91.35433581101242	0	24.65378922037794	88.94813984413726	40.39671438505403	59.37023703050127	0	18.97352264544723	55.1741320043882	33.09239025590537	57.01266399304109	0	23.92027373713572	52.43831678522509	19.5297422387399	30.56973140308343	0	11.03998916434353	27.35422238520994	443.8047579224412	463.4683784536636	0	19.66362053122239	437.7997963070291	115.2418010109191	126.8559175963276	0	11.61411658540846	119.300844166054	226.5578199258482	236.8365387874552	0	10.27871886160701	221.1378869864913	175.9330364313174	187.5141728451988	0	11.58113641388139	184.9188378629061	202.9787564157243	215.5306075200358	0	12.55185110431149	215.5306075200358	158.4988766305869	167.5611654137321	0	9.06228878314513	167.5346292559748	213.8528254534571	230.9887288103057	0	17.13590335684857	228.3641668964826	1021.984152630968	1122.773337539437	0	100.7891849084689	1091.159383790375	240.0309340948859	245.1106094464519	0	5.079675351566044	237.6563708755755	693.8392821717844	704.2263252319204	0	10.38704306013618	672.306901639786	413.2943140618232	418.133163623959	0	4.838849562135732	405.3105510419769	1033.0337390329	1141.712285175929	0	108.6785461430287	1121.429382980516	1978.911423089022	2172.57358495342	0	193.6621618643983	2140.171967478014	127.2431949935308	143.4204607038324	0	16.1772657103016	143.3831083830779	671.1124236470991	680.232000056007	0	9.119576408907902	608.2436911910473	226.0645864376125	238.7209884861037	0	12.65640204849126	230.6628879314052	111.678855146386	164.601616618876	0	52.92276147248995	141.0162570794746	256.5577972752399	305.7374175102364	0	49.17962023499655	305.4720637451975	313.720171520768	509.0981883301142	0	195.3780168093462	503.5222723119144	67.24392304519287	189.8138873593645	0	122.5699643141716	186.2360713713396	208.9471819506156	255.7671929901038	0	46.82001103948819	255.2520575933115	405.0486799467764	524.672982883707	0	119.6243029369307	506.5800310320987	304.9276837753806	383.1706646276742	0	78.24298085229353	349.7111633295204
143.57136	203.7924079957715	228.1880871851828	0	24.39567918941129	226.8072769894173	306.250034447719	356.084251259001	0	49.83421681128197	353.2018120157269	243.8521933032088	248.8069136787549	0	4.954720375546178	240.4915345527337	672.5367475756701	678.736706463635	0	6.199958887964858	662.5937458224683	147.2982587183344	149.9541197921302	0	2.65586107379574	143.5358943153224	127.294091448699	130.6525745130983	0	3.358483064399229	120.1748329638409	1531.99473236035	1544.456748951276	0	12.46201659092595	1495.773791237718	139.3092492520113	175.9174759705447	0	36.60822671853341	171.2000748812719	215.8439352882125	244.4512411501659	0	28.60730586195342	239.7053181819109	43.37448636624658	77.77107511984774	0	34.39658875360115	76.83773705645989	36.97689560769506	64.48301523298277	0	27.50611962528771	63.2604567175287	48.28658106001489	75.02156633446752	0	26.73498527445263	72.58336988197765	53.41926611992812	79.58418049595174	0	26.16491437602362	77.34151161407782	72.55457162027477	108.1846640609918	0	35.63009244071701	105.8169080286132	22.18396522064943	46.92214265480688	0	24.73817743415745	43.90078375332219	29.20408433139577	63.09808302142392	0	33.89399869002816	58.57867312101676	38.16409442742129	54.68288843207812	0	16.51879400465683	49.71803958344564	1194.17178060245	1219.712812508826	0	25.54103190637605	1156.011717961381	74.63667809030812	90.85366098996191	0	16.21698289965379	85.87288021980252	139.4007170243385	154.749836069955	0	15.34911904561649	145.4996032771818	371.5001239384898	383.3487536770707	0	11.84862973858089	378.011038740617	404.8801498508768	418.3423944143501	0	13.46224456347334	418.3423944143501	123.0365365455363	134.3818686443263	0	11.34533209879006	134.3613850618071	97.55509541700089	113.0503761780012	0	15.49528076100028	111.7272804860459	835.028050168281	906.00099482529	0	70.97294465700901	878.5384876538848	182.0460278318605	186.6880964558167	0	4.642068623956221	180.8083632725445	756.7158903985688	766.7080042941946	0	9.992113895625666	731.2111790931905	302.8266074945735	313.5851022303539	0	10.75849473578032	305.2823529884698	435.8871634197292	553.2592859272642	0	117.372122507535	543.6229045818658	818.7879432949771	958.4795635496778	0	139.6916202547006	942.572828641325	61.28548253949901	76.5238555973863	0	15.23837305788729	76.5035899950966	2559.075813005166	2579.609795024782	0	20.53398201961524	2380.127340378558	720.7533970328868	736.8325306290011	0	16.07913359611423	713.8886842723471	141.4613006008616	218.5835434133746	0	77.12224281251297	193.2323151552409	362.1995953014631	401.2553298648717	0	39.05573456340858	400.8831418873821	223.5045978674418	379.9694697651939	0	156.4648718977521	375.5536863785799	49.27599501117029	200.5165070771458	0	151.2405120659755	196.9676198468147	337.7780828137099	384.6440918492414	0	46.86600903553137	383.8688866954488	622.7292550732079	742.5188379932134	0	119.7895829200055	716.8972302845114	502.4300151789727	580.7362339092741	0	78.30621873030134	529.9935242830456
143.5876	177.1038961089041	186.9605612015751	0	9.856665092671086	185.5740498001203	241.3388249883656	256.3598967215066	0	15.02107173314096	253.6666299752237	440.4315318213063	445.9125545551919	0	5.481022733885577	431.7258970476492	975.1736959367811	983.3892060504314	0	8.215510113650353	963.2743617166667	169.84430337254	171.9039718977968	0	2.059668525256872	163.6442589945296	57.06111929800678	58.71543717737926	0	1.65431787937249	52.89242544183666	2289.506123807279	2307.917107118124	0	18.41098331084474	2253.719498369182	188.5273289628676	225.435393875103	0	36.90806491223537	219.4035733010959	251.9724720038113	272.9074441441246	0	20.93497214031326	267.0700995581541	42.85568283844248	68.61778903263303	0	25.76210619419054	67.72444089580036	40.28466958398916	71.93030869560589	0	31.64563911161672	70.62432592517901	59.4386568915732	91.58787692409474	0	32.14922003252155	88.79874267715641	102.0518248568785	142.4716627862001	0	40.41983792932155	139.1318538051444	133.8456705890963	189.5524576275486	0	55.7067870384524	186.2384908414544	46.16898947183437	78.47777045652506	0	32.30878098469068	74.02714335474899	535.6884578087073	583.4757184411001	0	47.78726063239272	547.2656946872029	389.7626401649422	412.8890107525091	0	23.12637058756691	380.9956633736721	1606.464137546375	1645.9295345107	0	39.46539696432506	1572.903862492364	116.7784252895954	142.2384715185249	0	25.46004622892951	135.711277593015	36.28139689999085	60.39815313538498	0	24.11675623539412	57.42140221241925	480.2751239983231	495.2736507084481	0	14.99852671012503	488.8786747103211	425.3042310858362	443.4226732991268	0	18.11844221329065	443.4226732991268	40.33145077063698	59.21094609029734	0	18.87949531966036	59.20338062021279	63.96472907562426	77.66377558825789	0	13.69904651263364	76.71167267872175	792.443623178203	840.4969029872706	0	48.05327980906748	812.6419874396806	158.6050049186944	162.8340315790595	0	4.229026660365082	157.5113682277587	736.1067014461819	746.0149706064432	0	9.908269160261302	711.1211902764735	87.20415142747872	105.6114751461338	0	18.40732371865506	103.5555139197282	154.584728294289	240.7390974128559	0	86.15436911856692	236.24692716946	325.8185020195996	414.421924076455	0	88.60342205685535	406.2683204410166	18.72268799632463	32.58485254252673	0	13.86216454620209	32.5759627023084	3977.722001284093	4009.631148811043	0	31.90914752695014	3803.137253848083	1007.367827903399	1028.537237518178	0	21.16940961477874	1000.036984921986	173.6302506754258	293.1151668305629	0	119.4849161551371	266.5961578489872	403.5308625485424	438.265787479853	0	34.73492493131059	437.8441009673201	253.747790850116	366.488632777817	0	112.7408419277011	361.8255290570478	61.94164159875055	243.296779441985	0	181.3551378432344	239.2108730552762	316.0164804526958	362.3109970288504	0	46.29451657615467	361.5779999588846	567.2555627089675	685.6497020700978	0	118.3941393611302	661.9006000627628	470.387930210537	547.8278496338197	0	77.43991942328272	499.7857283516801
143.60384	400.5049657644679	405.4574660626498	0	4.952500298181874	401.857221803162	474.4719119217102	480.0047248757538	0	5.532812954043618	473.6283406101523	759.060542823955	765.8100056531306	0	6.749462829175695	743.1059700177798	1128.057959962893	1139.154914365723	0	11.09695440282967	1118.835549913052	465.0243482068939	467.6904219346622	0	2.666073727768282	444.082272290832	85.7886903201221	87.20549243000112	0	1.416802109879014	76.83824972276045	2680.842866625657	2709.703303146766	0	28.86043652110915	2659.372663146051	291.5095954084413	327.8541421014022	0	36.34454669296091	319.0517793509521	282.948419192428	297.8221377180848	0	14.8737185256567	290.7007590851397	55.67066367294047	74.08090202868836	0	18.41023835574789	73.01606693721388	52.78574701945587	88.28078362927586	0	35.49503660981999	86.73298929025719	88.66649525847421	126.9055835669171	0	38.23908830844294	123.2671483012228	195.5162160429386	258.0904157869302	0	62.57419974399166	253.0302949601634	244.8993982038578	331.7512604355395	0	86.85186223168175	327.0920770546286	112.977914841512	153.9474312377488	0	40.96951639623676	146.0537127421123	1463.657194428388	1528.880738802727	0	65.22354437433884	1444.159909914591	1063.954231630487	1096.727201836369	0	32.77297020588186	1022.733356266564	1468.397127463443	1519.890042302476	0	51.4929148390336	1459.061753791348	246.2904722866829	281.8460520808907	0	35.55557979420774	270.4432718348782	21.38142995675143	56.60318571254923	0	35.22175575579779	54.19351522593784	385.279038536121	401.685931536756	0	16.40689300063492	396.7025574047485	202.286531910096	223.8147639789254	0	21.52823206882939	223.8147639789254	17.48758726631479	45.11577233194568	0	27.6281850656309	45.11072011003141	105.9460710553239	118.8702702422528	0	12.92419918692887	117.3769865578467	438.9595272401934	472.6629290538946	0	33.70340181370113	455.6604393168197	193.4897306406863	197.4301912925875	0	3.940460651901136	190.753820031879	615.2302465238089	625.4249958319627	0	10.19474930815388	596.2826280016753	32.64264004436817	65.28192143903277	0	32.63928139466461	64.30439923815916	41.35647434378529	107.6880618304107	0	66.33158748662539	105.5551034619725	91.22549998904583	150.5376477222341	0	59.3121477331883	147.053025973133	7.016374008622363	19.54037802324669	0	12.52400401462432	19.5348733012086	4623.210361421967	4675.095147797869	0	51.88478637590143	4496.46685533179	1084.784572311373	1111.873723884696	0	27.08915157332255	1083.959417172129	198.1009315507258	388.1104812458528	0	190.009549695127	360.5718454750426	180.1927719774619	208.3042931357362	0	28.11152115827431	208.0919929995408	429.2901292141204	505.9378602401586	0	76.64773102603817	498.7375735529312	97.84054041135143	308.8200419566357	0	210.9795015452842	303.8508865198809	151.2660562436954	198.8943274137289	0	47.62827117003345	198.4943036355393	266.1995430404553	388.0175473677961	0	121.8180043273408	374.6557421560869	219.2011078621503	298.6417792974053	0	79.44067143525507	272.5985920016264
143.62008	623.3899614041725	628.2833716082303	0	4.89341020405783	622.3061531099513	1045.80497815705	1051.7440793921	0	5.939101235049947	1036.36920111991	683.9637691587473	690.6093764092481	0	6.64560725050078	671.0776046057041	775.6185042223748	786.7365504231842	0	11.11804620080953	773.42972921466	509.4597821334659	512.1222998357204	0	2.662517702254439	486.7475959409134	105.611143396257	107.7138451679073	0	2.10270177165021	94.30522352082902	1748.297699266084	1779.51757936064	0	31.21988009455598	1749.468456995188	402.3240407045952	437.7237576345705	0	35.39971692997531	425.8687415293791	355.2365100184356	367.0582254744295	0	11.82171545599392	357.4555411137233	73.6532718440203	87.84149545579849	0	14.1882236117782	86.46806807225222	48.01492130427843	85.64642167454933	0	37.63150037027091	84.17223324031274	80.09999542348909	122.7058626369937	0	42.60586721350463	119.3229713540865	195.1000233273788	281.0763877507548	0	85.97636442337597	276.1924460367732	251.6029484956346	372.6497454458516	0	121.0467969502171	368.1436037433271	191.6420566340116	237.2171571968872	0	45.57510056287558	225.6805933424295	1388.063241327088	1463.060511241864	0	74.99726991477647	1386.482385556866	959.1151336892802	996.5190496146057	0	37.40391592532547	933.6418659176356	1221.108448360883	1271.026717373332	0	49.91826901244977	1220.065830899104	362.6889569645816	401.4530889871816	0	38.76413202260008	385.7874489733148	189.5728305891236	231.3185037588049	0	41.7456731696813	222.1030582083089	313.6757144098962	328.0100664610692	0	14.33435205117294	323.7812823076261	116.8609559208989	137.6123817297583	0	20.75142580885941	137.6123817297583	13.7236097030874	44.77186770417762	0	31.04825800109022	44.76704186357188	147.80394768751	160.5890197294112	0	12.78507204190119	158.5598995520532	454.7314106841869	483.1231411740898	0	28.39173048990289	464.8491310112675	205.5398525013399	209.508579545264	0	3.968727043924111	202.3173864945733	535.1921010223003	545.9844378703036	0	10.79233684800323	520.9966816088671	21.12475696520453	73.43563291539284	0	52.3108759501883	72.51580139025765	389.0694306453483	449.3576530872299	0	60.28822244188158	440.2137539697642	715.2681010161915	772.1390777018609	0	56.87097668566934	753.0714614385279	63.32371919703083	75.45969316839039	0	12.13597397135956	75.43811951066522	2721.030982504555	2774.81775836462	0	53.78677586006423	2678.4065271432	763.053354567694	791.6306577914706	0	28.57730322377666	772.424917183822	169.112261365738	435.7914610272732	0	266.6791996615352	409.6531765089695	186.9363651215824	209.6200284874352	0	22.68366336585278	209.3902419577376	663.1966253237455	719.8466018009415	0	56.649976477196	708.5632847367268	85.51044152776565	314.1823134144477	0	228.671871886682	309.2422060670373	43.8292761594377	92.77855553686798	0	48.94927937743027	92.59463805704598	90.28256496201168	214.9827292857428	0	124.7001643237311	207.6849552539953	61.09425099800536	142.5718113972728	0	81.47756039926742	130.3088863731904
143.63632	431.5105407100023	437.9972125273802	0	6.486671817377979	434.0119417037467	1494.955581019593	1504.313205167255	0	9.357624147662388	1483.884598763379	338.5212658056116	344.0747535156902	0	5.553487710078651	333.999085760455	328.7142115290002	336.8332141124908	0	8.119002583490579	330.6777013130587	281.0588422757862	283.5707019996739	0	2.511859723887659	269.487139077224	56.92220237976072	59.80626580381986	0	2.884063424059144	52.86187398025037	652.5735745973267	674.221328724472	0	21.6477541271453	661.7880464060007	506.8760484187921	542.2834748008673	0	35.40742638207522	527.5859147849994	399.4026439553552	409.7648010353312	0	10.36215707997601	398.4428590352754	79.9967839995891	92.06704086595043	0	12.07025686636133	90.54670793812636	30.63279949843757	68.96802701602441	0	38.33522751758684	67.78773944353621	44.85101718040042	89.90741680406013	0	45.05639962365972	87.47628327375045	139.5037496292905	245.8253009185929	0	106.3215512893024	241.8538025243221	195.405011406901	347.0050590562822	0	151.6000476493812	343.1629520258105	295.3850431116909	339.6017971619054	0	44.21675405021449	322.9778442548939	729.3387912431068	800.0194171844228	0	70.68062594131591	757.5458514934014	441.5790927237405	473.8791522332529	0	32.30005950951235	442.8128103327364	1099.056438005436	1140.159745221036	0	41.10330721560031	1091.697180346941	521.8018115676454	557.5199811671848	0	35.71816959953944	535.2666473331085	470.8252562353281	512.6153088349949	0	41.79005259966671	492.2721367338004	251.9074469075387	263.7166883203024	0	11.80924141276374	260.100739672557	177.2565193583123	196.5148180934879	0	19.25829873517558	196.5148180934879	16.5133168958385	49.21096856747472	0	32.69765167163622	49.2057414413477	178.9855638217464	192.0010999158025	0	13.01553609405604	189.5863554423306	933.3881775730783	964.1028094505265	0	30.71463187744809	928.1259735182861	159.4519364168625	163.4962126506923	0	4.044276233829773	157.9008624210632	532.4255303486142	543.7599985343962	0	11.33446818578206	519.4209305915188	23.57748049935144	103.6240550934529	0	80.04657459410146	102.4910714560716	1185.195159874074	1251.977424884598	0	66.78226501052352	1227.040043772779	2401.111050018658	2473.748047515051	0	72.63699749639289	2417.579539004824	184.0815782506162	197.0337481737235	0	12.95216992310732	196.9784402427364	903.9491556940709	935.1453712437411	0	31.19621554967024	897.8064512766243	360.7058336904593	384.9108761515616	0	24.2050424611023	375.0960022510257	123.3957205203795	454.7299009344288	0	331.3341804140493	429.8802381907378	400.6319391595864	423.8148363778461	0	23.1828972182597	423.349984680747	809.5817631790378	856.4180645460971	0	46.83630136705926	842.1053153728376	41.13627486822821	276.0015385699857	0	234.8652637017574	271.6943933107194	33.37093783377927	82.06515614554553	0	48.69421831176625	81.90266867283968	84.75371151025978	208.6658761255462	0	123.9121646152864	201.5908375206565	49.30400062582044	130.4146047693614	0	81.110604143541	119.2099766532177
143.65256	304.6895563498625	312.8585236230912	0	8.168967273228805	310.2181248371781	1578.612225809742	1590.607659813788	0	11.9954340040464	1571.096718928235	138.4371199088936	144.479048026069	0	6.041928117175358	140.1858884267544	150.9515036567512	158.6182611131231	0	7.666757456371926	155.5273370339045	106.4442393539857	109.8151194502596	0	3.370880096273834	104.587404554216	117.3809747158944	120.7701326731382	0	3.389157957243819	108.0900086920659	330.6457450975377	350.6505716401455	0	20.00482654260783	343.687725802092	459.6051176089902	494.4904295339167	0	34.88531192492647	481.0403844832516	406.4677940438277	415.7197350869269	0	9.251941043099173	403.7203829207782	83.25507264591664	93.71580028264131	0	10.46072763672467	92.09343048418675	33.04217905555885	71.34831316302861	0	38.30613410746977	70.12746382424098	46.4943237759236	93.24594466106646	0	46.75162088514286	90.75546213219404	90.46521093729459	215.3238666204836	0	124.8586556831891	212.0246235924655	135.4514678099121	316.5366735176837	0	181.0852057077716	313.2549632855248	317.6955331154055	361.6401313620877	0	43.94459824668224	343.8525967727138	315.0471745552603	385.0363358506697	0	69.98916129540943	364.4471196947466	192.0199149163628	223.7500006137358	0	31.73008569737295	208.7895694755984	826.7026198654365	857.2406018415359	0	30.53798197609932	817.3272965659517	489.4055571419882	519.6619301395891	0	30.25637299760088	497.877071059937	489.4864457335688	528.5873126874679	0	39.10086695389917	507.231370024602	153.7039850493627	162.4931369172472	0	8.789151867884474	160.0574073835192	158.2551595094194	174.1795711120562	0	15.92441160263682	174.1795711120562	40.2072503792729	69.14327324826594	0	28.93602286899305	69.13571489712278	165.7006900844794	179.2662333541379	0	13.56554326965847	177.0440708626261	1098.344356587568	1129.44624121152	0	31.10188462395287	1087.63582634143	147.7162772633242	152.0113900785978	0	4.295112815273572	146.8882914564874	561.436742332999	573.7506830425635	0	12.3139407095646	548.7936009955758	222.2072325425026	325.0624355807529	0	102.8552030382503	321.7916500136587	1548.319515691061	1619.681077087275	0	71.361561396214	1587.987671657819	2981.699299216102	3064.357421413642	0	82.65812219754054	2999.875915745484	226.212264520532	239.6605724483528	0	13.4483079278208	239.5942903706346	484.9166350133432	510.8645102500373	0	25.94787523669416	487.5779910582924	158.294266393674	180.3501964249998	0	22.05593003132576	175.5478321676708	109.818258449209	508.5669641245098	0	398.7487056753008	482.6797493198784	386.3591012374435	407.2302281967353	0	20.87112695929177	406.7728326480234	829.9088331632501	869.2707127105924	0	39.36187954734235	853.891555179741	54.83475721198852	289.9898482270743	0	235.1550910150858	285.4672385318171	63.19366356202593	113.0588946296092	0	49.86523106758322	112.8363173053544	114.0377064372177	240.9000359678203	0	126.8623295306026	232.7782288304074	82.11690031667514	164.9841675298634	0	82.8672672131883	150.8863971313446
143.6688	555.3878285992071	567.6763173049878	0	12.28848870578084	563.3659474199577	1879.253792932466	1898.51681709921	0	19.26302416674435	1877.915786478856	34.33543192686714	40.22998029506775	0	5.894548368200605	39.04547639537128	35.95684025079627	42.70480951011421	0	6.747969259317936	41.84549854879933	33.59174783328281	37.50719427751535	0	3.915446444232546	35.86543199544651	319.137159647646	323.5393983225578	0	4.402238674911763	293.3637237986957	67.22998053278718	82.99349556542823	0	15.76351503264105	81.25606339396865	265.164512176537	299.7440940576166	0	34.5795818810797	291.5607202417101	415.8457382663095	424.578945097412	0	8.73320683110247	411.9486981123931	98.32672013523117	107.8523391509868	0	9.52561901575565	105.9178841538125	55.12029063028934	92.99247611535201	0	37.87218548506266	91.39603993896618	80.60521464380059	128.1901872402727	0	47.58497259647212	124.7879232787094	48.93163917427371	188.0166182774265	0	139.0849791031528	185.2338168876771	73.03907928513392	277.6405483500519	0	204.6014690649179	274.8856975251542	145.5131385693418	185.3559128492088	0	39.84277427986695	175.9729429172331	90.07398847891569	153.6574575169114	0	63.58346903799575	145.2418133921727	41.39239680198739	71.17582043651564	0	29.78342363452824	66.3648404647852	509.6668054762342	531.8298346989617	0	22.16302922272752	504.1813070007216	266.3914437235319	289.050216321093	0	22.65877259756111	275.8058803640326	242.339756724391	272.4961538374723	0	30.15639711308131	260.6349069372189	94.42005461552486	101.4884187521118	0	7.068364136586902	99.82882435603749	112.1485315567045	124.6063072774942	0	12.45777572078963	124.6063072774942	85.6839004062515	105.6733635087082	0	19.98946310245674	105.6605154103404	99.70053171328064	114.2480547063208	0	14.54752299304013	112.8649684316875	1239.59588858362	1273.22564300398	0	33.62975442036043	1226.735554480008	177.6405724967357	182.1099412216405	0	4.469368724904742	176.1033487121796	558.8785428203275	571.8529650757938	0	12.97442225546622	547.6736569284873	335.0035806806391	409.4109524694946	0	74.40737178885553	404.9384980704291	1839.889791189046	1917.134600938958	0	77.24480974991187	1880.242160576839	3645.225357160892	3740.130680291086	0	94.9053231301943	3665.433817591545	226.2971519029852	240.1454073797353	0	13.84825547675013	240.0795479465576	99.20278069037998	117.2741791867955	0	18.07139849641546	111.3943706660239	39.67748768010895	59.92218216883388	0	20.24469448872493	58.28250594152068	107.9544527086071	558.0672751667245	0	450.1128224581173	530.9862047183761	455.9167851153848	475.1770420272989	0	19.26025691191414	474.6244893548961	877.3319678610605	912.4146660868665	0	35.08269822580602	895.5433627413613	121.2294459217982	353.1817890524989	0	231.9523431307007	347.6533629096832	120.0074742936601	170.1030581399816	0	50.0955838463215	169.7701394584102	163.1064555897819	290.2549766019043	0	127.1485210121225	280.5259543325418	144.5369302277391	227.7796029783579	0	83.24267275061884	208.4243573940967
143.68504	641.2889899895717	658.2110193311122	0	16.92202934154044	653.7121469729045	1588.503555836488	1617.617281707501	0	29.11372587101381	1602.236068484198	50.38652563585997	55.94437559550683	0	5.557849959646859	54.25997712677773	51.69031364065491	57.669499569019	0	5.9791859283641	56.43929890158407	108.1479595689873	112.0318247479589	0	3.883865178971587	107.3591743568099	357.5248184331899	362.1909233750083	0	4.66610494181841	331.5435955706752	24.09439415262472	36.77005503159356	0	12.67566087896883	35.91491176605419	106.5646413336267	142.0259777105107	0	35.46133637688404	138.1761966796273	406.428891781842	415.0370537836046	0	8.608162001762571	402.560842165041	101.0506684682297	110.3310347132044	0	9.280366244974651	108.3284497551209	63.9882190003969	101.7917563293735	0	37.80353732897662	100.0429345657324	96.5465544149563	144.4548129647453	0	47.90825854978905	140.6296366069843	40.93706892382546	188.9868241138815	0	148.049755190056	186.2441706696817	57.14781460379958	274.0832568764504	0	216.9354422726508	271.4198573599566	61.47442410594654	96.14033601333249	0	34.66591190738595	90.98596987425131	40.92304772223398	94.16779080360264	0	53.24474308136867	88.68437997255474	16.53621261449385	41.68938904635631	0	25.15317643186247	38.69466216871992	281.0782406529876	300.669614229699	0	19.59137357671139	284.0515962187841	131.1843540338214	149.9083641003502	0	18.72401006652878	142.503261567585	127.4580701950052	151.2660010159491	0	23.80793082094388	144.0852834170645	74.12662822102507	81.14626053762248	0	7.019632316597406	79.79871334688437	72.93763560478465	84.50532761969117	0	11.56769201490653	84.50532761969117	123.2754004778718	139.4318591085466	0	16.15645863067474	139.41359634962	53.22051193064472	68.78627207587343	0	15.5657601452287	67.97505372152303	1118.78473650258	1158.870186861839	0	40.08545035925876	1118.407047051994	184.7583381257321	189.1860893427549	0	4.427751217022748	182.9860692567064	542.0568280726559	555.0315948124343	0	12.97476673977843	531.76306492276	528.8938505739776	577.0697036451841	0	48.1758530712064	569.8455802843749	1646.128062267084	1733.800273036638	0	87.67221076955441	1701.420267444531	2979.975057772298	3088.229631637969	0	108.2545738656716	3030.258998021597	180.4757513690005	194.9404113692339	0	14.46466000023342	194.8877194675541	36.89306930888795	51.73307943627523	0	14.84001012738729	48.76630719830209	19.6646086051475	38.12758604940483	0	18.46297744425734	37.04228588349422	113.2035403386098	580.9320220546379	0	467.7284817160281	553.1783424114204	372.7167770163538	393.9132149593525	0	21.19643794299877	393.4687142261294	880.1392375627707	914.192398405722	0	34.05316084295127	897.0380827096668	143.040908028971	374.4921438609953	0	231.4512358320243	368.6256515272231	173.0092085090864	221.4376817421837	0	48.42847323309738	220.999320006359	290.7834751974304	413.9369702986967	0	123.1534951012664	399.9045566023236	229.6577007899656	310.3791633761374	0	80.72146258617177	283.7174709725709
143.70128	480.0284198099827	496.5080704128787	0	16.47965060289604	493.1525694711829	812.0401109306697	840.0632161669073	0	28.02310523623759	832.1682069742624	134.9751788802038	140.920390481717	0	5.945211601513245	136.6726223619577	153.7783521523235	160.5623333372551	0	6.783981184931601	157.1355728871133	264.164299122443	267.8433823508507	0	3.679083228407694	256.7289100827917	236.9085443349616	240.9076219858771	0	3.999077650915492	220.6609912805551	40.54892430897129	57.16348884636984	0	16.61456453739855	55.8504332252771	76.28687036870738	113.186029875697	0	36.89915950698963	110.1544861315053	391.4666936579154	400.2648417668752	0	8.798148108959767	388.2730542087384	88.69433599092936	98.16281747839314	0	9.468481487463769	96.38907196143084	58.0426819009504	95.96893167222738	0	37.92624977127698	94.32174673764496	94.94233884202663	142.7374205067922	0	47.79508166476561	138.9563837973425	59.67171086682436	211.0059170455945	0	151.3342061787702	207.9662975623403	77.38545239739501	295.7671796849643	0	218.3817272875693	292.9034696628268	31.93420362490449	66.50938459362983	0	34.57518096872534	62.89831063135973	30.22034757668661	83.16423492652859	0	52.94388734984198	78.25831024266041	23.63161002144949	49.44062472334477	0	25.80901470189528	45.85445906818072	199.1068409897999	219.3413631860736	0	20.23452219627364	207.2067706134961	59.67133207156633	78.45977521619007	0	18.78844314462374	74.53786501849305	59.32437038171501	82.72633213964941	0	23.40196175793441	78.71907438544117	124.030992623319	131.1651091951859	0	7.134116571866991	129.0029329549633	50.49330612155074	61.91796180448334	0	11.4246556829326	61.91796180448334	71.40009630350086	86.64009269474801	0	15.23999639124714	86.62848427142229	51.65132102587815	67.47101111991275	0	15.81969009403458	66.68201859051922	832.1664964236509	872.5667532093801	0	40.40025678572912	842.3260263115759	169.904618386548	174.2617193743327	0	4.357100987784715	168.5258178344532	531.7177467514927	544.4328973476597	0	12.71515059616712	521.4993802498464	399.1310960197308	440.3656250347115	0	41.23452901498069	434.5113779488265	1020.715487308057	1108.766906325638	0	88.05141901758064	1088.128851710112	1193.501638127706	1290.827568792558	0	97.32593066485207	1266.031720815974	93.84104711043186	108.352964568512	0	14.51191745808011	108.3237621299658	69.67688666701946	93.15527316731021	0	23.47838650029075	87.99665784041504	39.13001594581851	58.93294300703784	0	19.80292706121934	57.27401945851017	122.6171587866505	580.9328069731923	0	458.3156481865418	553.0270281377336	177.0079153195423	197.3772904483109	0	20.36937512876863	197.1537329429116	856.1227667106878	891.0824533424689	0	34.95968663178105	874.4591903251376	118.7553036512565	351.1690235048771	0	232.4137198536206	345.6742478862457	226.6049079841279	272.5828621647696	0	45.97795418064174	272.0323683170963	490.8301796842368	608.2375906313591	0	117.4074109471222	587.2066201987283	339.4001902519743	416.3867458923326	0	76.98655564035829	379.9327680962048
143.71752	357.8902277923112	370.4392483214922	0	12.54902052918098	367.7733672777338	479.8569764060984	499.1901994931469	0	19.33322308704851	494.0797880488764	154.8062714346012	161.0861170132808	0	6.279845578679645	156.3533258873431	165.2011944904823	172.8409370446567	0	7.639742554174338	169.3428054352574	288.0137952957534	291.4292940163371	0	3.415498720583621	279.1100792715996	163.0628832064773	166.4106774808509	0	3.347794274373594	151.5849868452766	95.61697678419218	118.7573135036158	0	23.14033671942359	116.3788157209487	93.19281173501047	132.8564344643698	0	39.66362272935928	129.3717128783946	356.0630374904337	365.5310122341642	0	9.467974743730435	354.8166589721668	85.24722884273369	95.48763382542083	0	10.24040498268714	93.80287103975063	56.23314847451417	94.2069218234256	0	37.97377334891143	92.59068505122427	87.470534490246	134.3535874990498	0	46.88305300880376	130.7751525163916	58.74957493317233	207.3855825284485	0	148.6360075952762	204.3825735097159	77.27763781496975	284.7480467961912	0	207.4704089812215	281.9458036149596	27.37670057464859	65.43610067804291	0	38.05940010339432	62.0070684145041	32.87793893533524	92.86224563452861	0	59.98430669919335	87.60345485606646	56.09003532367729	85.72649373702058	0	29.63645841334329	79.80924199674122	155.2460898878564	177.4915989796503	0	22.24550909179392	167.9807298318281	36.26827362659967	57.48821518298858	0	21.21994155638891	54.7225351666613	29.52511078616569	56.50123051348847	0	26.97611972732278	53.88105407567837	131.2349477673235	138.4393964083893	0	7.204448641065783	136.1639330638631	44.64536706907545	56.40550263491136	0	11.7601355658359	56.40550263491136	36.51528166150182	53.05645976218518	0	16.54117810068336	53.04948878670437	59.14398475908223	75.03446404820775	0	15.89047928912553	74.15768793459713	619.5679925212612	654.6946845956041	0	35.12669207434291	631.2525952840764	156.0726252947456	160.3050334636854	0	4.232408168939815	154.976763947683	505.7833149379023	517.8982114566622	0	12.11489651875995	495.7566976260534	155.5417662883454	204.7316955470028	0	49.18992925865738	202.1281616054102	601.9313300666016	681.6820363336969	0	79.75070626709534	668.7087547951021	464.8480711814597	535.5083052152839	0	70.66023403382428	523.9328880119214	49.31052129132137	63.55378419714159	0	14.24326290582022	63.53654934827664	132.1659003697088	168.0542868652219	0	35.8883864955131	160.4582132049512	73.73712732132763	97.31538214795755	0	23.57825482662992	94.74679769421459	109.8785970629302	524.9457087747644	0	415.0671117118342	498.8967155154641	86.28200449613975	103.2769270412551	0	16.99492254511538	103.1531072693592	818.059038753563	856.5125546733449	0	38.45351591978198	840.9904958093753	105.6639008570365	338.1762211446128	0	232.5123202875764	332.8857256371705	204.6087284579831	245.7912437903744	0	41.18251533239126	245.2756113923899	432.0938945480964	538.0001640373139	0	105.9062694892174	518.6854663874085	300.956190530657	370.6185517980506	0	69.66236126739366	336.9741239183343
143.73376	180.7291355631431	189.3596377366581	0	8.630502173514971	187.8713863109109	244.563347142818	256.4504479908927	0	11.88710084807461	253.5113449421767	115.5902024687532	122.3480449803692	0	6.75784251161595	118.8531211307667	88.03798698544753	96.73701696632872	0	8.699029980881191	94.88169404586561	181.5995884867199	184.8307754187338	0	3.2311869320139	176.8109281741683	115.8610736957243	118.5806704220809	0	2.719596726356603	107.1829787253063	202.4302993069521	236.9494997374449	0	34.51920043049282	232.9184819759791	120.531172866305	164.4348763320527	0	43.90370346574768	160.250759537555	279.3289805023803	289.8448197444285	0	10.51583924204816	281.665145174292	90.8465163497002	102.255671837416	0	11.40915548771578	100.5162051758933	58.10421723666865	95.39518156475042	0	37.29096432808177	93.75079089117915	74.40354828508069	119.3248249854139	0	44.92127670033324	116.1060969833747	39.92863177363025	182.2893292742614	0	142.3606975006312	179.6150140310993	60.41540562051323	248.7150349366013	0	188.2996293160881	246.1871783676903	49.30224100090489	92.98397257298379	0	43.6817315720789	88.36020113472213	56.17266861502582	127.5741526179893	0	71.40148400296349	120.7520054916472	118.3248562908129	153.5304272210319	0	35.20557093021896	143.5506056546027	84.74306555450178	109.0820488001532	0	24.33898324565141	103.4397874616669	41.80901972812687	66.82577154645861	0	25.01675181833175	63.7883813565926	36.81906211941722	70.4341231092403	0	33.61506098982309	67.3994415037217	69.48543401976221	76.49858174585545	0	7.013147726093232	75.23473862969995	44.01827698192843	56.36348542256784	0	12.34520844063941	56.36348542256784	40.05803160433543	59.95871178647635	0	19.90068018214093	59.95127449325904	65.07798793776206	81.29899275486454	0	16.22100481710248	80.35537385945977	317.1436613314197	346.295841603869	0	29.15218027244932	333.3402986721543	155.721475993532	160.0836068603972	0	4.362130866865208	154.7596731482285	496.5594600614858	508.566642487552	0	12.00718242606621	486.5739140938973	49.70858763290159	125.7736485607864	0	76.0650609278848	124.3746908615176	348.8489933242946	419.5357108880536	0	70.6867175637591	411.3303000104599	290.0991825246281	335.3638800204175	0	45.26469749578943	326.782065559316	57.64139981832927	71.64566733581646	0	14.00426751748718	71.62613404768241	243.2106792736632	302.1760047821722	0	58.96532550850905	291.3233854276431	125.1868521729599	154.3806304744388	0	29.19377830147893	150.6138894958823	89.28838476108939	443.8373828509162	0	354.5489980898268	420.5559482996431	53.57172829338163	66.78542286615382	0	13.2136945727722	66.69882167060669	709.3990217987482	752.8669763563481	0	43.46795455759993	739.7884315281198	101.3081566585355	327.9474198730169	0	226.6392632144814	322.7835902028192	134.5047388134623	169.3586287120122	0	34.85388989854993	168.9800369851719	190.3457009110832	281.342316618927	0	90.99661570784379	270.5935617676541	156.1368053736587	216.0168001658888	0	59.87999479223014	195.1830513273033
143.75	160.8122919877053	167.5844182513617	0	6.772126263656347	166.1610974797591	290.0277071313715	298.3416414662288	0	8.313934334857281	294.5422417543817	137.3939182285129	144.9617823811621	0	7.567864152649204	140.9879395525047	82.69038435454384	92.83204747163163	0	10.1416631170878	91.1566731851206	180.0130702935858	183.6109726785392	0	3.597902384953398	175.650351496238	135.9922294765276	138.6572840321869	0	2.665054555659244	124.510878175673	330.0953055618576	383.5322005230628	0	53.43689496120524	378.0228946642256	120.7763123690616	169.811929494302	0	49.03561712524041	165.6308099916144	244.2288433295594	256.2579601338925	0	12.02911680433306	249.3727912621762	90.19542097252642	102.9466000288897	0	12.75117905636333	101.2599288100273	58.15472669189472	93.16392885105394	0	35.00920215915922	91.5296805236695	80.79275684161681	122.4327403860728	0	41.63998354445599	119.0538303301482	42.0552427834696	175.8648290707125	0	133.8095862872429	173.2361036445012	54.95235491161366	220.4404044791098	0	165.4880495674961	218.1003889332788	75.52725309723347	124.4875149828644	0	48.96026188563088	118.5824855305272	104.093631197223	187.8618720060156	0	83.76824080879264	178.3493203702768	183.838809501217	226.172339696337	0	42.33353019512002	212.3959473783434	49.28753813457944	73.47807183986768	0	24.19053370528825	69.70416919007491	43.08733033113187	70.10824023358906	0	27.02090990245719	67.0268645138497	42.958623447601	81.60704535655688	0	38.64842190895589	78.27352502033642	34.34722717639003	40.67529569132521	0	6.328068514935178	39.98268840231876	38.96197206061424	50.73347145934579	0	11.77149939873155	50.73347145934579	35.68203332490775	56.4018229583429	0	20.71978963343516	56.39497358666346	70.60231454536141	87.63259865534135	0	17.03028410997995	86.63142166786244	135.0946067109294	159.2287170710787	0	24.13411036014929	152.9807405642527	154.085944398225	158.9619716992982	0	4.876027301073236	153.8269462060554	464.0896512710743	476.9272410642083	0	12.83758979313403	456.5829868673948	32.91499252794431	134.6897354229418	0	101.7747428949975	133.3282673836385	310.8016079989304	373.5636248543209	0	62.76201685539061	366.0496980418335	220.1849906612796	245.9853346488722	0	25.8003439875926	238.1634090087658	60.66817696071485	74.36963189713205	0	13.70145493641721	74.34921696230168	314.1570300675949	416.7388332225199	0	102.581803154925	404.8176072136682	143.3175001154354	180.2974359078777	0	36.97993579244229	176.2572179250476	88.83707421345812	382.7549209221581	0	293.9178467086999	361.2638987589426	43.58028173779576	52.76143372023235	0	9.181151982436589	52.68467311124924	612.6102215008237	661.2870425189591	0	48.67682101813538	650.2412769326792	109.3871812788523	317.4003849404959	0	208.0132036616437	312.2886071698651	91.83092086129923	120.1982438814584	0	28.3673230201592	119.9066309087854	95.3678537547955	171.3299330334718	0	75.96207927867633	164.2507068989649	91.98038488865053	141.7516555647047	0	49.77127067605419	126.9759468888151
143.76624	327.9871617820759	334.7337642976884	0	6.746602515612486	331.8216446913613	637.5163143666699	645.220894199865	0	7.704579833195088	636.5748059259189	226.3761321018479	234.9074861598275	0	8.531354057979565	228.7823199898697	160.7803029756454	172.510534030586	0	11.7302310549406	169.5811614946643	316.8882133205333	321.0979448574588	0	4.209731536925451	307.7700780921696	218.7748931760507	221.7577114537816	0	2.982818277730878	198.9577254128252	456.3225703779228	536.6856032143584	0	80.36303283643556	530.0174538611283	93.12393121073562	147.6055950985523	0	54.48166388781669	144.0825346053261	271.4221219393025	285.5487616760149	0	14.12663973671232	278.318535308494	81.25764066204067	95.43056998459083	0	14.17292932255016	93.92154474215747	56.95795530359884	88.01448180597642	0	31.05652650237759	86.41702498961511	105.2544880564107	142.3882163945168	0	37.13372833810615	138.3174383777789	63.61699480471487	186.3729155881861	0	122.7559207834713	183.5132437222175	59.75484803406381	200.643824030741	0	140.8889759966772	198.3928146477984	106.8115765962048	158.2960663810432	0	51.48448978483844	150.9509021884206	171.5134213754761	263.4305947031615	0	91.91717332768543	250.5089662454938	250.2690609053109	299.7878999777554	0	49.51883907244444	282.4965509418709	52.76489373356905	74.39762704953424	0	21.63273331596517	70.45270513430052	44.00695861172273	69.54896069607378	0	25.54200208435104	66.45321520193266	50.28251184410223	88.3768505322731	0	38.09433868817087	84.7700349572266	37.72433284583246	43.13774917678985	0	5.413416330957384	42.36450067781636	34.99853632638962	45.01991559283246	0	10.02137926644284	45.01991559283246	29.17185418763346	46.15731819326361	0	16.98546400563014	46.15140148455163	73.38539010444028	91.77441157596232	0	18.38902147152204	90.75296644218258	120.0221356389227	141.1208680429448	0	21.09873240402206	135.3777971217291	144.8464562709176	150.680011535363	0	5.833555264445317	146.1063250923209	381.7835627587305	396.5273409442104	0	14.74377818547997	380.3449722369744	40.4670553587462	133.2078700270587	0	92.7408146683125	131.833346239521	456.3452791839404	514.1369011859098	0	57.79162200196929	503.5833941062165	130.0063983819495	144.3132778987239	0	14.30687951677449	138.4643893716323	48.20060587139142	61.58922853436921	0	13.38862266297779	61.57219513596706	322.7286652490783	497.2546649506418	0	174.5259997015634	485.511777751183	126.9201985185854	173.1368347487988	0	46.21663623021342	169.5488397154239	107.0953628776047	346.2241517846381	0	239.1287889070333	325.2106646710196	44.18085434006888	50.20983453658767	0	6.028980196518797	50.12573923152107	545.2372622395724	598.6140188757714	0	53.3767566361991	588.9297720805275	129.5966495312225	306.6811915233914	0	177.0845419921688	301.5230770403644	75.69796048989542	98.55929885749941	0	22.86133836760399	98.29714849355794	128.727581427457	192.2941342602988	0	63.56655283284191	183.6470468044404	102.7391935527325	143.8819212207903	0	41.14272766805781	127.5315880604883
143.78248	362.3500455204883	368.8006581416834	0	6.450612621195043	365.580238445878	670.7893959464909	677.4309214182712	0	6.641525471780264	668.0871271167655	263.9138130793439	273.5128208891019	0	9.599007809757985	266.7312452894591	209.896935023987	223.5484569988367	0	13.65152197484963	219.9679766210474	355.6716195466855	360.2451232174207	0	4.573503670735144	346.0902066151463	229.4959195395301	232.4043513570661	0	2.908431817535983	208.7764013596387	437.0180589232801	553.439890203039	0	116.4218312797589	547.3342871502423	105.8025359438851	164.8373279994568	0	59.03479205557159	160.9952933911443	303.277767632562	320.3322403876531	0	17.05447275509116	312.7536474134718	68.06916036242104	83.77496965182711	0	15.70580928940606	82.49352132631356	51.40083018587831	77.41159106286916	0	26.01076087699086	75.93176379686847	102.5638865410966	134.3524415836321	0	31.78855504253548	130.3189668954418	112.0825619538696	219.9192014157362	0	107.8366394618666	216.4119494143621	75.87294225067616	191.4192978108799	0	115.5463555602038	189.1223204462621	109.8789065410007	163.4007469125713	0	53.52184037157061	155.9198712070879	173.5343343690686	272.6411368732803	0	99.10680250421173	259.5734275099425	238.6438211370482	295.9550108731764	0	57.31118973612822	279.6796391569574	61.75947250377068	81.25652105982444	0	19.49704855605376	76.76166662770493	50.27850842013515	74.14440777332575	0	23.86589935319061	70.75771540232452	57.20607353449551	93.92012800591895	0	36.71405447142345	90.03152405849102	43.51702540198659	48.21971753054714	0	4.702692128560558	47.30593817465457	37.76519157100545	46.27266100817344	0	8.507469437167988	46.27266100817344	35.99221551774568	49.4669782336806	0	13.47476271593492	49.4601283149963	82.50607153531504	102.2318651347372	0	19.7257935994222	101.1225736088479	167.3787615283545	186.0131620408046	0	18.63440051245015	178.2037275557891	129.2692214960802	136.5501168222652	0	7.280895326184941	132.7603738892415	285.1374124601462	302.8355417611249	0	17.69812930097871	291.3103475734384	62.33183147822461	139.4788322798855	0	77.14700080166089	137.9562092296109	467.0377195184651	520.8300205729736	0	53.79230105450858	509.9586829765088	71.01402534041517	79.14832735609555	0	8.134302015680387	75.0668314750336	43.14648084441582	56.13395390626327	0	12.98747306184744	56.11828348484236	708.2494412813257	989.6990767930587	0	281.4496355117329	969.6227023506424	159.3456178725669	215.6020317544704	0	56.25641388190345	211.4186765370805	147.1420392640445	337.9208092679687	0	190.7787700039242	315.5578853209836	41.12044132566643	45.15338296345845	0	4.032941637792017	45.0658980088326	488.2825514505073	545.8971525847492	0	57.61460113424183	537.2848260595488	115.9508655459366	255.8620406933291	0	139.9111751473926	251.2679070847527	65.75122271909811	85.36519904020327	0	19.61397632110516	85.11893773155265	132.6786995126385	189.260197543037	0	56.5814980303984	180.1228020513905	99.83797444917587	135.8042196480527	0	35.96624519887685	119.1706923982694
143.79872	265.8019525177173	271.2272218805786	0	5.425269362861285	268.7800196089605	422.1624555372999	427.0750004410573	0	4.912544903757363	420.8206242441807	236.5255307004546	247.0194825590709	0	10.49395185861628	241.1447802668048	221.6710673462158	237.35143267087	0	15.68036532465422	233.7522421333793	270.5699837810478	275.1743251869326	0	4.604341405884839	264.6876886385703	172.1554323243496	174.7143177505711	0	2.558885426221463	156.6226361586282	273.6872768014856	433.3067670293814	0	159.6194902278958	428.9627450959106	157.6969871716734	219.3932549248324	0	61.69626775315896	214.3465475194263	326.8304057942685	348.1112065432103	0	21.2808007489418	340.4900516495835	50.63417771950353	68.49082196552519	0	17.85664424602166	67.48419586664366	42.05235861410861	63.12083816422034	0	21.06847955011172	61.83459000873584	75.16879096369468	101.4707860984109	0	26.30199513471619	98.23196011215656	174.7290235152383	261.8335220942202	0	87.10449857898188	257.380447463366	97.39344394347511	186.1431260692729	0	88.74968212579779	183.7020955475487	75.14303421264675	132.1988527658616	0	57.05581855321487	126.2818170581513	97.86500692245446	206.8147069418351	0	108.9497000193807	197.1862364313558	131.749041529727	197.4302497321046	0	65.68120820237765	187.0421097086828	72.94380220320983	92.39764789919249	0	19.45384569598266	87.22489930955631	56.12052966228327	80.57536780738899	0	24.45483814510572	76.90471170287523	55.19127299989994	93.88138544994071	0	38.69011245004075	90.04568115655717	48.25574523538344	52.73621649141692	0	4.480471256033474	51.7045943569202	44.56677843776559	52.59682966750194	0	8.030051229736353	52.59682966750194	50.65935784471284	63.37045762151975	0	12.71109977680692	63.36141838118839	99.63285777409537	120.0400362950295	0	20.40717852093413	118.754482035202	247.667337147981	264.0364665920516	0	16.36912944407062	252.5702584745318	105.8353748712288	114.7738755723358	0	8.938500701107028	111.8637949057941	189.1463564521261	210.0268738129713	0	20.88051736084522	202.5745187432543	85.42134967405325	163.7623030070632	0	78.34095333300995	161.973669987013	320.0661600784513	369.5583271883252	0	49.49216710987383	361.690601401482	49.52536555820389	55.55847460720467	0	6.033109049000773	52.02845119574628	48.54321258597103	61.0485190238384	0	12.50530643786737	61.03126915139548	1261.770596579119	1681.963429149238	0	420.1928325701191	1651.642787072103	229.5744609524486	295.5622799431786	0	65.98781899072999	290.1192990334076	197.7887732927391	341.3723710902582	0	143.5835977975191	316.1936814844242	34.74923631159079	37.92188517371185	0	3.172648862121064	37.83918215531148	435.876094829182	499.9128390231477	0	64.03674419396575	492.2784672278491	70.2574518639526	176.3159094007993	0	106.0584575368466	172.8867964150469	56.51149626557227	74.99728939306073	0	18.48579312748846	74.76999511266955	103.0468017929163	157.3326524301247	0	54.28585063720844	149.416255996255	77.19281923906394	111.2460140882371	0	34.05319484917318	96.99618469017527
143.81496	231.3163588853911	235.8871331919162	0	4.570774306525146	233.6503472775501	350.0238911790723	353.9425720042155	0	3.918680825143154	348.3714805660878	199.2759970330413	210.2793531190354	0	11.00335608599413	205.3997945944702	184.0906341107701	201.2263277442132	0	17.13569363344308	198.2869842280009	224.0569928469495	228.5889534922203	0	4.531960645270774	219.917460951795	163.1108799268641	165.4746070559759	0	2.363727129111768	147.6641003967095	408.1932166257891	600.9564312109712	0	192.7632145851821	595.2586215334226	195.8921931033982	257.9128786595731	0	62.02068555617492	251.9924424791287	276.7056498977199	303.518137060876	0	26.8124871631561	297.3847499495458	61.26016937887414	82.28258167076308	0	21.02241229188894	81.13275602111921	45.32059740565786	62.70214581917055	0	17.3815484135127	61.34261800012732	71.88501580134719	93.68888514639266	0	21.80386934504547	90.49790824926923	195.6417317800868	260.0230153978238	0	64.38128361773711	255.1626009455712	98.09478544198055	162.0231141240861	0	63.92832868210559	159.6439055604546	56.79506544225784	117.6849581970633	0	60.88989275480549	112.5446511029296	63.82486389959374	182.4012357918214	0	118.5763718922277	174.1318794030358	137.2057139950184	209.415164705342	0	72.20945071032362	198.7307646935766	86.06388043729342	106.3633252326268	0	20.29944479533337	100.4936550143111	60.67577907139238	86.94057704028569	0	26.26479796889329	83.07409696621087	58.51947546366507	101.1279729036588	0	42.60849743999375	97.12373657733797	48.06609875652075	52.54142384145135	0	4.475325084930597	51.50819387769124	48.30383356147239	56.45234025617966	0	8.148506694707272	56.45234025617966	59.44227469265635	72.9819398185988	0	13.53966512594245	72.97171622243506	113.5535801347169	133.9399504990393	0	20.38637036432245	132.5063239032238	281.1257266020335	296.0059335935826	0	14.88020699154908	282.7882770512085	97.99518244776992	108.0482560615296	0	10.05307361375968	105.4662505339954	180.9626277457176	203.6373713112244	0	22.67474356550678	196.7088987811128	112.9052119611972	204.7480496154664	0	91.8428376542692	202.6131965865411	285.1788341851034	331.3534513509967	0	46.17461716589332	324.1746391272844	41.85619100020278	49.11367843226403	0	7.257487432061252	45.61874731898202	64.25102954860519	76.37682844751393	0	12.12579889890873	76.35501994286822	1431.332774276015	1962.388925368132	0	531.0561510921168	1929.280288177679	268.340431538361	340.4393083080903	0	72.09887676972929	334.3505561909857	188.2807282750582	290.2840250898104	0	102.0032968147522	265.7432480502885	33.38549489038515	36.39980554292186	0	3.014310652536703	36.31542889875118	349.6250993900426	424.7793348333587	0	75.15423544331604	418.6051359663337	88.36478435649789	170.817448846067	0	82.45266448956914	167.2284550566152	48.84828094112103	68.01099042573053	0	19.1627094846095	67.80319972421336	89.33976143304382	145.2627067047545	0	55.92294527171073	137.9051117518691	63.59265784860774	98.53036607364345	0	34.93770822503571	85.81731495096626
143.8312	253.625965204419	257.5937581433499	0	3.967792938930896	255.0415060206639	468.3361846620419	471.6882908181453	0	3.352106156103396	463.8240231425174	162.6822933212016	173.8772060437738	0	11.19491272257211	169.8844650156209	103.670428205761	121.5841858166132	0	17.9137576108522	119.8415532690803	233.9678766940052	238.3534048963265	0	4.385528202321212	229.2442541992808	201.5844308305757	203.7920908835443	0	2.207660052968661	181.0358624299659	749.030284621581	949.0083853950086	0	199.9781007734276	940.1171927555071	220.1514174293422	279.746881195403	0	59.59546376606084	273.2569895744142	146.6333735830789	180.1010524856101	0	33.46767890253116	176.7202477764661	100.4117002344281	126.0258520579352	0	25.61415182350705	124.3665707472793	61.80550493329755	77.06441298132302	0	15.25890804802547	75.31602226292858	91.74603699996149	110.4209440555041	0	18.67490705554264	106.4392024871687	175.1372591986715	218.2436011259226	0	43.10634192725113	213.6136254322453	80.34010425349929	122.522679506033	0	42.1825752525337	120.4569185322019	59.2131081717708	123.1694573617832	0	63.95634919001241	117.887346643062	76.10508528670236	201.7798325576004	0	125.6747472708981	192.7956332699269	253.7110121500543	329.76397694205	0	76.05296479199561	313.2189348882764	105.8899754918128	127.2912524180749	0	21.40127692626213	120.3994479866912	67.9175516106056	96.174713778306	0	28.2571621677004	92.00249361475726	71.26749508794926	117.9019066207374	0	46.63441153278815	113.3678305295411	44.9473776122493	49.51842196567489	0	4.57104435342559	48.54956212160565	51.21151275775085	59.71047182248924	0	8.498959064738386	59.71047182248924	66.16632062920841	81.1185358607428	0	14.95221523153439	81.1075303354809	122.2859559656546	142.0623291196044	0	19.77637315394974	140.5274689342518	250.6609504811116	264.71338179861	0	14.05243131749843	252.6817333155655	105.9448772000057	115.8991799611669	0	9.954302761161181	113.1590309787684	245.9501939918434	267.7689527337996	0	21.81875874195616	258.6441008615525	151.7579704835583	262.0792506014423	0	110.321280117884	259.4884753370509	392.9661210300381	437.1143711228603	0	44.14825009282222	427.5341553376774	45.79155888912931	56.16886801421176	0	10.37730912508246	52.25848109025494	89.05504935798493	100.9112795194681	0	11.85623016148321	100.8822463260848	1409.979748831212	1956.571157783829	0	546.5914089526159	1923.862222167025	286.9360862834235	359.4664444297105	0	72.53035814628694	353.058107361131	124.3279928554045	191.8258274976918	0	67.49783464228739	172.713105344294	38.84537497592721	42.09619097247699	0	3.25081599654977	41.99809569967613	226.0275442459983	319.9313188668266	0	93.90377462082832	315.5846750129092	180.300598828217	249.8307285898907	0	69.53012976167369	244.2770404302182	43.20215992743735	65.14700278322694	0	21.94484285578959	64.9558078788544	93.61247836127436	155.9817885386926	0	62.36931017741828	148.3405740469932	60.62783052180563	99.75082619797882	0	39.12299567617319	87.34009831026272
143.84744	221.2235324576093	224.6345511382044	0	3.411018680595193	222.3124065663426	465.3195597813675	468.29541175196	0	2.975851970592557	460.1184927592747	113.1369143364542	123.965215679852	0	10.82830134339778	121.1013349270683	54.00784731621366	71.6861844476489	0	17.67833713143524	70.65865598585619	190.4002467322645	194.3487242950786	0	3.948477562814146	186.7266485662172	181.7627403018395	183.7343495099849	0	1.971609208145386	162.3436606359133	685.6025872388294	859.6846164430382	0	174.0820292042088	851.3331648090646	212.1015386738328	266.4228414489318	0	54.32130277509898	260.081929840696	126.5617568849259	167.8079950935187	0	41.24623820859279	164.8615275388616	101.3774139043061	133.7875017956187	0	32.41008789131259	132.1438157694236	72.79940630359597	87.15892152805844	0	14.35951522446247	85.13520684949449	108.3323766628215	124.915702916913	0	16.58332625409147	120.2002265578103	177.7432037480407	202.9996546466102	0	25.2564508985695	197.8961786532092	116.3554819926476	140.1631385166444	0	23.80765652399676	137.3377541561339	101.3621001564334	167.48403002007	0	66.12192986363658	160.3905007304085	108.7481410970219	238.1497103437893	0	129.4015692467675	227.6444258591327	244.1405630934429	320.2043669121095	0	76.06380381866657	304.159029245828	244.830405703395	268.4452052723291	0	23.6147995689341	254.3754108895004	72.24879956588671	103.3849429896151	0	31.13614342372841	99.03745044499996	106.7883510855249	158.2351680947574	0	51.4468170092325	152.3330012390007	69.57794598286519	74.55116060405926	0	4.973214621194087	73.12774405871511	52.59680499502144	62.02638317973	0	9.429578184708568	62.02638317973	65.423106568094	83.22100123378432	0	17.79789466569032	83.21030004758646	105.9254107907501	124.3145340328564	0	18.38912324210632	122.9397748475819	280.86386972259	294.7944022398869	0	13.93053251729686	281.3169483301712	146.5363277785668	155.2825112165918	0	8.746183438024971	151.4723909662546	419.5842576085005	438.2338771928945	0	18.64961958439402	422.5834046858816	173.0203319003425	311.0813177277482	0	138.0609858274058	308.1928267503181	429.7306757307098	473.0722256336992	0	43.34154990298944	462.6484252322548	54.3532595088129	70.30864624325196	0	15.95538673443905	66.14883347630024	93.42798596584292	105.1079135284061	0	11.67992756256322	105.0775139415469	1112.358143422547	1556.646112444841	0	444.2879690222938	1529.180323181769	239.1673761852304	305.465774491605	0	66.29839830637466	299.8769743205865	161.499025690327	202.1192775629071	0	40.62025187258015	177.4587566966495	43.31905997042018	47.45728047825769	0	4.138220507837509	47.35349401298797	360.1585779336265	485.5461781996592	0	125.3876002660326	479.4913756628525	267.4585781422205	331.7170899171228	0	64.2585117749023	324.1289220877786	42.12139471910266	69.32036501822115	0	27.19897029911849	69.13427769078466	99.03458497294565	173.7950616024056	0	74.76047662945992	165.9151154999245	61.15945357044619	108.4595996692279	0	47.30014609878175	96.02839837025577
143.86368	120.9799147686545	124.1516403278034	0	3.171725559148892	122.8231851002186	267.2728866462173	270.2617002513791	0	2.988813605161698	265.4062544168424	57.50384890870465	67.78503461252407	0	10.28118570381942	66.19025034608586	44.60543576775733	61.38006061491532	0	16.77462484715798	60.48584642573055	92.86624408819847	96.52244306027069	0	3.65619897207222	92.59589798006844	96.50809847893176	98.43688492287356	0	1.928786443941804	86.5377556727518	345.6703717207688	474.5985493902942	0	128.9281776695254	469.5892669035003	168.7856995403297	215.4475810383248	0	46.66188149799511	210.0957991333925	219.3497469533665	267.8007577308065	0	48.4510107774401	263.3315538346639	60.96448960778563	101.1170530358673	0	40.15256342808173	99.9492821291399	76.03612155514001	90.2084131695927	0	14.17229161445269	88.10005697039517	123.3802115254297	138.7832282453092	0	15.40301671987951	133.3725666743538	218.7592389626584	232.9497712307295	0	14.19053226807113	225.85035187386	203.2056325853481	215.9301027241335	0	12.7244701387854	210.6247766495904	178.6990851741885	245.9836412150696	0	67.28455604088113	235.6349949566427	161.9112088321358	292.0967611429012	0	130.1855523107654	279.238668209942	115.8878822803663	189.3158094157494	0	73.42792713538316	179.7300868308072	472.2991686105801	497.862732311823	0	25.56356370124294	472.6097265841785	68.39477572224841	102.2600075158714	0	33.86523179362302	98.08333467158862	157.571284588166	213.510732735625	0	55.93944814745898	205.7575324020586	115.2706306796493	120.5652596187266	0	5.294628939077222	118.3300140708262	46.43931690804127	56.87080925058561	0	10.43149234254434	56.87080925058561	48.03984381068425	69.34531225607714	0	21.30546844539289	69.33690912728743	64.93739611154508	81.38005064837921	0	16.44265453683413	80.44577159069992	379.3909660493613	393.5688825634014	0	14.17791651404004	375.6395832511034	230.9674989892811	238.5761617636984	0	7.608662774417302	232.4077559963238	741.3180833307875	757.0982401896545	0	15.780156858867	728.3269225991446	164.1660680491893	338.5139260997707	0	174.3478580505814	335.5662220912284	364.5272078916659	408.0642132277117	0	43.53700533604577	399.0778967452005	67.45173240847879	91.5290471580031	0	24.0773147495243	87.34617863361242	72.01820308393411	83.51853880232619	0	11.50033571839208	83.49426552012285	758.8973550565109	1043.714143925219	0	284.8167888687079	1022.917966189115	133.8031737980556	189.0423345880559	0	55.23916079000035	185.3862987573093	318.5177317903907	346.797012788105	0	28.2792809977143	295.1187003531219	41.06738863472121	46.37688293614997	0	5.309494301428756	46.28592244765333	685.0476074233175	849.780357695166	0	164.7327502718485	839.988394384924	343.2703222544727	406.6063940976215	0	63.33607184314879	397.237644901906	46.72181193377369	82.40190839855458	0	35.68009646478089	82.2066181838121	106.0593335433624	201.1005453154656	0	95.04121177210325	192.973261930847	65.99941666019079	126.6359079853227	0	60.63649132513189	113.7250787721166
143.87992	52.73992946901399	56.36913981186924	0	3.629210342855248	55.7685064731145	103.2495258111426	106.8471998155829	0	3.597674004440362	104.9478374913926	35.97224669895272	46.18739525047866	0	10.21514855152594	45.09111879199771	46.46661037214237	62.8472361202202	0	16.38062574807782	61.92087694214869	36.05593122398446	39.9675863811536	0	3.911655157169139	38.32809790914791	45.22810395894594	47.45777040700408	0	2.229666448058136	41.73385349008193	141.3037783653518	233.3386863114393	0	92.03490794608754	230.617685372853	147.5378215679431	186.0822832493682	0	38.54446168142512	181.1932113667845	279.6952565746611	326.9692732217936	0	47.27401664713249	321.5016518945513	49.30881502647985	90.68296062152194	0	41.37414559504209	89.64748310582351	80.92040072589428	96.27217381145486	0	15.35177308556058	94.06908333418495	308.2883627593907	325.0383704976207	0	16.75000773822994	312.5156630550769	473.2961095208772	487.5850888973611	0	14.28897937648389	471.1761985361217	476.7765353221887	494.3451966463779	0	17.56866132418918	481.1488161429901	214.3380924681018	280.8538682370341	0	66.51577576893229	269.0031503381072	173.3948475705857	301.6580812972202	0	128.2632337266346	288.3257546365336	48.57995042162183	120.298361348389	0	71.71841092676715	114.1600325278149	556.5419758281587	581.6533354222345	0	25.11135959407589	552.175763879009	175.719832237904	209.188460408898	0	33.46862817099399	200.6454721271129	226.3651129897418	281.7177343418156	0	55.35262135207383	271.4830203848348	117.2889972710667	122.502715013288	0	5.213717742221297	120.2386360553831	77.76519321996028	88.1276957709357	0	10.36250255097542	88.1276957709357	62.13763118964013	83.48045407069709	0	21.34282288105696	83.47041203059686	41.62566562065927	56.35498419995481	0	14.72931857929554	55.68184518160397	369.7440914112615	384.2382390393792	0	14.49414762811766	366.8354692049923	247.461411334971	254.6436325937615	0	7.182221258790471	247.8411433943719	870.0526912637115	885.1058239643141	0	15.05313270060266	850.2855294324442	104.4396636096401	281.8105891566692	0	177.370925547029	279.3745712930717	397.7150437735978	441.9621856679653	0	44.24714189436754	432.2660011544506	302.5074836058627	334.8338672954839	0	32.32638368962117	322.8635504920071	78.00097022913725	89.15892991354076	0	11.1579596844035	89.13277503581371	556.119164902177	723.2262019414082	0	167.1070370392314	706.3626825692535	69.60194881197093	114.5105700900349	0	44.90862127806402	112.142565570437	1209.804099594373	1253.972548016032	0	44.1684484216581	1062.046519575753	119.7135662765667	125.8468859564589	0	6.133319679892168	125.6202413993544	770.84366123607	944.6041040551454	0	173.7604428190754	933.9178742721967	869.6541641015417	939.738082615729	0	70.08391851418722	918.6583857433184	100.2116912752198	146.080968371508	0	45.86927709628814	145.7755053006383	195.3748877120025	314.2486502464396	0	118.8737625344371	303.0028532286835	137.3896278685079	213.9734946157558	0	76.58386674724795	194.6091287757765
143.89616	36.86875783608555	40.92857752770013	0	4.059819691614584	40.50634161575864	49.03978247434105	53.0981214933327	0	4.058339018991648	52.1879101242999	46.47658031432747	56.68979217072863	0	10.21321185640116	55.34421243440875	52.56205464607596	68.77588054790773	0	16.21382590183177	67.75827472127105	33.07417431848178	37.1170504733801	0	4.042876154898322	35.61529813379125	46.9753770448344	49.34465935422699	0	2.369282309392589	43.56177187300317	115.4112675749226	184.4276797676194	0	69.01641219269683	182.0749221651186	153.1259503310184	185.4954028770152	0	32.36945254599679	180.3519779808702	330.8032030651599	366.8242234795991	0	36.02102041443914	360.2067816191966	64.31635679850605	96.67125202424283	0	32.35489522573678	95.49292646455298	77.84186386736937	95.67750617457236	0	17.83564230720299	93.5917492440629	673.9591000910966	694.4888639665036	0	20.52976387540698	669.4788017181573	899.4171182615077	921.2117392458347	0	21.794620984327	892.9036012217898	866.4387007950627	898.9709873998196	0	32.53228660475695	878.1443434505484	220.9343179375974	285.3271795936346	0	64.39286165603723	273.152217793079	147.6776175711428	271.7386639715348	0	124.0610464003919	259.6112077139742	61.93280207390443	132.3430778100397	0	70.4102757361352	125.5530511728679	582.6103481229241	606.710779393968	0	24.10043127104399	575.4879856481435	394.6580144346075	426.227736267874	0	31.56972183326642	408.4929782225707	344.0927177587603	395.6771923148733	0	51.58447455611294	380.9946405022335	85.83718309217753	90.98351596764172	0	5.146332875464184	89.28980922215432	152.1757889946122	162.1006259365558	0	9.924836941943596	162.1006259365558	116.8419121532879	136.1578704630719	0	19.31595830978403	136.1409869320583	39.73717707000421	53.2474060528838	0	13.51022898287959	52.59061740158308	222.4744067597139	237.4446334015782	0	14.97022664186428	226.7770444406985	140.2504027495812	147.7054915929626	0	7.455088843381322	143.7592681938838	550.6691112059299	567.1594289807052	0	16.49031777477539	545.1781212425531	54.99632048261941	204.6472706603176	0	149.6509501776982	202.7969768440778	552.6575989273144	597.9135069868895	0	45.25590805957503	584.8667156359394	731.5120788985466	772.4295671203294	0	40.9174882217827	749.1166328895251	118.6421684554988	129.4413472724926	0	10.79917881699378	129.4029522093729	294.2530569505195	398.4605776986304	0	104.2075207481109	387.6582754390577	51.59660448683369	89.1728581807115	0	37.57625369387781	87.21449353174442	3008.910156354191	3088.684784828637	0	79.77462847444579	2715.552326869936	275.105150298163	281.9868680046086	0	6.881717706445589	281.5055229061056	745.8956326913403	876.6876489358015	0	130.7920162444612	866.0032066012784	1815.812672833812	1900.439476000477	0	84.62680316666491	1860.262463073794	192.3720941220955	247.5021387220909	0	55.13004459999538	247.0289401922375	352.0548319973396	491.8341749051513	0	139.7793429078117	475.726040495486	261.651801118089	352.4189254010743	0	90.76712428298532	323.1308230385287
143.9124	48.75982594300448	54.239904015633	0	5.480078072628524	53.71365188739967	215.8444225753551	221.7527672003247	0	5.908344624969679	218.2131453094892	47.44738905422422	57.32636744646599	0	9.87897839224177	55.95459198147589	50.07933922276705	65.73135166018156	0	15.65201243741451	64.74933695302008	38.88720948031704	43.12643586052568	0	4.23922638020864	41.40562065136585	51.23051442771528	54.03731886426389	0	2.806804436548604	47.9690475070602	98.72465719117478	151.6785724181823	0	52.95391522700749	149.5743136700937	146.0501002011102	175.4601248242415	0	29.41002462313129	170.4317940302066	363.9219410713064	385.5184378409486	0	21.59649676964215	377.4365725392302	98.21905429083068	118.1374112344699	0	19.91835694363917	116.4863257488491	122.1307554312766	144.0822885203338	0	21.95153308905714	141.1429730813692	758.7143281620459	786.0923332709643	0	27.37800510891831	760.5634407550159	1002.876741066567	1043.351403338325	0	40.47466227175816	1018.370420448289	931.4585837196699	995.4664119262452	0	64.00782820657531	978.6361110535108	164.9513021589165	223.8244354900542	0	58.87313333113764	213.9962574927989	99.30431715858006	211.255858054302	0	111.9515408957219	201.5543049025907	54.91504566241051	119.9382999177559	0	65.02325425534535	113.6462099543564	736.4318777597982	760.7574752949106	0	24.3255975351123	721.6231531748372	412.0288650445516	441.0754568488346	0	29.04659180428293	422.2713841803317	293.6009888164145	338.0675373986112	0	44.46654858219663	324.9899702137014	112.6226262248571	118.3238971227842	0	5.701270897927085	116.1753449260354	185.215108734429	195.0257218121568	0	9.810613077727814	195.0257218121568	112.838563366737	129.3335560674527	0	16.49499270071564	129.3167949816191	39.93747658249734	52.94967582551635	0	13.01219924301901	52.28523804321795	382.9889693292442	399.9298769366933	0	16.94090760744913	382.4307198587421	41.58148534289991	49.26547081499831	0	7.683985472098401	47.96941428660748	176.3796710858725	194.8625177790667	0	18.4828466931942	187.6441095360208	20.31676040353375	116.675967476021	0	96.35920707248729	115.4934311770377	623.3261583880326	671.4237025099155	0	48.09754412188295	656.9660644909661	1483.545339659248	1532.203508672111	0	48.65816901286365	1490.645101255344	123.8054176429988	134.5141010914427	0	10.70868344844394	134.4740263502943	99.31098326973604	172.2758628281976	0	72.96487955846156	166.9909414582488	42.69695698953371	75.561802056758	0	32.86484506722429	73.822130437835	3623.5418928129	3778.413058078655	0	154.8711652657547	3468.276373017854	424.8193416513272	433.0279453390409	0	8.208603687713641	432.333880942785	796.7003050132939	870.3544769452624	0	73.65417193196835	857.8962057236639	2238.904167530833	2349.397553343706	0	110.4933858128736	2303.629780119652	410.0435357281622	470.0438182935034	0	60.00028256534121	469.1843764313559	1871.419126596558	2021.507042409095	0	150.0879158125377	1958.154696158123	726.9775080854505	825.0987148403888	0	98.12120675493836	759.3688931962681
143.92864	84.99995977924128	94.48534415648547	0	9.485384377244181	93.69370083722964	656.9094633337688	668.0728538809096	0	11.16339054714075	659.1327220373314	41.10134397776709	50.41341084872107	0	9.312066870953981	49.18295222965131	40.07711341142377	54.3170292040636	0	14.23991579263983	53.48252292033187	51.0845580914189	56.05888586207769	0	4.974327770658783	53.90976087342567	51.40149251735089	55.31334255330971	0	3.911850035958819	49.72188333023048	51.63934770836231	91.3812343593827	0	39.74188665102039	89.99043930859737	103.6359094950977	133.7820754015069	0	30.14616590640917	129.9610791975248	482.4714030962305	495.253365053494	0	12.78196195726346	482.8983220855011	178.1557985272873	189.9846508458406	0	11.82885231855333	186.8671132820234	193.989759980434	219.5615616813003	0	25.57180170086631	215.3091873858204	399.1411028133373	433.623553442724	0	34.48245062938675	420.7350614510195	490.8120145136394	568.5444175694784	0	77.73240305583892	558.1321053399254	418.9045070100655	542.8449156326026	0	123.9404086225371	536.1556640844892	71.74089138749171	119.1192718812117	0	47.37838049371997	113.493636956532	47.85831308780133	134.7129099790771	0	86.85459689127576	128.0539892431892	31.19052509872309	84.62309650332774	0	53.43257140460467	79.91907357494587	890.8157131417987	913.4517454028982	0	22.63603226109943	865.751244038109	197.4739260517772	219.697579233625	0	22.22365318184779	209.5963641144554	110.3993965283983	139.6418791966343	0	29.24248266823605	133.5601556420437	193.5746662890315	199.9766131586123	0	6.401946869580796	196.5103138297239	142.6729523435503	151.4399135777693	0	8.76696123421895	151.4399135777693	52.33770130585575	62.14515611755564	0	9.807454811699891	62.1359063512506	38.44557176190145	52.26133494090393	0	13.81576317900248	51.61588993628195	928.4588570686033	950.5012330567666	0	22.04237598816335	911.5248682360524	19.84450730636846	28.02825291834	0	8.183745611971537	27.30430604668827	46.50560471169105	67.60380393036554	0	21.0981992186745	65.21931855590867	10.88456523797231	35.99728259453499	0	25.11271735656268	35.48448465892387	559.9867599005537	615.5106179032966	0	55.52385800274299	602.6864249662285	2561.647321257595	2616.631081858381	0	54.98376060078503	2550.390567792732	75.45337514269168	86.59244431583053	0	11.13906917313886	86.5669227433127	69.70868425095399	126.4778899503536	0	56.7692056993996	122.2131175926047	34.5392676870327	64.61134195269378	0	30.07207426566108	63.07411857457127	1680.263982507058	1971.466542994382	0	291.2025604873241	1855.207742980701	530.9926121859171	540.8365803839604	0	9.843968198043257	540.0314066564555	974.603077660812	1014.098740412508	0	39.49566275169644	996.520332993688	1747.622673681982	1883.763486827195	0	136.1408131452134	1849.414388246107	683.1636265568833	741.0288075063846	0	57.86518094950136	739.668073846421	4122.127358494111	4266.589258352246	0	144.4618998581353	4132.313061843259	1371.084534780496	1466.064837199945	0	94.98030241944821	1348.799257470176
143.94488	99.82976714592644	114.8914668541557	0	15.06169970822926	114.0721861974633	716.7862532316402	735.3549132873422	0	18.56866005570205	727.3089302678167	37.16113323696452	46.12056518204877	0	8.959431945084251	44.97536651135516	37.10139346186168	49.75242178511356	0	12.65102832325189	48.95596708418132	51.57113137189607	57.11170784060486	0	5.540576468708802	55.05686910968073	49.96211619838865	54.53561425014175	0	4.573498051753102	49.68947523210706	32.40968780024883	64.84356017065512	0	32.43387237040629	63.77741021156137	67.49602357056008	100.3669430356865	0	32.87091946512642	97.57648407991637	966.9820949019802	980.7991013538317	0	13.81700645185151	955.6741139830649	403.424220127636	414.5202857469772	0	11.09606561934116	407.3983345742569	152.1788212910518	175.4713335777193	0	23.29251228666752	172.0015225336312	97.28801736418227	129.7178617046056	0	32.42984434042337	125.8482506047033	76.30186568445954	165.6105687622287	0	89.30870307776912	162.8044177508567	61.04001558830063	199.2562266765149	0	138.2162110882143	197.0076343791261	39.88606819759059	77.83689415220772	0	37.95082595461714	73.82753488128125	34.05228580357933	100.5849548737981	0	66.53266907021876	95.16130885190387	23.49955608243001	67.0591914226402	0	43.55963534021017	63.07141409422108	949.4051490282319	967.8160055912331	0	18.41085656300113	913.7797189316851	161.1872108295307	176.6461560123968	0	15.4589451828661	167.4549440392154	74.5689342844591	92.50298725484699	0	17.93405297038789	87.74824005006693	203.7251021956354	209.9166958391907	0	6.191593643555292	206.2891104857641	129.4547160364974	136.4677583562582	0	7.013042319760775	136.4677583562582	59.13496145107612	64.09813389374415	0	4.963172442668029	64.08619589050554	31.06489417020475	46.50576272071432	0	15.44086855050957	45.95431951839804	1074.807887921591	1102.879606283876	0	28.07171836228532	1060.668291143095	65.57562306874668	75.86431681603483	0	10.28869374728816	74.04023829783685	28.98099770616782	54.43460687222036	0	25.45360916605254	52.64034177188802	56.06341127001851	59.99691442131057	0	3.933503151292066	58.59811099906791	518.6926386587908	583.5511830907539	0	64.858544431963	571.8507716912482	3144.643289071029	3202.797011183577	0	58.15372211254741	3124.475244784579	45.06558633076524	56.90066013847339	0	11.83507380770816	56.8842237554863	60.15032985717161	109.3066879097588	0	49.15635805258719	105.3892458463231	27.84352822774879	56.54785860637973	0	28.70433037863094	55.17810271546578	209.8407831807926	513.8223665521599	0	303.9815833713672	485.3760778518215	502.8155905200813	513.0875873243345	0	10.27199680425313	512.3455567155692	1918.508131045462	1954.434027516972	0	35.92589647151003	1918.206661154548	909.2152981343476	1031.046834236239	0	121.8315361018915	1011.775865536924	823.6651962994415	876.2041491753098	0	52.53895287586829	874.5354254705198	4917.757187909443	5049.985159344708	0	132.2279714352661	4885.226243669024	1662.665706820732	1749.657373900641	0	86.99166707990919	1604.784988325223
143.96112	97.22275549635725	117.0116676358088	0	19.78891213945153	116.2458787326514	349.3781261555306	376.028173505824	0	26.65004735029343	372.3720993212803	31.0565534127013	39.08554352669096	0	8.028990113989655	38.08585479827354	35.84779906835852	46.3889804919878	0	10.54118142362928	45.60251444085212	39.17697100612285	44.40906482909956	0	5.232093822976704	42.84491106399975	50.27501299054813	55.03633688046246	0	4.761323889914332	50.48910701188744	31.14734012270364	58.09896127198841	0	26.95162114928478	57.08137688568232	60.49685232270959	96.58617456727987	0	36.08932224457027	93.97782861218889	1121.605289044823	1141.718569259478	0	20.11328021465529	1115.937180975006	491.7809963350306	506.7049407915697	0	14.92394445653916	498.7518531202442	75.33732106667188	93.83039755965848	0	18.49307649298661	91.83935118798679	24.23726580861531	49.34693875630649	0	25.10967294769118	47.75390628029621	15.00789749048525	75.40207363557549	0	60.39417614509024	73.97028371340973	27.09139232845427	115.005653419897	0	87.91426109144275	113.516976763637	49.05995328058007	81.99617569459132	0	32.93622241401125	77.5130682205892	38.21271230269296	93.54952348579083	0	55.33681118309786	88.17681682254798	21.28759423599713	57.35709037561578	0	36.06949613961865	53.73004291913251	1087.872965759664	1104.473997139494	0	16.60103137983003	1039.378090833472	303.2323163839855	316.2270375317952	0	12.99472114780969	298.3915053819877	154.0617050624227	168.341213522859	0	14.27950846043629	158.7548543293064	201.0283588359427	207.2068565187234	0	6.178497682780694	203.5924472586381	166.1663882058325	172.8427479904456	0	6.67635978461308	172.8427479904456	138.933389819074	143.3759660880789	0	4.442576269004931	143.3460440839773	21.53559086344936	38.23691530929605	0	16.70132444584669	37.79717015764682	857.2686506936312	890.9203994768319	0	33.65174878320069	858.4093759621646	142.5639616667486	154.2970641881477	0	11.73310252139902	150.8262497589841	43.6277730001276	70.93388193053302	0	27.30610893040541	68.68843293432199	273.9535971064126	278.1745378714343	0	4.220940765021724	269.7122443205348	580.6193049017803	654.0192016327264	0	73.39989673094612	641.2887044060027	3464.355733851486	3525.76541019576	0	61.40967634427423	3441.484998187122	54.68634299495688	67.36251061928252	0	12.67616762432563	67.34347952408332	41.55466194934826	83.71480890125342	0	42.16014695190516	80.54994705662953	22.3490568745679	49.62284319114226	0	27.27378631657436	48.40024045829633	43.15954559919118	219.198454114578	0	176.0389085153868	204.6870234147254	478.8079713213223	490.0829900894479	0	11.27501876812569	489.3913800319434	2306.782747201952	2356.285211617919	0	49.50246441596717	2316.590461060035	450.5301211218965	540.4598189266706	0	89.92969780477408	529.4229266369389	794.8147813734375	841.66860489163	0	46.85382351819247	839.9922469334906	4000.363456441771	4119.446109191193	0	119.0826527494215	3978.95256365737	1533.578173952983	1611.946063993145	0	78.36789004016129	1472.674877939543
143.97736	151.6753143071724	176.7227563713248	0	25.04744206415234	175.6303072004531	290.2455043569265	328.5877105985518	0	38.34220624162527	325.6693417252501	28.78471790322536	35.64484975100648	0	6.860131847781121	34.68001779407385	48.74255369117847	56.9855976195855	0	8.243043928407024	55.93463316001281	37.55822615983042	42.64050878454413	0	5.082282624713713	41.11184996420045	53.4619793003562	58.75667966386181	0	5.294700363505614	54.09843741798628	29.9053001462444	50.80530765497498	0	20.90000750873057	49.83552882837547	118.6299229209468	159.1176994971769	0	40.48777657623005	154.9664689982529	884.57276957819	911.2666015427493	0	26.69383196455935	892.8146936414892	377.193179841497	396.1050915419009	0	18.91191170040386	390.3838259983143	30.89210148805346	45.956005477438	0	15.06390398938454	44.91378165348692	27.40892255037393	47.65593647595171	0	20.24701392557778	45.99316026143676	353.1392138865998	399.493237572427	0	46.35402368582724	391.0437234370354	836.9536271951664	902.453556681191	0	65.49992948602466	889.035307765671	44.22458226623205	72.25029201388809	0	28.02570974765604	68.05650335463297	36.45005053090217	81.00773620538857	0	44.5576856744864	76.02155878610675	20.26607197817158	47.8700298553644	0	27.60395787719282	44.57066973544286	1002.080639936441	1018.034536534663	0	15.95389659822137	957.1500129101522	298.3420031652114	309.6085589981545	0	11.26655583294313	291.3203490537101	139.0151399481045	150.3454571734906	0	11.33031722538614	141.1361091831869	200.4761862907481	207.2290727580617	0	6.752886467313576	203.7162941344219	152.9550755307798	159.8543065586319	0	6.899231027852043	159.8543065586319	125.2726845233458	129.2926140239276	0	4.019929500581835	129.2650516998394	32.92271036226487	50.83305347020358	0	17.91034310793871	50.26205247043057	794.0181982304631	836.2619293966179	0	42.24373116615484	807.3663539707434	171.5033043347118	184.5490988934277	0	13.04579455871588	180.538148735923	397.1316432634622	426.1481550194682	0	29.01651175600601	412.8699779892726	248.7391809846496	250.0299706803322	0	1.290789695682631	241.1196054478932	606.7907779861055	691.3409057897118	0	84.5501278036063	678.3108759290316	2926.375257464353	2990.805421718124	0	64.43016425377063	2921.111157245726	64.95640176574426	78.74317515397961	0	13.78677338823535	78.72152145640193	531.5428248880426	566.2338325115154	0	34.69100762347281	543.2040578993638	91.08466319189814	116.4812533622493	0	25.39659017035116	113.5371618023541	856.2339515025972	972.4410167850679	0	116.2070652824707	894.5387253902308	400.6311374102833	414.2498406282669	0	13.61870321798363	413.7031777405568	1714.539931262423	1777.748265786738	0	63.20833452431444	1750.440672265913	153.0601635400866	221.8910557821955	0	68.83089224210892	216.9671701344088	581.7534520750789	621.2744101136391	0	39.52095803856007	619.9573651551461	2523.58980822391	2625.340365855875	0	101.7505576319654	2530.112264006036	1094.048913554005	1161.189087840648	0	67.14017428664361	1054.720906038162
143.9936	249.8330891743978	284.3155856369315	0	34.48249646253365	282.6879090880998	572.1274660680446	632.4552498017107	0	60.32778373366622	627.4227614093957	31.80565991076129	38.28149967179594	0	6.475839761034646	37.20020500357936	80.51652822946899	87.42128279214545	0	6.904754562676467	85.67731328116801	44.45749438133794	50.14752512116616	0	5.69003073982822	48.37485237795282	56.09722945474122	62.39307286238412	0	6.295843407642893	57.75197573421932	35.98958788210913	54.15039567999164	0	18.16080779788252	53.040339868446	230.4330531687625	276.5213792772915	0	46.08832610852901	269.5836274850145	505.5727938478099	538.9696287663651	0	33.39683491855522	528.8388844388568	208.2973639438476	230.1165807830925	0	21.81921683924489	226.9401895934817	34.58073138361244	46.59264958422015	0	12.01191820060772	45.45756917678192	61.6951386050597	78.03994131755553	0	16.34480271249583	75.11313545020077	1052.092466301531	1092.786789369142	0	40.69432306761069	1068.470571769705	2461.669317839427	2516.529230859472	0	54.85991302004421	2476.095672488087	35.2524410618366	58.6003398679549	0	23.3478988061183	54.93664155387245	38.88762646389321	74.11865983978716	0	35.23103337589394	69.16481957599824	25.54210825858582	47.18906971025945	0	21.64696145167363	43.62909130283104	729.2913485790961	742.492700436131	0	13.20135185703498	695.8430718269019	164.0362380075275	172.6340485564308	0	8.597810548903317	161.55019621056	67.43771675312195	75.45618247980791	0	8.018465726685958	70.28087618809293	184.7118289840446	191.2732696867374	0	6.561440702692779	188.0485472363297	96.1501670737581	102.3385650023652	0	6.188397928607109	102.3385650023652	56.59867434265832	59.32199668278633	0	2.723322340128014	59.30813463635824	63.19237316683635	83.19843266091918	0	20.00605949408283	82.29784471545535	909.6467018826853	963.0119963354384	0	53.36529445275314	931.5860795904298	132.5670337009198	147.8286396562962	0	15.26160595537646	144.7816536770342	1089.752307628852	1122.418663602575	0	32.66635597372295	1088.770834401787	202.374087602611	201.4876294780631	0	-0.8864581245478047	191.8104269921775	537.2549161353254	635.7855320631572	0	98.53061592783176	624.2158167056471	1451.676301682209	1512.862511311289	0	61.18620962908016	1477.268869167756	69.39112257901574	84.2731016779768	0	14.88197909896106	84.25050540918549	1645.746259864419	1677.676976027691	0	31.93071616327242	1605.760831051424	239.4303956350261	263.9839171028678	0	24.5535214678417	257.2071343782613	2465.530227484841	2551.924328479961	0	86.39410099512003	2318.941211131204	270.7400510634562	285.0414675935322	0	14.30141653007594	284.6766412018281	929.2992424952604	1001.316440009945	0	72.01719751468458	986.5901525026912	76.59533186622951	128.1958693169157	0	51.60053745068618	125.0885973879685	263.1239671923424	294.7925501553588	0	31.66858296301628	294.1112545456981	1138.609120901698	1222.038713579112	0	83.42959267741425	1173.824596380128	499.8671890121937	554.8232154297276	0	54.95602641753396	499.5919899612609
144.00984	243.8608258520607	291.8865817760258	0	48.02575592396511	290.3419036085898	590.6674445132332	686.1317107796823	0	95.46426626644906	681.2215028172105	46.2035671966371	52.64343780159764	0	6.439870604960552	51.14006025965698	80.9133730478632	86.83809398969581	0	5.924720941832608	84.99687983746894	56.17533085542211	62.65601269730264	0	6.480681841880528	60.55404894469451	72.86240470208223	80.47165321497398	0	7.609248512891762	74.96999851938661	303.4825016563571	320.648646998533	0	17.16614534217589	313.8731418939435	271.7526524758829	323.4690757120467	0	51.71642323616382	315.629516912311	297.1134822031172	339.1834175928285	0	42.0699353897113	333.2610237834331	83.53582980307982	108.4040602956432	0	24.86823049256334	106.9668318587984	42.07688368819023	51.23341791726256	0	9.15653422907233	49.86848729010546	82.68259797142473	95.45121389768973	0	12.76861592626499	91.54739509444501	1401.782639096191	1437.132973023674	0	35.35033392748276	1403.404817038966	2937.387230702793	2982.373899590454	0	44.98666888766048	2930.259992682714	41.94878607893381	62.51055546472833	0	20.56176938579453	58.35849008494733	47.93994969386387	77.94967407044922	0	30.00972437658536	72.39444411394912	35.81483681115626	54.76888992085932	0	18.95405310970306	50.39627972369493	505.3047529792104	514.7254007639266	0	9.420647784716291	478.628038605657	96.983192251239	103.6384160346271	0	6.65522378338811	96.25454813891633	49.3375881946057	55.95762047106625	0	6.620032276460551	51.69929725868294	145.8081440492579	151.1222541918244	0	5.314110142566569	148.4135870996515	71.34432859596978	76.59201035401104	0	5.247681758041254	76.59201035401104	43.37111110019012	45.85245192198961	0	2.481340821799495	45.84059119263312	77.99424787150443	100.9560947517673	0	22.96184688026286	99.91352175101893	866.140594367526	928.1266258497758	0	61.98603148224973	898.9187201220228	173.8623000080026	192.0396117722782	0	18.17731176427566	188.3152430391689	1260.213646345132	1297.66067521105	0	37.44702886591787	1260.541154693125	309.450341079176	311.8422764945369	0	2.391935415360956	294.7330832566153	515.4104638274237	627.8765154153223	0	112.4660515878986	616.7869582623568	516.5580877901984	572.4167492106327	0	55.85866142043418	558.3968584610805	71.43729861485077	87.25192093845698	0	15.81462232360621	87.22898129226265	2156.756603523405	2186.513391658839	0	29.75678813543414	2090.318655343759	312.6908764888409	336.9878453401109	0	24.29696885127001	328.3051809150883	2994.600530216841	3059.522278593284	0	64.92174837644249	2739.971145795797	183.4234622535123	196.094727495182	0	12.67126524166975	195.8345857607146	323.0402629471387	403.3093566241792	0	80.2690936770405	397.5818465922682	82.09775727205714	118.7237017248524	0	36.62594445279524	115.5125708979086	72.82361717855262	98.36225465598221	0	25.53863747742959	98.11267797441437	308.2375709352353	377.8027754619959	0	69.56520452676062	361.5267043394456	134.1733623285499	179.5094475129171	0	45.33608518436721	159.99064977925
144.02608	135.6955981614109	198.2198666079719	0	62.52426844656101	197.2323279968339	317.2020416178958	458.628273302363	0	141.4262316844673	455.6159590748235	71.25148576942883	77.60236361945368	0	6.350877850024865	75.37685247184042	52.37306181669334	57.46705794592745	0	5.093996129234114	56.17333525743167	72.47401745310772	79.57334872794016	0	7.099331274832438	77.03380379528598	102.6336483278864	111.5565022974986	0	8.92285396961227	104.4989805332737	786.6488387449647	802.75218783892	0	16.10334909395541	785.3940213002531	247.5748103158423	303.9259719297519	0	56.35116161390965	296.7459060082738	357.1357626828845	407.4820284761602	0	50.34626579327573	400.7578945592164	46.59557678629444	73.16607347553415	0	26.5704966892397	72.21657869295404	48.05823609143451	55.00474410198716	0	6.946508010552655	53.39191343542191	97.43834823206673	107.6576530331243	0	10.21930480105757	102.8583332068864	1516.613715072314	1550.013718044084	0	33.40000297176991	1512.487507897731	2414.403902340846	2455.91695337271	0	41.51305103186439	2410.608227230984	64.38088008800815	84.05078304601845	0	19.6699029580103	78.29992470365394	62.87210089230203	91.11732687383301	0	28.24522598153099	84.41396955741402	50.38799282487406	68.27160346522973	0	17.88361064035567	62.66480689661768	322.1852065501066	329.5311389256372	0	7.345932375530648	303.6464292421439	93.45558559787536	99.62820826452187	0	6.172622666646524	92.06062603528447	81.31227645899264	88.29378170858347	0	6.981505249590816	81.37279553538352	103.588668940589	107.9425322110979	0	4.353863270508881	105.8500437313298	70.70449438127187	75.86150465216801	0	5.157010270896146	75.86150465216801	65.27644101369246	68.69094571661276	0	3.414504702920293	68.67373848993844	78.04905536521767	104.2086350519512	0	26.15957968673357	103.1790629521172	625.1561192916062	692.4251683756004	0	67.26904908399416	671.052887490476	315.6695316479551	338.0988860054055	0	22.42935435745037	331.9801400761265	802.8707138732844	847.5046671633369	0	44.63395329005243	824.6079999173502	240.9143206914482	247.6732176993482	0	6.758897007900024	237.3701490268172	559.1138817430127	684.721085734113	0	125.6072039911002	672.9216757855258	155.0738290357661	209.0420881590078	0	53.96825912324171	203.7958508706034	70.70837371661626	87.33069004893562	0	16.62231633231936	87.30809421636637	2078.601460483601	2104.891205217056	0	26.28974473345474	2008.453519144933	313.8676934602627	337.5659155978523	0	23.69822213758967	328.799074184783	2613.207896503267	2672.004638515876	0	58.79674201260852	2366.188913882843	123.1697071842473	134.7822076135711	0	11.61250042932381	134.5967829920513	84.10631560079561	166.2024809375369	0	82.09616533674127	163.8654708501498	109.4262934698416	135.4154661562671	0	25.98917268642555	131.3012698269477	35.41745011177888	57.13752715232667	0	21.72007704054778	56.98031582580698	93.28928635600674	154.5016605343999	0	61.21237417839315	147.3418394497151	52.81025761116708	92.08594411999047	0	39.2756865088234	81.28739974805632
144.04232	174.0860843244691	253.0583251889693	0	78.97224086450017	251.8598480180665	224.530268100442	430.6937357230061	0	206.1634676225641	428.0763631098833	114.9380450012932	121.0397825110869	0	6.101737509793739	117.5252921372349	95.27429383767301	99.58878157559163	0	4.314487737918618	97.19796844767185	136.7093179241627	144.390542332123	0	7.681224407960262	139.9459189052328	119.4694692565187	129.7756796999859	0	10.30621044346722	122.063533483479	777.8275405805797	791.083821134224	0	13.25628055364421	773.0498597328027	208.3591350460845	267.8948222756761	0	59.53568722959155	261.6681464879208	314.4457803472934	365.3316951780349	0	50.88591483074153	359.346925797953	40.83583812924916	66.33364296124331	0	25.49780483199416	65.46386206773629	69.25183451860445	76.09526255279619	0	6.843428034191719	73.7764370689509	147.2339964880597	157.8840603207102	0	10.65006383265054	150.6527325594344	1552.649345262918	1590.473503674009	0	37.82415841109045	1553.194220995133	1978.1169560085	2024.768878853078	0	46.65192284457748	1988.298890883819	56.57057701966321	75.55477628022092	0	18.98419926055771	70.31428427766235	53.05017348576023	79.76993912579997	0	26.71976564003974	73.79393837684592	43.69327971281091	60.03533036652669	0	16.34205065371577	54.96022591229035	158.9917648585454	165.7087673768644	0	6.717002518319051	151.7982694892791	73.22631516553589	79.30766401880507	0	6.081348853269185	73.18090693338159	73.56351317660778	80.87262304560255	0	7.30910986899476	74.65932640533468	68.75037688075079	72.96254825877512	0	4.21217137802432	71.49871084751511	56.63523919291499	62.34091611388055	0	5.705676920965564	62.34091611388055	60.38122210673726	64.91468023534853	0	4.533458128611264	64.90036470007507	66.10130029497289	95.38265045946609	0	29.28135016449321	94.47474437461005	588.6918032184586	663.596189265621	0	74.90438604716243	643.5882210868886	302.1587199687286	327.3207047706293	0	25.16198480190067	321.6550254145105	300.5691866455507	350.0339928418289	0	49.46480619627825	340.9467521858542	87.48667990485508	96.45546129536677	0	8.96878139051169	93.66712154097101	589.8207178895276	731.3131545157962	0	141.4924366262687	719.0299424408823	58.97722258073249	116.899190410474	0	57.92196782974147	114.0197011678835	61.75827319288673	79.09581348544201	0	17.33754029255528	79.07561991406448	1666.397121609941	1686.391609199911	0	19.99448758996965	1602.534145513454	281.4963185039677	303.6899156228499	0	22.19359711888222	295.6324701359547	1921.507121024327	1990.915648588761	0	69.40852756443398	1766.943707210698	71.37594890240479	83.79575201418692	0	12.41980311178213	83.68201372296745	109.0778473543655	185.0531814578873	0	75.9753341035218	182.3934955153448	188.4714147242153	214.2498490610439	0	25.7784343368286	207.4387405749593	44.91243194355218	64.65515838689656	0	19.74272644334438	64.46672625069311	79.01032441599898	136.0055556932643	0	56.99523127726535	129.3820589367027	58.51258998408967	94.59121132970313	0	36.07862134561346	82.89697533802946
144.05856	353.406941245105	457.6056433889678	0	104.1987021438629	455.5613431626094	330.8167438265584	648.2264153978778	0	317.4096715713195	644.6092809461521	184.0787240175839	190.1346824241839	0	6.055958406599927	184.5576787752438	211.623826165328	215.4939952642418	0	3.87016909891375	210.0122036546935	255.5143689521706	264.1431736562821	0	8.628804704111536	256.3483973005884	123.7708525793606	135.7646673899093	0	11.99381481054868	128.1688567218594	416.4159231271855	426.3361570374338	0	9.920233910248264	415.6758352308653	157.7298696077347	218.4178542134266	0	60.68798460569185	213.3720178506526	186.6775812107932	230.5683314373193	0	43.89075022652602	226.6311971459135	40.72838795613503	63.2308814063713	0	22.50249345023626	62.37161196523028	80.48028688467939	88.28061468693376	0	7.800327802254371	85.68851841714353	197.4589404746053	209.8322073596189	0	12.37326688501363	200.6391709778125	1312.321852616606	1359.355268908276	0	47.03341629167047	1329.979120353604	1955.684775654278	2013.363975896664	0	57.67920024238627	1980.156366008693	24.10534750203707	41.58389622868408	0	17.47854872664701	38.61471000004733	25.95627904260575	49.80694982981444	0	23.85067078720869	45.93780861525617	23.36540729495045	37.79179929588223	0	14.42639200093177	34.45051355137992	58.12428508588221	64.15939112446074	0	6.035106038578533	58.53441738748574	29.8165892120518	35.35892798739533	0	5.542338775343531	32.56877618407326	28.56666670481372	35.34542064059728	0	6.778753935783555	32.62100860745579	38.83693809697682	43.14011153583525	0	4.303173438858424	42.27677036732602	24.95834155666495	31.09686652921744	0	6.138524972552494	31.09686652921744	24.8510284039576	30.0159302185408	0	5.164901814583193	30.00989793127325	41.98416654432111	74.50937384196236	0	32.52520729764126	73.82382985303512	803.4194534191925	893.5513289616908	0	90.13187554249845	867.6818978439424	194.1304752972754	219.6368040859706	0	25.50632878869526	215.8592136858256	112.5802564866758	163.3401286479888	0	50.75987216131302	159.1414681480919	27.60384173906271	37.16370536355547	0	9.55986362449277	36.27254990056923	562.2473538075743	681.8238290781489	0	119.5764752705746	669.9496569492098	52.4769801630791	120.1081276749571	0	67.631147511878	117.3256124984511	43.34399914727415	61.19947092871143	0	17.85547178143729	61.18399500610782	1263.121529228234	1276.571298690427	0	13.4497694621932	1204.389103206774	233.5608459372193	253.6892811909964	0	20.12843525377708	246.7219817516344	921.5285424651146	1011.027793867329	0	89.49925140221441	908.9283885958458	31.76799292577033	45.94368049514319	0	14.17568756937286	45.88408429958156	242.4548705329138	308.2677581748233	0	65.8128876419094	303.6451376268433	249.6835630203732	280.0780073297225	0	30.39444430934924	271.5782935792314	87.82852889195523	107.6163840854404	0	19.78785519348516	107.295527250917	155.2982331467106	212.5754062351667	0	57.27717308845617	202.0233276799924	114.9962392298633	150.9794574858646	0	35.98321825600132	131.9240428685273
144.0748	369.6947527428645	501.7163489945364	0	132.0215962516719	499.5828718502308	317.8909591768825	771.4501234560549	0	453.5591642791724	767.4294571812832	197.8404435102857	203.8997198587656	0	6.059276348479957	197.9154984943842	246.3109668579611	250.0366613395522	0	3.725694481591098	243.4489279787871	278.3395022182231	287.6371764836467	0	9.297674265423698	279.4887887553656	119.3167710030142	132.5651031164592	0	13.24833211344506	125.4878728483137	155.7405698122655	162.9934561409507	0	7.252886328685196	158.4436668641153	115.8758147583908	174.2399490743184	0	58.36413431592762	170.1741464434845	189.6374739298937	226.4408900207958	0	36.80341609090208	222.3638941912596	54.9717072413349	74.56153603236955	0	19.58982879103464	73.50491672202659	91.91529401147091	100.8009702001029	0	8.88567618863201	97.98473074903964	207.3932438415376	221.5347762059807	0	14.14153236444311	212.3545089682107	850.0975939520309	905.2574750339585	0	55.15988108192744	886.9841168704348	1539.084771117806	1608.338086720615	0	69.25331560280878	1584.201488592545	15.12864081698922	31.40391587625045	0	16.27527505926123	29.07740789646586	20.20082217446516	41.81450174312156	0	21.6136795686564	38.42358326092225	18.41632835886359	31.6012088418387	0	13.1848804829751	28.69069120035717	30.95868166738326	36.83852882591764	0	5.879847158534384	33.48810138016519	15.00216558025956	20.28597265769036	0	5.283807077430803	18.6306459616623	13.67406651181884	20.11098009421092	0	6.436913582392087	18.51393007637469	33.33932013619887	37.78215934728696	0	4.442839211088091	37.03291574666577	14.42656890834712	20.79998035819544	0	6.373411449848321	20.79998035819544	12.45215207389644	17.90866719005965	0	5.456515116163218	17.9051742369303	29.00033915791063	63.59893836188995	0	34.59859920397931	63.02593291031622	801.6748481464064	863.8530496631914	0	62.17820151678513	836.703403941456	117.9969543427292	143.1114877195351	0	25.11453337680592	140.6406026336086	197.2884099472625	248.1928137693442	0	50.90440382208167	241.8250544147471	17.05171188958332	26.75965022569013	0	9.707938336106817	26.14176523936371	504.8687512738675	630.7864352761635	0	125.9176840022959	619.9278841637586	77.72303291706889	163.6960699044018	0	85.9730369873329	160.2590345311038	36.92265761091939	54.93521220507958	0	18.01255459416019	54.92136534081803	860.0749946323937	868.2911017716406	0	8.216107139246859	810.8535907935118	168.3983791453073	186.3095745734403	0	17.91119542813298	180.9727554180838	266.858329055738	377.7333548053252	0	110.8750257495872	343.8561875097836	30.87771187355051	47.30512354932986	0	16.42741167577935	47.24674606078324	469.6177604873275	526.1558159867483	0	56.53805549942084	517.8779396038794	334.661398317726	370.3867134505884	0	35.72531513286243	359.8172115272647	109.1140271461408	132.1330335169713	0	23.01900637083055	131.7534192992324	183.4310822495804	248.2951606971286	0	64.86407844754818	236.3495414171774	139.6534165861557	180.4553215142783	0	40.80190492812262	158.4357495025691
144.09104	256.165011826234	401.4355420926982	0	145.2705302664642	399.7620633039101	225.4555111398012	756.9043148713596	0	531.4488037315583	753.0746353834382	145.6641487101145	151.4742773259171	0	5.810128615802652	146.9909109919122	169.8138875061322	173.3326521271033	0	3.518764620971057	168.6501187020061	202.7486162473294	211.96028164546	0	9.211665398130615	206.0204418284488	112.3482649183371	125.9351150015888	0	13.58685008325166	119.3265621596662	55.15397812644315	59.49240104312743	0	4.338422916684284	57.58569522314361	88.772169207389	140.8911849319863	0	52.11901572459728	137.4996631462979	264.404248082858	291.5480994142653	0	27.14385133140734	285.821384127209	68.16074226286308	83.79081849609103	0	15.63007623322795	82.5235060499554	118.7413877618786	130.001648490801	0	11.2602607289224	126.6406226806119	200.2521734341844	218.3796509194183	0	18.12747748523389	210.0588403256009	427.6849570883754	497.8133126609617	0	70.12835557258633	488.5353363832116	809.6214705963067	906.2224148049099	0	96.60094420860329	894.2330452110645	26.09864860809489	42.12221345337329	0	16.0235648452784	38.9484343921231	31.55583270707995	52.31368877186585	0	20.75785606478589	47.96723037582596	25.68861427235058	37.90284706560012	0	12.21423279324953	34.29738324445552	53.56652314253118	60.19188935275913	0	6.625366210227946	54.7584242910409	26.4665595284328	32.23133470211837	0	5.764775173685578	29.60895472774981	24.24688965170692	31.21255938075939	0	6.965669729052475	28.73864268220989	52.71354478735431	57.57766671160464	0	4.864121924250322	56.46527170224854	25.95604415564218	32.96152966040768	0	7.005485504765493	32.96152966040767	22.50875432640929	28.85798955158324	0	6.349235225173948	28.85259812065742	29.36769046420525	63.18733842862575	0	33.8196479644205	62.61489180598421	567.9978184977909	633.4774426201533	0	65.47962412236234	613.8094138034328	91.8391598132494	115.1434170278617	0	23.30425721461228	113.1136221480685	440.5382283360234	489.6513485432275	0	49.11312020720407	476.9673982563563	34.39782843872091	45.98402897193599	0	11.58620053321508	44.96705908083581	427.4989507928158	556.7985237852843	0	129.2995729924685	547.2706537735028	135.2172730999155	257.8719787805412	0	122.6547056806257	253.1822479517143	43.97205018134779	61.83571134279736	0	17.86366116144956	61.82009137862457	359.808740038597	362.2608198433068	0	2.452079804709737	332.6147215695278	82.56072751890905	97.69128188542845	0	15.13055436651941	94.7234369405966	177.3580645411515	342.074022958245	0	164.7159584170935	316.091688076735	66.36061607295939	86.95548739670288	0	20.5948713237435	86.85568660914031	659.4395002160147	703.490792193094	0	44.05129197707933	691.5869498077085	505.8754872986527	553.8107476358018	0	47.93526033714901	539.4478853610805	93.7832431147902	123.5035609844297	0	29.72031786963954	123.183717994863	145.2973597583702	226.124452478851	0	80.82709272048082	216.1986061413486	116.2330447948249	167.4609545695747	0	51.22790977474986	148.8997023171676
144.10728	166.2018105666204	310.535758071639	0	144.3339475050186	309.2398102568507	150.146964298957	690.9798235820188	0	540.8328592830617	687.4953040246234	101.5771389837621	107.1310595592226	0	5.553920575460525	103.9026569585765	117.5108390546395	120.900535914834	0	3.38969686019446	117.5589058512342	134.0911913720519	142.897847684422	0	8.806656312370098	138.8399974679396	94.30388536678315	107.6705706591821	0	13.36668529239893	102.002402415306	78.89482367570366	80.78401898744687	0	1.889195311743204	77.67843138679072	93.86031798904087	137.206057727676	0	43.34573973863516	133.7258261205846	327.3496571446947	346.1680462529958	0	18.81838910830107	338.5054196740619	78.05274841857761	89.75927319242778	0	11.70652477385019	88.27037748575893	104.0225673839385	117.9178373400664	0	13.89526995612792	115.1142012129691	146.4311076171632	168.915629999304	0	22.48452238214074	163.0543057476039	105.4654569860626	194.6082518011713	0	89.14279481510879	191.2876685222041	187.1399110078987	321.6720092661353	0	134.5320982582367	317.9669411010373	27.29111593115247	43.42213851197945	0	16.13102258082698	40.15469743470021	32.65588588205116	53.13541290738497	0	20.47952702533381	48.68719666425311	26.18997575557952	37.65156364472844	0	11.46158788914892	33.96832686709395	61.66021474015994	68.97504277748362	0	7.314828037323681	63.01295437114409	28.23357334759795	34.49244612681832	0	6.25887277922037	31.78527163763991	25.38680862937682	32.8826573636129	0	7.495848734236073	30.36237368734715	62.8973869828665	68.25341227106732	0	5.356025288200814	66.9856668642101	27.67268775825123	35.4663447962504	0	7.79365703799918	35.4663447962504	23.55947036359503	30.96637788833969	0	7.406907524744663	30.96096018587999	27.93494002858397	58.63129502383974	0	30.69635499525577	58.08425281367407	430.3575872395258	497.8544616374065	0	67.4968743978807	482.5065766220579	111.970102507441	133.4873533349129	0	21.51725082747189	131.0683418894813	532.7223949155875	580.3080506734526	0	47.58565575786502	565.098330593158	35.07108924011845	48.3659928577234	0	13.29490361760495	47.37262920570514	374.4008961578981	505.1445866949434	0	130.7436905370453	496.5222195304773	125.3928034809013	314.7368418167003	0	189.344038335799	309.9100456184159	51.58028189251647	68.9802318263296	0	17.39994993381315	68.96267400637443	180.1502436215985	178.0824318806981	0	-2.067811740900389	158.2920547945882	76.66401987797884	88.75440416416268	0	12.09038428618382	85.8290765782951	133.7435113020113	380.8577250997852	0	247.1142137977739	357.0990587263253	70.33853782502119	97.58673683868976	0	27.24819901366856	97.48455751412205	823.4980728667405	855.4555342556337	0	31.95746138889317	839.362066783572	439.0444395719654	501.8194438955596	0	62.7750043235943	490.0898752528614	79.61568456585775	119.5273415735498	0	39.91165700769208	119.2581984917502	126.7825237154836	231.9676630769809	0	105.1851393614973	223.0426442410387	98.81493399529448	166.0722892035757	0	67.25735520828121	149.9443849530067
144.12352	99.81945505688454	234.6949802893099	0	134.8755252324254	233.7023829719103	76.68579187622568	578.9889132107876	0	502.3031213345618	576.0296600048177	68.07050779866614	73.27708842246491	0	5.20658062379877	71.01806308842573	108.8307130328335	112.1017264429884	0	3.271013410154916	108.9451585232539	71.16730120054771	79.2194947500786	0	8.052193549530886	76.90685516837419	60.13228806387358	72.77369224611009	0	12.6414041822365	68.87878330587684	149.8552506211534	149.5886824561151	0	-0.2665681650383349	142.3285365352086	124.0589945062643	157.6705657545846	0	33.61157124832035	153.3646632818363	264.2846957183289	278.7526395602125	0	14.4679438418836	271.9722039428979	69.42623676650129	78.74287201321393	0	9.316635246712631	77.33038053358636	62.98270047840116	78.69631974772217	0	15.71361926932102	76.91144281067608	77.68518387030927	103.5159123232528	0	25.83072845294356	100.124311208682	42.86779348151396	139.1888003826528	0	96.32100690113884	136.8864579091043	64.89458206247312	223.3575178099967	0	158.4629357475236	220.9538930080749	20.20719971503515	36.38524889149878	0	16.17804917646363	33.65371040664271	24.88950773159544	44.97533989506974	0	20.0858321634743	41.18527857630846	20.14045466781467	30.73395340306553	0	10.59349873525086	27.63720253378331	58.31722270466314	66.59071896633397	0	8.273496261670831	61.12605181188931	22.14959289771957	28.93804786470807	0	6.788454966988498	26.74967181616153	19.0180699029547	26.90228288772429	0	7.884212984769591	24.89763275856819	65.88797088240464	71.83350455742359	0	5.945533675018942	70.55108236565397	21.14759481304795	29.6694321657181	0	8.521837352670149	29.6694321657181	17.3458016454774	25.52366533038067	0	8.177863684903272	25.51939224606136	23.05804925872526	49.09813356446676	0	26.0400843057415	48.61603131496739	474.2045909436439	543.0141141989214	0	68.80952325527757	526.3483961284952	158.7044904943704	179.6257200830464	0	20.92122958867605	176.3339303600631	411.4512063763531	459.2659467723055	0	47.81474039595248	447.2317727407705	22.05393604141248	35.37568490105549	0	13.32174885964301	34.66855543709359	349.6958228542184	480.7065723415702	0	131.0107494873519	472.5055501361862	66.28242772535266	364.2902412360355	0	298.0078135106829	359.5486465666979	59.27146694937994	75.87095786582975	0	16.59949091644982	75.85137343688947	182.0349837335446	176.6150708685445	0	-5.419912865000122	146.5225806498369	136.2973715887128	145.3849664667631	0	9.087594878050325	140.0677361443935	126.9680825057945	466.304706588823	0	339.3366240830285	440.9500670727971	46.51390996792229	83.07440312037257	0	36.56049315245027	82.9950511600079	862.1405575695915	886.7769299950529	0	24.63637242546138	868.451904410824	199.6005087613541	273.5381883214004	0	73.93767956004629	267.5142816925502	69.9854541054775	124.0440143555406	0	54.05856025006309	123.8013556631442	131.8074769233178	270.0777068117794	0	138.2702298884616	261.0292569203222	90.97028778017304	180.0331315828577	0	89.06284380268468	164.7419696902045
144.13976	83.75230857041883	201.9666166510033	0	118.2143080805844	201.0895444305621	56.36105699161006	483.9565810598623	0	427.5955240682522	481.4083130864493	65.870750220925	70.62678711478327	0	4.756036893858259	68.37836706738379	122.6067401183884	125.7293019861098	0	3.122561867721385	122.1207449440166	56.68783220857782	63.69663687111646	0	7.008804662538632	61.74873425294096	53.17527750971338	64.67193840898732	0	11.49666089927393	61.09956228241499	134.3193521375978	132.3034865248628	0	-2.015865612734988	123.5430362033685	145.349431413015	169.4590449121552	0	24.10961349914019	164.3485755601047	216.6487913172198	227.6226269238871	0	10.97383560666731	221.5612739426185	69.3516886471384	76.83367915533459	0	7.481990508196202	75.35136333489271	49.80597285217586	67.72663608027048	0	17.92066322809462	66.25338195414187	53.57385213963166	83.48607238536981	0	29.91222024573815	80.88292286767829	39.41443803599213	132.3387885135128	0	92.92435047752073	130.1251368092624	53.36673506358821	219.7330687123648	0	166.3663336487766	217.4119667423634	19.67610550240474	36.02160665605663	0	16.34550115365188	33.32625298859057	24.30633784839983	44.05761359759581	0	19.75127574919598	40.31651275525274	21.18103470725436	30.75179395853971	0	9.570759251285351	27.53119103548024	62.43501309342719	72.30765871009309	0	9.872645616665908	66.77892864761101	22.27267324938462	29.96713376329519	0	7.694460513910566	27.80547762839091	18.70254123966928	27.2986644223523	0	8.596123182683026	25.32690052090452	71.47988328758778	78.33450546707955	0	6.85462217949176	77.00486387164048	22.22556254487759	31.79248002013976	0	9.566917475262171	31.79248002013976	17.90686881486695	27.16718523284384	0	9.260316417976886	27.16282227667945	27.50162283563974	48.18034663799006	0	20.67872380235032	47.67090778483586	471.8567749679125	541.7697968541759	0	69.91302188626328	525.2022392755632	164.211003312893	183.5527341625017	0	19.34173084960864	180.1173219729902	334.2434222968188	380.3331592996241	0	46.08973700280521	370.2812550114555	21.33244468515812	34.81566967146166	0	13.48322498630353	34.12054041292328	313.4649902680065	443.8424499447066	0	130.3774596767001	436.2627155731008	42.59696040135388	503.0473391902881	0	460.4503787889342	497.3809658640802	63.73334398785773	79.2519648677019	0	15.51862087984416	79.23108509051795	74.11784065119582	67.39496315026226	0	-6.722877500933552	46.06932571682505	171.4641002169452	177.7369949898929	0	6.272894772947646	170.3108872458091	121.0418600817226	578.5295471209888	0	457.4876870392661	550.4057914369419	42.12945345558434	92.45833205000638	0	50.32887859442203	92.37800099789983	838.7030411012458	858.0002796266207	0	19.29723852537492	838.6888221273852	86.54988682928686	174.2994121203488	0	87.74952529106197	170.6582354503657	58.63036251213909	130.7648567888803	0	72.13449427674118	130.5391814279315	123.7250044578077	302.2162613538469	0	178.4912568960392	293.2655627085858	78.85841371373405	194.8587848252341	0	116.0003711115001	180.1602703947164
144.156	114.8231014410089	215.0582194023458	0	100.2351179613369	214.0922086316995	87.11327816863745	435.7726627938582	0	348.6593846252207	433.388175746461	93.49494338579255	97.85915684178023	0	4.364213455987682	94.62757243487303	155.6626975207917	158.7060021082101	0	3.043304587418361	154.0715050576607	86.28842187850714	92.31637729340692	0	6.027955414899786	89.32706022079117	72.67744719038411	82.9498958114395	0	10.27244862105539	78.17838311280725	68.30055066084338	65.34173303102442	0	-2.958817629818967	58.87586484086309	157.9782742518728	173.9876518294425	0	16.00937757756965	168.0355364940782	293.845207071508	301.9913890152631	0	8.146181943755099	293.0600823902245	93.51497302344761	99.51306559948577	0	5.998092576038156	97.43810708618037	59.0521383504455	79.92934500634412	0	20.87720665589862	78.27538082865289	65.56283407869697	100.6090659283182	0	35.04623184962124	97.63947366174902	47.90044568471288	129.0744037184872	0	81.17395803377428	126.8223505629672	65.84498206367971	225.0785241850111	0	159.2335421213314	222.6720639581488	24.29942951983558	40.68249699957178	0	16.38306747973619	37.64716340504975	29.38970333103771	48.6567710490671	0	19.26706771802939	44.48941610783304	28.56672174194679	37.15750804108878	0	8.590786299141989	33.09021180118125	71.03961565879651	82.74877107635454	0	11.70915541755803	76.90640372353631	26.89105349889964	35.49270123375036	0	8.601647734850721	33.06230739552487	22.36548805193013	31.51016821687499	0	9.144680164944859	29.30637364171969	76.8602309457538	84.8588872526397	0	7.998656306885914	83.49917179788683	29.09767672280837	39.88401536051399	0	10.78633863770562	39.88401536051399	22.34459105819446	32.6964767036981	0	10.35188564550363	32.69144614121196	40.77627976085067	56.50416315337394	0	15.72788339252327	55.84966881692242	367.5821857077034	438.5411855946259	0	70.95899988692253	425.1753140964583	153.6993295756633	170.1876852266482	0	16.48835565098491	166.8420347875001	391.7413160995603	433.3899678052792	0	41.64865170571882	421.5810948830087	25.2483306680773	37.81545060639471	0	12.5671199383174	37.05096457282448	259.2179804066556	388.3605606781998	0	129.1425802715442	381.7147940183249	40.2517321849072	706.6844771680642	0	666.432744983157	699.5866130643518	64.80436947266443	79.05212670576965	0	14.24775723310522	79.03074305424381	29.82239063592905	26.48615695759057	0	-3.336233678338477	8.163354323718867	193.8670042631126	197.8830972200833	0	4.016092956970673	188.1606854417194	105.7753858926543	723.6138348744155	0	617.8384489817612	692.0295390768863	53.37701112799682	122.4292774873227	0	69.05226635932586	122.3320557158629	904.9614125497837	920.4142501458172	0	15.45283759603345	897.8755466534931	88.7048018830032	195.9790926026776	0	107.2742907196743	192.1337972813349	47.22936885304973	139.3984772457909	0	92.16910839274117	139.1808617817604	106.4055055717875	326.622067549069	0	220.2165619772815	317.8356009521212	64.85001190390096	209.6730367686604	0	144.8230248647595	195.2786109110063
