DataType=double
version=3
OpenSimVersion=4.5.2-2025-05-03-6a4c6ec41
endheader
time	/forceset/addbrev_r|active_fiber_force	/forceset/addbrev_r|fiber_force	/forceset/addbrev_r|implicitresidual_normalized_tendon_force	/forceset/addbrev_r|passive_fiber_force	/forceset/addbrev_r|tendon_force	/forceset/addlong_r|active_fiber_force	/forceset/addlong_r|fiber_force	/forceset/addlong_r|implicitresidual_normalized_tendon_force	/forceset/addlong_r|passive_fiber_force	/forceset/addlong_r|tendon_force	/forceset/addmagDist_r|active_fiber_force	/forceset/addmagDist_r|fiber_force	/forceset/addmagDist_r|implicitresidual_normalized_tendon_force	/forceset/addmagDist_r|passive_fiber_force	/forceset/addmagDist_r|tendon_force	/forceset/addmagIsch_r|active_fiber_force	/forceset/addmagIsch_r|fiber_force	/forceset/addmagIsch_r|implicitresidual_normalized_tendon_force	/forceset/addmagIsch_r|passive_fiber_force	/forceset/addmagIsch_r|tendon_force	/forceset/addmagMid_r|active_fiber_force	/forceset/addmagMid_r|fiber_force	/forceset/addmagMid_r|implicitresidual_normalized_tendon_force	/forceset/addmagMid_r|passive_fiber_force	/forceset/addmagMid_r|tendon_force	/forceset/addmagProx_r|active_fiber_force	/forceset/addmagProx_r|fiber_force	/forceset/addmagProx_r|implicitresidual_normalized_tendon_force	/forceset/addmagProx_r|passive_fiber_force	/forceset/addmagProx_r|tendon_force	/forceset/bflh_r|active_fiber_force	/forceset/bflh_r|fiber_force	/forceset/bflh_r|implicitresidual_normalized_tendon_force	/forceset/bflh_r|passive_fiber_force	/forceset/bflh_r|tendon_force	/forceset/bfsh_r|active_fiber_force	/forceset/bfsh_r|fiber_force	/forceset/bfsh_r|implicitresidual_normalized_tendon_force	/forceset/bfsh_r|passive_fiber_force	/forceset/bfsh_r|tendon_force	/forceset/edl_r|active_fiber_force	/forceset/edl_r|fiber_force	/forceset/edl_r|implicitresidual_normalized_tendon_force	/forceset/edl_r|passive_fiber_force	/forceset/edl_r|tendon_force	/forceset/ehl_r|active_fiber_force	/forceset/ehl_r|fiber_force	/forceset/ehl_r|implicitresidual_normalized_tendon_force	/forceset/ehl_r|passive_fiber_force	/forceset/ehl_r|tendon_force	/forceset/fdl_r|active_fiber_force	/forceset/fdl_r|fiber_force	/forceset/fdl_r|implicitresidual_normalized_tendon_force	/forceset/fdl_r|passive_fiber_force	/forceset/fdl_r|tendon_force	/forceset/fhl_r|active_fiber_force	/forceset/fhl_r|fiber_force	/forceset/fhl_r|implicitresidual_normalized_tendon_force	/forceset/fhl_r|passive_fiber_force	/forceset/fhl_r|tendon_force	/forceset/gaslat_r|active_fiber_force	/forceset/gaslat_r|fiber_force	/forceset/gaslat_r|implicitresidual_normalized_tendon_force	/forceset/gaslat_r|passive_fiber_force	/forceset/gaslat_r|tendon_force	/forceset/gasmed_r|active_fiber_force	/forceset/gasmed_r|fiber_force	/forceset/gasmed_r|implicitresidual_normalized_tendon_force	/forceset/gasmed_r|passive_fiber_force	/forceset/gasmed_r|tendon_force	/forceset/glmax1_r|active_fiber_force	/forceset/glmax1_r|fiber_force	/forceset/glmax1_r|implicitresidual_normalized_tendon_force	/forceset/glmax1_r|passive_fiber_force	/forceset/glmax1_r|tendon_force	/forceset/glmax2_r|active_fiber_force	/forceset/glmax2_r|fiber_force	/forceset/glmax2_r|implicitresidual_normalized_tendon_force	/forceset/glmax2_r|passive_fiber_force	/forceset/glmax2_r|tendon_force	/forceset/glmax3_r|active_fiber_force	/forceset/glmax3_r|fiber_force	/forceset/glmax3_r|implicitresidual_normalized_tendon_force	/forceset/glmax3_r|passive_fiber_force	/forceset/glmax3_r|tendon_force	/forceset/glmed1_r|active_fiber_force	/forceset/glmed1_r|fiber_force	/forceset/glmed1_r|implicitresidual_normalized_tendon_force	/forceset/glmed1_r|passive_fiber_force	/forceset/glmed1_r|tendon_force	/forceset/glmed2_r|active_fiber_force	/forceset/glmed2_r|fiber_force	/forceset/glmed2_r|implicitresidual_normalized_tendon_force	/forceset/glmed2_r|passive_fiber_force	/forceset/glmed2_r|tendon_force	/forceset/glmed3_r|active_fiber_force	/forceset/glmed3_r|fiber_force	/forceset/glmed3_r|implicitresidual_normalized_tendon_force	/forceset/glmed3_r|passive_fiber_force	/forceset/glmed3_r|tendon_force	/forceset/glmin1_r|active_fiber_force	/forceset/glmin1_r|fiber_force	/forceset/glmin1_r|implicitresidual_normalized_tendon_force	/forceset/glmin1_r|passive_fiber_force	/forceset/glmin1_r|tendon_force	/forceset/glmin2_r|active_fiber_force	/forceset/glmin2_r|fiber_force	/forceset/glmin2_r|implicitresidual_normalized_tendon_force	/forceset/glmin2_r|passive_fiber_force	/forceset/glmin2_r|tendon_force	/forceset/glmin3_r|active_fiber_force	/forceset/glmin3_r|fiber_force	/forceset/glmin3_r|implicitresidual_normalized_tendon_force	/forceset/glmin3_r|passive_fiber_force	/forceset/glmin3_r|tendon_force	/forceset/grac_r|active_fiber_force	/forceset/grac_r|fiber_force	/forceset/grac_r|implicitresidual_normalized_tendon_force	/forceset/grac_r|passive_fiber_force	/forceset/grac_r|tendon_force	/forceset/iliacus_r|active_fiber_force	/forceset/iliacus_r|fiber_force	/forceset/iliacus_r|implicitresidual_normalized_tendon_force	/forceset/iliacus_r|passive_fiber_force	/forceset/iliacus_r|tendon_force	/forceset/perbrev_r|active_fiber_force	/forceset/perbrev_r|fiber_force	/forceset/perbrev_r|implicitresidual_normalized_tendon_force	/forceset/perbrev_r|passive_fiber_force	/forceset/perbrev_r|tendon_force	/forceset/perlong_r|active_fiber_force	/forceset/perlong_r|fiber_force	/forceset/perlong_r|implicitresidual_normalized_tendon_force	/forceset/perlong_r|passive_fiber_force	/forceset/perlong_r|tendon_force	/forceset/piri_r|active_fiber_force	/forceset/piri_r|fiber_force	/forceset/piri_r|implicitresidual_normalized_tendon_force	/forceset/piri_r|passive_fiber_force	/forceset/piri_r|tendon_force	/forceset/psoas_r|active_fiber_force	/forceset/psoas_r|fiber_force	/forceset/psoas_r|implicitresidual_normalized_tendon_force	/forceset/psoas_r|passive_fiber_force	/forceset/psoas_r|tendon_force	/forceset/recfem_r|active_fiber_force	/forceset/recfem_r|fiber_force	/forceset/recfem_r|implicitresidual_normalized_tendon_force	/forceset/recfem_r|passive_fiber_force	/forceset/recfem_r|tendon_force	/forceset/sart_r|active_fiber_force	/forceset/sart_r|fiber_force	/forceset/sart_r|implicitresidual_normalized_tendon_force	/forceset/sart_r|passive_fiber_force	/forceset/sart_r|tendon_force	/forceset/semimem_r|active_fiber_force	/forceset/semimem_r|fiber_force	/forceset/semimem_r|implicitresidual_normalized_tendon_force	/forceset/semimem_r|passive_fiber_force	/forceset/semimem_r|tendon_force	/forceset/semiten_r|active_fiber_force	/forceset/semiten_r|fiber_force	/forceset/semiten_r|implicitresidual_normalized_tendon_force	/forceset/semiten_r|passive_fiber_force	/forceset/semiten_r|tendon_force	/forceset/soleus_r|active_fiber_force	/forceset/soleus_r|fiber_force	/forceset/soleus_r|implicitresidual_normalized_tendon_force	/forceset/soleus_r|passive_fiber_force	/forceset/soleus_r|tendon_force	/forceset/tfl_r|active_fiber_force	/forceset/tfl_r|fiber_force	/forceset/tfl_r|implicitresidual_normalized_tendon_force	/forceset/tfl_r|passive_fiber_force	/forceset/tfl_r|tendon_force	/forceset/tibant_r|active_fiber_force	/forceset/tibant_r|fiber_force	/forceset/tibant_r|implicitresidual_normalized_tendon_force	/forceset/tibant_r|passive_fiber_force	/forceset/tibant_r|tendon_force	/forceset/tibpost_r|active_fiber_force	/forceset/tibpost_r|fiber_force	/forceset/tibpost_r|implicitresidual_normalized_tendon_force	/forceset/tibpost_r|passive_fiber_force	/forceset/tibpost_r|tendon_force	/forceset/vasint_r|active_fiber_force	/forceset/vasint_r|fiber_force	/forceset/vasint_r|implicitresidual_normalized_tendon_force	/forceset/vasint_r|passive_fiber_force	/forceset/vasint_r|tendon_force	/forceset/vaslat_r|active_fiber_force	/forceset/vaslat_r|fiber_force	/forceset/vaslat_r|implicitresidual_normalized_tendon_force	/forceset/vaslat_r|passive_fiber_force	/forceset/vaslat_r|tendon_force	/forceset/vasmed_r|active_fiber_force	/forceset/vasmed_r|fiber_force	/forceset/vasmed_r|implicitresidual_normalized_tendon_force	/forceset/vasmed_r|passive_fiber_force	/forceset/vasmed_r|tendon_force
16.159991269996	13.28945794642848	32.34738378432525	0	19.05792583789677	32.13579669677407	19.63790556904814	54.83332450766581	0	35.19541893861767	54.34263884432371	8.944541965451963	13.33019143471659	0	4.385649469264632	12.90699051163637	8.133198180379193	12.68838295964089	0	4.555184779261701	12.39926218542689	10.63956733293654	14.06836514480788	0	3.428797811871336	13.47127525885324	15.13987710648638	20.00912608623139	0	4.869248979745008	18.35135722439209	15.51002386509256	21.01104486728038	0	5.501021002187821	20.33899425349216	10.62985171930928	35.60728974249013	0	24.97743802318086	34.54341431933786	370.7213072879309	378.7506487108536	0	8.029341422922721	365.6822029923488	17.95833426181281	23.32054115235797	0	5.362206890545164	22.76107128152088	67.78289486012147	90.5572025879232	0	22.77430772780173	88.73306599007232	188.6238161975181	228.6596520090528	0	40.0358358115347	222.2202384503418	309.4952858896709	472.7226107892416	0	163.2273248995707	466.1804500737316	959.8311923707721	1271.646687267666	0	311.8154948968944	1260.866595427995	13.37668899939689	46.77416185786889	0	33.397472858472	44.08291966722594	17.55296029237781	62.79637555959228	0	45.24341526721447	58.81042067687989	12.15009159520074	31.55610416114928	0	19.40601256594854	29.0293577762701	141.7810663880685	168.4767956932522	0	26.69572930518372	159.5305244685756	76.14716216296777	97.56436215149215	0	21.41719998852437	92.65336437642927	107.938062941999	130.9752772564825	0	23.03721431448355	124.3508610889407	35.24091734516058	46.89484472718713	0	11.65392738202655	46.18542032080362	44.14969774542223	61.15898057328815	0	17.00928282786592	61.15898057328815	37.90416031123671	57.54036344913968	0	19.63620313790297	57.53281261192005	6.950574028394872	18.98317861053893	0	12.03260458214406	18.74401325454713	915.5916206135004	979.1170399931216	0	63.5254193796212	947.0023042984242	7.006961982352531	24.03440076338611	0	17.02743878103358	23.56711980763582	14.41721395597841	58.46982590152819	0	44.05261194554978	56.90646628457034	155.7578075934117	181.288429322743	0	25.53062172933134	178.5070452028354	703.5962939850556	826.3008964268683	0	122.7046024418128	811.3305580464765	1107.454605516242	1326.496010653253	0	219.0414051370113	1307.654244414963	5.551187605441691	19.30105370349299	0	13.7498660980513	19.29575596456212	23.93042867577559	28.88127409884024	0	4.950845423064653	26.06058355257511	9.134511866943351	20.73025863175662	0	11.59574676481327	20.03975323970676	875.1072018191188	1676.990613440233	0	801.8834116211137	1611.647821354126	130.9517713151721	164.8206598521654	0	33.86888853699327	164.6602164319068	660.6942318400844	675.7519864383487	0	15.05775459826425	656.1400153273978	566.8304103858693	679.3429811404978	0	112.5125707546285	666.3922804950545	61.86837473874705	130.4813082802882	0	68.61293354154114	130.2608321260841	431.0131232792225	612.7990763024598	0	181.7859530232373	595.5343248321208	198.1601879064241	309.4656908249306	0	111.3055029185065	286.586723382156
16.17719125279599	16.39604416776779	45.28570992431172	0	28.88966575654394	45.01966205589629	92.00679968028669	152.3472671850866	0	60.34046750479991	151.1552516450428	8.969824451947661	13.45745971444437	0	4.48763526249671	13.02998504323643	8.32484143078281	12.66408615663007	0	4.339244725847263	12.36505254052321	10.3298218481066	14.25709828151779	0	3.927276433411188	13.68981746550975	14.51023346995685	20.27179838319747	0	5.761564913240619	18.74368489959708	16.97899006950726	22.52825357667975	0	5.549263507172491	21.77746392517982	58.53461518064622	86.79904682275759	0	28.26443164211136	84.30758847275253	334.8255757947291	348.6477927194241	0	13.82221692469496	339.3316798172854	16.97733580690716	26.35859156253963	0	9.381255755632466	25.86109943749436	46.6279016015656	66.21393348500619	0	19.58603188344059	64.82184465966313	130.3611933479156	161.0652687084074	0	30.70407536049172	156.1518742283925	237.4144126613991	327.7226725679652	0	90.30825990656609	322.3283024328459	762.9097477184849	924.8351237070709	0	161.925375988586	915.2518367432698	13.10547845251299	39.05000866608329	0	25.9445302135703	36.56368478864175	17.60080810232523	50.99051223092157	0	33.38970412859634	47.39040468646065	12.52331092385681	28.36894171583002	0	15.84563079197321	25.90764033715408	130.2006057781063	150.2182712040659	0	20.01766542595953	141.4092728956885	63.06125286369549	77.46794074446288	0	14.40668788076737	73.01988012202578	84.43145706004483	98.97244253022393	0	14.5409854701791	93.15148397998703	43.15521380665953	54.06205211668571	0	10.90683831002618	53.22701493234776	47.67464936065885	61.66353157413317	0	13.98888221347432	61.66353157413316	34.22936526732636	46.58053568557165	0	12.35117041824529	46.57351414872747	20.04680038790714	34.01313693317531	0	13.96633654526817	33.60769391600217	823.7758834692243	907.5487351095907	0	83.77285164036648	879.6599277765913	24.65205716917479	40.31596717516843	0	15.66391000599364	39.50837072287191	59.33750755075393	97.56074135860933	0	38.2232338078554	94.8265303888836	107.7346137080431	118.4292285122795	0	10.69461480423644	116.1025318363931	703.3653669722917	851.7345500968714	0	148.3691831245797	836.9495148559685	829.6037637935069	1041.589844090378	0	211.9860802968712	1026.654294745993	21.74158200153823	36.30787126565509	0	14.56628926411686	36.29809421039337	157.0679471907343	163.0805233792952	0	6.012576188560806	147.0041397545214	25.88210554092609	37.72911640963031	0	11.84701086870422	36.47763632923333	725.7947892025984	1094.721010388181	0	368.9262211855826	1040.038178757444	107.4826681893468	141.2688198923262	0	33.78615170297938	141.1314700088011	662.3140257902236	689.2840177502625	0	26.96999196003881	674.4064395032349	398.3485653998227	489.7658377913473	0	91.41727239152461	479.8713467420761	51.1587443247482	110.8231015663493	0	59.66435724160109	110.6257153541401	335.0089489645791	494.2566290371968	0	159.2476800726176	479.5658990527922	155.8968719313263	253.9180624342738	0	98.02119050294745	234.1864050408786
16.19439123559598	21.5654327283089	62.11185096026522	0	40.54641823195632	61.77591253789968	210.8042483945619	304.9052808607367	0	94.1010324661748	302.7519897663556	8.584676228390109	13.18188794507709	0	4.59721171668698	12.76684762759677	8.21956406326024	12.4700927540543	0	4.250528690794056	12.17048680092678	9.137006884489699	13.46066563266446	0	4.323658748174759	12.9557211138233	12.79319879090568	19.27066690709198	0	6.4774681161863	17.91526173928861	18.88685636844317	24.90315778572954	0	6.016301417286368	24.07191218793605	146.8727516067359	178.9393757231446	0	32.06662411640867	174.0042006795855	178.0658391858794	201.2885107091362	0	23.22267152325683	196.9480258160544	12.77561719857336	28.47411658356779	0	15.69849938499443	28.0311128686563	18.76566244542051	33.98234865387239	0	15.21668620845188	33.20965596340458	51.56290919586945	73.29676216388542	0	21.73385296801597	70.79464397534885	120.0566118906314	168.3061436871222	0	48.24953179649079	164.9164414488462	432.8904733357242	508.1263585203292	0	75.2358851846051	501.2977973554075	13.03439805025255	33.65803961904839	0	20.62364156879584	31.29073042722477	17.98147893051957	43.57697504595131	0	25.59549611543174	40.17475053291628	12.7070918089903	26.27436453714061	0	13.56727272815031	23.84161545279618	120.0003646060227	135.4076493350126	0	15.40728472898998	126.6266934623356	45.42118175601237	55.13936847864156	0	9.71818672262919	51.48951711889504	51.36420560262865	60.38681715817845	0	9.022611555549798	56.18468109991804	60.98278058989156	71.10987024750926	0	10.1270896576177	69.98200555064884	60.0551244939329	71.13972083118057	0	11.08459633724768	71.13972083118057	34.9191499179361	41.932074021339	0	7.012924103402892	41.92451379979789	43.5853016531158	59.61177019582171	0	16.02646854270591	58.9361089346131	656.2879169888726	761.9755998035541	0	105.6876828146816	739.7672087768516	57.04157303316644	71.53184735281079	0	14.49027431964434	70.06116733359517	144.3711891112924	177.9694449003352	0	33.59825578904279	172.7620992826191	63.96835999696127	66.60460591717158	0	2.636245920210303	64.78480769252775	725.0888752984116	897.4198989584866	0	172.3310236600749	882.3485375017187	363.025610143845	552.3161059310786	0	189.2904957872336	544.0898577666754	51.65420335315665	66.8909267912709	0	15.23672343811425	66.87317567219239	438.0739123299354	445.6177012713973	0	7.54378894146192	403.8387983595734	58.65612112631547	71.1616679824117	0	12.50554685609622	68.84547693026751	379.3299761187278	533.3521178525135	0	154.0221417337858	497.071629086661	76.67719981115582	108.0852305184565	0	31.40803070730065	107.9779050916699	528.0967555058389	575.0576013480353	0	46.96084584219647	565.222275550901	180.2567750699071	246.6819280417645	0	66.4251529718573	241.1967543754957	30.58984966372879	81.46301780879257	0	50.87316814506378	81.30884560936666	149.7609591350131	286.418650064927	0	136.6576909299139	277.3574851080558	73.24598767321764	158.0182465888003	0	84.77225891558271	145.0106209968837
16.21159121839597	39.97528227232252	89.46937010508137	0	49.49408783275885	89.00783920757078	264.1481163311129	387.4598047509464	0	123.3116884198335	384.882072873962	8.370774618883402	12.98788162825124	0	4.617107009367841	12.58143611188935	8.188544531059248	12.38477207738855	0	4.196227546329301	12.0845212168897	8.569538928449687	13.03292521255528	0	4.463386284105592	12.56079938259387	20.96742711178482	27.74748242907119	0	6.780055317286367	25.8640828598917	18.75834023321349	24.85187331497465	0	6.093533081761155	24.03405913960155	167.3460345551553	202.6137552469021	0	35.2677206917467	197.1968990335618	96.04866048203975	131.0853872242088	0	35.03672674216902	128.6446253159611	14.80365049407543	38.31830437374819	0	23.51465387967276	37.79674366243044	5.796717421374401	17.82612164671108	0	12.02940422533668	17.38722204722037	11.94282022338812	27.95207222982237	0	16.00925200643425	26.88759263722491	30.28652290259441	58.49118758667234	0	28.20466468407792	57.0736009029935	126.5077265307732	164.2956083494762	0	37.78788181870301	161.460171666641	14.04239348721654	31.89318933120169	0	17.85079584398516	29.47389035809535	19.52430309258529	41.24989456633831	0	21.72559147375301	37.77968229996098	13.14721667598961	25.42190744251435	0	12.27469076652473	22.95249125008768	101.0896546706665	114.6274318846229	0	13.53777721395632	106.662381616301	33.32058705557407	41.0290068137283	0	7.708419758154232	37.9907955802908	32.18328176055733	38.91434988844019	0	6.731068127882862	35.7989988972064	63.91717821498781	73.72768606733116	0	9.810507852343342	72.54057129624998	62.45816168361187	71.8724179038245	0	9.414256220212643	71.8724179038245	35.33254833054041	39.9786761816751	0	4.646127851134683	39.97020387635471	51.64165714817568	69.16586280424896	0	17.52420565607328	68.40793444476533	534.1427247154566	658.5149624050398	0	124.3722376895833	640.0083826851767	58.80082563880128	71.61850216146746	0	12.81767652266618	70.08786861300077	164.9310401023954	193.8512321822995	0	28.92019207990409	187.8955022419831	44.83176604866072	45.49112520449792	0	0.6593591558372025	43.76549770269994	701.1812783419742	890.7388942620576	0	189.5576159200833	876.0893198255142	93.65808184728219	261.7068279705326	0	168.0487461232504	257.6324184129442	59.27576032518724	74.97445176822384	0	15.6986914430366	74.95475347979783	476.6243777646314	484.3230978412964	0	7.698720076665089	441.6782470099263	62.26819360699385	75.31258278768675	0	13.0443891806929	72.91066198668008	94.3514556910727	165.6087833893096	0	71.25732769823692	150.362883290817	60.22286028611972	89.58583867762633	0	29.3629783915066	89.494946848011	374.8824779981354	448.6268331888007	0	73.74435519066529	442.0810335418468	54.07968357288261	103.8060896886522	0	49.72640611576956	101.2690254380241	23.45122793389768	68.52783083095864	0	45.07660289706097	68.39091792517688	70.55627575942785	192.4689548375659	0	121.912679078138	186.0281563687953	38.19446512861484	114.0665288608047	0	75.87206373218989	104.1800316667954
16.22879120119597	68.2636174659834	120.8617509116275	0	52.59813344564405	120.2474635792078	282.4367001673612	417.7049437782049	0	135.2682436108438	414.9819827948865	8.36898367041066	12.90507831388926	0	4.536094643478594	12.50043134869308	8.222817903921031	12.33847245170907	0	4.115654547788043	12.03706771970114	8.681859422337808	13.05586324442628	0	4.374003822088467	12.58662620705935	37.22085269036442	43.95219157643373	0	6.73133888606931	40.99060850195338	17.26725194947101	23.00606100675364	0	5.738809057282623	22.24736016712636	133.5921932088364	170.1043743397592	0	36.51218113092278	165.6117450479283	108.2661227695598	154.7615057131389	0	46.49538294357912	152.1351222665178	20.91977354247257	52.32570340099589	0	31.40592985852332	51.67416954085368	6.075361300810072	16.31468472052193	0	10.23932341971185	15.88808764793188	12.16376583846099	25.13973316499655	0	12.97596732653556	24.09634393481385	25.07080951156477	43.22948098143176	0	18.15867146986699	41.99121085095055	84.6569094476005	106.5959298877817	0	21.93902044018124	104.3051617941984	15.33156654661328	32.29151157102864	0	16.95994502441535	29.74768042642436	21.14688180097295	41.6094945128751	0	20.46261271190215	37.97553444729958	13.57214778676538	25.18129357620847	0	11.60914578944308	22.66079457065771	57.58887314669894	71.17724160345614	0	13.58836845675719	66.12915793358357	20.69759285938702	28.15948724681131	0	7.461894387424294	25.96595117722167	20.77742586230422	27.23611453109523	0	6.458688668791008	24.89516438272393	48.27106678300285	58.3221001061385	0	10.05103332313565	57.38717055104242	46.96179542929495	56.03817706549316	0	9.07638163619821	56.03817706549316	28.96555953800814	33.2725913750365	0	4.307031837028363	33.26494738795913	49.00974738596947	66.97380223296453	0	17.96405484699507	66.24767285908688	489.8984009673898	625.2027929764989	0	135.3043920091091	607.9578968346282	38.26471479427627	49.37883547724605	0	11.11412068296978	48.27034585078474	137.4463086847024	162.2783394512528	0	24.83203076655037	157.0211298351824	35.07023941032749	36.60975568727977	0	1.539516276952275	34.91505414202976	639.3282252604703	837.02597825714	0	197.6977529966696	823.3866647322736	44.32859364043796	206.529018143774	0	162.2004245033361	203.2607646843267	47.25063003799406	63.14967177610092	0	15.89904173810686	63.13315367172285	275.0699596890274	281.851170527267	0	6.781210838239542	257.4627064341893	40.70020764989311	53.76946006560083	0	13.06925241570772	52.06408415657963	62.45138478541803	104.1903179468504	0	41.73893316143243	91.77405519034311	54.34066066007633	83.66735723830453	0	29.32669657822821	83.58227761280492	241.0808452578845	343.6730009296131	0	102.5921556717285	339.1618078516231	31.64638544774372	72.55208189415428	0	40.90569644641057	70.64931791057101	26.16055069103848	69.66833075454792	0	43.50778006350944	69.52587200677742	79.72084726058131	197.9252723696714	0	118.2044251090901	191.1402597452965	42.77164806884424	116.1668671943901	0	73.39521912554588	105.873217845728
16.24599118399596	89.60567313583547	139.2553625345086	0	49.64968939867315	138.5393054372647	306.6574891618025	434.1086346895644	0	127.4511455277619	431.2456194398115	8.321905986203166	12.67834649335366	0	4.356440507150491	12.27625379744608	8.180595809529819	12.1769533512123	0	3.996357541682485	11.87636506091828	16.92832569668453	20.99093457019016	0	4.062608873505627	20.2240619341213	53.83079888793028	60.21116682023693	0	6.380367932306649	56.09904184794961	17.38342038204214	22.56081618111723	0	5.177395799075089	21.79762262030744	120.3528043559346	156.1072410818109	0	35.75443672587632	151.9627547647105	105.5290779816034	157.7920573842648	0	52.26297940266139	155.215783741581	20.19650835069703	56.70509287556541	0	36.50858452486838	56.03026621328371	6.752160424151064	16.84106192174078	0	10.08890149758971	16.39310733956353	13.38789909282661	25.95793975787615	0	12.57004066504954	24.84190291548317	25.69938173772644	40.49006310319378	0	14.79068136546733	39.19113507477604	113.2395074578736	131.5640146085797	0	18.32450715070604	128.321709795481	16.45714083145688	33.91346938743651	0	17.45632855597965	31.24324264263469	22.54973045829974	43.51772347594506	0	20.96799301764532	39.70986240426443	13.89303594450221	25.25234791405769	0	11.35931196955548	22.68680232244218	29.00709422832623	44.21455306493556	0	15.20745883660933	41.16535813391378	13.66834965288299	22.16285578047431	0	8.49450612759132	20.4715308911183	14.44219706158073	21.97350374609815	0	7.53130668451742	20.11319763220909	32.11621853026081	42.99707672326315	0	10.88085819300234	42.32450505416075	33.31606676208999	43.32693825781478	0	10.0108714957248	43.32693825781478	30.11641955075091	35.47409181232103	0	5.357672261570113	35.46622713110396	52.25136994105615	69.64265899815292	0	17.39128905709677	68.88041640619286	488.074420655602	625.2566183710433	0	137.1821977154413	608.0681681018912	28.51545757035536	38.13127575161282	0	9.615818181257458	37.23063204105108	135.2846739121318	156.9163914354952	0	21.63171752336347	151.5754556562163	57.54303915938979	61.17332509766419	0	3.630285938274403	58.41056871330852	653.063935478307	850.7133413898026	0	197.6494059114956	836.8535394551815	33.27586157736852	205.1152956387937	0	171.8394340614252	201.9294086291802	42.96199827689036	58.85648656852094	0	15.89448829163057	58.84109461119841	193.486869106774	198.9339781556313	0	5.447109048857264	181.0746570009563	52.16513209361126	64.74837070384601	0	12.58323861023475	62.67103294303295	66.42669106834336	104.7323262792035	0	38.30563521086009	90.28383089753187	46.79404698153938	78.50661486680623	0	31.71256788526686	78.42855244099607	213.7079455926059	336.7647844148942	0	123.0568388222883	332.5855435219325	25.7649435404073	65.90282552249144	0	40.13788198208415	64.13990363437387	27.58272541684129	72.84666294616575	0	45.26393752932446	72.69919739815502	82.56807397850035	205.640586872845	0	123.0725128943446	198.6644621762995	44.23125703244207	120.2956677818314	0	76.06441074938935	109.7379779026041
16.26319116679595	108.6304694760442	151.4264055558394	0	42.7959360797952	150.6222776947318	345.0173035284178	452.0722424680629	0	107.0549389396451	448.9811362808045	8.326212539453614	12.45976788384002	0	4.133555344386405	12.05706251345158	8.138627935642011	12.00776978475778	0	3.869141849115772	11.70745822979889	31.75010212240814	35.39265746358645	0	3.64255534117831	34.05283887131597	71.83701522622277	77.68072681292675	0	5.843711586703973	72.2157508377806	18.48848230177551	22.8542599393508	0	4.365777637575291	22.04354576096116	127.5156394730708	160.8921074650304	0	33.37646799195961	156.5353583799104	95.13714204814481	145.971178022363	0	50.8340359742182	143.5733087680527	16.19494174966121	53.92468191214731	0	37.7297401624861	53.28957782222726	7.805027307552064	18.9993208667337	0	11.19429355918164	18.50894283942153	15.16378317535526	28.8989165940742	0	13.73513341871894	27.68101292715363	23.06276036613637	36.95971382574655	0	13.89695345961018	35.71182603372714	154.1867426056774	172.6173766687359	0	18.43063406305841	168.1711741507386	17.19351626291555	36.05214995150423	0	18.85863368858868	33.29524058457141	23.48982944599904	46.08123670840614	0	22.5914072624071	42.14559118223361	14.1018231767468	25.45700203141066	0	11.35517885466385	22.86025689028279	20.59714388709459	38.68858192479306	0	18.09143803769847	36.18608908134603	14.49849193482996	24.92314455028946	0	10.4246526154595	23.15713709224401	15.81635861818429	25.25667073466651	0	9.440312116482215	23.28394995896065	16.005926847725	28.24711832652992	0	12.24119147880491	27.82256036137983	23.70704163311384	35.73599603064051	0	12.02895439752667	35.73599603064051	43.06246942229349	50.55756241800016	0	7.495092995706672	50.54764558785334	60.76554517243951	76.85494224312323	0	16.08939707068372	75.99209900938877	521.7041402550279	653.8415956227407	0	132.1374553677126	635.727323196717	29.42429030679223	37.76046809049469	0	8.336177783702464	36.82120760438746	159.5046250652173	178.596707560735	0	19.09208249551776	172.2320880168479	129.5374193338762	135.5411074433739	0	6.003688109497734	130.5074971833423	754.628783520542	946.3030468770662	0	191.6742633565242	930.7873753498752	34.35899554975676	230.6541552308186	0	196.2951596810618	227.2342710837253	47.01966465517912	62.73136702695259	0	15.71170237177347	62.71490731178179	220.6321126550627	224.232730566846	0	3.600617911783367	202.2860546444897	90.10973542763205	101.7820234884565	0	11.67228806082444	98.42951615228942	80.06643121613556	123.1073842337436	0	43.04095301760801	105.7853054135255	36.95349567848608	73.4083323665882	0	36.45483668810211	73.33830209252574	273.4620540964392	403.9041735427886	0	130.4421194463493	398.9819194268294	29.28524217629477	74.68826423937145	0	45.40302206307668	72.75960501874351	28.9587163937923	78.90327055861789	0	49.94455416482558	78.74922312922122	87.04184087970464	222.5460072327289	0	135.5041663530242	215.2749507285915	46.32446757964232	129.5464115919921	0	83.22194401234977	118.5621698726232
16.28039114959594	120.5745733750606	155.4660745092119	0	34.8915011341514	154.6020137140454	392.2766278399559	476.5401163764215	0	84.26348853646563	473.1113864877556	8.167269760908336	12.05590178817154	0	3.888632027263204	11.65686420357044	8.045647389512069	11.77077165623316	0	3.725124266721087	11.47188477647797	30.11628448840472	33.31267887384492	0	3.196394385440206	31.98933223947202	80.4198190328602	85.6487047686785	0	5.228885735818293	79.37042595187575	16.5061312372427	19.71577137930262	0	3.209640142059921	18.95940587667889	139.1937823775024	168.7920577858262	0	29.59827540832381	164.056528496451	97.56581990362795	143.189309759384	0	45.62348985575604	140.7628383893538	14.73807119908141	51.12095362407027	0	36.38288242498886	50.51299442717456	8.012109192006129	21.07420330810604	0	13.06209411609991	20.55847613815039	15.7635717292023	31.45444593893765	0	15.69087420973534	30.19189827298	26.54514498762884	39.81172846269563	0	13.26658347506679	38.43486617011174	155.7505301818268	174.6454840481789	0	18.89495386635215	170.1675063805037	17.52375776733959	38.2347579035524	0	20.71100013621281	35.4332582073531	23.88010768857049	48.59044294954857	0	24.71033526097808	44.58744594734803	14.06498898732019	25.40292237948422	0	11.33793339216403	22.81072129142403	42.37044185381536	64.58051044152566	0	22.2100685877103	60.73254863967191	15.41782044334082	28.56771026587904	0	13.14988982253822	26.73331053439202	16.82151930612121	28.8613850899651	0	12.0398657838439	26.84043597994802	39.33474110654142	53.46470448357596	0	14.12996337703454	52.6995986053438	51.00597611305349	66.0905216557307	0	15.0845455426772	66.0905216557307	69.09506420152807	80.13616027792492	0	11.04109607639684	80.12271887341662	67.63400360331306	81.9704979892627	0	14.33649438594963	81.01373294934315	597.8124021701955	722.4346827020127	0	124.6222805318172	702.1674315269266	33.83681399506366	41.10553654791076	0	7.268722552847105	40.02980796347084	166.1649288308305	183.2106820353347	0	17.04575320450426	176.3990897273378	201.637643900397	210.4897011932954	0	8.852057292898323	204.4225560115689	884.5032723750885	1067.827952740966	0	183.3246803658774	1050.153445074677	33.47959516287792	274.4711031441296	0	240.9915079812517	270.681929320865	55.96794097697772	71.31004369462737	0	15.34210271764965	71.29119920425448	191.6329015774294	192.8300401284193	0	1.19713855098987	170.8797801928556	82.57951935074733	92.93144106041663	0	10.35192170966929	89.73514369737927	86.14406593893099	136.4150215397889	0	50.27095560085786	118.2922194975207	57.7323501119604	101.6049575209726	0	43.87260740901221	101.5131752354415	285.4588494880322	413.6918450941412	0	128.232995606109	408.6292024871153	29.7789884964216	84.39653453416733	0	54.61754603774573	82.34892877210375	30.01490413914017	87.9936247379384	0	57.97872059879823	87.83154068695249	90.48146893589303	246.8933774762026	0	156.4119085403096	239.2976215859983	47.86084709226633	143.2617747972889	0	95.40092770502262	131.7682579878525
16.29759113239594	126.6937522362673	154.6592700787604	0	27.96551784249306	153.7547365693192	450.4490970805634	515.7197079541304	0	65.27061087356697	511.7950277706822	7.927613601405771	11.60999744655476	0	3.682383845148993	11.21600289488644	7.973349135443989	11.58538949219786	0	3.612040356753872	11.28670439339709	14.80755433696374	17.63611857628468	0	2.828564239320935	16.89741377402156	81.44535569208132	86.10940795758117	0	4.664052265499858	79.4954265225974	12.65177295982022	14.59058179736722	0	1.938808837546998	13.96165554726872	153.7310554243806	178.541646651124	0	24.81059122674332	173.2590730262778	111.4960443201542	151.5285975937598	0	40.03255327360566	148.857717059636	15.16927005084951	49.59067303664398	0	34.42140298579448	48.99155707614268	7.592126914919316	22.97041976565131	0	15.37829285073199	22.43958983069725	15.49399988846517	33.45832233720704	0	17.96432244874187	32.18620917903949	34.92610610244527	46.62142787762179	0	11.69532177517652	44.94952873946258	116.4736405140973	132.9330230156674	0	16.45938250157018	129.4179602067788	17.56888733294383	40.23974107876844	0	22.67085374582461	37.41683623851225	23.94619717077326	50.88451090230481	0	26.93831373153154	46.84311870922488	14.02129696772691	25.32933751966658	0	11.30804055193967	22.74240346362294	93.86790610594301	121.1165224930306	0	27.2486163870876	114.4763464828047	17.15067749920731	33.60965215741775	0	16.45897465821044	31.65180233170845	18.25553435876445	33.3958933871025	0	15.14035902833806	31.29429789894421	97.29108032849848	113.6594680695395	0	16.36838774104104	112.1132636974156	110.3331750781044	129.2317360420807	0	18.89856096397629	129.2317360420807	105.5929557001412	121.7812975571806	0	16.18834185703943	121.7636783195542	73.14201708454991	85.54989529035765	0	12.40787820580775	84.50007928700413	711.427589903567	828.9466257165573	0	117.5190358129904	805.3931553245301	40.81678671992585	47.05065067931388	0	6.233863959388026	45.74989237773126	151.84633538948	166.8720763396643	0	15.02574095018428	160.3834971257103	268.9538996948332	281.5852769104588	0	12.63137721562553	275.1303811635158	1033.213208330703	1208.219085011568	0	175.0058766808654	1188.020676157227	31.3435798278243	344.9218517439293	0	313.578271916105	340.5675701728135	69.40276858549136	84.1715127921341	0	14.76874420664275	84.14901045672117	125.4521364582779	124.2804758932318	0	-1.171660565046072	106.3837077278666	36.51623948824565	45.26593770974423	0	8.749698221498589	43.6088886005408	87.64961631075433	144.5874045705082	0	56.93778825975388	126.8153424349151	103.0058549981809	156.9229375762483	0	53.91708257806734	156.7893982781137	254.494642347027	377.9056460492423	0	123.4110037022153	373.2296910940443	29.04211815566389	95.61714700761912	0	66.57502885195524	93.44835222302252	30.4833023622429	100.4514064841558	0	69.96810412191292	100.2795977271005	92.22097552775348	279.0165039548305	0	186.795528427077	271.0583584215621	48.52557190999483	161.8081631559313	0	113.2825912459365	149.7074598994594
16.31479111519593	144.1715132897942	167.2730640071547	0	23.10155071736058	166.2488411712735	528.4464258204365	580.6491191828345	0	52.20269336239808	576.0001853834152	7.922478421749373	11.52773245773873	0	3.605254035989353	11.12932598022654	8.077861531194888	11.70394343237708	0	3.626081901182193	11.39978557984025	7.781340057370722	10.42062670835439	0	2.639286650983664	9.964199438408215	82.79970192989488	87.06627121205493	0	4.266569282160051	80.08636854124217	11.31125361013205	12.20006023540453	0	0.8888066252724838	11.58781792879732	159.6680548921136	179.1829137382516	0	19.51485884613793	173.4753597871838	133.9930949429126	169.6374639243341	0	35.64436898142149	166.5378419866294	17.54561384089941	50.72690122949187	0	33.18128738859247	50.10744260552342	7.380878751716002	25.32113715450144	0	17.94025840278544	24.76602699626547	15.33517804865239	35.57798190776025	0	20.24280385910786	34.2878913425111	44.0905459870764	53.08512175302337	0	8.994575765946976	51.02459601200646	123.9606979648074	135.0582314563105	0	11.09753349150309	131.0824052546775	17.50810484210208	42.03160324588755	0	24.52349840378548	39.19115229711894	24.08062129832645	53.31882413326937	0	29.23820283494294	49.22268419215516	14.36594287006323	25.96003184449678	0	11.59408897443355	23.32207735652651	90.21470246158449	122.1254155283034	0	31.91071306671891	115.8528625679892	16.77953648958243	36.35744239380578	0	19.57790590422335	34.39290166376782	17.87317624946595	35.92342483214526	0	18.05024858267931	33.83971380012215	108.3543799777266	126.5531029546779	0	18.19872297695127	124.8953153599407	117.9375960038896	140.2233498830355	0	22.2857538791459	140.2233498830355	108.4771327378426	130.0387192170992	0	21.5615864792566	130.021781636654	77.49180467154693	88.01592425819345	0	10.52411958664652	86.87077116335783	799.8794187004329	910.4258410340763	0	110.5464223336433	884.213254107244	42.43514028564971	47.61126469347675	0	5.176124407827039	46.20556733280791	159.0441200513441	171.8852133134531	0	12.84109326210905	164.8238176774254	298.2969685944022	314.9300220692143	0	16.63305347481206	308.7730759945748	1157.338130977351	1324.193325670559	0	166.8551946932087	1301.828785230749	27.25248139436585	446.0068591430013	0	418.7543777486355	440.8848922263292	79.69179193419893	93.64757437319605	0	13.95578243899711	93.62210099812484	61.49102290236426	58.71664174001712	0	-2.774381162347145	46.96919229460885	26.80160213119937	33.91306754500314	0	7.111465413803775	32.56812512518012	86.77511804296007	148.6246055517976	0	61.84948750883754	131.4112226787679	114.8766794925213	179.2844109532412	0	64.40773146071992	179.1393758440958	268.4703529684126	389.8193216702601	0	121.3489687018476	384.9708080841309	28.37190522412758	108.8490419872562	0	80.47713676312866	106.5295272564422	30.20123613197492	116.6919210639906	0	86.49068493201572	116.5080784954701	91.80516606244726	319.0894808514656	0	227.2843147890183	310.7089258907174	48.11446732370802	185.4587177451661	0	137.3442504214581	172.6227232128652
16.33199109799592	168.5041165809749	188.1462704495491	0	19.64215386857421	186.9478029342969	606.7549458860694	649.5438725185396	0	42.78892663247021	644.0988190853889	7.97759068171026	11.58595985353769	0	3.608369171827431	11.18240471326467	8.21792860396782	11.95296249433439	0	3.735033890366572	11.64353927990665	7.565962374008471	10.08801445203803	0	2.52205207802956	9.631654360093078	82.22547575177349	86.17076703966566	0	3.945291287892176	79.00315983538235	11.17349053924419	11.27039413052023	0	0.09690359127603876	10.59368050554337	157.3484324394094	171.6557926669106	0	14.3073602275012	165.6276356077245	163.2270287812068	195.3893668356876	0	32.16233805448076	191.701852599957	21.6036508964624	54.21979574091917	0	32.61614484445676	53.55426824647881	7.368032369729785	28.17083907028533	0	20.80280670055554	27.58281282135304	15.38801245735478	37.93613404018893	0	22.54812158283415	36.61617296290991	54.60686785550258	60.58149006606096	0	5.974622210558374	57.91485394462305	160.7936924298254	165.9917169334603	0	5.198024503634865	160.1463753338672	17.60033248932454	44.13440385855116	0	26.53407136922662	41.25473949935146	24.45184917926246	56.51377967532786	0	32.0619304960654	52.32281490527577	14.84695730297132	27.17239761325039	0	12.32544031027907	24.46515290232242	42.01619888783599	77.77791486014834	0	35.76171597231236	73.95766672792504	15.29029866928691	37.69558370320987	0	22.40528503392296	35.76581746172437	16.64237409760253	37.44405006520699	0	20.80167596760446	35.39751490273184	82.26804183737852	101.457546209489	0	19.18950437211051	100.1538101030624	86.24031435034229	110.8146524008465	0	24.57433805050424	110.8146524008465	88.87528938071603	114.8809855440169	0	26.00569616330086	114.8669472618222	79.50613476991926	88.21420024680307	0	8.708065476883815	86.98521213647032	856.945966298639	958.7999878836506	0	101.8540215850117	930.7009500268875	40.07206702606555	44.24957313760068	0	4.177506111535142	42.83810628859236	187.6327740633744	198.2891271124984	0	10.656353049124	189.5827500072727	302.0161155303288	322.8086400743207	0	20.79252454399194	317.1201797565381	1250.439772782553	1407.780948396279	0	157.3411756137268	1383.703467008404	22.73875181824391	583.4215236283403	0	560.6827718100964	577.3048718544168	87.04598836790836	99.96600691233968	0	12.92001854443132	99.9381549834669	18.94982548802052	15.58545291700719	0	-3.364372571013324	10.83686529190905	48.12322778400024	53.72937910422075	0	5.606151320220518	51.38764415455232	85.94202611708796	151.6891514985032	0	65.74712538141522	134.8378268062272	103.6036635025024	176.3133808145452	0	72.70971731204277	176.175500672815	330.4486075185488	452.446726079566	0	121.9981185610172	446.8263332579543	27.91977203880389	124.7550495886147	0	96.83527754981084	122.2481198746782	29.38795075000809	138.1851286120313	0	108.7971778620233	137.9852807461022	89.93000061009775	369.6719819378424	0	279.7419813277446	360.7458970953715	47.02919777716497	216.0330446736357	0	169.0038468964707	202.2345492071676
16.34919108079591	193.861970954904	209.9221305550574	0	16.06015960015338	208.5207513400039	601.8667394171221	635.0644078359611	0	33.19766841883904	629.4262234280667	19.20822343276448	22.86550700237908	0	3.657283569614603	22.069392144392	8.594456974478561	12.56068783606576	0	3.966230861587195	12.24093518642402	51.54530152483243	53.88148025016586	0	2.336178725333426	51.36997982967512	105.8032561116788	109.2887964865609	0	3.485540374882126	99.80175164558347	15.55732906027201	15.35726800656469	0	-0.2000610537073177	14.2422207278958	140.5231851488716	150.252040847234	0	9.728855698362446	144.280216777526	165.7146912729554	194.8047907513151	0	29.09009947835968	191.009986551709	22.73637592394899	54.96754769498364	0	32.23117177103465	54.29059454015204	7.394369806621073	31.3881257043309	0	23.99375589770983	30.76247875611885	15.46007937193126	40.42067478355551	0	24.96059541162426	39.06608807648434	43.62483402260472	47.13411614830915	0	3.509282125704431	44.68893177394081	174.5495994693835	175.0903188954891	0	0.5407194261056647	167.1648818394265	18.35805935888407	48.1183517818391	0	29.76029242295503	45.11988322822208	25.67395256063202	62.58017299840689	0	36.90622043777488	58.16430055204143	15.75881318508666	29.63487418799167	0	13.87606100290501	26.80149587646999	20.92686247129945	61.06500254480452	0	40.13814007350507	58.18345385061505	15.16579915203478	41.3855175636085	0	26.21971841157371	39.3795695423871	16.85857051991642	41.71712816021095	0	24.85855764029453	39.57672630596698	53.50633449600146	73.08038387413389	0	19.57404937813242	72.14808687280967	55.3126395296476	81.77353818058097	0	26.46089865093337	81.77353818058097	63.74866241885191	94.69304050472179	0	30.94437808586988	94.68207241068806	80.71822509623047	87.66120003788636	0	6.94297494165589	86.334628257663	725.1912304441653	814.3495914619139	0	89.15836101774867	789.7866711710731	37.35267970387562	40.75700272694175	0	3.404323023066138	39.34532887580965	207.8321324619951	216.6953992350687	0	8.863266773073576	206.4642965393746	255.418551957949	283.0511155019281	0	27.63256354397909	278.550771710921	1126.721207894844	1270.556465927052	0	143.8352580322076	1248.405110384267	20.09184621306067	753.7083385369954	0	733.6164923239347	746.4181779650531	81.39902127265628	93.10393721693599	0	11.70491594427972	93.07717787850305	5.811348462338476	3.277648154192794	0	-2.533700308145682	1.672569614573382	84.61482117406227	89.01338403509543	0	4.398562861033149	84.7134354903648	87.42311388016712	157.9898754144446	0	70.56676153427746	141.0558152104817	74.90946169465323	152.2939567816643	0	77.3844950870111	152.1769120356277	349.9160626000052	473.0962345843839	0	123.1801719843787	467.236467301605	27.38600438723862	143.4494219387199	0	116.0634175514813	140.7231657312383	27.78055194243274	165.6136867380872	0	137.8331347956545	165.3937582216973	85.60420007965801	429.9293491977155	0	344.3251491180574	420.3621712141728	44.76185526797004	253.8383783332407	0	209.0765230652707	238.8693264485331
16.3663910635959	225.4672336523735	237.5354408238062	0	12.0682071714327	235.8395724333515	548.111841341357	571.0941961128186	0	22.98235477146162	565.5782283972793	41.23307341832284	45.03421421929578	0	3.801140800972937	43.48054912656728	9.251456428343539	13.63122447630982	0	4.379768047966278	13.29546431892383	132.6274233406903	134.7888851644858	0	2.161461823795521	128.2901951691659	151.6471967624061	154.5788069529007	0	2.931610190494581	140.3340875338531	22.676776724367	22.69123826161504	0	0.01446153724804189	20.75210799936905	112.9893143497826	119.1878661329555	0	6.19855178317293	113.6942679865007	139.7810119420822	166.0130788671773	0	26.23206692509507	162.6703004389195	21.31068509275467	52.70008097437824	0	31.38939588162356	52.04627907835759	7.427479857934091	34.67101171205431	0	27.24353185412022	34.00730596375635	15.48035304808523	42.90536415936103	0	27.42501111127579	41.51593667708178	15.9594816115176	17.94755273113018	0	1.988071119612582	16.83127386215314	161.1159004155085	158.9747653152402	0	-2.141135100268313	149.1985711438295	19.05442376100266	53.88875264148629	0	34.83432888048364	50.74039192518914	26.82132440044692	71.77480822210704	0	44.95348382166012	67.05847676701688	16.88642058469071	33.48057100707128	0	16.59415042238057	30.48926925799631	21.26174990836335	66.8965158816906	0	45.63476597332726	63.87664437122064	15.34013035987873	47.17235724034622	0	31.83222688046748	45.03443168223622	17.31917236164675	48.53814529773965	0	31.21897293609289	46.24124365972389	21.38442703976342	40.79026177341905	0	19.40583473365563	40.26903886892131	22.27066836755188	50.50825500607063	0	28.23758663851875	50.50825500607063	25.38547319656587	62.95888938968905	0	37.57341619312318	62.95201258736893	83.60337867207268	88.97163398476559	0	5.368255312692905	87.48754685328664	388.3090783364752	460.8355251160646	0	72.52644677958939	446.2885937427359	34.06823288800683	37.02373331425723	0	2.9555004262504	35.64700760285365	222.8104097299559	230.5822965937407	0	7.771886863784742	218.9847430705049	107.9602742877059	147.4393093605042	0	39.4790350727983	145.3747794374185	761.882811836075	887.387961597003	0	125.505149760928	871.4531620282088	19.03764020387705	904.2823717738564	0	885.2447315699794	896.0006381184189	61.60338526179812	71.98235387862459	0	10.37896861682647	71.96085343149444	2.568648401004165	1.663836285961642	0	-0.9048121150425231	0.4263858012681763	140.3589564385522	143.9658450778126	0	3.606888639260329	136.2945791728519	90.35760750349787	167.9689892113913	0	77.61138170789344	150.7439177624769	28.83257219234194	105.3659086703191	0	76.53333647797714	105.2847437114137	325.2420336473103	446.9762208375041	0	121.7341871901938	441.4235149380115	26.63154905939929	163.244408082139	0	136.6128590227397	160.2905613396261	25.70392213487276	196.3338636891857	0	170.6299415543129	196.0918074459176	79.80302887291707	491.827443218889	0	412.0244143459719	481.6066203660461	41.78397892987371	294.5902752011015	0	252.8062962712278	278.3756237484218
16.3835910463959	197.6360692920916	206.0023734179773	0	8.366304125885678	204.3966628171581	443.5616237824688	457.808113547856	0	14.24648976538728	452.8634145734142	41.1785784002081	45.21108603009333	0	4.032507629885228	43.6821743949901	9.559825741606154	14.52903832947649	0	4.969212587870338	14.1885524367772	136.7709096037456	138.7982364862609	0	2.027326882515332	131.8784505738484	139.6650142514815	142.0309648203947	0	2.365950568913203	127.8909189828132	37.17277672616449	37.68130982937551	0	0.5085331032110219	34.13495369219881	110.895829520699	114.844198480378	0	3.948368959679006	108.6369980259488	132.5996611039583	156.330228631312	0	23.73056752735371	153.0767477107442	18.92327939443818	48.75909361820965	0	29.83581422377148	48.14544744121915	7.065638685304799	37.08735370986425	0	30.02171502455946	36.39885869669991	15.26253601743259	44.99819188251287	0	29.73565586508029	43.58322041014161	36.07517978074215	37.44613912656906	0	1.370959345826911	34.68530328380879	109.026563285655	106.0868235736911	0	-2.939739711963855	97.01436591049071	19.28958689141142	61.04298327197113	0	41.75339638055971	57.73491649546791	27.20807825240554	83.87710177679156	0	56.66902352438603	78.81098930720759	17.55835750387396	38.15898250781471	0	20.60062500394075	35.03406224937422	20.6565415323292	72.77241869718272	0	52.11587716485352	69.6325676285682	15.25719488194697	54.63239821490297	0	39.375203332956	52.3298062537792	17.50495165841593	57.77176901066333	0	40.2668173522474	55.27113156797978	6.241068498051244	25.04884186065019	0	18.80777336259894	24.72570015705724	6.793908691268861	36.47568089031371	0	29.68177219904485	36.47568089031371	7.656760933476015	53.25892213313207	0	45.60216119965605	53.25342814813901	80.76517769333013	84.90774029153197	0	4.14256259820183	83.3360544157736	177.8814570875605	233.5317012851684	0	55.65024419760787	225.7033483727024	36.38700901080478	39.18430969005667	0	2.797300679251888	37.65802499586363	216.8893586405538	224.3034124252168	0	7.414053784662987	212.5693039143125	41.97295322824625	100.1573627838422	0	58.18440955559596	98.92878542346197	516.7794950583168	622.0044702179126	0	105.2249751595959	610.3909741239729	16.29251158129767	979.3374715886798	0	963.0449600073822	970.5826432508244	58.56643654046172	67.6301925385482	0	9.063755998086473	67.60907243621878	2.004353117445516	2.172851746629198	0	0.1684986291836825	0.06959889982460261	169.6423417806261	172.856541603499	0	3.214199822872849	162.9078349719323	93.34257736402431	180.6473902571833	0	87.30481289315897	163.1462602054069	6.513761973393672	76.33226215994856	0	69.81850018655489	76.27202037092061	301.886528038723	418.1240114897839	0	116.2374834510608	412.8627322235121	25.12494904367817	179.8978716919823	0	154.7729226483041	176.7611584504205	23.54671208607188	227.1689715009742	0	203.6222594149023	226.9050606072709	74.76026017323764	550.6839871607007	0	475.9237269874629	539.8301102672405	38.73334836062206	334.1288174398117	0	295.3954690791896	316.7173680653696
16.40079102919589	105.0948265339811	110.4605844550367	0	5.365757921055613	109.5032849453699	279.877688659864	287.8317027560406	0	7.954014096176635	284.2729728887851	19.1602714909635	23.4989404115201	0	4.338668920556601	22.72683525214567	9.501141270272486	15.23200931981657	0	5.730868049544083	14.8961531181601	59.82908297390136	61.75413178271027	0	1.925048808808909	58.58142621873702	68.21528266610223	70.05009749954883	0	1.834814833446598	62.40305440128824	63.83236136377189	64.9838315621267	0	1.151470198354806	58.78737118518153	135.0784945109999	137.8202335531334	0	2.741739042133505	129.1909009812249	149.7223267827809	171.6214691920479	0	21.89914240926708	167.9493456068314	15.70672676754248	43.60505872356639	0	27.89833195602392	43.0455440592316	6.421605896144733	38.12875103083819	0	31.70714513469346	37.4332336859688	14.80595044339368	46.29923344887136	0	31.49328300547769	44.87404488400052	93.45493043727684	94.66536390767554	0	1.210433470398698	86.6330461774747	56.18591504446506	53.3874078247424	0	-2.798507219722661	47.08242786157408	19.29004361518624	69.88381892867783	0	50.59377531349158	66.37845310750384	27.08890446193366	99.62476533100893	0	72.53586086907528	94.10688780844242	17.82087714246345	43.8975030503949	0	26.07662590793144	40.62262145128466	20.73207520468594	80.31744443820287	0	59.58536923351693	77.00337652678401	15.14386261517256	64.41973674442853	0	49.27587412925598	61.89757084378331	17.7085799161224	70.68544337268102	0	52.97686345655863	67.89339819318738	6.470429489756746	24.52289544543441	0	18.05246595567766	24.20241730056764	7.461731998980193	38.51620839093897	0	31.05447639195878	38.51620839093897	9.31572606043542	65.17464970535141	0	55.858923644916	65.16830394349977	70.62240515710317	73.91100280908294	0	3.288597651979782	72.39899987913472	164.9355712339003	206.2458768229328	0	41.31030558903256	198.8346188043234	44.38417083453099	47.24617631298203	0	2.862005478451038	45.37464824732066	180.0352842344903	187.6879298546451	0	7.652645620154821	177.7815047818007	72.38076148178466	161.0896206729068	0	88.70885919112212	159.358870019031	473.3761034422849	559.3978620946582	0	86.02175865237326	548.4670670789766	12.8796564643237	964.0503392476296	0	951.1706827833059	955.4057092211668	74.76717676063096	82.6423222194945	0	7.875145458863547	82.61525886076144	3.096053381585795	3.449259046139736	0	0.3532056645539403	-0.2962261144764664	166.1408544224455	169.2661243027587	0	3.125269880313152	159.0656661613837	94.73660483002107	192.8752702590508	0	98.13866542902969	175.2795088535959	6.401249918646325	66.2780930468796	0	59.87684312823328	66.22356447492749	287.1092435803661	395.2689469621203	0	108.1597033817542	390.1919176828128	23.22055343659433	189.0795297369541	0	165.8589763003598	185.8501911614368	21.68440637002536	255.1505129410497	0	233.4661065710243	254.8670478488564	70.54378607932946	612.1374506818659	0	541.5936646025364	600.6134458786975	36.25794526882046	369.9356071805304	0	333.6776619117099	351.443223630118
16.41799101199588	46.70799343020416	50.04189104034417	0	3.333897610140002	49.55417294593758	164.2675936497278	168.3979190185488	0	4.130325368820936	165.977323228094	8.911291977734916	13.69950498276199	0	4.788213005027077	13.26613799529221	9.895650707471177	16.64587216427606	0	6.750221456804888	16.30325798842334	13.36605144565187	15.32083314274428	0	1.954781697092407	14.51845215345167	23.30232079848687	24.77429698258169	0	1.471976184094823	21.79001362764981	119.9555117588734	121.9297651121243	0	1.974253353250861	111.126365366869	161.3482283046465	163.5349928320663	0	2.186764527419876	152.0059600544724	155.9562699159476	176.7766283726972	0	20.82035845674967	172.9242234502672	16.63879772301469	42.60758890891474	0	25.96879118590005	42.04924101315234	6.283675253212184	38.2604397200363	0	31.97676446682411	37.56488883146811	14.52645665476899	46.93235178251454	0	32.40589512774556	45.50369584853745	117.4314400547187	118.7224149299774	0	1.290974875258657	107.5436073846496	28.6270899750637	26.4899559867737	0	-2.137133988290004	22.31554936834296	18.75102899008609	80.11295206495805	0	61.36192307487196	76.38564316511095	26.42137051774957	119.5852289703576	0	93.16385845260803	113.4962448210366	18.05740119263157	51.57214566226539	0	33.51474446963382	48.07083314082632	201.8770449063763	268.2290744390741	0	66.35202953269783	257.5584743050779	38.75346227113128	99.72703925422763	0	60.97357698309636	96.08049337006615	17.07260197857356	86.82582488592787	0	69.75322290735431	83.6860762870445	32.29043366868611	49.12682236154863	0	16.83638869286252	48.47130491136843	23.350136346696	55.13641475634543	0	31.78627840964944	55.13641475634543	11.01081253837384	78.63306567223106	0	67.62225313385721	78.62580907053378	72.06542021998744	74.84064936810144	0	2.775229148113992	73.17439021555023	209.4200317295804	239.3748598354087	0	29.95482810582836	230.085049339619	53.93412263616915	57.04845573154024	0	3.114333095371085	54.82232170032559	157.1809883711577	165.5391820532335	0	8.358193682075813	156.9910961171861	59.61333197678776	197.0493153281061	0	137.4359833513184	195.1881811249867	447.2715458877627	516.4774255132967	0	69.20587962553391	505.86561203799	11.95291996160556	887.5107617348934	0	875.5578417732879	879.3668395287384	93.65930520892032	100.5212519985135	0	6.86194678959323	100.4867221288764	3.125977324072708	3.305592045184746	0	0.1796147211120381	-0.281990783376558	197.5959611108516	200.8922833978732	0	3.296322287021577	188.666754111787	94.63631736386697	203.259784221849	0	108.623466857982	185.675899621808	20.82811432914478	69.09507182657163	0	48.26695749742683	69.03474310124453	278.2209344881182	377.6366441657576	0	99.4157096776393	372.6654248568361	22.29142736993638	189.5678391618598	0	167.2764117919234	186.3404282910058	20.39257601892623	282.3594779433144	0	261.9669019243882	282.0570482647917	66.58858214244781	672.6407970220679	0	606.0522148796201	660.4631215014514	34.40267419809063	405.3935870699206	0	370.9909128718299	385.8298697865761
16.43519099479587	30.46652718536557	32.61312197762102	0	2.14659479225545	32.2565807637643	106.590475491031	108.6615177167635	0	2.07104222573251	106.8418043486695	9.902502168952569	15.33039954173074	0	5.427897372778167	14.86914113161918	10.705255261896	18.84752274437274	0	8.14226748247674	18.48858325757088	9.344492137479168	11.45897091651686	0	2.114478779037692	10.86110379773593	11.49836702388344	12.77434006637494	0	1.275973042491501	11.09187771404186	234.3492089489017	237.3510556158378	0	3.001846666936062	219.3563868923937	185.7165944455525	187.7244518588741	0	2.007857413321617	173.3790717323359	146.542764121346	166.8219084309674	0	20.27914430962142	163.1498384153589	21.5466023126323	45.79921429231011	0	24.25261197967781	45.18667912757272	6.592587775681959	37.77133217981171	0	31.17874440412976	37.07984965874775	14.47920210473404	47.05285798686936	0	32.57365588213531	45.62451948683639	119.2790299459708	120.8374031089067	0	1.558373162935843	108.7339271592157	16.0578938663608	15.0075147723885	0	-1.050379093972295	12.07936663297978	17.85910779586377	91.81405163370017	0	73.9549438378364	87.83128298466464	25.34472699754712	144.5790127518222	0	119.2342857542751	137.7786110670419	18.16322969076119	61.9469379717331	0	43.78370828097191	58.12395992881513	509.7780913789744	579.5267199968152	0	69.74862861784096	556.8809055795655	79.79176181376003	152.2607221021162	0	72.46896028835617	146.9851579671385	15.94882803116842	105.4543448392358	0	89.5055168080674	101.9220678663364	77.25955634931711	92.11500907322132	0	14.85545272390422	90.83800901338576	51.29400464937079	82.09717031716225	0	30.80316566779146	82.09717031716225	13.52065743361721	90.30406009979902	0	76.7834026661818	90.29601429463526	87.95758773238047	90.50053624102171	0	2.542948508641226	88.36573970663476	273.1066036649763	294.3417752564126	0	21.23517159143628	281.9131665758762	64.85334484160356	68.35612734297109	0	3.502782501367527	65.79459312931938	154.5550830556943	163.9313826419699	0	9.376299586275554	155.8233170527066	20.47758644926938	225.9428288588275	0	205.4652424095581	224.0326824468625	394.6000304493443	449.654907822293	0	55.05487737294863	439.9036430718868	12.09038553557163	774.8086401018763	0	762.7182545663047	767.4159246917292	114.7286199078268	120.7643214170262	0	6.035701509199439	120.7208859404563	2.4557331074164	2.832594513646136	0	0.3768614062297359	0.1056592591852691	276.4421289328632	280.1597131183467	0	3.717584185483505	263.6047948402752	93.84381915967492	211.8907718802347	0	118.0469527205598	194.3307474029441	47.09986930717408	82.95769565276146	0	35.85782634558737	82.8788949560054	272.7327864927309	363.9483863348412	0	91.21559984211034	359.0334282576072	22.34074795976497	183.8200705161002	0	161.4793225563353	180.6607402773452	19.15805431850019	307.3491714968367	0	288.1911171783365	307.0296704831851	62.72148632716309	726.845511072981	0	664.1240247458179	714.0931379801033	32.55744545132057	437.8210718699331	0	405.2636264186125	417.2963084327153
16.45239097759586	20.05731240959877	21.70945356644514	0	1.652141156846372	21.44840651823012	81.81985485447687	83.10064411778302	0	1.280789263306146	81.50666605732756	9.849544685102652	16.04189897286393	0	6.192354287761283	15.58649713170055	10.89459804678881	20.73273830597993	0	9.838140259191121	20.36837332249788	8.082594118158079	10.4363957026233	0	2.353801584465219	9.907435078514681	6.885206799261296	8.148275738305054	0	1.263068939043759	7.003658059116065	351.1761992662175	355.0710571980424	0	3.894857931824838	333.1071211278794	206.6059345642751	208.6307881866904	0	2.024853622415321	192.0099289645705	144.2995805481233	164.389647406469	0	20.0900668583457	160.7569497783858	22.13348644833746	44.922708005944	0	22.78922155760654	44.31053411093132	6.56596431021535	36.29571210370844	0	29.72974779349309	35.62193817558187	14.3435850789918	46.52114119700625	0	32.17755611801445	45.10413558507716	122.0031404119255	123.9675395970427	0	1.964399185117222	111.3390799018548	15.90624178747744	16.23629628030485	0	0.3300544928274073	12.75334567166997	16.74252605836239	104.5028122193816	0	87.76028616101924	100.243968065206	23.69107110157376	173.2854794976945	0	149.5944083961208	165.6883610647977	17.47196398957162	74.34644184238019	0	56.87447785280856	70.15273284346632	553.1834503819122	621.585979213706	0	68.40252883179384	597.193120043298	77.41783987104736	158.4864608305691	0	81.06862095952179	153.1817132324811	14.90302482839257	124.0242599358835	0	109.1212351074909	120.1077542050725	85.31303489357994	97.76155528526053	0	12.44852039168059	96.32754335855655	61.64916359192299	89.72687541028816	0	28.07771181836516	89.72687541028816	19.9956035906378	99.75981012378378	0	79.76420653314598	99.75101849449321	98.26573993725005	100.7935706187291	0	2.527830681479036	98.35830363087767	323.8360912255953	339.0455613175286	0	15.20947009193323	323.4392133321497	63.59885141409759	67.62092671784688	0	4.022075303749297	65.22733163287363	167.9889638110456	178.6773730820758	0	10.68840927103019	170.3090339607285	13.07740607973212	295.9344937471097	0	282.8570876673776	293.6335527286037	428.1280843384047	472.2017639708789	0	44.07367963247414	461.3893527711281	12.81898564042059	641.5523633319604	0	628.7333776915398	635.0783066196099	132.5656684965704	138.0025110998176	0	5.436842603247236	137.9508564153191	4.385169205114172	5.727092288242845	0	1.341923083128674	1.421891487742521	304.3380904280613	308.6167860759325	0	4.278695647871238	291.4467915315444	93.24575194107508	219.5007999829677	0	126.2550480418927	201.9080767353255	66.90782793460085	91.91741473174299	0	25.00958679714215	91.82025697361352	286.2350210441094	370.1590915373164	0	83.92407049320703	365.0336610033507	22.19166711733869	173.7598208135359	0	151.5681536961972	170.7202056714573	17.91403558128111	324.2178169833394	0	306.3037814020583	323.8871637870565	58.83980998430386	762.1636903922087	0	703.3238804079048	749.0536286245381	30.64465866686143	459.4474929649903	0	428.8028342981288	438.3057605051271
16.46959096039586	9.374937822308471	10.94932977041906	0	1.574391948110592	10.80949419401627	76.37131219681817	77.52184082280056	0	1.150528625982394	75.88049769486656	9.613504449524406	16.66242234715242	0	7.048917897628018	16.216075274451	10.58298718974353	22.38044418009496	0	11.79745699035143	22.01537223103632	8.074104159932695	10.71673875731207	0	2.642634597379373	10.19829373893493	6.836857692401763	8.184033580900065	0	1.347175888498301	6.998100697635323	415.480854533917	420.3737164350238	0	4.8928619011068	399.274259540396	223.5907272789973	225.7532957968362	0	2.162568517838843	207.6223941922015	150.9327166756261	170.9543223519987	0	20.02160567637264	167.1717636818422	18.46623575122061	39.92495507473772	0	21.45871932351711	39.37090039974915	6.288772275263972	34.31897274079041	0	28.03020046552644	33.67052922655478	14.19705401100225	45.70899738712801	0	31.51194337612575	44.30720827321694	126.2301050110655	128.7760709089353	0	2.545965897869787	116.0437083137906	26.03481440158465	28.06401337024821	0	2.02919896866356	22.35415095469052	15.56830629268066	116.3134848558313	0	100.7451785631506	111.8006458093701	21.86142844697924	202.0195830913274	0	180.1581546443482	193.6433643410508	16.35223819237074	88.04346647781939	0	71.69122828544866	83.44048776243609	372.4116867811027	436.4774481228156	0	64.06576134171296	419.0059116760207	43.08685880544692	128.4257950217544	0	85.33893621630747	124.1949635987455	14.18396172311165	138.4306116839816	0	124.24664996087	134.2211539251135	63.16749570096233	73.49566602282565	0	10.3281703218633	72.34700036819477	59.56643406554713	84.22977920141433	0	24.6633451358672	84.22977920141433	30.04222683532932	106.2444694376129	0	76.20224260228362	106.2349975342952	98.43801714106581	101.1119941658971	0	2.673977024831341	98.69010550444037	357.4948508063361	368.9123022903059	0	11.41745148396981	350.5425347155405	48.36572962710653	53.00977022134414	0	4.644040594237604	51.25181225196327	197.1325399651473	209.3723847663551	0	12.23984480120787	200.1312551106041	24.02935923003892	366.3385942307292	0	342.3092350006903	363.6248662075412	555.9864293101689	592.2161806244455	0	36.22975131427673	577.964167331198	13.88118027742843	508.9627373339212	0	495.0815570564928	503.4466336604938	145.3613315465967	150.4256372856019	0	5.064305739005122	150.3676630400435	11.14355795664412	13.90067210145313	0	2.757114144809008	6.501032399911168	261.7917627759874	266.7962437772716	0	5.004481001284153	253.0492182493334	93.46579836023858	227.8188464781285	0	134.3530481178899	210.0799706648904	82.20770191623313	99.39946668010585	0	17.19176476387272	99.28137200760085	319.9895793868092	397.1600550953327	0	77.17047570852357	391.5192116519695	21.96722199678346	162.3064090147331	0	140.3391870179497	159.4041078997937	16.85636859958201	326.8367092365538	0	309.9803406369718	326.5047782764383	55.50734765838573	766.3265238239665	0	710.8191761655808	753.2014636734415	28.98534449920891	462.458312530894	0	433.4729680316851	441.2645603492263
16.48679094319585	21.67611592056587	23.36685319621305	0	1.690737275647184	23.06177934569046	94.04088451950676	95.33714157116957	0	1.296257051662802	93.2047935291511	9.575697995211433	17.50127212627492	0	7.925574131063481	17.05665147704558	10.41666192108405	24.34200720585841	0	13.92534528477436	23.97025380215222	8.308767656535206	11.24000136578039	0	2.93123370924518	10.72503193179346	32.09853756995791	33.5432807396364	0	1.444743169678495	28.67108095045877	372.0036796305282	378.1356989851447	0	6.132019354616524	362.5878567482172	228.6735602008826	231.118899690833	0	2.445339489950408	212.9947723612318	150.1413103089483	170.05515752677	0	19.91384721782175	166.2861177458698	17.6085096697507	37.797459418734	0	20.18894974898329	37.26309871493406	6.253775569493651	32.64554146526996	0	26.39176589577632	32.01727409703676	14.1663588229706	44.98235723772369	0	30.81599841475308	43.5923988695251	121.8633808800958	125.2182015428381	0	3.354820662742349	113.7821828803571	36.094357866796	40.21864577095025	0	4.124287904154249	33.54237082596588	14.65622112770038	125.5923735375324	0	110.936152409832	120.8812619098167	20.40594953337193	226.5701413128417	0	206.1641917794698	217.5399753231691	15.36577281954903	101.9108429771873	0	86.54507015763824	96.89099483630926	209.4924157963557	269.7233237790787	0	60.23090798272295	258.7022883014998	23.78107848864385	110.4957076837104	0	86.71462919506652	106.8734582743532	13.2636031364911	146.2839926891762	0	133.0203895526851	141.922156551799	41.8416159509103	50.86467730571241	0	9.023061354802113	50.02728963126793	47.79624826084968	69.65418621111458	0	21.8579379502649	69.65418621111458	28.09192723528382	97.72907867403534	0	69.63715143875152	97.72015394593402	95.16390335582439	98.12100243207256	0	2.957099076248164	95.85484706689472	314.3427678841248	323.5501667287725	0	9.207398844647727	306.3554953718154	45.21190001191629	50.57023047655448	0	5.358330464638187	48.99936958604196	209.4466648275556	223.4398715916318	0	13.99320676407623	214.1354908492264	34.6430198186455	395.121098428647	0	360.4780786100015	392.2325555737214	664.0126060074897	695.0293144292932	0	31.01670842180359	677.5983661121437	44.29088825006277	420.0408193666178	0	375.749931116555	415.081952714336	147.9198188600266	152.8147858644541	0	4.89496700442749	152.7549178795173	44.90457554453936	49.20041785359392	0	4.295842309054557	31.65004793376898	198.4996696116616	204.4376548745579	0	5.937985262896365	194.7784787633765	93.94533252410855	237.0647393004032	0	143.1194067762947	219.1229061772563	75.14955848414613	87.38050654189728	0	12.23094805775116	87.26421617260679	345.4516576315932	416.2455484933542	0	70.793890861761	410.1754049264039	22.16567567526537	152.0159458817293	0	129.8502702064639	149.2357392111697	16.32106835219962	313.9129176686608	0	297.5918493164612	313.5903057741542	53.55932784864199	737.0125785666889	0	683.453250718047	724.2343526072058	28.08144116102935	445.3166618220777	0	417.2352206610483	424.671502145142
16.50399092599584	57.6674767640651	59.55427727611578	0	1.886800512050677	58.78253220593466	136.862799707544	138.4254478459013	0	1.562648138357253	135.2827089002685	9.653085076165221	18.31574264911112	0	8.662657572945895	17.86951459369327	10.27244726664611	26.17376666908955	0	15.90131940244343	25.79440263808386	8.838991587777702	11.99240648962596	0	3.15341490184826	11.46943894078057	81.03972609014757	82.55878416489203	0	1.519058074744461	70.72167741613109	196.3015095706412	203.9374708530917	0	7.635961282450512	196.9263625684004	218.9051327348621	221.8481980608745	0	2.94306532601243	205.4442617168668	141.074753965076	160.7902885890016	0	19.7155346239256	157.2154009380885	19.40623210176003	38.34012703499505	0	18.93389493323502	37.7873431502325	6.388097417579662	31.25409484130912	0	24.86599742372946	30.64146200755854	14.19832271742832	44.35078685360957	0	30.15246413618124	42.97007069355222	99.5464893177502	104.0686785659443	0	4.522189248194133	95.71534496205669	43.64060564028479	50.39178670717184	0	6.751181066887051	44.32451183461185	14.02685459569344	131.0735535020434	0	117.04669890635	126.2485775601513	19.33928737623725	242.7058772006838	0	223.3665898244465	233.2551954785753	14.51970514858118	113.1563039281474	0	98.63659877956617	107.8039957259385	82.6763219824649	142.124481355499	0	59.44815937303409	136.2806035368371	15.7552177820982	103.4558366101583	0	87.70061882806014	100.0752367897095	12.20541242949061	148.706784124304	0	136.5013716948134	144.3059379227352	19.09086420701032	27.7845051183338	0	8.693640911323483	27.3168504331812	21.34935679235426	41.84969344395854	0	20.50033665160428	41.84969344395854	13.40295425852143	77.89286413769123	0	64.4899098791698	77.88559872989531	89.1708963696384	92.53497397301128	0	3.364077603372866	90.51425486569374	167.2372667082687	175.4600216737884	0	8.222754965519684	165.7194186792301	55.15333008092568	61.34999765090091	0	6.196667569975229	59.56246943888488	204.5307899229807	220.5399744626874	0	16.00918453970661	211.859709028042	47.90933260919079	389.4627344877161	0	341.5534018785253	386.5786076593043	746.3211650672565	774.3554707241184	0	28.03430565686197	754.3618944761406	115.5295464078083	400.7205010355903	0	285.1909546277819	395.5463985760242	138.0836135127822	143.0062199481334	0	4.922606435351208	142.9500793265712	175.688935271659	181.4054400446659	0	5.716504773006892	138.0471885548509	122.7994540216446	129.888817753021	0	7.08936373137645	124.2816372356703	94.68294643106543	247.8672520043509	0	153.1843055732855	229.6564021773612	35.07448056085474	44.67201862689693	0	9.597538066042191	44.60694956365901	359.3323319246715	423.9651389388011	0	64.63280701412967	417.6060119034052	22.59639766972973	142.9744879980954	0	120.3780903283657	140.3008808910026	16.39105717530936	290.7600358007379	0	274.3689786254285	290.4538115905865	53.28320228113364	685.2524859208714	0	631.9692836397378	673.0648842293529	28.08737950066725	414.9136855637178	0	386.8263060630506	395.214793872755
16.52119090879583	70.78565595996746	72.77577853420836	0	1.990122574240891	71.85090011670789	164.3661915283487	166.0756779975427	0	1.709486469193999	162.3424124988852	9.593020373853731	18.68043024725279	0	9.087409873399062	18.23663595734736	9.972925615454878	27.27531142827911	0	17.30238581282423	26.89306274969503	13.1260865714478	16.35200340438237	0	3.225916832934564	15.6613666596477	100.2659014851616	101.7548450642191	0	1.488943579057504	87.32246658622195	203.6660063946272	213.2652679447958	0	9.599261550168588	206.9848676251832	207.0870878425032	210.8436658023629	0	3.756577959859642	196.6999099871375	137.8020417506927	157.1877637869845	0	19.38572203629181	153.6737568337107	21.24308315853884	38.93186454242488	0	17.68878138388603	38.35858360779771	6.476368994741769	30.00205960277034	0	23.52569060802857	29.40367473401986	14.22627983128926	43.8258358240193	0	29.59955599273004	42.4525708706855	72.49404088259202	78.66168890985497	0	6.167648027262953	73.37067762715681	56.54840059391321	66.46144343523356	0	9.913042841320362	61.04674516031335	13.87641368936444	132.8993090720469	0	119.0228953826825	128.0369936102999	19.018931275823	249.0691960933257	0	230.0502648175027	239.4545256068133	16.26410501517042	121.4033032499476	0	105.1391982347772	115.7737879358823	19.7698833557996	83.06225492165268	0	63.29237156585307	79.70646388110379	11.93232127110056	102.3684374895009	0	90.43611621840039	99.05157141553758	11.87072118708469	148.9710286960115	0	137.1003075089268	144.5680631590489	6.886585262445931	16.26383362707166	0	9.377248364625723	15.99500657999918	7.016735127181347	28.01603172353947	0	20.99929659635812	28.01603172353947	6.170387646535762	69.77841719988291	0	63.60802955334714	69.77187852093398	78.35892900408484	82.24461234057243	0	3.885683336487596	80.56497400070215	60.90570945349649	68.97455535363189	0	8.068845900135383	65.07814292659721	57.00503136252068	64.12739279158785	0	7.122361429067174	62.36897514948249	190.3544792498938	208.5631261387362	0	18.20864688884241	200.7802316114344	49.55004595647129	355.6897788534698	0	306.1397328969985	352.9836191440385	762.0927274950399	788.8299575856862	0	26.73723009064628	768.152660918589	177.0581860262939	402.0877692337615	0	225.0295832074676	396.4598960951978	121.5884885958974	126.7346345206401	0	5.146145924742665	126.6855295305766	306.5066535782175	313.8814673760859	0	7.374813797868327	262.0541028059547	76.49582580840229	85.015403882673	0	8.519578074270704	81.66025304070246	95.06621006185227	259.9173880479767	0	164.8511779861244	241.4224508117809	8.473306396064677	17.15681940548462	0	8.683513009419944	17.13061695849562	347.7319952459104	406.4616225502725	0	58.7296273043621	400.1785728629114	23.00790026830648	135.2925862423837	0	112.2846859740772	132.7095717307834	16.85423974399751	263.4645602095171	0	246.6103204655195	263.1778324769577	54.12619179175508	623.52947135453	0	569.4032795627749	612.0478464003874	28.71822990584166	379.1712286461618	0	350.4529987403201	360.5890883806914
16.53839089159582	63.50886867811823	65.51385889921458	0	2.004990221096367	64.69318133205145	176.2339348474108	177.9884163842837	0	1.754481536872849	174.0454132271716	9.56089904552773	18.77427753113443	0	9.213378485606698	18.33262885511318	9.729320328678346	27.81314846785736	0	18.08382813917901	27.4302262941223	20.66597434031829	23.84970293466502	0	3.183728594346726	22.85392153291996	92.80078941326049	94.18949954250871	0	1.388710129248222	80.7683953229577	435.7600596352809	448.181444792862	0	12.42138515758113	436.7340449000966	193.8286800623095	198.8530115253102	0	5.024331463000697	187.1649453852294	142.7035852218423	161.8170076618251	0	19.11342243998278	158.1804683727781	23.40764886108707	40.02625081287776	0	16.61860195179069	39.42503276580344	6.480185223405682	28.77949103594026	0	22.29930581253458	28.19579629479558	14.1429320843106	43.15204697196871	0	29.0091148876581	41.79083428869802	40.84568603097825	49.19945335021549	0	8.353767319237246	46.50730280731329	63.46188766298678	77.04110940598676	0	13.57922174299998	72.82792845536135	14.14655250873627	132.6048198032995	0	118.4582672945632	127.747025246688	19.40715191077464	248.8694012864455	0	229.4622493756709	239.2577401077903	20.31327512602533	126.5793345779026	0	106.2660594518773	120.7318555613338	21.17110914175291	93.72103665193805	0	72.54992751018514	90.08951779432942	12.18041454491077	108.286733731896	0	96.10631918698526	104.8375704072949	11.92550172522261	149.2003680108344	0	137.2748662856118	144.7921201302635	7.617304633956569	18.68522120120964	0	11.06791656725307	18.39267277327312	7.633328967703211	31.03497714118037	0	23.40164817347716	31.03497714118037	6.638520112219688	74.54796695476993	0	67.90944684255025	74.54109984545407	62.72373951975943	67.27020423780168	0	4.546464718042256	65.99269898722108	30.91873257154063	39.26840352934855	0	8.349670957807914	37.05600224422692	51.21376039914545	59.34024253362444	0	8.126482134478985	57.80080204974131	167.8578677247859	188.392552152902	0	20.53468442811614	181.69415192139	37.41338681757728	308.2150160796128	0	270.8016292620355	305.7967261646592	693.6646134032251	719.9903715984761	0	26.32575819525109	701.011208791595	205.4292849612477	387.2306791712812	0	181.8013942100334	381.3924830690192	98.67473980644145	104.2038000406048	0	5.529060234163363	104.1644183080856	184.8960296390122	194.8758203005424	0	9.979790661530219	172.1942490035472	67.54584416235878	77.95866348155909	0	10.41281931920031	75.15227211482873	93.86873073114174	269.5757961327216	0	175.7070654015799	250.9407463971264	7.461430609747656	16.24501862870637	0	8.783588018958712	16.2200798282135	309.3999623552501	363.1324715293737	0	53.73250917412359	357.3551036597076	23.17190248678985	128.2635479889518	0	105.0916455021619	125.7657902736805	17.39024487670908	235.0831001335856	0	217.6928552568765	234.8170932377813	55.35210528570315	558.6651919224652	0	503.3130866367619	547.9380955224136	29.59031347604208	342.2740007588074	0	312.6836872827653	324.8627883617035
16.55559087439581	76.39486833363216	78.40221030945347	0	2.007341975821309	77.42594084054396	176.4580983715656	178.3011809315323	0	1.84308255996669	174.4050928297585	9.314300069214321	18.35704918113871	0	9.042749111924392	17.92392466448623	9.452078227413837	27.68668083430792	0	18.23460260689408	27.30743733877524	30.54859621685264	33.58316410028267	0	3.03456788343003	32.17142545315877	88.42671273340137	89.70055725854512	0	1.273844525143736	76.63995911760318	471.5143632503219	487.7693121426319	0	16.25494889230999	476.8900834973757	177.9119404708106	184.9209447769274	0	7.009004306116803	175.6154024185465	141.3676266264703	160.4084379866983	0	19.04081136022801	156.7965335444302	22.93644026351624	38.70634601671122	0	15.76990575319499	38.11509543782736	6.543173493674957	27.5555043884333	0	21.01233089475835	26.98625242416614	14.1181442532422	42.31786671935055	0	28.19972246610836	40.97073619466786	24.81533068929113	36.40155593462855	0	11.58622524533742	34.79814202116359	56.6852110575545	75.56205310752125	0	18.87684204996676	72.7072296060861	13.99512587158288	129.917641320289	0	115.9225154487061	125.1258180255139	19.07218337091564	242.5878963300904	0	223.5157129591747	233.1521890466471	19.42233172646991	122.3153051546266	0	102.8929734281567	116.6146675958185	20.48528405946836	108.538892452659	0	88.05360839319063	104.5774163857284	11.95996851276897	116.1858643941873	0	104.2258958814183	112.5694375022212	12.05474939693911	148.4955419050595	0	136.4407925081204	144.101562747792	7.654539705068051	21.65935290341894	0	14.00481319835089	21.3465867412306	7.497001116945612	35.332630382628	0	27.8356292656824	35.332630382628	6.478112920380195	83.39152444148561	0	76.91341152110542	83.3840947693129	54.5700548119988	59.94410406008557	0	5.374049248086767	58.88869996696194	19.27289713836635	28.33560158690525	0	9.062704448538904	26.7677147687116	46.81030951033078	56.1224657247119	0	9.312156214381117	54.74167948098965	162.2994513354192	185.4799206226693	0	23.18046928725004	179.179488908094	29.46170250212506	264.1939809264928	0	234.7322784243678	262.0445731839792	610.4745024865269	637.073967479838	0	26.59946499331093	620.299448398414	176.4476628468177	320.1798111829737	0	143.7321483361559	314.9293407333472	77.30402223670475	83.3691461912229	0	6.065123954518143	83.33866454904667	94.26757251002473	108.1755280414349	0	13.90795553141012	99.14605773540308	64.48424669359258	77.39966932709405	0	12.91542263350146	74.86608526933991	92.77164369009523	277.2682901898074	0	184.4966464997122	258.517751606943	7.187067224939003	16.85820802288683	0	9.671140797947832	16.8330632486681	305.7624101366783	355.4342781723129	0	49.67186803563457	349.6323763386994	23.2023306164468	120.9448805558286	0	97.74254993938176	118.5383406429395	17.65610657198887	202.7418652333998	0	185.0857586614109	202.500382727552	57.30828075063844	494.8857081892059	0	437.5774274385674	484.9110133596859	29.90021134153962	301.0226503935181	0	271.1224390519785	284.9726872182471
16.57279085719581	108.6100223183416	110.6481295777606	0	2.03810725941896	109.2759053693503	164.1938639743065	166.1913338112233	0	1.997469836916775	162.6271658236585	8.930785914860552	17.55901857556589	0	8.628232660705336	17.13866238260055	9.176863094355546	26.92931994230846	0	17.75245684795291	26.55778873296526	42.86026044021334	45.68865150773185	0	2.828391067518519	43.7270328873244	88.42949144545747	89.61887560780897	0	1.189384162351492	76.17311355956697	263.5259772365861	284.9526388791401	0	21.42666164255397	279.354706895918	157.0022892129264	167.074232596706	0	10.07194338377964	159.9313149444967	132.9874872117051	152.270617859584	0	19.28313064787893	148.8533317797631	19.79911378732523	34.84346868282125	0	15.04435489549602	34.30310285588256	6.604495485816744	25.96796343483302	0	19.36346794901628	25.41792882233724	14.0595378187977	40.95833689343375	0	26.89879907463605	39.63485890877684	29.80498401790706	46.33948920737032	0	16.53450518946325	44.69453476739677	56.93619683698441	84.24677805174545	0	27.31058121476104	81.96082989583309	13.54811856737793	124.6491731223567	0	111.1010545549787	119.9880835200877	18.20478917654312	230.4945184884529	0	212.2897293119098	221.4007498631662	14.63972749792649	110.5167336823671	0	95.87700618444065	105.2604668749949	19.85123522069158	128.55854965181	0	108.7073144311184	124.1584319485002	11.66227473620709	123.5479936313416	0	111.8857188951345	119.7796186005765	12.33348492250266	144.0964362781777	0	131.762951355675	139.7928630068775	7.702783316524435	25.98000985841823	0	18.27722654189379	25.63759593634289	7.41426623338107	41.33544880858086	0	33.92118257519979	41.33544880858086	6.325058077892107	93.85438075290024	0	87.52932267500813	93.8463030070837	55.50570930537054	61.91264734487737	0	6.406938039506829	60.90354184268326	20.10200473255368	30.30538308878639	0	10.2033783562327	28.68115384236321	43.90270241094139	54.90859248841333	0	11.00589007747194	53.63739462946779	175.573662720398	202.3844833928293	0	26.81082067243129	195.8559526019269	26.60704527701494	219.132935262748	0	192.525889985733	217.2565537180192	521.1765880432998	548.800432272226	0	27.62384422892615	534.4747112126702	84.83404280069381	195.0234885464826	0	110.1894457457888	191.4973758770052	59.24992325000768	66.01395055647629	0	6.764027306468616	65.9907470630246	192.2118652869138	212.6401528952065	0	20.42828760829272	199.5897470364197	64.88239833490614	81.08211535798669	0	16.19971702308055	78.67019847557883	91.74356650220038	282.8608226136957	0	191.1172561114953	264.0343578980378	7.610468348396756	18.77419259371894	0	11.16372424532219	18.74757775141869	344.1302476390375	390.0765177150903	0	45.9462700760528	383.5452637043655	22.91815567758572	111.4942926308673	0	88.57613695328162	109.2103794991555	18.01441384116765	167.4959321373745	0	149.4815182962068	167.2821580336738	56.90238069562204	422.9956716620316	0	366.0932909664096	413.924106978935	30.25720082944078	254.5543325647621	0	224.2971317353213	240.0870332116939
16.5899908399958	126.1023453317046	128.1757785565835	0	2.073433224878855	126.594579225817	178.448441161213	180.5684106911021	0	2.119969529889151	176.784136861271	19.08157483798875	27.25360393204297	0	8.172029094054222	26.58770169647947	9.674379441449316	26.66284586162905	0	16.98846642017973	26.28959150516166	56.66215948881936	59.32478962952214	0	2.662630140702781	56.70784888728738	86.66842060782034	87.81696278462353	0	1.148542176803186	74.25418278279624	137.600712679967	166.5586603539847	0	28.95794767401776	163.6674182969201	117.7523846620307	132.3797732658619	0	14.6273886038312	127.5253496420775	150.2749440906314	170.3000759023531	0	20.02513181172173	166.5224470622314	22.00535469062608	36.3798623937698	0	14.37450770314372	35.80737202014614	6.261980627992095	23.32893187104899	0	17.0669512430569	22.81530848622215	13.50103600034597	38.28679420049573	0	24.78575820014976	37.01704027917901	30.91754231624271	55.13422981713806	0	24.21668750089535	53.53692981245619	57.02016551881449	98.32925185201309	0	41.3090863331986	96.32618368215113	13.46173193083573	118.771919048461	0	105.3101871176252	114.2503349428369	18.15968574888773	217.3723527718126	0	199.2126670229248	208.6406754692213	13.89111976186826	101.7982903419727	0	87.90717058010446	96.83012211207878	18.63589325581398	149.215927949945	0	130.580034694131	144.3809611939155	11.28233552377023	127.8859306047104	0	116.6035950809402	124.031332774857	12.22600147784042	135.9191232934272	0	123.6931218155868	131.7885795640181	7.443716831067373	30.80568546938995	0	23.36196863832258	30.43172542387411	7.049329984975721	47.47755222748216	0	40.42822224250644	47.47755222748216	5.942990314420542	101.8088267634111	0	95.86583644899052	101.8002735715405	50.20332559846169	57.90605601816161	0	7.702730419699917	57.03293791313776	38.02987097823591	49.50253421044604	0	11.47266323221013	46.94552795419283	49.95567353988125	63.75056719763268	0	13.79489365775144	62.38749315952388	155.0287758585866	187.588156751412	0	32.5593808928254	181.9280889510559	27.03673266772334	178.288914829901	0	151.2521821621777	176.6607925688673	464.2954492188583	493.2844326934602	0	28.98898347460193	480.5719891413446	32.67848808666496	111.1673803417118	0	78.48889225504688	108.8869757687354	44.28748004517427	51.87421217684251	0	7.586732131668239	51.85672609724311	331.2502228744615	364.0235415577469	0	32.77331868328535	347.2544231390606	58.81671193602021	79.46575845453576	0	20.64904651851555	77.31990690665717	90.68640395859634	285.9564735437144	0	195.2700695851181	267.1103981846777	7.415321860903948	20.02174552583991	0	12.60642366493597	19.99468924376477	363.5371091707736	405.6249910895676	0	42.08788191879398	398.6377642311273	21.85797039643947	98.06674540392177	0	76.2087750074823	95.96624925440115	17.79280899608919	131.0513694694112	0	113.258560473322	130.8679252592523	54.93503807297164	341.7549556924499	0	286.8199176194782	333.7591258567629	29.68689728436348	204.5828429166448	0	174.8959456322813	191.9094850185524
16.60719082279579	129.4357690833195	131.5612751464006	0	2.125506063081107	129.9488274029091	222.3862249187925	224.6252270357184	0	2.239002116925861	220.0244891959713	38.38777904070778	46.12174365584555	0	7.733964615137776	44.97048723843461	10.66714727159087	26.75328287750696	0	16.08613560591609	26.37188472859825	71.94259277782058	74.47210489780809	0	2.529512119987515	71.09966111112368	82.97053125999437	84.12959993641154	0	1.15906867641717	70.86382035714225	139.3364136463001	178.8824950462719	0	39.54608139997175	176.1309996682496	60.56892729235795	81.60195059406931	0	21.03302330171137	78.98985830750772	192.4993455697511	213.5982006089997	0	21.09885503924858	208.9423712884439	28.96979321568098	42.55591015420508	0	13.5861169385241	41.87429346605664	5.724224920420948	20.06306037804571	0	14.33883545762475	19.59644951801433	12.76228798950761	34.85589462039982	0	22.09360663089221	33.65507486999322	29.50470907020995	65.90937788802171	0	36.40466881781175	64.32602860109604	59.69240213739766	124.4898832558202	0	64.79748111842257	122.506114385481	13.39902746883925	113.0936895230085	0	99.69466205416926	108.7077047991087	18.39819678102331	205.2571266021044	0	186.8589298210811	196.8600244113005	16.11972153090531	96.79091453996283	0	80.67119300905752	91.94299953568152	17.29265728467113	164.9343681319281	0	147.641710847257	159.7800667023488	10.89738334417758	128.3443103108231	0	117.4469269666455	124.4850757650045	11.6887298938938	126.4151667536017	0	114.7264368597079	122.4917266049512	7.043022464144718	35.02209828322356	0	27.97907581907884	34.62125553933493	6.597292057440804	52.21640779816326	0	45.61911574072246	52.21640779816326	5.505529895442347	105.1403987008401	0	99.63486880539779	105.1316566039982	37.32672286606466	46.57404538419171	0	9.247322518127051	45.92272334950868	72.6932986368334	85.46081596138595	0	12.76751732455254	81.19295400940683	64.32138891264225	82.70948258385597	0	18.38809367121373	81.10903095435175	92.13926158124823	133.8245936060719	0	41.68533202482364	130.1118276863409	30.66649717194512	150.8218907023145	0	120.1553935303694	149.3538982895267	454.3051159608613	484.8794881215011	0	30.57437216063989	472.5575917975353	24.71908350939188	76.91859924444418	0	52.1995157350523	75.06845607925277	32.80421533168801	41.30150136542779	0	8.497286033739787	41.28813542178687	508.9730359435169	564.4272181698246	0	55.45418222630779	544.4180764690428	45.55412264306622	72.01380899994436	0	26.45968635687813	70.24550714324401	91.63261365868686	292.3846588518649	0	200.752045193178	273.3144822717449	6.946851239737455	20.28345631823742	0	13.33660507849996	20.25671921418143	356.1481062891978	393.6536161947211	0	37.50550990552338	386.6177250755924	20.74871704987935	82.87583020410742	0	62.12711315422806	80.98649773652997	17.6612554907548	99.41323061913171	0	81.75197512837691	99.25736058808465	53.62081040158886	266.6249328419769	0	213.0041224403881	259.6556411391177	29.34405295249355	159.7533660031199	0	130.4093130506264	148.746283400955
16.62439080559578	117.3131427952232	119.5549359800282	0	2.241793184805033	118.1047781641371	229.3261140165532	231.7447664354622	0	2.418652418909021	227.109095520229	37.22109455660382	44.53553759448958	0	7.314443037885763	43.39945060846155	10.38247512954893	25.37060218750394	0	14.98812705795502	25.00034026268172	62.9041864582491	65.34120711057035	0	2.437020652321245	62.31380109317749	75.09490803793888	76.33984030780677	0	1.244932269867892	64.24734868499155	168.4334068127554	221.4516806915711	0	53.0182738788157	218.3933588231709	39.03687054623011	68.2418748307568	0	29.20500428452669	66.29153685323776	208.2002824266166	230.5137800247468	0	22.3134975981302	225.583986611836	32.55825920581594	45.27788941695042	0	12.71963021113448	44.53695438590051	5.700151146423875	17.4431399384562	0	11.74298879203232	17.0097812910466	12.61507329028621	31.97105877141626	0	19.35598548113004	30.81763935216373	29.46878285246913	84.17740591287283	0	54.7086230604037	82.46652813995941	59.4815871948352	160.0417688747696	0	100.5601816799344	157.9608208692874	13.55276909829586	107.6412381167088	0	94.08846901841291	103.3839007420967	18.5484166804376	193.1304709381987	0	174.5820542577611	185.0740568650311	16.04207267599587	90.12676347835274	0	74.08469080235687	85.49389392423674	15.90935188365208	169.2464721114924	0	153.3371202278403	164.0194656452394	10.6370341420009	124.5284861758268	0	113.8914520338259	120.7535009213181	12.18484196326074	118.357993074161	0	106.1731511109002	114.6031495629421	6.419216181376347	36.79609399672774	0	30.37687781535139	36.38637238346169	6.120761528731196	53.82843067594237	0	47.70766914721118	53.82843067594238	5.313349061778364	103.0262783352746	0	97.71292927349623	103.0176722688465	29.48810089994316	40.40289064044329	0	10.91478974050014	39.87432732093709	69.9841585797104	84.05169394847682	0	14.06753536876643	79.97646589651876	53.5994059898393	78.8110015774365	0	25.21159558759719	77.44144051274421	67.58338378178253	122.2291527731843	0	54.64576899140173	119.1327504052915	31.13670761566695	132.1341721615642	0	100.9974645458972	130.7820127201539	450.3344829873583	482.9598642679027	0	32.62538128054448	470.8886364542217	19.69589128033533	52.09752016506397	0	32.40162888472864	50.58201057677758	22.52913725627753	31.99257658560426	0	9.46343932932673	31.98261064299368	695.7813891275279	789.4816495432088	0	93.70026041568102	767.0001508751706	44.05863746197896	77.31896083253265	0	33.26032337055369	75.5742314281031	91.95510609998854	300.4516156726899	0	208.4965095727014	281.1517446056957	6.446124400534774	19.44426735232924	0	12.99814295179447	19.41853059921448	377.1884584602369	409.9681832064703	0	32.77972474623338	402.3002505610998	20.76344392006089	70.15595491448826	0	49.39251099442737	68.43447996345382	17.130741486853	73.51717419275229	0	56.38643270589929	73.3854247364234	51.18742964162727	201.0747283028057	0	149.8872986611784	195.0604705483673	28.43600334688199	121.6035447552904	0	93.16754140840838	112.0985760962462
16.64159078839577	88.18665460605371	90.70352398708216	0	2.516869381028449	89.6284528303399	195.5558637696093	198.3448192714834	0	2.788955501874153	194.5087499485349	17.56932424854105	24.50167049782419	0	6.932346249283131	23.86299422621404	9.081323018061584	22.80254197481167	0	13.72121895675009	22.45969840909617	28.13532760307132	30.55292614315636	0	2.417598540085034	29.11533109815934	62.2121918107825	63.6412344930351	0	1.429042682252595	53.77465910561901	213.4281095518125	280.6389068302232	0	67.21079727841069	277.0720284987154	51.59035759740263	89.876584917797	0	38.28622732039437	87.52374157493806	193.1308853289183	216.5261308412691	0	23.39524551235084	211.971746613887	32.98513774805546	44.93377374363823	0	11.94863599558277	44.18295087399096	6.167698485399674	15.98356552406854	0	9.815867038668864	15.56041274614148	13.10402613526273	30.2997203885689	0	17.19569425330617	29.15673545676809	30.4499940959494	110.0608043433678	0	79.61081024741839	108.1141294484118	58.32159433197462	184.6920342455633	0	126.3704399135887	182.5092046258905	13.94406093097214	101.9742604384299	0	88.03019950745771	97.84833883226582	18.70029011173302	179.9061470680295	0	161.2058569562965	172.2266979802917	14.05891593337894	81.92379462381136	0	67.86487869043242	77.59716186812152	14.65006350730467	159.1220629955337	0	144.471999488229	154.1307314964388	10.45710054018275	115.9712746340046	0	105.5141740938218	112.3818150402393	13.47873408581389	111.0287079296393	0	97.54997384382541	107.4203979582691	5.72837262039088	35.27102928139361	0	29.54265666100273	34.87595491029511	5.672177793200281	51.37858618692216	0	45.70640839372187	51.37858618692216	5.28466447989956	94.51320058912357	0	89.22853610922401	94.50512144776059	27.37356300251056	39.94060828832315	0	12.56704528581259	39.44596916028963	32.69537419729189	48.16522024244835	0	15.46984604515646	45.89374385097558	20.63036813176595	54.14692641689867	0	33.51655828513272	53.28945155600225	82.54565789630063	152.2216469035057	0	69.67598900720503	148.6581874381677	26.53979576903717	116.0653901567001	0	89.52559438766295	114.8345192972599	446.5775929452779	482.1001408940111	0	35.52254794873322	470.3071308773958	20.2271965563649	40.13361204599649	0	19.90641548963159	38.69471120253195	13.33813998255531	23.76179230287205	0	10.42365232031674	23.75463635707101	850.0800389617036	995.3833176034611	0	145.3032786417575	971.2265190673622	52.68317692472114	92.54683724243732	0	39.86366031771617	90.58930998445958	92.18150250172192	309.7791914906384	0	217.5976889889165	290.2218094014653	6.046183902528537	17.84375055758245	0	11.79756665505391	17.81942003813684	428.7560602175616	457.6511600450947	0	28.89509982753308	448.6995149325285	21.89386489102736	62.29988251213073	0	40.40601762110337	60.66168777245644	17.12253798997979	55.1922797834739	0	38.06974179349411	55.07741404458734	50.75286601617795	153.2796057900196	0	102.5267397738417	147.9279383042719	28.49704293700096	93.7105317558332	0	65.21348881883225	85.26595362387448
16.65879077119577	57.73042673738839	60.73394015923817	0	3.003513421849784	60.04540632773206	139.9876776270051	143.3827936898295	0	3.395116062824452	140.7545195338714	8.606075164893495	15.27915768155822	0	6.673082516664726	14.87358710985284	8.675381878293553	21.19023317889288	0	12.51485130059932	20.86091878698543	9.772668631530674	12.28998676626344	0	2.517318134732764	11.71122586945678	44.69928047629957	46.40144964399218	0	1.702169167692608	39.58954822206674	271.2153270236149	350.0819303164196	0	78.86660329280467	345.866712934557	88.67309904957997	135.4448358783174	0	46.7717368287374	132.1127423852387	176.5777541684431	200.482340430861	0	23.90458626241792	196.3013072154268	30.15339084770492	41.49609539862783	0	11.34270455092291	40.79022672067115	6.518097719587472	15.31620471269879	0	8.798106993111318	14.89217579375425	13.61034801167098	29.67348645627403	0	16.06313844460305	28.51932023726486	85.33565471858991	184.7092344991574	0	99.37357978056754	181.6853146671365	55.04749764380081	201.9103489498816	0	146.8628513060808	199.666021952637	14.47113868542872	96.43717692538974	0	81.96603823996101	92.43671546353636	19.19037743211236	166.7888460243266	0	147.5984685922142	159.4820493361663	13.54908746462885	76.09339765297698	0	62.54431018834813	71.96909179088945	15.12730623996375	137.9970128125998	0	122.8697065726361	133.4698965704794	10.87206247562501	103.6380105519457	0	92.76594807632068	100.313274527517	19.47836733844971	107.7595426060819	0	88.28117526763222	104.155329096858	6.552334550085501	32.23205990796617	0	25.67972535788067	31.85634283297618	6.998814557632861	46.87337377646491	0	39.87455921883205	46.87337377646491	7.450260291010594	82.20088127096	0	74.7506209799494	82.19352365431367	27.65079391024361	41.71696741304917	0	14.06617350280557	41.22201378526827	76.52886266142617	93.44933332817288	0	16.9204706667467	89.15667601259923	13.87089894212175	54.73788855529601	0	40.86698961317425	53.92378796735916	95.67735746715718	178.1852215053096	0	82.50786403815243	174.2322408464383	93.3952607334336	175.1958274247179	0	81.80056669128425	173.2870515873227	458.5203532600062	497.8731280982402	0	39.35277483823396	486.0117727412967	21.30778208045167	34.75899279155704	0	13.45121071110537	33.24087255843335	30.71072984519856	41.9857198617756	0	11.27499001657705	41.97341793316281	1022.249627481483	1219.247935989373	0	196.9983085078901	1192.513530597995	75.86864098421221	121.0319800580312	0	45.16333907381896	118.5808463560905	92.04351168789097	319.7426042590357	0	227.6990925711448	299.9241229468046	7.688977011899152	17.84602631777015	0	10.157049305871	17.8204587406706	499.4646511798251	525.7341686614755	0	26.2695174816504	515.0702286428966	23.57195784084452	59.42251854925608	0	35.85056070841156	57.78419699830624	17.80841073802274	44.46247751312691	0	26.65406677510416	44.3551368250959	53.58543400512622	127.1004883032133	0	73.51505429808705	121.9342864081021	29.82200324385765	77.10991346132236	0	47.28791021746472	69.10697614359891
16.67599075399576	25.93368519085318	29.54779987479681	0	3.61411468394363	29.23220601760579	57.93283807960162	62.04021640476653	0	4.107378325164916	60.97729122173592	8.996685603816021	15.57752726095136	0	6.580841657135338	15.15985628445367	9.009348313207269	20.66479093889496	0	11.65544262568769	20.33449964405124	8.864130038838848	11.55363515901023	0	2.68950512017138	11.01812638768974	20.50235576645476	22.46900706086905	0	1.966651294414294	19.40962938787131	341.2026821575279	426.8018861337989	0	85.59920397627089	421.8034215901208	144.0562071773947	196.9650451930885	0	52.90883801569387	192.2977576569495	164.8199932639202	188.6146008143793	0	23.79460755045917	184.6790877120856	23.88183756922281	34.85766098281662	0	10.9758234135938	34.25752921693741	6.522212621059897	15.06087395680653	0	8.538661335746637	14.63642706263989	13.78832204936793	29.64176935029652	0	15.85344730092859	28.47629187080675	174.3700811066729	288.2237625236323	0	113.8536814169594	283.7220590114985	50.02545060304631	208.1422579253301	0	158.1168073222838	205.9017526221096	15.14715181226706	92.25084412003123	0	77.10369230776418	88.3388710483097	20.0542953677187	156.6827568697078	0	136.6284615019891	149.6566322381924	14.24009737526706	73.29427902610375	0	59.05418165083668	69.24540091211624	17.67867768315863	115.7382218987818	0	98.05954421562316	111.686599007718	12.07919898647351	91.08688177956267	0	79.00768279308916	88.02737866981286	30.23317193232894	109.4792491948462	0	79.24607726251729	105.6995869103207	8.849411550167051	29.66832177266216	0	20.81891022249511	29.29998813386507	10.09153750621773	42.87150299411778	0	32.77996548790006	42.87150299411778	11.97541332798608	71.0877590318137	0	59.11234570382764	71.08098266819015	30.1034776452551	45.34536818630207	0	15.24189054104697	44.82339850820412	190.0576051895566	208.2241386141133	0	18.16653342455671	198.86215207646	26.86829266225688	71.49734424615417	0	44.62905158389729	70.46345775789034	109.4853199492674	198.4823615698414	0	88.997041620574	194.1854131424631	226.25786301817	301.9288257676027	0	75.67096274943275	298.5617470843301	484.7603864240666	528.212517556847	0	43.45213113278047	515.951867105966	23.98456492428095	35.56409162039641	0	11.57952669611546	33.77005829049469	69.9843012658998	81.87528583903097	0	11.89098457313116	81.85174194940394	1213.71640469802	1444.343346827171	0	230.6269421291506	1414.240694020038	110.8054041006592	159.0878167422042	0	48.28241264154497	155.9402842401544	90.47050796217943	326.4287491704791	0	235.9582412082997	306.5028502355013	11.34410918296143	20.0265777510862	0	8.682468568124772	19.99622287321536	590.5404538704963	615.567770899472	0	25.02731702897567	602.8088613439147	24.87768646875047	59.60346183149993	0	34.72577536274946	57.93004005425173	20.0476449570931	41.36853455591014	0	21.32088959881703	41.25636451671963	61.02478885880803	121.9284574424969	0	60.90366858368891	116.3804952656068	33.51663312285448	72.26238358800234	0	38.74575046514786	63.89989473920315
16.69319073679575	9.972884328453665	14.2918321441376	0	4.318947815683933	14.14855408684739	14.6906049695138	19.62411147542411	0	4.933506505910305	19.31097177501658	8.777510750237973	15.34439985164711	0	6.566889101409138	14.93182946391035	9.068662300992948	20.17224975311363	0	11.10358745212069	19.84344354225393	8.02373365842813	10.87333213767584	0	2.849598479247711	10.38214865826357	8.101723154687834	10.2842613499135	0	2.182538195225669	8.987587222513866	354.7222515622336	439.6621195590156	0	84.93986799678204	434.5131549311629	153.6366382890703	209.0586895128685	0	55.42205122379822	204.1760850425911	122.903973434554	145.9363315178214	0	23.03235808326735	142.8626322441406	28.7355060936395	39.45800491109575	0	10.72249881745625	38.77329874454215	10.27327227762223	19.09768185835808	0	8.824409580735852	18.5630639359927	21.5130036885469	37.8997905615388	0	16.3867868729919	36.42084651826502	167.1305127828292	289.3302923607246	0	122.1997795778954	284.9215164341875	46.09329738176426	209.7146138517255	0	163.6213164699612	207.4925370118522	15.17465529040828	88.41806201645339	0	73.24340672604511	84.59860571446954	20.35535632030595	148.6458271276449	0	128.290470807339	141.8511168760177	14.37605746185401	71.29858432978362	0	56.92252686792961	67.31192010625824	18.22386553224678	96.286234186608	0	78.06236865436122	92.67557219117775	18.43389699227761	85.37984704399103	0	66.94595005171342	82.36838812829582	35.94491102036626	106.6132053820894	0	70.66829436172313	102.8046923372559	8.77487857170987	25.68710854786417	0	16.9122299761543	25.34631528422178	12.94737722363148	39.76412287558222	0	26.81674565195074	39.76412287558222	15.26605555985959	61.29502451830698	0	46.02896895844739	61.28876029248099	29.7548524604954	45.69444968634188	0	15.93959722584648	45.17744914623037	251.4683812059243	270.7753180827153	0	19.30693687679095	258.8093306027245	23.63640965432058	68.07771983808479	0	44.44131018376422	67.09332083040425	205.59953629022	294.4758086855479	0	88.87627239532782	288.1053942392708	229.0268816299586	297.2006623148396	0	68.17378068488107	293.7828890670346	460.0835435655531	507.4763860924036	0	47.39284252685047	495.9596419778048	28.75252086874704	41.93928591371077	0	13.18676504496373	39.73018785252817	75.75505937144281	88.01057876283734	0	12.25551939139453	87.98553942456947	1221.584835239707	1452.616401308796	0	231.0315660690891	1422.432227739317	129.7729576677313	178.279518881333	0	48.50656121360169	174.7627305771317	91.17711650655262	335.6630270356013	0	244.4859105290487	315.448895574083	11.38246021854581	19.29584601521961	0	7.913385796673795	19.26536946643646	665.4144323080423	689.8918563824536	0	24.47742407441127	675.4562193386458	42.90339836695577	78.93411172050294	0	36.03071335354718	76.73519547236008	23.41653568529238	43.9160947986214	0	20.49955911332901	43.79067613686418	70.24879634673088	129.6019770174888	0	59.35318067075792	123.416043294784	38.51291142509722	75.73655761566438	0	37.22364619056716	66.54322702689272
16.71039071959574	10.25996794473054	15.21434474434342	0	4.954376799612883	15.0698248746042	15.07872405638688	20.71495942836355	0	5.636235371976669	20.40391714704066	8.707727291496147	15.31466031088977	0	6.606933019393624	14.90329915929859	8.991328512807108	19.79015204734601	0	10.7988235345389	19.46353038087123	8.051744680891014	11.02995296427439	0	2.978208283383378	10.54436989400613	8.633615835729994	10.95719738268044	0	2.323581546950448	9.660921032461415	331.268569565001	408.8790826966009	0	77.61051313159996	403.964953155307	125.3091308965889	179.5259510288159	0	54.21682013222703	175.3108251581734	48.2500789088061	69.53406791653622	0	21.28398900773012	68.03422305718597	44.29140232171608	54.6889445915323	0	10.39754226981622	53.73052546144731	18.2402229367302	28.02844433655222	0	9.788221399822016	27.26847887277474	37.43508678578784	55.36625870884112	0	17.93117192305328	53.26576594632365	92.15923431848626	218.3774020379029	0	126.2181677194167	215.0885593134641	43.12061345630018	212.9915479684072	0	169.8709345121071	210.7694603968452	14.89039489038968	85.36216681583414	0	70.47177192544446	81.62105440253583	20.49516257283828	143.0035191972942	0	122.5083566244559	136.371516715922	14.38622397327466	70.1478932188204	0	55.76166924554574	66.19729187675017	15.98716057199426	80.45506867442414	0	64.46790810242987	77.25021348335815	30.51605820206029	88.6111223019626	0	58.09506409990231	85.34675223279991	38.27986634024425	102.1971891697546	0	63.91732282951035	98.43102649994665	5.876907588194957	20.12228491064615	0	14.24537732245119	19.83955675616234	15.51450032248203	38.17201517514523	0	22.65751485266321	38.17201517514523	17.59667713681708	54.69115852374027	0	37.09448138692319	54.68520671011515	27.08011725859667	43.15350257099901	0	16.07338531240234	42.66735898127175	266.4076050518451	286.5485764499462	0	20.14097139810111	274.0481685232884	8.352336181619622	48.95930715801227	0	40.60697097639265	48.23367424397344	360.5381152636277	443.2776503454227	0	82.73953508179493	433.4984444703614	113.3645928908159	175.0533431078364	0	61.68875021702047	172.975951166928	376.0960512331214	426.7183856831182	0	50.62233444999688	417.2012004582561	33.27512771040886	50.20241593507421	0	16.92728822466535	47.72642096832715	49.45115211716889	61.84554415995764	0	12.39439204278875	61.82802595895336	1128.537804848276	1329.767489422655	0	201.22968457438	1301.031789973364	138.2212634771456	184.2864604282483	0	46.06519695110273	180.5942734364446	93.26335769889045	352.3682074935756	0	259.1048497946852	331.5972959410456	6.911064221711841	14.66737866464957	0	7.756314442937732	14.64386461845163	731.6331598585087	755.7713216746268	0	24.13816181611811	739.8680449258403	80.00911393184226	120.4440630351976	0	40.43494910335532	117.2042776796497	26.70529862999098	49.5193197896889	0	22.81402115969792	49.38062434002065	78.95455058795855	144.253817087767	0	65.2992664998085	137.4895056296783	43.28831263260651	83.94780523236315	0	40.65949259975663	73.93791234883797
16.72759070239574	10.0216420710697	15.5570914064286	0	5.535449335358908	15.41502534973718	14.51149407814827	20.76262100428622	0	6.251126926137951	20.46400188338052	9.625679331055185	16.36769801259015	0	6.74201868153497	15.93047706806754	23.14542177486301	33.90029529455808	0	10.75487351969507	33.33848962577603	8.310219475292675	11.453345364428	0	3.143125889135327	10.96130027151287	8.411034709780775	10.89545991469046	0	2.484425204909682	9.667692105441512	277.660114442007	344.7961584940569	0	67.13604405204987	340.4654898016399	85.60528194973489	135.5375276457585	0	49.93224569602364	132.2818612612126	70.89628078699242	89.11533958558739	0	18.21905879859498	87.09867135132123	49.90019280338337	59.56188459638683	0	9.661691793003458	58.49475982661848	17.37026840330834	28.9204013777703	0	11.55013297446196	28.17975097216216	35.82650323588165	56.58787954992028	0	20.76137631403864	54.54807173494409	46.99229537276287	178.7871304631608	0	131.794835090398	176.1300636508325	42.78056488444586	227.4731814977596	0	184.6926166133137	225.1662457361352	25.58536468028297	94.76030817330964	0	69.17494349302667	90.57642326827114	112.314430344833	232.3419691798685	0	120.0275388350355	221.4933402818925	28.54006634613782	84.56844555899974	0	56.02837921286192	79.80886498960034	146.7043630427903	201.4412520862955	0	54.7368890435052	192.9869796068068	62.53168588353675	114.5288983263524	0	51.99721244281569	110.161430505328	47.76270695925669	107.4014412745381	0	59.63873431528139	103.355479533257	21.99520025349897	34.14677490510819	0	12.15157465160922	33.64118617123216	22.51971569949508	42.09510606270324	0	19.57539036320817	42.09510606270324	19.58466146369311	50.77993438898059	0	31.19527292528749	50.7741161014015	20.29222257932407	35.97214716222502	0	15.67992458290095	35.56379281088663	211.9956533782101	232.3585401187814	0	20.36288674057125	222.2706099586442	14.58340938689854	49.17303557858208	0	34.58962619168354	48.4094814199691	357.9247341535254	430.9408433490258	0	73.01610919550033	421.0797576758754	55.92074191344716	114.3611620105046	0	58.44042009705742	112.9792357442815	255.5576868977422	308.2226199878288	0	52.66493309008653	301.4203130907829	37.10465256710899	59.43342639345531	0	22.32877382634633	56.89047540561142	26.72841297268528	39.01537743017783	0	12.28696445749254	39.00430269145811	929.7708765878856	1087.4298401734	0	157.6589635855148	1062.159545451547	113.6071114293872	155.5497356021895	0	41.9426241728023	152.339026308953	98.14870540518967	391.1804371551864	0	293.0317317499967	369.119069901472	15.91255038565436	23.73629542601012	0	7.823745040355769	23.69831049864136	754.5439730127382	777.3497770900276	0	22.80580407728932	760.7372817122482	76.06305607563328	124.9029240132132	0	48.83986793757987	121.7494220907748	31.81062937487219	59.47008831673181	0	27.65945894185962	59.31592420921528	101.5435211536575	179.3033259606921	0	77.7598048070346	171.486521146859	52.16388982997073	100.4042222719125	0	48.24033244194182	89.26143528862976
16.74479068519573	10.26180094743676	16.3503793033034	0	6.088578355866642	16.20569278196139	14.62863030704871	21.40526049837631	0	6.776630191327592	21.10689750356577	11.48600264326937	18.48620120410532	0	7.000198560835954	17.99841530956943	50.87060365298935	61.84952966316298	0	10.97892601017363	60.82974713692342	8.853718416613079	12.21425460515722	0	3.360536188544143	11.70413006282453	8.268018507875354	10.94003355806878	0	2.67201505019343	9.759481037569344	187.0424094768794	244.0077863662579	0	56.96537688937853	240.7794170973702	34.43421211570586	78.34760799848759	0	43.91339588278174	76.39548808921435	171.473136826607	186.0026662672851	0	14.52952944067813	181.4739264018557	48.37780922241178	56.83960774570026	0	8.461798523288481	55.77738092378349	7.448858379338533	21.37173452246434	0	13.92287614312581	20.85966791946797	15.88548114874531	40.53615780765286	0	24.65067665890755	39.16409324234361	20.2709498784603	163.0936720315724	0	142.8227221531121	160.7275727225026	42.30434651973808	253.4453830817938	0	211.1410365620557	250.9865617741784	46.73897624127198	115.9704148908861	0	69.23143864961409	110.8482060423055	289.3939148906743	410.0888398833752	0	120.6949249927009	390.9633467858336	56.26950543029916	114.3912094893218	0	58.1217040590226	108.0228484196839	387.9646800310954	434.0633514031995	0	46.09867137210413	414.8138191960946	113.5436316971456	160.5955169135115	0	47.05188521636596	154.2763234839567	63.9228634018916	120.8549596764	0	56.9320962745084	116.2335065640252	53.07159167423244	63.16127283259181	0	10.08968115835936	62.16748817496332	33.44317309632225	50.15126008713693	0	16.70808699081468	50.15126008713693	21.24537032422412	47.6397176687739	0	26.39434734454977	47.63397746162174	9.394232676393948	24.36325356894161	0	14.96902089254766	24.08232481585214	84.65611743556855	104.5276663501454	0	19.87154891457683	99.96867968983184	39.09529388752505	68.01873814231983	0	28.92344425479479	66.90394829630023	168.1144117569588	231.9797599670496	0	63.86534821009074	226.4514355873817	79.58922898294037	137.4042691642316	0	57.81504018129127	135.7362528221835	100.604080288559	154.1523902512596	0	53.54830996270059	150.7663284174324	40.42940986428965	69.78046178534551	0	29.35105192105585	67.25462215535393	10.86073168259833	22.79950660263569	0	11.93877492003737	22.79297856043108	576.4840064307712	692.8628406251954	0	116.3788341944242	675.1665505044043	50.30889577976126	87.67092964549184	0	37.36203386573058	85.79133756561086	99.39746322655367	455.1752153377393	0	355.7777521111856	431.2866987188045	36.34364556055198	44.09587298695508	0	7.752227426403104	44.02526476793303	761.784771230185	781.9137448289168	0	20.12897359873181	764.5379845987106	29.22491766750977	90.05400016317736	0	60.82908249566758	87.94564058209059	38.83570860927713	73.58406690407124	0	34.7483582947941	73.41241938557646	138.8156278646029	235.1196848271402	0	96.3040569625373	225.8880567224565	65.16283355851402	124.6271722150549	0	59.46433865654083	112.1071044586234
16.76199066799572	9.842712835037551	16.14597459823469	0	6.303261763197139	16.0055930425658	13.89907289640358	20.67486494785024	0	6.775792051446651	20.39030719062692	11.49076854745102	18.82963741830378	0	7.338868870852752	18.34165957020486	50.11852668336481	61.57718317252137	0	11.45865648915655	60.57606491308852	8.806489201636515	12.33728583429015	0	3.530796632653638	11.83641775001277	7.990555074331242	10.73541133043345	0	2.744856256102204	9.614507660341729	108.2375931252585	156.7575504516405	0	48.51995732638193	154.572209344391	8.391538322837405	45.5598537207574	0	37.16831539791999	44.36824092934972	167.0510710262438	177.9180832283294	0	10.86701220208567	173.152486593218	37.63068138845757	44.83206214702382	0	7.201380758566251	43.9471382612077	32.39761738212545	49.86486251280248	0	17.46724513067702	48.75738179492876	109.9180071537197	140.1823114220182	0	30.26430426829847	135.7654092761522	19.9214292534635	173.9519446334979	0	154.0305153800344	171.4850679207436	40.64663166259897	283.1163855212909	0	242.4697538586919	280.492691887431	160.0791187137222	231.1103017203754	0	71.03118300665311	220.9885381775381	300.3730633662097	425.7298642447906	0	125.3568008785808	406.0919283079282	55.64522113536903	117.9583956443982	0	62.31317450902921	111.5318352057635	588.7669409595545	627.897932965249	0	39.13099200569449	598.4563457199794	213.3727773457958	257.0664679344478	0	43.69369058865203	246.6991060439961	169.6475609537171	226.1084883420095	0	56.46092738829243	217.4290803962741	70.15317777159764	78.42429779051966	0	8.271120018922026	77.10226234408113	54.95533070554356	69.27337993862014	0	14.31804923307657	69.27337993862014	40.82105836087888	63.87446523831342	0	23.05340687743454	63.86642790223957	4.143449093407378	18.12832422204485	0	13.98487512863747	17.914415521751	18.1189777244924	36.67016581303471	0	18.55118808854231	35.04488466327226	34.81241483445856	56.98206016813903	0	22.16964533368047	55.97253586086489	34.33419191162822	86.59948652574003	0	52.26529461411182	84.41146014684369	92.62889934686724	154.1451098234267	0	61.51621047655945	152.3057964322206	23.75230991404291	76.53331726297803	0	52.78100734893513	74.84772095343321	99.72261213572207	138.1401124783953	0	38.41750034267318	133.8775964378243	3.933797663929997	15.29933385825462	0	11.36553619432463	15.29488549713616	275.4977817599286	359.3304766025464	0	83.83269484261777	349.1227551787884	13.59525810041879	46.61145484912903	0	33.01619674871024	45.56984612511997	431.1590637195919	879.7481352283021	0	448.5890715087102	837.3437211004186	60.72364955702061	68.24629646683938	0	7.522646909818762	68.13594049084297	663.5332506242793	681.1381390914415	0	17.6048884671623	665.2292419465592	385.7828975893338	465.4219280258435	0	79.63903043650969	455.4334386841809	162.6368855490324	207.0040419239726	0	44.36715637494023	206.5724292807269	740.3517174459615	861.9457636063153	0	121.5940461603538	831.7935942102267	215.7262011954791	290.2635254877849	0	74.53732429230575	264.0607087332678
16.77919065079571	9.440462477716274	15.88382982226877	0	6.443367344552494	15.74670490030094	13.432082867327	20.16977013984365	0	6.737687272516653	19.89200633886355	9.806748421860673	17.51226351844511	0	7.705515096584434	17.06734427362668	21.00946703102916	33.06894261118006	0	12.05947558015089	32.54127722902906	8.390035184702208	12.10563807269281	0	3.715602887990597	11.62651028137646	7.882358438029557	10.72680081321974	0	2.844442375190179	9.631976943505935	46.85053616516814	88.2111856635342	0	41.36064949836605	86.91446841696877	7.823328196418743	38.50464856936686	0	30.68132037294812	37.43786912528288	69.57310164609775	77.0133032932703	0	7.440201647172552	74.67779792616238	14.80376173564099	20.59592675638878	0	5.79216502074779	20.15928855836219	85.96179274277068	108.3785469582697	0	22.41675421549901	106.1630986618945	301.2460033326254	339.2218434058208	0	37.97584007319539	329.3415196988072	46.1932584563146	207.1040848808872	0	160.9108264245726	204.202295741279	41.73633187198175	327.6574232126353	0	285.9210913406535	324.773677459543	351.0329772432905	424.59811764146	0	73.56514039816946	406.2376796842806	128.2161453909183	260.2644507420146	0	132.0483053510962	248.4480792877683	27.74943045303202	95.34958605531421	0	67.60015560228219	90.28754911322991	748.5781701971582	782.418218133759	0	33.84004793660075	743.8314877700608	354.2068846608583	395.4803829584528	0	41.27349829759441	379.2340872432212	350.5140197415008	407.4048654274364	0	56.89084568593558	391.8049685550627	75.79935088853296	82.67335781563794	0	6.874006927104981	81.1825736893604	85.48910589245091	97.91678453115445	0	12.42767863870354	97.91678453115445	74.85265524987726	95.39249361861023	0	20.53983836873297	95.38004562141568	4.134940207895873	17.03253245910166	0	12.89759225120579	16.82571448940968	16.29618857342253	33.38533352915963	0	17.08914495573709	31.87273125087286	14.89611704979616	30.37823588524316	0	15.482118835447	29.77652585121084	17.27659995967185	57.29777937419161	0	40.02117941451976	55.72510446078917	84.96008857299336	151.3642890304167	0	66.40420045742333	149.602048577857	24.51770783911071	75.68142043886181	0	51.1637125997511	74.0020034350277	211.5258286421679	260.9174379610484	0	49.3916093188806	253.9132689556261	4.654043485163208	15.33991065171999	0	10.68586716655678	15.33536028440307	98.59481435370918	158.1830804818991	0	59.5882661281899	153.1396008920159	9.69702127395573	38.78452430823132	0	29.08750303427559	37.87932699022134	1013.214845254986	1609.895018583224	0	596.6801733282382	1539.64537920139	90.10217675129788	97.32070657730519	0	7.218529826007307	97.16101245073817	340.0162266504912	354.538329433529	0	14.52210278303781	345.7181424484642	1056.866141375214	1164.991074305768	0	108.1249329305542	1142.296067584092	385.4428121237236	441.4655938578589	0	56.02278173413531	440.6362104071679	1823.593915534417	1975.326963490359	0	151.7330479559423	1913.307203950621	482.8007519910613	575.2202373240282	0	92.41948533296696	528.1987805803187
16.7963906335957	9.668201468924202	16.56448439130959	0	6.89628292238539	16.42356725797706	13.89173650683272	21.06177845679975	0	7.170041949967028	20.77441522679604	9.203785700371455	17.26096501844614	0	8.057179318074683	16.83078346574801	9.826358012715101	22.45690078791119	0	12.63054277519609	22.10505954927973	8.344645600003727	12.29151939753454	0	3.946873797530819	11.8180519189243	8.001040799035643	11.04279636948444	0	3.041755570448796	9.944902108733402	18.15942632323012	53.93919164055175	0	35.77976531732163	53.1053619255444	7.791552562826483	33.45296057668886	0	25.66140801386238	32.47237025681286	15.19889552289979	20.14937529637308	0	4.950479773473294	19.44304787445939	7.282280146109032	11.6823767340632	0	4.400096587954164	11.41004652022681	106.1572602889199	133.6762564201191	0	27.51899613119922	131.1215283250877	396.9620667295916	443.3255800235929	0	46.36351329400124	431.2685178670417	127.439405638287	306.8767547854864	0	179.4373491471993	302.7110374764863	168.2005181209868	505.0953254382628	0	336.894807317276	500.8696132624584	349.7058051091621	424.6555165074658	0	74.94971139830376	406.4305439861955	164.3502133517951	301.0352413974458	0	136.6850280456506	287.5173161349715	14.81973906072242	87.18548711636014	0	72.36574805563771	82.65747886292752	909.187365475353	938.5968725214159	0	29.40950704606299	889.9710347563465	431.5356905134432	469.8712832773295	0	38.33559276388623	450.1196627036278	411.6560193734182	467.2156230403203	0	55.55960366690218	449.2140666295352	95.44664991939086	101.3009045137514	0	5.854254594360526	99.35779826822464	105.9081507251811	116.6865461678864	0	10.77839544270531	116.6865461678864	86.48202679649442	104.1831361350626	0	17.70110933856814	104.1689015521584	4.133149031674487	16.20567905638375	0	12.07253002470927	16.00391012179754	26.36360353225616	42.55608412593257	0	16.1924805936764	40.59446414204111	6.223222364345988	17.4030306313973	0	11.17980826705131	17.01765319713808	14.13538197749975	45.92630321339018	0	31.79092123589044	44.56335725386399	105.3250591165701	171.2271150724232	0	65.90205595585304	169.2345128197657	24.11212039122641	74.33876000490072	0	50.22663961367432	72.6804444880941	467.9221737744215	528.3558672899101	0	60.43369351548853	515.6157535135384	4.582889034856826	14.67153734686119	0	10.08864831200436	14.66709885959029	25.62218079756486	69.38367052324932	0	43.76148972568446	66.90732904687931	8.263701521862245	34.20753222210597	0	25.94383070024373	33.37585220085544	1929.440565466434	2752.774545249836	0	823.3339797834011	2644.968077344038	104.7167862509909	111.5744840092015	0	6.857697758210604	111.3878464026575	275.3439276257952	286.5561145820871	0	11.21218695629188	278.7582708925339	1424.577998950125	1565.357187820825	0	140.7791888707004	1537.241617129827	449.8396458107702	517.4029366742924	0	67.56329086352218	516.5073019327345	3067.75789797166	3248.393752813293	0	180.6358548416333	3154.607291328322	742.0471248565068	851.775179135203	0	109.7280542786962	787.3484797898394
16.8135906163957	10.17871040294175	17.89371188077399	0	7.715001477832242	17.74574274048806	14.83047970219672	23.02205278450362	0	8.191573082306903	22.71737015229066	9.284813233732763	17.44289389740067	0	8.158080663667905	17.01270605422179	14.82620587045714	27.52620091474324	0	12.6999950442861	27.09780901877404	8.397892443739197	12.47808982436698	0	4.08019738062778	12.00836856687327	8.167009692460244	11.43169788663495	0	3.264688194174709	10.33138865936697	18.59357030957239	49.47653930504057	0	30.88296899546819	48.67228298052609	8.843649258881481	31.50137853608747	0	22.65772927720599	30.53827134496517	8.181104317355601	11.71548886255455	0	3.534384545198947	11.24429383191304	13.05119981415903	16.41477419995983	0	3.363574385800804	15.99144203948566	103.422296237766	134.891958228156	0	31.46966199039005	132.422045368107	420.7702298954904	474.4018321299055	0	53.6316022344151	462.1114955999203	253.9805499893943	461.8398410391252	0	207.8592910497309	455.8320872719501	396.1405103754216	786.8958212306151	0	390.7553108551934	780.6034078027483	152.3182571453271	226.022911457477	0	73.70465431214993	216.2773361857452	385.5247356451795	520.7331886808269	0	135.2084530356473	497.296503536237	14.18514540376892	87.86785322412035	0	73.68270782035142	83.33667786731939	1107.286391177791	1133.434834987798	0	26.14844381000783	1072.054943261999	454.0479072688443	488.9446841020291	0	34.8967768331848	467.763274633948	368.083030407129	419.8332029456869	0	51.75017253855795	403.3142169662351	134.4524042930698	139.7839606663918	0	5.331556373322004	136.9795342558795	122.0001723145102	131.6513745618034	0	9.651202247293277	131.6513745618034	84.11852253291576	99.22023335521155	0	15.10171082229579	99.20595042076869	4.361843119349812	15.96938974571694	0	11.60754662636712	15.76739574245469	49.97623476429857	66.45710605429113	0	16.48087128999256	63.3915516353872	6.559621611453487	15.36250531889344	0	8.80288370743995	14.99043720304491	14.95730693270771	42.05892250576014	0	27.10161557305244	40.73614964261026	151.43111134283	210.7380086346924	0	59.30689729186241	208.2106546319602	25.1929994919734	76.57990932601645	0	51.38690983404304	74.87878766419027	853.7799136406968	924.8603026851746	0	71.0803890444778	904.2445596379928	4.201503666079832	13.98657369079899	0	9.785070024719154	13.98229182946098	27.74878089668951	61.24753639773115	0	33.49875550104164	58.82650538057157	8.89182842580473	32.4091169305503	0	23.51728850474557	31.59252748458009	2958.899127347244	4060.868679292725	0	1101.96955194548	3916.002424932447	111.4629163375027	118.363004546135	0	6.900088208632291	118.1637322439403	501.7645977799646	510.521902353449	0	8.757304573484435	495.2091587226876	1601.16351534301	1770.201275881461	0	169.0377605384503	1740.084447991542	383.5292755423956	459.5513135751559	0	76.02203803276038	458.7954541259536	4466.496319057886	4667.68158878421	0	201.1852697263251	4539.699984099589	994.7555041074876	1116.92401406189	0	122.1685099544026	1036.423006918038
16.83079059919569	10.40861605702848	19.32992266007328	0	8.921306603044808	19.17627989661683	15.50265925859326	25.44618710375041	0	9.943527845157146	25.12666100981017	8.885203822191281	16.74928416638208	0	7.864080344190802	16.3332385780536	13.67298047687781	25.60365692042595	0	11.93067644354814	25.19859376994747	8.186139880940585	12.25000827645347	0	4.06386839551288	11.7933291651443	8.222258774855797	11.71272137367315	0	3.490462598817357	10.62362832207677	17.22934161949228	43.03736623745446	0	25.80802461796218	42.29435171586253	9.372454214702516	30.88852143872663	0	21.51606722402412	29.92534594224064	6.640524264653983	9.466026806623335	0	2.825502541969353	9.039842259094247	13.26346416720379	15.94633909631341	0	2.682874929109616	15.49478437564601	105.0742336654711	138.8943813169016	0	33.82014765143058	136.4083250488541	436.8535496053221	495.7605348540017	0	58.90698524867956	483.3046510672136	386.3382857966763	633.5809799082634	0	247.2426941115871	625.7366897831874	716.2058973513248	1184.028240944976	0	467.8223435936506	1175.056721255363	70.19723772243148	139.4641382856994	0	69.26690056326785	133.3239886954509	391.8756605780702	517.4452282799822	0	125.569567701912	493.6575729186503	13.11085368442199	82.30335954957182	0	69.19250586514983	77.98379705214674	1256.202802217415	1280.425228245747	0	24.22242602833207	1208.846462058957	441.3568020140136	472.7895334681529	0	31.43273145413925	451.5897778937441	300.7233185825453	346.8018175041336	0	46.07849892158831	332.6601364225519	161.3915140925285	166.6959505047854	0	5.304436412256891	163.3013752098757	131.816119566139	141.0339817428581	0	9.217862176719121	141.0339817428581	81.9895768108493	95.34982165121386	0	13.36024484036456	95.33548270032813	4.443161211458483	15.90128115281184	0	11.45811994135336	15.69893896197711	48.27315025601293	66.59981966358303	0	18.3266694075701	63.60052255750684	6.632296954239026	14.24430909387065	0	7.612012139631621	13.87756637572365	15.5104360295051	40.25858104145576	0	24.74814501195066	38.94610870796296	137.0988086852047	186.9333873557492	0	49.83457867054449	184.5698523458357	25.87694525956969	81.51153471460321	0	55.63458945503352	79.73363412930213	1084.606158018077	1167.11529732443	0	82.50913930635291	1142.760526177727	4.302492495079965	14.18936673007738	0	9.886874234997412	14.18502965438934	26.25708804186382	52.15642537746036	0	25.89933733559655	49.88176712627907	8.876838053637409	30.32804655221703	0	21.45120849857962	29.5379311642403	3572.553259493207	4961.457786896248	0	1388.904527403041	4796.577793167606	131.1322643113701	138.8097136223835	0	7.677449311013395	138.5827983881468	616.6174370125249	623.77726961768	0	7.159832605155135	603.3063113033301	1642.406787431114	1830.616885696998	0	188.2100982658847	1800.427238891594	426.0079217261064	505.6806658654623	0	79.67274413935584	504.8665585697805	5135.166164185853	5344.930376638114	0	209.7642124522614	5201.490723537715	1169.555614393311	1297.025055936573	0	127.4694415432626	1205.409921865867
16.84799058199568	10.27890403798882	20.62869227391714	0	10.34978823592832	20.47151956459659	15.7215456671573	28.13926396637399	0	12.41771829921669	27.80810107844763	8.182070321287892	15.34105257120181	0	7.158982249913914	14.94920925118188	8.842679196305927	19.2062185384972	0	10.36353934219127	18.88891903456135	7.746084733017315	11.5940071076428	0	3.847922374625482	11.15797298651517	8.123737721542257	11.77947866495485	0	3.655740943412597	10.71643451688708	16.02239293579086	36.3881592805883	0	20.36576634479744	35.70850235572558	9.302171379255581	31.02102946231808	0	21.7188580830625	30.05436528274812	7.379692481376347	10.12430871765708	0	2.744616236280732	9.636682038504224	9.044738422759464	11.52573610441049	0	2.480997681651026	11.17916835130935	113.0334130407469	148.2298248089569	0	35.19641176820995	145.6086718915541	450.6743417381505	512.8039343532621	0	62.12959261511165	500.1403567596888	509.1546214931482	796.3323481813733	0	287.1777266882251	786.8807612499177	1069.800881221322	1617.112799679343	0	547.3119184580212	1605.416749468598	122.7476615114912	185.294719485088	0	62.54705797359675	176.8403972724203	204.8524533366727	314.6820850829739	0	109.8296317463012	299.6294127216914	12.51734398524566	71.9904756474059	0	59.47313166216023	68.03815971662765	1337.616903983619	1361.356456310221	0	23.73955232660223	1284.236415059922	395.4482992990762	424.0718069371688	0	28.62350763809264	404.4286274105184	217.9027586819155	258.0929822473948	0	40.19022356547932	247.0972875721592	170.90646825916	176.6923506866885	0	5.785882427528528	173.1667199810135	133.2183545299494	142.8177912592526	0	9.599436729303195	142.8177912592526	80.33464788696253	93.24721287876366	0	12.91256499180113	93.23293293004757	4.376734451856585	15.8598039558151	0	11.48306950395851	15.6580341480012	19.52751014527314	41.48303333268686	0	21.95552318741372	39.69920828858311	6.772900866366226	13.63302826362642	0	6.860127397260192	13.26685043360527	15.5976287352962	38.71807603562173	0	23.12044730032553	37.424233674425	65.84772305897906	107.6222356152792	0	41.77451255630015	106.1813880518903	26.02620693370172	89.15813487227088	0	63.13192793856916	87.2712195275643	1170.722190935614	1267.457635635269	0	96.73544469965415	1242.708472130933	4.818693342261476	15.19888085058706	0	10.38018750832559	15.19430348174799	24.38385985670447	43.72953185576586	0	19.34567199906138	41.60632455405565	8.439336416598033	27.86085744779267	0	19.42152103119463	27.10852270814652	3886.366927569375	5478.971137765572	0	1592.604210196197	5304.227335968922	165.0956888245832	174.597110846688	0	9.50142202210483	174.3315969229636	620.8598476151532	627.8552553502204	0	6.995407735067251	606.1090491099801	1588.506188831441	1788.789485886766	0	200.283297055326	1759.803640704584	566.8042640482092	645.7928541581624	0	78.98859010995318	644.7524491145025	5111.589699573287	5319.428495681183	0	207.838796107896	5176.573360741528	1287.834066350842	1414.305413706739	0	126.4713473558972	1314.340408476063
16.86519056479567	10.54607016846291	22.50492788854445	0	11.95885772008154	22.34016280570563	16.43328988986493	32.3420069978044	0	15.90871710793947	31.98722890049408	7.775389393492822	13.93259030843056	0	6.157200914937739	13.55842698938946	7.576031810542336	15.88019796675215	0	8.30416615620981	15.59817359704642	7.510378635271579	11.00204801951695	0	3.491669384245371	10.57588202323541	8.204885948769952	11.99430325707436	0	3.789417308304408	10.93521825009176	15.0629815281301	30.19404475257604	0	15.13106322444594	29.56971917615855	9.486167403490853	32.64159384066797	0	23.15542643717712	31.6434048514217	7.911128179726567	10.84890643114085	0	2.937778251414288	10.31945552733611	6.495890233029269	9.071203349236827	0	2.575313116207557	8.796140902398909	101.7581301111513	137.7615810632406	0	36.00345095208924	135.3427769685225	404.4754305837912	467.7601424254929	0	63.28471184170172	456.2830364540142	511.6232695331473	828.9212219636299	0	317.2979524304826	819.350290561547	1229.102693991967	1836.594653793973	0	607.4919598020055	1823.706671301888	115.0573344724314	169.4443704063419	0	54.38703593391052	161.316865071158	78.35073567021485	168.8523544782857	0	90.5016188080708	160.2859621694587	11.67235092022669	58.12638024717331	0	46.45402932694662	54.68338493459694	1343.682092247648	1368.350060761009	0	24.66796851336136	1291.559649857243	348.3303528902673	375.0032206379262	0	26.67286774765896	357.1901861502516	161.5437920306128	196.475662865861	0	34.93187083524819	187.7114655710002	184.6281072220854	191.5049881023022	0	6.876880880216808	187.9004694427343	134.2091678415638	145.1493995603304	0	10.94023171876654	145.1493995603304	77.69676122977774	91.62958174325685	0	13.93282051347912	91.61583089203279	4.502850710339023	16.16660773607041	0	11.66375702573139	15.96192832971498	113.2334028962962	141.4240398248536	0	28.19063692855737	135.7277707029517	7.15374918174657	13.75215498631555	0	6.598405804568977	13.37350012863119	16.13213997306108	38.41656472457238	0	22.28442475151129	37.11097426407002	24.07636567746331	60.44222221005553	0	36.36585653259222	59.59438530931039	26.52373651773255	100.8052918146704	0	74.28155529693784	98.75322522552538	1161.760990905509	1276.05291214901	0	114.2919212435014	1252.79054686626	4.83242852247218	16.10313618594578	0	11.2707076634736	16.09841302623889	23.41602421640022	37.50150117302383	0	14.08547695662361	35.4440004201814	8.382303299255611	25.81925513542008	0	17.43695183616446	25.09351093108494	3723.866928921098	5360.199072233706	0	1636.332143312608	5190.68631600823	170.9856272703341	183.890126584518	0	12.90449931418391	183.6399202184531	526.0014990547836	533.4478933735168	0	7.446394318733105	514.9297206785777	1368.397076434683	1575.102736539666	0	206.7056601049826	1549.810994508634	553.4771913610979	627.7359414043086	0	74.25875004321078	626.7037129622051	4336.886852914417	4532.877337750347	0	195.9904848359295	4408.622986836487	1183.880832210242	1303.466966615554	0	119.5861344053126	1209.543150517581
16.88239054759566	11.24254566612297	25.23725078366418	0	13.99470511754121	25.06001035119449	17.57570730621229	38.58753239478938	0	21.01182508857709	38.19532746021595	7.826248416235835	13.03670862981648	0	5.210460213580649	12.66394027950172	9.044776897567594	15.47752578555596	0	6.432748887988369	15.17664656051552	7.652203378141044	10.85130297828296	0	3.199099600141919	10.41473200517533	8.534462984383286	12.5048727846386	0	3.97040980025531	11.42320942545455	14.92752862002118	26.15650352546568	0	11.2289749054445	25.55201436934507	9.771787899232343	35.54210695588799	0	25.77031905665565	34.49116038301469	8.53754880586383	11.8722345900662	0	3.334685784202368	11.30851136558918	6.082525730648685	8.979917789006425	0	2.897392058357739	8.716242162312982	71.397872041173	107.7241111446331	0	36.32623910346006	105.8379563439101	294.0557310044577	356.7631829048808	0	62.7074519004231	347.9897579101286	393.0621397574358	731.1859140312215	0	338.1237742737857	722.8894227899618	1207.697675940614	1855.333025556631	0	647.6353496160172	1842.551559365166	47.24837852668058	93.03039746295001	0	45.78201893626942	88.27575814169103	35.21446084776997	106.1871703341195	0	70.97270948634949	100.3723895037467	11.03755323741566	44.88163528980063	0	33.84408205238497	41.93823895121341	1241.762668584624	1268.013872744774	0	26.25120416014982	1198.417083282762	304.1634471857514	329.1337864845095	0	24.97033929875807	313.1411465837576	137.4243983511123	167.4602574858024	0	30.03585913469015	159.6075001589943	201.5560874622443	210.0861251138901	0	8.530037651645779	206.4427383568033	132.3454237982012	145.3446701502183	0	12.9992463520171	145.3446701502183	71.32379833891441	87.08385337528918	0	15.76005503637477	87.07131437998997	4.805912906289322	16.92879000685133	0	12.12287710056201	16.71722143506533	318.5039326089966	356.3747796256269	0	37.87084701663031	343.081946060168	7.314730028435778	13.88525911596176	0	6.570529087525986	13.50062283818265	16.26475459109773	38.1592422093393	0	21.89448761824157	36.85264176799605	17.65889667718151	49.13624986710219	0	31.47735318992067	48.41392035291522	27.24247256639872	116.3909463093846	0	89.14847374298593	114.1216763643298	1050.726513029135	1181.730336311168	0	131.0038232820332	1161.367900835088	4.355482066893496	16.79924545769313	0	12.44376339079964	16.794476126786	24.11663548685388	35.06260814395754	0	10.94597265710366	32.89890134194004	8.760944244951647	24.63102708604091	0	15.87008284108927	23.9123568180994	3084.710656489677	4625.332224250584	0	1540.621567760906	4476.561649696894	135.4654337351617	153.5060363620497	0	18.04060262688797	153.3210649711856	356.4934335526527	364.999146700522	0	8.505713147869338	352.7700284408965	1005.847678898427	1213.720919541714	0	207.8732406432863	1194.26598163456	394.3343414423533	460.6716902724407	0	66.33734883008735	459.8831555847226	2869.360402277791	3045.479809265675	0	176.119406987884	2958.547281637877	860.1926902813042	968.1385453835794	0	107.9458551022752	895.683408688093
16.89959053039566	11.4664656155798	28.40222585810271	0	16.93576024252291	28.21221544934313	17.8917854187642	46.70266705304505	0	28.81088163428085	46.26560418616416	7.923659329244293	12.47654510641219	0	4.552885777167897	12.0977272920648	9.142257358750349	14.26535848877166	0	5.123101130021314	13.96179221076215	7.878920017856822	10.9920885854194	0	3.113168567562576	10.53712710195636	8.738224700761368	13.01998126599421	0	4.281756565232839	11.92471712851654	15.27113824954868	24.13799346039987	0	8.86685521085119	23.52043461358603	12.3861921801155	41.70557638723766	0	29.31938420712214	40.52204931503006	9.557714631477113	13.97279251328693	0	4.415077881809817	13.36223224571969	5.842467286236085	9.608641344174403	0	3.766174057938318	9.349884080821116	43.12984832340241	79.38725688287657	0	36.25740855947417	77.99698996560414	190.8982138256073	250.8754387197609	0	59.97722489415361	244.6290077671453	277.3515966055202	604.6983150139001	0	327.3467184083801	597.7840544528443	956.8527180755215	1568.548543446095	0	611.6958253705735	1557.58212813235	13.4832944889623	51.01956289289211	0	37.53626840392982	48.20850074817017	17.51173190277122	71.36721151556004	0	53.85547961278883	67.09184397203725	10.94476849421956	35.03339247196065	0	24.0886239777411	32.45490935439943	980.6698455455535	1007.876054976996	0	27.20620943144226	953.4876632797093	239.640978178627	262.2324582156791	0	22.5914800370521	249.078224367226	100.1066337849641	124.9425991457039	0	24.83596536073981	118.7095530886556	180.8701194382987	191.3653991763828	0	10.49527973808409	188.3065226370363	118.0555623081795	133.1324754957557	0	15.07691318757621	133.1324754957557	57.72834330980626	74.68640361001422	0	16.95806030020796	74.67596228149959	4.886078373629793	17.84808482033334	0	12.96200644670355	17.63014840474999	368.6489490510082	420.4436580347536	0	51.79470898374537	405.9487231209086	7.609773610563685	14.30078045278555	0	6.691006842221859	13.90573937229001	16.47695107680631	37.95797225971124	0	21.48102118290493	36.64902171485674	12.60930206060073	37.30309131235945	0	24.69378925175872	36.71296537970252	122.699796052415	230.4908917973981	0	107.7910957449831	226.1908442366651	842.5629263043544	983.7118583362308	0	141.1489320318763	967.2902367077668	7.702411354404929	21.40632682593612	0	13.70391547153119	21.40044033184954	25.51398278720602	35.12426207410564	0	9.610279286899621	32.75129202129889	9.037642642072631	23.93254457143651	0	14.89490192936388	23.21492110389559	2095.268475517524	3373.325477167001	0	1278.057001649477	3258.848479014391	119.9435756746962	144.1677347259311	0	24.22415905123496	144.0109309465594	206.9276063448548	218.2512664455126	0	11.32366010065786	211.5822048550336	650.0671533788346	854.3671358102234	0	204.2999824313888	840.6127515963617	236.9799601627582	294.0041013927767	0	57.02414123001853	293.4717740743185	1566.590579958283	1719.053500446305	0	152.4629204880222	1667.091357470061	526.8162221728711	620.8825011545229	0	94.06627898165168	571.8765542958477
16.91679051319565	11.08323082613348	32.40144490420092	0	21.31821407806743	32.19686294955601	17.20809943695708	58.10271644402172	0	40.89461700706465	57.6047328878057	7.966794513284434	12.16422709745201	0	4.197432584167577	11.77764561783406	8.040397238389021	12.3899100195052	0	4.349512781116179	12.10541802278421	8.043489410161902	11.26291997443399	0	3.21943056427209	10.79362623802027	8.706257880929039	13.41153440603792	0	4.705276525108886	12.32579795075276	15.91689962717503	23.64985738913454	0	7.732957761959511	22.99593704934263	17.12913362304137	50.73239269109364	0	33.60325906805227	49.35320879134303	10.63023623967938	17.20930596645638	0	6.579069726777004	16.56910451050651	5.542988843193069	11.04408288609712	0	5.501094042904053	10.78785251432661	19.23944645347073	53.57440755486736	0	34.33496110139664	52.62244470615952	112.3574811515167	165.5106814675188	0	53.15320031600211	161.2448333608033	208.3175047042415	472.3805636300908	0	264.0630589258493	466.6632702493393	641.7590194783246	1081.672906864305	0	439.9138873859805	1073.37643058925	13.15574797952101	43.11166110252755	0	29.95591312300654	40.51863191866345	17.47349635456726	57.3990199983493	0	39.92552364378204	53.59477926042479	11.16087092763713	28.54816510385287	0	17.38729417621574	26.18503475675301	585.9918025333825	612.4851713471545	0	26.49336881377198	579.3135620514538	161.0399374397361	179.9863014825023	0	18.94636404276628	170.4406144724519	51.59227355127793	70.47331197443926	0	18.88103842316132	66.63266770257643	119.3974095033334	131.764900662949	0	12.3674911596156	129.7893527033755	94.08934340226413	110.2392033640251	0	16.149859961761	110.2392033640251	39.92499594601081	55.67639969065939	0	15.75140374464858	55.66849365766029	4.722172332043841	18.93560172318667	0	14.21342939114283	18.71179217993234	268.6743027077079	339.4967052710343	0	70.82240256332645	328.6425217687745	8.330296348876407	15.62076222227348	0	7.290465873397069	15.19930734739156	17.42989969423576	39.12483742504075	0	21.69493773080499	37.77571204290252	9.893975874705198	25.07298733128422	0	15.17901145657902	24.61630526277498	296.1092856391797	426.0123956545095	0	129.9031100153297	418.3948397377948	564.3717067675809	705.0707676498148	0	140.6990608822339	693.3248845838043	14.28151860813227	29.1705293501527	0	14.88901074202042	29.16272330913974	27.34248229447338	36.96118448996849	0	9.618702195495105	34.3369096986582	9.191014010965144	23.71180122983407	0	14.52078721886892	22.99110879563666	1139.257619682458	2004.557915373355	0	865.3002956908972	1928.14421760207	130.0168879030214	159.7796423967365	0	29.76275449371511	159.6174173274701	84.54219268227703	101.3133822366471	0	16.7711895543701	98.67610387467219	349.4800488896341	536.2021279145232	0	186.7220790248891	527.3644742601629	91.10710535293831	138.7718518841199	0	47.66474653118154	138.5027729949683	599.1244304822873	727.3989728913358	0	128.2745424090486	703.8018714489488	204.1923624969056	284.0818361125255	0	79.88947361561991	260.1513761114368
16.93399049599564	24.55346365062885	51.67902217185704	0	27.12555852122818	51.37178519938407	95.07852013161249	153.1072970940951	0	58.02877696248264	151.901443200385	8.068962161502299	12.10896697908949	0	4.040004817587194	11.7134041115048	7.716614359703	11.65903210783512	0	3.942417748132123	11.3762901034128	8.274114749942765	11.66562344140739	0	3.391508691464624	11.18604417104683	13.48030216878504	18.59074896355555	0	5.110446794770509	17.14701183519007	39.27711221040501	46.61358794959686	0	7.336475739191836	45.26372734364224	46.36201210110428	84.67138515443698	0	38.30937305333268	82.46151227430505	24.27252485791843	34.85056009358634	0	10.57803523566791	33.8080701220165	7.025881968853947	15.67189904083211	0	8.646017071978163	15.36883958644412	7.956363104737887	36.90500312334974	0	28.94864001861186	36.21708929425566	57.66209564773165	99.42274020110001	0	41.76064455336837	96.67122463926515	167.7232466564825	341.2533528944307	0	173.5301062379482	336.614553407914	472.7174346387777	723.6849181600656	0	250.967483521288	717.1287895087831	12.78779319948267	36.35786612273232	0	23.57007292324964	33.94635107565083	17.39176743619541	46.97675199192573	0	29.58498455573033	43.51214826400022	11.453785331086	24.5669102546851	0	13.11312492359909	22.29831064081628	287.8401821312657	312.0286481885311	0	24.18846605726541	294.6365876457351	93.57669952797254	108.1858007292116	0	14.60910120123904	101.9296279464917	25.38868321259483	38.38746828108047	0	12.99878506848564	36.0194478614017	69.23630018954719	82.97215635047533	0	13.73585616092814	81.77709821287493	63.27973095988056	78.88023004771892	0	15.60049908783836	78.88023004771892	26.41520603808866	38.43704351161426	0	12.02183747352561	38.43113578298786	16.60369925596293	32.34022861972474	0	15.73652936376181	31.97171220363579	226.6350474102137	321.5447960867371	0	94.90974867652328	311.9385034022693	14.71949450881221	23.29128269354474	0	8.571788184732526	22.6968540424355	57.73960516084055	80.88682551662605	0	23.1472203557855	78.15001039179906	14.83847559010811	20.86551236986753	0	6.027036779759418	20.3803619172116	341.0287268838329	494.9455971542019	0	153.916870270369	486.424266188028	327.4751003151402	457.7452235230506	0	130.2701232079104	449.9135294843628	22.45842399495387	38.34071870736475	0	15.88229471241088	38.33067270964117	209.1325146277715	219.468586813118	0	10.33607218534651	203.8131101323097	33.56378044542782	48.2203581909113	0	14.65657774548348	46.75625063014147	530.7776372038305	996.7241367271396	0	465.946499523309	950.5036187034683	103.2049703915424	136.1566993302927	0	32.95172893875029	136.0230167033371	79.66614162979232	106.2504618708042	0	26.58432024101187	103.9839626361181	152.392063664599	300.4123073329608	0	148.0202436683618	295.1408287140943	22.08784096232495	61.40004028258826	0	39.31219932026331	61.27145856181101	129.5434997319694	236.0678102434603	0	106.5243105114909	227.772307480151	44.34106848544785	111.3535056070582	0	67.01243712161036	101.2594207280352
16.95119047879563	48.91223432536638	81.92346146972326	0	33.01122714435689	81.45942718889178	228.3406034714852	305.6535085710326	0	77.31290509954739	303.4015969811144	8.126098278963884	12.07523590530647	0	3.949137626342587	11.67454026020384	7.955789787052323	11.67948599617084	0	3.723696209118514	11.38582844061587	8.465054035858424	11.96335061722327	0	3.498296581364849	11.48023962135469	22.27800244476643	27.61869824696065	0	5.340695802194222	25.53764357096734	83.74983361042254	90.86499069911467	0	7.115157088692124	88.1663574298336	94.70474334469382	137.314741910886	0	42.60999856619212	133.8467370331454	50.46539478364725	68.32078106934414	0	17.85538628569688	66.68660288155529	10.01337553343528	23.79054570208108	0	13.7771701686458	23.40361814219011	6.867743588583131	28.00703513440342	0	21.13929154582029	27.43496474147787	23.670812594535	52.53395074595209	0	28.86313815141709	50.90649770036206	141.5833209825805	235.6410739066855	0	94.0577529241049	231.8066791929297	418.3579187453842	540.3835447741661	0	122.025626028782	534.2292805084509	13.9330718900393	32.8304152819018	0	18.8973433918625	30.43095985795574	18.66741807335767	41.4791027591431	0	22.81168468578544	38.09637176629357	11.74640306953574	22.19701427375391	0	10.45061120421817	19.94228201136912	129.6232510767211	151.3883357763374	0	21.76508469961626	142.6125728751484	37.18950473197292	48.12543856200357	0	10.93593383003066	45.0379684915443	17.05423602960638	25.58602315858234	0	8.531787128975953	23.75718778046434	38.61516079516458	53.33339208197643	0	14.71823128681185	52.58410733739925	28.62326478271926	42.7398507608518	0	14.11658597813254	42.7398507608518	17.9373413796537	25.9126083313402	0	7.975266951686508	25.90807930503417	37.88242885701244	54.99232522824545	0	17.10989637123301	54.38452574567362	252.4960685497124	374.7732228429466	0	122.2771542932341	364.1935861194809	26.54860259264522	36.99386166463871	0	10.44525907199349	36.11788696629944	136.0185217457789	161.7389460659599	0	25.72042432018096	156.4595903567748	23.75722032385465	24.11538545418868	0	0.3581651303340232	23.32109321593492	274.6756049775121	451.3363655766997	0	176.6607605991875	443.7976764071017	128.9693694210845	246.4166457455228	0	117.4472763244384	242.0308706157198	32.34938638964714	48.96168954179613	0	16.61230315214898	48.94904727821404	553.2918135853175	564.144922970613	0	10.85310938529552	524.6069044611365	79.49060822101981	94.43993198996213	0	14.94932376894232	91.59397455191248	205.0083886522672	417.2872597791086	0	212.2788711268415	391.9891510281885	42.1388548268427	76.36947525209001	0	34.23062042524732	76.29541584203646	193.8027493372466	236.6548519467439	0	42.85210260949741	232.4810142298654	53.26546512430791	152.6431985934791	0	99.37773346917122	149.6487561994875	22.83648379762657	56.0336852719641	0	33.19720147433753	55.90736522629709	80.724461756827	171.5182527892441	0	90.79379103241705	165.0143677539829	39.32265521080637	96.74816972128659	0	57.42551451048022	87.3394828124367
16.96839046159563	53.83105938027344	90.22787634283117	0	36.39681696255773	89.72924357932996	240.2748781195177	331.2558795799467	0	90.981001460429	328.9047001433737	8.495122822580752	12.30059293164727	0	3.805470109066516	11.88666181704611	8.099486445108713	11.67000389198246	0	3.570517446873748	11.36935363062036	12.15036573633229	15.55166359331524	0	3.401297856982944	14.92640087456862	24.72025526605611	29.91943715243201	0	5.199181886375898	27.6763575884234	112.1897446461624	118.8391058136363	0	6.649361167473879	115.2272700287651	101.3276748667953	146.7579728212483	0	45.43029795445294	143.1248358438347	118.5236583306307	148.8676995173624	0	30.34404118673176	145.9436395746471	20.20065633854412	41.0845146050258	0	20.88385826648168	40.50386369099795	5.401648619800443	18.75882231785241	0	13.35717369805196	18.31885948051173	9.160854582393997	26.88736566125983	0	17.72651107886584	25.91632602413959	104.0988811660633	151.1790099230014	0	47.08012875693807	148.1213820124765	350.8474091991272	406.7749279583961	0	55.92751875926893	400.7410826535411	14.4968331958269	30.41276324100797	0	15.91593004518107	27.99668050842296	19.69631427829023	38.68260236332495	0	18.98628808503473	35.26347991126909	11.93231344468996	20.61461025913207	0	8.682296814442104	18.34309323515797	54.50534025	75.43761162285514	0	20.93227137285515	70.96217557200939	11.0899094873584	19.71889240839194	0	8.628982921033538	18.32430093198828	12.46933053714273	18.21792664825112	0	5.748596111108386	16.70406573997523	20.27739241256225	36.36875279559123	0	16.09136038302898	35.87202568305011	11.34883045775589	24.19336429879294	0	12.84453384103705	24.19336429879294	12.22520365767289	17.32520255963292	0	5.099998901960026	17.32168233796647	41.50650362467869	59.27093896279302	0	17.76443533811432	58.62550486557492	248.7278912057309	398.5158873728639	0	149.7879961671329	387.751392348593	37.08279413711266	50.14235028198189	0	13.05955614486924	49.04976642931666	150.6832052483939	180.3521482928165	0	29.66894304442261	174.7484298111228	21.31685841482443	18.97111550150871	0	-2.345742913315717	17.98533660377482	241.0853663188694	434.9643856326263	0	193.8790193137569	427.8449252002501	32.18027646809471	142.6512562660555	0	110.4709797979608	140.0423591814157	31.54387054627863	48.5994018498233	0	17.05553130354468	48.58696137101592	650.2227783172016	660.7412833955058	0	10.51850507830428	614.8491209889199	97.67689055148206	112.6785980794629	0	15.00170752798082	109.2947374852626	83.415068979148	173.6913728514522	0	90.27630387230421	159.2802446751463	9.787725078186519	45.56693969209126	0	35.77921461390474	45.52330407458328	315.4167810364418	380.5458438705224	0	65.12906283408061	374.7689716885198	14.76603124758281	71.5050098875714	0	56.73897863998859	69.85375240837473	23.49725359420875	53.68790798546096	0	30.19065439125221	53.56050908893372	70.24543256131736	153.6083000760765	0	83.36286751475917	147.4717637042453	38.38926212059919	91.00355194741512	0	52.61428982681593	81.71154189268336
16.98559044439562	45.22416677785262	81.24312277112641	0	36.01895599327379	80.79375283953701	163.7556414194643	257.5755559401543	0	93.81991452069005	255.7613596624578	9.22800707336374	12.83357235629949	0	3.605565282935755	12.39337849346611	8.245014626956225	11.67724843322173	0	3.432233806265508	11.37047822532686	18.74812449519054	21.89836590030808	0	3.150241405117537	21.00317097710138	22.74309893818901	27.5168888296172	0	4.773789891428189	25.40733716036889	125.9526911219868	131.7558904437609	0	5.803199321774162	127.5937323953154	73.18020859825542	119.1980255195088	0	46.01781692125343	116.2612771622911	206.5928353041033	254.4606491330563	0	47.86781382895293	250.1648480995002	34.08887062659898	62.44322834582637	0	28.35435771922739	61.64181975771044	4.321571579802317	12.17026649952609	0	7.848694919723778	11.83178298296885	8.998263298972271	19.48730918976687	0	10.4890458907946	18.64734032885968	52.35134832444044	77.79770258659356	0	25.44635426215312	75.85210916202054	269.7040565849635	298.5734570300972	0	28.86940044513369	292.8920383520721	14.41628376820045	28.65974963896178	0	14.24346587076133	26.23803541033904	20.23307156406719	37.43489216078293	0	17.20182059671574	33.94757447327068	12.14334579352824	19.60474296872469	0	7.461397175196451	17.2866083732574	29.84957412326284	51.72133783131131	0	21.87176370804847	48.67642408317159	11.66043081268582	19.15302246809687	0	7.492591655411053	17.69647993432869	11.13169094468558	15.4381532995229	0	4.306462354837324	13.97109598741973	10.02096735584001	28.43536149865593	0	18.41439414281593	28.06330844231343	9.348135510260366	21.71832847581641	0	12.37019296555604	21.71832847581641	7.800540426046115	11.39834852759957	0	3.597808101553459	11.39568659970931	31.6515774398875	49.12904471221353	0	17.47746727232602	48.59198338105008	216.5840666664997	391.5927444926755	0	175.0086778261758	381.3594907296073	45.61016943879829	61.8235067958618	0	16.21333735706351	60.57970520243411	98.00715192597791	132.6465042998072	0	34.63935237382925	128.7448141979627	9.960551805415186	7.091263281597003	0	-2.869288523818182	6.4501584830696	243.7523172879592	447.5704468820001	0	203.8181295940408	440.3238058612827	37.00265252945973	151.1700789463717	0	114.167426416912	148.4257845554333	20.61938202230345	37.86345858689394	0	17.24407656459049	37.85380283396	515.2553126370093	524.2860720805568	0	9.030759443547513	486.9306898856938	91.84740552684517	106.3905166084476	0	14.54311108160239	103.1673161574168	132.1276226198249	176.9975404474591	0	44.8699178276342	157.1460385945431	8.183507086043608	47.80758123679442	0	39.62407415075081	47.76312027356667	431.0353504226977	517.5743463939743	0	86.53899597127673	510.4281836311994	14.91637525063662	44.90694536930322	0	29.9905701186666	43.64319395956817	25.97373069785219	56.27853135528439	0	30.30480065743221	56.14322257192208	77.58787350926333	161.593004830698	0	84.0051313214347	155.0518268090934	42.10885109129287	94.79495150241833	0	52.68610041112545	84.99481111128738
17.00279042719561	35.01109755867324	68.27266401826401	0	33.26156645959077	67.88827331556716	115.8422987931392	204.590582564765	0	88.74828377162581	203.1327078127777	9.369739805960142	12.78114757262909	0	3.411407766668946	12.33239506861833	8.741777070527394	12.03880004224854	0	3.297022971721151	11.71666382909002	17.61591790702398	20.51296862181642	0	2.897050714792448	19.64780283596087	17.57413103381102	21.9147809854513	0	4.340649951640271	20.17017475595014	134.815155421938	139.4513058078778	0	4.63615038593976	134.7490531747107	60.54991431431174	104.7209602655485	0	44.17104595123678	102.1121309308985	182.1453398597602	246.0138829907272	0	63.86854313096708	242.2166699538528	28.12075133755038	60.73367270928664	0	32.61292137173626	59.98744733382566	4.53709235764501	9.66085216561188	0	5.12375980796687	9.346427255856605	9.787340854646844	17.10332528913939	0	7.315984434492542	16.24515895661313	23.03990483040432	41.3918534509939	0	18.35194862058958	40.19368505670039	205.0573775184009	227.4964007458879	0	22.43902322748703	222.4373550472895	14.5237763021331	27.86309425266491	0	13.33931795053181	25.41361140099852	20.68698182530827	37.11339498312938	0	16.42641315782112	33.5596597882905	12.26288114864939	18.89462679239097	0	6.631745643741581	16.52408055094155	19.93068442523392	43.65996385454989	0	23.72927942931598	41.16378860252987	11.49796855494007	18.54312891391935	0	7.045160358979286	17.07357294967133	10.7214534554951	14.4504519590129	0	3.728998503517802	12.934542994472	10.94127873633384	32.46230911014909	0	21.52103037381525	32.05863613563101	7.903695498942146	20.5722586127388	0	12.66856311379666	20.5722586127388	5.899734219079556	8.98728892113005	0	3.087554702050494	8.984985253728802	25.27843732249188	41.76455794999151	0	16.48612062749962	41.29922188825831	211.9332936320806	408.6032778137525	0	196.6699841816719	398.1826917915798	38.83986269348227	58.98115566186522	0	20.14129296838295	57.87982590757911	58.69183125890983	99.89404852193549	0	41.20221726302567	97.12222892178553	3.022372857300268	0.9940705845034805	0	-2.028302272796787	0.8376535177013481	240.4104425811078	449.2106759669334	0	208.8002333858255	441.9750585628092	38.01717004953566	169.7050058064357	0	131.6878357569001	166.7782607089368	15.53051062763952	32.73973670688678	0	17.20922607924726	32.73138477440026	463.4028576032354	469.8902228271982	0	6.487365223962783	433.6761697635261	92.36345596070694	105.8623555841652	0	13.49889962345826	102.5725636577373	157.819298118698	195.7166715336882	0	37.89737341499026	169.2395838234309	7.374471589570134	54.03170715522203	0	46.6572355656519	53.98378396632562	364.9794315500585	459.6460087793733	0	94.6665772293148	453.4964077768175	16.30613877223599	34.48313477508426	0	18.17699600284827	33.32176206312741	28.1446391432177	61.41122444976413	0	33.26658530654644	61.2679129958666	83.47963013803843	175.4394096615196	0	91.95977952348122	168.5481527168195	45.24262395779586	102.5167354500414	0	57.27411149224557	92.21384394284209
17.0199904099956	21.4990546632389	51.81954748865543	0	30.32049282541654	51.52141890035374	93.59742113081974	175.796462574094	0	82.19904144327421	174.5226320534375	9.013455674577308	12.26141112442726	0	3.247955449849953	11.82076437940508	9.5556918788281	12.70903059902096	0	3.153338720192858	12.36243821146491	9.901004860337967	12.60878715417526	0	2.707782293837291	12.05899482321344	8.752787031265324	12.80186559658224	0	4.049078565316914	11.74546924004404	139.3909267064145	142.7145638267718	0	3.32363712035733	137.4242512805592	62.91471424295062	103.4089466268802	0	40.49423238392956	100.7680287128552	87.54984881287827	159.9945088178283	0	72.44466000495008	157.6169726419084	10.83191049233055	43.02582917670652	0	32.19391868437597	42.49615393514021	5.529467459971849	9.387424235747512	0	3.857956775775662	9.04307577436531	11.20127144959191	17.29877403681045	0	6.097502587218536	16.33841042344296	19.53406834166978	36.57881348427858	0	17.0447451426088	35.45511080457438	93.69176361559445	117.0313372239057	0	23.33957360831119	114.3228869119228	14.64820461956545	27.34241590668164	0	12.6942112871162	24.87169821365732	20.8803088242161	36.68488991598299	0	15.8045810917669	33.11007253186772	12.16087444121673	18.14812825679878	0	5.987253815582063	15.75318685782102	24.97236748289193	50.53460123962521	0	25.56223375673327	47.73147202369672	11.75510782050863	18.65845340271745	0	6.903345582208819	17.15122943149456	11.22133219975743	14.79281031896179	0	3.571478119204365	13.143437745141	21.942603595624	46.6704023104313	0	24.7277987148073	46.11560958604528	7.562240249465666	20.98291849992187	0	13.4206782504562	20.98291849992187	6.529088592998462	9.625310128905182	0	3.096221535906722	9.622747432483495	21.67482214277141	36.88184193292909	0	15.20701979015767	36.45945355190984	234.6662009314637	450.8513647268285	0	216.1851637953648	439.5750905214292	16.46442425825429	42.48209509717388	0	26.01767083891959	41.75233639411041	31.81962211230347	83.09300057859343	0	51.27337846628996	80.94566457368184	0.9796817180854335	0.05827546289703545	0	-0.9214062551883979	0.04445112519897938	228.7846194732962	442.3907364299097	0	213.6061169566135	435.2987270230004	38.25533411931782	203.8200514379095	0	165.5647173185916	200.5917690522579	16.03060248772437	33.02622130426691	0	16.99561881654255	33.01776560036129	494.7952004436486	498.2945938451198	0	3.499393401471247	454.2081678782804	98.8724113465211	110.9028303494482	0	12.03041900292705	107.3097217470773	79.67322196465847	123.1032590195311	0	43.43003705487261	105.8453401146307	7.203315472042127	63.86435746872016	0	56.66104199667803	63.81077591133402	186.3954527496136	273.2502636362377	0	86.85481088662409	269.5107662174377	18.76533875740274	32.04171887366185	0	13.27638011625911	30.8089936540679	29.7296222761527	68.36700351854059	0	38.63738124238789	68.21688841219424	88.52450334127084	194.7181701088059	0	106.193666767535	187.5319593432642	47.57749607382234	113.252219919866	0	65.67472384604368	102.511682508847
