DataType=double
version=3
OpenSimVersion=4.5.2-2025-05-03-6a4c6ec41
endheader
time	/forceset/addbrev_r|active_fiber_force	/forceset/addbrev_r|fiber_force	/forceset/addbrev_r|implicitresidual_normalized_tendon_force	/forceset/addbrev_r|passive_fiber_force	/forceset/addbrev_r|tendon_force	/forceset/addlong_r|active_fiber_force	/forceset/addlong_r|fiber_force	/forceset/addlong_r|implicitresidual_normalized_tendon_force	/forceset/addlong_r|passive_fiber_force	/forceset/addlong_r|tendon_force	/forceset/addmagDist_r|active_fiber_force	/forceset/addmagDist_r|fiber_force	/forceset/addmagDist_r|implicitresidual_normalized_tendon_force	/forceset/addmagDist_r|passive_fiber_force	/forceset/addmagDist_r|tendon_force	/forceset/addmagIsch_r|active_fiber_force	/forceset/addmagIsch_r|fiber_force	/forceset/addmagIsch_r|implicitresidual_normalized_tendon_force	/forceset/addmagIsch_r|passive_fiber_force	/forceset/addmagIsch_r|tendon_force	/forceset/addmagMid_r|active_fiber_force	/forceset/addmagMid_r|fiber_force	/forceset/addmagMid_r|implicitresidual_normalized_tendon_force	/forceset/addmagMid_r|passive_fiber_force	/forceset/addmagMid_r|tendon_force	/forceset/addmagProx_r|active_fiber_force	/forceset/addmagProx_r|fiber_force	/forceset/addmagProx_r|implicitresidual_normalized_tendon_force	/forceset/addmagProx_r|passive_fiber_force	/forceset/addmagProx_r|tendon_force	/forceset/bflh_r|active_fiber_force	/forceset/bflh_r|fiber_force	/forceset/bflh_r|implicitresidual_normalized_tendon_force	/forceset/bflh_r|passive_fiber_force	/forceset/bflh_r|tendon_force	/forceset/bfsh_r|active_fiber_force	/forceset/bfsh_r|fiber_force	/forceset/bfsh_r|implicitresidual_normalized_tendon_force	/forceset/bfsh_r|passive_fiber_force	/forceset/bfsh_r|tendon_force	/forceset/edl_r|active_fiber_force	/forceset/edl_r|fiber_force	/forceset/edl_r|implicitresidual_normalized_tendon_force	/forceset/edl_r|passive_fiber_force	/forceset/edl_r|tendon_force	/forceset/ehl_r|active_fiber_force	/forceset/ehl_r|fiber_force	/forceset/ehl_r|implicitresidual_normalized_tendon_force	/forceset/ehl_r|passive_fiber_force	/forceset/ehl_r|tendon_force	/forceset/fdl_r|active_fiber_force	/forceset/fdl_r|fiber_force	/forceset/fdl_r|implicitresidual_normalized_tendon_force	/forceset/fdl_r|passive_fiber_force	/forceset/fdl_r|tendon_force	/forceset/fhl_r|active_fiber_force	/forceset/fhl_r|fiber_force	/forceset/fhl_r|implicitresidual_normalized_tendon_force	/forceset/fhl_r|passive_fiber_force	/forceset/fhl_r|tendon_force	/forceset/gaslat_r|active_fiber_force	/forceset/gaslat_r|fiber_force	/forceset/gaslat_r|implicitresidual_normalized_tendon_force	/forceset/gaslat_r|passive_fiber_force	/forceset/gaslat_r|tendon_force	/forceset/gasmed_r|active_fiber_force	/forceset/gasmed_r|fiber_force	/forceset/gasmed_r|implicitresidual_normalized_tendon_force	/forceset/gasmed_r|passive_fiber_force	/forceset/gasmed_r|tendon_force	/forceset/glmax1_r|active_fiber_force	/forceset/glmax1_r|fiber_force	/forceset/glmax1_r|implicitresidual_normalized_tendon_force	/forceset/glmax1_r|passive_fiber_force	/forceset/glmax1_r|tendon_force	/forceset/glmax2_r|active_fiber_force	/forceset/glmax2_r|fiber_force	/forceset/glmax2_r|implicitresidual_normalized_tendon_force	/forceset/glmax2_r|passive_fiber_force	/forceset/glmax2_r|tendon_force	/forceset/glmax3_r|active_fiber_force	/forceset/glmax3_r|fiber_force	/forceset/glmax3_r|implicitresidual_normalized_tendon_force	/forceset/glmax3_r|passive_fiber_force	/forceset/glmax3_r|tendon_force	/forceset/glmed1_r|active_fiber_force	/forceset/glmed1_r|fiber_force	/forceset/glmed1_r|implicitresidual_normalized_tendon_force	/forceset/glmed1_r|passive_fiber_force	/forceset/glmed1_r|tendon_force	/forceset/glmed2_r|active_fiber_force	/forceset/glmed2_r|fiber_force	/forceset/glmed2_r|implicitresidual_normalized_tendon_force	/forceset/glmed2_r|passive_fiber_force	/forceset/glmed2_r|tendon_force	/forceset/glmed3_r|active_fiber_force	/forceset/glmed3_r|fiber_force	/forceset/glmed3_r|implicitresidual_normalized_tendon_force	/forceset/glmed3_r|passive_fiber_force	/forceset/glmed3_r|tendon_force	/forceset/glmin1_r|active_fiber_force	/forceset/glmin1_r|fiber_force	/forceset/glmin1_r|implicitresidual_normalized_tendon_force	/forceset/glmin1_r|passive_fiber_force	/forceset/glmin1_r|tendon_force	/forceset/glmin2_r|active_fiber_force	/forceset/glmin2_r|fiber_force	/forceset/glmin2_r|implicitresidual_normalized_tendon_force	/forceset/glmin2_r|passive_fiber_force	/forceset/glmin2_r|tendon_force	/forceset/glmin3_r|active_fiber_force	/forceset/glmin3_r|fiber_force	/forceset/glmin3_r|implicitresidual_normalized_tendon_force	/forceset/glmin3_r|passive_fiber_force	/forceset/glmin3_r|tendon_force	/forceset/grac_r|active_fiber_force	/forceset/grac_r|fiber_force	/forceset/grac_r|implicitresidual_normalized_tendon_force	/forceset/grac_r|passive_fiber_force	/forceset/grac_r|tendon_force	/forceset/iliacus_r|active_fiber_force	/forceset/iliacus_r|fiber_force	/forceset/iliacus_r|implicitresidual_normalized_tendon_force	/forceset/iliacus_r|passive_fiber_force	/forceset/iliacus_r|tendon_force	/forceset/perbrev_r|active_fiber_force	/forceset/perbrev_r|fiber_force	/forceset/perbrev_r|implicitresidual_normalized_tendon_force	/forceset/perbrev_r|passive_fiber_force	/forceset/perbrev_r|tendon_force	/forceset/perlong_r|active_fiber_force	/forceset/perlong_r|fiber_force	/forceset/perlong_r|implicitresidual_normalized_tendon_force	/forceset/perlong_r|passive_fiber_force	/forceset/perlong_r|tendon_force	/forceset/piri_r|active_fiber_force	/forceset/piri_r|fiber_force	/forceset/piri_r|implicitresidual_normalized_tendon_force	/forceset/piri_r|passive_fiber_force	/forceset/piri_r|tendon_force	/forceset/psoas_r|active_fiber_force	/forceset/psoas_r|fiber_force	/forceset/psoas_r|implicitresidual_normalized_tendon_force	/forceset/psoas_r|passive_fiber_force	/forceset/psoas_r|tendon_force	/forceset/recfem_r|active_fiber_force	/forceset/recfem_r|fiber_force	/forceset/recfem_r|implicitresidual_normalized_tendon_force	/forceset/recfem_r|passive_fiber_force	/forceset/recfem_r|tendon_force	/forceset/sart_r|active_fiber_force	/forceset/sart_r|fiber_force	/forceset/sart_r|implicitresidual_normalized_tendon_force	/forceset/sart_r|passive_fiber_force	/forceset/sart_r|tendon_force	/forceset/semimem_r|active_fiber_force	/forceset/semimem_r|fiber_force	/forceset/semimem_r|implicitresidual_normalized_tendon_force	/forceset/semimem_r|passive_fiber_force	/forceset/semimem_r|tendon_force	/forceset/semiten_r|active_fiber_force	/forceset/semiten_r|fiber_force	/forceset/semiten_r|implicitresidual_normalized_tendon_force	/forceset/semiten_r|passive_fiber_force	/forceset/semiten_r|tendon_force	/forceset/soleus_r|active_fiber_force	/forceset/soleus_r|fiber_force	/forceset/soleus_r|implicitresidual_normalized_tendon_force	/forceset/soleus_r|passive_fiber_force	/forceset/soleus_r|tendon_force	/forceset/tfl_r|active_fiber_force	/forceset/tfl_r|fiber_force	/forceset/tfl_r|implicitresidual_normalized_tendon_force	/forceset/tfl_r|passive_fiber_force	/forceset/tfl_r|tendon_force	/forceset/tibant_r|active_fiber_force	/forceset/tibant_r|fiber_force	/forceset/tibant_r|implicitresidual_normalized_tendon_force	/forceset/tibant_r|passive_fiber_force	/forceset/tibant_r|tendon_force	/forceset/tibpost_r|active_fiber_force	/forceset/tibpost_r|fiber_force	/forceset/tibpost_r|implicitresidual_normalized_tendon_force	/forceset/tibpost_r|passive_fiber_force	/forceset/tibpost_r|tendon_force	/forceset/vasint_r|active_fiber_force	/forceset/vasint_r|fiber_force	/forceset/vasint_r|implicitresidual_normalized_tendon_force	/forceset/vasint_r|passive_fiber_force	/forceset/vasint_r|tendon_force	/forceset/vaslat_r|active_fiber_force	/forceset/vaslat_r|fiber_force	/forceset/vaslat_r|implicitresidual_normalized_tendon_force	/forceset/vaslat_r|passive_fiber_force	/forceset/vaslat_r|tendon_force	/forceset/vasmed_r|active_fiber_force	/forceset/vasmed_r|fiber_force	/forceset/vasmed_r|implicitresidual_normalized_tendon_force	/forceset/vasmed_r|passive_fiber_force	/forceset/vasmed_r|tendon_force
15.35332689999705	10.07425061444367	24.1506386794536	0	14.07638806500993	23.9894235979576	14.02625054295348	36.31446783110548	0	22.288217288152	35.97103015062783	9.742170551162339	14.0016128338217	0	4.259442282659365	13.59275260133153	17.80643573067135	22.88753124180642	0	5.081095511135069	22.42778730301282	8.57681420807128	11.45663734710829	0	2.879823139037009	10.99865655382466	8.315825430426942	11.95769688099603	0	3.641871450569091	10.94797706446667	20.45492449406939	30.41095457787614	0	9.956030083806754	29.70734390957585	10.21455194764979	34.51074049861306	0	24.29618855096327	33.5384861880701	177.2121658287381	181.4376233146715	0	4.225457485933376	173.3462090955886	19.2992982440183	22.52461645850906	0	3.225318214490763	21.88776255283176	105.8053570894876	131.6256063221667	0	25.82024923267911	129.2155900693908	289.8890033520711	334.7217884595107	0	44.83278510743965	326.1466549489758	68.8894518795726	355.5289042536946	0	286.639452374122	351.5252763073556	226.0380727792168	767.749593769038	0	541.7115209898212	762.4870268588716	54.75109077581315	88.41723655212425	0	33.66614577631109	83.6207100778058	113.1404172144141	163.2993884249846	0	50.15897121057046	153.7818904701069	14.50061235635326	38.9021183215204	0	24.40150596516715	36.1890182446345	984.2479905954889	1005.994181718886	0	21.74619112339705	951.4172529624967	312.3278481224398	330.6589900573139	0	18.33114193487414	313.8016923232587	124.7655232174077	144.7610817985607	0	19.99555858115299	137.3441822710312	108.7688337316551	116.5521312377638	0	7.783297506108617	114.6416745208443	64.88332201067567	75.48860857103683	0	10.60528656036116	75.48860857103683	45.75257301430003	56.17367091303796	0	10.42109789873793	56.16494534671847	4.017065524030331	14.84031582968516	0	10.82325030565483	14.66111226411939	30.1988507476148	68.59106676075973	0	38.39221601314492	66.15785001828856	136.3358598700186	143.0305822559131	0	6.694722385894452	139.3920164545312	69.45500686233026	90.27115803558814	0	20.81615117325788	87.35443371313815	72.44413270725713	87.62239626915303	0	15.17826356189589	86.00599671036694	23.51374370801504	106.9973668879646	0	83.48362317994959	104.9603643537782	106.0126422997264	201.8124857468717	0	95.79984344714531	198.1887288677538	5.660221874367768	16.45020454102856	0	10.78998266666079	16.44562494598579	27.70252040810201	39.14631671813268	0	11.44379631003067	36.8812276068821	9.691148558284214	23.45564683189011	0	13.7644982736059	22.78550237217049	703.5610095625905	1842.118459973007	0	1138.557450410417	1780.881765403203	83.4373918535529	98.88689192397102	0	15.44950007041813	98.77081235009533	241.7181524918767	251.7948961158584	0	10.07674362398176	243.5104752248615	1375.729644859011	1520.559628286746	0	144.8299834277355	1494.936076661956	165.2336559461417	211.6874240653372	0	46.45376811919542	211.3008266803564	554.9644277080436	680.0104198729264	0	125.0459921648828	659.3017209643704	290.3887477737583	367.077089467654	0	76.68834169389574	337.8686501429867
15.36759355239704	10.1262672995379	26.96432526304609	0	16.83805796350818	26.79201983365028	14.52821931056761	42.68085612830311	0	28.15263681773549	42.29966224643986	9.05328599320144	13.25914811653689	0	4.205862123335447	12.86797403244566	15.21813182594673	19.98652781682422	0	4.768395990877491	19.57297188037345	8.220283984270784	11.28510458042025	0	3.064820596149463	10.84102848357982	8.366550593472342	12.43492682996468	0	4.068376236492333	11.4320777649889	32.92013382724169	42.33216227014722	0	9.412028442905527	41.32267497429574	34.07634773137386	59.61156633469697	0	25.53521860332311	57.95722706367282	169.6286357395935	176.234405156231	0	6.605769416637437	170.0232543603207	18.63596716539771	23.80852067998415	0	5.172553514586441	23.27254243349376	77.36115731019348	102.4034044962979	0	25.04224718610442	100.5163988964336	214.8404656641363	253.7208348967828	0	38.88036923264645	246.9513959691187	67.58494186985983	238.7392788898249	0	171.1543370199651	235.6504178712167	229.055620555603	526.7867454933366	0	297.7311249377336	522.5105086910597	43.37023210734138	74.16129689569117	0	30.79106478834978	70.0020653848805	88.17857489414443	132.9335372103281	0	44.75496231618367	124.8914498467014	13.69109372860364	35.83546823237607	0	22.14437450377244	33.24899789085916	821.0073697985868	839.6169610160921	0	18.60959121750528	791.5306026669582	244.427668901994	260.2278236206307	0	15.80015471863659	246.3106766466966	96.38584387221228	113.8555485647701	0	17.46970469255785	107.775555700943	95.00000132343825	102.2793193374805	0	7.279318014042248	100.5610398545104	57.83654937276515	67.78121776505378	0	9.944668392288632	67.78121776505378	36.75679147463043	46.20864187998727	0	9.451850405356849	46.20128301435881	8.053361484594806	19.53568665492711	0	11.48232517033231	19.3045095867158	81.07083399264309	124.2418054802516	0	43.17097148760855	119.9568253241963	121.0110023138466	127.9341805017406	0	6.923178187893978	124.6847865039811	123.0934528407843	142.7046117259417	0	19.61115888515743	137.9722979747305	48.38174913924725	61.94960481771599	0	13.56785567846875	60.79052228815095	72.10076918406523	164.1162264219216	0	92.01545723785632	161.0604979979062	79.13270065103444	176.7773443010634	0	97.64464365002898	173.634508122627	13.12907648737931	24.32532542499278	0	11.19624893761347	24.31863443477013	152.5488117661213	163.7262868252392	0	11.17747505911791	153.9418511957725	24.55659726222957	38.11157898703009	0	13.55498172480053	37.01409352975601	598.5976342322481	1233.394853012943	0	634.7972187806951	1184.596337430116	74.07251568391443	90.02326020109503	0	15.95074451718059	89.91886106530082	257.5609678623131	273.6926802430951	0	16.13171238078196	266.7373279796119	1036.159919090709	1171.099985962774	0	134.9400668720648	1151.013262811367	127.6256249988847	171.162467383773	0	43.53684238488825	170.842385143241	427.3172869104238	544.743700010729	0	117.4264131003052	527.744124068169	224.716115438383	297.0022549962313	0	72.2861395578483	272.8318610955371
15.38186020479704	9.505406633965055	30.02848656121236	0	20.52307992724731	29.8458983620797	14.50710696135019	50.91719886966037	0	36.41009190831019	50.49039665579544	7.385027897026012	11.53740799428927	0	4.152380097263257	11.19494020606412	9.492093609144348	13.99616529129888	0	4.504071682154536	13.69933500575869	7.001302134658558	10.21872986504761	0	3.21742773038905	9.825662752137868	7.994437195423163	12.4556455229443	0	4.461208327521136	11.49786567190806	58.8528410119012	68.12271640761485	0	9.269875395713646	66.47035369530468	81.86823778527541	109.3242974708196	0	27.45605968554423	106.3555558790171	112.2227434172182	122.8240645697857	0	10.60132115256748	119.4131452778062	14.29462225914139	22.86375749049978	0	8.569135231358382	22.44772728483978	34.3625436596885	56.37443237025676	0	22.01188871056825	55.29691611610369	100.1839026381546	130.9369216847647	0	30.75301904661005	127.1879829105929	70.55660608724425	163.0777140993633	0	92.52110801211904	160.5601155705286	241.1521554673787	385.2538266198836	0	144.1016711525049	381.3552889160458	23.23070292254141	50.82615255603861	0	27.5954496334972	47.85128753914379	41.36672155248311	80.46551109142817	0	39.09878953894506	75.37060641189241	11.97778873829769	31.90114103273868	0	19.92335229444099	29.51149869099374	491.9254575894815	508.1093437808107	0	16.18388619132914	477.3792904822355	126.0297014113862	139.3750024387282	0	13.345301027342	131.4632536885255	55.30456019113519	69.91594711362207	0	14.61138692248688	65.94824389541395	64.93927491038788	71.94840017545737	0	7.009125265069478	70.71825535636384	48.45908073387413	57.72276067402358	0	9.263679940149441	57.72276067402358	27.32884255473809	35.46366652386635	0	8.134823969128261	35.45773516746342	16.00391499774411	28.38910384513457	0	12.38518884739046	28.06195651435267	180.9590490958829	230.239944619608	0	49.28089552372503	222.5461676812427	58.70306887005623	65.82884591661913	0	7.125777046562905	64.17922692268868	218.576644046511	237.0992207931273	0	18.52257674661633	229.0855700965454	22.5066395372364	33.08996678365045	0	10.58332724641405	32.42434487103952	166.3902594390547	268.0656124387066	0	101.6753529996519	263.1863822423782	32.50676437997192	126.8106331744604	0	94.30386879448851	124.5334932909947	27.91744545542689	39.55574751605781	0	11.63830206063092	39.54500063731381	418.2481045392077	430.0556584486816	0	11.80755390947394	404.2347397530672	54.98067701874198	68.66239839890827	0	13.68172138016629	66.68747520984101	341.6751047661434	640.716839119184	0	299.0417343530407	608.4627979457181	58.70969523013099	74.8298292732845	0	16.12013404315352	74.7434092077345	251.3296300128594	278.5430905188041	0	27.21346050594482	272.996262302635	563.3215267864941	675.3910975500098	0	112.0695707635157	663.2010518123973	54.40159435609269	93.72424245890554	0	39.32264810281285	93.54242746923771	178.4988974413902	284.7995432480753	0	106.3006458066852	275.5676784369671	95.0533619875598	160.9374090176798	0	65.88404703012003	147.3753405349437
15.39612685719703	41.67345797274966	65.3603061914142	0	23.68684821866454	64.97732598647207	133.3590473583657	177.8629563336206	0	44.50390897525494	176.4440859893411	6.859200286698754	10.85940539851156	0	4.000205111812809	10.53376053947731	6.612518699598793	10.80513233845767	0	4.192613638858882	10.5699249144005	10.48277924490326	13.67492035109446	0	3.192141106191201	13.15550050306535	24.9172032231286	29.55052264239683	0	4.633319419268231	27.3502425933072	57.0829102509915	66.03198036700688	0	8.949070116015371	64.41289389872881	96.65569413076976	126.4060702101452	0	29.75037607937543	123.0583161277771	121.8454054315269	138.5523389962063	0	16.70693356467935	135.3956239939887	19.58377799670104	33.27133505672878	0	13.68755706002773	32.76222146093993	9.587460128068232	27.84244703347278	0	18.25498690540455	27.27974480470246	29.055209595882	52.35956739225603	0	23.30435779637403	50.7225541695049	62.34776130811826	112.7338366627964	0	50.38607535467816	110.633398866476	235.4552410953832	304.0322592968713	0	68.57701820148812	300.103866247297	13.24526309763572	38.21461102436395	0	24.96934792672822	35.88028976630491	17.30304747682326	51.65061511349131	0	34.34756763666805	48.22417329973656	11.04565068106135	28.71106433252148	0	17.66541365146014	26.46688224408712	206.4844314183961	221.8761453623935	0	15.39171394399741	208.0181207252555	44.55622772285179	56.61666430060392	0	12.06043657775214	53.24898835746406	30.78479326653406	43.66287507506176	0	12.8780818085277	41.04623046173563	41.84880550927539	49.08873466327099	0	7.239929153995591	48.25252976080755	43.65408430984832	52.87524690909618	0	9.22116259924786	52.87524690909618	29.01627608986036	36.71566119046093	0	7.699385100600576	36.7093198984028	23.91287826422136	37.1295892289732	0	13.21671096475184	36.71193230396874	284.3984726349232	340.6958327233089	0	56.29736008838564	329.6653872316933	38.16904823427399	45.29157426895367	0	7.122526034679682	44.15975590864676	240.890158764646	258.1575244840074	0	17.26736571936137	249.2127576979186	48.13643155733874	57.22247296555903	0	9.086041408220289	55.98129060413514	317.0683569610272	428.2257558308572	0	111.15739886983	420.5872638097836	25.98565772238773	115.115390649138	0	89.12973292675029	113.0012229789209	34.50212228395187	46.61053839887463	0	12.10841611492276	46.59803515778199	448.8705099087056	460.7750828148388	0	11.90457290613323	433.4024518628939	55.95053244911917	69.78702534535661	0	13.83649289623744	67.79019768696932	157.9241739747993	291.3792584827867	0	133.4550845079874	271.9522619488357	51.90410323645547	68.61199868526329	0	16.70789544880781	68.53352041699276	295.7028405068495	340.6447270350722	0	44.94188652822269	335.0885940432558	212.0889946184357	299.6769968671105	0	87.58800224867487	293.8727851775311	18.62886773196997	53.72536655410875	0	35.09649882213878	53.61620362464659	55.72611357006591	150.9857024660627	0	95.25958889599677	145.8497064721739	30.43169902068698	89.81142908332329	0	59.3797300626363	81.90162905860777
15.41039350959702	101.2893143970461	126.8164319715816	0	25.5271175745355	126.0875196615651	345.5185544626411	396.038715318349	0	50.52016085570791	392.9740523702264	7.591543256356236	11.36515216691582	0	3.773608910559582	11.01798125866227	6.805238686906328	10.63482186376307	0	3.829583176856738	10.39575605378868	18.46563155423502	21.53319310169199	0	3.06756154745697	20.71206220328226	57.39560880180591	62.06545465444659	0	4.669845852640679	57.50679580171581	28.06328656116379	36.2428849476712	0	8.179598386507404	35.33300351243371	77.56172459465469	109.2321307191188	0	31.67040612446406	106.3957604660331	211.6583936951042	236.6194359409876	0	24.96104224588344	231.9777769003235	32.8138277176811	53.05672202910209	0	20.242894311421	52.3430979324326	5.11238938577383	19.89185953052035	0	14.77947014474652	19.46261637492647	12.31759375865179	29.92536037468716	0	17.60776661603537	28.8980873019396	30.73990383027799	59.8004413007726	0	29.06053747049462	58.46290607828373	183.7999780653823	218.2914551081111	0	34.49147704272876	214.6982986499553	13.034187825469	35.98297963860103	0	22.94879181313203	33.70223234438864	17.11054881885945	47.60536009529361	0	30.49481127643415	44.30674821485866	10.8503783336067	26.21067380736869	0	15.36029547376199	24.05756131539658	65.10351379679358	80.85257995873168	0	15.74906616193811	75.79223158850948	19.1754320465867	30.88534342570097	0	11.70991137911427	29.00972907760976	19.14759761965157	31.29855596397661	0	12.15095834432504	29.36285290966218	30.10640996222434	38.04877333060401	0	7.942363368379677	37.41857152407231	39.8252769403792	49.71632145076498	0	9.891044510385774	49.71632145076498	38.99792346373257	47.20211513785907	0	8.204191674126507	47.19404356706544	32.0024231295079	45.73190028058393	0	13.72947715107603	45.22491084869076	395.738276354431	459.938266463776	0	64.19999010934491	445.4952397406644	70.36647814869363	77.39870384358396	0	7.032225694890333	75.45791170149793	179.318623817472	195.4951399021875	0	16.1765160847155	188.5528354374402	130.5210930410999	139.4807184768896	0	8.959625435789736	136.3501839782636	527.1810263357784	647.4416974839681	0	120.2606711481898	636.0939469254625	58.57081750053843	145.9282204697604	0	87.35740296922197	143.2179391555551	32.57467910868654	45.13591001576159	0	12.56123090707505	45.12394455244745	211.3151091565132	222.3107877940154	0	10.99567863750213	208.9933630693638	25.91744213578833	39.59416600285442	0	13.67672386706609	38.45906251132978	160.2507798106157	222.6277111981319	0	62.37693138751621	202.8647035701478	52.36704143297441	70.66699188788853	0	18.29995045491411	70.5883365924192	391.4382723530795	460.3399441882761	0	68.90167183519665	453.8588273689476	62.64333346992839	129.7200696604139	0	67.07673619048556	126.9996190539428	19.59992002837648	51.72472280655236	0	32.12480277817588	51.6153096232769	57.74815276337881	145.3398577297779	0	87.59170496639915	140.1843998002041	31.62599152095439	86.37051967771751	0	54.74452815676312	78.46615054403584
15.42466016199702	154.5492531274508	180.3749750907628	0	25.82572196331199	179.3424472930425	520.0410513536746	573.4784657397454	0	53.43741438607081	569.1018157240593	7.594226493258935	11.12557194026039	0	3.531345447001452	10.77712777089039	6.768889971081645	10.26811731771893	0	3.499227346637281	10.02869427095501	27.01659707560823	29.89154982560261	0	2.874952749994377	28.73135253018208	90.70937478089142	95.27780003203519	0	4.568425251143764	88.27423025410076	13.40259479675759	20.55811686145026	0	7.155522064692668	20.01974798597557	79.98748853384345	112.6711156945578	0	32.68362716071434	109.7758613054583	206.3555747441274	239.2439307750366	0	32.88835603090929	234.9817315574406	28.86597799308382	55.4492211353234	0	26.58324314223957	54.76388451172104	5.053736425638894	17.7659882508451	0	12.71225182520621	17.36160680228384	9.88053459031798	24.48147321597859	0	14.60093862566061	23.57513933981983	19.52235729980248	39.36052081864902	0	19.83816351884655	38.33678730901497	138.6867149009843	160.7737988876613	0	22.08708398667702	157.5464706732089	13.3136985312117	34.97699090984494	0	21.66329237863325	32.69661711194538	17.77409458815318	45.51969546125107	0	27.74560087309789	42.24507657285746	10.80798419455432	24.15961598105284	0	13.35163178649851	22.06563063428842	21.00130526462243	38.057056053044	0	17.05575078842157	35.72965826639005	12.3777118559148	24.559754762213	0	12.1820429062982	23.07671724468382	13.76044281755596	26.12640499189792	0	12.36596217434196	24.50336858141211	37.7886278169592	46.84792691914144	0	9.059299102182246	46.10641549759912	52.50802737296039	63.77149096081965	0	11.26346358785926	63.77149096081965	60.43928964605458	70.11734096241727	0	9.678051316362685	70.10595130305961	46.64796336151169	60.47999176609698	0	13.83202840458529	59.81210760431444	573.7192616359283	646.1718311142168	0	72.45256947828847	626.4402768200413	70.61127080512654	77.27511211336498	0	6.663841308238449	75.30965515505346	136.1687002901362	151.09604188817	0	14.92734159803379	145.5822824911928	213.4107480554342	223.5467950719535	0	10.13604701651924	218.6301914906206	809.341875453963	937.980686723482	0	128.6388112695189	921.7853079032278	90.25805992294539	181.2067898534109	0	90.94872993046546	177.8812495810536	39.45718036175258	52.39184466656708	0	12.9346643048145	52.37808847835195	55.53523610970058	64.89996999513896	0	9.364733885438385	60.8514179706081	9.042539898369846	22.18040046427634	0	13.13786056590649	21.53627631281976	185.5303383450912	225.1470479504983	0	39.61670960540711	199.8271583377725	70.90526202506513	91.98748420210673	0	21.08222217704161	91.88952911427411	359.8873100676841	452.9897332569603	0	93.10242318927622	447.1959811841456	22.07208734495927	77.62509257029249	0	55.55300522533323	75.89036108616477	21.59229484690504	52.55663386662243	0	30.9643390197174	52.44288895515808	63.98384184006956	148.7493677045096	0	84.76552586444006	143.3461543659185	34.81806837734243	87.70767346504766	0	52.88960508770524	79.50386478314243
15.43892681439701	207.0553349282219	231.9255106964567	0	24.87017576823482	230.5872738736039	684.1377614358757	737.3717174210007	0	53.23395598512487	731.743505304089	6.883171806396753	10.19425776936535	0	3.311085962968593	9.866198872613394	6.427463494561303	9.658557716761697	0	3.231094222200395	9.425174884428898	36.46409589001192	39.13508290153211	0	2.67098701152019	37.57531495866566	126.5769075081443	130.9709853101042	0	4.394077801959829	121.2331159500943	12.44394453440673	18.29478662926	0	5.850842094853279	17.78521548126919	106.3256368386291	138.6448125413175	0	32.3191757026884	135.0746306645852	120.9828060930041	157.9519502618264	0	36.96914416882236	155.2500780464147	13.04793705567294	43.49107531822997	0	30.44313826255703	42.97514978005119	6.823089635493612	19.08946444116945	0	12.26637480567584	18.64686442753297	12.16299137140258	26.07302523818127	0	13.91003386677869	25.07565990668949	41.05531200503535	57.71752248526434	0	16.66221048022899	56.07414664011906	76.61358546818866	95.61151004035744	0	18.99792457216879	93.46189139342079	13.53122934304741	34.53110046262096	0	20.99987111957355	32.24154271250704	18.02909638120135	44.01118458125542	0	25.98208820005407	40.75647334757431	10.71747412353692	22.4958397631184	0	11.77836563958148	20.44461559011169	18.27470402806367	37.3570070650298	0	19.08230303696613	35.163153430496	12.79554725227593	26.04180548437123	0	13.2462582320953	24.51141674635097	14.16265703336641	27.39588259924023	0	13.23322556587381	25.72695082363738	64.46941872315972	74.98723029182597	0	10.51781156866625	73.86178981389746	83.16113909231508	96.41547631868713	0	13.25433722637205	96.41547631868713	93.00199820981233	105.1002249250025	0	12.09822671519022	105.0844272776264	67.52927640610682	81.03014324559506	0	13.50086683948823	80.12897126903012	827.069676704602	907.1072741977886	0	80.03759749318662	880.0303826506436	37.19816385849791	43.38191487581408	0	6.183751017316175	42.25002005096936	138.0006801430977	151.7600667757243	0	13.75938663262658	146.0511602222315	280.5402036813836	292.7501899967305	0	12.20998631534688	286.7088269496679	1176.850782561642	1312.353179050017	0	135.502396488375	1289.952903595447	119.5362671900113	221.7085543180438	0	102.1722871280325	217.8038131548276	55.98951374970996	69.14262459154327	0	13.15311084183331	69.12457420614597	23.41457430951812	30.28985527075483	0	6.875280961236709	28.24536289687114	7.740802536309625	19.94029154668055	0	12.19948901037092	19.34651673536458	126.1341290941782	163.3211752549701	0	37.18704616079184	142.465890077858	107.735905714431	132.9175917457121	0	25.18168603128105	132.7836614738455	230.4198745745307	339.2578299562641	0	108.8379553817334	335.1225417527351	22.26517438211245	75.3548540997114	0	53.08967971759895	73.63419687934658	22.7925522039472	54.8656913347145	0	32.0731391307673	54.74750522770143	67.93141187130148	155.9048888255437	0	87.9734769542422	150.2692648339661	36.62158155357122	91.18388484055832	0	54.5623032869871	82.69303842422106
15.453193466797	244.6235785052925	267.5178173467161	0	22.89423884142363	265.9456991014382	791.581163674109	841.5237475725252	0	49.94258389841618	835.0142878733042	6.530821285241832	9.684794847690764	0	3.153973562448931	9.365275745446917	6.382831481217991	9.471823462885611	0	3.08899198166762	9.236283788374047	38.39986046725743	40.8655583260409	0	2.465697858783483	39.18527198937002	149.3422616926265	153.4678841456303	0	4.125622453003811	141.8258689876383	11.683497736078	16.16477066281852	0	4.481272926740524	15.67526881362745	122.7975509110739	152.9035542009397	0	30.10600328986578	148.8887452941345	89.79222992852425	126.90263308001	0	37.11040315148581	124.7385005161323	9.365091230634372	41.14587415719691	0	31.78078292656254	40.6640086592195	7.376429664508094	20.26768080477248	0	12.89125114026438	19.8038209357622	13.11877041951518	27.51074609920332	0	14.39197567968814	26.46334329549235	45.96694345424508	60.29505245796443	0	14.32810900371935	58.47135330801104	74.16859064975085	91.13193320342455	0	16.96334255367371	88.9762445671639	14.08833395642075	35.23734433201763	0	21.14901037559687	32.89523094319323	18.90585988302548	44.45536408178009	0	25.54950419875462	41.12638117590102	11.13023481019009	22.04399488812528	0	10.91376007793519	19.95468799650124	18.85840941366504	40.65852269706336	0	21.80011328339832	38.38727387146226	13.33020941106427	28.26459409757831	0	14.93438468651404	26.67277338580137	14.63308763607643	29.43100063027655	0	14.79791299420012	27.7056137094844	80.45200999977355	92.58167059129869	0	12.12966059152514	91.26170679328838	101.8645133678874	117.5598486539913	0	15.69533528610388	117.5598486539913	111.4301339791021	126.9319964978702	0	15.50186251876807	126.9145008394768	78.9969362180489	91.67264816464896	0	12.67571194660007	90.63247122769882	977.8771875642257	1062.834504774283	0	84.95731721005735	1031.547299401964	22.87966655305325	28.47202555489213	0	5.59235900183888	27.70356651781318	144.3268621731769	156.8105899911996	0	12.48372781802266	150.7094318647503	346.4654220988988	361.8382103212868	0	15.37278822238798	355.0134755699983	1417.765109024987	1556.972932282369	0	139.207823257382	1530.560940773426	181.249241591256	306.3212523761013	0	125.0720107848454	301.3141091928275	67.83298398021671	80.94692479376792	0	13.11394081355121	80.92578876643402	16.11826265860844	20.07587659919663	0	3.957613940588189	18.53485661349559	7.35702956547165	18.25820828375942	0	10.90117871828777	17.69254711778903	64.02534389757334	102.4727564720525	0	38.44741257447917	88.95649438329882	130.4580037299877	161.0761010890997	0	30.61809735911194	160.9232475072367	195.8060026022233	311.3992954936354	0	115.5932928914121	307.6713036130594	23.60354459289995	80.02698071614006	0	56.42343612324011	78.2284152752753	24.5435237168296	60.7695080603554	0	36.2259843435258	60.64390240466825	73.50487313193381	172.7709165921899	0	99.26604346025607	166.7882290694614	39.23685042133921	100.1978419452147	0	60.96099152387545	91.228199991286
15.467460119197	270.5630346782024	290.7748822524435	0	20.21184757424108	289.0166338060647	854.3405396777655	898.4102971369824	0	44.06975745921699	891.2674946399352	6.494963999856724	9.552085929878951	0	3.057121930022227	9.230726232756714	6.545519882515258	9.594312812584217	0	3.04879293006896	9.351597365039376	32.78203030870888	35.06439500902741	0	2.28236470031853	33.5734010473669	159.5377620990874	163.3406047610955	0	3.802842662008147	150.5843920080247	10.65977112489783	13.75345551293326	0	3.093684388035432	13.29036194472149	128.4896368546999	154.5950431854916	0	26.10540633079164	150.3666932968567	114.2825383353314	149.5125674094189	0	35.2300290740875	146.9252788771772	15.94022098091591	47.75952342328325	0	31.81930244236733	47.20062495123707	6.614225236175593	20.7460008443432	0	14.1317756081676	20.2848750635662	12.8772326683892	28.33711792339421	0	15.45988525500501	27.28314956434397	35.03930192051577	46.76497395513718	0	11.72567203462141	45.24853907252167	150.9946229056148	165.8536310086475	0	14.85900810303273	161.7797138715648	14.59203419659357	36.59566780795703	0	22.00363361136346	34.19542602420084	19.80010130752343	46.13975244024674	0	26.3396511327233	42.70673450111309	11.6988272176407	22.37750099451426	0	10.67867377687356	20.21648028720559	19.90652117348206	44.92829970439318	0	25.02177853091112	42.54844903933777	13.57706301278403	30.67787481134734	0	17.10081179856331	29.03641579327405	14.72917485816048	31.59537885265734	0	16.86620399449686	29.83318133337371	84.3532730224117	98.00799786168932	0	13.65472483927761	96.66871517444969	106.1594854309548	124.4146120524403	0	18.25512662148548	124.4146120524403	111.6141684152387	131.2223565979134	0	19.60818818267467	131.2056677534885	81.24527590993084	92.63187304834378	0	11.38659713841295	91.54294390376751	1016.63628089666	1102.110771885851	0	85.47449098919084	1069.729756946928	33.01654729225839	38.00890435382709	0	4.992357061568706	36.93991754200495	153.9109502126652	165.1329870315137	0	11.22203681884851	158.4527136352539	400.3193776100977	419.7005837497257	0	19.38120613962803	412.5088181528855	1509.147401427217	1647.402081298853	0	138.2546798716363	1619.423191354778	266.3171916897715	431.3487061089613	0	165.0315144191897	424.9784595695758	74.41354293470685	87.17057315949447	0	12.75703022478761	87.14763391666523	15.31118980674819	16.2815247065381	0	0.9703348997899157	14.77366849563072	7.087731590521888	16.43936506518622	0	9.351633474664336	15.9012196377221	68.81370172398736	110.232082550814	0	41.41838082682659	95.88806762153543	137.2616324855806	174.3717734850345	0	37.11014099945391	174.2155633148091	250.602310638791	368.2254014693928	0	117.6230908306018	363.8408603677158	23.72967551448605	86.96892628974798	0	63.23925077526194	85.08214208071513	26.18353848566849	70.18925968393576	0	44.00572119826727	70.05478570115416	78.63768742876002	198.5787626323561	0	119.9410752035961	192.2244867549121	41.64153126011335	114.5163686720064	0	72.874837411893	104.9798775736071
15.48172677159699	293.9868656318511	311.4069031446139	0	17.42003751276275	309.4569933113335	884.5585118976336	921.8491479538892	0	37.29063605625559	914.2394446721651	6.709396664616506	9.732461913205871	0	3.023065248589366	9.401011624389843	6.709250930715497	9.808364332345064	0	3.099113401629567	9.559148431355643	52.03906597454323	54.18123276637137	0	2.142166791828137	51.80258148060609	176.254819486096	179.7291098717025	0	3.474290385606531	165.1947689051575	9.899142673267503	11.74095117360776	0	1.841808500340258	11.29014909700227	121.1246207589534	142.0565927059387	0	20.93197194698533	137.9101033220464	131.2302290269634	164.0156871355543	0	32.78545810859089	161.1153349376449	18.58474990154911	50.00390229856607	0	31.41915239701695	49.41666760338782	6.267961544124136	21.98125263803854	0	15.7132910939144	21.50942338760467	12.73881462174486	29.48469415541358	0	16.74587953366873	28.420087528164	34.31715563714615	42.81866165230047	0	8.501506015154316	41.283761826126	166.8590039043016	177.4287221777965	0	10.56971827349492	172.6753796717686	14.94241930669605	38.30648998023331	0	23.36407067353726	35.85361829742696	20.49252598642244	48.61117456834553	0	28.11864858192309	45.07168139669028	12.27728289244984	23.25647053951868	0	10.97918764706884	21.01566402169334	19.46944306815558	47.77154161040056	0	28.30209854224498	45.35888080384832	13.34983214957228	32.79296623421579	0	19.44313408464351	31.12277106856516	14.73224989484283	33.85987507374968	0	19.12762517890685	32.06240706784435	67.73861865467622	82.52699026835589	0	14.78837161367966	81.43123661564046	86.69083305917337	107.0847602044243	0	20.39392714525098	107.0847602044243	95.44199908900183	119.0022517709476	0	23.56025268194577	118.9880151248256	81.95093993009904	91.75839344183996	0	9.807453511740924	90.62355410586034	972.5832798636917	1054.412508715034	0	81.82922885134199	1023.148614361107	37.38619513236462	41.79127133313588	0	4.405076200771266	40.56087973860647	163.8759769157655	173.8286327733349	0	9.952655857569397	166.4854100998508	419.7629083513559	443.348326028955	0	23.58541767759912	436.33924231692	1506.574407904955	1639.660693352295	0	133.0862854473402	1611.589970371983	302.2539262736437	531.1503468920057	0	228.896420618362	524.1630617057383	75.97527593415441	88.06130195941077	0	12.08602602525636	88.03775198979147	13.38168270908659	11.79811617426718	0	-1.583566534819419	10.37787191029469	7.442402805337955	15.13972638653215	0	7.697323581194194	14.60743231071874	70.78016232883802	114.6346729031814	0	43.85451057434335	100.1658030844509	120.5893406204043	164.418334956715	0	43.82899433631071	164.2780514348634	276.8777292898097	394.8752812312697	0	117.99755194146	390.177659661845	23.52765653157336	95.78009155716842	0	72.25243502559508	93.78802282942635	26.78621896064646	82.97585053341973	0	56.18963157277327	82.83184750454248	80.72659450419776	231.9749701724681	0	151.2483756682703	225.2697716360751	42.49532058428755	133.6774692089046	0	91.18214862461707	123.5426941230619
15.49599342399698	308.1443908320852	322.6987093597529	0	14.55431852766762	320.5910127702986	857.6840930753087	887.7888711162484	0	30.10477804093973	880.0960736747933	7.140340649764819	10.16565398389228	0	3.025313334127462	9.81754966894232	6.854091150169764	10.07675972155452	0	3.22266857138476	9.822630669106939	95.5475828715924	97.5453804847029	0	1.997797613110502	93.12823807757425	198.385659930079	201.4775839059051	0	3.091923975826036	184.4850221220339	9.401951031569066	10.28440309393528	0	0.8824520623662124	9.824291964542789	102.246626220994	117.8108731436933	0	15.56424692269937	114.049705710075	130.1421146522496	160.7321883199626	0	30.59007366771299	157.8280235447592	16.55146381455187	47.74671861898064	0	31.19525480442877	47.18478100918171	6.442772098018633	23.90275667142539	0	17.45998457340676	23.4071661784923	12.88080796457417	30.91916867230757	0	18.0383607077334	29.83421654663599	42.33012924780225	47.49525340822145	0	5.165124160419204	45.53132881862997	137.8146849261506	142.1923950496914	0	4.377710123540825	137.6003970422664	15.31759702338813	40.61129729878233	0	25.2937002753942	38.09371103193241	21.15968375513221	52.13932665499132	0	30.97964289985912	48.47054126515977	12.84097197133725	24.59524275402078	0	11.75427078268353	22.27488302106604	18.04090075653239	49.92718713695796	0	31.88628638042557	47.51284652420544	12.99520913472109	35.13390260507279	0	22.13869347035169	33.42708265209749	15.03378578751661	36.78958337974045	0	21.75579759222384	34.92802938327395	30.78452021679627	46.34636478181417	0	15.5618445650179	45.74190126142571	44.56181697017674	66.63200921874994	0	22.0701922485732	66.63200921874994	68.09881687712236	95.24264856674891	0	27.14383168962656	95.23175496569641	81.4322641313385	89.5552624047312	0	8.1229982733927	88.37272525266117	847.2097521546483	922.1204893438389	0	74.91073718919057	894.2512627848079	34.88577714789002	38.76331438392102	0	3.877537236031003	37.56468260281394	175.9769136965903	184.7215056920336	0	8.744591995443347	176.5331673876987	415.9649725855293	444.0020348927714	0	28.03706230724215	437.4266356782463	1415.292576856465	1539.680881206817	0	124.3883043503517	1512.938929043228	291.3134353287924	609.4523542636373	0	318.138918934845	602.2750457422126	72.61682763778632	83.7911970322607	0	11.17436939447439	83.76824520718198	9.998783716857471	6.89760809344893	0	-3.10117562340854	5.728606380603437	8.405158026536656	14.5284180974146	0	6.123260070877941	13.97140057523057	69.19509636859485	114.5611829346081	0	45.36608656601323	100.4865205979674	82.95905081852412	132.7207758294392	0	49.76172501091503	132.6115932273778	252.6453260707067	371.7406324902135	0	119.0953064195068	367.3290023772155	23.27647084058314	105.9103425123721	0	82.63387167178894	103.7986473747441	26.17778116098354	99.10944619885709	0	72.93166503787354	98.95439623367898	79.2990995158647	271.7548519704428	0	192.455752454578	264.6787866354389	41.58458582577516	157.1915506015917	0	115.6069647758166	146.3850552203932
15.51026007639698	272.3064083313954	283.7031773091655	0	11.3967689777701	281.7425125525672	728.179880401695	750.6810310134051	0	22.50115061171016	743.7326225327311	7.550561230780879	10.56671021881448	0	3.016148988033605	10.20405110985528	7.135743293238637	10.51048088860075	0	3.374737595362117	10.24959392773992	100.2890969282375	102.0755667164991	0	1.78646978826161	97.28109939527238	176.5160642761066	179.1101962515031	0	2.594131975396509	163.1285333361222	8.967840426035091	9.255764153528061	0	0.2879237274929687	8.767111734453888	83.61039462698719	94.49967301335133	0	10.88927838636415	91.12631311420249	122.0828326938176	151.2121764582196	0	29.129343764402	148.4362592872472	14.03827110139265	45.60446531320626	0	31.56619421181361	45.06937672957337	6.419445389765765	25.55482055400873	0	19.13537516424296	25.04066053243531	12.81048402806878	31.88410386308037	0	19.07361983501159	30.78995678059805	34.99980821885828	37.27475336178592	0	2.274945142927639	35.40780551083603	91.92984839282562	90.96706464495607	0	-0.962783747869552	87.11713559993331	15.79042323076445	43.83541000462763	0	28.04498677386318	41.22902148341257	21.85890710573196	57.04179142135882	0	35.18288431562685	53.20709470750327	13.30371952290905	26.18678854412017	0	12.88306902121112	23.8000269189944	18.43076646218006	55.39384411648686	0	36.9630776543068	52.84541336214925	13.32684393592829	39.3888666837743	0	26.06202274784601	37.57806787041678	15.44248263885779	41.07156327843483	0	25.62908063957704	39.10707505942526	12.54822621199666	28.98761298504489	0	16.43938677304823	28.61596268377615	16.94579801499528	41.01892478501189	0	24.07312677001661	41.01892478501189	43.80957710243894	75.68294824732345	0	31.87337114488452	75.67469069978381	70.448116324601	76.92451750986125	0	6.476401185260247	75.82337120840025	709.9931206491651	775.9843192509903	0	65.99119860182525	751.8669074649714	35.13630736321735	38.59683606269143	0	3.460528699474087	37.34458911643586	182.0190891051095	189.7091276850854	0	7.690038579975865	180.8622339107496	356.9219829102517	391.6720820370136	0	34.75009912676195	386.2692554659862	1233.629014326077	1346.63998536375	0	113.0109710376727	1322.760944299609	224.2631904572141	655.20545620155	0	430.9422657443359	648.1990340914759	62.1895746080493	72.33564863317507	0	10.14607402512577	72.3152258447282	5.695100048358126	2.342000342019107	0	-3.35309970633902	1.746395806092529	9.840619327458491	14.65740114767617	0	4.816781820217679	14.0388216698277	66.52232938678941	111.434676775292	0	44.91234738850257	97.87437711497583	52.2061856167166	106.8538250435514	0	54.64763942683481	106.7682057745233	205.6667263628746	328.2695468677532	0	122.6028205048786	324.4043460545943	22.67636556661104	115.7552526433821	0	93.07888707677103	113.5311795586996	24.99911456687298	119.6058016437094	0	94.60668707683641	119.4362277675552	76.06265414005078	319.3057642368437	0	243.243110096793	311.7567750620354	39.89558923151629	186.1763986171118	0	146.2808093855955	174.5067404436083
15.52452672879697	187.8554330703444	195.8757147345041	0	8.020281664159617	194.4091593069434	511.8736342763891	526.8053636258924	0	14.93172934950329	521.4561932120863	8.04750214869213	11.07975143611017	0	3.032249287418045	10.69930698245552	7.677210951357845	11.28302460963039	0	3.60581365827254	11.00938073848388	63.67197688950756	65.21663248567687	0	1.54465559616931	62.00412608829033	106.6643100253723	108.6636691661904	0	1.999359140818039	98.17150307927312	8.839434769085265	9.057982793482308	0	0.2185480243970421	8.499409806104087	66.27999466606373	73.62207137749095	0	7.342076711427215	70.6359959049425	104.4194779710763	132.5371889473738	0	28.11771097629748	130.0764731716505	10.9650306602539	43.15627253622771	0	32.19124187597381	42.65270143570847	6.270727472869049	26.90226195152209	0	20.63153447865304	26.37399573572375	12.7554239124335	32.66328232771877	0	19.90785841528526	31.56066648985218	17.15262331683494	17.69836431797785	0	0.5457410011429116	16.58707815215342	39.3422750164227	35.46683328403563	0	-3.875441732387077	33.34336982141735	16.37061016461501	48.5652461014162	0	32.19463593680119	45.83213226943302	22.72578046100819	64.32905101614097	0	41.60327055513277	60.25328324554221	13.97188823770845	28.58826389913188	0	14.61637566142343	26.10274279564003	20.12786128802084	64.77148267840708	0	44.64362139038624	61.97397339204041	14.01138993878873	46.44087195945784	0	32.42948202066911	44.45553337708171	15.57089203813627	47.72863520159381	0	32.15774316345755	45.61370708835142	16.84573145890111	34.44338472558581	0	17.59765326668469	34.01119734975333	7.876406058558794	35.00793691060042	0	27.13153085204162	35.00793691060042	19.38414456538282	59.62399986065484	0	40.23985529527202	59.61791616125708	47.69100847139183	52.72856326071362	0	5.037554789321794	51.90030920436514	569.4319751928692	624.9724905051418	0	55.54051531227258	604.7889050703775	38.92335164756756	42.12525485070057	0	3.201903203133019	40.70296010519284	183.8706625148189	190.846923956548	0	6.976261441729116	181.5296716852827	185.5795877555484	233.6177384869321	0	48.03815073138368	230.7130289235005	947.7966525073195	1047.09127098769	0	99.29461848037096	1027.992859084756	124.2172636595697	674.6750394792042	0	550.4577758196344	667.9801023942746	43.14706684989503	52.24431923026064	0	9.097252380365603	52.2290460241042	3.06908856346265	0.6308493485129225	0	-2.438239214949728	0.3883456420469646	12.0289038886634	15.94008774818519	0	3.911183859521788	15.20092182488767	66.77783635749647	111.5608015578912	0	44.78296520039471	97.97530691191564	31.05752366733967	89.00412368031748	0	57.9466000129778	88.93397758651422	135.2501876951214	262.1794326959492	0	126.9292450008277	259.1224798759276	22.02462251092645	124.8262699155002	0	102.8016474045737	122.4996027501922	23.13461601514566	143.1169064527145	0	119.9822904375689	142.9307909056708	70.66588962937415	369.7619933836719	0	299.0961037542978	361.710412687515	37.14681996819854	218.2014059165895	0	181.054585948391	205.5855233213356
15.53879338119696	133.0702955950221	138.3890620632988	0	5.318766468276761	137.2448331958323	381.8361107314972	391.1059766510712	0	9.269865919574002	386.6580920618439	7.941820892720269	11.02422025510697	0	3.082399362386697	10.64698893784442	7.802171754412321	11.67194012532944	0	3.869768370917117	11.39716461467015	33.37430791821731	34.7675074320261	0	1.393199513808782	32.96328938465431	63.9043454837209	65.4485815749657	0	1.544236091244798	58.48848698475489	8.258861952345024	8.54345795594646	0	0.2845960036014352	7.947515535175773	46.6007696110409	51.55544642160601	0	4.954676810565111	49.16437077975446	97.38016755970546	124.5245338282557	0	27.14436626855019	122.1869743338424	9.20870269285075	41.68580241880666	0	32.47709972595591	41.20068248028874	6.266329379044362	28.20998380735957	0	21.94365442831521	27.66681748632514	12.85412981791754	33.53015248302355	0	20.67602266510601	32.41393244809255	9.309742614643815	9.196076901552917	0	-0.113665713090898	8.470803113957489	15.38497435077299	10.80548726339178	0	-4.579487087381215	9.850841201650077	16.13211047810914	53.44586566813122	0	37.31375519002208	50.6176115018815	22.52942792084133	72.32310068440886	0	49.79367276356752	68.03214283607481	14.14927162535708	30.89216138849695	0	16.74288976313987	28.35160706373805	20.14000821653879	74.51908235201421	0	54.37907413547541	71.50841498544862	13.63076901784697	54.78117348744165	0	41.15040446959468	52.61946857242507	14.94366910480523	56.33509559018765	0	41.39142648538242	54.04606637931609	32.8343039285343	51.64318561305314	0	18.80888168451884	51.00902858138179	13.77758685470781	44.72364429341502	0	30.94605743870721	44.72364429341502	7.088533743931768	59.97944116234364	0	52.89090741841187	59.97377946092392	29.23978150330053	33.19727494368315	0	3.957493440382617	32.62337419701672	517.263774982181	562.7443942865592	0	45.48061930437827	543.7127316988499	38.29611669968752	41.35448092531396	0	3.058364225626436	39.91836896247035	186.6760164651312	193.2464896461241	0	6.570473180992856	183.4811342024527	49.24791361833511	119.8838203945527	0	70.63590677621758	118.5666116815436	801.7225217871147	887.1880585889431	0	85.46553680182848	870.4528857830433	191.797333405394	835.5500246216282	0	643.7526912162342	827.6339763131258	34.81680044797295	42.94280851481219	0	8.126008066839239	42.92977964948167	2.430553972051464	1.042584701147283	0	-1.387969270904181	0.4743066190537928	11.47984298637429	14.81380621607302	0	3.333963229698735	14.06856837487103	68.3228024526139	114.1336058796913	0	45.81080342707739	100.3067789359222	38.49530460813652	97.37145395980156	0	58.87614935166503	97.29507654474169	95.65702226709665	225.0327009368495	0	129.3756786697529	222.4234748675625	21.548714140426	133.1107460332639	0	111.5620318928379	130.6899313418531	21.506536303097	166.7947989735854	0	145.2882626704884	166.5919054683166	65.65312541635191	416.5189800433028	0	350.8658546269509	407.9877004537094	34.66474683200016	249.2323715004363	0	214.5676246684362	235.6873409356722
15.55306003359696	109.6709199629162	113.2752640458677	0	3.604344082951481	112.2403865057127	328.686049275514	334.6103335392121	0	5.924284263698163	330.3512312156445	7.168039961703164	10.3192434908798	0	3.151203529176637	9.968723803315751	7.484955565737849	11.62111113188171	0	4.136155566143858	11.35589180997173	15.00437861399754	16.31801495682142	0	1.313636342823886	15.43220939180148	57.87903243252804	59.13380422601502	0	1.254771793486983	52.21016564992993	7.415602718343528	7.81471910879411	0	0.3991163904505808	7.216534984702774	22.51426283393688	26.05050668938366	0	3.536243855446787	24.67821299107475	106.2332608147589	132.5231499269519	0	26.28988911219295	130.0096118144436	8.941387057342572	41.2445257349625	0	32.30313867761993	40.76390602539543	6.337639638167607	29.22362862631611	0	22.8859889881485	28.66858727870209	12.95717518655252	34.23624008466631	0	21.2790648981138	33.10905967512551	10.10341935896117	9.867068000715479	0	-0.2363513582456922	8.909968811596359	9.060111504443709	4.880145195566707	0	-4.179966308877002	4.237534342046656	15.48700020354552	58.12511747997583	0	42.63811727643031	55.21343466644683	21.78971324744305	80.41637485463727	0	58.62666160719422	75.91606954851952	13.97543091570853	32.99663147459739	0	19.02120055888886	30.42187173245195	18.95073072060629	83.46001498204916	0	64.50928426144287	80.2733107356884	12.6423732451899	63.64297533761553	0	51.00060209242562	61.30085383535045	14.11446048220795	66.3558490931816	0	52.24138861097366	63.85958568944206	58.10268170754906	77.90532740135076	0	19.80264569380169	76.96473906954299	31.34221246948035	66.05849488746209	0	34.71628241798173	66.05849488746209	7.791473316594693	75.92318487325306	0	68.13171155665837	75.91650011632962	17.61992956231781	20.84430570126001	0	3.224376138942203	20.4508120228812	555.1907192333871	592.8177785377743	0	37.62705930438725	571.8429329618587	32.3633934382045	35.37643071621054	0	3.013037278006041	34.12784128394253	191.8368719391928	198.2982836803844	0	6.461411741191633	188.0746442137482	15.637997813587	117.9833152711615	0	102.3453174575745	116.8240525230132	852.2902755776873	926.3642146665135	0	74.07393908882617	908.3063486738429	371.432225743829	1076.946246821105	0	705.5140210772763	1067.01072927142	40.97006083943997	48.27447292372342	0	7.304412084283439	48.25928771644615	2.620009151489655	2.046873335712724	0	-0.5731358157769306	0.595869744564462	7.766046953366524	10.7432623423013	0	2.977215388934778	10.16582509747742	69.33556036512677	116.692900414718	0	47.35734004959126	102.7424598906261	70.88922522194646	128.7709283320255	0	57.88170311007906	128.6694808807347	94.93800466975779	224.2276491937583	0	129.2896445240005	221.627948973986	20.99664093769794	138.97393219536	0	117.977291257662	136.4890841254046	20.45468292729448	188.8368086310681	0	168.3821257037736	188.6182377769068	62.49512435318849	457.7404979235376	0	395.2453735703492	448.7680733564839	32.97828563271871	277.2584862723673	0	244.2802006396486	262.8635474129044
15.56732668599695	85.03488900363105	87.43715348548223	0	2.40226448185118	86.55571646563453	276.165147368563	279.8447530998256	0	3.679605731262594	275.862814537398	6.925573442984747	10.24572033897179	0	3.32014689598704	9.90256442848378	7.51367294919037	12.06359357154504	0	4.549920622354673	11.79783382262847	6.348404825329253	7.646544866239015	0	1.298140040909762	7.217412164105078	48.30570452811515	49.31586932910611	0	1.010164800990961	42.98489565714149	7.434509384470234	8.35698737490765	0	0.9224779904374162	7.688308043544648	27.26695458841233	29.98384182751151	0	2.716887239099185	28.21945327885993	108.7051052783091	134.3015404965446	0	25.5964352182355	131.732224975946	8.987555254537588	40.55869500438894	0	31.57113974985134	40.08315206148472	6.086253818054507	29.35405616582179	0	23.26780234776728	28.79975874175053	12.77506821287704	34.45161813352274	0	21.67654992064569	33.3255295497495	10.53476943399806	10.47573965585011	0	-0.05902977814795651	9.270726954279164	5.141057690668353	1.916358917492349	0	-3.224698773176004	1.549379953584315	15.55071522905522	64.32971412601435	0	48.77899889695913	61.26966104745581	21.79820299196284	91.05006107683299	0	69.25185808487015	86.230409582262	14.38076991190011	36.49600493445196	0	22.11523502255186	33.80085545958345	81.52750420376061	155.1544308902193	0	73.62692668645866	149.4778333469685	39.49487869617273	101.1761148969029	0	61.68123620073011	97.6660838529707	46.03420147059482	111.1459864701331	0	65.11178499953823	107.2427445846498	62.49703992600603	82.53222617131526	0	20.03518624530923	81.54129930655672	45.724857717716	83.32660882779047	0	37.60175111007446	83.32660882779047	19.54805476266578	104.0905016336501	0	84.54244687098434	104.0818474884751	13.68547078562621	16.41535730693594	0	2.729886521309726	16.08095276714733	571.4440647678589	602.1724827517071	0	30.72841798384813	579.8264206106238	27.16299251463421	30.21385808103647	0	3.050865566402261	29.14304318463114	184.9802759364006	191.6200937104177	0	6.639817774017069	181.7141129037807	85.64855720714186	232.7423746330471	0	147.0938174259052	230.6771707342285	915.3695492443881	979.3198986158101	0	63.95034937142208	959.5765460683655	434.9167160345689	1160.267304965701	0	725.3505889311324	1149.651775940777	56.97591376624221	63.56913231231876	0	6.593218546076558	63.54842760866939	2.524967205840499	2.532095893697687	0	0.007128687857188093	0.4376591052661062	6.030968176286062	8.907998396567368	0	2.877030220281306	8.407314787787081	71.24327313403253	121.2738865018541	0	50.03061336782159	107.0925016359941	88.38197879535622	142.4822177956638	0	54.10023900030755	142.3679730754678	100.4695840673223	226.6068725986464	0	126.137288531324	223.962440380611	20.14287031708766	140.6571124663368	0	120.5142421492491	138.1593707453871	19.14906651391984	207.3161097129623	0	188.1670431990425	207.0847465254847	59.54638985554898	496.3546542448217	0	436.8082643892728	486.965953182771	31.17714390190667	300.3356815011047	0	269.158537599198	285.2537754209161
15.58159333839694	59.08612284240063	60.79386104885547	0	1.707738206454834	60.12014085506739	236.0121819128437	238.3614444059305	0	2.349262493086794	234.5699732330283	7.165934540014686	10.76423680703468	0	3.598302267019994	10.41306009040503	7.76228657717345	12.89189192987904	0	5.129605352705595	12.62072252956007	6.100527292219637	7.489773467742085	0	1.389246175522448	7.06365411651105	28.96849929152061	29.87597305782003	0	0.9074737662994193	25.70673652294899	8.18819702529121	9.748512826038235	0	1.560315800747026	8.989416622894003	66.11030167707123	68.39932111338229	0	2.28901943631105	63.99884959615924	101.6854938086577	126.6841922004876	0	24.99869839182993	124.2420239311923	9.355647474805354	39.60047473669336	0	30.24482726188801	39.13066189383443	5.547455066871775	28.62811511022561	0	23.08066004335383	28.08656804927107	12.29634612095816	34.17705375910243	0	21.88070763814427	33.06437915733768	10.99258519552666	11.29854626728753	0	0.3059610717608714	9.833498607373945	3.087939043311089	1.098551359104396	0	-1.989387684206692	0.8135279831750569	15.68701742123998	71.59011483770587	0	55.90309741646589	68.35673404722714	21.63220182648396	104.1817528255074	0	82.54955099902344	98.97568009117232	14.78335573949024	41.25440300035773	0	26.47104726086749	38.40117012466854	192.0704162325933	271.4801893005126	0	79.40977306791928	261.7914433284971	87.67653700540366	159.5537952277551	0	71.87725822235144	154.2708025890284	103.1358274185516	182.4730644031172	0	79.33723698456554	176.4394757552422	47.7196519101254	66.75845219735433	0	19.03880028722893	65.9459588042709	56.70965795158954	95.02560612682571	0	38.31594817523617	95.02560612682571	37.70817197009244	135.3833917551875	0	97.67521978509505	135.3725532201291	17.42578238259445	19.86261941376016	0	2.436837031165712	19.43273365092318	573.5632271955709	597.9485078617977	0	24.38528066622668	574.4883109239443	23.47914233609243	26.66541766405559	0	3.186275327963152	25.72812661738058	161.4868273858696	168.5954478424087	0	7.10862045653916	160.014447616734	204.6585530539024	408.8708086668257	0	204.2122556129233	405.5489369612512	968.7301910490888	1023.183174413907	0	54.45298336481826	1001.766758639826	422.7609176771435	1115.362122527151	0	692.6012048500077	1105.02695168275	82.18699413493994	88.15722907875579	0	5.970234943815857	88.12750896725795	1.966887062935908	2.237449682197927	0	0.2705626192620185	0.3219661639602741	6.441739452887137	9.415526926534275	0	2.973787473647138	8.878169849753741	73.37330355193242	127.1684532486565	0	53.7951496967241	112.7771179226684	93.91486126366605	140.6353172989531	0	46.7204560352871	140.5180174007567	108.7986500915668	228.6071414026372	0	119.8084913110704	225.9017449649921	19.10102437617907	138.1296072676228	0	119.0285828914437	135.6695946176593	17.77023595423076	222.406987170866	0	204.6367512166353	222.1653807336839	55.76378395890782	530.0041608981242	0	474.2403769392163	520.2647032766115	29.37420816841459	319.9189384916899	0	290.5447303232753	304.2608354902866
15.59585999079694	35.1295512086948	36.44320644631828	0	1.313655237623481	36.0053808753806	173.8857403952444	175.3975192621899	0	1.5117788669456	172.3008841909175	7.467923674932671	11.51225691312411	0	4.044333238191438	11.15195304687994	8.179978182005573	14.19202844094488	0	6.012050258939304	13.91102702166178	6.269196804778598	7.844954466016173	0	1.575757661237574	7.404955030066282	14.06067695997728	14.93456429964854	0	0.8738873396712599	12.71255439806427	46.95757649551801	49.4809765431304	0	2.523400047612394	46.01355754731254	100.4957875676762	102.6155491190377	0	2.119761551361464	95.58531750200822	92.25716362490701	116.9262599557795	0	24.6690963308725	114.6613995391279	10.08742988539474	38.67672472961303	0	28.58929484421829	38.21057003634692	5.680695652329556	27.90808040709174	0	22.22738475476218	27.37453174119897	12.20678698873968	33.92807373867196	0	21.72128674993228	32.82221042087227	12.16511464341686	12.8299638300199	0	0.6648491866030409	11.05300250766414	3.095343662415613	2.205875788813988	0	-0.8894678736016245	1.509842386602184	15.29922987684319	79.3702121318902	0	64.07098225504701	75.96069852563663	21.21365566220675	120.5062962545859	0	99.29264059237914	114.8262287493097	15.11646305583732	48.01699565650809	0	32.90053260067076	44.94089927352313	318.2583155164452	398.4276466669021	0	80.16933115045686	384.2699001387372	120.2392642285279	199.9605588470031	0	79.72129461847521	193.5412305729303	103.9862800076506	197.1413289721087	0	93.1550489644581	190.9239881340575	52.68911793068422	69.54396212595184	0	16.85484419526762	68.66693230024812	62.05456985691519	98.21635874898239	0	36.16178889206721	98.21635874898239	40.60316144722339	142.3829983470428	0	101.7798368998194	142.3717244619499	26.27182288749944	28.58579888322206	0	2.313975995722629	27.94263604046791	502.9841072768592	521.6507854574769	0	18.66667818061774	499.8190080043555	28.81820726707223	32.30594470812364	0	3.487737441051405	31.19909042590811	154.6209594541623	162.5870531902013	0	7.966093736039014	154.6069813776937	195.2391436580277	456.5079811188309	0	261.2688374608032	453.0272421389922	852.2506314248267	897.8177367110864	0	45.56710528625974	878.2221629130411	340.2734836716901	957.6323819827857	0	617.3588983110955	948.4664696598535	90.26541083556823	95.68671363220675	0	5.421302796638521	95.6533427933814	2.961352910006451	3.718524562279527	0	0.7571716522730766	0.8219432593585987	34.04853564004321	37.36476906166403	0	3.316233421620816	35.27270484076146	74.09413313869031	131.6548420304	0	57.56070889170971	117.298724837277	82.84705788101324	119.4877211919589	0	36.64066331094561	119.3811742998688	126.6040384626935	238.1216427882688	0	111.5176043255753	235.246882429238	18.85784327049541	131.923337107496	0	113.0654938370006	129.5407163278802	16.58546717235675	234.6944842808923	0	218.1090171085356	234.4446539274522	52.5896377610314	557.0865780337376	0	504.4969402727063	547.0684406009905	27.74296612934482	335.7537166333905	0	308.0107505040457	319.6378133912975
15.61012664319693	14.9160268193539	15.96634216022426	0	1.050315340870363	15.76061130669923	83.26476127806183	84.19878027123768	0	0.9340189931758524	82.55326487471805	7.725201165755748	12.36922714363165	0	4.644025977875905	12.00310070903588	8.648486630651078	15.90974836964389	0	7.261261738992816	15.6175186643037	6.416870876154287	8.21677226571984	0	1.799901389565553	7.77359401053553	5.911629866844825	6.760171836827371	0	0.8485419699825455	5.704573565722202	151.305669996524	154.9904062193338	0	3.684736222809799	145.9082466147295	128.7258834110682	130.8612695579086	0	2.13538614684042	121.5920871774563	79.0427659177366	103.5309908071433	0	24.48822488940668	101.5207397939675	11.04128167709916	37.81619419828219	0	26.77491252118304	37.35189116307569	6.581430956176722	27.51394679275918	0	20.93251583658246	26.97842706522664	12.72949740235969	34.04300491808038	0	21.31350751572069	32.92676162132906	14.95475181089996	16.14912133865024	0	1.194369527750282	13.89507765436461	4.765720586134095	5.173338740429153	0	0.4076181542950579	3.454638855900999	14.33639590475563	88.28066391719477	0	73.94426801243914	84.67776323690252	20.32979765445659	141.2751783605053	0	120.9453807060487	135.0078782854572	15.02298591559443	57.16420512569462	0	42.14121921010019	53.80147685211137	479.8145938709965	557.7269888741062	0	77.91239500310964	537.7482165275431	142.9850486036459	228.9875484116094	0	86.00249980796352	221.7963351838581	53.52456903130772	160.7143810547879	0	107.1898120234801	155.8450214165866	80.25040881509611	94.56960315295004	0	14.31919433785393	93.31513529598332	65.49443307652611	97.9745351966862	0	32.4801021201601	97.9745351966862	33.4028450597633	132.4865454547028	0	99.08370039493956	132.4759865705113	40.6100117034818	42.94551677121073	0	2.335505067728925	41.96625141586876	360.2272479434484	373.9665461958735	0	13.73929825242515	357.0929311728143	43.96360335464788	47.90252802483588	0	3.938924670188004	46.33214721359892	169.6269717057691	178.7670857818245	0	9.140114076055431	170.4521562393633	88.56356757247565	402.9478872399307	0	314.384319667455	400.0141410035997	517.3858065860102	554.5302968811321	0	37.14449029512196	541.8254095692012	179.8612414613469	687.1194078364748	0	507.258166375128	680.1592992204244	76.7286748435662	81.68042942314463	0	4.951754579578438	81.65099495975217	6.704175730142268	8.708550551014644	0	2.004374820872376	3.435252904601461	93.25590288573724	97.15022331266302	0	3.894320426925767	92.00476274672019	75.34270496648207	137.4715082306738	0	62.12880326419175	123.0490053606561	59.08986382040408	85.29743009130762	0	26.20756627090353	85.21375357024303	152.8435336222146	255.0494814969784	0	102.2059478747638	251.8939546051101	19.90363521066887	124.2336664801009	0	104.330031269432	121.9378688044052	15.51128469111997	241.6829146891897	0	226.1716299980697	241.4286425686572	49.85821403472113	572.1503286680987	0	522.2921146333775	561.9879251632005	26.21851398622543	344.6411486465893	0	318.4226346603639	328.2844675459113
15.62439329559692	31.70111069914107	32.8799154794883	0	1.17880478034723	32.43754567673762	66.07569201490486	67.08948862361716	0	1.013796608712304	65.67173079485259	16.39002896736169	21.70039901255155	0	5.310370045189861	21.09604923996011	10.5177370259784	19.27314538380549	0	8.755408357827086	18.94591560432613	24.09748034023854	26.17360574981469	0	2.076125409576152	24.84016383213322	21.73843326893477	22.72547519998335	0	0.9870419310485828	19.09515480247695	286.5636248007083	291.2198102123052	0	4.656185411596886	277.3557551864126	136.2221609581978	138.5260994957793	0	2.303938537581542	128.6958240944066	75.59769591211163	99.55019523281652	0	23.95249932070488	97.60529435032622	10.87276670419647	35.50785608996105	0	24.63508938576458	35.06150257235603	6.776602911560251	26.46073186907673	0	19.68412895751648	25.93569916354114	13.00665352137074	34.04759913754112	0	21.04094561617038	32.92519337308462	18.57952986460011	20.63406850836904	0	2.054538643768924	17.94692685576434	6.497568679762137	8.820186418387387	0	2.32261773862525	6.281170469721269	13.82476232471268	97.52282353278351	0	83.69806120807083	93.71591691508624	19.55204983569602	163.659327364308	0	144.1072775286119	156.775090853524	32.84453194136942	86.17471241118891	0	53.3301804698195	81.49319031876226	481.608198124734	556.1711115609028	0	74.5629134361688	535.988287056681	120.6204001455347	210.5788755699058	0	89.95847542437107	204.0538089111972	20.96760237986536	139.3313867465533	0	118.3637843666879	135.2283493189772	81.93622043991999	94.23818775508543	0	12.30196731516544	92.92352584318749	55.13184204591447	83.85430061706016	0	28.72245857114568	83.85430061706016	22.70706142839105	114.5679696669197	0	91.86090823852867	114.5586655903118	49.87712179481892	52.37831643326427	0	2.501194638445348	51.20120943405675	230.1291591937891	240.5636486531225	0	10.4344894593334	228.8704887408538	49.42361706383662	53.91986412445461	0	4.496247060617999	52.24770888055994	171.9776195717368	182.5350332382234	0	10.55741366648665	174.5561712737949	22.72533300152699	365.0203942286793	0	342.2950612271524	362.4189229700178	266.3357376390417	296.8594462292849	0	30.52370859024317	289.7124440988095	62.09263908092177	455.4643412243025	0	393.3717021433807	450.4861610774584	60.28298759527257	64.90674022578672	0	4.623752630514151	64.88270724245547	28.68438498545922	32.21128956622533	0	3.526904580766109	18.75845025693596	135.2707582026329	139.8764835010284	0	4.605725298395436	133.0350001988212	78.98579131460978	148.4740134227693	0	69.48822210815953	133.6494808049092	38.16454713745437	56.31017134336741	0	18.14562420591304	56.24847665199236	160.7338568005847	252.2570866426142	0	91.52322984202948	249.0371176198877	20.44504350856197	116.5538441933206	0	96.10880068475866	114.3468026709448	14.71229379766603	240.9893719762748	0	226.2770781786087	240.7360015268876	47.52703131845641	569.728478114493	0	522.2014467960366	559.6163204991665	24.99497952928457	343.4798744312071	0	318.4848949019225	327.1889824152928
15.63865994799692	89.49136291244291	90.91971230933395	0	1.428349396891044	89.69521025599187	138.0790862108599	139.3124619149787	0	1.233375704118733	136.2604853323848	34.30012172322513	40.46478928932389	0	6.164667566098757	39.40678116665681	14.21944585421048	24.94444416971587	0	10.72499831550539	24.55304226914587	61.2037181722682	63.65345436296865	0	2.449736190700444	60.63859157823866	62.74685207716565	63.90030455848497	0	1.153452481319322	53.81847609235803	452.2281639403046	458.488124358163	0	6.259960417858452	440.8853330356082	113.4044437490733	116.013128169435	0	2.608684420361673	108.0093246257419	84.80374799056439	107.6519918864971	0	22.84824389593271	105.5189225227274	9.773591775676243	31.99540659942281	0	22.22181482374656	31.58109864742334	6.121041632609043	24.89157958465504	0	18.770537952046	24.38998617962281	12.82956340920646	33.91380490859076	0	21.0842414993843	32.79519939360259	22.09960742334178	25.13543794216964	0	3.03583051882786	22.30497934937508	9.011666300224496	13.59673260148013	0	4.585066301255634	10.76288018292701	14.45846277415041	106.8301693641361	0	92.37170658998566	102.8002493804737	19.91924937121602	186.4403822842708	0	166.5211329130547	178.9231686063806	66.92373932495819	133.4797649883903	0	66.55602566343208	126.7232445815041	268.7887318670379	339.9431983273156	0	71.15446646027763	327.4286788592341	55.4641555349783	146.8191901115067	0	91.35503457652838	142.2907239431586	12.4745193870061	137.0118207468704	0	124.5373013598643	133.0347546576548	42.18249849294197	53.06303272352315	0	10.88053423058118	52.29068670214086	26.14466206594248	51.44464709844733	0	25.29998503250485	51.44464709844733	10.28823256265962	91.37535936204884	0	81.08712679938922	91.36769962917147	51.55481564650495	54.36652537656823	0	2.811709730063284	53.19437414123632	103.5384036084971	111.631631692122	0	8.09322808362491	105.8209163243456	42.89749218058034	48.00150082318427	0	5.10400864260394	46.59580650373307	155.4888817979153	167.5867886877217	0	12.09790688980641	160.6968230361508	12.20131822688754	339.9739153435117	0	327.7725971166242	337.5264513713266	183.9582998497181	209.4264004697816	0	25.46810062006351	204.1469305682031	18.26039663717699	309.7744504760707	0	291.5140538388937	306.0596936364106	42.93047110161927	47.32163947718655	0	4.391168375567287	47.30375719880072	132.7860277681233	138.4381134904988	0	5.652085722375512	101.0690678530231	159.6353743436247	165.289466165231	0	5.654091821606299	157.9452084584053	82.69958078098733	162.3481596952991	0	79.64857891431181	147.1488282902247	16.36952422372779	28.66009227671136	0	12.29056805298357	28.6246744825647	151.4231277485046	231.5108220999463	0	80.08769435144164	228.4395417121251	19.9761517551199	110.1939257136967	0	90.21777395857684	108.0663152469324	14.34356923322704	233.0740131530503	0	218.7304439198232	232.8264989304022	46.13615339696084	551.1479788256396	0	505.0118254286788	541.2616487543791	24.34166494788451	332.9624113669747	0	308.6207464190902	317.0171534677515
15.65292660039691	107.0952899439108	108.683141254465	0	1.587851310554226	107.2531437024153	171.4126091752459	172.8400305064313	0	1.427421331185378	169.036027913538	38.11075557664302	45.04435376852013	0	6.933598191877109	43.93216650503426	19.92111063750187	32.74325701292695	0	12.82214637542508	32.26517068007024	67.06867433007127	69.74237176982383	0	2.673697439752554	66.66629166319292	68.20296102225213	69.38411315439554	0	1.181152132143404	58.71062406715004	478.8046962400645	486.7793666453949	0	7.974670405330385	471.5642787753443	83.79355859640145	86.9102421793749	0	3.116683582973456	81.25674396959964	91.38663183740144	112.5099071184732	0	21.12327528107172	110.2265666181101	11.10123319759235	30.86028020060285	0	19.7590470030105	30.4466900242275	6.10363112588897	24.54813708173734	0	18.44450595584837	24.05008799741095	12.8968882859559	34.55309202883947	0	21.65620374288356	33.42177172615833	24.48928790323257	28.82049529630197	0	4.331207393069401	26.18313177746649	16.85243077532983	24.24059367000408	0	7.388162894674259	20.98057412331364	14.87798600203003	114.3724616600553	0	99.49447565802525	110.1675398335182	19.87409775602434	205.8686204508012	0	185.9945226947769	197.8301027134975	64.72610385924519	144.5701128411285	0	79.84400898188336	137.6591331380478	96.67536413566552	168.5978197811024	0	71.92245564543684	162.3967089369405	17.20673105060542	111.1092739720132	0	93.90254292140779	107.7071785494858	10.52106627955457	139.2157651295549	0	128.6946988500003	135.2111847447227	16.94364573722517	27.63093534559161	0	10.68728960836644	27.22277323549042	10.04319523023563	33.85315372326384	0	23.80995849302821	33.85315372326384	5.352081342697284	79.49649774810591	0	74.14441640540862	79.48967178267927	45.66406397755495	48.88616116653539	0	3.22209718898044	47.89375465956498	44.23124324448028	51.07693615731736	0	6.845692912837078	48.26294624131866	36.62678897095757	42.22043005532432	0	5.593641084366755	41.04063834357785	154.7754437039582	168.1893189588525	0	13.41387525489432	161.6116469447817	10.04996769405716	304.3101946722433	0	294.2602269781862	302.0613063629283	161.5839930184869	183.5753896233128	0	21.99139660482596	178.7566975411203	14.16540573254055	227.3183468010293	0	213.1529410684888	224.298909416587	27.73061307916893	32.02604863488914	0	4.295435555720212	32.01380145739606	330.4234060325531	337.6843829012299	0	7.260976868676798	278.8564664194102	152.0483539047961	158.976734612951	0	6.928380708154863	152.6112810279935	85.83562422703081	179.2835522149211	0	93.44792798789037	163.7281031724822	6.162488444607011	15.10613624954204	0	8.943647804935029	15.08526796432353	159.4899358131929	228.6648032095013	0	69.17486739630843	225.4970698169201	20.73255795209385	108.780174070415	0	88.04761611832112	106.6617147793906	15.78687406141527	221.0977929616819	0	205.3109189002667	220.858435002824	48.44083807945466	522.8889751037225	0	474.4481370242678	513.3156033862329	26.61873385653232	317.756782847416	0	291.1380489908836	302.2557623323469
15.6671932527969	78.79708078414257	80.6167088240712	0	1.819628039928625	79.59195239538209	147.7421059382017	149.430674612617	0	1.68856867441533	146.1996029581055	28.48403135150896	36.18562987834743	0	7.701598526838474	35.3322211757173	28.17933156932277	43.21403800141982	0	15.03470643209704	42.61939057771435	40.50302149844735	43.45178516841867	0	2.948763669971318	41.64497561902436	34.13906005474887	35.38177599957023	0	1.242715944821359	30.07053449907355	320.5337807348216	331.2752449679641	0	10.74146423314251	322.6767793040464	52.03897757030589	55.89624863777856	0	3.85727106747267	52.56396575305367	95.7600908225142	114.7838343491738	0	19.0237435266596	112.375991942479	15.13757635557575	32.61486762961908	0	17.47729127404332	32.16140142988984	6.657566893886498	25.3923663932217	0	18.7347994993352	24.87912592263757	13.0188960037597	35.76807080800538	0	22.74917480424567	34.61529743308225	21.75474077600221	27.62177485145594	0	5.867034075453727	25.64403186232999	31.37698428704207	41.56796816735502	0	10.19098388031295	38.07030416316681	15.51336686139389	120.494567846297	0	104.9812009849031	116.1442382701146	20.20114952749573	221.4083749932028	0	201.207225465707	212.953711380879	34.24649108715755	125.8789475184477	0	91.63245643129015	120.1061565375668	42.14899485182896	119.5169840973932	0	77.36798924556429	115.2130726714872	13.82137760326928	112.4301614558667	0	98.60878385259744	109.0338348227527	12.93239422952774	144.8230909627511	0	131.8906967332234	140.6853104636583	17.56792901320587	29.01961373781647	0	11.4516847246106	28.59899501652201	10.93900955809712	35.08198854511911	0	24.14297898702198	35.08198854511911	7.75322046016944	79.93996743780504	0	72.18674697763559	79.93305249835691	32.46284425569657	36.239179562101	0	3.776335306404426	35.55374661606005	54.5195727078085	60.65618442567646	0	6.136611717867969	57.18041545741778	32.4800222662176	38.35232405313356	0	5.87230178691596	37.31095215485058	174.9353092980893	189.229403821582	0	14.29409452349267	182.0671834795637	8.670230124413264	265.1733172030461	0	256.5030870786328	263.1461785143786	140.6256396075635	160.2466712129386	0	19.62103160537508	155.904036242417	30.14167157541283	186.761276739309	0	156.6196051638961	184.0075086739552	13.75608981730813	18.05246613920766	0	4.296376321899536	18.04554770025608	433.9146327263438	443.6099347209567	0	9.695301994613017	391.7328016130236	108.49503942307	117.151466847357	0	8.656427424286997	112.9275702390454	87.11525128634409	197.721160226728	0	110.605908940384	181.9059384310973	6.238482822421042	13.32311303874016	0	7.08463021631912	13.30307078505833	190.7591798952751	250.5139645946019	0	59.75478469932681	246.8856931011782	22.25480172340919	111.9582510622483	0	89.70344933883906	109.7876058384756	19.10168191454199	207.5984387009029	0	188.4967567863609	207.3676673245764	54.58088025802304	490.4788831291771	0	435.8980028711541	481.2400040430129	31.91418192290738	301.1648118452459	0	269.2506299223385	286.0969281405617
15.6814599051969	73.63742107409112	75.86503113115731	0	2.227610057066177	74.94963874161739	128.5733130179372	130.6892340321367	0	2.115921014199507	127.978958033911	19.51463219027619	28.1969859365907	0	8.682353746314503	27.56209976840916	26.90180764315167	44.75715809710732	0	17.85535045395566	44.17684141235207	22.44668548523235	25.83912407836094	0	3.392438593128588	24.83020515794517	45.89924563741227	47.30129264092274	0	1.402047003510467	40.45264501075555	161.8481369582172	177.3553157145389	0	15.50717875632168	173.539471551013	66.53729224338643	71.41726471212665	0	4.879972468740216	67.58959407280243	107.1069527707928	124.1388796011485	0	17.03192683035572	121.4373552374805	17.88572204254303	33.44862118291578	0	15.56289914037275	32.9667053328922	6.54490370130546	25.88876180296094	0	19.34385810165548	25.37066006127634	12.9219783052484	36.97084847780495	0	24.04887017255655	35.80230226431754	19.94330875809361	27.65383346200109	0	7.710524703907476	26.1110107946756	40.54760749384478	53.57021003853648	0	13.0226025446917	50.63473958534967	14.77943158456594	125.471894026929	0	110.6924624423631	121.0199789106046	19.21791448547162	235.8898736486249	0	216.6719591631533	227.0652357513238	17.08633759996996	122.0603659304143	0	104.9740283304443	116.679168490329	26.89443551085425	111.6788811800038	0	84.78444566914951	107.7670939025083	12.48081003734489	116.485371440666	0	104.0045614033211	113.0184889815157	13.07903476877586	147.5613711857594	0	134.4823364169836	143.3678623507506	16.25091806407239	28.86247431749429	0	12.6115562534219	28.45737270025721	10.38474204209892	35.3627042074131	0	24.97796216531418	35.3627042074131	7.857542010051828	78.76800600267788	0	70.91046399262605	78.76116108831529	26.46621400555321	31.02766055291826	0	4.561446547365053	30.48726212836038	62.67453870909145	68.17210289436699	0	5.497564185275545	64.1300134459176	35.70048716159652	41.73086422468637	0	6.030377063089846	40.61331457275561	182.9045252503973	197.7960174022901	0	14.89149215189281	190.4488234647013	12.04509720792031	228.8305542531405	0	216.7854570452202	227.005844586758	285.5944701600894	303.1669095480672	0	17.57243938797786	294.7014636078128	58.98466524404731	168.1369096123142	0	109.1522443682669	165.3249233487602	24.32307564947882	28.62423620262914	0	4.301160553150321	28.61326988480391	401.2413196900325	415.3032412297112	0	14.06192153967871	382.2594662506145	64.04395182464582	75.23957308647594	0	11.19562126183012	72.81680192777817	86.94787811441658	216.5718104500012	0	129.6239323355847	200.5242821394807	5.702743374246729	11.19865547863174	0	5.495912104385011	11.1802811238945	226.2830336241344	278.5354349942033	0	52.25240137006899	274.3288039696168	22.12276129770833	115.5549455416869	0	93.4321842439786	113.341497972608	19.1818459151548	188.0786629989937	0	168.8968170838389	187.862287300822	55.60774493789088	450.0277313926453	0	394.4199864547544	441.2555756790276	32.11296331558639	276.6629704242084	0	244.5500071086221	262.3785869902047
15.69572655759689	102.8116816409741	105.5917029958143	0	2.780021354840195	104.4044327327342	124.2688193294531	127.0048362120756	0	2.736016882622581	124.5485330613577	10.82006037392133	20.32981420206086	0	9.509753828139521	19.89016374615589	14.2280396039648	34.77296621389185	0	20.54492660992706	34.34438294481586	16.54753718229343	20.29836691918925	0	3.75082973689582	19.55245757187269	113.0865311112074	114.6679005581372	0	1.581369446929783	98.8942971117871	62.70327938483343	84.48281861629758	0	21.77953923146414	82.94794018041858	135.8136548960759	142.1192241804154	0	6.305569284339537	135.3375716442274	125.0532733205059	140.4505445477858	0	15.39727122727992	137.286063908105	18.79903376187519	32.76261390300381	0	13.96358014112862	32.27436868782885	5.819835080994246	25.64318223064052	0	19.82334714964627	25.13419668139857	12.71396533479085	37.90479509761774	0	25.19082976282689	36.7268560470614	22.31663226445983	32.68169911897143	0	10.3650668545116	31.24127232462797	40.66710935754137	57.70233701736328	0	17.03522765982191	55.51876328065195	11.98358038564218	126.2793222738838	0	114.2957418882416	121.8489181049526	16.001493255242	243.089293872705	0	227.087800617463	234.1163344065274	12.46708000561379	129.2219165951716	0	116.7548365895578	123.6995412830899	18.85199798395023	110.978509627914	0	92.12651164396381	107.1885360125634	10.00605084900485	117.1026742550322	0	107.0966234060273	113.6473658288595	10.50931249989206	143.4902774550669	0	132.9809649551748	139.4023425420239	9.474868763305956	23.54098837622156	0	14.06611961291561	23.22248174367498	7.131729278879491	32.92829565166863	0	25.79656637278914	32.92829565166863	5.480207740394533	73.12093519817807	0	67.64072745778354	73.11450460828391	29.89701567344082	35.43938248100802	0	5.5423668075672	34.87357090999685	65.03814781376569	70.57986868187231	0	5.541720868106627	66.31698672834791	46.80426580635066	53.07379063035562	0	6.26952482400496	51.67073011034924	177.2506113031352	192.889710779905	0	15.63909947676978	185.8474958007127	19.19976349084934	191.727573065041	0	172.5278095741917	190.1071802039129	628.6311034905293	645.4258316252012	0	16.79472813467192	627.0519487545254	113.9450816088529	190.0450460272279	0	76.09996441837497	186.4025900960217	60.42656116950073	64.82742834797412	0	4.400867178473384	64.80272738721848	265.4015289520925	285.1555415568629	0	19.75401260477045	268.9103658942896	26.78958921982841	41.14025602596469	0	14.35066680613628	39.95251053624587	86.63537656793926	236.6078445074729	0	149.9724679395337	220.2167267545758	4.993487183986323	9.605873891981137	0	4.612386707994812	9.58884913853168	259.5213419710807	305.5765570131377	0	46.05521504205695	300.7736335459643	20.62081679654336	117.1212883420973	0	96.50047154555392	114.9005395048231	16.24874907512807	163.4529064205895	0	147.2041573454614	163.2564401534071	50.06393433144999	402.6061140215077	0	352.5421796900578	394.4472496731173	27.24599273644518	243.8928183213516	0	216.6468255849064	230.7832693522818
15.70999320999688	134.1036620474138	137.4628490608991	0	3.359187013485364	136.0310557465266	137.6662866590983	140.89421612787	0	3.227929468771691	138.3841416920906	8.21170932272681	18.48238404490069	0	10.27067472217388	18.09451590757148	8.216799085503345	31.05191915878668	0	22.83512007328333	30.68261242977038	34.13047621302772	38.28967503010772	0	4.159198817080005	36.95362757087827	163.8799048560781	165.6390835805939	0	1.759178724515853	144.1958210970066	125.9829600826783	156.9451560817798	0	30.96219599910147	154.4743998426616	183.1196172197952	191.3358437437207	0	8.216226523925544	183.2094270650517	128.2686463052506	142.4421976684123	0	14.17355136316177	139.1363394287334	19.04783495418227	31.61066134527417	0	12.5628263910919	31.12367711059944	6.415476262692227	26.20380473269831	0	19.78832847000608	25.68401033133986	12.84855085919575	38.69610816853668	0	25.84755730934093	37.50597892462911	24.98469637495895	39.30832496943081	0	14.32362859447185	37.91201630325658	44.6891185063994	68.01728949706055	0	23.32817099066114	66.13934384838566	10.86992294585566	126.1318672851584	0	115.2619443393027	121.7189323492848	14.7474484782196	245.4999849649114	0	230.7525364866918	236.4779610370194	10.85005569249928	136.2580711831139	0	125.4080154906146	130.5512704921775	14.49058852335372	109.6665431654869	0	95.17595464213316	105.962026241302	8.882992896340596	114.5098944677506	0	105.62690157141	111.1193770132655	9.561145203875133	136.730289125591	0	127.1691439217158	132.7874582111965	5.629828681246323	20.58270717096947	0	14.95287848972315	20.31082577677918	5.3194825394188	30.82866945171588	0	25.50918691229708	30.82866945171588	4.39837147394462	65.19915282706442	0	60.80078135311981	65.19325624384119	40.04307214580441	46.80122130622753	0	6.758149160423114	46.11433830018953	70.06002932212952	75.5629449221924	0	5.502915600062883	70.99070552859365	53.98955946289294	60.81021720261228	0	6.820657739719334	59.24289880079296	177.1027106258086	194.1460078130511	0	17.04329718724248	187.249111590776	20.85896018481378	153.560643964252	0	132.7016837794382	152.1686138529451	847.3187652830466	863.8883724367845	0	16.56960715373795	839.1686782068624	108.9051125876691	161.7955106124754	0	52.89039802480626	158.2326588613053	80.97825809719687	85.53823067799421	0	4.559972580797339	85.50604743641199	163.8586751956604	194.692188061075	0	30.83351286541459	186.2669571903305	23.72043165143321	42.06472833551231	0	18.34429668407909	40.96390052985436	85.73771447695965	256.9909792654823	0	171.2532647885226	240.2010836902256	4.16494671507063	7.93343141946212	0	3.76848470439149	7.918382772598374	310.3295801821795	350.8035322693823	0	40.47395208720287	345.0591808701138	23.65834776772322	120.1836150669319	0	96.52526729920871	117.9074653467955	14.6807008605981	139.5444736574323	0	124.8637727968342	139.3675269816738	46.56666317904833	353.5289976184383	0	306.9623344393899	346.0091364521169	24.64677450111666	211.8371442186689	0	187.1903697175522	199.8731659892179
15.72425986239688	159.9390336541312	163.7168159864771	0	3.777782332345839	162.1107420898942	167.1907234661159	170.6429170175564	0	3.452193551440502	167.7901301329833	11.14440521109106	22.05970841598224	0	10.91530320489118	21.60807165091737	8.31480763958905	33.05839195283191	0	24.74358431324286	32.67577161037718	72.41472018013103	76.88309977695249	0	4.468379596821463	74.31283150058117	189.3820796841804	191.2190209097926	0	1.836941225612195	167.773025225179	328.2977908588526	372.6975617800479	0	44.39977092119532	367.5659077278133	200.3773545886854	211.1226822969705	0	10.74532770828512	203.0901152828546	111.0596731041896	124.3612835514066	0	13.30161044721697	121.4065950223554	18.44049631463961	29.60058696404201	0	11.1600906494024	29.12737883354895	8.107178372544793	26.90748859775614	0	18.80031022521134	26.36625197117523	13.2504792136652	38.90337293976128	0	25.65289372609608	37.70657475623371	28.20604470985672	48.77742612755731	0	20.57138141770059	47.35664854202576	60.98308960884538	95.10309483158677	0	34.1200052227414	93.10738014688998	10.75811921164501	126.9324910887121	0	116.1743718770671	122.5027439234645	14.54062585020293	248.521012372464	0	233.9803865222611	239.4224112255583	10.76587821793239	144.0640168607513	0	133.2981386428189	138.1327095292054	13.99227897304349	107.2012062072665	0	93.20892723422297	103.5611007468491	8.988785843213117	111.4167310053272	0	102.4279451621141	108.0899593080844	9.662380244384183	132.6044936187077	0	122.9421133743235	128.7442958202153	5.397210680716874	20.24710460393476	0	14.84989392321789	19.97992316660474	5.304596662492011	29.51278372407312	0	24.20818706158111	29.51278372407312	4.691210066144263	58.71264043208277	0	54.02143036593851	58.70715730252647	55.48799761173259	63.67559006581456	0	8.187592454081967	62.81219982275849	81.78639432996314	87.13517617741709	0	5.348781847453943	81.83761084274835	56.39337551678562	64.51207826674153	0	8.118702749955906	62.93844577863908	185.8784005393483	205.9367743920843	0	20.058373852736	198.9932961076292	11.34777474085658	122.5057816649925	0	111.1580069241359	121.3383298900304	923.7774157182913	940.1614557344844	0	16.38404001619307	913.1750081455314	48.34799025897813	83.47314366459898	0	35.12515340562085	81.31634734144629	85.0482670009838	89.81388790693698	0	4.765620905953189	89.78061792919461	118.8173063015214	169.6749436280641	0	50.85763732654269	163.9247926649516	52.02452014094497	75.4731152300447	0	23.44859508909972	73.67394909410538	85.24331816354227	280.4702512002722	0	195.2269330367299	263.1205333951723	4.117912788910854	7.08523678164868	0	2.967323992737827	7.070629673937405	371.208238650213	405.7473754117786	0	34.53913676156554	398.7657750234987	30.21287064331242	121.1146706511528	0	90.90180000784035	118.7840293379912	14.481654054263	117.094739859554	0	102.613085805291	116.9362608394463	45.72834570942045	304.3302837968899	0	258.6019380874694	297.4490850385819	24.2937926106101	181.3250846342169	0	157.0312920236068	170.4433995198807
15.73852651479687	135.9160408575514	139.7610154441605	0	3.844974586609133	138.4264022966976	141.2610534782008	144.5586381623109	0	3.297584684110102	142.202716397391	12.22757103138057	23.46370145388332	0	11.23613042250276	22.98997388767231	8.0283725738577	33.69748296108388	0	25.66911038722618	33.31269834066933	72.33198048530311	76.89301112833301	0	4.561030643029914	74.38157548359352	171.3692795418935	173.1792909080225	0	1.810011366128972	152.6100189027449	455.6287736523203	518.2026115441145	0	62.57383789179418	511.8649461374191	171.1609148759405	185.1373619137999	0	13.97644703785938	178.7711422553563	138.5375786709162	151.3193241554422	0	12.781745484526	147.6662392523716	21.4215172864967	31.15055505946203	0	9.729037772965331	30.63026409368988	7.33538568838504	24.04243298732295	0	16.70704729893791	23.54182038677668	12.45852843657019	36.80853606673224	0	24.35000763016205	35.65920197076434	28.63021210816231	58.71713540444165	0	30.08692329627933	57.29106497767091	64.82146534743897	116.5211757395627	0	51.69971039212371	114.5996182883571	11.45652402693911	128.3161182249887	0	116.8595941980496	123.847012614072	25.55682658730439	262.1242262094973	0	236.5673996221929	252.5567746695176	38.72975966621429	177.2507255625206	0	138.5209658963063	170.0321466642153	13.57447348754439	100.9957236445439	0	87.42125015699953	97.50372642884483	9.030489043210313	107.8804434969828	0	98.84995445377253	104.627574928396	10.40461429828535	131.7383334111872	0	121.3337191129018	127.8887943770373	5.084507500780796	18.89000465348192	0	13.80549715270112	18.63550805923374	5.243171731673376	27.67211649440429	0	22.42894476273091	27.67211649440429	4.972839970286791	54.25708059486676	0	49.28424062457997	54.25188260157901	50.28896583974153	59.96295787516711	0	9.673992035425584	59.20270878843906	69.44849040119725	74.60433488052644	0	5.155844479329197	70.02587420114111	52.76681325493804	63.42779700087254	0	10.66098374593451	62.02149533243553	156.6190979331784	182.3317885612808	0	25.71269062810235	176.6888846966084	82.75968499866113	189.0060277287809	0	106.2463427301198	187.1787464515762	813.2460565956306	829.4898107812182	0	16.24375418558758	805.6130115338365	20.6788103499233	43.60673993757389	0	22.9279295876506	42.26310262995752	75.92081006673511	80.96818862230653	0	5.047378555571406	80.93879272874013	318.1727277353449	402.9103823189693	0	84.73765458362433	391.8297048942425	59.74684519346566	89.23878252878578	0	29.49193733532012	87.28200715050593	83.81101926636538	306.1606360564107	0	222.3496167900453	288.2020111125045	4.074041384874509	6.441393113902527	0	2.367351729028019	6.426887960922751	370.8778949606095	399.0944756927891	0	28.21658073217967	391.7696115325501	26.99183741793131	105.995124620708	0	79.00328720277666	103.872685822652	15.30904930260531	97.32941474554183	0	82.02036544293652	97.18715566742145	46.46322330792255	257.8914967190194	0	211.4282734110969	251.6112686902961	25.23801434974765	153.5883195740385	0	128.3503052242908	143.6821885940292
15.75279316719686	64.04975457923629	67.76935599193862	0	3.719601412702334	67.12300718633691	63.84865376569253	66.89062183648213	0	3.04196807078959	65.79596518754512	11.81536375432826	23.15317332095512	0	11.33780956662686	22.68797208378235	7.59562310481993	33.41647901152686	0	25.82085590670693	33.03591109577587	34.43617643681352	38.99606204563101	0	4.559885608817491	37.73138635602169	107.8138396317129	109.5827027497747	0	1.768863118061796	96.72498506644352	512.0481772943405	597.475535994051	0	85.42735869971057	590.8632400318351	87.44625762601159	105.2131842966689	0	17.76692667065733	101.8980894532322	218.3278253612913	230.8117458136742	0	12.48392045238284	225.1862654596549	27.97879505229297	36.34121788092015	0	8.36242282862719	35.7035813674912	4.625726870896073	18.68297315759183	0	14.05724628669576	18.27288012390147	10.8283309777807	33.09124506038174	0	22.26291408260105	32.02839739947952	25.68909438591173	69.7254662900758	0	44.03637190416408	68.28239519733681	52.23418026952815	131.4615688786608	0	79.22738860913262	129.6950767623694	13.12745235795859	130.5305334181913	0	117.4030810602327	125.990974417808	47.82837329871032	286.5030677980321	0	238.6746944993218	276.0708270695412	92.38921877153334	233.6520875696818	0	141.2628687981485	224.1887656953085	13.54448638910269	93.91124639546371	0	80.36676000636102	90.58232291305168	9.082156731469153	104.5475770364541	0	95.4654203049849	101.3641990614478	11.86212930925064	133.2873035728419	0	121.4251742635912	129.3927257447322	4.869036379938423	17.29418506495745	0	12.42514868501903	17.05322489206194	5.182307616543161	25.84609743492017	0	20.66378981837702	25.84609743492017	5.154682974609954	51.4093696441869	0	46.25468666957695	51.40435485271819	23.12789604405701	34.2411233112061	0	11.11322726714909	33.82965937514118	30.48830066731717	35.42259551442841	0	4.934294847111246	33.22258678302579	40.97505944574868	56.00601834326184	0	15.03095889751316	54.90793605229068	74.17354856007235	109.1954928794646	0	35.02194431939228	106.1612662238751	244.4149859334143	355.4054689849875	0	110.9904830515732	352.008151500063	452.5629131118919	468.6255839015914	0	16.06267078969947	455.0985110160441	27.63383021987042	42.65821249809217	0	15.02438227822175	41.08449583901302	50.58772758601707	55.94334078478425	0	5.355613198767169	55.92347376885564	695.4136547736517	833.3254432993749	0	137.9117885257232	814.0261786536805	48.13315891981102	84.33840812278822	0	36.20524920297719	82.61633069748574	82.44364094184905	336.1093410164513	0	253.6657000746022	317.3896865016174	3.857959395517585	5.76881448879772	0	1.910855093280135	5.754652601317662	299.3588775787787	321.5281765225733	0	22.16929894379467	315.1441569518019	16.35646855033444	80.88412438479114	0	64.5276558344567	79.1647303242882	17.27720458617068	82.61703601278829	0	65.33983142661761	82.486045944881	48.98322820400054	220.5361023880979	0	171.5528741840974	214.716675863342	27.60729307873417	132.1747590183297	0	104.5674659395955	122.9730830779367
15.76705981959686	18.88051949479778	22.61249565479593	0	3.731976159998153	22.3961817140293	18.80648247070534	21.94905847123169	0	3.142576000526346	21.58805834130165	10.77928661372951	21.83574734414248	0	11.05646073041297	21.3946914408705	7.97078850196058	32.95142765142846	0	24.98063914946788	32.57293753878874	11.43254082051684	15.84086102376958	0	4.408320203252747	15.32444124074759	54.32028572088259	56.08382719078611	0	1.763541469903525	49.52799628091451	497.5052397255954	604.437035454808	0	106.9317957292126	598.2009807821397	63.69921474280495	85.49152130986482	0	21.79230656705987	82.98216290610225	238.5887006858271	250.8389168112121	0	12.250216125385	244.6824692936042	31.27734543105025	38.46296641137096	0	7.185620980320703	37.75230588292042	5.915972110003097	17.56431485143315	0	11.64834274143005	17.15443237778425	10.83435800300558	30.94478130200666	0	20.11042329900107	29.91559930073526	24.23993480518021	87.3305238871484	0	63.0905890819682	85.75346931839923	49.44642130221995	168.1828010694751	0	118.7363797672551	166.2736924180057	16.06607290518085	131.3656363283481	0	115.2995634231673	126.7736400331357	50.54333731168361	285.100878050575	0	234.5575407388914	274.6750155830665	92.33571501351003	231.0409272442861	0	138.7052122307761	221.6418520070934	19.55461414949492	95.10616256112985	0	75.55154841163493	91.66855582233738	12.0018561902913	103.5456317321888	0	91.54377554189752	100.3562715244007	14.60588485691378	132.9912644213106	0	118.3853795643968	129.0805587523936	6.743636912464275	18.44540038837436	0	11.70176347591008	18.18219808335135	6.992213324651191	26.52894363429979	0	19.5367303096486	26.52894363429979	6.523794170246065	50.0116436155811	0	43.48784944533504	50.00668154347158	12.42903018260782	24.76084377744275	0	12.33181359483494	24.47492988373481	13.75394942548557	19.11529526516031	0	5.361345839674734	17.93179077890175	54.10820912909988	75.69475171252245	0	21.58654258342258	74.38705214375274	93.64872291718508	141.9684421210796	0	48.31971920389451	138.4346101731248	244.1122710671246	354.2354070329209	0	110.1231359657963	350.8479041033523	172.3923607740384	189.1600516400708	0	16.76769086603246	183.7326844222872	30.87368847741857	42.16611457059021	0	11.29242609317164	40.33518874099162	35.63928660534607	41.3695194165898	0	5.730232811243726	41.35517338454196	906.5499098975934	1108.835874593721	0	202.2859646961276	1086.156001277724	59.70733858955368	101.9591329421919	0	42.25179435263824	99.98468980929132	80.34679668228192	369.9780475546002	0	289.6312508723183	350.4016694194321	4.887789554736374	6.851690310573852	0	1.963900755837479	6.833975704554716	324.6398468760843	341.8979055676621	0	17.25805869157773	334.4908319697948	88.17205020289063	140.2281537389126	0	52.05610353602197	137.0389669728563	17.92492546009072	70.18979060035231	0	52.26486514026159	70.068880997709	50.13363724965396	189.2488963271316	0	139.1152590774776	183.8199688850965	28.4837581518441	113.9006941294602	0	85.41693597761612	105.3259346094152
15.78132647199685	10.45293925001628	14.19998131006264	0	3.747042060046353	14.06423373740286	12.64948165012094	15.8828233491033	0	3.233341698982361	15.62276616206961	9.676559652512108	20.21978790747625	0	10.54322825496414	19.8050451528299	9.549099840048957	32.96762987188792	0	23.41853003183897	32.58146528443799	9.028517163160586	13.22997756258111	0	4.201460399420526	12.79189760403738	24.53391600498547	26.27508009801803	0	1.74116409303256	23.20372483438424	456.1767187638288	575.9789030640756	0	119.8021843002466	570.2392606162672	110.7468681711093	136.1529841787175	0	25.40611600760819	132.3583919247451	180.3015889181976	192.3841537640222	0	12.08256484582457	187.6361625317347	31.29791562859799	37.70599939523074	0	6.40808376663275	36.97873043861633	11.60325378612182	21.68596798149043	0	10.08271419536861	21.15301651172056	12.45400809907644	31.03188772660614	0	18.5778796275297	29.96825877798991	24.0133862749733	108.3624540891266	0	84.34906781415327	106.5972654310411	55.72123487447012	214.9582489086073	0	159.2370140341372	212.7784928303142	21.40669800722998	131.8560594096796	0	110.4493614024496	127.1834142710475	37.95920558663661	261.4044236022135	0	223.4452180155768	251.7195435338764	44.75605440761231	175.609992993683	0	130.8539385860707	168.3523545920799	31.39135239489538	104.7109842487297	0	73.31963185383434	100.8887609247405	18.35294280010526	105.6175873161808	0	87.26464451607555	102.3201466178566	19.94876218954127	131.6957093743711	0	111.7469471848298	127.7616832987313	10.32385383056857	21.90371309785403	0	11.57985926728546	21.58924238033386	10.6388737284615	29.71768822659717	0	19.07881449813566	29.71768822659717	9.658463054649772	50.5753770864512	0	40.91691403180143	50.57027094629762	20.9521255763753	34.09659304574628	0	13.14446746937098	33.71241834031923	21.19819113418452	27.09951414501534	0	5.901323010830823	25.46045476759253	88.24782907216459	117.2070565528729	0	28.95922748070829	115.3715983130588	208.047507416996	270.609942947613	0	62.56243553061707	264.4247694185034	138.7756857547724	239.9816990112274	0	101.2060132564551	237.6331826572916	87.86666051359455	105.8117758518517	0	17.94511533825716	102.8281945919732	24.69580690236188	34.69796763518036	0	10.00216073281848	33.00511506000517	36.03509737676877	42.15181566556223	0	6.116718288793461	42.13754819247103	1021.165918714637	1276.068560840156	0	254.9026421255188	1251.745331500991	92.46403720907271	138.6685613526341	0	46.20452414356136	136.0633512045518	76.21603813019111	398.8115662972846	0	322.5955281670935	378.5790535974194	6.449920267691781	8.591433350688234	0	2.141513082996453	8.569210693058494	496.566912051726	510.9308091611845	0	14.36389710945851	498.9967000019187	257.5455709216274	301.8890150288012	0	44.34344410717385	294.6331677141903	17.90993371757736	61.24353302178304	0	43.33359930420568	61.12978316745907	52.26919138687759	168.7626971652979	0	116.4935057784203	163.5331619395323	28.97962223290986	100.9935189186004	0	72.01389668569057	92.82764461893169
15.79559312439685	8.142025449174652	11.7092005999299	0	3.56717515075525	11.59655621827731	10.80276122961679	13.83053517787604	0	3.027773948259242	13.60341998703847	8.634040409353558	18.69177396892871	0	10.05773355957516	18.30169527088643	9.357410088000554	31.25448397167145	0	21.8970738836709	30.88042520256094	8.08826531703251	12.08196896162804	0	3.993703644595525	11.67399242889372	12.15857877735177	13.8361078795504	0	1.677529102198624	12.20836291999348	428.5565120058381	552.1607124794983	0	123.6042004736602	546.7135380117471	133.9648297735219	161.6947096357646	0	27.72987986224262	157.3206681366493	215.8297341049953	227.5706596521744	0	11.74092554717914	221.9085784779087	32.4492708824217	38.34168917081804	0	5.892418288396335	37.57859498891654	13.01120388925762	22.37119967814436	0	9.359995788886744	21.80412138559213	13.2906165999056	31.22550556121213	0	17.93488896130653	30.13698315191724	22.42645369323567	124.935011122883	0	102.5085574296474	123.0290836507439	50.63613303098801	236.6531914045866	0	186.0170583735986	234.3867337727791	20.35445151002007	126.7306544873339	0	106.3762029773139	122.1827110257953	26.54036181523492	240.2612787862763	0	213.7209169710414	231.2489877255554	15.16710642130925	138.39352035812	0	123.2264139368108	132.5771306976427	29.36464688391035	100.7627365848123	0	71.39808970090192	97.05612555190159	17.80992241568054	101.8674115344107	0	84.05748911873013	98.65254421067799	19.56615436379384	126.4344623537685	0	106.8683079899747	122.6090144964309	9.541485565319995	20.89297463413835	0	11.35148906881836	20.59157389660514	10.09256565424687	28.87696150379847	0	18.7843958495516	28.87696150379847	9.617105767301409	49.18154227816524	0	39.56443651086383	49.17652643397564	21.60150681688763	35.0424969048433	0	13.44099008795567	34.65147418070021	22.01872418248126	28.16726603540145	0	6.148541852920185	26.50000571294541	79.21036478506326	114.0402281900269	0	34.82986340496367	112.3568272233673	203.1949761166823	276.7865705719412	0	73.59159445525893	270.7789967187278	144.2106647406736	241.3185595225967	0	97.10789478192316	238.9255256411701	100.5201513794761	119.3619738150602	0	18.84182243558406	116.0492851525689	22.21493415796075	32.56168681002349	0	10.34675265206273	30.8779690175233	46.36017035252629	52.76996948796997	0	6.409799135443674	52.75243317926181	987.2182695761442	1266.537953788676	0	279.3196842125318	1243.058571933919	104.0695584290264	151.7792075140623	0	47.70964908503597	148.9600301851819	74.05758005115759	425.5878696058323	0	351.5302895546748	404.6736501405386	6.402168944802748	8.651549769121724	0	2.249380824318975	8.629591479081071	523.6282709139657	536.3092131297177	0	12.68094221575193	523.0863676641123	305.2725418089992	346.2195105584335	0	40.94696874943426	337.6301554174131	19.36676789965958	58.34447413233193	0	38.97770623267235	58.23051892472262	58.02596863045292	163.5591014614554	0	105.5331328310025	158.2196341567204	31.46608662919039	96.80566428062315	0	65.33957765143276	88.59488809421205
15.80985977679684	7.377555361927958	10.65182623824309	0	3.274270876315128	10.54746612330673	10.01103883379555	12.73117401290767	0	2.720135179112119	12.51825900804821	7.417082275264909	17.02043418730121	0	9.603351912036297	16.65920859598509	7.060758817196239	27.53397988510882	0	20.47322106791258	27.19727858022763	7.050015754752784	10.8254416332907	0	3.775425878537921	10.45178116210029	12.58157356504397	14.1951665964502	0	1.613593031406236	12.50401140572297	403.9809889424528	521.8505503148237	0	117.8695613723709	516.6394992718494	131.4536680476252	159.6881587570659	0	28.23449070944076	155.401785889429	366.7910325217684	377.8025099030872	0	11.01147738131876	368.2190753213065	37.68745672480258	43.33464308691373	0	5.647186362111152	42.45520318409189	9.062262722344704	18.82227442104623	0	9.760011698701524	18.3472449235812	13.39109631473224	32.1242644431846	0	18.73316812845236	31.01298577313942	19.57052668630483	131.3336906581391	0	111.7631639718343	129.3889299363228	35.55155282611322	235.2738077110798	0	199.7222548849666	233.0824598037412	11.19038110158631	114.9716469841875	0	103.7812658826012	110.8111107102406	15.01374614029048	222.3773785964366	0	207.3636324561461	213.9651642554319	10.15508817675849	127.3501762421291	0	117.1950880653706	121.9217747099602	14.26130720969944	82.28752085315031	0	68.02621364345089	79.21767694985674	9.443112050023847	90.90210991519621	0	81.45899786517236	88.00749110819375	11.4437464234678	116.1977062076251	0	104.7539597841573	112.6613463720725	5.08063902453848	15.78779303337237	0	10.70715400883389	15.55613292803526	5.501650074992027	23.74297337052345	0	18.24132329553143	23.74297337052345	5.643966907990873	44.6801402410218	0	39.03617333303093	44.6755649989859	14.0006419733717	27.1572323857017	0	13.15659041233	26.85250937930726	16.33795701614821	22.60764874175044	0	6.269691725602224	21.28527704648264	30.30982726487378	65.16841843342985	0	34.85859116855606	64.21162008230965	85.93005807448722	159.9482257559212	0	74.01816768143402	156.4978676200253	286.3387961419475	387.7615404328246	0	101.4227442908771	383.9587902252415	154.5940182301771	174.1022878544699	0	19.50826962429284	169.3225313917452	25.71543636106636	38.08987903022932	0	12.37444266916297	36.14980325536064	64.815188203432	71.41160331869345	0	6.596415115261443	71.38814228540862	812.8982139230349	1078.322268842962	0	265.4240549199271	1058.07933611783	95.32720264761308	141.8257455091684	0	46.4985428615553	139.1736271424743	70.2685051636437	444.0067557010851	0	373.7382505374414	422.6890102588627	5.05690261070793	7.473787941157682	0	2.416885330449751	7.455305007698679	331.6455286045893	344.0766255373734	0	12.43109693278411	335.3703645261012	170.2869256015786	213.1776094901965	0	42.89068388861794	207.9212551291408	21.73509952030087	60.35893648042807	0	38.6238369601272	60.23937605633432	65.31108635765649	170.3264620744862	0	105.0153757168297	164.6840704067008	35.00482162400798	99.74899572748687	0	64.74417410347888	91.17443351694237
15.82412642919683	7.12032384791031	10.16127052878139	0	3.040946680871081	10.0594336093912	9.745789640151925	12.2250509954357	0	2.479261355283771	12.01522222746269	7.443059935099013	16.72184074438218	0	9.278780809283168	16.36186335109602	7.530722536506705	26.79256855176327	0	19.26184601525657	26.45819438483121	6.69613068743235	10.35149025508092	0	3.655359567648565	9.987202945713815	11.57880469598937	13.22177475034808	0	1.642970054358708	11.63243499202365	331.4794575043884	436.1664982833526	0	104.6870407789641	431.6653729812629	102.5548883556775	129.4187024139989	0	26.86381405832142	125.8986008824864	478.7317591612712	489.6490932728603	0	10.91733411158913	477.0966559058925	54.00922514111762	60.05196971084407	0	6.042744569726439	58.85033589196647	6.217119383939382	17.13500750291875	0	10.91788811897937	16.71809924387788	12.7613382409704	32.87168874906904	0	20.11035050809863	31.76287062782161	15.12544407023772	116.7719730403019	0	101.6465289700642	115.0002828886554	26.89707640024492	209.3972686646303	0	182.5001922643854	207.4020676927376	91.07253062687582	193.4118107200417	0	102.3392800931658	186.378611946841	152.3301520108164	356.1848430074019	0	203.8546909965856	342.6449661092737	18.27902799422288	131.563605787901	0	113.2845777936782	125.9001326038692	79.02926766589692	140.2252962658009	0	61.196028599904	134.8326664999096	55.92783851266425	133.5297407786588	0	77.60190226599455	129.2203438862657	73.96201936999745	177.7747221093792	0	103.8127027393818	172.3503426279852	7.189109902673674	16.50407940812503	0	9.314969505451351	16.251883324779	14.24944682609773	31.04756019790115	0	16.79811337180342	31.04756019790114	17.23495071437609	54.74997122209082	0	37.51502050771474	54.7443060957606	8.353239966496705	20.78384049134441	0	12.4306005248477	20.54627345782092	13.47153615611194	19.64081879016829	0	6.169282634056346	18.49459341631772	33.52892929753648	61.85235566218815	0	28.32342636465167	60.8906820726713	119.0708578744365	181.0881494033564	0	62.01729152891988	176.9872346988518	359.7826373457127	472.1809699587347	0	112.398332613022	467.6799726627409	145.3062923533003	165.2821029405778	0	19.97581058727741	160.778567072538	30.04267474196094	45.54128816425027	0	15.49861342228933	43.41381388246862	60.94895744146816	67.60764186349134	0	6.658684422023171	67.58553566837197	608.6170014554984	828.8461170511663	0	220.2291155956678	812.4634054399976	72.74909054385435	115.7256123272543	0	42.97652178339995	113.5094047299843	60.38639986364981	419.7171050162488	0	359.3307051525989	399.3721617337736	8.863188387308787	11.3223996880013	0	2.459211300692509	11.29502198813016	364.5604427135522	379.0105458021274	0	14.45010308857521	369.7275888655005	47.98202915828796	96.41910500542899	0	48.43707584714102	94.13242360151213	70.28446333046131	112.0414377337677	0	41.75697440330635	111.8247047449393	341.3748806379242	454.9266289699258	0	113.5517483320016	440.2234140934776	106.3365432088989	175.838524022665	0	69.50198081376607	161.0606823369407
15.83839308159683	7.138384813056906	9.993395964758415	0	2.855011151701508	9.891146631059389	9.794440137894643	12.07921650942667	0	2.284776371532023	11.86632599985776	8.619204090215607	17.69795328354881	0	9.078749193333202	17.31333771815035	10.786497504759	29.10361041485626	0	18.31711291009727	28.73415048198373	6.853887877314214	10.44799598148639	0	3.594108104172173	10.07571408749182	7.958691750144316	9.652325513271418	0	1.693633763127101	8.493186803381279	181.6503809908111	269.9716640087763	0	88.32128301796517	267.0475308584456	47.13913409929135	71.21252832350251	0	24.07339422421117	69.21300607732326	416.961700683763	427.7956799312994	0	10.83397924753648	416.8207731545165	74.1495987816494	80.80069053161243	0	6.651091749963024	79.23981252972204	6.166417607048182	18.83854865614411	0	12.67213104909593	18.40248482229683	12.64708996568782	34.67034509300176	0	22.02325512731393	33.5362248864745	13.7593297501644	95.51390653913209	0	81.7545767889677	93.96616463436142	31.26167339682428	182.438316687536	0	151.1766432907117	180.5937022050837	256.4596687309226	358.4520785636161	0	101.9924098326935	345.3999168244135	431.6094165172194	634.8806601738754	0	203.2712436566561	610.723847479452	38.11473867584242	149.9891518339893	0	111.8744131581469	143.5079427086584	207.1098606188005	258.656653619008	0	51.54679300020755	248.1844447137871	151.7203700083724	223.596090995328	0	71.8757209869556	216.2223928552512	202.2239070330843	305.1351206225156	0	102.9112135894313	295.8022229247079	14.67921084953484	22.14425324052762	0	7.46504239099278	21.78167413737219	34.21934151462617	48.76102589876172	0	14.54168438413556	48.76102589876172	42.63992196691873	76.94189703487615	0	34.30197506795741	76.93373568745641	4.819791278659794	16.27614595424128	0	11.45635467558149	16.08490018552095	13.61568372543327	19.53816590880414	0	5.922482183370874	18.38970071005597	77.13977078689537	97.87001609511618	0	20.73024530822081	96.20217918848809	279.1016861767113	326.498140814395	0	47.39645463768371	318.4974448539037	336.3139842825478	464.6322799796737	0	128.3182956971258	460.3627390920101	65.29394546523557	85.55273305929583	0	20.25878759406027	83.23238682627941	35.8330859103138	55.73460029175408	0	19.90151438144029	53.45324634662035	30.06780567662076	36.66646106698789	0	6.598655390367126	36.65444929159252	351.6832184225395	515.6616092477734	0	163.9783908252339	504.5721803475153	34.50157402458698	72.62379872876215	0	38.12222470417517	71.18017275983063	62.55946845650315	393.1446512825592	0	330.585182826056	373.5033017241033	17.78601685062855	20.2438235225404	0	2.457806671911841	20.19533341340618	751.0714530846566	768.0439238105427	0	16.97247072588613	750.4230015667653	24.2353394665804	81.41721978322072	0	57.18188031664032	79.58667596578553	170.4485715326225	218.4332875881119	0	47.98471605548941	218.0323034598792	913.5517048478106	1043.459305109398	0	129.9076002615874	1011.512832662243	252.7983188464376	331.7293075098382	0	78.93098866340063	305.2036632145788
15.85265973399682	7.154986893283755	9.846499624409779	0	2.691512731126023	9.743828329798319	9.836582663062353	11.97213913057512	0	2.135556467512762	11.75580206221127	9.473361461418833	18.43417644163571	0	8.960814980216876	18.03127652353566	17.00394776910437	34.66287466838502	0	17.65892689928064	34.21716356223862	7.002314641682692	10.55008439966583	0	3.547769757983142	10.171277030442	6.170589634060512	7.866950217368293	0	1.696360583307781	6.926188466159906	91.8942436586789	163.7834053616417	0	71.88916170296277	161.899061857148	14.1089692029976	34.6765616161276	0	20.56759241313	33.6555139993111	234.9216302263409	243.6695321143079	0	8.747901887966936	237.0892496189051	58.40688697326893	64.77853676882738	0	6.371649795558453	63.52624935519768	28.20917504901273	44.30126007125232	0	16.09208502223959	43.35075336967951	86.31971887694391	112.8926219778605	0	26.57290310091657	109.4098840369054	18.09037189643118	91.70856105881006	0	73.61818916237888	90.16127298931706	42.61085708246049	176.758884112558	0	134.1480270300976	174.8826370789838	347.5267061320421	450.1538089071087	0	102.6271027750666	433.7936463726735	587.433143056852	792.6123975858063	0	205.1792545289543	762.5293227799427	63.74048502310461	175.9172926350067	0	112.1768076119021	168.3206713529424	334.2838090034631	377.4592239142504	0	43.17541491078734	361.2706713221372	224.4907233973482	290.8196874262248	0	66.32896402887664	280.9996625004579	279.2275205687104	381.4679433490687	0	102.2404227803582	369.7781140143611	24.30089133445569	30.3167087389123	0	6.015817404456606	29.78006258435661	51.35319083728947	63.89236778575831	0	12.53917694846883	63.89236778575831	61.19363934933055	92.24018232381931	0	31.04654297448876	92.23010624691288	3.298741490909685	13.67522978194241	0	10.37648829103273	13.50891828235388	13.71672564894598	19.38793977827564	0	5.671214129329652	18.23400816832957	75.03455432110195	88.70154463219551	0	13.66699031109356	86.99113899176632	292.1086074410817	325.9036302680894	0	33.79502282700766	317.066890897743	301.2518983489305	447.8100038267526	0	146.558105477822	443.8426214873511	20.5486576886028	40.85798058626399	0	20.3093228976612	39.75147196454452	38.62996737695504	64.09998362100202	0	25.47001624404698	61.84194733411823	8.912951548453147	15.34351420498496	0	6.430562656531818	15.3384476188321	173.1176350419427	286.2129558248553	0	113.0953207829126	279.3348544902795	13.16755946705918	46.0517826294387	0	32.88422316237953	45.09191691995117	337.7504064008195	698.5361509421898	0	360.7857445413703	664.3992955099249	24.5963307338859	27.12506100777874	0	2.528730273892842	27.06054440412764	733.7880124019019	750.7198111022817	0	16.93179870037984	733.9266819857012	334.8525687269849	410.702273583691	0	75.8497048567061	402.2320666725481	256.0095877672135	312.8928580184592	0	56.8832702512457	312.3560976051463	1822.985853641621	1975.550900873203	0	152.5650472315814	1919.117335583739	491.044484312819	583.2639277967875	0	92.2194434839685	539.5262626772483
15.86692638639681	7.282657405583095	9.894743105192337	0	2.61208569960924	9.790030793306441	10.0181588419228	12.13998668782335	0	2.121827845900547	11.91658606121944	9.882148436335127	18.68298842258506	0	8.800839986249931	18.27227309047594	25.74941381106507	42.77554807389567	0	17.0261342628306	42.21900553943725	7.121214171518222	10.59689399145188	0	3.475679819933656	10.21358308741031	6.526651861803948	8.231748094749028	0	1.705096232945078	7.250434757397043	93.78473511642632	151.0391951675768	0	57.25446005115052	149.1778826673998	9.116686314062216	26.39953019887889	0	17.28284388481667	25.57816231893998	101.2218797206426	106.9107493108486	0	5.68886959020594	103.6373144872188	23.52333784789985	28.59056668348601	0	5.067228835586165	28.00105478190346	68.27319210117783	89.24113699299683	0	20.967944891819	87.48702636074027	227.6436373426581	261.2371361497304	0	33.59349880707229	253.7991706261276	22.12295787284941	103.2698371571567	0	81.14687928430732	101.5708170595822	41.64777989433546	186.5467992020524	0	144.8990193077169	184.6019222876588	353.0072071684144	455.9570140169668	0	102.9498068485525	439.4069701306715	600.1168409787773	806.4814517382122	0	206.3646107594348	775.9251995037525	93.56616856600083	205.522012975822	0	111.9558444098212	196.6438220370468	459.5688278888082	497.0745361613376	0	37.50570827252935	474.7040464269781	267.7418562728432	329.6143214679742	0	61.87246519513102	318.2518068283356	297.4291388940825	398.471213595882	0	101.0420747017995	386.2218928289887	36.42060578189311	41.55696123722503	0	5.136355455331928	40.77249839561693	64.87078109339791	76.05936331951085	0	11.18858222611295	76.05936331951085	70.13149552456392	98.68406647644295	0	28.55257095187903	98.67301217930405	3.628739700769023	12.97467596428211	0	9.345936263513089	12.81082874601461	13.92774559296468	19.58230608076319	0	5.654560487798505	18.4072977649774	39.69736465331282	48.44284463177994	0	8.745479978467117	47.36382748257115	173.4362365739495	197.6613902767875	0	24.22515370283798	191.6838523769918	272.7612633555172	434.2093628792974	0	161.4480995237802	430.4631219695472	20.59155734323016	41.15461260913501	0	20.56305526590485	40.04251936505584	37.88309689253536	70.121030443892	0	32.23793355135663	67.97804533158499	4.829010937148456	11.07972085956848	0	6.250709922420021	11.07602500128442	96.98262794474476	172.3554593274648	0	75.37283138272004	167.6506115418232	12.45970352324461	40.50648428427262	0	28.04678076102802	39.61660363003796	868.1917515448918	1354.349224813984	0	486.1574732690922	1294.515290699479	29.51178446284554	32.22733527688238	0	2.715550814036837	32.15210238037341	369.3325245871337	383.0582303787199	0	13.72570579158623	374.056639694641	895.3091925999632	1001.218488464963	0	105.909295865	982.617071165183	317.653222971928	384.5607113164326	0	66.90748834450461	383.9427899402301	3008.243840985031	3185.503743375305	0	177.2599023902741	3100.317041998594	799.4992589695125	906.3938998598193	0	106.8946408903067	842.4953403718172
15.88119303879681	7.31961946627344	9.886074316089623	0	2.566454849816183	9.78048860941009	10.20292207989519	12.3899122768405	0	2.186990196945311	12.16033438515216	10.63173601482978	19.05293515576591	0	8.421199140936123	18.62868730354711	31.66270297377998	47.62836379145607	0	15.9656608176761	46.99661197317631	6.935532476724354	10.22905793823818	0	3.293525461513822	9.85374314748741	6.566039320747066	8.257734317007154	0	1.691694996260086	7.274582249180559	81.60402817807699	126.3214464144633	0	44.71741823638631	124.641073079583	7.908508288131279	22.77117847227807	0	14.8626701841468	22.02571020742997	32.58597777519898	36.0540304290295	0	3.468052653830529	34.75484006092329	9.50528688947627	13.14252514980396	0	3.637238260327693	12.84040562118417	86.67775006255862	112.3701245797624	0	25.69237451720376	110.3021846669557	322.4628915642464	363.6460891185134	0	41.18319755426694	353.9887629022005	131.9316368825844	231.8855644426338	0	99.95392756004948	228.3125212716567	68.7148523650738	245.4053641429359	0	176.6905117778621	243.0097044296729	339.645516033428	441.0099435090997	0	101.3644274756717	424.9282686409297	572.1465783371783	774.7630938113527	0	202.6165154741745	745.269097886691	106.4697434920574	214.7045127296014	0	108.234769237544	205.3457240246327	586.5993147122225	620.6685723645967	0	34.06925765237423	591.7468915105175	299.3526622801604	357.5344070197859	0	58.18174473962551	344.9798684973667	301.4660076643872	399.6811721068758	0	98.21516444248856	387.2992073539111	47.57963128588136	52.29937091617427	0	4.719739630292919	51.26976517908335	76.91527781732205	87.40942538569961	0	10.49414756837755	87.40942538569961	77.74133601340677	104.7063363391069	0	26.96500032570012	104.6943948142922	3.712575361919982	12.18000301898478	0	8.467427657064801	12.02044551907233	14.360477037716	20.40469818859903	0	6.044221150883025	19.1892784957582	12.32667996463553	18.36485548794096	0	6.038175523305427	17.8986789760385	59.59974647564955	78.48640550410423	0	18.88665902845469	75.89183559082539	248.7261584344944	418.7115712801204	0	169.985412845626	415.149307611113	21.8235603674316	43.38041708417284	0	21.55685671674125	42.21983958599534	108.1596174964381	148.8691588524269	0	40.70954135598883	144.8629220367358	3.86373227189755	10.05114602098311	0	6.187413749085563	10.04777534055833	56.42982190890191	106.2408353286165	0	49.81101341971456	102.9176681551039	11.35080267089702	35.24418173503461	0	23.89337906413759	34.42661824801804	1816.775780072096	2529.240791210646	0	712.4650111385495	2431.036576117372	30.52925283355841	33.68313156379977	0	3.15387873024136	33.60793926570032	279.7592826616901	289.7573096747142	0	9.998027013024053	282.2138747322822	1246.208088524434	1385.361922205328	0	139.1538336808945	1361.657252538049	410.6857417354088	486.7183876674932	0	76.03264593208438	485.9752076321081	3923.901534674181	4122.965434634549	0	199.063899960368	4018.1602573932	1012.863815816327	1132.863922155068	0	120.0001063387409	1056.737408712256
15.8954596911968	7.382459680852029	9.989052429335642	0	2.606592748483612	9.882067486043043	10.51060597211288	12.9084220284061	0	2.397816056293215	12.67092816429129	11.82095596585742	19.62759140442895	0	7.80663543857153	19.1799362118031	35.19201546949762	49.57121518046282	0	14.3791997109652	48.89203825646407	6.594780793634416	9.632467400699319	0	3.037686607064903	9.269991064864138	6.334957170435699	8.026618845967937	0	1.691661675532237	7.070659273877235	38.22635826126073	72.73490439304562	0	34.50854613178488	71.68360445794178	7.227926473424499	20.69429082307635	0	13.46636434965185	19.991475612131	10.11885604120873	12.39670247441537	0	2.277846433206638	11.87253904270996	12.05410675534372	14.62681605591486	0	2.572709300571143	14.24679275927095	88.08939890773227	117.1701281440234	0	29.08072923629112	115.0969933152545	378.2359166774784	425.9646694740709	0	47.72875279659249	415.1938803495241	329.4397424961278	457.0283163155615	0	127.5885738194336	450.4998327824921	127.18781328032	352.6541501650765	0	225.4663368847565	349.4775905966766	321.0380650405004	418.3081915445185	0	97.27012650401809	402.8542595654109	528.14786863801	720.3477144127387	0	192.1998457747287	692.5319366936405	104.2437349138022	204.1076665768352	0	99.86393166303299	195.0108486114889	712.4020902636863	744.7658074830275	0	32.36371721934123	709.3450330817309	319.626568479982	374.696433163093	0	55.06986468311103	361.3186139563199	297.1182400393749	390.7133218332478	0	93.59508179387289	378.4469365836124	57.2308386392482	61.90551643750187	0	4.674677798253674	60.6669011992198	86.30931209324788	96.70554761580429	0	10.3962355225564	96.70554761580428	82.95624081044987	109.3251770712042	0	26.36893626075428	109.3126119926042	3.525888587865901	11.33528915166753	0	7.809400563801627	11.18201280033038	14.78614803239522	21.6668035045363	0	6.880655472141085	20.41183683862727	6.31970699712366	10.96971168045186	0	4.650004683328199	10.66005023248202	21.78460930443543	37.9076048775165	0	16.12299557308107	36.571684203634	221.3567401731574	393.8216437870937	0	172.4649036139363	390.4850566407863	21.85245808140627	45.42750888966854	0	23.57505080826227	44.23792207787961	248.2345312904087	299.1644033423372	0	50.92987205192846	291.9812042385607	3.658704145960946	9.95877136283076	0	6.300067216869813	9.955445204862754	30.36510765559039	63.87814178552658	0	33.51303412993619	61.58400231313529	7.956648338296505	28.48712234075292	0	20.53047400245642	27.79008745921733	2886.622150325298	3907.948449275722	0	1021.326298950425	3772.643437725044	25.32796643068403	29.20604295776219	0	3.878076527078159	29.14567933039817	450.6883188286134	457.9109185861618	0	7.222599757548296	444.5095294525511	1456.150269941881	1622.965237849698	0	166.8149679078167	1596.621237787814	532.1032933986352	614.6720851550883	0	82.56879175645315	613.7640489102928	4553.091998771863	4767.342766488204	0	214.2507677163414	4650.032918465883	1133.145844039467	1262.406525198976	0	129.2606811595092	1180.166270895145
15.90972634359679	7.573932517012699	10.32800744850291	0	2.754074931490213	10.21823884514575	10.95978591050758	13.72146970738508	0	2.761683796877501	13.4754014562319	11.2850742846063	18.32394159760573	0	7.038867312999432	17.89118907121124	34.97458372153663	47.45190233964377	0	12.47731861810715	46.77146943694494	6.379908492699227	9.133946452638712	0	2.754037959939485	8.778095091689581	6.286601996139438	7.996459075198574	0	1.709857079059136	7.045334103133053	14.67694024237058	41.48233203215236	0	26.80539178978178	40.83004869161251	7.470012859186253	20.53622848485833	0	13.06621562567208	19.82824473617879	7.319454057329521	9.069796421964723	0	1.750342364635201	8.63099320874567	14.72177666175779	16.58568167814568	0	1.86390501638789	16.0986334384917	93.45566071058593	124.277609731444	0	30.82194902085808	122.1186830157357	410.4290576708049	463.0148213610773	0	52.58576369027235	451.6683589640243	474.5968325223487	641.6307809644372	0	167.0339484420886	633.1734749489984	598.9689790314187	897.4897378315248	0	298.5207588001061	890.0943584099207	303.8302083774983	394.6528196914644	0	90.82261131396609	379.7448095340823	494.012407081327	669.6190400634118	0	175.6066329820848	643.1116507467586	93.21462954630954	180.956930676504	0	87.74230113019445	172.5916251062202	837.970041389317	870.2152615430175	0	32.24522015370054	828.6381736678935	340.660655214939	393.2144268683579	0	52.55377165341891	378.9717845203523	293.5811164073856	381.001143158281	0	87.42002675089546	368.808292147093	74.88760144266391	79.88177992586024	0	4.994178483196341	78.30393567882503	100.0701249764459	110.9709848441843	0	10.90085986773835	110.9709848441843	89.37707510102622	116.1732846108682	0	26.79620950984193	116.1599821546276	3.557409188904261	10.97646771791202	0	7.419058529007753	10.82477920469813	15.61051280705135	23.82343787015509	0	8.212925063103738	22.50828722144705	4.975757945948684	8.899014913854513	0	3.923256967905828	8.627684896914348	12.37183292351388	27.11469740509645	0	14.74286448158257	26.12089911253731	196.2050148241458	364.233676717047	0	168.0286618929012	361.1275880657682	22.34287363575489	49.11224375377722	0	26.76937011802232	47.86727076119285	368.3233209029223	430.5046455547959	0	62.18132465187358	421.116299477337	3.742171881257968	10.34545816641437	0	6.603286285156402	10.34205295292275	18.90796838880685	42.77813010221778	0	23.87016171341093	41.03252086204851	6.781699709033447	24.81002296804454	0	18.02832325901109	24.17339659290668	3289.590522828668	4676.123356027028	0	1386.532833198359	4528.424518180629	35.07388926457069	40.03686443923119	0	4.9629751746605	39.96220256924161	583.9763181879175	589.4033376228003	0	5.427019434882791	570.0502589322539	1532.61853730144	1717.266165132802	0	184.6476278313617	1690.183422731955	581.6443840615367	666.6095147693524	0	84.9651307078156	665.6372907904243	4842.716751880744	5062.285358182774	0	219.5686063020306	4939.267897629076	1221.098243322723	1353.714835043035	0	132.6165917203125	1266.580378973286
15.92399299599679	7.873273906046877	10.88966843005105	0	3.016394524004176	10.77617887644396	11.53865194845329	14.84759288902324	0	3.308940940569949	14.59301171922126	9.106063906947735	15.27981928955514	0	6.173755382607403	14.90237310642844	30.92532646406305	41.36354555388611	0	10.43821908982305	40.73493697676007	6.252179576751285	8.704878440067352	0	2.452698863316066	8.351090761019313	6.424403919658618	8.174292728234388	0	1.74988880857577	7.206732142270893	15.00879807405525	35.54258051734294	0	20.53378244328768	34.93176666150116	8.599905260463728	21.9300204145622	0	13.33011515409847	21.17678246634142	14.66113015380582	16.47052158719363	0	1.809391433387807	15.60800384877579	17.64583699766347	19.26960308765982	0	1.623766089996351	18.64899425924278	105.7555327409541	137.3628892958825	0	31.60735655492842	134.9948685024323	421.1703587984666	476.8614683980875	0	55.69110959962084	465.3885116062488	549.9529459083525	761.395634729334	0	211.4426888209815	752.0260496557169	1290.95396663923	1674.423189597301	0	383.4692229580712	1661.655595772782	287.1472175187278	369.6904646129279	0	82.54324709420014	355.2783665266123	471.6576033469976	626.1154409635105	0	154.457837616513	600.4248340319807	72.86497736559294	146.2115947046427	0	73.34661733904971	139.0943331757023	949.4359155092202	982.9403296259134	0	33.50441411669321	936.4770001607274	361.2593021143055	411.7788303172477	0	50.51952820294218	396.6812727731697	290.2975363296346	370.3883460427433	0	80.09080971310871	358.2370610829946	101.9930533848214	107.6759687184764	0	5.682915333654949	105.6348180748309	118.7514952876784	130.7895724309489	0	12.03807714327045	130.7895724309489	96.78191679935537	125.0804206582048	0	28.29850385884946	125.0663184006205	3.761170202872066	10.9747131555452	0	7.213542952673128	10.82114454352596	16.92976976389456	27.1653756643854	0	10.23560590049084	25.75922654261424	5.178267680845451	8.656571753499987	0	3.478304072654537	8.377301004039721	12.52298617808867	26.30628656829032	0	13.78330039020165	25.3158568916971	174.2132450438383	331.5979758149798	0	157.3847307711415	328.7217767138316	23.40228271603003	54.80832117988376	0	31.40603846385373	53.47525286513617	475.8287200523883	551.1200460551706	0	75.2913260027823	540.075198695479	4.112965677670037	11.19252977497595	0	7.07956409730591	11.18892980785418	20.89015132992109	38.06332968868407	0	17.17317835876298	36.30862636757338	7.906333097382286	23.9048039321745	0	15.99847083479222	23.26398605255351	3207.080498904091	4916.569921049313	0	1709.489422145222	4770.424940962842	63.74767347419191	70.39970148579857	0	6.652028011606658	70.2834553716005	679.02853183774	684.1086076283825	0	5.08007579064249	659.7542769144818	1497.644930533254	1692.897441296294	0	195.2525107630397	1666.609123764648	571.676562938609	655.5409971262077	0	83.86443418759872	654.5819177703594	4894.367043406564	5111.174884589427	0	216.8078411828628	4986.589250337063	1312.360729136197	1443.408593523093	0	131.0478643868958	1350.227414884652
15.93825964839678	8.27064163911373	11.78373521229716	0	3.513093573183433	11.66525590639198	12.27868687163174	16.50818424422571	0	4.229497372593978	16.2437248495024	7.730314625924755	13.02103412057728	0	5.290719494652529	12.68131010774285	25.68684712341373	34.11199061987939	0	8.425143496465656	33.55526069512385	6.146488543554648	8.340685999796186	0	2.194197456241538	7.985385201523564	6.595159002349086	8.461789039735821	0	1.866630037386736	7.473815159700941	14.40934518273878	29.45911041806867	0	15.04976523532989	28.89784135649264	8.784755066481702	22.79578595613571	0	14.01103088965401	22.02477171635882	15.28324443177596	17.23854356293552	0	1.955299131159555	16.31625299861003	16.22520629350555	17.88830958961571	0	1.663103296110156	17.29174812157245	100.0096453029827	132.1596343552282	0	32.14998905224546	129.8929301074	389.0310633568394	446.2111877197971	0	57.18012436295775	435.5687358180924	540.7970728216947	785.2004494846389	0	244.4033766629442	775.9289695679125	1495.173095648727	1943.359096703422	0	448.1860010546946	1929.222801636897	239.6098885493103	312.2790567829409	0	72.66916823363059	299.5749257346453	391.7005696881446	521.6585328469248	0	129.9579631587801	499.1752905856974	49.08372908626284	107.0971554785849	0	58.01342639232209	101.5100153129563	1044.910092078778	1080.589286085173	0	35.67919400639493	1030.564956774641	363.3506421093902	411.5822504621235	0	48.23160835273332	396.2828775889682	267.0724562428563	338.18991589818	0	71.11745965532373	326.7129315830625	131.8978676922306	138.679835871664	0	6.781968179433388	136.2143283477374	132.6939692176427	146.4772468332743	0	13.78327761563149	146.4772468332743	95.27021192566863	125.7268467241991	0	30.45663479853046	125.7129798861281	3.853551171427336	10.9991032910852	0	7.145552119657867	10.84436862906237	17.70165490176972	31.0301456140395	0	13.32849071226978	29.54498645242558	5.593273849718305	8.945647385969425	0	3.352373536251121	8.646782839784454	13.08147715166317	26.36751130459772	0	13.28603415293455	25.35585881339003	130.2101896498993	269.1422263657747	0	138.9320367158754	266.7304221341087	23.88018365489343	61.92343773966817	0	38.04325408477474	60.48982775717629	518.1384176879905	609.954789046855	0	91.81637135886457	598.7013116052383	4.118906573124143	11.83272421881452	0	7.713817645690382	11.82902741676514	20.34045306888509	32.13613199462107	0	11.79567892573598	30.44469784246293	8.075630957476079	22.2132471438499	0	14.13761618637382	21.59010777275273	2840.76126831788	4701.685916566263	0	1860.924648248383	4565.292939553403	93.43979772064219	102.7357554166158	0	9.295957695973636	102.5875219787776	710.0761703177967	715.4525411898996	0	5.376370872102973	689.3336848714645	1361.06036884379	1562.916095485692	0	201.8557266419013	1538.86938803736	524.4494683800142	605.0593701534053	0	80.60990177339103	604.1623333407692	4552.092024566825	4761.14413998413	0	209.0521154173055	4643.57591579687	1259.296918343321	1385.737314357142	0	126.4403960138207	1295.159220493561
15.95252630079677	8.603106616094191	12.86947956860989	0	4.266372952515701	12.74691485405754	12.92601406149111	18.49593608540664	0	5.569922023915522	18.22507640137012	7.223569332714652	11.75699904533035	0	4.5334297126157	11.43158262413195	19.95810692603312	26.67630964459502	0	6.718202718561895	26.2049884440851	6.101349367895017	8.136307558672407	0	2.034958190777389	7.774405983155883	6.726948654884478	8.774163639314313	0	2.047214984429834	7.778147488492672	12.80766948413142	23.62605060402037	0	10.81838111988895	23.12125676182237	7.999885574387217	23.01182937662132	0	15.01194380223411	22.25097223675076	7.379421943509024	9.51344957806857	0	2.134027634559546	9.008492878602951	8.172145942363178	10.06549437649883	0	1.893348434135652	9.735682306824202	71.83025655843829	104.5789066087835	0	32.74865005034518	102.7946753716866	310.2942240935422	367.674348473882	0	57.38012438033979	358.9186885162429	467.9443058308786	724.7272251773013	0	256.7829193464227	716.2922340106622	1344.93412119889	1818.238031304224	0	473.3039101053336	1805.233164879834	155.9633236646944	218.2195782182872	0	62.25625455359279	208.8576269667512	236.7443440158611	341.8235261927873	0	105.0791821769262	326.1461739159839	23.39391171169556	67.43279152616535	0	44.03887981446979	63.60493030554463	1118.584864960706	1156.454487217337	0	37.86962225663192	1104.046931335413	347.7502307725358	392.7243397019594	0	44.97410892942361	377.8202004212887	227.1996280855487	287.9251850894896	0	60.72555700394093	277.6952103343613	161.0316699821935	169.2567313665682	0	8.225061384374726	166.4624257824376	138.8830289679074	154.7549365117195	0	15.87190754381207	154.7549365117195	84.71494425921709	116.9939197712255	0	32.27897551200838	116.9812454138833	3.840457020390625	11.07424625423855	0	7.233789233847925	10.91889259266191	17.54838870232655	35.24853771271602	0	17.70014901038947	33.69788389792463	5.851724819685029	9.200203975383408	0	3.348479155698378	8.88879200508811	13.25302041774564	26.23128161407822	0	12.97826119633257	25.21381143017983	69.73084823451649	183.0791535520445	0	113.348305317528	181.3467539279182	23.44074823369009	70.21778957582998	0	46.77704134213988	68.6759541740614	479.2433950674578	590.4779218402991	0	111.2345267728412	580.3992247162458	3.730366397952604	12.1846809190686	0	8.454314521115995	12.1809919778795	18.62560997824657	26.70785520284	0	8.082245224593429	25.08957427678753	7.461757749927888	20.01146518691204	0	12.54970743698415	19.42387261597205	2262.288455319973	4074.453751512418	0	1812.165296192445	3955.455799622038	119.3492071780793	132.4347561713269	0	13.08554899324761	132.2672170227717	695.8657248922349	702.0504775952245	0	6.184752702989626	676.9444975921775	1151.866665721187	1357.741807255701	0	205.8751415345141	1336.964134438284	436.6818327887704	512.7468931572769	0	76.06506036850644	511.9711279351925	3723.8813487582	3922.090228625666	0	198.2088798674662	3823.29034755353	1012.056693841805	1132.041603816249	0	119.9849099744444	1056.623288535468
15.96679295319677	8.963086891856157	14.3449704750812	0	5.381883583225039	14.21747431981648	13.57036379963662	21.15044051827336	0	7.580076718636734	20.87118034072511	6.838595916404051	10.81856819228041	0	3.979972275876357	10.50198929717461	14.51416894271458	19.96258536712217	0	5.448416424407593	19.58099308310296	6.177745590402716	8.177955270613818	0	2.000209680211104	7.803129988983776	6.937322415737295	9.240857488312599	0	2.303535072575304	8.237089838604392	12.13995902036245	20.14897975329566	0	8.009020732933205	19.66642259323941	10.03140844637682	26.31958893811743	0	16.28818049174061	25.47261822248262	21.60769988136524	24.36467564737344	0	2.756975766008199	23.13635358739058	11.6985801153677	14.18953900144989	0	2.490958886082189	13.76079034429977	47.91336240322017	81.26471653490049	0	33.3513541316803	79.88585445730234	212.1186987611433	267.9522847863651	0	55.83358602522173	261.5255772001996	317.7619491170603	553.521351142865	0	235.7594020258047	546.9369865400316	997.514560769796	1429.422039246968	0	431.9074784771722	1418.946337330991	83.46288108801653	135.6433641751588	0	52.18048308714226	129.4504334607942	109.1580863217211	191.9345722095918	0	82.77648588787066	182.4739614028669	9.937329233226917	42.9121029396233	0	32.97477370639638	40.2399096058072	1056.353099071293	1095.217028479532	0	38.86392940823963	1046.135168295202	296.2144203663859	336.5799651377283	0	40.36554477134247	323.3875679572755	171.74779584474	221.5474128555212	0	49.79961701078128	213.1990743367696	166.0020593425432	175.8056635829481	0	9.803604240404894	173.0943011788575	126.2415543828458	143.9948008688435	0	17.75324648599765	143.9948008688435	66.59231512309674	99.07448243753764	0	32.48216731444091	99.06378486527791	3.896448980698606	11.40099558807556	0	7.504546607376953	11.2429824575416	59.4614835379619	83.12994137920744	0	23.66845784124553	79.76194593000193	6.221567889285348	9.805456836309856	0	3.583888947024509	9.47626172500752	13.49226581644641	26.41837774966774	0	12.92611193322133	25.38804311173999	32.13365799143814	117.2070174103091	0	85.07335941887096	116.0069968611304	24.76788783190102	82.09007737068502	0	57.322189538784	80.37714162531026	458.7655573809868	589.8885845048385	0	131.1230271238517	580.4544550371839	6.800719517878618	16.03617608547174	0	9.235456567593124	16.03146571237397	18.41090826804586	24.43332800194005	0	6.022419733894191	22.74116021395088	7.236668237170582	18.59949747703716	0	11.36282923986657	18.03071998024413	1576.793395597299	3108.832497847486	0	1532.039102250187	3013.767646845525	128.9895857400177	146.8324482987072	0	17.8428625586895	146.6663354571439	666.284145045741	674.4102496750825	0	8.126104629341604	652.1033700530331	842.0586111811299	1048.582045059781	0	206.5234338786509	1032.554424716156	311.1149865111828	381.8943203363208	0	70.77933382513801	381.301546145132	2658.367942894525	2843.837319466489	0	185.4693765719637	2770.363360693779	692.0496296794324	804.4788538525737	0	112.4292241731413	749.5795698958533
15.98105960559676	9.257147400561681	16.18678363794947	0	6.929636237387792	16.05363426181557	14.09212208612443	24.64347077825122	0	10.5513486921268	24.35151178297637	6.441342623653371	10.03771180659372	0	3.596369182940351	9.729658092970453	8.911163752089037	13.4671926006112	0	4.556028848522168	13.19049625255913	6.251839896974049	8.286770887879712	0	2.034930990905662	7.901835921603243	7.126985591061237	9.70879545330501	0	2.581809862243772	8.710707118688186	12.26546898532771	18.65416403578426	0	6.388695050456557	18.16001079688195	15.05442581927186	33.01715725936565	0	17.96273144009379	31.98812059466424	67.14714264952261	71.31484363712407	0	4.167700987601473	68.18616667168081	31.76705158966268	35.3800115968147	0	3.61296000715202	34.45851145919989	34.28494161147791	66.92589392521184	0	32.64095231373393	65.78463321104202	108.2855733868388	159.2718574830311	0	50.98628409619228	155.3541956343497	140.329751983986	322.2835128018298	0	181.9537608178438	318.172554075698	649.9613347863411	977.0660216184497	0	327.1046868321085	969.3200559443288	36.65663095498076	79.620361928516	0	42.96373097353526	75.72003179337104	43.50740562225626	107.6222304449675	0	64.11482482271127	101.8772848037838	9.397085307977079	34.11795022322644	0	24.72086491524936	31.7792585391571	865.8893284385248	904.4149697324383	0	38.52564129391347	863.8380961222063	211.1168100629491	245.926829922491	0	34.81001985954185	235.8412909706914	101.8310503056198	141.0186000542142	0	39.18754974859448	135.3035954146938	146.0695767751766	157.5307115389888	0	11.46113476381213	155.2376104207677	97.30369976035544	116.4069676920398	0	19.10326793168438	116.4069676920398	44.52936133683185	75.07530916155268	0	30.54594782472083	75.06706886211578	4.005377156746259	11.98073289279579	0	7.975355736049528	11.8182414006354	142.0411664595823	173.6890331057454	0	31.64786664616315	167.1805235789734	6.757545529999029	11.02647302482216	0	4.268927494823131	10.67339189464613	14.132792513307	27.76378617999005	0	13.63099366668305	26.69281049346227	21.07137449925498	78.89283262400157	0	57.82145812474659	77.99195807883004	28.02322418651956	97.58170421421607	0	69.55848002769652	95.63913358209597	466.0613697953704	613.1447714216573	0	147.0834016262869	603.7710547616401	13.20851540791437	23.23872891297557	0	10.0302135050612	23.23209039672805	19.64716211606162	25.00470414211783	0	5.357542026056214	23.07936732256823	7.395926514900837	18.03401199115472	0	10.63808547625389	17.46576054729257	1036.055127969599	2103.956777941297	0	1067.901649971697	2032.679311454326	123.7810763151548	146.8851117879875	0	23.10403547283267	146.73281437266	584.2786468772349	595.9668433464863	0	11.68819646925145	578.8993376651383	426.4634020394905	621.2608632681479	0	194.7974612286575	611.6246404590261	144.8640976094203	209.4199821892772	0	64.55588457985695	209.0841052660153	1383.753877825689	1553.981142353899	0	170.2272645282106	1512.50170233621	328.2472996927432	431.6977497001581	0	103.4504500074149	401.3172362311411
15.99532625799675	10.77739715320891	19.59698677057163	0	8.819589617362723	19.44732818313147	27.36127058761033	41.87957813765556	0	14.51830755004523	41.43069767046244	6.47576317238304	9.827954033927902	0	3.352190861544861	9.514826787175199	6.264657402880921	10.24657759946519	0	3.98192019658427	10.02285777600405	6.615086940536364	8.704064181587059	0	2.088977241050694	8.299632592661487	8.349868502981687	11.16489052491046	0	2.815022021928775	10.07812414495061	13.62094058923178	19.28970862817109	0	5.66876803893931	18.7388133757879	39.98163515380119	60.05625660586482	0	20.07462145206364	58.25147372998551	80.0837079608328	86.64176319759262	0	6.558055236759837	83.58904904441548	35.52413312889008	41.09148464113935	0	5.567351512249272	40.20449695358037	21.18831001053754	50.28971440255351	0	29.10140439201596	49.40505008918988	41.76546478871879	83.95973151595128	0	42.19426672723249	81.77908432064274	48.45352749439891	166.5511830614687	0	118.0976555670699	164.1518897299474	400.7893208025562	606.7782374716103	0	205.988916669054	601.2618543022895	14.21244483587496	49.42739370504871	0	35.21494886917376	46.81725182051174	16.49629300649907	66.21998688733223	0	49.72369388083317	62.37966598430769	9.57576489396685	28.50664506206746	0	18.93088016810061	26.36011850917792	654.6276577493965	691.9535671470579	0	37.32590939766148	660.6074778874781	144.7047549355511	173.9276784571942	0	29.22292352164307	166.3888436807745	64.0486587648894	94.01586142464197	0	29.96720265975258	89.86952221706794	116.2869822827334	129.3998257200207	0	13.11284343728729	127.6048583256885	76.08704307036996	95.85979811961946	0	19.7727550492495	95.85979811961946	34.00235054237	60.89433248802711	0	26.89198194565711	60.88740230205655	9.817730055670712	18.4180815646595	0	8.600351508988787	18.17523335060191	237.5072449827744	279.0610558753787	0	41.55381089260427	269.3118214636925	28.03621884809958	33.45838212693357	0	5.422163278833994	32.47956108492741	90.96720100237516	106.2927147705064	0	15.32551376813121	102.3411815712979	20.9514084129918	56.47848922797105	0	35.52708081497925	55.73436826448946	135.8055169409466	218.5853223839654	0	82.77980544301884	214.4107168345929	365.5244449848606	519.7158997224932	0	154.1914547376325	511.924878197467	20.56632391320631	31.36054831347887	0	10.79422440027256	31.35180742666812	61.4907137534693	67.12004294251163	0	5.629329189042333	61.63430137284382	12.44040650754172	22.79877987498194	0	10.35837336744022	22.06934375424516	669.2874130365173	1272.966414759391	0	603.6790017228739	1221.787641631073	103.2316503037092	131.2628772457945	0	28.03122694208531	131.1350092788157	534.7324340474644	552.5747716094638	0	17.84233756199947	539.4987930882966	135.2027419817339	298.4579060755497	0	163.2551640938158	293.6100417408829	43.5681214062187	101.1447116755445	0	57.57659026932577	100.9756057301555	463.9129186510399	616.7908487369173	0	152.8779300858773	599.6247130404294	100.4314818644011	193.6900064467181	0	93.25852458231702	179.5144412438817
16.00959291039674	13.64473580847738	24.62659541484689	0	10.98185960636951	24.45020416075859	53.2341149454997	72.75461501267056	0	19.52050006717085	72.03853244633365	6.88191552068139	10.05333491691707	0	3.171419396235675	9.723560123935233	6.623760288233398	10.2007276355493	0	3.576967347315905	9.966645427034232	7.27685185201164	9.410853528843665	0	2.134001676832026	8.976216464238668	10.68501588348749	13.69981376680763	0	3.014797883320143	12.42664622325387	15.75338912657122	21.05532335301202	0	5.301934226440804	20.42284732287441	83.75440747168545	106.2991140127894	0	22.54470654110395	103.2228990603164	39.49264240067505	50.02708253145419	0	10.53444013077914	48.63409504339321	16.24796808486772	24.95399747927656	0	8.706029394408834	24.50515732567338	8.807563959549855	31.88535754976407	0	23.07779359021421	31.28646677575217	15.42960355097014	46.94246945154694	0	31.51286590057681	45.61252097488395	40.37690213762669	109.5039134668622	0	69.12701132923553	107.6529013957781	197.9868179029927	314.2258587321807	0	116.239040829188	310.8046557431624	11.7892347323162	40.66325435579681	0	28.87401962348061	38.34370130415851	15.07572088109293	53.95971906170779	0	38.88399818061486	50.55989208677546	9.664444759546337	24.44800343266353	0	14.7835586731172	22.43384610025338	443.1196816360026	478.8429677187207	0	35.7232860827181	456.838251820845	105.4649771373503	129.5583346990733	0	24.09335756172296	123.5806378390203	62.62269680235824	85.03748368191067	0	22.41478687955243	80.91742485922192	81.27981032457454	96.05515809356565	0	14.77534776899111	94.77624236455812	66.60216717113893	86.4445402018799	0	19.84237303074097	86.4445402018799	34.43541432498669	56.83176369324656	0	22.39634936825987	56.82494129069853	21.19963089694045	30.51598772268469	0	9.316356825744244	30.12559326738788	347.5985257078514	401.0578630832867	0	53.45933737543536	387.8853812357848	71.7253246742861	78.70677484615152	0	6.981450171865418	76.64069020873865	247.3182039003973	265.1855705766989	0	17.86736667630161	255.8630296161436	26.63093106113162	46.1992152024462	0	19.56828414131459	45.47167909982034	335.6195758831132	432.0214044852008	0	96.40182860208758	424.0573636019665	163.3763233914634	315.9289170208088	0	152.5525936293455	311.1827867575099	28.95287330879199	40.46383122567868	0	11.51095791688669	40.45278982630732	148.6393407994096	154.7104538477707	0	6.071113048361036	141.82908276821	22.57304384535905	32.91933980880076	0	10.34629596344171	31.86250289856093	356.6094486139395	651.6096872314591	0	295.0002386175197	618.587969891838	71.32176416298633	103.565393914583	0	32.24362975159665	103.4687915006407	558.2275017969042	585.9649544619833	0	27.73745266507907	574.5258248505098	35.53053252393942	154.8043913606655	0	119.273858836726	152.0672723356511	23.11607718028593	73.57384555058155	0	50.45776837029563	73.44464739440821	133.6451434483263	268.5363920460045	0	134.8912485976782	260.6806580485007	43.7068542959483	126.4214802780297	0	82.71462598208142	116.7293474840285
16.02385956279674	16.23493803753545	29.55842835143372	0	13.32349031389827	29.35776025061953	79.14838740888531	104.6532080441448	0	25.50482063525948	103.6944537857569	6.973188766908271	10.00067895613251	0	3.027490189224238	9.664586197343677	6.726648808696949	9.993109673590837	0	3.266460864893887	9.753827725715952	7.440254287862635	9.615795751889014	0	2.175541464026377	9.175029519991448	12.40765734890772	15.59958271570095	0	3.191925366793228	14.20204891732113	19.57281829763281	24.58676719219326	0	5.01394889456045	23.8215140612248	106.879403914483	132.1002100337169	0	25.22080611923391	128.4133037092976	63.35590738571759	80.79363324993902	0	17.43772586422144	78.97399695397132	18.63995564544895	32.20337688144636	0	13.56342123599741	31.7092569846341	5.340893520770954	22.0899136255778	0	16.74902010480685	21.63382477117382	9.925285582900338	31.69423065449801	0	21.76894507159767	30.68753728741272	47.85620757163085	86.35858289893015	0	38.5023753272993	84.60558656997736	74.18730570080324	133.9310260172311	0	59.7437203164279	132.1161561191426	11.1885351684505	34.84204145487574	0	23.65350628642524	32.68930009750522	15.01096130591392	45.60284576785555	0	30.59188446194162	42.47892056236628	9.654164300495292	21.32408001812703	0	11.66991571763174	19.40424997154167	260.4823828335345	294.3305521105974	0	33.84816927706282	280.5668587063782	72.21739188541326	91.72493682020112	0	19.50754493478786	87.18748878937579	53.04028964819422	69.39927680898134	0	16.35898716078713	65.66601305521837	55.60885316048675	72.07661060307554	0	16.46775744258879	71.15140587562145	54.95806367199968	74.39495105135725	0	19.43688737935758	74.39495105135725	31.06349219320453	48.82628077271811	0	17.76278857951358	48.81999916264876	29.18611922084193	39.25183660401807	0	10.06571738317613	38.76415497532993	372.3763608301667	440.2522940914292	0	67.87593326126245	426.5834323756903	74.78725974831249	83.2568579299288	0	8.469598181616302	81.26149716698652	266.7804445067737	286.8178926056754	0	20.03744809890171	277.2286150892022	28.27696049889397	37.47773091936953	0	9.200770420475564	36.74206507050133	414.6625513766148	525.2040555130404	0	110.5415041364256	515.8186264834721	45.49805092926696	191.3791821779415	0	145.8811312486745	188.4595378912304	33.64739145425057	45.82376314950972	0	12.17637169525915	45.81148691128502	268.7787217358879	275.0925643008082	0	6.313842564920329	252.2792557085705	39.91284478337578	50.34730335664837	0	10.43445857327259	48.73523976469893	112.8483579821642	243.4009337387226	0	130.5525757565584	227.0938421711466	47.37609556318054	83.2393996710689	0	35.86330410788834	83.16420675756881	475.8465238033997	519.4752724877851	0	43.62874868438543	510.9295848284551	20.53006040181628	99.52655006537691	0	78.99648966356064	97.54930896568217	17.9794163591077	61.89188871882144	0	43.91247235971374	61.77719554143908	54.02909887474735	172.1568849669637	0	118.1277860922163	166.8346642190633	29.37096098023122	102.249547089962	0	72.87858610973082	93.99994184653899
16.03812621519673	18.68808863125675	34.63277999897092	0	15.94469136771416	34.40849471998085	105.5433841188863	138.2440666480209	0	32.70068252913462	137.0547249027923	6.813581066556669	9.76265310215117	0	2.949072035594499	9.428479565499032	6.590465761825682	9.643621137450205	0	3.053155375624523	9.404371700532435	7.179931467222101	9.442495138551397	0	2.262563671329296	9.014591089169938	13.65739646398796	17.05986608900736	0	3.402469625019401	15.58012861002269	24.90699410344152	29.55557074391297	0	4.648576640471459	28.60592562981519	107.9670519897564	135.5486519728168	0	27.58159998306039	131.873918478582	151.5478051839906	179.5508383618292	0	28.00303317783854	176.1524725995213	41.0763935437406	61.28511743770073	0	20.20872389396012	60.46013763313851	9.446488918109456	21.19160390746581	0	11.74511498935635	20.70297970518413	17.99131412600318	32.61266075320014	0	14.62134662719696	31.43271205574618	60.80581842985966	82.18769875907471	0	21.38188032921504	80.15801605129981	75.29898433025059	104.1962468444765	0	28.89726251422595	102.3792526299328	11.51213528494123	31.02755476948598	0	19.51541948454475	28.9498537070293	15.3314612370275	39.76725477736302	0	24.43579354033552	36.81012183483166	9.805210508910255	19.27631179467996	0	9.471101285769704	17.38842348339188	123.3609878305393	154.4611052600153	0	31.10011742947597	147.0436777655123	39.74410846948506	55.15290468504941	0	15.40879621556437	52.19995617501896	30.87022445745493	42.56921867020484	0	11.6989942127499	40.00075364042643	41.6644347759676	59.41050484227643	0	17.74607006630884	58.66747534721596	38.45654606470541	56.79987601620378	0	18.34332995149836	56.79987601620378	22.71162885487659	36.0468221182555	0	13.33519326337891	36.04176107122119	33.71740154061072	44.49167225977818	0	10.77427071916746	43.9529307772236	298.0835774670947	382.817690079048	0	84.73411261195326	371.5197583820906	37.23791723183914	46.75747082665703	0	9.519553594817889	45.69676576804376	147.6023514868526	168.8038565990425	0	21.20150511218997	163.310516047469	27.59160833814	30.89949630523513	0	3.307887967095129	30.11181386321789	370.224932240648	495.4670661687756	0	125.2421339281276	486.8564335032381	28.29599614213663	168.3887553252939	0	140.0927591831573	165.7798316811195	34.38593698871895	47.11399725411953	0	12.72806026540058	47.10155800164193	409.0740813074744	415.0962396354084	0	6.022158327933897	380.7053910461976	63.7388047321413	74.18747694892859	0	10.44867221678728	71.81637761055026	46.70680648736376	102.5387720717689	0	55.8319655844051	93.17884536006427	33.12490513628084	71.8115451558289	0	38.68664001954806	71.74812613553658	232.2146802262909	298.1207641886979	0	65.9060839624071	293.8645926462875	38.37601136299913	89.06237026759239	0	50.68635890459326	87.04175614183848	19.00615951541052	58.14329250813523	0	39.1371329927247	58.03016802070211	56.39057566303543	162.2500839976163	0	105.8595083345809	156.9745743920389	30.82571406829273	96.42056394166649	0	65.59484987337376	88.27246607528136
16.05239286759673	28.2902579780955	47.4495423225862	0	19.1592843444907	47.15609272031967	132.1705027481939	174.1021017545274	0	41.93159900633356	172.6912764058058	7.25969039776279	10.18591511853587	0	2.926224720773078	9.83342687135108	6.746206503636467	9.64533180567221	0	2.899125302035742	9.399130145937727	9.152340008415438	11.55940208398426	0	2.407062075568826	11.04559429487203	20.42336776518038	24.11200783611005	0	3.688640070929668	22.09197557686283	72.71997926352782	76.76810413225144	0	4.048124868723626	74.19749294780001	101.6297227610182	130.6587710476049	0	29.02904828658671	127.1765795680684	159.7393334082836	200.3337955333025	0	40.59446212501896	196.9805722621146	38.40066118570476	65.70963564324921	0	27.30897445754445	64.90320459475659	9.938602402216164	18.53813521141059	0	8.599532809194427	18.06327026254322	18.76690737538165	29.21883488904957	0	10.45192751366792	28.02406921438116	66.29655137555208	79.58873802401089	0	13.29218664845882	77.24045851639467	129.2168846282333	145.3747366896767	0	16.15785206144332	142.191063761895	11.53818827875135	27.764754376751	0	16.22656609799965	25.75184731264297	15.37435446367426	35.14745119599165	0	19.77309673231739	32.31780588066398	9.961492494998847	17.87760084765097	0	7.916108352652128	15.98812780921384	45.94886575096551	73.19445811252393	0	27.24559236155842	69.52911835160346	19.88976672672348	31.69157106934179	0	11.80180434261832	29.83405510798976	18.3800381625149	26.5909104386211	0	8.210872276106196	24.77602073447071	28.39247721888242	46.57470014091246	0	18.18222292203004	45.99791935285372	25.29590157910659	41.83894629409561	0	16.54304471498902	41.83894629409561	16.48201497263509	25.96079103943328	0	9.478776066798188	25.95673719536586	37.28599303464467	48.66628320994509	0	11.38029017530041	48.08901873147524	244.5442327338877	348.5017892132354	0	103.9575564793477	338.6728617673745	16.67803925970916	26.74492350304681	0	10.06688424333765	26.15402625557294	74.21373874298227	95.79075118561224	0	21.57701244262996	92.70336166070088	25.5492404328703	25.84722090221378	0	0.2979804693434831	24.96246715502915	343.2754028394622	484.2553060221389	0	140.9799031826767	476.055110141918	26.01280956361131	166.8850783784204	0	140.8722688148091	164.299001604993	32.13171570884992	45.24844109410863	0	13.11672538525871	45.23661298058671	471.1704342292564	476.1614523282049	0	4.991018098948483	435.6134821463525	82.50774863111127	92.73089030662814	0	10.22314167551687	89.75033765062884	35.00561252185711	64.08560218210556	0	29.07998966024846	56.32932037470648	21.4819751644509	62.22329168820882	0	40.74131652375792	62.16917117048701	117.1183553096698	206.8851110692836	0	89.76675575961382	204.2086269441125	41.43070677734663	75.96587513291313	0	34.53516835556649	74.01313356075046	20.48331387513006	57.25795211868683	0	36.77463824355677	57.14300880497121	61.57705289061296	161.4889678021702	0	99.91191491155726	156.0643990391263	33.06566645804936	94.99904226795306	0	61.9333758099037	86.72817917536226
16.06665951999672	45.1397432138735	68.55852164244955	0	23.41877842857604	68.15473315926283	158.1880853148089	212.7067222759873	0	54.51863696117846	211.0849152492823	8.392598398626323	11.37409231959971	0	2.981493920973389	10.97981277395419	7.282112479833706	10.10879295640557	0	2.826680476571863	9.845407612083759	13.57881341076944	16.21225236755169	0	2.633438956782246	15.5132592373635	33.16845424970399	37.24721551155151	0	4.078761261847521	34.25383467605299	155.3967596458422	158.7542945602217	0	3.3575349143795	153.1273674918486	90.05194961842029	119.2750258592381	0	29.22307624081785	116.1071195299965	106.6920573198751	159.8616569299201	0	53.16959961004499	157.3977151792942	17.1326746127382	51.21649430665764	0	34.08381969391944	50.62700214769857	5.13066331108458	11.98733644514892	0	6.856673134064337	11.65326631548918	9.284253402006602	17.46679512431788	0	8.182541722311278	16.67753894507522	51.77731217672609	60.39385974013886	0	8.616547563412773	58.30331631399539	203.0538132825874	212.4732091797366	0	9.419395897149132	206.8144922042935	11.451797262705	25.13915769102669	0	13.6873604283217	23.17046297869318	15.4315839839983	31.7295698390111	0	16.29798585501281	28.97263117372804	10.3658681076549	17.32162151193191	0	6.955753404277013	15.36982891696516	18.43175856793947	40.9198490173638	0	22.48809044942434	38.74045966979365	12.76917041422269	21.51508575067998	0	8.745915336457291	20.1168288320254	16.8011140952215	22.49773569403893	0	5.696621598817435	20.74820747644547	14.23280517106228	31.70590176805218	0	17.47309659698991	31.3093661133283	16.06286743887567	30.20666142969919	0	14.14379399082352	30.20666142969919	12.61123343260191	18.94564677963345	0	6.334413347031535	18.94228788286812	40.09757122389132	51.96256021779229	0	11.86498899390097	51.35576977980563	230.0099919102923	354.9430637291912	0	124.9330718188989	345.3240083020269	15.71300039421567	25.69346357204848	0	9.980463177832814	25.12762117565677	66.28998812117217	87.22908766577039	0	20.93909954459822	84.40102059119201	21.69281502318	20.66635919967804	0	-1.026455823501959	19.69066157306125	349.8367965552404	507.7789479570949	0	157.9421514018545	499.3893729366879	27.58934520089693	178.4425242049666	0	150.8531790040697	175.7390838724414	26.9437505405671	40.25489734034255	0	13.31114679977545	40.24442857416256	462.4881267829865	466.0238016120091	0	3.535674829022584	423.5458207525756	96.59233327586641	106.3300881509577	0	9.737754875091246	102.8568606003261	38.74956038889393	56.68428968508116	0	17.93472929618724	48.00942387173792	10.52759357237786	52.36268118824014	0	41.83508761586228	52.31750166433083	159.7731199363199	272.6016600815177	0	112.8285401451978	269.3068731114446	20.51315226704826	46.73977347604843	0	26.22662120900017	45.41275220571902	21.97052189608903	58.83998261279011	0	36.86946071670108	58.72108552325552	65.58829234381837	166.0262095869165	0	100.4379172430982	160.410968385354	35.30378499076267	97.34269394567147	0	62.03890895490882	88.81459740506573
