inDegrees=no
num_controls=58
num_derivatives=20
num_input_controls=0
num_multipliers=2
num_parameters=0
num_slacks=2
num_states=80
DataType=double
version=3
OpenSimVersion=4.6-2026-03-27-4e5ffda9c
endheader
time	/jointset/ground_pelvis/pelvis_tilt/value	/jointset/ground_pelvis/pelvis_list/value	/jointset/ground_pelvis/pelvis_rotation/value	/jointset/ground_pelvis/pelvis_tx/value	/jointset/ground_pelvis/pelvis_ty/value	/jointset/ground_pelvis/pelvis_tz/value	/jointset/hip_r/hip_flexion_r/value	/jointset/hip_r/hip_adduction_r/value	/jointset/hip_r/hip_rotation_r/value	/jointset/hip_l/hip_flexion_l/value	/jointset/hip_l/hip_adduction_l/value	/jointset/hip_l/hip_rotation_l/value	/jointset/walker_knee_r/knee_angle_r/value	/jointset/patellofemoral_r/knee_angle_r_beta/value	/jointset/walker_knee_l/knee_angle_l/value	/jointset/patellofemoral_l/knee_angle_l_beta/value	/jointset/ankle_r/ankle_angle_r/value	/jointset/ankle_l/ankle_angle_l/value	/jointset/subtalar_r/subtalar_angle_r/value	/jointset/subtalar_l/subtalar_angle_l/value	/jointset/ground_pelvis/pelvis_tilt/speed	/jointset/ground_pelvis/pelvis_list/speed	/jointset/ground_pelvis/pelvis_rotation/speed	/jointset/ground_pelvis/pelvis_tx/speed	/jointset/ground_pelvis/pelvis_ty/speed	/jointset/ground_pelvis/pelvis_tz/speed	/jointset/hip_r/hip_flexion_r/speed	/jointset/hip_r/hip_adduction_r/speed	/jointset/hip_r/hip_rotation_r/speed	/jointset/hip_l/hip_flexion_l/speed	/jointset/hip_l/hip_adduction_l/speed	/jointset/hip_l/hip_rotation_l/speed	/jointset/walker_knee_r/knee_angle_r/speed	/jointset/patellofemoral_r/knee_angle_r_beta/speed	/jointset/walker_knee_l/knee_angle_l/speed	/jointset/patellofemoral_l/knee_angle_l_beta/speed	/jointset/ankle_r/ankle_angle_r/speed	/jointset/ankle_l/ankle_angle_l/speed	/jointset/subtalar_r/subtalar_angle_r/speed	/jointset/subtalar_l/subtalar_angle_l/speed	/forceset/addbrev_r/activation	/forceset/addlong_r/activation	/forceset/addmagDist_r/activation	/forceset/addmagIsch_r/activation	/forceset/addmagMid_r/activation	/forceset/addmagProx_r/activation	/forceset/bflh_r/activation	/forceset/bfsh_r/activation	/forceset/edl_r/activation	/forceset/ehl_r/activation	/forceset/fdl_r/activation	/forceset/fhl_r/activation	/forceset/gaslat_r/activation	/forceset/gasmed_r/activation	/forceset/glmax1_r/activation	/forceset/glmax2_r/activation	/forceset/glmax3_r/activation	/forceset/glmed1_r/activation	/forceset/glmed2_r/activation	/forceset/glmed3_r/activation	/forceset/glmin1_r/activation	/forceset/glmin2_r/activation	/forceset/glmin3_r/activation	/forceset/grac_r/activation	/forceset/iliacus_r/activation	/forceset/perbrev_r/activation	/forceset/perlong_r/activation	/forceset/piri_r/activation	/forceset/psoas_r/activation	/forceset/recfem_r/activation	/forceset/sart_r/activation	/forceset/semimem_r/activation	/forceset/semiten_r/activation	/forceset/soleus_r/activation	/forceset/tfl_r/activation	/forceset/tibant_r/activation	/forceset/tibpost_r/activation	/forceset/vasint_r/activation	/forceset/vaslat_r/activation	/forceset/vasmed_r/activation	/forceset/addbrev_r	/forceset/addlong_r	/forceset/addmagDist_r	/forceset/addmagIsch_r	/forceset/addmagMid_r	/forceset/addmagProx_r	/forceset/bflh_r	/forceset/bfsh_r	/forceset/edl_r	/forceset/ehl_r	/forceset/fdl_r	/forceset/fhl_r	/forceset/gaslat_r	/forceset/gasmed_r	/forceset/glmax1_r	/forceset/glmax2_r	/forceset/glmax3_r	/forceset/glmed1_r	/forceset/glmed2_r	/forceset/glmed3_r	/forceset/glmin1_r	/forceset/glmin2_r	/forceset/glmin3_r	/forceset/grac_r	/forceset/iliacus_r	/forceset/perbrev_r	/forceset/perlong_r	/forceset/piri_r	/forceset/psoas_r	/forceset/recfem_r	/forceset/sart_r	/forceset/semimem_r	/forceset/semiten_r	/forceset/soleus_r	/forceset/tfl_r	/forceset/tibant_r	/forceset/tibpost_r	/forceset/vasint_r	/forceset/vaslat_r	/forceset/vasmed_r	/forceset/pelvis_tx_residual	/forceset/pelvis_ty_residual	/forceset/pelvis_tz_residual	/forceset/pelvis_tilt_residual	/forceset/pelvis_list_residual	/forceset/pelvis_rotation_residual	/forceset/hip_flexion_r_reserve	/forceset/hip_adduction_r_reserve	/forceset/hip_rotation_r_reserve	/forceset/knee_angle_r_reserve	/forceset/ankle_angle_r_reserve	/forceset/subtalar_angle_r_reserve	/forceset/hip_flexion_l_torque	/forceset/hip_adduction_l_torque	/forceset/hip_rotation_l_torque	/forceset/knee_angle_l_torque	/forceset/ankle_angle_l_torque	/forceset/subtalar_angle_l_torque	lambda_cid20_p0	lambda_cid21_p0	/jointset/ground_pelvis/pelvis_tilt/accel	/jointset/ground_pelvis/pelvis_list/accel	/jointset/ground_pelvis/pelvis_rotation/accel	/jointset/ground_pelvis/pelvis_tx/accel	/jointset/ground_pelvis/pelvis_ty/accel	/jointset/ground_pelvis/pelvis_tz/accel	/jointset/hip_r/hip_flexion_r/accel	/jointset/hip_r/hip_adduction_r/accel	/jointset/hip_r/hip_rotation_r/accel	/jointset/hip_l/hip_flexion_l/accel	/jointset/hip_l/hip_adduction_l/accel	/jointset/hip_l/hip_rotation_l/accel	/jointset/walker_knee_r/knee_angle_r/accel	/jointset/patellofemoral_r/knee_angle_r_beta/accel	/jointset/walker_knee_l/knee_angle_l/accel	/jointset/patellofemoral_l/knee_angle_l_beta/accel	/jointset/ankle_r/ankle_angle_r/accel	/jointset/ankle_l/ankle_angle_l/accel	/jointset/subtalar_r/subtalar_angle_r/accel	/jointset/subtalar_l/subtalar_angle_l/accel	gamma_cid20_p0	gamma_cid21_p0
143.856	-0.1402799113141657	0.01425339467373874	0.02016159959293025	1.125973069904489	0.912412517807069	-0.3363564725365106	-0.09165524825514844	0.02100954166014377	-0.1842778247115275	0.5850389294216265	-0.01006220460551836	0.0861539557315331	0.2897036410225676	0.2897036414654861	0.885228140246481	0.8852281398776334	-0.1184003941986707	-0.1382079989787738	-0.3907713174598982	-0.4111298355717195	-0.5018625135113661	2.488592866512003	1.60079148089156	0.2964384998189333	0.5913854086151269	-0.1212291942503786	-4.266252507774999	-2.654612958679526	-2.621442967873837	-0.5940276358287937	3.945679942739349	-0.3176881047992977	-4.355587065555306	-4.355587073334086	-12.27634958191866	-12.27634959310338	-7.682709704391431	2.456871117157553	3.030803639641151	5.001043945361856	0.05958789761315469	0.2923710476267414	0.01564443487782952	0.01432958600809122	0.01721964912570525	0.02968914478432142	0.01912575066053069	0.05394068359515011	0.01306008483575104	0.05016241846664121	0.02220881301206077	0.02417605060330625	0.1121212890670661	0.232722051513624	0.02900065833488554	0.03247587897071581	0.01362013326626992	0.05162424429751224	0.03002956103111814	0.02195418247536714	0.04325919389104115	0.02885116959573731	0.02459383114057422	0.0452442552596551	0.2042681395279417	0.5249354030417221	0.07406694621643092	0.02356007241003624	0.1916402423776767	0.02617119222271064	0.05219057062050355	0.01973949993002339	0.02341836444618914	0.08995366073079694	0.04690253759616471	0.4923670742837866	0.01932960458628535	0.01258690698824543	0.01171747708048676	0.01198324766669335	0.05958789761315469	0.2923710476267414	0.01564443487782952	0.01432958600809122	0.01721964912570525	0.02968914478432142	0.01912575066053069	0.05394068359515011	0.01306008483575104	0.05016241846664121	0.02220881301206077	0.02417605060330625	0.1121212890670661	0.232722051513624	0.02900065833488554	0.03247587897071581	0.01362013326626992	0.05162424429751224	0.03002956103111814	0.02195418247536714	0.04325919389104115	0.02885116959573731	0.02459383114057422	0.0452442552596551	0.2042681395279417	0.5249354030417221	0.07406694621643092	0.02356007241003624	0.1916402423776767	0.02617119222271064	0.05219057062050355	0.01973949993002339	0.02341836444618914	0.08995366073079694	0.04690253759616471	0.4923670742837866	0.01932960458628535	0.01258690698824543	0.01171747708048676	0.01198324766669335	0	0	0	0	0	0	0	0	0	0	0	0	-0.12546359554898	0.133158913813103	-0.08488360119664248	0.04402546922922546	0.007935288845106322	-0.003868609493044683	0	0	-8.243464362286176	-27.30736554366716	-11.46007967529136	2.929940080829571	-4.373327717751633	-1.203469861171197	40.0131053559913	27.22144615417403	-23.82984352409653	-40.84859232661511	-33.40758384191888	12.00774923109887	49.13143169068467	49.13143182867829	-59.40550233040915	-59.40550172732354	-13.99214820730616	19.26834516095052	43.81657948355443	152.7244668051059	0	0
143.86404	-0.1445800248964941	0.03323300106235508	0.03263200259221254	1.128444213451609	0.9170050359216834	-0.3373652890412818	-0.1245730034237863	0.0006816395532723953	-0.2059911206776385	0.579079219602267	0.02039208105400609	0.08395831781947587	0.2564454127587172	0.2564454131467478	0.784963933178396	0.7849639327377829	-0.1803772359743554	-0.1179062910487321	-0.3652379706126082	-0.3661185590229933	-0.5675197657026351	2.214908037462356	1.497638612908115	0.3173879748033345	0.5484741055474168	-0.1291336619485378	-3.911161052565981	-2.385720618583087	-2.762889191298779	-0.8713898612998677	3.606966963025337	-0.2328972470094555	-3.895861181863196	-3.895861187445811	-12.61959093554139	-12.61959094244455	-7.704074342823497	2.583588554747876	3.288470242562162	6.176205527731609	0.073811917590866	0.2829445202986646	0.01628579457164256	0.01477008436341209	0.02465477005649538	0.03734087709794555	0.01717072752237515	0.04991952923499702	0.0376994270075136	0.04584431564017417	0.01903803166677333	0.02080632712636376	0.1017864341272645	0.2147319077858377	0.02483205585974808	0.02782593858315267	0.01286087792620578	0.04462868197653767	0.02573044387683377	0.01879091010520557	0.04306239658054917	0.02471185780481781	0.0210560838774385	0.04395481333296914	0.2024108748232218	0.4788422352931662	0.06559444298538043	0.02015480876872821	0.1846983578089768	0.02289087729768254	0.04634631149564817	0.01923905317142251	0.02249743993721002	0.0782628068450329	0.04048453849821918	0.4480974211839717	0.01654853091867483	0.01214222145830586	0.01141354130045726	0.01164898730351321	0.1104321598497548	0.2485863488137137	0.01774248990030745	0.01576671743342784	0.0418018628129086	0.05555609289104122	0.01270586595861506	0.03993456317694143	0.09554528316974804	0.03522207876598483	0.01175341168697133	0.01302435234698069	0.07291421976081933	0.1538825849914332	0.0150954542552856	0.01687627777039386	0.01115028005631184	0.02741514016483697	0.01566460734833144	0.0115256697696877	0.04258401177082656	0.01504940525611733	0.01288016201286627	0.04080748370885789	0.1963269231982619	0.2775788595418199	0.04368229611241765	0.01230350754459303	0.162436044941686	0.01527491329586901	0.03192564459989304	0.01809169963133393	0.02036694362754481	0.04707159168041201	0.0248578886300853	0.258271566323827	0.01020125627438868	0.01114215613197175	0.01073127297163846	0.01089817518930816	0	0	0	0	0	0	0	0	0	0	0	0	-0.1287395914723597	0.1548540936305272	-0.07104621600382466	0.05551264105932752	0.008200129923711053	-0.004365620318908257	0	0	-7.988982043232404	-40.49510886755963	-14.18747112114434	2.263081330144749	-6.272652518985224	-0.7671342755549539	48.26462269884888	39.31444220539056	-11.05895227357087	-28.06478385226038	-50.4876505246316	8.542092521424497	65.41305975618624	65.41306008782239	-25.31129396691142	-25.31129355619445	8.628786733097197	11.90315308623311	19.43662856728332	137.3926333067043	0	0
143.87208	-0.1493913580047466	0.04961153871364483	0.04418662023243026	1.131060776100846	0.9211937208314116	-0.3384240423503589	-0.1543744149280135	-0.0171255200531522	-0.2284074725854537	0.571307171625552	0.04760468961422578	0.08229152494038189	0.2274239977213961	0.2274239980724227	0.6830915922445567	0.6830915917567539	-0.2417997227519652	-0.09684869214852811	-0.3384828605274472	-0.3123299529867817	-0.6277921553095204	1.845569842233584	1.373314132597461	0.3324088633939339	0.4913260506960714	-0.1337364321673149	-3.491929981965538	-2.032517503569468	-2.793627913259952	-1.044519415379416	3.144589586740384	-0.1915318699043634	-3.299722713515342	-3.299722717664372	-12.66995409400103	-12.66995409950978	-7.545687394793098	2.641821310821384	3.326770234493787	7.1601125228052	0.1063184740791241	0.2591456833576095	0.01775994277723034	0.01578234101445494	0.04151272576357231	0.05479039314843243	0.01264191966252282	0.04041469804539968	0.09186558593878899	0.03564616668421884	0.0116610004594444	0.01295448053873558	0.07649735339629937	0.1689109946207786	0.01507785499652534	0.01691562553045027	0.01111237242082634	0.02798531436216052	0.01566300725530749	0.01143145233587356	0.04260352229907145	0.01502834174048625	0.01280798646942611	0.04093724456034239	0.1978453636023809	0.3556342830028546	0.04519530054498606	0.0122216039409893	0.1675222302503473	0.01524196687034978	0.03247961652180775	0.01808340404921146	0.0203649521122344	0.04973367263054532	0.02526611185496277	0.3297306875204897	0.01009231751145331	0.01111921997521268	0.01071479861543053	0.01088038317604563	0.1612764220863548	0.204801650000686	0.01984054492278538	0.01720384885876447	0.06638407650011194	0.08142304099776101	0.006285981256699436	0.02592844275873275	0.178030481503745	0.02028173906532845	0.001298010361881888	0.001872654090655128	0.03370715045457257	0.07504311846924237	0.001190250175685664	0.001276676570071913	0.00868042684635377	0.003206036032161695	0.001299653665544746	0.00109715706400825	0.04190882965061197	0.001247640916497361	0.001166492885158314	0.03637071215806068	0.188385706868582	0.03022231604191774	0.01329764600840438	0.001046942679149807	0.1332318475056953	0.004378634369027382	0.01166071857928253	0.01644389933264447	0.01731552280890047	0.004189522630027084	0.002813239664005891	0.02417605836386728	0.001072907962492005	0.009697405275698078	0.009745068862790168	0.009813102711922978	0	0	0	0	0	0	0	0	0	0	0	0	-0.1320155873957395	0.1765492734479515	-0.05720883081100685	0.06699981288942956	0.008464971002315779	-0.004862631144771831	0	0	-6.834782618878623	-50.75442436560775	-16.66833132532534	1.449684645633915	-7.882874449284233	-0.3937021285384165	55.86152533762701	47.79356378830251	3.628083737751409	-15.06958945955851	-63.6958004000479	1.236733093741861	83.07831923464171	83.0783191767361	13.35644817033885	13.35644808487792	30.6060724069982	2.368696853979334	-10.58501096409006	104.5797415321168	0	0
143.88012	-0.1546381533848315	0.06273330138619024	0.05466675307536652	1.133770305176236	0.9248751873066706	-0.3395088532827124	-0.1805721807919041	-0.03187144728839099	-0.2505848232076583	0.5625551513533693	0.07073193309033689	0.08069234784220732	0.2037775780908832	0.2037775783994978	0.5820951133925945	0.5820951128526061	-0.3012516662622939	-0.07564062644578604	-0.3124260394129739	-0.2518661083219437	-0.6742779036037589	1.410693221440219	1.231088641906937	0.3403320472560964	0.4228779333240881	-0.1357646371769277	-3.016553290928053	-1.631159245721402	-2.702355473824219	-1.116637099017012	2.598589641739478	-0.219050785785655	-2.557676929889793	-2.557676937218273	-12.39871771613921	-12.39871772415467	-7.215856294411129	2.6203983096356	3.111397602766993	7.815959120663511	0.1251564347109653	0.2429295950934563	0.01698105736738562	0.01511444136785375	0.04874152871947061	0.06939753890902069	0.0101433372471628	0.04123667583900668	0.1286631759899378	0.03498060792599827	0.01209442306672458	0.01014205122752721	0.06269444704741796	0.1160271712497435	0.01002405643877345	0.0100149703813902	0.01003464582180322	0.01488761830218526	0.01006632033806843	0.01005278070734938	0.03649991429797276	0.01143249095414592	0.01059823159236555	0.04577071060432211	0.182577153404371	0.2625260221552912	0.02619246850196021	0.01052281868066209	0.1527482052081394	0.01020791322540684	0.03105992043046281	0.01880707998145467	0.02086859685626998	0.02566681372304746	0.01572669504626158	0.2500346916330932	0.02926276454715779	0.01033474275711547	0.01019167895428067	0.01027899498469936	0.1312574962992955	0.2331796801981787	0.01348464787988948	0.0124260672141551	0.0454506430389209	0.08410402414505302	0.009759976054327575	0.05517301245671102	0.1573936944314082	0.04603941993631371	0.02155426355921903	0.01290597897129512	0.06237820385882369	0.0380718837681845	0.01002352204103573	0.00726194545389629	0.009623895783864892	0.005056918833706607	0.009225502013328682	0.01542532500436524	0.02236811290070719	0.01460493856067964	0.01516583813236603	0.06133400118799565	0.1416081342488287	0.1907033332079135	0.007152467556511619	0.01585788551635042	0.1366388699695601	0.007791244993783438	0.04476544626483459	0.02181504411744006	0.02454325224124575	0.005360247686442563	0.01219786009340541	0.215480742265948	0.08096635873045896	0.00974876113782302	0.009819522400054116	0.009811586941032463	0	0	0	0	0	0	0	0	0	0	0	0	-0.1306804649682018	0.1651425405155059	-0.05302431999077482	0.07421285341580285	0.007252623216755979	-0.004732334469456415	0	0	-4.51534018716616	-56.60547949807402	-18.60310524276317	0.5014380086688102	-9.063243724553184	-0.1306897420286023	62.09775512308184	51.11669675225653	19.11403247220715	-3.180209434634401	-71.04508132643993	-8.264163026960198	101.5643166588744	101.5643159158444	54.22927383595192	54.22927335049454	51.10839287316691	-7.620709317095695	-43.08791297303105	56.37932237724358	0	0
143.88816	-0.1601695104733992	0.07222384638011024	0.06394809779506466	1.136511719745507	0.9279735998066946	-0.3406027222205223	-0.2027673990240123	-0.04334369641428656	-0.2715279543406121	0.5535837144272084	0.08930292615163601	0.07855915304421661	0.1866947597837593	0.1866947600024539	0.4845994856990957	0.4845994850777119	-0.3574138833122089	-0.05491888379199014	-0.2891477519048408	-0.1878138546050133	-0.6967694483303409	0.9491625950141107	1.076032139686623	0.3402104811572816	0.3469822099891662	-0.1361394640141905	-2.499135135607622	-1.225718428511771	-2.486940160753647	-1.102531896423557	2.0201344753212	-0.3243112177419744	-1.667426218812728	-1.667426234663984	-11.80025753296172	-11.80025754521361	-6.73083042483555	2.522384510346147	2.637285918260942	8.038938601567223	0.1197387439019929	0.2454376998071626	0.01299532942433671	0.01207782731427007	0.04049963169231347	0.07747005056866786	0.01109068645147758	0.05741862173498906	0.1361307937333528	0.04877466087436342	0.02383083267872745	0.01529411729013335	0.07097696536373574	0.06741056076268254	0.01294890451200297	0.01049584443602087	0.01012610951261709	0.01012592712767012	0.01223343308315183	0.0176983571531792	0.02278671959803835	0.01755129874224009	0.01769313420953828	0.06137171246563422	0.1524497169882799	0.2684000739133873	0.01391080661965929	0.01829879069999411	0.1462810483743127	0.01002380312688858	0.04858610808171015	0.02217122324059571	0.02517585275147758	0.01502132569903524	0.01687528602609379	0.2781542191745416	0.08032488369573655	0.01003342764216818	0.01001429277267969	0.0100244967553163	0.1012385705122361	0.2615577103956714	0.007128750836993576	0.007648285569545726	0.02451720957772987	0.08678500729234506	0.01323397085195571	0.08441758215468929	0.1367569073590713	0.07179710080729895	0.04181051675655617	0.02393930385193511	0.09104925726307479	0.001100649067126634	0.0188567939063858	0.01324721433772067	0.01056736472137602	0.006907801635251519	0.01715135036111262	0.02975349294472223	0.002827396150802417	0.02796223620486192	0.02916518337957375	0.0862972902179306	0.09483056162907538	0.3511843503739092	0.001007289104618862	0.03066882835355104	0.1400458924334249	0.0112038556185395	0.07787017395038666	0.02718618890223565	0.03177098167359103	0.006530972742858042	0.02158248052280493	0.4067854261680288	0.1608598094984259	0.009800116999947962	0.009893975937318061	0.009810071170141949	0	0	0	0	0	0	0	0	0	0	0	0	-0.1293453425406642	0.1537358075830602	-0.0488398091705428	0.08142589394217614	0.006040275431196178	-0.004602037794140998	0	0	-0.8494107435966456	-57.33701947571552	-19.85100269113638	-0.5434260143274513	-9.726625124400966	0.02120948215205791	66.19938716246388	48.82632167464701	34.35319011069596	6.152388367736949	-71.74500354097844	-17.71702033355669	119.7127158613389	119.7127145143122	94.22988661990037	94.22988611841359	69.00913625817037	-16.47234254373342	-74.32289064500048	-2.090537770689083	0	0
143.8962	-0.1657484547365849	0.0780349471065271	0.07194985393642064	1.139217797361334	0.9304461501773519	-0.341695612335369	-0.2206982906257423	-0.05168667443194276	-0.2902564370105887	0.5449897896372806	0.1032696070909468	0.07529305778618904	0.177340067244456	0.1773400672875058	0.3931736732493014	0.3931736725160367	-0.4091358108980552	-0.03525101064245346	-0.2706471663486072	-0.1239159504335908	-0.6843038405511804	0.5020655387386669	0.9136766911877627	0.3314904619648172	0.2679042276958541	-0.1356177790802801	-1.959470368160675	-0.8593922503314096	-2.152936951832625	-1.027724827317759	1.461495686403866	-0.497813294020694	-0.6378268214019297	-0.6378268497098518	-10.89410201238982	-10.89410202751031	-6.116414683522347	2.360919537948805	1.929523975614316	7.772815014297354	0.1166616464840578	0.2519678475209637	0.01030543597549113	0.01012832157274399	0.03549543808604711	0.08229888257598336	0.01169579790252522	0.06309311386299457	0.1195356367060033	0.06779580390888112	0.0391986862892496	0.01867421026991766	0.0687993591487103	0.07097237688705997	0.01455713225146649	0.01143128467965721	0.01027119729226934	0.01261850549093377	0.01374379474142425	0.02066607274883656	0.01842146776606792	0.02155637560568827	0.02091377041149933	0.06753715579695453	0.1388727444239488	0.2645506571892032	0.1278825959811797	0.02090594011635864	0.1479095169413363	0.01344789037899102	0.05796750940761945	0.0217803266241904	0.02466488943948617	0.01080358774997053	0.02607468903896553	0.3788321777176187	0.1360635985291601	0.01004490653480838	0.01001177354898442	0.01002886193715525	0.1234844992611542	0.2606501020365936	0.009090412613470208	0.009401467263013556	0.03666750064411745	0.08720912423532781	0.01128490552217177	0.05456892587715843	0.07070063488436663	0.09650650812932501	0.06063938771189421	0.01920699863739869	0.04607774534827401	0.1339829940472172	0.01329962585459314	0.01125742790172811	0.01023209846523345	0.02086122673012881	0.01308136232491204	0.01743511349951223	0.02470420800076857	0.02209582247023358	0.01875535991528459	0.06217836409646987	0.1466031379721731	0.1761411893594846	0.448098177968088	0.01658732779344745	0.158101456373873	0.0201737617791086	0.05658410604617183	0.01671464030704552	0.01798977195348306	0.008280688489750625	0.0434335108090478	0.6463033266079825	0.2232708316495849	0.01026275369851687	0.01010525706551148	0.01021525155706592	0	0	0	0	0	0	0	0	0	0	0	0	-0.144347052097312	0.1173456674461979	-0.02913203183391963	0.09078567463277862	0.002880233206251655	-0.004139682856137089	0	0	4.165154723929131	-53.11409094335889	-20.43371332316566	-1.626311983737674	-9.858899568425674	0.1013289698523886	67.54840850993949	41.5821505561549	48.48209323167972	11.76577275581444	-66.30096662891094	-24.89910650558234	135.9404512921538	135.9404496017089	130.2923584342277	130.2923582727541	83.1006951097112	-23.34089968862605	-100.6329686706987	-64.09451178004176	0	0
143.90424	-0.1710518747031332	0.08043436395327141	0.07863364967535762	1.141818929711461	0.9322839541657385	-0.342782018635671	-0.2342794714352272	-0.05736014355799457	-0.305861086092595	0.5371329927168572	0.1129752644394777	0.07043917170472808	0.1767529618693362	0.1767529616301364	0.3101352858135315	0.3101352849591613	-0.455512116387271	-0.01708136347742663	-0.2586080055864329	-0.0641414417550409	-0.626677254859666	0.1058573208314279	0.7489039653730263	0.3141500664636514	0.1897161550942818	-0.1345433883143025	-1.421260795639725	-0.5662235988692814	-1.712388946395134	-0.9249597146632306	0.9663148540495952	-0.7139168390255296	0.5086430058323697	0.5086429641138783	-9.722462967073403	-9.722462981316745	-5.407554166054809	2.152289930999037	1.040786549356635	7.018105130959693	0.125908611710288	0.2553243716335211	0.01029726907360937	0.01031716170711752	0.03991830250078678	0.08483132892193576	0.01082328874734123	0.04965498080807004	0.07741968704062893	0.08921224231303578	0.05605651086436723	0.01740138467851011	0.04356950272680512	0.1386466879394796	0.01203222438913318	0.01067325666971163	0.01013800487980632	0.02164615982760046	0.01203290676688364	0.014876765522362	0.02884441349170132	0.01992211062010886	0.01633505242782048	0.05755990568536022	0.1558568736953868	0.1857630602009837	0.3745050027492461	0.01394957749385983	0.1572275021807033	0.02002195288199057	0.05072119066151454	0.0156317703657754	0.01659735613352742	0.01001076776671792	0.04214080534551776	0.5250366185477011	0.1911191719889027	0.01031770498091155	0.01013311896355851	0.01026540110104142	0.1457304280100723	0.2597424936775157	0.01105207438994684	0.01115464895648138	0.04881779171050504	0.08763324117831058	0.009335840192387819	0.02472026959962758	0.004644362409661991	0.1212159154513511	0.07946825866723224	0.01447469342286228	0.00110623343347323	0.2668653390273077	0.007742457802800478	0.00926764146573556	0.009896832209090893	0.03481465182500609	0.009011374288711472	0.005116734054302238	0.04658101985073472	0.01622940873560523	0.00834553645099544	0.03805943797500912	0.1983757143152708	0.001098028345060039	0.8951890668315573	0.002505827233343859	0.1761570203143211	0.02914366793967769	0.035298038141957	0.006243091711855381	0.004208562233375102	0.01003040423664321	0.06528454109529068	0.8858212270479362	0.2856818538007438	0.01072539039708577	0.0103165381937049	0.01062043194398988	0	0	0	0	0	0	0	0	0	0	0	0	-0.1593487616539597	0.08095552730933564	-0.009424254497296471	0.1001454553233811	-0.0002798090186928679	-0.003677327918133179	0	0	10.33596868960344	-44.89100292716263	-20.47730620409341	-2.675314963677853	-9.52131260037447	0.168772635468898	65.81193104349647	30.9414029133141	60.7279610533734	13.06920750398485	-56.28726101923905	-28.08983318309499	148.4975580612588	148.4975565090496	159.9323671917362	159.9323675970731	92.36409860544845	-28.28158493160582	-118.8825597493275	-122.4642235494884	0	0
143.91228	-0.1756829911807548	0.07994555622140311	0.08399590650836668	1.144247701916454	0.9335081545307377	-0.3438572968297994	-0.2436228873794545	-0.06104089835804715	-0.3175547582389208	0.530098578725497	0.1190554575765029	0.06379612047298355	0.1857366630994592	0.1857366624804203	0.2373924488259383	0.237392447877299	-0.4959469381801884	-0.0007333235442213513	-0.2541976725386797	-0.01222873721873889	-0.5160360861314468	-0.2130225842283159	0.5854741038890019	0.2887575068580951	0.1157295663561875	-0.1327968068321911	-0.9093637951894192	-0.3655330031307897	-1.183692665068081	-0.8286931154614635	0.5628831327145863	-0.9363012521046898	1.735955029312332	1.735954977398707	-8.343593317328782	-8.343593325616073	-4.645631923132383	1.909405363231824	0.04566776588378359	5.830608724963796	0.1482664273951335	0.282608468336052	0.01123574879257421	0.01059972826739306	0.05418100715465008	0.1016256856472841	0.01013019079761295	0.04166157435809558	0.06567818688826049	0.08933710457543141	0.05722250314939065	0.01450332375919504	0.02482832943942099	0.1666780605614502	0.0100570555266286	0.01002848960387788	0.01004494330486461	0.0241152666757964	0.01049040007266654	0.0103120034403393	0.0318337144568891	0.01660236547101291	0.01231379077430501	0.0584845079026042	0.177186937118711	0.10455547603574	0.4883870265151225	0.01030167795912282	0.1774108172888816	0.02484250445285878	0.04938437334207536	0.01096556969548166	0.01072491264738252	0.01003759304290907	0.04540097519599588	0.5719101220991821	0.1997545252804506	0.01041292117233641	0.01017692372946087	0.01034868627315705	0.1974046645530609	0.3757422814931596	0.0127161447755639	0.01054182739779524	0.08187897857707421	0.1449778466266381	0.00980375115118111	0.04266463303622579	0.09432558936444531	0.06215970642207926	0.04029362165925907	0.01033748726733471	0.014996291797226	0.1373566139044558	0.009158077678042144	0.009743166831110884	0.01003551740229535	0.01884574846374539	0.009517829375531131	0.008053254814893211	0.02401755352493685	0.01206786453852674	0.009792438219843205	0.07693864190964807	0.2066138521150611	0.0159101779374716	0.4686402960306915	0.01147880923257943	0.2238291196080296	0.02841231998997555	0.05883917529255483	0.008158646044944817	0.007638600940689952	0.01008140170797636	0.03381111718513637	0.4465696742956748	0.1433523829834316	0.01029000517022731	0.0101237640664176	0.01024245480768004	0	0	0	0	0	0	0	0	0	0	0	0	-0.1880863106393068	0.1117218626842414	-0.00529408812391885	0.1161520326852734	-0.004413805011814069	-0.0009293823243974013	0	0	17.27064249401368	-34.15158710481875	-20.11747346572813	-3.618081822586092	-8.838872138563907	0.275043624397324	61.05072776000869	18.92569951635343	70.25717559161049	10.25178203745225	-43.851800651567	-26.38676846941491	155.8290369459077	155.8290360274171	181.7027396831654	181.7027407725931	96.26873395584239	-32.01543386379139	-126.8063477574208	-170.816170843335	0	0
143.92032	-0.1791966675114776	0.07725374278290061	0.08805961729211662	1.146443485808898	0.9341619619964679	-0.3449144677638415	-0.2490335517058481	-0.06349498851802732	-0.3247269688046653	0.5237099234945335	0.1223024909848911	0.05547396019224893	0.2047597619776181	0.204759760920836	0.1763512894339023	0.1763512884612928	-0.530186693293046	0.01354665803269514	-0.2579222780301063	0.02872126992125697	-0.3484508892657874	-0.4409961620616939	0.4263562739553967	0.2564131945202979	0.04806739831720481	-0.1299592745992998	-0.4463512804379161	-0.2602943950026437	-0.5926468810787423	-0.7685103342851333	0.2619466330173308	-1.125036632061899	2.99767284514156	2.99767278939197	-6.822462917113993	-6.82246291391312	-3.873397335470626	1.638233789309502	-0.9674629406442644	4.310647327432231	0.1835260010874039	0.3448341660111602	0.01259205068255304	0.0103637310183369	0.07801522141249306	0.1377902505038073	0.01010893113325873	0.04771627470552445	0.1054750812178682	0.0584317876120482	0.03636049878508516	0.01087397602131671	0.0239527693046258	0.1185947581546308	0.01003975193817708	0.010032127156577	0.01008613634519917	0.01606828018191893	0.01013038937808554	0.01005674801993589	0.02039231878605432	0.01277890594718391	0.01142319307153497	0.0792905426163857	0.1921033784975373	0.06435697920770439	0.3939502162248236	0.01391284679044924	0.2094208918442823	0.02649583769641791	0.06136924335394809	0.01007246536089344	0.01017950757206503	0.01007842875399138	0.02940593919456951	0.4429723671460292	0.1383045365471214	0.01020083002479587	0.01008367307499438	0.01016480522509515	0.2490789010960496	0.4917420693088034	0.01438021516118096	0.009929005839109103	0.1149401654436434	0.2023224520749656	0.0102716621099744	0.06060899647282399	0.1840068163192286	0.003103497392807455	0.001118984651285907	0.006200281111807135	0.02888635016097877	0.007847888781603982	0.01057369755328381	0.01021869219648621	0.0101742025954998	0.002876845102484683	0.01002428446235079	0.01098977557548418	0.001454087199138973	0.007906320341448244	0.01123933998869097	0.115817845844287	0.2148519899148515	0.03072232752988317	0.04209152522982564	0.02045179123181501	0.271501218901738	0.0276809720402734	0.08238031244315265	0.01007420037803425	0.0110686396480048	0.01013239917930951	0.002337693274982068	0.007318121543413581	0.001022912166119253	0.009854619943368843	0.009930989939130311	0.009864477671370187	0	0	0	0	0	0	0	0	0	0	0	0	-0.2168238596246538	0.1424881980591473	-0.001163921750541229	0.1321586100471658	-0.00854780100493527	0.001818563269338377	0	0	24.39568505064355	-22.54373933585894	-19.40185664739957	-4.396745545189585	-7.97740907943871	0.4402249575536806	53.76663166655266	7.488798848771051	76.05319223906923	4.318981409818663	-31.10940852540432	-19.79684492125959	156.9552594017859	156.9552593977398	195.3834649292647	195.3834666662447	95.03384466538618	-35.4534997930912	-123.2854579008252	-204.5936975698454	0	0
143.92836	-0.1811357547344538	0.07310163262644492	0.09087147483030203	1.148356135865864	0.9343001233980731	-0.3459429515756221	-0.2509780292727852	-0.06545415155665686	-0.3270091610509093	0.5175920488096579	0.1235316523016625	0.04589370714295124	0.2338939584635286	0.2338939569693809	0.1279009570161332	0.1279009561297677	-0.558305861830519	0.02553361380796926	-0.2695556351256185	0.05653747470340446	-0.1249389996653077	-0.5770099132948435	0.2746467175603781	0.2185933375172175	-0.01253302500545488	-0.125604664876428	-0.04945517595760733	-0.2397608493722343	0.02622657197070371	-0.7634154435961591	0.05924567260192745	-1.243922296871421	4.242547278839078	4.242547227171625	-5.221232295125635	-5.221232276506303	-3.128684373888213	1.338730652326545	-1.906675191090519	2.586146042744484	0.216693137532245	0.4060955313544871	0.01306508094024564	0.01017392106531777	0.09724132484395777	0.1694942937352766	0.01017474661096086	0.05784536097844358	0.1365393281690629	0.04026293869494899	0.01930519242145387	0.01006658833443421	0.02734819469351232	0.06302531482921746	0.0102403329352687	0.01010062138818587	0.01011108191912376	0.01005391107870463	0.010087537595055	0.01040862032117846	0.01133436831085909	0.01045833003957269	0.01140655873006655	0.1006685914192097	0.2130650566156707	0.04261316615552982	0.2688047849639645	0.02066749327418756	0.244119728784461	0.02527376808501515	0.07603652677530409	0.01010635697085657	0.01060412965469939	0.01011732323050616	0.02004187480368392	0.2911907676531318	0.07189821535041467	0.01004526124563255	0.01001433537780425	0.01002967705430754	0.2678128483691511	0.5171278231763458	0.01265296123442356	0.01010741796838115	0.1175161455316203	0.2099283306802913	0.01018785732632253	0.07229040772594407	0.1575290214123044	0.04058221725109355	0.008247482792029517	0.01210013681010132	0.03117002197972738	0.004836568133914105	0.01024891718645957	0.01010006185954976	0.01009430686939626	0.007319933605934141	0.01007913675271176	0.01042671715658607	0.006292843180761724	0.009256555566264056	0.01151954883500333	0.1273789493208487	0.2620054748598863	0.01641847723627033	0.09349988984470863	0.03067862641099933	0.3073500446817295	0.0214425936319927	0.09622612405591585	0.0101807277888518	0.01082154706194829	0.01015981801247016	0.02041997042900757	0.06802828269405897	0.001409812677456305	0.009982543670875909	0.009985079549613375	0.009974894483954303	0	0	0	0	0	0	0	0	0	0	0	0	-0.2406657661204598	0.1622674911029252	-0.01200173992678596	0.1437570942294942	-0.01224092848996629	0.002717434996467472	0	0	31.07986661930821	-11.47094859940368	-18.2530099957527	-4.976515213853316	-7.109922973188903	0.6467696383421769	44.74794889420761	-1.9810040337788	76.9996954652399	-3.162748165254084	-19.60546262380738	-9.237779913452332	151.6723513092917	151.6723523311128	201.848900386223	201.8489023919436	89.63880429414631	-39.07777314887981	-108.5907948254542	-221.5034246886718	0	0
143.9364	-0.1810713891057711	0.06820027245446848	0.09250655510806247	1.149948215914835	0.9339778912715467	-0.3469296393760605	-0.2500343629776744	-0.06752769414026863	-0.3243450351132346	0.5112710977055699	0.1234828128446852	0.03572849098050082	0.2728009289605601	0.2728009270944562	0.09246825287990655	0.09246825220598365	-0.5806450492143775	0.03499541058928818	-0.2881577161171506	0.07012731871612025	0.148528639746593	-0.6292778819575191	0.1344024440868	0.1769466389539752	-0.06665489362529374	-0.1195656435694797	0.2709934732809991	-0.285383940827324	0.6300831264357681	-0.818687399400069	-0.0585822769194984	-1.267542712559394	5.42088861831606	5.420888578678806	-3.591748545913774	-3.591748512156788	-2.43917084220865	1.010349485269885	-2.688416845450585	0.7945493181044956	0.2425491873026873	0.4517698537103295	0.01226797728636281	0.01019735617452896	0.107636312334186	0.1891184203489511	0.01015387837254635	0.06863577619814724	0.1389265256953063	0.0518526931393389	0.01560113782297762	0.01313192871362272	0.03010107428358461	0.03155067090414808	0.01013653372701515	0.0100606964994536	0.01007528680039178	0.01003659104868247	0.01010129288201205	0.01023043521549419	0.0101789810841257	0.0102540863952646	0.01156129935413416	0.1165588158609844	0.2448713016019202	0.02423808321048781	0.2070324348680179	0.02929878413333396	0.2781976388076903	0.02120770136703275	0.08996477042971952	0.01018233132555052	0.01063972496465016	0.01014955684161583	0.02606063203739282	0.2125677845122309	0.03524985827757372	0.01005390293454259	0.01001650573640475	0.01003678612634817	0.2865467956422527	0.5425135770438881	0.01092570730766615	0.0102858300976532	0.1200921256195972	0.2175342092856169	0.01010405254267067	0.08397181897906417	0.1310512265053802	0.07806093710937964	0.01537598093277313	0.01799999250839551	0.03345369379847599	0.001825247486224227	0.00992413681963533	0.009981431522613307	0.01001441114329273	0.0117630221093836	0.01013398904307272	0.009863658737687965	0.01113159916238448	0.01060679079107987	0.0117997576813157	0.1389400527974104	0.3091589598049211	0.002114626942657496	0.1449082544595916	0.04090546159018366	0.3431988704617209	0.01520421522371199	0.110071935668679	0.01028725519966935	0.01057445447589178	0.01018723684563082	0.03850224758303308	0.1287384438447043	0.001796713188793357	0.01011046739838297	0.01003916916009644	0.01008531129653842	0	0	0	0	0	0	0	0	0	0	0	0	-0.2645076726162658	0.1820467841467032	-0.02283955810303069	0.1553555784118227	-0.01593405597499731	0.003616306723596567	0	0	36.72572082708205	-1.807042483535492	-16.5247514166526	-5.349903285966934	-6.388496110944645	0.850652899208744	34.91079077261031	-8.955454245400807	72.21311671377013	-10.39147762989018	-10.04188658059341	3.556905072068011	140.5631307487829	140.563132678421	202.720835920837	202.7208375792155	81.57454671562942	-42.48862761789914	-84.5482180791635	-221.4304815963231	0	0
143.94444	-0.1786417547789156	0.06317274938939917	0.09307730935335951	1.15119546862013	0.9332412693445733	-0.3478616408948028	-0.2468329039113399	-0.07016818588246646	-0.3170453057409466	0.5042895033366404	0.1227747275408893	0.02579332694485103	0.3207694044347311	0.3207694023195204	0.07011991294060237	0.07011991258392208	-0.5977166547785655	0.04171864507884598	-0.312192086057936	0.06948610382532215	0.461258542242713	-0.610701635725584	0.01084653756880162	0.1330626613852671	-0.1159682989090333	-0.1120758001375684	0.512467935764103	-0.3778465174544887	1.171354172641523	-0.9250078599209455	-0.1072404037186316	-1.186658718847537	6.490525642759787	6.490525621188166	-1.971360975855912	-1.971360931751494	-1.819725971668673	0.6594984015122005	-3.249812108218896	-0.9334473540826524	0.2640806587232656	0.4893691731465706	0.01129296933215224	0.01021070805816134	0.1123621945034024	0.2036847703859733	0.01011745111603164	0.07935394683743781	0.1435469584774304	0.05473661657351767	0.01436337197855785	0.01430596732839547	0.027221238693332	0.02521852813445628	0.01003652182115741	0.01002324908155504	0.01004384017690552	0.01068747835112379	0.01010969250115001	0.01006764581551437	0.01169669050073627	0.0123264649275112	0.01495411824229316	0.1286758054485574	0.2737370557088461	0.02850873199372909	0.1745506871226195	0.03797766873714339	0.307655248733703	0.0243977985580036	0.1036173951747807	0.01018881795058918	0.01047893417218732	0.01011980828969201	0.0406559584090987	0.1792658584307553	0.01790894563230153	0.01006746076298178	0.01002274891612887	0.01004954100506614	0.3009588914768765	0.5675328191003423	0.01021118239452597	0.01016767435279326	0.1150411938142381	0.2263505091151965	0.01007703950144424	0.09443201466211185	0.1639503953963055	0.03969986483855526	0.01174547937170303	0.01293007067580627	0.01767325911750444	0.0346185850972577	0.009987845536544457	0.01000481981300744	0.01002367689530743	0.01072041758313243	0.01010153753958183	0.0100056869040031	0.01431466138236102	0.01668785143681522	0.02241747020009615	0.1444282604537085	0.3190711390452296	0.05656164473802625	0.123253402879269	0.04896546404940759	0.3582685267583461	0.03672614283994379	0.1239634091487532	0.01011687207327939	0.01017280845084002	0.01002224855480255	0.06507486263818478	0.1427480406337694	0.00487871687950383	0.01005117668650109	0.01001803579494979	0.01003808274321379	0	0	0	0	0	0	0	0	0	0	0	0	-0.2921340999710255	0.178407440258562	-0.01517051208141444	0.1687565734590666	-0.01854675162809981	0.004875936144031871	0	0	40.74518472994351	6.141477262935572	-14.08292151079655	-5.539213726417412	-5.93000500277081	0.9988965459174058	25.28800717474314	-13.74037173496828	61.46709572945029	-15.5739364780828	-2.331229802543885	16.38074294824189	124.8894118544506	124.8894143478988	199.8976813952592	199.8976822745298	72.472641696876	-44.39811144050489	-54.41726088437606	-206.1054602580556	0	0
143.95248	-0.17359046865761	0.05853349136048775	0.09274200212532195	1.152085395486509	0.9321194857973126	-0.3487296299379549	-0.2419892702373911	-0.07368962148321605	-0.305800737546103	0.4963207467385291	0.1219091597413306	0.0169056745316429	0.3767956139550284	0.3767956117494558	0.06068243141321437	0.06068243143055418	-0.6101013340802073	0.04558927527056984	-0.3397335235423396	0.05558713662906841	0.7976525044519125	-0.5348580896348303	-0.08992381908228593	0.08824276982580458	-0.1629207662547861	-0.1037799806991657	0.6813634603555038	-0.5027239326975209	1.604341659742913	-1.059411586887237	-0.09943917086950581	-1.009763435956619	7.421493825618627	7.421493824874901	-0.382825173742267	-0.3828251258912224	-1.272746052136562	0.3050551740591498	-3.558194952799272	-2.487212276273993	0.28225900875819	0.5218137694161008	0.01046711235775776	0.01014788216633738	0.1122335952951935	0.2155041318369655	0.01008647811782326	0.08977145731147415	0.1613731886547608	0.03502682426568551	0.01174265661686144	0.01187841135319724	0.01699489210334818	0.04055609642699746	0.01003135182392625	0.01002104817151927	0.01003598067343969	0.01035726341995753	0.01009442508751616	0.01008140780789057	0.01416963217313503	0.01669339992348334	0.02244226445221375	0.1374254409008958	0.2941132331895355	0.06004626639717219	0.1459056146408927	0.04619338398392107	0.330697283070853	0.03778433498312459	0.1171335828465011	0.01009283704382438	0.01017851408003982	0.01001170708380624	0.06135883259982009	0.1664646922552848	0.01180259192368726	0.01003881082937095	0.01001312956158568	0.01002754107683361	0.3153709873115003	0.5925520611567964	0.009496657481385781	0.01004951860793332	0.1099902620088789	0.235166808944776	0.01005002646021782	0.1048922103451595	0.196849564287231	0.001338792567730872	0.008114977810632938	0.007860148843217032	0.001892824436532894	0.06741192270829117	0.01005155425345358	0.01002820810340158	0.01003294264732212	0.009677813056881267	0.01006908603609095	0.01014771507031824	0.01749772360233756	0.02276891208255058	0.03303518271887659	0.1499164681100066	0.3289833182855381	0.111008662533395	0.1015985512989464	0.05702546650863152	0.3733381830549714	0.05824807045617559	0.1378548826288273	0.009946488946889431	0.00977116242578826	0.009857260263974278	0.09164747769333649	0.1567576374228346	0.007960720570214304	0.009991885974619205	0.009996902429803139	0.009990854189889159	0	0	0	0	0	0	0	0	0	0	0	0	-0.3197605273257851	0.1747680963704208	-0.007501466059798196	0.1821575685063105	-0.0211594472812023	0.006135565564467174	0	0	42.50548462774695	12.47843800181232	-10.84948368733792	-5.591980997367282	-5.809836562054383	1.044616657653644	17.05944998318859	-17.18356893993192	45.47986691209617	-17.15580823234707	4.126517291674504	27.12988180130901	106.3767298681379	106.3767324848254	195.0221769763994	195.022177049279	63.75370721154669	-43.09578133712897	-22.32528847049788	-178.7159458033081	0	0
143.96052	-0.16580692597509	0.05469375436202578	0.09170971739401428	1.152614279578046	0.9306201813366621	-0.3495307982929168	-0.2360290901076722	-0.07831987011279337	-0.2916357905548842	0.4872677641476476	0.1213076873887396	0.009752564095692634	0.439692778565922	0.4396927764371462	0.0638455473345662	0.06384554773159654	-0.6183572411355267	0.04669968283199188	-0.3687298258843842	0.03017871334105206	1.137109559884514	-0.4135829089156252	-0.1614533588097158	0.04335897051293336	-0.2103647428171819	-0.09562764624360458	0.7936385969724192	-0.6531718657684122	1.892995955041512	-1.188599443555675	-0.04221170296528351	-0.7599051863353568	8.198362342089444	8.198362361599543	1.161587324535511	1.1615873702824	-0.7907916093799305	-0.02080736086216085	-3.614594226045361	-3.785806317691401	0.3002804003257029	0.5510927019246792	0.01022656800521384	0.01010892887529442	0.1184670800158392	0.2289595154997269	0.01008088075603669	0.09709238960204737	0.1744830518852324	0.03299789623148112	0.01011768535479883	0.01005705605475028	0.01282417702863273	0.05287367103848001	0.01006064451624111	0.01003031028835277	0.01003930307933988	0.01004699667354108	0.01008996554269053	0.01012360706987471	0.01402267218444895	0.01716727602514585	0.02560649725257468	0.1469257394348893	0.3089495336943604	0.08068565061370593	0.1318032481097187	0.0560665378523069	0.3493467277009163	0.05482922868004503	0.1273066285947272	0.01007547472196992	0.0102121781030436	0.01001475261888748	0.07367144809351467	0.161791574415988	0.01003707319537387	0.01002429995001477	0.0100082046552725	0.01001599106829064	0.3370953702221556	0.6163556356195826	0.01048780951389624	0.01010284913399855	0.1380437251623213	0.2571489627674777	0.01009839494110266	0.1041841920757918	0.1845635904393728	0.05560542317562919	0.0094613117281692	0.009280697181877554	0.01573880132155848	0.06051251471283806	0.01010949941589741	0.01004512052141299	0.01004923473140563	0.009912601340467201	0.0101008695176548	0.01016334760840742	0.01093813695666417	0.01320781344568582	0.02413279691529929	0.1645422288194969	0.3331406443203988	0.09064979788822942	0.1274408269783848	0.07151998727800882	0.383291211187019	0.07957526382506258	0.1388589265077665	0.01015721775293322	0.01062312716795735	0.01014879453863091	0.07970780962601333	0.1556721609418381	0.009241469003798091	0.01003051542363716	0.0100105625301107	0.0100203925080078	0	0	0	0	0	0	0	0	0	0	0	0	-0.3437097967434696	0.1842371518028567	-0.0145275789526244	0.1909675225719947	-0.02040052738751651	0.006535140777294227	0	0	41.42163672405888	17.49682916545068	-6.813643306288813	-5.564001122066244	-6.051172537208804	0.9611005247268333	11.38198869650421	-20.25046970723293	25.90761247629712	-14.18834341631731	10.08391601970323	34.37018615359315	86.84800379987847	86.84800616493301	188.9876796680104	188.9876791048522	56.4271356611082	-37.09469885923888	7.635756935592333	-143.3542975516381	0	0
143.96856	-0.155363592821873	0.05197964322440483	0.09024079419320316	1.152783681307509	0.9287279460544815	-0.3502705169207419	-0.229313972489427	-0.08426124495934778	-0.2758026309497602	0.4773228589867141	0.1213586713705311	0.004799550026912042	0.5082072437442533	0.5082072418432526	0.07921831879812503	0.07921831953937097	-0.6229551587335538	0.04544105109452207	-0.397261927398922	-0.004477405027896699	1.454876466499359	-0.2561977480585945	-0.1976039158019209	-0.001134014696103154	-0.2611035102775213	-0.08866068269110071	0.8739278385441652	-0.8293804872392834	2.01772633300768	-1.275041653259094	0.06299971545821664	-0.4678212515000286	8.819638222849182	8.819638259188977	2.652661213182471	2.652661252429112	-0.3602247861204775	-0.2771544038592239	-3.449977046514142	-4.782913495575126	0.3195344345254389	0.5781361891777893	0.01069923032972594	0.01012343473655412	0.1351917695763925	0.2458858269380809	0.01010654757827145	0.1003036510972049	0.175806809797415	0.06145103075936558	0.01020955273372715	0.01010823381791991	0.01894531430530894	0.05462219963936565	0.01010653571336399	0.01004400480963597	0.01005013991012011	0.01005235839049249	0.01010650310301191	0.01015041434936647	0.01017146484680433	0.01186792937767959	0.02192811393865913	0.1587152577905529	0.3193362123149032	0.07953204774949978	0.1366100177601609	0.06823534307992006	0.3643769479138823	0.07368131886498824	0.1329304343917179	0.01019024958771128	0.0107196286940763	0.01018492873761146	0.07310926684546645	0.1587602086119448	0.01003123937438176	0.01004057874855608	0.01001404829473094	0.01002824821295514	0.3588197531328109	0.6401592100823689	0.0114789615464067	0.01015617966006377	0.1660971883157638	0.2791311165901793	0.01014676342198751	0.1034761738064241	0.1722776165915147	0.1098720537835275	0.01080764564570546	0.01070124552053807	0.02958477820658407	0.05361310671738494	0.01016744457834124	0.01006203293942441	0.01006552681548915	0.01014738962405314	0.01013265299921865	0.01017898014649659	0.00437855031099077	0.003646714808821066	0.01523041111172199	0.1791679895289872	0.3372979703552595	0.07029093324306386	0.1532831026578232	0.0860145080473861	0.3932442393190667	0.1009024571939496	0.1398629703867056	0.01036794655897701	0.01147509191012643	0.01044032881328754	0.06776814155869017	0.1545866844608416	0.01052221743738188	0.01006914487265511	0.01002422263041826	0.01004993082612644	0	0	0	0	0	0	0	0	0	0	0	0	-0.367659066161154	0.1937062072352927	-0.02155369184545059	0.1997774766376789	-0.01964160749383072	0.006934715990121281	0	0	37.04481842368424	21.50936077653301	-2.082758424640298	-5.500790944108195	-6.61903423464164	0.7538435700586634	9.261560606087521	-23.68821193479065	5.154361071309695	-6.576938891732385	16.13675379613408	37.63587770689135	67.91434157240668	67.91434333249785	181.6361820081881	181.6361809696062	51.01168683017595	-25.81644365015983	32.20339893516346	-104.4674361665105	0	0
143.9766	-0.1425448706577038	0.05065181692479392	0.08863936159040567	1.152597568703936	0.9264065734405322	-0.3509619441552934	-0.22197656432013	-0.09173785548429163	-0.2596272537353214	0.4669739100334534	0.1224546257008687	0.002259787849603476	0.58112158985772	0.5811215882963673	0.1063191634324208	0.1063191644507217	-0.6242453410265975	0.04253834788120871	-0.4237525999079418	-0.04589022897832913	1.723239579298249	-0.06976639410824789	-0.1938947219596622	-0.0450592287485861	-0.3174282176486262	-0.08372227277500459	0.9542766092658234	-1.036037392103857	1.980366587003339	-1.283905969221903	0.218172188568881	-0.1644545138476663	9.29525816262451	9.295258209495588	4.075713239761505	4.075713268808956	0.03455781867580702	-0.4236659159094491	-3.11671299298902	-5.46743859564013	0.3287326735159734	0.5896430614132241	0.01092312457825173	0.01014115230491839	0.1368106977685401	0.250524508792448	0.01010605607341487	0.1063938071736834	0.1733898620266303	0.07781138464114486	0.01041742283545781	0.01031922412914827	0.0206575189927818	0.05878365508749809	0.01009823455075286	0.01004004917569615	0.01004883712411295	0.01007851090707203	0.01009371671527444	0.01012451560311612	0.01395665589678284	0.01322314148201974	0.02224424093260729	0.1645927737111139	0.3346051327583492	0.07228730601759496	0.1483028542962748	0.07246758730632412	0.37685029694599	0.08563067255160399	0.1396821071079391	0.01020036865558326	0.01076759778481361	0.01024488709604583	0.08267395919288216	0.1646683898844211	0.01020400769632863	0.01004544968287724	0.01001573409564185	0.01003185780353502	0.3288726632719957	0.5857548275294913	0.01078164201573041	0.01015379851687282	0.1148570780954948	0.2375409696151731	0.01007182363635402	0.1205996020777582	0.1688338682296711	0.07874268429259236	0.0103895994857342	0.01030247146375015	0.01573386412197245	0.07008310903755124	0.01002948604063877	0.01001635133350795	0.01003324703392334	0.01005869255844835	0.01004357751426426	0.01004305733163535	0.0272306528181708	0.02301596268811283	0.02849028637520396	0.1650577411215969	0.3766407564865904	0.06107029797818617	0.1688838925505644	0.06838953429151551	0.4005262882741875	0.09412523866851512	0.1536698653617929	0.01007658387921507	0.01025221685402448	0.01016854871623741	0.1123353871408707	0.1863838766037335	0.01018578034095737	0.01003280586054548	0.01001112089926429	0.01002206471500528	0	0	0	0	0	0	0	0	0	0	0	0	-0.3802446144470386	0.1982829262624133	-0.007724327366389821	0.2014830105965647	-0.02223718814998592	0.01258818361019978	0	0	29.12270828551448	24.75035255642794	3.034366075696346	-5.423308604639412	-7.419087182326562	0.4670241961306574	11.48693482107599	-27.8370647226242	-13.9274977432265	4.899430111028896	22.51027417795001	37.27905999221675	50.75678324389831	50.75678405173344	171.8082712059086	171.808269702	47.47590482891044	-9.990695555607441	49.38328658262152	-66.19467201320236	0	0
143.98464	-0.1278617462370383	0.05092027950386528	0.0872335839342	1.15206104118113	0.9236052385452694	-0.3516231944288029	-0.2138719799729326	-0.1010167465146474	-0.2443280311740275	0.4569535491633389	0.1250061571077314	0.002113992707451834	0.6573291403944738	0.6573291392237735	0.1445033222034576	0.1445033234019184	-0.6224590985354924	0.03900527293175752	-0.4470934780765096	-0.09160050764716134	1.91415762741149	0.1399848886388522	-0.1490652453391755	-0.08826181224805249	-0.3805905654631103	-0.081156269803485	1.070884287388751	-1.278399443355349	1.805761819309479	-1.190359700491418	0.4251846586028169	0.1237603530979185	9.641854734336826	9.641854783070366	5.404075828356755	5.404075843592337	0.4069142601265901	-0.4301558250613615	-2.676938248084682	-5.856495803086514	0.3223029670618347	0.5781330798436743	0.01061361587352802	0.01014722640318379	0.1126742682998243	0.2354353057728325	0.01006243276858764	0.1178713746594213	0.1704955602425924	0.06898267239632122	0.01026274224885839	0.01017696765949416	0.0134504060444379	0.06942038310334279	0.01001481149461069	0.01001191707624699	0.01002958639934821	0.01003812104243737	0.01003672996071519	0.01003487092024863	0.0285205174864011	0.02482662148359945	0.02984141223227342	0.1611716244890497	0.3591257312350763	0.06392082167745415	0.1616546395977408	0.06517958969877355	0.3872397014166313	0.08780094860268266	0.1497123885601215	0.01003582595957231	0.01007964151005443	0.01011266871192636	0.1097150108180709	0.1823576163804006	0.0100817461694646	0.01002644353047578	0.01000885167668263	0.0100172300130092	0.2989255734111804	0.5313504449766139	0.01008432248505411	0.01015141737368187	0.06361696787522589	0.195950822640167	0.009996883850720518	0.1377230303490924	0.1653901198678275	0.04761331480165722	0.009971553325762937	0.009903697406962226	0.001882950037360833	0.08655311135771755	0.009891527502936299	0.009970669727591495	0.01000096725235753	0.009969995492843569	0.009954502029309874	0.009907134516774106	0.05008275532535084	0.04238521056740459	0.04175016163868592	0.1509474927142066	0.4159835426179212	0.05184966271330847	0.1844846824433056	0.05076456053564492	0.4078083372293084	0.08734802014308067	0.1674767603368802	0.009785221199453128	0.009029341797922519	0.009896768619187278	0.1569026327230512	0.2181810687466253	0.009849343244532861	0.009996466848435847	0.009998019168110323	0.009994198603884109	0	0	0	0	0	0	0	0	0	0	0	0	-0.3928301627329232	0.2028596452895339	0.006105037112670953	0.2031885445554505	-0.02483276880614112	0.01824165123027827	0	0	17.84632698734969	27.31461758618148	8.049726579523792	-5.315463779763851	-8.288405276648653	0.1787689586727645	18.27167888688473	-32.4944216143426	-28.55122807087261	18.5678474501611	28.95267908106112	33.98775428140919	35.83728944854013	35.83728908772036	157.7816209429988	157.7816190472149	45.32459893291298	8.663879473368866	58.75571082288999	-31.31080206697641	0	0
143.99268	-0.11204046063302	0.05295062391150007	0.08634399432054908	1.151181304973744	0.9202688082535885	-0.3522723892890078	-0.2045625610205711	-0.1123955969476895	-0.2308377492342348	0.4481343631694449	0.1294261973284821	0.004153369360790778	0.7358648088720766	0.7358648080690406	0.1928551280777948	0.1928551293359178	-0.6177392626392368	0.0360344396740628	-0.4666736057025722	-0.1393624001343294	2.002534495341767	0.3675661422687404	-0.06652833948549915	-0.1303367176639473	-0.4503669685978637	-0.08059976096233575	1.259870027050851	-1.558269291818952	1.539457758458902	-0.9848772057176618	0.6822068522142523	0.3761739345850166	9.877243109317746	9.877243150556573	6.597143612912563	6.597143612487477	0.7652388152796281	-0.2832739219111327	-2.190442939985876	-5.984636449545368	0.2957041043611706	0.5377603316113395	0.01027890805088553	0.01011675878341058	0.08089233323652172	0.2056711336115052	0.01005706646721734	0.1283963583514929	0.1705560200812793	0.05863087683469256	0.01028458704855716	0.01010435467575039	0.01077716680238049	0.07575970012710034	0.01013954213340583	0.01002357764027509	0.01002158279523987	0.01539695301004488	0.02213471135696704	0.0210943694727357	0.03868848414032126	0.04443887760949046	0.04664697267902469	0.1523193946751009	0.3588277714937538	0.06690326035818976	0.1622280688344126	0.07060243768278683	0.3739528193998038	0.07606183807031219	0.1563000738116086	0.01106993616317041	0.01158653497022826	0.01001248542175474	0.1275921381831383	0.1983602674872871	0.01004938233485703	0.01002243251492776	0.01000759191529852	0.01001489112155519	0.2168914853144896	0.3997195336622822	0.009966089523267847	0.0100451658334706	0.03526893783666275	0.1398484090476543	0.01009906919591756	0.1417597012617578	0.1751144847500236	0.05002376686213884	0.01057333948892801	0.01016706799129353	0.01424018674192105	0.07778581615850812	0.01052003063334468	0.01008363032656326	0.01002726580221949	0.02754078272482513	0.04980015338840507	0.04638418192698452	0.04482050470937522	0.0767190211174556	0.07727520491519949	0.1340655413465341	0.3069250703204323	0.08458146455443666	0.1442375240548627	0.09654850292695841	0.3025986451849523	0.04527125378537514	0.1610231337201171	0.01359245585655381	0.01582919302376704	0.00996633289702057	0.1380576600716039	0.2187945826359835	0.01016845723317942	0.01003816093312683	0.01001369985835141	0.01002863642342442	0	0	0	0	0	0	0	0	0	0	0	0	-0.3616053313857598	0.1243377769164617	0.01721502153566964	0.1786157536827131	-0.02289148554768341	0.03828358128376344	0	0	3.717401257026855	29.17007848737554	12.28855522020232	-5.134462383946889	-9.031068316700992	-0.01742944228875037	29.4400548357071	-37.0376305328065	-36.41720938812482	32.40720984695754	34.8168350878318	28.49790823899886	23.03833785647318	23.03833639225946	137.9182948545055	137.9182929386021	43.86879350944733	27.70919362941008	61.24811311740133	-1.525272645264552	0	0
144.00072	-0.09598979808368424	0.05686183247188281	0.08624049392399707	1.149970351454709	0.9163503819453565	-0.3529217681165976	-0.1933296442800526	-0.1261630150489249	-0.219657403121913	0.4413998839690852	0.1360887622635203	0.008027066417174893	0.8158982122080382	0.8158982116801838	0.2500849465187906	0.2500849477156	-0.6101836362944619	0.03484214311888186	-0.4823217788567269	-0.1872558143167773	1.968529834354291	0.6066750412337073	0.04443051312332916	-0.1704843712735739	-0.5249208362636542	-0.08096910522524381	1.554409709608222	-1.871163034648119	1.242068348222785	-0.6743047483474137	0.9810048970833444	0.5781046090045234	10.01651832863175	10.0165183548912	7.603316575869239	7.60331656170503	1.112346887757824	0.00915194415768792	-1.705591762743474	-5.897346149682404	0.2453393063306127	0.4638814723098973	0.01006949695351881	0.01004238317882502	0.04939188199427386	0.1629365619429026	0.01011401117236581	0.135662580217704	0.1750386950658033	0.05495262768382776	0.01064223162803023	0.01022635945130196	0.0167343068995635	0.07417698916947972	0.01055596034059046	0.01009392818887474	0.01003345393207721	0.02762333350513332	0.0493043116238927	0.04603158254625333	0.04019641677502094	0.07128225102240184	0.07294727823285779	0.1395673894489539	0.3155470502701429	0.08529165893085239	0.143624923963097	0.0966539748165112	0.3245052302127654	0.04788600873152701	0.156752491105174	0.01370122026832933	0.01613247226545191	0.01001064335286416	0.127299159064867	0.2072806092392799	0.01022062124472796	0.01004490330245952	0.01001614785102389	0.010033861261518	0.1348573972177988	0.2680886223479506	0.009847856561481582	0.009938914293259328	0.00692090779809962	0.08374599545514169	0.01020125454111461	0.1457963721744231	0.1848388496322197	0.05243421892262044	0.01117512565209309	0.01043043857562483	0.02659742344648126	0.06901852095929871	0.01114853376375307	0.01019659092553503	0.01005356435208144	0.04511156995680668	0.08964580474750027	0.08286122933719495	0.03955825409339962	0.1110528316675066	0.1128002481917131	0.1171835899788616	0.1978665980229433	0.1173132663955648	0.1039903656664199	0.1423324453182719	0.1973889531405963	0.003194487427669611	0.1545695071033541	0.01739969051365449	0.02262904424961156	0.01003589717485386	0.1192126874201567	0.2194080965253417	0.01048757122182598	0.01007985501781782	0.01002938054859251	0.01006307424296474	0	0	0	0	0	0	0	0	0	0	0	0	-0.3303805000385963	0.04581590854338951	0.02832500595866833	0.1540429628099757	-0.0209502022892257	0.05832551133724861	0	0	-12.40546364027635	30.13703606252727	15.00081835177351	-4.826735486461489	-9.441610712482285	-0.04038488449182314	44.35648060591507	-40.52555597416616	-36.15827855420098	44.35780112245833	39.16892902931627	21.54716295312423	11.79317082579663	11.79316865224715	111.1911713092609	111.1911698834639	42.42274146741885	44.4405422895839	58.70932203475756	22.21138768547761	0	0
144.00876	-0.08074401083343603	0.06271450897643553	0.08709503929334433	1.14844836210049	0.9118245573019839	-0.3535725560587419	-0.1792171361785811	-0.1425378804915153	-0.2107699134939797	0.4375111954004566	0.1452691038597739	0.01328904234085354	0.8966969566176264	0.8966969562276559	0.3144648874007996	0.314464888445622	-0.5998891290218485	0.03649826119784646	-0.4941897209217214	-0.2337452364210234	1.80160361293889	0.8488628235615985	0.1689096982960325	-0.2074677782120413	-0.6007355202372853	-0.08065339629171642	1.979211453782644	-2.203853298512898	0.9800955421200853	-0.2823235364137603	1.304996638951992	0.7203699570542941	10.06836700690971	10.06836701478378	8.366524051429158	8.366524028811854	1.445714604382537	0.4192992176850726	-1.253789034129215	-5.643246418814414	0.1996664492479794	0.3809298476085252	0.01357929208780141	0.02421910803721598	0.03070964237502731	0.116523834906745	0.04478276317662702	0.1438063621429249	0.1787314088308291	0.05654363012321802	0.01066308959870781	0.01024681518349587	0.02031911525824699	0.07277019614884626	0.01067662468619049	0.01011950136117374	0.01005575605521165	0.0509776704393532	0.05801256916021742	0.05387116286191734	0.06104157738547158	0.07653051581809257	0.07797302038709258	0.1253288465200652	0.2745324354334735	0.08919866723204763	0.1330907843256561	0.1005377343571911	0.2617404297238349	0.02421829368117968	0.1374779032019382	0.07015224179860399	0.05815327542037121	0.0100187699891321	0.1081234565575586	0.212376706426517	0.01024931215318063	0.01005434413277905	0.01001965895872064	0.01004155199434322	0.1404912056346547	0.211187355263652	0.02165522120121335	0.0567580773482139	0.02046191331630287	0.04611962386358674	0.1268966475209011	0.1593016333858871	0.1819299821642323	0.06263208001947709	0.0102705315265136	0.01012440738948701	0.02033125466762897	0.07342718444287506	0.01045835157066202	0.01009210359164882	0.01008905496863254	0.09296042049574368	0.04534968269548492	0.04194295384834039	0.1134513255212007	0.05612136971902005	0.05693860964372592	0.102696147208076	0.2255968253087888	0.07226299768442204	0.1353605954832721	0.07167621645946542	0.1418139520066733	0.00438168332735093	0.08130722011959117	0.2068863135941831	0.1549397505876731	0.01001613362503886	0.06031859434151525	0.21872969396096	0.01009351039908308	0.01004665664784529	0.01001660700514271	0.01003467923232466	0	0	0	0	0	0	0	0	0	0	0	0	-0.2206648856669695	-0.148503828955939	0.02869974737595388	-0.005884248486677998	-0.1315565051007508	0.270671709661312	0	0	-29.05134651449564	29.86694441195235	15.56676969070921	-4.339416103509201	-9.311220983832905	0.1574856113089178	61.51603924831411	-41.74781063036993	-27.71364225113062	52.31658496499468	40.8924276218095	13.73621946666853	1.097430381905883	1.09742808466121	77.57799790727604	77.57799723998909	40.3537113660356	56.72390674870027	53.40331471801633	40.0980201521199	0	0
144.0168	-0.06736824796443774	0.07048879335430025	0.08894222374533831	1.14664703595126	0.9067007265948229	-0.3542119392124824	-0.1611285516914291	-0.1615923152558559	-0.2036365156236922	0.4369726496518931	0.1570726897386442	0.01943636663333721	0.9775631244772721	0.9775631240798782	0.3838289884438756	0.3838289892928887	-0.5869921658099959	0.04179155973803357	-0.502609392273384	-0.2776679320392924	1.505325353861609	1.082439137609271	0.2879822336832775	-0.2396815505190937	-0.6727152796092229	-0.07782954038878528	2.543355067649812	-2.532986418470201	0.814968118395515	0.1512098843531562	1.62856376477488	0.7976931960688978	10.03242152204173	10.03242151293261	8.835603575867326	8.835603550645473	1.75822595283776	0.9066298201208135	-0.8487922119193259	-5.265124773249567	0.1750313730773205	0.3038471904953809	0.02180256225046272	0.05594703179488959	0.02949704918706615	0.07159252730797624	0.1198227486875729	0.1543895801062254	0.1794083263073505	0.06271266093082098	0.01014797524346459	0.01007813398413997	0.0182674076179076	0.07439331610695631	0.01032780153293491	0.01006972337215545	0.01008569824850614	0.08631854515168742	0.03773750149886956	0.03491435779123471	0.1083573898092204	0.04970201278357536	0.0506038247439122	0.1106998255428132	0.2607877850714261	0.06764771765329838	0.1424115634513452	0.06584707876051563	0.1984320805712822	0.01381419048942771	0.09083124945302332	0.186957173082549	0.1429368907985503	0.01001073641884807	0.06792219054256374	0.2149171705075723	0.01003309664463959	0.01003907956302193	0.01001373435504012	0.01002833400372153	0.1461250140515107	0.1542860881793535	0.03346258584094512	0.1035772404031685	0.03400291883450612	0.008493252272031777	0.2435920405006876	0.1728068945973511	0.1790211146962448	0.07282994111633377	0.00936593740093411	0.009818376203349187	0.01406508588877668	0.0778358479264514	0.009768169377570978	0.009987616257762609	0.01012454558518363	0.1408092710346807	0.001053560643469572	0.001024678359485841	0.1873443969490018	0.001189907770533495	0.001076971095738802	0.08820870443729044	0.2533270525946343	0.02721272897327927	0.1667308253001243	0.001019987600658946	0.08623895087275046	0.005568879227032249	0.008044933135828271	0.3963729366747117	0.2872504569257346	0.009996370075223865	0.001424501262873802	0.2180512913965784	0.009699449576340185	0.01001345827787275	0.0100038334616929	0.01000628422168459	0	0	0	0	0	0	0	0	0	0	0	0	-0.1109492712953428	-0.3428235664552674	0.02907448879323942	-0.1658114597833317	-0.2421628079122758	0.4830179079853755	0	0	-44.21916315161637	27.91963358156866	13.62085363593308	-3.636534732393957	-8.463247400579613	0.5803636860588639	78.5710217616149	-39.43902032728572	-12.39246965059726	54.42443730872468	38.89707335150774	5.440435289971275	-10.24441187951296	-10.24441372586294	38.34974117376633	38.34974115314251	37.17149037634269	63.5850566393853	47.35450984749164	53.31427909001797	0	0
144.02484	-0.05683109945641134	0.08005646641057217	0.09165606797325586	1.144611828190119	0.9010342455652692	-0.3548128083652594	-0.1379767677391319	-0.1831712813221135	-0.1972802244752539	0.4399138804191242	0.1713660734331997	0.02593423779868018	1.057757830885915	1.057757830363271	0.4556553537837451	0.4556553544340777	-0.5716995390967933	0.05116676302872176	-0.5079644768548525	-0.3181608440105381	1.100377870751901	1.292151687859094	0.3810770565260753	-0.2653535460981831	-0.7346279236287966	-0.07082640933313887	3.234812336454261	-2.825680028952883	0.7927138698386887	0.5738210240954787	1.918259295463465	0.8072961070459546	9.899064009742103	9.8990639886797	8.974911097827054	8.97491107411558	2.039894205922942	1.427680367768387	-0.4906102384091541	-4.794195263524654	0.1917096446159098	0.2639421039135435	0.04952766364820826	0.1064069675564358	0.06127868171846658	0.06446003448188212	0.161555950346733	0.1451807841083693	0.1735728417371597	0.06196488304716304	0.01020750977888804	0.01008289610719871	0.01447446603205156	0.06547170735883781	0.01005120551877939	0.01002469163375473	0.01008568023567659	0.0949702968168905	0.0187490132005601	0.01746669960261709	0.1472394249033377	0.02366492291087281	0.02471521157189244	0.09362674762187986	0.2731837611505631	0.05601580824834548	0.1460770707526186	0.03200543966716726	0.1629023222739219	0.01003646268500778	0.04763562318020451	0.2621281032145873	0.1983125243574979	0.01000877807195911	0.03299784964974918	0.2053127532411413	0.01005038836512187	0.01012524584949214	0.0100864403475142	0.01029094114247317	0.2691150796725583	0.2470314885693186	0.1065632946361054	0.200668466843854	0.1359734726111506	0.09742716518130738	0.1763397858394307	0.1013255351248218	0.1555244837910214	0.05153217895290976	0.01098473728028328	0.01030752682789481	0.009320901650384362	0.03947314766957044	0.009893522434079554	0.009991645341735467	0.0100536334941716	0.0712024321468505	0.004332301427998599	0.004575362736458935	0.1918365699405612	0.001204849561671424	0.003274616865015393	0.06543910737609385	0.3235888976571777	0.05977738735701011	0.1360802837263751	0.001925387281280795	0.1447156536987532	0.008322016027114557	0.004629003444844011	0.3271156414640771	0.2433159851578501	0.01001623548917151	0.001345183990379304	0.1707653495933539	0.01036387450142909	0.01033903590037227	0.0102571739321138	0.01089652034699696	0	0	0	0	0	0	0	0	0	0	0	0	-0.07750401956404333	-0.2073461159951358	0.0736461901193069	-0.2173471531772212	-0.3228060955381906	0.6357501366842049	0	0	-55.74107841890496	23.86339803307368	9.129169728396256	-2.715269848217755	-6.800199145301035	1.186386074235014	92.72099794110871	-32.53629378065367	7.340816943194049	49.48515303227497	32.36522050185922	-3.05775052947069	-23.27233439010315	-23.27233550856767	-3.934338786749504	-3.934338443212071	32.68745349109856	65.22034329081367	41.92387200522235	63.44376984437991	0	0
144.03288	-0.04986813265867239	0.09115345521499539	0.0949480265761717	1.142402054779239	0.8949324464944209	-0.3553364481932686	-0.108860572844055	-0.2068252735851688	-0.1904428022779487	0.4460155373857114	0.1877252557790967	0.03223549396635802	1.1364362931841	1.136436292463306	0.5272296563404859	0.527229656812393	-0.5542994262214916	0.06473459611413107	-0.5106024691457736	-0.3545620757882424	0.6234046113175978	1.459580695272409	0.4288206368114451	-0.2828703113975755	-0.7799503046901151	-0.05848546577155513	4.019802398488515	-3.042187768020097	0.9362814406660905	0.9278931041897385	2.135924131805202	0.749051467049032	9.652320884022187	9.652320856652704	8.773473831877288	8.77347381121019	2.28112890602718	1.943787354832276	-0.1711736618120804	-4.24966808289373	0.25410682128295	0.2777457316865318	0.09963744572717281	0.1757504524590504	0.1270308753813313	0.1062647596731735	0.1502676783591363	0.1054212811083657	0.1595367850273804	0.05018003589359793	0.01116933718521301	0.01036821122057287	0.01010594275256353	0.04047127787208864	0.01000738141725776	0.01000808344269429	0.01004458806779768	0.06282005237436826	0.01194670050217178	0.01158502796726949	0.1682904455386771	0.01141878503414358	0.01375285898572631	0.07318333299691711	0.3090342765765878	0.06762367824279629	0.1333572822657018	0.01599528742837453	0.1693514382311367	0.01001828099620529	0.0236475876062375	0.2718035538679981	0.2063437093655398	0.01001946482762362	0.01583129076609436	0.1786563125065118	0.01044245800324176	0.01035007328400027	0.01026376586750279	0.01091665930494789	0.3921051452936059	0.3397768889592837	0.1796640034312658	0.2977596932845396	0.2379440263877951	0.186361078090583	0.1090875311781738	0.02984417565229246	0.132027852885798	0.03023441678948574	0.01260353715963245	0.01079667745244043	0.004576717411992048	0.001110447412689479	0.01001887549058813	0.009995674425708324	0.009982721403159577	0.001595593259020337	0.007611042212527626	0.008126047113432028	0.1963287429321205	0.001219791352809352	0.005472262634291984	0.04266951031489725	0.3938507427197211	0.09234204574074095	0.1054297421526258	0.002830786961902644	0.203192356524756	0.01107515282719686	0.001213073753859752	0.2578583462534424	0.1993815133899657	0.01003610090311916	0.001265866717884804	0.1234794077901295	0.011028299426518	0.0106646135228718	0.0105105144025347	0.01178675647230933	0	0	0	0	0	0	0	0	0	0	0	0	-0.0440587678327439	-0.07186866553500422	0.1182178914453744	-0.2688828465711107	-0.4034493831641053	0.7884823653830341	0	0	-61.91926313669987	17.35974112420973	2.426283235566733	-1.618872656441032	-4.353552791334048	1.891000943321798	101.4822158836806	-20.44135554506315	28.28420528050755	37.48165134746614	20.97989378358149	-11.35337927680336	-38.47214194840686	-38.47214242505227	-45.787346014385	-45.78734566682015	27.2040852441692	62.54398614436397	37.76829086501327	71.79065598318984	0	0
144.04092	-0.04687387817552212	0.1033588597987154	0.0983885430512782	1.140088151563015	0.8885526002934189	-0.3557379301416669	-0.07322331428159304	-0.2317731601964896	-0.1817895355766323	0.454507872477412	0.2054163767023035	0.03780696456215758	1.21261691250163	1.212616911551297	0.595866662546813	0.5958666628608343	-0.5351426778563591	0.08232891458382491	-0.5107923619344342	-0.3863283405507242	0.1215165369229552	1.564477472307741	0.4159829954282902	-0.2911285005693953	-0.8029588492204617	-0.04045877648307808	4.847323912128811	-3.140753790453967	1.241317655281126	1.16054131944237	2.243596145531606	0.6267826071835197	9.275011375139112	9.275011346130869	8.249803647942569	8.249803628880766	2.476401126633892	2.425201977864964	0.1200058406701005	-3.642663365486767	0.2727409025200363	0.2795716916939374	0.1156507192418723	0.1955097550734181	0.1499865712863819	0.1213541346927604	0.1171673806200695	0.08852260001068707	0.1528727068803569	0.04347134668869745	0.01134170906885468	0.01044871225308902	0.01022512895312395	0.02351797424222789	0.0100148729350743	0.01000785785427005	0.01004521148881819	0.1024717442258715	0.01000962252668192	0.01000564726150405	0.1911135594385746	0.01005384761861647	0.01001829367668977	0.06087120383082451	0.3369852684204044	0.07770792590430967	0.1287260872061368	0.01000565106603091	0.1869039349031355	0.01040746317935259	0.02238722247232326	0.2394463353059322	0.1811394770599147	0.01002501248762875	0.03018981844850665	0.1671751156413967	0.01051128358729305	0.01045534012345598	0.0103366438122881	0.01111815864244311	0.2143509734339875	0.2310116457359959	0.09040140169858794	0.1494495187864653	0.1195647194919461	0.09386848764663135	0.0551355941013067	0.1043726080224283	0.1559223693673007	0.04350249231660801	0.01054519777360378	0.01027574506108398	0.01503017057930085	0.01560919602628137	0.0100221529001025	0.01001757680296368	0.01009757427696512	0.2594853022377634	0.009234221468064692	0.00931353081262871	0.2391980347358491	0.01534696144403818	0.008430145146604734	0.05457887709500341	0.367393651880252	0.0830361132823908	0.1387463047102653	0.00730723743812523	0.2130962922901079	0.0104068444851697	0.03778199071146717	0.1373776513127916	0.1053511528570919	0.01002371019286173	0.0755236847886525	0.1778771659958506	0.01018243892726693	0.01043171282630657	0.01029637666512577	0.01085242549952937	0	0	0	0	0	0	0	0	0	0	0	0	-0.07374064928187643	-0.1784762564531001	0.1779613164465892	-0.2905315222016762	-0.4695625288270724	0.9286867338777117	0	0	-61.85816456420935	8.32644336309076	-5.801377196931537	-0.4271785765065715	-1.28531324495372	2.580712380024905	103.060200027231	-3.294578526357915	46.91832671232433	19.53869958034725	5.137497394480821	-18.88333762453158	-55.67710813186492	-55.67710806730997	-83.49845477305477	-83.49845475737251	21.37251996257178	56.81495294006648	34.82279291371439	79.04867503977164	0	0
144.04896	-0.04784448860584817	0.116090572786454	0.1014508146555933	1.137746640766839	0.8820916431259526	-0.3559733082778469	-0.03096808472902264	-0.2569122686702255	-0.1701338425351175	0.4642414843975365	0.2234219059013934	0.04216517794004431	1.285191375934059	1.285191374758529	0.6591457911468818	0.6591457913042028	-0.5146024035745786	0.1035864414672925	-0.5087282549062674	-0.4129901757810945	-0.3545395225671562	1.587558217363308	0.3339285887199721	-0.2897363347270124	-0.799639242844167	-0.01734371600374693	5.655179163221411	-3.084389210596442	1.675619721861802	1.231294845144396	2.209769335052709	0.4490811560368542	8.753523421039464	8.753523394784953	7.450464966415825	7.450464946092755	2.625777810347264	2.852676580478856	0.3902620608641258	-2.98128199675592	0.2066379945964018	0.2347167131204121	0.07796169178889729	0.1367335855934871	0.1034510153137161	0.08196868199867509	0.07181774904370172	0.1168201542730101	0.1604036840524393	0.04757684426904896	0.01022299777318102	0.01018088436544937	0.01629143631385845	0.02388433807655257	0.01001992265283879	0.01002045359806178	0.01011201340881507	0.2405974453751116	0.01012876057270797	0.01002514525868549	0.2222147915083063	0.017590668063847	0.01013705095722549	0.06121572635726064	0.3429627954380646	0.07759373852984788	0.142211961598972	0.01001890660823981	0.2007052671554304	0.01018395435675379	0.04214635178108975	0.1664251384418928	0.1224554391209846	0.01002016636403307	0.07632482558017398	0.1855366369205324	0.01005033169824594	0.01036475619413825	0.01024329071548233	0.01066244887642144	0.03659680157436897	0.1222464025127081	0.001138799965910125	0.001139344288390979	0.001185412596097071	0.001375897202679699	0.001183657024439617	0.178901040392564	0.1798168858488034	0.05677056784373028	0.008486858387575119	0.009754812669727525	0.02548362374660966	0.03010794463987326	0.01002543030961688	0.01003947918021904	0.01021242715077065	0.5173750112165064	0.01085740072360176	0.01050101451182539	0.2820673265395777	0.029474131535267	0.01138802765891748	0.06648824387510957	0.340936561040783	0.07373018082404063	0.1720628672679047	0.01178368791434782	0.2230002280554597	0.009738536143142537	0.07435090766907458	0.01689695637214081	0.01132079232421807	0.0100113194826043	0.1497815028594202	0.2322749242015717	0.009336578428015855	0.01019881212974135	0.01008223892771684	0.009918094526749412	0	0	0	0	0	0	0	0	0	0	0	0	-0.103422530731009	-0.2850838473711961	0.2377047414478042	-0.3121801978322416	-0.5356756744900395	1.068891102372389	0	0	-55.59244973876196	-2.896468358492764	-14.62573835194791	0.765686446611835	2.145928822702289	3.13821359291513	96.53798017016931	17.84083718419864	59.94508432632843	-2.402269327848775	-13.9502632283666	-25.04535794049773	-74.17531554204642	-74.17531491313775	-113.918566680902	-113.9185669583265	15.90426436485927	49.32057668572761	32.42622369576704	85.27198768983963	0	0
144.057	-0.05238114032514153	0.1286275686314553	0.1035699025073881	1.135454132106108	0.8757696384527386	-0.3560070767358586	0.01748537614792628	-0.280887181351157	-0.1546468961201954	0.4738121611515554	0.2405185934533582	0.04491460993562298	1.352970244376043	1.352970243016074	0.7151114092140104	0.7151114091994702	-0.4930287111180799	0.1280277276376675	-0.5045698672753696	-0.4341482483351049	-0.7587433661505535	1.514199984139595	0.1819169026905877	-0.279060621818246	-0.7683343496375092	0.009383837288243132	6.378739440258931	-2.848465136750931	2.183555582880538	1.118111139336036	2.015780309671126	0.2291125638707336	8.081888403027868	8.081888384169524	6.442981319912951	6.442981297741268	2.734780132571977	3.216059390706622	0.6405186984726682	-2.275660962040807	0.1257850600887559	0.1834571575772429	0.03810808113610418	0.07091270060287475	0.05194694781835169	0.04034135233446433	0.03489447327275066	0.143953963731855	0.1722261819004201	0.0566734788037673	0.01013988564129152	0.01006111227673819	0.0181680641663424	0.03125884486548353	0.01002512707128363	0.01002328356104146	0.01011286794475992	0.3596637697372342	0.07243781435162555	0.05734799228491306	0.2411631023762333	0.06674081986766216	0.04593832352822731	0.05501765050275502	0.3440106193306114	0.06934477337956978	0.1576202826660928	0.04257828783312487	0.2269582071437998	0.05951507539676466	0.0905108939728803	0.09420470734748	0.06638311785056783	0.01001304903039615	0.144449892229677	0.2101529631047283	0.01003416722312841	0.01021775831865319	0.0101251065692956	0.01023480362487171	0.01892945673149885	0.1102376580658506	0.001094366876546187	0.001088972219533633	0.001124234648074901	0.001264323530970307	0.001107621913018721	0.1695155915592889	0.1921794274733822	0.07162208896410473	0.01138283715607169	0.01014421375873984	0.01481232486502075	0.04338635855193148	0.01003222594660986	0.01001393617898069	0.01003204276086226	0.546880194857292	0.2264824088251616	0.1715201629835732	0.2532641014956964	0.1780320144122274	0.1299273887022917	0.03495829853958751	0.3498150430202189	0.05110100572511501	0.1784708982485375	0.1179936626351635	0.2949249695302277	0.1797766651831898	0.1887080144690262	0.008963688706884181	0.006183190351006207	0.01000442456644813	0.2741506306381466	0.2496334003616104	0.01058578084974582	0.01002561946517368	0.009993437824554214	0.009890773329254338	0	0	0	0	0	0	0	0	0	0	0	0	-0.1557426309517487	-0.5977696133007805	0.3198632846812535	-0.2849866215721358	-0.6264496608814306	1.317655272103374	0	0	-44.25458691681678	-15.48486543314361	-23.03551857244533	1.868073210987044	5.621503151297707	3.465739845907706	82.24830672659186	40.96994967467302	64.92644093947104	-25.75894509077811	-34.32456466223724	-29.32750471604232	-92.81214548744269	-92.81214429006936	-135.0671111515029	-135.0671112384526	11.40662478593159	40.97827953607571	29.69062765426933	89.92807004281838	0	0
144.06504	-0.05976160126837885	0.1401630400268052	0.1042073567711512	1.133281494846724	0.8698095524097944	-0.3558183847323864	0.07122125654147345	-0.3022174072255608	-0.1350128735759142	0.4817247867470583	0.2554028013665391	0.04577999658612666	1.41475593124504	1.414755929776845	0.7623989292812455	0.7623989290916977	-0.4707110288431237	0.1551152709499579	-0.4984991285649594	-0.4495063485961694	-1.057776164315321	1.338295584007332	-0.03280164224197819	-0.2601360874771015	-0.7099712920176933	0.03760641888353636	6.960736630613216	-2.427431503823685	2.694896968342757	0.8205836054777736	1.660975651191325	-0.01668315667397978	7.264255733420059	7.264255725834201	5.304815076679985	5.304815056169478	2.812484121697056	3.510264698144456	0.8642675536659575	-1.541771960252402	0.06861341358267224	0.1475241103324746	0.01813236374819169	0.03443724971212803	0.02487153042791381	0.01927641881524335	0.01659871665594356	0.1529956389629152	0.184136086394788	0.06868706451116847	0.01177966811085799	0.01023626923928714	0.012833659625937	0.04180201863185865	0.01003125337851056	0.01000967372246988	0.01000871614577752	0.4347225787700723	0.2034664137082769	0.158121925850354	0.2393857756191468	0.1615761308156516	0.1222629915996528	0.0348720081505281	0.3481238485144784	0.05331759871528707	0.1685872538375581	0.1116638720427677	0.2718558180487355	0.165224424729937	0.1676193898830536	0.04865006747186022	0.03335044181125938	0.01000606050706181	0.2326074550526426	0.2310016178369259	0.01075058950571702	0.01005555821539286	0.01002392109599743	0.01003875440968642	0.001262111888628729	0.09822891361899308	0.001049933787182249	0.001038600150676286	0.00106305670005273	0.001152749859260915	0.001031586801597825	0.1601301427260138	0.204541969097961	0.08647361008447917	0.01427881592456825	0.01053361484775215	0.004141025983431836	0.0566647724639897	0.01003902158360285	0.009988393177742329	0.009851658370953866	0.5763853784980776	0.4421074169267215	0.332539311455321	0.2244608764518152	0.3265898972891877	0.2484667497456659	0.003428353204065445	0.3586935249996548	0.0284718306261894	0.1848789292291704	0.2242036373559792	0.3668497110049956	0.349814794223237	0.3030651212689779	0.001030421041627556	0.001045588377794344	0.009997529650291969	0.398519758416873	0.2669918765216492	0.01183498327147578	0.009852426800606003	0.009904636721391587	0.009863452131759265	0	0	0	0	0	0	0	0	0	0	0	0	-0.2080627311724885	-0.9104553792303649	0.4020218279147028	-0.2577930453120301	-0.7172236472728217	1.566419441834358	0	0	-29.80581117050806	-28.16388080135342	-30.07945116855653	2.807895480723155	8.828257441136994	3.50438393039117	61.6475479269192	63.40532710410939	60.73045350874222	-47.82281871883688	-53.5226645676785	-31.44812336226955	-110.2764195180829	-110.276417966969	-146.4787891555232	-146.4787886152771	8.121361124682061	32.11493903122032	25.688164674057	92.14266057134812	0	0
144.07308	-0.0690649374401552	0.1498856887296077	0.1029117989834646	1.131289249921784	0.8644172900624819	-0.3554047739521742	0.1289206691737635	-0.3194684927536857	-0.1115005962633978	0.4865661780692739	0.2668473354598274	0.0446241013868085	1.469426119816623	1.469426118338559	0.8002651708122613	0.8002651704824877	-0.4478627013874752	0.1842747276869233	-0.4907784127986474	-0.4589266707625893	-1.236120514185024	1.06517129710624	-0.2961194181752625	-0.2344627048868218	-0.6277893033207831	0.06493559481805752	7.359379381195247	-1.838584140431133	3.13656051255685	0.3590971196520169	1.165126223984473	-0.2708263604232217	6.315071732102661	6.315071737254776	4.111106334050302	4.111106320498296	2.868177682888401	3.73043576821814	1.048361906130515	-0.8031909978455851	0.04500298004514355	0.1384831001036308	0.0102937022405489	0.01681576215713516	0.01298315621548389	0.01381582848422206	0.01004295082245308	0.1523386823727298	0.1876359204015449	0.07238026791105351	0.01232343884859757	0.01030985577841576	0.01006890581575806	0.04208148780581464	0.01017614799774634	0.01005624313060227	0.01001507195565003	0.4363499968185789	0.2572900251854958	0.1981038414967688	0.2177979702583841	0.1978688933590938	0.1513364245891322	0.03263761719048663	0.3330201320375025	0.05646887598044473	0.1722135777165038	0.1375443727300478	0.285097440096987	0.2075034185998243	0.1983599994229232	0.0352632624728698	0.02126056116469379	0.01000721239584606	0.2610102080238999	0.2417223829977086	0.01099190924705928	0.01002918330071347	0.01000972858396263	0.01001898694410674	0.04069317581999371	0.1529286253324912	0.00657205797599532	0.003184749611542371	0.005290500929180089	0.01621897863570255	0.008010678180190859	0.1442236661036926	0.1811529912471436	0.06689724214794211	0.0114824181219823	0.01022945618522088	0.01099647243876634	0.03026534545709556	0.0104937946934974	0.01017790204672194	0.01015866332663365	0.3138710079461162	0.2215932586848424	0.1667979333113432	0.157395215006444	0.1639763354566179	0.1248175356798795	0.0529632958736939	0.2654317781448117	0.08481006853942975	0.1694809446398434	0.1126289104945108	0.2481579979511233	0.1755028108210243	0.1752189999252069	0.04159655515690212	0.0193902802786405	0.01001681601143111	0.2095124212453871	0.2470362570251602	0.01063847087976542	0.01013754311005173	0.01007626362796969	0.01011919903496701	0	0	0	0	0	0	0	0	0	0	0	0	-0.1890686720183028	-0.8963898886828733	0.3504743912865069	-0.2720623037986402	-0.7490497460823289	1.651530926237123	0	0	-14.64803204547908	-39.40915218541249	-35.03059483924876	3.542437117465309	11.51069484045113	3.246751689649495	37.09104881954708	82.24164820905663	47.80314481453207	-66.18474982112664	-69.00643511662044	-31.43319683600471	-125.3515563338512	-125.351554763517	-149.1580937079244	-149.1580925638971	5.873005413566035	22.47991670121972	19.75533149144482	90.93451009095037	0	0
144.08112	-0.07932426472409686	0.1570766584188276	0.09936522414290344	1.129524821821856	0.8597653606615261	-0.3547826575105942	0.18901186875897	-0.3314367562691852	-0.08493499493419485	0.4871589761808123	0.2738629725604913	0.04144636535578125	1.516011378428671	1.516011377041226	0.828525390622076	0.8285253902233602	-0.4246317095835887	0.2148796650099094	-0.4817921176241649	-0.4624919593859692	-1.297822698723912	0.7124376932360528	-0.5894352557338692	-0.2037553869065507	-0.5267328318999032	0.08913465923914971	7.554244531353761	-1.121567169302838	3.445336500018783	-0.2289438695578504	0.5671324751447917	-0.5171312702534282	5.257533255944578	5.257533273093546	2.924135664559175	2.924135661126114	2.90841668599931	3.867922645308682	1.176260387581085	-0.09102846555512017	0.05464149796927233	0.1592968592610894	0.01008937450525433	0.01006279047690187	0.01016922228743225	0.02004263977664403	0.01124626016074501	0.1444881432185677	0.1789455898930361	0.063800251927061	0.01093636956119513	0.01016463731701388	0.01284876567512119	0.02751846464362353	0.01050044512543249	0.01018561439571064	0.01019559713995563	0.3366362152049313	0.1884593003540364	0.1412127395781438	0.1752892286339329	0.1407019701446695	0.1051520182502601	0.05851520367375374	0.286175442789976	0.08731242434051159	0.1670794090079698	0.09472002088196595	0.2428820362033476	0.1486661418560752	0.155486058950659	0.05106103621614991	0.02613321271745528	0.0100188717358088	0.1940949227990254	0.2392413194588506	0.01040097780446307	0.01018325707870569	0.0101031930252855	0.01015883151381946	0.0801242397513587	0.2076283370459893	0.01209418216480839	0.005330899072408456	0.009517945158307447	0.03128520741214419	0.01498976955878389	0.1283171894813715	0.1577640133963261	0.04732087421140505	0.008686020319396351	0.009925297522689612	0.01785191889410084	0.003865918450201425	0.01094856780339195	0.01036741091570154	0.01046566828231344	0.05135663739415481	0.001079100442963422	0.001056555167365313	0.09032955356107289	0.00136277362404817	0.001168321614093123	0.1024982385433224	0.1721700312899687	0.1411483064526701	0.1540829600505164	0.001054183633042379	0.1294662848972509	0.001190827418811628	0.04737287858143588	0.08216268927217668	0.03773497217948665	0.01003610237257025	0.02050508407390131	0.2270806375286713	0.009441958488055065	0.01042265941949746	0.01024789053454779	0.01037494593817476	0	0	0	0	0	0	0	0	0	0	0	0	-0.1700746128641172	-0.8823243981353818	0.298926954658311	-0.2863315622852503	-0.780875844891836	1.736642410639888	0	0	-1.148936875326495	-47.73996418898081	-37.50965448186557	4.06096490241089	13.50567781174102	2.73693923050493	11.43769757971495	94.920955591796	28.10703061084125	-79.09032666488844	-78.62835855355948	-29.55569007709096	-137.1109889199026	-137.1109875287808	-145.2216477948637	-145.2216465323772	4.175060193826742	11.41277552460894	11.71849916657819	85.45513927636965	0	0
144.08916	-0.08967635162249127	0.161203648011608	0.0934074419936133	1.128021838659692	0.8559824926201032	-0.3539845326198882	0.2498508688876336	-0.3373117398444112	-0.05657293630463844	0.4826726092623448	0.2758351903377687	0.03636624259741621	1.55375397705516	1.553753975847507	0.84741934328468	0.8474193428947396	-0.4011316223061443	0.2462099961976177	-0.4720585736244724	-0.460558955537199	-1.263744048081912	0.3084339118238249	-0.8925841159715184	-0.1696896237223541	-0.4125861788447237	0.1084928038866626	7.547457883460729	-0.3333749792044781	3.57837160304005	-0.8961379387396544	-0.07974155794136865	-0.7420289356519961	4.12045651844128	4.120456545585008	1.786435940675358	1.786435945517439	2.934916246488034	3.90781576804134	1.231703099125282	0.5581811749086006	0.08914783462783651	0.1875041078551361	0.0193109948051539	0.02103010379318137	0.02772113560070355	0.04004948912754484	0.01877463727719884	0.127962104899057	0.1731278754934471	0.05789563731392638	0.01014324375843911	0.01010027817000428	0.01416775330366627	0.01631145157572489	0.01055891427035478	0.01021103713588548	0.01024162764473363	0.2169590126014741	0.1022095175750337	0.07351347401704515	0.1361738152438619	0.07352769190987553	0.05293054841880503	0.07664982773074838	0.2391194042548337	0.1049823552501723	0.1660844375361797	0.04708797982422599	0.1943117276991763	0.07802164563752705	0.1004057516258075	0.08472173190238352	0.04446342983780513	0.01002418296864806	0.1148177439227534	0.2350229149896518	0.01003050644898476	0.01030440033589935	0.01017881616568657	0.01028600765422708	0.1578528590211636	0.2341628771757686	0.03859350977513051	0.04989687670403546	0.06868316064707329	0.07808134675857956	0.03277798685430667	0.09306667224512903	0.172927299853516	0.05664094464981437	0.01021991385926992	0.01015350873570975	0.01300604794778291	0.009862119486408956	0.01032045500904008	0.0101181029121029	0.01012204609010841	0.03038023786464533	0.001092860838055902	0.001052837122370947	0.08896489096328349	0.001926313909011175	0.001267996847476111	0.08591230852770239	0.1707739940458617	0.1069888519142199	0.174087833686211	0.001055126739728216	0.1287235209509172	0.001290385806503943	0.03147097347559973	0.1456371273939254	0.07874519387249246	0.01002186220179721	0.01975273497700423	0.2310880664768113	0.009991553271961219	0.01037814697934441	0.01022873065512453	0.01039243834016323	0	0	0	0	0	0	0	0	0	0	0	0	-0.09913266224834047	-0.6687026983875772	0.2789602777224935	-0.304904753217177	-0.8357993557329587	1.79651791738503	0	0	8.974080850974035	-52.01640839820266	-37.50289368146689	4.383720174961262	14.77042089141486	2.058779504397843	-12.69546406189055	99.76113723781424	4.632820532621187	-85.86959075820516	-81.01877945226246	-26.16373921038393	-145.1105209948383	-145.1105199262293	-137.3696950566165	-137.3696943653687	2.325704792520574	-1.94077532598552	1.788479491344244	75.23608253130163	0	0
144.0972	-0.09947034486809639	0.1619931197456315	0.0850372649381424	1.126801422794704	0.8531508626023515	-0.3530536804669428	0.3098869941990878	-0.3367831151870037	-0.02791398935066768	0.4726656061268463	0.2726111894716229	0.02960135746977331	1.582136134431802	1.582136133472153	0.8574398897746501	0.8574398894361643	-0.3774862540981738	0.2773984045022123	-0.4622172124417024	-0.4537880158839083	-1.164420770963081	-0.1116319284932451	-1.186593040628359	-0.1336642104875116	-0.2909849701168622	0.1220627825775763	7.358898471675146	0.4602088686431756	3.518526323653242	-1.594787633548268	-0.7153238221871056	-0.9346067353285156	2.933954014725687	2.933954048633496	0.7184369666587226	0.71843697335884	2.943309910698402	3.828539031977605	1.201159502269809	1.106143108752213	0.1431959923237009	0.2141158218042232	0.03804573649432882	0.05034116143987633	0.0672918653369675	0.07370603033157255	0.03197683832869989	0.1018064498821936	0.1768517641616456	0.06005899045818566	0.01069644865657951	0.01020539367314828	0.01193000954770789	0.01476513244937507	0.01021979478649733	0.01007730563688699	0.01006193072811199	0.1285448407491559	0.05115782249078663	0.03577784042999294	0.1135605014395019	0.03642502459948434	0.02548609906408331	0.07627394153343296	0.2098556004741292	0.09621300777794553	0.174720297805691	0.02246509266760386	0.1650726353380669	0.03828812594198685	0.06146327248747437	0.1315627984028169	0.07431178809674699	0.0100181658278316	0.06760594346975279	0.2343179065321012	0.01019280378320011	0.01032958911607856	0.01019952811312266	0.0103496386147385	0.2355814782909685	0.260697417305548	0.06509283738545263	0.09446285433566247	0.1278483761358391	0.1248774861050149	0.05056620414982944	0.05781615500888659	0.1880905863107059	0.06596101508822369	0.01175380739914349	0.01038171994872989	0.008160177001464989	0.01585832052261649	0.009692342214688216	0.00986879490850426	0.009778423897903373	0.009403838335135858	0.001106621233148382	0.00104911907737658	0.0876002283654941	0.002489854193974181	0.001367672080859098	0.06932637851208244	0.1693779568017545	0.07282939737576977	0.1940927073219057	0.001056069846414054	0.1279807570045836	0.001389944194196257	0.01556906836976357	0.2091115655156741	0.1197554155654982	0.01000762203102418	0.01900038588010714	0.2350954954249513	0.01054114805586737	0.01033363453919136	0.01020957077570127	0.01040993074215169	0	0	0	0	0	0	0	0	0	0	0	0	-0.02819071163256377	-0.4550809986397726	0.258993600786676	-0.3234779441491037	-0.8907228665740815	1.856393424130172	0	0	15.06422625890837	-51.71049272498014	-35.30467943836695	4.558066377659836	15.38086070747194	1.314429714596129	-33.58267875619787	96.29442114911669	-19.34360462702437	-87.10558750996461	-75.8658313616704	-21.56231029201252	-149.4693988136117	-149.4693982216401	-128.3017494181098	-128.3017496533743	-0.4494914194474385	-18.33232962526005	-9.568791877295633	60.33200565315588	0	0
144.10524	-0.1083104894180239	0.1594633810082713	0.07439423732842265	1.125875183366402	0.8513107760467238	-0.3520376835663256	0.3677734923208401	-0.330070347369708	-0.0004925461678660906	0.4570497703673347	0.2645193117236069	0.02144785634117031	1.600872924939121	1.600872924265392	0.8591615856192271	0.8591615853186281	-0.3538779422920654	0.3073831815964519	-0.4529977842719334	-0.443138330437525	-1.031388671510442	-0.5114474494202054	-1.455655806955796	-0.09662681099884882	-0.1666036987491678	0.1297160510758696	7.017951013734023	1.194952521788056	3.273698378401379	-2.285966913823304	-1.281695653137925	-1.086150971839686	1.725220157372104	1.7252201938645	-0.2792109724566544	-0.2792109705936024	2.923729891453795	3.60379887881636	1.076161300439905	1.517799637254734	0.1755185624895377	0.2286898894613351	0.05022122761517286	0.0670190840125347	0.0905862026465797	0.09414359335790128	0.0385496977298969	0.07991475163342815	0.1850311400359481	0.06424979693194445	0.01107105620540736	0.01026997322880605	0.01014639845944927	0.01367708958515208	0.01001910879202241	0.01001580245251417	0.01009945470747499	0.06925055977375066	0.02433648924637107	0.01786787168777216	0.09529266312352951	0.01811163294714717	0.01329024604779606	0.07279111780034729	0.1883429429394195	0.09285094422682372	0.1786144958172377	0.01198293992162833	0.1455334250722578	0.01901617683588651	0.0374461284067787	0.1489113898007689	0.08782363794312144	0.01001234829710468	0.03993631531672431	0.2343820253244068	0.01031818448934889	0.01047920786855244	0.01031008720907744	0.01051587824432293	0.1937399887875508	0.236990733211193	0.05717670160105041	0.07158563501706706	0.1000843456553751	0.1048525793826942	0.03866867317526092	0.05755667482457862	0.2012876847569719	0.06996216516327554	0.01103834953126098	0.01026914754579829	0.009250080424874966	0.01031434123543356	0.01000475298364231	0.01005005108687929	0.01041688997743067	0.005513959093059318	0.001100978843530546	0.004521375877759074	0.06650548480121009	0.003158149080376819	0.005119194852408098	0.06951967635508161	0.1530713798675379	0.1032396486024794	0.1741462060151247	0.005646196723080738	0.1176785298636182	0.004073030358056995	0.01605896830761398	0.1325271428789571	0.08472244209936046	0.01000802799561178	0.01121545423552072	0.2339272005823544	0.01031162303525986	0.01081072659051462	0.01054916729158407	0.01083831959087634	0	0	0	0	0	0	0	0	0	0	0	0	-0.003621310540806695	-0.3766692141757493	0.1789676507099568	-0.2809839068490842	-0.893250454004812	1.78777289468579	0	0	17.49597142525831	-47.09546843952461	-31.3794348697364	4.646320403031233	15.49177158456235	0.6016626506443209	-50.58824800414023	85.37257244364223	-40.9757981411203	-84.31793129600314	-64.04350938982664	-15.98359788649386	-150.7674554270469	-150.7674553730759	-120.155536463938	-120.1555373346606	-4.685561709928002	-38.15360171384204	-21.54280750714363	41.52687691648446	0	0
144.11328	-0.1160332152981498	0.1539068690298223	0.0617295561802502	1.125249174462877	0.8504704269726253	-0.3509822325927521	0.4224086683570101	-0.3178684762425593	0.02430329999521762	0.435994332773418	0.2523133974126592	0.01226609009233578	1.60987557751165	1.609875577127695	0.8531044108457588	0.8531044105306783	-0.3305809649156058	0.3348833716178169	-0.4451685837024796	-0.4298174433790306	-0.8898101111062211	-0.8602207048495084	-1.687805918327782	-0.05900909231067408	-0.0427116283698511	0.1320152003693546	6.55475112143346	1.818348871953223	2.871099167948075	-2.945221229733403	-1.732319200838025	-1.189162248013198	0.5154343503624508	0.5154343853105994	-1.219499404823492	-1.219499410199976	2.863780470361785	3.205957469288523	0.8559132330800938	1.767365489227612	0.1727430332228263	0.2265143276204395	0.05130856707772043	0.06235833402354516	0.0870683285361048	0.09351154412700445	0.03483303786519289	0.0686273927359715	0.1953881457516117	0.06831361368729236	0.01081468508812242	0.01023193805675575	0.01002213711078759	0.01001163723995244	0.0101156253776304	0.01009494204637187	0.01048504381725559	0.03483106164306361	0.01166546746751162	0.01171235955719126	0.07508246246996991	0.01015995232971872	0.01005765962370782	0.07121305993957631	0.1686941019422117	0.1064066838167008	0.1715978661858174	0.01003321362245399	0.1299449941751337	0.0117327714953984	0.02619419453258062	0.1207337874553019	0.0760366286596707	0.01001013673945337	0.02215852588788995	0.2339170200585532	0.0102379863861419	0.01081831217670487	0.01055322812033964	0.01083376915102757	0.1518984992841331	0.213284049116838	0.04926056581664818	0.04870841569847166	0.07232031517491112	0.08482767266037337	0.02677114220069238	0.05729719464027067	0.2144847832032379	0.07396331523832737	0.01032289166337847	0.0101565751428667	0.01033998384828494	0.004770361948250626	0.0103171637525964	0.01023130726525431	0.01105535605695796	0.001624079850982778	0.001095336453912711	0.007993632678141568	0.04541074123692607	0.003826443966779457	0.008870717623957098	0.06971297419808078	0.1367648029333213	0.1336498998291891	0.1541997047083438	0.01023632359974742	0.1073763027226529	0.006756116521917733	0.01654886824546438	0.05594272024224019	0.04968946863322267	0.01000843396019938	0.003430522590934312	0.2327589057397575	0.01008209801465235	0.01128781864183789	0.01088876380746686	0.01126670843960099	0	0	0	0	0	0	0	0	0	0	0	0	0.02094809055095038	-0.2982574297117259	0.09894170063323764	-0.2384898695490647	-0.8957780414355423	1.719152365241408	0	0	17.43054600795248	-39.25157562814142	-26.19470392410556	4.71268679254825	15.29075350726311	-0.008778888877273808	-64.14388297508332	69.00913748680495	-58.36823161418689	-79.51300589615921	-47.45889484838952	-9.48470183202723	-149.8976551789242	-149.8976556046028	-114.151287383319	-114.1512881890112	-10.4688473842907	-61.34373375210524	-33.08236009687224	20.29917790563413	0	0
144.12132	-0.1226345367462978	0.1458216161292468	0.04737617723656369	1.12492797630318	0.8506177405873554	-0.3499265999936985	0.4729100953411459	-0.3012202641135973	0.04535364000880138	0.4097994860697436	0.2370514334846016	0.002476012998214612	1.609194841255029	1.609194841133668	0.8396555631397129	0.8396555627616783	-0.3079672185027642	0.3584028908829772	-0.4394694922413185	-0.4151871549936391	-0.7537737348982265	-1.138369417313003	-1.874593973537519	-0.02076091347429619	0.07889170667744758	0.1299466659095556	5.992800626131901	2.297404244029601	2.348790246344024	-3.564277292823284	-2.038991846453515	-1.236303234224698	-0.6820229930601396	-0.6820229632474846	-2.121060737124207	-2.121060746434812	2.752172417739054	2.609797961847639	0.5483788121168872	1.84284436529685	0.1471807286935677	0.2082672188561579	0.04360261866537563	0.04859109916772174	0.0699092207833283	0.07781292933362315	0.02688449512208715	0.08900951241082683	0.208503297642184	0.07299394709537486	0.01047446896569503	0.01016941525491705	0.01016474243846817	0.01069206608078086	0.0101658384837979	0.01012856157444355	0.0106089227575997	0.08833074317935699	0.01187690197882338	0.01002810582474076	0.0876490708288218	0.02887401264263492	0.01312666428022291	0.07238366022123081	0.176148138425893	0.1177978426839505	0.1776424416520167	0.01009768752972801	0.1385368891427118	0.01018093512190086	0.04721391223643341	0.09897146637467361	0.06031491667106925	0.01000998286973961	0.04921298247281086	0.2454322571721909	0.01013193754745067	0.01085800588830304	0.01057613832765209	0.01084885886047366	0.08656717712010738	0.1586847758195219	0.02638665239179928	0.02556056843970617	0.03714885487820643	0.04316612774479472	0.01482431121531956	0.1523763055192167	0.2348786786093474	0.08038100807228138	0.01011810783784031	0.01009165690489429	0.01022174537711335	0.01651760497978141	0.01011207509994257	0.01009138775420581	0.01041613595082344	0.2544917101890529	0.0210036164009368	0.009313728440639921	0.1455595654540157	0.07728741103791975	0.02100040082812192	0.0766822698383335	0.2263924645209774	0.1266625379345077	0.2113782527781531	0.0100745031439372	0.1827126883511019	0.01079324162358969	0.1058507372510711	0.09184607822538354	0.0418256857457928	0.01001104171872787	0.1299064508629759	0.2859644271581384	0.01002316935905154	0.01055991852923359	0.0103508882113178	0.01052577756396104	0	0	0	0	0	0	0	0	0	0	0	0	0.01486845441830121	-0.3592023551497349	0.1233863684216392	-0.1706387550066858	-0.8991388055679032	1.657243696953381	0	0	16.35877623919123	-29.82974536861805	-20.16254800779	4.810181958247502	14.94519325648129	-0.4811769740604663	-75.34954154622052	49.95997054868877	-70.69119682744028	-74.58151381862849	-28.70343569446371	-2.122348264202773	-147.8603514997307	-147.8603523454436	-110.4618272141389	-110.4618272998973	-17.43858962392168	-87.34857557611673	-43.05488119992108	-1.429137841103906	0	0
144.12936	-0.1281771246028765	0.1358067758439439	0.0317217941468203	1.12491803324774	0.8517308648691142	-0.3489012459472937	0.5185479744653937	-0.2813410151050213	0.0618622084201877	0.3787782704371849	0.2199302626273574	-0.007449292955353142	1.598957958608294	1.598957958694827	0.8190582052444112	0.8190582047994774	-0.2864829664177421	0.3762668047697424	-0.4365380576011966	-0.4006400352436129	-0.6261585482881182	-1.340540720877937	-2.010857160085957	0.01849460672561486	0.1974674749903682	0.1246882585182582	5.346728561600999	2.622458247309376	1.748207439697111	-4.147070984989524	-2.195737193233216	-1.22234352822934	-1.861254510201289	-1.861254488862916	-2.999704857840445	-2.999704863807514	2.582274617944872	1.79682531422558	0.1713064601128758	1.748987345812282	0.1012272962196142	0.173253285751976	0.02735613757558982	0.02931034120669666	0.04255676099854731	0.04785217088815474	0.01655002967097323	0.1453135160636792	0.2246186029406324	0.07854373675175663	0.01021251795251266	0.01010549968006843	0.01015621589238451	0.01772822129922749	0.01006814370794002	0.01006163956685769	0.01029083826880661	0.2316066447886231	0.02332736709483824	0.01007961810668212	0.1428635531905822	0.07640776837496654	0.02135418094843906	0.07657061647181528	0.2200097808751745	0.1200323250690605	0.2065040061174404	0.0100310461179526	0.1780081470411322	0.01185673442458228	0.1029614077427533	0.1054320104457325	0.04844008645813592	0.01001142914960393	0.1258555958325304	0.2742758679057915	0.01005317082397419	0.01045339562364033	0.01027433913253928	0.01042635957635421	0.02123585495608162	0.1040855025222057	0.003512738966950372	0.002412721180940687	0.001977394581501724	0.00150458282921608	0.002877480229946747	0.2474554163981627	0.2552725740154568	0.08679870090623538	0.009913324012302148	0.01002673866692189	0.01010350690594175	0.02826484801131219	0.009906986447288733	0.009951468243157301	0.009776915844688927	0.5073593405271231	0.04091189634796089	0.01063382420313827	0.2457083896711053	0.1507483781090601	0.03313008403228675	0.08365156547858624	0.3160201261086335	0.1196751760398263	0.2685568008479625	0.009912682688126968	0.258049073979551	0.01483036672526165	0.1951526062566777	0.1277494362085269	0.03396190285836295	0.01001364947725636	0.2563823791350175	0.3391699485765193	0.009964240703450724	0.009832018416629295	0.009813012615168737	0.009784846688321087	0	0	0	0	0	0	0	0	0	0	0	0	0.008788818285652044	-0.4201472805877438	0.1478310362100407	-0.1027876404643068	-0.9024995697002641	1.595335028665353	0	0	15.48764996381676	-20.64488138400537	-13.69599353654695	4.964495926456843	14.54381615586306	-0.8006921112544622	-85.18861760721488	31.18034920899071	-77.87023311046195	-70.56913983080484	-10.63755448936073	5.570385045860625	-145.4715116993584	-145.4715129650978	-108.2265967364812	-108.2265958132116	-24.80208954185993	-115.0301024497887	-50.13775416553116	-21.42625814708443	0	0
144.1374	-0.1327144954421419	0.1244474810941079	0.01518235668708893	1.125229249200774	0.8537837524102742	-0.3479268015755806	0.5586845643835548	-0.2594304519191265	0.07336287685108202	0.3431911219029349	0.2021032796923618	-0.01701882404219134	1.579317002661719	1.579317002874668	0.7914663261132006	0.7914663256599193	-0.2665976933765457	0.3866962321851543	-0.4368234516831862	-0.3874546161183809	-0.5027451371919073	-1.47525933297375	-2.094679317972088	0.05918915023992678	0.3125666668809848	0.1174926893989548	4.625710872103148	2.806591302524292	1.109434958827673	-4.701080224584346	-2.219059569203842	-1.148887062742985	-3.02146718998354	-3.021467180341613	-3.860615248913782	-3.860615243931662	2.355489722745106	0.7607811871060417	-0.2458134715131067	1.50993149618436	0.05822132985941871	0.1286232231770348	0.01470175069251233	0.01514458772684713	0.02047149293103168	0.0228629391259994	0.01024041682603777	0.1857775286910817	0.2366145388151811	0.08384049328922177	0.01017560469506108	0.01009056518467317	0.0101540722595379	0.02034857919084235	0.0100382474849828	0.0100212794978921	0.01004183557124924	0.3536740260399719	0.06097857679632567	0.01803492978157448	0.1930561534998617	0.1224044522530832	0.04404418322598361	0.07361831919105495	0.2519832473402021	0.1209091893026705	0.2304728911943328	0.01492034450613901	0.2016179665956283	0.0132606056758154	0.1420265700122167	0.1060899836340912	0.03846960022852752	0.01001113256008784	0.1871711123845248	0.2911037330240092	0.01004155196730274	0.01012402584450769	0.01004584964935679	0.01009647512643024	0.01119796248632285	0.05267610693857645	0.005156650572589822	0.004518247774142717	0.001617052561486891	0.001326539320601245	0.007223230068235385	0.2215705606667399	0.2507180398207125	0.09092439975717154	0.01033954701035844	0.01012205459262955	0.01019269819933414	0.01759105103288681	0.01010416127081794	0.0100217991603899	0.00990832935943485	0.5493807986910834	0.1386054195303524	0.03560190551445108	0.2592196807760806	0.1853684328477436	0.08837863580639453	0.05990607809746761	0.2768268798040748	0.1237233025526024	0.2564573591495453	0.02603770849301215	0.2073158156049062	0.01396613464421403	0.1742073321194902	0.08880124944571481	0.02624002126905645	0.01000864018145961	0.259556572656795	0.2948089572659131	0.01008883557508653	0.009898983004603736	0.0099148165452794	0.009886867143840797	0	0	0	0	0	0	0	0	0	0	0	0	0.02600840990019508	-0.559145784233171	0.1084876252854098	-0.06329930809915424	-0.8685469205498815	1.463906926951482	0	0	15.32983917743816	-13.27858591454592	-7.168541964251398	5.16287344365155	14.06843358767839	-0.9637274431860788	-93.97656624765249	15.28627370603937	-80.28577606984301	-67.28223468615727	4.087072419897156	12.44792520434735	-143.1676279507952	-143.1676295596922	-105.702104883939	-105.7021031518539	-31.36036724078955	-142.4265013134903	-52.7309405081085	-37.07530688082305	0	0
144.14544	-0.1362584284489188	0.112214122547004	-0.00182134590047215	1.125874206243436	0.8567450634558667	-0.3470138783738443	0.5927543637823002	-0.2365061320242442	0.07969563522243697	0.3032578040582126	0.1845115535410075	-0.02579608448555314	1.550420616992459	1.55042061722967	0.7570553023985195	0.7570553020458322	-0.2487275516759946	0.3879363546439653	-0.4404841867062841	-0.3766266320929766	-0.3784382549886114	-1.561843761227609	-2.126559204645832	0.1015153936289867	0.4231973309531422	0.1095769388718025	3.83959128828108	2.880962047569905	0.4680991099557042	-5.227422235302694	-2.144365670991992	-1.028341415263904	-4.163797784708025	-4.163797788328669	-4.692630214331857	-4.692630193944841	2.083987009273071	-0.4847151967210254	-0.6600756465141295	1.172293306452411	0.03045205456249426	0.0778032786377508	0.01002889474744155	0.01002815987169302	0.01005359720164401	0.01105356644370846	0.01003538280963363	0.1946517917394093	0.2414034367305269	0.08849733338519061	0.01040694949738319	0.01013950013886975	0.01020483386301073	0.01535650215152723	0.01013990038529919	0.01004505127005027	0.01001318237120045	0.4346564782415538	0.126913422449534	0.03542528909278274	0.2244227305281251	0.1603008490919359	0.08311070321019202	0.05966210262775531	0.2529683343165393	0.123329355788784	0.2384104033284156	0.02614426920707842	0.1914532008336946	0.01335470341817799	0.150873773481529	0.08670375642501124	0.02958435997004635	0.0100081053186039	0.2186277024634931	0.2826148539358668	0.01010884862288568	0.01002410275402725	0.01000864584416591	0.01001663835087204	0.001160070016564073	0.001266711354947169	0.006800562178229272	0.006623774367344747	0.001256710541472058	0.00114849581198641	0.01156897990652402	0.1956857049353171	0.2461635056259681	0.0950500986081077	0.01076577000841474	0.0102173705183372	0.01028188949272654	0.006917254054461429	0.01030133609434716	0.01009213007762249	0.01003974287418077	0.5914022568550438	0.2362989427127438	0.06056998682576389	0.2727309718810559	0.2199884875864272	0.1436271875805023	0.03616059071634899	0.2376336334995161	0.1277714290653785	0.2443579174511282	0.04216273429789733	0.1565825572302614	0.01310190256316641	0.1532620579823026	0.04985306268290274	0.01851813967974994	0.01000363088566286	0.2627307661785724	0.2504479659553069	0.01021343044672233	0.009965947592578179	0.01001662047539006	0.009988887599360504	0	0	0	0	0	0	0	0	0	0	0	0	0.04322800151473811	-0.6981442878785981	0.06914421436077883	-0.0238109757340017	-0.8345942713994988	1.33247882523761	0	0	15.6083980656756	-8.790530258423972	-0.7981621371050205	5.361503211898956	13.40872215933145	-0.9833326554975491	-101.2524330539314	4.094311907992405	-78.64208972339613	-63.40042232720342	13.4938880268836	17.02703604278195	-141.0064374202423	-141.0064390371017	-100.6580135843827	-100.6580115974401	-35.69171089904651	-166.5591729437247	-49.17175419589268	-45.46581026058782	0	0
144.15348	-0.1387952681750446	0.09939518686119608	-0.01887803009671153	1.12686543454582	0.8605713369271796	-0.3461638797983476	0.620292370774829	-0.2132875619527446	0.08096235274545853	0.2592393223091987	0.1677582055371644	-0.03349301749014223	1.512409775726867	1.512409775886383	0.7161626419242938	0.7161626417966245	-0.2331459190698335	0.3784472560772219	-0.4472836704217097	-0.3686843129966134	-0.2526878575472419	-1.625198810255772	-2.108204286788064	0.1452506066047555	0.5272852219609853	0.1019987696202148	3.004205307147735	2.887093865520451	-0.1464113162503633	-5.714035735172462	-2.018876778920907	-0.8851826232962706	-5.288628379142955	-5.288628394241248	-5.466765936148636	-5.46676590120153	1.790816989054075	-1.898873854294762	-1.016745928860484	0.8053028946663684	0.05864053404911148	0.09199433878627543	0.02083388751757344	0.02807724182319769	0.0291453971794362	0.03048088739839888	0.01330935792600042	0.1724899432112063	0.2380409302370873	0.08958808078471092	0.01052182429877797	0.01016729431769206	0.01018948681263546	0.01108482294681693	0.01017643471412958	0.01006218386390834	0.01017678406768736	0.4361585325337649	0.1493336787075178	0.04029648116962867	0.2259019453922315	0.1610226758877176	0.09439721993807505	0.05411534019538729	0.2412433170214388	0.1245532869756229	0.242060930083671	0.0287954083475908	0.1724164384481498	0.01251430162304048	0.132932306807582	0.09296745316147728	0.03585250828749156	0.01000757110303475	0.2080407307755927	0.2734260733925529	0.01014291813830477	0.010237048904605	0.01009220380440826	0.01019628966929311	0.1522168406950761	0.1922329007950739	0.04808680574624315	0.07247931873261521	0.08047401390519558	0.08363698710228532	0.01940441404831632	0.100667786684182	0.2223256529196358	0.08698414089864094	0.01048315870894291	0.01016529860543427	0.01009166918011604	0.008391895994322936	0.0101251287439314	0.0100617049372383	0.01052075619942229	0.2987818739106783	0.1186764107388799	0.03080088369203379	0.1883299339280044	0.1105872774663823	0.07235283666217406	0.05962316163765879	0.2138411177389339	0.1242991139672561	0.2494603758202553	0.02159960263142528	0.1418708565906581	0.01082937671323849	0.0772879660479916	0.1403369977356281	0.05985379306566451	0.01001006304122431	0.1334275622458394	0.2682519194991828	0.01013294341887585	0.01076124426675838	0.01027247766540378	0.01062093982230949	0	0	0	0	0	0	0	0	0	0	0	0	0.07198626602439148	-0.53983497668557	0.04370090264653653	0.01718391308732834	-0.798840730384656	1.204254425888214	0	0	15.54069214439336	-7.476556963376453	5.314258757855825	5.503724272979872	12.41646720160803	-0.8843497692879654	-106.0506791433538	-1.665483692992199	-73.73984576583157	-57.09530764335561	16.67783796089676	17.85812847237051	-138.7546101094422	-138.7546112751679	-91.00308780523959	-91.00308629504944	-36.5966232359612	-183.7496559404757	-38.27896947405199	-44.03079227665702	0	0
144.16152	-0.1403338848888752	0.08607879051129606	-0.03559313128640005	1.1282118386315	0.8651977623752135	-0.3453705607014372	0.6409941032161127	-0.1901495073458072	0.07747635814947756	0.2115516293084308	0.1520513219422078	-0.04006112347852113	1.465432531145195	1.465432531153338	0.6694195640430216	0.6694195642344167	-0.2199086114196146	0.3571370307509021	-0.4565169097259135	-0.3635285219624236	-0.1316854593833937	-1.68907754858918	-2.042075779083978	0.1897207255078084	0.6216297479186681	0.09559854121758087	2.143737052732479	2.867638149020897	-0.7106851092565477	-6.134853553236543	-1.891856222038814	-0.7538519616163635	-6.393514419985627	-6.393514441527109	-6.140013902598754	-6.14001385969029	1.506086036330468	-3.411231571359468	-1.255435415738047	0.4938615082868947	0.1470124667021757	0.1896630713756629	0.04830081706055456	0.07137702279068585	0.07982903896300929	0.08293581268336576	0.01917500477821152	0.1147511415454357	0.2258467784692193	0.0859980641007216	0.01040648533426826	0.01014882238252236	0.01007283165876586	0.01010814264334486	0.01008972445925519	0.01005176222789595	0.01052416569505493	0.324232201437466	0.1028645463252489	0.0258092653891715	0.1893608504374212	0.1085072574973291	0.06255460653292313	0.06397646689273906	0.2241877771725675	0.1234930373620283	0.2463162439676561	0.01828136201434264	0.1549679853998962	0.01084502328399403	0.08546478160639273	0.1403182216591394	0.06101626583471245	0.01001107336213876	0.1425224062668794	0.2753386236651582	0.01011062210198691	0.0107870007239086	0.01027554783209999	0.01063779766260988	0.303273611373588	0.3831990902352007	0.08937304931425703	0.1383348630978857	0.1596913172689191	0.1661254783925842	0.02723984819010861	0.005649868433046954	0.1984878002133035	0.07891818318917419	0.01020054740947107	0.01011322669253134	0.00990144886750555	0.009866537934184445	0.009948921393515654	0.0100312797968541	0.0110017695246638	0.00616149096631282	0.001053878765015971	0.001031780558303687	0.1039288959749529	0.001186067346337501	0.001078485743845792	0.08308573255896859	0.1900486019783517	0.1208267988691337	0.2545628341893825	0.001036470964953236	0.1271591559510548	0.008556850863310574	0.001313874113680571	0.2308209327883534	0.1011894464515791	0.01001649519678576	0.004124358313106419	0.2860558730430587	0.01005245639102937	0.01155654094093858	0.01052833485541749	0.01125299204525847	0	0	0	0	0	0	0	0	0	0	0	0	0.1007445305340448	-0.3815256654925419	0.01825759093229422	0.05817880190865839	-0.763087189369813	1.076030026538819	0	0	14.31457311124134	-8.751694791219514	11.06108895774546	5.53666390439844	10.97005412309178	-0.6950905121833741	-107.3391583934009	-2.43936077856482	-66.23419448225236	-46.84585951667432	14.05939240123321	13.99370638799344	-135.9541144635234	-135.9541148781848	-75.44115608180054	-75.44115569419949	-33.58900864604708	-190.4655499646986	-19.9075409978209	-31.64233466363119	0	0
144.16956	-0.1409560205106326	0.07218995272216903	-0.05159621088519271	1.129915353292072	0.8705305805304198	-0.3446218463331902	0.6547801047746437	-0.1671501293928483	0.0697206337898747	0.1608605449393787	0.137231008746739	-0.04575032594550418	1.409673230967594	1.409673230797239	0.6178324527951338	0.6178324533292572	-0.2088235549629061	0.3235845963591523	-0.4670026827464648	-0.3603653931829916	-0.02688850852268921	-1.76924569055671	-1.931825758409956	0.2338888236029466	0.7023292229778152	0.0909839453890209	1.289540151490516	2.857288621898136	-1.205604932989656	-6.455020211735228	-1.803827947220405	-0.6728786785416385	-7.471661373658605	-7.471661395576992	-6.663689075251339	-6.663689034762132	1.26012781312055	-4.926925205011763	-1.319835505588288	0.3226209753415658	0.1924485312775767	0.2422965025699577	0.06149997183661961	0.09867766009201942	0.1029110148937385	0.1046952343733949	0.02069367802405342	0.061310172537435	0.219548902250516	0.07974199819321265	0.01035345376715693	0.01016302978821752	0.01001911789336649	0.01000915806750047	0.0100366675132881	0.01004569836160676	0.01065761163171644	0.2360956360053116	0.05160259555701533	0.01340955226003893	0.1636846599939139	0.06020845764962812	0.03039712598224319	0.06570096454672032	0.2060278746268405	0.1237777795490957	0.2509380472405522	0.01032445593399205	0.1310486951149236	0.01011035732000278	0.04228357415511316	0.1773821024215129	0.07563263935068872	0.0100192088987774	0.09010613768248414	0.2770168746514231	0.01009619517067867	0.01205935201938931	0.0113943139320697	0.01190981680300287	0.1944375494778038	0.2431734891218414	0.05960208623666324	0.1140619192582796	0.09599353764799512	0.09137454674996776	0.01748033772584809	0.008140841329784314	0.2218963176703005	0.06906924291266356	0.01040450189234498	0.01022413248837506	0.01004020158508489	0.009986851170068471	0.0100340241329269	0.01004901426193311	0.01056274935792824	0.1843317006446171	0.001161812146381397	0.005290470632706168	0.1549257979830123	0.01990173244009375	0.002149113669155957	0.05392714022241119	0.1749784793973024	0.1268609854974492	0.2598416820944081	0.006464578320180893	0.08347387768489885	0.01034893306373253	0.001556164652720876	0.2119105667930852	0.0791344386018174	0.01003293169182196	0.05530623792174472	0.2736867679304245	0.01011185233454964	0.01428133547167721	0.01369368420009839	0.01425740711346369	0	0	0	0	0	0	0	0	0	0	0	0	0.135344490679243	-0.2981808671134259	0.03364718592819876	0.06068836342513025	-0.6959355786969134	0.9198891960408916	0	0	11.4672091459679	-11.24868967893454	16.25516550623321	5.424192756586605	9.020719289903123	-0.4456461074978313	-104.4056642528623	0.2741877998382675	-56.54175475618057	-32.0389032529042	7.359476787516067	5.427586409899824	-131.9884840432271	-131.9884837581695	-53.88273838924982	-53.88273938039963	-27.08712720901471	-184.3221508122835	4.77739021382904	-9.591694199552419	0	0
144.1776	-0.1408461112975378	0.05757735786027745	-0.06655244816543636	1.131968611069075	0.8764439258013074	-0.3439018236076257	0.6618417268358775	-0.1441264787714901	0.05832000680448193	0.1081214615339352	0.1228787190870044	-0.05110772215405884	1.345392320550416	1.345392320218555	0.5627893340456206	0.5627893348594971	-0.1994762788444701	0.2781899642423206	-0.4771578908210835	-0.3577901853481112	0.04813946642111882	-1.868275648645486	-1.782636942951388	0.2765017662903803	0.7653988294922757	0.08848961134653137	0.4770986070024466	2.875290852444957	-1.614884414198403	-6.638607630606034	-1.777335223005792	-0.6759945845136411	-8.510741406953315	-8.510741424604737	-6.993018967083024	-6.993018939574664	1.077067118097373	-6.339064886497201	-1.167833186708149	0.3555179898335102	0.1652613143680896	0.2085226083188292	0.05139428906577688	0.09901933807711137	0.08109544791951347	0.07654323185641833	0.01576398699891716	0.03413044435272882	0.2261014164424614	0.07155551423001695	0.01044924391809368	0.01023324850270236	0.01007691163691344	0.01003721926896319	0.0100636528681952	0.01005342263747257	0.01045958156194991	0.2544528736783105	0.02477368804709925	0.01037192521796	0.1725529686244247	0.0447193219127414	0.01541588768666634	0.05088860810592613	0.1889015129414423	0.1268503765754825	0.2558173382936961	0.01001313180244735	0.09654119116415462	0.01083749006382501	0.02048324131753816	0.1875660964108594	0.07079079134999516	0.01003215396904274	0.08699677010032916	0.2728787038131328	0.01012453503697563	0.01416543041788839	0.01369072975640354	0.01417676367573071	0.08560148758201952	0.1031478880084822	0.02983112315906945	0.08978897541867359	0.03229575802707113	0.0166236151073513	0.007720827261587563	0.01063181422652168	0.2453048351272976	0.0592203026361529	0.01060845637521889	0.01033503828421878	0.01017895430266423	0.0101071644059525	0.01011912687233815	0.01006674872701212	0.01012372919119268	0.3625019103229215	0.001269745527746824	0.00954916070710865	0.2059226999910716	0.03861739753385	0.003219741594466121	0.02476854788585378	0.159908356816253	0.1328951721257647	0.2651205299994336	0.01189268567540855	0.0397885994187429	0.01214101526415449	0.00179845519176118	0.193000200797817	0.05707943075205574	0.01004936818685816	0.106488117530383	0.2613176628177903	0.0101712482780699	0.01700613000241584	0.0168590335447793	0.01726182218166891	0	0	0	0	0	0	0	0	0	0	0	0	0.169944450824441	-0.21483606873431	0.0490367809241033	0.06319792494160212	-0.6287839680240137	0.7637483655429643	0	0	6.927516054994649	-13.1177060637767	20.7273303457979	5.147929085593411	6.594323771237269	-0.1752541636381948	-96.93239478850282	4.187513014300128	-44.99125279258876	-12.99225874627727	-0.7553081831128931	-6.611743698923093	-126.0980956286454	-126.0980948879517	-27.33779190995671	-27.33779408424738	-18.15358612404945	-164.7900260429322	33.45744538623566	18.32890603778024	0	0
144.18564	-0.1402960769921408	0.04213038016910019	-0.08017317918979744	1.134353716111729	0.882781426005396	-0.3431932721533893	0.6626615305645894	-0.1208396496191864	0.04401872568947561	0.05455972246527171	0.1084860333892623	-0.05689848642203985	1.272975279984197	1.272975279538265	0.505996655651361	0.505996656607374	-0.1912966770062887	0.222207709932719	-0.4851456394985245	-0.3540281014018994	0.0806989094323706	-1.973452846202598	-1.600689290409343	0.3162083505622383	0.8073169859743804	0.0880954131174487	-0.2571896452335475	2.920908353834422	-1.925266612375386	-6.655411347185984	-1.811804547816658	-0.7821379352524384	-9.491829294521676	-9.491829304751899	-7.094538182655621	-7.094538175669449	0.9711042563141445	-7.544646648104647	-0.7795118029540122	0.6183594044431978	0.1340601402206655	0.1702121745729334	0.03688741104923656	0.08667264698358478	0.05548495589892601	0.04936831966675455	0.01178649460858773	0.02750859880492944	0.2328340066305072	0.07111203876454716	0.01049232630665218	0.01024738947339176	0.01009505069249671	0.01005258099040075	0.01008667371298706	0.01006060701712397	0.0102556153997895	0.2812584428071273	0.0133126530837169	0.01002980223704051	0.1793917013513154	0.04503091227063717	0.01011531934125688	0.03938091092772662	0.1764629467938844	0.1286526941270466	0.2577913330108835	0.01071232600801211	0.07629789907526215	0.01117451217233074	0.01233444791449068	0.1881022551993247	0.06452162450711867	0.01003212925128506	0.09420499380734908	0.2672732747604665	0.01013699273549616	0.01453456057958485	0.01418906573049582	0.01469143411439858	0.1071215913738769	0.1364612533521706	0.01943942308763543	0.06097024396721116	0.03005356278468538	0.02959972144180262	0.009419603870195963	0.03115393682724349	0.2390021565125625	0.08024771615356115	0.01045753787706309	0.01019515214665601	0.01005153705062442	0.01002930125248781	0.01009244714958391	0.01006569281912678	0.01007593952041788	0.280740888166613	0.006337576139187851	0.009942134905067691	0.1719722685982327	0.05085700026839563	0.008183432262470676	0.03283927985425527	0.16176104117639	0.1287309978571217	0.2566228224653719	0.0107269758525982	0.06910583101695018	0.0108547656094119	0.009114195876840564	0.1851349496547241	0.05984289349063691	0.01001789148511245	0.0971446778326477	0.2573333847010072	0.01012636699422503	0.01302126524722143	0.0126960679724607	0.01330546385932838	0	0	0	0	0	0	0	0	0	0	0	0	0.1721988427532576	-0.2352880555180137	0.01626079905892394	0.07113851513358868	-0.5597520225537803	0.6448514181078643	0	0	0.9778707516729818	-12.49507814825234	24.39462979980993	4.700398965056305	3.778120062054134	0.06920859744737048	-85.01803309891746	6.729591718558212	-32.03080759884804	9.216282669435088	-7.332757228816525	-19.72678563172607	-117.4126898426681	-117.4126887300347	2.459506431508894	2.459503618571354	-8.143703243588362	-133.3326520127079	62.99227018300841	46.61254713750105	0	0
144.19368	-0.1396872638780214	0.02589661749718697	-0.09222163649710695	1.137041716337462	0.8893617717921389	-0.3424805928923806	0.6580066601381958	-0.09713699987357849	0.02765104240659682	0.001602010752769461	0.09364103916319461	-0.06395387144823898	1.192988292863843	1.192988292376111	0.4493694993303498	0.4493695002511243	-0.1836451685816339	0.1576547635066345	-0.4890760301601443	-0.3472830362231635	0.06166889994468814	-2.058833424007829	-1.392678498921762	0.3516135169505589	0.8254669209549672	0.08943153591817532	-0.8795517080837215	2.974002653537279	-2.127900907082029	-6.486308007901322	-1.884508759613431	-0.9879630127119677	-10.3888962623188	-10.38889626193332	-6.950213418441713	-6.950213433969004	0.945294725801152	-8.459139845748689	-0.1621615652164553	1.090108807349088	0.1271186124607044	0.1633661190864776	0.02433207802912175	0.06549375125186772	0.0415702859501334	0.04295881061034174	0.01106281414230371	0.03593915694056175	0.2339231287816564	0.08180262224924099	0.01042308239170326	0.01017231097237851	0.01002885702844663	0.0100139276532654	0.0100808998009921	0.01006301724513839	0.01014206466164428	0.2623343521106601	0.0111703664598696	0.01011335919819076	0.1674955788214036	0.05180661517092263	0.01070941964251577	0.03845597745238339	0.1703965068194971	0.1275668436580064	0.2553578801919917	0.01033106682082279	0.08112645413088848	0.01057212961471564	0.0129908275027806	0.1848487831485755	0.06297807046478797	0.0100138808543816	0.09295703322990759	0.2623173517812353	0.01011623298920353	0.01239521884322382	0.01200012481051803	0.0126312233328724	0.1286416951657343	0.169774618695859	0.009047723016201418	0.03215151251574874	0.02781136754229963	0.04257582777625395	0.01111838047880436	0.05167605942796531	0.2326994778978275	0.1012751296709694	0.0103066193789073	0.01005526600909325	0.009924119798584603	0.009951438099023126	0.01006576742682966	0.01006463691124144	0.01002814984964309	0.1989798660103045	0.01140540675062888	0.01033510910302673	0.1380218372053938	0.06309660300294126	0.01314712293047523	0.04091001182265676	0.163613725536527	0.1245668235884788	0.2481251149313103	0.009561266029787857	0.09842306261515749	0.009568515954669305	0.01642993656191995	0.1772696985116313	0.06260635622921809	0.009986414783366739	0.08780123813491238	0.2533491065842241	0.01008148571038016	0.009036400492027027	0.008533102400142094	0.009349105536987857	0	0	0	0	0	0	0	0	0	0	0	0	0.1744532346820741	-0.2557400423017173	-0.01651518280625542	0.07907910532557523	-0.4907200770835468	0.5259544706727642	0	0	-5.782985247307371	-8.037866392011539	27.1998365796785	4.077282135208512	0.7078265731629695	0.250747713510581	-69.22448026627839	5.762382518668027	-18.31783506800103	32.94518526384215	-9.944815275225107	-30.89508336356739	-105.0614251724915	-105.0614236538652	33.47576060893174	33.47575796127288	1.566949069370158	-92.98051022698272	89.82503332967435	69.35937575058767	0	0
144.20172	-0.1394522588091016	0.009166439372643047	-0.1025169409374594	1.139992316159953	0.8959874134959332	-0.3417521204594802	0.6488924683498355	-0.07308712953638383	0.01009855520899063	-0.04922831076732342	0.07818168406948484	-0.07298048274536008	1.106233497789719	1.106233497356729	0.3949022931233701	0.3949022938415069	-0.1759003698969545	0.08711844778089195	-0.4872336542363769	-0.3361109017711644	-0.01228220928472618	-2.091226461695067	-1.16584781332632	0.3812924015619319	0.8184711754326948	0.09192184770173609	-1.362645035076327	3.001054826281855	-2.220178771830757	-6.126766133214994	-1.957610478811776	-1.26609662596659	-11.16952857132897	-11.1695285579484	-6.558210421591385	-6.558210455325721	0.9923363127485626	-9.026326229757803	0.6481471784853348	1.705682267407941	0.1264250035310047	0.1665621687415157	0.0159600827478369	0.0437320864741591	0.03304035343596468	0.04514690614065563	0.01153503683812382	0.04736471221251128	0.2335376836954878	0.08360899405390936	0.01032909309767301	0.01011986959160085	0.01002418061476384	0.01001376585513099	0.01008406033642437	0.01006978010654396	0.01016197119412127	0.2209506480882728	0.01104729640096279	0.01019642207213706	0.1438938465296662	0.0510359744503112	0.01152697110526508	0.04164756061250493	0.1649731053246432	0.1272189717759314	0.2439547857529245	0.01002697188949786	0.09549266379801523	0.01022167478824009	0.02088956047078085	0.1766586000462381	0.06077296796776378	0.01000735947467788	0.085018504169008	0.2571019096781373	0.01008783392162352	0.01075164409696894	0.01031960085518322	0.01097700163136105	0.1231184095405287	0.1709448221659672	0.009314189269119453	0.01712474632540118	0.02399259133048014	0.05080273388701571	0.01254913979281327	0.06194968437916271	0.2332824125211678	0.07184979074532125	0.01021476984817828	0.01009901173796257	0.01010000933124317	0.01006488521815007	0.0101035948112576	0.01008356799641675	0.01030033655179168	0.1328933119263242	0.01057755361226551	0.01019948258862969	0.09721497214916762	0.0396249721556698	0.0113484016518434	0.04731693596053469	0.1539503290022284	0.1287587887524961	0.2104970532542488	0.00998079493823123	0.1195647339272299	0.01026397581530913	0.03607766599102334	0.1572201652395526	0.0554820545208736	0.01001540707675	0.06799622152277693	0.2465150337605485	0.01005295254708227	0.009827048178355271	0.009404453316532753	0.009963097758042135	0	0	0	0	0	0	0	0	0	0	0	0	0.1566393681344461	-0.2081694466732784	-0.02316758001377544	0.08610510980111592	-0.4284090017454157	0.4220636108242976	0	0	-12.53837448741891	0.6642182014168463	29.05993874801159	3.275702934322289	-2.446845034376669	0.3564359009580347	-50.58025175761727	0.1702057807898076	-4.745814187846573	56.25912207162751	-7.342563193518696	-37.30569902240703	-88.36249800607294	-88.36249638358328	63.77158222572301	63.77158042644901	9.809879397989958	-47.61509609940341	110.4328229616917	81.74150224317312	0	0
144.20976	-0.1400229326666524	-0.007501240248910152	-0.1109393536816465	1.143153706949456	0.9024554434732467	-0.3410009571481704	0.636516485810195	-0.04905064333185598	-0.007767172786288076	-0.09643469197166599	0.06227518265689862	-0.08438224759063981	1.013791868057338	1.013791867780317	0.3445447300053146	0.344544730406304	-0.1675339367741486	0.01350930743722094	-0.4783028225175726	-0.3197259337232427	-0.1375518379135006	-2.038462481253789	-0.9281735460116638	0.4038117658995931	0.7863986526592867	0.09498977380932287	-1.689015155984647	2.964661376170534	-2.207427763999445	-5.587989410039441	-1.988957791898687	-1.569810673088612	-11.79732538779687	-11.79732536310619	-5.931043688743998	-5.931043732299046	1.096840425796014	-9.222245539291748	1.588716484971457	2.369270381255595	0.1233855010225924	0.1688137921097038	0.01243755234172428	0.02493923373929132	0.02702672478295813	0.05060302450673678	0.01255992606293942	0.05796141572775158	0.2335680270387393	0.06915208264128794	0.01023631974262005	0.01012314717507362	0.01012411583541356	0.01007942649621977	0.01010730469740927	0.01008359264429489	0.01032800112718342	0.1665806831234175	0.01051607911418904	0.01015279501842044	0.1111873935599008	0.0378383880451805	0.01083050484905627	0.04657735227876998	0.1575455204844148	0.1290645447533102	0.2211190215092333	0.01014194844945251	0.1129449954576334	0.01047661726769053	0.03525823470161343	0.1629314778593096	0.05593086432325119	0.01002141528804414	0.07081711674547572	0.2511793743374884	0.01005935609969297	0.010512410114144	0.01011232761661107	0.0106304480120546	0.1175951239153232	0.1721150256360753	0.009580655522037487	0.002097980135053624	0.02017381511866067	0.05902963999777747	0.01397989910682217	0.07222330933036013	0.233865347144508	0.04242445181967312	0.01012292031744926	0.01014275746683188	0.01027589886390174	0.01017833233727702	0.01014142219568555	0.01010249908159207	0.01057252325394027	0.06680675784234397	0.00974970047390214	0.01006385607423265	0.05640810709294143	0.01615334130839833	0.009549680373211574	0.05372386009841262	0.1442869324679299	0.1329507539165135	0.1728689915771873	0.0104003238466746	0.1407064052393023	0.01095943567594896	0.05572539542012674	0.1371706319674739	0.04835775281252911	0.01004439937013326	0.04819120491064149	0.2396809609368729	0.01002441938378438	0.01061769586468351	0.01027580423292341	0.01057708997909641	0	0	0	0	0	0	0	0	0	0	0	0	0.1388255015868182	-0.1605988510448395	-0.02981997722129546	0.09313111427665662	-0.3660979264072847	0.318172750975831	0	0	-18.40152033751972	12.95063444480823	29.88452083662797	2.297182705173374	-5.49797064106366	0.3980244379069168	-30.50233210854131	-9.88821697812803	7.628120846396969	77.2192483184708	0.2993624736982471	-37.03040926179339	-67.04203998476473	-67.0420389000019	91.7386940634828	91.73869345704222	15.7536596006615	-1.291017658540996	121.7884613132199	81.05971592020865	0	0
144.2178	-0.1417738179826623	-0.02332083776866764	-0.1174358676020993	1.146462695380239	0.9085696731075389	-0.3402242614599763	0.6221674859209363	-0.02567037793721759	-0.02515182308308886	-0.1386715169572627	0.0464077691636358	-0.098137515208695	0.9170398993413811	0.9170398992880505	0.3000981291009612	0.3000981291460358	-0.1581639928897977	-0.06019864948222421	-0.4615606852337349	-0.2981730724201391	-0.3035647083286531	-1.877568304484529	-0.6882292004377942	0.4177862265519053	0.7308578445760955	0.0982244045549257	-1.853771300137807	2.83361831403409	-2.103484927906326	-4.896016569866483	-1.943014738304145	-1.841607434308046	-12.23597051580331	-12.23597048616872	-5.092576107586705	-5.092576150868712	1.2382971529861	-9.054698617183247	2.5760772404039	2.973445360382422	0.1301534577599338	0.1795239165447053	0.01087500238471999	0.01363957575338556	0.02701846263535385	0.05986890671052301	0.01229303086957864	0.06303520730505695	0.2269758351219356	0.06131474457426025	0.01018868749134111	0.01012420124848202	0.01014110002665199	0.01009203409481913	0.01011761930187543	0.01008618736642738	0.01032061726201896	0.115311721409435	0.01023018024648443	0.01012303201109731	0.08659361036755737	0.02718333473854091	0.01033337870056224	0.05089523285617016	0.1554491119363541	0.1224628360140247	0.1971565634631521	0.01023003691236631	0.1280252527591225	0.01063700686296392	0.04345330658143982	0.1538455745287895	0.05141361350545155	0.01002526732311478	0.0582489912919229	0.2409099218585431	0.01004645338644014	0.01049421789169928	0.01015502990768309	0.0105144496626743	0.1546503869934837	0.2102734628900995	0.009720027519577979	0.006482811392223166	0.03265274995710899	0.07604438262729439	0.01052076327819684	0.06388874204745733	0.2042965622966039	0.06341725228085762	0.01017558163189573	0.01011040209370748	0.01005402037431559	0.0100387351924758	0.01011257655078686	0.01007641263627029	0.01010259663223149	0.04731477966371079	0.01022186810726961	0.01012973985360857	0.06482342551113822	0.01981126254420174	0.01027498143220299	0.05557207289223273	0.1603521246477107	0.1000316923617391	0.1594923863671415	0.01021415793949702	0.1475295879620402	0.01059825193787496	0.04605083253956432	0.1479909235440128	0.04646616219670088	0.01001494382602347	0.0450069969092159	0.2152797911593603	0.01004638572944362	0.01036674373485884	0.01011583572918024	0.01029872735344868	0	0	0	0	0	0	0	0	0	0	0	0	0.1173402001989525	-0.1130039898185409	-0.04352458173889709	0.1031432765439767	-0.3050880570308106	0.2426105910836168	0	0	-22.54975000638204	27.23632815302131	29.62020167227731	1.153307350365687	-8.25328020036728	0.4032493434553465	-10.66883602185793	-23.06467331709926	17.78464519775842	94.11293041322061	11.56358528799939	-29.36226591024199	-41.41829024689302	-41.41829013981421	116.163484719877	116.1634853740418	18.9672388631766	42.21512837848654	121.8399896135035	67.14903548182208	0	0
144.22584	-0.1449696135167902	-0.03738070756586976	-0.1220234706464499	1.149845503067622	0.9141529621591812	-0.3394215321849944	0.6071180262163102	-0.003786165396642468	-0.04140302697728614	-0.1748538322564294	0.03129545172550072	-0.1137541184335287	0.8176286321099697	0.8176286322869403	0.2631366159037072	0.2631366156335379	-0.1475827258072769	-0.131210023209363	-0.4370071942425388	-0.2723391640937207	-0.4938229203008518	-1.600940087020552	-0.4547539694742346	0.4219938645415714	0.6549604090782458	0.1014568068464624	-1.865943665470227	2.591247169140996	-1.929483080107087	-4.089110816546036	-1.799238294783178	-2.023754783064637	-12.45437979220224	-12.45437976595278	-4.07502063989365	-4.075020673715103	1.394513533711708	-8.559443575995331	3.515852886286553	3.419468862351276	0.151236588355513	0.202398391323507	0.01029364823266248	0.01117480982471509	0.03398191861422115	0.07307920911497781	0.01017982931393635	0.06094999779021956	0.2103044149527722	0.06861117347597609	0.01019918082043487	0.0101059001845221	0.01001969505071603	0.01001645663770799	0.01010524706866067	0.01007216536423194	0.01004528047464334	0.07666038900739489	0.01038326249460542	0.01014867561733617	0.07817853031169039	0.0244097369145833	0.01054349635995727	0.05385292898594237	0.1617950029924075	0.1027711572593937	0.177361283871686	0.01015923918012934	0.1388567397399849	0.01049547134038884	0.04175415235405849	0.1539822514532331	0.04828607725362639	0.01000982036245675	0.05048616427226005	0.224451683758603	0.01005375278195029	0.01034125897966669	0.01008031817203388	0.01030442627396483	0.1917056500716443	0.2484319001441237	0.009859399517118473	0.01086764264939271	0.04513168479555732	0.09305912525681131	0.007061627449571502	0.05555417476455453	0.1747277774486998	0.08441005274204215	0.01022824294634219	0.01007804672058306	0.009832141884729431	0.00989913804767458	0.01008373090588817	0.01005032619094851	0.009632670010522709	0.02782280148507761	0.01069403574063709	0.01019562363298449	0.07323874392933502	0.02346918378000514	0.0110002824911944	0.05742028568605284	0.1764173168274915	0.06711263080696478	0.1461157811570956	0.01002799203231943	0.1543527706847781	0.01023706819980095	0.0363762696590019	0.1588112151205516	0.04457457158087267	0.009985488281913682	0.0418227889077903	0.1908786213818478	0.01006835207510286	0.01011579160503417	0.009955867225437058	0.01002036472780095	0	0	0	0	0	0	0	0	0	0	0	0	0.09585489881108691	-0.06540912859224217	-0.05722918625649871	0.1131554388112968	-0.2440781876543364	0.1670484311914026	0	0	-24.34413674054946	41.35577037357692	28.28785139515656	-0.1250925883601081	-10.53411083665104	0.40149542684781	7.162674112792925	-37.1786966028495	24.95750535792734	105.6275337547962	24.23134645375152	-14.94124675472172	-12.47401371634239	-12.47401465381659	136.1590377975685	136.1590394323273	19.46282286846294	79.77268619178399	109.9903439834831	42.2695265608086	0	0
144.23388	-0.1497241339381145	-0.04878043378065029	-0.1247875664830771	1.153219806709046	0.9190586639218642	-0.3385928027962268	0.5925118115755182	0.01570288882770403	-0.0560591067575072	-0.2042418580898669	0.01774398615936152	-0.1303095830626955	0.7174206435173716	0.7174206438650106	0.234948986100575	0.2349489856186461	-0.1357558756566044	-0.1971094250171012	-0.4054023033070181	-0.2438104136135651	-0.6876092182187822	-1.219096228916842	-0.2358759103714247	0.4155681751698744	0.5631357769432747	0.1047027374133731	-1.748410990958343	2.239815380897962	-1.711184774251603	-3.214238760986681	-1.556093512973513	-2.068482940245834	-12.43178117370606	-12.43178115866947	-2.916892034331631	-2.916892052420796	1.545040256579276	-7.79413210165835	4.315670572028091	3.63450966389773	0.1950589799442346	0.2470342553638493	0.02810834911192596	0.02707447268216578	0.06658522167451759	0.1099168895912681	0.02605591181741969	0.0523432435826095	0.1881694524710628	0.06901361305131752	0.01105618411066656	0.01031965202678774	0.01032629435482118	0.01002795266648153	0.01008219590572964	0.01005863932867717	0.01501920735984791	0.04762064049954012	0.01040610865268383	0.01013541117261905	0.06564614060359693	0.02107127442925092	0.01059450900929042	0.06278505836232955	0.1641350608144816	0.08344966591004627	0.1569958263398487	0.01008323518411068	0.1504213523407702	0.01032311715310518	0.03384296607111288	0.1695065184772473	0.05537952717823454	0.01001734926144259	0.03997784678184699	0.2057009762866776	0.01108215886078186	0.01039070693958134	0.01007102112003589	0.01030977867433177	0.2977256759632646	0.3576702636237064	0.06952750360839111	0.0639387616128116	0.1386190431786571	0.193343320138968	0.06509155077105325	0.0352639626901062	0.1466818220908537	0.05667299627383914	0.01295154399734341	0.01082078107389163	0.01116662832706034	0.01015030367262402	0.01004837496738386	0.01004638678802769	0.02657163658775058	0.01444464193025516	0.01020111114616765	0.01006706332715536	0.03725829524367594	0.01413577399304567	0.01033249780359607	0.08235233471601425	0.1587579347367807	0.06092004146907005	0.1205546933032278	0.01002140120998661	0.1717541635252214	0.01015025749087471	0.01933717946837328	0.2131177796609391	0.0761017094387747	0.01005422866058283	0.02153617783914877	0.1722059141220914	0.0133735523443907	0.01068712110553695	0.01015275617213103	0.01055576441273848	0	0	0	0	0	0	0	0	0	0	0	0	0.1171657599395937	-0.002761361685673046	-0.004614926315462788	0.1066758455573114	-0.2093091946305835	0.133439038099153	0	0	-23.38369703728598	53.05277385368299	26.02023870668679	-1.479579115103021	-12.19497239879366	0.4073121911726075	21.34369820527074	-49.80020233977314	28.78290962127766	110.9245851630844	35.89803711571041	4.445726728882328	18.2402314771373	18.24022966951934	151.0267383271819	151.0267405308258	17.64695065654037	109.0858609061623	87.35934240220415	10.46908226067724	0	0
144.24192	-0.1559746419893356	-0.05677403681102299	-0.125873479565972	1.156498521623941	0.9231799169425908	-0.3377377356104392	0.5792584468605719	0.03199235530389271	-0.06887210179793099	-0.2264947918840462	0.00649651411248581	-0.1465646782638677	0.6183912637750824	0.6183912641781381	0.2164932224625414	0.216493221908293	-0.1227971566136313	-0.2560093991997373	-0.3681935808397813	-0.2146154977168445	-0.8620959509239761	-0.7594058315095936	-0.03823952827381984	0.3982299464846846	0.4607796752658868	0.1080096797099174	-1.536068856072084	1.800163934469329	-1.475334538269713	-2.322958809415195	-1.230178397142235	-1.945820793266194	-12.16130849525989	-12.16130849729007	-1.66180033196034	-1.661800331846106	1.673872994885851	-6.831199202430754	4.899149639108025	3.582551166359924	0.2637414204496623	0.3164897996219555	0.06803676428991756	0.06276215920726941	0.128254975759288	0.175074378151397	0.06441574379175193	0.03721464170764579	0.162774424846083	0.05443177777602923	0.01298904891438998	0.01083951754405387	0.01122737888951208	0.01017829132680059	0.01005201482843035	0.01005066728576566	0.02673589864698332	0.02591312812467323	0.01013020955031633	0.01005534985214482	0.04014763564587073	0.01428155512688301	0.0102293232633237	0.07994785942217528	0.1571757293667061	0.07041712487490071	0.1336535379405842	0.01004744261831109	0.1645415855834371	0.01020024394407202	0.02067594869801937	0.2022140204144486	0.07526444200411561	0.01006034370518174	0.02380499387068388	0.1866137109012249	0.01342193339944453	0.01074221623331901	0.01018116731262071	0.01062198484412663	0.403745701854885	0.4669086271032891	0.1291956076996637	0.1170098805762305	0.2321064015617568	0.2936275150211247	0.123121474092535	0.01497375061565787	0.1186358667330076	0.02893593980563613	0.01567484504834462	0.0115635154272002	0.01250111476939124	0.01040146929757346	0.01001301902887955	0.01004244738510686	0.04351060316497844	0.001066482375432714	0.009708186551698215	0.009938503021326229	0.00127784655801686	0.004802364206086191	0.009664713115997734	0.1072843837459757	0.1410985526460698	0.05472745213117532	0.09499360544936	0.0100148103876538	0.1891555563656648	0.01006344678194846	0.002298089277744657	0.2674243442013267	0.1076288472966767	0.01012296903925197	0.001249566770507256	0.1535332068623348	0.01667875261367854	0.01125845060603973	0.01034964511882501	0.01109116409767601	0	0	0	0	0	0	0	0	0	0	0	0	0.1384766210681005	0.05988640522089608	0.04799933362557313	0.1001962523033261	-0.1745402016068305	0.09982964500690347	0	0	-19.54420129731842	60.46391492035513	23.04931742036226	-2.822958740119329	-13.14365046033251	0.4136682782688496	30.56645559210514	-58.82741853345121	29.38427995658154	109.7027536904103	44.53824371604293	26.22604227651385	48.86928625851893	48.86928386938658	160.1937299208211	160.1937321321384	14.19064661491464	128.7830145824444	56.77174449163711	-23.2945855557204	0	0
144.24996	-0.1634735959454376	-0.06088854888038019	-0.1254716463753379	1.159595401321267	0.9264555476742489	-0.3368560651020825	0.5679496936764777	0.04450595563816733	-0.07980005932456158	-0.2416904793465491	-0.001895372244242357	-0.1611274461708971	0.522510516397706	0.5225105167034442	0.2083595762338478	0.2083595757462581	-0.1089258951489303	-0.3066389835100329	-0.3273359913073866	-0.1869100660898975	-0.9944672890186507	-0.2614195080952423	0.1336630314856422	0.3704963758042013	0.3537747521581208	0.1112860827018602	-1.272420884569037	1.307176493529339	-1.245840326509625	-1.467167106221285	-0.8515398991907576	-1.648242955478445	-11.65109825839704	-11.65109828091755	-0.3574119258603547	-0.357411910342614	1.770850023124889	-5.750302706174037	5.218156894334785	3.268006966438192	0.2959316940001493	0.3461347297425891	0.08784800267041919	0.08520855981689912	0.156752694142044	0.2020164213334865	0.09104614088706603	0.02786452739756553	0.1410975089384793	0.04026647631654524	0.01350358407279179	0.01089652202184576	0.01764762898927034	0.01038698062431379	0.01005163552114086	0.01005744912179879	0.03019309605007874	0.01337161502669959	0.01003341267373603	0.01003504474501236	0.02042018483005554	0.0100788093653342	0.01008233765807315	0.08638286628294214	0.1520038786098655	0.06198743908818978	0.1134126616191219	0.01005574049521048	0.1658032318747831	0.01014549954874708	0.01203552124634019	0.2360508769783488	0.08986669744075816	0.01010056004530046	0.01265507569352123	0.1681545653178199	0.01366897221123141	0.01094492916579475	0.01029355537341372	0.01082757958568806	0.2868613451759198	0.3237897425994318	0.08739835405454487	0.09744261231160603	0.1502490675452092	0.1830958636292461	0.1109250342144823	0.02401230195351751	0.1130275987316045	0.0266095535590294	0.01244382517417741	0.01042721402718929	0.03114988416441799	0.01067003298341054	0.01008291462485758	0.01007938600064843	0.02426757404575892	0.004983783831559929	0.01016458474864358	0.01008590393698929	0.005822981410936076	0.008412608322415862	0.0102186688689858	0.08022873340553434	0.1499847822739876	0.05347281089688646	0.08782648601608548	0.01010117918371448	0.1483912569794574	0.01013576306645548	0.007459520814897373	0.2924818425657645	0.1011987561400608	0.01013889268840691	0.005671734836816466	0.1382995593476048	0.01153425171917934	0.01097364197564823	0.01040616925595166	0.01090142031219262	0	0	0	0	0	0	0	0	0	0	0	0	0.1701053313901258	0.09006196330656129	0.04190397150065422	0.07083120042422289	-0.1184048033625751	0.07308207519744007	0	0	-12.94733920476717	62.46376825663727	19.66992011933004	-4.04619549376461	-13.35268410857571	0.394225780243235	34.02132192559592	-62.92202127379951	27.32644310780501	102.1748023148949	48.87129289161248	47.4566981006536	77.59507839828085	77.59507575765522	163.2383140860586	163.2383155928707	9.843474383303766	138.4336490601974	22.31659211092326	-54.07726073329874	0	0
144.258	-0.1717966045432472	-0.06099599975193391	-0.1237989518231203	1.162431998899428	0.9288717982657357	-0.3359492331031269	0.5588081049705912	0.05298113942128605	-0.08897123825948311	-0.2503114945428653	-0.007153872954125115	-0.1726413788810201	0.4316274341123732	0.4316274341529302	0.2107441809096503	0.2107441805835867	-0.09441971355038357	-0.3483720398880622	-0.2850322702509205	-0.162662123197877	-1.063893171964919	0.2297772040756758	0.2777333096305132	0.3337983994346586	0.2479352165541465	0.1141891860838635	-1.004903975552693	0.802748369417197	-1.040718002185129	-0.694922919821285	-0.4570972490512532	-1.192075536024872	-10.92260877069703	-10.92260881378495	0.9463109506295342	0.9463109737369025	1.831455658355559	-4.631048140265633	5.259737653821597	2.731895426006923	0.2657357593265501	0.3063227307671115	0.07530494677104288	0.0854004221238801	0.1318842841115147	0.1657974574249297	0.0970346274542077	0.02868942289199952	0.1265687968748666	0.03233811877356982	0.0118574046310304	0.0102626714346299	0.03088912000125679	0.01063025118644916	0.01009197066583343	0.01008170265755499	0.02081523639353073	0.01007382658738877	0.01025705536145155	0.01011190029275334	0.01394196882816169	0.01037094809538434	0.01034131890891615	0.07545694323522138	0.1533898238542042	0.05727600991980174	0.09914604372724863	0.01010926820955363	0.1474094464435957	0.01016435729904621	0.01124257144878121	0.2651028126132206	0.09349197755596586	0.01012670051550161	0.01029529415757002	0.1508008853130051	0.01080296688963875	0.0108655476309025	0.01037356906240996	0.01080436297697441	0.1699769884969545	0.1806708580955745	0.04560110040942598	0.07787534404698156	0.06839173352866154	0.07256421223736748	0.09872859433642958	0.03305085329137715	0.1074193307302014	0.02428316731242267	0.009212805300010202	0.009290912627178377	0.04979865355944474	0.01093859666924763	0.0101528102208356	0.01011632461619	0.005024544926539401	0.008901085287687144	0.01062098294558894	0.01023330485265235	0.01036811626385529	0.01202285243874553	0.01077262462197387	0.053173083065093	0.1588710119019054	0.0522181696625976	0.08065936658281095	0.01018754797977516	0.1076269575932502	0.01020807935096249	0.01262095235205009	0.3175393409302025	0.09476866498344483	0.01015481633756185	0.01009390290312568	0.1230659118328747	0.006389750824680143	0.01068883334525673	0.0104626933930783	0.01071167652670923	0	0	0	0	0	0	0	0	0	0	0	0	0.2017340417121511	0.1202375213922265	0.0358086093757353	0.04146614854511972	-0.0622694051183198	0.04633450538797669	0	0	-3.973548136361432	58.8071827708907	16.16821820931392	-5.034461995857214	-12.86764969792194	0.3155879388270733	31.57119494905939	-61.68367036668882	23.48516923763467	89.09302795268076	48.46442030373355	65.20697213698439	102.9726389289796	102.9726365572587	160.04576495488	160.0457653141385	5.223877680050608	138.4573237645637	-11.51238978688797	-77.86062223528218	0	0
144.26604	-0.1803671121715666	-0.0573296128262975	-0.1210806619081971	1.164944963125745	0.9304593877849657	-0.3350224492367647	0.5516787719265825	0.05749545317825287	-0.09662840178719465	-0.2531964792973527	-0.009303659031184802	-0.1799730912936489	0.3473778932802559	0.3473778929058904	0.2234426560216807	0.2234426558818303	-0.07957556298786921	-0.381200976180185	-0.2434481822371435	-0.1433959902721038	-1.053714151430621	0.6705179444616558	0.393869076760322	0.2904370933154724	0.1484150126789169	0.1161389413051079	-0.7789340568695773	0.3284426493544151	-0.8702412907936591	-0.04602105773254581	-0.0842041733693186	-0.6160360155310634	-10.00660031104015	-10.00660036993724	2.200355912716271	2.200355934727748	1.85497714568705	-3.546760326390948	5.045177532978468	2.04140792664098	0.2292084965897195	0.2604513434920232	0.0598774657993654	0.08095815414498037	0.1053933309960073	0.129538009892368	0.1105512212722305	0.03773840449308365	0.1121735876468733	0.03142775261454735	0.011218351328603	0.01037186022655473	0.0436864659707524	0.01054741331514497	0.0101016112867016	0.01008284772914972	0.01261960214910992	0.02876660363215967	0.01033186151956652	0.01013736232086425	0.02811905389732737	0.01210613571858241	0.0104545568174037	0.06909589440680462	0.1504598530096349	0.05295603096298307	0.08923143654202202	0.01012173817321891	0.1278235729154427	0.01015833978249826	0.01338091283379989	0.3020655764689981	0.1037162036863186	0.01010762883072299	0.01264750029214595	0.1301916660704283	0.01016067250312199	0.01062079396083539	0.01032315342660376	0.01059708876719255	0.1845855605216433	0.2024864528989247	0.04493943088333276	0.07546653896205718	0.08304026974411602	0.09893264430876432	0.1466590606770484	0.05564888595900046	0.08729585143527067	0.0359268378201438	0.01196065946406008	0.01141642766697562	0.05862381100470197	0.01010777185542842	0.01007304339830231	0.01005688295646378	0.006940501703868108	0.07286081670620143	0.0101993180319209	0.01009427488917796	0.06384988076282279	0.01463762151161156	0.01035251233539268	0.07110933256778758	0.1368814234845679	0.04637520131931153	0.0778087586222474	0.01008512850078333	0.1037179622569462	0.0101088545267014	0.01705683857198158	0.3899437388712613	0.1307377952134117	0.01004181391091116	0.01809646581721669	0.09266534659126005	0.01234918986320317	0.01021813445994469	0.01013689333079722	0.01020920493274318	0	0	0	0	0	0	0	0	0	0	0	0	0.2449164045048523	0.1045495054574629	0.02348367618909424	0.008130085918288347	-0.0289219429215938	0.02120448449594834	0	0	6.728699394210611	50.0645432940731	12.74474060709554	-5.690175567608995	-11.8052488060562	0.1550937316797627	23.85279366014044	-55.56124252851951	18.88115562504617	71.74306610739353	43.60482785255691	76.88848380470883	124.1543127007139	124.1543112430861	150.9881876198039	150.9881870905192	0.6392827204401776	129.9734572514807	-40.8653549215407	-92.23016480385412	0	0
144.27408	-0.1884978414085478	-0.0504482856576767	-0.1175376932804098	1.167092222362677	0.931286067632203	-0.3340860691614788	0.5460698529602308	0.05843916194646085	-0.1030636299571907	-0.2514580282482168	-0.008654874401080754	-0.1823780579871365	0.2711299397150561	0.2711299388339667	0.2458744752767584	0.2458744752931039	-0.06469013288705439	-0.4056651095503396	-0.2044687237453657	-0.1300376954799309	-0.9533034871155829	1.02422395519791	0.4830778165627992	0.2433510249058434	0.05919989030765928	0.1164712494291148	-0.6320065419255937	-0.08025397202215009	-0.7363996469464477	0.4516760723335357	0.2340667545969682	0.02271606326916754	-8.938098145837021	-8.938098211175044	3.360904144004786	3.360904160650771	1.841697539286811	-2.559412325626448	4.620918756188834	1.275647516072194	0.213689951640065	0.2414309557139712	0.05201314415441972	0.07753931761034479	0.09860203372246701	0.1220869088591532	0.1404651987196794	0.05401538069126101	0.09461860720008633	0.03747953059910241	0.01253341861753909	0.01164697099230542	0.05406927587697726	0.01003133937895112	0.01005945286018811	0.01004889054571753	0.01015510596000675	0.07129211234967092	0.01011908981189785	0.01006752687186359	0.0633009096746778	0.01434266453470955	0.01025891389106777	0.0753666984883332	0.1384790736392444	0.04778153605164386	0.08279830948234831	0.01006764749038538	0.1154056561811321	0.01009832605825335	0.01682920060844281	0.3520466605769974	0.1264236595915497	0.01003413514329979	0.0182287402675247	0.1041877438668404	0.01332902881506615	0.01024510139746685	0.01011322435730009	0.01021880397442051	0.1991941325463321	0.224302047702275	0.04427776135723952	0.0730577338771328	0.09768880595957048	0.1253010763801612	0.1945895270176672	0.07824691862662377	0.06717237214033998	0.04757050832786493	0.01470851362810996	0.01354194270677287	0.06744896844995919	0.009276947041609208	0.009993276575769029	0.009997441296737559	0.008856458481196814	0.1368205481247157	0.009777653118252853	0.009955244925703564	0.1173316452617903	0.01725239058447758	0.009932400048811491	0.08904558207048215	0.1148918350672304	0.04053223297602546	0.07495815066168385	0.009982709021791498	0.09980896692064224	0.01000962970244031	0.02149272479191307	0.4623481368123202	0.1667069254433785	0.009928811484260469	0.0260990287313077	0.06226478134964544	0.01830862890172619	0.009747435574632649	0.009811093268516135	0.009706733338777125	0	0	0	0	0	0	0	0	0	0	0	0	0.2880987672975535	0.08886148952269934	0.01115874300245317	-0.02520597670854302	0.004425519275132198	-0.00392553639608002	0	0	18.31763031705728	37.37878803345554	9.468003603180636	-5.955802929635514	-10.33624643005758	-0.08315816728588479	12.17731597299873	-45.55486409306254	14.54119735058243	51.77802439965043	35.01764791613846	80.55019808397515	140.9160872990425	140.9160871871614	136.9865681760465	136.9865674948331	-3.970924691126641	114.6588820615058	-63.46446535047376	-96.65881948690335	0	0
144.28212	-0.1954450749235758	-0.04116443820006973	-0.1133823710882237	1.168856612914885	0.9314456763261622	-0.3331552755114965	0.5412366202233651	0.05645278276601386	-0.108552154119553	-0.2463766067305443	-0.005757951200796767	-0.1796252658567017	0.2039685752623426	0.2039685738670009	0.2771422912621733	0.2771422913936026	-0.05006353758719049	-0.4227434129670838	-0.169553783029635	-0.1228808228734084	-0.7594595356628582	1.264745068394457	0.5462722393627957	0.1957217466750724	-0.01725473669022275	0.1146981831107924	-0.5888224472905323	-0.3967800035510405	-0.633076879656295	0.7845553920151631	0.4711799289319438	0.6548140704885611	-7.751829651035399	-7.751829711865742	4.393646072801719	4.393646085305968	1.790051215359276	-1.715926505301901	4.043449490125774	0.5103314971621135	0.2064600961821474	0.2311094900701285	0.05370595731383414	0.082747469165387	0.09891751136259368	0.1204710926522884	0.1705295700860936	0.06261810663668863	0.09477600426274937	0.03742919257539466	0.01253923840199193	0.01178903029822911	0.06915467244337646	0.01095974388633454	0.01005037482385552	0.0100408010328265	0.01011750726150435	0.09971303999079434	0.01018489188596992	0.01006655695810761	0.08401441183400762	0.01512843842306663	0.01028164851807049	0.08026769163788876	0.1281404789136194	0.0481685777963536	0.06871009744067211	0.01006571029205794	0.1063207008857935	0.01005829877687802	0.01721291218810101	0.3938527225481281	0.1454960370051324	0.01002465280113624	0.01975468206896307	0.07696579593413229	0.01393342289479548	0.01006524868658547	0.01002150523245382	0.01004038016856222	0.1950548974055872	0.2105987170955014	0.06434753268539264	0.100278149867521	0.100555640553448	0.1130977807200161	0.2154136080429853	0.06384904925854556	0.1180582058501896	0.02886225343738766	0.01075755031258612	0.01054402437040832	0.09633143326951686	0.01365982903175083	0.01008459502214023	0.01006509949118166	0.01110250121705536	0.1194761222126888	0.01061331404886597	0.01015688878520604	0.09182743478622145	0.01450093793498739	0.01060148721482366	0.08160920065664454	0.1178465322670406	0.05513999300941307	0.03842761532832473	0.01013135420215731	0.09396833118874336	0.01004186478054248	0.01422425901273017	0.4607240825628895	0.1670747318416115	0.01009021991434448	0.01671412121828223	0.03868906569920498	0.01117703613117638	0.0100729101091306	0.01006528815847421	0.01006311633787608	0	0	0	0	0	0	0	0	0	0	0	0	0.3253579571137541	0.0930578010448456	0.01066995549728649	-0.04340837519874741	0.005738506522472916	-0.005284484774679393	0	0	29.79594753267295	22.14273028731933	6.24644158079863	-5.830193265300623	-8.667136576126968	-0.3590310206811276	-1.617854655607746	-32.8171779102512	11.44076863326652	31.05976051871118	23.55088490186068	75.14439467421087	153.5213972941707	153.5213984874936	119.4692179242492	119.4692176252652	-8.985292604803339	94.54271228870142	-79.12184250812301	-92.48059701489485	0	0
144.29016	-0.2004724982054505	-0.03045586508840262	-0.1088240764053896	1.170245933583882	0.9310449344410967	-0.332247516963727	0.5362985563212879	0.05235448131369067	-0.1132901767233113	-0.2392815782827813	-0.001350346408466536	-0.1720640703645636	0.1467114550082723	0.1467114531740265	0.3161233592712234	0.3161233594990036	-0.03602257942575597	-0.433724485544576	-0.1397250392341138	-0.1216703988915749	-0.4772906733225132	1.376978327776358	0.5831150816735701	0.1504959986416966	-0.08021335665782847	0.1107850449721137	-0.6581458132195348	-0.6032479953999078	-0.5469942046278368	0.9540189651838358	0.6069448557580994	1.206686042625833	-6.479231835629159	-6.479231882655422	5.277281189763276	5.277281201907489	1.694828161949198	-1.046214495204271	3.362693123013219	-0.1957299241379448	0.2005453538470124	0.2192169382627036	0.0651729891038418	0.09908343483164128	0.1005137245920478	0.1136539357964999	0.1953996267009651	0.05886934900546378	0.1200611264439438	0.02696118774542173	0.01025757384888816	0.01011428429756966	0.09100714385571436	0.01387852406355032	0.01009946200971908	0.01007659762546395	0.01140120901796587	0.1041187805213892	0.01069640392245629	0.01018296115145096	0.08030492436164906	0.01387965913108254	0.01067855590812354	0.07875523727130526	0.1241132796458651	0.05621405470135264	0.04218122102150324	0.01015100768704465	0.09874738514639875	0.01006013520173079	0.01320049198715468	0.4182036042977142	0.1553437886416341	0.01011417802633229	0.01503300554796008	0.05054777679876924	0.01006805752161329	0.01017807409789436	0.01013017451946449	0.01017172066424207	0.1909156622648422	0.1968953864887279	0.08441730401354575	0.1274985658579093	0.1034224751473254	0.1008944850598709	0.2362376890683035	0.04945117989046736	0.1689440395600392	0.0101539985469104	0.006806586997062292	0.007546106034043761	0.1252138980890745	0.01804271102189246	0.01017591346851143	0.01013275768562575	0.01334854395291392	0.1021316963006619	0.01144897497947908	0.01035853264470852	0.06632322431065257	0.0117494852854972	0.01127057438083582	0.0741728192428069	0.1208012294668508	0.06974775304280069	0.001897079994965599	0.01027999938252311	0.08812769545684448	0.01007409985864464	0.006955793233547264	0.4591000283134588	0.1674425382398444	0.01025162834442849	0.007329213705256771	0.01511335004876452	0.004045443360626564	0.01039838464362854	0.01031948304843229	0.01041949933697503	0	0	0	0	0	0	0	0	0	0	0	0	0.3626171469299547	0.09725411256699186	0.01018116799211981	-0.06161077368895179	0.007051493769813632	-0.006643433153278764	0	0	40.11692002603511	5.668150773353012	2.870778307644971	-5.372758873898176	-7.01464246300447	-0.6018248571877155	-15.45902527423253	-18.31352032299642	10.36122917159804	11.41639720692668	9.907540978749392	60.69037952092361	162.4900287101485	162.4900308916451	100.2050717587893	100.2050719637224	-14.88330816224967	71.79367817787654	-89.57893749151667	-82.46505457941943	0	0
144.2982	-0.2029183617835974	-0.01938152394827058	-0.1040825691549545	1.171289125296905	0.9301895586578209	-0.3313780116060711	0.5303722407098125	0.04707813179941223	-0.1173446572830006	-0.2314340575837912	0.003689002923423924	-0.1606225522369726	0.09994187323410078	0.0999418711002381	0.3615824386330905	0.361582438969625	-0.02295013903547418	-0.440067556672964	-0.1156748803499208	-0.1257781119727741	-0.1201779651302063	1.355566365628252	0.5912607951211366	0.1099103587986287	-0.1306438550537813	0.1053437504285315	-0.8319134548304588	-0.6883831947932283	-0.4596318726526969	0.9753411485117803	0.6261668860858138	1.609472675893341	-5.14698284604467	-5.146982872655864	6.005232380187583	6.00523239556135	1.547545218558315	-0.5629198766089996	2.608952006986894	-0.8094684584861042	0.193674377990886	0.2074670817030148	0.07341049927079918	0.1101306228616959	0.1011442551784521	0.1074166325516541	0.2115765977858169	0.05634167266857769	0.1323935525993098	0.02863537331952649	0.01036138924472253	0.01086305954376647	0.1127853208098632	0.0145659881221419	0.01011307525291012	0.01008963030759023	0.01261859522396757	0.1011324105793153	0.01075829002741943	0.01019870619461835	0.07367913816275402	0.0125015051609351	0.01071194704230204	0.07777005473536311	0.1197162597992397	0.06459072216525645	0.06731350959741234	0.01016027129207885	0.0918491468096224	0.01005218488496632	0.01056053551299354	0.4280482893850248	0.1611373781313689	0.01448011900649983	0.01112397947399391	0.0587585951381441	0.03294375666380715	0.01019966677049716	0.01015297658559704	0.01020241568439757	0.1796643245532147	0.1876871565888387	0.07845258729542834	0.116594481861181	0.1004207239465052	0.1006767264548255	0.2291097885093822	0.05782534143090562	0.1258421164946322	0.04633868124804259	0.01343043858839276	0.01465171697825248	0.1439403875992101	0.01267583185667905	0.01008052881876896	0.01007250338252972	0.0137480634170597	0.09454864859558401	0.01027648569269934	0.0100892541880049	0.06799282211998128	0.01114945070678498	0.01029870564797531	0.07902181269790426	0.1099082279155403	0.07445620384890518	0.1636804340956514	0.01007470516481159	0.08199214568486685	0.01002290364638078	0.009762974695293764	0.4321768796923521	0.1684782623903888	0.02420082671693337	0.008649470651428156	0.1083350360717716	0.09108042956943192	0.01006642975979727	0.01004798444316037	0.01006689690772308	0	0	0	0	0	0	0	0	0	0	0	0	0.3680453793065504	0.1059837341994215	0.004278367695217653	-0.0679914926306168	0.01309984236687961	-0.01214008783803881	0	0	48.27694877923697	-10.93346136687601	-0.9426793419619799	-4.699352174531396	-5.582585021035956	-0.7243804902933398	-27.25509544152065	-2.7292463248466	11.81983303867502	-5.546204335408127	-5.350482568215047	38.34806663603712	168.4804539657849	168.480456815119	81.04317249867844	81.04317304438582	-21.95382527672671	48.49820046361765	-97.82926889000207	-70.12088361082023	0	0
144.30624	-0.2022601651093926	-0.009009627781508777	-0.09940589654716771	1.172028867391398	0.9289711901800832	-0.3305542440030306	0.5227058830225692	0.04162849678422553	-0.1206205590429698	-0.2239234129783085	0.008376745962819567	-0.1467326429708057	0.06405128621203032	0.06405128396112625	0.4122900041991637	0.4122900046770636	-0.01130247113673506	-0.4432688620571836	-0.09795404183336022	-0.1344249681487971	0.2907305590422591	1.203308029467705	0.5660209529900742	0.07509104609114378	-0.1710364855594318	0.09967661770494178	-1.085588172801118	-0.6455731562844065	-0.3497286950783018	0.8755869568224567	0.5180599194709795	1.808194191386122	-3.775957459167693	-3.775957461186209	6.585275677472386	6.585275697074334	1.339034213060313	-0.2630175679419307	1.786921498491793	-1.326430652147698	0.1847805161789994	0.1967020655252068	0.07414452557179543	0.1101513001411221	0.09995210097671532	0.1041262450977964	0.2172899942867646	0.05962679207722808	0.1175884272827829	0.04926480791289139	0.01422510912300012	0.01527099822007776	0.1324530461657784	0.01176279305542345	0.01006354010491127	0.01006020292096423	0.01336190394739271	0.09581885208490827	0.01010539542361419	0.01004933040072453	0.07132509934924806	0.01156899256075449	0.01016327298233275	0.07980224146314432	0.1120984005214894	0.07093182460633982	0.1587830768472777	0.01004523347195395	0.08527205384972628	0.01001917820142092	0.01106062332961553	0.4241305989280367	0.1646895352555354	0.02426349058268731	0.01021545010210014	0.1102880759704519	0.08899228519876141	0.01001643605133271	0.01000527102620757	0.01001105019378129	0.1684129868415871	0.1784789266889496	0.0724878705773109	0.1056903978644527	0.09741897274568498	0.10045896784978	0.2219818879504609	0.06619950297134387	0.0827401934292251	0.08252336394917478	0.02005429017972324	0.02175732792246119	0.1626668771093456	0.007308952691465646	0.00998514416902649	0.01001224907943368	0.01414758288120548	0.08696560089050616	0.009103996405919596	0.009819975731301285	0.06966241992931001	0.01054941612807277	0.009326836915114798	0.08387080615300162	0.09901522636422987	0.07916465465500967	0.3254637881963373	0.00986941094710006	0.07585659591288922	0.009971707434116926	0.01257015615704026	0.4052537310712456	0.1695139865409333	0.03815002508943824	0.009969727597599542	0.2015567220947787	0.1781154157782373	0.009734474875965989	0.009776485837888449	0.009714294478471126	0	0	0	0	0	0	0	0	0	0	0	0	0.3734736116831462	0.1147133558318512	-0.001624432601684508	-0.07437221157228179	0.01914819096394559	-0.01763674252279886	0	0	53.35485868844014	-26.74054174069502	-5.475796884792334	-3.966436215886274	-4.54253939345178	-0.6466021991289549	-35.02279949670295	13.43771336245983	15.94802222631336	-18.50841846882385	-21.66578093751914	10.39048001154985	172.2762112085636	172.2762144175269	63.66609215261651	63.66609255384113	-30.03756989703326	26.43664089106714	-107.0417599972351	-58.92813059584805	0	0
144.31428	-0.1981738946240642	-0.0003576272849183872	-0.09508823285960867	1.172511619813549	0.9274564059848355	-0.3297709078196305	0.5128066239365811	0.03704802423283536	-0.1228530514466346	-0.2175822482911313	0.01166215606620772	-0.1321845266387464	0.03928979923046344	0.03928979706766859	0.4671296671562674	0.4671296677980121	-0.001597724478446378	-0.4447471688947782	-0.08716964454370406	-0.1469021624618423	0.7273953028103555	0.9298859555229168	0.5007043237972727	0.04583618082993694	-0.205067206289293	0.09562407700412094	-1.379666964779094	-0.4720517400745067	-0.1969864122869915	0.6911074070629341	0.2768918178290699	1.769879812177129	-2.380322483999178	-2.380322460144446	7.037222031585719	7.037222051717444	1.063953520838089	-0.1308258611125886	0.8793113388137854	-1.76748158468043	0.1728041139310997	0.1822840104751581	0.07220950439029619	0.1082202289463788	0.09592094078638666	0.09810166021379263	0.2079947626613064	0.05787392802157099	0.08972227074783919	0.06357013888965561	0.01486900342068056	0.01576433295831343	0.1262474240567674	0.01004039570498932	0.01008188268599728	0.01006643303203023	0.01272424474873723	0.1007719322673576	0.01142596860504072	0.01021148986969118	0.07257220143930812	0.01335764729953415	0.01103715010141383	0.07656277673048884	0.1050811204465346	0.06427953123310511	0.2403539673084361	0.01017151145955866	0.07914711829998926	0.01003779310101947	0.0118048859719197	0.4014040025183351	0.1581606969341737	0.02642881515684102	0.01157753922295487	0.1469357642907494	0.1108382887416992	0.01032287084199657	0.01014533828477049	0.01037444171863597	0.1490224672075366	0.1516672240316017	0.06856058852883049	0.1065829751760889	0.0870088724541575	0.08458179552760917	0.1730027159457538	0.04792347242628774	0.04194389400596011	0.0713659450050038	0.01149800572031661	0.01150649014956375	0.08184775294959351	0.009843267627621142	0.01018748508304771	0.01011987118630072	0.01063956324652925	0.1217985015343257	0.01520987884690413	0.01076310740763446	0.07720684528514744	0.01822555016914459	0.01368316502214375	0.06459399819749806	0.09649495534016823	0.04017941574703662	0.3583241107360838	0.01059876657479534	0.07080053962467467	0.01011852239546342	0.01223056738781193	0.3252564813100197	0.1339089709833885	0.01987300257959352	0.01483369548717079	0.1740421823758105	0.0930074502140581	0.01124059416834602	0.0106470228481385	0.0114318208634593	0	0	0	0	0	0	0	0	0	0	0	0	0.3473123537383316	0.09571147184740264	-0.01809706450276906	-0.07164156621757375	0.02192494124190507	-0.01991041355777083	0	0	54.56974909183988	-40.93957085203215	-10.94068971294272	-3.342367102257501	-4.014837163596116	-0.3173789267376003	-37.05720237447378	29.69224270601491	22.37544716093912	-26.49106952399515	-38.30019220879173	-20.04169806038398	174.7476512716592	174.7476544177613	49.34135998020897	49.34135962394948	-38.31708592421596	6.970942506985212	-119.3222979847392	-51.58700849220737	0	0
144.32232	-0.1905840819235542	0.005660993260636173	-0.09148336595038196	1.17277693846928	0.9256790385060039	-0.3290066776256672	0.5005493010153282	0.03438378658650524	-0.1236311846691402	-0.2129233956415265	0.0124757618478426	-0.118925880029757	0.02582127569797073	0.02582127382374299	0.5251789236035931	0.5251789243847165	0.005636912075405074	-0.445755571288585	-0.08411606517810166	-0.1627424032595108	1.156316877907893	0.551474174829042	0.3873360500996251	0.02066316261625303	-0.2371125043429716	0.09527184653224419	-1.662915519794535	-0.1696850797145965	0.01401103378303411	0.4645763284935618	-0.09581695241824911	1.488941837437461	-0.9675389609455799	-0.9675389138163092	7.388649369651886	7.388649382821031	0.7262757680434758	-0.1413393344453531	-0.1404408375298909	-2.169994747667118	0.1572271186715627	0.1619311936915703	0.06922446449530062	0.1076862459009465	0.08862466257182323	0.08701594628173197	0.1807996080705148	0.04719349295195904	0.05384057961398313	0.06408854203842872	0.01020154952257681	0.01005829475418623	0.08243448919853447	0.01077742851477828	0.01020681457721064	0.0101314039683013	0.01042657379303044	0.120435766348155	0.01549679361216612	0.01082567113690636	0.07709302682690446	0.01851257121343808	0.01391738015530146	0.06488699997334083	0.100247484777801	0.04002382022063297	0.2953594347473139	0.01064691618226489	0.07352221780519785	0.01013067943388564	0.01192171019931268	0.3563582165888572	0.1378272164930505	0.01696792210455516	0.01495213266498537	0.1517520728348062	0.07768844838493055	0.01132311222921656	0.01070825530587655	0.01152070453746099	0.1296319475734862	0.1248555213742538	0.06463330648035008	0.1074755524877251	0.07659877216263003	0.06870462320543834	0.1240235439410466	0.02964744188123161	0.001147594582695115	0.0602085260608328	0.002941721260909979	0.001255652376666302	0.001028628789841408	0.01237758256377664	0.01038982599706893	0.01022749329316775	0.007131543611853023	0.1566314021781453	0.02131576128788866	0.01170623908396764	0.08475127064098487	0.02590168421021641	0.01803949312917269	0.0453171902419945	0.09397468431610659	0.001194176839063563	0.3911844332758304	0.01132812220249062	0.06574448333646012	0.01026533735680992	0.0118909786185836	0.2452592315487938	0.09830395542584365	0.001595980069748797	0.01969766337674203	0.1465276426568424	0.007899484649878922	0.01274671346072605	0.01151755985838855	0.01314934724844747	0	0	0	0	0	0	0	0	0	0	0	0	0.321151095793517	0.07670958786295411	-0.03456969640385361	-0.06891092086286575	0.02470169151986454	-0.02218408459274281	0	0	51.35521756994325	-52.724896794444	-17.42449274349401	-2.970877291701754	-4.050466105804399	0.2704987788980884	-32.19979239336296	45.35504658625498	30.25562082434331	-28.90145528850128	-54.18493241564017	-49.34452873185425	176.6288518177462	176.6288543682124	38.7124044179391	38.71240304934617	-45.32538882350951	-8.927293317709815	-134.7499382955429	-49.43116977842515	0	0
144.33036	-0.1797000058341109	0.008288433135405877	-0.08900933903630372	1.172848393587051	0.9236369741281621	-0.3282238288857667	0.4862491852360978	0.034643281681703	-0.1224528524552029	-0.2101015595538632	0.009797691812031967	-0.108830952539399	0.02376791328463338	0.02376791186114935	0.5857505286612698	0.5857505294949507	0.009957982544073431	-0.4473180613527711	-0.08977787492110777	-0.1818046903204164	1.540562344655423	0.09053873585700545	0.2183020218431024	-0.00283740689438076	-0.2716210221550528	0.1005347079789059	-1.878273554564008	0.2532248550943251	0.2898562794785475	0.2418814294865892	-0.58896879214237	0.9893324883911612	0.4586152239145383	0.4586152874566206	7.669596843133532	7.6695968420565	0.3432381782632162	-0.2629481604097116	-1.289833541143128	-2.575562646253269	0.1467268772472152	0.1497561163067632	0.06727693954017799	0.1041377828260707	0.08460793269311248	0.08224980805634753	0.1457051981029347	0.03735664764161598	0.1092948417380248	0.05877286350967301	0.02060120627973858	0.01182850730043967	0.04062604136150956	0.01105860915222959	0.01021104525632385	0.01012965854001948	0.01019625536475319	0.1245408474888379	0.01571853925857296	0.01086644470049722	0.07731746153468397	0.01893185735423166	0.01407498257199534	0.0560591423476429	0.09775829098370264	0.0824554656281067	0.3608178598069968	0.01067612918689299	0.07390960769175954	0.01014047939142316	0.01141254684901066	0.2930406647968637	0.1139328911528566	0.01000572186784082	0.01504627992047229	0.1310432290823673	0.1007217372429231	0.01139981586612035	0.01075838865532117	0.01159601591019442	0.1384156780689281	0.1441359027623675	0.06610339854044349	0.09443016853627972	0.08393838805598541	0.08484655137428486	0.08597342118079622	0.02802871663338712	0.302796936421099	0.04853495529940579	0.05023250230754712	0.02300805187010342	0.001657841404964667	0.01036877568579866	0.0100697070725522	0.01004658311322953	0.01239021880571579	0.1050898745457116	0.01139941352915453	0.0102317112423627	0.07144012202559344	0.01375572664558223	0.0110208243929431	0.04998954067515926	0.09621113063544125	0.2238155292591094	0.5240971269074397	0.0101799474280951	0.08142394604177737	0.01005144357979091	0.0102958019955786	0.1498057013451711	0.07833890183649518	0.006897493938090261	0.01133031980484982	0.07379150051775932	0.2201473889043812	0.01039738929752183	0.010203402352774	0.01042109880759783	0	0	0	0	0	0	0	0	0	0	0	0	0.263407311765165	0.0576367601697392	-0.02755120816638111	-0.0552736078660264	0.02368498688425881	-0.02113360236533337	0	0	43.44614634527381	-61.35686087318773	-24.72124331454948	-2.932766560557835	-4.613327093599453	1.065686328118766	-20.23866402347358	59.50748874274154	38.25009505615843	-25.54155284831955	-68.04409709424237	-73.84234642386491	178.0011928087683	178.0011942798769	31.74786478980598	31.74786269136069	-49.3141508850218	-20.56686539964677	-150.9929893914466	-52.1562358281954	0	0
144.3384	-0.1660319227302154	0.006969600604592634	-0.08813443357774998	1.17272850094315	0.9212945661549934	-0.3273715643182222	0.4706732946843297	0.03873549634595153	-0.1188102469044297	-0.2089009645324966	0.002738664520044192	-0.1034654419618789	0.03321262056876318	0.03321261969023578	0.6483907029808137	0.64839070373409	0.01111572121676329	-0.4501842844716076	-0.1051817342025216	-0.204254914762266	1.842803104652833	-0.4252432273059431	-0.01070625678281368	-0.02737160309571616	-0.3123506761685415	0.112668436596629	-1.972253612627646	0.780259018988783	0.6249501219308314	0.06868088485510471	-1.181265498596059	0.3233479882472233	1.890578182942601	1.890578253296215	7.907263617679114	7.907263598431178	-0.05458496078096123	-0.4592532061515858	-2.559226479080256	-3.016813462443304	0.1452125560829582	0.1521825158863809	0.06712402158033355	0.09579709866451931	0.08638770698162092	0.08816383592733894	0.1075814291897716	0.03192676972777311	0.2726859998144885	0.04998885429333101	0.05117374992991124	0.02497503535852892	0.01986096443964382	0.01001383471643142	0.01002736591618921	0.01002410942409828	0.01313589783721399	0.1010867062302329	0.01009078984440467	0.01002975893673218	0.07047740474480019	0.01213360371551207	0.01008710720137105	0.0543603219883541	0.09764068620735566	0.2080740715767571	0.4490605482292136	0.01002347665896897	0.08221022083075137	0.01002067842361618	0.01027480622060836	0.2124500533396912	0.09122899124699868	0.01006621436993774	0.01025686030349968	0.08358847846469558	0.2112458904623736	0.01007233237513131	0.01001846106762097	0.01004883445637134	0.1471994085643701	0.1634162841504811	0.06757349060053693	0.0813847845848344	0.0912780039493408	0.1009884795431314	0.04792329842054584	0.02640999138554264	0.6044462782595029	0.03686138453797878	0.09752328335418427	0.04476045136354054	0.002287054020087925	0.008359968807820684	0.009749588148035475	0.009865672933291323	0.01764889399957856	0.053548346913278	0.001483065770420405	0.008757183400757755	0.05812897341020201	0.001609769080948046	0.00400215565671351	0.05466189110832401	0.09844757695477592	0.4464368816791553	0.6570098205390491	0.009031772653699584	0.09710340874709462	0.009837549802771907	0.008700625372573604	0.05435217114154844	0.05837384824714674	0.01219900780643172	0.002962976232957616	0.001055358378676221	0.4323952931588835	0.008048065134317609	0.008889244847159453	0.007692850366748183	0	0	0	0	0	0	0	0	0	0	0	0	0.205663527736813	0.0385639324765243	-0.02053271992890861	-0.04163629486918704	0.02266828224865308	-0.02008312013792393	0	0	31.02843413280582	-66.30633554810912	-32.19686150098693	-3.218320089601879	-5.567029266310821	1.956234882711488	-2.316479191652852	71.07082199782045	44.70206329911579	-16.66668037031402	-78.66918698548312	-90.23536028576002	177.7861754016934	177.7861756380619	27.79458799032067	27.79458564949978	-48.81004416625251	-27.43409688203273	-163.7817159140405	-57.8836423137023	0	0
144.34644	-0.1503787088781042	0.001385682623594815	-0.08933595162393405	1.172399355098337	0.9185914143310844	-0.3263931964174618	0.4549665273090051	0.04740181793442744	-0.1122957486680046	-0.2087515191255876	-0.009383311011355049	-0.1038754120149992	0.05412921915917192	0.054129218842419	0.7128378716894119	0.7128378722135839	0.009146899544377999	-0.4547961421095522	-0.1311263771294415	-0.2304469531861584	2.029283985551015	-0.9651971762314397	-0.2970098575509166	-0.0551898187090014	-0.3615740905865593	0.1318156396108844	-1.906187619324956	1.386078940965654	0.9998667413280192	-0.01310364249003792	-1.842857658776919	-0.4331098418874418	3.307196922559197	3.307196990644155	8.121643619456243	8.121643582050295	-0.427424810592143	-0.6902922938592129	-3.900406699249839	-3.50636688463028	0.1276943170555732	0.137152370673237	0.05800736353764956	0.07768713158634442	0.07653956239926299	0.08105037274433566	0.07160527207775573	0.02766496597978142	0.3763713479154698	0.03795357600256084	0.06191844956444397	0.02931505611140909	0.01134229762203128	0.04305588878794978	0.01846039539772739	0.01566311864589869	0.01414533596219714	0.0822458213191067	0.02325539192591792	0.02595119720968844	0.05615121646429664	0.01344259827372098	0.01578913177743642	0.04687164375930359	0.08495477785344729	0.319731283793343	0.5559563231861027	0.01750281352118695	0.076639949519109	0.01578793016471086	0.01371173676124862	0.1354268498561586	0.06677788375000106	0.01182829621805419	0.0136404684429703	0.07082451918872439	0.2581993651758916	0.01297650483555618	0.03685439356654197	0.01654331660357035	0.07417281178456239	0.08227688206579184	0.03442842935265302	0.04132860792868166	0.04624739596609167	0.05109665993023189	0.02465835351486059	0.02220684714304983	0.463107535272777	0.01957477703127235	0.04927445602211389	0.02288875558094276	0.00642665716196093	0.1225355941014225	0.03780830866595839	0.02851878443075202	0.01269072855792473	0.07085611075181859	0.0604210529162556	0.06355685160507653	0.03001926956606043	0.02500951560167532	0.0336553798312632	0.02808217320353895	0.04990226424117026	0.500100662001149	0.8284814253370856	0.03524936042428502	0.04922178954503083	0.02895596878659498	0.02274038452112397	0.02784365470738069	0.02991855355839123	0.01402040132913565	0.02723364597095013	0.1042001682967816	0.2167001585842263	0.02116684418219866	0.1005576698456519	0.03315944357603801	0	0	0	0	0	0	0	0	0	0	0	0	0.1599482135048535	0.06329058996983225	-0.08675727198921049	-0.02597407052798802	0.02133724888987959	-0.0143426162390563	0	0	14.82242757666073	-67.35567403535835	-38.76502430390642	-3.726150221457061	-6.680419309329157	2.780770175867757	19.0516032528142	78.91438582705671	47.88366094762335	-2.954153116471444	-85.15541133217377	-96.01808567198019	173.7390357385968	173.7390349999572	25.73429038063302	25.73428829447283	-43.02574547368855	-29.16061839397774	-167.9836805267678	-63.60511247535815	0	0
144.35448	-0.1337804448774861	-0.008531137940128192	-0.09303139452480655	1.171829043274484	0.9154572208275288	-0.3252364057003106	0.4404907096631503	0.06114297317236635	-0.1027112759048611	-0.20877331711602	-0.02698391469399666	-0.1104273895165757	0.08624094626569662	0.08624094646450554	0.7789507143672012	0.778950714530863	0.004426536329516181	-0.4612643795641018	-0.1678569195766366	-0.2607313777702805	2.074662702024145	-1.497842349771442	-0.6281269498557086	-0.08743720962737242	-0.4193764472000955	0.1567217749026709	-1.666207770718606	2.036109986463325	1.38235558952736	0.03096422356638921	-2.537658007900597	-1.188468709921453	4.666593913219466	4.66659397244168	8.322140307970731	8.322140256885378	-0.7316674885381927	-0.9139368629454	-5.224228034524009	-4.030071251498407	0.08176635735430321	0.08886674509746319	0.03561261592209804	0.04732271930289159	0.04773520993840968	0.05113946017333114	0.04048418895669229	0.02340522724790886	0.3780976180155708	0.02272218414058563	0.04053006773829072	0.01878689549667476	0.01002643729599327	0.1163130443174116	0.03775317160264007	0.02860997478891859	0.01171126213077021	0.08154177978134908	0.06111889933251436	0.06260801531346159	0.03392238720618704	0.02728717143004417	0.03490199417670033	0.02870247267454384	0.05303795887178815	0.3992452709492856	0.6811651589014051	0.03540245020905822	0.04843848294829726	0.02904723540786686	0.02316933540879396	0.07620800121764676	0.03919606649184412	0.01361898155102709	0.0288383101665998	0.1162563872349471	0.1883118800962054	0.02169805790689874	0.09663535477008145	0.03363904977299167	0.001146215004754703	0.001137479981102562	0.001283368104769119	0.001272431272528898	0.001216787982842541	0.001204840317332416	0.00139340860917533	0.01800370290055703	0.321768792286051	0.002288169524565913	0.00102562869004351	0.001017059798344978	0.01056626030383393	0.2367112193950243	0.06586702918388131	0.04717189592821271	0.007732563116270892	0.08816387459035921	0.1193590400620908	0.1183565198093953	0.001909565721918847	0.0484092621224026	0.0633086040058129	0.001502455298753881	0.001356951527564592	0.5537644423231426	0.9999530301351219	0.06146694819487045	0.001340170342967042	0.04807438777041804	0.03678014366967435	0.001335138273212943	0.001463258869635719	0.01584179485183958	0.05150431570894266	0.207344978214887	0.001005024009569198	0.0342856232300797	0.1922260948441443	0.05862603678532785	0	0	0	0	0	0	0	0	0	0	0	0	0.114232899272894	0.0880172474631402	-0.1529818240495124	-0.01031184618678899	0.0200062155311061	-0.008602112340188674	0	0	-3.781111421439332	-64.49862120579834	-43.12662702658812	-4.288896137290808	-7.645039440730486	3.358912805520197	40.29358845857913	81.87389248051394	46.39540499437457	14.39236104124596	-86.83023350640568	-89.84960599574201	163.1021056470388	163.1021041990117	24.06601005677614	24.0660088572919	-31.73776192483592	-25.59228012699503	-158.7321029122974	-65.78843818352843	0	0
144.36252	-0.1174287731908803	-0.02259687629736143	-0.09949607193056198	1.170982216298555	0.9118314901620672	-0.3238647292067376	0.4285976203409925	0.08014425568208862	-0.09015762458390865	-0.2078542018522454	-0.05016861328386002	-0.1227228989757623	0.1288478434081994	0.1288478440287285	0.8466122045726807	0.8466122043016459	-0.002316240973836081	-0.4693592794925842	-0.2147563405437209	-0.295231965914864	1.96740968353433	-1.992205228051209	-0.9812777776546211	-0.1237956100804683	-0.4831897486755198	0.1847148577096619	-1.269136357654431	2.686540624892434	1.731068769693271	0.2235815367780805	-3.224795197363309	-1.845876298764519	5.906055946414891	5.906055991114362	8.505142673784864	8.505142618730666	-0.9232910447438923	-1.088078819470679	-6.407273478352915	-4.5461481909437	0.04060085779834244	0.04409240006871538	0.02260601568872959	0.03680180441269085	0.02491954503722842	0.02525081882405535	0.0323157910837099	0.01893048917965958	0.3238180528813309	0.02837390093283929	0.04008534320892498	0.03397505273980583	0.0120430469580026	0.1778117535269911	0.04349330859343117	0.03192634119100667	0.0102749370120987	0.1282547882613166	0.1010299129738767	0.0825974619834486	0.03602514755589377	0.04395530297504122	0.04596729696400768	0.01550982896950175	0.02725696931310696	0.403122986071988	0.7007961145562825	0.04067497322048542	0.0239194483392196	0.03246652987684438	0.0254608331401117	0.06072989770994561	0.02699144873110328	0.01323543642026953	0.03649932905482697	0.1939548282675279	0.148656359324647	0.02763451375774591	0.1571085389415902	0.04872074974251007	0.002679475804286058	0.001616219320093453	0.02010963960605498	0.04876787669401955	0.008502307243677183	0.004060199433838514	0.04461162148824806	0.01309314317008014	0.1614160235001327	0.05826326454241482	0.07114765923214986	0.08417527647632114	0.01612192390306245	0.257245854438553	0.03362557224103913	0.02418181384104028	0.0103285929570539	0.2535846144963494	0.1574576974785343	0.0868686553434963	0.06713369519382424	0.0662209787553078	0.04880956108859143	0.007358028555074676	0.007438845322083063	0.2773972030326557	0.500486079973768	0.0313648891610924	0.003974796082690335	0.02457825615390328	0.01942098025782794	0.08163094710848144	0.02883055682414007	0.01053346185714123	0.03565703702729496	0.3525084108115186	0.1782790044665492	0.03096077367391424	0.2499762076432447	0.06433652603517281	0	0	0	0	0	0	0	0	0	0	0	0	0.127749092163555	0.04733693071490012	-0.1237883060498462	-0.02023256488466804	0.01949367594603603	-0.008793795159665328	0	0	-22.77927441253242	-57.86749521942809	-44.06383089420901	-4.718564432278025	-8.119919553605678	3.523726382008864	57.50396237277774	78.84821102121276	39.39892592620591	33.69871942665622	-83.18016914336867	-71.78689957212404	143.6230268999367	143.6230247176524	21.1050758668926	21.10507614620292	-15.07271459271102	-16.91710413691989	-132.58694658861	-61.26795849731436	0	0
144.37056	-0.102539816111257	-0.04038447336925184	-0.1087857565740006	1.1698319533688	0.9076851422512103	-0.3222681588395806	0.4203821433470719	0.1042058666984089	-0.07508707801196852	-0.2047556428427731	-0.0786999404223791	-0.139602805279081	0.1806857056309142	0.1806857065318399	0.9156228037165836	0.9156228030295255	-0.01000868269305082	-0.4785240272876931	-0.2701317765833341	-0.333646776999165	1.713224259259289	-2.419011818501744	-1.325080086010562	-0.16252897975158	-0.5478271108068736	0.211951474533965	-0.7611518444520872	3.285834855179387	2.001064661834776	0.573399710512857	-3.860148280026493	-2.314990782079171	6.949730130535234	6.949730154559825	8.653992426842201	8.653992380557334	-0.9618198702000449	-1.174202979105311	-7.309342764144252	-4.992346530504115	0.02069375462657098	0.02146423498025248	0.02727768586383417	0.05756314102237219	0.01835311825667987	0.01464564872996589	0.05213077918588288	0.01417019445995604	0.2224149549742425	0.0613226971775343	0.07714073098700114	0.08487674725155289	0.01608643341478607	0.2168611102878552	0.02809265592762892	0.02038449737151165	0.01116885733572513	0.2265039858021888	0.137905012285725	0.07535898467185689	0.07191573750305554	0.06079125236675471	0.04287601351471333	0.01298127391983164	0.01846269042622174	0.2966638806632381	0.5411878047314237	0.02618613800669358	0.0139131671291599	0.02069353314956361	0.01656263357749264	0.09436961907452726	0.03659095962756985	0.01000465766217411	0.03099063316571339	0.2944242266877597	0.205599703759614	0.0283144469234101	0.2121448962801884	0.05840569103049927	0.004212736603817412	0.002094958659084344	0.03893591110734084	0.0962633221155102	0.01578782650451183	0.006915558550344614	0.08782983436732079	0.008182583439603253	0.001063254714214473	0.1142383595602637	0.1412696897742562	0.1673334931542973	0.02167758750229098	0.2777804894820817	0.001384115298196954	0.001191731753867839	0.01292462279783692	0.4190053544023397	0.1955563548949778	0.05538079087759731	0.1323578246657297	0.08403269538821299	0.03431051817136999	0.01321360181139547	0.01352073911660153	0.001029963742168862	0.001019129812414135	0.001262830127314366	0.006609421822413628	0.001082124537388517	0.002061816845981528	0.16192675594375	0.05619785477864442	0.005225128862442893	0.01980975834564726	0.4976718434081502	0.3555529849235292	0.02763592411774878	0.3077263204423452	0.07004701528501775	0	0	0	0	0	0	0	0	0	0	0	0	0.141265285054216	0.006656613966660063	-0.09459478805018001	-0.03015328358254709	0.01898113636096595	-0.008985477979141981	0	0	-39.97461437517299	-47.75718994626306	-40.69256118323678	-4.858486638578285	-7.808663866640377	3.157047320477155	67.44395767009033	69.06918965224236	26.91278451242538	53.2217860681113	-73.92548509270385	-43.39234608970919	114.3779093672676	114.3779064268581	15.35640744117761	15.35640931533292	6.112475522416284	-3.876235382792847	-89.0889686257092	-48.26424520216575	0	0
144.3786	-0.09021431583829034	-0.06124294240669386	-0.1206805012173298	1.168369698362545	0.9030392767562343	-0.3204706045084423	0.4164764545557992	0.1326947783588665	-0.05830029964516294	-0.1982240084511746	-0.1119797669778105	-0.1592474418784255	0.2398679970732821	0.2398679980666974	0.9856054981321783	0.9856054971479042	-0.01729176541489916	-0.4879231824765106	-0.3311905730099007	-0.3751360379636345	1.334831690175421	-2.752076633121246	-1.623019458547917	-0.2008945973173701	-0.6061498171652655	0.23394583363836	-0.2093924624428734	3.778582063427938	2.152199448624059	1.075777424086262	-4.398528534606359	-2.523663057570772	7.720882864175838	7.720882862675948	8.741870368500864	8.741870342421054	-0.8179562167022558	-1.142393932675304	-7.802416647302129	-5.299721496669131	0.01238617144666709	0.0119366685323895	0.02837170740189911	0.06637233918160422	0.01572069954350689	0.01083379841223091	0.06687932107525037	0.01271145717811255	0.1415807875848634	0.07677319463154911	0.09066446975239745	0.1040225396949801	0.01608037589018232	0.2115415468429228	0.03735130611296667	0.03271571484134049	0.0137824285377193	0.3188856797251527	0.1802122333318985	0.09248033777509722	0.1034853896467153	0.07889449431603868	0.04676467436541586	0.01256314112180005	0.01485583867100984	0.1905240722926688	0.3463587766287912	0.02260500039515864	0.01043712356137629	0.01151708371087392	0.01019433279410178	0.1226680805283208	0.04435575466221747	0.03599797174406111	0.03122605902445676	0.3580021849036307	0.2304471917491998	0.04734295235476153	0.2418815076909465	0.08682016333740021	0.007020526491346641	0.006140972635535216	0.02120032895164829	0.05576781816261644	0.0118439714407969	0.008605424933489154	0.07392802267282456	0.01434148949258044	0.06947909637099926	0.0713094771465447	0.07116040494030984	0.0841819794200839	0.01143248101121413	0.1394027207427929	0.08118900362222901	0.07734088688905892	0.01822015036327485	0.4772173009249296	0.260259780888523	0.1548263770017679	0.1366594978062059	0.1062174361820819	0.06336163871130601	0.01142922231851524	0.01072634392900061	0.07281094808623401	0.001037686863276701	0.03462644725517409	0.008625212819774346	0.006739205110385117	0.0077174427195892	0.1436748713400632	0.04668673340216534	0.1006713328731288	0.04099290762023152	0.4156500655873187	0.17828388775125	0.0938460830248392	0.2582650959857723	0.1513737626070461	0	0	0	0	0	0	0	0	0	0	0	0	0.1725455312705058	-0.05624237043161227	-0.09063996948910508	-0.05452460112868728	0.01906688986157545	-0.00858974783752681	0	0	-53.37234570471617	-34.64533200547049	-32.64288235738358	-4.618384352033702	-6.531389561494871	2.221037515621344	68.1987759419961	52.38067351247515	10.11922717202823	71.40100277509022	-59.09124677028824	-7.584991960420526	76.09824165037691	76.09823835935278	5.822304286688546	5.822307324213501	29.89874841152047	12.13708719838112	-31.74566140537992	-26.92261373732709	0	0
144.38664	-0.08130968335922369	-0.08432848150199204	-0.1346613222206846	1.166611044516077	0.8979765875108879	-0.3185322690147222	0.4169272072285685	0.1645357374540523	-0.0408714628161825	-0.1870920341683338	-0.1490514287546329	-0.1793637079960286	0.303933501044283	0.3039335019224751	1.055942052290692	1.055942051200748	-0.02264279039293418	-0.4965320076265073	-0.394263006718994	-0.4183310472581871	0.8695043312839834	-2.969922042457255	-1.838061352682095	-0.235730569615623	-0.650184835508146	0.246281697835276	0.3096577316791842	4.111281137283961	2.157794687675755	1.713993447830983	-4.796469275610568	-2.427695951014181	8.155594729827934	8.155594703408845	8.736449461693349	8.736449461877266	-0.4813852413352425	-0.9761777987789669	-7.800758536610687	-5.40811971950401	0.01038669010645771	0.0101065121565925	0.01879634082383948	0.04863725047668168	0.01232070624334391	0.01018215086056323	0.06619852139913625	0.01562820886319161	0.125243261860784	0.06115344805192124	0.06024062593586241	0.07012426939878456	0.01016850650912645	0.145006896867042	0.08384035397216995	0.07886979826888796	0.01791986176942095	0.3914847917188861	0.2304790805246555	0.1492130060124461	0.1202512322620247	0.09859755606021933	0.06409330476662843	0.01135532028185799	0.01169405509588425	0.1551433271806111	0.207532252084441	0.03958286789474065	0.01012098800399004	0.01077549365401388	0.01071813637309856	0.1273476185747191	0.04257544889347861	0.09743338209837829	0.04301781933036341	0.3621257561692323	0.1639173322472961	0.09050144606633896	0.2369243704643972	0.1401185531428207	0.00982831637887587	0.01018698661198609	0.003464746795955724	0.01527231420972267	0.007900116377081979	0.01029529131663369	0.0600262109783283	0.02050039554555763	0.137894938027784	0.02838059473282572	0.001051120106363492	0.001030465685870507	0.001187374520137276	0.001024952003504033	0.1609938919462611	0.15349004202425	0.02351567792871278	0.5354292474475194	0.3249632068820681	0.2542719631259386	0.1409611709466822	0.1284021769759509	0.09241275925124202	0.009644842825635007	0.007931948741399689	0.1445919324302991	0.001056243914139267	0.06799006438303383	0.01064100381713506	0.01239628568338172	0.01337306859319687	0.1254229867363764	0.03717561202568628	0.1961175368838146	0.06217605689481578	0.333628287766487	0.001014790578970759	0.1600562419319296	0.2088038715291994	0.2327005099290745	0	0	0	0	0	0	0	0	0	0	0	0	0.2038257774867956	-0.1191413548298846	-0.08668515092803013	-0.07889591867482745	0.01915264336218495	-0.008194017695911642	0	0	-61.37405846567654	-19.23397977936399	-20.16908051233947	-3.98431417058023	-4.264524293952253	0.7716610906225824	59.36305681977196	29.44188777904282	-8.896975122486023	86.76567151711147	-39.10018535089723	31.65563755818971	31.2272170267115	31.22721429145452	-7.85565702780241	-7.855653701356721	53.5469178393955	29.21079852013475	32.65039917836314	0.7723436652987905	0	0
144.39468	-0.07633734498739074	-0.1086500365410226	-0.1499267940967556	1.164596680635487	0.8926428477525061	-0.3165460507117239	0.421168554250169	0.1982544490152087	-0.02401649987623639	-0.1703747877260212	-0.1886276264115013	-0.1974401008466964	0.3700025963369572	0.3700025969284227	1.125749962742225	1.125749961756162	-0.02455009915307064	-0.5032583636611906	-0.4552327632331374	-0.4614593299356087	0.3653299430058763	-3.057735759425106	-1.937855693994968	-0.2640480574521019	-0.6724337438218266	0.2453629428598648	0.7219657694770532	4.239399056734496	2.00974915836473	2.459326392545046	-5.015857804725908	-2.017824708891284	8.215591477948781	8.215591435077625	8.605209894948887	8.60520991965457	0.03429775003485021	-0.6755448869802836	-7.281330113256547	-5.278965475283919	0.0101203355591897	0.01012405121556081	0.01163466059704353	0.04343046809717217	0.01024663672604208	0.01020316055981152	0.05959804894372329	0.01631228259850758	0.1137241866390793	0.04565855030379005	0.07093604391394377	0.08367201196471385	0.01503972209788283	0.07574840531170834	0.1129354193330097	0.1005960275113587	0.01863481412357186	0.4655769339038501	0.2801506017592684	0.195871901770056	0.1471311397211937	0.1243395090817619	0.08530017259988246	0.01048301904959576	0.01019834073876825	0.16144482815232	0.1142069505677701	0.05308625836650883	0.01029853511616804	0.01106997559475023	0.0115770811127457	0.1189297221774353	0.03782464526742688	0.1481912315574828	0.06289135827291095	0.3410437783057791	0.2120894148584474	0.1153693390559545	0.2625402800785381	0.175028307131942	0.009984417373531637	0.01009697435879574	0.007979271182719072	0.05800809853319212	0.009230930928292721	0.01015694288569744	0.04796565877250182	0.01383263196456705	0.0697889234848373	0.0341809519073242	0.1465547808296442	0.1755535196384736	0.03338162219178299	0.001058120539293581	0.1260764912938023	0.09451629860955464	0.01562989638116677	0.6416270738437578	0.3712443710654509	0.2499429110056673	0.2084596148899776	0.1716052110277652	0.1169188200781851	0.009937656525434041	0.00994093324554211	0.1896631000485062	0.001036676506117634	0.06230102430739513	0.01026714531594978	0.01039298413448037	0.01131258177406066	0.09633444955091845	0.03084421583750406	0.2086369113257199	0.09647820690151065	0.2842417439551926	0.5004912362224889	0.1241572416883444	0.3754549875631365	0.2007928627137296	0	0	0	0	0	0	0	0	0	0	0	0	0.1909170230896297	-0.1611251205268388	-0.06602701969383928	-0.08388717238399637	0.01806310098876468	-0.007828801904190099	0	0	-62.90921508457724	-2.47678974274586	-4.175840614901589	-3.010803810112548	-1.148147001807249	-1.04523683421781	41.90678336946128	1.826232119420496	-27.68760811645984	97.78493700985454	-14.8715414428678	69.70709712720624	-16.3914977112274	-16.39149893793092	-25.37197757201627	-25.3719749503751	73.91658888986274	45.22226839628847	95.57722315085159	31.56160868240245	0	0
144.40272	-0.07539449799792573	-0.1331305384132522	-0.1654510132664149	1.162388962294902	0.8872379734813842	-0.3146282329643497	0.4280832045315789	0.2320787303233242	-0.008937286286707005	-0.1473683161457298	-0.2291498399517387	-0.2110421550612417	0.4350216928636858	0.4350216930912204	1.193901882986724	1.193901882270168	-0.0217140791535384	-0.5070779429179666	-0.5100786330116777	-0.5025510301683754	-0.1236776794367617	-3.009175612412934	-1.899661509178015	-0.2835143182748112	-0.6671174067578889	0.2290605521740563	0.9658309026056024	4.134461772718923	1.719531290871247	3.270591378948382	-5.028009150451782	-1.322518573707504	7.896772441481985	7.896772396355771	8.320577131912676	8.320577172353042	0.6899332668351517	-0.2571716766607599	-6.29084264684229	-4.902391163965133	0.01009860392917142	0.01007928333703309	0.01113405172124899	0.06390388202286015	0.01013745456122211	0.01013186193465017	0.04998919179161694	0.01276752135978003	0.07308215840784398	0.04144393168241935	0.1479413584205098	0.1743586759020456	0.0352369028605278	0.03695476196053934	0.1092448624452041	0.08052311622576735	0.01442016083141048	0.548595990751323	0.3264106488012663	0.217727676119983	0.1917786866924159	0.1575239114138242	0.1075260002151851	0.01028409783901239	0.01072779710126305	0.185395980416474	0.05779654741111986	0.05600075072389388	0.01015665222408763	0.01003398661335105	0.01074608713124409	0.100136730564359	0.03215785614656689	0.1781605647162912	0.08964157544233771	0.3083541816159795	0.4394640770424423	0.1094156181097435	0.3445351992283809	0.1780984693404963	0.0101405183681874	0.01000696210560539	0.01249379556948242	0.1007438828566616	0.01056174547950346	0.01001859445476118	0.03590510656667533	0.007164868383576464	0.001682908941890555	0.03998130908182269	0.2920584415529249	0.3500765735910767	0.0655758698634287	0.00109128907508313	0.09115909064134346	0.03554255519485928	0.007744114833620749	0.7478249002399964	0.4175255352488337	0.2456138588853961	0.2759580588332731	0.2148082450795796	0.1414248809051282	0.01023047022523307	0.01194991774968453	0.2347342676667133	0.001017109098096	0.05661198423175644	0.0098932868147645	0.008389682585579015	0.009252094954924454	0.06724591236546049	0.02451281964932183	0.2211562857676252	0.1307803569082056	0.2348552001438982	0.9999676818660073	0.08825824144475916	0.5421061035970736	0.1688852154983848	0	0	0	0	0	0	0	0	0	0	0	0	0.1780082686924638	-0.2031088862237929	-0.04536888845964847	-0.08887842609316531	0.0169735586153444	-0.007463586112468557	0	0	-57.60929298443624	14.4925788891769	13.87415371537981	-1.803142269321618	2.535657397318701	-3.015343271319052	17.87491136106461	-28.07934093607907	-43.90064837786581	102.9237181229088	12.17629858683102	101.9167870405137	-62.24422714216576	-62.24422649665193	-45.8162758234881	-45.81627460664021	87.8699125403332	58.20280086263198	148.5074893314375	61.69638472112454	0	0
144.41076	-0.07814131516062892	-0.1566794463504956	-0.1800772090859782	1.160065232751868	0.8819980274187594	-0.3129048169441991	0.4361327677370271	0.2640912055002741	0.003328228642960111	-0.1177472542313963	-0.2688796158624887	-0.2181095822596996	0.4960501833108266	0.4960501832129375	1.259083828642102	1.259083828272888	-0.01324598932510362	-0.507159713400203	-0.5554152880935754	-0.5396769811168811	-0.5440117414106621	-2.827289953628215	-1.714179769462993	-0.2927707187664572	-0.631155051081652	0.1971320304499063	0.9991893370921137	3.789521283114133	1.315785263096604	4.095188224104498	-4.817416041991549	-0.4055288267050554	7.231056406860137	7.231056372799188	7.864350570745559	7.864350614609507	1.423441394317581	0.2481909649311621	-4.938228448129038	-4.29799230833585	0.01011977883290542	0.01006108086008989	0.01136400051657721	0.0717705159849793	0.01032209156592233	0.01009593039308851	0.03757756739178438	0.01031514948526071	0.03791370895329086	0.0571075028500549	0.1800805554603972	0.2122305508142389	0.04350713611828908	0.02056507462013266	0.09965860037045204	0.05851285084164133	0.01117302409890676	0.6030586738710708	0.3518288360933368	0.2264086690177917	0.2191050287905307	0.1760036671594309	0.1173550329896752	0.01027044956381819	0.01329562076073714	0.1797088638942486	0.07406118990328488	0.05727993423693534	0.01008806018532722	0.01893294493202608	0.01020055075406445	0.07529836636868321	0.0251703814360956	0.2166890813907028	0.1085606434483202	0.3597386631896287	0.6405382868104348	0.1154733642518159	0.4118551409881961	0.1859755565874475	0.01013259950345287	0.01007995859590988	0.01075903210721205	0.0605992317181524	0.01038549709554291	0.01010888743566308	0.01908961922619413	0.00941783548296924	0.008608684025735294	0.09712473684090556	0.1502499986122802	0.1756473243658858	0.03783338723293385	0.01146332894207623	0.08829597260167174	0.03901369200890345	0.009350491296892551	0.666707632758224	0.3683672019576001	0.231338418008312	0.2350323038306949	0.1835341414681906	0.1160243002536835	0.01028427944145851	0.01806299242384366	0.1178882279698352	0.1622253606576815	0.05997953072584436	0.01015160866947358	0.04047869656149566	0.01020989962090726	0.03630894337529578	0.01511294021692251	0.3047390060004556	0.1254565896664936	0.617275735450465	0.9998835041737956	0.1502722182291602	0.5010006424199418	0.2188140393599776	0	0	0	0	0	0	0	0	0	0	0	0	0.1395711752730565	-0.1854433456779882	-0.001942128400321546	-0.08596144955148675	0.01547441098745086	-0.008154647593320892	0	0	-45.99394307606334	30.49885915323735	32.13632804024959	-0.4941683117670942	6.406697403408052	-4.890263497147124	-9.950760804900247	-57.37184559948798	-55.67850817845738	100.9419215920968	40.2036518583411	124.2731311760153	-102.0297490779103	-102.0297471222082	-67.79235213367045	-67.7923524732627	92.99066553839317	66.66681547729713	184.7955546109237	87.71843355427903	0	0
144.4188	-0.08383508289080727	-0.1782676553826197	-0.1926355299111164	1.157709361874563	0.8771709682501095	-0.3114956929456926	0.4435358513201143	0.2924144185987383	0.01202453893344129	-0.08164244682882837	-0.3060164629271595	-0.217211902275725	0.5505341908569455	0.5505341905547815	1.319884480377946	1.319884480336521	0.001179648250074298	-0.502960988516377	-0.5889158053649026	-0.571169014215922	-0.8502782016035874	-2.524110745550376	-1.387610866963064	-0.291558049865981	-0.5647191382432396	0.1513295702012444	0.804208281927707	3.221526892217525	0.8390797976321219	4.8732393453723	-4.384468214195354	0.6419932027087172	6.281377542285521	6.281377526015829	7.230932374999266	7.23093241116269	2.158664039774776	0.8004572636171826	-3.373580184790567	-3.509904910786756	0.01012409924877526	0.01009571410244353	0.01045739350763351	0.05402702526039073	0.01029768282580744	0.01013312057840252	0.02242832463192913	0.01057704989976724	0.02434642649727694	0.09389090589727835	0.1292198268560575	0.1517542917808819	0.03175012061495873	0.01897528024811374	0.0933403947282954	0.04949287781252307	0.01071554163365949	0.6095401183561534	0.3476411574996084	0.2250784133073671	0.2158813702977648	0.1713359917405269	0.1096858262138819	0.01029595003762604	0.01788396580696186	0.1212019926027508	0.1607291124473169	0.05966998158542784	0.01020883223694896	0.04063293276263485	0.0105252468823783	0.04622203954180895	0.01672347453670483	0.272912018098951	0.1150359113299574	0.5322873049107842	0.7593536889207719	0.1483068013040316	0.4359073359079758	0.2124449190224744	0.01012468063871833	0.01015295508621437	0.009024268644941673	0.02045458057964322	0.01020924871158235	0.01019918041656498	0.002274131885712944	0.01167080258236202	0.01553445910958003	0.1542681645999884	0.008441555671635511	0.001218075140694851	0.01009090460243899	0.02183536880906933	0.08543285456200003	0.04248482882294762	0.01095686776016436	0.5855903652764517	0.3192088686663664	0.2170629771312277	0.1941065488281166	0.1522600378568015	0.09062371960223868	0.01033808865768395	0.02417606709800279	0.001042188272957145	0.3234336122172669	0.06334707721993228	0.01040993052418266	0.07256771053741232	0.01116770428689007	0.005371974385131059	0.005713060784523187	0.388321726233286	0.1201328224247815	0.9996962707570318	0.999799326481584	0.2122861950135612	0.4598951812428101	0.2687428632215705	0	0	0	0	0	0	0	0	0	0	0	0	0.1011340818536493	-0.1677778051321835	0.04148463165900537	-0.08304447300980819	0.01397526335955732	-0.008845709074173227	0	0	-29.56327743551646	44.51702914462742	48.65108516212133	0.7789858319490832	10.04704719702324	-6.429359465318452	-38.37817412657487	-83.0957565190718	-61.94050902413175	91.34884576708528	67.1372031757775	134.0798581435593	-132.4493499264767	-132.4493476042317	-89.59635222103802	-89.59635368220968	88.25095753493207	69.79123194894811	200.9523656831445	107.0548463276118	0	0
144.42684	-0.09142642679330083	-0.1969929379343768	-0.2020680132967353	1.155402993383195	0.8729900249934746	-0.3104993055728413	0.4484723311823846	0.3153992403775418	0.0167480823945327	-0.03967079026914304	-0.338830546742195	-0.2077199866520724	0.5965168533430786	0.5965168529830281	1.37490394905541	1.374903949251752	0.02125889618982462	-0.4942804149583376	-0.6095366684367436	-0.5957847041649877	-1.012730818686984	-2.118770571072398	-0.9413276058359598	-0.2806673420130687	-0.4712570687158877	0.09517112121683577	0.3891360218606466	2.469752771442319	0.3352479126720249	5.545188652622139	-3.746351390875513	1.714290326607508	5.131242891159014	5.131242892595787	6.42884205384942	6.428842076399222	2.817162800900547	1.355755540748443	-1.761621424526323	-2.598316659331525	0.01012504872645774	0.0101024114827254	0.01054914048531475	0.04892940023831371	0.01022866908094944	0.01015570291278537	0.01245862757616242	0.01092629259840269	0.01728434648315925	0.1036029405315559	0.1279368030815188	0.1674181938181587	0.01853549032580027	0.01740194669940304	0.07791784410818357	0.03974679725709322	0.01070935171316498	0.6048180977399313	0.3314124876762634	0.2055920745292848	0.2164280131092052	0.1640066600811103	0.09729012011034879	0.01030482735070965	0.03500554410599665	0.06188963822845751	0.2141494339786692	0.05430534343231928	0.01025200894648023	0.0558698484594734	0.01070118687722429	0.02435282739935321	0.0113627137387144	0.3216487227534405	0.1205124989443313	0.6057298393281703	0.8388262106195333	0.1743916173927737	0.4585652183293742	0.2346642312133168	0.01012669697139414	0.01007022823796913	0.01193356766710163	0.06383373874168403	0.01014713993708081	0.010151782859802	0.006257466018357011	0.01080696649651645	0.008324307707589991	0.07784288217324495	0.2221401285720425	0.3375387995152358	0.005654258674491905	0.01143848800510323	0.0433547648203225	0.02182165549244529	0.01049665966663044	0.6047778302829966	0.2940780627801945	0.1474593556988116	0.2369097093737091	0.157552965556043	0.07903139857559048	0.01028994653379098	0.0699503086061222	0.001031253172304589	0.2399769651107951	0.03773468728449125	0.01018289492595926	0.06649507570454698	0.01056540431074296	0.005779342449911218	0.008294619536137309	0.3985590409849704	0.1317936832322418	0.5003580224943626	0.9992473346573979	0.1990743122079683	0.5316752034667015	0.2603562944450204	0	0	0	0	0	0	0	0	0	0	0	0	0.07553601228119046	-0.1266946945670042	0.05453802784660968	-0.07201935906419453	0.01298885646669823	-0.00912308804421936	0	0	-10.66955953643624	55.81461748999705	61.65085956538104	1.895464340696382	13.07137182690473	-7.439948280170667	-64.1746442911716	-102.7200284231712	-62.46122347124822	74.75184600285766	90.90032017503393	130.4473935583854	-151.7406292037547	-151.7406271962601	-109.4652556225615	-109.4652574086262	74.0919216508248	67.46252202675993	196.7950152632608	118.3077031494024	0	0
144.43488	-0.0997101046529828	-0.21212755220281	-0.2075417044368756	1.153217810590554	0.8696490613203165	-0.3099803382340313	0.4492910524025334	0.3317870282762994	0.01746175739720845	0.007105025480294234	-0.3657966631348711	-0.189863468828701	0.632751811124118	0.6327518108348715	1.422866534608154	1.42286653493067	0.04608538849550416	-0.4812653570956298	-0.6175318387409473	-0.6127981214248444	-1.023157499637398	-1.635201027817314	-0.4093830550159143	-0.2617438903061412	-0.3570003910056447	0.03343766821468729	-0.2125319290323166	1.591120715686335	-0.1515293690895261	6.061399615110464	-2.936699888097507	2.705959750844942	3.871695641906939	3.871695657368722	5.480226537271815	5.480226546621223	3.329104052110975	1.872144209302064	-0.2565233379281155	-1.630033104734001	0.01012661749918718	0.01005730041223273	0.01226957626964653	0.06957187427530225	0.01016364860439264	0.01013774547504428	0.01038562268845125	0.01057313541072086	0.01004752993858635	0.06885723499216305	0.2241636481617822	0.3191282351312044	0.01007261693532997	0.01074186379469102	0.04787814507730882	0.02372382036235351	0.01044019401016794	0.6083599981642426	0.311435864748318	0.1628679922060582	0.2352350795559394	0.1624608983589547	0.08508444348422635	0.01028066566252307	0.06707506534044615	0.02980692261193898	0.2042611439334247	0.03782652604165102	0.01013866512710451	0.05936177341996561	0.01042638605787597	0.01440002469594565	0.0105468747292713	0.3534269388580093	0.1289484810059786	0.473656413947368	0.8910617498882385	0.1818366441887902	0.4988116828651459	0.243338038238484	0.01012871330406994	0.009987501389723879	0.01484286668926158	0.1072128969037249	0.01008503116257928	0.01010438530303901	0.01024080015100108	0.009943130410670881	0.001114156305599948	0.001417599746501477	0.4358387014724494	0.6738595238897768	0.001217612746544822	0.001041607201137139	0.00127667507864498	0.001158482161942959	0.01003645157309653	0.6239652952895415	0.2689472568940224	0.07785573426639542	0.2797128699193016	0.1628458932552843	0.06743907754894231	0.01024180440989802	0.1157245501142416	0.001020318071652033	0.1565203180043231	0.01212229734905023	0.009955859327735864	0.06042244087168166	0.009963104334595862	0.006186710514691377	0.01087617828775143	0.4087963557366546	0.1434545440397021	0.001019774231693339	0.9986953428332118	0.1858624294023754	0.6034552256905927	0.2519697256684704	0	0	0	0	0	0	0	0	0	0	0	0	0.04993794270873157	-0.08561158400182491	0.06759142403421398	-0.06099424511858087	0.01200244957383914	-0.009400467014265491	0	0	7.733684897139018	63.91224633735317	69.77475751708488	2.765213091316001	15.17902806993266	-7.803252281875775	-84.32819390626612	-114.4129460450985	-57.86442558772313	53.01753939295126	109.4804374527906	114.3174276139053	-159.773004256559	-159.7730027780231	-125.8060513369631	-125.8060527484092	52.13147010696341	60.26011965275625	175.0093151919783	121.1848091088955	0	0
144.44292	-0.1075125223682646	-0.2231497325427886	-0.2085357169127266	1.151209770278266	0.8672834248102442	-0.309962104281706	0.4447015929850879	0.3408271893592182	0.01445611374075056	0.05729491887957855	-0.3857233460365092	-0.164671655072359	0.6587125466224214	0.6587125464997955	1.46272214816077	1.462722148519764	0.07425162338011936	-0.4643752706625801	-0.614284966071007	-0.6220205430756683	-0.8976184775055809	-1.100485860327121	0.1654272603951954	-0.236999147377451	-0.2300906915156756	-0.02847829561849565	-0.9455638032942236	0.653929364518663	-0.5847146101121493	6.391218679374012	-2.004559789152358	3.52552520474668	2.588792767259029	2.588792792579048	4.418451232950087	4.418451233572576	3.640460124480204	2.31466333926942	1.017316204075566	-0.6708300146132316	0.01608768651707864	0.01080438399893263	0.01767660528394515	0.09195126019732341	0.01142984168801648	0.01017344442492739	0.01026505241488832	0.01026647096717127	0.02160141382188052	0.03345543435502779	0.3010660283375054	0.4393748470740704	0.0225661028210313	0.01001859592337519	0.0235241496736214	0.01255032689863263	0.01022471995303323	0.6076772850038081	0.2802511082963183	0.1134770784617676	0.2533522600908839	0.1540901872829011	0.0670550156771766	0.01026108820624609	0.1003454136787669	0.05900675257034926	0.164532986339995	0.02283193137697389	0.01129285167888424	0.06144455412857153	0.01020411028114692	0.01048839420162972	0.01058727740870617	0.36608509908701	0.132569215078031	0.3196587980712951	0.9263776550647033	0.1863529839916237	0.5295180223411717	0.2507627762602485	0.0295485125296555	0.01253443615272161	0.02782074703669576	0.1193380263123464	0.01433249052088634	0.01028077429521505	0.01011476665728846	0.0100993961166519	0.05527173559386463	0.001261588262249252	0.3825106357767435	0.5902848607092719	0.05836409892782595	0.0163420522720004	0.003634692049063856	0.005527123376356947	0.01007532764375182	0.5906549659564663	0.2026420476272618	0.03952370663460946	0.2771824254732571	0.1281315855071871	0.03467426530753702	0.01024932435608987	0.1478240076127498	0.1546809740688479	0.07879130816021175	0.008695324449772161	0.01402965854093796	0.06583374839944001	0.01008859695785207	0.0084369683166482	0.01040684263724347	0.3664844177479953	0.1307273532606353	0.1050639438375498	0.9993293381057025	0.1972722657826388	0.5691335927427973	0.26902625035425	0	0	0	0	0	0	0	0	0	0	0	0	0.03834286956164901	-0.03719890195728077	0.1016300082390126	-0.0501455936656033	0.01185051420356022	-0.01171636383545584	0	0	22.71454202869914	68.49828068316033	72.24594764004031	3.339446995071746	16.20572337851165	-7.488325692695045	-96.57933515086941	-117.2098225313893	-49.3621242140574	28.86557969089193	121.1233622889899	88.16008744890716	-157.8775197408888	-157.8775187597117	-137.4806420946041	-137.48064284241	24.58864244013969	49.3100098722534	140.1082270671963	116.1802527810426	0	0
144.45096	-0.1138772321209939	-0.2297639292728006	-0.2048902128116154	1.149415988639466	0.8659594820387041	-0.3104246185812444	0.4339175800519401	0.3423385576625159	0.008272202447075775	0.1093535807143411	-0.3978639901562531	-0.1338151858086928	0.674508766108973	0.6745087662167444	1.493718564312826	1.493718564659496	0.1039902774773783	-0.4443100589310099	-0.6020234970284399	-0.6237702126489404	-0.6730838450547922	-0.5436175367446114	0.7371559085480051	-0.2088438504960024	-0.09932668974484614	-0.08533229730594909	-1.741455720103389	-0.2698615524256024	-0.9390235387727904	6.526968649486618	-1.010671002726844	4.106613302330176	1.353376368919708	1.35337640034132	3.283322715281663	3.283322712390826	3.716015255297898	2.6589042487458	1.975412832346139	0.2195817536024794	0.02959202734956186	0.0125898433045148	0.02731402697241685	0.1084911827949284	0.01441103907209146	0.01029063840423096	0.01014135426164387	0.01022786956422436	0.05631443493031266	0.01597712697278203	0.3206427017026643	0.4760190561239666	0.05922703876815689	0.01849620738629774	0.01345394524159568	0.01015073658199991	0.01015655941083076	0.5956892296904402	0.2333502968100359	0.06633539778640128	0.2625047474763624	0.1331009539856981	0.04051912863407747	0.01025721142079722	0.1315388210447202	0.1490195922013027	0.1042868389296785	0.01406676316911662	0.01412735510799877	0.06528285791631198	0.01018326159644604	0.01011914920618455	0.01033273533468178	0.3573225833092217	0.1282917066420113	0.2560025372700982	0.9502046160292562	0.1939402840593699	0.5367529227009333	0.2621845881080059	0.04896831175524106	0.01508137091571934	0.04079862738412994	0.131463155720968	0.0185799498791934	0.01045716328739109	0.009988733163575837	0.01025566182263292	0.1094293148821293	0.001105576777997027	0.3291825700810377	0.506710197528767	0.1155105851091071	0.03164249734286365	0.005992709019482731	0.009895764590770935	0.0101142037144071	0.557344636623391	0.1363368383605013	0.001191679002823505	0.2746519810272126	0.09341727775908994	0.001909453066131725	0.01025684430228172	0.179923465111258	0.3083416300660438	0.001062298316100363	0.005268351550494086	0.01810345775414005	0.07124505592719835	0.01021408958110827	0.01068722611860502	0.009937506986735517	0.3241724797593361	0.1180001624815685	0.2091081134434063	0.999963333378193	0.2086821021629023	0.5348119597950017	0.2860827750400297	0	0	0	0	0	0	0	0	0	0	0	0	0.02674779641456645	0.01121378008726339	0.1356685924438111	-0.03929694221262572	0.01169857883328129	-0.01403226065664618	0	0	32.06710827060665	69.40891574263139	69.08169892055128	3.617308101753953	16.14958679919837	-6.563577936332973	-99.88756920796112	-111.1801651758724	-38.53491200634432	5.233588442882408	124.724704313965	55.69716642134038	-148.4007419270521	-148.4007413701134	-144.0353311680562	-144.0353313226775	-6.117324922114217	36.06756042874112	97.37179094033631	104.2537028292243	0	0
144.459	-0.1182058227780807	-0.231910870153508	-0.19680536999104	1.147854665635205	0.865674369744404	-0.3113089470851005	0.4167240971190078	0.3367046247079265	-0.0003993805047456342	0.1617678781178165	-0.4019865992979529	-0.09936886322525774	0.6807381918421969	0.6807381922171298	1.515430583983592	1.515430584306801	0.1333293889546697	-0.4219176760101915	-0.5834809971586326	-0.6188119648483815	-0.4001922612347358	0.005960081538567941	1.263242152213382	-0.1795126062962737	0.02706125185787974	-0.1327959145133497	-2.528231683880432	-1.113221773450834	-1.202693685767223	6.483937530065791	-0.02099702855730257	4.41588821571152	0.2154859334969953	0.2154859681351433	2.11539896694615	2.115398964512239	3.540040086810978	2.892483067143229	2.576448863047919	0.9900438615710591	0.03333308407678941	0.01317404988830583	0.02983489799671902	0.1052591292591874	0.01527071255366521	0.01038936046150814	0.01018838020097335	0.01035935194250174	0.06887418990403958	0.01714791412694373	0.2914188684178684	0.4418193611908841	0.07254391207007976	0.0211624132709761	0.01005849246407146	0.01004306529222873	0.01016442559052502	0.5612432173540823	0.1886549253094869	0.03362309919809508	0.2525842841137966	0.11101011405593	0.02134744483424678	0.01036909225317967	0.1441031214840668	0.1853469325428949	0.0538634250006279	0.01006552414695589	0.01534565454076925	0.06672408619224066	0.01025149064253316	0.01082710890731739	0.01047036988709198	0.3473559478573932	0.1198755887967968	0.2127594322299115	0.9242043535117259	0.1868457699415571	0.5135021808128597	0.2553291127666023	0.02592381544938478	0.01243250042878358	0.02448742296695274	0.07646420663000945	0.01376774615418134	0.01047301468652047	0.01041928284281515	0.01063055797309831	0.05525377346413772	0.03197235569039115	0.1742571511081967	0.2684252254491284	0.05828478722513693	0.01633010834120955	0.008563660970141676	0.01001232453907166	0.01021691306220122	0.4408503432934108	0.123662789522169	0.006336110917161989	0.2069320938974705	0.08114623561247038	0.0077690322326614	0.01061966645790575	0.1393616653155201	0.1547849335731531	0.006196195442588658	0.008298480509064845	0.01481637318103975	0.06540917974652877	0.01037868715774768	0.01194407529597027	0.01110376830375846	0.3377158161194288	0.104365723329596	0.1051470147996269	0.7543984413865075	0.1511498089700049	0.4133193595482484	0.2100650543152915	0	0	0	0	0	0	0	0	0	0	0	0	0.02732912374190308	0.03397628262594558	0.1025254229692802	-0.02526111345274967	0.0112501549000164	-0.01339056112604588	0	0	34.67632250008463	66.73816361044987	61.07642255643187	3.642856543053964	15.15276066270201	-5.183445525150977	-94.46926615293837	-97.49279325917746	-27.06752480094228	-15.24640302806603	120.1604950634994	21.25917117787898	-134.0757896441551	-134.0757893881994	-145.7538484759995	-145.7538482505598	-37.59644683054255	22.0162952848204	52.15562958229404	86.53485235898124	0	0
144.46704	-0.1203276299667983	-0.2297599428830509	-0.1847915516771907	1.146527901955186	0.8663651342935158	-0.3125269792542921	0.3934623879645098	0.3247979297986285	-0.01082380821012781	0.213221864007071	-0.3983797543978517	-0.06353763904169714	0.6783128131927287	0.6783128138511683	1.527741279435894	1.527741279748624	0.1602458154871587	-0.3980996016641706	-0.561553776839561	-0.6082848631090625	-0.1327155956592067	0.5214952668318539	1.709772348853474	-0.1507237475948816	0.1425312012368755	-0.1680046397706784	-3.241459547120125	-1.82298422999535	-1.375811830537565	6.294295568264589	0.9026959047517451	4.45372218492719	-0.796534220924608	-0.7965341854799113	0.9497426064265209	0.9497426063797972	3.115225903135945	3.014163439426055	2.82064554472891	1.598679308972618	0.0219806588624181	0.01189243014637196	0.02172166912898849	0.07552239517584246	0.01286458627854289	0.0104400687788954	0.01045752198790346	0.01063189802799226	0.04537634300635126	0.03499683155574401	0.207560202248157	0.3283567830056675	0.04791152030937231	0.01352345465977505	0.01009988662738476	0.01006528859593786	0.01022722747443877	0.497192459194459	0.1565192314485191	0.02052427412871727	0.2176751410291773	0.09318614103668144	0.01586051259748423	0.01062630208517857	0.131070621727407	0.1312243861793204	0.03016963138437009	0.0101103854236594	0.01397192563217438	0.06431859068240293	0.01037556488202029	0.01185136878546118	0.01120312534428722	0.3465224067985199	0.1087902114353184	0.1392445681122278	0.8256448652251251	0.1564660433429119	0.4543920078304939	0.2186927644419742	0.002879319143528504	0.009783629941847829	0.008176218549775535	0.02146525753905097	0.008955542429169279	0.01048886608564984	0.01084983252205446	0.01100545412356369	0.001078232046146143	0.0628391346027853	0.01933173213535575	0.03014025336948974	0.001058989341166764	0.001017719339555448	0.01113461292080062	0.01012888448737238	0.01031962240999534	0.3243560499634306	0.1109887406838366	0.01148054283150047	0.1392122067677285	0.0688751934658508	0.01362861139919107	0.01098248861352978	0.09879986551978213	0.001228237080262399	0.01133009256907695	0.01132860946763561	0.01152928860793944	0.05957330356585919	0.01054328473438708	0.01320092447333551	0.0122700296207814	0.3512591524795214	0.09073128417762359	0.00118591615584742	0.5088335493948219	0.09361751577710743	0.2918267593014952	0.1340473335905534	0	0	0	0	0	0	0	0	0	0	0	0	0.02791045106923972	0.05673878516462778	0.06938225349474934	-0.01122528469287362	0.01080173096675152	-0.01274886159544559	0	0	30.9031721815787	61.08322673719339	49.53753320146348	3.498656214368645	13.48739618622932	-3.550850507349117	-81.97669503322152	-78.39424701978382	-16.15493772531078	-31.11708236504871	108.6121133618782	-11.25231911983463	-117.4840419497044	-117.4840420244975	-143.7076701946983	-143.7076698737532	-67.6900681426733	8.413307845032231	9.357383389431408	64.19857666314206	0	0
144.47508	-0.1204773212439737	-0.2236710749021081	-0.1695861525285701	1.145426949415886	0.8679260116014139	-0.3139743448737483	0.3649249094600518	0.3078371843317805	-0.0222989291275007	0.2626895726177667	-0.3877777246501427	-0.02840764857488881	0.6682938988254563	0.6682938997618108	1.530773985375305	1.530773985697051	0.1828031899281817	-0.3737303950464621	-0.5389870982927839	-0.5936257703737392	0.08407133890409764	0.9829253932876192	2.054535855490637	-0.1234272025591869	0.2430755627429418	-0.1897942316137934	-3.834825165247905	-2.367103325113713	-1.465651483147937	5.996053865756927	1.71273704648425	4.247906244189052	-1.673219335967538	-1.673219302906339	-0.1897024539948268	-0.1897024518962474	2.45979187032095	3.031379675870572	2.744075195708533	2.01347723251046	0.01243561495146349	0.01067697270029734	0.01438212262833408	0.04634742531657123	0.01085244589570945	0.01038700410357214	0.01056205110984577	0.01078489344624908	0.02151515159747316	0.04237120590083411	0.1395224465800179	0.2301380248862789	0.07074817417596757	0.03969849955354199	0.01371586711849212	0.01041373083136487	0.0102754925689776	0.4421537924827177	0.1487064831710849	0.03206810813099986	0.1869925277640446	0.08783633952930085	0.02109371632414505	0.01064973796139474	0.1076962636266739	0.06773308561923404	0.01826607357930873	0.01248067534237228	0.01205151326729267	0.08009477383485097	0.01050213323042689	0.01203407693131486	0.0114539120534484	0.3260980815092705	0.1063760547168292	0.09260427951553299	0.7261876614576703	0.1295203699277049	0.3984164425112828	0.1858416246105717	0.006358325403424478	0.009687399837162514	0.008763971788947559	0.01720855740810437	0.009550952188700515	0.01022806970765528	0.0104726757295638	0.01081924762045419	0.001239516659932247	0.03664461887740929	0.0832733112607472	0.1282772581866946	0.1671777074429308	0.1117383777349214	0.0209972838385455	0.01114084856308548	0.0103073343123893	0.3606403183356392	0.1633975640957624	0.06654062262453239	0.1535877603407001	0.09369674001575493	0.03491776576172592	0.01040866760726797	0.06828401739387728	0.001129289262138306	0.006184383439137515	0.01679773710534244	0.009737682230313132	0.1251693427856203	0.01064685788531958	0.01133114460186321	0.01113653949016324	0.2433899032709352	0.1148102554806222	0.07347662372377332	0.5375159482948699	0.1022943688831972	0.3101418630088489	0.1505661772709367	0	0	0	0	0	0	0	0	0	0	0	0	0.02360581767213562	0.01110925052575423	0.06423397828536206	-0.007107340144125068	0.01078911507736613	-0.01355793470464852	0	0	22.43199552506102	53.47500100856543	36.03685322163765	3.289864397366669	11.49979823937005	-1.880999271412449	-65.17208984338338	-56.80248708509992	-6.42862863424363	-42.36761974485962	92.32567055577017	-38.96449674697217	-100.7065138847929	-100.7065144279151	-139.532060116892	-139.5320599389382	-94.73699062708172	-3.851683716138233	-27.07150228702743	38.57110045488425	0	0
144.48312	-0.1191891692112575	-0.2141293842985751	-0.1520526244382535	1.144538875080394	0.8702303703394388	-0.3155442402463026	0.3321807992041073	0.2872012682382671	-0.03419893932679973	0.3094379878212227	-0.3712180302271519	0.004239729049765197	0.6517583879232826	0.6517583891016561	1.524789062920602	1.524789063261535	0.1992598197685664	-0.3495994963850462	-0.5181195323199503	-0.5764806763236189	0.2219231609193429	1.379437572941253	2.288571975795534	-0.09771657565336063	0.3275015426893343	-0.1987173791343523	-4.286320062339178	-2.738031199676897	-1.483848580107311	5.622670269367618	2.382110801297676	3.845106375918611	-2.419221997775544	-2.419221971449504	-1.292946443339142	-1.292946441187749	1.603406338877271	2.957538944295975	2.410607290121035	2.215324054222267	0.01026541896399469	0.01010706537023109	0.0115201174894342	0.02961713019723636	0.01034295740849258	0.01021362569890692	0.01038763371940173	0.0107412901549662	0.0104922531657095	0.03106443469987162	0.1295987847728513	0.2092156895609307	0.1629581366274131	0.1087568430424806	0.02087628106629483	0.0111459686284865	0.01028868842289762	0.4195600185466978	0.1687910164782118	0.06686976853621929	0.175775983872684	0.09772951606797205	0.03526870803775386	0.01032725139252379	0.07990319222743959	0.03280916620089092	0.01000781184502197	0.01662036523659794	0.01019905307766456	0.1204213486270075	0.01061540767526965	0.01103055661175334	0.01090391396212523	0.2696444098651789	0.1170237221123421	0.1029917576162865	0.6685463789963749	0.1190086844924599	0.3690449082072085	0.1743024678331567	0.00983733166332045	0.009591169732477197	0.009351725028119585	0.01295185727715776	0.01014636194823175	0.009967273329660712	0.01009551893707313	0.01063304111734468	0.00140080127371835	0.01045010315203329	0.1472148903861387	0.2264142630038994	0.3332964255446949	0.2224590361302873	0.03085995475629037	0.01215281263879858	0.01029504621478327	0.3969245867078477	0.215806387507688	0.1216007024175643	0.1679633139136718	0.118518286565659	0.05620692012426078	0.009834846601006161	0.03776816926797244	0.001030341444014212	0.001038674309198077	0.02226686474304927	0.007946075852686828	0.1907653820053814	0.01075043103625208	0.009461364730390904	0.01000304935954508	0.1355206540623489	0.1388892267836208	0.1457673312916992	0.5661983471949181	0.1109712219892871	0.3284569667162027	0.1670850209513199	0	0	0	0	0	0	0	0	0	0	0	0	0.01930118427503152	-0.03452028411311932	0.05908570307597478	-0.002989395595376518	0.01077649918798073	-0.01436700781385146	0	0	11.69702367741668	45.14313540014059	22.2841896542871	3.119672078829406	9.529108514715512	-0.3844556234969893	-47.19063111637432	-35.82206117630597	1.541884979058026	-50.02977994403377	74.10520317199338	-60.01095817770836	-85.14125682097951	-85.14125797167067	-134.9753062879543	-134.9753065008676	-117.4698822221458	-14.13418636977926	-54.08526817897823	11.64616445846574	0	0
144.49116	-0.1171436778232743	-0.2016669475807232	-0.1330710809189591	1.143853086188449	0.873152194916874	-0.317140927888186	0.2963779042748019	0.2642311608924658	-0.04601334579331427	0.3529640868396589	-0.3498633356575677	0.03304948045605822	0.6297093805294539	0.6297093818751579	1.510073445291759	1.510073445636762	0.2081529041425401	-0.3263683179566874	-0.500684264841581	-0.5585739578468865	0.2727421512799114	1.710120500819017	2.416583641018474	-0.0729538189964018	0.3970386326699825	-0.1969377168343646	-4.597739662727264	-2.952329153909016	-1.447841117314441	5.197391101044444	2.906665534364274	3.30356451714958	-3.047149737952673	-3.04714972354567	-2.36290501043593	-2.362905012414212	0.5857324036480185	2.811029316016264	1.90608958077186	2.205140494954219	0.0101187286798486	0.01006603237917701	0.01041195783719248	0.0192425488838712	0.01021493393086864	0.01012610364586748	0.01021311848156398	0.01066061306181787	0.01007921383019159	0.01839773483536766	0.1192752984123883	0.1904618408674792	0.2118395773860635	0.1799641930987154	0.02366368412181667	0.0113146165908643	0.01025169488411853	0.4016250979688417	0.1832036364630318	0.09258876439679627	0.1676207479977861	0.1050209212712984	0.04562655133326391	0.01020039086403451	0.06650725481464549	0.02493270959647006	0.02599823901339258	0.02026626514259554	0.01068272702204685	0.1623745355368042	0.01126303196163694	0.01023653729602671	0.01039849171065052	0.2238129435895721	0.1279161447343845	0.1547253840690218	0.606638768218755	0.1121057550439285	0.3359822150021947	0.1639299739933287	0.01014326489427456	0.01039919089967051	0.009714475866793828	0.008904630445871645	0.01009059989883177	0.01013329973924768	0.01006338602088232	0.01056953487030468	0.01660075745902437	0.005962605557257539	0.07415572168548971	0.1137457959278296	0.2155860493753874	0.2941621551055073	0.02179850504683658	0.01086254626997803	0.01016369411014218	0.348568044404617	0.1877320203951797	0.1138253128041139	0.1488432200199321	0.107463488447967	0.05312892654658857	0.01032229258659025	0.06647603200582565	0.03235773018180089	0.07009675592315043	0.0239328226787485	0.01361847414305946	0.2265290532985521	0.01260297315940349	0.00975063784565457	0.01000910299635231	0.1792544436244807	0.1405703739880584	0.2693622575991145	0.413684777151493	0.09934126272716128	0.2430013661477296	0.1378365300300199	0	0	0	0	0	0	0	0	0	0	0	0	-0.0001763739911307827	-0.07708274051432097	0.08513272826332445	0.003285194737157434	0.01048877136287841	-0.01638450855280722	0	0	1.159612318915445	37.28579377466775	9.898104239781359	3.063450319026502	7.828356507209941	0.7562664784489401	-30.70257986769451	-18.24396827373852	6.917493373641794	-55.5211756207525	56.7253642788835	-73.39584109076165	-71.36572637440491	-71.36572818777806	-131.4452823859555	-131.4452832183981	-134.6718584554047	-21.83616612539484	-69.3168790803508	-13.62734180894067	0	0
144.4992	-0.1150116247207972	-0.1867865465640136	-0.1134363733571691	1.14336614458727	0.8765822345053873	-0.3186912289653594	0.258572619132833	0.2400531046703733	-0.05739809290574364	0.392905272432131	-0.3248257385438028	0.05715608189881892	0.6030380346036189	0.6030380360001151	1.486850614255175	1.4868506145511	0.2083755579701835	-0.3045319499345501	-0.4876599960083757	-0.5415208996474573	0.2463063119328503	1.982824608315778	2.454339173575396	-0.04804944833502454	0.4544591607928885	-0.1877961732866875	-4.788792272281005	-3.045577799294582	-1.381307025041153	4.731926641266772	3.302204014220047	2.685400472228239	-3.571314932669379	-3.57131493514968	-3.411720417388246	-3.411720428290749	-0.544727975794477	2.614728037522875	1.330635647899773	2.009750164349137	0.01023420519970661	0.01051672434647634	0.01015385530621466	0.01231375185187108	0.01012878910234307	0.0101854490329207	0.0101210468273057	0.0105899325261115	0.01863002947543651	0.01016223840150676	0.07693485595793774	0.1270320054607822	0.1837943758725237	0.2459281852115762	0.01971063228659239	0.01063904438463007	0.01016003603298895	0.371879881311503	0.1781002996682039	0.1004987920192523	0.1542867387846321	0.1030824345254505	0.04851217237735727	0.01042930918857724	0.07489045530246871	0.03877719881164382	0.07025832322425409	0.02276569988828201	0.01415770747875211	0.1995103919981836	0.01260547201077207	0.01006895081586614	0.01018892590545757	0.2150745926615113	0.1342256185422847	0.2355710165671717	0.5116748868454465	0.1027846212078601	0.2808806606037496	0.1445675632943353	0.01044919812522867	0.01120721206686382	0.01007722670546807	0.004857403614585525	0.0100348378494318	0.01029932614883464	0.0100312531046915	0.01050602862326468	0.03180071364433039	0.001475107962481787	0.001096552984840779	0.001077328851759831	0.09787567320607994	0.3658652740807273	0.01273705533738278	0.009572279901157487	0.01003234200550109	0.3002115021013863	0.1596576532826713	0.1060499231906636	0.1297231261261924	0.09640869033027491	0.05005093296891636	0.01080973857217434	0.09518389474367887	0.06368511891958757	0.1391548375371028	0.02559878061444772	0.01929087243343209	0.2622927245917229	0.0144555152825549	0.01003991096091823	0.01001515663315955	0.2229882331866125	0.142251521192496	0.3929571839065298	0.2611712071080679	0.08771130346503547	0.1575457655792565	0.1085880391087198	0	0	0	0	0	0	0	0	0	0	0	0	-0.01965393225729309	-0.1196451969155226	0.1111797534506741	0.009559785069691386	0.01020104353777609	-0.01840200929176298	0	0	-7.264022695974109	30.83976906001123	-0.04444670657461636	3.157846851263205	6.525460992901193	1.437504802434155	-17.45554996926468	-5.913631361181664	9.060430718971734	-60.24136519845379	42.27250483288852	-79.15821058032833	-59.26850675835755	-59.26850909306246	-129.8082280741021	-129.8082294005275	-145.3936100278356	-26.43666665866186	-71.66705573550819	-33.84007045919912	0	0
144.50724	-0.1133314758123561	-0.169902580363122	-0.09378881326738853	1.143084153937701	0.8804362730507755	-0.3201511819886888	0.219617221282781	0.2154611743698992	-0.06821631057963777	0.4289506762013336	-0.297034273258005	0.07618246361071483	0.5725290803751788	0.5725290816742525	1.455225321231745	1.455225321395862	0.1992382090663742	-0.2843854750956752	-0.4792003670267488	-0.5266094913892437	0.1646774573883442	2.210988193549059	2.423668664093246	-0.0217678953387201	0.5030489362094011	-0.1751002528652507	-4.889203824573704	-3.063087942524584	-1.311660032154524	4.22790666393555	3.59695459562714	2.04893896447764	-4.003365963917195	-4.003365985724389	-4.455883872807809	-4.45588389463371	-1.733078486644643	2.395366243806581	0.787456297032076	1.683752289319098	0.0103040779586462	0.01059660155526499	0.01056360206147822	0.01027910350318757	0.01034838785848819	0.01023551071031728	0.01012097257845829	0.01056159109215441	0.02129777108455751	0.01670607386366691	0.06322816969022849	0.1018849401106359	0.1605488748947304	0.2975411584354768	0.01582841316979506	0.01020965829458103	0.01013882569600075	0.335455013572374	0.1632074343855005	0.09548574606107989	0.1391476280676459	0.09574892642565255	0.04656252588151723	0.01046367249846488	0.08362250211842838	0.04304418578538692	0.08663244498012419	0.02103639716772195	0.01671705770348543	0.2300994880356439	0.01588653275438871	0.0100959018848737	0.01020388298490795	0.1927402636769986	0.1344123158930056	0.2588022485584555	0.4102106639130445	0.09098675351564799	0.224549485701424	0.1239124291450065	0.01028324304988591	0.01020625076620467	0.01154380817795271	0.01183556825169952	0.0109170513859032	0.01025366408839277	0.01019478783371071	0.01056736580624681	0.01645011602069173	0.03862311964854371	0.08930498630618977	0.1329677522906111	0.1601357392049756	0.3758958991997441	0.01271562310738812	0.01012734416409259	0.01019659471141468	0.2565673261598471	0.132563055528302	0.07700595054234684	0.1146758106703759	0.08122735268156038	0.04048417006047011	0.01022705826925692	0.08950312083132819	0.03235175698949228	0.07009068431898097	0.01469685144158252	0.01827820949648511	0.2771960868338949	0.02178645825283359	0.01018010491843826	0.01038052967274927	0.1120384674795791	0.1280966556374004	0.1970048170778521	0.2013722824371048	0.07143801185438654	0.1336772860249725	0.09382645763511133	0	0	0	0	0	0	0	0	0	0	0	0	-0.038474177505664	-0.1110871341933238	0.1238161428500894	0.01757819057716665	0.01002850257957347	-0.01946118292395481	0	0	-12.45748168697434	26.22557784501953	-7.094531418285374	3.403237683909492	5.622139124899076	1.644457421416025	-8.196427639078534	0.613521329147064	7.667640777705121	-65.23593493366042	31.71581247674786	-78.12797266204645	-48.35433654756874	-48.35433892081108	-130.258633263391	-130.2586345439363	-148.9983059428371	-27.53133704886869	-61.47086660460025	-45.58915486895123	0	0
144.51528	-0.1124377363331509	-0.1513143620774464	-0.07458461888525249	1.143022797344642	0.8846553368031949	-0.321507087729007	0.1801114553789735	0.1908812591247768	-0.07855750667659996	0.4607755006525971	-0.2671724727520405	0.09018850933444011	0.5388912480242285	0.5388912490755312	1.415171408755154	1.41517140870804	0.1805086616868431	-0.2659996706912486	-0.4746569171504034	-0.5145850910307047	0.05534758107616564	2.408973509667689	2.347820201897953	0.00699365108622365	0.5456572813600523	-0.1624714939018622	-4.930786683254807	-3.04941174195747	-1.2672482359251	3.68115415872288	3.82218064170292	1.444011341834017	-4.350443148843336	-4.350443187979568	-5.510475828172582	-5.510475858022422	-2.921111121064941	2.18145735344044	0.3706520277854272	1.306433426780885	0.01023734214756429	0.01005045438382005	0.01158413607341662	0.0134401017438071	0.01095141952677435	0.0102301207974959	0.01021567269116716	0.0105851849775544	0.01363976235296498	0.04028388749199296	0.1014904094978254	0.1515909901779696	0.1760025472023558	0.3303364781524546	0.01413756335542994	0.01035018034205641	0.01022504643089045	0.2951510145308729	0.1423064109649938	0.07810291726860014	0.1237611891585876	0.08433284946953214	0.04043580085070176	0.0101406580188701	0.08484808655160218	0.02749586942229509	0.05779059909873781	0.01405075148341122	0.01722103744938827	0.2531095821609281	0.021456189074759	0.01018845438882709	0.01042178000166745	0.1281107882062156	0.127686747986072	0.1855740547008896	0.3189544584794491	0.07667832711779766	0.1795383581318375	0.1056021252182237	0.01011728797454315	0.009205289465545514	0.01301038965043734	0.01881373288881352	0.0117992649223746	0.0102080020279509	0.01035832256272993	0.01062870298922894	0.001099518397053061	0.07577113133460563	0.1775134196275387	0.2648581757294624	0.2223958052038713	0.3859265243187608	0.01269419087739345	0.01068240842702769	0.01036084741732827	0.2129231502183079	0.1054684577739327	0.0479619778940301	0.09962849521455944	0.06604601503284588	0.03091740715202386	0.009644377966339511	0.08382234691897752	0.001018395059396982	0.001026531100859168	0.003794922268717315	0.01726554655953814	0.2920994490760669	0.02911740122311227	0.01032029887595829	0.01074590271233899	0.001088701772545701	0.1139417900823047	0.001052450249174282	0.1415733577661416	0.05516472024373762	0.1098088064706885	0.07906487616150289	0	0	0	0	0	0	0	0	0	0	0	0	-0.05729442275403489	-0.102529071471125	0.1364525322495046	0.02559659608464191	0.009855961621370852	-0.02052035655614664	0	0	-14.17914799217636	23.24605981871441	-11.3375539202759	3.766906528921453	5.013292096066281	1.436212953850608	-2.725271622783125	2.069060849670789	2.850810228475326	-70.87596592364167	24.84764347464098	-71.54034697992465	-38.04115581814631	-38.04115768090892	-132.2534692422813	-132.2534698817104	-145.3515213570811	-25.12048765041395	-40.71732164124125	-46.2857177491336	0	0
144.52332	-0.1124437108069298	-0.1312191270027737	-0.0561008496029448	1.143205279689609	0.8891991878163313	-0.3227717601035309	0.1404129247161648	0.1664177746475766	-0.08872894966264959	0.4880161806621709	-0.2356914604373307	0.09959236743490331	0.5027932825544604	0.5027932832391206	1.366566333772481	1.366566333473999	0.1524189689445957	-0.249221071406031	-0.4727090042357966	-0.5054868250325668	-0.05495306247290263	2.586926942281225	2.247544332808334	0.03897263546308057	0.5840207247624711	-0.1528032307004268	-4.941278962491411	-3.038398115912956	-1.273015067203149	3.086938981361249	4.002945791639563	0.9096581409026291	-4.615623984242439	-4.61562403522986	-6.5835367119847	-6.583536743488801	-4.052652788446201	1.99968159571845	0.1508136265044098	0.9721466641657809	0.01018275662114007	0.01718870815156364	0.01158021530133311	0.01414225113522318	0.01095049354525031	0.01019920575319256	0.01021531137600611	0.02215868210836312	0.01566762516039184	0.05431726998782335	0.1171191145322696	0.1724981913713652	0.1719474573875706	0.3123294352770716	0.0143540697605332	0.01044376435735983	0.0102276829274134	0.2565440782317741	0.1280888308629076	0.07318886388372685	0.1102403227143203	0.08355516148412179	0.04650201573981054	0.01080170575490075	0.1006211775203423	0.05546390192337779	0.02767507619360657	0.02964096683583323	0.04359587445852221	0.2449634296724824	0.04222718837608855	0.01018536438086772	0.01042796056685331	0.1012396035029742	0.128997359618569	0.1144556078286828	0.2517117200127805	0.05801911270082433	0.1342294063556999	0.08194286831049084	0.01015957318771313	0.03403444667584452	0.0103945825986354	0.01127990591341816	0.01024936031623744	0.01014827901634132	0.01009695841002081	0.04853836575901205	0.0305214715024497	0.05881265119836103	0.09456357696798018	0.1360815964392817	0.1182989554971398	0.1934901354552343	0.01603375273477872	0.01037935192377846	0.01012167999688796	0.1890343881465647	0.1174330590788391	0.08530502260098909	0.09219894500277483	0.09674035576402383	0.06916014185670043	0.01269029814036239	0.1443602204945855	0.1456900396124714	0.001198597462391578	0.07422841399264817	0.1062922059460097	0.1818993043668315	0.08529915768215955	0.0100698130373428	0.01017466407106489	0.1283430933525287	0.1444143625717917	0.05316242888635991	0.1598735550006211	0.02810294714488896	0.05541157462930343	0.04004611526969506	0	0	0	0	0	0	0	0	0	0	0	0	-0.06723691058643842	-0.1142064698344316	0.1351630678094644	0.02787645955361203	0.01005163633755406	-0.02085567100911189	0	0	-12.78705880104176	21.04795009473103	-13.28204143645628	4.193121354680829	4.537890096697019	0.9316547190358884	-0.3291210543640845	0.3484182086820598	-4.627659847547203	-76.98244884828027	20.35571825361708	-60.81837705398385	-27.94494163665166	-27.94494269582073	-134.6120419716841	-134.6120417386423	-135.1362933961121	-19.64333261517863	-13.26125595428794	-34.86071493953249	0	0
144.53136	-0.113263213846039	-0.1097662914776611	-0.03846738689432708	1.14365877852123	0.894036161915294	-0.3239769856294028	0.1006815913958091	0.1419736949503976	-0.09920638747822789	0.5102812290841322	-0.2028928721897296	0.105079001681756	0.4648886777213602	0.4648886779714246	1.309266617287929	1.309266616752805	0.1156217987473803	-0.2337001150742706	-0.4716099208534286	-0.4985810742178273	-0.1438004439052224	2.745947185409129	2.138353046310804	0.07440163916682581	0.6185198803577666	-0.1478772669301985	-4.941784712259939	-3.045369644811358	-1.345058244425413	2.443627913644117	4.150373959734011	0.4731043489463158	-4.799901574337856	-4.799901630246372	-7.671590992600708	-7.671591018866822	-5.080188483505705	1.871612906638507	0.1616018876326628	0.7760962797396245	0.01018428345942807	0.03418196825553117	0.0100646917259805	0.01008638160121748	0.01005263148298991	0.01015160394335859	0.01006374739261427	0.04806114023425766	0.0331210079049106	0.05134779071944656	0.08270514732843301	0.1218124789498025	0.1201829148113178	0.2204816223429719	0.01636219930022546	0.01030763421557402	0.01009024487055841	0.2228867020051256	0.1262963690754903	0.08997388583097783	0.09951404775860553	0.0987420081812346	0.06964454120522898	0.01283987843213708	0.13787188497096	0.1409139715211004	0.01332950824833836	0.07430065695826808	0.1015291269632224	0.1919438468122925	0.08106219310821577	0.01003894949024941	0.01009969776211514	0.1479309564537372	0.1442239784692401	0.09861799842558513	0.2173440764069814	0.03418239497512895	0.08153868322251948	0.04922894593050275	0.01020185840088311	0.05886360388614353	0.007778775546833455	0.003746078938022795	0.008699455710100282	0.01008855600473174	0.009835594257311684	0.08644802852879517	0.05994342460784634	0.04185417106211643	0.0116137343084216	0.007305017149101132	0.01420210579040834	0.001053746591707772	0.01937331459216399	0.01007629542052923	0.009882512576447651	0.1651456260748214	0.1293976603837456	0.1226480673079481	0.0847693947909902	0.1274346964952018	0.107402876561377	0.01573621831438527	0.2048980940701934	0.2903616841655458	0.001370663823923989	0.144661905716579	0.1953188653324813	0.0716991596575961	0.1414809141412068	0.00981932719872732	0.009603425429790789	0.2555974849325117	0.1748869350612787	0.1052724075235455	0.1781737522351005	0.001041174046040291	0.001014342787918346	0.001027354377887226	0	0	0	0	0	0	0	0	0	0	0	0	-0.07717939841884194	-0.1258838681977383	0.1338736033694242	0.03015632302258214	0.01024731105373728	-0.02119098546207714	0	0	-8.99877029111757	18.29966407478937	-13.69686195640364	4.612331897527874	4.022326246690295	0.2825512977531196	-0.04039866748200126	-1.961349312646595	-13.36361036375656	-82.93228452553446	16.19162614311495	-47.46410113503403	-17.87839287586699	-17.87839303187461	-135.6731312536171	-135.6731302054738	-119.7226236423492	-11.93181586850571	15.76713971823674	-12.22834204358412	0	0
144.5394	-0.1146576915091117	-0.08714078504695148	-0.0217157428233941	1.144409943686533	0.8991319639293913	-0.325163921496754	0.06094427671545943	0.1174130106508526	-0.1105451155511751	0.527193051261215	-0.1690570245799576	0.1075036139189045	0.4258302080146175	0.4258302078198868	1.243214427523448	1.243214426818174	0.0711064626269155	-0.2189446668498425	-0.4695104178776728	-0.4924208958222325	-0.1963216008237208	2.876103803109798	2.029078433673825	0.112898873530197	0.6481129907634301	-0.1482487352215964	-4.943587559772135	-3.064907165667434	-1.486630151482147	1.757214490367581	4.258660423125749	0.1494898924114389	-4.902186773723661	-4.902186827284576	-8.756375216907159	-8.756375232188033	-5.967378267936648	1.810689941845718	0.3950475661880513	0.7977719980871273	0.0219117818116548	0.05885897438316378	0.0101204489910004	0.01006199476798027	0.01140910644441796	0.01365698821023845	0.01004812535010332	0.05700233478298408	0.04631572592805518	0.04039678406069252	0.04462827106950582	0.06454994894181067	0.07290009687861138	0.1425190765127875	0.0155111688573468	0.01015230199496722	0.01002974612060753	0.1889131456198715	0.1112031125659071	0.08997539351406131	0.09037245678127566	0.0963555161685056	0.07437168096734575	0.01483146860750046	0.1605439819041384	0.2076376965172143	0.01653243086119089	0.09059770134644005	0.1313959766633754	0.1353650067394306	0.09298434843584964	0.01004843853536531	0.01012718475446395	0.1668430467447684	0.1435053177723007	0.08792388584301604	0.2295868486851575	0.01760284272127138	0.04013977231754244	0.02446861105769021	0.04864321632051807	0.0989525654295064	0.01212556614646291	0.01520871276288878	0.01556279436473276	0.0215940374112944	0.01020113887573849	0.046584263398792	0.05565158180943418	0.02152584724814983	0.006375489936660643	0.004197487127108434	0.03141344449076117	0.07783305731837749	0.01108679792853242	0.009995468131970249	0.01006559445201721	0.1268369881926026	0.06534509098830987	0.06187039955445015	0.07788594115640836	0.06509523078054388	0.0543168157750632	0.01693730830268163	0.1706268382748674	0.2848970380276056	0.03358365963877647	0.07286179359157519	0.1343680094901001	0.0625495160920187	0.07266436612454887	0.01025057151961517	0.01059740413829107	0.1289503112812295	0.1147564871120561	0.05314434857858634	0.3039720422977334	0.00613938993300874	0.001639572432239916	0.004743565527598901	0	0	0	0	0	0	0	0	0	0	0	0	-0.08069042718610249	-0.06773423523704475	0.1114339653744436	0.0367668952069585	0.0104598136253639	-0.01986012467820382	0	0	-3.976103299195587	13.6679702740692	-13.44443192943468	4.941841726660123	3.288694315192644	-0.3634752314125116	-0.3575334436842912	-2.420784575449349	-21.62458844884243	-87.4385795008951	10.31349172568039	-32.96779996159146	-7.456847512213838	-7.456846794844332	-133.454689894402	-133.4546882690289	-100.4093376606974	-3.152748998894868	41.36087377827996	18.65312480504531	0	0
144.54744	-0.116310234615709	-0.06364722939826464	-0.00583378665475478	1.145479605618964	0.9044383384277914	-0.3263736954543433	0.02119078114857104	0.09271510998353337	-0.1232697221110026	0.5384698867094604	-0.134571853206578	0.1077956152130305	0.386295384916428	0.3862953843219259	1.16856413286914	1.168564132096293	0.02011656878953009	-0.2043942468744436	-0.4647774478276798	-0.4850350374282789	-0.2082534278900564	2.958060227016809	1.92187034323885	0.1533933265940612	0.6704029062589409	-0.1533970130532953	-4.944085425560618	-3.074761729842496	-1.686841124647503	1.046164941783567	4.307622995902448	-0.05776806678650107	-4.916975671157192	-4.916975716189237	-9.803318215284333	-9.803318216643284	-6.68676067427367	1.820309962213349	0.8067742068346978	1.08589945341629	0.04817244387890267	0.09061101348860787	0.01265556021703132	0.0166465055985853	0.01592969903367151	0.02170627259048253	0.01025330251807686	0.03926453462129086	0.04974660252537867	0.0239918664199634	0.02257529444417824	0.03194869406242434	0.05664194702263929	0.1318474777440285	0.0103688846113738	0.0100400961135897	0.01011036273935367	0.1516261863799608	0.07064418563723789	0.05810948679703018	0.08226801442498977	0.06276535761038916	0.04820356017706844	0.01636094765162886	0.1560916374826341	0.238391443603208	0.03600345329429688	0.06051428843581891	0.1159028585453522	0.09820244224726264	0.06267756450662523	0.01030222333280389	0.01071425624104908	0.1156810101512273	0.1139595308807345	0.05520999273849169	0.2891853825775949	0.01301194913470822	0.01961607024449415	0.01493712515436335	0.08708457424015305	0.1390415269728693	0.01647235674609236	0.02667134658775475	0.02242613301936524	0.03309951881785705	0.0105666834941653	0.006720498268788837	0.05135973901102201	0.001197523434183234	0.00113724556489969	0.001089957105115737	0.04862478319111399	0.1546123680450472	0.002800281264900844	0.00991464084341127	0.01024867632758676	0.08852835031038377	0.001292521592874115	0.001092731800952231	0.07100248752182653	0.002755765065885968	0.001230754988749383	0.018138398290978	0.1363555824795415	0.2794323918896655	0.06579665545362896	0.001061681466571348	0.07341715364771896	0.05339987252644128	0.003847818107890914	0.01068181584050303	0.01159138284679134	0.002303137629947266	0.05462603916283356	0.001016289633627147	0.4297703323603663	0.01123760581997719	0.002264802076561485	0.008459776677310576	0	0	0	0	0	0	0	0	0	0	0	0	-0.08420145595336305	-0.009584602276351238	0.08899432737946289	0.04337746739133485	0.01067231619699053	-0.01852926389433051	0	0	0.8551082537629674	6.196468182734067	-13.29409480557685	5.095109446102299	2.184324618473799	-0.8898868012463501	0.6122294576611118	0.6390509154015317	-27.67962075126313	-88.75436298678878	1.261626976129113	-18.74708248703343	4.029888574213784	4.029889927746683	-125.9395514488904	-125.9395496977258	-78.09352658145936	5.4035960231513	59.57919508575308	53.1800335596821	0	0
144.55548	-0.1179160293479013	-0.03977044214611207	0.009185327634410214	1.146877250564813	0.909883403289318	-0.3276399585090087	-0.01850598045551246	0.06808085818518128	-0.1377637777994912	0.5440362226366187	-0.1000253801140695	0.1068672940662668	0.347031791688075	0.3470317907798898	1.085810725160147	1.085810724430261	-0.03590817080246466	-0.1895022067349467	-0.4562462949143919	-0.4742220426628498	-0.1867930016882156	2.967161779191043	1.813587481123156	0.1941461908142883	0.6819938390561393	-0.1620456463942593	-4.925235773483637	-3.043569659565574	-1.921884025517051	0.3433109331220957	4.268920957624902	-0.1561740460662335	-4.832054791037697	-4.832054823523638	-10.7626999944315	-10.76269998286755	-7.216533791219027	1.893772627947166	1.326723829418676	1.647671203020457	0.06230212820471974	0.1134840152411004	0.0143450393933371	0.01976424172685534	0.01889737438177624	0.03012050667335125	0.01037208648318673	0.0253253856695298	0.05682977230765654	0.0154967955892986	0.02498465069625123	0.03104898195808447	0.04711169367148005	0.1483621164121436	0.01004161133398873	0.01005554954911326	0.01018124545024426	0.1107243327223906	0.03681817369361471	0.0350391724801766	0.06689167231394318	0.03634312167348189	0.03012638237489723	0.01958132414214888	0.1367543024037351	0.2873386550035258	0.0426220636335987	0.03517053974558402	0.09952889977155722	0.07573194748955181	0.03976414184936165	0.01062464437210452	0.0114888550348688	0.05922260815026445	0.08026989658967909	0.08630218974627103	0.3028620044323589	0.01193000208288168	0.01125170212655017	0.01166289214259567	0.06466224212666624	0.1353107844893477	0.01500407662407706	0.01856404807365061	0.02028522434503319	0.04029170549995707	0.01037960353943688	0.01900732105101638	0.07315497291293918	0.0146591070876028	0.04807936191682406	0.05406268863047473	0.03016117471064495	0.1779087442988361	0.01551418152804298	0.01019346641546015	0.01022580943607628	0.04484993073405312	0.00949300835937205	0.0251039668511257	0.03622331792078319	0.02029833657641714	0.02497044015500707	0.02547636563343431	0.09562837330738908	0.4246041106151703	0.03340379065394185	0.02151727128478621	0.08937847117082436	0.0529290675315941	0.03110790110260139	0.01103362718970084	0.01250292335820613	0.001693789180044681	0.03785238324401925	0.212088307677828	0.2257790377901093	0.01095735628582788	0.006511464994202948	0.009607980123259778	0	0	0	0	0	0	0	0	0	0	0	0	-0.08354155069952478	0.04438773809373137	0.04853598419385979	0.05106755449643055	0.01049507075137788	-0.01594930134199846	0	0	4.126855730009163	-4.450993498466771	-13.77532297713895	4.994672368236258	0.6195666680486115	-1.226769811322046	4.734095831758032	7.786960658008416	-30.07961015226428	-85.1419452359284	-11.49465549694215	-6.091154867047733	17.50013111282777	17.50013285242851	-111.4406181642564	-111.4406167691995	-53.32021356148347	12.54847125689388	68.01215812422525	85.74679620527344	0	0
144.56352	-0.119268347482498	-0.01619624830514778	0.02330944716495901	1.148596098449301	0.9153660861372608	-0.3289843852130943	-0.05787316608495099	0.04396895493087102	-0.1541770998771423	0.5441313119291146	-0.06623903441153851	0.105530857565436	0.3089141778697578	0.3089141767599061	0.9958965620643967	0.9958965614660306	-0.09536939811595592	-0.1738116922229558	-0.4433770284462735	-0.4579081335485914	-0.1484550506307268	2.879132763757025	1.698126916798535	0.2328835707402415	0.6791626026406558	-0.1725601448863345	-4.856316154716337	-2.940154870299543	-2.15805503983153	-0.3068402679600289	4.114342505150489	-0.1628508660001092	-4.628274286341653	-4.628274303627328	-11.57397308710981	-11.57397306684483	-7.539093793346	2.015798120735194	1.871443882139082	2.443900316902161	0.05663498926776299	0.1226474477788513	0.01421349426644301	0.01645240718959864	0.01893656437352847	0.03773650858602592	0.01031372103336602	0.0258533868098906	0.0716011053536733	0.01942899205679699	0.05185672521332274	0.05941877946154567	0.03249612969057444	0.1677017715211606	0.01721299420229011	0.01022360749190521	0.01019781636412682	0.06597677322189513	0.02470912693849354	0.03720132498674973	0.04062468403989757	0.0332388499996564	0.03481409971329689	0.02511552856007389	0.106426150541812	0.3725840110122763	0.02748581108642232	0.03424668035622305	0.09905100340773194	0.06408925030718056	0.0435572863382406	0.01096387479814185	0.01234134639675645	0.02864344973299238	0.05385016344306134	0.201411988105183	0.2247554678097569	0.01130922049353057	0.01006745834323216	0.01092695554412941	0.04223991001317944	0.1315800420058261	0.01353579650206177	0.01045674955954646	0.01814431567070115	0.04748389218205709	0.01019252358470846	0.03129414383324392	0.09495020681485636	0.02812069074102237	0.09502147826874842	0.1070354201558337	0.01169756623017591	0.201205120552625	0.02822808179118512	0.01047229198750902	0.0102029425445658	0.001171511157722468	0.01769349512586998	0.04911520190129916	0.001444148319739844	0.03784090808694832	0.04871012532126476	0.03281433297589062	0.05490116413523668	0.5697758293406752	0.001010925854254734	0.04197286110300107	0.1053397886939298	0.05245826253674693	0.05836798409731186	0.01138543853889865	0.01341446386962091	0.001084440730142096	0.02107872732520493	0.4231603257220289	0.02178774321985238	0.01067710675167857	0.01075812791184441	0.01075618356920898	0	0	0	0	0	0	0	0	0	0	0	0	-0.08288164544568652	0.09836007846381398	0.008077641008256682	0.05875764160152626	0.01031782530576524	-0.01336933878966641	0	0	4.987387205883713	-17.81009200119896	-15.07592290737069	4.588305576464315	-1.388945252037142	-1.355089203453166	13.14621997412095	18.39974933723525	-27.85401622402641	-75.58536323275972	-27.35948326508829	3.912056515837792	33.66784774891746	33.66784978222888	-89.03102211406038	-89.03102137825358	-26.67999405906631	17.35828975390621	65.66710880794598	110.576375397275	0	0
144.57156	-0.1203109359408254	0.00621925002847338	0.03645568866087581	1.150609829777729	0.9207573939954427	-0.3304154206450683	-0.09636862977826074	0.02105594963113729	-0.1723644517614889	0.5393705765165104	-0.03422863185958631	0.1044286955577323	0.2729878364381188	0.2729878352574626	0.9002689855583556	0.9002689851384336	-0.1565508654308042	-0.1570147779139973	-0.4263210361313391	-0.4345153790432488	-0.1128714954097311	2.677107793964441	1.569510214849218	0.2670760766948054	0.6588714356404733	-0.183345851211369	-4.70297571499444	-2.742997585224925	-2.356623303847676	-0.8571564630048961	3.825337239832573	-0.1025071368595981	-4.28327432133708	-4.283274321421519	-12.17362923432772	-12.173629211247	-7.643375206811823	2.165119778581336	2.353805926547286	3.391493776118488	0.04709816915400063	0.1223342623546171	0.0127547277396595	0.01261614667640547	0.01605509194058294	0.03823612041421761	0.01022129206269389	0.03252877787378184	0.07059430260541157	0.03364952018828098	0.07948606310697612	0.0888718110493445	0.03558466655420849	0.1750817608247294	0.02190561330101822	0.01034615628455986	0.01017731252937084	0.04539877448126082	0.02591178527265775	0.04191426088048731	0.02438105883613467	0.04020450378211003	0.04318997631231217	0.02859759959144957	0.09297313045876855	0.3913244178957367	0.1165905060923344	0.04056485852348002	0.1047794256694143	0.05478366046167947	0.05493589404859953	0.01081655514486622	0.01200527052456513	0.01951662772182855	0.05038910627985839	0.353200914237202	0.1987233632727708	0.0107733742235948	0.01030359422417862	0.01064452172597246	0.03541600925021059	0.1138056739513699	0.01002350094401331	0.008875996283730288	0.01014183034050536	0.03128185910042328	0.01011437407751824	0.04372698018181111	0.04807660880956368	0.0597602929781316	0.1138808786357625	0.1254587108326555	0.05998615346152594	0.1691105926789339	0.02352100230476659	0.01041533983598236	0.01012722981929132	0.04668383898042753	0.03449357741712009	0.04332507466312645	0.01794482136838323	0.05308672450596878	0.05177480712805609	0.0303382240065522	0.09875120099566	0.2854014336261336	0.3786337763043045	0.04930351449730237	0.1152979050343012	0.04100408918699738	0.07066564447661304	0.01013886903278561	0.01036408750856665	0.02086435257948062	0.06868211398026182	0.7005403964129822	0.2786285381626985	0.01009298448830352	0.01026255533036379	0.0101525046684916	0	0	0	0	0	0	0	0	0	0	0	0	-0.0856380519207052	0.04586484960652725	0.01730678079623484	0.05941148320509119	0.009433693786155377	-0.01287830614350341	0	0	3.524598795801399	-32.51888362758902	-16.98827264849477	3.865991776949934	-3.688882294533164	-1.301551341634952	25.58285653145502	30.7478707609416	-20.7429098371464	-60.48738687903831	-44.56152646683613	10.48156268770772	52.57794541298455	52.57794762437673	-58.94161222628905	-58.94161226506826	0.7598116522514569	19.28277935693891	52.60434943797315	122.6852305904471	0	0
144.5796	-0.1211345746357897	0.02653581605917348	0.04850270917064471	1.152871906839288	0.9259099406750495	-0.3319298946002451	-0.1331953235538055	0.0001272761945123326	-0.1918684800447709	0.5307217524449549	-0.005092743990764636	0.1039834538211917	0.2404721082034846	0.240472107093511	0.8008652917530609	0.800865291509789	-0.2176864905448927	-0.1389875978578246	-0.4059153699674309	-0.4032789069562918	-0.09619213629966511	2.357798909204012	1.424422318244024	0.2942749041792194	0.619693935352671	-0.1931432210597413	-4.43747411624094	-2.447352776036049	-2.479598881603668	-1.268603677545517	3.400789545867566	-0.004545418151250885	-3.77692510144426	-3.77692508388976	-12.50490426618226	-12.5049042461802	-7.528507305889097	2.317823326119582	2.692139521020767	4.373579181073844	0.0389007161339617	0.1134560605451483	0.01010476962577657	0.01005816561531144	0.01020425315976327	0.02943946573159347	0.01013711594197863	0.04230420912490152	0.04495045543640718	0.05700528051564456	0.1015567743636983	0.1115767494164467	0.06305573878803612	0.1642437336397011	0.02122557973484037	0.01036467395453414	0.01012482290045832	0.05974004460950801	0.03581010403271961	0.04082728905973967	0.02617402456980392	0.05159253497074098	0.04856161277347896	0.02871941420983925	0.1079762851358805	0.2897925684288803	0.3256033880166678	0.04736991718866965	0.1125582071991227	0.04417135542175743	0.06659949862613442	0.01003265095485002	0.01009868705236561	0.02660347808567035	0.07393263044979227	0.5372533265825066	0.2915308860064242	0.01020904914044756	0.01011581248273856	0.01017592361069171	0.02859210848724173	0.09603130589691371	0.006511205385964856	0.007295243007914112	0.002139345010309569	0.01507982601878947	0.01003622457032802	0.05615981653037831	0.001203010804270998	0.09139989521524082	0.1327402790027766	0.1438820015094772	0.108274740692876	0.1370160648052428	0.01881392281834806	0.0103583876844557	0.01005151709401683	0.09219616680313258	0.05129365970837019	0.03753494742495372	0.03444549441702662	0.06833254092498924	0.05483948893484742	0.02786211503721379	0.1426012378560833	0.001027037911592054	0.7562566267543542	0.05663416789160367	0.1252560213746727	0.02954991583724783	0.08296330485591423	0.008892299526672568	0.007313711147512389	0.04064426442881915	0.1162855006353187	0.9779204671039353	0.5354693331055446	0.00950886222492847	0.009766982748883159	0.009548825767774214	0	0	0	0	0	0	0	0	0	0	0	0	-0.08839445839572388	-0.006630379250759475	0.02653592058421298	0.06006532480865611	0.008549562266545515	-0.01238727349734042	0	0	0.421472904556798	-46.63642824445268	-19.09949616389501	2.85597852722719	-6.044757714815961	-1.119194264403639	40.79218345450358	42.48873830438928	-9.173449094577302	-41.35300721879468	-60.64219357836873	13.24799987968835	73.67307960162006	73.67308172818318	-22.59989849536792	-22.59989916997057	27.58877673128483	18.22128848231683	30.19663135995481	118.7943245076604	0	0
144.58764	-0.1219350327248133	0.04385228626983668	0.05931633315122049	1.155317362463383	0.9306728187843297	-0.3335163468892308	-0.1673793658905546	-0.01807108557489899	-0.2119468261836527	0.5194100976210506	0.02014304732924111	0.1043746688960207	0.212725138506654	0.2127251376029479	0.700021360078582	0.7000213599707874	-0.2770500983262748	-0.1197969756861095	-0.3835930919807509	-0.3644549663475251	-0.1081139004485929	1.934424238073872	1.262994431268618	0.3123863127552222	0.5622048892448366	-0.2011588041628614	-4.044171865970615	-2.06782857483879	-2.494864339151749	-1.51700749918246	2.860095229058578	0.1006358496643666	-3.095441180105447	-3.095441146937407	-12.52679121256915	-12.52679119914286	-7.205402214568007	2.450961288622803	2.82182908793602	5.25626650996604	0.05162825826120579	0.1192988636549832	0.01042095441567184	0.01337797602075249	0.01327647813603835	0.02357994336157025	0.0101062233477778	0.04666553976478047	0.03613773528952296	0.06235538238865303	0.09952912369642873	0.1086640580677538	0.08063181433461739	0.1460568337518412	0.01800481536362269	0.0102877301015786	0.01008168404056823	0.06648126166639343	0.036802684002191	0.03367772700117694	0.04448600854656153	0.05081296386041714	0.04412019518972012	0.02774203226878558	0.1429126954613328	0.184018542205944	0.4601296801509111	0.04425083708378077	0.11923817217847	0.03212754153417016	0.06383225951963399	0.02053476321139252	0.01373737999329651	0.04314990092692572	0.07983075263574539	0.6502797466169973	0.3338724744730406	0.01005305355664757	0.01001643255641755	0.01003478885453209	0.09136503287702336	0.1505266970978353	0.0140818006936933	0.02311370591567091	0.02679332872733857	0.02172824601275359	0.010120262346232	0.04569716788556647	0.05044282494069712	0.04657594642095131	0.06702574520567235	0.07250443076086149	0.08775576333483961	0.113983274967564	0.01261528154683204	0.01012083538614487	0.01004561130082959	0.05605017581070747	0.02618311609945109	0.0192873420128801	0.08152103997687861	0.03474349461859016	0.02796441733248933	0.0261605093814033	0.2146069274275098	0.06484192598549018	0.5994790622440701	0.0288304263397812	0.127408075218656	0.01534958717173834	0.04285932680900765	0.04536765717851782	0.02421327048533786	0.07104036691081785	0.05894264680170804	0.7545412324185103	0.2682657731125906	0.01028082114346779	0.01008154585391429	0.0102356321958603	0	0	0	0	0	0	0	0	0	0	0	0	-0.1024607409768771	0.03583667008039716	0.02602426352748787	0.07785047260987098	0.006287794130519321	-0.009005590294459324	0	0	-3.433527495971089	-58.06534412188137	-20.98944278177204	1.61783472486305	-8.202649666264447	-0.8679089760181701	57.06335075187764	51.24374214404418	5.83946510664196	-20.32561538387507	-73.05100058515119	12.34328270594568	95.93580290009183	95.9358045847715	17.54046056962458	17.54045969126037	52.30775525290673	14.49898111030992	1.279495500466594	98.04171332745594	0	0
144.59568	-0.1229563257135427	0.0574398000189127	0.06877603866207317	1.157866633238973	0.9349077718264659	-0.3351588002860421	-0.1978795106887805	-0.03298329931814563	-0.2316368943516435	0.5067812703053329	0.04068787241138208	0.1055472834120497	0.1911780726530241	0.191178072061714	0.6003148356932232	0.6003148356664667	-0.333051896980708	-0.09968017513112924	-0.3612024637289455	-0.3193748356612949	-0.1508459591220601	1.436254543991129	1.088332233649473	0.3199104358872852	0.488940635521864	-0.2070472793743218	-3.522275005873401	-1.636404751214944	-2.380332701682875	-1.597083013155676	2.241587715744966	0.1857462614527406	-2.235064331074391	-2.235064287800225	-12.22108835251046	-12.22108834548209	-6.697069280199301	2.545470851727758	2.705587595123165	5.909720005733479	0.09021007063485376	0.1483690869884974	0.01491734920564122	0.02379730693047197	0.02856686438099862	0.02473073556246757	0.01014191213329599	0.04290365800944689	0.05865891589064624	0.04047830709350429	0.06446882490053542	0.07060549880062275	0.07805928271248939	0.1251232886950167	0.01305505983767366	0.01011776462808121	0.01006011545647058	0.05020001367356185	0.02315600759032667	0.0201774536769796	0.07751075895170655	0.0319613711172279	0.02716887987148924	0.02635557698803022	0.1934265645660515	0.1457439166758767	0.4773831777956762	0.02739366938180412	0.1236535484091381	0.0186116614953311	0.04083016335721755	0.04525890388614769	0.02489538119005922	0.06667107141127546	0.05215935426256309	0.6436471444512825	0.2475188422761852	0.01043444105779833	0.01015684613000781	0.01037315571795557	0.154137957266805	0.2050220882987568	0.02165239600142175	0.0389321688234277	0.05144731244436757	0.02837666600671771	0.01020430012213598	0.03523451924075464	0.09968263907712326	0.001751997626661788	0.001311211408568091	0.001126860012245739	0.06723678597680327	0.09095048512988511	0.006416640275316031	0.009883283087834042	0.01003970550764235	0.01990418481828234	0.001072572490531991	0.00103973660080648	0.1285965855367306	0.001154448312191081	0.001089345730131244	0.02445890372559281	0.2866126169989363	0.1286568140593883	0.4427014977337861	0.00102668478795873	0.1295601290626394	0.001149258506228858	0.002755348762101059	0.08184301483036308	0.04111282982316333	0.1014364693928166	0.001599792968097377	0.5311619977330853	0.001062213119636646	0.01105278006200711	0.01039610895894542	0.01092243862394639	0	0	0	0	0	0	0	0	0	0	0	0	-0.1165270235580304	0.0783037194115538	0.02551260647076276	0.09563562041108585	0.004026025994493128	-0.005623907091578231	0	0	-7.078271880046723	-64.98650611713005	-22.35619589490648	0.238911538561405	-9.935143175190852	-0.5963516567468672	72.44143713649488	55.164463665976	22.84897891944483	0.0845107500781011	-79.72741549826254	8.394946667001163	117.8894550821991	117.889455820531	58.33377607754754	58.3337754145874	73.42192223211218	8.730270171948014	-30.28380603360781	62.31446544452405	0	0
144.60372	-0.1244285628659173	0.06685700587863477	0.07679408035762766	1.160431170455046	0.9385037261338283	-0.3368398283554519	-0.2237129870369704	-0.04436039752145144	-0.2498480393808379	0.494140472128924	0.05611578644898007	0.1072513692933219	0.1772396772229435	0.1772396769891105	0.5043646963000268	0.5043646963121819	-0.3843345090317669	-0.07900604615183303	-0.3407607297775016	-0.2703236548070051	-0.218647234225609	0.9045828870361725	0.9052286738991893	0.3161402159684403	0.4040483728760162	-0.210759704767813	-2.887299502662379	-1.196052726828631	-2.126491674684896	-1.524307342930245	1.596326611761686	0.2300642530588289	-1.205706008083116	-1.205705964336347	-11.59592808088056	-11.59592807774624	-6.038160357392712	2.587853970711933	2.339179914825079	6.229983097755557	0.1124886677063098	0.1656995413634886	0.01780892262495759	0.02847017451766247	0.03892017855666439	0.02845558906889929	0.0106667558361038	0.04129506220810503	0.07959519602409244	0.04499842242094636	0.04574214582816274	0.04676218585772628	0.06329760749082983	0.09676460454546931	0.01001837684763434	0.01001369176589384	0.01005453934208156	0.03509152131040968	0.01226214940006093	0.01107062527409426	0.09303148963554425	0.01584929496620853	0.01387585495335143	0.02797425825151239	0.2178861681732895	0.1214791210805671	0.4488366131357739	0.01393982325125951	0.1234435906938972	0.01049395167955362	0.02443615918945968	0.06713259725846715	0.03437312945697293	0.0706613272057967	0.02672528376621858	0.5852813856308007	0.1655910758384855	0.01052803181826626	0.01019740515103615	0.01045380483510165	0.1188641033699456	0.1694167961845076	0.01880655256564424	0.0267389681151394	0.04438168015588319	0.03413788739401639	0.01179000714529847	0.04375134770528245	0.09889480624543719	0.08753643914624175	0.05034883088005489	0.04332895782455532	0.03417848417571089	0.0459836922725427	0.00865862717617593	0.009974145849295306	0.01005888602419592	0.02340714161241436	0.005509445469397972	0.006091039521824198	0.09067291384002121	0.003766189432946663	0.004708365888777542	0.03333025060158495	0.2161487372448831	0.06483843624766503	0.3589246036083469	0.004626627150087283	0.1178018439488432	0.006437615022523651	0.0167564434782134	0.09120283783794648	0.04317624266698897	0.05123790683249944	0.006935503861140162	0.4198551328917574	0.1014169690475598	0.0102278318480821	0.01009096556609751	0.01018155942206183	0	0	0	0	0	0	0	0	0	0	0	0	-0.1151962255478519	0.1006645355158371	0.001284102674631661	0.09870695647557171	0.001337756119841721	-0.003703402592129207	0	0	-9.498433055425116	-66.29077749055047	-23.08618895363703	-1.172505218136863	-11.07323752882498	-0.3282612869361555	84.84356718371093	53.42990531062986	40.2182065328703	17.27479119534668	-79.63836626013362	2.375242393073321	137.6236489342971	137.6236482603474	96.47778281803802	96.47778251238235	89.55182389605315	1.657502686062804	-60.24739037565683	16.09176096368043	0	0
144.61176	-0.1265029729028384	0.07202041458111989	0.08332297433235596	1.162920366827553	0.9413875748096502	-0.3385420976087067	-0.2440886639897975	-0.05231235195258234	-0.2654662786678975	0.4825866040209971	0.06643129077579119	0.1091037740350231	0.1721740974841547	0.1721740975642241	0.414621244668034	0.4146212446990339	-0.4298611867599377	-0.05822803014834902	-0.3241833429814626	-0.2202548445920605	-0.2977146156319235	0.3858498018109732	0.7186853142228145	0.3012808831957789	0.3127121382176113	-0.2123361964114478	-2.171207252396735	-0.7914594830078553	-1.737036456695251	-1.334059116337649	0.978634106418114	0.2213388679229023	-0.03370458618870509	-0.03370455374427329	-10.68450160161914	-10.68450159964859	-5.273387304446609	2.570492508576551	1.751763524797572	6.157275251289072	0.1055573313584107	0.158125277156209	0.01740645775014573	0.02360196882575587	0.03950852119421318	0.0332933393403269	0.01180462196202337	0.04521913047389228	0.08875226576947769	0.09199566408503981	0.06283149332726508	0.05763843087878116	0.03822689438402856	0.058495009441508	0.01002438625175003	0.0100225520430032	0.01006330633716226	0.02999074890914412	0.0100333867887503	0.01001903159051355	0.08084854842598786	0.01009689233588	0.01005209542866313	0.03363595008175006	0.1998806213460571	0.0762591032995901	0.3992097212307466	0.01002960614021595	0.1175911097640572	0.01002846761215853	0.02476811813678914	0.08177841080948212	0.03960674743983267	0.04555903588341593	0.01770456875874617	0.5070940493781445	0.1611591505793491	0.01008963528957946	0.01003768728363293	0.01005861529795243	0.08359024947308628	0.1338115040702585	0.01596070912986674	0.01454576740685111	0.0373160478673988	0.03989910878131507	0.01337571416846097	0.05226817616981026	0.0981069734137511	0.1733208806658217	0.09938645035154171	0.0855310556368649	0.001120182374618508	0.001016899415200269	0.01090061407703583	0.01006500861075657	0.01007806654074949	0.02691009840654638	0.009946318448263951	0.01114234244284192	0.05274924214331184	0.006377930553702246	0.00832738604742384	0.04220159747757708	0.14568485749083	0.001020058435941734	0.2751477094829077	0.008226569512215837	0.106043558835047	0.01172597153881844	0.03075753819432574	0.1005626608455299	0.04523965551081461	0.001039344272182329	0.01227121475418295	0.3085482680504295	0.201771724975483	0.009402883634157082	0.009785822173249602	0.009440680220177279	0	0	0	0	0	0	0	0	0	0	0	0	-0.1138654275376735	0.1230253516201203	-0.02294440112149943	0.1017782925400576	-0.001350513754809686	-0.001782898092680183	0	0	-9.740853980552313	-61.82482697110474	-23.2294845280021	-2.500536800339185	-11.53234326034005	-0.06378489457017036	92.33578369537129	46.42866194225245	56.31572405252631	28.99031510515139	-73.00855685114612	-4.618027952579784	153.0276417227743	153.0276396481722	129.1419698016477	129.1419698079625	99.6150467683488	-6.031827648717468	-84.66189143807796	-34.28964365448393	0	0
144.6198	-0.1291917593395195	0.07321436253508691	0.0883527590569009	1.165248953667093	0.9435295410643683	-0.3402484601546789	-0.2585293757725916	-0.05728404571260606	-0.2774595503401577	0.4728695399530551	0.07205560802378135	0.1106579700535992	0.1769669506895215	0.1769669509532739	0.3331859018554866	0.3331859019056211	-0.4689842135964929	-0.03784063980171747	-0.3130319321077948	-0.1723873701356138	-0.3676963703784199	-0.07616412422406263	0.5329342554677458	0.2764424207842755	0.2203883056653006	-0.2117708340298342	-1.419297549044003	-0.4598812780379168	-1.228577149833977	-1.076583353783451	0.4363464263370948	0.1559494476093354	1.238332817837595	1.238332830142098	-9.539086413761622	-9.539086410581795	-4.454038870625353	2.490493731521153	1.000993651951394	5.686132472889731	0.08366376762067042	0.1302540597792702	0.01536754703072065	0.01748938076885002	0.03305764945906754	0.03125091524252102	0.01199922397957857	0.04418260406524724	0.1090699522926531	0.1153025258110442	0.0680818336271577	0.06030200767920756	0.01935316187811807	0.07074370512398243	0.01038562620382179	0.01007079642479137	0.01009315202779982	0.03885270064011868	0.01099057315961121	0.0105685977514426	0.0679436448870737	0.01206619051163881	0.01049998116597934	0.03281402145162592	0.1692306096763498	0.1085402195523287	0.3242672124479514	0.01003740512646125	0.1030835474743114	0.01166873847550804	0.02764078989022176	0.07779018408352614	0.036347029719849	0.02246651835832965	0.02300179787837276	0.4493259013787199	0.1552581329988223	0.01019132041438936	0.01006141171859556	0.01016134340804218	0.04261815945912879	0.06770860995257545	0.01192717215230275	0.01091427825099553	0.01946056525908859	0.02089919609895188	0.01113990143453521	0.03574789560729303	0.1571280524808441	0.1091618814533151	0.05029945128287111	0.04331376116532118	0.005484008119723882	0.1489386197666332	0.01047148190725889	0.01014369024574114	0.01014773109781995	0.06255262980730515	0.0132058333433648	0.01087231104903568	0.05768579018292802	0.01954029833117352	0.01292140905842598	0.02370610596315446	0.1179592838685361	0.2584091899280208	0.1381680512691973	0.01153846776354699	0.072129885868239	0.01394608549500766	0.02937236428189246	0.05120588537413401	0.02380724110926751	0.004093186186776411	0.03966412186506381	0.3772905589508963	0.1014577123774386	0.01098428413700298	0.01032192853577247	0.01089997805304437	0	0	0	0	0	0	0	0	0	0	0	0	-0.107348498090392	0.0646136827622544	-0.008287165009626533	0.1044068093472443	-0.004283503401009104	-0.003078023516331732	0	0	-7.169987224078902	-52.3856835968248	-22.91095557673356	-3.638842066470486	-11.33055380688591	0.205869954469026	93.60672013692957	35.56680956968973	69.56520969141219	33.86635668919335	-61.18101777081609	-11.56541128645467	162.2430926618055	162.2430898901528	154.4750202247923	154.475020524132	103.104505725168	-13.86673315270596	-100.4721964682383	-81.88936973156542	0	0
144.62784	-0.1323278864546786	0.07104063859939926	0.0919034601726739	1.167343784279037	0.9449420445890039	-0.3419414726607171	-0.2669551164193927	-0.05996666367472313	-0.2849793416554637	0.4653035739993167	0.07374196473662464	0.1114692558224625	0.1922074050708246	0.1922074053451906	0.2616929031128898	0.2616929032017189	-0.5014765967217695	-0.01834905716720106	-0.3083189811401433	-0.1297646178139902	-0.4050027202494631	-0.4472621424365402	0.3512370782084446	0.2434949255438548	0.1319874725484832	-0.2090057542335839	-0.6838353616583484	-0.2245291049502729	-0.6300252919252802	-0.8083772374073454	0.003234190732239295	0.03769536173857993	2.555281786573128	2.555281777459029	-8.221967179891333	-8.221967173018172	-3.632442448958532	2.347786887724646	0.1640732584778713	4.864648491001079	0.05088923762851238	0.08203543003784423	0.01217216674147829	0.01273663865760056	0.02009668886744436	0.01961745683002722	0.01078822379775851	0.03460346614119934	0.1474880068570093	0.09416859554634259	0.04405755633396011	0.03855463485062795	0.01320943684892483	0.1496245120642106	0.0102889575821128	0.01013667314403845	0.01014606672285864	0.06202283094698363	0.01327441469712128	0.01064328173409786	0.06421366096605433	0.02043263295210354	0.01334038469396941	0.0220401873770124	0.1388444243998579	0.2424290562655347	0.2184509528299174	0.01195564566509667	0.07834483528366494	0.01363839430229694	0.02810944661783807	0.04961259936385039	0.02286710720053874	0.01344389703760664	0.04054020264205059	0.4366706459222995	0.1033055966024996	0.01114919982521005	0.01038189263843576	0.01104911141348665	0.001646069445171283	0.001605715834892432	0.007893635174738766	0.007282789095139948	0.001605082650778387	0.001899283416588702	0.008904088700609452	0.0192276150447758	0.2161491315479372	0.04500288224080853	0.001212452214200515	0.001096466693777458	0.009847833864829255	0.2968603401180662	0.01004234973748196	0.0102223718807257	0.0102173956548904	0.09819516120806392	0.01646534823846564	0.01060227965522945	0.06262233822254422	0.0327026661086448	0.01751543206942811	0.005210614448731835	0.09023371024624227	0.5157983214200997	0.001188393055486856	0.01485036601487814	0.03821621290143099	0.01616619945119688	0.02798719036945918	0.001849109902738109	0.002374826707720414	0.007147028101370492	0.06705702897594468	0.4460328498513632	0.001143699779394192	0.01256568463984888	0.01085803489829534	0.01235927588591146	0	0	0	0	0	0	0	0	0	0	0	0	-0.1008315686431105	0.006202013904388496	0.006370071102246368	0.1070353261544311	-0.007216493047208523	-0.004373148939983281	0	0	-1.629916599462385	-39.50634634475287	-22.22965195520278	-4.507436430794025	-10.58240127899482	0.482274701780524	88.26029669136	22.84605522679447	78.49272672544915	31.73506376974761	-46.2272936862588	-17.65004952514397	164.0720967195262	164.0720943570751	171.8534102173195	171.8534108318671	100.2877315956001	-21.60568649322349	-105.9224836617369	-120.5454858374421	0	0
144.63588	-0.1355552844393602	0.06632156135965249	0.09401929318608072	1.169148922141278	0.9456724338035107	-0.3436033723235177	-0.2697082491869824	-0.06117137658318919	-0.2874556990347032	0.4597566129460965	0.07244484925946787	0.111147794797136	0.2180123125555262	0.2180123126934184	0.2012685181073686	0.2012685182736879	-0.5275145142300491	-0.0002530667808036307	-0.3103954815691087	-0.09486274588577796	-0.3869174693938627	-0.7072408588667611	0.1765298294220073	0.204793990831156	0.05119151638774278	-0.2040477923031049	-0.0162901922983779	-0.09199373306655059	0.01844810149123173	-0.5823605275231163	-0.3046134417376381	-0.1237989230742162	3.856049869243409	3.856049846336089	-6.795678717023691	-6.795678704428245	-2.855457740133819	2.143587703613569	-0.6736789368215726	3.783139094577443	0.03043154018534781	0.05323299924867202	0.01024332992383434	0.0102368983915448	0.01135965569652647	0.01216732266014503	0.01022215472611058	0.03574127269272923	0.1687146872561231	0.07365833933255836	0.02185292716468468	0.01917523372258876	0.01121280761653596	0.1817729669629825	0.0101670063650897	0.01015197995968502	0.0101570886856858	0.08499307490068171	0.01577490671608229	0.01059540004565862	0.06517907341264161	0.02836464943656702	0.01520438058813145	0.01904214310239515	0.121841376841691	0.301001060834928	0.1287371659705695	0.01251662059754691	0.06850774495013287	0.01382658872344478	0.03347143227549067	0.0386312805305805	0.01859584105189366	0.0103968934468605	0.05121452221756253	0.4004100396134102	0.05188067923589153	0.01144409297612391	0.01048211194001037	0.01132381000344781	0.02126745063235363	0.04485058614116594	0.009437806217786194	0.009111971882555052	0.006687486544227791	0.009766494336446415	0.01050633159501063	0.05110617187295322	0.1738274000999593	0.05989895740366338	0.004351646651434884	0.00440774097107756	0.00949153438954823	0.1492500155310555	0.01009734568700532	0.01011560230881198	0.01012296801438815	0.114346160923923	0.0188005132380602	0.01052188602862962	0.06897962669413568	0.03660378202556711	0.01596928047707127	0.0259301571098678	0.1131826571023831	0.2585314651958052	0.02963828504002386	0.01138751243486396	0.07602960395136114	0.0121627935833503	0.04624368826302815	0.05074630667389004	0.02552245836045371	0.008728371629998236	0.05503722433210911	0.2418911321544488	0.00120621417109186	0.01093719851242933	0.01031398914334557	0.01085923637208671	0	0	0	0	0	0	0	0	0	0	0	0	-0.09758283936224363	-0.009940553039775759	0.01133843406835542	0.1096597916527428	-0.008769316121335979	-0.005501425823278625	0	0	6.50151892340198	-25.06067669584393	-21.15135921854556	-5.067567508748816	-9.474066307283724	0.7460031537416437	76.89157702800873	10.30257145100439	81.78354714452864	23.63650519313949	-30.37262629918062	-22.22206952514926	158.2646808681833	158.2646799342241	181.7985276139547	181.7985283668785	92.25284501438382	-29.15349692802841	-100.7668905910781	-146.0963846090646	0	0
144.64392	-0.1383530013261145	0.05998130984615346	0.09477109316754331	1.17062811283463	0.9457911425473765	-0.3452173372402156	-0.2675157485817749	-0.06170061952329087	-0.2846814076180337	0.4557159805625667	0.06917915033899089	0.1094008826144704	0.2540105055842071	0.2540105055277211	0.1525627766612985	0.1525627769513605	-0.5476077854259991	0.01596012239220099	-0.3189351087806227	-0.06932503588766877	-0.295783237866453	-0.850810363267568	0.01272648225418446	0.1628164385113753	-0.01998675701795669	-0.1971529723217947	0.5402817537834173	-0.0541849488227968	0.6672073854504907	-0.4390237559221759	-0.4877284114501821	-0.3141747573883378	5.081717104525579	5.081717081614233	-5.315097936721171	-5.315097918925021	-2.158323622224305	1.879867594780958	-1.431151142229642	2.554963447060605	0.03168864369152481	0.06170829512735104	0.01031965627619295	0.01023375901727485	0.01048748143371661	0.0134526532052009	0.01091088073301416	0.05361279161371159	0.160023817595245	0.0710625207097262	0.01333286837118506	0.01219347660992789	0.01015853765262359	0.1281916888484073	0.01014751590743227	0.01009656020741536	0.01010701791173587	0.1037653166783106	0.01816982599495635	0.01052867951026752	0.06898148866407333	0.03394192921069692	0.01510471444426176	0.02940963963176157	0.1239208325009721	0.2235890986441552	0.08832620294518509	0.0107517905996356	0.08325684971435451	0.01159692492088459	0.04586744702320812	0.05981880027500407	0.02976290583112348	0.01001485595803404	0.04943671773833142	0.2970149693075283	0.02492156207362506	0.01062631140383971	0.0102092201039836	0.01057167521369937	0.04088883181953597	0.08809545644743944	0.01098197726083362	0.01094115466997016	0.01176989043767719	0.01763370525630413	0.0121085744894118	0.08298472870113063	0.1315056686519815	0.07479503256651825	0.007490841088669252	0.007719015248377662	0.009135234914267204	0.001639690944044957	0.01015234163652868	0.01000883273689826	0.0100285403738859	0.1304971606397821	0.02113567823765476	0.0104414924020298	0.07533691516572713	0.04050489794248941	0.01442312888471443	0.04664969977100377	0.1361316039585238	0.001264608971510693	0.05808817702456087	0.007924658854849775	0.1138429950012913	0.008159387715503711	0.06450018615659711	0.09964350344504196	0.048670090013187	0.01030971515862598	0.04301741968827354	0.03774941445753439	0.001268728562789528	0.009308712385009792	0.009769943388395789	0.009359196858261962	0	0	0	0	0	0	0	0	0	0	0	0	-0.09433411008137672	-0.02608311998394001	0.01630679703446447	0.1122842571510546	-0.01032213919546344	-0.00662970270657397	0	0	16.37142513592195	-10.80624699839953	-19.4745546215929	-5.327781642430812	-8.227202944150191	0.9565894688837144	60.94713864165615	-0.5282982548814624	78.44695822407895	11.54624221883731	-15.44742048329485	-24.77089251569828	145.5997216367676	145.5997225808718	185.6178444967784	185.6178449602171	80.75154187577279	-36.36900165557799	-86.29235003526991	-156.9811274717095	0	0
144.65196	-0.1400893770310727	0.05293441561954459	0.09426883588992789	1.171764264929194	0.9453775735425847	-0.346770000821175	-0.261397546320238	-0.06225073988809811	-0.2768743301299832	0.4524135152451838	0.06490362397675412	0.1060650913619569	0.2993920992633016	0.2993920990714544	0.115831316166718	0.1158313166086121	-0.5624888260660087	0.02982689562782967	-0.3330168022246908	-0.05385857835296573	-0.1221248400744288	-0.8849813475563487	-0.1342504580870961	0.1197959075886902	-0.0813232104394092	-0.1889288560772541	0.9567638435736497	-0.09394893290965474	1.261020968907103	-0.4008088419889782	-0.5585556152689927	-0.5160162286867677	6.183214403656033	6.183214394954501	-3.823032949953403	-3.823032930827295	-1.560822362221155	1.561014368472033	-2.043395844770837	1.296607998970478	0.03589940344735788	0.07423457470654131	0.01049424928262034	0.01043663417547961	0.01084944589198666	0.01603144785053573	0.01316469989720636	0.06837771444838865	0.1463250913695177	0.06718628613323692	0.01053428599331946	0.01014320134513666	0.01251835661467851	0.07238658876326418	0.01013032461935478	0.01005358688947179	0.01006491115646347	0.1025991012120236	0.01814976565719048	0.010540998752263	0.06867751389731652	0.03763336265317803	0.01761975809467481	0.03914179037924601	0.1289480481939227	0.1335791045340962	0.07648369848398937	0.01034188756227993	0.09757529706563492	0.01002126441250643	0.05616164812810848	0.08124050365660275	0.04054709746115116	0.01011058506439291	0.04601560786052061	0.20604028065299	0.01303518614088237	0.01002146164523049	0.01000744246063303	0.01001477886727197	0.03824869200486087	0.08421329759793809	0.01033908983925895	0.01030756902720468	0.01060282459089218	0.01841700302921357	0.01724609237294185	0.08104855456309949	0.1290780926721078	0.05402981876578347	0.009050636887227988	0.009226108156766163	0.01865936952455385	0.02330579871968507	0.01008791536803964	0.01002977231859491	0.01003541070059555	0.07637315266131792	0.01564865873282015	0.01064037680297868	0.06253977792602546	0.04099324691825446	0.02390509357607284	0.04793248077313167	0.1330881927510373	0.03559489565567914	0.07026316364954774	0.01174957505119101	0.1102660827566606	0.009319752205166131	0.06605834972539233	0.1030092932566543	0.05049879600668571	0.01008168016495741	0.04294651043113262	0.1076752280191444	0.005218702421954154	0.009753066576753674	0.00991804591403873	0.00976725475849214	0	0	0	0	0	0	0	0	0	0	0	0	-0.09428849414485604	-0.004274382197517869	0.004344844569080608	0.1100579830536209	-0.008835604697557373	-0.008142606348136081	0	0	26.82445707532318	2.004806742078109	-16.92575984197479	-5.33886964223194	-7.058700949575059	1.070695922884398	42.39834465063248	-8.963047158597643	68.15267387001602	-2.097797980942291	-2.547091502219329	-25.07266398446142	127.7110449078137	127.7110473819669	184.9412856084633	184.9412854448889	67.79323825476447	-42.75463508218403	-65.1843226831255	-153.9250433907507	0	0
144.66	-0.1400966009658997	0.04600490863144768	0.09267891158062111	1.172556235482092	0.9445061411121461	-0.3482542012391119	-0.2525398755334241	-0.06336739937424107	-0.2646982194757236	0.4489820113973597	0.06044985748164068	0.1011212443058316	0.3530123838667331	0.3530123836935682	0.09103875594152006	0.09103875652471141	-0.5729850159994744	0.04094059092598168	-0.3512953426417822	-0.04827769241547	0.1333024683774965	-0.8244409860881036	-0.2563275830916517	0.07742353844220709	-0.1342437148048043	-0.1802970160396455	1.221304845944299	-0.1920824081893749	1.745384924457629	-0.469731731711587	-0.5352428098190979	-0.7111913489645891	7.127046431253251	7.127046445310717	-2.349089628461747	-2.349089613297276	-1.067068724771507	1.197472821424553	-2.470961962640117	0.1112073986708276	0.03628884742709441	0.07800909576248619	0.01019539267498975	0.01015502441811531	0.01032614862820223	0.01757094184039913	0.01706362581168206	0.07408119946131669	0.1377583465580241	0.05427804499888302	0.0102457747394344	0.01014642064074628	0.01897208682312811	0.05340485648738479	0.01008577375311604	0.01004764296975301	0.01005117968828077	0.07426978762826135	0.014997309881906	0.0106613182779518	0.0617657184184521	0.03953701285286374	0.02407852911343534	0.04408804831205199	0.130049916856627	0.09554380586284028	0.07691280459952358	0.0123786736966256	0.1026354804954917	0.0100266084924715	0.0616343566082871	0.09277769644984138	0.04624836633243779	0.01001871867046906	0.04440341640977437	0.1795088731190505	0.01006230379334588	0.01002390300832997	0.01000832539786278	0.01001646187304252	0.03560855219018577	0.08033113874843677	0.009696202417684284	0.009673983384439195	0.009435758744107172	0.01920030080212301	0.0223836102564719	0.07911238042506835	0.126650516692234	0.0332646049650487	0.01061043268578673	0.01073320106515466	0.02818350413484049	0.04497190649532518	0.0100234890995506	0.01005071190029156	0.01004228102730519	0.02224914468285375	0.01016163922798554	0.01083926120392757	0.04974264068632377	0.04148159589401952	0.03338705826743125	0.04921526177525957	0.1300447815435507	0.0699251823398476	0.08243815027453462	0.01557449124753224	0.1066891705120299	0.01048011669482855	0.06761651329418755	0.1063750830682666	0.05232750200018441	0.00985364517128884	0.0428756011739917	0.1776010415807543	0.009168676281118782	0.01019742076849756	0.01006614843968168	0.01017531265872232	0	0	0	0	0	0	0	0	0	0	0	0	-0.09424287820833535	0.01753435558890427	-0.007617107896303259	0.1078317089561872	-0.007349070199651311	-0.009655509989698193	0	0	36.55773262325451	12.78737112301996	-13.29809738433713	-5.185802396634138	-6.144961013059845	1.059887624276798	23.47405374705	-15.20136159624464	51.61549856743425	-14.8109478305465	8.065893658323926	-23.21515938077613	106.8140488564679	106.8140519046373	181.4348117207498	181.434810912248	55.14648268079318	-47.4066414315208	-40.96816089785251	-139.7395443206791	0	0
