inDegrees=no
num_controls=58
num_derivatives=20
num_input_controls=0
num_multipliers=2
num_parameters=0
num_slacks=2
num_states=80
DataType=double
version=3
OpenSimVersion=4.5.2-2025-05-03-6a4c6ec41
endheader
time	/jointset/ground_pelvis/pelvis_tilt/value	/jointset/ground_pelvis/pelvis_list/value	/jointset/ground_pelvis/pelvis_rotation/value	/jointset/ground_pelvis/pelvis_tx/value	/jointset/ground_pelvis/pelvis_ty/value	/jointset/ground_pelvis/pelvis_tz/value	/jointset/hip_r/hip_flexion_r/value	/jointset/hip_r/hip_adduction_r/value	/jointset/hip_r/hip_rotation_r/value	/jointset/hip_l/hip_flexion_l/value	/jointset/hip_l/hip_adduction_l/value	/jointset/hip_l/hip_rotation_l/value	/jointset/walker_knee_r/knee_angle_r/value	/jointset/patellofemoral_r/knee_angle_r_beta/value	/jointset/walker_knee_l/knee_angle_l/value	/jointset/patellofemoral_l/knee_angle_l_beta/value	/jointset/ankle_r/ankle_angle_r/value	/jointset/ankle_l/ankle_angle_l/value	/jointset/subtalar_r/subtalar_angle_r/value	/jointset/subtalar_l/subtalar_angle_l/value	/jointset/ground_pelvis/pelvis_tilt/speed	/jointset/ground_pelvis/pelvis_list/speed	/jointset/ground_pelvis/pelvis_rotation/speed	/jointset/ground_pelvis/pelvis_tx/speed	/jointset/ground_pelvis/pelvis_ty/speed	/jointset/ground_pelvis/pelvis_tz/speed	/jointset/hip_r/hip_flexion_r/speed	/jointset/hip_r/hip_adduction_r/speed	/jointset/hip_r/hip_rotation_r/speed	/jointset/hip_l/hip_flexion_l/speed	/jointset/hip_l/hip_adduction_l/speed	/jointset/hip_l/hip_rotation_l/speed	/jointset/walker_knee_r/knee_angle_r/speed	/jointset/patellofemoral_r/knee_angle_r_beta/speed	/jointset/walker_knee_l/knee_angle_l/speed	/jointset/patellofemoral_l/knee_angle_l_beta/speed	/jointset/ankle_r/ankle_angle_r/speed	/jointset/ankle_l/ankle_angle_l/speed	/jointset/subtalar_r/subtalar_angle_r/speed	/jointset/subtalar_l/subtalar_angle_l/speed	/forceset/addbrev_r/activation	/forceset/addlong_r/activation	/forceset/addmagDist_r/activation	/forceset/addmagIsch_r/activation	/forceset/addmagMid_r/activation	/forceset/addmagProx_r/activation	/forceset/bflh_r/activation	/forceset/bfsh_r/activation	/forceset/edl_r/activation	/forceset/ehl_r/activation	/forceset/fdl_r/activation	/forceset/fhl_r/activation	/forceset/gaslat_r/activation	/forceset/gasmed_r/activation	/forceset/glmax1_r/activation	/forceset/glmax2_r/activation	/forceset/glmax3_r/activation	/forceset/glmed1_r/activation	/forceset/glmed2_r/activation	/forceset/glmed3_r/activation	/forceset/glmin1_r/activation	/forceset/glmin2_r/activation	/forceset/glmin3_r/activation	/forceset/grac_r/activation	/forceset/iliacus_r/activation	/forceset/perbrev_r/activation	/forceset/perlong_r/activation	/forceset/piri_r/activation	/forceset/psoas_r/activation	/forceset/recfem_r/activation	/forceset/sart_r/activation	/forceset/semimem_r/activation	/forceset/semiten_r/activation	/forceset/soleus_r/activation	/forceset/tfl_r/activation	/forceset/tibant_r/activation	/forceset/tibpost_r/activation	/forceset/vasint_r/activation	/forceset/vaslat_r/activation	/forceset/vasmed_r/activation	/forceset/addbrev_r	/forceset/addlong_r	/forceset/addmagDist_r	/forceset/addmagIsch_r	/forceset/addmagMid_r	/forceset/addmagProx_r	/forceset/bflh_r	/forceset/bfsh_r	/forceset/edl_r	/forceset/ehl_r	/forceset/fdl_r	/forceset/fhl_r	/forceset/gaslat_r	/forceset/gasmed_r	/forceset/glmax1_r	/forceset/glmax2_r	/forceset/glmax3_r	/forceset/glmed1_r	/forceset/glmed2_r	/forceset/glmed3_r	/forceset/glmin1_r	/forceset/glmin2_r	/forceset/glmin3_r	/forceset/grac_r	/forceset/iliacus_r	/forceset/perbrev_r	/forceset/perlong_r	/forceset/piri_r	/forceset/psoas_r	/forceset/recfem_r	/forceset/sart_r	/forceset/semimem_r	/forceset/semiten_r	/forceset/soleus_r	/forceset/tfl_r	/forceset/tibant_r	/forceset/tibpost_r	/forceset/vasint_r	/forceset/vaslat_r	/forceset/vasmed_r	/forceset/pelvis_tx_residual	/forceset/pelvis_ty_residual	/forceset/pelvis_tz_residual	/forceset/pelvis_tilt_residual	/forceset/pelvis_list_residual	/forceset/pelvis_rotation_residual	/forceset/hip_flexion_r_reserve	/forceset/hip_adduction_r_reserve	/forceset/hip_rotation_r_reserve	/forceset/knee_angle_r_reserve	/forceset/ankle_angle_r_reserve	/forceset/subtalar_angle_r_reserve	/forceset/hip_flexion_l_torque	/forceset/hip_adduction_l_torque	/forceset/hip_rotation_l_torque	/forceset/knee_angle_l_torque	/forceset/ankle_angle_l_torque	/forceset/subtalar_angle_l_torque	lambda_cid20_p0	lambda_cid21_p0	/jointset/ground_pelvis/pelvis_tilt/accel	/jointset/ground_pelvis/pelvis_list/accel	/jointset/ground_pelvis/pelvis_rotation/accel	/jointset/ground_pelvis/pelvis_tx/accel	/jointset/ground_pelvis/pelvis_ty/accel	/jointset/ground_pelvis/pelvis_tz/accel	/jointset/hip_r/hip_flexion_r/accel	/jointset/hip_r/hip_adduction_r/accel	/jointset/hip_r/hip_rotation_r/accel	/jointset/hip_l/hip_flexion_l/accel	/jointset/hip_l/hip_adduction_l/accel	/jointset/hip_l/hip_rotation_l/accel	/jointset/walker_knee_r/knee_angle_r/accel	/jointset/patellofemoral_r/knee_angle_r_beta/accel	/jointset/walker_knee_l/knee_angle_l/accel	/jointset/patellofemoral_l/knee_angle_l_beta/accel	/jointset/ankle_r/ankle_angle_r/accel	/jointset/ankle_l/ankle_angle_l/accel	/jointset/subtalar_r/subtalar_angle_r/accel	/jointset/subtalar_l/subtalar_angle_l/accel	gamma_cid20_p0	gamma_cid21_p0
15.7266583899962	0.0384051319484047	0.04946888625205099	-0.02374967877735008	2.239596483833718	1.039791266934217	1.026462844850043	-0.282380400813764	-0.01728473349129507	-0.01958448791300995	0.4514029382504883	0.03823777868727341	-0.02286524690209619	0.4120386913668364	0.4120386922421626	0.7357393907398559	0.7357393907730615	-0.0001527624983986425	0.1205393300114883	-0.06499637544838226	-0.3368961900151706	-0.8883119851137646	0.9513324938552232	0.4102634539073607	0.1801108894961596	0.5210573321914048	-0.09790460130760373	-1.536002802405255	-1.577139573969923	-2.19683744017378	0.1705987062057241	1.406517847771491	-0.3934812051521753	-1.353147361278544	-1.353147354418018	-8.527826538583142	-8.527826559631213	-7.311518040109385	-0.02012577886809602	1.635973105088784	3.137917846637919	0.09519259748638535	0.1959620786237188	0.03165346625004325	0.04442772997742907	0.03408891588119398	0.02644044652066878	0.06979733780176502	0.09357164438038727	0.01061184728403388	0.02081178817888207	0.102112335091712	0.1139247009000751	0.08612472615591234	0.09863791869981879	0.01591539028070028	0.0160862138420983	0.01571771068208767	0.1099751835544495	0.04032149012505363	0.02496212927022088	0.09459956216924548	0.05801960018244959	0.06010820797586563	0.04105462901782269	0.5597900167058696	0.01100934435398928	0.3214756549915542	0.02351541636277265	0.146842941660299	0.01469476127110622	0.05441043194190465	0.4113444321161884	0.1348353758529227	0.07560848477589593	0.04838403194662683	0.1028530403097243	0.1509379650213995	0.01960488009753933	0.04942818777572161	0.02288526247920568	0.09519259748638535	0.1959620786237188	0.03165346625004325	0.04442772997742907	0.03408891588119398	0.02644044652066878	0.06979733780176502	0.09357164438038727	0.01061184728403388	0.02081178817888207	0.102112335091712	0.1139247009000751	0.08612472615591234	0.09863791869981879	0.01591539028070028	0.0160862138420983	0.01571771068208767	0.1099751835544495	0.04032149012505363	0.02496212927022088	0.09459956216924548	0.05801960018244959	0.06010820797586563	0.04105462901782269	0.5597900167058696	0.01100934435398928	0.3214756549915542	0.02351541636277265	0.146842941660299	0.01469476127110622	0.05441043194190465	0.4113444321161884	0.1348353758529227	0.07560848477589593	0.04838403194662683	0.1028530403097243	0.1509379650213995	0.01960488009753933	0.04942818777572161	0.02288526247920568	0	0	0	0	0	0	0	0	0	0	0	0	-0.02819064931713009	0.1183459867276751	-0.1953139808548129	0.01013163337969175	0.002903509788590624	0.008460531937673418	0	0	-0.5217208516539178	-17.93257137901366	3.312964070619591	-0.8544140011391941	-4.111343895849477	-1.848432529789524	52.14851848985965	18.17441429351477	5.944723324125034	-19.05808526005639	0.03216022552406686	42.82089967563986	80.25979064802246	80.25978999333309	11.24321816788142	11.24321890869718	4.76394427192394	8.768639124312212	-18.33682628232268	83.82504656450878	0	0
15.7354583811962	0.03066269711415907	0.05715862527660085	-0.02008393087723609	2.241146242695906	1.044208164406138	1.025534294303504	-0.2939539019113052	-0.03049644030780431	-0.03848208892066401	0.4521477283744681	0.05059309209229873	-0.02470726094625787	0.403304516605092	0.4033045175140754	0.6614610024502824	0.6614610023255808	-0.06402805109433679	0.1206996729242335	-0.05143212490979387	-0.306222534981092	-0.8613875816364772	0.7976064274687774	0.4152000822871664	0.1718782638815184	0.4818031509974131	-0.1126491447679241	-1.102240964168719	-1.429323526695859	-2.076505498378136	-0.003230526797194971	1.399085565462132	-0.02900624382087272	-0.6248715690549378	-0.6248715684019908	-8.318733773646684	-8.318733788636003	-7.175810945093954	0.05639830540500849	1.433913861405636	3.81397214201944	0.08821102774981822	0.1823005561442963	0.02895276079358596	0.03908379184032312	0.03237989094733627	0.02603702300686372	0.060469483480192	0.08632122786583148	0.05949378814122098	0.0349760396782756	0.08815264454167283	0.09830546481502728	0.08419466698807354	0.1140838517436775	0.01476924684293671	0.01487069496200489	0.01465997789105229	0.09499661892328339	0.03449911612799893	0.02195343473095655	0.08425812078797817	0.05008475369280709	0.05153359823339998	0.04041672744499025	0.513670024957424	0.032198085454027	0.2895825806721415	0.02081517818473828	0.1417214136167544	0.01459295409071357	0.0516527412538155	0.3791720749138648	0.1200142391148195	0.08104005684711856	0.04344032854442455	0.1314164973468848	0.1311475363233988	0.01833011174350701	0.04209784534184793	0.0207132908629095	0.0708359398187945	0.1419284462275427	0.02310476828637113	0.02718847349625923	0.02865078882038702	0.02517244271714802	0.03854527609225909	0.0683430963517964	0.1689314238849702	0.06562217347939006	0.05315316843020303	0.05826577663998402	0.07945509381856361	0.1537392044975407	0.01238188598450014	0.0123379712851833	0.01245766797291424	0.05687747078062075	0.02167672174400911	0.01555398620335163	0.05863743323643766	0.03190052913563215	0.0318033513208486	0.03899983347796398	0.3254804264665522	0.07746534736562524	0.1799014387587792	0.01509063130819729	0.1276525317480934	0.01438141580217761	0.04534507625098715	0.2592817561381106	0.08046025758424774	0.09419913272504668	0.03232267067920939	0.2064472570500357	0.07696710515506074	0.01564905828813808	0.0256253055906521	0.01611276914052772	0	0	0	0	0	0	0	0	0	0	0	0	-0.03798643644439344	0.1018177150954986	-0.1630995764337893	0.01731439888148935	0.003446863675004519	0.006955677240179056	0	0	6.694191416537244	-16.91059263539535	-2.210094499780467	-1.012837277934168	-4.811154555672053	-1.481914933486402	46.32357582455083	15.34878087461824	21.31124763118358	-20.40266554979855	-1.84476599100194	39.40508305795292	85.14380614931019	85.14380539297734	36.44335480647696	36.44335542921097	26.07203654873291	8.650355025605752	-27.6498822439637	69.35834482183688	0	0
15.74425837239619	0.02343498943181859	0.06354398089119842	-0.01658561669298103	2.2426178906309	1.048252782733228	1.02449210009422	-0.3019409436741401	-0.04252101573719736	-0.05574835447743504	0.4513181800570075	0.06279900760252033	-0.02353606304725011	0.4011530937577153	0.4011530946419254	0.5899953916073701	0.5899953913721111	-0.1259002027281884	0.1215325873263355	-0.04000607560535882	-0.2701958298324968	-0.7696027531752039	0.6566724507372333	0.3711846021374389	0.1623954740622962	0.4362965533292839	-0.1233050784824483	-0.7233931643409703	-1.308849784246211	-1.825650426721435	-0.1863151029542208	1.370122263946322	0.2798806714313569	0.1416814462688865	0.141681439833002	-7.882067127081628	-7.88206713762327	-6.853071376883977	0.1332911110069979	1.14750677761992	4.3442777416202	0.07160966748542226	0.1485062261693401	0.02274980048361691	0.02666459722467172	0.02845897395098218	0.02511747196082855	0.03836312664712929	0.06907964196113306	0.1627382484365039	0.06631391459482011	0.05432964421909135	0.06017655100307536	0.0796705574322242	0.1494240358969003	0.01216606516036198	0.01210928687844252	0.01225832004401907	0.05853019913397017	0.02097690846162605	0.01506024741935794	0.05948157895666335	0.03142631673294587	0.03132314073484336	0.03895225307773127	0.392299212827051	0.07833891774332959	0.2066974052145787	0.0146373522971861	0.1294017962734822	0.01436255415502588	0.04525423093594892	0.2955564628954582	0.08371836800929833	0.09355040032975347	0.03194240396879453	0.195812943646184	0.08190189507297053	0.01542847360690712	0.02494548234197557	0.01575163765138056	0.04647928215120365	0.08789481383136648	0.014556070322699	0.009949217015089379	0.02321266175958006	0.02390443891362726	0.007293214382753174	0.04311454832320552	0.3272510004859066	0.1104325587798981	0.004194001768694056	0.002606852379892962	0.07278546148121487	0.2088404902952627	0.008848381688300004	0.008589728728268287	0.009197625263740813	0.00377975800679201	0.003031953362964593	0.006145843136482386	0.02267530430362983	0.005781458088814708	0.00349849466583157	0.03694503793810527	0.09117083622723479	0.1439213503772612	0.03832722252600431	0.006665846253621931	0.1084621218358879	0.01406807033324901	0.03627972056006965	0.1072190801600328	0.0260851393155728	0.1127897806741974	0.01626130941179196	0.3100414737903472	0.002996245288722001	0.01169323647873683	0.001822423405582595	0.009340275801849771	0	0	0	0	0	0	0	0	0	0	0	0	-0.04778222357165678	0.08528944346332203	-0.1308851720127657	0.02449716438328694	0.003990217561418414	0.005450822542684692	0	0	14.14642060634354	-14.92342511664265	-7.762424971186922	-1.135763534889081	-5.541823248936362	-0.8916685084482375	39.67625521416479	11.94807359906645	35.34093711132006	-20.9918117110763	-5.002238230362816	29.36051222586906	88.81041682642407	88.81041597348053	62.999062856134	62.99906321460062	47.22690266724782	8.928974362312676	-37.54457210937201	50.23385825226593	0	0
15.75305836359619	0.01729996043368289	0.06877928960279101	-0.01368701007785926	2.244001637877073	1.051867257451293	1.023382505461957	-0.3068556218518258	-0.0536210280314942	-0.07028752422364558	0.4488730621514913	0.07460961649850145	-0.02013688748382333	0.4058728969430285	0.4058728977363115	0.5234188783922018	0.5234188780738164	-0.1841076121557879	0.1230607480284903	-0.03149317477008439	-0.2303100123764741	-0.6154031582872553	0.5372080849054857	0.2805268991515378	0.1519471504909534	0.3839820670375703	-0.1276912458967093	-0.4025945562844476	-1.218643900838538	-1.462442900304848	-0.3678555056224679	1.307963146795546	0.4681830424230331	0.934279320068649	0.934279305686545	-7.211188902996142	-7.211188911780834	-6.346149762362203	0.2152618171991474	0.7727561594622194	4.687657521713149	0.06024771753534466	0.1233175848330759	0.01768604333218783	0.01752745654198988	0.02454591079068318	0.02300025672488488	0.02369324646099004	0.06089488782518188	0.2187753033135108	0.07550007398877427	0.02739423761957117	0.03002830106235461	0.06991040354931062	0.1807794818256159	0.010485625353898	0.01033827858554626	0.01065569904547744	0.03202048360806932	0.01190227370115352	0.01063420467724893	0.0501590496719309	0.01834874892411328	0.01656190737788895	0.03769673844400272	0.2938876473140984	0.1036921327176647	0.1503609261084816	0.01066533910966974	0.1252647694105362	0.0129773426786378	0.04218488814316076	0.2169557600067406	0.060478610363944	0.1032357872441801	0.0248522295050171	0.2664755759770069	0.03891521009166588	0.01255952530536294	0.01270645634769415	0.01186330948397182	0.05415619800405806	0.1056431395654417	0.01368076540182798	0.01174884886165838	0.02044344833772921	0.01948138667419413	0.01706703228429768	0.06294921192461168	0.2385710479949466	0.05993627050257834	0.008240938227399875	0.009058208098799432	0.05220432024788072	0.2189746676627633	0.009721842020669532	0.00955272617932708	0.009842601234038519	0.01683983673355873	0.007488608103140989	0.008715225957480749	0.05863575847789464	0.01122227570128217	0.007672494272691178	0.03657305084915165	0.2005183699265715	0.1107156810124447	0.1253609593296199	0.008926517584844983	0.131744264383281	0.01034510351834079	0.0426798772680644	0.1225433837934313	0.05197614008750995	0.1115040599831263	0.02234214056774037	0.3881126113868131	0.003216139405696999	0.009649096049793277	0.005710971009225968	0.009014322584674368	0	0	0	0	0	0	0	0	0	0	0	0	-0.05759595292635935	0.0803125726167134	-0.1047561920016573	0.03262332837906029	0.00459883854127143	0.00427116848603421	0	0	20.6106286810344	-12.15501754489251	-12.66098073356524	-1.237537395847577	-6.367501010781958	-0.07806788244759293	33.43787378038832	8.660398325201605	46.66484548428906	-19.96352539886455	-9.220293100080754	12.62184904303258	91.11308971085197	91.11308875021707	89.14881734140026	89.14881740927731	67.85422818989765	9.763967574085166	-47.56890583981104	27.46569723605855	0	0
15.76185835479618	0.0127469773458566	0.07307499586270635	-0.01175933842289952	2.245289625280552	1.054987957153886	1.022267663445895	-0.3091709833015792	-0.06404421240297707	-0.08123932296094248	0.4448931198114726	0.08570464800236623	-0.01578411211302583	0.417637993902109	0.4176379945295819	0.4637227067069657	0.4637227063130283	-0.2370696199478103	0.1253449808939529	-0.02665794285232849	-0.1883055748656336	-0.4128885607858985	0.443522933200376	0.1524264112219096	0.1406409258720997	0.3238919857027514	-0.1243073472911509	-0.1306649176160785	-1.153739747870651	-1.015578553445396	-0.5327283512808614	1.207094799398617	0.4912868603376594	1.740750222178174	1.740750198614609	-6.32255660941659	-6.322556617723806	-5.662055726324041	0.3050793604728024	0.3126588289051269	4.82337841028899	0.05944542069156803	0.1195924132959639	0.01511630612686884	0.01488317127569707	0.02129201476237802	0.01948948052885377	0.02331150001305303	0.06830165602168146	0.2038967075366734	0.05093661011304578	0.01789555329255445	0.02032002760042272	0.05389095874468294	0.2009544192025752	0.01036420968247977	0.01023644823741302	0.0104247273918444	0.02786087213146329	0.01096113963862137	0.01045756779917716	0.06627951674627562	0.01619725875955334	0.01295191350058192	0.03695572075320749	0.2793318729584987	0.09699378103076368	0.1616651996699373	0.01048202598677668	0.135124458624738	0.01015942048639348	0.04458452258018104	0.1772543323643907	0.06408923239315342	0.1069962188037534	0.02554136680860343	0.3361592369632693	0.01876789833802658	0.01018054256535393	0.01007810733047279	0.01012873080544646	0.06183311385691248	0.1233914652995169	0.01280546048095696	0.01354848070822739	0.01767423491587837	0.01505833443476101	0.02684085018584218	0.08278387552601786	0.1498910955039867	0.009439982225258613	0.01228787468610569	0.0155095638177059	0.03162317901454657	0.2291088450302638	0.01059530235303906	0.01051572363038588	0.01048757720433623	0.02989991546032544	0.01194526284331738	0.01128460877847911	0.09459621265215946	0.01666309331374963	0.01184649387955078	0.03620106376019804	0.3098659036259083	0.07751001164762809	0.2123946961332354	0.01118718891606803	0.155026406930674	0.006622136703432567	0.04908003397605915	0.1378676874268298	0.07786714085944708	0.1102183392920552	0.02842297172368878	0.4661837489832789	0.003436033522671997	0.007604955620849727	0.00959951861286934	0.008688369367498965	0	0	0	0	0	0	0	0	0	0	0	0	-0.06740968228106194	0.07533570177010476	-0.07862721199054888	0.04074949237483365	0.005207459521124447	0.003091514429383729	0	0	25.03302224068181	-9.13699704697304	-16.17251856766388	-1.330531783523555	-7.305525588082456	0.8581000694645127	28.62628090481675	6.293399348182692	54.17858271105806	-17.29013424918168	-13.67148948706373	-7.643843712066168	91.88122430626427	91.88122316799281	112.0189384469457	112.018938571272	87.37293542525434	10.56006783277166	-56.76237289539326	3.309694266029974	0	0
15.77065834599618	0.01011747865233211	0.07666146390637726	-0.01107175018714612	2.246474674009483	1.057542544281691	1.021219254483887	-0.3092601424102079	-0.07397082587071536	-0.08802585055313956	0.439578622090769	0.09574518869334087	-0.01201901009645696	0.4365048956490942	0.4365048960225009	0.4126605715998924	0.4126605711434011	-0.2832787671186072	0.1284394632815388	-0.02620472858048476	-0.1460410554964066	-0.1815506802015487	0.3756900335670608	0.001412654370578293	0.1285753463149761	0.2552322389957044	-0.1125867894879054	0.1053572746748348	-1.103773302158358	-0.5225461283877194	-0.6701913996624704	1.069198013703428	0.3353528808741215	2.545255702016439	2.545255667559155	-5.257834496721785	-5.257834501818149	-4.81427074194236	0.3976912337861423	-0.2201654973736386	4.747282523253246	0.06408596675398179	0.1265677461954607	0.01539492093836336	0.01523238415324524	0.02206275913438472	0.01868679656253508	0.02232762875318293	0.06901395910932803	0.2104623758634414	0.06540717958693477	0.0148448052846711	0.01578057542865418	0.03668996083777985	0.2124072923588148	0.0104570058493742	0.01036021485553341	0.01052196378147527	0.02492773595368401	0.01119872874465401	0.01072875517735386	0.07338807109529137	0.01518930882079566	0.01198845259140091	0.03478559771810102	0.2815744308900602	0.08905489154185188	0.2053303599168719	0.01069020264007812	0.1456785176677255	0.01134278991032161	0.04522729793963239	0.1407484608006514	0.06150175204579007	0.09972754240046969	0.02759281573399311	0.4297716754312733	0.01108876544521671	0.01166479248812806	0.01036320306847611	0.01131645428182559	0.07295173378553792	0.1418320301490747	0.01785990838666263	0.01704878127799245	0.02664803763837388	0.02060772836578346	0.01733922908446183	0.05857854776144345	0.2754933091532878	0.1327311095494921	0.0130389166264936	0.01018679743064724	0.01639307940859739	0.2228809814229814	0.01045951284542241	0.01038707808167963	0.01067075416759404	0.01696601538331549	0.01088567651584285	0.01061247640898465	0.06646548212638377	0.01270692255860295	0.01089748022224911	0.0306412967004625	0.2623967302096534	0.08542580954147598	0.2898682894176206	0.01054366274234895	0.1576023290416805	0.01665503904193505	0.04295611031283181	0.07137930785267094	0.04390933831596585	0.07849292542869844	0.02963451819191624	0.6572987855009701	0.007540631636364572	0.01681813351457527	0.01133899239918856	0.01493450241041465	0	0	0	0	0	0	0	0	0	0	0	0	-0.08530523331522924	0.07518386740432834	-0.06083935625426308	0.05307116673670369	0.005136922368430549	0.002347420846637182	0	0	27.18591487797865	-6.34884344636479	-17.81447151077545	-1.40717119478537	-8.300798999815951	1.796108259517556	25.19143312459581	5.306115845707097	57.05333050243068	-13.95597747248816	-17.5042501860046	-27.36471012720381	90.5459103399152	90.54590901664696	128.7305569106119	128.7305575836268	104.8733085139999	10.18181360615506	-63.88691073899855	-20.43504278309912	0	0
15.77945833719617	0.009580781329473997	0.07975262281142012	-0.01175052650654049	2.247550998355635	1.059454586306946	1.02030915765511	-0.3073941230089225	-0.08347737111419926	-0.09042634231618253	0.4331788628078839	0.1044387819043303	-0.01034287602839872	0.4623654139030791	0.4623654139215091	0.3715137556405692	0.3715137551745862	-0.3213872972298542	0.1323063200948582	-0.03067834345920415	-0.1053494787949767	0.05984701103375961	0.3301116051252818	-0.1550797327171635	0.1159872317409555	0.1779251059970609	-0.09305487751106611	0.3147582283215474	-1.056173494464593	-0.02614587924142408	-0.7803694212743821	0.9029438147253126	0.02343806915058548	3.326054919708308	3.326054873572526	-4.08140576351002	-4.081405759557111	-3.825898377473345	0.4769777195220407	-0.8023452565215772	4.468211723793805	0.07229988556941588	0.1393208029059405	0.01856371087662452	0.01749006946429677	0.02772643531339748	0.02170438402771773	0.01619990649264936	0.05568622449116067	0.2708525723336137	0.1372107018107526	0.01408950276905797	0.01072706694419151	0.02017033237398726	0.2154955129957218	0.01040982441226919	0.01032938077333568	0.01067180083379126	0.01595138539054715	0.01064260313099524	0.01042235886639207	0.06072025433225902	0.01238447356329379	0.01103226738521276	0.03060811541300314	0.2618170095726801	0.08960168854985695	0.2625596441798663	0.01037689679890781	0.152111531101256	0.01789702834040011	0.0419496541903786	0.08657894122715837	0.04088882138912674	0.07911584312009294	0.02913806412632598	0.5566753032552474	0.01052125902523156	0.01783723600648153	0.01153770417532746	0.01558039370746508	0.08407035371416335	0.1602725949986325	0.0229143562923683	0.02054908184775751	0.0356218403608694	0.02615712229680592	0.007837607983081489	0.03437321999686904	0.4010955228025889	0.2560222368737256	0.0137899585668815	0.004864031043588586	0.001162979802648204	0.216653117815699	0.01032372333780576	0.01025843253297339	0.01085393113085184	0.004032115306305544	0.009826090188368318	0.009940344039490186	0.0383347516006081	0.008750751803456263	0.009948466564947443	0.02508152964072696	0.2149275567933984	0.0933416074353239	0.3673418827020059	0.009900136568629871	0.160178251152687	0.02668794138043753	0.03683218664960446	0.004890928278512055	0.009951535772484621	0.04676751156534172	0.03084606466014369	0.8484138220186613	0.01164522975005715	0.02603131140830081	0.01307846618550779	0.02118063545333032	0	0	0	0	0	0	0	0	0	0	0	0	-0.1032007843493965	0.07503203303855191	-0.04305150051797728	0.06539284109857374	0.005066385215736653	0.001603327263890636	0	0	27.38476384311396	-4.123216861226268	-17.41093704560532	-1.445658195881083	-9.252651915846018	2.611813187164831	22.46185711492643	5.728691329193332	54.93637770015157	-11.29161545352862	-20.00405547255707	-42.41567005448231	86.39039604910081	86.39039478912197	137.1325129718902	137.1325143229698	119.0914919096932	7.326018226831292	-67.82346096495354	-42.66930719604485	0	0
15.78825832839617	0.01115466833765326	0.08251999992863185	-0.01376499191875237	2.248515730315398	1.060651077714915	1.019599741564348	-0.303787897861803	-0.09253362459811695	-0.08860330815377548	0.425894545363096	0.1115956597185736	-0.01189873209794994	0.4948947717932182	0.494894771362946	0.3409266360380242	0.3409266356636274	-0.3503039061359623	0.136718104808505	-0.04037939335989592	-0.06794890247472304	0.2958415478790692	0.3011011915438463	-0.2993093588651557	0.1032936912059713	0.0928257158877176	-0.06733425737010652	0.5010442927757232	-0.999944724523355	0.4304205766420975	-0.8734870855820459	0.7227508685569195	-0.387307099355523	4.056115627515632	4.056115572616865	-2.871367255832228	-2.871367238748047	-2.732080595580817	0.5164942176495317	-1.402632848408027	4.002297253796406	0.07955728735212259	0.1595669919815637	0.01894035768750478	0.01751624112539774	0.02847957884134649	0.02541878346017494	0.01195213686163117	0.05301108822862229	0.3117680622761811	0.1700692161590246	0.0161318491275549	0.01114838086274283	0.05563525356152018	0.1892859701559381	0.01040654830200886	0.01029575032989683	0.01067062012321073	0.01874672592946845	0.01086862592486277	0.01048257662647894	0.0580055336664562	0.0165983594581268	0.01271655880726899	0.03437644297966542	0.2576981283837076	0.07827092823539056	0.2828240553012348	0.01054753945409804	0.1703623710950858	0.0207678902320813	0.04787660496705122	0.04205512315734458	0.02441098440278797	0.05473090962623565	0.04183011972453927	0.6004601055567564	0.0132522302644526	0.01950520834893815	0.01184480650767498	0.01667671668918887	0.08722856089958092	0.1979674419087302	0.01616783348720435	0.01507009701244895	0.02359732400814954	0.0296836935607572	0.009931763039090533	0.06428814292696541	0.3341537637455936	0.1573526113940693	0.02063178978724967	0.0167751367072167	0.1507456738655449	0.1089905233903845	0.01046995482281417	0.01028441191796576	0.01051975129271211	0.03427039841620499	0.01199872626542634	0.01099902738265024	0.07001406447513825	0.02833113286909118	0.01707860455982697	0.04711334101878461	0.2842361176735357	0.04736535963224075	0.2569383552572801	0.01128686539664722	0.2151310853890585	0.01959391644071792	0.06540706973728096	0.004216296665617062	0.01367268686679228	0.02396893094158102	0.06838669628372226	0.5163795014059592	0.01797860147258959	0.01628169540758896	0.01122130878201788	0.01437765802161846	0	0	0	0	0	0	0	0	0	0	0	0	-0.1253568224101191	0.08004103829358473	-0.03686738816838515	0.08236977203900699	0.003854521145632152	0.001157026708003612	0	0	26.01622345116216	-2.577314258342127	-15.06848994310176	-1.429738358736135	-10.05529713691712	3.184226928310955	19.87225953774902	7.162703430039445	48.0979294233061	-10.15037929392461	-20.59018046582986	-49.38480564677446	78.97843377642933	78.97843316138436	136.3635312048614	136.3635327005189	128.6043278790247	1.047291550668272	-67.95503573002422	-62.87324063877487	0	0
15.79705831959617	0.01473479006642327	0.08508443966257799	-0.01693600903970693	2.249370076275812	1.061070406087822	1.019134697465006	-0.2986428225546147	-0.1010336998844701	-0.08308054244234842	0.4178145455119835	0.117173232433744	-0.01721472216872758	0.533519544375409	0.5335195434530784	0.320844980873811	0.3208449807007412	-0.3693001004485534	0.1411884339296395	-0.05531832058112282	-0.03540411998149517	0.5138819400280643	0.2832430118909966	-0.4155875737507393	0.09097401252736191	0.001640025248923934	-0.03801666490782924	0.6645042536961865	-0.9294418722295009	0.8090517730744097	-0.9633493352883713	0.5474549512671323	-0.8166571173861407	4.706708413764955	4.706708358717783	-1.706096860966546	-1.706096833422742	-1.580020688065848	0.4852237405849078	-1.987224232136019	3.367576778423366	0.08450196006124239	0.1878117647118394	0.01500149630126352	0.01420135092691313	0.02159515841107246	0.02899843771235824	0.01154843592173923	0.06865620874336241	0.3050693159068813	0.1359976657313732	0.02106233194213818	0.01854336088610162	0.1499277441615734	0.1212452017198701	0.01049481364639969	0.01029862612621457	0.01046557432161617	0.03778369245765611	0.012283929352634	0.0111536635225416	0.07446679550171666	0.02996524846832043	0.01769970198418757	0.04871020932183928	0.2859320926429697	0.04713259583679349	0.2444431132519729	0.01146184993512266	0.2057698711183448	0.01761406785204914	0.06655275179461406	0.02046699319905469	0.01962191310343217	0.03031810320697704	0.06835801091041301	0.5018592966096184	0.01815531053737438	0.0142511087452532	0.01082845879919269	0.01296902455130309	0.0903867680849985	0.2356622888188278	0.009421310682040399	0.009591112177140385	0.01157280765542967	0.03321026482470847	0.01202591809509957	0.09420306585706181	0.2672120046885982	0.05868298591441309	0.02747362100761784	0.02868624237084481	0.3003283679284416	0.00132792896506988	0.01061618630782259	0.01031039130295813	0.01018557145457237	0.06450868152610442	0.01417136234248435	0.01205771072581029	0.1016933773496684	0.0479115139347261	0.0242087425547065	0.06914515239684225	0.3535446785536729	0.001389111829157597	0.1465348278125545	0.01267359422466457	0.2700839196254299	0.01249989150099831	0.09398195282495743	0.00354166505272207	0.01739383796109994	0.001170350317820319	0.1059273279073008	0.1843451807932573	0.02431197319512203	0.006532079406877115	0.009364151378527967	0.007574680589906599	0	0	0	0	0	0	0	0	0	0	0	0	-0.1475128604708417	0.08505004354861756	-0.03068327581879301	0.09934670297944025	0.002642657075527651	0.0007107261521165888	0	0	23.32911264436531	-1.536250729262846	-11.12843698073267	-1.363409323216352	-10.62461684200667	3.415634400284581	17.29668589266118	8.816649954473148	37.41272586346554	-10.45324535414411	-18.82943682808246	-46.51321196543618	68.39260960543135	68.39261026678157	127.2343792329999	127.2343799637007	132.148211350527	-8.657781860672927	-64.311927050073	-81.06265495708716	0	0
15.80585831079616	0.02011352294216098	0.08752937802222788	-0.0209614200322362	2.25011899838431	1.060668800970636	1.018931546979662	-0.292156107933772	-0.1088561162965831	-0.07467707512126873	0.4089221275823114	0.1213098108584593	-0.02607022044846518	0.5774241761537977	0.5774241747916503	0.3105775360940278	0.3105775361743439	-0.3781065663173482	0.1449743537380688	-0.07521683489391597	-0.009125024399130105	0.7027961397897442	0.2738262715653446	-0.4918089067861316	0.07936906282617241	-0.09333471289563147	-0.008404550608495999	0.8064729871080158	-0.8470888269995978	1.081371017958149	-1.058764281347658	0.3991434615626724	-1.177637005757683	5.25236584953335	5.252365806730648	-0.649634950154046	-0.649634922241121	-0.426155569558363	0.3578422190827602	-2.525118167767828	2.580982061347605	0.09132455156676116	0.2125806496989895	0.01215782666429166	0.011655785265527	0.01701859160979346	0.03070396657482083	0.01182354119624762	0.08633260404440378	0.2607466692684798	0.09442856278329817	0.02165367466680455	0.0207889567062167	0.1901335421299138	0.05866193186362534	0.01057109128353397	0.01030980845727844	0.01033994060427734	0.04658893668968755	0.0133736078779854	0.01164278259563701	0.09186567995629952	0.03736685666592185	0.02093384829497875	0.06040611813453593	0.3272669331609515	0.06316765147240257	0.1877358128376081	0.01210655179457922	0.2417151346985571	0.01431041829497536	0.08575118879762629	0.01897402711247088	0.01962925894497117	0.01475515196013448	0.09368676816733298	0.3801839483023095	0.01889195885040711	0.01041629809739274	0.01010723661001212	0.01028460670025004	0.1032765180331961	0.2456906371698928	0.010803391349728	0.01014116360231365	0.01553701177857052	0.03093168521739985	0.01200218501432072	0.1077308728996842	0.1452812926691702	0.05035225740187452	0.01763921336651612	0.01717892113128955	0.1717185113361584	0.001753972764942153	0.01062908360312148	0.01032320779673406	0.01030971718575537	0.04393059691308712	0.01408873526949015	0.01191413491418682	0.1116358877542846	0.03867866674043223	0.02241032072387091	0.07028500669717697	0.4093785230168028	0.1372810439300586	0.09714362877841455	0.01244899816654543	0.2974693474142305	0.01158471829245574	0.1091300948520435	0.02951760616008884	0.02146397232135482	0.005330442356274756	0.1239054631993151	0.1885982739771955	0.01538804679450489	0.00876273169631875	0.009816300376018092	0.009133315077613216	0	0	0	0	0	0	0	0	0	0	0	0	-0.1667010486338945	0.1003057798131308	-0.03759446712512522	0.1173561100556072	3.865866842312311e-05	0.0008101399601381653	0	0	19.40069396652833	-0.5710661863269925	-6.042813384830687	-1.273180831940785	-10.91123648511871	3.244536260982956	15.07148455108903	9.680700088198982	24.17034412289642	-11.18123095479331	-14.41848124260819	-34.05977012921668	55.27821006497506	55.27821215110757	112.1454226877652	112.1454219784865	128.9399968829687	-20.45684224732252	-57.47475530001832	-97.40402915035465	0	0
15.81465830199616	0.02698686009704532	0.08993326662935662	-0.02545041329084081	2.25076922817841	1.059424164582282	1.018976953027478	-0.2844964802141798	-0.1159405241568203	-0.06440914751611654	0.3991710753244891	0.1243477953855251	-0.03751527061345823	0.6255999949880121	0.6255999933440748	0.3089785064883107	0.3089785067673732	-0.3769720295865491	0.1471793252383195	-0.09955151854518342	0.009623965177501439	0.8518049575524841	0.2746310883829765	-0.5199536508673821	0.06852184872744892	-0.1895200338065503	0.01786294844627719	0.9323812013164586	-0.7643497695647361	1.231134113278963	-1.156854586844994	0.3018407548880313	-1.394349891100487	5.675271786238786	5.6752717663256	0.2603535619939035	0.2603535771856893	0.6693235557122059	0.1266901212714644	-2.992117541209368	1.659147694723434	0.1013269970906798	0.2299297181256872	0.01188146089796131	0.01099240132466372	0.01757569165261663	0.03004812268772118	0.01191634697863473	0.1013477230106946	0.1779950876772475	0.06874415551550617	0.0159468029675163	0.01470442065303424	0.1455944070408337	0.02705131846614291	0.01060856122824593	0.01032199055909932	0.01036724884414525	0.03821460005921992	0.01374718775265829	0.01174496800022169	0.104871971964423	0.034931087049072	0.02112572977336009	0.06597309219848586	0.3734247814697066	0.1422188796944218	0.1310427812432249	0.01221993307712936	0.2726565667540342	0.01244336149430593	0.1022626747268969	0.0338072283587327	0.02207926152805039	0.01082230665146522	0.114251616726139	0.3027845931457501	0.01376648615972422	0.01027110032386266	0.01010401637388838	0.01018690138688211	0.1161662679813937	0.2557189855209578	0.01218547201741561	0.01069121502748691	0.01950121590171138	0.02865310561009122	0.01197845193354187	0.1212586799423065	0.02335058064974223	0.04202152888933596	0.007804805725414394	0.005671599891734288	0.04310865474387529	0.002180016564814426	0.01064198089842036	0.01033602429050999	0.01043386291693837	0.0233525123000698	0.01400610819649595	0.01177055910256335	0.1215783981589008	0.02944581954613835	0.02061189889303532	0.07142486099751169	0.4652123674799326	0.2731729760309596	0.04775242974427461	0.0122244021084263	0.3248547752030311	0.01066954508391318	0.1242782368791295	0.0554935472674556	0.02553410668160969	0.009490534394729192	0.1418835984913294	0.1928513671611337	0.006464120393887759	0.01099338398576039	0.01026844937350822	0.01069194956531983	0	0	0	0	0	0	0	0	0	0	0	0	-0.1858892367969473	0.115561516077644	-0.04450565843145743	0.1353655171317742	-0.002565339738681405	0.0009095537681597418	0	0	14.2747155074892	0.8819708413133933	-0.2794670393135616	-1.197968866206404	-10.89950976851452	2.658173358057798	13.73409315926297	8.751522942855237	9.795082854056947	-10.79368214674613	-7.24090725763385	-14.23901823549441	40.6925207224002	40.69252370804438	94.5743362226781	94.57433411922749	118.9436879991354	-31.71465663629057	-48.36974255249837	-111.7114447264267	0	0
15.82345829319615	0.03495912907732	0.09241182488315158	-0.02995963207763725	2.251326344212862	1.057337349515652	1.019225816752391	-0.2757649243971298	-0.1223636159370266	-0.05338126870758948	0.3886007486875868	0.1268414945330957	-0.05003902948839238	0.6769254446495593	0.676925442949429	0.3147116075015416	0.3147116078216944	-0.3666652924178085	0.1469539092983726	-0.1276239661244182	0.01974137644026683	0.9510929106572958	0.292228677417069	-0.4960808331079764	0.05812954930126617	-0.2843127837923639	0.03729556467578303	1.051969595655725	-0.7004900038109689	1.254395082758239	-1.241233509450186	0.2791549197901958	-1.417382366582438	5.96782389127147	5.96782389849068	1.018613871323297	1.018613864569205	1.649661869604977	-0.1887096006980202	-3.372791456532014	0.6236991880755838	0.1197031011409379	0.2536704997521487	0.01235853882709724	0.01197441453530344	0.01861051407675767	0.02525851154644211	0.01181263239036158	0.1155135092370604	0.1199377685696321	0.05303043151368862	0.01287419742649978	0.01089363057280014	0.08815116845592588	0.02172716146421453	0.01048814030046957	0.01026499242076036	0.01033850064524364	0.04764099909376505	0.01286096095386231	0.01131000738965036	0.1219311912463638	0.02750647665869213	0.01802751518860303	0.06264065541233922	0.4175445460961328	0.1828975502953448	0.1040715557185276	0.01163893129736109	0.2888799700609665	0.01117164020020685	0.1075561351991497	0.06337616859304059	0.03307407296374679	0.01015845455510258	0.1114429461610817	0.2634046085308946	0.01050242416067145	0.01053019385131628	0.01015761079425697	0.01036842110608854	0.154803761910073	0.3067414448624752	0.01309649570509398	0.01424552046609812	0.01920896403933924	0.01610771947454688	0.01154788608828248	0.1352450996655011	0.08606524124532104	0.03843927785623417	0.01310526398531877	0.01034162783863112	0.02318271610869784	0.03044257901367657	0.0102132173056243	0.01013639458875574	0.01022512362505051	0.08090005057898446	0.01081388137396695	0.01039216574301861	0.1522683956448811	0.01590941312168467	0.0119245574482724	0.05027635693248044	0.4997333758283944	0.1828050272736606	0.1017655790876334	0.0104358053348492	0.2972709772551603	0.009992113755311238	0.102477050450679	0.1128140621182566	0.05397193472664489	0.009877556635526511	0.08053700777850731	0.2260483125800066	0.009694610677183437	0.0104742639927364	0.01013376277493121	0.01032997817879361	0	0	0	0	0	0	0	0	0	0	0	0	-0.1946884585218061	0.1279200830381248	-0.04638653525883085	0.147162520659213	-0.004421938449415309	-0.0001840044863443066	0	0	8.158584938729373	3.305812495363805	5.706308659768037	-1.175200388496499	-10.59720968504524	1.704475752261191	13.66763273389879	5.30879507107156	-4.375575964302979	-7.876977675977321	2.459111730865712	9.264270771107046	25.8539336181814	25.85393666000831	78.25551146932423	78.2555087554594	102.9771597107345	-39.01324203051058	-38.02221827906647	-122.9734819755813	0	0
15.83225828439615	0.04356009893479611	0.09515388290645871	-0.03402811869860203	2.251791959348091	1.054431658794162	1.019604993867935	-0.265967092975087	-0.1283931815939018	-0.04268409089566362	0.3774411563290994	0.1295371914917231	-0.06184928693259436	0.7302586146503551	0.7302586131250857	0.3265329682897495	0.326532968447706	-0.348412498444613	0.1437543739822365	-0.1586388682448881	0.02036764380786753	0.9940009665280921	0.3361981391506344	-0.4200489137693141	0.04761528039134102	-0.375225740738831	0.04710023986951765	1.176478026160465	-0.6788741748139404	1.157807062076591	-1.2861276551879	0.3503492715962429	-1.233062829190134	6.132828576407326	6.132828607991145	1.650370973140598	1.6503709436636	2.468800350297108	-0.5386150219774769	-3.660400056093338	-0.4906577190977549	0.1479465880999718	0.2889591898152894	0.01309964422145199	0.01452171927630379	0.0188401653706573	0.01575249629467881	0.01150886935112726	0.1293274721336397	0.1205479471619938	0.04391755418513842	0.01488105594112661	0.01224060486379262	0.04712875703760035	0.03624009556646677	0.01017884768630135	0.01012061549238902	0.01019950195304097	0.08375157320277808	0.01056408638849607	0.01029730974203309	0.1455535411930955	0.0163093838371558	0.01151180154302928	0.04914851543024997	0.4567924721614692	0.1576403333014424	0.1186010013831359	0.01031845159761533	0.2857846826205701	0.01026082438013562	0.09842907528723055	0.1067308611881633	0.05394864137614045	0.01013763112614171	0.07701418438191379	0.2551670530740823	0.0111947740840426	0.01031266752737104	0.0100958542369374	0.01021702905439906	0.1934412558387522	0.3577639042039926	0.01400751939277236	0.01779982590470932	0.0189167121769671	0.003562333339002546	0.0111173202430231	0.1492315193886957	0.1487799018408999	0.03485702682313239	0.01840572224522315	0.01501165578552795	0.003256777473520386	0.0587051414625387	0.009784453712828239	0.009936764887001478	0.01001638433316263	0.1384475888578991	0.007621654551437944	0.009013772383473874	0.1829583931308614	0.002373006697230989	0.003237216003509472	0.0291278528674492	0.5342543841768562	0.09243707851636168	0.1557787284309922	0.008647208561272103	0.2696871793072894	0.009314682426709298	0.08067586402222857	0.1701345769690576	0.08240976277168009	0.01026457887632383	0.01919041706568518	0.2592452579988795	0.01292510096047912	0.009955143999712415	0.009999076176354198	0.009968006792267383	0	0	0	0	0	0	0	0	0	0	0	0	-0.2034876802466649	0.1402786499986056	-0.04826741208620427	0.1589595241866518	-0.006278537160149214	-0.001277562740848355	0	0	1.576676761824806	6.86781474974266	11.51497157485619	-1.227596170110365	-10.02034044373744	0.4929336734628937	14.79290934243223	-0.8240079410468883	-17.30401575999234	-1.809757473273673	13.92257154188672	32.17972964740434	11.86639464064053	11.86639704908464	66.21911274300514	66.2191104544265	82.62364135932603	-39.08439614116215	-27.35979837999787	-129.2681910955313	0	0
15.84105827559615	0.052285242144458	0.09843339260144593	-0.03720825788837399	2.252162030934751	1.050751678865578	1.020021709170062	-0.2550195248374909	-0.1345008568987484	-0.03331446228550664	0.3661586039389422	0.1333140705023746	-0.07119691538385525	0.7845214864532779	0.7845214852871153	0.3435199953206705	0.3435199951440002	-0.3237762054650428	0.1375884389518812	-0.1917755279458192	0.01103086678030262	0.9797863879396121	0.415626899414824	-0.2949502951763741	0.03630750906883531	-0.4599047601208879	0.04568440545639754	1.314214551707472	-0.721456219450088	0.9555068250701858	-1.265324804197737	0.5255388470310265	-0.8643150166444116	6.181549868037546	6.181549916612974	2.201092575504691	2.201092530634373	3.097087689657652	-0.8492933227059236	-3.855689682158767	-1.629851427594361	0.1627311200266508	0.3120038623864754	0.01298758122795638	0.01483901738507805	0.01938451923216333	0.01768027530330238	0.01153648176711225	0.143221596191014	0.1445656819952882	0.0484375581522035	0.01563415610648594	0.01300713354262807	0.02361362105160737	0.0439945191433644	0.01009243476829064	0.01007577298469399	0.01014445137118936	0.1102797929914422	0.01018789189220147	0.01009306666564887	0.1570615898980126	0.01430376684343443	0.01033950879287288	0.05368004986215989	0.4740784581440947	0.1217938156577819	0.1314574359287531	0.01007575590565749	0.287206411290227	0.01020908606588018	0.1011288081992594	0.1285725209167337	0.06888650389914004	0.0101927338875182	0.06401301989715494	0.2442885352599214	0.01171133338422312	0.01018839778303713	0.01006351467189564	0.01012821506624148	0.165079762831583	0.3299930383428185	0.01201481939998999	0.01281829312332779	0.02046648120394347	0.03159028838075863	0.01191254789588346	0.1640324996648824	0.1854057380453742	0.06605320113279732	0.0143207580516896	0.01232951887812686	0.007638811569034545	0.04251680115688476	0.01023611550876641	0.01013340590552461	0.01018050068310934	0.1306203750851881	0.0118071822096617	0.01071819164324326	0.1570416130865846	0.02139932181567071	0.01463260004652863	0.080361929270772	0.4726190190755542	0.07877951421822295	0.1339375447120378	0.01093709239710631	0.3057830908356172	0.0108731277708421	0.1226704386663072	0.1313988187383441	0.07996729834179246	0.01020254098704267	0.07985400554820887	0.2058517965975794	0.01136472233410985	0.01022418555959169	0.01007591109559723	0.0101485456442817	0	0	0	0	0	0	0	0	0	0	0	0	-0.2106527702716935	0.1220511351736306	-0.03182218160116266	0.1725119386877835	-0.01304150751966169	0.002566508063879409	0	0	-4.683599682967443	11.27337446450081	16.79996855963439	-1.352903413391974	-9.182266081951088	-0.815206870802117	16.55762659931661	-9.135775112952313	-28.30594426588853	6.867519459107848	25.82702209315138	50.59815193737192	-0.4703850440145796	-0.4703836237784218	59.91777138478147	59.91777024622854	59.97412443494364	-29.92023127675443	-17.1592808210051	-128.2152852233641	0	0
15.84985826679614	0.06065497293603697	0.102586392015023	-0.03909309050479164	2.252427027317305	1.046362248370039	1.020375920022145	-0.2427902829787156	-0.1413223358464717	-0.02612090985387462	0.3554147239813029	0.1390821065763419	-0.07667411844398819	0.8387615386367339	0.838761537939236	0.3651812604520925	0.3651812598530713	-0.2944958571557455	0.1291653777450965	-0.2262482031527324	-0.008172996364817988	0.9148691405041027	0.534810976397504	-0.1269502291568138	0.02366521002613497	-0.5360958579737561	0.03303647201742251	1.467651737366195	-0.8425129634140325	0.6668649455167627	-1.162173749549262	0.8008574029872316	-0.3642191022408831	6.130718017769873	6.130718074154848	2.720386538081006	2.720386488774072	3.524180817191655	-1.038102965598494	-3.965668971998052	-2.719172948546533	0.1559397128246734	0.3129105219095654	0.01172781179440597	0.0119264022856841	0.02053948845836638	0.03511484648214867	0.01203349450569522	0.1573352128056315	0.1741157170951874	0.06798695571016178	0.0134442095238071	0.01166756157714301	0.01602537966545242	0.0377209084860804	0.01033559450954342	0.01017886584279554	0.01022365402911668	0.11794959903065	0.01259887830050244	0.0110569836792661	0.1497866980030521	0.02494701412260834	0.01681073111789837	0.08409393687827378	0.4604740208660087	0.09601952419914996	0.1263146990774112	0.01138254016461098	0.3036294609550291	0.01114269793571847	0.1243333752986495	0.118519184394138	0.07386115111817416	0.01017607585630084	0.09113480389137883	0.2137085116580998	0.01095755583000137	0.01030499801848175	0.01009806133805179	0.01020438453305372	0.1367182698244138	0.3022221724816444	0.01002211940720763	0.007836760341946256	0.02201625023091985	0.05961824342251473	0.01270777554874383	0.178833479941069	0.2220315742498485	0.09724937544246226	0.01023579385815606	0.009647381970725762	0.0120208456645487	0.02632846085123082	0.01068777730470458	0.01033004692404774	0.01034461703305604	0.1227931613124772	0.01599270986788546	0.01242261090301265	0.1311248330423077	0.04042563693411043	0.02602798408954778	0.1315960056740948	0.4109836539742523	0.06512194992008422	0.1120963609930835	0.01322697623294051	0.3418790023639449	0.0124315731149749	0.1646650133103858	0.09266306050763065	0.07752483391190483	0.0101405030977615	0.1405175940307326	0.1524583351962792	0.009804343707740587	0.01049322711947096	0.01015274601484027	0.01032908449629603	0	0	0	0	0	0	0	0	0	0	0	0	-0.2178178602967221	0.1038236203486556	-0.01537695111612106	0.1860643531889153	-0.01980447787917417	0.006410578868607173	0	0	-9.826719938748578	15.73562816415859	21.20671514793465	-1.525341141991617	-8.09270189762994	-2.026778002640745	18.24523900131001	-18.39912858182651	-36.839297835339	16.57608240214612	36.34537455115579	61.68275528248631	-10.71619240716398	-10.71619204249295	58.82740931725514	58.82740940408239	37.26061589807539	-11.59456062473429	-8.066154311259622	-117.6315153920729	0	0
15.85865825799614	0.0682746938508275	0.1079510768331122	-0.03934343887892955	2.252573813861609	1.041347683815156	1.020575027380943	-0.22915238577104	-0.1495633067861151	-0.02176083065717229	0.3459471367253769	0.1476427950675599	-0.07742990097419794	0.8921859534416765	0.892185953242262	0.3914172297469674	0.3914172287292314	-0.262317458978203	0.1198886927697942	-0.2613557659952868	-0.03641767259895629	0.8118000700044474	0.6894466033307577	0.07476278322633458	0.00942099218976299	-0.6016258315136395	0.01085200324640475	1.63342162375411	-1.042847415951402	0.3159371219082903	-0.9769278277967304	1.15526771513863	0.1962740417275055	5.999398551776724	5.999398607301085	3.245084338310992	3.245084293593277	3.758570375825	-1.033341878299457	-4.002299031927832	-3.669121034995267	0.1465359445298245	0.304406630880249	0.01200261412362876	0.01096811442932946	0.02329730770290656	0.04620065366773287	0.03520339287492417	0.1804936702122275	0.1929347482346444	0.07747476977517882	0.01207904980234494	0.01082722294569971	0.01674117364726898	0.03739623179168175	0.01045985470584667	0.01024606710837282	0.01031826674004217	0.1046250234588993	0.01323490462137857	0.01136467365560887	0.1345845372247192	0.0285158554547481	0.01859500054174377	0.1139870397477874	0.4328355445214528	0.08304123622564584	0.1265634804703456	0.01176942500736932	0.3083645194471789	0.01148820385988378	0.146461271199949	0.120883188575224	0.1037032884137443	0.01015373565913523	0.09901571638161011	0.2073206125049043	0.01043622037984426	0.01038437462280105	0.01012685232619807	0.01026358749803828	0.1366271992322327	0.2845744060790276	0.01395789499632839	0.01231741924185718	0.02793576149294108	0.05046869814179089	0.0844459991739835	0.2285148796340604	0.2067820376288217	0.07555658062714027	0.01186652699090835	0.01074030290557168	0.02149835459009083	0.04598471123193149	0.01042834982027754	0.01026100004666152	0.01041418256292322	0.06600422719587132	0.01177788356821223	0.01088477821270941	0.1087520857104482	0.02337638165281055	0.01476328366902509	0.1494580563452905	0.3700472466116018	0.07644648454262973	0.1391154104344771	0.01106231182560172	0.2910943614514792	0.01114910930801365	0.1720352747390373	0.1485536555907213	0.1749620004137221	0.01013680670759442	0.0765067346055555	0.2392999487519123	0.01030260580579816	0.01039419513802447	0.01014145823434311	0.01028367344742886	0	0	0	0	0	0	0	0	0	0	0	0	-0.1978097925693441	0.08137770176221602	-0.03536790395305364	0.1298526373080148	0.01578825790939489	-0.02096795229272753	0	0	-13.29327721401341	19.13184260422569	24.41359383921791	-1.712086453880606	-6.761231299826229	-2.953729548529756	19.29926671759456	-26.82717417921273	-42.36986869155641	25.14714324897012	43.48448775924872	64.30545897713974	-18.76951238245385	-18.7695128953732	60.6382819129251	60.63828277569171	16.47003026423647	13.48534448508446	-0.5486319854836024	-96.54624274460024	0	0
15.86745824919613	0.07487676924079388	0.114783080537522	-0.03771270864465788	2.252588060273571	1.035810990751689	1.02054821630075	-0.214024804826515	-0.1598636656367665	-0.02065871305309859	0.3384056101344259	0.1595382793720802	-0.07325543982182998	0.9441701987398134	0.9441701990008938	0.4223452987620921	0.4223452973893469	-0.2288416925963101	0.1116718655040264	-0.2965175343818939	-0.07207875694919792	0.6862483984256932	0.8650717090625232	0.2984097762088012	-0.006448680860889101	-0.6544298485553383	-0.01767125627245415	1.805132707085826	-1.30645674408908	-0.0683214449381309	-0.7292573209065607	1.551385803624099	0.7450998620889823	5.80642919139912	5.806429239713669	3.785919565836619	3.785919530321503	3.823990811998633	-0.7937358701728414	-3.980635021687059	-4.39116534765516	0.1417120833712901	0.2918898520833865	0.01450729983345646	0.01332844724389136	0.02791881570608189	0.04541691583375267	0.08487028814260721	0.2156118516674541	0.1951883771686861	0.06957340529040232	0.0125394097347088	0.0111683749616611	0.02272977993646036	0.04863397674285334	0.01034913784072205	0.01022980734654988	0.01039752762938096	0.06723736938344191	0.01090778239873444	0.0105430963227188	0.1153796975808455	0.01972011260122486	0.01244862892402409	0.1365394215094072	0.3994671861336224	0.08308807796114384	0.1404353291202879	0.01059558447537599	0.2890609437237462	0.01083791035306439	0.1606759292273215	0.1503690943736098	0.1667089377485335	0.01014281612461217	0.06744076214927101	0.2437138271247792	0.01053870426837164	0.0103544902597509	0.01013108875209625	0.010258710784729	0.1365361286400515	0.2669266396764107	0.01789367058544916	0.0167980781417681	0.03385527275496231	0.04131915286106706	0.1561842227992232	0.2781962793270517	0.1915325010077949	0.05386378581181827	0.01349726012366065	0.0118332238404176	0.03097586351563297	0.06564096161263216	0.0101689223358505	0.0101919531692753	0.01048374809279041	0.009215293079265489	0.007563057268539009	0.009346945522406173	0.08637933837858862	0.006327126371510675	0.003498583248502401	0.1673201070164862	0.3291108392489513	0.08777101916517525	0.1661344598758708	0.008897647418262921	0.2403097205390133	0.009866645501052403	0.1794055361676887	0.2044442506738121	0.2723991669155394	0.01013311031742733	0.01249587518037845	0.3261415623075454	0.01080086790385573	0.01029516315657797	0.01013017045384595	0.0102382623985617	0	0	0	0	0	0	0	0	0	0	0	0	-0.1778017248419661	0.05893178317577648	-0.05535885678998622	0.07364092142711427	0.05138099369796394	-0.04834648345406225	0	0	-14.95048241744504	20.33775843270543	26.14952242530309	-1.893131437822947	-5.203690638296067	-3.447106231690789	19.62147550773902	-32.46548901220354	-44.31430097105934	30.43692965248342	45.60428116659798	59.32238389473677	-24.76460405754734	-24.76460513089867	61.86341804712632	61.86341922494655	-0.9542069982523049	40.92888580311035	5.170110651644531	-66.25593274315499	0	0
15.87625824039613	0.08033165964892149	0.123170651679118	-0.03406792862781782	2.252455748234452	1.029872659793468	1.020257851730966	-0.1973808517798223	-0.1726492815018085	-0.02296164654471082	0.3331887839899025	0.1749268250945328	-0.0645215594106005	0.994247965141979	0.9942479657820263	0.4580363656412897	0.458036364004075	-0.1954126461991315	0.1066055829094948	-0.3312898957515217	-0.1128328391341116	0.5534849961751015	1.038608018092942	0.5300130008656689	-0.02387797857117928	-0.6926034802297438	-0.04827980417935308	1.977336532466586	-1.601154956311319	-0.4518999958513467	-0.4559048527939287	1.94043423722266	1.224679708200682	5.568662648197563	5.5686626855555	4.321340439878832	4.3213404155745	3.754100964089477	-0.321588142293133	-3.916268438511723	-4.818056426741476	0.1383838809637064	0.2847975186422262	0.01507470107421233	0.01415457727680041	0.0271362512042062	0.03993251287579405	0.1323320423508084	0.246869988723155	0.202293214601653	0.06930568405653943	0.01336759312157766	0.01143850971444427	0.02627333875748449	0.06719606027961816	0.01029350374896284	0.01021062259849384	0.01039069567028119	0.05558015805586593	0.01069023011012744	0.01031793195301607	0.1043252776420035	0.02428280918783673	0.01298704378373662	0.1587636549308175	0.368532389687484	0.08622751790906702	0.1532636818924327	0.01025067988026651	0.2738971099087018	0.01029862763640845	0.1759377493876495	0.1744479553372134	0.2202218414728673	0.01012054401658634	0.05484204716788024	0.2859011727575867	0.01075737489046235	0.01025717861811078	0.01009910677947889	0.01018905614618731	0.1336865160413659	0.2825549244672724	0.01348579430570851	0.01303157414731428	0.02057555431328989	0.03107447111484665	0.194079073432712	0.2904742761260475	0.2266408702770117	0.08160715237505259	0.01430001933010286	0.01145306616601511	0.02705709857712863	0.09617501508881286	0.01032594396218813	0.01020203089649244	0.01030638923629775	0.07513797118113694	0.01296195618781353	0.01082875875646656	0.09994037432294665	0.04484322735995942	0.02135638941900055	0.1940647376177678	0.3162775635140243	0.09002455297843637	0.1668112743002488	0.010923361469115	0.2653295803395805	0.009980310534273	0.2036324977744697	0.1962218532770857	0.2873248515631618	0.01008268603584559	0.06982738955731738	0.3516447015867932	0.01099359295986613	0.01010546399702988	0.01003413934253547	0.01006254978432999	0	0	0	0	0	0	0	0	0	0	0	0	-0.1697372994801644	-0.02929492426960416	0.005778209918294003	0.01581463446865913	0.0535216039147562	0.02554326677097545	0	0	-14.96259327177611	18.5694474158889	26.18980003112275	-2.067666036535559	-3.438850669505193	-3.418964709375589	19.45191575846531	-33.66812951200787	-42.14723412191104	30.74620334286906	41.79959559318561	49.00687935120319	-29.02143188622848	-29.0214332722741	58.84861332470604	58.84861470123927	-14.19533206944089	65.46670200876896	9.211621174157322	-30.13753087775145	0	0
15.88505823159613	0.08463775160840116	0.1329755094072541	-0.02840700478991622	2.252163296560067	1.023669272879984	1.019706199999743	-0.1792328591017053	-0.1880073003784893	-0.02850042289002	0.3303135872797873	0.1935137771907281	-0.05201015163175659	1.042086222270956	1.042086223183782	0.4982395269946183	0.4982395251998956	-0.1630540769314348	0.1065599307610185	-0.3653563646226357	-0.155910317972817	0.4274072662490384	1.182505883284908	0.753904058692548	-0.04284857457799569	-0.7143871463419148	-0.07626862584240156	2.146431804573834	-1.883224729583241	-0.7973937091781506	-0.2059569395514547	2.269584533365007	1.599615167429451	5.299242995099067	5.299243019547791	4.801230538367828	4.801230527228854	3.587222270827335	0.3362494291436401	-3.821882736155524	-4.916837283993205	0.1352878460525464	0.287579314992488	0.01261148529381796	0.01217910284902616	0.018858959678179	0.0316053637924409	0.1722887356580751	0.2687677856370796	0.2223903868439659	0.08442437453394654	0.01417910604699408	0.01131090327240204	0.02534798992783567	0.09179934140377345	0.01036809850341814	0.0102093611548429	0.01027942304393953	0.08663484153374587	0.01389854738308589	0.01113721309666015	0.1061239058769841	0.04864101572452149	0.02396501932882658	0.1826246284283921	0.3444947574422683	0.0888726759909681	0.1598809061677754	0.01135592516081002	0.2762422672447636	0.01015879290774614	0.1952390665063675	0.1822755850576994	0.2533647210876028	0.01008102290871219	0.08089172668638701	0.3194648859669142	0.01096009925643032	0.01010325353878883	0.01002788049540907	0.01005441903052448	0.1308369034426804	0.298183209258134	0.009077918025967848	0.009265070152860468	0.007295835871617464	0.02082978936862624	0.2319739240662008	0.3027522729250433	0.2617492395462285	0.1093505189382869	0.01510277853654507	0.01107290849161261	0.02313833363862429	0.1267090685649936	0.01048296558852575	0.01021210862370957	0.01012903037980508	0.1410606492830084	0.01836085510708804	0.01231057199052694	0.1135014102673047	0.08335932834840816	0.0392141955894987	0.2208093682190495	0.3034442877790973	0.09227808679169748	0.1674880887246268	0.01294907551996708	0.2903494401401476	0.0100939755674936	0.2278594593812507	0.1879994558803592	0.3022505362107843	0.01003226175426384	0.1271589039342563	0.377147840866041	0.01118631801587652	0.009915764837481798	0.009938108231224985	0.009886837170098273	0	0	0	0	0	0	0	0	0	0	0	0	-0.1616728741183626	-0.1175216317149848	0.06691527662657423	-0.04201165248979601	0.05566221413154846	0.09943301699601315	0	0	-13.44045879683579	13.62401871202693	24.37620885692488	-2.245237076660203	-1.481486532729257	-2.856160583975454	18.92048296210825	-29.5223500994713	-35.66014986431867	25.01289132616787	32.07051955868634	35.94495278694277	-32.05647095335331	-32.05647246565933	48.93342157033138	48.93342318417072	-22.99809267568276	82.48928593859365	12.11448021552311	7.600038838395649	0	0
15.89385822279612	0.08791205457114928	0.1438177700369673	-0.02087083398661045	2.251696893131043	1.017352199096647	1.018936402912918	-0.1596214329776566	-0.2056173062930569	-0.03677433966715667	0.3293361847912163	0.2145519668547626	-0.03671881166851149	1.087446167367034	1.087446168437192	0.5421813047794449	0.5421813029515465	-0.1324493123290356	0.112834729584264	-0.3984865656256616	-0.1984164902007254	0.3210153825212289	1.270402667951624	0.9533880119584921	-0.06343052314542094	-0.7182083851610516	-0.09717258294424402	2.309558885096283	-2.105245579284816	-1.067555626176915	-0.03341290752138608	2.490239837996385	1.855630160853837	5.006358102001892	5.006358113497092	5.159586023351416	5.159586027164044	3.361661691572731	1.099643281424094	-3.703902039739341	-4.692129902057257	0.1287884201906262	0.2816038161388917	0.01128368952962704	0.01093163968237447	0.01511020287056054	0.03418220511390323	0.1916147297945418	0.286623140502569	0.2420069001171277	0.09649402442697229	0.01455994525956334	0.01125567827772847	0.02144229914161254	0.1159848909909044	0.01049077748092373	0.01024796609041394	0.01026789117232839	0.1161969320052934	0.01603371313510771	0.01181269545848665	0.1100497559058219	0.06641327566016886	0.03217120543735203	0.1994087793693128	0.3307484847710012	0.08639767941102379	0.1637934864266219	0.01248135695381213	0.2813981464669301	0.01043164311302039	0.2144568518466577	0.1659319708853761	0.2702059615745071	0.01006279249143654	0.1045916327082409	0.3434797925260317	0.0110645443712813	0.010144227932209	0.01005497277869268	0.010098398193392	0.115071942180194	0.252418971318205	0.01141881074356115	0.010731765923162	0.01665073614456342	0.04859262079868198	0.1964666304288051	0.3162433403571666	0.2694851987246989	0.1055131130948217	0.01459698715764198	0.0113358669836757	0.01494672403709027	0.1483264422606581	0.01064947424429252	0.01032507889142099	0.01036672275480983	0.1451079166805803	0.01682976614223869	0.01224891687834388	0.1139567113538899	0.07847086226970758	0.03727873140473892	0.2162791415317941	0.3179029702934115	0.07743774993497603	0.1683969853411474	0.01350607099654794	0.2862693841468512	0.01104538518938498	0.244471871137799	0.1137377800128179	0.2824487686189706	0.01006506305942008	0.1246085241037756	0.3770533565650427	0.01109520612022111	0.01038115073211659	0.01018375979705641	0.01032526201916799	0	0	0	0	0	0	0	0	0	0	0	0	-0.1706392418380437	-0.2144269178398588	0.1295502598992713	-0.09406642543608316	-0.00691372174286644	0.2248575139781795	0	0	-10.54520743113711	5.975991390357476	20.64481721776822	-2.434968219872518	0.6336388158570758	-1.827212992348711	18.1418730589652	-20.1274466382419	-25.11334212291857	13.29199527392288	17.38408613354652	22.2931232677921	-34.44133908675627	-34.441340471979	31.25216544519437	31.25216720433468	-27.61276511342598	89.15990561325248	14.73104074465122	42.66658763317577	0	0
15.90265821399612	0.09037455670050749	0.1551121684547124	-0.01174749229208826	2.251041835355647	1.011084617225961	1.018027166244338	-0.1386031454040427	-0.2247591825482862	-0.04697183134796362	0.3293599622064846	0.2369163678504174	-0.01969418153721298	1.130140464175881	1.130140465297766	0.5884998977471808	0.5884998960213915	-0.1039600592063871	0.1259420472146014	-0.4304717357138177	-0.2376631080098364	0.2439720845212826	1.282863824282659	1.112013432815402	-0.08574434390548941	-0.7030463353408654	-0.1074944833217465	2.466642971297484	-2.2253261448115	-1.229778927232375	0.01526070645929759	2.566480360388374	1.99509166164546	4.693762014942784	4.693762015762434	5.331646993133571	5.331647012529151	3.111597322440164	1.872829601175342	-3.560687856957553	-4.186111855611094	0.1174398324998527	0.2579543807076517	0.01219421979313395	0.01134173302653719	0.01926160140776647	0.05131511444983382	0.1842882885137845	0.3023299400054314	0.2559219919839179	0.09987712081224151	0.0144011835647039	0.01139499056732796	0.01491517443212062	0.1381009377288016	0.01064025570196916	0.01033211202988205	0.01040898191153688	0.1314754765701726	0.01593840824445896	0.01203723365748559	0.1121379425825741	0.07110769504824281	0.0342982457530347	0.2058640396935684	0.3287765463710944	0.07714889225383476	0.1662146629085904	0.01325808866544228	0.2824868578329646	0.01111958014961664	0.2321097375491896	0.1198264258999127	0.2706001143008496	0.01007582802282207	0.1137477853296947	0.3570638839852003	0.01104933056439547	0.01044511812221024	0.01021595472608039	0.01038396005054919	0.09930698091770759	0.206654733378276	0.01375970346115446	0.01219846169346354	0.02600563641750938	0.07635545222873773	0.1609593367914093	0.3297344077892898	0.2772211579031694	0.1016757072513566	0.01409119577873888	0.01159882547573878	0.006755114435556241	0.1699438159563227	0.01081598290005928	0.0104380491591324	0.01060441512981457	0.1491551840781523	0.01529867717738934	0.01218726176616083	0.1144120124404752	0.07358239619100701	0.03534326721997912	0.2117489148445387	0.3323616528077257	0.06259741307825457	0.169305881957668	0.0140630664731288	0.2821893281535548	0.01199679481127637	0.2610842828943473	0.03947610414527655	0.2626470010271568	0.01009786436457631	0.1220581442732949	0.3769588722640445	0.0110040942245657	0.01084653662675139	0.01042941136288784	0.0107636868682377	0	0	0	0	0	0	0	0	0	0	0	0	-0.1796056095577248	-0.3113322039647328	0.1921852431719684	-0.1461211983823703	-0.06948965761728135	0.3502820109603458	0	0	-6.934592113273787	-3.302631462129704	15.13840884861798	-2.637851795413609	2.810661826321227	-0.4823233364884036	17.69258958304887	-6.620273660962942	-11.30906676327889	-2.713711695921674	-0.3703586978150919	9.687232002063894	-36.58422895136096	-36.58422995784618	6.939124965203212	6.939126725505957	-28.70404583749716	84.77462012886839	17.99959113879241	70.87172005546438	0	0
15.91145820519611	0.09229686458161934	0.1661495304066495	-0.001460478346004172	2.250182521929246	1.005034049424131	1.01708125987309	-0.1162060031239286	-0.2443994742646285	-0.05803255639747142	0.3291661165202344	0.2592484855012356	-0.001905320896973177	1.170001997901187	1.170001998997666	0.6353308220390387	0.6353308205506605	-0.07767678085880619	0.1455510004451452	-0.4610537109956908	-0.2714878179963792	0.1975221389869736	1.211695795087022	1.215904877036755	-0.1098464208430468	-0.6690340628508005	-0.1053523681796776	2.624908139150556	-2.215298746589687	-1.260913162529363	-0.08455478721218072	2.482086461632235	2.032473650297732	4.362623314516028	4.36262330866092	5.2703807690343	5.270380803360506	2.864130929860723	2.562986737275728	-3.38289952189121	-3.47485840470942	0.1116265939433899	0.2382040576924635	0.01292654303816223	0.01179957218538421	0.0225248407470441	0.05974171314138417	0.1700628737392924	0.3033272646821469	0.262358097934018	0.09908272598409702	0.01373762494420403	0.01137168104564654	0.01591429878807615	0.1555681877000679	0.01064977861283784	0.01034909878459421	0.01046632463020081	0.1420887078067258	0.01472550563033234	0.0118016644975147	0.1132567511322574	0.06767708332637673	0.03123465981632572	0.2017347619960289	0.322837104901092	0.07799761763522674	0.1661933837898268	0.01301020676127075	0.2750488780381328	0.01180928377669032	0.2342591794763359	0.08143270895723742	0.2625780222837912	0.01009652299171355	0.1128071906017055	0.3687738196646093	0.01088101987796731	0.01064485297588702	0.01027270489925533	0.01051814316921867	0.111633497782312	0.2189233327138511	0.01316352706497003	0.01204524033992824	0.02389467259345003	0.05820496452124914	0.1486611948435324	0.2827965365497406	0.2647811846824342	0.09556825983029217	0.01261399654626984	0.01115755900632426	0.02462382542687698	0.1766822726307379	0.01052615987656551	0.01029770115301844	0.01042498904401836	0.1559104008576143	0.01272042810115152	0.01119296892546541	0.1142494473045755	0.05747129486384511	0.0237019832389498	0.1842300543665241	0.2990226653478466	0.09205704773159315	0.1635051394900546	0.01183985758369499	0.2506424805804922	0.01251641682935248	0.2158896751411295	0.05031695338069233	0.2432250755547667	0.0101210902903539	0.1033546064983352	0.3935511031293842	0.01057143718159577	0.01072855875558367	0.01021542257472213	0.01048463071656032	0	0	0	0	0	0	0	0	0	0	0	0	-0.1803342845340756	-0.3758713485843155	0.2385051491214153	-0.2235854668934769	-0.1403315578183244	0.4766658426108452	0	0	-3.81635875826698	-12.77789755731989	8.303322296704883	-2.836198937786484	4.887013648551958	0.9674918378389364	18.5843216242648	9.078663583559431	4.419960169146476	-19.85988943586582	-18.68014359975521	-0.7806350781008633	-38.67398160664116	-38.67398211337366	-21.20695499657795	-21.20695339954687	-27.18722026190681	70.66560015311785	22.68888914018202	88.8980541740379	0	0
15.92025819639611	0.09391259182064843	0.1762056775566084	0.00946512323839966	2.249103898231794	0.9993601011526524	1.016209499485155	-0.09235598207957546	-0.2633372196859442	-0.06874940498939421	0.327449694665449	0.2801471607520554	0.01583922929832111	1.206868337773843	1.206868338805136	0.6805186273121991	0.6805186261830753	-0.05348858724754151	0.1705884943077659	-0.4898670679471239	-0.2985028394718261	0.1718255721131987	1.061730277231032	1.256137690822863	-0.1355125865199227	-0.617864048004317	-0.09081715842046695	2.799903673218488	-2.06576043857094	-1.15126193032736	-0.3273400136347185	2.243654139797272	1.988645158259277	4.012966339212477	4.012966330875189	4.958012894424399	4.958012941099184	2.637783059739173	3.096683532124546	-3.156121132261727	-2.655269526765095	0.1152537630266162	0.2327171587637577	0.01284853065270106	0.01188405798148609	0.02255141777725124	0.05297218972446213	0.1565578547654556	0.2834941277429199	0.2603445138777102	0.09544617562411277	0.01257720850593503	0.01109276521372451	0.02703140718968679	0.1674002281175566	0.01047605551371137	0.01026973024869928	0.01037869460513951	0.1506361205948557	0.01267823775496157	0.0111022226105748	0.1137028545246927	0.05708475871960974	0.02304498584532157	0.1864465456688744	0.3051557479812235	0.09434493359979938	0.163333574200882	0.01155641058023228	0.2568434127752818	0.01239428777753222	0.2145329824153708	0.06824543910216664	0.249387137534741	0.01011876824970823	0.1024899013415515	0.3823943745887462	0.0105508472359218	0.01065006979088713	0.01016360932639854	0.01039928210088161	0.1239600146469165	0.2311919320494263	0.0125673506687856	0.01189201898639294	0.02178370876939067	0.04005447681376055	0.1363630528956555	0.2358586653101913	0.2523412114616991	0.08946081240922779	0.01113679731380079	0.01071629253690974	0.04249253641819772	0.1834207293051529	0.01023633685307173	0.01015735314690449	0.01024556295822215	0.1626656176370763	0.01014217902491369	0.01019867608476999	0.1140868821686758	0.0413601935366832	0.01206069925792048	0.1567111938885095	0.2656836778879675	0.1215166823849317	0.1577043970224412	0.009616648694261187	0.2190956330074296	0.01303603884742858	0.1706950673879117	0.06115780261610812	0.2238031500823768	0.01014431621613148	0.08465106872337541	0.410143333994724	0.01013878013862583	0.01061058088441595	0.01000143378655643	0.01020557456488295	0	0	0	0	0	0	0	0	0	0	0	0	-0.1810629595104264	-0.4404104932038982	0.2848250550708623	-0.3010497354045834	-0.2111734580193674	0.6030496742613446	0	0	-2.36656819475479	-20.98398109448609	0.7779251669713072	-2.982901534919776	6.682697726915583	2.299512451738102	21.54250561785182	24.71016790642252	20.39686957380282	-34.68059161325638	-34.98512261838307	-8.793775446250944	-40.8125140623698	-40.81251414642354	-49.48919263429762	-49.4891914797298	-24.07260114375354	49.81842501976767	29.14634085125897	95.50544296221463	0	0
15.92905818759611	0.09533144949419445	0.1846524869167301	0.02045013539297044	2.247795074570023	0.9942010066607924	1.015513893706776	-0.066826278299049	-0.2803753170885658	-0.07789598304350957	0.3230788303263407	0.2983624497331311	0.03291525380258253	1.240572773227572	1.240572774186035	0.7218969168979289	0.7218969162153304	-0.03116041877402481	0.1994656450828255	-0.5164130226397021	-0.3181877845486428	0.149743723693713	0.849464518614242	1.229204355094344	-0.1619838860510205	-0.5526196987094222	-0.06574920657224217	3.009188815928895	-1.786685253858481	-0.906119084071645	-0.680834532407539	1.878051039199885	1.883346589326439	3.643686727440365	3.643686719599955	4.409746217111997	4.409746270794465	2.442352760471319	3.431475027616508	-2.865256850643338	-1.823810776967393	0.1189924589795171	0.2323353466963968	0.01268893905217905	0.01197755720233482	0.02100458101163004	0.04367524149541256	0.1686089380522797	0.2784384670744807	0.2617272267558547	0.09390267846675318	0.01249594839714685	0.01110103357248877	0.03526757350663606	0.1829763378297146	0.01040551210198392	0.01024142192722643	0.01033866857598207	0.1643805447150248	0.01263008382531575	0.01077428482167386	0.115245995991218	0.05150876215359508	0.01794541387272188	0.1835553907129685	0.2903200082959762	0.1054521066282477	0.1632805629228041	0.01068416438966194	0.2426965683224992	0.01296050628138059	0.2077373214195986	0.06228763843039226	0.2566854094268463	0.01012952031778964	0.0946673384340871	0.3958333956061488	0.01053825405634623	0.01078586729419524	0.03501249309106663	0.01282724751498333	0.1214434889395451	0.2324466911091942	0.01258742833705379	0.01216376124003754	0.01835262513531915	0.03327728084987014	0.2196385164567834	0.302318421851298	0.2730848877665004	0.09502823043839279	0.01350152047621801	0.01142478995940122	0.04038410387206219	0.2143492598579942	0.01045573821873012	0.01027478749766389	0.010364834377718	0.1927967575351875	0.01459370480337546	0.01083493828200902	0.1189415578513546	0.05162352851135405	0.01610946431692194	0.2001476632659674	0.2741585531774812	0.1106391146135537	0.1678944947703095	0.01046637988435332	0.2297080702048504	0.01360795189070733	0.2240879999821615	0.05415776303694822	0.301878257238737	0.01013079831857668	0.08977963108981572	0.4209687467301356	0.01084805613505761	0.01109745769943116	0.08846096236933317	0.01799830267043756	0	0	0	0	0	0	0	0	0	0	0	0	-0.1678688751919876	-0.4879233359483212	0.3216082359916052	-0.3872307217234305	-0.2640299468982729	0.6972870784920328	0	0	-2.966728227940985	-26.79600850453284	-6.890724800140505	-3.006378907542817	8.072430926832238	3.338443213853044	26.20617042406786	38.22344216197999	34.95823252483089	-44.75831821408553	-47.33607321946332	-14.89795827849834	-43.17191603123192	-43.17191585781651	-74.26499647621523	-74.26499608740141	-20.30260311632008	26.13031162057819	37.18082593688565	91.99685471113347	0	0
15.9378581787961	0.09651167183459908	0.191043151806611	0.03090256255943098	2.246254701451322	0.9896642191410956	1.015074299033899	-0.03926637618575472	-0.2944761539412034	-0.08435315427803193	0.3152770370120012	0.3129439705717429	0.04884357854714624	1.270930810311924	1.270930811210503	0.7575650986879977	0.7575650984806162	-0.01040498964105213	0.2303724693720038	-0.5400734357738827	-0.3307943723518021	0.1156043687757554	0.5986945388480732	1.135327427848792	-0.1878512941399594	-0.4770670188872503	-0.0332010680384463	3.261458503567624	-1.403330434736817	-0.5440504379496456	-1.099191571638633	1.425005086786847	1.729184250321907	3.251698915308863	3.251698909802677	3.669500805045954	3.669500857926831	2.280239649252334	3.559317407970043	-2.498908661753639	-1.056953491359559	0.1194657675621013	0.2327032373135488	0.01263815532344372	0.0121795385529571	0.01831434479988672	0.0357072918887551	0.2143505245274745	0.3043908761041955	0.2716907013510895	0.0961679423528205	0.01390539662752718	0.01153747836775268	0.03733372619463887	0.2055775852101949	0.01051247207947571	0.01030237003233155	0.01039617336119869	0.1858471320524355	0.01532002620309905	0.01103601313923273	0.1185106331994212	0.05491630080603147	0.01832902035864767	0.2026658045089201	0.2854729776240931	0.1047709100327855	0.168248596923937	0.01086424654638046	0.2396101369881574	0.01353025842414185	0.2287672391751119	0.05568799824682961	0.2950270136805677	0.01012540347691474	0.09371668393472339	0.4081130891123861	0.01096747192357783	0.01113639238651572	0.08899271803628747	0.01849692565822469	0.1189269632321737	0.2337014501689621	0.01260750600532198	0.01243550349368214	0.01492154150124764	0.02650008488597973	0.3029139800179113	0.3687781783924048	0.2938285640713018	0.1005956484675578	0.01586624363863523	0.01213328738189269	0.03827567132592667	0.2452777904108356	0.0106751395843885	0.01039222184842328	0.01048410579721386	0.2229278974332988	0.01904523058183723	0.01147120047924806	0.1237962335340333	0.06188686348602491	0.02015822937592341	0.2435841326434252	0.282633428466995	0.09976154684217568	0.1780845925181778	0.01131611107444545	0.2403205074022712	0.01417986493398608	0.2774809325764114	0.04715772345778832	0.3799533643950973	0.01011728042102187	0.09490819345625603	0.4317941594655472	0.01155733213148939	0.01158433451444637	0.1669204909521099	0.02579103077599217	0	0	0	0	0	0	0	0	0	0	0	0	-0.1546747908735487	-0.5354361786927441	0.3583914169123481	-0.4734117080422777	-0.3168864357771783	0.7915244827227208	0	0	-4.907063233670304	-29.70761244305919	-14.40326124273732	-2.835093389857513	9.029862718949451	3.99127205803297	30.95532650543596	48.25358249498608	46.78677574375318	-49.4756903923932	-54.7891320409682	-20.05573432971794	-46.02378926657887	-46.02378891164432	-92.76369007956168	-92.76369066866727	-16.59770348207394	3.340030284096657	46.16944209826726	81.40176624311385	0	0
15.9466581699961	0.09731227016104022	0.1951512099079034	0.04024217767532475	2.244496375781493	0.9858243089056513	1.014941169185836	-0.00932373879663269	-0.3048664152546867	-0.08721124370926452	0.3036722393489261	0.3233143224018047	0.06322053746038113	1.297719725902343	1.297719726768571	0.7860997971331579	0.7860997973556333	0.009061664081181316	0.261561719361351	-0.5601584910157921	-0.3371202758014662	0.06352873474535319	0.3347430334261675	0.976904116912098	-0.21115697191091	-0.3947813990672714	0.003308069930774005	3.547467239092108	-0.9492889917815702	-0.09362264385786198	-1.538725376035673	0.9281394474755258	1.53121440211778	2.831382894001656	2.831382892417437	2.799820626237387	2.799820669673879	2.148672912139122	3.500998314347141	-2.052694159417964	-0.4016486637426325	0.1144267309944122	0.2246260907523686	0.0124898599284232	0.01212252215468674	0.01660039627167474	0.03206567714578481	0.2624720928678765	0.337537391714322	0.2861710238462973	0.103552483208102	0.01461681209877748	0.01166521631753509	0.03553273027803661	0.2301766901896742	0.01056529107929056	0.01033220269553931	0.0104224890225141	0.2060167101908272	0.01682478881013854	0.01118787269738151	0.1213986613806642	0.06076160515933346	0.02067903565764635	0.2268953347036888	0.2839573535367202	0.1064269131057111	0.1697235624099041	0.01104188439497222	0.2411119235817425	0.02719767152214492	0.2581689666798108	0.05330274524813165	0.3368436268578288	0.0101071802352567	0.09759736061811991	0.4161161421249692	0.0111615236173912	0.01256601213609272	0.136385668223607	0.05650055778961456	0.1017071677554609	0.1985577026708999	0.01220844981625323	0.01179608747971946	0.01577758247468965	0.03163747989190315	0.3374378329152964	0.3960613962930338	0.3149863950419914	0.1185486207953088	0.01449238904361409	0.01144279727460056	0.03080220847612061	0.2716279524408343	0.01054136309640665	0.01032031681100182	0.01040494836060329	0.2343148212687583	0.01691616490949718	0.01114578894303233	0.1245481777356635	0.0685227460774271	0.0241349246465835	0.2658475366467864	0.2813573194316003	0.1148499331096984	0.1655584538158054	0.01103924879322313	0.2452536685591121	0.05567172234704398	0.3094875949883996	0.05485038156960143	0.4065635059459157	0.01007635447012716	0.1063435374787264	0.4253110085996751	0.01108027965841272	0.01515221445933856	0.1929854017070561	0.1354593493092828	0	0	0	0	0	0	0	0	0	0	0	0	-0.1370255615402849	-0.5738949478438301	0.3935652389443433	-0.5388809762328421	-0.351124792091049	0.8469353205854686	0	0	-6.812594955427411	-29.86408190191409	-21.48893515202023	-2.417639558285861	9.617324383865551	4.239575103970461	33.49699047553159	54.25977259462767	54.8783004818217	-49.81647579271981	-57.36119324928034	-24.88696315947938	-49.6495611838561	-49.64956065289597	-103.5662599706874	-103.5662614929523	-13.41909916860632	-15.83511198295445	55.13756237758017	67.2057929930605	0	0
15.95545816119609	0.09759224101251775	0.196960267340421	0.04792515018804629	2.242552593665763	0.9827273423811639	1.015133807070975	0.02318677441750607	-0.3110802865942548	-0.08585050418105021	0.2882281648665773	0.3292701789391501	0.07567465960627499	1.320657858351507	1.320657859225558	0.8066645872033946	0.8066645877402945	0.02748386870006455	0.2915572826427938	-0.5759825394406243	-0.3382455522128314	-0.001183405040019641	0.07928767084088802	0.7605380817696888	-0.2296010404272222	-0.3086302617248943	0.04025898856730303	3.839184453118982	-0.4599226420440536	0.4077406003405227	-1.967541224599063	0.4279572359895897	1.293230714267679	2.375183231435912	2.375183234839786	1.869520183863427	1.869520211060281	2.041669885611059	3.295359897138318	-1.532514630522352	0.1240908861169897	0.1029320457436384	0.2038445295249672	0.01218920906365994	0.01171008237598233	0.01644192634146448	0.03358026523772551	0.3026543322172217	0.3674827336966158	0.3033742873766378	0.1164069062224814	0.01405873558148448	0.01129266615048754	0.030380701415574	0.2550000694694697	0.01050391759445892	0.0102997424105285	0.01038425260644366	0.2216903849044668	0.01612258347653021	0.01104801534770362	0.1231712615355717	0.06699670044090188	0.02399423713375609	0.249673631685146	0.2825445893225461	0.1151218430781688	0.1643351424235773	0.01094185907684284	0.2441661022103689	0.05666591146086554	0.2879691826186802	0.05663784093515777	0.3711212839709803	0.01007504711657286	0.1054672557030152	0.418297130031238	0.01094493660762636	0.01529379113125101	0.1704539295528031	0.130925879422879	0.08448737227874815	0.1634139551728377	0.01180939362718448	0.01115667146575678	0.01663362344813168	0.03677487489782658	0.3719616858126816	0.4233446141936629	0.3361442260126811	0.1365015931230599	0.01311853444859295	0.01075230716730844	0.02332874562631454	0.297978114470833	0.01040758660842479	0.01024841177358037	0.01032579092399271	0.2457017451042179	0.01478709923715713	0.0108203774068166	0.1253001219372936	0.07515862866882929	0.02811161991724359	0.2881109406501476	0.2800812103962056	0.1299383193772212	0.153032315113433	0.01076238651200081	0.2501868297159531	0.09716357976010187	0.3414942574003878	0.06254303968141454	0.4331736474967341	0.01003542851923244	0.1177788815011968	0.418827857733803	0.01060322718533606	0.01872009440423076	0.2190503124620022	0.2451276678425734	0	0	0	0	0	0	0	0	0	0	0	0	-0.119376332207021	-0.6123537169949161	0.4287390609763385	-0.6043502444234066	-0.3853631484049196	0.9023461584482163	0	0	-7.68674204001839	-27.91581814646908	-27.39106301403696	-1.728383822088322	9.922008680116862	4.093629885982361	32.04926706680711	56.33621835225526	58.17132689739444	-47.2784950345453	-55.67786606394845	-28.97855402409662	-54.18275078494281	-54.18275023076707	-106.6399716119605	-106.6399736942411	-11.05371078328941	-30.03345319400151	62.72642395057621	52.36329317455614	0	0
15.96425815239609	0.09728533612394598	0.1966152135255116	0.05350256695190402	2.240476672121492	0.9803974310253999	1.015641014253814	0.05814845712068429	-0.3129538554851586	-0.08002304417229907	0.2691324248240419	0.3309359429855946	0.08589870052810489	1.33939466526934	1.3393946661915	0.819014157529479	0.8190141582233502	0.04504358463673605	0.3192591977830956	-0.5869678769138186	-0.3353079895937724	-0.06795220513985932	-0.1530799908427215	0.5019020231001297	-0.2408033611345718	-0.2207459549654836	0.07424820917307894	4.097600448439866	0.03207121706060734	0.9129247657501919	-2.366482353299324	-0.04198339526826989	1.027568594429096	1.875310062515201	1.875310069505627	0.9424493393758001	0.9424493478779257	1.951182315414816	2.986956824942489	-0.9572454973727141	0.5234434155717392	0.0960418406097983	0.1888852715762173	0.01203254332932716	0.01146224039483107	0.01664360055773884	0.03562108060210015	0.3229197214107479	0.3776988303908123	0.3086671161208006	0.1223447529753851	0.01362407874378565	0.01108943788015177	0.02672301715094061	0.2669177626577323	0.01054718568882256	0.01030287541028657	0.01036908291754279	0.2340481152574831	0.02354019256767405	0.0115421850753932	0.1226661952870131	0.07300573734809823	0.0301359115629964	0.2587197398269482	0.2756838511574937	0.1130016089247861	0.1655465367576602	0.01173041965885911	0.2420560095941656	0.07887134391713131	0.2993239383080925	0.05872525677679857	0.385047959776698	0.0100631449337753	0.1093142104513563	0.4178016417330552	0.01079431153996141	0.01599973340302975	0.1870196246478182	0.1832278484237543	0.09396437996913914	0.1785462068283258	0.01201788089271857	0.01140186493056233	0.01690470023814733	0.03745518076319687	0.3318085007264397	0.3656341084002111	0.2981365769431556	0.120932480316629	0.01348889346674838	0.0111110678782411	0.02460571651140129	0.2682611608740101	0.01071460665182789	0.01035112386330112	0.01038549946157769	0.251873679757452	0.04031210300612845	0.01274577418773705	0.1195399753531182	0.08051435486447162	0.03997603368832367	0.2544790477648984	0.2550624749449831	0.09492260795365653	0.1785284483814542	0.01350145463036366	0.2301596167880781	0.09744353136215045	0.2907688979909247	0.05865665800411893	0.3812206114578642	0.01007096834317554	0.1088265666331086	0.4154734501117756	0.01076268765282793	0.01466572253964782	0.1933050228081485	0.2307256774144869	0	0	0	0	0	0	0	0	0	0	0	0	-0.1040568965342203	-0.6367350657021299	0.4543590825718509	-0.6287736294059213	-0.4129273939452958	0.928900007383148	0	0	-7.26446553998258	-24.77480633731949	-30.88914928960773	-0.7772716860520436	10.02573296351083	3.571349615370478	25.86943530782892	54.9569169193116	55.60037757663886	-43.26829080921011	-50.65702778238706	-30.8923418371126	-59.54934751704973	-59.54934733005301	-103.0958361576569	-103.0958382250275	-9.688980292332271	-39.31509404701271	67.41712710160226	38.67092100692786	0	0
15.97305814359608	0.09642494808754901	0.1943534816066981	0.05671000065514423	2.238341884595731	0.9788432289264624	1.016422685354018	0.09508221279440855	-0.3105894861808675	-0.06993081405464592	0.2466856359510577	0.328693332157131	0.09375478622245166	1.353515998552164	1.353515999534646	0.8234106646230011	0.8234106653172331	0.06184594896760665	0.3439402839278916	-0.592759104788807	-0.3293642435707784	-0.1249248375543032	-0.3558854799304018	0.2268782791300221	-0.2426806151539018	-0.1324887016578734	0.1021627152735364	4.2803307179045	0.4991820818837013	1.367773579742929	-2.729200410436002	-0.4570264008495597	0.7605336405127167	1.32531648962669	1.325316495310004	0.06896414258322837	0.0689641349706847	1.867950522614716	2.614171624170546	-0.3580609984878603	0.8099050038782616	0.09783990512490574	0.1880909320876483	0.01209807384635919	0.01151531358937923	0.01688392372914838	0.03685221991952307	0.3171795003522327	0.359896316020572	0.2952592259346294	0.1170772259674773	0.01367941823504171	0.01122990145047092	0.02598460659255555	0.2601837017632411	0.01075181650255349	0.01036696835811605	0.0103997188468455	0.2434493113481662	0.04151740067562066	0.0129090884887133	0.1194412590999558	0.07860444848857949	0.03957039574021046	0.2485282754273285	0.260727227999586	0.09337887826018762	0.178566202364982	0.01370653021940656	0.2317702342027743	0.08843787904266473	0.2835671703278269	0.05742487549502361	0.3719144881403181	0.01008030956312137	0.1063972292355546	0.4161639374035634	0.01083343827806723	0.01381042154039151	0.1829732471514249	0.2007650053910186	0.1034413876595301	0.193678458483814	0.01222636815825266	0.01164705839536787	0.01717577702816299	0.03813548662856718	0.2916553156401979	0.3079236026067592	0.26012892787363	0.1053633675101981	0.01385925248490382	0.01146982858917375	0.02588268739648804	0.2385442072771873	0.011021626695231	0.01045383595302188	0.01044520799916268	0.2580456144106861	0.06583710677509978	0.01467117096865749	0.1137798287689429	0.08587008106011396	0.05184044745940376	0.2208471548796493	0.2300437394937606	0.05990689653009184	0.2040245816494753	0.01624052274872651	0.2101324038602031	0.09772348296419901	0.2400435385814616	0.0547702763268233	0.3292675754189944	0.01010650816711864	0.09987425176502028	0.4121190424897482	0.0109221481203198	0.01061135067506487	0.1675597331542949	0.2163236869864004	0	0	0	0	0	0	0	0	0	0	0	0	-0.08873746086141958	-0.6611164144093438	0.4799791041673633	-0.6531970143884359	-0.4404916394856719	0.9554538563180797	0	0	-5.447996924392426	-21.33340298437119	-31.01034117580009	0.3769792695715239	10.02260109292626	2.726524962407163	14.89731493127203	50.80927868434079	46.75522153914824	-39.28854705519839	-43.40022063957849	-29.0920132853495	-65.52234613458283	-65.52234664556187	-94.80898988580485	-94.80899140607647	-9.409009118672655	-44.94844394459394	68.00953548761946	26.73513528208366	0	0
15.98185813479608	0.09515071528448116	0.1904369121347411	0.05753916657320543	2.236236944817676	0.9780649549485803	1.017414114475738	0.1331444221933772	-0.3043028774278608	-0.0562533278712716	0.2211894148777767	0.3230958732626067	0.0993853385410864	1.362562111383957	1.362562112387755	0.8204824168098527	0.8204824173888186	0.07791284471648667	0.3651522655797714	-0.593313997259975	-0.3213384520644174	-0.1602207622514786	-0.529801879338428	-0.03339639563826095	-0.2338720970901642	-0.04445302508100499	0.1216086283875928	4.348423796474567	0.920673386063257	1.719766267888494	-3.061036284491645	-0.8030820377070187	0.527886088300335	0.7215955253198142	0.7215955235707125	-0.7183306899512483	-0.7183307072550884	1.782481215080351	2.201190759745708	0.2259780617379369	0.9993022787443601	0.09944805962582259	0.1909993605649815	0.01231004978737209	0.01177207629195106	0.01676541369327172	0.03560106874599189	0.3048055301746717	0.3406096061601754	0.2803060370745609	0.1090033932119187	0.01378082499844752	0.0113893628943295	0.0243401433306521	0.2458138985623389	0.01090455272477915	0.01044673690609063	0.01047223539968864	0.2565556423282952	0.05506797749336138	0.01373737318586436	0.1193108974024228	0.08165353494850794	0.04350391748112899	0.2359561313759979	0.2525770314370799	0.08520871231629297	0.1867868404829576	0.01445091501656022	0.2262179525432094	0.09764264769362743	0.2672502347303071	0.0592621497799474	0.3535585554306876	0.01010113323116727	0.1041035330717761	0.4127721111589808	0.01087638192257821	0.02061987555716403	0.1690804678348888	0.2093976214738812	0.09881123015377836	0.1948159552237742	0.01264421329129631	0.01219465964914532	0.01628445309808304	0.03180383988611368	0.2844558421435167	0.3169591896279954	0.2605348024865299	0.09787097753832649	0.01384462293432123	0.01152239397166337	0.02090814906911002	0.2182221985208493	0.01099912719000562	0.0105400025044672	0.01058434204799468	0.2859577595131575	0.06552727218490488	0.01401536746882116	0.1237042518848437	0.0829928174595948	0.04210151953165624	0.2197942623833616	0.2525377807891398	0.09253151996284306	0.1889951427780301	0.01392690675704151	0.2273797888928811	0.1128744462999565	0.2507685350705568	0.06571409781978232	0.3245206650172611	0.0101225737711233	0.103689742495984	0.4035896409771179	0.01089248057727867	0.03752486626773598	0.142016697880959	0.2221341983779616	0	0	0	0	0	0	0	0	0	0	0	0	-0.0806718166661658	-0.6672462036353521	0.4873930966760234	-0.6299668839329681	-0.4700870104928877	0.9608143027391628	0	0	-2.429093223926753	-18.3127226329554	-27.5915749724814	1.631550371799234	9.980606744180257	1.669979890743132	0.1080853380648243	44.74368612868643	32.48744094473086	-36.30341190384072	-35.21478767103736	-23.15299983171187	-71.66332448060523	-71.66332560550077	-83.8289726463716	-83.82897329909984	-10.18345211620193	-48.75917409432223	63.9413599241818	16.62243415781641	0	0
15.99065812599608	0.09369008907782332	0.1850961457321793	0.05624964321594176	2.234258192190111	0.9780592527750703	1.018534531053201	0.1712063639935515	-0.2945574140853622	-0.04008105009943049	0.1928779894974553	0.3147678751697822	0.1032410770503366	1.366062034204058	1.366062035145078	0.8110689477768483	0.8110689481900686	0.09318513982994618	0.3825891539804505	-0.5889465465506057	-0.3120122800149069	-0.1669196201730796	-0.6809301015212011	-0.2505817996799537	-0.2140378490822412	0.04301885221256251	0.1314021151965757	4.278344327255627	1.283898673397515	1.930022825959419	-3.369849144116097	-1.078390482055295	0.3612292240524704	0.06559426798533349	0.06559425522524104	-1.403447560646189	-1.403447579715132	1.686001074700859	1.756405467229707	0.7540374531432036	1.108439089010494	0.09772272962586269	0.1930551601440251	0.0126479105160833	0.01220661352123389	0.01617941685120849	0.03135614582107587	0.2945488984795509	0.332967887449382	0.2719330193356305	0.1011490456731565	0.01381138813132354	0.0114834074934335	0.02069287081864442	0.2285358605195484	0.01095009589468019	0.01053043562937912	0.01058555958685218	0.2760752467639007	0.06049453777298017	0.01366116868302612	0.1243738983227104	0.08144858535166739	0.03946754899807907	0.2285126434852556	0.2580932507267353	0.09887908094694836	0.1837749217139378	0.01333302406773508	0.2311021206732632	0.109876886812752	0.2627272858256188	0.06620619379134654	0.3406568688528733	0.01011904129416077	0.1050350745041083	0.4073131669226463	0.01087486711752799	0.03922704440456846	0.1491871235130272	0.2166402880507777	0.0941810726480266	0.1959534519637344	0.01306205842433997	0.01274226090292276	0.01539312916800309	0.02547219314366019	0.2772563686468354	0.3259947766492314	0.2609406770994297	0.09037858756645485	0.01382999338373863	0.01157495935415298	0.01593361074173199	0.1979001897645112	0.01097662768478025	0.01062616905591252	0.01072347609682669	0.3138699046156289	0.06521743759470996	0.01335956396898483	0.1336286750007445	0.08011555385907568	0.03236259160390871	0.2187413698870738	0.275031822084519	0.1251561433955943	0.173965703906585	0.01161329076535651	0.244627173925559	0.1280254096357141	0.261493531559652	0.07665791931274135	0.3197737546155278	0.01013863937512796	0.1075052332269476	0.3950602394644875	0.01086281303423754	0.06443838186040708	0.1164736626076231	0.2279447097695227	0	0	0	0	0	0	0	0	0	0	0	0	-0.072606172470912	-0.6733759928613605	0.4948070891846835	-0.6067367534775002	-0.4996823815001036	0.9661747491602457	0	0	0.8322980228555019	-16.21648541791427	-21.41442832142658	2.861517885303376	9.884870502177495	0.5617684050863524	-15.98067799328734	37.73101278955183	14.99212620930296	-33.8652771116402	-27.56176522653906	-14.46599478285792	-77.27371880459019	-77.27372009432075	-71.81300473289355	-71.81300450660355	-11.88263435667396	-52.41732862745781	55.37303028706865	8.552859181330128	0	0
15.99945811719607	0.09228647625069633	0.1784921659549317	0.0533107450059788	2.232500081264557	0.9788181826719928	1.019699201184271	0.2080434499258513	-0.2818902912180638	-0.02275045292167164	0.161949797690249	0.3042939769448239	0.1059774709655208	1.363586192507646	1.363586193289294	0.796093966345414	0.796093966608589	0.1075326867845332	0.3959601783268236	-0.5803147205683696	-0.3020084854957462	-0.1489342023718201	-0.8185622272486632	-0.406224684948791	-0.1839417323869787	0.1291338199881603	0.1318345917820352	4.07289282030793	1.584621368462186	1.982395207250299	-3.654457813031543	-1.29336951373507	0.2736936870839629	-0.6346608455406528	-0.6346608685074538	-1.982360816828727	-1.982360830971463	1.571283393508476	1.275644564354302	1.189803660385941	1.15676545036152	0.09837352338984706	0.1960629764832489	0.01269918541828623	0.01236224582786995	0.01558987647915983	0.02743286982819759	0.2867425485447916	0.3329042319342699	0.2705893019557541	0.09879992327793173	0.01362545182559071	0.01144137977763625	0.01768700766006155	0.2134762904033365	0.01088589877451539	0.01052740680880171	0.01060060874415411	0.2928780835930184	0.06422867176722874	0.01319819260151228	0.1315730132212491	0.08364115200833017	0.03668599306460738	0.2250498835220484	0.2672905553538786	0.1113179393346116	0.1825350052468898	0.01225691633086127	0.2407727906334076	0.1241372939972631	0.26486546363598	0.07657191327572888	0.3324592224959726	0.01012064382739349	0.1097900444975485	0.4065439715137121	0.01082335917183011	0.04884646443856023	0.1373353249422388	0.2239123955373825	0.1029753267839327	0.2025338612948935	0.01246736831738979	0.01224679273552942	0.01500276174387349	0.02377454184639963	0.275472995464443	0.3387287279803745	0.2756349970030804	0.1018323067228222	0.01322507097912138	0.01128014233487047	0.01524479748138939	0.1931689460543242	0.01073205936643228	0.01044314879437314	0.01051915211386553	0.3160785529058497	0.06904753638746691	0.0124845335758299	0.142993981887007	0.09011007098919491	0.03636671765133859	0.2226491395369804	0.2825723759881892	0.1209572705389797	0.1872357076234751	0.01143198458728207	0.2595760542993489	0.1461798864673748	0.2728876522694716	0.09263320340247436	0.3217571855939035	0.01010796955744523	0.1199354561471346	0.4143666419835706	0.01072718763899038	0.04939064742100901	0.132272408486755	0.2366345347932386	0	0	0	0	0	0	0	0	0	0	0	0	-0.06951219173035399	-0.6626903864512695	0.4768802055691569	-0.5463532954274404	-0.5280000097997734	0.9499943247168093	0	0	2.962019430136539	-15.24995574841432	-13.85386635786742	3.944964740874245	9.657407650306229	-0.4325212274824717	-30.14375273333799	30.6676004037733	-2.938033484888655	-30.54643360846806	-21.65645664350142	-5.637286189134102	-81.61178491734984	-81.61178587238729	-59.82217935557362	-59.82217852519996	-14.27965614456105	-57.07784635806365	43.16762543223653	2.833610935920967	0	0
16.00825810839607	0.09109818824093577	0.1707008240445534	0.04929821880684986	2.231045881491371	0.9803236049562033	1.020831929674638	0.2425754106631347	-0.2668445897148755	-0.005634148413586604	0.1286703025622011	0.2921281171121785	0.1082609143691875	1.354801841916605	1.354801842467238	0.7764824683801216	0.7764824685547637	0.1207723922306838	0.4049010530008992	-0.5683535299403116	-0.2917699965259262	-0.121136324446865	-0.9522280033495192	-0.4947651031117224	-0.1453257270393261	0.2123655817138983	0.1244930679236787	3.761018363535254	1.825308376298567	1.884291166763681	-3.901048064267628	-1.466276367154237	0.254582204635129	-1.365564659165502	-1.365564687690303	-2.458070712719689	-2.458070718436732	1.433768921132293	0.7473033228192698	1.507669570825128	1.165238288760595	0.1033522394210267	0.2007511849025141	0.01235620060017684	0.01212013693661731	0.01512116384273603	0.0248122552713288	0.2815210291105135	0.3382189453579854	0.2763149889652814	0.1037762699979189	0.01318430744002127	0.01124479397132067	0.0160686436469548	0.203036282544287	0.01071127456231848	0.01041414963004702	0.01048133282479462	0.3031490907622861	0.06799591476075331	0.01248320984096228	0.1398091641525042	0.09005484635235204	0.0378608819476044	0.2249723366144442	0.275683825315494	0.1148540190473243	0.188252393716978	0.0117252784324174	0.2527387426597361	0.1401255466279185	0.2710995174865903	0.08983610127547074	0.3285102190052331	0.01010247465309264	0.1185208533406617	0.4138220088110458	0.01072038257583515	0.04410113952860822	0.1393253700422498	0.2317850105689629	0.1117695809198387	0.2091142706260526	0.01187267821043961	0.01175132456813609	0.01461239431974389	0.02207689054913909	0.2736896222820507	0.3514626793115175	0.2903293169067311	0.1132860258791896	0.01262014857450413	0.01098532531558795	0.01455598422104679	0.1884377023441371	0.01048749104808431	0.01026012853283376	0.01031482813090437	0.3182872011960706	0.07287763518022383	0.01160950318267497	0.1523592887732696	0.1001045881193142	0.04037084369876845	0.2265569091868871	0.2901129298918593	0.1167583976823651	0.2005057113403651	0.01125067840920762	0.2745249346731387	0.1643343632990356	0.2842817729792911	0.1086084874922074	0.3237406165722791	0.0100772997397625	0.1323656790673216	0.4336730445026539	0.01059156224374321	0.03434291298161093	0.1480711543658869	0.2453243598169544	0	0	0	0	0	0	0	0	0	0	0	0	-0.06641821098979597	-0.6520047800411786	0.4589533219536303	-0.4859698373773805	-0.5563176380994432	0.933813900273373	0	0	2.95506554576873	-15.26210851186556	-6.413410321113041	4.784524030619312	9.218673557328989	-1.188723160913366	-39.85401429084344	24.16037299711033	-18.85425541336894	-25.06748471145954	-18.02208060479128	0.6740303574228584	-84.1870592702264	-84.18705954075092	-48.41735753138673	-48.41735652313016	-16.97919711759631	-63.2592667412997	28.89967754933061	-0.5298553882271533	0	0
16.01705809959606	0.09012327293133909	0.1617239808878187	0.04477879147222578	2.229960221195888	0.982541263345364	1.021874632811641	0.2740575930405196	-0.2499221815928745	0.01004659255934882	0.09346700111237079	0.2785529701015848	0.1105659503067154	1.33951038038867	1.339510380687556	0.7531163620837298	0.7531163622449927	0.1326991530070331	0.4089343645248725	-0.5541534542706935	-0.2815584326758271	-0.1039139081508813	-1.088810735394569	-0.5237473405022059	-0.1006291421998362	0.2906321416586017	0.11183311998408	3.38798223733479	2.012441682603114	1.661658847334494	-4.087777365815128	-1.616746259546476	0.2716849615695285	-2.110768727176699	-2.110768754810582	-2.836847662661419	-2.83684766038358	1.273327570146468	0.1583258385625579	1.69886027869807	1.15385853128664	0.107854686089691	0.2050834568001135	0.01209233394828133	0.01184565822372584	0.01512616421069518	0.02689153435562513	0.2784631815888512	0.3467126859961733	0.2850726278961937	0.1100185874412976	0.01295639756043495	0.0111147741952003	0.01471766148592808	0.1940045915254996	0.01060262818104778	0.01034585535322941	0.01041653055705676	0.3031078974433096	0.06915275520059415	0.01205869908255332	0.1435292791698738	0.09512278102658547	0.04068444172878127	0.2269809676500896	0.2821597820942437	0.1165422631173393	0.1957037819619295	0.01156787868133108	0.2658241618387989	0.1581217774044238	0.2798354753959132	0.1113560991876501	0.3256912411867622	0.01008843946280206	0.1282619976002356	0.4239410570598284	0.01066252232582168	0.03902504066155687	0.1489647673706758	0.2391047185058972	0.1123122998254003	0.2109679247562324	0.01194169261042108	0.01158001207551561	0.01555228037191084	0.03358494929247522	0.2750785346406336	0.3651983390140679	0.3020220689761481	0.118054682054669	0.01294426153081297	0.01105833893229007	0.01313794182658987	0.1794451459728387	0.01056147422621024	0.01033094280661642	0.01041895084459685	0.2897945036115578	0.06783341560061645	0.011893977430474	0.1430593765826284	0.09934602938226691	0.04487477912093617	0.2318602480089937	0.291131965821135	0.1193468305463937	0.2073130972693236	0.01163000066783697	0.2893948860332886	0.1874467694433244	0.297271195946357	0.1502852925557018	0.3200118314024419	0.01008011208942783	0.1423787812145219	0.4446021412024033	0.01064841446656396	0.03572854707284219	0.1680494909048563	0.2504768032419222	0	0	0	0	0	0	0	0	0	0	0	0	-0.06206133908528384	-0.6189890115789645	0.4111222024269441	-0.4088457631837004	-0.5730823818039149	0.895335712663012	0	0	0.5943531965835932	-15.82957741358647	-0.5495947327184246	5.320370627152687	8.526140375736635	-1.632850833715296	-43.98511268104273	18.53430621881705	-31.0151920613246	-16.93985303746547	-16.48337958035038	2.282831588100123	-84.8714304203549	-84.87142997850741	-37.80398769585035	-37.80398695791199	-19.37658419722285	-70.76747925277202	14.78572988786035	-1.700113524129524	0	0
16.02585809079606	0.08918295016350643	0.1515209523573423	0.04019865795658076	2.229284473908871	0.9854176148680639	1.022793081900521	0.3021673881811523	-0.2315576429166205	0.02335579356815353	0.05696615314899552	0.2636916812376658	0.1130082694888001	1.317657269106266	1.317657269185134	0.7268176367311887	0.7268176369338382	0.1431317857801344	0.4074841283653226	-0.5387912071287594	-0.2714648643918515	-0.1158451632069971	-1.230990574730107	-0.5126527988785625	-0.05263806413005574	0.3617146727859122	0.0967491314436503	3.00218738889546	2.15461406532205	1.352131447667837	-4.192741065131846	-1.76076950696469	0.2768790327700852	-2.854414758398547	-2.854414780263762	-3.125726360376598	-3.125726354181341	1.095637884573473	-0.4996964738396918	1.775687539050885	1.141521576393252	0.1102489642392749	0.2082340643006244	0.01203159850786364	0.01163414786135975	0.01569819467897592	0.0345307546370567	0.2773515346376074	0.3573354423048424	0.2950443325804134	0.115439373511975	0.01306502029646003	0.01110892020689925	0.01332279994777542	0.1849049477693537	0.01060576799632238	0.01036275124761473	0.010455160545175	0.290744833191962	0.06684981996990783	0.01206699692096681	0.1406644732928717	0.09703752872594451	0.04446881446589363	0.2304980266004429	0.2862164474247758	0.1186951160482183	0.2027929191908285	0.01173846112326463	0.2795501005414164	0.1782443000948329	0.2903655679409552	0.1426100095775215	0.322480770996095	0.01008472600837361	0.1380220012970132	0.4343262200637538	0.01067487065134148	0.0376807228591278	0.1636126849655133	0.2453923600407457	0.1128550187309618	0.2128215788864122	0.01201070701040254	0.01140869958289514	0.01649216642407779	0.04509300803581136	0.2764674469992166	0.3789339987166182	0.3137148210455651	0.1228233382301485	0.01326837448712181	0.01113135254899219	0.01171989943213295	0.1704525896015402	0.01063545740433617	0.01040175708039908	0.01052307355828932	0.2613018060270451	0.06278919602100906	0.01217845167827304	0.1337594643919872	0.09858747064521968	0.04937871454310391	0.2371635868311004	0.2921510017504108	0.1219352634104224	0.2141204831982821	0.01200932292646633	0.3042648373934386	0.2105591755876131	0.3102606189134228	0.1919620976191962	0.3162830462326046	0.01008292443909317	0.1523918833617222	0.4555312379021526	0.01070526668938472	0.03711418116407344	0.1880278274438257	0.25562924666689	0	0	0	0	0	0	0	0	0	0	0	0	-0.05770446718077171	-0.5859732431167505	0.3632910829002579	-0.3317216889900202	-0.5898471255083866	0.8568575250526511	0	0	-3.509410344875656	-16.45615026585874	2.535979040747642	5.53331360871114	7.593168761631729	-1.740003218351915	-42.94152679038074	13.96244001485635	-38.53890789264178	-6.641332606306232	-16.43320146908597	-2.154801009830502	-83.90035182118073	-83.90035103757963	-27.97366267098675	-27.97366256566779	-20.79240754157119	-78.77269962538408	3.318043520142395	-0.7577649769660758	0	0
16.03465808199606	0.0879670653419337	0.1400458140831655	0.03579314665940986	2.229035242928776	0.9888808504297444	1.02357876774624	0.3269747236886453	-0.2121046321729291	0.03370977867374007	0.01995701046416332	0.2475534633711221	0.1152447675258771	1.2893142743179	1.289314274234021	0.6983482756512654	0.6983482759024613	0.1519639829081318	0.3999382007017568	-0.5231403540814785	-0.2614173515738892	-0.1674028639524049	-1.377421595558248	-0.4889585900240873	-0.004142760783567594	0.4237595098713383	0.08210730254312892	2.642606208335968	2.261453641276373	0.9966123994293231	-4.201945151147608	-1.907941452225304	0.2161432169181898	-3.584078340089182	-3.584078355465077	-3.331163700119558	-3.331163696433843	0.9117816866275307	-1.226046892367747	1.771607700884863	1.146240098889796	0.1082284334890104	0.2086563313124507	0.01190884940434575	0.01143099143673407	0.01549567026993646	0.03912760848902049	0.2730866814261914	0.3673365533934105	0.3043952343705854	0.1196030288667821	0.01340020156528348	0.01119777630592875	0.01250157587912172	0.1749606522379722	0.01074618432332085	0.010439537723828	0.01050521650790528	0.2663748703008722	0.05720299170500662	0.01242038555736361	0.1315381718717494	0.09393847068119648	0.04566415975846802	0.2329229059190686	0.2876375299571921	0.121443152122705	0.208141040791735	0.01318787743873464	0.2929614760833728	0.195359165632729	0.2993445696000324	0.1786135002159516	0.3169387169670805	0.01008476091280474	0.1457434013580801	0.4415391679563379	0.01076168251425834	0.03514907480601036	0.1839814650210805	0.2405480346232824	0.1008281691820328	0.2060069973860438	0.01167260686217579	0.01119588372899193	0.01442555817561534	0.04052684050005761	0.2597741182789136	0.3844571526221777	0.3198862793127982	0.1242894324730302	0.01392831477190418	0.01136249051327756	0.01210751580716151	0.1583218291319871	0.01101093683928141	0.01056564868059379	0.01055283058341259	0.2110017464373727	0.03805883261755032	0.01305940729368095	0.1126679760892113	0.08486517514670305	0.04429017936470044	0.234783673957566	0.2872516878117465	0.1259462227854929	0.2145953107155916	0.01596413911614038	0.3163381605453914	0.2180125589423605	0.3123604402458192	0.238243620399862	0.3031447752392531	0.01008630028035367	0.1546947826709692	0.4504179884837666	0.0109155315806433	0.03005130823916147	0.2219233145513819	0.2162924240275452	0	0	0	0	0	0	0	0	0	0	0	0	-0.0476724244677089	-0.528232553393417	0.2956042700384803	-0.2575618615021119	-0.5891512516004037	0.8029775087993715	0	0	-8.200335715494088	-16.74055571732885	2.299256637091683	5.440429059935362	6.486414912458994	-1.542955434516152	-38.3726013975249	10.49951999799253	-41.58424157579534	4.576488400419093	-17.05241369938186	-12.53607752439944	-81.7953115453617	-81.79531093040733	-18.81719361613684	-18.81719429038447	-20.7224212026788	-86.08700916428849	-3.285180105997942	2.119218199246993	0	0
16.04345807319605	0.08612009981948385	0.1272783020243838	0.03154661480375234	2.229205628029764	0.9928458654244965	1.024246364867067	0.3488190821187087	-0.1918322414105108	0.0408652454032666	-0.01670147636795984	0.2300961803219404	0.1164837186006622	1.254640426823774	1.254640426622691	0.6684183177684646	0.668418318017265	0.1592018129414829	0.3857380665411597	-0.5077029998517962	-0.2511968195605045	-0.2584011479914426	-1.523802377629079	-0.4808131026826707	0.04234601025066313	0.4756347702165388	0.07022684832176926	2.330755691107431	2.342255558879254	0.630116360907885	-4.11387432847231	-2.060225178468267	0.04415157424900336	-4.292472011533287	-4.292472023511996	-3.458450681248777	-3.458450686343422	0.7356136576739014	-2.00922072330971	1.736404622219035	1.182847408217937	0.1009006152838811	0.2056831067097328	0.01165460365628702	0.01122189918657969	0.0141606462099664	0.03834660895993496	0.2632953118459775	0.3754358861657525	0.3123156988769503	0.1223475480100794	0.01393288892712089	0.01137362984217001	0.01241710160809164	0.1638352694053591	0.01103040263032355	0.01056964534788734	0.01054284796557282	0.2297251378851498	0.03870047590865141	0.01309532895175457	0.1161156064830418	0.08507701492332091	0.0432231502179674	0.2331452979734119	0.2863000516040107	0.1248329946813242	0.2111811419304673	0.01615636696723219	0.305652621187426	0.2076155437811814	0.3052971505181228	0.2180872390383169	0.3081241326652853	0.01008684272565649	0.1506824331225884	0.4438680008753649	0.01092403322435449	0.02993396304051086	0.2103081131774573	0.2198304665199257	0.08880131963310374	0.1991924158856754	0.01133450671394904	0.01098306787508872	0.01235894992715288	0.03596067296430387	0.2430807895586106	0.3899803065277372	0.3260577375800313	0.125755526715912	0.01458825505668655	0.01159362847756293	0.01249513218219007	0.1461910686624339	0.01138641627422664	0.01072954028078849	0.01058258760853587	0.1607016868477003	0.01332846921409158	0.01394036290908886	0.09157648778643543	0.07114287964818641	0.03920164418629698	0.2324037610840316	0.2823523738730823	0.1299571821605635	0.2150701382329011	0.01991895530581444	0.3284114836973443	0.2254659422971079	0.3144602615782157	0.2845251431805278	0.2900065042459015	0.01008967612161417	0.1569976819802161	0.4453047390653806	0.01112579647190188	0.02298843531424951	0.2558188016589381	0.1769556013882005	0	0	0	0	0	0	0	0	0	0	0	0	-0.0376403817546461	-0.4704918636700835	0.2279174571767028	-0.1834020340142034	-0.5884553776924206	0.7490974925460917	0	0	-12.30568419809081	-16.40541682025109	-0.84901996422724	5.086464106105383	5.297031429104718	-1.130907172817765	-32.45211170199542	7.999384250276969	-41.28213745422021	15.23735607010461	-17.44604426228442	-26.99273396585134	-79.1589428691012	-79.15894273718007	-10.18553823475714	-10.18553949257381	-19.07107617800923	-91.4984868384747	-3.60843102219402	6.354582369377948	0	0
16.05225806439605	0.08332847670079999	0.1132458424647692	0.02722355586221547	2.229768611860649	0.9972210431250272	1.024826999722154	0.3681471741425469	-0.170936669130679	0.04483505586200072	-0.05219046948336146	0.2112948606668177	0.1156267483780796	1.213837186454286	1.213837186146539	0.63769738136145	0.6376973815137711	0.1649704902469938	0.3644710469292536	-0.4925024045408978	-0.2404817225109845	-0.3802539978480998	-1.663662200676018	-0.5087783728139511	0.08478988163266017	0.5169671220834868	0.06248325954980276	2.070057586442977	2.403920897082692	0.2751627477463808	-3.938486467529012	-2.211826876748255	-0.2614528541412653	-4.976952470393744	-4.976952483300532	-3.511431002731022	-3.511431019691416	0.5796135274708452	-2.827916831947821	1.727435922279277	1.259194134203226	0.0910719111454109	0.1973262743073922	0.01154660718469373	0.01113669487318039	0.01333126188955959	0.03576811496453317	0.2469399804191498	0.3771790015758351	0.3138245185088052	0.1223472605324852	0.01407297091443024	0.01141783540442823	0.01241600522785304	0.1509043632857912	0.01116116512514697	0.01065433422009986	0.01061206629198841	0.1812605874904445	0.02632554224912903	0.01358393619101715	0.09953622284616773	0.07605753217268957	0.04111577337852598	0.2279709223730268	0.2813227800011158	0.1199906303027396	0.215991410775405	0.01806677018386757	0.3136745554241611	0.2147543231665882	0.3060561184985326	0.2518269254546311	0.2931128687468212	0.01009079795428896	0.1533101068012823	0.4402343254242267	0.01094578063371721	0.02556669537992295	0.2310375581904353	0.1942656569787994	0.07651201308209611	0.1777702678635101	0.01158466984277797	0.01115576471868074	0.01307911212156839	0.03204569916384287	0.2116097323082986	0.3708032987544403	0.3070557337731539	0.1194740886579075	0.01382873495335091	0.01132960509229041	0.01234992103108738	0.1295527858508516	0.01114025440608991	0.0106982524256038	0.01072206040162589	0.09361462280599157	0.02001893894597722	0.01390677135406974	0.07746821964010715	0.06570452193303668	0.03972390049865702	0.2124300846586545	0.2681508625272021	0.1028639023921859	0.227354532054086	0.01898470014782665	0.3213551875352997	0.221169523039657	0.3006877463489834	0.3003167298923612	0.257846932777675	0.01009661599733718	0.155269511147348	0.4250709765247958	0.01082610833261377	0.02185183261789888	0.2557109877445556	0.1534134835021235	0	0	0	0	0	0	0	0	0	0	0	0	-0.02026344642671753	-0.399296611543734	0.1627723011659743	-0.1259336868137126	-0.5712817797657925	0.6902950152291132	0	0	-15.16875206495942	-15.21888721352508	-5.644498471873943	4.53178719295637	4.099012612730677	-0.6232025563029391	-26.96837060578003	6.065377479858446	-39.22755940427574	24.32331592364169	-16.76669624886779	-42.29318146908562	-76.39879426761688	-76.39879456723465	-1.892716926106299	-1.892718271329665	-16.24710657072409	-94.02365808783151	2.618232565728249	10.96422127755536	0	0
16.06105805559605	0.07936963103882312	0.09804190058094567	0.02246381084808431	2.230681657962806	1.001913779519108	1.025359251448286	0.3853786899779997	-0.1495713158729922	0.04576938299134937	-0.08580706951406933	0.1912064233010012	0.1115133435594546	1.167118208374454	1.167118207939638	0.606829277228046	0.6068292771828482	0.1694832816259064	0.3359456735859745	-0.4770626821215742	-0.2289225708582131	-0.5220029071252973	-1.788447231202861	-0.5799714148149221	0.1217060761885207	0.5478360230089971	0.05920495743136805	1.852443025588375	2.449050392845801	-0.05920536635426223	-3.690853682192176	-2.350206430440103	-0.6917141628127258	-5.636810151337619	-5.636810167334596	-3.492037034924503	-3.492037062286187	0.4506957862453158	-3.65368037983218	1.798962241569188	1.37354393081423	0.07976494528286932	0.1826437500140626	0.01165741582010896	0.01120918284733415	0.01344423185034721	0.03238960206941049	0.2234168927763709	0.3703443028292547	0.306543188924334	0.1190925288354854	0.01366531075022812	0.01127354592874483	0.01232646576663782	0.1358995514215593	0.01106135680945789	0.01066802646928635	0.01072427582916378	0.1205956075212585	0.02507177365983834	0.01375401820409317	0.08390834079974467	0.06890385415454511	0.04052982097622096	0.215920940638451	0.2722648992981845	0.1034208583208569	0.2242370976300357	0.01825198756185758	0.3152111727893538	0.2165265216092039	0.3005559517704551	0.2765810684269059	0.2703903974525021	0.01009658170873002	0.1537635748093237	0.4300253470759918	0.01077081150103591	0.02309825021640348	0.2418682876218555	0.1689763725253858	0.06422270653108847	0.1563481198413449	0.0118348329716069	0.01132846156227277	0.0137992743159839	0.02813072536338188	0.1801386750579866	0.3516262909811433	0.2880537299662765	0.113192650599903	0.01306921485001526	0.01106558170701788	0.0122047098799847	0.1129145030392694	0.01089409253795317	0.0106669645704191	0.0108615331947159	0.02652755876428287	0.02670940867786287	0.01387317979905062	0.06335995149377888	0.06026616421788692	0.04024615681101706	0.1924564082332773	0.253949351181322	0.07577062262380839	0.2396389258752709	0.01805044498983887	0.3142988913732552	0.2168731037822061	0.2869152311197512	0.3161083166041945	0.2256873613094484	0.01010355587306018	0.1535413403144799	0.404837213984211	0.01052642019332566	0.02071522992154826	0.2556031738301732	0.1298713656160466	0	0	0	0	0	0	0	0	0	0	0	0	-0.002886511098788951	-0.3281013594173846	0.09762714515524572	-0.06846533961322185	-0.5541081818391644	0.6314925379121347	0	0	-16.89443643266522	-12.94196898979893	-10.38211456088925	3.841025293467347	2.920154989902832	-0.1322985089773188	-22.71151519389434	4.152131572324996	-36.77593947173645	31.69661110719611	-14.35874690488098	-54.71605572808352	-73.53043578135708	-73.53043609662383	6.304110041072079	6.304109076763089	-13.07779998090514	-93.03199755731423	14.42361249705684	14.80248670127373	0	0
16.06985804679604	0.07410708316992871	0.08184376560777672	0.01691071419037871	2.23189170088075	1.006832797265315	1.02588067320711	0.4008428361191441	-0.1278868721188725	0.04385442760780819	-0.1169781454807869	0.170018914219285	0.1032023939278398	1.114708002365551	1.114708001782434	0.5764498991737247	0.5764498988572456	0.1729790463053571	0.3002402719375067	-0.4604832787465921	-0.2162289534207818	-0.6754832629495733	-1.887804290929632	-0.6867039084778651	0.1521867075764319	0.5684286944236679	0.0598920843759891	1.666426465066026	2.475910161045365	-0.372659049090503	-3.384762904955671	-2.458722264110479	-1.206499869876174	-6.269730085570261	-6.26973010259466	-3.400247441670597	-3.400247475178777	0.3475047465372937	-4.454225273916139	1.99157773162542	1.51435004742317	0.06781336431656548	0.1651396696111311	0.01156956534950621	0.01117431199311669	0.01309439779339488	0.03410057254867903	0.1997075597951631	0.354553486834729	0.2923481818336945	0.1140480541272208	0.0136888461206355	0.0112957137132122	0.0121522433895002	0.117971764734672	0.0110580240890642	0.01062037878818759	0.01065656040057851	0.06802492448499055	0.02310611678982622	0.01383232140468635	0.06422839161347146	0.05646381807781867	0.03664749987805194	0.2018023105270308	0.2496154293369729	0.09882702049099855	0.2243133515228004	0.02597000957175443	0.3100869592048164	0.2146429054825612	0.2903985385850098	0.2873176037217986	0.2421407893300705	0.01009751148564371	0.1437401457052688	0.409918944528509	0.01078694688064887	0.01962048799255272	0.2387226228918441	0.1380672292994287	0.05207530926632863	0.1370112151727826	0.01124378493728523	0.01100528302645269	0.0120803268250267	0.04132059986621936	0.1643668821193763	0.3139917431764934	0.260233698187066	0.1058219546153059	0.01422383799069884	0.01151090317233118	0.01189268210983717	0.0895797789488629	0.01118750530350641	0.01052321923921592	0.0104053741771042	0.01416236837836376	0.01758301948402829	0.0138984599981558	0.03416315721282099	0.03456888846561239	0.02830821449153756	0.1789868744262742	0.1917942699425877	0.1100485230091753	0.2112674340705475	0.04254761042729696	0.2932698857010859	0.2085712563476508	0.2679210500451791	0.2886220594241325	0.1893388444370803	0.01009374023694579	0.1161734999143482	0.356158892661152	0.01101928232515589	0.01421581904294046	0.216872702002753	0.08495536192971022	0	0	0	0	0	0	0	0	0	0	0	0	0.02176136415329329	-0.2589698084636131	0.05341310765703264	-0.03433928439554006	-0.5235926522527378	0.5744284941846207	0	0	-17.88430491294067	-9.435186985655321	-13.50849788581706	3.080416096890333	1.76485228995026	0.2712033933363123	-19.79008212091911	1.885736189533378	-34.48106438919058	37.64525899837258	-9.988499502089281	-61.06756029101948	-70.19116613681145	-70.19116599125319	14.57071517009847	14.57071473801224	-10.5646339685489	-88.28439892398698	29.70785700484408	16.8194926218799	0	0
16.07865803799604	0.06746400945294138	0.06492213718079859	0.01032772843525367	2.233340279506686	1.011888762065496	1.026422450684721	0.4147652170875528	-0.1060581077976136	0.03927102655218546	-0.1452432945475026	0.1480683668401606	0.09021357120806194	1.056869209049913	1.056869208331354	0.5471989252786589	0.5471989246572366	0.1756468159399062	0.2577217267358969	-0.4415995331186803	-0.2022498278297118	-0.8347253710349362	-1.9512655797847	-0.8103986128058085	0.1759160029333314	0.5790243037205564	0.06368666348715731	1.499936969006364	2.48148502010889	-0.665231910115896	-3.032556943142926	-2.521271232358008	-1.743328059540962	-6.868979665564087	-6.868979678278112	-3.235579584055475	-3.235579619097667	0.2602944835394003	-5.196774120329491	2.323519021316315	1.661863950760905	0.05553467305559047	0.1463659145877623	0.01117406990855284	0.01096309087799622	0.01190923118288736	0.04250483657073352	0.1792127482620663	0.3294358132924043	0.2720119607980057	0.1077474440405765	0.01440060716514246	0.01157657569754075	0.01189393888089642	0.09675000980768221	0.01123613524747067	0.01051388563845791	0.01035099523180764	0.03452186642489281	0.01681899551304421	0.01387818629810117	0.03845831951891013	0.03609554384251783	0.02798077730632227	0.187784821198575	0.2082373157313525	0.1146819056864175	0.2111691005192204	0.04342366588994996	0.2980932706404115	0.2097584001308146	0.2762866658915919	0.2812447281081602	0.209385678709611	0.01009185787962286	0.1195622969989542	0.3779953172507474	0.01109477000383364	0.01429090556371301	0.2191982301582561	0.09856921392778553	0.03992791200156878	0.1176743105042204	0.01065273690296356	0.01068210449063261	0.01036137933406949	0.05451047436905684	0.1485950891807659	0.2763571953718435	0.2324136664078556	0.0984512586307089	0.01537846113138243	0.01195622463764448	0.01158065433968965	0.06624505485845646	0.01148091806905964	0.01037947390801273	0.009949215159492489	0.001797177992444645	0.008456630290193706	0.01392374019726098	0.004966362931863096	0.008871612713337871	0.01637027217205805	0.1655173406192711	0.1296391887038535	0.1443264233945422	0.1828959422658241	0.06704477586475505	0.2722408800289166	0.2002694089130954	0.2489268689706069	0.2611358022440707	0.1529903275647123	0.0100839246008314	0.07880565951421649	0.3074805713380931	0.01151214445698611	0.007716408164332661	0.1781422301753328	0.04003935824337382	0	0	0	0	0	0	0	0	0	0	0	0	0.04640923940537552	-0.1898382575098416	0.009199070158819572	-0.0002132291778582689	-0.4930771226663111	0.5173644504571068	0	0	-18.16031586490231	-4.834986302520424	-14.16924819711938	2.317831295907807	0.6534413187874292	0.5768975189558856	-18.30642188086154	-0.6216544535442305	-31.87359936545483	42.12517491894573	-4.022873486938516	-59.5828988372578	-65.75680734989162	-65.75680649589701	22.83526149757902	22.83526158328009	-9.557654878933558	-79.89302054368163	45.56134914575826	16.22415909843872	0	0
16.08745802919603	0.05942217779018853	0.04763029723107054	0.002663548820553089	2.234968747504575	1.016995850851411	1.02700848459515	0.4272591775343771	-0.08427553715406273	0.03222911798977517	-0.1702588954420717	0.1258110049251962	0.07266131217304973	0.9939505048544484	0.9939505040666264	0.5197146477444767	0.519714646825325	0.1775619616310835	0.2090376583078651	-0.4192046183750217	-0.1870337699619678	-0.9916552434545016	-1.97099246951965	-0.9288054111310488	0.1931600299216874	0.5801658926691562	0.0698552373218588	1.339345616980994	2.465851008030443	-0.9291894799428205	-2.649098898139829	-2.52738708368245	-2.232207286605658	-7.421456550383644	-7.421456552359433	-2.999103700848478	-2.999103732596141	0.1736492730052018	-5.850627042081011	2.785699741776847	1.791079848429913	0.04796074406668047	0.1260741730073686	0.0113803921941437	0.01085697395109201	0.01365971135138646	0.06263490408018187	0.1721569992059747	0.2983655893585498	0.2451388543589836	0.0967967328918167	0.01417481575081518	0.01155416745907903	0.01193253840763003	0.07326609197560596	0.01250958833407092	0.01271667470580933	0.01235123428971617	0.01673126751313671	0.01207680397450861	0.01310097277202313	0.0196312201157107	0.02013999529504995	0.01972063863617698	0.1747790516043158	0.1551158934234032	0.1238998157519242	0.1977773286884937	0.06077871331297606	0.2798423312381905	0.205623958265837	0.2595797622344237	0.2621503962810687	0.1752033066289527	0.01010946153608431	0.08792314728938437	0.3400715873049345	0.01106076758900158	0.01308635060176931	0.1790481191905396	0.06753978301648339	0.04350885035559875	0.09531083737355237	0.01223029707212777	0.01086743398057758	0.01854508755242952	0.09894380834398435	0.1775750070167177	0.2373447937916439	0.1921789729386087	0.07676111791718958	0.01290775517676047	0.01119845214590562	0.01226800702715855	0.04104589924334184	0.01493942366392735	0.01737420687864055	0.01680499483258881	0.005188474641616527	0.009023070825792177	0.01145334685245009	0.006192050622004117	0.007932870507464581	0.01161318274904032	0.1557829382179692	0.06679459623316944	0.1229364147925231	0.1814642557107852	0.08084466750140477	0.2410018959172401	0.2012082821765004	0.2284626837219017	0.2167044043403754	0.1218031405773218	0.01015209468903143	0.04140506931109722	0.2650778482711953	0.01065051209126794	0.01592826250099507	0.09375738654998537	0.03990984216453367	0	0	0	0	0	0	0	0	0	0	0	0	0.07442976636123792	-0.1335903574503483	-0.009567568584898005	0.01262547756916812	-0.4516765154869482	0.4638643078826251	0	0	-17.25602785760545	0.411429112987074	-12.36840122904879	1.615857733871428	-0.3776098768561053	0.8177059954773129	-18.48284773143521	-2.830355050862249	-27.75145146301109	44.64720683554305	2.667292221578154	-50.32529602857834	-59.41081144544663	-59.41080987939726	30.84156661925334	30.8415673016972	-10.45153233278816	-68.19282315013487	58.77982222852697	12.64556784850816	0	0
16.09625802039603	0.05005562013906852	0.03037079984157307	-0.005946167568944147	2.236723038604931	1.022074407228092	1.027657648177775	0.4383106893669642	-0.06270692186612269	0.0230558256658406	-0.1918332844026711	0.103758342218167	0.0512522613453098	0.9264495771088999	0.9264495763712078	0.4946152661156294	0.4946152649518053	0.1786568662033563	0.155091348697329	-0.3922939615467605	-0.1708561944784839	-1.133182188643488	-1.943799701463568	-1.022510580885633	0.2046679703172911	0.5726995389076481	0.07798847094140104	1.169598681121751	2.434019268226754	-1.145661081598046	-2.254139708526309	-2.475157233657135	-2.610728873952222	-7.906179679683354	-7.906179665693139	-2.694339770161273	-2.694339793110913	0.07143679386831364	-6.388513338167004	3.341648614648142	1.876390607269694	0.04671916156266218	0.1041600850027579	0.01242409978014678	0.01092916856149036	0.01929880147302502	0.09545773931816862	0.1824773745722257	0.2630203659264807	0.2114153368505832	0.07984228323903815	0.01258083236627194	0.01108207212699331	0.01236725904271232	0.04796673703364025	0.01511054513687068	0.01781801480732532	0.01729277609322754	0.01131416532344429	0.01054261305323905	0.0112890084824593	0.01238999384000587	0.01286848456292815	0.01346843711127835	0.1631849860511881	0.09330806357376704	0.1171387482945966	0.189894058699567	0.07570335623513194	0.2555370937086329	0.2038590482713915	0.2409296619007994	0.2312436175648291	0.1411731861215079	0.01015804294340357	0.05155402929890128	0.2992095877201554	0.01052020194488659	0.01759302357404144	0.1144248566022014	0.05259330099523431	0.04708978870962872	0.07294736424288435	0.01380785724129198	0.01105276347052255	0.02672879577078955	0.1433771423189119	0.2065549248526695	0.1983323922114444	0.1519442794693617	0.05507097720367026	0.01043704922213852	0.01044067965416676	0.01295535971462746	0.01584674362822723	0.01839792925879506	0.02436893984926837	0.02366077450568513	0.008579771290788411	0.009589511361390649	0.008982953507639205	0.00741773831214514	0.006994128301591292	0.006856093326022585	0.1460485358166672	0.003950003762485411	0.101546406190504	0.1800325691557463	0.0946445591380545	0.2097629118055636	0.2021471554399053	0.2079984984731965	0.1722730064366803	0.09061595358993127	0.01022026477723146	0.004004479107977956	0.2226751252042974	0.009788879725549768	0.02414011683765747	0.009372542924637959	0.03978032608569351	0	0	0	0	0	0	0	0	0	0	0	0	0.1024502933171003	-0.07734245739085498	-0.02833420732861558	0.02546418431619451	-0.4102759083075853	0.4103641653081435	0	0	-14.57199853275775	5.738918404482622	-8.671592604177304	1.019618208439245	-1.300150140710471	1.026538618065927	-20.36154363580483	-4.258126541153932	-20.93307169990707	44.66865102097953	9.083890747295218	-34.84551949942588	-50.18983909280855	-50.1898371093116	38.31646337828889	38.31646467446202	-12.99696945316057	-53.61177677670906	66.43749781744819	6.352411318852971	0	0
16.10505801159603	0.03957440141214358	0.01355320037538703	-0.01521976864902419	2.238557098589367	1.027052995297315	1.028386092203694	0.4477769025939764	-0.04146306993880033	0.01228152752294098	-0.2099660387402198	0.08240237571602782	0.02717003481496571	0.8550869466051088	0.8550869460671069	0.4724786300708531	0.4724786287609349	0.1787403309103501	0.0970089539521036	-0.3602881265308137	-0.1541982457281222	-1.241879245494355	-1.871128165620472	-1.077948040603139	0.2114720461126814	0.5576066275912238	0.08782259876362797	0.9771436581639577	2.393147263593673	-1.288563910102067	-1.870854577755193	-2.370565133011898	-2.834016142159279	-8.293448599896365	-8.293448568786042	-2.326758495464972	-2.326758505201368	-0.05732438395792115	-6.787103719617098	3.932464340961318	1.897641875919649	0.04693821676461547	0.0907230977964181	0.01314587407907085	0.01115276696123376	0.02269614580248879	0.1173943961805132	0.1882496133155333	0.2267251406968394	0.1879332785949767	0.06825879929244846	0.01290743641034565	0.01140122310549807	0.0123554491136723	0.02808944437795064	0.02084495126148538	0.03369988775255809	0.02444404148810286	0.01010841633323756	0.01034275759765709	0.01086101454621512	0.01036988449735101	0.01051456595755791	0.01096787726073677	0.1516531329031295	0.0468708201799739	0.1066492722200253	0.184784096730024	0.0854342232344746	0.2311457087900765	0.1825033772769704	0.2180176933066945	0.1981420862707965	0.1150388515478539	0.01019722723980645	0.02661801032460667	0.2628191894796781	0.01065628227483027	0.01886505719808154	0.05804137899474809	0.03969762466286422	0.04712715935703409	0.08277339837112956	0.01350941012126356	0.01151240312466363	0.02378421059124692	0.1329459160912589	0.1845307143614993	0.1665449010211262	0.1678907957215922	0.06092437898277082	0.01532892807746757	0.01258149730131111	0.01185146665814581	0.01045379518032985	0.03020482700401229	0.06249826110495676	0.03437406690270979	0.009852149895888984	0.01070782969199098	0.01185574186059733	0.01024770785838923	0.01043196494294928	0.0111737064044135	0.1337895804489619	0.009331173115577757	0.09255497933151288	0.1781445719972881	0.09325217238808114	0.1928598655764257	0.1203729739742074	0.1747137085096906	0.1471044644561576	0.08754692421958823	0.01022705898493345	0.01001998047622656	0.2076241776739936	0.01153191606804941	0.01616621711075186	0.005513399222171661	0.02126156232275166	0	0	0	0	0	0	0	0	0	0	0	0	0.1272582900082561	-0.04102582475382398	-0.03200351436920386	0.02436178531062878	-0.3617686048317483	0.360294113133641	0	0	-9.777424026947367	10.68166085211839	-3.787039158285318	0.5475009389426562	-2.113604058968711	1.199908757215117	-23.53134204941669	-4.940569967948184	-11.07487239568865	42.00984215227395	14.47118750186098	-15.46061794989087	-37.10763513260196	-37.10763334384966	45.1084999195327	45.10850156843974	-16.28411300168694	-36.61546263000393	66.46124428464351	-1.718876629259253	0	0
16.11385800279602	0.02834867666009449	-0.00244196555490701	-0.02478321507286827	2.240434311846502	1.031868410276086	1.029206944320696	0.4554183161358683	-0.02060046710911392	0.0006635917371754587	-0.2248603579665167	0.06215765694234514	0.001899500744178483	0.7808806685314275	0.780880668327176	0.4538310408173271	0.4538310394871947	0.1775670376450026	0.03610334825520606	-0.3231896369703423	-0.1376771488699245	-1.299537587138709	-1.757960467067665	-1.08760069388209	0.2146461083398444	0.5357281712840508	0.09887261430208688	0.7543091061437346	2.347667381792237	-1.334277105519018	-1.521466626491487	-2.224723357634211	-2.878752065819464	-8.545681885209714	-8.545681841743059	-1.90230752036828	-1.90230751510674	-0.2132095058939351	-7.027364135259133	4.486861707712542	1.844426070618537	0.04705618127513674	0.0896036029638981	0.01324530371102186	0.01152068986338468	0.02227212075966653	0.1219294754847229	0.1806233290199873	0.1912496781044003	0.1828164222550061	0.06621853804648009	0.01600883927415282	0.01283229317866735	0.01167671617922275	0.01626868955895928	0.03014063506855368	0.06193947663123089	0.03361831340752299	0.01041795941047939	0.01094963020008185	0.01244922346509081	0.01131030511851645	0.01169319276948669	0.01262119654390425	0.1395961998533776	0.02758978253735112	0.0968083109117007	0.1811968434094475	0.08900437653071824	0.2096591703667981	0.1303521978718467	0.1896694448302933	0.1677109542989996	0.1002128183478832	0.01021656800737981	0.01925171867702136	0.2349198156153551	0.01177487930167794	0.01453019878794777	0.02754950001794195	0.02318966287819593	0.04716453000443946	0.09259943249937476	0.01321096300123514	0.01197204277880471	0.02083962541170429	0.1225146898636058	0.1625065038703292	0.1347574098308079	0.1838373119738227	0.06677778076187138	0.02022080693279663	0.01472231494845545	0.01074757360166416	0.005060846732432471	0.04201172474922952	0.1006275823606451	0.04508735929973445	0.01112452850098956	0.01182614802259131	0.01472853021355545	0.01307767740463332	0.01386980158430727	0.01549131948280442	0.1215306250812567	0.0147123424686701	0.08356355247252178	0.1762565748388299	0.09185978563810779	0.1759568193472878	0.03859879250850955	0.1414289185461848	0.1219359224756349	0.0844778948492452	0.01023385319263544	0.01603548184447516	0.1925732301436897	0.01327495241054905	0.008192317383846247	0.001654255519705362	0.002742798559809798	0	0	0	0	0	0	0	0	0	0	0	0	0.1520662866994119	-0.004709192116792996	-0.03567282140979215	0.02325938630506305	-0.3132613013559115	0.3102240609591386	0	0	-3.048468411394958	14.89044914717512	1.634012774411703	0.1913432592581782	-2.850103800242906	1.292601460683536	-27.0788423830584	-5.424990987200197	0.8893189868356883	37.08690951144907	18.41585302916793	5.323684505692018	-19.41076641493291	-19.41076548964331	51.26716620488515	51.26716794071901	-18.89972821017149	-17.7189559114093	58.18961407002721	-10.38225216061882	0	0
16.12265799399601	0.0168950380323964	-0.01729065802236906	-0.03422013138532879	2.242326912023826	1.036463262738256	1.030126929283277	0.4609680579925305	-0.0001616487143100442	-0.01088551050916126	-0.2368911067300185	0.04332878855148901	-0.02296474169788717	0.7052025261545494	0.7052025263535597	0.4391509257026432	0.4391509244866134	0.1749446445092378	-0.02616587804665356	-0.2816323827060525	-0.1219574106302302	-1.29183724390798	-1.612073598276818	-1.049185489402722	0.215097920174889	0.5075127108700824	0.1101335788716736	0.5029620198299403	2.296004675601054	-1.272961446700601	-1.221947917848751	-2.051107008128118	-2.743012026260701	-8.620891316997207	-8.620891270566688	-1.425658828244246	-1.425658807492917	-0.3833910759589204	-7.095081608887866	4.935112974152898	1.716097276526866	0.05079497605764674	0.09228740862395733	0.01332227784663512	0.01144269518032926	0.025733269131856	0.1367733518391296	0.1819249326835556	0.1681629949120469	0.1816889968104977	0.06740769094738058	0.01753055535651338	0.01338964596075104	0.01118886940994547	0.01072690336650609	0.03556829210018912	0.08805578167752171	0.057058893304191	0.01056158187293743	0.01102141420224934	0.01265418427136636	0.01159620351248968	0.01203437698316817	0.01302649993045617	0.1365072142022489	0.01847796206059973	0.09054415543992368	0.1781308400596779	0.09419465207132188	0.2046017457039316	0.09500882978235868	0.1765686247498038	0.1443172527825468	0.09030190168945387	0.0102081875452575	0.01567476992361455	0.2212200596634167	0.01226114764229078	0.01122784084441078	0.01368967206890227	0.01245160994928876	0.05919017208305299	0.09646063902192692	0.01351054058865113	0.01091408382394285	0.03429094195946109	0.17603744647456	0.2010193402508558	0.1486335069253649	0.1775267207699206	0.06975260467904326	0.01726462895981211	0.01300063550053337	0.01094011085077237	0.00833571803416415	0.03760333326287141	0.1184837472681366	0.1005970071001155	0.01028101595247472	0.01045455513512655	0.01121674631446206	0.01074356906568459	0.010961841940752	0.01152046598139532	0.1432631801292313	0.009626681656800829	0.08592188725438996	0.1734180976744206	0.1047492686453474	0.2178226376172096	0.0785762793594139	0.1788599601322131	0.1173396034083459	0.0785731996516444	0.01017688171445925	0.01081192056166641	0.2146003855201606	0.0120413087587089	0.009549126965476848	0.005395990283190383	0.006509531167644854	0	0	0	0	0	0	0	0	0	0	0	0	0.1682052362962324	0.04008336021807597	-0.0265257278216494	0.01781559525530857	-0.2617922544929353	0.2631872454593586	0	0	4.930926675444942	18.07159796266702	7.061655765594868	-0.07716790617462704	-3.563381061055297	1.235918642556288	-29.81211049226739	-6.47137135701751	12.81301998816886	30.86854318237395	20.77700981811192	25.20582362404144	3.093304929331468	3.093304669223828	57.01742764484793	57.01742943502608	-19.28936436038726	2.496679793393619	42.64243841352469	-18.65450999298421	0	0
16.13145798519601	0.005825093070727342	-0.03074821362224302	-0.04311266275086859	2.244213847398309	1.040781972742505	1.031141246201387	0.4642212711224932	0.01976826418889421	-0.02146080898264282	-0.2465319555515269	0.02609880442594441	-0.04589497523981385	0.6297910197569855	0.6297910203404842	0.4288853076991617	0.4288853067356688	0.1708506403615123	-0.08823739286996021	-0.2368042584908794	-0.107675576131527	-1.211917999687744	-1.443680607389171	-0.9644324935939785	0.2134294091728012	0.4729250773017524	0.1200005905793813	0.2350995215219205	2.230264137026742	-1.117132059878345	-0.9784377180047086	-1.863626365009909	-2.44325014316308	-8.478974893393625	-8.478974853894101	-0.899229308671017	-0.899229272003399	-0.5426782418996947	-6.981441026694717	5.223151144895263	1.519133534966757	0.05921423181276691	0.09559312315552262	0.01353410380152594	0.01076507348859952	0.03507553206021123	0.1705374984329729	0.2009354470631294	0.1626472360022368	0.1780570627071379	0.06958921482291242	0.01633672254101979	0.0125567677159373	0.01111672011881024	0.01053012452804324	0.03517620549540882	0.108819983857971	0.09727340326524014	0.01010059113054517	0.01020952394807572	0.0105870005556054	0.01027877733748014	0.01038804318333185	0.01075767420918344	0.145925347894393	0.01167199503255437	0.0888854467398749	0.1751645871027143	0.103448081876014	0.221367554465637	0.09835295161898422	0.1875987967981318	0.1298304561539	0.0824274906995298	0.01017004185599245	0.01107173112986551	0.2238440406921048	0.01169653352047457	0.0107579534642816	0.0102619832766541	0.01038839346631777	0.07121581416166652	0.1003218455444791	0.01381011817606712	0.009856124869080985	0.04774225850721787	0.2295602030855142	0.2395321766313825	0.1625096040199218	0.1712161295660185	0.07272742859621517	0.01430845098682759	0.01127895605261129	0.01113264809988058	0.01161058933589583	0.0331949417765133	0.136339912175628	0.1561066549004966	0.009437503403959881	0.009082962247661804	0.007704962415368659	0.008409460726735861	0.008053882297196739	0.007549612479986221	0.164995735177206	0.004541020844931554	0.08828022203625813	0.1705796205100113	0.117638751652587	0.2596884558871314	0.1185537662103183	0.2162910017182413	0.1127432843410569	0.07266850445404359	0.01011991023628307	0.005588359278857671	0.2366275408966315	0.01080766510686874	0.01090593654710745	0.009137725046675406	0.01027626377547991	0	0	0	0	0	0	0	0	0	0	0	0	0.184344185893053	0.08487591255294494	-0.01737863423350666	0.01237180420555408	-0.2103232076299591	0.2161504299595787	0	0	13.19337444596387	19.96673780661033	12.11206788525276	-0.2974106334191654	-4.305936375402773	0.9677608515816497	-30.69279784250072	-8.698527370719283	21.89563583631076	24.55950463999191	21.58116319140456	42.33870049247058	29.74518310785708	29.74518186139751	62.61676893182956	62.61677073322231	-16.29335646838981	23.38499395025252	22.27269523082421	-25.90750545480075	0	0
16.14025797639601	-0.004228010249579601	-0.04266900433767818	-0.05107149145216301	2.246077811706591	1.044766804382795	1.032228965266567	0.4651134492387798	0.03901549016326117	-0.03037530912550174	-0.2542641312603244	0.010530937566116	-0.06557272946788038	0.5566994903155452	0.5566994911903652	0.4234685345739837	0.4234685340007835	0.1655186787975183	-0.1484983412576934	-0.1902620940623884	-0.09539165148633974	-1.061836007801636	-1.264946278226775	-0.837945040901948	0.2098914905438929	0.4315350507075215	0.1264684542853796	-0.03007097220937027	2.138810567186649	-0.9033454567159728	-0.7866277431131241	-1.675416902322169	-2.009741468409883	-8.08991234473128	-8.089912318726286	-0.3237051437848526	-0.3237050921104765	-0.6593988906027034	-6.683678285117909	5.322206722306658	1.263911810896048	0.05894408944632192	0.08890022962510803	0.01406465176859834	0.01100833068710337	0.03724567649108469	0.1706371098480171	0.1984758590201827	0.1514630895017034	0.1757482082996094	0.07035075998312058	0.01555607037746096	0.01204987210998005	0.01100385202566861	0.01089887455258589	0.03163821758989099	0.1045967308116888	0.1067507871983515	0.01013492405014476	0.01035326102365366	0.01085736800910633	0.01041664895928919	0.01055079776468996	0.01098290169490063	0.1382909495909034	0.01371054811546723	0.08984113163735777	0.17073859158803	0.09595751833445937	0.2107372062124449	0.09257102755677935	0.178189287190198	0.1381059561183921	0.07780983435273067	0.01015974371095387	0.01183909480774208	0.2290160545632333	0.01129454625959619	0.01157836982120595	0.01035069642496473	0.01137139334681866	0.04830978644745416	0.06824753080582609	0.01494025554414654	0.01224949002550488	0.03152608355605649	0.1192692886506412	0.1575002620425126	0.1201630564487403	0.1748730434316502	0.06955531501799347	0.01558081885100982	0.0120434348093035	0.01075840538343597	0.01077683526389338	0.02554971330107	0.07024422565882422	0.0801934112120686	0.01074546316362141	0.01156596262450036	0.01375814042168991	0.01222130931398906	0.01278449827463574	0.01405552320582276	0.101004284033113	0.02372028616395243	0.09271555029804318	0.1618991598564292	0.0649658601946403	0.1443459285035251	0.06089592880334146	0.125654460082303	0.1746869504683007	0.07469387361937642	0.01017942096263843	0.01787586746791713	0.2341052420397529	0.01118980077693982	0.01314842130345239	0.01144839608269164	0.01348761041166724	0	0	0	0	0	0	0	0	0	0	0	0	0.1960328762551425	0.08646148275362706	-0.01584553984746217	0.006656159661796834	-0.1703900232208508	0.17605857933961	0	0	20.70742565165942	20.40816836188403	16.50523450671782	-0.5077243647207152	-5.113699759057819	0.4636725701703086	-29.15117157946062	-12.3066200903125	25.65782284061079	19.28951488542714	20.98112692312518	55.43849098414642	58.9126987879039	58.91269706123306	68.17166780114312	68.17166935618073	-9.673344452945397	44.20997320581023	0.2187977313429408	-31.88024339537985	0	0
16.149057967596	-0.0126886286801433	-0.05301849632910573	-0.05775792887401896	2.247902339642914	1.048355102415713	1.033351249072699	0.4637641255455359	0.05730248202637524	-0.03734496581861659	-0.260490069005425	-0.00341906719931963	-0.08098795358121323	0.4881705711353486	0.4881705721712971	0.4233295740050139	0.4233295739405538	0.1594549848115693	-0.2053416433454885	-0.1436953577651224	-0.08556847934241346	-0.8524995209203704	-1.088620165744398	-0.6765631221598203	0.2044404758345753	0.3826844686414068	0.127553761214538	-0.2707315980733609	2.010406483824679	-0.6845883039575865	-0.6332990063814217	-1.49748853593699	-1.481422658485946	-7.441945463463962	-7.441945452763311	0.2999414759374303	0.2999415390778127	-0.7050916124107405	-6.206064589015227	5.230410342250881	0.9616943734590983	0.04572152809892637	0.06815385458640544	0.01496170232240613	0.01256557189612304	0.02856324977014138	0.1146047840110784	0.1572950154094409	0.1242490319138064	0.176325267763761	0.06892262386719968	0.01601988519155519	0.01231890941716622	0.01073105020842904	0.01053143109540935	0.02563859218470196	0.06648709327082124	0.06963231229082015	0.01094887852638492	0.0119273281793709	0.01465222165444283	0.0127988145127777	0.01350158938029314	0.01503439387555771	0.101154275550846	0.02604817439264014	0.09267035654349549	0.1642062047655732	0.06346949065018613	0.1489269572980206	0.05792917619016953	0.1279016443427623	0.1728507514879391	0.07681683210902368	0.01019221019825399	0.01958609137378363	0.2306340820455567	0.01137178621248025	0.01326502383564307	0.01179802516888631	0.01371147588222106	0.02540375873324179	0.03617321606717307	0.01607039291222597	0.01464285518192877	0.01530990860489509	0.00897837421576809	0.07546834745364285	0.07781650887755875	0.178529957297282	0.06638320143977176	0.01685318671519205	0.01280791356599571	0.01038416266699136	0.00994308119189093	0.01790448482562669	0.00414853914202047	0.004280167523640644	0.01205342292328294	0.01404896300133892	0.01981131842801117	0.01603315790124226	0.01751511425207474	0.02056143393165929	0.03701283288901996	0.04289955148297331	0.09715087855982822	0.1532186992028472	0.01229296873669364	0.02900340111991888	0.003238091396364644	0.03501791844636479	0.2366306165955444	0.07671924278470925	0.0102389316889938	0.03016337565697658	0.2315829431828743	0.0115719364470109	0.01539090605979734	0.01375906711870788	0.01669895704785457	0	0	0	0	0	0	0	0	0	0	0	0	0.2077215666172319	0.08804705295430917	-0.01431244546141767	0.0009405151180395863	-0.1304568388117426	0.1359667287196413	0	0	26.51358857174467	19.45559079840256	20.00491902928151	-0.735576789464609	-6.00240408955904	-0.2457282519623251	-25.16259160635176	-17.01504487143131	23.00140799906719	15.92963902968763	19.32314714153966	63.8230656791408	88.12052358313349	88.12052191156782	73.4932554412584	73.4932564459787	-0.4221328341692426	64.10401059180195	-20.71451681897762	-36.61204111465286	0	0
16.157857958796	-0.01911184941981444	-0.06186796211944637	-0.06290233677373019	2.249669709650772	1.051478091166792	1.034453695037447	0.460478886228395	0.07426867440600733	-0.0425696180240816	-0.2654670266343919	-0.01587574139138782	-0.09149198442026529	0.4264468642388729	0.4264468653088644	0.4288770663563707	0.4288770668764858	0.153361912799902	-0.2572330821045716	-0.09871444616822378	-0.07857358363255712	-0.6023594399222471	-0.9255210046783552	-0.4891051370476043	0.1968576436009651	0.3256744318605957	0.1217774777880955	-0.4671994782747079	1.837916876398378	-0.5148935272241462	-0.4993024840432514	-1.336709233535446	-0.9006404614333064	-6.547548782985126	-6.54754878533168	0.9675547004869335	0.967554768942151	-0.6653547895285078	-5.56105905810086	4.965880742864282	0.6227075267967455	0.03690261873344756	0.05380916531426182	0.01699978251376779	0.01415813917959045	0.02431679052050646	0.07090671325549527	0.1274625185337402	0.1005219494555168	0.1781838508399309	0.06783219420826908	0.0169061701478398	0.01295910078552234	0.01083270808798044	0.01035929675062032	0.02120918749357895	0.03591796704491857	0.03818577146694335	0.0114311435840123	0.01284891137933605	0.01659432916805595	0.01416531491443154	0.01529106195855635	0.01755530505077521	0.07385150113299283	0.03121940441698598	0.08676023324951869	0.1583615692949186	0.04027065763543147	0.1010048675108469	0.02887983462442104	0.08668002632249625	0.1908983181925929	0.07598186000770617	0.01022814922226188	0.0232211317851431	0.2325026729991069	0.01201307145863719	0.01483595634033103	0.0127820585706098	0.01605604649482625	0.03386974047803916	0.04660031728367515	0.02034673931719154	0.01576195909574836	0.02599095008076745	0.04778174039043061	0.1136413741362781	0.07767495858858359	0.181693123668173	0.06735632343160418	0.01807736511779391	0.01388434899900083	0.01132450853126354	0.01048449933197079	0.01809902107230786	0.01684502148376859	0.01910317737697164	0.01152412408976502	0.01302189726945254	0.01642039235233054	0.01435538110803753	0.01572829185023589	0.01829573589945262	0.05906050810999742	0.02843132176846319	0.06834571267363672	0.1511559179776819	0.0288873455429628	0.07215894670601472	0.008321476816647274	0.05717878744362063	0.1883552119807085	0.07405614927756626	0.01026394512720066	0.02221736317831887	0.2375337933833223	0.01317322453055693	0.01636301298530124	0.01321570998075552	0.01849681004713881	0	0	0	0	0	0	0	0	0	0	0	0	0.2098052138699792	0.0914219768016767	-0.01418242816589925	-0.01643689407600626	-0.05988508150789112	0.07270296033270941	0	0	29.89494747144407	17.49141726242524	22.39995559878517	-0.9927054742023496	-6.964466158945079	-1.079003118572116	-19.23844474601761	-22.20689783059915	14.82612475853916	14.92173430941592	17.20008652864064	67.38785157525291	114.4125306051273	114.412529349299	78.04834904378906	78.04834918385312	9.309729317146902	82.08513337074122	-38.88415788084573	-40.25988500572818	0	0
16.166657949996	-0.02323734975624217	-0.06936541941943145	-0.06632023720370975	2.251360052721703	1.054061524078181	1.035472492804239	0.4557096707734969	0.08951685936827236	-0.04666466231165783	-0.2692743145064789	-0.02699871053496	-0.09680640530387913	0.3735454149933077	0.3735454160006964	0.4404584791223122	0.4404584802350501	0.1479749489898735	-0.3027866344883799	-0.05672488464004793	-0.07468980006127339	-0.334201074491859	-0.7819207037386666	-0.2860214191224785	0.1869007035375734	0.2600078028400263	0.1085224502572746	-0.6066889142956986	1.620335703600072	-0.4320246488027435	-0.364286529754315	-1.193986978903406	-0.308517982061816	-5.445450957337209	-5.445450968457257	1.668980856079976	1.668980920431587	-0.5479745210688522	-4.769894875676576	4.555012544467521	0.2561334430008175	0.03807068159606244	0.05328203491952292	0.02037735928597119	0.0154572903045204	0.02892327831791593	0.07043650215712269	0.1314083765967909	0.08872219750086703	0.1806696127853348	0.06789230006498262	0.0179954046424703	0.01386400388133045	0.01144722072475831	0.01062399235303019	0.01953097064230777	0.02943533018586254	0.03240967875090488	0.0112946078287979	0.01258047027703959	0.01529586473340161	0.01367578085305687	0.01490304812493334	0.01716999831846317	0.07282241167367813	0.0246706126905387	0.06816860311113507	0.1543531690249461	0.03943729561074975	0.0987411048775973	0.01893691797465328	0.07785096774607929	0.1766783114998667	0.07413462553697422	0.01025739125367836	0.0198777781663831	0.2362315647846129	0.01323895803747722	0.01603916902572674	0.01283317712815915	0.01806050668522817	0.04233572222283652	0.05702741850017723	0.02462308572215711	0.01688106300956796	0.0366719915566398	0.08658510656509311	0.1518144008189134	0.07753340829960842	0.184856290039064	0.06832944542343657	0.01930154352039577	0.01496078443200596	0.01226485439553571	0.01102591747205065	0.01829355731898902	0.02954150382551672	0.03392618723030263	0.0109948252562471	0.01199483153756616	0.01302946627664992	0.01267760431483281	0.01394146944839704	0.01603003786724596	0.08110818333097487	0.01396309205395308	0.03954054678744524	0.1490931367525167	0.04548172234923196	0.1153144922921106	0.0134048622369299	0.07933965644087647	0.1400798073658726	0.07139305577042329	0.01028895856540753	0.01427135069966117	0.2434846435837704	0.01477451261410296	0.01733511991080515	0.01267235284280316	0.02029466304642304	0	0	0	0	0	0	0	0	0	0	0	0	0.2118888611227266	0.09479690064904425	-0.01405241087038083	-0.03381430327005212	0.01068667579596035	0.009439191945777563	0	0	30.61981338631702	15.134380839185	23.53715862660378	-1.272457687500103	-7.960159028866707	-1.926090815229592	-12.42732518171229	-27.13549551168887	3.825719802207246	16.06903558878714	15.33815774795048	66.48911380259261	134.8749393103328	134.8749385709918	81.02841389770427	81.02841275966938	16.75259773223067	97.16353679906389	-54.03387073696137	-42.87435710497364	0	0
16.17545794119599	-0.02500672827422696	-0.07568951807782388	-0.06792409264078575	2.25295186398675	1.056028774772191	1.036342790429138	0.4499748023860302	0.1026703948127758	-0.05045847126462927	-0.2718286788200533	-0.03692831957737921	-0.09699665565052173	0.3310360244963727	0.3310360253835629	0.4582986949576638	0.4582986965736173	0.143853617374135	-0.3408402496812452	-0.01890514881532986	-0.07411876515586094	-0.07028432839914016	-0.658554373934399	-0.07879060344600974	0.1744660763800047	0.1856908649487556	0.08817598564042677	-0.6874041899133301	1.363387142609625	-0.4453118453521443	-0.2126211623654611	-1.064243145288702	0.2583268633619685	-4.197617738834328	-4.197617754341027	2.386377974266647	2.386378022130171	-0.384859869975397	-3.86205899857684	4.021475816585746	-0.128495917623258	0.04499010409568368	0.06337771793020755	0.02117681495487865	0.01500045458263129	0.03423643599565117	0.08640457002866524	0.1405046151725158	0.08393250456260011	0.180012361662173	0.06773259530552121	0.01763634296794834	0.01357798295326431	0.01139576334513594	0.01065464527568765	0.0192156565704981	0.03221247964262962	0.04186618384830331	0.01090098664506189	0.01181829040251938	0.01339281570417047	0.01250347544465645	0.01347179721430136	0.01529372587531074	0.07872220890059108	0.01772575007994826	0.06171369320277561	0.1427676824361873	0.04517825002344815	0.1119258132048877	0.01744006159481216	0.08271394110636099	0.1623081419287853	0.07037082800127256	0.01024292445445346	0.01576322373212672	0.2377084401662141	0.0130210683639011	0.01553887013063612	0.01223641000733512	0.0173968389892356	0.05690822940837924	0.08371851712462273	0.01938829420520841	0.01288771946056209	0.03941411891070126	0.1116763971292409	0.1478296445555768	0.08144752146737178	0.1745302033404476	0.06698896121696897	0.01581479798655424	0.01208941588653726	0.01062296533886986	0.01039013358839069	0.01956353742980071	0.0381549082473951	0.06151248849939062	0.01033453882946024	0.01072159738851329	0.01128749498072123	0.01089060922747163	0.01128497787459256	0.01230780242529498	0.08603698686005867	0.01176378520557309	0.06995895872467428	0.1151740022848793	0.05302392958887175	0.1317639913167857	0.01880341540521931	0.09331108632430336	0.1520458711998249	0.06366464669615522	0.01018747122280179	0.01170777950151256	0.2361215121395389	0.01131612527022067	0.01343663882690369	0.01113349834348027	0.01417723528197641	0	0	0	0	0	0	0	0	0	0	0	0	0.2078971219776671	0.1068436690674062	0.003424282054841666	-0.02982633132394606	0.008267267331107499	0.002630384255168561	0	0	29.02768052154461	12.97239247010658	23.33242308455963	-1.550646705219623	-8.915992783432676	-2.672066923627363	-6.116684920584833	-31.02213037740766	-6.416008077574355	18.52368581247131	14.31956086649868	61.76113375178998	147.242741290897	147.242741023269	81.53415585946128	81.53415326504486	19.33938353671114	108.4734424290804	-66.95262522693987	-44.33182427844127	0	0
16.18425793239599	-0.0245386626948676	-0.08100558759438362	-0.06773010798085453	2.254423814135754	1.057306419279907	1.037007498156201	0.4437549424651088	0.1134333475731428	-0.05472205514772468	-0.2729476276190266	-0.0457421425111782	-0.09242419965252487	0.2998695855267083	0.2998695862726003	0.4824321271250891	0.4824321290459213	0.1411883541619346	-0.3705222813822414	0.0137360024270539	-0.07697182949607488	0.171934451239144	-0.5520508801033311	0.1205274557873479	0.159709097032817	0.1034710574117692	0.06209986240509951	-0.7194491947137687	1.079687116066071	-0.5326888793800669	-0.03783082387821588	-0.9388524537227428	0.7693509902807386	-2.880948073604733	-2.880948089610821	3.094558231332002	3.094558251184845	-0.2264062802380218	-2.873744497041406	3.379480397529088	-0.5200320831224724	0.05620665225073843	0.08248381901180726	0.01834040465546768	0.01238953201741198	0.03799799428615595	0.1068844464873397	0.1429034278928852	0.08385222067374319	0.1746703953069749	0.06691288569200056	0.0153813277804356	0.01171448596349597	0.01037102472150624	0.01027719509961791	0.0198550951341846	0.03839777635643154	0.06151701819988789	0.01034384047625749	0.01074253047266347	0.01158105803035561	0.0109529662376249	0.01128863750420152	0.01228630516418413	0.08404229814730101	0.01358095490153308	0.0756980812844136	0.119548873339965	0.05189672956597956	0.1265752611649502	0.02009778486488723	0.0924718720685643	0.1606929694459727	0.06437250188909628	0.01017515462671262	0.01256163989608617	0.2351530242442612	0.0108234046736441	0.01297035882280954	0.01106328019743807	0.01341957296801627	0.07148073659392197	0.1104096157490682	0.01415350268825971	0.008894375911556215	0.04215624626476271	0.1367676876933886	0.1438448882922403	0.08536163463513514	0.1642041166418313	0.06564847701050136	0.01232805245271271	0.009218047341068555	0.008981076282204018	0.009754349704730728	0.02083351754061241	0.04676831266927347	0.08909878976847861	0.009674252402673375	0.009448363239460409	0.009545523684792551	0.009103614140110459	0.008628486300788078	0.00858556698334401	0.09096579038914249	0.009564478357193098	0.1003773706619033	0.08125486781724195	0.06056613682851153	0.1482134903414608	0.02420196857350871	0.1072825162077303	0.1640119350337771	0.05593623762188713	0.01008598388019606	0.009144208303363958	0.2287583806953074	0.007857737926338385	0.009538157743002222	0.009594643844157381	0.008059807517529787	0	0	0	0	0	0	0	0	0	0	0	0	0.2039053828326077	0.1188904374857681	0.02090097498006416	-0.02583835937784001	0.005847858866254652	-0.004178423435440441	0	0	25.81620076842477	11.33287657900693	21.72840839189553	-1.795228477874849	-9.741010934933506	-3.212134677936974	-1.521200937675167	-33.09370167350501	-12.51419032941359	21.13539061670656	14.34947290478414	53.91888427607697	150.4721542898965	150.4721544298764	78.84239106097685	78.84238740075699	15.57767422345967	115.3664137186534	-78.9009224743605	-44.39680130628139	0	0
16.19305792359598	-0.02207706574857539	-0.0854400194343925	-0.06586304635582629	2.255757101685152	1.057831113585427	1.037425356719745	0.4374027303058861	0.1216492829552961	-0.05991225455859298	-0.2724352217762768	-0.05343882522366061	-0.08369226815262222	0.2802997623380359	0.2802997629523479	0.5126483526902801	0.5126483546380775	0.1396898170696825	-0.3913015543148377	0.04026593531183305	-0.08325179505534828	0.3814948726082875	-0.4572752493348657	0.2992789688020563	0.1430322977453042	0.01488082642256883	0.03250393703110385	-0.7207447971458154	0.7880835800179244	-0.6463336790300714	0.1569456256890945	-0.8090143500966031	1.200018627631257	-1.574651547811841	-1.574651561375072	3.763690212171008	3.763690198114829	-0.1285900910502825	-1.845780505312392	2.632346045638687	-0.9047921743455346	0.05692565018447197	0.08459204309770085	0.01654202971055242	0.01143774823870339	0.03678492667689032	0.1107428776735236	0.1399170010811372	0.08568590106070013	0.1716546154766964	0.0647607031875875	0.01537559712079392	0.01216259546389512	0.01094818088357898	0.01034208269717	0.02042413286860761	0.04092341478731822	0.06615098156172551	0.01020312010012538	0.0104853661828446	0.01142997815315535	0.01059360492788107	0.01084116025957079	0.01179597907692706	0.08352123245589914	0.01374316310319057	0.08900834461814885	0.100982915293713	0.06087079665322166	0.1315711508717444	0.02041154275276713	0.09880697113200741	0.1702565959506296	0.06282884644032254	0.01016251596793867	0.01248789358627289	0.2311631293471106	0.01134766936719396	0.01142015657742963	0.01039130066092206	0.01089923700747629	0.0458348402567674	0.0661170756166727	0.01618731223882675	0.01231651538541662	0.03068208967220353	0.09526624636276269	0.1309589924839684	0.08893080174035468	0.171845335029281	0.06073896623821624	0.01785103626915642	0.01512028902834896	0.0132676380683448	0.01090137480984081	0.0208240760916001	0.03960619587055246	0.05382209094634189	0.01045920098026134	0.0110100685535204	0.01277579704941967	0.01135942740050487	0.01208403504146861	0.01379361133073905	0.07644998773281608	0.0173462206091438	0.1008275809554675	0.0849269351138614	0.07442350837486178	0.1265534826329946	0.01771027683877441	0.1022717117915288	0.1946477607575242	0.06617326047566501	0.01020918769871485	0.01511654590853757	0.2241398491354704	0.01484024872378148	0.01101107881587525	0.01020419656337944	0.0100515672428524	0	0	0	0	0	0	0	0	0	0	0	0	0.2092232091864676	0.1054501592333308	0.02072559671059114	-0.02971364111870794	0.008017068073206084	-0.00538611979413076	0	0	21.71812434834583	10.30957446306854	18.64030957217527	-1.985390616876505	-10.35154850371002	-3.459369746097671	0.8670689253257686	-32.74043865420467	-12.11256668485604	22.93965725936696	15.28469403177345	43.58826146009966	145.1165719520603	145.1165723151614	72.65401497692687	72.6540110931213	5.787021033224403	117.4377352264602	-90.98123086901698	-42.7241227355472	0	0
16.20185791479598	-0.0179354786823669	-0.08907247366101466	-0.06256270135208046	2.256936980577036	1.057555965245515	1.037577612954411	0.4311058512187224	0.1273475167909266	-0.06599325365861668	-0.2701549984740381	-0.05994855269696963	-0.07159797092226731	0.2719256286312233	0.2719256291390177	0.548469818277241	0.548469819957785	0.1386154719458142	-0.4030185983844271	0.05974759037893203	-0.09282632053990766	0.5533176824667851	-0.3689768359740789	0.4439612872834656	0.1249199316301045	-0.07790862444335331	0.002254011656553505	-0.7095244068687683	0.5114937273448276	-0.7245221697839658	0.3620127711289926	-0.6683561259508021	1.53054543139548	-0.3459929683471641	-0.3459929793422767	4.363716682904282	4.363716637358845	-0.1353617898705152	-0.8214308644150642	1.777058252811646	-1.265623518203474	0.04249167079741704	0.06091292958555063	0.01705732748088997	0.0131534696983378	0.02951769079934541	0.09037954979562329	0.131883672938624	0.08845611110974227	0.173813006765659	0.06105249206223141	0.01871453119987555	0.01592673445260689	0.01378749131581178	0.01106918970258178	0.02064608611785266	0.03779021787961687	0.04807360363257809	0.01062916461752271	0.01134086681684628	0.01334243422002038	0.01183311559855763	0.01277726393383836	0.01477625421822111	0.07531900151812722	0.01851918760361216	0.09515645907181752	0.09385865415376239	0.07245034515189433	0.1228309725056149	0.01661480265806376	0.09903783720203471	0.189871298487825	0.06787265969916782	0.01023308613942706	0.01609052451903305	0.2268693593102765	0.01580130835938874	0.01171330374705785	0.0105032034610588	0.01112812784410533	0.02018894391961283	0.02182453548427713	0.01822112178939379	0.01573865485927704	0.01920793307964435	0.05376480503213677	0.1180730966756965	0.09249996884557422	0.1794865534167306	0.0558294554659311	0.02337402008560014	0.02102253071562937	0.01755419985448558	0.0120483999149509	0.02081463464258778	0.03244407907183146	0.01854539212420518	0.0112441495578493	0.01257177386758039	0.01600607041404679	0.01361524066089928	0.01553958378214914	0.0190016556781341	0.06193418507648967	0.02512796286109451	0.1012777912490317	0.08859900241048087	0.08828087992121204	0.1048934749245284	0.01121858510404011	0.09726090737532737	0.2252835864812714	0.07641028332944286	0.01033239151723365	0.02108888351371119	0.2195213175756334	0.02182275952122458	0.01248399988874827	0.01081374928260149	0.01204332696817501	0	0	0	0	0	0	0	0	0	0	0	0	0.2145410355403276	0.0920098809808936	0.02055021844111812	-0.03358892285957588	0.01018627728015751	-0.00659381615282108	0	0	17.32101922026204	9.831271565332431	13.97876955378093	-2.123673153926968	-10.68791343612721	-3.353949544106981	1.459831807721087	-29.65644944451103	-4.506508878105677	23.43505351949451	16.7133257037243	31.22454509873579	133.2860869110552	133.2860870329179	63.22969914733793	63.22969603623641	-7.631151929017328	114.5472470547562	-103.4017513281525	-38.89033088980888	0	0
16.21065790599598	-0.01245205264605195	-0.09194214976301895	-0.05818939664397282	2.257952627269362	1.056455106558478	1.037472523614525	0.4249174171248251	0.1307670153919307	-0.07238512311821116	-0.2660682563863363	-0.06516579531064473	-0.05709615161154961	0.2738513361150894	0.27385133652206	0.5891722061304803	0.5891722073081237	0.1369525277479512	-0.4058959659119778	0.07122741080528978	-0.1053965940129839	0.6865570964433527	-0.2836031876592102	0.5409838797355494	0.105758021077281	-0.1723371969535722	-0.02544522951266959	-0.6971301814140841	0.2742354070552017	-0.7084174854559906	0.5656643234987673	-0.515695149488264	1.744808639697339	0.7612697387328109	0.7612697256434465	4.869476085757072	4.869476019326778	-0.2618022705803739	0.1562489627840762	0.815077905016397	-1.58204888215548	0.02944936008509867	0.03981547562525942	0.01659818679053801	0.01378812009188831	0.02273994211086585	0.07326356246989658	0.128962504381562	0.09659494366358144	0.1788572035619995	0.05619492857271341	0.01847184567672983	0.01610053837233163	0.01408283247445929	0.01133989194127733	0.02151377471127841	0.03518647989271738	0.03032918973005834	0.01087538002047095	0.01184749421392522	0.01421691751585373	0.01255895796624847	0.01380454222525615	0.0162422948247252	0.07078519653890007	0.02146484260067701	0.1018673816812251	0.07933433569770185	0.08703571866424595	0.1221262704844828	0.01323470404046675	0.1056837426437145	0.2109132028773148	0.07270624006651125	0.01034245008883353	0.01812360883701822	0.2116976749640468	0.01622708287048015	0.01169604981489996	0.01053402216753343	0.01127581283802251	0.01902809416050092	0.02379245051247758	0.01468893522367354	0.01299205413864955	0.01664377448531515	0.06173455752420645	0.1327179453471792	0.1135316393236313	0.1886252205824564	0.04925885284909153	0.01414320904296314	0.01228879181833382	0.01161514462608219	0.01109903947707508	0.02320797043932502	0.0338418208847736	0.01517644268761778	0.01088082715491023	0.01188851536023348	0.01385443681931906	0.01260424616820151	0.01367664660717777	0.01584028229492799	0.0709991131725697	0.02225937414569557	0.1136938104122104	0.04798421861485001	0.1092987693115056	0.1352313927520288	0.01059611557174196	0.1240788528832609	0.2436502909549217	0.07709993590030341	0.01048634979716038	0.01828300332801194	0.1712442909157793	0.01217980342913712	0.01103186957969524	0.01034432448596967	0.01083380707714328	0	0	0	0	0	0	0	0	0	0	0	0	0.2201234431631373	0.08077865112056141	0.0265064890641717	-0.04080499292457891	0.01173157219333866	-0.009062514718043566	0	0	12.98586815267593	9.560774751066413	7.859117378720724	-2.226922576499538	-10.72243856610482	-2.882478501070819	1.353700371621577	-23.81687289149247	8.909055190723601	22.67623535232623	17.84280175569235	17.24595829660836	118.0789175806469	118.0789169140781	51.41666238875936	51.41666084960697	-20.6584223943704	106.8978543421549	-114.8911004579543	-32.612105741832	0	0
16.21945789719597	-0.005962157264479176	-0.09407411231468908	-0.05321360734856781	2.258795953308076	1.054525803364937	1.037146271588318	0.4188382944736412	0.1323586117696956	-0.07807013279595786	-0.2602295899150304	-0.0690107607745918	-0.04126515874017923	0.2849200136166962	0.2849200138707189	0.6338493595637452	0.6338493601210862	0.1337217122431709	-0.4005221128587874	0.07383220067813655	-0.1204772123924293	0.7822369563165679	-0.2019221911963681	0.5795159856127254	0.08578661808665732	-0.2657617591801848	-0.04754603249499642	-0.6836692656116501	0.09978782966590317	-0.5600584112616308	0.7592652950112045	-0.3586247591436311	1.831206013923853	1.731679856465455	1.731679833523161	5.26550793463582	5.265507862812599	-0.4844865401426756	1.047744563168933	-0.2349537234875092	-1.83274578752537	0.0232161303305892	0.03156845772170864	0.01427337470025919	0.01236084329196673	0.01842238874601022	0.06965640982236503	0.134996265761272	0.1114592611658129	0.1858441343835666	0.05032069867474519	0.01276990144879147	0.01084499404865885	0.01057110754058114	0.01086431039943156	0.02329382211470646	0.03492176383843541	0.02066191563223183	0.01074849242493021	0.01162663033445487	0.01324689193794662	0.01222380084403184	0.01306904819195633	0.01489578855436442	0.07375261747125941	0.02090460038557323	0.1115221699746604	0.04976392627228959	0.1047596917776097	0.1372882706635873	0.01151832057570835	0.1227888156623989	0.2302780144710805	0.0752149795595321	0.01047911107892528	0.01722424495348108	0.180506309719285	0.01051396799883334	0.01080134366800484	0.01025850705699303	0.01059312653017839	0.01786724440138902	0.02576036554067802	0.01115674865795329	0.01024545341802207	0.01407961589098595	0.06970431001627611	0.1473627940186617	0.1345633098016884	0.1977638877481823	0.04268825023225196	0.00491239800032613	0.00355505292103827	0.005676089397678792	0.01014967903919926	0.02560130623606225	0.03523956269771575	0.01180749325103037	0.01051750475197116	0.01120525685288657	0.01170280322459132	0.01159325167550374	0.01181370943220641	0.01267890891172188	0.08006404126864973	0.01939078543029663	0.126109829575389	0.007369434819219157	0.1303166587017991	0.1655693105795293	0.009973646039443822	0.1508967983911944	0.2620169954285721	0.07778958847116398	0.01064030807708712	0.01547712314231269	0.1229672642559252	0.002536847337049668	0.009579739270642198	0.009874899689337848	0.009624287186111549	0	0	0	0	0	0	0	0	0	0	0	0	0.225705850785947	0.06954742126022921	0.03246275968722528	-0.04802106298958195	0.01327686710651981	-0.01153121328326605	0	0	8.764979632181605	8.875752630260845	0.80910218119536	-2.309185269486057	-10.46448284455943	-2.09550798957577	1.935187053109415	-15.44194443055304	24.91268806513371	21.30365000197233	17.50674449222799	2.302738427720522	102.6691567122045	102.6691551933747	38.53978197007474	38.5397822786074	-28.78463320419562	95.09262138668322	-122.9381968397937	-24.01739555258691	0	0
16.22825788839597	0.001205613740559844	-0.09552556820092874	-0.04817555823833424	2.259460562770069	1.051787739235662	1.036659082980611	0.4129216923964379	0.1327672626130565	-0.08183488036031045	-0.2527380778576916	-0.07151691179822246	-0.02525566544672206	0.3039539402456356	0.3039539402335491	0.6815140358924094	0.6815140358514005	0.128317685721448	-0.3878050972666154	0.06695726727327544	-0.1374069637838778	0.8404136631867141	-0.1304758000077729	0.5550445039996064	0.06516513231255971	-0.3557822499810058	-0.06171887809760909	-0.6573475079751101	0.008288670120219051	-0.2740009546266987	0.9420169006269744	-0.2152302609153459	1.785425682402827	2.574798959553422	2.574798921735781	5.549132810812858	5.549132748940817	-0.7431148932491388	1.820433294863589	-1.330213814663392	-1.99988435324976	0.0188716901311389	0.02523817708625713	0.012534359986282	0.01123964482176261	0.01550217601521084	0.06298202310629721	0.1381601879411016	0.1280454722924046	0.2304977442290265	0.04580595635480075	0.01944377145915549	0.01602476105898564	0.02875591608758835	0.01203140082150584	0.02502622498901879	0.0330287004662739	0.01611899024335836	0.01049206493865739	0.01111947889521607	0.01307076005472179	0.01147342966826738	0.01200459222078829	0.01424838625389862	0.07611931616266633	0.02407954578585513	0.1994241063240663	0.02476596579575898	0.1300482087175765	0.1519897663631837	0.01093385469310013	0.1428409664863706	0.2481157907403991	0.07822866761705514	0.01041742599044874	0.01928704129846122	0.1677709305473394	0.0464988038619815	0.01033297300162802	0.01011180234848391	0.01021068133877084	0.01405500058049611	0.01636564271194454	0.01146921110478521	0.0106486682077232	0.01293453504116055	0.0472086819615109	0.1362552568119352	0.1521948418433386	0.3559588589702174	0.04187930165801494	0.03979955127081829	0.03270246458917601	0.07137083008187155	0.01502022937862562	0.02683248021756691	0.02863074657941429	0.01378774329959817	0.01015272581134436	0.01041757969223518	0.01396378037604966	0.01043888792714003	0.01082702123547892	0.01470699222506925	0.07654679960435659	0.03206152981068641	0.436832296555509	0.004211614785077081	0.1748547215918817	0.1683678966772104	0.01098680652687298	0.1730772716933782	0.2771164747269637	0.08336283177852709	0.01015922912455684	0.02504359852866334	0.1791663001934548	0.1319146806868142	0.01036426358762086	0.01012277956186303	0.01021322215789805	0	0	0	0	0	0	0	0	0	0	0	0	0.2235649038232965	0.05931783047751573	0.03284413688228804	-0.05086627363493181	0.01336821338602813	-0.01232959017204135	0	0	4.401459390249707	7.152106415080215	-6.301544815186856	-2.374572366490667	-9.958335241484622	-1.102541743679643	4.446377212396891	-5.094285571790959	39.55909835073677	20.41294757600009	14.58295471578636	-12.6041909438254	89.44741358093692	89.44741187650075	26.11857231995701	26.11857418578742	-28.35460908757776	80.07349100186546	-124.7283391174611	-13.77998229105845	0	0
16.23705787959596	0.00871091066639483	-0.096431694219314	-0.04362003065045256	2.259941417034959	1.04827971527013	1.036086937383178	0.407366122168164	0.1327878602985888	-0.08256690055383394	-0.2436552092052827	-0.07291409821861186	-0.01021439569411241	0.3299360085545461	0.3299360081508995	0.7312129477986162	0.7312129472993121	0.1207848208529233	-0.3689007470700622	0.0504781932314659	-0.1554007675681722	0.8582024594399298	-0.0798949662026702	0.471081741783617	0.04405404378506374	-0.4404765561319199	-0.06675820015404436	-0.5978726206891983	0.01304244175246931	0.1222984536227043	1.123318413313697	-0.1111633975226137	1.612933983759509	3.315577337357738	3.315577287357716	5.730447508592762	5.730447467601788	-0.9532314035712189	2.450880860259582	-2.405332432833934	-2.073895152877451	0.01481646907239762	0.01699377036735472	0.01204226671121356	0.01104862607578762	0.01364603648215234	0.04721339118559174	0.1340569629479388	0.1448162471933062	0.3233359061647191	0.04340478929316735	0.04267200466550566	0.03541726263451424	0.07351275336458686	0.0154498291007862	0.02645402067310336	0.02833645364828997	0.0154974520048528	0.01016917165354788	0.01044024882912065	0.01437904539671131	0.01047501188302572	0.01098604322515689	0.01522741710428023	0.07523566048912539	0.03286352076472768	0.3787486628197465	0.01195672338728547	0.1641815687762213	0.1605428578457153	0.01132550473015713	0.1634686119353356	0.2644431517924155	0.0826299019252711	0.01009883243583475	0.02583574604337127	0.1881476860157033	0.1311444067296485	0.01063128311334592	0.01020677834030326	0.01042284735617767	0.0102427567596032	0.006970919883211069	0.01178167355161713	0.01105188299742434	0.01178945419133515	0.02471305390674568	0.1251477196052087	0.1698263738849888	0.5141538301922525	0.04107035308377793	0.07468670454131043	0.06184987625731374	0.1370655707660643	0.01989077971805198	0.02806365419907157	0.02202193046111284	0.01576799334816597	0.009787946870717558	0.009629902531583788	0.016224757527508	0.009284524178776326	0.009840333038751425	0.01673507553841661	0.07302955794006342	0.0447322741910762	0.747554763535629	0.001053794750935004	0.2193927844819644	0.1711664827748916	0.01199996701430213	0.1952577449955619	0.2922159540253554	0.08893607508589017	0.00967815017202657	0.03461007391501399	0.2353653361309845	0.2612925140365787	0.01114878790459951	0.01037065943438821	0.01080215712968454	0	0	0	0	0	0	0	0	0	0	0	0	0.2214239568606461	0.04908823969480225	0.03322551407735079	-0.05371148428028166	0.01345955966553646	-0.01312796706081664	0	0	-0.4664044171009532	4.134575816595413	-12.57856332026141	-2.419441765092206	-9.263561487301546	-0.04393181043684267	9.49179508822899	6.235256638580173	49.53011436314382	21.13701024156237	8.555023451703789	-26.29980324338701	79.45251729154452	79.45251638066246	15.46925416462365	15.46925691057447	-17.68616294188621	62.95615449099132	-118.1009496006701	-3.083902895779051	0	0
16.24585787079596	0.01617563567163382	-0.09702441007023213	-0.04002892457303493	2.260235088629154	1.044055239668364	1.035510889836282	0.4025594660995501	0.1332891559336376	-0.0795051053198941	-0.2329205416118202	-0.07366661037962341	0.002805305413266096	0.3620886787393452	0.3620886778780428	0.78212644878625	0.7821264480356728	0.1119432784598492	-0.3451272598360739	0.02491295321315505	-0.1736401339858005	0.8302022599731514	-0.06076450617851843	0.3380388019235914	0.02266414274836976	-0.5184018553484732	-0.06271860135314815	-0.4840449206232409	0.1170418496444156	0.5788234482741935	1.320783560588116	-0.07272354148379251	1.329399510203964	3.981188877570542	3.981188825728547	5.828925578732917	5.828925562645614	-1.026821484217544	2.925649832485488	-3.381807539025713	-2.057228816152808	0.01284500130357723	0.01322237496068944	0.01158498272876318	0.01094181837053561	0.01229561358054521	0.03183452729334068	0.1238742805715533	0.152839677863731	0.3538933382033381	0.03600465048530595	0.07722043873590781	0.06227022322658584	0.08835007809965895	0.01819011769238268	0.02361206428324951	0.02154058039187122	0.01403104287716146	0.0138041269943042	0.02082925273772471	0.01874563824056003	0.02865275377056042	0.02640289855458824	0.02514561944389017	0.07111714198781716	0.06065233740937206	0.4494819028377488	0.1462554882118054	0.1631455279131774	0.1576425754569313	0.01125577195283464	0.1666394522670785	0.2859567042045066	0.09060267657432128	0.01190254264846741	0.04382128000405097	0.2393779675548444	0.2452714535101376	0.01065138980622782	0.01021112053621116	0.01044807402852005	0.0124767688737834	0.01350623973316807	0.01085406624679311	0.01071923671300457	0.01101434900546453	0.01621310617177697	0.1041673459191615	0.1537404885080786	0.2892965351718657	0.02154491629561603	0.1313401124691824	0.1014591234610563	0.06996917766131346	0.02029185509713022	0.01622297660622977	0.01220837405540211	0.01076187032251308	0.02163130932494272	0.04324139070931052	0.02637368454517633	0.06820995750175123	0.05994813606567481	0.04492006439557211	0.06309231207510432	0.114004394454631	0.3745501605856811	0.5003503836079465	0.1119634643737363	0.1404022194855892	0.01056269045206429	0.1483307049881256	0.3328997038988531	0.105001075334146	0.01596275631146576	0.07620987668233618	0.3556580420618273	0.4703757427013543	0.01027094751778712	0.01008651384815219	0.01019082434997079	0	0	0	0	0	0	0	0	0	0	0	0	0.2119334978487755	0.02417747991563009	0.03548687112558023	-0.04897318347489981	0.01226915826325037	-0.01275925309842743	0	0	-6.002462728689437	0.08860779337513661	-17.37305250510225	-2.436649311982404	-8.424601354387256	0.9379117231138193	16.62778821644371	17.22445432944761	53.11763018911733	24.13670241797808	-0.1935283207607135	-37.66429726586509	72.14712259573072	72.14712315480274	7.364662990150169	7.36466575647078	2.293419332803782	44.87895106989539	-102.3361513828613	6.565247304329409	0	0
16.25465786199596	0.02317276649145051	-0.09761265298384571	-0.03777116120776361	2.260340292378602	1.039179249884991	1.035006138872285	0.3990440188270407	0.1351128037601659	-0.07237117915337916	-0.2203026991796242	-0.07444415117413337	0.01292978841727653	0.3998337918329157	0.3998337905579924	0.8336274105056752	0.8336274097128369	0.1033176753435871	-0.3178774922154856	-0.00852425213160918	-0.1913878501599608	0.7513333800288134	-0.07941420392921614	0.1707717919299858	0.001271622296250757	-0.5883440574506252	-0.05085667650825266	-0.3036548218722604	0.310967425125122	1.038456508996984	1.55445202089864	-0.1191104252712178	0.9598055726891891	4.587778049784389	4.587778009964617	5.867823336333024	5.867823341683459	-0.8955217955040951	3.2411361840175	-4.182448496592863	-1.965951731031078	0.01343001232597904	0.01569234031238587	0.01083978386559437	0.01069680464651206	0.01129381521205922	0.02017179354534284	0.1079095548760056	0.1487535548440697	0.2740505170776349	0.02128949012467685	0.1218533751001401	0.09504173122676797	0.05734063936947853	0.01950545597346331	0.01532460940246396	0.0128355170165691	0.0103994386697461	0.02236884908343744	0.04468670339701197	0.02654174697774856	0.06961709703469943	0.06144820736393063	0.04559037958885853	0.06372072297739866	0.109814404863451	0.3363442986384241	0.4302367546760598	0.1075067493977223	0.1407671674090026	0.01034918386326829	0.1448790289757377	0.3153629288605069	0.1028087501492843	0.01642414386523867	0.07460659366093532	0.3186407484283959	0.3893033048646012	0.01012161373118251	0.01003872405211275	0.01008341182283667	0.01471078098796359	0.02004155958312508	0.009926458941969101	0.01038659042858479	0.01023924381959391	0.007713158436808247	0.08318697223311435	0.1376546031311683	0.06443924015147881	0.002019479507454136	0.1879935203970544	0.1410683706647989	0.002872784556562605	0.02069293047620846	0.004382299013387974	0.002394817649691383	0.005755747296860186	0.03347467177916787	0.07685287888703725	0.03652261156284466	0.1271353908247261	0.1100559390925982	0.07310505325272761	0.05315506621014522	0.1832765147181858	0.001545557635733142	0.9996469724649578	0.004534144265508311	0.1096379561962868	0.009125413889826456	0.1014036649806892	0.3735834537723507	0.1210660755824019	0.02224736245090495	0.1178096794496584	0.4759507479926702	0.6794589713661299	0.009393107130974736	0.009802368261916159	0.009579491570257045	0	0	0	0	0	0	0	0	0	0	0	0	0.202443038836905	-0.0007332798635420608	0.03774822817380966	-0.04423488266951796	0.01107875686096429	-0.01239053913603822	0	0	-11.93526380072374	-4.32021091213163	-20.31453497734998	-2.41897817432234	-7.4455441457568	1.714079429677928	24.26618897967952	26.43605132612622	50.36572916709979	29.25904163815427	-10.47388318101698	-45.70739424745883	65.6412082613079	65.64121040972313	1.881276417198759	1.881278420602196	28.13041294666884	26.93013672045586	-78.43245210763297	13.63157260322723	0	0
16.26345785319595	0.02924853206094002	-0.09853250047335724	-0.03707347934653015	2.260258427007829	1.033727891443024	1.034632113517266	0.3973948706224473	0.1389635003382224	-0.06137015789824413	-0.2054124656554966	-0.07603191895427416	0.01954130873749545	0.4426507441072615	0.4426507425826275	0.885287210876977	0.8852872101951091	0.09687562380206258	-0.2885350132862103	-0.04799706618564941	-0.2081048337789205	0.6214850475725641	-0.1354626797834288	-0.01355966646418399	-0.01979372298294441	-0.648889739240591	-0.03346385954180712	-0.06282627165070687	0.5731691536076776	1.450179139087139	1.838691533659309	-0.2566635512353025	0.5370326997010793	5.131301269122146	5.131301253979906	5.867989956402241	5.8679899747133	-0.5294033691223659	3.402906207838837	-4.744887043342491	-1.828599037807717	0.01616062928662814	0.01860100459954388	0.01600976694015314	0.01937065995814405	0.01447735104531711	0.01539222607759732	0.09436078336152909	0.1255574229761381	0.2402995363269675	0.07500603501630862	0.1301079860366901	0.09945258822473184	0.02696755908512127	0.01704868176272138	0.01643054911369202	0.0136277497257418	0.01538191143373744	0.07333583413563431	0.068311462508387	0.03784983290356766	0.08545124990682292	0.07446038276100726	0.05348775121265383	0.05257072239463594	0.12284408309431	0.2073151999215604	0.5565805273022379	0.06081378713874688	0.1104906426915382	0.01036136406121505	0.1098158390639643	0.3031650122920893	0.09986674674227237	0.01644349990792503	0.08130759536936494	0.3482849107709843	0.4349611199493434	0.0174296010089604	0.0169285640269473	0.01863593158269426	0.02080005145062417	0.02113480978897299	0.02749212075776262	0.0377418044484661	0.02193347578563628	0.01548371350771546	0.08060830019529652	0.0719869770037538	0.303485572546974	0.2154352069668827	0.09466123561194061	0.07112429645876769	0.003520271141005385	0.0109224131676841	0.02761039222990822	0.02372805188344491	0.0294918766700169	0.1814590945016507	0.09611053106042793	0.05430977923968101	0.07464243787956074	0.0640076321074228	0.04839625096746302	0.03552423963403865	0.09316421539313863	0.0640127609097122	0.5231581300467458	0.03016441631776908	0.05631057653524248	0.01138272620224703	0.05299026013516191	0.2091675316342247	0.07692114643369244	0.01170975983246488	0.06075686291187737	0.311531705204887	0.3402795823362498	0.03322969438067149	0.03144371152363214	0.03687928556539689	0	0	0	0	0	0	0	0	0	0	0	0	0.1905864425355742	-0.007709402012790062	0.03188746284822415	-0.03701169086507194	0.01061768745752884	-0.01158068315873057	0	0	-17.39205612354541	-8.276198773384895	-21.23570503500434	-2.361942387505779	-6.276246202900357	2.180169766816345	29.89334725917199	32.53946204892332	42.48542104130433	35.3586756423571	-20.61437085411949	-49.64080643676177	57.38099988939923	57.38100325251354	-1.58956429472493	-1.589563341920796	54.75170318070764	10.09680850946529	-48.63861463059002	16.87096365909555	0	0
16.27225784439594	0.03398930493570074	-0.1000855175875715	-0.03800686378554168	2.259993896348592	1.027792320389409	1.034424456991239	0.3980293402260929	0.1453071715174324	-0.04710161158282326	-0.1877901087636041	-0.07920358684656109	0.02233861789651088	0.4898847230229018	0.4898847215042326	0.9368298390460261	0.9368298385511846	0.09464392586627741	-0.25839793940173	-0.09121673904515723	-0.2235444266443555	0.4506211109750324	-0.221569897350275	-0.1968754524733784	-0.04018847784472002	-0.6979790101913227	-0.01360325971802426	0.2082623579847916	0.8714676803640411	1.775947536945225	2.174007732274521	-0.476265138912096	0.09973430719947694	5.585668050241743	5.585668067451821	5.842531698986287	5.842531722111167	0.05470511169067606	3.42460429078095	-5.029538510340383	-1.682206094331744	0.02090458292867762	0.02040059722527527	0.02855591040213135	0.03896610198374841	0.02277459975530186	0.01817282350583972	0.08648842611927292	0.07881736517605964	0.3244178940035339	0.2063283652824868	0.08433952276252402	0.06294312713058138	0.01381203679235044	0.01012240918603259	0.03074733318083218	0.02676214388764878	0.03152354162766991	0.1711579356701158	0.08872438245758052	0.05268358547365148	0.06309298639457515	0.05403382353575836	0.04252327395447629	0.0374642024364582	0.08053439463365113	0.1558725869304245	0.4427532717116295	0.05213360015009697	0.0662837032860961	0.01174681381167898	0.06568576089109661	0.2224237825855443	0.07447594330388348	0.01002406856198506	0.05218085171415266	0.2945736783844223	0.3209835108128397	0.03447720274351407	0.03253011521328947	0.0381665407166446	0.02688932191328475	0.0222280599948209	0.04505778257355614	0.06509701846834742	0.03362770775167864	0.02325426857862267	0.0780296281574787	0.006319350876339305	0.5425319049424692	0.4288509344263113	0.001328950826826811	0.001180222252736467	0.004167757725448165	0.001151895859159733	0.05083848544642847	0.04506128611719844	0.05322800604317361	0.3294435172241334	0.1153681832338186	0.07209694691651736	0.02214948493439535	0.0179593251222474	0.02368744868219845	0.01789341305793208	0.00305191606809146	0.1264799641836913	0.04666928762853399	0.05579468837002984	0.002983196874198176	0.0136400385146676	0.004576855289634583	0.04475160949609864	0.03277621728498294	0.001172157214024812	0.003704046374096362	0.1471126624171038	0.001100193306369564	0.05706628163036825	0.05308505478534811	0.06417907956053674	0	0	0	0	0	0	0	0	0	0	0	0	0.1787298462342434	-0.01468552416203806	0.02602669752263864	-0.0297884990606259	0.01015661805409338	-0.01077082718142291	0	0	-21.01105482891059	-11.04508001164634	-20.07748545675339	-2.267750613636526	-4.825069238736686	2.266699927876845	30.69975933860144	34.50129864269063	31.10661170483266	40.51493694630332	-28.83391236860439	-48.94518517933981	45.06100323611685	45.06100708120915	-4.150062453264079	-4.150062228405297	76.84218057793251	-4.77671946886991	-15.80216854503539	15.64455944131195	0	0
16.28105783559594	0.03712397833315669	-0.1024828388753093	-0.04048144296371771	2.259553915691013	1.021485515684185	1.034389698645588	0.40099560831507	0.1542920070476134	-0.03043662751800599	-0.1670496841379947	-0.08458557702756729	0.02137701864065201	0.5405733922128129	0.5405733909915031	0.9880488256766904	0.9880488253892999	0.09830574971681223	-0.2286136450132056	-0.1356604241183525	-0.2378003475686314	0.261198901126156	-0.3248574607834209	-0.3607474025657464	-0.05963193066629353	-0.7327147042400296	0.005235508205011575	0.4568508538211662	1.166508674802187	1.991986892860238	2.542975048024863	-0.7539038743731494	-0.3101534905100646	5.908620171244956	5.908620220885761	5.79393362487667	5.79393364849096	0.7971506541545491	3.326616131410961	-5.023144985693254	-1.565860593596089	0.02127608051004096	0.01905838871535878	0.03292548212395948	0.04678903600312716	0.02520254841147912	0.01903580362974414	0.07388972349428467	0.04200744019735412	0.356685808606236	0.2574510341714778	0.05202308260078367	0.04093013169296374	0.01006794368981472	0.01009930172673576	0.05257094040420912	0.05268623532686317	0.03874269383649417	0.2428641600953081	0.1135586798845356	0.07486407260860467	0.05419945991122191	0.0476807415683416	0.04202799288966283	0.02566758241590737	0.03995746610300054	0.1315047752747517	0.3030296651800841	0.05306162573397459	0.03195237940561174	0.01277672572075387	0.0345651286212796	0.1405916181089382	0.05039387584712277	0.01005927628049449	0.03437517482612813	0.2819799655100015	0.2075796895896368	0.04882241039556866	0.05912798150886302	0.06612872617239857	0.01714889274468271	0.01473695928987883	0.02873429802978202	0.04245897328101676	0.0214335340783955	0.01668495901307231	0.05035495517450497	0.01534180769460542	0.2721825545758287	0.2154683322989181	0.042520623900105	0.04045174224945126	0.01016027798535226	0.01731635906602931	0.08477738948324741	0.09541051473098952	0.03654215596382789	0.3204967634161792	0.1543308543336167	0.1109400382767841	0.0668042117921368	0.06244505634298526	0.05625967021889648	0.01602185918299917	0.008636801864242117	0.08950893881678559	0.1321008213376536	0.0521470983739963	0.005598393323152916	0.01335611037205027	0.01347197700169972	0.05034862532797935	0.02837166688263014	0.01730046739440995	0.03368855080452061	0.3629093281016253	0.1045750776706552	0.06208269149759849	0.1023033326204635	0.108700764389517	0	0	0	0	0	0	0	0	0	0	0	0	0.170574948434286	-0.004336064951077477	0.00629495598291169	-0.02595836528211863	0.01081696860240838	-0.009973103911345002	0	0	-21.41059500955721	-12.11931807932497	-16.81843966332099	-2.14858723350702	-3.00238979847375	1.948073932818328	24.52564566302602	31.75176588195344	17.78868495647456	42.70444494996052	-33.5806165655571	-43.40859829756881	27.42308494887904	27.42308829221314	-7.048440235294198	-7.048440295927301	90.18366666752279	-17.00219568002349	16.98457878909376	10.15404757922101	0	0
16.28985782679594	0.03862621233282632	-0.105806069644522	-0.04424564866893565	2.258947569179239	1.01494878229216	1.034503400138336	0.4058121954131971	0.1657054886893095	-0.01239736547889454	-0.1430296174158684	-0.09253849817252985	0.01708349671479098	0.5933526150618855	0.593352614389506	1.038713181705653	1.038713181621791	0.1088796943512675	-0.2001252243706445	-0.1788099368751535	-0.2512900652946233	0.08535039214273164	-0.4291464132712136	-0.487086070762883	-0.07799477474167447	-0.7496571059425772	0.01959665509937577	0.6177955010883541	1.416606109010474	2.087553908032807	2.913251902608389	-1.053881173078912	-0.65082229065703	6.053351752160209	6.05335182490165	5.714509665691899	5.714509688105709	1.609453100314845	3.134804842579168	-4.740222819248765	-1.512592229770779	0.01553475021807893	0.0139845584739366	0.02497889604918464	0.03680804239601448	0.01883723543196456	0.01539687998478927	0.05254146032520573	0.03005099357429446	0.2572265254926283	0.182749928601496	0.05991108793945089	0.05342486561584901	0.01225287164970844	0.0198950878186312	0.08042284886164172	0.0911032738737366	0.03184033963818628	0.2736892846286795	0.1448251336856246	0.1053164705072075	0.07511875770682963	0.06992789424892311	0.06039846907216811	0.01959645655151565	0.02415527799186617	0.09973989832985004	0.2493523940977208	0.051374921441193	0.01786746218577338	0.01300546157497792	0.02565765601389437	0.09664675022569021	0.03683966072121996	0.01985671353557035	0.04392256315540447	0.3657216884623319	0.1857950595807773	0.05753461332185125	0.09707317798777837	0.1019499543586889	0.007408463576080682	0.007245858584936763	0.01241081348600789	0.0198209280936861	0.009239360405112368	0.01011564944752195	0.02268028219153124	0.02436426451287154	0.001833204209188189	0.002085730171524918	0.08371229697338319	0.07972326224616604	0.01615279824525635	0.03348082227289888	0.1187162935200664	0.1457597433447806	0.01985630588448215	0.311550009608225	0.1932935254334149	0.1497831296370508	0.1114589386498783	0.1069307875637231	0.08883189175559451	0.01415030530806625	0.01422168766039277	0.05253791344987994	0.2175323550467731	0.04849950837796274	0.008213589772107656	0.01307218222943295	0.02236709871376485	0.05594564115986005	0.02396711648027735	0.03342877757479508	0.06367305523494486	0.5787059937861468	0.2080499620349407	0.06709910136482872	0.151521610455579	0.1532224492184972	0	0	0	0	0	0	0	0	0	0	0	0	0.1624200506343287	0.006013394259883108	-0.01343678555681526	-0.02212823150361136	0.01147731915072338	-0.009175380641267092	0	0	-17.92733469167588	-11.2473627788642	-11.59919823905514	-2.02680335271001	-0.7879234002443095	1.262147427685997	10.90355618909563	24.36083796110649	3.980238456403811	40.75045480426854	-33.77732841688281	-33.31713146626601	4.737924431458969	4.737926161139892	-11.27821103395079	-11.2782112551737	92.5213059862748	-26.01179927839197	46.47971710280589	1.598113395684401	0	0
16.29865781799593	0.03876020806800259	-0.1099871825235141	-0.04889875106676474	2.258184084229321	1.008352860919583	1.034713222196916	0.4114376681318696	0.1789806320188118	0.005957823949969725	-0.1158770494438264	-0.1030743481623172	0.01023314872078626	0.6464774739873433	0.646477473992647	1.088492796317005	1.08849279641861	0.126545763628136	-0.1736272538336084	-0.2184040243622143	-0.2646618560404823	-0.04525937114115556	-0.5168646487030051	-0.5606590884141602	-0.09538609121168189	-0.7457559116825414	0.02671531435556952	0.632707809380052	1.584000653366814	2.065528272033466	3.249694017363329	-1.33352186812539	-0.8859974707976647	5.982390398042583	5.982390475794446	5.590300405474845	5.590300424789614	2.392575421498313	2.879659963967737	-4.225039764690916	-1.540364342906988	0.01169926941656294	0.01087447381096359	0.01841040865771109	0.02962908024419449	0.01393283218525249	0.01271141185195585	0.03648518162760535	0.02633441506216398	0.140750629487263	0.09905052021031467	0.07370248654925192	0.07934634962856318	0.036232580204367	0.02326019060862202	0.1008365881310595	0.1159800433434379	0.02392312856355833	0.3138897461522555	0.178309569318191	0.1323672135168046	0.09942708434977597	0.0932846792754262	0.0786211267369582	0.0166327998895685	0.0187723921082554	0.06737638467485871	0.2088593578097784	0.05437337521784943	0.01283535011964233	0.01406259039196255	0.02311818255941388	0.07422699500701219	0.02984998183814454	0.0250596842854149	0.05648253465207814	0.4065020001116584	0.2190417918295245	0.06889978489399716	0.1550196672561178	0.1250161520100494	0.01035115702747724	0.009922972952866765	0.01472600496139068	0.02781461493201517	0.0114939954764122	0.01143660848067583	0.02488021158263068	0.02298028338160635	0.005680067523363481	0.01961299837356383	0.08641076842061306	0.1187999350336841	0.08464872351580825	0.01918636165424937	0.1192810054121924	0.132916887808235	0.01667613636920415	0.4163903530786803	0.231680615654216	0.165723014293093	0.1289296308134769	0.1192086475710418	0.09818559503262596	0.01485343297400079	0.01546470606881566	0.02739272165015212	0.1094343255278033	0.06359968086400175	0.01019958830288388	0.01620038410052136	0.02038933452318903	0.05282839623435208	0.02512135303996604	0.02492608218238101	0.06866126678476295	0.3641213000871038	0.3001209259022738	0.0876335309176785	0.2638768022457348	0.1413194678758785	0	0	0	0	0	0	0	0	0	0	0	0	0.1587584706797879	0.0114447798460695	-0.02279073139935046	-0.02134740777392296	0.01238036157389011	-0.008819294036966878	0	0	-11.39096600601285	-8.357221398689727	-4.945523868700258	-1.932637531061378	1.704762585119554	0.3276286713015525	-8.130546376357614	13.15326334106183	-8.643983581757626	35.26347657968838	-28.93300911261142	-19.65375070498333	-21.19188941480519	-21.1918900729864	-17.24129341475831	-17.24129392277134	83.69468017569412	-31.33067705927667	69.20534696404523	-7.841030313517311	0	0
16.30745780919593	0.0380198697113908	-0.1148036418520893	-0.05393061380033654	2.257270648230686	1.00188939198719	1.034947880466989	0.4164223297926415	0.1932589730938063	0.02366099357369479	-0.08600485720574788	-0.1158197482872167	0.00187381116266779	0.6979582752561849	0.6979582758887891	1.13692670717782	1.136926707425026	0.1506325803574745	-0.149530116203708	-0.2527000465503869	-0.2786298462623248	-0.1115913663448855	-0.5708747834728276	-0.5722079249395287	-0.1121379446484802	-0.7194559755359765	0.02511922328217504	0.4696157309095564	1.64112438135267	1.943261737897962	3.528803082510069	-1.549048583533978	-0.9908374666533947	5.679040299001636	5.679040360422625	5.40628414592	5.406284159157853	3.055038027679132	2.594917389720684	-3.549899598873473	-1.645610180925216	0.0119798607385839	0.01128791113782485	0.01714127648433106	0.03134224657265137	0.0133479810602997	0.0124585584998793	0.03077612162931286	0.02398832243937942	0.072573599381732	0.06209088562790055	0.08112614618440794	0.1113561171297409	0.08436260738161504	0.01595530961626726	0.1102094729435828	0.1204619182956105	0.01874745200858323	0.379888524669626	0.2129123540839394	0.1529274115038582	0.1193513449325635	0.110017724890254	0.09155612025942469	0.01587742671861681	0.01734444565642371	0.03754410124600213	0.1329947983680009	0.06418479578717547	0.01204266922306598	0.01637121018409095	0.02090565520499279	0.06186564921747879	0.02761494912547352	0.02201248124536111	0.06454178011178457	0.341195572740885	0.2777320918325548	0.08510589444055659	0.2351356889595113	0.1294550143167215	0.01329385047887379	0.01260008732079677	0.01704119643677346	0.03580830177034424	0.01374863054771204	0.01275756751382971	0.02708014097373011	0.02159630225034116	0.009526930837538776	0.03714026657560274	0.08910923986784294	0.1578766078212022	0.1531446487863602	0.004891901035599859	0.1198457173043185	0.1200740322716895	0.01349596685392615	0.5212306965491357	0.2700677058750171	0.1816628989491351	0.1464003229770755	0.1314865075783604	0.1075392983096574	0.01555656063993533	0.01670772447723854	0.002247529850424313	0.001336296008833486	0.07869985335004077	0.0121855868336601	0.01932858597160976	0.0184115703326132	0.04971115130884411	0.02627558959965474	0.01642338678996695	0.07364947833458106	0.1495366063880607	0.392191889769607	0.1081679604705283	0.3762319940358906	0.1294164865332597	0	0	0	0	0	0	0	0	0	0	0	0	0.1550968907252471	0.01687616543225589	-0.03214467724188567	-0.02056658404423455	0.01328340399705684	-0.008463207432666662	0	0	-3.64260697036103	-3.655733989573938	2.364081517441121	-1.880862392856216	4.264450782455877	-0.6903435926731034	-28.90120753433794	-0.4227756481474552	-18.63457835816152	28.03376331925034	-19.33020173511659	-3.992835004405803	-47.56935859008723	-47.56936154840945	-24.82633146745687	-24.82633234000594	65.57371430648416	-32.7311665258722	82.58007920882557	-15.59599026623906	0	0
16.31625780039593	0.03699329602319099	-0.1198953918234718	-0.05878016955326934	2.256211436010667	0.9957551040148312	1.035129579325142	0.4191820931968963	0.207500716233104	0.0399412289660076	-0.05396171720302954	-0.1300387952136865	-0.006794027140486618	0.745772150299721	0.7457721513365084	1.183429943199562	1.18342994352524	0.1797601836502895	-0.1279431484078622	-0.2806636163011594	-0.2937803630257709	-0.1112425993765506	-0.5776666459131374	-0.5193961066878245	-0.1285433090728525	-0.6711815278316651	0.01479137390246176	0.1300192686804961	1.574804541765693	1.746666426256719	3.743077505051612	-1.663179929777614	-0.9559495650921456	5.152801712676064	5.152801741046405	5.149671760188759	5.149671764344659	3.52977950549237	2.314724498375021	-2.799956257977812	-1.803428356225124	0.01255503859578366	0.01180672945201271	0.01944689686134203	0.04225915709709046	0.01394714373953348	0.01258380187711123	0.02666301405796686	0.02113403138967044	0.03758032209496572	0.0476475972951871	0.08902910194163263	0.1411099913027862	0.1035948906245707	0.01117980416224107	0.1144941366639039	0.1221265638690959	0.02012612882438581	0.4545452738752696	0.2460425548094477	0.1668126906612531	0.1412957066763368	0.1256778618988038	0.1005264109233661	0.01530529184295976	0.01651102404594177	0.01833991749865885	0.06501926531849925	0.06406911845856486	0.01195239468332765	0.01958215021917098	0.01843419661664711	0.04856315347173804	0.02506238542986313	0.03149864227433784	0.06905954648764054	0.2642549260360475	0.3379440369536588	0.1052378779428726	0.3142660460145717	0.1420601247482632	0.01267153836330675	0.01180647061780731	0.02437324341196443	0.06269062794301576	0.01486200537909567	0.01259876375360738	0.02082113686969002	0.01703270117288802	0.008580104814074148	0.03497023713058809	0.1017901430938466	0.1808590688753412	0.09260258165561326	0.01025257285602533	0.1174927706885501	0.1268408650978029	0.02731032411941961	0.6096021849369772	0.3000737924081613	0.1814586472931942	0.1773105151815975	0.1486341409807962	0.1096466381893595	0.01437516927277977	0.01528893455818316	0.005624179672428543	0.001461230130671606	0.0516578178776939	0.01165031065056724	0.02390621952529505	0.01526622844224645	0.02806079620010878	0.02068782823594299	0.05649360287692248	0.0721447523617859	0.165869928498629	0.4432129618015438	0.13646174096082	0.4512374552398773	0.1762228279999794	0	0	0	0	0	0	0	0	0	0	0	0	0.1510375882818792	0.02239028726540607	-0.02168888552331752	-0.02268302343126853	0.01382990531690308	-0.008670659904265781	0	0	3.473862956177936	2.245214111604699	9.558039166757935	-1.846436880008253	6.660855730862131	-1.632179587607886	-47.65384936528463	-14.59787712283773	-25.5477045751843	20.79148551019348	-6.149760540637827	11.77857440600679	-71.36032912155817	-71.3603334876188	-33.66098497162837	-33.66098614325504	41.71490924429443	-30.34689586827572	86.36683953432376	-19.48316478888403	0	0
16.32505779159592	0.03622146725660889	-0.1248108710421166	-0.06289481236155928	2.255009489511011	0.9901341834607396	1.035186224938576	0.4182851319682309	0.220619486181524	0.05426061040053286	-0.02029962126157756	-0.1447223592468428	-0.01456109023109798	0.7880936191879448	0.7880936202982164	1.227321927629691	1.2273219279443	0.2121084197730967	-0.1086847344692334	-0.3019896632914374	-0.310405547410369	-0.05689670065549538	-0.5302656442861681	-0.4063684442190576	-0.1445193345382548	-0.6033338862798759	-0.002999522187104654	-0.3539025005623676	1.38758388876371	1.501585228850096	3.898716370461794	-1.651962510616604	-0.7886762031029311	4.438378992345724	4.438378980273098	4.811782350197458	4.81178234335701	3.784759796164801	2.070567965013993	-2.0528438005993	-1.973068671107952	0.01239885634142982	0.01152302237779931	0.02475679212573339	0.06208406121254068	0.01485856021587263	0.01253574019317865	0.02123600028817857	0.01723194756397659	0.02090086074351451	0.0399941574656198	0.09940354962253832	0.1664404746902274	0.07921866609828404	0.01255560453842	0.1152912417003448	0.1264161007653977	0.02892339005948165	0.5317600850658124	0.2767966269201498	0.17360949224138	0.1671124378412443	0.14178622568358	0.1057504151067915	0.01436181472332182	0.01531989192890023	0.01224874589616582	0.02980310276309027	0.04863019034190652	0.0115903100951165	0.02360204814785822	0.01554130411313681	0.03008462612600973	0.02067783508790243	0.05845554366048118	0.07019158633247638	0.2247764192831572	0.3918452276647034	0.1290764484073741	0.3870463571969914	0.1713812783895433	0.01204922624773971	0.01101285391481784	0.0317052903871554	0.0895729541156873	0.01597538021047931	0.01243995999338506	0.01456213276564993	0.01246910009543489	0.00763327879060952	0.03280020768557346	0.1144710463198502	0.2038415299294802	0.03206051452486636	0.01561324467645081	0.1151398240727817	0.1336076979239162	0.04112468138491308	0.6979736733248186	0.3300798789413055	0.1812543956372532	0.2082207073861195	0.1657817743832319	0.1117539780690617	0.01319377790562421	0.01387014463912779	0.009000829494432773	0.001586164252509726	0.02461578240534702	0.01111503446747438	0.02848385307898033	0.0121208865518797	0.006410441091373452	0.01510006687223124	0.096563818963878	0.07064002638899076	0.1822032506091974	0.4942340338334806	0.1647555214511117	0.526242916443864	0.2230291694666991	0	0	0	0	0	0	0	0	0	0	0	0	0.1469782858385114	0.02790440909855624	-0.01123309380474936	-0.02479946281830252	0.01437640663674932	-0.008878112375864899	0	0	8.422815043733712	8.520113561728953	15.94688908709182	-1.772057535414835	8.682075469711993	-2.368738831439347	-61.28197575650207	-27.63408804155997	-29.75877317007896	14.87352216566936	8.841763812972379	25.81174965456276	-89.97736132545585	-89.97736596950416	-43.20210089740524	-43.20210218061689	16.32085430630442	-24.65063814187898	82.34825935992383	-18.14478682224208	0	0
16.33385778279592	0.03608301762630521	-0.1290693836982971	-0.06578307464404834	2.253671030011865	0.9851822882466823	1.03506127520446	0.4126864615042517	0.231614522442725	0.06628808048028204	0.01452575520176473	-0.1587217907433355	-0.02035009151591036	0.823491260477847	0.8234912613085268	1.267867231907909	1.267867232114295	0.24573549886129	-0.09131936279431689	-0.3169706590515156	-0.3284003972167093	0.02846798921898525	-0.4289916743092571	-0.24260976615554	-0.1594070460810248	-0.5198776520331562	-0.02606482118064855	-0.928655384036386	1.095804310272834	1.228647108687934	4.010011391644362	-1.507817394304342	-0.511094657434788	3.589141614902438	3.589141564519629	4.388801495474659	4.388801478047557	3.823767340305563	1.888082769684365	-1.365156578887364	-2.106714005634475	0.01230365799093618	0.0113586931159349	0.02820498357387211	0.07831158591602798	0.01530792561214429	0.01239948906142498	0.01797849215356799	0.01498424440885428	0.01429655295848081	0.03756047530927499	0.1070612601636715	0.18330105512689	0.04910905508800821	0.01334825846383671	0.1108523726147582	0.120130433472592	0.03155344188030271	0.5983519137767772	0.302555570158703	0.1778403978067722	0.1942831503049309	0.159482308628781	0.1129014319548242	0.01381422994773454	0.01634704443641696	0.01082418253348952	0.01473631088444772	0.03305407994128139	0.01139742067968873	0.02318223431160502	0.01380477686302965	0.02148742887473083	0.01867326281747477	0.09229369023547924	0.07681060792143141	0.2097132607252915	0.4292079926520494	0.1532002127007799	0.4590721803390742	0.208403822642307	0.01239200513910047	0.01143567701793804	0.02989568049529363	0.09395126939076745	0.01533216883168758	0.01219625493180622	0.01655846902787824	0.01417469392693745	0.01123470268322827	0.03807169702989785	0.1139078591630252	0.1999520610747504	0.01731535100918264	0.01249154735768241	0.09945631503949372	0.09739425929623924	0.02716932804542253	0.7222786599572486	0.3425552997389629	0.1835634725339659	0.2383001075005521	0.1882724098282985	0.1263099160420663	0.01363104067253489	0.01967261977912695	0.01052931589082492	0.005636135886406594	0.01812411258387059	0.01138724147517137	0.01828069433984792	0.01298463262202878	0.02225472329838793	0.0189958548333335	0.1420974729506375	0.0923253182981697	0.1996632219300584	0.4784370956823984	0.1888491024483877	0.6072859355232926	0.2735528500923832	0	0	0	0	0	0	0	0	0	0	0	0	0.1386229485041338	0.03552249195420997	-0.003120520196692073	-0.02684831673932817	0.01414156394514854	-0.008568100226637607	0	0	10.50022641169587	14.36398738601415	21.01717462372982	-1.587403588424651	10.1956229060399	-2.822893219651286	-68.19578693612053	-38.17893725240341	-32.01133369852382	10.67460234939895	23.75254985865362	36.6443008137001	-101.8397907096996	-101.8397946133678	-52.92334138446761	-52.92334244332265	-6.814897224923111	-16.50909063700593	73.38457453238513	-11.3703548148374	0	0
16.34265777399591	0.03674101774408686	-0.1322226592728368	-0.06705493467401483	2.252210755120751	0.981016484044263	1.034719726628291	0.4018488048210545	0.2396747077566971	0.07584499657340003	0.05018444027391215	-0.1708937011306007	-0.02332882831949639	0.8510485409637268	0.8510485412182522	1.304315602004478	1.304315602023014	0.2788669159737058	-0.0752244784278068	-0.3262806398159675	-0.3472464985877836	0.1203542384322176	-0.2806796064269172	-0.04154568979845101	-0.171953234712824	-0.4254579446317265	-0.05177200279312977	-1.535085323507587	0.7254885117657709	0.9420364340232822	4.089590005358509	-1.239300236937496	-0.1562079666222923	2.666897243027267	2.666897164850831	3.880982244471841	3.880982220065352	3.679321692490443	1.78362537809286	-0.7667107897063377	-2.159925261774298	0.01247583893518914	0.01155332415127204	0.02851134647512425	0.08770754215333315	0.01509252629737817	0.01219743439456217	0.0178766286476197	0.01513059489940568	0.01382916570971668	0.03961365899116113	0.1103179355838854	0.189917431234746	0.02658458728297176	0.01175145979774858	0.1004335304540216	0.09798833836141983	0.02430840065282122	0.6479540851942703	0.3221243827018412	0.1811242173524365	0.2220518313309503	0.1791590244829732	0.1238286117121368	0.01386589038852977	0.02025784091143051	0.01120250969867903	0.01095324536244886	0.02249330720592644	0.01148885738288977	0.01685654955487491	0.01364778807839058	0.0273657968286457	0.02021760766147985	0.1307038645845586	0.09155631733514279	0.2096481652115768	0.4447849531984687	0.1766291175360164	0.5320572211756674	0.2502649385578017	0.01273478403046123	0.01185850012105823	0.02808607060343185	0.0983295846658476	0.01468895745289585	0.01195254987022737	0.01855480529010656	0.01588028775844001	0.01483612657584701	0.04334318637422226	0.1133446720062003	0.1960625922200205	0.002570187493498924	0.009369850038914017	0.08377280600620576	0.0611808206685623	0.01321397470593199	0.7465836465896785	0.3550307205366202	0.1858725494306787	0.2683795076149847	0.2107630452733652	0.140865854015071	0.01406830343944557	0.02547509491912612	0.01205780228721707	0.009686107520303461	0.01163244276239414	0.01165944848286837	0.008077535600715516	0.01384837869217786	0.03809900550540241	0.02289164279443576	0.187631126937397	0.1140106102073486	0.2171231932509194	0.4626401575313163	0.2129426834456636	0.6883289546027211	0.3240765307180672	0	0	0	0	0	0	0	0	0	0	0	0	0.1302676111697563	0.04314057480986369	0.004992053411365215	-0.02889717066035381	0.01390672125354776	-0.008258088077410316	0	0	10.02363315955807	19.11785828392547	24.352369476534	-1.231856124734874	11.17788451990832	-2.967496678557697	-68.65680243745062	-45.3779899049126	-32.92820470833578	7.478864496722037	36.83857190340169	43.23422360697538	-106.6171565144896	-106.6171587964904	-62.4263801585735	-62.42638063352697	-25.06125617888529	-7.139539445100706	62.54255192037633	-0.1035267609117487	0	0
16.35145776519591	0.03816500372238547	-0.133905385791229	-0.06645524435445722	2.25065640104398	0.977713261934649	1.034150378111732	0.3857255882775941	0.2442454026338014	0.08286034676706573	0.08642006773510717	-0.1802340844597891	-0.02299184526885013	0.8703901419457086	0.8703901414513513	1.335932969202075	1.335932968997461	0.3100963881277903	-0.05968344294413981	-0.3307438478593849	-0.3660831207057059	0.2002437601123915	-0.09702112473983102	0.1794948734421213	-0.180491662691591	-0.3245220841754736	-0.07738328715434797	-2.122865963748451	0.3083048760182409	0.6529589027721056	4.140622754843927	-0.8690965415079098	0.235145606981943	1.731157896268534	1.73115780752201	3.291586565167345	3.291586540044567	3.400246455636556	1.76198982656701	-0.2628877319096187	-2.100610953325309	0.01251105040945702	0.01161633420448634	0.02845923130485441	0.09431770087698051	0.01479331125117006	0.01203079953026443	0.01834061972191481	0.01542457540416153	0.01515252340133841	0.04331252665462529	0.1097227194698347	0.1872675053023481	0.01427457445612481	0.01051017339218308	0.08461298142779428	0.07385441955261469	0.01867246674174475	0.6932697617407325	0.3346552673190289	0.1761697634929502	0.2471606140520441	0.1948498636203344	0.1303059211607858	0.01382773460781241	0.0228401604618462	0.01146850953421356	0.01034811021719196	0.01707370014434494	0.01148520236222963	0.01236132696074184	0.01358987123956586	0.03351097958912461	0.02166873229061923	0.1710548008540689	0.1029607197698016	0.2162680982008843	0.4384764707578805	0.1990790138569342	0.5937795415377668	0.2900758098996188	0.01237272510246855	0.01149749653794464	0.02869489515672427	0.1018646966908243	0.01450125633018573	0.01188684598519274	0.0187642658264224	0.01542704346860677	0.01708258225312769	0.04848311310388652	0.1056410399951281	0.1741937094607261	0.007741931441439867	0.009892131501374012	0.05911753042333417	0.04508334078191873	0.01577460455163905	0.7979124479357897	0.3496733411731253	0.1577148469016882	0.2860358704473842	0.2139250941124089	0.1331462195475279	0.01358463607954984	0.02402923554140787	0.01131937245353924	0.01013484980033054	0.01448707759615358	0.01133883873390497	0.01015949702176928	0.01330753385333058	0.03799266171645305	0.02255173828173115	0.2347172525686838	0.1127939919709123	0.2300706702114261	0.3985548428381979	0.234122846601319	0.7065519146160403	0.3564466606127417	0	0	0	0	0	0	0	0	0	0	0	0	0.1169774489183275	0.04393754514096058	0.008328145154960396	-0.02898669405723121	0.01291871445521382	-0.007401291976488191	0	0	7.977510774744566	22.3447614820843	25.47321683525783	-0.6744042185953228	11.69354895295711	-2.802640985367421	-64.3234116160376	-48.78700581788258	-32.50998202349	3.929424894286177	46.65255864661486	44.82905484401306	-105.1234564824625	-105.1234565383778	-71.42635136515248	-71.42635103610908	-37.37451367626084	2.081744867401503	52.17564454144834	13.84608560456589	0	0
16.36025775639591	0.04020506569054411	-0.1338688855822949	-0.06390021845380206	2.249051087236677	0.9753133696274948	1.033365878217045	0.3646363392216436	0.2450631246904853	0.08737083227384028	0.1229478599682338	-0.1859896977813206	-0.01921848422302764	0.8816211284175715	0.8816211271705489	1.362023498503998	1.362023498101145	0.3384671011398979	-0.04399098434171486	-0.3311559360349883	-0.3838454298434787	0.2599653155661587	0.1075335395999659	0.3989287222588216	-0.1832495955626611	-0.2206597706338246	-0.1002429527649125	-2.660265426603075	-0.1217798019771304	0.3756427670674293	4.153275550937383	-0.4309146136222023	0.6168224486498999	0.830409206444523	0.8304091275247815	2.625885544788535	2.625885525912816	3.037618618899502	1.81582109126054	0.1563562414586441	-1.915304063443155	0.01230368563582292	0.01142006802820979	0.02880323123170729	0.09922396061022347	0.01456251340715205	0.01192586388284099	0.01865191892718416	0.01526365969722329	0.01703291834756761	0.0478192901070907	0.1053780311312896	0.1753326364574219	0.01236496018792778	0.01034618691591274	0.06351793621219738	0.05338080742340068	0.01793606990035292	0.7403218154637625	0.3395634783885782	0.1598109453274137	0.2683735176714156	0.2043659237267032	0.1294619519643735	0.01351811985715352	0.02299406205648772	0.01112024968422883	0.01038771350617279	0.01661376868474796	0.01128771449274637	0.01185295230820707	0.01323723856222076	0.03592455705565679	0.02204100918352067	0.2128338532826873	0.1075214463182713	0.2257681926894229	0.40912619492495	0.2204224824638429	0.6382182457796609	0.3254345145740243	0.01201066617447587	0.01113649295483105	0.02930371971001668	0.1053998087158011	0.0143135552074756	0.0118211421001581	0.01897372636273824	0.01497379917877353	0.01932903793040837	0.05362303983355079	0.09793740798405595	0.1523248267014317	0.01291367538938081	0.01041441296383401	0.03446225484046258	0.02898586089527517	0.01833523439734611	0.8492412492819009	0.3443159618096304	0.1295571443726977	0.3036922332797838	0.2170871429514525	0.1254265850799848	0.01310096871965412	0.02258337616368961	0.01058094261986142	0.01058359208035762	0.01734171242991301	0.01101822898494157	0.01224145844282304	0.0127666890144833	0.03788631792750369	0.02221183376902653	0.2818033781999706	0.111577373734476	0.2430181471719329	0.3344695281450795	0.2553030097569743	0.7247748746293594	0.3888167905074161	0	0	0	0	0	0	0	0	0	0	0	0	0.1036872866668987	0.04473451547205747	0.01166423689855558	-0.02907621745410862	0.01193070765687988	-0.006544495875566064	0	0	5.647334889378916	23.85759080358004	23.92525134140538	0.07683752950677446	11.86522581712136	-2.34693619286412	-57.62085086294393	-48.32947356272004	-30.11550946081764	-1.457197449143129	52.15591117202034	41.00268990997569	-98.97334376962347	-98.97334152356481	-79.74086473096777	-79.74086368932619	-44.24195558728209	9.792258407327566	43.39417919382068	28.10444940611379	0	0
16.3690577475959	0.04268668709708157	-0.1319955051418807	-0.05951102272549764	2.247452637967455	0.9738308571651529	1.032401236625248	0.3390865439624986	0.242161119983464	0.08956702432640844	0.1593461884958827	-0.1877375157067458	-0.01230399231535602	0.8852055299825267	0.885205528152852	1.381944750808826	1.38194475028553	0.3634365618350396	-0.02755809894300437	-0.3281978490388124	-0.3994463197308865	0.3015061037304678	0.3180438289535925	0.5921547309090647	-0.1787257122808999	-0.1163624436591036	-0.1179621945428311	-3.136188652105738	-0.5319100874602379	0.1309995589202931	4.107508174426475	0.03472341251809771	0.9413372016756181	-0.002623291108937095	-0.002623342095768894	1.890815657151642	1.890815649076492	2.632851525407589	1.926211798671454	0.5052420330964588	-1.612780884597241	0.01214425038266701	0.0112683762630522	0.02766320880350586	0.09857259545870989	0.0143429680332235	0.01188233797862846	0.01798689876045627	0.01526316368722922	0.01732361320024919	0.04731564781043087	0.09916925058382617	0.1632561770759989	0.02302728852673432	0.01676216321208839	0.04416311672517094	0.03694071287108239	0.0172731860013959	0.7839079756884992	0.3381176053283108	0.1369454171086465	0.2880010722231165	0.2100816940103786	0.123574303643996	0.01328483685428133	0.02406231482418093	0.01107434375738469	0.01055654838938578	0.01608240809856873	0.01124212292674562	0.01411117481293183	0.01319921396981103	0.03930670440317922	0.02191385690476209	0.2477182971791412	0.1117379424238823	0.2230706122553858	0.3747785964931147	0.2353841539263377	0.6674223995285226	0.3559793401880711	0.01205416167987416	0.01118699548943096	0.02478835498561364	0.09173700449531819	0.01408936579761762	0.01187786391534565	0.01632602452579758	0.01549954789060809	0.01605445921230642	0.04137278664011174	0.08961559523001388	0.1481871874602317	0.04502472899584789	0.0300436785977838	0.02371792392048184	0.02005503079409397	0.01555629737989768	0.8760171704484029	0.3288824977788039	0.09929598426959078	0.3223662042631861	0.2164923648338511	0.1113111288393149	0.01314195504847944	0.02668001268805156	0.01141909875900553	0.01074416173301755	0.01438182045216741	0.01136787605039	0.01846705465475762	0.0135045932322767	0.04515983113873585	0.0215044572123983	0.2969566030954425	0.1192143049442061	0.1997875749654145	0.3129859411385916	0.2518904518391198	0.7138614662257705	0.4082797961265079	0	0	0	0	0	0	0	0	0	0	0	0	0.08857995540768664	0.03242778866372952	0.01681605975455059	-0.02630190082008562	0.01072088119957313	-0.005854929378422697	0	0	3.916643800544851	23.73256987170358	19.52569596870934	0.9677029634191314	11.80641101646111	-1.644919118703459	-50.59213346376924	-44.35044639202048	-24.99591143752894	-9.329372005475451	52.86962243062825	31.9424128560058	-90.0359235295183	-90.03591957709972	-87.13842257974871	-87.13842124854429	-47.28866835093942	14.73926056099984	36.08725490993243	40.04440432384567	0	0
16.3778577387959	0.04547487691553288	-0.1282928699773278	-0.05362576763676873	2.245929434616828	0.9732614334756342	1.031310238906331	0.3096165130173256	0.2358418688959771	0.08984541549983005	0.1950120408868596	-0.1854206514324507	-0.002942389399094006	0.8818249635611388	0.8818249614480345	1.395126669726891	1.39512666918353	0.3847545398275124	-0.01000873638154121	-0.3224406659540201	-0.4119776900338188	0.3303392766173883	0.5213297480545398	0.7353427870739577	-0.1660789542316128	-0.01341520150834401	-0.1287296171857604	-3.551702350478754	-0.8945346481565589	-0.05622546089313957	3.984595864008411	0.4862029772513248	1.167008211061307	-0.7508308034790514	-0.7508308159236319	1.096189586592166	1.096189589924011	2.210137418197893	2.063917075232056	0.793546299812933	-1.224818231824065	0.01210869137246495	0.01124033059983097	0.02450399611651486	0.09093518714031437	0.01412015942264157	0.0119001389863359	0.01612162043830635	0.01558416433348929	0.01545212779021359	0.04000472948818289	0.09177279779112944	0.1549415179920647	0.04607038803807483	0.03099620542383296	0.02926359804782967	0.02450991011925626	0.01532529085234019	0.8212519940231048	0.3307828992527646	0.1095699793743009	0.3069057311405751	0.2128175092612475	0.1133589275950653	0.01321906592383765	0.02693562713839188	0.01156891847465691	0.01072028245630571	0.01407530301182686	0.01143827542824343	0.01876032808993757	0.01363488700841232	0.04492700638087856	0.02144028601419599	0.2727113268960401	0.1177173610607821	0.2014058838986015	0.345013565213371	0.2417793427960316	0.6818489481660268	0.3813507158795517	0.01209765718527245	0.01123749802403087	0.0202729902612106	0.07807420027483528	0.01386517638775964	0.01193458573053319	0.01367832268885692	0.01602529660244265	0.01277988049420447	0.02912253344667268	0.08129378247597181	0.1440495482190317	0.07713578260231499	0.04967294423173359	0.0129735930005011	0.01112420069291277	0.01277736036244925	0.9027930916149048	0.3134490337479774	0.06903482416648388	0.3410401752465885	0.2158975867162496	0.09719567259864507	0.01318294137730476	0.03077664921241351	0.01225725489814966	0.01090473138567749	0.01142192847442181	0.01171752311583844	0.02469265086669219	0.01424249745007009	0.05243334434996802	0.02079708065577006	0.3121098279909145	0.1268512361539363	0.1565570027588962	0.2915023541321037	0.2484778939212654	0.7029480578221818	0.4277428017455998	0	0	0	0	0	0	0	0	0	0	0	0	0.07347262414847455	0.02012106185540159	0.0219678826105456	-0.02352758418606261	0.00951105474226638	-0.00516536288127933	0	0	2.647111683198949	22.28505613769194	12.68556363631593	1.90563499452386	11.55825071664986	-0.7865706539898144	-43.86111345711912	-37.72669275634902	-17.17614706837206	-18.6821408526011	49.04520929512157	18.8245869339914	-79.92415186853067	-79.9241472429718	-93.18901155674422	-93.18901034624693	-48.69586275448111	15.83961047800584	29.48666072562414	47.13004364758552	0	0
16.38665772999589	0.04846493249496216	-0.1228698822148028	-0.04676661770821536	2.244553434629351	0.9735856900668691	1.03015844880072	0.2767523813011871	0.2266092367256497	0.08880295866355351	0.2292363750677238	-0.1793288181310238	0.007864174458080974	0.8722554598303753	0.8722554577856949	1.40110422459772	1.40110422412668	0.4022984671758387	0.008737465785855285	-0.3143998548196292	-0.4209035384682434	0.3466851104614523	0.7078103775223552	0.8115914131240789	-0.1453532724644806	0.08643129424014383	-0.1317522678395641	-3.907003204452154	-1.19219628888763	-0.1671307113092704	3.781064489449547	0.8874498667755708	1.266833813029503	-1.40908832493462	-1.409088297386278	0.2562169257600772	0.2562169383718541	1.774454579801777	2.191490061862439	1.024320412581375	-0.8033287826049409	0.01216396854288501	0.01128145299886166	0.02218291849699387	0.08467890150376435	0.01396023068369268	0.01183752644824617	0.01478098660406251	0.01615502073457642	0.01362316540089191	0.0345280846463216	0.08703415240072684	0.1495116465216747	0.05589809080507449	0.05873614296487289	0.01945390251707732	0.01652963322663412	0.01354745320269057	0.8453866526457325	0.321934040048798	0.08661103090015101	0.3232919424997229	0.2164195604290827	0.1058711560439418	0.01316929608256992	0.04461066404357234	0.01153567467958817	0.01065128126022459	0.0125088312771439	0.01152175695176369	0.02041713212812533	0.01387472829208091	0.04651049779509731	0.02147539793749944	0.2921231734706262	0.1281736498466924	0.172080240044857	0.3192574362686025	0.2407419359672377	0.6815651287146703	0.3944937209274367	0.01228693530361965	0.01136838197268528	0.0207066457327224	0.0799300706731108	0.01383572889964211	0.01167984443938122	0.01397739057283333	0.01698336146115713	0.01200153797199996	0.03137064765189925	0.08401710727630585	0.1436054753217841	0.05225271459862296	0.1059718472791851	0.01180588110132491	0.01057753657833883	0.01193168390748544	0.8786923593390764	0.3061592135665119	0.06242461237599529	0.3499992453204813	0.2248042585828226	0.1000713059821423	0.01309446499649359	0.0804823991794333	0.01090588988921081	0.01035899410426038	0.01142691512993477	0.0114656936868099	0.01904770990861955	0.01387469361302055	0.04385810707238778	0.02207364114198147	0.3224942459391942	0.1481507015659916	0.123992414386744	0.2753764069299975	0.2316871321003519	0.6616232520294056	0.4020708906873975	0	0	0	0	0	0	0	0	0	0	0	0	0.0597365001395983	-0.002540365633146766	0.02940139578639028	-0.0183042680177478	0.008511143873420611	-0.005018850729358766	0	0	0.9046704100092309	20.00508901887316	4.555128878204061	2.787362025736615	11.09493274640517	0.08954764684574565	-36.73826438925705	-29.84726763953493	-7.964551421070142	-27.23918105968639	41.66870838819972	3.728902054411399	-69.72586506420572	-69.72586073733025	-97.3622929049414	-97.36229202859528	-50.53882976498863	12.36317867457248	22.94495900870527	47.42976331994171	0	0
16.39545772119589	0.05151689982080068	-0.1158994075016191	-0.03955277990111326	2.243392357931328	0.9747675584777399	1.029012709483386	0.2410513494979087	0.2150630762509625	0.08713872579542277	0.2613701439902083	-0.1700236270408531	0.01896139361327532	0.8572833105727896	0.8572833089272536	1.399556537373628	1.399556537042509	0.4159166731893985	0.02841120721549638	-0.3045825839606084	-0.4262049113496318	0.3426104095509294	0.872640209254008	0.8163919370955294	-0.1174423508923647	0.1811411568259488	-0.1275539739830213	-4.194660960157968	-1.420814325407789	-0.1986781221260373	3.513669716377013	1.213457236573022	1.233465982386845	-1.979388603330759	-1.979388541611349	-0.6108230635105305	-0.6108230448693757	1.315249293409951	2.267982675985762	1.197227270506206	-0.4120063287584056	0.01230137743019446	0.01137755579472091	0.02150776511823834	0.08278580462138978	0.01388027249278437	0.01165752590098566	0.01443253415982139	0.01695788641907444	0.01242952854624137	0.03354623493247116	0.08631328594262626	0.1465446746125586	0.04568678982213496	0.1009500398102598	0.01471652667273097	0.01296133934918741	0.01233299602421302	0.8523964282512972	0.3136923377206399	0.07190016327682718	0.3363495194942174	0.222465890154405	0.1037954149719441	0.0130958996603977	0.07976407028897742	0.01069610733405107	0.01029034701983812	0.01189786271392467	0.01140039538645852	0.0176629750542258	0.01374370052541451	0.04221174359381361	0.02225323771950735	0.3073396778535372	0.1439900278878912	0.1401444448613698	0.2971473511046879	0.232519064528118	0.6663808796958798	0.3918065285586108	0.01247621342196685	0.0114992659213397	0.0211403012042342	0.0817859410713863	0.01380628141152457	0.01142510314822925	0.01427645845680974	0.01794142631987161	0.01122319544979544	0.03361876185712583	0.0867404320766399	0.1431614024245363	0.02736964659493094	0.1622707503266366	0.01063816920214872	0.01003087246376489	0.01108600745252164	0.8545916270632481	0.2988693933850464	0.05581440058550671	0.3589583153943741	0.2337109304493956	0.1029469393656395	0.01300598861568241	0.1301881491464531	0.009554524880271968	0.009813256822843272	0.01143190178544772	0.01121386425778136	0.01340276895054691	0.01350688977597101	0.03528286979480753	0.02335020162819288	0.3328786638874739	0.169450166978047	0.09142782601459185	0.2592504597278914	0.2148963702794384	0.6202984462366294	0.3763989796291951	0	0	0	0	0	0	0	0	0	0	0	0	0.04600037613072205	-0.02520179312169512	0.03683490896223495	-0.01308095184943298	0.007511233004574844	-0.004872338577438203	0	0	-2.045733272247897	17.45671236034728	-3.277477334846324	3.526720310398908	10.39028100092198	0.8300789934664922	-28.41232651279598	-22.28832322679288	0.4690937284883521	-32.95916645099225	32.21069051017329	-11.10505708230722	-59.98647110137735	-59.9864677598575	-99.31208867271987	-99.31208816416697	-54.18960213592548	4.309327901913832	16.37257577204559	40.30494018981186	0	0
16.40425771239589	0.05440389166667548	-0.1075756515104658	-0.03258071623027676	2.242503112567258	0.9767526683502317	1.027929537182269	0.2031574173320574	0.2017802295504983	0.08549111503673208	0.2909740482090463	-0.1582273173826135	0.02921138724095276	0.8376617553147652	0.837661754323531	1.390332413471888	1.390332413321481	0.4253240330263396	0.04839503241756388	-0.2934945664267709	-0.4284266871403948	0.3077441938878296	1.015689671466548	0.759353616380358	-0.08386192812871823	0.2686754488876862	-0.1179191046373933	-4.403769213681665	-1.589293414353221	-0.1678000012630035	3.211130172505498	1.452855173796659	1.077134772428759	-2.466686257297301	-2.46668617257688	-1.48520160735088	-1.485201585164598	0.8142093293587434	2.256633600093026	1.313790257484728	-0.1127970113689664	0.01257321360927705	0.01160433428193272	0.019949436767336	0.07438908806826977	0.01371626168551886	0.0116416810649203	0.01404406307306557	0.01939281878750714	0.0126795009020478	0.03186449192467973	0.08039443869050016	0.137032498704784	0.06997082305768342	0.1221066014422079	0.01233290611126299	0.01132527387755511	0.0115281031431865	0.8475361012781246	0.301702930903186	0.05668101566019982	0.3447310208355985	0.2246329371597379	0.09988600741800974	0.01337337492897064	0.1100131194562363	0.01057804175200981	0.01029035146238615	0.0115916456591163	0.01228922541653633	0.01388843827669655	0.01482633028213634	0.0371669022282896	0.02237449750610022	0.3235726640668393	0.1598763384881858	0.1127551551854768	0.2702691556435247	0.216349616764546	0.6347946335999284	0.3756751165456328	0.0129917201476334	0.01197243451270087	0.01696065856501955	0.05490025777286333	0.01343603348957058	0.01179831675861181	0.01336688964913237	0.0237075594097923	0.0141786590444634	0.02814269441085341	0.06555921513100055	0.1138852229454505	0.1416391365144911	0.1243678907996871	0.01071381597443909	0.0103328189018573	0.01088298869435665	0.8242162812511943	0.2735533941540871	0.03431759917461643	0.3545926515831619	0.2216744510467967	0.09066426866275422	0.0140217177679837	0.1432518538285635	0.01126468164616869	0.01067895357796349	0.01133985473296732	0.01427526886785362	0.00949406544414833	0.01726983816705542	0.03168128320492582	0.02173656380091192	0.3572713583384796	0.1824608122793774	0.0806514986721991	0.2133768901803491	0.1813171474777731	0.5419765603329392	0.3299733312308571	0	0	0	0	0	0	0	0	0	0	0	0	0.03508240726075566	-0.04702171623915883	0.05296948213515475	-0.007696177885504822	0.006968951407838886	-0.005780189541010393	0	0	-5.967265932023074	15.11918514656033	-9.269824074599361	4.069933174042191	9.474634841226997	1.308001922333845	-18.9982594273418	-16.35150238440701	5.881019587118409	-35.27204509189971	22.2302373632917	-24.0096181691084	-50.86690299221291	-50.86690119348885	-99.06679458383844	-99.06679424188152	-60.0310587150886	-7.365067496230756	10.25788709462735	26.81347561226546	0	0
16.41305770359588	0.05682930360990286	-0.09807795997069936	-0.02630748709080885	2.241927642799596	0.9794706643824443	1.026945497486516	0.1637926942697577	0.1872161268047983	0.0842685801804246	0.3178629845718853	-0.1447045051011967	0.0376198726981895	0.8140973374014694	0.8140973372012452	1.373448501295689	1.373448501353433	0.4300711799499741	0.06779634004631666	-0.2816042463361505	-0.4285964023589358	0.2378249726579114	1.140136615593228	0.6618488587621478	-0.04644651403732184	0.3475181552775108	-0.1055104456911567	-4.528837845842859	-1.715376106268997	-0.1089074930178253	2.900355680245871	1.606953693986468	0.8189431107043593	-2.876337899700984	-2.876337807483585	-2.348979785275351	-2.348979760201673	0.2535361643949592	2.13284786570606	1.381358290015339	0.04888909130344337	0.01299318510082491	0.01198143302773524	0.01680239293642077	0.05549477049979983	0.01342570804911788	0.01186341315899909	0.01333836726549669	0.02381701000711633	0.01457655890083416	0.0279297648627555	0.06595852976284441	0.1172160272390433	0.1408807053826788	0.111921456434051	0.01144178894914844	0.01087019470613673	0.01109002075288908	0.8336422933013523	0.2838047497007166	0.03745926024954659	0.3477453088484485	0.2202318742325451	0.09146350093773745	0.01409967208280229	0.1301676071150902	0.01157814948116091	0.01082032451716779	0.01141629746987439	0.01449973710694746	0.01000950563405683	0.01753155134761825	0.03292911323437656	0.02145536012746929	0.3430487223259374	0.174067245746698	0.09321358129027292	0.2341768430764362	0.1916928151130885	0.5856982432637904	0.3468408028319067	0.01350722687329995	0.01244560310406204	0.01278101592580489	0.02801457447434035	0.01306578556761658	0.01217153036899438	0.012457320841455	0.02947369249971299	0.01713412263913136	0.02266662696458099	0.04437799818536121	0.08460904346636471	0.2559086264340513	0.08646503127273765	0.01078946274672947	0.01063476533994971	0.01067996993619165	0.7938409354391405	0.2482373949231279	0.01282079776372616	0.3502269877719498	0.2096379716441978	0.07838159795986893	0.01503744692028498	0.156315558510674	0.01297483841206541	0.01154465033308371	0.01124780768048693	0.01733667347792589	0.005585361937749752	0.02103278655813984	0.02807969661504412	0.02012292597363096	0.3816640527894852	0.1954714575807079	0.06987517132980636	0.1675033206328068	0.1477379246761077	0.4636546744292487	0.2835476828325191	0	0	0	0	0	0	0	0	0	0	0	0	0.02416443839078928	-0.06884163935662255	0.06910405530807456	-0.002311403921576661	0.006426669811102929	-0.006688040504582582	0	0	-9.807538517159161	13.24929124785293	-12.35532511260964	4.397495838908166	8.430673193621042	1.455505561425111	-9.52142946189778	-12.69615561636732	6.651439275509905	-35.05343291891828	12.99705494201679	-34.19967485082276	-42.32032356936357	-42.32032369633024	-96.97825798637976	-96.97825768671734	-67.61952410338797	-20.90348900948426	5.358323229142142	9.603123773380497	0	0
16.42185769479588	0.05850285715744446	-0.08755126146254472	-0.02097016023167191	2.241691346318313	0.9828412557234928	1.026072088925761	0.1236836193762821	0.1716549329415867	0.08352790660687903	0.3420447566799829	-0.1301653676640054	0.04339737484499051	0.7872530492046153	0.7872530497859993	1.34906351752334	1.349063517810295	0.429576364132249	0.08558092281173391	-0.2692876975077018	-0.428022276767892	0.1385644870692593	1.250219412883376	0.5513543214966634	-0.007087513535421044	0.4169276351362363	-0.09324535551562738	-4.574495323852505	-1.819026348582322	-0.06576837866930287	2.597567738194682	1.686043924224813	0.4831212068562786	-3.2126952163407	-3.212695133661805	-3.187960630457094	-3.187960603948218	-0.378392873317509	1.889657671897734	1.413195775729337	0.05631588563736403	0.01283854055010167	0.01190992799186771	0.01486654686351646	0.04757605999336048	0.01299507619029119	0.01182559893026043	0.01268663187640645	0.02445560070765841	0.01603014442185409	0.02523666610083485	0.05302737113153332	0.09753811038830114	0.164636881685766	0.110995243004153	0.01110556909684628	0.0107724099228538	0.01094991549456121	0.8100375344091497	0.2556828816757212	0.02278662699612689	0.3465918182819127	0.2091055286783946	0.07803847513735225	0.0139695872404123	0.1406130066369353	0.01274819400709038	0.01158564545783005	0.01126386052676713	0.01503037718833844	0.01707711600135442	0.01825702815891674	0.02765256694404637	0.01962471339776898	0.3628622734138916	0.1794131867044825	0.07782846297929631	0.1975834349701532	0.1625302784781043	0.5234138166097563	0.2955474374051323	0.01210024014091056	0.01138421549513991	0.01410848197917761	0.0519186070887115	0.01239858242471515	0.01149684458353335	0.01205612954431023	0.0211687714322918	0.01696949448672623	0.02376311188464824	0.04078227830311314	0.07423960023642853	0.129332039534749	0.1297055174671932	0.01094462080085739	0.01076312647309181	0.01099582909155165	0.7419167303505058	0.1940460326718245	0.01111114807519913	0.3403344494164381	0.1841300814877563	0.0560287354312896	0.01293525850413058	0.1466533673348941	0.01402624429789097	0.01257246821967757	0.0110869830371989	0.01381637995797643	0.03537165621839258	0.01691162429357214	0.02020711001329762	0.01684802050849185	0.3998131877614155	0.1765754887812239	0.05943736012556487	0.1422160203512476	0.115345011141189	0.3765292365719239	0.1720975302924483	0	0	0	0	0	0	0	0	0	0	0	0	0.01529708694416862	-0.08032774842145908	0.08839287165403753	0.00239712359519884	0.006223362552897718	-0.008182994126257601	0	0	-12.50464181903222	11.82742974217975	-12.2472110693454	4.513492171300416	7.341353227327771	1.284062389773832	-1.090294693627332	-11.15507676185403	2.344726554457337	-33.66299374512465	5.257092174420032	-41.71352626173249	-34.16922148297425	-34.1692234726385	-93.50193614945961	-93.50193619830459	-76.0547753438334	-34.12742929604229	2.17669043285974	-7.561277468969521	0	0
16.43065768599587	0.05921796013500009	-0.07610759584395806	-0.01656402181399531	2.241803297677413	0.9867803047232739	1.025296593061791	0.08348058665314333	0.1552221345960292	0.08294173209337713	0.3636214061447128	-0.1152083098476418	0.04595846357008734	0.7577619865579147	0.7577619877699808	1.317444493656518	1.317444494166604	0.4231933759268381	0.1007387698655036	-0.2567916470396427	-0.4280066208263782	0.02221181193700253	1.348770448537976	0.4541041171567704	0.03241091904856089	0.4766984393884812	-0.08360244686428937	-4.552321457182235	-1.915212956316612	-0.0798963764707402	2.308708745140574	1.70437681912775	0.09109688865747959	-3.478040821039091	-3.478040762414841	-3.991541727515428	-3.991541704319211	-1.084344231875977	1.539497164929255	1.424621035861777	-0.07190942624521653	0.01191934682171834	0.01123333414465547	0.01490743106508643	0.05769859470397257	0.01242009486995602	0.01139854358572259	0.01218725289522086	0.01972391672327242	0.01649861857351442	0.02479428884530155	0.04520113519446587	0.08236307735311933	0.1110183460673934	0.1328570253040134	0.01106988112221215	0.0108130266969593	0.01108876478783324	0.7763003708485462	0.214862113030429	0.01558315920194825	0.3417849567548102	0.1910390943724239	0.05934911340257581	0.01263782372401378	0.1407730367106379	0.01384344437866282	0.01251010130112688	0.0111062136539808	0.01309439647060863	0.03753418518334126	0.01604711390180873	0.02077373175092729	0.0169154088568654	0.3817384960101705	0.1729709951934969	0.06484975154607567	0.1650449479777828	0.1307275213650849	0.4499616958979454	0.2146613494434846	0.01069325340852117	0.01032282788621778	0.01543594803255034	0.07582263970308266	0.01173137928181373	0.01082215879807233	0.01165493824716546	0.0128638503648706	0.01680486633432111	0.0248595968047155	0.03718655842086505	0.06387015700649236	0.002755452635446683	0.1729460036616488	0.01109977885498531	0.0108914876062339	0.01131168824691164	0.6899925252618709	0.139854670420521	0.009401498386672105	0.3304419110609264	0.1586221913313147	0.03367587290271028	0.01083307008797619	0.1369911761591142	0.01507765018371653	0.01360028610627144	0.01092615839391088	0.01029608643802698	0.0651579504990354	0.01279046202900444	0.01233452341155112	0.01357311504335273	0.4179623227333459	0.15767951998174	0.04899954892132338	0.1169287200696884	0.08295209760627036	0.2894037987145991	0.06064737775237745	0	0	0	0	0	0	0	0	0	0	0	0	0.006429735497547969	-0.09181385748629561	0.1076816880000005	0.00710565111197434	0.006020055294692505	-0.00967794774793262	0	0	-13.7031256494597	10.56088361214512	-9.497220995054152	4.43189783162303	6.241161990990996	0.8780604335977217	5.90200931644017	-10.79685944756084	-6.104817788265728	-31.96916539381822	-0.8247518781377646	-47.07359061969581	-26.12888093911468	-26.12888431142254	-88.97249196292255	-88.97249268786895	-84.25624367191523	-44.88009148372019	0.6705293842942035	-20.557748428988	0	0
16.43945767719587	0.05887962154236482	-0.06384790865471533	-0.01288335777655022	2.242257296430259	0.9912025610672858	1.024588343444685	0.04372707012725588	0.1379539814158147	0.08186855143938182	0.3827226194487162	-0.1003054206681295	0.04488500665457613	0.7262486426433755	0.7262486442298594	1.278941155281122	1.278941155959015	0.4102943318665482	0.112448528831196	-0.244235569187916	-0.4295324744235451	-0.09909922334461396	1.435274892741325	0.38874338318692	0.07038769664070352	0.5267238960795252	-0.07813394275654935	-4.47404783030033	-2.008723592189068	-0.1796751031319525	2.035025657236266	1.675949652358968	-0.3404171202191024	-3.672056290702421	-3.672056265156424	-4.751280882791238	-4.751280868682832	-1.857335190344084	1.112198865217503	1.428675351285219	-0.2826210742441955	0.01139200665791219	0.01078900474235366	0.01597158586793199	0.06387238988569825	0.01234446544155634	0.01117891740372639	0.01188628381771992	0.01536370886146247	0.01574799985258112	0.02336038358657222	0.03829906309932758	0.06491725688367712	0.07114174222742131	0.1512127189976697	0.01103870691133043	0.01084666811131738	0.01126560481690579	0.7269002084400115	0.1697685938501464	0.01222715971812533	0.3290047705567254	0.1683753043768788	0.04201174973063914	0.01177372685407429	0.1421580258373934	0.01504300236062989	0.01368261707790608	0.01096676816743637	0.01150741257074273	0.05975839552448748	0.0138976664506812	0.01557586842886536	0.01476344023343782	0.3808616755626341	0.1614067173947963	0.05079940239632054	0.1366399972287343	0.10515232795346	0.3691616978302841	0.1415383667317461	0.01130324485941174	0.01061577372975508	0.01775870602315754	0.06314126179862695	0.01274942047609657	0.01119597363200288	0.01169866035177691	0.01181857696445746	0.01393170985889814	0.02025087711968269	0.02952550121427801	0.0385244571811818	0.05954053029297855	0.1672627458640121	0.01095014926788625	0.01085200320449043	0.01144832732536542	0.5890765204057079	0.09976183067521874	0.01029383036603103	0.2939472731770785	0.1300088474157595	0.02368609571118802	0.01145870181524724	0.1491200605574088	0.01652764179113644	0.0152209885681741	0.01082637593404743	0.01050764809148245	0.0872865768990557	0.01208033882418367	0.01154414671543634	0.0130005324754593	0.3457305582196267	0.141405732442841	0.03142644395177129	0.0983134351893246	0.07802194142722969	0.2058823221462928	0.05829916624923887	0	0	0	0	0	0	0	0	0	0	0	0	-0.001434701690203375	-0.08921939793616447	0.1176879682675846	0.01088018808693721	0.005909225966239845	-0.01071898611399457	0	0	-13.70432604513929	9.02161891217105	-5.199302541941162	4.171146607220901	5.125125030212776	0.3544209174307324	11.72256554364409	-10.33746028761612	-16.74729865562243	-30.23694776982156	-5.390253085627182	-50.71960201038767	-17.92233153560406	-17.92233553423019	-83.5572635898202	-83.55726487939964	-91.10850805559545	-51.41765708182795	0.4157182456010491	-25.79927225156509	0	0
16.44825766839586	0.05748542596122994	-0.05089328774163428	-0.009602663260776243	2.243033306216543	0.996021633466043	1.023907405338293	0.004875442461851281	0.1198926784267719	0.07949902914400638	0.3994811448677532	-0.08580981188170757	0.03989612403467101	0.6933491937405831	0.6933491953982203	1.233972143735969	1.233972144484128	0.390355280437548	0.120210925334882	-0.2316426444925412	-0.4329909519452156	-0.2165110548629773	1.505885203902821	0.3638236773315286	0.1053679469392043	0.5668693025021188	-0.07742857309143934	-4.348709178218749	-2.093831383890736	-0.3744086374710232	1.776004833615439	1.614139777485156	-0.7959366637752485	-3.792667156278778	-3.792667165135514	-5.459881923531207	-5.459881921991034	-2.68085209091196	0.6501471041500665	1.434052990917433	-0.4964048889173468	0.0115597174014873	0.01079564752984788	0.01779672492478717	0.05937382982761055	0.01293647941621101	0.0113222896858558	0.01179565899740537	0.01298755738778155	0.01370679528327643	0.02001596119023882	0.03087421020605536	0.04247283124966897	0.08225817330848713	0.1572333750872822	0.01093503206152442	0.01083558664524751	0.01141786007200315	0.6584494697549148	0.1248127610274389	0.0114470167747027	0.3059865822128888	0.142145161633202	0.02851270798282166	0.01181870496084947	0.1489287329810059	0.01639341274156309	0.01512685564063795	0.01085157808388834	0.01101662707877188	0.08118956002803526	0.01261748447154633	0.01301318796301646	0.01356413038504528	0.3505437481053909	0.1473395409765463	0.03437968130753678	0.1122944249874547	0.08976062308262318	0.2827930617602379	0.09901983837638237	0.01191323631030231	0.01090871957329238	0.02008146401376475	0.05045988389417123	0.01376746167037941	0.01156978846593344	0.01174238245638835	0.01077330356404433	0.01105855338347517	0.01564215743464987	0.02186444400769097	0.01317875735587123	0.1163256079505104	0.1615794880663753	0.0108005196807872	0.01081251880274696	0.0115849664038192	0.488160515549545	0.05966899092991645	0.01118616234538995	0.2574526352932308	0.1013955035002042	0.01369631851966576	0.01208433354251829	0.1612489449557033	0.01797763339855635	0.01684169103007676	0.01072659347418397	0.01071920974493793	0.109415203299076	0.0113702156193629	0.01075377001932157	0.01242794990756587	0.2734987937059074	0.125131944903942	0.0138533389822192	0.07969815030896077	0.07309178524818905	0.1223608455779865	0.05595095474610028	0	0	0	0	0	0	0	0	0	0	0	0	-0.00929913887795472	-0.08662493838603331	0.1276942485351687	0.01465472506190008	0.005798396637787185	-0.01176002448005653	0	0	-12.85052660262905	6.925677892964111	-0.4714265704595502	3.755490096035476	3.999751903165414	-0.1928776131388208	16.60636413526877	-8.770229790270582	-27.32043347838189	-28.69723863367979	-8.361100223727586	-52.41599639593715	-9.448357115673415	-9.448360759947516	-77.37046312277725	-77.37046463280947	-95.58085969813757	-52.6663712166776	0.8821759510908734	-21.02590039691995	0	0
16.45705765959586	0.0551012013005667	-0.03740591528048597	-0.006361035786844624	2.244099338640344	1.001150637977971	1.023211669070069	-0.03269698802583974	0.10116176448841	0.07502693948364508	0.414013119835674	-0.07194832082696787	0.03086752080815893	0.6597191527495528	0.6597191542027682	1.183015737088185	1.18301573779158	0.3630353196953055	0.1239306303078568	-0.2189802144103122	-0.4380102811330019	-0.3229423527055855	1.555551197216918	0.3792996826017145	0.1361199408368239	0.5972068180841015	-0.08146773420402623	-4.184865071644181	-2.1587650770817	-0.654583158296254	1.528035110750015	1.534870123806904	-1.254108582244527	-3.837856234399224	-3.837856269998928	-6.111103664647766	-6.111103676247054	-3.530088812257873	0.2014908225476679	1.444742864998886	-0.6221517044587952	0.01254391467621662	0.01142365279958397	0.01795890654749527	0.04917535111126386	0.01342393245145464	0.01162608019697835	0.01159218455300645	0.01341808375748052	0.01380920389591232	0.01868746845060284	0.0286558349192014	0.03609059400846554	0.09871585853087878	0.1621387521747534	0.01082290296670982	0.01074358987921295	0.01132108905231204	0.5730140358763767	0.08482747741455386	0.01130743105931301	0.27319770057304	0.1165572234492293	0.02094842187089503	0.01214457753554513	0.1603013033481578	0.01831711070645477	0.0170523598863326	0.01083824597408255	0.01454096421526358	0.09436275398919641	0.01396887895363976	0.01165029461354698	0.0129298838207802	0.3066963601441471	0.1345537697699253	0.02275653508380859	0.08535297535553167	0.07572335426305206	0.2030692955305283	0.07447117736937378	0.01428695008984699	0.0126247485774203	0.01642658083372432	0.0331670645644917	0.01375365300127748	0.01204999456337084	0.01121576583092915	0.01611309868207184	0.0161787835856849	0.01945560528141444	0.03120826076685737	0.04568368327553386	0.1108803177904144	0.1722737627984678	0.01070169664101831	0.01057299277633929	0.01098526109289159	0.3652592421428382	0.03691877337495856	0.01123303155972124	0.205053614187822	0.0823295532434721	0.01686466033076508	0.01259984015948777	0.1816609911357404	0.02105006246235545	0.01966853767317649	0.01091261893433168	0.02208498061114464	0.1031565275459326	0.0177870015519552	0.01067470358321112	0.01254206273892988	0.2201804255112093	0.1183558806105852	0.01441860023224796	0.04462893877737958	0.05533804402124837	0.08616225666821044	0.04966951684933877	0	0	0	0	0	0	0	0	0	0	0	0	-0.01751556107269294	-0.0718646829303415	0.1160669651656623	0.01779005809922532	0.005580924301968924	-0.01138039908667157	0	0	-11.20218883958968	4.284851787602516	3.877292808973997	3.215774300608106	2.904290136549422	-0.7208175084593057	20.43684651411457	-5.752106446436898	-35.8950302433313	-27.8072531635419	-9.259604202207317	-51.08424465974525	-0.8093330029958503	-0.8093352886925917	-70.53454698435074	-70.53454841676269	-96.83440552518509	-48.41793600847959	1.533091164323979	-5.920652153620027	0	0
16.46585765079586	0.05185448018193826	-0.02358913719053266	-0.002824729260389085	2.245413824595664	1.006505019681712	1.022460265822354	-0.06869438121767979	0.08199344962150686	0.06779644539357094	0.4263854326455726	-0.05878723417774721	0.01791282625015595	0.626026389231414	0.6260263903070686	1.126601071743678	1.126601072293058	0.3282411181536588	0.1239319604981812	-0.2062012538175112	-0.4434326174270658	-0.4114211722355552	1.580192849288305	0.4295383282808983	0.1617039440832739	0.618195507905258	-0.09004562068503623	-3.992437513677307	-2.191418564188392	-0.9965113138670231	1.283787743555133	1.458708257755838	-1.681447685046729	-3.80692699578693	-3.806927043137862	-6.699489541175781	-6.699489564080356	-4.373967399171871	-0.1879044820147908	1.460048072080287	-0.5754704447802333	0.01437315291004767	0.01271553505867643	0.01580842551577902	0.03467842859253333	0.01360541815740136	0.0120374535751957	0.01119119050881916	0.01682906592540916	0.01695530848646534	0.02045357103820567	0.03325831488297591	0.05209374064679961	0.1031656093072288	0.1698493269135797	0.01071893187242042	0.01056126500037892	0.01091667682990323	0.4708106967267809	0.05218376728344316	0.01128211241550509	0.2305979801193595	0.09356147609132982	0.01974935841670042	0.01258600937719418	0.1759404668790552	0.02092435458358923	0.01951346406196123	0.01094690295589104	0.02277021811175112	0.09689327431313095	0.01838590458174213	0.01106957752133826	0.01275209138286454	0.257143162717486	0.1246478381359482	0.01825016611588264	0.05275928241623813	0.05931365025712372	0.1381096227823633	0.05928011479854845	0.01666066386939167	0.01434077758154822	0.01277169765368389	0.01587424523481216	0.01373984433217554	0.01253020066080823	0.01068914920546996	0.02145289380009935	0.02129901378789462	0.02326905312817902	0.04055207752602377	0.07818860919519649	0.1054350276303183	0.1829680375305604	0.01060287360124943	0.01033346674993162	0.01038555578196398	0.2423579687361314	0.01416855582000067	0.01127990077405253	0.1526545930824132	0.06326360298673998	0.02003300214186439	0.01311534677645726	0.2020730373157776	0.02412249152615455	0.02249538431627623	0.01109864439447939	0.03345075147735135	0.09689785179278927	0.0242037874845475	0.01059563714710068	0.01265617557029388	0.1668620573165112	0.1115798163172284	0.01498386148227672	0.009559727245798394	0.03758430279430769	0.04996366775843442	0.04338807895257726	0	0	0	0	0	0	0	0	0	0	0	0	-0.02573198326743115	-0.05710442747464967	0.1044396817961559	0.02092539113655055	0.005363451966150662	-0.01100077369328661	0	0	-8.804475641353138	1.260813089930784	7.371558279164619	2.586901831968727	1.878846106846826	-1.225262022898365	23.12581454667325	-1.493110656219771	-41.20251084485738	-27.84637653204782	-7.612077214656907	-45.12865474878606	7.828735718053598	7.828735366148392	-63.0751249304093	-63.07512602159193	-94.28972803915833	-39.3848000977698	1.853368607819563	17.69787831241793	0	0
16.47465764199585	0.04792782390727288	-0.009677060336718382	0.001275123593288324	2.246928296449335	1.012005317829125	1.021614115220613	-0.1029051810733651	0.06271525479691833	0.05740040673736944	0.4365982061917325	-0.04620002934867064	0.001503177813114131	0.5929394646871801	0.5929394653562305	1.065307435196241	1.065307435508979	0.2861717122054255	0.1209052970828604	-0.1932831934801724	-0.4474517253585415	-0.4770618351614063	1.576668442718695	0.5057225068330573	0.1814934440493391	0.6304624992372132	-0.1029690225587648	-3.779767198937861	-2.182428615894107	-1.368332491708673	1.036550873862643	1.407942536054868	-2.030321161091206	-3.700253488044523	-3.700253530651421	-7.218685605031357	-7.218685634990213	-5.177517339434028	-0.481716024178269	1.475366623071775	-0.2958509190947399	0.01755032433444475	0.02000138024328617	0.01446014873876334	0.02348609631914563	0.01424608364986735	0.01331168646394467	0.01141409766618454	0.02491152478069132	0.01658852911389063	0.01891463999016701	0.03301704847477959	0.05637575130061647	0.1039678324573878	0.1689852369124487	0.0108399843860281	0.01059694911703756	0.0108068944765853	0.3686886843377037	0.0302973174449447	0.01143241273841585	0.185162607976701	0.07224666381417937	0.01959642599873419	0.01539940925220308	0.1833570626233543	0.02209708720628575	0.02099519336462289	0.01126592391834673	0.04049718810867581	0.09425755610433151	0.02595656259429234	0.01211167597732509	0.01397973366006088	0.2086425606849896	0.1124173860929225	0.01501842550926225	0.02953089248426794	0.04360205752024159	0.08693519488791292	0.04555292173399275	0.0223172428189461	0.03393592692825577	0.01412835843991588	0.01465510369578378	0.01546606249260345	0.01554672053954921	0.01228235821350482	0.0382546771417047	0.01226418132033334	0.0133685231437702	0.02647323808509394	0.04432325003400997	0.1041106408129712	0.1552978792302851	0.01118373313640574	0.01085597221417857	0.01101354993884472	0.1811818113428491	0.01262588755598534	0.01174415221873889	0.1137277933401769	0.04535324946906272	0.01904711624507499	0.02081405291459775	0.1825357873048484	0.02196160655792103	0.02168579691531785	0.01179951339464924	0.07042390655602417	0.08763599309538161	0.03728069595109775	0.01464615801406381	0.01660191709014183	0.1335459564353948	0.09134060983135821	0.0109324692092687	0.01301277635918273	0.02569778335506667	0.02759077514654016	0.02733042049103032	0	0	0	0	0	0	0	0	0	0	0	0	-0.03464376213185221	-0.03754345497927478	0.07509123601747725	0.02262461161864613	0.005049896685001979	-0.009277662362081428	0	0	-6.133137970367607	-2.136858795570567	9.738035386061945	1.904971470657395	0.915751525568955	-1.707308569602672	25.17894935201545	3.660583505477173	-42.63743285043019	-28.33680604625197	-3.594693698668892	-33.04764847856057	16.40939097607593	16.40939228100687	-54.74037231612341	-54.74037278162858	-87.6385781798034	-26.96555973126145	1.504761730284061	46.33539191535006	0	0
16.48345763319585	0.04352299804770446	0.004066044233339841	0.006120674412910886	2.248590199979605	1.017576600608717	1.020636018359796	-0.1351642321504039	0.04372428824858353	0.04372789433302415	0.4446203242051172	-0.03388237991453973	-0.01742139015068135	0.5611233396853048	0.5611233400415355	0.9997836046469184	0.999783604688312	0.2373425848648912	0.1158010155142749	-0.1802532181505458	-0.4478791812558723	-0.520800151928294	1.541008287985577	0.5971084965919007	0.1951914678711113	0.6343453211347907	-0.1199712332254082	-3.548459060299435	-2.125300536520324	-1.735428320024499	0.7867319317979802	1.399432768890588	-2.243032090493997	-3.518097561965974	-3.518097589619791	-7.658880111619212	-7.658880142115869	-5.904144541255892	-0.6576892668492511	1.484444448176988	0.2415760894028051	0.02220066698052488	0.03450292358900004	0.01475265035601727	0.01808542407738188	0.01554520110066751	0.0156417339136029	0.01247356321515269	0.03802335492869577	0.01094056762637219	0.01229125770747997	0.02455551433119128	0.03862557313662317	0.103642892648595	0.1548945151036192	0.01124220079197399	0.01093052127885279	0.01114837787820797	0.2772297523877543	0.01980352746484684	0.01177441903246725	0.1406398232784198	0.05217013737522572	0.01894138775245641	0.02114647392217543	0.1777076437488071	0.02126631408737546	0.02109576584442049	0.01181807202118921	0.06865182306681539	0.08803551070797117	0.03667839440638281	0.0149838129845186	0.01685312291122144	0.1650217631224261	0.09572992825767714	0.01126583175713094	0.02137943097449108	0.02973606916642199	0.04820036814554804	0.03015069958623674	0.02797382176850054	0.05353107627496331	0.01548501922614786	0.01343596215675539	0.01719228065303136	0.01856324041829019	0.01387556722153968	0.05505646048331004	0.003229348852772058	0.003467993159361374	0.0123943986441641	0.01045789087282344	0.1027862539956241	0.1276277209300098	0.01176459267156205	0.01137847767842552	0.01164154409572546	0.1200056539495667	0.01108321929197001	0.01220840366342524	0.07480099359794058	0.02744289595138545	0.0180612303482856	0.02851275905273824	0.1629985372939193	0.0198007215896875	0.02087620951435946	0.01250038239481909	0.107397061634697	0.07837413439797397	0.05035760441764799	0.01869667888102693	0.02054765860998978	0.1002298555542783	0.07110140334548803	0.006881076936260675	0.01646582547256707	0.01381126391582564	0.005217882534645911	0.01127276202948338	0	0	0	0	0	0	0	0	0	0	0	0	-0.04355554099627326	-0.0179824824838999	0.04574279023879857	0.0243238321007417	0.004736341403853294	-0.007554551030876248	0	0	-3.931205195681807	-6.062701561511373	10.80640407822492	1.209797504477334	-0.03529344015432545	-2.146458190907796	27.49179587489738	9.380701150533268	-40.17046251363485	-28.2789345587763	1.772418987038068	-14.18233432107133	24.99658919586562	24.99659106686055	-45.03094084237837	-45.03094048626185	-76.8152356259299	-12.91092205485919	0.4509567363220925	75.48341369407467	0	0
16.49225762439584	0.0388089695835985	0.01733660972602957	0.01179427445769566	2.250346022096727	1.023145024444148	1.019492282398675	-0.1652903130006191	0.02545967986482065	0.02696654835829298	0.4504593958977693	-0.02142764871565368	-0.03740544092439901	0.5312432053203116	0.531243205500325	0.9307844752602602	0.930784475057167	0.1825908668318155	0.1096954314977658	-0.1671918928618484	-0.4424899109388787	-0.5483821001098446	1.468602551180672	0.6919216763817273	0.2028916392221862	0.6297864120988764	-0.1404808373560446	-3.294133726101038	-2.017382779345062	-2.065369154471518	0.5419200672933536	1.439061564610518	-2.262391485079696	-3.260200455285175	-3.260200468683865	-8.005834325644525	-8.005834349669021	-6.517670580837452	-0.7096116948758264	1.481678356085708	1.0196351628248	0.02794592188198923	0.05089819467986478	0.01498818359800243	0.01538575061804831	0.0168369031306473	0.01852937507264917	0.01317974266485892	0.04951861335312337	0.01820440808369935	0.01704802736119086	0.02215137327958778	0.02763772644381297	0.09560985110830848	0.1385634536228643	0.01135954391399313	0.01098203952003906	0.01122777180036214	0.1960032805905872	0.0161558725452171	0.0122986593620217	0.107185698813201	0.04242610319528623	0.02070296313704185	0.02803585575402223	0.1751359116648174	0.02679380740996912	0.02403157603862648	0.01260731486547562	0.09546110369045581	0.07168218165269248	0.04579650096592627	0.02032004336370879	0.02113633193384216	0.1296612306072997	0.08052246102506927	0.01042542493438258	0.0239739690764658	0.01945637523796177	0.02399410026028925	0.01860429556001372	0.03550406700133731	0.07185375590566433	0.0148823672793921	0.01353627859276689	0.01818990463081308	0.02218967628022399	0.01349685980572714	0.06118374248706311	0.03961672408507412	0.03412144498683258	0.02691732137592919	0.02651060737482533	0.07601279627078783	0.1165285308955483	0.01117555214987887	0.01072299295926475	0.01098939644721447	0.07364267391189767	0.01560027559615843	0.01302791910427233	0.073415617093645	0.04062482556256442	0.02514242792591759	0.03671993745323834	0.1801435007847333	0.03979890004458957	0.0304516658444935	0.01368234551540501	0.1284483071737329	0.04007566826592932	0.05479865481859098	0.02849102759752621	0.02713493287916075	0.08646395719274012	0.06342556887633766	0.01226142344358292	0.03349491448225286	0.01050741754788659	0.00575171339042085	0.009353413278112335	0	0	0	0	0	0	0	0	0	0	0	0	-0.05065571593364115	-0.001445502960132075	0.01958622595507233	0.02558570332775837	0.004599982810680022	-0.005691085532561617	0	0	-2.428640212733082	-10.43771860384433	10.51709649991299	0.5509131227343986	-1.003371816014348	-2.494219637590422	30.37863021047705	15.06977556974317	-34.32067478563021	-27.20443916523915	7.117113901889184	10.5970194990125	33.61927292245376	33.61927412305268	-33.48933819324074	-33.48933713253246	-61.9785715357356	0.9240677348522677	-1.157700857051261	100.2080327463603	0	0
16.50105761559584	0.03390530155150677	0.02979900678226336	0.01827382506540659	2.252145096790762	1.028635714071929	1.018156436693183	-0.1930633838417647	0.00835598685521638	0.007563465905823476	0.4541960722254392	-0.008430498030230008	-0.0565478851388142	0.5039664912423882	0.5039664913356326	0.8592056025939738	0.859205602225092	0.1230630838154309	0.1036491774981307	-0.1542229230755579	-0.4293982775701071	-0.5642564354071438	1.357369122956592	0.7783519045445318	0.2051550442169912	0.6166704993894955	-0.1633954059415576	-3.013570158152982	-1.862834796935333	-2.332175302515961	0.309894819636704	1.520732108812267	-2.047072705044976	-2.926418168592731	-2.92641817670829	-8.242083348379243	-8.242083361764189	-6.984273911789856	-0.6469566076010571	1.462828118902034	1.979072160245756	0.03469169415960985	0.06796485016038956	0.01471441025116582	0.01437513535451351	0.01794776916557149	0.02184729659089871	0.01322417135981688	0.05775259821125318	0.04256184036121531	0.03713602140260297	0.0298177258429421	0.03245773272407815	0.07727764779404002	0.1245797324284246	0.0110449318570287	0.01060090494864534	0.01085967028788932	0.1249869626879702	0.01743002708128798	0.01300252392230956	0.08943237908256794	0.04579566394106913	0.02564293654551956	0.0356228003279342	0.1820802943424122	0.04076649132545651	0.03089829296225821	0.01363468437301235	0.118261911441082	0.04237883136707648	0.05210075879864545	0.02826768249123134	0.0267652212007376	0.1040194917149942	0.06914442186437761	0.01338255702872542	0.03509682166085949	0.01322966871219888	0.01378157089996569	0.01267997268805037	0.04303431223417408	0.09017643553636534	0.01427971533263634	0.01363659502877839	0.01918752860859481	0.02581611214215779	0.01311815238991461	0.06731102449081618	0.07600409931737619	0.06477489681430379	0.04144024410769429	0.04256332387682722	0.04923933854595157	0.1054293408610868	0.01058651162819568	0.01006750824010398	0.01033724879870348	0.02727969387422863	0.02011733190034685	0.01384743454511941	0.07203024058934944	0.05380675517374339	0.03222362550354958	0.04492711585373843	0.1972884642755473	0.05979707849949165	0.04002712217462755	0.01486430863599093	0.1494995527127689	0.001777202133884676	0.05923970521953398	0.03828537631402551	0.03372220714833172	0.07269805883120196	0.0557497344071873	0.01764176995090516	0.05052400349193863	0.007203571179947538	0.00628554424619579	0.007434064526741288	0	0	0	0	0	0	0	0	0	0	0	0	-0.05775589087100905	0.01509147656363575	-0.00657033832865391	0.02684757455477505	0.004463624217506751	-0.003827620034246987	0	0	-1.170500361736737	-14.78667448282195	8.914419933739291	-0.0172285368423081	-1.977108792421989	-2.680149009320195	33.3447946550251	19.820844536145	-25.98300850852468	-25.45959636833722	11.11440818699054	38.54188007243312	42.23847924637435	42.23847924099967	-19.83295495605284	-19.83295371620345	-43.5037987195668	12.89326923017135	-3.197649029601608	116.0678800329312	0	0
16.50985760679584	0.02891267874828215	0.04112053955012712	0.02543586259708134	2.25394370044403	1.033973314535089	1.016614581655124	-0.2182572375079966	-0.00722433964669116	-0.01384157544666605	0.4559628461648823	0.005410881382221573	-0.07271324783301954	0.4799608371984488	0.4799608372071527	0.7861058423884606	0.7861058419447546	0.06018611844392919	0.09858207024205498	-0.1415049492224098	-0.4073948679907346	-0.5682290375605943	1.210270925806896	0.8452509934626009	0.2029793975483518	0.5949965464049516	-0.1869518799254721	-2.708612880882489	-1.673773195763519	-2.518036425852152	0.09461274117591618	1.627208639505965	-1.587549604752116	-2.51674722001942	-2.516747232336394	-8.348093656677689	-8.348093661150651	-7.27437310122679	-0.4914322145202194	1.423853698807675	3.027760169576651	0.0332216976639815	0.08374197721668958	0.01429613198748596	0.0136233451562542	0.01764326305419119	0.02297534301499775	0.0140500182997403	0.06441200063158144	0.06522262476314865	0.04401110224537796	0.03068503202152149	0.03213850936413305	0.0755672218877271	0.106786403815527	0.01103888261590573	0.01054908307626682	0.0107436440753286	0.0740820170300447	0.01756247341650089	0.0132262226027478	0.07657112237911275	0.04485150053951826	0.02659114153741178	0.04118375743149603	0.1939094084068508	0.05363870789439632	0.03497648029673189	0.01429741858291153	0.1397071415868291	0.02020294974896296	0.05619554988334625	0.04694368080373793	0.03016602702568771	0.08518211324137138	0.06109762999713312	0.03264798817450637	0.03628776556286203	0.01057845081620114	0.01016197353398307	0.01035877027748714	0.02311307088092813	0.103222786000624	0.01378198980934006	0.0126676660760766	0.01599133996628895	0.02211461948583706	0.01584999968296606	0.07201114578877343	0.08938319273809583	0.03619209975956699	0.02295794039721377	0.02309227131018812	0.09443408716250486	0.07648860655036736	0.01139987063060827	0.01087692731009472	0.01093042071628401	0.02590844970781434	0.01564154841277027	0.01300019687567341	0.05962334879082203	0.0360898977009914	0.02321042109013452	0.0458030070897343	0.2157761246923953	0.06695135636859406	0.03634404555371722	0.01466991207309679	0.170650578713735	0.004992525240986919	0.05968087891763871	0.08009462425949176	0.03178258485441245	0.0640880247150383	0.05324963434488467	0.07040538386852233	0.02609949828925776	0.01000309664818105	0.008778429214164375	0.009836597863395372	0	0	0	0	0	0	0	0	0	0	0	0	-0.06122666203943021	0.0218842715128312	-0.008307874239934543	0.02850614538265154	0.004728631572708305	-0.003050400059188755	0	0	0.3346620986006246	-18.48436430402838	6.097642495144846	-0.453023097547108	-2.949042843463079	-2.628243391413865	35.86349836226862	22.79768798302774	-16.05576353391944	-23.43726744849425	12.58007473992331	65.26634417026796	50.87917691833484	50.8791760890518	-3.862131480742954	-3.862130817489661	-21.98116876033065	21.90535857549975	-5.774839500294497	120.1822851600757	0	0
16.51865759799583	0.023949268713565	0.05101878157210491	0.03306309734938252	2.255708182311841	1.039082505598071	1.014871113977359	-0.2406784061592546	-0.02105418583805287	-0.03648386125283957	0.4559155124959892	0.02020491691347283	-0.08386603576275738	0.4598958551038245	0.4598958549692903	0.7127224547685053	0.7127224542979899	-0.004378646911298668	0.09518931582728922	-0.1292400206286575	-0.3761659259081659	-0.5568687583542316	1.035738427104798	0.8824889538070108	0.1976168820479119	0.5647516917293666	-0.2087825998474533	-2.38445670702894	-1.468382112318137	-2.611962106258835	-0.1022078622588199	1.732386847727903	-0.9172958460436801	-2.030682746606181	-2.030682766839116	-8.303048560366403	-8.303048563574093	-7.364600623756773	-0.2713918271911109	1.358531801545554	4.057398651126338	0.02074035060513536	0.09769757678104217	0.01382953186745714	0.01273899038353831	0.01558655894772732	0.02120266155664334	0.01603153369958447	0.0699125709212655	0.08199884981924281	0.0300211669912369	0.01998380831448116	0.02038440833220675	0.09920332066570207	0.08254047420257087	0.01153377476916196	0.01102426141630673	0.01106150150543867	0.0475424673216494	0.0149008603453912	0.01279704161752127	0.06371927000107605	0.03411244576459126	0.02157732803353094	0.04397988425603636	0.2087320967201145	0.06302574986318227	0.03446623440065422	0.01443827053387618	0.1604513565009968	0.01262413406084321	0.05819532159299388	0.07805255930191447	0.03038747903162438	0.07147027381892655	0.05609554465292683	0.07042116846115171	0.02225539455581772	0.01124976422021829	0.01026427755664803	0.01091958421166032	0.003191829527682185	0.1162691364648827	0.01328426428604377	0.01169873712337481	0.01279515132398309	0.01841312682951632	0.01858184697601751	0.07671126708673068	0.1027622861588155	0.00760930270483019	0.004475636686733257	0.003621218743549027	0.1396288357790581	0.04754787223964798	0.01221322963302086	0.01168634638008546	0.01152359263386455	0.02453720554140005	0.0111657649251937	0.01215295920622742	0.04721645699229462	0.01837304022823941	0.01419721667671946	0.04667889832573018	0.2342637851092434	0.07410563423769648	0.03266096893280689	0.01447551551020266	0.1918016047147013	0.008207848348089162	0.06012205261574344	0.121903872204958	0.02984296256049319	0.05547799059887462	0.05074953428258202	0.1231689977861395	0.001674993086576887	0.01280262211641457	0.01127131418213296	0.01223913120004945	0	0	0	0	0	0	0	0	0	0	0	0	-0.06469743320785137	0.02867706646202665	-0.01004541015121518	0.03016471621052803	0.00499363892790986	-0.002273180084130523	0	0	2.350912053707264	-20.92541493096079	2.197430929777718	-0.7414816319576896	-3.925797759771906	-2.281164521393356	37.6690961542315	23.47285896857215	-5.164722046326067	-21.28432467655443	10.74617319250238	85.55610956327166	59.60360531407825	59.60360448482555	14.48624232966741	14.48624192380887	1.76316750156369	27.53831625567294	-9.26051259129599	111.7951665934687	0	0
16.52745758919583	0.0191726558982003	0.05930804826032066	0.04085460532770809	2.257416114920085	1.043887674131783	1.012953024899834	-0.2601888657105066	-0.033082338795125	-0.05952195004276706	0.4542196573535364	0.03580939177505212	-0.08846662975108745	0.4444465907731321	0.4444465904355622	0.6404746224030533	0.64047462187582	-0.06879937640495731	0.09390814604718935	-0.1177009743856612	-0.3363522567376515	-0.5247075765531822	0.8471918434724653	0.881253124143611	0.190324024985899	0.5258985398242815	-0.2261797608128522	-2.048529927182442	-1.267919897417515	-2.607039439892598	-0.2801066600628961	1.806499238423218	-0.11496983786685	-1.467725424964538	-1.467725449886819	-8.086911884418022	-8.086911895344857	-7.239944460884988	-0.01627843599882629	1.2568957956675	4.962394896446842	0.03001319189571616	0.1031306551592653	0.01433104017121005	0.01416214677553736	0.0159824356528855	0.01912052379291557	0.01696774881687811	0.06908323166311611	0.1138146145003451	0.02994615380093289	0.01595064521335044	0.01317532719819481	0.1008786466061319	0.1176149315592913	0.01157734477859491	0.0111606368118963	0.0111825614618349	0.04208455115652956	0.01267073751071075	0.0120696220195436	0.06582067242388359	0.02487927203343845	0.01684348997025206	0.04139987333915125	0.2235938098448183	0.1162790033779367	0.02845010864789634	0.01364767486881915	0.1523912080735338	0.01285890737118044	0.05470265292476121	0.09648339466823283	0.0334868787300583	0.05456280585567601	0.05451319468531368	0.1401010288547786	0.01631655695970364	0.01580428404361611	0.01123486024222963	0.0154055356481831	0.0641612150113095	0.1012420681967517	0.01581422579525345	0.01795766483573961	0.01907912470647969	0.01700440531841343	0.01683848908090521	0.06144275285171304	0.1770027613946468	0.04791848030624966	0.02004814413273147	0.01168410900738487	0.07050841866306726	0.2360394448902648	0.01111316262486032	0.01090176648345007	0.01105519276681953	0.04857310065866907	0.01108640982854987	0.01109096600015257	0.08431463404947213	0.01777407736123235	0.0128984111735483	0.03341040063450748	0.2472211025071929	0.2408054236623227	0.01688526844742488	0.01197589787585462	0.1025661114248824	0.01693520780207412	0.0450518207963441	0.1048496415814775	0.04068153839700237	0.02829300542842129	0.05528832918606071	0.2756862887185171	0.0204432352795796	0.02399664429706447	0.01241189028788441	0.02363635565802744	0	0	0	0	0	0	0	0	0	0	0	0	-0.06597076585386263	0.02997143389186054	0.006420926368603389	0.03564541083831924	0.00558390475137288	-0.002431557480151616	0	0	5.091738295245591	-21.59984117841093	-2.609097261160444	-0.8962075386429772	-4.903761558409863	-1.622231619863091	38.49332104746458	21.68581814798616	6.378775342347051	-19.16738799394691	5.585416868544824	94.58903553885021	68.31983908132645	68.31983891640891	34.94096235599762	34.94096111489723	26.658378459105	29.93644869417449	-14.09781497483711	92.22376645392487	0	0
16.53625758039582	0.01479511368114626	0.06593775233585313	0.0484402079142091	2.259055269339549	1.048313135597956	1.010911079672258	-0.2767255383948267	-0.04344521284681486	-0.08206269822315186	0.4510388572427842	0.05182980903990558	-0.08583499283565403	0.4342859805368535	0.4342859799843158	0.5709416811500545	0.5709416804760864	-0.131156478040289	0.09492727825963762	-0.1072648253228054	-0.2894509668445742	-0.4651180184093001	0.6615254394635146	0.8348275399361456	0.1821265234618196	0.4784622624246063	-0.2365326528242588	-1.710183623301332	-1.093079245564505	-2.498165178424778	-0.439811365357515	1.823178097831879	0.7054723524400167	-0.8291811211213184	-0.8291811438668069	-7.68398898843832	-7.683989010753949	-6.895780327826445	0.24731772037537	1.105342209110629	5.655941336081242	0.06870201516515997	0.09762790650269644	0.01606538829791419	0.01851399658671555	0.01993649010639678	0.01743877908473378	0.01628060995786491	0.06015014080590398	0.1657678585686205	0.05326496186908274	0.02369018440047364	0.01516888033536442	0.06365596765797589	0.225981079508007	0.01092156811843791	0.01073350773577436	0.0109430416861749	0.0535235163251846	0.01174507095243102	0.0111367930206444	0.08713145882545346	0.02068303591871413	0.01415679929425484	0.03254447619353725	0.2373718505983396	0.2217677507140161	0.01650563603113063	0.01181344608383052	0.102164648821883	0.01824228350517982	0.04453800817509737	0.09544797820625062	0.04109610128411817	0.0311977929904622	0.05640278748647291	0.2439818104342894	0.02516848621367259	0.02431530272771717	0.0123078536243356	0.02401541407806654	0.1251306004949368	0.08621499992862074	0.01834418730446313	0.02421659254810441	0.02536309808897629	0.01559568380731054	0.01509513118579291	0.04617423861669541	0.251243236630478	0.08822765790766912	0.03562065157872967	0.01974699927122072	0.001388001547076371	0.4245310175408817	0.01001309561669978	0.01011718658681467	0.0105867928997745	0.0726089957759381	0.01100705473190603	0.01002897279407773	0.1214128111066496	0.01717511449422528	0.01159960567037714	0.02014190294328479	0.2601784199051425	0.407505213086949	0.001109567962042875	0.009476280241506586	0.01333061813506356	0.02566256725605907	0.02998158897694477	0.08779541095799703	0.05152011423351156	0.001108020257967951	0.05982712408953939	0.4282035796508946	0.03921147747258232	0.03519066647771438	0.01355246639363585	0.03503358011600542	0	0	0	0	0	0	0	0	0	0	0	0	-0.06724409849987389	0.03126580132169443	0.02288726288842196	0.04112610546611043	0.006174170574835899	-0.002589934876172711	0	0	8.538930637749907	-20.26358133089144	-8.000689075569287	-0.9550296772476513	-5.87696989722691	-0.6922475746028545	38.24654600693339	17.74738680030439	18.44337650567665	-17.11931276327494	-2.115587816599453	89.41029595617603	76.71530317528345	76.71530381377727	56.77703679088653	56.77703562241297	51.42380661039487	29.54629654685398	-20.65852854905651	64.28818834836395	0	0
16.54505757159582	0.0110796941025049	0.07101008900867334	0.05540598312438685	2.260620745755129	1.052283419223182	1.008816641053645	-0.2903042397914169	-0.05244224355972653	-0.1031727802659457	0.446534659611271	0.06767888432945743	-0.07637158932082604	0.4300610856230182	0.4300610849032783	0.5058068029193613	0.5058068020143622	-0.1895413500120998	0.09821913244934274	-0.09844104305274008	-0.2376028735683416	-0.374046815568524	0.4959134854206771	0.7403314007720778	0.1736427031415275	0.4224333109970548	-0.2378584054640576	-1.377117185721194	-0.9594132383230537	-2.281347783625609	-0.5803433715759524	1.765859361511753	1.416919891038486	-0.1198715601452617	-0.1198715745750284	-7.087091835275413	-7.087091863990259	-6.339446465412529	0.4967462399271317	0.8876130244015077	6.079463091452284	0.08305886143872501	0.08863027361029772	0.01675426031202887	0.02080547876117427	0.0215556437627837	0.01613809752032514	0.01468950414992482	0.05333667547400776	0.1750499777716592	0.05968695920808136	0.03138720340716274	0.02089592979066004	0.04226331424628028	0.2657405249936184	0.01042572921011182	0.01037521659134408	0.01070161953503571	0.06083467768094317	0.01116692810074339	0.0105141022899227	0.1019691759377709	0.01784840972463256	0.01239380421567954	0.02602659672511706	0.2443538034475061	0.2578564185333229	0.0608502720094669	0.01055541801694188	0.07109930027052998	0.01958183115453396	0.03722142557773585	0.09362632934559703	0.04526832558314075	0.02463300806204596	0.05741460446112932	0.3376048619632295	0.03540100980441046	0.02587577755835571	0.01241506496103438	0.02549931540306107	0.06948403884513772	0.07570505289584993	0.01632987486491765	0.02095579528341081	0.02052577724798899	0.01492286736583122	0.01234165615240497	0.0491213151891018	0.1264688809778926	0.04502785679066369	0.03813430779534386	0.0291869092580808	0.0434718096106911	0.2128706277767514	0.01014546173347733	0.0101403043128108	0.01049498435798639	0.06180355003394665	0.01057628799232836	0.01013461030225767	0.1101727519849806	0.01474584088983576	0.01082513053604084	0.02207168017481253	0.2467847132707645	0.2044159247735444	0.1735969363725539	0.009866032925258157	0.06655193567877905	0.01630803007323678	0.03287883051453706	0.0954447216508693	0.04596378349660718	0.0347535764116914	0.05691857912457889	0.4884995041581478	0.04601926218261548	0.02024346304102704	0.01162103444651097	0.01958216698984706	0	0	0	0	0	0	0	0	0	0	0	0	-0.06719686943523233	0.02164391506676016	0.04074899598027206	0.04752727289185665	0.006274797781148467	-0.002809836365249828	0	0	12.10033108454259	-17.11507145484325	-13.42522627632464	-0.9703571070588047	-6.86097607349063	0.4087091414279834	37.42497092090477	12.51122727763286	30.87231962215126	-14.70166019967602	-10.97161349229381	70.11618373828682	84.30844221141415	84.30844341380758	78.78237583742423	78.78237566284409	74.63247235439705	26.76434487468975	-29.14545402405897	31.4379876676822	0	0
16.55385756279582	0.008295881205863954	0.07476476629190477	0.06133623574845016	2.262111041274434	1.055722169864855	1.006754097906133	-0.3009830103126509	-0.06047079791935411	-0.1218919378554052	0.4408983322822498	0.08268102865099335	-0.06154906761137123	0.4323554893103317	0.4323554885147115	0.4467630794914836	0.4467630783436599	-0.242166366979571	0.1035692970723999	-0.09188534558158992	-0.1833300496544168	-0.2546067565501171	0.3638040359978658	0.6004123446139511	0.1650329783701869	0.3576119704651132	-0.2292280348121276	-1.050737373152005	-0.8730637832147529	-1.954757910785177	-0.695702300267842	1.63129916195981	1.907521769747603	0.6502963785935556	0.6502963761958274	-6.30186845624132	-6.301868480843208	-5.591192726263104	0.7118639434297419	0.5874024563501965	6.204774466662552	0.0581279453811911	0.07869751550752471	0.01580015283446144	0.01973953946825903	0.0192797027036817	0.01521336744200207	0.01238389867095368	0.05202649261980604	0.1163579798050756	0.03744527683427896	0.03593913435372847	0.02878204646423221	0.05654616077759025	0.1874770012008366	0.01031418838903287	0.01025031704871209	0.01055165165850482	0.05782894059186508	0.01067837709509019	0.01033672247899087	0.1026786763706834	0.01524657292493541	0.01122932824379883	0.0244798114582638	0.2420554069710909	0.1810509859304597	0.1696278598348377	0.01030363268706422	0.08495200507287333	0.01444104959875491	0.03580588990811594	0.09687677522511504	0.04378254288640845	0.04163355828461553	0.05620724560813051	0.4113401677418524	0.04346213765500595	0.01750835931786603	0.01127648728626266	0.01678740569698189	0.01383747719533861	0.06519510586307914	0.01431556242537216	0.01769499801871722	0.01568845640700169	0.01425005092435191	0.009588181119017025	0.05206839176150821	0.00169452532530721	0.001828055673658245	0.04064796401195806	0.03862681924494089	0.08555561767430583	0.001210238012621043	0.01027782785025489	0.01016342203880693	0.01040317581619828	0.0509981042919552	0.01014552125275069	0.01024024781043761	0.09893269286331152	0.01231656728544623	0.01005065540170454	0.02400145740634027	0.2333910066363864	0.001326636460139758	0.346084304783065	0.01025578560900973	0.1197732532224945	0.006953492890414494	0.03577607205212934	0.1030940323437416	0.04040745275970281	0.06839913256541486	0.05401003415961839	0.548795428665401	0.05282704689264866	0.005296259604339711	0.00968960249938608	0.004130753863688704	0	0	0	0	0	0	0	0	0	0	0	0	-0.06714964037059078	0.0120220288118259	0.05861072907212216	0.05392844031760288	0.006375424987461033	-0.003029737854326945	0	0	14.83876455640837	-12.77883100593096	-18.21800204523172	-0.9899564520443909	-7.876379960739959	1.547848041350201	36.84573808331486	7.211933754056736	43.30620890884046	-11.33484579875011	-19.41985100193406	39.99499841194501	90.40701110578456	90.40701259234234	99.25721050488355	99.25721159381021	94.79273269822653	21.76201805122417	-39.29812669384896	-2.948179864493251	0	0
16.56265755399581	0.006651829495574594	0.0775321449517733	0.065863205583436	2.263524492590043	1.058550900292417	1.004810847092009	-0.3088044768468819	-0.06793319031774313	-0.1372618430389345	0.43439016718062	0.09619051845354393	-0.04366370163185599	0.44163497068956	0.4416349699311775	0.3953825686080369	0.3953825672991697	-0.2874797562720982	0.1105907041767179	-0.08837670969545144	-0.1292758066672685	-0.1170973579122666	0.2720489973568478	0.4230905020583712	0.1561382017806854	0.2837780279398513	-0.21087432712522	-0.7268584553883346	-0.829018986289753	-1.521147359268694	-0.7771818802788835	1.429129369908725	2.105235988985446	1.464028642853251	1.464028653676086	-5.350708690668801	-5.350708701343441	-4.684290674328715	0.8734140809079783	0.1942505482102118	6.031984154936676	0.03725256584256352	0.07703675344876519	0.01533198693116637	0.0182938649779309	0.01770971206972758	0.0149730157153055	0.01408704142521571	0.0523462780010361	0.09358731446058317	0.05161671508623645	0.032799121357835	0.0287838871931786	0.06888664464919933	0.1099010499677518	0.01043165718631382	0.01037052803196101	0.01063743498514771	0.0468638169742342	0.0106613194533463	0.01045949658253048	0.09485065280884331	0.01441601068033417	0.01144055610767821	0.02509371757332424	0.2440287421188532	0.1089617737779718	0.2203915576029782	0.01069433869287206	0.09835517411821657	0.01137905896537467	0.03620326802747879	0.104947118668417	0.04510688056566974	0.05595309358854677	0.05267270594286019	0.4363465700941304	0.04079090677293132	0.01247345768658627	0.01057779949990254	0.01167704161886913	0.02609216096306236	0.08417347474423356	0.01557062657669935	0.01692790709011645	0.01734568112105021	0.01526141208405589	0.01989545262273972	0.05303896028798618	0.1273043739043898	0.1124245548771684	0.02204764643458477	0.02066089102069855	0.07346624622852335	0.04822009873026094	0.01070282810062282	0.01068846157800543	0.01093494362836657	0.02750239495818618	0.01106028847074004	0.01079057312168892	0.0782117470177638	0.01507428351829731	0.01283596602976092	0.02679936726155562	0.2577166272325945	0.05789646238850673	0.2138556620647912	0.01153705278971918	0.1022950790670553	0.01112348540582553	0.03709782252494932	0.1202195929528288	0.05085901926300666	0.06612781402271835	0.04635465044480996	0.408199416330092	0.0270750829535517	0.01189939127550553	0.01043163595646236	0.01132319648468745	0	0	0	0	0	0	0	0	0	0	0	0	-0.0696555032032803	0.02778472645102166	0.03412574401234522	0.06392902238626456	0.005462796680368846	-0.001633408252815727	0	0	16.16563827426165	-8.086073905321447	-21.86370499393383	-1.036253472681809	-8.900506368965951	2.6003904886549	36.84293892565685	3.082572650328743	55.05323044984598	-7.09450890973746	-26.16421175817533	4.578196959690993	94.02615489098947	94.02615635001921	116.1404083918222	116.1404103820947	110.4649791438774	14.59613622256129	-50.01046868779518	-35.85428944133091	0	0
16.57145754519581	0.006250826495563462	0.07967041779202111	0.06870623070041074	2.264857559155668	1.060690843030251	1.003067770880554	-0.3137717951909159	-0.07514365069384363	-0.148380039280181	0.4273324448401554	0.1076900693465563	-0.02541603983545156	0.4581727183583248	0.4581727177478606	0.3529596325087799	0.3529596311898379	-0.3242755488616607	0.1187293429681264	-0.08873221511730219	-0.07797249657948631	0.02591138790628597	0.2201720957245618	0.2197926585611557	0.1467327268406674	0.2011741404811698	-0.1840045116652687	-0.4018771376488753	-0.8127918212195796	-0.9911324468997613	-0.8206638821614115	1.178173895422653	1.991562522328463	2.294559027191273	2.294559049424645	-4.274356552528163	-4.274356543534792	-3.663778982480256	0.9626932628881012	-0.2887958868799823	5.58522352718346	0.03512301354674912	0.08662336637766334	0.01591139348411313	0.01725934791029126	0.0180889788882293	0.0154937796801102	0.0209847217754469	0.05303569978122288	0.1466846524799846	0.1177598915783414	0.02041349901278282	0.01800852752947868	0.0673854359453074	0.09151934339610582	0.01073734734041141	0.01073852819586908	0.01099612478226115	0.02833806278181408	0.01121427442897833	0.01084392218014555	0.07992010760992826	0.01576143822584531	0.01322218343706053	0.02700956473967722	0.2560568236886365	0.09887843794135898	0.1818434298001929	0.0116293165443926	0.09498936077069092	0.01271615573049615	0.03713952736817414	0.117670477345074	0.05167061360290508	0.0605794255041116	0.04674464979398897	0.3946646763780093	0.02446307822156913	0.01448239711989077	0.01076024156525005	0.01402242669789049	0.0383468447307861	0.103151843625388	0.01682569072802653	0.01616081616151567	0.01900290583509874	0.01627277324375987	0.03020272412646241	0.05400952881446414	0.2529142224834723	0.2230210540806787	0.003447328857211478	0.002694962796456211	0.06137687478274085	0.09522995944790083	0.01112782835099074	0.01121350111720395	0.01146671144053487	0.004006685624417155	0.01197505568872938	0.01134089843294022	0.05749080117221607	0.01783199975114838	0.0156212766578173	0.02959727711677097	0.2820422478288027	0.1144662883168737	0.08162701934651732	0.01281831997042863	0.08481690491161613	0.01529347792123657	0.0384195729977693	0.1373451535619161	0.06131058576631052	0.06385649548002184	0.03869926673000153	0.2676034039947829	0.001323119014454753	0.01850252294667134	0.01117366941353864	0.01851563910568619	0	0	0	0	0	0	0	0	0	0	0	0	-0.07216136603596984	0.04354742409021742	0.009640758952568284	0.07392960445492623	0.00455016837327666	-0.0002370786513045097	0	0	16.14368389972853	-3.835481967473187	-24.08875676728423	-1.103350886587061	-9.851968469466518	3.468614459504644	36.97269751582444	0.9860322134729623	64.97790690794395	-2.896315154574205	-30.41644158199452	-29.6770028093463	94.04271530296765	94.04271638244255	127.4016671500678	127.4016695612983	120.4383848029211	5.367081032119729	-59.35738159827056	-64.88024443183656	0	0
16.58025753639581	0.007094301512659617	0.08150481865670343	0.06969370894809744	2.266105164588105	1.062068966144148	1.001591684533608	-0.3158803887158555	-0.08226218177717055	-0.1544869998635555	0.4200424229333504	0.1168517943799802	-0.009421463667931208	0.481964149509777	0.4819641491289965	0.3203571798081647	0.3203571786635457	-0.3517859878143658	0.1272710912118946	-0.09366195969931927	-0.03165971131200283	0.1644504989148459	0.2014521048008852	0.003631813288154269	0.1367115626576567	0.1108981799694243	-0.1505701707879726	-0.07813136830561995	-0.8047021380796315	-0.3870389787011143	-0.8317624375263449	0.9018303912292878	1.603590920739362	3.106112305022693	3.106112334034627	-3.129022950346964	-3.129022919652161	-2.583342592771552	0.9623856646278088	-0.8402263321788845	4.905574252350912	0.03936683227929821	0.1083375348611264	0.01648225754357482	0.01950096881252681	0.01871436217224992	0.01472279586848155	0.02290984578382108	0.0518916483205941	0.1834496393501374	0.1434478776630061	0.01351763114193576	0.0111760514860287	0.05612948833183338	0.08057722378220439	0.0107727900482472	0.01082210663259747	0.01106438467007162	0.01577793557262285	0.01129743375037405	0.01088222584360012	0.07496086341818825	0.01550322121453892	0.0135187821230116	0.02572756845226581	0.2792470055297745	0.1016368538568739	0.1224517835103654	0.01175842705934462	0.0883164645711163	0.01356860363113637	0.03560929605635216	0.1308914214702934	0.05600802956790817	0.05390330134403184	0.04312844696765073	0.3143442122044044	0.01974859371063224	0.01604559723719771	0.01102755609833175	0.01570788747146179	0.0460857342296371	0.1493521503606536	0.01692503552679225	0.02509965359696075	0.01927786286794722	0.0124815377499962	0.01940587560252446	0.0484745583521472	0.1952988687061378	0.1201297043738575	0.01283161976942566	0.009378282330754039	0.03487466173628338	0.05053419633296521	0.01052746089329788	0.01060696733910291	0.01082131868712653	0.008886422389642396	0.01084849036920657	0.01055596368106222	0.08146356284255656	0.01327484611548895	0.01217384822060285	0.02085280391706436	0.3326324612541651	0.09549217823683914	0.04142788875779747	0.01105484774869712	0.08019767225842003	0.01322949828806934	0.03119424713905836	0.1493522697947823	0.05795635650046253	0.03576209892616962	0.0416313662890422	0.1361492907917852	0.02842518751506112	0.01601456532231046	0.01124094053896871	0.0155399648842697	0	0	0	0	0	0	0	0	0	0	0	0	-0.08445618423563289	0.06376445531243594	-0.02279958069465758	0.08770709325971553	0.002192575777767315	0.0006004880630395434	0	0	15.24006386190174	-0.626077009434956	-24.77100151203904	-1.173173872676324	-10.62663630749585	4.081561810492912	36.42594611359407	1.227868295481115	71.62024167969257	0.08837634485505308	-31.92432577012261	-56.87662087548115	89.61361591269657	89.61361634246239	131.6709061418806	131.6709085966515	124.0187655632209	-5.703164792313468	-65.20852334644444	-88.64879002091804	0	0
16.5890575275958	0.009115178067544477	0.08328237709021086	0.06877421683213046	2.26726199699274	1.062626006907915	1.000429496833539	-0.3151774173474434	-0.08927321167071793	-0.1550821009448589	0.4127463182530688	0.1235602238816787	0.002246538752594159	0.5126625498249353	0.5126625497066276	0.297902164249148	0.29790216346547	-0.3697362240102267	0.1353626779469886	-0.1036050009373123	0.007823802702028036	0.2929440392346699	0.2053430329424616	-0.2112821513513316	0.1261201784989367	0.01496614695307974	-0.1131272473739807	0.2352615327299054	-0.7856184555275995	0.2544519919325379	-0.8248600855209287	0.6245143477962628	1.025093334943011	3.857747533072474	3.857747562643508	-1.978535309216481	-1.978535258519019	-1.50023483990916	0.8588973500941322	-1.420586323389523	4.041524819996535	0.04560780939888513	0.1420222328839029	0.01676623977281454	0.02574476087911483	0.01912686472463586	0.01210996124530184	0.01716071526426403	0.04822772608379357	0.173037937758364	0.1015446226128148	0.01643004263505407	0.01251986557647985	0.03583484205700876	0.05043608039685222	0.01041900948179442	0.01048325039196299	0.0106959518640515	0.01356162851795315	0.0106404833079157	0.01041660830617023	0.08578666250306552	0.01262886961937627	0.01153042548652383	0.01996605443221315	0.313842371988461	0.09275744645109626	0.06872059292775806	0.01073010596003891	0.08269948293850833	0.01264231854624327	0.03071868317682375	0.1432805583495594	0.0559490873451983	0.03471690395067009	0.04328746481078247	0.2053022520262446	0.03390209259595752	0.01514636868468146	0.01117236281701885	0.01455766311338078	0.05382462372848808	0.1955524570959192	0.01702438032555798	0.03403849103240582	0.01955281990079571	0.008690302256232522	0.008609027078586509	0.04293958788983027	0.1376835149288032	0.01723835466703629	0.02221591068163985	0.01606160186505187	0.008372448689825913	0.005838433218029599	0.009927093435605005	0.01000043356100187	0.01017592593371819	0.01376615915486764	0.009721925049683769	0.009771028929184208	0.1054363245128971	0.00871769247982951	0.008726419783388397	0.01210833071735774	0.3832226746795275	0.07651806815680458	0.001228758169077605	0.009291375526965615	0.07557843960522397	0.01116551865490211	0.0239689212803474	0.1613593860276484	0.05460212723461455	0.007667702372317387	0.04456346584808285	0.004695177588787481	0.05552725601566749	0.01352660769794959	0.01130821166439878	0.01256429066285321	0	0	0	0	0	0	0	0	0	0	0	0	-0.09675100243529597	0.08398148653465448	-0.05523992034188344	0.1014845820645048	-0.0001650168177420298	0.001438054777383596	0	0	13.92400789233748	1.297913208649899	-23.80675788216798	-1.231451679207056	-11.12716894402573	4.373354105170169	34.55867326753779	3.367004613332712	73.27216441689717	1.144760447740623	-30.67246951909197	-72.52570737118479	80.46220213091532	80.46220182980349	128.6590141839104	128.6590161745393	121.1274145237294	-17.96136616466397	-65.74454353346866	-106.8613216263634	0	0
16.5978575187958	0.01221392227272196	0.08515346109934224	0.06602032676173304	2.268323603453985	1.062323506270423	0.999603712861569	-0.3118057029746779	-0.09602022980120743	-0.150040096865411	0.4055278395444558	0.1279085462245822	0.0083839349654821	0.5495721562811553	0.5495721564033935	0.285375750937325	0.2853757506651786	-0.3783381896501525	0.1420692145128317	-0.1186036995677599	0.03906983846644538	0.4089315518805628	0.2212721754260715	-0.4102985593517591	0.1150946655720717	-0.08395042516735203	-0.0747120599735193	0.5257527738415678	-0.7434062367881846	0.8835130542691625	-0.8169594941095495	0.3703108960434535	0.3676982515151691	4.509622619836401	4.509622644119993	-0.8833150845355667	-0.8833150207633436	-0.4687410504063768	0.6463294903958393	-1.978929752669708	3.039662623204251	0.06173502824332356	0.1684614324742482	0.01640885554378033	0.02657984397715952	0.02153463655433616	0.01193575753944678	0.01299242738213245	0.04947211977223622	0.1386439568243902	0.06407965032736718	0.0280402825123063	0.02261339827825707	0.01932287390505981	0.02454279246823274	0.01018847550565878	0.01022781692838591	0.01040062236158427	0.01285725515276006	0.01024594889083035	0.01014986817604342	0.09009378113616008	0.01107594419333171	0.01044488411302398	0.02109950095855787	0.3288430348632038	0.07332279333836089	0.09613146122280271	0.01016815719215582	0.09503043042596955	0.01151497789193548	0.03105105934707599	0.1369265629740009	0.05426347371118601	0.01837512608312055	0.04443918559723294	0.1396580295994562	0.06496516757422542	0.01314294159143774	0.01089577804253946	0.01256664591878029	0.09204008497525941	0.1966210032332027	0.01545124370239912	0.02153833330291469	0.02627529161206235	0.01435794093287379	0.01126968205374176	0.05664366821432396	0.07229298475352197	0.04128125592398793	0.04802179198341179	0.04094534975912578	0.006162259771322823	0.00375109435309207	0.01011525905170582	0.01009595307351569	0.01021679343618235	0.01123320145721802	0.01018269610651384	0.01012736374718268	0.08420016315457186	0.01105244547710484	0.01049109607551426	0.02988918173150849	0.3198811125836996	0.0393965339925265	0.2184547597162958	0.01018391101815944	0.1315108967367843	0.0103901444229665	0.03728785965421006	0.1040979489034565	0.05150479689167459	0.005333083211817766	0.0459720629104562	0.1145094094469824	0.1180366722520904	0.01030451413868809	0.01021547060443269	0.01006456392318128	0	0	0	0	0	0	0	0	0	0	0	0	-0.1156876065051795	0.0876666410542432	-0.06993661806558008	0.1167828277655883	-0.002665426432068416	0.0003108110263199841	0	0	12.39661301078046	2.216836003111627	-21.09792239362013	-1.270368840113245	-11.28811603972104	4.281802146373106	31.21821412761554	6.149584997103518	68.37661892389528	0.4079208884089294	-26.53922728295527	-74.31124274419864	67.00908773164772	67.00908690167599	119.2900835018725	119.2900843700071	112.3473681390708	-30.1295775929686	-59.99440913135091	-119.9802256491012	0	0
16.60665750999579	0.01627026865493381	0.08719485521766418	0.06164443950380664	2.269286930205983	1.061148758445129	0.999107104907006	-0.3060256867310415	-0.1022940473715887	-0.1397475784637311	0.3983344198211298	0.1302220740633098	0.008842562509364946	0.5916424372764727	0.5916424375771836	0.2820542802911605	0.2820542805938044	-0.3782732599387258	0.1464433916570128	-0.138209715434849	0.0610401622850125	0.5105094937532654	0.2436166028018098	-0.578193733480912	0.1038164099754215	-0.1828087477434417	-0.03881223281786329	0.781726703610333	-0.6798876302779788	1.439561077661085	-0.8201543559515488	0.1652718731933601	-0.2487769764552648	5.02884291677535	5.028842932901102	0.1096619009535508	0.1096619655663131	0.4652591891990955	0.3331850448223984	-2.461256055807789	1.940801746791185	0.08961817213855838	0.1818166958399366	0.01531361358328629	0.01941206616053874	0.02651020703446063	0.01531692953351408	0.01295830251041507	0.05780615841693044	0.0862235031510537	0.0592878687673852	0.04770385337131107	0.04124519202020661	0.01104968587010664	0.01195796586275154	0.01021432708917991	0.01018725060158539	0.01031103839506466	0.01103524711509195	0.01037496879642684	0.01026466564881593	0.08047334436675038	0.01189484202882793	0.01110144143261755	0.03212697939267896	0.3103228578496849	0.04320684660591419	0.2167202030905186	0.01049640180554456	0.1299135862404131	0.01060068080873237	0.03899945491892257	0.1039881470895	0.05176750385659974	0.01011571878583114	0.04573722131361015	0.1570130080242913	0.1116206342724168	0.01038762630002133	0.0101193372948355	0.01025759438898259	0.1302555462220307	0.1976895493704862	0.01387810707924026	0.009038175573423554	0.03299776332332899	0.02002557960951507	0.01393033702889702	0.07034774853881764	0.006902454578240761	0.06532415718093958	0.07382767328518373	0.06582909765319969	0.003952070852819731	0.00166375548815454	0.01030342466780664	0.0101914725860295	0.0102576609386465	0.008700243759568401	0.0106434671633439	0.01048369856518116	0.06296400179624669	0.01338719847438018	0.01225577236764011	0.04767003274565924	0.2565395504878716	0.002274999828248412	0.435680761263514	0.01107644650935326	0.1874433538683446	0.009614770191030889	0.05060679802807272	0.04683651177926462	0.04840746654873462	0.002998464051318145	0.04738065997282954	0.2243236413051773	0.1805460884885133	0.007082420579426596	0.009122729544466595	0.007564837183509363	0	0	0	0	0	0	0	0	0	0	0	0	-0.1346242105750631	0.09135179557383193	-0.08463331578927671	0.1320810734666719	-0.005165836046394801	-0.000816432724743628	0	0	10.66894363641448	2.856441804251561	-16.9296913068601	-1.291251809746506	-11.15314017608276	3.845866370037144	26.8781782008103	8.177561421719449	57.44691868804183	-1.186754736731715	-19.82184187898366	-64.81410533101939	50.77480116279155	50.77480017767883	106.0947699545518	106.0947692416599	99.60294425976156	-40.86534058050902	-49.18722836007015	-129.4520393382566	0	0
