inDegrees=no
num_controls=58
num_derivatives=20
num_input_controls=0
num_iterations=795
num_multipliers=2
num_parameters=0
num_slacks=2
num_states=80
objective=2.131356
objective_accelerations=0.057466
objective_control_effort=0.607579
objective_marker_tracking=1.466311
solver_duration=3352.763979
status=Solve_Succeeded
success=true
DataType=double
version=3
OpenSimVersion=4.5.2-2025-05-03-6a4c6ec41
endheader
time	/jointset/ground_pelvis/pelvis_tilt/value	/jointset/ground_pelvis/pelvis_list/value	/jointset/ground_pelvis/pelvis_rotation/value	/jointset/ground_pelvis/pelvis_tx/value	/jointset/ground_pelvis/pelvis_ty/value	/jointset/ground_pelvis/pelvis_tz/value	/jointset/hip_r/hip_flexion_r/value	/jointset/hip_r/hip_adduction_r/value	/jointset/hip_r/hip_rotation_r/value	/jointset/hip_l/hip_flexion_l/value	/jointset/hip_l/hip_adduction_l/value	/jointset/hip_l/hip_rotation_l/value	/jointset/walker_knee_r/knee_angle_r/value	/jointset/patellofemoral_r/knee_angle_r_beta/value	/jointset/walker_knee_l/knee_angle_l/value	/jointset/patellofemoral_l/knee_angle_l_beta/value	/jointset/ankle_r/ankle_angle_r/value	/jointset/ankle_l/ankle_angle_l/value	/jointset/subtalar_r/subtalar_angle_r/value	/jointset/subtalar_l/subtalar_angle_l/value	/jointset/ground_pelvis/pelvis_tilt/speed	/jointset/ground_pelvis/pelvis_list/speed	/jointset/ground_pelvis/pelvis_rotation/speed	/jointset/ground_pelvis/pelvis_tx/speed	/jointset/ground_pelvis/pelvis_ty/speed	/jointset/ground_pelvis/pelvis_tz/speed	/jointset/hip_r/hip_flexion_r/speed	/jointset/hip_r/hip_adduction_r/speed	/jointset/hip_r/hip_rotation_r/speed	/jointset/hip_l/hip_flexion_l/speed	/jointset/hip_l/hip_adduction_l/speed	/jointset/hip_l/hip_rotation_l/speed	/jointset/walker_knee_r/knee_angle_r/speed	/jointset/patellofemoral_r/knee_angle_r_beta/speed	/jointset/walker_knee_l/knee_angle_l/speed	/jointset/patellofemoral_l/knee_angle_l_beta/speed	/jointset/ankle_r/ankle_angle_r/speed	/jointset/ankle_l/ankle_angle_l/speed	/jointset/subtalar_r/subtalar_angle_r/speed	/jointset/subtalar_l/subtalar_angle_l/speed	/forceset/addbrev_r/activation	/forceset/addlong_r/activation	/forceset/addmagDist_r/activation	/forceset/addmagIsch_r/activation	/forceset/addmagMid_r/activation	/forceset/addmagProx_r/activation	/forceset/bflh_r/activation	/forceset/bfsh_r/activation	/forceset/edl_r/activation	/forceset/ehl_r/activation	/forceset/fdl_r/activation	/forceset/fhl_r/activation	/forceset/gaslat_r/activation	/forceset/gasmed_r/activation	/forceset/glmax1_r/activation	/forceset/glmax2_r/activation	/forceset/glmax3_r/activation	/forceset/glmed1_r/activation	/forceset/glmed2_r/activation	/forceset/glmed3_r/activation	/forceset/glmin1_r/activation	/forceset/glmin2_r/activation	/forceset/glmin3_r/activation	/forceset/grac_r/activation	/forceset/iliacus_r/activation	/forceset/perbrev_r/activation	/forceset/perlong_r/activation	/forceset/piri_r/activation	/forceset/psoas_r/activation	/forceset/recfem_r/activation	/forceset/sart_r/activation	/forceset/semimem_r/activation	/forceset/semiten_r/activation	/forceset/soleus_r/activation	/forceset/tfl_r/activation	/forceset/tibant_r/activation	/forceset/tibpost_r/activation	/forceset/vasint_r/activation	/forceset/vaslat_r/activation	/forceset/vasmed_r/activation	/forceset/addbrev_r	/forceset/addlong_r	/forceset/addmagDist_r	/forceset/addmagIsch_r	/forceset/addmagMid_r	/forceset/addmagProx_r	/forceset/bflh_r	/forceset/bfsh_r	/forceset/edl_r	/forceset/ehl_r	/forceset/fdl_r	/forceset/fhl_r	/forceset/gaslat_r	/forceset/gasmed_r	/forceset/glmax1_r	/forceset/glmax2_r	/forceset/glmax3_r	/forceset/glmed1_r	/forceset/glmed2_r	/forceset/glmed3_r	/forceset/glmin1_r	/forceset/glmin2_r	/forceset/glmin3_r	/forceset/grac_r	/forceset/iliacus_r	/forceset/perbrev_r	/forceset/perlong_r	/forceset/piri_r	/forceset/psoas_r	/forceset/recfem_r	/forceset/sart_r	/forceset/semimem_r	/forceset/semiten_r	/forceset/soleus_r	/forceset/tfl_r	/forceset/tibant_r	/forceset/tibpost_r	/forceset/vasint_r	/forceset/vaslat_r	/forceset/vasmed_r	/forceset/pelvis_tx_residual	/forceset/pelvis_ty_residual	/forceset/pelvis_tz_residual	/forceset/pelvis_tilt_residual	/forceset/pelvis_list_residual	/forceset/pelvis_rotation_residual	/forceset/hip_flexion_r_reserve	/forceset/hip_adduction_r_reserve	/forceset/hip_rotation_r_reserve	/forceset/knee_angle_r_reserve	/forceset/ankle_angle_r_reserve	/forceset/subtalar_angle_r_reserve	/forceset/hip_flexion_l_torque	/forceset/hip_adduction_l_torque	/forceset/hip_rotation_l_torque	/forceset/knee_angle_l_torque	/forceset/ankle_angle_l_torque	/forceset/subtalar_angle_l_torque	lambda_cid20_p0	lambda_cid21_p0	/jointset/ground_pelvis/pelvis_tilt/accel	/jointset/ground_pelvis/pelvis_list/accel	/jointset/ground_pelvis/pelvis_rotation/accel	/jointset/ground_pelvis/pelvis_tx/accel	/jointset/ground_pelvis/pelvis_ty/accel	/jointset/ground_pelvis/pelvis_tz/accel	/jointset/hip_r/hip_flexion_r/accel	/jointset/hip_r/hip_adduction_r/accel	/jointset/hip_r/hip_rotation_r/accel	/jointset/hip_l/hip_flexion_l/accel	/jointset/hip_l/hip_adduction_l/accel	/jointset/hip_l/hip_rotation_l/accel	/jointset/walker_knee_r/knee_angle_r/accel	/jointset/patellofemoral_r/knee_angle_r_beta/accel	/jointset/walker_knee_l/knee_angle_l/accel	/jointset/patellofemoral_l/knee_angle_l_beta/accel	/jointset/ankle_r/ankle_angle_r/accel	/jointset/ankle_l/ankle_angle_l/accel	/jointset/subtalar_r/subtalar_angle_r/accel	/jointset/subtalar_l/subtalar_angle_l/accel	gamma_cid20_p0	gamma_cid21_p0
15.7266583899962	0.06292252419611286	0.112459147552569	0.003794975518628342	2.238365006567355	1.02192589879067	1.022890589122051	-0.2697113138059184	-0.08601121095457186	-0.03379603871284085	0.4625678388116424	0.03342343591271479	-0.06563822970606351	0.45936370552471	0.45936370552471	0.7430670390396956	0.7430670390396956	-0.07796955953936308	0.03843694470265198	-0.1141068199036869	-0.2350469609528393	-1.667349289828631	0.5632737878357225	1.858917810837743	0.1954455697870169	0.5965898684191334	-0.1683220548990529	-0.8305847839340463	-0.5699833438005326	-1.259202456812069	0.8484761430484746	1.810324545812761	0.05696652425481447	-0.1910058250914172	-0.1910058250914172	-7.123527893509831	-7.123527893509831	-4.013413376031453	2.141513856810849	0.3448079628484511	2.908293164775627	0.07292036365026153	0.2545241514532713	0.01158928760978232	0.01076072433349138	0.03049292241253358	0.07606458278438898	0.01023731189287705	0.01038850162336418	0.01359027364586606	0.1472839878085841	0.01073560710321069	0.01033918199144919	0.01329014479737536	0.5412722676701783	0.01030509247002635	0.01016072815660982	0.01023706976189001	0.0103395887772659	0.01139934400563682	0.01209777292863133	0.01093354545290405	0.01209991750681909	0.01487627027732069	0.01121176138071632	0.1446339922689184	0.4861014861828614	0.01021063375856898	0.09126737851950646	0.199575533566737	0.2592971637748513	0.01095200800388083	0.0100827459717421	0.0102112240957906	0.01495054125674908	0.02601511367691128	0.4880645315989911	0.01012241333378979	0.01054919964048468	0.01021547168830622	0.01036866252763223	0.07292036365026153	0.2545241514532713	0.01158928760978232	0.01076072433349138	0.03049292241253358	0.07606458278438898	0.01023731189287705	0.01038850162336418	0.01359027364586606	0.1472839878085841	0.01073560710321069	0.01033918199144919	0.01329014479737536	0.5412722676701783	0.01030509247002635	0.01016072815660982	0.01023706976189001	0.0103395887772659	0.01139934400563682	0.01209777292863133	0.01093354545290405	0.01209991750681909	0.01487627027732069	0.01121176138071632	0.1446339922689184	0.4861014861828614	0.01021063375856898	0.09126737851950646	0.199575533566737	0.2592971637748513	0.01095200800388083	0.0100827459717421	0.0102112240957906	0.01495054125674908	0.02601511367691128	0.4880645315989911	0.01012241333378979	0.01054919964048468	0.01021547168830622	0.01036866252763223	-0.0001481780379932864	0.0001637196615225611	5.825670627067461e-05	-0.0003199304813424626	-7.358872593415087e-05	0.0008932571530857506	-0.003516080522548135	0.0005285998481840161	-0.000435156435501247	-0.00458287310904306	0.001151024883902692	0.01465731395322917	-0.2256443218343704	0.1548968514703079	-0.002122184413309757	0.1220507814509886	0.003294924577918705	0.001081556187928186	-9.813244891016945	0.0211931624005371	-0.5834299577070767	-24.94963950790386	3.26796111392432	-0.4558991898752859	-6.218667132411174	-1.234845666580843	66.62005558542299	28.86246759309156	16.20935425697875	-23.4730321404174	-0.01547200394307619	47.06575030191934	112.8869153667648	112.8869153667648	11.64959716186455	11.64959716186455	-87.85241619541975	13.84688043041633	-19.81711108135315	84.72862961856623	7.400713709321147e-17	-1.478525232977813e-16
15.74425837239619	0.03461742569145342	0.1185825593636807	0.03685036152728838	2.241725210270118	1.031429443479917	1.01976559338517	-0.2770439564826741	-0.09178757977026707	-0.05415298593183474	0.4735509115928688	0.06470689349906984	-0.05756849675724827	0.4685160689315566	0.4685160689315566	0.6218654033183936	0.6218654033183936	-0.1614396050037906	0.07672744009309244	-0.1086597426761352	-0.1729912395259243	-1.507269753444743	0.1395227119004563	1.834490089739889	0.1847464214248875	0.48066723125469	-0.1808315742124997	-0.06112844626217274	-0.1005046644764043	-0.9924931202501378	0.4174254647349645	1.693302955465763	0.7931877010092637	1.182606691549139	1.182606691549139	-6.496440212929356	-6.496440212929356	-5.114895526738648	2.214799494503089	0.2492041031755995	4.022213286733864	0.07961616096951439	0.2489396756883553	0.0111747542833444	0.0105653999647596	0.02520210674744042	0.0713908276988658	0.01020101873001509	0.04629427036044143	0.0635603237477611	0.1145444550321779	0.01082586958587925	0.01032516027554172	0.01233006032307266	0.4464919535983322	0.01022891295301172	0.01012037316983984	0.01017628261305529	0.01799439395531417	0.01110477487946772	0.01156963055649315	0.03654753043088087	0.03474061560856912	0.02851701634675822	0.04001802377071918	0.1916697269713042	0.3991116836159562	0.0488712319308242	0.0718955274175903	0.225698484146915	0.2063628835506976	0.04311550934517433	0.01071270757760938	0.01098728366557462	0.01363471754821569	0.0546818263407209	0.4243545488213996	0.02411178884442935	0.01040328272472511	0.0101580791956806	0.01027065769034464	0.08710377223950129	0.2406483818801617	0.01078080557434209	0.0103800964475914	0.0199783358951161	0.06623432264186582	0.01016662416138234	0.08307246486167219	0.1165942364316728	0.07447686268442108	0.0109115584144483	0.01031186836846589	0.01141525279902629	0.2711754244014892	0.01015671196575587	0.01008213735680739	0.01011867864964209	0.02537677403136375	0.01082488962314292	0.01106720418017433	0.06226471941291775	0.05739615115120535	0.04200288185188599	0.06915418082846536	0.2550446637807469	0.2436716080706381	0.08867747566493739	0.05032988036248465	0.2629031642795804	0.1301727640354383	0.07585307511624734	0.01131036076091008	0.01172402337045055	0.01237527318254972	0.0847246896853711	0.3099922762050477	0.03778444019319305	0.01026491508722982	0.01010369578454495	0.0101777581856706	-0.0001543460380706318	0.0001440558925555336	0.0002353898955909432	-0.000404796195902508	-0.0002483478623433316	-0.001308149871394945	0.0007927107043554939	-0.0003020047043506247	-0.000408572124057433	0.0007193254213432453	-0.000290275314195416	-0.001214321976527964	-0.2408640845123498	0.1143429847997261	0.006577184143719617	0.1471002796488906	0.0003901014810618687	0.0007202516856942547	-9.156483402977827	0.01142961668002512	17.50356537612651	-23.0477319593862	-9.075815394252629	-0.8245118710097878	-6.999899064239056	0.05921420181343257	27.28652061889544	24.38103865424796	19.87593575239526	-23.48170986000092	-14.33909704638285	33.51485608846014	56.4973694753571	56.4973694753571	60.65650345911769	60.65650345911769	-19.52974704222131	-0.2414466182143587	-0.3680281354422653	42.23517284864109	-4.818579544973561e-18	2.558820117822859e-17
15.76185835479618	0.01134059737283192	0.1176151069080822	0.06615524616106905	2.244810003995276	1.038750601643404	1.016735111568057	-0.2739207365701891	-0.09004465063375443	-0.0665635777867668	0.477888601386245	0.09122137471265994	-0.04007158354216438	0.4992862814070251	0.4992862814070251	0.5197767171810189	0.5197767171810189	-0.2454496722393417	0.1165779040103744	-0.1062139493392882	-0.09773449741023969	-1.095954379110971	-0.2425070482534628	1.432724046589313	0.1641489501261556	0.3485911515838978	-0.1575818260033409	0.3575826075566803	0.2844831870536365	-0.3562066260815376	0.09331823017996761	1.268394870614097	1.128238080330105	2.265570389283848	2.265570389283848	-4.951599632497959	-4.951599632497959	-4.0747795477526	2.318783184857696	0.003752634212904309	4.408410652253963	0.09277354590273403	0.2370848160593411	0.01038481266058684	0.01019344699620877	0.01496342562786447	0.06211203060710582	0.01013193830426593	0.1133103367103171	0.1565696241695972	0.04536495574979954	0.01099773064893476	0.01029847086227191	0.01049836575551853	0.2184471947573457	0.0100839021384659	0.01004356488923271	0.01006057819222466	0.03248783254707181	0.01054355053823789	0.01056281956716962	0.08458104871990953	0.07729074489194157	0.054323574123064	0.09396899968168468	0.2851975278122273	0.1911705286031674	0.1209466971678258	0.03257734760758968	0.2791879336560579	0.08758314614279457	0.1032576788055224	0.01191107800238554	0.01246356607637759	0.0111199559597473	0.1088688014086936	0.2770720844657901	0.05049236457856233	0.01012546372461196	0.01004883882493209	0.01008408932456896	0.1012871808287411	0.2267726123070522	0.009972323538901855	0.009999468561691429	0.009463749377698616	0.05640406249934266	0.01009593642988763	0.1557564280999802	0.2195981992174795	0.001669737560258059	0.01108750972568591	0.01028455474548258	0.00954036080067722	0.001078581132800091	0.01000833146148539	0.01000354655700496	0.01000028753739416	0.0404139592854616	0.01025043524064902	0.01003663543171733	0.1135958933729315	0.1026923847955916	0.06912949342645129	0.1270966002762144	0.3654553352925755	0.001241729958414895	0.1671443175713058	0.009392382205462841	0.3262307949924237	0.001048364296025181	0.1407541422286138	0.01253797555007806	0.01323682264511051	0.009800005108350369	0.1434342656938309	0.1319200208111043	0.06544646705259631	0.009980630533974952	0.009991919880783689	0.009986853843708968	-0.0001605140381479775	0.0001243921235885061	0.0004125230849112117	-0.0004896619104625534	-0.0004231069987525116	-0.003509556895875641	0.005101501931259122	-0.001132609256885266	-0.0003819878126136201	0.006021523951729551	-0.001731575512293524	-0.01708595790628509	-0.2560838471903291	0.07378911812914432	0.01527655270074899	0.1721497778467925	-0.002514721615794967	0.0003589471834603233	-7.270903883531106	0.009485711221051756	27.96612563162081	-20.20857615532169	-39.61143654421093	-1.580709739300262	-8.054287434662847	2.82871152454697	26.76259710828534	19.26122756070095	58.20680052792887	-11.32035592426837	-35.00260863935311	1.478114096807434	79.85860746277778	79.85860746277778	115.9398037079043	115.9398037079043	155.5112509971333	17.33529899410542	-36.84526552881559	2.032779145617878	-8.364429618316653e-17	1.99028925654256e-16
15.77945833719617	-0.003242977895052403	0.1115285743536965	0.08448309437335001	2.24745414494962	1.043627524421343	1.014478863888802	-0.2642661323598167	-0.08345388400985516	-0.06276952928123516	0.4776306837112219	0.1088728393630574	-0.02162882793649737	0.5500126668522271	0.5500126668522271	0.4508250346153483	0.4508250346153483	-0.3065995422508346	0.1599489940743945	-0.1185316688093519	-0.0235001419245508	-0.5574772383809599	-0.4391500855993843	0.647162415221806	0.1362755271420291	0.2052833411968095	-0.09804829210772768	0.7146744797275795	0.4659278684981132	0.7928099480217576	-0.1151866488201792	0.7387922621451973	0.9178982944183258	3.460099386498938	3.460099386498938	-2.87215563598002	-2.87215563598002	-2.832837148784741	2.56268441184794	-1.363765882095491	3.911282779244831	0.09932690112984467	0.2386760963023068	0.01008769893203912	0.01006348092255741	0.01033163906765924	0.05783567697548866	0.01015861796359848	0.1448364696965862	0.1890070830106279	0.0279805201135305	0.01082881640023142	0.01023794643548893	0.01040014650902917	0.06745183064527908	0.01002947057191284	0.01001517394342705	0.01001784519550202	0.03445702248770609	0.01033382370477753	0.01015256998817067	0.09996278334309572	0.09040701199116231	0.06261901427100815	0.1177566907189945	0.3336308509813422	0.053468673947724	0.1560435238227673	0.0146119163894194	0.3086088567467005	0.01733314255163828	0.1288742320363167	0.01216336760274539	0.019626353753311	0.0100085407137859	0.1295122541759151	0.1952419620383009	0.04911415092221316	0.01001493637450806	0.0100048776706765	0.01001045293097148	0.1005238600933418	0.2489834762882072	0.01010538811163869	0.01008110346413687	0.009891058811580609	0.0574539143403252	0.01021002971386286	0.1509703395464026	0.182475755741849	0.04131115542267873	0.01060328076616421	0.01019068093828936	0.01100205534369657	0.03052382230109241	0.01003275111305045	0.01001732412780745	0.01002112092548989	0.03059726456276746	0.01034765437715075	0.01014538369528823	0.09553224266982464	0.08595014293668016	0.06041290678728453	0.1205087869397532	0.346131312683032	0.01982197062199522	0.1643127428434308	0.01356847615731695	0.3172235288890703	0.004026709582800931	0.130901035619613	0.01194803692633618	0.02599686058233951	0.009911277887180867	0.127956410765622	0.1839269896087157	0.03657501248820281	0.01001533269383115	0.01000454456463967	0.01001126328064324	-7.226661083019423e-05	0.0003467518054594882	0.0006269934644009168	-0.000845024915629859	-0.001267175790867703	-0.00480802195519547	0.00371329009633782	-0.001416538438656972	-0.000617802641003474	0.004768246862325453	0.002031334569454792	-0.003513213587587388	-0.2577867628779154	0.06046554966790525	0.006172666066987806	0.1683822330854087	-0.005374811887964336	-0.0002026041402106153	-6.534595508771389	0.009462214828301566	32.23331658734789	-5.80323233937702	-47.38644633989627	-1.589176701413888	-8.21403119628909	3.724466471175147	14.93410597073794	5.95783095541991	69.28967448760224	-11.4760131761376	-27.52138876734426	-22.89588511970227	58.57912087520631	58.57912087520631	120.2503079153639	120.2503079153639	31.60654490617097	8.107730914848579	-94.74135956814918	-53.2748303137753	-4.709151180990054e-17	1.7394735746227e-16
15.79705831959617	-0.008149015458326249	0.1025088624533397	0.08883587779133607	2.24960526496129	1.045965239565289	1.013310634694862	-0.2496392251528844	-0.07359262981794758	-0.03846446798160028	0.4740959385360726	0.1172738941531854	-0.009508689944234618	0.6197194907992993	0.6197194907992993	0.4190877601030302	0.4190877601030302	-0.3437138246845621	0.2051274324210993	-0.1528200009571889	0.03585801273460437	0.003766914316603222	-0.57582321633925	-0.1553530862948472	0.1081237869788603	0.06004454099250828	-0.03394323812427447	0.9226176040192111	0.6561298732469112	1.97459261313968	-0.2790489035653246	0.2172108807625966	0.4097580875992734	4.422440557731261	4.422440557731261	-0.7226853975188497	-0.7226853975188497	-1.343460046231124	2.524163876907203	-2.492910394016513	2.717931595122508	0.09956484218627507	0.2557434609389977	0.01020052696723485	0.01013521194002036	0.01049081407943914	0.05831784986133624	0.01026861726690046	0.1456330917840617	0.1651491982294245	0.06219649034008053	0.01035947505426917	0.01014562883234569	0.01178735878458492	0.05434133164845858	0.01005021046071514	0.01002698574425271	0.01003571399832484	0.02547437071356892	0.01041653950509192	0.01023678450637554	0.08621177993424403	0.0772936920239346	0.05557529493647313	0.1153556301758187	0.3324611642542446	0.03749305905371651	0.1592415626161847	0.0171367286014858	0.3097827214299774	0.01010553225584269	0.1242314877320126	0.01161457084302639	0.03196001428799849	0.01006102139397185	0.1195381590557553	0.2120229198155695	0.02238927062087411	0.01004285310444395	0.01001486423018117	0.01003028656920319	0.09976053935794252	0.2711943402693621	0.01023845268437553	0.01016273836658231	0.01031836824546261	0.05850376618130775	0.01032412299783808	0.1461842509928251	0.1453533122662186	0.08095257328509942	0.0101190518066425	0.01009680713109613	0.01246374988671592	0.05996906346938473	0.01005717076461551	0.01003110169860994	0.01004195431358561	0.02078056984007333	0.01044487351365249	0.01025413195885912	0.07746859196671782	0.06920790107776872	0.05169632014811777	0.113920973603292	0.3268072900734885	0.03840221128557555	0.1614811681155558	0.01774457010917106	0.3082162627857169	0.00700505486957668	0.1210479290106121	0.0113580983025943	0.03875689851956851	0.01002255066601137	0.1124785558374131	0.2359339584063269	0.00770355792380931	0.01005003485368736	0.01001716924849564	0.01003567271757751	1.598081648758942e-05	0.0005691114873304704	0.0008414638438906219	-0.001200387920797164	-0.002111244582982893	-0.0061064870145153	0.002325078261416517	-0.001700467620428678	-0.0008536174693933277	0.003514969772921355	0.005794244651203107	0.01005953073111032	-0.2594896785655015	0.04714198120666619	-0.002931220566773377	0.1646146883240248	-0.008234902160133704	-0.0007641554638815539	-7.494409611132484	0.01222615213347416	30.55328866964326	-13.39380722622485	-41.53801462410203	-1.612336723091148	-8.273718315140751	3.348202963111396	9.813858809621857	20.25637893134387	61.9302236848343	-6.247325367712402	-34.09110464986013	-32.36287666548114	53.47360085244375	53.47360085244375	123.8973391589928	123.8973391589928	183.6288590676822	-14.75811513693622	-9.757283396800272	-77.08358532455759	-4.977279923339316e-20	1.30818308118654e-16
15.81465830199616	-0.002977823691959768	0.09059211362459713	0.08057633647068004	2.25125804493975	1.045791195137211	1.013161937735368	-0.2329849030810889	-0.0588912019382833	0.003426301292501777	0.4674543658287589	0.1167376433407374	-0.00634262211085852	0.7045871452856965	0.7045871452856965	0.4248857623256471	0.4248857623256471	-0.3483938573508235	0.2477838338876631	-0.2027753266357003	0.06868921916250458	0.5547453646047185	-0.7620412900346192	-0.7131974257960684	0.08078662288455864	-0.08118283072045589	0.01110284773223252	0.9601385273316613	0.9915505908740014	2.636153832876626	-0.4666998253637507	-0.2151031235286134	0.01910372334040912	5.146285180929026	5.146285180929026	1.335995920251593	1.335995920251593	0.6773080105957355	2.284653709140785	-3.149879024913332	0.8544734911124422	0.1135073117126637	0.2796955613796705	0.01020746233851179	0.01013432044318269	0.01382470699413126	0.07115531562152357	0.01022940969866317	0.1377438546000788	0.1513810237486233	0.06906177893793211	0.0101421835454687	0.01008892454867272	0.01170044235343275	0.0459574220483405	0.01005419445092274	0.01002842895538734	0.01003708560097353	0.02199765036506445	0.01044591397412372	0.01026847036529295	0.08207208047798742	0.07494847662811085	0.05742394539616022	0.1174565503433379	0.3235575524228385	0.04352882136011775	0.1532102437793407	0.03177047192218901	0.3074792536083534	0.01036829600819795	0.1199952952693286	0.01119502282684499	0.02854766008736228	0.01002252022038048	0.1198358956601027	0.2168846090804875	0.01001693626442136	0.01004748033622301	0.01001626687067295	0.01003377221117689	0.1299986153468171	0.3040188713381825	0.01018650656446723	0.01011349660060063	0.0171361657340412	0.0850670657955257	0.01015196256641383	0.1273875751866652	0.1484525641620968	0.06242553689561276	0.01011070755512082	0.01007063304265889	0.0111264245664119	0.03308759816384817	0.01005291678333291	0.0100268087521542	0.01003385576538274	0.02199442230223952	0.01045320096085008	0.0102859114298171	0.08387518520819809	0.07832759048056256	0.06226306574852278	0.1210782462119973	0.3136191594275131	0.04907036399166424	0.1437087612485813	0.04589888256687174	0.3050567587796587	0.01286530932252127	0.1172309109507514	0.01098238237044317	0.02017675740377471	0.01001396951433366	0.1255106395666314	0.2051146175553658	0.008654070481325741	0.01004665121971939	0.01001592253994304	0.01003316481834184	7.464725926837387e-05	0.0006095858608564683	0.001457472191339072	-0.001384185404274679	-0.001633245915467375	-0.008965281325018415	0.004448344717322805	-0.00114644567818673	0.0002319883186137431	0.00455936088193089	0.003896071373521921	0.00132578697724519	-0.2636142292710305	0.05691469065235154	-0.002466528567866325	0.157579322619959	-0.005691600023774735	-0.004438928725212016	-9.461626260924181	0.01067958935191741	29.19965413953373	-7.783669613922196	-20.80572221919407	-1.430440297528828	-8.01552791628351	1.658551918366489	-2.542844962062132	16.50388602620058	12.67029104239242	-12.1043120370169	-14.42623429993085	-11.2254085665382	28.53391435681536	28.53391435681536	109.6248508041513	109.6248508041513	68.961735240192	-16.31549261901391	-48.21892435662786	-133.7773280257374	-1.27995031700299e-16	7.606873613589273e-17
15.83225828439615	0.01035284734163793	0.07625924765144837	0.06619657133789059	2.252487471106839	1.043059717439522	1.013492261444376	-0.2161867215243778	-0.03949750110175822	0.04906308964801927	0.4579840829324279	0.1119214680068468	-0.006404590239473609	0.7982167392546392	0.7982167392546392	0.4645112693899935	0.4645112693899935	-0.3246010040936025	0.2841917664551881	-0.2625003179643561	0.06035915711943646	0.930981394625953	-0.850382257308202	-0.8508337604273545	0.06001535121454894	-0.2305731666265178	0.02049098318531576	0.9389652891073067	1.189343242467427	2.400277025348763	-0.6004935646711889	-0.269144664848007	0.04293545236838565	5.418116494605972	5.418116494605972	3.121353087626962	3.121353087626962	1.892098407906327	1.814109882871215	-3.603100782632898	-1.959489954002069	0.1408403873953961	0.3097188799962761	0.01015827166259077	0.01008733695507978	0.02043780055813819	0.09579838669970922	0.01006346462333869	0.1207304121975938	0.1511463145716928	0.05315550575344588	0.01012400829577515	0.01006132153522716	0.01042288537200214	0.02038378722026468	0.01005032457505587	0.010024403289905	0.01002942840852895	0.02290322938621158	0.01045523101608562	0.01030024340215802	0.08709303878220699	0.08264273206779171	0.06705802850464083	0.1237903511301091	0.31153620688593	0.05372979946395978	0.1375400668077622	0.05851400070294339	0.3045548835909831	0.0159477125151681	0.1160929004370839	0.01081699827138	0.01085489502940195	0.01001254311022175	0.1307539085720466	0.1940309961000261	0.01012559331518911	0.01004447014579939	0.01001514357304648	0.01003154361743664	0.1602366913356917	0.3368434024070029	0.01013456044455894	0.01006425483461896	0.0239539632226198	0.1116303654097437	0.009979802134989573	0.1085908993805053	0.151551816057975	0.04389850050612612	0.01010236330359914	0.01004445895422165	0.009789099246107883	0.006206132858311614	0.0100486628020503	0.01002251580569847	0.01002575721717986	0.02320827476440571	0.01046152840804767	0.01031769090077506	0.09028177844967836	0.08744727988335643	0.0728298113489278	0.1282355188207025	0.3004310287815375	0.05973851669775291	0.1259363543816069	0.07405319502457242	0.3018972547736005	0.01872556377546586	0.1134138928908907	0.01060666643829203	0.001596616287980912	0.01000538836265596	0.1385427232958497	0.1742952767044046	0.009604583038842174	0.01004326758575143	0.01001467583139044	0.01003065691910618	0.0001333137020491579	0.0006500602343824662	0.002073480538787523	-0.001567982887752194	-0.001155247247951857	-0.01182407563552153	0.006571611173229093	-0.0005924237359447825	0.001317594106620814	0.005603751990940424	0.001997898095840736	-0.007407956776619939	-0.2677387799765594	0.06668740009803689	-0.002001836568959273	0.1505439569158932	-0.003148297887415768	-0.008113701986542477	-11.81915511848557	0.007212622032892772	10.69617560037583	-2.271397646789155	6.212942771187433	-0.8662118378418384	-9.201328810149134	-0.7038409075051587	3.144061056093309	4.616810333397321	-40.05147230427161	-0.1271848735932782	8.894445491597359	14.73786285423853	2.10840067803678	2.10840067803678	92.83774555449055	92.83774555449055	92.04039707960352	-41.01196622070265	13.39579352642926	-185.0956639167349	-2.909376901837042e-16	1.899505962530844e-17
15.84985826679614	0.02644756214818434	0.05903039600327722	0.05067322266661891	2.25353317441106	1.03743905752058	1.013846414257839	-0.1969174228122728	-0.01622468428447276	0.08693135129197301	0.4448924628013304	0.1057940629347547	-0.003003968448919704	0.8931425114658813	0.8931425114658813	0.5213061628958972	0.5213061628958972	-0.2811121103243414	0.305410163791144	-0.3260563839150509	0.01526245295937121	0.8655068278062621	-1.077462234278626	-0.8748261790141171	0.05857306520848723	-0.4042318556022618	0.01687509356036316	1.275887440378568	1.422568555898219	1.87448876834984	-0.8538197280684451	-0.3649927827718175	0.3986021388297773	5.335853371463979	5.335853371463979	3.281323557833722	3.281323557833722	2.912789151044509	0.8333266466808251	-3.593266942510065	-3.159005506112465	0.1416904294926155	0.2957301458623025	0.01021758779709277	0.01013135546210975	0.02250917986666348	0.09049195034152595	0.02777936684014242	0.1350807894562084	0.1616147768111974	0.04990505799017018	0.01035390269844161	0.01011657657494257	0.01004015040543256	0.01002298047641472	0.01004474090657717	0.01002275698425937	0.01003014399589179	0.01871977060984205	0.01034744742974515	0.01023807029267285	0.08327443483975111	0.06695695497915255	0.05599900414881441	0.1274025808977594	0.2960051869610913	0.08714271074914218	0.1242456538225738	0.05541655181317901	0.2811392374279539	0.016091033870913	0.1168948353606892	0.02561189235258784	0.04770638291434493	0.01000747060253859	0.1079328954237277	0.1874020234326724	0.01002682026147521	0.01004178805526591	0.01001433935378709	0.01002949248817295	0.1279059181605682	0.252231840424768	0.01029101314101369	0.01018981615932137	0.02195985620369698	0.07249380166482963	0.04529390252039613	0.1621415389232728	0.1749319202859803	0.05326991826472983	0.01058753555405943	0.01018116658983317	0.01013721185964195	0.01025098737810875	0.01004065767274218	0.01002256744599061	0.01003348628479719	0.01443399303652563	0.01024068645749511	0.01016647911857289	0.07657500203638902	0.04617961903999527	0.03993013265929684	0.1284716344251605	0.2802334083945033	0.1200340396186132	0.1165322714240664	0.04057655292279336	0.246824338361066	0.01420452114729076	0.1198823750979855	0.04027984803314066	0.09270822469399238	0.01000785863275219	0.07467573069862569	0.1933691790813714	0.0103112431134606	0.0100401201732451	0.01001391706912699	0.01002819311664556	2.321837097425238e-05	0.0009933221798597337	0.002229181050123282	-0.0008130410421244632	-0.003338448821495823	-0.01471937209765143	0.003551144484160391	0.0002518828719390749	0.001148524651954966	0.003526818387234457	0.002580907769883018	0.001290323764994195	-0.2321836303933567	0.02685247478897489	0.02649077638701042	0.06535415570673109	-0.003474433997375992	0.0005468955637685475	-13.1185868475265	0.02925885757802323	-13.69466186113413	-15.66248216245008	-1.882069554324805	0.2895907742082822	-9.866826034040093	-0.2015878569222262	29.28706188740494	14.77935559687753	-27.21053128023604	-18.68249414828358	-7.318433428974144	27.63987603996311	-10.88292723307994	-10.88292723307994	-37.15674784174735	-37.15674784174735	29.29126429912521	-42.9483956798127	-3.650715397248147	-9.160827834771998	-2.077539824574983e-16	1.369069060379201e-16
15.86745824919613	0.03967612018157923	0.0393879632805128	0.03675294619049271	2.254540735807295	1.028968295589753	1.013984937476009	-0.1703899852676783	0.009424798085416276	0.1140435872024525	0.4291043623706923	0.1012617393548292	0.009565811522362596	0.9848748620088346	0.9848748620088346	0.578208161645383	0.578208161645383	-0.2268946306411519	0.3218409183918431	-0.388070814667654	-0.05062176888332915	0.6052814356131784	-1.124653108237501	-0.6686662833569001	0.05568103915449683	-0.5544487191254336	-0.004012404419377742	1.76375461758898	1.459419143521129	1.178000151540185	-0.9069120869467285	-0.08788522311499605	1.084886287584276	5.055227305774691	5.055227305774691	3.133524150205091	3.133524150205091	3.111257117284712	1.270059027995483	-3.427914789481852	-4.321710234704665	0.1149291479135691	0.2289442665439079	0.01036947830304118	0.01025309849830253	0.02075669710358237	0.05529476373645635	0.06124964157515057	0.1809779993415007	0.1822936684258577	0.05802520931491015	0.01082697770797945	0.01024947120512032	0.01035387963943886	0.0132114738980886	0.01003684861412721	0.0100227295109186	0.01003754619861519	0.01016561178099995	0.01013189194183857	0.01009101946120267	0.07075851611686972	0.02771024351004809	0.02477137749752662	0.1281926291711261	0.2769058093180502	0.1422033159224368	0.114036887506015	0.02444421760980149	0.233683815813733	0.01181142941742812	0.1224490492444425	0.05384718568498151	0.1307394726823962	0.01000958954139428	0.04841976136772441	0.200846338120108	0.01069562811160165	0.01003866232304618	0.01001357847317502	0.01002704790985414	0.09557514498544466	0.1676202784425332	0.01044746583746844	0.01031537748402377	0.01996574918477416	0.0333572379199156	0.08060800290580269	0.2156921784660402	0.1983120245139855	0.06264133602333352	0.01107270780451972	0.01031787422544469	0.01048532447317602	0.01429584189790589	0.01003265254343406	0.01002261908628275	0.01004121535241452	0.005659711308645559	0.01001984450694255	0.01001526733637071	0.06286822562309967	0.004911958196634109	0.007030453969665883	0.1287077500296185	0.2600357880074691	0.1803295625394736	0.1071281884665258	0.007099910821014294	0.1917514219485315	0.009683478519115661	0.1263508573050803	0.06995302962798929	0.1838198331000039	0.01001032890284841	0.01080873810140169	0.2124430814583382	0.01101790318807904	0.01003697276073877	0.01001315830686353	0.01002572931418494	-8.687696010065311e-05	0.001336584125337001	0.002384881561459042	-5.809919649673277e-05	-0.005521650395039789	-0.01761466855978133	0.0005306777950916904	0.001096189479822932	0.0009794551972891179	0.00144988478352849	0.0031639174439253	0.009988604306608327	-0.1966284808101539	-0.01298245052008711	0.05498338934298013	-0.01983564550243106	-0.003800570107336215	0.009207493114079573	-14.87934745583956	-0.03061949812499529	-11.43462214104459	18.17056631922368	32.3666409980768	-1.030955189849887	-6.537482344872831	-2.666525637780343	20.29692206568353	-17.69852173284034	-59.44925986237833	22.62667930289156	51.27581487078468	52.3080665941302	-20.43286533452279	-20.43286533452279	57.86386082656867	57.86386082656867	-1.394102820617529	120.0695150318784	31.06834675641981	-180.912611606613	-4.25281526613943e-17	3.131472600916227e-16
15.88505823159613	0.04972801369289629	0.0229387521339203	0.03061200530151708	2.255253203143716	1.018603903089336	1.013487636036749	-0.1373485815729694	0.03154144277774628	0.1249979628177745	0.4165754089405462	0.1076261132146051	0.03542649747488737	1.069757022714325	1.069757022714325	0.6433429377190711	0.6433429377190711	-0.1739310598583154	0.3407534350880773	-0.4432691663220271	-0.1298864708335817	0.5677271624415148	-0.7744424195342676	-0.08343787719320629	0.02319742955898133	-0.6078775698666619	-0.04797757798153668	1.971527008552939	1.059848837468037	0.1152617513891255	-0.5826766045337365	0.7279885904466339	1.764153504506658	4.561580286716347	4.561580286716347	4.181080599081274	4.181080599081274	2.864613654816351	0.8845767064821595	-2.850106394734311	-4.373075008170972	0.09696192830591574	0.1869481016316448	0.01035825589193014	0.01025961873689722	0.01680260536891931	0.03103601484287513	0.08812039958695547	0.210129344772292	0.1906204186042123	0.06461037676173627	0.01077409522960987	0.01023775642870385	0.01037059280839882	0.01471681715827012	0.01003733640660293	0.01002487302127003	0.01004215141350684	0.03338009387215882	0.01007877103012701	0.01004190009645547	0.07125472631752236	0.0103282018655055	0.01010804433668072	0.1285455921316237	0.2597439905445457	0.1365831640676632	0.1368234852195609	0.01002366690296117	0.1965900890837219	0.0100359932583591	0.124882586779824	0.06021890756832401	0.1802351324874281	0.01001007538278732	0.03028961253440316	0.2218102326831195	0.01070780798579668	0.01003997081853194	0.01001426442741253	0.01002801258764526	0.09014057443499361	0.1744607277264185	0.01029100522550902	0.01022059205083167	0.01355376236196412	0.02199439945318695	0.1035010132719372	0.2233080764992123	0.1895575684183215	0.06828134959231041	0.01054551313244294	0.01017700377511342	0.01029101859088257	0.01536940811016154	0.01004084387958771	0.01002698355447082	0.01004385078229449	0.0599243485230539	0.01010975766912396	0.01005034339919752	0.07764724015449272	0.009747028110821478	0.008662043253332707	0.1285915379891024	0.2468605653529146	0.1001282706443198	0.1704222828046957	0.008538661692594615	0.1761653514619395	0.009892127047259097	0.1249064060633649	0.05495659390708806	0.2030453209072476	0.01000999896071842	0.03856897701636171	0.2424957539149316	0.0104853613488957	0.01004243655966663	0.01001521910716911	0.0100298833673806	0.0001336019875453696	0.001414712705432669	0.003034239068308366	-0.000542727393607818	-0.005142365435020136	-0.0221412047883884	0.001274133096935501	-0.0007135305047510854	0.0001634945693055278	0.0025343556661235	0.0005775132216108657	0.0003588327818321124	-0.1735860915230014	-0.1801759647666522	0.1530617547735024	-0.1829101228495774	-0.1338044683173773	0.1539475024220529	-18.25840436331488	-0.06302450111349707	5.137130632500586	18.21692336547569	29.06892379111515	-2.430612211812453	0.03162825530007059	-2.028408633358294	5.90371102111141	-24.69281105606269	-56.72089567952719	10.7088064602429	36.81262280669966	24.09514401245258	-34.31905099760675	-34.31905099760675	52.92679041050307	52.92679041050307	-23.964873642758	-92.42101383067119	33.24429390638409	112.7186705688844	6.254819304248368e-17	3.752220786811402e-16
15.90265821399612	0.0607423836318484	0.01107636623029274	0.03190565942892494	2.255283934487729	1.008114752070801	1.01245528862645	-0.1016761369850183	0.04694300534081539	0.1198060677931162	0.4062765106153511	0.1239610326726602	0.06850730936801418	1.144424973455472	1.144424973455472	0.7223167769648466	0.7223167769648466	-0.1275641731302112	0.3531710225483602	-0.4885871775189682	-0.1935511819302507	0.7146538663078282	-0.6034224457605633	0.1761749042555574	-0.02178903745292873	-0.5686258376340566	-0.06481314374724644	2.062736836257972	0.6963408657537355	-0.6568051650819897	-0.653496480695668	1.045132455162253	1.905355964940955	3.894520467300955	3.894520467300955	4.706146537838193	4.706146537838193	2.361633179622637	0.5319981494852203	-2.305147705642402	-2.548982228614014	0.08945031795333602	0.1820091988797378	0.01020861164663942	0.01016957856231703	0.01049761737600347	0.01807141633284989	0.1107825706903695	0.2220075785646558	0.1854412329734706	0.07030548155263978	0.01026927067797117	0.01010292721863411	0.01018618719943834	0.01581024602501691	0.01004516864428878	0.01002913399412036	0.01004487864098256	0.08402846659036878	0.01016199831732079	0.01007304608842062	0.08428462835278816	0.01363966071238528	0.01066420900919914	0.1285084165048649	0.2453551878472491	0.0669548086452082	0.1917858369534004	0.01042080835852955	0.1753143562197017	0.01014741804908383	0.1240728872564493	0.04726025742748602	0.2037386314671502	0.01000978343562175	0.05370967033203046	0.2493241850608536	0.01020094829842368	0.01004524091037495	0.01001626118429706	0.01003201801343793	0.08470600388454255	0.1813011770103037	0.0101345446135496	0.01012580661763957	0.007141775539154085	0.01063156098645831	0.1263940236380717	0.2309239745323845	0.1808031123226575	0.07392136316128731	0.01001831846036617	0.01003613332478214	0.01009671270858913	0.01644297432241719	0.01004903521574135	0.01003134802265888	0.01004648621217446	0.1141889857374622	0.01019967083130537	0.01008541946202433	0.09242625468588575	0.01458209802500885	0.01029363253699953	0.1284753259485863	0.2336853426983601	0.01992697874916593	0.2337163771428656	0.009977412564174934	0.1605792809753474	0.01010077557540253	0.1234619548216496	0.03996015818618682	0.2222708087144913	0.01000966901858843	0.06632921593132175	0.272548426371525	0.009952819509712369	0.0100479003585945	0.01001727990747469	0.01003403742057625	0.0003540809351913914	0.001492841285528338	0.00368359657515769	-0.001027355590718903	-0.004763080475000484	-0.02666774101699548	0.002017588398779311	-0.002523250489325103	-0.0006524660586780628	0.00361882654871851	-0.002008891000703568	-0.009270938742944103	-0.1505437022358489	-0.3473694790132172	0.2511401202040247	-0.3459846001967237	-0.2638083665274185	0.2986875117300262	-21.99702560466593	-0.04049697020386279	9.529146213413389	-2.192035285379909	-4.635171539541592	-2.451735862494283	3.994412615872081	0.416387422003471	7.051162995039832	-13.60052509634282	-26.41837641330305	-22.26601997334402	-5.398099626568244	-8.835716877875049	-40.13888508112577	-40.13888508112577	-1.510120151903444	-1.510120151903444	-30.52333794138466	123.8085829205373	27.33542192626211	32.2077779937985	1.375497967002569e-16	3.80214129538574e-16
15.92025819639611	0.07303180673497141	-0.000397745106888126	0.03363110015826287	2.254565095760695	0.9987304055767627	1.011424553307683	-0.06214985849174555	0.05730241009743658	0.1048127537350806	0.3918758381786961	0.1405193759532096	0.1007465694939211	1.206937426737599	1.206937426737599	0.8027366057496356	0.8027366057496356	-0.08973290799794116	0.3800180969364984	-0.5237173295790296	-0.237338415091291	0.6749552915636247	-0.73274738631998	-0.02216672873091679	-0.05811927543713209	-0.4901320243169958	-0.04888334062500399	2.428250440885941	0.5193629195926707	-0.994101703293617	-1.053435021111436	0.7608619472504806	1.737212380742279	3.190471953951144	3.190471953951144	4.27607932165689	4.27607932165689	1.957387139552474	2.261790794985463	-1.657922666361426	-2.270126227611633	0.1005861883968514	0.1788343542915373	0.01064822779225776	0.02829924451605393	0.01702433949324332	0.01129750599964963	0.1402914700932846	0.2300277668066111	0.190018641076994	0.07532931471942129	0.01013589433456667	0.01007222103829188	0.0101635751719388	0.01537402089566621	0.01003851873851352	0.01002512101843325	0.01004020225833119	0.1385652847052021	0.01014761545911777	0.01006422587257293	0.1189222948755736	0.01315100592586387	0.0102639121776785	0.1196468136489847	0.2588017638925361	0.0511223261946099	0.2148507331349532	0.01003465622728878	0.1492677777893122	0.01009031751690931	0.1112479974267092	0.04439223702340805	0.2361397241252466	0.01001001584454202	0.05376403580610963	0.2646187761781766	0.0100237710103322	0.01004536259513585	0.01001640864421181	0.01003212760270549	0.1171429126352881	0.1751039068449898	0.0111190514094615	0.04621271096579156	0.02576519602598042	0.01017659027572481	0.1649146118536039	0.2346480782891134	0.1998271646904857	0.07818971978304855	0.0101916104064865	0.01009160614944854	0.01020708569113487	0.01449453984466876	0.01002941325961808	0.01001971293235579	0.01003460573192265	0.1815705190120658	0.01010664379674803	0.01004688982031811	0.1540256521940938	0.01199942274318063	0.01015321725386671	0.1088631672131336	0.2879571727184005	0.0678480034343775	0.214131538220954	0.009990383546073667	0.1265629937035269	0.01007006877086712	0.09627991090818581	0.04676044591574555	0.2682138704139676	0.01001031901994423	0.04444146487302653	0.2692981048349933	0.0100359559319799	0.0100435476870853	0.0100158089588258	0.01003076577131586	0.0004820270075892932	0.001649120062046172	0.003883511029592099	-0.002231923378544336	-0.005666328002365995	-0.03261371355612886	0.002474481086843326	-0.001185729728519012	0.002679268255621696	0.005150889164119913	-0.001480921396492566	-0.005624377975719661	-0.1106054137669627	-0.4570789307593535	0.357626794758427	-0.4987095141205798	-0.4147769377364479	0.4758216717293679	-25.22166642116252	-0.01144995923960136	-8.737545775226881	-12.67818764678681	-18.17162196549414	-1.718929065270295	5.344280731573562	1.442016692792258	27.57165136868559	-5.002058117886893	-11.03083725945922	-28.96035591585178	-27.97495006890428	-11.70129311555332	-41.52872150917618	-41.52872150917618	-49.22800718089078	-49.22800718089078	-17.48587127427588	63.61639923828712	43.96485179248661	21.0189723354179	1.405845183237078e-16	2.743059251592592e-16
15.9378581787961	0.08425728716677008	-0.01585300168276371	0.02964471079789132	2.253300723145319	0.9911312685712685	1.010855425784425	-0.0162243268407344	0.06657967325381092	0.08667511540684533	0.3667143959201831	0.1480809127052243	0.1289183610661988	1.256071144637611	1.256071144637611	0.8673293375096907	0.8673293375096907	-0.05795991204172105	0.4237389538681775	-0.5459253263701364	-0.2679430606159899	0.5937511691182216	-1.055825766197576	-0.4728973459203302	-0.08378158675714203	-0.3657609201617418	-0.01235765998398317	2.789925422280793	0.5733701063912351	-1.014115098551125	-1.876312455996056	0.02276705455383195	1.443143167088277	2.37420810811125	2.37420810811125	2.907610986491197	2.907610986491197	1.673192812085385	2.449475356002016	-0.8367195021050474	-1.050959408279012	0.1295708073511804	0.1732471421585834	0.0116064092234896	0.06247908786096405	0.03481788118220545	0.01047533409876244	0.1762805724645336	0.2347363708080447	0.2058508841807132	0.07966156238727283	0.01029480504562096	0.01012366930547382	0.01026771945903619	0.0135044350833529	0.01001950124089862	0.01001384101033435	0.01002865751531275	0.2006600652289839	0.01005826089833743	0.01002708130230118	0.1745352549506978	0.01067029900662428	0.01011110508352987	0.1016018015289979	0.3020760093233039	0.09133611709966341	0.2044813827438775	0.01002880916667818	0.1159568522067251	0.01005837466754011	0.08593470170254802	0.05030322057372718	0.2778793921921289	0.01001064639614637	0.0337895752846239	0.2659967853040392	0.01009472299889143	0.01004121851084566	0.01001501308587928	0.01002901352670728	0.1495798213860337	0.1689066366796759	0.01210355820537339	0.08229961531394356	0.04438861651280676	0.009721619564991317	0.2034352000691362	0.2383721820458423	0.2188512170583139	0.0824580764048098	0.01036490235260684	0.01014707897411494	0.01031745867368061	0.01254610536692033	0.01000979130349482	0.0100080778420527	0.01002272525167085	0.2489520522866694	0.0100136167621907	0.01000836017861189	0.2156250497023018	0.009416747461352407	0.01001280197073389	0.08925100847768094	0.3422290027384409	0.1157690281195891	0.1945466992990425	0.0100033545279724	0.09254670643170637	0.0100393619663317	0.06909786699472202	0.05356073364530427	0.3141569321134439	0.01001096902130003	0.0225537138147313	0.2660477832984616	0.01011909235424743	0.0100391950155761	0.01001433801017691	0.01002749412205547	0.0006099730799871945	0.001805398838564006	0.004083425484026507	-0.003436491166369769	-0.006569575529731505	-0.03855968609526224	0.002931373774907342	0.0001517910322870789	0.006011002569921454	0.006682951779521316	-0.0009529517922815631	-0.00197781720849522	-0.07066712529807655	-0.5667883825054897	0.4641134693128294	-0.651434428044436	-0.5657455089454773	0.6529558317287096	-27.52357392508622	0.01576234592061295	4.812601985367105	-24.20949358900475	-33.31576660684707	-1.239470256569796	9.207746333548252	2.756830389581387	6.614955373250401	12.64781171559991	9.636562250074299	-70.32730604247561	-56.96910401405885	-23.14546180754988	-52.89064016130512	-52.89064016130512	-108.146717582229	-108.146717582229	-16.8810842305938	-51.43114737423576	47.10568317100968	139.0613869304369	9.221432420834943e-17	8.918325275370285e-17
15.95545816119609	0.09346053247041533	-0.03768214143843875	0.01596692085993607	2.25168624562326	0.9860434103748814	1.011079902303575	0.03584512005999391	0.07828628267198129	0.07049306411773651	0.3255830922533203	0.1404313357331528	0.1490132479673337	1.28992462789702	1.28992462789702	0.9034658767294945	0.9034658767294945	-0.03032419196667114	0.4629918919413736	-0.5516506013064563	-0.27905155812143	0.4202750688491313	-1.405547323903134	-1.058763691543942	-0.0964661502963874	-0.2090953544026215	0.03655053308653958	3.122242148834318	0.7515030445381058	-0.8417697047636813	-2.76520023981044	-0.8567187402825547	0.8427229319574222	1.437757658410615	1.437757658410615	1.159031090243112	1.159031090243112	1.479510189392542	1.909870783774153	0.213912523715463	-0.2376446947467466	0.1477234015660188	0.1799206409095064	0.01907253534616832	0.08927627040904877	0.04811313950253288	0.01067662103971451	0.1946474109739784	0.2265229479829884	0.2109577580366775	0.07385314976978072	0.01032113837893182	0.0101333067100851	0.01022928781969275	0.01185160487498657	0.01001553931072395	0.01001200883098117	0.01003061753228508	0.2553970034961479	0.01003718516684919	0.01001704549901975	0.2040290423907144	0.01013057060552649	0.01005488806990356	0.09320437618968588	0.314987020785598	0.1097623453600726	0.1958191278448242	0.01001200475133155	0.09643492677956814	0.01005155337821895	0.06570152619045973	0.06324570586124895	0.2927977708513791	0.01001086814807679	0.03087884309145913	0.2711726500495487	0.01009852642288756	0.01004826317958175	0.01001743483129839	0.01003344101338301	0.1552511955388643	0.1922095927575226	0.02592800939774351	0.1042853577642772	0.05472451314459611	0.01141470665731232	0.1985118278208219	0.2118418102254922	0.2080438324852794	0.06533052027053353	0.01029521746504218	0.01012544688691928	0.0101567616234678	0.0109713132115424	0.01001883366301317	0.01001445610687248	0.01003677962723753	0.2967736696693086	0.01004962088495792	0.01002112640995589	0.2122316725122429	0.0105278657126763	0.01007297016817452	0.0926285769723775	0.3035384904539816	0.1127347009148906	0.1914327049352426	0.01001456114048013	0.09073466902910704	0.01005889039318746	0.05569706924866537	0.07471255604637519	0.2871560883539705	0.01001084403821575	0.0361176911036973	0.2789962691647884	0.01008444236879588	0.0100564051156239	0.01002021867808724	0.01003873769504683	0.0004787138383647259	0.002062833184858765	0.004317734716951555	-0.00459265818218881	-0.007081064951785953	-0.04347071932467321	0.0008276420909156788	0.0004431715824997637	0.004263604893815325	0.004265377134581176	-0.0003031875792191378	-0.002491864259731517	-0.01849294832366553	-0.6125879832944221	0.5106168696504509	-0.7394389424373767	-0.6923994050465831	0.786963270605177	-28.61134147887048	-0.0009237965242811895	-19.90128196093893	-16.06358569829904	-31.34485086353627	-0.1872624698862404	9.030422299591871	2.677754654535681	24.604122241042	8.395560621811015	8.420245808068213	-37.82369484769099	-43.46152853264043	-39.39887927758321	-56.3509500050024	-56.35095000500241	-98.3444218045415	-98.3444218045415	-7.020169150263619	-28.90016595997374	68.35848236675682	-2.453256942906549	5.833650749547234e-17	1.940546557038835e-18
15.97305814359608	0.09793166146469834	-0.06465190511733286	-0.006826988728381108	2.25001831413917	0.9838876316122898	1.01209568546751	0.09350878968719248	0.09284160457310527	0.05644597683640362	0.2705235759703427	0.1191676811095418	0.1586650372265805	1.305447291367244	1.305447291367244	0.9067266921642935	0.9067266921642935	-0.005449051077265315	0.4874034166078196	-0.5374172970362937	-0.2772329745518375	0.05601014167667446	-1.639988159816972	-1.508821069385695	-0.08985590669874961	-0.03256974222093344	0.07756363957200366	3.425633185996853	0.8970877577174109	-0.7715053096030406	-3.459065472399271	-1.524288771086798	0.2564263392472153	0.2911583217439805	0.2911583217439805	-0.8282704522335727	-0.8282704522335727	1.359490318195908	0.7629494187081973	1.431303130291718	0.4180285465088144	0.1554045890329101	0.1996236245012202	0.03241744761435091	0.1111582134657437	0.05851763831659848	0.01229758955120514	0.1944869164698901	0.2041531779601501	0.2037163602949943	0.05794278370148714	0.01025595834730192	0.01011313537199036	0.01007430717717777	0.01026942436270731	0.01002397580950258	0.01001800463618869	0.01004410819611196	0.3029038959308835	0.01007052697518139	0.0100287491987125	0.2072606817564989	0.01116320631918442	0.01010962033708575	0.09487148918732606	0.2904462104683238	0.1096212392025753	0.1914387907853995	0.01002190607664057	0.09175093079316179	0.01006985280599372	0.05111338431312058	0.08324986580625457	0.2768828376711517	0.01001075931458515	0.04313041510176329	0.282045775015667	0.01006567099253726	0.01006499917065813	0.01002315434742588	0.01004436685509321	0.160922569691695	0.2155125488353692	0.03975246059011362	0.1262711002146109	0.06506040977638546	0.01310779374963331	0.1935884555725077	0.185311438405142	0.197236447912245	0.04820296413625726	0.01022553257747752	0.01010381479972363	0.009996064573254986	0.009396521056164477	0.01002787602253152	0.01002083437169227	0.01005083400280422	0.3445952870519478	0.01008562500772515	0.01003389264129988	0.2088382953221839	0.01163898396400018	0.01013313836561515	0.09600614546707406	0.2648479781695222	0.109700373710192	0.1883187105714428	0.01002576775298786	0.08892263162650771	0.01007841882004322	0.04229627150260871	0.09586437844744612	0.260155244594497	0.01001071905513148	0.04968166839266331	0.2919447550311152	0.01004979238334432	0.01007361521567171	0.01002609934599758	0.01004998126803819	0.0003474545967422575	0.002320267531153523	0.004552043949876601	-0.005748825198007851	-0.007592554373840399	-0.04838175255408418	-0.001276089593075984	0.0007345521327124485	0.002516207217709197	0.001847802489641037	0.0003465766338432877	-0.003005911310967814	0.0336812286507455	-0.6583875840833544	0.5571202699880726	-0.8274434568303175	-0.8190533011476888	0.9209707094816444	-28.36631565716263	-0.01606763227690896	-16.86796820696003	-11.10939846711664	-17.88291392604834	0.9531236561255628	11.46457204748505	1.859660562290811	3.327941928168248	8.949146088799994	-1.963562830375082	-48.16563033243061	-32.88774311085159	-21.54050083660546	-76.77121937894158	-76.77121937894158	-135.2742045084339	-135.2742045084339	-8.510308644335806	-120.4444883010304	66.0555408431204	121.1475653487992	3.895106818507944e-17	1.25778065692869e-17
15.99065812599608	0.09743580428745756	-0.09396948743098739	-0.03499374842640636	2.248591898295135	0.9851165167116961	1.01366250514068	0.1522987213694862	0.1086986992642463	0.04184567740494728	0.2030510396231075	0.08993334765740321	0.1592503232310172	1.298265001881028	1.298265001881028	0.876824945246051	0.876824945246051	0.0176424966360621	0.4918863971596815	-0.5028973201096404	-0.2731888637448986	-0.09298210073275345	-1.663389494170877	-1.63348610102182	-0.06991966508097334	0.1710983389393674	0.09672917411327545	3.19697240526352	0.8736798027105573	-0.9301623869655687	-4.176971001344238	-1.745465564808111	-0.1626539669710761	-1.134248885738403	-1.134248885738403	-2.472255071929235	-2.472255071929235	1.254563905603719	-0.3435115725532928	2.425632827652095	0.04895556939808938	0.1496738040303042	0.2022745948304761	0.03110239077433793	0.09736417173187926	0.05481849258106716	0.01467284606357669	0.1694133293077215	0.1775168722977017	0.2044355077033764	0.06042886527141303	0.01042298484274504	0.01017059187127845	0.01009770556310243	0.01003617416559788	0.01003086757941771	0.01002258183897463	0.01005126131274777	0.2936263247777898	0.01010750498543027	0.01003910305056889	0.1883627084265148	0.01319061338870293	0.01015990489719326	0.09011951054886022	0.2529921359701007	0.1030423015581678	0.184991977440082	0.01002972627407681	0.08855574383966899	0.01008514860287926	0.04555619468699731	0.1122462342482374	0.2390731599962242	0.01001476737698886	0.04851904517724086	0.2864786277842187	0.01012137102472337	0.01007369044992631	0.01002579212283694	0.01004961467425309	0.1381096262592084	0.1936356050371274	0.02440217750914584	0.06986759768116073	0.04605330656175178	0.01635644546099366	0.1364995457250982	0.1556199699903436	0.2104238843193056	0.07029298529275271	0.01060344684636295	0.01023180195327906	0.01017666096944843	0.01044827738471294	0.01003456503101981	0.01002486369556917	0.01005315587709434	0.2459129943060738	0.01013158012068034	0.01004517778286663	0.1611610912545697	0.014778930440131	0.01019048121665149	0.08381494439882116	0.21609233541881	0.09522028513347444	0.1786098223614644	0.01003433111043452	0.08700750560148381	0.01009342217646783	0.04620614776373096	0.136798138645003	0.1957339225730144	0.01001859303075501	0.04926666907053867	0.2855574298506325	0.01018566962522015	0.01007567060182344	0.01002615328588577	0.01005051099831923	0.0001564136506846664	0.002445050244889246	0.004999699397047717	-0.007770845945980692	-0.006836861058422499	-0.05401789743146914	-0.0004166633370349198	0.00036295324698303	0.002909692899323812	0.002975876047083039	0.002463017685125022	0.001667352391003428	0.05477547685688001	-0.6011598595910026	0.4790755182491823	-0.7409341772362481	-0.8810425971206584	0.9738001143499327	-26.7702167750172	-0.05995186532854949	-2.612908075239289	5.961045202956238	3.299333102020825	1.420048717456484	11.53055830238119	0.383564217960587	-26.10171627931924	-9.126689207546283	-16.16580784131095	-34.43434501476791	2.053704265169478	-22.62334323241696	-85.3924426831597	-85.39244268315971	-64.17390680945931	-64.17390680945933	-5.538690049565319	-41.74830634590245	46.10899182472244	-91.39603227554542	7.761601727705199e-17	6.02857103278452e-17
16.00825810839607	0.09534071184347929	-0.1222116046476292	-0.06226770498260321	2.247638713263092	0.9898709484509468	1.015368371205362	0.2039978627863768	0.1224976799064333	0.02220684826228141	0.1245962740542223	0.05956945094916	0.1538992635002052	1.264574170283888	1.264574170283888	0.8231320060567809	0.8231320060567809	0.03835998004901089	0.4721440965585426	-0.4543510046364397	-0.2752483590179418	-0.1257213203659366	-1.517776094762506	-1.407366065450151	-0.03607962428673345	0.3680609583922528	0.09336438168096912	2.619860759155583	0.6632109273684337	-1.344066076619662	-4.707047313750921	-1.652648360367418	-0.418159077980365	-2.721179021381345	-2.721179021381345	-3.531817732035034	-3.531817732035034	1.089710014281562	-1.989926192464057	3.025206831758244	-0.2755637470817243	0.1298605382685563	0.1857046955446303	0.01665248614866638	0.04563541430068913	0.03717005149273706	0.01786812405167667	0.1174312376722783	0.1477836760287316	0.2147889596486821	0.08026774207386014	0.01079089013748545	0.01029527072996119	0.01027094701796151	0.01102720384363656	0.01003756597585452	0.01002663666344349	0.01005380839826078	0.2172437986856045	0.01015303887021589	0.01005034463508555	0.1460325886032431	0.01626726514155422	0.0102169140997704	0.07886667073866684	0.2058657122448169	0.08962657476328467	0.1759251625848147	0.0100382549161712	0.08646008121882416	0.01010016531522052	0.04856734219170888	0.1503289244712642	0.179469719799649	0.01002246123639559	0.04860100149100088	0.2829825163407852	0.01025349299648493	0.01007605534812286	0.01002596644887759	0.01005036435497327	0.1152966828267218	0.1717586612388856	0.009051894428178048	0.0134640951477106	0.0270462033471181	0.01960509717235401	0.07941063587768878	0.1259285015755451	0.2236113207263664	0.09238300644924818	0.01098136111524838	0.01035978910683449	0.01035725736564187	0.0115000337132614	0.0100412540395081	0.01002889301944607	0.01005547775138446	0.1472307015601998	0.01017753523363553	0.01005646292443338	0.1134838871869555	0.01791887691626182	0.01024782406768783	0.07162374333056824	0.1673366926680978	0.08074019655675684	0.1689009341514861	0.01004289446788118	0.08509237957645988	0.01010842553289243	0.05011602402485321	0.1777318988425597	0.1313126005515317	0.01002646700637855	0.04885166974841403	0.2791701046701497	0.01032154686709598	0.01007772598797516	0.01002620722577395	0.01005104072860028	-3.462729537292465e-05	0.00256983295862497	0.005447354844218837	-0.009792866693953533	-0.006081167743004599	-0.0596540423088541	0.0004427629190061444	-8.64563874638808e-06	0.003303178580938427	0.004103949604525042	0.004579458736406757	0.00634061609297467	0.07586972506301452	-0.543932135098651	0.4010307665102918	-0.6544248976421787	-0.943031893093628	1.026629519218221	-23.9664521072525	-0.07425032633590845	-3.657384226343028	8.096840484843057	21.97906539137794	2.533102415248539	10.70258700056612	-0.7006064267928827	-36.26878691569021	-12.30779793352403	-30.96888868702663	-26.82137983609396	2.793428725107509	-2.952391883829815	-95.12611593390879	-95.12611593390879	-68.86255177972517	-68.86255177972517	-15.32025621905506	-181.8029165514459	21.19689447829397	126.2104863925076	1.975515101323276e-16	1.598925153312291e-16
16.02585809079606	0.09298265877592667	-0.1475039531240583	-0.08233066274955174	2.247436784984726	0.9978611453173958	1.016796642334107	0.2436306144850532	0.1318395637593849	-0.007210525962947695	0.03775349899199092	0.03194971115964906	0.1481367498394436	1.202058578971763	1.202058578971763	0.7513545783260901	0.7513545783260901	0.05540173962996487	0.4308563093803225	-0.3992320654410603	-0.2821756004868703	-0.1563935914563341	-1.339430376659097	-0.8700701611681663	0.01353122826791464	0.5303221621709028	0.06936484244793985	1.896925884972658	0.4014440016214598	-1.974609968402082	-5.081235194684569	-1.47459134711921	-0.2141670675345256	-4.352194925261935	-4.352194925261935	-4.509131325026488	-4.509131325026488	0.8403160987762974	-2.773264244215468	3.170635860813487	-0.5211987116692178	0.120971680849672	0.1821470424967311	0.01053371572773039	0.01797274121659901	0.03118486627119443	0.02418362668138992	0.07634851761314013	0.1201912097560227	0.2158122344880449	0.09479827602539002	0.0107318068681348	0.01026026379339035	0.01023091856373364	0.01094384185240623	0.0100555339042933	0.01004033083680332	0.01007520348879464	0.1434904179327965	0.01019366363552456	0.01007098322326867	0.1084087505687053	0.01623585060039343	0.01028688862179474	0.07179698923434855	0.1673962380954351	0.08858046692463606	0.166448342872895	0.01005520584619654	0.08317557024943524	0.010111685961211	0.04560696223481164	0.1610619338201726	0.1364675994195948	0.01001861492238481	0.04462027664729436	0.2818007763755878	0.01023146550655901	0.01007711147708954	0.01002565750212672	0.01004967442339855	0.1209830997981399	0.1879643872857272	0.01016867974712007	0.01324936132581844	0.03250366861431887	0.0290989936176954	0.05686529377803489	0.1023622498354922	0.21042230139751	0.1022805740959583	0.01053744884309051	0.01018025251584577	0.01013033363664191	0.01052132906909962	0.01006987810023774	0.01005166515225994	0.01009426045304538	0.09764366101453054	0.01021438032972733	0.01008609422436655	0.08662191079874262	0.01500269760082149	0.01033077716592568	0.06931667143504962	0.1445102764916097	0.09399688187898975	0.1592454096380422	0.01006789604576159	0.08047766694084753	0.01011660576293205	0.0413925671646183	0.1537795579288845	0.116852168768902	0.01001206438073201	0.04030802035576041	0.282957808772563	0.0101611921025578	0.01007689944962857	0.01002519010555096	0.01004852994591498	-0.0002215037854262627	0.002635639503411511	0.005646153233597741	-0.01270834649588302	-0.006033482411895051	-0.06342399918205384	0.0008214832989418123	-0.0002906896059181734	0.001618006077218791	0.002913676510049505	0.005888648617024128	-0.0001892204509507082	0.08650234898617194	-0.429900503729933	0.2987659799626176	-0.4807289360603215	-0.9247320428616321	0.9807612155315499	-20.08943236220168	-0.09094033911495246	-1.991738334542478	12.59415005087335	35.01138165535704	2.995573061710248	7.660068919176692	-1.658847781430414	-42.36633616709346	-15.89363179376795	-36.19172885802103	-11.64303013806281	14.74766871101415	20.77998947101696	-88.82954540144286	-88.82954540144286	-39.01157724285371	-39.01157724285371	-14.15239322789054	18.05509573288339	-3.972050802091276	-84.85612621907896	2.224705883190944e-16	2.567565369580886e-16
16.04345807319605	0.08933744023378989	-0.1687636800726632	-0.09280798797261358	2.248129022389133	1.008200536646939	1.017824989664174	0.2712293112532301	0.1367367752454385	-0.04644713618556081	-0.05143912543939588	0.008064118969611641	0.1471527868404879	1.112456913421548	1.112456913421548	0.6684793292930949	0.6684793292930949	0.06770889006566308	0.3720123057872556	-0.3451270460390064	-0.2939315799487608	-0.2719902705649748	-1.059523190165713	-0.3180885507304277	0.06553021400212689	0.6350151416072509	0.04791845002157579	1.252353149545089	0.1581340169619544	-2.459889464873604	-4.974075918183686	-1.228312981546201	0.1248585856973242	-5.799145080950117	-5.799145080950117	-4.792935050233019	-4.792935050233019	0.5516857097506532	-3.984952780087853	2.909988558207456	-0.8242845222757179	0.1241866444143518	0.1941228995164459	0.01125110099402507	0.01520189535686381	0.03573255056219762	0.03340748486789855	0.04987697332895346	0.09523541608844546	0.2058572622443498	0.1051290766793371	0.01030607393864824	0.01008748933785677	0.0100127274245772	0.01000741904688088	0.01008366047554816	0.01006267947432525	0.01011317404296897	0.08489098432653495	0.01023068357179117	0.01010019429663317	0.07856955658670352	0.01347197188593427	0.01036922563732051	0.0688813640311863	0.1402893012217831	0.09985483341455194	0.1567459792155781	0.01007983153394474	0.07871645390146621	0.01012002201723381	0.03736117212193484	0.1434834723150387	0.1154687500904632	0.01000470397715969	0.0364393747703817	0.2842566552265416	0.0100775798301809	0.01007637279020653	0.01002467337872505	0.01004724853499301	0.1266695167695581	0.2041701133325688	0.01128546506606208	0.01303462750392628	0.03796113388151963	0.03859289006303679	0.03431995167838101	0.07879599809543915	0.1972332820686536	0.1121781417426684	0.01009353657093263	0.01000071592485705	0.009903409907641962	0.009542624424937843	0.01009850216096738	0.01007443728507381	0.0101330431547063	0.04805662046886132	0.01025122542581913	0.01011572552429973	0.05975993441052969	0.01208651828538116	0.01041373026416353	0.06700959953953099	0.1216838603151217	0.1072535672012226	0.1495898851245984	0.01009289762364199	0.07586295430523517	0.01012478599297166	0.03266911030438337	0.1298272170152091	0.1023917369862722	0.00999766175508548	0.03176437096310679	0.2867455128749763	0.01000083733801961	0.01007607291128198	0.01002417298532797	0.01004601916322968	-0.0004083802754796008	0.002701446048198052	0.005844951622976648	-0.01562382629781251	-0.005985797080785502	-0.06719395605525356	0.00120020367887748	-0.0005727335730899585	-6.716642650084464e-05	0.001723403415573969	0.007197838497641498	-0.006719056994876087	0.09713497290932936	-0.3158688723612151	0.1965011934149433	-0.3070329744784641	-0.9064321926296361	0.9348929118448788	-15.64787779852954	-0.1117573259268273	-13.30789478802237	19.63792797934251	23.64789730518266	2.804481457032733	4.160736783451078	-0.4104758177228989	-27.36398951596142	-10.21041616711071	-14.46155453071872	27.87721548008891	10.54586287809109	12.39235559569917	-74.20953272272347	-74.20953272272347	9.945466549346438	9.945466549346438	-19.77895085052228	-230.4791566050934	-24.9481893555937	119.68197463456	5.735683716880098e-17	3.481349918319561e-16
16.06105805559605	0.08218731334812188	-0.1849902273102743	-0.09558913009790676	2.249749796227162	1.019838918796345	1.018662289094434	0.2892457852316345	0.1393337446348896	-0.09074093938664061	-0.1354618348262329	-0.01246848703498027	0.1514463665764886	0.9991750354796215	0.9991750354796215	0.5826332725598722	0.5826332725598722	0.07485530828693071	0.2915344537334186	-0.2963250026811241	-0.3034044758950978	-0.5667634718696221	-0.7712761317068384	-0.03717882283758828	0.1177111824034796	0.6768951746089379	0.05014698034392893	0.8424820851458913	0.1473540671085364	-2.517794038840666	-4.514293663571162	-1.092144026555834	0.3277684356517415	-7.014733713092753	-7.014733713092753	-4.911958409618061	-4.911958409618061	0.2786915305917851	-4.957435870153389	2.710048046544865	-0.3834322219984108	0.1252972658918952	0.1961855308117253	0.02088336090225749	0.02149713160809727	0.04706958639261754	0.04445633265614143	0.03720471041452882	0.06734150347602663	0.2158869410956507	0.08500084575233792	0.01027816308616267	0.0101360502515568	0.01068728652305314	0.01006723373268325	0.01010484091071124	0.01008016431460712	0.01025780748046916	0.0430125128004803	0.01019953716626592	0.01010884015174244	0.05570650397590301	0.01158600872862156	0.01035922672493055	0.05949055900821518	0.1173828148907707	0.09638631965421694	0.1466317185459862	0.01011202452897195	0.07195675281746565	0.01023398730701872	0.02849486041079278	0.1400540473465763	0.08259364078758569	0.01002722323531148	0.02629396561218024	0.2909117177937031	0.010071744479696	0.01019470769439509	0.01006711123534983	0.01013595662559908	0.1247804418795274	0.1912632463653017	0.03021043610397034	0.02921927593218283	0.05715314960515532	0.05196278434459999	0.03543812631783732	0.04836451152981312	0.2367255024265926	0.05671158546870971	0.01040595592157947	0.01024504344228564	0.01140658974916813	0.0104611862674469	0.01011413536387042	0.01008819486517752	0.01038046129920124	0.02470083224087753	0.01015511053621762	0.0101057588276605	0.04467485333530701	0.01079369249194006	0.01031744152645482	0.05075059563878691	0.1031590675760922	0.08680083479357767	0.1390823810463617	0.01013304159900709	0.06658773608427357	0.01033853581526977	0.02303107157797232	0.1460166431314194	0.0544138740568561	0.01005366519342225	0.0195829093574828	0.2992931942500581	0.01012191258570705	0.01030706084638475	0.01010767657020603	0.0102208977384997	-0.0003195697027578073	0.002799021037762304	0.006798070918651999	-0.01690348317114991	-0.004107971914369001	-0.07180967993178786	0.0009576416016030985	0.0006850549003051738	0.0005888560880826874	0.0006735110668143304	-0.002762643788727412	-0.002088894403235407	0.116778828653279	-0.2250996276707437	0.1359476089633075	-0.197013127862031	-0.7809653520378511	0.7868890195144999	-11.45759190227155	-0.09900939781780387	-20.70503272615011	15.8664653580469	8.773931170162317	2.965093360184937	0.5826115954239678	0.6438351949442975	-17.20137125263709	5.070919516395096	7.043590979453265	30.33337219976135	7.422958741154282	8.090449717256517	-61.4618558990611	-61.4618558990611	-10.82558097156502	-10.82558097156502	-11.81884718649226	49.64416034181131	1.769862568512765	-33.45441994340216	-1.931288318366933e-17	3.27494526698398e-16
16.07865803799604	0.06846379130718389	-0.1954504554951121	-0.09549751177080515	2.252239447217564	1.03165289132037	1.019692863583026	0.3025568816042497	0.1422889254690843	-0.1331124690382351	-0.2082415412335328	-0.0299288933083618	0.1574483605129798	0.867617962905585	0.867617962905585	0.4973508849341127	0.4973508849341127	0.07816239887823712	0.2046503801587783	-0.247116532964	-0.3120483837677349	-1.018967739732586	-0.4042590061769731	0.008361827128613091	0.1642663527808155	0.6549686132219446	0.06988154679513149	0.7176506141844317	0.1988399036614602	-2.241449070355226	-3.69646066562039	-0.8791990266127123	0.3189967571640487	-7.875873820419695	-7.875873820419695	-4.728881678513351	-4.728881678513351	0.1153980427853555	-4.712933226341765	2.956173417942536	-0.7300812378792088	0.1239029607540709	0.1864943678868168	0.03905320496344615	0.03695491118320602	0.06533382153041653	0.05746217519704525	0.03701557307735997	0.03623079313442518	0.2482156350140237	0.03264960357958412	0.01057455561726123	0.01037120014389576	0.01214999418435218	0.01094530741743973	0.01012073256914721	0.01009409542310637	0.01050036555518938	0.01615646173753722	0.01010645927923812	0.01009974246612389	0.03927824755939913	0.01025999444990112	0.01026699069799858	0.04378674457055075	0.09765602254271644	0.07816171060125458	0.1360969458567438	0.01015179571561498	0.06291234998628362	0.01044303336744907	0.01880572844647815	0.1526377425645703	0.03488868896441225	0.0100816647735576	0.014102721752214	0.3018155523211282	0.01018689034916362	0.01042039103134461	0.01014869507521266	0.01030679013469016	0.1228913669894967	0.1783563793980345	0.04913540714187859	0.04540392436043938	0.07634516532879103	0.06533267862616318	0.03655630095729363	0.0179330249641871	0.2762177227845315	0.001245029194751036	0.0107183752722263	0.01048937095971422	0.0129097695906943	0.01137974810995596	0.01012976856677345	0.01010195244528123	0.01062787944369618	0.001345044012893741	0.0100589956466161	0.01009579213102128	0.02958977226008432	0.009500866698498962	0.01022115278874611	0.03449159173804282	0.08463427483706275	0.06634810238593271	0.1285748769681249	0.01017318557437219	0.05731251786331198	0.01055228563756789	0.01339303285156128	0.1622060692476296	0.006436011127440001	0.01010966863175902	0.007401447751858803	0.3118408756251399	0.01024298783339449	0.0105380487814875	0.0101911801550841	0.01039577631376971	-0.0002307591300360129	0.002896596027326557	0.007751190214327348	-0.01818314004448731	-0.002230146747952499	-0.07642540380832218	0.0007150795243287169	0.001942843373700306	0.001244878602666219	-0.0003763812819453085	-0.01272312607509632	0.002541268188405273	0.1364226843972287	-0.1343303829802724	0.07539402451167164	-0.08699328124559791	-0.6554985114460661	0.638885127184121	-9.393318198304465	-0.1016023925085409	-31.19780660502451	28.58908091583978	-3.098615569370522	2.165185587734635	-3.09001982965914	1.578848458971617	5.026905765601978	-3.13475154526739	23.52138600366124	68.56484063798966	19.27042216546781	-11.66238760020483	-33.93125098809311	-33.93125098809311	44.27505661642545	44.27505661642545	-7.312950730829793	-92.18518491592128	25.7411662269986	30.19309921858286	1.693494888571488e-16	-2.920269845718387e-17
16.09625802039603	0.04775885842231484	-0.1999411126128392	-0.09558460102529379	2.255454555132433	1.042730603976378	1.021143389798965	0.3135853884627168	0.1471359909547177	-0.1690132240062107	-0.2661638665760195	-0.04472660020721443	0.1592518883506613	0.7237951384178586	0.7237951384178586	0.4176051111118457	0.4176051111118457	0.07852372971308258	0.1062219914290739	-0.1901055051940145	-0.3081438824513769	-1.329112489283623	-0.121104709298314	0.008258351286325691	0.1994375104341286	0.5962013761358147	0.09229265596076484	0.5610417056209379	0.3471285546521462	-1.804388882398104	-2.880080647734453	-0.8265154427384002	-0.1280891154483511	-8.396966660337563	-8.396966660337563	-4.325231935682018	-4.325231935682018	-0.1005133183099725	-6.271699123842028	3.557345886631379	1.053192461367265	0.1180608249873361	0.1760784120723184	0.04125804836846984	0.05375374990384774	0.063745930304692	0.04986380788608949	0.02778352261843793	0.01752903675837026	0.2437586154610981	0.04151008261804044	0.01062801605806455	0.01037065425608939	0.01185230808101343	0.01095026886354629	0.01010470857292147	0.01008728523671886	0.01044083701099596	0.03204640395736862	0.0102547996082983	0.01009317732847701	0.04593689267414192	0.01659794232906966	0.01029973015840296	0.03241861857969315	0.09667870520998172	0.07212353288784129	0.1243481685677132	0.01011984988360904	0.04608613644176294	0.01039927761800841	0.01283796050472516	0.1580094724395117	0.03152545728232654	0.01007687855318866	0.01590897541408488	0.3094215405552984	0.0101998855697721	0.0104147363868351	0.01014924234325123	0.01030217179296109	0.1117273109084873	0.168273769563356	0.03605427701926771	0.06502018549847735	0.05382958362946839	0.03607770044332786	0.01890895874587355	0.01222543558320574	0.2152047449985901	0.07359579225553513	0.0105743147897449	0.01028435362182941	0.01101708443029389	0.01063947852629336	0.01008296856523465	0.01007513077011424	0.01029182267028465	0.05888368463243217	0.01042984659613148	0.01008982457272043	0.05998568366774272	0.02324806165954695	0.01036403709015326	0.02763730496757206	0.1052411803437985	0.07413988062659266	0.1155101796343044	0.01007405731568021	0.0325136516684152	0.01027848221636827	0.01102037775844651	0.1576343934524645	0.04863991789453818	0.01005201919610866	0.02251731677930149	0.3135605847619008	0.01017148186204774	0.01032396137444759	0.01011892394316004	0.0102332000161065	-0.0001097347137657594	0.002548402105528079	0.008229192821685419	-0.02010268308828574	-0.0002406934789611608	-0.0764716117590212	3.976142206859527e-05	0.00203728584724029	0.0003290762817295301	-0.00116741397234488	0.001384357573921657	-0.0003332420308656199	0.1501986553882999	-0.1273510888003839	0.05319071941789393	-0.0488911360599513	-0.5039733688181882	0.4789055561311243	-7.272150218091226	-0.079055003984217	-10.42862357950217	8.554320763304679	3.800436626246461	1.774354668508429	-4.11660002505006	0.8940396031419018	-13.69163943606484	13.79355240841129	28.36925291235751	35.76830699641519	-7.203811075296748	-33.46925297488379	-21.42198628449253	-21.42198628449253	12.93906442737394	12.93906442737394	-16.97596002457304	-69.67538315047854	41.34760279007241	126.6102239983566	3.123109575829593e-16	-2.932968327182969e-16
16.11385800279602	0.02184646859974074	-0.2002434928205369	-0.09427343138309066	2.25920157208795	1.052369447734216	1.022847983188857	0.3232014271067239	0.1543376469459181	-0.1954372278355974	-0.3094250000207045	-0.05987246948397404	0.1524454590756513	0.5745329178675069	0.5745329178675069	0.345381487820646	0.345381487820646	0.0737029520500054	-0.009058325385005353	-0.1206665438081102	-0.2792205477721681	-1.610724801683639	0.07168202772213531	0.1672550424641382	0.224710622389635	0.4914606203764353	0.09875284543368829	0.5571427020332755	0.4664072741342839	-1.164544454974177	-2.03041446573242	-0.9187629727570132	-0.6594084385928358	-8.49398762746844	-8.49398762746844	-3.874090990646484	-3.874090990646484	-0.4734785117644584	-6.627926969106132	4.368440013836815	2.112970850952521	0.1076889336232689	0.1658325424759575	0.0293546273786986	0.0727387723313687	0.04327471423996952	0.02224065226858156	0.01052353560399257	0.01066844883016171	0.19582493815681	0.106571155324793	0.0104932899981565	0.01017523111691688	0.0100358508931974	0.01024529663949327	0.01005934459169971	0.01006139723376694	0.01011775727485545	0.08525767292910351	0.01061514757510352	0.0100871818095587	0.07385004089510705	0.02983937772992673	0.0104374342866877	0.02508219309226589	0.114075334799659	0.078207346543468	0.1113538353844291	0.01002385515072346	0.02154384864256915	0.01013626675883805	0.01024091106907858	0.1553062410504108	0.06949344055313265	0.01002169406547424	0.03020055651154342	0.3127572240710747	0.01013233206455331	0.01021043994633035	0.01008038710035476	0.0101469973157062	0.100563254827478	0.1581911597286774	0.02297314689665683	0.08463644663651534	0.03131400193014577	0.006822722260492529	0.001261616534453472	0.006517846202224373	0.1541917672126486	0.1459465553163192	0.0104302543072635	0.01007933628394459	0.009124399269893479	0.009899208942630758	0.01003616856369585	0.01004830909494724	0.009955765896873124	0.1164223252519706	0.01080069754564686	0.01008385701441957	0.09038159507540111	0.03699525662059493	0.01050692139156041	0.0207830181971013	0.1258480858505344	0.08193165886725261	0.1024454823004839	0.009974929056988237	0.007714785473518428	0.01000467879516866	0.008647722665331745	0.1530627176572994	0.09084382466163636	0.0099943697604583	0.03763318580674418	0.3152802938986617	0.01009997589070099	0.01010987396740768	0.01004666773123598	0.01007062371844329	1.128970250449408e-05	0.002200208183729602	0.008707195429043489	-0.02202222613208418	0.001748759790030177	-0.07651781970972021	-0.0006355566801915266	0.002131728320780273	-0.0005867260392071597	-0.001958446662744452	0.01549184122293964	-0.003207752250136513	0.163974626379371	-0.1203717946204954	0.03098741432411622	-0.01078899087430468	-0.3524482261903104	0.3189259850781277	-4.881955115597185	-0.06424702014957791	-27.95548095917254	18.32002975380618	14.98096694432139	1.040406542749835	-8.314288539526443	-0.233757864170638	22.3803214117326	-6.431337967826518	46.56507262313032	72.34736307007002	2.800960935440389	-21.23438018721084	14.25878274593596	14.25878274593596	49.67178953636506	49.67178953636506	-25.15999498233085	44.46700312679339	49.59592400410578	-52.02235909477361	2.267679097334301e-16	-9.437551250648117e-17
16.13145798519601	-0.006628967527665014	-0.1940746101333195	-0.08955433856428041	2.263193327629886	1.0599091082724	1.024587692349352	0.3330491772583593	0.1588343144101846	-0.2045347458757986	-0.3386454763489622	-0.07212836767058479	0.1401840222521063	0.4299463730693315	0.4299463730693315	0.2841989993008847	0.2841989993008847	0.06278211058451032	-0.1178621708483263	-0.03868766973091895	-0.2429468930488728	-1.517084928930921	0.6079998283826638	0.3124597327457748	0.22372048738085	0.3679278476370906	0.101147234513778	0.4957942471593341	0.05222700189843989	0.1058710095228652	-1.383047360741659	-0.4223893801031371	-0.616528618186634	-7.795722254829387	-7.795722254829387	-2.911691049159661	-2.911691049159661	-0.7249317402750688	-5.067936384869055	4.826141163136807	1.954159614960878	0.1280031304533499	0.1877042029378243	0.03320967938079282	0.06400637474657393	0.06454618191620344	0.06632701210661968	0.03529008803904824	0.02370937503966037	0.1706540539896006	0.1200791435807081	0.01043693814143195	0.01012209546192664	0.01001344954535093	0.0100053604534839	0.0101552209940773	0.01010867632517745	0.01887284561873627	0.08388545590657184	0.01051980924449043	0.01008417054670722	0.06628692283224044	0.02708568041609658	0.01035898001511175	0.04838747512392081	0.0948160777227364	0.07278767309733063	0.0901373439373655	0.03327307421462885	0.06246112129035586	0.01011715262837263	0.02498317292181202	0.154501593917702	0.07785555452900794	0.01000546652217109	0.02750119348951805	0.3098972538604882	0.01011090521052743	0.01012298149522017	0.01004800053029459	0.01008092809394336	0.1583026218417849	0.2231562929022779	0.04176640334033995	0.04568853035085301	0.09643419477686695	0.1255186651745534	0.067079251418848	0.03952281580320817	0.1680256557498436	0.1059211139449642	0.01042925213407542	0.01014134210234425	0.01065342710690245	0.01002913217099926	0.01026288907808077	0.01016296945436083	0.0274512906123622	0.0587211510375716	0.01029468465283356	0.01008373082338463	0.04571755838535824	0.01911846358791544	0.01023415966586532	0.07574521201447945	0.06351290240194003	0.06402261439147723	0.07212661786060436	0.056483962390183	0.1166392867761729	0.01019454079922973	0.04060507474920956	0.1551688085705749	0.07098869015227996	0.01000992644344236	0.019380691853509	0.3033664824296954	0.01011408724950877	0.01011309361565395	0.01004179219015822	0.01007375837432559	-0.000114014299064481	0.002190471996059161	0.009000410050723329	-0.02130895690499428	0.002952967134176426	-0.07632028113175689	1.348683700234636e-05	0.001305904306508224	0.0006373137290889884	0.002457208319825493	0.00825844012578255	-0.003447546402343884	0.1380658193721585	9.770958394272537e-05	0.04124276298413261	0.02265566407482638	-0.2292174518277273	0.2098610354121029	-3.681192981183855	-0.06033189768244352	31.16625702600396	34.73118465183343	0.06563615539394714	-1.045890998063049	-6.148954228263487	0.5089289164221361	-22.05453026144672	-31.43193211058165	82.87256311581669	11.07783782127801	45.29885619204824	24.27821942724641	64.36452406409316	64.36452406409316	71.40116463845581	71.40116463845581	-5.22037777133444	167.6712004827386	3.880350654384381	7.798850768551167	1.523920913693154e-16	8.55276677018692e-17
16.149057967596	-0.02775191540626407	-0.1795926736018655	-0.08526528786284791	2.266894262480188	1.065412296690824	1.026486001419041	0.3383257100964059	0.156445273977702	-0.1925857678808114	-0.3613800492604605	-0.07292548366113898	0.1348764812258491	0.3050727336409622	0.3050727336409622	0.248760730519317	0.248760730519317	0.04968474748418364	-0.1639281042529958	0.04494689272534074	-0.2123659677680905	-0.7752139378988719	1.016348181961094	0.1183865711663532	0.191662783474365	0.2600431026224279	0.1167755804103088	0.03768566966817556	-0.3160603147824558	1.227105213402633	-1.293379249519637	0.3833726698402488	0.1308077831337404	-6.253882504429687	-6.253882504429687	-0.9486085494587794	-0.9486085494587794	-0.7208107630549674	0.5013883486958362	4.556586608695821	1.466069131037644	0.1783981061221844	0.2424107151414194	0.05073605450447512	0.02766078208271126	0.1233598324628779	0.172125231200097	0.0962111951257858	0.05495036443531755	0.1759910898150089	0.08770337032556205	0.01043332351397063	0.01017871387172642	0.01146896260737478	0.01011794824789894	0.0103757965170464	0.01022018324430971	0.03569722496595726	0.0318828621867263	0.01003306682758132	0.01008390970326527	0.02484078007085919	0.01007765361630771	0.01009531863794261	0.09916624890685642	0.03671428374676697	0.05621287205701568	0.06040591788349071	0.07697369891469547	0.1600831848143888	0.01029723017583574	0.05531774100354019	0.1560545085697525	0.06113777835250245	0.0100195423572857	0.01014747832814156	0.300495212786026	0.01012335585002039	0.01012195270344107	0.01004184076485581	0.01008082651683768	0.2160419888560918	0.2881214260758784	0.06055965978402308	0.006740614065190682	0.1615543876235881	0.2442146080886143	0.1328968863032425	0.07252778540419197	0.1818595442870386	0.06589567257360909	0.01042824996088734	0.0102033479207439	0.01218245494391143	0.01015905539936777	0.01048960959246569	0.01027762981377441	0.04494681532785127	0.001019976823172585	0.009788671760020268	0.0100836046323497	0.001053521695315377	0.00124167055523595	0.009961397940170223	0.1307074058318576	0.001177718953345706	0.04611356991570185	0.04180775342072481	0.1029929957233778	0.2255637880788273	0.0103844028032908	0.07256242683308738	0.1572748994838505	0.05113355564292357	0.01002548312642643	0.001128197900273824	0.2914526709607291	0.01012819860831654	0.01011631326390022	0.01003691664908046	0.0100768930302079	-0.0002393183006334561	0.00218073580838872	0.009293624672403168	-0.0205956876779044	0.004157174478322676	-0.07612274255379357	0.0006625303541962192	0.0004800802922361739	0.001861353497385137	0.006872863302395437	0.001025039028625464	-0.003687340554551256	0.1121570123649461	0.1205672137883809	0.051498111644149	0.05610031902395745	-0.1059866774651443	0.1007960857460782	-2.83948676186531	-0.03870559107129494	45.70721978076132	3.778032588836067	-23.57337295788514	-2.490002544217815	-6.536101792624945	1.270102368831371	-22.70610124485073	-1.216224166920553	29.61263969145329	8.972414039551142	37.95877533071649	58.81758405958539	110.1196033523323	110.1196033523323	163.3858303202415	163.3858303202415	3.882557438725953	500.0736120663345	-33.04685224564069	-89.44049286878852	2.008557973446055e-16	5.623130787249117e-17
16.16665794999599	-0.03898564741830408	-0.1635688946086721	-0.08808891746295114	2.269959342928494	1.068732692093769	1.028837071434699	0.3411046458300801	0.1537875269349969	-0.1709471055392654	-0.3778296001125808	-0.06424852770383159	0.1389528848650153	0.214434312162648	0.214434312162648	0.2521672591834862	0.2521672591834862	0.03724045071140678	-0.1955905480789336	0.117710885443118	-0.1938405721910902	-0.5276386358001464	0.8131354012463793	-0.3575351657590347	0.1563761013584923	0.1146637135382269	0.1442386574755921	0.3242035654415077	-0.03113707395965013	1.157981223358528	-0.52654714710376	0.5585020836807275	0.2503930309493375	-3.977481783610236	-3.977481783610236	1.292864156983299	1.292864156983299	-0.6545931494974108	-4.146280000013649	3.645605333915254	0.6602490292433023	0.160882178301129	0.2171594112987695	0.04454400875352196	0.01012509764009177	0.1176130117105055	0.1754222244796851	0.1270344977317135	0.07456074303230667	0.1493691846221878	0.07440422250853795	0.01033802011685027	0.0101580537302456	0.01721449884290016	0.01012106656369304	0.01113588812691376	0.01030205454708446	0.0329410786687408	0.04073894824149062	0.02522207101982325	0.02186270624467768	0.01103225920198222	0.01515583370255562	0.02108472618084043	0.09720321343326417	0.06012129967602672	0.03652396315564706	0.06837305176744107	0.09283875216118982	0.1657104131687813	0.01027526079476632	0.07027228598668363	0.2046066269300247	0.06597882955198824	0.0100224721008438	0.01097663377142412	0.3087489326610982	0.01009907946278695	0.01009091139191969	0.01002941972306192	0.01006051463774562	0.1086039946268967	0.144631118669516	0.03088815022453367	0.008093589503535691	0.08134046654284767	0.1226790153320201	0.1357530881425331	0.08269955822976612	0.1103543490866856	0.07548182146170543	0.01025134710119243	0.01012059703630239	0.02222526564018164	0.01009418467540349	0.01177505630290912	0.01033795761768369	0.02337461175733011	0.07240499136366287	0.04028458338963922	0.03331845182777207	0.01462391749541155	0.02646497377049298	0.03185340215685584	0.07092709636229989	0.1116602830895027	0.02358920164437545	0.09085835313795257	0.09105183505793207	0.1214559065892117	0.01019116130960749	0.07350124157045314	0.2702902341433204	0.07865489382197793	0.01002093553776765	0.01829111107957115	0.3288964971390447	0.01007256452263621	0.01006559601606643	0.01002122775423564	0.01004412756140422	-0.0002401252296715972	0.001872695399465387	0.00962835909123794	-0.0193718541636179	0.005656064696706093	-0.07484496125277268	-0.0007647189188460446	-0.0008139222735876503	-0.001442756286698325	0.0008188117788132218	-0.002708318293863504	0.004833521588077602	0.1860535085362648	0.06243127912657882	0.01292538745007355	0.006805254736990005	-0.03165312930447331	0.03484256404709419	-2.631861982069796	-0.03538259106942052	-3.994119933519613	-18.47553812752746	-21.81019461558528	-1.785064995451634	-9.344797767736431	1.181143860462589	39.70126052239732	21.04076292772633	-26.99203498661323	65.0742077692652	-7.815843071044118	-26.20783038552784	144.7870477575375	144.7870477575375	105.6898628626297	105.6898628626297	7.002458781369694	-650.1410204952562	-66.78061771493932	-22.15447682990375	2.493195033198859e-16	2.693494804311906e-17
16.18425793239599	-0.04725021349915207	-0.1506676943420981	-0.09497401682353668	2.272389330445482	1.069356540498594	1.031346609008225	0.3513604095906326	0.1537589023788002	-0.1544245603268261	-0.3781776319952659	-0.05482009563415938	0.1408029477822108	0.167475537983763	0.167475537983763	0.2927611739466708	0.2927611739466708	0.02800610944707052	-0.311527296826734	0.1709329689452876	-0.1883804830920519	-0.4378083810395081	0.6615093354607641	-0.3431445449652549	0.1194930600183643	-0.04638299904482453	0.1347832754484116	0.887326067817906	-0.01729609709668108	0.64572768553541	0.5363406449096979	0.4687677680041199	-0.122185733720214	-1.290281256799928	-1.290281256799928	3.277235005820431	3.277235005820431	-0.3560427268730463	-9.07524678724662	2.335912886247398	-0.01862627160871755	0.06654970327591846	0.09426827628716689	0.01652212396579334	0.01015583300473054	0.04657732209405312	0.07375719986963857	0.1336339852066374	0.08545504871852327	0.08409303322811956	0.08096712079887369	0.01016493241368032	0.0100782031880356	0.02695554996080113	0.01005936959716129	0.01239505141083714	0.01036338544079177	0.01254692877236395	0.1050144909472791	0.05423407450324371	0.04410367760956586	0.02281645692877691	0.03903377643031192	0.04206038950662363	0.04401674949617969	0.1577044105148966	0.01369527946495086	0.1119209661261331	0.08429788903022287	0.07902950374051348	0.0100900358599565	0.07256548874205714	0.2999179983646543	0.09070484554828182	0.01001827285880347	0.02721307043458761	0.3377945530068264	0.01004490773721141	0.01004111121828937	0.01001388292258904	0.01002832933779522	0.001166000397701598	0.001140811263153567	0.001216640665044262	0.009446564941880698	0.001126545462107206	0.00114342257542601	0.1386092899818237	0.09287133105534026	0.03884915388633264	0.08506797034980176	0.01007444424149752	0.01003784615186089	0.03226807633645185	0.0100293139514392	0.01306050301335254	0.01039828542159298	0.001802408186808944	0.1437900059041531	0.07078049501925818	0.05655329902319445	0.02819431329550772	0.05168827698575	0.05374540637354145	0.0111467868927422	0.2221428472256597	0.001064833373049049	0.1399089528551803	0.07911067439248638	0.01734802509959614	0.009997919815924185	0.0744400563078189	0.3833055688027903	0.1061762320010323	0.01001638794910886	0.03545402425886849	0.3663403233173603	0.01001693043695587	0.01001487876823263	0.01000553885939082	0.01001136209260055	-0.0002409321587097383	0.001564654990542054	0.009963093510072714	-0.01814802064933142	0.00715495491508951	-0.0735671799517518	-0.002191968191888308	-0.002107924839411475	-0.004746866070781787	-0.005235239744768993	-0.006441675616352471	0.01335438373070646	0.2599500047075836	0.004295344464776786	-0.0256473367440019	-0.04248980954997744	0.04268041885619773	-0.03111095765188978	-2.695395339719399	-0.02796347047923404	27.78162829401464	9.640165147460083	32.14399613668971	-2.671407182924294	-8.316481243329179	-2.925181268779783	8.726271846977276	-32.02105769447806	-20.74304109368568	42.61513968201857	7.860594151033323	2.889799440278878	156.8014461695227	156.8014461695227	134.1696809216974	134.1696809216974	30.28403941599463	468.107848450159	-78.35498538189744	-75.01493288159389	1.584752772494654e-16	5.89190722859295e-17
16.20185791479598	-0.04774904801006647	-0.1342847923361571	-0.09558745756799293	2.274051590443559	1.067489279315218	1.033265623426219	0.365096499401068	0.1447170202338637	-0.1431495599604898	-0.3657374302824753	-0.04174965460441586	0.1416530218751229	0.1687749954334982	0.1687749954334982	0.3681072942566846	0.3681072942566846	0.02683788036085711	-0.4113557456522033	0.1989244666722417	-0.202184571714635	0.3055816720274308	1.197485930335144	0.2200056966051154	0.07180020182589859	-0.1701288002059968	0.08803065700067347	0.727225064632218	-0.9705736943613726	0.6797243499372624	0.9034557749450257	1.018339052208611	0.2037018783372426	1.387403142817435	1.387403142817435	5.129939987196158	5.129939987196158	0.1425200832892999	-2.847135670681917	0.8074562915529693	-1.468636891157376	0.02571890746665639	0.04339783610494426	0.01034849043457316	0.01892283481254482	0.01460311043655561	0.0160373958496934	0.1480156243023493	0.08208308851237966	0.08815439087419993	0.08269923659494557	0.01347436098222084	0.0104131964566308	0.02578793449634339	0.0100315599997415	0.01199055528321787	0.01028640143406372	0.01006188921482608	0.105751239129353	0.05223839895224469	0.04129145013308413	0.03403079721402906	0.03922728430840036	0.04054448586170453	0.03135158964037077	0.1597342544720029	0.03241200860914429	0.1026524006768929	0.06264827481926119	0.02580351433557094	0.01001856188312604	0.0580147704359352	0.3523679345320237	0.1116666208948316	0.01001472657451767	0.02778266770376674	0.3294504102498907	0.01447635947620039	0.01002302368420431	0.01000843278101145	0.01001652249267497	0.02917210739417339	0.05271119915248874	0.01542131185550719	0.02791695488689358	0.01471704964766174	0.007270222884346024	0.1624657166399002	0.07273798553695293	0.1261038738434537	0.08158216091470914	0.01669963393758655	0.01075986574171695	0.0207473325888697	0.01002702970797398	0.01112200711560887	0.01018809502964608	0.01543810550304541	0.07690461295291223	0.03783632727159267	0.02921351170427115	0.04128087731532353	0.03006860993509064	0.03036366601489538	0.04197733120228674	0.111654221687252	0.0604901280572873	0.07047972632372217	0.04279061367705391	0.01363804846798187	0.01001770471591453	0.04098058925833845	0.3700519927664574	0.1246221509701871	0.01001273552856284	0.02229345828917532	0.2931854070109282	0.0187366809085885	0.01002492872804512	0.01000932626254069	0.01001765295842531	-0.0004504378978266007	0.001553363210132882	0.01035839157755472	-0.01657435315592069	0.007089852433850304	-0.07320670984498537	0.0002407211362680043	-0.0004369154016941345	5.142011732329224e-05	0.001655466894101135	0.00346899667530452	0.004395936715622063	0.303040778153719	0.02431972240241206	-0.01631389265937214	-0.07773240838164584	0.03228371953080705	-0.02233897837391586	-2.86303397409568	-0.04537218586732592	43.02820362009971	40.6296721835648	27.37014523965903	-2.524496306354364	-6.756709274952458	-2.117701948350772	-13.4373547957865	-61.85827804337789	17.03607638698946	12.20816117624743	43.06400242398717	25.04413228040995	145.503522298063	145.503522298063	77.61521499352359	77.61521499352359	20.46542538101979	247.470584127378	-94.28365885353263	-79.13689275602428	6.76310511790169e-17	9.090319652875232e-17
16.21945789719597	-0.03915278685945113	-0.1086112718502296	-0.08911054419720289	2.275001171113468	1.063215849740968	1.034612269943146	0.378846490055635	0.1209892891949408	-0.1289424236079783	-0.3454560440719868	-0.0189102532356317	0.1474423157788745	0.2145329369445106	0.2145329369445106	0.4678826635034689	0.4678826635034689	0.03017973816885073	-0.4321000197647017	0.1980358954895971	-0.2372117064521024	0.5957262503966387	1.717262491212802	0.4625783193086415	0.03850669174012478	-0.3198114987091996	0.06974140346711852	0.8889057107761489	-1.686144231171177	0.9789252898894065	1.427385228874865	1.578878007551236	0.4390898060600476	3.761824256816358	3.761824256816358	6.053288797417406	6.053288797417406	0.1564676599792497	-0.08839976483118681	-0.9459164080375982	-2.430338469104167	0.0461247922470045	0.08075664619135497	0.02337981744411094	0.0366538174336881	0.02411474315790424	0.01433147632523891	0.1698616320572661	0.06391579440247633	0.1618508829151812	0.07986878550611151	0.01990598852364454	0.01111709248561423	0.01488654807030817	0.01002808513656287	0.01012553782504053	0.01008243940172963	0.02281701111736966	0.04694355320590168	0.02175014952459493	0.01565507240666118	0.0468078354252267	0.01914684604585088	0.01871625848117124	0.05815066023008328	0.06613026796731676	0.0874602564391799	0.03997209776396105	0.0270529357003081	0.01544834947758554	0.0100340869814573	0.02590667889113996	0.35707768385995	0.1300627584951903	0.01001107908159935	0.01546534010460995	0.2740509550551189	0.02292885885607578	0.01003176204028906	0.01001178989861394	0.01002197004007008	0.05717821439064519	0.1042815870418239	0.02962598304597012	0.04638734483190646	0.02830755383321627	0.01339702319326604	0.1863221432979767	0.0526046400185656	0.2133585938005749	0.07809635147961655	0.02332482363367559	0.011481885331573	0.009226588841287549	0.01002474546450875	0.009183511217865196	0.009977904637699172	0.02907380281928188	0.01001922000167133	0.004892159523927161	0.001873724385347844	0.05436744133513935	0.008448942884431291	0.006981925656249323	0.07280787551183128	0.001165596148844233	0.1199154227415255	0.001050499792264022	0.006470552961621438	0.009928071836367599	0.01003748961590488	0.007521122208858008	0.3567984167301244	0.1430680699393419	0.01000908310801682	0.009132892319482144	0.220030490704496	0.02745643138022112	0.01003497868785761	0.01001311366569055	0.01002394382425007	-0.0006599436369434631	0.00154207142972371	0.01075368964503672	-0.01500068566250997	0.007024749952611097	-0.07284623973821892	0.002673410464424317	0.001234094036023205	0.004849706305428371	0.008546173532971263	0.01337966896696151	-0.004562510299462333	0.3461315515998545	0.04434410034004733	-0.006980448574742372	-0.1129750072133142	0.02188702020541637	-0.01356699909594193	-3.106951840742133	-0.03608972728938077	-23.72359079051238	7.799250352371592	-4.285315163868273	-1.03511598905383	-11.26385888866599	0.3092952514006425	45.29240492785419	-5.008864721491797	9.393838537557208	60.43496703532021	9.106921663058388	-7.394265881819098	122.3396747056421	122.3396747056421	28.56091949988526	28.56091949988526	-24.78592854858556	73.86027116674751	-103.9136592242335	-19.52521357345867	6.197838965104322e-17	8.288699561264291e-18
16.23705787959596	-0.02867588626588345	-0.0782155047114004	-0.08110650937233328	2.275557762582838	1.056059520011835	1.035850028537134	0.394992320486052	0.09165037386323349	-0.1113346297186911	-0.3157997329119219	0.009612911163735811	0.1543934533733982	0.2938655161749072	0.2938655161749072	0.5773262635381251	0.5773262635381251	0.01855429209315795	-0.4230084214844658	0.1620853931237441	-0.282402629370989	0.5790406123817119	1.735273802658232	0.4212168370969941	0.02449950266083154	-0.4914232081400754	0.07296567361487971	0.9402762081189688	-1.612380738001154	1.087448636733628	1.951503766888365	1.67832197547418	0.3430691966357748	5.133350727779116	5.133350727779116	6.355670857262524	6.355670857262524	-1.229554996293189	1.081286153320935	-3.074170358760802	-2.656980683609792	0.05037046504666637	0.08243713631513593	0.03696561447483312	0.05908085236373328	0.03219512820616399	0.01313420050648925	0.1695582481200277	0.0436989876462699	0.2065716595384565	0.09792711243442279	0.01849405228256334	0.01095671907638554	0.01003168660606832	0.01002065154733216	0.01022080160434795	0.01425650713714689	0.04270154992054506	0.04833649763766028	0.0102319085333595	0.01009534605983519	0.05069111189024501	0.01131060556533615	0.01026178797525804	0.05542114049869983	0.01591243506894969	0.09240027363374971	0.0173353080658754	0.01005652784916039	0.01066175850186057	0.01004838850607007	0.0105790466514515	0.3262405458913212	0.126140885951821	0.01000817882368218	0.01029782756719243	0.1941989278412038	0.02105489341647727	0.01091186238048824	0.01332006178486975	0.01111821681202006	0.04658784728317179	0.06655781731854833	0.04601538795318375	0.07546243094112524	0.03717113137377355	0.01266759249635049	0.1564834513803605	0.03074287019754966	0.2269511049243868	0.1201423707878461	0.01463472271087399	0.01053995646837015	0.009494099273962348	0.0100160341186781	0.0109946072271054	0.01832457825797737	0.05829081510398861	0.07661816967947234	0.01122309433529036	0.01468076217757206	0.04914505270676577	0.0114884983299573	0.01059722453140708	0.04163087099768041	0.01005186280528774	0.07332325922634081	0.0223603689050254	0.008319991153188011	0.01008265907860145	0.01005946646381741	0.008921445079958373	0.2760737808930379	0.1114366946804444	0.0100068803487752	0.009940224401126499	0.1208053336379959	0.01592300879214609	0.01174483901971116	0.01647610779935035	0.01215774179097772	-0.0005063051638280325	0.001374537989721683	0.01052991945481853	-0.01246712652751762	0.00635659421913856	-0.07063323251473443	0.001095017175412963	0.001257066282958519	0.002512913565870716	0.002938774049940304	0.002789884474319571	-0.01067023123591535	0.3305999232196364	0.07605708497950531	-0.007563842618261704	-0.1065636620315656	0.02080670687465773	-0.01226071444245033	-3.790361394591411	-0.04448421438569925	9.093879153367007	-2.495103573997096	-3.577516939986242	-0.6969394021625475	-8.824873278792719	0.2950818775620191	-18.74303462781904	11.81207030197165	10.13345948274974	15.20603957390121	5.279392290691565	-5.14643238072706	45.50299251690441	45.50299251690441	9.119269319353378	9.119269319353378	-84.5987736679442	59.32863442222197	-123.8716648933214	-5.461051789745086	6.40704158087452e-17	-8.474385387986499e-17
16.25465786199596	-0.01932642784214136	-0.04758360761872233	-0.07519030726183371	2.27585500269236	1.045987655903459	1.037252908800042	0.4117479969198887	0.06548124249323009	-0.08835915594958223	-0.2764516510968283	0.040727288375625	0.1592457584091999	0.3910062312941601	0.3910062312941601	0.690622596869897	0.690622596869897	-0.004371406583098834	-0.395455612424819	0.09212030385129957	-0.329047096415663	0.4676076938887476	1.744095467346795	0.2253243645125218	0.009034916831018683	-0.6511225549343305	0.08850524824476974	0.958206462283724	-1.325941148047011	1.588889522560936	2.528723904649172	1.873334303430596	0.2005858677012287	5.785478086023051	5.785478086023051	6.491099837173629	6.491099837173629	-1.127653237842741	2.009467194333498	-4.811214239995482	-2.595514103119373	0.04107870390833299	0.04905319705701251	0.05288646984958353	0.08681296894395424	0.04091561105695169	0.01237924334220307	0.1453550527198463	0.02145072722838624	0.2256410423545721	0.1358828410679173	0.01018366383991923	0.01005130872745124	0.01002627882162039	0.01001199964823204	0.01194985849266168	0.02234721813235311	0.07053764377361106	0.1071492903011745	0.01547466801821437	0.02186940615899716	0.04628799993903513	0.01372002966749876	0.01318501009252216	0.02662710737398473	0.01812524651320955	0.05177582411188412	0.03500373343091236	0.01060696371129694	0.0105493142764727	0.01007000714325641	0.01084894869387381	0.2583361708672727	0.09877605259246315	0.01000594356807799	0.01078398969215563	0.09232617577691594	0.01004042629755036	0.01258042115218401	0.01959876887723207	0.01319954945942355	0.0359974801756984	0.02883404759527275	0.06240479286039737	0.104537517050344	0.04603470891433083	0.01193816179943493	0.1266447594627443	0.008881100376533732	0.2405436160481987	0.1621883900960757	0.005944621788072393	0.009598027605167295	0.009761609706637147	0.01000732277284744	0.0128057032363456	0.02667125187825556	0.08750782738869534	0.1432171193572734	0.01755402914665357	0.02748779996979627	0.04392266407839219	0.0145280537754833	0.01421252340656484	0.01045386648352954	0.01893812946173124	0.0267310957111561	0.04367023801778677	0.01016942934475458	0.01023724632083531	0.01008144331172994	0.01032176795105874	0.1953491450559512	0.07980531942154702	0.01000467758953357	0.01074755648277086	0.02158017657149577	0.004389586204071072	0.01345469935156471	0.02293910193301016	0.01429153975770537	-0.0003526666907126018	0.001207004549719655	0.01030614926460034	-0.00993356739252528	0.005688438485666022	-0.06842022529124993	-0.0004833761135983911	0.001280038529893833	0.0001761208263130597	-0.002668625433090654	-0.007799900018322368	-0.01677795217236838	0.3150682948394181	0.1077700696189633	-0.008147236661781038	-0.1001523168498169	0.01972639354389908	-0.01095442978895872	-5.286641063938519	-0.05765678588187598	-34.4903379752237	6.754971267538826	-21.84567253932812	-1.200729421771847	-9.910179962643134	1.708763069292885	41.49237349394986	19.15889771720541	54.04360352633146	66.46924576815964	19.96697343600992	-12.67412565148529	40.58969378302703	40.58969378302703	9.588959626323627	9.588959626323627	144.2965603888608	46.41650768438425	-59.45792505387224	13.21445496123103	-2.349455205473531e-18	-6.024841560919769e-17
16.27225784439594	-0.01447511799551194	-0.0194048979512555	-0.07492072935534524	2.275755573244135	1.033401606813408	1.039062611414094	0.4329296230008031	0.04924838730780707	-0.05627993308699066	-0.2241345276253043	0.07293869350029916	0.1592466280712579	0.4983035687388454	0.4983035687388454	0.8056644580197515	0.8056644580197515	-0.01058197394902951	-0.353443995343155	-0.01275874090568247	-0.3714491464563283	0.1001010126696079	1.427969601907058	-0.1643876297583484	-0.02137543043487048	-0.7656470704433498	0.1138906428232401	1.390297165360912	-0.4998528510062345	1.986026874572157	3.395691660147258	1.746585330213351	-0.1705143005204376	6.313859765305781	6.313859765305781	6.552718922789001	6.552718922789001	0.4752023809631131	2.66348212802035	-6.85735472020012	-2.233700014145639	0.02996480206826811	0.02685423598942457	0.06076015244955526	0.1059269038249381	0.03625393444058385	0.01151982053918242	0.1097996842304658	0.01079505398741494	0.1865891987535972	0.1205491042850133	0.01536550808570997	0.02682559789418331	0.0102555909706277	0.0269878641872267	0.01209443652607289	0.02181148821491041	0.07146265102908317	0.196340928757283	0.05165508209861448	0.02108344473300533	0.06851052002426605	0.03191977019591716	0.01438792785905048	0.01244626211861153	0.01617994133931132	0.03174759960188964	0.05553949599489758	0.01019243508888	0.01025549104578524	0.01009867790125804	0.01037220999006035	0.1923407865051305	0.07084397803652386	0.01910036263578481	0.01992854687429652	0.1127593892485118	0.04059178956765678	0.03261656841611878	0.09182019772765507	0.03723107134582251	0.02247716140745219	0.0189449368256722	0.06206501324802979	0.1147452587983205	0.02776779223756339	0.01102214523423019	0.08043367824784395	0.009582981710715203	0.1208345204117649	0.0817206008137852	0.02343162321542571	0.04365475622464559	0.01066498679436464	0.04368589744299369	0.01161006367945886	0.01812875821599565	0.05975391918757604	0.2859344987752452	0.08757873017423791	0.01621147966922563	0.09439211042071058	0.04942937773099607	0.01479172715279297	0.01029923803247194	0.01371444370542909	0.02924151279218023	0.0705885780138631	0.01011686585608349	0.01020335377127821	0.01011754005657672	0.01030244042372018	0.1461818231288707	0.05342540495681113	0.02789224071032185	0.02881387397986276	0.1899367188034329	0.07583125188968962	0.05192257442436686	0.1700055901228231	0.06058815739574308	-0.0006283178080762854	0.001237109812695198	0.00984895188873453	-0.007085963821971464	0.005901474423713493	-0.06528661644688068	0.0001233288979975537	0.0002968505999828884	0.0003208616120597043	-0.0006991237528665211	-0.001274038188629168	-0.0011890360797824	0.2638455468984182	0.1018573404997959	0.003455989094015962	-0.07655603013588558	0.01677178805279254	-0.01056845257823269	-14.48945360908144	-0.06257958028410592	-12.67677023471762	-32.88235294199352	-19.70865542667073	-2.080210296638673	-3.657974839951867	1.031960323925023	11.0938132727271	62.43245076754454	0.8206013111166971	38.88900389350212	-24.23520090876753	-22.73632644995358	16.76440175606605	16.76440175606605	-2.025783386160579	-2.025783386160578	69.00115861899361	23.91498245798649	-123.3925759188496	23.30924284601469	-8.24717056540537e-17	-1.224737899618843e-17
16.28985782679594	-0.01522478861874853	0.001622612214973742	-0.07991008675046118	2.275065920441901	1.019510861391867	1.041147373203518	0.4586271489041731	0.0485499759756382	-0.02093103998122387	-0.1576526987328433	0.1007824537036369	0.1542987004909989	0.6099607894760801	0.6099607894760801	0.9202525889048681	0.9202525889048681	0.01423172276751202	-0.3052599519408188	-0.1404753785578649	-0.4080532250639561	-0.1688679959811231	0.9314583477504557	-0.3722825173678824	-0.05803598592258219	-0.7993836499558393	0.119762003975787	1.471377409824881	0.4393383278304022	1.960443330839386	4.138351130292757	1.377010520591064	-0.3617780176535013	6.280919864709337	6.280919864709337	6.439539528256706	6.439539528256706	2.397834842473475	2.710879977641181	-7.406397845998594	-1.936653054140099	0.01643938022065636	0.01556678001015363	0.06120912885522786	0.1171109497749463	0.01889731136580625	0.0106055666474893	0.06359593113305856	0.01079336055418441	0.07840911928907633	0.04797084518130384	0.03205906545838089	0.05912893045487856	0.01112709046399013	0.05895148958672507	0.01096381522043133	0.01372265361513356	0.046677486368047	0.3198230707062544	0.1161743927211101	0.01037618113482641	0.1147215904774573	0.06495679141849793	0.01499717137280072	0.01131946988366275	0.01112034807120323	0.03206876280529775	0.08126316700354771	0.0101226910416268	0.01020929348984678	0.01013442675843554	0.01033104930075767	0.1361585664131767	0.04339569476207682	0.03630194945800165	0.03728995068993849	0.2511644682354638	0.1065211728544675	0.06894976134729305	0.2210580572278884	0.08067797431459822	0.008956842639205983	0.009055826056071645	0.06172523363566222	0.1249530005462969	0.009500875560795938	0.01010612866902545	0.03422259703294356	0.01028486304489667	0.0011254247753312	0.001252811531494683	0.04091862464277902	0.07771148484412388	0.01156836388209213	0.07736447211313995	0.01041442412257211	0.009586264553735747	0.03200001098645675	0.4286518781932172	0.1576034312018223	0.004935159368654992	0.1448615567630289	0.08433070168650884	0.0153709308990211	0.01014460958141433	0.008490757949126942	0.03175192987320435	0.09750691800993944	0.0100643023674124	0.01016946122172111	0.0101536368014235	0.01028311289638163	0.09701450120179021	0.02704549049207525	0.04577980383111012	0.04688019147695467	0.35829326103537	0.1472729175753082	0.09039044949716901	0.317072078312636	0.1068847750337808	-0.000903968925439969	0.00126721507567074	0.009391754512868717	-0.004238360251417648	0.006114510361760966	-0.06215300760251143	0.0007300339095934988	-0.0006863373299280562	0.0004656023978063489	0.001270377927357612	0.005251823641064032	0.01439988001280357	0.2126227989574182	0.09594461138062843	0.01505921484981296	-0.05295974342195423	0.01381718256168601	-0.01018247536750666	-32.53882366882291	-0.07471220562047509	-23.29286398587953	-13.74338885774792	-1.184617030383246	-1.910981066321859	-0.7297235098492112	-0.5087429466146136	1.604781491199413	32.01151077389983	6.007090064340565	52.34329012485762	-7.626899203903966	7.761855135483207	-23.19691317169946	-23.19691317169946	-10.27452389031369	-10.27452389031369	180.6348743072504	-22.51732080243543	110.6669444354186	5.85454658220589	-1.233030033319836e-16	-1.748075338055643e-16
16.30745780919593	-0.02164196985098714	0.01593819034811824	-0.08604304422127766	2.273741645962025	1.005499970583646	1.043136335523921	0.4837657202510737	0.0608514780580514	0.01473837599859124	-0.07699366758159398	0.1231724133972613	0.1485752449985584	0.7159128862167092	0.7159128862167092	1.031518406219118	1.031518406219118	0.07167015110403425	-0.2608563869894421	-0.2611701900096045	-0.4410502959904981	-0.5008746159115608	0.7021827045182925	-0.275578968686188	-0.09190426988162652	-0.7793844928119406	0.1025522645331608	1.256003828159844	0.8968765665951904	2.060225790429853	4.942811717685105	1.156765687470681	-0.2809723064271766	5.640749181949807	5.640749181949807	6.162038671188106	6.162038671188106	3.947604785071369	2.348433965037233	-6.277056286941952	-1.833964149771384	0.01020147651733676	0.01010831472032366	0.04854816846320412	0.1223716062030677	0.01082078363693048	0.01018425396026378	0.03258165137340331	0.01039762347240911	0.01607985663437965	0.01338566846549551	0.05538718514963677	0.100021080545489	0.04081634748642868	0.05867797673862767	0.01048883543131021	0.01022018885710808	0.02837768594944175	0.4319782353216126	0.1769081872444451	0.03509486624965057	0.1585672006132147	0.10025921901252	0.03639230092093067	0.01032902032859963	0.01901544805069267	0.02611180027008379	0.07294048311267953	0.01012980443828516	0.01018248676734124	0.01015619736982568	0.01028569276673347	0.08819102837761597	0.02528256676342575	0.08741405216870078	0.06176248914956071	0.2806168403603028	0.2081684870902621	0.1120522647444253	0.3482392278216528	0.1514158477234644	0.009642161802981436	0.009602078772817074	0.03485674650652491	0.1228191645483167	0.009848530586020232	0.01014715476330742	0.02156827625944443	0.01039115445101312	0.005451965382586944	0.01177424918195218	0.07317003882451187	0.1324739389458419	0.07055719765456221	0.04463797452438088	0.01043672774408616	0.0098784401710456	0.02048543952697025	0.5342203627117935	0.2230380582874328	0.0639451502856606	0.1907607904377245	0.1258540399097882	0.05761905001701106	0.01024085785853483	0.02858242865937445	0.02043586650121573	0.05159320342246164	0.01017892275074071	0.01018599321432615	0.01016288278962094	0.01027749036022625	0.06022844043789514	0.01888777875082677	0.1370029331067548	0.08054011721329959	0.2382669795519404	0.3120659856777112	0.1458834024775858	0.4698598510256876	0.2187292775642841	-0.001170353439577848	0.001243035991348017	0.0091421154621977	-0.003055034010667182	0.007895436372765274	-0.0585536999106843	-0.0005882242408878531	-0.0006894281887673786	0.001236646256317472	0.0002440106575185754	0.003016131483632732	0.006830784363252749	0.1612449133368449	0.056691617971179	0.001457750482531173	-0.0276586528783042	0.01311722970969352	-0.01025912165557496	-57.3177739409843	-0.07621116369976713	-11.58001417980564	-12.08342056081364	13.01587874067476	-1.884511135910308	3.209690390451881	-1.528085631831564	-30.17608789335849	17.73181568413794	2.715619993695997	35.17630904953462	-15.8557266800979	3.657322055864436	-53.04859692907828	-53.04859692907828	-22.11658730627651	-22.11658730627652	26.28287097133662	-18.48541218590294	43.63429362013255	4.039432613679913	-1.510373167530177e-16	-4.075547524224429e-16
16.32505779159592	-0.03076174890275665	0.02658121370026256	-0.08788332836893224	2.271850099570196	0.9925475348593567	1.044626814449681	0.4982878776296358	0.07794870846905853	0.0504385829437167	0.01335458772934627	0.1411295597447417	0.1446775183819373	0.8043489059631711	0.8043489059631711	1.135667973014508	1.135667973014508	0.1467928104301708	-0.22212174614759	-0.3603053969204555	-0.4733460077260637	-0.4759816916780278	0.5141221598458579	0.1155217571595753	-0.1224987676528034	-0.6791045428663495	0.06311610702955772	0.2649655251921133	0.9843080010496538	1.963942307669087	5.239400431307478	0.8732812275269839	-0.154308619749971	4.290454579451347	4.290454579451347	5.630873887902138	5.630873887902138	4.407408555413448	2.066683411907426	-4.956440334575262	-1.856953066374588	0.01050501952274667	0.01033002946205121	0.02259253565514333	0.1214143482906518	0.01067419125224034	0.01020338786448246	0.01748400899112981	0.01048003100903169	0.01182191830083992	0.01977083578691175	0.08600850456903993	0.1508313625640371	0.09570651218211099	0.02877459384047712	0.01048735266612952	0.01031655369464109	0.01600477016864922	0.5341729380396235	0.2381289150177994	0.08998248057962441	0.2023043934349039	0.1395036823195097	0.07611188557704825	0.01037275460330808	0.03820994896490187	0.01507291401762132	0.03052220988086377	0.01023939497255905	0.01019698918133007	0.01016602838177148	0.01027820295454635	0.04757128266830041	0.01608749917100512	0.1696291367807789	0.09364599435286257	0.1959422486137127	0.3492871659218778	0.1635628149555475	0.4842080920516943	0.2501730773452329	0.01032748096675689	0.01014833148956251	0.0079882593773876	0.1206853285503366	0.01019618561124452	0.0101881808575894	0.008913955485945303	0.01049744585712956	0.009778505989842689	0.02229568683240968	0.1054214530062447	0.1872363930475599	0.1295460314270323	0.01191147693562182	0.01045903136560022	0.01017061578835545	0.008970868067483753	0.63978884723037	0.2884726853730433	0.1229551412026662	0.23666002411242	0.1673773781330676	0.09986716913500103	0.01033710613565532	0.04867409936962195	0.009119803129227109	0.005679488834983842	0.01029354313406901	0.01020252520693119	0.01017212877781838	0.01027186782407087	0.02344237967400006	0.01073006700957828	0.2282260623823994	0.1142000429496445	0.1182406980685108	0.4768590537801142	0.2013763554580025	0.6226476237387392	0.3305737800947875	-0.001436737953715728	0.001218856907025294	0.008892476411526682	-0.001871707769916716	0.009676362383769583	-0.05495439221885717	-0.001906482391369205	-0.0006925190476067009	0.002007690114828596	-0.0007823566123204605	0.0007804393262014324	-0.0007383112862980745	0.1098670277162716	0.01743862456172958	-0.01214371388475062	-0.002357562334654177	0.01241727685770103	-0.01033576794364325	-83.97028369500083	-0.07080898161380307	17.26394295321691	-9.059850246965118	32.26964110162655	-1.538959536587932	8.393102976810473	-3.03447479745872	-86.53902498250233	-10.04612268265502	-16.2731529376445	-5.36948051634805	-14.81322762015787	12.97299392058834	-103.8928938380531	-103.8928938380531	-39.09999887686739	-39.09999887686739	56.77495814547561	-13.34737305587626	132.4026926836832	-8.427038264376918	-1.619454502635865e-16	-3.310882204123246e-16
16.34265777399591	-0.03838850546121628	0.03556707387062556	-0.08063226784052319	2.26948919305751	0.9818735131527646	1.045259438474198	0.4918802937311461	0.09202152518814177	0.08221146259880761	0.1066140824225543	0.1558522792938188	0.144176013877915	0.8635462534191523	0.8635462534191523	1.227732630787441	1.227732630787441	0.2270663871997728	-0.1877074069115582	-0.4365253044195205	-0.5063774191073832	-0.3902207757846152	0.5236795527274741	0.7043221567827496	-0.1436746797542102	-0.5278181226498507	0.0090188571525065	-0.9769300647597687	0.5886783882830681	1.630848694765747	5.324032555345158	0.8310777750003346	0.09164246554081115	2.444908127106091	2.444908127106091	4.7703955185776	4.7703955185776	4.577483009264162	1.898296032976256	-3.743829620485302	-1.817363743122682	0.01027658941564797	0.01014359236128521	0.01072955317436459	0.1149546808361407	0.01025079188741718	0.01016661915535252	0.01023572179380687	0.01041806424171086	0.01013132508758135	0.02681076513106239	0.1129362807611975	0.1968496867677306	0.0941966194964953	0.0130925476119004	0.01043035379132582	0.01018675230590841	0.01011130763886389	0.6189345874546606	0.2715338377124235	0.1048487048895003	0.2372824056686222	0.1628014585085429	0.08927629235311556	0.01028843217414174	0.04519607302566439	0.01005276316360823	0.01002229251727041	0.0102576523000723	0.01017799343504358	0.02016918654702146	0.01025897884814774	0.02337493336375443	0.01118407886161612	0.309811811878983	0.1187054905621149	0.1888065726005763	0.4591842230355206	0.2054180748302883	0.5944620220729792	0.3146275821130949	0.01018886054811346	0.01009875644508551	0.009785329503498263	0.1077006302995239	0.01019610015897538	0.01014281365216315	0.009481642926695212	0.01034666384811222	0.01000666931860174	0.03189550656969153	0.1298324587764812	0.2303145520349242	0.0666954217793206	0.009937178709263585	0.01039685921336036	0.01016963975294907	0.009562456636052201	0.6950573425756731	0.2816032488370582	0.096888667335755	0.260456069326661	0.1712785131365388	0.08611475914377474	0.01023437151419236	0.04461674598723102	0.009567549726211684	0.007807710057429714	0.01023565213592146	0.01015597442210052	0.02985749204541495	0.01024535572166675	0.01632908652586742	0.01037144097562923	0.474187971611264	0.1328578427462337	0.2370536893207228	0.5457618377003272	0.2329619274318215	0.688722172051534	0.3498934832467524	-0.001072666874962184	0.00130381526708262	0.008186297094114264	-0.0005581926125307472	0.009793184456297555	-0.05188806014572016	-0.001890298594740486	-0.0003322930801735402	0.001394594624845136	-0.001275100695762429	0.001712011136220019	0.00256093485036675	0.07940734073169473	0.007914554277879016	-0.01621833862689625	0.003963208967867068	0.01179095377134251	-0.008241928935677233	-98.8379750103453	-0.06316489969286646	-1.282288267376851	6.7660873393187	33.69415018368487	-0.8553167629949844	9.211585195736864	-3.072379515828466	-61.1957795420962	-30.92827069218821	-21.59590161210891	6.978891839666041	6.479132590003452	13.99143285757648	-104.6299972641174	-104.6299972641174	-58.95397282932616	-58.95397282932616	-25.57842487139244	-3.053500401315071	33.83022061774943	14.34242776785897	-1.644404938189284e-16	-1.000148130887317e-16
16.36025775639591	-0.04448077660510598	0.0456018585932367	-0.06323697844371273	2.266867085971525	0.9741808070051797	1.044952930005975	0.464469182600383	0.09774796567417109	0.1072893977222236	0.1995548367958288	0.1714859668699969	0.1477035015369344	0.8907047263385415	0.8907047263385415	1.301451413241977	1.301451413241977	0.30309361095874	-0.1533920126584258	-0.493457633950932	-0.5345273243457762	-0.3016081747396754	0.633318250888375	1.268276190414623	-0.1521806806641971	-0.3403183451019358	-0.04360360113795005	-2.121801319788549	0.03585520793126391	1.203152395552176	5.203179904185404	0.9768004250349706	0.3035318566181657	0.6496697413250556	0.6496697413250556	3.546113244231825	3.546113244231825	3.924867958027811	2.055439652606912	-2.764667919204991	-1.302235904506456	0.01013369087731904	0.01008757441703554	0.01166716505894314	0.1029186871888211	0.01023060578320157	0.0101216521133838	0.01036042734029927	0.0102714504216953	0.01026548211818097	0.03616514422436981	0.1370153334310225	0.2388520266778624	0.03805407683918039	0.01010565608898622	0.01036842145561401	0.01017972374752086	0.0103485877883968	0.6832900750464657	0.2744245794714119	0.08419275967661187	0.2629490379694395	0.1700241742282906	0.07877942086091401	0.01018655102536362	0.04203058740832575	0.01020874553675193	0.01049101678338904	0.01020332905036659	0.01013273063660954	0.03906870920433358	0.01023280786017884	0.01448852543412278	0.010574824258148	0.5126108105448317	0.1377920365255191	0.2771958445643262	0.5368816275894123	0.2379623616960247	0.6733052409438772	0.3442681682027388	0.01005024012947004	0.01004918140060852	0.01158239962960892	0.09471593204871119	0.01019601470670623	0.0100974464467369	0.01004933036744512	0.01019588183909487	0.01023483264736079	0.04149532630697338	0.1542434645467176	0.2733927110222884	0.00384481213160892	0.007962880482905353	0.01033468706112051	0.01016866371754268	0.01015404520462065	0.7503258379209764	0.2747338123010731	0.07082219346884382	0.2842521145409021	0.17517964814001	0.07236234915254848	0.01013163689272939	0.04055939260484009	0.01001529632319626	0.009935931279875585	0.01017776113777391	0.01010942363726984	0.04954285531301152	0.01021884361926262	0.009215793377734783	0.01001281494168017	0.7201498808401285	0.1515156425428229	0.3558666805729349	0.61466462162054	0.2645474994056406	0.7547967203643288	0.3692131863987173	-0.0007085957962086392	0.001388773627139946	0.007480117776701847	0.0007553225448552227	0.009910006528825527	-0.04882172807258316	-0.001874114798111767	2.793288725962042e-05	0.0007814991348616754	-0.001767844779204396	0.002643582946238605	0.005860180987031575	0.0489476537471179	-0.001609516005971554	-0.02029296336904188	0.01028398027038831	0.01116463068498399	-0.006148089927711216	-105.7514792207116	-0.04792783649752887	17.58799840812786	2.313036725845056	29.44618759734225	-0.09919546143465832	12.50826133417682	-2.866884676846411	-75.51352135209649	-27.90904595299654	-27.02346895049106	-28.72004650299533	6.542032662529607	9.102342980228183	-98.17606237528514	-98.17606237528514	-80.44139306160028	-80.44139306160028	-36.7125791019923	23.64482286381449	105.8743692451617	45.61148342920256	-1.442400471047821e-16	-2.37292807542949e-17
16.3778577387959	-0.04813728589280121	0.05643186263546429	-0.0363040113676799	2.264229220928378	0.9701009223569981	1.043739820595172	0.417462537552847	0.09517426568998921	0.1236919866851919	0.2872796723560905	0.1888469203402472	0.1542266204550523	0.8888157585455625	0.8888157585455625	1.350867944523471	1.350867944523471	0.3654229805722747	-0.1135223184105191	-0.5309557982642316	-0.5501291781199636	-0.1289791269569521	0.5902027897180226	1.74805062546986	-0.1447953177578989	-0.1245012120748129	-0.09054688914991513	-3.16401024180132	-0.2906164036515879	0.6900247217915814	4.748497852202449	0.9583596111166931	0.382904870440884	-0.7822860072367457	-0.7822860072367457	2.033444358232567	2.033444358232567	3.08922480991116	2.464635735195501	-1.572306554105523	-0.4545372352403565	0.01012156896317194	0.01007302770784838	0.01165876702813474	0.1019378676416267	0.01023567234160984	0.01011087452032633	0.01010701977481031	0.01020084413375591	0.01021382951932864	0.04040365425127543	0.1493064740728297	0.260055595744001	0.08606780898633834	0.0257026499707023	0.0102635502895422	0.01013560850853893	0.01015733932078232	0.7332372566998774	0.2664520263933973	0.05781223856968012	0.290730982914973	0.1729845300284459	0.06329596976952012	0.01014493790250647	0.07123880797312231	0.01004047126168527	0.01001520655250009	0.01014872577587312	0.01015036574248135	0.0475433634343126	0.01020519904574672	0.01007283356420791	0.01014946384297167	0.6484014807275078	0.150624314808126	0.3136480920982259	0.5642521749487991	0.2536225079092212	0.7130468032765012	0.3578054850846726	0.01017064891272059	0.01008711093064097	0.01171222770744526	0.1069119293218546	0.01026558159512681	0.01011823126356077	0.01009258897913246	0.01018877279676934	0.01018712091287766	0.04079453305361538	0.1516902248836556	0.26433509280896	0.1663161909521096	0.04259539740152545	0.01018862630698965	0.01010183483881668	0.01011725574588327	0.7784192930618523	0.2541049720746933	0.03890833198228678	0.3166863274159402	0.1729637742093633	0.05111163530546247	0.01014536122975658	0.1041310542440588	0.01002141590681033	0.009966927183976034	0.01011554122119252	0.0101839925130808	0.04852019117374715	0.01018916924639289	0.0096768506270504	0.01015391967168754	0.7371621359591404	0.1564405274155134	0.3075155153428989	0.5526991862301482	0.255893518672346	0.7256625434116085	0.3603595342705375	-0.0005687681541522468	0.001351067203037764	0.006610213151817266	0.001476060812911847	0.009104266780007655	-0.04436933925176754	-0.002035382875896799	6.61109735146056e-05	0.002319337917985865	-0.001880483237803786	0.00325158510403365	0.005668164104235523	0.0369668418948454	-0.04975994450510039	0.0001577303304511418	0.007475226472886553	0.01008162427539654	-0.005896054638877681	-107.9876711956353	-0.0309678761714741	4.633961438853365	-5.441573395758319	22.39629700645619	0.9161090099055104	12.03747526226863	-2.251814043679121	-46.30732327300687	-10.65629204996277	-27.72833383789945	-25.84560598887602	-8.053836928678852	-2.459224552030942	-65.9617743847267	-65.9617743847267	-91.76510171157854	-91.76510171157854	-58.72677392700292	22.15090658501265	42.22309706211619	50.81920958181855	-1.078285359124351e-16	-5.80065162692638e-17
16.39545772119589	-0.04955145804618298	0.06612485740863544	-0.003262928518340255	2.261868211364935	0.9697562752643526	1.041896027802326	0.3550623327450319	0.08884549331030829	0.1326076556791645	0.3661011585307225	0.2038939427208999	0.1592518124556174	0.866056069700208	0.866056069700208	1.371762689154732	1.371762689154732	0.4094125556079707	-0.06700920398247912	-0.551471460855983	-0.549957956610411	-0.04679688193808943	0.5041125229261684	1.962380949668229	-0.1207197992369664	0.08414089248661205	-0.1152722389479156	-3.871071223636506	-0.3908579909979491	0.3523651846513957	4.191434644072614	0.7138534473608678	0.1333127184952083	-1.722005477212207	-1.722005477212207	0.304997883770201	0.304997883770201	1.840798308293639	2.81037451892094	-0.8348362482873443	0.4901608064979635	0.01023577798132019	0.01010850758287968	0.01178177239428686	0.1121558483876609	0.01030221464501011	0.01013018473569843	0.01013632470872815	0.01019075549571618	0.0101659297380271	0.040087013145762	0.1493521824259424	0.2583928449585467	0.2265631548085879	0.05850308263764176	0.01011940370404236	0.01006983781281466	0.01011327830766907	0.7692481591343248	0.2489991960623948	0.02552024464506833	0.3213743191958021	0.1718075505829318	0.04232184072802456	0.01015607246704815	0.1291583706242778	0.01003842080773863	0.01002226125911254	0.01008685761076691	0.01022227013974727	0.04728968032689916	0.01017562030098137	0.01027734931932655	0.01026378268099929	0.7048017302683368	0.1568816164924828	0.2877451804866649	0.533544260830934	0.2509043796890127	0.7095306051424884	0.3555525989208532	0.01029105769597115	0.01012504046067342	0.01184205578528161	0.119107926594998	0.01033514848354739	0.01013901608038464	0.01013584759081979	0.0101816637544438	0.01013940917839454	0.04009373980025738	0.1491369852205935	0.2552774745956315	0.3287875697726103	0.07722791432014554	0.01004256555285878	0.01003500596009067	0.01008046628714588	0.8065127482027282	0.2334761318483134	0.006994470495729745	0.3491205402909783	0.1707479002787166	0.02986092145837646	0.01015908556678378	0.1677027158832775	0.01002753549042439	0.009997923088076481	0.01005332130461112	0.01025856138889176	0.04749752703448278	0.01015949487352316	0.01013790787636602	0.01029502440169491	0.7541743910781522	0.1613654122882039	0.259164350112863	0.4907337508397564	0.2472395379390514	0.6965283664588882	0.3515058821423577	-0.0004289405120958545	0.001313360778935582	0.005740308526932685	0.002196799080968472	0.008298527031189787	-0.03991695043095191	-0.002196650953681831	0.0001042890597695907	0.003857176701110052	-0.001993121696403176	0.003859587261828695	0.005476147221439471	0.0249860300425729	-0.09791037300422921	0.02060842402994416	0.004666472675384792	0.008998617865809085	-0.005644019350044147	-106.0744346314074	-0.01193876987627097	7.30994236144618	-2.570468796469931	-0.7179460732685904	1.797415027748837	11.69291637500215	-0.3421164459445948	-37.42849006504812	-2.201062945399578	-7.083888031308351	-40.35428042665344	-19.1472373264745	-28.2800996031868	-42.24006569081295	-42.24006569081295	-104.9615980889887	-104.9615980889887	-83.61982527072425	16.43375896375266	54.18215172549932	56.63415041462737	-6.891077748644234e-17	-1.951505644363287e-17
16.41305770359588	-0.04860915817511351	0.07471857794071979	0.0309570299719557	2.260071607884359	0.9730476715151127	1.039827538071751	0.2802534548968958	0.08150087936689884	0.1373441144508144	0.4323148101068663	0.213251819312682	0.1571391870123894	0.8283004103408549	0.8283004103408549	1.36070740612031	1.36070740612031	0.4347258754334389	-0.01651660712270373	-0.5551926177110752	-0.5351813317214175	0.1328411805236008	0.4593883652471331	1.879253264503588	-0.08192887974574829	0.2821671296093265	-0.116419116795398	-4.568098212827892	-0.435033731462233	0.1834947149912336	3.339843709761299	0.3005447610884578	-0.4131510228957933	-2.523805439628285	-2.523805439628285	-1.54352833974764	-1.54352833974764	0.9970082914018575	2.84872472659006	0.3615216014239278	1.080341453910494	0.01024443219583899	0.01011076640808881	0.01138732211010937	0.09851358598666179	0.01027869783466822	0.01012699929079573	0.0101251148471845	0.01024599009733617	0.01019241967297359	0.03270400358123209	0.1281499236090191	0.2264965670768231	0.2374137484512441	0.1517473990251053	0.01005601703810926	0.01003974736431564	0.01007610798679939	0.7706971409145625	0.2154917746908967	0.01012719567455946	0.3361885371670609	0.1635582896978877	0.02671870713280514	0.01015620852867775	0.1788158706880107	0.01006802364716129	0.01002952325120138	0.01006046600504344	0.01023437620290675	0.04314758056059917	0.01020325141867823	0.01015765409108316	0.01026671321578729	0.7076688163491794	0.1692744060365809	0.2466789708974776	0.4691207938581136	0.2249063088768086	0.6493254544023737	0.3234500174991801	0.0102125095889803	0.01010090693695023	0.01096862250309719	0.07731207341497874	0.0102325020305237	0.01011757129421452	0.01011483988989659	0.01030493970112776	0.01023677255140753	0.02525131480433769	0.1018770926663303	0.1823237037587655	0.1703149338688692	0.2522973649496744	0.01005172974855106	0.01003652208573966	0.0100647068486304	0.7432565263392295	0.1791658179772896	0.008518723881180742	0.3381588809328027	0.1535054266356992	0.02006199496140399	0.01015415052201015	0.213516154281848	0.01010396785669452	0.0100540660444662	0.0100598033278596	0.01021950739462889	0.03871420864541164	0.01024114140894745	0.01014541442357382	0.01024681392139005	0.6731479720068899	0.1821433554546115	0.2069450880252746	0.3848909007852714	0.189960969416841	0.5403951698193679	0.2743074808996193	-0.0001645113276108972	0.001334738611381163	0.005074113027315207	0.00234513675503684	0.007406097073986284	-0.03555050713981294	-0.001666804148777277	-0.0009029782688754636	0.004132006099889438	-0.001594366145950396	-0.0008599858010957975	0.00025676678444514	0.01189610544145157	-0.1451051337886025	0.05964856747999468	0.01023260107693474	0.008411405001311184	-0.009462888116584365	-96.11414427622921	0.004001718881791431	9.862319878974786	-3.639491899184213	-10.73157835973167	2.536119594023197	10.37329530269005	0.3600629006329749	-35.4203896352451	-1.920898321403146	-11.05281997481078	-51.80577492008445	-29.82755214145136	-35.82284669195791	-43.41333446164509	-43.41333446164509	-103.551168937166	-103.551168937166	-33.40322311002878	-11.65592118728115	70.57115468933911	12.7215433415023	-2.748677182681134e-17	9.174509872260483e-17
16.43065768599587	-0.04561589637059281	0.08183562691497077	0.06123227539451114	2.25903750523713	0.9794169927750004	1.037916510344758	0.1964424807385355	0.07383941749047505	0.1389830777063819	0.4839096662010124	0.2127483825954858	0.1433091143009335	0.7787884496805335	0.7787884496805335	1.318055449611412	1.318055449611412	0.4431446254871734	0.03049551292082444	-0.5405219446999667	-0.5157548507321031	0.1862672072001176	0.3363087690049029	1.514117652797833	-0.0340718906177952	0.4339054478339979	-0.09737881155661049	-4.894037736401743	-0.4268634739368973	0.0003767058352051363	2.530206223525462	-0.406751458355771	-1.198216711697141	-3.057950142813016	-3.057950142813016	-3.285536783411331	-3.285536783411331	-0.07904108560737572	2.414865394292618	1.255146508310178	1.01855407356431	0.01016996730835941	0.01008786514384321	0.01053660519150874	0.0599783656856739	0.01017975864064369	0.01010640745812379	0.01010456465364354	0.01036606880053973	0.0102864611350281	0.01828951222685833	0.08427539163719958	0.1614558267445667	0.1120429821398279	0.3015899550535209	0.01006179174994539	0.01003978888390636	0.0100593478394096	0.7320067137078018	0.1646524602112404	0.01051719488457682	0.3325842272147823	0.147961127091384	0.01624517775015307	0.01015151064582723	0.2233334587825016	0.01014226846326513	0.01008338681234383	0.01006541369644533	0.01019771857959762	0.03472308769371799	0.01028236568085139	0.01015919109495365	0.01022089990955301	0.6579237610639334	0.1881864444171424	0.195757994648967	0.3747276497821446	0.1739002725223691	0.5266466076238618	0.2576973020126405	0.01013396148198945	0.01007677341322705	0.01009518922091278	0.03551622023495948	0.01012985557750001	0.01009612650804442	0.01009383218897339	0.01042821564781172	0.01033413592442052	0.010408889808418	0.05461720011206695	0.1093699329218995	0.01184229796512815	0.4273668155792033	0.01006089394424335	0.01003803821138864	0.01004894741011492	0.6800003044757307	0.1248555041062657	0.01004297726663173	0.327197221574627	0.1362629529926818	0.01026306846443153	0.01014921547723652	0.2593295926804186	0.01018040022296465	0.01011020900085592	0.01006628535110807	0.01018045340036602	0.02993089025634051	0.01032278794437174	0.01015292097078162	0.01019860344108519	0.5921215529356277	0.2029212986210192	0.1547258259376862	0.2790480507307864	0.1326824008946307	0.3842619731798477	0.1971090796568809	9.991785687406057e-05	0.001356116443826743	0.004407917527697729	0.002493474429105207	0.00651366711678278	-0.03118406384867397	-0.001136957343872722	-0.001910245597520518	0.004406835498668823	-0.001195610595497616	-0.005579558864020289	-0.004962613652549191	-0.001193819159669767	-0.1922998945729759	0.09868871093004519	0.0157987294784847	0.007824192136813284	-0.01328175688312458	-76.30476679149255	0.01738990698892648	-7.032348774621789	-11.47450480996431	-32.7643334084349	2.82765124397817	6.432920331134983	1.951883926042125	4.740582287855805	3.747351865474937	-8.702928229425074	-35.58683837790485	-52.55494495826902	-55.39398437735156	-11.82466490819869	-11.82466490819869	-92.85729281943311	-92.85729281943311	-110.0129607681288	-37.22646969270272	19.7806465484065	-17.45319955443139	-4.645389869400421e-17	1.865149532259879e-16
16.44825766839586	-0.04207723972155857	0.0875068319753422	0.0827926539575719	2.258893806101945	0.9880433572427033	1.03649864359988	0.1096044392190413	0.06440413900024193	0.1359378017654549	0.5207634554761819	0.1993711528677636	0.1137364847729019	0.7223681811249882	0.7223681811249882	1.245786647677217	1.245786647677217	0.4284708511051586	0.06701750673133078	-0.5114267410023128	-0.5004068889949409	0.2183608310478417	0.3051774842918006	0.9394150197374685	0.01765776707509956	0.5383285512393083	-0.06456927788526147	-4.943257376933375	-0.6648051404145592	-0.4062935659501893	1.646440313176596	-1.086235820065011	-2.140728234101926	-3.330894290640883	-3.330894290640883	-4.884536185352364	-4.884536185352364	-1.597723312979029	1.73514049812831	2.053789915573303	0.7665567968919103	0.01012188787367261	0.01006796394321941	0.0101644987544306	0.03271197751805036	0.01012856033258647	0.01009041466266943	0.01009035623737689	0.01038582348774173	0.01024786555740703	0.0111560167107872	0.05452752624787594	0.112828439426177	0.08277902080952423	0.35761997183606	0.01005349790903349	0.01003511403044428	0.01004732995973492	0.6466637568958794	0.1060259119443215	0.01008853515162117	0.3076871065868997	0.1188041760964628	0.01079796429444109	0.01013096111526996	0.2482782194416937	0.01014077884025498	0.01008633850385913	0.01005576324438341	0.0124286040001572	0.06798077508743805	0.01040732462979045	0.01014566116520085	0.01019610245035791	0.5470339816037997	0.1876154015427835	0.1309002826518412	0.2766265379578215	0.1236735930332007	0.3833932722472919	0.1850537126804735	0.01010246392915214	0.01005716061836828	0.01013202189681215	0.02221073000281526	0.01011626569733242	0.01008272470438686	0.01008468450976696	0.01035944048526583	0.01017668027510319	0.01000598198415053	0.0436671041043691	0.0908236557216857	0.1196590559529561	0.3458086726165046	0.01004629271494192	0.01003195633555264	0.01004349380094036	0.5190839245134796	0.06339272295073749	0.01002626002019441	0.272086118212258	0.09162249428518938	0.009915382826826923	0.01011315605344339	0.2563884217569211	0.01011169051191538	0.01006966722233368	0.01004598863447317	0.01456593643424839	0.1075231603454265	0.01049645733483749	0.01013739179513957	0.0101887850913618	0.3856639929545474	0.1754549035723047	0.0779162210768085	0.1937576859626549	0.09082871532753513	0.2406263233329537	0.1283796313513268	0.0002532898442888644	0.001230767670016806	0.00367935664813037	0.002449879567145186	0.004630500791886917	-0.02634696633594	0.0001725597146920797	-0.00266750643752646	0.003795830302598243	-0.0009851220057494818	-0.005318855249162029	-9.964652681548658e-05	-0.03111447339316736	-0.1626080734744981	0.1004101368621591	0.0276593771987594	0.007842453660205809	-0.01414711165371963	-54.54793940935156	0.02658875483945112	6.465142071037469	2.83093162628774	-32.3010151410117	2.987741080129882	4.99838606321941	1.749869827543685	-3.950885535446328	-23.81277211420546	-35.40988544633068	-58.48968218233107	-29.31892216854998	-50.79118501619892	-15.42757659940616	-15.42757659940616	-86.24480747152938	-86.24480747152938	-75.21841662117801	-39.3370836168984	58.40264650244542	-9.254217466079805	-1.49968611098789e-16	2.581983868014125e-16
16.46585765079586	-0.03784133669673445	0.09247333691402372	0.09442240047846373	2.259656077986435	0.9980832835033701	1.035614573967768	0.02351971943471442	0.04975271711154436	0.1225744030624143	0.5414669612433255	0.1754687392283637	0.06871532936511693	0.6623350629495165	0.6623350629495165	1.147608874645734	1.147608874645734	0.3865778708301422	0.09156448346889753	-0.4681349811097449	-0.4873280856088349	0.2654998291361647	0.2562291296422887	0.3856356104325125	0.06887946456938289	0.5945376303939515	-0.03671998808347422	-4.808432908164225	-1.019607634688616	-1.172138416920546	0.6949448987150258	-1.602796280728071	-2.953732771731322	-3.468501646538145	-3.468501646538145	-6.229740988672074	-6.229740988672074	-3.172135757453458	1.054066638841099	2.868393143706779	0.7606949121759382	0.01008961248737046	0.01004833710900073	0.01018201445998658	0.01753350200939287	0.01011320961883793	0.01007689156117434	0.0100809720759374	0.01032121143456573	0.010095970012047	0.01036018236847869	0.04078263262852838	0.08752405897979186	0.1669529410938093	0.314018331635588	0.01003919066050526	0.0100290976990851	0.01004157012375037	0.5108986171400707	0.04106346477272219	0.0100523325064222	0.2602205852016697	0.07542317793950822	0.01016697712039026	0.01009562557027467	0.2518480239779947	0.01007520859336166	0.0100478256833501	0.01003596276834089	0.0166960901278249	0.138258396668879	0.01057867899173557	0.01013022504587169	0.01018558196168714	0.3670231432553588	0.1656573492496871	0.05112983114873761	0.181507530214706	0.0780190838215178	0.228431306300209	0.1108394634435331	0.01007096637631484	0.01003754782350951	0.01016885457271153	0.008905239770671029	0.01010267581716484	0.01006932290072929	0.01007553683056053	0.01029066532271994	0.01001922462578586	0.009603074159883054	0.03271700809667125	0.07227737852147191	0.2274758139407841	0.2642505296538058	0.01003169148564048	0.01002587445971664	0.01003804019176581	0.3581675445512287	0.00192994179520927	0.01000954277375709	0.2169750148498891	0.04698203557769694	0.009567697189222322	0.01007709662965025	0.2534472508334236	0.01004298080086611	0.01002912544381145	0.01002569191783827	0.01895141946813076	0.1851154304345125	0.01067012672530324	0.01012186261949752	0.01017896674163842	0.1792064329734669	0.1479885085235902	0.001106616215930815	0.1084673211945234	0.04897502976043951	0.09699067348605958	0.0596501830457726	0.0004066618317036686	0.001105418896206868	0.002950795768563012	0.002406284705185165	0.002747334466991054	-0.02150986882320603	0.001482076773256882	-0.003424767277532402	0.003184825106527661	-0.0007746334160013474	-0.005058151634303769	0.004763320598918218	-0.06103512762666496	-0.1329162523760203	0.1021315627942729	0.0395200249190341	0.007860715183598337	-0.01501246642431467	-33.71095839987937	0.03133114917549875	-5.322645446667927	-13.49917387286254	-30.38669196767795	2.769928436413132	0.9540484601396648	1.388219286290697	25.65470653162267	-9.532300936500722	-49.51826213397533	-43.28338063271188	-34.04084677982485	-40.67726684524313	3.554531372208873	3.554531372208873	-64.01696868121994	-64.01696868121994	-116.3459463173412	-37.37976110996041	21.5942643700195	10.51675931967802	-1.921598078399765e-16	2.677827464870336e-16
16.48345763319585	-0.03339259711208461	0.09473766794557052	0.09722991211819931	2.261266813543959	1.008578082657303	1.035117392165202	-0.05707234725899697	0.03056757594990391	0.09366856420968578	0.5464300131783045	0.1432504959025767	0.01203348896313591	0.6031782474464299	0.6031782474464299	1.029150865863545	1.029150865863545	0.3127990800131681	0.1063727970455405	-0.4114909313348216	-0.4679977099088355	0.2609359415226368	-0.005417452482374951	-0.01561162143843093	0.1120596585102023	0.5910781081180173	-0.02400662618793387	-4.355861652590786	-1.128801836130959	-2.099428322013817	-0.129503980338749	-1.988846228194305	-3.361513962211636	-3.218671538970939	-3.218671538970939	-7.169702581171844	-7.169702581171844	-5.146168451553105	0.709231583396922	3.564152489631445	1.57540647870214	0.01181684310892594	0.03080069412044111	0.01017463918676318	0.01023433152301211	0.01015877965897431	0.01018676823381195	0.01007874257317466	0.01509323631617211	0.01014738221925649	0.01019566021989925	0.03031257845091027	0.06949244662928378	0.1772658629014364	0.2549527061402951	0.01005183789676486	0.01003310691736945	0.01004214149083738	0.3713740919616257	0.01402351075803468	0.010166562385587	0.2039120405879611	0.0592396012360486	0.01510585746998129	0.01030759513867037	0.251211478626599	0.01693906387046974	0.02187924551500407	0.01013045182541139	0.06764526935962087	0.1605182541338804	0.02213553165011995	0.01009878352446838	0.01015604119358253	0.2225292746391856	0.1453574288353846	0.01045161302484057	0.1018354023094335	0.0438613211542212	0.1091789669115126	0.05680135546301783	0.01347259917497154	0.05138551888044902	0.01017720178629532	0.009472874049112285	0.01020960563167625	0.01029638118612299	0.01008057523348484	0.01968800163158519	0.01025180055338822	0.0105889473012464	0.0256154766386549	0.06064802583181263	0.1432962751024216	0.2027877853957806	0.01006926134613013	0.01003924399357866	0.01004524467785152	0.2454055023941909	0.01489737657476307	0.01030586151539912	0.1560543883213605	0.06226874716997705	0.0202766750093426	0.01052196557405643	0.2490204160030718	0.02356604489646077	0.03340003728940502	0.01022743178400445	0.1204111578157615	0.1524921404218608	0.03331614592230856	0.01007506395235112	0.01013285015071442	0.1412088273721487	0.1325386103599004	0.005070666715522479	0.05638736439192844	0.02847603547771782	0.05018488010941179	0.03337679489528365	0.0002392303079784338	0.0009536805496628893	0.002608361823670338	0.001766210801700072	0.002769351015036294	-0.01703626296344377	0.001171352577757115	-0.001990500595437884	0.00203734449397782	-0.0006330043292730768	-0.0004884728011295251	-0.000103229174638882	-0.09613613210440354	-0.07521856562842333	0.1159125033742668	0.05546235412176527	0.008953987654471092	-0.01384433097979592	-19.41722646621826	0.02976883889616166	4.053323121685026	-16.10374615294445	-14.65830109956169	2.116261082323627	-1.36643898057985	0.02902200884674205	25.2245526867538	-1.836567612013992	-53.14710685509972	-48.49971781579301	-9.95614741551919	-3.687236267825497	22.51500654750985	22.51500654750985	-42.84281263350035	-42.84281263350035	-104.4727875449519	-3.835831380540041	48.13542996093012	76.06361857936437	-1.11703973254023e-16	1.531689583931081e-16
16.50105761559584	-0.02792083848204522	0.09205388085860489	0.0956676567821588	2.263526682554736	1.018643647749359	1.034620694096476	-0.1300210365904775	0.01113555911134254	0.04913892138707254	0.5369597183773425	0.1079087054183054	-0.04517894490945539	0.5502769393460735	0.5502769393460735	0.8974076892930346	0.8974076892930346	0.2077440703960106	0.1193641912875831	-0.3428277581648542	-0.4269646490847541	0.3817521096373149	-0.3060575824756604	-0.1109293151981244	0.1426447034770476	0.5457609836766119	-0.03666501827388599	-3.939866430252898	-1.047661716938271	-2.947572461660545	-0.9452097796155803	-1.957745176413992	-3.014027544595476	-2.757647821737337	-2.757647821737337	-7.73942065611644	-7.73942065611644	-6.726255084322665	0.8475983261680875	4.234203986227848	3.226911597039535	0.01513079717647624	0.06980560421052691	0.0101822507089213	0.01035557125564223	0.01026283398474087	0.01040831312235919	0.01008344182103178	0.02419566857975946	0.0103714631851784	0.01112701840434477	0.02284242684190785	0.05679056149102194	0.109803965839898	0.1914367312403099	0.01008824495848616	0.0100460401311519	0.0100490367417623	0.2407262790707276	0.02365746786961859	0.0104543192400941	0.1411807875949739	0.07073814235064843	0.02544803829207096	0.01074141800209089	0.247733393244087	0.02999171303762827	0.04424791991683367	0.01032715728948546	0.1591960003794493	0.1375177908837601	0.04382018494306381	0.01005270018889886	0.01011069816037979	0.1471367739552775	0.1286612411394298	0.01003073590033543	0.03975973708727427	0.02089375991982807	0.03947488534543384	0.02471841104043794	0.01687423197362824	0.09273348993738854	0.01018554899987912	0.01004050832755354	0.01031653544618766	0.01052343947151669	0.01008561363640914	0.02908533794045045	0.01048437648099057	0.01157482044260974	0.01851394518063855	0.04901867314215334	0.05911673626405917	0.1413250411377555	0.01010683120661978	0.01005261352744069	0.01005244916393723	0.1326434602371532	0.02786481135431688	0.01060218025704116	0.09513376179283198	0.07755545876225715	0.03098565282946288	0.0109668345184626	0.2445935811727201	0.03708910899205542	0.0567709491349986	0.01042917165017062	0.2218708961633922	0.1198688504092092	0.05596216511931389	0.01002826528520472	0.01008673355979041	0.1032112217708305	0.1170887121962107	0.009034717215114143	0.004307407589333487	0.007977041194996133	0.003379086732763995	0.007103406744794685	7.179878425319882e-05	0.00080194220311891	0.002265927878777663	0.00112613689821498	0.002791367563081535	-0.01256265710368151	0.0008606283822573495	-0.0005562339133433653	0.0008898638814279778	-0.0004913752425448059	0.004081206032044718	-0.004969778948195982	-0.1312371365821421	-0.01752087888082639	0.1296934439542607	0.07140468332449644	0.01004726012534385	-0.01267619553527718	-11.07723580827768	0.02694688403799107	8.925102406564967	-17.9302632890248	4.378063037009062	1.338660076283375	-3.802501997034908	-1.494937458400712	21.49833496211831	12.09662076459436	-40.52441615756315	-42.28984784634411	13.36272326542187	45.14868353716725	27.55382919724527	27.55382919724527	-21.94379961312386	-21.94379961312386	-71.5793036722574	17.52958905116041	18.67291493409316	105.6070307521777	-2.829956563393474e-17	8.920842660282424e-17
16.51865759799583	-0.02134141095642808	0.08355796040634841	0.09426292109514862	2.266211475523209	1.027383670862296	1.033759639246961	-0.1939093064050756	-0.004716759534867748	-0.006379528595137895	0.5166328465207958	0.07530900197029379	-0.09065921268915324	0.50722551730103	0.50722551730103	0.7598889102981251	0.7598889102981251	0.0840560668474285	0.1368495621843462	-0.2646732366965607	-0.3523584253451202	0.3865323833684844	-0.6518070632442386	-0.03960779532971935	0.1594895709789691	0.4421402449486643	-0.06119689264023186	-3.333610553253076	-0.7395913311832512	-3.284703341586205	-1.329120066038931	-1.745943486225756	-2.09666678003952	-2.096838564891076	-2.096838564891076	-7.775523410546972	-7.775523410546972	-7.211235282948403	1.16858568517632	4.582316912796944	5.194270954308663	0.0264457963889294	0.09917367381860397	0.01018404581374453	0.01011297408984998	0.01032198601148701	0.01304242440016557	0.01011726267518951	0.05028105616256678	0.02555339502554497	0.01492622962431685	0.01687494785494459	0.0402077264019095	0.08012393035794144	0.1672213961765862	0.01009454587657125	0.01004927148059134	0.01004877723354753	0.1356769589711141	0.02247342607383454	0.01043681470059685	0.1015681934151295	0.06343737667326751	0.025174409291125	0.02859517746467155	0.2404857669855005	0.05195895485083148	0.07846424505271582	0.01039889728916709	0.1926994007046174	0.09694970207835482	0.06135516797767029	0.0135867936090954	0.0129978400851659	0.1009714920137786	0.1096829362231492	0.07660746603813688	0.01066466361287904	0.01007484144651002	0.01002563803285427	0.0100544049880555	0.03629064514134759	0.1152438097329079	0.01018335295924645	0.01011166456005642	0.01033907626715106	0.01547079986821692	0.01014772993512814	0.07362481663863801	0.04035556689892431	0.01823913483266118	0.01422282045634432	0.02869166704912335	0.08260397230012555	0.1722444136882691	0.01008702536122281	0.01004756162442792	0.01004605473108546	0.07483002657182718	0.01824117413285261	0.01031287693439532	0.08748088850249926	0.05046944229357525	0.02084966871388994	0.04604963853511175	0.2322626378890602	0.06949755515526809	0.1064778997619085	0.01039285661653836	0.1880884840864017	0.06171891271049932	0.07088742722438747	0.01697921051297598	0.01576844947298562	0.07736649575445688	0.09544736018440074	0.149772180038952	0.007163208308801591	0.008966801810050743	0.006645018536654772	0.008521074424921515	0.000116487562377554	0.0006654645966827307	0.001522754891431517	0.0004545979902940275	0.001446415854170722	-0.008843639669872956	0.002859320312336729	-0.0002425622241310408	-0.0006157603380919354	0.002285818739200692	0.001370629981845754	0.0003724769130053337	-0.14956770482988	0.03007596633391449	0.1054688060912843	0.09308654155855323	0.009807137933351286	-0.009124172296166059	-7.032066943874232	0.01585435267543624	-2.29762288038408	-19.85600414566816	4.664409225160163	0.5143694535361013	-7.380429982650669	-1.344568485805345	39.77504335157079	21.41356240881918	-1.938291696371626	-8.545391590080579	11.44040258465764	60.51243357680169	45.75736195318409	45.75736195318409	17.45793891399576	17.45793891399576	4.511078365637302	21.08143570428193	14.81947489810182	110.0279082689152	6.395056108851365e-17	1.772076637236164e-16
16.53625758039582	-0.01358903518571315	0.06937717517256541	0.09459350553711729	2.269036653790988	1.034020964829926	1.032466049208296	-0.2478370652563371	-0.01439999951037808	-0.06378460958437374	0.4914258957534202	0.04648065939743297	-0.1169567309759704	0.4777962339195211	0.4777962339195211	0.6276591698997284	0.6276591698997284	-0.0419383138618744	0.1615264889141114	-0.1838072247012279	-0.2461260599083692	0.5150418162336554	-0.9520655900210937	0.08626635119978225	0.1585975943509924	0.3068142509448314	-0.08581679346541096	-2.807989052541244	-0.34662934878056	-3.161962563212731	-1.499764755855915	-1.529181012037022	-0.8341674678160558	-1.209675971090335	-1.209675971090335	-7.138392941848352	-7.138392941848352	-6.988343660129641	1.664821397141802	4.542328217879428	6.820794929233406	0.04509066340072381	0.1217966122972881	0.01018203649510758	0.0101693780969897	0.01034624202713433	0.01785887884913444	0.01017805484706571	0.09199282994062079	0.05398738154018669	0.02141158287011655	0.01244743983354249	0.0198048605820234	0.09552965901491098	0.1862500898389121	0.01007595841688435	0.01004460574612719	0.01004266881588765	0.06051369816914952	0.01332883395835507	0.01016027499060766	0.08780492341548862	0.03816683767558472	0.01562970812635162	0.06184538072797485	0.2293457346994475	0.08267266796607844	0.1247337400307066	0.01036765927204766	0.1719091441972785	0.03884898450987807	0.07621080110398147	0.02033542570085123	0.01852042815797093	0.07020290302256901	0.08803863482572369	0.2012845774788903	0.01081277708731697	0.01034276486723364	0.01053523615884779	0.01040982788580886	0.05570705830906694	0.1377541295284273	0.01018115691861379	0.0101828207925593	0.01036161708811446	0.02041816026491715	0.01020984623384713	0.1181642953368256	0.07022675731685804	0.02490344922271261	0.009931695732050097	0.008364660956093365	0.1060912083361919	0.2031637862387828	0.01006721951582585	0.01004250972141515	0.0100396602982337	0.01701659290650119	0.008617536911388337	0.01002357361174949	0.07982801521216654	0.02338342582489334	0.01071368459831699	0.0811324425517609	0.2199316946054004	0.1019060013184808	0.1561848503888183	0.01035654158290611	0.1543060720094112	0.00356897501178947	0.08581268932946103	0.02393015574074723	0.02145016538618083	0.05152176973808324	0.07380600817259082	0.2905096428627899	0.01001900902826969	0.009956562425105356	0.00991095034054555	0.009938742105048347	0.0001611763405019086	0.0005289869902465514	0.0007795819040853703	-0.0002169409176269264	0.000101464145259909	-0.005124622236064399	0.004858012242416108	7.110946508128357e-05	-0.002121384557611849	0.00506301272094619	-0.001339946068353211	0.005714732774206649	-0.167898273077618	0.07767281154865537	0.08124416822830788	0.11476839979261	0.009567015741358724	-0.005572149057054938	-5.930475062694771	0.007621029449125648	22.98524818649063	-12.76083152962194	10.57723135675961	-0.6768924085767269	-7.405375517624462	-1.504940475089328	12.33532849365388	21.74340275770744	11.7337790891959	-18.05509672449391	13.92644928375016	84.36901226518692	53.27582502771746	53.27582502771746	54.56005224635127	54.56005224635127	8.860756477444957	37.44419452909958	-25.42958615554493	66.87569857260083	1.301813077014447e-16	2.012937542464251e-16
16.55385756279582	-0.002287650920376768	0.05003050245071711	0.09668472583215783	2.271684920056641	1.038092634920436	1.030811916007473	-0.2929875145763096	-0.01746449214199786	-0.1182996153263512	0.4648374309005959	0.0196470195637251	-0.120690508316131	0.4673257347698838	0.4673257347698838	0.5128979272004469	0.5128979272004469	-0.1538867294805987	0.1946741875617578	-0.1004666437117933	-0.12209474348529	0.7720993869352798	-1.225984538007732	0.1132283519467011	0.140592247515597	0.1534319407103216	-0.09791961374345302	-2.317396004126987	-0.0380642403342905	-2.957048219496571	-1.487095218505375	-1.559834475986731	0.2294725787366	0.0591472016265579	0.05914720162655789	-5.796009913080241	-5.796009913080241	-5.753672304400949	2.056625705591836	4.798778736981069	7.090538027845189	0.05250724524828972	0.1306044444099012	0.01029214034296327	0.01021120563188348	0.01180551204500145	0.0275430393036383	0.01151014256764138	0.1014122859872506	0.1290472136082977	0.05672372920150032	0.01026108896781401	0.01009597903217016	0.08052920518792184	0.1861754423134414	0.0100878302292667	0.01004896184517736	0.01005836615730664	0.02174369372971048	0.01017386548529504	0.01045674425619395	0.0641424345375143	0.0267207309265787	0.01479183415589846	0.07606622713715611	0.2020439171436126	0.07472417013065431	0.1410309271906141	0.01621643877228224	0.1576053075701681	0.01004643543187715	0.07474803785949953	0.04712390312289195	0.03304087593128966	0.05029797398173728	0.06166472099549988	0.2935801345883783	0.01010280686288264	0.01002660146975604	0.01000796921816534	0.01001752021039066	0.05237087124453079	0.1292602657453082	0.01039714302776	0.01024108750096411	0.01318231311507953	0.03521449052272337	0.01275310464394513	0.09241023791725643	0.2060650787383844	0.09110334776651843	0.01000550393334484	0.009015174630872352	0.05570258004207909	0.1730003145285403	0.01010542010778625	0.01005460958556105	0.01007541993355603	0.01306224385323541	0.01057784363186348	0.01083711996189098	0.04399494551499774	0.025924309985237	0.01755058683330472	0.07712545888438438	0.1707944123136362	0.05149271394878868	0.1370698849177356	0.02184305527365164	0.1521758958283544	0.006756297781169114	0.06595537198512459	0.07196995783070832	0.04536902080820845	0.04264291636687878	0.04315506849699525	0.3595375233676343	0.01000530545797169	0.01000720606979176	0.009961069574371696	0.00998750446285461	0.0001727207287261357	0.0002684802457182782	0.0007051665599153747	-0.0003917473091399193	4.256999169872412e-05	-0.003604958450512643	0.002178392236019522	-0.0008942281780751089	-0.0006457475506532285	0.002834860768555502	0.006680262212730149	0.005738065655729934	-0.1655964713009619	0.08280110512153319	0.02754619403962925	0.1253896732198143	0.004977723950421356	-0.00407658811035536	-5.394407369686615	0.003160277953052881	10.66216604313137	-15.22312921543499	-6.241645350435519	-1.345233400835607	-9.577981568645519	0.08178568005450031	36.10050300053273	12.31948658087233	18.06467745825552	13.05275508275111	-12.96226321434055	33.09157437053828	84.85012868217817	84.85012868217817	96.21812478791092	96.21812478791092	99.04236543782643	10.80608912404051	23.54100587391814	-26.05765561181052	6.631515376683795e-17	-9.418588822073134e-17
16.57145754519581	0.0136906240393123	0.02694196563753928	0.09723646488837941	2.273923902794292	1.039335733125673	1.029168299988365	-0.329220899330442	-0.01702308969942725	-0.1652015440167076	0.4402966898590956	-0.009824136361321236	-0.1152294337315656	0.4812616377468461	0.4812616377468461	0.4273942705737329	0.4273942705737329	-0.2451922274048833	0.2323236537883394	-0.0194460700303158	-0.002986206197519058	1.046507199330235	-1.377277843793691	-0.08867487360730031	0.1120880560229374	-0.01461469381066543	-0.08462165798433878	-1.794685247664301	0.05176821713879923	-2.296839305859469	-1.26706863550925	-1.828899049407275	0.2107031139556373	1.563781589481892	1.563781589481892	-3.813663927053556	-3.813663927053556	-4.642555212699398	2.176386406313281	4.278690760155836	6.261387649904523	0.05012289152453914	0.1249336206079707	0.01050312945878492	0.01026869970054637	0.01455506859302049	0.04183966224592234	0.01399087374169498	0.08030470989845634	0.2477029476091432	0.1177206639454917	0.01022207709887215	0.01012687860263415	0.03342453000547799	0.1621165098378973	0.01012480123507422	0.01006070058375968	0.01009318946238243	0.01381875546154823	0.01187473220643015	0.01124558926729241	0.02872758369625162	0.02812986602672488	0.02119575096721924	0.07399515911607051	0.1567453200220017	0.02825662338227302	0.1277697320031491	0.0273219027887207	0.1529745411623613	0.01056262575934185	0.05692647902274565	0.09202859580553328	0.05590499700158249	0.03995219391866563	0.03056000079322784	0.3636163354112293	0.01005587921135445	0.01005999879012767	0.01003078277997207	0.01004550203145415	0.04903468417999465	0.120766401962189	0.01061312913690621	0.01029935420936891	0.0160030091420446	0.05001082078052959	0.01529636305404312	0.06665618049768726	0.3419034001599108	0.1573032463103243	0.01007931213463959	0.00966568830565134	0.005313951747966249	0.1428368428182979	0.01014362069974665	0.01006670944970695	0.01011117956887836	0.00910789479996962	0.01253815035233862	0.01165066631203247	0.008161875817828936	0.02846519414558066	0.02438748906829244	0.07311847521700787	0.121657130021872	0.001079426579096606	0.1179549194466528	0.03332956896439718	0.1500457196472975	0.00994362055054876	0.04609805464078817	0.1200097599206694	0.06928787623023609	0.03376406299567433	0.01250412882139967	0.4285654038724788	0.009991601887673686	0.01005784971447817	0.01001118880819784	0.01003626682066087	0.0001842651169503625	7.973501190004957e-06	0.0006307512157453792	-0.0005665537006529124	-1.632416186246079e-05	-0.002085294664960887	-0.0005012277703770647	-0.001859565821231501	0.0008298894563053916	0.0006067088161648136	0.01470047049381351	0.00576139853725322	-0.1632946695243058	0.08792939869441101	-0.02615178014904938	0.1360109466470187	0.0003884321594839879	-0.002581027163655782	-5.692792971063273	-0.00140174974178036	24.95686853235391	1.173914473388434	-15.43020673033878	-1.869944130863491	-9.071777671126961	1.381514233770645	15.98507169435639	-3.112605163444357	63.47185013648525	5.508227480383246	-13.16574933923598	-38.63219156943121	80.07258081748854	80.07258081748854	127.2831882943542	127.2831882943542	-5.179514838643507	6.530117282215858	-113.67268529946	-57.99868500097396	2.023925932731451e-17	-3.474056167868693e-16
16.5890575275958	0.0350508868455184	0.002808097749058258	0.09332612794125637	2.275606294024789	1.037598014799924	1.027894154775225	-0.3576251251889788	-0.01668126142971535	-0.1951583017575205	0.4199254862470139	-0.04404032076499029	-0.1185999807738789	0.5220380519570175	0.5220380519570175	0.3799652179157798	0.3799652179157798	-0.3025848580657652	0.2713455822730119	0.04809617057735826	0.09548905275943814	1.359206495392113	-1.376741797760042	-0.3605877660353055	0.07994497614358972	-0.1833854509967126	-0.05956470495578751	-1.436650681039346	-0.001910133432956651	-1.112218546418845	-1.040266673591543	-2.077366771240345	-0.6511559507117052	2.999584655702424	2.999584655702424	-1.611007697928405	-1.611007697928405	-1.843268964936184	2.181751458961269	3.439968164486835	4.820692392191557	0.04912327709282517	0.1142813604779119	0.01062696964414691	0.01031883703671309	0.01738152733067682	0.04542470442401025	0.03955393867728784	0.07770723626303652	0.2489500709497924	0.1141758320079265	0.01039067294330631	0.0101006080550878	0.01006134809177358	0.1153914242901194	0.01014066596826943	0.01006792238793416	0.01010652203686005	0.01020914235149934	0.01196262923125593	0.01272286407110718	0.01505347139569222	0.02915614077982806	0.02879631245978798	0.0765968442554384	0.1272552092689196	0.03352526222710206	0.09307061491583543	0.0320717982335483	0.1425831772578906	0.01004092252262534	0.05236927285778045	0.1237145949846513	0.07518870748281009	0.02643109227702621	0.01586807952270463	0.3478259983638318	0.01010288318889773	0.01005193175475586	0.01001408222015661	0.01003434932143536	0.04887795204976925	0.1045274212553828	0.01066458804626612	0.01034411271546054	0.01904989046512882	0.04307558338930174	0.06442054902813656	0.08488797444787466	0.1745407892406855	0.07953164412001798	0.01065416498459254	0.01041036119931375	0.007273760836280407	0.07192729374267311	0.01014203837151354	0.01007040265320602	0.01010609622297304	0.0101784958545263	0.01156421694073937	0.01383650217793535	0.01641479560825029	0.02993244534736067	0.03397612600446882	0.08014519722927839	0.1162804827144865	0.05862510243578847	0.05954216118775866	0.03239210778900102	0.1315773322734171	0.009995432917186594	0.05547335678123728	0.1401247258080842	0.08622367766263109	0.01741167180947202	0.01443621517144498	0.2690605701117371	0.01019406873682692	0.01004584958537533	0.01001248360282023	0.01003048740815823	5.654531290961149e-05	-2.634499667870179e-06	0.0001710222303417425	-0.0003116343939105776	-0.00060390879749498	-0.0002902697905355781	0.0008437914865137418	1.611339373944936e-05	0.0005380706424967278	0.002256459928825508	-0.0009171211517288123	-0.00465190771869166	-0.1467290589198243	0.07449659468659266	-0.03977637247327376	0.1195277142413355	-0.002507361317642918	-0.004668349999680386	-6.251205538824203	-0.001108174637259165	12.33192905530731	-1.524105819037019	-15.87741594748889	-1.731882352108604	-9.893334084810796	1.496173789685198	22.2167106247957	-2.079873833001175	68.81048178610101	17.22134394290169	-16.13250723281141	-59.03297197226101	76.34006841714319	76.34006841714319	121.1019203052685	121.1019203052685	244.2398661026228	-9.300141790163378	-10.94718770208732	-103.017557302429	1.698562193337635e-16	-1.357662924416432e-16
16.60665750999579	0.06077463098126057	-0.02192522006950682	0.08437110690375749	2.276767954191187	1.032861846881145	1.027092850423029	-0.3799169602460383	-0.01670263661643793	-0.2045232831385883	0.4039460323523008	-0.0835830553571298	-0.1401718364565296	0.58437158640137	0.58437158640137	0.3694548166951351	0.3694548166951351	-0.3088054901956581	0.3064398138585318	0.1031682482924784	0.1628897878837098	1.542357846264771	-1.445397222149928	-0.6619350025922395	0.05291401229213133	-0.3553479428430289	-0.0308896882359913	-1.100094689269165	0.01049505581624515	0.04313762045327554	-0.7680056685632263	-2.434189448842345	-1.857629481689042	4.013456793042521	4.013456793042521	0.3816415679481558	0.3816415679481558	1.172450435376051	1.730056766897889	2.861625378026804	2.730188228625455	0.04888719371023385	0.09876083481922708	0.01068183728256602	0.01036384492029557	0.02040546237043517	0.03937042853156995	0.08553776674281305	0.09321906919090175	0.1152533367174824	0.04543545501394123	0.01094624915687747	0.0108089706568966	0.01006588606249486	0.04495981157991004	0.01013989876709545	0.0100717801322975	0.01010229836720885	0.01103908375609276	0.01104017801716058	0.01486967789566755	0.02178716269180622	0.03059089792830324	0.03816516126563185	0.08306520975690405	0.1170686356514505	0.08581140379482229	0.03578981820067865	0.0315195818816582	0.1254045178107353	0.01006559333087832	0.06031395563027792	0.1447971408597013	0.09200148630901284	0.01000651301740639	0.01659079074415185	0.2259169610193409	0.01029807156949865	0.01004011490795878	0.01001453836829876	0.01002831932290658	0.04872121991954385	0.0882884405485765	0.01071604695562604	0.01038887122155216	0.02209677178821304	0.03614034599807388	0.11354473500223	0.103119768398062	0.007178178321460209	0.001760041929711694	0.01122901783454548	0.01115503409297615	0.009233569924594566	0.001017744667048275	0.01014045604328043	0.0100740958567051	0.01010101287706773	0.01124909690908298	0.01059028352914011	0.01602233804383823	0.02466771539867164	0.03139969654914068	0.04356476294064519	0.08717191924154892	0.110903835407101	0.1161707782924803	0.001129402928864533	0.03145464661360486	0.1131089448995367	0.01004724528382443	0.0648486589216864	0.160239691695499	0.1031594790950261	0.00105928062326971	0.01636830152149028	0.1095557363509955	0.01039653558598016	0.01003384945627248	0.01001377839744261	0.01002470799565557	-7.117449113113958e-05	-1.32425005257454e-05	-0.0002887067550618944	-5.671508716824285e-05	-0.0011914934331275	0.00150475508388973	0.002188810743404548	0.0018917926087104	0.0002462518286880642	0.003906211041486201	-0.01653471279727113	-0.01506521397463654	-0.1301634483153428	0.06106379067877432	-0.05340096479749814	0.1030444818356522	-0.005403154794769824	-0.00675567283570499	-7.212009808303054	-0.0006587641397544496	10.23549640310855	-6.688760482873904	-18.77502190798844	-1.289021274043843	-9.434475154309762	1.792658246192697	13.54432211101758	4.3968955075325	60.14632492817395	10.67403299966973	-25.47882480787764	-77.79296553817845	32.12583640703464	32.12583640703464	103.4187367880057	103.4187367880057	19.41518618209471	-45.40854201003373	-84.08404102796351	-131.84067996268	3.194731793402428e-16	7.587303190362575e-17
