DataType=double
version=3
OpenSimVersion=4.5.2-2025-05-03-6a4c6ec41
endheader
time	/forceset/addbrev_r|active_fiber_force	/forceset/addbrev_r|fiber_force	/forceset/addbrev_r|implicitresidual_normalized_tendon_force	/forceset/addbrev_r|passive_fiber_force	/forceset/addbrev_r|tendon_force	/forceset/addlong_r|active_fiber_force	/forceset/addlong_r|fiber_force	/forceset/addlong_r|implicitresidual_normalized_tendon_force	/forceset/addlong_r|passive_fiber_force	/forceset/addlong_r|tendon_force	/forceset/addmagDist_r|active_fiber_force	/forceset/addmagDist_r|fiber_force	/forceset/addmagDist_r|implicitresidual_normalized_tendon_force	/forceset/addmagDist_r|passive_fiber_force	/forceset/addmagDist_r|tendon_force	/forceset/addmagIsch_r|active_fiber_force	/forceset/addmagIsch_r|fiber_force	/forceset/addmagIsch_r|implicitresidual_normalized_tendon_force	/forceset/addmagIsch_r|passive_fiber_force	/forceset/addmagIsch_r|tendon_force	/forceset/addmagMid_r|active_fiber_force	/forceset/addmagMid_r|fiber_force	/forceset/addmagMid_r|implicitresidual_normalized_tendon_force	/forceset/addmagMid_r|passive_fiber_force	/forceset/addmagMid_r|tendon_force	/forceset/addmagProx_r|active_fiber_force	/forceset/addmagProx_r|fiber_force	/forceset/addmagProx_r|implicitresidual_normalized_tendon_force	/forceset/addmagProx_r|passive_fiber_force	/forceset/addmagProx_r|tendon_force	/forceset/bflh_r|active_fiber_force	/forceset/bflh_r|fiber_force	/forceset/bflh_r|implicitresidual_normalized_tendon_force	/forceset/bflh_r|passive_fiber_force	/forceset/bflh_r|tendon_force	/forceset/bfsh_r|active_fiber_force	/forceset/bfsh_r|fiber_force	/forceset/bfsh_r|implicitresidual_normalized_tendon_force	/forceset/bfsh_r|passive_fiber_force	/forceset/bfsh_r|tendon_force	/forceset/edl_r|active_fiber_force	/forceset/edl_r|fiber_force	/forceset/edl_r|implicitresidual_normalized_tendon_force	/forceset/edl_r|passive_fiber_force	/forceset/edl_r|tendon_force	/forceset/ehl_r|active_fiber_force	/forceset/ehl_r|fiber_force	/forceset/ehl_r|implicitresidual_normalized_tendon_force	/forceset/ehl_r|passive_fiber_force	/forceset/ehl_r|tendon_force	/forceset/fdl_r|active_fiber_force	/forceset/fdl_r|fiber_force	/forceset/fdl_r|implicitresidual_normalized_tendon_force	/forceset/fdl_r|passive_fiber_force	/forceset/fdl_r|tendon_force	/forceset/fhl_r|active_fiber_force	/forceset/fhl_r|fiber_force	/forceset/fhl_r|implicitresidual_normalized_tendon_force	/forceset/fhl_r|passive_fiber_force	/forceset/fhl_r|tendon_force	/forceset/gaslat_r|active_fiber_force	/forceset/gaslat_r|fiber_force	/forceset/gaslat_r|implicitresidual_normalized_tendon_force	/forceset/gaslat_r|passive_fiber_force	/forceset/gaslat_r|tendon_force	/forceset/gasmed_r|active_fiber_force	/forceset/gasmed_r|fiber_force	/forceset/gasmed_r|implicitresidual_normalized_tendon_force	/forceset/gasmed_r|passive_fiber_force	/forceset/gasmed_r|tendon_force	/forceset/glmax1_r|active_fiber_force	/forceset/glmax1_r|fiber_force	/forceset/glmax1_r|implicitresidual_normalized_tendon_force	/forceset/glmax1_r|passive_fiber_force	/forceset/glmax1_r|tendon_force	/forceset/glmax2_r|active_fiber_force	/forceset/glmax2_r|fiber_force	/forceset/glmax2_r|implicitresidual_normalized_tendon_force	/forceset/glmax2_r|passive_fiber_force	/forceset/glmax2_r|tendon_force	/forceset/glmax3_r|active_fiber_force	/forceset/glmax3_r|fiber_force	/forceset/glmax3_r|implicitresidual_normalized_tendon_force	/forceset/glmax3_r|passive_fiber_force	/forceset/glmax3_r|tendon_force	/forceset/glmed1_r|active_fiber_force	/forceset/glmed1_r|fiber_force	/forceset/glmed1_r|implicitresidual_normalized_tendon_force	/forceset/glmed1_r|passive_fiber_force	/forceset/glmed1_r|tendon_force	/forceset/glmed2_r|active_fiber_force	/forceset/glmed2_r|fiber_force	/forceset/glmed2_r|implicitresidual_normalized_tendon_force	/forceset/glmed2_r|passive_fiber_force	/forceset/glmed2_r|tendon_force	/forceset/glmed3_r|active_fiber_force	/forceset/glmed3_r|fiber_force	/forceset/glmed3_r|implicitresidual_normalized_tendon_force	/forceset/glmed3_r|passive_fiber_force	/forceset/glmed3_r|tendon_force	/forceset/glmin1_r|active_fiber_force	/forceset/glmin1_r|fiber_force	/forceset/glmin1_r|implicitresidual_normalized_tendon_force	/forceset/glmin1_r|passive_fiber_force	/forceset/glmin1_r|tendon_force	/forceset/glmin2_r|active_fiber_force	/forceset/glmin2_r|fiber_force	/forceset/glmin2_r|implicitresidual_normalized_tendon_force	/forceset/glmin2_r|passive_fiber_force	/forceset/glmin2_r|tendon_force	/forceset/glmin3_r|active_fiber_force	/forceset/glmin3_r|fiber_force	/forceset/glmin3_r|implicitresidual_normalized_tendon_force	/forceset/glmin3_r|passive_fiber_force	/forceset/glmin3_r|tendon_force	/forceset/grac_r|active_fiber_force	/forceset/grac_r|fiber_force	/forceset/grac_r|implicitresidual_normalized_tendon_force	/forceset/grac_r|passive_fiber_force	/forceset/grac_r|tendon_force	/forceset/iliacus_r|active_fiber_force	/forceset/iliacus_r|fiber_force	/forceset/iliacus_r|implicitresidual_normalized_tendon_force	/forceset/iliacus_r|passive_fiber_force	/forceset/iliacus_r|tendon_force	/forceset/perbrev_r|active_fiber_force	/forceset/perbrev_r|fiber_force	/forceset/perbrev_r|implicitresidual_normalized_tendon_force	/forceset/perbrev_r|passive_fiber_force	/forceset/perbrev_r|tendon_force	/forceset/perlong_r|active_fiber_force	/forceset/perlong_r|fiber_force	/forceset/perlong_r|implicitresidual_normalized_tendon_force	/forceset/perlong_r|passive_fiber_force	/forceset/perlong_r|tendon_force	/forceset/piri_r|active_fiber_force	/forceset/piri_r|fiber_force	/forceset/piri_r|implicitresidual_normalized_tendon_force	/forceset/piri_r|passive_fiber_force	/forceset/piri_r|tendon_force	/forceset/psoas_r|active_fiber_force	/forceset/psoas_r|fiber_force	/forceset/psoas_r|implicitresidual_normalized_tendon_force	/forceset/psoas_r|passive_fiber_force	/forceset/psoas_r|tendon_force	/forceset/recfem_r|active_fiber_force	/forceset/recfem_r|fiber_force	/forceset/recfem_r|implicitresidual_normalized_tendon_force	/forceset/recfem_r|passive_fiber_force	/forceset/recfem_r|tendon_force	/forceset/sart_r|active_fiber_force	/forceset/sart_r|fiber_force	/forceset/sart_r|implicitresidual_normalized_tendon_force	/forceset/sart_r|passive_fiber_force	/forceset/sart_r|tendon_force	/forceset/semimem_r|active_fiber_force	/forceset/semimem_r|fiber_force	/forceset/semimem_r|implicitresidual_normalized_tendon_force	/forceset/semimem_r|passive_fiber_force	/forceset/semimem_r|tendon_force	/forceset/semiten_r|active_fiber_force	/forceset/semiten_r|fiber_force	/forceset/semiten_r|implicitresidual_normalized_tendon_force	/forceset/semiten_r|passive_fiber_force	/forceset/semiten_r|tendon_force	/forceset/soleus_r|active_fiber_force	/forceset/soleus_r|fiber_force	/forceset/soleus_r|implicitresidual_normalized_tendon_force	/forceset/soleus_r|passive_fiber_force	/forceset/soleus_r|tendon_force	/forceset/tfl_r|active_fiber_force	/forceset/tfl_r|fiber_force	/forceset/tfl_r|implicitresidual_normalized_tendon_force	/forceset/tfl_r|passive_fiber_force	/forceset/tfl_r|tendon_force	/forceset/tibant_r|active_fiber_force	/forceset/tibant_r|fiber_force	/forceset/tibant_r|implicitresidual_normalized_tendon_force	/forceset/tibant_r|passive_fiber_force	/forceset/tibant_r|tendon_force	/forceset/tibpost_r|active_fiber_force	/forceset/tibpost_r|fiber_force	/forceset/tibpost_r|implicitresidual_normalized_tendon_force	/forceset/tibpost_r|passive_fiber_force	/forceset/tibpost_r|tendon_force	/forceset/vasint_r|active_fiber_force	/forceset/vasint_r|fiber_force	/forceset/vasint_r|implicitresidual_normalized_tendon_force	/forceset/vasint_r|passive_fiber_force	/forceset/vasint_r|tendon_force	/forceset/vaslat_r|active_fiber_force	/forceset/vaslat_r|fiber_force	/forceset/vaslat_r|implicitresidual_normalized_tendon_force	/forceset/vaslat_r|passive_fiber_force	/forceset/vaslat_r|tendon_force	/forceset/vasmed_r|active_fiber_force	/forceset/vasmed_r|fiber_force	/forceset/vasmed_r|implicitresidual_normalized_tendon_force	/forceset/vasmed_r|passive_fiber_force	/forceset/vasmed_r|tendon_force
15.23999273999667	101.1629718334858	129.3416742246699	0	28.17870239118407	128.5800157858467	499.4113292782119	556.0040392054906	0	56.59270992727868	551.6390607119836	8.771445537942613	12.99982985148176	0	4.228384313539147	12.58666537702055	7.905004421143296	11.90360783680036	0	3.998603415657067	11.62016988813911	14.09497207193787	17.82585816470242	0	3.730886092764552	17.11625260923714	37.68393867448664	43.78675156508297	0	6.102812890596332	40.55146436138348	16.20896552850864	21.93430011457911	0	5.725334586070471	21.21549257242477	9.156834395136389	36.17907451179746	0	27.02224011666107	35.14194039347661	147.8540083426591	157.775927676609	0	9.921919333949901	153.075281520071	67.47377448324241	74.71161939491897	0	7.237844911676565	73.19206490700007	16.68809521246747	39.01699828695898	0	22.32890307449151	38.23321357281949	27.92305149887059	63.50142143216259	0	35.57836993329199	61.65762726420731	439.1079420884591	556.2232204418048	0	117.1152783533456	547.7500311396833	2147.895258513157	2354.230764973776	0	206.3355064606195	2331.562044783514	15.04783461428855	43.54602582346292	0	28.49819120917438	40.90867823467013	18.78102721187859	55.53463592737995	0	36.75360871550136	51.77661188392315	12.80281636217484	29.23958477114334	0	16.4367684089685	26.75539580159948	74.55694172502005	93.82671007113821	0	19.26976834611815	88.33181568935255	66.02325674885316	82.86064764990762	0	16.83739090105445	78.3798367399542	112.7344416339081	132.5322529275049	0	19.79781129359683	125.4977135878971	25.18929609593616	34.77099538381345	0	9.58169928787729	34.22169794773893	44.94390138734668	59.97180018024816	0	15.02789879290148	59.97180018024817	62.075812466541	80.99288223839429	0	18.91706977185329	80.9822410143159	4.708199451350677	18.15285368727845	0	13.44465423592777	17.9373484232611	539.8816557282968	613.7697228691171	0	73.88806714082035	594.5924080558242	8.178267050336023	21.00301146365364	0	12.82474441331762	20.5497348019656	16.92780779694629	49.72351816976724	0	32.79571037282095	48.25397602420186	154.0709813103518	188.0028115080953	0	33.93183019774347	185.3145107083447	736.1068411444165	876.1421419318825	0	140.035300787466	860.9006660203232	875.7874942910224	1082.233844504876	0	206.4463502138535	1066.878431430778	4.417952643097493	18.3838002808855	0	13.965847637788	18.37885644197245	25.20928010233138	31.40084435916328	0	6.191564256831899	28.30447082186516	8.983264060833426	20.3104162176211	0	11.32715215678767	19.63631384563527	1308.32338698091	1806.579165966796	0	498.2557789858866	1724.711325041684	78.40705109334588	110.3014733776161	0	31.89442228427024	110.1941136785754	1045.808304980904	1066.149396960867	0	20.34109197996286	1041.31604265549	71.80829171243202	180.6536749757893	0	108.8453832633573	177.2020037537485	233.6546826831139	290.5438463934432	0	56.88916371032922	290.0281525560035	746.696266599612	898.9021778017895	0	152.2059112021776	872.3099412450781	399.0329363917177	492.4483605583042	0	93.41542416658645	454.300325151745
15.25585939079666	93.70935231503249	130.4807989057681	0	36.77144659073562	129.7608190259436	448.4267188025514	527.2991985145838	0	78.87247971203253	523.4663284592616	8.551442443622577	12.80745937615629	0	4.256016932533714	12.40094079471484	7.879672356401296	11.7491898305311	0	3.869517474129809	11.46339471476963	12.56847944835826	16.56462196673976	0	3.9961425183815	15.93210567802685	39.17651521085352	45.98566358599886	0	6.809148375145345	42.7931628649431	16.79013798754888	22.86656634301827	0	6.076428355469382	22.12420795312254	53.87674423612529	84.4907957119329	0	30.61405147580762	82.1632501198693	136.2465421083617	151.5730033630878	0	15.32646125472608	147.7756609935405	55.56689163077686	66.3247961719419	0	10.75790454116503	65.15717009721395	12.79126717120596	31.57728673154188	0	18.78601956033592	30.90949139616388	21.65287380206606	49.89295544413918	0	28.24008164207312	48.33784068589686	313.4041200891182	395.6125996307015	0	82.20847954158334	388.9152279761062	1573.656702503939	1705.551975462055	0	131.8952729581161	1686.625578117311	14.49558663874511	39.03315713957007	0	24.53757050082496	36.51812643392987	18.62697480819549	49.15146707869674	0	30.52449227050125	45.59344722751425	12.75408423653409	27.19174122923873	0	14.43765699270464	24.75900583965013	105.8358386127076	122.4523151125899	0	16.61647649988235	114.8446264815686	67.25145829519546	80.95718179209558	0	13.70572349690012	76.24277345200581	101.3789983629931	116.9502895030648	0	15.57129114007166	110.2039709026253	38.03965674603435	47.43899227233803	0	9.399335526303679	46.68336361102758	50.47854362902083	64.34625406059456	0	13.86771043157373	64.34625406059456	54.68838812350744	70.20272778346231	0	15.51433965995487	70.19292738000665	21.80315788213044	36.98080355101186	0	15.17764566888142	36.56090096839355	545.4092979503157	633.1528158034333	0	87.74351785311768	614.1350960059075	24.3456270375994	38.52015746690758	0	14.17453042930818	37.71879319525631	79.99067050169467	113.83413142645	0	33.84346092475536	110.510091261004	123.3079054312754	146.2337463232448	0	22.92584089196945	143.8799129826389	730.2403186731694	888.0248080134262	0	157.7844893402568	872.9785522617137	700.9474428393121	884.7248738910449	0	183.7774310517327	871.6658361390919	17.33161112278466	31.94736011978057	0	14.61574899699591	31.93889486687214	180.4421661483989	187.7683964079675	0	7.326230259568652	170.3451910523807	33.62434570325134	45.58177680982236	0	11.95743110657102	44.10008621476448	970.0542603930485	1253.58461871293	0	283.5303583198821	1185.032390262584	71.54961759975639	102.7125426422802	0	31.16292504252377	102.6119322027601	1044.843351600549	1075.765939674372	0	30.92258807382304	1054.494739103101	51.30740757127506	138.0618181777259	0	86.75441060645083	135.246237024731	182.1560724987924	230.7551113487372	0	48.59903884994476	230.3199773671532	578.61450200268	709.5047081563713	0	130.8902061536912	687.1689861306579	311.3512695406126	392.2888930691811	0	80.93762352856847	360.1039531538205
15.27172604159665	83.26517804913422	128.2014775873516	0	44.93629953821738	127.5266649812391	376.471971705696	477.6941035186696	0	101.2221318129736	474.4089993578941	8.031543665528933	12.29660273099093	0	4.265059065461998	11.90691934085564	7.663706114265151	11.44923140719693	0	3.785525292931784	11.16685094921116	9.540928117000206	13.72749707566849	0	4.186568958668283	13.21917651282102	42.25646611259579	49.56389738052194	0	7.307431267926153	46.25960449175611	17.334080885164	23.86736162801426	0	6.533280742850264	23.11065802679543	136.6690134183911	171.202377883268	0	34.53336446487681	166.6600179372159	85.23602543877138	108.8520091231562	0	23.61598368438477	106.5465503947789	22.62650140784368	38.55244280024767	0	15.92594139240399	37.96192794703119	7.133494344506007	22.10775775823987	0	14.97426341373386	21.60572932579263	13.79963562039974	35.09693374354307	0	21.29729812314333	33.89651753275722	162.9499642819676	218.0013406481445	0	55.05137636617688	213.7940861753603	948.2062632057373	1026.603135620412	0	78.39687241467504	1012.923431772333	13.29762242421102	34.29291287441468	0	20.99529045020366	31.9342886898915	18.08834539861864	43.45264014959499	0	25.36429475097635	40.08442426991446	12.41953775318236	25.14787797613418	0	12.72834022295181	22.78326281440639	166.3635575384201	181.0847825541442	0	14.72122501572416	169.259474343345	68.54238887351505	79.57391041443778	0	11.03152154092272	74.56437069964984	79.92054062649696	91.63653758782748	0	11.71599696133051	85.80951264147187	63.22203000359166	72.57153907300395	0	9.349509069412283	71.41209410154696	61.05424131464638	73.54200488107668	0	12.4877635664303	73.54200488107668	41.88096154637685	53.52676133193204	0	11.6457997855552	53.51860483659628	52.86996988446411	69.66701920207491	0	16.7970493176108	68.90432959102237	573.2782534037257	675.7148309606977	0	102.436577556972	656.111009933728	54.16969766424764	69.40132697381962	0	15.23162930957198	67.99661152099807	197.4581707818419	231.6701540563216	0	34.21198327447964	224.9376369851857	84.23865280887117	96.16755274992381	0	11.92889994105265	94.30203726156813	742.387041082014	916.1994093047552	0	173.8123682227413	900.9994618745843	337.8469904972839	494.4286400907146	0	156.5816495934308	486.7109530464024	41.69785855521738	56.88295477602596	0	15.18509622080858	56.86806598761416	499.1051087588148	507.8121363363965	0	8.707027577581762	464.4639673179997	81.68083875565586	94.44929104700212	0	12.76845229134627	91.45775572800179	504.8222179335699	653.987325467641	0	149.165107534071	608.7348963533843	60.23791953260997	89.9094721202334	0	29.67155258762342	89.82013013287224	842.4583605828916	888.9074768341557	0	46.44911625126413	873.8839187086811	20.63770242908118	85.73247104204299	0	65.09476861296179	83.82509474435352	75.11119240428275	116.1107604405354	0	40.99956803625262	115.8767736717333	236.0084931492208	347.0314725123249	0	111.0229793631041	335.3268525355451	128.0515493362837	197.3695647824056	0	69.31801544612189	180.1205149070689
15.28759269239665	87.01350034520317	138.5218622548942	0	51.508361909691	137.8152690696886	359.9353335896802	479.891637802607	0	119.9563042129267	476.7104578304604	7.810279362364049	12.08220922829026	0	4.271929865926207	11.69956891540752	7.608186505664224	11.36013843770345	0	3.751951932039222	11.07760034486442	8.109023045413782	12.41617583508367	0	4.30715278966989	11.96542510297693	49.00553304721588	56.5817849695447	0	7.576251922328814	52.89172145725665	16.70402362640989	23.10846136986671	0	6.404437743456818	22.38847187522727	165.0900813414864	202.5943613503379	0	37.50428000885152	197.3611994132092	102.3503022914487	136.5866577643579	0	34.23635547290917	134.0457801718537	18.16607230239859	40.54178506531637	0	22.37571276291778	39.98576941006545	5.398470533903109	17.62567087995638	0	12.22720034605327	17.19675343066615	10.72380498822949	27.2315164824281	0	16.50771149419861	26.21118659523599	53.90480125623713	90.70442760911375	0	36.79962635287664	88.7029380451601	321.8244021446571	368.5556786663979	0	46.73127652174079	362.6515398315743	13.11501441471257	31.40307821974213	0	18.28806380502956	29.10141933818159	18.40214891674541	40.09727631292378	0	21.69512739617837	36.7839862795912	12.51892007098745	24.01039844074177	0	11.49147836975433	21.64743826950395	206.0200733820835	219.4022605097838	0	13.38218712770034	204.4713887709866	56.33945074808491	65.32123087206237	0	8.981780123977472	60.86670646393034	56.24653532567587	65.0282829885284	0	8.781747662852544	60.42135108152093	79.34420675654522	88.67620378867551	0	9.331997032130291	87.25867359317374	67.60482796363398	78.65178812091395	0	11.04696015727997	78.65178812091395	37.9312399266125	46.1294993959812	0	8.198259469368699	46.12162347046903	65.52188488236793	83.42131818115843	0	17.89943329879049	82.52940805262428	638.7914591330657	755.4763096897977	0	116.6848505567321	734.181885300836	56.81138517722704	71.94096828940586	0	15.12958311217881	70.49040385015901	212.0956925818319	244.6920663195339	0	32.59637373770202	237.4971656523107	61.91532614828906	66.60337851687892	0	4.688052368589869	64.9348500209038	803.8781757993071	990.6712589081994	0	186.7930831088923	974.4902634694267	104.7599756407412	242.8970238653067	0	138.1370482245655	238.9137194233626	53.76625913032195	69.32705364776403	0	15.56079451744208	69.30905668554716	550.2987471686999	558.7019061303987	0	8.40315896169875	513.9927031017758	90.53007339397359	103.7809201498845	0	13.25084675591092	100.5583306863751	135.00518433206	217.0158165663763	0	82.01063223431629	198.0032090650537	68.14191963007141	96.45210750188038	0	28.31018787180897	96.3548278706408	580.6572150447709	647.2055917004128	0	66.54837665564204	637.5416993352179	22.17916091636558	72.74532741757355	0	50.56616650120797	70.98680964255594	22.23539806733362	58.96223503588384	0	36.72683696855022	58.83675744867077	66.80715959243696	166.9928926186054	0	100.1857330261684	161.0317722543708	36.29086777261144	98.92261159072694	0	62.63174381811551	89.81624634190057
15.30345934319664	105.4214653902776	162.0109001406385	0	56.58943475036097	161.2017483526353	409.0356464432818	543.792375901592	0	134.7567294583102	540.2751274205493	7.877991325704918	12.17573321933189	0	4.297741893626976	11.79066331017085	7.681558783277596	11.43182938319766	0	3.750270599920062	11.14648287564314	8.202427949340908	12.62644153933446	0	4.424013589993557	12.17438658906488	60.11140884396402	67.87435176819636	0	7.762942924232345	63.50116390499952	15.39291943786969	21.06797849309142	0	5.675059055221728	20.40204185736347	149.5793425628422	187.5552629926714	0	37.97592042982927	182.7374452583454	173.8935006968521	218.8292413295925	0	44.93574063274045	215.1061984949666	37.28878356215465	66.72373399143834	0	29.4349504292837	65.88278048782671	7.41650034048546	18.33380300352788	0	10.91730266304242	17.86691582357349	12.13250388470256	26.17793431891129	0	14.04543043420874	25.12674309665467	53.27785371100073	77.66737634479549	0	24.38952263379475	75.68597865890553	155.4039892974343	184.3209293298849	0	28.91694003245056	180.7877176916998	13.51914433282785	29.9873509606888	0	16.46820662786095	27.67137056664618	18.98197676131233	38.35866955212801	0	19.37669279081568	35.02512331488342	12.81798332807135	23.55057721218981	0	10.73259388411846	21.15181682567653	221.144205763643	233.4538413207081	0	12.30963555706506	216.9979798233505	28.12423359562735	35.66619851176508	0	7.541964916137735	33.04932401851826	26.20277282859952	33.09104853544192	0	6.8882757068424	30.49606626273323	86.22543634730181	95.45803105603899	0	9.23259470873718	93.92784580668945	70.06734842443636	79.84782709613786	0	9.7804786717015	79.84782709613786	41.39946896994672	47.2290121905716	0	5.829543220624874	47.21992988486973	64.08099169341993	82.29757577395237	0	18.21658408053244	81.42422068266229	749.8171707731525	878.3966036956782	0	128.5794329225257	854.1574332446598	40.0403988130879	53.74307983122904	0	13.70268101814114	52.62842994786339	147.3417330370315	176.2328295897321	0	28.89109655270052	170.8576443154892	46.31220903551388	47.80492143228166	0	1.49271239676778	46.22557699652959	925.1385195895019	1121.296680666362	0	196.1581610768603	1103.173636963026	47.98052814908396	186.1968145602193	0	138.2162864111354	183.1258841133963	55.18159632279097	70.82093600650296	0	15.63933968371198	70.80259062228451	345.4820403476883	352.0958536187983	0	6.613813271109994	323.7731442817935	64.21395046225012	77.23719190664258	0	13.02324144439245	74.83731514363967	69.15629107089241	121.3091712976504	0	52.15288022675803	108.1558375743262	95.78478309722486	123.725241142801	0	27.94045804557616	123.5998206941312	285.762746099101	375.5089991449966	0	89.74625304589563	370.4181895128108	60.63003409948745	104.5170781102059	0	43.88704401071846	101.8491814182387	25.32444105263066	62.24513003836884	0	36.92068898573818	62.1110338629671	75.90499671384346	177.0919607752107	0	101.1869640613673	170.6894109827208	40.85073887927446	103.6877008231256	0	62.83696194385111	94.03055672643094
15.31932599399663	132.0119360323379	192.481595082574	0	60.46965905023604	191.5344073514279	472.2376184281295	618.2507478401667	0	146.0131294120373	614.3186805991681	7.916018072556601	12.26119722890444	0	4.345179156347842	11.87479421443672	7.748801080901388	11.53668986885376	0	3.787888787952376	11.24896666472243	11.20120313213478	15.72198267745729	0	4.520779545322513	15.16573092355089	79.12053688125353	87.02005966657028	0	7.899522785316744	81.46211056341562	14.23223677971769	18.89782485742901	0	4.665588077711324	18.26980989867121	142.9578350795066	178.7162728769763	0	35.75843779746977	174.0495354861513	184.5631537721399	235.1909365797842	0	50.62778280764425	231.3439781401226	36.42938061012032	71.46376231935577	0	35.03438170923546	70.6086701363013	8.604322902605368	19.9582859752099	0	11.35396307260453	19.45115598838051	13.91705863743677	27.95994685107018	0	14.04288821363342	26.81427420920107	53.56342902920847	71.70724611195489	0	18.14381708274642	69.64653274412171	171.6689249729544	192.7011004194582	0	21.03217544650385	188.4543742807205	14.17410753044588	29.74617978212907	0	15.5720722516832	27.36731484630915	19.89721636286912	38.23288436731418	0	18.33566800444506	34.80260880128003	13.28905034806308	23.78935802523824	0	10.50030767717516	21.32136885868992	183.4186241827657	194.9764690846386	0	11.5578449018729	180.810090328486	13.06633231712708	19.84482623342258	0	6.778493916295504	18.30280675322136	11.18773878583364	17.22389500660702	0	6.036156220773377	15.76347212530421	87.81381400401028	96.81873283683838	0	9.004918832828087	95.25439547512968	73.94491709586248	82.79760801044596	0	8.852690914583475	82.79760801044596	46.04302840406262	50.62983816027124	0	4.586809756208621	50.61906973694793	67.09088861100508	84.8737405162548	0	17.78285190524972	83.96680849712354	817.3058986382715	953.4554657515754	0	136.1495671133038	927.4735122710366	28.69480952735121	39.98523321097156	0	11.29042368362034	39.10537242269425	147.9446492075447	171.7189570755405	0	23.77430786799582	166.1532314250983	45.03317569431525	46.04833627447777	0	1.015160580162523	44.12740557479002	1041.945434512689	1243.625749701335	0	201.6803151886462	1223.646148019781	34.21275764675115	191.6047882617355	0	157.3920306149843	188.582253902356	58.71962612692562	74.13893358693915	0	15.41930746001353	74.11965354719717	208.0796170211059	212.2459651009718	0	4.166348079865895	193.6807926863281	50.93737122931651	63.06685976505225	0	12.12948853573574	61.06171400465163	62.80932123070686	107.0422509877913	0	44.23292975708443	93.71682169487967	109.688801326656	138.2685326555716	0	28.57973132891561	138.1292321853124	199.6520667156645	310.1861464687296	0	110.5340797530651	306.2427791877234	74.74021340354267	120.5206210515547	0	45.78040764801199	117.4491751438492	27.7055982406201	68.79385616106028	0	41.08825792044017	68.65077322687331	83.40813634387871	195.9554542033684	0	112.5473178594897	189.1252761567492	44.4820827214397	113.73136748261	0	69.24928476117026	103.4880925943893
15.33519264479662	166.6806197056359	229.2577463306877	0	62.57712662505182	228.1382754064491	546.4460501656907	698.1080410613092	0	151.6619908956185	693.7035066970882	7.914758961286748	12.31093814784251	0	4.396179186555761	11.92481462502685	7.777638375392831	11.61563381321123	0	3.837995437818396	11.32713278475191	16.96890021815191	21.55035434376559	0	4.581454125613678	20.79436315464005	106.1381976512211	114.1371642802034	0	7.998966628982265	106.8908169414357	12.98426456317701	16.39661276164258	0	3.412348198465569	15.80504903470348	146.1429156776446	177.5851637606618	0	31.44224808301722	172.7731480739319	159.9435789987143	209.8970001377105	0	49.95342113899615	206.4575354681396	22.08891753979636	60.80486243995933	0	38.71594490016297	60.09804219177563	8.031477668550817	21.53314238127054	0	13.50166471271972	21.01434783919738	14.94668925423412	30.72633674100483	0	15.77964748677072	29.50611909534838	36.3376211957582	50.0204372000379	0	13.68281600427969	48.41374460691002	224.8956766585378	241.1347972168386	0	16.2391205583008	235.2382281175325	14.91302083113339	30.4303109909818	0	15.51729015984841	27.96761277520178	20.86178162938383	39.22474255847727	0	18.36296092909344	35.67257867657844	13.76072151886097	24.46054040880165	0	10.69981888994069	21.92174880600195	80.38899241219669	91.60448908084393	0	11.21549666864725	84.81832394709473	11.99588214378407	18.67437407491171	0	6.678491931127639	17.18192947700013	12.18849861826184	18.28193926856967	0	6.093440650307826	16.67643235644582	84.6340350454167	93.36129397982259	0	8.727258934405896	91.83646862399881	79.77781085414885	88.20474322759006	0	8.426932373441208	88.20474322759006	51.6681328978061	56.01802085406365	0	4.349887956257556	56.00545891384644	74.92226029070639	91.62332897839168	0	16.70106868768529	90.62438856840522	837.2954186181746	974.9272757220108	0	137.6318571038361	948.4293941475908	22.56513646874835	30.9240277728575	0	8.358891304109154	30.17646814996348	202.3001978237384	220.0294461977051	0	17.72924837396663	212.2121643226187	61.74249930131431	63.9379114021489	0	2.195412100834587	60.96509431436485	1151.659980206062	1354.486460625727	0	202.8264804196646	1332.754522580342	34.05020704677087	231.8353013329153	0	197.7850942861444	228.463276867432	64.8132276297483	79.74243216698406	0	14.92920453723576	79.72149537568545	144.7842155344787	146.0651996278177	0	1.280984093339019	131.0825485283822	50.11864540385446	60.85685657550037	0	10.73821117164591	58.83738500704382	71.99138085297545	115.467442089677	0	43.47606123670153	100.2108010790282	107.0709528169586	137.2388102969178	0	30.16785747995916	137.1027231718354	309.5544786164078	437.5309693290988	0	127.976490712691	432.2040059790252	46.69075670690693	102.891539609236	0	56.20078290232907	100.4266439176909	29.33212710214625	78.48177227707053	0	49.14964517492429	78.32958753899879	88.51413019264164	222.4775208568816	0	133.96339066424	215.2682173947012	46.81387308808358	128.4200063191133	0	81.60613323102976	117.6004895764871
15.35105929559662	205.1854187393434	267.0311339095218	0	61.84571517017849	265.7245848874767	618.127555146879	767.0560616432215	0	148.9285064963425	762.2001544535877	7.856923772988512	12.24886144832087	0	4.391937675332359	11.86583314973489	7.749486977057084	11.60585533846371	0	3.856368361406629	11.31878663107463	39.51666670345561	44.02532912544027	0	4.508662421984657	42.48277917913786	144.8300736638099	152.7762812532425	0	7.946207589432605	143.087671002854	11.6269868027614	13.64448353924413	0	2.017496736482729	13.08979041630609	137.0903194917309	162.7988841129039	0	25.708564621173	158.1173045425413	144.8578326595433	189.8724827854724	0	45.01465012592903	186.6682940465668	15.06271271002747	55.69593283772985	0	40.63322012770238	55.05754164205099	7.58439971705403	24.87139397283582	0	17.28699425578179	24.32024175694166	15.48628689521911	34.23834920731838	0	18.75206231209927	32.9612923794477	23.63013586196315	34.04405133805061	0	10.41391547608746	32.82479955798859	230.3377227038224	243.0714879667968	0	12.73376526297442	236.5194567197819	15.77078764196019	32.09406241103304	0	16.32327476907284	29.53198153280903	21.9236876560844	41.34969049961044	0	19.42600284352604	37.65772409116004	14.09704991693422	25.27801459887248	0	11.18096468193826	22.69145908564507	20.91087154555036	32.55934115481642	0	11.64846960926607	30.14895453806253	12.00099843276735	19.36969550184297	0	7.368697069075617	17.84290528289257	13.40996135699351	20.49591399450945	0	7.085952637515937	18.7379743296273	72.49655276819942	81.11928275097381	0	8.622729982774384	79.78506859438062	79.40860847256941	88.13908822418296	0	8.730479751613535	88.13908822418296	62.45814552861827	67.59294893980986	0	5.134803411191582	67.57815056207576	79.67926197037724	94.71454789325256	0	15.03528592287532	93.64569881081989	841.5322420332826	974.572792005	0	133.0405499717175	947.8998358065269	30.10809977767411	36.03184531699586	0	5.923745539321744	35.05129356227664	216.3604586214215	228.8313816454354	0	12.47092302401386	219.6773343875545	107.8219445155772	112.3537517717777	0	4.531807256200445	107.5380417729503	1231.774426946334	1431.57405076222	0	199.7996238158856	1408.535374642477	73.61742901271761	341.9248760408943	0	268.3074470281767	337.4518619164307	66.30925480059283	80.50818725095408	0	14.19893245036126	80.48672464002074	79.53773948674434	78.00491953299506	0	-1.53281995374928	67.73227238707238	38.67639982728662	47.67948132734948	0	9.003081500062862	45.99330423703876	79.60290393147733	127.0415790521944	0	47.43867512071705	110.3080923073567	106.6718472993015	139.753379050538	0	33.08153175123649	139.6185023604841	323.0636773317706	463.8532904391323	0	140.7896131073616	458.3614680301536	30.10385319503984	106.0610282524059	0	75.9571750573661	103.7598078007847	30.07273120180665	91.92281130939676	0	61.85008010759012	91.76037169659615	91.04597400194486	257.7372708356339	0	166.691296833689	250.1467909435251	47.8480212150795	148.5794308245177	0	100.7314096094382	137.1174343044052
15.36692594639661	247.4128640019928	304.5166340720947	0	57.10377007010192	303.0017069077244	692.4332232604537	827.9267817519767	0	135.493558491523	822.5848762854462	7.743153476323291	12.03200718752374	0	4.288853711200449	11.65427255388722	7.657534684094838	11.46290445627345	0	3.805369772178613	11.17921313195884	75.54961869187022	79.79864524136237	0	4.249026549492142	76.96514345054999	192.8645963190912	200.4868528366365	0	7.622256517545284	187.6380788253803	10.19262146910531	10.87953465195057	0	0.6869131828452586	10.35950231085932	116.2554467061425	135.8708168474251	0	19.61537014128257	131.6286938463739	146.0250499165311	185.4246206603569	0	39.39957074382578	182.1674618054386	15.38869372303695	56.70624574214631	0	41.31755201910936	56.05936566790598	7.368470893230683	29.43682192846534	0	22.06835103523466	28.836281147913	15.42941084604021	37.52074998231265	0	22.09133913627244	36.20957388938847	14.74040748465093	22.00509374138504	0	7.264686256734111	21.11571624376677	167.9814992445251	174.8741551046629	0	6.89265586013781	169.2823158514337	16.55333100909202	34.46056324924853	0	17.9072322401565	31.80901060004423	22.84130045465305	44.21245640136119	0	21.37115594670814	40.3971078275131	14.18919363873322	25.88165029906968	0	11.69245666033647	23.28436121931973	18.90565670207845	32.01772199068376	0	13.11206528860532	29.72457451488571	13.16187348657867	22.05181743313855	0	8.889943946559882	20.41585908400683	14.86025610275646	23.84377963910872	0	8.983523536352257	21.95891385522992	47.56804440486194	56.53023042840983	0	8.962186023547892	55.60865916413696	67.14661796547954	77.09788387896126	0	9.95126591348172	77.09788387896126	76.43422961304599	83.4898991068647	0	7.055669493818709	83.47344638255839	81.5860666832892	94.53674749977235	0	12.95068081648314	93.4149934958954	843.1777322306084	967.8873356602485	0	124.7096034296401	941.0329583531878	51.56173126932197	56.07396189676744	0	4.512230627445477	54.36983099793095	192.4417164212948	201.4706480976575	0	9.028931676362717	192.3727365871563	190.7496817886187	198.579767799745	0	7.830086011126351	191.8932730370479	1282.450987787254	1475.835061456009	0	193.384073668755	1451.922201565757	133.5807888317501	511.4583063820183	0	377.8775175502681	505.487449040052	62.78504713109241	76.10059822894132	0	13.31555109784891	76.07990198169055	21.76994896650954	18.20528131108445	0	-3.564667655425087	14.77009881473691	18.35167741024957	25.48621885251098	0	7.134541442261408	24.5039796953833	81.83294057032489	133.2255076048631	0	51.39256703453813	116.3453212522053	109.0966430444274	147.1049519016811	0	38.00830885725374	146.9686507951755	245.9515608343506	394.1170146270462	0	148.1654537926955	389.5188100533796	28.87212764425214	132.0969815342896	0	103.2248538900375	129.502229269391	29.56489999794587	108.7773466174057	0	79.21244661945987	108.6032272900004	89.93643392642616	299.5682604342042	0	209.631826507778	291.5834400865163	47.0748967987589	173.2386471101378	0	126.163750311379	161.0647908867769
15.3827925971966	281.6362754573544	330.6049791295626	0	48.96870367220816	328.9052409035206	750.1530609925629	864.2988112615317	0	114.1457502689687	858.5222438814155	7.649558658868268	11.73915623869835	0	4.089597579830079	11.3655035464716	7.54058157479625	11.23121532150513	0	3.690633746708885	10.95101661930338	108.5452147240328	112.370624924032	0	3.825410199999205	108.2529868753247	222.9019934655864	229.8952344188819	0	6.99324095329548	214.7625447620619	8.570607275953185	8.206519838993509	0	-0.3640874369596756	7.724771116136838	105.8102352888128	119.9836910979238	0	14.17345580911098	115.8346363816644	143.2474983964118	178.8747981803807	0	35.62729978396894	175.6310148695982	15.51113600280952	57.33113561656494	0	41.81999961375541	56.67935200205463	6.957065969787849	33.33919674027412	0	26.38213077048626	32.69822730760413	14.93706878029978	39.65104689820849	0	24.71397811790871	38.32759348059106	16.8525449205169	21.17207391647315	0	4.319528995956253	20.17223478285547	126.5537049640341	128.2169728645867	0	1.663267900552577	123.0604140372099	17.02857640314595	37.09282114422632	0	20.06424474108037	34.38221493715821	23.36812376411005	47.2721779630274	0	23.90405419891735	43.37372101683606	14.02847103223143	26.02607448143203	0	11.9976034492006	23.45262598739139	19.17495800611092	34.94857512299548	0	15.77361711688456	32.6089874089437	14.03278725053413	25.30634891053637	0	11.27356166000224	23.60214624346812	15.88317174758114	27.66031784671382	0	11.77714609913268	25.71964809691418	26.61794615530366	36.53281119779056	0	9.914865042486912	35.95578645324533	51.84544994449046	64.06335760613554	0	12.21790766164508	64.06335760613554	79.40864709216579	89.93178225772195	0	10.52313516555615	89.91665041397465	85.46571995980057	96.17405409032229	0	10.70833413052172	94.95541403916458	838.2818803747533	954.1009075592025	0	115.8190271844491	927.2045306115371	57.94301765779984	61.9628089681081	0	4.019791310308263	59.93930482345969	218.9376517182532	226.4643556313616	0	7.526703913108429	215.2226668262373	252.3720558519936	264.8996820191163	0	12.52762616712265	258.3252506644338	1307.425799514348	1492.595324479973	0	185.1695249656243	1468.188829077371	184.0508703024626	719.8606230228656	0	535.8097527204031	712.3298690506864	62.00491098538805	74.39115319613398	0	12.38624221074594	74.37045370665865	3.788204337525256	-0.3369654620974645	0	-4.125169799622721	-0.2350017912179568	13.70758767357935	19.13196553346943	0	5.424377859890089	18.3128886556023	81.31022782621287	135.1343632498289	0	53.82413542361604	118.5788362837528	98.92451894414715	144.4652828267634	0	45.54076388261628	144.3382915646072	202.6157768897596	355.4480513877047	0	152.8322744979451	351.3376928981079	26.34955037975302	156.3817431190888	0	130.0321927393358	153.5245155734782	28.40772359590306	129.6792798378003	0	101.2715562418973	129.4902627910695	86.92138091867318	348.647219246635	0	261.7258383279619	340.1721833878974	45.44459280259692	202.9736846875176	0	157.5290918849207	189.9097945957334
15.3986592479966	306.3686456747236	345.5106533335954	0	39.14200765887174	343.6452751035753	779.4835860641265	868.9715111771907	0	89.48792511306414	862.8598656411524	7.626055057938967	11.46465248965195	0	3.838597431712979	11.09155791836095	7.47612380613994	11.0468281481301	0	3.570704341990161	10.76772548495645	139.7554889249793	143.0508948145261	0	3.295405889546771	137.5460517210934	233.9755645194826	240.056631160384	0	6.081066640901416	223.5149974091926	6.665088899581361	5.676883492334865	0	-0.9882054072464976	5.252727087155087	106.6424159215848	116.5026938660483	0	9.860277944463517	111.9691970699387	127.0300937253667	160.5605489250455	0	33.53045519967878	157.5902069208874	15.13934181210775	57.04410255314239	0	41.90476074103464	56.39604006309631	6.618065200167948	35.77676247106531	0	29.15869727089736	35.11120500571388	14.45786905434431	40.7433478340151	0	26.28547877967079	39.41780445497227	27.545189949219	29.66614499628045	0	2.120955047061452	27.97742831649205	100.3940256234719	98.45795607981891	0	-1.936069543652965	93.1667747075464	17.22781756437996	39.79970575086295	0	22.57188818648299	37.04815241395042	23.62197285283588	50.43169435026712	0	26.80972149743124	46.46680121065711	13.82214167566282	25.90490281712071	0	12.08276114145789	23.36034291823713	20.30277020241442	40.18641160329678	0	19.88364140088236	37.73268430782338	14.62169656704037	29.24856841660026	0	14.62687184955989	27.4859291485051	16.43451927303197	31.95637627465735	0	15.52185700162539	29.97961896702589	12.74965064457493	24.2734213107028	0	11.52377066612786	23.90901933837686	36.20752175348186	51.72283188711406	0	15.51531013363219	51.72283188711406	68.23089549952449	84.33758749944998	0	16.10669199992549	84.3255326454574	91.67311432683202	100.2367285953135	0	8.563614268481452	98.86154574246207	812.6501418442418	920.3337896835519	0	107.6836478393101	893.9758317336624	38.39704114102266	42.32332294023556	0	3.926281799212892	40.89774851086411	300.9048266729917	308.1016338143374	0	7.196807141345772	292.0105832633862	276.0834625325517	296.1272999979975	0	20.04383746544581	290.5189125066714	1298.427237582235	1474.053297866432	0	175.6260602841977	1449.678805695165	217.9186607985303	963.3970513541814	0	745.478390555651	954.2639820782906	64.64453468275445	76.10683322120545	0	11.46229853845099	76.08512375378849	2.08475678131679	-0.8917292535721093	0	-2.9764860348889	-0.4271425930800622	22.2955967237237	26.3520656672998	0	4.056468943576101	25.08386739670155	80.86539819630808	136.5700696422149	0	55.70467144590679	120.2398303026828	75.62457541369632	131.1313324320472	0	55.5067570183509	131.0224017743499	204.1387131642437	358.3979972742031	0	154.2592841099594	354.2653211563406	24.27682476110542	172.664581824263	0	148.3877570631576	169.6351466943891	26.50047108542257	154.132685414926	0	127.6322143295035	153.9262822521934	81.6949543770196	402.2145982056024	0	320.5196438285828	393.199052478905	42.71299572890909	236.6355374332815	0	193.9225417043724	222.5656563298925
15.41452589879659	279.1787313910224	307.8038834429443	0	28.62515205192191	306.0227811357088	696.4362235206499	760.2153400939276	0	63.77911657327761	754.467400006407	7.838172031537932	11.42937653809385	0	3.591204506555917	11.04702135218791	7.556105703030444	11.0801632373515	0	3.524057534321051	10.79705334293036	131.7107845492597	134.4049798637508	0	2.694195314491071	128.8714544536957	202.975983915268	207.8774241320578	0	4.901440216789806	192.5052349791296	4.840205180172749	3.727621969899394	0	-1.112583210273355	3.367779433449379	107.5746577325555	114.2294085418625	0	6.654750809307061	109.1634736657559	131.768650727655	164.1764426429297	0	32.40779191527466	161.105020342316	13.78316383930502	54.92065014251629	0	41.13748630321128	54.29367888385909	6.256377740214739	36.40184574733147	0	30.14546800711673	35.73231844890292	14.10132375483764	41.08849090948284	0	26.98716715464521	39.76645744419666	37.3530461530516	38.12576675708632	0	0.7727206040347157	35.46269772648859	72.90528140235597	69.00992354364777	0	-3.895357858708194	63.78658217080787	17.60846129422838	43.30269248138058	0	25.6942311871522	40.47574452366887	24.28481436174049	54.8833192912116	0	30.5985049294711	50.78218846770753	14.06967807116737	26.38474247080494	0	12.31506439963757	23.80505574222168	21.21454963211866	47.4107340462389	0	26.19618441412023	44.81461570517504	15.15356232939424	34.69707173222712	0	19.54350940283288	32.83560779125504	16.97703198417201	37.80198223845461	0	20.8249502542826	35.73216579148829	7.164685017766296	20.99705737536048	0	13.83237235759418	20.70113022856942	22.39613967892182	42.40379272755092	0	20.0076530486291	42.40379272755092	47.79334093346825	72.65827497856876	0	24.86493404510051	72.64933386484972	88.32083180902234	94.95627565600489	0	6.635443846982566	93.52666839533119	722.8989717648155	821.6445614008701	0	98.74558963605455	797.6699884148211	25.10138428023645	29.03667195983078	0	3.93528767959433	28.05055786722189	323.7582969567896	331.1320189524729	0	7.373721995683383	313.6219409726319	226.5734629343013	259.4708684728259	0	32.89740553852462	255.5126910433284	1166.559753625829	1329.766121935872	0	163.2063683100429	1307.434610778124	164.9717484637262	1138.149940064209	0	973.1781916004827	1128.15021076221	66.39246232259269	76.93175653876199	0	10.5392942161693	76.90921089354113	1.983111081583296	1.327348810484896	0	-0.6557622710984004	0.1911673117161365	38.27956369267255	41.36056109609682	0	3.080997403424274	39.11710966846814	82.16656162793082	140.6180523499664	0	58.45149072203557	124.1863738249201	56.00000472243413	123.0341750176231	0	67.03417029518893	122.937224231459	182.8807742707542	334.317913643634	0	151.4371393728798	330.4444674129884	22.69314141131106	177.7273993865219	0	155.0342579752108	174.6517742735843	24.49259323693385	180.0547733306033	0	155.5621800936694	179.8298425877242	76.21873103526065	454.8550365744154	0	378.6363055391547	445.292514077547	39.85708193157031	271.0713511086331	0	231.2142691770628	255.9598649991026
15.43039254959658	209.7787566349689	229.1484178698469	0	19.36966123487799	227.6986318006796	527.2415767853827	568.6942697179713	0	41.45269293258862	563.9655499207252	8.44255650252736	11.93286588263562	0	3.490309380108262	11.52452536358249	7.856978334805594	11.52419686813215	0	3.667218533326558	11.23028125993053	87.70516586641639	89.94644339748142	0	2.241277531065031	85.94811712762431	139.9178599716851	143.6860492189966	0	3.768189247311488	132.0274033439306	3.617687441315617	2.873154484208804	0	-0.7445329571068126	2.52510030037829	109.8532344825699	114.2732632817148	0	4.420028799144913	108.438852435233	163.4089646848244	194.912605277108	0	31.50364059228358	191.2336844785124	11.61084043163735	50.98968528104358	0	39.37884484940623	50.4006634462509	5.911904576497658	35.90130867161438	0	29.98940409511672	35.24037336423117	13.86251521757183	41.16030221512181	0	27.29778699754998	39.84201365611883	45.46799548455184	45.58518060042744	0	0.1171851158756083	41.66731760325643	43.69904706784894	39.09700971769166	0	-4.60203735015728	34.73524156568032	17.95763019511719	47.71741490707961	0	29.75978471196241	44.79415807943038	25.12981636626505	61.23220523152053	0	36.10238886525548	56.93138451727179	14.97515419128149	28.36428985366907	0	13.38913566238759	25.65571021859746	21.11659847468595	55.33159071241325	0	34.2149922377273	52.60572409610117	15.12868742109338	41.15487839123388	0	26.0261909701405	39.17961882141581	17.05263074932046	44.91578087248243	0	27.86315012316197	42.72306503162092	9.424070917684324	25.5587145709359	0	16.13464365325158	25.217828094572	10.80397523414382	35.75741778884948	0	24.95344255470567	35.75741778884948	20.48317506448934	57.21425510481308	0	36.73108004032374	57.2080417304588	76.0369766075424	81.09445137518544	0	5.057474767643049	79.74074114500941	571.8745238003509	658.1357885446024	0	86.26126474425158	638.3627493734161	23.09493491549709	27.1031168554627	0	4.00818193996561	26.18465730408981	264.3998338363821	272.2307032447595	0	7.830869408377311	258.0070596834485	94.3232791966698	147.1736163519575	0	52.8503371552877	145.2922415317254	900.6982277523238	1047.002682413071	0	146.3044546607469	1029.005868313537	69.45226444775507	1236.584810165634	0	1167.132545717879	1226.252630248847	66.69263783636083	76.26391418499091	0	9.571276348630068	76.24085762688851	2.393235262937757	3.564351639507048	0	1.171116376569292	-0.6558346510323979	63.32787634142119	65.83422675576496	0	2.50635041434377	61.85036382340634	84.71861919751119	147.5548163730504	0	62.8361971755392	130.8521169884125	41.76611730812354	117.6833933074948	0	75.91727599937127	117.5938132011567	133.6795644729246	277.9483949309936	0	144.268830458069	274.6855050067643	21.7359214707656	175.459319489721	0	153.7233980189554	172.4174248272266	22.70230459554911	206.6931290624927	0	183.9908244669436	206.449167086907	71.77587583684004	505.4253753265371	0	433.649499489697	495.319906636543	37.34437659972225	305.3606310231773	0	268.0162544234551	289.2034254342219
15.44625920039657	138.591386534061	151.3032867979938	0	12.71190026393281	150.2456187431989	360.8659517645789	386.3997263683867	0	25.53377460380783	382.8107293172508	8.575756019929957	12.17530201861688	0	3.599545998686924	11.75670511190314	8.273732106847337	12.33278294716998	0	4.059050840322642	12.02627850832917	49.18441013891596	51.20873020788754	0	2.024320068971584	48.77625881691285	82.3148556127142	85.20041590040441	0	2.885560287690217	77.54065331747812	9.074207253981081	9.043361083076977	0	-0.03084617090410469	7.784240318772244	122.5779910509586	125.5936631494667	0	3.015672098508106	118.2114308858766	159.984827546678	190.4071342606007	0	30.42230671392269	186.7740146334392	9.511159283285727	46.39726230652853	0	36.8861030232428	45.85151254299018	5.877385679215431	35.26846637132994	0	29.39108069211451	34.61535351608084	13.85628434721764	41.40759534349424	0	27.55131099627661	40.08573486670038	56.59334661787418	56.51226815401321	0	-0.08107846386096029	50.62241640964061	19.1210539416515	14.65509491039819	0	-4.465959031253308	12.16660666603826	18.13333941999557	53.08083117064237	0	34.9474917506468	50.04366913085358	25.83485548844349	69.96760784041551	0	44.13275235197202	65.40537202532504	16.16556566523064	32.015712722379	0	15.85014705714836	29.13281889688841	193.9934523259714	235.990156680568	0	41.99670435459658	225.2463814409747	14.72094478299361	47.88921830297745	0	33.16827351998383	45.78819463080615	16.61535734729289	52.67154415693993	0	36.05618680964704	50.3353350131145	39.33442683789572	56.57755296850852	0	17.2431261306128	55.84242735378033	19.03731884307891	47.40793832522998	0	28.37061948215107	47.40793832522998	7.8515198541175	55.81971347034251	0	47.96819361622501	55.81412327466602	68.55422265295594	72.44584147016295	0	3.891618817206996	71.10172625429733	456.316015383253	526.6394768972323	0	70.32346151397932	510.0905655682669	30.552591130438	34.70478090468264	0	4.152189774244639	33.54090520123584	220.0126249579785	228.4751756429543	0	8.462550684975882	216.8631510373737	23.7497975983568	101.8645085106955	0	78.11471091233867	100.7219204247899	663.2891284364163	789.0422497179326	0	125.7531212815163	775.0290043823163	23.23676589667917	1288.094681386164	0	1264.857915489485	1277.566461186784	72.52513403882504	81.07950934765081	0	8.554375308825778	81.05407961435749	2.691627488462883	4.116677731113519	0	1.425050242650637	-1.571095980581791	114.0449396129916	116.338080242554	0	2.293140629562414	108.6901020458537	87.02078898894146	155.6942245147086	0	68.67343552576716	138.8226974433267	38.26379113893526	114.3778711068522	0	76.11407996791689	114.2909631612652	129.3939463282036	263.3861031737102	0	133.9921568455066	260.2301733821216	21.61730299634277	170.9238989968326	0	149.3065960004898	167.9364380002555	21.03194642397432	232.498348414758	0	211.4664019907837	232.2362221208578	68.52322710906481	560.7514050993079	0	492.2281779902431	550.034274938857	35.13575306394665	338.0040425232051	0	302.8682894592584	320.855955059301
15.46212585119657	68.36697978548196	76.48727526166182	0	8.120295476179868	75.8919065856756	209.7148409459446	224.662977538516	0	14.94813659257135	222.2994505410702	8.037842233914997	11.91099151520685	0	3.87314928129185	11.50825572650275	8.673308924416286	13.35552267901612	0	4.682213754599834	13.0399366134067	19.61361603939989	21.55744896721431	0	1.943832927814414	20.48414386034641	32.61223798105524	34.80244167348663	0	2.190203692431382	31.32083313039801	22.43386127095597	23.28088649948618	0	0.8470252285302076	20.00285550101097	148.6531153888266	150.9080391608211	0	2.254923771994432	140.840216206699	114.8490909457072	144.1744754468768	0	29.32538450116963	141.3910280254987	7.4054780624028	41.81406688557834	0	34.40858882317554	41.31247281303061	6.075066340176258	34.80946338129574	0	28.73439704111948	34.16040108468719	13.97471722706174	41.74959429472238	0	27.77487706766065	40.42062522823581	68.19294556622197	68.16019380005596	0	-0.03275176616601039	59.77259593873207	8.043784003840393	4.287986981721466	0	-3.755797022118927	3.16642142523086	18.2441190174615	60.04356479586544	0	41.79944577840394	56.85064651321037	26.29057744797948	82.13770105603093	0	55.84712360805145	77.21713195906892	17.18590084925994	37.21751721576488	0	20.03161636650493	34.15520940956982	498.0157003973545	546.6111690908041	0	48.59546869344963	523.0135173872308	14.51687669543048	55.45445938968594	0	40.93758269425545	53.19143833131387	16.30443770922856	62.37227691080651	0	46.06783920157795	59.82849543981249	89.14636639131889	106.0866973436392	0	16.94033095232027	104.7048582987176	42.63206300629138	72.35632922140712	0	29.72426621511574	72.35632922140712	7.371039696166143	64.15035505156409	0	56.77931535539795	64.14423527072138	68.09199228710931	71.19462546008405	0	3.10263317297475	69.73620583933666	401.1458761420459	454.7785658032728	0	53.63268966122693	439.5904393905694	46.98863989552621	51.31531354138794	0	4.326673645861737	49.62217892155645	210.035457224042	219.1256293008861	0	9.090172076844089	208.3506791098388	19.42080093228446	130.5874117321752	0	111.1666107998908	129.2709264949559	503.0925586623104	607.1139752800883	0	104.0214166177779	595.8727974026871	12.70670596152636	1259.340770656418	0	1246.634064694892	1249.009991202138	84.83688460161004	92.39163839410899	0	7.554753792498954	92.36143150749028	2.457740419161378	3.053164542006297	0	0.595424122844918	-1.377265747728012	196.7041104615109	199.0653836534266	0	2.361273191915667	185.4070997584496	87.73383055961362	162.2125049414931	0	74.47867438187949	145.414679616377	44.09504679217775	111.5190742030291	0	67.42402741085134	111.4316216594741	175.6091279024791	299.3714316167565	0	123.7623037142774	295.7025168649959	22.01271313246381	166.6092215564659	0	144.5965084240021	163.6701462510636	19.92042744721686	258.749422080006	0	238.8289946327891	258.4687968994928	65.11061557900648	619.6654059509613	0	554.5547903719548	608.3044591982757	33.56690163775621	372.1097578381437	0	338.5428562003875	353.9193770729858
15.47799250199656	61.06523270749383	66.39362812237158	0	5.328395414877738	65.81793576299577	159.5832855633472	168.2856587537565	0	8.70237319040929	166.2670551817696	8.546941162300511	12.89989585300635	0	4.352954690705839	12.4801545400062	17.2157319714596	22.80326941792829	0	5.587537446468696	22.30139645020545	13.90031651536959	15.97819514410542	0	2.077878628735821	15.16794786679853	13.02324352805931	14.84913405919462	0	1.825890531135304	13.20816559284776	59.89859196410991	61.71129256497868	0	1.812700600868765	54.01955417645441	170.2933968148844	172.2258051987271	0	1.932408383842711	159.5459926633067	93.9375924118895	122.2335915287765	0	28.29599911688696	119.8466962712225	10.08100529712313	42.41621513376383	0	32.33520983664071	41.89829594039297	6.347914036425687	34.60126462773304	0	28.25335059130736	33.95265921376677	14.08250672787899	42.11598550901392	0	28.03347878113495	40.77942428819053	75.09435424022152	75.38914772392714	0	0.2947934837056188	64.87032522961742	5.43781644196515	3.004147276951477	0	-2.433669165013673	1.839784219900643	17.94563852671971	68.44612434355483	0	50.50048581683512	65.0722245470664	26.05892203363007	98.27085720855968	0	72.21193517492961	92.89011388875429	17.89653897330868	44.49722979039762	0	26.60069081708895	41.21863097523269	595.7954127920125	647.6345486370757	0	51.83913584506323	620.3848550287223	13.71642812549379	62.03113532867899	0	48.3147072031852	59.63738825049308	15.58188019965249	73.42417485429567	0	57.84229465464318	70.64672970533245	101.6052472179666	116.7295886479552	0	15.12434142998858	115.1593376753523	44.41305383444683	73.03037784044245	0	28.61732400599562	73.03037784044245	6.365078635328765	67.82892293318463	0	61.46384429785586	67.82260054919389	78.74065090933242	81.40388295981494	0	2.663232050482522	79.5969791470158	369.26874691976	408.1019193126686	0	38.83317239290857	393.4155050001553	57.95087183915226	62.43657113837319	0	4.485699299220931	60.41025990936026	203.883793261221	213.5186817818016	0	9.634888520580626	203.3196192052377	16.55044254840118	172.4872588376273	0	155.9368162892261	170.9091804367418	406.4114032114671	490.3056506737832	0	83.8942474623162	480.7770702284568	8.695570189167897	1163.534341933047	0	1154.83877174388	1153.793045407592	94.26144862917705	100.9064163089436	0	6.644967679766516	100.871935635671	2.203755565020128	1.783664840923912	0	-0.4200907240962158	-0.7430226079324541	280.1568360425725	282.8076213406426	0	2.6507852980702	263.4784220917676	88.39325841002474	168.651671291526	0	80.2584128815013	151.8764966664733	40.45719113390705	93.39075395859139	0	52.93356282468434	93.3126030272459	206.7209396542569	321.9608128162523	0	115.2398731619954	317.9333343787084	22.57584556490216	163.7520713457897	0	141.1762257808875	160.842935064276	18.80574145471797	286.9783719802294	0	268.1726305255115	286.6782140104841	61.6848510634775	681.6446076421447	0	619.9597565786672	669.614703729755	31.95845933232038	408.7049810063294	0	376.746521674009	389.4131282063756
15.49385915279655	114.819907419221	118.5303407048073	0	3.710433285586335	117.3971403687021	207.8139867039102	213.0083275472988	0	5.194340843388674	210.1060459436488	10.06302618600494	15.08053456113072	0	5.017508375125773	14.61691180840245	34.4930938506126	41.32609991548729	0	6.833006064874697	40.4911945728791	32.20128062598979	34.51888285446361	0	2.317602228473822	32.79441299800678	21.23095808095265	22.86972243814208	0	1.638764357189426	20.13343098710779	163.6779115888927	166.5092142074665	0	2.831302618573817	149.9228850179413	180.4016108512862	182.2647857753501	0	1.86317492406397	167.9772427584402	106.1148341142584	133.2590596825667	0	27.14422556830832	130.6226825190275	17.48819157686614	47.9059315606669	0	30.41773998380076	47.31066189494085	6.690232658796003	34.72205981564024	0	28.03182715684424	34.06946394359827	14.20064923603691	42.66320992789748	0	28.46256069186057	41.31576376876727	84.91048451129251	85.74984552218969	0	0.8393610108971898	73.02538401157547	6.176359803688232	5.15133220409812	0	-1.025027599590113	2.567636516491358	17.35111643755199	78.11714361182894	0	60.76602717427694	74.53345187207384	25.23980005108538	118.8289508596458	0	93.58915080856039	112.864245505383	18.09306215463725	54.39174586572102	0	36.29868371108377	50.82605579847083	542.0941765991087	593.0540877818108	0	50.95991118270219	568.0349160910839	12.83099104352228	66.78161216362804	0	53.95062112010577	64.29631157595603	14.79663651917954	85.03438186031148	0	70.23774534113194	82.00985325322624	89.55505978346579	101.9797370590176	0	12.4246772755518	100.5222601124356	30.90246037898796	56.28119579663393	0	25.37873541764597	56.28119579663393	5.440818324469179	65.64548646769865	0	60.20466814322948	65.63933901392359	100.5929689891782	103.0797069653626	0	2.486737976184425	100.672283380532	346.3703456111974	373.6858388011786	0	27.31549318998122	359.0606634388515	63.68295491548448	68.30224290964725	0	4.619287994162765	66.11719942468808	198.2095770639216	208.3245470750928	0	10.11497001117128	198.6104736840131	14.70210663350097	222.1920644777071	0	207.4899578442061	220.311863336773	357.2166387590231	424.1436358634431	0	66.92699710442001	415.4603872015123	8.746806075823942	1013.408923659804	0	1004.66211758398	1004.598489205446	99.93533105672395	105.8170787209008	0	5.881747664176843	105.7793116997273	2.177470876295364	1.393234680230843	0	-0.7842361960645208	-0.3773665347323195	359.6446508141441	362.7691988890195	0	3.1245480748753	339.1449165928085	89.87609919038964	176.9655146180318	0	87.08941542764219	160.0584511044982	29.19609097580151	66.52440793335545	0	37.32831695755393	66.46304915542693	217.1063660208162	324.5728272648507	0	107.4664612440345	320.4300633275167	23.2461333547333	162.7423782959751	0	139.4962449412418	159.8404686934363	17.54331091584927	313.8240614289797	0	296.2807505131304	313.5058012823759	57.80497583480538	738.7368120001803	0	680.9318361653749	726.1072030154471	30.0598231764965	443.1767187385959	0	413.1168955620994	422.8742595196369
15.50972580359654	136.7102722638474	139.4085316908115	0	2.698259426964099	137.9527400568561	242.6562136027289	245.8521220899882	0	3.19590848725934	242.0692870919735	10.35676741450095	16.11259266271209	0	5.755825248211135	15.64775528788761	35.06469529836458	43.40948269897483	0	8.344787400610251	42.60698684086228	33.67639483342455	36.20672731258701	0	2.530332479162457	34.45901630957513	36.1472263140943	37.63516850957367	0	1.487942195479365	32.83512114381155	316.8743467451753	320.522496590256	0	3.648149845080632	296.0740893522091	187.9877864000761	189.9097347271412	0	1.921948327065124	174.5930872473196	119.4526813816893	145.1638822148276	0	25.71120083313827	142.2427390353836	19.38427331840714	47.77618359460784	0	28.3919102762007	47.17069063128992	6.615461966999868	34.6874140717437	0	28.07195210474383	34.03563717974053	14.23492344699014	43.38293331006355	0	29.14800986307341	42.02329404445555	90.95099244379827	92.48131436182301	0	1.530321918024749	78.96608132954501	7.592219916498265	7.836685397485532	0	0.2444654809872668	3.700921129171248	16.51580675661569	88.35258451516164	0	71.83677775854595	84.54710937326736	23.82656562887596	142.5798541851702	0	118.7532885562943	135.9517653690288	17.49770606353402	66.42726065428528	0	48.92955459075126	62.51538606176152	426.9289250471224	475.6589959402357	0	48.7300708931133	455.2995841302487	12.46995643414939	70.98457620988275	0	58.51461977573334	68.40938693008461	14.14803827982072	97.23526024597035	0	83.08722196614963	93.94964448408535	74.07498668440986	84.19499260659677	0	10.1200059221869	82.90527035378221	22.44689353513412	44.45318954878448	0	22.00629601365036	44.45318954878448	5.500364071699757	62.2103337353585	0	56.70996966365875	62.20441178525467	115.5377319488659	118.0230168366159	0	2.485284887750033	115.2123139297104	337.8406621418181	357.2124661334249	0	19.37180399160673	341.9786139849988	57.74504733281906	62.49510133564395	0	4.75005400282489	60.52016353711716	201.1237101119268	211.7381860160763	0	10.61447590414957	202.0704367014063	13.20009477991103	275.375685249298	0	262.175590469387	273.1841860609973	398.1244283014594	451.6854632515256	0	53.56103495006613	441.9368238342643	9.144032962812092	824.5864601886067	0	815.4424272257946	816.9906677764363	109.8143699417714	115.1360024192746	0	5.3216324775032	115.0933170670924	2.169436060930803	2.364702056449114	0	0.1952659955183113	-0.02445267156220421	385.7199387289798	389.4162877105333	0	3.696348981553443	365.9835918630549	92.36424318600557	188.5187235773102	0	96.15448039130465	171.3202674207618	29.44680226316791	54.61771880097707	0	25.17091653780917	54.56115428805586	229.7179177897436	329.1146156162366	0	99.39669782649298	324.8181189471752	23.30147913309171	162.8269608569749	0	139.5254817238832	159.923230625633	16.21022939092695	330.3666252296161	0	314.1563958386892	330.0376591789327	53.63513857958427	772.324107076259	0	718.6889684966748	759.3631664919419	27.98159092370088	463.990113304576	0	436.0085223808751	443.1073323762638
15.52559245439654	125.4343412990107	127.5975568970402	0	2.163215598029549	126.1615707821393	253.8625128802008	256.0588580665879	0	2.196345186387119	251.6686812704825	9.576688824262654	16.15699465630358	0	6.580305832040929	15.71868830093636	18.37084543029199	28.49984611583386	0	10.12900068554188	28.01481742392667	18.13059235848893	20.91624828078453	0	2.785655922295597	19.94892424994455	58.18387402527452	59.62519414549885	0	1.441320120224334	51.63736501297929	447.7120679663482	452.2499857320415	0	4.537917765693283	425.7132811284731	195.5341328947542	197.5889635699127	0	2.054830675158411	181.6301714464948	131.5521875971761	155.5516435793896	0	23.99945598221354	152.3523571243292	15.90710570693876	41.99439290012604	0	26.08728719318729	41.44903165633794	6.115588133684824	34.29385866445151	0	28.17827053076669	33.6502356986366	14.12847103267789	44.14766605755258	0	30.01919502487469	42.77765786810383	87.04511948099392	89.36572806299813	0	2.320608582004206	77.39661440742893	10.14593417323657	11.97442812635025	0	1.82849395311368	6.645444082879438	15.67784826769122	98.80835171666831	0	83.13050344897708	94.77318563086109	22.34562454267144	167.8235592254931	0	145.4779346828217	160.4969861880776	16.60930960491433	80.4532190653392	0	63.84390946042486	76.12192650345288	201.2417588043087	247.6807106380793	0	46.43895183377059	236.9109100519499	12.20065645575476	74.48575694682758	0	62.28510049107282	71.83581627328266	13.46156550868263	109.0256734440415	0	95.56410793535883	105.4923649440996	45.7969670046085	54.25014660050698	0	8.453179595898478	53.36459343066911	16.29599273945783	35.55385245530934	0	19.25785971585151	35.55385245530934	5.953721480293023	59.0674919269025	0	53.11377044660948	59.06176693742236	119.417657083588	122.0386940500606	0	2.621036966472617	119.1574140512132	335.1131591317869	349.3159334444904	0	14.20277431270354	333.1632502437917	39.43724043597062	44.37814914791879	0	4.940908711948176	42.99553980159087	214.4247988902544	225.7225545826684	0	11.29775569241395	215.6569104001558	11.86132759731069	325.0970389537229	0	313.2357113564122	322.624885244356	526.7475268148387	570.079507727787	0	43.33198091294837	557.1242477321192	10.02874554405615	630.4555331916478	0	620.4267876475916	624.1754290698096	124.2593737804417	129.2178912672089	0	4.958517486767204	129.1685907349088	2.305574103114659	4.353053320059574	0	2.047479216944916	1.295418822721294	339.2461656732518	343.6529136908666	0	4.406748017614857	324.8202063431634	95.36394879047073	203.7970237844036	0	108.4330749939328	186.2040737375017	40.37432244869954	57.3841419225603	0	17.00981947386076	57.31706663589481	246.6204699567936	336.9189373842197	0	90.29846742742606	332.3961866177411	22.67079026092778	162.6938430319398	0	140.023052771012	159.7955351496328	15.17044323416205	329.7504375515518	0	314.5799943173897	329.4224235231177	50.28720032291542	769.3382055790256	0	719.0510052561102	756.4408181228864	26.31940388969356	462.7343247103211	0	436.4149208206275	441.9288402135252
15.54145910519653	110.3569727799669	112.1869558782954	0	1.829983098328474	110.8485120320361	250.6843195554607	252.3443427677526	0	1.66002321229188	247.6147747876888	9.147436019635657	16.54090524274043	0	7.393469223104769	16.11603830588798	9.915022944386475	21.96013344193149	0	12.04511049754502	21.61234613131247	9.314221480579306	12.30637762401494	0	2.992156143435631	11.76167132695798	62.45641699161597	63.83419694769287	0	1.377779956076895	54.9750750339429	444.4058770099016	450.0116953761595	0	5.605818366257859	429.2555940219156	209.570326366237	211.8799628490102	0	2.309636482773206	195.1776520157604	138.0919152351848	160.2575569133853	0	22.16564167820053	156.8750210697229	16.03174102570726	39.64973853834023	0	23.61799751263296	39.11955499432239	6.032423364676185	34.24444748697718	0	28.21202412230099	33.6020292462938	14.11330193458275	45.07486729059441	0	30.96156535601165	43.69083790104155	81.71644912171494	84.92858942254544	0	3.212140300830493	75.11615330463358	15.34586008911065	19.43538605251871	0	4.089525963408063	13.4728396490006	14.87262649635399	108.7822054811214	0	93.90957898476744	104.5279161310785	20.95471122183609	192.7320598452506	0	171.7773486234145	184.7266347245894	15.52673121039269	95.18215703673425	0	79.65542582634157	90.41014254475338	53.13230671723802	98.19095053817028	0	45.05864382093227	93.87177507850096	12.14909053996601	77.93883131358365	0	65.78974077361764	75.21116855841856	12.99004448038826	120.2622781838464	0	107.2722337034582	116.4933206297138	24.51395812390706	31.9692199133139	0	7.455261789406844	31.42060071771948	11.79792544773374	29.21598589004327	0	17.41806044230953	29.21598589004327	6.348597399507995	56.95522879290819	0	50.60663139340019	56.94963017431013	115.0677469737376	117.932165083593	0	2.864418109855416	115.2357618904902	327.3203164728342	338.1997189039661	0	10.87940243113183	321.375107230807	34.52465793453337	39.71214815774983	0	5.187490223216454	38.49808287289972	224.8616014059259	236.9901949646339	0	12.128593558708	226.7210634437865	11.120814109602	368.0387349663661	0	356.9179208567641	365.3295927848653	630.3157142855882	666.1517922483332	0	35.83607796274494	650.2729503320681	11.92692284825454	462.9404550452494	0	451.0135321969948	457.868619530683	133.330278600486	138.1123630646441	0	4.7820844641581	138.0587622952772	34.46067754722704	38.44198421279857	0	3.981306665571535	21.22568731393165	275.4024967322546	280.6862727985762	0	5.283776066321566	266.7591382549387	97.14585424935476	220.8054396412389	0	123.6595853918841	202.8945260215305	45.92470988612884	57.88575765385871	0	11.96104776772987	57.80975974228173	263.229451558096	343.8485103592146	0	80.61905880111861	339.0746766048381	22.52406183385787	162.6453014634264	0	140.1212396295685	159.7485968918964	14.6451584996513	312.3836443297872	0	297.7384858301359	312.0678909642987	48.43189176985801	731.0377889694852	0	682.6058971996272	718.5818720438325	25.43566568366991	440.0694608010349	0	414.633795117365	419.9738615082202
15.55732575599652	95.34992365461726	96.86615909354023	0	1.516235438922981	95.6477572860785	231.2235738611016	232.4761525753852	0	1.252578714283537	227.7639617671617	9.086553763784464	17.22724396938057	0	8.140690205596105	16.80392982498066	9.882111836552218	23.86751108959606	0	13.98539925304384	23.51125133543265	7.864213399359812	10.99491437668471	0	3.130700977324897	10.52506272633912	48.04358108844433	49.29011308582515	0	1.246531997380817	42.19912016884948	255.8164623791031	263.0361623648519	0	7.219699985748729	253.2939088922636	233.2742427761623	236.0351185847679	0	2.76087580860567	218.4283271870122	139.3862879879585	159.9284231243074	0	20.54213513634893	156.4647205465415	19.97147216821185	41.3911710638188	0	21.41969889560695	40.82115515063506	6.330308112539747	34.47573604506611	0	28.14542793252637	33.82857812619086	14.16396546109805	45.95916729034193	0	31.79520182924388	44.5611764146194	68.43083641033174	72.68343972070137	0	4.252603310369649	65.72521098662581	30.3955330921604	37.06741257313799	0	6.671879480977589	30.07431117096936	14.21215184252951	118.4092901173182	0	104.1971382747887	113.9419152523625	19.81473905888635	216.539188698149	0	196.7244496392626	207.8932748938351	14.52744146776955	109.3671681956211	0	94.83972672785158	104.1721940545402	25.00607570881827	70.94143221640616	0	45.93535650758789	67.83250793062612	12.22056791344774	83.0969244509748	0	70.87635653752706	80.25121171124817	12.68494715211676	132.9336061728847	0	120.2486590207679	128.8998367642453	12.23322139346967	19.3540674527901	0	7.120846059320431	19.0134703308006	8.404363883242448	25.22068336219435	0	16.8163194789519	25.22068336219435	6.49162560967097	57.99639888442026	0	51.50477327474929	57.99071950029617	102.8718586610322	106.0847797264989	0	3.212921065466646	103.7747492142675	310.2975477553744	319.0110945372901	0	8.71354678191577	302.094085803444	44.24612190632961	49.69962053782246	0	5.453498631492849	48.2116294332826	230.4556742524752	243.4375049051902	0	12.98183065271497	233.1927334129512	10.69965630089979	417.5895626729447	0	406.8899063720449	414.6123046913252	689.6754431274248	719.9410737369093	0	30.2656306094845	702.0187627616369	14.80069014566886	337.3920404541127	0	322.5913503084439	333.2871321245536	133.4896388474479	138.251142542368	0	4.761503694920032	138.1972184678571	213.4239160144915	219.3801565022685	0	5.956240487776961	158.0986554892315	213.4714884230626	219.9176769584758	0	6.446188535413196	210.0730135273641	96.82950330668332	236.41295649607	0	139.5834531893867	218.3294669795441	42.83610534110499	51.86771093363148	0	9.031605592526486	51.79247281303822	280.6146951040092	352.6934133087997	0	72.07871820479045	347.6262111995551	22.82037206438122	162.5001369863501	0	139.6797649219689	159.6036121550342	14.71851136504199	285.5045685284599	0	270.7860571634179	285.2076546245727	48.33885448189647	672.0789804994046	0	623.7401260175081	660.2880646693284	25.47992103786149	405.1549826439069	0	379.6750616060453	386.1363434227219
15.57319240679652	98.59677751652139	99.84107914644804	0	1.244301629926649	98.51507247714922	223.1907761732305	224.1450141138189	0	0.9542379405883908	219.2521482838874	9.066214382505141	17.87917185434575	0	8.812957471840603	17.45489926896932	9.705720389223462	25.59157463180476	0	15.88585424258129	25.22758672698079	8.942154239961599	12.17877516063342	0	3.236620920671815	11.67098149240406	56.44303698845756	57.5579376421308	0	1.114900653673227	48.90692014514837	175.1690475061147	184.8928045030641	0	9.723756996949421	179.3214396548991	242.2274305867774	245.6926996079836	0	3.465269021206116	228.9455804951677	140.6836641227993	160.0465191364953	0	19.36285501369603	156.5066800325405	20.91947371101255	40.68918964272302	0	19.76971593171048	40.11473836859547	6.335788731146561	34.28674190970104	0	27.95095317855448	33.64183999555958	14.04923680175397	46.40399538532611	0	32.35475858357213	45.00151884285825	50.21123949225912	55.70216195405159	0	5.490922461792465	51.37830731342131	71.60562614417749	80.69187252136983	0	9.086246377192342	71.45278849716952	13.68916628696867	128.0415946934989	0	114.3524284065302	123.3603625921505	18.95012760203299	239.5379759597305	0	220.5878483576975	230.2805784449665	13.80480647785301	122.5040042220211	0	108.6991977441681	116.9181706488367	18.58190469765673	67.63385615617931	0	49.05195145852257	64.72970890642489	12.11489743676276	90.44543954941601	0	78.33054211265325	87.43743374632025	12.30760381199875	148.1973201275411	0	135.8897163155424	143.8508320127121	6.011363742685379	13.23516313766974	0	7.223799394984358	13.0021976491653	6.565498227822385	23.82611070691994	0	17.26061247909755	23.82611070691994	6.466330870823143	62.8972314692038	0	56.43090059838066	62.89122280949334	90.17431564998202	93.85871296039683	0	3.684397310414818	91.93634330796192	269.3376065355883	276.5603054032123	0	7.222698867623975	261.0555861906968	53.21410417806686	58.92378426856571	0	5.709680090498849	57.19486763796417	232.3840773156498	246.1455063307527	0	13.76142901510297	236.0529568985876	10.18749194323184	486.0363875820981	0	475.8488956388662	482.6987383443724	705.0238370944445	731.0065716275609	0	25.98273453311638	712.0668160428821	42.49035263395675	275.1458687317368	0	232.65551609778	271.4183941039627	122.931231406616	127.78845660439	0	4.85722519777395	127.7388679687367	514.4528763082005	522.7238582610368	0	8.270981952836213	430.7091911878457	162.5128782406176	170.5422354921675	0	8.029357251549897	163.6891974248266	94.73359491352484	248.0822217727927	0	153.3486268592679	229.9629518730795	32.15844204678903	39.42630417693046	0	7.267862130141434	39.36428939840229	298.9410364054297	364.6492339372413	0	65.70819753181168	359.2548102750184	22.7767690064143	161.2821954001192	0	138.5054263937049	158.4006171663067	15.28730530509516	257.0376549251192	0	241.750349620024	256.7608805378782	49.73257252561317	608.728253069558	0	558.9956805439449	597.6524499511536	26.3127825093353	368.1889917684607	0	341.8762092591253	350.3142620659418
15.58905905759651	119.8073841732645	120.8119869261096	0	1.004602752845058	119.1151101508455	229.2093644079586	229.9198813515527	0	0.7105169435940791	224.5293262772537	9.143390741797475	18.60439365927932	0	9.461002917481842	18.17565320423073	9.70889555292233	27.52807507874754	0	17.81917952582522	27.15245643108148	12.6001706220126	15.93833296969093	0	3.338162347678329	15.28602128618664	86.32868169530363	87.31732681902054	0	0.9886451237168974	73.53107334575026	295.0411380794912	308.8114093698088	0	13.77027129031754	301.1975546134222	225.3861466552578	229.8890991403135	0	4.502952485055744	215.990372366268	141.6210518968525	160.2939371689678	0	18.67288527211526	156.6994793086869	18.39763273138058	37.14796671532941	0	18.75033398394883	36.6144974711401	6.109011027156114	33.8351210945791	0	27.72611006742299	33.19713038354993	13.84651253360227	46.48513458850512	0	32.63862205490285	45.08493873693025	33.06632589299667	40.09639630261756	0	7.030070409620889	37.58461901215735	103.1530296153413	114.5849659164693	0	11.43193630112801	106.2175772277229	13.28728338491299	138.185015155407	0	124.897731770494	133.2784283487563	18.31761308097916	262.9617095935226	0	244.6440965125435	253.0884743522173	13.34531265807668	135.1885253162123	0	121.8432126581356	129.2263214758109	18.84108301622992	72.57318553206733	0	53.73210251583743	69.54731298838405	11.89781423035185	99.75150598270794	0	87.85369175235608	96.54254374545799	11.89282142086436	166.2704277478736	0	154.3776063270092	161.5610527739603	6.198477383001244	13.76255617482079	0	7.564078791819544	13.52373803064987	6.697791214040848	25.07235388149957	0	18.37456266745872	25.07235388149957	6.349601951088711	71.17745730035263	0	64.82785534926391	71.17090978414846	78.82308684038706	83.13074146867297	0	4.307654628285896	81.54445911933887	201.0943619650163	207.1577802625079	0	6.063418297491664	194.9354081576676	60.90508583925467	66.79274026336182	0	5.887654424107151	64.86366089005435	229.6209510802933	243.9145730822908	0	14.29362200199743	234.1031183140355	9.562874397902519	579.2787095170356	0	569.7158351191331	575.4655923027835	670.2080161269824	692.6736696658195	0	22.46565353883704	674.0273502916002	99.49862904930143	268.4581555895446	0	168.9595265402432	264.3995612819817	100.481323491235	105.502194469038	0	5.020870977803086	105.4617177023425	411.1970532261415	422.7855391926059	0	11.58848596646435	374.8111287759247	125.6000021670806	135.8575348412893	0	10.25753267420871	130.9870379828854	91.48929532999024	254.0467856004727	0	162.5574902704824	236.0370851415035	14.22331708244896	20.23264839214135	0	6.00933130969239	20.19847867911967	316.8906421617398	378.6878195269035	0	61.79717736516368	372.9708480093515	22.55308204759111	159.7005770630287	0	137.1474950154376	156.8390453029038	15.97121061813137	230.2833185876137	0	214.3121079694823	230.0258443455706	51.46313627474891	547.9551194758501	0	496.4919832011012	537.5762582454123	27.32616418301939	333.4503470331116	0	306.1241828500922	316.6672265298758
15.6049257083965	142.6708395453596	143.5720564109081	0	0.9012168655484282	141.4458623708069	244.3180378796111	244.9559311289455	0	0.6378932493344794	238.8198559863139	9.230038767283558	19.38501297889015	0	10.15497421160659	18.9505860444089	9.684633207232716	29.63617088270827	0	19.95153767547556	29.2474417045276	35.59539715147585	39.07883816340404	0	3.483441011928193	37.50890163999731	107.4871468119474	108.4215979102661	0	0.9344510983187471	90.44509513097401	311.6811511571829	332.1919165002297	0	20.51076534304683	325.4794925737741	196.7940707854713	202.8352871172913	0	6.041216331820033	192.1620952815842	141.8297241723288	160.0949116831013	0	18.26518751077258	156.4760279630188	19.58001316960403	37.74060717831457	0	18.16059400871054	37.19310435937241	6.064655846566594	33.62826641804712	0	27.56361057148052	32.99303529352236	13.80368124691606	46.59501465647502	0	32.79133340955896	45.19389035475312	23.42823651339292	32.82204538969816	0	9.393808876305242	31.15918001557909	93.33777531564053	108.3133876805195	0	14.97561236487892	102.9597894429352	12.7718622790253	148.8704404065324	0	136.0985781275071	143.7311077270136	17.59429550917485	287.5609634854219	0	269.966667976247	277.0530544432567	12.88183383894645	148.2933480233194	0	135.411514184373	141.9479450904438	18.66738681442224	78.1932940426496	0	59.52590722822735	75.03988237959717	11.51053931661442	110.5083132233948	0	98.99777390678034	107.0731533189978	11.30706027854983	186.481899875445	0	175.1748395968952	181.3771768657081	6.234591734791439	14.2927819560258	0	8.058190221234357	14.05015282386554	6.673027966787965	26.57514592276619	0	19.90211795597822	26.57514592276619	6.038874589012925	82.07476456842599	0	76.03588997941307	82.0675329061192	67.71161032584982	72.85216921897589	0	5.140558893126066	71.56706245105704	148.1063757664056	153.2555977534699	0	5.149221987064307	143.749956852136	61.097186952489	67.1172385680192	0	6.020051615530212	65.19798510471097	228.6938010230531	243.3731240330043	0	14.67932300995117	233.6971601833131	8.568773159279598	693.1280257001308	0	684.5592525408513	688.754769177924	634.7176560666521	654.2068414777101	0	19.48918541105801	635.9063738657227	102.6290498068452	219.5902352986254	0	116.9611854917802	215.8090970622964	80.19078822724158	85.40774844698009	0	5.216960219738512	85.37543124207576	126.9852842193661	144.1570911478793	0	17.17180692851323	133.3324833525322	87.40343330470637	100.8793748294923	0	13.47594152478593	97.67374183566012	90.49886754310674	259.1903018837333	0	168.6914343406266	241.1280596158956	4.944160033766503	9.890970637478347	0	4.946810603711844	9.87301275016234	331.2531416777493	390.7806925297508	0	59.52755085200147	384.8089503259624	22.51822778320951	158.6939315648463	0	136.1757037816368	155.8445592162341	16.14852042593041	202.7742407467433	0	186.6257203208129	202.5374369187785	52.97591162339746	489.4714948610935	0	436.4955832376961	479.7796544381704	27.68145333465346	298.574472012549	0	270.8930186778956	282.9293565599634
15.62079235919649	169.3253848204567	170.3215872244338	0	0.996202403977148	167.7159585663549	272.955780483831	273.7902007682539	0	0.8344202844228895	266.6393551771358	9.110551482181796	19.78920549952682	0	10.67865401734502	19.3554971501821	9.366611376997843	31.13733774152654	0	21.7707263645287	30.74162842941657	76.060598750419	79.63907832113512	0	3.578479570716107	76.49413582197741	122.1285669213394	123.1090674238895	0	0.9805005025500353	101.991792035549	159.5759803608957	190.5079364756014	0	30.93195611470571	187.3056216182876	158.8941744181108	167.2930346135752	0	8.39886019546438	159.7117152234839	142.2032527939189	160.0372647971874	0	17.83401200326849	156.3911171816526	24.54939571706502	42.01903584005432	0	17.4696401229893	41.40236500504052	6.110686635321776	33.28083142980189	0	27.17014479448012	32.64963983650241	13.80182622135041	46.60117331801367	0	32.79934709666326	45.2003773134421	25.72156796723565	39.00887090302277	0	13.28730293578713	37.4221767874538	72.24864674370389	93.35095640787736	0	21.10230966417347	90.12287000387813	11.98891493427702	156.7481064249083	0	144.7591914906313	151.4463208106267	16.54261435482286	306.251503941185	0	289.7088895863621	295.2764149193994	12.13834974170218	158.450476037074	0	146.3121262953718	151.8194455081529	18.32885966273298	83.92409419981455	0	65.59523453708157	80.64499387818051	10.91938811419311	120.0803313992539	0	109.1609432850608	116.4506154112433	10.51152971094904	202.6785603712638	0	192.1670306603148	197.266894236595	6.335632746882589	15.03816968421581	0	8.702536937333216	14.78978235333794	6.603821492822901	28.19107725937809	0	21.5872557665552	28.1910772593781	5.595117981860103	92.79765951489927	0	87.20254153303917	92.78977715546706	56.06616566613115	62.28914057749225	0	6.222974911361106	61.27862984687145	121.23244964315	126.0605775911543	0	4.828127948004269	117.9469207756949	54.67463084258002	61.00454084490229	0	6.329910002322273	59.28617678352021	234.654549109741	250.1422383461108	0	15.48768923636982	240.360373290125	7.404330048893175	779.7484384295218	0	772.3441083806287	774.9620605532953	626.8965745644778	644.665202394335	0	17.76862782985723	626.0833743473829	55.38020214674169	133.5549457104071	0	78.17474356366546	130.8810090907391	66.85009872827158	72.36547714287443	0	5.515378414602847	72.33860725452034	43.17762935377309	70.09761019589223	0	26.91998084211915	66.44578288529257	44.23279112887478	62.10644106912117	0	17.87364994024639	60.35535653427696	91.99948832537771	268.6214697813299	0	176.6219814559522	250.2370519229965	5.174379655882218	9.465183806176316	0	4.290804150294099	9.446864430691736	340.6795092740512	397.4525755941411	0	56.7730663200899	391.2916752754671	22.33633317285863	156.1772107184916	0	133.840877545633	153.3599037521321	16.19376164361008	172.0311668830944	0	155.8374052394843	171.8183199481539	52.98517980379388	429.6064588642176	0	376.6212790604238	420.6526035547921	27.57033620535264	258.66432646228	0	231.0939902569273	244.3721102112507
15.63665900999649	181.5763194536242	182.7428003606814	0	1.166480907057206	179.9404937957983	276.9983069292197	278.0500380479044	0	1.051731118684701	270.7269629215062	15.83020306903723	26.90999660629903	0	11.0797935372618	26.32895355976831	9.244744779550864	32.35811282856053	0	23.11336804900967	31.95536781062328	97.72449907248243	101.441922587966	0	3.717423515483603	97.49781355033785	132.0073800466883	133.103021503031	0	1.095641456342621	110.0930320005004	178.0548213975472	225.8108959765699	0	47.75607457902275	222.5985194592646	124.5784555872706	136.5323827413331	0	11.95392715406247	131.2066704535866	145.0562298775781	162.4704286131441	0	17.41419873556605	158.7370359758558	26.42085232220218	42.87579012319436	0	16.45493780099218	42.23502281191861	5.960218303791907	32.00573230261114	0	26.04551399881923	31.39142969262205	13.54626987316477	45.85903657520373	0	32.31276670203896	44.47509503651992	27.63362336452798	47.29658494427409	0	19.6629615797461	45.76137884917837	56.10664878910168	87.58844101157383	0	31.48179222247215	85.4156763719209	11.55218049035547	160.5090670888283	0	148.9568865984728	155.131277414894	15.98927449614417	315.7580658336863	0	299.7687913375422	304.5477074844295	29.31690559521578	182.570022307281	0	153.2531167120652	175.0286883278046	17.5340733456958	87.32831767106487	0	69.79424432536906	83.98723187891447	10.35228913558748	125.3565023929842	0	115.0042132573967	121.6238754654189	9.969058182522726	209.8626932906309	0	199.8936351081082	204.318524307649	6.184069586151579	15.36406047946876	0	9.17999089331718	15.11597952200213	6.328342720251555	29.00150859086407	0	22.67316587061251	29.00150859086407	5.12561063234493	98.33407155295264	0	93.20846092060771	98.32586748062481	49.64882742516762	57.30657694969382	0	7.657749524526199	56.45441838951011	84.89985035037212	89.60119717782754	0	4.701346827455423	83.72792293750973	56.05929433060368	63.12356414535068	0	7.064269814746994	61.40558651064249	226.1485696526291	243.4310641242497	0	17.28249447162059	234.2398680094293	6.746658632804891	793.7764182105943	0	787.0297595777895	788.9252141765116	619.0334380808808	636.004892092784	0	16.97145401190309	617.3747323575254	35.85456573811807	84.89704364236536	0	49.04247790424728	82.86972302398948	57.61285213023623	63.53552347634809	0	5.922671346111858	63.51252785941757	355.6981960714828	403.5782693458634	0	47.88007327438056	388.3234822355283	40.23524783387765	64.27665060992452	0	24.04140277604686	62.66277224041434	92.82747882341179	280.320472768809	0	187.4929939453972	261.5983533526537	4.937862986254158	8.602639519914387	0	3.664776533660228	8.585006482369582	344.7438831839381	397.3202051903077	0	52.57632200636954	391.0152509879916	21.59210685468511	148.7486498523214	0	127.1565429976364	146.0275098959665	15.88770440177791	138.8089715625975	0	122.9212671608196	138.6233643770697	50.88006994423151	358.1698759016268	0	307.2898059573953	350.1527714088905	26.92434066113136	214.0023892612901	0	187.0780486001588	201.2958010105145
15.65252566079648	174.2983045157343	175.6813125835968	0	1.383008067862457	173.047309378545	249.2843747195305	250.5809187565945	0	1.296544037063904	244.0936282541548	28.79559680256809	40.19873596944109	0	11.403139166873	39.34081547238242	9.193219698646345	33.32830942567622	0	24.13508972702988	32.91965672615996	100.273061047939	104.1451414658593	0	3.872080417920232	100.1669274339526	134.9037064846594	136.1346213351135	0	1.230914850454026	112.9944799860508	372.9237378373322	446.9390972880548	0	74.0153594507226	441.4808230417198	98.31875804978743	115.2789812788828	0	16.96022322909533	111.3585582686392	148.832599669711	165.9216322749262	0	17.08903260521522	162.0826783867873	25.11646769607896	40.22410766579878	0	15.10763996971981	39.60710994155031	5.677150508820247	29.53560522736466	0	23.85845471854441	28.95407024173256	13.12979921620352	44.12822832207237	0	30.99842910586884	42.77988733774298	29.15630292466028	59.19403223683062	0	30.03772931217033	57.64424890721673	57.88052474113245	107.0265049843091	0	49.14598024317663	105.0449767598965	11.26989781058071	161.0331213372806	0	149.7632235266998	155.6487616763311	15.62175854757843	318.541618913182	0	302.9198603656035	307.265924414963	61.73996091157849	219.8079430172766	0	158.0679821056981	210.8070552608064	16.95583426928943	88.34585049885482	0	71.39001622956539	84.99301768869319	9.976711946365858	126.0931203932199	0	116.116408446854	122.3501049607419	9.634047808971783	208.9233247239096	0	199.2892769149379	203.4010565375975	6.062784369487374	15.49660031942305	0	9.433815949935678	15.24933934141661	6.118405282827641	28.9951948173521	0	22.87678953452446	28.99519481735211	4.826811370813767	97.23304406078212	0	92.40623268996835	97.22491762661379	48.43295609772503	57.88606909481999	0	9.453112997094964	57.09643416479194	38.65026765900939	43.3935771670737	0	4.743309508064306	40.52967532909516	66.38032475311788	74.90746532232315	0	8.527140569205278	72.99572802112303	194.1381355453139	214.8556963362908	0	20.71756079097685	207.2313879026401	6.412803661006444	743.7727623348825	0	737.359958673876	739.1607510520623	620.1752380809932	636.9414098312241	0	16.76617175023092	618.15984259281	49.08923137539105	77.11400360864032	0	28.02477223324926	74.82724270265062	52.14980762771489	58.53946739029283	0	6.389659762577945	58.51886253812702	999.204840441743	1090.794686810109	0	91.58984636836622	1059.713565846588	72.91032705070359	105.3599629183803	0	32.44963586767676	102.9926490773979	94.07515495377518	295.9886095693851	0	201.9134546156099	276.798249691686	4.761513961883835	7.815786105148309	0	3.054272143264474	7.798655305811076	339.159246819712	385.9633376163706	0	46.80409079665858	379.6161188145312	20.55407368472067	134.9023996687536	0	114.348325984033	132.3599850692288	15.97691519861723	107.5435302661025	0	91.56661506748532	107.384580226367	49.96645735574017	286.0240040792077	0	236.0575467234676	278.9764218981682	26.93094038597251	170.5177440456575	0	143.586803659685	159.3986290979768
15.66839231159647	157.8276133801204	159.4930589666295	0	1.66544558650908	157.2033533002756	209.501861008461	211.1607922339583	0	1.658931225497297	205.9221343351524	33.19492841011597	44.53141526691977	0	11.3364868568038	43.58288762285866	8.738581854042993	32.85796782912391	0	24.11938597508092	32.45599066250447	96.28862469587381	100.1651993276415	0	3.876574631767743	96.38098905792525	139.8236751095269	141.1891403540318	0	1.36546524450496	117.9957997388633	478.5370682570947	583.8952611774182	0	105.3581929203234	577.5415875114346	97.81224393219911	120.8525766924735	0	23.04033276027435	117.1777128338253	171.6421027246971	188.547167062863	0	16.90506433816594	184.1651123468218	24.35427001974822	37.91652830086498	0	13.56225828111676	37.31478861661439	5.486579924308446	26.32434902238408	0	20.83776909807563	25.78443806214919	12.81705867353941	41.69447825179913	0	28.87741957825972	40.3915504360438	33.79386143476459	79.16182326105269	0	45.3679618262881	77.43978928631635	82.46057906119489	158.7771217864191	0	76.31654272522425	156.4576374761607	10.84300936760659	155.922681393338	0	145.0796720257314	150.6599968113131	15.12600408296135	309.0103001472769	0	293.8842960643155	297.9872939724044	85.25011115365139	241.8402591013858	0	156.5901479477344	231.9169275230654	16.69634532671371	88.19471624729205	0	71.49837092057834	84.85074999619493	9.65757280742344	122.3411080575622	0	112.6835352501387	118.6809386806335	9.257270810210059	198.125063421427	0	188.8677926112169	192.816297161741	6.103090313404158	15.82554413940523	0	9.72245382600107	15.5756007663484	6.049625485330862	28.69565107397096	0	22.6460255886401	28.69565107397096	4.648756669830977	90.76447858522913	0	86.11572191539815	90.75675603211977	48.94020150335366	60.24853218169736	0	11.3083306783437	59.48440920395514	15.35977524787921	20.70045896930607	0	5.340683721426861	19.35452156764254	57.53126989151624	68.50961988784121	0	10.97834999632497	66.91853124536193	165.5482239074489	191.8277674334674	0	26.27954352601842	185.5898235202252	6.638617023710529	631.8759797861311	0	625.2373627624206	627.8090228643215	572.5643022031047	590.306095139992	0	17.74179293688718	573.0563564986387	50.38225695308055	67.86266684273616	0	17.48040988965561	65.36357190841626	50.5989094479017	57.54020934880995	0	6.941299900908239	57.52054799804641	1296.732191767708	1460.676586161898	0	163.9443943941894	1427.055491752367	97.58048686521195	139.2460225836209	0	41.66553571840898	136.3851979416912	93.96291188003801	313.5579056488618	0	219.5949937688238	293.9182480133889	5.159519885021855	8.048883187810246	0	2.88936330278839	8.030328775204209	336.3658829372242	376.4683723524964	0	40.1024894152722	369.964007624257	19.9970215320134	117.2128255100208	0	97.21580397800739	114.8972474221526	16.88951494358349	84.66590945434852	0	67.77639451076503	84.52644686826353	51.72796577473689	230.5734865652872	0	178.8455207905503	224.2491046248099	28.2412712555873	137.7502002328191	0	109.5089289772319	127.8058876205825
15.68425896239646	132.6969401718989	134.7298840436904	0	2.032943871791424	132.9107676556796	155.3096203650889	157.3786095148382	0	2.068989149749288	153.7230719986192	31.36340583170503	42.39753353265406	0	11.03412770094902	41.48689748918621	8.447491697832048	31.63982465572133	0	23.19233295788928	31.24825240414139	90.86402310101548	94.7633752326151	0	3.899352131599627	91.19705715582059	150.0804772924626	151.6378580689859	0	1.557380776523357	127.9365761456451	527.9146073851333	659.0487285934845	0	131.1341212083512	652.3456030799227	120.8981549747575	149.927703230154	0	29.02954825539645	145.7171207132781	216.5621526630034	233.5793052472645	0	17.01715258426105	228.1555195979468	24.5135057770098	36.80180285218266	0	12.28829707517287	36.19822752965165	5.475274371432942	23.33702475470072	0	17.86175038326778	22.83460272816528	12.72939521919111	39.17941116075519	0	26.45001594156407	37.91884850784782	40.33305098091232	103.9686333338927	0	63.63558235298041	101.9954665439966	124.6303831217215	231.8167692469818	0	107.1863861252604	228.9228303777238	10.82912241351883	146.3984199172745	0	135.5692975037556	141.35113525505	15.2911397550293	289.0613075206285	0	273.7701677655992	278.5535996103158	106.9855869060959	255.9047556401406	0	148.9191687340447	245.2602993621474	16.10547418821474	85.47507971641603	0	69.36960552820129	82.2074488330984	9.397201216872762	113.95237541426	0	104.5551741973873	110.4734036062927	9.138810927523767	178.7972622275892	0	169.6584513000655	173.87055452786	5.949938184234973	15.77611533168414	0	9.826177147449163	15.52846773678825	5.83629099366065	27.58230839234398	0	21.74601739868333	27.58230839234398	4.469792219487703	79.33859353390649	0	74.86880131441879	79.331594846879	51.9009448185999	64.78922385463493	0	12.88827903603502	64.00882099074261	15.8180401123479	21.91700870803137	0	6.098968595683478	20.54265682045238	24.90516635928164	39.20610822348812	0	14.30094186420648	38.38302469501745	144.9016291937533	178.4112719735308	0	33.50964277977753	173.1121453620214	7.871751652196083	486.6892331564604	0	478.8174815042643	483.3567924847773	421.5363626979336	441.0947459279809	0	19.55838323004732	428.5199099644305	31.6879260616297	44.4098470563774	0	12.72192099474769	42.44979108589392	51.81019984857569	59.31059957723267	0	7.500399728656978	59.29090486595658	1334.888838394777	1581.213717894207	0	246.3248794994305	1549.298186920782	117.2899001983013	166.5294430587928	0	49.23954286049148	163.2993818207634	91.37011452372566	326.5402675691108	0	235.1701530453852	306.6845386611286	5.327829815622754	8.168445203564231	0	2.840615387941478	8.149200993544046	345.8301606615565	380.3553476314846	0	34.52518696992807	373.438394940346	20.25114567754217	101.271394654714	0	81.02024897717183	99.15742130420732	18.2226088197327	69.84995844643993	0	51.62734962670724	69.72219255993438	55.06502142046688	193.3855544407502	0	138.3205330202833	187.4856131210146	30.19331364928552	115.7424763529912	0	85.54916270370566	106.5169896481661
15.70012561319646	102.3636728164951	104.8553139032326	0	2.491641086737512	103.5415114982579	108.7783512853138	111.3110213962505	0	2.532670110936649	108.927028280787	27.13151804544557	37.86479996508874	0	10.73328191964317	37.04306378205903	8.428734802049046	30.48368021678167	0	22.05494541473263	30.10024554966682	77.48855971522707	81.47876258277134	0	3.990202867544273	78.43254815615792	139.5544260947302	141.3374182887805	0	1.78299219405028	120.6440836302883	535.4101311802796	680.0450976786494	0	144.6349664983699	673.3317656082896	128.5256118859111	162.1431578806433	0	33.61754599473217	157.8058414669809	205.3228227276855	222.5884254920854	0	17.26560276439988	217.4463168015048	23.95858581418797	35.43828557941962	0	11.47969976523165	34.84309227510339	6.04144656140241	21.78030681392825	0	15.73886025252584	21.29083716685684	13.05866372293446	37.60353659403768	0	24.54487287110322	36.35999284260591	36.77109732531852	116.7280284395458	0	79.95693111422732	114.6931999821229	129.4689846608561	254.033908463734	0	124.5649238028779	251.0654337736461	11.21792059909649	135.8515265026917	0	124.6336059035953	131.0397320283029	16.97627730362858	267.6176312314549	0	250.6413539278263	257.6539336811801	104.4782118108864	244.3910286095678	0	139.9128167986814	234.0479261408205	15.60228079759664	80.04826877933877	0	64.44598798174212	76.92065654382375	9.325554780849119	102.4395571640343	0	93.11400238318514	99.21006687221201	9.282810916313094	156.0971404674944	0	146.8143295511813	151.627102442423	5.759898269973565	15.33302955425484	0	9.573131284281274	15.09077835799551	5.645853404279957	25.62658055423259	0	19.98072714995263	25.62658055423258	4.437895828176425	65.05754823193382	0	60.6196524037574	65.05147936022965	51.0878493012091	65.15247464175914	0	14.06462534055005	64.39364412617655	15.88001201663394	22.7998303512175	0	6.919818334583565	21.42948107951058	22.49631320425062	40.16626328876421	0	17.66995008451358	39.38847093370366	150.241611799392	190.8039209239539	0	40.56230912456182	185.5256982646641	10.88115969924913	353.0023776743622	0	342.1212179751131	350.3821226195863	297.3346633138568	319.1786407631642	0	21.84397744930746	310.3556594086439	23.06323535493762	34.61399008689354	0	11.55075473195592	32.89318387609451	49.86113544227339	57.82771018386034	0	7.966574741586955	57.80893642523625	1280.202924252946	1585.562772242939	0	305.3598479899924	1555.582414780241	131.9071766786016	185.6227270105	0	53.71555033189845	182.1273846658152	89.27014583145269	335.2127726451895	0	245.9426268137368	315.217517581875	5.411813935768635	8.238835868277175	0	2.82702193250854	8.219241350851052	372.4955997731508	403.4763078667631	0	30.98070809361233	395.8393701618829	28.54229262949715	98.41066134458434	0	69.86836871508719	96.25530914215109	20.39564290248331	63.10314283272922	0	42.70749993024592	62.97791402514382	61.26005449748752	176.7968577574107	0	115.5368032599231	170.9283750212751	33.4706137604468	105.41190784993	0	71.94129408948325	96.33312254844579
15.71599226399645	67.46042332310064	70.48875133064207	0	3.028328007541435	69.67300287721208	76.14635473121766	79.19215178132157	0	3.045797050103903	77.63743880267974	19.92439189768075	30.39331141080383	0	10.46891951312308	29.72736359896068	8.513591049372394	29.43282968502648	0	20.91923863565409	29.05612953537521	53.8929850634251	58.00284283832602	0	4.109857774900928	55.8576068806295	98.97567742190549	100.9871251440904	0	2.011447722184879	87.24595540842668	510.8591840004734	654.8865681713214	0	144.0273841708479	648.4226221350331	123.3933684605089	159.5464770217334	0	36.15310856122443	155.3803910882463	126.6741606625698	144.0800566587195	0	17.40589599614966	140.7629784944142	22.65201843579581	33.80339125331824	0	11.15137281752243	33.22898992021729	7.124238024446859	21.98994772172435	0	14.86570969727749	21.48437231225551	13.62591287883351	37.38157013949495	0	23.75565726066145	36.12681349949461	26.29441478798945	116.0203252214786	0	89.7259104334891	114.081929114998	105.5525965798808	238.3943621370536	0	132.8417655571729	235.6931298958622	11.86029571870046	125.8666714626028	0	114.0063757439024	121.2767584026055	20.01367379835565	248.2769878237225	0	228.2633140253669	238.7924694440384	72.60455076474119	203.8113231859137	0	131.2067724211725	195.0286247766595	15.26828981427054	73.04749644736779	0	57.77920663309726	70.09649523972801	9.41647118325414	90.03047913101472	0	80.61400794776057	87.0739897731693	9.612833581504152	133.9825229864432	0	124.369689404939	129.9684414468942	5.585708295393314	14.60744495706961	0	9.021736661676298	14.37237242567161	5.530204215161285	23.26066239780297	0	17.73045818264169	23.26066239780297	4.562829410339839	51.33501090675464	0	46.7721814964148	51.3298704965107	46.56670315970732	61.34017184083073	0	14.77346868112342	60.63927707899933	16.14326461528144	23.95480052233383	0	7.811535907052391	22.57424470246076	46.38101835641676	65.88314129213127	0	19.50212293571451	64.65797259861627	176.1258348914791	220.4429912791136	0	44.31715638763443	214.5567611934159	16.22082709990721	252.7037611642298	0	236.4829340643226	250.6462811518133	236.5605611108303	261.0362963070617	0	24.47573519623148	254.0484055592235	26.98518064329373	39.56086980514537	0	12.57568916185163	37.51276024696869	44.79027119565352	53.11034418540395	0	8.320072989750422	53.09337918321952	1180.468017817503	1499.897455926749	0	319.4294381092469	1471.949279419598	143.3381319685759	198.1114480224587	0	54.77331605388285	194.4088550785198	86.46014821653776	337.1082192841435	0	250.6480710676057	317.1858123881422	5.541826553105691	8.431968611746816	0	2.890142058641125	8.411935876981175	421.626913582094	451.275491594949	0	29.64857801285501	442.557177206177	45.94509327242641	111.2692979329987	0	65.32420466057225	108.7701273943925	22.874035178314	61.88272903094923	0	39.00869385263523	61.75401537457778	68.65259607940455	174.9064415595677	0	106.2538454801631	168.8096947969043	37.19523012874441	103.3612578396346	0	66.16602771089022	94.05162517063124
15.73185891479644	45.26022048909779	48.87731283389412	0	3.617092344796337	48.35268731329272	63.42562731874257	67.00937232131912	0	3.583745002576561	65.79926687318682	13.81982978980529	24.0662854167788	0	10.24645562697351	23.534599006984	8.598183555591634	28.46456066251264	0	19.866377106921	28.09394171082338	33.30088070872262	37.53247114613685	0	4.231590437414238	36.1625252787532	71.7201593480181	73.93684244869159	0	2.216683100673494	64.57782107061944	469.6601183950618	601.4557775405956	0	131.7956591455339	595.3743547881722	110.9898132180747	147.4822184908072	0	36.49240527273258	143.6475082138471	113.5593535563038	130.8535249616204	0	17.29417140531659	127.8383540645754	26.45291015018323	37.7062109374255	0	11.25330078724227	37.06657617681341	9.507384685359975	24.73168700367383	0	15.22430231831386	24.16530461700729	16.08920013795968	40.28206878565824	0	24.19286864769856	38.93353306250732	21.13373839406034	111.6857238712108	0	90.55198547715044	109.8305514063959	74.48329572363119	206.0758342387377	0	131.5925385151066	203.7449603513053	12.34699402480015	116.9971803782596	0	104.6501863534594	112.607182913569	20.30658956253162	228.8898640571649	0	208.5832744946333	219.922852907024	42.92650057459141	166.3449610934877	0	123.4184605188963	159.0511897880978	15.23812045553764	65.90214592716835	0	50.66402547163071	63.12690404519697	9.71992917867604	78.6388205577817	0	68.91889137910566	75.93605771885272	10.15231690259049	115.0416742263428	0	104.8893573237524	111.4269298994812	5.499738118800918	13.80250306247095	0	8.302764943670034	13.57410365057928	5.553524473110155	20.99403586387158	0	15.44051139076143	20.99403586387158	4.868705280919139	40.33138344268892	0	35.46267816176979	40.32701442830736	41.94438235179888	56.93858958443177	0	14.99420723263289	56.29225787488615	17.28939290334684	26.00014465728333	0	8.710751753936494	24.55759746397338	40.42861047651654	59.17557961077922	0	18.74696913426269	58.06774615732501	227.4773962484862	270.3274898728282	0	42.85009362434199	263.0671362559641	17.29512455206223	181.9674876494316	0	164.6723630973694	180.3383315397224	223.6508348365235	250.9098643337828	0	27.25902949725926	244.3941847745438	30.18434649145022	45.23773633529817	0	15.05338984384795	42.98349180404551	40.42279026775312	48.97709614279916	0	8.554305875046037	48.96161434777642	1054.521298259335	1343.370532112096	0	288.8492338527612	1317.653925198152	139.3259006827952	192.0584985571196	0	52.7325978743244	188.429685146405	85.18526503554587	334.5652116701088	0	249.3799466345629	314.769913549181	5.728504399728544	8.760373996168685	0	3.031869596440143	8.739815371566058	446.4346499464424	476.6862324619469	0	30.25158251550459	467.5059061539427	63.59122516038985	130.6051118625853	0	67.01388670219545	127.6843492362141	25.13428927571738	64.23892436059855	0	39.10463508488117	64.10412309317682	75.40348735846534	182.2755399342973	0	106.872052575832	175.8631777369295	40.55584091472568	106.806327321647	0	66.25048640692135	97.10495279622815
15.74772556559643	37.7044577400623	41.81465539193889	0	4.110197651876591	41.39195139574001	69.84800407766191	73.86991521406867	0	4.021911136406762	72.62472290024978	8.699192920060133	18.65012875354984	0	9.950935833489705	18.23405645488483	8.57187085006969	27.2982984257615	0	18.72642757569181	26.93599790310068	16.9938261702347	21.2404943893454	0	4.246668219110691	20.47182075778078	66.53440444761945	68.86010760227043	0	2.325703154650983	60.64278879353556	406.1352331193717	518.1904615840494	0	112.0552284646778	512.7070932055851	92.05692029396381	127.0682166288921	0	35.01129633492832	123.7266202763401	171.6998426718062	187.9966189214404	0	16.29677624963414	183.5942242596661	34.87964206092437	46.27843472002268	0	11.39879265909831	45.49717163963594	13.49156878418822	30.54976126697964	0	17.05819248279142	29.87324224245575	20.89318934341376	47.23764988428723	0	26.34446054087347	45.69547965042254	20.74810386749759	107.8199382114848	0	87.07183434398716	106.0071343132676	40.83118723976033	168.7682870996137	0	127.9370998598533	166.8430111202686	12.60707841008664	109.5752382149839	0	96.9681598048973	105.3558662741044	17.6215951753283	209.7265706087534	0	192.1049754334251	201.3164113256481	17.80802096099062	133.6802725736969	0	115.8722516127063	127.7126252782796	15.67216991388728	60.31211786763708	0	44.63994795374979	57.66344686156688	10.3000340286572	69.94194697439288	0	59.64191294573567	67.43125141733417	10.94188277847779	101.0012342351263	0	90.05935145664847	97.68501506274546	5.572727852137219	13.22092822170765	0	7.648200369570426	12.99544941386081	5.807380551670261	19.46027758209806	0	13.6528970304278	19.46027758209806	5.487823466516504	33.4056966491255	0	27.91787318260899	33.40180846105092	37.15779925833021	51.85912210118069	0	14.70132284285047	51.26722257460337	19.37940781717896	29.00209203795346	0	9.622684220774495	27.44591030390893	14.12539106186753	29.69536351221107	0	15.56997245034354	29.10905546558766	291.2069585444916	327.8118388769352	0	36.60488033244354	318.6003111314715	11.87159864380207	134.3881474606059	0	122.5165488168038	133.0823225721076	251.8422348088008	281.9140633086854	0	30.07182849988457	274.7907841320263	33.42482326802161	52.46115391125554	0	19.03633064323392	50.10056817347642	37.16572808446702	45.87094717301122	0	8.705219088544206	45.85654118193297	898.3944571734551	1129.001994468016	0	230.6075372945605	1105.978722424207	118.9860602208182	167.27564898627	0	48.2895887654518	164.0289516476623	88.98788442063037	342.8534574583064	0	253.865573037676	322.6563986882203	6.082161605563396	9.435594708452383	0	3.353433102888989	9.414108997484158	428.714931534285	460.2755783839526	0	31.56064684966755	451.5385977899128	82.20580815780349	158.6020447440451	0	76.39623658624157	155.1867552400335	26.85651680297416	68.84580561995304	0	41.98928881697887	68.70464578672082	80.54638371157669	195.2739150032152	0	114.7275312916385	188.567997027551	43.08228447224692	113.7583791556974	0	70.67609468345049	103.6512445032577
15.76359221639643	43.82507164720044	48.1210364627961	0	4.295964815595663	47.65048878251239	85.49684663066959	89.61853008159022	0	4.121683450920621	88.16857908382035	12.57755921882313	22.22491090883745	0	9.64735169001432	21.72319859348791	8.610595216299483	26.2645897469792	0	17.65399453067972	25.9088445893448	20.72604800755946	24.9065620479641	0	4.180514040404645	24.00439626445877	63.22557617254306	65.54077903380416	0	2.315202861261091	57.98779511752571	345.7950087250038	436.7789882469973	0	90.98397952199356	431.8673973461129	69.48046084845768	101.6495064039042	0	32.16904555544651	98.90970571870966	172.6176112156808	187.8618060503075	0	15.24419483462673	183.3525746836548	31.55265190189783	43.30354914209031	0	11.75089724019248	42.57888383693403	12.38174777121772	32.34091111919626	0	19.95916334797854	31.66080692404584	20.10797571023429	49.45208134182044	0	29.34410563158615	47.89812210688773	36.8200779700056	115.9461846868035	0	79.12610671679786	113.9403010451506	61.52271848637223	181.267369734985	0	119.7446512486128	179.1593424196529	13.22371248879617	105.2369044398611	0	92.01319195106494	101.1083354916875	18.34029320204479	199.3240984954664	0	180.9838052934217	191.1905374645596	35.33722360923784	144.8487616374844	0	109.5115380282465	138.2747732258181	16.17028870479626	56.51968044355608	0	40.34939173875982	53.94922197175876	11.0139449764594	64.8197822758342	0	53.8058372993748	62.41617059355577	11.93459488135861	93.35782109893896	0	81.42322621758035	90.19759886814364	5.553883433739888	12.64291366515414	0	7.089030231414247	12.4211628684399	6.024585736956516	18.56935443503061	0	12.5447686980741	18.56935443503061	6.218265021457776	30.34641006538827	0	24.12814504393049	30.3427069269783	31.19016620647499	45.1304244145448	0	13.94025820806981	44.60625725807468	18.9539162140538	29.15808743737567	0	10.20417122332187	27.63091058572602	6.181378805976588	17.99180179087914	0	11.81042298490256	17.60366437758511	263.8908531983373	292.7383447736759	0	28.84749157533862	283.8661060519192	18.69624234828054	124.2179642558869	0	105.5217219076064	122.9556301444176	227.0234761309452	259.266006738203	0	32.24253060725784	252.8481241553956	35.76309776589008	59.91300369855428	0	24.1499059326642	57.56633513842043	29.93553185811287	38.68122560196023	0	8.745693743847356	38.66910718771069	737.755834488989	906.5218118353195	0	168.7659773463306	886.2604475840109	94.71681980984249	137.417070446532	0	42.70025063668952	134.6437306676853	124.9608824245698	382.3154159294979	0	257.3545335049282	359.9526717171033	6.191032809222938	9.899969242520191	0	3.708936433297253	9.878408285549945	443.8755090961226	477.8358985632036	0	33.96038946708097	468.9755813938243	68.14445497396213	160.2025069921548	0	92.05805201819267	156.9501109951701	27.97425997194971	75.27626250066521	0	47.3020025287155	75.12891693968255	84.04873204000353	212.8715014555172	0	128.8227694155136	205.9059128230127	44.70800115591595	123.5293904277854	0	78.82138927186949	113.0285739718781
15.77945886719642	61.15902360167967	65.26312734215944	0	4.104103740479768	64.62722612443889	108.8040149020625	112.6666337200986	0	3.862618818036109	110.8586134828517	24.78847839957402	34.14974798849551	0	9.361269588921495	33.3699523859994	8.567357368764881	25.35589470762405	0	16.78853733885917	25.00632776356246	42.1622973554945	46.18870455962782	0	4.026407204133317	44.49944917561591	60.09176888614461	62.28257594286357	0	2.190807056718964	55.1649704662048	271.2345090826894	345.1662111044462	0	73.93170202175679	341.0319923142251	44.04820062582071	72.89114943046468	0	28.84294880464398	70.86046898465813	79.17685502753339	93.26081358034976	0	14.08395855281638	90.9633667499123	12.80053095120558	24.83678800458709	0	12.0362570533815	24.4249875643032	6.986311129350243	30.44021035064625	0	23.45389922129601	29.83261767152103	15.01379335876007	47.80617511761577	0	32.7923817588557	46.36033221674494	73.83254060359421	144.5613342692493	0	70.7287936656551	141.9638477007214	140.7351972496947	252.755522390756	0	112.0203251410613	249.7406288259071	13.83683182983733	104.0244784461465	0	90.18764661630918	99.91186273755083	22.07181760899102	198.4542042972791	0	176.3823866882881	190.2923122682256	94.78043071829079	200.2458978635293	0	105.4654671452385	191.0552685875066	16.78790101001448	54.68984389212169	0	37.90194288210721	52.14347028086895	11.63237377200904	63.00596986088941	0	51.37359608888037	60.63234053777686	12.66506120209653	91.54174406212131	0	78.87668286002479	88.40964876866343	5.55157082527957	12.23699224978156	0	6.685421424501985	12.01718996631221	6.210667620528763	18.29791358800325	0	12.08724596747449	18.29791358800325	6.826501644412604	30.11162738972523	0	23.28512574531263	30.10789847818951	24.10050432835236	37.04380485347117	0	12.94330052511881	36.60241096569368	16.60127915104194	26.99232985428817	0	10.39105070324623	25.59367913225605	11.5206079775546	20.39391494500246	0	8.873306967447856	19.90875084921465	124.1586396859214	146.6734520437994	0	22.51481235787798	141.8385018291519	42.35181933963919	150.1432235381464	0	107.7914041985072	148.6226368821915	149.2665097561292	182.6106794763733	0	33.34416972024418	178.1380562577705	37.00994133311342	66.98621130797817	0	29.97626997486475	64.69910182293222	18.85713668660223	27.54112264742211	0	8.68398596081988	27.53247804491434	495.1817645250432	616.6046246300126	0	121.4228601049695	601.344658206918	64.41771230969003	101.8831826905294	0	37.46547038083938	99.73684158020522	208.2361074421898	473.4321716970097	0	265.1960642548198	446.0001423696254	6.167842725334824	10.25154863527703	0	4.083705909942206	10.23020724341196	463.6581644652538	499.7273010565174	0	36.06913659126351	490.6757398614955	27.03199077443565	138.9936495883482	0	111.9616588139126	136.3370939527499	28.06889659775038	82.09312438143776	0	54.02422778368738	81.94108495902957	84.55237611234955	230.7771447015392	0	146.2247685891896	223.6458237499278	44.81397066272044	133.8462310848731	0	89.03226042215263	123.0511369206645
15.79532551799641	49.59568842946476	52.86175802480234	0	3.266069595337585	52.3279697044379	85.41668179327266	88.29661122794442	0	2.879929434671764	86.82785063779193	31.90989008439023	41.07328404210138	0	9.163393957711152	40.12659676508341	31.74416712019762	48.03253623635675	0	16.28836911615914	47.36240647804546	40.55972445095581	44.3354327554588	0	3.775708304502992	42.68162803714012	43.67152027846406	45.52325262335564	0	1.851732344891582	40.18490720607576	184.5870139438013	246.890084737898	0	62.3030707940967	243.7677130460297	24.63930841824369	50.04211543244951	0	25.40280701420582	48.59301374748003	17.50259294922473	29.33209325129519	0	11.82950030207045	28.5705530639883	6.182403798722635	17.61364308972908	0	11.43123929100645	17.31777157516693	30.45774619769486	58.67074385950412	0	28.21299766180926	57.56463018914382	102.7869230082553	140.7270169262124	0	37.94009391795709	136.6678864308491	106.0419887217619	174.8604420810636	0	68.81845335930164	171.6763691907295	214.1488004315771	325.8196224577633	0	111.6708220261862	321.9049816435308	44.80541557329492	137.4898834126181	0	92.68446783932319	132.0973360319868	75.3308046965267	256.1139611498353	0	180.7831564533087	245.6468015903291	107.7332445408697	212.7336820723873	0	105.0004375315176	202.9511775360313	214.5875830132241	251.8335284477591	0	37.24594543453505	240.0084752230429	84.6222118110104	137.4830608659465	0	52.86084905493614	132.3382758147201	62.01497508594382	145.9852443034335	0	83.9702692174897	141.0725418017577	24.67012385242175	31.01093338560899	0	6.34080953318724	30.44273119994577	25.90548907891455	38.16367893454036	0	12.25818985562581	38.16367893454036	21.8050228942492	47.46374965160439	0	25.65872675735519	47.45802283812877	16.12659313255336	27.91691020361001	0	11.79031707105665	27.57335936616462	14.90860609603477	24.66492682796764	0	9.756320731932876	23.37601595125494	11.20861412732899	17.6687172169553	0	6.460103089626309	17.20122986846617	32.78616607533383	50.14297333257344	0	17.35680725723961	48.33756675078786	53.52297578329102	190.3395097253742	0	136.8165339420832	188.5325898041447	84.57662659382902	117.1306444345821	0	32.55401784075307	114.2525811900895	37.59454945819353	73.97049015170312	0	36.37594069350958	71.72070007295873	10.66943654315763	19.15777710892272	0	8.488340565765093	19.15172315741828	267.6525698034081	357.6336303879779	0	89.9810605845698	347.8767148886008	38.55395118549216	71.73087355632555	0	33.1769223708334	70.15669241399547	886.2380934933487	1190.300079823071	0	304.0619863297221	1124.464586631203	11.89652303130546	16.24067693799446	0	4.344153906689003	16.20804584077777	391.33271883556	426.472871418564	0	35.14015258300392	418.7260920112798	373.7231846005994	514.6070720073469	0	140.8838874067474	505.4144963784875	132.7506169562009	194.9415354598877	0	62.19091850368681	194.6003311163406	1151.02870470621	1318.070873719287	0	167.0421690130773	1279.629923178642	292.6617485926267	393.9176494979202	0	101.2559009052935	363.8034389083126
15.8111921687964	19.68996085255919	21.88384839871757	0	2.193887546158382	21.64512626269961	32.9397044293722	34.70540413017787	0	1.765699700805671	34.07945362214841	34.16507806484716	43.16761778573743	0	9.002539720890274	42.16557295144394	76.53090145812125	92.54510633233475	0	16.01420487421349	91.24554902294557	18.18418426621282	21.65308355022696	0	3.46889928401414	20.82116567315089	17.96554903204331	19.42332464365668	0	1.457775611613377	17.00234003166065	80.33490574090069	133.9905413976556	0	53.6556356567549	132.2127987315531	12.63995651500318	34.47424593678662	0	21.83428942178343	33.42799459458764	8.566021006038428	17.82186664723858	0	9.255845641200148	17.31966247780298	11.40821786125533	21.48691686341558	0	10.07869900216025	21.11165966594329	76.52855310382651	110.5303712843857	0	34.00181818055916	108.5627296109681	269.3072037798918	313.8243729059775	0	44.51716912608565	305.2410063643519	120.0702060093944	191.5126438014966	0	71.44243779210228	188.0633033271002	253.8580777563162	368.1226608221171	0	114.2645830658009	363.7257626035419	104.2285618218163	203.7245202412498	0	99.49595841943348	195.91928928312	174.5121732973472	368.7771805799329	0	194.2650072825857	354.0065513824797	66.56865819048984	174.2684204639064	0	107.6997622734165	166.3115200725721	597.9285072767121	635.7044124591625	0	37.77590518245032	605.9544657601007	226.5181857852136	284.2556378138119	0	57.73745202859831	273.8931703587686	156.4445170275957	253.3714846307655	0	96.92696760316983	245.1885416051397	61.11998526195979	67.14643665260286	0	6.026451390643066	65.89202249264223	64.67006093439399	77.53318011172007	0	12.86311917732609	77.53318011172007	50.66453837491589	81.92847289756904	0	31.26393452265315	81.91915570767587	7.676875542041533	18.18916801559237	0	10.51229247355084	17.95608297657376	14.42233194757188	23.08969126508095	0	8.667359317509069	21.84924221762851	7.294477584934127	12.06191629440356	0	4.767438709469433	11.70488827110939	25.43392978612325	39.14642316771356	0	13.7124933815903	37.60694352847459	43.25902561987835	252.546135471574	0	209.2871098516957	250.410147754355	41.13779001480641	71.43157261260124	0	30.29378259779484	69.64679720524936	38.08545166421563	81.87175296778786	0	43.78630130357223	79.61817639145359	5.889987610260734	14.07031381794913	0	8.180326207688401	14.06581391285512	120.5131364482774	187.709587412004	0	67.19645096372665	182.0645658089987	18.98754335624941	48.41052421034652	0	29.42298085409711	47.30395665593962	2074.214774722793	2455.001769087156	0	380.7869943643637	2330.044132803881	23.15742294383011	27.72542005496715	0	4.567997111137036	27.67109090630668	260.0120943209346	291.5188782495206	0	31.506783928586	286.0467736249789	996.9638173703947	1176.049948673584	0	179.0861313031894	1156.451383046691	329.5602846157169	401.6754082122312	0	72.11512359651432	401.0122998493707	3136.247254953957	3328.011950190451	0	191.7646952364942	3236.525366497393	755.8534828149952	871.7134428743295	0	115.8599600593344	808.6525196714171
15.8270588195964	6.779361818377716	8.311330452458929	0	1.531968634081214	8.211716732494972	9.65028171329668	10.92483818578922	0	1.27455647249254	10.70829470838923	27.95545797486924	36.68925042361577	0	8.733792448746533	35.82947651259007	82.32967448694592	97.89165042378646	0	15.56197593684054	96.50532403974269	7.170196542075122	10.32992727621456	0	3.159730734139438	9.918388148594817	6.188863899234183	7.410743317424109	0	1.221879418189926	6.412394263077386	22.79345034653839	68.61215022489431	0	45.81869987835591	67.65471989582782	7.272252220232568	26.05610317967155	0	18.78385095943899	25.22534102917738	6.383587006161249	13.31179664497433	0	6.928209638813085	12.89730968233862	13.77067649886108	22.03317139476033	0	8.262494895899254	21.6234325488275	89.03511616542502	128.2175111919699	0	39.18239502654487	126.0313882792402	335.6911853690134	386.9453837217421	0	51.25419835272873	376.8424570055656	153.2248113875638	232.02712158691	0	78.80231019934622	227.9728404416829	222.6515856440084	347.8598267343711	0	125.2082410903626	343.8242513881776	191.2496121251045	298.6365571395975	0	107.386945014493	287.4917043677602	300.0875803099492	509.6206495805797	0	209.5330692706305	489.6484034206545	49.25327294572119	158.856273854233	0	109.6030009085119	151.6432331156321	899.3709512635263	938.5068481606135	0	39.13589689708711	895.0706659590674	337.9442768667363	401.9274492511028	0	63.98317238436638	387.7307240058249	244.6096181117635	357.9868924880274	0	113.3772743762639	346.9388510258857	90.93798862478549	96.86177591967653	0	5.92378729489105	95.03056493368372	99.25281562667452	113.0264322982078	0	13.77361667153329	113.0264322982078	78.12219886545988	117.2351088794525	0	39.11291001399265	117.2226486139981	3.681565283605129	13.03320547240485	0	9.351640188799722	12.85874744261534	14.71101657063895	22.72994138067313	0	8.018924810034179	21.47305660651362	5.848816234076136	9.802431748057648	0	3.953615513981512	9.484741180082723	24.01125589098849	36.12246255607688	0	12.11120666508839	34.60945096935973	82.77053664683521	412.2928184240645	0	329.5222817772293	409.1931598753117	21.73859752856927	50.10507331528328	0	28.36647578671401	48.829647646731	72.18152929985671	124.4827896154545	0	52.30126031559782	121.3493335313947	3.708406379832067	11.62601242729372	0	7.917606047461648	11.62224924547838	48.2076691077194	97.95362496960243	0	49.74595586188303	94.68649956566973	9.012574128209449	35.03365511971621	0	26.02108099150676	34.19809860948514	3473.249311019979	3977.588432447043	0	504.3391214270641	3794.620055934851	40.17312811032169	45.15098821299414	0	4.977860102672447	45.06505022475226	205.7149566751602	231.5693818572678	0	25.85442518210756	226.9456277528555	1177.742624721746	1394.299905921681	0	216.5572811999352	1372.280652658537	490.1543748224445	572.3361569349004	0	82.18178211245588	571.4391827174643	4487.451911618859	4703.525896724653	0	216.0739851057945	4580.761069255843	1118.771412262902	1249.175359515758	0	130.403947252856	1163.117768165896
15.84292547039639	7.236605958407965	8.579195535215435	0	1.34258957680747	8.468208040826742	10.40420597746862	11.74749539145944	0	1.343289413990821	11.49836853041302	13.83956140187338	22.08702560289184	0	8.247464201018456	21.56007955440129	50.93184431609763	65.52903679971831	0	14.59719248362069	64.58297161221475	7.030997116094349	9.8803644633416	0	2.849367347247251	9.470323225356641	6.29859132371731	7.454232198762892	0	1.155640875045582	6.378877785352808	17.69174863014923	55.47003123604787	0	37.77828260589863	54.64686094656581	7.655758972062558	24.32151258411881	0	16.66575361205626	23.51321573436394	6.652984389517668	12.05318282046503	0	5.400198430947359	11.63833381379466	15.2226875917005	21.82209607362493	0	6.599408481924423	21.38380528961854	75.05758190730207	117.1215050302622	0	42.06392312296018	115.1677381569716	309.2875019759867	365.7015311558267	0	56.41402917984006	356.4523083275246	193.4124659330073	282.6484599773927	0	89.23599404438542	277.9098478635472	89.60600014065658	231.1898669251137	0	141.5838667844571	228.6240603413977	299.2512398173573	411.1856334792384	0	111.9343936618811	396.0673486196777	446.7595770561639	663.312189975946	0	216.5526129197821	637.5726837338538	59.47785801967297	165.9778775075445	0	106.5000194878715	158.3848011113615	1130.217713364392	1171.402536417521	0	41.1848230531286	1118.089083291137	425.13589684115	494.5714363349141	0	69.4355394937641	477.537707406458	327.9316986587942	454.5455459632264	0	126.6138473044322	440.9568746940562	115.6751724623876	121.8036394093874	0	6.128466946999817	119.5141053499646	131.1890378798426	146.1834316090068	0	14.99439372916421	146.1834316090068	104.123294792067	151.8108286727141	0	47.68753388064712	151.7956074755723	3.7991033695645	12.2531443634594	0	8.4540409938949	12.08255754115247	15.41117273087255	23.59912796570259	0	8.187955234830033	22.28341249172586	6.481786819878869	10.28662563851097	0	3.804838818632101	9.936838674782823	18.87465543692583	30.94957012548477	0	12.07491468855894	29.62491544987481	143.4787069991496	607.3242554128179	0	463.8455484136684	603.1269943772402	22.8789513312984	50.98577785025301	0	28.10682651895461	49.67992825898786	139.8958590457286	202.903367265994	0	63.00750822026548	198.2182758139791	3.857830092206211	11.6941975126948	0	7.836367420488585	11.69039242075349	29.95632753761608	65.89909148783821	0	35.94276395022213	63.43723078881564	8.091692728847129	30.98329502710504	0	22.89160229825792	30.21043727122924	4814.041716797235	5477.041528355307	0	662.9998115580719	5248.129372355998	65.01011027893581	70.80000158931267	0	5.789891310376848	70.67200712424199	253.1262688437603	273.6083683995085	0	20.48209955574823	267.6882106859616	1004.969657771361	1245.084663664248	0	240.1150058928864	1225.984770208044	626.6613109034705	717.338213412209	0	90.67690250873856	716.2565501351986	5353.696651687885	5589.780328719495	0	236.0836770316099	5449.327839492388	1415.23544472404	1557.736315835307	0	142.5008711112665	1454.235580390299
15.85879212119638	8.082280363481377	9.747399186319665	0	1.665118822838287	9.617924326436261	11.77249728933315	13.7935570095722	0	2.021059720239047	13.49911677493885	7.687968616303002	15.12542166754752	0	7.43745305124452	14.75255591271393	43.81351179697329	56.6824782751888	0	12.86896647821551	55.83181873534487	6.795741497733948	9.3329542616463	0	2.537212763912352	8.927487826092017	6.584794517956095	7.890384424395154	0	1.305589906439058	6.712039070527251	14.93786576869337	44.06283035468111	0	29.12496458598774	43.35240763307249	8.063478238010136	23.70891547971124	0	15.64543724170111	22.90092364505866	6.888782258426449	11.40869207380178	0	4.519909815375328	10.98291333534798	13.11393829300603	18.45700146184986	0	5.343063168843837	18.05716451420967	62.74231831194763	104.7730395064128	0	42.0307211944652	103.0266280749833	279.3949982652202	338.2570796604714	0	58.86208139525124	329.8248073921059	240.3520359329592	341.9597375740012	0	101.6077016410421	336.4615877783153	186.5455201484957	349.1515045589349	0	162.6059844104392	345.4583643800506	308.7388104588172	417.5656273988091	0	108.8268169399919	402.0944038635199	451.5759992851345	657.7933227815422	0	206.2173234964077	631.9425494369177	53.08824516406646	148.5461017180954	0	95.45785655402894	141.5399313263525	1315.517884838468	1359.549040325595	0	44.031155487127	1299.018517082047	459.5797341986717	531.7335985814899	0	72.15386438281816	513.6451147995446	339.5649005158799	469.1526471076763	0	129.5877465917964	455.2329291209498	149.3113850511207	156.1335414793409	0	6.822156428220277	153.2906957026623	156.1292025105791	172.8335468130346	0	16.70434430245551	172.8335468130346	110.566405337226	165.8146407320264	0	55.24823539480038	165.7987051979782	3.906972321269833	11.78459661465283	0	7.877624293382997	11.61558565249609	16.70377432920851	26.32045941433135	0	9.616685085122844	24.89559444727116	7.063014366309227	11.18474545194394	0	4.12173108563471	10.80552263191797	16.43436111392998	29.617249087522	0	13.18288797359202	28.3741091155946	126.4658070723745	662.1330385114396	0	535.6672314390651	657.7131338094663	24.17429850770916	54.86018627800583	0	30.68588777029667	53.47996897543413	184.3877582860467	262.0802879904657	0	77.69252970441904	256.5606399819287	3.976481340205602	12.03492625530034	0	8.058444915094739	12.03103822904778	21.18721912964985	45.8087678736355	0	24.62154874398565	43.85632354657911	7.529915005723101	27.44119324038503	0	19.91127823466193	26.72194274932591	5349.55715100868	6173.005640703093	0	823.4484896944131	5933.056250029861	94.82285665660343	102.2574236043705	0	7.434566947767066	102.0884206152859	241.2073535014259	257.470328084422	0	16.26297458299614	251.4184550211749	824.2434833514063	1067.093623763189	0	242.8501404117824	1050.786908633253	692.1555804039531	787.797284347651	0	95.64170394369799	786.6349856054601	5794.477062451621	6041.904928819945	0	247.4278663683237	5893.291485357739	1562.510845426689	1712.006373470142	0	149.4955280434527	1600.556070201111
15.87465877199637	9.047632389561297	11.35544737890319	0	2.307814989341895	11.21021098165777	13.22278256457288	16.28614689859691	0	3.063364334024038	15.96070939257038	8.757163659723069	15.20532790186341	0	6.448164242140344	14.81183183704596	60.50200040652753	71.18300602930519	0	10.68100562277766	70.04836803040696	6.769306772189454	9.058798961975707	0	2.289492189786255	8.646043177704291	7.088526356718315	8.681294385482783	0	1.592768028764467	7.401051248579119	14.02332089549184	35.14762165786473	0	21.12430076237288	34.51782885044715	8.526575231674849	24.22133481658433	0	15.69475958490949	23.3932207135287	7.154277247337076	11.2132871182754	0	4.05900987093832	10.76904723458608	7.2484966629529	11.70074138284519	0	4.452244719892289	11.42896145443662	53.09252142277845	92.92332585112854	0	39.83080442835008	91.35146429691113	253.7438460939902	312.5782214298249	0	58.83437533583463	304.7929194299171	290.6111774678308	408.1690189431044	0	117.5578414752737	401.9021654215695	493.6163590714439	685.4439579183999	0	191.8275988469559	678.591697273675	238.6949081303895	336.4699852876827	0	97.77507715729327	323.5708377903525	337.927221081075	516.7219714117094	0	178.7947503306344	495.6015607737826	34.82096542663776	112.9741676250536	0	78.1532021984158	107.3290261406792	1427.519837335418	1474.986052103111	0	47.46621476769238	1410.961948230686	443.5471975785574	514.711655327457	0	71.16445774889965	497.1495137513243	294.8923360305884	414.8640307406326	0	119.9716947100443	402.3036360784805	188.9652969610785	197.0210685962614	0	8.055771635182836	193.6364570947255	170.0678029016613	189.0485113666679	0	18.9807084650066	189.0485113666679	100.6228605380982	161.033338651854	0	60.4104781137558	161.018252537992	4.100362228643237	11.74738799161526	0	7.647025762972028	11.57632313398188	17.87798745486132	30.2721145177704	0	12.39412706290908	28.74020704953006	7.599492155166902	12.37636875463862	0	4.776876599471718	11.97504324046661	17.36690571542741	32.52449353187497	0	15.15758781644757	31.22394937468518	70.54724955761816	565.1073708107718	0	494.5601212531537	561.2661067423682	25.41078368621533	61.89938897715002	0	36.48860529093469	60.40684183691967	201.8097779807331	298.6291246942798	0	96.81934671354668	292.9047622626505	4.07215206935803	12.67399928208113	0	8.601847212723102	12.66998839383603	20.51138702571262	36.82546869754089	0	16.31408167182828	35.00549489093675	7.623591538144969	24.89369608198208	0	17.27010454383711	24.2061799128643	5216.117849352645	6180.193104491826	0	964.0752551391814	5951.931220350856	125.7899444906136	136.0250887937076	0	10.23514430309399	135.8262684193032	153.9132295472957	167.0587219549039	0	13.14549240760817	162.8000165841366	680.5774974965265	909.8176714604324	0	229.2401739639058	895.7058693634748	696.547115067683	792.3251961013926	0	95.77808103370973	791.1593807292429	5878.882519904087	6126.328476687439	0	247.4459567833527	5976.035704128046	1575.023554959761	1724.684401237509	0	149.6608462777482	1612.693667473593
15.89052542279637	9.927198509687015	13.20892310300546	0	3.281724593318442	13.05537695582173	14.59767729770111	19.17913614273559	0	4.581458845034478	18.84196997174043	8.505986388000046	13.96204495282709	0	5.456058564827049	13.57826491301994	63.13050673398512	71.59619283071723	0	8.465686096732099	70.36207768230057	6.832140702766023	8.980069029986057	0	2.147928327220033	8.553503209659771	7.654814512224525	9.633868232153459	0	1.979053719928934	8.296068217922171	13.30244454412528	28.00467383940234	0	14.70222929527706	27.43726260373128	8.911353783672453	25.67268904123414	0	16.76133525756169	24.8115089752277	7.503064547054414	11.43102971252596	0	3.927965165471545	10.96208172844578	4.159093120560418	8.092423008889137	0	3.93332988832872	7.893872836623157	38.6707712830455	75.3481067937298	0	36.6773355106843	74.04310214201479	192.2445775730119	249.2836449969695	0	57.03906742395761	243.0194691971583	319.8179920911575	457.2653159301701	0	137.4473238390127	450.5781444581802	798.7529018267633	1029.258094399368	0	230.5051925726042	1019.585176518658	156.9092030360211	238.689927584295	0	81.78072454827395	228.9823931121684	214.3480803105556	356.4215904226136	0	142.073510112058	340.870784105965	22.00547837330954	80.77742730839022	0	58.77194893508067	76.38305643864567	1427.640944100389	1478.269241347029	0	50.62829724663946	1415.514025085924	382.4363303054037	448.3312865005218	0	65.89495619511814	432.7014182595732	215.0869426333025	315.151530047268	0	100.0645874139654	305.1247587796501	215.1166071462303	225.0106478513237	0	9.894040705093351	221.4238661126932	164.3068678425772	185.9330854107368	0	21.62621756815952	185.9330854107368	77.99593614237183	139.4886380175804	0	61.49270187520854	139.4756448816594	4.287884611739162	12.06723690416319	0	7.779352292424032	11.89199217896363	21.1852837347085	38.24354682578338	0	17.05826309107489	36.48018518454857	11.02243562931791	16.66735795623185	0	5.644922326913935	16.16269106855246	48.66077560281721	66.34330445221073	0	17.68252884939351	63.84880729204188	35.27703515859883	399.183289686438	0	363.9062545278392	396.2652746032872	26.12048289742338	72.15547157461039	0	46.034988677187	70.51567068477657	273.1601056092007	392.9086514872114	0	119.7485458780107	386.009776231472	4.130092997668888	13.57779615868787	0	9.44770316101898	13.57363095539187	20.13350903019444	30.97948085762335	0	10.84597182742891	29.19342172917081	7.724856521032248	22.84944267120251	0	15.12458615017026	22.1855295296621	4614.313694927149	5672.613576272171	0	1058.299881345022	5469.260229994171	147.9397191634699	162.651609860336	0	14.71189069686604	162.4441604412845	81.48725001135585	92.73894396907126	0	11.25169395771541	90.2044672599674	516.4716906540052	724.5252346526788	0	208.0535439986735	712.9915935595506	626.6749160983396	717.7144515965708	0	91.03953549823125	716.6410575907189	5340.490920139883	5576.57818947916	0	236.0872693392764	5437.577810364712	1424.667795786247	1567.616889690515	0	142.9490939042686	1464.257191963263
15.90639207359636	10.63554708371069	15.33438549662537	0	4.698838412914689	15.17779060211682	15.77376118946197	22.65425725552125	0	6.880496066059281	22.31580541356827	7.421149792368094	12.06011504607004	0	4.638965253701943	11.70664067016829	54.27215853492858	60.89970423437212	0	6.627545699443544	59.75384596602248	6.993235899819847	9.1284550375208	0	2.135219137700952	8.682953617102219	8.143563421921302	10.55308326387045	0	2.409519841949148	9.217399414138018	12.99986601094012	23.193677553895	0	10.19381154295488	22.65798107303653	9.117950016796401	27.78959620219257	0	18.67164618539617	26.88952729037113	8.01528173390493	12.17125714171212	0	4.15597540780719	11.67049089635767	3.998417321819634	7.826024871644806	0	3.827607549825171	7.629075588345528	17.04426187718115	50.76917812818236	0	33.7249162510012	49.86786498027735	83.9945545799681	138.3307090795256	0	54.33615449955755	134.8035528313935	323.2161489144847	480.6436276327504	0	157.4274787182657	473.903334208176	1081.548898428267	1352.801790052026	0	271.2528916237597	1340.759438743717	66.32956321253481	131.2643439552078	0	64.934780742673	125.4859079768053	89.05969191362296	194.4705645058338	0	105.4108725922108	185.207338501287	13.79926994276621	55.22649803567804	0	41.42722809291183	51.87727018686619	1305.570641978852	1358.060930523143	0	52.49028854429137	1301.174011107342	279.25762822386	336.1923390026737	0	56.93471077881382	323.9668752160774	101.3207402160794	176.8228184732756	0	75.50207825719616	170.7319762926541	220.6630462337906	232.998575967428	0	12.3355297336374	229.5710528772476	136.8715103737875	161.0180824339702	0	24.14657206018268	161.0180824339702	43.88193829247029	101.1910859205291	0	57.30914762805882	101.1814876686149	4.422713957924447	12.66494392080187	0	8.242229962877426	12.48459333003561	26.67412681516004	51.16733418934014	0	24.4932073741801	49.04066383152512	17.29545917573025	23.89196128857727	0	6.596502112847022	23.21792745959527	107.935706442436	128.2171842693917	0	20.28147782695568	123.6655028096087	14.97255427698334	228.6936534375958	0	213.7210991606125	226.7861500798787	26.16960513770388	85.53983121386258	0	59.3702260761587	83.7172094430955	384.7271536725838	528.7209693792115	0	143.9938157066277	520.0964606135091	4.130457051029772	14.63164095470077	0	10.501183903671	14.6273101387358	20.4596191857424	28.16347821323286	0	7.703859027490463	26.28267526002525	7.866080738673162	21.39767187407658	0	13.53159113540342	20.74740406982312	3625.273167966796	4700.477174650527	0	1075.20400668373	4532.953162985028	156.0484989068482	177.2288775430523	0	21.18037863620409	177.0302293054016	33.96702294697204	44.74106728894171	0	10.77404434196968	43.46889581764916	284.2436260786812	471.8322768220896	0	187.5886507434084	464.1046477937096	487.9204837851025	571.0056612961716	0	83.08517751106925	570.124154992215	4184.752045294366	4401.790123889815	0	217.0380785954478	4288.599350432529	1117.31824714488	1248.951187529721	0	131.6329403848412	1164.116472860195
15.92225872439635	11.22892951092435	18.03753281586174	0	6.808603304937389	17.87681566664651	16.80252542917802	27.43825544350537	0	10.63573001432735	27.09139472878668	7.020557986150936	11.08377776991041	0	4.063219783759476	10.73917543848058	39.19128355645685	44.49851079923169	0	5.307227242774834	43.58614152840153	7.23923900469025	9.461079575042561	0	2.221840570352313	8.995929857895	8.552843137225937	11.40627980476164	0	2.853436667535704	10.10541565429309	13.22139049536566	20.70252999972518	0	7.48113950435952	20.16100154906007	10.50205602498865	31.78319134418474	0	21.28113531919609	30.79740074238017	43.92948674871905	48.87558090565828	0	4.946094156939234	46.94944354627675	5.697023111272988	9.952360136466346	0	4.255337025193359	9.707333974441502	5.986021798409245	37.38097755201726	0	31.39495575360802	36.70299563707714	21.97703151420982	72.92599483353759	0	50.94896331932775	71.03017214535676	241.0941298842863	408.8006826815594	0	167.7065527972731	403.1834918655729	942.2551603981314	1236.25084051632	0	293.9956801181884	1225.548469207429	16.12718300098316	65.73003589105612	0	49.60285289007295	62.54599473461036	21.88390400308059	96.46921699571948	0	74.58531299263889	91.35983019851335	9.892665249602443	38.18209310340468	0	28.28942785380224	35.55986035821555	1022.105830279854	1073.983776293227	0	51.87794601337298	1028.923961002566	174.8374573551287	220.5458000363884	0	45.70834268125964	211.986927117015	33.40680440786169	85.39901982361451	0	51.99221541575281	82.1181036230257	197.51256956411	212.6488666118939	0	15.13629704778385	209.7416892692703	95.46104724226502	121.1275073050762	0	25.66646006281121	121.1275073050762	23.13425527289318	70.86096963032342	0	47.72671435743025	70.8539103915187	4.641492991192957	13.63269570315256	0	8.991202711959605	13.44469353505957	151.2733864451324	187.0536018922913	0	35.78021544715889	180.0413107983759	37.65548027108849	45.20437899623341	0	7.548898725144912	44.00352737964381	234.7657872668591	257.2331556042291	0	22.46736833737005	248.4859713426344	6.053453841322114	106.3777270056811	0	100.324273164359	105.2946868704011	44.79220804631627	121.1205633642241	0	76.32835531790782	118.6942348944666	337.470645862331	502.0625741844991	0	164.5919283221681	494.2915699345816	4.278516747228284	15.91836430164011	0	11.63984755441182	15.91381351365303	22.00760547706675	28.39848944075719	0	6.390883963690445	26.2564242516715	8.206711624050401	20.72102151831671	0	12.51430989426631	20.06938111050832	2861.985488135572	3841.994149034376	0	980.008660898804	3701.308126130978	136.8759084253103	166.0560243675542	0	29.18011594224388	165.8886967843789	34.35546766493879	46.4238747335941	0	12.06840706865531	45.1220501675806	110.5306194421914	281.0929986127662	0	170.5623791705748	276.3658006024553	322.6442986426716	396.271477598307	0	73.62717895563537	395.6327526556069	2843.540960239396	3037.564021529194	0	194.0230612897982	2956.037564395028	747.2273058557616	865.2573103188163	0	118.0300044630547	804.0562046043392
15.93812537519635	11.69535039154723	21.63953305718024	0	9.944182665633006	21.46962888731962	17.59132952110889	34.49758783523252	0	16.90625831412362	34.12365725487182	7.132785234531885	10.81673739631797	0	3.683952161786086	10.46356485152369	16.41864913034227	20.82136028192479	0	4.402711151582513	20.35984391689271	7.503480770942118	9.865257292867554	0	2.361776521925436	9.385375742778773	8.896021856842161	12.20815516083471	0	3.312133303992549	10.94892133133142	13.87653577577784	20.00959386838494	0	6.133058092607092	19.42973155860897	13.09973972456113	37.79955759566165	0	24.69981787110052	36.6827688874554	122.8484114857717	129.3325288933302	0	6.484117407558551	124.7088998540728	9.640375614599108	14.96311157997595	0	5.32273596537684	14.62137396752365	6.812505831728872	35.99509873803876	0	29.1825929063099	35.32800236871197	17.48739993703582	63.84872235407933	0	46.36132241704351	62.14120792715628	93.94173484160878	254.9171015915163	0	160.9753667499076	251.3779327206004	452.9726856680859	735.9486540801227	0	282.9759684120368	729.5169003579784	11.81580697405981	48.65164171098404	0	36.83583473692423	46.02023466092952	16.2706716467066	67.76160734244131	0	51.49093569573472	63.71935602280573	9.738330761673252	28.90305870401228	0	19.16472794233903	26.63522282691956	587.3501996078322	635.6078685056073	0	48.25766889777503	608.3708653561432	78.9445191544141	113.0276893478971	0	34.083170193483	108.2306966476937	20.06023564225526	53.043917050475	0	32.98368140821974	50.70323998992396	148.3597560904036	166.2273451821395	0	17.86758909173601	164.0821636119706	45.35725333491104	70.86364108367779	0	25.50638774876675	70.86364108367779	16.04732491726473	51.1244156220198	0	35.07709070475507	51.11886969095205	4.958597371283364	14.98857561515513	0	10.02997824387177	14.79017017549653	378.0670444029109	430.2559597096385	0	52.18891530672759	415.6062713311685	71.73866344491543	80.29217977204078	0	8.553516327125344	78.26748470776818	425.5502292732802	449.7699600633121	0	24.2197307900319	434.9348363060032	5.926496736035616	43.09751532455124	0	37.17101858851562	42.51907936033992	79.88529147043509	176.7094993811231	0	96.824207910688	173.3639689246017	158.0432395172072	332.7471305412147	0	174.7038910240075	327.7218777532051	4.590495292778482	17.39755836390182	0	12.80706307112334	17.39274018058966	24.76503094249252	31.21004085630401	0	6.445009913811494	28.66789975333539	8.735761716905751	20.80523646511246	0	12.06947474820672	20.13824006222224	2532.45571858856	3310.043138923065	0	777.5874203345053	3179.986735735803	96.62484511085613	134.0103836555367	0	37.38553854468056	133.885477887893	91.8697515421176	107.1965035782053	0	15.32675203608769	104.4115221737614	44.05449605234846	197.799515403936	0	153.7450193515875	194.3756479787744	133.9472802773163	196.9655708820133	0	63.01829060469698	196.6297674544972	1356.330173337526	1523.915346853857	0	167.5851735163303	1480.640910258003	323.5256403311351	426.0447282120102	0	102.5190878808751	394.273732342805
15.95399202599634	48.17069675887814	62.31531083141756	0	14.14461407253942	61.87554062406592	118.9060574174923	145.3688214772074	0	26.46276405971509	143.9860396893011	14.92188321964873	18.3620156399616	0	3.44013242031287	17.73937357175149	23.16782672593043	26.96287091197404	0	3.795044186043614	26.32381759836943	16.6358398965874	19.1392796854485	0	2.503439788861103	18.22805475902907	8.941084231695093	12.67996417742732	0	3.738879945732225	11.47947863082017	18.70132167481087	24.29946320306555	0	5.598141528254679	23.54436106134373	12.89491129386243	41.8741289497915	0	28.97921765592907	40.6990193539223	274.3855525356996	283.5851517244514	0	9.199599188751764	274.8340419620661	26.84748043754621	34.1282738999014	0	7.280793462355199	33.43594278472412	6.348730594114864	32.46278528646739	0	26.11405469235252	31.84143627042798	14.42857201520862	54.25413244041758	0	39.82556042520896	52.7351435148598	53.26367071000961	189.5918451431087	0	136.3281744330991	186.8313642248221	288.7160125148908	519.1373984434359	0	230.4213859285452	514.3082822972125	10.75986509760838	37.90394982973456	0	27.14408473212618	35.59503117895216	14.99604461214194	50.56468023515394	0	35.56863562301199	47.14640916865063	9.777246426251807	22.9162808958855	0	13.13903446963369	20.85637708695166	250.1934790869296	292.8705092577974	0	42.67703017086779	279.8293883070941	24.19239826344445	48.26361146297033	0	24.07121319952588	45.97631803018187	13.5929674463918	33.32432132928069	0	19.73135388288889	31.59270908376921	95.01370635031795	115.2087817590803	0	20.19507540876232	113.7823179842937	15.46709839574088	39.31621120779803	0	23.84911281205715	39.31621120779803	10.2397591175123	33.47792811024441	0	23.23816899273211	33.4738387264501	4.925272458586047	16.25864859088437	0	11.33337613229833	16.05311437286708	460.7697722484712	535.6206580504826	0	74.8508858020114	518.8974217692013	126.6262788084258	136.48552970185	0	9.859250893424241	133.2229906395087	557.9580676398988	584.0433815318818	0	26.08531389198299	565.2836898038314	5.339293980329611	14.91882135245511	0	9.579527372125503	14.63148535321208	72.90546991342721	193.1835475929628	0	120.2780776795356	189.7042509460965	59.62559331102369	229.822450895788	0	170.1968575847643	226.3272412982877	4.458430542233659	18.40901005097965	0	13.95057950874599	18.40405291950688	168.3205392358456	175.4272879805622	0	7.106748744716566	160.8173039616168	28.10946617423103	40.19888836521672	0	12.08942219098568	38.90615280826713	2052.504712206326	2577.689443184488	0	525.1847309781618	2462.926957248307	57.40937665684618	101.5972040660984	0	44.18782740925224	101.5071900317474	373.3183277770814	394.4996312727019	0	21.18130349562057	385.4847875460923	19.11554478695989	150.908547978543	0	131.7930031915831	148.1821548315945	33.02817714962279	85.01154144292967	0	51.98336429330688	84.85586377223288	386.5073759964226	525.9611828804798	0	139.4538068840571	509.8958177814958	81.1914864790712	167.2608782647818	0	86.06939178571065	153.9144573892852
15.96985867679633	115.8934980890644	135.2010719406418	0	19.30757385157738	134.3255632417159	303.176227067132	343.0070790959558	0	39.83085202882384	340.0758501992667	30.14566164242218	33.42561533603554	0	3.27995369361336	32.25963924534494	58.8210129631378	62.17833224487045	0	3.357319281732655	60.61774648397692	34.43765821544744	37.08905967203525	0	2.651401456587802	35.36877507064519	8.819820321567908	12.98958049703611	0	4.169760175468202	11.84259527110648	27.07071213871004	32.26294122119527	0	5.192229082485236	31.21121651213518	10.07544635174471	43.66737600497058	0	33.59192965322587	42.49826620399894	481.0941332758421	493.6999782863592	0	12.60584501051719	480.5210407885318	53.91732421229017	63.61985495655199	0	9.702530744261818	62.46802613407606	5.297758083016427	27.76492725051518	0	22.46716916749875	27.20876004393611	11.44827797686044	44.61549561842827	0	33.16721764156782	43.29075859863099	120.3552026937731	232.3052027709852	0	111.9500000772121	228.7106579828525	527.6450360680764	696.6095505012411	0	168.9645144331648	689.4255077726878	10.86035322867903	30.99530603763509	0	20.13495280895606	28.86178173344069	15.27951268860157	40.20658108839875	0	24.92706839979718	37.12297905482875	10.06369293512525	19.2224330787618	0	9.158740143636543	17.24364297911714	81.29806757300119	117.5324026187539	0	36.2343350457527	112.0158099924017	8.36418713298804	24.84448062007861	0	16.48029348709057	23.50993478325119	8.003212449518051	19.45650238601276	0	11.45328993649471	18.24579059014709	42.23981467013675	64.08831693762242	0	21.84850226748567	63.31547829699732	5.61605923832833	26.96807559000168	0	21.35201635167335	26.96807559000168	4.190981258235474	18.69881024026476	0	14.50782898202929	18.69617614311315	4.55752289534369	17.33236070886796	0	12.77483781352427	17.12288258075496	408.3576528211287	513.6198363420198	0	105.2621835208911	498.7833797057405	199.5855431086775	210.9171970956903	0	11.33165398701275	206.1396304173349	620.46091060974	648.7138787619896	0	28.25296815224957	628.4579021169162	4.916049219565959	4.685137695244562	0	-0.2309115243213968	4.544453176939974	28.55223051680669	175.5062374604981	0	146.9540069436914	172.4836613310656	36.34747807341474	194.6513855596991	0	158.3039074862843	191.6147907512945	3.934478125123782	18.92423178141546	0	14.98975365629168	18.91925374201546	443.1675429929981	450.5342932596043	0	7.36675026660619	413.1943204392833	65.14353109126604	77.39119945612075	0	12.24766836485471	74.91357221031502	1318.520151229516	1661.546316619357	0	343.0261653898413	1575.78347005134	21.90286607972513	70.92781887727304	0	49.02495279754791	70.86687665339855	837.5117610300574	865.6739423569394	0	28.16218132688201	848.2064230636587	19.16691919521692	127.2137109461289	0	108.046791750912	124.7795409819273	22.75165814147821	65.29857964490985	0	42.54692150343165	65.16920019718356	115.6409156238253	230.6209525339999	0	114.9800369101746	222.978538534458	42.33810420167448	114.0512495622662	0	71.71314536059171	104.2432664679819
15.98572532759632	132.747501734099	157.9574375425886	0	25.20993580848951	157.0026890672864	352.219112864447	409.2669796199218	0	57.04786675547479	406.06199083982	29.67029103541394	32.87898716234029	0	3.208696126926348	31.70981125817618	60.50760307377311	63.58673306795142	0	3.079129994178313	61.91334995910478	41.32148521702742	44.15257646364405	0	2.831091246616631	42.16293841588319	30.47265147465325	35.06343976911572	0	4.590788294462473	32.13774936220843	61.83079658649555	66.31476427812963	0	4.483967691634082	64.0453764629618	30.26764660653119	67.48345039614264	0	37.21580378961145	65.73534346973784	548.8925800711781	568.4261248558361	0	19.53354478465797	555.4617894615602	65.16941762790576	79.06523322922929	0	13.89581560132353	77.79540992630113	4.791511626634793	22.42050115029038	0	17.62898952365559	21.93848826782726	9.965929008834451	34.94302503823921	0	24.97709602940476	33.81368032017655	106.9062683701084	184.3085660470877	0	77.40229767697919	181.1372517205604	439.8517386661527	543.4034839519176	0	103.5517452857649	536.8834950295785	10.89649697957145	26.04371461840633	0	15.14721763883488	24.01786697127477	15.41652999977259	33.33408725925507	0	17.91755725948249	30.4405261244495	10.16939393872893	16.79901237940303	0	6.629618440674098	14.82715818292004	19.07829800764367	48.8303801324594	0	29.75208212481574	46.38514469628242	8.141772698602139	19.14607613286957	0	11.00430343426743	17.96700390656393	9.652975732173696	16.04591188085868	0	6.392936148684987	14.83539754348502	14.12067698017397	36.80700404311897	0	22.686327062945	36.36894658721612	6.20270993713806	24.65257296818813	0	18.44986303105007	24.65257296818813	4.360835211278239	12.9363835131858	0	8.575548301907565	12.93424029753989	18.6639821497157	32.7346591040419	0	14.0706769543262	32.35324769199477	349.1517776993965	494.1799337155268	0	145.0281560161303	480.8701494209225	201.6136938364785	215.1042971358354	0	13.49060329935683	210.520376724114	544.8845320047938	576.1446489772153	0	31.26011697242155	558.7639084434672	4.1156316312449	0.4708295749310274	0	-3.644802056313872	0.4465098399278769	169.6850836518628	346.988234364103	0	177.3031507122402	341.252196166563	28.87517779096443	180.5213397208899	0	151.6461619299255	177.6537289380535	8.382916527986195	24.15470562557251	0	15.77178909758631	24.14845728564946	522.0882365269964	528.4770104514246	0	6.388773924428166	484.179525630055	84.97713518911982	97.13073315345989	0	12.15359796434007	94.02153105138106	335.8537909541585	528.0484789125118	0	192.1946879583532	494.9203468896044	5.771371949854704	58.33361837168884	0	52.56224642183414	58.28449397343907	1045.8230275364	1086.753160100873	0	40.93013256447277	1067.503152362084	16.53644851660914	96.18287824970351	0	79.64642973309437	94.17683180925793	21.61972119673671	58.55768633179503	0	36.93796513505833	58.43383018451141	64.39939987811879	165.0061309873218	0	100.606731109203	159.1532991001391	35.22648052929895	98.21204257937546	0	62.98556205007652	89.22371027225752
16.00159197839632	103.0660829969485	135.2330282430518	0	32.16694524610329	134.4628166186855	278.3214680099818	357.3775483059754	0	79.05608029599365	354.7804656727745	13.09057666629275	16.32936080862713	0	3.23878414233438	15.74424839886161	25.85534109443331	28.78044925622762	0	2.925108161794308	27.99609413297112	37.76452353399384	40.86637434487467	0	3.101850810880839	39.08978022042439	73.32477044449718	78.42979766286182	0	5.105027218364651	72.21243340633885	115.2728713159841	118.757393261258	0	3.484521945273937	114.4049014311888	67.41486272296601	105.9079680568957	0	38.49310533392971	103.1971023900118	294.8991267006576	327.0364960576752	0	32.13736935701765	320.7894499577444	49.87735812351023	70.75852826383226	0	20.88117014032204	69.76490969244223	5.52621414998128	17.86193102238523	0	12.33571687240395	17.43330252734837	11.75311106410656	28.43021116134231	0	16.67710009723575	27.38554263066431	90.44203031666306	130.9862444634734	0	40.54421414681039	128.2351479792895	356.8266730373097	407.1815136661659	0	50.35484062885617	401.0081401487867	11.06888536484517	22.77422174883074	0	11.70533638398556	20.78035111348355	15.54936989445811	28.93693515428386	0	13.38756525982575	26.11416084356147	10.18808053103589	15.36562031085764	0	5.177539779821748	13.33910907462059	14.32796552942072	37.56927874193477	0	23.24131321251404	35.52832427622237	18.62893362801934	25.73968425118755	0	7.110750623168209	23.89777969765687	17.93890032974016	21.34250615431401	0	3.403605824573846	19.36670445135217	9.713269980802812	31.89650495372041	0	22.1832349729176	31.51503560574394	14.55686297147785	29.71858863436039	0	15.16172566288253	29.71858863436039	9.84334698979341	14.47533891608498	0	4.631991926291565	14.47243876921601	44.39841901532598	59.39979996695205	0	15.00138095162607	58.72430051544066	298.4290779976491	492.5394430445778	0	194.1103650469286	480.0636930511333	94.2229133234503	109.9735026275634	0	15.75058930411309	107.762811576558	263.0313047863571	297.048482146443	0	34.01717736008586	288.3652583400224	2.022099053997134	-2.156192038217302	0	-4.178291092214436	-1.936349098608332	460.4770073734449	671.8112117128505	0	211.3342043394056	661.1140031385744	32.39249196631705	192.4571960246339	0	160.0647040583169	189.4476745199545	17.11917339421511	33.30432740227945	0	16.18515400806435	33.29578766310762	420.5980527039225	424.849629008822	0	4.251576304899559	386.8179124031602	89.01890930088869	100.5767077562001	0	11.55779845531139	97.30891922220937	141.8409518537337	230.134843982379	0	88.29389212864524	211.0354467500657	6.160276098993382	61.34498285365554	0	55.18470675466215	61.29403666791099	740.4250319079872	802.1812180238827	0	61.75618611589552	789.878791749088	16.29384469640999	67.66210348619579	0	51.3682587897858	66.05368195171187	24.5841003394359	60.47615225881674	0	35.89205191938084	60.34481980436767	74.03547638523204	172.384203664315	0	98.34872727908294	166.0998864484361	39.8106558206846	101.0682035029125	0	61.25754768222789	91.58289489152503
16.01745862919631	84.79189241680643	125.8839605904266	0	41.09206817362021	125.2069876426495	222.2944753418279	330.9087113759018	0	108.6142360340739	328.6656203617421	8.160810129578079	11.51661363086174	0	3.355803501283657	11.10616856046852	7.323817102986696	10.17660088206623	0	2.852783779079529	9.892847550133379	38.11252686882627	41.5851703518294	0	3.472643483003128	39.86064526608513	85.92008591878277	91.71803505086194	0	5.797949132079156	84.84159265764329	190.64480362275	193.1517763592836	0	2.506972736533566	185.3728545602881	96.37215280558841	133.6109057841219	0	37.23875297853353	130.1616035839754	116.777048817121	164.1544921593409	0	47.37744334221997	161.3997379018932	32.73435880912799	61.50095173873759	0	28.7665929296096	60.72002041679791	6.619616286570669	15.89299545987691	0	9.273379173306246	15.47016322877062	13.09740021698687	25.28801561899844	0	12.19061540201156	24.23831526849675	99.81956412017144	122.5650332649877	0	22.74546914481625	119.4193275391112	338.522250566946	365.4207536315548	0	26.89850306460885	358.4455787210476	11.36834811316749	20.82121332969029	0	9.452865216522806	18.79091052758194	15.69458405552765	26.08205376300221	0	10.38746970747456	23.24902395007818	10.69358131340798	15.14758685650839	0	4.454005543100409	12.95730286975993	12.82830926401031	30.10696801419432	0	17.278658750184	28.2976160664358	19.4721050731166	24.16898200500186	0	4.696876931885264	22.14966778215901	24.47304290031688	26.52080469168337	0	2.047761791366492	23.53108999616617	7.375689842195247	27.5436216947611	0	20.16793185256585	27.20503145684899	15.9424135851628	27.99149015759374	0	12.04907657243094	27.99149015759374	13.44221215833015	15.99514317160182	0	2.552931013271669	15.99122896412089	58.52900436037878	74.125553569224	0	15.59654920884522	73.2947266598505	228.3342896324772	477.9114426149624	0	249.5771529824852	466.4119539475921	37.30974916343526	53.81832418572387	0	16.50857502228862	52.76204041782921	117.0676622108192	151.255565392463	0	34.18790318164388	146.8666332412109	0.8415242689158828	-1.841655777558513	0	-2.683180046474396	-1.452884512716363	493.9682946028688	743.4435538537581	0	249.4752592508893	732.0096522252172	33.01710919860309	220.3295268026103	0	187.3124176040072	217.0679835442813	24.40117689299481	40.64917016591172	0	16.24799327291691	40.63876520443318	437.5543838796683	439.5057615992729	0	1.951377719604618	394.5257712802763	124.5322140581888	135.0871435567589	0	10.55492949857005	130.5540933487481	109.4744814977628	158.5983974604411	0	49.12391596267832	141.4625750490135	5.892261726453734	62.52484970763151	0	56.63258798117778	62.47331239090398	467.3950163474235	552.3875397568363	0	84.99252340941281	544.7694451008934	20.4293517716152	56.76373028471581	0	36.33437851310061	55.24107947387294	26.70510285603573	65.1715710119288	0	38.46646815589308	65.03270745369497	80.09979254345146	185.5815695223244	0	105.481776978873	178.948359571897	42.92501311106688	108.1280588387213	0	65.20304572765446	98.1625194140465
16.0333252799963	79.90374867994106	132.0416161235515	0	52.13786744361045	131.3690400106844	196.3389008518787	342.8412762100181	0	146.5023753581393	340.6597990304532	15.29853852720479	18.82084701277666	0	3.522308485571866	18.1604668537557	8.56492864467711	11.41433075829898	0	2.849402113621867	11.09230851203528	42.12944173522337	46.01281009816178	0	3.883368362938413	44.20435452311844	65.06308832689577	71.67230496507241	0	6.609216638176637	66.60857347248144	277.6988045028968	279.2105843134093	0	1.511779810512534	266.5547112786513	118.9328635439907	152.8105988348559	0	33.87773529086521	148.7584061941316	123.0716230355959	185.426125931542	0	62.35450289594607	182.5637107501582	20.05740455979493	56.97231653873407	0	36.91491197893914	56.29978071595996	6.583219566196255	14.40301125399683	0	7.819791687800573	13.99300347141448	10.8617126678992	20.73271527300491	0	9.87100260510571	19.79231525012866	96.86463313415383	109.0179782021821	0	12.15334506802823	105.585453506806	243.0436788805002	256.3001043045891	0	13.25642542408888	250.229399452383	11.85927935516069	19.9902899182675	0	8.131010563106813	17.8588764737263	16.0729421072289	24.54666151493982	0	8.473719407710918	21.61177718719887	11.71197945126445	15.97590259481177	0	4.263923143547315	13.52431992899992	13.08780859514937	25.97639184997993	0	12.88858325483056	24.23705114019118	11.60846574156871	15.13892570837816	0	3.53045996680945	13.68978228119548	30.09892713266715	31.8523341622452	0	1.753407029578054	27.66403146284396	6.025391775037028	23.56266198580689	0	17.53727021076986	23.26033275618171	11.47233797794989	21.26188732746784	0	9.78954934951795	21.26188732746784	16.59490718899665	18.4274865485497	0	1.832579359553049	18.42217638768098	62.17754524928051	77.99536090925184	0	15.81781565997134	77.12639233482676	139.2946204532069	443.520026001238	0	304.2254055480311	433.2613719503518	51.72055760861076	67.2484061928804	0	15.52784858426964	65.90871689433357	165.0576048282175	196.5510857310284	0	31.49348090281085	190.7168131889712	0.9442623451427588	0.05042829491193845	0	-0.8938340502308204	0.032762789978803	268.2717576761904	558.1050513150487	0	289.8332936388583	549.7826441728125	31.93658174866006	269.7639703027635	0	237.8273885541034	266.0888179127408	30.59471010997937	46.57887950250858	0	15.98416939252921	46.56690277877686	508.826704010819	508.4216820086621	0	-0.4050220021567923	444.7402616167578	185.674847872003	194.9455102978852	0	9.270662425882259	188.0856877643156	46.5013375335744	76.33150203621751	0	29.83016450264311	66.03161072152636	5.12573278299306	62.55464155218506	0	57.428908769192	62.50328102071729	399.5183897811033	509.6523763209402	0	110.133986539837	503.1570235284229	24.10884164146092	53.72408610193833	0	29.6152444604774	52.16467423563027	28.59011728973755	73.09366127103567	0	44.50354398129812	72.94621002706415	86.06067880550269	207.7448560082099	0	121.6841772027072	200.7305106188449	45.72023417633802	120.2224894573324	0	74.50225528099439	109.7053113666431
