[info] Loaded model AB05_complex from file ../../../../../data/Scherpereel2023/AB05/scaling/AB05_complex.osim
[info] Storage: read data file = squats_2_grf.mot (nr=1676 nc=19)
[info] ExternalForce::RightGRF Data source being set to squats_2_grf
[info] ExternalForce::LeftGRF Data source being set to squats_2_grf
[info] Storage: read data file = squats_2_grf.mot (nr=1676 nc=19)
[info] ExternalForce::RightGRF Data source being set to squats_2_grf
[info] ExternalForce::LeftGRF Data source being set to squats_2_grf
[info] Loaded model AB05_complex from file AB05_squat_dynamic-optimisation_complex.osim
[info] Storage: read data file = squats_2_grf.mot (nr=1676 nc=19)
[info] ExternalForce::RightGRF Data source being set to squats_2_grf
[info] ExternalForce::LeftGRF Data source being set to squats_2_grf
[info] Storage: read data file = squats_2_grf.mot (nr=1676 nc=19)
[info] ExternalForce::RightGRF Data source being set to squats_2_grf
[info] ExternalForce::LeftGRF Data source being set to squats_2_grf
[info] Loaded model AB05_complex from file AB05_squat_dynamic-optimisation_complex.osim
[info] Storage: read data file = squats_2_grf.mot (nr=1676 nc=19)
[info] ExternalForce::RightGRF Data source being set to squats_2_grf
[info] ExternalForce::LeftGRF Data source being set to squats_2_grf
[info] Storage: read data file = squats_2_grf.mot (nr=1676 nc=19)
[info] ExternalForce::RightGRF Data source being set to squats_2_grf
[info] ExternalForce::LeftGRF Data source being set to squats_2_grf
[info] Storage: read data file = squats_2_grf.mot (nr=1676 nc=19)
[info] ExternalForce::RightGRF Data source being set to squats_2_grf
[info] ExternalForce::LeftGRF Data source being set to squats_2_grf
[info] Storage: read data file = squats_2_grf.mot (nr=1676 nc=19)
[info] ExternalForce::RightGRF Data source being set to squats_2_grf
[info] ExternalForce::LeftGRF Data source being set to squats_2_grf
[info] Storage: read data file = squats_2_grf.mot (nr=1676 nc=19)
[info] ExternalForce::RightGRF Data source being set to squats_2_grf
[info] ExternalForce::LeftGRF Data source being set to squats_2_grf
[info] Storage: read data file = squats_2_grf.mot (nr=1676 nc=19)
[info] ExternalForce::RightGRF Data source being set to squats_2_grf
[info] ExternalForce::LeftGRF Data source being set to squats_2_grf
[info] Storage: read data file = squats_2_grf.mot (nr=1676 nc=19)
[info] ExternalForce::RightGRF Data source being set to squats_2_grf
[info] ExternalForce::LeftGRF Data source being set to squats_2_grf
[info] Storage: read data file = squats_2_grf.mot (nr=1676 nc=19)
[info] ExternalForce::RightGRF Data source being set to squats_2_grf
[info] ExternalForce::LeftGRF Data source being set to squats_2_grf
[info] Storage: read data file = squats_2_grf.mot (nr=1676 nc=19)
[info] ExternalForce::RightGRF Data source being set to squats_2_grf
[info] ExternalForce::LeftGRF Data source being set to squats_2_grf
[info] Storage: read data file = squats_2_grf.mot (nr=1676 nc=19)
[info] ExternalForce::RightGRF Data source being set to squats_2_grf
[info] ExternalForce::LeftGRF Data source being set to squats_2_grf
[info] Storage: read data file = squats_2_grf.mot (nr=1676 nc=19)
[info] ExternalForce::RightGRF Data source being set to squats_2_grf
[info] ExternalForce::LeftGRF Data source being set to squats_2_grf
[info] Storage: read data file = squats_2_grf.mot (nr=1676 nc=19)
[info] ExternalForce::RightGRF Data source being set to squats_2_grf
[info] ExternalForce::LeftGRF Data source being set to squats_2_grf
[info] Storage: read data file = squats_2_grf.mot (nr=1676 nc=19)
[info] ExternalForce::RightGRF Data source being set to squats_2_grf
[info] ExternalForce::LeftGRF Data source being set to squats_2_grf
[info] Storage: read data file = squats_2_grf.mot (nr=1676 nc=19)
[info] ExternalForce::RightGRF Data source being set to squats_2_grf
[info] ExternalForce::LeftGRF Data source being set to squats_2_grf
[info] Storage: read data file = squats_2_grf.mot (nr=1676 nc=19)
[info] ExternalForce::RightGRF Data source being set to squats_2_grf
[info] ExternalForce::LeftGRF Data source being set to squats_2_grf
[info] Storage: read data file = squats_2_grf.mot (nr=1676 nc=19)
[info] ExternalForce::RightGRF Data source being set to squats_2_grf
[info] ExternalForce::LeftGRF Data source being set to squats_2_grf
[info] Storage: read data file = squats_2_grf.mot (nr=1676 nc=19)
[info] ExternalForce::RightGRF Data source being set to squats_2_grf
[info] ExternalForce::LeftGRF Data source being set to squats_2_grf
[info] Storage: read data file = squats_2_grf.mot (nr=1676 nc=19)
[info] ExternalForce::RightGRF Data source being set to squats_2_grf
[info] ExternalForce::LeftGRF Data source being set to squats_2_grf
[info] Storage: read data file = squats_2_grf.mot (nr=1676 nc=19)
[info] ExternalForce::RightGRF Data source being set to squats_2_grf
[info] ExternalForce::LeftGRF Data source being set to squats_2_grf
[info] Storage: read data file = squats_2_grf.mot (nr=1676 nc=19)
[info] ExternalForce::RightGRF Data source being set to squats_2_grf
[info] ExternalForce::LeftGRF Data source being set to squats_2_grf
[info] Storage: read data file = squats_2_grf.mot (nr=1676 nc=19)
[info] ExternalForce::RightGRF Data source being set to squats_2_grf
[info] ExternalForce::LeftGRF Data source being set to squats_2_grf
[info] Storage: read data file = squats_2_grf.mot (nr=1676 nc=19)
[info] ExternalForce::RightGRF Data source being set to squats_2_grf
[info] ExternalForce::LeftGRF Data source being set to squats_2_grf
[info] Storage: read data file = squats_2_grf.mot (nr=1676 nc=19)
[info] ExternalForce::RightGRF Data source being set to squats_2_grf
[info] ExternalForce::LeftGRF Data source being set to squats_2_grf
[info] Storage: read data file = squats_2_grf.mot (nr=1676 nc=19)
[info] ExternalForce::RightGRF Data source being set to squats_2_grf
[info] ExternalForce::LeftGRF Data source being set to squats_2_grf
[info] Storage: read data file = squats_2_grf.mot (nr=1676 nc=19)
[info] ExternalForce::RightGRF Data source being set to squats_2_grf
[info] ExternalForce::LeftGRF Data source being set to squats_2_grf
[info] Storage: read data file = squats_2_grf.mot (nr=1676 nc=19)
[info] ExternalForce::RightGRF Data source being set to squats_2_grf
[info] ExternalForce::LeftGRF Data source being set to squats_2_grf
[info] Storage: read data file = squats_2_grf.mot (nr=1676 nc=19)
[info] ExternalForce::RightGRF Data source being set to squats_2_grf
[info] ExternalForce::LeftGRF Data source being set to squats_2_grf
[info] Storage: read data file = squats_2_grf.mot (nr=1676 nc=19)
[info] ExternalForce::RightGRF Data source being set to squats_2_grf
[info] ExternalForce::LeftGRF Data source being set to squats_2_grf
[info] Storage: read data file = squats_2_grf.mot (nr=1676 nc=19)
[info] ExternalForce::RightGRF Data source being set to squats_2_grf
[info] ExternalForce::LeftGRF Data source being set to squats_2_grf
[info] Storage: read data file = squats_2_grf.mot (nr=1676 nc=19)
[info] ExternalForce::RightGRF Data source being set to squats_2_grf
[info] ExternalForce::LeftGRF Data source being set to squats_2_grf
[info] Storage: read data file = squats_2_grf.mot (nr=1676 nc=19)
[info] ExternalForce::RightGRF Data source being set to squats_2_grf
[info] ExternalForce::LeftGRF Data source being set to squats_2_grf
[info] Storage: read data file = squats_2_grf.mot (nr=1676 nc=19)
[info] ExternalForce::RightGRF Data source being set to squats_2_grf
[info] ExternalForce::LeftGRF Data source being set to squats_2_grf
[info] Storage: read data file = squats_2_grf.mot (nr=1676 nc=19)
[info] ExternalForce::RightGRF Data source being set to squats_2_grf
[info] ExternalForce::LeftGRF Data source being set to squats_2_grf
[info] Storage: read data file = squats_2_grf.mot (nr=1676 nc=19)
[info] ExternalForce::RightGRF Data source being set to squats_2_grf
[info] ExternalForce::LeftGRF Data source being set to squats_2_grf
[info] Storage: read data file = squats_2_grf.mot (nr=1676 nc=19)
[info] ExternalForce::RightGRF Data source being set to squats_2_grf
[info] ExternalForce::LeftGRF Data source being set to squats_2_grf
[info] Storage: read data file = squats_2_grf.mot (nr=1676 nc=19)
[info] ExternalForce::RightGRF Data source being set to squats_2_grf
[info] ExternalForce::LeftGRF Data source being set to squats_2_grf
[info] Storage: read data file = squats_2_grf.mot (nr=1676 nc=19)
[info] ExternalForce::RightGRF Data source being set to squats_2_grf
[info] ExternalForce::LeftGRF Data source being set to squats_2_grf
[info] Storage: read data file = squats_2_grf.mot (nr=1676 nc=19)
[info] ExternalForce::RightGRF Data source being set to squats_2_grf
[info] ExternalForce::LeftGRF Data source being set to squats_2_grf
[info] Storage: read data file = squats_2_grf.mot (nr=1676 nc=19)
[info] ExternalForce::RightGRF Data source being set to squats_2_grf
[info] ExternalForce::LeftGRF Data source being set to squats_2_grf
[info] Storage: read data file = squats_2_grf.mot (nr=1676 nc=19)
[info] ExternalForce::RightGRF Data source being set to squats_2_grf
[info] ExternalForce::LeftGRF Data source being set to squats_2_grf
[info] Storage: read data file = squats_2_grf.mot (nr=1676 nc=19)
[info] ExternalForce::RightGRF Data source being set to squats_2_grf
[info] ExternalForce::LeftGRF Data source being set to squats_2_grf
[info] Storage: read data file = squats_2_grf.mot (nr=1676 nc=19)
[info] ExternalForce::RightGRF Data source being set to squats_2_grf
[info] ExternalForce::LeftGRF Data source being set to squats_2_grf
[info] Storage: read data file = squats_2_grf.mot (nr=1676 nc=19)
[info] ExternalForce::RightGRF Data source being set to squats_2_grf
[info] ExternalForce::LeftGRF Data source being set to squats_2_grf
[info] Storage: read data file = squats_2_grf.mot (nr=1676 nc=19)
[info] ExternalForce::RightGRF Data source being set to squats_2_grf
[info] ExternalForce::LeftGRF Data source being set to squats_2_grf
[info] Storage: read data file = squats_2_grf.mot (nr=1676 nc=19)
[info] ExternalForce::RightGRF Data source being set to squats_2_grf
[info] ExternalForce::LeftGRF Data source being set to squats_2_grf
[info] Storage: read data file = squats_2_grf.mot (nr=1676 nc=19)
[info] ExternalForce::RightGRF Data source being set to squats_2_grf
[info] ExternalForce::LeftGRF Data source being set to squats_2_grf
[info] Storage: read data file = squats_2_grf.mot (nr=1676 nc=19)
[info] ExternalForce::RightGRF Data source being set to squats_2_grf
[info] ExternalForce::LeftGRF Data source being set to squats_2_grf
[info] Storage: read data file = squats_2_grf.mot (nr=1676 nc=19)
[info] ExternalForce::RightGRF Data source being set to squats_2_grf
[info] ExternalForce::LeftGRF Data source being set to squats_2_grf
[info] Storage: read data file = squats_2_grf.mot (nr=1676 nc=19)
[info] ExternalForce::RightGRF Data source being set to squats_2_grf
[info] ExternalForce::LeftGRF Data source being set to squats_2_grf
[info] Storage: read data file = squats_2_grf.mot (nr=1676 nc=19)
[info] ExternalForce::RightGRF Data source being set to squats_2_grf
[info] ExternalForce::LeftGRF Data source being set to squats_2_grf
[info] Storage: read data file = squats_2_grf.mot (nr=1676 nc=19)
[info] ExternalForce::RightGRF Data source being set to squats_2_grf
[info] ExternalForce::LeftGRF Data source being set to squats_2_grf
[info] Storage: read data file = squats_2_grf.mot (nr=1676 nc=19)
[info] ExternalForce::RightGRF Data source being set to squats_2_grf
[info] ExternalForce::LeftGRF Data source being set to squats_2_grf
[info] Storage: read data file = squats_2_grf.mot (nr=1676 nc=19)
[info] ExternalForce::RightGRF Data source being set to squats_2_grf
[info] ExternalForce::LeftGRF Data source being set to squats_2_grf
[info] Storage: read data file = squats_2_grf.mot (nr=1676 nc=19)
[info] ExternalForce::RightGRF Data source being set to squats_2_grf
[info] ExternalForce::LeftGRF Data source being set to squats_2_grf
[info] Storage: read data file = squats_2_grf.mot (nr=1676 nc=19)
[info] ExternalForce::RightGRF Data source being set to squats_2_grf
[info] ExternalForce::LeftGRF Data source being set to squats_2_grf
[info] Storage: read data file = squats_2_grf.mot (nr=1676 nc=19)
[info] ExternalForce::RightGRF Data source being set to squats_2_grf
[info] ExternalForce::LeftGRF Data source being set to squats_2_grf
[info] Storage: read data file = squats_2_grf.mot (nr=1676 nc=19)
[info] ExternalForce::RightGRF Data source being set to squats_2_grf
[info] ExternalForce::LeftGRF Data source being set to squats_2_grf
[info] Storage: read data file = squats_2_grf.mot (nr=1676 nc=19)
[info] ExternalForce::RightGRF Data source being set to squats_2_grf
[info] ExternalForce::LeftGRF Data source being set to squats_2_grf
[info] Storage: read data file = squats_2_grf.mot (nr=1676 nc=19)
[info] ExternalForce::RightGRF Data source being set to squats_2_grf
[info] ExternalForce::LeftGRF Data source being set to squats_2_grf
[info] Storage: read data file = squats_2_grf.mot (nr=1676 nc=19)
[info] ExternalForce::RightGRF Data source being set to squats_2_grf
[info] ExternalForce::LeftGRF Data source being set to squats_2_grf
[info] Storage: read data file = squats_2_grf.mot (nr=1676 nc=19)
[info] ExternalForce::RightGRF Data source being set to squats_2_grf
[info] ExternalForce::LeftGRF Data source being set to squats_2_grf
[info] Storage: read data file = squats_2_grf.mot (nr=1676 nc=19)
[info] ExternalForce::RightGRF Data source being set to squats_2_grf
[info] ExternalForce::LeftGRF Data source being set to squats_2_grf
[info] Storage: read data file = squats_2_grf.mot (nr=1676 nc=19)
[info] ExternalForce::RightGRF Data source being set to squats_2_grf
[info] ExternalForce::LeftGRF Data source being set to squats_2_grf
[info] Storage: read data file = squats_2_grf.mot (nr=1676 nc=19)
[info] ExternalForce::RightGRF Data source being set to squats_2_grf
[info] ExternalForce::LeftGRF Data source being set to squats_2_grf
[info] Storage: read data file = squats_2_grf.mot (nr=1676 nc=19)
[info] ExternalForce::RightGRF Data source being set to squats_2_grf
[info] ExternalForce::LeftGRF Data source being set to squats_2_grf
[info] Storage: read data file = squats_2_grf.mot (nr=1676 nc=19)
[info] ExternalForce::RightGRF Data source being set to squats_2_grf
[info] ExternalForce::LeftGRF Data source being set to squats_2_grf
[info] Storage: read data file = squats_2_grf.mot (nr=1676 nc=19)
[info] ExternalForce::RightGRF Data source being set to squats_2_grf
[info] ExternalForce::LeftGRF Data source being set to squats_2_grf
[info] Storage: read data file = squats_2_grf.mot (nr=1676 nc=19)
[info] ExternalForce::RightGRF Data source being set to squats_2_grf
[info] ExternalForce::LeftGRF Data source being set to squats_2_grf
[info] Storage: read data file = squats_2_grf.mot (nr=1676 nc=19)
[info] ExternalForce::RightGRF Data source being set to squats_2_grf
[info] ExternalForce::LeftGRF Data source being set to squats_2_grf
[info] Storage: read data file = squats_2_grf.mot (nr=1676 nc=19)
[info] ExternalForce::RightGRF Data source being set to squats_2_grf
[info] ExternalForce::LeftGRF Data source being set to squats_2_grf
[info] Storage: read data file = squats_2_grf.mot (nr=1676 nc=19)
[info] ExternalForce::RightGRF Data source being set to squats_2_grf
[info] ExternalForce::LeftGRF Data source being set to squats_2_grf
[info] Storage: read data file = squats_2_grf.mot (nr=1676 nc=19)
[info] ExternalForce::RightGRF Data source being set to squats_2_grf
[info] ExternalForce::LeftGRF Data source being set to squats_2_grf
[info] Storage: read data file = squats_2_grf.mot (nr=1676 nc=19)
[info] ExternalForce::RightGRF Data source being set to squats_2_grf
[info] ExternalForce::LeftGRF Data source being set to squats_2_grf
[info] Storage: read data file = squats_2_grf.mot (nr=1676 nc=19)
[info] ExternalForce::RightGRF Data source being set to squats_2_grf
[info] ExternalForce::LeftGRF Data source being set to squats_2_grf
[info] Storage: read data file = squats_2_grf.mot (nr=1676 nc=19)
[info] ExternalForce::RightGRF Data source being set to squats_2_grf
[info] ExternalForce::LeftGRF Data source being set to squats_2_grf
[info] Storage: read data file = squats_2_grf.mot (nr=1676 nc=19)
[info] ExternalForce::RightGRF Data source being set to squats_2_grf
[info] ExternalForce::LeftGRF Data source being set to squats_2_grf
[info] Storage: read data file = squats_2_grf.mot (nr=1676 nc=19)
[info] ExternalForce::RightGRF Data source being set to squats_2_grf
[info] ExternalForce::LeftGRF Data source being set to squats_2_grf
[info] Storage: read data file = squats_2_grf.mot (nr=1676 nc=19)
[info] ExternalForce::RightGRF Data source being set to squats_2_grf
[info] ExternalForce::LeftGRF Data source being set to squats_2_grf
[info] Storage: read data file = squats_2_grf.mot (nr=1676 nc=19)
[info] ExternalForce::RightGRF Data source being set to squats_2_grf
[info] ExternalForce::LeftGRF Data source being set to squats_2_grf
[info] Storage: read data file = squats_2_grf.mot (nr=1676 nc=19)
[info] ExternalForce::RightGRF Data source being set to squats_2_grf
[info] ExternalForce::LeftGRF Data source being set to squats_2_grf
[info] Storage: read data file = squats_2_grf.mot (nr=1676 nc=19)
[info] ExternalForce::RightGRF Data source being set to squats_2_grf
[info] ExternalForce::LeftGRF Data source being set to squats_2_grf
[info] Storage: read data file = squats_2_grf.mot (nr=1676 nc=19)
[info] ExternalForce::RightGRF Data source being set to squats_2_grf
[info] ExternalForce::LeftGRF Data source being set to squats_2_grf
[info] Storage: read data file = squats_2_grf.mot (nr=1676 nc=19)
[info] ExternalForce::RightGRF Data source being set to squats_2_grf
[info] ExternalForce::LeftGRF Data source being set to squats_2_grf
[info] Storage: read data file = squats_2_grf.mot (nr=1676 nc=19)
[info] ExternalForce::RightGRF Data source being set to squats_2_grf
[info] ExternalForce::LeftGRF Data source being set to squats_2_grf
[info] Storage: read data file = squats_2_grf.mot (nr=1676 nc=19)
[info] ExternalForce::RightGRF Data source being set to squats_2_grf
[info] ExternalForce::LeftGRF Data source being set to squats_2_grf
[info] Storage: read data file = squats_2_grf.mot (nr=1676 nc=19)
[info] ExternalForce::RightGRF Data source being set to squats_2_grf
[info] ExternalForce::LeftGRF Data source being set to squats_2_grf
[info] Storage: read data file = squats_2_grf.mot (nr=1676 nc=19)
[info] ExternalForce::RightGRF Data source being set to squats_2_grf
[info] ExternalForce::LeftGRF Data source being set to squats_2_grf
[info] Storage: read data file = squats_2_grf.mot (nr=1676 nc=19)
[info] ExternalForce::RightGRF Data source being set to squats_2_grf
[info] ExternalForce::LeftGRF Data source being set to squats_2_grf
[info] Storage: read data file = squats_2_grf.mot (nr=1676 nc=19)
[info] ExternalForce::RightGRF Data source being set to squats_2_grf
[info] ExternalForce::LeftGRF Data source being set to squats_2_grf
[info] Storage: read data file = squats_2_grf.mot (nr=1676 nc=19)
[info] ExternalForce::RightGRF Data source being set to squats_2_grf
[info] ExternalForce::LeftGRF Data source being set to squats_2_grf
[info] Storage: read data file = squats_2_grf.mot (nr=1676 nc=19)
[info] ExternalForce::RightGRF Data source being set to squats_2_grf
[info] ExternalForce::LeftGRF Data source being set to squats_2_grf
[info] Storage: read data file = squats_2_grf.mot (nr=1676 nc=19)
[info] ExternalForce::RightGRF Data source being set to squats_2_grf
[info] ExternalForce::LeftGRF Data source being set to squats_2_grf
[info] Storage: read data file = squats_2_grf.mot (nr=1676 nc=19)
[info] ExternalForce::RightGRF Data source being set to squats_2_grf
[info] ExternalForce::LeftGRF Data source being set to squats_2_grf
[info] Storage: read data file = squats_2_grf.mot (nr=1676 nc=19)
[info] ExternalForce::RightGRF Data source being set to squats_2_grf
[info] ExternalForce::LeftGRF Data source being set to squats_2_grf
[info] Storage: read data file = squats_2_grf.mot (nr=1676 nc=19)
[info] ExternalForce::RightGRF Data source being set to squats_2_grf
[info] ExternalForce::LeftGRF Data source being set to squats_2_grf
[info] Storage: read data file = squats_2_grf.mot (nr=1676 nc=19)
[info] ExternalForce::RightGRF Data source being set to squats_2_grf
[info] ExternalForce::LeftGRF Data source being set to squats_2_grf
[info] Storage: read data file = squats_2_grf.mot (nr=1676 nc=19)
[info] ExternalForce::RightGRF Data source being set to squats_2_grf
[info] ExternalForce::LeftGRF Data source being set to squats_2_grf
[info] Storage: read data file = squats_2_grf.mot (nr=1676 nc=19)
[info] ExternalForce::RightGRF Data source being set to squats_2_grf
[info] ExternalForce::LeftGRF Data source being set to squats_2_grf
[info] Storage: read data file = squats_2_grf.mot (nr=1676 nc=19)
[info] ExternalForce::RightGRF Data source being set to squats_2_grf
[info] ExternalForce::LeftGRF Data source being set to squats_2_grf
[info] Storage: read data file = squats_2_grf.mot (nr=1676 nc=19)
[info] ExternalForce::RightGRF Data source being set to squats_2_grf
[info] ExternalForce::LeftGRF Data source being set to squats_2_grf
[info] Storage: read data file = squats_2_grf.mot (nr=1676 nc=19)
[info] ExternalForce::RightGRF Data source being set to squats_2_grf
[info] ExternalForce::LeftGRF Data source being set to squats_2_grf
[info] Storage: read data file = squats_2_grf.mot (nr=1676 nc=19)
[info] ExternalForce::RightGRF Data source being set to squats_2_grf
[info] ExternalForce::LeftGRF Data source being set to squats_2_grf
[info] Storage: read data file = squats_2_grf.mot (nr=1676 nc=19)
[info] ExternalForce::RightGRF Data source being set to squats_2_grf
[info] ExternalForce::LeftGRF Data source being set to squats_2_grf
[info] Storage: read data file = squats_2_grf.mot (nr=1676 nc=19)
[info] ExternalForce::RightGRF Data source being set to squats_2_grf
[info] ExternalForce::LeftGRF Data source being set to squats_2_grf
[info] Storage: read data file = squats_2_grf.mot (nr=1676 nc=19)
[info] ExternalForce::RightGRF Data source being set to squats_2_grf
[info] ExternalForce::LeftGRF Data source being set to squats_2_grf
[info] Storage: read data file = squats_2_grf.mot (nr=1676 nc=19)
[info] ExternalForce::RightGRF Data source being set to squats_2_grf
[info] ExternalForce::LeftGRF Data source being set to squats_2_grf
[info] Storage: read data file = squats_2_grf.mot (nr=1676 nc=19)
[info] ExternalForce::RightGRF Data source being set to squats_2_grf
[info] ExternalForce::LeftGRF Data source being set to squats_2_grf
[info] Storage: read data file = squats_2_grf.mot (nr=1676 nc=19)
[info] ExternalForce::RightGRF Data source being set to squats_2_grf
[info] ExternalForce::LeftGRF Data source being set to squats_2_grf
[info] Storage: read data file = squats_2_grf.mot (nr=1676 nc=19)
[info] ExternalForce::RightGRF Data source being set to squats_2_grf
[info] ExternalForce::LeftGRF Data source being set to squats_2_grf
[info] Storage: read data file = squats_2_grf.mot (nr=1676 nc=19)
[info] ExternalForce::RightGRF Data source being set to squats_2_grf
[info] ExternalForce::LeftGRF Data source being set to squats_2_grf
[info] Storage: read data file = squats_2_grf.mot (nr=1676 nc=19)
[info] ExternalForce::RightGRF Data source being set to squats_2_grf
[info] ExternalForce::LeftGRF Data source being set to squats_2_grf
[info] Storage: read data file = squats_2_grf.mot (nr=1676 nc=19)
[info] ExternalForce::RightGRF Data source being set to squats_2_grf
[info] ExternalForce::LeftGRF Data source being set to squats_2_grf
[info] Storage: read data file = squats_2_grf.mot (nr=1676 nc=19)
[info] ExternalForce::RightGRF Data source being set to squats_2_grf
[info] ExternalForce::LeftGRF Data source being set to squats_2_grf
[info] Storage: read data file = squats_2_grf.mot (nr=1676 nc=19)
[info] ExternalForce::RightGRF Data source being set to squats_2_grf
[info] ExternalForce::LeftGRF Data source being set to squats_2_grf
[info] Storage: read data file = squats_2_grf.mot (nr=1676 nc=19)
[info] ExternalForce::RightGRF Data source being set to squats_2_grf
[info] ExternalForce::LeftGRF Data source being set to squats_2_grf
[info] Storage: read data file = squats_2_grf.mot (nr=1676 nc=19)
[info] ExternalForce::RightGRF Data source being set to squats_2_grf
[info] ExternalForce::LeftGRF Data source being set to squats_2_grf
[info] Storage: read data file = squats_2_grf.mot (nr=1676 nc=19)
[info] ExternalForce::RightGRF Data source being set to squats_2_grf
[info] ExternalForce::LeftGRF Data source being set to squats_2_grf
[info] Storage: read data file = squats_2_grf.mot (nr=1676 nc=19)
[info] ExternalForce::RightGRF Data source being set to squats_2_grf
[info] ExternalForce::LeftGRF Data source being set to squats_2_grf
[info] Storage: read data file = squats_2_grf.mot (nr=1676 nc=19)
[info] ExternalForce::RightGRF Data source being set to squats_2_grf
[info] ExternalForce::LeftGRF Data source being set to squats_2_grf
[info] Storage: read data file = squats_2_grf.mot (nr=1676 nc=19)
[info] ExternalForce::RightGRF Data source being set to squats_2_grf
[info] ExternalForce::LeftGRF Data source being set to squats_2_grf
[info] Storage: read data file = squats_2_grf.mot (nr=1676 nc=19)
[info] ExternalForce::RightGRF Data source being set to squats_2_grf
[info] ExternalForce::LeftGRF Data source being set to squats_2_grf
[info] Storage: read data file = squats_2_grf.mot (nr=1676 nc=19)
[info] ExternalForce::RightGRF Data source being set to squats_2_grf
[info] ExternalForce::LeftGRF Data source being set to squats_2_grf
[info] Storage: read data file = squats_2_grf.mot (nr=1676 nc=19)
[info] ExternalForce::RightGRF Data source being set to squats_2_grf
[info] ExternalForce::LeftGRF Data source being set to squats_2_grf
[info] Storage: read data file = squats_2_grf.mot (nr=1676 nc=19)
[info] ExternalForce::RightGRF Data source being set to squats_2_grf
[info] ExternalForce::LeftGRF Data source being set to squats_2_grf
[info] Storage: read data file = squats_2_grf.mot (nr=1676 nc=19)
[info] ExternalForce::RightGRF Data source being set to squats_2_grf
[info] ExternalForce::LeftGRF Data source being set to squats_2_grf
[info] Storage: read data file = squats_2_grf.mot (nr=1676 nc=19)
[info] ExternalForce::RightGRF Data source being set to squats_2_grf
[info] ExternalForce::LeftGRF Data source being set to squats_2_grf
[info] Storage: read data file = squats_2_grf.mot (nr=1676 nc=19)
[info] ExternalForce::RightGRF Data source being set to squats_2_grf
[info] ExternalForce::LeftGRF Data source being set to squats_2_grf
[info] Storage: read data file = squats_2_grf.mot (nr=1676 nc=19)
[info] ExternalForce::RightGRF Data source being set to squats_2_grf
[info] ExternalForce::LeftGRF Data source being set to squats_2_grf
[info] Storage: read data file = squats_2_grf.mot (nr=1676 nc=19)
[info] ExternalForce::RightGRF Data source being set to squats_2_grf
[info] ExternalForce::LeftGRF Data source being set to squats_2_grf
[info] Storage: read data file = squats_2_grf.mot (nr=1676 nc=19)
[info] ExternalForce::RightGRF Data source being set to squats_2_grf
[info] ExternalForce::LeftGRF Data source being set to squats_2_grf
[info] Storage: read data file = squats_2_grf.mot (nr=1676 nc=19)
[info] ExternalForce::RightGRF Data source being set to squats_2_grf
[info] ExternalForce::LeftGRF Data source being set to squats_2_grf
[info] Storage: read data file = squats_2_grf.mot (nr=1676 nc=19)
[info] ExternalForce::RightGRF Data source being set to squats_2_grf
[info] ExternalForce::LeftGRF Data source being set to squats_2_grf
[info] Storage: read data file = squats_2_grf.mot (nr=1676 nc=19)
[info] ExternalForce::RightGRF Data source being set to squats_2_grf
[info] ExternalForce::LeftGRF Data source being set to squats_2_grf
[info] Storage: read data file = squats_2_grf.mot (nr=1676 nc=19)
[info] ExternalForce::RightGRF Data source being set to squats_2_grf
[info] ExternalForce::LeftGRF Data source being set to squats_2_grf
[info] Storage: read data file = squats_2_grf.mot (nr=1676 nc=19)
[info] ExternalForce::RightGRF Data source being set to squats_2_grf
[info] ExternalForce::LeftGRF Data source being set to squats_2_grf
[info] Storage: read data file = squats_2_grf.mot (nr=1676 nc=19)
[info] ExternalForce::RightGRF Data source being set to squats_2_grf
[info] ExternalForce::LeftGRF Data source being set to squats_2_grf
[info] Storage: read data file = squats_2_grf.mot (nr=1676 nc=19)
[info] ExternalForce::RightGRF Data source being set to squats_2_grf
[info] ExternalForce::LeftGRF Data source being set to squats_2_grf
[info] Storage: read data file = squats_2_grf.mot (nr=1676 nc=19)
[info] ExternalForce::RightGRF Data source being set to squats_2_grf
[info] ExternalForce::LeftGRF Data source being set to squats_2_grf
[info] Storage: read data file = squats_2_grf.mot (nr=1676 nc=19)
[info] ExternalForce::RightGRF Data source being set to squats_2_grf
[info] ExternalForce::LeftGRF Data source being set to squats_2_grf
[info] Storage: read data file = squats_2_grf.mot (nr=1676 nc=19)
[info] ExternalForce::RightGRF Data source being set to squats_2_grf
[info] ExternalForce::LeftGRF Data source being set to squats_2_grf
[info] Storage: read data file = squats_2_grf.mot (nr=1676 nc=19)
[info] ExternalForce::RightGRF Data source being set to squats_2_grf
[info] ExternalForce::LeftGRF Data source being set to squats_2_grf
[info] Storage: read data file = squats_2_grf.mot (nr=1676 nc=19)
[info] ExternalForce::RightGRF Data source being set to squats_2_grf
[info] ExternalForce::LeftGRF Data source being set to squats_2_grf
[info] Storage: read data file = squats_2_grf.mot (nr=1676 nc=19)
[info] ExternalForce::RightGRF Data source being set to squats_2_grf
[info] ExternalForce::LeftGRF Data source being set to squats_2_grf
[info] Storage: read data file = squats_2_grf.mot (nr=1676 nc=19)
[info] ExternalForce::RightGRF Data source being set to squats_2_grf
[info] ExternalForce::LeftGRF Data source being set to squats_2_grf
[info] Storage: read data file = squats_2_grf.mot (nr=1676 nc=19)
[info] ExternalForce::RightGRF Data source being set to squats_2_grf
[info] ExternalForce::LeftGRF Data source being set to squats_2_grf
[info] Storage: read data file = squats_2_grf.mot (nr=1676 nc=19)
[info] ExternalForce::RightGRF Data source being set to squats_2_grf
[info] ExternalForce::LeftGRF Data source being set to squats_2_grf
[info] Storage: read data file = squats_2_grf.mot (nr=1676 nc=19)
[info] ExternalForce::RightGRF Data source being set to squats_2_grf
[info] ExternalForce::LeftGRF Data source being set to squats_2_grf
[info] Storage: read data file = squats_2_grf.mot (nr=1676 nc=19)
[info] ExternalForce::RightGRF Data source being set to squats_2_grf
[info] ExternalForce::LeftGRF Data source being set to squats_2_grf
[info] Storage: read data file = squats_2_grf.mot (nr=1676 nc=19)
[info] ExternalForce::RightGRF Data source being set to squats_2_grf
[info] ExternalForce::LeftGRF Data source being set to squats_2_grf
[info] Storage: read data file = squats_2_grf.mot (nr=1676 nc=19)
[info] ExternalForce::RightGRF Data source being set to squats_2_grf
[info] ExternalForce::LeftGRF Data source being set to squats_2_grf
[info] Storage: read data file = squats_2_grf.mot (nr=1676 nc=19)
[info] ExternalForce::RightGRF Data source being set to squats_2_grf
[info] ExternalForce::LeftGRF Data source being set to squats_2_grf
[info] Storage: read data file = squats_2_grf.mot (nr=1676 nc=19)
[info] ExternalForce::RightGRF Data source being set to squats_2_grf
[info] ExternalForce::LeftGRF Data source being set to squats_2_grf
[info] Storage: read data file = squats_2_grf.mot (nr=1676 nc=19)
[info] ExternalForce::RightGRF Data source being set to squats_2_grf
[info] ExternalForce::LeftGRF Data source being set to squats_2_grf
[info] Storage: read data file = squats_2_grf.mot (nr=1676 nc=19)
[info] ExternalForce::RightGRF Data source being set to squats_2_grf
[info] ExternalForce::LeftGRF Data source being set to squats_2_grf
[info] Storage: read data file = squats_2_grf.mot (nr=1676 nc=19)
[info] ExternalForce::RightGRF Data source being set to squats_2_grf
[info] ExternalForce::LeftGRF Data source being set to squats_2_grf
[info] Storage: read data file = squats_2_grf.mot (nr=1676 nc=19)
[info] ExternalForce::RightGRF Data source being set to squats_2_grf
[info] ExternalForce::LeftGRF Data source being set to squats_2_grf
[info] Storage: read data file = squats_2_grf.mot (nr=1676 nc=19)
[info] ExternalForce::RightGRF Data source being set to squats_2_grf
[info] ExternalForce::LeftGRF Data source being set to squats_2_grf
[info] Storage: read data file = squats_2_grf.mot (nr=1676 nc=19)
[info] ExternalForce::RightGRF Data source being set to squats_2_grf
[info] ExternalForce::LeftGRF Data source being set to squats_2_grf
[info] Storage: read data file = squats_2_grf.mot (nr=1676 nc=19)
[info] ExternalForce::RightGRF Data source being set to squats_2_grf
[info] ExternalForce::LeftGRF Data source being set to squats_2_grf
[info] Storage: read data file = squats_2_grf.mot (nr=1676 nc=19)
[info] ExternalForce::RightGRF Data source being set to squats_2_grf
[info] ExternalForce::LeftGRF Data source being set to squats_2_grf
[info] Storage: read data file = squats_2_grf.mot (nr=1676 nc=19)
[info] ExternalForce::RightGRF Data source being set to squats_2_grf
[info] ExternalForce::LeftGRF Data source being set to squats_2_grf
[info] Storage: read data file = squats_2_grf.mot (nr=1676 nc=19)
[info] ExternalForce::RightGRF Data source being set to squats_2_grf
[info] ExternalForce::LeftGRF Data source being set to squats_2_grf
[info] Storage: read data file = squats_2_grf.mot (nr=1676 nc=19)
[info] ExternalForce::RightGRF Data source being set to squats_2_grf
[info] ExternalForce::LeftGRF Data source being set to squats_2_grf
[info] Storage: read data file = squats_2_grf.mot (nr=1676 nc=19)
[info] ExternalForce::RightGRF Data source being set to squats_2_grf
[info] ExternalForce::LeftGRF Data source being set to squats_2_grf
[info] Storage: read data file = squats_2_grf.mot (nr=1676 nc=19)
[info] ExternalForce::RightGRF Data source being set to squats_2_grf
[info] ExternalForce::LeftGRF Data source being set to squats_2_grf
[info] Storage: read data file = squats_2_grf.mot (nr=1676 nc=19)
[info] ExternalForce::RightGRF Data source being set to squats_2_grf
[info] ExternalForce::LeftGRF Data source being set to squats_2_grf
[info] Storage: read data file = squats_2_grf.mot (nr=1676 nc=19)
[info] ExternalForce::RightGRF Data source being set to squats_2_grf
[info] ExternalForce::LeftGRF Data source being set to squats_2_grf
[info] Storage: read data file = squats_2_grf.mot (nr=1676 nc=19)
[info] ExternalForce::RightGRF Data source being set to squats_2_grf
[info] ExternalForce::LeftGRF Data source being set to squats_2_grf
[info] Storage: read data file = squats_2_grf.mot (nr=1676 nc=19)
[info] ExternalForce::RightGRF Data source being set to squats_2_grf
[info] ExternalForce::LeftGRF Data source being set to squats_2_grf
[info] Storage: read data file = squats_2_grf.mot (nr=1676 nc=19)
[info] ExternalForce::RightGRF Data source being set to squats_2_grf
[info] ExternalForce::LeftGRF Data source being set to squats_2_grf
[info] Storage: read data file = squats_2_grf.mot (nr=1676 nc=19)
[info] ExternalForce::RightGRF Data source being set to squats_2_grf
[info] ExternalForce::LeftGRF Data source being set to squats_2_grf
[info] Storage: read data file = squats_2_grf.mot (nr=1676 nc=19)
[info] ExternalForce::RightGRF Data source being set to squats_2_grf
[info] ExternalForce::LeftGRF Data source being set to squats_2_grf
[info] Storage: read data file = squats_2_grf.mot (nr=1676 nc=19)
[info] ExternalForce::RightGRF Data source being set to squats_2_grf
[info] ExternalForce::LeftGRF Data source being set to squats_2_grf
[info] Storage: read data file = squats_2_grf.mot (nr=1676 nc=19)
[info] ExternalForce::RightGRF Data source being set to squats_2_grf
[info] ExternalForce::LeftGRF Data source being set to squats_2_grf
[info] Storage: read data file = squats_2_grf.mot (nr=1676 nc=19)
[info] ExternalForce::RightGRF Data source being set to squats_2_grf
[info] ExternalForce::LeftGRF Data source being set to squats_2_grf
[info] Storage: read data file = squats_2_grf.mot (nr=1676 nc=19)
[info] ExternalForce::RightGRF Data source being set to squats_2_grf
[info] ExternalForce::LeftGRF Data source being set to squats_2_grf
[info] Storage: read data file = squats_2_grf.mot (nr=1676 nc=19)
[info] ExternalForce::RightGRF Data source being set to squats_2_grf
[info] ExternalForce::LeftGRF Data source being set to squats_2_grf
[info] Storage: read data file = squats_2_grf.mot (nr=1676 nc=19)
[info] ExternalForce::RightGRF Data source being set to squats_2_grf
[info] ExternalForce::LeftGRF Data source being set to squats_2_grf
[info] Storage: read data file = squats_2_grf.mot (nr=1676 nc=19)
[info] ExternalForce::RightGRF Data source being set to squats_2_grf
[info] ExternalForce::LeftGRF Data source being set to squats_2_grf
[info] Storage: read data file = squats_2_grf.mot (nr=1676 nc=19)
[info] ExternalForce::RightGRF Data source being set to squats_2_grf
[info] ExternalForce::LeftGRF Data source being set to squats_2_grf
[info] Storage: read data file = squats_2_grf.mot (nr=1676 nc=19)
[info] ExternalForce::RightGRF Data source being set to squats_2_grf
[info] ExternalForce::LeftGRF Data source being set to squats_2_grf
[info] Storage: read data file = squats_2_grf.mot (nr=1676 nc=19)
[info] ExternalForce::RightGRF Data source being set to squats_2_grf
[info] ExternalForce::LeftGRF Data source being set to squats_2_grf
[info] Storage: read data file = squats_2_grf.mot (nr=1676 nc=19)
[info] ExternalForce::RightGRF Data source being set to squats_2_grf
[info] ExternalForce::LeftGRF Data source being set to squats_2_grf
[info] Storage: read data file = squats_2_grf.mot (nr=1676 nc=19)
[info] ExternalForce::RightGRF Data source being set to squats_2_grf
[info] ExternalForce::LeftGRF Data source being set to squats_2_grf
[info] Storage: read data file = squats_2_grf.mot (nr=1676 nc=19)
[info] ExternalForce::RightGRF Data source being set to squats_2_grf
[info] ExternalForce::LeftGRF Data source being set to squats_2_grf
[info] Storage: read data file = squats_2_grf.mot (nr=1676 nc=19)
[info] ExternalForce::RightGRF Data source being set to squats_2_grf
[info] ExternalForce::LeftGRF Data source being set to squats_2_grf
[info] Storage: read data file = squats_2_grf.mot (nr=1676 nc=19)
[info] ExternalForce::RightGRF Data source being set to squats_2_grf
[info] ExternalForce::LeftGRF Data source being set to squats_2_grf
[info] Storage: read data file = squats_2_grf.mot (nr=1676 nc=19)
[info] ExternalForce::RightGRF Data source being set to squats_2_grf
[info] ExternalForce::LeftGRF Data source being set to squats_2_grf
[info] Storage: read data file = squats_2_grf.mot (nr=1676 nc=19)
[info] ExternalForce::RightGRF Data source being set to squats_2_grf
[info] ExternalForce::LeftGRF Data source being set to squats_2_grf
[info] Storage: read data file = squats_2_grf.mot (nr=1676 nc=19)
[info] ExternalForce::RightGRF Data source being set to squats_2_grf
[info] ExternalForce::LeftGRF Data source being set to squats_2_grf
[info] Storage: read data file = squats_2_grf.mot (nr=1676 nc=19)
[info] ExternalForce::RightGRF Data source being set to squats_2_grf
[info] ExternalForce::LeftGRF Data source being set to squats_2_grf
[info] Storage: read data file = squats_2_grf.mot (nr=1676 nc=19)
[info] ExternalForce::RightGRF Data source being set to squats_2_grf
[info] ExternalForce::LeftGRF Data source being set to squats_2_grf
[info] Storage: read data file = squats_2_grf.mot (nr=1676 nc=19)
[info] ExternalForce::RightGRF Data source being set to squats_2_grf
[info] ExternalForce::LeftGRF Data source being set to squats_2_grf
[info] Storage: read data file = squats_2_grf.mot (nr=1676 nc=19)
[info] ExternalForce::RightGRF Data source being set to squats_2_grf
[info] ExternalForce::LeftGRF Data source being set to squats_2_grf
[info] Storage: read data file = squats_2_grf.mot (nr=1676 nc=19)
[info] ExternalForce::RightGRF Data source being set to squats_2_grf
[info] ExternalForce::LeftGRF Data source being set to squats_2_grf
[info] Storage: read data file = squats_2_grf.mot (nr=1676 nc=19)
[info] ExternalForce::RightGRF Data source being set to squats_2_grf
[info] ExternalForce::LeftGRF Data source being set to squats_2_grf
[info] Storage: read data file = squats_2_grf.mot (nr=1676 nc=19)
[info] ExternalForce::RightGRF Data source being set to squats_2_grf
[info] ExternalForce::LeftGRF Data source being set to squats_2_grf
[info] Storage: read data file = squats_2_grf.mot (nr=1676 nc=19)
[info] ExternalForce::RightGRF Data source being set to squats_2_grf
[info] ExternalForce::LeftGRF Data source being set to squats_2_grf
[info] Storage: read data file = squats_2_grf.mot (nr=1676 nc=19)
[info] ExternalForce::RightGRF Data source being set to squats_2_grf
[info] ExternalForce::LeftGRF Data source being set to squats_2_grf
[info] Storage: read data file = squats_2_grf.mot (nr=1676 nc=19)
[info] ExternalForce::RightGRF Data source being set to squats_2_grf
[info] ExternalForce::LeftGRF Data source being set to squats_2_grf
[info] Storage: read data file = squats_2_grf.mot (nr=1676 nc=19)
[info] ExternalForce::RightGRF Data source being set to squats_2_grf
[info] ExternalForce::LeftGRF Data source being set to squats_2_grf
[info] Storage: read data file = squats_2_grf.mot (nr=1676 nc=19)
[info] ExternalForce::RightGRF Data source being set to squats_2_grf
[info] ExternalForce::LeftGRF Data source being set to squats_2_grf
[info] Storage: read data file = squats_2_grf.mot (nr=1676 nc=19)
[info] ExternalForce::RightGRF Data source being set to squats_2_grf
[info] ExternalForce::LeftGRF Data source being set to squats_2_grf
[info] Storage: read data file = squats_2_grf.mot (nr=1676 nc=19)
[info] ExternalForce::RightGRF Data source being set to squats_2_grf
[info] ExternalForce::LeftGRF Data source being set to squats_2_grf
[info] Storage: read data file = squats_2_grf.mot (nr=1676 nc=19)
[info] ExternalForce::RightGRF Data source being set to squats_2_grf
[info] ExternalForce::LeftGRF Data source being set to squats_2_grf
[info] Storage: read data file = squats_2_grf.mot (nr=1676 nc=19)
[info] ExternalForce::RightGRF Data source being set to squats_2_grf
[info] ExternalForce::LeftGRF Data source being set to squats_2_grf
[info] Storage: read data file = squats_2_grf.mot (nr=1676 nc=19)
[info] ExternalForce::RightGRF Data source being set to squats_2_grf
[info] ExternalForce::LeftGRF Data source being set to squats_2_grf
[info] Storage: read data file = squats_2_grf.mot (nr=1676 nc=19)
[info] ExternalForce::RightGRF Data source being set to squats_2_grf
[info] ExternalForce::LeftGRF Data source being set to squats_2_grf
[info] Storage: read data file = squats_2_grf.mot (nr=1676 nc=19)
[info] ExternalForce::RightGRF Data source being set to squats_2_grf
[info] ExternalForce::LeftGRF Data source being set to squats_2_grf
[info] Storage: read data file = squats_2_grf.mot (nr=1676 nc=19)
[info] ExternalForce::RightGRF Data source being set to squats_2_grf
[info] ExternalForce::LeftGRF Data source being set to squats_2_grf
[info] Storage: read data file = squats_2_grf.mot (nr=1676 nc=19)
[info] ExternalForce::RightGRF Data source being set to squats_2_grf
[info] ExternalForce::LeftGRF Data source being set to squats_2_grf
[info] Storage: read data file = squats_2_grf.mot (nr=1676 nc=19)
[info] ExternalForce::RightGRF Data source being set to squats_2_grf
[info] ExternalForce::LeftGRF Data source being set to squats_2_grf
[info] Storage: read data file = squats_2_grf.mot (nr=1676 nc=19)
[info] ExternalForce::RightGRF Data source being set to squats_2_grf
[info] ExternalForce::LeftGRF Data source being set to squats_2_grf
[info] Storage: read data file = squats_2_grf.mot (nr=1676 nc=19)
[info] ExternalForce::RightGRF Data source being set to squats_2_grf
[info] ExternalForce::LeftGRF Data source being set to squats_2_grf
[info] Storage: read data file = squats_2_grf.mot (nr=1676 nc=19)
[info] ExternalForce::RightGRF Data source being set to squats_2_grf
[info] ExternalForce::LeftGRF Data source being set to squats_2_grf
[info] Storage: read data file = squats_2_grf.mot (nr=1676 nc=19)
[info] ExternalForce::RightGRF Data source being set to squats_2_grf
[info] ExternalForce::LeftGRF Data source being set to squats_2_grf
[info] Storage: read data file = squats_2_grf.mot (nr=1676 nc=19)
[info] ExternalForce::RightGRF Data source being set to squats_2_grf
[info] ExternalForce::LeftGRF Data source being set to squats_2_grf
[info] Storage: read data file = squats_2_grf.mot (nr=1676 nc=19)
[info] ExternalForce::RightGRF Data source being set to squats_2_grf
[info] ExternalForce::LeftGRF Data source being set to squats_2_grf
[info] Storage: read data file = squats_2_grf.mot (nr=1676 nc=19)
[info] ExternalForce::RightGRF Data source being set to squats_2_grf
[info] ExternalForce::LeftGRF Data source being set to squats_2_grf
[info] Storage: read data file = squats_2_grf.mot (nr=1676 nc=19)
[info] ExternalForce::RightGRF Data source being set to squats_2_grf
[info] ExternalForce::LeftGRF Data source being set to squats_2_grf
[info] Storage: read data file = squats_2_grf.mot (nr=1676 nc=19)
[info] ExternalForce::RightGRF Data source being set to squats_2_grf
[info] ExternalForce::LeftGRF Data source being set to squats_2_grf
[info] Storage: read data file = squats_2_grf.mot (nr=1676 nc=19)
[info] ExternalForce::RightGRF Data source being set to squats_2_grf
[info] ExternalForce::LeftGRF Data source being set to squats_2_grf
[info] Storage: read data file = squats_2_grf.mot (nr=1676 nc=19)
[info] ExternalForce::RightGRF Data source being set to squats_2_grf
[info] ExternalForce::LeftGRF Data source being set to squats_2_grf
[info] Storage: read data file = squats_2_grf.mot (nr=1676 nc=19)
[info] ExternalForce::RightGRF Data source being set to squats_2_grf
[info] ExternalForce::LeftGRF Data source being set to squats_2_grf
[info] Storage: read data file = squats_2_grf.mot (nr=1676 nc=19)
[info] ExternalForce::RightGRF Data source being set to squats_2_grf
[info] ExternalForce::LeftGRF Data source being set to squats_2_grf
[info] Storage: read data file = squats_2_grf.mot (nr=1676 nc=19)
[info] ExternalForce::RightGRF Data source being set to squats_2_grf
[info] ExternalForce::LeftGRF Data source being set to squats_2_grf
[info] Storage: read data file = squats_2_grf.mot (nr=1676 nc=19)
[info] ExternalForce::RightGRF Data source being set to squats_2_grf
[info] ExternalForce::LeftGRF Data source being set to squats_2_grf
[info] Storage: read data file = squats_2_grf.mot (nr=1676 nc=19)
[info] ExternalForce::RightGRF Data source being set to squats_2_grf
[info] ExternalForce::LeftGRF Data source being set to squats_2_grf
[info] Storage: read data file = squats_2_grf.mot (nr=1676 nc=19)
[info] ExternalForce::RightGRF Data source being set to squats_2_grf
[info] ExternalForce::LeftGRF Data source being set to squats_2_grf
[info] Storage: read data file = squats_2_grf.mot (nr=1676 nc=19)
[info] ExternalForce::RightGRF Data source being set to squats_2_grf
[info] ExternalForce::LeftGRF Data source being set to squats_2_grf
[info] Storage: read data file = squats_2_grf.mot (nr=1676 nc=19)
[info] ExternalForce::RightGRF Data source being set to squats_2_grf
[info] ExternalForce::LeftGRF Data source being set to squats_2_grf
[info] Storage: read data file = squats_2_grf.mot (nr=1676 nc=19)
[info] ExternalForce::RightGRF Data source being set to squats_2_grf
[info] ExternalForce::LeftGRF Data source being set to squats_2_grf
[info] Storage: read data file = squats_2_grf.mot (nr=1676 nc=19)
[info] ExternalForce::RightGRF Data source being set to squats_2_grf
[info] ExternalForce::LeftGRF Data source being set to squats_2_grf
[info] Storage: read data file = squats_2_grf.mot (nr=1676 nc=19)
[info] ExternalForce::RightGRF Data source being set to squats_2_grf
[info] ExternalForce::LeftGRF Data source being set to squats_2_grf
[info] Storage: read data file = squats_2_grf.mot (nr=1676 nc=19)
[info] ExternalForce::RightGRF Data source being set to squats_2_grf
[info] ExternalForce::LeftGRF Data source being set to squats_2_grf
[info] Storage: read data file = squats_2_grf.mot (nr=1676 nc=19)
[info] ExternalForce::RightGRF Data source being set to squats_2_grf
[info] ExternalForce::LeftGRF Data source being set to squats_2_grf
[info] Storage: read data file = squats_2_grf.mot (nr=1676 nc=19)
[info] ExternalForce::RightGRF Data source being set to squats_2_grf
[info] ExternalForce::LeftGRF Data source being set to squats_2_grf
[info] Storage: read data file = squats_2_grf.mot (nr=1676 nc=19)
[info] ExternalForce::RightGRF Data source being set to squats_2_grf
[info] ExternalForce::LeftGRF Data source being set to squats_2_grf
[info] Storage: read data file = squats_2_grf.mot (nr=1676 nc=19)
[info] ExternalForce::RightGRF Data source being set to squats_2_grf
[info] ExternalForce::LeftGRF Data source being set to squats_2_grf
[info] Storage: read data file = squats_2_grf.mot (nr=1676 nc=19)
[info] ExternalForce::RightGRF Data source being set to squats_2_grf
[info] ExternalForce::LeftGRF Data source being set to squats_2_grf
[info] Storage: read data file = squats_2_grf.mot (nr=1676 nc=19)
[info] ExternalForce::RightGRF Data source being set to squats_2_grf
[info] ExternalForce::LeftGRF Data source being set to squats_2_grf
[info] Storage: read data file = squats_2_grf.mot (nr=1676 nc=19)
[info] ExternalForce::RightGRF Data source being set to squats_2_grf
[info] ExternalForce::LeftGRF Data source being set to squats_2_grf
[info] Storage: read data file = squats_2_grf.mot (nr=1676 nc=19)
[info] ExternalForce::RightGRF Data source being set to squats_2_grf
[info] ExternalForce::LeftGRF Data source being set to squats_2_grf
[info] Storage: read data file = squats_2_grf.mot (nr=1676 nc=19)
[info] ExternalForce::RightGRF Data source being set to squats_2_grf
[info] ExternalForce::LeftGRF Data source being set to squats_2_grf
[info] Storage: read data file = squats_2_grf.mot (nr=1676 nc=19)
[info] ExternalForce::RightGRF Data source being set to squats_2_grf
[info] ExternalForce::LeftGRF Data source being set to squats_2_grf
[info] Storage: read data file = squats_2_grf.mot (nr=1676 nc=19)
[info] ExternalForce::RightGRF Data source being set to squats_2_grf
[info] ExternalForce::LeftGRF Data source being set to squats_2_grf
[info] Storage: read data file = squats_2_grf.mot (nr=1676 nc=19)
[info] ExternalForce::RightGRF Data source being set to squats_2_grf
[info] ExternalForce::LeftGRF Data source being set to squats_2_grf
[info] Storage: read data file = squats_2_grf.mot (nr=1676 nc=19)
[info] ExternalForce::RightGRF Data source being set to squats_2_grf
[info] ExternalForce::LeftGRF Data source being set to squats_2_grf
[info] Storage: read data file = squats_2_grf.mot (nr=1676 nc=19)
[info] ExternalForce::RightGRF Data source being set to squats_2_grf
[info] ExternalForce::LeftGRF Data source being set to squats_2_grf
[info] Storage: read data file = squats_2_grf.mot (nr=1676 nc=19)
[info] ExternalForce::RightGRF Data source being set to squats_2_grf
[info] ExternalForce::LeftGRF Data source being set to squats_2_grf
[info] Storage: read data file = squats_2_grf.mot (nr=1676 nc=19)
[info] ExternalForce::RightGRF Data source being set to squats_2_grf
[info] ExternalForce::LeftGRF Data source being set to squats_2_grf
[info] Storage: read data file = squats_2_grf.mot (nr=1676 nc=19)
[info] ExternalForce::RightGRF Data source being set to squats_2_grf
[info] ExternalForce::LeftGRF Data source being set to squats_2_grf
[info] Storage: read data file = squats_2_grf.mot (nr=1676 nc=19)
[info] ExternalForce::RightGRF Data source being set to squats_2_grf
[info] ExternalForce::LeftGRF Data source being set to squats_2_grf
[info] Storage: read data file = squats_2_grf.mot (nr=1676 nc=19)
[info] ExternalForce::RightGRF Data source being set to squats_2_grf
[info] ExternalForce::LeftGRF Data source being set to squats_2_grf
[info] Storage: read data file = squats_2_grf.mot (nr=1676 nc=19)
[info] ExternalForce::RightGRF Data source being set to squats_2_grf
[info] ExternalForce::LeftGRF Data source being set to squats_2_grf
[info] Storage: read data file = squats_2_grf.mot (nr=1676 nc=19)
[info] ExternalForce::RightGRF Data source being set to squats_2_grf
[info] ExternalForce::LeftGRF Data source being set to squats_2_grf
[info] Storage: read data file = squats_2_grf.mot (nr=1676 nc=19)
[info] ExternalForce::RightGRF Data source being set to squats_2_grf
[info] ExternalForce::LeftGRF Data source being set to squats_2_grf
[info] Storage: read data file = squats_2_grf.mot (nr=1676 nc=19)
[info] ExternalForce::RightGRF Data source being set to squats_2_grf
[info] ExternalForce::LeftGRF Data source being set to squats_2_grf
[info] Storage: read data file = squats_2_grf.mot (nr=1676 nc=19)
[info] ExternalForce::RightGRF Data source being set to squats_2_grf
[info] ExternalForce::LeftGRF Data source being set to squats_2_grf
[info] Storage: read data file = squats_2_grf.mot (nr=1676 nc=19)
[info] ExternalForce::RightGRF Data source being set to squats_2_grf
[info] ExternalForce::LeftGRF Data source being set to squats_2_grf
[info] Storage: read data file = squats_2_grf.mot (nr=1676 nc=19)
[info] ExternalForce::RightGRF Data source being set to squats_2_grf
[info] ExternalForce::LeftGRF Data source being set to squats_2_grf
[info] Storage: read data file = squats_2_grf.mot (nr=1676 nc=19)
[info] ExternalForce::RightGRF Data source being set to squats_2_grf
[info] ExternalForce::LeftGRF Data source being set to squats_2_grf
[info] Storage: read data file = squats_2_grf.mot (nr=1676 nc=19)
[info] ExternalForce::RightGRF Data source being set to squats_2_grf
[info] ExternalForce::LeftGRF Data source being set to squats_2_grf
[info] Storage: read data file = squats_2_grf.mot (nr=1676 nc=19)
[info] ExternalForce::RightGRF Data source being set to squats_2_grf
[info] ExternalForce::LeftGRF Data source being set to squats_2_grf
[info] Storage: read data file = squats_2_grf.mot (nr=1676 nc=19)
[info] ExternalForce::RightGRF Data source being set to squats_2_grf
[info] ExternalForce::LeftGRF Data source being set to squats_2_grf
[info] Storage: read data file = squats_2_grf.mot (nr=1676 nc=19)
[info] ExternalForce::RightGRF Data source being set to squats_2_grf
[info] ExternalForce::LeftGRF Data source being set to squats_2_grf
[info] Storage: read data file = squats_2_grf.mot (nr=1676 nc=19)
[info] ExternalForce::RightGRF Data source being set to squats_2_grf
[info] ExternalForce::LeftGRF Data source being set to squats_2_grf
[info] Storage: read data file = squats_2_grf.mot (nr=1676 nc=19)
[info] ExternalForce::RightGRF Data source being set to squats_2_grf
[info] ExternalForce::LeftGRF Data source being set to squats_2_grf
[info] Storage: read data file = squats_2_grf.mot (nr=1676 nc=19)
[info] ExternalForce::RightGRF Data source being set to squats_2_grf
[info] ExternalForce::LeftGRF Data source being set to squats_2_grf
[info] Storage: read data file = squats_2_grf.mot (nr=1676 nc=19)
[info] ExternalForce::RightGRF Data source being set to squats_2_grf
[info] ExternalForce::LeftGRF Data source being set to squats_2_grf
[info] Storage: read data file = squats_2_grf.mot (nr=1676 nc=19)
[info] ExternalForce::RightGRF Data source being set to squats_2_grf
[info] ExternalForce::LeftGRF Data source being set to squats_2_grf
[info] Storage: read data file = squats_2_grf.mot (nr=1676 nc=19)
[info] ExternalForce::RightGRF Data source being set to squats_2_grf
[info] ExternalForce::LeftGRF Data source being set to squats_2_grf
[info] Storage: read data file = squats_2_grf.mot (nr=1676 nc=19)
[info] ExternalForce::RightGRF Data source being set to squats_2_grf
[info] ExternalForce::LeftGRF Data source being set to squats_2_grf
[info] Storage: read data file = squats_2_grf.mot (nr=1676 nc=19)
[info] ExternalForce::RightGRF Data source being set to squats_2_grf
[info] ExternalForce::LeftGRF Data source being set to squats_2_grf
[info] Storage: read data file = squats_2_grf.mot (nr=1676 nc=19)
[info] ExternalForce::RightGRF Data source being set to squats_2_grf
[info] ExternalForce::LeftGRF Data source being set to squats_2_grf
[info] Storage: read data file = squats_2_grf.mot (nr=1676 nc=19)
[info] ExternalForce::RightGRF Data source being set to squats_2_grf
[info] ExternalForce::LeftGRF Data source being set to squats_2_grf
[info] Storage: read data file = squats_2_grf.mot (nr=1676 nc=19)
[info] ExternalForce::RightGRF Data source being set to squats_2_grf
[info] ExternalForce::LeftGRF Data source being set to squats_2_grf
[info] Storage: read data file = squats_2_grf.mot (nr=1676 nc=19)
[info] ExternalForce::RightGRF Data source being set to squats_2_grf
[info] ExternalForce::LeftGRF Data source being set to squats_2_grf
[info] Storage: read data file = squats_2_grf.mot (nr=1676 nc=19)
[info] ExternalForce::RightGRF Data source being set to squats_2_grf
[info] ExternalForce::LeftGRF Data source being set to squats_2_grf
[info] Storage: read data file = squats_2_grf.mot (nr=1676 nc=19)
[info] ExternalForce::RightGRF Data source being set to squats_2_grf
[info] ExternalForce::LeftGRF Data source being set to squats_2_grf
[info] Storage: read data file = squats_2_grf.mot (nr=1676 nc=19)
[info] ExternalForce::RightGRF Data source being set to squats_2_grf
[info] ExternalForce::LeftGRF Data source being set to squats_2_grf
[info] Storage: read data file = squats_2_grf.mot (nr=1676 nc=19)
[info] ExternalForce::RightGRF Data source being set to squats_2_grf
[info] ExternalForce::LeftGRF Data source being set to squats_2_grf
[info] Storage: read data file = squats_2_grf.mot (nr=1676 nc=19)
[info] ExternalForce::RightGRF Data source being set to squats_2_grf
[info] ExternalForce::LeftGRF Data source being set to squats_2_grf
[info] Storage: read data file = squats_2_grf.mot (nr=1676 nc=19)
[info] ExternalForce::RightGRF Data source being set to squats_2_grf
[info] ExternalForce::LeftGRF Data source being set to squats_2_grf
[info] Storage: read data file = squats_2_grf.mot (nr=1676 nc=19)
[info] ExternalForce::RightGRF Data source being set to squats_2_grf
[info] ExternalForce::LeftGRF Data source being set to squats_2_grf
[info] Storage: read data file = squats_2_grf.mot (nr=1676 nc=19)
[info] ExternalForce::RightGRF Data source being set to squats_2_grf
[info] ExternalForce::LeftGRF Data source being set to squats_2_grf
[info] Storage: read data file = squats_2_grf.mot (nr=1676 nc=19)
[info] ExternalForce::RightGRF Data source being set to squats_2_grf
[info] ExternalForce::LeftGRF Data source being set to squats_2_grf
[info] Storage: read data file = squats_2_grf.mot (nr=1676 nc=19)
[info] ExternalForce::RightGRF Data source being set to squats_2_grf
[info] ExternalForce::LeftGRF Data source being set to squats_2_grf
[info] Storage: read data file = squats_2_grf.mot (nr=1676 nc=19)
[info] ExternalForce::RightGRF Data source being set to squats_2_grf
[info] ExternalForce::LeftGRF Data source being set to squats_2_grf
[info] Storage: read data file = squats_2_grf.mot (nr=1676 nc=19)
[info] ExternalForce::RightGRF Data source being set to squats_2_grf
[info] ExternalForce::LeftGRF Data source being set to squats_2_grf
[info] Storage: read data file = squats_2_grf.mot (nr=1676 nc=19)
[info] ExternalForce::RightGRF Data source being set to squats_2_grf
[info] ExternalForce::LeftGRF Data source being set to squats_2_grf
[info] Storage: read data file = squats_2_grf.mot (nr=1676 nc=19)
[info] ExternalForce::RightGRF Data source being set to squats_2_grf
[info] ExternalForce::LeftGRF Data source being set to squats_2_grf
[info] Storage: read data file = squats_2_grf.mot (nr=1676 nc=19)
[info] ExternalForce::RightGRF Data source being set to squats_2_grf
[info] ExternalForce::LeftGRF Data source being set to squats_2_grf
[info] Storage: read data file = squats_2_grf.mot (nr=1676 nc=19)
[info] ExternalForce::RightGRF Data source being set to squats_2_grf
[info] ExternalForce::LeftGRF Data source being set to squats_2_grf
[info] Storage: read data file = squats_2_grf.mot (nr=1676 nc=19)
[info] ExternalForce::RightGRF Data source being set to squats_2_grf
[info] ExternalForce::LeftGRF Data source being set to squats_2_grf
[info] Storage: read data file = squats_2_grf.mot (nr=1676 nc=19)
[info] ExternalForce::RightGRF Data source being set to squats_2_grf
[info] ExternalForce::LeftGRF Data source being set to squats_2_grf
[info] Storage: read data file = squats_2_grf.mot (nr=1676 nc=19)
[info] ExternalForce::RightGRF Data source being set to squats_2_grf
[info] ExternalForce::LeftGRF Data source being set to squats_2_grf
[info] Storage: read data file = squats_2_grf.mot (nr=1676 nc=19)
[info] ExternalForce::RightGRF Data source being set to squats_2_grf
[info] ExternalForce::LeftGRF Data source being set to squats_2_grf
[info] Storage: read data file = squats_2_grf.mot (nr=1676 nc=19)
[info] ExternalForce::RightGRF Data source being set to squats_2_grf
[info] ExternalForce::LeftGRF Data source being set to squats_2_grf
[info] Storage: read data file = squats_2_grf.mot (nr=1676 nc=19)
[info] ExternalForce::RightGRF Data source being set to squats_2_grf
[info] ExternalForce::LeftGRF Data source being set to squats_2_grf
[info] Storage: read data file = squats_2_grf.mot (nr=1676 nc=19)
[info] ExternalForce::RightGRF Data source being set to squats_2_grf
[info] ExternalForce::LeftGRF Data source being set to squats_2_grf
[info] Storage: read data file = squats_2_grf.mot (nr=1676 nc=19)
[info] ExternalForce::RightGRF Data source being set to squats_2_grf
[info] ExternalForce::LeftGRF Data source being set to squats_2_grf
[info] Storage: read data file = squats_2_grf.mot (nr=1676 nc=19)
[info] ExternalForce::RightGRF Data source being set to squats_2_grf
[info] ExternalForce::LeftGRF Data source being set to squats_2_grf
[info] Storage: read data file = squats_2_grf.mot (nr=1676 nc=19)
[info] ExternalForce::RightGRF Data source being set to squats_2_grf
[info] ExternalForce::LeftGRF Data source being set to squats_2_grf
[info] Storage: read data file = squats_2_grf.mot (nr=1676 nc=19)
[info] ExternalForce::RightGRF Data source being set to squats_2_grf
[info] ExternalForce::LeftGRF Data source being set to squats_2_grf
[info] Storage: read data file = squats_2_grf.mot (nr=1676 nc=19)
[info] ExternalForce::RightGRF Data source being set to squats_2_grf
[info] ExternalForce::LeftGRF Data source being set to squats_2_grf
[info] Storage: read data file = squats_2_grf.mot (nr=1676 nc=19)
[info] ExternalForce::RightGRF Data source being set to squats_2_grf
[info] ExternalForce::LeftGRF Data source being set to squats_2_grf
[info] Storage: read data file = squats_2_grf.mot (nr=1676 nc=19)
[info] ExternalForce::RightGRF Data source being set to squats_2_grf
[info] ExternalForce::LeftGRF Data source being set to squats_2_grf
[info] Storage: read data file = squats_2_grf.mot (nr=1676 nc=19)
[info] ExternalForce::RightGRF Data source being set to squats_2_grf
[info] ExternalForce::LeftGRF Data source being set to squats_2_grf
[info] Storage: read data file = squats_2_grf.mot (nr=1676 nc=19)
[info] ExternalForce::RightGRF Data source being set to squats_2_grf
[info] ExternalForce::LeftGRF Data source being set to squats_2_grf
[info] Storage: read data file = squats_2_grf.mot (nr=1676 nc=19)
[info] ExternalForce::RightGRF Data source being set to squats_2_grf
[info] ExternalForce::LeftGRF Data source being set to squats_2_grf
[info] Storage: read data file = squats_2_grf.mot (nr=1676 nc=19)
[info] ExternalForce::RightGRF Data source being set to squats_2_grf
[info] ExternalForce::LeftGRF Data source being set to squats_2_grf
[info] Storage: read data file = squats_2_grf.mot (nr=1676 nc=19)
[info] ExternalForce::RightGRF Data source being set to squats_2_grf
[info] ExternalForce::LeftGRF Data source being set to squats_2_grf
[info] Storage: read data file = squats_2_grf.mot (nr=1676 nc=19)
[info] ExternalForce::RightGRF Data source being set to squats_2_grf
[info] ExternalForce::LeftGRF Data source being set to squats_2_grf
[info] Storage: read data file = squats_2_grf.mot (nr=1676 nc=19)
[info] ExternalForce::RightGRF Data source being set to squats_2_grf
[info] ExternalForce::LeftGRF Data source being set to squats_2_grf
[info] Storage: read data file = squats_2_grf.mot (nr=1676 nc=19)
[info] ExternalForce::RightGRF Data source being set to squats_2_grf
[info] ExternalForce::LeftGRF Data source being set to squats_2_grf
[info] Storage: read data file = squats_2_grf.mot (nr=1676 nc=19)
[info] ExternalForce::RightGRF Data source being set to squats_2_grf
[info] ExternalForce::LeftGRF Data source being set to squats_2_grf
[info] Storage: read data file = squats_2_grf.mot (nr=1676 nc=19)
[info] ExternalForce::RightGRF Data source being set to squats_2_grf
[info] ExternalForce::LeftGRF Data source being set to squats_2_grf
[info] Storage: read data file = squats_2_grf.mot (nr=1676 nc=19)
[info] ExternalForce::RightGRF Data source being set to squats_2_grf
[info] ExternalForce::LeftGRF Data source being set to squats_2_grf
[info] Storage: read data file = squats_2_grf.mot (nr=1676 nc=19)
[info] ExternalForce::RightGRF Data source being set to squats_2_grf
[info] ExternalForce::LeftGRF Data source being set to squats_2_grf
[info] Storage: read data file = squats_2_grf.mot (nr=1676 nc=19)
[info] ExternalForce::RightGRF Data source being set to squats_2_grf
[info] ExternalForce::LeftGRF Data source being set to squats_2_grf
[info] Storage: read data file = squats_2_grf.mot (nr=1676 nc=19)
[info] ExternalForce::RightGRF Data source being set to squats_2_grf
[info] ExternalForce::LeftGRF Data source being set to squats_2_grf
[info] Storage: read data file = squats_2_grf.mot (nr=1676 nc=19)
[info] ExternalForce::RightGRF Data source being set to squats_2_grf
[info] ExternalForce::LeftGRF Data source being set to squats_2_grf
[info] Storage: read data file = squats_2_grf.mot (nr=1676 nc=19)
[info] ExternalForce::RightGRF Data source being set to squats_2_grf
[info] ExternalForce::LeftGRF Data source being set to squats_2_grf
[info] Storage: read data file = squats_2_grf.mot (nr=1676 nc=19)
[info] ExternalForce::RightGRF Data source being set to squats_2_grf
[info] ExternalForce::LeftGRF Data source being set to squats_2_grf
[info] Storage: read data file = squats_2_grf.mot (nr=1676 nc=19)
[info] ExternalForce::RightGRF Data source being set to squats_2_grf
[info] ExternalForce::LeftGRF Data source being set to squats_2_grf
[info] Storage: read data file = squats_2_grf.mot (nr=1676 nc=19)
[info] ExternalForce::RightGRF Data source being set to squats_2_grf
[info] ExternalForce::LeftGRF Data source being set to squats_2_grf
[info] Storage: read data file = squats_2_grf.mot (nr=1676 nc=19)
[info] ExternalForce::RightGRF Data source being set to squats_2_grf
[info] ExternalForce::LeftGRF Data source being set to squats_2_grf
[info] Storage: read data file = squats_2_grf.mot (nr=1676 nc=19)
[info] ExternalForce::RightGRF Data source being set to squats_2_grf
[info] ExternalForce::LeftGRF Data source being set to squats_2_grf
[info] Storage: read data file = squats_2_grf.mot (nr=1676 nc=19)
[info] ExternalForce::RightGRF Data source being set to squats_2_grf
[info] ExternalForce::LeftGRF Data source being set to squats_2_grf
[info] Storage: read data file = squats_2_grf.mot (nr=1676 nc=19)
[info] ExternalForce::RightGRF Data source being set to squats_2_grf
[info] ExternalForce::LeftGRF Data source being set to squats_2_grf
[info] Storage: read data file = squats_2_grf.mot (nr=1676 nc=19)
[info] ExternalForce::RightGRF Data source being set to squats_2_grf
[info] ExternalForce::LeftGRF Data source being set to squats_2_grf
[info] Storage: read data file = squats_2_grf.mot (nr=1676 nc=19)
[info] ExternalForce::RightGRF Data source being set to squats_2_grf
[info] ExternalForce::LeftGRF Data source being set to squats_2_grf
[info] Storage: read data file = squats_2_grf.mot (nr=1676 nc=19)
[info] ExternalForce::RightGRF Data source being set to squats_2_grf
[info] ExternalForce::LeftGRF Data source being set to squats_2_grf
[info] Storage: read data file = squats_2_grf.mot (nr=1676 nc=19)
[info] ExternalForce::RightGRF Data source being set to squats_2_grf
[info] ExternalForce::LeftGRF Data source being set to squats_2_grf
[info] Storage: read data file = squats_2_grf.mot (nr=1676 nc=19)
[info] ExternalForce::RightGRF Data source being set to squats_2_grf
[info] ExternalForce::LeftGRF Data source being set to squats_2_grf
[info] Storage: read data file = squats_2_grf.mot (nr=1676 nc=19)
[info] ExternalForce::RightGRF Data source being set to squats_2_grf
[info] ExternalForce::LeftGRF Data source being set to squats_2_grf
[info] Storage: read data file = squats_2_grf.mot (nr=1676 nc=19)
[info] ExternalForce::RightGRF Data source being set to squats_2_grf
[info] ExternalForce::LeftGRF Data source being set to squats_2_grf
[info] Storage: read data file = squats_2_grf.mot (nr=1676 nc=19)
[info] ExternalForce::RightGRF Data source being set to squats_2_grf
[info] ExternalForce::LeftGRF Data source being set to squats_2_grf
[info] Storage: read data file = squats_2_grf.mot (nr=1676 nc=19)
[info] ExternalForce::RightGRF Data source being set to squats_2_grf
[info] ExternalForce::LeftGRF Data source being set to squats_2_grf
[info] Storage: read data file = squats_2_grf.mot (nr=1676 nc=19)
[info] ExternalForce::RightGRF Data source being set to squats_2_grf
[info] ExternalForce::LeftGRF Data source being set to squats_2_grf
[info] Storage: read data file = squats_2_grf.mot (nr=1676 nc=19)
[info] ExternalForce::RightGRF Data source being set to squats_2_grf
[info] ExternalForce::LeftGRF Data source being set to squats_2_grf
[info] Storage: read data file = squats_2_grf.mot (nr=1676 nc=19)
[info] ExternalForce::RightGRF Data source being set to squats_2_grf
[info] ExternalForce::LeftGRF Data source being set to squats_2_grf
[info] Storage: read data file = squats_2_grf.mot (nr=1676 nc=19)
[info] ExternalForce::RightGRF Data source being set to squats_2_grf
[info] ExternalForce::LeftGRF Data source being set to squats_2_grf
[info] Storage: read data file = squats_2_grf.mot (nr=1676 nc=19)
[info] ExternalForce::RightGRF Data source being set to squats_2_grf
[info] ExternalForce::LeftGRF Data source being set to squats_2_grf
[info] Storage: read data file = squats_2_grf.mot (nr=1676 nc=19)
[info] ExternalForce::RightGRF Data source being set to squats_2_grf
[info] ExternalForce::LeftGRF Data source being set to squats_2_grf
[info] Storage: read data file = squats_2_grf.mot (nr=1676 nc=19)
[info] ExternalForce::RightGRF Data source being set to squats_2_grf
[info] ExternalForce::LeftGRF Data source being set to squats_2_grf
[info] Storage: read data file = squats_2_grf.mot (nr=1676 nc=19)
[info] ExternalForce::RightGRF Data source being set to squats_2_grf
[info] ExternalForce::LeftGRF Data source being set to squats_2_grf
[info] Storage: read data file = squats_2_grf.mot (nr=1676 nc=19)
[info] ExternalForce::RightGRF Data source being set to squats_2_grf
[info] ExternalForce::LeftGRF Data source being set to squats_2_grf
[info] Storage: read data file = squats_2_grf.mot (nr=1676 nc=19)
[info] ExternalForce::RightGRF Data source being set to squats_2_grf
[info] ExternalForce::LeftGRF Data source being set to squats_2_grf
[info] Storage: read data file = squats_2_grf.mot (nr=1676 nc=19)
[info] ExternalForce::RightGRF Data source being set to squats_2_grf
[info] ExternalForce::LeftGRF Data source being set to squats_2_grf
[info] Storage: read data file = squats_2_grf.mot (nr=1676 nc=19)
[info] ExternalForce::RightGRF Data source being set to squats_2_grf
[info] ExternalForce::LeftGRF Data source being set to squats_2_grf
[info] Storage: read data file = squats_2_grf.mot (nr=1676 nc=19)
[info] ExternalForce::RightGRF Data source being set to squats_2_grf
[info] ExternalForce::LeftGRF Data source being set to squats_2_grf
[info] Storage: read data file = squats_2_grf.mot (nr=1676 nc=19)
[info] ExternalForce::RightGRF Data source being set to squats_2_grf
[info] ExternalForce::LeftGRF Data source being set to squats_2_grf
[info] Storage: read data file = squats_2_grf.mot (nr=1676 nc=19)
[info] ExternalForce::RightGRF Data source being set to squats_2_grf
[info] ExternalForce::LeftGRF Data source being set to squats_2_grf
[info] Storage: read data file = squats_2_grf.mot (nr=1676 nc=19)
[info] ExternalForce::RightGRF Data source being set to squats_2_grf
[info] ExternalForce::LeftGRF Data source being set to squats_2_grf
[info] Storage: read data file = squats_2_grf.mot (nr=1676 nc=19)
[info] ExternalForce::RightGRF Data source being set to squats_2_grf
[info] ExternalForce::LeftGRF Data source being set to squats_2_grf
[info] Storage: read data file = squats_2_grf.mot (nr=1676 nc=19)
[info] ExternalForce::RightGRF Data source being set to squats_2_grf
[info] ExternalForce::LeftGRF Data source being set to squats_2_grf
[info] Storage: read data file = squats_2_grf.mot (nr=1676 nc=19)
[info] ExternalForce::RightGRF Data source being set to squats_2_grf
[info] ExternalForce::LeftGRF Data source being set to squats_2_grf
[info] Storage: read data file = squats_2_grf.mot (nr=1676 nc=19)
[info] ExternalForce::RightGRF Data source being set to squats_2_grf
[info] ExternalForce::LeftGRF Data source being set to squats_2_grf
[info] Storage: read data file = squats_2_grf.mot (nr=1676 nc=19)
[info] ExternalForce::RightGRF Data source being set to squats_2_grf
[info] ExternalForce::LeftGRF Data source being set to squats_2_grf
[info] Storage: read data file = squats_2_grf.mot (nr=1676 nc=19)
[info] ExternalForce::RightGRF Data source being set to squats_2_grf
[info] ExternalForce::LeftGRF Data source being set to squats_2_grf
[info] Storage: read data file = squats_2_grf.mot (nr=1676 nc=19)
[info] ExternalForce::RightGRF Data source being set to squats_2_grf
[info] ExternalForce::LeftGRF Data source being set to squats_2_grf
[info] Storage: read data file = squats_2_grf.mot (nr=1676 nc=19)
[info] ExternalForce::RightGRF Data source being set to squats_2_grf
[info] ExternalForce::LeftGRF Data source being set to squats_2_grf
[info] Storage: read data file = squats_2_grf.mot (nr=1676 nc=19)
[info] ExternalForce::RightGRF Data source being set to squats_2_grf
[info] ExternalForce::LeftGRF Data source being set to squats_2_grf
[info] Storage: read data file = squats_2_grf.mot (nr=1676 nc=19)
[info] ExternalForce::RightGRF Data source being set to squats_2_grf
[info] ExternalForce::LeftGRF Data source being set to squats_2_grf
[info] Storage: read data file = squats_2_grf.mot (nr=1676 nc=19)
[info] ExternalForce::RightGRF Data source being set to squats_2_grf
[info] ExternalForce::LeftGRF Data source being set to squats_2_grf
[info] Storage: read data file = squats_2_grf.mot (nr=1676 nc=19)
[info] ExternalForce::RightGRF Data source being set to squats_2_grf
[info] ExternalForce::LeftGRF Data source being set to squats_2_grf
[info] Storage: read data file = squats_2_grf.mot (nr=1676 nc=19)
[info] ExternalForce::RightGRF Data source being set to squats_2_grf
[info] ExternalForce::LeftGRF Data source being set to squats_2_grf
[info] Storage: read data file = squats_2_grf.mot (nr=1676 nc=19)
[info] ExternalForce::RightGRF Data source being set to squats_2_grf
[info] ExternalForce::LeftGRF Data source being set to squats_2_grf
[info] Storage: read data file = squats_2_grf.mot (nr=1676 nc=19)
[info] ExternalForce::RightGRF Data source being set to squats_2_grf
[info] ExternalForce::LeftGRF Data source being set to squats_2_grf
[info] Storage: read data file = squats_2_grf.mot (nr=1676 nc=19)
[info] ExternalForce::RightGRF Data source being set to squats_2_grf
[info] ExternalForce::LeftGRF Data source being set to squats_2_grf
[info] Storage: read data file = squats_2_grf.mot (nr=1676 nc=19)
[info] ExternalForce::RightGRF Data source being set to squats_2_grf
[info] ExternalForce::LeftGRF Data source being set to squats_2_grf
[info] Storage: read data file = squats_2_grf.mot (nr=1676 nc=19)
[info] ExternalForce::RightGRF Data source being set to squats_2_grf
[info] ExternalForce::LeftGRF Data source being set to squats_2_grf
[info] Storage: read data file = squats_2_grf.mot (nr=1676 nc=19)
[info] ExternalForce::RightGRF Data source being set to squats_2_grf
[info] ExternalForce::LeftGRF Data source being set to squats_2_grf
[info] Storage: read data file = squats_2_grf.mot (nr=1676 nc=19)
[info] ExternalForce::RightGRF Data source being set to squats_2_grf
[info] ExternalForce::LeftGRF Data source being set to squats_2_grf
[info] Storage: read data file = squats_2_grf.mot (nr=1676 nc=19)
[info] ExternalForce::RightGRF Data source being set to squats_2_grf
[info] ExternalForce::LeftGRF Data source being set to squats_2_grf
[info] Storage: read data file = squats_2_grf.mot (nr=1676 nc=19)
[info] ExternalForce::RightGRF Data source being set to squats_2_grf
[info] ExternalForce::LeftGRF Data source being set to squats_2_grf
[info] Storage: read data file = squats_2_grf.mot (nr=1676 nc=19)
[info] ExternalForce::RightGRF Data source being set to squats_2_grf
[info] ExternalForce::LeftGRF Data source being set to squats_2_grf
[info] Storage: read data file = squats_2_grf.mot (nr=1676 nc=19)
[info] ExternalForce::RightGRF Data source being set to squats_2_grf
[info] ExternalForce::LeftGRF Data source being set to squats_2_grf
[info] Storage: read data file = squats_2_grf.mot (nr=1676 nc=19)
[info] ExternalForce::RightGRF Data source being set to squats_2_grf
[info] ExternalForce::LeftGRF Data source being set to squats_2_grf
[info] Storage: read data file = squats_2_grf.mot (nr=1676 nc=19)
[info] ExternalForce::RightGRF Data source being set to squats_2_grf
[info] ExternalForce::LeftGRF Data source being set to squats_2_grf
[info] Storage: read data file = squats_2_grf.mot (nr=1676 nc=19)
[info] ExternalForce::RightGRF Data source being set to squats_2_grf
[info] ExternalForce::LeftGRF Data source being set to squats_2_grf
[info] Storage: read data file = squats_2_grf.mot (nr=1676 nc=19)
[info] ExternalForce::RightGRF Data source being set to squats_2_grf
[info] ExternalForce::LeftGRF Data source being set to squats_2_grf
[info] Storage: read data file = squats_2_grf.mot (nr=1676 nc=19)
[info] ExternalForce::RightGRF Data source being set to squats_2_grf
[info] ExternalForce::LeftGRF Data source being set to squats_2_grf
[info] Storage: read data file = squats_2_grf.mot (nr=1676 nc=19)
[info] ExternalForce::RightGRF Data source being set to squats_2_grf
[info] ExternalForce::LeftGRF Data source being set to squats_2_grf
[info] Storage: read data file = squats_2_grf.mot (nr=1676 nc=19)
[info] ExternalForce::RightGRF Data source being set to squats_2_grf
[info] ExternalForce::LeftGRF Data source being set to squats_2_grf
[info] Storage: read data file = squats_2_grf.mot (nr=1676 nc=19)
[info] ExternalForce::RightGRF Data source being set to squats_2_grf
[info] ExternalForce::LeftGRF Data source being set to squats_2_grf
[info] Storage: read data file = squats_2_grf.mot (nr=1676 nc=19)
[info] ExternalForce::RightGRF Data source being set to squats_2_grf
[info] ExternalForce::LeftGRF Data source being set to squats_2_grf
[info] Storage: read data file = squats_2_grf.mot (nr=1676 nc=19)
[info] ExternalForce::RightGRF Data source being set to squats_2_grf
[info] ExternalForce::LeftGRF Data source being set to squats_2_grf
[info] Storage: read data file = squats_2_grf.mot (nr=1676 nc=19)
[info] ExternalForce::RightGRF Data source being set to squats_2_grf
[info] ExternalForce::LeftGRF Data source being set to squats_2_grf
[info] Storage: read data file = squats_2_grf.mot (nr=1676 nc=19)
[info] ExternalForce::RightGRF Data source being set to squats_2_grf
[info] ExternalForce::LeftGRF Data source being set to squats_2_grf
[info] Storage: read data file = squats_2_grf.mot (nr=1676 nc=19)
[info] ExternalForce::RightGRF Data source being set to squats_2_grf
[info] ExternalForce::LeftGRF Data source being set to squats_2_grf
[info] Storage: read data file = squats_2_grf.mot (nr=1676 nc=19)
[info] ExternalForce::RightGRF Data source being set to squats_2_grf
[info] ExternalForce::LeftGRF Data source being set to squats_2_grf
[info] Storage: read data file = squats_2_grf.mot (nr=1676 nc=19)
[info] ExternalForce::RightGRF Data source being set to squats_2_grf
[info] ExternalForce::LeftGRF Data source being set to squats_2_grf
[info] Storage: read data file = squats_2_grf.mot (nr=1676 nc=19)
[info] ExternalForce::RightGRF Data source being set to squats_2_grf
[info] ExternalForce::LeftGRF Data source being set to squats_2_grf
[info] Storage: read data file = squats_2_grf.mot (nr=1676 nc=19)
[info] ExternalForce::RightGRF Data source being set to squats_2_grf
[info] ExternalForce::LeftGRF Data source being set to squats_2_grf
[info] Storage: read data file = squats_2_grf.mot (nr=1676 nc=19)
[info] ExternalForce::RightGRF Data source being set to squats_2_grf
[info] ExternalForce::LeftGRF Data source being set to squats_2_grf
[info] Storage: read data file = squats_2_grf.mot (nr=1676 nc=19)
[info] ExternalForce::RightGRF Data source being set to squats_2_grf
[info] ExternalForce::LeftGRF Data source being set to squats_2_grf
[info] Storage: read data file = squats_2_grf.mot (nr=1676 nc=19)
[info] ExternalForce::RightGRF Data source being set to squats_2_grf
[info] ExternalForce::LeftGRF Data source being set to squats_2_grf
[info] Storage: read data file = squats_2_grf.mot (nr=1676 nc=19)
[info] ExternalForce::RightGRF Data source being set to squats_2_grf
[info] ExternalForce::LeftGRF Data source being set to squats_2_grf
[info] Storage: read data file = squats_2_grf.mot (nr=1676 nc=19)
[info] ExternalForce::RightGRF Data source being set to squats_2_grf
[info] ExternalForce::LeftGRF Data source being set to squats_2_grf
[info] Storage: read data file = squats_2_grf.mot (nr=1676 nc=19)
[info] ExternalForce::RightGRF Data source being set to squats_2_grf
[info] ExternalForce::LeftGRF Data source being set to squats_2_grf
[info] Storage: read data file = squats_2_grf.mot (nr=1676 nc=19)
[info] ExternalForce::RightGRF Data source being set to squats_2_grf
[info] ExternalForce::LeftGRF Data source being set to squats_2_grf
[info] Storage: read data file = squats_2_grf.mot (nr=1676 nc=19)
[info] ExternalForce::RightGRF Data source being set to squats_2_grf
[info] ExternalForce::LeftGRF Data source being set to squats_2_grf
[info] Storage: read data file = squats_2_grf.mot (nr=1676 nc=19)
[info] ExternalForce::RightGRF Data source being set to squats_2_grf
[info] ExternalForce::LeftGRF Data source being set to squats_2_grf
[info] Storage: read data file = squats_2_grf.mot (nr=1676 nc=19)
[info] ExternalForce::RightGRF Data source being set to squats_2_grf
[info] ExternalForce::LeftGRF Data source being set to squats_2_grf
[info] Storage: read data file = squats_2_grf.mot (nr=1676 nc=19)
[info] ExternalForce::RightGRF Data source being set to squats_2_grf
[info] ExternalForce::LeftGRF Data source being set to squats_2_grf
[info] Storage: read data file = squats_2_grf.mot (nr=1676 nc=19)
[info] ExternalForce::RightGRF Data source being set to squats_2_grf
[info] ExternalForce::LeftGRF Data source being set to squats_2_grf
[info] Storage: read data file = squats_2_grf.mot (nr=1676 nc=19)
[info] ExternalForce::RightGRF Data source being set to squats_2_grf
[info] ExternalForce::LeftGRF Data source being set to squats_2_grf
[info] Storage: read data file = squats_2_grf.mot (nr=1676 nc=19)
[info] ExternalForce::RightGRF Data source being set to squats_2_grf
[info] ExternalForce::LeftGRF Data source being set to squats_2_grf
[info] Storage: read data file = squats_2_grf.mot (nr=1676 nc=19)
[info] ExternalForce::RightGRF Data source being set to squats_2_grf
[info] ExternalForce::LeftGRF Data source being set to squats_2_grf
[info] Storage: read data file = squats_2_grf.mot (nr=1676 nc=19)
[info] ExternalForce::RightGRF Data source being set to squats_2_grf
[info] ExternalForce::LeftGRF Data source being set to squats_2_grf
[info] Storage: read data file = squats_2_grf.mot (nr=1676 nc=19)
[info] ExternalForce::RightGRF Data source being set to squats_2_grf
[info] ExternalForce::LeftGRF Data source being set to squats_2_grf
[info] Storage: read data file = squats_2_grf.mot (nr=1676 nc=19)
[info] ExternalForce::RightGRF Data source being set to squats_2_grf
[info] ExternalForce::LeftGRF Data source being set to squats_2_grf
[info] Storage: read data file = squats_2_grf.mot (nr=1676 nc=19)
[info] ExternalForce::RightGRF Data source being set to squats_2_grf
[info] ExternalForce::LeftGRF Data source being set to squats_2_grf
[info] Storage: read data file = squats_2_grf.mot (nr=1676 nc=19)
[info] ExternalForce::RightGRF Data source being set to squats_2_grf
[info] ExternalForce::LeftGRF Data source being set to squats_2_grf
[info] Storage: read data file = squats_2_grf.mot (nr=1676 nc=19)
[info] ExternalForce::RightGRF Data source being set to squats_2_grf
[info] ExternalForce::LeftGRF Data source being set to squats_2_grf
[info] Storage: read data file = squats_2_grf.mot (nr=1676 nc=19)
[info] ExternalForce::RightGRF Data source being set to squats_2_grf
[info] ExternalForce::LeftGRF Data source being set to squats_2_grf
[info] Storage: read data file = squats_2_grf.mot (nr=1676 nc=19)
[info] ExternalForce::RightGRF Data source being set to squats_2_grf
[info] ExternalForce::LeftGRF Data source being set to squats_2_grf
[info] Storage: read data file = squats_2_grf.mot (nr=1676 nc=19)
[info] ExternalForce::RightGRF Data source being set to squats_2_grf
[info] ExternalForce::LeftGRF Data source being set to squats_2_grf
[info] Storage: read data file = squats_2_grf.mot (nr=1676 nc=19)
[info] ExternalForce::RightGRF Data source being set to squats_2_grf
[info] ExternalForce::LeftGRF Data source being set to squats_2_grf
[info] Storage: read data file = squats_2_grf.mot (nr=1676 nc=19)
[info] ExternalForce::RightGRF Data source being set to squats_2_grf
[info] ExternalForce::LeftGRF Data source being set to squats_2_grf
[info] Storage: read data file = squats_2_grf.mot (nr=1676 nc=19)
[info] ExternalForce::RightGRF Data source being set to squats_2_grf
[info] ExternalForce::LeftGRF Data source being set to squats_2_grf
[info] Storage: read data file = squats_2_grf.mot (nr=1676 nc=19)
[info] ExternalForce::RightGRF Data source being set to squats_2_grf
[info] ExternalForce::LeftGRF Data source being set to squats_2_grf
[info] Storage: read data file = squats_2_grf.mot (nr=1676 nc=19)
[info] ExternalForce::RightGRF Data source being set to squats_2_grf
[info] ExternalForce::LeftGRF Data source being set to squats_2_grf
[info] Storage: read data file = squats_2_grf.mot (nr=1676 nc=19)
[info] ExternalForce::RightGRF Data source being set to squats_2_grf
[info] ExternalForce::LeftGRF Data source being set to squats_2_grf
[info] Storage: read data file = squats_2_grf.mot (nr=1676 nc=19)
[info] ExternalForce::RightGRF Data source being set to squats_2_grf
[info] ExternalForce::LeftGRF Data source being set to squats_2_grf
[info] Storage: read data file = squats_2_grf.mot (nr=1676 nc=19)
[info] ExternalForce::RightGRF Data source being set to squats_2_grf
[info] ExternalForce::LeftGRF Data source being set to squats_2_grf
[info] Storage: read data file = squats_2_grf.mot (nr=1676 nc=19)
[info] ExternalForce::RightGRF Data source being set to squats_2_grf
[info] ExternalForce::LeftGRF Data source being set to squats_2_grf
[info] Storage: read data file = squats_2_grf.mot (nr=1676 nc=19)
[info] ExternalForce::RightGRF Data source being set to squats_2_grf
[info] ExternalForce::LeftGRF Data source being set to squats_2_grf
[info] Storage: read data file = squats_2_grf.mot (nr=1676 nc=19)
[info] ExternalForce::RightGRF Data source being set to squats_2_grf
[info] ExternalForce::LeftGRF Data source being set to squats_2_grf
[info] Storage: read data file = squats_2_grf.mot (nr=1676 nc=19)
[info] ExternalForce::RightGRF Data source being set to squats_2_grf
[info] ExternalForce::LeftGRF Data source being set to squats_2_grf
[info] Storage: read data file = squats_2_grf.mot (nr=1676 nc=19)
[info] ExternalForce::RightGRF Data source being set to squats_2_grf
[info] ExternalForce::LeftGRF Data source being set to squats_2_grf
[info] Storage: read data file = squats_2_grf.mot (nr=1676 nc=19)
[info] ExternalForce::RightGRF Data source being set to squats_2_grf
[info] ExternalForce::LeftGRF Data source being set to squats_2_grf
[info] Storage: read data file = squats_2_grf.mot (nr=1676 nc=19)
[info] ExternalForce::RightGRF Data source being set to squats_2_grf
[info] ExternalForce::LeftGRF Data source being set to squats_2_grf
[info] Storage: read data file = squats_2_grf.mot (nr=1676 nc=19)
[info] ExternalForce::RightGRF Data source being set to squats_2_grf
[info] ExternalForce::LeftGRF Data source being set to squats_2_grf
[info] Storage: read data file = squats_2_grf.mot (nr=1676 nc=19)
[info] ExternalForce::RightGRF Data source being set to squats_2_grf
[info] ExternalForce::LeftGRF Data source being set to squats_2_grf
[info] Storage: read data file = squats_2_grf.mot (nr=1676 nc=19)
[info] ExternalForce::RightGRF Data source being set to squats_2_grf
[info] ExternalForce::LeftGRF Data source being set to squats_2_grf
[info] Storage: read data file = squats_2_grf.mot (nr=1676 nc=19)
[info] ExternalForce::RightGRF Data source being set to squats_2_grf
[info] ExternalForce::LeftGRF Data source being set to squats_2_grf
[info] Storage: read data file = squats_2_grf.mot (nr=1676 nc=19)
[info] ExternalForce::RightGRF Data source being set to squats_2_grf
[info] ExternalForce::LeftGRF Data source being set to squats_2_grf
[info] Storage: read data file = squats_2_grf.mot (nr=1676 nc=19)
[info] ExternalForce::RightGRF Data source being set to squats_2_grf
[info] ExternalForce::LeftGRF Data source being set to squats_2_grf
[info] Storage: read data file = squats_2_grf.mot (nr=1676 nc=19)
[info] ExternalForce::RightGRF Data source being set to squats_2_grf
[info] ExternalForce::LeftGRF Data source being set to squats_2_grf
[info] Storage: read data file = squats_2_grf.mot (nr=1676 nc=19)
[info] ExternalForce::RightGRF Data source being set to squats_2_grf
[info] ExternalForce::LeftGRF Data source being set to squats_2_grf
[info] Storage: read data file = squats_2_grf.mot (nr=1676 nc=19)
[info] ExternalForce::RightGRF Data source being set to squats_2_grf
[info] ExternalForce::LeftGRF Data source being set to squats_2_grf
[info] Storage: read data file = squats_2_grf.mot (nr=1676 nc=19)
[info] ExternalForce::RightGRF Data source being set to squats_2_grf
[info] ExternalForce::LeftGRF Data source being set to squats_2_grf
[info] Storage: read data file = squats_2_grf.mot (nr=1676 nc=19)
[info] ExternalForce::RightGRF Data source being set to squats_2_grf
[info] ExternalForce::LeftGRF Data source being set to squats_2_grf
[info] Storage: read data file = squats_2_grf.mot (nr=1676 nc=19)
[info] ExternalForce::RightGRF Data source being set to squats_2_grf
[info] ExternalForce::LeftGRF Data source being set to squats_2_grf
[info] Storage: read data file = squats_2_grf.mot (nr=1676 nc=19)
[info] ExternalForce::RightGRF Data source being set to squats_2_grf
[info] ExternalForce::LeftGRF Data source being set to squats_2_grf
[info] Storage: read data file = squats_2_grf.mot (nr=1676 nc=19)
[info] ExternalForce::RightGRF Data source being set to squats_2_grf
[info] ExternalForce::LeftGRF Data source being set to squats_2_grf
[info] Storage: read data file = squats_2_grf.mot (nr=1676 nc=19)
[info] ExternalForce::RightGRF Data source being set to squats_2_grf
[info] ExternalForce::LeftGRF Data source being set to squats_2_grf
[info] Storage: read data file = squats_2_grf.mot (nr=1676 nc=19)
[info] ExternalForce::RightGRF Data source being set to squats_2_grf
[info] ExternalForce::LeftGRF Data source being set to squats_2_grf
[info] Storage: read data file = squats_2_grf.mot (nr=1676 nc=19)
[info] ExternalForce::RightGRF Data source being set to squats_2_grf
[info] ExternalForce::LeftGRF Data source being set to squats_2_grf
[info] Storage: read data file = squats_2_grf.mot (nr=1676 nc=19)
[info] ExternalForce::RightGRF Data source being set to squats_2_grf
[info] ExternalForce::LeftGRF Data source being set to squats_2_grf
[info] Storage: read data file = squats_2_grf.mot (nr=1676 nc=19)
[info] ExternalForce::RightGRF Data source being set to squats_2_grf
[info] ExternalForce::LeftGRF Data source being set to squats_2_grf
[info] Storage: read data file = squats_2_grf.mot (nr=1676 nc=19)
[info] ExternalForce::RightGRF Data source being set to squats_2_grf
[info] ExternalForce::LeftGRF Data source being set to squats_2_grf
[info] Storage: read data file = squats_2_grf.mot (nr=1676 nc=19)
[info] ExternalForce::RightGRF Data source being set to squats_2_grf
[info] ExternalForce::LeftGRF Data source being set to squats_2_grf
[info] Storage: read data file = squats_2_grf.mot (nr=1676 nc=19)
[info] ExternalForce::RightGRF Data source being set to squats_2_grf
[info] ExternalForce::LeftGRF Data source being set to squats_2_grf
[info] Storage: read data file = squats_2_grf.mot (nr=1676 nc=19)
[info] ExternalForce::RightGRF Data source being set to squats_2_grf
[info] ExternalForce::LeftGRF Data source being set to squats_2_grf
[info] Storage: read data file = squats_2_grf.mot (nr=1676 nc=19)
[info] ExternalForce::RightGRF Data source being set to squats_2_grf
[info] ExternalForce::LeftGRF Data source being set to squats_2_grf
[info] Storage: read data file = squats_2_grf.mot (nr=1676 nc=19)
[info] ExternalForce::RightGRF Data source being set to squats_2_grf
[info] ExternalForce::LeftGRF Data source being set to squats_2_grf
[info] Storage: read data file = squats_2_grf.mot (nr=1676 nc=19)
[info] ExternalForce::RightGRF Data source being set to squats_2_grf
[info] ExternalForce::LeftGRF Data source being set to squats_2_grf
[info] Storage: read data file = squats_2_grf.mot (nr=1676 nc=19)
[info] ExternalForce::RightGRF Data source being set to squats_2_grf
[info] ExternalForce::LeftGRF Data source being set to squats_2_grf
[info] Storage: read data file = squats_2_grf.mot (nr=1676 nc=19)
[info] ExternalForce::RightGRF Data source being set to squats_2_grf
[info] ExternalForce::LeftGRF Data source being set to squats_2_grf
[info] Storage: read data file = squats_2_grf.mot (nr=1676 nc=19)
[info] ExternalForce::RightGRF Data source being set to squats_2_grf
[info] ExternalForce::LeftGRF Data source being set to squats_2_grf
[info] Storage: read data file = squats_2_grf.mot (nr=1676 nc=19)
[info] ExternalForce::RightGRF Data source being set to squats_2_grf
[info] ExternalForce::LeftGRF Data source being set to squats_2_grf
[info] Storage: read data file = squats_2_grf.mot (nr=1676 nc=19)
[info] ExternalForce::RightGRF Data source being set to squats_2_grf
[info] ExternalForce::LeftGRF Data source being set to squats_2_grf
[info] Storage: read data file = squats_2_grf.mot (nr=1676 nc=19)
[info] ExternalForce::RightGRF Data source being set to squats_2_grf
[info] ExternalForce::LeftGRF Data source being set to squats_2_grf
[info] Storage: read data file = squats_2_grf.mot (nr=1676 nc=19)
[info] ExternalForce::RightGRF Data source being set to squats_2_grf
[info] ExternalForce::LeftGRF Data source being set to squats_2_grf
[info] Storage: read data file = squats_2_grf.mot (nr=1676 nc=19)
[info] ExternalForce::RightGRF Data source being set to squats_2_grf
[info] ExternalForce::LeftGRF Data source being set to squats_2_grf
[info] Storage: read data file = squats_2_grf.mot (nr=1676 nc=19)
[info] ExternalForce::RightGRF Data source being set to squats_2_grf
[info] ExternalForce::LeftGRF Data source being set to squats_2_grf
[info] Storage: read data file = squats_2_grf.mot (nr=1676 nc=19)
[info] ExternalForce::RightGRF Data source being set to squats_2_grf
[info] ExternalForce::LeftGRF Data source being set to squats_2_grf
[info] Storage: read data file = squats_2_grf.mot (nr=1676 nc=19)
[info] ExternalForce::RightGRF Data source being set to squats_2_grf
[info] ExternalForce::LeftGRF Data source being set to squats_2_grf
[info] Storage: read data file = squats_2_grf.mot (nr=1676 nc=19)
[info] ExternalForce::RightGRF Data source being set to squats_2_grf
[info] ExternalForce::LeftGRF Data source being set to squats_2_grf
[info] Storage: read data file = squats_2_grf.mot (nr=1676 nc=19)
[info] ExternalForce::RightGRF Data source being set to squats_2_grf
[info] ExternalForce::LeftGRF Data source being set to squats_2_grf
[info] Storage: read data file = squats_2_grf.mot (nr=1676 nc=19)
[info] ExternalForce::RightGRF Data source being set to squats_2_grf
[info] ExternalForce::LeftGRF Data source being set to squats_2_grf
[info] Storage: read data file = squats_2_grf.mot (nr=1676 nc=19)
[info] ExternalForce::RightGRF Data source being set to squats_2_grf
[info] ExternalForce::LeftGRF Data source being set to squats_2_grf
[info] Storage: read data file = squats_2_grf.mot (nr=1676 nc=19)
[info] ExternalForce::RightGRF Data source being set to squats_2_grf
[info] ExternalForce::LeftGRF Data source being set to squats_2_grf
[info] Storage: read data file = squats_2_grf.mot (nr=1676 nc=19)
[info] ExternalForce::RightGRF Data source being set to squats_2_grf
[info] ExternalForce::LeftGRF Data source being set to squats_2_grf
[info] Storage: read data file = squats_2_grf.mot (nr=1676 nc=19)
[info] ExternalForce::RightGRF Data source being set to squats_2_grf
[info] ExternalForce::LeftGRF Data source being set to squats_2_grf
[info] Storage: read data file = squats_2_grf.mot (nr=1676 nc=19)
[info] ExternalForce::RightGRF Data source being set to squats_2_grf
[info] ExternalForce::LeftGRF Data source being set to squats_2_grf
[info] Storage: read data file = squats_2_grf.mot (nr=1676 nc=19)
[info] ExternalForce::RightGRF Data source being set to squats_2_grf
[info] ExternalForce::LeftGRF Data source being set to squats_2_grf
[info] Storage: read data file = squats_2_grf.mot (nr=1676 nc=19)
[info] ExternalForce::RightGRF Data source being set to squats_2_grf
[info] ExternalForce::LeftGRF Data source being set to squats_2_grf
[info] Storage: read data file = squats_2_grf.mot (nr=1676 nc=19)
[info] ExternalForce::RightGRF Data source being set to squats_2_grf
[info] ExternalForce::LeftGRF Data source being set to squats_2_grf
[info] Storage: read data file = squats_2_grf.mot (nr=1676 nc=19)
[info] ExternalForce::RightGRF Data source being set to squats_2_grf
[info] ExternalForce::LeftGRF Data source being set to squats_2_grf
[info] Storage: read data file = squats_2_grf.mot (nr=1676 nc=19)
[info] ExternalForce::RightGRF Data source being set to squats_2_grf
[info] ExternalForce::LeftGRF Data source being set to squats_2_grf
[info] Storage: read data file = squats_2_grf.mot (nr=1676 nc=19)
[info] ExternalForce::RightGRF Data source being set to squats_2_grf
[info] ExternalForce::LeftGRF Data source being set to squats_2_grf
[info] Storage: read data file = squats_2_grf.mot (nr=1676 nc=19)
[info] ExternalForce::RightGRF Data source being set to squats_2_grf
[info] ExternalForce::LeftGRF Data source being set to squats_2_grf
[info] Storage: read data file = squats_2_grf.mot (nr=1676 nc=19)
[info] ExternalForce::RightGRF Data source being set to squats_2_grf
[info] ExternalForce::LeftGRF Data source being set to squats_2_grf
[info] Storage: read data file = squats_2_grf.mot (nr=1676 nc=19)
[info] ExternalForce::RightGRF Data source being set to squats_2_grf
[info] ExternalForce::LeftGRF Data source being set to squats_2_grf
[info] Storage: read data file = squats_2_grf.mot (nr=1676 nc=19)
[info] ExternalForce::RightGRF Data source being set to squats_2_grf
[info] ExternalForce::LeftGRF Data source being set to squats_2_grf
[info] Storage: read data file = squats_2_grf.mot (nr=1676 nc=19)
[info] ExternalForce::RightGRF Data source being set to squats_2_grf
[info] ExternalForce::LeftGRF Data source being set to squats_2_grf
[info] Storage: read data file = squats_2_grf.mot (nr=1676 nc=19)
[info] ExternalForce::RightGRF Data source being set to squats_2_grf
[info] ExternalForce::LeftGRF Data source being set to squats_2_grf
[info] Storage: read data file = squats_2_grf.mot (nr=1676 nc=19)
[info] ExternalForce::RightGRF Data source being set to squats_2_grf
[info] ExternalForce::LeftGRF Data source being set to squats_2_grf
[info] Storage: read data file = squats_2_grf.mot (nr=1676 nc=19)
[info] ExternalForce::RightGRF Data source being set to squats_2_grf
[info] ExternalForce::LeftGRF Data source being set to squats_2_grf
[info] Storage: read data file = squats_2_grf.mot (nr=1676 nc=19)
[info] ExternalForce::RightGRF Data source being set to squats_2_grf
[info] ExternalForce::LeftGRF Data source being set to squats_2_grf
[info] Storage: read data file = squats_2_grf.mot (nr=1676 nc=19)
[info] ExternalForce::RightGRF Data source being set to squats_2_grf
[info] ExternalForce::LeftGRF Data source being set to squats_2_grf
[info] Storage: read data file = squats_2_grf.mot (nr=1676 nc=19)
[info] ExternalForce::RightGRF Data source being set to squats_2_grf
[info] ExternalForce::LeftGRF Data source being set to squats_2_grf
[info] Storage: read data file = squats_2_grf.mot (nr=1676 nc=19)
[info] ExternalForce::RightGRF Data source being set to squats_2_grf
[info] ExternalForce::LeftGRF Data source being set to squats_2_grf
[info] Storage: read data file = squats_2_grf.mot (nr=1676 nc=19)
[info] ExternalForce::RightGRF Data source being set to squats_2_grf
[info] ExternalForce::LeftGRF Data source being set to squats_2_grf
[info] Storage: read data file = squats_2_grf.mot (nr=1676 nc=19)
[info] ExternalForce::RightGRF Data source being set to squats_2_grf
[info] ExternalForce::LeftGRF Data source being set to squats_2_grf
[info] Storage: read data file = squats_2_grf.mot (nr=1676 nc=19)
[info] ExternalForce::RightGRF Data source being set to squats_2_grf
[info] ExternalForce::LeftGRF Data source being set to squats_2_grf
[info] Storage: read data file = squats_2_grf.mot (nr=1676 nc=19)
[info] ExternalForce::RightGRF Data source being set to squats_2_grf
[info] ExternalForce::LeftGRF Data source being set to squats_2_grf
[info] Storage: read data file = squats_2_grf.mot (nr=1676 nc=19)
[info] ExternalForce::RightGRF Data source being set to squats_2_grf
[info] ExternalForce::LeftGRF Data source being set to squats_2_grf
[info] Storage: read data file = squats_2_grf.mot (nr=1676 nc=19)
[info] ExternalForce::RightGRF Data source being set to squats_2_grf
[info] ExternalForce::LeftGRF Data source being set to squats_2_grf
[info] Storage: read data file = squats_2_grf.mot (nr=1676 nc=19)
[info] ExternalForce::RightGRF Data source being set to squats_2_grf
[info] ExternalForce::LeftGRF Data source being set to squats_2_grf
[info] Storage: read data file = squats_2_grf.mot (nr=1676 nc=19)
[info] ExternalForce::RightGRF Data source being set to squats_2_grf
[info] ExternalForce::LeftGRF Data source being set to squats_2_grf
[info] Storage: read data file = squats_2_grf.mot (nr=1676 nc=19)
[info] ExternalForce::RightGRF Data source being set to squats_2_grf
[info] ExternalForce::LeftGRF Data source being set to squats_2_grf
[info] Storage: read data file = squats_2_grf.mot (nr=1676 nc=19)
[info] ExternalForce::RightGRF Data source being set to squats_2_grf
[info] ExternalForce::LeftGRF Data source being set to squats_2_grf
[info] Storage: read data file = squats_2_grf.mot (nr=1676 nc=19)
[info] ExternalForce::RightGRF Data source being set to squats_2_grf
[info] ExternalForce::LeftGRF Data source being set to squats_2_grf
[info] Storage: read data file = squats_2_grf.mot (nr=1676 nc=19)
[info] ExternalForce::RightGRF Data source being set to squats_2_grf
[info] ExternalForce::LeftGRF Data source being set to squats_2_grf
[info] Storage: read data file = squats_2_grf.mot (nr=1676 nc=19)
[info] ExternalForce::RightGRF Data source being set to squats_2_grf
[info] ExternalForce::LeftGRF Data source being set to squats_2_grf
[info] Storage: read data file = squats_2_grf.mot (nr=1676 nc=19)
[info] ExternalForce::RightGRF Data source being set to squats_2_grf
[info] ExternalForce::LeftGRF Data source being set to squats_2_grf
[info] Storage: read data file = squats_2_grf.mot (nr=1676 nc=19)
[info] ExternalForce::RightGRF Data source being set to squats_2_grf
[info] ExternalForce::LeftGRF Data source being set to squats_2_grf
[info] Storage: read data file = squats_2_grf.mot (nr=1676 nc=19)
[info] ExternalForce::RightGRF Data source being set to squats_2_grf
[info] ExternalForce::LeftGRF Data source being set to squats_2_grf
[info] Storage: read data file = squats_2_grf.mot (nr=1676 nc=19)
[info] ExternalForce::RightGRF Data source being set to squats_2_grf
[info] ExternalForce::LeftGRF Data source being set to squats_2_grf
[info] Storage: read data file = squats_2_grf.mot (nr=1676 nc=19)
[info] ExternalForce::RightGRF Data source being set to squats_2_grf
[info] ExternalForce::LeftGRF Data source being set to squats_2_grf
[info] Storage: read data file = squats_2_grf.mot (nr=1676 nc=19)
[info] ExternalForce::RightGRF Data source being set to squats_2_grf
[info] ExternalForce::LeftGRF Data source being set to squats_2_grf
[info] Storage: read data file = squats_2_grf.mot (nr=1676 nc=19)
[info] ExternalForce::RightGRF Data source being set to squats_2_grf
[info] ExternalForce::LeftGRF Data source being set to squats_2_grf
[info] Storage: read data file = squats_2_grf.mot (nr=1676 nc=19)
[info] ExternalForce::RightGRF Data source being set to squats_2_grf
[info] ExternalForce::LeftGRF Data source being set to squats_2_grf
[info] Storage: read data file = squats_2_grf.mot (nr=1676 nc=19)
[info] ExternalForce::RightGRF Data source being set to squats_2_grf
[info] ExternalForce::LeftGRF Data source being set to squats_2_grf
[info] Storage: read data file = squats_2_grf.mot (nr=1676 nc=19)
[info] ExternalForce::RightGRF Data source being set to squats_2_grf
[info] ExternalForce::LeftGRF Data source being set to squats_2_grf
[info] Storage: read data file = squats_2_grf.mot (nr=1676 nc=19)
[info] ExternalForce::RightGRF Data source being set to squats_2_grf
[info] ExternalForce::LeftGRF Data source being set to squats_2_grf
[info] Storage: read data file = squats_2_grf.mot (nr=1676 nc=19)
[info] ExternalForce::RightGRF Data source being set to squats_2_grf
[info] ExternalForce::LeftGRF Data source being set to squats_2_grf
[info] Storage: read data file = squats_2_grf.mot (nr=1676 nc=19)
[info] ExternalForce::RightGRF Data source being set to squats_2_grf
[info] ExternalForce::LeftGRF Data source being set to squats_2_grf
[info] Storage: read data file = squats_2_grf.mot (nr=1676 nc=19)
[info] ExternalForce::RightGRF Data source being set to squats_2_grf
[info] ExternalForce::LeftGRF Data source being set to squats_2_grf
[info] Storage: read data file = squats_2_grf.mot (nr=1676 nc=19)
[info] ExternalForce::RightGRF Data source being set to squats_2_grf
[info] ExternalForce::LeftGRF Data source being set to squats_2_grf
[info] Storage: read data file = squats_2_grf.mot (nr=1676 nc=19)
[info] ExternalForce::RightGRF Data source being set to squats_2_grf
[info] ExternalForce::LeftGRF Data source being set to squats_2_grf
[info] Storage: read data file = squats_2_grf.mot (nr=1676 nc=19)
[info] ExternalForce::RightGRF Data source being set to squats_2_grf
[info] ExternalForce::LeftGRF Data source being set to squats_2_grf
[info] Storage: read data file = squats_2_grf.mot (nr=1676 nc=19)
[info] ExternalForce::RightGRF Data source being set to squats_2_grf
[info] ExternalForce::LeftGRF Data source being set to squats_2_grf
[info] Storage: read data file = squats_2_grf.mot (nr=1676 nc=19)
[info] ExternalForce::RightGRF Data source being set to squats_2_grf
[info] ExternalForce::LeftGRF Data source being set to squats_2_grf
[info] Storage: read data file = squats_2_grf.mot (nr=1676 nc=19)
[info] ExternalForce::RightGRF Data source being set to squats_2_grf
[info] ExternalForce::LeftGRF Data source being set to squats_2_grf
[info] Storage: read data file = squats_2_grf.mot (nr=1676 nc=19)
[info] ExternalForce::RightGRF Data source being set to squats_2_grf
[info] ExternalForce::LeftGRF Data source being set to squats_2_grf
[info] Storage: read data file = squats_2_grf.mot (nr=1676 nc=19)
[info] ExternalForce::RightGRF Data source being set to squats_2_grf
[info] ExternalForce::LeftGRF Data source being set to squats_2_grf
[info] Storage: read data file = squats_2_grf.mot (nr=1676 nc=19)
[info] ExternalForce::RightGRF Data source being set to squats_2_grf
[info] ExternalForce::LeftGRF Data source being set to squats_2_grf
[info] Storage: read data file = squats_2_grf.mot (nr=1676 nc=19)
[info] ExternalForce::RightGRF Data source being set to squats_2_grf
[info] ExternalForce::LeftGRF Data source being set to squats_2_grf
[info] Storage: read data file = squats_2_grf.mot (nr=1676 nc=19)
[info] ExternalForce::RightGRF Data source being set to squats_2_grf
[info] ExternalForce::LeftGRF Data source being set to squats_2_grf
[info] Storage: read data file = squats_2_grf.mot (nr=1676 nc=19)
[info] ExternalForce::RightGRF Data source being set to squats_2_grf
[info] ExternalForce::LeftGRF Data source being set to squats_2_grf
[info] Storage: read data file = squats_2_grf.mot (nr=1676 nc=19)
[info] ExternalForce::RightGRF Data source being set to squats_2_grf
[info] ExternalForce::LeftGRF Data source being set to squats_2_grf
[info] Storage: read data file = squats_2_grf.mot (nr=1676 nc=19)
[info] ExternalForce::RightGRF Data source being set to squats_2_grf
[info] ExternalForce::LeftGRF Data source being set to squats_2_grf
[info] Storage: read data file = squats_2_grf.mot (nr=1676 nc=19)
[info] ExternalForce::RightGRF Data source being set to squats_2_grf
[info] ExternalForce::LeftGRF Data source being set to squats_2_grf
[info] Storage: read data file = squats_2_grf.mot (nr=1676 nc=19)
[info] ExternalForce::RightGRF Data source being set to squats_2_grf
[info] ExternalForce::LeftGRF Data source being set to squats_2_grf
[info] Storage: read data file = squats_2_grf.mot (nr=1676 nc=19)
[info] ExternalForce::RightGRF Data source being set to squats_2_grf
[info] ExternalForce::LeftGRF Data source being set to squats_2_grf
[info] Storage: read data file = squats_2_grf.mot (nr=1676 nc=19)
[info] ExternalForce::RightGRF Data source being set to squats_2_grf
[info] ExternalForce::LeftGRF Data source being set to squats_2_grf
[info] Storage: read data file = squats_2_grf.mot (nr=1676 nc=19)
[info] ExternalForce::RightGRF Data source being set to squats_2_grf
[info] ExternalForce::LeftGRF Data source being set to squats_2_grf
[info] Storage: read data file = squats_2_grf.mot (nr=1676 nc=19)
[info] ExternalForce::RightGRF Data source being set to squats_2_grf
[info] ExternalForce::LeftGRF Data source being set to squats_2_grf
[info] Storage: read data file = squats_2_grf.mot (nr=1676 nc=19)
[info] ExternalForce::RightGRF Data source being set to squats_2_grf
[info] ExternalForce::LeftGRF Data source being set to squats_2_grf
[info] Storage: read data file = squats_2_grf.mot (nr=1676 nc=19)
[info] ExternalForce::RightGRF Data source being set to squats_2_grf
[info] ExternalForce::LeftGRF Data source being set to squats_2_grf
[info] Storage: read data file = squats_2_grf.mot (nr=1676 nc=19)
[info] ExternalForce::RightGRF Data source being set to squats_2_grf
[info] ExternalForce::LeftGRF Data source being set to squats_2_grf
[info] Storage: read data file = squats_2_grf.mot (nr=1676 nc=19)
[info] ExternalForce::RightGRF Data source being set to squats_2_grf
[info] ExternalForce::LeftGRF Data source being set to squats_2_grf
[info] Storage: read data file = squats_2_grf.mot (nr=1676 nc=19)
[info] ExternalForce::RightGRF Data source being set to squats_2_grf
[info] ExternalForce::LeftGRF Data source being set to squats_2_grf
[info] Storage: read data file = squats_2_grf.mot (nr=1676 nc=19)
[info] ExternalForce::RightGRF Data source being set to squats_2_grf
[info] ExternalForce::LeftGRF Data source being set to squats_2_grf
[info] Storage: read data file = squats_2_grf.mot (nr=1676 nc=19)
[info] ExternalForce::RightGRF Data source being set to squats_2_grf
[info] ExternalForce::LeftGRF Data source being set to squats_2_grf
[info] Storage: read data file = squats_2_grf.mot (nr=1676 nc=19)
[info] ExternalForce::RightGRF Data source being set to squats_2_grf
[info] ExternalForce::LeftGRF Data source being set to squats_2_grf
[info] Storage: read data file = squats_2_grf.mot (nr=1676 nc=19)
[info] ExternalForce::RightGRF Data source being set to squats_2_grf
[info] ExternalForce::LeftGRF Data source being set to squats_2_grf
[info] Storage: read data file = squats_2_grf.mot (nr=1676 nc=19)
[info] ExternalForce::RightGRF Data source being set to squats_2_grf
[info] ExternalForce::LeftGRF Data source being set to squats_2_grf
[info] Storage: read data file = squats_2_grf.mot (nr=1676 nc=19)
[info] ExternalForce::RightGRF Data source being set to squats_2_grf
[info] ExternalForce::LeftGRF Data source being set to squats_2_grf
[info] Storage: read data file = squats_2_grf.mot (nr=1676 nc=19)
[info] ExternalForce::RightGRF Data source being set to squats_2_grf
[info] ExternalForce::LeftGRF Data source being set to squats_2_grf
[info] Storage: read data file = squats_2_grf.mot (nr=1676 nc=19)
[info] ExternalForce::RightGRF Data source being set to squats_2_grf
[info] ExternalForce::LeftGRF Data source being set to squats_2_grf
[info] Storage: read data file = squats_2_grf.mot (nr=1676 nc=19)
[info] ExternalForce::RightGRF Data source being set to squats_2_grf
[info] ExternalForce::LeftGRF Data source being set to squats_2_grf
[info] Storage: read data file = squats_2_grf.mot (nr=1676 nc=19)
[info] ExternalForce::RightGRF Data source being set to squats_2_grf
[info] ExternalForce::LeftGRF Data source being set to squats_2_grf
[info] Storage: read data file = squats_2_grf.mot (nr=1676 nc=19)
[info] ExternalForce::RightGRF Data source being set to squats_2_grf
[info] ExternalForce::LeftGRF Data source being set to squats_2_grf
[info] Storage: read data file = squats_2_grf.mot (nr=1676 nc=19)
[info] ExternalForce::RightGRF Data source being set to squats_2_grf
[info] ExternalForce::LeftGRF Data source being set to squats_2_grf
[info] Storage: read data file = squats_2_grf.mot (nr=1676 nc=19)
[info] ExternalForce::RightGRF Data source being set to squats_2_grf
[info] ExternalForce::LeftGRF Data source being set to squats_2_grf
[info] Storage: read data file = squats_2_grf.mot (nr=1676 nc=19)
[info] ExternalForce::RightGRF Data source being set to squats_2_grf
[info] ExternalForce::LeftGRF Data source being set to squats_2_grf
[info] Storage: read data file = squats_2_grf.mot (nr=1676 nc=19)
[info] ExternalForce::RightGRF Data source being set to squats_2_grf
[info] ExternalForce::LeftGRF Data source being set to squats_2_grf
[info] Storage: read data file = squats_2_grf.mot (nr=1676 nc=19)
[info] ExternalForce::RightGRF Data source being set to squats_2_grf
[info] ExternalForce::LeftGRF Data source being set to squats_2_grf
[info] Storage: read data file = squats_2_grf.mot (nr=1676 nc=19)
[info] ExternalForce::RightGRF Data source being set to squats_2_grf
[info] ExternalForce::LeftGRF Data source being set to squats_2_grf
[info] Storage: read data file = squats_2_grf.mot (nr=1676 nc=19)
[info] ExternalForce::RightGRF Data source being set to squats_2_grf
[info] ExternalForce::LeftGRF Data source being set to squats_2_grf
[info] Storage: read data file = squats_2_grf.mot (nr=1676 nc=19)
[info] ExternalForce::RightGRF Data source being set to squats_2_grf
[info] ExternalForce::LeftGRF Data source being set to squats_2_grf
[info] Storage: read data file = squats_2_grf.mot (nr=1676 nc=19)
[info] ExternalForce::RightGRF Data source being set to squats_2_grf
[info] ExternalForce::LeftGRF Data source being set to squats_2_grf
[info] Storage: read data file = squats_2_grf.mot (nr=1676 nc=19)
[info] ExternalForce::RightGRF Data source being set to squats_2_grf
[info] ExternalForce::LeftGRF Data source being set to squats_2_grf
[info] Storage: read data file = squats_2_grf.mot (nr=1676 nc=19)
[info] ExternalForce::RightGRF Data source being set to squats_2_grf
[info] ExternalForce::LeftGRF Data source being set to squats_2_grf
[info] Storage: read data file = squats_2_grf.mot (nr=1676 nc=19)
[info] ExternalForce::RightGRF Data source being set to squats_2_grf
[info] ExternalForce::LeftGRF Data source being set to squats_2_grf
[info] Storage: read data file = squats_2_grf.mot (nr=1676 nc=19)
[info] ExternalForce::RightGRF Data source being set to squats_2_grf
[info] ExternalForce::LeftGRF Data source being set to squats_2_grf
[info] Storage: read data file = squats_2_grf.mot (nr=1676 nc=19)
[info] ExternalForce::RightGRF Data source being set to squats_2_grf
[info] ExternalForce::LeftGRF Data source being set to squats_2_grf
[info] Storage: read data file = squats_2_grf.mot (nr=1676 nc=19)
[info] ExternalForce::RightGRF Data source being set to squats_2_grf
[info] ExternalForce::LeftGRF Data source being set to squats_2_grf
[info] Storage: read data file = squats_2_grf.mot (nr=1676 nc=19)
[info] ExternalForce::RightGRF Data source being set to squats_2_grf
[info] ExternalForce::LeftGRF Data source being set to squats_2_grf
[info] Storage: read data file = squats_2_grf.mot (nr=1676 nc=19)
[info] ExternalForce::RightGRF Data source being set to squats_2_grf
[info] ExternalForce::LeftGRF Data source being set to squats_2_grf
[info] Storage: read data file = squats_2_grf.mot (nr=1676 nc=19)
[info] ExternalForce::RightGRF Data source being set to squats_2_grf
[info] ExternalForce::LeftGRF Data source being set to squats_2_grf
[info] Storage: read data file = squats_2_grf.mot (nr=1676 nc=19)
[info] ExternalForce::RightGRF Data source being set to squats_2_grf
[info] ExternalForce::LeftGRF Data source being set to squats_2_grf
[info] Storage: read data file = squats_2_grf.mot (nr=1676 nc=19)
[info] ExternalForce::RightGRF Data source being set to squats_2_grf
[info] ExternalForce::LeftGRF Data source being set to squats_2_grf
[info] Storage: read data file = squats_2_grf.mot (nr=1676 nc=19)
[info] ExternalForce::RightGRF Data source being set to squats_2_grf
[info] ExternalForce::LeftGRF Data source being set to squats_2_grf
[info] Storage: read data file = squats_2_grf.mot (nr=1676 nc=19)
[info] ExternalForce::RightGRF Data source being set to squats_2_grf
[info] ExternalForce::LeftGRF Data source being set to squats_2_grf
[info] Storage: read data file = squats_2_grf.mot (nr=1676 nc=19)
[info] ExternalForce::RightGRF Data source being set to squats_2_grf
[info] ExternalForce::LeftGRF Data source being set to squats_2_grf
[info] Storage: read data file = squats_2_grf.mot (nr=1676 nc=19)
[info] ExternalForce::RightGRF Data source being set to squats_2_grf
[info] ExternalForce::LeftGRF Data source being set to squats_2_grf
[info] Storage: read data file = squats_2_grf.mot (nr=1676 nc=19)
[info] ExternalForce::RightGRF Data source being set to squats_2_grf
[info] ExternalForce::LeftGRF Data source being set to squats_2_grf
[info] Storage: read data file = squats_2_grf.mot (nr=1676 nc=19)
[info] ExternalForce::RightGRF Data source being set to squats_2_grf
[info] ExternalForce::LeftGRF Data source being set to squats_2_grf
[info] Storage: read data file = squats_2_grf.mot (nr=1676 nc=19)
[info] ExternalForce::RightGRF Data source being set to squats_2_grf
[info] ExternalForce::LeftGRF Data source being set to squats_2_grf
[info] Storage: read data file = squats_2_grf.mot (nr=1676 nc=19)
[info] ExternalForce::RightGRF Data source being set to squats_2_grf
[info] ExternalForce::LeftGRF Data source being set to squats_2_grf
[info] Storage: read data file = squats_2_grf.mot (nr=1676 nc=19)
[info] ExternalForce::RightGRF Data source being set to squats_2_grf
[info] ExternalForce::LeftGRF Data source being set to squats_2_grf
[info] Storage: read data file = squats_2_grf.mot (nr=1676 nc=19)
[info] ExternalForce::RightGRF Data source being set to squats_2_grf
[info] ExternalForce::LeftGRF Data source being set to squats_2_grf
[info] Storage: read data file = squats_2_grf.mot (nr=1676 nc=19)
[info] ExternalForce::RightGRF Data source being set to squats_2_grf
[info] ExternalForce::LeftGRF Data source being set to squats_2_grf
[info] Storage: read data file = squats_2_grf.mot (nr=1676 nc=19)
[info] ExternalForce::RightGRF Data source being set to squats_2_grf
[info] ExternalForce::LeftGRF Data source being set to squats_2_grf
[info] Storage: read data file = squats_2_grf.mot (nr=1676 nc=19)
[info] ExternalForce::RightGRF Data source being set to squats_2_grf
[info] ExternalForce::LeftGRF Data source being set to squats_2_grf
[info] Storage: read data file = squats_2_grf.mot (nr=1676 nc=19)
[info] ExternalForce::RightGRF Data source being set to squats_2_grf
[info] ExternalForce::LeftGRF Data source being set to squats_2_grf
[info] Storage: read data file = squats_2_grf.mot (nr=1676 nc=19)
[info] ExternalForce::RightGRF Data source being set to squats_2_grf
[info] ExternalForce::LeftGRF Data source being set to squats_2_grf
[info] Storage: read data file = squats_2_grf.mot (nr=1676 nc=19)
[info] ExternalForce::RightGRF Data source being set to squats_2_grf
[info] ExternalForce::LeftGRF Data source being set to squats_2_grf
[info] Storage: read data file = squats_2_grf.mot (nr=1676 nc=19)
[info] ExternalForce::RightGRF Data source being set to squats_2_grf
[info] ExternalForce::LeftGRF Data source being set to squats_2_grf
[info] Storage: read data file = squats_2_grf.mot (nr=1676 nc=19)
[info] ExternalForce::RightGRF Data source being set to squats_2_grf
[info] ExternalForce::LeftGRF Data source being set to squats_2_grf
[info] Storage: read data file = squats_2_grf.mot (nr=1676 nc=19)
[info] ExternalForce::RightGRF Data source being set to squats_2_grf
[info] ExternalForce::LeftGRF Data source being set to squats_2_grf
[info] Storage: read data file = squats_2_grf.mot (nr=1676 nc=19)
[info] ExternalForce::RightGRF Data source being set to squats_2_grf
[info] ExternalForce::LeftGRF Data source being set to squats_2_grf
[info] Storage: read data file = squats_2_grf.mot (nr=1676 nc=19)
[info] ExternalForce::RightGRF Data source being set to squats_2_grf
[info] ExternalForce::LeftGRF Data source being set to squats_2_grf
[info] Storage: read data file = squats_2_grf.mot (nr=1676 nc=19)
[info] ExternalForce::RightGRF Data source being set to squats_2_grf
[info] ExternalForce::LeftGRF Data source being set to squats_2_grf
[info] Storage: read data file = squats_2_grf.mot (nr=1676 nc=19)
[info] ExternalForce::RightGRF Data source being set to squats_2_grf
[info] ExternalForce::LeftGRF Data source being set to squats_2_grf
[info] Storage: read data file = squats_2_grf.mot (nr=1676 nc=19)
[info] ExternalForce::RightGRF Data source being set to squats_2_grf
[info] ExternalForce::LeftGRF Data source being set to squats_2_grf
[info] Storage: read data file = squats_2_grf.mot (nr=1676 nc=19)
[info] ExternalForce::RightGRF Data source being set to squats_2_grf
[info] ExternalForce::LeftGRF Data source being set to squats_2_grf
[info] Storage: read data file = squats_2_grf.mot (nr=1676 nc=19)
[info] ExternalForce::RightGRF Data source being set to squats_2_grf
[info] ExternalForce::LeftGRF Data source being set to squats_2_grf
[info] Storage: read data file = squats_2_grf.mot (nr=1676 nc=19)
[info] ExternalForce::RightGRF Data source being set to squats_2_grf
[info] ExternalForce::LeftGRF Data source being set to squats_2_grf
[info] Storage: read data file = squats_2_grf.mot (nr=1676 nc=19)
[info] ExternalForce::RightGRF Data source being set to squats_2_grf
[info] ExternalForce::LeftGRF Data source being set to squats_2_grf
[info] Storage: read data file = squats_2_grf.mot (nr=1676 nc=19)
[info] ExternalForce::RightGRF Data source being set to squats_2_grf
[info] ExternalForce::LeftGRF Data source being set to squats_2_grf
[info] Storage: read data file = squats_2_grf.mot (nr=1676 nc=19)
[info] ExternalForce::RightGRF Data source being set to squats_2_grf
[info] ExternalForce::LeftGRF Data source being set to squats_2_grf
[info] Storage: read data file = squats_2_grf.mot (nr=1676 nc=19)
[info] ExternalForce::RightGRF Data source being set to squats_2_grf
[info] ExternalForce::LeftGRF Data source being set to squats_2_grf
[info] Storage: read data file = squats_2_grf.mot (nr=1676 nc=19)
[info] ExternalForce::RightGRF Data source being set to squats_2_grf
[info] ExternalForce::LeftGRF Data source being set to squats_2_grf
[info] Storage: read data file = squats_2_grf.mot (nr=1676 nc=19)
[info] ExternalForce::RightGRF Data source being set to squats_2_grf
[info] ExternalForce::LeftGRF Data source being set to squats_2_grf
[info] Storage: read data file = squats_2_grf.mot (nr=1676 nc=19)
[info] ExternalForce::RightGRF Data source being set to squats_2_grf
[info] ExternalForce::LeftGRF Data source being set to squats_2_grf
[info] Storage: read data file = squats_2_grf.mot (nr=1676 nc=19)
[info] ExternalForce::RightGRF Data source being set to squats_2_grf
[info] ExternalForce::LeftGRF Data source being set to squats_2_grf
[info] Storage: read data file = squats_2_grf.mot (nr=1676 nc=19)
[info] ExternalForce::RightGRF Data source being set to squats_2_grf
[info] ExternalForce::LeftGRF Data source being set to squats_2_grf
[info] Storage: read data file = squats_2_grf.mot (nr=1676 nc=19)
[info] ExternalForce::RightGRF Data source being set to squats_2_grf
[info] ExternalForce::LeftGRF Data source being set to squats_2_grf
[info] Storage: read data file = squats_2_grf.mot (nr=1676 nc=19)
[info] ExternalForce::RightGRF Data source being set to squats_2_grf
[info] ExternalForce::LeftGRF Data source being set to squats_2_grf
[info] Storage: read data file = squats_2_grf.mot (nr=1676 nc=19)
[info] ExternalForce::RightGRF Data source being set to squats_2_grf
[info] ExternalForce::LeftGRF Data source being set to squats_2_grf
[info] Storage: read data file = squats_2_grf.mot (nr=1676 nc=19)
[info] ExternalForce::RightGRF Data source being set to squats_2_grf
[info] ExternalForce::LeftGRF Data source being set to squats_2_grf
[info] Storage: read data file = squats_2_grf.mot (nr=1676 nc=19)
[info] ExternalForce::RightGRF Data source being set to squats_2_grf
[info] ExternalForce::LeftGRF Data source being set to squats_2_grf
[info] Storage: read data file = squats_2_grf.mot (nr=1676 nc=19)
[info] ExternalForce::RightGRF Data source being set to squats_2_grf
[info] ExternalForce::LeftGRF Data source being set to squats_2_grf
[info] Storage: read data file = squats_2_grf.mot (nr=1676 nc=19)
[info] ExternalForce::RightGRF Data source being set to squats_2_grf
[info] ExternalForce::LeftGRF Data source being set to squats_2_grf
[info] Storage: read data file = squats_2_grf.mot (nr=1676 nc=19)
[info] ExternalForce::RightGRF Data source being set to squats_2_grf
[info] ExternalForce::LeftGRF Data source being set to squats_2_grf
[info] Storage: read data file = squats_2_grf.mot (nr=1676 nc=19)
[info] ExternalForce::RightGRF Data source being set to squats_2_grf
[info] ExternalForce::LeftGRF Data source being set to squats_2_grf
[info] ========================================================================
[info] MocoCasADiSolver starting.
[info] Thu Aug 20 07:09:01 2026
[info] ------------------------------------------------------------------------
[info] Costs: (total: 2)
[info]   marker_tracking. MocoMarkerTrackingGoal, enabled: true, mode: cost, weight: 10.0
[info]         allow unused references: 
[info]         tracked marker(s):
[info]             C7, weight: 10.0
[info]             LSHO, weight: 5.0
[info]             STRN, weight: 10.0
[info]             LASI, weight: 5.0
[info]             RASI, weight: 5.0
[info]             LPSI, weight: 5.0
[info]             RPSI, weight: 5.0
[info]             LGTR, weight: 0.0
[info]             RGTR, weight: 0.0
[info]             LTHC, weight: 5.0
[info]             LTHL, weight: 5.0
[info]             LTHR, weight: 5.0
[info]             LKNE, weight: 0.0
[info]             LMKNE, weight: 0.0
[info]             LSHC, weight: 5.0
[info]             LSHL, weight: 5.0
[info]             LSHR, weight: 5.0
[info]             LANK, weight: 0.0
[info]             LMANK, weight: 0.0
[info]             LMT1, weight: 5.0
[info]             LMT5, weight: 5.0
[info]             LCAL, weight: 1.0
[info]             RTHC, weight: 5.0
[info]             RTHL, weight: 5.0
[info]             RTHR, weight: 5.0
[info]             RKNE, weight: 0.0
[info]             RMKNE, weight: 0.0
[info]             RSHC, weight: 5.0
[info]             RSHL, weight: 5.0
[info]             RSHR, weight: 5.0
[info]             RANK, weight: 0.0
[info]             RMANK, weight: 0.0
[info]             RMT1, weight: 5.0
[info]             RMT5, weight: 5.0
[info]             RCAL, weight: 1.0
[info]   control_effort. MocoControlGoal, enabled: true, mode: cost, weight: 0.1
[info]         control: /forceset/addbrev_r, weight: 1.0
[info]         control: /forceset/addlong_r, weight: 1.0
[info]         control: /forceset/addmagDist_r, weight: 1.0
[info]         control: /forceset/addmagIsch_r, weight: 1.0
[info]         control: /forceset/addmagMid_r, weight: 1.0
[info]         control: /forceset/addmagProx_r, weight: 1.0
[info]         control: /forceset/bflh_r, weight: 1.0
[info]         control: /forceset/bfsh_r, weight: 1.0
[info]         control: /forceset/edl_r, weight: 1.0
[info]         control: /forceset/ehl_r, weight: 1.0
[info]         control: /forceset/fdl_r, weight: 1.0
[info]         control: /forceset/fhl_r, weight: 1.0
[info]         control: /forceset/gaslat_r, weight: 1.0
[info]         control: /forceset/gasmed_r, weight: 1.0
[info]         control: /forceset/glmax1_r, weight: 1.0
[info]         control: /forceset/glmax2_r, weight: 1.0
[info]         control: /forceset/glmax3_r, weight: 1.0
[info]         control: /forceset/glmed1_r, weight: 1.0
[info]         control: /forceset/glmed2_r, weight: 1.0
[info]         control: /forceset/glmed3_r, weight: 1.0
[info]         control: /forceset/glmin1_r, weight: 1.0
[info]         control: /forceset/glmin2_r, weight: 1.0
[info]         control: /forceset/glmin3_r, weight: 1.0
[info]         control: /forceset/grac_r, weight: 1.0
[info]         control: /forceset/iliacus_r, weight: 1.0
[info]         control: /forceset/perbrev_r, weight: 1.0
[info]         control: /forceset/perlong_r, weight: 1.0
[info]         control: /forceset/piri_r, weight: 1.0
[info]         control: /forceset/psoas_r, weight: 1.0
[info]         control: /forceset/recfem_r, weight: 1.0
[info]         control: /forceset/sart_r, weight: 1.0
[info]         control: /forceset/semimem_r, weight: 1.0
[info]         control: /forceset/semiten_r, weight: 1.0
[info]         control: /forceset/soleus_r, weight: 1.0
[info]         control: /forceset/tfl_r, weight: 1.0
[info]         control: /forceset/tibant_r, weight: 1.0
[info]         control: /forceset/tibpost_r, weight: 1.0
[info]         control: /forceset/vasint_r, weight: 1.0
[info]         control: /forceset/vaslat_r, weight: 1.0
[info]         control: /forceset/vasmed_r, weight: 1.0
[info]         control: /forceset/pelvis_tx_residual, weight: 10.0
[info]         control: /forceset/pelvis_ty_residual, weight: 10.0
[info]         control: /forceset/pelvis_tz_residual, weight: 10.0
[info]         control: /forceset/pelvis_tilt_residual, weight: 10.0
[info]         control: /forceset/pelvis_list_residual, weight: 10.0
[info]         control: /forceset/pelvis_rotation_residual, weight: 10.0
[info]         control: /forceset/hip_flexion_r_reserve, weight: 5.0
[info]         control: /forceset/hip_adduction_r_reserve, weight: 5.0
[info]         control: /forceset/hip_rotation_r_reserve, weight: 5.0
[info]         control: /forceset/knee_angle_r_reserve, weight: 5.0
[info]         control: /forceset/ankle_angle_r_reserve, weight: 5.0
[info]         control: /forceset/hip_flexion_l_torque, weight: 0.01
[info]         control: /forceset/hip_adduction_l_torque, weight: 0.01
[info]         control: /forceset/hip_rotation_l_torque, weight: 0.01
[info]         control: /forceset/knee_angle_l_torque, weight: 0.01
[info]         control: /forceset/ankle_angle_l_torque, weight: 0.01
[info]         control: /forceset/lumbar_extension_torque, weight: 0.01
[info]         control: /forceset/lumbar_bending_torque, weight: 0.01
[info]         control: /forceset/lumbar_rotation_torque, weight: 0.01
[info] Endpoint constraints: (total: 1)
[info]   initial_activation. MocoInitialActivationGoal, enabled: true, mode: endpoint_constraint
[info] Kinematic constraints: (total: 2)
[info]   kinematic_constraint_cid21. MocoConstraintInfo. number of scalar equations: 3. bounds: 0, 0, 0
[info]   kinematic_constraint_cid22. MocoConstraintInfo. number of scalar equations: 3. bounds: 0, 0, 0
[info] Path constraints: none
[info] States: (total: 82)
[info]   /jointset/back/lumbar_rotation/speed. bounds: [-50, 50]
[info]   /jointset/back/lumbar_extension/speed. bounds: [-50, 50]
[info]   /jointset/patellofemoral_l/knee_angle_l_beta/speed. bounds: [-50, 50]
[info]   /jointset/walker_knee_l/knee_angle_l/speed. bounds: [-50, 50]
[info]   /jointset/hip_l/hip_adduction_l/speed. bounds: [-50, 50]
[info]   /jointset/hip_l/hip_flexion_l/speed. bounds: [-50, 50]
[info]   /jointset/ankle_r/ankle_angle_r/speed. bounds: [-50, 50]
[info]   /jointset/patellofemoral_r/knee_angle_r_beta/speed. bounds: [-50, 50]
[info]   /jointset/patellofemoral_l/knee_angle_l_beta/value. bounds: [-99999.9, 99999.9]
[info]   /jointset/patellofemoral_r/knee_angle_r_beta/value. bounds: [-99999.9, 99999.9]
[info]   /jointset/ground_pelvis/pelvis_tx/speed. bounds: [-50, 50]
[info]   /jointset/back/lumbar_bending/value. bounds: [0.0427027, 0.117468] initial: [0.0693175, 0.0906789]
[info]   /jointset/ground_pelvis/pelvis_rotation/speed. bounds: [-50, 50]
[info]   /jointset/back/lumbar_extension/value. bounds: [-0.267932, 0.165564] initial: [0.041708, 0.165564]
[info]   /jointset/ground_pelvis/pelvis_ty/speed. bounds: [-50, 50]
[info]   /jointset/ground_pelvis/pelvis_tilt/speed. bounds: [-50, 50]
[info]   /jointset/ankle_l/ankle_angle_l/value. bounds: [-0.130226, 0.538829] initial: [-0.0566902, 0.134468]
[info]   /jointset/hip_r/hip_adduction_r/speed. bounds: [-50, 50]
[info]   /jointset/hip_l/hip_rotation_l/value. bounds: [-0.105954, 0.0504259] initial: [-0.105206, -0.0605259]
[info]   /jointset/hip_l/hip_flexion_l/value. bounds: [0.0289065, 2.40855] initial: [0.0289065, 0.727394]
[info]   /jointset/ground_pelvis/pelvis_tz/speed. bounds: [-50, 50]
[info]   /jointset/hip_r/hip_rotation_r/value. bounds: [-0.206668, -0.0062792] initial: [-0.113699, -0.0564448]
[info]   /jointset/ground_pelvis/pelvis_tz/value. bounds: [2.49315, 2.51012] initial: [2.49731, 2.50216]
[info]   /jointset/ground_pelvis/pelvis_rotation/value. bounds: [-0.0884165, 0.0674113] initial: [-0.088412, -0.0438898]
[info]   /jointset/walker_knee_l/knee_angle_l/value. bounds: [0, 1.88337] initial: [0.0217928, 0.572664]
[info]   /jointset/ground_pelvis/pelvis_list/value. bounds: [-0.0780856, 0.0213458] initial: [-0.0509339, -0.0225249]
[info]   /jointset/ground_pelvis/pelvis_tilt/value. bounds: [-1.04846, -0.117266] initial: [-0.383323, -0.117266]
[info]   /forceset/vasmed_r/activation. bounds: [0.01, 2]
[info]   /forceset/vaslat_r/activation. bounds: [0.01, 2]
[info]   /forceset/vasint_r/activation. bounds: [0.01, 2]
[info]   /forceset/soleus_r/activation. bounds: [0.01, 2]
[info]   /jointset/ground_pelvis/pelvis_ty/value. bounds: [0.558985, 1.11425] initial: [0.953173, 1.11182]
[info]   /forceset/semiten_r/activation. bounds: [0.01, 2]
[info]   /jointset/back/lumbar_rotation/value. bounds: [-0.221321, -0.038808] initial: [-0.105078, -0.0529312]
[info]   /forceset/semimem_r/activation. bounds: [0.01, 2]
[info]   /jointset/ground_pelvis/pelvis_list/speed. bounds: [-50, 50]
[info]   /forceset/recfem_r/activation. bounds: [0.01, 2]
[info]   /jointset/ankle_r/ankle_angle_r/value. bounds: [-0.0695589, 0.612063] initial: [-0.0280709, 0.166678]
[info]   /forceset/psoas_r/activation. bounds: [0.01, 2]
[info]   /jointset/walker_knee_r/knee_angle_r/speed. bounds: [-50, 50]
[info]   /jointset/hip_l/hip_adduction_l/value. bounds: [-0.177962, -0.105259] initial: [-0.149507, -0.128735]
[info]   /forceset/tibpost_r/activation. bounds: [0.01, 2]
[info]   /forceset/perlong_r/activation. bounds: [0.01, 2]
[info]   /forceset/perbrev_r/activation. bounds: [0.01, 2]
[info]   /jointset/hip_r/hip_rotation_r/speed. bounds: [-50, 50]
[info]   /jointset/hip_r/hip_flexion_r/speed. bounds: [-50, 50]
[info]   /forceset/iliacus_r/activation. bounds: [0.01, 2]
[info]   /forceset/sart_r/activation. bounds: [0.01, 2]
[info]   /forceset/grac_r/activation. bounds: [0.01, 2]
[info]   /forceset/glmin3_r/activation. bounds: [0.01, 2]
[info]   /jointset/ankle_l/ankle_angle_l/speed. bounds: [-50, 50]
[info]   /forceset/glmin2_r/activation. bounds: [0.01, 2]
[info]   /jointset/walker_knee_r/knee_angle_r/value. bounds: [0, 1.96833] initial: [0, 0.571679]
[info]   /forceset/glmin1_r/activation. bounds: [0.01, 2]
[info]   /forceset/glmed3_r/activation. bounds: [0.01, 2]
[info]   /forceset/glmed1_r/activation. bounds: [0.01, 2]
[info]   /forceset/piri_r/activation. bounds: [0.01, 2]
[info]   /forceset/glmax3_r/activation. bounds: [0.01, 2]
[info]   /forceset/glmax2_r/activation. bounds: [0.01, 2]
[info]   /forceset/tfl_r/activation. bounds: [0.01, 2]
[info]   /forceset/glmax1_r/activation. bounds: [0.01, 2]
[info]   /forceset/gasmed_r/activation. bounds: [0.01, 2]
[info]   /forceset/gaslat_r/activation. bounds: [0.01, 2]
[info]   /forceset/fhl_r/activation. bounds: [0.01, 2]
[info]   /forceset/fdl_r/activation. bounds: [0.01, 2]
[info]   /jointset/back/lumbar_bending/speed. bounds: [-50, 50]
[info]   /forceset/ehl_r/activation. bounds: [0.01, 2]
[info]   /forceset/tibant_r/activation. bounds: [0.01, 2]
[info]   /forceset/edl_r/activation. bounds: [0.01, 2]
[info]   /jointset/hip_r/hip_flexion_r/value. bounds: [0.0349946, 2.40855] initial: [0.0349946, 0.724542]
[info]   /jointset/ground_pelvis/pelvis_tx/value. bounds: [-2.52961, -2.20484] initial: [-2.29763, -2.20484]
[info]   /forceset/bfsh_r/activation. bounds: [0.01, 2]
[info]   /forceset/bflh_r/activation. bounds: [0.01, 2]
[info]   /forceset/addmagProx_r/activation. bounds: [0.01, 2]
[info]   /jointset/hip_l/hip_rotation_l/speed. bounds: [-50, 50]
[info]   /jointset/hip_r/hip_adduction_r/value. bounds: [-0.32014, 0.0142655] initial: [-0.0812789, 0.0142655]
[info]   /forceset/addmagMid_r/activation. bounds: [0.01, 2]
[info]   /forceset/glmed2_r/activation. bounds: [0.01, 2]
[info]   /forceset/addmagIsch_r/activation. bounds: [0.01, 2]
[info]   /forceset/addmagDist_r/activation. bounds: [0.01, 2]
[info]   /forceset/addlong_r/activation. bounds: [0.01, 2]
[info]   /forceset/addbrev_r/activation. bounds: [0.01, 2]
[info] Controls: (total: 59)
[info]   /forceset/lumbar_bending_torque. bounds: [-inf, inf]
[info]   /forceset/ankle_angle_l_torque. bounds: [-inf, inf]
[info]   /forceset/knee_angle_l_torque. bounds: [-inf, inf]
[info]   /forceset/hip_rotation_l_torque. bounds: [-inf, inf]
[info]   /forceset/hip_rotation_r_reserve. bounds: [-inf, inf]
[info]   /forceset/knee_angle_r_reserve. bounds: [-inf, inf]
[info]   /forceset/pelvis_rotation_residual. bounds: [-inf, inf]
[info]   /forceset/pelvis_list_residual. bounds: [-inf, inf]
[info]   /forceset/pelvis_tz_residual. bounds: [-inf, inf]
[info]   /forceset/pelvis_tx_residual. bounds: [-inf, inf]
[info]   /forceset/psoas_r. bounds: [0.001, 2]
[info]   /forceset/perlong_r. bounds: [0.001, 2]
[info]   /forceset/glmed3_r. bounds: [0.001, 2]
[info]   /forceset/perbrev_r. bounds: [0.001, 2]
[info]   /forceset/lumbar_extension_torque. bounds: [-inf, inf]
[info]   /forceset/iliacus_r. bounds: [0.001, 2]
[info]   /forceset/grac_r. bounds: [0.001, 2]
[info]   /forceset/vasint_r. bounds: [0.001, 2]
[info]   /forceset/hip_flexion_l_torque. bounds: [-inf, inf]
[info]   /forceset/glmin3_r. bounds: [0.001, 2]
[info]   /forceset/bfsh_r. bounds: [0.001, 2]
[info]   /forceset/glmin2_r. bounds: [0.001, 2]
[info]   /forceset/glmax3_r. bounds: [0.001, 2]
[info]   /forceset/ankle_angle_r_reserve. bounds: [-inf, inf]
[info]   /forceset/glmin1_r. bounds: [0.001, 2]
[info]   /forceset/glmed2_r. bounds: [0.001, 2]
[info]   /forceset/fhl_r. bounds: [0.001, 2]
[info]   /forceset/piri_r. bounds: [0.001, 2]
[info]   /forceset/addlong_r. bounds: [0.001, 2]
[info]   /forceset/addmagProx_r. bounds: [0.001, 2]
[info]   /forceset/gaslat_r. bounds: [0.001, 2]
[info]   /forceset/addmagDist_r. bounds: [0.001, 2]
[info]   /forceset/pelvis_tilt_residual. bounds: [-inf, inf]
[info]   /forceset/glmax1_r. bounds: [0.001, 2]
[info]   /forceset/edl_r. bounds: [0.001, 2]
[info]   /forceset/hip_adduction_l_torque. bounds: [-inf, inf]
[info]   /forceset/addmagIsch_r. bounds: [0.001, 2]
[info]   /forceset/bflh_r. bounds: [0.001, 2]
[info]   /forceset/pelvis_ty_residual. bounds: [-inf, inf]
[info]   /forceset/addmagMid_r. bounds: [0.001, 2]
[info]   /forceset/hip_adduction_r_reserve. bounds: [-inf, inf]
[info]   /forceset/hip_flexion_r_reserve. bounds: [-inf, inf]
[info]   /forceset/gasmed_r. bounds: [0.001, 2]
[info]   /forceset/ehl_r. bounds: [0.001, 2]
[info]   /forceset/glmed1_r. bounds: [0.001, 2]
[info]   /forceset/glmax2_r. bounds: [0.001, 2]
[info]   /forceset/vasmed_r. bounds: [0.001, 2]
[info]   /forceset/lumbar_rotation_torque. bounds: [-inf, inf]
[info]   /forceset/addbrev_r. bounds: [0.001, 2]
[info]   /forceset/semiten_r. bounds: [0.001, 2]
[info]   /forceset/fdl_r. bounds: [0.001, 2]
[info]   /forceset/recfem_r. bounds: [0.001, 2]
[info]   /forceset/tibpost_r. bounds: [0.001, 2]
[info]   /forceset/sart_r. bounds: [0.001, 2]
[info]   /forceset/semimem_r. bounds: [0.001, 2]
[info]   /forceset/soleus_r. bounds: [0.001, 2]
[info]   /forceset/tfl_r. bounds: [0.001, 2]
[info]   /forceset/tibant_r. bounds: [0.001, 2]
[info]   /forceset/vaslat_r. bounds: [0.001, 2]
[info] Input controls: none
[info] Parameters: none
[info] Storage: read data file = squats_2_grf.mot (nr=1676 nc=19)
[info] ExternalForce::RightGRF Data source being set to squats_2_grf
[info] ExternalForce::LeftGRF Data source being set to squats_2_grf
[info] Storage: read data file = squats_2_grf.mot (nr=1676 nc=19)
[info] ExternalForce::RightGRF Data source being set to squats_2_grf
[info] ExternalForce::LeftGRF Data source being set to squats_2_grf
[info] Storage: read data file = squats_2_grf.mot (nr=1676 nc=19)
[info] ExternalForce::RightGRF Data source being set to squats_2_grf
[info] ExternalForce::LeftGRF Data source being set to squats_2_grf
[info] Storage: read data file = squats_2_grf.mot (nr=1676 nc=19)
[info] ExternalForce::RightGRF Data source being set to squats_2_grf
[info] ExternalForce::LeftGRF Data source being set to squats_2_grf
[info] Storage: read data file = squats_2_grf.mot (nr=1676 nc=19)
[info] ExternalForce::RightGRF Data source being set to squats_2_grf
[info] ExternalForce::LeftGRF Data source being set to squats_2_grf
[info] Storage: read data file = squats_2_grf.mot (nr=1676 nc=19)
[info] ExternalForce::RightGRF Data source being set to squats_2_grf
[info] ExternalForce::LeftGRF Data source being set to squats_2_grf
[info] Storage: read data file = squats_2_grf.mot (nr=1676 nc=19)
[info] ExternalForce::RightGRF Data source being set to squats_2_grf
[info] ExternalForce::LeftGRF Data source being set to squats_2_grf
[info] Storage: read data file = squats_2_grf.mot (nr=1676 nc=19)
[info] ExternalForce::RightGRF Data source being set to squats_2_grf
[info] ExternalForce::LeftGRF Data source being set to squats_2_grf
[info] Storage: read data file = squats_2_grf.mot (nr=1676 nc=19)
[info] ExternalForce::RightGRF Data source being set to squats_2_grf
[info] ExternalForce::LeftGRF Data source being set to squats_2_grf
[info] Storage: read data file = squats_2_grf.mot (nr=1676 nc=19)
[info] ExternalForce::RightGRF Data source being set to squats_2_grf
[info] ExternalForce::LeftGRF Data source being set to squats_2_grf
[info] Storage: read data file = squats_2_grf.mot (nr=1676 nc=19)
[info] ExternalForce::RightGRF Data source being set to squats_2_grf
[info] ExternalForce::LeftGRF Data source being set to squats_2_grf
[info] Storage: read data file = squats_2_grf.mot (nr=1676 nc=19)
[info] ExternalForce::RightGRF Data source being set to squats_2_grf
[info] ExternalForce::LeftGRF Data source being set to squats_2_grf
[info] Storage: read data file = squats_2_grf.mot (nr=1676 nc=19)
[info] ExternalForce::RightGRF Data source being set to squats_2_grf
[info] ExternalForce::LeftGRF Data source being set to squats_2_grf
[info] Storage: read data file = squats_2_grf.mot (nr=1676 nc=19)
[info] ExternalForce::RightGRF Data source being set to squats_2_grf
[info] ExternalForce::LeftGRF Data source being set to squats_2_grf
[info] Storage: read data file = squats_2_grf.mot (nr=1676 nc=19)
[info] ExternalForce::RightGRF Data source being set to squats_2_grf
[info] ExternalForce::LeftGRF Data source being set to squats_2_grf
[info] Storage: read data file = squats_2_grf.mot (nr=1676 nc=19)
[info] ExternalForce::RightGRF Data source being set to squats_2_grf
[info] ExternalForce::LeftGRF Data source being set to squats_2_grf
[info] Storage: read data file = squats_2_grf.mot (nr=1676 nc=19)
[info] ExternalForce::RightGRF Data source being set to squats_2_grf
[info] ExternalForce::LeftGRF Data source being set to squats_2_grf
[info] Storage: read data file = squats_2_grf.mot (nr=1676 nc=19)
[info] ExternalForce::RightGRF Data source being set to squats_2_grf
[info] ExternalForce::LeftGRF Data source being set to squats_2_grf
[info] Storage: read data file = squats_2_grf.mot (nr=1676 nc=19)
[info] ExternalForce::RightGRF Data source being set to squats_2_grf
[info] ExternalForce::LeftGRF Data source being set to squats_2_grf
[info] Storage: read data file = squats_2_grf.mot (nr=1676 nc=19)
[info] ExternalForce::RightGRF Data source being set to squats_2_grf
[info] ExternalForce::LeftGRF Data source being set to squats_2_grf
[info] Storage: read data file = squats_2_grf.mot (nr=1676 nc=19)
[info] ExternalForce::RightGRF Data source being set to squats_2_grf
[info] ExternalForce::LeftGRF Data source being set to squats_2_grf
[info] Storage: read data file = squats_2_grf.mot (nr=1676 nc=19)
[info] ExternalForce::RightGRF Data source being set to squats_2_grf
[info] ExternalForce::LeftGRF Data source being set to squats_2_grf
[info] Storage: read data file = squats_2_grf.mot (nr=1676 nc=19)
[info] ExternalForce::RightGRF Data source being set to squats_2_grf
[info] ExternalForce::LeftGRF Data source being set to squats_2_grf
[info] Storage: read data file = squats_2_grf.mot (nr=1676 nc=19)
[info] ExternalForce::RightGRF Data source being set to squats_2_grf
[info] ExternalForce::LeftGRF Data source being set to squats_2_grf
[info] Storage: read data file = squats_2_grf.mot (nr=1676 nc=19)
[info] ExternalForce::RightGRF Data source being set to squats_2_grf
[info] ExternalForce::LeftGRF Data source being set to squats_2_grf
[info] Storage: read data file = squats_2_grf.mot (nr=1676 nc=19)
[info] ExternalForce::RightGRF Data source being set to squats_2_grf
[info] ExternalForce::LeftGRF Data source being set to squats_2_grf
[info] Storage: read data file = squats_2_grf.mot (nr=1676 nc=19)
[info] ExternalForce::RightGRF Data source being set to squats_2_grf
[info] ExternalForce::LeftGRF Data source being set to squats_2_grf
[info] Storage: read data file = squats_2_grf.mot (nr=1676 nc=19)
[info] ExternalForce::RightGRF Data source being set to squats_2_grf
[info] ExternalForce::LeftGRF Data source being set to squats_2_grf
[info] Storage: read data file = squats_2_grf.mot (nr=1676 nc=19)
[info] ExternalForce::RightGRF Data source being set to squats_2_grf
[info] ExternalForce::LeftGRF Data source being set to squats_2_grf
[info] Storage: read data file = squats_2_grf.mot (nr=1676 nc=19)
[info] ExternalForce::RightGRF Data source being set to squats_2_grf
[info] ExternalForce::LeftGRF Data source being set to squats_2_grf
[info] Storage: read data file = squats_2_grf.mot (nr=1676 nc=19)
[info] ExternalForce::RightGRF Data source being set to squats_2_grf
[info] ExternalForce::LeftGRF Data source being set to squats_2_grf
[info] Storage: read data file = squats_2_grf.mot (nr=1676 nc=19)
[info] ExternalForce::RightGRF Data source being set to squats_2_grf
[info] ExternalForce::LeftGRF Data source being set to squats_2_grf
[info] Storage: read data file = squats_2_grf.mot (nr=1676 nc=19)
[info] ExternalForce::RightGRF Data source being set to squats_2_grf
[info] ExternalForce::LeftGRF Data source being set to squats_2_grf
[info] Storage: read data file = squats_2_grf.mot (nr=1676 nc=19)
[info] ExternalForce::RightGRF Data source being set to squats_2_grf
[info] ExternalForce::LeftGRF Data source being set to squats_2_grf
[info] Storage: read data file = squats_2_grf.mot (nr=1676 nc=19)
[info] ExternalForce::RightGRF Data source being set to squats_2_grf
[info] ExternalForce::LeftGRF Data source being set to squats_2_grf
[info] Storage: read data file = squats_2_grf.mot (nr=1676 nc=19)
[info] ExternalForce::RightGRF Data source being set to squats_2_grf
[info] ExternalForce::LeftGRF Data source being set to squats_2_grf
[info] Storage: read data file = squats_2_grf.mot (nr=1676 nc=19)
[info] ExternalForce::RightGRF Data source being set to squats_2_grf
[info] ExternalForce::LeftGRF Data source being set to squats_2_grf
[info] Storage: read data file = squats_2_grf.mot (nr=1676 nc=19)
[info] ExternalForce::RightGRF Data source being set to squats_2_grf
[info] ExternalForce::LeftGRF Data source being set to squats_2_grf
[info] Storage: read data file = squats_2_grf.mot (nr=1676 nc=19)
[info] ExternalForce::RightGRF Data source being set to squats_2_grf
[info] ExternalForce::LeftGRF Data source being set to squats_2_grf
[info] Storage: read data file = squats_2_grf.mot (nr=1676 nc=19)
[info] ExternalForce::RightGRF Data source being set to squats_2_grf
[info] ExternalForce::LeftGRF Data source being set to squats_2_grf
[info] Storage: read data file = squats_2_grf.mot (nr=1676 nc=19)
[info] ExternalForce::RightGRF Data source being set to squats_2_grf
[info] ExternalForce::LeftGRF Data source being set to squats_2_grf
[info] Storage: read data file = squats_2_grf.mot (nr=1676 nc=19)
[info] ExternalForce::RightGRF Data source being set to squats_2_grf
[info] ExternalForce::LeftGRF Data source being set to squats_2_grf
[info] Storage: read data file = squats_2_grf.mot (nr=1676 nc=19)
[info] ExternalForce::RightGRF Data source being set to squats_2_grf
[info] ExternalForce::LeftGRF Data source being set to squats_2_grf
[info] Storage: read data file = squats_2_grf.mot (nr=1676 nc=19)
[info] ExternalForce::RightGRF Data source being set to squats_2_grf
[info] ExternalForce::LeftGRF Data source being set to squats_2_grf
[info] Storage: read data file = squats_2_grf.mot (nr=1676 nc=19)
[info] ExternalForce::RightGRF Data source being set to squats_2_grf
[info] ExternalForce::LeftGRF Data source being set to squats_2_grf
[info] Storage: read data file = squats_2_grf.mot (nr=1676 nc=19)
[info] ExternalForce::RightGRF Data source being set to squats_2_grf
[info] ExternalForce::LeftGRF Data source being set to squats_2_grf
[info] Storage: read data file = squats_2_grf.mot (nr=1676 nc=19)
[info] ExternalForce::RightGRF Data source being set to squats_2_grf
[info] ExternalForce::LeftGRF Data source being set to squats_2_grf
[info] Storage: read data file = squats_2_grf.mot (nr=1676 nc=19)
[info] ExternalForce::RightGRF Data source being set to squats_2_grf
[info] ExternalForce::LeftGRF Data source being set to squats_2_grf
[info] Storage: read data file = squats_2_grf.mot (nr=1676 nc=19)
[info] ExternalForce::RightGRF Data source being set to squats_2_grf
[info] ExternalForce::LeftGRF Data source being set to squats_2_grf
[info] Storage: read data file = squats_2_grf.mot (nr=1676 nc=19)
[info] ExternalForce::RightGRF Data source being set to squats_2_grf
[info] ExternalForce::LeftGRF Data source being set to squats_2_grf
[info] Storage: read data file = squats_2_grf.mot (nr=1676 nc=19)
[info] ExternalForce::RightGRF Data source being set to squats_2_grf
[info] ExternalForce::LeftGRF Data source being set to squats_2_grf
[info] Storage: read data file = squats_2_grf.mot (nr=1676 nc=19)
[info] ExternalForce::RightGRF Data source being set to squats_2_grf
[info] ExternalForce::LeftGRF Data source being set to squats_2_grf
[info] Storage: read data file = squats_2_grf.mot (nr=1676 nc=19)
[info] ExternalForce::RightGRF Data source being set to squats_2_grf
[info] ExternalForce::LeftGRF Data source being set to squats_2_grf
[info] Storage: read data file = squats_2_grf.mot (nr=1676 nc=19)
[info] ExternalForce::RightGRF Data source being set to squats_2_grf
[info] ExternalForce::LeftGRF Data source being set to squats_2_grf
[info] Storage: read data file = squats_2_grf.mot (nr=1676 nc=19)
[info] ExternalForce::RightGRF Data source being set to squats_2_grf
[info] ExternalForce::LeftGRF Data source being set to squats_2_grf
[info] Storage: read data file = squats_2_grf.mot (nr=1676 nc=19)
[info] ExternalForce::RightGRF Data source being set to squats_2_grf
[info] ExternalForce::LeftGRF Data source being set to squats_2_grf
[info] Storage: read data file = squats_2_grf.mot (nr=1676 nc=19)
[info] ExternalForce::RightGRF Data source being set to squats_2_grf
[info] ExternalForce::LeftGRF Data source being set to squats_2_grf
[info] Storage: read data file = squats_2_grf.mot (nr=1676 nc=19)
[info] ExternalForce::RightGRF Data source being set to squats_2_grf
[info] ExternalForce::LeftGRF Data source being set to squats_2_grf
[info] Storage: read data file = squats_2_grf.mot (nr=1676 nc=19)
[info] ExternalForce::RightGRF Data source being set to squats_2_grf
[info] ExternalForce::LeftGRF Data source being set to squats_2_grf
[info] Storage: read data file = squats_2_grf.mot (nr=1676 nc=19)
[info] ExternalForce::RightGRF Data source being set to squats_2_grf
[info] ExternalForce::LeftGRF Data source being set to squats_2_grf
[info] Storage: read data file = squats_2_grf.mot (nr=1676 nc=19)
[info] ExternalForce::RightGRF Data source being set to squats_2_grf
[info] ExternalForce::LeftGRF Data source being set to squats_2_grf
[info] Storage: read data file = squats_2_grf.mot (nr=1676 nc=19)
[info] ExternalForce::RightGRF Data source being set to squats_2_grf
[info] ExternalForce::LeftGRF Data source being set to squats_2_grf
[info] Storage: read data file = squats_2_grf.mot (nr=1676 nc=19)
[info] ExternalForce::RightGRF Data source being set to squats_2_grf
[info] ExternalForce::LeftGRF Data source being set to squats_2_grf
[info] Storage: read data file = squats_2_grf.mot (nr=1676 nc=19)
[info] ExternalForce::RightGRF Data source being set to squats_2_grf
[info] ExternalForce::LeftGRF Data source being set to squats_2_grf
[info] Storage: read data file = squats_2_grf.mot (nr=1676 nc=19)
[info] ExternalForce::RightGRF Data source being set to squats_2_grf
[info] ExternalForce::LeftGRF Data source being set to squats_2_grf
[info] Storage: read data file = squats_2_grf.mot (nr=1676 nc=19)
[info] ExternalForce::RightGRF Data source being set to squats_2_grf
[info] ExternalForce::LeftGRF Data source being set to squats_2_grf
[info] Storage: read data file = squats_2_grf.mot (nr=1676 nc=19)
[info] ExternalForce::RightGRF Data source being set to squats_2_grf
[info] ExternalForce::LeftGRF Data source being set to squats_2_grf
[info] Storage: read data file = squats_2_grf.mot (nr=1676 nc=19)
[info] ExternalForce::RightGRF Data source being set to squats_2_grf
[info] ExternalForce::LeftGRF Data source being set to squats_2_grf
[info] Storage: read data file = squats_2_grf.mot (nr=1676 nc=19)
[info] ExternalForce::RightGRF Data source being set to squats_2_grf
[info] ExternalForce::LeftGRF Data source being set to squats_2_grf
[info] Storage: read data file = squats_2_grf.mot (nr=1676 nc=19)
[info] ExternalForce::RightGRF Data source being set to squats_2_grf
[info] ExternalForce::LeftGRF Data source being set to squats_2_grf
[info] Storage: read data file = squats_2_grf.mot (nr=1676 nc=19)
[info] ExternalForce::RightGRF Data source being set to squats_2_grf
[info] ExternalForce::LeftGRF Data source being set to squats_2_grf
[info] Storage: read data file = squats_2_grf.mot (nr=1676 nc=19)
[info] ExternalForce::RightGRF Data source being set to squats_2_grf
[info] ExternalForce::LeftGRF Data source being set to squats_2_grf
[info] Storage: read data file = squats_2_grf.mot (nr=1676 nc=19)
[info] ExternalForce::RightGRF Data source being set to squats_2_grf
[info] ExternalForce::LeftGRF Data source being set to squats_2_grf
[info] Storage: read data file = squats_2_grf.mot (nr=1676 nc=19)
[info] ExternalForce::RightGRF Data source being set to squats_2_grf
[info] ExternalForce::LeftGRF Data source being set to squats_2_grf
[info] Storage: read data file = squats_2_grf.mot (nr=1676 nc=19)
[info] ExternalForce::RightGRF Data source being set to squats_2_grf
[info] ExternalForce::LeftGRF Data source being set to squats_2_grf
[info] Storage: read data file = squats_2_grf.mot (nr=1676 nc=19)
[info] ExternalForce::RightGRF Data source being set to squats_2_grf
[info] ExternalForce::LeftGRF Data source being set to squats_2_grf
[info] Storage: read data file = squats_2_grf.mot (nr=1676 nc=19)
[info] ExternalForce::RightGRF Data source being set to squats_2_grf
[info] ExternalForce::LeftGRF Data source being set to squats_2_grf
[info] Storage: read data file = squats_2_grf.mot (nr=1676 nc=19)
[info] ExternalForce::RightGRF Data source being set to squats_2_grf
[info] ExternalForce::LeftGRF Data source being set to squats_2_grf
[info] Storage: read data file = squats_2_grf.mot (nr=1676 nc=19)
[info] ExternalForce::RightGRF Data source being set to squats_2_grf
[info] ExternalForce::LeftGRF Data source being set to squats_2_grf
[info] Storage: read data file = squats_2_grf.mot (nr=1676 nc=19)
[info] ExternalForce::RightGRF Data source being set to squats_2_grf
[info] ExternalForce::LeftGRF Data source being set to squats_2_grf
[info] Storage: read data file = squats_2_grf.mot (nr=1676 nc=19)
[info] ExternalForce::RightGRF Data source being set to squats_2_grf
[info] ExternalForce::LeftGRF Data source being set to squats_2_grf
[info] Storage: read data file = squats_2_grf.mot (nr=1676 nc=19)
[info] ExternalForce::RightGRF Data source being set to squats_2_grf
[info] ExternalForce::LeftGRF Data source being set to squats_2_grf
[info] Storage: read data file = squats_2_grf.mot (nr=1676 nc=19)
[info] ExternalForce::RightGRF Data source being set to squats_2_grf
[info] ExternalForce::LeftGRF Data source being set to squats_2_grf
[info] Storage: read data file = squats_2_grf.mot (nr=1676 nc=19)
[info] ExternalForce::RightGRF Data source being set to squats_2_grf
[info] ExternalForce::LeftGRF Data source being set to squats_2_grf
[info] Storage: read data file = squats_2_grf.mot (nr=1676 nc=19)
[info] ExternalForce::RightGRF Data source being set to squats_2_grf
[info] ExternalForce::LeftGRF Data source being set to squats_2_grf
[info] Storage: read data file = squats_2_grf.mot (nr=1676 nc=19)
[info] ExternalForce::RightGRF Data source being set to squats_2_grf
[info] ExternalForce::LeftGRF Data source being set to squats_2_grf
[info] Storage: read data file = squats_2_grf.mot (nr=1676 nc=19)
[info] ExternalForce::RightGRF Data source being set to squats_2_grf
[info] ExternalForce::LeftGRF Data source being set to squats_2_grf
[info] Storage: read data file = squats_2_grf.mot (nr=1676 nc=19)
[info] ExternalForce::RightGRF Data source being set to squats_2_grf
[info] ExternalForce::LeftGRF Data source being set to squats_2_grf
[info] Storage: read data file = squats_2_grf.mot (nr=1676 nc=19)
[info] ExternalForce::RightGRF Data source being set to squats_2_grf
[info] ExternalForce::LeftGRF Data source being set to squats_2_grf
[info] Storage: read data file = squats_2_grf.mot (nr=1676 nc=19)
[info] ExternalForce::RightGRF Data source being set to squats_2_grf
[info] ExternalForce::LeftGRF Data source being set to squats_2_grf
[info] Storage: read data file = squats_2_grf.mot (nr=1676 nc=19)
[info] ExternalForce::RightGRF Data source being set to squats_2_grf
[info] ExternalForce::LeftGRF Data source being set to squats_2_grf
[info] Storage: read data file = squats_2_grf.mot (nr=1676 nc=19)
[info] ExternalForce::RightGRF Data source being set to squats_2_grf
[info] ExternalForce::LeftGRF Data source being set to squats_2_grf
[info] Storage: read data file = squats_2_grf.mot (nr=1676 nc=19)
[info] ExternalForce::RightGRF Data source being set to squats_2_grf
[info] ExternalForce::LeftGRF Data source being set to squats_2_grf
[info] Storage: read data file = squats_2_grf.mot (nr=1676 nc=19)
[info] ExternalForce::RightGRF Data source being set to squats_2_grf
[info] ExternalForce::LeftGRF Data source being set to squats_2_grf
[info] Storage: read data file = squats_2_grf.mot (nr=1676 nc=19)
[info] ExternalForce::RightGRF Data source being set to squats_2_grf
[info] ExternalForce::LeftGRF Data source being set to squats_2_grf
[info] Storage: read data file = squats_2_grf.mot (nr=1676 nc=19)
[info] ExternalForce::RightGRF Data source being set to squats_2_grf
[info] ExternalForce::LeftGRF Data source being set to squats_2_grf
[info] Storage: read data file = squats_2_grf.mot (nr=1676 nc=19)
[info] ExternalForce::RightGRF Data source being set to squats_2_grf
[info] ExternalForce::LeftGRF Data source being set to squats_2_grf
[info] Storage: read data file = squats_2_grf.mot (nr=1676 nc=19)
[info] ExternalForce::RightGRF Data source being set to squats_2_grf
[info] ExternalForce::LeftGRF Data source being set to squats_2_grf
[info] Storage: read data file = squats_2_grf.mot (nr=1676 nc=19)
[info] ExternalForce::RightGRF Data source being set to squats_2_grf
[info] ExternalForce::LeftGRF Data source being set to squats_2_grf
[info] Storage: read data file = squats_2_grf.mot (nr=1676 nc=19)
[info] ExternalForce::RightGRF Data source being set to squats_2_grf
[info] ExternalForce::LeftGRF Data source being set to squats_2_grf
[info] Storage: read data file = squats_2_grf.mot (nr=1676 nc=19)
[info] ExternalForce::RightGRF Data source being set to squats_2_grf
[info] ExternalForce::LeftGRF Data source being set to squats_2_grf
[info] Storage: read data file = squats_2_grf.mot (nr=1676 nc=19)
[info] ExternalForce::RightGRF Data source being set to squats_2_grf
[info] ExternalForce::LeftGRF Data source being set to squats_2_grf
[info] Storage: read data file = squats_2_grf.mot (nr=1676 nc=19)
[info] ExternalForce::RightGRF Data source being set to squats_2_grf
[info] ExternalForce::LeftGRF Data source being set to squats_2_grf
[info] Storage: read data file = squats_2_grf.mot (nr=1676 nc=19)
[info] ExternalForce::RightGRF Data source being set to squats_2_grf
[info] ExternalForce::LeftGRF Data source being set to squats_2_grf
[info] Storage: read data file = squats_2_grf.mot (nr=1676 nc=19)
[info] ExternalForce::RightGRF Data source being set to squats_2_grf
[info] ExternalForce::LeftGRF Data source being set to squats_2_grf
[info] Storage: read data file = squats_2_grf.mot (nr=1676 nc=19)
[info] ExternalForce::RightGRF Data source being set to squats_2_grf
[info] ExternalForce::LeftGRF Data source being set to squats_2_grf
[info] Storage: read data file = squats_2_grf.mot (nr=1676 nc=19)
[info] ExternalForce::RightGRF Data source being set to squats_2_grf
[info] ExternalForce::LeftGRF Data source being set to squats_2_grf
[info] Storage: read data file = squats_2_grf.mot (nr=1676 nc=19)
[info] ExternalForce::RightGRF Data source being set to squats_2_grf
[info] ExternalForce::LeftGRF Data source being set to squats_2_grf
[info] Storage: read data file = squats_2_grf.mot (nr=1676 nc=19)
[info] ExternalForce::RightGRF Data source being set to squats_2_grf
[info] ExternalForce::LeftGRF Data source being set to squats_2_grf
[info] Storage: read data file = squats_2_grf.mot (nr=1676 nc=19)
[info] ExternalForce::RightGRF Data source being set to squats_2_grf
[info] ExternalForce::LeftGRF Data source being set to squats_2_grf
[info] Storage: read data file = squats_2_grf.mot (nr=1676 nc=19)
[info] ExternalForce::RightGRF Data source being set to squats_2_grf
[info] ExternalForce::LeftGRF Data source being set to squats_2_grf
[info] Storage: read data file = squats_2_grf.mot (nr=1676 nc=19)
[info] ExternalForce::RightGRF Data source being set to squats_2_grf
[info] ExternalForce::LeftGRF Data source being set to squats_2_grf
[info] Storage: read data file = squats_2_grf.mot (nr=1676 nc=19)
[info] ExternalForce::RightGRF Data source being set to squats_2_grf
[info] ExternalForce::LeftGRF Data source being set to squats_2_grf
[info] Storage: read data file = squats_2_grf.mot (nr=1676 nc=19)
[info] ExternalForce::RightGRF Data source being set to squats_2_grf
[info] ExternalForce::LeftGRF Data source being set to squats_2_grf
[info] Storage: read data file = squats_2_grf.mot (nr=1676 nc=19)
[info] ExternalForce::RightGRF Data source being set to squats_2_grf
[info] ExternalForce::LeftGRF Data source being set to squats_2_grf
[info] Storage: read data file = squats_2_grf.mot (nr=1676 nc=19)
[info] ExternalForce::RightGRF Data source being set to squats_2_grf
[info] ExternalForce::LeftGRF Data source being set to squats_2_grf
[info] Storage: read data file = squats_2_grf.mot (nr=1676 nc=19)
[info] ExternalForce::RightGRF Data source being set to squats_2_grf
[info] ExternalForce::LeftGRF Data source being set to squats_2_grf
[info] Storage: read data file = squats_2_grf.mot (nr=1676 nc=19)
[info] ExternalForce::RightGRF Data source being set to squats_2_grf
[info] ExternalForce::LeftGRF Data source being set to squats_2_grf
[info] Storage: read data file = squats_2_grf.mot (nr=1676 nc=19)
[info] ExternalForce::RightGRF Data source being set to squats_2_grf
[info] ExternalForce::LeftGRF Data source being set to squats_2_grf
[info] Storage: read data file = squats_2_grf.mot (nr=1676 nc=19)
[info] ExternalForce::RightGRF Data source being set to squats_2_grf
[info] ExternalForce::LeftGRF Data source being set to squats_2_grf
[info] Storage: read data file = squats_2_grf.mot (nr=1676 nc=19)
[info] ExternalForce::RightGRF Data source being set to squats_2_grf
[info] ExternalForce::LeftGRF Data source being set to squats_2_grf
[info] Storage: read data file = squats_2_grf.mot (nr=1676 nc=19)
[info] ExternalForce::RightGRF Data source being set to squats_2_grf
[info] ExternalForce::LeftGRF Data source being set to squats_2_grf
[info] Storage: read data file = squats_2_grf.mot (nr=1676 nc=19)
[info] ExternalForce::RightGRF Data source being set to squats_2_grf
[info] ExternalForce::LeftGRF Data source being set to squats_2_grf
[info] Storage: read data file = squats_2_grf.mot (nr=1676 nc=19)
[info] ExternalForce::RightGRF Data source being set to squats_2_grf
[info] ExternalForce::LeftGRF Data source being set to squats_2_grf
[info] Storage: read data file = squats_2_grf.mot (nr=1676 nc=19)
[info] ExternalForce::RightGRF Data source being set to squats_2_grf
[info] ExternalForce::LeftGRF Data source being set to squats_2_grf
[info] Storage: read data file = squats_2_grf.mot (nr=1676 nc=19)
[info] ExternalForce::RightGRF Data source being set to squats_2_grf
[info] ExternalForce::LeftGRF Data source being set to squats_2_grf
[info] Storage: read data file = squats_2_grf.mot (nr=1676 nc=19)
[info] ExternalForce::RightGRF Data source being set to squats_2_grf
[info] ExternalForce::LeftGRF Data source being set to squats_2_grf
[info] Storage: read data file = squats_2_grf.mot (nr=1676 nc=19)
[info] ExternalForce::RightGRF Data source being set to squats_2_grf
[info] ExternalForce::LeftGRF Data source being set to squats_2_grf
[info] Storage: read data file = squats_2_grf.mot (nr=1676 nc=19)
[info] ExternalForce::RightGRF Data source being set to squats_2_grf
[info] ExternalForce::LeftGRF Data source being set to squats_2_grf
[info] Storage: read data file = squats_2_grf.mot (nr=1676 nc=19)
[info] ExternalForce::RightGRF Data source being set to squats_2_grf
[info] ExternalForce::LeftGRF Data source being set to squats_2_grf
[info] Storage: read data file = squats_2_grf.mot (nr=1676 nc=19)
[info] ExternalForce::RightGRF Data source being set to squats_2_grf
[info] ExternalForce::LeftGRF Data source being set to squats_2_grf
[info] Storage: read data file = squats_2_grf.mot (nr=1676 nc=19)
[info] ExternalForce::RightGRF Data source being set to squats_2_grf
[info] ExternalForce::LeftGRF Data source being set to squats_2_grf
[info] Storage: read data file = squats_2_grf.mot (nr=1676 nc=19)
[info] ExternalForce::RightGRF Data source being set to squats_2_grf
[info] ExternalForce::LeftGRF Data source being set to squats_2_grf
[info] Storage: read data file = squats_2_grf.mot (nr=1676 nc=19)
[info] ExternalForce::RightGRF Data source being set to squats_2_grf
[info] ExternalForce::LeftGRF Data source being set to squats_2_grf
[info] Storage: read data file = squats_2_grf.mot (nr=1676 nc=19)
[info] ExternalForce::RightGRF Data source being set to squats_2_grf
[info] ExternalForce::LeftGRF Data source being set to squats_2_grf
[info] Storage: read data file = squats_2_grf.mot (nr=1676 nc=19)
[info] ExternalForce::RightGRF Data source being set to squats_2_grf
[info] ExternalForce::LeftGRF Data source being set to squats_2_grf
[info] Storage: read data file = squats_2_grf.mot (nr=1676 nc=19)
[info] ExternalForce::RightGRF Data source being set to squats_2_grf
[info] ExternalForce::LeftGRF Data source being set to squats_2_grf
[info] Storage: read data file = squats_2_grf.mot (nr=1676 nc=19)
[info] ExternalForce::RightGRF Data source being set to squats_2_grf
[info] ExternalForce::LeftGRF Data source being set to squats_2_grf
[info] Storage: read data file = squats_2_grf.mot (nr=1676 nc=19)
[info] ExternalForce::RightGRF Data source being set to squats_2_grf
[info] ExternalForce::LeftGRF Data source being set to squats_2_grf
[info] Storage: read data file = squats_2_grf.mot (nr=1676 nc=19)
[info] ExternalForce::RightGRF Data source being set to squats_2_grf
[info] ExternalForce::LeftGRF Data source being set to squats_2_grf
[info] Storage: read data file = squats_2_grf.mot (nr=1676 nc=19)
[info] ExternalForce::RightGRF Data source being set to squats_2_grf
[info] ExternalForce::LeftGRF Data source being set to squats_2_grf
[info] Storage: read data file = squats_2_grf.mot (nr=1676 nc=19)
[info] ExternalForce::RightGRF Data source being set to squats_2_grf
[info] ExternalForce::LeftGRF Data source being set to squats_2_grf
[info] Storage: read data file = squats_2_grf.mot (nr=1676 nc=19)
[info] ExternalForce::RightGRF Data source being set to squats_2_grf
[info] ExternalForce::LeftGRF Data source being set to squats_2_grf
[info] Storage: read data file = squats_2_grf.mot (nr=1676 nc=19)
[info] ExternalForce::RightGRF Data source being set to squats_2_grf
[info] ExternalForce::LeftGRF Data source being set to squats_2_grf
[info] Storage: read data file = squats_2_grf.mot (nr=1676 nc=19)
[info] ExternalForce::RightGRF Data source being set to squats_2_grf
[info] ExternalForce::LeftGRF Data source being set to squats_2_grf
[info] Storage: read data file = squats_2_grf.mot (nr=1676 nc=19)
[info] ExternalForce::RightGRF Data source being set to squats_2_grf
[info] ExternalForce::LeftGRF Data source being set to squats_2_grf
[info] Storage: read data file = squats_2_grf.mot (nr=1676 nc=19)
[info] ExternalForce::RightGRF Data source being set to squats_2_grf
[info] ExternalForce::LeftGRF Data source being set to squats_2_grf
[info] Storage: read data file = squats_2_grf.mot (nr=1676 nc=19)
[info] ExternalForce::RightGRF Data source being set to squats_2_grf
[info] ExternalForce::LeftGRF Data source being set to squats_2_grf
[info] Storage: read data file = squats_2_grf.mot (nr=1676 nc=19)
[info] ExternalForce::RightGRF Data source being set to squats_2_grf
[info] ExternalForce::LeftGRF Data source being set to squats_2_grf
[info] Storage: read data file = squats_2_grf.mot (nr=1676 nc=19)
[info] ExternalForce::RightGRF Data source being set to squats_2_grf
[info] ExternalForce::LeftGRF Data source being set to squats_2_grf
[info] Storage: read data file = squats_2_grf.mot (nr=1676 nc=19)
[info] ExternalForce::RightGRF Data source being set to squats_2_grf
[info] ExternalForce::LeftGRF Data source being set to squats_2_grf
[info] Storage: read data file = squats_2_grf.mot (nr=1676 nc=19)
[info] ExternalForce::RightGRF Data source being set to squats_2_grf
[info] ExternalForce::LeftGRF Data source being set to squats_2_grf
[info] Storage: read data file = squats_2_grf.mot (nr=1676 nc=19)
[info] ExternalForce::RightGRF Data source being set to squats_2_grf
[info] ExternalForce::LeftGRF Data source being set to squats_2_grf
[info] Storage: read data file = squats_2_grf.mot (nr=1676 nc=19)
[info] ExternalForce::RightGRF Data source being set to squats_2_grf
[info] ExternalForce::LeftGRF Data source being set to squats_2_grf
[info] Storage: read data file = squats_2_grf.mot (nr=1676 nc=19)
[info] ExternalForce::RightGRF Data source being set to squats_2_grf
[info] ExternalForce::LeftGRF Data source being set to squats_2_grf
[info] Storage: read data file = squats_2_grf.mot (nr=1676 nc=19)
[info] ExternalForce::RightGRF Data source being set to squats_2_grf
[info] ExternalForce::LeftGRF Data source being set to squats_2_grf
[info] Storage: read data file = squats_2_grf.mot (nr=1676 nc=19)
[info] ExternalForce::RightGRF Data source being set to squats_2_grf
[info] ExternalForce::LeftGRF Data source being set to squats_2_grf
[info] Storage: read data file = squats_2_grf.mot (nr=1676 nc=19)
[info] ExternalForce::RightGRF Data source being set to squats_2_grf
[info] ExternalForce::LeftGRF Data source being set to squats_2_grf
[info] Storage: read data file = squats_2_grf.mot (nr=1676 nc=19)
[info] ExternalForce::RightGRF Data source being set to squats_2_grf
[info] ExternalForce::LeftGRF Data source being set to squats_2_grf
[info] Storage: read data file = squats_2_grf.mot (nr=1676 nc=19)
[info] ExternalForce::RightGRF Data source being set to squats_2_grf
[info] ExternalForce::LeftGRF Data source being set to squats_2_grf
[info] Storage: read data file = squats_2_grf.mot (nr=1676 nc=19)
[info] ExternalForce::RightGRF Data source being set to squats_2_grf
[info] ExternalForce::LeftGRF Data source being set to squats_2_grf
[info] Storage: read data file = squats_2_grf.mot (nr=1676 nc=19)
[info] ExternalForce::RightGRF Data source being set to squats_2_grf
[info] ExternalForce::LeftGRF Data source being set to squats_2_grf
[info] Storage: read data file = squats_2_grf.mot (nr=1676 nc=19)
[info] ExternalForce::RightGRF Data source being set to squats_2_grf
[info] ExternalForce::LeftGRF Data source being set to squats_2_grf
[info] Storage: read data file = squats_2_grf.mot (nr=1676 nc=19)
[info] ExternalForce::RightGRF Data source being set to squats_2_grf
[info] ExternalForce::LeftGRF Data source being set to squats_2_grf
[info] Storage: read data file = squats_2_grf.mot (nr=1676 nc=19)
[info] ExternalForce::RightGRF Data source being set to squats_2_grf
[info] ExternalForce::LeftGRF Data source being set to squats_2_grf
[info] Storage: read data file = squats_2_grf.mot (nr=1676 nc=19)
[info] ExternalForce::RightGRF Data source being set to squats_2_grf
[info] ExternalForce::LeftGRF Data source being set to squats_2_grf
[info] Storage: read data file = squats_2_grf.mot (nr=1676 nc=19)
[info] ExternalForce::RightGRF Data source being set to squats_2_grf
[info] ExternalForce::LeftGRF Data source being set to squats_2_grf
[info] Storage: read data file = squats_2_grf.mot (nr=1676 nc=19)
[info] ExternalForce::RightGRF Data source being set to squats_2_grf
[info] ExternalForce::LeftGRF Data source being set to squats_2_grf
[info] Storage: read data file = squats_2_grf.mot (nr=1676 nc=19)
[info] ExternalForce::RightGRF Data source being set to squats_2_grf
[info] ExternalForce::LeftGRF Data source being set to squats_2_grf
[info] Storage: read data file = squats_2_grf.mot (nr=1676 nc=19)
[info] ExternalForce::RightGRF Data source being set to squats_2_grf
[info] ExternalForce::LeftGRF Data source being set to squats_2_grf
[info] Storage: read data file = squats_2_grf.mot (nr=1676 nc=19)
[info] ExternalForce::RightGRF Data source being set to squats_2_grf
[info] ExternalForce::LeftGRF Data source being set to squats_2_grf
[info] Storage: read data file = squats_2_grf.mot (nr=1676 nc=19)
[info] ExternalForce::RightGRF Data source being set to squats_2_grf
[info] ExternalForce::LeftGRF Data source being set to squats_2_grf
[info] Storage: read data file = squats_2_grf.mot (nr=1676 nc=19)
[info] ExternalForce::RightGRF Data source being set to squats_2_grf
[info] ExternalForce::LeftGRF Data source being set to squats_2_grf
[info] Storage: read data file = squats_2_grf.mot (nr=1676 nc=19)
[info] ExternalForce::RightGRF Data source being set to squats_2_grf
[info] ExternalForce::LeftGRF Data source being set to squats_2_grf
[info] Storage: read data file = squats_2_grf.mot (nr=1676 nc=19)
[info] ExternalForce::RightGRF Data source being set to squats_2_grf
[info] ExternalForce::LeftGRF Data source being set to squats_2_grf
[info] Storage: read data file = squats_2_grf.mot (nr=1676 nc=19)
[info] ExternalForce::RightGRF Data source being set to squats_2_grf
[info] ExternalForce::LeftGRF Data source being set to squats_2_grf
[info] Storage: read data file = squats_2_grf.mot (nr=1676 nc=19)
[info] ExternalForce::RightGRF Data source being set to squats_2_grf
[info] ExternalForce::LeftGRF Data source being set to squats_2_grf
[info] Storage: read data file = squats_2_grf.mot (nr=1676 nc=19)
[info] ExternalForce::RightGRF Data source being set to squats_2_grf
[info] ExternalForce::LeftGRF Data source being set to squats_2_grf
[info] Storage: read data file = squats_2_grf.mot (nr=1676 nc=19)
[info] ExternalForce::RightGRF Data source being set to squats_2_grf
[info] ExternalForce::LeftGRF Data source being set to squats_2_grf
[info] Storage: read data file = squats_2_grf.mot (nr=1676 nc=19)
[info] ExternalForce::RightGRF Data source being set to squats_2_grf
[info] ExternalForce::LeftGRF Data source being set to squats_2_grf
[info] Storage: read data file = squats_2_grf.mot (nr=1676 nc=19)
[info] ExternalForce::RightGRF Data source being set to squats_2_grf
[info] ExternalForce::LeftGRF Data source being set to squats_2_grf
[info] Storage: read data file = squats_2_grf.mot (nr=1676 nc=19)
[info] ExternalForce::RightGRF Data source being set to squats_2_grf
[info] ExternalForce::LeftGRF Data source being set to squats_2_grf
[info] Storage: read data file = squats_2_grf.mot (nr=1676 nc=19)
[info] ExternalForce::RightGRF Data source being set to squats_2_grf
[info] ExternalForce::LeftGRF Data source being set to squats_2_grf
[info] Storage: read data file = squats_2_grf.mot (nr=1676 nc=19)
[info] ExternalForce::RightGRF Data source being set to squats_2_grf
[info] ExternalForce::LeftGRF Data source being set to squats_2_grf
[info] Storage: read data file = squats_2_grf.mot (nr=1676 nc=19)
[info] ExternalForce::RightGRF Data source being set to squats_2_grf
[info] ExternalForce::LeftGRF Data source being set to squats_2_grf
[info] Storage: read data file = squats_2_grf.mot (nr=1676 nc=19)
[info] ExternalForce::RightGRF Data source being set to squats_2_grf
[info] ExternalForce::LeftGRF Data source being set to squats_2_grf
[info] Storage: read data file = squats_2_grf.mot (nr=1676 nc=19)
[info] ExternalForce::RightGRF Data source being set to squats_2_grf
[info] ExternalForce::LeftGRF Data source being set to squats_2_grf
[info] Storage: read data file = squats_2_grf.mot (nr=1676 nc=19)
[info] ExternalForce::RightGRF Data source being set to squats_2_grf
[info] ExternalForce::LeftGRF Data source being set to squats_2_grf
[info] Storage: read data file = squats_2_grf.mot (nr=1676 nc=19)
[info] ExternalForce::RightGRF Data source being set to squats_2_grf
[info] ExternalForce::LeftGRF Data source being set to squats_2_grf
[info] Storage: read data file = squats_2_grf.mot (nr=1676 nc=19)
[info] ExternalForce::RightGRF Data source being set to squats_2_grf
[info] ExternalForce::LeftGRF Data source being set to squats_2_grf
[info] Storage: read data file = squats_2_grf.mot (nr=1676 nc=19)
[info] ExternalForce::RightGRF Data source being set to squats_2_grf
[info] ExternalForce::LeftGRF Data source being set to squats_2_grf
[info] Storage: read data file = squats_2_grf.mot (nr=1676 nc=19)
[info] ExternalForce::RightGRF Data source being set to squats_2_grf
[info] ExternalForce::LeftGRF Data source being set to squats_2_grf
[info] Storage: read data file = squats_2_grf.mot (nr=1676 nc=19)
[info] ExternalForce::RightGRF Data source being set to squats_2_grf
[info] ExternalForce::LeftGRF Data source being set to squats_2_grf
[info] Storage: read data file = squats_2_grf.mot (nr=1676 nc=19)
[info] ExternalForce::RightGRF Data source being set to squats_2_grf
[info] ExternalForce::LeftGRF Data source being set to squats_2_grf
[info] Storage: read data file = squats_2_grf.mot (nr=1676 nc=19)
[info] ExternalForce::RightGRF Data source being set to squats_2_grf
[info] ExternalForce::LeftGRF Data source being set to squats_2_grf
[info] Storage: read data file = squats_2_grf.mot (nr=1676 nc=19)
[info] ExternalForce::RightGRF Data source being set to squats_2_grf
[info] ExternalForce::LeftGRF Data source being set to squats_2_grf
[info] Storage: read data file = squats_2_grf.mot (nr=1676 nc=19)
[info] ExternalForce::RightGRF Data source being set to squats_2_grf
[info] ExternalForce::LeftGRF Data source being set to squats_2_grf
[info] Storage: read data file = squats_2_grf.mot (nr=1676 nc=19)
[info] ExternalForce::RightGRF Data source being set to squats_2_grf
[info] ExternalForce::LeftGRF Data source being set to squats_2_grf
[info] Storage: read data file = squats_2_grf.mot (nr=1676 nc=19)
[info] ExternalForce::RightGRF Data source being set to squats_2_grf
[info] ExternalForce::LeftGRF Data source being set to squats_2_grf
[info] Storage: read data file = squats_2_grf.mot (nr=1676 nc=19)
[info] ExternalForce::RightGRF Data source being set to squats_2_grf
[info] ExternalForce::LeftGRF Data source being set to squats_2_grf
[info] Storage: read data file = squats_2_grf.mot (nr=1676 nc=19)
[info] ExternalForce::RightGRF Data source being set to squats_2_grf
[info] ExternalForce::LeftGRF Data source being set to squats_2_grf
[info] Storage: read data file = squats_2_grf.mot (nr=1676 nc=19)
[info] ExternalForce::RightGRF Data source being set to squats_2_grf
[info] ExternalForce::LeftGRF Data source being set to squats_2_grf
[info] Storage: read data file = squats_2_grf.mot (nr=1676 nc=19)
[info] ExternalForce::RightGRF Data source being set to squats_2_grf
[info] ExternalForce::LeftGRF Data source being set to squats_2_grf
[info] Storage: read data file = squats_2_grf.mot (nr=1676 nc=19)
[info] ExternalForce::RightGRF Data source being set to squats_2_grf
[info] ExternalForce::LeftGRF Data source being set to squats_2_grf
[info] Storage: read data file = squats_2_grf.mot (nr=1676 nc=19)
[info] ExternalForce::RightGRF Data source being set to squats_2_grf
[info] ExternalForce::LeftGRF Data source being set to squats_2_grf
[info] Storage: read data file = squats_2_grf.mot (nr=1676 nc=19)
[info] ExternalForce::RightGRF Data source being set to squats_2_grf
[info] ExternalForce::LeftGRF Data source being set to squats_2_grf
[info] Storage: read data file = squats_2_grf.mot (nr=1676 nc=19)
[info] ExternalForce::RightGRF Data source being set to squats_2_grf
[info] ExternalForce::LeftGRF Data source being set to squats_2_grf
[info] Storage: read data file = squats_2_grf.mot (nr=1676 nc=19)
[info] ExternalForce::RightGRF Data source being set to squats_2_grf
[info] ExternalForce::LeftGRF Data source being set to squats_2_grf
[info] Storage: read data file = squats_2_grf.mot (nr=1676 nc=19)
[info] ExternalForce::RightGRF Data source being set to squats_2_grf
[info] ExternalForce::LeftGRF Data source being set to squats_2_grf
[info] Storage: read data file = squats_2_grf.mot (nr=1676 nc=19)
[info] ExternalForce::RightGRF Data source being set to squats_2_grf
[info] ExternalForce::LeftGRF Data source being set to squats_2_grf
[info] Storage: read data file = squats_2_grf.mot (nr=1676 nc=19)
[info] ExternalForce::RightGRF Data source being set to squats_2_grf
[info] ExternalForce::LeftGRF Data source being set to squats_2_grf
[info] Storage: read data file = squats_2_grf.mot (nr=1676 nc=19)
[info] ExternalForce::RightGRF Data source being set to squats_2_grf
[info] ExternalForce::LeftGRF Data source being set to squats_2_grf
[info] Storage: read data file = squats_2_grf.mot (nr=1676 nc=19)
[info] ExternalForce::RightGRF Data source being set to squats_2_grf
[info] ExternalForce::LeftGRF Data source being set to squats_2_grf
[info] Storage: read data file = squats_2_grf.mot (nr=1676 nc=19)
[info] ExternalForce::RightGRF Data source being set to squats_2_grf
[info] ExternalForce::LeftGRF Data source being set to squats_2_grf
[info] Storage: read data file = squats_2_grf.mot (nr=1676 nc=19)
[info] ExternalForce::RightGRF Data source being set to squats_2_grf
[info] ExternalForce::LeftGRF Data source being set to squats_2_grf
[info] Storage: read data file = squats_2_grf.mot (nr=1676 nc=19)
[info] ExternalForce::RightGRF Data source being set to squats_2_grf
[info] ExternalForce::LeftGRF Data source being set to squats_2_grf
[info] Storage: read data file = squats_2_grf.mot (nr=1676 nc=19)
[info] ExternalForce::RightGRF Data source being set to squats_2_grf
[info] ExternalForce::LeftGRF Data source being set to squats_2_grf
[info] Storage: read data file = squats_2_grf.mot (nr=1676 nc=19)
[info] ExternalForce::RightGRF Data source being set to squats_2_grf
[info] ExternalForce::LeftGRF Data source being set to squats_2_grf
[info] Storage: read data file = squats_2_grf.mot (nr=1676 nc=19)
[info] ExternalForce::RightGRF Data source being set to squats_2_grf
[info] ExternalForce::LeftGRF Data source being set to squats_2_grf
[info] Storage: read data file = squats_2_grf.mot (nr=1676 nc=19)
[info] ExternalForce::RightGRF Data source being set to squats_2_grf
[info] ExternalForce::LeftGRF Data source being set to squats_2_grf
[info] Storage: read data file = squats_2_grf.mot (nr=1676 nc=19)
[info] ExternalForce::RightGRF Data source being set to squats_2_grf
[info] ExternalForce::LeftGRF Data source being set to squats_2_grf
[info] Storage: read data file = squats_2_grf.mot (nr=1676 nc=19)
[info] ExternalForce::RightGRF Data source being set to squats_2_grf
[info] ExternalForce::LeftGRF Data source being set to squats_2_grf
[info] Storage: read data file = squats_2_grf.mot (nr=1676 nc=19)
[info] ExternalForce::RightGRF Data source being set to squats_2_grf
[info] ExternalForce::LeftGRF Data source being set to squats_2_grf
[info] Storage: read data file = squats_2_grf.mot (nr=1676 nc=19)
[info] ExternalForce::RightGRF Data source being set to squats_2_grf
[info] ExternalForce::LeftGRF Data source being set to squats_2_grf
[info] Storage: read data file = squats_2_grf.mot (nr=1676 nc=19)
[info] ExternalForce::RightGRF Data source being set to squats_2_grf
[info] ExternalForce::LeftGRF Data source being set to squats_2_grf
[info] Storage: read data file = squats_2_grf.mot (nr=1676 nc=19)
[info] ExternalForce::RightGRF Data source being set to squats_2_grf
[info] ExternalForce::LeftGRF Data source being set to squats_2_grf
[info] Storage: read data file = squats_2_grf.mot (nr=1676 nc=19)
[info] ExternalForce::RightGRF Data source being set to squats_2_grf
[info] ExternalForce::LeftGRF Data source being set to squats_2_grf
[info] Storage: read data file = squats_2_grf.mot (nr=1676 nc=19)
[info] ExternalForce::RightGRF Data source being set to squats_2_grf
[info] ExternalForce::LeftGRF Data source being set to squats_2_grf
[info] Storage: read data file = squats_2_grf.mot (nr=1676 nc=19)
[info] ExternalForce::RightGRF Data source being set to squats_2_grf
[info] ExternalForce::LeftGRF Data source being set to squats_2_grf
[info] Storage: read data file = squats_2_grf.mot (nr=1676 nc=19)
[info] ExternalForce::RightGRF Data source being set to squats_2_grf
[info] ExternalForce::LeftGRF Data source being set to squats_2_grf
[info] Storage: read data file = squats_2_grf.mot (nr=1676 nc=19)
[info] ExternalForce::RightGRF Data source being set to squats_2_grf
[info] ExternalForce::LeftGRF Data source being set to squats_2_grf
[info] Storage: read data file = squats_2_grf.mot (nr=1676 nc=19)
[info] ExternalForce::RightGRF Data source being set to squats_2_grf
[info] ExternalForce::LeftGRF Data source being set to squats_2_grf
[info] Storage: read data file = squats_2_grf.mot (nr=1676 nc=19)
[info] ExternalForce::RightGRF Data source being set to squats_2_grf
[info] ExternalForce::LeftGRF Data source being set to squats_2_grf
[info] Storage: read data file = squats_2_grf.mot (nr=1676 nc=19)
[info] ExternalForce::RightGRF Data source being set to squats_2_grf
[info] ExternalForce::LeftGRF Data source being set to squats_2_grf
[info] Storage: read data file = squats_2_grf.mot (nr=1676 nc=19)
[info] ExternalForce::RightGRF Data source being set to squats_2_grf
[info] ExternalForce::LeftGRF Data source being set to squats_2_grf
[info] Storage: read data file = squats_2_grf.mot (nr=1676 nc=19)
[info] ExternalForce::RightGRF Data source being set to squats_2_grf
[info] ExternalForce::LeftGRF Data source being set to squats_2_grf
[info] Storage: read data file = squats_2_grf.mot (nr=1676 nc=19)
[info] ExternalForce::RightGRF Data source being set to squats_2_grf
[info] ExternalForce::LeftGRF Data source being set to squats_2_grf
[info] Storage: read data file = squats_2_grf.mot (nr=1676 nc=19)
[info] ExternalForce::RightGRF Data source being set to squats_2_grf
[info] ExternalForce::LeftGRF Data source being set to squats_2_grf
[info] Storage: read data file = squats_2_grf.mot (nr=1676 nc=19)
[info] ExternalForce::RightGRF Data source being set to squats_2_grf
[info] ExternalForce::LeftGRF Data source being set to squats_2_grf
[info] Storage: read data file = squats_2_grf.mot (nr=1676 nc=19)
[info] ExternalForce::RightGRF Data source being set to squats_2_grf
[info] ExternalForce::LeftGRF Data source being set to squats_2_grf
[info] Storage: read data file = squats_2_grf.mot (nr=1676 nc=19)
[info] ExternalForce::RightGRF Data source being set to squats_2_grf
[info] ExternalForce::LeftGRF Data source being set to squats_2_grf
[info] Storage: read data file = squats_2_grf.mot (nr=1676 nc=19)
[info] ExternalForce::RightGRF Data source being set to squats_2_grf
[info] ExternalForce::LeftGRF Data source being set to squats_2_grf
[info] Storage: read data file = squats_2_grf.mot (nr=1676 nc=19)
[info] ExternalForce::RightGRF Data source being set to squats_2_grf
[info] ExternalForce::LeftGRF Data source being set to squats_2_grf
[info] Storage: read data file = squats_2_grf.mot (nr=1676 nc=19)
[info] ExternalForce::RightGRF Data source being set to squats_2_grf
[info] ExternalForce::LeftGRF Data source being set to squats_2_grf
[info] Storage: read data file = squats_2_grf.mot (nr=1676 nc=19)
[info] ExternalForce::RightGRF Data source being set to squats_2_grf
[info] ExternalForce::LeftGRF Data source being set to squats_2_grf
[info] Storage: read data file = squats_2_grf.mot (nr=1676 nc=19)
[info] ExternalForce::RightGRF Data source being set to squats_2_grf
[info] ExternalForce::LeftGRF Data source being set to squats_2_grf
[info] Storage: read data file = squats_2_grf.mot (nr=1676 nc=19)
[info] ExternalForce::RightGRF Data source being set to squats_2_grf
[info] ExternalForce::LeftGRF Data source being set to squats_2_grf
[info] Storage: read data file = squats_2_grf.mot (nr=1676 nc=19)
[info] ExternalForce::RightGRF Data source being set to squats_2_grf
[info] ExternalForce::LeftGRF Data source being set to squats_2_grf
[info] Storage: read data file = squats_2_grf.mot (nr=1676 nc=19)
[info] ExternalForce::RightGRF Data source being set to squats_2_grf
[info] ExternalForce::LeftGRF Data source being set to squats_2_grf
[info] Storage: read data file = squats_2_grf.mot (nr=1676 nc=19)
[info] ExternalForce::RightGRF Data source being set to squats_2_grf
[info] ExternalForce::LeftGRF Data source being set to squats_2_grf
[info] Storage: read data file = squats_2_grf.mot (nr=1676 nc=19)
[info] ExternalForce::RightGRF Data source being set to squats_2_grf
[info] ExternalForce::LeftGRF Data source being set to squats_2_grf
[info] Storage: read data file = squats_2_grf.mot (nr=1676 nc=19)
[info] ExternalForce::RightGRF Data source being set to squats_2_grf
[info] ExternalForce::LeftGRF Data source being set to squats_2_grf
[info] Storage: read data file = squats_2_grf.mot (nr=1676 nc=19)
[info] ExternalForce::RightGRF Data source being set to squats_2_grf
[info] ExternalForce::LeftGRF Data source being set to squats_2_grf
[info] Storage: read data file = squats_2_grf.mot (nr=1676 nc=19)
[info] ExternalForce::RightGRF Data source being set to squats_2_grf
[info] ExternalForce::LeftGRF Data source being set to squats_2_grf
[info] Storage: read data file = squats_2_grf.mot (nr=1676 nc=19)
[info] ExternalForce::RightGRF Data source being set to squats_2_grf
[info] ExternalForce::LeftGRF Data source being set to squats_2_grf
[info] Storage: read data file = squats_2_grf.mot (nr=1676 nc=19)
[info] ExternalForce::RightGRF Data source being set to squats_2_grf
[info] ExternalForce::LeftGRF Data source being set to squats_2_grf
[info] Storage: read data file = squats_2_grf.mot (nr=1676 nc=19)
[info] ExternalForce::RightGRF Data source being set to squats_2_grf
[info] ExternalForce::LeftGRF Data source being set to squats_2_grf
[info] Storage: read data file = squats_2_grf.mot (nr=1676 nc=19)
[info] ExternalForce::RightGRF Data source being set to squats_2_grf
[info] ExternalForce::LeftGRF Data source being set to squats_2_grf
[info] Storage: read data file = squats_2_grf.mot (nr=1676 nc=19)
[info] ExternalForce::RightGRF Data source being set to squats_2_grf
[info] ExternalForce::LeftGRF Data source being set to squats_2_grf
[info] Storage: read data file = squats_2_grf.mot (nr=1676 nc=19)
[info] ExternalForce::RightGRF Data source being set to squats_2_grf
[info] ExternalForce::LeftGRF Data source being set to squats_2_grf
[info] Storage: read data file = squats_2_grf.mot (nr=1676 nc=19)
[info] ExternalForce::RightGRF Data source being set to squats_2_grf
[info] ExternalForce::LeftGRF Data source being set to squats_2_grf
[info] Storage: read data file = squats_2_grf.mot (nr=1676 nc=19)
[info] ExternalForce::RightGRF Data source being set to squats_2_grf
[info] ExternalForce::LeftGRF Data source being set to squats_2_grf
[info] Storage: read data file = squats_2_grf.mot (nr=1676 nc=19)
[info] ExternalForce::RightGRF Data source being set to squats_2_grf
[info] ExternalForce::LeftGRF Data source being set to squats_2_grf
[info] Storage: read data file = squats_2_grf.mot (nr=1676 nc=19)
[info] ExternalForce::RightGRF Data source being set to squats_2_grf
[info] ExternalForce::LeftGRF Data source being set to squats_2_grf
[info] Storage: read data file = squats_2_grf.mot (nr=1676 nc=19)
[info] ExternalForce::RightGRF Data source being set to squats_2_grf
[info] ExternalForce::LeftGRF Data source being set to squats_2_grf
[info] Storage: read data file = squats_2_grf.mot (nr=1676 nc=19)
[info] ExternalForce::RightGRF Data source being set to squats_2_grf
[info] ExternalForce::LeftGRF Data source being set to squats_2_grf
[info] Storage: read data file = squats_2_grf.mot (nr=1676 nc=19)
[info] ExternalForce::RightGRF Data source being set to squats_2_grf
[info] ExternalForce::LeftGRF Data source being set to squats_2_grf
[info] Storage: read data file = squats_2_grf.mot (nr=1676 nc=19)
[info] ExternalForce::RightGRF Data source being set to squats_2_grf
[info] ExternalForce::LeftGRF Data source being set to squats_2_grf
[info] Storage: read data file = squats_2_grf.mot (nr=1676 nc=19)
[info] ExternalForce::RightGRF Data source being set to squats_2_grf
[info] ExternalForce::LeftGRF Data source being set to squats_2_grf
[info] Storage: read data file = squats_2_grf.mot (nr=1676 nc=19)
[info] ExternalForce::RightGRF Data source being set to squats_2_grf
[info] ExternalForce::LeftGRF Data source being set to squats_2_grf
[info] Storage: read data file = squats_2_grf.mot (nr=1676 nc=19)
[info] ExternalForce::RightGRF Data source being set to squats_2_grf
[info] ExternalForce::LeftGRF Data source being set to squats_2_grf
[info] Storage: read data file = squats_2_grf.mot (nr=1676 nc=19)
[info] ExternalForce::RightGRF Data source being set to squats_2_grf
[info] ExternalForce::LeftGRF Data source being set to squats_2_grf
[info] Storage: read data file = squats_2_grf.mot (nr=1676 nc=19)
[info] ExternalForce::RightGRF Data source being set to squats_2_grf
[info] ExternalForce::LeftGRF Data source being set to squats_2_grf
[info] Storage: read data file = squats_2_grf.mot (nr=1676 nc=19)
[info] ExternalForce::RightGRF Data source being set to squats_2_grf
[info] ExternalForce::LeftGRF Data source being set to squats_2_grf
[info] Storage: read data file = squats_2_grf.mot (nr=1676 nc=19)
[info] ExternalForce::RightGRF Data source being set to squats_2_grf
[info] ExternalForce::LeftGRF Data source being set to squats_2_grf
[info] Storage: read data file = squats_2_grf.mot (nr=1676 nc=19)
[info] ExternalForce::RightGRF Data source being set to squats_2_grf
[info] ExternalForce::LeftGRF Data source being set to squats_2_grf
[info] Storage: read data file = squats_2_grf.mot (nr=1676 nc=19)
[info] ExternalForce::RightGRF Data source being set to squats_2_grf
[info] ExternalForce::LeftGRF Data source being set to squats_2_grf
[info] Storage: read data file = squats_2_grf.mot (nr=1676 nc=19)
[info] ExternalForce::RightGRF Data source being set to squats_2_grf
[info] ExternalForce::LeftGRF Data source being set to squats_2_grf
[info] Storage: read data file = squats_2_grf.mot (nr=1676 nc=19)
[info] ExternalForce::RightGRF Data source being set to squats_2_grf
[info] ExternalForce::LeftGRF Data source being set to squats_2_grf
[info] Storage: read data file = squats_2_grf.mot (nr=1676 nc=19)
[info] ExternalForce::RightGRF Data source being set to squats_2_grf
[info] ExternalForce::LeftGRF Data source being set to squats_2_grf
[info] Storage: read data file = squats_2_grf.mot (nr=1676 nc=19)
[info] ExternalForce::RightGRF Data source being set to squats_2_grf
[info] ExternalForce::LeftGRF Data source being set to squats_2_grf
[info] Storage: read data file = squats_2_grf.mot (nr=1676 nc=19)
[info] ExternalForce::RightGRF Data source being set to squats_2_grf
[info] ExternalForce::LeftGRF Data source being set to squats_2_grf
[info] Storage: read data file = squats_2_grf.mot (nr=1676 nc=19)
[info] ExternalForce::RightGRF Data source being set to squats_2_grf
[info] ExternalForce::LeftGRF Data source being set to squats_2_grf
[info] Storage: read data file = squats_2_grf.mot (nr=1676 nc=19)
[info] ExternalForce::RightGRF Data source being set to squats_2_grf
[info] ExternalForce::LeftGRF Data source being set to squats_2_grf
[info] Storage: read data file = squats_2_grf.mot (nr=1676 nc=19)
[info] ExternalForce::RightGRF Data source being set to squats_2_grf
[info] ExternalForce::LeftGRF Data source being set to squats_2_grf
[info] Storage: read data file = squats_2_grf.mot (nr=1676 nc=19)
[info] ExternalForce::RightGRF Data source being set to squats_2_grf
[info] ExternalForce::LeftGRF Data source being set to squats_2_grf
[info] Storage: read data file = squats_2_grf.mot (nr=1676 nc=19)
[info] ExternalForce::RightGRF Data source being set to squats_2_grf
[info] ExternalForce::LeftGRF Data source being set to squats_2_grf
[info] Storage: read data file = squats_2_grf.mot (nr=1676 nc=19)
[info] ExternalForce::RightGRF Data source being set to squats_2_grf
[info] ExternalForce::LeftGRF Data source being set to squats_2_grf
[info] Storage: read data file = squats_2_grf.mot (nr=1676 nc=19)
[info] ExternalForce::RightGRF Data source being set to squats_2_grf
[info] ExternalForce::LeftGRF Data source being set to squats_2_grf
[info] Storage: read data file = squats_2_grf.mot (nr=1676 nc=19)
[info] ExternalForce::RightGRF Data source being set to squats_2_grf
[info] ExternalForce::LeftGRF Data source being set to squats_2_grf
[info] Storage: read data file = squats_2_grf.mot (nr=1676 nc=19)
[info] ExternalForce::RightGRF Data source being set to squats_2_grf
[info] ExternalForce::LeftGRF Data source being set to squats_2_grf
[info] Storage: read data file = squats_2_grf.mot (nr=1676 nc=19)
[info] ExternalForce::RightGRF Data source being set to squats_2_grf
[info] ExternalForce::LeftGRF Data source being set to squats_2_grf
[info] Storage: read data file = squats_2_grf.mot (nr=1676 nc=19)
[info] ExternalForce::RightGRF Data source being set to squats_2_grf
[info] ExternalForce::LeftGRF Data source being set to squats_2_grf
[info] Storage: read data file = squats_2_grf.mot (nr=1676 nc=19)
[info] ExternalForce::RightGRF Data source being set to squats_2_grf
[info] ExternalForce::LeftGRF Data source being set to squats_2_grf
[info] Storage: read data file = squats_2_grf.mot (nr=1676 nc=19)
[info] ExternalForce::RightGRF Data source being set to squats_2_grf
[info] ExternalForce::LeftGRF Data source being set to squats_2_grf
[info] Storage: read data file = squats_2_grf.mot (nr=1676 nc=19)
[info] ExternalForce::RightGRF Data source being set to squats_2_grf
[info] ExternalForce::LeftGRF Data source being set to squats_2_grf
[info] Storage: read data file = squats_2_grf.mot (nr=1676 nc=19)
[info] ExternalForce::RightGRF Data source being set to squats_2_grf
[info] ExternalForce::LeftGRF Data source being set to squats_2_grf
[info] Storage: read data file = squats_2_grf.mot (nr=1676 nc=19)
[info] ExternalForce::RightGRF Data source being set to squats_2_grf
[info] ExternalForce::LeftGRF Data source being set to squats_2_grf
[info] Storage: read data file = squats_2_grf.mot (nr=1676 nc=19)
[info] ExternalForce::RightGRF Data source being set to squats_2_grf
[info] ExternalForce::LeftGRF Data source being set to squats_2_grf
[info] Storage: read data file = squats_2_grf.mot (nr=1676 nc=19)
[info] ExternalForce::RightGRF Data source being set to squats_2_grf
[info] ExternalForce::LeftGRF Data source being set to squats_2_grf
[info] Storage: read data file = squats_2_grf.mot (nr=1676 nc=19)
[info] ExternalForce::RightGRF Data source being set to squats_2_grf
[info] ExternalForce::LeftGRF Data source being set to squats_2_grf
[info] Storage: read data file = squats_2_grf.mot (nr=1676 nc=19)
[info] ExternalForce::RightGRF Data source being set to squats_2_grf
[info] ExternalForce::LeftGRF Data source being set to squats_2_grf
[info] Storage: read data file = squats_2_grf.mot (nr=1676 nc=19)
[info] ExternalForce::RightGRF Data source being set to squats_2_grf
[info] ExternalForce::LeftGRF Data source being set to squats_2_grf
[info] Storage: read data file = squats_2_grf.mot (nr=1676 nc=19)
[info] ExternalForce::RightGRF Data source being set to squats_2_grf
[info] ExternalForce::LeftGRF Data source being set to squats_2_grf
[info] Storage: read data file = squats_2_grf.mot (nr=1676 nc=19)
[info] ExternalForce::RightGRF Data source being set to squats_2_grf
[info] ExternalForce::LeftGRF Data source being set to squats_2_grf
[info] Storage: read data file = squats_2_grf.mot (nr=1676 nc=19)
[info] ExternalForce::RightGRF Data source being set to squats_2_grf
[info] ExternalForce::LeftGRF Data source being set to squats_2_grf
[info] Storage: read data file = squats_2_grf.mot (nr=1676 nc=19)
[info] ExternalForce::RightGRF Data source being set to squats_2_grf
[info] ExternalForce::LeftGRF Data source being set to squats_2_grf
[info] Storage: read data file = squats_2_grf.mot (nr=1676 nc=19)
[info] ExternalForce::RightGRF Data source being set to squats_2_grf
[info] ExternalForce::LeftGRF Data source being set to squats_2_grf
[info] Storage: read data file = squats_2_grf.mot (nr=1676 nc=19)
[info] ExternalForce::RightGRF Data source being set to squats_2_grf
[info] ExternalForce::LeftGRF Data source being set to squats_2_grf
[info] Storage: read data file = squats_2_grf.mot (nr=1676 nc=19)
[info] ExternalForce::RightGRF Data source being set to squats_2_grf
[info] ExternalForce::LeftGRF Data source being set to squats_2_grf
[info] Storage: read data file = squats_2_grf.mot (nr=1676 nc=19)
[info] ExternalForce::RightGRF Data source being set to squats_2_grf
[info] ExternalForce::LeftGRF Data source being set to squats_2_grf
[info] Storage: read data file = squats_2_grf.mot (nr=1676 nc=19)
[info] ExternalForce::RightGRF Data source being set to squats_2_grf
[info] ExternalForce::LeftGRF Data source being set to squats_2_grf
[info] Storage: read data file = squats_2_grf.mot (nr=1676 nc=19)
[info] ExternalForce::RightGRF Data source being set to squats_2_grf
[info] ExternalForce::LeftGRF Data source being set to squats_2_grf
[info] Storage: read data file = squats_2_grf.mot (nr=1676 nc=19)
[info] ExternalForce::RightGRF Data source being set to squats_2_grf
[info] ExternalForce::LeftGRF Data source being set to squats_2_grf
[info] Storage: read data file = squats_2_grf.mot (nr=1676 nc=19)
[info] ExternalForce::RightGRF Data source being set to squats_2_grf
[info] ExternalForce::LeftGRF Data source being set to squats_2_grf
[info] Storage: read data file = squats_2_grf.mot (nr=1676 nc=19)
[info] ExternalForce::RightGRF Data source being set to squats_2_grf
[info] ExternalForce::LeftGRF Data source being set to squats_2_grf
[info] Storage: read data file = squats_2_grf.mot (nr=1676 nc=19)
[info] ExternalForce::RightGRF Data source being set to squats_2_grf
[info] ExternalForce::LeftGRF Data source being set to squats_2_grf
[info] Storage: read data file = squats_2_grf.mot (nr=1676 nc=19)
[info] ExternalForce::RightGRF Data source being set to squats_2_grf
[info] ExternalForce::LeftGRF Data source being set to squats_2_grf
[info] Storage: read data file = squats_2_grf.mot (nr=1676 nc=19)
[info] ExternalForce::RightGRF Data source being set to squats_2_grf
[info] ExternalForce::LeftGRF Data source being set to squats_2_grf
[info] Storage: read data file = squats_2_grf.mot (nr=1676 nc=19)
[info] ExternalForce::RightGRF Data source being set to squats_2_grf
[info] ExternalForce::LeftGRF Data source being set to squats_2_grf
[info] Storage: read data file = squats_2_grf.mot (nr=1676 nc=19)
[info] ExternalForce::RightGRF Data source being set to squats_2_grf
[info] ExternalForce::LeftGRF Data source being set to squats_2_grf
[info] Storage: read data file = squats_2_grf.mot (nr=1676 nc=19)
[info] ExternalForce::RightGRF Data source being set to squats_2_grf
[info] ExternalForce::LeftGRF Data source being set to squats_2_grf
[info] Storage: read data file = squats_2_grf.mot (nr=1676 nc=19)
[info] ExternalForce::RightGRF Data source being set to squats_2_grf
[info] ExternalForce::LeftGRF Data source being set to squats_2_grf
[info] Storage: read data file = squats_2_grf.mot (nr=1676 nc=19)
[info] ExternalForce::RightGRF Data source being set to squats_2_grf
[info] ExternalForce::LeftGRF Data source being set to squats_2_grf
[info] Storage: read data file = squats_2_grf.mot (nr=1676 nc=19)
[info] ExternalForce::RightGRF Data source being set to squats_2_grf
[info] ExternalForce::LeftGRF Data source being set to squats_2_grf
[info] Storage: read data file = squats_2_grf.mot (nr=1676 nc=19)
[info] ExternalForce::RightGRF Data source being set to squats_2_grf
[info] ExternalForce::LeftGRF Data source being set to squats_2_grf
[info] Storage: read data file = squats_2_grf.mot (nr=1676 nc=19)
[info] ExternalForce::RightGRF Data source being set to squats_2_grf
[info] ExternalForce::LeftGRF Data source being set to squats_2_grf
[info] Storage: read data file = squats_2_grf.mot (nr=1676 nc=19)
[info] ExternalForce::RightGRF Data source being set to squats_2_grf
[info] ExternalForce::LeftGRF Data source being set to squats_2_grf
[info] Storage: read data file = squats_2_grf.mot (nr=1676 nc=19)
[info] ExternalForce::RightGRF Data source being set to squats_2_grf
[info] ExternalForce::LeftGRF Data source being set to squats_2_grf
[info] Storage: read data file = squats_2_grf.mot (nr=1676 nc=19)
[info] ExternalForce::RightGRF Data source being set to squats_2_grf
[info] ExternalForce::LeftGRF Data source being set to squats_2_grf
[info] Storage: read data file = squats_2_grf.mot (nr=1676 nc=19)
[info] ExternalForce::RightGRF Data source being set to squats_2_grf
[info] ExternalForce::LeftGRF Data source being set to squats_2_grf
[info] Storage: read data file = squats_2_grf.mot (nr=1676 nc=19)
[info] ExternalForce::RightGRF Data source being set to squats_2_grf
[info] ExternalForce::LeftGRF Data source being set to squats_2_grf
[info] Storage: read data file = squats_2_grf.mot (nr=1676 nc=19)
[info] ExternalForce::RightGRF Data source being set to squats_2_grf
[info] ExternalForce::LeftGRF Data source being set to squats_2_grf
[info] Storage: read data file = squats_2_grf.mot (nr=1676 nc=19)
[info] ExternalForce::RightGRF Data source being set to squats_2_grf
[info] ExternalForce::LeftGRF Data source being set to squats_2_grf
[info] Storage: read data file = squats_2_grf.mot (nr=1676 nc=19)
[info] ExternalForce::RightGRF Data source being set to squats_2_grf
[info] ExternalForce::LeftGRF Data source being set to squats_2_grf
[info] Storage: read data file = squats_2_grf.mot (nr=1676 nc=19)
[info] ExternalForce::RightGRF Data source being set to squats_2_grf
[info] ExternalForce::LeftGRF Data source being set to squats_2_grf
[info] Storage: read data file = squats_2_grf.mot (nr=1676 nc=19)
[info] ExternalForce::RightGRF Data source being set to squats_2_grf
[info] ExternalForce::LeftGRF Data source being set to squats_2_grf
[info] Storage: read data file = squats_2_grf.mot (nr=1676 nc=19)
[info] ExternalForce::RightGRF Data source being set to squats_2_grf
[info] ExternalForce::LeftGRF Data source being set to squats_2_grf
[info] Storage: read data file = squats_2_grf.mot (nr=1676 nc=19)
[info] ExternalForce::RightGRF Data source being set to squats_2_grf
[info] ExternalForce::LeftGRF Data source being set to squats_2_grf
[info] Storage: read data file = squats_2_grf.mot (nr=1676 nc=19)
[info] ExternalForce::RightGRF Data source being set to squats_2_grf
[info] ExternalForce::LeftGRF Data source being set to squats_2_grf
[info] Storage: read data file = squats_2_grf.mot (nr=1676 nc=19)
[info] ExternalForce::RightGRF Data source being set to squats_2_grf
[info] ExternalForce::LeftGRF Data source being set to squats_2_grf
[info] Storage: read data file = squats_2_grf.mot (nr=1676 nc=19)
[info] ExternalForce::RightGRF Data source being set to squats_2_grf
[info] ExternalForce::LeftGRF Data source being set to squats_2_grf
[info] Storage: read data file = squats_2_grf.mot (nr=1676 nc=19)
[info] ExternalForce::RightGRF Data source being set to squats_2_grf
[info] ExternalForce::LeftGRF Data source being set to squats_2_grf
[info] Storage: read data file = squats_2_grf.mot (nr=1676 nc=19)
[info] ExternalForce::RightGRF Data source being set to squats_2_grf
[info] ExternalForce::LeftGRF Data source being set to squats_2_grf
[info] Storage: read data file = squats_2_grf.mot (nr=1676 nc=19)
[info] ExternalForce::RightGRF Data source being set to squats_2_grf
[info] ExternalForce::LeftGRF Data source being set to squats_2_grf
[info] Storage: read data file = squats_2_grf.mot (nr=1676 nc=19)
[info] ExternalForce::RightGRF Data source being set to squats_2_grf
[info] ExternalForce::LeftGRF Data source being set to squats_2_grf
[info] Storage: read data file = squats_2_grf.mot (nr=1676 nc=19)
[info] ExternalForce::RightGRF Data source being set to squats_2_grf
[info] ExternalForce::LeftGRF Data source being set to squats_2_grf
[info] Storage: read data file = squats_2_grf.mot (nr=1676 nc=19)
[info] ExternalForce::RightGRF Data source being set to squats_2_grf
[info] ExternalForce::LeftGRF Data source being set to squats_2_grf
[info] Storage: read data file = squats_2_grf.mot (nr=1676 nc=19)
[info] ExternalForce::RightGRF Data source being set to squats_2_grf
[info] ExternalForce::LeftGRF Data source being set to squats_2_grf
[info] Storage: read data file = squats_2_grf.mot (nr=1676 nc=19)
[info] ExternalForce::RightGRF Data source being set to squats_2_grf
[info] ExternalForce::LeftGRF Data source being set to squats_2_grf
[info] Storage: read data file = squats_2_grf.mot (nr=1676 nc=19)
[info] ExternalForce::RightGRF Data source being set to squats_2_grf
[info] ExternalForce::LeftGRF Data source being set to squats_2_grf
[info] Storage: read data file = squats_2_grf.mot (nr=1676 nc=19)
[info] ExternalForce::RightGRF Data source being set to squats_2_grf
[info] ExternalForce::LeftGRF Data source being set to squats_2_grf
[info] Storage: read data file = squats_2_grf.mot (nr=1676 nc=19)
[info] ExternalForce::RightGRF Data source being set to squats_2_grf
[info] ExternalForce::LeftGRF Data source being set to squats_2_grf
[info] Storage: read data file = squats_2_grf.mot (nr=1676 nc=19)
[info] ExternalForce::RightGRF Data source being set to squats_2_grf
[info] ExternalForce::LeftGRF Data source being set to squats_2_grf
[info] Storage: read data file = squats_2_grf.mot (nr=1676 nc=19)
[info] ExternalForce::RightGRF Data source being set to squats_2_grf
[info] ExternalForce::LeftGRF Data source being set to squats_2_grf
[info] Storage: read data file = squats_2_grf.mot (nr=1676 nc=19)
[info] ExternalForce::RightGRF Data source being set to squats_2_grf
[info] ExternalForce::LeftGRF Data source being set to squats_2_grf
[info] Storage: read data file = squats_2_grf.mot (nr=1676 nc=19)
[info] ExternalForce::RightGRF Data source being set to squats_2_grf
[info] ExternalForce::LeftGRF Data source being set to squats_2_grf
[info] Storage: read data file = squats_2_grf.mot (nr=1676 nc=19)
[info] ExternalForce::RightGRF Data source being set to squats_2_grf
[info] ExternalForce::LeftGRF Data source being set to squats_2_grf
[info] Storage: read data file = squats_2_grf.mot (nr=1676 nc=19)
[info] ExternalForce::RightGRF Data source being set to squats_2_grf
[info] ExternalForce::LeftGRF Data source being set to squats_2_grf
[info] Storage: read data file = squats_2_grf.mot (nr=1676 nc=19)
[info] ExternalForce::RightGRF Data source being set to squats_2_grf
[info] ExternalForce::LeftGRF Data source being set to squats_2_grf
[info] Storage: read data file = squats_2_grf.mot (nr=1676 nc=19)
[info] ExternalForce::RightGRF Data source being set to squats_2_grf
[info] ExternalForce::LeftGRF Data source being set to squats_2_grf
[info] Storage: read data file = squats_2_grf.mot (nr=1676 nc=19)
[info] ExternalForce::RightGRF Data source being set to squats_2_grf
[info] ExternalForce::LeftGRF Data source being set to squats_2_grf
[info] Storage: read data file = squats_2_grf.mot (nr=1676 nc=19)
[info] ExternalForce::RightGRF Data source being set to squats_2_grf
[info] ExternalForce::LeftGRF Data source being set to squats_2_grf
[info] Storage: read data file = squats_2_grf.mot (nr=1676 nc=19)
[info] ExternalForce::RightGRF Data source being set to squats_2_grf
[info] ExternalForce::LeftGRF Data source being set to squats_2_grf
[info] Storage: read data file = squats_2_grf.mot (nr=1676 nc=19)
[info] ExternalForce::RightGRF Data source being set to squats_2_grf
[info] ExternalForce::LeftGRF Data source being set to squats_2_grf
[info] Storage: read data file = squats_2_grf.mot (nr=1676 nc=19)
[info] ExternalForce::RightGRF Data source being set to squats_2_grf
[info] ExternalForce::LeftGRF Data source being set to squats_2_grf
[info] Storage: read data file = squats_2_grf.mot (nr=1676 nc=19)
[info] ExternalForce::RightGRF Data source being set to squats_2_grf
[info] ExternalForce::LeftGRF Data source being set to squats_2_grf
[info] Storage: read data file = squats_2_grf.mot (nr=1676 nc=19)
[info] ExternalForce::RightGRF Data source being set to squats_2_grf
[info] ExternalForce::LeftGRF Data source being set to squats_2_grf
[info] Storage: read data file = squats_2_grf.mot (nr=1676 nc=19)
[info] ExternalForce::RightGRF Data source being set to squats_2_grf
[info] ExternalForce::LeftGRF Data source being set to squats_2_grf
[info] Storage: read data file = squats_2_grf.mot (nr=1676 nc=19)
[info] ExternalForce::RightGRF Data source being set to squats_2_grf
[info] ExternalForce::LeftGRF Data source being set to squats_2_grf
[info] Storage: read data file = squats_2_grf.mot (nr=1676 nc=19)
[info] ExternalForce::RightGRF Data source being set to squats_2_grf
[info] ExternalForce::LeftGRF Data source being set to squats_2_grf
[info] Storage: read data file = squats_2_grf.mot (nr=1676 nc=19)
[info] ExternalForce::RightGRF Data source being set to squats_2_grf
[info] ExternalForce::LeftGRF Data source being set to squats_2_grf
[info] Storage: read data file = squats_2_grf.mot (nr=1676 nc=19)
[info] ExternalForce::RightGRF Data source being set to squats_2_grf
[info] ExternalForce::LeftGRF Data source being set to squats_2_grf
[info] Storage: read data file = squats_2_grf.mot (nr=1676 nc=19)
[info] ExternalForce::RightGRF Data source being set to squats_2_grf
[info] ExternalForce::LeftGRF Data source being set to squats_2_grf
[info] Storage: read data file = squats_2_grf.mot (nr=1676 nc=19)
[info] ExternalForce::RightGRF Data source being set to squats_2_grf
[info] ExternalForce::LeftGRF Data source being set to squats_2_grf
[info] Storage: read data file = squats_2_grf.mot (nr=1676 nc=19)
[info] ExternalForce::RightGRF Data source being set to squats_2_grf
[info] ExternalForce::LeftGRF Data source being set to squats_2_grf
[info] Storage: read data file = squats_2_grf.mot (nr=1676 nc=19)
[info] ExternalForce::RightGRF Data source being set to squats_2_grf
[info] ExternalForce::LeftGRF Data source being set to squats_2_grf
[info] Storage: read data file = squats_2_grf.mot (nr=1676 nc=19)
[info] ExternalForce::RightGRF Data source being set to squats_2_grf
[info] ExternalForce::LeftGRF Data source being set to squats_2_grf
[info] Storage: read data file = squats_2_grf.mot (nr=1676 nc=19)
[info] ExternalForce::RightGRF Data source being set to squats_2_grf
[info] ExternalForce::LeftGRF Data source being set to squats_2_grf
[info] Storage: read data file = squats_2_grf.mot (nr=1676 nc=19)
[info] ExternalForce::RightGRF Data source being set to squats_2_grf
[info] ExternalForce::LeftGRF Data source being set to squats_2_grf
[info] Storage: read data file = squats_2_grf.mot (nr=1676 nc=19)
[info] ExternalForce::RightGRF Data source being set to squats_2_grf
[info] ExternalForce::LeftGRF Data source being set to squats_2_grf
[info] Storage: read data file = squats_2_grf.mot (nr=1676 nc=19)
[info] ExternalForce::RightGRF Data source being set to squats_2_grf
[info] ExternalForce::LeftGRF Data source being set to squats_2_grf
[info] Storage: read data file = squats_2_grf.mot (nr=1676 nc=19)
[info] ExternalForce::RightGRF Data source being set to squats_2_grf
[info] ExternalForce::LeftGRF Data source being set to squats_2_grf
[info] Storage: read data file = squats_2_grf.mot (nr=1676 nc=19)
[info] ExternalForce::RightGRF Data source being set to squats_2_grf
[info] ExternalForce::LeftGRF Data source being set to squats_2_grf
[info] Storage: read data file = squats_2_grf.mot (nr=1676 nc=19)
[info] ExternalForce::RightGRF Data source being set to squats_2_grf
[info] ExternalForce::LeftGRF Data source being set to squats_2_grf
[info] Storage: read data file = squats_2_grf.mot (nr=1676 nc=19)
[info] ExternalForce::RightGRF Data source being set to squats_2_grf
[info] ExternalForce::LeftGRF Data source being set to squats_2_grf
[info] Storage: read data file = squats_2_grf.mot (nr=1676 nc=19)
[info] ExternalForce::RightGRF Data source being set to squats_2_grf
[info] ExternalForce::LeftGRF Data source being set to squats_2_grf
[info] Storage: read data file = squats_2_grf.mot (nr=1676 nc=19)
[info] ExternalForce::RightGRF Data source being set to squats_2_grf
[info] ExternalForce::LeftGRF Data source being set to squats_2_grf
[info] Storage: read data file = squats_2_grf.mot (nr=1676 nc=19)
[info] ExternalForce::RightGRF Data source being set to squats_2_grf
[info] ExternalForce::LeftGRF Data source being set to squats_2_grf
[info] Storage: read data file = squats_2_grf.mot (nr=1676 nc=19)
[info] ExternalForce::RightGRF Data source being set to squats_2_grf
[info] ExternalForce::LeftGRF Data source being set to squats_2_grf
[info] Storage: read data file = squats_2_grf.mot (nr=1676 nc=19)
[info] ExternalForce::RightGRF Data source being set to squats_2_grf
[info] ExternalForce::LeftGRF Data source being set to squats_2_grf
[info] Storage: read data file = squats_2_grf.mot (nr=1676 nc=19)
[info] ExternalForce::RightGRF Data source being set to squats_2_grf
[info] ExternalForce::LeftGRF Data source being set to squats_2_grf
[info] Storage: read data file = squats_2_grf.mot (nr=1676 nc=19)
[info] ExternalForce::RightGRF Data source being set to squats_2_grf
[info] ExternalForce::LeftGRF Data source being set to squats_2_grf
[info] Storage: read data file = squats_2_grf.mot (nr=1676 nc=19)
[info] ExternalForce::RightGRF Data source being set to squats_2_grf
[info] ExternalForce::LeftGRF Data source being set to squats_2_grf
[info] Storage: read data file = squats_2_grf.mot (nr=1676 nc=19)
[info] ExternalForce::RightGRF Data source being set to squats_2_grf
[info] ExternalForce::LeftGRF Data source being set to squats_2_grf
[info] Storage: read data file = squats_2_grf.mot (nr=1676 nc=19)
[info] ExternalForce::RightGRF Data source being set to squats_2_grf
[info] ExternalForce::LeftGRF Data source being set to squats_2_grf
[info] Storage: read data file = squats_2_grf.mot (nr=1676 nc=19)
[info] ExternalForce::RightGRF Data source being set to squats_2_grf
[info] ExternalForce::LeftGRF Data source being set to squats_2_grf
[info] Storage: read data file = squats_2_grf.mot (nr=1676 nc=19)
[info] ExternalForce::RightGRF Data source being set to squats_2_grf
[info] ExternalForce::LeftGRF Data source being set to squats_2_grf
[info] Storage: read data file = squats_2_grf.mot (nr=1676 nc=19)
[info] ExternalForce::RightGRF Data source being set to squats_2_grf
[info] ExternalForce::LeftGRF Data source being set to squats_2_grf
[info] Storage: read data file = squats_2_grf.mot (nr=1676 nc=19)
[info] ExternalForce::RightGRF Data source being set to squats_2_grf
[info] ExternalForce::LeftGRF Data source being set to squats_2_grf
[info] Storage: read data file = squats_2_grf.mot (nr=1676 nc=19)
[info] ExternalForce::RightGRF Data source being set to squats_2_grf
[info] ExternalForce::LeftGRF Data source being set to squats_2_grf
[info] Storage: read data file = squats_2_grf.mot (nr=1676 nc=19)
[info] ExternalForce::RightGRF Data source being set to squats_2_grf
[info] ExternalForce::LeftGRF Data source being set to squats_2_grf
[info] Storage: read data file = squats_2_grf.mot (nr=1676 nc=19)
[info] ExternalForce::RightGRF Data source being set to squats_2_grf
[info] ExternalForce::LeftGRF Data source being set to squats_2_grf
[info] Storage: read data file = squats_2_grf.mot (nr=1676 nc=19)
[info] ExternalForce::RightGRF Data source being set to squats_2_grf
[info] ExternalForce::LeftGRF Data source being set to squats_2_grf
[info] Storage: read data file = squats_2_grf.mot (nr=1676 nc=19)
[info] ExternalForce::RightGRF Data source being set to squats_2_grf
[info] ExternalForce::LeftGRF Data source being set to squats_2_grf
[info] Storage: read data file = squats_2_grf.mot (nr=1676 nc=19)
[info] ExternalForce::RightGRF Data source being set to squats_2_grf
[info] ExternalForce::LeftGRF Data source being set to squats_2_grf
[info] Storage: read data file = squats_2_grf.mot (nr=1676 nc=19)
[info] ExternalForce::RightGRF Data source being set to squats_2_grf
[info] ExternalForce::LeftGRF Data source being set to squats_2_grf
[info] Storage: read data file = squats_2_grf.mot (nr=1676 nc=19)
[info] ExternalForce::RightGRF Data source being set to squats_2_grf
[info] ExternalForce::LeftGRF Data source being set to squats_2_grf
[info] Storage: read data file = squats_2_grf.mot (nr=1676 nc=19)
[info] ExternalForce::RightGRF Data source being set to squats_2_grf
[info] ExternalForce::LeftGRF Data source being set to squats_2_grf
[info] Storage: read data file = squats_2_grf.mot (nr=1676 nc=19)
[info] ExternalForce::RightGRF Data source being set to squats_2_grf
[info] ExternalForce::LeftGRF Data source being set to squats_2_grf
[info] Storage: read data file = squats_2_grf.mot (nr=1676 nc=19)
[info] ExternalForce::RightGRF Data source being set to squats_2_grf
[info] ExternalForce::LeftGRF Data source being set to squats_2_grf
[info] Storage: read data file = squats_2_grf.mot (nr=1676 nc=19)
[info] ExternalForce::RightGRF Data source being set to squats_2_grf
[info] ExternalForce::LeftGRF Data source being set to squats_2_grf
[info] Storage: read data file = squats_2_grf.mot (nr=1676 nc=19)
[info] ExternalForce::RightGRF Data source being set to squats_2_grf
[info] ExternalForce::LeftGRF Data source being set to squats_2_grf
[info] Storage: read data file = squats_2_grf.mot (nr=1676 nc=19)
[info] ExternalForce::RightGRF Data source being set to squats_2_grf
[info] ExternalForce::LeftGRF Data source being set to squats_2_grf
[info] Storage: read data file = squats_2_grf.mot (nr=1676 nc=19)
[info] ExternalForce::RightGRF Data source being set to squats_2_grf
[info] ExternalForce::LeftGRF Data source being set to squats_2_grf
[info] Storage: read data file = squats_2_grf.mot (nr=1676 nc=19)
[info] ExternalForce::RightGRF Data source being set to squats_2_grf
[info] ExternalForce::LeftGRF Data source being set to squats_2_grf
[info] Storage: read data file = squats_2_grf.mot (nr=1676 nc=19)
[info] ExternalForce::RightGRF Data source being set to squats_2_grf
[info] ExternalForce::LeftGRF Data source being set to squats_2_grf
[info] Storage: read data file = squats_2_grf.mot (nr=1676 nc=19)
[info] ExternalForce::RightGRF Data source being set to squats_2_grf
[info] ExternalForce::LeftGRF Data source being set to squats_2_grf
[info] Storage: read data file = squats_2_grf.mot (nr=1676 nc=19)
[info] ExternalForce::RightGRF Data source being set to squats_2_grf
[info] ExternalForce::LeftGRF Data source being set to squats_2_grf
[info] Storage: read data file = squats_2_grf.mot (nr=1676 nc=19)
[info] ExternalForce::RightGRF Data source being set to squats_2_grf
[info] ExternalForce::LeftGRF Data source being set to squats_2_grf
[info] Storage: read data file = squats_2_grf.mot (nr=1676 nc=19)
[info] ExternalForce::RightGRF Data source being set to squats_2_grf
[info] ExternalForce::LeftGRF Data source being set to squats_2_grf
[info] Storage: read data file = squats_2_grf.mot (nr=1676 nc=19)
[info] ExternalForce::RightGRF Data source being set to squats_2_grf
[info] ExternalForce::LeftGRF Data source being set to squats_2_grf
[info] Storage: read data file = squats_2_grf.mot (nr=1676 nc=19)
[info] ExternalForce::RightGRF Data source being set to squats_2_grf
[info] ExternalForce::LeftGRF Data source being set to squats_2_grf
[info] Storage: read data file = squats_2_grf.mot (nr=1676 nc=19)
[info] ExternalForce::RightGRF Data source being set to squats_2_grf
[info] ExternalForce::LeftGRF Data source being set to squats_2_grf
[info] Storage: read data file = squats_2_grf.mot (nr=1676 nc=19)
[info] ExternalForce::RightGRF Data source being set to squats_2_grf
[info] ExternalForce::LeftGRF Data source being set to squats_2_grf
[info] Storage: read data file = squats_2_grf.mot (nr=1676 nc=19)
[info] ExternalForce::RightGRF Data source being set to squats_2_grf
[info] ExternalForce::LeftGRF Data source being set to squats_2_grf
[info] Storage: read data file = squats_2_grf.mot (nr=1676 nc=19)
[info] ExternalForce::RightGRF Data source being set to squats_2_grf
[info] ExternalForce::LeftGRF Data source being set to squats_2_grf
[info] Storage: read data file = squats_2_grf.mot (nr=1676 nc=19)
[info] ExternalForce::RightGRF Data source being set to squats_2_grf
[info] ExternalForce::LeftGRF Data source being set to squats_2_grf
[info] Storage: read data file = squats_2_grf.mot (nr=1676 nc=19)
[info] ExternalForce::RightGRF Data source being set to squats_2_grf
[info] ExternalForce::LeftGRF Data source being set to squats_2_grf
[info] Storage: read data file = squats_2_grf.mot (nr=1676 nc=19)
[info] ExternalForce::RightGRF Data source being set to squats_2_grf
[info] ExternalForce::LeftGRF Data source being set to squats_2_grf
[info] Storage: read data file = squats_2_grf.mot (nr=1676 nc=19)
[info] ExternalForce::RightGRF Data source being set to squats_2_grf
[info] ExternalForce::LeftGRF Data source being set to squats_2_grf
[info] Storage: read data file = squats_2_grf.mot (nr=1676 nc=19)
[info] ExternalForce::RightGRF Data source being set to squats_2_grf
[info] ExternalForce::LeftGRF Data source being set to squats_2_grf
[info] Storage: read data file = squats_2_grf.mot (nr=1676 nc=19)
[info] ExternalForce::RightGRF Data source being set to squats_2_grf
[info] ExternalForce::LeftGRF Data source being set to squats_2_grf
[info] Storage: read data file = squats_2_grf.mot (nr=1676 nc=19)
[info] ExternalForce::RightGRF Data source being set to squats_2_grf
[info] ExternalForce::LeftGRF Data source being set to squats_2_grf
[info] Storage: read data file = squats_2_grf.mot (nr=1676 nc=19)
[info] ExternalForce::RightGRF Data source being set to squats_2_grf
[info] ExternalForce::LeftGRF Data source being set to squats_2_grf
[info] Storage: read data file = squats_2_grf.mot (nr=1676 nc=19)
[info] ExternalForce::RightGRF Data source being set to squats_2_grf
[info] ExternalForce::LeftGRF Data source being set to squats_2_grf
[info] Storage: read data file = squats_2_grf.mot (nr=1676 nc=19)
[info] ExternalForce::RightGRF Data source being set to squats_2_grf
[info] ExternalForce::LeftGRF Data source being set to squats_2_grf
[info] Storage: read data file = squats_2_grf.mot (nr=1676 nc=19)
[info] ExternalForce::RightGRF Data source being set to squats_2_grf
[info] ExternalForce::LeftGRF Data source being set to squats_2_grf
[info] Storage: read data file = squats_2_grf.mot (nr=1676 nc=19)
[info] ExternalForce::RightGRF Data source being set to squats_2_grf
[info] ExternalForce::LeftGRF Data source being set to squats_2_grf
[info] Storage: read data file = squats_2_grf.mot (nr=1676 nc=19)
[info] ExternalForce::RightGRF Data source being set to squats_2_grf
[info] ExternalForce::LeftGRF Data source being set to squats_2_grf
[info] Storage: read data file = squats_2_grf.mot (nr=1676 nc=19)
[info] ExternalForce::RightGRF Data source being set to squats_2_grf
[info] ExternalForce::LeftGRF Data source being set to squats_2_grf
[info] Storage: read data file = squats_2_grf.mot (nr=1676 nc=19)
[info] ExternalForce::RightGRF Data source being set to squats_2_grf
[info] ExternalForce::LeftGRF Data source being set to squats_2_grf
[info] Storage: read data file = squats_2_grf.mot (nr=1676 nc=19)
[info] ExternalForce::RightGRF Data source being set to squats_2_grf
[info] ExternalForce::LeftGRF Data source being set to squats_2_grf
[info] Storage: read data file = squats_2_grf.mot (nr=1676 nc=19)
[info] ExternalForce::RightGRF Data source being set to squats_2_grf
[info] ExternalForce::LeftGRF Data source being set to squats_2_grf
[info] Storage: read data file = squats_2_grf.mot (nr=1676 nc=19)
[info] ExternalForce::RightGRF Data source being set to squats_2_grf
[info] ExternalForce::LeftGRF Data source being set to squats_2_grf
[info] Storage: read data file = squats_2_grf.mot (nr=1676 nc=19)
[info] ExternalForce::RightGRF Data source being set to squats_2_grf
[info] ExternalForce::LeftGRF Data source being set to squats_2_grf
[info] Storage: read data file = squats_2_grf.mot (nr=1676 nc=19)
[info] ExternalForce::RightGRF Data source being set to squats_2_grf
[info] ExternalForce::LeftGRF Data source being set to squats_2_grf
[info] Storage: read data file = squats_2_grf.mot (nr=1676 nc=19)
[info] ExternalForce::RightGRF Data source being set to squats_2_grf
[info] ExternalForce::LeftGRF Data source being set to squats_2_grf
[info] Storage: read data file = squats_2_grf.mot (nr=1676 nc=19)
[info] ExternalForce::RightGRF Data source being set to squats_2_grf
[info] ExternalForce::LeftGRF Data source being set to squats_2_grf
[info] Storage: read data file = squats_2_grf.mot (nr=1676 nc=19)
[info] ExternalForce::RightGRF Data source being set to squats_2_grf
[info] ExternalForce::LeftGRF Data source being set to squats_2_grf
[info] Storage: read data file = squats_2_grf.mot (nr=1676 nc=19)
[info] ExternalForce::RightGRF Data source being set to squats_2_grf
[info] ExternalForce::LeftGRF Data source being set to squats_2_grf
[info] Storage: read data file = squats_2_grf.mot (nr=1676 nc=19)
[info] ExternalForce::RightGRF Data source being set to squats_2_grf
[info] ExternalForce::LeftGRF Data source being set to squats_2_grf
[info] Storage: read data file = squats_2_grf.mot (nr=1676 nc=19)
[info] ExternalForce::RightGRF Data source being set to squats_2_grf
[info] ExternalForce::LeftGRF Data source being set to squats_2_grf
[info] Storage: read data file = squats_2_grf.mot (nr=1676 nc=19)
[info] ExternalForce::RightGRF Data source being set to squats_2_grf
[info] ExternalForce::LeftGRF Data source being set to squats_2_grf
[info] Storage: read data file = squats_2_grf.mot (nr=1676 nc=19)
[info] ExternalForce::RightGRF Data source being set to squats_2_grf
[info] ExternalForce::LeftGRF Data source being set to squats_2_grf
[info] Storage: read data file = squats_2_grf.mot (nr=1676 nc=19)
[info] ExternalForce::RightGRF Data source being set to squats_2_grf
[info] ExternalForce::LeftGRF Data source being set to squats_2_grf
[info] Storage: read data file = squats_2_grf.mot (nr=1676 nc=19)
[info] ExternalForce::RightGRF Data source being set to squats_2_grf
[info] ExternalForce::LeftGRF Data source being set to squats_2_grf
[info] Storage: read data file = squats_2_grf.mot (nr=1676 nc=19)
[info] ExternalForce::RightGRF Data source being set to squats_2_grf
[info] ExternalForce::LeftGRF Data source being set to squats_2_grf
[info] Storage: read data file = squats_2_grf.mot (nr=1676 nc=19)
[info] ExternalForce::RightGRF Data source being set to squats_2_grf
[info] ExternalForce::LeftGRF Data source being set to squats_2_grf
[info] Storage: read data file = squats_2_grf.mot (nr=1676 nc=19)
[info] ExternalForce::RightGRF Data source being set to squats_2_grf
[info] ExternalForce::LeftGRF Data source being set to squats_2_grf
[info] Storage: read data file = squats_2_grf.mot (nr=1676 nc=19)
[info] ExternalForce::RightGRF Data source being set to squats_2_grf
[info] ExternalForce::LeftGRF Data source being set to squats_2_grf
[info] Storage: read data file = squats_2_grf.mot (nr=1676 nc=19)
[info] ExternalForce::RightGRF Data source being set to squats_2_grf
[info] ExternalForce::LeftGRF Data source being set to squats_2_grf
[info] Storage: read data file = squats_2_grf.mot (nr=1676 nc=19)
[info] ExternalForce::RightGRF Data source being set to squats_2_grf
[info] ExternalForce::LeftGRF Data source being set to squats_2_grf
[info] Storage: read data file = squats_2_grf.mot (nr=1676 nc=19)
[info] ExternalForce::RightGRF Data source being set to squats_2_grf
[info] ExternalForce::LeftGRF Data source being set to squats_2_grf
[info] Storage: read data file = squats_2_grf.mot (nr=1676 nc=19)
[info] ExternalForce::RightGRF Data source being set to squats_2_grf
[info] ExternalForce::LeftGRF Data source being set to squats_2_grf
[info] Storage: read data file = squats_2_grf.mot (nr=1676 nc=19)
[info] ExternalForce::RightGRF Data source being set to squats_2_grf
[info] ExternalForce::LeftGRF Data source being set to squats_2_grf
[info] Storage: read data file = squats_2_grf.mot (nr=1676 nc=19)
[info] ExternalForce::RightGRF Data source being set to squats_2_grf
[info] ExternalForce::LeftGRF Data source being set to squats_2_grf
[info] Storage: read data file = squats_2_grf.mot (nr=1676 nc=19)
[info] ExternalForce::RightGRF Data source being set to squats_2_grf
[info] ExternalForce::LeftGRF Data source being set to squats_2_grf
[info] Storage: read data file = squats_2_grf.mot (nr=1676 nc=19)
[info] ExternalForce::RightGRF Data source being set to squats_2_grf
[info] ExternalForce::LeftGRF Data source being set to squats_2_grf
[info] Storage: read data file = squats_2_grf.mot (nr=1676 nc=19)
[info] ExternalForce::RightGRF Data source being set to squats_2_grf
[info] ExternalForce::LeftGRF Data source being set to squats_2_grf
[info] Storage: read data file = squats_2_grf.mot (nr=1676 nc=19)
[info] ExternalForce::RightGRF Data source being set to squats_2_grf
[info] ExternalForce::LeftGRF Data source being set to squats_2_grf
[info] Storage: read data file = squats_2_grf.mot (nr=1676 nc=19)
[info] ExternalForce::RightGRF Data source being set to squats_2_grf
[info] ExternalForce::LeftGRF Data source being set to squats_2_grf
[info] Storage: read data file = squats_2_grf.mot (nr=1676 nc=19)
[info] ExternalForce::RightGRF Data source being set to squats_2_grf
[info] ExternalForce::LeftGRF Data source being set to squats_2_grf
[info] Storage: read data file = squats_2_grf.mot (nr=1676 nc=19)
[info] ExternalForce::RightGRF Data source being set to squats_2_grf
[info] ExternalForce::LeftGRF Data source being set to squats_2_grf
[info] Storage: read data file = squats_2_grf.mot (nr=1676 nc=19)
[info] ExternalForce::RightGRF Data source being set to squats_2_grf
[info] ExternalForce::LeftGRF Data source being set to squats_2_grf
[info] Storage: read data file = squats_2_grf.mot (nr=1676 nc=19)
[info] ExternalForce::RightGRF Data source being set to squats_2_grf
[info] ExternalForce::LeftGRF Data source being set to squats_2_grf
[info] Storage: read data file = squats_2_grf.mot (nr=1676 nc=19)
[info] ExternalForce::RightGRF Data source being set to squats_2_grf
[info] ExternalForce::LeftGRF Data source being set to squats_2_grf
[info] Storage: read data file = squats_2_grf.mot (nr=1676 nc=19)
[info] ExternalForce::RightGRF Data source being set to squats_2_grf
[info] ExternalForce::LeftGRF Data source being set to squats_2_grf
[info] Storage: read data file = squats_2_grf.mot (nr=1676 nc=19)
[info] ExternalForce::RightGRF Data source being set to squats_2_grf
[info] ExternalForce::LeftGRF Data source being set to squats_2_grf
[info] Storage: read data file = squats_2_grf.mot (nr=1676 nc=19)
[info] ExternalForce::RightGRF Data source being set to squats_2_grf
[info] ExternalForce::LeftGRF Data source being set to squats_2_grf
[info] Storage: read data file = squats_2_grf.mot (nr=1676 nc=19)
[info] ExternalForce::RightGRF Data source being set to squats_2_grf
[info] ExternalForce::LeftGRF Data source being set to squats_2_grf
[info] Storage: read data file = squats_2_grf.mot (nr=1676 nc=19)
[info] ExternalForce::RightGRF Data source being set to squats_2_grf
[info] ExternalForce::LeftGRF Data source being set to squats_2_grf
[info] Storage: read data file = squats_2_grf.mot (nr=1676 nc=19)
[info] ExternalForce::RightGRF Data source being set to squats_2_grf
[info] ExternalForce::LeftGRF Data source being set to squats_2_grf
[info] Storage: read data file = squats_2_grf.mot (nr=1676 nc=19)
[info] ExternalForce::RightGRF Data source being set to squats_2_grf
[info] ExternalForce::LeftGRF Data source being set to squats_2_grf
[info] Storage: read data file = squats_2_grf.mot (nr=1676 nc=19)
[info] ExternalForce::RightGRF Data source being set to squats_2_grf
[info] ExternalForce::LeftGRF Data source being set to squats_2_grf
[info] Storage: read data file = squats_2_grf.mot (nr=1676 nc=19)
[info] ExternalForce::RightGRF Data source being set to squats_2_grf
[info] ExternalForce::LeftGRF Data source being set to squats_2_grf
[info] Storage: read data file = squats_2_grf.mot (nr=1676 nc=19)
[info] ExternalForce::RightGRF Data source being set to squats_2_grf
[info] ExternalForce::LeftGRF Data source being set to squats_2_grf
[info] Storage: read data file = squats_2_grf.mot (nr=1676 nc=19)
[info] ExternalForce::RightGRF Data source being set to squats_2_grf
[info] ExternalForce::LeftGRF Data source being set to squats_2_grf
[info] Storage: read data file = squats_2_grf.mot (nr=1676 nc=19)
[info] ExternalForce::RightGRF Data source being set to squats_2_grf
[info] ExternalForce::LeftGRF Data source being set to squats_2_grf
[info] Storage: read data file = squats_2_grf.mot (nr=1676 nc=19)
[info] ExternalForce::RightGRF Data source being set to squats_2_grf
[info] ExternalForce::LeftGRF Data source being set to squats_2_grf
[info] Storage: read data file = squats_2_grf.mot (nr=1676 nc=19)
[info] ExternalForce::RightGRF Data source being set to squats_2_grf
[info] ExternalForce::LeftGRF Data source being set to squats_2_grf
[info] Storage: read data file = squats_2_grf.mot (nr=1676 nc=19)
[info] ExternalForce::RightGRF Data source being set to squats_2_grf
[info] ExternalForce::LeftGRF Data source being set to squats_2_grf
[info] Storage: read data file = squats_2_grf.mot (nr=1676 nc=19)
[info] ExternalForce::RightGRF Data source being set to squats_2_grf
[info] ExternalForce::LeftGRF Data source being set to squats_2_grf
[info] Storage: read data file = squats_2_grf.mot (nr=1676 nc=19)
[info] ExternalForce::RightGRF Data source being set to squats_2_grf
[info] ExternalForce::LeftGRF Data source being set to squats_2_grf
[info] Storage: read data file = squats_2_grf.mot (nr=1676 nc=19)
[info] ExternalForce::RightGRF Data source being set to squats_2_grf
[info] ExternalForce::LeftGRF Data source being set to squats_2_grf
[info] Storage: read data file = squats_2_grf.mot (nr=1676 nc=19)
[info] ExternalForce::RightGRF Data source being set to squats_2_grf
[info] ExternalForce::LeftGRF Data source being set to squats_2_grf
[info] Storage: read data file = squats_2_grf.mot (nr=1676 nc=19)
[info] ExternalForce::RightGRF Data source being set to squats_2_grf
[info] ExternalForce::LeftGRF Data source being set to squats_2_grf
[info] Storage: read data file = squats_2_grf.mot (nr=1676 nc=19)
[info] ExternalForce::RightGRF Data source being set to squats_2_grf
[info] ExternalForce::LeftGRF Data source being set to squats_2_grf
[info] Storage: read data file = squats_2_grf.mot (nr=1676 nc=19)
[info] ExternalForce::RightGRF Data source being set to squats_2_grf
[info] ExternalForce::LeftGRF Data source being set to squats_2_grf
[info] Storage: read data file = squats_2_grf.mot (nr=1676 nc=19)
[info] ExternalForce::RightGRF Data source being set to squats_2_grf
[info] ExternalForce::LeftGRF Data source being set to squats_2_grf
[info] Storage: read data file = squats_2_grf.mot (nr=1676 nc=19)
[info] ExternalForce::RightGRF Data source being set to squats_2_grf
[info] ExternalForce::LeftGRF Data source being set to squats_2_grf
[info] Storage: read data file = squats_2_grf.mot (nr=1676 nc=19)
[info] ExternalForce::RightGRF Data source being set to squats_2_grf
[info] ExternalForce::LeftGRF Data source being set to squats_2_grf
[info] Storage: read data file = squats_2_grf.mot (nr=1676 nc=19)
[info] ExternalForce::RightGRF Data source being set to squats_2_grf
[info] ExternalForce::LeftGRF Data source being set to squats_2_grf
[info] Storage: read data file = squats_2_grf.mot (nr=1676 nc=19)
[info] ExternalForce::RightGRF Data source being set to squats_2_grf
[info] ExternalForce::LeftGRF Data source being set to squats_2_grf
[info] Storage: read data file = squats_2_grf.mot (nr=1676 nc=19)
[info] ExternalForce::RightGRF Data source being set to squats_2_grf
[info] ExternalForce::LeftGRF Data source being set to squats_2_grf
[info] Storage: read data file = squats_2_grf.mot (nr=1676 nc=19)
[info] ExternalForce::RightGRF Data source being set to squats_2_grf
[info] ExternalForce::LeftGRF Data source being set to squats_2_grf
[info] Storage: read data file = squats_2_grf.mot (nr=1676 nc=19)
[info] ExternalForce::RightGRF Data source being set to squats_2_grf
[info] ExternalForce::LeftGRF Data source being set to squats_2_grf
[info] Storage: read data file = squats_2_grf.mot (nr=1676 nc=19)
[info] ExternalForce::RightGRF Data source being set to squats_2_grf
[info] ExternalForce::LeftGRF Data source being set to squats_2_grf
[info] Storage: read data file = squats_2_grf.mot (nr=1676 nc=19)
[info] ExternalForce::RightGRF Data source being set to squats_2_grf
[info] ExternalForce::LeftGRF Data source being set to squats_2_grf
[info] Storage: read data file = squats_2_grf.mot (nr=1676 nc=19)
[info] ExternalForce::RightGRF Data source being set to squats_2_grf
[info] ExternalForce::LeftGRF Data source being set to squats_2_grf
[info] Storage: read data file = squats_2_grf.mot (nr=1676 nc=19)
[info] ExternalForce::RightGRF Data source being set to squats_2_grf
[info] ExternalForce::LeftGRF Data source being set to squats_2_grf
[info] Storage: read data file = squats_2_grf.mot (nr=1676 nc=19)
[info] ExternalForce::RightGRF Data source being set to squats_2_grf
[info] ExternalForce::LeftGRF Data source being set to squats_2_grf
[info] Storage: read data file = squats_2_grf.mot (nr=1676 nc=19)
[info] ExternalForce::RightGRF Data source being set to squats_2_grf
[info] ExternalForce::LeftGRF Data source being set to squats_2_grf
[info] Storage: read data file = squats_2_grf.mot (nr=1676 nc=19)
[info] ExternalForce::RightGRF Data source being set to squats_2_grf
[info] ExternalForce::LeftGRF Data source being set to squats_2_grf
[info] Storage: read data file = squats_2_grf.mot (nr=1676 nc=19)
[info] ExternalForce::RightGRF Data source being set to squats_2_grf
[info] ExternalForce::LeftGRF Data source being set to squats_2_grf
[info] Storage: read data file = squats_2_grf.mot (nr=1676 nc=19)
[info] ExternalForce::RightGRF Data source being set to squats_2_grf
[info] ExternalForce::LeftGRF Data source being set to squats_2_grf
[info] Storage: read data file = squats_2_grf.mot (nr=1676 nc=19)
[info] ExternalForce::RightGRF Data source being set to squats_2_grf
[info] ExternalForce::LeftGRF Data source being set to squats_2_grf
[info] Storage: read data file = squats_2_grf.mot (nr=1676 nc=19)
[info] ExternalForce::RightGRF Data source being set to squats_2_grf
[info] ExternalForce::LeftGRF Data source being set to squats_2_grf
[info] Storage: read data file = squats_2_grf.mot (nr=1676 nc=19)
[info] ExternalForce::RightGRF Data source being set to squats_2_grf
[info] ExternalForce::LeftGRF Data source being set to squats_2_grf
[info] Storage: read data file = squats_2_grf.mot (nr=1676 nc=19)
[info] ExternalForce::RightGRF Data source being set to squats_2_grf
[info] ExternalForce::LeftGRF Data source being set to squats_2_grf
[info] Storage: read data file = squats_2_grf.mot (nr=1676 nc=19)
[info] ExternalForce::RightGRF Data source being set to squats_2_grf
[info] ExternalForce::LeftGRF Data source being set to squats_2_grf
[info] Storage: read data file = squats_2_grf.mot (nr=1676 nc=19)
[info] ExternalForce::RightGRF Data source being set to squats_2_grf
[info] ExternalForce::LeftGRF Data source being set to squats_2_grf
[info] Storage: read data file = squats_2_grf.mot (nr=1676 nc=19)
[info] ExternalForce::RightGRF Data source being set to squats_2_grf
[info] ExternalForce::LeftGRF Data source being set to squats_2_grf
[info] Storage: read data file = squats_2_grf.mot (nr=1676 nc=19)
[info] ExternalForce::RightGRF Data source being set to squats_2_grf
[info] ExternalForce::LeftGRF Data source being set to squats_2_grf
[info] Storage: read data file = squats_2_grf.mot (nr=1676 nc=19)
[info] ExternalForce::RightGRF Data source being set to squats_2_grf
[info] ExternalForce::LeftGRF Data source being set to squats_2_grf
[info] Storage: read data file = squats_2_grf.mot (nr=1676 nc=19)
[info] ExternalForce::RightGRF Data source being set to squats_2_grf
[info] ExternalForce::LeftGRF Data source being set to squats_2_grf
[info] Storage: read data file = squats_2_grf.mot (nr=1676 nc=19)
[info] ExternalForce::RightGRF Data source being set to squats_2_grf
[info] ExternalForce::LeftGRF Data source being set to squats_2_grf
[info] Storage: read data file = squats_2_grf.mot (nr=1676 nc=19)
[info] ExternalForce::RightGRF Data source being set to squats_2_grf
[info] ExternalForce::LeftGRF Data source being set to squats_2_grf
[info] Storage: read data file = squats_2_grf.mot (nr=1676 nc=19)
[info] ExternalForce::RightGRF Data source being set to squats_2_grf
[info] ExternalForce::LeftGRF Data source being set to squats_2_grf
[info] Storage: read data file = squats_2_grf.mot (nr=1676 nc=19)
[info] ExternalForce::RightGRF Data source being set to squats_2_grf
[info] ExternalForce::LeftGRF Data source being set to squats_2_grf
[info] Storage: read data file = squats_2_grf.mot (nr=1676 nc=19)
[info] ExternalForce::RightGRF Data source being set to squats_2_grf
[info] ExternalForce::LeftGRF Data source being set to squats_2_grf
[info] Storage: read data file = squats_2_grf.mot (nr=1676 nc=19)
[info] ExternalForce::RightGRF Data source being set to squats_2_grf
[info] ExternalForce::LeftGRF Data source being set to squats_2_grf
[info] Storage: read data file = squats_2_grf.mot (nr=1676 nc=19)
[info] ExternalForce::RightGRF Data source being set to squats_2_grf
[info] ExternalForce::LeftGRF Data source being set to squats_2_grf
[info] Storage: read data file = squats_2_grf.mot (nr=1676 nc=19)
[info] ExternalForce::RightGRF Data source being set to squats_2_grf
[info] ExternalForce::LeftGRF Data source being set to squats_2_grf
[info] Storage: read data file = squats_2_grf.mot (nr=1676 nc=19)
[info] ExternalForce::RightGRF Data source being set to squats_2_grf
[info] ExternalForce::LeftGRF Data source being set to squats_2_grf
[info] Storage: read data file = squats_2_grf.mot (nr=1676 nc=19)
[info] ExternalForce::RightGRF Data source being set to squats_2_grf
[info] ExternalForce::LeftGRF Data source being set to squats_2_grf
[info] Storage: read data file = squats_2_grf.mot (nr=1676 nc=19)
[info] ExternalForce::RightGRF Data source being set to squats_2_grf
[info] ExternalForce::LeftGRF Data source being set to squats_2_grf
[info] Storage: read data file = squats_2_grf.mot (nr=1676 nc=19)
[info] ExternalForce::RightGRF Data source being set to squats_2_grf
[info] ExternalForce::LeftGRF Data source being set to squats_2_grf
[info] Storage: read data file = squats_2_grf.mot (nr=1676 nc=19)
[info] ExternalForce::RightGRF Data source being set to squats_2_grf
[info] ExternalForce::LeftGRF Data source being set to squats_2_grf
[info] Storage: read data file = squats_2_grf.mot (nr=1676 nc=19)
[info] ExternalForce::RightGRF Data source being set to squats_2_grf
[info] ExternalForce::LeftGRF Data source being set to squats_2_grf
[info] Storage: read data file = squats_2_grf.mot (nr=1676 nc=19)
[info] ExternalForce::RightGRF Data source being set to squats_2_grf
[info] ExternalForce::LeftGRF Data source being set to squats_2_grf
[info] Storage: read data file = squats_2_grf.mot (nr=1676 nc=19)
[info] ExternalForce::RightGRF Data source being set to squats_2_grf
[info] ExternalForce::LeftGRF Data source being set to squats_2_grf
[info] Storage: read data file = squats_2_grf.mot (nr=1676 nc=19)
[info] ExternalForce::RightGRF Data source being set to squats_2_grf
[info] ExternalForce::LeftGRF Data source being set to squats_2_grf
[info] Storage: read data file = squats_2_grf.mot (nr=1676 nc=19)
[info] ExternalForce::RightGRF Data source being set to squats_2_grf
[info] ExternalForce::LeftGRF Data source being set to squats_2_grf
[info] Storage: read data file = squats_2_grf.mot (nr=1676 nc=19)
[info] ExternalForce::RightGRF Data source being set to squats_2_grf
[info] ExternalForce::LeftGRF Data source being set to squats_2_grf
[info] Storage: read data file = squats_2_grf.mot (nr=1676 nc=19)
[info] ExternalForce::RightGRF Data source being set to squats_2_grf
[info] ExternalForce::LeftGRF Data source being set to squats_2_grf
[info] Storage: read data file = squats_2_grf.mot (nr=1676 nc=19)
[info] ExternalForce::RightGRF Data source being set to squats_2_grf
[info] ExternalForce::LeftGRF Data source being set to squats_2_grf
[info] Storage: read data file = squats_2_grf.mot (nr=1676 nc=19)
[info] ExternalForce::RightGRF Data source being set to squats_2_grf
[info] ExternalForce::LeftGRF Data source being set to squats_2_grf
[info] Storage: read data file = squats_2_grf.mot (nr=1676 nc=19)
[info] ExternalForce::RightGRF Data source being set to squats_2_grf
[info] ExternalForce::LeftGRF Data source being set to squats_2_grf
[info] Storage: read data file = squats_2_grf.mot (nr=1676 nc=19)
[info] ExternalForce::RightGRF Data source being set to squats_2_grf
[info] ExternalForce::LeftGRF Data source being set to squats_2_grf
[info] Storage: read data file = squats_2_grf.mot (nr=1676 nc=19)
[info] ExternalForce::RightGRF Data source being set to squats_2_grf
[info] ExternalForce::LeftGRF Data source being set to squats_2_grf
[info] Storage: read data file = squats_2_grf.mot (nr=1676 nc=19)
[info] ExternalForce::RightGRF Data source being set to squats_2_grf
[info] ExternalForce::LeftGRF Data source being set to squats_2_grf
[info] Storage: read data file = squats_2_grf.mot (nr=1676 nc=19)
[info] ExternalForce::RightGRF Data source being set to squats_2_grf
[info] ExternalForce::LeftGRF Data source being set to squats_2_grf
[info] Storage: read data file = squats_2_grf.mot (nr=1676 nc=19)
[info] ExternalForce::RightGRF Data source being set to squats_2_grf
[info] ExternalForce::LeftGRF Data source being set to squats_2_grf
[info] Storage: read data file = squats_2_grf.mot (nr=1676 nc=19)
[info] ExternalForce::RightGRF Data source being set to squats_2_grf
[info] ExternalForce::LeftGRF Data source being set to squats_2_grf
[info] Storage: read data file = squats_2_grf.mot (nr=1676 nc=19)
[info] ExternalForce::RightGRF Data source being set to squats_2_grf
[info] ExternalForce::LeftGRF Data source being set to squats_2_grf
[info] Storage: read data file = squats_2_grf.mot (nr=1676 nc=19)
[info] ExternalForce::RightGRF Data source being set to squats_2_grf
[info] ExternalForce::LeftGRF Data source being set to squats_2_grf
[info] Storage: read data file = squats_2_grf.mot (nr=1676 nc=19)
[info] ExternalForce::RightGRF Data source being set to squats_2_grf
[info] ExternalForce::LeftGRF Data source being set to squats_2_grf
[info] Storage: read data file = squats_2_grf.mot (nr=1676 nc=19)
[info] ExternalForce::RightGRF Data source being set to squats_2_grf
[info] ExternalForce::LeftGRF Data source being set to squats_2_grf
[info] Storage: read data file = squats_2_grf.mot (nr=1676 nc=19)
[info] ExternalForce::RightGRF Data source being set to squats_2_grf
[info] ExternalForce::LeftGRF Data source being set to squats_2_grf
[info] Storage: read data file = squats_2_grf.mot (nr=1676 nc=19)
[info] ExternalForce::RightGRF Data source being set to squats_2_grf
[info] ExternalForce::LeftGRF Data source being set to squats_2_grf
[info] Storage: read data file = squats_2_grf.mot (nr=1676 nc=19)
[info] ExternalForce::RightGRF Data source being set to squats_2_grf
[info] ExternalForce::LeftGRF Data source being set to squats_2_grf
[info] Storage: read data file = squats_2_grf.mot (nr=1676 nc=19)
[info] ExternalForce::RightGRF Data source being set to squats_2_grf
[info] ExternalForce::LeftGRF Data source being set to squats_2_grf
[info] Storage: read data file = squats_2_grf.mot (nr=1676 nc=19)
[info] ExternalForce::RightGRF Data source being set to squats_2_grf
[info] ExternalForce::LeftGRF Data source being set to squats_2_grf
[info] Storage: read data file = squats_2_grf.mot (nr=1676 nc=19)
[info] ExternalForce::RightGRF Data source being set to squats_2_grf
[info] ExternalForce::LeftGRF Data source being set to squats_2_grf
[info] Storage: read data file = squats_2_grf.mot (nr=1676 nc=19)
[info] ExternalForce::RightGRF Data source being set to squats_2_grf
[info] ExternalForce::LeftGRF Data source being set to squats_2_grf
[info] Storage: read data file = squats_2_grf.mot (nr=1676 nc=19)
[info] ExternalForce::RightGRF Data source being set to squats_2_grf
[info] ExternalForce::LeftGRF Data source being set to squats_2_grf
[info] Storage: read data file = squats_2_grf.mot (nr=1676 nc=19)
[info] ExternalForce::RightGRF Data source being set to squats_2_grf
[info] ExternalForce::LeftGRF Data source being set to squats_2_grf
[info] Storage: read data file = squats_2_grf.mot (nr=1676 nc=19)
[info] ExternalForce::RightGRF Data source being set to squats_2_grf
[info] ExternalForce::LeftGRF Data source being set to squats_2_grf
[info] Storage: read data file = squats_2_grf.mot (nr=1676 nc=19)
[info] ExternalForce::RightGRF Data source being set to squats_2_grf
[info] ExternalForce::LeftGRF Data source being set to squats_2_grf
[info] Storage: read data file = squats_2_grf.mot (nr=1676 nc=19)
[info] ExternalForce::RightGRF Data source being set to squats_2_grf
[info] ExternalForce::LeftGRF Data source being set to squats_2_grf
[info] Storage: read data file = squats_2_grf.mot (nr=1676 nc=19)
[info] ExternalForce::RightGRF Data source being set to squats_2_grf
[info] ExternalForce::LeftGRF Data source being set to squats_2_grf
[info] Storage: read data file = squats_2_grf.mot (nr=1676 nc=19)
[info] ExternalForce::RightGRF Data source being set to squats_2_grf
[info] ExternalForce::LeftGRF Data source being set to squats_2_grf
[info] Storage: read data file = squats_2_grf.mot (nr=1676 nc=19)
[info] ExternalForce::RightGRF Data source being set to squats_2_grf
[info] ExternalForce::LeftGRF Data source being set to squats_2_grf
[info] Storage: read data file = squats_2_grf.mot (nr=1676 nc=19)
[info] ExternalForce::RightGRF Data source being set to squats_2_grf
[info] ExternalForce::LeftGRF Data source being set to squats_2_grf
[info] Storage: read data file = squats_2_grf.mot (nr=1676 nc=19)
[info] ExternalForce::RightGRF Data source being set to squats_2_grf
[info] ExternalForce::LeftGRF Data source being set to squats_2_grf
[info] Number of threads: 96

List of user-set options:

                                    Name   Value                used
                acceptable_compl_inf_tol = 0.001                 yes
              acceptable_constr_viol_tol = 1                     yes
                 acceptable_dual_inf_tol = 0.001                 yes
                          acceptable_tol = 0.001                 yes
                           compl_inf_tol = 0.001                 yes
                         constr_viol_tol = 1                     yes
                            dual_inf_tol = 0.001                 yes
                   hessian_approximation = limited-memory        yes
                           linear_solver = mumps                 yes
                                max_iter = 3000                  yes
                      print_user_options = yes                   yes
                                     tol = 0.001                 yes

******************************************************************************
This program contains Ipopt, a library for large-scale nonlinear optimization.
 Ipopt is released as open source code under the Eclipse Public License (EPL).
         For more information visit https://github.com/coin-or/Ipopt
******************************************************************************

This is Ipopt version 3.14.16, running with linear solver MUMPS 5.6.2.

Number of nonzeros in equality constraint Jacobian...:  1072848
Number of nonzeros in inequality constraint Jacobian.:        0
Number of nonzeros in Lagrangian Hessian.............:        0

Total number of variables............................:     8414
                     variables with only lower bounds:        0
                variables with lower and upper bounds:     7445
                     variables with only upper bounds:        0
Total number of equality constraints.................:     6842
Total number of inequality constraints...............:        0
        inequality constraints with only lower bounds:        0
   inequality constraints with lower and upper bounds:        0
        inequality constraints with only upper bounds:        0

iter    objective    inf_pr   inf_du lg(mu)  ||d||  lg(rg) alpha_du alpha_pr  ls
   0  1.9981158e+00 1.97e+02 4.13e-03   0.0 0.00e+00    -  0.00e+00 0.00e+00   0
   1  2.3031148e+00 1.84e+02 1.02e+02  -2.8 8.86e+00    -  6.46e-02 6.50e-02h  1
   2  2.9695833e+00 1.74e+02 1.64e+02  -2.8 1.02e+01    -  1.19e-01 5.40e-02h  1
   3  8.0017960e+00 1.40e+02 3.45e+02  -2.9 9.72e+00    -  1.77e-01 1.97e-01h  1
   4  1.0446926e+01 1.17e+02 3.88e+02  -3.0 1.03e+01    -  1.79e-01 1.66e-01h  1
   5  1.1269925e+01 1.02e+02 3.58e+02  -3.1 1.38e+01    -  1.51e-01 1.26e-01h  1
   6  1.3009849e+01 7.99e+01 3.24e+02  -3.1 1.34e+01    -  1.50e-01 2.17e-01h  1
   7  1.4823143e+01 4.94e+01 2.74e+02  -3.2 2.06e+01    -  1.81e-01 3.83e-01h  1
   8  1.3761831e+01 3.80e+01 2.49e+02  -3.3 2.15e+01    -  8.16e-02 2.32e-01h  1
   9  1.2563855e+01 2.84e+01 2.13e+02  -3.3 1.83e+01    -  8.05e-03 2.49e-01h  1
iter    objective    inf_pr   inf_du lg(mu)  ||d||  lg(rg) alpha_du alpha_pr  ls
  10  1.1765542e+01 2.24e+01 1.75e+02  -3.3 1.15e+01    -  4.70e-01 2.07e-01h  1
  11  1.0723009e+01 1.27e+01 1.01e+02  -3.6 1.11e+01    -  1.36e-01 4.13e-01h  1
  12  1.0154251e+01 9.71e+00 7.57e+01  -3.7 5.90e+00    -  2.52e-01 2.33e-01h  1
  13  9.6037813e+00 5.48e+00 4.40e+01  -3.8 1.85e+00    -  8.12e-02 4.34e-01h  1
  14  9.5669290e+00 5.36e+00 4.30e+01  -3.8 1.30e+00    -  3.75e-01 2.23e-02h  1
  15  8.8554830e+00 3.49e+00 2.90e+01  -4.0 2.01e+00    -  2.21e-01 3.42e-01h  1
  16  8.6848648e+00 3.27e+00 2.69e+01  -4.2 2.17e+00    -  1.73e-01 6.14e-02h  1
  17  8.2287073e+00 2.46e+00 2.07e+01  -4.2 1.56e+00    -  1.48e-01 2.35e-01h  1
  18  7.8966188e+00 2.08e+00 1.73e+01  -4.3 2.33e+00    -  1.25e-01 1.48e-01h  1
  19  7.4740791e+00 1.44e+00 1.30e+01  -4.4 2.20e+00    -  9.90e-02 2.56e-01h  1
iter    objective    inf_pr   inf_du lg(mu)  ||d||  lg(rg) alpha_du alpha_pr  ls
  20  6.9910585e+00 1.00e+00 7.34e+00  -4.4 1.89e+00    -  2.96e-01 4.22e-01h  1
  21  6.6256421e+00 1.34e+00 4.68e+00  -4.6 1.50e+00    -  2.84e-01 3.48e-01h  1
  22  6.5397701e+00 1.23e+00 4.11e+00  -4.7 1.01e+00    -  2.33e-01 1.16e-01h  1
  23  6.3922941e+00 1.13e+00 3.32e+00  -4.8 1.48e+00    -  1.70e-01 2.06e-01h  1
  24  6.1829120e+00 1.90e+00 2.37e+00  -4.9 1.95e+00    -  1.09e-01 3.00e-01h  1
  25  6.1197303e+00 1.78e+00 2.19e+00  -5.0 2.08e+00    -  2.13e-01 8.44e-02h  1
  26  6.0293420e+00 1.74e+00 1.77e+00  -5.1 1.78e+00    -  3.43e-02 1.95e-01h  1
  27  5.9701672e+00 1.44e+00 1.39e+00  -5.1 2.31e+00    -  2.58e-01 1.79e-01h  1
  28  5.9212739e+00 1.03e+00 1.59e+00  -5.2 1.22e+00    -  1.64e-01 2.93e-01h  1
  29  5.8857385e+00 8.79e-01 1.39e+00  -5.3 2.44e+00    -  2.45e-02 1.50e-01h  1
iter    objective    inf_pr   inf_du lg(mu)  ||d||  lg(rg) alpha_du alpha_pr  ls
  30  5.8594289e+00 7.98e-01 1.24e+00  -5.3 2.41e+00    -  1.61e-01 9.53e-02h  1
  31  5.8334086e+00 7.61e-01 1.20e+00  -5.4 5.67e+00    -  2.89e-02 4.90e-02h  1
  32  5.7947340e+00 7.25e-01 1.18e+00  -5.4 1.04e+01    -  3.93e-02 5.32e-02h  1
  33  5.7506298e+00 6.89e-01 1.11e+00  -5.4 1.16e+01    -  6.10e-02 5.27e-02h  1
  34  5.6973131e+00 6.75e-01 1.05e+00  -5.4 2.80e+01    -  6.08e-02 3.06e-02h  1
  35  5.6717854e+00 6.61e-01 1.02e+00  -5.5 1.64e+01    -  4.71e-02 2.17e-02h  1
  36  5.5949273e+00 9.53e-01 8.99e-01  -5.5 2.40e+01    -  7.61e-03 7.58e-02h  1
  37  5.5654295e+00 9.50e-01 8.76e-01  -5.5 3.85e+01    -  2.47e-02 1.33e-02h  1
  38  5.5070715e+00 1.01e+00 7.84e-01  -5.5 4.43e+01    -  6.95e-02 6.01e-02h  1
  39  5.4542382e+00 9.94e-01 7.40e-01  -5.5 2.82e+01    -  1.13e-02 3.96e-02h  1
iter    objective    inf_pr   inf_du lg(mu)  ||d||  lg(rg) alpha_du alpha_pr  ls
  40  5.4310215e+00 9.84e-01 7.30e-01  -5.5 3.40e+01    -  5.39e-02 1.20e-02h  1
  41  5.3729644e+00 1.37e+00 9.31e-01  -5.5 2.75e+01    -  7.15e-02 1.08e-01h  1
  42  5.3253477e+00 1.42e+00 7.85e-01  -5.6 4.28e+01    -  3.43e-02 4.96e-02h  1
  43  5.2730198e+00 1.41e+00 7.75e-01  -5.6 3.93e+01    -  1.33e-01 3.57e-02h  1
  44  5.2663611e+00 1.38e+00 1.07e+00  -5.7 2.89e+01    -  3.63e-02 3.86e-02h  1
  45  5.2494157e+00 1.32e+00 1.02e+00  -5.7 5.69e+00    -  3.77e-02 4.05e-02h  1
  46  5.2083558e+00 1.30e+00 9.86e-01  -5.7 2.96e+01    -  6.15e-02 1.82e-02h  1
  47  5.1747771e+00 1.24e+00 8.41e-01  -5.7 1.51e+01    -  7.91e-03 5.51e-02h  1
  48  5.1729344e+00 1.24e+00 8.31e-01  -5.7 3.98e+01    -  3.86e-02 8.37e-04h  1
  49  5.1239167e+00 1.25e+00 9.45e-01  -5.7 4.57e+01    -  3.57e-02 3.77e-02h  1
iter    objective    inf_pr   inf_du lg(mu)  ||d||  lg(rg) alpha_du alpha_pr  ls
  50  5.0763431e+00 1.25e+00 6.56e-01  -5.8 4.63e+01    -  3.32e-03 3.22e-02h  1
  51  5.0746372e+00 1.25e+00 6.60e-01  -5.8 6.70e+01    -  2.34e-02 6.85e-04h  1
  52  5.0530137e+00 1.26e+00 6.05e-01  -5.8 7.29e+01    -  2.42e-03 2.65e-02h  1
  53  5.0503116e+00 1.26e+00 6.54e-01  -5.8 6.07e+01    -  4.50e-02 1.36e-03h  1
  54  5.0035027e+00 1.26e+00 6.63e-01  -5.8 1.23e+02    -  3.82e-03 1.35e-02h  1
  55  4.9946655e+00 1.26e+00 6.72e-01  -5.8 5.08e+01    -  1.32e-02 2.62e-03h  1
  56  4.9504627e+00 1.23e+00 2.02e+00  -5.8 2.82e+01    -  4.49e-03 6.77e-02h  1
  57  4.9137142e+00 1.23e+00 2.03e+00  -5.8 1.59e+02    -  2.53e-03 7.87e-03h  1
  58  4.9092351e+00 1.23e+00 2.02e+00  -5.8 7.82e+01    -  1.79e-02 1.33e-03h  1
  59  4.8817055e+00 1.21e+00 1.98e+00  -5.8 4.47e+01    -  1.92e-03 2.22e-02h  1
iter    objective    inf_pr   inf_du lg(mu)  ||d||  lg(rg) alpha_du alpha_pr  ls
  60  4.8505092e+00 1.19e+00 1.89e+00  -5.8 5.25e+01    -  2.07e-02 2.82e-02h  2
  61  4.8237036e+00 1.19e+00 1.86e+00  -5.8 8.02e+01    -  1.05e-02 1.98e-02h  1
  62  4.8088048e+00 1.19e+00 1.84e+00  -5.8 1.31e+02    -  2.24e-02 1.10e-02h  1
  63  4.7986019e+00 1.18e+00 2.22e+00  -5.8 6.79e+01    -  5.91e-02 6.87e-03h  1
  64  4.7888708e+00 1.20e+00 2.07e+00  -5.9 1.43e+02    -  1.01e-02 1.77e-02h  2
  65  4.7726226e+00 1.18e+00 2.03e+00  -5.9 4.56e+01    -  4.58e-04 2.08e-02h  2
  66  4.7487508e+00 1.15e+00 1.94e+00  -5.9 3.80e+01    -  4.64e-02 3.50e-02h  1
  67  4.7406083e+00 1.15e+00 1.94e+00  -5.9 6.98e+01    -  4.38e-02 2.49e-03h  1
  68  4.7120298e+00 1.07e+00 1.85e+00  -5.9 1.67e+01    -  4.58e-02 7.61e-02h  1
  69  4.7087073e+00 1.07e+00 1.85e+00  -5.9 7.27e+01    -  7.47e-04 6.96e-04h  1
iter    objective    inf_pr   inf_du lg(mu)  ||d||  lg(rg) alpha_du alpha_pr  ls
  70  4.6778868e+00 9.97e-01 1.66e+00  -5.9 1.94e+01    -  5.22e-02 1.05e-01h  1
  71  4.6648132e+00 9.90e-01 1.62e+00  -5.9 3.19e+01    -  3.49e-02 7.37e-03h  1
  72  4.6423184e+00 8.78e-01 3.11e+00  -6.0 1.89e+01    -  1.99e-03 1.64e-01h  1
  73  4.6165015e+00 9.03e-01 3.05e+00  -6.0 1.24e+02    -  3.03e-02 1.39e-02h  1
  74  4.5985630e+00 8.85e-01 3.07e+00  -6.0 6.88e+01    -  5.63e-02 2.27e-02h  1
  75  4.5880951e+00 8.79e-01 3.54e+00  -6.0 8.12e+01    -  3.45e-02 7.25e-03h  1
  76  4.5768755e+00 8.38e-01 2.84e+00  -6.0 3.22e+01    -  1.85e-03 9.84e-02h  1
  77  4.5642251e+00 8.30e-01 2.74e+00  -6.0 5.71e+01    -  5.57e-02 2.57e-02h  2
  78  4.5501625e+00 8.44e-01 2.63e+00  -6.0 7.45e+01    -  1.69e-03 3.30e-02h  1
  79  4.5417438e+00 8.44e-01 2.57e+00  -6.0 7.43e+01    -  2.87e-02 2.37e-02h  1
iter    objective    inf_pr   inf_du lg(mu)  ||d||  lg(rg) alpha_du alpha_pr  ls
  80  4.5343137e+00 8.35e-01 2.54e+00  -6.1 4.13e+01    -  1.57e-02 1.25e-02h  1
  81  4.5292271e+00 8.32e-01 2.53e+00  -6.1 9.23e+01    -  1.04e-02 3.53e-03h  1
  82  4.5210967e+00 8.32e-01 2.49e+00  -6.1 1.03e+02    -  1.51e-02 1.28e-02h  2
  83  4.5045640e+00 8.15e-01 2.47e+00  -6.1 3.82e+01    -  7.46e-03 2.49e-02h  1
  84  4.4841790e+00 7.98e-01 2.40e+00  -6.1 4.28e+01    -  7.16e-03 3.85e-02h  1
  85  4.4762795e+00 7.93e-01 2.36e+00  -6.1 6.74e+01    -  2.95e-02 1.51e-02h  2
  86  4.4601259e+00 7.70e-01 2.26e+00  -6.1 2.77e+01    -  9.60e-03 3.75e-02h  1
  87  4.4433309e+00 7.63e-01 2.20e+00  -6.1 5.60e+01    -  3.62e-03 2.25e-02h  1
  88  4.4351491e+00 7.59e-01 2.18e+00  -6.1 8.93e+01    -  2.55e-02 7.13e-03h  1
  89  4.4364277e+00 7.40e-01 2.12e+00  -6.1 2.99e+01    -  4.88e-02 3.62e-02h  1
iter    objective    inf_pr   inf_du lg(mu)  ||d||  lg(rg) alpha_du alpha_pr  ls
  90  4.4316202e+00 7.32e-01 2.06e+00  -6.1 3.77e+01    -  5.34e-02 1.21e-02h  1
  91  4.4301088e+00 7.32e-01 1.92e+00  -6.2 1.31e+02    -  2.98e-02 1.20e-02h  2
  92  4.4239399e+00 7.23e-01 1.86e+00  -6.2 2.20e+01    -  3.15e-02 1.25e-02h  1
  93  4.4082634e+00 6.44e-01 1.61e+00  -6.2 1.21e+01    -  6.38e-03 1.13e-01h  1
  94  4.4056309e+00 6.44e-01 1.67e+00  -6.2 6.65e+01    -  6.17e-03 1.53e-03h  1
  95  4.3950852e+00 6.00e-01 6.50e-01  -6.2 2.16e+01    -  1.79e-02 8.07e-02h  1
  96  4.3849466e+00 6.63e-01 6.47e-01  -6.2 5.03e+01    -  6.24e-03 2.13e-02h  1
  97  4.3792556e+00 6.57e-01 6.44e-01  -6.2 5.20e+01    -  1.05e-03 9.16e-03h  2
  98  4.3694409e+00 6.16e-01 1.05e+00  -6.2 2.39e+01    -  1.53e-01 6.56e-02h  1
  99  4.3635146e+00 6.11e-01 1.01e+00  -6.3 7.37e+01    -  7.44e-03 8.62e-03h  1
iter    objective    inf_pr   inf_du lg(mu)  ||d||  lg(rg) alpha_du alpha_pr  ls
 100  4.3607943e+00 6.06e-01 1.00e+00  -6.3 2.03e+01    -  9.23e-03 9.34e-03h  1
 101  4.3550290e+00 5.95e-01 9.32e-01  -6.3 4.79e+01    -  1.12e-02 1.64e-02h  1
 102  4.3495742e+00 5.69e-01 7.36e-01  -6.3 1.50e+01    -  1.66e-03 4.42e-02h  1
 103  4.3490031e+00 5.68e-01 7.76e-01  -6.3 1.76e+01    -  9.97e-02 3.12e-03h  1
 104  4.3413754e+00 5.51e-01 7.33e-01  -6.3 3.60e+01    -  2.57e-02 2.91e-02h  1
 105  4.3398755e+00 5.49e-01 7.46e-01  -6.3 4.04e+01    -  1.02e-02 3.06e-03h  1
 106  4.3377299e+00 5.40e-01 7.74e-01  -6.3 2.26e+01    -  5.70e-03 1.83e-02h  1
 107  4.3274157e+00 4.86e-01 6.73e-01  -6.3 6.68e+00    -  8.46e-02 1.04e-01h  1
 108  4.3232380e+00 4.79e-01 8.52e-01  -6.4 1.73e+01    -  7.64e-02 1.36e-02h  1
 109  4.3197347e+00 4.70e-01 5.89e-01  -6.4 1.36e+01    -  5.73e-02 2.07e-02h  1
iter    objective    inf_pr   inf_du lg(mu)  ||d||  lg(rg) alpha_du alpha_pr  ls
 110  4.3159795e+00 4.65e-01 6.13e-01  -6.4 2.74e+01    -  2.04e-02 9.98e-03h  1
 111  4.3101063e+00 4.52e-01 6.47e-01  -6.5 2.81e+01    -  1.05e-02 3.03e-02h  1
 112  4.3073604e+00 4.48e-01 6.31e-01  -6.5 3.37e+01    -  1.25e-02 9.89e-03h  1
 113  4.3050240e+00 4.40e-01 8.78e-01  -6.5 1.80e+01    -  4.70e-02 1.80e-02h  1
 114  4.2979418e+00 4.19e-01 6.34e-01  -6.5 2.40e+01    -  1.43e-03 5.98e-02h  1
 115  4.2964322e+00 4.16e-01 6.06e-01  -6.5 4.80e+01    -  1.61e-02 9.54e-03h  1
 116  4.2933758e+00 4.02e-01 5.94e-01  -6.5 1.56e+01    -  2.51e-02 3.60e-02h  1
 117  4.2937764e+00 3.89e-01 6.01e-01  -6.5 2.80e+01    -  4.47e-02 4.02e-02h  1
 118  4.2892824e+00 3.69e-01 5.63e-01  -6.5 2.32e+01    -  1.14e-01 6.62e-02h  1
 119  4.2878324e+00 3.67e-01 5.67e-01  -6.6 4.11e+01    -  1.76e-02 4.66e-03h  1
iter    objective    inf_pr   inf_du lg(mu)  ||d||  lg(rg) alpha_du alpha_pr  ls
 120  4.2865131e+00 3.62e-01 5.54e-01  -6.6 1.01e+01    -  9.43e-02 1.30e-02h  1
 121  4.2838240e+00 3.56e-01 5.47e-01  -6.6 2.32e+01    -  9.04e-03 1.85e-02h  1
 122  4.2821882e+00 3.48e-01 5.53e-01  -6.6 8.42e+00    -  1.12e-02 2.10e-02h  1
 123  4.2814789e+00 3.43e-01 5.44e-01  -6.6 3.39e+00    -  4.96e-02 1.53e-02h  1
 124  4.2791850e+00 3.35e-01 5.15e-01  -6.7 4.33e+00    -  7.83e-02 2.28e-02h  1
 125  4.2764595e+00 3.03e-01 4.64e-01  -6.7 3.77e-01    -  7.89e-02 9.59e-02h  1
 126  4.2727199e+00 2.50e-01 3.91e-01  -6.7 1.71e+00    -  6.78e-02 1.75e-01h  1
 127  4.2725944e+00 2.42e-01 3.32e-01  -6.8 1.68e+01    -  2.24e-02 3.25e-02h  1
 128  4.2744855e+00 2.11e-01 2.81e-01  -6.8 6.09e+00    -  1.12e-01 1.27e-01h  1
 129  4.2737397e+00 2.07e-01 2.75e-01  -6.8 3.05e+00    -  6.50e-02 1.55e-02h  1
iter    objective    inf_pr   inf_du lg(mu)  ||d||  lg(rg) alpha_du alpha_pr  ls
 130  4.2702564e+00 1.87e-01 2.51e-01  -6.8 2.84e+00    -  1.37e-01 1.01e-01h  1
 131  4.2690339e+00 1.85e-01 2.54e-01  -6.9 4.66e+00    -  3.29e-02 6.81e-03h  1
 132  4.2663704e+00 1.66e-01 2.83e-01  -6.9 4.00e-01    -  4.95e-02 1.03e-01h  1
 133  4.2634348e+00 1.34e-01 7.14e-01  -6.9 1.70e-01    -  4.45e-02 1.96e-01h  1
 134  4.2625487e+00 1.25e-01 6.54e-01  -7.0 5.06e-01    -  8.87e-02 6.78e-02h  1
 135  4.2621453e+00 9.88e-02 6.40e-01  -7.0 9.91e-01    -  6.41e-02 2.06e-01h  1
 136  4.2618034e+00 9.73e-02 7.16e-01  -7.0 1.27e+00    -  1.89e-01 1.60e-02h  1
 137  4.2632304e+00 8.90e-02 5.66e-01  -7.1 2.99e+00    -  4.75e-02 9.35e-02h  1
 138  4.2616997e+00 8.62e-02 5.33e-01  -7.1 3.14e+00    -  3.71e-02 3.34e-02h  1
 139  4.2615025e+00 8.60e-02 6.50e-01  -7.2 3.87e+00    -  5.55e-02 2.28e-03h  1
iter    objective    inf_pr   inf_du lg(mu)  ||d||  lg(rg) alpha_du alpha_pr  ls
 140  4.2600328e+00 8.39e-02 1.14e+00  -7.2 3.39e+00    -  1.11e-01 2.60e-02h  1
 141  4.2597851e+00 8.62e-02 1.08e+00  -7.2 3.09e+00    -  8.20e-02 7.78e-02h  1
 142  4.2587173e+00 8.38e-02 1.05e+00  -7.3 1.48e+00    -  2.63e-02 2.84e-02h  1
 143  4.2573189e+00 8.20e-02 9.55e-01  -7.3 2.67e+00    -  2.76e-02 2.15e-02h  1
 144  4.2546244e+00 7.05e-02 7.10e-01  -7.3 6.80e-01    -  6.39e-02 1.69e-01h  1
 145  4.2538827e+00 7.01e-02 6.46e-01  -7.3 5.99e+00    -  2.09e-02 6.32e-03h  1
 146  4.2534026e+00 6.43e-02 9.20e-01  -7.3 2.56e+00    -  2.86e-03 5.72e-02h  1
 147  4.2523227e+00 6.18e-02 9.58e-01  -7.3 2.75e+00    -  2.39e-02 4.14e-02h  1
 148  4.2521707e+00 6.15e-02 9.00e-01  -7.4 4.13e+00    -  3.34e-02 3.47e-03h  1
 149  4.2506641e+00 6.05e-02 8.17e-01  -7.4 1.10e+01    -  3.33e-02 2.22e-02h  1
iter    objective    inf_pr   inf_du lg(mu)  ||d||  lg(rg) alpha_du alpha_pr  ls
 150  4.2498095e+00 5.98e-02 8.85e-01  -7.4 1.74e+01    -  3.15e-02 1.16e-02h  2
 151  4.2485505e+00 5.78e-02 7.83e-01  -7.4 5.88e+00    -  5.71e-02 3.93e-02h  1
 152  4.2483771e+00 5.64e-02 7.22e-01  -7.4 2.17e+00    -  2.93e-02 2.13e-02h  1
 153  4.2483421e+00 5.61e-02 8.15e-01  -7.4 2.14e-01    -  9.42e-02 5.27e-03h  1
 154  4.2478576e+00 5.36e-02 8.72e-01  -7.5 6.66e-01    -  1.74e-02 4.48e-02h  1
 155  4.2477079e+00 5.33e-02 7.52e-01  -7.5 1.00e+00    -  4.07e-02 5.65e-03h  1
 156  4.2476989e+00 5.32e-02 7.62e-01  -7.5 6.18e-01    -  1.68e-02 9.21e-04h  1
 157  4.2467223e+00 5.20e-02 5.28e-01  -7.5 3.22e+00    -  8.19e-04 6.11e-02h  1
 158  4.2463584e+00 5.15e-02 5.21e-01  -7.5 4.55e+00    -  5.70e-03 9.01e-03h  1
 159  4.2462408e+00 5.14e-02 5.73e-01  -7.5 6.04e+00    -  1.67e-02 2.20e-03h  1
iter    objective    inf_pr   inf_du lg(mu)  ||d||  lg(rg) alpha_du alpha_pr  ls
 160  4.2453838e+00 7.56e-02 5.24e-01  -7.5 1.48e+01    -  2.88e-02 1.15e-02h  1
 161  4.2452415e+00 7.55e-02 5.26e-01  -7.5 2.58e+01    -  1.20e-02 1.05e-03h  1
 162  4.2438587e+00 7.40e-02 5.37e-01  -7.5 2.00e+01    -  1.99e-02 1.79e-02h  1
 163  4.2437481e+00 7.40e-02 5.67e-01  -7.5 8.00e+00    -  3.38e-02 6.42e-04h  1
 164  4.2425279e+00 6.37e-02 6.63e-01  -7.6 1.76e+00    -  2.08e-03 1.38e-01h  1
 165  4.2419401e+00 6.35e-02 6.79e-01  -7.6 3.21e+01    -  1.18e-02 4.38e-03h  3
 166  4.2411969e+00 6.20e-02 6.66e-01  -7.6 1.15e+01    -  2.39e-02 2.11e-02h  1
 167  4.2407971e+00 6.11e-02 6.99e-01  -7.6 1.50e+01    -  2.84e-02 1.38e-02h  1
 168  4.2407485e+00 6.11e-02 6.84e-01  -7.6 1.30e+01    -  9.30e-03 7.85e-04h  1
 169  4.2403253e+00 5.90e-02 6.56e-01  -7.6 5.54e+00    -  4.00e-02 3.25e-02h  1
iter    objective    inf_pr   inf_du lg(mu)  ||d||  lg(rg) alpha_du alpha_pr  ls
 170  4.2400883e+00 5.88e-02 6.57e-01  -7.6 1.76e+01    -  1.90e-03 3.08e-03h  1
 171  4.2397138e+00 5.75e-02 7.97e-01  -7.6 9.56e+00    -  5.54e-03 3.16e-02h  1
 172  4.2396030e+00 5.74e-02 7.74e-01  -7.6 1.20e+01    -  6.95e-03 1.85e-03h  1
 173  4.2392990e+00 5.69e-02 7.51e-01  -7.6 1.06e+01    -  8.67e-03 7.17e-03h  1
 174  4.2392332e+00 5.69e-02 6.85e-01  -7.6 9.36e+00    -  8.15e-03 1.25e-03h  1
 175  4.2388782e+00 5.63e-02 7.01e-01  -7.6 8.71e+00    -  3.70e-04 1.08e-02h  1
 176  4.2384037e+00 5.49e-02 6.88e-01  -7.6 1.36e+01    -  3.41e-02 2.06e-02h  1
 177  4.2381132e+00 5.48e-02 6.82e-01  -7.6 1.56e+01    -  1.26e-02 7.76e-03h  1
 178  4.2376154e+00 5.34e-02 6.53e-01  -7.6 5.42e-01    -  3.64e-02 2.96e-02h  1
 179  4.2374797e+00 5.09e-02 6.12e-01  -7.7 1.61e-01    -  1.06e-01 4.62e-02h  1
iter    objective    inf_pr   inf_du lg(mu)  ||d||  lg(rg) alpha_du alpha_pr  ls
 180  4.2373335e+00 5.01e-02 6.01e-01  -7.7 1.60e+00    -  1.38e-02 1.52e-02h  1
 181  4.2369332e+00 4.93e-02 5.90e-01  -7.7 5.29e+00    -  8.36e-03 1.71e-02h  1
 182  4.2365948e+00 4.80e-02 5.75e-01  -7.7 5.68e+00    -  2.18e-02 2.63e-02h  1
 183  4.2365817e+00 4.80e-02 5.99e-01  -7.7 6.68e+00    -  4.57e-02 3.72e-04h  1
 184  4.2365007e+00 4.73e-02 5.79e-01  -7.8 1.16e+01    -  1.50e-02 1.92e-02h  1
 185  4.2360878e+00 4.66e-02 5.28e-01  -7.8 7.60e+00    -  3.00e-02 1.50e-02h  1
 186  4.2360039e+00 4.65e-02 5.67e-01  -7.8 8.41e+00    -  3.09e-02 1.36e-03h  1
 187  4.2356429e+00 4.57e-02 5.73e-01  -7.8 8.16e+00    -  2.57e-02 1.70e-02h  2
 188  4.2354843e+00 4.54e-02 7.24e-01  -7.8 4.37e+00    -  4.42e-02 6.56e-03h  1
 189  4.2356346e+00 4.11e-02 6.81e-01  -7.8 1.93e+00    -  8.75e-03 4.25e-02h  1
iter    objective    inf_pr   inf_du lg(mu)  ||d||  lg(rg) alpha_du alpha_pr  ls
 190  4.2351074e+00 3.92e-02 3.35e-01  -7.8 1.92e+00    -  7.52e-03 4.51e-02h  1
 191  4.2347873e+00 4.46e-02 3.84e-01  -7.8 3.33e+00    -  1.75e-02 1.20e-02h  3
 192  4.2346065e+00 4.34e-02 3.76e-01  -7.8 1.33e+00    -  2.67e-02 2.61e-02h  1
 193  4.2356055e+00 3.73e-02 3.06e-01  -7.8 1.84e+01    -  5.62e-04 1.06e-02h  2
 194  4.2346690e+00 4.34e-02 3.63e-01  -7.8 1.64e+00    -  1.18e-01 9.47e-02h  1
 195  4.2336872e+00 4.30e-02 3.32e-01  -7.9 3.94e+00    -  3.75e-03 1.01e-02h  2
 196  4.2336660e+00 4.29e-02 3.19e-01  -7.9 1.03e+00    -  2.11e-02 2.60e-03h  1
 197  4.2334965e+00 4.29e-02 3.19e-01  -7.9 5.64e+00    -  8.12e-03 8.18e-04h  1
 198  4.2329418e+00 3.88e-02 3.00e-01  -7.9 8.36e-01    -  1.79e-02 9.64e-02h  1
 199  4.2326938e+00 3.87e-02 3.01e-01  -7.9 2.11e+01    -  5.46e-03 8.59e-04h  1
iter    objective    inf_pr   inf_du lg(mu)  ||d||  lg(rg) alpha_du alpha_pr  ls
 200  4.2322399e+00 3.56e-02 2.60e-01  -7.9 2.60e+00    -  1.35e-02 8.73e-02h  1
 201  4.2319172e+00 3.44e-02 2.68e-01  -7.9 4.54e+00    -  7.64e-03 4.02e-02h  1
 202  4.2318447e+00 3.34e-02 2.61e-01  -7.9 6.32e+00    -  9.95e-03 3.02e-02h  1
 203  4.2318267e+00 3.34e-02 2.72e-01  -7.9 4.83e+00    -  4.09e-02 5.83e-04h  1
 204  4.2310663e+00 3.30e-02 2.65e-01  -8.0 8.47e+00    -  1.04e-02 1.85e-02h  1
 205  4.2309323e+00 3.29e-02 2.68e-01  -8.0 5.93e+00    -  2.02e-02 2.55e-03h  1
 206  4.2306656e+00 3.25e-02 2.59e-01  -8.0 7.99e-01    -  2.35e-03 1.28e-02h  1
 207  4.2305832e+00 3.17e-02 6.86e-01  -8.0 2.22e-01    -  1.31e-01 2.21e-02h  1
 208  4.2301595e+00 2.58e-02 5.83e-01  -8.0 2.75e+00    -  1.36e-03 2.51e-02h  1
 209  4.2301078e+00 2.56e-02 5.84e-01  -8.0 7.95e-01    -  4.75e-03 7.77e-03h  1
iter    objective    inf_pr   inf_du lg(mu)  ||d||  lg(rg) alpha_du alpha_pr  ls
 210  4.2300983e+00 2.56e-02 9.45e-01  -8.0 2.34e+00    -  5.70e-02 6.14e-04h  1
 211  4.2295116e+00 2.53e-02 9.39e-01  -8.1 9.34e+00    -  1.24e-02 1.26e-02h  1
 212  4.2295029e+00 2.53e-02 9.72e-01  -8.1 1.01e+01    -  5.39e-03 1.18e-04h  1
 213  4.2294298e+00 2.52e-02 8.99e-01  -8.1 1.85e+00    -  3.40e-02 4.36e-03h  1
 214  4.2290372e+00 2.43e-02 8.29e-01  -8.1 2.67e+00    -  1.10e-02 3.61e-02h  1
 215  4.2287585e+00 2.41e-02 8.32e-01  -8.1 5.51e+00    -  4.66e-03 5.74e-03h  1
 216  4.2286957e+00 2.39e-02 7.62e-01  -8.1 7.50e-01    -  3.90e-02 9.78e-03h  1
 217  4.2284264e+00 2.35e-02 7.27e-01  -8.1 3.71e+00    -  1.46e-02 1.22e-02h  1
 218  4.2285387e+00 2.35e-02 7.60e-01  -4.2 2.81e+01    -  1.82e-03 2.25e-03f  1
 219  4.2298230e+00 2.57e-02 6.54e-01  -2.2 1.49e+03    -  3.25e-05 7.61e-05f  1
iter    objective    inf_pr   inf_du lg(mu)  ||d||  lg(rg) alpha_du alpha_pr  ls
 220  4.2328706e+00 2.19e-02 6.56e-01  -2.2 1.12e+03    -  7.81e-05 1.32e-04f  1
 221  4.2343604e+00 2.19e-02 6.82e-01  -2.2 4.73e+02    -  1.78e-04 1.05e-04f  1
 222  4.2555729e+00 4.39e-02 9.29e-01  -2.2 3.66e+02    -  3.43e-04 8.02e-04f  1
 223  4.2927788e+00 2.51e-01 1.18e+00  -2.2 2.44e+02    -  1.03e-03 1.63e-03f  1
 224  4.4381333e+00 4.84e-01 1.09e+00  -2.2 1.92e+02    -  7.66e-04 4.50e-03f  1
 225  4.5713296e+00 6.19e-01 9.77e-01  -2.2 1.47e+02    -  5.99e-03 4.31e-03f  1
 226  4.9495864e+00 1.07e+00 1.16e+00  -2.2 1.04e+02    -  3.27e-03 1.15e-02f  1
 227  5.5765654e+00 1.96e+00 1.22e+00  -2.2 7.60e+01    -  2.39e-02 1.98e-02f  1
 228  6.0609268e+00 2.32e+00 1.61e+00  -2.2 3.34e+01    -  4.34e-02 2.31e-02f  1
 229  7.4623410e+00 3.93e+00 2.76e+00  -2.2 2.26e+01    -  9.27e-02 7.83e-02f  1
iter    objective    inf_pr   inf_du lg(mu)  ||d||  lg(rg) alpha_du alpha_pr  ls
 230  8.2139087e+00 4.52e+00 3.02e+00  -2.2 8.65e+00    -  4.24e-01 1.14e-01f  1
 231  9.7256990e+00 6.58e+00 1.59e+01  -2.2 5.54e+00    -  7.54e-01 5.65e-01h  1
 232  1.1673657e+01 2.74e+00 1.18e+01  -2.2 3.08e+00    -  8.22e-01 1.00e+00h  1
 233  1.0494843e+01 1.34e+00 9.85e+00  -2.2 1.17e+00    -  9.60e-01 7.79e-01h  1
 234  9.6877701e+00 2.49e-01 7.65e+00  -2.2 9.12e-01    -  1.00e+00 1.00e+00h  1
 235  1.0198443e+01 9.94e-01 2.15e+01  -2.2 6.85e-01    -  7.07e-01 1.00e+00h  1
 236  9.8265344e+00 5.55e-01 6.09e+00  -2.2 6.39e-01    -  9.36e-01 6.47e-01h  1
 237  1.0005163e+01 1.75e-01 1.70e+01  -2.2 4.51e-01    -  1.00e+00 1.00e+00h  1
 238  1.0979836e+01 1.23e+00 2.13e+01  -2.2 1.23e+00    -  6.53e-01 1.00e+00H  1
 239  1.1466351e+01 6.04e-01 1.32e+01  -2.2 1.58e+00    -  1.00e+00 1.00e+00h  1
iter    objective    inf_pr   inf_du lg(mu)  ||d||  lg(rg) alpha_du alpha_pr  ls
 240  1.1576878e+01 1.32e+00 9.03e+00  -2.2 9.76e-01    -  1.00e+00 1.00e+00h  1
 241  1.0948255e+01 3.10e-01 5.88e+00  -2.2 4.80e-01    -  9.93e-01 1.00e+00h  1
 242  1.1206867e+01 2.02e-01 2.38e+00  -2.2 3.87e-01    -  1.00e+00 1.00e+00h  1
 243  1.1680246e+01 5.96e-01 1.30e+00  -2.2 5.70e-01    -  8.46e-01 1.00e+00h  1
 244  1.1978766e+01 7.02e-01 3.78e+00  -2.2 9.63e-01    -  1.00e+00 9.37e-01H  1
 245  1.1913169e+01 5.68e-01 2.58e+00  -2.2 5.19e-01    -  2.18e-01 1.00e+00h  1
 246  1.1740907e+01 1.53e-01 2.19e+00  -2.2 3.02e-01    -  1.00e+00 1.00e+00h  1
 247  1.1864733e+01 7.83e-02 1.66e+00  -2.2 2.71e-01    -  1.00e+00 1.00e+00h  1
 248  1.1973113e+01 2.39e-01 8.77e-01  -2.2 3.73e-01    -  1.00e+00 1.00e+00h  1
 249  1.2964897e+01 8.47e-02 2.64e+00  -2.2 1.46e+00    -  1.00e+00 1.00e+00H  1
iter    objective    inf_pr   inf_du lg(mu)  ||d||  lg(rg) alpha_du alpha_pr  ls
 250  1.2135395e+01 9.19e-02 2.13e+00  -2.2 5.55e-01    -  9.84e-01 1.00e+00f  1
 251  1.2118375e+01 1.70e-01 1.08e+00  -2.2 1.98e-01    -  1.00e+00 1.00e+00h  1
 252  1.2134787e+01 4.41e-02 8.24e-01  -2.2 1.03e-01    -  1.00e+00 1.00e+00h  1
 253  1.2080962e+01 2.60e-02 2.84e-01  -2.2 9.54e-02    -  1.00e+00 1.00e+00h  1
 254  1.0666572e+01 1.54e+00 3.50e+00  -2.4 2.61e-01    -  9.87e-01 1.00e+00f  1
 255  1.0091360e+01 5.57e-01 2.86e+00  -2.5 2.98e-01    -  1.00e+00 1.00e+00h  1
 256  9.7891912e+00 7.89e-01 1.90e+00  -2.5 3.55e-01    -  9.80e-01 1.00e+00h  1
 257  9.5471967e+00 3.67e-01 1.08e+00  -2.5 2.65e-01    -  1.00e+00 7.45e-01h  1
 258  9.4080678e+00 3.61e-01 1.52e+00  -2.5 1.47e-01    -  1.84e-01 1.00e+00h  1
 259  9.3078226e+00 1.44e-01 8.75e-01  -2.5 1.27e-01    -  1.00e+00 1.00e+00h  1
iter    objective    inf_pr   inf_du lg(mu)  ||d||  lg(rg) alpha_du alpha_pr  ls
 260  9.2246472e+00 2.12e-01 1.04e+00  -2.5 8.45e-02    -  1.00e+00 1.00e+00h  1
 261  9.1642208e+00 2.61e-01 6.58e-01  -2.5 1.04e-01    -  1.00e+00 1.00e+00h  1
 262  9.0978073e+00 5.62e-02 2.46e-01  -2.5 7.80e-02    -  1.00e+00 1.00e+00h  1
 263  8.3218203e+00 1.65e+00 7.97e+00  -2.8 2.67e-01    -  1.00e+00 1.00e+00h  1
 264  7.9270468e+00 1.04e+00 6.32e+00  -2.9 1.51e+00    -  5.16e-01 3.67e-01h  2
 265  7.4115021e+00 1.36e+00 2.48e+00  -2.9 7.45e-01    -  1.00e+00 1.00e+00H  1
 266  7.2942705e+00 7.13e-01 2.21e+00  -2.9 8.00e-01    -  8.12e-01 4.84e-01h  1
 267  7.4295823e+00 3.44e-01 1.45e+00  -2.9 2.98e-01    -  1.90e-01 1.00e+00h  1
 268  7.4944650e+00 1.00e-01 1.55e+00  -2.9 2.21e-01    -  9.82e-01 1.00e+00h  1
 269  7.3085029e+00 8.21e-02 1.64e+00  -2.9 1.78e-01    -  1.00e+00 1.00e+00h  1
iter    objective    inf_pr   inf_du lg(mu)  ||d||  lg(rg) alpha_du alpha_pr  ls
 270  7.3121621e+00 1.00e-02 1.98e-01  -2.9 8.23e-02    -  1.00e+00 1.00e+00h  1
 271  6.8490952e+00 4.22e-01 6.66e+00  -3.1 6.57e-01    -  1.00e+00 1.00e+00h  1
 272  6.4692660e+00 4.47e-01 4.98e+00  -3.2 2.56e+00    -  6.46e-01 4.80e-01h  1
 273  6.5080292e+00 1.14e+00 4.90e+00  -3.2 2.11e+00    -  5.98e-01 7.76e-01H  1
 274  6.1921473e+00 5.03e-01 3.40e+00  -3.2 6.78e-01    -  5.81e-01 5.68e-01h  1
 275  6.1555012e+00 4.08e-01 2.86e+00  -3.2 4.70e-01    -  4.19e-02 1.69e-01h  1
 276  6.1534169e+00 3.98e-01 4.77e+00  -3.2 5.95e-01    -  3.13e-01 6.00e-01f  1
 277  6.2162082e+00 1.86e-01 1.86e+00  -3.2 4.45e-01    -  5.02e-01 1.00e+00h  1
 278  6.2097381e+00 1.63e-01 1.12e+00  -3.2 1.66e-01    -  1.00e+00 1.00e+00h  1
 279  6.1197600e+00 1.15e-01 1.95e+00  -3.2 1.73e-01    -  1.00e+00 1.00e+00h  1
iter    objective    inf_pr   inf_du lg(mu)  ||d||  lg(rg) alpha_du alpha_pr  ls
 280  6.1064663e+00 1.50e-01 3.07e-01  -3.2 8.83e-02    -  1.00e+00 1.00e+00h  1
 281  5.8641867e+00 1.47e-01 5.88e+00  -3.6 3.61e-01    -  1.00e+00 8.99e-01h  1
 282  5.5383359e+00 1.14e+00 5.35e+00  -3.7 1.53e+00    -  6.50e-01 5.94e-01h  1
 283  5.3825932e+00 1.00e+00 4.91e+00  -3.7 1.31e+00    -  1.00e-01 2.93e-01h  1
 284  5.2983664e+00 8.25e-01 4.53e+00  -3.7 1.14e+00    -  3.75e-01 1.58e-01h  1
 285  5.1235929e+00 4.18e-01 2.90e+00  -3.7 9.60e-01    -  2.29e-01 4.87e-01h  1
 286  5.1253058e+00 3.29e-01 3.84e+00  -3.7 4.20e-01    -  2.09e-01 7.17e-01h  1
 287  5.0935404e+00 1.77e-01 1.90e+00  -3.7 1.33e-01    -  5.97e-01 1.00e+00h  1
 288  5.0156825e+00 3.12e-02 8.76e-01  -3.7 1.54e-01    -  1.00e+00 1.00e+00h  1
 289  4.9925444e+00 1.42e-02 2.63e-01  -3.7 7.54e-02    -  1.00e+00 1.00e+00h  1
iter    objective    inf_pr   inf_du lg(mu)  ||d||  lg(rg) alpha_du alpha_pr  ls
 290  4.9418399e+00 9.53e-02 4.31e-01  -3.9 2.54e-01    -  1.00e+00 7.28e-01h  1
 291  4.9068257e+00 7.38e-02 4.39e-01  -4.0 5.87e-01    -  1.00e+00 2.33e-01h  1
 292  4.8407008e+00 1.56e-01 6.80e-01  -4.0 1.27e+00    -  3.76e-01 4.17e-01h  1
 293  4.7833083e+00 2.01e-01 2.97e+00  -4.0 8.21e-01    -  5.26e-01 5.88e-01h  1
 294  4.7584589e+00 1.19e-01 2.20e+00  -4.0 4.35e-01    -  7.18e-01 3.90e-01h  1
 295  4.7389023e+00 2.53e-02 8.06e-01  -4.0 1.34e-01    -  4.40e-01 1.00e+00h  1
 296  4.7352138e+00 1.43e-02 5.90e-01  -4.0 1.24e-01    -  9.65e-01 4.28e-01h  1
 297  4.7203217e+00 2.15e-02 1.11e-01  -4.0 1.11e-01    -  1.00e+00 1.00e+00h  1
 298  4.8330644e+00 9.32e-02 4.35e-01  -3.8 3.23e-01    -  9.26e-01 1.00e+00h  1
 299  4.8026031e+00 3.96e-02 4.72e-01  -3.9 1.84e-01    -  1.00e+00 8.82e-01h  1
iter    objective    inf_pr   inf_du lg(mu)  ||d||  lg(rg) alpha_du alpha_pr  ls
 300  4.7626368e+00 5.43e-02 4.66e-01  -3.9 1.78e-01    -  9.85e-01 1.00e+00h  1
 301  4.7567067e+00 4.34e-02 1.92e-01  -3.9 4.48e-02    -  1.00e+00 1.00e+00h  1
 302  4.7670545e+00 7.22e-03 4.15e-02  -3.9 5.79e-02    -  1.00e+00 1.00e+00h  1
 303  4.6919311e+00 3.07e-01 2.83e-01  -4.2 8.03e-01    -  1.00e+00 6.33e-01h  1
 304  4.6567357e+00 4.69e-01 1.03e+00  -4.3 9.90e-01    -  7.37e-01 4.45e-01h  1
 305  4.6161961e+00 3.33e-01 9.75e-01  -4.3 6.59e-01    -  1.38e-01 2.85e-01h  1
 306  4.6265491e+00 1.56e-01 7.75e-01  -4.3 5.35e-01    -  3.27e-01 5.11e-01h  1
 307  4.5971130e+00 1.22e-01 5.75e-01  -4.3 2.47e-01    -  4.34e-01 2.17e-01h  1
 308  4.5813022e+00 7.87e-02 3.74e-01  -4.3 1.08e-01    -  4.68e-01 3.50e-01h  1
 309  4.5557168e+00 1.23e-02 8.99e-02  -4.3 9.80e-02    -  1.00e+00 1.00e+00h  1
iter    objective    inf_pr   inf_du lg(mu)  ||d||  lg(rg) alpha_du alpha_pr  ls
 310  4.5443241e+00 1.28e-02 1.32e-01  -4.3 5.58e-02    -  9.86e-01 1.00e+00h  1
 311  4.5888755e+00 8.74e-02 3.19e-01  -3.9 4.13e-01    -  7.76e-01 4.23e-01h  2
 312  4.5802764e+00 5.88e-02 3.04e-01  -4.1 2.59e-01    -  6.07e-01 4.00e-01h  1
 313  4.5641997e+00 1.94e-02 3.32e-01  -4.1 1.34e-01    -  1.00e+00 1.00e+00h  1
 314  4.5614130e+00 7.80e-03 2.94e-01  -4.1 7.14e-02    -  1.00e+00 6.43e-01h  1
 315  4.5643096e+00 6.87e-03 5.76e-02  -4.1 6.32e-02    -  1.00e+00 1.00e+00h  1
 316  4.5198039e+00 4.29e-02 1.65e-01  -4.4 2.53e-01    -  1.00e+00 6.68e-01h  1
 317  4.4890904e+00 9.44e-02 2.04e-01  -4.5 9.58e-01    -  5.20e-01 3.27e-01h  1
 318  4.4680221e+00 7.35e-02 1.45e+00  -4.5 1.25e+00    -  4.26e-01 2.91e-01h  1
 319  4.4633512e+00 5.40e-02 1.20e+00  -4.5 8.79e-01    -  3.73e-01 2.72e-01h  1
iter    objective    inf_pr   inf_du lg(mu)  ||d||  lg(rg) alpha_du alpha_pr  ls
 320  4.4623523e+00 3.59e-02 9.43e-01  -4.5 3.40e-01    -  3.65e-01 3.58e-01h  1
 321  4.4489155e+00 2.47e-02 7.53e-01  -4.5 1.52e-01    -  5.00e-01 3.13e-01h  1
 322  4.4387607e+00 9.34e-03 3.56e-01  -4.5 7.39e-02    -  3.05e-01 6.76e-01h  1
 323  4.4332515e+00 6.84e-03 1.83e-01  -4.5 8.82e-02    -  1.00e+00 8.91e-01f  1
 324  4.4635508e+00 1.19e-02 2.19e-01  -4.2 7.25e-02    -  9.58e-01 1.00e+00h  1
 325  4.4588768e+00 1.65e-02 1.19e-01  -4.3 1.06e-01    -  1.00e+00 1.00e+00h  1
 326  4.4496714e+00 8.29e-03 2.32e-01  -4.3 1.41e-01    -  1.00e+00 5.82e-01h  1
 327  4.4519957e+00 2.01e-03 1.52e-01  -4.3 2.96e-01    -  1.00e+00 1.00e+00H  1
 328  4.4589939e+00 1.47e-03 3.33e-01  -4.3 2.97e-01    -  7.29e-01 1.00e+00H  1
 329  4.4667453e+00 1.36e-02 5.68e-01  -4.1 2.97e-01    -  6.40e-01 2.30e-01h  1
iter    objective    inf_pr   inf_du lg(mu)  ||d||  lg(rg) alpha_du alpha_pr  ls
 330  4.4568115e+00 8.73e-03 3.22e-01  -4.3 8.34e-02    -  1.00e+00 1.00e+00h  1
 331  4.4613991e+00 5.45e-03 2.30e-01  -4.3 3.81e-02    -  1.00e+00 1.00e+00h  1
 332  4.4524628e+00 3.83e-03 7.94e-02  -4.3 9.70e-02    -  1.00e+00 1.00e+00h  1
 333  4.4533655e+00 2.72e-03 1.22e-01  -4.3 1.98e-01    -  1.00e+00 1.00e+00h  1
 334  4.4448146e+00 1.06e-01 3.55e-01  -4.3 1.84e+00    -  1.00e+00 7.09e-01h  1
 335  4.4377490e+00 1.38e-01 3.99e-01  -4.3 7.79e+00    -  3.27e-01 5.75e-02h  3
 336  4.4329798e+00 1.17e-01 4.89e-01  -4.3 4.24e+00    -  6.14e-01 1.16e-01h  3
 337  4.4421782e+00 5.05e-01 5.10e-01  -4.3 2.29e+00    -  5.12e-01 3.35e-01h  2
 338  4.4377897e+00 3.63e-01 4.34e-01  -4.3 7.51e-01    -  4.68e-01 2.91e-01h  2
 339  4.4335595e+00 2.90e-01 3.94e-01  -4.3 5.41e-01    -  4.31e-01 2.03e-01h  2
iter    objective    inf_pr   inf_du lg(mu)  ||d||  lg(rg) alpha_du alpha_pr  ls
 340  4.4169319e+00 1.77e-01 3.77e-01  -4.3 2.15e-01    -  6.80e-01 8.82e-01h  1
 341  4.4105609e+00 1.33e-01 2.90e-01  -4.3 5.09e-01    -  2.76e-01 2.63e-01h  1
 342  4.4097836e+00 2.28e-01 3.17e-01  -4.3 6.01e-01    -  3.69e-01 2.29e-01h  2
 343  4.4053503e+00 4.71e-02 1.24e-01  -4.3 8.21e-02    -  4.96e-01 7.94e-01h  1
 344  4.3869132e+00 2.10e-02 3.31e-01  -4.4 1.36e-01    -  1.00e+00 9.86e-01f  1
 345  4.3769450e+00 1.31e-02 1.28e-01  -4.4 1.40e-01    -  1.00e+00 9.81e-01h  1
 346  4.5153978e+00 2.64e-01 4.35e-01  -3.9 3.47e-01    -  5.14e-01 1.00e+00h  1
 347  4.5349398e+00 1.08e-01 4.46e-01  -4.2 2.44e-01    -  1.00e+00 7.23e-01h  1
 348  4.4320209e+00 9.15e-02 8.66e-01  -4.2 1.11e-01    -  1.59e-01 8.11e-01h  1
 349  4.4201982e+00 3.95e-02 8.81e-01  -4.2 2.66e-01    -  2.37e-01 5.79e-01h  1
iter    objective    inf_pr   inf_du lg(mu)  ||d||  lg(rg) alpha_du alpha_pr  ls
 350  4.4298672e+00 2.50e-02 3.24e-01  -4.2 6.70e-02    -  1.00e+00 1.00e+00h  1
 351  4.4196137e+00 1.87e-02 3.77e-01  -4.2 7.51e-02    -  1.00e+00 1.00e+00h  1
 352  4.4203442e+00 3.57e-03 5.63e-02  -4.2 2.11e-02    -  1.00e+00 1.00e+00h  1
 353  4.3839557e+00 2.86e-02 7.99e-02  -4.5 1.08e-01    -  1.00e+00 1.00e+00h  1
 354  4.3576435e+00 1.87e-02 1.26e-01  -4.6 1.45e-01    -  1.00e+00 5.94e-01h  1
 355  4.3416464e+00 1.38e-02 1.43e-01  -4.6 1.60e-01    -  3.33e-01 4.97e-01h  1
 356  4.3365549e+00 6.86e-03 8.67e-02  -4.6 6.86e-02    -  1.00e+00 6.91e-01h  1
 357  4.3290597e+00 6.67e-03 1.10e-01  -4.7 5.37e-02    -  1.00e+00 1.00e+00h  1
 358  4.3217177e+00 4.09e-03 1.18e-01  -4.8 7.15e-02    -  1.00e+00 9.90e-01h  1
 359  4.3196683e+00 3.88e-03 1.91e-01  -4.8 9.54e-02    -  9.90e-01 2.89e-01h  1
iter    objective    inf_pr   inf_du lg(mu)  ||d||  lg(rg) alpha_du alpha_pr  ls
 360  4.3103841e+00 2.73e-03 1.22e-01  -5.2 7.83e-02    -  1.00e+00 5.63e-01h  1
 361  4.3046966e+00 2.93e-03 1.38e-01  -5.2 2.71e-01    -  7.55e-01 3.52e-01h  1
 362  4.3093553e+00 2.59e-02 9.76e-02  -4.8 2.78e-01    -  7.81e-01 7.96e-01h  1
 363  4.3225970e+00 1.07e-02 3.65e-01  -5.0 3.08e-01    -  8.84e-01 7.85e-01H  1
 364  4.3050822e+00 7.67e-03 1.90e-01  -5.0 1.04e-01    -  2.88e-01 5.47e-01h  1
 365  4.3006657e+00 8.87e-03 1.30e+00  -5.0 5.38e-02    -  4.66e-01 9.32e-01f  1
 366  4.2962624e+00 3.66e-03 1.13e+00  -5.2 9.15e-02    -  1.00e+00 4.95e-01h  1
 367  4.2973529e+00 2.10e-03 2.25e-01  -5.2 3.13e-01    -  8.06e-01 8.00e-01H  1
 368  4.2991284e+00 2.44e-03 2.76e-01  -4.8 2.41e-01    -  5.76e-01 3.74e-01h  1
 369  4.2975263e+00 8.42e-03 2.61e-01  -5.0 1.14e-01    -  3.91e-01 5.35e-01h  1
iter    objective    inf_pr   inf_du lg(mu)  ||d||  lg(rg) alpha_du alpha_pr  ls
 370  4.2950976e+00 3.21e-03 6.24e-02  -5.0 2.31e-02    -  6.07e-01 7.28e-01f  1
 371  4.3057486e+00 2.84e-03 5.28e-02  -4.7 2.67e-02    -  1.00e+00 1.00e+00f  1
 372  4.2957358e+00 1.36e-02 9.41e-02  -5.0 2.29e-01    -  1.00e+00 9.48e-01h  1
 373  4.2920208e+00 2.41e-02 9.20e-02  -5.1 1.05e+00    -  5.97e-01 3.93e-01h  1
 374  4.2973626e+00 2.78e-02 2.54e-01  -4.7 2.88e+00    -  4.15e-01 1.82e-01f  1
 375  4.3215338e+00 3.08e-02 5.68e-01  -5.0 5.19e-01    -  2.30e-01 2.69e-01h  1
 376  4.2966662e+00 1.38e-02 2.35e-01  -5.0 3.23e-01    -  4.04e-01 5.62e-01h  1
 377  4.2980080e+00 4.70e-02 3.38e-01  -5.0 1.54e-01    -  1.70e-01 6.42e-01h  1
 378  4.2911695e+00 2.67e-02 2.20e-01  -5.0 2.55e-01    -  9.18e-02 3.92e-01f  1
 379  4.2872667e+00 2.26e-02 1.97e-01  -5.6 8.85e-01    -  2.35e-01 1.93e-01h  1
iter    objective    inf_pr   inf_du lg(mu)  ||d||  lg(rg) alpha_du alpha_pr  ls
 380  4.2818409e+00 3.44e-02 2.51e-01  -5.8 1.65e+00    -  4.79e-01 1.95e-01h  1
 381  4.3473853e+00 9.64e-02 5.20e-01  -4.4 1.64e+00    -  1.30e-01 4.84e-01h  1
 382  4.3134568e+00 6.66e-02 3.42e-01  -5.0 8.27e-01    -  6.62e-01 3.91e-01h  1
 383  4.3017435e+00 5.54e-02 2.83e-01  -5.0 1.13e+00    -  1.99e-01 1.91e-01h  1
 384  4.2879234e+00 5.60e-02 1.88e-01  -5.0 9.07e-01    -  3.60e-01 3.53e-01h  1
 385  4.2852550e+00 5.39e-02 2.07e-01  -5.0 2.10e+00    -  1.80e-01 3.93e-02h  1
 386  4.2814768e+00 5.05e-02 1.31e-01  -5.0 7.01e-01    -  5.26e-01 4.58e-01f  1
 387  4.2783812e+00 4.36e-02 1.10e-01  -5.0 2.53e+00    -  2.68e-01 2.02e-01h  1
 388  4.2770299e+00 4.11e-02 3.61e-01  -5.0 5.27e+00    -  1.78e-01 4.46e-02h  3
 389  4.2916001e+00 2.41e-02 2.91e-01  -5.0 1.70e+00    -  4.20e-01 4.07e-01H  1
iter    objective    inf_pr   inf_du lg(mu)  ||d||  lg(rg) alpha_du alpha_pr  ls
 390  4.2867250e+00 1.24e-01 3.29e-01  -5.0 2.02e+00    -  4.87e-01 2.22e-01h  2
 391  4.2798014e+00 1.17e-01 2.66e-01  -5.0 1.14e+00    -  1.20e-01 6.69e-02h  1
 392  4.2712112e+00 1.19e-01 1.68e-01  -5.0 1.47e-01    -  3.49e-01 3.54e-01h  1
 393  4.2657700e+00 1.40e-01 1.26e-01  -5.3 1.43e-01    -  6.12e-01 5.28e-01h  1
 394  4.2646568e+00 1.15e-01 5.92e-01  -5.2 1.59e-01    -  7.74e-01 1.76e-01h  1
 395  4.2606364e+00 2.00e-01 6.49e-01  -5.4 1.43e-01    -  1.00e+00 1.00e+00h  1
 396  4.2588011e+00 1.12e-01 5.41e-01  -5.4 3.57e-01    -  5.72e-01 4.33e-01h  1
 397  4.2592738e+00 5.92e-02 1.07e-01  -5.4 1.99e-01    -  6.82e-01 7.88e-01H  1
 398  4.2587514e+00 4.65e-02 3.24e-01  -5.4 8.06e-02    -  8.20e-01 5.35e-01h  1
 399  4.2610310e+00 6.66e-02 1.66e-01  -5.1 1.79e-01    -  8.99e-01 1.00e+00h  1
iter    objective    inf_pr   inf_du lg(mu)  ||d||  lg(rg) alpha_du alpha_pr  ls
 400  4.2633090e+00 7.84e-02 3.12e-01  -5.2 6.28e-02    -  4.53e-01 5.58e-01h  1
 401  4.2577555e+00 5.44e-02 2.03e-01  -5.2 1.48e-01    -  1.00e+00 7.35e-01h  1
 402  4.2569434e+00 3.82e-02 1.85e-01  -5.3 2.38e-01    -  9.99e-01 2.99e-01f  1
 403  4.2532250e+00 4.62e-02 4.53e-02  -5.4 1.40e-01    -  1.00e+00 1.00e+00h  1
 404  4.2534754e+00 4.13e-02 3.49e-01  -5.1 3.67e-01    -  6.66e-01 9.53e-02h  4
 405  4.2510676e+00 2.80e-02 1.24e-01  -5.5 1.65e-01    -  1.00e+00 9.98e-01h  1
 406  4.2557336e+00 9.03e-02 1.39e-01  -5.0 1.00e+00    -  4.00e-01 3.14e-01h  1
 407  4.2555730e+00 8.08e-02 4.96e-01  -5.3 1.53e+00    -  2.63e-01 1.05e-01h  2
 408  4.2562850e+00 8.34e-02 3.30e-01  -5.3 6.29e-01    -  4.29e-01 4.45e-01H  1
 409  4.2547142e+00 7.41e-02 2.52e-01  -5.3 5.02e-01    -  5.17e-01 2.50e-01h  1
iter    objective    inf_pr   inf_du lg(mu)  ||d||  lg(rg) alpha_du alpha_pr  ls
 410  4.2534771e+00 6.43e-02 4.57e-01  -5.3 1.08e-01    -  3.46e-01 6.51e-01h  1
 411  4.2499631e+00 5.63e-02 2.46e-01  -5.3 4.75e-02    -  4.52e-01 3.97e-01h  1
 412  4.2479499e+00 5.64e-02 2.47e-01  -5.5 3.10e-02    -  7.90e-01 6.56e-01h  1
 413  4.2463379e+00 9.29e-02 3.30e-01  -5.6 6.73e-02    -  1.00e+00 9.38e-01h  1
 414  4.2498532e+00 4.61e-02 5.03e-02  -5.2 1.03e-01    -  8.73e-01 1.00e+00h  1
 415  4.2509933e+00 8.39e-03 1.34e-01  -5.4 2.74e-01    -  9.21e-01 8.18e-01H  1
 416  4.2498274e+00 8.94e-03 2.42e-01  -5.4 3.39e-01    -  6.76e-01 1.42e-01h  3
 417  4.2478382e+00 4.55e-02 1.22e-01  -5.4 9.69e-02    -  6.80e-01 3.46e-01h  2
 418  4.2463513e+00 4.30e-02 3.63e-01  -5.4 3.60e-02    -  9.77e-01 4.80e-01h  1
 419  4.2463080e+00 4.58e-02 3.10e-01  -5.4 2.07e-02    -  5.11e-01 1.00e+00f  1
iter    objective    inf_pr   inf_du lg(mu)  ||d||  lg(rg) alpha_du alpha_pr  ls
 420  4.2443423e+00 4.57e-02 1.79e-02  -5.5 4.37e-02    -  1.00e+00 1.00e+00h  1
 421  4.2492711e+00 2.93e-04 1.41e-01  -5.2 2.15e-01    -  1.00e+00 1.00e+00H  1
 422  4.2485334e+00 3.95e-03 3.74e-01  -5.2 5.43e-01    -  9.65e-01 4.13e-01h  1
 423  4.2480724e+00 4.22e-03 2.31e-01  -5.3 1.03e+00    -  3.21e-01 1.18e-01h  1
 424  4.2471263e+00 5.67e-03 1.21e-01  -5.3 1.11e-01    -  5.99e-01 4.78e-01h  1
 425  4.2445236e+00 1.69e-03 6.85e-02  -5.3 7.62e-02    -  5.18e-01 1.00e+00f  1
 426  4.2443758e+00 2.90e-03 2.06e-01  -5.3 8.98e-02    -  1.00e+00 2.34e-01h  1
 427  4.2416318e+00 5.17e-03 4.17e-02  -5.6 5.69e-02    -  1.00e+00 9.70e-01f  1
 428  4.2441135e+00 2.56e-03 1.23e-01  -5.2 2.87e-01    -  8.23e-01 4.97e-01h  1
 429  4.2434628e+00 2.05e-03 8.27e-02  -5.3 9.29e-01    -  3.52e-01 1.93e-01h  2
iter    objective    inf_pr   inf_du lg(mu)  ||d||  lg(rg) alpha_du alpha_pr  ls
 430  4.2430277e+00 4.99e-03 4.27e-01  -5.3 1.58e+00    -  6.05e-01 8.34e-02h  3
 431  4.2425088e+00 5.95e-03 2.73e-01  -5.3 1.28e+00    -  9.25e-01 2.39e-01h  2
 432  4.2422332e+00 5.74e-03 2.83e-01  -5.3 1.82e+00    -  4.08e-01 2.89e-02h  4
 433  4.2423041e+00 4.06e-03 2.06e-01  -5.3 5.27e-01    -  6.38e-01 2.91e-01h  2
 434  4.2414696e+00 3.52e-03 2.33e-01  -5.3 9.10e-01    -  4.57e-01 2.02e-01h  2
 435  4.2420705e+00 7.10e-03 2.41e-01  -5.1 1.32e+00    -  8.32e-01 2.72e-01h  1
 436  4.2418701e+00 6.67e-03 2.21e-01  -5.2 3.00e-01    -  5.39e-01 7.05e-02h  4
 437  4.2418284e+00 3.05e-03 1.02e-01  -5.2 3.49e-02    -  1.00e+00 1.00e+00h  1
 438  4.2424527e+00 5.25e-04 8.13e-02  -5.2 5.88e-02    -  1.00e+00 1.00e+00H  1
 439  4.2385216e+00 1.18e-03 3.09e-02  -5.6 2.42e-02    -  1.00e+00 8.23e-01h  1
iter    objective    inf_pr   inf_du lg(mu)  ||d||  lg(rg) alpha_du alpha_pr  ls
 440  4.2403565e+00 3.02e-03 5.94e-02  -5.3 7.63e-02    -  1.00e+00 1.00e+00h  1
 441  4.2400842e+00 9.19e-04 8.28e-02  -5.3 6.81e-02    -  1.00e+00 8.11e-01h  1
 442  4.2404763e+00 2.00e-03 1.56e-01  -5.3 3.35e-02    -  1.00e+00 1.00e+00H  1
 443  4.2383467e+00 2.33e-03 3.76e-02  -5.4 1.82e-02    -  1.00e+00 8.84e-01h  1
 444  4.2361869e+00 9.69e-04 1.65e-02  -5.8 2.54e-02    -  1.00e+00 9.95e-01h  1
 445  4.2363583e+00 2.02e-03 3.00e-02  -5.5 8.24e-02    -  1.00e+00 1.00e+00h  1
 446  4.2355511e+00 1.55e-03 2.22e-01  -5.6 5.25e-01    -  1.00e+00 2.23e-01h  2
 447  4.2353030e+00 4.99e-03 3.23e-01  -5.6 6.22e-01    -  8.08e-01 1.91e-01h  2
 448  4.2348835e+00 2.83e-03 1.69e-01  -5.6 5.54e-01    -  8.77e-01 1.74e-01h  3
 449  4.2351278e+00 2.62e-03 1.56e-01  -5.3 4.81e-01    -  4.46e-01 9.78e-02h  4
iter    objective    inf_pr   inf_du lg(mu)  ||d||  lg(rg) alpha_du alpha_pr  ls
 450  4.2347437e+00 2.21e-03 8.26e-02  -5.6 1.85e-01    -  1.00e+00 3.26e-01h  1
 451  4.2343664e+00 1.87e-03 1.88e-01  -5.7 5.13e-02    -  1.00e+00 1.60e-01h  1
 452  4.2352570e+00 5.29e-03 2.90e-02  -5.4 2.89e-02    -  1.00e+00 1.00e+00h  1
 453  4.2342974e+00 8.97e-05 8.92e-02  -5.7 1.43e-01    -  1.00e+00 9.60e-01H  1
 454  4.2393061e+00 2.37e-05 1.61e-01  -5.4 2.59e-01    -  1.00e+00 1.00e+00H  1
 455  4.2413011e+00 2.67e-03 1.47e-01  -5.1 1.60e-01    -  8.01e-01 5.00e-01h  2
 456  4.2391578e+00 2.57e-03 5.96e-02  -5.3 5.60e-02    -  5.90e-01 4.55e-01h  1
 457  4.2373497e+00 2.08e-03 1.82e-01  -5.3 4.74e-02    -  1.00e+00 5.12e-01f  1
 458  4.2372093e+00 2.68e-03 1.72e-01  -5.3 3.45e-02    -  5.64e-01 1.00e+00f  1
 459  4.2371249e+00 2.75e-03 1.88e-02  -5.3 2.44e-02    -  1.00e+00 1.00e+00h  1
iter    objective    inf_pr   inf_du lg(mu)  ||d||  lg(rg) alpha_du alpha_pr  ls
 460  4.2374541e+00 1.74e-05 4.15e-02  -5.3 1.63e-02    -  1.00e+00 1.00e+00H  1
 461  4.2343854e+00 2.08e-03 4.05e-02  -5.8 1.45e-02    -  1.00e+00 7.64e-01h  1
 462  4.2326800e+00 2.79e-03 5.42e-02  -5.8 2.38e-02    -  1.00e+00 6.36e-01h  1
 463  4.2333943e+00 2.38e-03 6.48e-02  -5.6 3.67e-02    -  1.00e+00 1.00e+00f  1
 464  4.2326402e+00 1.21e-05 7.36e-02  -5.7 2.58e-02    -  1.00e+00 1.00e+00H  1
 465  4.2312998e+00 2.60e-03 2.94e-01  -6.3 7.82e-03    -  1.00e+00 4.39e-01h  1
 466  4.2304478e+00 2.41e-03 7.60e-03  -6.0 1.96e-02    -  1.00e+00 9.66e-01h  1
 467  4.2299742e+00 2.55e-03 1.19e-02  -6.2 2.35e-02    -  1.00e+00 1.00e+00h  1
 468  4.2306588e+00 1.26e-03 3.28e-02  -5.9 4.32e-02    -  1.00e+00 1.00e+00h  1
 469  4.2300039e+00 2.64e-03 3.33e-02  -6.0 7.13e-02    -  1.00e+00 8.33e-01h  1
iter    objective    inf_pr   inf_du lg(mu)  ||d||  lg(rg) alpha_du alpha_pr  ls
 470  4.2299059e+00 2.03e-03 1.65e-01  -6.0 7.40e-02    -  8.02e-01 2.68e-01f  2
 471  4.2296763e+00 1.29e-03 2.51e-02  -6.0 1.43e-02    -  1.00e+00 9.96e-01h  1
 472  4.2295299e+00 1.28e-03 1.93e-02  -6.0 1.63e-02    -  1.00e+00 1.00e+00h  1
 473  4.2292690e+00 2.51e-03 5.02e-02  -6.2 6.15e-02    -  1.00e+00 1.00e+00H  1
 474  4.2287678e+00 4.54e-02 2.45e-02  -6.3 6.73e-02    -  1.00e+00 1.00e+00h  1
 475  4.2297629e+00 2.56e-02 6.22e-02  -5.9 7.61e-02    -  6.68e-01 4.36e-01H  1
 476  4.2290122e+00 6.17e-03 1.24e-01  -6.1 1.86e-02    -  4.46e-01 7.59e-01h  1
 477  4.2285028e+00 2.73e-03 5.68e-01  -6.4 1.60e-02    -  9.84e-01 5.60e-01f  1
 478  4.2287204e+00 2.01e-03 5.12e-03  -6.1 1.79e-02    -  1.00e+00 1.00e+00h  1
 479  4.2291824e+00 4.50e-02 1.59e-01  -5.7 6.12e-01    -  6.08e-01 2.89e-01h  1
iter    objective    inf_pr   inf_du lg(mu)  ||d||  lg(rg) alpha_du alpha_pr  ls
 480  4.2291519e+00 4.34e-02 3.03e-01  -5.9 1.83e+00    -  3.42e-01 3.61e-02h  3
 481  4.2290266e+00 3.85e-02 3.71e-01  -5.9 9.32e-01    -  3.43e-01 1.14e-01h  3
 482  4.2288194e+00 9.31e-03 4.04e-01  -5.9 2.45e+00    -  1.88e-01 5.81e-02h  3
 483  4.2285597e+00 8.68e-03 3.57e-01  -5.9 2.23e+00    -  1.23e-01 6.86e-02h  3
 484  4.2285273e+00 8.24e-03 3.33e-01  -5.9 2.43e+00    -  8.31e-02 5.15e-02h  3
 485  4.2283568e+00 7.55e-03 5.10e-01  -5.9 9.98e-01    -  2.56e-01 8.38e-02h  3
 486  4.2297284e+00 5.18e-03 1.92e-01  -5.6 1.47e+00    -  5.51e-01 3.11e-01h  1
 487  4.2303525e+00 4.15e-03 1.67e-01  -5.8 1.34e+00    -  3.02e-01 2.13e-01H  1
 488  4.2304256e+00 3.64e-03 2.23e-01  -5.8 4.48e-01    -  4.80e-01 1.15e-01h  3
 489  4.2282818e+00 4.41e-02 1.55e-01  -5.8 3.42e-01    -  3.46e-01 5.78e-01h  1
iter    objective    inf_pr   inf_du lg(mu)  ||d||  lg(rg) alpha_du alpha_pr  ls
 490  4.2281303e+00 7.24e-03 8.57e-02 -11.0 5.95e-01    -  2.70e-01 1.36e-01h  1
 491  4.2279399e+00 3.94e-03 1.58e-01  -5.9 1.67e-01    -  9.21e-01 4.55e-01f  1
 492  4.2274945e+00 3.78e-03 1.68e-01  -5.9 1.26e-01    -  8.72e-01 3.67e-01h  1
 493  4.2276364e+00 3.23e-03 8.76e-02  -5.6 1.22e-01    -  7.35e-01 2.18e-01h  2
 494  4.2276138e+00 1.98e-03 3.61e-02  -5.9 5.08e-02    -  9.29e-01 1.00e+00H  1
 495  4.2289702e+00 4.56e-02 5.65e-02  -5.6 1.32e-02    -  1.00e+00 1.00e+00h  1
 496  4.2283425e+00 8.02e-04 5.88e-02  -5.7 4.04e-02    -  1.00e+00 1.00e+00h  1
 497  4.2278927e+00 2.99e-03 1.44e-02  -5.7 7.40e-02    -  1.00e+00 1.00e+00h  1
 498  4.2286577e+00 1.30e-03 4.74e-02  -5.7 7.49e-02    -  1.00e+00 1.00e+00H  1
 499  4.2284435e+00 1.90e-03 5.39e-02  -5.7 2.70e-02    -  8.70e-01 1.00e+00H  1
iter    objective    inf_pr   inf_du lg(mu)  ||d||  lg(rg) alpha_du alpha_pr  ls
 500  4.2278923e+00 3.02e-03 6.47e-02  -5.7 2.65e-02    -  1.00e+00 9.54e-01h  1
 501  4.2278679e+00 1.25e-03 3.56e-02  -5.7 1.44e-02    -  1.00e+00 1.00e+00f  1
 502  4.2270530e+00 1.31e-03 2.53e-02  -6.0 2.20e-02    -  1.00e+00 9.91e-01h  1
 503  4.2280264e+00 2.26e-03 3.18e-02  -5.7 2.85e-02    -  1.00e+00 1.00e+00h  1
 504  4.2274511e+00 1.22e-03 4.88e-03  -5.8 1.06e-02    -  1.00e+00 1.00e+00h  1
 505  4.2263786e+00 2.50e-03 7.49e-03  -6.2 8.58e-03    -  1.00e+00 9.95e-01h  1
 506  4.2268360e+00 1.32e-03 3.13e-02  -5.9 2.05e-02    -  1.00e+00 1.00e+00h  1
 507  4.2258540e+00 2.29e-03 2.29e-02  -6.2 5.00e-02    -  1.00e+00 9.96e-01h  1
 508  4.2286003e+00 8.29e-04 1.32e-01  -5.7 1.64e-01    -  7.03e-01 6.42e-01H  1
 509  4.2268132e+00 2.00e-03 1.34e-01  -5.9 4.28e-02    -  3.96e-01 1.00e+00h  1
iter    objective    inf_pr   inf_du lg(mu)  ||d||  lg(rg) alpha_du alpha_pr  ls
 510  4.2266434e+00 9.63e-04 3.95e-02  -5.9 1.84e-02    -  1.00e+00 1.00e+00h  1
 511  4.2265833e+00 1.33e-03 2.37e-02  -5.9 2.13e-02    -  1.00e+00 1.00e+00h  1
 512  4.2265343e+00 1.16e-03 1.21e-01  -5.9 1.06e-01    -  1.00e+00 3.11e-01h  2
 513  4.2271084e+00 2.26e-03 1.11e-01  -5.6 1.68e-01    -  1.00e+00 2.90e-01h  2
 514  4.2284496e+00 1.48e-04 9.90e-02  -5.7 1.27e-01    -  9.26e-01 9.56e-01H  1
 515  4.2274648e+00 4.52e-02 5.44e-02  -5.9 5.71e-02    -  1.00e+00 4.71e-01f  2
 516  4.2268080e+00 1.84e-02 1.92e-01  -5.9 3.07e-02    -  7.14e-01 4.03e-01h  1
 517  4.2262250e+00 1.42e-03 3.84e-02  -5.9 1.23e-02    -  1.00e+00 9.23e-01f  1
 518  4.2261294e+00 1.06e-03 6.43e-02  -5.9 1.90e-02    -  1.00e+00 8.71e-01f  1
 519  4.2260292e+00 9.57e-04 2.27e-02  -5.9 4.84e-03    -  1.00e+00 9.81e-01h  1
iter    objective    inf_pr   inf_du lg(mu)  ||d||  lg(rg) alpha_du alpha_pr  ls
 520  4.2253026e+00 9.67e-04 7.22e-03  -6.4 5.72e-03    -  1.00e+00 9.96e-01h  1
 521  4.2254930e+00 2.26e-03 8.20e-03  -6.1 8.52e-03    -  1.00e+00 1.00e+00h  1
 522  4.2254002e+00 1.88e-03 1.35e-01  -6.2 5.53e-02    -  8.44e-01 1.66e-01h  3
 523  4.2250419e+00 2.25e-03 3.10e-02  -6.2 4.31e-02    -  1.00e+00 9.84e-01h  1
 524  4.2257398e+00 1.22e-03 9.41e-02  -5.8 5.89e-02    -  9.95e-01 4.57e-01f  2
 525  4.2261346e+00 2.71e-05 4.02e-02  -5.9 2.36e-02    -  1.00e+00 1.00e+00H  1
 526  4.2255767e+00 2.97e-03 2.23e-02  -6.0 1.35e-02    -  1.00e+00 1.00e+00h  1
 527  4.2253254e+00 1.96e-03 1.28e-01  -6.1 2.04e-02    -  1.00e+00 3.67e-01h  1
 528  4.2251589e+00 2.00e-03 1.20e-02  -6.1 2.62e-02    -  9.83e-01 1.00e+00f  1
 529  4.2253622e+00 1.90e-03 1.97e-01  -5.8 1.82e-01    -  6.40e-01 1.73e-01h  3
iter    objective    inf_pr   inf_du lg(mu)  ||d||  lg(rg) alpha_du alpha_pr  ls
 530  4.2253562e+00 1.75e-03 2.00e-01  -6.0 1.46e-01    -  1.00e+00 7.61e-02h  4
 531  4.2254522e+00 9.00e-06 2.72e-02  -6.0 2.03e-02    -  1.00e+00 1.00e+00H  1
 532  4.2248326e+00 3.19e-04 1.25e-01  -6.4 1.44e-02    -  1.00e+00 5.91e-01h  1
 533  4.2252661e+00 3.66e-03 3.62e-02  -6.0 8.62e-02    -  1.00e+00 1.00e+00h  1
 534  4.2252024e+00 3.62e-03 1.55e-01  -6.1 5.68e-01    -  4.63e-01 5.13e-02h  3
 535  4.2251337e+00 3.67e-03 2.16e-01  -6.1 4.17e-01    -  7.57e-01 1.05e-01h  3
 536  4.2250514e+00 3.68e-03 3.79e-01  -6.1 7.34e-01    -  7.33e-01 9.81e-02h  3
 537  4.2250219e+00 3.24e-03 4.48e-01  -6.1 4.72e-01    -  3.59e-01 8.00e-02h  3
 538  4.2248586e+00 2.83e-03 4.32e-01  -6.1 4.56e-01    -  4.82e-01 1.13e-01h  3
 539  4.2247873e+00 2.63e-03 4.44e-01  -6.1 3.91e-01    -  6.39e-01 6.34e-02h  4
iter    objective    inf_pr   inf_du lg(mu)  ||d||  lg(rg) alpha_du alpha_pr  ls
 540  4.2246235e+00 1.74e-03 3.23e-01  -6.1 3.13e-01    -  8.07e-01 2.60e-01h  2
 541  4.2244646e+00 1.60e-03 3.87e-01 -11.0 1.15e+00    -  1.90e-01 8.49e-02h  2
 542  4.2245833e+00 1.61e-03 2.83e-01  -5.8 4.23e-01    -  3.61e-01 7.82e-02h  3
 543  4.2269935e+00 5.10e-04 1.06e-01  -5.8 4.79e-02    -  9.22e-01 7.80e-01H  1
 544  4.2261110e+00 1.88e-03 3.20e-01  -5.9 3.25e-02    -  8.88e-01 2.40e-01h  1
 545  4.2251552e+00 7.27e-04 6.81e-01  -5.9 3.80e-02    -  3.09e-01 6.19e-01f  1
 546  4.2248809e+00 3.90e-04 4.33e-01  -5.9 1.93e-02    -  1.00e+00 5.00e-01f  2
 547  4.2247923e+00 1.31e-03 1.64e-02  -5.9 1.43e-02    -  1.00e+00 1.00e+00h  1
 548  4.2249139e+00 3.91e-04 6.89e-02  -5.9 2.27e-02    -  1.00e+00 9.58e-01H  1
 549  4.2236632e+00 1.89e-03 2.02e-02  -6.4 1.17e-02    -  1.00e+00 9.16e-01h  1
iter    objective    inf_pr   inf_du lg(mu)  ||d||  lg(rg) alpha_du alpha_pr  ls
 550  4.2242564e+00 1.99e-03 2.96e-02  -6.0 7.44e-03    -  1.00e+00 1.00e+00h  1
 551  4.2239106e+00 2.01e-03 5.45e-03  -6.1 4.70e-03    -  1.00e+00 1.00e+00h  1
 552  4.2233053e+00 2.16e-04 7.97e-03  -6.6 4.23e-03    -  1.00e+00 1.00e+00h  1
 553  4.2233429e+00 1.89e-03 5.17e-02  -6.3 5.14e-02    -  1.00e+00 7.97e-01h  1
 554  4.2232877e+00 1.76e-03 1.46e-01  -6.4 4.60e-01    -  2.12e-01 7.21e-02h  3
 555  4.2232657e+00 4.07e-04 4.48e-01  -6.4 3.20e-01    -  1.00e+00 1.07e-01h  3
 556  4.2232233e+00 2.49e-03 6.06e-01  -6.1 4.56e-01    -  4.38e-01 9.28e-02h  3
 557  4.2231286e+00 2.16e-03 5.59e-01  -6.6 1.89e-01    -  8.25e-01 1.30e-01h  2
 558  4.2240473e+00 5.84e-04 8.69e-02  -6.3 9.54e-02    -  8.77e-01 8.41e-01H  1
 559  4.2236581e+00 3.31e-03 6.50e-02  -6.4 1.50e-01    -  2.66e-01 2.81e-01h  1
iter    objective    inf_pr   inf_du lg(mu)  ||d||  lg(rg) alpha_du alpha_pr  ls
 560  4.2233548e+00 3.06e-03 1.68e-01  -6.4 1.18e-01    -  2.45e-01 8.05e-02h  1
 561  4.2232063e+00 2.76e-03 1.43e-01  -6.4 3.79e-02    -  1.31e-01 9.71e-02f  1
 562  4.2228949e+00 1.91e-03 4.91e-02  -6.4 2.00e-02    -  8.29e-01 9.74e-01f  1
 563  4.2243920e+00 8.74e-04 7.37e-02  -5.9 2.23e-02    -  9.36e-01 1.00e+00f  1
 564  4.2239827e+00 9.56e-04 1.61e-01  -6.0 1.90e-02    -  9.93e-01 3.70e-01h  1
 565  4.2235807e+00 9.08e-04 1.01e-01  -6.0 2.73e-02    -  2.64e-01 9.26e-01f  1
 566  4.2235873e+00 6.83e-04 6.27e-02  -6.0 1.61e-02    -  1.00e+00 2.50e-01f  3
 567  4.2236228e+00 1.90e-03 1.02e-02  -6.0 4.85e-03    -  1.00e+00 1.00e+00h  1
 568  4.2236472e+00 1.90e-03 1.44e-02  -6.0 5.57e-03    -  1.00e+00 1.00e+00h  1
 569  4.2236431e+00 9.75e-04 1.50e-02  -6.0 6.16e-03    -  1.00e+00 1.00e+00h  1
iter    objective    inf_pr   inf_du lg(mu)  ||d||  lg(rg) alpha_du alpha_pr  ls
 570  4.2236307e+00 1.90e-03 1.05e-02  -6.0 1.04e-02    -  1.00e+00 1.00e+00h  1
 571  4.2237108e+00 1.32e-03 3.14e-02  -6.0 3.46e-02    -  1.00e+00 1.00e+00H  1
 572  4.2240494e+00 4.46e-05 4.46e-02  -6.0 1.10e-01    -  1.00e+00 1.00e+00H  1
 573  4.2238979e+00 2.50e-03 6.55e-02 -11.0 3.27e-01    -  2.91e-01 1.34e-01h  2
 574  4.2232191e+00 1.22e-03 3.20e-02  -6.2 7.50e-02    -  5.84e-01 4.81e-01h  1
 575  4.2230521e+00 1.21e-03 3.60e-01  -6.2 6.82e-02    -  1.00e+00 2.98e-01f  2
 576  4.2234303e+00 1.07e-03 1.07e-01  -6.2 8.52e-02    -  7.17e-01 7.06e-01H  1
 577  4.2230999e+00 6.59e-04 2.15e-01  -6.2 3.42e-02    -  8.09e-01 3.81e-01f  2
 578  4.2227799e+00 4.27e-03 4.46e-02  -6.2 1.38e-02    -  1.00e+00 1.00e+00h  1
 579  4.2238931e+00 1.85e-03 7.47e-02  -5.9 1.59e-02    -  1.00e+00 9.73e-01h  1
iter    objective    inf_pr   inf_du lg(mu)  ||d||  lg(rg) alpha_du alpha_pr  ls
 580  4.2233542e+00 2.01e-03 6.77e-03  -6.0 1.12e-02    -  1.00e+00 1.00e+00h  1
 581  4.2233462e+00 2.01e-03 3.94e-03  -6.0 3.34e-03    -  1.00e+00 1.00e+00h  1
 582  4.2233725e+00 1.33e-03 2.59e-03  -6.0 8.03e-03    -  1.00e+00 1.00e+00h  1
 583  4.2243961e+00 1.63e-05 1.01e-01  -6.0 1.05e-01    -  1.00e+00 1.00e+00H  1
 584  4.2256730e+00 4.21e-06 1.21e-01  -6.0 1.21e-01    -  9.83e-01 1.00e+00H  1
 585  4.2257041e+00 5.01e-03 1.25e-01  -5.6 7.65e-02    -  7.09e-01 3.96e-01h  1
 586  4.2240936e+00 2.61e-03 1.97e-01  -5.8 6.41e-02    -  7.04e-01 1.00e+00h  1
 587  4.2240527e+00 1.78e-03 2.20e-01  -5.8 3.53e-02    -  8.08e-01 3.19e-01h  1
 588  4.2240148e+00 1.01e-03 1.38e-01  -5.8 3.20e-02    -  1.00e+00 5.00e-01f  2
 589  4.2246324e+00 1.32e-03 6.54e-02  -5.8 2.53e-02    -  1.00e+00 9.46e-01H  1
iter    objective    inf_pr   inf_du lg(mu)  ||d||  lg(rg) alpha_du alpha_pr  ls
 590  4.2239940e+00 6.01e-04 7.12e-03  -5.8 1.31e-02    -  1.00e+00 1.00e+00f  1
 591  4.2239814e+00 1.90e-03 5.28e-03  -5.8 2.90e-03    -  1.00e+00 1.00e+00h  1
 592  4.2239773e+00 1.32e-03 4.02e-03  -5.8 3.32e-03    -  1.00e+00 1.00e+00h  1
 593  4.2239243e+00 1.32e-03 7.49e-03  -5.8 4.74e-02    -  1.00e+00 1.00e+00h  1
 594  4.2239253e+00 2.01e-03 1.23e-01  -5.8 7.43e-01    -  7.39e-01 9.50e-02h  4
 595  4.2303820e+00 1.74e-05 1.71e-01  -5.8 7.44e-01    -  1.00e+00 1.00e+00H  1
 596  4.2303641e+00 5.33e-05 1.85e-01  -5.8 3.37e+00    -  2.03e-01 9.21e-04h  8
 597  4.2300125e+00 9.59e-05 2.10e-01  -5.8 3.40e+00    -  1.85e-01 5.80e-03h  6
 598  4.2297966e+00 1.41e-04 2.26e-01  -5.8 1.11e+00    -  5.73e-02 2.45e-03h  6
 599  4.2293547e+00 1.38e-04 2.41e-01  -5.8 3.77e-01    -  2.09e-01 1.78e-02h  5
iter    objective    inf_pr   inf_du lg(mu)  ||d||  lg(rg) alpha_du alpha_pr  ls
 600  4.2271687e+00 3.48e-03 2.33e-01  -5.8 4.95e-01    -  2.87e-01 9.13e-02h  1
 601  4.2255347e+00 2.73e-03 4.01e-01  -5.8 6.70e-01    -  3.51e-01 1.03e-01f  1
 602  4.2244974e+00 3.28e-03 3.96e-01  -5.8 2.80e+00    -  3.42e-01 9.75e-02f  3
 603  4.2242503e+00 3.22e-03 3.58e-01  -5.8 3.14e+00    -  1.54e-01 2.59e-02h  4
 604  4.2239261e+00 2.94e-03 6.40e-01  -5.8 1.34e+00    -  2.37e-01 9.06e-02h  2
 605  4.2236086e+00 3.71e-03 5.21e-01  -5.8 2.32e+00    -  2.01e-01 7.39e-02h  3
 606  4.2231560e+00 4.10e-03 5.47e-01  -5.8 5.43e+00    -  9.88e-02 4.85e-02h  2
 607  4.2229649e+00 4.18e-03 6.89e-01  -5.8 9.65e+00    -  5.47e-02 1.98e-02h  3
 608  4.2230913e+00 4.24e-03 5.47e-01  -5.8 6.92e-01    -  2.42e-01 3.64e-02h  3
 609  4.2225351e+00 1.90e-03 1.77e-02  -5.8 1.29e-01    -  1.00e+00 1.00e+00h  1
iter    objective    inf_pr   inf_du lg(mu)  ||d||  lg(rg) alpha_du alpha_pr  ls
 610  4.2267004e+00 4.61e-03 2.25e-01  -5.2 1.58e+00    -  2.94e-01 1.50e-01h  3
 611  4.2257351e+00 5.49e-03 8.96e-02  -5.6 3.14e-01    -  1.00e+00 7.47e-01h  1
 612  4.2250379e+00 5.83e-03 2.51e-01  -5.6 4.76e+00    -  1.38e-01 5.60e-02h  2
 613  4.2245447e+00 5.55e-03 5.10e-01  -5.6 1.22e+00    -  2.53e-01 5.16e-02h  4
 614  4.2260176e+00 7.01e-03 5.71e-02  -5.6 4.65e-02    -  1.00e+00 9.15e-01h  1
 615  4.2239185e+00 3.43e-03 3.67e-01  -5.6 1.54e-01    -  3.48e-01 1.00e+00f  1
 616  4.2237864e+00 3.08e-03 3.72e-01  -5.6 3.71e-01    -  1.82e-01 8.85e-02h  3
 617  4.2266870e+00 1.17e-04 1.43e-01  -5.6 1.71e-01    -  9.08e-01 1.00e+00H  1
 618  4.2250593e+00 3.39e-03 1.32e-01  -5.6 1.61e-01    -  1.00e+00 5.06e-01h  1
 619  4.2242214e+00 3.11e-03 1.37e-01  -5.6 1.63e-01    -  2.89e-01 2.35e-01f  1
iter    objective    inf_pr   inf_du lg(mu)  ||d||  lg(rg) alpha_du alpha_pr  ls
 620  4.2235825e+00 1.87e-03 6.99e-01  -5.6 5.33e-02    -  5.35e-01 9.08e-01f  1
 621  4.2235829e+00 2.90e-03 1.21e+00  -5.6 2.64e-02    -  1.00e+00 3.22e-01f  1
 622  4.2235676e+00 3.06e-03 1.28e+00  -5.6 1.43e-02    -  4.71e-01 1.00e+00f  1
 623  4.2236229e+00 4.15e-04 1.75e-02  -5.6 1.87e-02    -  1.00e+00 1.00e+00h  1
 624  4.2235616e+00 3.20e-04 1.96e-02  -5.6 6.40e-03    -  1.00e+00 1.00e+00H  1
 625  4.2220449e+00 3.07e-03 2.70e-02  -6.1 5.75e-03    -  1.00e+00 8.24e-01h  1
 626  4.2221827e+00 1.90e-03 1.77e-02  -5.8 5.64e-03    -  1.00e+00 1.00e+00h  1
 627  4.2212633e+00 1.89e-03 1.07e-02  -6.1 1.26e-02    -  1.00e+00 1.00e+00h  1
 628  4.2225575e+00 1.42e-05 8.49e-02  -5.8 5.10e-02    -  1.00e+00 1.00e+00H  1
 629  4.2213793e+00 2.80e-03 2.37e-01  -6.2 3.34e-02    -  1.00e+00 6.06e-01h  1
iter    objective    inf_pr   inf_du lg(mu)  ||d||  lg(rg) alpha_du alpha_pr  ls
 630  4.2208038e+00 2.13e-03 1.25e-01  -6.3 1.73e-02    -  1.00e+00 4.55e-01h  1
 631  4.2203980e+00 4.60e-02 1.90e-02  -6.3 5.25e-03    -  1.00e+00 1.00e+00f  1
 632  4.2203969e+00 2.09e-03 5.22e-02  -6.3 1.59e-02    -  1.00e+00 9.53e-01h  1
 633  4.2201231e+00 1.04e-03 1.73e-02  -6.4 2.12e-02    -  1.00e+00 1.00e+00h  1
 634  4.2224725e+00 1.34e-05 4.26e-01  -5.9 1.84e-02    -  5.39e-01 1.00e+00H  1
 635  4.2212155e+00 3.10e-04 2.33e-01  -6.2 1.21e-02    -  1.00e+00 5.32e-01h  1
 636  4.2204474e+00 1.90e-03 3.01e-01  -6.7 8.71e-03    -  8.95e-01 5.32e-01h  1
 637  4.2200796e+00 1.33e-03 1.01e-01  -6.7 1.11e-02    -  7.47e-01 5.62e-01h  1
 638  4.2208331e+00 1.89e-03 1.21e-01  -6.0 1.17e-02    -  8.04e-01 1.00e+00f  1
 639  4.2204212e+00 1.90e-03 6.74e-03  -6.2 7.22e-03    -  1.00e+00 1.00e+00h  1
iter    objective    inf_pr   inf_du lg(mu)  ||d||  lg(rg) alpha_du alpha_pr  ls
 640  4.2198992e+00 9.90e-05 6.14e-03  -6.6 6.51e-03    -  1.00e+00 9.99e-01h  1
 641  4.2199015e+00 1.83e-06 1.93e-02  -6.6 1.48e-02    -  1.00e+00 9.94e-01H  1
 642  4.2196817e+00 1.89e-03 1.04e-01  -7.1 1.81e-02    -  1.00e+00 6.16e-01h  1
 643  4.2197281e+00 4.12e-04 8.47e-02  -6.8 8.14e-03    -  8.75e-01 1.00e+00H  1
 644  4.2196110e+00 1.04e-03 5.42e-03  -6.9 5.32e-03    -  1.00e+00 9.97e-01h  1
 645  4.2195097e+00 6.41e-06 4.31e-03  -7.2 5.10e-03    -  1.00e+00 1.00e+00h  1
 646  4.2195100e+00 1.56e-04 1.50e-01  -6.8 1.04e-01    -  9.23e-01 2.48e-01h  1
 647  4.2194967e+00 1.55e-04 1.58e-01  -6.9 3.02e-01    -  2.55e-01 6.85e-02h  2
 648  4.2194941e+00 1.89e-03 1.57e-01  -6.9 8.95e-02    -  1.00e+00 2.56e-01h  2
 649  4.2194876e+00 1.04e-03 1.10e-01  -6.9 7.11e-02    -  8.49e-01 4.66e-01h  1
iter    objective    inf_pr   inf_du lg(mu)  ||d||  lg(rg) alpha_du alpha_pr  ls
 650  4.2196434e+00 9.23e-04 1.74e-01  -5.9 6.83e-02    -  2.01e-01 1.10e-01h  1
 651  4.2197716e+00 2.44e-03 1.97e-01  -6.5 4.08e-02    -  5.58e-01 1.00e+00H  1
 652  4.2196759e+00 1.90e-03 1.63e-01  -6.5 1.12e-02    -  1.00e+00 5.53e-01h  1
 653  4.2196037e+00 1.02e-03 2.43e-01  -6.5 6.11e-03    -  1.00e+00 4.60e-01f  1
 654  4.2195899e+00 3.25e-04 7.06e-02  -6.5 1.21e-02    -  1.00e+00 6.83e-01f  1
 655  4.2195728e+00 1.17e-04 4.35e-02  -6.5 6.49e-02    -  1.00e+00 7.24e-01f  1
 656  4.2195510e+00 1.35e-04 1.61e-01  -6.5 4.56e-01    -  1.89e-01 6.70e-02f  2
 657  4.2195431e+00 3.10e-04 1.28e-01  -6.5 3.64e-01    -  3.42e-01 1.02e-01h  2
 658  4.2195376e+00 4.59e-02 1.01e-01  -6.5 2.82e-01    -  6.21e-01 2.16e-01h  2
 659  4.2195086e+00 3.84e-02 1.30e-01  -6.5 1.70e-01    -  8.77e-01 1.65e-01h  3
iter    objective    inf_pr   inf_du lg(mu)  ||d||  lg(rg) alpha_du alpha_pr  ls
 660  4.2201416e+00 1.88e-04 6.17e-02  -6.5 9.35e-02    -  1.00e+00 9.76e-01H  1
 661  4.2200551e+00 1.77e-04 7.55e-02  -6.5 3.30e-02    -  5.15e-01 5.62e-02f  5
 662  4.2199793e+00 1.69e-04 7.65e-02  -6.5 5.02e-02    -  1.07e-01 4.53e-02h  4
 663  4.2197122e+00 2.40e-03 1.30e-01  -6.5 4.40e-02    -  5.78e-01 2.01e-01h  3
 664  4.2195204e+00 1.79e-03 8.13e-02  -6.5 1.90e-02    -  5.66e-01 2.60e-01h  1
 665  4.2193984e+00 1.28e-03 9.27e-03  -6.5 1.03e-02    -  1.00e+00 1.00e+00f  1
 666  4.2199049e+00 4.60e-02 3.32e-02  -6.2 7.07e-03    -  1.00e+00 1.00e+00h  1
 667  4.2198231e+00 2.84e-02 4.81e-02  -6.3 1.75e-02    -  7.85e-01 6.16e-01h  1
 668  4.2197652e+00 3.50e-02 7.39e-02  -6.3 1.21e-02    -  1.00e+00 6.16e-01f  1
 669  4.2197544e+00 4.60e-02 1.33e-02  -6.3 1.42e-02    -  1.00e+00 1.00e+00F  1
iter    objective    inf_pr   inf_du lg(mu)  ||d||  lg(rg) alpha_du alpha_pr  ls
 670  4.2197326e+00 4.61e-02 2.88e-03  -6.3 1.76e-02    -  1.00e+00 1.00e+00H  1
 671  4.2198123e+00 4.61e-02 5.37e-03  -6.3 1.62e-02    -  1.00e+00 1.00e+00h  1
 672  4.2197460e+00 4.60e-02 1.23e-02  -6.3 1.83e-02    -  1.00e+00 1.00e+00h  1
 673  4.2200703e+00 4.51e-02 5.25e-02  -6.3 3.47e-02    -  1.00e+00 1.00e+00h  1
 674  4.2197627e+00 1.32e-02 1.27e-01  -6.3 4.27e-02    -  9.40e-01 7.07e-01h  1
 675  4.2197108e+00 3.79e-02 1.01e-01  -6.3 1.77e-02    -  8.30e-01 4.44e-01f  2
 676  4.2197127e+00 1.04e-03 1.65e-02  -6.3 3.53e-02    -  1.00e+00 1.00e+00H  1
 677  4.2196877e+00 3.35e-03 8.37e-03  -6.3 3.71e-03    -  1.00e+00 1.00e+00h  1
 678  4.2196721e+00 3.34e-03 4.17e-03  -6.3 2.08e-03    -  1.00e+00 1.00e+00h  1
 679  4.2196721e+00 6.62e-06 1.06e-03  -6.3 2.98e-03    -  1.00e+00 1.00e+00h  1
iter    objective    inf_pr   inf_du lg(mu)  ||d||  lg(rg) alpha_du alpha_pr  ls
 680  4.2192509e+00 4.53e-02 4.65e-02  -7.0 9.06e-03    -  1.00e+00 7.60e-01h  1
 681  4.2195112e+00 8.46e-03 4.61e-02  -6.4 4.17e-02    -  1.00e+00 8.16e-01H  1
 682  4.2195571e+00 6.82e-04 2.69e-02  -6.5 1.39e-02    -  1.00e+00 1.00e+00h  1
 683  4.2193903e+00 6.93e-04 1.17e-02  -6.5 8.07e-03    -  9.49e-01 1.00e+00h  1
 684  4.2192446e+00 3.13e-04 9.13e-03  -6.7 3.01e-03    -  1.00e+00 9.98e-01h  1
 685  4.2191194e+00 3.14e-04 8.10e-03  -7.0 4.92e-03    -  1.00e+00 9.98e-01h  1
 686  4.2190544e+00 1.36e-04 1.40e-01  -8.0 9.19e-03    -  7.67e-01 4.20e-01h  1
 687  4.2191555e+00 4.73e-05 1.15e-01  -6.7 6.28e-03    -  1.00e+00 6.56e-01h  1
 688  4.2191396e+00 1.57e-05 2.55e-03  -6.9 1.37e-03    -  1.00e+00 1.00e+00h  1
 689  4.2190265e+00 4.37e-06 1.54e-03  -7.3 3.03e-03    -  1.00e+00 1.00e+00h  1
iter    objective    inf_pr   inf_du lg(mu)  ||d||  lg(rg) alpha_du alpha_pr  ls
 690  4.2190164e+00 2.48e-05 3.25e-02  -7.3 1.36e-02    -  1.00e+00 7.18e-01h  1
 691  4.2191761e+00 1.30e-03 1.20e-02  -6.8 1.30e-02    -  1.00e+00 1.00e+00h  1
 692  4.2191202e+00 1.43e-03 1.13e-02  -6.9 8.49e-03    -  1.00e+00 1.00e+00h  1
 693  4.2191483e+00 1.32e-06 1.63e-02  -6.9 9.52e-03    -  1.00e+00 1.00e+00H  1
 694  4.2190293e+00 3.12e-04 3.61e-02  -7.3 1.18e-02    -  1.00e+00 7.69e-01h  1
 695  4.2189995e+00 3.06e-04 1.13e-02  -7.4 4.59e-03    -  1.00e+00 1.00e+00h  1
 696  4.2189935e+00 1.82e-05 6.59e-03  -7.4 3.36e-03    -  1.00e+00 9.82e-01h  1
 697  4.2189781e+00 3.21e-04 3.70e-03  -7.5 3.51e-03    -  9.99e-01 1.00e+00h  1
 698  4.2189704e+00 3.14e-04 2.13e-03  -7.5 1.22e-03    -  1.00e+00 1.00e+00h  1
 699  4.2189504e+00 4.01e-04 1.69e-03  -7.8 2.95e-03    -  1.00e+00 1.00e+00h  1
iter    objective    inf_pr   inf_du lg(mu)  ||d||  lg(rg) alpha_du alpha_pr  ls
 700  4.2189461e+00 2.67e-05 7.94e-02  -7.9 7.78e-02    -  7.10e-01 6.65e-02h  1
 701  4.2189472e+00 3.15e-04 2.09e-02  -7.5 6.42e-02    -  5.84e-01 2.05e-01h  2
 702  4.2189431e+00 1.99e-05 3.11e-02  -7.7 6.51e-02    -  4.70e-01 5.96e-02h  1
 703  4.2189353e+00 1.31e-03 9.67e-02  -6.7 8.88e-01    -  2.15e-01 6.31e-02f  1
 704  4.2191033e+00 1.24e-03 9.27e-02  -6.1 1.68e+00    -  5.93e-02 5.50e-02h  1
 705  4.2190535e+00 4.60e-02 3.99e-01  -7.1 6.30e-01    -  2.60e-01 8.78e-02h  1
 706  4.2190222e+00 4.55e-02 4.04e-01  -7.1 1.50e+00    -  5.92e-02 1.09e-02f  1
 707  4.2189857e+00 4.43e-02 4.99e-01  -7.1 8.89e-01    -  8.60e-02 2.74e-02f  1
 708  4.2188980e+00 4.09e-02 4.55e-01  -7.1 5.32e-01    -  9.26e-02 7.56e-02f  1
 709  4.2189327e+00 3.94e-02 3.72e-01  -6.6 5.36e-01    -  8.79e-02 3.63e-02f  2
iter    objective    inf_pr   inf_du lg(mu)  ||d||  lg(rg) alpha_du alpha_pr  ls
 710  4.2188785e+00 2.25e-02 1.39e-01  -7.1 6.88e-02    -  4.83e-01 4.03e-01h  1
 711  4.2188593e+00 2.58e-02 1.94e-01  -6.8 5.43e-02    -  3.72e-01 1.03e-01f  2
 712  4.2189434e+00 1.14e-02 3.36e-01  -6.7 2.25e-02    -  1.00e+00 5.59e-01h  1
 713  4.2200489e+00 8.69e-03 1.61e-01  -6.8 4.18e-02    -  6.29e-01 8.08e-01H  1
 714  4.2189557e+00 1.81e-03 1.41e-01  -6.8 2.52e-02    -  5.67e-01 8.23e-01f  1
 715  4.2188828e+00 3.29e-03 6.80e-02  -6.8 1.03e-02    -  4.94e-01 7.04e-01f  1
 716  4.2189314e+00 1.40e-03 3.22e-01  -6.5 4.07e-03    -  9.38e-01 5.73e-01f  1
 717  4.2189572e+00 1.17e-04 7.51e-02  -6.6 2.66e-03    -  9.25e-01 1.00e+00h  1
 718  4.2188898e+00 2.41e-06 3.69e-03  -6.7 3.67e-03    -  1.00e+00 1.00e+00h  1
 719  4.2191616e+00 4.52e-02 2.05e-02  -6.4 3.32e-02    -  1.00e+00 1.00e+00h  1
iter    objective    inf_pr   inf_du lg(mu)  ||d||  lg(rg) alpha_du alpha_pr  ls
 720  4.2191660e+00 2.26e-02 8.60e-02  -6.5 4.35e-02    -  1.00e+00 5.00e-01h  2
 721  4.2191614e+00 2.89e-03 1.19e-02  -6.5 4.66e-02    -  1.00e+00 8.72e-01h  1
 722  4.2191588e+00 2.16e-03 6.30e-02  -6.5 2.98e-02    -  6.19e-01 2.50e-01f  3
 723  4.2191423e+00 3.50e-04 3.87e-02  -6.5 1.02e-02    -  6.01e-01 1.00e+00h  1
 724  4.2191468e+00 3.36e-04 7.00e-02  -6.5 9.79e-03    -  1.00e+00 5.00e-01h  2
 725  4.2191345e+00 3.25e-04 1.18e-03  -6.5 2.32e-03    -  1.00e+00 1.00e+00h  1
 726  4.2191340e+00 1.79e-05 1.91e-03  -6.5 2.20e-03    -  1.00e+00 1.00e+00h  1
 727  4.2188489e+00 1.59e-05 3.58e-02  -7.2 7.37e-03    -  1.00e+00 8.67e-01h  1
 728  4.2188006e+00 3.29e-04 7.14e-02  -7.2 1.26e-02    -  1.00e+00 5.75e-01h  1
 729  4.2189231e+00 2.33e-04 6.59e-02  -6.7 6.94e-03    -  1.00e+00 7.25e-01h  1
iter    objective    inf_pr   inf_du lg(mu)  ||d||  lg(rg) alpha_du alpha_pr  ls
 730  4.2189239e+00 1.27e-06 8.23e-03  -6.8 6.10e-03    -  1.00e+00 1.00e+00H  1
 731  4.2187785e+00 3.22e-04 4.81e-02  -7.5 7.98e-03    -  1.00e+00 6.43e-01h  1
 732  4.2187852e+00 7.63e-07 5.40e-03  -7.1 4.37e-03    -  1.00e+00 1.00e+00H  1
 733  4.2187358e+00 1.83e-05 2.26e-02  -7.4 4.32e-03    -  1.00e+00 7.86e-01h  1
 734  4.2187719e+00 8.80e-04 8.39e-03  -7.1 2.91e-03    -  1.00e+00 1.00e+00h  1
 735  4.2187381e+00 8.79e-04 3.42e-03  -7.2 2.15e-03    -  1.00e+00 1.00e+00h  1
 736  4.2187362e+00 3.26e-04 2.88e-03  -7.2 1.55e-03    -  1.00e+00 1.00e+00h  1
 737  4.2186956e+00 3.27e-04 2.25e-03  -7.4 7.86e-03    -  1.00e+00 1.00e+00h  1
 738  4.2187008e+00 1.80e-03 7.74e-02  -6.9 2.04e-01    -  5.58e-01 8.75e-02h  1
 739  4.2187009e+00 4.61e-02 7.29e-02  -7.2 1.63e-01    -  5.90e-01 1.40e-01h  1
iter    objective    inf_pr   inf_du lg(mu)  ||d||  lg(rg) alpha_du alpha_pr  ls
 740  4.2186905e+00 3.69e-02 5.21e-02  -7.2 1.30e-01    -  4.64e-01 1.98e-01h  2
 741  4.2197366e+00 1.08e-02 9.98e-02  -6.6 1.57e-01    -  4.53e-01 7.61e-01H  1
 742  4.2191550e+00 3.99e-03 3.16e-02  -6.9 2.80e-02    -  5.47e-01 6.24e-01h  1
 743  4.2189470e+00 2.65e-03 1.12e-01  -6.9 3.66e-02    -  5.38e-01 3.37e-01f  1
 744  4.2189148e+00 2.21e-03 8.47e-02  -6.9 3.18e-01    -  1.05e-01 1.63e-01f  1
 745  4.2187950e+00 3.77e-03 9.93e-02  -6.9 5.68e-02    -  1.14e-01 2.14e-01f  1
 746  4.2186519e+00 4.48e-02 2.92e-02  -6.9 1.95e-02    -  6.64e-01 6.50e-01f  1
 747  4.2186334e+00 3.36e-02 3.28e-01  -7.6 4.90e-02    -  7.07e-01 2.50e-01h  1
 748  4.2187750e+00 2.52e-02 3.45e-01  -6.6 3.55e-02    -  8.96e-01 2.50e-01h  1
 749  4.2188214e+00 4.90e-03 2.03e-01  -6.7 2.73e-02    -  6.00e-01 8.06e-01h  1
iter    objective    inf_pr   inf_du lg(mu)  ||d||  lg(rg) alpha_du alpha_pr  ls
 750  4.2188180e+00 4.61e-02 1.76e-01  -6.7 1.70e-02    -  5.08e-01 2.66e-01f  2
 751  4.2187919e+00 3.35e-02 4.46e-02  -6.7 2.05e-02    -  7.87e-01 7.30e-01h  1
 752  4.2187970e+00 2.11e-02 1.53e-01  -6.7 1.42e-02    -  1.00e+00 3.72e-01f  1
 753  4.2187999e+00 1.58e-02 1.14e-01  -6.7 9.77e-03    -  3.00e-01 2.50e-01f  3
 754  4.2188463e+00 3.48e-04 1.68e-02  -6.7 9.17e-03    -  1.00e+00 1.00e+00H  1
 755  4.2187830e+00 3.05e-04 1.78e-02  -6.7 6.29e-03    -  1.00e+00 1.00e+00h  1
 756  4.2187642e+00 3.29e-04 7.96e-03  -6.7 3.07e-03    -  1.00e+00 1.00e+00h  1
 757  4.2187661e+00 7.48e-06 6.66e-03  -6.7 2.01e-03    -  1.00e+00 1.00e+00h  1
 758  4.2186161e+00 5.63e-06 3.29e-02  -7.4 1.22e-03    -  1.00e+00 8.09e-01h  1
 759  4.2185735e+00 7.84e-06 2.70e-02  -7.4 2.24e-03    -  1.00e+00 7.81e-01h  1
iter    objective    inf_pr   inf_du lg(mu)  ||d||  lg(rg) alpha_du alpha_pr  ls
 760  4.2185569e+00 3.16e-04 2.49e-02  -7.4 3.45e-03    -  1.00e+00 7.50e-01h  1
 761  4.2186000e+00 3.23e-04 6.75e-03  -7.1 7.45e-03    -  1.00e+00 1.00e+00h  1
 762  4.2185862e+00 3.28e-04 8.40e-03  -7.2 3.99e-03    -  1.00e+00 1.00e+00h  1
 763  4.2185760e+00 3.17e-04 1.22e-02  -7.2 4.31e-03    -  6.98e-01 8.41e-01h  1
 764  4.2185643e+00 3.10e-04 5.49e-03  -7.2 2.41e-03    -  1.00e+00 1.00e+00f  1
 765  4.2185645e+00 7.90e-07 2.93e-03  -7.2 2.06e-03    -  1.00e+00 1.00e+00h  1
 766  4.2185079e+00 3.12e-04 2.29e-02  -8.0 1.49e-02    -  1.00e+00 7.32e-01h  1
 767  4.2185436e+00 3.13e-04 4.89e-02  -6.8 7.13e-02    -  4.16e-01 1.97e-01h  1
 768  4.2185441e+00 4.60e-02 7.97e-02  -7.3 6.50e-02    -  5.40e-01 3.22e-01h  1
 769  4.2185410e+00 4.31e-02 3.51e-01  -7.3 1.09e-01    -  3.89e-01 6.28e-02h  3
iter    objective    inf_pr   inf_du lg(mu)  ||d||  lg(rg) alpha_du alpha_pr  ls
 770  4.2185440e+00 3.51e-02 1.01e-01  -7.3 3.70e-02    -  7.35e-01 1.84e-01h  3
 771  4.2185429e+00 1.60e-02 1.04e-01  -7.3 3.96e-02    -  2.34e-01 1.45e-01h  3
 772  4.2185244e+00 6.67e-04 4.20e-02  -7.3 9.15e-03    -  7.86e-01 1.00e+00h  1
 773  4.2185173e+00 2.56e-04 1.40e-01  -7.3 1.95e-02    -  1.00e+00 2.50e-01h  3
 774  4.2185112e+00 4.60e-02 2.12e-01  -7.3 3.30e-02    -  1.00e+00 3.18e-01h  2
 775  4.2185111e+00 4.09e-02 5.47e-01  -7.3 1.42e-01    -  5.33e-01 1.11e-01h  2
 776  4.2185125e+00 3.66e-02 4.47e-01  -7.3 1.35e-01    -  2.79e-01 1.04e-01h  2
 777  4.2185117e+00 3.47e-02 1.69e-01  -7.3 1.20e-01    -  8.06e-01 5.19e-02h  5
 778  4.2185171e+00 3.03e-02 9.02e-02  -7.3 5.60e-02    -  6.19e-01 1.28e-01h  3
 779  4.2185132e+00 2.59e-02 1.06e-01  -7.3 1.70e-01    -  3.26e-01 1.44e-01h  1
iter    objective    inf_pr   inf_du lg(mu)  ||d||  lg(rg) alpha_du alpha_pr  ls
 780  4.2184982e+00 2.53e-02 1.12e-01  -7.3 1.81e+00    -  1.71e-01 2.41e-02f  2
 781  4.2193654e+00 4.52e-02 7.66e-02  -6.0 1.43e+00    -  1.19e-01 1.94e-01h  1
 782  4.2193087e+00 4.33e-02 1.58e-01  -6.9 1.25e+00    -  1.09e-01 4.23e-02h  1
 783  4.2191363e+00 4.15e-02 2.11e-01  -6.9 3.07e+00    -  1.22e-01 4.20e-02f  2
 784  4.2189535e+00 4.08e-02 2.18e-01  -6.9 3.26e+00    -  1.07e-01 1.75e-02h  1
 785  4.2188910e+00 3.98e-02 2.22e-01  -6.9 3.77e+00    -  5.01e-02 2.47e-02h  3
 786  4.2187715e+00 3.74e-02 1.91e-01  -6.9 8.50e-01    -  4.93e-02 6.02e-02h  3
 787  4.2188555e+00 3.14e-02 2.40e-01  -6.9 2.34e-01    -  9.10e-02 1.60e-01h  1
 788  4.2186342e+00 1.84e-02 3.25e-01  -6.9 3.79e-02    -  1.45e-01 4.12e-01f  1
 789  4.2184316e+00 1.18e-02 2.46e-01  -6.9 2.21e-02    -  4.36e-01 3.59e-01f  1
iter    objective    inf_pr   inf_du lg(mu)  ||d||  lg(rg) alpha_du alpha_pr  ls
 790  4.2185331e+00 1.89e-03 7.32e-02  -6.6 3.03e-02    -  9.85e-01 9.08e-01f  1
 791  4.2186727e+00 3.80e-04 1.12e-01  -6.7 2.42e-02    -  5.10e-01 6.46e-01H  1
 792  4.2183654e+00 3.49e-04 9.04e-03  -6.7 2.58e-02    -  1.00e+00 1.00e+00f  1
 793  4.2194315e+00 1.97e-04 2.27e-01  -6.1 1.05e-02    -  7.48e-01 1.00e+00h  1
 794  4.2187443e+00 5.98e-05 6.89e-03  -6.3 1.02e-02    -  1.00e+00 1.00e+00h  1
 795  4.2187383e+00 1.60e-04 6.79e-03  -6.3 2.21e-03    -  1.00e+00 1.00e+00h  1
 796  4.2187491e+00 3.09e-06 6.67e-03  -6.3 2.11e-03    -  1.00e+00 1.00e+00h  1
 797  4.2187850e+00 2.92e-04 7.86e-03  -6.3 1.03e-02    -  1.00e+00 1.00e+00h  1
 798  4.2188371e+00 3.57e-06 2.55e-02  -6.3 1.89e-02    -  1.00e+00 1.00e+00H  1
 799  4.2188575e+00 2.46e-08 3.08e-02  -6.3 9.52e-03    -  1.00e+00 1.00e+00H  1
iter    objective    inf_pr   inf_du lg(mu)  ||d||  lg(rg) alpha_du alpha_pr  ls
 800  4.2187203e+00 2.89e-04 2.66e-02  -6.3 8.33e-03    -  1.00e+00 9.97e-01h  1
 801  4.2185845e+00 8.31e-04 1.29e-02  -6.4 6.01e-03    -  8.51e-01 8.69e-01h  1
 802  4.2185541e+00 7.22e-04 8.06e-03  -6.4 5.28e-03    -  1.00e+00 1.00e+00f  1
 803  4.2185554e+00 3.20e-04 2.14e-02  -6.4 5.61e-03    -  1.00e+00 1.00e+00H  1
 804  4.2182606e+00 3.31e-04 1.69e-02  -6.9 4.98e-03    -  1.00e+00 9.48e-01h  1
 805  4.2183577e+00 3.07e-04 1.46e-01  -6.5 7.25e-03    -  1.00e+00 5.42e-01h  1
 806  4.2183575e+00 1.59e-04 1.92e-03  -6.6 2.40e-03    -  1.00e+00 1.00e+00h  1
 807  4.2183226e+00 3.32e-07 1.51e-02  -6.7 2.59e-02    -  1.00e+00 1.00e+00H  1
 808  4.2184969e+00 5.88e-04 3.59e-02  -6.3 5.83e-02    -  6.42e-01 5.00e-01h  2
 809  4.2184771e+00 6.13e-04 3.35e-02  -6.5 1.12e-01    -  4.16e-01 2.30e-01h  2
iter    objective    inf_pr   inf_du lg(mu)  ||d||  lg(rg) alpha_du alpha_pr  ls
 810  4.2184439e+00 5.16e-04 8.68e-02  -6.5 2.26e-02    -  1.00e+00 1.79e-01h  2
 811  4.2183450e+00 6.84e-04 1.13e-02  -6.5 2.16e-02    -  1.00e+00 1.00e+00h  1
 812  4.2191610e+00 8.33e-06 8.84e-02  -6.5 1.95e-02    -  1.00e+00 1.00e+00H  1
 813  4.2183395e+00 1.34e-03 4.33e-03  -6.5 1.85e-02    -  1.00e+00 1.00e+00h  1
 814  4.2183428e+00 6.69e-04 6.16e-02  -6.5 4.87e-03    -  8.56e-01 5.00e-01h  2
 815  4.2183417e+00 2.72e-06 6.75e-04  -6.5 1.18e-03    -  1.00e+00 1.00e+00h  1

Number of Iterations....: 815

                                   (scaled)                 (unscaled)
Objective...............:   4.2183416711111077e+00    4.2183416711111077e+00
Dual infeasibility......:   6.7504052306576769e-04    6.7504052306576769e-04
Constraint violation....:   2.7159078548797365e-06    2.7159078548797365e-06
Variable bound violation:   0.0000000000000000e+00    0.0000000000000000e+00
Complementarity.........:   2.9524172564940671e-07    2.9524172564940671e-07
Overall NLP error.......:   6.7504052306576769e-04    6.7504052306576769e-04


Number of objective function evaluations             = 1354
Number of objective gradient evaluations             = 816
Number of equality constraint evaluations            = 1354
Number of inequality constraint evaluations          = 0
Number of equality constraint Jacobian evaluations   = 816
Number of inequality constraint Jacobian evaluations = 0
Number of Lagrangian Hessian evaluations             = 0
Total seconds in IPOPT                               = 3093.353

EXIT: Optimal Solution Found.
         nlp  :   t_proc      (avg)   t_wall      (avg)    n_eval
callback_fun  | 151.55ms (185.73us) 210.72ms (258.23us)       816
       nlp_f  |  16.75 s ( 12.37ms)   4.15 s (  3.06ms)      1354
       nlp_g  | 136.52 s (100.83ms)  16.98 s ( 12.54ms)      1354
  nlp_grad_f  | 914.89 s (  1.12 s)  96.36 s (117.79ms)       818
   nlp_jac_g  |  26.19ks ( 32.06 s)   2.48ks (  3.04 s)       817
       total  |  31.83ks ( 31.83ks)   3.09ks (  3.09ks)         1

Breakdown of objective (including weights):
  marker_tracking: 2.83807
  control_effort: 1.31448
  accelerations: 0.0657956
[info] Set log level to Info.
[info] ------------------------------------------------------------------------
[info] Elapsed real time: 3118 second(s) (51 minute(s), 58 second(s)).
[info] Thu Aug 20 08:00:59 2026
[info] MocoCasADiSolver succeeded!
[info] ========================================================================
[info] Storage: read data file = squats_2_grf.mot (nr=1676 nc=19)
[info] ExternalForce::RightGRF Data source being set to squats_2_grf
[info] ExternalForce::LeftGRF Data source being set to squats_2_grf
[warning] Ignoring output /forceset/addbrev_r|implicitenabled_normalized_tendon_force of type bool.
[warning] Ignoring output /forceset/addbrev_r|statebounds_normalized_tendon_force of type Vec2.
[warning] Ignoring output /forceset/addlong_r|implicitenabled_normalized_tendon_force of type bool.
[warning] Ignoring output /forceset/addlong_r|statebounds_normalized_tendon_force of type Vec2.
[warning] Ignoring output /forceset/addmagDist_r|implicitenabled_normalized_tendon_force of type bool.
[warning] Ignoring output /forceset/addmagDist_r|statebounds_normalized_tendon_force of type Vec2.
[warning] Ignoring output /forceset/addmagIsch_r|implicitenabled_normalized_tendon_force of type bool.
[warning] Ignoring output /forceset/addmagIsch_r|statebounds_normalized_tendon_force of type Vec2.
[warning] Ignoring output /forceset/addmagMid_r|implicitenabled_normalized_tendon_force of type bool.
[warning] Ignoring output /forceset/addmagMid_r|statebounds_normalized_tendon_force of type Vec2.
[warning] Ignoring output /forceset/addmagProx_r|implicitenabled_normalized_tendon_force of type bool.
[warning] Ignoring output /forceset/addmagProx_r|statebounds_normalized_tendon_force of type Vec2.
[warning] Ignoring output /forceset/bflh_r|implicitenabled_normalized_tendon_force of type bool.
[warning] Ignoring output /forceset/bflh_r|statebounds_normalized_tendon_force of type Vec2.
[warning] Ignoring output /forceset/bfsh_r|implicitenabled_normalized_tendon_force of type bool.
[warning] Ignoring output /forceset/bfsh_r|statebounds_normalized_tendon_force of type Vec2.
[warning] Ignoring output /forceset/edl_r|implicitenabled_normalized_tendon_force of type bool.
[warning] Ignoring output /forceset/edl_r|statebounds_normalized_tendon_force of type Vec2.
[warning] Ignoring output /forceset/ehl_r|implicitenabled_normalized_tendon_force of type bool.
[warning] Ignoring output /forceset/ehl_r|statebounds_normalized_tendon_force of type Vec2.
[warning] Ignoring output /forceset/fdl_r|implicitenabled_normalized_tendon_force of type bool.
[warning] Ignoring output /forceset/fdl_r|statebounds_normalized_tendon_force of type Vec2.
[warning] Ignoring output /forceset/fhl_r|implicitenabled_normalized_tendon_force of type bool.
[warning] Ignoring output /forceset/fhl_r|statebounds_normalized_tendon_force of type Vec2.
[warning] Ignoring output /forceset/gaslat_r|implicitenabled_normalized_tendon_force of type bool.
[warning] Ignoring output /forceset/gaslat_r|statebounds_normalized_tendon_force of type Vec2.
[warning] Ignoring output /forceset/gasmed_r|implicitenabled_normalized_tendon_force of type bool.
[warning] Ignoring output /forceset/gasmed_r|statebounds_normalized_tendon_force of type Vec2.
[warning] Ignoring output /forceset/glmax1_r|implicitenabled_normalized_tendon_force of type bool.
[warning] Ignoring output /forceset/glmax1_r|statebounds_normalized_tendon_force of type Vec2.
[warning] Ignoring output /forceset/glmax2_r|implicitenabled_normalized_tendon_force of type bool.
[warning] Ignoring output /forceset/glmax2_r|statebounds_normalized_tendon_force of type Vec2.
[warning] Ignoring output /forceset/glmax3_r|implicitenabled_normalized_tendon_force of type bool.
[warning] Ignoring output /forceset/glmax3_r|statebounds_normalized_tendon_force of type Vec2.
[warning] Ignoring output /forceset/glmed1_r|implicitenabled_normalized_tendon_force of type bool.
[warning] Ignoring output /forceset/glmed1_r|statebounds_normalized_tendon_force of type Vec2.
[warning] Ignoring output /forceset/glmed2_r|implicitenabled_normalized_tendon_force of type bool.
[warning] Ignoring output /forceset/glmed2_r|statebounds_normalized_tendon_force of type Vec2.
[warning] Ignoring output /forceset/glmed3_r|implicitenabled_normalized_tendon_force of type bool.
[warning] Ignoring output /forceset/glmed3_r|statebounds_normalized_tendon_force of type Vec2.
[warning] Ignoring output /forceset/glmin1_r|implicitenabled_normalized_tendon_force of type bool.
[warning] Ignoring output /forceset/glmin1_r|statebounds_normalized_tendon_force of type Vec2.
[warning] Ignoring output /forceset/glmin2_r|implicitenabled_normalized_tendon_force of type bool.
[warning] Ignoring output /forceset/glmin2_r|statebounds_normalized_tendon_force of type Vec2.
[warning] Ignoring output /forceset/glmin3_r|implicitenabled_normalized_tendon_force of type bool.
[warning] Ignoring output /forceset/glmin3_r|statebounds_normalized_tendon_force of type Vec2.
[warning] Ignoring output /forceset/grac_r|implicitenabled_normalized_tendon_force of type bool.
[warning] Ignoring output /forceset/grac_r|statebounds_normalized_tendon_force of type Vec2.
[warning] Ignoring output /forceset/iliacus_r|implicitenabled_normalized_tendon_force of type bool.
[warning] Ignoring output /forceset/iliacus_r|statebounds_normalized_tendon_force of type Vec2.
[warning] Ignoring output /forceset/perbrev_r|implicitenabled_normalized_tendon_force of type bool.
[warning] Ignoring output /forceset/perbrev_r|statebounds_normalized_tendon_force of type Vec2.
[warning] Ignoring output /forceset/perlong_r|implicitenabled_normalized_tendon_force of type bool.
[warning] Ignoring output /forceset/perlong_r|statebounds_normalized_tendon_force of type Vec2.
[warning] Ignoring output /forceset/piri_r|implicitenabled_normalized_tendon_force of type bool.
[warning] Ignoring output /forceset/piri_r|statebounds_normalized_tendon_force of type Vec2.
[warning] Ignoring output /forceset/psoas_r|implicitenabled_normalized_tendon_force of type bool.
[warning] Ignoring output /forceset/psoas_r|statebounds_normalized_tendon_force of type Vec2.
[warning] Ignoring output /forceset/recfem_r|implicitenabled_normalized_tendon_force of type bool.
[warning] Ignoring output /forceset/recfem_r|statebounds_normalized_tendon_force of type Vec2.
[warning] Ignoring output /forceset/sart_r|implicitenabled_normalized_tendon_force of type bool.
[warning] Ignoring output /forceset/sart_r|statebounds_normalized_tendon_force of type Vec2.
[warning] Ignoring output /forceset/semimem_r|implicitenabled_normalized_tendon_force of type bool.
[warning] Ignoring output /forceset/semimem_r|statebounds_normalized_tendon_force of type Vec2.
[warning] Ignoring output /forceset/semiten_r|implicitenabled_normalized_tendon_force of type bool.
[warning] Ignoring output /forceset/semiten_r|statebounds_normalized_tendon_force of type Vec2.
[warning] Ignoring output /forceset/soleus_r|implicitenabled_normalized_tendon_force of type bool.
[warning] Ignoring output /forceset/soleus_r|statebounds_normalized_tendon_force of type Vec2.
[warning] Ignoring output /forceset/tfl_r|implicitenabled_normalized_tendon_force of type bool.
[warning] Ignoring output /forceset/tfl_r|statebounds_normalized_tendon_force of type Vec2.
[warning] Ignoring output /forceset/tibant_r|implicitenabled_normalized_tendon_force of type bool.
[warning] Ignoring output /forceset/tibant_r|statebounds_normalized_tendon_force of type Vec2.
[warning] Ignoring output /forceset/tibpost_r|implicitenabled_normalized_tendon_force of type bool.
[warning] Ignoring output /forceset/tibpost_r|statebounds_normalized_tendon_force of type Vec2.
[warning] Ignoring output /forceset/vasint_r|implicitenabled_normalized_tendon_force of type bool.
[warning] Ignoring output /forceset/vasint_r|statebounds_normalized_tendon_force of type Vec2.
[warning] Ignoring output /forceset/vaslat_r|implicitenabled_normalized_tendon_force of type bool.
[warning] Ignoring output /forceset/vaslat_r|statebounds_normalized_tendon_force of type Vec2.
[warning] Ignoring output /forceset/vasmed_r|implicitenabled_normalized_tendon_force of type bool.
[warning] Ignoring output /forceset/vasmed_r|statebounds_normalized_tendon_force of type Vec2.
[info] Storage: read data file = squats_2_grf.mot (nr=1676 nc=19)
[info] ExternalForce::RightGRF Data source being set to squats_2_grf
[info] ExternalForce::LeftGRF Data source being set to squats_2_grf
[info] Storage: read data file = squats_2_grf.mot (nr=1676 nc=19)
[info] ExternalForce::RightGRF Data source being set to squats_2_grf
[info] ExternalForce::LeftGRF Data source being set to squats_2_grf
[info] Storage: read data file = squats_2_grf.mot (nr=1676 nc=19)
[info] ExternalForce::RightGRF Data source being set to squats_2_grf
[info] ExternalForce::LeftGRF Data source being set to squats_2_grf
[info] Storage: read data file = squats_2_grf.mot (nr=1676 nc=19)
[info] ExternalForce::RightGRF Data source being set to squats_2_grf
[info] ExternalForce::LeftGRF Data source being set to squats_2_grf
[info] Storage: read data file = squats_2_grf.mot (nr=1676 nc=19)
[info] ExternalForce::RightGRF Data source being set to squats_2_grf
[info] ExternalForce::LeftGRF Data source being set to squats_2_grf
[info] Loaded model AB05_complex from file ../../../../../data/Scherpereel2023/AB05/scaling/AB05_complex.osim
[info] AbstractTool AB05_squat loading model AB05_squat_static_optimisation_complex.osim
[info] Loaded model AB05_complex from file AB05_squat_static_optimisation_complex.osim
[info] Storage: read data file = squats_2_grf.mot (nr=1676 nc=19)
[info] ExternalForce::RightGRF Data source being set to squats_2_grf
[info] ExternalForce::LeftGRF Data source being set to squats_2_grf
[info] Loading states from file 'AB05_squat_states.sto'.
[info] Found 51 state vectors with time stamps ranging from 0.91 to 2.585.
[info] Executing the analyses from 0.91 to 2.585...
[info] Storage: read data file = squats_2_grf.mot (nr=1676 nc=19)
[info] ExternalForce::RightGRF Data source being set to squats_2_grf
[info] ExternalForce::LeftGRF Data source being set to squats_2_grf
[info] Storage: read data file = squats_2_grf.mot (nr=1676 nc=19)
[info] ExternalForce::RightGRF Data source being set to squats_2_grf
[info] ExternalForce::LeftGRF Data source being set to squats_2_grf
time = 0.91 Performance = 39.4099 Constraint violation = 1.47288e-11
[info] Bounds for 'addbrev_r': 0.01 to inf.
[info] Bounds for 'addlong_r': 0.01 to inf.
[info] Bounds for 'addmagDist_r': 0.01 to inf.
[info] Bounds for 'addmagIsch_r': 0.01 to inf.
[info] Bounds for 'addmagMid_r': 0.01 to inf.
[info] Bounds for 'addmagProx_r': 0.01 to inf.
[info] Bounds for 'bflh_r': 0.01 to inf.
[info] Bounds for 'bfsh_r': 0.01 to inf.
[info] Bounds for 'edl_r': 0.01 to inf.
[info] Bounds for 'ehl_r': 0.01 to inf.
[info] Bounds for 'fdl_r': 0.01 to inf.
[info] Bounds for 'fhl_r': 0.01 to inf.
[info] Bounds for 'gaslat_r': 0.01 to inf.
[info] Bounds for 'gasmed_r': 0.01 to inf.
[info] Bounds for 'glmax1_r': 0.01 to inf.
[info] Bounds for 'glmax2_r': 0.01 to inf.
[info] Bounds for 'glmax3_r': 0.01 to inf.
[info] Bounds for 'glmed1_r': 0.01 to inf.
[info] Bounds for 'glmed2_r': 0.01 to inf.
[info] Bounds for 'glmed3_r': 0.01 to inf.
[info] Bounds for 'glmin1_r': 0.01 to inf.
[info] Bounds for 'glmin2_r': 0.01 to inf.
[info] Bounds for 'glmin3_r': 0.01 to inf.
[info] Bounds for 'grac_r': 0.01 to inf.
[info] Bounds for 'iliacus_r': 0.01 to inf.
[info] Bounds for 'perbrev_r': 0.01 to inf.
[info] Bounds for 'perlong_r': 0.01 to inf.
[info] Bounds for 'piri_r': 0.01 to inf.
[info] Bounds for 'psoas_r': 0.01 to inf.
[info] Bounds for 'recfem_r': 0.01 to inf.
[info] Bounds for 'sart_r': 0.01 to inf.
[info] Bounds for 'semimem_r': 0.01 to inf.
[info] Bounds for 'semiten_r': 0.01 to inf.
[info] Bounds for 'soleus_r': 0.01 to inf.
[info] Bounds for 'tfl_r': 0.01 to inf.
[info] Bounds for 'tibant_r': 0.01 to inf.
[info] Bounds for 'tibpost_r': 0.01 to inf.
[info] Bounds for 'vasint_r': 0.01 to inf.
[info] Bounds for 'vaslat_r': 0.01 to inf.
[info] Bounds for 'vasmed_r': 0.01 to inf.
[info] Bounds for 'pelvis_tx_residual': -inf to inf.
[info] Bounds for 'pelvis_ty_residual': -inf to inf.
[info] Bounds for 'pelvis_tz_residual': -inf to inf.
[info] Bounds for 'pelvis_tilt_residual': -inf to inf.
[info] Bounds for 'pelvis_list_residual': -inf to inf.
[info] Bounds for 'pelvis_rotation_residual': -inf to inf.
[info] Bounds for 'hip_flexion_r_reserve': -inf to inf.
[info] Bounds for 'hip_adduction_r_reserve': -inf to inf.
[info] Bounds for 'hip_rotation_r_reserve': -inf to inf.
[info] Bounds for 'knee_angle_r_reserve': -inf to inf.
[info] Bounds for 'ankle_angle_r_reserve': -inf to inf.
[info] Bounds for 'hip_flexion_l_torque': -inf to inf.
[info] Bounds for 'hip_adduction_l_torque': -inf to inf.
[info] Bounds for 'hip_rotation_l_torque': -inf to inf.
[info] Bounds for 'knee_angle_l_torque': -inf to inf.
[info] Bounds for 'ankle_angle_l_torque': -inf to inf.
[info] Bounds for 'lumbar_extension_torque': -inf to inf.
[info] Bounds for 'lumbar_bending_torque': -inf to inf.
[info] Bounds for 'lumbar_rotation_torque': -inf to inf.
time = 0.9435 Performance = 1.96057 Constraint violation = 3.48289e-12
time = 0.977 Performance = 5.09972 Constraint violation = 6.73891e-12
time = 1.01050 Performance = 1.36459 Constraint violation = 4.98496e-13
time = 1.044 Performance = 8.32075 Constraint violation = 4.10832e-13
time = 1.0775 Performance = 5.35899 Constraint violation = 3.59877e-11
time = 1.111 Performance = 11.8249 Constraint violation = 5.22876e-11
time = 1.1445 Performance = 9.09485 Constraint violation = 3.2794e-13
time = 1.178 Performance = 2.86453 Constraint violation = 3.88065e-13
time = 1.2115 Performance = 7.62592 Constraint violation = 2.34226e-11
time = 1.245 Performance = 9.53291 Constraint violation = 9.62342e-11
time = 1.2785 Performance = 2.60241 Constraint violation = 5.68614e-13
time = 1.312 Performance = 3.78666 Constraint violation = 8.80078e-13
time = 1.3455 Performance = 4.43091 Constraint violation = 5.52476e-13
time = 1.379 Performance = 13.5431 Constraint violation = 2.86443e-12
time = 1.4125 Performance = 4.77618 Constraint violation = 4.05869e-13
time = 1.446 Performance = 14.6238 Constraint violation = 2.53864e-11
time = 1.4795 Performance = 6.90386 Constraint violation = 8.83325e-13
time = 1.513 Performance = 6.64766 Constraint violation = 9.75605e-13
time = 1.5465 Performance = 9.80510 Constraint violation = 3.83863e-13
time = 1.58 Performance = 12.127 Constraint violation = 4.35359e-12
time = 1.6135 Performance = 4.7114 Constraint violation = 4.3462e-13
time = 1.647 Performance = 3.78901 Constraint violation = 1.04985e-12
time = 1.68050 Performance = 3.31551 Constraint violation = 6.03516e-13
time = 1.714 Performance = 5.61322 Constraint violation = 7.10997e-13
time = 1.7475 Performance = 2.57307 Constraint violation = 4.33157e-13
time = 1.781 Performance = 3.0317 Constraint violation = 5.2481e-13
time = 1.8145 Performance = 3.58027 Constraint violation = 9.21261e-13
time = 1.848 Performance = 5.47097 Constraint violation = 4.14881e-13
time = 1.8815 Performance = 2.45158 Constraint violation = 4.27259e-13
time = 1.915 Performance = 2.62902 Constraint violation = 9.34965e-13
time = 1.9485 Performance = 2.47337 Constraint violation = 5.48359e-13
time = 1.982 Performance = 2.1594 Constraint violation = 1.02525e-12
time = 2.0155 Performance = 2.21806 Constraint violation = 5.18374e-13
time = 2.049 Performance = 3.23818 Constraint violation = 5.39796e-13
time = 2.0825 Performance = 1.51429 Constraint violation = 4.02297e-13
time = 2.116 Performance = 2.53875 Constraint violation = 5.07471e-13
time = 2.1495 Performance = 1.4332 Constraint violation = 5.91609e-13
time = 2.183 Performance = 1.15751 Constraint violation = 4.76794e-13
time = 2.2165 Performance = 2.08872 Constraint violation = 7.23838e-13
time = 2.25 Performance = 0.985026 Constraint violation = 1.22316e-12
time = 2.2835 Performance = 2.5896 Constraint violation = 3.7289e-11
time = 2.317 Performance = 2.60629 Constraint violation = 2.84214e-13
time = 2.35050 Performance = 1.32101 Constraint violation = 2.07005e-13
time = 2.384 Performance = 4.90315 Constraint violation = 5.08194e-13
time = 2.4175 Performance = 0.712828 Constraint violation = 4.71875e-13
time = 2.451 Performance = 14.3595 Constraint violation = 5.63419e-13
time = 2.4845 Performance = 8.61713 Constraint violation = 6.07455e-13
time = 2.518 Performance = 2.61671 Constraint violation = 6.11242e-12
time = 2.5515 Performance = 1.52451 Constraint violation = 2.62368e-13
time = 2.585 Performance = 4.06294 Constraint violation = 7.98268e-13
[info] Printing results of investigation AB05_squat to .
[info] Loaded model AB05_complex from file ../../../../../data/Scherpereel2023/AB05/scaling/AB05_complex.osim
[info] Loaded model AB05_complex from file AB05_squat_inverse_dynamics_complex.osim

               MODEL: AB05_complex
         coordinates: 21
              forces: 0
           actuators: 0
             muscles: 0
            analyses: 0
              probes: 0
              bodies: 14
              joints: 14
         constraints: 2
             markers: 35
         controllers: 0
  contact geometries: 0
misc modelcomponents: 0
[info] Running tool AB05_squat...
[info] Storage: read data file = squats_2_grf.mot (nr=1676 nc=19)
[info] ExternalForce::RightGRF Data source being set to squats_2_grf
[info] ExternalForce::LeftGRF Data source being set to squats_2_grf
[info] InverseDynamicsTool: 51 time frames in 151 millisecond(s).
